Cruise,Station,Target Asset,Start Latitude [degrees],Start Longitude [degrees],Start Time [UTC],Cast,Cast Flag,Bottom Depth at Start Position [m],CTD File,CTD File Flag,Niskin/Bottle Position,Niskin Flag,CTD Bottle Closure Time [UTC],CTD Pressure [db],CTD Pressure Flag,CTD Depth [m],CTD Latitude [deg],CTD Longitude [deg],CTD Temperature 1 [deg C],CTD Temperature 1 Flag,CTD Temperature 2 [deg C],CTD Temperature 2 Flag,CTD Conductivity 1 [S/m],CTD Conductivity 1 Flag,CTD Conductivity 2 [S/m],CTD Conductivity 2 Flag,CTD Salinity 1 [psu],CTD Salinity 2 [psu],CTD Oxygen [mL/L],CTD Oxygen Flag,CTD Oxygen Saturation [mL/L],CTD Fluorescence [mg/m^3],CTD Fluorescence Flag,CTD Beam Attenuation [1/m],CTD Beam Transmission [%],CTD Transmissometer Flag,CTD pH,CTD pH Flag,Discrete Oxygen [mL/L],Discrete Oxygen Flag,Discrete Oxygen Replicate Flag,Discrete Chlorophyll [ug/L],Discrete Phaeopigment [ug/L],Discrete Fo/Fa Ratio,Discrete Fluorescence Flag,Discrete Fluorescence Replicate Flag,Discrete Phosphate [uM],Discrete Silicate [uM],Discrete Nitrate [uM],Discrete Nitrite [uM],Discrete Ammonium [uM],Discrete Nutrients Flag,Discrete Nutrients Replicate Flag,Discrete Salinity [psu],Discrete Salinity Flag,Discrete Salinity Replicate Flag,Discrete Alkalinity [umol/kg],Discrete Alkalinity Flag,Discrete Alkalinity Replicate Flag,Discrete DIC [umol/kg],Discrete DIC Flag,Discrete DIC Replicate Flag,Discrete pCO2 [uatm],pCO2 Analysis Temp [deg C],Discrete pCO2 Flag,Discrete pCO2 Replicate Flag,Discrete pH [Total scale],pH Analysis Temp [deg C],Discrete pH Flag,Discrete pH Replicate Flag,Calculated Alkalinity [umol/kg],Calculated DIC [umol/kg],Calculated pCO2 [uatm],Calculated pH,Calculated CO2aq [umol/kg],Calculated Bicarb [umol/kg],Calculated CO3 [umol/kg],Calculated Omega-C,Calculated Omega-A
AT50-41,Oregon Offshore Shallow Profiler,CE04OSPS,44.35850,-124.95133,2025-08-04T22:16:52.000Z,CTD-001,*0000000000000100,600.0,AT50-41_CTD-001,*0000000000000100,1,*0000000000000100,2025-08-04T22:17:00.000Z,103.626,*0000000001000100,102.765,44.35842,-124.95131,8.4158,*0000000001000100,8.4118,*0000000001000100,3.560663,*0000000001000100,3.555275,*0000000001000100,33.8963,33.8431,2.8800,*0000000001000100,6.58564,-0.0337,*0000000001000100,55.2620,-0.1472,*0000000000000100,7.605,*0000000011000100,-9999999,-9999999,-9999999,-9999999,-9999999,-9999999,-9999999,-9999999,2.699732,48.278123,35.519473,0.275589,0.592648,-9999999,*0000000000000100,-9999999,-9999999,-9999999,-9999999,-9999999,-9999999,2334.25,-9999999,*0000000000000100,2049.47,18.2,-9999999,-9999999,-9999999,-9999999,-9999999,-9999999,2283.18,-9999999,-9999999,7.369,95.42,2209.64,29.2,0.65,0.422
AT50-41,Oregon Offshore Shallow Profiler,CE04OSPS,44.35850,-124.95133,2025-08-04T22:16:52.000Z,CTD-001,*0000000000000100,600.0,AT50-41_CTD-001,*0000000000000100,3,*0000000000000100,2025-08-04T22:17:19.000Z,103.734,*0000000001000100,102.872,44.35842,-124.95132,8.3877,*0000000001000100,8.3816,*0000000001000100,3.558591,*0000000011000100,3.553105,*0000000011000100,33.9013,33.8491,2.8728,*0000000011000100,6.58956,-0.0357,*0000000001000100,55.2620,-0.1461,*0000000000000100,7.605,*0000000011000100,1.377743,*0000000000000100,*0000000000001000,-9999999,-9999999,-9999999,-9999999,-9999999,2.700727,48.069715,35.441290,0.310623,1.273471,-9999999,*0000000000000100,33.969525,-9999999,*0000000000000100,-9999999,-9999999,-9999999,2353.68,-9999999,*0000000000000100,2641.67,18.5,-9999999,-9999999,-9999999,-9999999,-9999999,-9999999,2264.97,-9999999,-9999999,7.259,123.11,2207.97,22.6,0.505,0.328
AT50-41,Oregon Offshore Shallow Profiler,CE04OSPS,44.35850,-124.95133,2025-08-04T22:16:52.000Z,CTD-001,*0000000000000100,600.0,AT50-41_CTD-001,*0000000000000100,3,*0000000000000100,2025-08-04T22:17:19.000Z,103.734,*0000000001000100,102.872,44.35842,-124.95132,8.3877,*0000000001000100,8.3816,*0000000001000100,3.558591,*0000000001000100,3.553105,*0000000001000100,33.9013,33.8491,2.8728,*0000000011000100,6.58956,-0.0357,*0000000001000100,55.2620,-0.1461,*0000000000000100,7.605,*0000000001000100,1.380489,*0000000000000100,*0000000000001000,-9999999,-9999999,-9999999,-9999999,-9999999,-9999999,-9999999,-9999999,-9999999,-9999999,-9999999,-9999999,-9999999,-9999999,-9999999,-9999999,-9999999,-9999999,-9999999,-9999999,-9999999,-9999999,-9999999,-9999999,-9999999,-9999999,-9999999,-9999999,-9999999,-9999999,-9999999,-9999999,-9999999,-9999999,-9999999,-9999999,-9999999,-9999999
AT50-41,Oregon Offshore Shallow Profiler,CE04OSPS,44.35850,-124.95133,2025-08-04T22:16:52.000Z,CTD-001,*0000000000000100,600.0,AT50-41_CTD-001,*0000000000000100,5,*0000000000000100,2025-08-04T22:17:36.000Z,103.785,*0000000001000100,102.923,44.35842,-124.95133,8.3565,*0000000001000100,8.3617,*0000000001000100,3.556337,*0000000001000100,3.551508,*0000000001000100,33.9075,33.8513,2.8351,*0000000001000100,6.59390,-0.0379,*0000000001000100,55.2620,-0.1469,*0000000000000100,7.605,*0000000011000100,-9999999,-9999999,-9999999,-9999999,-9999999,-9999999,-9999999,-9999999,2.736641,47.737480,35.235902,0.339589,1.530862,-9999999,-9999999,-9999999,-9999999,-9999999,-9999999,-9999999,-9999999,2282.95,-9999999,*0000000000000100,1292.31,20.5,-9999999,-9999999,-9999999,-9999999,-9999999,-9999999,2290.78,-9999999,-9999999,7.565,60.28,2177.73,44.93,1.008,0.654
AT50-41,Oregon Offshore Shallow Profiler,CE04OSPS,44.35850,-124.95133,2025-08-04T22:16:52.000Z,CTD-001,*0000000000000100,600.0,AT50-41_CTD-001,*0000000000000100,6,*0000000000000100,2025-08-04T22:17:43.000Z,103.827,*0000000001000100,102.965,44.35842,-124.95134,8.3402,*0000000001000100,8.3441,*0000000001000100,3.555101,*0000000001000100,3.550597,*0000000001000100,33.9101,33.8585,2.8318,*0000000001000100,6.59621,-0.0423,*0000000011000100,55.2620,-0.1478,*0000000000000100,7.605,*0000000001000100,-9999999,-9999999,-9999999,0.031400,0.239815,1.109504,*0000000000000100,*0000000000000100,-9999999,-9999999,-9999999,-9999999,-9999999,-9999999,-9999999,-9999999,-9999999,-9999999,-9999999,-9999999,-9999999,-9999999,-9999999,-9999999,-9999999,-9999999,-9999999,-9999999,-9999999,-9999999,-9999999,-9999999,-9999999,-9999999,-9999999,-9999999,-9999999,-9999999,-9999999,-9999999,-9999999
AT50-41,Oregon Offshore Shallow Profiler,CE04OSPS,44.35850,-124.95133,2025-08-04T22:16:52.000Z,CTD-001,*0000000000000100,600.0,AT50-41_CTD-001,*0000000000000100,7,*0000000000000100,2025-08-04T22:17:51.000Z,103.541,*0000000001000100,102.681,44.35842,-124.95134,8.3816,*0000000001000100,8.3853,*0000000001000100,3.558025,*0000000001000100,3.553208,*0000000001000100,33.9013,33.8468,2.8408,*0000000011000100,6.59047,-0.0448,*0000000001000100,55.2620,-0.1464,*0000000000000100,7.605,*0000000011000100,1.409940,*0000000000000100,*0000000000001000,-9999999,-9999999,-9999999,-9999999,-9999999,2.756962,46.629155,35.295906,0.362486,2.200748,-9999999,*0000000000000100,-9999999,-9999999,-9999999,-9999999,-9999999,-9999999,2353.33,-9999999,*0000000000000100,2567.34,20.4,-9999999,-9999999,-9999999,-9999999,-9999999,-9999999,2269.1,-9999999,-9999999,7.274,119.69,2210.31,23.33,0.526,0.341
AT50-41,Oregon Offshore Shallow Profiler,CE04OSPS,44.35850,-124.95133,2025-08-04T22:16:52.000Z,CTD-001,*0000000000000100,600.0,AT50-41_CTD-001,*0000000000000100,7,*0000000000000100,2025-08-04T22:17:51.000Z,103.541,*0000000001000100,102.681,44.35842,-124.95134,8.3816,*0000000001000100,8.3853,*0000000001000100,3.558025,*0000000001000100,3.553208,*0000000001000100,33.9013,33.8468,2.8408,*0000000011000100,6.59047,-0.0448,*0000000001000100,55.2620,-0.1464,*0000000000000100,7.605,*0000000001000100,1.410717,*0000000000000100,*0000000000001000,-9999999,-9999999,-9999999,-9999999,-9999999,-9999999,-9999999,-9999999,-9999999,-9999999,-9999999,-9999999,-9999999,-9999999,-9999999,-9999999,-9999999,-9999999,-9999999,-9999999,-9999999,-9999999,-9999999,-9999999,-9999999,-9999999,-9999999,-9999999,-9999999,-9999999,-9999999,-9999999,-9999999,-9999999,-9999999,-9999999,-9999999,-9999999
AT50-41,Oregon Offshore Shallow Profiler,CE04OSPS,44.35850,-124.95133,2025-08-04T22:16:52.000Z,CTD-001,*0000000000000100,600.0,AT50-41_CTD-001,*0000000000000100,8,*0000000000000100,2025-08-04T22:17:59.000Z,103.965,*0000000001000100,103.101,44.35842,-124.95134,8.3028,*0000000001000100,8.2934,*0000000001000100,3.552414,*0000000001000100,3.546696,*0000000001000100,33.9175,33.8659,2.7672,*0000000001000100,6.60141,-0.0411,*0000000011000100,55.2620,-0.1442,*0000000000000100,7.605,*0000000001000100,-9999999,-9999999,-9999999,0.014811,0.149935,1.085034,*0000000000000100,*0000000000000100,-9999999,-9999999,-9999999,-9999999,-9999999,-9999999,-9999999,-9999999,-9999999,-9999999,-9999999,-9999999,-9999999,-9999999,-9999999,-9999999,-9999999,-9999999,-9999999,-9999999,-9999999,-9999999,-9999999,-9999999,-9999999,-9999999,-9999999,-9999999,-9999999,-9999999,-9999999,-9999999,-9999999
AT50-41,Oregon Offshore Shallow Profiler,CE04OSPS,44.35850,-124.95133,2025-08-04T22:16:52.000Z,CTD-001,*0000000000000100,600.0,AT50-41_CTD-001,*0000000000000100,9,*0000000000000100,2025-08-04T22:18:08.000Z,103.564,*0000000001000100,102.704,44.35843,-124.95136,8.3189,*0000000001000100,8.3129,*0000000001000100,3.553403,*0000000001000100,3.547930,*0000000001000100,33.9127,33.8603,2.7817,*0000000001000100,6.59923,-0.0411,*0000000001000100,55.2620,-0.1483,*0000000000000100,7.603,*0000000011000100,-9999999,-9999999,-9999999,-9999999,-9999999,-9999999,-9999999,-9999999,2.732666,45.109678,34.845455,0.369017,2.067753,-9999999,*0000000000000100,-9999999,-9999999,-9999999,-9999999,-9999999,-9999999,2292.28,-9999999,*0000000000000100,1304.19,20.4,-9999999,-9999999,-9999999,-9999999,-9999999,-9999999,2299.24,-9999999,-9999999,7.564,60.92,2186.5,44.86,1.014,0.658
AT50-41,Oregon Offshore Shallow Profiler,CE04OSPS,44.35850,-124.95133,2025-08-04T22:16:52.000Z,CTD-001,*0000000000000100,600.0,AT50-41_CTD-001,*0000000000000100,11,*0000000000000100,2025-08-04T22:18:26.000Z,103.542,*0000000001000100,102.682,44.35844,-124.95137,8.2941,*0000000001000100,8.2864,*0000000001000100,3.551637,*0000000011000100,3.546031,*0000000011000100,33.9179,33.8657,2.7320,*0000000011000100,6.60269,-0.0441,*0000000011000100,55.2620,-0.1486,*0000000000000100,7.601,*0000000011000100,2.192151,*0000000000000100,*0000000000001000,0.015404,0.095548,1.131313,*0000000000000100,*0000000000000100,2.435870,39.413306,34.009022,0.246314,0.132105,-9999999,*0000000000000100,33.927024,-9999999,*0000000000000100,-9999999,-9999999,-9999999,2292.8,-9999999,*0000000000000100,1628.17,20.5,-9999999,-9999999,-9999999,-9999999,-9999999,-9999999,2270.97,-9999999,-9999999,7.467,76.13,2180.94,35.73,0.811,0.526
AT50-41,Oregon Offshore Shallow Profiler,CE04OSPS,44.35850,-124.95133,2025-08-04T22:16:52.000Z,CTD-001,*0000000000000100,600.0,AT50-41_CTD-001,*0000000000000100,11,*0000000000000100,2025-08-04T22:18:26.000Z,103.542,*0000000001000100,102.682,44.35844,-124.95137,8.2941,*0000000001000100,8.2864,*0000000001000100,3.551637,*0000000001000100,3.546031,*0000000001000100,33.9179,33.8657,2.7320,*0000000011000100,6.60269,-0.0441,*0000000001000100,55.2620,-0.1486,*0000000000000100,7.601,*0000000001000100,2.187779,*0000000000000100,*0000000000001000,-9999999,-9999999,-9999999,-9999999,-9999999,-9999999,-9999999,-9999999,-9999999,-9999999,-9999999,-9999999,-9999999,-9999999,-9999999,-9999999,-9999999,-9999999,-9999999,-9999999,-9999999,-9999999,-9999999,-9999999,-9999999,-9999999,-9999999,-9999999,-9999999,-9999999,-9999999,-9999999,-9999999,-9999999,-9999999,-9999999,-9999999,-9999999
AT50-41,Oregon Offshore Shallow Profiler,CE04OSPS,44.35850,-124.95133,2025-08-04T22:16:52.000Z,CTD-001,*0000000000000100,600.0,AT50-41_CTD-001,*0000000000000100,13,*0000000000000100,2025-08-04T22:18:44.000Z,103.741,*0000000001000100,102.879,44.35844,-124.95138,8.2530,*0000000001000100,8.2486,*0000000001000100,3.548757,*0000000001000100,3.543365,*0000000001000100,33.9269,33.8737,2.6791,*0000000001000100,6.60839,-0.0464,*0000000001000100,55.2620,-0.1491,*0000000000000100,7.596,*0000000011000100,-9999999,-9999999,-9999999,-9999999,-9999999,-9999999,-9999999,-9999999,2.252853,34.575357,31.711968,0.022319,0.030893,-9999999,-9999999,-9999999,-9999999,-9999999,-9999999,-9999999,-9999999,2227.68,-9999999,*0000000000000100,976.53,21.0,-9999999,-9999999,-9999999,-9999999,-9999999,-9999999,2267.85,-9999999,-9999999,7.679,45.72,2125.43,56.53,1.288,0.835
AT50-41,Oregon Offshore Shallow Profiler,CE04OSPS,44.35850,-124.95133,2025-08-04T22:16:52.000Z,CTD-001,*0000000000000100,600.0,AT50-41_CTD-001,*0000000000000100,14,*0000000000000100,2025-08-04T22:19:07.000Z,103.908,*0000000001000100,103.045,44.35844,-124.95140,8.2360,*0000000001000100,8.2352,*0000000001000100,3.547617,*0000000001000100,3.542483,*0000000001000100,33.9311,33.8772,2.5786,*0000000011000100,6.61073,-0.0448,*0000000001000100,55.2620,-0.1491,*0000000000000100,7.590,*0000000001000100,2.800760,*0000000000000100,*0000000000001000,-9999999,-9999999,-9999999,-9999999,-9999999,-9999999,-9999999,-9999999,-9999999,-9999999,-9999999,-9999999,-9999999,-9999999,-9999999,-9999999,-9999999,-9999999,-9999999,-9999999,-9999999,-9999999,-9999999,-9999999,-9999999,-9999999,-9999999,-9999999,-9999999,-9999999,-9999999,-9999999,-9999999,-9999999,-9999999,-9999999,-9999999,-9999999
AT50-41,Oregon Offshore Shallow Profiler,CE04OSPS,44.35850,-124.95133,2025-08-04T22:16:52.000Z,CTD-001,*0000000000000100,600.0,AT50-41_CTD-001,*0000000000000100,14,*0000000000000100,2025-08-04T22:19:07.000Z,103.908,*0000000001000100,103.045,44.35844,-124.95140,8.2360,*0000000001000100,8.2352,*0000000001000100,3.547617,*0000000001000100,3.542483,*0000000001000100,33.9311,33.8772,2.5786,*0000000011000100,6.61073,-0.0448,*0000000001000100,55.2620,-0.1491,*0000000000000100,7.590,*0000000001000100,2.805492,*0000000000000100,-9999999,-9999999,-9999999,-9999999,-9999999,-9999999,-9999999,-9999999,-9999999,-9999999,-9999999,-9999999,-9999999,-9999999,-9999999,-9999999,-9999999,-9999999,-9999999,-9999999,-9999999,-9999999,-9999999,-9999999,-9999999,-9999999,-9999999,-9999999,-9999999,-9999999,-9999999,-9999999,-9999999,-9999999,-9999999,-9999999,-9999999,-9999999,-9999999
AT50-41,Oregon Offshore Shallow Profiler,CE04OSPS,44.35850,-124.95133,2025-08-04T22:16:52.000Z,CTD-001,*0000000000000100,600.0,AT50-41_CTD-001,*0000000000000100,15,*0000000000000100,2025-08-04T22:21:44.000Z,83.734,*0000000001000100,83.042,44.35846,-124.95154,8.7433,*0000000001000100,8.7415,*0000000001000100,3.582412,*0000000011000100,3.577125,*0000000011000100,33.8211,33.7672,3.3921,*0000000001000100,6.54092,-0.0283,*0000000001000100,55.2620,-0.1491,*0000000000000100,7.642,*0000000011000100,-9999999,-9999999,-9999999,-9999999,-9999999,-9999999,-9999999,-9999999,2.134760,29.092301,29.583785,0.028150,0.060762,-9999999,*0000000000000100,33.766070,-9999999,*0000000000000100,-9999999,-9999999,-9999999,2215.67,-9999999,*0000000000000100,912.65,20.6,-9999999,-9999999,-9999999,-9999999,-9999999,-9999999,2266.15,-9999999,-9999999,7.708,42.05,2112.6,61.02,1.397,0.906
AT50-41,Oregon Offshore Shallow Profiler,CE04OSPS,44.35850,-124.95133,2025-08-04T22:16:52.000Z,CTD-001,*0000000000000100,600.0,AT50-41_CTD-001,*0000000000000100,16,*0000000000000100,2025-08-04T22:22:09.000Z,83.673,*0000000001000100,82.982,44.35846,-124.95156,8.7517,*0000000001000100,8.7502,*0000000001000100,3.583189,*0000000001000100,3.577931,*0000000001000100,33.8212,33.7674,3.4101,*0000000011000100,6.53969,-0.0326,*0000000011000100,55.2620,-0.1469,*0000000000000100,7.642,*0000000001000100,3.422880,*0000000000000100,*0000000000001000,0.039102,0.077453,1.317308,*0000000000000100,*0000000000000100,-9999999,-9999999,-9999999,-9999999,-9999999,-9999999,-9999999,-9999999,-9999999,-9999999,-9999999,-9999999,-9999999,-9999999,-9999999,-9999999,-9999999,-9999999,-9999999,-9999999,-9999999,-9999999,-9999999,-9999999,-9999999,-9999999,-9999999,-9999999,-9999999,-9999999,-9999999,-9999999,-9999999
AT50-41,Oregon Offshore Shallow Profiler,CE04OSPS,44.35850,-124.95133,2025-08-04T22:16:52.000Z,CTD-001,*0000000000000100,600.0,AT50-41_CTD-001,*0000000000000100,16,*0000000000000100,2025-08-04T22:22:09.000Z,83.673,*0000000001000100,82.982,44.35846,-124.95156,8.7517,*0000000001000100,8.7502,*0000000001000100,3.583189,*0000000001000100,3.577931,*0000000001000100,33.8212,33.7674,3.4101,*0000000011000100,6.53969,-0.0326,*0000000001000100,55.2620,-0.1469,*0000000000000100,7.642,*0000000001000100,3.432858,*0000000000000100,-9999999,-9999999,-9999999,-9999999,-9999999,-9999999,-9999999,-9999999,-9999999,-9999999,-9999999,-9999999,-9999999,-9999999,-9999999,-9999999,-9999999,-9999999,-9999999,-9999999,-9999999,-9999999,-9999999,-9999999,-9999999,-9999999,-9999999,-9999999,-9999999,-9999999,-9999999,-9999999,-9999999,-9999999,-9999999,-9999999,-9999999,-9999999,-9999999
AT50-41,Oregon Offshore Shallow Profiler,CE04OSPS,44.35850,-124.95133,2025-08-04T22:16:52.000Z,CTD-001,*0000000000000100,600.0,AT50-41_CTD-001,*0000000000000100,17,*0000000000000100,2025-08-04T22:24:48.000Z,63.934,*0000000001000100,63.409,44.35848,-124.95164,9.2319,*0000000001000100,9.2333,*0000000001000100,3.621631,*0000000001000100,3.616793,*0000000001000100,33.7751,33.7236,4.0808,*0000000001000100,6.47247,-0.0420,*0000000001000100,55.2620,-0.1494,*0000000000000100,7.702,*0000000011000100,-9999999,-9999999,-9999999,-9999999,-9999999,-9999999,-9999999,-9999999,1.969248,25.077798,26.558051,0.010633,0.005757,-9999999,*0000000000000100,-9999999,-9999999,-9999999,-9999999,-9999999,-9999999,2189.21,-9999999,*0000000000000100,785.24,20.6,-9999999,-9999999,-9999999,-9999999,-9999999,-9999999,2260.41,-9999999,-9999999,7.77,35.6,2083.11,70.5,1.621,1.052
AT50-41,Oregon Offshore Shallow Profiler,CE04OSPS,44.35850,-124.95133,2025-08-04T22:16:52.000Z,CTD-001,*0000000000000100,600.0,AT50-41_CTD-001,*0000000000000100,18,*0000000000000100,2025-08-04T22:25:14.000Z,63.727,*0000000001000100,63.204,44.35848,-124.95164,9.2234,*0000000001000100,9.2218,*0000000001000100,3.618592,*0000000001000100,3.614103,*0000000001000100,33.7516,33.7066,4.0495,*0000000011000100,6.47466,-0.0379,*0000000011000100,55.2620,-0.1489,*0000000000000100,7.702,*0000000001000100,4.068226,*0000000000000100,*0000000000001000,0.026068,0.057426,1.295302,*0000000000000100,*0000000000000100,-9999999,-9999999,-9999999,-9999999,-9999999,-9999999,-9999999,-9999999,-9999999,-9999999,-9999999,-9999999,-9999999,-9999999,-9999999,-9999999,-9999999,-9999999,-9999999,-9999999,-9999999,-9999999,-9999999,-9999999,-9999999,-9999999,-9999999,-9999999,-9999999,-9999999,-9999999,-9999999,-9999999
AT50-41,Oregon Offshore Shallow Profiler,CE04OSPS,44.35850,-124.95133,2025-08-04T22:16:52.000Z,CTD-001,*0000000000000100,600.0,AT50-41_CTD-001,*0000000000000100,18,*0000000000000100,2025-08-04T22:25:14.000Z,63.727,*0000000001000100,63.204,44.35848,-124.95164,9.2234,*0000000001000100,9.2218,*0000000001000100,3.618592,*0000000001000100,3.614103,*0000000001000100,33.7516,33.7066,4.0495,*0000000011000100,6.47466,-0.0379,*0000000001000100,55.2620,-0.1489,*0000000000000100,7.702,*0000000001000100,4.075197,*0000000000000100,*0000000000001000,-9999999,-9999999,-9999999,-9999999,-9999999,-9999999,-9999999,-9999999,-9999999,-9999999,-9999999,-9999999,-9999999,-9999999,-9999999,-9999999,-9999999,-9999999,-9999999,-9999999,-9999999,-9999999,-9999999,-9999999,-9999999,-9999999,-9999999,-9999999,-9999999,-9999999,-9999999,-9999999,-9999999,-9999999,-9999999,-9999999,-9999999,-9999999
AT50-41,Oregon Offshore Shallow Profiler,CE04OSPS,44.35850,-124.95133,2025-08-04T22:16:52.000Z,CTD-001,*0000000000000100,600.0,AT50-41_CTD-001,*0000000000000100,19,*0000000000000100,2025-08-04T22:27:43.000Z,43.819,*0000000001000100,43.462,44.35846,-124.95154,8.9360,*0000000001000100,8.9346,*0000000001000100,3.556515,*0000000011000100,3.551197,*0000000011000100,33.3858,33.3316,3.7524,*0000000001000100,6.53136,-0.0164,*0000000001000100,55.2620,-0.1494,*0000000000000100,7.702,*0000000011000100,-9999999,-9999999,-9999999,-9999999,-9999999,-9999999,-9999999,-9999999,1.919821,20.980843,22.508506,0.298541,1.800827,-9999999,*0000000000000100,33.370498,-9999999,*0000000000000100,-9999999,-9999999,-9999999,2277.33,-9999999,*0000000000000100,1908.45,20.6,-9999999,-9999999,-9999999,-9999999,-9999999,-9999999,2236.13,-9999999,-9999999,7.401,87.56,2159.24,30.53,0.707,0.459
AT50-41,Oregon Offshore Shallow Profiler,CE04OSPS,44.35850,-124.95133,2025-08-04T22:16:52.000Z,CTD-001,*0000000000000100,600.0,AT50-41_CTD-001,*0000000000000100,20,*0000000000000100,2025-08-04T22:28:07.000Z,43.577,*0000000001000100,43.221,44.35846,-124.95153,8.9318,*0000000001000100,8.9316,*0000000001000100,3.555744,*0000000001000100,3.550599,*0000000001000100,33.3818,33.3283,3.7475,*0000000001000100,6.53214,-0.0180,*0000000011000100,55.2620,-0.1486,*0000000000000100,7.702,*0000000001000100,-9999999,-9999999,-9999999,0.079389,0.048934,1.585153,*0000000000000100,*0000000000000100,-9999999,-9999999,-9999999,-9999999,-9999999,-9999999,-9999999,-9999999,-9999999,-9999999,-9999999,-9999999,-9999999,-9999999,-9999999,-9999999,-9999999,-9999999,-9999999,-9999999,-9999999,-9999999,-9999999,-9999999,-9999999,-9999999,-9999999,-9999999,-9999999,-9999999,-9999999,-9999999,-9999999
AT50-41,Oregon Offshore Shallow Profiler,CE04OSPS,44.35850,-124.95133,2025-08-04T22:16:52.000Z,CTD-001,*0000000000000100,600.0,AT50-41_CTD-001,*0000000000000100,21,*0000000000001000,2025-08-04T22:30:28.000Z,24.117,*0000000001000100,23.921,44.35846,-124.95148,9.3216,*0000000001000100,9.3115,*0000000001000100,3.524571,*0000000001000100,3.518806,*0000000001000100,32.7057,32.6555,5.2210,*0000000011000100,6.50439,1.0136,*0000000001000100,55.2620,-0.1502,*0000000000000100,7.870,*0000000011000100,5.280349,*0000000000000100,*0000000000001000,-9999999,-9999999,-9999999,-9999999,-9999999,1.236224,11.827596,13.042895,0.305495,0.212722,-9999999,*0000000000000100,-9999999,-9999999,-9999999,-9999999,-9999999,-9999999,2107.2,-9999999,*0000000000000100,578.84,20.6,-9999999,-9999999,-9999999,-9999999,-9999999,-9999999,2211.41,-9999999,-9999999,7.887,26.32,1994.62,86.26,2.017,1.309
AT50-41,Oregon Offshore Shallow Profiler,CE04OSPS,44.35850,-124.95133,2025-08-04T22:16:52.000Z,CTD-001,*0000000000000100,600.0,AT50-41_CTD-001,*0000000000000100,21,*0000000000001000,2025-08-04T22:30:28.000Z,24.117,*0000000001000100,23.921,44.35846,-124.95148,9.3216,*0000000001000100,9.3115,*0000000001000100,3.524571,*0000000001000100,3.518806,*0000000001000100,32.7057,32.6555,5.2210,*0000000011000100,6.50439,1.0136,*0000000001000100,55.2620,-0.1502,*0000000000000100,7.870,*0000000001000100,5.311198,*0000000000000100,*0000000000001000,-9999999,-9999999,-9999999,-9999999,-9999999,-9999999,-9999999,-9999999,-9999999,-9999999,-9999999,-9999999,-9999999,-9999999,-9999999,-9999999,-9999999,-9999999,-9999999,-9999999,-9999999,-9999999,-9999999,-9999999,-9999999,-9999999,-9999999,-9999999,-9999999,-9999999,-9999999,-9999999,-9999999,-9999999,-9999999,-9999999,-9999999,-9999999
AT50-41,Oregon Offshore Shallow Profiler,CE04OSPS,44.35850,-124.95133,2025-08-04T22:16:52.000Z,CTD-001,*0000000000000100,600.0,AT50-41_CTD-001,*0000000000000100,22,*0000000000000100,2025-08-04T22:31:22.000Z,24.111,*0000000001000100,23.916,44.35844,-124.95148,9.1950,*0000000001000100,9.2037,*0000000001000100,3.519261,*0000000001000100,3.514570,*0000000001000100,32.7670,32.7104,4.9336,*0000000001000100,6.52003,0.9423,*0000000011000100,55.2620,-0.1469,*0000000000000100,7.856,*0000000001000100,-9999999,-9999999,-9999999,1.019023,0.560076,1.610362,*0000000000000100,*0000000000000100,-9999999,-9999999,-9999999,-9999999,-9999999,-9999999,-9999999,-9999999,-9999999,-9999999,-9999999,-9999999,-9999999,-9999999,-9999999,-9999999,-9999999,-9999999,-9999999,-9999999,-9999999,-9999999,-9999999,-9999999,-9999999,-9999999,-9999999,-9999999,-9999999,-9999999,-9999999,-9999999,-9999999
AT50-41,Oregon Offshore Shallow Profiler,CE04OSPS,44.35850,-124.95133,2025-08-04T22:16:52.000Z,CTD-001,*0000000000000100,600.0,AT50-41_CTD-001,*0000000000000100,23,*0000000000000100,2025-08-04T22:33:32.000Z,13.635,*0000000001000100,13.525,44.35846,-124.95156,11.2852,*0000000001000100,11.3065,*0000000001000100,3.694199,*0000000011000100,3.691230,*0000000011000100,32.6504,32.6024,6.5832,*0000000011000100,6.23546,1.0254,*0000000001000100,55.2620,-0.1489,*0000000000000100,8.060,*0000000011000100,6.717854,*0000000000000100,*0000000000001000,-9999999,-9999999,-9999999,-9999999,-9999999,0.691002,4.565352,4.122848,0.198114,0.636770,-9999999,*0000000000000100,33.427639,-9999999,*0000000000000100,-9999999,-9999999,-9999999,2104.31,-9999999,*0000000000000100,659.54,20.6,-9999999,-9999999,-9999999,-9999999,-9999999,-9999999,2200.84,-9999999,-9999999,7.837,28.12,1993.56,82.63,1.938,1.262
AT50-41,Oregon Offshore Shallow Profiler,CE04OSPS,44.35850,-124.95133,2025-08-04T22:16:52.000Z,CTD-001,*0000000000000100,600.0,AT50-41_CTD-001,*0000000000000100,23,*0000000000000100,2025-08-04T22:33:32.000Z,13.635,*0000000001000100,13.525,44.35846,-124.95156,11.2852,*0000000001000100,11.3065,*0000000001000100,3.694199,*0000000001000100,3.691230,*0000000001000100,32.6504,32.6024,6.5832,*0000000011000100,6.23546,1.0254,*0000000001000100,55.2620,-0.1489,*0000000000000100,8.060,*0000000001000100,6.741238,*0000000000000100,*0000000000001000,-9999999,-9999999,-9999999,-9999999,-9999999,-9999999,-9999999,-9999999,-9999999,-9999999,-9999999,-9999999,-9999999,-9999999,-9999999,-9999999,-9999999,-9999999,-9999999,-9999999,-9999999,-9999999,-9999999,-9999999,-9999999,-9999999,-9999999,-9999999,-9999999,-9999999,-9999999,-9999999,-9999999,-9999999,-9999999,-9999999,-9999999,-9999999
AT50-41,Oregon Offshore Shallow Profiler,CE04OSPS,44.35850,-124.95133,2025-08-04T22:16:52.000Z,CTD-001,*0000000000000100,600.0,AT50-41_CTD-001,*0000000000000100,24,*0000000000000100,2025-08-04T22:33:53.000Z,13.653,*0000000001000100,13.542,44.35848,-124.95158,11.2275,*0000000001000100,11.2503,*0000000001000100,3.688156,*0000000001000100,3.685478,*0000000001000100,32.6420,32.5955,6.5186,*0000000001000100,6.24346,0.9958,*0000000011000100,55.2620,-0.1478,*0000000000000100,8.058,*0000000001000100,-9999999,-9999999,-9999999,0.884535,0.561198,1.578682,*0000000000000100,*0000000000000100,-9999999,-9999999,-9999999,-9999999,-9999999,-9999999,-9999999,-9999999,-9999999,-9999999,-9999999,-9999999,-9999999,-9999999,-9999999,-9999999,-9999999,-9999999,-9999999,-9999999,-9999999,-9999999,-9999999,-9999999,-9999999,-9999999,-9999999,-9999999,-9999999,-9999999,-9999999,-9999999,-9999999
AT50-41,Slope Base Shallow Profiler,RS01SBPS,44.52750,-125.38150,2025-08-05T14:52:49.000Z,CTD-002,*0000000000000100,2907.0,AT50-41_CTD-002,*0000000000000100,1,*0000000000000100,2025-08-05T15:02:16.000Z,222.334,*0000000001000100,220.420,44.52728,-125.37981,6.5453,*0000000001000100,6.5434,*0000000001000100,3.402993,*0000000001000100,3.397436,*0000000001000100,33.9587,33.8989,2.3980,*0000000011000100,6.86905,-0.0502,*0000000001000100,55.2620,-0.1486,*0000000000000100,7.511,*0000000011000100,2.446030,*0000000000000100,*0000000000001000,-9999999,-9999999,-9999999,-9999999,-9999999,2.338823,47.185141,33.416080,0.010412,0.000028,-9999999,*0000000000000100,-9999999,-9999999,-9999999,-9999999,-9999999,-9999999,2313.95,-9999999,*0000000000000100,2103.05,20.5,-9999999,-9999999,-9999999,-9999999,-9999999,-9999999,2248.72,-9999999,-9999999,7.346,104.4,2184.02,25.53,0.568,0.367
AT50-41,Slope Base Shallow Profiler,RS01SBPS,44.52750,-125.38150,2025-08-05T14:52:49.000Z,CTD-002,*0000000000000100,2907.0,AT50-41_CTD-002,*0000000000000100,1,*0000000000000100,2025-08-05T15:02:16.000Z,222.334,*0000000001000100,220.420,44.52728,-125.37981,6.5453,*0000000001000100,6.5434,*0000000001000100,3.402993,*0000000001000100,3.397436,*0000000001000100,33.9587,33.8989,2.3980,*0000000011000100,6.86905,-0.0502,*0000000001000100,55.2620,-0.1486,*0000000000000100,7.511,*0000000001000100,2.435456,*0000000000000100,*0000000000001000,-9999999,-9999999,-9999999,-9999999,-9999999,-9999999,-9999999,-9999999,-9999999,-9999999,-9999999,-9999999,-9999999,-9999999,-9999999,-9999999,-9999999,-9999999,-9999999,-9999999,-9999999,-9999999,-9999999,-9999999,-9999999,-9999999,-9999999,-9999999,-9999999,-9999999,-9999999,-9999999,-9999999,-9999999,-9999999,-9999999,-9999999,-9999999
AT50-41,Slope Base Shallow Profiler,RS01SBPS,44.52750,-125.38150,2025-08-05T14:52:49.000Z,CTD-002,*0000000000000100,2907.0,AT50-41_CTD-002,*0000000000000100,3,*0000000000000100,2025-08-05T15:05:46.000Z,202.527,*0000000001000100,200.793,44.52717,-125.37921,6.6814,*0000000001000100,6.6811,*0000000001000100,3.410382,*0000000011000100,3.404939,*0000000011000100,33.9154,33.8555,2.8628,*0000000001000100,6.84944,-0.0563,*0000000001000100,55.2620,-0.1472,*0000000000000100,7.557,*0000000011000100,-9999999,-9999999,-9999999,-9999999,-9999999,-9999999,-9999999,-9999999,2.215061,42.695493,31.801803,0.011589,0.046181,-9999999,*0000000000000100,33.860256,-9999999,*0000000000000100,-9999999,-9999999,-9999999,2326.1,-9999999,*0000000000000100,2239.78,20.7,-9999999,-9999999,-9999999,-9999999,-9999999,-9999999,2252.57,-9999999,-9999999,7.322,110.71,2191.13,24.27,0.542,0.351
AT50-41,Slope Base Shallow Profiler,RS01SBPS,44.52750,-125.38150,2025-08-05T14:52:49.000Z,CTD-002,*0000000000000100,2907.0,AT50-41_CTD-002,*0000000000000100,5,*0000000000000100,2025-08-05T15:08:56.000Z,182.746,*0000000001000100,181.190,44.52708,-125.37871,6.8591,*0000000001000100,6.8579,*0000000001000100,3.423887,*0000000001000100,3.418399,*0000000001000100,33.8984,33.8393,3.0628,*0000000001000100,6.82221,-0.0543,*0000000001000100,55.2620,-0.1513,*0000000000000100,7.581,*0000000011000100,-9999999,-9999999,-9999999,-9999999,-9999999,-9999999,-9999999,-9999999,2.094510,39.484495,30.683089,0.013612,0.141783,-9999999,*0000000000000100,-9999999,-9999999,-9999999,-9999999,-9999999,-9999999,2283.17,-9999999,*0000000000000100,1744.45,20.6,-9999999,-9999999,-9999999,-9999999,-9999999,-9999999,2244.58,-9999999,-9999999,7.427,85.69,2166.74,30.74,0.69,0.446
AT50-41,Slope Base Shallow Profiler,RS01SBPS,44.52750,-125.38150,2025-08-05T14:52:49.000Z,CTD-002,*0000000000000100,2907.0,AT50-41_CTD-002,*0000000000000100,6,*0000000000000100,2025-08-05T15:09:16.000Z,182.620,*0000000001000100,181.065,44.52707,-125.37865,6.8602,*0000000001000100,6.8604,*0000000001000100,3.423973,*0000000001000100,3.418602,*0000000001000100,33.8984,33.8391,3.0646,*0000000001000100,6.82205,-0.0538,*0000000011000100,55.2620,-0.1469,*0000000000000100,7.583,*0000000001000100,-9999999,-9999999,-9999999,0.002962,0.021133,1.116279,*0000000000000100,*0000000000000100,-9999999,-9999999,-9999999,-9999999,-9999999,-9999999,-9999999,-9999999,-9999999,-9999999,-9999999,-9999999,-9999999,-9999999,-9999999,-9999999,-9999999,-9999999,-9999999,-9999999,-9999999,-9999999,-9999999,-9999999,-9999999,-9999999,-9999999,-9999999,-9999999,-9999999,-9999999,-9999999,-9999999
AT50-41,Slope Base Shallow Profiler,RS01SBPS,44.52750,-125.38150,2025-08-05T14:52:49.000Z,CTD-002,*0000000000000100,2907.0,AT50-41_CTD-002,*0000000000000100,7,*0000000000000100,2025-08-05T15:11:46.000Z,163.024,*0000000001000100,161.644,44.52700,-125.37821,7.0296,*0000000001000100,7.0282,*0000000001000100,3.435908,*0000000001000100,3.430401,*0000000001000100,33.8722,33.8132,3.2870,*0000000011000100,6.79672,-0.0520,*0000000001000100,55.2620,-0.1519,*0000000000000100,7.606,*0000000011000100,3.280631,*0000000000000001,*0000000000001000,-9999999,-9999999,-9999999,-9999999,-9999999,2.053873,36.691201,29.552496,0.010272,0.034610,-9999999,*0000000000000100,-9999999,-9999999,-9999999,-9999999,-9999999,-9999999,2202.91,-9999999,*0000000000000100,826.49,20.5,-9999999,-9999999,-9999999,-9999999,-9999999,-9999999,2256.44,-9999999,-9999999,7.74,40.37,2101.05,61.49,1.385,0.897
AT50-41,Slope Base Shallow Profiler,RS01SBPS,44.52750,-125.38150,2025-08-05T14:52:49.000Z,CTD-002,*0000000000000100,2907.0,AT50-41_CTD-002,*0000000000000100,7,*0000000000000100,2025-08-05T15:11:46.000Z,163.024,*0000000001000100,161.644,44.52700,-125.37821,7.0296,*0000000001000100,7.0282,*0000000001000100,3.435908,*0000000001000100,3.430401,*0000000001000100,33.8722,33.8132,3.2870,*0000000011000100,6.79672,-0.0520,*0000000001000100,55.2620,-0.1519,*0000000000000100,7.606,*0000000001000100,3.277420,*0000000000000100,*0000000000001000,-9999999,-9999999,-9999999,-9999999,-9999999,-9999999,-9999999,-9999999,-9999999,-9999999,-9999999,-9999999,-9999999,-9999999,-9999999,-9999999,-9999999,-9999999,-9999999,-9999999,-9999999,-9999999,-9999999,-9999999,-9999999,-9999999,-9999999,-9999999,-9999999,-9999999,-9999999,-9999999,-9999999,-9999999,-9999999,-9999999,-9999999,-9999999
AT50-41,Slope Base Shallow Profiler,RS01SBPS,44.52750,-125.38150,2025-08-05T14:52:49.000Z,CTD-002,*0000000000000100,2907.0,AT50-41_CTD-002,*0000000000000100,8,*0000000000000100,2025-08-05T15:12:06.000Z,162.829,*0000000001000100,161.451,44.52698,-125.37814,7.0303,*0000000001000100,7.0294,*0000000001000100,3.435956,*0000000001000100,3.430491,*0000000001000100,33.8721,33.8132,3.2866,*0000000001000100,6.79662,-0.0548,*0000000011000100,55.2620,-0.1541,*0000000000000100,7.606,*0000000001000100,-9999999,-9999999,-9999999,0.003555,0.009894,1.25,*0000000000000100,*0000000000000100,-9999999,-9999999,-9999999,-9999999,-9999999,-9999999,-9999999,-9999999,-9999999,-9999999,-9999999,-9999999,-9999999,-9999999,-9999999,-9999999,-9999999,-9999999,-9999999,-9999999,-9999999,-9999999,-9999999,-9999999,-9999999,-9999999,-9999999,-9999999,-9999999,-9999999,-9999999,-9999999,-9999999
AT50-41,Slope Base Shallow Profiler,RS01SBPS,44.52750,-125.38150,2025-08-05T14:52:49.000Z,CTD-002,*0000000000000100,2907.0,AT50-41_CTD-002,*0000000000000100,9,*0000000000000100,2025-08-05T15:14:28.000Z,142.999,*0000000001000100,141.795,44.52690,-125.37770,7.2988,*0000000001000100,7.2908,*0000000001000100,3.454534,*0000000001000100,3.448422,*0000000001000100,33.8214,33.7628,3.5303,*0000000001000100,6.75724,-0.0597,*0000000001000100,55.2620,-0.1489,*0000000000000100,7.630,*0000000011000100,-9999999,-9999999,-9999999,-9999999,-9999999,-9999999,-9999999,-9999999,1.966156,32.964112,28.109331,0.013425,0.126829,-9999999,*0000000000000100,-9999999,-9999999,-9999999,-9999999,-9999999,-9999999,2259.74,-9999999,*0000000000000100,1562.42,20.5,-9999999,-9999999,-9999999,-9999999,-9999999,-9999999,2236.88,-9999999,-9999999,7.475,75.62,2149.65,34.47,0.78,0.505
AT50-41,Slope Base Shallow Profiler,RS01SBPS,44.52750,-125.38150,2025-08-05T14:52:49.000Z,CTD-002,*0000000000000100,2907.0,AT50-41_CTD-002,*0000000000000100,11,*0000000000000100,2025-08-05T15:17:17.000Z,123.003,*0000000001000100,121.973,44.52682,-125.37720,7.9264,*0000000001000100,7.9267,*0000000001000100,3.506256,*0000000011000100,3.500722,*0000000011000100,33.7796,33.7201,3.0071,*0000000011000100,6.66350,-0.0541,*0000000011000100,55.2620,-0.1500,*0000000000000100,7.583,*0000000011000100,3.966123,*0000000000000100,*0000000000001000,0.032585,0.033538,1.466102,*0000000000000100,*0000000000000100,1.740116,23.082376,23.636141,0.013895,0.000034,-9999999,*0000000000000100,33.357802,-9999999,*0000000000000100,-9999999,-9999999,-9999999,2196.55,-9999999,*0000000000000100,1136.23,20.8,-9999999,-9999999,-9999999,-9999999,-9999999,-9999999,2213.84,-9999999,-9999999,7.605,53.83,2096.32,46.4,1.054,0.683
AT50-41,Slope Base Shallow Profiler,RS01SBPS,44.52750,-125.38150,2025-08-05T14:52:49.000Z,CTD-002,*0000000000000100,2907.0,AT50-41_CTD-002,*0000000000000100,11,*0000000000000100,2025-08-05T15:17:17.000Z,123.003,*0000000001000100,121.973,44.52682,-125.37720,7.9264,*0000000001000100,7.9267,*0000000001000100,3.506256,*0000000001000100,3.500722,*0000000001000100,33.7796,33.7201,3.0071,*0000000011000100,6.66350,-0.0541,*0000000001000100,55.2620,-0.1500,*0000000000000100,7.583,*0000000001000100,3.967376,*0000000000000100,*0000000000001000,-9999999,-9999999,-9999999,-9999999,-9999999,-9999999,-9999999,-9999999,-9999999,-9999999,-9999999,-9999999,-9999999,-9999999,-9999999,-9999999,-9999999,-9999999,-9999999,-9999999,-9999999,-9999999,-9999999,-9999999,-9999999,-9999999,-9999999,-9999999,-9999999,-9999999,-9999999,-9999999,-9999999,-9999999,-9999999,-9999999,-9999999,-9999999
AT50-41,Slope Base Shallow Profiler,RS01SBPS,44.52750,-125.38150,2025-08-05T14:52:49.000Z,CTD-002,*0000000000000100,2907.0,AT50-41_CTD-002,*0000000000000100,13,*0000000000000100,2025-08-05T15:20:05.000Z,102.594,*0000000001000100,101.740,44.52672,-125.37670,8.0639,*0000000001000100,8.0628,*0000000001000100,3.503060,*0000000001000100,3.497499,*0000000001000100,33.6227,33.5644,3.5093,*0000000001000100,6.64968,-0.0499,*0000000001000100,55.2620,-0.1486,*0000000000000100,7.630,*0000000011000100,-9999999,-9999999,-9999999,-9999999,-9999999,-9999999,-9999999,-9999999,1.933459,27.723594,26.852776,0.010133,0.102239,-9999999,-9999999,-9999999,-9999999,-9999999,-9999999,-9999999,-9999999,2265.78,-9999999,*0000000000000100,1685.47,20.9,-9999999,-9999999,-9999999,-9999999,-9999999,-9999999,2236.7,-9999999,-9999999,7.447,79.57,2153.1,33.11,0.756,0.49
AT50-41,Slope Base Shallow Profiler,RS01SBPS,44.52750,-125.38150,2025-08-05T14:52:49.000Z,CTD-002,*0000000000000100,2907.0,AT50-41_CTD-002,*0000000000000100,14,*0000000000000100,2025-08-05T15:20:24.000Z,103.234,*0000000001000100,102.375,44.52672,-125.37664,8.0645,*0000000001000100,8.0632,*0000000001000100,3.503537,*0000000001000100,3.497973,*0000000001000100,33.6269,33.5688,3.4956,*0000000011000100,6.64941,-0.0467,*0000000001000100,55.2620,-0.1497,*0000000000000100,7.629,*0000000001000100,3.508090,*0000000000000100,*0000000000001000,-9999999,-9999999,-9999999,-9999999,-9999999,-9999999,-9999999,-9999999,-9999999,-9999999,-9999999,-9999999,-9999999,-9999999,-9999999,-9999999,-9999999,-9999999,-9999999,-9999999,-9999999,-9999999,-9999999,-9999999,-9999999,-9999999,-9999999,-9999999,-9999999,-9999999,-9999999,-9999999,-9999999,-9999999,-9999999,-9999999,-9999999,-9999999
AT50-41,Slope Base Shallow Profiler,RS01SBPS,44.52750,-125.38150,2025-08-05T14:52:49.000Z,CTD-002,*0000000000000100,2907.0,AT50-41_CTD-002,*0000000000000100,14,*0000000000000100,2025-08-05T15:20:24.000Z,103.234,*0000000001000100,102.375,44.52672,-125.37664,8.0645,*0000000001000100,8.0632,*0000000001000100,3.503537,*0000000001000100,3.497973,*0000000001000100,33.6269,33.5688,3.4956,*0000000011000100,6.64941,-0.0467,*0000000001000100,55.2620,-0.1497,*0000000000000100,7.629,*0000000001000100,3.499451,*0000000000000100,*0000000000001000,-9999999,-9999999,-9999999,-9999999,-9999999,-9999999,-9999999,-9999999,-9999999,-9999999,-9999999,-9999999,-9999999,-9999999,-9999999,-9999999,-9999999,-9999999,-9999999,-9999999,-9999999,-9999999,-9999999,-9999999,-9999999,-9999999,-9999999,-9999999,-9999999,-9999999,-9999999,-9999999,-9999999,-9999999,-9999999,-9999999,-9999999,-9999999
AT50-41,Slope Base Shallow Profiler,RS01SBPS,44.52750,-125.38150,2025-08-05T14:52:49.000Z,CTD-002,*0000000000000100,2907.0,AT50-41_CTD-002,*0000000000000100,15,*0000000000000100,2025-08-05T15:22:51.000Z,83.045,*0000000001000100,82.358,44.52664,-125.37622,8.3558,*0000000001000100,8.3551,*0000000001000100,3.509159,*0000000011000100,3.503631,*0000000011000100,33.4181,33.3602,3.9394,*0000000001000100,6.61502,-0.0312,*0000000001000100,55.2620,-0.1500,*0000000000000100,7.676,*0000000011000100,-9999999,-9999999,-9999999,-9999999,-9999999,-9999999,-9999999,-9999999,1.764726,22.990184,23.784588,0.011591,0.000036,-9999999,*0000000000000100,33.443700,-9999999,*0000000000000100,-9999999,-9999999,-9999999,2240.78,-9999999,*0000000000000100,1562.34,20.8,-9999999,-9999999,-9999999,-9999999,-9999999,-9999999,2221.67,-9999999,-9999999,7.478,73.09,2132.3,35.39,0.813,0.527
AT50-41,Slope Base Shallow Profiler,RS01SBPS,44.52750,-125.38150,2025-08-05T14:52:49.000Z,CTD-002,*0000000000000100,2907.0,AT50-41_CTD-002,*0000000000000100,16,*0000000000000100,2025-08-05T15:23:11.000Z,82.845,*0000000001000100,82.160,44.52662,-125.37617,8.3568,*0000000001000100,8.3555,*0000000001000100,3.509210,*0000000001000100,3.503635,*0000000001000100,33.4178,33.3600,3.9423,*0000000011000100,6.61489,-0.0338,*0000000001000100,55.2620,-0.1475,*0000000000000100,7.676,*0000000001000100,3.948716,*0000000000000100,*0000000000001000,-9999999,-9999999,-9999999,-9999999,-9999999,-9999999,-9999999,-9999999,-9999999,-9999999,-9999999,-9999999,-9999999,-9999999,-9999999,-9999999,-9999999,-9999999,-9999999,-9999999,-9999999,-9999999,-9999999,-9999999,-9999999,-9999999,-9999999,-9999999,-9999999,-9999999,-9999999,-9999999,-9999999,-9999999,-9999999,-9999999,-9999999,-9999999
AT50-41,Slope Base Shallow Profiler,RS01SBPS,44.52750,-125.38150,2025-08-05T14:52:49.000Z,CTD-002,*0000000000000100,2907.0,AT50-41_CTD-002,*0000000000000100,16,*0000000000000100,2025-08-05T15:23:11.000Z,82.845,*0000000001000100,82.160,44.52662,-125.37617,8.3568,*0000000001000100,8.3555,*0000000001000100,3.509210,*0000000001000100,3.503635,*0000000001000100,33.4178,33.3600,3.9423,*0000000011000100,6.61489,-0.0338,*0000000011000100,55.2620,-0.1475,*0000000000000100,7.676,*0000000001000100,3.955343,*0000000000000100,*0000000000001000,0.036140,0.032224,1.5,*0000000000000100,*0000000000000100,-9999999,-9999999,-9999999,-9999999,-9999999,-9999999,-9999999,-9999999,-9999999,-9999999,-9999999,-9999999,-9999999,-9999999,-9999999,-9999999,-9999999,-9999999,-9999999,-9999999,-9999999,-9999999,-9999999,-9999999,-9999999,-9999999,-9999999,-9999999,-9999999,-9999999,-9999999,-9999999,-9999999
AT50-41,Slope Base Shallow Profiler,RS01SBPS,44.52750,-125.38150,2025-08-05T14:52:49.000Z,CTD-002,*0000000000000100,2907.0,AT50-41_CTD-002,*0000000000000100,17,*0000000000000100,2025-08-05T15:25:36.000Z,63.026,*0000000001000100,62.507,44.52656,-125.37579,8.8152,*0000000001000100,8.8136,*0000000001000100,3.496381,*0000000001000100,3.490780,*0000000001000100,32.8621,32.8050,4.2929,*0000000001000100,6.57116,0.0035,*0000000001000100,55.2620,-0.1497,*0000000000000100,7.708,*0000000011000100,-9999999,-9999999,-9999999,-9999999,-9999999,-9999999,-9999999,-9999999,1.547769,18.103656,19.405837,0.064062,0.000037,-9999999,*0000000000000100,-9999999,-9999999,-9999999,-9999999,-9999999,-9999999,2216.57,-9999999,*0000000000000100,1791.13,20.8,-9999999,-9999999,-9999999,-9999999,-9999999,-9999999,2180.16,-9999999,-9999999,7.416,82.76,2103.45,30.36,0.703,0.456
AT50-41,Slope Base Shallow Profiler,RS01SBPS,44.52750,-125.38150,2025-08-05T14:52:49.000Z,CTD-002,*0000000000000100,2907.0,AT50-41_CTD-002,*0000000000000100,18,*0000000000000100,2025-08-05T15:25:54.000Z,63.046,*0000000001000100,62.527,44.52656,-125.37574,8.8139,*0000000001000100,8.8127,*0000000001000100,3.496687,*0000000001000100,3.491044,*0000000001000100,32.8665,32.8086,4.3007,*0000000011000100,6.57116,0.0056,*0000000011000100,55.2620,-0.1494,*0000000000000100,7.707,*0000000001000100,4.330447,*0000000000000100,*0000000000001000,0.118491,0.035608,1.727273,*0000000000000100,*0000000000000100,-9999999,-9999999,-9999999,-9999999,-9999999,-9999999,-9999999,-9999999,-9999999,-9999999,-9999999,-9999999,-9999999,-9999999,-9999999,-9999999,-9999999,-9999999,-9999999,-9999999,-9999999,-9999999,-9999999,-9999999,-9999999,-9999999,-9999999,-9999999,-9999999,-9999999,-9999999,-9999999,-9999999
AT50-41,Slope Base Shallow Profiler,RS01SBPS,44.52750,-125.38150,2025-08-05T14:52:49.000Z,CTD-002,*0000000000000100,2907.0,AT50-41_CTD-002,*0000000000000100,18,*0000000000000100,2025-08-05T15:25:54.000Z,63.046,*0000000001000100,62.527,44.52656,-125.37574,8.8139,*0000000001000100,8.8127,*0000000001000100,3.496687,*0000000001000100,3.491044,*0000000001000100,32.8665,32.8086,4.3007,*0000000011000100,6.57116,0.0056,*0000000001000100,55.2620,-0.1494,*0000000000000100,7.707,*0000000001000100,4.339537,*0000000000000100,*0000000000001000,-9999999,-9999999,-9999999,-9999999,-9999999,-9999999,-9999999,-9999999,-9999999,-9999999,-9999999,-9999999,-9999999,-9999999,-9999999,-9999999,-9999999,-9999999,-9999999,-9999999,-9999999,-9999999,-9999999,-9999999,-9999999,-9999999,-9999999,-9999999,-9999999,-9999999,-9999999,-9999999,-9999999,-9999999,-9999999,-9999999,-9999999,-9999999
AT50-41,Slope Base Shallow Profiler,RS01SBPS,44.52750,-125.38150,2025-08-05T14:52:49.000Z,CTD-002,*0000000000000100,2907.0,AT50-41_CTD-002,*0000000000000100,19,*0000000000000100,2025-08-05T15:28:33.000Z,42.839,*0000000001000100,42.489,44.52648,-125.37537,9.4537,*0000000001000100,9.4508,*0000000001000100,3.517122,*0000000011000100,3.511309,*0000000011000100,32.5004,32.4433,5.2334,*0000000001000100,6.49406,0.0840,*0000000001000100,55.2620,-0.1480,*0000000000000100,7.809,*0000000011000100,-9999999,-9999999,-9999999,-9999999,-9999999,-9999999,-9999999,-9999999,1.194426,10.639732,11.925392,0.503877,0.000038,-9999999,*0000000000000100,33.511670,-9999999,*0000000000000100,-9999999,-9999999,-9999999,2075.83,-9999999,*0000000000000100,603.66,21.1,-9999999,-9999999,-9999999,-9999999,-9999999,-9999999,2171.05,-9999999,-9999999,7.863,27.37,1967.86,80.6,1.881,1.221
AT50-41,Slope Base Shallow Profiler,RS01SBPS,44.52750,-125.38150,2025-08-05T14:52:49.000Z,CTD-002,*0000000000000100,2907.0,AT50-41_CTD-002,*0000000000000100,20,*0000000000000100,2025-08-05T15:28:53.000Z,43.060,*0000000001000100,42.708,44.52648,-125.37532,9.4405,*0000000001000100,9.4398,*0000000001000100,3.516292,*0000000001000100,3.510620,*0000000001000100,32.5037,32.4462,5.2327,*0000000001000100,6.49581,0.1016,*0000000011000100,55.2620,-0.1475,*0000000000000100,7.811,*0000000001000100,-9999999,-9999999,-9999999,0.257718,0.109879,1.663110,*0000000000000100,*0000000000000100,-9999999,-9999999,-9999999,-9999999,-9999999,-9999999,-9999999,-9999999,-9999999,-9999999,-9999999,-9999999,-9999999,-9999999,-9999999,-9999999,-9999999,-9999999,-9999999,-9999999,-9999999,-9999999,-9999999,-9999999,-9999999,-9999999,-9999999,-9999999,-9999999,-9999999,-9999999,-9999999,-9999999
AT50-41,Slope Base Shallow Profiler,RS01SBPS,44.52750,-125.38150,2025-08-05T14:52:49.000Z,CTD-002,*0000000000000100,2907.0,AT50-41_CTD-002,*0000000000000100,21,*0000000000000100,2025-08-05T15:31:28.000Z,23.009,*0000000001000100,22.822,44.52640,-125.37490,13.1683,*0000000001000100,13.0797,*0000000001000100,3.835658,*0000000001000100,3.821543,*0000000001000100,32.3705,32.3133,6.3128,*0000000011000100,6.00461,0.4022,*0000000001000100,55.2620,-0.1475,*0000000000000100,7.998,*0000000011000100,6.434179,*0000000000000100,*0000000000001000,-9999999,-9999999,-9999999,-9999999,-9999999,0.418532,2.085642,0.752118,0.048422,0.672960,-9999999,*0000000000000100,-9999999,-9999999,-9999999,-9999999,-9999999,-9999999,2019.56,-9999999,*0000000000000100,440.92,21.8,-9999999,-9999999,-9999999,-9999999,-9999999,-9999999,2181.04,-9999999,-9999999,7.993,17.73,1882.59,119.23,2.801,1.83
AT50-41,Slope Base Shallow Profiler,RS01SBPS,44.52750,-125.38150,2025-08-05T14:52:49.000Z,CTD-002,*0000000000000100,2907.0,AT50-41_CTD-002,*0000000000000100,21,*0000000000000100,2025-08-05T15:31:28.000Z,23.009,*0000000001000100,22.822,44.52640,-125.37490,13.1683,*0000000001000100,13.0797,*0000000001000100,3.835658,*0000000001000100,3.821543,*0000000001000100,32.3705,32.3133,6.3128,*0000000011000100,6.00461,0.4022,*0000000001000100,55.2620,-0.1475,*0000000000000100,7.998,*0000000001000100,6.438841,*0000000000000001,*0000000000001000,-9999999,-9999999,-9999999,-9999999,-9999999,-9999999,-9999999,-9999999,-9999999,-9999999,-9999999,-9999999,-9999999,-9999999,-9999999,-9999999,-9999999,-9999999,-9999999,-9999999,-9999999,-9999999,-9999999,-9999999,-9999999,-9999999,-9999999,-9999999,-9999999,-9999999,-9999999,-9999999,-9999999,-9999999,-9999999,-9999999,-9999999,-9999999
AT50-41,Slope Base Shallow Profiler,RS01SBPS,44.52750,-125.38150,2025-08-05T14:52:49.000Z,CTD-002,*0000000000000100,2907.0,AT50-41_CTD-002,*0000000000000100,22,*0000000000000100,2025-08-05T15:31:48.000Z,22.738,*0000000001000100,22.553,44.52640,-125.37484,13.3598,*0000000001000100,13.2985,*0000000001000100,3.850684,*0000000001000100,3.839868,*0000000001000100,32.3486,32.2995,6.3882,*0000000001000100,5.98178,0.3578,*0000000011000100,55.2620,-0.1461,*0000000000000100,8.009,*0000000001000100,-9999999,-9999999,-9999999,0.644591,0.230694,1.696543,*0000000000000100,*0000000000000100,-9999999,-9999999,-9999999,-9999999,-9999999,-9999999,-9999999,-9999999,-9999999,-9999999,-9999999,-9999999,-9999999,-9999999,-9999999,-9999999,-9999999,-9999999,-9999999,-9999999,-9999999,-9999999,-9999999,-9999999,-9999999,-9999999,-9999999,-9999999,-9999999,-9999999,-9999999,-9999999,-9999999
AT50-41,Slope Base Shallow Profiler,RS01SBPS,44.52750,-125.38150,2025-08-05T14:52:49.000Z,CTD-002,*0000000000000100,2907.0,AT50-41_CTD-002,*0000000000000100,23,*0000000000000100,2025-08-05T15:34:09.000Z,13.378,*0000000001000100,13.269,44.52632,-125.37442,15.6467,*0000000001000100,15.4825,*0000000001000100,4.028610,*0000000011000100,4.009426,*0000000011000100,32.0738,32.0368,6.0896,*0000000011000100,5.72177,0.0743,*0000000001000100,55.2620,-0.1497,*0000000000000100,8.059,*0000000011000100,6.144629,*0000000000000100,*0000000000001000,-9999999,-9999999,-9999999,-9999999,-9999999,0.359622,1.123339,0.262817,0.011570,2.287608,-9999999,*0000000000000100,34.038776,-9999999,*0000000000000100,-9999999,-9999999,-9999999,1971.99,-9999999,*0000000000000100,356.18,21.7,-9999999,-9999999,-9999999,-9999999,-9999999,-9999999,2183.92,-9999999,-9999999,8.076,13.3,1807.65,151.05,3.571,2.343
AT50-41,Slope Base Shallow Profiler,RS01SBPS,44.52750,-125.38150,2025-08-05T14:52:49.000Z,CTD-002,*0000000000000100,2907.0,AT50-41_CTD-002,*0000000000000100,23,*0000000000000100,2025-08-05T15:34:09.000Z,13.378,*0000000001000100,13.269,44.52632,-125.37442,15.6467,*0000000001000100,15.4825,*0000000001000100,4.028610,*0000000001000100,4.009426,*0000000001000100,32.0738,32.0368,6.0896,*0000000011000100,5.72177,0.0743,*0000000001000100,55.2620,-0.1497,*0000000000000100,8.059,*0000000001000100,6.144908,*0000000000000100,*0000000000001000,-9999999,-9999999,-9999999,-9999999,-9999999,-9999999,-9999999,-9999999,-9999999,-9999999,-9999999,-9999999,-9999999,-9999999,-9999999,-9999999,-9999999,-9999999,-9999999,-9999999,-9999999,-9999999,-9999999,-9999999,-9999999,-9999999,-9999999,-9999999,-9999999,-9999999,-9999999,-9999999,-9999999,-9999999,-9999999,-9999999,-9999999,-9999999
AT50-41,Slope Base Shallow Profiler,RS01SBPS,44.52750,-125.38150,2025-08-05T14:52:49.000Z,CTD-002,*0000000000000100,2907.0,AT50-41_CTD-002,*0000000000000100,24,*0000000000000100,2025-08-05T15:34:29.000Z,13.072,*0000000001000100,12.966,44.52630,-125.37435,15.6849,*0000000001000100,15.5841,*0000000001000100,4.031969,*0000000001000100,4.018631,*0000000001000100,32.0727,32.0361,6.0575,*0000000001000100,5.71749,0.0746,*0000000011000100,55.2620,-0.1486,*0000000000000100,8.062,*0000000001000100,-9999999,-9999999,-9999999,0.335922,0.094996,1.737321,*0000000000000100,*0000000000000100,-9999999,-9999999,-9999999,-9999999,-9999999,-9999999,-9999999,-9999999,-9999999,-9999999,-9999999,-9999999,-9999999,-9999999,-9999999,-9999999,-9999999,-9999999,-9999999,-9999999,-9999999,-9999999,-9999999,-9999999,-9999999,-9999999,-9999999,-9999999,-9999999,-9999999,-9999999,-9999999,-9999999
AT50-41,Axial Base Deep Profiler,RS03AXPD,45.82633,-129.76217,2025-08-07T22:25:12.000Z,CTD-004,*0000000000000100,2586.0,AT50-41_CTD-004,*0000000000000100,1,*0000000000000100,2025-08-07T23:21:33.000Z,2611.460,*0000000001000100,2574.066,45.82732,-129.76198,1.7957,*0000000001000100,1.7933,*0000000001000100,3.146608,*0000000001000100,3.140766,*0000000001000100,34.7015,34.6322,1.6928,*0000000011000100,7.66560,-0.0337,*0000000001000100,55.2620,-0.1439,*0000000000000100,-2.606,*0000000001000100,1.715539,*0000000000000100,*0000000000001000,-9999999,-9999999,-9999999,-9999999,-9999999,-9999999,-9999999,-9999999,-9999999,-9999999,-9999999,-9999999,-9999999,-9999999,-9999999,-9999999,-9999999,-9999999,-9999999,-9999999,-9999999,-9999999,-9999999,-9999999,-9999999,-9999999,-9999999,-9999999,-9999999,-9999999,-9999999,-9999999,-9999999,-9999999,-9999999,-9999999,-9999999,-9999999
AT50-41,Axial Base Deep Profiler,RS03AXPD,45.82633,-129.76217,2025-08-07T22:25:12.000Z,CTD-004,*0000000000000100,2586.0,AT50-41_CTD-004,*0000000000000100,1,*0000000000000100,2025-08-07T23:21:33.000Z,2611.460,*0000000001000100,2574.066,45.82732,-129.76198,1.7957,*0000000001000100,1.7933,*0000000001000100,3.146608,*0000000001000100,3.140766,*0000000001000100,34.7015,34.6322,1.6928,*0000000011000100,7.66560,-0.0337,*0000000001000100,55.2620,-0.1439,*0000000000000100,-2.606,*0000000001000100,1.720717,*0000000000000100,*0000000000001000,-9999999,-9999999,-9999999,-9999999,-9999999,-9999999,-9999999,-9999999,-9999999,-9999999,-9999999,-9999999,-9999999,-9999999,-9999999,-9999999,-9999999,-9999999,-9999999,-9999999,-9999999,-9999999,-9999999,-9999999,-9999999,-9999999,-9999999,-9999999,-9999999,-9999999,-9999999,-9999999,-9999999,-9999999,-9999999,-9999999,-9999999,-9999999
AT50-41,Axial Base Deep Profiler,RS03AXPD,45.82633,-129.76217,2025-08-07T22:25:12.000Z,CTD-004,*0000000000000100,2586.0,AT50-41_CTD-004,*0000000000000100,3,*0000000000000100,2025-08-07T23:29:26.000Z,2435.428,*0000000001000100,2401.537,45.82720,-129.76196,1.8107,*0000000001000100,1.8087,*0000000001000100,3.140392,*0000000011000100,3.134734,*0000000011000100,34.6928,34.6253,1.6340,*0000000001000100,7.66316,-0.0359,*0000000001000100,55.2620,-0.1494,*0000000000000100,-2.608,*0000000001000100,-9999999,-9999999,-9999999,-9999999,-9999999,-9999999,-9999999,-9999999,-9999999,-9999999,-9999999,-9999999,-9999999,-9999999,-9999999,34.621681,-9999999,*0000000000000100,-9999999,-9999999,-9999999,-9999999,-9999999,-9999999,-9999999,-9999999,-9999999,-9999999,-9999999,-9999999,-9999999,-9999999,-9999999,-9999999,-9999999,-9999999,-9999999,-9999999,-9999999,-9999999,-9999999
AT50-41,Axial Base Deep Profiler,RS03AXPD,45.82633,-129.76217,2025-08-07T22:25:12.000Z,CTD-004,*0000000000000100,2586.0,AT50-41_CTD-004,*0000000000000100,5,*0000000000000100,2025-08-07T23:36:15.000Z,2282.873,*0000000001000100,2251.905,45.82710,-129.76196,1.8627,*0000000001000100,1.8609,*0000000001000100,3.137936,*0000000001000100,3.132519,*0000000001000100,34.6805,34.6157,1.5368,*0000000011000100,7.65377,-0.0363,*0000000001000100,55.2620,-0.1494,*0000000000000100,-2.605,*0000000001000100,1.566186,*0000000000000100,*0000000000001000,-9999999,-9999999,-9999999,-9999999,-9999999,-9999999,-9999999,-9999999,-9999999,-9999999,-9999999,-9999999,-9999999,-9999999,-9999999,-9999999,-9999999,-9999999,-9999999,-9999999,-9999999,-9999999,-9999999,-9999999,-9999999,-9999999,-9999999,-9999999,-9999999,-9999999,-9999999,-9999999,-9999999,-9999999,-9999999,-9999999,-9999999,-9999999
AT50-41,Axial Base Deep Profiler,RS03AXPD,45.82633,-129.76217,2025-08-07T22:25:12.000Z,CTD-004,*0000000000000100,2586.0,AT50-41_CTD-004,*0000000000000100,5,*0000000000000100,2025-08-07T23:36:15.000Z,2282.873,*0000000001000100,2251.905,45.82710,-129.76196,1.8627,*0000000001000100,1.8609,*0000000001000100,3.137936,*0000000001000100,3.132519,*0000000001000100,34.6805,34.6157,1.5368,*0000000011000100,7.65377,-0.0363,*0000000001000100,55.2620,-0.1494,*0000000000000100,-2.605,*0000000001000100,1.556872,*0000000000000100,*0000000000001000,-9999999,-9999999,-9999999,-9999999,-9999999,-9999999,-9999999,-9999999,-9999999,-9999999,-9999999,-9999999,-9999999,-9999999,-9999999,-9999999,-9999999,-9999999,-9999999,-9999999,-9999999,-9999999,-9999999,-9999999,-9999999,-9999999,-9999999,-9999999,-9999999,-9999999,-9999999,-9999999,-9999999,-9999999,-9999999,-9999999,-9999999,-9999999
AT50-41,Axial Base Deep Profiler,RS03AXPD,45.82633,-129.76217,2025-08-07T22:25:12.000Z,CTD-004,*0000000000000100,2586.0,AT50-41_CTD-004,*0000000000000100,7,*0000000000000100,2025-08-07T23:45:02.000Z,2029.863,*0000000001000100,2003.512,45.82704,-129.76194,1.9305,*0000000001000100,1.9289,*0000000001000100,3.132481,*0000000011000100,3.127366,*0000000011000100,34.6645,34.6031,1.3856,*0000000001000100,7.64157,-0.0328,*0000000001000100,55.2620,-0.1502,*0000000000000100,-2.604,*0000000001000100,-9999999,-9999999,-9999999,-9999999,-9999999,-9999999,-9999999,-9999999,-9999999,-9999999,-9999999,-9999999,-9999999,-9999999,-9999999,34.602428,-9999999,*0000000000000100,-9999999,-9999999,-9999999,-9999999,-9999999,-9999999,-9999999,-9999999,-9999999,-9999999,-9999999,-9999999,-9999999,-9999999,-9999999,-9999999,-9999999,-9999999,-9999999,-9999999,-9999999,-9999999,-9999999
AT50-41,Axial Base Deep Profiler,RS03AXPD,45.82633,-129.76217,2025-08-07T22:25:12.000Z,CTD-004,*0000000000000100,2586.0,AT50-41_CTD-004,*0000000000000100,10,*0000000000000100,2025-08-07T23:53:17.000Z,1772.479,*0000000001000100,1750.527,45.82714,-129.76196,2.0779,*0000000001000100,2.0764,*0000000001000100,3.132153,*0000000001000100,3.127315,*0000000001000100,34.6308,34.5729,1.0620,*0000000011000100,7.61509,-0.0264,*0000000001000100,55.2620,-0.1497,*0000000000000100,-2.599,*0000000001000100,1.088117,*0000000000000100,*0000000000001000,-9999999,-9999999,-9999999,-9999999,-9999999,-9999999,-9999999,-9999999,-9999999,-9999999,-9999999,-9999999,-9999999,-9999999,-9999999,-9999999,-9999999,-9999999,-9999999,-9999999,-9999999,-9999999,-9999999,-9999999,-9999999,-9999999,-9999999,-9999999,-9999999,-9999999,-9999999,-9999999,-9999999,-9999999,-9999999,-9999999,-9999999,-9999999
AT50-41,Axial Base Deep Profiler,RS03AXPD,45.82633,-129.76217,2025-08-07T22:25:12.000Z,CTD-004,*0000000000000100,2586.0,AT50-41_CTD-004,*0000000000000100,10,*0000000000000100,2025-08-07T23:53:17.000Z,1772.479,*0000000001000100,1750.527,45.82714,-129.76196,2.0779,*0000000001000100,2.0764,*0000000001000100,3.132153,*0000000001000100,3.127315,*0000000001000100,34.6308,34.5729,1.0620,*0000000011000100,7.61509,-0.0264,*0000000001000100,55.2620,-0.1497,*0000000000000100,-2.599,*0000000001000100,1.094088,*0000000000000001,*0000000000001000,-9999999,-9999999,-9999999,-9999999,-9999999,-9999999,-9999999,-9999999,-9999999,-9999999,-9999999,-9999999,-9999999,-9999999,-9999999,-9999999,-9999999,-9999999,-9999999,-9999999,-9999999,-9999999,-9999999,-9999999,-9999999,-9999999,-9999999,-9999999,-9999999,-9999999,-9999999,-9999999,-9999999,-9999999,-9999999,-9999999,-9999999,-9999999
AT50-41,Axial Base Deep Profiler,RS03AXPD,45.82633,-129.76217,2025-08-07T22:25:12.000Z,CTD-004,*0000000000000100,2586.0,AT50-41_CTD-004,*0000000000000100,12,*0000000000000100,2025-08-08T00:01:17.000Z,1520.483,*0000000001000100,1502.545,45.82746,-129.76200,2.3736,*0000000001000100,2.3726,*0000000001000100,3.144131,*0000000001000100,3.139388,*0000000001000100,34.5888,34.5318,0.6993,*0000000011000100,7.56114,-0.0256,*0000000001000100,55.2620,-0.1524,*0000000000000100,-2.590,*0000000001000100,0.718232,*0000000000000100,*0000000000001000,-9999999,-9999999,-9999999,-9999999,-9999999,-9999999,-9999999,-9999999,-9999999,-9999999,-9999999,-9999999,-9999999,-9999999,-9999999,-9999999,-9999999,-9999999,-9999999,-9999999,-9999999,-9999999,-9999999,-9999999,-9999999,-9999999,-9999999,-9999999,-9999999,-9999999,-9999999,-9999999,-9999999,-9999999,-9999999,-9999999,-9999999,-9999999
AT50-41,Axial Base Deep Profiler,RS03AXPD,45.82633,-129.76217,2025-08-07T22:25:12.000Z,CTD-004,*0000000000000100,2586.0,AT50-41_CTD-004,*0000000000000100,12,*0000000000000100,2025-08-08T00:01:17.000Z,1520.483,*0000000001000100,1502.545,45.82746,-129.76200,2.3736,*0000000001000100,2.3726,*0000000001000100,3.144131,*0000000001000100,3.139388,*0000000001000100,34.5888,34.5318,0.6993,*0000000011000100,7.56114,-0.0256,*0000000001000100,55.2620,-0.1524,*0000000000000100,-2.590,*0000000001000100,0.724471,*0000000000000100,*0000000000001000,-9999999,-9999999,-9999999,-9999999,-9999999,-9999999,-9999999,-9999999,-9999999,-9999999,-9999999,-9999999,-9999999,-9999999,-9999999,-9999999,-9999999,-9999999,-9999999,-9999999,-9999999,-9999999,-9999999,-9999999,-9999999,-9999999,-9999999,-9999999,-9999999,-9999999,-9999999,-9999999,-9999999,-9999999,-9999999,-9999999,-9999999,-9999999
AT50-41,Axial Base Deep Profiler,RS03AXPD,45.82633,-129.76217,2025-08-07T22:25:12.000Z,CTD-004,*0000000000000100,2586.0,AT50-41_CTD-004,*0000000000000100,14,*0000000000000100,2025-08-08T00:08:56.000Z,1268.223,*0000000001000100,1254.010,45.82776,-129.76206,2.8883,*0000000001000100,2.8874,*0000000001000100,3.173719,*0000000001000100,3.169022,*0000000001000100,34.5298,34.4739,0.3764,*0000000011000100,7.46812,-0.0267,*0000000001000100,55.2620,-0.1489,*0000000000000100,-2.569,*0000000001000100,0.381723,*0000000000000100,*0000000000001000,-9999999,-9999999,-9999999,-9999999,-9999999,-9999999,-9999999,-9999999,-9999999,-9999999,-9999999,-9999999,-9999999,-9999999,-9999999,-9999999,-9999999,-9999999,-9999999,-9999999,-9999999,-9999999,-9999999,-9999999,-9999999,-9999999,-9999999,-9999999,-9999999,-9999999,-9999999,-9999999,-9999999,-9999999,-9999999,-9999999,-9999999,-9999999
AT50-41,Axial Base Deep Profiler,RS03AXPD,45.82633,-129.76217,2025-08-07T22:25:12.000Z,CTD-004,*0000000000000100,2586.0,AT50-41_CTD-004,*0000000000000100,14,*0000000000000100,2025-08-08T00:08:56.000Z,1268.223,*0000000001000100,1254.010,45.82776,-129.76206,2.8883,*0000000001000100,2.8874,*0000000001000100,3.173719,*0000000001000100,3.169022,*0000000001000100,34.5298,34.4739,0.3764,*0000000011000100,7.46812,-0.0267,*0000000001000100,55.2620,-0.1489,*0000000000000100,-2.569,*0000000001000100,0.374469,*0000000000000100,*0000000000001000,-9999999,-9999999,-9999999,-9999999,-9999999,-9999999,-9999999,-9999999,-9999999,-9999999,-9999999,-9999999,-9999999,-9999999,-9999999,-9999999,-9999999,-9999999,-9999999,-9999999,-9999999,-9999999,-9999999,-9999999,-9999999,-9999999,-9999999,-9999999,-9999999,-9999999,-9999999,-9999999,-9999999,-9999999,-9999999,-9999999,-9999999,-9999999
AT50-41,Axial Base Deep Profiler,RS03AXPD,45.82633,-129.76217,2025-08-07T22:25:12.000Z,CTD-004,*0000000000000100,2586.0,AT50-41_CTD-004,*0000000000000100,15,*0000000000000100,2025-08-08T00:16:35.000Z,1013.113,*0000000001000100,1002.367,45.82798,-129.76210,3.3862,*0000000001000100,3.3852,*0000000001000100,3.200632,*0000000011000100,3.196092,*0000000011000100,34.4584,34.4052,0.2173,*0000000001000100,7.38078,-0.0269,*0000000001000100,55.2620,-0.1467,*0000000000000100,-2.552,*0000000001000100,-9999999,-9999999,-9999999,-9999999,-9999999,-9999999,-9999999,-9999999,-9999999,-9999999,-9999999,-9999999,-9999999,-9999999,-9999999,34.450238,-9999999,*0000000000000100,-9999999,-9999999,-9999999,-9999999,-9999999,-9999999,-9999999,-9999999,-9999999,-9999999,-9999999,-9999999,-9999999,-9999999,-9999999,-9999999,-9999999,-9999999,-9999999,-9999999,-9999999,-9999999,-9999999
AT50-41,Axial Base Deep Profiler,RS03AXPD,45.82633,-129.76217,2025-08-07T22:25:12.000Z,CTD-004,*0000000000000100,2586.0,AT50-41_CTD-004,*0000000000000100,17,*0000000000000100,2025-08-08T00:24:06.000Z,756.028,*0000000001000100,748.469,45.82810,-129.76212,3.9992,*0000000001000100,3.9985,*0000000001000100,3.232432,*0000000001000100,3.227838,*0000000001000100,34.3268,34.2734,0.2036,*0000000011000100,7.27787,-0.0272,*0000000001000100,55.2620,-0.1475,*0000000000000100,-2.533,*0000000001000100,0.198005,*0000000000000100,*0000000000001000,-9999999,-9999999,-9999999,-9999999,-9999999,-9999999,-9999999,-9999999,-9999999,-9999999,-9999999,-9999999,-9999999,-9999999,-9999999,-9999999,-9999999,-9999999,-9999999,-9999999,-9999999,-9999999,-9999999,-9999999,-9999999,-9999999,-9999999,-9999999,-9999999,-9999999,-9999999,-9999999,-9999999,-9999999,-9999999,-9999999,-9999999,-9999999
AT50-41,Axial Base Deep Profiler,RS03AXPD,45.82633,-129.76217,2025-08-07T22:25:12.000Z,CTD-004,*0000000000000100,2586.0,AT50-41_CTD-004,*0000000000000100,17,*0000000000000100,2025-08-08T00:24:06.000Z,756.028,*0000000001000100,748.469,45.82810,-129.76212,3.9992,*0000000001000100,3.9985,*0000000001000100,3.232432,*0000000001000100,3.227838,*0000000001000100,34.3268,34.2734,0.2036,*0000000011000100,7.27787,-0.0272,*0000000001000100,55.2620,-0.1475,*0000000000000100,-2.533,*0000000001000100,0.197683,*0000000000000100,*0000000000001000,-9999999,-9999999,-9999999,-9999999,-9999999,-9999999,-9999999,-9999999,-9999999,-9999999,-9999999,-9999999,-9999999,-9999999,-9999999,-9999999,-9999999,-9999999,-9999999,-9999999,-9999999,-9999999,-9999999,-9999999,-9999999,-9999999,-9999999,-9999999,-9999999,-9999999,-9999999,-9999999,-9999999,-9999999,-9999999,-9999999,-9999999,-9999999
AT50-41,Axial Base Deep Profiler,RS03AXPD,45.82633,-129.76217,2025-08-07T22:25:12.000Z,CTD-004,*0000000000000100,2586.0,AT50-41_CTD-004,*0000000000000100,19,*0000000000000100,2025-08-08T00:30:38.000Z,505.371,*0000000001000100,500.619,45.82796,-129.76210,4.6250,*0000000001000100,4.6265,*0000000001000100,3.260264,*0000000011000100,3.255129,*0000000011000100,34.1345,34.0733,0.7245,*0000000011000100,7.17828,-0.0271,*0000000001000100,55.2620,-0.1464,*0000000000000100,-2.511,*0000000001000100,0.737067,*0000000000000100,*0000000000001000,-9999999,-9999999,-9999999,-9999999,-9999999,-9999999,-9999999,-9999999,-9999999,-9999999,-9999999,-9999999,34.067385,-9999999,*0000000000000100,-9999999,-9999999,-9999999,-9999999,-9999999,-9999999,-9999999,-9999999,-9999999,-9999999,-9999999,-9999999,-9999999,-9999999,-9999999,-9999999,-9999999,-9999999,-9999999,-9999999,-9999999,-9999999,-9999999
AT50-41,Axial Base Deep Profiler,RS03AXPD,45.82633,-129.76217,2025-08-07T22:25:12.000Z,CTD-004,*0000000000000100,2586.0,AT50-41_CTD-004,*0000000000000100,19,*0000000000000100,2025-08-08T00:30:38.000Z,505.371,*0000000001000100,500.619,45.82796,-129.76210,4.6250,*0000000001000100,4.6265,*0000000001000100,3.260264,*0000000001000100,3.255129,*0000000001000100,34.1345,34.0733,0.7245,*0000000011000100,7.17828,-0.0271,*0000000001000100,55.2620,-0.1464,*0000000000000100,-2.511,*0000000001000100,0.745343,*0000000000000100,*0000000000001000,-9999999,-9999999,-9999999,-9999999,-9999999,-9999999,-9999999,-9999999,-9999999,-9999999,-9999999,-9999999,-9999999,-9999999,-9999999,-9999999,-9999999,-9999999,-9999999,-9999999,-9999999,-9999999,-9999999,-9999999,-9999999,-9999999,-9999999,-9999999,-9999999,-9999999,-9999999,-9999999,-9999999,-9999999,-9999999,-9999999,-9999999,-9999999
AT50-41,Axial Base Deep Profiler,RS03AXPD,45.82633,-129.76217,2025-08-07T22:25:12.000Z,CTD-004,*0000000000000100,2586.0,AT50-41_CTD-004,*0000000000000100,21,*0000000000000100,2025-08-08T00:36:31.000Z,304.816,*0000000001000100,302.096,45.82808,-129.76212,5.4903,*0000000001000100,5.4897,*0000000001000100,3.307994,*0000000001000100,3.302763,*0000000001000100,33.9054,33.8464,2.4267,*0000000011000100,7.04293,-0.0352,*0000000001000100,55.2620,-0.1494,*0000000000000100,-2.481,*0000000001000100,2.276742,*0000000000000100,*0000000000001000,-9999999,-9999999,-9999999,-9999999,-9999999,-9999999,-9999999,-9999999,-9999999,-9999999,-9999999,-9999999,-9999999,-9999999,-9999999,-9999999,-9999999,-9999999,-9999999,-9999999,-9999999,-9999999,-9999999,-9999999,-9999999,-9999999,-9999999,-9999999,-9999999,-9999999,-9999999,-9999999,-9999999,-9999999,-9999999,-9999999,-9999999,-9999999
AT50-41,Axial Base Deep Profiler,RS03AXPD,45.82633,-129.76217,2025-08-07T22:25:12.000Z,CTD-004,*0000000000000100,2586.0,AT50-41_CTD-004,*0000000000000100,21,*0000000000000100,2025-08-08T00:36:31.000Z,304.816,*0000000001000100,302.096,45.82808,-129.76212,5.4903,*0000000001000100,5.4897,*0000000001000100,3.307994,*0000000001000100,3.302763,*0000000001000100,33.9054,33.8464,2.4267,*0000000011000100,7.04293,-0.0352,*0000000001000100,55.2620,-0.1494,*0000000000000100,-2.481,*0000000001000100,2.442844,*0000000000000100,*0000000000001000,-9999999,-9999999,-9999999,-9999999,-9999999,-9999999,-9999999,-9999999,-9999999,-9999999,-9999999,-9999999,-9999999,-9999999,-9999999,-9999999,-9999999,-9999999,-9999999,-9999999,-9999999,-9999999,-9999999,-9999999,-9999999,-9999999,-9999999,-9999999,-9999999,-9999999,-9999999,-9999999,-9999999,-9999999,-9999999,-9999999,-9999999,-9999999
AT50-41,Axial Base Deep Profiler,RS03AXPD,45.82633,-129.76217,2025-08-07T22:25:12.000Z,CTD-004,*0000000000000100,2586.0,AT50-41_CTD-004,*0000000000000100,22,*0000000000000100,2025-08-08T00:36:51.000Z,304.883,*0000000001000100,302.162,45.82808,-129.76212,5.4903,*0000000001000100,5.4910,*0000000001000100,3.308000,*0000000011000100,3.302874,*0000000011000100,33.9054,33.8464,2.4290,*0000000001000100,7.04293,-0.0357,*0000000001000100,55.2620,-0.1489,*0000000000000100,-2.482,*0000000001000100,-9999999,-9999999,-9999999,-9999999,-9999999,-9999999,-9999999,-9999999,-9999999,-9999999,-9999999,-9999999,-9999999,-9999999,-9999999,33.844301,-9999999,*0000000000000100,-9999999,-9999999,-9999999,-9999999,-9999999,-9999999,-9999999,-9999999,-9999999,-9999999,-9999999,-9999999,-9999999,-9999999,-9999999,-9999999,-9999999,-9999999,-9999999,-9999999,-9999999,-9999999,-9999999
AT50-41,Axial Base Deep Profiler,RS03AXPD,45.82633,-129.76217,2025-08-07T22:25:12.000Z,CTD-004,*0000000000000100,2586.0,AT50-41_CTD-004,*0000000000000100,23,*0000000000000100,2025-08-08T00:40:41.000Z,204.825,*0000000001000100,203.046,45.82808,-129.76212,6.5381,*0000000001000100,6.5385,*0000000001000100,3.390803,*0000000001000100,3.385649,*0000000001000100,33.8393,33.7818,3.4628,*0000000011000100,6.87562,-0.0317,*0000000001000100,55.2620,-0.1508,*0000000000000100,-2.446,*0000000001000100,3.532946,*0000000000000100,*0000000000001000,-9999999,-9999999,-9999999,-9999999,-9999999,-9999999,-9999999,-9999999,-9999999,-9999999,-9999999,-9999999,-9999999,-9999999,-9999999,-9999999,-9999999,-9999999,-9999999,-9999999,-9999999,-9999999,-9999999,-9999999,-9999999,-9999999,-9999999,-9999999,-9999999,-9999999,-9999999,-9999999,-9999999,-9999999,-9999999,-9999999,-9999999,-9999999
AT50-41,Axial Base Deep Profiler,RS03AXPD,45.82633,-129.76217,2025-08-07T22:25:12.000Z,CTD-004,*0000000000000100,2586.0,AT50-41_CTD-004,*0000000000000100,23,*0000000000000100,2025-08-08T00:40:41.000Z,204.825,*0000000001000100,203.046,45.82808,-129.76212,6.5381,*0000000001000100,6.5385,*0000000001000100,3.390803,*0000000001000100,3.385649,*0000000001000100,33.8393,33.7818,3.4628,*0000000011000100,6.87562,-0.0317,*0000000001000100,55.2620,-0.1508,*0000000000000100,-2.446,*0000000001000100,3.568183,*0000000000000100,*0000000000001000,-9999999,-9999999,-9999999,-9999999,-9999999,-9999999,-9999999,-9999999,-9999999,-9999999,-9999999,-9999999,-9999999,-9999999,-9999999,-9999999,-9999999,-9999999,-9999999,-9999999,-9999999,-9999999,-9999999,-9999999,-9999999,-9999999,-9999999,-9999999,-9999999,-9999999,-9999999,-9999999,-9999999,-9999999,-9999999,-9999999,-9999999,-9999999
AT50-41,Axial Base Shallow Profiler,RS03AXPS,45.83350,-129.75583,2025-08-18T15:43:31.000Z,CTD-007,*0000000000000100,2613.0,AT50-41_CTD-007,*0000000000000100,1,*0000000000000100,2025-08-18T15:52:39.000Z,223.743,*0000000001000100,221.790,45.83344,-129.75578,6.5455,*0000000001000100,6.5436,*0000000001000100,3.392130,*0000000001000100,3.391695,*0000000001000100,33.8374,33.8345,2.9187,*0000000001000100,6.87453,-0.0486,*0000000001000100,55.2620,-0.1502,*0000000000000100,7.553,*0000000011000100,-9999999,-9999999,-9999999,-9999999,-9999999,-9999999,-9999999,-9999999,2.207768,42.616064,31.966789,0.014594,0.858224,-9999999,*0000000000000100,-9999999,-9999999,-9999999,-9999999,-9999999,-9999999,2227.55,-9999999,*0000000000000100,863.1,21.6,-9999999,-9999999,-9999999,-9999999,-9999999,-9999999,2274.39,-9999999,-9999999,7.721,42.88,2125.89,58.79,1.309,0.847
AT50-41,Axial Base Shallow Profiler,RS03AXPS,45.83350,-129.75583,2025-08-18T15:43:31.000Z,CTD-007,*0000000000000100,2613.0,AT50-41_CTD-007,*0000000000000100,3,*0000000000000100,2025-08-18T15:56:38.000Z,203.104,*0000000001000100,201.341,45.83344,-129.75578,6.8450,*0000000001000100,6.8498,*0000000001000100,3.416950,*0000000011000100,3.417001,*0000000011000100,33.8261,33.8219,3.0016,*0000000011000100,6.82768,-0.0526,*0000000001000100,55.2620,-0.1456,*0000000000000100,7.580,*0000000011000100,3.042474,*0000000000000100,*0000000000001000,-9999999,-9999999,-9999999,-9999999,-9999999,2.172211,39.546017,31.125804,0.017677,0.096672,-9999999,*0000000000000100,33.818266,-9999999,*0000000000000100,-9999999,-9999999,-9999999,2212.06,-9999999,*0000000000000100,858.72,21.4,-9999999,-9999999,-9999999,-9999999,-9999999,-9999999,2260.13,-9999999,-9999999,7.723,42.22,2110.74,59.1,1.321,0.855
AT50-41,Axial Base Shallow Profiler,RS03AXPS,45.83350,-129.75583,2025-08-18T15:43:31.000Z,CTD-007,*0000000000000100,2613.0,AT50-41_CTD-007,*0000000000000100,3,*0000000000000100,2025-08-18T15:56:38.000Z,203.104,*0000000001000100,201.341,45.83344,-129.75578,6.8450,*0000000001000100,6.8498,*0000000001000100,3.416950,*0000000001000100,3.417001,*0000000001000100,33.8261,33.8219,3.0016,*0000000011000100,6.82768,-0.0526,*0000000001000100,55.2620,-0.1456,*0000000000000100,7.580,*0000000001000100,3.034141,*0000000000000100,*0000000000001000,-9999999,-9999999,-9999999,-9999999,-9999999,-9999999,-9999999,-9999999,-9999999,-9999999,-9999999,-9999999,-9999999,-9999999,-9999999,-9999999,-9999999,-9999999,-9999999,-9999999,-9999999,-9999999,-9999999,-9999999,-9999999,-9999999,-9999999,-9999999,-9999999,-9999999,-9999999,-9999999,-9999999,-9999999,-9999999,-9999999,-9999999,-9999999
AT50-41,Axial Base Shallow Profiler,RS03AXPS,45.83350,-129.75583,2025-08-18T15:43:31.000Z,CTD-007,*0000000000000100,2613.0,AT50-41_CTD-007,*0000000000000100,5,*0000000000000100,2025-08-18T16:01:01.000Z,183.413,*0000000001000100,181.829,45.83344,-129.75577,7.0774,*0000000001000100,7.0402,*0000000001000100,3.433314,*0000000001000100,3.429335,*0000000001000100,33.7870,33.7800,3.2021,*0000000001000100,6.79308,-0.0572,*0000000001000100,55.2620,-0.1527,*0000000000000100,7.605,*0000000011000100,-9999999,-9999999,-9999999,-9999999,-9999999,-9999999,-9999999,-9999999,2.062021,36.308617,30.355072,0.018712,1.696405,-9999999,*0000000000000100,-9999999,-9999999,-9999999,-9999999,-9999999,-9999999,2212.85,-9999999,*0000000000000100,826.75,21.4,-9999999,-9999999,-9999999,-9999999,-9999999,-9999999,2267.05,-9999999,-9999999,7.741,40.33,2110.5,62.02,1.393,0.902
AT50-41,Axial Base Shallow Profiler,RS03AXPS,45.83350,-129.75583,2025-08-18T15:43:31.000Z,CTD-007,*0000000000000100,2613.0,AT50-41_CTD-007,*0000000000000100,6,*0000000000000100,2025-08-18T16:01:50.000Z,183.184,*0000000001000100,181.602,45.83344,-129.75576,7.0582,*0000000001000100,7.0557,*0000000001000100,3.431390,*0000000001000100,3.430753,*0000000001000100,33.7849,33.7804,3.1935,*0000000001000100,6.79617,-0.0557,*0000000011000100,55.2620,-0.1483,*0000000000000100,7.608,*0000000001000100,-9999999,-9999999,-9999999,0.008294,0.014680,1.341463,*0000000000000100,*0000000000000100,-9999999,-9999999,-9999999,-9999999,-9999999,-9999999,-9999999,-9999999,-9999999,-9999999,-9999999,-9999999,-9999999,-9999999,-9999999,-9999999,-9999999,-9999999,-9999999,-9999999,-9999999,-9999999,-9999999,-9999999,-9999999,-9999999,-9999999,-9999999,-9999999,-9999999,-9999999,-9999999,-9999999
AT50-41,Axial Base Shallow Profiler,RS03AXPS,45.83350,-129.75583,2025-08-18T15:43:31.000Z,CTD-007,*0000000000000100,2613.0,AT50-41_CTD-007,*0000000000000100,7,*0000000000000100,2025-08-18T16:05:27.000Z,162.877,*0000000001000100,161.479,45.83346,-129.75576,7.2906,*0000000001000100,7.2888,*0000000001000100,3.445952,*0000000001000100,3.445397,*0000000001000100,33.7266,33.7223,3.3142,*0000000011000100,6.76272,-0.0545,*0000000001000100,55.2620,-0.1532,*0000000000000100,7.623,*0000000011000100,3.343873,*0000000000000100,*0000000000001000,-9999999,-9999999,-9999999,-9999999,-9999999,2.048282,33.735700,28.945012,0.026100,0.000016,-9999999,*0000000000000100,-9999999,-9999999,-9999999,-9999999,-9999999,-9999999,2201.42,-9999999,*0000000000000100,775.82,21.3,-9999999,-9999999,-9999999,-9999999,-9999999,-9999999,2264.2,-9999999,-9999999,7.767,37.58,2097.92,65.91,1.487,0.963
AT50-41,Axial Base Shallow Profiler,RS03AXPS,45.83350,-129.75583,2025-08-18T15:43:31.000Z,CTD-007,*0000000000000100,2613.0,AT50-41_CTD-007,*0000000000000100,7,*0000000000000100,2025-08-18T16:05:27.000Z,162.877,*0000000001000100,161.479,45.83346,-129.75576,7.2906,*0000000001000100,7.2888,*0000000001000100,3.445952,*0000000001000100,3.445397,*0000000001000100,33.7266,33.7223,3.3142,*0000000011000100,6.76272,-0.0545,*0000000001000100,55.2620,-0.1532,*0000000000000100,7.623,*0000000001000100,3.360927,*0000000000000100,*0000000000001000,-9999999,-9999999,-9999999,-9999999,-9999999,-9999999,-9999999,-9999999,-9999999,-9999999,-9999999,-9999999,-9999999,-9999999,-9999999,-9999999,-9999999,-9999999,-9999999,-9999999,-9999999,-9999999,-9999999,-9999999,-9999999,-9999999,-9999999,-9999999,-9999999,-9999999,-9999999,-9999999,-9999999,-9999999,-9999999,-9999999,-9999999,-9999999
AT50-41,Axial Base Shallow Profiler,RS03AXPS,45.83350,-129.75583,2025-08-18T15:43:31.000Z,CTD-007,*0000000000000100,2613.0,AT50-41_CTD-007,*0000000000000100,8,*0000000000000100,2025-08-18T16:06:01.000Z,163.171,*0000000001000100,161.770,45.83344,-129.75576,7.2921,*0000000001000100,7.2901,*0000000001000100,3.446095,*0000000001000100,3.445527,*0000000001000100,33.7265,33.7223,3.3128,*0000000001000100,6.76249,-0.0483,*0000000011000100,55.2620,-0.1461,*0000000000000100,7.623,*0000000001000100,-9999999,-9999999,-9999999,0.007702,0.018075,1.282609,*0000000000000100,*0000000000000100,-9999999,-9999999,-9999999,-9999999,-9999999,-9999999,-9999999,-9999999,-9999999,-9999999,-9999999,-9999999,-9999999,-9999999,-9999999,-9999999,-9999999,-9999999,-9999999,-9999999,-9999999,-9999999,-9999999,-9999999,-9999999,-9999999,-9999999,-9999999,-9999999,-9999999,-9999999,-9999999,-9999999
AT50-41,Axial Base Shallow Profiler,RS03AXPS,45.83350,-129.75583,2025-08-18T15:43:31.000Z,CTD-007,*0000000000000100,2613.0,AT50-41_CTD-007,*0000000000000100,9,*0000000000000100,2025-08-18T16:11:18.000Z,144.303,*0000000001000100,143.071,45.83344,-129.75578,7.5323,*0000000001000100,7.5315,*0000000001000100,3.457741,*0000000001000100,3.457211,*0000000001000100,33.6286,33.6236,3.4748,*0000000001000100,6.72990,-0.0503,*0000000001000100,55.2620,-0.1450,*0000000000000100,7.645,*0000000011000100,-9999999,-9999999,-9999999,-9999999,-9999999,-9999999,-9999999,-9999999,0.390098,0.790593,0.267290,0.003774,0.107104,-9999999,*0000000000000100,-9999999,-9999999,-9999999,-9999999,-9999999,-9999999,1986.4,-9999999,*0000000000000100,272.82,21.5,-9999999,-9999999,-9999999,-9999999,-9999999,-9999999,2193.81,-9999999,-9999999,8.164,13.11,1829.37,143.92,3.262,2.112
AT50-41,Axial Base Shallow Profiler,RS03AXPS,45.83350,-129.75583,2025-08-18T15:43:31.000Z,CTD-007,*0000000000000100,2613.0,AT50-41_CTD-007,*0000000000000100,11,*0000000000000100,2025-08-18T16:15:16.000Z,123.670,*0000000001000100,122.620,45.83344,-129.75578,7.6045,*0000000001000100,7.6027,*0000000001000100,3.426333,*0000000011000100,3.425810,*0000000011000100,33.2301,33.2262,4.7539,*0000000011000100,6.73641,-0.0411,*0000000011000100,55.2620,-0.1483,*0000000000000100,7.758,*0000000011000100,4.818072,*0000000000000100,*0000000000001000,0.019551,0.009027,1.647059,*0000000000000100,*0000000000000100,1.625490,20.952825,21.162875,0.021395,0.000018,-9999999,*0000000000000100,33.228346,-9999999,*0000000000000100,-9999999,-9999999,-9999999,2145.37,-9999999,*0000000000000100,586.92,21.3,-9999999,-9999999,-9999999,-9999999,-9999999,-9999999,2242.39,-9999999,-9999999,7.879,28.21,2034.76,82.4,1.881,1.218
AT50-41,Axial Base Shallow Profiler,RS03AXPS,45.83350,-129.75583,2025-08-18T15:43:31.000Z,CTD-007,*0000000000000100,2613.0,AT50-41_CTD-007,*0000000000000100,11,*0000000000000100,2025-08-18T16:15:16.000Z,123.670,*0000000001000100,122.620,45.83344,-129.75578,7.6045,*0000000001000100,7.6027,*0000000001000100,3.426333,*0000000001000100,3.425810,*0000000001000100,33.2301,33.2262,4.7539,*0000000011000100,6.73641,-0.0411,*0000000001000100,55.2620,-0.1483,*0000000000000100,7.758,*0000000001000100,4.822059,*0000000000000100,*0000000000001000,-9999999,-9999999,-9999999,-9999999,-9999999,-9999999,-9999999,-9999999,-9999999,-9999999,-9999999,-9999999,-9999999,-9999999,-9999999,-9999999,-9999999,-9999999,-9999999,-9999999,-9999999,-9999999,-9999999,-9999999,-9999999,-9999999,-9999999,-9999999,-9999999,-9999999,-9999999,-9999999,-9999999,-9999999,-9999999,-9999999,-9999999,-9999999
AT50-41,Axial Base Shallow Profiler,RS03AXPS,45.83350,-129.75583,2025-08-18T15:43:31.000Z,CTD-007,*0000000000000100,2613.0,AT50-41_CTD-007,*0000000000000100,13,*0000000000000100,2025-08-18T16:19:13.000Z,103.381,*0000000001000100,102.508,45.83344,-129.75578,8.3090,*0000000001000100,8.3043,*0000000001000100,3.435027,*0000000001000100,3.434423,*0000000001000100,32.6689,32.6669,5.6690,*0000000001000100,6.65431,-0.0278,*0000000001000100,55.2620,-0.1472,*0000000000000100,7.868,*0000000011000100,-9999999,-9999999,-9999999,-9999999,-9999999,-9999999,-9999999,-9999999,1.164304,10.078884,12.974596,0.021160,0.076704,-9999999,*0000000000000100,-9999999,-9999999,-9999999,-9999999,-9999999,-9999999,2091.26,-9999999,*0000000000000100,445.91,21.3,-9999999,-9999999,-9999999,-9999999,-9999999,-9999999,2227.02,-9999999,-9999999,7.988,20.99,1966.69,103.59,2.386,1.547
AT50-41,Axial Base Shallow Profiler,RS03AXPS,45.83350,-129.75583,2025-08-18T15:43:31.000Z,CTD-007,*0000000000000100,2613.0,AT50-41_CTD-007,*0000000000000100,14,*0000000000000100,2025-08-18T16:19:40.000Z,103.301,*0000000001000100,102.429,45.83344,-129.75578,8.3131,*0000000001000100,8.3140,*0000000001000100,3.435191,*0000000001000100,3.434718,*0000000001000100,32.6669,32.6610,5.6740,*0000000011000100,6.65379,-0.0323,*0000000001000100,55.2620,-0.1494,*0000000000000100,7.869,*0000000001000100,5.780131,*0000000000000100,*0000000000001000,-9999999,-9999999,-9999999,-9999999,-9999999,-9999999,-9999999,-9999999,-9999999,-9999999,-9999999,-9999999,-9999999,-9999999,-9999999,-9999999,-9999999,-9999999,-9999999,-9999999,-9999999,-9999999,-9999999,-9999999,-9999999,-9999999,-9999999,-9999999,-9999999,-9999999,-9999999,-9999999,-9999999,-9999999,-9999999,-9999999,-9999999,-9999999
AT50-41,Axial Base Shallow Profiler,RS03AXPS,45.83350,-129.75583,2025-08-18T15:43:31.000Z,CTD-007,*0000000000000100,2613.0,AT50-41_CTD-007,*0000000000000100,14,*0000000000000100,2025-08-18T16:19:40.000Z,103.301,*0000000001000100,102.429,45.83344,-129.75578,8.3131,*0000000001000100,8.3140,*0000000001000100,3.435191,*0000000001000100,3.434718,*0000000001000100,32.6669,32.6610,5.6740,*0000000011000100,6.65379,-0.0323,*0000000001000100,55.2620,-0.1494,*0000000000000100,7.869,*0000000001000100,5.796531,*0000000000000100,*0000000000001000,-9999999,-9999999,-9999999,-9999999,-9999999,-9999999,-9999999,-9999999,-9999999,-9999999,-9999999,-9999999,-9999999,-9999999,-9999999,-9999999,-9999999,-9999999,-9999999,-9999999,-9999999,-9999999,-9999999,-9999999,-9999999,-9999999,-9999999,-9999999,-9999999,-9999999,-9999999,-9999999,-9999999,-9999999,-9999999,-9999999,-9999999,-9999999
AT50-41,Axial Base Shallow Profiler,RS03AXPS,45.83350,-129.75583,2025-08-18T15:43:31.000Z,CTD-007,*0000000000000100,2613.0,AT50-41_CTD-007,*0000000000000100,15,*0000000000000100,2025-08-18T16:23:39.000Z,83.569,*0000000001000100,82.868,45.83345,-129.75578,8.7150,*0000000001000100,8.7131,*0000000001000100,3.443662,*0000000011000100,3.443028,*0000000011000100,32.3945,32.3896,6.2761,*0000000001000100,6.60583,-0.0038,*0000000001000100,55.2620,-0.1467,*0000000000000100,7.939,*0000000011000100,-9999999,-9999999,-9999999,-9999999,-9999999,-9999999,-9999999,-9999999,0.903147,5.847950,6.741077,0.451580,0.870833,-9999999,*0000000000000100,32.412410,-9999999,*0000000000000100,-9999999,-9999999,-9999999,2067.73,-9999999,*0000000000000100,388.19,21.4,-9999999,-9999999,-9999999,-9999999,-9999999,-9999999,2225.45,-9999999,-9999999,8.043,18.05,1933.11,116.57,2.702,1.753
AT50-41,Axial Base Shallow Profiler,RS03AXPS,45.83350,-129.75583,2025-08-18T15:43:31.000Z,CTD-007,*0000000000000100,2613.0,AT50-41_CTD-007,*0000000000000100,16,*0000000000000100,2025-08-18T16:24:17.000Z,83.437,*0000000001000100,82.737,45.83346,-129.75577,8.7094,*0000000001000100,8.7154,*0000000001000100,3.443265,*0000000001000100,3.443240,*0000000001000100,32.3955,32.3898,6.2878,*0000000011000100,6.60661,0.0029,*0000000001000100,55.2620,-0.1491,*0000000000000100,7.939,*0000000001000100,6.407504,*0000000000000100,*0000000000001000,-9999999,-9999999,-9999999,-9999999,-9999999,-9999999,-9999999,-9999999,-9999999,-9999999,-9999999,-9999999,-9999999,-9999999,-9999999,-9999999,-9999999,-9999999,-9999999,-9999999,-9999999,-9999999,-9999999,-9999999,-9999999,-9999999,-9999999,-9999999,-9999999,-9999999,-9999999,-9999999,-9999999,-9999999,-9999999,-9999999,-9999999,-9999999
AT50-41,Axial Base Shallow Profiler,RS03AXPS,45.83350,-129.75583,2025-08-18T15:43:31.000Z,CTD-007,*0000000000000100,2613.0,AT50-41_CTD-007,*0000000000000100,16,*0000000000000100,2025-08-18T16:24:17.000Z,83.437,*0000000001000100,82.737,45.83346,-129.75577,8.7094,*0000000001000100,8.7154,*0000000001000100,3.443265,*0000000001000100,3.443240,*0000000001000100,32.3955,32.3898,6.2878,*0000000011000100,6.60661,0.0029,*0000000011000100,55.2620,-0.1491,*0000000000000100,7.939,*0000000001000100,6.405500,*0000000000000100,*0000000000001000,0.083536,0.054313,1.573171,*0000000000000100,*0000000000000100,-9999999,-9999999,-9999999,-9999999,-9999999,-9999999,-9999999,-9999999,-9999999,-9999999,-9999999,-9999999,-9999999,-9999999,-9999999,-9999999,-9999999,-9999999,-9999999,-9999999,-9999999,-9999999,-9999999,-9999999,-9999999,-9999999,-9999999,-9999999,-9999999,-9999999,-9999999,-9999999,-9999999
AT50-41,Axial Base Shallow Profiler,RS03AXPS,45.83350,-129.75583,2025-08-18T15:43:31.000Z,CTD-007,*0000000000000100,2613.0,AT50-41_CTD-007,*0000000000000100,17,*0000000000000100,2025-08-18T16:27:44.000Z,63.836,*0000000001000100,63.304,45.83345,-129.75576,9.9793,*0000000001000100,9.9730,*0000000001000100,3.549598,*0000000001000100,3.548462,*0000000001000100,32.3487,32.3428,6.3939,*0000000001000100,6.42591,0.4112,*0000000001000100,55.2620,-0.1472,*0000000000000100,7.963,*0000000011000100,-9999999,-9999999,-9999999,-9999999,-9999999,-9999999,-9999999,-9999999,0.795751,3.736429,5.002544,0.190140,0.924474,-9999999,*0000000000000100,-9999999,-9999999,-9999999,-9999999,-9999999,-9999999,2051.39,-9999999,*0000000000000100,398.43,21.5,-9999999,-9999999,-9999999,-9999999,-9999999,-9999999,2211.54,-9999999,-9999999,8.033,17.76,1915.51,118.12,2.751,1.788
AT50-41,Axial Base Shallow Profiler,RS03AXPS,45.83350,-129.75583,2025-08-18T15:43:31.000Z,CTD-007,*0000000000000100,2613.0,AT50-41_CTD-007,*0000000000000100,18,*0000000000000100,2025-08-18T16:28:31.000Z,64.042,*0000000001000100,63.507,45.83345,-129.75578,9.9834,*0000000001000100,9.9890,*0000000001000100,3.550048,*0000000001000100,3.549936,*0000000001000100,32.3495,32.3434,6.3971,*0000000011000100,6.42531,0.3942,*0000000011000100,55.2620,-0.1486,*0000000000000100,7.964,*0000000001000100,6.492497,*0000000000000100,*0000000000001000,0.248239,0.197249,1.527044,*0000000000000100,*0000000000000100,-9999999,-9999999,-9999999,-9999999,-9999999,-9999999,-9999999,-9999999,-9999999,-9999999,-9999999,-9999999,-9999999,-9999999,-9999999,-9999999,-9999999,-9999999,-9999999,-9999999,-9999999,-9999999,-9999999,-9999999,-9999999,-9999999,-9999999,-9999999,-9999999,-9999999,-9999999,-9999999,-9999999
AT50-41,Axial Base Shallow Profiler,RS03AXPS,45.83350,-129.75583,2025-08-18T15:43:31.000Z,CTD-007,*0000000000000100,2613.0,AT50-41_CTD-007,*0000000000000100,18,*0000000000000100,2025-08-18T16:28:31.000Z,64.042,*0000000001000100,63.507,45.83345,-129.75578,9.9834,*0000000001000100,9.9890,*0000000001000100,3.550048,*0000000001000100,3.549936,*0000000001000100,32.3495,32.3434,6.3971,*0000000011000100,6.42531,0.3942,*0000000001000100,55.2620,-0.1486,*0000000000000100,7.964,*0000000001000100,6.501214,*0000000000000100,*0000000000001000,-9999999,-9999999,-9999999,-9999999,-9999999,-9999999,-9999999,-9999999,-9999999,-9999999,-9999999,-9999999,-9999999,-9999999,-9999999,-9999999,-9999999,-9999999,-9999999,-9999999,-9999999,-9999999,-9999999,-9999999,-9999999,-9999999,-9999999,-9999999,-9999999,-9999999,-9999999,-9999999,-9999999,-9999999,-9999999,-9999999,-9999999,-9999999
AT50-41,Axial Base Shallow Profiler,RS03AXPS,45.83350,-129.75583,2025-08-18T15:43:31.000Z,CTD-007,*0000000000000100,2613.0,AT50-41_CTD-007,*0000000000000100,19,*0000000000000100,2025-08-18T16:32:23.000Z,43.411,*0000000001000100,43.051,45.83345,-129.75576,12.3639,*0000000001000100,12.3754,*0000000001000100,3.762760,*0000000011000100,3.762728,*0000000011000100,32.3605,32.3503,6.5926,*0000000001000100,6.10621,0.9577,*0000000001000100,55.2620,-0.1510,*0000000000000100,8.018,*0000000011000100,-9999999,-9999999,-9999999,-9999999,-9999999,-9999999,-9999999,-9999999,0.542299,0.683322,0.330639,0.022643,0.851503,-9999999,*0000000000000100,32.349221,-9999999,*0000000000000100,-9999999,-9999999,-9999999,2014.84,-9999999,*0000000000000100,358.28,21.2,-9999999,-9999999,-9999999,-9999999,-9999999,-9999999,2207.36,-9999999,-9999999,8.075,14.78,1861.76,138.3,3.236,2.111
AT50-41,Axial Base Shallow Profiler,RS03AXPS,45.83350,-129.75583,2025-08-18T15:43:31.000Z,CTD-007,*0000000000000100,2613.0,AT50-41_CTD-007,*0000000000000100,20,*0000000000000100,2025-08-18T16:33:04.000Z,43.454,*0000000001000100,43.093,45.83344,-129.75576,12.2802,*0000000001000100,12.3108,*0000000001000100,3.755606,*0000000001000100,3.757650,*0000000001000100,32.3642,32.3574,6.6107,*0000000001000100,6.11676,0.9723,*0000000011000100,55.2620,-0.1478,*0000000000000100,8.018,*0000000001000100,-9999999,-9999999,-9999999,0.548613,0.279601,1.626522,*0000000000000100,*0000000000000100,-9999999,-9999999,-9999999,-9999999,-9999999,-9999999,-9999999,-9999999,-9999999,-9999999,-9999999,-9999999,-9999999,-9999999,-9999999,-9999999,-9999999,-9999999,-9999999,-9999999,-9999999,-9999999,-9999999,-9999999,-9999999,-9999999,-9999999,-9999999,-9999999,-9999999,-9999999,-9999999,-9999999
AT50-41,Axial Base Shallow Profiler,RS03AXPS,45.83350,-129.75583,2025-08-18T15:43:31.000Z,CTD-007,*0000000000000100,2613.0,AT50-41_CTD-007,*0000000000000100,21,*0000000000000100,2025-08-18T16:36:49.000Z,24.054,*0000000001000100,23.856,45.83344,-129.75578,17.5576,*0000000001000100,17.5549,*0000000001000100,4.225144,*0000000001000100,4.223990,*0000000001000100,32.2440,32.2364,5.5876,*0000000011000100,5.50703,0.1535,*0000000001000100,55.2620,-0.1502,*0000000000000100,8.023,*0000000011000100,5.710887,*0000000000000100,*0000000000001000,-9999999,-9999999,-9999999,-9999999,-9999999,0.413578,0.731082,0.286409,0.001660,0.446555,-9999999,*0000000000000100,-9999999,-9999999,-9999999,-9999999,-9999999,-9999999,1999.16,-9999999,*0000000000000100,411.65,21.3,-9999999,-9999999,-9999999,-9999999,-9999999,-9999999,2203.1,-9999999,-9999999,8.025,14.51,1837.42,147.23,3.476,2.289
AT50-41,Axial Base Shallow Profiler,RS03AXPS,45.83350,-129.75583,2025-08-18T15:43:31.000Z,CTD-007,*0000000000000100,2613.0,AT50-41_CTD-007,*0000000000000100,21,*0000000000000100,2025-08-18T16:36:49.000Z,24.054,*0000000001000100,23.856,45.83344,-129.75578,17.5576,*0000000001000100,17.5549,*0000000001000100,4.225144,*0000000001000100,4.223990,*0000000001000100,32.2440,32.2364,5.5876,*0000000011000100,5.50703,0.1535,*0000000001000100,55.2620,-0.1502,*0000000000000100,8.023,*0000000001000100,5.710328,*0000000000000100,*0000000000001000,-9999999,-9999999,-9999999,-9999999,-9999999,-9999999,-9999999,-9999999,-9999999,-9999999,-9999999,-9999999,-9999999,-9999999,-9999999,-9999999,-9999999,-9999999,-9999999,-9999999,-9999999,-9999999,-9999999,-9999999,-9999999,-9999999,-9999999,-9999999,-9999999,-9999999,-9999999,-9999999,-9999999,-9999999,-9999999,-9999999,-9999999,-9999999
AT50-41,Axial Base Shallow Profiler,RS03AXPS,45.83350,-129.75583,2025-08-18T15:43:31.000Z,CTD-007,*0000000000000100,2613.0,AT50-41_CTD-007,*0000000000000100,22,*0000000000000100,2025-08-18T16:37:15.000Z,23.714,*0000000001000100,23.519,45.83344,-129.75578,17.6112,*0000000001000100,17.6075,*0000000001000100,4.230006,*0000000001000100,4.228860,*0000000001000100,32.2431,32.2362,5.5888,*0000000001000100,5.50141,0.1573,*0000000011000100,55.2620,-0.1480,*0000000000000100,8.023,*0000000001000100,-9999999,-9999999,-9999999,0.232242,0.035050,1.821803,*0000000000000100,*0000000000000100,-9999999,-9999999,-9999999,-9999999,-9999999,-9999999,-9999999,-9999999,-9999999,-9999999,-9999999,-9999999,-9999999,-9999999,-9999999,-9999999,-9999999,-9999999,-9999999,-9999999,-9999999,-9999999,-9999999,-9999999,-9999999,-9999999,-9999999,-9999999,-9999999,-9999999,-9999999,-9999999,-9999999
AT50-41,Axial Base Shallow Profiler,RS03AXPS,45.83350,-129.75583,2025-08-18T15:43:31.000Z,CTD-007,*0000000000000100,2613.0,AT50-41_CTD-007,*0000000000000100,23,*0000000000000100,2025-08-18T16:40:07.000Z,13.725,*0000000001000100,13.612,45.83344,-129.75577,17.8368,*0000000001000100,17.8361,*0000000001000100,4.239738,*0000000011000100,4.238982,*0000000011000100,32.1508,32.1449,5.4503,*0000000011000100,5.48078,0.0438,*0000000001000100,55.2620,-0.1464,*0000000000000100,8.021,*0000000001000100,5.599219,*0000000000000100,*0000000000001000,-9999999,-9999999,-9999999,-9999999,-9999999,0.370633,0.735821,0.235333,0.008200,0.188770,-9999999,*0000000000000100,32.143164,-9999999,*0000000000000100,-9999999,-9999999,-9999999,-9999999,-9999999,-9999999,-9999999,-9999999,-9999999,-9999999,-9999999,-9999999,-9999999,-9999999,-9999999,-9999999,-9999999,-9999999,-9999999,-9999999,-9999999,-9999999,-9999999
AT50-41,Axial Base Shallow Profiler,RS03AXPS,45.83350,-129.75583,2025-08-18T15:43:31.000Z,CTD-007,*0000000000000100,2613.0,AT50-41_CTD-007,*0000000000000100,23,*0000000000000100,2025-08-18T16:40:07.000Z,13.725,*0000000001000100,13.612,45.83344,-129.75577,17.8368,*0000000001000100,17.8361,*0000000001000100,4.239738,*0000000001000100,4.238982,*0000000001000100,32.1508,32.1449,5.4503,*0000000011000100,5.48078,0.0438,*0000000001000100,55.2620,-0.1464,*0000000000000100,8.021,*0000000011000100,5.561629,*0000000000000100,*0000000000001000,-9999999,-9999999,-9999999,-9999999,-9999999,-9999999,-9999999,-9999999,-9999999,-9999999,-9999999,-9999999,-9999999,-9999999,-9999999,-9999999,-9999999,-9999999,2005.1,-9999999,*0000000000000100,416.51,21.0,-9999999,-9999999,-9999999,-9999999,-9999999,-9999999,2209.51,-9999999,-9999999,8.022,14.57,1842.62,147.91,3.502,2.307
AT50-41,Axial Base Shallow Profiler,RS03AXPS,45.83350,-129.75583,2025-08-18T15:43:31.000Z,CTD-007,*0000000000000100,2613.0,AT50-41_CTD-007,*0000000000000100,24,*0000000000000100,2025-08-18T16:40:34.000Z,13.783,*0000000001000100,13.670,45.83344,-129.75578,17.8364,*0000000001000100,17.8335,*0000000001000100,4.239762,*0000000001000100,4.238788,*0000000001000100,32.1513,32.1454,5.4445,*0000000001000100,5.48080,0.0365,*0000000011000100,55.2620,-0.1472,*0000000000000100,8.021,*0000000001000100,-9999999,-9999999,-9999999,0.161740,0.020938,1.837423,*0000000000000100,*0000000000000100,-9999999,-9999999,-9999999,-9999999,-9999999,-9999999,-9999999,-9999999,-9999999,-9999999,-9999999,-9999999,-9999999,-9999999,-9999999,-9999999,-9999999,-9999999,-9999999,-9999999,-9999999,-9999999,-9999999,-9999999,-9999999,-9999999,-9999999,-9999999,-9999999,-9999999,-9999999,-9999999,-9999999
AT50-41,Slope Base Shallow Profiler,RS01SBPS,44.52467,-125.39167,2025-08-25T15:21:13.000Z,CTD-008,*0000000000000100,2908.0,AT50-41_CTD-008,*0000000000000100,1,*0000000000000100,2025-08-25T15:29:37.000Z,223.840,*0000000001000100,221.912,44.52472,-125.39168,6.8456,*0000000001000100,6.8424,*0000000001000100,3.432567,*0000000001000100,3.432315,*0000000001000100,33.9873,33.9876,1.5940,*0000000001000100,6.82035,-0.0482,*0000000001000100,55.2620,-0.1497,*0000000000000100,7.496,*0000000011000100,-9999999,-9999999,-9999999,-9999999,-9999999,-9999999,-9999999,-9999999,2.543958,50.454361,35.993285,0.017063,0.151906,-9999999,*0000000000000100,-9999999,-9999999,-9999999,-9999999,-9999999,-9999999,2329.1,-9999999,*0000000000000100,1112.45,21.3,-9999999,-9999999,-9999999,-9999999,-9999999,-9999999,2351.09,-9999999,-9999999,7.632,54.64,2223.69,50.77,1.129,0.731
AT50-41,Slope Base Shallow Profiler,RS01SBPS,44.52467,-125.39167,2025-08-25T15:21:13.000Z,CTD-008,*0000000000000100,2908.0,AT50-41_CTD-008,*0000000000000100,3,*0000000000000100,2025-08-25T15:33:26.000Z,203.810,*0000000001000100,202.064,44.52472,-125.39170,7.0869,*0000000001000100,7.0847,*0000000001000100,3.451229,*0000000011000100,3.451030,*0000000011000100,33.9637,33.9637,1.7341,*0000000011000100,6.78372,-0.0471,*0000000001000100,55.2620,-0.1500,*0000000000000100,7.509,*0000000011000100,1.776641,*0000000000000100,*0000000000001000,-9999999,-9999999,-9999999,-9999999,-9999999,2.484439,46.890639,35.352711,0.019476,0.265724,-9999999,*0000000000000100,33.959731,-9999999,*0000000000000100,-9999999,-9999999,-9999999,2329.28,-9999999,*0000000000000100,1442.57,21.4,-9999999,-9999999,-9999999,-9999999,-9999999,-9999999,2318.78,-9999999,-9999999,7.52,70.28,2219.56,39.44,0.881,0.571
AT50-41,Slope Base Shallow Profiler,RS01SBPS,44.52467,-125.39167,2025-08-25T15:21:13.000Z,CTD-008,*0000000000000100,2908.0,AT50-41_CTD-008,*0000000000000100,3,*0000000000000100,2025-08-25T15:33:26.000Z,203.810,*0000000001000100,202.064,44.52472,-125.39170,7.0869,*0000000001000100,7.0847,*0000000001000100,3.451229,*0000000001000100,3.451030,*0000000001000100,33.9637,33.9637,1.7341,*0000000011000100,6.78372,-0.0471,*0000000001000100,55.2620,-0.1500,*0000000000000100,7.509,*0000000001000100,1.763211,*0000000000000100,*0000000000001000,-9999999,-9999999,-9999999,-9999999,-9999999,-9999999,-9999999,-9999999,-9999999,-9999999,-9999999,-9999999,-9999999,-9999999,-9999999,-9999999,-9999999,-9999999,-9999999,-9999999,-9999999,-9999999,-9999999,-9999999,-9999999,-9999999,-9999999,-9999999,-9999999,-9999999,-9999999,-9999999,-9999999,-9999999,-9999999,-9999999,-9999999,-9999999
AT50-41,Slope Base Shallow Profiler,RS01SBPS,44.52467,-125.39167,2025-08-25T15:21:13.000Z,CTD-008,*0000000000000100,2908.0,AT50-41_CTD-008,*0000000000000100,5,*0000000000000100,2025-08-25T15:38:20.000Z,184.044,*0000000001000100,182.477,44.52472,-125.39170,7.3482,*0000000001000100,7.3481,*0000000001000100,3.470778,*0000000001000100,3.470710,*0000000001000100,33.9300,33.9293,1.9494,*0000000001000100,6.74483,-0.0450,*0000000001000100,55.2620,-0.1524,*0000000000000100,7.528,*0000000011000100,-9999999,-9999999,-9999999,-9999999,-9999999,-9999999,-9999999,-9999999,2.374224,43.063021,33.944773,0.021960,0.361769,-9999999,*0000000000000100,-9999999,-9999999,-9999999,-9999999,-9999999,-9999999,2261.95,-9999999,*0000000000000100,1032.22,21.6,-9999999,-9999999,-9999999,-9999999,-9999999,-9999999,2292.33,-9999999,-9999999,7.655,49.84,2159.3,52.81,1.184,0.767
AT50-41,Slope Base Shallow Profiler,RS01SBPS,44.52467,-125.39167,2025-08-25T15:21:13.000Z,CTD-008,*0000000000000100,2908.0,AT50-41_CTD-008,*0000000000000100,6,*0000000000000100,2025-08-25T15:38:52.000Z,184.110,*0000000001000100,182.542,44.52472,-125.39170,7.3479,*0000000001000100,7.3469,*0000000001000100,3.470746,*0000000001000100,3.470599,*0000000001000100,33.9299,33.9293,1.9474,*0000000001000100,6.74488,-0.0539,*0000000011000100,55.2620,-0.1475,*0000000000000100,7.528,*0000000001000100,-9999999,-9999999,-9999999,0.004740,0.021037,1.173913,*0000000000000100,*0000000000000100,-9999999,-9999999,-9999999,-9999999,-9999999,-9999999,-9999999,-9999999,-9999999,-9999999,-9999999,-9999999,-9999999,-9999999,-9999999,-9999999,-9999999,-9999999,-9999999,-9999999,-9999999,-9999999,-9999999,-9999999,-9999999,-9999999,-9999999,-9999999,-9999999,-9999999,-9999999,-9999999,-9999999
AT50-41,Slope Base Shallow Profiler,RS01SBPS,44.52467,-125.39167,2025-08-25T15:21:13.000Z,CTD-008,*0000000000000100,2908.0,AT50-41_CTD-008,*0000000000000100,7,*0000000000000100,2025-08-25T15:42:59.000Z,164.133,*0000000001000100,162.743,44.52472,-125.39170,7.5857,*0000000001000100,7.5899,*0000000001000100,3.486728,*0000000001000100,3.486808,*0000000001000100,33.8804,33.8773,2.2657,*0000000011000100,6.71066,-0.0492,*0000000001000100,55.2620,-0.1472,*0000000000000100,7.555,*0000000011000100,2.307495,*0000000000000100,*0000000000001000,-9999999,-9999999,-9999999,-9999999,-9999999,2.288889,39.183027,32.209918,0.031051,0.395754,-9999999,*0000000000000100,-9999999,-9999999,-9999999,-9999999,-9999999,-9999999,2244.42,-9999999,*0000000000000100,983.51,21.4,-9999999,-9999999,-9999999,-9999999,-9999999,-9999999,2282.96,-9999999,-9999999,7.675,46.53,2141.84,56.04,1.263,0.819
AT50-41,Slope Base Shallow Profiler,RS01SBPS,44.52467,-125.39167,2025-08-25T15:21:13.000Z,CTD-008,*0000000000000100,2908.0,AT50-41_CTD-008,*0000000000000100,7,*0000000000000100,2025-08-25T15:42:59.000Z,164.133,*0000000001000100,162.743,44.52472,-125.39170,7.5857,*0000000001000100,7.5899,*0000000001000100,3.486728,*0000000001000100,3.486808,*0000000001000100,33.8804,33.8773,2.2657,*0000000011000100,6.71066,-0.0492,*0000000001000100,55.2620,-0.1472,*0000000000000100,7.555,*0000000001000100,2.300383,*0000000000000100,*0000000000001000,-9999999,-9999999,-9999999,-9999999,-9999999,-9999999,-9999999,-9999999,-9999999,-9999999,-9999999,-9999999,-9999999,-9999999,-9999999,-9999999,-9999999,-9999999,-9999999,-9999999,-9999999,-9999999,-9999999,-9999999,-9999999,-9999999,-9999999,-9999999,-9999999,-9999999,-9999999,-9999999,-9999999,-9999999,-9999999,-9999999,-9999999,-9999999
AT50-41,Slope Base Shallow Profiler,RS01SBPS,44.52467,-125.39167,2025-08-25T15:21:13.000Z,CTD-008,*0000000000000100,2908.0,AT50-41_CTD-008,*0000000000000100,8,*0000000000000100,2025-08-25T15:43:35.000Z,164.196,*0000000001000100,162.806,44.52473,-125.39170,7.5805,*0000000001000100,7.5793,*0000000001000100,3.486382,*0000000001000100,3.486219,*0000000001000100,33.8817,33.8812,2.2495,*0000000001000100,6.71140,-0.0483,*0000000011000100,55.2620,-0.1467,*0000000000000100,7.555,*0000000001000100,-9999999,-9999999,-9999999,0.007702,0.030403,1.191176,*0000000000000100,*0000000000000100,-9999999,-9999999,-9999999,-9999999,-9999999,-9999999,-9999999,-9999999,-9999999,-9999999,-9999999,-9999999,-9999999,-9999999,-9999999,-9999999,-9999999,-9999999,-9999999,-9999999,-9999999,-9999999,-9999999,-9999999,-9999999,-9999999,-9999999,-9999999,-9999999,-9999999,-9999999,-9999999,-9999999
AT50-41,Slope Base Shallow Profiler,RS01SBPS,44.52467,-125.39167,2025-08-25T15:21:13.000Z,CTD-008,*0000000000000100,2908.0,AT50-41_CTD-008,*0000000000000100,9,*0000000000000100,2025-08-25T15:47:00.000Z,144.105,*0000000001000100,142.892,44.52472,-125.39170,7.6760,*0000000001000100,7.6788,*0000000001000100,3.484202,*0000000001000100,3.484336,*0000000001000100,33.7751,33.7738,2.9271,*0000000001000100,6.70156,-0.0514,*0000000001000100,55.2620,-0.1513,*0000000000000100,7.612,*0000000011000100,-9999999,-9999999,-9999999,-9999999,-9999999,-9999999,-9999999,-9999999,2.087116,33.836748,29.753241,0.022493,0.263057,-9999999,*0000000000000100,-9999999,-9999999,-9999999,-9999999,-9999999,-9999999,2219.8,-9999999,*0000000000000100,913.42,21.5,-9999999,-9999999,-9999999,-9999999,-9999999,-9999999,2264.71,-9999999,-9999999,7.703,43.65,2117.96,58.2,1.317,0.853
AT50-41,Slope Base Shallow Profiler,RS01SBPS,44.52467,-125.39167,2025-08-25T15:21:13.000Z,CTD-008,*0000000000000100,2908.0,AT50-41_CTD-008,*0000000000000100,11,*0000000000000100,2025-08-25T15:50:19.000Z,124.134,*0000000001000100,123.095,44.52472,-125.39170,7.8929,*0000000001000100,7.8898,*0000000001000100,3.487648,*0000000011000100,3.487542,*0000000011000100,33.6120,33.6139,3.6444,*0000000011000100,6.67584,-0.0540,*0000000011000100,55.2620,-0.1491,*0000000000000100,7.678,*0000000011000100,3.717971,*0000000000000100,*0000000000001000,0.008887,0.019131,1.3,*0000000000000100,*0000000000000100,1.657637,23.530491,22.445499,0.032711,0.262366,-9999999,*0000000000000100,33.608247,-9999999,*0000000000000100,-9999999,-9999999,-9999999,2195.57,-9999999,*0000000000000100,752.22,18.6,-9999999,-9999999,-9999999,-9999999,-9999999,-9999999,2264.76,-9999999,-9999999,7.783,35.79,2090.64,69.14,1.573,1.019
AT50-41,Slope Base Shallow Profiler,RS01SBPS,44.52467,-125.39167,2025-08-25T15:21:13.000Z,CTD-008,*0000000000000100,2908.0,AT50-41_CTD-008,*0000000000000100,11,*0000000000000100,2025-08-25T15:50:19.000Z,124.134,*0000000001000100,123.095,44.52472,-125.39170,7.8929,*0000000001000100,7.8898,*0000000001000100,3.487648,*0000000001000100,3.487542,*0000000001000100,33.6120,33.6139,3.6444,*0000000011000100,6.67584,-0.0540,*0000000001000100,55.2620,-0.1491,*0000000000000100,7.678,*0000000001000100,3.688770,*0000000000000100,*0000000000001000,-9999999,-9999999,-9999999,-9999999,-9999999,-9999999,-9999999,-9999999,-9999999,-9999999,-9999999,-9999999,-9999999,-9999999,-9999999,-9999999,-9999999,-9999999,-9999999,-9999999,-9999999,-9999999,-9999999,-9999999,-9999999,-9999999,-9999999,-9999999,-9999999,-9999999,-9999999,-9999999,-9999999,-9999999,-9999999,-9999999,-9999999,-9999999
AT50-41,Slope Base Shallow Profiler,RS01SBPS,44.52467,-125.39167,2025-08-25T15:21:13.000Z,CTD-008,*0000000000000100,2908.0,AT50-41_CTD-008,*0000000000000100,13,*0000000000000100,2025-08-25T15:54:09.000Z,103.823,*0000000001000100,102.959,44.52472,-125.39170,8.4011,*0000000001000100,8.3981,*0000000001000100,3.507232,*0000000001000100,3.506920,*0000000001000100,33.3451,33.3446,3.6471,*0000000001000100,6.61145,-0.0382,*0000000001000100,55.2620,-0.1494,*0000000000000100,7.684,*0000000011000100,-9999999,-9999999,-9999999,-9999999,-9999999,-9999999,-9999999,-9999999,1.829986,24.027673,24.804735,0.044614,0.170998,-9999999,*0000000000000100,-9999999,-9999999,-9999999,-9999999,-9999999,-9999999,2182.04,-9999999,*0000000000000100,744.84,19.0,-9999999,-9999999,-9999999,-9999999,-9999999,-9999999,2253.95,-9999999,-9999999,7.788,34.81,2076.82,70.41,1.612,1.045
AT50-41,Slope Base Shallow Profiler,RS01SBPS,44.52467,-125.39167,2025-08-25T15:21:13.000Z,CTD-008,*0000000000000100,2908.0,AT50-41_CTD-008,*0000000000000100,14,*0000000000000100,2025-08-25T15:54:51.000Z,104.080,*0000000001000100,103.214,44.52472,-125.39170,8.3999,*0000000001000100,8.3964,*0000000001000100,3.507251,*0000000001000100,3.506869,*0000000001000100,33.3463,33.3456,3.6461,*0000000011000100,6.61157,-0.0384,*0000000001000100,55.2620,-0.1494,*0000000000000100,7.680,*0000000001000100,3.681664,*0000000000000100,*0000000000001000,-9999999,-9999999,-9999999,-9999999,-9999999,-9999999,-9999999,-9999999,-9999999,-9999999,-9999999,-9999999,-9999999,-9999999,-9999999,-9999999,-9999999,-9999999,-9999999,-9999999,-9999999,-9999999,-9999999,-9999999,-9999999,-9999999,-9999999,-9999999,-9999999,-9999999,-9999999,-9999999,-9999999,-9999999,-9999999,-9999999,-9999999,-9999999
AT50-41,Slope Base Shallow Profiler,RS01SBPS,44.52467,-125.39167,2025-08-25T15:21:13.000Z,CTD-008,*0000000000000100,2908.0,AT50-41_CTD-008,*0000000000000100,14,*0000000000000100,2025-08-25T15:54:51.000Z,104.080,*0000000001000100,103.214,44.52472,-125.39170,8.3999,*0000000001000100,8.3964,*0000000001000100,3.507251,*0000000001000100,3.506869,*0000000001000100,33.3463,33.3456,3.6461,*0000000011000100,6.61157,-0.0384,*0000000001000100,55.2620,-0.1494,*0000000000000100,7.680,*0000000001000100,3.704158,*0000000000000100,*0000000000001000,-9999999,-9999999,-9999999,-9999999,-9999999,-9999999,-9999999,-9999999,-9999999,-9999999,-9999999,-9999999,-9999999,-9999999,-9999999,-9999999,-9999999,-9999999,-9999999,-9999999,-9999999,-9999999,-9999999,-9999999,-9999999,-9999999,-9999999,-9999999,-9999999,-9999999,-9999999,-9999999,-9999999,-9999999,-9999999,-9999999,-9999999,-9999999
AT50-41,Slope Base Shallow Profiler,RS01SBPS,44.52467,-125.39167,2025-08-25T15:21:13.000Z,CTD-008,*0000000000000100,2908.0,AT50-41_CTD-008,*0000000000000100,15,*0000000000000100,2025-08-25T15:58:02.000Z,82.199,*0000000001000100,81.519,44.52472,-125.39169,8.7722,*0000000001000100,8.7698,*0000000001000100,3.510473,*0000000011000100,3.510323,*0000000011000100,33.0406,33.0412,3.8667,*0000000001000100,6.56986,-0.0220,*0000000001000100,55.2620,-0.1475,*0000000000000100,7.712,*0000000011000100,-9999999,-9999999,-9999999,-9999999,-9999999,-9999999,-9999999,-9999999,1.673329,19.940177,21.974426,0.040555,0.325105,-9999999,*0000000000000100,33.001937,-9999999,*0000000000000100,-9999999,-9999999,-9999999,2161.07,-9999999,*0000000000000100,683.27,19.2,-9999999,-9999999,-9999999,-9999999,-9999999,-9999999,2244.29,-9999999,-9999999,7.823,31.59,2053.58,75.89,1.749,1.135
AT50-41,Slope Base Shallow Profiler,RS01SBPS,44.52467,-125.39167,2025-08-25T15:21:13.000Z,CTD-008,*0000000000000100,2908.0,AT50-41_CTD-008,*0000000000000100,16,*0000000000000100,2025-08-25T15:58:34.000Z,81.813,*0000000001000100,81.136,44.52471,-125.39170,8.7730,*0000000001000100,8.7775,*0000000001000100,3.510552,*0000000001000100,3.509994,*0000000001000100,33.0408,33.0308,3.8810,*0000000011000100,6.56972,-0.0236,*0000000011000100,55.2620,-0.1472,*0000000000000100,7.708,*0000000001000100,3.972890,*0000000000000100,*0000000000001000,0.061023,0.051049,1.515,*0000000000000100,*0000000000000100,-9999999,-9999999,-9999999,-9999999,-9999999,-9999999,-9999999,-9999999,-9999999,-9999999,-9999999,-9999999,-9999999,-9999999,-9999999,-9999999,-9999999,-9999999,-9999999,-9999999,-9999999,-9999999,-9999999,-9999999,-9999999,-9999999,-9999999,-9999999,-9999999,-9999999,-9999999,-9999999,-9999999
AT50-41,Slope Base Shallow Profiler,RS01SBPS,44.52467,-125.39167,2025-08-25T15:21:13.000Z,CTD-008,*0000000000000100,2908.0,AT50-41_CTD-008,*0000000000000100,16,*0000000000000100,2025-08-25T15:58:34.000Z,81.813,*0000000001000100,81.136,44.52471,-125.39170,8.7730,*0000000001000100,8.7775,*0000000001000100,3.510552,*0000000001000100,3.509994,*0000000001000100,33.0408,33.0308,3.8810,*0000000011000100,6.56972,-0.0236,*0000000001000100,55.2620,-0.1472,*0000000000000100,7.708,*0000000001000100,3.959988,*0000000000000100,*0000000000001000,-9999999,-9999999,-9999999,-9999999,-9999999,-9999999,-9999999,-9999999,-9999999,-9999999,-9999999,-9999999,-9999999,-9999999,-9999999,-9999999,-9999999,-9999999,-9999999,-9999999,-9999999,-9999999,-9999999,-9999999,-9999999,-9999999,-9999999,-9999999,-9999999,-9999999,-9999999,-9999999,-9999999,-9999999,-9999999,-9999999,-9999999,-9999999
AT50-41,Slope Base Shallow Profiler,RS01SBPS,44.52467,-125.39167,2025-08-25T15:21:13.000Z,CTD-008,*0000000000000100,2908.0,AT50-41_CTD-008,*0000000000000100,17,*0000000000000100,2025-08-25T16:02:48.000Z,60.760,*0000000001000100,60.260,44.52472,-125.39170,9.5195,*0000000001000100,9.5167,*0000000001000100,3.531897,*0000000001000100,3.531618,*0000000001000100,32.5843,32.5840,5.0379,*0000000001000100,6.48116,0.0450,*0000000001000100,55.2620,-0.1489,*0000000000000100,7.835,*0000000011000100,-9999999,-9999999,-9999999,-9999999,-9999999,-9999999,-9999999,-9999999,1.242752,10.834434,14.052179,0.046830,0.229221,-9999999,*0000000000000100,-9999999,-9999999,-9999999,-9999999,-9999999,-9999999,2035.68,-9999999,*0000000000000100,335.09,18.9,-9999999,-9999999,-9999999,-9999999,-9999999,-9999999,2222.47,-9999999,-9999999,8.1,15.15,1886.52,134.02,3.114,2.022
AT50-41,Slope Base Shallow Profiler,RS01SBPS,44.52467,-125.39167,2025-08-25T15:21:13.000Z,CTD-008,*0000000000000100,2908.0,AT50-41_CTD-008,*0000000000000100,18,*0000000000000100,2025-08-25T16:03:19.000Z,61.277,*0000000001000100,60.773,44.52472,-125.39170,9.5132,*0000000001000100,9.5088,*0000000001000100,3.531638,*0000000001000100,3.531205,*0000000001000100,32.5871,32.5867,5.0422,*0000000011000100,6.48194,0.0380,*0000000011000100,55.2620,-0.1472,*0000000000000100,7.836,*0000000001000100,5.123753,*0000000000000100,*0000000000001000,0.129155,0.055204,1.662614,*0000000000000100,*0000000000000100,-9999999,-9999999,-9999999,-9999999,-9999999,-9999999,-9999999,-9999999,-9999999,-9999999,-9999999,-9999999,-9999999,-9999999,-9999999,-9999999,-9999999,-9999999,-9999999,-9999999,-9999999,-9999999,-9999999,-9999999,-9999999,-9999999,-9999999,-9999999,-9999999,-9999999,-9999999,-9999999,-9999999
AT50-41,Slope Base Shallow Profiler,RS01SBPS,44.52467,-125.39167,2025-08-25T15:21:13.000Z,CTD-008,*0000000000000100,2908.0,AT50-41_CTD-008,*0000000000000100,18,*0000000000000100,2025-08-25T16:03:19.000Z,61.277,*0000000001000100,60.773,44.52472,-125.39170,9.5132,*0000000001000100,9.5088,*0000000001000100,3.531638,*0000000001000100,3.531205,*0000000001000100,32.5871,32.5867,5.0422,*0000000011000100,6.48194,0.0380,*0000000001000100,55.2620,-0.1472,*0000000000000100,7.836,*0000000001000100,5.132432,*0000000000000100,*0000000000001000,-9999999,-9999999,-9999999,-9999999,-9999999,-9999999,-9999999,-9999999,-9999999,-9999999,-9999999,-9999999,-9999999,-9999999,-9999999,-9999999,-9999999,-9999999,-9999999,-9999999,-9999999,-9999999,-9999999,-9999999,-9999999,-9999999,-9999999,-9999999,-9999999,-9999999,-9999999,-9999999,-9999999,-9999999,-9999999,-9999999,-9999999,-9999999
AT50-41,Slope Base Shallow Profiler,RS01SBPS,44.52467,-125.39167,2025-08-25T15:21:13.000Z,CTD-008,*0000000000000100,2908.0,AT50-41_CTD-008,*0000000000000100,19,*0000000000000100,2025-08-25T16:06:23.000Z,41.217,*0000000001000100,40.880,44.52472,-125.39169,11.1075,*0000000001000100,11.0781,*0000000001000100,3.651400,*0000000011000100,3.649061,*0000000011000100,32.3742,32.3770,6.4085,*0000000001000100,6.27014,0.8951,*0000000001000100,55.2620,-0.1478,*0000000000000100,8.001,*0000000011000100,-9999999,-9999999,-9999999,-9999999,-9999999,-9999999,-9999999,-9999999,0.710099,3.739291,2.397663,0.331399,1.117264,-9999999,*0000000000000100,32.374008,-9999999,*0000000000000100,-9999999,-9999999,-9999999,2072.87,-9999999,*0000000000000100,404.6,19.5,-9999999,-9999999,-9999999,-9999999,-9999999,-9999999,2241.73,-9999999,-9999999,8.034,17.38,1930.94,124.55,2.912,1.896
AT50-41,Slope Base Shallow Profiler,RS01SBPS,44.52467,-125.39167,2025-08-25T15:21:13.000Z,CTD-008,*0000000000000100,2908.0,AT50-41_CTD-008,*0000000000000100,20,*0000000000000100,2025-08-25T16:07:04.000Z,41.556,*0000000001000100,41.216,44.52473,-125.39170,11.0522,*0000000001000100,11.0495,*0000000001000100,3.647006,*0000000001000100,3.646603,*0000000001000100,32.3794,32.3778,6.4407,*0000000001000100,6.27736,0.8332,*0000000011000100,55.2620,-0.1483,*0000000000000100,8.003,*0000000001000100,-9999999,-9999999,-9999999,1.224605,0.536052,1.657861,*0000000000000100,*0000000000000100,-9999999,-9999999,-9999999,-9999999,-9999999,-9999999,-9999999,-9999999,-9999999,-9999999,-9999999,-9999999,-9999999,-9999999,-9999999,-9999999,-9999999,-9999999,-9999999,-9999999,-9999999,-9999999,-9999999,-9999999,-9999999,-9999999,-9999999,-9999999,-9999999,-9999999,-9999999,-9999999,-9999999
AT50-41,Slope Base Shallow Profiler,RS01SBPS,44.52467,-125.39167,2025-08-25T15:21:13.000Z,CTD-008,*0000000000000100,2908.0,AT50-41_CTD-008,*0000000000000100,21,*0000000000000100,2025-08-25T16:10:11.000Z,21.330,*0000000001000100,21.157,44.52471,-125.39170,16.7371,*0000000001000100,16.7332,*0000000001000100,4.108107,*0000000001000100,4.107138,*0000000001000100,31.8915,31.8862,5.6618,*0000000011000100,5.60690,0.1155,*0000000001000100,55.2620,-0.1497,*0000000000000100,8.120,*0000000011000100,5.785044,*0000000000000100,*0000000000001000,-9999999,-9999999,-9999999,-9999999,-9999999,0.307580,8.534186,0.048717,0.017698,0.484056,-9999999,*0000000000000100,-9999999,-9999999,-9999999,-9999999,-9999999,-9999999,1985.48,-9999999,*0000000000000100,344.76,19.0,-9999999,-9999999,-9999999,-9999999,-9999999,-9999999,2214.75,-9999999,-9999999,8.093,12.47,1809.58,163.43,3.868,2.543
AT50-41,Slope Base Shallow Profiler,RS01SBPS,44.52467,-125.39167,2025-08-25T15:21:13.000Z,CTD-008,*0000000000000100,2908.0,AT50-41_CTD-008,*0000000000000100,21,*0000000000000100,2025-08-25T16:10:11.000Z,21.330,*0000000001000100,21.157,44.52471,-125.39170,16.7371,*0000000001000100,16.7332,*0000000001000100,4.108107,*0000000001000100,4.107138,*0000000001000100,31.8915,31.8862,5.6618,*0000000011000100,5.60690,0.1155,*0000000001000100,55.2620,-0.1497,*0000000000000100,8.120,*0000000001000100,5.783964,*0000000000000100,*0000000000001000,-9999999,-9999999,-9999999,-9999999,-9999999,-9999999,-9999999,-9999999,-9999999,-9999999,-9999999,-9999999,-9999999,-9999999,-9999999,-9999999,-9999999,-9999999,-9999999,-9999999,-9999999,-9999999,-9999999,-9999999,-9999999,-9999999,-9999999,-9999999,-9999999,-9999999,-9999999,-9999999,-9999999,-9999999,-9999999,-9999999,-9999999,-9999999
AT50-41,Slope Base Shallow Profiler,RS01SBPS,44.52467,-125.39167,2025-08-25T15:21:13.000Z,CTD-008,*0000000000000100,2908.0,AT50-41_CTD-008,*0000000000000100,22,*0000000000000100,2025-08-25T16:10:47.000Z,21.187,*0000000001000100,21.015,44.52472,-125.39168,16.8389,*0000000001000100,16.8344,*0000000001000100,4.114142,*0000000001000100,4.113330,*0000000001000100,31.8629,31.8595,5.6238,*0000000001000100,5.59679,0.1179,*0000000011000100,55.2620,-0.1489,*0000000000000100,8.122,*0000000001000100,-9999999,-9999999,-9999999,0.364952,0.150580,1.669565,*0000000000000100,*0000000000000100,-9999999,-9999999,-9999999,-9999999,-9999999,-9999999,-9999999,-9999999,-9999999,-9999999,-9999999,-9999999,-9999999,-9999999,-9999999,-9999999,-9999999,-9999999,-9999999,-9999999,-9999999,-9999999,-9999999,-9999999,-9999999,-9999999,-9999999,-9999999,-9999999,-9999999,-9999999,-9999999,-9999999
AT50-41,Slope Base Shallow Profiler,RS01SBPS,44.52467,-125.39167,2025-08-25T15:21:13.000Z,CTD-008,*0000000000000100,2908.0,AT50-41_CTD-008,*0000000000000100,23,*0000000000000100,2025-08-25T16:13:42.000Z,11.366,*0000000001000100,11.274,44.52472,-125.39171,16.8273,*0000000001000100,16.8533,*0000000001000100,4.113330,*0000000011000100,4.114174,*0000000011000100,31.8686,31.8553,5.6197,*0000000011000100,5.59786,0.1134,*0000000001000100,55.2620,-0.1475,*0000000000000100,8.120,*0000000011000100,5.729970,*0000000000000100,*0000000000001000,-9999999,-9999999,-9999999,-9999999,-9999999,0.301226,8.599743,0.178095,0.014978,0.626852,-9999999,*0000000000000100,31.854185,-9999999,*0000000000000100,-9999999,-9999999,-9999999,1995.59,-9999999,*0000000000000100,348.93,19.4,-9999999,-9999999,-9999999,-9999999,-9999999,-9999999,2224.86,-9999999,-9999999,8.091,12.59,1819.18,163.82,3.885,2.555
AT50-41,Slope Base Shallow Profiler,RS01SBPS,44.52467,-125.39167,2025-08-25T15:21:13.000Z,CTD-008,*0000000000000100,2908.0,AT50-41_CTD-008,*0000000000000100,23,*0000000000000100,2025-08-25T16:13:42.000Z,11.366,*0000000001000100,11.274,44.52472,-125.39171,16.8273,*0000000001000100,16.8533,*0000000001000100,4.113330,*0000000001000100,4.114174,*0000000001000100,31.8686,31.8553,5.6197,*0000000011000100,5.59786,0.1134,*0000000001000100,55.2620,-0.1475,*0000000000000100,8.120,*0000000001000100,5.735189,*0000000000000100,*0000000000001000,-9999999,-9999999,-9999999,-9999999,-9999999,-9999999,-9999999,-9999999,-9999999,-9999999,-9999999,-9999999,-9999999,-9999999,-9999999,-9999999,-9999999,-9999999,-9999999,-9999999,-9999999,-9999999,-9999999,-9999999,-9999999,-9999999,-9999999,-9999999,-9999999,-9999999,-9999999,-9999999,-9999999,-9999999,-9999999,-9999999,-9999999,-9999999
AT50-41,Slope Base Shallow Profiler,RS01SBPS,44.52467,-125.39167,2025-08-25T15:21:13.000Z,CTD-008,*0000000000000100,2908.0,AT50-41_CTD-008,*0000000000000100,24,*0000000000000100,2025-08-25T16:14:35.000Z,11.290,*0000000001000100,11.199,44.52472,-125.39171,16.8802,*0000000001000100,16.8773,*0000000001000100,4.116496,*0000000001000100,4.115573,*0000000001000100,31.8540,31.8484,5.6144,*0000000001000100,5.59260,0.1169,*0000000011000100,55.2620,-0.1510,*0000000000000100,8.119,*0000000001000100,-9999999,-9999999,-9999999,0.274899,0.111750,1.672464,*0000000000000100,*0000000000000100,-9999999,-9999999,-9999999,-9999999,-9999999,-9999999,-9999999,-9999999,-9999999,-9999999,-9999999,-9999999,-9999999,-9999999,-9999999,-9999999,-9999999,-9999999,-9999999,-9999999,-9999999,-9999999,-9999999,-9999999,-9999999,-9999999,-9999999,-9999999,-9999999,-9999999,-9999999,-9999999,-9999999
AT50-41,Oregon Offshore Shallow Profiler,CE04OSPS,44.37650,-124.95117,2025-08-26T20:14:08.000Z,CTD-010,*0000000000000100,572.0,AT50-41_CTD-010,*0000000000000100,1,*0000000000000100,2025-08-26T20:24:03.000Z,224.101,*0000000001000100,222.174,44.37658,-124.95125,7.3673,*0000000001000100,7.3721,*0000000001000100,3.479613,*0000000001000100,3.479291,*0000000001000100,33.9880,33.9798,1.8694,*0000000001000100,6.73933,-0.0447,*0000000001000100,55.2620,-0.1469,*0000000000000100,7.510,*0000000011000100,-9999999,-9999999,-9999999,-9999999,-9999999,-9999999,-9999999,-9999999,2.410885,43.509759,34.076138,0.027566,0.231886,-9999999,*0000000000000100,-9999999,-9999999,-9999999,-9999999,-9999999,-9999999,2287.26,-9999999,*0000000000000100,1078.5,19.2,-9999999,-9999999,-9999999,-9999999,-9999999,-9999999,2313.91,-9999999,-9999999,7.648,52.02,2183.17,52.07,1.204,0.778
AT50-41,Oregon Offshore Shallow Profiler,CE04OSPS,44.37650,-124.95117,2025-08-26T20:14:08.000Z,CTD-010,*0000000000000100,572.0,AT50-41_CTD-010,*0000000000000100,3,*0000000000000100,2025-08-26T20:28:07.000Z,203.976,*0000000001000100,202.232,44.37658,-124.95125,7.3937,*0000000001000100,7.3905,*0000000001000100,3.479411,*0000000011000100,3.478094,*0000000011000100,33.9696,33.9584,2.0025,*0000000011000100,6.73609,-0.0475,*0000000001000100,55.2620,-0.1464,*0000000000000100,7.520,*0000000011000100,2.082629,*0000000000000100,*0000000000001000,-9999999,-9999999,-9999999,-9999999,-9999999,2.383607,42.440871,33.611849,0.028220,0.268550,-9999999,*0000000000000100,33.959046,-9999999,*0000000000000100,-9999999,-9999999,-9999999,2281.96,-9999999,*0000000000000100,1016.3,19.2,-9999999,-9999999,-9999999,-9999999,-9999999,-9999999,2315.8,-9999999,-9999999,7.665,48.99,2178.28,54.69,1.222,0.791
AT50-41,Oregon Offshore Shallow Profiler,CE04OSPS,44.37650,-124.95117,2025-08-26T20:14:08.000Z,CTD-010,*0000000000000100,572.0,AT50-41_CTD-010,*0000000000000100,3,*0000000000000100,2025-08-26T20:28:07.000Z,203.976,*0000000001000100,202.232,44.37658,-124.95125,7.3937,*0000000001000100,7.3905,*0000000001000100,3.479411,*0000000001000100,3.478094,*0000000001000100,33.9696,33.9584,2.0025,*0000000011000100,6.73609,-0.0475,*0000000001000100,55.2620,-0.1464,*0000000000000100,7.520,*0000000001000100,2.079264,*0000000000000100,*0000000000001000,-9999999,-9999999,-9999999,-9999999,-9999999,-9999999,-9999999,-9999999,-9999999,-9999999,-9999999,-9999999,-9999999,-9999999,-9999999,-9999999,-9999999,-9999999,-9999999,-9999999,-9999999,-9999999,-9999999,-9999999,-9999999,-9999999,-9999999,-9999999,-9999999,-9999999,-9999999,-9999999,-9999999,-9999999,-9999999,-9999999,-9999999,-9999999
AT50-41,Oregon Offshore Shallow Profiler,CE04OSPS,44.37650,-124.95117,2025-08-26T20:14:08.000Z,CTD-010,*0000000000000100,572.0,AT50-41_CTD-010,*0000000000000100,5,*0000000000000100,2025-08-26T20:31:53.000Z,183.965,*0000000001000100,182.400,44.37658,-124.95125,7.5850,*0000000001000100,7.5840,*0000000001000100,3.497078,*0000000001000100,3.494118,*0000000001000100,33.9834,33.9524,2.0625,*0000000001000100,6.70624,-0.0485,*0000000001000100,55.2620,-0.1486,*0000000000000100,7.527,*0000000011000100,-9999999,-9999999,-9999999,-9999999,-9999999,-9999999,-9999999,-9999999,2.347618,40.880938,33.302432,0.029438,0.390230,-9999999,*0000000000000100,-9999999,-9999999,-9999999,-9999999,-9999999,-9999999,2283.01,-9999999,*0000000000000100,1033.85,19.5,-9999999,-9999999,-9999999,-9999999,-9999999,-9999999,2315.78,-9999999,-9999999,7.659,49.49,2179.16,54.36,1.219,0.79
AT50-41,Oregon Offshore Shallow Profiler,CE04OSPS,44.37650,-124.95117,2025-08-26T20:14:08.000Z,CTD-010,*0000000000000100,572.0,AT50-41_CTD-010,*0000000000000100,6,*0000000000000100,2025-08-26T20:32:14.000Z,184.374,*0000000001000100,182.806,44.37658,-124.95124,7.5857,*0000000001000100,7.5846,*0000000001000100,3.497303,*0000000001000100,3.494230,*0000000001000100,33.9850,33.9528,2.0610,*0000000001000100,6.70607,-0.0524,*0000000011000100,55.2620,-0.1489,*0000000000000100,7.527,*0000000001000100,-9999999,-9999999,-9999999,0.006517,0.030467,1.166667,*0000000000000100,*0000000000000100,-9999999,-9999999,-9999999,-9999999,-9999999,-9999999,-9999999,-9999999,-9999999,-9999999,-9999999,-9999999,-9999999,-9999999,-9999999,-9999999,-9999999,-9999999,-9999999,-9999999,-9999999,-9999999,-9999999,-9999999,-9999999,-9999999,-9999999,-9999999,-9999999,-9999999,-9999999,-9999999,-9999999
AT50-41,Oregon Offshore Shallow Profiler,CE04OSPS,44.37650,-124.95117,2025-08-26T20:14:08.000Z,CTD-010,*0000000000000100,572.0,AT50-41_CTD-010,*0000000000000100,7,*0000000000000100,2025-08-26T20:35:42.000Z,164.438,*0000000001000100,163.048,44.37658,-124.95124,7.6571,*0000000001000100,7.6559,*0000000001000100,3.498323,*0000000001000100,3.495245,*0000000001000100,33.9359,33.9039,2.1971,*0000000011000100,6.69737,-0.0492,*0000000001000100,55.2620,-0.1447,*0000000000000100,7.532,*0000000011000100,2.246669,*0000000000000100,*0000000000001000,-9999999,-9999999,-9999999,-9999999,-9999999,2.294616,39.567953,32.641285,0.028120,0.167528,-9999999,*0000000000000100,-9999999,-9999999,-9999999,-9999999,-9999999,-9999999,2276.56,-9999999,*0000000000000100,1028.91,19.3,-9999999,-9999999,-9999999,-9999999,-9999999,-9999999,2309.86,-9999999,-9999999,7.661,49.15,2172.94,54.47,1.227,0.795
AT50-41,Oregon Offshore Shallow Profiler,CE04OSPS,44.37650,-124.95117,2025-08-26T20:14:08.000Z,CTD-010,*0000000000000100,572.0,AT50-41_CTD-010,*0000000000000100,7,*0000000000000100,2025-08-26T20:35:42.000Z,164.438,*0000000001000100,163.048,44.37658,-124.95124,7.6571,*0000000001000100,7.6559,*0000000001000100,3.498323,*0000000001000100,3.495245,*0000000001000100,33.9359,33.9039,2.1971,*0000000011000100,6.69737,-0.0492,*0000000001000100,55.2620,-0.1447,*0000000000000100,7.532,*0000000001000100,2.268721,*0000000000000001,*0000000000001000,-9999999,-9999999,-9999999,-9999999,-9999999,-9999999,-9999999,-9999999,-9999999,-9999999,-9999999,-9999999,-9999999,-9999999,-9999999,-9999999,-9999999,-9999999,-9999999,-9999999,-9999999,-9999999,-9999999,-9999999,-9999999,-9999999,-9999999,-9999999,-9999999,-9999999,-9999999,-9999999,-9999999,-9999999,-9999999,-9999999,-9999999,-9999999
AT50-41,Oregon Offshore Shallow Profiler,CE04OSPS,44.37650,-124.95117,2025-08-26T20:14:08.000Z,CTD-010,*0000000000000100,572.0,AT50-41_CTD-010,*0000000000000100,8,*0000000000000100,2025-08-26T20:35:57.000Z,164.155,*0000000001000100,162.768,44.37658,-124.95124,7.6612,*0000000001000100,7.6601,*0000000001000100,3.498590,*0000000001000100,3.495553,*0000000001000100,33.9350,33.9032,2.1950,*0000000001000100,6.69680,-0.0511,*0000000011000100,55.2620,-0.1478,*0000000000000100,7.532,*0000000001000100,-9999999,-9999999,-9999999,0.007702,0.034325,1.173333,*0000000000000100,*0000000000000100,-9999999,-9999999,-9999999,-9999999,-9999999,-9999999,-9999999,-9999999,-9999999,-9999999,-9999999,-9999999,-9999999,-9999999,-9999999,-9999999,-9999999,-9999999,-9999999,-9999999,-9999999,-9999999,-9999999,-9999999,-9999999,-9999999,-9999999,-9999999,-9999999,-9999999,-9999999,-9999999,-9999999
AT50-41,Oregon Offshore Shallow Profiler,CE04OSPS,44.37650,-124.95117,2025-08-26T20:14:08.000Z,CTD-010,*0000000000000100,572.0,AT50-41_CTD-010,*0000000000000100,9,*0000000000000100,2025-08-26T20:38:42.000Z,144.716,*0000000001000100,143.499,44.37656,-124.95124,7.7476,*0000000001000100,7.7470,*0000000001000100,3.500818,*0000000001000100,3.497810,*0000000001000100,33.8842,33.8524,2.3635,*0000000001000100,6.68592,-0.0495,*0000000001000100,55.2620,-0.1472,*0000000000000100,7.547,*0000000011000100,-9999999,-9999999,-9999999,-9999999,-9999999,-9999999,-9999999,-9999999,2.246004,37.471768,31.755363,0.031309,0.231879,-9999999,*0000000000000100,-9999999,-9999999,-9999999,-9999999,-9999999,-9999999,2251.54,-9999999,*0000000000000100,974.21,19.2,-9999999,-9999999,-9999999,-9999999,-9999999,-9999999,2290.75,-9999999,-9999999,7.681,46.41,2148.68,56.46,1.277,0.827
AT50-41,Oregon Offshore Shallow Profiler,CE04OSPS,44.37650,-124.95117,2025-08-26T20:14:08.000Z,CTD-010,*0000000000000100,572.0,AT50-41_CTD-010,*0000000000000100,11,*0000000000000100,2025-08-26T20:42:08.000Z,124.471,*0000000001000100,123.431,44.37658,-124.95126,7.9791,*0000000001000100,7.9782,*0000000001000100,3.513458,*0000000011000100,3.510417,*0000000011000100,33.8051,33.7735,2.7875,*0000000011000100,6.65448,-0.0502,*0000000011000100,55.2620,-0.1497,*0000000000000100,7.581,*0000000011000100,2.835892,*0000000000000100,*0000000000001000,0.008294,0.032612,1.191781,*0000000000000100,*0000000000000100,2.138465,33.990333,29.937917,0.027244,0.259485,-9999999,*0000000000000100,33.771197,-9999999,*0000000000000100,-9999999,-9999999,-9999999,2262.73,-9999999,*0000000000000100,868.92,19.4,-9999999,-9999999,-9999999,-9999999,-9999999,-9999999,2318.79,-9999999,-9999999,7.734,41.09,2157.21,64.43,1.464,0.949
AT50-41,Oregon Offshore Shallow Profiler,CE04OSPS,44.37650,-124.95117,2025-08-26T20:14:08.000Z,CTD-010,*0000000000000100,572.0,AT50-41_CTD-010,*0000000000000100,11,*0000000000000100,2025-08-26T20:42:08.000Z,124.471,*0000000001000100,123.431,44.37658,-124.95126,7.9791,*0000000001000100,7.9782,*0000000001000100,3.513458,*0000000001000100,3.510417,*0000000001000100,33.8051,33.7735,2.7875,*0000000011000100,6.65448,-0.0502,*0000000001000100,55.2620,-0.1497,*0000000000000100,7.581,*0000000001000100,2.845528,*0000000000000100,*0000000000001000,-9999999,-9999999,-9999999,-9999999,-9999999,-9999999,-9999999,-9999999,-9999999,-9999999,-9999999,-9999999,-9999999,-9999999,-9999999,-9999999,-9999999,-9999999,-9999999,-9999999,-9999999,-9999999,-9999999,-9999999,-9999999,-9999999,-9999999,-9999999,-9999999,-9999999,-9999999,-9999999,-9999999,-9999999,-9999999,-9999999,-9999999,-9999999
AT50-41,Oregon Offshore Shallow Profiler,CE04OSPS,44.37650,-124.95117,2025-08-26T20:14:08.000Z,CTD-010,*0000000000000100,572.0,AT50-41_CTD-010,*0000000000000100,13,*0000000000000100,2025-08-26T20:45:57.000Z,99.228,*0000000001000100,98.405,44.37656,-124.95126,8.2457,*0000000001000100,8.2444,*0000000001000100,3.527548,*0000000001000100,3.524442,*0000000001000100,33.7105,33.6788,3.0752,*0000000001000100,6.61877,-0.0474,*0000000001000100,55.2620,-0.1491,*0000000000000100,7.601,*0000000011000100,-9999999,-9999999,-9999999,-9999999,-9999999,-9999999,-9999999,-9999999,2.048899,29.291630,28.300584,0.027687,0.551500,-9999999,*0000000000000100,-9999999,-9999999,-9999999,-9999999,-9999999,-9999999,2228.38,-9999999,*0000000000000100,859.65,18.7,-9999999,-9999999,-9999999,-9999999,-9999999,-9999999,2284.7,-9999999,-9999999,7.734,40.3,2124.23,63.85,1.458,0.945
AT50-41,Oregon Offshore Shallow Profiler,CE04OSPS,44.37650,-124.95117,2025-08-26T20:14:08.000Z,CTD-010,*0000000000000100,572.0,AT50-41_CTD-010,*0000000000000100,14,*0000000000000100,2025-08-26T20:46:31.000Z,99.270,*0000000001000100,98.446,44.37658,-124.95126,8.2475,*0000000001000100,8.2478,*0000000001000100,3.527637,*0000000001000100,3.524528,*0000000001000100,33.7097,33.6764,3.0094,*0000000011000100,6.61854,-0.0430,*0000000001000100,55.2620,-0.1483,*0000000000000100,7.601,*0000000001000100,3.349800,*0000000000000100,*0000000000001000,-9999999,-9999999,-9999999,-9999999,-9999999,-9999999,-9999999,-9999999,-9999999,-9999999,-9999999,-9999999,-9999999,-9999999,-9999999,-9999999,-9999999,-9999999,-9999999,-9999999,-9999999,-9999999,-9999999,-9999999,-9999999,-9999999,-9999999,-9999999,-9999999,-9999999,-9999999,-9999999,-9999999,-9999999,-9999999,-9999999,-9999999,-9999999
AT50-41,Oregon Offshore Shallow Profiler,CE04OSPS,44.37650,-124.95117,2025-08-26T20:14:08.000Z,CTD-010,*0000000000000100,572.0,AT50-41_CTD-010,*0000000000000100,14,*0000000000000100,2025-08-26T20:46:31.000Z,99.270,*0000000001000100,98.446,44.37658,-124.95126,8.2475,*0000000001000100,8.2478,*0000000001000100,3.527637,*0000000001000100,3.524528,*0000000001000100,33.7097,33.6764,3.0094,*0000000011000100,6.61854,-0.0430,*0000000001000100,55.2620,-0.1483,*0000000000000100,7.601,*0000000001000100,3.352298,*0000000000000100,*0000000000001000,-9999999,-9999999,-9999999,-9999999,-9999999,-9999999,-9999999,-9999999,-9999999,-9999999,-9999999,-9999999,-9999999,-9999999,-9999999,-9999999,-9999999,-9999999,-9999999,-9999999,-9999999,-9999999,-9999999,-9999999,-9999999,-9999999,-9999999,-9999999,-9999999,-9999999,-9999999,-9999999,-9999999,-9999999,-9999999,-9999999,-9999999,-9999999
AT50-41,Oregon Offshore Shallow Profiler,CE04OSPS,44.37650,-124.95117,2025-08-26T20:14:08.000Z,CTD-010,*0000000000000100,572.0,AT50-41_CTD-010,*0000000000000100,15,*0000000000000100,2025-08-26T20:49:44.000Z,79.679,*0000000001000100,79.022,44.37658,-124.95125,8.1436,*0000000001000100,8.1430,*0000000001000100,3.488503,*0000000011000100,3.485572,*0000000011000100,33.4022,33.3716,4.1691,*0000000001000100,6.64731,-0.0333,*0000000001000100,55.2620,-0.1478,*0000000000000100,7.719,*0000000011000100,-9999999,-9999999,-9999999,-9999999,-9999999,-9999999,-9999999,-9999999,1.691381,22.340678,22.774417,0.027003,0.319559,-9999999,*0000000000000100,33.361220,-9999999,*0000000000000100,-9999999,-9999999,-9999999,2191.35,-9999999,*0000000000000100,666.86,19.5,-9999999,-9999999,-9999999,-9999999,-9999999,-9999999,2278.06,-9999999,-9999999,7.837,31.44,2081.72,78.2,1.797,1.164
AT50-41,Oregon Offshore Shallow Profiler,CE04OSPS,44.37650,-124.95117,2025-08-26T20:14:08.000Z,CTD-010,*0000000000000100,572.0,AT50-41_CTD-010,*0000000000000100,16,*0000000000000100,2025-08-26T20:50:10.000Z,79.538,*0000000001000100,78.881,44.37658,-124.95126,8.1454,*0000000001000100,8.1442,*0000000001000100,3.488350,*0000000001000100,3.485447,*0000000001000100,33.3989,33.3692,4.1718,*0000000011000100,6.64718,-0.0227,*0000000011000100,55.2620,-0.1489,*0000000000000100,7.719,*0000000001000100,4.245162,*0000000000000100,*0000000000001000,0.036732,0.036115,1.476923,*0000000000000100,*0000000000000100,-9999999,-9999999,-9999999,-9999999,-9999999,-9999999,-9999999,-9999999,-9999999,-9999999,-9999999,-9999999,-9999999,-9999999,-9999999,-9999999,-9999999,-9999999,-9999999,-9999999,-9999999,-9999999,-9999999,-9999999,-9999999,-9999999,-9999999,-9999999,-9999999,-9999999,-9999999,-9999999,-9999999
AT50-41,Oregon Offshore Shallow Profiler,CE04OSPS,44.37650,-124.95117,2025-08-26T20:14:08.000Z,CTD-010,*0000000000000100,572.0,AT50-41_CTD-010,*0000000000000100,16,*0000000000000100,2025-08-26T20:50:10.000Z,79.538,*0000000001000100,78.881,44.37658,-124.95126,8.1454,*0000000001000100,8.1442,*0000000001000100,3.488350,*0000000001000100,3.485447,*0000000001000100,33.3989,33.3692,4.1718,*0000000011000100,6.64718,-0.0227,*0000000001000100,55.2620,-0.1489,*0000000000000100,7.719,*0000000001000100,4.245536,*0000000000000001,*0000000000001000,-9999999,-9999999,-9999999,-9999999,-9999999,-9999999,-9999999,-9999999,-9999999,-9999999,-9999999,-9999999,-9999999,-9999999,-9999999,-9999999,-9999999,-9999999,-9999999,-9999999,-9999999,-9999999,-9999999,-9999999,-9999999,-9999999,-9999999,-9999999,-9999999,-9999999,-9999999,-9999999,-9999999,-9999999,-9999999,-9999999,-9999999,-9999999
AT50-41,Oregon Offshore Shallow Profiler,CE04OSPS,44.37650,-124.95117,2025-08-26T20:14:08.000Z,CTD-010,*0000000000000100,572.0,AT50-41_CTD-010,*0000000000000100,17,*0000000000000100,2025-08-26T20:53:02.000Z,59.435,*0000000001000100,58.948,44.37656,-124.95125,8.4756,*0000000001000100,8.4748,*0000000001000100,3.486900,*0000000001000100,3.484004,*0000000001000100,33.0808,33.0511,4.7836,*0000000001000100,6.61177,0.0011,*0000000001000100,55.2620,-0.1486,*0000000000000100,7.791,*0000000011000100,-9999999,-9999999,-9999999,-9999999,-9999999,-9999999,-9999999,-9999999,1.437450,16.392736,17.876064,0.030403,0.173152,-9999999,*0000000000000100,-9999999,-9999999,-9999999,-9999999,-9999999,-9999999,2154.68,-9999999,*0000000000000100,584.79,19.2,-9999999,-9999999,-9999999,-9999999,-9999999,-9999999,2258.07,-9999999,-9999999,7.888,27.3,2040.83,86.55,2.002,1.297
AT50-41,Oregon Offshore Shallow Profiler,CE04OSPS,44.37650,-124.95117,2025-08-26T20:14:08.000Z,CTD-010,*0000000000000100,572.0,AT50-41_CTD-010,*0000000000000100,18,*0000000000000100,2025-08-26T20:53:31.000Z,59.270,*0000000001000100,58.784,44.37656,-124.95125,8.4703,*0000000001000100,8.4692,*0000000001000100,3.487053,*0000000001000100,3.484091,*0000000001000100,33.0875,33.0573,4.7557,*0000000011000100,6.61227,-0.0069,*0000000011000100,55.2620,-0.1497,*0000000000000100,7.791,*0000000001000100,4.859142,*0000000000000100,*0000000000001000,0.075834,0.065937,1.505929,*0000000000000100,*0000000000000100,-9999999,-9999999,-9999999,-9999999,-9999999,-9999999,-9999999,-9999999,-9999999,-9999999,-9999999,-9999999,-9999999,-9999999,-9999999,-9999999,-9999999,-9999999,-9999999,-9999999,-9999999,-9999999,-9999999,-9999999,-9999999,-9999999,-9999999,-9999999,-9999999,-9999999,-9999999,-9999999,-9999999
AT50-41,Oregon Offshore Shallow Profiler,CE04OSPS,44.37650,-124.95117,2025-08-26T20:14:08.000Z,CTD-010,*0000000000000100,572.0,AT50-41_CTD-010,*0000000000000100,18,*0000000000000100,2025-08-26T20:53:31.000Z,59.270,*0000000001000100,58.784,44.37656,-124.95125,8.4703,*0000000001000100,8.4692,*0000000001000100,3.487053,*0000000001000100,3.484091,*0000000001000100,33.0875,33.0573,4.7557,*0000000011000100,6.61227,-0.0069,*0000000001000100,55.2620,-0.1497,*0000000000000100,7.791,*0000000001000100,4.842267,*0000000000000100,*0000000000001000,-9999999,-9999999,-9999999,-9999999,-9999999,-9999999,-9999999,-9999999,-9999999,-9999999,-9999999,-9999999,-9999999,-9999999,-9999999,-9999999,-9999999,-9999999,-9999999,-9999999,-9999999,-9999999,-9999999,-9999999,-9999999,-9999999,-9999999,-9999999,-9999999,-9999999,-9999999,-9999999,-9999999,-9999999,-9999999,-9999999,-9999999,-9999999
AT50-41,Oregon Offshore Shallow Profiler,CE04OSPS,44.37650,-124.95117,2025-08-26T20:14:08.000Z,CTD-010,*0000000000000100,572.0,AT50-41_CTD-010,*0000000000000100,19,*0000000000000100,2025-08-26T20:56:38.000Z,39.585,*0000000001000100,39.263,44.37656,-124.95125,9.7206,*0000000001000100,9.7198,*0000000001000100,3.545836,*0000000011000100,3.542731,*0000000011000100,32.5538,32.5230,5.4692,*0000000001000100,6.45387,0.0822,*0000000001000100,55.2620,-0.1467,*0000000000000100,7.869,*0000000011000100,-9999999,-9999999,-9999999,-9999999,-9999999,-9999999,-9999999,-9999999,1.083705,8.634030,10.829490,0.146427,0.346464,-9999999,*0000000000000100,32.529309,-9999999,*0000000000000100,-9999999,-9999999,-9999999,2115.03,-9999999,*0000000000000100,507.98,19.6,-9999999,-9999999,-9999999,-9999999,-9999999,-9999999,2241.79,-9999999,-9999999,7.944,22.82,1992.68,99.53,2.322,1.508
AT50-41,Oregon Offshore Shallow Profiler,CE04OSPS,44.37650,-124.95117,2025-08-26T20:14:08.000Z,CTD-010,*0000000000000100,572.0,AT50-41_CTD-010,*0000000000000100,20,*0000000000000100,2025-08-26T20:56:55.000Z,39.746,*0000000001000100,39.422,44.37657,-124.95125,9.7194,*0000000001000100,9.7184,*0000000001000100,3.545491,*0000000001000100,3.542453,*0000000001000100,32.5513,32.5212,5.4711,*0000000001000100,6.45414,0.0776,*0000000011000100,55.2620,-0.1494,*0000000000000100,7.869,*0000000001000100,-9999999,-9999999,-9999999,0.150484,0.107843,1.550976,*0000000000000100,*0000000000000100,-9999999,-9999999,-9999999,-9999999,-9999999,-9999999,-9999999,-9999999,-9999999,-9999999,-9999999,-9999999,-9999999,-9999999,-9999999,-9999999,-9999999,-9999999,-9999999,-9999999,-9999999,-9999999,-9999999,-9999999,-9999999,-9999999,-9999999,-9999999,-9999999,-9999999,-9999999,-9999999,-9999999
AT50-41,Oregon Offshore Shallow Profiler,CE04OSPS,44.37650,-124.95117,2025-08-26T20:14:08.000Z,CTD-010,*0000000000000100,572.0,AT50-41_CTD-010,*0000000000000100,21,*0000000000000100,2025-08-26T20:59:47.000Z,19.738,*0000000001000100,19.578,44.37658,-124.95125,11.0803,*0000000001000100,11.0718,*0000000001000100,3.648280,*0000000001000100,3.644557,*0000000001000100,32.3765,32.3472,6.6434,*0000000011000100,6.27370,0.8346,*0000000001000100,55.2620,-0.1458,*0000000000000100,8.004,*0000000011000100,6.705984,*0000000000000100,*0000000000001000,-9999999,-9999999,-9999999,-9999999,-9999999,0.681460,3.588637,2.002154,0.136440,1.188479,-9999999,*0000000000000100,-9999999,-9999999,-9999999,-9999999,-9999999,-9999999,2068.19,-9999999,*0000000000000100,382.96,19.6,-9999999,-9999999,-9999999,-9999999,-9999999,-9999999,2246.26,-9999999,-9999999,8.056,16.46,1921.51,130.22,3.055,1.989
AT50-41,Oregon Offshore Shallow Profiler,CE04OSPS,44.37650,-124.95117,2025-08-26T20:14:08.000Z,CTD-010,*0000000000000100,572.0,AT50-41_CTD-010,*0000000000000100,21,*0000000000000100,2025-08-26T20:59:47.000Z,19.738,*0000000001000100,19.578,44.37658,-124.95125,11.0803,*0000000001000100,11.0718,*0000000001000100,3.648280,*0000000001000100,3.644557,*0000000001000100,32.3765,32.3472,6.6434,*0000000011000100,6.27370,0.8346,*0000000001000100,55.2620,-0.1458,*0000000000000100,8.004,*0000000001000100,6.699446,*0000000000000100,*0000000000001000,-9999999,-9999999,-9999999,-9999999,-9999999,-9999999,-9999999,-9999999,-9999999,-9999999,-9999999,-9999999,-9999999,-9999999,-9999999,-9999999,-9999999,-9999999,-9999999,-9999999,-9999999,-9999999,-9999999,-9999999,-9999999,-9999999,-9999999,-9999999,-9999999,-9999999,-9999999,-9999999,-9999999,-9999999,-9999999,-9999999,-9999999,-9999999
AT50-41,Oregon Offshore Shallow Profiler,CE04OSPS,44.37650,-124.95117,2025-08-26T20:14:08.000Z,CTD-010,*0000000000000100,572.0,AT50-41_CTD-010,*0000000000000100,22,*0000000000000100,2025-08-26T21:00:08.000Z,19.778,*0000000001000100,19.618,44.37658,-124.95124,11.0559,*0000000001000100,11.0528,*0000000001000100,3.646236,*0000000001000100,3.642859,*0000000001000100,32.3777,32.3471,6.6239,*0000000001000100,6.27692,0.8050,*0000000011000100,55.2620,-0.1478,*0000000000000100,8.004,*0000000001000100,-9999999,-9999999,-9999999,1.049830,0.366203,1.701227,*0000000000000100,*0000000000000100,-9999999,-9999999,-9999999,-9999999,-9999999,-9999999,-9999999,-9999999,-9999999,-9999999,-9999999,-9999999,-9999999,-9999999,-9999999,-9999999,-9999999,-9999999,-9999999,-9999999,-9999999,-9999999,-9999999,-9999999,-9999999,-9999999,-9999999,-9999999,-9999999,-9999999,-9999999,-9999999,-9999999
AT50-41,Oregon Offshore Shallow Profiler,CE04OSPS,44.37650,-124.95117,2025-08-26T20:14:08.000Z,CTD-010,*0000000000000100,572.0,AT50-41_CTD-010,*0000000000000100,23,*0000000000000100,2025-08-26T21:02:30.000Z,9.559,*0000000001000100,9.482,44.37656,-124.95125,15.9852,*0000000001000100,15.9845,*0000000001000100,4.054846,*0000000011000100,4.051551,*0000000011000100,32.0330,32.0045,5.8766,*0000000011000100,5.68509,0.2505,*0000000001000100,55.2620,-0.1500,*0000000000000100,8.101,*0000000011000100,6.036559,*0000000000000100,*0000000000001000,-9999999,-9999999,-9999999,-9999999,-9999999,0.323668,6.864196,0.299413,0.017232,0.335102,-9999999,*0000000000000100,32.016578,-9999999,*0000000000000100,-9999999,-9999999,-9999999,2013.98,-9999999,*0000000000000100,342.62,19.3,-9999999,-9999999,-9999999,-9999999,-9999999,-9999999,2244.05,-9999999,-9999999,8.101,12.67,1836.85,164.46,3.891,2.555
AT50-41,Oregon Offshore Shallow Profiler,CE04OSPS,44.37650,-124.95117,2025-08-26T20:14:08.000Z,CTD-010,*0000000000000100,572.0,AT50-41_CTD-010,*0000000000000100,23,*0000000000000100,2025-08-26T21:02:30.000Z,9.559,*0000000001000100,9.482,44.37656,-124.95125,15.9852,*0000000001000100,15.9845,*0000000001000100,4.054846,*0000000001000100,4.051551,*0000000001000100,32.0330,32.0045,5.8766,*0000000011000100,5.68509,0.2505,*0000000001000100,55.2620,-0.1500,*0000000000000100,8.101,*0000000001000100,6.031852,*0000000000000100,*0000000000001000,-9999999,-9999999,-9999999,-9999999,-9999999,-9999999,-9999999,-9999999,-9999999,-9999999,-9999999,-9999999,-9999999,-9999999,-9999999,-9999999,-9999999,-9999999,-9999999,-9999999,-9999999,-9999999,-9999999,-9999999,-9999999,-9999999,-9999999,-9999999,-9999999,-9999999,-9999999,-9999999,-9999999,-9999999,-9999999,-9999999,-9999999,-9999999
AT50-41,Oregon Offshore Shallow Profiler,CE04OSPS,44.37650,-124.95117,2025-08-26T20:14:08.000Z,CTD-010,*0000000000000100,572.0,AT50-41_CTD-010,*0000000000000100,24,*0000000000000100,2025-08-26T21:02:56.000Z,9.542,*0000000001000100,9.465,44.37658,-124.95126,15.2665,*0000000001000100,15.5043,*0000000001000100,3.998096,*0000000001000100,4.013291,*0000000001000100,32.1134,32.0549,6.3565,*0000000001000100,5.76424,0.3452,*0000000011000100,55.2620,-0.1450,*0000000000000100,8.104,*0000000001000100,-9999999,-9999999,-9999999,0.369099,0.168287,1.649635,*0000000000000100,*0000000000000100,-9999999,-9999999,-9999999,-9999999,-9999999,-9999999,-9999999,-9999999,-9999999,-9999999,-9999999,-9999999,-9999999,-9999999,-9999999,-9999999,-9999999,-9999999,-9999999,-9999999,-9999999,-9999999,-9999999,-9999999,-9999999,-9999999,-9999999,-9999999,-9999999,-9999999,-9999999,-9999999,-9999999
AT50-41,Oregon Offshore Shallow Profiler,CE04OSPS,44.37426,-124.95627,2025-08-05T03:57:04.146Z,J2-1696,*0010000000000000,600.0,AT50-41_J2-1696,*0000000000000100,Aft,*0000000000000100,2025-08-05T03:58:04.146Z,197.536975,*0000000000000100,-9999999,-9999999,-9999999,7.752501,*0000000000000100,-9999999,-9999999,3.510723,*0000000010000100,-9999999,-9999999,33.960768,-9999999,-9999999,-9999999,-9999999,-9999999,-9999999,-9999999,-9999999,-9999999,-9999999,-9999999,1.554869,*0000000000000100,*0000000000001000,0.023106,0.165736,1.115727,*0000000000000100,*0000000000000100,2.737438,47.553747,35.155189,0.345359,1.546018,-9999999,*0000000000000100,33.961592,-9999999,*0000000000000100,-9999999,-9999999,-9999999,2276.21,-9999999,*0000000000000100,1301.97,20.6,-9999999,-9999999,-9999999,-9999999,-9999999,-9999999,2279.83,-9999999,-9999999,7.557,62.0,2171.1,43.12,0.964,0.625
AT50-41,Oregon Offshore Shallow Profiler,CE04OSPS,44.37426,-124.95627,2025-08-05T03:57:04.146Z,J2-1696,*0010000000000000,600.0,AT50-41_J2-1696,*0000000000000100,Aft,*0000000000000100,2025-08-05T03:58:04.146Z,197.536975,*0000000000000100,-9999999,-9999999,-9999999,7.752501,*0000000000000100,-9999999,-9999999,3.510723,*0000000000000100,-9999999,-9999999,33.960768,-9999999,-9999999,-9999999,-9999999,-9999999,-9999999,-9999999,-9999999,-9999999,-9999999,-9999999,1.456101,*0000000000000100,*0000000000001000,-9999999,-9999999,-9999999,-9999999,-9999999,-9999999,-9999999,-9999999,-9999999,-9999999,-9999999,-9999999,-9999999,-9999999,-9999999,-9999999,-9999999,-9999999,-9999999,-9999999,-9999999,-9999999,-9999999,-9999999,-9999999,-9999999,-9999999,-9999999,-9999999,-9999999,-9999999,-9999999,-9999999,-9999999,-9999999,-9999999,-9999999,-9999999
AT50-41,Oregon Offshore Shallow Profiler,CE04OSPS,44.37423,-124.95641,2025-08-05T09:52:29.966Z,J2-1698,*0010000000000000,600.0,AT50-41_J2-1698,*0000000000000100,Forward,*0000000000000100,2025-08-05T09:53:29.966Z,197.698608,*0000000000000100,-9999999,-9999999,-9999999,7.724208,*0000000000000100,-9999999,-9999999,3.507930,*0000000010000100,-9999999,-9999999,33.958185,-9999999,-9999999,-9999999,-9999999,-9999999,-9999999,-9999999,-9999999,-9999999,-9999999,-9999999,1.474175,*0000000000000100,*0000000000001000,-9999999,-9999999,-9999999,*0000000000000010,*0000000000000100,2.328076,37.340540,27.946674,0.280460,1.171033,-9999999,*0000000000000100,33.966586,-9999999,*0000000000000100,-9999999,-9999999,-9999999,2307.14,-9999999,*0000000000000100,1583.58,20.5,-9999999,-9999999,-9999999,-9999999,-9999999,-9999999,2286.7,-9999999,-9999999,7.477,75.48,2195.46,36.2,0.809,0.525
AT50-41,Oregon Offshore Shallow Profiler,CE04OSPS,44.37423,-124.95641,2025-08-05T09:52:29.966Z,J2-1698,*0010000000000000,600.0,AT50-41_J2-1698,*0000000000000100,Forward,*0000000000000100,2025-08-05T09:53:29.966Z,197.698608,*0000000000000100,-9999999,-9999999,-9999999,7.724208,*0000000000000100,-9999999,-9999999,3.507930,*0000000000000100,-9999999,-9999999,33.958185,-9999999,-9999999,-9999999,-9999999,-9999999,-9999999,-9999999,-9999999,-9999999,-9999999,-9999999,1.480041,*0000000000000100,*0000000000001000,-9999999,-9999999,-9999999,-9999999,-9999999,-9999999,-9999999,-9999999,-9999999,-9999999,-9999999,-9999999,-9999999,-9999999,-9999999,-9999999,-9999999,-9999999,-9999999,-9999999,-9999999,-9999999,-9999999,-9999999,-9999999,-9999999,-9999999,-9999999,-9999999,-9999999,-9999999,-9999999,-9999999,-9999999,-9999999,-9999999,-9999999,-9999999
AT50-41,Slope Base Shallow Profiler,RS01SBPS,44.52893,-125.38907,2025-08-05T18:45:21.319Z,J2-1699,*0010000000000000,2907.0,AT50-41_J2-1699,*0000000000000100,Aft,*0000000000000100,2025-08-05T18:46:21.319Z,189.849458,*0000000000000100,-9999999,-9999999,-9999999,6.709722,*0000000000000100,-9999999,-9999999,3.406214,*0000000010000100,-9999999,-9999999,33.847566,-9999999,-9999999,-9999999,-9999999,-9999999,-9999999,-9999999,-9999999,-9999999,-9999999,-9999999,-9999999,-9999999,-9999999,0.005925,0.021533,1.204082,*0000000000000100,*0000000000000100,2.161215,41.733132,31.146248,0.022269,0.269819,-9999999,*0000000000000100,34.034564,-9999999,*0000000000000100,-9999999,-9999999,-9999999,2212.38,-9999999,*0000000000000100,903.68,21.6,-9999999,-9999999,-9999999,-9999999,-9999999,-9999999,2253.25,-9999999,-9999999,7.7,44.64,2111.86,55.88,1.249,0.808
AT50-41,Slope Base Shallow Profiler,RS01SBPS,44.52894,-125.38907,2025-08-05T18:46:22.149Z,J2-1699,*0010000000000000,2907.0,AT50-41_J2-1699,*0000000000000100,Forward,*0000000000000100,2025-08-05T18:47:22.149Z,189.830892,*0000000000000100,-9999999,-9999999,-9999999,6.712245,*0000000000000100,-9999999,-9999999,3.406426,*0000000000000100,-9999999,-9999999,33.847422,-9999999,-9999999,-9999999,-9999999,-9999999,-9999999,-9999999,-9999999,-9999999,-9999999,-9999999,3.163211,*0000000000000100,*0000000000001000,-9999999,-9999999,-9999999,-9999999,-9999999,-9999999,-9999999,-9999999,-9999999,-9999999,-9999999,-9999999,-9999999,-9999999,-9999999,-9999999,-9999999,-9999999,-9999999,-9999999,-9999999,-9999999,-9999999,-9999999,-9999999,-9999999,-9999999,-9999999,-9999999,-9999999,-9999999,-9999999,-9999999,-9999999,-9999999,-9999999,-9999999,-9999999
AT50-41,Slope Base Shallow Profiler,RS01SBPS,44.52894,-125.38907,2025-08-05T18:46:22.149Z,J2-1699,*0010000000000000,2907.0,AT50-41_J2-1699,*0000000000000100,Forward,*0000000000000100,2025-08-05T18:47:22.149Z,189.830892,*0000000000000100,-9999999,-9999999,-9999999,6.712245,*0000000000000100,-9999999,-9999999,3.406426,*0000000000000100,-9999999,-9999999,33.847422,-9999999,-9999999,-9999999,-9999999,-9999999,-9999999,-9999999,-9999999,-9999999,-9999999,-9999999,3.181959,*0000000000000100,*0000000000001000,-9999999,-9999999,-9999999,-9999999,-9999999,-9999999,-9999999,-9999999,-9999999,-9999999,-9999999,-9999999,-9999999,-9999999,-9999999,-9999999,-9999999,-9999999,-9999999,-9999999,-9999999,-9999999,-9999999,-9999999,-9999999,-9999999,-9999999,-9999999,-9999999,-9999999,-9999999,-9999999,-9999999,-9999999,-9999999,-9999999,-9999999,-9999999
AT50-41,Axial Base Shallow Profiler,RS03AXPS,45.83047,-129.75383,2025-08-07T05:55:21.076Z,J2-1702,*0010000000000000,2600.0,AT50-41_J2-1702,*0000000000000100,Aft,*0000000000000100,2025-08-07T05:56:21.076Z,190.254558,*0000000000000100,-9999999,-9999999,-9999999,6.552880,*0000000000000100,-9999999,-9999999,3.383173,*0000000000000100,-9999999,-9999999,33.747290,-9999999,-9999999,-9999999,-9999999,-9999999,-9999999,-9999999,-9999999,-9999999,-9999999,-9999999,3.864203,*0000000000000100,*0000000000001000,0.004740,0.014873,1.228571,*0000000000000100,*0000000000000100,-9999999,-9999999,-9999999,-9999999,-9999999,-9999999,-9999999,-9999999,-9999999,-9999999,-9999999,-9999999,-9999999,-9999999,-9999999,-9999999,-9999999,-9999999,-9999999,-9999999,-9999999,-9999999,-9999999,-9999999,-9999999,-9999999,-9999999,-9999999,-9999999,-9999999,-9999999,-9999999,-9999999
AT50-41,Axial Base Shallow Profiler,RS03AXPS,45.83047,-129.75383,2025-08-07T05:55:21.076Z,J2-1702,*0010000000000000,2600.0,AT50-41_J2-1702,*0000000000000100,Aft,*0000000000000100,2025-08-07T05:56:21.076Z,190.254558,*0000000000000100,-9999999,-9999999,-9999999,6.552880,*0000000000000100,-9999999,-9999999,3.383173,*0000000000000100,-9999999,-9999999,33.747290,-9999999,-9999999,-9999999,-9999999,-9999999,-9999999,-9999999,-9999999,-9999999,-9999999,-9999999,3.847541,*0000000000000100,-9999999,-9999999,-9999999,-9999999,-9999999,-9999999,-9999999,-9999999,-9999999,-9999999,-9999999,-9999999,-9999999,-9999999,-9999999,-9999999,-9999999,-9999999,-9999999,-9999999,-9999999,-9999999,-9999999,-9999999,-9999999,-9999999,-9999999,-9999999,-9999999,-9999999,-9999999,-9999999,-9999999,-9999999,-9999999,-9999999,-9999999,-9999999,-9999999
AT50-41,Axial Base Shallow Profiler,RS03AXPS,45.83046,-129.75383,2025-08-07T05:55:36.882Z,J2-1702,*0010000000000000,2600.0,AT50-41_J2-1702,*0000000000000100,Forward,*0000000000000100,2025-08-07T05:56:36.882Z,190.253667,*0000000000000100,-9999999,-9999999,-9999999,6.553619,*0000000000000100,-9999999,-9999999,3.383231,*0000000010000100,-9999999,-9999999,33.747205,-9999999,-9999999,-9999999,-9999999,-9999999,-9999999,-9999999,-9999999,-9999999,-9999999,-9999999,-9999999,-9999999,-9999999,-9999999,-9999999,-9999999,-9999999,-9999999,1.992434,37.029596,28.483573,0.032329,0.322696,-9999999,*0000000000000100,33.754564,-9999999,*0000000000000100,-9999999,-9999999,-9999999,2187.99,-9999999,*0000000000000100,748.16,21.4,-9999999,-9999999,-9999999,-9999999,-9999999,-9999999,2250.55,-9999999,-9999999,7.776,37.19,2085.61,65.2,1.459,0.944
AT50-41,Axial Base Shallow Profiler,RS03AXPS,45.83043,-129.75301,2025-08-07T12:24:32.544Z,J2-1704,*0010000000000000,2600.0,AT50-41_J2-1704,*0000000000000100,Aft,*0000000000000100,2025-08-07T12:25:32.544Z,187.252417,*0000000000000100,-9999999,-9999999,-9999999,6.641677,*0000000000000100,-9999999,-9999999,3.389494,*0000000000000100,-9999999,-9999999,33.731221,-9999999,-9999999,-9999999,-9999999,-9999999,-9999999,-9999999,-9999999,-9999999,-9999999,-9999999,3.936833,*0000000000000100,*0000000000001000,0.002962,0.009926,1.217391,*0000000000000100,*0000000000000100,-9999999,-9999999,-9999999,-9999999,-9999999,-9999999,-9999999,-9999999,-9999999,-9999999,-9999999,-9999999,-9999999,-9999999,-9999999,-9999999,-9999999,-9999999,-9999999,-9999999,-9999999,-9999999,-9999999,-9999999,-9999999,-9999999,-9999999,-9999999,-9999999,-9999999,-9999999,-9999999,-9999999
AT50-41,Axial Base Shallow Profiler,RS03AXPS,45.83043,-129.75301,2025-08-07T12:24:32.544Z,J2-1704,*0010000000000000,2600.0,AT50-41_J2-1704,*0000000000000100,Aft,*0000000000000100,2025-08-07T12:25:32.544Z,187.252417,*0000000000000100,-9999999,-9999999,-9999999,6.641677,*0000000000000100,-9999999,-9999999,3.389494,*0000000000000100,-9999999,-9999999,33.731221,-9999999,-9999999,-9999999,-9999999,-9999999,-9999999,-9999999,-9999999,-9999999,-9999999,-9999999,3.931559,*0000000000000100,*0000000000001000,-9999999,-9999999,-9999999,-9999999,-9999999,-9999999,-9999999,-9999999,-9999999,-9999999,-9999999,-9999999,-9999999,-9999999,-9999999,-9999999,-9999999,-9999999,-9999999,-9999999,-9999999,-9999999,-9999999,-9999999,-9999999,-9999999,-9999999,-9999999,-9999999,-9999999,-9999999,-9999999,-9999999,-9999999,-9999999,-9999999,-9999999,-9999999
AT50-41,Axial Base Shallow Profiler,RS03AXPS,45.83043,-129.75302,2025-08-07T12:25:37.891Z,J2-1704,*0010000000000000,2600.0,AT50-41_J2-1704,*0000000000000100,Forward,*0000000000000100,2025-08-07T12:26:37.891Z,185.417992,*0000000000000100,-9999999,-9999999,-9999999,6.657145,*0000000000000100,-9999999,-9999999,3.390391,*0000000010000100,-9999999,-9999999,33.72681,-9999999,-9999999,-9999999,-9999999,-9999999,-9999999,-9999999,-9999999,-9999999,-9999999,-9999999,-9999999,-9999999,-9999999,-9999999,-9999999,-9999999,-9999999,-9999999,1.945074,35.560259,27.568851,0.026881,1.220520,-9999999,*0000000000000100,33.727269,-9999999,*0000000000000100,-9999999,-9999999,-9999999,2198.55,-9999999,*0000000000000100,720.34,21.7,-9999999,-9999999,-9999999,-9999999,-9999999,-9999999,2267.53,-9999999,-9999999,7.796,35.67,2094.24,68.65,1.541,0.997
AT50-41,Axial Base Junction Box LJ03A,"CTDPFB301,DOSTAD301",45.81692,-129.75411,2025-08-08T06:10:44.065Z,J2-1706,*0010000000000000,2607.0,AT50-41_J2-1706,*0000000000000100,Aft,*0000000000000100,2025-08-08T06:11:44.065Z,2648.54445,*0000000000000100,-9999999,-9999999,-9999999,1.797572,*0000000000000100,-9999999,-9999999,3.142048,*0000000000000100,-9999999,-9999999,34.626001,-9999999,-9999999,-9999999,-9999999,-9999999,-9999999,-9999999,-9999999,-9999999,-9999999,-9999999,1.738751,*0000000000000100,*0000000000001000,-9999999,-9999999,-9999999,-9999999,-9999999,-9999999,-9999999,-9999999,-9999999,-9999999,-9999999,-9999999,-9999999,-9999999,-9999999,-9999999,-9999999,-9999999,-9999999,-9999999,-9999999,-9999999,-9999999,-9999999,-9999999,-9999999,-9999999,-9999999,-9999999,-9999999,-9999999,-9999999,-9999999,-9999999,-9999999,-9999999,-9999999,-9999999
AT50-41,Axial Base Junction Box LJ03A,"CTDPFB301,DOSTAD301",45.81692,-129.75411,2025-08-08T06:10:44.065Z,J2-1706,*0010000000000000,2607.0,AT50-41_J2-1706,*0000000000000100,Aft,*0000000000000100,2025-08-08T06:11:44.065Z,2648.54445,*0000000000000100,-9999999,-9999999,-9999999,1.797572,*0000000000000100,-9999999,-9999999,3.142048,*0000000000000100,-9999999,-9999999,34.626001,-9999999,-9999999,-9999999,-9999999,-9999999,-9999999,-9999999,-9999999,-9999999,-9999999,-9999999,1.738417,*0000000000000100,*0000000000001000,-9999999,-9999999,-9999999,-9999999,-9999999,-9999999,-9999999,-9999999,-9999999,-9999999,-9999999,-9999999,-9999999,-9999999,-9999999,-9999999,-9999999,-9999999,-9999999,-9999999,-9999999,-9999999,-9999999,-9999999,-9999999,-9999999,-9999999,-9999999,-9999999,-9999999,-9999999,-9999999,-9999999,-9999999,-9999999,-9999999,-9999999,-9999999
AT50-41,Axial Base Junction Box LJ03A,"CTDPFB301,DOSTAD301",45.81692,-129.75411,2025-08-08T06:10:06.324Z,J2-1706,*0010000000000000,2607.0,AT50-41_J2-1706,*0000000000000100,Forward,*0000000000000100,2025-08-08T06:11:06.324Z,2648.539608,*0000000000000100,-9999999,-9999999,-9999999,1.797645,*0000000000000100,-9999999,-9999999,3.142054,*0000000010000100,-9999999,-9999999,34.625997,-9999999,-9999999,-9999999,-9999999,-9999999,-9999999,-9999999,-9999999,-9999999,-9999999,-9999999,-9999999,-9999999,-9999999,0.004147,-0.001906,2.75,*0000000000000100,*0000000000000100,-9999999,-9999999,-9999999,-9999999,-9999999,-9999999,-9999999,34.617359,-9999999,*0000000000000100,-9999999,-9999999,-9999999,-9999999,-9999999,-9999999,-9999999,-9999999,-9999999,-9999999,-9999999,-9999999,-9999999,-9999999,-9999999,-9999999,-9999999,-9999999,-9999999,-9999999,-9999999,-9999999,-9999999
AT50-41,Axial ASHES Vent Field,CTDPFB304,45.93363,-130.01377,2025-08-09T04:16:48.081Z,J2-1708,*0010000000000000,1537.0,AT50-41_J2-1708,*0000000000000100,Aft,*0000000000000100,2025-08-09T04:17:48.081Z,1556.243025,*0000000000000100,-9999999,-9999999,-9999999,2.451283,*0000000000000100,-9999999,-9999999,3.147131,*0000000010000100,-9999999,-9999999,34.524574,-9999999,-9999999,-9999999,-9999999,-9999999,-9999999,-9999999,-9999999,-9999999,-9999999,-9999999,-9999999,-9999999,-9999999,-9999999,-9999999,-9999999,-9999999,-9999999,-9999999,-9999999,-9999999,-9999999,-9999999,-9999999,-9999999,34.529265,-9999999,*0000000000000100,-9999999,-9999999,-9999999,-9999999,-9999999,-9999999,-9999999,-9999999,-9999999,-9999999,-9999999,-9999999,-9999999,-9999999,-9999999,-9999999,-9999999,-9999999,-9999999,-9999999,-9999999,-9999999,-9999999
AT50-41,Slope Base Shallow Profiler,RS01SBPS,44.52901,-125.38937,2025-08-12T04:03:46.482Z,J2-1713,*0010000000000000,2900.0,AT50-41_J2-1713,*0000000000000100,Aft,*0000000000000100,2025-08-12T04:04:46.482Z,191.226975,*0000000000000100,-9999999,-9999999,-9999999,6.768964,*0000000000000100,-9999999,-9999999,3.411339,*0000000000000100,-9999999,-9999999,33.844993,-9999999,-9999999,-9999999,-9999999,-9999999,-9999999,-9999999,-9999999,-9999999,-9999999,-9999999,2.987681,*0000000000000100,*0000000000001000,-9999999,-9999999,-9999999,-9999999,-9999999,-9999999,-9999999,-9999999,-9999999,-9999999,-9999999,-9999999,-9999999,-9999999,-9999999,-9999999,-9999999,-9999999,-9999999,-9999999,-9999999,-9999999,-9999999,-9999999,-9999999,-9999999,-9999999,-9999999,-9999999,-9999999,-9999999,-9999999,-9999999,-9999999,-9999999,-9999999,-9999999,-9999999
AT50-41,Slope Base Shallow Profiler,RS01SBPS,44.52901,-125.38937,2025-08-12T04:03:46.482Z,J2-1713,*0010000000000000,2900.0,AT50-41_J2-1713,*0000000000000100,Aft,*0000000000000100,2025-08-12T04:04:46.482Z,191.226975,*0000000000000100,-9999999,-9999999,-9999999,6.768964,*0000000000000100,-9999999,-9999999,3.411339,*0000000000000100,-9999999,-9999999,33.844993,-9999999,-9999999,-9999999,-9999999,-9999999,-9999999,-9999999,-9999999,-9999999,-9999999,-9999999,3.055393,*0000000000000100,*0000000000001000,-9999999,-9999999,-9999999,-9999999,-9999999,-9999999,-9999999,-9999999,-9999999,-9999999,-9999999,-9999999,-9999999,-9999999,-9999999,-9999999,-9999999,-9999999,-9999999,-9999999,-9999999,-9999999,-9999999,-9999999,-9999999,-9999999,-9999999,-9999999,-9999999,-9999999,-9999999,-9999999,-9999999,-9999999,-9999999,-9999999,-9999999,-9999999
AT50-41,Slope Base Shallow Profiler,RS01SBPS,44.52901,-125.38937,2025-08-12T04:03:20.399Z,J2-1713,*0010000000000000,2900.0,AT50-41_J2-1713,*0000000000000100,Forward,*0000000000000100,2025-08-12T04:04:20.399Z,191.225558,*0000000000000100,-9999999,-9999999,-9999999,6.768196,*0000000000000100,-9999999,-9999999,3.411279,*0000000010000100,-9999999,-9999999,33.845096,-9999999,-9999999,-9999999,-9999999,-9999999,-9999999,-9999999,-9999999,-9999999,-9999999,-9999999,-9999999,-9999999,-9999999,0.004740,0.024399,1.153846,*0000000000000100,*0000000000000100,2.157983,40.927456,30.962122,0.024533,0.155871,-9999999,*0000000000000100,33.846356,-9999999,*0000000000000100,-9999999,-9999999,-9999999,2223.57,-9999999,*0000000000000100,966.61,21.4,-9999999,-9999999,-9999999,-9999999,-9999999,-9999999,2256.89,-9999999,-9999999,7.674,47.65,2122.97,52.96,1.186,0.767
AT50-41,Oregon Offshore Deep Profiler,CE04OSPD,44.15943,-124.76900,2025-08-12T19:06:55.380Z,J2-1714,*0010000000000000,585.0,AT50-41_J2-1714,*0000000000000100,Aft,*0000000000000100,2025-08-12T19:07:55.380Z,579.484267,*0000000000000100,-9999999,-9999999,-9999999,5.216128,*0000000000000100,-9999999,-9999999,3.320308,*0000000000000100,-9999999,-9999999,34.185647,-9999999,-9999999,-9999999,-9999999,-9999999,-9999999,-9999999,-9999999,-9999999,-9999999,-9999999,0.448271,*0000000000000100,*0000000000001000,-9999999,-9999999,-9999999,-9999999,-9999999,-9999999,-9999999,-9999999,-9999999,-9999999,-9999999,-9999999,-9999999,-9999999,-9999999,-9999999,-9999999,-9999999,-9999999,-9999999,-9999999,-9999999,-9999999,-9999999,-9999999,-9999999,-9999999,-9999999,-9999999,-9999999,-9999999,-9999999,-9999999,-9999999,-9999999,-9999999,-9999999,-9999999
AT50-41,Oregon Offshore Deep Profiler,CE04OSPD,44.15943,-124.76900,2025-08-12T19:06:55.380Z,J2-1714,*0010000000000000,585.0,AT50-41_J2-1714,*0000000000000100,Aft,*0000000000000100,2025-08-12T19:07:55.380Z,579.484267,*0000000000000100,-9999999,-9999999,-9999999,5.216128,*0000000000000100,-9999999,-9999999,3.320308,*0000000000000100,-9999999,-9999999,34.185647,-9999999,-9999999,-9999999,-9999999,-9999999,-9999999,-9999999,-9999999,-9999999,-9999999,-9999999,0.450667,*0000000000000100,*0000000000001000,-9999999,-9999999,-9999999,-9999999,-9999999,-9999999,-9999999,-9999999,-9999999,-9999999,-9999999,-9999999,-9999999,-9999999,-9999999,-9999999,-9999999,-9999999,-9999999,-9999999,-9999999,-9999999,-9999999,-9999999,-9999999,-9999999,-9999999,-9999999,-9999999,-9999999,-9999999,-9999999,-9999999,-9999999,-9999999,-9999999,-9999999,-9999999
AT50-41,Oregon Offshore Deep Profiler,CE04OSPD,44.15943,-124.76900,2025-08-12T19:08:07.580Z,J2-1714,*0010000000000000,585.0,AT50-41_J2-1714,*0000000000000100,Forward,*0000000000000100,2025-08-12T19:09:07.580Z,579.502183,*0000000000000100,-9999999,-9999999,-9999999,5.209603,*0000000000000100,-9999999,-9999999,3.319852,*0000000010000100,-9999999,-9999999,34.187055,-9999999,-9999999,-9999999,-9999999,-9999999,-9999999,-9999999,-9999999,-9999999,-9999999,-9999999,-9999999,-9999999,-9999999,0.014219,0.095612,1.122449,*0000000000000100,*0000000000000100,-9999999,-9999999,-9999999,-9999999,-9999999,-9999999,-9999999,34.190483,-9999999,*0000000000000100,-9999999,-9999999,-9999999,-9999999,-9999999,-9999999,-9999999,-9999999,-9999999,-9999999,-9999999,-9999999,-9999999,-9999999,-9999999,-9999999,-9999999,-9999999,-9999999,-9999999,-9999999,-9999999,-9999999
AT50-41,Oregon Shelf BEP,CE02SHBP,44.63704,-124.30484,2025-08-15T11:44:17.544Z,J2-1723,*0010000000000000,80.0,AT50-41_J2-1723,*0000000000000100,Aft,*0000000000000100,2025-08-15T11:45:17.544Z,79.46325,*0000000000000100,-9999999,-9999999,-9999999,7.590623,*0000000000000100,-9999999,-9999999,3.360324,*0000000000000100,-9999999,-9999999,32.553842,-9999999,-9999999,-9999999,-9999999,-9999999,-9999999,-9999999,-9999999,-9999999,-9999999,-9999999,0.859244,*0000000000000100,*0000000000001000,-9999999,-9999999,-9999999,-9999999,-9999999,-9999999,-9999999,-9999999,-9999999,-9999999,-9999999,-9999999,-9999999,-9999999,-9999999,-9999999,-9999999,-9999999,-9999999,-9999999,-9999999,-9999999,-9999999,-9999999,-9999999,-9999999,-9999999,-9999999,-9999999,-9999999,-9999999,-9999999,-9999999,-9999999,-9999999,-9999999,-9999999,-9999999
AT50-41,Oregon Shelf BEP,CE02SHBP,44.63704,-124.30484,2025-08-15T11:44:17.544Z,J2-1723,*0010000000000000,80.0,AT50-41_J2-1723,*0000000000000100,Aft,*0000000000000100,2025-08-15T11:45:17.544Z,79.46325,*0000000000000100,-9999999,-9999999,-9999999,7.590623,*0000000000000100,-9999999,-9999999,3.360324,*0000000000000100,-9999999,-9999999,32.553842,-9999999,-9999999,-9999999,-9999999,-9999999,-9999999,-9999999,-9999999,-9999999,-9999999,-9999999,0.902050,*0000000000000100,*0000000000001000,-9999999,-9999999,-9999999,-9999999,-9999999,-9999999,-9999999,-9999999,-9999999,-9999999,-9999999,-9999999,-9999999,-9999999,-9999999,-9999999,-9999999,-9999999,-9999999,-9999999,-9999999,-9999999,-9999999,-9999999,-9999999,-9999999,-9999999,-9999999,-9999999,-9999999,-9999999,-9999999,-9999999,-9999999,-9999999,-9999999,-9999999,-9999999
AT50-41,Oregon Shelf BEP,CE02SHBP,44.63704,-124.30484,2025-08-15T11:45:06.096Z,J2-1723,*0010000000000000,80.0,AT50-41_J2-1723,*0000000000000100,Forward,*0000000000000100,2025-08-15T11:46:06.096Z,79.462608,*0000000000000100,-9999999,-9999999,-9999999,7.590418,*0000000000000100,-9999999,-9999999,3.322575,*0000000010000100,-9999999,-9999999,32.148824,-9999999,-9999999,-9999999,-9999999,-9999999,-9999999,-9999999,-9999999,-9999999,-9999999,-9999999,-9999999,-9999999,-9999999,0.554502,0.466209,1.482941,*0000000000001001,*0000000000000100,-9999999,-9999999,-9999999,-9999999,-9999999,-9999999,-9999999,33.903428,-9999999,*0000000000000100,-9999999,-9999999,-9999999,2341.5,-9999999,*0000000000000100,2261.73,21.5,-9999999,-9999999,-9999999,-9999999,-9999999,-9999999,2269.13,-9999999,-9999999,7.332,109.44,2207.42,24.65,0.572,0.37
AT50-41,Axial Seamount International District 2,CTDPFB307,45.92586,-129.97766,2025-08-24T00:54:06.919Z,J2-1735,*0010000000000000,1526.0,AT50-41_J2-1735,*0000000000000100,Forward,*0000000000000100,2025-08-24T00:55:06.919Z,1545.124383,*0000000000000100,-9999999,-9999999,-9999999,2.378031,*0000000000000100,-9999999,-9999999,3.139800,*0000000010000100,-9999999,-9999999,34.518597,-9999999,-9999999,-9999999,-9999999,-9999999,-9999999,-9999999,-9999999,-9999999,-9999999,-9999999,-9999999,-9999999,-9999999,-9999999,-9999999,-9999999,-9999999,-9999999,-9999999,-9999999,-9999999,-9999999,-9999999,-9999999,-9999999,34.529619,-9999999,*0000000000000100,-9999999,-9999999,-9999999,-9999999,-9999999,-9999999,-9999999,-9999999,-9999999,-9999999,-9999999,-9999999,-9999999,-9999999,-9999999,-9999999,-9999999,-9999999,-9999999,-9999999,-9999999,-9999999,-9999999
AT50-41,Axial Central Caldera,CTDPFB305,45.95494,-130.00876,2025-08-24T05:19:33.784Z,J2-1736,*0010000000000000,1524.0,AT50-41_J2-1736,*0000000000000100,Forward,*0000000000000100,2025-08-24T05:20:33.784Z,1527.479192,*0000000000000100,-9999999,-9999999,-9999999,2.415324,*0000000000000100,-9999999,-9999999,3.142016,*0000000010000100,-9999999,-9999999,34.514928,-9999999,-9999999,-9999999,-9999999,-9999999,-9999999,-9999999,-9999999,-9999999,-9999999,-9999999,-9999999,-9999999,-9999999,-9999999,-9999999,-9999999,-9999999,-9999999,-9999999,-9999999,-9999999,-9999999,-9999999,-9999999,-9999999,34.529167,-9999999,*0000000000000100,-9999999,-9999999,-9999999,-9999999,-9999999,-9999999,-9999999,-9999999,-9999999,-9999999,-9999999,-9999999,-9999999,-9999999,-9999999,-9999999,-9999999,-9999999,-9999999,-9999999,-9999999,-9999999,-9999999
AT50-41,Oregon Offshore BEP,CE04OSBP,44.36929,-124.95367,2025-08-28T04:02:16.310Z,J2-1741,*0010000000000000,578.0,AT50-41_J2-1741,*0000000000000100,Aft,*0000000000000100,2025-08-28T04:03:16.310Z,582.538733,*0000000000000100,-9999999,-9999999,-9999999,5.221609,*0000000000000100,-9999999,-9999999,3.317691,*0000000000000100,-9999999,-9999999,34.148613,-9999999,-9999999,-9999999,-9999999,-9999999,-9999999,-9999999,-9999999,-9999999,-9999999,-9999999,0.837735,*0000000000000001,*0000000000001000,-9999999,-9999999,-9999999,-9999999,-9999999,-9999999,-9999999,-9999999,-9999999,-9999999,-9999999,-9999999,-9999999,-9999999,-9999999,-9999999,-9999999,-9999999,-9999999,-9999999,-9999999,-9999999,-9999999,-9999999,-9999999,-9999999,-9999999,-9999999,-9999999,-9999999,-9999999,-9999999,-9999999,-9999999,-9999999,-9999999,-9999999,-9999999
AT50-41,Oregon Offshore BEP,CE04OSBP,44.36929,-124.95367,2025-08-28T04:02:16.310Z,J2-1741,*0010000000000000,578.0,AT50-41_J2-1741,*0000000000000100,Aft,*0000000000000100,2025-08-28T04:03:16.310Z,582.538733,*0000000000000100,-9999999,-9999999,-9999999,5.221609,*0000000000000100,-9999999,-9999999,3.317691,*0000000000000100,-9999999,-9999999,34.148613,-9999999,-9999999,-9999999,-9999999,-9999999,-9999999,-9999999,-9999999,-9999999,-9999999,-9999999,0.855857,*0000000000000001,*0000000000001000,-9999999,-9999999,-9999999,-9999999,-9999999,-9999999,-9999999,-9999999,-9999999,-9999999,-9999999,-9999999,-9999999,-9999999,-9999999,-9999999,-9999999,-9999999,-9999999,-9999999,-9999999,-9999999,-9999999,-9999999,-9999999,-9999999,-9999999,-9999999,-9999999,-9999999,-9999999,-9999999,-9999999,-9999999,-9999999,-9999999,-9999999,-9999999
AT50-41,Oregon Offshore BEP,CE04OSBP,44.36929,-124.95367,2025-08-28T04:01:48.045Z,J2-1741,*0010000000000000,578.0,AT50-41_J2-1741,*0000000000000100,Forward,*0000000000000100,2025-08-28T04:02:48.045Z,582.5309,*0000000000000100,-9999999,-9999999,-9999999,5.220616,*0000000000000100,-9999999,-9999999,3.317607,*0000000010000100,-9999999,-9999999,34.148670,-9999999,-9999999,-9999999,-9999999,-9999999,-9999999,-9999999,-9999999,-9999999,-9999999,-9999999,-9999999,-9999999,-9999999,0.014219,0.200960,1.0625,*0000000000000100,*0000000000000100,-9999999,-9999999,-9999999,-9999999,-9999999,-9999999,-9999999,34.159800,-9999999,*0000000000000100,-9999999,-9999999,-9999999,2380.79,-9999999,*0000000000000100,1188.26,18.9,-9999999,-9999999,-9999999,-9999999,-9999999,-9999999,2388.23,-9999999,-9999999,7.59,61.76,2273.44,45.59,0.942,0.611
AT50-41,Oregon Shelf BEP,CE02SHBP,44.63723,-124.30566,2025-08-28T15:20:37.406Z,J2-1743,*0010000000000000,80.6,AT50-41_J2-1743,*0000000000000100,Aft,*0000000000000100,2025-08-28T15:21:37.406Z,78.388592,*0000000000000100,-9999999,-9999999,-9999999,7.903024,*0000000000000100,-9999999,-9999999,3.512157,*0000000000000100,-9999999,-9999999,33.886713,-9999999,-9999999,-9999999,-9999999,-9999999,-9999999,-9999999,-9999999,-9999999,-9999999,-9999999,1.198330,*0000000000000001,*0000000000001000,-9999999,-9999999,-9999999,-9999999,-9999999,-9999999,-9999999,-9999999,-9999999,-9999999,-9999999,-9999999,-9999999,-9999999,-9999999,-9999999,-9999999,-9999999,-9999999,-9999999,-9999999,-9999999,-9999999,-9999999,-9999999,-9999999,-9999999,-9999999,-9999999,-9999999,-9999999,-9999999,-9999999,-9999999,-9999999,-9999999,-9999999,-9999999
AT50-41,Oregon Shelf BEP,CE02SHBP,44.63723,-124.30566,2025-08-28T15:20:37.406Z,J2-1743,*0010000000000000,80.6,AT50-41_J2-1743,*0000000000000100,Aft,*0000000000000100,2025-08-28T15:21:37.406Z,78.388592,*0000000000000100,-9999999,-9999999,-9999999,7.903024,*0000000000000100,-9999999,-9999999,3.512157,*0000000000000100,-9999999,-9999999,33.886713,-9999999,-9999999,-9999999,-9999999,-9999999,-9999999,-9999999,-9999999,-9999999,-9999999,-9999999,1.260569,*0000000000000001,*0000000000001000,-9999999,-9999999,-9999999,-9999999,-9999999,-9999999,-9999999,-9999999,-9999999,-9999999,-9999999,-9999999,-9999999,-9999999,-9999999,-9999999,-9999999,-9999999,-9999999,-9999999,-9999999,-9999999,-9999999,-9999999,-9999999,-9999999,-9999999,-9999999,-9999999,-9999999,-9999999,-9999999,-9999999,-9999999,-9999999,-9999999,-9999999,-9999999
AT50-41,Oregon Shelf BEP,CE02SHBP,44.63723,-124.30566,2025-08-28T15:19:33.184Z,J2-1743,*0010000000000000,80.6,AT50-41_J2-1743,*0000000000000100,Forward,*0000000000000100,2025-08-28T15:20:33.184Z,78.401833,*0000000000000100,-9999999,-9999999,-9999999,7.903092,*0000000000000100,-9999999,-9999999,3.512169,*0000000010000100,-9999999,-9999999,33.886762,-9999999,-9999999,-9999999,-9999999,-9999999,-9999999,-9999999,-9999999,-9999999,-9999999,-9999999,-9999999,-9999999,-9999999,0.943781,2.079930,1.295219,*0000000000000100,*0000000000000100,-9999999,-9999999,-9999999,-9999999,-9999999,-9999999,-9999999,33.902253,-9999999,*0000000000000100,-9999999,-9999999,-9999999,2345.78,-9999999,*0000000000000100,1578.08,18.9,-9999999,-9999999,-9999999,-9999999,-9999999,-9999999,2328.23,-9999999,-9999999,7.492,74.79,2233.0,37.99,0.869,0.563
