#fields: DAQ.lowering,DAQ.type,EIC.time,EIC.lat,EIC.lon,EIC.x,EIC.y,DAQ.g,DAQ.p,DAQ.r,DAQ.a,EIC.depth,DAQ.da,MAG.src,MAG.x,MAG.y,MAG.z,MAG.m,CTD.src,CTD.tp,CTD.c,CTD.dp,CTD.s,CTD.svel,CTD.p,DAQ.cruiseid,DAQ.etype,DAQ.evt
J2-907,EVT,2016/07/11 17:41:14,48.6659332,-126.8861553,0.00,0.00,0.00,0.0,0.0,0.00,0.00,0,HMR2300,12193.3,1333.3,28813.3,31315.5,,,,,,,,SKQ201610S,DLG,VERSION 4.01
J2-907,EVT,2016/07/11 17:42:36,48.6659332,-126.8861553,0.00,0.00,0.00,0.0,0.0,0.00,0.00,0,HMR2300,12193.3,1333.3,28813.3,31315.5,,,,,,,,SKQ201610S,DLG,VERSION 4.01
J2-907,EVT,2016/07/11 18:08:53,48.6659094,-126.8861442,0.82,-2.65,138.07,0.8,1.3,0.00,0.45,0.45,HMR2300,8133.3,20466.7,30366.7,37512.3,,,,,,,,SKQ201610S,DLG,TXT: test
J2-907,EVT,2016/07/11 18:08:54,48.6659094,-126.8861442,0.82,-2.65,138.10,1.0,0.9,0.00,0.45,0.45,HMR2300,8240.0,20800.0,30180.0,37568.2,,,,,,,,SKQ201610S,DLG,VERSION 4.01
J2-907,EVT,2016/07/11 18:09:00,48.6659094,-126.8861442,0.82,-2.65,138.11,1.4,0.6,0.00,0.40,0.4,HMR2300,8186.7,20726.7,30040.0,37403.4,,,,,,,,SKQ201610S,DLG,TXT: test
J2-907,EVT,2016/07/11 20:41:06,48.6659094,-126.8861442,0.82,-2.65,138.18,1.8,1.2,0.00,0.39,0.39,HMR2300,8680.0,20433.3,29926.7,37262.2,,,,,,,,SKQ201610S,DLG,Frame_Grab:
J2-907,EVT,2016/07/11 20:58:04,48.6659094,-126.8861442,0.82,-2.65,138.18,1.8,1.2,0.00,0.39,0.39,HMR2300,8680.0,20433.3,29926.7,37262.2,,,,,,,,SKQ201610S,DLG,Frame_Grab:
J2-907,EVT,2016/07/11 21:23:19,48.6659094,-126.8861442,0.82,-2.65,138.18,1.8,1.2,0.00,0.39,0.39,HMR2300,8680.0,20433.3,29926.7,37262.2,,,,,,,,SKQ201610S,DLG,TXT: test
J2-907,EVT,2016/07/11 21:23:29,48.6659094,-126.8861442,0.82,-2.65,138.18,1.8,1.2,0.00,0.39,0.39,HMR2300,8680.0,20433.3,29926.7,37262.2,,,,,,,,SKQ201610S,DLG,Jbox: Recover
J2-907,EVT,2016/07/12 10:36:48,45.9166667,-130.0250000,0.00,0.00,0.00,0.0,0.0,0.00,0.00,0,HMR2300,8680.0,20433.3,29926.7,37262.2,,,,,,,,SKQ201610S,DLG,TXT:
J2-907,EVT,2016/07/12 10:41:57,45.9166441,-130.0249865,1.05,-2.51,136.97,0.8,1.4,0.00,0.32,0.32,HMR2300,8600.0,21226.7,27173.3,35537.6,,,,,,,,SKQ201610S,DLG,TXT:
J2-907,EVT,2016/07/12 13:07:07,45.9166427,-130.0250104,-0.81,-2.66,190.85,-1.6,-0.6,0.00,0.45,0.45,HMR2300,10726.7,7673.3,24600.0,27912.4,,,,,,,,SKQ201610S,DLG,TXT: Off Deck
J2-907,EVT,2016/07/12 13:21:40,45.9166425,-130.0250102,-0.79,-2.69,190.31,-0.4,-0.1,0.00,0.46,0.46,HMR2300,6806.7,12760.0,28200.0,31692.1,,,,,,,,SKQ201610S,DLG,TXT: Jason locked on to LJ03A
J2-907,EVT,2016/07/12 13:22:01,45.9166424,-130.0250097,-0.75,-2.70,189.91,-0.2,2.0,0.00,0.42,0.42,HMR2300,7553.3,9866.7,31986.7,34315.5,,,,,,,,SKQ201610S,DLG,TXT: Off deck with package
J2-907,EVT,2016/07/12 13:24:34,45.9166773,-130.0250242,-1.88,1.18,281.58,3.6,1.5,0.00,0.38,0.38,HMR2300,11126.7,-23226.7,29786.7,39376.7,,,,,,,,SKQ201610S,DLG,JASON: Jason in water
J2-907,EVT,2016/07/12 13:27:19,45.9166908,-130.0249906,0.73,2.68,9.23,-2.3,0.9,0.00,19.21,19.21,HMR2300,-16973.3,-6446.7,50533.3,53696.1,,,,,,,,SKQ201610S,DLG,TXT: First lemon on
J2-907,EVT,2016/07/12 13:38:47,45.9166908,-130.0249906,0.73,2.68,8.96,-3.0,0.4,0.00,59.00,59,HMR2300,-15953.3,-3560.0,44893.3,47776.5,,,,,,,,SKQ201610S,DLG,TXT: Last float on
J2-907,ASNAP,2016/07/12 13:42:14,45.9166907,-130.0249908,0.71,2.67,8.76,-4.5,2.2,0.00,133.50,133.5,HMR2300,-16940.0,-4953.3,43913.3,47327.4,,,,,,,,SKQ201610S,,
J2-907,ASNAP,2016/07/12 13:44:14,45.9166908,-130.0249906,0.73,2.68,8.90,-3.1,0.7,0.00,140.66,140.66,HMR2300,-15900.0,-3740.0,44493.3,47396.8,,,,,,,,SKQ201610S,,
J2-907,ASNAP,2016/07/12 13:46:14,45.9166909,-130.0249907,0.72,2.69,8.66,-2.4,1.6,0.00,182.57,182.57,HMR2300,-15426.7,-4580.0,44720.0,47527.2,,,,,,,,SKQ201610S,,
J2-907,ASNAP,2016/07/12 13:48:14,45.9166909,-130.0249907,0.72,2.69,8.70,-2.4,1.7,0.00,205.85,205.85,HMR2300,-15246.7,-4686.7,44813.3,47567.4,,,,,,,,SKQ201610S,,
J2-907,ASNAP,2016/07/12 13:50:14,45.9166909,-130.0249908,0.71,2.69,8.63,-2.5,1.6,0.00,264.15,264.15,HMR2300,-15406.7,-4533.3,44693.3,47491.2,,,,,,,,SKQ201610S,,
J2-907,ASNAP,2016/07/12 13:52:14,45.9166908,-130.0249906,0.73,2.68,9.18,-2.8,1.8,0.00,322.93,322.93,HMR2300,-15506.7,-4573.3,44600.0,47439.8,,,,,,,,SKQ201610S,,
J2-907,ASNAP,2016/07/12 13:54:14,45.9166908,-130.0249907,0.72,2.68,9.02,-3.0,2.0,0.00,381.77,381.77,HMR2300,-15846.7,-4660.0,44406.7,47379.2,,,,,,,,SKQ201610S,,
J2-907,ASNAP,2016/07/12 13:56:14,45.9166910,-130.0249908,0.71,2.70,8.63,-2.0,1.8,0.00,439.68,439.68,HMR2300,-14840.0,-4853.3,44853.3,47493.2,,,,,,,,SKQ201610S,,
J2-907,EVT,2016/07/12 13:57:26,45.9166909,-130.0249907,0.72,2.69,8.96,-2.9,2.1,0.00,475.56,475.56,HMR2300,-15833.3,-4820.0,44333.3,47322.0,,,,,,,,SKQ201610S,DLG,TXT: test
J2-907,ASNAP,2016/07/12 13:58:14,45.9166910,-130.0249908,0.71,2.71,8.68,-1.9,1.9,0.00,498.21,498.21,HMR2300,-14786.7,-4926.7,45000.0,47622.7,,,,,,,,SKQ201610S,,
J2-907,EVT,2016/07/12 13:58:20,45.9166909,-130.0249908,0.71,2.69,8.61,-2.8,1.9,0.00,502.25,502.25,HMR2300,-15440.0,-5020.0,44740.0,47594.8,,,,,,,,SKQ201610S,DLG,Jbox: Recover Wetmate unplug test
J2-907,ASNAP,2016/07/12 14:00:14,45.9166908,-130.0249908,0.71,2.68,8.61,-3.0,1.8,0.00,557.39,557.39,HMR2300,-15760.0,-4880.0,44620.0,47572.4,,,,,,,,SKQ201610S,,
J2-907,ASNAP,2016/07/12 14:02:14,45.9166908,-130.0249910,0.70,2.68,8.27,-3.9,2.4,0.00,615.98,615.98,HMR2300,-16633.3,-5426.7,44146.7,47487.3,,,,,,,,SKQ201610S,,
J2-907,ASNAP,2016/07/12 14:04:14,45.9166907,-130.0249908,0.71,2.67,8.73,-4.1,2.4,0.00,674.87,674.87,HMR2300,-16460.0,-5346.7,44193.3,47461.2,,,,,,,,SKQ201610S,,
J2-907,ASNAP,2016/07/12 14:06:14,45.9166907,-130.0249907,0.72,2.67,8.94,-3.5,2.1,0.00,733.24,733.24,HMR2300,-15940.0,-5006.7,44453.3,47489.5,,,,,,,,SKQ201610S,,
J2-907,ASNAP,2016/07/12 14:08:14,45.9166910,-130.0249910,0.70,2.71,8.34,-1.7,2.1,0.00,791.81,791.81,HMR2300,-14720.0,-5233.3,45053.3,47685.1,,,,,,,,SKQ201610S,,
J2-907,ASNAP,2016/07/12 14:10:14,45.9166908,-130.0249910,0.70,2.68,8.47,-3.4,2.3,0.00,852.37,852.37,HMR2300,-15960.0,-5460.0,44593.3,47677.0,,,,,,,,SKQ201610S,,
J2-907,ASNAP,2016/07/12 14:12:14,45.9166908,-130.0249908,0.71,2.68,8.77,-3.3,2.4,0.00,910.49,910.49,HMR2300,-15966.7,-5286.7,44540.0,47609.8,,,,,,,,SKQ201610S,,
J2-907,ASNAP,2016/07/12 14:14:14,45.8161839,-129.7551835,20932.86,-11168.56,8.76,-5.3,3.2,0.00,968.52,968.52,HMR2300,-17566.7,-6040.0,43620.0,47410.7,,,,,,,,SKQ201610S,,
J2-907,ASNAP,2016/07/12 14:16:14,45.8162317,-129.7551942,20932.03,-11163.25,9.16,-2.0,1.5,0.00,1026.10,1026.1,HMR2300,-15000.0,-4853.3,45060.0,47738.4,,,,,,,,SKQ201610S,,
J2-907,ASNAP,2016/07/12 14:18:14,45.8162324,-129.7551347,20936.65,-11163.17,8.56,-2.0,2.2,0.00,1083.71,1083.71,HMR2300,-15433.3,-5480.0,44786.7,47687.1,,,,,,,,SKQ201610S,,
J2-907,ASNAP,2016/07/12 14:20:14,45.8162501,-129.7551104,20938.53,-11161.20,8.35,-2.1,1.5,0.00,1142.96,1142.96,HMR2300,-13973.3,-4866.7,45360.0,47712.3,,,,,,,,SKQ201610S,,
J2-907,ASNAP,2016/07/12 14:22:14,45.8162775,-129.7550706,20941.62,-11158.16,8.50,-1.9,1.7,0.00,1202.04,1202.04,HMR2300,-14840.0,-5040.0,45066.7,47714.1,,,,,,,,SKQ201610S,,
J2-907,ASNAP,2016/07/12 14:24:14,45.8162978,-129.7549822,20948.48,-11155.90,8.73,-2.1,1.6,0.00,1259.75,1259.75,HMR2300,-15206.7,-5200.0,44920.0,47708.4,,,,,,,,SKQ201610S,,
J2-907,ASNAP,2016/07/12 14:26:14,45.8163141,-129.7549658,20949.75,-11154.09,8.69,-2.9,1.8,0.00,1319.05,1319.05,HMR2300,-14960.0,-4926.7,45146.7,47815.2,,,,,,,,SKQ201610S,,
J2-907,ASNAP,2016/07/12 14:28:14,45.8163125,-129.7549293,20952.58,-11154.27,8.34,-3.7,2.6,0.00,1377.52,1377.52,HMR2300,-15940.0,-5686.7,44526.7,47634.5,,,,,,,,SKQ201610S,,
J2-907,ASNAP,2016/07/12 14:30:14,45.8162025,-129.7544942,20986.34,-11166.49,8.25,-3.7,2.5,0.00,1436.93,1436.93,HMR2300,-15993.3,-5413.3,44580.0,47670.4,,,,,,,,SKQ201610S,,
J2-907,ASNAP,2016/07/12 14:32:14,45.8164160,-129.7548743,20956.85,-11142.76,8.97,-2.9,2.5,0.00,1496.03,1496.03,HMR2300,-16386.7,-5706.7,44486.7,47750.9,,,,,,,,SKQ201610S,,
J2-907,ASNAP,2016/07/12 14:34:14,45.8164554,-129.7548131,20961.60,-11138.38,8.38,-2.6,2.4,0.00,1555.39,1555.39,HMR2300,-15613.3,-5780.0,44866.7,47856.1,,,,,,,,SKQ201610S,,
J2-907,ASNAP,2016/07/12 14:36:14,45.8164834,-129.7547544,20966.15,-11135.27,8.70,-3.1,2.2,0.00,1613.35,1613.35,HMR2300,-15506.7,-5166.7,44813.3,47701.0,,,,,,,,SKQ201610S,,
J2-907,ASNAP,2016/07/12 14:38:14,45.8164717,-129.7547899,20963.40,-11136.57,8.72,-1.6,1.6,0.00,1671.06,1671.06,HMR2300,-14513.3,-4973.3,45360.0,47884.2,,,,,,,,SKQ201610S,,
J2-907,ASNAP,2016/07/12 14:40:14,45.8164583,-129.7547265,20968.32,-11138.06,8.88,-3.0,2.2,0.00,1730.02,1730.02,HMR2300,-15893.3,-5426.7,44733.3,47782.0,,,,,,,,SKQ201610S,,
J2-907,ASNAP,2016/07/12 14:42:14,45.8164119,-129.7547022,20970.20,-11143.22,8.81,-3.0,2.0,0.00,1788.42,1788.42,HMR2300,-15560.0,-5213.3,44873.3,47779.8,,,,,,,,SKQ201610S,,
J2-907,ASNAP,2016/07/12 14:44:14,45.8164110,-129.7546375,20975.22,-11143.32,8.73,-2.7,1.7,0.00,1847.16,1847.16,HMR2300,-15486.7,-5006.7,45086.7,47934.4,,,,,,,,SKQ201610S,,
J2-907,ASNAP,2016/07/12 14:46:14,45.8164024,-129.7545464,20982.29,-11144.27,8.80,-3.0,1.9,0.00,1905.90,1905.9,HMR2300,-15640.0,-5226.7,44913.3,47844.9,,,,,,,,SKQ201610S,,
J2-907,ASNAP,2016/07/12 14:48:14,45.8164426,-129.7546429,20974.80,-11139.81,9.04,-3.3,1.9,0.00,1964.52,1964.52,HMR2300,-15746.7,-5066.7,44860.0,47812.6,,,,,,,,SKQ201610S,,
J2-907,ASNAP,2016/07/12 14:50:14,45.8163568,-129.7546428,20974.81,-11149.34,9.11,-3.4,2.0,0.00,2023.51,2023.51,HMR2300,-16546.7,-5373.3,44500.0,47779.9,,,,,,,,SKQ201610S,,
J2-907,ASNAP,2016/07/12 14:52:14,45.8163380,-129.7545706,20980.41,-11151.43,8.96,-2.6,1.8,0.00,2081.78,2081.78,HMR2300,-15020.0,-5193.3,45326.7,48032.1,,,,,,,,SKQ201610S,,
J2-907,ASNAP,2016/07/12 14:54:14,45.8163511,-129.7545412,20982.69,-11149.97,9.07,-3.9,2.0,0.00,2141.65,2141.65,HMR2300,-16266.7,-5226.7,44873.3,48016.0,,,,,,,,SKQ201610S,,
J2-907,ASNAP,2016/07/12 14:56:14,45.8163598,-129.7546209,20976.51,-11149.01,8.22,-2.4,1.9,0.00,2199.96,2199.96,HMR2300,-14893.3,-5513.3,45506.7,48198.2,,,,,,,,SKQ201610S,,
J2-907,ASNAP,2016/07/12 14:58:14,45.8162742,-129.7544412,20990.45,-11158.52,8.61,-3.5,1.9,0.00,2257.69,2257.69,HMR2300,-15693.3,-5373.3,45286.7,48229.0,,,,,,,,SKQ201610S,,
J2-907,ASNAP,2016/07/12 15:00:14,45.8164095,-129.7546710,20972.62,-11143.48,8.80,-2.8,1.8,0.00,2315.98,2315.98,HMR2300,-15420.0,-5386.7,45386.7,48236.3,,,,,,,,SKQ201610S,,
J2-907,EVT,2016/07/12 15:01:46,45.8163574,-129.7545853,20979.27,-11149.27,9.16,-3.0,1.7,0.00,2360.76,2360.76,HMR2300,-15966.7,-5253.3,45240.0,48261.7,,,,,,,,SKQ201610S,DLG,TXT: Started Key Pros
J2-907,ASNAP,2016/07/12 15:02:14,45.8161614,-129.7546495,20974.29,-11171.06,9.17,-3.0,2.1,0.00,2373.33,2373.33,HMR2300,-15940.0,-5386.7,45153.3,48186.3,,,,,,,,SKQ201610S,,
J2-907,ASNAP,2016/07/12 15:04:14,45.8163319,-129.7546389,20975.11,-11152.11,9.26,-2.9,1.7,0.00,2432.75,2432.75,HMR2300,-15653.3,-5213.3,45420.0,48323.7,,,,,,,,SKQ201610S,,
J2-907,ASNAP,2016/07/12 15:06:14,45.8164642,-129.7544524,20989.58,-11137.40,9.17,-2.6,1.6,0.00,2440.99,2440.99,HMR2300,-15660.0,-5240.0,45480.0,48385.2,,,,,,,,SKQ201610S,,
J2-907,ASNAP,2016/07/12 15:08:14,45.8164710,-129.7546044,20977.79,-11136.65,347.49,-2.7,1.7,0.00,2441.11,2441.11,HMR2300,-11966.7,-12513.3,46700.0,49806.4,,,,,,,,SKQ201610S,,
J2-907,EVT,2016/07/12 15:09:33,45.8164872,-129.7545586,20981.34,-11134.85,317.56,-2.6,1.6,0.00,2440.89,2440.89,HMR2300,-3693.3,-19986.7,47666.7,51819.1,,,,,,,,SKQ201610S,DLG,TXT: Spinning out cable from Jason
J2-907,ASNAP,2016/07/12 15:10:14,45.8165094,-129.7544290,20991.40,-11132.38,302.92,-2.5,1.6,0.00,2441.09,2441.09,HMR2300,1420.0,-22073.3,48053.3,52899.6,,,,,,,,SKQ201610S,,
J2-907,ASNAP,2016/07/12 15:12:14,45.8165324,-129.7544442,20990.22,-11129.82,272.05,-2.4,1.6,0.00,2440.99,2440.99,HMR2300,12666.7,-21673.3,48333.3,54463.6,,,,,,,,SKQ201610S,,
J2-907,ASNAP,2016/07/12 15:14:14,45.8165326,-129.7542494,21005.33,-11129.80,285.40,-2.5,1.5,0.00,2441.02,2441.02,HMR2300,7606.7,-22553.3,48300.0,53846.1,,,,,,,,SKQ201610S,,
J2-907,ASNAP,2016/07/12 15:16:14,45.8165100,-129.7543287,20999.18,-11132.31,304.38,-2.6,1.5,0.00,2440.97,2440.97,HMR2300,626.7,-21866.7,48066.7,52810.5,,,,,,,,SKQ201610S,,
J2-907,ASNAP,2016/07/12 15:18:14,45.8165665,-129.7543192,20999.92,-11126.03,285.41,-2.6,1.6,0.00,2441.05,2441.05,HMR2300,7626.7,-22600.0,48346.7,53910.4,,,,,,,,SKQ201610S,,
J2-907,ASNAP,2016/07/12 15:20:14,45.8165685,-129.7543105,21000.59,-11125.81,277.85,-2.4,1.5,0.00,2441.04,2441.04,HMR2300,10640.0,-22146.7,48333.3,54219.9,,,,,,,,SKQ201610S,,
J2-907,EVT,2016/07/12 15:20:15,45.8165685,-129.7543105,21000.59,-11125.81,277.84,-2.5,1.5,0.00,2441.30,2441.3,HMR2300,10600.0,-22233.3,48373.3,54283.2,,,,,,,,SKQ201610S,DLG,TXT: Relaxed the cable approx. 55 degrees to Port and appears to be sufficient and the sensor be false
J2-907,ASNAP,2016/07/12 15:22:14,45.8165693,-129.7543381,20998.45,-11125.72,281.47,-2.6,1.5,0.00,2441.19,2441.19,HMR2300,9046.7,-22413.3,48333.3,54039.9,,,,,,,,SKQ201610S,,
J2-907,EVT,2016/07/12 15:22:38,45.8165910,-129.7543657,20996.31,-11123.31,280.77,-2.6,1.6,0.00,2446.59,2446.59,HMR2300,9400.0,-22486.7,48393.3,54184.2,,,,,,,,SKQ201610S,DLG,TXT: Starting down 
J2-907,ASNAP,2016/07/12 15:24:14,45.8165835,-129.7543207,20999.80,-11124.14,278.48,-2.6,1.6,0.00,2471.73,2471.73,HMR2300,10226.7,-22293.3,48386.7,54248.0,,,,,,,,SKQ201610S,,
J2-907,ASNAP,2016/07/12 15:26:14,45.8165817,-129.7543583,20996.88,-11124.34,283.60,-2.5,1.6,0.00,2502.67,2502.67,HMR2300,8666.7,-22520.0,48360.0,54045.8,,,,,,,,SKQ201610S,,
J2-907,ASNAP,2016/07/12 15:28:14,45.8165730,-129.7543403,20998.28,-11125.31,296.03,-2.6,1.5,0.00,2532.43,2532.43,HMR2300,3880.0,-22286.7,48213.3,53256.7,,,,,,,,SKQ201610S,,
J2-907,ASNAP,2016/07/12 15:30:14,45.8165721,-129.7543206,20999.81,-11125.41,309.04,-2.6,1.6,0.00,2562.06,2562.06,HMR2300,-626.7,-21186.7,47760.0,52252.1,,,,,,,,SKQ201610S,,
J2-907,EVT,2016/07/12 15:30:21,45.8165723,-129.7543213,20999.75,-11125.39,310.06,-2.4,1.6,0.00,2563.44,2563.44,HMR2300,-620.0,-21146.7,47740.0,52217.6,,,,,,,,SKQ201610S,DLG,TXT: Reset doppler
J2-907,ASNAP,2016/07/12 15:32:14,45.8165816,-129.7543229,20999.63,-11124.35,12.42,-2.7,1.5,0.00,2591.41,2591.41,HMR2300,-14366.7,-3966.7,45273.3,47663.5,,,,,,,,SKQ201610S,,
J2-907,EVT,2016/07/12 15:33:42,45.8165849,-129.7543261,20999.38,-11123.99,12.14,-2.5,1.5,0.00,2601.69,2601.69,HMR2300,-14420.0,-4100.0,45140.0,47564.3,,,,,,,,SKQ201610S,DLG,TXT: Two sonar targets
J2-907,EVT,2016/07/12 15:33:52,45.8165847,-129.7543261,20999.38,-11124.01,12.25,-2.4,1.5,0.00,2601.58,2601.58,HMR2300,-14340.0,-4000.0,45140.0,47531.6,,,,,,,,SKQ201610S,DLG,TXT:
J2-907,EVT,2016/07/12 15:33:53,45.8165847,-129.7543257,20999.41,-11124.01,12.26,-2.3,1.5,0.00,2601.64,2601.64,HMR2300,-14193.3,-4093.3,45173.3,47527.2,,,,,,,,SKQ201610S,DLG,TXT:
J2-907,ASNAP,2016/07/12 15:34:14,45.8165845,-129.7543255,20999.43,-11124.03,12.19,-2.5,1.5,0.00,2601.86,2601.86,HMR2300,-14473.3,-4006.7,45080.0,47515.7,,,,,,,,SKQ201610S,,
J2-907,EVT,2016/07/12 15:34:17,45.8165845,-129.7543256,20999.42,-11124.03,12.15,-2.6,1.5,0.00,2602.00,2602,HMR2300,-14466.7,-4113.3,45066.7,47510.1,,,,,,,,SKQ201610S,DLG,TXT: Bottom is sight
J2-907,ASNAP,2016/07/12 15:36:14,45.8165853,-129.7543222,20999.68,-11123.94,12.12,-2.6,1.4,0.00,2602.00,2602,HMR2300,-14540.0,-4066.7,45086.7,47547.4,,,,,,,,SKQ201610S,,
J2-907,ASNAP,2016/07/12 15:38:14,45.8165913,-129.7543244,20999.51,-11123.28,12.39,-2.5,1.5,0.00,2601.47,2601.47,HMR2300,-14346.7,-4080.0,45193.3,47591.1,,,,,,,,SKQ201610S,,
J2-907,ASNAP,2016/07/12 15:40:14,45.8166136,-129.7543211,20999.77,-11120.80,12.43,-2.6,1.4,0.00,2601.71,2601.71,HMR2300,-14640.0,-3933.3,45193.3,47668.0,,,,,,,,SKQ201610S,,
J2-907,ASNAP,2016/07/12 15:42:14,45.8166405,-129.7543122,21000.46,-11117.81,12.39,-2.5,1.5,0.00,2601.63,2601.63,HMR2300,-14473.3,-3966.7,45220.0,47645.1,,,,,,,,SKQ201610S,,
J2-907,ASNAP,2016/07/12 15:44:14,45.8166614,-129.7543051,21001.01,-11115.49,12.49,-2.6,1.5,0.00,2601.50,2601.5,HMR2300,-14546.7,-3980.0,45306.7,47750.8,,,,,,,,SKQ201610S,,
J2-907,ASNAP,2016/07/12 15:46:14,45.8166902,-129.7542958,21001.73,-11112.28,12.39,-2.5,1.5,0.00,2601.75,2601.75,HMR2300,-15380.0,-5026.7,45773.3,48549.0,,,,,,,,SKQ201610S,,
J2-907,ASNAP,2016/07/12 15:48:14,45.81677005,-129.75432718,20999.297742,-11103.409540,349.62,-2.5,1.6,0.00,2602.40,2602.4,HMR2300,-12720.0,-12366.7,45546.7,48879.8,,,,,,,,SKQ201610S,,
J2-907,EVT,2016/07/12 15:48:53,45.81677324,-129.75430107,21001.322659,-11103.055016,349.65,-0.3,1.7,0.00,2605.10,2605.1,HMR2300,-11346.7,-12646.7,46186.7,49212.7,,,,,,,,SKQ201610S,DLG,JASON: Jason on bottom
J2-907,EVT,2016/07/12 15:49:17,45.81677261,-129.75429952,21001.442932,-11103.125111,349.69,-0.7,1.4,0.00,2605.18,2605.18,HMR2300,-11780.0,-12413.3,46293.3,49355.2,,,,,,,,SKQ201610S,DLG,TXT: Payinging out 3 m of cable
J2-907,ASNAP,2016/07/12 15:50:14,45.81677035,-129.75429693,21001.643960,-11103.375852,349.66,-0.8,1.4,0.00,2605.19,2605.19,HMR2300,-11720.0,-12293.3,45966.7,49004.3,,,,,,,,SKQ201610S,,
J2-907,EVT,2016/07/12 15:50:25,45.81676978,-129.75429651,21001.676437,-11103.438979,349.65,-0.8,1.4,0.00,2605.18,2605.18,HMR2300,-11873.3,-12240.0,45886.7,48952.8,,,,,,,,SKQ201610S,DLG,TXT: Paying out additional cable
J2-907,EVT,2016/07/12 15:51:13,45.81676701,-129.75429505,21001.790259,-11103.747043,349.63,-0.8,1.4,0.00,2605.18,2605.18,HMR2300,-11993.3,-12206.7,45886.7,48973.8,,,,,,,,SKQ201610S,DLG,TXT: Paying out an additional 4 m of cable
J2-907,ASNAP,2016/07/12 15:52:14,45.81676268,-129.75429409,21001.864362,-11104.228590,349.61,-0.8,1.4,0.00,2605.18,2605.18,HMR2300,-11886.7,-12206.7,45933.3,48991.5,,,,,,,,SKQ201610S,,
J2-907,ASNAP,2016/07/12 15:54:14,45.81675235,-129.75429510,21001.786294,-11105.376996,349.59,-0.8,1.4,0.00,2605.18,2605.18,HMR2300,-11566.7,-12473.3,46473.3,49488.8,,,,,,,,SKQ201610S,,
J2-907,EVT,2016/07/12 15:56:07,45.81674216,-129.75429754,21001.596584,-11106.508672,349.57,-0.8,1.4,0.00,2605.17,2605.17,HMR2300,-11826.7,-12306.7,45980.0,49045.7,,,,,,,,SKQ201610S,DLG,TXT: Paid out 20 m of cable total after landing on bottom
J2-907,ASNAP,2016/07/12 15:56:14,45.81674156,-129.75429768,21001.586346,-11106.575475,349.57,-0.8,1.4,0.00,2605.17,2605.17,HMR2300,-11473.3,-12040.0,45953.3,48870.3,,,,,,,,SKQ201610S,,
J2-907,ASNAP,2016/07/12 15:58:14,45.81673135,-129.75429854,21001.519693,-11107.710548,350.02,-1.4,1.2,0.00,2605.18,2605.18,HMR2300,-12313.3,-12546.7,46280.0,49506.3,,,,,,,,SKQ201610S,,
J2-907,ASNAP,2016/07/12 16:00:14,45.81672240,-129.75429588,21001.725661,-11108.705907,349.97,-0.9,1.3,0.00,2605.18,2605.18,HMR2300,-12160.0,-12233.3,46193.3,49308.7,,,,,,,,SKQ201610S,,
J2-907,ASNAP,2016/07/12 16:02:14,45.81671833,-129.75429060,21002.135044,-11109.158276,349.97,-0.9,1.3,0.00,2605.17,2605.17,HMR2300,-12660.0,-12493.3,46026.7,49343.8,,,,,,,,SKQ201610S,,
J2-907,EVT,2016/07/12 16:02:30,45.81671814,-129.75428980,21002.197543,-11109.178769,350.00,-6.1,1.5,0.00,2605.15,2605.15,HMR2300,-18620.0,-13086.7,43206.7,48834.2,,,,,,,,SKQ201610S,DLG,JASON: Unlatch
J2-907,ASNAP,2016/07/12 16:04:14,45.81669075,-129.75429110,21002.096670,-11112.223664,355.16,-6.2,2.1,0.00,2598.40,2598.4,HMR2300,-16793.3,-9833.3,42866.7,47077.2,,,,,,,,SKQ201610S,,
J2-907,EVT,2016/07/12 16:04:43,45.81676097,-129.75429792,21001.567340,-11104.418920,352.75,-5.6,1.3,0.00,2594.18,2594.18,HMR2300,-15726.7,-10620.0,43366.7,47336.9,,,,,,,,SKQ201610S,DLG,TXT: Waiting for silt to settle
J2-907,ASNAP,2016/07/12 16:06:14,45.81682928,-129.75430808,21000.779088,-11096.826197,332.99,-6.3,1.3,0.00,2599.87,2599.87,HMR2300,-12140.0,-16673.3,44033.3,48624.2,,,,,,,,SKQ201610S,,
J2-907,EVT,2016/07/12 16:08:07,45.81679130,-129.75431118,21000.538601,-11101.047687,328.30,-6.4,1.4,0.00,2602.48,2602.48,HMR2300,-10640.0,-17693.3,44446.7,49007.9,,,,,,,,SKQ201610S,DLG,TXT: LJ03A-2015 in sight 
J2-907,ASNAP,2016/07/12 16:08:14,45.81678627,-129.75430902,21000.706088,-11101.606445,328.61,-6.1,1.2,0.00,2602.11,2602.11,HMR2300,-10846.7,-17533.3,44280.0,48844.5,,,,,,,,SKQ201610S,,
J2-907,ASNAP,2016/07/12 16:10:14,45.81678234,-129.75430005,21001.402523,-11102.042821,328.43,-6.3,1.3,0.00,2604.08,2604.08,HMR2300,-10946.7,-17593.3,44033.3,48665.1,,,,,,,,SKQ201610S,,
J2-907,EVT,2016/07/12 16:11:26,45.81678984,-129.75434675,20997.779111,-11101.209229,34.11,-6.3,0.7,0.00,2603.21,2603.21,HMR2300,-17566.7,5426.7,41806.7,45670.9,,,,,,,,SKQ201610S,DLG,TXT: Beginning photo survey of LV03A-2015
J2-907,EVT,2016/07/12 16:11:51,45.81683375,-129.75437397,20995.667705,-11096.328593,45.63,-6.1,2.9,0.00,2603.33,2603.33,HMR2300,-16253.3,6880.0,42126.7,45674.5,,,,,,,,SKQ201610S,DLG,TXT: Set DSC cam to auto capture at 15 seconds
J2-907,EVT,2016/07/12 16:12:10,45.81684238,-129.75437091,20995.904859,-11095.369467,45.09,-6.4,2.0,0.00,2601.13,2601.13,HMR2300,-16520.0,7526.7,41793.3,45565.8,,,,,,,,SKQ201610S,DLG,TXT: CTD-2015 in sight
J2-907,ASNAP,2016/07/12 16:12:14,45.81684423,-129.75437133,20995.872334,-11095.164688,45.46,-6.1,3.2,0.00,2600.73,2600.73,HMR2300,-16273.3,6913.3,42020.0,45588.3,,,,,,,,SKQ201610S,,
J2-907,EVT,2016/07/12 16:12:39,45.81685694,-129.75436922,20996.036132,-11093.751052,45.48,-6.2,0.7,0.00,2602.90,2602.9,HMR2300,-16286.7,8640.0,41566.7,45471.9,,,,,,,,SKQ201610S,DLG,TXT: CTD-2015 located NW of LV03A-2015
J2-907,ASNAP,2016/07/12 16:14:14,45.81686774,-129.75437964,20995.227754,-11092.550632,47.87,-6.3,2.5,0.00,2602.66,2602.66,HMR2300,-16166.7,8233.3,41580.0,45365.7,,,,,,,,SKQ201610S,,
J2-907,ASNAP,2016/07/12 16:16:14,45.81686578,-129.75438877,20994.518955,-11092.768615,56.31,-6.3,2.1,0.00,2604.40,2604.4,HMR2300,-14373.3,10966.7,41400.0,45175.4,,,,,,,,SKQ201610S,,
J2-907,ASNAP,2016/07/12 16:18:14,45.81686496,-129.75439620,20993.942710,-11092.860059,55.58,-6.1,2.0,0.00,2604.31,2604.31,HMR2300,-14453.3,10900.0,41566.7,45337.6,,,,,,,,SKQ201610S,,
J2-907,ASNAP,2016/07/12 16:20:14,45.81686969,-129.75439331,20994.166644,-11092.333781,53.92,-6.3,2.3,0.00,2604.52,2604.52,HMR2300,-14940.0,10260.0,41493.3,45278.8,,,,,,,,SKQ201610S,,
J2-907,ASNAP,2016/07/12 16:22:14,45.81687072,-129.75439460,20994.066800,-11092.220340,53.68,-6.2,2.1,0.00,2604.64,2604.64,HMR2300,-14853.3,10326.7,41653.3,45412.1,,,,,,,,SKQ201610S,,
J2-907,ASNAP,2016/07/12 16:24:14,45.81687786,-129.75439894,20993.729960,-11091.426232,62.17,-6.3,2.2,0.00,2604.88,2604.88,HMR2300,-12680.0,12633.3,41680.0,45360.8,,,,,,,,SKQ201610S,,
J2-907,EVT,2016/07/12 16:26:08,45.81688486,-129.75439297,20994.193165,-11090.648708,63.12,-6.4,2.2,0.00,2604.92,2604.92,HMR2300,-12546.7,12960.0,41846.7,45568.9,,,,,,,,SKQ201610S,DLG,TXT: CTD in sight
J2-907,ASNAP,2016/07/12 16:26:14,45.81688410,-129.75439428,20994.091936,-11090.733059,63.73,-6.3,2.2,0.00,2604.94,2604.94,HMR2300,-12373.3,12986.7,41753.3,45443.3,,,,,,,,SKQ201610S,,
J2-907,ASNAP,2016/07/12 16:28:14,45.81690326,-129.75437329,20995.719767,-11088.603530,67.40,-7.7,2.6,0.00,2605.23,2605.23,HMR2300,-11906.7,13993.3,41780.0,45641.5,,,,,,,,SKQ201610S,,
J2-907,EVT,2016/07/12 16:28:35,45.81690449,-129.75437265,20995.770060,-11088.465974,67.76,-9.0,2.4,0.00,2605.33,2605.33,HMR2300,-13206.7,14326.7,40726.7,45147.9,,,,,,,,SKQ201610S,DLG,TXT: CTD latched onto and lifted
J2-907,ASNAP,2016/07/12 16:30:14,45.81688680,-129.75436769,20996.154899,-11090.432365,86.99,-9.4,2.4,0.00,2605.33,2605.33,HMR2300,-7686.7,17826.7,41060.0,45418.0,,,,,,,,SKQ201610S,,
J2-907,ASNAP,2016/07/12 16:32:14,45.81689413,-129.75435179,20997.387851,-11089.617535,90.88,-8.7,2.7,0.00,2605.31,2605.31,HMR2300,-6193.3,17846.7,41560.0,45651.9,,,,,,,,SKQ201610S,,
J2-907,EVT,2016/07/12 16:32:37,45.81689631,-129.75435087,20997.459191,-11089.375693,90.35,-8.6,3.6,0.00,2605.25,2605.25,HMR2300,-6226.7,17060.0,41973.3,45733.7,,,,,,,,SKQ201610S,DLG,TXT: CTD metal loop on it placed ove leftmost pin of LJ03A-2015
J2-907,EVT,2016/07/12 16:34:09,45.81690268,-129.75434424,20997.974001,-11088.667145,90.87,-6.0,2.9,0.00,2605.06,2605.06,HMR2300,-3833.3,17593.3,42633.3,46279.8,,,,,,,,SKQ201610S,DLG,TXT: Bungee placed underneath first post and atached to right side post
J2-907,ASNAP,2016/07/12 16:34:14,45.81690271,-129.75434356,20998.026357,-11088.664447,91.19,-5.5,3.2,0.00,2605.10,2605.1,HMR2300,-3180.0,17466.7,42993.3,46514.8,,,,,,,,SKQ201610S,,
J2-907,EVT,2016/07/12 16:34:39,45.81690335,-129.75434336,20998.042356,-11088.593441,91.23,-5.6,3.0,0.00,2605.07,2605.07,HMR2300,-3213.3,17593.3,42753.3,46343.3,,,,,,,,SKQ201610S,DLG,TXT: The CTD rinf\g is no longer on the frame
J2-907,ASNAP,2016/07/12 16:36:14,45.81690252,-129.75432912,20999.146880,-11088.685107,79.15,-2.2,3.1,0.00,2605.17,2605.17,HMR2300,-4746.7,15646.7,43386.7,46365.4,,,,,,,,SKQ201610S,,
J2-907,EVT,2016/07/12 16:38:10,45.81689456,-129.75432341,20999.589950,-11089.570409,77.51,-3.8,1.2,0.00,2605.15,2605.15,HMR2300,-6420.0,16633.3,42573.3,46156.0,,,,,,,,SKQ201610S,DLG,TXT: Removing bungee attachment in order to reposition CTD
J2-907,ASNAP,2016/07/12 16:38:14,45.81689431,-129.75432331,20999.597611,-11089.597505,77.39,-4.2,1.3,0.00,2605.15,2605.15,HMR2300,-6860.0,16753.3,42453.3,46152.1,,,,,,,,SKQ201610S,,
J2-907,EVT,2016/07/12 16:38:30,45.81689299,-129.75432247,20999.662736,-11089.744570,77.86,-3.9,1.3,0.00,2605.16,2605.16,HMR2300,-6593.3,16746.7,42513.3,46166.1,,,,,,,,SKQ201610S,DLG,TXT: CTD placed on first post.
J2-907,ASNAP,2016/07/12 16:40:14,45.81688609,-129.75431915,20999.920434,-11090.511788,78.58,-2.2,1.5,0.00,2605.18,2605.18,HMR2300,-4553.3,16893.3,42793.3,46231.9,,,,,,,,SKQ201610S,,
J2-907,EVT,2016/07/12 16:40:15,45.81688600,-129.75431909,20999.924922,-11090.522009,78.31,-2.2,1.4,0.00,2605.19,2605.19,HMR2300,-4606.7,16940.0,42860.0,46315.9,,,,,,,,SKQ201610S,DLG,TXT: Bungee placed under post 1 attached to post 2.
J2-907,ASNAP,2016/07/12 16:42:14,45.81689685,-129.75432965,20999.105370,-11089.315691,144.41,-6.5,1.0,0.00,2605.99,2605.99,HMR2300,15326.7,14826.7,44393.3,49249.4,,,,,,,,SKQ201610S,,
J2-907,EVT,2016/07/12 16:43:10,45.81689739,-129.75433233,20998.897928,-11089.255140,141.45,-4.9,2.2,0.00,2606.35,2606.35,HMR2300,16200.0,16386.7,43360.0,49102.5,,,,,,,,SKQ201610S,DLG,TXT: JASON on bottom
J2-907,ASNAP,2016/07/12 16:44:14,45.81689877,-129.75433334,20998.819158,-11089.102372,141.07,-5.1,2.7,0.00,2606.33,2606.33,HMR2300,16120.0,16266.7,43366.7,49042.1,,,,,,,,SKQ201610S,,
J2-907,ASNAP,2016/07/12 16:46:14,45.81690511,-129.75433870,20998.403371,-11088.397785,141.23,-5.2,2.2,0.00,2606.35,2606.35,HMR2300,15986.7,16400.0,43406.7,49078.2,,,,,,,,SKQ201610S,,
J2-907,EVT,2016/07/12 16:47:16,45.81691070,-129.75434406,20997.987661,-11087.776464,137.94,-5.2,1.8,0.00,2606.35,2606.35,HMR2300,14953.3,17473.3,43140.0,48887.4,,,,,,,,SKQ201610S,DLG,TXT: A second bungee atttachment on lower ledge is attached left to right onto poste
J2-907,ASNAP,2016/07/12 16:48:14,45.81691424,-129.75434919,20997.589477,-11087.382761,139.95,-5.4,2.1,0.00,2606.34,2606.34,HMR2300,15480.0,16853.3,43280.0,48957.4,,,,,,,,SKQ201610S,,
J2-907,ASNAP,2016/07/12 16:50:14,45.81691539,-129.75430758,21000.818075,-11087.254895,250.70,-6.5,1.1,0.00,2605.06,2605.06,HMR2300,14666.7,-18906.7,46780.0,52544.7,,,,,,,,SKQ201610S,,
J2-907,ASNAP,2016/07/12 16:52:14,45.81689800,-129.75430589,21000.948883,-11089.187941,318.47,-7.0,2.8,0.00,2605.40,2605.4,HMR2300,-9033.3,-20953.3,44393.3,49914.0,,,,,,,,SKQ201610S,,
J2-907,EVT,2016/07/12 16:52:51,45.81689958,-129.75430887,21000.718122,-11089.011923,318.43,-6.1,1.3,0.00,2605.42,2605.42,HMR2300,-8060.0,-19813.3,44846.7,49686.6,,,,,,,,SKQ201610S,DLG,TXT: Lowering hydrophone arm to a ts horizontal position
J2-907,ASNAP,2016/07/12 16:54:14,45.81689765,-129.75431167,21000.500401,-11089.226097,320.98,-5.6,2.2,0.00,2606.02,2606.02,HMR2300,-8666.7,-19806.7,44580.0,49545.9,,,,,,,,SKQ201610S,,
J2-907,ASNAP,2016/07/12 16:56:14,45.81689297,-129.75431179,21000.491725,-11089.747046,321.05,-3.6,2.3,0.00,2606.33,2606.33,HMR2300,-7360.0,-19820.0,44820.0,49556.4,,,,,,,,SKQ201610S,,
J2-907,ASNAP,2016/07/12 16:58:14,45.81688437,-129.75430925,21000.688249,-11090.702933,321.05,-3.6,2.3,0.00,2606.33,2606.33,HMR2300,-7473.3,-19920.0,44880.0,49667.6,,,,,,,,SKQ201610S,,
J2-907,EVT,2016/07/12 16:59:13,45.81688126,-129.75430823,21000.767652,-11091.047887,321.06,-3.6,2.3,0.00,2606.32,2606.32,HMR2300,-7126.7,-19826.7,44740.0,49452.5,,,,,,,,SKQ201610S,DLG,Jbox: Wetmate unplug Removing dummy plug from basket
J2-907,ASNAP,2016/07/12 17:00:14,45.81687980,-129.75430742,21000.830242,-11091.210933,321.12,-3.6,2.2,0.00,2606.33,2606.33,HMR2300,-7313.3,-19946.7,44986.7,49750.9,,,,,,,,SKQ201610S,,
J2-907,ASNAP,2016/07/12 17:02:14,45.81688305,-129.75430675,21000.882108,-11090.849537,321.22,-3.6,1.8,0.00,2606.33,2606.33,HMR2300,-7400.0,-19440.0,44966.7,49544.7,,,,,,,,SKQ201610S,,
J2-907,ASNAP,2016/07/12 17:04:14,45.81688706,-129.75430748,21000.825807,-11090.403841,321.54,-5.4,-0.3,0.00,2606.33,2606.33,HMR2300,-8773.3,-17813.3,44940.0,49131.4,,,,,,,,SKQ201610S,,
J2-907,ASNAP,2016/07/12 17:06:14,45.81689148,-129.75431513,21000.232238,-11089.911941,321.63,-5.7,-0.2,0.00,2606.31,2606.31,HMR2300,-8980.0,-17913.3,44846.7,49119.8,,,,,,,,SKQ201610S,,
J2-907,EVT,2016/07/12 17:06:43,45.81689079,-129.75431787,21000.019474,-11089.988754,320.77,-6.1,-0.1,0.00,2606.32,2606.32,HMR2300,-9040.0,-18026.7,45013.3,49324.3,,,,,,,,SKQ201610S,DLG,Jbox: Wetmate unplug Disconnect AXVMW3-PI cable from existing LJ03A at LJ03A-J5
J2-907,ASNAP,2016/07/12 17:08:14,45.81688402,-129.75432303,20999.619716,-11090.741864,321.68,-5.9,-0.3,0.00,2606.32,2606.32,HMR2300,-8906.7,-17733.3,44900.0,49089.8,,,,,,,,SKQ201610S,,
J2-907,ASNAP,2016/07/12 17:10:14,45.81685807,-129.75433132,20998.976014,-11093.626401,321.40,-7.9,0.8,0.00,2606.24,2606.24,HMR2300,-10493.3,-18700.0,43920.0,48875.0,,,,,,,,SKQ201610S,,
J2-907,EVT,2016/07/12 17:10:21,45.81685623,-129.75433194,20998.928430,-11093.830826,321.45,-7.8,0.8,0.00,2606.24,2606.24,HMR2300,-10360.0,-18826.7,43933.3,48907.2,,,,,,,,SKQ201610S,DLG,TXT: CAble AXVM#-PI placed on dummy
J2-907,EVT,2016/07/12 17:11:59,45.81678346,-129.75434603,20997.834725,-11101.918736,337.68,-7.6,-0.2,0.00,2605.83,2605.83,HMR2300,-14420.0,-13966.7,43226.7,47660.8,,,,,,,,SKQ201610S,DLG,TXT: Cable moved to left and away 
J2-907,ASNAP,2016/07/12 17:12:14,45.81676149,-129.75433817,20998.444786,-11104.360744,338.55,-7.0,-0.8,0.00,2605.96,2605.96,HMR2300,-14213.3,-13453.3,43300.0,47517.4,,,,,,,,SKQ201610S,,
J2-907,EVT,2016/07/12 17:13:29,45.81674262,-129.75434159,20998.179062,-11106.457969,338.57,-7.8,-0.0,0.00,2605.79,2605.79,HMR2300,-14946.7,-14473.3,43200.0,47949.1,,,,,,,,SKQ201610S,DLG,TXT: Discerned that dummy connection wqas not complete. Will reattempt
J2-907,ASNAP,2016/07/12 17:14:14,45.81673514,-129.75434170,20998.171060,-11107.289163,338.32,-7.2,0.8,0.00,2605.83,2605.83,HMR2300,-14380.0,-15273.3,43033.3,47874.1,,,,,,,,SKQ201610S,,
J2-907,ASNAP,2016/07/12 17:16:14,45.81673765,-129.75433043,20999.045035,-11107.010236,338.24,-6.7,0.8,0.00,2605.80,2605.8,HMR2300,-13686.7,-15226.7,43373.3,47962.7,,,,,,,,SKQ201610S,,
J2-907,EVT,2016/07/12 17:17:33,45.81675326,-129.75431825,20999.990076,-11105.275109,338.27,-7.6,1.2,0.00,2605.79,2605.79,HMR2300,-14346.7,-15586.7,43373.3,48270.3,,,,,,,,SKQ201610S,DLG,Jbox: Wetmate plug CAble AXVMW-3 reconnected to dummy
J2-907,ASNAP,2016/07/12 17:18:14,45.81676331,-129.75431204,21000.472332,-11104.158657,338.23,-7.3,-0.6,0.00,2605.79,2605.79,HMR2300,-14106.7,-13960.0,43740.0,48031.9,,,,,,,,SKQ201610S,,
J2-907,EVT,2016/07/12 17:19:03,45.81677084,-129.75430386,21001.106648,-11103.321167,338.06,-7.6,0.6,0.00,2605.74,2605.74,HMR2300,-14566.7,-14920.0,43086.7,47867.1,,,,,,,,SKQ201610S,DLG,TXT: CAble AXVM-3 in dummy now placed on seafloor
J2-907,ASNAP,2016/07/12 17:20:14,45.81679955,-129.75428262,21002.754445,-11100.130428,345.69,-7.8,1.0,0.00,2604.19,2604.19,HMR2300,-16833.3,-12740.0,42333.3,47305.2,,,,,,,,SKQ201610S,,
J2-907,EVT,2016/07/12 17:22:02,45.81685698,-129.75428209,21002.795705,-11093.747031,101.25,-7.3,1.9,0.00,2603.70,2603.7,HMR2300,-493.3,19353.3,42486.7,46689.5,,,,,,,,SKQ201610S,DLG,TXT: LV03A box located
J2-907,ASNAP,2016/07/12 17:22:14,45.81683939,-129.75427632,21003.242840,-11095.701790,89.23,-6.4,1.7,0.00,2603.72,2603.72,HMR2300,-4060.0,18860.0,42133.3,46340.1,,,,,,,,SKQ201610S,,
J2-907,EVT,2016/07/12 17:24:13,45.81683483,-129.75419729,21009.374277,-11096.209030,331.42,-6.4,0.6,0.00,2606.24,2606.24,HMR2300,-12400.0,-16546.7,44313.3,48900.1,,,,,,,,SKQ201610S,DLG,TXT: at j1-j3 ports. 
J2-907,ASNAP,2016/07/12 17:24:14,45.81683429,-129.75419701,21009.396306,-11096.269092,332.70,-6.9,0.2,0.00,2606.24,2606.24,HMR2300,-13333.3,-16093.3,44093.3,48795.4,,,,,,,,SKQ201610S,,
J2-907,EVT,2016/07/12 17:24:28,45.81681366,-129.75421614,21007.911764,-11098.561526,29.87,-5.5,1.8,0.00,2605.28,2605.28,HMR2300,-17606.7,2706.7,42446.7,46033.0,,,,,,,,SKQ201610S,DLG,TXT: relocating to other side of j box to J5 port
J2-907,ASNAP,2016/07/12 17:26:14,45.81686001,-129.75426541,21004.089632,-11093.410441,140.81,-5.0,1.8,0.00,2606.23,2606.23,HMR2300,15980.0,17193.3,43326.7,49276.5,,,,,,,,SKQ201610S,,
J2-907,EVT,2016/07/12 17:28:06,45.81686535,-129.75429875,21001.502843,-11092.817106,151.94,-6.7,2.7,0.00,2605.32,2605.32,HMR2300,17486.7,13820.0,44413.3,49692.3,,,,,,,,SKQ201610S,DLG,Jbox: Wetmate unplug Disconnect AXVMW1 cable from existing LJ03A at LV03A-J5
J2-907,ASNAP,2016/07/12 17:28:14,45.81686726,-129.75432656,20999.345472,-11092.603900,191.88,-7.0,2.8,0.00,2605.10,2605.1,HMR2300,23866.7,1366.7,46133.3,51959.3,,,,,,,,SKQ201610S,,
J2-907,ASNAP,2016/07/12 17:30:14,45.81688765,-129.75433155,20998.958540,-11090.338490,223.68,-6.9,2.1,0.00,2605.26,2605.26,HMR2300,22026.7,-9960.0,47026.7,52876.1,,,,,,,,SKQ201610S,,
J2-907,ASNAP,2016/07/12 17:32:14,45.81690012,-129.75432963,20999.107638,-11088.951700,222.49,-7.5,2.1,0.00,2605.00,2605,HMR2300,21246.7,-9520.0,47173.3,52605.8,,,,,,,,SKQ201610S,,
J2-907,EVT,2016/07/12 17:33:12,45.81690461,-129.75432972,20999.100060,-11088.453279,224.30,-5.0,0.5,0.00,2606.20,2606.2,HMR2300,23373.3,-8846.7,46093.3,52432.5,,,,,,,,SKQ201610S,DLG,TXT: JASON on bottom
J2-907,ASNAP,2016/07/12 17:34:14,45.81690869,-129.75432760,20999.264519,-11087.999753,225.11,-5.3,0.5,0.00,2606.21,2606.21,HMR2300,22986.7,-9086.7,46193.3,52390.6,,,,,,,,SKQ201610S,,
J2-907,ASNAP,2016/07/12 17:36:14,45.81690563,-129.75432154,20999.734641,-11088.339736,223.68,-4.9,0.1,0.00,2606.23,2606.23,HMR2300,23440.0,-8033.3,46286.7,52501.7,,,,,,,,SKQ201610S,,
J2-907,ASNAP,2016/07/12 17:38:14,45.81687328,-129.75432588,20999.398151,-11091.935329,224.97,-6.3,-0.4,0.00,2606.21,2606.21,HMR2300,22060.0,-8266.7,46513.3,52139.0,,,,,,,,SKQ201610S,,
J2-907,EVT,2016/07/12 17:40:04,45.81683326,-129.75432908,20999.150098,-11096.383828,219.97,-5.6,0.1,0.00,2606.21,2606.21,HMR2300,23726.7,-7026.7,46213.3,52421.4,,,,,,,,SKQ201610S,DLG,TXT: Attempting to secure AXVMW1 to LJ03A-2015 horn
J2-907,ASNAP,2016/07/12 17:40:14,45.81683003,-129.75432944,20999.122081,-11096.742201,219.92,-5.8,0.1,0.00,2606.21,2606.21,HMR2300,23380.0,-6980.0,46286.7,52324.0,,,,,,,,SKQ201610S,,
J2-907,ASNAP,2016/07/12 17:42:14,45.81680634,-129.75433239,20998.893090,-11099.375372,220.13,-6.8,-0.1,0.00,2606.21,2606.21,HMR2300,22740.0,-6826.7,46513.3,52222.6,,,,,,,,SKQ201610S,,
J2-907,ASNAP,2016/07/12 17:44:14,45.81682096,-129.75432964,20999.106884,-11097.750455,220.69,-5.4,0.1,0.00,2606.21,2606.21,HMR2300,23653.3,-7320.0,46240.0,52451.9,,,,,,,,SKQ201610S,,
J2-907,EVT,2016/07/12 17:44:19,45.81682208,-129.75432967,20999.104416,-11097.626656,220.22,-6.0,0.1,0.00,2606.21,2606.21,HMR2300,23173.3,-7146.7,46373.3,52331.3,,,,,,,,SKQ201610S,DLG,TXT: Secured AXVMW1 csble to horn
J2-907,ASNAP,2016/07/12 17:46:14,45.81687122,-129.75430784,21000.797900,-11092.164643,120.45,-5.9,3.2,0.00,2600.30,2600.3,HMR2300,6446.7,18813.3,43693.3,48006.3,,,,,,,,SKQ201610S,,
J2-907,ASNAP,2016/07/12 17:48:14,45.81689931,-129.75433003,20999.075936,-11089.042041,150.69,-6.1,2.5,0.00,2600.72,2600.72,HMR2300,17553.3,14353.3,45013.3,50401.8,,,,,,,,SKQ201610S,,
J2-907,EVT,2016/07/12 17:49:34,45.81687285,-129.75434667,20997.785337,-11091.983135,162.52,-6.3,2.3,0.00,2602.00,2602,HMR2300,20046.7,11313.3,45113.3,50646.6,,,,,,,,SKQ201610S,DLG,TXT: Preparing to latch onto LJ03A 2015 to move frpm immediate work area
J2-907,ASNAP,2016/07/12 17:50:14,45.81686871,-129.75434003,20998.300122,-11092.443042,155.58,-6.0,2.7,0.00,2602.56,2602.56,HMR2300,18740.0,12993.3,45193.3,50620.7,,,,,,,,SKQ201610S,,
J2-907,ASNAP,2016/07/12 17:52:14,45.81686250,-129.75433422,20998.751244,-11093.133225,153.42,-6.1,2.7,0.00,2603.66,2603.66,HMR2300,18006.7,13426.7,45193.3,50467.3,,,,,,,,SKQ201610S,,
J2-907,ASNAP,2016/07/12 17:54:14,45.81686482,-129.75433669,20998.559573,-11092.875721,145.30,-6.1,2.6,0.00,2604.38,2604.38,HMR2300,15780.0,15153.3,44833.3,49886.5,,,,,,,,SKQ201610S,,
J2-907,ASNAP,2016/07/12 17:56:14,45.81685608,-129.75433775,20998.477119,-11093.847428,146.62,-6.2,1.8,0.00,2604.65,2604.65,HMR2300,15940.0,15180.0,44940.0,50041.2,,,,,,,,SKQ201610S,,
J2-907,EVT,2016/07/12 17:57:49,45.81685267,-129.75434701,20997.758611,-11094.225525,146.52,-0.9,1.3,0.00,2604.80,2604.8,HMR2300,20820.0,15526.7,43793.3,50915.7,,,,,,,,SKQ201610S,DLG,JASON: Latch LJ-2A 2015 latched onto JASON for move from immediate area
J2-907,ASNAP,2016/07/12 17:58:14,45.81685160,-129.75434995,20997.530785,-11094.345541,146.48,-0.8,1.5,0.00,2604.80,2604.8,HMR2300,20833.3,15206.7,43893.3,50910.7,,,,,,,,SKQ201610S,,
J2-907,EVT,2016/07/12 17:58:32,45.81685070,-129.75435219,20997.357263,-11094.445409,146.47,-0.7,1.1,0.00,2604.81,2604.81,HMR2300,20820.0,15460.0,43886.7,50975.7,,,,,,,,SKQ201610S,DLG,TXT: Locks engaged
J2-907,ASNAP,2016/07/12 18:00:14,45.81684459,-129.75436476,20996.382093,-11095.123650,146.47,-0.7,1.1,0.00,2604.81,2604.81,HMR2300,21020.0,15813.3,43840.0,51125.8,,,,,,,,SKQ201610S,,
J2-907,EVT,2016/07/12 18:00:32,45.81684335,-129.75436689,20996.216592,-11095.261842,146.47,-0.7,1.1,0.00,2604.81,2604.81,HMR2300,21073.3,15946.7,43586.7,50972.3,,,,,,,,SKQ201610S,DLG,TXT: LJ03A 2015 moved around 20 m SSW of original placement
J2-907,ASNAP,2016/07/12 18:02:14,45.81683610,-129.75437754,20995.390141,-11096.067625,146.46,-0.7,1.1,0.00,2604.80,2604.8,HMR2300,20813.3,15446.7,43520.0,50653.6,,,,,,,,SKQ201610S,,
J2-907,ASNAP,2016/07/12 18:04:14,45.81683126,-129.75438584,20994.746482,-11096.605488,146.40,-0.8,1.7,0.00,2604.78,2604.78,HMR2300,21120.0,15253.3,44193.3,51300.8,,,,,,,,SKQ201610S,,
J2-907,EVT,2016/07/12 18:05:48,45.81683452,-129.75439019,20994.408879,-11096.243423,146.40,-0.8,1.5,0.00,2604.79,2604.79,HMR2300,20693.3,15106.7,43980.0,50898.6,,,,,,,,SKQ201610S,DLG,TXT: LJ03A 2015 was not yet moved from location
J2-907,ASNAP,2016/07/12 18:06:14,45.81683657,-129.75439109,20994.338807,-11096.015827,146.41,-0.8,1.4,0.00,2604.79,2604.79,HMR2300,20506.7,15313.3,43566.7,50528.0,,,,,,,,SKQ201610S,,
J2-907,EVT,2016/07/12 18:07:40,45.81683835,-129.75437142,20995.864877,-11095.818154,141.53,-10.3,5.5,0.00,2604.27,2604.27,HMR2300,15020.0,14373.3,45133.3,49691.2,,,,,,,,SKQ201610S,DLG,TXT: Picking up LJ03A from bottom
J2-907,ASNAP,2016/07/12 18:08:14,45.81677663,-129.75436677,20996.225729,-11102.677286,109.17,-2.1,2.5,0.00,2599.72,2599.72,HMR2300,6840.0,18713.3,44240.0,48519.6,,,,,,,,SKQ201610S,,
J2-907,EVT,2016/07/12 18:08:42,45.81672713,-129.75438117,20995.108954,-11108.179603,109.91,-2.1,2.1,0.00,2596.46,2596.46,HMR2300,6713.3,19033.3,43520.0,47972.1,,,,,,,,SKQ201610S,DLG,TXT: LJ03A 2015 now being moved SSW aproximately 20 m
J2-907,EVT,2016/07/12 18:09:26,45.81666908,-129.75440187,20993.502677,-11114.631681,109.88,-1.9,1.7,0.00,2596.42,2596.42,HMR2300,7013.3,19493.3,43280.0,47982.7,,,,,,,,SKQ201610S,DLG,TXT: LV03A moved SSW 10 m not 20 m yet
J2-907,ASNAP,2016/07/12 18:10:14,45.81663167,-129.75441936,20992.146005,-11118.790066,110.11,-2.0,1.4,0.00,2596.69,2596.69,HMR2300,6773.3,19573.3,42960.0,47692.3,,,,,,,,SKQ201610S,,
J2-907,ASNAP,2016/07/12 18:12:14,45.81662620,-129.75441610,20992.399174,-11119.398386,110.48,-2.1,1.4,0.00,2597.07,2597.07,HMR2300,7280.0,19086.7,43593.3,48142.3,,,,,,,,SKQ201610S,,
J2-907,ASNAP,2016/07/12 18:14:14,45.81662476,-129.75439810,20993.794951,-11119.557508,110.34,-2.1,1.5,0.00,2597.07,2597.07,HMR2300,6940.0,19593.3,43213.3,47952.6,,,,,,,,SKQ201610S,,
J2-907,ASNAP,2016/07/12 18:16:14,45.81658589,-129.75438378,20994.906051,-11123.877962,110.05,-2.1,1.6,0.00,2597.20,2597.2,HMR2300,6760.0,18986.7,43386.7,47839.3,,,,,,,,SKQ201610S,,
J2-907,EVT,2016/07/12 18:17:21,45.81655194,-129.75438487,20994.821819,-11127.652254,110.14,-2.1,1.5,0.00,2597.03,2597.03,HMR2300,6900.0,18773.3,43486.7,47865.8,,,,,,,,SKQ201610S,DLG,TXT: LJ03A 2015 has now been moved approximately 20 m SSW of original location.
J2-907,ASNAP,2016/07/12 18:18:14,45.81653455,-129.75438576,20994.752781,-11129.584563,110.02,-2.1,1.4,0.00,2597.16,2597.16,HMR2300,6966.7,19266.7,43306.7,47908.3,,,,,,,,SKQ201610S,,
J2-907,ASNAP,2016/07/12 18:20:14,45.81652182,-129.75438057,20995.155210,-11130.999543,110.02,-2.1,1.5,0.00,2597.04,2597.04,HMR2300,6506.7,18853.3,43120.0,47509.2,,,,,,,,SKQ201610S,,
J2-907,EVT,2016/07/12 18:21:42,45.81651860,-129.75438682,20994.670467,-11131.357379,110.09,-2.0,1.6,0.00,2599.40,2599.4,HMR2300,7020.0,19080.0,43053.3,47612.1,,,,,,,,SKQ201610S,DLG,TXT: LJ03A 2015 hanging and waiting for JASON to swing back underneath the ship
J2-907,ASNAP,2016/07/12 18:22:14,45.81651974,-129.75438735,20994.629505,-11131.230828,110.15,-2.0,1.5,0.00,2602.77,2602.77,HMR2300,7373.3,18986.7,43306.7,47857.4,,,,,,,,SKQ201610S,,
J2-907,EVT,2016/07/12 18:23:03,45.81651898,-129.75439568,20993.982921,-11131.315896,110.01,-0.5,1.3,0.00,2604.60,2604.6,HMR2300,8686.7,19266.7,43046.7,47955.0,,,,,,,,SKQ201610S,DLG,JASON: Jason on bottom
J2-907,EVT,2016/07/12 18:24:00,45.81652004,-129.75439525,20994.016752,-11131.197541,109.97,-0.5,1.3,0.00,2604.61,2604.61,HMR2300,8200.0,18900.0,43133.3,47801.0,,,,,,,,SKQ201610S,DLG,JASON: Unlatch LJ03A 2015 is unlatched
J2-907,ASNAP,2016/07/12 18:24:14,45.81652007,-129.75439538,20994.006407,-11131.194591,109.97,-0.5,1.3,0.00,2604.61,2604.61,HMR2300,7893.3,19173.3,42520.0,47306.2,,,,,,,,SKQ201610S,,
J2-907,ASNAP,2016/07/12 18:26:14,45.81651364,-129.75440027,20993.626644,-11131.909285,109.95,-0.6,1.3,0.00,2604.61,2604.61,HMR2300,8373.3,19106.7,43213.3,47985.1,,,,,,,,SKQ201610S,,
J2-907,ASNAP,2016/07/12 18:28:14,45.81649146,-129.75441153,20992.753328,-11134.374682,109.93,-0.8,1.4,0.00,2604.60,2604.6,HMR2300,7980.0,19246.7,42493.3,47326.5,,,,,,,,SKQ201610S,,
J2-907,EVT,2016/07/12 18:30:08,45.81666902,-129.75428311,21002.716487,-11114.638130,356.25,-4.8,1.7,0.00,2602.68,2602.68,HMR2300,-15740.0,-9820.0,43306.7,47113.1,,,,,,,,SKQ201610S,DLG,TXT: Moving to LJ03A2016
J2-907,ASNAP,2016/07/12 18:30:14,45.81666436,-129.75428469,21002.593536,-11115.156427,354.39,-4.7,0.9,0.00,2602.96,2602.96,HMR2300,-15346.7,-9933.3,43600.0,47277.4,,,,,,,,SKQ201610S,,
J2-907,EVT,2016/07/12 18:31:55,45.81666152,-129.75431491,21000.249427,-11115.471954,350.55,-0.7,1.3,0.00,2604.67,2604.67,HMR2300,-11893.3,-12020.0,46313.3,49303.7,,,,,,,,SKQ201610S,DLG,JASON: Latch latching onto LJ03A 2016
J2-907,ASNAP,2016/07/12 18:32:14,45.81665218,-129.75431583,21000.178063,-11116.510055,350.55,-0.7,1.3,0.00,2604.66,2604.66,HMR2300,-11853.3,-11893.3,46000.0,48968.9,,,,,,,,SKQ201610S,,
J2-907,EVT,2016/07/12 18:32:32,45.81664351,-129.75431646,21000.128673,-11117.474273,350.54,-0.7,1.3,0.00,2604.66,2604.66,HMR2300,-11960.0,-12013.3,46153.3,49168.0,,,,,,,,SKQ201610S,DLG,TXT: Locked on
J2-907,ASNAP,2016/07/12 18:34:14,45.81660303,-129.75431442,21000.287193,-11121.973823,350.51,-0.7,1.3,0.00,2604.66,2604.66,HMR2300,-11500.0,-11666.7,46466.7,49269.8,,,,,,,,SKQ201610S,,
J2-907,ASNAP,2016/07/12 18:36:14,45.81659227,-129.75429875,21001.502695,-11123.169398,350.47,-0.7,1.3,0.00,2604.65,2604.65,HMR2300,-11960.0,-11746.7,45913.3,48878.0,,,,,,,,SKQ201610S,,
J2-907,ASNAP,2016/07/12 18:38:14,45.81662588,-129.75427366,21003.449455,-11119.433676,350.47,-0.6,1.2,0.00,2604.66,2604.66,HMR2300,-11440.0,-11760.0,46666.7,49466.6,,,,,,,,SKQ201610S,,
J2-907,EVT,2016/07/12 18:38:57,45.81662437,-129.75427973,21002.978560,-11119.601056,350.69,0.9,0.6,0.00,2604.27,2604.27,HMR2300,-10073.3,-11220.0,47246.7,49594.4,,,,,,,,SKQ201610S,DLG,JASON: Jason off bottom
J2-907,ASNAP,2016/07/12 18:40:14,45.81649896,-129.75432926,20999.136128,-11133.540033,351.75,-1.6,1.3,0.00,2600.04,2600.04,HMR2300,-12160.0,-11093.3,45320.0,48216.5,,,,,,,,SKQ201610S,,
J2-907,EVT,2016/07/12 18:41:30,45.81643195,-129.75435863,20996.857449,-11140.988329,350.77,-2.4,1.7,0.00,2600.46,2600.46,HMR2300,-11913.3,-11586.7,45560.0,48496.3,,,,,,,,SKQ201610S,DLG,TXT: Moving LJ03A 2016 to new location ~ 5m N of LV03A 
J2-907,ASNAP,2016/07/12 18:42:14,45.81642792,-129.75436989,20995.984224,-11141.436864,350.44,-2.5,1.7,0.00,2598.28,2598.28,HMR2300,-11993.3,-11953.3,45766.7,48798.7,,,,,,,,SKQ201610S,,
J2-907,ASNAP,2016/07/12 18:44:14,45.81648103,-129.75438894,20994.506267,-11135.533041,350.24,-2.4,1.7,0.00,2598.46,2598.46,HMR2300,-12186.7,-11693.3,45233.3,48283.6,,,,,,,,SKQ201610S,,
J2-907,ASNAP,2016/07/12 18:46:14,45.81654349,-129.75440033,20993.622434,-11128.591109,350.35,-2.3,1.7,0.00,2598.35,2598.35,HMR2300,-12320.0,-12153.3,45693.3,48860.7,,,,,,,,SKQ201610S,,
J2-907,ASNAP,2016/07/12 18:48:14,45.81661712,-129.75441114,20992.783248,-11120.407266,351.53,-2.4,1.7,0.00,2597.93,2597.93,HMR2300,-12413.3,-11306.7,45480.0,48480.5,,,,,,,,SKQ201610S,,
J2-907,ASNAP,2016/07/12 18:50:14,45.81682238,-129.75443328,20991.065889,-11097.592637,354.61,-1.5,1.7,0.00,2598.06,2598.06,HMR2300,-13006.7,-10813.3,45913.3,48929.9,,,,,,,,SKQ201610S,,
J2-907,ASNAP,2016/07/12 18:52:14,45.81685777,-129.75435281,20997.308616,-11093.659441,105.35,-2.3,1.8,0.00,2600.82,2600.82,HMR2300,5720.0,19266.7,44220.0,48572.9,,,,,,,,SKQ201610S,,
J2-907,ASNAP,2016/07/12 18:54:14,45.81685545,-129.75428888,21002.269140,-11093.917581,145.05,-2.0,1.8,0.00,2601.08,2601.08,HMR2300,18873.3,15740.0,44313.3,50671.7,,,,,,,,SKQ201610S,,
J2-907,EVT,2016/07/12 18:55:19,45.81685861,-129.75428163,21002.830931,-11093.565708,145.21,-1.7,1.6,0.00,2602.79,2602.79,HMR2300,18886.7,15720.0,44060.0,50449.1,,,,,,,,SKQ201610S,DLG,TXT: preparing to lower LJ03A-2016 into position
J2-907,ASNAP,2016/07/12 18:56:14,45.81687773,-129.75429551,21001.754429,-11091.440811,145.05,-0.6,0.8,0.00,2604.57,2604.57,HMR2300,19940.0,16000.0,43533.3,50485.2,,,,,,,,SKQ201610S,,
J2-907,EVT,2016/07/12 18:56:44,45.81687921,-129.75429498,21001.795800,-11091.276414,145.06,-0.6,0.8,0.00,2604.58,2604.58,HMR2300,19986.7,15940.0,43673.3,50605.4,,,,,,,,SKQ201610S,DLG,TXT: on bottom with LJ03A-2016
J2-907,ASNAP,2016/07/12 18:58:14,45.81688048,-129.75429436,21001.843499,-11091.134869,145.11,-0.7,0.8,0.00,2604.58,2604.58,HMR2300,20326.7,16086.7,44106.7,51160.1,,,,,,,,SKQ201610S,,
J2-907,EVT,2016/07/12 18:58:30,45.81688010,-129.75429441,21001.839869,-11091.177054,145.12,-0.7,0.8,0.00,2604.58,2604.58,HMR2300,19740.0,16240.0,43440.0,50402.8,,,,,,,,SKQ201610S,DLG,TXT: NOTE: DSC computer time and date is very off. DSC date is April 8th 2016 and the time (currently) is 18:16
J2-907,ASNAP,2016/07/12 19:00:14,45.81687240,-129.75429575,21001.735765,-11092.033554,145.15,-0.7,0.9,0.00,2604.58,2604.58,HMR2300,19680.0,16206.7,43446.7,50374.3,,,,,,,,SKQ201610S,,
J2-907,ASNAP,2016/07/12 19:02:14,45.81685225,-129.75429877,21001.501509,-11094.272638,145.19,-0.7,0.9,0.00,2604.58,2604.58,HMR2300,20140.0,16006.7,44173.3,51118.7,,,,,,,,SKQ201610S,,
J2-907,ASNAP,2016/07/12 19:04:14,45.81682415,-129.75430142,21001.295813,-11097.396268,145.23,-0.7,0.9,0.00,2604.58,2604.58,HMR2300,19786.7,16320.0,43493.3,50492.8,,,,,,,,SKQ201610S,,
J2-907,ASNAP,2016/07/12 19:06:14,45.81679626,-129.75430349,21001.134904,-11100.496333,145.25,-0.7,0.9,0.00,2604.58,2604.58,HMR2300,20093.3,15846.7,44120.0,51004.2,,,,,,,,SKQ201610S,,
J2-907,ASNAP,2016/07/12 19:08:11,45.81677808,-129.75430564,21000.968773,-11102.516531,145.27,-0.7,0.9,0.00,2604.58,2604.58,HMR2300,20053.3,15933.3,43820.0,50756.3,,,,,,,,SKQ201610S,,
J2-907,ASNAP,2016/07/12 19:08:26,45.81677674,-129.75430591,21000.947866,-11102.665333,145.27,-0.7,0.9,0.00,2604.57,2604.57,HMR2300,19946.7,16166.7,43820.0,50788.0,,,,,,,,SKQ201610S,,
J2-907,ASNAP,2016/07/12 19:08:41,45.81677572,-129.75430620,21000.924923,-11102.778705,145.25,-1.2,1.5,0.00,2604.56,2604.56,HMR2300,19586.7,15706.7,44086.7,50734.3,,,,,,,,SKQ201610S,,
J2-907,ASNAP,2016/07/12 19:08:56,45.81677464,-129.75430717,21000.850087,-11102.898926,145.38,-1.4,2.2,0.00,2604.58,2604.58,HMR2300,19593.3,15306.7,44100.0,50626.1,,,,,,,,SKQ201610S,,
J2-907,ASNAP,2016/07/12 19:09:11,45.81677493,-129.75431111,21000.544083,-11102.867020,144.92,-5.3,3.6,0.00,2604.58,2604.58,HMR2300,15866.7,14013.3,45586.7,50262.0,,,,,,,,SKQ201610S,,
J2-907,ASNAP,2016/07/12 19:09:26,45.81677821,-129.75430505,21001.014009,-11102.502532,148.04,-5.0,2.2,0.00,2601.98,2601.98,HMR2300,18020.0,15353.3,44600.0,50493.6,,,,,,,,SKQ201610S,,
J2-907,ASNAP,2016/07/12 19:09:41,45.81679887,-129.75431043,21000.596616,-11100.205879,151.19,-5.4,4.6,0.00,2599.64,2599.64,HMR2300,18013.3,12380.0,45173.3,50183.4,,,,,,,,SKQ201610S,,
J2-907,ASNAP,2016/07/12 19:09:56,45.81680689,-129.75428098,21002.881918,-11099.314443,152.67,-6.9,2.4,0.00,2600.48,2600.48,HMR2300,17113.3,14326.7,44466.7,49753.4,,,,,,,,SKQ201610S,,
J2-907,EVT,2016/07/12 19:10:01,45.81680990,-129.75427922,21003.018070,-11098.980010,153.46,-6.2,2.8,0.00,2601.01,2601.01,HMR2300,17966.7,13600.0,44633.3,49999.0,,,,,,,,SKQ201610S,DLG,TXT: Unlatched LJ03A-2016
J2-907,ASNAP,2016/07/12 19:10:11,45.81681142,-129.75428408,21002.641043,-11098.810882,157.60,-6.1,2.2,0.00,2602.48,2602.48,HMR2300,19493.3,12480.0,45060.0,50657.1,,,,,,,,SKQ201610S,,
J2-907,ASNAP,2016/07/12 19:10:26,45.81681017,-129.75428995,21002.185697,-11098.949788,154.02,-6.3,1.8,0.00,2603.37,2603.37,HMR2300,18273.3,13800.0,44780.0,50295.2,,,,,,,,SKQ201610S,,
J2-907,ASNAP,2016/07/12 19:10:41,45.81681575,-129.75427627,21003.247339,-11098.329179,186.80,-5.4,0.6,0.00,2603.40,2603.4,HMR2300,25153.3,4620.0,45726.7,52392.4,,,,,,,,SKQ201610S,,
J2-907,EVT,2016/07/12 19:10:42,45.81681474,-129.75427797,21003.115026,-11098.442388,186.80,-5.4,0.6,0.00,2603.40,2603.4,HMR2300,24426.7,3946.7,45840.0,52091.7,,,,,,,,SKQ201610S,DLG,TXT: Unlatched from LJ03A=2016
J2-907,ASNAP,2016/07/12 19:10:56,45.81680632,-129.75427978,21002.974711,-11099.378079,180.79,-6.2,3.1,0.00,2603.95,2603.95,HMR2300,23100.0,4760.0,45333.3,51101.7,,,,,,,,SKQ201610S,,
J2-907,ASNAP,2016/07/12 19:11:11,45.81680788,-129.75429973,21001.426773,-11099.204735,190.21,-6.0,1.6,0.00,2604.25,2604.25,HMR2300,24306.7,2673.3,45673.3,51807.5,,,,,,,,SKQ201610S,,
J2-907,ASNAP,2016/07/12 19:11:27,45.81680350,-129.75429772,21001.582776,-11099.691766,191.17,-6.1,2.4,0.00,2604.28,2604.28,HMR2300,23926.7,1380.0,45613.3,51526.4,,,,,,,,SKQ201610S,,
J2-907,ASNAP,2016/07/12 19:11:42,45.81681118,-129.75428567,21002.518040,-11098.837201,182.02,-6.3,1.6,0.00,2603.90,2603.9,HMR2300,23300.0,5580.0,45180.0,51139.6,,,,,,,,SKQ201610S,,
J2-907,ASNAP,2016/07/12 19:11:57,45.81682612,-129.75427389,21003.431707,-11097.177378,179.34,-5.7,3.3,0.00,2603.56,2603.56,HMR2300,23706.7,5026.7,45720.0,51745.5,,,,,,,,SKQ201610S,,
J2-907,ASNAP,2016/07/12 19:12:12,45.81681739,-129.75425626,21004.799706,-11098.147291,179.69,-5.9,2.5,0.00,2603.82,2603.82,HMR2300,23253.3,5473.3,45293.3,51207.0,,,,,,,,SKQ201610S,,
J2-907,ASNAP,2016/07/12 19:12:27,45.81681556,-129.75428204,21002.799771,-11098.350744,171.80,-5.7,1.1,0.00,2604.71,2604.71,HMR2300,22646.7,9566.7,44346.7,50705.2,,,,,,,,SKQ201610S,,
J2-907,ASNAP,2016/07/12 19:12:42,45.81681544,-129.75429233,21002.000856,-11098.364558,212.03,-6.3,0.5,0.00,2603.96,2603.96,HMR2300,23406.7,-4533.3,46200.0,51989.1,,,,,,,,SKQ201610S,,
J2-907,EVT,2016/07/12 19:12:49,45.81681306,-129.75429005,21002.178180,-11098.628590,228.29,-5.9,-0.5,0.00,2603.89,2603.89,HMR2300,21840.0,-9573.3,46880.0,52596.3,,,,,,,,SKQ201610S,DLG,Frame_Grab:
J2-907,ASNAP,2016/07/12 19:12:57,45.81681488,-129.75429326,21001.928873,-11098.426718,224.35,-6.4,2.0,0.00,2604.42,2604.42,HMR2300,22286.7,-9660.0,46866.7,52787.3,,,,,,,,SKQ201610S,,
J2-907,ASNAP,2016/07/12 19:13:12,45.81681351,-129.75428840,21002.306239,-11098.579213,224.18,-6.3,2.2,0.00,2604.94,2604.94,HMR2300,21580.0,-9706.7,46413.3,52097.2,,,,,,,,SKQ201610S,,
J2-907,ASNAP,2016/07/12 19:13:27,45.81681484,-129.75429075,21002.123579,-11098.430431,222.15,-6.4,1.0,0.00,2605.27,2605.27,HMR2300,21773.3,-8353.3,46853.3,52336.3,,,,,,,,SKQ201610S,,
J2-907,ASNAP,2016/07/12 19:13:42,45.81681610,-129.75428625,21002.473181,-11098.290687,222.05,-6.2,2.3,0.00,2604.56,2604.56,HMR2300,22453.3,-9620.0,46926.7,52903.8,,,,,,,,SKQ201610S,,
J2-907,ASNAP,2016/07/12 19:13:57,45.81682979,-129.75428480,21002.585445,-11096.769701,219.81,-5.7,2.0,0.00,2603.36,2603.36,HMR2300,23700.0,-8346.7,46966.7,53265.6,,,,,,,,SKQ201610S,,
J2-907,ASNAP,2016/07/12 19:14:12,45.81683823,-129.75429145,21002.069548,-11095.831029,222.03,-6.2,2.1,0.00,2601.72,2601.72,HMR2300,23120.0,-9220.0,46900.0,53095.7,,,,,,,,SKQ201610S,,
J2-907,ASNAP,2016/07/12 19:14:27,45.81684046,-129.75430648,21000.903251,-11095.583262,222.35,-5.7,1.7,0.00,2601.77,2601.77,HMR2300,23080.0,-8953.3,46733.3,52885.3,,,,,,,,SKQ201610S,,
J2-907,ASNAP,2016/07/12 19:14:42,45.81683493,-129.75431075,21000.571719,-11096.197900,221.01,-5.7,1.3,0.00,2602.96,2602.96,HMR2300,22953.3,-8053.3,46566.7,52537.3,,,,,,,,SKQ201610S,,
J2-907,ASNAP,2016/07/12 19:14:57,45.81685447,-129.75433287,20998.855814,-11094.025926,218.29,-5.8,2.2,0.00,2603.13,2603.13,HMR2300,24040.0,-8060.0,46953.3,53362.0,,,,,,,,SKQ201610S,,
J2-907,ASNAP,2016/07/12 19:15:12,45.81686920,-129.75434384,20998.004776,-11092.388597,172.90,-6.1,2.4,0.00,2603.24,2603.24,HMR2300,22760.0,8433.3,45386.7,51469.3,,,,,,,,SKQ201610S,,
J2-907,ASNAP,2016/07/12 19:15:27,45.81686766,-129.75435420,20997.201055,-11092.559674,170.02,-6.3,2.1,0.00,2602.21,2602.21,HMR2300,22020.0,9206.7,45540.0,51415.3,,,,,,,,SKQ201610S,,
J2-907,ASNAP,2016/07/12 19:15:42,45.81685985,-129.75436163,20996.624981,-11093.427628,170.33,-6.3,2.4,0.00,2601.61,2601.61,HMR2300,22020.0,9000.0,45366.7,51225.1,,,,,,,,SKQ201610S,,
J2-907,ASNAP,2016/07/12 19:15:57,45.81686208,-129.75436497,20996.365630,-11093.180304,169.65,-6.1,2.2,0.00,2601.88,2601.88,HMR2300,22226.7,9480.0,45446.7,51471.3,,,,,,,,SKQ201610S,,
J2-907,ASNAP,2016/07/12 19:16:12,45.81686768,-129.75435484,20997.151166,-11092.558257,173.41,-5.9,2.7,0.00,2602.34,2602.34,HMR2300,22633.3,7473.3,45286.7,51176.2,,,,,,,,SKQ201610S,,
J2-907,ASNAP,2016/07/12 19:16:27,45.81687419,-129.75431842,20999.976846,-11091.833802,177.44,-5.9,1.1,0.00,2601.65,2601.65,HMR2300,23506.7,7600.0,45220.0,51528.4,,,,,,,,SKQ201610S,,
J2-907,EVT,2016/07/12 19:16:41,45.81687493,-129.75429071,21002.127084,-11091.751536,222.50,-6.6,2.2,0.00,2602.50,2602.5,HMR2300,22486.7,-9860.0,46740.0,52796.8,,,,,,,,SKQ201610S,DLG,Frame_Grab:
J2-907,ASNAP,2016/07/12 19:16:42,45.81687428,-129.75428870,21002.282665,-11091.824170,223.65,-6.2,2.3,0.00,2602.67,2602.67,HMR2300,22566.7,-10440.0,46733.3,52936.3,,,,,,,,SKQ201610S,,
J2-907,ASNAP,2016/07/12 19:16:57,45.81686927,-129.75427736,21003.162562,-11092.381301,214.46,-6.2,2.0,0.00,2602.76,2602.76,HMR2300,23726.7,-6573.3,46546.7,52657.0,,,,,,,,SKQ201610S,,
J2-907,ASNAP,2016/07/12 19:17:12,45.81687325,-129.75428284,21002.737314,-11091.939062,217.38,-7.4,-0.1,0.00,2602.92,2602.92,HMR2300,22506.7,-5626.7,46873.3,52300.3,,,,,,,,SKQ201610S,,
J2-907,ASNAP,2016/07/12 19:17:27,45.81686592,-129.75427864,21003.063334,-11092.753644,219.11,-7.4,0.6,0.00,2603.68,2603.68,HMR2300,22073.3,-7013.3,47100.0,52486.5,,,,,,,,SKQ201610S,,
J2-907,EVT,2016/07/12 19:17:35,45.81686202,-129.75428269,21002.748912,-11093.186842,230.28,-7.8,1.2,0.00,2604.02,2604.02,HMR2300,20313.3,-10013.3,47573.3,52688.9,,,,,,,,SKQ201610S,DLG,Frame_Grab:
J2-907,ASNAP,2016/07/12 19:17:42,45.81686418,-129.75428608,21002.486083,-11092.946528,228.64,-7.4,0.0,0.00,2604.35,2604.35,HMR2300,20326.7,-9480.0,46733.3,51836.7,,,,,,,,SKQ201610S,,
J2-907,ASNAP,2016/07/12 19:17:57,45.81686457,-129.75428688,21002.423883,-11092.903497,229.77,-8.1,1.0,0.00,2604.52,2604.52,HMR2300,19406.7,-10913.3,47253.3,52236.0,,,,,,,,SKQ201610S,,
J2-907,ASNAP,2016/07/12 19:18:12,45.81686521,-129.75428699,21002.415533,-11092.832677,230.16,-5.2,-0.8,0.00,2604.06,2604.06,HMR2300,21766.7,-9440.0,46593.3,52286.1,,,,,,,,SKQ201610S,,
J2-907,ASNAP,2016/07/12 19:18:27,45.81686698,-129.75428375,21002.666632,-11092.635714,233.63,-9.7,1.1,0.00,2604.04,2604.04,HMR2300,17800.0,-11813.3,47646.7,52216.9,,,,,,,,SKQ201610S,,
J2-907,EVT,2016/07/12 19:18:27,45.81686698,-129.75428375,21002.666632,-11092.635714,233.63,-9.7,1.1,0.00,2604.04,2604.04,HMR2300,18186.7,-11753.3,47673.3,52360.7,,,,,,,,SKQ201610S,DLG,TXT: Grabbed onto LJ03A-2016
J2-907,ASNAP,2016/07/12 19:18:42,45.81686798,-129.75428374,21002.667411,-11092.524877,233.22,-11.9,2.0,0.00,2604.04,2604.04,HMR2300,15220.0,-12853.3,47793.3,51778.9,,,,,,,,SKQ201610S,,
J2-907,ASNAP,2016/07/12 19:18:57,45.81686885,-129.75428348,21002.687410,-11092.427407,233.41,-10.6,2.5,0.00,2604.11,2604.11,HMR2300,16733.3,-13073.3,47340.0,51884.4,,,,,,,,SKQ201610S,,
J2-907,ASNAP,2016/07/12 19:19:12,45.81686959,-129.75428324,21002.706182,-11092.345367,233.54,-10.2,2.2,0.00,2604.13,2604.13,HMR2300,16913.3,-12753.3,47333.3,51857.0,,,,,,,,SKQ201610S,,
J2-907,EVT,2016/07/12 19:19:21,45.81686995,-129.75428321,21002.708526,-11092.305790,233.47,-11.9,2.9,0.00,2604.01,2604.01,HMR2300,15286.7,-13733.3,47206.7,51485.5,,,,,,,,SKQ201610S,DLG,TXT: Doppler reset
J2-907,ASNAP,2016/07/12 19:19:27,45.81687032,-129.75428312,21002.715808,-11092.264606,233.33,-11.3,3.1,0.00,2604.01,2604.01,HMR2300,16066.7,-13913.3,47853.3,52360.9,,,,,,,,SKQ201610S,,
J2-907,ASNAP,2016/07/12 19:19:42,45.81687102,-129.75428289,21002.733146,-11092.186891,233.48,-11.5,2.1,0.00,2604.06,2604.06,HMR2300,15566.7,-12900.0,47293.3,51433.4,,,,,,,,SKQ201610S,,
J2-907,ASNAP,2016/07/12 19:19:57,45.81687152,-129.75428272,21002.746339,-11092.131373,233.56,-11.7,2.5,0.00,2604.03,2604.03,HMR2300,15546.7,-13486.7,47980.0,52207.9,,,,,,,,SKQ201610S,,
J2-907,ASNAP,2016/07/12 19:20:12,45.81687206,-129.75428254,21002.760375,-11092.070478,233.45,-11.6,2.3,0.00,2604.04,2604.04,HMR2300,15480.0,-13080.0,47306.7,51464.9,,,,,,,,SKQ201610S,,
J2-907,ASNAP,2016/07/12 19:20:27,45.81687255,-129.75428235,21002.775195,-11092.016447,233.54,-11.7,2.1,0.00,2604.05,2604.05,HMR2300,15560.0,-13173.3,47980.0,52131.9,,,,,,,,SKQ201610S,,
J2-907,ASNAP,2016/07/12 19:20:42,45.81687346,-129.75428232,21002.777317,-11091.915703,231.64,-12.6,1.6,0.00,2604.05,2604.05,HMR2300,14793.3,-11886.7,47526.7,51175.4,,,,,,,,SKQ201610S,,
J2-907,ASNAP,2016/07/12 19:20:57,45.81687340,-129.75428202,21002.800617,-11091.921823,233.56,-12.1,1.8,0.00,2604.04,2604.04,HMR2300,15346.7,-13053.3,48153.3,52198.2,,,,,,,,SKQ201610S,,
J2-907,ASNAP,2016/07/12 19:21:12,45.81687372,-129.75428177,21002.820141,-11091.886047,233.86,-12.1,2.1,0.00,2604.03,2604.03,HMR2300,14913.3,-12886.7,47373.3,51309.9,,,,,,,,SKQ201610S,,
J2-907,ASNAP,2016/07/12 19:21:27,45.81687317,-129.75427856,21003.069092,-11091.947834,231.21,-12.6,3.4,0.00,2604.00,2604,HMR2300,15206.7,-13733.3,48013.3,52202.8,,,,,,,,SKQ201610S,,
J2-907,ASNAP,2016/07/12 19:21:42,45.81687153,-129.75428056,21002.914087,-11092.129338,234.48,-12.7,3.3,0.00,2603.91,2603.91,HMR2300,14320.0,-14240.0,47366.7,51492.1,,,,,,,,SKQ201610S,,
J2-907,ASNAP,2016/07/12 19:21:57,45.81687237,-129.75428020,21002.942052,-11092.036946,233.45,-11.0,2.7,0.00,2604.01,2604.01,HMR2300,16160.0,-13673.3,47840.0,52314.2,,,,,,,,SKQ201610S,,
J2-907,ASNAP,2016/07/12 19:22:12,45.81687271,-129.75428000,21002.957500,-11091.998626,233.46,-11.5,2.8,0.00,2603.97,2603.97,HMR2300,15626.7,-13426.7,47366.7,51653.4,,,,,,,,SKQ201610S,,
J2-907,ASNAP,2016/07/12 19:22:27,45.81687317,-129.75427979,21002.973769,-11091.947897,233.15,-11.6,2.9,0.00,2603.97,2603.97,HMR2300,15673.3,-13813.3,47806.7,52172.2,,,,,,,,SKQ201610S,,
J2-907,ASNAP,2016/07/12 19:22:42,45.81687356,-129.75427952,21002.995012,-11091.904340,233.17,-11.6,3.0,0.00,2603.96,2603.96,HMR2300,15593.3,-13480.0,47393.3,51681.6,,,,,,,,SKQ201610S,,
J2-907,ASNAP,2016/07/12 19:22:57,45.81687397,-129.75427924,21003.016357,-11091.858190,233.25,-11.5,3.1,0.00,2603.96,2603.96,HMR2300,15780.0,-14140.0,47880.0,52358.8,,,,,,,,SKQ201610S,,
J2-907,ASNAP,2016/07/12 19:23:12,45.81687430,-129.75427901,21003.034547,-11091.822333,233.46,-11.8,3.4,0.00,2603.94,2603.94,HMR2300,15326.7,-13806.7,47286.7,51590.3,,,,,,,,SKQ201610S,,
J2-907,ASNAP,2016/07/12 19:23:27,45.81687483,-129.75427872,21003.057066,-11091.763096,233.36,-11.8,3.0,0.00,2603.95,2603.95,HMR2300,15380.0,-14113.3,47853.3,52208.0,,,,,,,,SKQ201610S,,
J2-907,ASNAP,2016/07/12 19:23:42,45.81687529,-129.75427849,21003.074451,-11091.711682,233.41,-11.5,3.2,0.00,2603.95,2603.95,HMR2300,15660.0,-13693.3,47300.0,51672.4,,,,,,,,SKQ201610S,,
J2-907,ASNAP,2016/07/12 19:23:57,45.81687562,-129.75427837,21003.084228,-11091.675336,233.86,-11.2,4.1,0.00,2603.92,2603.92,HMR2300,15640.0,-15240.0,47513.3,52291.3,,,,,,,,SKQ201610S,,
J2-907,ASNAP,2016/07/12 19:24:12,45.81687633,-129.75427801,21003.112402,-11091.596000,233.44,-11.4,2.6,0.00,2603.98,2603.98,HMR2300,15780.0,-13193.3,47480.0,51743.8,,,,,,,,SKQ201610S,,
J2-907,ASNAP,2016/07/12 19:24:27,45.81687688,-129.75427787,21003.122672,-11091.534954,233.29,-12.0,2.7,0.00,2603.97,2603.97,HMR2300,15153.3,-13666.7,47806.7,51979.6,,,,,,,,SKQ201610S,,
J2-907,ASNAP,2016/07/12 19:24:42,45.81687752,-129.75427760,21003.143716,-11091.464394,233.41,-11.0,1.5,0.00,2604.04,2604.04,HMR2300,16133.3,-12213.3,47620.0,51740.8,,,,,,,,SKQ201610S,,
J2-907,EVT,2016/07/12 19:24:45,45.81687758,-129.75427761,21003.143316,-11091.457382,233.43,-11.3,1.8,0.00,2604.04,2604.04,HMR2300,15813.3,-12886.7,47733.3,51909.5,,,,,,,,SKQ201610S,DLG,TXT: AXVMW1 cable bungee release from LJ03A-2016
J2-907,ASNAP,2016/07/12 19:24:57,45.81687793,-129.75427755,21003.148135,-11091.418506,233.63,-11.3,1.8,0.00,2604.01,2604.01,HMR2300,15700.0,-13006.7,47706.7,51880.5,,,,,,,,SKQ201610S,,
J2-907,ASNAP,2016/07/12 19:25:12,45.81687855,-129.75427747,21003.153952,-11091.350046,233.41,-11.7,2.6,0.00,2603.99,2603.99,HMR2300,15500.0,-13093.3,47540.0,51688.8,,,,,,,,SKQ201610S,,
J2-907,ASNAP,2016/07/12 19:25:27,45.81687929,-129.75427727,21003.169752,-11091.267522,233.17,-11.2,1.9,0.00,2604.02,2604.02,HMR2300,15913.3,-13066.7,47806.7,52052.4,,,,,,,,SKQ201610S,,
J2-907,ASNAP,2016/07/12 19:25:42,45.81687982,-129.75427723,21003.172920,-11091.208564,233.45,-11.0,2.0,0.00,2604.04,2604.04,HMR2300,16213.3,-12560.0,47580.0,51812.0,,,,,,,,SKQ201610S,,
J2-907,ASNAP,2016/07/12 19:25:57,45.81688059,-129.75427721,21003.174355,-11091.122394,232.89,-10.8,2.6,0.00,2604.00,2604,HMR2300,16293.3,-13486.7,47560.0,52051.1,,,,,,,,SKQ201610S,,
J2-907,ASNAP,2016/07/12 19:26:12,45.81688114,-129.75427725,21003.170971,-11091.061525,233.27,-11.8,2.3,0.00,2603.97,2603.97,HMR2300,15640.0,-12780.0,47740.0,51836.7,,,,,,,,SKQ201610S,,
J2-907,ASNAP,2016/07/12 19:26:27,45.81688190,-129.75427728,21003.168617,-11090.976800,233.10,-11.6,2.5,0.00,2603.99,2603.99,HMR2300,15473.3,-13380.0,47666.7,51870.6,,,,,,,,SKQ201610S,,
J2-907,ASNAP,2016/07/12 19:26:42,45.81688260,-129.75427728,21003.168847,-11090.898928,233.35,-11.5,1.5,0.00,2604.02,2604.02,HMR2300,15853.3,-12306.7,47840.0,51879.2,,,,,,,,SKQ201610S,,
J2-907,ASNAP,2016/07/12 19:26:57,45.81688371,-129.75427737,21003.161578,-11090.775937,232.99,-12.3,2.1,0.00,2603.96,2603.96,HMR2300,14840.0,-12933.3,47733.3,51633.0,,,,,,,,SKQ201610S,,
J2-907,EVT,2016/07/12 19:26:59,45.81688374,-129.75427739,21003.159937,-11090.773213,233.12,-12.1,2.3,0.00,2603.97,2603.97,HMR2300,14926.7,-13166.7,47613.3,51606.2,,,,,,,,SKQ201610S,DLG,TXT: Grabbing AXVMW1 from LJ03A-2016
J2-907,ASNAP,2016/07/12 19:27:12,45.81688442,-129.75427746,21003.154672,-11090.696690,232.98,-11.4,2.5,0.00,2604.00,2604,HMR2300,16046.7,-13120.0,47786.7,52088.3,,,,,,,,SKQ201610S,,
J2-907,ASNAP,2016/07/12 19:27:27,45.81688505,-129.75427759,21003.144414,-11090.626604,233.21,-11.3,2.4,0.00,2604.00,2604,HMR2300,15600.0,-13246.7,47426.7,51653.9,,,,,,,,SKQ201610S,,
J2-907,ASNAP,2016/07/12 19:27:42,45.81688570,-129.75427772,21003.134595,-11090.554885,233.01,-11.8,1.5,0.00,2604.03,2604.03,HMR2300,15680.0,-12020.0,47900.0,51814.6,,,,,,,,SKQ201610S,,
J2-907,EVT,2016/07/12 19:27:53,45.81688600,-129.75427801,21003.112407,-11090.521970,233.02,-12.2,2.9,0.00,2603.94,2603.94,HMR2300,14980.0,-13880.0,47740.0,51924.6,,,,,,,,SKQ201610S,DLG,TXT: Grabbing AXVMW1 plug end
J2-907,ASNAP,2016/07/12 19:27:57,45.81688631,-129.75427805,21003.108790,-11090.486920,232.70,-12.3,2.3,0.00,2603.94,2603.94,HMR2300,14940.0,-13153.3,47706.7,51692.7,,,,,,,,SKQ201610S,,
J2-907,ASNAP,2016/07/12 19:28:12,45.81688679,-129.75427831,21003.088457,-11090.433840,233.03,-11.8,4.2,0.00,2603.90,2603.9,HMR2300,15680.0,-14453.3,47606.7,52164.7,,,,,,,,SKQ201610S,,
J2-907,ASNAP,2016/07/12 19:28:27,45.81688749,-129.75427856,21003.069685,-11090.356236,233.02,-11.8,3.2,0.00,2603.94,2603.94,HMR2300,15240.0,-14026.7,47420.0,51746.1,,,,,,,,SKQ201610S,,
J2-907,EVT,2016/07/12 19:28:38,45.81688812,-129.75427883,21003.048139,-11090.285810,232.64,-12.0,3.2,0.00,2603.91,2603.91,HMR2300,15120.0,-13540.0,47286.7,51458.5,,,,,,,,SKQ201610S,DLG,Frame_Grab:
J2-907,ASNAP,2016/07/12 19:28:42,45.81688817,-129.75427889,21003.043798,-11090.280772,232.95,-11.4,3.7,0.00,2603.93,2603.93,HMR2300,16113.3,-14020.0,47673.3,52239.3,,,,,,,,SKQ201610S,,
J2-907,ASNAP,2016/07/12 19:28:57,45.81688871,-129.75427923,21003.017428,-11090.220478,233.48,-10.5,3.8,0.00,2603.96,2603.96,HMR2300,16533.3,-14366.7,47000.0,51853.2,,,,,,,,SKQ201610S,,
J2-907,ASNAP,2016/07/12 19:29:12,45.81688942,-129.75427961,21002.988286,-11090.141165,232.97,-10.5,3.7,0.00,2603.97,2603.97,HMR2300,17260.0,-14026.7,47486.7,52437.0,,,,,,,,SKQ201610S,,
J2-907,ASNAP,2016/07/12 19:29:27,45.81688987,-129.75428004,21002.954822,-11090.091267,233.06,-10.6,3.8,0.00,2603.96,2603.96,HMR2300,16446.7,-14233.3,46960.0,51752.5,,,,,,,,SKQ201610S,,
J2-907,EVT,2016/07/12 19:29:37,45.81689064,-129.75427877,21003.052794,-11090.006215,233.10,-13.2,5.0,0.00,2603.94,2603.94,HMR2300,15333.3,-14880.0,47620.0,52193.8,,,,,,,,SKQ201610S,DLG,TXT: putting plug on Jason porch
J2-907,ASNAP,2016/07/12 19:29:42,45.81688844,-129.75427759,21003.144299,-11090.250547,227.82,-10.0,4.8,0.00,2603.87,2603.87,HMR2300,18733.3,-13413.3,47433.3,52733.1,,,,,,,,SKQ201610S,,
J2-907,ASNAP,2016/07/12 19:29:57,45.81688105,-129.75427236,21003.550395,-11091.072003,224.80,-7.4,3.7,0.00,2603.47,2603.47,HMR2300,21420.0,-11413.3,46926.7,52831.7,,,,,,,,SKQ201610S,,
J2-907,ASNAP,2016/07/12 19:30:12,45.81689137,-129.75427194,21003.583236,-11089.924398,221.57,-7.1,4.1,0.00,2603.55,2603.55,HMR2300,21933.3,-10613.3,46606.7,52591.8,,,,,,,,SKQ201610S,,
J2-907,ASNAP,2016/07/12 19:30:27,45.81690072,-129.75426867,21003.836682,-11088.885095,209.16,-7.2,4.3,0.00,2603.62,2603.62,HMR2300,23800.0,-6426.7,46633.3,52748.6,,,,,,,,SKQ201610S,,
J2-907,EVT,2016/07/12 19:30:32,45.81689921,-129.75426905,21003.806957,-11089.053560,208.91,-7.2,4.3,0.00,2603.48,2603.48,HMR2300,23173.3,-6260.0,46340.0,52188.0,,,,,,,,SKQ201610S,DLG,TXT: pulling cable away from LJ03A-2016
J2-907,ASNAP,2016/07/12 19:30:42,45.81689937,-129.75426873,21003.831808,-11089.035109,208.23,-7.1,1.2,0.00,2603.31,2603.31,HMR2300,23513.3,-3413.3,46620.0,52325.4,,,,,,,,SKQ201610S,,
J2-907,ASNAP,2016/07/12 19:30:57,45.81689969,-129.75427017,21003.720236,-11088.999538,208.27,-7.4,1.0,0.00,2603.38,2603.38,HMR2300,23446.7,-3420.0,46833.3,52486.2,,,,,,,,SKQ201610S,,
J2-907,ASNAP,2016/07/12 19:31:12,45.81690021,-129.75427023,21003.715737,-11088.942537,208.48,-7.2,1.1,0.00,2603.46,2603.46,HMR2300,23573.3,-3293.3,46466.7,52208.2,,,,,,,,SKQ201610S,,
J2-907,ASNAP,2016/07/12 19:31:27,45.81690022,-129.75427060,21003.687312,-11088.941211,208.29,-7.2,1.5,0.00,2603.30,2603.3,HMR2300,23400.0,-3740.0,46666.7,52338.6,,,,,,,,SKQ201610S,,
J2-907,ASNAP,2016/07/12 19:31:42,45.81689966,-129.75426712,21003.957317,-11089.003292,181.69,-7.1,2.1,0.00,2603.19,2603.19,HMR2300,22880.0,5500.0,45473.3,51201.3,,,,,,,,SKQ201610S,,
J2-907,ASNAP,2016/07/12 19:31:57,45.81691111,-129.75428543,21002.536713,-11087.731065,147.16,-7.0,0.4,0.00,2602.27,2602.27,HMR2300,15746.7,17020.0,43826.7,49582.4,,,,,,,,SKQ201610S,,
J2-907,ASNAP,2016/07/12 19:32:12,45.81690632,-129.75426325,21004.257494,-11088.262931,154.45,-7.0,2.4,0.00,2602.52,2602.52,HMR2300,17960.0,13440.0,44826.7,50126.1,,,,,,,,SKQ201610S,,
J2-907,ASNAP,2016/07/12 19:32:27,45.81690494,-129.75425909,21004.579735,-11088.416713,149.34,-7.2,1.5,0.00,2602.69,2602.69,HMR2300,16393.3,15646.7,44140.0,49617.5,,,,,,,,SKQ201610S,,
J2-907,ASNAP,2016/07/12 19:32:42,45.81689681,-129.75426688,21003.975379,-11089.320265,150.22,-7.1,2.5,0.00,2603.55,2603.55,HMR2300,16373.3,14366.7,44540.0,49581.2,,,,,,,,SKQ201610S,,
J2-907,ASNAP,2016/07/12 19:32:57,45.81689032,-129.75426802,21003.886761,-11090.041808,153.73,-7.0,1.9,0.00,2604.42,2604.42,HMR2300,17713.3,13940.0,44333.3,49734.6,,,,,,,,SKQ201610S,,
J2-907,ASNAP,2016/07/12 19:33:12,45.81688065,-129.75427205,21003.574429,-11091.116032,153.87,-6.9,1.8,0.00,2604.47,2604.47,HMR2300,17186.7,14013.3,44093.3,49355.6,,,,,,,,SKQ201610S,,
J2-907,ASNAP,2016/07/12 19:33:27,45.81687583,-129.75427532,21003.320669,-11091.651923,154.20,-7.1,2.3,0.00,2604.74,2604.74,HMR2300,17033.3,13126.7,44133.3,49093.7,,,,,,,,SKQ201610S,,
J2-907,ASNAP,2016/07/12 19:33:42,45.81687040,-129.75427619,21003.253267,-11092.255533,153.56,-7.1,1.9,0.00,2604.38,2604.38,HMR2300,17093.3,13993.3,44626.7,49794.9,,,,,,,,SKQ201610S,,
J2-907,ASNAP,2016/07/12 19:33:57,45.81686890,-129.75427406,21003.418500,-11092.422330,155.44,-7.0,2.4,0.00,2604.56,2604.56,HMR2300,17440.0,12973.3,44973.3,49950.6,,,,,,,,SKQ201610S,,
J2-907,ASNAP,2016/07/12 19:34:12,45.81687945,-129.75426852,21003.848127,-11091.249929,156.26,-6.7,1.5,0.00,2604.23,2604.23,HMR2300,18433.3,13660.0,44560.0,50119.6,,,,,,,,SKQ201610S,,
J2-907,ASNAP,2016/07/12 19:34:27,45.81689100,-129.75426698,21003.967909,-11089.966221,155.66,-7.2,2.1,0.00,2604.03,2604.03,HMR2300,18066.7,13320.0,44986.7,50275.5,,,,,,,,SKQ201610S,,
J2-907,ASNAP,2016/07/12 19:34:42,45.81688847,-129.75426332,21004.251959,-11090.246514,155.64,-7.4,2.1,0.00,2604.35,2604.35,HMR2300,17773.3,13300.0,44513.3,49741.5,,,,,,,,SKQ201610S,,
J2-907,EVT,2016/07/12 19:34:45,45.81688884,-129.75426167,21004.379750,-11090.205446,155.23,-6.7,1.9,0.00,2604.15,2604.15,HMR2300,17980.0,13926.7,44440.0,49921.4,,,,,,,,SKQ201610S,DLG,TXT: Approaching LV03A
J2-907,ASNAP,2016/07/12 19:34:57,45.81688744,-129.75426039,21004.478799,-11090.360919,155.36,-7.1,2.4,0.00,2604.47,2604.47,HMR2300,17893.3,13253.3,44500.0,49760.1,,,,,,,,SKQ201610S,,
J2-907,ASNAP,2016/07/12 19:35:12,45.81688461,-129.75425543,21004.863942,-11090.675766,154.80,-7.6,2.8,0.00,2604.87,2604.87,HMR2300,17260.0,12993.3,44526.7,49491.0,,,,,,,,SKQ201610S,,
J2-907,ASNAP,2016/07/12 19:35:27,45.81688546,-129.75425602,21004.818035,-11090.580981,155.42,-6.8,3.0,0.00,2604.89,2604.89,HMR2300,18193.3,13100.0,44126.7,49495.2,,,,,,,,SKQ201610S,,
J2-907,ASNAP,2016/07/12 19:35:42,45.81688405,-129.75425701,21004.741672,-11090.738519,155.26,-6.9,1.7,0.00,2604.97,2604.97,HMR2300,18000.0,13980.0,44026.7,49576.1,,,,,,,,SKQ201610S,,
J2-907,ASNAP,2016/07/12 19:35:57,45.81688382,-129.75425715,21004.730466,-11090.763452,155.73,-7.0,2.3,0.00,2604.62,2604.62,HMR2300,18106.7,13333.3,44453.3,49816.9,,,,,,,,SKQ201610S,,
J2-907,ASNAP,2016/07/12 19:36:12,45.81688678,-129.75425263,21005.081143,-11090.434323,162.67,-7.1,1.7,0.00,2604.73,2604.73,HMR2300,19466.7,12080.0,44393.3,49956.4,,,,,,,,SKQ201610S,,
J2-907,ASNAP,2016/07/12 19:36:27,45.81688100,-129.75425418,21004.961163,-11091.077095,161.64,-7.1,1.8,0.00,2604.58,2604.58,HMR2300,19413.3,12253.3,44526.7,50096.4,,,,,,,,SKQ201610S,,
J2-907,ASNAP,2016/07/12 19:36:42,45.81688784,-129.75426397,21004.201199,-11090.317373,164.85,-7.3,1.7,0.00,2604.13,2604.13,HMR2300,20020.0,11306.7,44973.3,50509.8,,,,,,,,SKQ201610S,,
J2-907,ASNAP,2016/07/12 19:36:57,45.81690017,-129.75426846,21003.852819,-11088.946363,166.71,-7.3,2.0,0.00,2604.36,2604.36,HMR2300,20573.3,10286.7,45380.0,50876.5,,,,,,,,SKQ201610S,,
J2-907,ASNAP,2016/07/12 19:37:12,45.81689702,-129.75426919,21003.796439,-11089.296059,167.29,-7.2,1.9,0.00,2604.33,2604.33,HMR2300,20760.0,10193.3,45133.3,50713.9,,,,,,,,SKQ201610S,,
J2-907,ASNAP,2016/07/12 19:37:27,45.81689556,-129.75426945,21003.776403,-11089.458424,167.57,-7.5,1.2,0.00,2604.29,2604.29,HMR2300,20320.0,10980.0,44960.0,50545.7,,,,,,,,SKQ201610S,,
J2-907,ASNAP,2016/07/12 19:37:42,45.81689392,-129.75426960,21003.764278,-11089.640821,167.58,-7.4,1.3,0.00,2604.34,2604.34,HMR2300,20680.0,10660.0,45226.7,50860.1,,,,,,,,SKQ201610S,,
J2-907,EVT,2016/07/12 19:37:55,45.81689242,-129.75426928,21003.789352,-11089.808419,167.52,-7.1,1.4,0.00,2604.27,2604.27,HMR2300,20626.7,10833.3,45046.7,50715.1,,,,,,,,SKQ201610S,DLG,TXT: grabbing plug off of porch
J2-907,ASNAP,2016/07/12 19:37:57,45.81689238,-129.75426933,21003.785467,-11089.812422,167.50,-7.9,1.4,0.00,2604.29,2604.29,HMR2300,19900.0,10633.3,45453.3,50745.3,,,,,,,,SKQ201610S,,
J2-907,ASNAP,2016/07/12 19:38:12,45.81689077,-129.75426929,21003.788812,-11089.991268,167.56,-7.8,1.5,0.00,2604.29,2604.29,HMR2300,20273.3,10573.3,45400.0,50832.7,,,,,,,,SKQ201610S,,
J2-907,ASNAP,2016/07/12 19:38:27,45.81688915,-129.75426925,21003.792042,-11090.170989,167.34,-7.7,1.7,0.00,2604.34,2604.34,HMR2300,20180.0,10706.7,45100.0,50555.7,,,,,,,,SKQ201610S,,
J2-907,ASNAP,2016/07/12 19:38:42,45.81688761,-129.75426899,21003.812091,-11090.342084,167.34,-8.2,2.4,0.00,2604.27,2604.27,HMR2300,19506.7,9793.3,45453.3,50422.5,,,,,,,,SKQ201610S,,
J2-907,ASNAP,2016/07/12 19:38:57,45.81688593,-129.75426874,21003.831262,-11090.528704,167.45,-8.0,2.4,0.00,2604.31,2604.31,HMR2300,19746.7,9960.0,45260.0,50374.6,,,,,,,,SKQ201610S,,
J2-907,ASNAP,2016/07/12 19:39:12,45.81687606,-129.75426406,21004.194528,-11091.625969,166.14,-7.8,1.7,0.00,2604.65,2604.65,HMR2300,19593.3,10806.7,45133.3,50375.6,,,,,,,,SKQ201610S,,
J2-907,ASNAP,2016/07/12 19:39:27,45.81686124,-129.75425783,21004.677972,-11093.273026,154.65,-7.7,3.2,0.00,2604.86,2604.86,HMR2300,17000.0,12706.7,44766.7,49543.1,,,,,,,,SKQ201610S,,
J2-907,ASNAP,2016/07/12 19:39:42,45.81686169,-129.75425244,21005.096082,-11093.223675,164.50,-7.7,3.1,0.00,2605.31,2605.31,HMR2300,19206.7,10406.7,44633.3,49692.3,,,,,,,,SKQ201610S,,
J2-907,ASNAP,2016/07/12 19:39:57,45.81685856,-129.75424770,21005.463541,-11093.571511,166.30,-8.0,2.5,0.00,2605.29,2605.29,HMR2300,19326.7,10286.7,44700.0,49773.7,,,,,,,,SKQ201610S,,
J2-907,EVT,2016/07/12 19:39:59,45.81685807,-129.75424774,21005.460560,-11093.626004,166.35,-8.2,3.1,0.00,2605.21,2605.21,HMR2300,19133.3,9526.7,45340.0,50125.4,,,,,,,,SKQ201610S,DLG,TXT: removing dust cap from AXVMW1-P1
J2-907,ASNAP,2016/07/12 19:40:12,45.81685753,-129.75424927,21005.342152,-11093.685801,166.97,-7.2,2.6,0.00,2605.00,2605,HMR2300,20320.0,9826.7,45153.3,50480.6,,,,,,,,SKQ201610S,,
J2-907,ASNAP,2016/07/12 19:40:27,45.81685545,-129.75424919,21005.347864,-11093.916552,166.98,-8.1,2.4,0.00,2605.02,2605.02,HMR2300,19500.0,10013.3,45066.7,50115.1,,,,,,,,SKQ201610S,,
J2-907,ASNAP,2016/07/12 19:40:42,45.81685405,-129.75424927,21005.341492,-11094.072551,166.86,-8.4,2.9,0.00,2605.22,2605.22,HMR2300,19160.0,9533.3,45320.0,50118.8,,,,,,,,SKQ201610S,,
J2-907,ASNAP,2016/07/12 19:40:57,45.81685280,-129.75424991,21005.292099,-11094.212001,166.58,-9.2,2.5,0.00,2605.21,2605.21,HMR2300,18613.3,10160.0,45586.7,50277.5,,,,,,,,SKQ201610S,,
J2-907,ASNAP,2016/07/12 19:41:12,45.81685158,-129.75424989,21005.294037,-11094.346664,166.87,-9.7,2.6,0.00,2605.19,2605.19,HMR2300,18406.7,9980.0,45606.7,50183.4,,,,,,,,SKQ201610S,,
J2-907,ASNAP,2016/07/12 19:41:27,45.81685023,-129.75424990,21005.292670,-11094.497315,166.58,-9.5,2.9,0.00,2605.18,2605.18,HMR2300,18093.3,9980.0,45233.3,49729.5,,,,,,,,SKQ201610S,,
J2-907,ASNAP,2016/07/12 19:41:42,45.81684907,-129.75424994,21005.289540,-11094.626237,166.74,-9.5,2.9,0.00,2605.19,2605.19,HMR2300,18253.3,9960.0,45033.3,49602.3,,,,,,,,SKQ201610S,,
J2-907,ASNAP,2016/07/12 19:41:57,45.81684799,-129.75425008,21005.278851,-11094.746286,166.77,-9.6,2.8,0.00,2605.19,2605.19,HMR2300,18400.0,9913.3,45606.7,50167.7,,,,,,,,SKQ201610S,,
J2-907,ASNAP,2016/07/12 19:42:12,45.81684698,-129.75425021,21005.268876,-11094.859002,166.64,-9.5,2.9,0.00,2605.19,2605.19,HMR2300,18253.3,9986.7,45406.7,49946.8,,,,,,,,SKQ201610S,,
J2-907,ASNAP,2016/07/12 19:42:27,45.81684616,-129.75425030,21005.262156,-11094.949779,166.71,-9.5,2.8,0.00,2605.19,2605.19,HMR2300,18393.3,9793.3,45660.0,50190.2,,,,,,,,SKQ201610S,,
J2-907,ASNAP,2016/07/12 19:42:42,45.81684547,-129.75425040,21005.254112,-11095.026388,166.82,-9.5,3.0,0.00,2605.19,2605.19,HMR2300,18213.3,9800.0,45086.7,49604.2,,,,,,,,SKQ201610S,,
J2-907,EVT,2016/07/12 19:42:49,45.81684517,-129.75425044,21005.251164,-11095.059293,166.73,-9.1,3.0,0.00,2605.19,2605.19,HMR2300,18793.3,9580.0,45686.7,50321.3,,,,,,,,SKQ201610S,DLG,Frame_Grab:
J2-907,ASNAP,2016/07/12 19:42:57,45.81684495,-129.75425041,21005.253233,-11095.083707,166.93,-9.2,3.0,0.00,2605.19,2605.19,HMR2300,18700.0,9693.3,45613.3,50241.7,,,,,,,,SKQ201610S,,
J2-907,EVT,2016/07/12 19:43:07,45.81684460,-129.75425053,21005.243758,-11095.122798,166.67,-9.2,3.1,0.00,2605.19,2605.19,HMR2300,18913.3,9660.0,45626.7,50327.2,,,,,,,,SKQ201610S,DLG,TXT: looking at plug
J2-907,ASNAP,2016/07/12 19:43:12,45.81684449,-129.75425057,21005.241104,-11095.135450,166.73,-9.2,3.1,0.00,2605.19,2605.19,HMR2300,18700.0,9713.3,45640.0,50269.8,,,,,,,,SKQ201610S,,
J2-907,ASNAP,2016/07/12 19:43:27,45.81684422,-129.75425066,21005.233864,-11095.165258,166.82,-9.1,3.0,0.00,2605.19,2605.19,HMR2300,18893.3,9793.3,45333.3,50079.7,,,,,,,,SKQ201610S,,
J2-907,ASNAP,2016/07/12 19:43:42,45.81684414,-129.75425072,21005.229556,-11095.173719,166.97,-9.2,3.0,0.00,2605.19,2605.19,HMR2300,18713.3,9566.7,45706.7,50307.2,,,,,,,,SKQ201610S,,
J2-907,ASNAP,2016/07/12 19:43:57,45.81684417,-129.75425080,21005.223430,-11095.170500,166.83,-9.1,3.0,0.00,2605.19,2605.19,HMR2300,18960.0,9540.0,45633.3,50327.9,,,,,,,,SKQ201610S,,
J2-907,ASNAP,2016/07/12 19:44:12,45.81684440,-129.75425084,21005.219782,-11095.145028,166.94,-9.2,3.0,0.00,2605.19,2605.19,HMR2300,18286.7,9686.7,45053.3,49578.6,,,,,,,,SKQ201610S,,
J2-907,ASNAP,2016/07/12 19:44:27,45.81684470,-129.75425082,21005.221898,-11095.111603,166.88,-9.1,3.1,0.00,2605.19,2605.19,HMR2300,18746.7,9833.3,45353.3,50050.5,,,,,,,,SKQ201610S,,
J2-907,ASNAP,2016/07/12 19:44:42,45.81684524,-129.75425073,21005.228212,-11095.052192,166.90,-9.2,3.0,0.00,2605.19,2605.19,HMR2300,18346.7,9626.7,45020.0,49558.8,,,,,,,,SKQ201610S,,
J2-907,EVT,2016/07/12 19:44:50,45.81684554,-129.75425065,21005.234820,-11095.018676,166.86,-9.1,3.1,0.00,2605.19,2605.19,HMR2300,18593.3,9466.7,45380.0,49946.7,,,,,,,,SKQ201610S,DLG,TXT: plug looks good
J2-907,ASNAP,2016/07/12 19:44:57,45.81684585,-129.75425058,21005.240373,-11094.983818,166.90,-9.1,3.0,0.00,2605.19,2605.19,HMR2300,18806.7,9640.0,45606.7,50265.2,,,,,,,,SKQ201610S,,
J2-907,ASNAP,2016/07/12 19:45:12,45.81684667,-129.75425040,21005.254130,-11094.893015,166.98,-9.2,3.0,0.00,2605.19,2605.19,HMR2300,18766.7,9673.3,45626.7,50274.8,,,,,,,,SKQ201610S,,
J2-907,ASNAP,2016/07/12 19:45:27,45.81684750,-129.75425018,21005.271010,-11094.800939,166.82,-9.0,3.0,0.00,2605.19,2605.19,HMR2300,18480.0,9453.3,45173.3,49714.2,,,,,,,,SKQ201610S,,
J2-907,ASNAP,2016/07/12 19:45:42,45.81684854,-129.75424988,21005.294570,-11094.685382,166.97,-9.2,3.1,0.00,2605.19,2605.19,HMR2300,18926.7,9686.7,45533.3,50252.7,,,,,,,,SKQ201610S,,
J2-907,ASNAP,2016/07/12 19:45:57,45.81684964,-129.75424958,21005.317591,-11094.562530,166.96,-9.1,3.0,0.00,2605.19,2605.19,HMR2300,18406.7,9713.3,45000.0,49579.8,,,,,,,,SKQ201610S,,
J2-907,ASNAP,2016/07/12 19:46:12,45.81685086,-129.75424922,21005.345478,-11094.427307,166.89,-9.0,3.1,0.00,2605.19,2605.19,HMR2300,18866.7,9420.0,45560.0,50203.6,,,,,,,,SKQ201610S,,
J2-907,ASNAP,2016/07/12 19:46:27,45.81685221,-129.75424880,21005.378468,-11094.277117,166.86,-9.1,3.1,0.00,2605.19,2605.19,HMR2300,18740.0,9673.3,45646.7,50283.0,,,,,,,,SKQ201610S,,
J2-907,ASNAP,2016/07/12 19:46:42,45.81685365,-129.75424834,21005.413983,-11094.117000,166.97,-9.1,3.0,0.00,2605.19,2605.19,HMR2300,19026.7,9600.0,45580.0,50316.1,,,,,,,,SKQ201610S,,
J2-907,ASNAP,2016/07/12 19:46:57,45.81685515,-129.75424781,21005.455398,-11093.950778,166.94,-9.1,3.1,0.00,2605.19,2605.19,HMR2300,18786.7,9893.3,45360.0,50083.4,,,,,,,,SKQ201610S,,
J2-907,ASNAP,2016/07/12 19:47:12,45.81685672,-129.75424724,21005.499401,-11093.775656,166.95,-9.1,3.1,0.00,2605.19,2605.19,HMR2300,18826.7,9380.0,45646.7,50259.8,,,,,,,,SKQ201610S,,
J2-907,ASNAP,2016/07/12 19:47:27,45.81685823,-129.75424712,21005.508691,-11093.608543,166.28,-9.4,3.1,0.00,2605.19,2605.19,HMR2300,18320.0,10046.7,45426.7,50001.4,,,,,,,,SKQ201610S,,
J2-907,ASNAP,2016/07/12 19:47:42,45.81685795,-129.75424821,21005.423847,-11093.638684,164.24,-9.5,3.3,0.00,2605.23,2605.23,HMR2300,18260.0,9833.3,45066.7,49609.7,,,,,,,,SKQ201610S,,
J2-907,ASNAP,2016/07/12 19:47:57,45.81686347,-129.75424893,21005.368360,-11093.025953,165.90,-8.0,3.3,0.00,2604.70,2604.7,HMR2300,19306.7,9860.0,45340.0,50256.2,,,,,,,,SKQ201610S,,
J2-907,ASNAP,2016/07/12 19:48:12,45.81686401,-129.75425286,21005.063567,-11092.965298,170.71,-10.6,3.2,0.00,2605.40,2605.4,HMR2300,18546.7,8260.0,45793.3,50092.3,,,,,,,,SKQ201610S,,
J2-907,EVT,2016/07/12 19:48:20,45.81686436,-129.75425282,21005.066258,-11092.926569,166.95,-9.2,3.2,0.00,2605.64,2605.64,HMR2300,19093.3,9453.3,45446.7,50192.8,,,,,,,,SKQ201610S,DLG,TXT: grabbing onto JV03A
J2-907,ASNAP,2016/07/12 19:48:27,45.81686529,-129.75425234,21005.103930,-11092.823549,167.96,-8.7,3.5,0.00,2605.60,2605.6,HMR2300,19480.0,9233.3,44740.0,49662.8,,,,,,,,SKQ201610S,,
J2-907,ASNAP,2016/07/12 19:48:42,45.81686738,-129.75425127,21005.186937,-11092.591149,167.72,-9.3,3.5,0.00,2605.58,2605.58,HMR2300,18660.0,8706.7,45220.0,49687.5,,,,,,,,SKQ201610S,,
J2-907,ASNAP,2016/07/12 19:48:57,45.81686947,-129.75425019,21005.270643,-11092.358487,167.86,-9.6,3.3,0.00,2605.58,2605.58,HMR2300,18933.3,8953.3,45493.3,50082.7,,,,,,,,SKQ201610S,,
J2-907,ASNAP,2016/07/12 19:49:12,45.81687148,-129.75424922,21005.345589,-11092.135698,167.75,-9.6,2.7,0.00,2605.59,2605.59,HMR2300,18486.7,9680.0,44746.7,49373.3,,,,,,,,SKQ201610S,,
J2-907,ASNAP,2016/07/12 19:49:27,45.81687359,-129.75424789,21005.448523,-11091.900644,167.64,-9.6,2.9,0.00,2605.59,2605.59,HMR2300,18520.0,9233.3,44966.7,49500.0,,,,,,,,SKQ201610S,,
J2-907,ASNAP,2016/07/12 19:49:42,45.81687571,-129.75424661,21005.548222,-11091.665035,167.69,-9.5,2.9,0.00,2605.59,2605.59,HMR2300,18973.3,9380.0,45493.3,50175.8,,,,,,,,SKQ201610S,,
J2-907,ASNAP,2016/07/12 19:49:57,45.81687786,-129.75424521,21005.656489,-11091.426135,167.67,-9.5,3.0,0.00,2605.59,2605.59,HMR2300,19153.3,9353.3,45473.3,50221.1,,,,,,,,SKQ201610S,,
J2-907,ASNAP,2016/07/12 19:50:12,45.81688004,-129.75424374,21005.770448,-11091.184066,166.92,-9.9,2.8,0.00,2605.58,2605.58,HMR2300,18286.7,9340.0,45453.3,49876.3,,,,,,,,SKQ201610S,,
J2-907,ASNAP,2016/07/12 19:50:27,45.81688212,-129.75424234,21005.879116,-11090.953210,167.20,-9.4,3.1,0.00,2605.58,2605.58,HMR2300,18653.3,9626.7,44880.0,49546.3,,,,,,,,SKQ201610S,,
J2-907,ASNAP,2016/07/12 19:50:42,45.81688420,-129.75424098,21005.984992,-11090.721427,167.19,-9.5,3.2,0.00,2605.58,2605.58,HMR2300,18660.0,9713.3,44913.3,49595.9,,,,,,,,SKQ201610S,,
J2-907,ASNAP,2016/07/12 19:50:57,45.81688617,-129.75423962,21006.090784,-11090.502049,167.17,-9.4,3.2,0.00,2605.58,2605.58,HMR2300,18933.3,9466.7,45413.3,50104.5,,,,,,,,SKQ201610S,,
J2-907,ASNAP,2016/07/12 19:51:12,45.81688813,-129.75423825,21006.196804,-11090.284752,167.18,-9.5,3.2,0.00,2605.58,2605.58,HMR2300,18786.7,9293.3,45493.3,50089.4,,,,,,,,SKQ201610S,,
J2-907,ASNAP,2016/07/12 19:51:27,45.81688966,-129.75423812,21006.206732,-11090.114545,168.55,-9.1,2.5,0.00,2605.53,2605.53,HMR2300,19153.3,9026.7,44986.7,49720.5,,,,,,,,SKQ201610S,,
J2-907,ASNAP,2016/07/12 19:51:42,45.81689118,-129.75423732,21006.269205,-11089.945315,165.83,-9.9,3.1,0.00,2605.50,2605.5,HMR2300,17386.7,9240.0,45140.0,49247.3,,,,,,,,SKQ201610S,,
J2-907,EVT,2016/07/12 19:51:56,45.81689140,-129.75423845,21006.180904,-11089.921780,157.72,-12.0,4.5,0.00,2605.36,2605.36,HMR2300,14273.3,10420.0,45800.0,49091.2,,,,,,,,SKQ201610S,DLG,TXT: plugging in AXVMW1 P1 to LV03A J5 port
J2-907,ASNAP,2016/07/12 19:51:57,45.81689153,-129.75423815,21006.204351,-11089.907220,157.72,-12.0,4.5,0.00,2605.36,2605.36,HMR2300,14146.7,9846.7,45913.3,49042.0,,,,,,,,SKQ201610S,,
J2-907,ASNAP,2016/07/12 19:52:12,45.81689384,-129.75423638,21006.341481,-11089.649790,161.03,-10.9,3.8,0.00,2605.35,2605.35,HMR2300,15946.7,11240.0,45140.0,49175.7,,,,,,,,SKQ201610S,,
J2-907,ASNAP,2016/07/12 19:52:27,45.81689565,-129.75423400,21006.526076,-11089.448601,167.56,-10.0,2.6,0.00,2605.49,2605.49,HMR2300,18040.0,9813.3,45340.0,49774.1,,,,,,,,SKQ201610S,,
J2-907,EVT,2016/07/12 19:52:34,45.81689603,-129.75423357,21006.559680,-11089.406833,167.29,-9.2,2.1,0.00,2605.49,2605.49,HMR2300,19186.7,10040.0,45180.0,50101.5,,,,,,,,SKQ201610S,DLG,TXT: plug latched
J2-907,ASNAP,2016/07/12 19:52:42,45.81689660,-129.75423323,21006.586439,-11089.342773,167.17,-9.5,1.9,0.00,2605.48,2605.48,HMR2300,18673.3,10660.0,44440.0,49368.4,,,,,,,,SKQ201610S,,
J2-907,ASNAP,2016/07/12 19:52:57,45.81689759,-129.75423248,21006.644193,-11089.233718,167.02,-9.1,1.9,0.00,2605.50,2605.5,HMR2300,19266.7,10760.0,44853.3,49988.0,,,,,,,,SKQ201610S,,
J2-907,EVT,2016/07/12 19:53:00,45.81689782,-129.75423234,21006.655616,-11089.207752,167.08,-9.2,2.0,0.00,2605.50,2605.5,HMR2300,19126.7,10646.7,44926.7,49975.9,,,,,,,,SKQ201610S,DLG,Frame_Grab:
J2-907,ASNAP,2016/07/12 19:53:12,45.81689850,-129.75423178,21006.698805,-11089.132535,167.06,-9.3,2.0,0.00,2605.50,2605.5,HMR2300,18920.0,10520.0,44426.7,49420.3,,,,,,,,SKQ201610S,,
J2-907,ASNAP,2016/07/12 19:53:27,45.81689916,-129.75423125,21006.740184,-11089.058977,167.00,-9.2,1.9,0.00,2605.50,2605.5,HMR2300,18760.0,10433.3,44606.7,49503.0,,,,,,,,SKQ201610S,,
J2-907,ASNAP,2016/07/12 19:53:42,45.81689967,-129.75423085,21006.770458,-11089.001633,167.02,-9.2,1.9,0.00,2605.50,2605.5,HMR2300,19353.3,10706.7,44860.0,50016.0,,,,,,,,SKQ201610S,,
J2-907,ASNAP,2016/07/12 19:53:57,45.81689999,-129.75423064,21006.786795,-11088.966329,166.99,-9.2,1.9,0.00,2605.50,2605.5,HMR2300,18806.7,10580.0,44413.3,49377.8,,,,,,,,SKQ201610S,,
J2-907,ASNAP,2016/07/12 19:54:12,45.81690013,-129.75423060,21006.790447,-11088.951164,166.98,-9.2,1.9,0.00,2605.50,2605.5,HMR2300,19066.7,10260.0,45053.3,49986.1,,,,,,,,SKQ201610S,,
J2-907,ASNAP,2016/07/12 19:54:27,45.81690002,-129.75423063,21006.788128,-11088.962611,166.98,-9.1,2.0,0.00,2605.50,2605.5,HMR2300,18900.0,10413.3,44500.0,49456.0,,,,,,,,SKQ201610S,,
J2-907,ASNAP,2016/07/12 19:54:42,45.81690077,-129.75423219,21006.667041,-11088.879305,166.35,-7.1,2.1,0.00,2605.17,2605.17,HMR2300,21033.3,10226.7,44646.7,50401.5,,,,,,,,SKQ201610S,,
J2-907,ASNAP,2016/07/12 19:54:57,45.81690117,-129.75423356,21006.560867,-11088.835715,166.98,-6.8,2.6,0.00,2605.37,2605.37,HMR2300,20906.7,10093.3,44513.3,50203.6,,,,,,,,SKQ201610S,,
J2-907,EVT,2016/07/12 19:55:00,45.81690102,-129.75423332,21006.579565,-11088.852153,167.06,-6.8,2.6,0.00,2605.15,2605.15,HMR2300,21200.0,9880.0,45113.3,50816.0,,,,,,,,SKQ201610S,DLG,TXT: let go of LV03A
J2-907,ASNAP,2016/07/12 19:55:12,45.81690012,-129.75423268,21006.628585,-11088.952304,166.71,-6.6,2.4,0.00,2604.03,2604.03,HMR2300,21273.3,9480.0,45340.0,50972.0,,,,,,,,SKQ201610S,,
J2-907,ASNAP,2016/07/12 19:55:27,45.81690921,-129.75420882,21008.480237,-11087.942249,171.79,-6.7,2.1,0.00,2603.44,2603.44,HMR2300,21740.0,8166.7,45406.7,51000.9,,,,,,,,SKQ201610S,,
J2-907,ASNAP,2016/07/12 19:55:42,45.81692933,-129.75420444,21008.819945,-11085.705035,220.64,-7.3,1.7,0.00,2603.25,2603.25,HMR2300,20780.0,-11326.7,46973.3,52598.4,,,,,,,,SKQ201610S,,
J2-907,EVT,2016/07/12 19:55:52,45.81692505,-129.75420126,21009.066128,-11086.180755,218.42,-7.4,2.2,0.00,2604.13,2604.13,HMR2300,22180.0,-8620.0,46840.0,52538.0,,,,,,,,SKQ201610S,DLG,Frame_Grab:
J2-907,ASNAP,2016/07/12 19:55:57,45.81692201,-129.75419806,21009.314888,-11086.518956,225.32,-7.0,1.9,0.00,2603.61,2603.61,HMR2300,21973.3,-11560.0,46740.0,52925.3,,,,,,,,SKQ201610S,,
J2-907,ASNAP,2016/07/12 19:56:12,45.81690141,-129.75416526,21011.859788,-11088.808377,232.59,-6.4,2.0,0.00,2603.41,2603.41,HMR2300,20360.0,-14266.7,46686.7,52893.4,,,,,,,,SKQ201610S,,
J2-907,ASNAP,2016/07/12 19:56:27,45.81687791,-129.75414461,21013.461403,-11091.420239,248.22,-6.5,1.8,0.00,2603.53,2603.53,HMR2300,18066.7,-16113.3,47020.0,52886.0,,,,,,,,SKQ201610S,,
J2-907,ASNAP,2016/07/12 19:56:42,45.81689851,-129.75413815,21013.962446,-11089.130737,276.20,-6.8,1.8,0.00,2602.86,2602.86,HMR2300,7746.7,-21813.3,46086.7,51573.4,,,,,,,,SKQ201610S,,
J2-907,ASNAP,2016/07/12 19:56:57,45.81687908,-129.75415445,21012.698369,-11091.290830,167.02,-6.4,2.7,0.00,2600.46,2600.46,HMR2300,19540.0,12600.0,45153.3,50787.7,,,,,,,,SKQ201610S,,
J2-907,ASNAP,2016/07/12 19:57:12,45.81688195,-129.75413473,21014.228125,-11090.971525,73.47,-6.0,3.3,0.00,2598.72,2598.72,HMR2300,-9006.7,15133.3,42126.7,45659.5,,,,,,,,SKQ201610S,,
J2-907,ASNAP,2016/07/12 19:57:27,45.81690815,-129.75413423,21014.266807,-11088.059308,22.68,-5.8,2.3,0.00,2600.53,2600.53,HMR2300,-18186.7,-433.3,42133.3,45892.9,,,,,,,,SKQ201610S,,
J2-907,EVT,2016/07/12 19:57:27,45.81690815,-129.75413423,21014.266807,-11088.059308,24.45,-6.3,2.3,0.00,2600.76,2600.76,HMR2300,-18280.0,-340.0,41826.7,45648.0,,,,,,,,SKQ201610S,DLG,TXT: looking for HPIES
J2-907,ASNAP,2016/07/12 19:57:42,45.81694329,-129.75411897,21015.450766,-11084.153559,29.69,-6.5,2.7,0.00,2601.22,2601.22,HMR2300,-18033.3,2053.3,42020.0,45772.2,,,,,,,,SKQ201610S,,
J2-907,ASNAP,2016/07/12 19:57:57,45.81697103,-129.75406765,21019.432412,-11081.069941,56.33,-5.7,2.1,0.00,2600.86,2600.86,HMR2300,-11040.0,13320.0,41920.0,45349.6,,,,,,,,SKQ201610S,,
J2-907,ASNAP,2016/07/12 19:58:12,45.81698543,-129.75405806,21020.176508,-11079.470232,92.05,-6.2,3.9,0.00,2601.38,2601.38,HMR2300,-6760.0,15573.3,42786.7,46031.8,,,,,,,,SKQ201610S,,
J2-907,ASNAP,2016/07/12 19:58:27,45.81699316,-129.75408435,21018.136360,-11078.610323,295.73,-6.3,1.3,0.00,2601.26,2601.26,HMR2300,4013.3,-22340.0,46253.3,51522.4,,,,,,,,SKQ201610S,,
J2-907,ASNAP,2016/07/12 19:58:42,45.81693878,-129.75409700,21017.155510,-11084.655303,218.87,-7.3,2.3,0.00,2600.17,2600.17,HMR2300,22866.7,-9880.0,46640.0,52875.2,,,,,,,,SKQ201610S,,
J2-907,ASNAP,2016/07/12 19:58:57,45.81687325,-129.75412412,21015.050989,-11091.939050,224.01,-6.2,2.5,0.00,2600.15,2600.15,HMR2300,22766.7,-10860.0,46466.7,52871.7,,,,,,,,SKQ201610S,,
J2-907,ASNAP,2016/07/12 19:59:12,45.81681650,-129.75414194,21013.668667,-11098.246258,224.72,-6.8,2.6,0.00,2602.52,2602.52,HMR2300,22000.0,-10726.7,46326.7,52394.9,,,,,,,,SKQ201610S,,
J2-907,EVT,2016/07/12 19:59:16,45.81679835,-129.75415258,21012.843225,-11100.263292,225.01,-7.4,2.3,0.00,2602.65,2602.65,HMR2300,20640.0,-11026.7,46053.3,51657.6,,,,,,,,SKQ201610S,DLG,Frame_Grab:
J2-907,ASNAP,2016/07/12 19:59:27,45.81675119,-129.75417953,21010.752686,-11105.505114,240.30,-6.7,2.0,0.00,2602.15,2602.15,HMR2300,18480.0,-16193.3,46480.0,52574.9,,,,,,,,SKQ201610S,,
J2-907,ASNAP,2016/07/12 19:59:42,45.81669624,-129.75421915,21007.678381,-11111.613652,218.82,-6.8,0.1,0.00,2602.34,2602.34,HMR2300,23180.0,-9100.0,46366.7,52630.7,,,,,,,,SKQ201610S,,
J2-907,ASNAP,2016/07/12 19:59:57,45.81666629,-129.75421321,21008.139331,-11114.941469,217.14,-5.4,1.0,0.00,2603.89,2603.89,HMR2300,24260.0,-8093.3,46480.0,53051.3,,,,,,,,SKQ201610S,,
J2-907,ASNAP,2016/07/12 20:00:12,45.81664273,-129.75421182,21008.247049,-11117.560518,218.58,-6.5,2.4,0.00,2603.66,2603.66,HMR2300,22946.7,-8680.0,46006.7,52139.3,,,,,,,,SKQ201610S,,
J2-907,ASNAP,2016/07/12 20:00:27,45.81664798,-129.75421022,21008.371314,-11116.977261,246.29,-6.6,1.5,0.00,2603.42,2603.42,HMR2300,15013.3,-18986.7,46800.0,52689.0,,,,,,,,SKQ201610S,,
J2-907,ASNAP,2016/07/12 20:00:42,45.81666086,-129.75421125,21008.291170,-11115.545524,278.30,-6.6,2.0,0.00,2603.86,2603.86,HMR2300,6686.7,-21433.3,46106.7,51282.8,,,,,,,,SKQ201610S,,
J2-907,ASNAP,2016/07/12 20:00:57,45.81666058,-129.75420536,21008.748517,-11115.576594,278.04,-6.8,1.9,0.00,2605.29,2605.29,HMR2300,6933.3,-23673.3,44986.7,51305.9,,,,,,,,SKQ201610S,,
J2-907,ASNAP,2016/07/12 20:01:12,45.81664859,-129.75421446,21008.042159,-11116.909518,269.59,-6.4,2.4,0.00,2604.81,2604.81,HMR2300,13366.7,-20813.3,46360.0,52546.3,,,,,,,,SKQ201610S,,
J2-907,ASNAP,2016/07/12 20:01:27,45.81661390,-129.75421892,21007.696290,-11120.765665,228.48,-6.5,2.3,0.00,2604.12,2604.12,HMR2300,21173.3,-11900.0,46393.3,52366.6,,,,,,,,SKQ201610S,,
J2-907,ASNAP,2016/07/12 20:01:42,45.81660200,-129.75419952,21009.201355,-11122.087452,272.73,-6.8,2.1,0.00,2603.39,2603.39,HMR2300,6180.0,-22666.7,45833.3,51504.0,,,,,,,,SKQ201610S,,
J2-907,ASNAP,2016/07/12 20:01:57,45.81660144,-129.75422149,21007.497306,-11122.150564,287.86,-7.2,1.5,0.00,2602.34,2602.34,HMR2300,13.3,-22453.3,44780.0,50093.9,,,,,,,,SKQ201610S,,
J2-907,ASNAP,2016/07/12 20:02:12,45.81661105,-129.75426447,21004.162870,-11121.082080,315.20,-6.1,2.1,0.00,2601.47,2601.47,HMR2300,-6146.7,-21006.7,44406.7,49507.7,,,,,,,,SKQ201610S,,
J2-907,ASNAP,2016/07/12 20:02:27,45.81660996,-129.75429218,21002.012982,-11121.202662,314.49,-5.8,1.8,0.00,2600.45,2600.45,HMR2300,-5713.3,-22713.3,44100.0,49933.4,,,,,,,,SKQ201610S,,
J2-907,ASNAP,2016/07/12 20:02:42,45.81661464,-129.75431450,21000.281219,-11120.682481,314.69,-5.8,1.6,0.00,2601.90,2601.9,HMR2300,-5526.7,-21373.3,44400.0,49585.5,,,,,,,,SKQ201610S,,
J2-907,ASNAP,2016/07/12 20:02:57,45.81663515,-129.75433832,20998.432757,-11118.402673,316.45,-5.8,1.9,0.00,2603.52,2603.52,HMR2300,-6493.3,-20540.0,44086.7,49068.2,,,,,,,,SKQ201610S,,
J2-907,ASNAP,2016/07/12 20:03:12,45.81664747,-129.75436525,20996.344051,-11117.033681,317.80,-6.4,2.1,0.00,2604.41,2604.41,HMR2300,-7293.3,-20713.3,43960.0,49139.8,,,,,,,,SKQ201610S,,
J2-907,ASNAP,2016/07/12 20:03:27,45.81664744,-129.75437528,20995.565533,-11117.037169,316.85,-6.4,2.6,0.00,2605.08,2605.08,HMR2300,-7073.3,-21053.3,43986.7,49275.8,,,,,,,,SKQ201610S,,
J2-907,ASNAP,2016/07/12 20:03:42,45.81665155,-129.75437283,20995.755913,-11116.580326,317.94,-6.2,1.9,0.00,2604.38,2604.38,HMR2300,-6946.7,-20826.7,44220.0,49370.2,,,,,,,,SKQ201610S,,
J2-907,ASNAP,2016/07/12 20:03:57,45.81667383,-129.75438570,20994.757449,-11114.103666,318.96,-6.1,1.8,0.00,2604.01,2604.01,HMR2300,-7866.7,-20380.0,43853.3,48993.3,,,,,,,,SKQ201610S,,
J2-907,ASNAP,2016/07/12 20:04:12,45.81670279,-129.75441513,20992.474301,-11110.884819,317.53,-6.1,2.2,0.00,2604.05,2604.05,HMR2300,-7100.0,-20706.7,44033.3,49174.3,,,,,,,,SKQ201610S,,
J2-907,EVT,2016/07/12 20:04:26,45.81671849,-129.75442983,20991.333973,-11109.139800,318.46,-6.2,2.1,0.00,2603.71,2603.71,HMR2300,-7433.3,-20680.0,44126.7,49295.8,,,,,,,,SKQ201610S,DLG,TXT: looking for HPIESA301 cable end (AXVMW3 P1)
J2-907,ASNAP,2016/07/12 20:04:27,45.81671942,-129.75443083,20991.255806,-11109.036487,318.46,-6.2,2.1,0.00,2603.71,2603.71,HMR2300,-7720.0,-20886.7,43860.0,49188.9,,,,,,,,SKQ201610S,,
J2-907,ASNAP,2016/07/12 20:04:42,45.81673425,-129.75445390,20989.465820,-11107.388874,318.38,-6.0,0.7,0.00,2603.10,2603.1,HMR2300,-6813.3,-20406.7,44446.7,49379.8,,,,,,,,SKQ201610S,,
J2-907,ASNAP,2016/07/12 20:04:57,45.81674749,-129.75448048,20987.403837,-11105.916531,316.57,-5.9,2.6,0.00,2603.24,2603.24,HMR2300,-5813.3,-21840.0,44560.0,49963.7,,,,,,,,SKQ201610S,,
J2-907,ASNAP,2016/07/12 20:05:12,45.81676736,-129.75448694,20986.902686,-11103.707840,347.41,-6.0,2.0,0.00,2602.61,2602.61,HMR2300,-15833.3,-11200.0,42886.7,47068.0,,,,,,,,SKQ201610S,,
J2-907,ASNAP,2016/07/12 20:05:27,45.81675846,-129.75449116,20986.575644,-11104.697854,57.31,-6.6,3.2,0.00,2602.98,2602.98,HMR2300,-14073.3,10580.0,41533.3,45111.1,,,,,,,,SKQ201610S,,
J2-907,EVT,2016/07/12 20:05:40,45.81675118,-129.75446662,20988.479153,-11105.506098,69.53,-6.4,2.8,0.00,2603.06,2603.06,HMR2300,-10946.7,14440.0,41346.7,45143.0,,,,,,,,SKQ201610S,DLG,TXT: found cable
J2-907,ASNAP,2016/07/12 20:05:42,45.81675092,-129.75446096,20988.918474,-11105.535723,69.66,-6.6,2.6,0.00,2602.99,2602.99,HMR2300,-10493.3,14526.7,41746.7,45430.4,,,,,,,,SKQ201610S,,
J2-907,ASNAP,2016/07/12 20:05:57,45.81675238,-129.75441446,20992.526289,-11105.373614,69.08,-6.0,3.2,0.00,2603.54,2603.54,HMR2300,-10446.7,14126.7,42160.0,45674.5,,,,,,,,SKQ201610S,,
J2-907,ASNAP,2016/07/12 20:06:12,45.81675783,-129.75437241,20995.788520,-11104.767647,69.86,-6.3,3.2,0.00,2604.48,2604.48,HMR2300,-10660.0,14093.3,41700.0,45289.6,,,,,,,,SKQ201610S,,
J2-907,EVT,2016/07/12 20:06:20,45.81675909,-129.75435929,20996.806095,-11104.627122,67.49,-6.1,2.6,0.00,2604.44,2604.44,HMR2300,-11133.3,13920.0,41633.3,45288.5,,,,,,,,SKQ201610S,DLG,TXT: found AXVMW3 P1
J2-907,ASNAP,2016/07/12 20:06:27,45.81676286,-129.75435749,20996.945614,-11104.208908,68.18,-6.3,2.7,0.00,2604.46,2604.46,HMR2300,-11060.0,14553.3,41426.7,45280.1,,,,,,,,SKQ201610S,,
J2-907,ASNAP,2016/07/12 20:06:42,45.81676681,-129.75435416,20997.204581,-11103.769528,67.51,-6.1,2.9,0.00,2603.79,2603.79,HMR2300,-11000.0,13846.7,41713.3,45307.1,,,,,,,,SKQ201610S,,
J2-907,ASNAP,2016/07/12 20:06:57,45.81676771,-129.75435199,20997.372491,-11103.669313,65.97,-6.2,2.7,0.00,2604.49,2604.49,HMR2300,-11446.7,13980.0,41673.3,45421.7,,,,,,,,SKQ201610S,,
J2-907,ASNAP,2016/07/12 20:07:12,45.81676753,-129.75434237,20998.118724,-11103.689047,49.76,-6.2,2.8,0.00,2604.63,2604.63,HMR2300,-15293.3,9046.7,41473.3,45119.5,,,,,,,,SKQ201610S,,
J2-907,ASNAP,2016/07/12 20:07:27,45.81676492,-129.75434830,20997.659069,-11103.979031,50.19,-5.4,2.6,0.00,2604.59,2604.59,HMR2300,-14953.3,9153.3,41560.0,45106.8,,,,,,,,SKQ201610S,,
J2-907,ASNAP,2016/07/12 20:07:42,45.81676900,-129.75434824,20997.663408,-11103.526366,51.92,-6.2,2.5,0.00,2604.45,2604.45,HMR2300,-14760.0,10426.7,41286.7,45068.4,,,,,,,,SKQ201610S,,
J2-907,ASNAP,2016/07/12 20:07:57,45.81676930,-129.75434553,20997.873443,-11103.492680,51.62,-6.5,2.7,0.00,2603.92,2603.92,HMR2300,-15166.7,9186.7,41620.0,45239.9,,,,,,,,SKQ201610S,,
J2-907,ASNAP,2016/07/12 20:08:12,45.81677037,-129.75434450,20997.953520,-11103.373409,52.01,-6.3,2.9,0.00,2604.34,2604.34,HMR2300,-14960.0,9573.3,41366.7,45018.3,,,,,,,,SKQ201610S,,
J2-907,ASNAP,2016/07/12 20:08:27,45.81677058,-129.75434718,20997.745775,-11103.350427,52.05,-6.1,2.8,0.00,2603.98,2603.98,HMR2300,-14926.7,9493.3,41573.3,45180.4,,,,,,,,SKQ201610S,,
J2-907,ASNAP,2016/07/12 20:08:42,45.81677119,-129.75434631,20997.813562,-11103.282428,52.01,-6.1,2.7,0.00,2604.03,2604.03,HMR2300,-14686.7,9193.3,41693.3,45150.3,,,,,,,,SKQ201610S,,
J2-907,ASNAP,2016/07/12 20:08:57,45.81677234,-129.75434515,20997.903249,-11103.155134,51.89,-6.2,2.7,0.00,2604.25,2604.25,HMR2300,-14720.0,9513.3,41833.3,45356.5,,,,,,,,SKQ201610S,,
J2-907,ASNAP,2016/07/12 20:09:12,45.81677199,-129.75434662,20997.789268,-11103.193457,52.00,-6.1,2.7,0.00,2603.98,2603.98,HMR2300,-14720.0,9573.3,41560.0,45117.2,,,,,,,,SKQ201610S,,
J2-907,ASNAP,2016/07/12 20:09:27,45.81677213,-129.75434592,20997.843371,-11103.178158,51.95,-6.1,2.8,0.00,2604.15,2604.15,HMR2300,-14886.7,9560.0,41566.7,45175.2,,,,,,,,SKQ201610S,,
J2-907,ASNAP,2016/07/12 20:09:42,45.81677245,-129.75434572,20997.859011,-11103.142056,51.93,-6.1,2.8,0.00,2604.17,2604.17,HMR2300,-14560.0,9200.0,41986.7,45381.9,,,,,,,,SKQ201610S,,
J2-907,ASNAP,2016/07/12 20:09:57,45.81677193,-129.75434628,20997.815606,-11103.200684,52.05,-6.1,2.8,0.00,2604.03,2604.03,HMR2300,-14820.0,9333.3,41846.7,45363.9,,,,,,,,SKQ201610S,,
J2-907,ASNAP,2016/07/12 20:10:12,45.81677187,-129.75434579,20997.853953,-11103.207362,51.95,-6.1,2.8,0.00,2604.15,2604.15,HMR2300,-14813.3,9326.7,41580.0,45114.5,,,,,,,,SKQ201610S,,
J2-907,ASNAP,2016/07/12 20:10:27,45.81677158,-129.75434578,20997.854525,-11103.239033,52.00,-6.1,2.7,0.00,2604.12,2604.12,HMR2300,-14820.0,9613.3,41606.7,45201.4,,,,,,,,SKQ201610S,,
J2-907,ASNAP,2016/07/12 20:10:42,45.81677082,-129.75434618,20997.823675,-11103.323975,52.02,-6.1,2.7,0.00,2604.04,2604.04,HMR2300,-14646.7,9300.0,41800.0,45257.7,,,,,,,,SKQ201610S,,
J2-907,ASNAP,2016/07/12 20:10:57,45.81677042,-129.75434563,20997.865610,-11103.367557,51.98,-6.1,2.7,0.00,2604.15,2604.15,HMR2300,-14933.3,9300.0,41833.3,45382.0,,,,,,,,SKQ201610S,,
J2-907,ASNAP,2016/07/12 20:11:12,45.81676982,-129.75434603,20997.835339,-11103.434501,52.01,-6.2,2.7,0.00,2604.09,2604.09,HMR2300,-14606.7,9466.7,41800.0,45279.3,,,,,,,,SKQ201610S,,
J2-907,ASNAP,2016/07/12 20:11:27,45.81676886,-129.75434629,20997.814844,-11103.541419,52.04,-6.1,2.7,0.00,2604.07,2604.07,HMR2300,-14773.3,9353.3,41886.7,45389.7,,,,,,,,SKQ201610S,,
J2-907,ASNAP,2016/07/12 20:11:42,45.81676835,-129.75434582,20997.851366,-11103.597784,52.03,-6.1,2.8,0.00,2604.15,2604.15,HMR2300,-14826.7,9200.0,41680.0,45185.1,,,,,,,,SKQ201610S,,
J2-907,ASNAP,2016/07/12 20:11:57,45.81676750,-129.75434620,20997.821970,-11103.692306,52.04,-6.2,2.7,0.00,2604.08,2604.08,HMR2300,-14960.0,9426.7,41566.7,45171.4,,,,,,,,SKQ201610S,,
J2-907,ASNAP,2016/07/12 20:12:12,45.81676645,-129.75434656,20997.794185,-11103.809686,52.09,-6.1,2.7,0.00,2604.08,2604.08,HMR2300,-14680.0,9386.7,41713.3,45206.3,,,,,,,,SKQ201610S,,
J2-907,ASNAP,2016/07/12 20:12:27,45.81676575,-129.75434633,20997.811422,-11103.886701,52.00,-6.2,2.7,0.00,2604.13,2604.13,HMR2300,-15040.0,9346.7,41566.7,45181.3,,,,,,,,SKQ201610S,,
J2-907,ASNAP,2016/07/12 20:12:42,45.81676479,-129.75434675,20997.779362,-11103.993920,52.04,-6.2,2.7,0.00,2604.08,2604.08,HMR2300,-14753.3,9626.7,41666.7,45237.6,,,,,,,,SKQ201610S,,
J2-907,ASNAP,2016/07/12 20:12:57,45.81676374,-129.75434681,20997.774097,-11104.110300,52.04,-6.2,2.7,0.00,2604.10,2604.1,HMR2300,-14760.0,9486.7,41893.3,45419.2,,,,,,,,SKQ201610S,,
J2-907,ASNAP,2016/07/12 20:13:12,45.81676291,-129.75434694,20997.764479,-11104.202471,52.00,-6.2,2.7,0.00,2604.12,2604.12,HMR2300,-14780.0,9420.0,41513.3,45061.5,,,,,,,,SKQ201610S,,
J2-907,ASNAP,2016/07/12 20:13:27,45.81676164,-129.75434731,20997.735884,-11104.343815,52.06,-6.2,2.7,0.00,2604.07,2604.07,HMR2300,-14900.0,9400.0,41766.7,45330.2,,,,,,,,SKQ201610S,,
J2-907,ASNAP,2016/07/12 20:13:42,45.81676083,-129.75434728,20997.738320,-11104.433596,51.95,-6.2,2.7,0.00,2604.12,2604.12,HMR2300,-14940.0,9326.7,41620.0,45193.1,,,,,,,,SKQ201610S,,
J2-907,ASNAP,2016/07/12 20:13:57,45.81675975,-129.75434747,20997.722857,-11104.554287,52.03,-6.2,2.7,0.00,2604.11,2604.11,HMR2300,-14866.7,9220.0,41760.0,45276.1,,,,,,,,SKQ201610S,,
J2-907,ASNAP,2016/07/12 20:14:12,45.81675856,-129.75434795,20997.686245,-11104.686824,51.96,-6.2,2.7,0.00,2604.06,2604.06,HMR2300,-14753.3,9580.0,41466.7,45043.6,,,,,,,,SKQ201610S,,
J2-907,ASNAP,2016/07/12 20:14:27,45.81675746,-129.75434782,20997.696351,-11104.808716,52.02,-6.1,2.7,0.00,2604.13,2604.13,HMR2300,-15013.3,9486.7,41506.7,45146.4,,,,,,,,SKQ201610S,,
J2-907,ASNAP,2016/07/12 20:14:42,45.81675649,-129.75434803,20997.679954,-11104.916059,51.97,-6.2,2.7,0.00,2604.11,2604.11,HMR2300,-14806.7,9446.7,41793.3,45333.9,,,,,,,,SKQ201610S,,
J2-907,ASNAP,2016/07/12 20:14:57,45.81675519,-129.75434833,20997.656728,-11105.061304,52.01,-6.2,2.7,0.00,2604.09,2604.09,HMR2300,-14826.7,9233.3,41786.7,45290.3,,,,,,,,SKQ201610S,,
J2-907,ASNAP,2016/07/12 20:15:12,45.81675405,-129.75434835,20997.654733,-11105.187211,51.99,-6.2,2.7,0.00,2604.11,2604.11,HMR2300,-14820.0,9633.3,41706.7,45297.7,,,,,,,,SKQ201610S,,
J2-907,ASNAP,2016/07/12 20:15:27,45.81675280,-129.75434856,20997.638585,-11105.326765,52.01,-6.2,2.7,0.00,2604.10,2604.1,HMR2300,-14973.3,9340.0,41673.3,45256.0,,,,,,,,SKQ201610S,,
J2-907,ASNAP,2016/07/12 20:15:42,45.81675156,-129.75434860,20997.635898,-11105.464839,51.95,-6.2,2.7,0.00,2604.10,2604.1,HMR2300,-14753.3,9520.0,41760.0,45301.1,,,,,,,,SKQ201610S,,
J2-907,EVT,2016/07/12 20:15:55,45.81675039,-129.75434861,20997.634455,-11105.593851,51.96,-6.1,2.7,0.00,2604.10,2604.1,HMR2300,-14860.0,9273.3,41660.0,45192.6,,,,,,,,SKQ201610S,DLG,TXT: number one pin on connector AXVMW1 was pushed in so we are testing from shore - test good!
J2-907,ASNAP,2016/07/12 20:15:57,45.81675023,-129.75434866,20997.631081,-11105.612430,51.96,-6.2,2.7,0.00,2604.10,2604.1,HMR2300,-14713.3,9353.3,41920.0,45401.0,,,,,,,,SKQ201610S,,
J2-907,ASNAP,2016/07/12 20:16:12,45.81674888,-129.75434872,20997.626540,-11105.762755,52.00,-6.2,2.7,0.00,2604.09,2604.09,HMR2300,-14786.7,9626.7,41733.3,45309.9,,,,,,,,SKQ201610S,,
J2-907,ASNAP,2016/07/12 20:16:27,45.81674748,-129.75434869,20997.628489,-11105.918109,51.96,-6.2,2.6,0.00,2604.11,2604.11,HMR2300,-14973.3,9386.7,41653.3,45247.2,,,,,,,,SKQ201610S,,
J2-907,ASNAP,2016/07/12 20:16:42,45.81674605,-129.75434885,20997.616297,-11106.076369,51.94,-6.2,2.7,0.00,2604.09,2604.09,HMR2300,-14893.3,9540.0,41520.0,45130.2,,,,,,,,SKQ201610S,,
J2-907,ASNAP,2016/07/12 20:16:57,45.81674448,-129.75434871,20997.627321,-11106.251196,51.91,-6.2,2.7,0.00,2604.10,2604.1,HMR2300,-14846.7,9280.0,41746.7,45269.5,,,,,,,,SKQ201610S,,
J2-907,ASNAP,2016/07/12 20:17:12,45.81674124,-129.75434787,20997.692453,-11106.611485,50.52,-6.0,2.9,0.00,2604.22,2604.22,HMR2300,-15073.3,9026.7,41673.3,45225.6,,,,,,,,SKQ201610S,,
J2-907,ASNAP,2016/07/12 20:17:27,45.81673838,-129.75433497,20998.693226,-11106.929004,51.79,-6.1,3.1,0.00,2604.76,2604.76,HMR2300,-14480.0,9220.0,41900.0,45280.1,,,,,,,,SKQ201610S,,
J2-907,ASNAP,2016/07/12 20:17:42,45.81673566,-129.75433418,20998.754058,-11107.231704,52.71,-6.2,4.0,0.00,2605.06,2605.06,HMR2300,-14580.0,9313.3,41920.0,45349.8,,,,,,,,SKQ201610S,,
J2-907,ASNAP,2016/07/12 20:17:57,45.81673152,-129.75433344,20998.811688,-11107.691895,51.88,-6.2,2.7,0.00,2604.83,2604.83,HMR2300,-14873.3,9253.3,41680.0,45211.3,,,,,,,,SKQ201610S,,
J2-907,ASNAP,2016/07/12 20:18:12,45.81672933,-129.75433454,20998.726140,-11107.934857,52.17,-6.7,3.1,0.00,2604.94,2604.94,HMR2300,-15780.0,9180.0,41400.0,45246.4,,,,,,,,SKQ201610S,,
J2-907,ASNAP,2016/07/12 20:18:27,45.81672960,-129.75433657,20998.568794,-11107.904918,53.22,-6.9,2.9,0.00,2604.92,2604.92,HMR2300,-15240.0,9700.0,41560.0,45316.5,,,,,,,,SKQ201610S,,
J2-907,ASNAP,2016/07/12 20:18:42,45.81672640,-129.75433829,20998.435702,-11108.260631,52.17,-7.0,2.8,0.00,2604.98,2604.98,HMR2300,-15820.0,8993.3,41600.0,45406.1,,,,,,,,SKQ201610S,,
J2-907,ASNAP,2016/07/12 20:18:57,45.81672310,-129.75433766,20998.483988,-11108.627511,52.29,-7.0,2.9,0.00,2604.98,2604.98,HMR2300,-15680.0,8286.7,41753.3,45363.8,,,,,,,,SKQ201610S,,
J2-907,ASNAP,2016/07/12 20:19:12,45.81672211,-129.75433514,20998.679664,-11108.737933,51.85,-7.3,2.5,0.00,2604.56,2604.56,HMR2300,-16040.0,9300.0,41353.3,45319.6,,,,,,,,SKQ201610S,,
J2-907,ASNAP,2016/07/12 20:19:27,45.81671959,-129.75433370,20998.791797,-11109.017560,51.78,-7.4,2.7,0.00,2604.95,2604.95,HMR2300,-15993.3,9200.0,41173.3,45118.4,,,,,,,,SKQ201610S,,
J2-907,ASNAP,2016/07/12 20:19:42,45.81671612,-129.75433509,20998.683541,-11109.403365,52.01,-7.3,2.8,0.00,2605.02,2605.02,HMR2300,-15833.3,9366.7,41466.7,45364.2,,,,,,,,SKQ201610S,,
J2-907,EVT,2016/07/12 20:19:44,45.81671592,-129.75433410,20998.760299,-11109.425882,52.03,-7.3,2.4,0.00,2605.17,2605.17,HMR2300,-15613.3,9580.0,41620.0,45472.8,,,,,,,,SKQ201610S,DLG,TXT: grabbing onto AXVMW3 P1
J2-907,ASNAP,2016/07/12 20:19:57,45.81671273,-129.75433516,20998.678655,-11109.780614,51.99,-6.9,2.5,0.00,2604.75,2604.75,HMR2300,-15773.3,9466.7,41286.7,45199.6,,,,,,,,SKQ201610S,,
J2-907,ASNAP,2016/07/12 20:20:12,45.81671046,-129.75433278,20998.863147,-11110.032400,52.07,-7.4,1.9,0.00,2605.17,2605.17,HMR2300,-16240.0,9740.0,41313.3,45446.6,,,,,,,,SKQ201610S,,
J2-907,EVT,2016/07/12 20:20:20,45.81670813,-129.75433449,20998.730311,-11110.291964,51.97,-8.1,1.8,0.00,2604.89,2604.89,HMR2300,-16486.7,9873.3,40820.0,45117.2,,,,,,,,SKQ201610S,DLG,TXT: picking up AXVMW3 P1
J2-907,ASNAP,2016/07/12 20:20:27,45.81670780,-129.75433450,20998.729570,-11110.327922,50.78,-8.1,2.8,0.00,2604.93,2604.93,HMR2300,-16360.0,8920.0,41073.3,45102.5,,,,,,,,SKQ201610S,,
J2-907,ASNAP,2016/07/12 20:20:42,45.81670539,-129.75433482,20998.704572,-11110.595532,49.99,-7.3,3.3,0.00,2605.01,2605.01,HMR2300,-16360.0,8313.3,41433.3,45315.4,,,,,,,,SKQ201610S,,
J2-907,ASNAP,2016/07/12 20:20:57,45.81671491,-129.75432290,20999.629090,-11109.538312,35.08,-7.4,3.0,0.00,2604.69,2604.69,HMR2300,-19113.3,2673.3,41080.0,45387.6,,,,,,,,SKQ201610S,,
J2-907,ASNAP,2016/07/12 20:21:12,45.81674000,-129.75429648,21001.678934,-11106.749261,357.28,-7.1,2.9,0.00,2604.38,2604.38,HMR2300,-17673.3,-11260.0,42286.7,47194.2,,,,,,,,SKQ201610S,,
J2-907,ASNAP,2016/07/12 20:21:27,45.81675275,-129.75429331,21001.925311,-11105.331993,339.31,-7.0,1.8,0.00,2605.06,2605.06,HMR2300,-14466.7,-15986.7,43393.3,48454.5,,,,,,,,SKQ201610S,,
J2-907,ASNAP,2016/07/12 20:21:42,45.81675903,-129.75429452,21001.831473,-11104.634068,332.81,-6.7,2.6,0.00,2605.13,2605.13,HMR2300,-13193.3,-18480.0,43593.3,49152.3,,,,,,,,SKQ201610S,,
J2-907,EVT,2016/07/12 20:21:48,45.81675801,-129.75429654,21001.674373,-11104.747438,330.05,-7.1,2.5,0.00,2605.02,2605.02,HMR2300,-12173.3,-18773.3,43646.7,49047.5,,,,,,,,SKQ201610S,DLG,TXT: Approaching LJ03A-2016
J2-907,ASNAP,2016/07/12 20:21:57,45.81676012,-129.75429428,21001.849840,-11104.512886,327.37,-7.4,3.2,0.00,2605.13,2605.13,HMR2300,-11260.0,-19626.7,43906.7,49394.2,,,,,,,,SKQ201610S,,
J2-907,ASNAP,2016/07/12 20:22:12,45.81675503,-129.75429432,21001.846989,-11105.078523,326.92,-8.0,2.7,0.00,2605.04,2605.04,HMR2300,-12086.7,-19726.7,43233.3,49034.2,,,,,,,,SKQ201610S,,
J2-907,ASNAP,2016/07/12 20:22:27,45.81675394,-129.75429455,21001.829169,-11105.200306,326.74,-7.5,2.0,0.00,2605.10,2605.1,HMR2300,-11326.7,-19613.3,43666.7,49191.0,,,,,,,,SKQ201610S,,
J2-907,ASNAP,2016/07/12 20:22:42,45.81675288,-129.75429638,21001.686537,-11105.318036,326.62,-6.4,1.7,0.00,2605.16,2605.16,HMR2300,-10533.3,-19306.7,44486.7,49626.2,,,,,,,,SKQ201610S,,
J2-907,EVT,2016/07/12 20:22:48,45.81675189,-129.75429546,21001.757954,-11105.427401,326.74,-6.4,1.8,0.00,2605.12,2605.12,HMR2300,-10513.3,-18946.7,44380.0,49387.2,,,,,,,,SKQ201610S,DLG,TXT: removed dust cap from port on node
J2-907,ASNAP,2016/07/12 20:22:57,45.81675153,-129.75429582,21001.729987,-11105.467178,326.75,-6.6,1.0,0.00,2605.11,2605.11,HMR2300,-11173.3,-18193.3,44060.0,48960.4,,,,,,,,SKQ201610S,,
J2-907,ASNAP,2016/07/12 20:23:12,45.81675017,-129.75429630,21001.693403,-11105.619078,326.43,-7.8,2.0,0.00,2605.08,2605.08,HMR2300,-11653.3,-18640.0,43766.7,48977.2,,,,,,,,SKQ201610S,,
J2-907,ASNAP,2016/07/12 20:23:27,45.81674989,-129.75429710,21001.631376,-11105.649605,326.60,-7.5,1.7,0.00,2605.12,2605.12,HMR2300,-11446.7,-18966.7,44206.7,49446.8,,,,,,,,SKQ201610S,,
J2-907,ASNAP,2016/07/12 20:23:42,45.81674978,-129.75429787,21001.571408,-11105.661987,326.71,-7.2,1.8,0.00,2605.14,2605.14,HMR2300,-11253.3,-18806.7,44026.7,49180.0,,,,,,,,SKQ201610S,,
J2-907,EVT,2016/07/12 20:23:49,45.81674972,-129.75429800,21001.560980,-11105.669097,326.59,-7.3,1.8,0.00,2605.12,2605.12,HMR2300,-11573.3,-18846.7,43740.0,49013.5,,,,,,,,SKQ201610S,DLG,TXT: removed paddle from AXVMW3 P1
J2-907,ASNAP,2016/07/12 20:23:57,45.81675020,-129.75429805,21001.557643,-11105.615957,326.96,-6.5,1.0,0.00,2605.12,2605.12,HMR2300,-10946.7,-18313.3,44580.0,49422.5,,,,,,,,SKQ201610S,,
J2-907,ASNAP,2016/07/12 20:24:12,45.81675019,-129.75429902,21001.481889,-11105.616122,326.66,-7.0,1.6,0.00,2605.10,2605.1,HMR2300,-11053.3,-18873.3,43940.0,49082.6,,,,,,,,SKQ201610S,,
J2-907,ASNAP,2016/07/12 20:24:27,45.81675167,-129.75429908,21001.477376,-11105.451592,326.74,-7.2,2.8,0.00,2605.15,2605.15,HMR2300,-11653.3,-19906.7,43500.0,49237.4,,,,,,,,SKQ201610S,,
J2-907,ASNAP,2016/07/12 20:24:42,45.81675692,-129.75429338,21001.919706,-11104.868490,326.14,-8.2,3.0,0.00,2605.09,2605.09,HMR2300,-12400.0,-20106.7,43406.7,49418.4,,,,,,,,SKQ201610S,,
J2-907,ASNAP,2016/07/12 20:24:57,45.81675880,-129.75429321,21001.932851,-11104.659455,327.00,-8.4,2.9,0.00,2605.17,2605.17,HMR2300,-12813.3,-19740.0,43180.0,49176.8,,,,,,,,SKQ201610S,,
J2-907,ASNAP,2016/07/12 20:25:12,45.81676363,-129.75428895,21002.262940,-11104.122908,332.65,-8.1,2.9,0.00,2605.29,2605.29,HMR2300,-13266.7,-19453.3,43020.0,49042.4,,,,,,,,SKQ201610S,,
J2-907,ASNAP,2016/07/12 20:25:27,45.81676698,-129.75428875,21002.279190,-11103.749937,326.80,-7.6,3.0,0.00,2605.23,2605.23,HMR2300,-12660.0,-20033.3,43266.7,49331.7,,,,,,,,SKQ201610S,,
J2-907,ASNAP,2016/07/12 20:25:42,45.81676947,-129.75428931,21002.235614,-11103.473290,327.23,-8.0,2.9,0.00,2605.21,2605.21,HMR2300,-12786.7,-19600.0,43446.7,49348.5,,,,,,,,SKQ201610S,,
J2-907,ASNAP,2016/07/12 20:25:57,45.81677200,-129.75429000,21002.181833,-11103.191933,328.05,-8.7,3.3,0.00,2605.16,2605.16,HMR2300,-13226.7,-19873.3,43480.0,49602.5,,,,,,,,SKQ201610S,,
J2-907,ASNAP,2016/07/12 20:26:12,45.81677496,-129.75429060,21002.135310,-11102.863352,328.64,-8.2,3.4,0.00,2605.16,2605.16,HMR2300,-12900.0,-19720.0,43540.0,49507.8,,,,,,,,SKQ201610S,,
J2-907,ASNAP,2016/07/12 20:26:27,45.81677817,-129.75429081,21002.119272,-11102.506119,328.83,-8.4,3.3,0.00,2605.16,2605.16,HMR2300,-13186.7,-19653.3,43486.7,49509.9,,,,,,,,SKQ201610S,,
J2-907,ASNAP,2016/07/12 20:26:42,45.81678157,-129.75429086,21002.114880,-11102.128995,328.84,-8.4,3.3,0.00,2605.16,2605.16,HMR2300,-13313.3,-19466.7,43280.0,49288.5,,,,,,,,SKQ201610S,,
J2-907,ASNAP,2016/07/12 20:26:57,45.81678510,-129.75429079,21002.120200,-11101.736816,328.48,-8.8,3.8,0.00,2605.12,2605.12,HMR2300,-13493.3,-20060.0,42893.3,49237.3,,,,,,,,SKQ201610S,,
J2-907,ASNAP,2016/07/12 20:27:12,45.81678866,-129.75429069,21002.128610,-11101.341017,328.62,-8.7,3.9,0.00,2605.12,2605.12,HMR2300,-13626.7,-20033.3,42933.3,49298.0,,,,,,,,SKQ201610S,,
J2-907,EVT,2016/07/12 20:27:25,45.81679180,-129.75429038,21002.152605,-11100.992064,328.10,-9.1,4.2,0.00,2605.10,2605.1,HMR2300,-14086.7,-20853.3,42673.3,49541.0,,,,,,,,SKQ201610S,DLG,TXT: plugging in AXVMW3 P1 to LJ03A J5 port
J2-907,ASNAP,2016/07/12 20:27:27,45.81679236,-129.75429010,21002.173881,-11100.929861,327.87,-9.3,4.0,0.00,2605.10,2605.1,HMR2300,-13973.3,-20286.7,42653.3,49255.6,,,,,,,,SKQ201610S,,
J2-907,ASNAP,2016/07/12 20:27:42,45.81679645,-129.75428917,21002.246626,-11100.474909,325.60,-8.5,3.6,0.00,2605.15,2605.15,HMR2300,-12913.3,-20733.3,42893.3,49360.5,,,,,,,,SKQ201610S,,
J2-907,ASNAP,2016/07/12 20:27:57,45.81680089,-129.75428748,21002.377474,-11099.980904,322.30,-8.5,3.0,0.00,2605.14,2605.14,HMR2300,-12026.7,-20593.3,43140.0,49292.9,,,,,,,,SKQ201610S,,
J2-907,ASNAP,2016/07/12 20:28:12,45.81680314,-129.75428896,21002.262418,-11099.731364,328.71,-8.7,4.0,0.00,2605.10,2605.1,HMR2300,-13893.3,-20380.0,42793.3,49392.7,,,,,,,,SKQ201610S,,
J2-907,ASNAP,2016/07/12 20:28:27,45.81680658,-129.75428829,21002.314792,-11099.349190,328.59,-9.1,4.0,0.00,2605.10,2605.1,HMR2300,-14086.7,-20400.0,42540.0,49236.6,,,,,,,,SKQ201610S,,
J2-907,ASNAP,2016/07/12 20:28:42,45.81681041,-129.75428694,21002.419228,-11098.923534,326.99,-8.8,3.0,0.00,2605.09,2605.09,HMR2300,-13366.7,-19813.3,43140.0,49318.3,,,,,,,,SKQ201610S,,
J2-907,EVT,2016/07/12 20:28:45,45.81681106,-129.75428693,21002.420426,-11098.850690,327.33,-8.1,2.9,0.00,2605.15,2605.15,HMR2300,-12193.3,-19553.3,43860.0,49545.0,,,,,,,,SKQ201610S,DLG,TXT: plug latched
J2-907,ASNAP,2016/07/12 20:28:57,45.81681342,-129.75428635,21002.464957,-11098.588392,327.76,-8.7,3.0,0.00,2605.12,2605.12,HMR2300,-13466.7,-19720.0,43113.3,49284.8,,,,,,,,SKQ201610S,,
J2-907,ASNAP,2016/07/12 20:29:12,45.81681644,-129.75428550,21002.530620,-11098.253378,328.01,-8.4,2.8,0.00,2605.15,2605.15,HMR2300,-13200.0,-19786.7,43493.3,49572.4,,,,,,,,SKQ201610S,,
J2-907,ASNAP,2016/07/12 20:29:27,45.81681953,-129.75428623,21002.474697,-11097.909231,326.67,-7.0,2.7,0.00,2605.15,2605.15,HMR2300,-11660.0,-19566.7,44046.7,49587.5,,,,,,,,SKQ201610S,,
J2-907,EVT,2016/07/12 20:29:40,45.81681321,-129.75428927,21002.238567,-11098.612074,329.09,-6.7,2.8,0.00,2605.01,2605.01,HMR2300,-11706.7,-18286.7,43893.3,48970.1,,,,,,,,SKQ201610S,DLG,TXT: let go of LJ03A
J2-907,ASNAP,2016/07/12 20:29:42,45.81681314,-129.75429325,21001.929810,-11098.620277,327.96,-6.8,2.3,0.00,2605.08,2605.08,HMR2300,-11340.0,-20460.0,43353.3,49261.7,,,,,,,,SKQ201610S,,
J2-907,ASNAP,2016/07/12 20:29:57,45.81681251,-129.75431426,21000.299629,-11098.689842,346.76,-5.9,2.8,0.00,2604.06,2604.06,HMR2300,-16026.7,-13680.0,42613.3,47538.3,,,,,,,,SKQ201610S,,
J2-907,ASNAP,2016/07/12 20:30:12,45.81681504,-129.75432438,20999.514502,-11098.408191,37.28,-6.4,3.0,0.00,2604.17,2604.17,HMR2300,-17400.0,4506.7,41813.3,45512.9,,,,,,,,SKQ201610S,,
J2-907,ASNAP,2016/07/12 20:30:27,45.81682358,-129.75432344,20999.587201,-11097.459037,55.78,-6.7,3.3,0.00,2604.69,2604.69,HMR2300,-14993.3,9480.0,42080.0,45666.1,,,,,,,,SKQ201610S,,
J2-907,ASNAP,2016/07/12 20:30:42,45.81682280,-129.75432327,20999.600801,-11097.545917,55.53,-7.6,2.7,0.00,2604.51,2604.51,HMR2300,-15500.0,10160.0,41506.7,45456.3,,,,,,,,SKQ201610S,,
J2-907,ASNAP,2016/07/12 20:30:57,45.81682443,-129.75432144,20999.742408,-11097.364697,54.76,-8.3,3.6,0.00,2604.67,2604.67,HMR2300,-16633.3,9200.0,41153.3,45331.1,,,,,,,,SKQ201610S,,
J2-907,ASNAP,2016/07/12 20:31:12,45.81682511,-129.75432055,20999.811896,-11097.289132,54.70,-8.7,3.5,0.00,2604.65,2604.65,HMR2300,-16620.0,9500.0,41073.3,45315.5,,,,,,,,SKQ201610S,,
J2-907,ASNAP,2016/07/12 20:31:27,45.81682539,-129.75432060,20999.807632,-11097.258366,55.01,-10.2,4.3,0.00,2604.64,2604.64,HMR2300,-18286.7,8820.0,40320.0,45143.1,,,,,,,,SKQ201610S,,
J2-907,ASNAP,2016/07/12 20:31:42,45.81682492,-129.75431978,20999.871262,-11097.310906,55.12,-14.1,5.5,0.00,2604.62,2604.62,HMR2300,-20426.7,8106.7,39493.3,45196.1,,,,,,,,SKQ201610S,,
J2-907,ASNAP,2016/07/12 20:31:57,45.81682425,-129.75431753,21000.046400,-11097.384788,51.50,-10.4,4.4,0.00,2604.81,2604.81,HMR2300,-19273.3,7446.7,40153.3,45157.6,,,,,,,,SKQ201610S,,
J2-907,ASNAP,2016/07/12 20:32:12,45.81682683,-129.75432016,20999.842238,-11097.097802,65.93,-9.2,4.6,0.00,2604.83,2604.83,HMR2300,-14400.0,11380.0,41373.3,45261.7,,,,,,,,SKQ201610S,,
J2-907,ASNAP,2016/07/12 20:32:27,45.81682375,-129.75431723,21000.069334,-11097.440000,56.82,-9.9,4.3,0.00,2604.80,2604.8,HMR2300,-17360.0,9120.0,40640.0,45123.8,,,,,,,,SKQ201610S,,
J2-907,ASNAP,2016/07/12 20:32:42,45.81682263,-129.75431698,21000.088635,-11097.565279,58.14,-10.2,4.5,0.00,2604.80,2604.8,HMR2300,-17493.3,9540.0,40566.7,45196.0,,,,,,,,SKQ201610S,,
J2-907,ASNAP,2016/07/12 20:32:57,45.81682101,-129.75431620,21000.149006,-11097.745424,58.24,-9.3,4.4,0.00,2604.85,2604.85,HMR2300,-16613.3,9473.3,40960.0,45204.7,,,,,,,,SKQ201610S,,
J2-907,ASNAP,2016/07/12 20:33:12,45.81681892,-129.75431561,21000.194667,-11097.977556,58.40,-9.8,4.3,0.00,2604.83,2604.83,HMR2300,-17133.3,9700.0,40706.7,45218.1,,,,,,,,SKQ201610S,,
J2-907,ASNAP,2016/07/12 20:33:27,45.81681648,-129.75431490,21000.249938,-11098.248332,58.02,-9.7,4.3,0.00,2604.83,2604.83,HMR2300,-16873.3,9320.0,40946.7,45257.1,,,,,,,,SKQ201610S,,
J2-907,ASNAP,2016/07/12 20:33:42,45.81681376,-129.75431438,21000.290441,-11098.550919,57.96,-9.8,4.2,0.00,2604.83,2604.83,HMR2300,-17060.0,9346.7,41093.3,45465.0,,,,,,,,SKQ201610S,,
J2-907,ASNAP,2016/07/12 20:33:57,45.81681072,-129.75431394,21000.324327,-11098.888225,58.21,-9.7,4.3,0.00,2604.83,2604.83,HMR2300,-16766.7,9446.7,41206.7,45479.1,,,,,,,,SKQ201610S,,
J2-907,ASNAP,2016/07/12 20:34:12,45.81680733,-129.75431348,21000.360596,-11099.265548,58.17,-9.5,4.5,0.00,2604.83,2604.83,HMR2300,-16486.7,9226.7,41473.3,45573.9,,,,,,,,SKQ201610S,,
J2-907,ASNAP,2016/07/12 20:34:27,45.81680439,-129.75431395,21000.323799,-11099.592490,61.65,-10.5,4.7,0.00,2604.79,2604.79,HMR2300,-16306.7,9946.7,41300.0,45503.1,,,,,,,,SKQ201610S,,
J2-907,ASNAP,2016/07/12 20:34:42,45.81679914,-129.75431190,21000.482454,-11100.176405,56.28,-9.9,4.4,0.00,2604.83,2604.83,HMR2300,-17366.7,9140.0,41066.7,45515.0,,,,,,,,SKQ201610S,,
J2-907,ASNAP,2016/07/12 20:34:57,45.81679562,-129.75431211,21000.466577,-11100.566771,58.56,-10.0,4.2,0.00,2604.86,2604.86,HMR2300,-16133.3,9473.3,41553.3,45570.9,,,,,,,,SKQ201610S,,
J2-907,EVT,2016/07/12 20:35:05,45.81679327,-129.75431203,21000.472754,-11100.828374,58.91,-9.3,4.1,0.00,2604.86,2604.86,HMR2300,-16613.3,9593.3,41020.0,45284.4,,,,,,,,SKQ201610S,DLG,TXT: released bungee on Hydrophone cable (HYDBBA302) 
J2-907,ASNAP,2016/07/12 20:35:12,45.81679106,-129.75431169,21000.499310,-11101.074376,58.24,-9.3,4.8,0.00,2604.81,2604.81,HMR2300,-16180.0,9493.3,41266.7,45330.5,,,,,,,,SKQ201610S,,
J2-907,ASNAP,2016/07/12 20:35:27,45.81678633,-129.75431136,21000.524896,-11101.599619,58.35,-9.2,4.4,0.00,2604.85,2604.85,HMR2300,-16340.0,9840.0,41240.0,45437.4,,,,,,,,SKQ201610S,,
J2-907,ASNAP,2016/07/12 20:35:42,45.81678117,-129.75431053,21000.589207,-11102.172850,58.00,-8.4,2.9,0.00,2604.93,2604.93,HMR2300,-15553.3,10866.7,41093.3,45262.0,,,,,,,,SKQ201610S,,
J2-907,ASNAP,2016/07/12 20:35:57,45.81677278,-129.75431048,21000.592955,-11103.105928,35.92,-6.7,3.2,0.00,2604.78,2604.78,HMR2300,-18620.0,2813.3,41580.0,45645.5,,,,,,,,SKQ201610S,,
J2-907,ASNAP,2016/07/12 20:36:12,45.81675538,-129.75429442,21001.838678,-11105.039379,32.15,-7.0,3.0,0.00,2604.94,2604.94,HMR2300,-18786.7,2580.0,41573.3,45694.0,,,,,,,,SKQ201610S,,
J2-907,ASNAP,2016/07/12 20:36:27,45.81676084,-129.75427966,21002.983904,-11104.432885,5.71,-6.8,4.1,0.00,2604.82,2604.82,HMR2300,-18493.3,-10406.7,42286.7,47312.4,,,,,,,,SKQ201610S,,
J2-907,EVT,2016/07/12 20:36:29,45.81676116,-129.75427773,21003.133498,-11104.397501,354.77,-6.9,2.1,0.00,2604.71,2604.71,HMR2300,-17673.3,-10960.0,42786.7,47572.8,,,,,,,,SKQ201610S,DLG,TXT: moving to Hydrophone
J2-907,ASNAP,2016/07/12 20:36:42,45.81675941,-129.75427051,21003.693644,-11104.591349,338.09,-7.0,2.3,0.00,2604.48,2604.48,HMR2300,-13853.3,-17093.3,43633.3,48866.8,,,,,,,,SKQ201610S,,
J2-907,ASNAP,2016/07/12 20:36:57,45.81675583,-129.75427204,21003.575383,-11104.989423,327.68,-7.2,2.1,0.00,2604.63,2604.63,HMR2300,-12360.0,-19000.0,43686.7,49216.8,,,,,,,,SKQ201610S,,
J2-907,ASNAP,2016/07/12 20:37:12,45.81674876,-129.75427059,21003.687906,-11105.775149,331.04,-7.4,2.6,0.00,2604.46,2604.46,HMR2300,-12740.0,-18213.3,43600.0,48938.7,,,,,,,,SKQ201610S,,
J2-907,ASNAP,2016/07/12 20:37:27,45.81674390,-129.75427026,21003.713175,-11106.315586,331.31,-7.6,2.0,0.00,2604.56,2604.56,HMR2300,-12680.0,-17793.3,43680.0,48839.8,,,,,,,,SKQ201610S,,
J2-907,ASNAP,2016/07/12 20:37:42,45.81674025,-129.75427207,21003.572823,-11106.721782,331.22,-6.9,2.8,0.00,2604.43,2604.43,HMR2300,-12960.0,-18573.3,43500.0,49042.6,,,,,,,,SKQ201610S,,
J2-907,ASNAP,2016/07/12 20:37:57,45.81673618,-129.75427028,21003.711492,-11107.174285,331.26,-7.5,2.7,0.00,2604.54,2604.54,HMR2300,-13033.3,-18513.3,43346.7,48903.4,,,,,,,,SKQ201610S,,
J2-907,EVT,2016/07/12 20:37:59,45.81673522,-129.75427020,21003.717840,-11107.280951,331.30,-7.8,2.9,0.00,2604.49,2604.49,HMR2300,-13080.0,-18586.7,43540.0,49115.0,,,,,,,,SKQ201610S,DLG,TXT: released bungee on hydrophone
J2-907,ASNAP,2016/07/12 20:38:12,45.81673155,-129.75427094,21003.660856,-11107.688252,331.30,-7.4,2.7,0.00,2604.66,2604.66,HMR2300,-12920.0,-18540.0,43626.7,49131.9,,,,,,,,SKQ201610S,,
J2-907,ASNAP,2016/07/12 20:38:27,45.81672818,-129.75427052,21003.693229,-11108.063506,331.38,-7.2,2.8,0.00,2604.48,2604.48,HMR2300,-12660.0,-18366.7,43586.7,48963.3,,,,,,,,SKQ201610S,,
J2-907,ASNAP,2016/07/12 20:38:42,45.81672692,-129.75427242,21003.545517,-11108.203028,329.12,-6.5,3.3,0.00,2604.61,2604.61,HMR2300,-11980.0,-19766.7,43846.7,49565.8,,,,,,,,SKQ201610S,,
J2-907,ASNAP,2016/07/12 20:38:57,45.81671699,-129.75426639,21004.013925,-11109.306427,331.26,-7.8,1.5,0.00,2604.71,2604.71,HMR2300,-13060.0,-17473.3,43913.3,49033.3,,,,,,,,SKQ201610S,,
J2-907,EVT,2016/07/12 20:39:03,45.81670972,-129.75426389,21004.207732,-11110.114260,356.79,-7.4,0.8,0.00,2604.77,2604.77,HMR2300,-18740.0,-7913.3,42720.0,47316.0,,,,,,,,SKQ201610S,DLG,TXT: removing HYDBBA302 from LJ03A
J2-907,ASNAP,2016/07/12 20:39:12,45.81670283,-129.75427926,21003.014886,-11110.880664,19.14,-7.7,1.7,0.00,2604.36,2604.36,HMR2300,-19860.0,-480.0,41673.3,46166.2,,,,,,,,SKQ201610S,,
J2-907,ASNAP,2016/07/12 20:39:27,45.81669348,-129.75432329,20999.598840,-11111.920283,47.16,-7.7,2.0,0.00,2603.46,2603.46,HMR2300,-16853.3,8933.3,41080.0,45292.4,,,,,,,,SKQ201610S,,
J2-907,EVT,2016/07/12 20:39:40,45.81667706,-129.75436095,20996.677492,-11113.745477,58.12,-8.2,2.4,0.00,2602.38,2602.38,HMR2300,-15146.7,11860.0,40706.7,45023.5,,,,,,,,SKQ201610S,DLG,TXT: pulling cable off of node horns
J2-907,ASNAP,2016/07/12 20:39:42,45.81667395,-129.75436420,20996.425186,-11114.090093,58.71,-8.3,2.1,0.00,2602.25,2602.25,HMR2300,-14680.0,12100.0,40913.3,45120.0,,,,,,,,SKQ201610S,,
J2-907,ASNAP,2016/07/12 20:39:57,45.81665774,-129.75439039,20994.393476,-11115.892577,75.44,-8.1,1.9,0.00,2600.86,2600.86,HMR2300,-10606.7,16426.7,40986.7,45411.9,,,,,,,,SKQ201610S,,
J2-907,ASNAP,2016/07/12 20:40:12,45.81666125,-129.75442202,20991.939652,-11115.502264,80.04,-8.9,2.2,0.00,2600.86,2600.86,HMR2300,-9546.7,17040.0,41006.7,45420.8,,,,,,,,SKQ201610S,,
J2-907,ASNAP,2016/07/12 20:40:27,45.81664556,-129.75446220,20988.822207,-11117.245922,82.07,-8.1,2.0,0.00,2600.26,2600.26,HMR2300,-8306.7,17586.7,41266.7,45620.5,,,,,,,,SKQ201610S,,
J2-907,ASNAP,2016/07/12 20:40:42,45.81662892,-129.75448569,20987.000041,-11119.095861,85.62,-8.0,2.7,0.00,2599.51,2599.51,HMR2300,-6720.0,18173.3,41653.3,45939.4,,,,,,,,SKQ201610S,,
J2-907,ASNAP,2016/07/12 20:40:57,45.81663619,-129.75446559,20988.559166,-11118.287105,83.42,-7.8,2.1,0.00,2602.92,2602.92,HMR2300,-7320.0,17693.3,41900.0,46067.8,,,,,,,,SKQ201610S,,
J2-907,ASNAP,2016/07/12 20:41:12,45.81663511,-129.75446876,20988.313666,-11118.407823,84.15,-9.0,2.3,0.00,2604.65,2604.65,HMR2300,-7860.0,17960.0,41446.7,45849.4,,,,,,,,SKQ201610S,,
J2-907,EVT,2016/07/12 20:41:16,45.81663435,-129.75446792,20988.378663,-11118.492475,84.11,-7.8,1.9,0.00,2604.27,2604.27,HMR2300,-7040.0,18133.3,41473.3,45808.5,,,,,,,,SKQ201610S,DLG,TXT: Deployed HYDBBA302
J2-907,ASNAP,2016/07/12 20:41:27,45.81663256,-129.75447281,20987.999401,-11118.691072,84.43,-7.3,3.6,0.00,2603.96,2603.96,HMR2300,-6313.3,16700.0,42433.3,46036.2,,,,,,,,SKQ201610S,,
J2-907,ASNAP,2016/07/12 20:41:42,45.81663502,-129.75446984,20988.229404,-11118.417520,84.89,-6.8,3.1,0.00,2604.31,2604.31,HMR2300,-6086.7,17333.3,42080.0,45915.3,,,,,,,,SKQ201610S,,
J2-907,ASNAP,2016/07/12 20:41:57,45.81663828,-129.75447068,20988.164015,-11118.055507,84.29,-6.8,3.3,0.00,2604.41,2604.41,HMR2300,-5900.0,16793.3,42666.7,46230.6,,,,,,,,SKQ201610S,,
J2-907,ASNAP,2016/07/12 20:42:12,45.81664102,-129.75447127,20988.118443,-11117.750949,84.29,-6.8,3.3,0.00,2604.05,2604.05,HMR2300,-6180.0,16880.0,42406.7,46059.2,,,,,,,,SKQ201610S,,
J2-907,ASNAP,2016/07/12 20:42:27,45.81664393,-129.75447065,20988.166364,-11117.427535,84.12,-6.8,3.3,0.00,2604.38,2604.38,HMR2300,-6106.7,17093.3,42533.3,46244.5,,,,,,,,SKQ201610S,,
J2-907,ASNAP,2016/07/12 20:42:42,45.81664711,-129.75447175,20988.081000,-11117.074400,84.14,-6.8,3.3,0.00,2604.24,2604.24,HMR2300,-6413.3,16760.0,42360.0,46004.3,,,,,,,,SKQ201610S,,
J2-907,ASNAP,2016/07/12 20:42:57,45.81665544,-129.75446114,20988.904251,-11116.147701,86.91,-6.9,3.2,0.00,2603.98,2603.98,HMR2300,-5213.3,17626.7,42080.0,45919.5,,,,,,,,SKQ201610S,,
J2-907,ASNAP,2016/07/12 20:43:12,45.81668003,-129.75444061,20990.497485,-11113.414677,90.40,-7.1,3.4,0.00,2603.08,2603.08,HMR2300,-4353.3,17446.7,42500.0,46147.5,,,,,,,,SKQ201610S,,
J2-907,ASNAP,2016/07/12 20:43:27,45.81671443,-129.75443042,20991.287820,-11109.591420,89.74,-6.3,3.6,0.00,2602.02,2602.02,HMR2300,-4166.7,17406.7,42793.3,46385.6,,,,,,,,SKQ201610S,,
J2-907,EVT,2016/07/12 20:43:33,45.81672734,-129.75442322,20991.846540,-11108.156711,90.61,-6.7,3.4,0.00,2602.48,2602.48,HMR2300,-3680.0,17466.7,43046.7,46600.9,,,,,,,,SKQ201610S,DLG,TXT: going back to LJ03A-2016 to get CTDPFB301
J2-907,ASNAP,2016/07/12 20:43:42,45.81674415,-129.75440670,20993.127932,-11106.287864,90.01,-6.4,3.6,0.00,2602.89,2602.89,HMR2300,-3800.0,17366.7,42900.0,46437.6,,,,,,,,SKQ201610S,,
J2-907,ASNAP,2016/07/12 20:43:57,45.81676170,-129.75436436,20996.412533,-11104.337311,89.62,-7.2,3.5,0.00,2604.23,2604.23,HMR2300,-3773.3,17693.3,42893.3,46552.4,,,,,,,,SKQ201610S,,
J2-907,ASNAP,2016/07/12 20:44:12,45.81677803,-129.75435073,20997.470182,-11102.522430,102.84,-6.6,3.4,0.00,2603.66,2603.66,HMR2300,800.0,18626.7,43213.3,47063.6,,,,,,,,SKQ201610S,,
J2-907,ASNAP,2016/07/12 20:44:27,45.81678983,-129.75434683,20997.772956,-11101.211020,118.93,-7.2,3.8,0.00,2603.45,2603.45,HMR2300,6746.7,17713.3,44100.0,48000.9,,,,,,,,SKQ201610S,,
J2-907,ASNAP,2016/07/12 20:44:42,45.81679462,-129.75432762,20999.263518,-11100.678038,127.33,-7.0,3.7,0.00,2604.46,2604.46,HMR2300,9486.7,17873.3,44006.7,48435.9,,,,,,,,SKQ201610S,,
J2-907,ASNAP,2016/07/12 20:44:57,45.81679437,-129.75432465,20999.493505,-11100.706097,134.69,-6.9,3.7,0.00,2604.27,2604.27,HMR2300,12700.0,16626.7,44320.0,49010.2,,,,,,,,SKQ201610S,,
J2-907,ASNAP,2016/07/12 20:45:12,45.81679849,-129.75432277,20999.639451,-11100.248177,139.23,-7.2,3.7,0.00,2604.20,2604.2,HMR2300,13553.3,16366.7,44240.0,49078.9,,,,,,,,SKQ201610S,,
J2-907,ASNAP,2016/07/12 20:45:27,45.81680261,-129.75431882,20999.946202,-11099.790231,137.96,-7.2,3.8,0.00,2604.36,2604.36,HMR2300,13060.0,16433.3,44280.0,49003.4,,,,,,,,SKQ201610S,,
J2-907,ASNAP,2016/07/12 20:45:42,45.81680243,-129.75431974,20999.874345,-11099.809794,137.09,-7.0,3.4,0.00,2604.44,2604.44,HMR2300,12420.0,16193.3,44193.3,48677.8,,,,,,,,SKQ201610S,,
J2-907,ASNAP,2016/07/12 20:45:57,45.81680503,-129.75432108,20999.770639,-11099.521086,137.85,-7.6,2.6,0.00,2604.45,2604.45,HMR2300,12633.3,16746.7,44353.3,49063.9,,,,,,,,SKQ201610S,,
J2-907,ASNAP,2016/07/12 20:46:12,45.81680783,-129.75432178,20999.716538,-11099.209483,137.60,-8.1,1.8,0.00,2604.25,2604.25,HMR2300,11646.7,17513.3,43900.0,48678.2,,,,,,,,SKQ201610S,,
J2-907,EVT,2016/07/12 20:46:19,45.81680849,-129.75432067,20999.802529,-11099.136542,135.08,-7.8,2.6,0.00,2604.36,2604.36,HMR2300,11060.0,17680.0,43826.7,48535.4,,,,,,,,SKQ201610S,DLG,TXT: releasing bungee from CTDPFB301
J2-907,ASNAP,2016/07/12 20:46:27,45.81681011,-129.75432204,20999.696000,-11098.956372,136.16,-8.9,2.4,0.00,2604.48,2604.48,HMR2300,11013.3,17646.7,43693.3,48392.2,,,,,,,,SKQ201610S,,
J2-907,ASNAP,2016/07/12 20:46:42,45.81681134,-129.75432393,20999.549589,-11098.819476,137.82,-7.8,1.1,0.00,2604.46,2604.46,HMR2300,12313.3,18026.7,43353.3,48539.6,,,,,,,,SKQ201610S,,
J2-907,ASNAP,2016/07/12 20:46:57,45.81681369,-129.75432410,20999.536450,-11098.558128,137.65,-7.7,1.7,0.00,2604.40,2604.4,HMR2300,12400.0,17720.0,44040.0,49064.0,,,,,,,,SKQ201610S,,
J2-907,ASNAP,2016/07/12 20:47:12,45.81681552,-129.75432503,20999.464191,-11098.355525,137.88,-7.6,1.2,0.00,2603.89,2603.89,HMR2300,12553.3,17886.7,43706.7,48865.0,,,,,,,,SKQ201610S,,
J2-907,ASNAP,2016/07/12 20:47:27,45.81681685,-129.75432498,20999.468055,-11098.207897,137.88,-7.7,1.2,0.00,2604.14,2604.14,HMR2300,12200.0,18120.0,43586.7,48754.2,,,,,,,,SKQ201610S,,
J2-907,ASNAP,2016/07/12 20:47:42,45.81681821,-129.75432615,20999.377452,-11098.056369,137.84,-7.8,1.9,0.00,2604.44,2604.44,HMR2300,12113.3,18286.7,43166.7,48420.0,,,,,,,,SKQ201610S,,
J2-907,ASNAP,2016/07/12 20:47:57,45.81682018,-129.75432614,20999.378281,-11097.837285,137.77,-7.6,1.1,0.00,2604.08,2604.08,HMR2300,12066.7,17913.3,43453.3,48525.1,,,,,,,,SKQ201610S,,
J2-907,ASNAP,2016/07/12 20:48:12,45.81682158,-129.75432680,20999.326836,-11097.681888,137.76,-7.6,1.1,0.00,2604.25,2604.25,HMR2300,12286.7,18133.3,43626.7,48816.7,,,,,,,,SKQ201610S,,
J2-907,ASNAP,2016/07/12 20:48:27,45.81682323,-129.75432754,20999.269099,-11097.498832,137.85,-7.6,1.3,0.00,2604.09,2604.09,HMR2300,12286.7,17946.7,43673.3,48789.4,,,,,,,,SKQ201610S,,
J2-907,EVT,2016/07/12 20:48:41,45.81682413,-129.75432735,20999.284271,-11097.398102,136.34,-7.5,1.0,0.00,2604.71,2604.71,HMR2300,11806.7,18840.0,42960.0,48372.6,,,,,,,,SKQ201610S,DLG,TXT: released lower bungee from CTDPFB301
J2-907,ASNAP,2016/07/12 20:48:42,45.81682417,-129.75432725,20999.291567,-11097.393745,136.34,-7.5,1.0,0.00,2604.71,2604.71,HMR2300,11740.0,18626.7,43213.3,48499.2,,,,,,,,SKQ201610S,,
J2-907,ASNAP,2016/07/12 20:48:57,45.81682599,-129.75432880,20999.171966,-11097.191026,137.63,-7.7,1.2,0.00,2604.44,2604.44,HMR2300,12266.7,18246.7,43326.7,48586.1,,,,,,,,SKQ201610S,,
J2-907,ASNAP,2016/07/12 20:49:12,45.81682725,-129.75432897,20999.158720,-11097.051399,137.88,-7.8,1.3,0.00,2604.54,2604.54,HMR2300,12046.7,18106.7,43373.3,48520.3,,,,,,,,SKQ201610S,,
J2-907,ASNAP,2016/07/12 20:49:27,45.81682836,-129.75433008,20999.072197,-11096.927750,137.76,-7.8,0.8,0.00,2604.60,2604.6,HMR2300,11920.0,18353.3,43186.7,48415.1,,,,,,,,SKQ201610S,,
J2-907,ASNAP,2016/07/12 20:49:42,45.81682959,-129.75432983,20999.092032,-11096.791743,137.72,-8.1,1.0,0.00,2604.60,2604.6,HMR2300,11720.0,17973.3,43693.3,48677.6,,,,,,,,SKQ201610S,,
J2-907,ASNAP,2016/07/12 20:49:57,45.81683053,-129.75433117,20998.987501,-11096.686540,137.59,-8.4,1.2,0.00,2604.91,2604.91,HMR2300,10820.0,17626.7,43533.3,48196.7,,,,,,,,SKQ201610S,,
J2-907,ASNAP,2016/07/12 20:50:12,45.81683098,-129.75433143,20998.967510,-11096.637234,138.92,-9.4,0.8,0.00,2604.92,2604.92,HMR2300,10860.0,17873.3,43293.3,48080.2,,,,,,,,SKQ201610S,,
J2-907,ASNAP,2016/07/12 20:50:27,45.81683366,-129.75433298,20998.847289,-11096.338795,135.91,-9.1,0.7,0.00,2604.89,2604.89,HMR2300,9660.0,18493.3,43446.7,48196.8,,,,,,,,SKQ201610S,,
J2-907,EVT,2016/07/12 20:50:29,45.81683415,-129.75433357,20998.801337,-11096.285032,137.00,-10.9,1.8,0.00,2604.88,2604.88,HMR2300,9960.0,17820.0,43993.3,48499.1,,,,,,,,SKQ201610S,DLG,TXT: picked up CTDPFB301 from LJ03A
J2-907,ASNAP,2016/07/12 20:50:42,45.81683637,-129.75433787,20998.468405,-11096.037479,138.53,-9.0,0.8,0.00,2604.68,2604.68,HMR2300,11453.3,18240.0,43820.0,48826.9,,,,,,,,SKQ201610S,,
J2-907,ASNAP,2016/07/12 20:50:57,45.81684397,-129.75433916,20998.368130,-11095.193468,142.01,-9.4,1.9,0.00,2604.81,2604.81,HMR2300,13240.0,16813.3,44380.0,49270.4,,,,,,,,SKQ201610S,,
J2-907,ASNAP,2016/07/12 20:51:12,45.81685648,-129.75430080,21001.344358,-11093.802916,199.87,-9.6,1.3,0.00,2604.72,2604.72,HMR2300,22120.0,400.0,46646.7,51627.2,,,,,,,,SKQ201610S,,
J2-907,ASNAP,2016/07/12 20:51:27,45.81685451,-129.75428065,21002.907106,-11094.021662,204.37,-9.3,0.6,0.00,2604.82,2604.82,HMR2300,21586.7,-2613.3,46713.3,51526.2,,,,,,,,SKQ201610S,,
J2-907,EVT,2016/07/12 20:51:35,45.81685796,-129.75427252,21003.537643,-11093.638576,211.87,-10.5,1.0,0.00,2604.37,2604.37,HMR2300,20753.3,-3820.0,47166.7,51671.9,,,,,,,,SKQ201610S,DLG,TXT: pulling CTD cable away from node
J2-907,ASNAP,2016/07/12 20:51:42,45.81686445,-129.75426462,21004.150779,-11092.916979,214.61,-9.3,0.6,0.00,2603.80,2603.8,HMR2300,21053.3,-5233.3,47106.7,51862.0,,,,,,,,SKQ201610S,,
J2-907,ASNAP,2016/07/12 20:51:57,45.81688265,-129.75424866,21005.389012,-11090.894367,210.34,-9.6,0.3,0.00,2603.62,2603.62,HMR2300,21520.0,-4446.7,47520.0,52354.9,,,,,,,,SKQ201610S,,
J2-907,ASNAP,2016/07/12 20:52:12,45.81688745,-129.75424678,21005.535237,-11090.360829,208.75,-9.5,0.3,0.00,2604.62,2604.62,HMR2300,21253.3,-4866.7,47466.7,52234.8,,,,,,,,SKQ201610S,,
J2-907,ASNAP,2016/07/12 20:52:27,45.81690048,-129.75429351,21001.909421,-11088.912345,206.79,-10.9,-0.1,0.00,2604.65,2604.65,HMR2300,20213.3,-2460.0,47493.3,51674.4,,,,,,,,SKQ201610S,,
J2-907,ASNAP,2016/07/12 20:52:42,45.81690157,-129.75431341,21000.366036,-11088.790813,208.48,-7.9,-0.2,0.00,2605.33,2605.33,HMR2300,22733.3,-2726.7,47466.7,52700.3,,,,,,,,SKQ201610S,,
J2-907,EVT,2016/07/12 20:52:42,45.81690157,-129.75431341,21000.366036,-11088.790813,208.08,-8.2,-0.1,0.00,2605.37,2605.37,HMR2300,22393.3,-2853.3,47073.3,52206.3,,,,,,,,SKQ201610S,DLG,TXT: deployed CTDPFB301
J2-907,ASNAP,2016/07/12 20:52:57,45.81689941,-129.75431459,21000.274485,-11089.031199,206.64,-6.9,1.8,0.00,2604.98,2604.98,HMR2300,23660.0,-3740.0,46800.0,52574.0,,,,,,,,SKQ201610S,,
J2-907,ASNAP,2016/07/12 20:53:12,45.81689831,-129.75431482,21000.256149,-11089.153091,205.39,-7.0,1.7,0.00,2605.25,2605.25,HMR2300,24046.7,-3486.7,47060.0,52962.7,,,,,,,,SKQ201610S,,
J2-907,ASNAP,2016/07/12 20:53:27,45.81689093,-129.75431163,21000.503864,-11089.973502,205.21,-6.8,2.1,0.00,2604.59,2604.59,HMR2300,24173.3,-2906.7,46526.7,52512.2,,,,,,,,SKQ201610S,,
J2-907,ASNAP,2016/07/12 20:53:42,45.81689156,-129.75431244,21000.440674,-11089.903404,215.68,-7.0,2.5,0.00,2604.95,2604.95,HMR2300,23346.7,-7213.3,47106.7,53067.3,,,,,,,,SKQ201610S,,
J2-907,ASNAP,2016/07/12 20:53:57,45.81689309,-129.75429961,21001.436408,-11089.733742,212.91,-6.6,0.7,0.00,2603.77,2603.77,HMR2300,23100.0,-5293.3,46633.3,52309.6,,,,,,,,SKQ201610S,,
J2-907,ASNAP,2016/07/12 20:54:12,45.81687588,-129.75427406,21003.418255,-11091.646316,208.71,-6.8,1.9,0.00,2601.91,2601.91,HMR2300,23686.7,-4646.7,46560.0,52445.1,,,,,,,,SKQ201610S,,
J2-907,ASNAP,2016/07/12 20:54:27,45.81686036,-129.75426392,21004.205032,-11093.371414,208.53,-6.9,1.3,0.00,2600.44,2600.44,HMR2300,23880.0,-4206.7,46680.0,52602.0,,,,,,,,SKQ201610S,,
J2-907,ASNAP,2016/07/12 20:54:42,45.81685792,-129.75426973,21003.754084,-11093.642367,207.46,-7.0,1.6,0.00,2600.78,2600.78,HMR2300,23460.0,-3960.0,46373.3,52120.4,,,,,,,,SKQ201610S,,
J2-907,EVT,2016/07/12 20:54:55,45.81685604,-129.75427328,21003.478999,-11093.852043,208.64,-6.8,1.6,0.00,2600.44,2600.44,HMR2300,23786.7,-4526.7,46746.7,52645.5,,,,,,,,SKQ201610S,DLG,TXT: waiting for dust to settle to do an imaging fly-by
J2-907,ASNAP,2016/07/12 20:54:57,45.81685670,-129.75427200,21003.578147,-11093.778578,208.48,-6.9,1.9,0.00,2600.44,2600.44,HMR2300,23773.3,-4453.3,46793.3,52674.7,,,,,,,,SKQ201610S,,
J2-907,ASNAP,2016/07/12 20:55:12,45.81687423,-129.75425179,21005.146479,-11091.829299,209.57,-6.9,1.8,0.00,2600.61,2600.61,HMR2300,23606.7,-4933.3,46786.7,52636.5,,,,,,,,SKQ201610S,,
J2-907,ASNAP,2016/07/12 20:55:27,45.81686618,-129.75422421,21007.285687,-11092.724419,221.02,-7.0,2.5,0.00,2600.65,2600.65,HMR2300,22440.0,-8826.7,46940.0,52771.5,,,,,,,,SKQ201610S,,
J2-907,ASNAP,2016/07/12 20:55:42,45.81684466,-129.75421001,21008.387471,-11095.116165,231.19,-7.0,1.7,0.00,2601.75,2601.75,HMR2300,21280.0,-12180.0,47273.3,53253.7,,,,,,,,SKQ201610S,,
J2-907,ASNAP,2016/07/12 20:55:57,45.81683714,-129.75420699,21008.622010,-11095.951725,222.34,-6.9,1.8,0.00,2601.80,2601.8,HMR2300,22393.3,-9280.0,46893.3,52787.9,,,,,,,,SKQ201610S,,
J2-907,ASNAP,2016/07/12 20:56:12,45.81684273,-129.75421069,21008.334514,-11095.330569,224.46,-6.8,1.6,0.00,2602.04,2602.04,HMR2300,21893.3,-10040.0,46633.3,52486.1,,,,,,,,SKQ201610S,,
J2-907,ASNAP,2016/07/12 20:56:27,45.81684706,-129.75420912,21008.456592,-11094.849215,224.05,-6.8,1.6,0.00,2601.64,2601.64,HMR2300,22086.7,-9780.0,47046.7,52885.3,,,,,,,,SKQ201610S,,
J2-907,ASNAP,2016/07/12 20:56:42,45.81685296,-129.75420946,21008.429978,-11094.193564,224.16,-6.8,1.6,0.00,2601.92,2601.92,HMR2300,22026.7,-9940.0,46940.0,52795.3,,,,,,,,SKQ201610S,,
J2-907,ASNAP,2016/07/12 20:56:57,45.81686010,-129.75420748,21008.583841,-11093.400765,224.17,-6.8,1.6,0.00,2601.82,2601.82,HMR2300,21940.0,-9633.3,46853.3,52625.1,,,,,,,,SKQ201610S,,
J2-907,ASNAP,2016/07/12 20:57:12,45.81686788,-129.75420595,21008.702442,-11092.535813,224.30,-6.8,1.7,0.00,2601.71,2601.71,HMR2300,22086.7,-9886.7,47020.0,52881.4,,,,,,,,SKQ201610S,,
J2-907,ASNAP,2016/07/12 20:57:27,45.81687551,-129.75420378,21008.871024,-11091.687882,224.42,-6.9,1.6,0.00,2601.90,2601.9,HMR2300,21873.3,-9933.3,46726.7,52540.4,,,,,,,,SKQ201610S,,
J2-907,EVT,2016/07/12 20:57:30,45.81687699,-129.75420341,21008.899509,-11091.522583,224.30,-6.8,1.6,0.00,2601.88,2601.88,HMR2300,21973.3,-9873.3,46680.0,52529.3,,,,,,,,SKQ201610S,DLG,TXT: HYDBBA302 cable is on top of the HPIESA301 cable
J2-907,ASNAP,2016/07/12 20:57:42,45.81688303,-129.75420157,21009.042539,-11090.852088,224.19,-6.7,2.3,0.00,2601.76,2601.76,HMR2300,22026.7,-10313.3,46873.3,52807.7,,,,,,,,SKQ201610S,,
J2-907,ASNAP,2016/07/12 20:57:57,45.81688942,-129.75420727,21008.600568,-11090.141887,222.65,-7.0,2.1,0.00,2601.86,2601.86,HMR2300,22286.7,-9620.0,46753.3,52679.4,,,,,,,,SKQ201610S,,
J2-907,ASNAP,2016/07/12 20:58:12,45.81690856,-129.75421698,21007.846946,-11088.013977,220.06,-7.1,2.5,0.00,2601.70,2601.7,HMR2300,22600.0,-9100.0,46986.7,52927.5,,,,,,,,SKQ201610S,,
J2-907,ASNAP,2016/07/12 20:58:27,45.81692567,-129.75422163,21007.486384,-11086.112314,217.16,-6.8,2.3,0.00,2601.85,2601.85,HMR2300,23126.7,-7986.7,46806.7,52815.7,,,,,,,,SKQ201610S,,
J2-907,ASNAP,2016/07/12 20:58:42,45.81693254,-129.75422535,21007.197432,-11085.348887,222.85,-6.7,2.7,0.00,2601.80,2601.8,HMR2300,22326.7,-10173.3,46846.7,52882.8,,,,,,,,SKQ201610S,,
J2-907,ASNAP,2016/07/12 20:58:57,45.81691920,-129.75421879,21007.706132,-11086.831216,225.17,-6.7,2.4,0.00,2601.77,2601.77,HMR2300,21980.0,-11080.0,47013.3,53067.3,,,,,,,,SKQ201610S,,
J2-907,ASNAP,2016/07/12 20:59:12,45.81692060,-129.75421402,21008.076238,-11086.676086,221.48,-6.9,2.6,0.00,2601.78,2601.78,HMR2300,22500.0,-8946.7,46786.7,52681.0,,,,,,,,SKQ201610S,,
J2-907,ASNAP,2016/07/12 20:59:27,45.81692144,-129.75420862,21008.495543,-11086.582588,224.92,-6.8,2.3,0.00,2601.92,2601.92,HMR2300,21866.7,-10573.3,46606.7,52555.9,,,,,,,,SKQ201610S,,
J2-907,ASNAP,2016/07/12 20:59:42,45.81691624,-129.75420953,21008.425204,-11087.160669,225.57,-6.8,2.3,0.00,2601.75,2601.75,HMR2300,22093.3,-10326.7,46926.7,52885.4,,,,,,,,SKQ201610S,,
J2-907,ASNAP,2016/07/12 20:59:57,45.81691440,-129.75421191,21008.240035,-11087.365294,228.07,-6.6,1.7,0.00,2601.96,2601.96,HMR2300,21560.0,-11573.3,46893.3,52893.9,,,,,,,,SKQ201610S,,
J2-907,ASNAP,2016/07/12 21:00:12,45.81691867,-129.75421973,21007.633210,-11086.890771,224.77,-6.8,2.0,0.00,2601.55,2601.55,HMR2300,21480.0,-10913.3,46873.3,52702.9,,,,,,,,SKQ201610S,,
J2-907,ASNAP,2016/07/12 21:00:27,45.81693554,-129.75422337,21007.351510,-11085.014642,237.34,-6.8,2.1,0.00,2601.63,2601.63,HMR2300,19440.0,-13980.0,46880.0,52641.1,,,,,,,,SKQ201610S,,
J2-907,ASNAP,2016/07/12 21:00:42,45.81695140,-129.75423673,21006.314956,-11083.252511,235.86,-6.7,2.1,0.00,2601.54,2601.54,HMR2300,19626.7,-13993.3,46966.7,52791.0,,,,,,,,SKQ201610S,,
J2-907,ASNAP,2016/07/12 21:00:57,45.81697096,-129.75425755,21004.699607,-11081.078734,219.97,-6.8,2.0,0.00,2601.58,2601.58,HMR2300,23026.7,-8013.3,46926.7,52882.4,,,,,,,,SKQ201610S,,
J2-907,ASNAP,2016/07/12 21:01:12,45.81697960,-129.75428873,21002.280427,-11080.117570,186.96,-7.0,2.4,0.00,2601.62,2601.62,HMR2300,23506.7,3740.0,46226.7,51994.8,,,,,,,,SKQ201610S,,
J2-907,ASNAP,2016/07/12 21:01:27,45.81696745,-129.75433166,20998.949580,-11081.468539,164.42,-6.9,2.6,0.00,2601.57,2601.57,HMR2300,20253.3,11120.0,45373.3,50917.5,,,,,,,,SKQ201610S,,
J2-907,ASNAP,2016/07/12 21:01:42,45.81693834,-129.75437069,20995.921974,-11084.703582,147.10,-7.0,2.5,0.00,2601.59,2601.59,HMR2300,15866.7,15440.0,44860.0,50025.6,,,,,,,,SKQ201610S,,
J2-907,ASNAP,2016/07/12 21:01:57,45.81689999,-129.75440399,20993.338093,-11088.967037,131.72,-6.8,2.4,0.00,2601.51,2601.51,HMR2300,10993.3,18320.0,43946.7,48865.0,,,,,,,,SKQ201610S,,
J2-907,ASNAP,2016/07/12 21:02:12,45.81685819,-129.75444041,20990.512670,-11093.612674,132.96,-6.8,2.3,0.00,2601.59,2601.59,HMR2300,11586.7,18420.0,43853.3,48955.7,,,,,,,,SKQ201610S,,
J2-907,ASNAP,2016/07/12 21:02:27,45.81681839,-129.75448118,20987.350149,-11098.036375,133.73,-6.7,2.4,0.00,2601.56,2601.56,HMR2300,11753.3,17960.0,44060.0,49010.1,,,,,,,,SKQ201610S,,
J2-907,ASNAP,2016/07/12 21:02:42,45.81677237,-129.75450531,20985.477373,-11103.151102,124.38,-6.8,2.5,0.00,2601.63,2601.63,HMR2300,8300.0,19173.3,43586.7,48335.3,,,,,,,,SKQ201610S,,
J2-907,ASNAP,2016/07/12 21:02:57,45.81674006,-129.75453502,20983.173086,-11106.742544,89.12,-6.5,2.4,0.00,2601.67,2601.67,HMR2300,-4560.0,18113.3,42386.7,46319.7,,,,,,,,SKQ201610S,,
J2-907,ASNAP,2016/07/12 21:03:12,45.81670247,-129.75453562,20983.125862,-11110.920329,65.30,-6.5,1.9,0.00,2601.38,2601.38,HMR2300,-12466.7,12306.7,42193.3,45685.3,,,,,,,,SKQ201610S,,
J2-907,ASNAP,2016/07/12 21:03:27,45.81667117,-129.75451409,20984.796403,-11114.399244,11.72,-6.2,2.6,0.00,2600.99,2600.99,HMR2300,-18013.3,-5293.3,42253.3,46236.8,,,,,,,,SKQ201610S,,
J2-907,ASNAP,2016/07/12 21:03:42,45.81664783,-129.75447563,20987.780236,-11116.993277,5.15,-6.6,2.5,0.00,2602.21,2602.21,HMR2300,-17980.0,-7046.7,42440.0,46627.1,,,,,,,,SKQ201610S,,
J2-907,ASNAP,2016/07/12 21:03:57,45.81663889,-129.75442882,20991.412150,-11117.987087,9.02,-6.5,2.1,0.00,2601.36,2601.36,HMR2300,-17973.3,-5766.7,42193.3,46223.1,,,,,,,,SKQ201610S,,
J2-907,ASNAP,2016/07/12 21:04:12,45.81666440,-129.75439493,20994.041579,-11115.151920,352.81,-6.5,2.6,0.00,2601.82,2601.82,HMR2300,-16400.0,-11653.3,42520.0,47039.5,,,,,,,,SKQ201610S,,
J2-907,ASNAP,2016/07/12 21:04:27,45.81667501,-129.75435349,20997.256184,-11113.972587,354.39,-5.9,2.4,0.00,2601.70,2601.7,HMR2300,-16480.0,-11060.0,42940.0,47304.9,,,,,,,,SKQ201610S,,
J2-907,ASNAP,2016/07/12 21:04:42,45.81669430,-129.75431314,21000.386464,-11111.828619,352.26,-6.2,2.5,0.00,2601.72,2601.72,HMR2300,-16000.0,-11646.7,42806.7,47159.9,,,,,,,,SKQ201610S,,
J2-907,ASNAP,2016/07/12 21:04:57,45.81671092,-129.75426911,21003.802385,-11109.980988,355.39,-6.3,2.4,0.00,2601.72,2601.72,HMR2300,-16940.0,-10646.7,42626.7,47088.7,,,,,,,,SKQ201610S,,
J2-907,ASNAP,2016/07/12 21:05:12,45.81674161,-129.75424525,21005.653880,-11106.569925,354.51,-6.3,2.2,0.00,2603.25,2603.25,HMR2300,-16393.3,-11166.7,42773.3,47148.6,,,,,,,,SKQ201610S,,
J2-907,EVT,2016/07/12 21:05:23,45.81674879,-129.75421540,21007.969717,-11105.771889,355.97,-6.0,2.3,0.00,2602.50,2602.5,HMR2300,-16773.3,-10386.7,42980.0,47291.7,,,,,,,,SKQ201610S,DLG,TXT: imaging site
J2-907,ASNAP,2016/07/12 21:05:27,45.81675411,-129.75420486,21008.787563,-11105.181136,353.46,-6.1,2.2,0.00,2602.52,2602.52,HMR2300,-16006.7,-12180.0,43160.0,47616.7,,,,,,,,SKQ201610S,,
J2-907,ASNAP,2016/07/12 21:05:42,45.81678488,-129.75418491,21010.335211,-11101.760448,311.66,-6.2,2.0,0.00,2602.84,2602.84,HMR2300,-5220.0,-21440.0,44946.7,50071.2,,,,,,,,SKQ201610S,,
J2-907,ASNAP,2016/07/12 21:05:57,45.81681253,-129.75416787,21011.657126,-11098.687756,270.48,-6.7,2.2,0.00,2602.65,2602.65,HMR2300,10866.7,-21246.7,46473.3,52242.5,,,,,,,,SKQ201610S,,
J2-907,ASNAP,2016/07/12 21:06:12,45.81684258,-129.75417073,21011.435109,-11095.347006,251.03,-6.6,2.1,0.00,2602.75,2602.75,HMR2300,15846.7,-17893.3,46680.0,52443.4,,,,,,,,SKQ201610S,,
J2-907,EVT,2016/07/12 21:06:18,45.81685395,-129.75417907,21010.787829,-11094.083467,245.71,-6.6,2.1,0.00,2602.69,2602.69,HMR2300,17500.0,-16773.3,47020.0,52900.6,,,,,,,,SKQ201610S,DLG,TXT:
J2-907,ASNAP,2016/07/12 21:06:27,45.81687292,-129.75419121,21009.846477,-11091.974949,244.68,-6.8,1.9,0.00,2602.64,2602.64,HMR2300,18060.0,-15993.3,47000.0,52829.4,,,,,,,,SKQ201610S,,
J2-907,EVT,2016/07/12 21:06:28,45.81687494,-129.75419262,21009.736852,-11091.751253,243.79,-6.6,1.8,0.00,2602.65,2602.65,HMR2300,18000.0,-15753.3,46793.3,52552.7,,,,,,,,SKQ201610S,DLG,TXT:
J2-907,ASNAP,2016/07/12 21:06:42,45.81690107,-129.75421505,21007.996830,-11088.846347,231.24,-6.8,1.8,0.00,2602.68,2602.68,HMR2300,20726.7,-11906.7,46933.3,52669.7,,,,,,,,SKQ201610S,,
J2-907,ASNAP,2016/07/12 21:06:57,45.81692466,-129.75424348,21005.790967,-11086.224306,228.03,-6.8,1.8,0.00,2602.68,2602.68,HMR2300,21280.0,-10946.7,46980.0,52723.7,,,,,,,,SKQ201610S,,
J2-907,ASNAP,2016/07/12 21:07:12,45.81694369,-129.75426489,21004.129988,-11084.108860,229.12,-6.8,1.9,0.00,2602.92,2602.92,HMR2300,21246.7,-11213.3,47093.3,52867.2,,,,,,,,SKQ201610S,,
J2-907,ASNAP,2016/07/12 21:07:27,45.81694293,-129.75426951,21003.771859,-11084.193442,229.08,-6.7,2.3,0.00,2603.16,2603.16,HMR2300,21113.3,-11993.3,46846.7,52765.7,,,,,,,,SKQ201610S,,
J2-907,ASNAP,2016/07/12 21:07:42,45.81694146,-129.75426476,21004.139756,-11084.357098,228.36,-6.8,2.1,0.00,2603.28,2603.28,HMR2300,21406.7,-11700.0,47153.3,53090.2,,,,,,,,SKQ201610S,,
J2-907,ASNAP,2016/07/12 21:07:57,45.81694211,-129.75426475,21004.141021,-11084.285180,228.83,-6.8,2.2,0.00,2603.00,2603,HMR2300,21300.0,-11820.0,47073.3,53002.8,,,,,,,,SKQ201610S,,
J2-907,ASNAP,2016/07/12 21:08:12,45.81694002,-129.75426278,21004.293607,-11084.516679,228.10,-6.9,2.1,0.00,2603.25,2603.25,HMR2300,21166.7,-11346.7,46733.3,52543.1,,,,,,,,SKQ201610S,,
J2-907,ASNAP,2016/07/12 21:08:27,45.81693988,-129.75426191,21004.361099,-11084.532809,228.77,-6.8,2.2,0.00,2603.15,2603.15,HMR2300,21540.0,-11753.3,47166.7,53167.7,,,,,,,,SKQ201610S,,
J2-907,ASNAP,2016/07/12 21:08:42,45.81693854,-129.75426113,21004.421471,-11084.681526,228.44,-6.9,2.1,0.00,2603.12,2603.12,HMR2300,21106.7,-11400.0,46966.7,52738.2,,,,,,,,SKQ201610S,,
J2-907,ASNAP,2016/07/12 21:08:57,45.81693732,-129.75425991,21004.516533,-11084.817758,228.69,-6.7,1.0,0.00,2603.23,2603.23,HMR2300,21640.0,-10980.0,47393.3,53244.5,,,,,,,,SKQ201610S,,
J2-907,ASNAP,2016/07/12 21:09:12,45.81693621,-129.75425964,21004.537396,-11084.940120,228.61,-6.4,0.6,0.00,2603.12,2603.12,HMR2300,21586.7,-10533.3,47106.7,52877.0,,,,,,,,SKQ201610S,,
J2-907,EVT,2016/07/12 21:09:19,45.81693558,-129.75425892,21004.592938,-11085.010322,228.85,-6.4,0.4,0.00,2603.20,2603.2,HMR2300,21560.0,-10513.3,47200.0,52945.3,,,,,,,,SKQ201610S,DLG,TXT: forward niskin has already been triggered (some time during watch)
J2-907,ASNAP,2016/07/12 21:09:27,45.81693450,-129.75425828,21004.642542,-11085.130700,228.57,-6.5,0.3,0.00,2603.20,2603.2,HMR2300,21500.0,-9973.3,46980.0,52619.7,,,,,,,,SKQ201610S,,
J2-907,ASNAP,2016/07/12 21:09:42,45.81693295,-129.75425758,21004.696878,-11085.303135,228.34,-6.8,0.6,0.00,2603.17,2603.17,HMR2300,21413.3,-10306.7,47073.3,52731.9,,,,,,,,SKQ201610S,,
J2-907,ASNAP,2016/07/12 21:09:57,45.81693140,-129.75425682,21004.756242,-11085.475620,228.66,-6.6,0.2,0.00,2603.15,2603.15,HMR2300,21420.0,-10040.0,47080.0,52689.1,,,,,,,,SKQ201610S,,
J2-907,ASNAP,2016/07/12 21:10:12,45.81692963,-129.75425641,21004.787622,-11085.671635,228.66,-6.6,0.1,0.00,2603.20,2603.2,HMR2300,21526.7,-10080.0,47060.0,52722.4,,,,,,,,SKQ201610S,,
J2-907,ASNAP,2016/07/12 21:10:27,45.81692765,-129.75425548,21004.860239,-11085.892551,228.63,-6.6,0.3,0.00,2603.15,2603.15,HMR2300,21593.3,-10220.0,47386.7,53068.0,,,,,,,,SKQ201610S,,
J2-907,EVT,2016/07/12 21:10:31,45.81692695,-129.75425501,21004.896258,-11085.970341,228.23,-7.2,1.1,0.00,2603.18,2603.18,HMR2300,20973.3,-10866.7,47466.7,53019.3,,,,,,,,SKQ201610S,DLG,TXT: triggered aft niskin bottle near CTDPFB301
J2-907,ASNAP,2016/07/12 21:10:42,45.81692568,-129.75425516,21004.885105,-11086.111337,228.57,-6.9,1.2,0.00,2603.18,2603.18,HMR2300,21413.3,-10953.3,47206.7,52980.9,,,,,,,,SKQ201610S,,
J2-907,ASNAP,2016/07/12 21:10:57,45.81692361,-129.75425437,21004.945939,-11086.340650,228.62,-6.8,1.2,0.00,2603.17,2603.17,HMR2300,21193.3,-10913.3,46926.7,52634.3,,,,,,,,SKQ201610S,,
J2-907,ASNAP,2016/07/12 21:11:12,45.81692163,-129.75425414,21004.963898,-11086.561492,228.57,-6.7,1.2,0.00,2603.15,2603.15,HMR2300,21346.7,-10826.7,46900.0,52654.6,,,,,,,,SKQ201610S,,
J2-907,ASNAP,2016/07/12 21:11:27,45.81690313,-129.75426057,21004.465089,-11088.617821,229.75,-6.7,1.3,0.00,2601.87,2601.87,HMR2300,21300.0,-11386.7,47420.0,53216.6,,,,,,,,SKQ201610S,,
J2-907,ASNAP,2016/07/12 21:11:42,45.81685723,-129.75427476,21003.364097,-11093.719059,200.93,-7.6,1.4,0.00,2600.18,2600.18,HMR2300,23113.3,-1226.7,46426.7,51876.5,,,,,,,,SKQ201610S,,
J2-907,EVT,2016/07/12 21:11:57,45.81679417,-129.75427728,21003.169089,-11100.727760,192.08,-7.1,1.4,0.00,2599.11,2599.11,HMR2300,23766.7,2106.7,46633.3,52382.8,,,,,,,,SKQ201610S,DLG,TXT: moving to pick up LJ03A-2015
J2-907,ASNAP,2016/07/12 21:11:57,45.81679417,-129.75427728,21003.169089,-11100.727760,192.08,-7.1,1.4,0.00,2599.11,2599.11,HMR2300,23780.0,2166.7,46633.3,52391.3,,,,,,,,SKQ201610S,,
J2-907,ASNAP,2016/07/12 21:12:12,45.81674748,-129.75427359,21003.454856,-11105.917568,190.76,-6.8,2.1,0.00,2599.26,2599.26,HMR2300,24093.3,1766.7,46213.3,52146.7,,,,,,,,SKQ201610S,,
J2-907,ASNAP,2016/07/12 21:12:27,45.81669706,-129.75426919,21003.796122,-11111.521911,190.66,-6.7,1.5,0.00,2598.80,2598.8,HMR2300,24213.3,2313.3,45800.0,51858.2,,,,,,,,SKQ201610S,,
J2-907,ASNAP,2016/07/12 21:12:42,45.81666783,-129.75426567,21004.069563,-11114.770758,190.80,-6.5,1.9,0.00,2599.09,2599.09,HMR2300,24533.3,1980.0,46233.3,52376.8,,,,,,,,SKQ201610S,,
J2-907,ASNAP,2016/07/12 21:12:57,45.81663656,-129.75425734,21004.715604,-11118.246402,190.56,-6.4,1.9,0.00,2598.92,2598.92,HMR2300,23960.0,1920.0,45966.7,51872.0,,,,,,,,SKQ201610S,,
J2-907,ASNAP,2016/07/12 21:13:12,45.81660626,-129.75426459,21004.153270,-11121.614223,190.05,-6.5,2.0,0.00,2598.96,2598.96,HMR2300,24313.3,2060.0,46006.7,52076.8,,,,,,,,SKQ201610S,,
J2-907,ASNAP,2016/07/12 21:13:27,45.81658335,-129.75427281,21003.515185,-11124.160309,191.63,-6.5,1.6,0.00,2598.93,2598.93,HMR2300,24180.0,2160.0,45753.3,51794.8,,,,,,,,SKQ201610S,,
J2-907,ASNAP,2016/07/12 21:13:42,45.81656481,-129.75427725,21003.170996,-11126.221279,191.41,-6.2,1.7,0.00,2598.92,2598.92,HMR2300,24326.7,2060.0,45680.0,51794.7,,,,,,,,SKQ201610S,,
J2-907,ASNAP,2016/07/12 21:13:57,45.81655044,-129.75427743,21003.156862,-11127.818216,191.47,-6.5,1.7,0.00,2598.96,2598.96,HMR2300,24206.7,1733.3,46000.0,52009.3,,,,,,,,SKQ201610S,,
J2-907,ASNAP,2016/07/12 21:14:12,45.81652263,-129.75428128,21002.858630,-11130.910104,192.35,-6.8,1.6,0.00,2599.01,2599.01,HMR2300,23833.3,1933.3,45900.0,51755.0,,,,,,,,SKQ201610S,,
J2-907,ASNAP,2016/07/12 21:14:27,45.81649803,-129.75429101,21002.103155,-11133.643846,256.41,-6.6,1.8,0.00,2598.92,2598.92,HMR2300,13053.3,-19546.7,45966.7,51627.5,,,,,,,,SKQ201610S,,
J2-907,ASNAP,2016/07/12 21:14:42,45.81646748,-129.75431521,21000.225779,-11137.039578,292.36,-6.6,2.0,0.00,2598.91,2598.91,HMR2300,1766.7,-22386.7,45180.0,50453.1,,,,,,,,SKQ201610S,,
J2-907,ASNAP,2016/07/12 21:14:57,45.81645476,-129.75435361,20997.246719,-11138.453876,290.82,-5.8,0.6,0.00,2599.88,2599.88,HMR2300,2606.7,-21746.7,45540.0,50533.2,,,,,,,,SKQ201610S,,
J2-907,ASNAP,2016/07/12 21:15:12,45.81645721,-129.75437234,20995.793392,-11138.181449,289.22,-6.7,1.7,0.00,2601.38,2601.38,HMR2300,2846.7,-23046.7,45106.7,50733.3,,,,,,,,SKQ201610S,,
J2-907,ASNAP,2016/07/12 21:15:27,45.81646007,-129.75438866,20994.527388,-11137.862676,291.86,-6.1,1.5,0.00,2602.54,2602.54,HMR2300,2066.7,-22213.3,45446.7,50627.1,,,,,,,,SKQ201610S,,
J2-907,ASNAP,2016/07/12 21:15:42,45.81645849,-129.75439945,20993.690805,-11138.039248,291.44,-6.3,1.4,0.00,2602.93,2602.93,HMR2300,2433.3,-21513.3,46073.3,50906.7,,,,,,,,SKQ201610S,,
J2-907,ASNAP,2016/07/12 21:15:57,45.81645581,-129.75439562,20993.987575,-11138.336198,292.06,-6.1,2.4,0.00,2603.24,2603.24,HMR2300,1720.0,-21446.7,46326.7,51079.1,,,,,,,,SKQ201610S,,
J2-907,ASNAP,2016/07/12 21:16:12,45.81645636,-129.75439932,20993.700905,-11138.275345,290.70,-6.3,1.3,0.00,2603.88,2603.88,HMR2300,2560.0,-22613.3,46166.7,51471.1,,,,,,,,SKQ201610S,,
J2-907,ASNAP,2016/07/12 21:16:27,45.81645588,-129.75439533,20994.010463,-11138.329338,287.24,-6.2,1.1,0.00,2603.86,2603.86,HMR2300,3426.7,-21306.7,46426.7,51197.2,,,,,,,,SKQ201610S,,
J2-907,ASNAP,2016/07/12 21:16:42,45.81645577,-129.75439613,20993.948126,-11138.341608,288.60,-6.5,1.7,0.00,2604.19,2604.19,HMR2300,2713.3,-21633.3,46586.7,51436.2,,,,,,,,SKQ201610S,,
J2-907,ASNAP,2016/07/12 21:16:57,45.81645349,-129.75440076,20993.588882,-11138.594123,288.20,-6.0,0.6,0.00,2604.34,2604.34,HMR2300,3646.7,-21960.0,46533.3,51583.8,,,,,,,,SKQ201610S,,
J2-907,ASNAP,2016/07/12 21:17:12,45.81645241,-129.75440486,20993.270636,-11138.714747,288.35,-5.9,1.0,0.00,2604.33,2604.33,HMR2300,3506.7,-21186.7,46460.0,51183.0,,,,,,,,SKQ201610S,,
J2-907,ASNAP,2016/07/12 21:17:27,45.81645069,-129.75440494,20993.264605,-11138.905278,289.50,-4.6,1.2,0.00,2604.50,2604.5,HMR2300,3753.3,-21586.7,46793.3,51669.0,,,,,,,,SKQ201610S,,
J2-907,ASNAP,2016/07/12 21:17:42,45.81645048,-129.75440334,20993.388853,-11138.929347,289.82,-3.4,-0.1,0.00,2604.60,2604.6,HMR2300,5813.3,-21273.3,47206.7,52103.9,,,,,,,,SKQ201610S,,
J2-907,ASNAP,2016/07/12 21:17:57,45.81644649,-129.75440284,20993.427235,-11139.372828,289.67,-4.6,1.2,0.00,2604.59,2604.59,HMR2300,4006.7,-22040.0,46620.0,51722.7,,,,,,,,SKQ201610S,,
J2-907,ASNAP,2016/07/12 21:18:12,45.81644442,-129.75440192,20993.498733,-11139.602427,289.70,-1.2,0.9,0.00,2604.60,2604.6,HMR2300,7720.0,-21760.0,47006.7,52371.0,,,,,,,,SKQ201610S,,
J2-907,ASNAP,2016/07/12 21:18:27,45.81644209,-129.75440085,20993.582302,-11139.861909,289.69,-1.2,1.2,0.00,2604.60,2604.6,HMR2300,7586.7,-21960.0,47000.0,52429.0,,,,,,,,SKQ201610S,,
J2-907,EVT,2016/07/12 21:18:38,45.81644036,-129.75440003,20993.645719,-11140.053581,289.73,-1.2,1.1,0.00,2604.60,2604.6,HMR2300,7466.7,-22040.0,46593.3,52081.2,,,,,,,,SKQ201610S,DLG,TXT: latched onto LJ03A-2015
J2-907,ASNAP,2016/07/12 21:18:42,45.81643975,-129.75439972,20993.669278,-11140.122031,289.70,-1.2,1.2,0.00,2604.60,2604.6,HMR2300,7926.7,-21780.0,47126.7,52517.8,,,,,,,,SKQ201610S,,
J2-907,ASNAP,2016/07/12 21:18:57,45.81643741,-129.75439859,20993.757089,-11140.381910,289.71,-1.2,1.2,0.00,2604.60,2604.6,HMR2300,7520.0,-21940.0,46600.0,52052.6,,,,,,,,SKQ201610S,,
J2-907,ASNAP,2016/07/12 21:19:12,45.81643506,-129.75439747,20993.844234,-11140.642564,289.72,-1.2,1.2,0.00,2604.60,2604.6,HMR2300,7946.7,-21886.7,47193.3,52625.0,,,,,,,,SKQ201610S,,
J2-907,ASNAP,2016/07/12 21:19:27,45.81643275,-129.75439639,20993.928096,-11140.900289,289.72,-1.2,1.2,0.00,2604.60,2604.6,HMR2300,7553.3,-21446.7,46286.7,51570.0,,,,,,,,SKQ201610S,,
J2-907,ASNAP,2016/07/12 21:19:42,45.81643050,-129.75439534,20994.009326,-11141.149923,289.72,-1.2,1.2,0.00,2604.60,2604.6,HMR2300,7420.0,-21373.3,46293.3,51526.2,,,,,,,,SKQ201610S,,
J2-907,ASNAP,2016/07/12 21:19:57,45.81642836,-129.75439431,20994.089320,-11141.387977,289.72,-1.2,1.2,0.00,2604.60,2604.6,HMR2300,7493.3,-21286.7,46206.7,51423.0,,,,,,,,SKQ201610S,,
J2-907,ASNAP,2016/07/12 21:20:12,45.81642630,-129.75439332,20994.166372,-11141.616672,289.75,-1.2,1.2,0.00,2604.60,2604.6,HMR2300,7580.0,-21426.7,46293.3,51571.6,,,,,,,,SKQ201610S,,
J2-907,EVT,2016/07/12 21:20:20,45.81642521,-129.75439281,20994.205394,-11141.737764,289.72,-1.2,1.2,0.00,2604.60,2604.6,HMR2300,7626.7,-21380.0,46233.3,51505.3,,,,,,,,SKQ201610S,DLG,TXT: comming up
J2-907,ASNAP,2016/07/12 21:20:27,45.81642430,-129.75439238,20994.239103,-11141.838582,289.72,-1.2,1.2,0.00,2604.60,2604.6,HMR2300,7506.7,-21293.3,46200.0,51421.7,,,,,,,,SKQ201610S,,
J2-907,ASNAP,2016/07/12 21:20:42,45.81642248,-129.75439147,20994.309426,-11142.041500,289.73,-1.2,1.2,0.00,2604.60,2604.6,HMR2300,7573.3,-21446.7,46286.7,51573.0,,,,,,,,SKQ201610S,,
J2-907,ASNAP,2016/07/12 21:20:57,45.81642078,-129.75439065,20994.373231,-11142.230135,289.74,-1.2,1.2,0.00,2604.60,2604.6,HMR2300,7413.3,-21353.3,46280.0,51505.0,,,,,,,,SKQ201610S,,
J2-907,ASNAP,2016/07/12 21:21:12,45.81641919,-129.75438989,20994.432492,-11142.407396,289.76,-1.2,1.2,0.00,2604.60,2604.6,HMR2300,7473.3,-21286.7,46213.3,51426.1,,,,,,,,SKQ201610S,,
J2-907,ASNAP,2016/07/12 21:21:27,45.81641774,-129.75438917,20994.488181,-11142.568567,289.77,-1.2,1.2,0.00,2604.60,2604.6,HMR2300,7620.0,-21426.7,46286.7,51571.5,,,,,,,,SKQ201610S,,
J2-907,ASNAP,2016/07/12 21:21:42,45.81641643,-129.75438852,20994.538558,-11142.713487,289.77,-1.2,1.2,0.00,2604.61,2604.61,HMR2300,7486.7,-21286.7,46213.3,51428.1,,,,,,,,SKQ201610S,,
J2-907,EVT,2016/07/12 21:21:52,45.81641566,-129.75438812,20994.569540,-11142.798952,289.75,-1.2,1.2,0.00,2604.61,2604.61,HMR2300,7420.0,-21320.0,46273.3,51486.1,,,,,,,,SKQ201610S,DLG,TXT: still on seafloor (not comming up)
J2-907,ASNAP,2016/07/12 21:21:57,45.81641528,-129.75438793,20994.584086,-11142.840997,289.76,-1.2,1.2,0.00,2604.61,2604.61,HMR2300,7606.7,-21406.7,46286.7,51561.2,,,,,,,,SKQ201610S,,
J2-907,ASNAP,2016/07/12 21:22:12,45.81641429,-129.75438742,20994.623569,-11142.951109,289.76,-1.2,1.2,0.00,2604.61,2604.61,HMR2300,7406.7,-21353.3,46286.7,51510.0,,,,,,,,SKQ201610S,,
J2-907,ASNAP,2016/07/12 21:22:27,45.81641342,-129.75438697,20994.659108,-11143.047729,289.76,-1.2,1.2,0.00,2604.61,2604.61,HMR2300,7433.3,-21280.0,46233.3,51435.5,,,,,,,,SKQ201610S,,
J2-907,ASNAP,2016/07/12 21:22:42,45.81641270,-129.75438660,20994.687354,-11143.127892,289.77,-1.2,1.2,0.00,2604.61,2604.61,HMR2300,7426.7,-21373.3,46313.3,51545.1,,,,,,,,SKQ201610S,,
J2-907,EVT,2016/07/12 21:22:46,45.81641253,-129.75438650,20994.695071,-11143.147364,289.77,-1.2,1.2,0.00,2604.62,2604.62,HMR2300,7446.7,-21266.7,46253.3,51449.9,,,,,,,,SKQ201610S,DLG,TXT: moving ship
J2-907,ASNAP,2016/07/12 21:22:57,45.81641210,-129.75438627,20994.713119,-11143.194514,289.77,-1.2,1.2,0.00,2604.62,2604.62,HMR2300,7446.7,-21266.7,46246.7,51443.9,,,,,,,,SKQ201610S,,
J2-907,ASNAP,2016/07/12 21:23:12,45.81641161,-129.75438598,20994.735384,-11143.248948,289.77,-1.2,1.2,0.00,2604.62,2604.62,HMR2300,7626.7,-21346.7,46253.3,51509.4,,,,,,,,SKQ201610S,,
J2-907,ASNAP,2016/07/12 21:23:27,45.81641125,-129.75438576,20994.752819,-11143.289050,289.77,-1.2,1.2,0.00,2604.62,2604.62,HMR2300,7433.3,-21366.7,46320.0,51549.3,,,,,,,,SKQ201610S,,
J2-907,ASNAP,2016/07/12 21:23:42,45.81641094,-129.75438559,20994.765832,-11143.323893,289.80,-1.2,1.2,0.00,2604.62,2604.62,HMR2300,7426.7,-21273.3,46280.0,51473.8,,,,,,,,SKQ201610S,,
J2-907,ASNAP,2016/07/12 21:23:57,45.81641074,-129.75438547,20994.774766,-11143.345821,289.79,-1.2,1.2,0.00,2604.62,2604.62,HMR2300,7446.7,-21333.3,46313.3,51531.4,,,,,,,,SKQ201610S,,
J2-907,ASNAP,2016/07/12 21:24:12,45.81641059,-129.75438540,20994.780319,-11143.362440,289.80,-1.2,1.2,0.00,2604.62,2604.62,HMR2300,7433.3,-21273.3,46293.3,51486.7,,,,,,,,SKQ201610S,,
J2-907,ASNAP,2016/07/12 21:24:27,45.81641051,-129.75438536,20994.783382,-11143.371766,289.80,-1.2,1.2,0.00,2604.62,2604.62,HMR2300,7600.0,-21253.3,46226.7,51442.9,,,,,,,,SKQ201610S,,
J2-907,ASNAP,2016/07/12 21:24:42,45.81641042,-129.75438532,20994.786940,-11143.381247,289.80,-1.2,1.2,0.00,2604.62,2604.62,HMR2300,7506.7,-21393.3,46326.7,51577.0,,,,,,,,SKQ201610S,,
J2-907,ASNAP,2016/07/12 21:24:57,45.81641039,-129.75438524,20994.792937,-11143.384654,289.83,-1.1,1.0,0.00,2604.63,2604.63,HMR2300,7426.7,-21193.3,46340.0,51494.7,,,,,,,,SKQ201610S,,
J2-907,ASNAP,2016/07/12 21:25:12,45.81641036,-129.75438526,20994.791163,-11143.388279,289.83,-1.1,1.1,0.00,2604.63,2604.63,HMR2300,7553.3,-21326.7,46346.7,51574.2,,,,,,,,SKQ201610S,,
J2-907,ASNAP,2016/07/12 21:25:27,45.81641030,-129.75438521,20994.795413,-11143.394900,289.85,-1.1,1.0,0.00,2604.63,2604.63,HMR2300,7453.3,-21220.0,46340.0,51509.6,,,,,,,,SKQ201610S,,
J2-907,ASNAP,2016/07/12 21:25:42,45.81641029,-129.75438519,20994.796949,-11143.396436,289.88,-1.1,0.9,0.00,2604.63,2604.63,HMR2300,7520.0,-21073.3,46280.0,51405.0,,,,,,,,SKQ201610S,,
J2-907,ASNAP,2016/07/12 21:25:57,45.81641012,-129.75438522,20994.794472,-11143.414766,289.98,-1.1,0.2,0.00,2604.64,2604.64,HMR2300,7733.3,-20360.0,46606.7,51444.3,,,,,,,,SKQ201610S,,
J2-907,ASNAP,2016/07/12 21:26:12,45.8165179,-129.7544049,20993.27,-11131.44,301.86,-1.7,-1.4,0.00,2603.34,2603.34,HMR2300,646.7,-18173.3,46600.0,50022.5,,,,,,,,SKQ201610S,,
J2-907,ASNAP,2016/07/12 21:26:27,45.8164735,-129.7543882,20994.56,-11136.37,1.62,-2.4,1.2,0.00,2599.29,2599.29,HMR2300,-13666.7,-5720.0,44266.7,46680.1,,,,,,,,SKQ201610S,,
J2-907,EVT,2016/07/12 21:26:29,45.8164694,-129.7543906,20994.38,-11136.83,8.07,-2.9,2.3,0.00,2599.03,2599.03,HMR2300,-13293.3,-5780.0,44413.3,46719.0,,,,,,,,SKQ201610S,DLG,TXT: off bottom
J2-907,ASNAP,2016/07/12 21:26:42,45.8164543,-129.7544170,20992.33,-11138.50,358.33,-2.0,1.5,0.00,2595.45,2595.45,HMR2300,-12280.0,-8500.0,45086.7,47495.9,,,,,,,,SKQ201610S,,
J2-907,ASNAP,2016/07/12 21:26:57,45.8164223,-129.7544211,20992.01,-11142.06,357.88,-3.4,1.5,0.00,2591.01,2591.01,HMR2300,-13033.3,-8586.7,44953.3,47585.7,,,,,,,,SKQ201610S,,
J2-907,ASNAP,2016/07/12 21:27:12,45.8163916,-129.7544183,20992.23,-11145.47,357.94,-3.7,1.5,0.00,2588.51,2588.51,HMR2300,-13500.0,-8626.7,44746.7,47528.2,,,,,,,,SKQ201610S,,
J2-907,ASNAP,2016/07/12 21:27:27,45.8163650,-129.7544156,20992.44,-11148.43,357.77,-3.4,1.5,0.00,2585.28,2585.28,HMR2300,-13420.0,-8673.3,45126.7,47872.1,,,,,,,,SKQ201610S,,
J2-907,ASNAP,2016/07/12 21:27:42,45.8163486,-129.7544122,20992.70,-11150.25,357.85,-3.8,1.5,0.00,2578.17,2578.17,HMR2300,-13553.3,-8640.0,45093.3,47872.2,,,,,,,,SKQ201610S,,
J2-907,EVT,2016/07/12 21:27:49,45.8163439,-129.7544114,20992.76,-11150.77,358.02,-3.9,1.5,0.00,2574.80,2574.8,HMR2300,-14033.3,-8720.0,45153.3,48081.1,,,,,,,,SKQ201610S,DLG,TXT: Ascending
J2-907,ASNAP,2016/07/12 21:27:57,45.8163434,-129.7544114,20992.76,-11150.83,357.92,-4.0,1.5,0.00,2570.89,2570.89,HMR2300,-13940.0,-8746.7,45240.0,48140.3,,,,,,,,SKQ201610S,,
J2-907,ASNAP,2016/07/12 21:28:12,45.8163430,-129.7544107,20992.82,-11150.88,357.92,-4.2,1.5,0.00,2563.09,2563.09,HMR2300,-14206.7,-8680.0,45233.3,48199.9,,,,,,,,SKQ201610S,,
J2-907,ASNAP,2016/07/12 21:28:27,45.8163429,-129.7544107,20992.82,-11150.89,357.96,-4.4,1.5,0.00,2556.15,2556.15,HMR2300,-14453.3,-8620.0,45040.0,48081.2,,,,,,,,SKQ201610S,,
J2-907,ASNAP,2016/07/12 21:28:42,45.8107880,-129.7606107,20511.81,-11768.31,358.01,-4.3,1.5,0.00,2548.93,2548.93,HMR2300,-14553.3,-8606.7,45173.3,48233.8,,,,,,,,SKQ201610S,,
J2-907,ASNAP,2016/07/12 21:28:57,45.8162588,-129.7543681,20996.12,-11160.23,357.98,-4.6,1.6,0.00,2541.68,2541.68,HMR2300,-14646.7,-8660.0,45040.0,48146.9,,,,,,,,SKQ201610S,,
J2-907,ASNAP,2016/07/12 21:29:12,45.8162988,-129.7544027,20993.44,-11155.79,358.04,-4.8,1.6,0.00,2535.12,2535.12,HMR2300,-14986.7,-8633.3,44920.0,48134.6,,,,,,,,SKQ201610S,,
J2-907,ASNAP,2016/07/12 21:29:27,45.8162789,-129.7543546,20997.17,-11158.00,358.01,-4.8,1.6,0.00,2526.95,2526.95,HMR2300,-15126.7,-8620.0,44986.7,48238.2,,,,,,,,SKQ201610S,,
J2-907,ASNAP,2016/07/12 21:29:42,45.8162789,-129.7543546,20997.17,-11158.00,358.03,-4.8,1.5,0.00,2520.06,2520.06,HMR2300,-15166.7,-8506.7,44893.3,48143.6,,,,,,,,SKQ201610S,,
J2-907,ASNAP,2016/07/12 21:29:57,45.8163067,-129.7543439,20998.00,-11154.91,358.16,-4.6,1.6,0.00,2512.72,2512.72,HMR2300,-14913.3,-8506.7,45093.3,48251.2,,,,,,,,SKQ201610S,,
J2-907,ASNAP,2016/07/12 21:30:12,45.8163756,-129.7544750,20987.83,-11147.25,358.02,-4.8,1.6,0.00,2505.67,2505.67,HMR2300,-15120.0,-8620.0,44940.0,48192.6,,,,,,,,SKQ201610S,,
J2-907,ASNAP,2016/07/12 21:30:27,45.8163007,-129.7542903,21002.16,-11155.58,358.04,-4.8,1.6,0.00,2498.04,2498.04,HMR2300,-15000.0,-8526.7,44853.3,48057.5,,,,,,,,SKQ201610S,,
J2-907,ASNAP,2016/07/12 21:30:42,45.8158884,-129.7543422,20998.13,-11201.40,358.06,-4.6,1.6,0.00,2490.82,2490.82,HMR2300,-15066.7,-8580.0,44993.3,48218.5,,,,,,,,SKQ201610S,,
J2-907,ASNAP,2016/07/12 21:30:57,45.8163418,-129.7543835,20994.93,-11151.01,358.07,-4.8,1.6,0.00,2483.74,2483.74,HMR2300,-15113.3,-8533.3,44780.0,48025.8,,,,,,,,SKQ201610S,,
J2-907,ASNAP,2016/07/12 21:31:12,45.8162710,-129.7546542,20973.93,-11158.88,357.99,-4.5,1.7,0.00,2476.39,2476.39,HMR2300,-15020.0,-8653.3,44966.7,48192.1,,,,,,,,SKQ201610S,,
J2-907,ASNAP,2016/07/12 21:31:27,45.8162919,-129.7544111,20992.79,-11156.55,357.92,-4.9,1.6,0.00,2468.59,2468.59,HMR2300,-15286.7,-8573.3,44853.3,48156.1,,,,,,,,SKQ201610S,,
J2-907,ASNAP,2016/07/12 21:31:42,45.8163297,-129.7543394,20998.35,-11152.35,358.12,-4.7,1.7,0.00,2461.50,2461.5,HMR2300,-15340.0,-8473.3,44646.7,47962.9,,,,,,,,SKQ201610S,,
J2-907,ASNAP,2016/07/12 21:31:57,45.8163154,-129.7543505,20997.49,-11153.94,357.85,-4.4,1.6,0.00,2454.18,2454.18,HMR2300,-15086.7,-8673.3,44866.7,48123.3,,,,,,,,SKQ201610S,,
J2-907,ASNAP,2016/07/12 21:32:12,45.8162437,-129.7542592,21004.57,-11161.91,357.86,-5.1,1.7,0.00,2447.13,2447.13,HMR2300,-15240.0,-8546.7,44700.0,47993.7,,,,,,,,SKQ201610S,,
J2-907,ASNAP,2016/07/12 21:32:27,45.8163322,-129.7544453,20990.13,-11152.08,357.94,-4.6,1.7,0.00,2439.21,2439.21,HMR2300,-15120.0,-8720.0,44826.7,48104.9,,,,,,,,SKQ201610S,,
J2-907,ASNAP,2016/07/12 21:32:42,45.8163422,-129.7543113,21000.53,-11150.96,357.85,-5.1,1.7,0.00,2432.25,2432.25,HMR2300,-15693.3,-8606.7,44606.7,48063.6,,,,,,,,SKQ201610S,,
J2-907,ASNAP,2016/07/12 21:32:57,45.8163256,-129.7544077,20993.05,-11152.81,357.78,-4.9,1.7,0.00,2424.86,2424.86,HMR2300,-15320.0,-8573.3,44666.7,47992.9,,,,,,,,SKQ201610S,,
J2-907,ASNAP,2016/07/12 21:33:12,45.8162969,-129.7544426,20990.34,-11156.00,357.93,-4.9,1.7,0.00,2417.86,2417.86,HMR2300,-15353.3,-8646.7,44600.0,47954.7,,,,,,,,SKQ201610S,,
J2-907,ASNAP,2016/07/12 21:33:27,45.8160886,-129.7542132,21008.14,-11179.15,357.80,-4.7,1.7,0.00,2409.98,2409.98,HMR2300,-15346.7,-8553.3,44686.7,48016.4,,,,,,,,SKQ201610S,,
J2-907,ASNAP,2016/07/12 21:33:42,45.8162355,-129.7543822,20995.03,-11162.82,357.97,-5.1,1.7,0.00,2403.02,2403.02,HMR2300,-15440.0,-8606.7,44540.0,47919.5,,,,,,,,SKQ201610S,,
J2-907,ASNAP,2016/07/12 21:33:57,45.8163022,-129.7544065,20993.14,-11155.41,357.84,-5.2,1.7,0.00,2395.85,2395.85,HMR2300,-15693.3,-8593.3,44506.7,47968.4,,,,,,,,SKQ201610S,,
J2-907,ASNAP,2016/07/12 21:34:12,45.8162949,-129.7543894,20994.47,-11156.22,357.92,-4.9,1.7,0.00,2388.50,2388.5,HMR2300,-15480.0,-8560.0,44606.7,47986.0,,,,,,,,SKQ201610S,,
J2-907,ASNAP,2016/07/12 21:34:27,45.8162910,-129.7543010,21001.33,-11156.66,357.88,-5.0,1.7,0.00,2380.96,2380.96,HMR2300,-15606.7,-8546.7,44420.0,47851.3,,,,,,,,SKQ201610S,,
J2-907,ASNAP,2016/07/12 21:34:42,45.8163356,-129.7543670,20996.21,-11151.70,357.95,-4.9,1.6,0.00,2373.66,2373.66,HMR2300,-15606.7,-8533.3,44533.3,47954.2,,,,,,,,SKQ201610S,,
J2-907,ASNAP,2016/07/12 21:34:57,45.8163578,-129.7544403,20990.52,-11149.23,357.93,-4.9,1.7,0.00,2366.44,2366.44,HMR2300,-15306.7,-8473.3,44540.0,47852.9,,,,,,,,SKQ201610S,,
J2-907,ASNAP,2016/07/12 21:35:12,45.8162789,-129.7543670,20996.21,-11158.00,357.88,-5.4,1.7,0.00,2359.62,2359.62,HMR2300,-15506.7,-8660.0,44493.3,47907.3,,,,,,,,SKQ201610S,,
J2-907,ASNAP,2016/07/12 21:35:27,45.8162955,-129.7544590,20989.07,-11156.16,357.88,-4.6,1.7,0.00,2351.57,2351.57,HMR2300,-15213.3,-8540.0,44713.3,47996.5,,,,,,,,SKQ201610S,,
J2-907,ASNAP,2016/07/12 21:35:42,45.8163002,-129.7542445,21005.71,-11155.63,357.88,-4.9,1.7,0.00,2344.49,2344.49,HMR2300,-15553.3,-8540.0,44446.7,47857.5,,,,,,,,SKQ201610S,,
J2-907,ASNAP,2016/07/12 21:35:57,45.8163143,-129.7544871,20986.89,-11154.06,357.90,-5.0,1.7,0.00,2337.35,2337.35,HMR2300,-15740.0,-8553.3,44446.7,47920.9,,,,,,,,SKQ201610S,,
J2-907,ASNAP,2016/07/12 21:36:12,45.8162728,-129.7544091,20992.94,-11158.68,357.89,-5.1,1.8,0.00,2330.39,2330.39,HMR2300,-15500.0,-8493.3,44493.3,47875.3,,,,,,,,SKQ201610S,,
J2-907,ASNAP,2016/07/12 21:36:27,45.8163244,-129.7543523,20997.35,-11152.94,357.98,-4.6,1.7,0.00,2322.68,2322.68,HMR2300,-15220.0,-8433.3,44506.7,47787.2,,,,,,,,SKQ201610S,,
J2-907,ASNAP,2016/07/12 21:36:42,45.8163233,-129.7544104,20992.84,-11153.07,357.94,-5.0,1.7,0.00,2315.51,2315.51,HMR2300,-15480.0,-8493.3,44526.7,47899.8,,,,,,,,SKQ201610S,,
J2-907,ASNAP,2016/07/12 21:36:57,45.8163470,-129.7544398,20990.56,-11150.43,357.89,-4.6,1.7,0.00,2308.33,2308.33,HMR2300,-15293.3,-8446.7,44640.0,47937.1,,,,,,,,SKQ201610S,,
J2-907,ASNAP,2016/07/12 21:37:12,45.8163242,-129.7544502,20989.75,-11152.96,357.98,-4.8,1.7,0.00,2301.25,2301.25,HMR2300,-15340.0,-8553.3,44546.7,47884.0,,,,,,,,SKQ201610S,,
J2-907,ASNAP,2016/07/12 21:37:27,45.8163511,-129.7544388,20990.64,-11149.98,358.02,-4.6,1.7,0.00,2293.60,2293.6,HMR2300,-15353.3,-8433.3,44553.3,47873.2,,,,,,,,SKQ201610S,,
J2-907,ASNAP,2016/07/12 21:37:42,45.8163449,-129.7544725,20988.02,-11150.66,357.97,-4.7,1.7,0.00,2286.43,2286.43,HMR2300,-15346.7,-8426.7,44466.7,47789.3,,,,,,,,SKQ201610S,,
J2-907,ASNAP,2016/07/12 21:37:57,45.8163744,-129.7544319,20991.17,-11147.39,358.02,-4.6,1.8,0.00,2279.27,2279.27,HMR2300,-14980.0,-8446.7,44593.3,47794.5,,,,,,,,SKQ201610S,,
J2-907,ASNAP,2016/07/12 21:38:12,45.8163595,-129.7543977,20993.83,-11149.04,357.99,-5.3,1.8,0.00,2272.55,2272.55,HMR2300,-15700.0,-8400.0,44320.0,47763.1,,,,,,,,SKQ201610S,,
J2-907,ASNAP,2016/07/12 21:38:27,45.8163879,-129.7543505,20997.49,-11145.89,357.80,-5.1,1.7,0.00,2264.67,2264.67,HMR2300,-15480.0,-8426.7,44300.0,47677.3,,,,,,,,SKQ201610S,,
J2-907,ASNAP,2016/07/12 21:38:42,45.8163685,-129.7543897,20994.45,-11148.04,357.89,-4.8,1.7,0.00,2257.63,2257.63,HMR2300,-15433.3,-8533.3,44420.0,47792.7,,,,,,,,SKQ201610S,,
J2-907,ASNAP,2016/07/12 21:38:57,45.8161368,-129.7545233,20984.08,-11173.79,357.61,-4.7,1.7,0.00,2250.39,2250.39,HMR2300,-15366.7,-8513.3,44493.3,47835.8,,,,,,,,SKQ201610S,,
J2-907,ASNAP,2016/07/12 21:39:12,45.8163712,-129.7544171,20992.32,-11147.74,357.92,-4.3,1.7,0.00,2243.26,2243.26,HMR2300,-15066.7,-8393.3,44586.7,47806.1,,,,,,,,SKQ201610S,,
J2-907,ASNAP,2016/07/12 21:39:27,45.8163789,-129.7543992,20993.71,-11146.89,357.78,-4.6,1.7,0.00,2235.46,2235.46,HMR2300,-15160.0,-8480.0,44600.0,47863.3,,,,,,,,SKQ201610S,,
J2-907,ASNAP,2016/07/12 21:39:42,45.8163293,-129.7542583,21004.64,-11152.40,358.01,-4.9,1.8,0.00,2228.47,2228.47,HMR2300,-15353.3,-8386.7,44453.3,47772.0,,,,,,,,SKQ201610S,,
J2-907,ASNAP,2016/07/12 21:39:57,45.8163636,-129.7544540,20989.46,-11148.59,357.90,-4.9,1.7,0.00,2221.37,2221.37,HMR2300,-15080.0,-8373.3,44426.7,47657.6,,,,,,,,SKQ201610S,,
J2-907,ASNAP,2016/07/12 21:40:12,45.8163218,-129.7544595,20989.03,-11153.23,357.80,-4.8,1.7,0.00,2214.48,2214.48,HMR2300,-15153.3,-8546.7,44560.0,47835.8,,,,,,,,SKQ201610S,,
J2-907,ASNAP,2016/07/12 21:40:27,45.8163930,-129.7544215,20991.98,-11145.32,357.72,-4.8,1.7,0.00,2207.00,2207,HMR2300,-15440.0,-8513.3,44393.3,47766.5,,,,,,,,SKQ201610S,,
J2-907,ASNAP,2016/07/12 21:40:42,45.8163076,-129.7543404,20998.27,-11154.81,357.90,-4.8,1.8,0.00,2199.70,2199.7,HMR2300,-15160.0,-8540.0,44460.0,47743.6,,,,,,,,SKQ201610S,,
J2-907,ASNAP,2016/07/12 21:40:57,45.8163197,-129.7543720,20995.82,-11153.46,357.86,-4.8,1.8,0.00,2192.88,2192.88,HMR2300,-15593.3,-8533.3,44333.3,47764.2,,,,,,,,SKQ201610S,,
J2-907,ASNAP,2016/07/12 21:41:12,45.8159610,-129.7540413,21021.48,-11193.33,357.58,-4.7,1.7,0.00,2185.68,2185.68,HMR2300,-15460.0,-8500.0,44360.0,47739.6,,,,,,,,SKQ201610S,,
J2-907,ASNAP,2016/07/12 21:41:27,45.8163547,-129.7543543,20997.19,-11149.57,357.91,-5.0,1.8,0.00,2177.78,2177.78,HMR2300,-15440.0,-8360.0,44233.3,47590.7,,,,,,,,SKQ201610S,,
J2-907,ASNAP,2016/07/12 21:41:42,45.8163252,-129.7543726,20995.77,-11152.85,357.68,-5.1,1.8,0.00,2170.48,2170.48,HMR2300,-15473.3,-8586.7,44300.0,47703.7,,,,,,,,SKQ201610S,,
J2-907,ASNAP,2016/07/12 21:41:57,45.8163307,-129.7544658,20988.54,-11152.24,357.62,-4.7,1.8,0.00,2162.93,2162.93,HMR2300,-15233.3,-8426.7,44360.0,47653.7,,,,,,,,SKQ201610S,,
J2-907,ASNAP,2016/07/12 21:42:12,45.8163488,-129.7543114,21000.52,-11150.23,357.61,-5.2,1.8,0.00,2156.19,2156.19,HMR2300,-15366.7,-8560.0,44253.3,47621.1,,,,,,,,SKQ201610S,,
J2-907,ASNAP,2016/07/12 21:42:27,45.8166794,-129.7543697,20996.00,-11113.48,357.81,-4.8,1.8,0.00,2148.40,2148.4,HMR2300,-15606.7,-8513.3,44253.3,47690.7,,,,,,,,SKQ201610S,,
J2-907,ASNAP,2016/07/12 21:42:42,45.8163133,-129.7543808,20995.14,-11154.18,357.65,-4.5,1.8,0.00,2140.53,2140.53,HMR2300,-15093.3,-8446.7,44526.7,47768.0,,,,,,,,SKQ201610S,,
J2-907,ASNAP,2016/07/12 21:42:57,45.8163527,-129.7544062,20993.17,-11149.80,357.57,-4.9,1.8,0.00,2133.45,2133.45,HMR2300,-15146.7,-8580.0,44453.3,47740.3,,,,,,,,SKQ201610S,,
J2-907,ASNAP,2016/07/12 21:43:12,45.8163415,-129.7544145,20992.52,-11151.04,357.65,-5.3,1.9,0.00,2126.43,2126.43,HMR2300,-15913.3,-8660.0,44080.0,47657.9,,,,,,,,SKQ201610S,,
J2-907,ASNAP,2016/07/12 21:43:27,45.8163324,-129.7544506,20989.72,-11152.05,357.49,-5.3,1.9,0.00,2118.52,2118.52,HMR2300,-15700.0,-8640.0,44106.7,47608.2,,,,,,,,SKQ201610S,,
J2-907,ASNAP,2016/07/12 21:43:42,45.8163890,-129.7544691,20988.29,-11145.76,357.80,-4.8,1.9,0.00,2111.08,2111.08,HMR2300,-15173.3,-8486.7,44306.7,47595.5,,,,,,,,SKQ201610S,,
J2-907,ASNAP,2016/07/12 21:43:57,45.8163749,-129.7544834,20987.18,-11147.33,357.72,-5.1,1.9,0.00,2104.08,2104.08,HMR2300,-15393.3,-8526.7,44326.7,47691.8,,,,,,,,SKQ201610S,,
J2-907,ASNAP,2016/07/12 21:44:12,45.8163489,-129.7544569,20989.23,-11150.22,357.64,-4.8,1.8,0.00,2096.73,2096.73,HMR2300,-15333.3,-8460.0,44206.7,47549.1,,,,,,,,SKQ201610S,,
J2-907,ASNAP,2016/07/12 21:44:27,45.8163610,-129.7544385,20990.66,-11148.88,357.66,-4.6,1.8,0.00,2088.63,2088.63,HMR2300,-14900.0,-8440.0,44506.7,47687.4,,,,,,,,SKQ201610S,,
J2-907,ASNAP,2016/07/12 21:44:42,45.8163264,-129.7544486,20989.88,-11152.72,357.54,-5.0,1.8,0.00,2081.60,2081.6,HMR2300,-15460.0,-8493.3,44306.7,47688.9,,,,,,,,SKQ201610S,,
J2-907,ASNAP,2016/07/12 21:44:57,45.8163098,-129.7544278,20991.49,-11154.57,357.73,-5.2,1.9,0.00,2074.49,2074.49,HMR2300,-15606.7,-8480.0,44173.3,47610.5,,,,,,,,SKQ201610S,,
J2-907,ASNAP,2016/07/12 21:45:12,45.8163147,-129.7544292,20991.38,-11154.02,357.82,-5.1,1.8,0.00,2067.20,2067.2,HMR2300,-15386.7,-8446.7,44140.0,47502.0,,,,,,,,SKQ201610S,,
J2-907,ASNAP,2016/07/12 21:45:27,45.8162846,-129.7544899,20986.67,-11157.37,357.68,-5.0,1.8,0.00,2059.22,2059.22,HMR2300,-15380.0,-8473.3,44300.0,47653.2,,,,,,,,SKQ201610S,,
J2-907,ASNAP,2016/07/12 21:45:42,45.8163056,-129.7544035,20993.38,-11155.03,357.80,-5.5,1.9,0.00,2052.12,2052.12,HMR2300,-15646.7,-8293.3,44086.7,47510.3,,,,,,,,SKQ201610S,,
J2-907,ASNAP,2016/07/12 21:45:57,45.8163440,-129.7545156,20984.68,-11150.76,357.57,-5.1,1.9,0.00,2045.02,2045.02,HMR2300,-15600.0,-8646.7,44040.0,47514.7,,,,,,,,SKQ201610S,,
J2-907,ASNAP,2016/07/12 21:46:12,45.8163419,-129.7544483,20989.90,-11151.00,357.57,-5.3,2.0,0.00,2037.75,2037.75,HMR2300,-15486.7,-8586.7,44233.3,47646.1,,,,,,,,SKQ201610S,,
J2-907,ASNAP,2016/07/12 21:46:27,45.8163278,-129.7544346,20990.96,-11152.57,357.53,-5.3,2.0,0.00,2029.93,2029.93,HMR2300,-15766.7,-8546.7,44086.7,47594.8,,,,,,,,SKQ201610S,,
J2-907,ASNAP,2016/07/12 21:46:42,45.8163315,-129.7544863,20986.95,-11152.15,357.69,-5.1,2.0,0.00,2022.74,2022.74,HMR2300,-15506.7,-8626.7,44146.7,47579.5,,,,,,,,SKQ201610S,,
J2-907,ASNAP,2016/07/12 21:46:57,45.8163241,-129.7544470,20990.00,-11152.98,357.57,-4.8,1.9,0.00,2015.51,2015.51,HMR2300,-15380.0,-8526.7,44273.3,47638.0,,,,,,,,SKQ201610S,,
J2-907,ASNAP,2016/07/12 21:47:12,45.8163357,-129.7544344,20990.98,-11151.69,357.58,-5.2,2.0,0.00,2008.32,2008.32,HMR2300,-15440.0,-8460.0,44206.7,47583.6,,,,,,,,SKQ201610S,,
J2-907,ASNAP,2016/07/12 21:47:27,45.8162845,-129.7544100,20992.87,-11157.38,357.64,-4.8,1.9,0.00,2000.50,2000.5,HMR2300,-15320.0,-8380.0,44180.0,47505.8,,,,,,,,SKQ201610S,,
J2-907,ASNAP,2016/07/12 21:47:42,45.8163310,-129.7545061,20985.42,-11152.21,357.56,-5.1,1.9,0.00,1993.24,1993.24,HMR2300,-15433.3,-8460.0,44233.3,47606.2,,,,,,,,SKQ201610S,,
J2-907,ASNAP,2016/07/12 21:47:57,45.8163246,-129.7545044,20985.55,-11152.92,357.52,-5.5,1.9,0.00,1986.29,1986.29,HMR2300,-15860.0,-8413.3,43920.0,47447.8,,,,,,,,SKQ201610S,,
J2-907,ASNAP,2016/07/12 21:48:12,45.8163101,-129.7543938,20994.13,-11154.53,357.45,-5.3,2.0,0.00,1979.08,1979.08,HMR2300,-15613.3,-8560.0,43980.0,47447.8,,,,,,,,SKQ201610S,,
J2-907,ASNAP,2016/07/12 21:48:27,45.8163303,-129.7544546,20989.41,-11152.29,357.43,-5.4,2.0,0.00,1971.27,1971.27,HMR2300,-15866.7,-8686.7,43966.7,47542.4,,,,,,,,SKQ201610S,,
J2-907,ASNAP,2016/07/12 21:48:42,45.8163221,-129.7544470,20990.00,-11153.20,357.47,-4.9,1.9,0.00,1964.14,1964.14,HMR2300,-15546.7,-8486.7,44180.0,47598.3,,,,,,,,SKQ201610S,,
J2-907,ASNAP,2016/07/12 21:48:57,45.8163248,-129.7544868,20986.91,-11152.90,357.47,-5.1,1.9,0.00,1956.96,1956.96,HMR2300,-15680.0,-8633.3,44026.7,47526.2,,,,,,,,SKQ201610S,,
J2-907,ASNAP,2016/07/12 21:49:12,45.8163424,-129.7545507,20981.96,-11150.94,357.61,-4.8,1.9,0.00,1949.57,1949.57,HMR2300,-15233.3,-8493.3,44306.7,47615.9,,,,,,,,SKQ201610S,,
J2-907,ASNAP,2016/07/12 21:49:27,45.8161925,-129.7543600,20996.75,-11167.60,357.55,-5.2,1.8,0.00,1941.79,1941.79,HMR2300,-15380.0,-8340.0,44240.0,47573.9,,,,,,,,SKQ201610S,,
J2-907,ASNAP,2016/07/12 21:49:42,45.8163527,-129.7545024,20985.70,-11149.80,357.59,-5.1,1.9,0.00,1934.67,1934.67,HMR2300,-15373.3,-8353.3,44106.7,47450.1,,,,,,,,SKQ201610S,,
J2-907,ASNAP,2016/07/12 21:49:57,45.8163247,-129.7544044,20993.31,-11152.91,357.61,-5.1,1.9,0.00,1927.66,1927.66,HMR2300,-15173.3,-8440.0,44220.0,47506.5,,,,,,,,SKQ201610S,,
J2-907,ASNAP,2016/07/12 21:50:12,45.8164144,-129.7546067,20977.61,-11142.94,357.62,-5.1,1.9,0.00,1920.50,1920.5,HMR2300,-15560.0,-8360.0,44100.0,47505.9,,,,,,,,SKQ201610S,,
J2-907,ASNAP,2016/07/12 21:50:28,45.8163480,-129.7545177,20984.52,-11150.32,357.53,-5.0,1.9,0.00,1912.82,1912.82,HMR2300,-15420.0,-8406.7,44033.3,47406.6,,,,,,,,SKQ201610S,,
J2-907,ASNAP,2016/07/12 21:50:43,45.8163713,-129.7544438,20990.25,-11147.73,357.60,-4.7,1.9,0.00,1905.46,1905.46,HMR2300,-15046.7,-8473.3,44353.3,47596.4,,,,,,,,SKQ201610S,,
J2-907,ASNAP,2016/07/12 21:50:58,45.8163722,-129.7545133,20984.86,-11147.63,357.57,-4.8,1.8,0.00,1898.25,1898.25,HMR2300,-15233.3,-8340.0,44306.7,47588.8,,,,,,,,SKQ201610S,,
J2-907,ASNAP,2016/07/12 21:51:13,45.8163608,-129.7544678,20988.39,-11148.90,357.57,-5.1,1.8,0.00,1891.34,1891.34,HMR2300,-15173.3,-8313.3,44173.3,47440.8,,,,,,,,SKQ201610S,,
J2-907,ASNAP,2016/07/12 21:51:28,45.8163550,-129.7544912,20986.57,-11149.54,357.63,-4.9,1.9,0.00,1883.68,1883.68,HMR2300,-15506.7,-8540.0,44120.0,47539.1,,,,,,,,SKQ201610S,,
J2-907,ASNAP,2016/07/12 21:51:43,45.8163475,-129.7544910,20986.59,-11150.37,357.65,-4.9,1.9,0.00,1876.30,1876.3,HMR2300,-15266.7,-8373.3,44260.0,47561.9,,,,,,,,SKQ201610S,,
J2-907,ASNAP,2016/07/12 21:51:58,45.8163615,-129.7544977,20986.07,-11148.82,357.56,-4.4,1.9,0.00,1869.28,1869.28,HMR2300,-15093.3,-8380.0,44280.0,47526.3,,,,,,,,SKQ201610S,,
J2-907,ASNAP,2016/07/12 21:52:13,45.8162628,-129.7544925,20986.47,-11159.79,357.42,-5.2,2.0,0.00,1862.32,1862.32,HMR2300,-15573.3,-8446.7,43946.7,47383.4,,,,,,,,SKQ201610S,,
J2-907,ASNAP,2016/07/12 21:52:28,45.8163669,-129.7545110,20985.04,-11148.22,357.47,-4.8,1.9,0.00,1854.41,1854.41,HMR2300,-15373.3,-8486.7,44193.3,47554.3,,,,,,,,SKQ201610S,,
J2-907,ASNAP,2016/07/12 21:52:43,45.8163992,-129.7545063,20985.40,-11144.63,357.53,-5.1,1.9,0.00,1847.05,1847.05,HMR2300,-15420.0,-8353.3,44106.7,47465.3,,,,,,,,SKQ201610S,,
J2-907,ASNAP,2016/07/12 21:52:58,45.8163849,-129.7545233,20984.08,-11146.22,357.41,-5.2,2.1,0.00,1840.26,1840.26,HMR2300,-15653.3,-8573.3,43866.7,47358.3,,,,,,,,SKQ201610S,,
J2-907,ASNAP,2016/07/12 21:53:13,45.8163447,-129.7544831,20987.20,-11150.69,357.42,-4.7,1.9,0.00,1832.70,1832.7,HMR2300,-15260.0,-8593.3,44186.7,47530.8,,,,,,,,SKQ201610S,,
J2-907,ASNAP,2016/07/12 21:53:28,45.8163215,-129.7544532,20989.52,-11153.26,357.54,-5.0,2.0,0.00,1824.84,1824.84,HMR2300,-15526.7,-8473.3,44093.3,47508.9,,,,,,,,SKQ201610S,,
J2-907,ASNAP,2016/07/12 21:53:43,45.8163700,-129.7544732,20987.97,-11147.87,357.51,-4.8,2.0,0.00,1817.85,1817.85,HMR2300,-15266.7,-8480.0,44086.7,47419.6,,,,,,,,SKQ201610S,,
J2-907,ASNAP,2016/07/12 21:53:58,45.8164789,-129.7545089,20985.20,-11135.77,357.50,-5.0,2.0,0.00,1810.46,1810.46,HMR2300,-15286.7,-8460.0,44186.7,47515.4,,,,,,,,SKQ201610S,,
J2-907,ASNAP,2016/07/12 21:54:13,45.8163631,-129.7548177,20961.24,-11148.64,357.55,-5.0,2.0,0.00,1803.40,1803.4,HMR2300,-15600.0,-8440.0,44060.0,47496.1,,,,,,,,SKQ201610S,,
J2-907,ASNAP,2016/07/12 21:54:28,45.8163728,-129.7544977,20986.07,-11147.56,357.71,-5.0,1.9,0.00,1795.44,1795.44,HMR2300,-15426.7,-8266.7,44140.0,47483.3,,,,,,,,SKQ201610S,,
J2-907,ASNAP,2016/07/12 21:54:43,45.8163985,-129.7544874,20986.87,-11144.71,357.82,-4.4,1.8,0.00,1788.18,1788.18,HMR2300,-14866.7,-8180.0,44280.0,47419.9,,,,,,,,SKQ201610S,,
J2-907,ASNAP,2016/07/12 21:54:58,45.8163875,-129.7544934,20986.40,-11145.93,357.45,-5.1,1.8,0.00,1781.18,1781.18,HMR2300,-15386.7,-8340.0,44180.0,47520.3,,,,,,,,SKQ201610S,,
J2-907,ASNAP,2016/07/12 21:55:13,45.8163847,-129.7544586,20989.10,-11146.24,357.49,-4.5,1.9,0.00,1774.08,1774.08,HMR2300,-15193.3,-8313.3,44226.7,47496.8,,,,,,,,SKQ201610S,,
J2-907,ASNAP,2016/07/12 21:55:28,45.8164291,-129.7543416,20998.18,-11141.30,357.51,-4.5,1.9,0.00,1766.74,1766.74,HMR2300,-14886.7,-8280.0,44260.0,47424.9,,,,,,,,SKQ201610S,,
J2-907,ASNAP,2016/07/12 21:55:43,45.8164039,-129.7544645,20988.64,-11144.11,357.49,-5.0,1.8,0.00,1759.06,1759.06,HMR2300,-15160.0,-8333.3,44166.7,47433.8,,,,,,,,SKQ201610S,,
J2-907,ASNAP,2016/07/12 21:55:58,45.8164392,-129.7544456,20990.11,-11140.18,357.59,-4.6,1.9,0.00,1751.91,1751.91,HMR2300,-15220.0,-8253.3,44206.7,47476.3,,,,,,,,SKQ201610S,,
J2-907,ASNAP,2016/07/12 21:56:13,45.8163935,-129.7544398,20990.56,-11145.26,357.67,-4.8,2.0,0.00,1744.92,1744.92,HMR2300,-15253.3,-8253.3,44080.0,47369.1,,,,,,,,SKQ201610S,,
J2-907,ASNAP,2016/07/12 21:56:28,45.8164273,-129.7544722,20988.05,-11141.51,357.31,-4.6,1.8,0.00,1737.56,1737.56,HMR2300,-15066.7,-8453.3,44186.7,47443.9,,,,,,,,SKQ201610S,,
J2-907,ASNAP,2016/07/12 21:56:43,45.8164378,-129.7544451,20990.15,-11140.34,357.61,-4.5,1.9,0.00,1729.83,1729.83,HMR2300,-15040.0,-8340.0,44300.0,47521.0,,,,,,,,SKQ201610S,,
J2-907,ASNAP,2016/07/12 21:56:58,45.8163929,-129.7544371,20990.77,-11145.33,357.88,-4.4,1.9,0.00,1722.57,1722.57,HMR2300,-15020.0,-8233.3,44313.3,47508.5,,,,,,,,SKQ201610S,,
J2-907,ASNAP,2016/07/12 21:57:13,45.8164177,-129.7544225,20991.90,-11142.57,357.57,-5.0,1.9,0.00,1715.73,1715.73,HMR2300,-15233.3,-8293.3,44100.0,47388.2,,,,,,,,SKQ201610S,,
J2-907,ASNAP,2016/07/12 21:57:28,45.8164476,-129.7544937,20986.38,-11139.25,357.47,-4.9,2.0,0.00,1708.49,1708.49,HMR2300,-15300.0,-8406.7,44160.0,47485.4,,,,,,,,SKQ201610S,,
J2-907,ASNAP,2016/07/12 21:57:43,45.8164157,-129.7544390,20990.62,-11142.80,357.69,-4.5,1.8,0.00,1700.66,1700.66,HMR2300,-15180.0,-8226.7,44266.7,47514.7,,,,,,,,SKQ201610S,,
J2-907,ASNAP,2016/07/12 21:57:58,45.8164367,-129.7544403,20990.52,-11140.46,357.51,-4.9,1.9,0.00,1693.64,1693.64,HMR2300,-15366.7,-8260.0,44133.3,47456.4,,,,,,,,SKQ201610S,,
J2-907,ASNAP,2016/07/12 21:58:13,45.8164439,-129.7544404,20990.51,-11139.66,357.53,-4.4,1.7,0.00,1686.37,1686.37,HMR2300,-14933.3,-8113.3,44273.3,47423.2,,,,,,,,SKQ201610S,,
J2-907,ASNAP,2016/07/12 21:58:28,45.8164363,-129.7544229,20991.87,-11140.51,357.73,-4.7,1.8,0.00,1678.71,1678.71,HMR2300,-15206.7,-8280.0,44240.0,47507.7,,,,,,,,SKQ201610S,,
J2-907,ASNAP,2016/07/12 21:58:43,45.8164272,-129.7544117,20992.74,-11141.52,357.65,-4.6,1.8,0.00,1671.71,1671.71,HMR2300,-15260.0,-8213.3,44193.3,47469.8,,,,,,,,SKQ201610S,,
J2-907,ASNAP,2016/07/12 21:58:58,45.8164491,-129.7544363,20990.83,-11139.08,357.50,-4.6,1.7,0.00,1664.55,1664.55,HMR2300,-15220.0,-8106.7,44160.0,47407.5,,,,,,,,SKQ201610S,,
J2-907,ASNAP,2016/07/12 21:59:13,45.8164406,-129.7544301,20991.31,-11140.03,357.86,-4.8,1.9,0.00,1657.45,1657.45,HMR2300,-15340.0,-8040.0,44006.7,47292.1,,,,,,,,SKQ201610S,,
J2-907,ASNAP,2016/07/12 21:59:28,45.8164214,-129.7543939,20994.12,-11142.16,357.53,-4.7,1.8,0.00,1649.82,1649.82,HMR2300,-15433.3,-8260.0,44120.0,47465.7,,,,,,,,SKQ201610S,,
J2-907,ASNAP,2016/07/12 21:59:43,45.8164408,-129.7544611,20988.91,-11140.01,357.50,-4.8,1.8,0.00,1642.50,1642.5,HMR2300,-15260.0,-8153.3,44186.7,47453.2,,,,,,,,SKQ201610S,,
J2-907,ASNAP,2016/07/12 21:59:58,45.8164580,-129.7543344,20998.74,-11138.09,357.55,-4.8,1.8,0.00,1635.38,1635.38,HMR2300,-15406.7,-8160.0,44006.7,47334.3,,,,,,,,SKQ201610S,,
J2-907,ASNAP,2016/07/12 22:00:13,45.8164190,-129.7544096,20992.90,-11142.43,357.49,-4.8,1.8,0.00,1628.51,1628.51,HMR2300,-15246.7,-8240.0,44033.3,47321.2,,,,,,,,SKQ201610S,,
J2-907,ASNAP,2016/07/12 22:00:28,45.8164152,-129.7543568,20997.00,-11142.85,357.56,-4.6,1.8,0.00,1620.60,1620.6,HMR2300,-14800.0,-8240.0,44353.3,47478.0,,,,,,,,SKQ201610S,,
J2-907,ASNAP,2016/07/12 22:00:43,45.8164115,-129.7543778,20995.37,-11143.26,357.54,-4.7,1.8,0.00,1613.60,1613.6,HMR2300,-15440.0,-8186.7,44046.7,47387.0,,,,,,,,SKQ201610S,,
J2-907,ASNAP,2016/07/12 22:00:58,45.8164061,-129.7543893,20994.48,-11143.86,357.45,-5.0,1.9,0.00,1606.71,1606.71,HMR2300,-15573.3,-8226.7,43866.7,47270.4,,,,,,,,SKQ201610S,,
J2-907,ASNAP,2016/07/12 22:01:13,45.8164260,-129.7544278,20991.49,-11141.65,357.48,-4.7,1.9,0.00,1599.25,1599.25,HMR2300,-15173.3,-8280.0,44060.0,47329.4,,,,,,,,SKQ201610S,,
J2-907,ASNAP,2016/07/12 22:01:28,45.8164354,-129.7544306,20991.27,-11140.60,357.57,-4.5,1.8,0.00,1592.24,1592.24,HMR2300,-14980.0,-8286.7,44260.0,47455.4,,,,,,,,SKQ201610S,,
J2-907,ASNAP,2016/07/12 22:01:43,45.8164460,-129.7543861,20994.73,-11139.43,357.47,-4.9,1.9,0.00,1584.50,1584.5,HMR2300,-15506.7,-8260.0,44033.3,47409.1,,,,,,,,SKQ201610S,,
J2-907,ASNAP,2016/07/12 22:01:58,45.8164388,-129.7544099,20992.88,-11140.23,357.72,-4.9,1.9,0.00,1577.51,1577.51,HMR2300,-15220.0,-8053.3,44060.0,47305.3,,,,,,,,SKQ201610S,,
J2-907,ASNAP,2016/07/12 22:02:13,45.8165006,-129.7543573,20996.96,-11133.36,357.80,-4.6,1.7,0.00,1570.41,1570.41,HMR2300,-14946.7,-8013.3,44180.0,47323.2,,,,,,,,SKQ201610S,,
J2-907,ASNAP,2016/07/12 22:02:28,45.8164220,-129.7543956,20993.99,-11142.10,357.66,-5.0,1.8,0.00,1563.50,1563.5,HMR2300,-15300.0,-8206.7,44080.0,47376.0,,,,,,,,SKQ201610S,,
J2-907,ASNAP,2016/07/12 22:02:43,45.8164413,-129.7544290,20991.40,-11139.95,357.81,-4.9,1.8,0.00,1555.72,1555.72,HMR2300,-15386.7,-8133.3,44086.7,47397.6,,,,,,,,SKQ201610S,,
J2-907,ASNAP,2016/07/12 22:02:58,45.8164355,-129.7544304,20991.29,-11140.59,357.69,-4.7,1.7,0.00,1548.69,1548.69,HMR2300,-15106.7,-8093.3,44260.0,47462.2,,,,,,,,SKQ201610S,,
J2-907,ASNAP,2016/07/12 22:03:13,45.8164326,-129.7543635,20996.48,-11140.92,357.55,-4.9,1.7,0.00,1541.75,1541.75,HMR2300,-15406.7,-8100.0,43933.3,47255.8,,,,,,,,SKQ201610S,,
J2-907,ASNAP,2016/07/12 22:03:28,45.8164229,-129.7543871,20994.65,-11141.99,357.90,-4.8,1.8,0.00,1534.48,1534.48,HMR2300,-15260.0,-8106.7,44106.7,47370.7,,,,,,,,SKQ201610S,,
J2-907,ASNAP,2016/07/12 22:03:43,45.8164381,-129.7543510,20997.45,-11140.30,357.55,-4.6,1.6,0.00,1526.42,1526.42,HMR2300,-15073.3,-8000.0,44286.7,47460.7,,,,,,,,SKQ201610S,,
J2-907,ASNAP,2016/07/12 22:03:58,45.8164319,-129.7543445,20997.95,-11140.99,357.51,-5.2,1.7,0.00,1519.48,1519.48,HMR2300,-15600.0,-8113.3,43986.7,47371.0,,,,,,,,SKQ201610S,,
J2-907,ASNAP,2016/07/12 22:04:13,45.8164666,-129.7543804,20995.17,-11137.14,357.59,-4.6,1.8,0.00,1511.95,1511.95,HMR2300,-15113.3,-8113.3,44080.0,47300.0,,,,,,,,SKQ201610S,,
J2-907,ASNAP,2016/07/12 22:04:28,45.8164445,-129.7544265,20991.59,-11139.59,357.66,-4.6,1.8,0.00,1504.59,1504.59,HMR2300,-15126.7,-8253.3,44146.7,47390.5,,,,,,,,SKQ201610S,,
J2-907,ASNAP,2016/07/12 22:04:43,45.8164316,-129.7543966,20993.91,-11141.03,357.61,-4.8,1.7,0.00,1496.73,1496.73,HMR2300,-15353.3,-8200.0,44086.7,47398.3,,,,,,,,SKQ201610S,,
J2-907,ASNAP,2016/07/12 22:04:58,45.8164438,-129.7543625,20996.56,-11139.67,357.77,-4.7,1.8,0.00,1489.49,1489.49,HMR2300,-15246.7,-8013.3,44180.0,47418.8,,,,,,,,SKQ201610S,,
J2-907,ASNAP,2016/07/12 22:05:13,45.8164515,-129.7544160,20992.41,-11138.82,357.62,-5.0,1.8,0.00,1482.24,1482.24,HMR2300,-15380.0,-8053.3,44120.0,47412.8,,,,,,,,SKQ201610S,,
J2-907,ASNAP,2016/07/12 22:05:28,45.8164263,-129.7543353,20998.67,-11141.62,357.44,-5.3,1.7,0.00,1475.17,1475.17,HMR2300,-15433.3,-8140.0,43946.7,47283.8,,,,,,,,SKQ201610S,,
J2-907,ASNAP,2016/07/12 22:05:43,45.8164290,-129.7544906,20986.62,-11141.32,357.61,-5.1,1.8,0.00,1467.12,1467.12,HMR2300,-15373.3,-8226.7,44040.0,47366.0,,,,,,,,SKQ201610S,,
J2-907,ASNAP,2016/07/12 22:05:58,45.8164494,-129.7543915,20994.31,-11139.05,357.83,-4.9,1.8,0.00,1459.99,1459.99,HMR2300,-15553.3,-8060.0,44026.7,47383.7,,,,,,,,SKQ201610S,,
J2-907,ASNAP,2016/07/12 22:06:13,45.8164421,-129.7543765,20995.47,-11139.86,357.71,-4.6,1.7,0.00,1452.50,1452.5,HMR2300,-15080.0,-7960.0,44240.0,47412.5,,,,,,,,SKQ201610S,,
J2-907,ASNAP,2016/07/12 22:06:28,45.8164568,-129.7544156,20992.44,-11138.23,357.65,-4.7,1.8,0.00,1445.33,1445.33,HMR2300,-15180.0,-7960.0,44213.3,47419.5,,,,,,,,SKQ201610S,,
J2-907,ASNAP,2016/07/12 22:06:43,45.8164420,-129.7543774,20995.40,-11139.87,357.50,-4.5,1.7,0.00,1437.58,1437.58,HMR2300,-15133.3,-8146.7,44073.3,47305.9,,,,,,,,SKQ201610S,,
J2-907,ASNAP,2016/07/12 22:06:58,45.8164330,-129.7543204,20999.82,-11140.87,357.65,-4.5,1.8,0.00,1430.27,1430.27,HMR2300,-14993.3,-8146.7,44206.7,47385.6,,,,,,,,SKQ201610S,,
J2-907,ASNAP,2016/07/12 22:07:13,45.8164445,-129.7543511,20997.44,-11139.59,357.76,-4.7,1.8,0.00,1422.94,1422.94,HMR2300,-15193.3,-8106.7,44146.7,47386.5,,,,,,,,SKQ201610S,,
J2-907,ASNAP,2016/07/12 22:07:28,45.8164572,-129.7543738,20995.68,-11138.18,357.60,-4.9,1.8,0.00,1415.93,1415.93,HMR2300,-15386.7,-8046.7,44106.7,47401.4,,,,,,,,SKQ201610S,,
J2-907,ASNAP,2016/07/12 22:07:43,45.8164740,-129.7543652,20996.35,-11136.32,357.54,-4.3,1.7,0.00,1408.07,1408.07,HMR2300,-14740.0,-7986.7,44240.0,47310.0,,,,,,,,SKQ201610S,,
J2-907,ASNAP,2016/07/12 22:07:58,45.8165228,-129.7543345,20998.73,-11130.89,357.66,-4.3,1.8,0.00,1400.57,1400.57,HMR2300,-14740.0,-8086.7,44253.3,47339.4,,,,,,,,SKQ201610S,,
J2-907,ASNAP,2016/07/12 22:08:13,45.8164991,-129.7543376,20998.49,-11133.52,357.59,-4.9,1.7,0.00,1393.50,1393.5,HMR2300,-15126.7,-8100.0,44140.0,47357.8,,,,,,,,SKQ201610S,,
J2-907,ASNAP,2016/07/12 22:08:28,45.8164750,-129.7543197,20999.88,-11136.20,357.62,-4.7,1.8,0.00,1386.41,1386.41,HMR2300,-15200.0,-8060.0,44126.7,47362.1,,,,,,,,SKQ201610S,,
J2-907,ASNAP,2016/07/12 22:08:43,45.8165107,-129.7543394,20998.35,-11132.24,357.84,-4.5,1.7,0.00,1378.43,1378.43,HMR2300,-15153.3,-7940.0,44220.0,47413.9,,,,,,,,SKQ201610S,,
J2-907,ASNAP,2016/07/12 22:08:58,45.8164983,-129.7543412,20998.21,-11133.61,357.94,-4.6,1.8,0.00,1371.34,1371.34,HMR2300,-15193.3,-7846.7,44013.3,47218.4,,,,,,,,SKQ201610S,,
J2-907,ASNAP,2016/07/12 22:09:13,45.8165466,-129.7543288,20999.17,-11128.24,358.01,-4.3,1.7,0.00,1364.06,1364.06,HMR2300,-14773.3,-7786.7,44193.3,47243.4,,,,,,,,SKQ201610S,,
J2-907,ASNAP,2016/07/12 22:09:28,45.8164077,-129.7543594,20996.80,-11143.68,357.80,-4.5,1.6,0.00,1356.95,1356.95,HMR2300,-15046.7,-7993.3,44126.7,47301.8,,,,,,,,SKQ201610S,,
J2-907,ASNAP,2016/07/12 22:09:43,45.8164193,-129.7542427,21005.85,-11142.39,357.62,-4.7,1.7,0.00,1349.14,1349.14,HMR2300,-15213.3,-7966.7,44120.0,47344.4,,,,,,,,SKQ201610S,,
J2-907,ASNAP,2016/07/12 22:09:58,45.8165431,-129.7543421,20998.14,-11128.63,357.88,-4.4,1.7,0.00,1341.80,1341.8,HMR2300,-14946.7,-7940.0,44286.7,47410.5,,,,,,,,SKQ201610S,,
J2-907,ASNAP,2016/07/12 22:10:13,45.8164285,-129.7544099,20992.88,-11141.37,357.68,-4.3,1.7,0.00,1334.67,1334.67,HMR2300,-14960.0,-7840.0,44160.0,47279.7,,,,,,,,SKQ201610S,,
J2-907,ASNAP,2016/07/12 22:10:28,45.8164884,-129.7543389,20998.39,-11134.71,357.80,-4.6,1.8,0.00,1327.65,1327.65,HMR2300,-15046.7,-7866.7,44040.0,47199.7,,,,,,,,SKQ201610S,,
J2-907,ASNAP,2016/07/12 22:10:43,45.8165178,-129.7543135,21000.36,-11131.45,357.86,-4.5,1.8,0.00,1319.68,1319.68,HMR2300,-14946.7,-7960.0,44126.7,47264.4,,,,,,,,SKQ201610S,,
J2-907,ASNAP,2016/07/12 22:10:58,45.8165065,-129.7543701,20995.97,-11132.70,357.86,-4.5,1.7,0.00,1312.61,1312.61,HMR2300,-15066.7,-8006.7,44126.7,47310.4,,,,,,,,SKQ201610S,,
J2-907,ASNAP,2016/07/12 22:11:13,45.8165274,-129.7543487,20997.63,-11130.38,357.70,-4.4,1.7,0.00,1305.28,1305.28,HMR2300,-15046.7,-7946.7,44206.7,47368.6,,,,,,,,SKQ201610S,,
J2-907,ASNAP,2016/07/12 22:11:28,45.8165302,-129.7543556,20997.09,-11130.07,357.57,-4.8,1.8,0.00,1298.26,1298.26,HMR2300,-15120.0,-7933.3,44106.7,47296.4,,,,,,,,SKQ201610S,,
J2-907,ASNAP,2016/07/12 22:11:43,45.8166046,-129.7542524,21005.10,-11121.80,357.65,-4.2,1.7,0.00,1290.28,1290.28,HMR2300,-14733.3,-7860.0,44253.3,47299.1,,,,,,,,SKQ201610S,,
J2-907,ASNAP,2016/07/12 22:11:58,45.8165242,-129.7543835,20994.93,-11130.74,357.77,-4.5,1.7,0.00,1283.04,1283.04,HMR2300,-14760.0,-7886.7,44213.3,47274.5,,,,,,,,SKQ201610S,,
J2-907,ASNAP,2016/07/12 22:12:13,45.8165751,-129.7542989,21001.49,-11125.08,357.42,-4.3,1.7,0.00,1276.07,1276.07,HMR2300,-14840.0,-8093.3,44193.3,47315.7,,,,,,,,SKQ201610S,,
J2-907,ASNAP,2016/07/12 22:12:28,45.8165175,-129.7543489,20997.61,-11131.48,357.84,-4.4,1.7,0.00,1268.81,1268.81,HMR2300,-14960.0,-7833.3,44266.7,47378.3,,,,,,,,SKQ201610S,,
J2-907,ASNAP,2016/07/12 22:12:43,45.8164485,-129.7542734,21003.47,-11139.15,357.73,-4.3,1.8,0.00,1260.94,1260.94,HMR2300,-14846.7,-7866.7,44266.7,47348.1,,,,,,,,SKQ201610S,,
J2-907,ASNAP,2016/07/12 22:12:58,45.8165230,-129.7543845,20994.85,-11130.87,357.59,-4.4,1.8,0.00,1254.07,1254.07,HMR2300,-14993.3,-7900.0,44106.7,47250.5,,,,,,,,SKQ201610S,,
J2-907,ASNAP,2016/07/12 22:13:13,45.8165631,-129.7543372,20998.52,-11126.41,357.72,-4.4,1.8,0.00,1246.78,1246.78,HMR2300,-14820.0,-7913.3,44173.3,47260.3,,,,,,,,SKQ201610S,,
J2-907,ASNAP,2016/07/12 22:13:28,45.8165320,-129.7543600,20996.75,-11129.87,357.63,-4.2,1.7,0.00,1239.42,1239.42,HMR2300,-14546.7,-8053.3,44320.0,47336.3,,,,,,,,SKQ201610S,,
J2-907,ASNAP,2016/07/12 22:13:43,45.8165368,-129.7543647,20996.39,-11129.34,357.55,-4.3,1.7,0.00,1231.85,1231.85,HMR2300,-14893.3,-7966.7,44266.7,47379.5,,,,,,,,SKQ201610S,,
J2-907,ASNAP,2016/07/12 22:13:58,45.8165404,-129.7543592,20996.81,-11128.93,357.66,-4.3,1.9,0.00,1224.88,1224.88,HMR2300,-15073.3,-7980.0,44146.7,47326.7,,,,,,,,SKQ201610S,,
J2-907,ASNAP,2016/07/12 22:14:13,45.8165325,-129.7543385,20998.42,-11129.81,357.72,-4.2,1.8,0.00,1217.63,1217.63,HMR2300,-14853.3,-7840.0,44160.0,47246.1,,,,,,,,SKQ201610S,,
J2-907,ASNAP,2016/07/12 22:14:28,45.8165285,-129.7543349,20998.70,-11130.26,357.62,-4.4,1.8,0.00,1210.61,1210.61,HMR2300,-14800.0,-7920.0,44173.3,47255.2,,,,,,,,SKQ201610S,,
J2-907,ASNAP,2016/07/12 22:14:43,45.8165400,-129.7543618,20996.61,-11128.98,357.54,-4.2,1.7,0.00,1202.90,1202.9,HMR2300,-14633.3,-8066.7,44300.0,47346.5,,,,,,,,SKQ201610S,,
J2-907,ASNAP,2016/07/12 22:14:58,45.8165268,-129.7543426,20998.10,-11130.45,357.60,-4.3,1.7,0.00,1195.69,1195.69,HMR2300,-14980.0,-7880.0,44233.3,47361.2,,,,,,,,SKQ201610S,,
J2-907,ASNAP,2016/07/12 22:15:13,45.8165363,-129.7543492,20997.59,-11129.39,357.60,-4.4,1.8,0.00,1188.43,1188.43,HMR2300,-14906.7,-7920.0,44193.3,47307.4,,,,,,,,SKQ201610S,,
J2-907,ASNAP,2016/07/12 22:15:28,45.8165408,-129.7543681,20996.12,-11128.89,358.04,-4.4,1.9,0.00,1181.16,1181.16,HMR2300,-14886.7,-7746.7,44160.0,47241.2,,,,,,,,SKQ201610S,,
J2-907,ASNAP,2016/07/12 22:15:43,45.8165334,-129.7543305,20999.04,-11129.71,357.96,-4.4,1.8,0.00,1173.41,1173.41,HMR2300,-14840.0,-7953.3,44120.0,47223.5,,,,,,,,SKQ201610S,,
J2-907,ASNAP,2016/07/12 22:15:58,45.8165474,-129.7543760,20995.51,-11128.16,357.54,-4.3,1.9,0.00,1166.01,1166.01,HMR2300,-15086.7,-7993.3,44166.7,47351.8,,,,,,,,SKQ201610S,,
J2-907,ASNAP,2016/07/12 22:16:13,45.8165379,-129.7543291,20999.15,-11129.21,357.68,-4.1,1.8,0.00,1158.81,1158.81,HMR2300,-14953.3,-7933.3,44220.0,47349.2,,,,,,,,SKQ201610S,,
J2-907,ASNAP,2016/07/12 22:16:28,45.8165484,-129.7543654,20996.33,-11128.04,357.82,-4.4,1.8,0.00,1151.60,1151.6,HMR2300,-14980.0,-7853.3,44120.0,47250.9,,,,,,,,SKQ201610S,,
J2-907,ASNAP,2016/07/12 22:16:43,45.8165296,-129.7543519,20997.38,-11130.14,357.74,-4.4,1.8,0.00,1143.73,1143.73,HMR2300,-14846.7,-7880.0,44106.7,47200.8,,,,,,,,SKQ201610S,,
J2-907,ASNAP,2016/07/12 22:16:58,45.8165310,-129.7543497,20997.55,-11129.98,357.49,-4.6,1.8,0.00,1136.72,1136.72,HMR2300,-14913.3,-8066.7,44126.7,47272.0,,,,,,,,SKQ201610S,,
J2-907,ASNAP,2016/07/12 22:17:13,45.8165351,-129.7543516,20997.40,-11129.52,357.57,-4.4,1.8,0.00,1129.52,1129.52,HMR2300,-15126.7,-8006.7,44133.3,47335.8,,,,,,,,SKQ201610S,,
J2-907,ASNAP,2016/07/12 22:17:28,45.8165238,-129.7543702,20995.96,-11130.78,357.77,-4.5,1.8,0.00,1122.18,1122.18,HMR2300,-15013.3,-7866.7,44126.7,47269.9,,,,,,,,SKQ201610S,,
J2-907,ASNAP,2016/07/12 22:17:43,45.8165238,-129.7543702,20995.96,-11130.78,357.69,-4.5,1.8,0.00,1114.38,1114.38,HMR2300,-15066.7,-7866.7,44013.3,47181.2,,,,,,,,SKQ201610S,,
J2-907,ASNAP,2016/07/12 22:17:58,45.8165223,-129.7543327,20998.87,-11130.95,357.68,-4.2,1.8,0.00,1107.24,1107.24,HMR2300,-14753.3,-8033.3,44220.0,47303.3,,,,,,,,SKQ201610S,,
J2-907,ASNAP,2016/07/12 22:18:13,45.8165224,-129.7543244,20999.51,-11130.93,357.65,-4.4,1.7,0.00,1099.96,1099.96,HMR2300,-14786.7,-7913.3,44280.0,47349.6,,,,,,,,SKQ201610S,,
J2-907,ASNAP,2016/07/12 22:18:28,45.8165390,-129.7543587,20996.85,-11129.09,357.57,-4.2,1.7,0.00,1092.82,1092.82,HMR2300,-14906.7,-7846.7,44173.3,47276.4,,,,,,,,SKQ201610S,,
J2-907,ASNAP,2016/07/12 22:18:43,45.8165395,-129.7543589,20996.84,-11129.03,357.68,-4.4,1.8,0.00,1085.01,1085.01,HMR2300,-14940.0,-7886.7,44080.0,47206.5,,,,,,,,SKQ201610S,,
J2-907,ASNAP,2016/07/12 22:18:58,45.8165359,-129.7543519,20997.38,-11129.44,357.76,-4.6,1.8,0.00,1078.03,1078.03,HMR2300,-15046.7,-8013.3,44126.7,47305.2,,,,,,,,SKQ201610S,,
J2-907,ASNAP,2016/07/12 22:19:13,45.8165394,-129.7543346,20998.72,-11129.05,357.66,-4.4,1.8,0.00,1070.75,1070.75,HMR2300,-14986.7,-7986.7,44226.7,47374.9,,,,,,,,SKQ201610S,,
J2-907,ASNAP,2016/07/12 22:19:28,45.8165416,-129.7543235,20999.58,-11128.80,357.87,-4.3,1.8,0.00,1063.56,1063.56,HMR2300,-15020.0,-7840.0,44193.3,47329.9,,,,,,,,SKQ201610S,,
J2-907,ASNAP,2016/07/12 22:19:43,45.8165556,-129.7543431,20998.06,-11127.25,357.80,-4.3,1.7,0.00,1055.79,1055.79,HMR2300,-14753.3,-7920.0,44193.3,47259.3,,,,,,,,SKQ201610S,,
J2-907,ASNAP,2016/07/12 22:19:58,45.8165391,-129.7543203,20999.83,-11129.08,357.85,-4.1,1.7,0.00,1048.51,1048.51,HMR2300,-14520.0,-7833.3,44426.7,47391.1,,,,,,,,SKQ201610S,,
J2-907,ASNAP,2016/07/12 22:20:13,45.8165435,-129.7543676,20996.16,-11128.59,357.76,-4.3,1.7,0.00,1041.21,1041.21,HMR2300,-14853.3,-7940.0,44253.3,47350.0,,,,,,,,SKQ201610S,,
J2-907,ASNAP,2016/07/12 22:20:28,45.8165359,-129.7543511,20997.44,-11129.44,357.61,-4.4,1.8,0.00,1034.38,1034.38,HMR2300,-14986.7,-7866.7,44186.7,47317.5,,,,,,,,SKQ201610S,,
J2-907,ASNAP,2016/07/12 22:20:43,45.8165321,-129.7543440,20997.99,-11129.86,357.66,-4.3,1.8,0.00,1026.41,1026.41,HMR2300,-15033.3,-7900.0,44046.7,47207.2,,,,,,,,SKQ201610S,,
J2-907,ASNAP,2016/07/12 22:20:58,45.8165296,-129.7543528,20997.31,-11130.13,357.86,-4.1,1.8,0.00,1019.40,1019.4,HMR2300,-14940.0,-7946.7,44253.3,47378.4,,,,,,,,SKQ201610S,,
J2-907,ASNAP,2016/07/12 22:21:13,45.8165355,-129.7543591,20996.82,-11129.48,357.74,-4.4,1.9,0.00,1012.34,1012.34,HMR2300,-15080.0,-7906.7,44146.7,47316.5,,,,,,,,SKQ201610S,,
J2-907,ASNAP,2016/07/12 22:21:28,45.8165313,-129.7543310,20999.00,-11129.95,357.70,-4.4,1.9,0.00,1005.16,1005.16,HMR2300,-15033.3,-7953.3,44046.7,47216.2,,,,,,,,SKQ201610S,,
J2-907,ASNAP,2016/07/12 22:21:43,45.8165399,-129.7543275,20999.27,-11128.99,357.80,-3.9,1.8,0.00,997.45,997.45,HMR2300,-14593.3,-7940.0,44253.3,47269.1,,,,,,,,SKQ201610S,,
J2-907,ASNAP,2016/07/12 22:21:58,45.8165413,-129.7543422,20998.13,-11128.84,357.61,-4.1,1.7,0.00,990.25,990.25,HMR2300,-14780.0,-7866.7,44280.0,47339.7,,,,,,,,SKQ201610S,,
J2-907,ASNAP,2016/07/12 22:22:13,45.8165355,-129.7543257,20999.41,-11129.48,357.76,-4.3,1.8,0.00,983.18,983.18,HMR2300,-14986.7,-7880.0,44080.0,47220.1,,,,,,,,SKQ201610S,,
J2-907,ASNAP,2016/07/12 22:22:28,45.8165422,-129.7543389,20998.39,-11128.73,357.61,-4.1,1.8,0.00,975.98,975.98,HMR2300,-14673.3,-7946.7,44213.3,47257.5,,,,,,,,SKQ201610S,,
J2-907,ASNAP,2016/07/12 22:22:43,45.8165431,-129.7543280,20999.23,-11128.63,357.69,-4.2,1.8,0.00,968.21,968.21,HMR2300,-14780.0,-8006.7,44280.0,47363.2,,,,,,,,SKQ201610S,,
J2-907,ASNAP,2016/07/12 22:22:58,45.8165376,-129.7543399,20998.31,-11129.25,357.74,-4.1,1.8,0.00,961.12,961.12,HMR2300,-14753.3,-7933.3,44300.0,47361.3,,,,,,,,SKQ201610S,,
J2-907,ASNAP,2016/07/12 22:23:13,45.8165266,-129.7543353,20998.67,-11130.47,357.97,-4.3,1.9,0.00,954.06,954.06,HMR2300,-14913.3,-7933.3,44126.7,47249.4,,,,,,,,SKQ201610S,,
J2-907,ASNAP,2016/07/12 22:23:28,45.8165362,-129.7543311,20998.99,-11129.40,357.77,-4.3,1.6,0.00,946.97,946.97,HMR2300,-15066.7,-7860.0,44146.7,47304.5,,,,,,,,SKQ201610S,,
J2-907,ASNAP,2016/07/12 22:23:43,45.8165426,-129.7542725,21003.54,-11128.69,357.82,-4.5,1.7,0.00,938.94,938.94,HMR2300,-15120.0,-7733.3,44146.7,47300.6,,,,,,,,SKQ201610S,,
J2-907,ASNAP,2016/07/12 22:23:58,45.8165294,-129.7543007,21001.35,-11130.16,357.57,-4.5,1.8,0.00,932.27,932.27,HMR2300,-15040.0,-7853.3,44006.7,47164.2,,,,,,,,SKQ201610S,,
J2-907,ASNAP,2016/07/12 22:24:13,45.8165183,-129.7543440,20997.99,-11131.39,357.64,-4.5,1.9,0.00,925.06,925.06,HMR2300,-14886.7,-8106.7,44146.7,47289.1,,,,,,,,SKQ201610S,,
J2-907,ASNAP,2016/07/12 22:24:28,45.8165298,-129.7543092,21000.69,-11130.11,357.65,-4.2,1.8,0.00,918.00,918,HMR2300,-14933.3,-7833.3,44133.3,47245.3,,,,,,,,SKQ201610S,,
J2-907,ASNAP,2016/07/12 22:24:43,45.8165237,-129.7543336,20998.80,-11130.79,357.60,-4.3,1.7,0.00,910.47,910.47,HMR2300,-14820.0,-7953.3,44146.7,47242.1,,,,,,,,SKQ201610S,,
J2-907,ASNAP,2016/07/12 22:24:58,45.8165184,-129.7543203,20999.83,-11131.38,357.60,-4.4,1.7,0.00,903.34,903.34,HMR2300,-15013.3,-8000.0,44146.7,47311.0,,,,,,,,SKQ201610S,,
J2-907,ASNAP,2016/07/12 22:25:13,45.8165352,-129.7543229,20999.63,-11129.51,357.69,-4.7,1.8,0.00,896.02,896.02,HMR2300,-15146.7,-7833.3,44126.7,47306.9,,,,,,,,SKQ201610S,,
J2-907,ASNAP,2016/07/12 22:25:28,45.8165190,-129.7543024,21001.22,-11131.31,357.66,-4.8,1.8,0.00,889.13,889.13,HMR2300,-15213.3,-7806.7,43893.3,47106.4,,,,,,,,SKQ201610S,,
J2-907,ASNAP,2016/07/12 22:25:43,45.8165193,-129.7543215,20999.74,-11131.28,357.60,-4.5,1.7,0.00,881.35,881.35,HMR2300,-15060.0,-7820.0,44140.0,47289.5,,,,,,,,SKQ201610S,,
J2-907,ASNAP,2016/07/12 22:25:58,45.8165215,-129.7543309,20999.01,-11131.04,357.61,-4.8,1.8,0.00,874.23,874.23,HMR2300,-15093.3,-7946.7,43993.3,47184.4,,,,,,,,SKQ201610S,,
J2-907,ASNAP,2016/07/12 22:26:13,45.8165310,-129.7543122,21000.46,-11129.98,357.64,-4.8,1.8,0.00,867.22,867.22,HMR2300,-15080.0,-8013.3,44033.3,47228.7,,,,,,,,SKQ201610S,,
J2-907,ASNAP,2016/07/12 22:26:28,45.8165210,-129.7543243,20999.52,-11131.09,357.62,-4.3,1.8,0.00,860.20,860.2,HMR2300,-14980.0,-7966.7,44166.7,47313.5,,,,,,,,SKQ201610S,,
J2-907,ASNAP,2016/07/12 22:26:43,45.8165251,-129.7543295,20999.12,-11130.63,357.62,-4.5,1.8,0.00,852.41,852.41,HMR2300,-14826.7,-8093.3,44173.3,47292.9,,,,,,,,SKQ201610S,,
J2-907,ASNAP,2016/07/12 22:26:58,45.8165328,-129.7543492,20997.59,-11129.78,357.62,-4.3,1.8,0.00,845.23,845.23,HMR2300,-15040.0,-8033.3,44126.7,47306.4,,,,,,,,SKQ201610S,,
J2-907,ASNAP,2016/07/12 22:27:13,45.8165484,-129.7543729,20995.75,-11128.05,357.86,-4.5,1.8,0.00,837.80,837.8,HMR2300,-15173.3,-7793.3,44006.7,47197.0,,,,,,,,SKQ201610S,,
J2-907,ASNAP,2016/07/12 22:27:28,45.8165356,-129.7543479,20997.69,-11129.47,357.60,-4.6,1.7,0.00,830.36,830.36,HMR2300,-14933.3,-7940.0,44120.0,47250.6,,,,,,,,SKQ201610S,,
J2-907,ASNAP,2016/07/12 22:27:43,45.8165256,-129.7543534,20997.26,-11130.58,357.81,-4.6,1.8,0.00,822.55,822.55,HMR2300,-15253.3,-7886.7,44053.3,47281.7,,,,,,,,SKQ201610S,,
J2-907,ASNAP,2016/07/12 22:27:58,45.8165244,-129.7542994,21001.45,-11130.71,357.65,-4.3,1.7,0.00,815.48,815.48,HMR2300,-14960.0,-7993.3,44120.0,47268.1,,,,,,,,SKQ201610S,,
J2-907,ASNAP,2016/07/12 22:28:13,45.8165168,-129.7543136,21000.35,-11131.56,357.58,-4.6,1.8,0.00,808.03,808.03,HMR2300,-15000.0,-7853.3,44186.7,47319.5,,,,,,,,SKQ201610S,,
J2-907,ASNAP,2016/07/12 22:28:28,45.8165127,-129.7543122,21000.46,-11132.01,357.58,-4.8,1.7,0.00,800.88,800.88,HMR2300,-15126.7,-7820.0,43993.3,47174.0,,,,,,,,SKQ201610S,,
J2-907,ASNAP,2016/07/12 22:28:43,45.8165180,-129.7543190,20999.93,-11131.42,357.94,-4.4,1.7,0.00,792.90,792.9,HMR2300,-14906.7,-7766.7,44166.7,47257.0,,,,,,,,SKQ201610S,,
J2-907,ASNAP,2016/07/12 22:28:58,45.8165088,-129.7542935,21001.91,-11132.45,357.81,-4.7,1.7,0.00,785.72,785.72,HMR2300,-15300.0,-7766.7,44040.0,47264.5,,,,,,,,SKQ201610S,,
J2-907,ASNAP,2016/07/12 22:29:13,45.8165081,-129.7543162,21000.15,-11132.53,357.87,-4.7,1.6,0.00,778.42,778.42,HMR2300,-15080.0,-7786.7,44140.0,47290.4,,,,,,,,SKQ201610S,,
J2-907,ASNAP,2016/07/12 22:29:28,45.8165047,-129.7543079,21000.79,-11132.90,357.81,-4.6,1.7,0.00,771.17,771.17,HMR2300,-15213.3,-7700.0,44060.0,47244.2,,,,,,,,SKQ201610S,,
J2-907,ASNAP,2016/07/12 22:29:43,45.8165099,-129.7542780,21003.11,-11132.32,357.68,-5.0,1.7,0.00,763.99,763.99,HMR2300,-15440.0,-7860.0,43826.7,47127.0,,,,,,,,SKQ201610S,,
J2-907,ASNAP,2016/07/12 22:29:58,45.8165052,-129.7542960,21001.72,-11132.85,357.61,-4.6,1.7,0.00,755.94,755.94,HMR2300,-15000.0,-7860.0,44166.7,47301.9,,,,,,,,SKQ201610S,,
J2-907,ASNAP,2016/07/12 22:30:13,45.8165391,-129.7543024,21001.22,-11129.08,357.62,-4.7,1.6,0.00,748.77,748.77,HMR2300,-14853.3,-7860.0,44180.0,47268.1,,,,,,,,SKQ201610S,,
J2-907,ASNAP,2016/07/12 22:30:28,45.8165092,-129.7543088,21000.72,-11132.40,357.86,-4.7,1.7,0.00,741.62,741.62,HMR2300,-15180.0,-7733.3,44073.3,47251.4,,,,,,,,SKQ201610S,,
J2-907,ASNAP,2016/07/12 22:30:43,45.8165105,-129.7543056,21000.97,-11132.26,357.70,-4.5,1.7,0.00,734.31,734.31,HMR2300,-14800.0,-7833.3,44133.3,47203.3,,,,,,,,SKQ201610S,,
J2-907,ASNAP,2016/07/12 22:30:58,45.8165126,-129.7542958,21001.73,-11132.03,357.66,-4.3,1.6,0.00,726.48,726.48,HMR2300,-15066.7,-7846.7,44146.7,47302.2,,,,,,,,SKQ201610S,,
J2-907,ASNAP,2016/07/12 22:31:13,45.8165222,-129.7543131,21000.39,-11130.96,357.90,-4.4,1.7,0.00,719.36,719.36,HMR2300,-15026.7,-7733.3,44073.3,47202.4,,,,,,,,SKQ201610S,,
J2-907,ASNAP,2016/07/12 22:31:28,45.8165239,-129.7543123,21000.45,-11130.77,357.61,-4.4,1.7,0.00,712.26,712.26,HMR2300,-15153.3,-7800.0,44073.3,47253.8,,,,,,,,SKQ201610S,,
J2-907,ASNAP,2016/07/12 22:31:43,45.8165139,-129.7543131,21000.39,-11131.88,357.76,-4.3,1.7,0.00,704.88,704.88,HMR2300,-14826.7,-7886.7,44126.7,47214.3,,,,,,,,SKQ201610S,,
J2-907,ASNAP,2016/07/12 22:31:58,45.8165248,-129.7543043,21001.07,-11130.67,357.58,-4.4,1.9,0.00,697.06,697.06,HMR2300,-15040.0,-7966.7,44126.7,47295.2,,,,,,,,SKQ201610S,,
J2-907,ASNAP,2016/07/12 22:32:13,45.8164901,-129.7542871,21002.41,-11134.52,357.76,-4.2,1.7,0.00,689.81,689.81,HMR2300,-14780.0,-7806.7,44120.0,47180.2,,,,,,,,SKQ201610S,,
J2-907,ASNAP,2016/07/12 22:32:28,45.8165261,-129.7542890,21002.26,-11130.52,357.80,-4.1,1.6,0.00,682.57,682.57,HMR2300,-14873.3,-7786.7,44220.0,47299.6,,,,,,,,SKQ201610S,,
J2-907,ASNAP,2016/07/12 22:32:43,45.8165232,-129.7543034,21001.14,-11130.85,357.57,-4.3,1.6,0.00,674.84,674.84,HMR2300,-14786.7,-7913.3,44226.7,47299.7,,,,,,,,SKQ201610S,,
J2-907,ASNAP,2016/07/12 22:32:58,45.8165318,-129.7542972,21001.62,-11129.89,357.81,-4.2,1.7,0.00,667.62,667.62,HMR2300,-14846.7,-7646.7,44226.7,47274.7,,,,,,,,SKQ201610S,,
J2-907,ASNAP,2016/07/12 22:33:13,45.8165274,-129.7542863,21002.47,-11130.38,357.90,-4.3,1.6,0.00,660.40,660.4,HMR2300,-14926.7,-7806.7,44106.7,47213.8,,,,,,,,SKQ201610S,,
J2-907,ASNAP,2016/07/12 22:33:28,45.8165263,-129.7542740,21003.42,-11130.50,357.84,-4.3,1.5,0.00,653.26,653.26,HMR2300,-15146.7,-7660.0,44126.7,47278.5,,,,,,,,SKQ201610S,,
J2-907,ASNAP,2016/07/12 22:33:43,45.8165260,-129.7542988,21001.50,-11130.53,357.62,-4.5,1.6,0.00,645.35,645.35,HMR2300,-15200.0,-7706.7,44080.0,47259.7,,,,,,,,SKQ201610S,,
J2-907,ASNAP,2016/07/12 22:33:58,45.8165377,-129.7543206,20999.81,-11129.23,357.71,-4.2,1.6,0.00,638.17,638.17,HMR2300,-14786.7,-7693.3,44093.3,47138.7,,,,,,,,SKQ201610S,,
J2-907,ASNAP,2016/07/12 22:34:13,45.8165246,-129.7542930,21001.95,-11130.69,357.80,-4.6,1.6,0.00,631.00,631,HMR2300,-15153.3,-7700.0,44106.7,47268.5,,,,,,,,SKQ201610S,,
J2-907,ASNAP,2016/07/12 22:34:28,45.8165246,-129.7542930,21001.95,-11130.69,357.68,-4.5,1.5,0.00,623.84,623.84,HMR2300,-14800.0,-7733.3,44106.7,47161.9,,,,,,,,SKQ201610S,,
J2-907,ASNAP,2016/07/12 22:34:43,45.8165246,-129.7542930,21001.95,-11130.69,357.93,-4.5,1.6,0.00,616.03,616.03,HMR2300,-15333.3,-7640.0,43986.7,47205.0,,,,,,,,SKQ201610S,,
J2-907,ASNAP,2016/07/12 22:34:58,45.8165246,-129.7542930,21001.95,-11130.69,357.77,-4.8,1.5,0.00,608.93,608.93,HMR2300,-15513.3,-7686.7,43893.3,47184.5,,,,,,,,SKQ201610S,,
J2-907,ASNAP,2016/07/12 22:35:13,45.8165246,-129.7542930,21001.95,-11130.69,357.64,-4.4,1.6,0.00,601.88,601.88,HMR2300,-15300.0,-7686.7,43866.7,47089.9,,,,,,,,SKQ201610S,,
J2-907,ASNAP,2016/07/12 22:35:28,45.8165246,-129.7542930,21001.95,-11130.69,357.59,-4.2,1.5,0.00,594.54,594.54,HMR2300,-14913.3,-7733.3,44206.7,47291.0,,,,,,,,SKQ201610S,,
J2-907,ASNAP,2016/07/12 22:35:43,45.8165246,-129.7542930,21001.95,-11130.69,357.61,-4.7,1.6,0.00,587.50,587.5,HMR2300,-15126.7,-7800.0,43966.7,47145.8,,,,,,,,SKQ201610S,,
J2-907,ASNAP,2016/07/12 22:35:58,45.8165246,-129.7542930,21001.95,-11130.69,357.69,-4.4,1.6,0.00,579.52,579.52,HMR2300,-14946.7,-7700.0,44180.0,47271.2,,,,,,,,SKQ201610S,,
J2-907,ASNAP,2016/07/12 22:36:13,45.8165246,-129.7542930,21001.95,-11130.69,357.88,-4.7,1.6,0.00,572.45,572.45,HMR2300,-15326.7,-7660.0,44006.7,47224.7,,,,,,,,SKQ201610S,,
J2-907,ASNAP,2016/07/12 22:36:28,45.8165246,-129.7542930,21001.95,-11130.69,357.82,-4.8,1.6,0.00,565.22,565.22,HMR2300,-15093.3,-7766.7,44033.3,47191.8,,,,,,,,SKQ201610S,,
J2-907,ASNAP,2016/07/12 22:36:43,45.8165246,-129.7542930,21001.95,-11130.69,357.49,-4.8,1.6,0.00,558.20,558.2,HMR2300,-15440.0,-7740.0,43846.7,47125.7,,,,,,,,SKQ201610S,,
J2-907,ASNAP,2016/07/12 22:36:58,45.8165252,-129.7542999,21001.41,-11130.62,357.88,-4.6,1.7,0.00,550.23,550.23,HMR2300,-15320.0,-7686.7,44013.3,47233.0,,,,,,,,SKQ201610S,,
J2-907,ASNAP,2016/07/12 22:37:13,45.8165307,-129.7542587,21004.61,-11130.01,357.77,-4.5,1.6,0.00,543.05,543.05,HMR2300,-15306.7,-7806.7,43966.7,47204.9,,,,,,,,SKQ201610S,,
J2-907,ASNAP,2016/07/12 22:37:28,45.8165236,-129.7542724,21003.55,-11130.80,357.80,-4.3,1.6,0.00,536.00,536,HMR2300,-14806.7,-7666.7,44106.7,47153.1,,,,,,,,SKQ201610S,,
J2-907,ASNAP,2016/07/12 22:37:43,45.8165368,-129.7542686,21003.84,-11129.33,357.81,-3.9,1.7,0.00,528.61,528.61,HMR2300,-14766.7,-7653.3,44273.3,47294.4,,,,,,,,SKQ201610S,,
J2-907,ASNAP,2016/07/12 22:37:58,45.8165399,-129.7542632,21004.26,-11128.99,357.95,-4.4,1.5,0.00,520.86,520.86,HMR2300,-15013.3,-7653.3,44140.0,47247.4,,,,,,,,SKQ201610S,,
J2-907,ASNAP,2016/07/12 22:38:13,45.8165419,-129.7542700,21003.73,-11128.77,357.93,-4.3,1.6,0.00,513.99,513.99,HMR2300,-14893.3,-7620.0,44073.3,47141.6,,,,,,,,SKQ201610S,,
J2-907,ASNAP,2016/07/12 22:38:28,45.8165391,-129.7542613,21004.41,-11129.08,357.97,-4.2,1.5,0.00,506.81,506.81,HMR2300,-14580.0,-7540.0,44220.0,47168.2,,,,,,,,SKQ201610S,,
J2-907,ASNAP,2016/07/12 22:38:43,45.8165377,-129.7542494,21005.33,-11129.24,357.96,-3.9,1.4,0.00,499.68,499.68,HMR2300,-14926.7,-7393.3,44180.0,47215.9,,,,,,,,SKQ201610S,,
J2-907,ASNAP,2016/07/12 22:38:58,45.8165434,-129.7542533,21005.03,-11128.60,357.93,-4.0,1.3,0.00,491.81,491.81,HMR2300,-14780.0,-7266.7,44300.0,47262.5,,,,,,,,SKQ201610S,,
J2-907,ASNAP,2016/07/12 22:39:13,45.8165405,-129.7542422,21005.89,-11128.92,358.11,-4.3,1.3,0.00,484.51,484.51,HMR2300,-14873.3,-7406.7,44120.0,47145.0,,,,,,,,SKQ201610S,,
J2-907,ASNAP,2016/07/12 22:39:28,45.8165335,-129.7542410,21005.98,-11129.70,358.02,-4.6,1.5,0.00,477.28,477.28,HMR2300,-15126.7,-7453.3,44046.7,47164.4,,,,,,,,SKQ201610S,,
J2-907,ASNAP,2016/07/12 22:39:43,45.8165328,-129.7542561,21004.81,-11129.78,358.00,-4.5,1.4,0.00,470.19,470.19,HMR2300,-15013.3,-7386.7,44026.7,47098.9,,,,,,,,SKQ201610S,,
J2-907,ASNAP,2016/07/12 22:39:58,45.8165317,-129.7542560,21004.82,-11129.90,357.88,-4.3,1.4,0.00,462.13,462.13,HMR2300,-15060.0,-7460.0,44120.0,47212.6,,,,,,,,SKQ201610S,,
J2-907,ASNAP,2016/07/12 22:40:13,45.8165243,-129.7542403,21006.04,-11130.72,358.06,-4.1,1.4,0.00,455.11,455.11,HMR2300,-14886.7,-7426.7,44213.3,47239.7,,,,,,,,SKQ201610S,,
J2-907,ASNAP,2016/07/12 22:40:28,45.8165240,-129.7542405,21006.02,-11130.76,358.08,-4.3,1.4,0.00,447.91,447.91,HMR2300,-14806.7,-7420.0,44133.3,47138.6,,,,,,,,SKQ201610S,,
J2-907,ASNAP,2016/07/12 22:40:43,45.8165264,-129.7542425,21005.87,-11130.49,358.06,-4.3,1.4,0.00,440.84,440.84,HMR2300,-14893.3,-7466.7,44133.3,47173.2,,,,,,,,SKQ201610S,,
J2-907,ASNAP,2016/07/12 22:40:58,45.8165215,-129.7542260,21007.15,-11131.03,357.98,-4.8,1.4,0.00,432.97,432.97,HMR2300,-15286.7,-7400.0,43860.0,47033.4,,,,,,,,SKQ201610S,,
J2-907,ASNAP,2016/07/12 22:41:13,45.8165186,-129.7542202,21007.60,-11131.36,357.95,-4.3,1.2,0.00,425.74,425.74,HMR2300,-15066.7,-7166.7,44100.0,47150.6,,,,,,,,SKQ201610S,,
J2-907,ASNAP,2016/07/12 22:41:28,45.8165217,-129.7542185,21007.73,-11131.01,358.05,-4.3,1.3,0.00,418.45,418.45,HMR2300,-15126.7,-7286.7,44100.0,47188.2,,,,,,,,SKQ201610S,,
J2-907,ASNAP,2016/07/12 22:41:43,45.8165254,-129.7542204,21007.58,-11130.60,357.97,-4.5,1.3,0.00,411.32,411.32,HMR2300,-15040.0,-7326.7,44166.7,47229.0,,,,,,,,SKQ201610S,,
J2-907,ASNAP,2016/07/12 22:41:58,45.8165265,-129.7542141,21008.07,-11130.48,357.96,-4.2,1.1,0.00,403.67,403.67,HMR2300,-15080.0,-7120.0,44146.7,47191.4,,,,,,,,SKQ201610S,,
J2-907,ASNAP,2016/07/12 22:42:13,45.8166283,-129.7542551,21004.89,-11119.17,358.01,-4.4,1.3,0.00,396.24,396.24,HMR2300,-15093.3,-7460.0,44106.7,47210.8,,,,,,,,SKQ201610S,,
J2-907,ASNAP,2016/07/12 22:42:28,45.8165209,-129.7542122,21008.22,-11131.10,358.18,-4.4,1.4,0.00,389.05,389.05,HMR2300,-15046.7,-7386.7,44093.3,47171.9,,,,,,,,SKQ201610S,,
J2-907,ASNAP,2016/07/12 22:42:43,45.8165287,-129.7542171,21007.84,-11130.24,358.25,-4.3,1.3,0.00,381.95,381.95,HMR2300,-14913.3,-7400.0,44053.3,47094.2,,,,,,,,SKQ201610S,,
J2-907,ASNAP,2016/07/12 22:42:58,45.8165400,-129.7542172,21007.83,-11128.98,358.19,-4.1,1.3,0.00,374.19,374.19,HMR2300,-14913.3,-7160.0,44046.7,47050.8,,,,,,,,SKQ201610S,,
J2-907,ASNAP,2016/07/12 22:43:13,45.8165386,-129.7542155,21007.96,-11129.13,358.12,-4.1,1.2,0.00,367.06,367.06,HMR2300,-14853.3,-7220.0,44193.3,47178.4,,,,,,,,SKQ201610S,,
J2-907,ASNAP,2016/07/12 22:43:28,45.8165374,-129.7542069,21008.63,-11129.27,358.36,-4.3,1.3,0.00,359.95,359.95,HMR2300,-14840.0,-7220.0,44140.0,47124.2,,,,,,,,SKQ201610S,,
J2-907,ASNAP,2016/07/12 22:43:43,45.8165422,-129.7542162,21007.91,-11128.73,358.08,-4.3,1.3,0.00,352.75,352.75,HMR2300,-14680.0,-7286.7,44166.7,47109.4,,,,,,,,SKQ201610S,,
J2-907,ASNAP,2016/07/12 22:43:58,45.8165424,-129.7542164,21007.89,-11128.71,358.15,-4.3,1.3,0.00,344.92,344.92,HMR2300,-14940.0,-7453.3,44033.3,47092.4,,,,,,,,SKQ201610S,,
J2-907,ASNAP,2016/07/12 22:44:13,45.8165506,-129.7542298,21006.85,-11127.80,357.80,-4.0,1.5,0.00,337.81,337.81,HMR2300,-14813.3,-7673.3,44266.7,47305.9,,,,,,,,SKQ201610S,,
J2-907,ASNAP,2016/07/12 22:44:28,45.8165537,-129.7542425,21005.87,-11127.46,357.86,-4.0,1.5,0.00,330.57,330.57,HMR2300,-14620.0,-7553.3,44326.7,47282.7,,,,,,,,SKQ201610S,,
J2-907,ASNAP,2016/07/12 22:44:43,45.8165541,-129.7542453,21005.65,-11127.41,357.90,-3.9,1.3,0.00,323.45,323.45,HMR2300,-14606.7,-7493.3,44333.3,47275.2,,,,,,,,SKQ201610S,,
J2-907,ASNAP,2016/07/12 22:44:58,45.8165481,-129.7542289,21006.92,-11128.08,357.62,-3.9,1.5,0.00,315.72,315.72,HMR2300,-14593.3,-7660.0,44366.7,47329.1,,,,,,,,SKQ201610S,,
J2-907,ASNAP,2016/07/12 22:45:13,45.8165525,-129.7542282,21006.98,-11127.59,357.57,-3.8,1.3,0.00,308.59,308.59,HMR2300,-14566.7,-7440.0,44353.3,47273.2,,,,,,,,SKQ201610S,,
J2-907,ASNAP,2016/07/12 22:45:28,45.8165463,-129.7542212,21007.52,-11128.28,357.93,-4.0,1.5,0.00,301.35,301.35,HMR2300,-14653.3,-7466.7,44166.7,47129.2,,,,,,,,SKQ201610S,,
J2-907,ASNAP,2016/07/12 22:45:43,45.8165485,-129.7542275,21007.03,-11128.03,357.91,-4.0,1.4,0.00,294.30,294.3,HMR2300,-14626.7,-7460.0,44206.7,47157.4,,,,,,,,SKQ201610S,,
J2-907,ASNAP,2016/07/12 22:45:58,45.8165461,-129.7542244,21007.27,-11128.30,357.93,-3.8,1.2,0.00,286.72,286.72,HMR2300,-14566.7,-7286.7,44333.3,47230.6,,,,,,,,SKQ201610S,,
J2-907,ASNAP,2016/07/12 22:46:13,45.8165527,-129.7542449,21005.68,-11127.57,357.81,-3.9,1.2,0.00,279.36,279.36,HMR2300,-14740.0,-7286.7,44320.0,47271.8,,,,,,,,SKQ201610S,,
J2-907,ASNAP,2016/07/12 22:46:28,45.8165480,-129.7542421,21005.90,-11128.09,358.03,-4.0,1.2,0.00,272.34,272.34,HMR2300,-14846.7,-7273.3,44220.0,47209.5,,,,,,,,SKQ201610S,,
J2-907,ASNAP,2016/07/12 22:46:43,45.8165408,-129.7542541,21004.97,-11128.89,357.61,-3.9,1.4,0.00,265.16,265.16,HMR2300,-14626.7,-7540.0,44326.7,47282.6,,,,,,,,SKQ201610S,,
J2-907,ASNAP,2016/07/12 22:46:58,45.8165429,-129.7542610,21004.43,-11128.66,11.84,-3.9,1.6,0.00,257.36,257.36,HMR2300,-15720.0,-2593.3,43853.3,46657.9,,,,,,,,SKQ201610S,,
J2-907,ASNAP,2016/07/12 22:47:13,45.8165374,-129.7542574,21004.71,-11129.27,14.36,-4.0,1.7,0.00,250.26,250.26,HMR2300,-15673.3,-1820.0,43646.7,46411.2,,,,,,,,SKQ201610S,,
J2-907,ASNAP,2016/07/12 22:47:28,45.8165328,-129.7542568,21004.76,-11129.78,14.06,-4.0,1.7,0.00,243.25,243.25,HMR2300,-15733.3,-1860.0,43793.3,46571.0,,,,,,,,SKQ201610S,,
J2-907,ASNAP,2016/07/12 22:47:43,45.8165388,-129.7542557,21004.84,-11129.11,14.11,-3.8,1.7,0.00,236.29,236.29,HMR2300,-15633.3,-1826.7,43826.7,46567.3,,,,,,,,SKQ201610S,,
J2-907,ASNAP,2016/07/12 22:47:58,45.8165353,-129.7542586,21004.62,-11129.50,14.06,-4.0,1.7,0.00,228.44,228.44,HMR2300,-15746.7,-1853.3,43686.7,46474.9,,,,,,,,SKQ201610S,,
J2-907,ASNAP,2016/07/12 22:48:13,45.8165334,-129.7542542,21004.96,-11129.71,14.07,-4.0,1.6,0.00,221.31,221.31,HMR2300,-15726.7,-1866.7,43780.0,46556.4,,,,,,,,SKQ201610S,,
J2-907,ASNAP,2016/07/12 22:48:28,45.8165339,-129.7542706,21003.69,-11129.66,14.01,-4.2,1.8,0.00,214.15,214.15,HMR2300,-15793.3,-1940.0,43593.3,46406.6,,,,,,,,SKQ201610S,,
J2-907,ASNAP,2016/07/12 22:48:43,45.8165262,-129.7542606,21004.46,-11130.51,13.98,-4.4,1.9,0.00,207.04,207.04,HMR2300,-16113.3,-2100.0,43600.0,46529.7,,,,,,,,SKQ201610S,,
J2-907,ASNAP,2016/07/12 22:48:58,45.8165268,-129.7542660,21004.04,-11130.45,13.71,-4.2,1.9,0.00,199.35,199.35,HMR2300,-16006.7,-2140.0,43666.7,46557.2,,,,,,,,SKQ201610S,,
J2-907,ASNAP,2016/07/12 22:49:13,45.8165310,-129.7542734,21003.47,-11129.98,13.97,-4.3,1.9,0.00,192.31,192.31,HMR2300,-15940.0,-2113.3,43693.3,46558.1,,,,,,,,SKQ201610S,,
J2-907,ASNAP,2016/07/12 22:49:28,45.8165395,-129.7542793,21003.01,-11129.04,13.89,-3.7,1.8,0.00,185.25,185.25,HMR2300,-15173.3,-2860.0,44526.7,47127.8,,,,,,,,SKQ201610S,,
J2-907,ASNAP,2016/07/12 22:49:43,45.8165345,-129.7542858,21002.51,-11129.59,13.63,-3.5,1.8,0.00,179.64,179.64,HMR2300,-15026.7,-2733.3,44546.7,47092.2,,,,,,,,SKQ201610S,,
J2-907,ASNAP,2016/07/12 22:49:58,45.8165255,-129.7542984,21001.53,-11130.59,13.87,-4.0,1.9,0.00,178.82,178.82,HMR2300,-15573.3,-2573.3,44313.3,47040.6,,,,,,,,SKQ201610S,,
J2-907,ASNAP,2016/07/12 22:50:13,45.8165151,-129.7543073,21000.84,-11131.75,13.48,-3.6,1.9,0.00,178.67,178.67,HMR2300,-15033.3,-3046.7,44653.3,47214.4,,,,,,,,SKQ201610S,,
J2-907,ASNAP,2016/07/12 22:50:28,45.8165084,-129.7543126,21000.43,-11132.49,13.51,-4.2,1.6,0.00,178.94,178.94,HMR2300,-15573.3,-2713.3,44346.7,47079.9,,,,,,,,SKQ201610S,,
J2-907,ASNAP,2016/07/12 22:50:43,45.8164976,-129.7543141,21000.31,-11133.69,13.59,-4.3,1.8,0.00,179.14,179.14,HMR2300,-15680.0,-2800.0,44306.7,47082.7,,,,,,,,SKQ201610S,,
J2-907,ASNAP,2016/07/12 22:50:58,45.8164945,-129.7543149,21000.25,-11134.04,13.24,-4.2,1.9,0.00,179.25,179.25,HMR2300,-15760.0,-3026.7,44353.3,47167.3,,,,,,,,SKQ201610S,,
J2-907,ASNAP,2016/07/12 22:51:13,45.8164974,-129.7543262,20999.37,-11133.71,13.19,-4.0,2.0,0.00,178.89,178.89,HMR2300,-15546.7,-3046.7,44406.7,47148.0,,,,,,,,SKQ201610S,,
J2-907,ASNAP,2016/07/12 22:51:28,45.8164926,-129.7543252,20999.45,-11134.25,13.01,-4.1,2.1,0.00,179.03,179.03,HMR2300,-15613.3,-3000.0,44280.0,47047.8,,,,,,,,SKQ201610S,,
J2-907,EVT,2016/07/12 22:51:41,45.8164944,-129.7543115,21000.51,-11134.05,12.70,-4.3,1.8,0.00,178.95,178.95,HMR2300,-15426.7,-3220.0,44420.0,47132.7,,,,,,,,SKQ201610S,DLG,TXT: stopped ascent
J2-907,ASNAP,2016/07/12 22:51:43,45.8164944,-129.7543115,21000.51,-11134.05,12.87,-4.0,2.1,0.00,179.05,179.05,HMR2300,-15520.0,-3240.0,44400.0,47145.8,,,,,,,,SKQ201610S,,
J2-907,ASNAP,2016/07/12 22:51:58,45.8164961,-129.7542938,21001.89,-11133.86,12.81,-4.4,1.9,0.00,179.09,179.09,HMR2300,-15966.7,-2953.3,44253.3,47138.2,,,,,,,,SKQ201610S,,
J2-907,ASNAP,2016/07/12 22:52:13,45.8165000,-129.7542835,21002.69,-11133.43,11.95,-4.0,1.2,0.00,178.74,178.74,HMR2300,-15480.0,-2866.7,44493.3,47196.4,,,,,,,,SKQ201610S,,
J2-907,ASNAP,2016/07/12 22:52:28,45.8164996,-129.7542876,21002.37,-11133.47,12.25,-4.7,1.6,0.00,179.70,179.7,HMR2300,-15853.3,-3080.0,44300.0,47151.9,,,,,,,,SKQ201610S,,
J2-907,ASNAP,2016/07/12 22:52:43,45.8165025,-129.7542771,21003.18,-11133.15,12.94,-4.0,1.8,0.00,179.38,179.38,HMR2300,-15626.7,-2880.0,44413.3,47170.2,,,,,,,,SKQ201610S,,
J2-907,ASNAP,2016/07/12 22:52:58,45.8165066,-129.7542676,21003.92,-11132.69,11.45,-3.7,1.7,0.00,178.47,178.47,HMR2300,-15246.7,-3326.7,44466.7,47125.5,,,,,,,,SKQ201610S,,
J2-907,ASNAP,2016/07/12 22:53:13,45.8165024,-129.7542735,21003.46,-11133.16,12.53,-4.1,1.4,0.00,179.34,179.34,HMR2300,-15640.0,-2780.0,44420.0,47174.9,,,,,,,,SKQ201610S,,
J2-907,ASNAP,2016/07/12 22:53:28,45.8164998,-129.7542733,21003.48,-11133.45,12.61,-3.9,1.6,0.00,179.18,179.18,HMR2300,-15406.7,-3053.3,44466.7,47159.0,,,,,,,,SKQ201610S,,
J2-907,ASNAP,2016/07/12 22:53:43,45.8164931,-129.7542793,21003.01,-11134.19,13.26,-4.3,1.6,0.00,179.76,179.76,HMR2300,-15860.0,-2720.0,44306.7,47138.3,,,,,,,,SKQ201610S,,
J2-907,ASNAP,2016/07/12 22:53:58,45.8164928,-129.7542867,21002.44,-11134.22,12.86,-3.9,1.8,0.00,178.88,178.88,HMR2300,-15306.7,-2900.0,44440.0,47091.6,,,,,,,,SKQ201610S,,
J2-907,ASNAP,2016/07/12 22:54:13,45.8164867,-129.7542858,21002.51,-11134.90,12.92,-4.0,1.7,0.00,179.28,179.28,HMR2300,-15600.0,-2813.3,44446.7,47188.8,,,,,,,,SKQ201610S,,
J2-907,ASNAP,2016/07/12 22:54:28,45.8164872,-129.7543023,21001.23,-11134.85,13.09,-4.2,1.8,0.00,179.51,179.51,HMR2300,-15680.0,-2806.7,44233.3,47014.1,,,,,,,,SKQ201610S,,
J2-907,ASNAP,2016/07/12 22:54:43,45.8164870,-129.7542985,21001.52,-11134.87,12.85,-3.3,1.9,0.00,178.53,178.53,HMR2300,-15013.3,-3046.7,44646.7,47201.8,,,,,,,,SKQ201610S,,
J2-907,ASNAP,2016/07/12 22:54:58,45.8164837,-129.7542978,21001.58,-11135.24,13.22,-4.0,1.8,0.00,178.84,178.84,HMR2300,-15553.3,-3013.3,44453.3,47192.0,,,,,,,,SKQ201610S,,
J2-907,ASNAP,2016/07/12 22:55:13,45.8164827,-129.7542896,21002.21,-11135.35,13.14,-4.2,2.1,0.00,179.49,179.49,HMR2300,-15760.0,-2893.3,44273.3,47083.7,,,,,,,,SKQ201610S,,
J2-907,ASNAP,2016/07/12 22:55:28,45.8164928,-129.7543064,21000.91,-11134.22,13.04,-4.3,1.7,0.00,178.67,178.67,HMR2300,-15720.0,-3026.7,44366.7,47166.5,,,,,,,,SKQ201610S,,
J2-907,ASNAP,2016/07/12 22:55:43,45.8164889,-129.7542922,21002.01,-11134.66,13.98,-4.2,1.7,0.00,176.07,176.07,HMR2300,-15820.0,-2313.3,44186.7,46990.3,,,,,,,,SKQ201610S,,
J2-907,ASNAP,2016/07/12 22:55:58,45.8164925,-129.7543009,21001.34,-11134.26,12.89,-3.5,1.7,0.00,169.92,169.92,HMR2300,-15480.0,-2900.0,44466.7,47173.3,,,,,,,,SKQ201610S,,
J2-907,ASNAP,2016/07/12 22:56:13,45.8164995,-129.7542890,21002.26,-11133.48,13.09,-4.1,2.0,0.00,165.43,165.43,HMR2300,-15546.7,-2960.0,44406.7,47142.5,,,,,,,,SKQ201610S,,
J2-907,ASNAP,2016/07/12 22:56:28,45.8165114,-129.7543146,21000.27,-11132.16,11.31,-3.6,2.0,0.00,159.06,159.06,HMR2300,-15300.0,-3633.3,44560.0,47253.4,,,,,,,,SKQ201610S,,
J2-907,ASNAP,2016/07/12 22:56:43,45.8165138,-129.7542954,21001.76,-11131.89,11.74,-4.0,1.7,0.00,153.99,153.99,HMR2300,-15506.7,-3460.0,44506.7,47257.5,,,,,,,,SKQ201610S,,
J2-907,ASNAP,2016/07/12 22:56:58,45.8165198,-129.7542806,21002.91,-11131.22,9.97,-3.4,1.7,0.00,147.83,147.83,HMR2300,-14773.3,-4086.7,44873.3,47419.1,,,,,,,,SKQ201610S,,
J2-907,ASNAP,2016/07/12 22:57:13,45.8165248,-129.7542559,21004.83,-11130.67,12.61,-3.4,1.8,0.00,141.68,141.68,HMR2300,-15180.0,-2993.3,44580.0,47188.7,,,,,,,,SKQ201610S,,
J2-907,ASNAP,2016/07/12 22:57:28,45.8165175,-129.7542391,21006.13,-11131.48,14.31,-2.4,1.9,0.00,138.30,138.3,HMR2300,-14906.7,-2366.7,44786.7,47261.6,,,,,,,,SKQ201610S,,
J2-907,ASNAP,2016/07/12 22:57:43,45.8165175,-129.7542391,21006.13,-11131.48,13.96,-2.9,1.8,0.00,137.97,137.97,HMR2300,-14606.7,-2506.7,44786.7,47175.0,,,,,,,,SKQ201610S,,
J2-907,ASNAP,2016/07/12 22:57:58,45.8164906,-129.7542127,21008.18,-11134.47,13.56,-3.8,1.6,0.00,138.07,138.07,HMR2300,-15166.7,-2526.7,44673.3,47245.3,,,,,,,,SKQ201610S,,
J2-907,ASNAP,2016/07/12 22:58:13,45.8164707,-129.7541981,21009.31,-11136.68,12.92,-4.0,1.2,0.00,138.28,138.28,HMR2300,-15626.7,-2446.7,44420.0,47152.0,,,,,,,,SKQ201610S,,
J2-907,ASNAP,2016/07/12 22:58:28,45.8164537,-129.7541881,21010.09,-11138.57,11.61,-4.1,1.5,0.00,135.40,135.4,HMR2300,-15453.3,-3060.0,44526.7,47231.3,,,,,,,,SKQ201610S,,
J2-907,ASNAP,2016/07/12 22:58:43,45.8164528,-129.7541798,21010.73,-11138.67,10.32,-2.7,1.0,0.00,131.89,131.89,HMR2300,-14153.3,-3586.7,45046.7,47353.8,,,,,,,,SKQ201610S,,
J2-907,ASNAP,2016/07/12 22:58:58,45.8164522,-129.7541717,21011.36,-11138.74,11.44,-4.0,0.4,0.00,127.32,127.32,HMR2300,-15506.7,-2220.0,44473.3,47151.5,,,,,,,,SKQ201610S,,
J2-907,ASNAP,2016/07/12 22:59:13,45.8164461,-129.7541480,21013.20,-11139.42,13.55,-4.1,1.4,0.00,121.79,121.79,HMR2300,-15553.3,-1733.3,44380.0,47058.4,,,,,,,,SKQ201610S,,
J2-907,ASNAP,2016/07/12 22:59:28,45.8164426,-129.7541430,21013.59,-11139.80,15.97,-3.2,-0.2,0.00,117.33,117.33,HMR2300,-14993.3,-206.7,44600.0,47053.2,,,,,,,,SKQ201610S,,
J2-907,ASNAP,2016/07/12 22:59:43,45.8164449,-129.7541426,21013.62,-11139.55,15.94,-3.4,1.6,0.00,112.25,112.25,HMR2300,-15200.0,-1526.7,44600.0,47143.7,,,,,,,,SKQ201610S,,
J2-907,ASNAP,2016/07/12 22:59:58,45.8164532,-129.7541427,21013.61,-11138.63,14.14,-3.1,-0.6,0.00,108.06,108.06,HMR2300,-14706.7,-640.0,44646.7,47010.9,,,,,,,,SKQ201610S,,
J2-907,ASNAP,2016/07/12 23:00:13,45.8164420,-129.7541266,21014.86,-11139.87,10.74,-3.9,0.8,0.00,103.01,103.01,HMR2300,-15546.7,-2546.7,44440.0,47149.7,,,,,,,,SKQ201610S,,
J2-907,EVT,2016/07/12 23:03:36,45.8164556,-129.7542294,21006.88,-11138.36,13.29,-4.0,1.8,0.00,50.14,50.14,HMR2300,-15500.0,-3173.3,45160.0,47851.3,,,,,,,,SKQ201610S,DLG,TXT: Floats coming off
J2-907,EVT,2016/07/12 23:09:09,45.8164616,-129.7542193,21007.67,-11137.69,17.50,-4.7,2.6,0.00,18.24,18.24,HMR2300,-19926.7,-4473.3,49726.7,53757.1,,,,,,,,SKQ201610S,DLG,TXT: last float on board
J2-907,EVT,2016/07/12 23:10:36,45.8164771,-129.7542034,21008.90,-11135.97,7.94,-1.8,-2.2,0.00,0.54,0.54,HMR2300,-13200.0,-2866.7,30086.7,32979.8,,,,,,,,SKQ201610S,DLG,TXT: Jason out of water
J2-907,EVT,2016/07/12 23:11:15,45.8164771,-129.7542034,21008.90,-11135.97,3.79,-2.5,3.6,0.00,0.61,0.61,HMR2300,-14480.0,8993.3,33640.0,37712.1,,,,,,,,SKQ201610S,DLG,JASON: Jason out of water
J2-907,EVT,2016/07/12 23:16:03,45.8199737,-129.7388646,22198.91,-10747.33,27.18,-1.5,1.6,0.00,0.68,0.68,HMR2300,-4846.7,16560.0,31140.0,35600.9,,,,,,,,SKQ201610S,DLG,TXT: Recovered LJ03a on deck
J2-907,EVT,2016/07/12 23:16:29,45.8199737,-129.7388646,22198.91,-10747.33,28.39,-0.4,0.5,0.00,0.68,0.68,HMR2300,-4213.3,17766.7,31813.3,36681.0,,,,,,,,SKQ201610S,DLG,JASON: Unlatch
J2-907,EVT,2016/07/12 23:18:34,45.8199737,-129.7388646,22198.91,-10747.33,29.47,-1.0,1.1,0.00,0.63,0.63,HMR2300,-3600.0,18626.7,24200.0,30749.8,,,,,,,,SKQ201610S,DLG,JASON: Jason on deck
