Date/Time (UTC),vehicleRealtimeNavData.latitude (ddeg),vehicleRealtimeNavData.longitude (ddeg),event_value,event_free_text,event_author,event_option.milestone,event_option.actions,event_option.type,event_option.nav,event_option.filename,event_option.cabled_plug,event_option.highlights,vehicleRealtimeNavData.local_x (meters),vehicleRealtimeNavData.local_y (meters),vehicleRealtimeNavData.roll (deg),vehicleRealtimeNavData.pitch (deg),vehicleRealtimeNavData.heading (deg),vehicleRealtimeNavData.depth (meters),vehicleRealtimeNavData.altitude (meters),vehicleRealtimeFramegrabberData.camera_name_1,vehicleRealtimeFramegrabberData.filename_1,vehicleRealtimeFramegrabberData.camera_name_2,vehicleRealtimeFramegrabberData.filename_2,vehicleRealtimeFramegrabberData.camera_name_3,vehicleRealtimeFramegrabberData.filename_3,vehicleRealtimeFramegrabberData.camera_name_4,vehicleRealtimeFramegrabberData.filename_4,vehicleReNavData.pitch (deg),vehicleReNavData.roll (deg),vehicleTemperatureProbe.probe1_temperature (degC),vehicleTemperatureProbe.probe2_temperature (degC),vehicleTemperatureProbe.probe3_temperature (degC),vehicleTemperatureProbe.probe4_temperature (degC),id
"2025-08-24T03:33:24.891Z","45.9166404","-130.0250010","VEHICLE","","guest","Jason off deck","","","","","","","-0.08","-2.92","-1.0","-1.6","187.94","0.77","0.58","SciCam","/SciCam.20250824_033324891.jpg","PilotCam","/PilotCam.20250824_033324891.jpg","BrowCam","/BrowCam.20250824_033324891.jpg","UserSelect","/UserSelect.20250824_033324891.jpg","","","-999.99","17.44","-999.99","-999.99","68aa8804e3a1c300139fc9a3"
"2025-08-24T03:35:05.756Z","45.9166404","-130.0250010","VEHICLE","","guest","Jason in water","","","","","","","-0.08","-2.92","-0.5","0.1","201.59","0.79","0.58","SciCam","/SciCam.20250824_033505756.jpg","PilotCam","/PilotCam.20250824_033505756.jpg","BrowCam","/BrowCam.20250824_033505756.jpg","UserSelect","/UserSelect.20250824_033505756.jpg","","","-999.99","17.40","-999.99","-999.99","68aa8869e3a1c300139fc9a7"
"2025-08-24T03:37:58.990Z","45.9166404","-130.0250010","ROV Actions","logged late","guest","","First Football on","","","","","","-0.08","-2.92","1.1","-3.7","260.04","16.23","0.58","SciCam","/SciCam.20250824_033758990.jpg","PilotCam","/PilotCam.20250824_033758990.jpg","BrowCam","/BrowCam.20250824_033758990.jpg","UserSelect","/UserSelect.20250824_033758990.jpg","","","-999.99","17.60","-999.99","-999.99","68aa8916e3a1c300139fc9ab"
"2025-08-24T03:40:27.047Z","45.9166404","-130.0250010","ROV Actions","last","guest","","Last Football off","","","","","","-0.08","-2.92","1.5","-4.5","265.09","21.18","0.58","SciCam","/SciCam.20250824_034027047.jpg","PilotCam","/PilotCam.20250824_034027047.jpg","BrowCam","/BrowCam.20250824_034027047.jpg","UserSelect","/UserSelect.20250824_034027047.jpg","","","-999.99","16.83","-999.99","-999.99","68aa89abe3a1c300139fc9af"
"2025-08-24T03:45:24.830Z","45.9166404","-130.0250010","ROV Actions","on","guest","","Transponder on","","","","","","-0.08","-2.92","1.0","-5.9","258.88","124.07","0.58","SciCam","/SciCam.20250824_034524830.jpg","PilotCam","/PilotCam.20250824_034524830.jpg","BrowCam","/BrowCam.20250824_034524830.jpg","UserSelect","/UserSelect.20250824_034524830.jpg","","","-999.99","7.65","-999.99","-999.99","68aa8ad4e3a1c300139fc9b3"
"2025-08-24T04:03:11.551Z","45.9166404","-130.0250010","Biology Type","","guest","","","Jelly","","","","","-0.08","-2.92","0.1","-4.7","352.48","604.68","0.58","SciCam","/SciCam.20250824_040311551.jpg","PilotCam","/PilotCam.20250824_040311551.jpg","BrowCam","/BrowCam.20250824_040311551.jpg","UserSelect","/UserSelect.20250824_040311551.jpg","","","-999.99","4.10","-999.99","-999.99","68aa8effe3a1c300139fc9b7"
"2025-08-24T04:04:10.344Z","45.9166404","-130.0250010","Biology Type","","guest","","","Jelly","","","","","-0.08","-2.92","3.1","-4.6","352.18","632.74","0.58","SciCam","/SciCam.20250824_040410344.jpg","PilotCam","/PilotCam.20250824_040410344.jpg","BrowCam","/BrowCam.20250824_040410344.jpg","UserSelect","/UserSelect.20250824_040410344.jpg","","","-999.99","3.93","-999.99","-999.99","68aa8f3ae3a1c300139fc9bb"
"2025-08-24T04:04:45.807Z","45.9166404","-130.0250010","Biology Type","","guest","","","Jelly","","","","","-0.08","-2.92","3.5","-4.0","351.96","649.78","0.58","SciCam","/SciCam.20250824_040445807.jpg","PilotCam","/PilotCam.20250824_040445807.jpg","BrowCam","/BrowCam.20250824_040445807.jpg","UserSelect","/UserSelect.20250824_040445807.jpg","","","-999.99","3.87","-999.99","-999.99","68aa8f5de3a1c300139fc9bf"
"2025-08-24T04:04:58.472Z","45.9166404","-130.0250010","Biology Type","","guest","","","Jelly","","","","","-0.08","-2.92","0.8","-4.4","352.27","655.62","0.58","SciCam","/SciCam.20250824_040458472.jpg","PilotCam","/PilotCam.20250824_040458472.jpg","BrowCam","/BrowCam.20250824_040458472.jpg","UserSelect","/UserSelect.20250824_040458472.jpg","","","-999.99","3.86","-999.99","-999.99","68aa8f6ae3a1c300139fc9c3"
"2025-08-24T04:05:51.869Z","45.9166404","-130.0250010","Biology Type","","guest","","","Jelly","","","","","-0.08","-2.92","3.2","-3.8","352.03","681.20","0.58","SciCam","/SciCam.20250824_040551869.jpg","PilotCam","/PilotCam.20250824_040551869.jpg","BrowCam","/BrowCam.20250824_040551869.jpg","UserSelect","/UserSelect.20250824_040551869.jpg","","","-999.99","3.75","-999.99","-999.99","68aa8f9fe3a1c300139fc9c7"
"2025-08-24T04:06:33.109Z","45.9166404","-130.0250010","Biology Type","","guest","","","Jelly","","","","","-0.08","-2.92","0.9","-4.8","352.13","701.21","0.58","SciCam","/SciCam.20250824_040633109.jpg","PilotCam","/PilotCam.20250824_040633109.jpg","BrowCam","/BrowCam.20250824_040633109.jpg","UserSelect","/UserSelect.20250824_040633109.jpg","","","-999.99","3.70","-999.99","-999.99","68aa8fc9e3a1c300139fc9cb"
"2025-08-24T04:12:39.729Z","45.9166404","-130.0250010","Biology Type","","guest","","","Jelly","","","","","-0.08","-2.92","2.2","-4.1","352.28","874.97","0.58","SciCam","/SciCam.20250824_041239729.jpg","PilotCam","/PilotCam.20250824_041239729.jpg","BrowCam","/BrowCam.20250824_041239729.jpg","UserSelect","/UserSelect.20250824_041239729.jpg","","","-999.99","3.31","-999.99","-999.99","68aa9137e3a1c300139fc9cf"
"2025-08-24T04:18:46.668Z","45.9166404","-130.0250010","Biology Type","","guest","","","Larvacean","","","","","-0.08","-2.92","1.6","-5.1","353.13","1052.13","0.58","SciCam","/SciCam.20250824_041846668.jpg","PilotCam","/PilotCam.20250824_041846668.jpg","BrowCam","/BrowCam.20250824_041846668.jpg","UserSelect","/UserSelect.20250824_041846668.jpg","","","-3.65","2.88","-3.65","-999.99","68aa92a6e3a1c300139fc9d3"
"2025-08-24T04:36:20.912Z","45.9546439","-130.0070975","Biology Type","became liquified\n","guest","","","Jelly","","","","","1388.91","4221.13","0.6","-6.3","264.79","1513.20","13.72","SciCam","/SciCam.20250824_043620912.jpg","PilotCam","/PilotCam.20250824_043620912.jpg","BrowCam","/BrowCam.20250824_043620912.jpg","UserSelect","/UserSelect.20250824_043620912.jpg","","","-3.65","1.97","-3.65","-999.99","68aa96c4e3a1c300139fc9d7"
"2025-08-24T04:38:10.236Z","45.9546034","-130.0070158","VEHICLE","","guest","On bottom","","","","","","","1395.25","4216.63","1.1","-6.1","201.94","1519.47","7.25","SciCam","/SciCam.20250824_043810236.jpg","PilotCam","/PilotCam.20250824_043810236.jpg","BrowCam","/BrowCam.20250824_043810236.jpg","UserSelect","/UserSelect.20250824_043810236.jpg","","","-3.65","1.90","-999.99","-999.99","68aa9732e3a1c300139fc9db"
"2025-08-24T04:38:21.789Z","45.9545968","-130.0069892","ASNAP","","admin","","","","","","","","1397.31","4215.90","2.5","-5.8","203.04","1519.66","7.17","SciCam","/SciCam.20250824_043821789.jpg","PilotCam","/PilotCam.20250824_043821789.jpg","BrowCam","/BrowCam.20250824_043821789.jpg","UserSelect","/UserSelect.20250824_043821789.jpg","","","-999.99","2.02","-999.99","-999.99","68aa973de3a1c300139fc9df"
"2025-08-24T04:38:36.820Z","45.9545557","-130.0069866","ASNAP","","admin","","","","","","","","1397.51","4211.33","2.2","-5.7","201.24","1521.77","4.88","SciCam","/SciCam.20250824_043836820.jpg","PilotCam","/PilotCam.20250824_043836820.jpg","BrowCam","/BrowCam.20250824_043836820.jpg","UserSelect","/UserSelect.20250824_043836820.jpg","","","-3.65","1.99","-3.65","-999.99","68aa974ce3a1c300139fc9e3"
"2025-08-24T04:38:51.847Z","45.9545276","-130.0069997","ASNAP","","admin","","","","","","","","1396.50","4208.20","1.2","-6.2","211.14","1522.70","3.73","SciCam","/SciCam.20250824_043851847.jpg","PilotCam","/PilotCam.20250824_043851847.jpg","BrowCam","/BrowCam.20250824_043851847.jpg","UserSelect","/UserSelect.20250824_043851847.jpg","","","-3.65","1.97","-3.65","-999.99","68aa975be3a1c300139fc9e7"
"2025-08-24T04:39:06.874Z","45.9544904","-130.0070073","ASNAP","","admin","","","","","","","","1395.91","4204.07","1.5","-5.8","249.89","1522.68","3.43","SciCam","/SciCam.20250824_043906874.jpg","PilotCam","/PilotCam.20250824_043906874.jpg","BrowCam","/BrowCam.20250824_043906874.jpg","UserSelect","/UserSelect.20250824_043906874.jpg","","","-3.65","2.01","-999.99","-999.99","68aa976ae3a1c300139fc9eb"
"2025-08-24T04:39:21.903Z","45.9544693","-130.0070467","ASNAP","","admin","","","","","","","","1392.85","4201.73","2.1","-5.7","304.01","1522.99","3.25","SciCam","/SciCam.20250824_043921903.jpg","PilotCam","/PilotCam.20250824_043921903.jpg","BrowCam","/BrowCam.20250824_043921903.jpg","UserSelect","/UserSelect.20250824_043921903.jpg","","","-3.65","2.00","-3.65","-999.99","68aa9779e3a1c300139fc9ef"
"2025-08-24T04:39:36.937Z","45.9544633","-130.0070843","ASNAP","","admin","","","","","","","","1389.93","4201.06","2.1","-6.8","330.99","1523.52","2.79","SciCam","/SciCam.20250824_043936937.jpg","PilotCam","/PilotCam.20250824_043936937.jpg","BrowCam","/BrowCam.20250824_043936937.jpg","UserSelect","/UserSelect.20250824_043936937.jpg","","","-999.99","1.98","-999.99","-999.99","68aa9788e3a1c300139fc9f3"
"2025-08-24T04:39:51.960Z","45.9544676","-130.0070882","ASNAP","","admin","","","","","","","","1389.63","4201.54","2.3","-5.8","330.92","1524.59","1.59","SciCam","/SciCam.20250824_043951960.jpg","PilotCam","/PilotCam.20250824_043951960.jpg","BrowCam","/BrowCam.20250824_043951960.jpg","UserSelect","/UserSelect.20250824_043951960.jpg","","","-999.99","1.97","-999.99","-999.99","68aa9797e3a1c300139fc9f7"
"2025-08-24T04:40:06.987Z","45.9544691","-130.0070907","ASNAP","","admin","","","","","","","","1389.44","4201.70","-1.1","-3.2","332.03","1524.90","1.16","SciCam","/SciCam.20250824_044006987.jpg","PilotCam","/PilotCam.20250824_044006987.jpg","BrowCam","/BrowCam.20250824_044006987.jpg","UserSelect","/UserSelect.20250824_044006987.jpg","","","-3.65","2.01","-3.65","-999.99","68aa97a6e3a1c300139fc9fb"
"2025-08-24T04:40:22.006Z","45.9544691","-130.0070908","ASNAP","","admin","","","","","","","","1389.43","4201.70","-0.5","-3.7","331.69","1524.87","1.18","SciCam","/SciCam.20250824_044022006.jpg","PilotCam","/PilotCam.20250824_044022006.jpg","BrowCam","/BrowCam.20250824_044022006.jpg","UserSelect","/UserSelect.20250824_044022006.jpg","","","-3.65","1.98","-3.65","-999.99","68aa97b6e3a1c300139fca03"
"2025-08-24T04:40:28.005Z","45.9544691","-130.0070907","ROV Actions","placing down ctd","guest","","(Port) Manipulator in use","","","","","","1389.44","4201.70","-0.9","-4.6","331.31","1524.87","1.26","SciCam","/SciCam.20250824_044028005.jpg","PilotCam","/PilotCam.20250824_044028005.jpg","BrowCam","/BrowCam.20250824_044028005.jpg","UserSelect","/UserSelect.20250824_044028005.jpg","","","-3.65","1.99","-999.99","-999.99","68aa97bce3a1c300139fca07"
"2025-08-24T04:40:37.038Z","45.9544692","-130.0070907","ASNAP","","admin","","","","","","","","1389.44","4201.71","-0.5","-5.2","331.30","1524.85","1.26","SciCam","/SciCam.20250824_044037038.jpg","PilotCam","/PilotCam.20250824_044037038.jpg","BrowCam","/BrowCam.20250824_044037038.jpg","UserSelect","/UserSelect.20250824_044037038.jpg","","","-3.65","1.98","-999.99","-999.99","68aa97c5e3a1c300139fca0b"
"2025-08-24T04:40:52.067Z","45.9544693","-130.0070907","ASNAP","","admin","","","","","","","","1389.44","4201.72","-0.3","-4.3","330.67","1524.86","1.26","SciCam","/SciCam.20250824_044052067.jpg","PilotCam","/PilotCam.20250824_044052067.jpg","BrowCam","/BrowCam.20250824_044052067.jpg","UserSelect","/UserSelect.20250824_044052067.jpg","","","-3.65","1.98","-999.99","-999.99","68aa97d4e3a1c300139fca0f"
"2025-08-24T04:41:07.096Z","45.9544695","-130.0070908","ASNAP","","admin","","","","","","","","1389.43","4201.75","-1.3","-3.8","331.04","1524.91","1.18","SciCam","/SciCam.20250824_044107096.jpg","PilotCam","/PilotCam.20250824_044107096.jpg","BrowCam","/BrowCam.20250824_044107096.jpg","UserSelect","/UserSelect.20250824_044107096.jpg","","","-999.99","2.00","-999.99","-999.99","68aa97e3e3a1c300139fca13"
"2025-08-24T04:41:22.117Z","45.9544724","-130.0070773","ASNAP","","admin","","","","","","","","1390.48","4202.07","0.1","-5.8","327.51","1524.30","1.80","SciCam","/SciCam.20250824_044122117.jpg","PilotCam","/PilotCam.20250824_044122117.jpg","BrowCam","/BrowCam.20250824_044122117.jpg","UserSelect","/UserSelect.20250824_044122117.jpg","","","-999.99","1.98","-999.99","-999.99","68aa97f2e3a1c300139fca17"
"2025-08-24T04:41:37.147Z","45.9545123","-130.0070642","ASNAP","","admin","","","","","","","","1391.49","4206.50","-0.2","-5.3","336.94","1523.61","2.43","SciCam","/SciCam.20250824_044137147.jpg","PilotCam","/PilotCam.20250824_044137147.jpg","BrowCam","/BrowCam.20250824_044137147.jpg","UserSelect","/UserSelect.20250824_044137147.jpg","","","-999.99","1.99","-999.99","-999.99","68aa9801e3a1c300139fca1b"
"2025-08-24T04:41:52.171Z","45.9545220","-130.0070865","ASNAP","","admin","","","","","","","","1389.76","4207.58","-0.2","-5.3","347.98","1523.31","2.82","SciCam","/SciCam.20250824_044152171.jpg","PilotCam","/PilotCam.20250824_044152171.jpg","BrowCam","/BrowCam.20250824_044152171.jpg","UserSelect","/UserSelect.20250824_044152171.jpg","","","-3.65","2.05","-999.99","-999.99","68aa9810e3a1c300139fca1f"
"2025-08-24T04:42:07.202Z","45.9545208","-130.0071087","ASNAP","","admin","","","","","","","","1388.04","4207.45","0.2","-5.4","0.70","1524.09","1.90","SciCam","/SciCam.20250824_044207202.jpg","PilotCam","/PilotCam.20250824_044207202.jpg","BrowCam","/BrowCam.20250824_044207202.jpg","UserSelect","/UserSelect.20250824_044207202.jpg","","","-999.99","1.98","-999.99","-999.99","68aa981fe3a1c300139fca23"
"2025-08-24T04:42:20.362Z","45.9545214","-130.0071077","NAV","","guest","","","","Doppler Reset","","","","1388.12","4207.52","-0.2","-5.8","359.93","1524.68","1.47","SciCam","/SciCam.20250824_044220362.jpg","PilotCam","/PilotCam.20250824_044220362.jpg","BrowCam","/BrowCam.20250824_044220362.jpg","UserSelect","/UserSelect.20250824_044220362.jpg","","","-3.65","1.99","-999.99","-999.99","68aa982ce3a1c300139fca27"
"2025-08-24T04:42:22.234Z","45.9545215","-130.0071070","ASNAP","","admin","","","","","","","","1388.17","4207.53","0.5","-5.1","359.83","1524.65","1.39","SciCam","/SciCam.20250824_044222234.jpg","PilotCam","/PilotCam.20250824_044222234.jpg","BrowCam","/BrowCam.20250824_044222234.jpg","UserSelect","/UserSelect.20250824_044222234.jpg","","","-999.99","1.98","-999.99","-999.99","68aa982ee3a1c300139fca2b"
"2025-08-24T04:42:37.269Z","45.9548873","-130.0088783","ASNAP","","admin","","","","","","","","1250.75","4248.19","0.4","-5.5","359.93","1524.46","1.59","SciCam","/SciCam.20250824_044237269.jpg","PilotCam","/PilotCam.20250824_044237269.jpg","BrowCam","/BrowCam.20250824_044237269.jpg","UserSelect","/UserSelect.20250824_044237269.jpg","","","-999.99","1.99","-999.99","-999.99","68aa983de3a1c300139fca2f"
"2025-08-24T04:42:43.000Z","","","SulisCam","","admin","","","","","sulis_20250824044243.jpg","","","","","","","","","","","","","","","","","","-5.682","2.196","","","","","68ab00aae3a1c300139fe959"
"2025-08-24T04:42:45.430Z","45.9548871","-130.0088756","ROV Actions","holding on to jbox","guest","","(Port) Manipulator in use","","","","","","1250.96","4248.16","2.2","-6.2","0.49","1524.48","1.57","SciCam","/SciCam.20250824_044245430.jpg","PilotCam","/PilotCam.20250824_044245430.jpg","BrowCam","/BrowCam.20250824_044245430.jpg","UserSelect","/UserSelect.20250824_044245430.jpg","","","-999.99","1.99","-999.99","-999.99","68aa9845e3a1c300139fca33"
"2025-08-24T04:42:52.300Z","45.9548856","-130.0088739","ASNAP","","admin","","","","","","","","1251.09","4248.00","0.6","-9.1","1.63","1524.48","1.62","SciCam","/SciCam.20250824_044252300.jpg","PilotCam","/PilotCam.20250824_044252300.jpg","BrowCam","/BrowCam.20250824_044252300.jpg","UserSelect","/UserSelect.20250824_044252300.jpg","","","-3.65","1.98","-999.99","-999.99","68aa984ce3a1c300139fca37"
"2025-08-24T04:43:04.000Z","","","SulisCam","","admin","","","","","sulis_20250824044304.jpg","","","","","","","","","","","","","","","","","","-7.971","1.735","","","","","68ab00aae3a1c300139fe95b"
"2025-08-24T04:43:07.334Z","45.9548863","-130.0088756","ASNAP","","admin","","","","","","","","1250.96","4248.07","1.3","-8.9","0.59","1524.62","1.49","SciCam","/SciCam.20250824_044307334.jpg","PilotCam","/PilotCam.20250824_044307334.jpg","BrowCam","/BrowCam.20250824_044307334.jpg","UserSelect","/UserSelect.20250824_044307334.jpg","","","-3.65","2.01","-999.99","-999.99","68aa985be3a1c300139fca3f"
"2025-08-24T04:43:22.366Z","45.9548864","-130.0088754","ASNAP","","admin","","","","","","","","1250.98","4248.08","-0.8","-9.0","0.31","1524.66","1.57","SciCam","/SciCam.20250824_044322366.jpg","PilotCam","/PilotCam.20250824_044322366.jpg","BrowCam","/BrowCam.20250824_044322366.jpg","UserSelect","/UserSelect.20250824_044322366.jpg","","","-3.65","2.00","-3.65","-999.99","68aa986ae3a1c300139fca43"
"2025-08-24T04:43:27.705Z","45.9548864","-130.0088754","ROV Actions","unplugging old ctd cable from jbox j12 outlet","guest","","(Starboard) Manipulator in use","","","","","","1250.98","4248.08","-0.3","-9.3","0.12","1524.63","1.57","SciCam","/SciCam.20250824_044327705.jpg","PilotCam","/PilotCam.20250824_044327705.jpg","BrowCam","/BrowCam.20250824_044327705.jpg","UserSelect","/UserSelect.20250824_044327705.jpg","","","-3.65","1.97","-999.99","-999.99","68aa986fe3a1c300139fca47"
"2025-08-24T04:43:37.396Z","45.9548864","-130.0088754","ASNAP","","admin","","","","","","","","1250.98","4248.08","0.7","-8.5","0.04","1524.65","1.47","SciCam","/SciCam.20250824_044337396.jpg","PilotCam","/PilotCam.20250824_044337396.jpg","BrowCam","/BrowCam.20250824_044337396.jpg","UserSelect","/UserSelect.20250824_044337396.jpg","","","-3.65","2.00","-3.65","-999.99","68aa9879e3a1c300139fca4b"
"2025-08-24T04:43:52.428Z","45.9548880","-130.0088750","ASNAP","","admin","","","","","","","","1251.01","4248.26","-0.4","-6.6","0.47","1524.60","1.41","SciCam","/SciCam.20250824_044352428.jpg","PilotCam","/PilotCam.20250824_044352428.jpg","BrowCam","/BrowCam.20250824_044352428.jpg","UserSelect","/UserSelect.20250824_044352428.jpg","","","-3.65","1.99","-999.99","-999.99","68aa9888e3a1c300139fca4f"
"2025-08-24T04:44:05.114Z","45.9548879","-130.0088725","Connection Status","old ctd from j12","guest","","","","","","Disconnected","","1251.20","4248.25","-0.2","-5.7","359.47","1524.17","1.85","SciCam","/SciCam.20250824_044405114.jpg","PilotCam","/PilotCam.20250824_044405114.jpg","BrowCam","/BrowCam.20250824_044405114.jpg","UserSelect","/UserSelect.20250824_044405114.jpg","","","-999.99","1.98","-999.99","-999.99","68aa9895e3a1c300139fca53"
"2025-08-24T04:44:07.448Z","45.9548896","-130.0088686","ASNAP","","admin","","","","","","","","1251.50","4248.44","-0.1","-5.6","350.58","1523.99","2.05","SciCam","/SciCam.20250824_044407448.jpg","PilotCam","/PilotCam.20250824_044407448.jpg","BrowCam","/BrowCam.20250824_044407448.jpg","UserSelect","/UserSelect.20250824_044407448.jpg","","","-999.99","2.01","-999.99","-999.99","68aa9897e3a1c300139fca57"
"2025-08-24T04:44:22.473Z","45.9548873","-130.0088416","ASNAP","","admin","","","","","","","","1253.60","4248.18","-1.5","-5.0","259.23","1523.21","3.04","SciCam","/SciCam.20250824_044422473.jpg","PilotCam","/PilotCam.20250824_044422473.jpg","BrowCam","/BrowCam.20250824_044422473.jpg","UserSelect","/UserSelect.20250824_044422473.jpg","","","-999.99","1.99","-999.99","-999.99","68aa98a6e3a1c300139fca5b"
"2025-08-24T04:44:37.493Z","45.9548714","-130.0088424","ASNAP","","admin","","","","","","","","1253.54","4246.42","-1.2","-5.3","265.06","1523.90","2.43","SciCam","/SciCam.20250824_044437493.jpg","PilotCam","/PilotCam.20250824_044437493.jpg","BrowCam","/BrowCam.20250824_044437493.jpg","UserSelect","/UserSelect.20250824_044437493.jpg","","","-3.65","2.04","-999.99","-999.99","68aa98b5e3a1c300139fca5f"
"2025-08-24T04:44:52.512Z","45.9548661","-130.0088429","ASNAP","","admin","","","","","","","","1253.50","4245.83","-1.3","-5.6","264.44","1524.46","1.67","SciCam","/SciCam.20250824_044452512.jpg","PilotCam","/PilotCam.20250824_044452512.jpg","BrowCam","/BrowCam.20250824_044452512.jpg","UserSelect","/UserSelect.20250824_044452512.jpg","","","-3.65","2.00","-999.99","-999.99","68aa98c4e3a1c300139fca63"
"2025-08-24T04:45:04.195Z","45.9548670","-130.0088422","ROV Actions","putting down old ctd cable connector next to ctd being replaced","guest","","(Starboard) Manipulator in use","","","","","","1253.55","4245.93","-1.7","-6.7","264.66","1524.45","1.75","SciCam","/SciCam.20250824_044504195.jpg","PilotCam","/PilotCam.20250824_044504195.jpg","BrowCam","/BrowCam.20250824_044504195.jpg","UserSelect","/UserSelect.20250824_044504195.jpg","","","-999.99","1.97","-999.99","-999.99","68aa98d0e3a1c300139fca67"
"2025-08-24T04:45:07.544Z","45.9548667","-130.0088444","ASNAP","","admin","","","","","","","","1253.38","4245.89","-1.3","-6.2","264.12","1524.45","1.75","SciCam","/SciCam.20250824_044507544.jpg","PilotCam","/PilotCam.20250824_044507544.jpg","BrowCam","/BrowCam.20250824_044507544.jpg","UserSelect","/UserSelect.20250824_044507544.jpg","","","-3.65","2.01","-3.65","-999.99","68aa98d3e3a1c300139fca6b"
"2025-08-24T04:45:22.569Z","45.9548665","-130.0088412","ASNAP","","admin","","","","","","","","1253.63","4245.87","0.2","-5.7","259.80","1523.62","2.36","SciCam","/SciCam.20250824_044522569.jpg","PilotCam","/PilotCam.20250824_044522569.jpg","BrowCam","/BrowCam.20250824_044522569.jpg","UserSelect","/UserSelect.20250824_044522569.jpg","","","-3.65","2.00","-999.99","-999.99","68aa98e2e3a1c300139fca6f"
"2025-08-24T04:45:37.600Z","45.9548676","-130.0088746","ASNAP","","admin","","","","","","","","1251.04","4246.00","-0.1","-6.1","164.69","1522.81","2.97","SciCam","/SciCam.20250824_044537600.jpg","PilotCam","/PilotCam.20250824_044537600.jpg","BrowCam","/BrowCam.20250824_044537600.jpg","UserSelect","/UserSelect.20250824_044537600.jpg","","","-999.99","2.02","-999.99","-999.99","68aa98f1e3a1c300139fca73"
"2025-08-24T04:45:52.632Z","45.9548518","-130.0089060","ASNAP","","admin","","","","","","","","1248.60","4244.24","0.1","-6.1","120.55","1523.17","3.22","SciCam","/SciCam.20250824_044552632.jpg","PilotCam","/PilotCam.20250824_044552632.jpg","BrowCam","/BrowCam.20250824_044552632.jpg","UserSelect","/UserSelect.20250824_044552632.jpg","","","-999.99","2.00","-999.99","-999.99","68aa9900e3a1c300139fca77"
"2025-08-24T04:46:07.658Z","45.9548439","-130.0089038","ASNAP","","admin","","","","","","","","1248.77","4243.36","0.5","-6.3","93.24","1524.68","1.47","SciCam","/SciCam.20250824_044607658.jpg","PilotCam","/PilotCam.20250824_044607658.jpg","BrowCam","/BrowCam.20250824_044607658.jpg","UserSelect","/UserSelect.20250824_044607658.jpg","","","-999.99","2.04","-999.99","-999.99","68aa990fe3a1c300139fca7b"
"2025-08-24T04:46:22.688Z","45.9548423","-130.0089020","ASNAP","","admin","","","","","","","","1248.91","4243.18","-2.0","-2.8","91.29","1525.04","1.01","SciCam","/SciCam.20250824_044622688.jpg","PilotCam","/PilotCam.20250824_044622688.jpg","BrowCam","/BrowCam.20250824_044622688.jpg","UserSelect","/UserSelect.20250824_044622688.jpg","","","-3.65","2.00","-999.99","-999.99","68aa991ee3a1c300139fca7f"
"2025-08-24T04:46:37.716Z","45.9548421","-130.0089018","ASNAP","","admin","","","","","","","","1248.93","4243.16","-2.0","-2.9","92.10","1525.04","1.03","SciCam","/SciCam.20250824_044637716.jpg","PilotCam","/PilotCam.20250824_044637716.jpg","BrowCam","/BrowCam.20250824_044637716.jpg","UserSelect","/UserSelect.20250824_044637716.jpg","","","-3.65","1.98","-999.99","-999.99","68aa992de3a1c300139fca83"
"2025-08-24T04:46:52.747Z","45.9548420","-130.0089016","ASNAP","","admin","","","","","","","","1248.94","4243.15","-2.0","-3.7","92.12","1525.03","1.03","SciCam","/SciCam.20250824_044652747.jpg","PilotCam","/PilotCam.20250824_044652747.jpg","BrowCam","/BrowCam.20250824_044652747.jpg","UserSelect","/UserSelect.20250824_044652747.jpg","","","-999.99","2.01","-999.99","-999.99","68aa993ce3a1c300139fca87"
"2025-08-24T04:47:00.190Z","45.9548419","-130.0089015","ROV Actions","getting cable for new ctd untied","guest","","(Starboard) Manipulator in use","","","","","","1248.95","4243.14","-2.0","-3.6","92.12","1525.03","1.03","SciCam","/SciCam.20250824_044700190.jpg","PilotCam","/PilotCam.20250824_044700190.jpg","BrowCam","/BrowCam.20250824_044700190.jpg","UserSelect","/UserSelect.20250824_044700190.jpg","","","-3.65","1.99","-999.99","-999.99","68aa9944e3a1c300139fca8b"
"2025-08-24T04:47:07.780Z","45.9548419","-130.0089014","ASNAP","","admin","","","","","","","","1248.96","4243.14","-2.0","-3.3","92.11","1525.04","1.03","SciCam","/SciCam.20250824_044707780.jpg","PilotCam","/PilotCam.20250824_044707780.jpg","BrowCam","/BrowCam.20250824_044707780.jpg","UserSelect","/UserSelect.20250824_044707780.jpg","","","-999.99","1.99","-999.99","-999.99","68aa994be3a1c300139fca8f"
"2025-08-24T04:47:22.811Z","45.9548417","-130.0089014","ASNAP","","admin","","","","","","","","1248.96","4243.12","-2.0","-3.4","92.11","1525.04","1.03","SciCam","/SciCam.20250824_044722811.jpg","PilotCam","/PilotCam.20250824_044722811.jpg","BrowCam","/BrowCam.20250824_044722811.jpg","UserSelect","/UserSelect.20250824_044722811.jpg","","","-999.99","1.99","-999.99","-999.99","68aa995ae3a1c300139fca93"
"2025-08-24T04:47:37.840Z","45.9548416","-130.0089014","ASNAP","","admin","","","","","","","","1248.96","4243.11","-2.0","-3.0","92.11","1525.05","1.03","SciCam","/SciCam.20250824_044737840.jpg","PilotCam","/PilotCam.20250824_044737840.jpg","BrowCam","/BrowCam.20250824_044737840.jpg","UserSelect","/UserSelect.20250824_044737840.jpg","","","-999.99","2.00","-3.65","-999.99","68aa9969e3a1c300139fca97"
"2025-08-24T04:47:39.204Z","45.9548416","-130.0089014","ROV Actions","picking up new ctd cable connector - ccalw1","guest","","(Starboard) Manipulator in use","","","","","","1248.96","4243.11","-2.0","-3.6","92.11","1525.04","1.03","SciCam","/SciCam.20250824_044739204.jpg","PilotCam","/PilotCam.20250824_044739204.jpg","BrowCam","/BrowCam.20250824_044739204.jpg","UserSelect","/UserSelect.20250824_044739204.jpg","","","-999.99","1.99","-999.99","-999.99","68aa996be3a1c300139fca9b"
"2025-08-24T04:47:52.873Z","45.9548415","-130.0089011","ASNAP","","admin","","","","","","","","1248.98","4243.09","-2.0","-2.9","92.10","1525.05","1.03","SciCam","/SciCam.20250824_044752873.jpg","PilotCam","/PilotCam.20250824_044752873.jpg","BrowCam","/BrowCam.20250824_044752873.jpg","UserSelect","/UserSelect.20250824_044752873.jpg","","","-999.99","1.99","-999.99","-999.99","68aa9978e3a1c300139fca9f"
"2025-08-24T04:47:55.000Z","","","SulisCam","","admin","","","","","sulis_20250824044755.jpg","","","","","","","","","","","","","","","","","","-3.460","-2.015","","","","","68ab00aae3a1c300139fe95d"
"2025-08-24T04:48:07.904Z","45.9548413","-130.0089009","ASNAP","","admin","","","","","","","","1249.00","4243.07","-2.0","-3.0","92.10","1525.05","1.03","SciCam","/SciCam.20250824_044807904.jpg","PilotCam","/PilotCam.20250824_044807904.jpg","BrowCam","/BrowCam.20250824_044807904.jpg","UserSelect","/UserSelect.20250824_044807904.jpg","","","-999.99","1.97","-999.99","-999.99","68aa9987e3a1c300139fcaa3"
"2025-08-24T04:48:22.936Z","45.9548411","-130.0089006","ASNAP","","admin","","","","","","","","1249.02","4243.05","-1.7","-3.1","93.06","1525.04","1.03","SciCam","/SciCam.20250824_044822936.jpg","PilotCam","/PilotCam.20250824_044822936.jpg","BrowCam","/BrowCam.20250824_044822936.jpg","UserSelect","/UserSelect.20250824_044822936.jpg","","","-999.99","1.99","-999.99","-999.99","68aa9996e3a1c300139fcaa7"
"2025-08-24T04:48:37.968Z","45.9548411","-130.0089002","ASNAP","","admin","","","","","","","","1249.05","4243.05","-2.0","-2.8","94.26","1525.06","1.01","SciCam","/SciCam.20250824_044837968.jpg","PilotCam","/PilotCam.20250824_044837968.jpg","BrowCam","/BrowCam.20250824_044837968.jpg","UserSelect","/UserSelect.20250824_044837968.jpg","","","-3.65","1.97","-999.99","-999.99","68aa99a5e3a1c300139fcaab"
"2025-08-24T04:48:53.000Z","45.9548409","-130.0089000","ASNAP","","admin","","","","","","","","1249.07","4243.03","-1.6","-2.8","94.33","1525.04","1.01","SciCam","/SciCam.20250824_044853000.jpg","PilotCam","/PilotCam.20250824_044853000.jpg","BrowCam","/BrowCam.20250824_044853000.jpg","UserSelect","/UserSelect.20250824_044853000.jpg","","","-3.65","2.01","-999.99","-999.99","68aa99b5e3a1c300139fcaaf"
"2025-08-24T04:49:08.032Z","45.9548407","-130.0088998","ASNAP","","admin","","","","","","","","1249.08","4243.00","-2.1","-2.6","94.27","1525.07","1.01","SciCam","/SciCam.20250824_044908032.jpg","PilotCam","/PilotCam.20250824_044908032.jpg","BrowCam","/BrowCam.20250824_044908032.jpg","UserSelect","/UserSelect.20250824_044908032.jpg","","","-3.65","1.98","-3.65","-999.99","68aa99c4e3a1c300139fcab3"
"2025-08-24T04:49:23.065Z","45.9548447","-130.0089107","ASNAP","","admin","","","","","","","","1248.24","4243.45","-1.2","-5.5","97.63","1524.27","1.90","SciCam","/SciCam.20250824_044923065.jpg","PilotCam","/PilotCam.20250824_044923065.jpg","BrowCam","/BrowCam.20250824_044923065.jpg","UserSelect","/UserSelect.20250824_044923065.jpg","","","-3.65","1.99","-3.65","-999.99","68aa99d3e3a1c300139fcab7"
"2025-08-24T04:49:38.095Z","45.9548730","-130.0089113","ASNAP","","admin","","","","","","","","1248.19","4246.60","-0.2","-5.8","65.80","1523.35","2.97","SciCam","/SciCam.20250824_044938095.jpg","PilotCam","/PilotCam.20250824_044938095.jpg","BrowCam","/BrowCam.20250824_044938095.jpg","UserSelect","/UserSelect.20250824_044938095.jpg","","","-999.99","2.01","-999.99","-999.99","68aa99e2e3a1c300139fcabb"
"2025-08-24T04:49:53.129Z","45.9548770","-130.0088967","ASNAP","","admin","","","","","","","","1249.32","4247.04","-0.3","-5.5","24.45","1523.35","2.97","SciCam","/SciCam.20250824_044953129.jpg","PilotCam","/PilotCam.20250824_044953129.jpg","BrowCam","/BrowCam.20250824_044953129.jpg","UserSelect","/UserSelect.20250824_044953129.jpg","","","-999.99","2.01","-999.99","-999.99","68aa99f1e3a1c300139fcabf"
"2025-08-24T04:50:08.161Z","45.9548810","-130.0088873","ASNAP","","admin","","","","","","","","1250.05","4247.48","-0.4","-5.2","359.24","1524.60","1.67","SciCam","/SciCam.20250824_045008161.jpg","PilotCam","/PilotCam.20250824_045008161.jpg","BrowCam","/BrowCam.20250824_045008161.jpg","UserSelect","/UserSelect.20250824_045008161.jpg","","","-999.99","1.98","-999.99","-999.99","68aa9a00e3a1c300139fcac3"
"2025-08-24T04:50:23.193Z","45.9548813","-130.0088819","ASNAP","","admin","","","","","","","","1250.47","4247.52","-0.1","-5.5","359.42","1524.86","1.31","SciCam","/SciCam.20250824_045023193.jpg","PilotCam","/PilotCam.20250824_045023193.jpg","BrowCam","/BrowCam.20250824_045023193.jpg","UserSelect","/UserSelect.20250824_045023193.jpg","","","-3.65","1.97","-999.99","-999.99","68aa9a0fe3a1c300139fcac7"
"2025-08-24T04:50:28.428Z","45.9548809","-130.0088822","ROV Actions","holding onto junction box\n","guest","","(Port) Manipulator in use","","","","","","1250.45","4247.47","1.1","-6.2","359.39","1524.82","1.31","SciCam","/SciCam.20250824_045028428.jpg","PilotCam","/PilotCam.20250824_045028428.jpg","BrowCam","/BrowCam.20250824_045028428.jpg","UserSelect","/UserSelect.20250824_045028428.jpg","","","-3.65","1.99","-999.99","-999.99","68aa9a14e3a1c300139fcacb"
"2025-08-24T04:50:38.226Z","45.9548817","-130.0088839","ASNAP","","admin","","","","","","","","1250.32","4247.56","0.6","-6.6","359.35","1525.00","1.21","SciCam","/SciCam.20250824_045038226.jpg","PilotCam","/PilotCam.20250824_045038226.jpg","BrowCam","/BrowCam.20250824_045038226.jpg","UserSelect","/UserSelect.20250824_045038226.jpg","","","-3.65","1.99","-3.65","-999.99","68aa9a1ee3a1c300139fcacf"
"2025-08-24T04:50:39.000Z","","","SulisCam","","admin","","","","","sulis_20250824045039.jpg","","","","","","","","","","","","","","","","","","-6.611","0.572","","","","","68ab00aae3a1c300139fe95f"
"2025-08-24T04:50:53.256Z","45.9548817","-130.0088837","ASNAP","","admin","","","","","","","","1250.33","4247.56","0.5","-7.5","359.46","1524.96","1.26","SciCam","/SciCam.20250824_045053256.jpg","PilotCam","/PilotCam.20250824_045053256.jpg","BrowCam","/BrowCam.20250824_045053256.jpg","UserSelect","/UserSelect.20250824_045053256.jpg","","","-3.65","2.01","-3.65","-999.99","68aa9a2de3a1c300139fcad3"
"2025-08-24T04:51:08.288Z","45.9548818","-130.0088835","ASNAP","","admin","","","","","","","","1250.35","4247.57","0.2","-7.9","359.40","1524.95","1.26","SciCam","/SciCam.20250824_045108288.jpg","PilotCam","/PilotCam.20250824_045108288.jpg","BrowCam","/BrowCam.20250824_045108288.jpg","UserSelect","/UserSelect.20250824_045108288.jpg","","","-999.99","1.98","-999.99","-999.99","68aa9a3ce3a1c300139fcad7"
"2025-08-24T04:51:23.314Z","45.9548819","-130.0088833","ASNAP","","admin","","","","","","","","1250.36","4247.59","0.2","-8.1","359.35","1524.95","1.26","SciCam","/SciCam.20250824_045123314.jpg","PilotCam","/PilotCam.20250824_045123314.jpg","BrowCam","/BrowCam.20250824_045123314.jpg","UserSelect","/UserSelect.20250824_045123314.jpg","","","-999.99","2.01","-999.99","-999.99","68aa9a4be3a1c300139fcadb"
"2025-08-24T04:51:24.000Z","","","SulisCam","","admin","","","","","sulis_20250824045124.jpg","","","","","","","","","","","","","","","","","","-8.059","0.233","","","","","68ab00aae3a1c300139fe961"
"2025-08-24T04:51:38.346Z","45.9548820","-130.0088831","ASNAP","","admin","","","","","","","","1250.38","4247.60","0.1","-8.1","359.36","1524.95","1.29","SciCam","/SciCam.20250824_045138346.jpg","PilotCam","/PilotCam.20250824_045138346.jpg","BrowCam","/BrowCam.20250824_045138346.jpg","UserSelect","/UserSelect.20250824_045138346.jpg","","","-999.99","2.00","-999.99","-999.99","68aa9a5ae3a1c300139fcadf"
"2025-08-24T04:51:53.378Z","45.9548820","-130.0088831","ASNAP","","admin","","","","","","","","1250.38","4247.60","0.2","-8.0","359.60","1524.96","1.29","SciCam","/SciCam.20250824_045153378.jpg","PilotCam","/PilotCam.20250824_045153378.jpg","BrowCam","/BrowCam.20250824_045153378.jpg","UserSelect","/UserSelect.20250824_045153378.jpg","","","-3.65","2.01","-3.65","-999.99","68aa9a69e3a1c300139fcae3"
"2025-08-24T04:52:08.410Z","45.9548821","-130.0088831","ASNAP","","admin","","","","","","","","1250.38","4247.61","0.2","-8.0","359.77","1524.96","1.29","SciCam","/SciCam.20250824_045208410.jpg","PilotCam","/PilotCam.20250824_045208410.jpg","BrowCam","/BrowCam.20250824_045208410.jpg","UserSelect","/UserSelect.20250824_045208410.jpg","","","-3.65","2.03","-999.99","-999.99","68aa9a78e3a1c300139fcae7"
"2025-08-24T04:52:23.442Z","45.9548823","-130.0088831","ASNAP","","admin","","","","","","","","1250.38","4247.63","0.0","-8.1","359.62","1524.96","1.29","SciCam","/SciCam.20250824_045223442.jpg","PilotCam","/PilotCam.20250824_045223442.jpg","BrowCam","/BrowCam.20250824_045223442.jpg","UserSelect","/UserSelect.20250824_045223442.jpg","","","-3.65","2.00","-999.99","-999.99","68aa9a87e3a1c300139fcaeb"
"2025-08-24T04:52:38.476Z","45.9548822","-130.0088840","ASNAP","","admin","","","","","","","","1250.31","4247.62","-0.2","-8.1","0.97","1524.96","1.31","SciCam","/SciCam.20250824_045238476.jpg","PilotCam","/PilotCam.20250824_045238476.jpg","BrowCam","/BrowCam.20250824_045238476.jpg","UserSelect","/UserSelect.20250824_045238476.jpg","","","-999.99","1.99","-999.99","-999.99","68aa9a96e3a1c300139fcaef"
"2025-08-24T04:52:41.495Z","45.9548823","-130.0088836","FREE_FORM","snapped a picture of inside of cabled plug","guest","","","","","","","","1250.34","4247.63","0.3","-8.1","0.40","1524.96","1.31","SciCam","/SciCam.20250824_045241495.jpg","PilotCam","/PilotCam.20250824_045241495.jpg","BrowCam","/BrowCam.20250824_045241495.jpg","UserSelect","/UserSelect.20250824_045241495.jpg","","","-3.65","1.98","-3.65","-999.99","68aa9a99e3a1c300139fcaf3"
"2025-08-24T04:52:50.257Z","45.9548825","-130.0088832","ROV Actions","inserting cabled plug into port J12\n","guest","","(Starboard) Manipulator in use","","","","","","1250.37","4247.65","-0.1","-8.0","359.95","1524.97","1.26","SciCam","/SciCam.20250824_045250257.jpg","PilotCam","/PilotCam.20250824_045250257.jpg","BrowCam","/BrowCam.20250824_045250257.jpg","UserSelect","/UserSelect.20250824_045250257.jpg","","","-3.65","2.02","-3.65","-999.99","68aa9aa2e3a1c300139fcaf7"
"2025-08-24T04:52:53.508Z","45.9548825","-130.0088833","ASNAP","","admin","","","","","","","","1250.36","4247.65","0.1","-7.8","0.24","1524.97","1.26","SciCam","/SciCam.20250824_045253508.jpg","PilotCam","/PilotCam.20250824_045253508.jpg","BrowCam","/BrowCam.20250824_045253508.jpg","UserSelect","/UserSelect.20250824_045253508.jpg","","","-999.99","1.99","-999.99","-999.99","68aa9aa5e3a1c300139fcafb"
"2025-08-24T04:53:08.540Z","45.9548826","-130.0088832","ASNAP","","admin","","","","","","","","1250.37","4247.66","-0.0","-7.8","359.98","1524.98","1.26","SciCam","/SciCam.20250824_045308540.jpg","PilotCam","/PilotCam.20250824_045308540.jpg","BrowCam","/BrowCam.20250824_045308540.jpg","UserSelect","/UserSelect.20250824_045308540.jpg","","","-999.99","1.99","-999.99","-999.99","68aa9ab4e3a1c300139fcaff"
"2025-08-24T04:53:23.564Z","45.9548825","-130.0088836","ASNAP","","admin","","","","","","","","1250.34","4247.65","-0.5","-8.2","1.26","1524.96","1.34","SciCam","/SciCam.20250824_045323564.jpg","PilotCam","/PilotCam.20250824_045323564.jpg","BrowCam","/BrowCam.20250824_045323564.jpg","UserSelect","/UserSelect.20250824_045323564.jpg","","","-3.65","1.99","-999.99","-999.99","68aa9ac3e3a1c300139fcb03"
"2025-08-24T04:53:35.000Z","","","SulisCam","","admin","","","","","sulis_20250824045335.jpg","","","","","","","","","","","","","","","","","","-8.314","0.190","","","","","68ab00aae3a1c300139fe963"
"2025-08-24T04:53:38.596Z","45.9548826","-130.0088832","ASNAP","","admin","","","","","","","","1250.37","4247.66","1.1","-7.7","0.17","1524.96","1.26","SciCam","/SciCam.20250824_045338596.jpg","PilotCam","/PilotCam.20250824_045338596.jpg","BrowCam","/BrowCam.20250824_045338596.jpg","UserSelect","/UserSelect.20250824_045338596.jpg","","","-3.65","2.00","-999.99","-999.99","68aa9ad2e3a1c300139fcb07"
"2025-08-24T04:53:53.629Z","45.9548828","-130.0088832","ASNAP","","admin","","","","","","","","1250.37","4247.68","1.8","-7.8","0.19","1524.95","1.26","SciCam","/SciCam.20250824_045353629.jpg","PilotCam","/PilotCam.20250824_045353629.jpg","BrowCam","/BrowCam.20250824_045353629.jpg","UserSelect","/UserSelect.20250824_045353629.jpg","","","-3.65","1.97","-999.99","-999.99","68aa9ae1e3a1c300139fcb0f"
"2025-08-24T04:54:08.654Z","45.9548829","-130.0088835","ASNAP","","admin","","","","","","","","1250.35","4247.70","2.0","-5.0","359.56","1524.92","1.24","SciCam","/SciCam.20250824_045408654.jpg","PilotCam","/PilotCam.20250824_045408654.jpg","BrowCam","/BrowCam.20250824_045408654.jpg","UserSelect","/UserSelect.20250824_045408654.jpg","","","-999.99","2.01","-999.99","-999.99","68aa9af0e3a1c300139fcb13"
"2025-08-24T04:54:15.686Z","45.9548817","-130.0088835","Connection Status","CCALW1 connected to port J12\n","guest","","","","","","Connected","","1250.35","4247.56","0.5","-5.1","359.16","1524.76","1.34","SciCam","/SciCam.20250824_045415686.jpg","PilotCam","/PilotCam.20250824_045415686.jpg","BrowCam","/BrowCam.20250824_045415686.jpg","UserSelect","/UserSelect.20250824_045415686.jpg","","","-999.99","2.00","-999.99","-999.99","68aa9af7e3a1c300139fcb1b"
"2025-08-24T04:54:23.684Z","45.9548818","-130.0088833","ASNAP","","admin","","","","","","","","1250.36","4247.57","0.7","-5.5","358.50","1524.77","1.41","SciCam","/SciCam.20250824_045423684.jpg","PilotCam","/PilotCam.20250824_045423684.jpg","BrowCam","/BrowCam.20250824_045423684.jpg","UserSelect","/UserSelect.20250824_045423684.jpg","","","-999.99","1.98","-999.99","-999.99","68aa9affe3a1c300139fcb1f"
"2025-08-24T04:54:34.709Z","45.9548804","-130.0088951","HIGHLIGHTS","","guest","","","","","","","4K highlights start","1249.45","4247.42","0.1","-5.2","13.23","1523.83","2.28","SciCam","/SciCam.20250824_045434709.jpg","PilotCam","/PilotCam.20250824_045434709.jpg","BrowCam","/BrowCam.20250824_045434709.jpg","UserSelect","/UserSelect.20250824_045434709.jpg","","","-999.99","1.98","-999.99","-999.99","68aa9b0ae3a1c300139fcb23"
"2025-08-24T04:54:38.715Z","45.9548826","-130.0088956","ASNAP","","admin","","","","","","","","1249.41","4247.66","1.8","-5.7","11.60","1523.80","2.43","SciCam","/SciCam.20250824_045438715.jpg","PilotCam","/PilotCam.20250824_045438715.jpg","BrowCam","/BrowCam.20250824_045438715.jpg","UserSelect","/UserSelect.20250824_045438715.jpg","","","-999.99","1.99","-999.99","-999.99","68aa9b0ee3a1c300139fcb27"
"2025-08-24T04:54:53.747Z","45.9548837","-130.0088956","ASNAP","","admin","","","","","","","","1249.41","4247.79","0.5","-5.3","13.10","1524.08","2.13","SciCam","/SciCam.20250824_045453747.jpg","PilotCam","/PilotCam.20250824_045453747.jpg","BrowCam","/BrowCam.20250824_045453747.jpg","UserSelect","/UserSelect.20250824_045453747.jpg","","","-999.99","1.99","-999.99","-999.99","68aa9b1de3a1c300139fcb2b"
"2025-08-24T04:55:08.772Z","45.9548793","-130.0089082","ASNAP","","admin","","","","","","","","1248.43","4247.30","0.1","-5.2","36.23","1523.41","2.79","SciCam","/SciCam.20250824_045508772.jpg","PilotCam","/PilotCam.20250824_045508772.jpg","BrowCam","/BrowCam.20250824_045508772.jpg","UserSelect","/UserSelect.20250824_045508772.jpg","","","-999.99","1.99","-999.99","-999.99","68aa9b2ce3a1c300139fcb2f"
"2025-08-24T04:55:18.000Z","","","SulisCam","","admin","","","","","sulis_20250824045518.jpg","","","","","","","","","","","","","","","","","","-5.503","0.516","","","","","68ab00aae3a1c300139fe965"
"2025-08-24T04:55:23.798Z","45.9548668","-130.0089071","ASNAP","","admin","","","","","","","","1248.52","4245.91","0.1","-5.5","39.13","1523.21","3.02","SciCam","/SciCam.20250824_045523798.jpg","PilotCam","/PilotCam.20250824_045523798.jpg","BrowCam","/BrowCam.20250824_045523798.jpg","UserSelect","/UserSelect.20250824_045523798.jpg","","","-3.65","2.02","-999.99","-999.99","68aa9b3be3a1c300139fcb33"
"2025-08-24T04:55:38.824Z","45.9548662","-130.0089175","ASNAP","","admin","","","","","","","","1247.71","4245.84","-1.2","-6.3","62.99","1523.33","3.07","SciCam","/SciCam.20250824_045538824.jpg","PilotCam","/PilotCam.20250824_045538824.jpg","BrowCam","/BrowCam.20250824_045538824.jpg","UserSelect","/UserSelect.20250824_045538824.jpg","","","-999.99","2.05","-999.99","-999.99","68aa9b4ae3a1c300139fcb37"
"2025-08-24T04:55:53.844Z","45.9548496","-130.0089209","ASNAP","","admin","","","","","","","","1247.45","4244.00","0.8","-5.9","50.43","1523.42","2.71","SciCam","/SciCam.20250824_045553844.jpg","PilotCam","/PilotCam.20250824_045553844.jpg","BrowCam","/BrowCam.20250824_045553844.jpg","UserSelect","/UserSelect.20250824_045553844.jpg","","","-3.65","2.03","-999.99","-999.99","68aa9b59e3a1c300139fcb3b"
"2025-08-24T04:56:08.878Z","45.9548333","-130.0089287","ASNAP","","admin","","","","","","","","1246.84","4242.18","-0.0","-6.2","42.78","1523.11","3.04","SciCam","/SciCam.20250824_045608878.jpg","PilotCam","/PilotCam.20250824_045608878.jpg","BrowCam","/BrowCam.20250824_045608878.jpg","UserSelect","/UserSelect.20250824_045608878.jpg","","","-999.99","1.95","-999.99","-999.99","68aa9b68e3a1c300139fcb3f"
"2025-08-24T04:56:22.000Z","","","SulisCam","","admin","","","","","sulis_20250824045622.jpg","","","","","","","","","","","","","","","","","","-6.146","-0.825","","","","","68ab00abe3a1c300139fe967"
"2025-08-24T04:56:23.911Z","45.9548211","-130.0089243","ASNAP","","admin","","","","","","","","1247.18","4240.83","2.2","-5.8","42.70","1523.50","2.84","SciCam","/SciCam.20250824_045623911.jpg","PilotCam","/PilotCam.20250824_045623911.jpg","BrowCam","/BrowCam.20250824_045623911.jpg","UserSelect","/UserSelect.20250824_045623911.jpg","","","-3.65","2.02","-3.65","-999.99","68aa9b77e3a1c300139fcb43"
"2025-08-24T04:56:25.809Z","45.9548198","-130.0089232","FREE_FORM","surveying new and old CTD","guest","","","","","","","","1247.27","4240.68","-1.2","-5.9","43.00","1523.70","2.61","SciCam","/SciCam.20250824_045625809.jpg","PilotCam","/PilotCam.20250824_045625809.jpg","BrowCam","/BrowCam.20250824_045625809.jpg","UserSelect","/UserSelect.20250824_045625809.jpg","","","-999.99","2.00","-999.99","-999.99","68aa9b79e3a1c300139fcb47"
"2025-08-24T04:56:38.941Z","45.9548180","-130.0089209","ASNAP","","admin","","","","","","","","1247.45","4240.48","0.4","-5.6","44.72","1523.21","3.02","SciCam","/SciCam.20250824_045638941.jpg","PilotCam","/PilotCam.20250824_045638941.jpg","BrowCam","/BrowCam.20250824_045638941.jpg","UserSelect","/UserSelect.20250824_045638941.jpg","","","-3.65","2.01","-3.65","-999.99","68aa9b86e3a1c300139fcb4b"
"2025-08-24T04:56:43.000Z","","","SulisCam","","admin","","","","","sulis_20250824045643.jpg","","","","","","","","","","","","","","","","","","-5.415","0.602","","","","","68ab00abe3a1c300139fe969"
"2025-08-24T04:56:53.972Z","45.9548370","-130.0089352","ASNAP","","admin","","","","","","","","1246.34","4242.59","0.3","-5.8","57.16","1523.26","2.87","SciCam","/SciCam.20250824_045653972.jpg","PilotCam","/PilotCam.20250824_045653972.jpg","BrowCam","/BrowCam.20250824_045653972.jpg","UserSelect","/UserSelect.20250824_045653972.jpg","","","-3.65","2.02","-999.99","-999.99","68aa9b95e3a1c300139fcb4f"
"2025-08-24T04:57:09.002Z","45.9548652","-130.0089462","ASNAP","","admin","","","","","","","","1245.48","4245.73","0.3","-5.8","62.24","1523.32","3.04","SciCam","/SciCam.20250824_045709002.jpg","PilotCam","/PilotCam.20250824_045709002.jpg","BrowCam","/BrowCam.20250824_045709002.jpg","UserSelect","/UserSelect.20250824_045709002.jpg","","","-3.65","1.99","-999.99","-999.99","68aa9ba5e3a1c300139fcb53"
"2025-08-24T04:57:24.034Z","45.9548900","-130.0089511","ASNAP","","admin","","","","","","","","1245.10","4248.48","0.4","-6.1","65.32","1523.28","3.25","SciCam","/SciCam.20250824_045724034.jpg","PilotCam","/PilotCam.20250824_045724034.jpg","BrowCam","/BrowCam.20250824_045724034.jpg","UserSelect","/UserSelect.20250824_045724034.jpg","","","-999.99","1.99","-999.99","-999.99","68aa9bb4e3a1c300139fcb57"
"2025-08-24T04:57:39.064Z","45.9549121","-130.0089536","ASNAP","","admin","","","","","","","","1244.91","4250.94","0.3","-6.0","82.49","1523.27","3.43","SciCam","/SciCam.20250824_045739064.jpg","PilotCam","/PilotCam.20250824_045739064.jpg","BrowCam","/BrowCam.20250824_045739064.jpg","UserSelect","/UserSelect.20250824_045739064.jpg","","","-999.99","2.09","-999.99","-999.99","68aa9bc3e3a1c300139fcb5b"
"2025-08-24T04:57:54.096Z","45.9549334","-130.0089510","ASNAP","","admin","","","","","","","","1245.11","4253.31","-0.1","-6.2","105.27","1523.26","3.56","SciCam","/SciCam.20250824_045754096.jpg","PilotCam","/PilotCam.20250824_045754096.jpg","BrowCam","/BrowCam.20250824_045754096.jpg","UserSelect","/UserSelect.20250824_045754096.jpg","","","-3.65","1.86","-999.99","-999.99","68aa9bd2e3a1c300139fcb5f"
"2025-08-24T04:58:09.128Z","45.9549507","-130.0089291","ASNAP","","admin","","","","","","","","1246.81","4255.23","-0.5","-6.0","139.57","1523.29","3.61","SciCam","/SciCam.20250824_045809128.jpg","PilotCam","/PilotCam.20250824_045809128.jpg","BrowCam","/BrowCam.20250824_045809128.jpg","UserSelect","/UserSelect.20250824_045809128.jpg","","","-3.65","1.99","-999.99","-999.99","68aa9be1e3a1c300139fcb63"
"2025-08-24T04:58:24.148Z","45.9549586","-130.0088900","ASNAP","","admin","","","","","","","","1249.84","4256.11","-0.6","-5.8","180.50","1523.28","3.63","SciCam","/SciCam.20250824_045824148.jpg","PilotCam","/PilotCam.20250824_045824148.jpg","BrowCam","/BrowCam.20250824_045824148.jpg","UserSelect","/UserSelect.20250824_045824148.jpg","","","-999.99","2.08","-999.99","-999.99","68aa9bf0e3a1c300139fcb67"
"2025-08-24T04:58:39.180Z","45.9549528","-130.0088456","ASNAP","","admin","","","","","","","","1253.29","4255.47","-0.6","-5.2","213.18","1523.33","3.53","SciCam","/SciCam.20250824_045839180.jpg","PilotCam","/PilotCam.20250824_045839180.jpg","BrowCam","/BrowCam.20250824_045839180.jpg","UserSelect","/UserSelect.20250824_045839180.jpg","","","-999.99","1.98","-999.99","-999.99","68aa9bffe3a1c300139fcb6b"
"2025-08-24T04:58:54.212Z","45.9549334","-130.0088188","ASNAP","","admin","","","","","","","","1255.37","4253.31","-0.5","-5.0","238.21","1523.31","3.50","SciCam","/SciCam.20250824_045854212.jpg","PilotCam","/PilotCam.20250824_045854212.jpg","BrowCam","/BrowCam.20250824_045854212.jpg","UserSelect","/UserSelect.20250824_045854212.jpg","","","-999.99","1.99","-999.99","-999.99","68aa9c0ee3a1c300139fcb6f"
"2025-08-24T04:59:09.244Z","45.9549084","-130.0088144","ASNAP","","admin","","","","","","","","1255.71","4250.53","-0.2","-4.8","240.37","1523.59","3.22","SciCam","/SciCam.20250824_045909244.jpg","PilotCam","/PilotCam.20250824_045909244.jpg","BrowCam","/BrowCam.20250824_045909244.jpg","UserSelect","/UserSelect.20250824_045909244.jpg","","","-3.65","1.99","-999.99","-999.99","68aa9c1de3a1c300139fcb73"
"2025-08-24T04:59:24.276Z","45.9548881","-130.0088132","ASNAP","","admin","","","","","","","","1255.80","4248.27","-0.3","-5.2","250.82","1523.77","2.82","SciCam","/SciCam.20250824_045924276.jpg","PilotCam","/PilotCam.20250824_045924276.jpg","BrowCam","/BrowCam.20250824_045924276.jpg","UserSelect","/UserSelect.20250824_045924276.jpg","","","-3.65","1.99","-999.99","-999.99","68aa9c2ce3a1c300139fcb77"
"2025-08-24T04:59:39.305Z","45.9548649","-130.0088095","ASNAP","","admin","","","","","","","","1256.09","4245.70","-0.3","-5.0","259.60","1523.62","2.71","SciCam","/SciCam.20250824_045939305.jpg","PilotCam","/PilotCam.20250824_045939305.jpg","BrowCam","/BrowCam.20250824_045939305.jpg","UserSelect","/UserSelect.20250824_045939305.jpg","","","-999.99","1.99","-999.99","-999.99","68aa9c3be3a1c300139fcb7b"
"2025-08-24T04:59:54.337Z","45.9548445","-130.0088193","ASNAP","","admin","","","","","","","","1255.33","4243.43","0.0","-4.9","288.33","1523.62","2.61","SciCam","/SciCam.20250824_045954337.jpg","PilotCam","/PilotCam.20250824_045954337.jpg","BrowCam","/BrowCam.20250824_045954337.jpg","UserSelect","/UserSelect.20250824_045954337.jpg","","","-999.99","1.99","-999.99","-999.99","68aa9c4ae3a1c300139fcb7f"
"2025-08-24T05:00:05.000Z","","","SulisCam","","admin","","","","","sulis_20250824050005.jpg","","","","","","","","","","","","","","","","","","-5.089","0.251","","","","","68ab00abe3a1c300139fe96b"
"2025-08-24T05:00:09.369Z","45.9548299","-130.0088456","ASNAP","","admin","","","","","","","","1253.29","4241.80","0.3","-5.3","323.24","1523.56","2.77","SciCam","/SciCam.20250824_050009369.jpg","PilotCam","/PilotCam.20250824_050009369.jpg","BrowCam","/BrowCam.20250824_050009369.jpg","UserSelect","/UserSelect.20250824_050009369.jpg","","","-3.65","2.02","-999.99","-999.99","68aa9c59e3a1c300139fcb83"
"2025-08-24T05:00:24.000Z","","","SulisCam","","admin","","","","","sulis_20250824050024.jpg","","","","","","","","","","","","","","","","","","-5.579","0.666","","","","","68ab00abe3a1c300139fe96d"
"2025-08-24T05:00:24.396Z","45.9548185","-130.0088732","ASNAP","","admin","","","","","","","","1251.15","4240.54","0.8","-5.6","5.14","1523.61","2.82","SciCam","/SciCam.20250824_050024396.jpg","PilotCam","/PilotCam.20250824_050024396.jpg","BrowCam","/BrowCam.20250824_050024396.jpg","UserSelect","/UserSelect.20250824_050024396.jpg","","","-999.99","2.01","-999.99","-999.99","68aa9c68e3a1c300139fcb87"
"2025-08-24T05:00:39.428Z","45.9548291","-130.0089085","ASNAP","","admin","","","","","","","","1248.41","4241.72","0.5","-5.6","29.44","1523.62","2.61","SciCam","/SciCam.20250824_050039428.jpg","PilotCam","/PilotCam.20250824_050039428.jpg","BrowCam","/BrowCam.20250824_050039428.jpg","UserSelect","/UserSelect.20250824_050039428.jpg","","","-3.65","1.98","-3.65","-999.99","68aa9c77e3a1c300139fcb8b"
"2025-08-24T05:00:54.447Z","45.9548606","-130.0089129","ASNAP","","admin","","","","","","","","1248.07","4245.22","-0.4","-5.5","35.68","1524.01","2.41","SciCam","/SciCam.20250824_050054447.jpg","PilotCam","/PilotCam.20250824_050054447.jpg","BrowCam","/BrowCam.20250824_050054447.jpg","UserSelect","/UserSelect.20250824_050054447.jpg","","","-3.65","1.99","-3.65","-999.99","68aa9c86e3a1c300139fcb8f"
"2025-08-24T05:01:02.901Z","45.9548713","-130.0089067","HIGHLIGHTS","","guest","","","","","","","4K highlights stop","1248.55","4246.41","0.3","-5.5","35.66","1524.42","1.85","SciCam","/SciCam.20250824_050102901.jpg","PilotCam","/PilotCam.20250824_050102901.jpg","BrowCam","/BrowCam.20250824_050102901.jpg","UserSelect","/UserSelect.20250824_050102901.jpg","","","-3.65","2.01","-3.65","-999.99","68aa9c8ee3a1c300139fcb93"
"2025-08-24T05:01:09.481Z","45.9548786","-130.0089044","ASNAP","","admin","","","","","","","","1248.73","4247.22","-0.2","-5.7","36.35","1524.65","1.69","SciCam","/SciCam.20250824_050109481.jpg","PilotCam","/PilotCam.20250824_050109481.jpg","BrowCam","/BrowCam.20250824_050109481.jpg","UserSelect","/UserSelect.20250824_050109481.jpg","","","-3.65","1.99","-999.99","-999.99","68aa9c95e3a1c300139fcb97"
"2025-08-24T05:01:24.512Z","45.9548786","-130.0089019","ASNAP","","admin","","","","","","","","1248.92","4247.22","0.4","-5.5","36.30","1524.48","1.80","SciCam","/SciCam.20250824_050124512.jpg","PilotCam","/PilotCam.20250824_050124512.jpg","BrowCam","/BrowCam.20250824_050124512.jpg","UserSelect","/UserSelect.20250824_050124512.jpg","","","-999.99","1.99","-999.99","-999.99","68aa9ca4e3a1c300139fcb9b"
"2025-08-24T05:01:28.000Z","","","SulisCam","","admin","","","","","sulis_20250824050128.jpg","","","","","","","","","","","","","","","","","","-5.675","0.622","","","","","68ab00abe3a1c300139fe96f"
"2025-08-24T05:01:33.000Z","","","SulisCam","","admin","","","","","sulis_20250824050133.jpg","","","","","","","","","","","","","","","","","","-5.711","0.516","","","","","68ab00abe3a1c300139fe971"
"2025-08-24T05:01:39.538Z","45.9548792","-130.0089009","ASNAP","","admin","","","","","","","","1249.00","4247.28","0.5","-5.6","36.61","1524.62","1.69","SciCam","/SciCam.20250824_050139538.jpg","PilotCam","/PilotCam.20250824_050139538.jpg","BrowCam","/BrowCam.20250824_050139538.jpg","UserSelect","/UserSelect.20250824_050139538.jpg","","","-3.65","1.98","-3.65","-999.99","68aa9cb3e3a1c300139fcb9f"
"2025-08-24T05:01:54.570Z","45.9548789","-130.0089025","ASNAP","","admin","","","","","","","","1248.87","4247.25","0.6","-5.7","36.19","1524.58","1.72","SciCam","/SciCam.20250824_050154570.jpg","PilotCam","/PilotCam.20250824_050154570.jpg","BrowCam","/BrowCam.20250824_050154570.jpg","UserSelect","/UserSelect.20250824_050154570.jpg","","","-999.99","1.99","-999.99","-999.99","68aa9cc2e3a1c300139fcba3"
"2025-08-24T05:02:09.600Z","45.9548788","-130.0089005","ASNAP","","admin","","","","","","","","1249.03","4247.24","0.5","-5.6","36.87","1524.56","1.75","SciCam","/SciCam.20250824_050209600.jpg","PilotCam","/PilotCam.20250824_050209600.jpg","BrowCam","/BrowCam.20250824_050209600.jpg","UserSelect","/UserSelect.20250824_050209600.jpg","","","-3.65","2.01","-999.99","-999.99","68aa9cd1e3a1c300139fcba7"
"2025-08-24T05:02:24.629Z","45.9548875","-130.0088863","ASNAP","","admin","","","","","","","","1250.13","4248.21","0.5","-4.8","346.29","1523.53","2.71","SciCam","/SciCam.20250824_050224629.jpg","PilotCam","/PilotCam.20250824_050224629.jpg","BrowCam","/BrowCam.20250824_050224629.jpg","UserSelect","/UserSelect.20250824_050224629.jpg","","","-3.65","1.96","-999.99","-999.99","68aa9ce0e3a1c300139fcbab"
"2025-08-24T05:02:39.659Z","45.9548929","-130.0088600","ASNAP","","admin","","","","","","","","1252.17","4248.81","0.6","-5.8","320.15","1524.18","2.18","SciCam","/SciCam.20250824_050239659.jpg","PilotCam","/PilotCam.20250824_050239659.jpg","BrowCam","/BrowCam.20250824_050239659.jpg","UserSelect","/UserSelect.20250824_050239659.jpg","","","-999.99","2.00","-999.99","-999.99","68aa9cefe3a1c300139fcbaf"
"2025-08-24T05:02:54.688Z","45.9548934","-130.0088641","ASNAP","","admin","","","","","","","","1251.85","4248.86","-0.1","-5.4","327.39","1524.92","1.39","SciCam","/SciCam.20250824_050254688.jpg","PilotCam","/PilotCam.20250824_050254688.jpg","BrowCam","/BrowCam.20250824_050254688.jpg","UserSelect","/UserSelect.20250824_050254688.jpg","","","-999.99","1.98","-999.99","-999.99","68aa9cfee3a1c300139fcbb3"
"2025-08-24T05:02:56.000Z","","","SulisCam","","admin","","","","","sulis_20250824050256.jpg","","","","","","","","","","","","","","","","","","-5.411","-0.219","","","","","68ab00abe3a1c300139fe973"
"2025-08-24T05:03:01.000Z","","","SulisCam","","admin","","","","","sulis_20250824050301.jpg","","","","","","","","","","","","","","","","","","-5.121","-0.927","","","","","68ab00abe3a1c300139fe975"
"2025-08-24T05:03:09.713Z","45.9548904","-130.0088632","ASNAP","","admin","","","","","","","","1251.92","4248.53","0.4","-5.1","329.93","1524.71","1.49","SciCam","/SciCam.20250824_050309713.jpg","PilotCam","/PilotCam.20250824_050309713.jpg","BrowCam","/BrowCam.20250824_050309713.jpg","UserSelect","/UserSelect.20250824_050309713.jpg","","","-999.99","1.99","-999.99","-999.99","68aa9d0de3a1c300139fcbb7"
"2025-08-24T05:03:24.744Z","45.9548839","-130.0088438","ASNAP","","admin","","","","","","","","1253.43","4247.81","-1.1","-5.0","262.50","1524.06","2.31","SciCam","/SciCam.20250824_050324744.jpg","PilotCam","/PilotCam.20250824_050324744.jpg","BrowCam","/BrowCam.20250824_050324744.jpg","UserSelect","/UserSelect.20250824_050324744.jpg","","","-3.65","1.96","-3.65","-999.99","68aa9d1ce3a1c300139fcbbb"
"2025-08-24T05:03:39.776Z","45.9548676","-130.0088438","ASNAP","","admin","","","","","","","","1253.43","4245.99","-0.3","-5.0","267.66","1523.95","2.33","SciCam","/SciCam.20250824_050339776.jpg","PilotCam","/PilotCam.20250824_050339776.jpg","BrowCam","/BrowCam.20250824_050339776.jpg","UserSelect","/UserSelect.20250824_050339776.jpg","","","-3.65","1.99","-999.99","-999.99","68aa9d2be3a1c300139fcbbf"
"2025-08-24T05:03:54.798Z","45.9548586","-130.0088509","ASNAP","","admin","","","","","","","","1252.88","4245.00","-0.1","-4.6","298.06","1524.33","2.00","SciCam","/SciCam.20250824_050354798.jpg","PilotCam","/PilotCam.20250824_050354798.jpg","BrowCam","/BrowCam.20250824_050354798.jpg","UserSelect","/UserSelect.20250824_050354798.jpg","","","-3.65","2.00","-999.99","-999.99","68aa9d3ae3a1c300139fcbc3"
"2025-08-24T05:04:09.830Z","45.9548593","-130.0088577","ASNAP","","admin","","","","","","","","1252.35","4245.07","-0.2","-4.3","293.91","1525.09","1.11","SciCam","/SciCam.20250824_050409830.jpg","PilotCam","/PilotCam.20250824_050409830.jpg","BrowCam","/BrowCam.20250824_050409830.jpg","UserSelect","/UserSelect.20250824_050409830.jpg","","","-999.99","1.98","-999.99","-999.99","68aa9d49e3a1c300139fcbc7"
"2025-08-24T05:04:21.227Z","45.9548597","-130.0088536","ROV Actions","picking up cabled plug from beneath ctd","guest","","(Starboard) Manipulator in use","","","","","","1252.67","4245.12","-1.4","-6.8","293.72","1524.98","1.29","SciCam","/SciCam.20250824_050421227.jpg","PilotCam","/PilotCam.20250824_050421227.jpg","BrowCam","/BrowCam.20250824_050421227.jpg","UserSelect","/UserSelect.20250824_050421227.jpg","","","-3.65","2.01","-3.65","-999.99","68aa9d55e3a1c300139fcbcb"
"2025-08-24T05:04:24.862Z","45.9548604","-130.0088551","ASNAP","","admin","","","","","","","","1252.55","4245.20","-1.4","-6.4","293.77","1524.98","1.29","SciCam","/SciCam.20250824_050424862.jpg","PilotCam","/PilotCam.20250824_050424862.jpg","BrowCam","/BrowCam.20250824_050424862.jpg","UserSelect","/UserSelect.20250824_050424862.jpg","","","-999.99","2.02","-999.99","-999.99","68aa9d58e3a1c300139fcbcf"
"2025-08-24T05:04:39.895Z","45.9548592","-130.0088540","ASNAP","","admin","","","","","","","","1252.64","4245.06","-1.3","-6.1","293.79","1524.96","1.36","SciCam","/SciCam.20250824_050439895.jpg","PilotCam","/PilotCam.20250824_050439895.jpg","BrowCam","/BrowCam.20250824_050439895.jpg","UserSelect","/UserSelect.20250824_050439895.jpg","","","-999.99","1.99","-999.99","-999.99","68aa9d67e3a1c300139fcbd3"
"2025-08-24T05:04:54.927Z","45.9548603","-130.0088565","ASNAP","","admin","","","","","","","","1252.44","4245.18","-1.5","-6.1","293.81","1524.93","1.36","SciCam","/SciCam.20250824_050454927.jpg","PilotCam","/PilotCam.20250824_050454927.jpg","BrowCam","/BrowCam.20250824_050454927.jpg","UserSelect","/UserSelect.20250824_050454927.jpg","","","-999.99","2.01","-999.99","-999.99","68aa9d76e3a1c300139fcbd7"
"2025-08-24T05:05:08.000Z","","","SulisCam","","admin","","","","","sulis_20250824050508.jpg","","","","","","","","","","","","","","","","","","-5.308","-0.955","","","","","68ab00abe3a1c300139fe977"
"2025-08-24T05:05:09.956Z","45.9548605","-130.0088567","ASNAP","","admin","","","","","","","","1252.43","4245.21","-1.1","-5.3","293.57","1525.03","1.24","SciCam","/SciCam.20250824_050509956.jpg","PilotCam","/PilotCam.20250824_050509956.jpg","BrowCam","/BrowCam.20250824_050509956.jpg","UserSelect","/UserSelect.20250824_050509956.jpg","","","-999.99","1.96","-999.99","-999.99","68aa9d85e3a1c300139fcbdb"
"2025-08-24T05:05:16.026Z","45.9548603","-130.0088573","Biology Type","","guest","","","Fish","","","","","1252.38","4245.18","-0.2","-5.9","293.56","1524.95","1.26","SciCam","/SciCam.20250824_050516026.jpg","PilotCam","/PilotCam.20250824_050516026.jpg","BrowCam","/BrowCam.20250824_050516026.jpg","UserSelect","/UserSelect.20250824_050516026.jpg","","","-3.65","2.00","-3.65","-999.99","68aa9d8ce3a1c300139fcbdf"
"2025-08-24T05:05:24.984Z","45.9548592","-130.0088531","ASNAP","","admin","","","","","","","","1252.71","4245.06","-0.4","-6.4","293.75","1525.00","1.26","SciCam","/SciCam.20250824_050524984.jpg","PilotCam","/PilotCam.20250824_050524984.jpg","BrowCam","/BrowCam.20250824_050524984.jpg","UserSelect","/UserSelect.20250824_050524984.jpg","","","-3.65","1.99","-999.99","-999.99","68aa9d94e3a1c300139fcbe3"
"2025-08-24T05:05:37.917Z","45.9548600","-130.0088563","ROV Actions","picking up ctd","guest","","(Port) Manipulator in use","","","","","","1252.46","4245.15","-0.3","-6.8","293.70","1525.02","1.36","SciCam","/SciCam.20250824_050537917.jpg","PilotCam","/PilotCam.20250824_050537917.jpg","BrowCam","/BrowCam.20250824_050537917.jpg","UserSelect","/UserSelect.20250824_050537917.jpg","","","-3.65","1.97","-999.99","-999.99","68aa9da1e3a1c300139fcbe7"
"2025-08-24T05:05:40.015Z","45.9548598","-130.0088555","ASNAP","","admin","","","","","","","","1252.52","4245.13","-0.4","-6.6","293.61","1525.06","1.21","SciCam","/SciCam.20250824_050540015.jpg","PilotCam","/PilotCam.20250824_050540015.jpg","BrowCam","/BrowCam.20250824_050540015.jpg","UserSelect","/UserSelect.20250824_050540015.jpg","","","-999.99","1.99","-999.99","-999.99","68aa9da4e3a1c300139fcbeb"
"2025-08-24T05:05:55.047Z","45.9548608","-130.0088452","ASNAP","","admin","","","","","","","","1253.32","4245.24","0.9","-7.6","291.51","1524.07","2.13","SciCam","/SciCam.20250824_050555047.jpg","PilotCam","/PilotCam.20250824_050555047.jpg","BrowCam","/BrowCam.20250824_050555047.jpg","UserSelect","/UserSelect.20250824_050555047.jpg","","","-999.99","1.99","-999.99","-999.99","68aa9db3e3a1c300139fcbef"
"2025-08-24T05:06:10.075Z","45.9548841","-130.0088216","ASNAP","","admin","","","","","","","","1255.15","4247.83","-0.4","-6.7","291.92","1522.80","3.68","SciCam","/SciCam.20250824_050610075.jpg","PilotCam","/PilotCam.20250824_050610075.jpg","BrowCam","/BrowCam.20250824_050610075.jpg","UserSelect","/UserSelect.20250824_050610075.jpg","","","-999.99","1.94","-999.99","-999.99","68aa9dc2e3a1c300139fcbf3"
"2025-08-24T05:06:25.106Z","45.9549003","-130.0088159","ASNAP","","admin","","","","","","","","1255.59","4249.63","0.2","-7.2","292.83","1524.23","2.48","SciCam","/SciCam.20250824_050625106.jpg","PilotCam","/PilotCam.20250824_050625106.jpg","BrowCam","/BrowCam.20250824_050625106.jpg","UserSelect","/UserSelect.20250824_050625106.jpg","","","-999.99","1.99","-999.99","-999.99","68aa9dd1e3a1c300139fcbf7"
"2025-08-24T05:06:40.135Z","45.9549037","-130.0088057","ASNAP","","admin","","","","","","","","1256.38","4250.01","-1.6","-6.0","291.81","1525.34","1.21","SciCam","/SciCam.20250824_050640135.jpg","PilotCam","/PilotCam.20250824_050640135.jpg","BrowCam","/BrowCam.20250824_050640135.jpg","UserSelect","/UserSelect.20250824_050640135.jpg","","","-999.99","1.99","-999.99","-999.99","68aa9de0e3a1c300139fcbfb"
"2025-08-24T05:06:55.163Z","45.9549045","-130.0088069","ASNAP","","admin","","","","","","","","1256.29","4250.10","-1.4","-5.4","290.68","1525.34","1.16","SciCam","/SciCam.20250824_050655163.jpg","PilotCam","/PilotCam.20250824_050655163.jpg","BrowCam","/BrowCam.20250824_050655163.jpg","UserSelect","/UserSelect.20250824_050655163.jpg","","","-999.99","1.97","-999.99","-999.99","68aa9defe3a1c300139fcbff"
"2025-08-24T05:07:00.520Z","45.9549047","-130.0088073","ROV Actions","setting down old cabled plugs","guest","","(Starboard) Manipulator in use","","","","","","1256.26","4250.12","-1.2","-4.6","291.03","1525.33","1.21","SciCam","/SciCam.20250824_050700520.jpg","PilotCam","/PilotCam.20250824_050700520.jpg","BrowCam","/BrowCam.20250824_050700520.jpg","UserSelect","/UserSelect.20250824_050700520.jpg","","","-999.99","2.01","-999.99","-999.99","68aa9df4e3a1c300139fcc03"
"2025-08-24T05:07:10.195Z","45.9549047","-130.0088074","ASNAP","","admin","","","","","","","","1256.25","4250.12","-1.2","-5.2","290.83","1525.34","1.16","SciCam","/SciCam.20250824_050710195.jpg","PilotCam","/PilotCam.20250824_050710195.jpg","BrowCam","/BrowCam.20250824_050710195.jpg","UserSelect","/UserSelect.20250824_050710195.jpg","","","-3.65","1.98","-999.99","-999.99","68aa9dfee3a1c300139fcc07"
"2025-08-24T05:07:25.226Z","45.9549049","-130.0088077","ASNAP","","admin","","","","","","","","1256.23","4250.14","-1.1","-5.4","290.82","1525.34","1.16","SciCam","/SciCam.20250824_050725226.jpg","PilotCam","/PilotCam.20250824_050725226.jpg","BrowCam","/BrowCam.20250824_050725226.jpg","UserSelect","/UserSelect.20250824_050725226.jpg","","","-3.65","1.99","-999.99","-999.99","68aa9e0de3a1c300139fcc0b"
"2025-08-24T05:07:30.098Z","45.9549049","-130.0088077","Biology Type","","guest","","","Fish","","","","","1256.23","4250.14","-1.0","-5.7","290.82","1525.33","1.16","SciCam","/SciCam.20250824_050730098.jpg","PilotCam","/PilotCam.20250824_050730098.jpg","BrowCam","/BrowCam.20250824_050730098.jpg","UserSelect","/UserSelect.20250824_050730098.jpg","","","-999.99","2.01","-999.99","-999.99","68aa9e12e3a1c300139fcc0f"
"2025-08-24T05:07:38.000Z","","","SulisCam","","admin","","","","","sulis_20250824050738.jpg","","","","","","","","","","","","","","","","","","-5.685","-0.992","","","","","68ab00abe3a1c300139fe979"
"2025-08-24T05:07:40.257Z","45.9549050","-130.0088078","ASNAP","","admin","","","","","","","","1256.22","4250.15","-1.0","-5.7","290.82","1525.34","1.16","SciCam","/SciCam.20250824_050740257.jpg","PilotCam","/PilotCam.20250824_050740257.jpg","BrowCam","/BrowCam.20250824_050740257.jpg","UserSelect","/UserSelect.20250824_050740257.jpg","","","-999.99","2.00","-999.99","-999.99","68aa9e1ce3a1c300139fcc13"
"2025-08-24T05:07:48.953Z","45.9549052","-130.0088078","ROV Actions","picking up carabiner from jason porch box","guest","","(Starboard) Manipulator in use","","","","","","1256.22","4250.17","-1.3","-5.1","290.82","1525.35","1.16","SciCam","/SciCam.20250824_050748953.jpg","PilotCam","/PilotCam.20250824_050748953.jpg","BrowCam","/BrowCam.20250824_050748953.jpg","UserSelect","/UserSelect.20250824_050748953.jpg","","","-999.99","2.00","-999.99","-999.99","68aa9e24e3a1c300139fcc17"
"2025-08-24T05:07:55.287Z","45.9549052","-130.0088078","ASNAP","","admin","","","","","","","","1256.22","4250.17","-0.8","-6.0","290.82","1525.33","1.16","SciCam","/SciCam.20250824_050755287.jpg","PilotCam","/PilotCam.20250824_050755287.jpg","BrowCam","/BrowCam.20250824_050755287.jpg","UserSelect","/UserSelect.20250824_050755287.jpg","","","-999.99","1.95","-999.99","-999.99","68aa9e2be3a1c300139fcc1b"
"2025-08-24T05:08:10.318Z","45.9549052","-130.0088079","ASNAP","","admin","","","","","","","","1256.21","4250.17","-1.2","-5.2","290.82","1525.35","1.16","SciCam","/SciCam.20250824_050810318.jpg","PilotCam","/PilotCam.20250824_050810318.jpg","BrowCam","/BrowCam.20250824_050810318.jpg","UserSelect","/UserSelect.20250824_050810318.jpg","","","-999.99","1.99","-999.99","-999.99","68aa9e3ae3a1c300139fcc1f"
"2025-08-24T05:08:25.348Z","45.9549052","-130.0088079","ASNAP","","admin","","","","","","","","1256.21","4250.17","-1.1","-5.5","290.83","1525.35","1.16","SciCam","/SciCam.20250824_050825348.jpg","PilotCam","/PilotCam.20250824_050825348.jpg","BrowCam","/BrowCam.20250824_050825348.jpg","UserSelect","/UserSelect.20250824_050825348.jpg","","","-3.65","1.99","-999.99","-999.99","68aa9e49e3a1c300139fcc23"
"2025-08-24T05:08:40.364Z","45.9549053","-130.0088082","ASNAP","","admin","","","","","","","","1256.19","4250.18","-0.8","-6.1","290.82","1525.34","1.18","SciCam","/SciCam.20250824_050840364.jpg","PilotCam","/PilotCam.20250824_050840364.jpg","BrowCam","/BrowCam.20250824_050840364.jpg","UserSelect","/UserSelect.20250824_050840364.jpg","","","-999.99","1.98","-999.99","-999.99","68aa9e58e3a1c300139fcc27"
"2025-08-24T05:08:55.395Z","45.9549053","-130.0088082","ASNAP","","admin","","","","","","","","1256.19","4250.19","-0.8","-6.0","290.82","1525.34","1.16","SciCam","/SciCam.20250824_050855395.jpg","PilotCam","/PilotCam.20250824_050855395.jpg","BrowCam","/BrowCam.20250824_050855395.jpg","UserSelect","/UserSelect.20250824_050855395.jpg","","","-3.65","1.97","-3.65","-999.99","68aa9e67e3a1c300139fcc2b"
"2025-08-24T05:09:10.424Z","45.9549053","-130.0088083","ASNAP","","admin","","","","","","","","1256.18","4250.19","-0.9","-5.8","290.82","1525.34","1.16","SciCam","/SciCam.20250824_050910424.jpg","PilotCam","/PilotCam.20250824_050910424.jpg","BrowCam","/BrowCam.20250824_050910424.jpg","UserSelect","/UserSelect.20250824_050910424.jpg","","","-999.99","1.96","-999.99","-999.99","68aa9e76e3a1c300139fcc2f"
"2025-08-24T05:09:25.446Z","45.9549054","-130.0088085","ASNAP","","admin","","","","","","","","1256.17","4250.20","-0.9","-5.8","290.81","1525.35","1.16","SciCam","/SciCam.20250824_050925446.jpg","PilotCam","/PilotCam.20250824_050925446.jpg","BrowCam","/BrowCam.20250824_050925446.jpg","UserSelect","/UserSelect.20250824_050925446.jpg","","","-999.99","1.99","-999.99","-999.99","68aa9e85e3a1c300139fcc33"
"2025-08-24T05:09:40.475Z","45.9549053","-130.0088085","ASNAP","","admin","","","","","","","","1256.17","4250.19","-0.8","-6.0","290.81","1525.34","1.18","SciCam","/SciCam.20250824_050940475.jpg","PilotCam","/PilotCam.20250824_050940475.jpg","BrowCam","/BrowCam.20250824_050940475.jpg","UserSelect","/UserSelect.20250824_050940475.jpg","","","-999.99","1.98","-999.99","-999.99","68aa9e94e3a1c300139fcc37"
"2025-08-24T05:09:55.506Z","45.9549054","-130.0088085","ASNAP","","admin","","","","","","","","1256.17","4250.20","-1.2","-5.2","290.82","1525.36","1.16","SciCam","/SciCam.20250824_050955506.jpg","PilotCam","/PilotCam.20250824_050955506.jpg","BrowCam","/BrowCam.20250824_050955506.jpg","UserSelect","/UserSelect.20250824_050955506.jpg","","","-3.65","1.98","-3.65","-999.99","68aa9ea3e3a1c300139fcc3f"
"2025-08-24T05:09:55.946Z","45.9549054","-130.0088085","ROV Actions","hooking carabiner around ctd cable","guest","","(Starboard) Manipulator in use","","","","","","1256.17","4250.20","-1.2","-5.2","290.82","1525.36","1.16","SciCam","/SciCam.20250824_050955946.jpg","PilotCam","/PilotCam.20250824_050955946.jpg","BrowCam","/BrowCam.20250824_050955946.jpg","UserSelect","/UserSelect.20250824_050955946.jpg","","","-3.65","1.98","-3.65","-999.99","68aa9ea3e3a1c300139fcc42"
"2025-08-24T05:10:10.524Z","45.9549056","-130.0088086","ASNAP","","admin","","","","","","","","1256.16","4250.22","-1.0","-5.7","290.82","1525.35","1.16","SciCam","/SciCam.20250824_051010524.jpg","PilotCam","/PilotCam.20250824_051010524.jpg","BrowCam","/BrowCam.20250824_051010524.jpg","UserSelect","/UserSelect.20250824_051010524.jpg","","","-3.65","2.03","-3.65","-999.99","68aa9eb2e3a1c300139fcc47"
"2025-08-24T05:10:25.555Z","45.9549056","-130.0088086","ASNAP","","admin","","","","","","","","1256.16","4250.22","-0.6","-6.4","290.79","1525.34","1.21","SciCam","/SciCam.20250824_051025555.jpg","PilotCam","/PilotCam.20250824_051025555.jpg","BrowCam","/BrowCam.20250824_051025555.jpg","UserSelect","/UserSelect.20250824_051025555.jpg","","","-3.65","1.97","-999.99","-999.99","68aa9ec1e3a1c300139fcc4b"
"2025-08-24T05:10:40.583Z","45.9549057","-130.0088087","ASNAP","","admin","","","","","","","","1256.15","4250.23","-1.3","-5.0","290.88","1525.37","1.16","SciCam","/SciCam.20250824_051040583.jpg","PilotCam","/PilotCam.20250824_051040583.jpg","BrowCam","/BrowCam.20250824_051040583.jpg","UserSelect","/UserSelect.20250824_051040583.jpg","","","-3.65","2.00","-999.99","-999.99","68aa9ed0e3a1c300139fcc4f"
"2025-08-24T05:10:55.615Z","45.9549058","-130.0088087","ASNAP","","admin","","","","","","","","1256.15","4250.24","-1.0","-5.5","290.91","1525.37","1.16","SciCam","/SciCam.20250824_051055615.jpg","PilotCam","/PilotCam.20250824_051055615.jpg","BrowCam","/BrowCam.20250824_051055615.jpg","UserSelect","/UserSelect.20250824_051055615.jpg","","","-999.99","2.01","-999.99","-999.99","68aa9edfe3a1c300139fcc53"
"2025-08-24T05:11:10.648Z","45.9549062","-130.0088088","ASNAP","","admin","","","","","","","","1256.14","4250.29","-0.8","-5.9","292.58","1525.35","1.18","SciCam","/SciCam.20250824_051110648.jpg","PilotCam","/PilotCam.20250824_051110648.jpg","BrowCam","/BrowCam.20250824_051110648.jpg","UserSelect","/UserSelect.20250824_051110648.jpg","","","-999.99","1.99","-999.99","-999.99","68aa9eeee3a1c300139fcc57"
"2025-08-24T05:11:10.785Z","45.9549062","-130.0088088","ROV Actions","setting down ctd","guest","","(Port) Manipulator in use","","","","","","1256.14","4250.29","-0.8","-5.9","292.58","1525.35","1.18","SciCam","/SciCam.20250824_051110785.jpg","PilotCam","/PilotCam.20250824_051110785.jpg","BrowCam","/BrowCam.20250824_051110785.jpg","UserSelect","/UserSelect.20250824_051110785.jpg","","","-3.65","1.97","-999.99","-999.99","68aa9eeee3a1c300139fcc5a"
"2025-08-24T05:11:17.000Z","","","SulisCam","","admin","","","","","sulis_20250824051117.jpg","","","","","","","","","","","","","","","","","","-4.877","-0.974","","","","","68ab00abe3a1c300139fe97b"
"2025-08-24T05:11:25.679Z","45.9549063","-130.0088091","ASNAP","","admin","","","","","","","","1256.12","4250.30","0.0","-3.6","293.30","1525.33","1.11","SciCam","/SciCam.20250824_051125679.jpg","PilotCam","/PilotCam.20250824_051125679.jpg","BrowCam","/BrowCam.20250824_051125679.jpg","UserSelect","/UserSelect.20250824_051125679.jpg","","","-3.65","1.96","-3.65","-999.99","68aa9efde3a1c300139fcc5f"
"2025-08-24T05:11:40.708Z","45.9549066","-130.0088092","ASNAP","","admin","","","","","","","","1256.11","4250.33","0.9","-3.3","294.05","1525.30","1.11","SciCam","/SciCam.20250824_051140708.jpg","PilotCam","/PilotCam.20250824_051140708.jpg","BrowCam","/BrowCam.20250824_051140708.jpg","UserSelect","/UserSelect.20250824_051140708.jpg","","","-3.65","2.00","-3.65","-999.99","68aa9f0ce3a1c300139fcc63"
"2025-08-24T05:11:55.739Z","45.9549067","-130.0088094","ASNAP","","admin","","","","","","","","1256.10","4250.34","0.7","-3.4","293.86","1525.31","1.11","SciCam","/SciCam.20250824_051155739.jpg","PilotCam","/PilotCam.20250824_051155739.jpg","BrowCam","/BrowCam.20250824_051155739.jpg","UserSelect","/UserSelect.20250824_051155739.jpg","","","-3.65","2.01","-999.99","-999.99","68aa9f1be3a1c300139fcc67"
"2025-08-24T05:12:02.935Z","45.9549067","-130.0088092","ROV Actions","grabbing porch bungees\n","guest","","(Port) Manipulator in use","","","","","","1256.11","4250.34","0.4","-3.4","293.56","1525.32","1.11","SciCam","/SciCam.20250824_051202935.jpg","PilotCam","/PilotCam.20250824_051202935.jpg","BrowCam","/BrowCam.20250824_051202935.jpg","UserSelect","/UserSelect.20250824_051202935.jpg","","","-999.99","2.01","-999.99","-999.99","68aa9f22e3a1c300139fcc6b"
"2025-08-24T05:12:08.000Z","","","SulisCam","","admin","","","","","sulis_20250824051208.jpg","","","","","","","","","","","","","","","","","","-3.826","0.607","","","","","68ab00abe3a1c300139fe97d"
"2025-08-24T05:12:10.764Z","45.9549068","-130.0088094","ASNAP","","admin","","","","","","","","1256.10","4250.35","0.5","-3.6","293.51","1525.32","1.11","SciCam","/SciCam.20250824_051210764.jpg","PilotCam","/PilotCam.20250824_051210764.jpg","BrowCam","/BrowCam.20250824_051210764.jpg","UserSelect","/UserSelect.20250824_051210764.jpg","","","-3.65","2.00","-999.99","-999.99","68aa9f2ae3a1c300139fcc6f"
"2025-08-24T05:12:25.796Z","45.9549069","-130.0088095","ASNAP","","admin","","","","","","","","1256.09","4250.36","0.9","-3.2","293.66","1525.31","1.11","SciCam","/SciCam.20250824_051225796.jpg","PilotCam","/PilotCam.20250824_051225796.jpg","BrowCam","/BrowCam.20250824_051225796.jpg","UserSelect","/UserSelect.20250824_051225796.jpg","","","-999.99","2.01","-999.99","-999.99","68aa9f39e3a1c300139fcc73"
"2025-08-24T05:12:40.824Z","45.9549070","-130.0088095","ASNAP","","admin","","","","","","","","1256.09","4250.38","0.7","-3.5","293.57","1525.31","1.11","SciCam","/SciCam.20250824_051240824.jpg","PilotCam","/PilotCam.20250824_051240824.jpg","BrowCam","/BrowCam.20250824_051240824.jpg","UserSelect","/UserSelect.20250824_051240824.jpg","","","-999.99","1.98","-999.99","-999.99","68aa9f48e3a1c300139fcc77"
"2025-08-24T05:12:55.856Z","45.9549070","-130.0088096","ASNAP","","admin","","","","","","","","1256.08","4250.38","0.8","-3.2","293.68","1525.32","1.08","SciCam","/SciCam.20250824_051255856.jpg","PilotCam","/PilotCam.20250824_051255856.jpg","BrowCam","/BrowCam.20250824_051255856.jpg","UserSelect","/UserSelect.20250824_051255856.jpg","","","-999.99","2.02","-999.99","-999.99","68aa9f57e3a1c300139fcc7b"
"2025-08-24T05:13:10.884Z","45.9549071","-130.0088097","ASNAP","","admin","","","","","","","","1256.07","4250.39","0.5","-3.3","293.40","1525.33","1.11","SciCam","/SciCam.20250824_051310884.jpg","PilotCam","/PilotCam.20250824_051310884.jpg","BrowCam","/BrowCam.20250824_051310884.jpg","UserSelect","/UserSelect.20250824_051310884.jpg","","","-3.65","1.97","-3.65","-999.99","68aa9f66e3a1c300139fcc7f"
"2025-08-24T05:13:25.914Z","45.9549071","-130.0088099","ASNAP","","admin","","","","","","","","1256.06","4250.39","-1.3","-4.8","293.04","1525.40","1.11","SciCam","/SciCam.20250824_051325914.jpg","PilotCam","/PilotCam.20250824_051325914.jpg","BrowCam","/BrowCam.20250824_051325914.jpg","UserSelect","/UserSelect.20250824_051325914.jpg","","","-3.65","1.98","-999.99","-999.99","68aa9f75e3a1c300139fcc83"
"2025-08-24T05:13:40.943Z","45.9549072","-130.0088099","ASNAP","","admin","","","","","","","","1256.06","4250.40","-1.4","-4.9","292.77","1525.40","1.11","SciCam","/SciCam.20250824_051340943.jpg","PilotCam","/PilotCam.20250824_051340943.jpg","BrowCam","/BrowCam.20250824_051340943.jpg","UserSelect","/UserSelect.20250824_051340943.jpg","","","-3.65","1.97","-999.99","-999.99","68aa9f84e3a1c300139fcc87"
"2025-08-24T05:13:46.000Z","","","SulisCam","","admin","","","","","sulis_20250824051346.jpg","","","","","","","","","","","","","","","","","","-4.834","-1.333","","","","","68ab00abe3a1c300139fe97f"
"2025-08-24T05:13:55.972Z","45.9549074","-130.0088099","ASNAP","","admin","","","","","","","","1256.06","4250.42","-1.3","-4.8","292.74","1525.40","1.13","SciCam","/SciCam.20250824_051355972.jpg","PilotCam","/PilotCam.20250824_051355972.jpg","BrowCam","/BrowCam.20250824_051355972.jpg","UserSelect","/UserSelect.20250824_051355972.jpg","","","-999.99","2.02","-999.99","-999.99","68aa9f93e3a1c300139fcc8b"
"2025-08-24T05:14:11.004Z","45.9549074","-130.0088099","ASNAP","","admin","","","","","","","","1256.06","4250.42","-0.9","-5.9","292.43","1525.38","1.18","SciCam","/SciCam.20250824_051411004.jpg","PilotCam","/PilotCam.20250824_051411004.jpg","BrowCam","/BrowCam.20250824_051411004.jpg","UserSelect","/UserSelect.20250824_051411004.jpg","","","-999.99","1.99","-999.99","-999.99","68aa9fa3e3a1c300139fcc8f"
"2025-08-24T05:14:12.982Z","45.9549074","-130.0088099","ROV Actions","grabbing old ctd cable","guest","","(Starboard) Manipulator in use","","","","","","1256.06","4250.42","-0.8","-6.0","292.43","1525.38","1.18","SciCam","/SciCam.20250824_051412982.jpg","PilotCam","/PilotCam.20250824_051412982.jpg","BrowCam","/BrowCam.20250824_051412982.jpg","UserSelect","/UserSelect.20250824_051412982.jpg","","","-999.99","1.97","-999.99","-999.99","68aa9fa4e3a1c300139fcc93"
"2025-08-24T05:14:26.037Z","45.9549075","-130.0088100","ASNAP","","admin","","","","","","","","1256.05","4250.43","-0.5","-6.4","292.39","1525.37","1.18","SciCam","/SciCam.20250824_051426037.jpg","PilotCam","/PilotCam.20250824_051426037.jpg","BrowCam","/BrowCam.20250824_051426037.jpg","UserSelect","/UserSelect.20250824_051426037.jpg","","","-999.99","1.99","-999.99","-999.99","68aa9fb2e3a1c300139fcc97"
"2025-08-24T05:14:41.068Z","45.9549076","-130.0088101","ASNAP","","admin","","","","","","","","1256.04","4250.44","-1.0","-5.6","292.44","1525.39","1.16","SciCam","/SciCam.20250824_051441068.jpg","PilotCam","/PilotCam.20250824_051441068.jpg","BrowCam","/BrowCam.20250824_051441068.jpg","UserSelect","/UserSelect.20250824_051441068.jpg","","","-3.65","1.98","-3.65","-999.99","68aa9fc1e3a1c300139fcc9b"
"2025-08-24T05:14:56.099Z","45.9549077","-130.0088101","ASNAP","","admin","","","","","","","","1256.04","4250.45","-0.9","-6.0","292.44","1525.39","1.18","SciCam","/SciCam.20250824_051456099.jpg","PilotCam","/PilotCam.20250824_051456099.jpg","BrowCam","/BrowCam.20250824_051456099.jpg","UserSelect","/UserSelect.20250824_051456099.jpg","","","-999.99","1.98","-999.99","-999.99","68aa9fd0e3a1c300139fcc9f"
"2025-08-24T05:14:57.419Z","45.9549076","-130.0088101","ROV Actions","grabbing old ctd\n","guest","","(Port) Manipulator in use","","","","","","1256.04","4250.44","-0.8","-6.0","292.44","1525.39","1.18","SciCam","/SciCam.20250824_051457419.jpg","PilotCam","/PilotCam.20250824_051457419.jpg","BrowCam","/BrowCam.20250824_051457419.jpg","UserSelect","/UserSelect.20250824_051457419.jpg","","","-3.65","1.98","-999.99","-999.99","68aa9fd1e3a1c300139fcca3"
"2025-08-24T05:15:11.128Z","45.9549078","-130.0088101","ASNAP","","admin","","","","","","","","1256.04","4250.46","-0.8","-5.7","292.57","1525.39","1.18","SciCam","/SciCam.20250824_051511128.jpg","PilotCam","/PilotCam.20250824_051511128.jpg","BrowCam","/BrowCam.20250824_051511128.jpg","UserSelect","/UserSelect.20250824_051511128.jpg","","","-999.99","1.94","-999.99","-999.99","68aa9fdfe3a1c300139fcca7"
"2025-08-24T05:15:26.162Z","45.9549078","-130.0088103","ASNAP","","admin","","","","","","","","1256.03","4250.46","-0.7","-6.2","292.42","1525.39","1.18","SciCam","/SciCam.20250824_051526162.jpg","PilotCam","/PilotCam.20250824_051526162.jpg","BrowCam","/BrowCam.20250824_051526162.jpg","UserSelect","/UserSelect.20250824_051526162.jpg","","","-999.99","1.97","-999.99","-999.99","68aa9feee3a1c300139fccab"
"2025-08-24T05:15:41.192Z","45.9549079","-130.0088103","ASNAP","","admin","","","","","","","","1256.03","4250.48","-1.0","-5.7","292.44","1525.40","1.16","SciCam","/SciCam.20250824_051541192.jpg","PilotCam","/PilotCam.20250824_051541192.jpg","BrowCam","/BrowCam.20250824_051541192.jpg","UserSelect","/UserSelect.20250824_051541192.jpg","","","-3.65","2.00","-999.99","-999.99","68aa9ffde3a1c300139fccaf"
"2025-08-24T05:15:43.566Z","45.9549079","-130.0088103","ROV Actions","moving old ctd to jason porch","guest","","(Port) Manipulator in use","","","","","","1256.03","4250.48","-0.8","-6.0","292.44","1525.40","1.18","SciCam","/SciCam.20250824_051543566.jpg","PilotCam","/PilotCam.20250824_051543566.jpg","BrowCam","/BrowCam.20250824_051543566.jpg","UserSelect","/UserSelect.20250824_051543566.jpg","","","-3.65","2.01","-3.65","-999.99","68aa9fffe3a1c300139fccb3"
"2025-08-24T05:15:56.222Z","45.9549079","-130.0088103","ASNAP","","admin","","","","","","","","1256.03","4250.47","-1.0","-5.7","292.42","1525.40","1.16","SciCam","/SciCam.20250824_051556222.jpg","PilotCam","/PilotCam.20250824_051556222.jpg","BrowCam","/BrowCam.20250824_051556222.jpg","UserSelect","/UserSelect.20250824_051556222.jpg","","","-3.65","2.01","-999.99","-999.99","68aaa00ce3a1c300139fccb7"
"2025-08-24T05:16:11.254Z","45.9549079","-130.0088104","ASNAP","","admin","","","","","","","","1256.02","4250.48","-1.1","-5.4","292.44","1525.41","1.16","SciCam","/SciCam.20250824_051611254.jpg","PilotCam","/PilotCam.20250824_051611254.jpg","BrowCam","/BrowCam.20250824_051611254.jpg","UserSelect","/UserSelect.20250824_051611254.jpg","","","-3.65","1.98","-999.99","-999.99","68aaa01be3a1c300139fccbb"
"2025-08-24T05:16:26.284Z","45.9549080","-130.0088104","ASNAP","","admin","","","","","","","","1256.02","4250.49","-1.1","-5.4","292.44","1525.42","1.16","SciCam","/SciCam.20250824_051626284.jpg","PilotCam","/PilotCam.20250824_051626284.jpg","BrowCam","/BrowCam.20250824_051626284.jpg","UserSelect","/UserSelect.20250824_051626284.jpg","","","-3.65","2.00","-3.65","-999.99","68aaa02ae3a1c300139fccbf"
"2025-08-24T05:16:41.305Z","45.9549081","-130.0088105","ASNAP","","admin","","","","","","","","1256.01","4250.50","-1.2","-5.3","292.44","1525.42","1.16","SciCam","/SciCam.20250824_051641305.jpg","PilotCam","/PilotCam.20250824_051641305.jpg","BrowCam","/BrowCam.20250824_051641305.jpg","UserSelect","/UserSelect.20250824_051641305.jpg","","","-3.65","1.97","-999.99","-999.99","68aaa039e3a1c300139fccc3"
"2025-08-24T05:16:56.336Z","45.9549067","-130.0088086","ASNAP","","admin","","","","","","","","1256.16","4250.34","1.7","-6.5","292.39","1524.62","1.67","SciCam","/SciCam.20250824_051656336.jpg","PilotCam","/PilotCam.20250824_051656336.jpg","BrowCam","/BrowCam.20250824_051656336.jpg","UserSelect","/UserSelect.20250824_051656336.jpg","","","-3.65","1.99","-999.99","-999.99","68aaa048e3a1c300139fccc7"
"2025-08-24T05:16:57.025Z","45.9549067","-130.0088086","VEHICLE","","guest","Off bottom","","","","","","","1256.16","4250.34","1.7","-6.5","292.39","1524.62","1.67","SciCam","/SciCam.20250824_051657025.jpg","PilotCam","/PilotCam.20250824_051657025.jpg","BrowCam","/BrowCam.20250824_051657025.jpg","UserSelect","/UserSelect.20250824_051657025.jpg","","","-999.99","1.98","-999.99","-999.99","68aaa049e3a1c300139fcccb"
"2025-08-24T05:17:11.368Z","45.9549105","-130.0088092","ASNAP","","admin","","","","","","","","1256.11","4250.76","1.3","-6.6","291.51","1522.90","3.50","SciCam","/SciCam.20250824_051711368.jpg","PilotCam","/PilotCam.20250824_051711368.jpg","BrowCam","/BrowCam.20250824_051711368.jpg","UserSelect","/UserSelect.20250824_051711368.jpg","","","-3.65","2.04","-3.65","-999.99","68aaa057e3a1c300139fcccf"
"2025-08-24T05:17:26.395Z","45.9549164","-130.0088070","ASNAP","","admin","","","","","","","","1256.28","4251.42","0.9","-6.3","292.27","1521.13","5.31","SciCam","/SciCam.20250824_051726395.jpg","PilotCam","/PilotCam.20250824_051726395.jpg","BrowCam","/BrowCam.20250824_051726395.jpg","UserSelect","/UserSelect.20250824_051726395.jpg","","","-3.65","1.99","-3.65","-999.99","68aaa066e3a1c300139fccd3"
"2025-08-24T05:17:41.420Z","45.9549252","-130.0088078","ASNAP","","admin","","","","","","","","1256.22","4252.40","1.6","-5.9","290.96","1518.40","7.96","SciCam","/SciCam.20250824_051741420.jpg","PilotCam","/PilotCam.20250824_051741420.jpg","BrowCam","/BrowCam.20250824_051741420.jpg","UserSelect","/UserSelect.20250824_051741420.jpg","","","-3.65","1.97","-999.99","-999.99","68aaa075e3a1c300139fccd7"
"2025-08-24T05:17:56.447Z","45.9549343","-130.0087958","ASNAP","","admin","","","","","","","","1257.15","4253.41","2.2","-6.7","291.52","1513.69","12.58","SciCam","/SciCam.20250824_051756447.jpg","PilotCam","/PilotCam.20250824_051756447.jpg","BrowCam","/BrowCam.20250824_051756447.jpg","UserSelect","/UserSelect.20250824_051756447.jpg","","","-3.65","1.97","-999.99","-999.99","68aaa084e3a1c300139fccdb"
"2025-08-24T05:18:11.476Z","45.9549384","-130.0087773","ASNAP","","admin","","","","","","","","1258.59","4253.87","0.9","-6.1","289.66","1509.01","17.73","SciCam","/SciCam.20250824_051811476.jpg","PilotCam","/PilotCam.20250824_051811476.jpg","BrowCam","/BrowCam.20250824_051811476.jpg","UserSelect","/UserSelect.20250824_051811476.jpg","","","-999.99","1.99","-999.99","-999.99","68aaa093e3a1c300139fccdf"
"2025-08-24T05:18:26.507Z","45.9549366","-130.0087555","ASNAP","","admin","","","","","","","","1260.28","4253.67","1.8","-6.5","284.50","1509.09","17.98","SciCam","/SciCam.20250824_051826507.jpg","PilotCam","/PilotCam.20250824_051826507.jpg","BrowCam","/BrowCam.20250824_051826507.jpg","UserSelect","/UserSelect.20250824_051826507.jpg","","","-999.99","1.97","-999.99","-999.99","68aaa0a2e3a1c300139fcce3"
"2025-08-24T05:18:41.538Z","45.9549386","-130.0087650","ASNAP","","admin","","","","","","","","1259.54","4253.89","1.8","-6.4","284.67","1508.89","18.01","SciCam","/SciCam.20250824_051841538.jpg","PilotCam","/PilotCam.20250824_051841538.jpg","BrowCam","/BrowCam.20250824_051841538.jpg","UserSelect","/UserSelect.20250824_051841538.jpg","","","-999.99","1.98","-999.99","-999.99","68aaa0b1e3a1c300139fcce7"
"2025-08-24T05:18:56.567Z","45.9549296","-130.0087628","ASNAP","","admin","","","","","","","","1259.71","4252.89","0.9","-7.5","228.76","1509.24","17.80","SciCam","/SciCam.20250824_051856567.jpg","PilotCam","/PilotCam.20250824_051856567.jpg","BrowCam","/BrowCam.20250824_051856567.jpg","UserSelect","/UserSelect.20250824_051856567.jpg","","","-999.99","2.15","-999.99","-999.99","68aaa0c0e3a1c300139fcceb"
"2025-08-24T05:19:11.595Z","45.9549492","-130.0087550","ASNAP","","admin","","","","","","","","1260.32","4255.07","2.7","-7.6","106.42","1508.98","18.34","SciCam","/SciCam.20250824_051911595.jpg","PilotCam","/PilotCam.20250824_051911595.jpg","BrowCam","/BrowCam.20250824_051911595.jpg","UserSelect","/UserSelect.20250824_051911595.jpg","","","-3.65","2.01","-999.99","-999.99","68aaa0cfe3a1c300139fccef"
"2025-08-24T05:19:26.622Z","45.9549321","-130.0087605","ASNAP","","admin","","","","","","","","1259.89","4253.16","2.7","-6.3","341.16","1508.77","18.21","SciCam","/SciCam.20250824_051926622.jpg","PilotCam","/PilotCam.20250824_051926622.jpg","BrowCam","/BrowCam.20250824_051926622.jpg","UserSelect","/UserSelect.20250824_051926622.jpg","","","-3.65","2.01","-999.99","-999.99","68aaa0dee3a1c300139fccf3"
"2025-08-24T05:19:41.650Z","45.9549380","-130.0087624","ASNAP","","admin","","","","","","","","1259.74","4253.82","1.5","-6.5","234.91","1509.02","17.91","SciCam","/SciCam.20250824_051941650.jpg","PilotCam","/PilotCam.20250824_051941650.jpg","BrowCam","/BrowCam.20250824_051941650.jpg","UserSelect","/UserSelect.20250824_051941650.jpg","","","-999.99","2.01","-999.99","-999.99","68aaa0ede3a1c300139fccfa"
"2025-08-24T05:19:56.678Z","45.9549443","-130.0087547","ASNAP","","admin","","","","","","","","1260.34","4254.52","2.4","-7.5","105.47","1509.09","18.06","SciCam","/SciCam.20250824_051956678.jpg","PilotCam","/PilotCam.20250824_051956678.jpg","BrowCam","/BrowCam.20250824_051956678.jpg","UserSelect","/UserSelect.20250824_051956678.jpg","","","-999.99","2.01","-999.99","-999.99","68aaa0fce3a1c300139fccff"
"2025-08-24T05:20:11.706Z","45.9549335","-130.0087624","ASNAP","","admin","","","","","","","","1259.74","4253.32","2.5","-6.5","340.21","1508.86","18.11","SciCam","/SciCam.20250824_052011706.jpg","PilotCam","/PilotCam.20250824_052011706.jpg","BrowCam","/BrowCam.20250824_052011706.jpg","UserSelect","/UserSelect.20250824_052011706.jpg","","","-999.99","1.97","-999.99","-999.99","68aaa10be3a1c300139fcd03"
"2025-08-24T05:20:26.735Z","45.9549374","-130.0087627","ASNAP","","admin","","","","","","","","1259.72","4253.75","1.5","-6.8","214.32","1508.90","18.06","SciCam","/SciCam.20250824_052026735.jpg","PilotCam","/PilotCam.20250824_052026735.jpg","BrowCam","/BrowCam.20250824_052026735.jpg","UserSelect","/UserSelect.20250824_052026735.jpg","","","-3.65","2.02","-999.99","-999.99","68aaa11ae3a1c300139fcd07"
"2025-08-24T05:20:33.784Z","45.9549446","-130.0087557","FREE_FORM","niskins fired 05:12:02 see \"grabbing bungees\" event ","guest","","","","","","","","1260.26","4254.55","1.4","-7.7","154.13","1508.98","18.26","SciCam","/SciCam.20250824_052033784.jpg","PilotCam","/PilotCam.20250824_052033784.jpg","BrowCam","/BrowCam.20250824_052033784.jpg","UserSelect","/UserSelect.20250824_052033784.jpg","","","-999.99","1.92","-999.99","-999.99","68aaa121e3a1c300139fcd0b"
"2025-08-24T05:20:41.767Z","45.9549432","-130.0087503","ASNAP","","admin","","","","","","","","1260.68","4254.40","2.9","-6.9","89.02","1509.00","18.01","SciCam","/SciCam.20250824_052041767.jpg","PilotCam","/PilotCam.20250824_052041767.jpg","BrowCam","/BrowCam.20250824_052041767.jpg","UserSelect","/UserSelect.20250824_052041767.jpg","","","-999.99","1.99","-999.99","-999.99","68aaa129e3a1c300139fcd0f"
"2025-08-24T05:20:56.799Z","45.9549337","-130.0087631","ASNAP","","admin","","","","","","","","1259.69","4253.34","2.2","-6.4","320.82","1508.97","18.08","SciCam","/SciCam.20250824_052056799.jpg","PilotCam","/PilotCam.20250824_052056799.jpg","BrowCam","/BrowCam.20250824_052056799.jpg","UserSelect","/UserSelect.20250824_052056799.jpg","","","-3.65","2.02","-3.65","-999.99","68aaa138e3a1c300139fcd13"
"2025-08-24T05:21:11.830Z","45.9549444","-130.0087591","ASNAP","","admin","","","","","","","","1260.00","4254.53","2.0","-6.5","290.80","1509.15","17.91","SciCam","/SciCam.20250824_052111830.jpg","PilotCam","/PilotCam.20250824_052111830.jpg","BrowCam","/BrowCam.20250824_052111830.jpg","UserSelect","/UserSelect.20250824_052111830.jpg","","","-999.99","1.99","-999.99","-999.99","68aaa147e3a1c300139fcd17"
"2025-08-24T05:21:26.862Z","45.9549478","-130.0087477","ASNAP","","admin","","","","","","","","1260.88","4254.91","1.1","-6.9","263.16","1510.06","16.99","SciCam","/SciCam.20250824_052126862.jpg","PilotCam","/PilotCam.20250824_052126862.jpg","BrowCam","/BrowCam.20250824_052126862.jpg","UserSelect","/UserSelect.20250824_052126862.jpg","","","-999.99","1.99","-999.99","-999.99","68aaa156e3a1c300139fcd1b"
"2025-08-24T05:21:41.888Z","45.9549541","-130.0087273","ASNAP","","admin","","","","","","","","1262.47","4255.61","1.5","-7.0","267.19","1505.76","20.71","SciCam","/SciCam.20250824_052141888.jpg","PilotCam","/PilotCam.20250824_052141888.jpg","BrowCam","/BrowCam.20250824_052141888.jpg","UserSelect","/UserSelect.20250824_052141888.jpg","","","-999.99","2.01","-999.99","-999.99","68aaa165e3a1c300139fcd1f"
"2025-08-24T05:21:56.919Z","45.9549648","-130.0087131","ASNAP","","admin","","","","","","","","1263.57","4256.80","0.5","-6.6","250.97","1498.46","27.95","SciCam","/SciCam.20250824_052156919.jpg","PilotCam","/PilotCam.20250824_052156919.jpg","BrowCam","/BrowCam.20250824_052156919.jpg","UserSelect","/UserSelect.20250824_052156919.jpg","","","-3.65","2.00","-999.99","-999.99","68aaa174e3a1c300139fcd23"
"2025-08-24T05:22:11.940Z","45.9549772","-130.0086995","ASNAP","","admin","","","","","","","","1264.62","4258.18","-0.2","-6.6","256.28","1490.58","36.16","SciCam","/SciCam.20250824_052211940.jpg","PilotCam","/PilotCam.20250824_052211940.jpg","BrowCam","/BrowCam.20250824_052211940.jpg","UserSelect","/UserSelect.20250824_052211940.jpg","","","-3.65","2.01","-999.99","-999.99","68aaa183e3a1c300139fcd27"
"2025-08-24T05:22:26.968Z","45.9549863","-130.0086860","ASNAP","","admin","","","","","","","","1265.67","4259.19","2.7","-7.3","255.55","1482.32","44.52","SciCam","/SciCam.20250824_052226968.jpg","PilotCam","/PilotCam.20250824_052226968.jpg","BrowCam","/BrowCam.20250824_052226968.jpg","UserSelect","/UserSelect.20250824_052226968.jpg","","","-3.65","2.02","-3.65","-999.99","68aaa192e3a1c300139fcd2b"
"2025-08-24T05:22:41.999Z","45.9549953","-130.0086703","ASNAP","","admin","","","","","","","","1266.89","4260.19","1.3","-6.9","255.83","1474.50","52.95","SciCam","/SciCam.20250824_052241999.jpg","PilotCam","/PilotCam.20250824_052241999.jpg","BrowCam","/BrowCam.20250824_052241999.jpg","UserSelect","/UserSelect.20250824_052241999.jpg","","","-3.65","2.01","-3.65","-999.99","68aaa1a1e3a1c300139fcd2f"
"2025-08-24T05:22:57.028Z","45.9550017","-130.0086551","ASNAP","","admin","","","","","","","","1268.07","4260.90","1.3","-7.0","255.96","1466.83","61.08","SciCam","/SciCam.20250824_052257028.jpg","PilotCam","/PilotCam.20250824_052257028.jpg","BrowCam","/BrowCam.20250824_052257028.jpg","UserSelect","/UserSelect.20250824_052257028.jpg","","","-999.99","1.98","-999.99","-999.99","68aaa1b1e3a1c300139fcd33"
"2025-08-24T05:23:12.060Z","45.9550069","-130.0086404","ASNAP","","admin","","","","","","","","1269.21","4261.48","0.7","-6.8","256.05","1459.19","69.14","SciCam","/SciCam.20250824_052312060.jpg","PilotCam","/PilotCam.20250824_052312060.jpg","BrowCam","/BrowCam.20250824_052312060.jpg","UserSelect","/UserSelect.20250824_052312060.jpg","","","-999.99","2.04","-999.99","-999.99","68aaa1c0e3a1c300139fcd37"
"2025-08-24T05:23:27.093Z","45.9550101","-130.0086235","ASNAP","","admin","","","","","","","","1270.52","4261.83","0.9","-6.7","255.92","1451.90","76.89","SciCam","/SciCam.20250824_052327093.jpg","PilotCam","/PilotCam.20250824_052327093.jpg","BrowCam","/BrowCam.20250824_052327093.jpg","UserSelect","/UserSelect.20250824_052327093.jpg","","","-3.65","2.05","-999.99","-999.99","68aaa1cfe3a1c300139fcd3b"
"2025-08-24T05:23:42.124Z","45.9550111","-130.0086060","ASNAP","","admin","","","","","","","","1271.88","4261.94","1.2","-7.0","255.85","1444.74","84.97","SciCam","/SciCam.20250824_052342124.jpg","PilotCam","/PilotCam.20250824_052342124.jpg","BrowCam","/BrowCam.20250824_052342124.jpg","UserSelect","/UserSelect.20250824_052342124.jpg","","","-3.65","2.01","-999.99","-999.99","68aaa1dee3a1c300139fcd3f"
"2025-08-24T05:23:57.156Z","45.9550136","-130.0085920","ASNAP","","admin","","","","","","","","1272.96","4262.22","0.9","-7.2","256.00","1437.45","92.73","SciCam","/SciCam.20250824_052357156.jpg","PilotCam","/PilotCam.20250824_052357156.jpg","BrowCam","/BrowCam.20250824_052357156.jpg","UserSelect","/UserSelect.20250824_052357156.jpg","","","-3.65","2.05","-999.99","-999.99","68aaa1ede3a1c300139fcd43"
"2025-08-24T05:24:12.187Z","45.9550150","-130.0085777","ASNAP","","admin","","","","","","","","1274.07","4262.38","0.7","-7.1","255.94","1430.19","100.16","SciCam","/SciCam.20250824_052412187.jpg","PilotCam","/PilotCam.20250824_052412187.jpg","BrowCam","/BrowCam.20250824_052412187.jpg","UserSelect","/UserSelect.20250824_052412187.jpg","","","-3.65","2.09","-3.65","-999.99","68aaa1fce3a1c300139fcd47"
"2025-08-24T05:24:27.213Z","45.9550144","-130.0085630","ASNAP","","admin","","","","","","","","1275.21","4262.31","1.1","-7.1","255.80","1422.90","107.71","SciCam","/SciCam.20250824_052427213.jpg","PilotCam","/PilotCam.20250824_052427213.jpg","BrowCam","/BrowCam.20250824_052427213.jpg","UserSelect","/UserSelect.20250824_052427213.jpg","","","-999.99","2.06","-999.99","-999.99","68aaa20be3a1c300139fcd4b"
"2025-08-24T05:24:42.244Z","45.9550145","-130.0085557","ASNAP","","admin","","","","","","","","1275.78","4262.32","1.1","-7.1","255.83","1415.59","110.21","SciCam","/SciCam.20250824_052442244.jpg","PilotCam","/PilotCam.20250824_052442244.jpg","BrowCam","/BrowCam.20250824_052442244.jpg","UserSelect","/UserSelect.20250824_052442244.jpg","","","-999.99","2.09","-999.99","-999.99","68aaa21ae3a1c300139fcd4f"
"2025-08-24T05:24:57.276Z","45.9550145","-130.0085557","ASNAP","","admin","","","","","","","","1275.78","4262.32","1.4","-7.1","255.74","1408.17","110.21","SciCam","/SciCam.20250824_052457276.jpg","PilotCam","/PilotCam.20250824_052457276.jpg","BrowCam","/BrowCam.20250824_052457276.jpg","UserSelect","/UserSelect.20250824_052457276.jpg","","","-3.65","2.08","-3.65","-999.99","68aaa229e3a1c300139fcd53"
"2025-08-24T05:25:12.299Z","45.9550145","-130.0085557","ASNAP","","admin","","","","","","","","1275.78","4262.32","1.9","-7.4","255.68","1400.61","110.21","SciCam","/SciCam.20250824_052512299.jpg","PilotCam","/PilotCam.20250824_052512299.jpg","BrowCam","/BrowCam.20250824_052512299.jpg","UserSelect","/UserSelect.20250824_052512299.jpg","","","-3.65","2.12","-3.65","-999.99","68aaa238e3a1c300139fcd57"
"2025-08-24T05:25:27.330Z","45.9550145","-130.0085557","ASNAP","","admin","","","","","","","","1275.78","4262.32","1.3","-7.0","255.82","1393.31","110.21","SciCam","/SciCam.20250824_052527330.jpg","PilotCam","/PilotCam.20250824_052527330.jpg","BrowCam","/BrowCam.20250824_052527330.jpg","UserSelect","/UserSelect.20250824_052527330.jpg","","","-3.65","2.14","-999.99","-999.99","68aaa247e3a1c300139fcd5b"
"2025-08-24T05:25:42.360Z","45.9550145","-130.0085557","ASNAP","","admin","","","","","","","","1275.78","4262.32","1.0","-7.3","255.91","1385.96","110.21","SciCam","/SciCam.20250824_052542360.jpg","PilotCam","/PilotCam.20250824_052542360.jpg","BrowCam","/BrowCam.20250824_052542360.jpg","UserSelect","/UserSelect.20250824_052542360.jpg","","","-3.65","2.14","-999.99","-999.99","68aaa256e3a1c300139fcd5f"
"2025-08-24T05:25:57.392Z","45.9550145","-130.0085557","ASNAP","","admin","","","","","","","","1275.78","4262.32","0.5","-7.0","255.95","1377.97","110.21","SciCam","/SciCam.20250824_052557392.jpg","PilotCam","/PilotCam.20250824_052557392.jpg","BrowCam","/BrowCam.20250824_052557392.jpg","UserSelect","/UserSelect.20250824_052557392.jpg","","","-999.99","2.17","-999.99","-999.99","68aaa265e3a1c300139fcd63"
"2025-08-24T05:26:12.424Z","45.9550145","-130.0085557","ASNAP","","admin","","","","","","","","1275.78","4262.32","0.1","-6.9","255.93","1370.46","110.21","SciCam","/SciCam.20250824_052612424.jpg","PilotCam","/PilotCam.20250824_052612424.jpg","BrowCam","/BrowCam.20250824_052612424.jpg","UserSelect","/UserSelect.20250824_052612424.jpg","","","-999.99","2.19","-999.99","-999.99","68aaa274e3a1c300139fcd67"
"2025-08-24T05:26:27.446Z","45.9550145","-130.0085557","ASNAP","","admin","","","","","","","","1275.78","4262.32","0.9","-7.3","255.85","1362.98","110.21","SciCam","/SciCam.20250824_052627446.jpg","PilotCam","/PilotCam.20250824_052627446.jpg","BrowCam","/BrowCam.20250824_052627446.jpg","UserSelect","/UserSelect.20250824_052627446.jpg","","","-999.99","2.19","-999.99","-999.99","68aaa283e3a1c300139fcd6b"
"2025-08-24T05:26:42.477Z","45.9550145","-130.0085557","ASNAP","","admin","","","","","","","","1275.78","4262.32","0.3","-7.3","255.61","1355.52","110.21","SciCam","/SciCam.20250824_052642477.jpg","PilotCam","/PilotCam.20250824_052642477.jpg","BrowCam","/BrowCam.20250824_052642477.jpg","UserSelect","/UserSelect.20250824_052642477.jpg","","","-999.99","2.23","-999.99","-999.99","68aaa292e3a1c300139fcd6f"
"2025-08-24T05:26:57.509Z","45.9550145","-130.0085557","ASNAP","","admin","","","","","","","","1275.78","4262.32","0.2","-7.5","255.86","1348.12","110.21","SciCam","/SciCam.20250824_052657509.jpg","PilotCam","/PilotCam.20250824_052657509.jpg","BrowCam","/BrowCam.20250824_052657509.jpg","UserSelect","/UserSelect.20250824_052657509.jpg","","","-3.65","2.25","-999.99","-999.99","68aaa2a1e3a1c300139fcd73"
"2025-08-24T05:27:12.541Z","45.9550145","-130.0085557","ASNAP","","admin","","","","","","","","1275.78","4262.32","0.2","-7.8","255.54","1340.53","110.21","SciCam","/SciCam.20250824_052712541.jpg","PilotCam","/PilotCam.20250824_052712541.jpg","BrowCam","/BrowCam.20250824_052712541.jpg","UserSelect","/UserSelect.20250824_052712541.jpg","","","-3.65","2.26","-3.65","-999.99","68aaa2b0e3a1c300139fcd77"
"2025-08-24T05:27:27.563Z","45.9550145","-130.0085557","ASNAP","","admin","","","","","","","","1275.78","4262.32","0.7","-7.7","255.59","1333.03","110.21","SciCam","/SciCam.20250824_052727563.jpg","PilotCam","/PilotCam.20250824_052727563.jpg","BrowCam","/BrowCam.20250824_052727563.jpg","UserSelect","/UserSelect.20250824_052727563.jpg","","","-999.99","2.28","-999.99","-999.99","68aaa2bfe3a1c300139fcd7b"
"2025-08-24T05:27:42.592Z","45.9550145","-130.0085557","ASNAP","","admin","","","","","","","","1275.78","4262.32","0.6","-7.6","255.31","1325.47","110.21","SciCam","/SciCam.20250824_052742592.jpg","PilotCam","/PilotCam.20250824_052742592.jpg","BrowCam","/BrowCam.20250824_052742592.jpg","UserSelect","/UserSelect.20250824_052742592.jpg","","","-999.99","2.27","-999.99","-999.99","68aaa2cee3a1c300139fcd7f"
"2025-08-24T05:27:57.620Z","45.9550145","-130.0085557","ASNAP","","admin","","","","","","","","1275.78","4262.32","0.1","-7.8","255.48","1317.83","110.21","SciCam","/SciCam.20250824_052757620.jpg","PilotCam","/PilotCam.20250824_052757620.jpg","BrowCam","/BrowCam.20250824_052757620.jpg","UserSelect","/UserSelect.20250824_052757620.jpg","","","-999.99","2.35","-999.99","-999.99","68aaa2dde3a1c300139fcd83"
"2025-08-24T05:28:12.651Z","45.9550145","-130.0085557","ASNAP","","admin","","","","","","","","1275.78","4262.32","0.3","-7.9","255.80","1310.36","110.21","SciCam","/SciCam.20250824_052812651.jpg","PilotCam","/PilotCam.20250824_052812651.jpg","BrowCam","/BrowCam.20250824_052812651.jpg","UserSelect","/UserSelect.20250824_052812651.jpg","","","-3.65","2.33","-999.99","-999.99","68aaa2ece3a1c300139fcd87"
"2025-08-24T05:28:27.683Z","45.9550145","-130.0085557","ASNAP","","admin","","","","","","","","1275.78","4262.32","0.5","-7.9","255.55","1303.02","110.21","SciCam","/SciCam.20250824_052827683.jpg","PilotCam","/PilotCam.20250824_052827683.jpg","BrowCam","/BrowCam.20250824_052827683.jpg","UserSelect","/UserSelect.20250824_052827683.jpg","","","-3.65","2.32","-999.99","-999.99","68aaa2fbe3a1c300139fcd8b"
"2025-08-24T05:28:42.708Z","45.9550145","-130.0085557","ASNAP","","admin","","","","","","","","1275.78","4262.32","0.4","-8.0","254.62","1295.40","110.21","SciCam","/SciCam.20250824_052842708.jpg","PilotCam","/PilotCam.20250824_052842708.jpg","BrowCam","/BrowCam.20250824_052842708.jpg","UserSelect","/UserSelect.20250824_052842708.jpg","","","-3.65","2.34","-3.65","-999.99","68aaa30ae3a1c300139fcd8f"
"2025-08-24T05:28:57.739Z","45.9550145","-130.0085557","ASNAP","","admin","","","","","","","","1275.78","4262.32","0.0","-8.0","255.00","1288.04","110.21","SciCam","/SciCam.20250824_052857739.jpg","PilotCam","/PilotCam.20250824_052857739.jpg","BrowCam","/BrowCam.20250824_052857739.jpg","UserSelect","/UserSelect.20250824_052857739.jpg","","","-999.99","2.39","-999.99","-999.99","68aaa319e3a1c300139fcd93"
"2025-08-24T05:29:12.771Z","45.9550145","-130.0085557","ASNAP","","admin","","","","","","","","1275.78","4262.32","0.6","-8.5","254.76","1280.67","110.21","SciCam","/SciCam.20250824_052912771.jpg","PilotCam","/PilotCam.20250824_052912771.jpg","BrowCam","/BrowCam.20250824_052912771.jpg","UserSelect","/UserSelect.20250824_052912771.jpg","","","-999.99","2.36","-999.99","-999.99","68aaa328e3a1c300139fcd97"
"2025-08-24T05:29:27.803Z","45.9550145","-130.0085557","ASNAP","","admin","","","","","","","","1275.78","4262.32","0.3","-8.0","254.93","1273.46","110.21","SciCam","/SciCam.20250824_052927803.jpg","PilotCam","/PilotCam.20250824_052927803.jpg","BrowCam","/BrowCam.20250824_052927803.jpg","UserSelect","/UserSelect.20250824_052927803.jpg","","","-999.99","2.40","-999.99","-999.99","68aaa337e3a1c300139fcd9b"
"2025-08-24T05:29:42.823Z","45.9550145","-130.0085557","ASNAP","","admin","","","","","","","","1275.78","4262.32","0.7","-8.8","254.87","1266.27","110.21","SciCam","/SciCam.20250824_052942823.jpg","PilotCam","/PilotCam.20250824_052942823.jpg","BrowCam","/BrowCam.20250824_052942823.jpg","UserSelect","/UserSelect.20250824_052942823.jpg","","","-3.65","2.41","-999.99","-999.99","68aaa346e3a1c300139fcd9f"
"2025-08-24T05:29:57.850Z","45.9550145","-130.0085557","ASNAP","","admin","","","","","","","","1275.78","4262.32","0.8","-8.7","255.15","1259.15","110.21","SciCam","/SciCam.20250824_052957850.jpg","PilotCam","/PilotCam.20250824_052957850.jpg","BrowCam","/BrowCam.20250824_052957850.jpg","UserSelect","/UserSelect.20250824_052957850.jpg","","","-3.65","2.42","-999.99","-999.99","68aaa355e3a1c300139fcda3"
"2025-08-24T05:30:12.879Z","45.9550145","-130.0085557","ASNAP","","admin","","","","","","","","1275.78","4262.32","0.8","-8.6","255.08","1251.95","110.21","SciCam","/SciCam.20250824_053012879.jpg","PilotCam","/PilotCam.20250824_053012879.jpg","BrowCam","/BrowCam.20250824_053012879.jpg","UserSelect","/UserSelect.20250824_053012879.jpg","","","-3.65","2.40","-3.65","-999.99","68aaa364e3a1c300139fcda7"
"2025-08-24T05:30:27.907Z","45.9550145","-130.0085557","ASNAP","","admin","","","","","","","","1275.78","4262.32","0.9","-8.6","255.21","1244.63","110.21","SciCam","/SciCam.20250824_053027907.jpg","PilotCam","/PilotCam.20250824_053027907.jpg","BrowCam","/BrowCam.20250824_053027907.jpg","UserSelect","/UserSelect.20250824_053027907.jpg","","","-3.65","2.40","-3.65","-999.99","68aaa373e3a1c300139fcdab"
"2025-08-24T05:30:42.939Z","45.9550145","-130.0085557","ASNAP","","admin","","","","","","","","1275.78","4262.32","0.9","-8.5","255.29","1237.26","110.21","SciCam","/SciCam.20250824_053042939.jpg","PilotCam","/PilotCam.20250824_053042939.jpg","BrowCam","/BrowCam.20250824_053042939.jpg","UserSelect","/UserSelect.20250824_053042939.jpg","","","-999.99","2.39","-999.99","-999.99","68aaa382e3a1c300139fcdaf"
"2025-08-24T05:30:57.966Z","45.9550145","-130.0085557","ASNAP","","admin","","","","","","","","1275.78","4262.32","0.8","-8.9","255.27","1230.08","110.21","SciCam","/SciCam.20250824_053057966.jpg","PilotCam","/PilotCam.20250824_053057966.jpg","BrowCam","/BrowCam.20250824_053057966.jpg","UserSelect","/UserSelect.20250824_053057966.jpg","","","-999.99","2.40","-999.99","-999.99","68aaa391e3a1c300139fcdb3"
"2025-08-24T05:31:12.995Z","45.9550145","-130.0085557","ASNAP","","admin","","","","","","","","1275.78","4262.32","1.2","-8.8","255.18","1222.94","110.21","SciCam","/SciCam.20250824_053112995.jpg","PilotCam","/PilotCam.20250824_053112995.jpg","BrowCam","/BrowCam.20250824_053112995.jpg","UserSelect","/UserSelect.20250824_053112995.jpg","","","-3.65","2.42","-3.65","-999.99","68aaa3a0e3a1c300139fcdb7"
"2025-08-24T05:31:28.023Z","45.9550145","-130.0085557","ASNAP","","admin","","","","","","","","1275.78","4262.32","1.0","-8.7","255.25","1215.74","110.21","SciCam","/SciCam.20250824_053128023.jpg","PilotCam","/PilotCam.20250824_053128023.jpg","BrowCam","/BrowCam.20250824_053128023.jpg","UserSelect","/UserSelect.20250824_053128023.jpg","","","-999.99","2.39","-999.99","-999.99","68aaa3b0e3a1c300139fcdbb"
"2025-08-24T05:31:43.051Z","45.9550145","-130.0085557","ASNAP","","admin","","","","","","","","1275.78","4262.32","1.2","-9.0","255.05","1208.70","110.21","SciCam","/SciCam.20250824_053143051.jpg","PilotCam","/PilotCam.20250824_053143051.jpg","BrowCam","/BrowCam.20250824_053143051.jpg","UserSelect","/UserSelect.20250824_053143051.jpg","","","-3.65","2.43","-999.99","-999.99","68aaa3bfe3a1c300139fcdbf"
"2025-08-24T05:31:58.082Z","45.9550145","-130.0085557","ASNAP","","admin","","","","","","","","1275.78","4262.32","1.5","-9.0","255.28","1201.65","110.21","SciCam","/SciCam.20250824_053158082.jpg","PilotCam","/PilotCam.20250824_053158082.jpg","BrowCam","/BrowCam.20250824_053158082.jpg","UserSelect","/UserSelect.20250824_053158082.jpg","","","-3.65","2.45","-999.99","-999.99","68aaa3cee3a1c300139fcdc3"
"2025-08-24T05:32:13.102Z","45.9550145","-130.0085557","ASNAP","","admin","","","","","","","","1275.78","4262.32","1.3","-8.9","255.35","1194.59","110.21","SciCam","/SciCam.20250824_053213102.jpg","PilotCam","/PilotCam.20250824_053213102.jpg","BrowCam","/BrowCam.20250824_053213102.jpg","UserSelect","/UserSelect.20250824_053213102.jpg","","","-999.99","2.43","-999.99","-999.99","68aaa3dde3a1c300139fcdc7"
"2025-08-24T05:32:28.134Z","45.9550145","-130.0085557","ASNAP","","admin","","","","","","","","1275.78","4262.32","1.5","-8.6","255.37","1187.45","110.21","SciCam","/SciCam.20250824_053228134.jpg","PilotCam","/PilotCam.20250824_053228134.jpg","BrowCam","/BrowCam.20250824_053228134.jpg","UserSelect","/UserSelect.20250824_053228134.jpg","","","-999.99","2.51","-999.99","-999.99","68aaa3ece3a1c300139fcdcb"
"2025-08-24T05:32:43.161Z","45.9550145","-130.0085557","ASNAP","","admin","","","","","","","","1275.78","4262.32","1.3","-8.8","255.46","1180.20","110.21","SciCam","/SciCam.20250824_053243161.jpg","PilotCam","/PilotCam.20250824_053243161.jpg","BrowCam","/BrowCam.20250824_053243161.jpg","UserSelect","/UserSelect.20250824_053243161.jpg","","","-3.65","2.50","-3.65","-999.99","68aaa3fbe3a1c300139fcdcf"
"2025-08-24T05:32:58.193Z","45.9550145","-130.0085557","ASNAP","","admin","","","","","","","","1275.78","4262.32","1.5","-8.7","255.53","1173.08","110.21","SciCam","/SciCam.20250824_053258193.jpg","PilotCam","/PilotCam.20250824_053258193.jpg","BrowCam","/BrowCam.20250824_053258193.jpg","UserSelect","/UserSelect.20250824_053258193.jpg","","","-999.99","2.53","-999.99","-999.99","68aaa40ae3a1c300139fcdd3"
"2025-08-24T05:33:13.219Z","45.9550145","-130.0085557","ASNAP","","admin","","","","","","","","1275.78","4262.32","1.1","-9.1","255.08","1166.07","110.21","SciCam","/SciCam.20250824_053313219.jpg","PilotCam","/PilotCam.20250824_053313219.jpg","BrowCam","/BrowCam.20250824_053313219.jpg","UserSelect","/UserSelect.20250824_053313219.jpg","","","-3.65","2.28","-3.65","-999.99","68aaa419e3a1c300139fcdd7"
"2025-08-24T05:33:28.247Z","45.9550145","-130.0085557","ASNAP","","admin","","","","","","","","1275.78","4262.32","1.3","-8.0","255.71","1160.61","110.21","SciCam","/SciCam.20250824_053328247.jpg","PilotCam","/PilotCam.20250824_053328247.jpg","BrowCam","/BrowCam.20250824_053328247.jpg","UserSelect","/UserSelect.20250824_053328247.jpg","","","-3.65","2.49","-3.65","-999.99","68aaa428e3a1c300139fcddb"
"2025-08-24T05:33:43.279Z","45.9550145","-130.0085557","ASNAP","","admin","","","","","","","","1275.78","4262.32","1.0","-7.8","256.28","1155.73","110.21","SciCam","/SciCam.20250824_053343279.jpg","PilotCam","/PilotCam.20250824_053343279.jpg","BrowCam","/BrowCam.20250824_053343279.jpg","UserSelect","/UserSelect.20250824_053343279.jpg","","","-999.99","2.45","-999.99","-999.99","68aaa437e3a1c300139fcddf"
"2025-08-24T05:33:58.311Z","45.9550145","-130.0085557","ASNAP","","admin","","","","","","","","1275.78","4262.32","2.3","-8.0","256.73","1148.84","110.21","SciCam","/SciCam.20250824_053358311.jpg","PilotCam","/PilotCam.20250824_053358311.jpg","BrowCam","/BrowCam.20250824_053358311.jpg","UserSelect","/UserSelect.20250824_053358311.jpg","","","-3.65","2.58","-999.99","-999.99","68aaa446e3a1c300139fcde3"
"2025-08-24T05:34:13.342Z","45.9550145","-130.0085557","ASNAP","","admin","","","","","","","","1275.78","4262.32","1.7","-8.4","256.34","1141.57","110.21","SciCam","/SciCam.20250824_053413342.jpg","PilotCam","/PilotCam.20250824_053413342.jpg","BrowCam","/BrowCam.20250824_053413342.jpg","UserSelect","/UserSelect.20250824_053413342.jpg","","","-999.99","2.57","-999.99","-999.99","68aaa455e3a1c300139fcde7"
"2025-08-24T05:34:28.371Z","45.9550145","-130.0085557","ASNAP","","admin","","","","","","","","1275.78","4262.32","2.1","-8.5","256.83","1134.01","110.21","SciCam","/SciCam.20250824_053428371.jpg","PilotCam","/PilotCam.20250824_053428371.jpg","BrowCam","/BrowCam.20250824_053428371.jpg","UserSelect","/UserSelect.20250824_053428371.jpg","","","-999.99","2.60","-999.99","-999.99","68aaa464e3a1c300139fcdeb"
"2025-08-24T05:34:43.404Z","45.9550145","-130.0085557","ASNAP","","admin","","","","","","","","1275.78","4262.32","2.6","-8.3","255.67","1126.53","110.21","SciCam","/SciCam.20250824_053443404.jpg","PilotCam","/PilotCam.20250824_053443404.jpg","BrowCam","/BrowCam.20250824_053443404.jpg","UserSelect","/UserSelect.20250824_053443404.jpg","","","-3.65","2.65","-999.99","-999.99","68aaa473e3a1c300139fcdef"
"2025-08-24T05:34:58.421Z","45.9550145","-130.0085557","ASNAP","","admin","","","","","","","","1275.78","4262.32","-2.3","-11.5","174.47","1119.50","110.21","SciCam","/SciCam.20250824_053458421.jpg","PilotCam","/PilotCam.20250824_053458421.jpg","BrowCam","/BrowCam.20250824_053458421.jpg","UserSelect","/UserSelect.20250824_053458421.jpg","","","-3.65","2.69","-999.99","-999.99","68aaa482e3a1c300139fcdf3"
"2025-08-24T05:35:13.452Z","45.9550145","-130.0085557","ASNAP","","admin","","","","","","","","1275.78","4262.32","1.7","-8.2","180.91","1111.51","110.21","SciCam","/SciCam.20250824_053513452.jpg","PilotCam","/PilotCam.20250824_053513452.jpg","BrowCam","/BrowCam.20250824_053513452.jpg","UserSelect","/UserSelect.20250824_053513452.jpg","","","-999.99","2.73","-999.99","-999.99","68aaa491e3a1c300139fcdf7"
"2025-08-24T05:35:28.483Z","45.9550145","-130.0085557","ASNAP","","admin","","","","","","","","1275.78","4262.32","2.0","-8.0","181.39","1104.43","110.21","SciCam","/SciCam.20250824_053528483.jpg","PilotCam","/PilotCam.20250824_053528483.jpg","BrowCam","/BrowCam.20250824_053528483.jpg","UserSelect","/UserSelect.20250824_053528483.jpg","","","-999.99","2.72","-999.99","-999.99","68aaa4a0e3a1c300139fcdfb"
"2025-08-24T05:35:43.507Z","45.9550145","-130.0085557","ASNAP","","admin","","","","","","","","1275.78","4262.32","2.4","-8.3","180.91","1096.99","110.21","SciCam","/SciCam.20250824_053543507.jpg","PilotCam","/PilotCam.20250824_053543507.jpg","BrowCam","/BrowCam.20250824_053543507.jpg","UserSelect","/UserSelect.20250824_053543507.jpg","","","-999.99","2.70","-999.99","-999.99","68aaa4afe3a1c300139fcdff"
"2025-08-24T05:35:58.539Z","45.9550145","-130.0085557","ASNAP","","admin","","","","","","","","1275.78","4262.32","1.3","-8.5","181.02","1089.22","110.21","SciCam","/SciCam.20250824_053558539.jpg","PilotCam","/PilotCam.20250824_053558539.jpg","BrowCam","/BrowCam.20250824_053558539.jpg","UserSelect","/UserSelect.20250824_053558539.jpg","","","-3.65","2.76","-999.99","-999.99","68aaa4bee3a1c300139fce03"
"2025-08-24T05:36:13.563Z","45.9550145","-130.0085557","ASNAP","","admin","","","","","","","","1275.78","4262.32","0.9","-7.9","181.47","1081.28","110.21","SciCam","/SciCam.20250824_053613563.jpg","PilotCam","/PilotCam.20250824_053613563.jpg","BrowCam","/BrowCam.20250824_053613563.jpg","UserSelect","/UserSelect.20250824_053613563.jpg","","","-999.99","2.80","-999.99","-999.99","68aaa4cde3a1c300139fce07"
"2025-08-24T05:36:28.591Z","45.9550145","-130.0085557","ASNAP","","admin","","","","","","","","1275.78","4262.32","3.7","-9.1","180.45","1072.79","110.21","SciCam","/SciCam.20250824_053628591.jpg","PilotCam","/PilotCam.20250824_053628591.jpg","BrowCam","/BrowCam.20250824_053628591.jpg","UserSelect","/UserSelect.20250824_053628591.jpg","","","-999.99","2.83","-999.99","-999.99","68aaa4dce3a1c300139fce0b"
"2025-08-24T05:36:43.623Z","45.9550145","-130.0085557","ASNAP","","admin","","","","","","","","1275.78","4262.32","1.9","-8.2","181.45","1064.92","110.21","SciCam","/SciCam.20250824_053643623.jpg","PilotCam","/PilotCam.20250824_053643623.jpg","BrowCam","/BrowCam.20250824_053643623.jpg","UserSelect","/UserSelect.20250824_053643623.jpg","","","-999.99","2.85","-999.99","-999.99","68aaa4ebe3a1c300139fce0f"
"2025-08-24T05:36:58.655Z","45.9550145","-130.0085557","ASNAP","","admin","","","","","","","","1275.78","4262.32","1.3","-7.6","180.66","1056.57","110.21","SciCam","/SciCam.20250824_053658655.jpg","PilotCam","/PilotCam.20250824_053658655.jpg","BrowCam","/BrowCam.20250824_053658655.jpg","UserSelect","/UserSelect.20250824_053658655.jpg","","","-999.99","2.83","-999.99","-999.99","68aaa4fae3a1c300139fce13"
"2025-08-24T05:37:13.684Z","45.9550145","-130.0085557","ASNAP","","admin","","","","","","","","1275.78","4262.32","2.9","-7.4","123.32","1048.53","110.21","SciCam","/SciCam.20250824_053713684.jpg","PilotCam","/PilotCam.20250824_053713684.jpg","BrowCam","/BrowCam.20250824_053713684.jpg","UserSelect","/UserSelect.20250824_053713684.jpg","","","-999.99","2.87","-999.99","-999.99","68aaa509e3a1c300139fce17"
"2025-08-24T05:37:28.716Z","45.9550145","-130.0085557","ASNAP","","admin","","","","","","","","1275.78","4262.32","7.1","-6.6","343.20","1041.36","110.21","SciCam","/SciCam.20250824_053728716.jpg","PilotCam","/PilotCam.20250824_053728716.jpg","BrowCam","/BrowCam.20250824_053728716.jpg","UserSelect","/UserSelect.20250824_053728716.jpg","","","-999.99","2.87","-999.99","-999.99","68aaa518e3a1c300139fce1b"
"2025-08-24T05:37:43.747Z","45.9550145","-130.0085557","ASNAP","","admin","","","","","","","","1275.78","4262.32","-2.0","-5.3","203.24","1034.54","110.21","SciCam","/SciCam.20250824_053743747.jpg","PilotCam","/PilotCam.20250824_053743747.jpg","BrowCam","/BrowCam.20250824_053743747.jpg","UserSelect","/UserSelect.20250824_053743747.jpg","","","-999.99","2.95","-999.99","-999.99","68aaa527e3a1c300139fce1f"
"2025-08-24T05:37:58.780Z","45.9550145","-130.0085557","ASNAP","","admin","","","","","","","","1275.78","4262.32","1.3","-8.2","124.07","1026.81","110.21","SciCam","/SciCam.20250824_053758780.jpg","PilotCam","/PilotCam.20250824_053758780.jpg","BrowCam","/BrowCam.20250824_053758780.jpg","UserSelect","/UserSelect.20250824_053758780.jpg","","","-3.65","2.93","-999.99","-999.99","68aaa536e3a1c300139fce23"
"2025-08-24T05:38:13.812Z","45.9550145","-130.0085557","ASNAP","","admin","","","","","","","","1275.78","4262.32","5.2","-7.6","15.80","1019.57","110.21","SciCam","/SciCam.20250824_053813812.jpg","PilotCam","/PilotCam.20250824_053813812.jpg","BrowCam","/BrowCam.20250824_053813812.jpg","UserSelect","/UserSelect.20250824_053813812.jpg","","","-3.65","2.91","-999.99","-999.99","68aaa545e3a1c300139fce27"
"2025-08-24T05:38:28.844Z","45.9550145","-130.0085557","ASNAP","","admin","","","","","","","","1275.78","4262.32","2.4","-6.5","272.30","1012.36","110.21","SciCam","/SciCam.20250824_053828844.jpg","PilotCam","/PilotCam.20250824_053828844.jpg","BrowCam","/BrowCam.20250824_053828844.jpg","UserSelect","/UserSelect.20250824_053828844.jpg","","","-3.65","2.92","-3.65","-999.99","68aaa554e3a1c300139fce2b"
"2025-08-24T05:38:43.873Z","45.9550145","-130.0085557","ASNAP","","admin","","","","","","","","1275.78","4262.32","1.8","-7.5","169.49","1004.75","110.21","SciCam","/SciCam.20250824_053843873.jpg","PilotCam","/PilotCam.20250824_053843873.jpg","BrowCam","/BrowCam.20250824_053843873.jpg","UserSelect","/UserSelect.20250824_053843873.jpg","","","-999.99","2.96","-999.99","-999.99","68aaa563e3a1c300139fce2f"
"2025-08-24T05:38:58.901Z","45.9550145","-130.0085557","ASNAP","","admin","","","","","","","","1275.78","4262.32","3.2","-7.8","57.51","996.82","110.21","SciCam","/SciCam.20250824_053858901.jpg","PilotCam","/PilotCam.20250824_053858901.jpg","BrowCam","/BrowCam.20250824_053858901.jpg","UserSelect","/UserSelect.20250824_053858901.jpg","","","-999.99","3.01","-999.99","-999.99","68aaa572e3a1c300139fce33"
"2025-08-24T05:39:13.932Z","45.9550145","-130.0085557","ASNAP","","admin","","","","","","","","1275.78","4262.32","2.4","-7.3","268.19","989.60","110.21","SciCam","/SciCam.20250824_053913932.jpg","PilotCam","/PilotCam.20250824_053913932.jpg","BrowCam","/BrowCam.20250824_053913932.jpg","UserSelect","/UserSelect.20250824_053913932.jpg","","","-999.99","3.01","-999.99","-999.99","68aaa581e3a1c300139fce37"
"2025-08-24T05:39:28.964Z","45.9550145","-130.0085557","ASNAP","","admin","","","","","","","","1275.78","4262.32","1.2","-8.5","181.68","981.86","110.21","SciCam","/SciCam.20250824_053928964.jpg","PilotCam","/PilotCam.20250824_053928964.jpg","BrowCam","/BrowCam.20250824_053928964.jpg","UserSelect","/UserSelect.20250824_053928964.jpg","","","-3.65","3.03","-999.99","-999.99","68aaa590e3a1c300139fce3b"
"2025-08-24T05:39:43.993Z","45.9550145","-130.0085557","ASNAP","","admin","","","","","","","","1275.78","4262.32","1.9","-6.3","272.08","973.97","110.21","SciCam","/SciCam.20250824_053943993.jpg","PilotCam","/PilotCam.20250824_053943993.jpg","BrowCam","/BrowCam.20250824_053943993.jpg","UserSelect","/UserSelect.20250824_053943993.jpg","","","-999.99","3.07","-999.99","-999.99","68aaa59fe3a1c300139fce3f"
"2025-08-24T05:39:59.023Z","45.9550145","-130.0085557","ASNAP","","admin","","","","","","","","1275.78","4262.32","2.4","-7.1","268.96","965.78","110.21","SciCam","/SciCam.20250824_053959023.jpg","PilotCam","/PilotCam.20250824_053959023.jpg","BrowCam","/BrowCam.20250824_053959023.jpg","UserSelect","/UserSelect.20250824_053959023.jpg","","","-3.65","3.09","-3.65","-999.99","68aaa5afe3a1c300139fce43"
"2025-08-24T05:40:14.048Z","45.9550145","-130.0085557","ASNAP","","admin","","","","","","","","1275.78","4262.32","1.6","-6.4","268.94","958.00","110.21","SciCam","/SciCam.20250824_054014048.jpg","PilotCam","/PilotCam.20250824_054014048.jpg","BrowCam","/BrowCam.20250824_054014048.jpg","UserSelect","/UserSelect.20250824_054014048.jpg","","","-3.65","3.12","-3.65","-999.99","68aaa5bee3a1c300139fce47"
"2025-08-24T05:40:29.077Z","45.9550145","-130.0085557","ASNAP","","admin","","","","","","","","1275.78","4262.32","1.3","-6.8","269.01","950.18","110.21","SciCam","/SciCam.20250824_054029077.jpg","PilotCam","/PilotCam.20250824_054029077.jpg","BrowCam","/BrowCam.20250824_054029077.jpg","UserSelect","/UserSelect.20250824_054029077.jpg","","","-999.99","3.05","-999.99","-999.99","68aaa5cde3a1c300139fce4b"
"2025-08-24T05:40:44.108Z","45.9550145","-130.0085557","ASNAP","","admin","","","","","","","","1275.78","4262.32","1.1","-6.6","268.94","942.34","110.21","SciCam","/SciCam.20250824_054044108.jpg","PilotCam","/PilotCam.20250824_054044108.jpg","BrowCam","/BrowCam.20250824_054044108.jpg","UserSelect","/UserSelect.20250824_054044108.jpg","","","-999.99","3.13","-999.99","-999.99","68aaa5dce3a1c300139fce4f"
"2025-08-24T05:40:47.128Z","45.9550145","-130.0085557","Biology Type","","guest","","","Jelly","","","","","1275.78","4262.32","1.7","-6.6","268.96","940.77","110.21","SciCam","/SciCam.20250824_054047128.jpg","PilotCam","/PilotCam.20250824_054047128.jpg","BrowCam","/BrowCam.20250824_054047128.jpg","UserSelect","/UserSelect.20250824_054047128.jpg","","","-999.99","3.13","-999.99","-999.99","68aaa5dfe3a1c300139fce53"
"2025-08-24T05:40:59.134Z","45.9550145","-130.0085557","ASNAP","","admin","","","","","","","","1275.78","4262.32","0.8","-6.2","269.09","934.47","110.21","SciCam","/SciCam.20250824_054059134.jpg","PilotCam","/PilotCam.20250824_054059134.jpg","BrowCam","/BrowCam.20250824_054059134.jpg","UserSelect","/UserSelect.20250824_054059134.jpg","","","-3.65","3.12","-999.99","-999.99","68aaa5ebe3a1c300139fce57"
"2025-08-24T05:41:14.165Z","45.9550145","-130.0085557","ASNAP","","admin","","","","","","","","1275.78","4262.32","1.2","-6.2","269.08","926.49","110.21","SciCam","/SciCam.20250824_054114165.jpg","PilotCam","/PilotCam.20250824_054114165.jpg","BrowCam","/BrowCam.20250824_054114165.jpg","UserSelect","/UserSelect.20250824_054114165.jpg","","","-999.99","3.14","-999.99","-999.99","68aaa5fae3a1c300139fce5b"
"2025-08-24T05:41:29.197Z","45.9550145","-130.0085557","ASNAP","","admin","","","","","","","","1275.78","4262.32","1.4","-6.4","269.16","918.67","110.21","SciCam","/SciCam.20250824_054129197.jpg","PilotCam","/PilotCam.20250824_054129197.jpg","BrowCam","/BrowCam.20250824_054129197.jpg","UserSelect","/UserSelect.20250824_054129197.jpg","","","-3.65","3.16","-3.65","-999.99","68aaa609e3a1c300139fce5f"
"2025-08-24T05:41:44.229Z","45.9550145","-130.0085557","ASNAP","","admin","","","","","","","","1275.78","4262.32","1.5","-6.5","269.20","910.73","110.21","SciCam","/SciCam.20250824_054144229.jpg","PilotCam","/PilotCam.20250824_054144229.jpg","BrowCam","/BrowCam.20250824_054144229.jpg","UserSelect","/UserSelect.20250824_054144229.jpg","","","-3.65","3.17","-3.65","-999.99","68aaa618e3a1c300139fce63"
"2025-08-24T05:41:59.261Z","45.9550145","-130.0085557","ASNAP","","admin","","","","","","","","1275.78","4262.32","1.5","-6.5","269.12","902.95","110.21","SciCam","/SciCam.20250824_054159261.jpg","PilotCam","/PilotCam.20250824_054159261.jpg","BrowCam","/BrowCam.20250824_054159261.jpg","UserSelect","/UserSelect.20250824_054159261.jpg","","","-3.65","3.17","-999.99","-999.99","68aaa627e3a1c300139fce67"
"2025-08-24T05:42:14.292Z","45.9550145","-130.0085557","ASNAP","","admin","","","","","","","","1275.78","4262.32","0.8","-5.5","269.16","895.07","110.21","SciCam","/SciCam.20250824_054214292.jpg","PilotCam","/PilotCam.20250824_054214292.jpg","BrowCam","/BrowCam.20250824_054214292.jpg","UserSelect","/UserSelect.20250824_054214292.jpg","","","-3.65","3.19","-999.99","-999.99","68aaa636e3a1c300139fce6b"
"2025-08-24T05:42:29.320Z","45.9550145","-130.0085557","ASNAP","","admin","","","","","","","","1275.78","4262.32","2.0","-5.9","269.05","887.05","110.21","SciCam","/SciCam.20250824_054229320.jpg","PilotCam","/PilotCam.20250824_054229320.jpg","BrowCam","/BrowCam.20250824_054229320.jpg","UserSelect","/UserSelect.20250824_054229320.jpg","","","-3.65","3.21","-999.99","-999.99","68aaa645e3a1c300139fce6f"
"2025-08-24T05:42:44.348Z","45.9550145","-130.0085557","ASNAP","","admin","","","","","","","","1275.78","4262.32","1.5","-6.4","269.10","879.37","110.21","SciCam","/SciCam.20250824_054244348.jpg","PilotCam","/PilotCam.20250824_054244348.jpg","BrowCam","/BrowCam.20250824_054244348.jpg","UserSelect","/UserSelect.20250824_054244348.jpg","","","-999.99","3.22","-999.99","-999.99","68aaa654e3a1c300139fce73"
"2025-08-24T05:42:59.376Z","45.9550145","-130.0085557","ASNAP","","admin","","","","","","","","1275.78","4262.32","1.2","-6.6","269.09","871.64","110.21","SciCam","/SciCam.20250824_054259376.jpg","PilotCam","/PilotCam.20250824_054259376.jpg","BrowCam","/BrowCam.20250824_054259376.jpg","UserSelect","/UserSelect.20250824_054259376.jpg","","","-3.65","3.24","-3.65","-999.99","68aaa663e3a1c300139fce77"
"2025-08-24T05:43:14.407Z","45.9550145","-130.0085557","ASNAP","","admin","","","","","","","","1275.78","4262.32","1.0","-5.8","269.17","863.98","110.21","SciCam","/SciCam.20250824_054314407.jpg","PilotCam","/PilotCam.20250824_054314407.jpg","BrowCam","/BrowCam.20250824_054314407.jpg","UserSelect","/UserSelect.20250824_054314407.jpg","","","-999.99","3.26","-999.99","-999.99","68aaa672e3a1c300139fce7b"
"2025-08-24T05:43:29.435Z","45.9550145","-130.0085557","ASNAP","","admin","","","","","","","","1275.78","4262.32","1.5","-6.5","269.14","856.29","110.21","SciCam","/SciCam.20250824_054329435.jpg","PilotCam","/PilotCam.20250824_054329435.jpg","BrowCam","/BrowCam.20250824_054329435.jpg","UserSelect","/UserSelect.20250824_054329435.jpg","","","-3.65","3.28","-3.65","-999.99","68aaa681e3a1c300139fce7f"
"2025-08-24T05:43:44.464Z","45.9550145","-130.0085557","ASNAP","","admin","","","","","","","","1275.78","4262.32","0.6","-6.1","269.28","848.72","110.21","SciCam","/SciCam.20250824_054344464.jpg","PilotCam","/PilotCam.20250824_054344464.jpg","BrowCam","/BrowCam.20250824_054344464.jpg","UserSelect","/UserSelect.20250824_054344464.jpg","","","-3.65","3.30","-3.65","-999.99","68aaa690e3a1c300139fce83"
"2025-08-24T05:43:59.495Z","45.9550145","-130.0085557","ASNAP","","admin","","","","","","","","1275.78","4262.32","2.0","-7.0","268.91","840.64","110.21","SciCam","/SciCam.20250824_054359495.jpg","PilotCam","/PilotCam.20250824_054359495.jpg","BrowCam","/BrowCam.20250824_054359495.jpg","UserSelect","/UserSelect.20250824_054359495.jpg","","","-3.65","3.29","-999.99","-999.99","68aaa69fe3a1c300139fce87"
"2025-08-24T05:44:14.527Z","45.9550145","-130.0085557","ASNAP","","admin","","","","","","","","1275.78","4262.32","1.2","-6.9","269.00","833.41","110.21","SciCam","/SciCam.20250824_054414527.jpg","PilotCam","/PilotCam.20250824_054414527.jpg","BrowCam","/BrowCam.20250824_054414527.jpg","UserSelect","/UserSelect.20250824_054414527.jpg","","","-3.65","3.34","-999.99","-999.99","68aaa6aee3a1c300139fce8b"
"2025-08-24T05:44:29.555Z","45.9550145","-130.0085557","ASNAP","","admin","","","","","","","","1275.78","4262.32","2.3","-7.4","269.02","825.98","110.21","SciCam","/SciCam.20250824_054429555.jpg","PilotCam","/PilotCam.20250824_054429555.jpg","BrowCam","/BrowCam.20250824_054429555.jpg","UserSelect","/UserSelect.20250824_054429555.jpg","","","-3.65","3.33","-999.99","-999.99","68aaa6bde3a1c300139fce8f"
"2025-08-24T05:44:44.587Z","45.9550145","-130.0085557","ASNAP","","admin","","","","","","","","1275.78","4262.32","1.0","-6.6","269.14","818.75","110.21","SciCam","/SciCam.20250824_054444587.jpg","PilotCam","/PilotCam.20250824_054444587.jpg","BrowCam","/BrowCam.20250824_054444587.jpg","UserSelect","/UserSelect.20250824_054444587.jpg","","","-3.65","3.43","-999.99","-999.99","68aaa6cce3a1c300139fce93"
"2025-08-24T05:44:59.618Z","45.9550145","-130.0085557","ASNAP","","admin","","","","","","","","1275.78","4262.32","0.8","-6.6","269.28","811.32","110.21","SciCam","/SciCam.20250824_054459618.jpg","PilotCam","/PilotCam.20250824_054459618.jpg","BrowCam","/BrowCam.20250824_054459618.jpg","UserSelect","/UserSelect.20250824_054459618.jpg","","","-3.65","3.38","-3.65","-999.99","68aaa6dbe3a1c300139fce97"
"2025-08-24T05:45:14.650Z","45.9550145","-130.0085557","ASNAP","","admin","","","","","","","","1275.78","4262.32","0.6","-6.4","269.05","803.99","110.21","SciCam","/SciCam.20250824_054514650.jpg","PilotCam","/PilotCam.20250824_054514650.jpg","BrowCam","/BrowCam.20250824_054514650.jpg","UserSelect","/UserSelect.20250824_054514650.jpg","","","-999.99","3.38","-999.99","-999.99","68aaa6eae3a1c300139fce9b"
"2025-08-24T05:45:29.683Z","45.9550145","-130.0085557","ASNAP","","admin","","","","","","","","1275.78","4262.32","0.8","-6.5","269.07","796.92","110.21","SciCam","/SciCam.20250824_054529683.jpg","PilotCam","/PilotCam.20250824_054529683.jpg","BrowCam","/BrowCam.20250824_054529683.jpg","UserSelect","/UserSelect.20250824_054529683.jpg","","","-3.65","3.40","-3.65","-999.99","68aaa6f9e3a1c300139fce9f"
"2025-08-24T05:45:44.706Z","45.9550145","-130.0085557","ASNAP","","admin","","","","","","","","1275.78","4262.32","0.5","-6.7","238.54","789.75","110.21","SciCam","/SciCam.20250824_054544706.jpg","PilotCam","/PilotCam.20250824_054544706.jpg","BrowCam","/BrowCam.20250824_054544706.jpg","UserSelect","/UserSelect.20250824_054544706.jpg","","","-3.65","3.40","-3.65","-999.99","68aaa708e3a1c300139fcea3"
"2025-08-24T05:45:59.737Z","45.9550145","-130.0085557","ASNAP","","admin","","","","","","","","1275.78","4262.32","0.4","-9.8","177.70","783.02","110.21","SciCam","/SciCam.20250824_054559737.jpg","PilotCam","/PilotCam.20250824_054559737.jpg","BrowCam","/BrowCam.20250824_054559737.jpg","UserSelect","/UserSelect.20250824_054559737.jpg","","","-999.99","3.42","-999.99","-999.99","68aaa717e3a1c300139fcea7"
"2025-08-24T05:46:14.768Z","45.9550145","-130.0085557","ASNAP","","admin","","","","","","","","1275.78","4262.32","0.9","-9.6","177.90","776.44","110.21","SciCam","/SciCam.20250824_054614768.jpg","PilotCam","/PilotCam.20250824_054614768.jpg","BrowCam","/BrowCam.20250824_054614768.jpg","UserSelect","/UserSelect.20250824_054614768.jpg","","","-3.65","3.52","-999.99","-999.99","68aaa726e3a1c300139fceab"
"2025-08-24T05:46:29.798Z","45.9550145","-130.0085557","ASNAP","","admin","","","","","","","","1275.78","4262.32","1.9","-8.4","179.15","769.77","110.21","SciCam","/SciCam.20250824_054629798.jpg","PilotCam","/PilotCam.20250824_054629798.jpg","BrowCam","/BrowCam.20250824_054629798.jpg","UserSelect","/UserSelect.20250824_054629798.jpg","","","-999.99","3.46","-999.99","-999.99","68aaa735e3a1c300139fceaf"
"2025-08-24T05:46:44.829Z","45.9550145","-130.0085557","ASNAP","","admin","","","","","","","","1275.78","4262.32","1.7","-8.1","179.52","762.87","110.21","SciCam","/SciCam.20250824_054644829.jpg","PilotCam","/PilotCam.20250824_054644829.jpg","BrowCam","/BrowCam.20250824_054644829.jpg","UserSelect","/UserSelect.20250824_054644829.jpg","","","-3.65","3.45","-999.99","-999.99","68aaa744e3a1c300139fceb3"
"2025-08-24T05:46:59.861Z","45.9550145","-130.0085557","ASNAP","","admin","","","","","","","","1275.78","4262.32","1.9","-8.5","179.14","755.90","110.21","SciCam","/SciCam.20250824_054659861.jpg","PilotCam","/PilotCam.20250824_054659861.jpg","BrowCam","/BrowCam.20250824_054659861.jpg","UserSelect","/UserSelect.20250824_054659861.jpg","","","-3.65","3.47","-3.65","-999.99","68aaa753e3a1c300139fceb7"
"2025-08-24T05:47:14.892Z","45.9550145","-130.0085557","ASNAP","","admin","","","","","","","","1275.78","4262.32","1.7","-8.0","179.38","748.97","110.21","SciCam","/SciCam.20250824_054714892.jpg","PilotCam","/PilotCam.20250824_054714892.jpg","BrowCam","/BrowCam.20250824_054714892.jpg","UserSelect","/UserSelect.20250824_054714892.jpg","","","-3.65","3.48","-3.65","-999.99","68aaa762e3a1c300139fcebb"
"2025-08-24T05:47:29.923Z","45.9550145","-130.0085557","ASNAP","","admin","","","","","","","","1275.78","4262.32","1.9","-8.4","179.30","741.88","110.21","SciCam","/SciCam.20250824_054729923.jpg","PilotCam","/PilotCam.20250824_054729923.jpg","BrowCam","/BrowCam.20250824_054729923.jpg","UserSelect","/UserSelect.20250824_054729923.jpg","","","-3.65","3.48","-999.99","-999.99","68aaa771e3a1c300139fcebf"
"2025-08-24T05:47:44.956Z","45.9550145","-130.0085557","ASNAP","","admin","","","","","","","","1275.78","4262.32","1.0","-8.4","179.30","734.76","110.21","SciCam","/SciCam.20250824_054744956.jpg","PilotCam","/PilotCam.20250824_054744956.jpg","BrowCam","/BrowCam.20250824_054744956.jpg","UserSelect","/UserSelect.20250824_054744956.jpg","","","-3.65","3.52","-999.99","-999.99","68aaa780e3a1c300139fcec3"
"2025-08-24T05:47:59.984Z","45.9550145","-130.0085557","ASNAP","","admin","","","","","","","","1275.78","4262.32","2.1","-8.6","179.16","727.56","110.21","SciCam","/SciCam.20250824_054759984.jpg","PilotCam","/PilotCam.20250824_054759984.jpg","BrowCam","/BrowCam.20250824_054759984.jpg","UserSelect","/UserSelect.20250824_054759984.jpg","","","-999.99","3.53","-999.99","-999.99","68aaa78fe3a1c300139fcec7"
"2025-08-24T05:48:15.015Z","45.9550145","-130.0085557","ASNAP","","admin","","","","","","","","1275.78","4262.32","1.3","-8.1","179.53","720.26","110.21","SciCam","/SciCam.20250824_054815015.jpg","PilotCam","/PilotCam.20250824_054815015.jpg","BrowCam","/BrowCam.20250824_054815015.jpg","UserSelect","/UserSelect.20250824_054815015.jpg","","","-999.99","3.57","-999.99","-999.99","68aaa79fe3a1c300139fcecb"
"2025-08-24T05:48:30.043Z","45.9550145","-130.0085557","ASNAP","","admin","","","","","","","","1275.78","4262.32","2.1","-8.0","179.37","712.90","110.21","SciCam","/SciCam.20250824_054830043.jpg","PilotCam","/PilotCam.20250824_054830043.jpg","BrowCam","/BrowCam.20250824_054830043.jpg","UserSelect","/UserSelect.20250824_054830043.jpg","","","-3.65","3.60","-3.65","-999.99","68aaa7aee3a1c300139fcecf"
"2025-08-24T05:48:45.071Z","45.9550145","-130.0085557","ASNAP","","admin","","","","","","","","1275.78","4262.32","-0.2","-8.1","179.64","705.65","110.21","SciCam","/SciCam.20250824_054845071.jpg","PilotCam","/PilotCam.20250824_054845071.jpg","BrowCam","/BrowCam.20250824_054845071.jpg","UserSelect","/UserSelect.20250824_054845071.jpg","","","-3.65","3.64","-3.65","-999.99","68aaa7bde3a1c300139fced3"
"2025-08-24T05:49:00.099Z","45.9550145","-130.0085557","ASNAP","","admin","","","","","","","","1275.78","4262.32","1.2","-8.2","179.27","697.93","110.21","SciCam","/SciCam.20250824_054900099.jpg","PilotCam","/PilotCam.20250824_054900099.jpg","BrowCam","/BrowCam.20250824_054900099.jpg","UserSelect","/UserSelect.20250824_054900099.jpg","","","-3.65","3.60","-999.99","-999.99","68aaa7cce3a1c300139fced7"
"2025-08-24T05:49:15.131Z","45.9550145","-130.0085557","ASNAP","","admin","","","","","","","","1275.78","4262.32","1.6","-8.1","179.32","690.51","110.21","SciCam","/SciCam.20250824_054915131.jpg","PilotCam","/PilotCam.20250824_054915131.jpg","BrowCam","/BrowCam.20250824_054915131.jpg","UserSelect","/UserSelect.20250824_054915131.jpg","","","-3.65","3.68","-999.99","-999.99","68aaa7dbe3a1c300139fcedb"
"2025-08-24T05:49:30.162Z","45.9550145","-130.0085557","ASNAP","","admin","","","","","","","","1275.78","4262.32","1.3","-8.2","178.98","683.09","110.21","SciCam","/SciCam.20250824_054930162.jpg","PilotCam","/PilotCam.20250824_054930162.jpg","BrowCam","/BrowCam.20250824_054930162.jpg","UserSelect","/UserSelect.20250824_054930162.jpg","","","-999.99","3.70","-999.99","-999.99","68aaa7eae3a1c300139fcedf"
"2025-08-24T05:49:45.194Z","45.9550145","-130.0085557","ASNAP","","admin","","","","","","","","1275.78","4262.32","2.1","-7.9","179.38","675.31","110.21","SciCam","/SciCam.20250824_054945194.jpg","PilotCam","/PilotCam.20250824_054945194.jpg","BrowCam","/BrowCam.20250824_054945194.jpg","UserSelect","/UserSelect.20250824_054945194.jpg","","","-999.99","3.71","-999.99","-999.99","68aaa7f9e3a1c300139fcee3"
"2025-08-24T05:50:00.225Z","45.9550145","-130.0085557","ASNAP","","admin","","","","","","","","1275.78","4262.32","1.0","-8.1","179.22","668.04","110.21","SciCam","/SciCam.20250824_055000225.jpg","PilotCam","/PilotCam.20250824_055000225.jpg","BrowCam","/BrowCam.20250824_055000225.jpg","UserSelect","/UserSelect.20250824_055000225.jpg","","","-999.99","3.68","-999.99","-999.99","68aaa808e3a1c300139fcee7"
"2025-08-24T05:50:15.251Z","45.9550145","-130.0085557","ASNAP","","admin","","","","","","","","1275.78","4262.32","1.5","-7.9","179.31","660.61","110.21","SciCam","/SciCam.20250824_055015251.jpg","PilotCam","/PilotCam.20250824_055015251.jpg","BrowCam","/BrowCam.20250824_055015251.jpg","UserSelect","/UserSelect.20250824_055015251.jpg","","","-999.99","3.67","-999.99","-999.99","68aaa817e3a1c300139fceeb"
"2025-08-24T05:50:19.104Z","45.9550145","-130.0085557","Biology Type","","guest","","","Jelly","","","","","1275.78","4262.32","1.7","-8.1","179.09","658.56","110.21","SciCam","/SciCam.20250824_055019104.jpg","PilotCam","/PilotCam.20250824_055019104.jpg","BrowCam","/BrowCam.20250824_055019104.jpg","UserSelect","/UserSelect.20250824_055019104.jpg","","","-999.99","3.70","-999.99","-999.99","68aaa81be3a1c300139fceef"
"2025-08-24T05:50:30.281Z","45.9550145","-130.0085557","ASNAP","","admin","","","","","","","","1275.78","4262.32","0.2","-7.8","179.37","653.19","110.21","SciCam","/SciCam.20250824_055030281.jpg","PilotCam","/PilotCam.20250824_055030281.jpg","BrowCam","/BrowCam.20250824_055030281.jpg","UserSelect","/UserSelect.20250824_055030281.jpg","","","-3.65","3.70","-999.99","-999.99","68aaa826e3a1c300139fcef3"
"2025-08-24T05:50:45.311Z","45.9550145","-130.0085557","ASNAP","","admin","","","","","","","","1275.78","4262.32","0.8","-8.2","178.99","645.68","110.21","SciCam","/SciCam.20250824_055045311.jpg","PilotCam","/PilotCam.20250824_055045311.jpg","BrowCam","/BrowCam.20250824_055045311.jpg","UserSelect","/UserSelect.20250824_055045311.jpg","","","-3.65","3.72","-3.65","-999.99","68aaa835e3a1c300139fcef7"
"2025-08-24T05:51:00.342Z","45.9550145","-130.0085557","ASNAP","","admin","","","","","","","","1275.78","4262.32","1.0","-7.7","178.45","637.93","110.21","SciCam","/SciCam.20250824_055100342.jpg","PilotCam","/PilotCam.20250824_055100342.jpg","BrowCam","/BrowCam.20250824_055100342.jpg","UserSelect","/UserSelect.20250824_055100342.jpg","","","-3.65","3.70","-999.99","-999.99","68aaa844e3a1c300139fcefb"
"2025-08-24T05:51:15.372Z","45.9550145","-130.0085557","ASNAP","","admin","","","","","","","","1275.78","4262.32","-0.8","-8.1","178.33","630.39","110.21","SciCam","/SciCam.20250824_055115372.jpg","PilotCam","/PilotCam.20250824_055115372.jpg","BrowCam","/BrowCam.20250824_055115372.jpg","UserSelect","/UserSelect.20250824_055115372.jpg","","","-3.65","3.72","-999.99","-999.99","68aaa853e3a1c300139fceff"
"2025-08-24T05:51:30.401Z","45.9550145","-130.0085557","ASNAP","","admin","","","","","","","","1275.78","4262.32","1.2","-8.0","178.51","622.92","110.21","SciCam","/SciCam.20250824_055130401.jpg","PilotCam","/PilotCam.20250824_055130401.jpg","BrowCam","/BrowCam.20250824_055130401.jpg","UserSelect","/UserSelect.20250824_055130401.jpg","","","-999.99","3.75","-999.99","-999.99","68aaa862e3a1c300139fcf03"
"2025-08-24T05:51:45.433Z","45.9550145","-130.0085557","ASNAP","","admin","","","","","","","","1275.78","4262.32","-0.2","-7.9","178.08","615.46","110.21","SciCam","/SciCam.20250824_055145433.jpg","PilotCam","/PilotCam.20250824_055145433.jpg","BrowCam","/BrowCam.20250824_055145433.jpg","UserSelect","/UserSelect.20250824_055145433.jpg","","","-999.99","3.78","-999.99","-999.99","68aaa871e3a1c300139fcf07"
"2025-08-24T05:52:00.463Z","45.9550145","-130.0085557","ASNAP","","admin","","","","","","","","1275.78","4262.32","0.9","-7.9","178.22","608.04","110.21","SciCam","/SciCam.20250824_055200463.jpg","PilotCam","/PilotCam.20250824_055200463.jpg","BrowCam","/BrowCam.20250824_055200463.jpg","UserSelect","/UserSelect.20250824_055200463.jpg","","","-999.99","3.80","-999.99","-999.99","68aaa880e3a1c300139fcf0b"
"2025-08-24T05:52:15.485Z","45.9550145","-130.0085557","ASNAP","","admin","","","","","","","","1275.78","4262.32","0.9","-7.8","178.40","600.53","110.21","SciCam","/SciCam.20250824_055215485.jpg","PilotCam","/PilotCam.20250824_055215485.jpg","BrowCam","/BrowCam.20250824_055215485.jpg","UserSelect","/UserSelect.20250824_055215485.jpg","","","-3.65","3.85","-3.65","-999.99","68aaa88fe3a1c300139fcf0f"
"2025-08-24T05:52:30.515Z","45.9550145","-130.0085557","ASNAP","","admin","","","","","","","","1275.78","4262.32","0.9","-8.1","178.45","593.01","110.21","SciCam","/SciCam.20250824_055230515.jpg","PilotCam","/PilotCam.20250824_055230515.jpg","BrowCam","/BrowCam.20250824_055230515.jpg","UserSelect","/UserSelect.20250824_055230515.jpg","","","-3.65","3.92","-999.99","-999.99","68aaa89ee3a1c300139fcf13"
"2025-08-24T05:52:45.547Z","45.9550145","-130.0085557","ASNAP","","admin","","","","","","","","1275.78","4262.32","0.9","-7.7","178.51","585.08","110.21","SciCam","/SciCam.20250824_055245547.jpg","PilotCam","/PilotCam.20250824_055245547.jpg","BrowCam","/BrowCam.20250824_055245547.jpg","UserSelect","/UserSelect.20250824_055245547.jpg","","","-3.65","3.95","-3.65","-999.99","68aaa8ade3a1c300139fcf17"
"2025-08-24T05:53:00.576Z","45.9550145","-130.0085557","ASNAP","","admin","","","","","","","","1275.78","4262.32","0.6","-7.9","178.20","577.67","110.21","SciCam","/SciCam.20250824_055300576.jpg","PilotCam","/PilotCam.20250824_055300576.jpg","BrowCam","/BrowCam.20250824_055300576.jpg","UserSelect","/UserSelect.20250824_055300576.jpg","","","-3.65","3.96","-999.99","-999.99","68aaa8bce3a1c300139fcf1b"
"2025-08-24T05:53:15.602Z","45.9550145","-130.0085557","ASNAP","","admin","","","","","","","","1275.78","4262.32","0.7","-8.1","178.43","570.27","110.21","SciCam","/SciCam.20250824_055315602.jpg","PilotCam","/PilotCam.20250824_055315602.jpg","BrowCam","/BrowCam.20250824_055315602.jpg","UserSelect","/UserSelect.20250824_055315602.jpg","","","-3.65","4.05","-999.99","-999.99","68aaa8cbe3a1c300139fcf1f"
"2025-08-24T05:53:30.628Z","45.9550145","-130.0085557","ASNAP","","admin","","","","","","","","1275.78","4262.32","1.8","-8.1","178.48","562.79","110.21","SciCam","/SciCam.20250824_055330628.jpg","PilotCam","/PilotCam.20250824_055330628.jpg","BrowCam","/BrowCam.20250824_055330628.jpg","UserSelect","/UserSelect.20250824_055330628.jpg","","","-999.99","4.07","-999.99","-999.99","68aaa8dae3a1c300139fcf23"
"2025-08-24T05:53:45.655Z","45.9550145","-130.0085557","ASNAP","","admin","","","","","","","","1275.78","4262.32","0.7","-7.5","178.48","555.25","110.21","SciCam","/SciCam.20250824_055345655.jpg","PilotCam","/PilotCam.20250824_055345655.jpg","BrowCam","/BrowCam.20250824_055345655.jpg","UserSelect","/UserSelect.20250824_055345655.jpg","","","-999.99","4.12","-999.99","-999.99","68aaa8e9e3a1c300139fcf27"
"2025-08-24T05:54:00.685Z","45.9550145","-130.0085557","ASNAP","","admin","","","","","","","","1275.78","4262.32","0.9","-7.7","178.30","547.93","110.21","SciCam","/SciCam.20250824_055400685.jpg","PilotCam","/PilotCam.20250824_055400685.jpg","BrowCam","/BrowCam.20250824_055400685.jpg","UserSelect","/UserSelect.20250824_055400685.jpg","","","-999.99","4.15","-999.99","-999.99","68aaa8f8e3a1c300139fcf2b"
"2025-08-24T05:54:15.716Z","45.9550145","-130.0085557","ASNAP","","admin","","","","","","","","1275.78","4262.32","2.8","-7.9","94.83","540.98","110.21","SciCam","/SciCam.20250824_055415716.jpg","PilotCam","/PilotCam.20250824_055415716.jpg","BrowCam","/BrowCam.20250824_055415716.jpg","UserSelect","/UserSelect.20250824_055415716.jpg","","","-3.65","4.14","-3.65","-999.99","68aaa907e3a1c300139fcf2f"
"2025-08-24T05:54:30.745Z","45.9550145","-130.0085557","ASNAP","","admin","","","","","","","","1275.78","4262.32","2.9","-6.8","347.07","534.43","110.21","SciCam","/SciCam.20250824_055430745.jpg","PilotCam","/PilotCam.20250824_055430745.jpg","BrowCam","/BrowCam.20250824_055430745.jpg","UserSelect","/UserSelect.20250824_055430745.jpg","","","-3.65","4.25","-999.99","-999.99","68aaa916e3a1c300139fcf33"
"2025-08-24T05:54:45.770Z","45.9550145","-130.0085557","ASNAP","","admin","","","","","","","","1275.78","4262.32","0.9","-5.9","239.00","528.13","110.21","SciCam","/SciCam.20250824_055445770.jpg","PilotCam","/PilotCam.20250824_055445770.jpg","BrowCam","/BrowCam.20250824_055445770.jpg","UserSelect","/UserSelect.20250824_055445770.jpg","","","-3.65","4.20","-999.99","-999.99","68aaa925e3a1c300139fcf37"
"2025-08-24T05:55:00.799Z","45.9550145","-130.0085557","ASNAP","","admin","","","","","","","","1275.78","4262.32","-9.5","-11.1","177.97","520.79","110.21","SciCam","/SciCam.20250824_055500799.jpg","PilotCam","/PilotCam.20250824_055500799.jpg","BrowCam","/BrowCam.20250824_055500799.jpg","UserSelect","/UserSelect.20250824_055500799.jpg","","","-999.99","4.27","-999.99","-999.99","68aaa934e3a1c300139fcf3b"
"2025-08-24T05:55:15.820Z","45.9550145","-130.0085557","ASNAP","","admin","","","","","","","","1275.78","4262.32","1.7","-7.5","136.71","512.65","110.21","SciCam","/SciCam.20250824_055515820.jpg","PilotCam","/PilotCam.20250824_055515820.jpg","BrowCam","/BrowCam.20250824_055515820.jpg","UserSelect","/UserSelect.20250824_055515820.jpg","","","-3.65","4.73","-999.99","-999.99","68aaa943e3a1c300139fcf3f"
"2025-08-24T05:55:30.851Z","45.9550145","-130.0085557","ASNAP","","admin","","","","","","","","1275.78","4262.32","2.6","-7.0","28.77","505.90","110.21","SciCam","/SciCam.20250824_055530851.jpg","PilotCam","/PilotCam.20250824_055530851.jpg","BrowCam","/BrowCam.20250824_055530851.jpg","UserSelect","/UserSelect.20250824_055530851.jpg","","","-999.99","4.23","-999.99","-999.99","68aaa952e3a1c300139fcf43"
"2025-08-24T05:55:45.882Z","45.9550145","-130.0085557","ASNAP","","admin","","","","","","","","1275.78","4262.32","2.2","-6.4","279.43","499.35","110.21","SciCam","/SciCam.20250824_055545882.jpg","PilotCam","/PilotCam.20250824_055545882.jpg","BrowCam","/BrowCam.20250824_055545882.jpg","UserSelect","/UserSelect.20250824_055545882.jpg","","","-999.99","4.32","-999.99","-999.99","68aaa961e3a1c300139fcf47"
"2025-08-24T05:56:00.913Z","45.9550145","-130.0085557","ASNAP","","admin","","","","","","","","1275.78","4262.32","2.6","-8.7","172.18","492.08","110.21","SciCam","/SciCam.20250824_055600913.jpg","PilotCam","/PilotCam.20250824_055600913.jpg","BrowCam","/BrowCam.20250824_055600913.jpg","UserSelect","/UserSelect.20250824_055600913.jpg","","","-999.99","4.34","-999.99","-999.99","68aaa970e3a1c300139fcf4b"
"2025-08-24T05:56:15.945Z","45.9550145","-130.0085557","ASNAP","","admin","","","","","","","","1275.78","4262.32","5.0","-10.4","64.98","484.92","110.21","SciCam","/SciCam.20250824_055615945.jpg","PilotCam","/PilotCam.20250824_055615945.jpg","BrowCam","/BrowCam.20250824_055615945.jpg","UserSelect","/UserSelect.20250824_055615945.jpg","","","-3.65","4.33","-3.65","-999.99","68aaa97fe3a1c300139fcf4f"
"2025-08-24T05:56:30.966Z","45.9550145","-130.0085557","ASNAP","","admin","","","","","","","","1275.78","4262.32","2.0","-6.9","315.86","478.21","110.21","SciCam","/SciCam.20250824_055630966.jpg","PilotCam","/PilotCam.20250824_055630966.jpg","BrowCam","/BrowCam.20250824_055630966.jpg","UserSelect","/UserSelect.20250824_055630966.jpg","","","-3.65","4.40","-999.99","-999.99","68aaa98ee3a1c300139fcf53"
"2025-08-24T05:56:45.995Z","45.9550145","-130.0085557","ASNAP","","admin","","","","","","","","1275.78","4262.32","0.1","-5.0","254.83","470.16","110.21","SciCam","/SciCam.20250824_055645995.jpg","PilotCam","/PilotCam.20250824_055645995.jpg","BrowCam","/BrowCam.20250824_055645995.jpg","UserSelect","/UserSelect.20250824_055645995.jpg","","","-3.65","4.40","-999.99","-999.99","68aaa99de3a1c300139fcf57"
"2025-08-24T05:57:01.023Z","45.9550145","-130.0085557","ASNAP","","admin","","","","","","","","1275.78","4262.32","2.1","-7.4","254.78","462.08","110.21","SciCam","/SciCam.20250824_055701023.jpg","PilotCam","/PilotCam.20250824_055701023.jpg","BrowCam","/BrowCam.20250824_055701023.jpg","UserSelect","/UserSelect.20250824_055701023.jpg","","","-999.99","4.42","-999.99","-999.99","68aaa9ade3a1c300139fcf5b"
"2025-08-24T05:57:16.052Z","45.9550145","-130.0085557","ASNAP","","admin","","","","","","","","1275.78","4262.32","2.2","-7.7","254.73","454.26","110.21","SciCam","/SciCam.20250824_055716052.jpg","PilotCam","/PilotCam.20250824_055716052.jpg","BrowCam","/BrowCam.20250824_055716052.jpg","UserSelect","/UserSelect.20250824_055716052.jpg","","","-999.99","4.45","-999.99","-999.99","68aaa9bce3a1c300139fcf5f"
"2025-08-24T05:57:31.079Z","45.9550145","-130.0085557","ASNAP","","admin","","","","","","","","1275.78","4262.32","1.7","-7.2","254.86","446.45","110.21","SciCam","/SciCam.20250824_055731079.jpg","PilotCam","/PilotCam.20250824_055731079.jpg","BrowCam","/BrowCam.20250824_055731079.jpg","UserSelect","/UserSelect.20250824_055731079.jpg","","","-999.99","4.47","-999.99","-999.99","68aaa9cbe3a1c300139fcf63"
"2025-08-24T05:57:46.107Z","45.9550145","-130.0085557","ASNAP","","admin","","","","","","","","1275.78","4262.32","1.8","-6.9","255.03","438.56","110.21","SciCam","/SciCam.20250824_055746107.jpg","PilotCam","/PilotCam.20250824_055746107.jpg","BrowCam","/BrowCam.20250824_055746107.jpg","UserSelect","/UserSelect.20250824_055746107.jpg","","","-3.65","4.51","-3.65","-999.99","68aaa9dae3a1c300139fcf67"
"2025-08-24T05:58:01.136Z","45.9550145","-130.0085557","ASNAP","","admin","","","","","","","","1275.78","4262.32","1.8","-6.7","255.01","430.65","110.21","SciCam","/SciCam.20250824_055801136.jpg","PilotCam","/PilotCam.20250824_055801136.jpg","BrowCam","/BrowCam.20250824_055801136.jpg","UserSelect","/UserSelect.20250824_055801136.jpg","","","-999.99","4.51","-999.99","-999.99","68aaa9e9e3a1c300139fcf6b"
"2025-08-24T05:58:16.168Z","45.9550145","-130.0085557","ASNAP","","admin","","","","","","","","1275.78","4262.32","1.9","-6.9","255.02","422.82","110.21","SciCam","/SciCam.20250824_055816168.jpg","PilotCam","/PilotCam.20250824_055816168.jpg","BrowCam","/BrowCam.20250824_055816168.jpg","UserSelect","/UserSelect.20250824_055816168.jpg","","","-3.65","4.53","-999.99","-999.99","68aaa9f8e3a1c300139fcf6f"
"2025-08-24T05:58:31.199Z","45.9550145","-130.0085557","ASNAP","","admin","","","","","","","","1275.78","4262.32","1.7","-6.8","255.00","415.05","110.21","SciCam","/SciCam.20250824_055831199.jpg","PilotCam","/PilotCam.20250824_055831199.jpg","BrowCam","/BrowCam.20250824_055831199.jpg","UserSelect","/UserSelect.20250824_055831199.jpg","","","-3.65","4.59","-999.99","-999.99","68aaaa07e3a1c300139fcf73"
"2025-08-24T05:58:46.228Z","45.9550145","-130.0085557","ASNAP","","admin","","","","","","","","1275.78","4262.32","2.0","-7.2","254.96","407.21","110.21","SciCam","/SciCam.20250824_055846228.jpg","PilotCam","/PilotCam.20250824_055846228.jpg","BrowCam","/BrowCam.20250824_055846228.jpg","UserSelect","/UserSelect.20250824_055846228.jpg","","","-3.65","4.63","-999.99","-999.99","68aaaa16e3a1c300139fcf77"
"2025-08-24T05:59:01.259Z","45.9550145","-130.0085557","ASNAP","","admin","","","","","","","","1275.78","4262.32","1.3","-6.1","254.87","399.43","110.21","SciCam","/SciCam.20250824_055901259.jpg","PilotCam","/PilotCam.20250824_055901259.jpg","BrowCam","/BrowCam.20250824_055901259.jpg","UserSelect","/UserSelect.20250824_055901259.jpg","","","-3.65","4.70","-999.99","-999.99","68aaaa25e3a1c300139fcf7b"
"2025-08-24T05:59:16.291Z","45.9550145","-130.0085557","ASNAP","","admin","","","","","","","","1275.78","4262.32","1.2","-5.7","254.88","391.85","110.21","SciCam","/SciCam.20250824_055916291.jpg","PilotCam","/PilotCam.20250824_055916291.jpg","BrowCam","/BrowCam.20250824_055916291.jpg","UserSelect","/UserSelect.20250824_055916291.jpg","","","-3.65","4.71","-999.99","-999.99","68aaaa34e3a1c300139fcf7f"
"2025-08-24T05:59:31.312Z","45.9550145","-130.0085557","ASNAP","","admin","","","","","","","","1275.78","4262.32","1.4","-6.1","254.92","384.34","110.21","SciCam","/SciCam.20250824_055931312.jpg","PilotCam","/PilotCam.20250824_055931312.jpg","BrowCam","/BrowCam.20250824_055931312.jpg","UserSelect","/UserSelect.20250824_055931312.jpg","","","-3.65","4.78","-3.65","-999.99","68aaaa43e3a1c300139fcf83"
"2025-08-24T05:59:46.323Z","45.9550145","-130.0085557","Biology Type","dinner plate","guest","","","Jelly","","","","","1275.78","4262.32","1.9","-6.6","254.83","376.68","110.21","SciCam","/SciCam.20250824_055946323.jpg","PilotCam","/PilotCam.20250824_055946323.jpg","BrowCam","/BrowCam.20250824_055946323.jpg","UserSelect","/UserSelect.20250824_055946323.jpg","","","-3.65","4.77","-3.65","-999.99","68aaaa52e3a1c300139fcf87"
"2025-08-24T05:59:46.331Z","45.9550145","-130.0085557","ASNAP","","admin","","","","","","","","1275.78","4262.32","1.9","-6.6","254.83","376.68","110.21","SciCam","/SciCam.20250824_055946331.jpg","PilotCam","/PilotCam.20250824_055946331.jpg","BrowCam","/BrowCam.20250824_055946331.jpg","UserSelect","/UserSelect.20250824_055946331.jpg","","","-3.65","4.77","-3.65","-999.99","68aaaa52e3a1c300139fcf88"
"2025-08-24T06:00:01.359Z","45.9550145","-130.0085557","ASNAP","","admin","","","","","","","","1275.78","4262.32","1.5","-6.4","254.78","368.96","110.21","SciCam","/SciCam.20250824_060001359.jpg","PilotCam","/PilotCam.20250824_060001359.jpg","BrowCam","/BrowCam.20250824_060001359.jpg","UserSelect","/UserSelect.20250824_060001359.jpg","","","-3.65","4.86","-3.65","-999.99","68aaaa61e3a1c300139fcf8f"
"2025-08-24T06:00:16.388Z","45.9550145","-130.0085557","ASNAP","","admin","","","","","","","","1275.78","4262.32","1.4","-5.9","254.88","361.33","110.21","SciCam","/SciCam.20250824_060016388.jpg","PilotCam","/PilotCam.20250824_060016388.jpg","BrowCam","/BrowCam.20250824_060016388.jpg","UserSelect","/UserSelect.20250824_060016388.jpg","","","-3.65","4.86","-3.65","-999.99","68aaaa70e3a1c300139fcf93"
"2025-08-24T06:00:31.420Z","45.9550145","-130.0085557","ASNAP","","admin","","","","","","","","1275.78","4262.32","0.8","-5.5","254.97","353.64","110.21","SciCam","/SciCam.20250824_060031420.jpg","PilotCam","/PilotCam.20250824_060031420.jpg","BrowCam","/BrowCam.20250824_060031420.jpg","UserSelect","/UserSelect.20250824_060031420.jpg","","","-3.65","4.80","-3.65","-999.99","68aaaa7fe3a1c300139fcf97"
"2025-08-24T06:00:46.451Z","45.9550145","-130.0085557","ASNAP","","admin","","","","","","","","1275.78","4262.32","1.6","-6.0","254.86","345.89","110.21","SciCam","/SciCam.20250824_060046451.jpg","PilotCam","/PilotCam.20250824_060046451.jpg","BrowCam","/BrowCam.20250824_060046451.jpg","UserSelect","/UserSelect.20250824_060046451.jpg","","","-3.65","4.86","-3.65","-999.99","68aaaa8ee3a1c300139fcf9b"
"2025-08-24T06:01:01.472Z","45.9550145","-130.0085557","ASNAP","","admin","","","","","","","","1275.78","4262.32","1.8","-6.1","254.70","338.17","110.21","SciCam","/SciCam.20250824_060101472.jpg","PilotCam","/PilotCam.20250824_060101472.jpg","BrowCam","/BrowCam.20250824_060101472.jpg","UserSelect","/UserSelect.20250824_060101472.jpg","","","-3.65","4.93","-999.99","-999.99","68aaaa9de3a1c300139fcf9f"
"2025-08-24T06:01:16.503Z","45.9550145","-130.0085557","ASNAP","","admin","","","","","","","","1275.78","4262.32","1.8","-6.0","254.75","330.34","110.21","SciCam","/SciCam.20250824_060116503.jpg","PilotCam","/PilotCam.20250824_060116503.jpg","BrowCam","/BrowCam.20250824_060116503.jpg","UserSelect","/UserSelect.20250824_060116503.jpg","","","-3.65","5.04","-3.65","-999.99","68aaaaace3a1c300139fcfa3"
"2025-08-24T06:01:31.535Z","45.9550145","-130.0085557","ASNAP","","admin","","","","","","","","1275.78","4262.32","1.9","-6.0","254.86","322.53","110.21","SciCam","/SciCam.20250824_060131535.jpg","PilotCam","/PilotCam.20250824_060131535.jpg","BrowCam","/BrowCam.20250824_060131535.jpg","UserSelect","/UserSelect.20250824_060131535.jpg","","","-3.65","5.08","-999.99","-999.99","68aaaabbe3a1c300139fcfa7"
"2025-08-24T06:01:46.558Z","45.9550145","-130.0085557","ASNAP","","admin","","","","","","","","1275.78","4262.32","1.9","-6.2","254.69","314.75","110.21","SciCam","/SciCam.20250824_060146558.jpg","PilotCam","/PilotCam.20250824_060146558.jpg","BrowCam","/BrowCam.20250824_060146558.jpg","UserSelect","/UserSelect.20250824_060146558.jpg","","","-999.99","5.08","-999.99","-999.99","68aaaacae3a1c300139fcfab"
"2025-08-24T06:02:01.589Z","45.9550145","-130.0085557","ASNAP","","admin","","","","","","","","1275.78","4262.32","1.8","-6.1","254.71","306.45","110.21","SciCam","/SciCam.20250824_060201589.jpg","PilotCam","/PilotCam.20250824_060201589.jpg","BrowCam","/BrowCam.20250824_060201589.jpg","UserSelect","/UserSelect.20250824_060201589.jpg","","","-999.99","5.12","-999.99","-999.99","68aaaad9e3a1c300139fcfaf"
"2025-08-24T06:02:16.619Z","45.9550145","-130.0085557","ASNAP","","admin","","","","","","","","1275.78","4262.32","2.1","-6.2","254.68","298.57","110.21","SciCam","/SciCam.20250824_060216619.jpg","PilotCam","/PilotCam.20250824_060216619.jpg","BrowCam","/BrowCam.20250824_060216619.jpg","UserSelect","/UserSelect.20250824_060216619.jpg","","","-999.99","5.18","-999.99","-999.99","68aaaae8e3a1c300139fcfb3"
"2025-08-24T06:02:31.650Z","45.9550145","-130.0085557","ASNAP","","admin","","","","","","","","1275.78","4262.32","2.2","-6.1","254.70","290.61","110.21","SciCam","/SciCam.20250824_060231650.jpg","PilotCam","/PilotCam.20250824_060231650.jpg","BrowCam","/BrowCam.20250824_060231650.jpg","UserSelect","/UserSelect.20250824_060231650.jpg","","","-999.99","5.16","-999.99","-999.99","68aaaaf7e3a1c300139fcfb7"
"2025-08-24T06:02:46.681Z","45.9550145","-130.0085557","ASNAP","","admin","","","","","","","","1275.78","4262.32","1.9","-5.2","254.73","282.65","110.21","SciCam","/SciCam.20250824_060246681.jpg","PilotCam","/PilotCam.20250824_060246681.jpg","BrowCam","/BrowCam.20250824_060246681.jpg","UserSelect","/UserSelect.20250824_060246681.jpg","","","-999.99","5.22","-999.99","-999.99","68aaab06e3a1c300139fcfbb"
"2025-08-24T06:03:01.712Z","45.9550145","-130.0085557","ASNAP","","admin","","","","","","","","1275.78","4262.32","1.8","-3.9","254.97","274.76","110.21","SciCam","/SciCam.20250824_060301712.jpg","PilotCam","/PilotCam.20250824_060301712.jpg","BrowCam","/BrowCam.20250824_060301712.jpg","UserSelect","/UserSelect.20250824_060301712.jpg","","","-999.99","5.28","-3.65","-999.99","68aaab15e3a1c300139fcfbf"
"2025-08-24T06:03:16.742Z","45.9550145","-130.0085557","ASNAP","","admin","","","","","","","","1275.78","4262.32","2.4","-5.1","254.81","266.96","110.21","SciCam","/SciCam.20250824_060316742.jpg","PilotCam","/PilotCam.20250824_060316742.jpg","BrowCam","/BrowCam.20250824_060316742.jpg","UserSelect","/UserSelect.20250824_060316742.jpg","","","-999.99","5.31","-999.99","-999.99","68aaab24e3a1c300139fcfc3"
"2025-08-24T06:03:31.771Z","45.9550145","-130.0085557","ASNAP","","admin","","","","","","","","1275.78","4262.32","2.3","-6.1","254.68","259.33","110.21","SciCam","/SciCam.20250824_060331771.jpg","PilotCam","/PilotCam.20250824_060331771.jpg","BrowCam","/BrowCam.20250824_060331771.jpg","UserSelect","/UserSelect.20250824_060331771.jpg","","","-999.99","5.32","-999.99","-999.99","68aaab33e3a1c300139fcfc7"
"2025-08-24T06:03:46.799Z","45.9550145","-130.0085557","ASNAP","","admin","","","","","","","","1275.78","4262.32","2.3","-5.7","254.62","251.69","110.21","SciCam","/SciCam.20250824_060346799.jpg","PilotCam","/PilotCam.20250824_060346799.jpg","BrowCam","/BrowCam.20250824_060346799.jpg","UserSelect","/UserSelect.20250824_060346799.jpg","","","-999.99","5.37","-999.99","-999.99","68aaab42e3a1c300139fcfcb"
"2025-08-24T06:04:01.830Z","45.9550145","-130.0085557","ASNAP","","admin","","","","","","","","1275.78","4262.32","2.5","-5.0","254.60","244.12","110.21","SciCam","/SciCam.20250824_060401830.jpg","PilotCam","/PilotCam.20250824_060401830.jpg","BrowCam","/BrowCam.20250824_060401830.jpg","UserSelect","/UserSelect.20250824_060401830.jpg","","","-999.99","5.34","-999.99","-999.99","68aaab51e3a1c300139fcfcf"
"2025-08-24T06:04:16.861Z","45.9550145","-130.0085557","ASNAP","","admin","","","","","","","","1275.78","4262.32","2.5","-6.0","254.67","236.58","110.21","SciCam","/SciCam.20250824_060416861.jpg","PilotCam","/PilotCam.20250824_060416861.jpg","BrowCam","/BrowCam.20250824_060416861.jpg","UserSelect","/UserSelect.20250824_060416861.jpg","","","-999.99","5.45","-999.99","-999.99","68aaab60e3a1c300139fcfd3"
"2025-08-24T06:04:31.891Z","45.9550145","-130.0085557","ASNAP","","admin","","","","","","","","1275.78","4262.32","2.7","-5.8","254.56","228.97","110.21","SciCam","/SciCam.20250824_060431891.jpg","PilotCam","/PilotCam.20250824_060431891.jpg","BrowCam","/BrowCam.20250824_060431891.jpg","UserSelect","/UserSelect.20250824_060431891.jpg","","","-999.99","5.55","-999.99","-999.99","68aaab6fe3a1c300139fcfd7"
"2025-08-24T06:04:46.922Z","45.9550145","-130.0085557","ASNAP","","admin","","","","","","","","1275.78","4262.32","2.4","-5.4","254.67","221.43","110.21","SciCam","/SciCam.20250824_060446922.jpg","PilotCam","/PilotCam.20250824_060446922.jpg","BrowCam","/BrowCam.20250824_060446922.jpg","UserSelect","/UserSelect.20250824_060446922.jpg","","","-999.99","5.64","-999.99","-999.99","68aaab7ee3a1c300139fcfdb"
"2025-08-24T06:05:01.954Z","45.9550145","-130.0085557","ASNAP","","admin","","","","","","","","1275.78","4262.32","2.4","-5.7","254.69","213.86","110.21","SciCam","/SciCam.20250824_060501954.jpg","PilotCam","/PilotCam.20250824_060501954.jpg","BrowCam","/BrowCam.20250824_060501954.jpg","UserSelect","/UserSelect.20250824_060501954.jpg","","","-999.99","5.79","-999.99","-999.99","68aaab8de3a1c300139fcfdf"
"2025-08-24T06:05:16.983Z","45.9550145","-130.0085557","ASNAP","","admin","","","","","","","","1275.78","4262.32","2.5","-5.4","254.72","206.33","110.21","SciCam","/SciCam.20250824_060516983.jpg","PilotCam","/PilotCam.20250824_060516983.jpg","BrowCam","/BrowCam.20250824_060516983.jpg","UserSelect","/UserSelect.20250824_060516983.jpg","","","-999.99","5.90","-999.99","-999.99","68aaab9ce3a1c300139fcfe3"
"2025-08-24T06:05:32.012Z","45.9550145","-130.0085557","ASNAP","","admin","","","","","","","","1275.78","4262.32","2.5","-4.9","254.76","199.06","110.21","SciCam","/SciCam.20250824_060532012.jpg","PilotCam","/PilotCam.20250824_060532012.jpg","BrowCam","/BrowCam.20250824_060532012.jpg","UserSelect","/UserSelect.20250824_060532012.jpg","","","-999.99","6.01","-999.99","-999.99","68aaabace3a1c300139fcfe7"
"2025-08-24T06:05:47.042Z","45.9550145","-130.0085557","ASNAP","","admin","","","","","","","","1275.78","4262.32","2.5","-5.2","254.80","191.74","110.21","SciCam","/SciCam.20250824_060547042.jpg","PilotCam","/PilotCam.20250824_060547042.jpg","BrowCam","/BrowCam.20250824_060547042.jpg","UserSelect","/UserSelect.20250824_060547042.jpg","","","-999.99","6.16","-999.99","-999.99","68aaabbbe3a1c300139fcfeb"
"2025-08-24T06:06:02.073Z","45.9550145","-130.0085557","ASNAP","","admin","","","","","","","","1275.78","4262.32","2.4","-5.4","254.67","184.45","110.21","SciCam","/SciCam.20250824_060602073.jpg","PilotCam","/PilotCam.20250824_060602073.jpg","BrowCam","/BrowCam.20250824_060602073.jpg","UserSelect","/UserSelect.20250824_060602073.jpg","","","-999.99","6.23","-999.99","-999.99","68aaabcae3a1c300139fcfef"
"2025-08-24T06:06:17.099Z","45.9550145","-130.0085557","ASNAP","","admin","","","","","","","","1275.78","4262.32","2.5","-6.4","254.49","177.02","110.21","SciCam","/SciCam.20250824_060617099.jpg","PilotCam","/PilotCam.20250824_060617099.jpg","BrowCam","/BrowCam.20250824_060617099.jpg","UserSelect","/UserSelect.20250824_060617099.jpg","","","-999.99","6.26","-999.99","-999.99","68aaabd9e3a1c300139fcff3"
"2025-08-24T06:06:32.130Z","45.9550145","-130.0085557","ASNAP","","admin","","","","","","","","1275.78","4262.32","2.5","-6.2","254.55","169.49","110.21","SciCam","/SciCam.20250824_060632130.jpg","PilotCam","/PilotCam.20250824_060632130.jpg","BrowCam","/BrowCam.20250824_060632130.jpg","UserSelect","/UserSelect.20250824_060632130.jpg","","","-999.99","6.36","-999.99","-999.99","68aaabe8e3a1c300139fcff7"
"2025-08-24T06:06:47.161Z","45.9550145","-130.0085557","ASNAP","","admin","","","","","","","","1275.78","4262.32","3.7","-6.4","254.51","162.58","110.21","SciCam","/SciCam.20250824_060647161.jpg","PilotCam","/PilotCam.20250824_060647161.jpg","BrowCam","/BrowCam.20250824_060647161.jpg","UserSelect","/UserSelect.20250824_060647161.jpg","","","-999.99","6.40","-999.99","-999.99","68aaabf7e3a1c300139fcffb"
"2025-08-24T06:07:02.191Z","45.9550145","-130.0085557","ASNAP","","admin","","","","","","","","1275.78","4262.32","3.0","-3.4","255.92","157.27","110.21","SciCam","/SciCam.20250824_060702191.jpg","PilotCam","/PilotCam.20250824_060702191.jpg","BrowCam","/BrowCam.20250824_060702191.jpg","UserSelect","/UserSelect.20250824_060702191.jpg","","","-999.99","6.59","-999.99","-999.99","68aaac06e3a1c300139fcfff"
"2025-08-24T06:07:17.220Z","45.9550145","-130.0085557","ASNAP","","admin","","","","","","","","1275.78","4262.32","2.9","-0.5","252.39","150.44","110.21","SciCam","/SciCam.20250824_060717220.jpg","PilotCam","/PilotCam.20250824_060717220.jpg","BrowCam","/BrowCam.20250824_060717220.jpg","UserSelect","/UserSelect.20250824_060717220.jpg","","","-999.99","6.68","-999.99","-999.99","68aaac15e3a1c300139fd003"
"2025-08-24T06:07:32.238Z","45.9550145","-130.0085557","ASNAP","","admin","","","","","","","","1275.78","4262.32","2.3","-7.0","254.03","147.86","110.21","SciCam","/SciCam.20250824_060732238.jpg","PilotCam","/PilotCam.20250824_060732238.jpg","BrowCam","/BrowCam.20250824_060732238.jpg","UserSelect","/UserSelect.20250824_060732238.jpg","","","-999.99","6.80","-999.99","-999.99","68aaac24e3a1c300139fd007"
"2025-08-24T06:07:47.270Z","45.9550145","-130.0085557","ASNAP","","admin","","","","","","","","1275.78","4262.32","1.7","-5.7","254.99","145.11","110.21","SciCam","/SciCam.20250824_060747270.jpg","PilotCam","/PilotCam.20250824_060747270.jpg","BrowCam","/BrowCam.20250824_060747270.jpg","UserSelect","/UserSelect.20250824_060747270.jpg","","","-999.99","6.91","-999.99","-999.99","68aaac33e3a1c300139fd00b"
"2025-08-24T06:08:02.301Z","45.9550145","-130.0085557","ASNAP","","admin","","","","","","","","1275.78","4262.32","2.0","-6.6","254.73","145.65","110.21","SciCam","/SciCam.20250824_060802301.jpg","PilotCam","/PilotCam.20250824_060802301.jpg","BrowCam","/BrowCam.20250824_060802301.jpg","UserSelect","/UserSelect.20250824_060802301.jpg","","","-999.99","6.93","-999.99","-999.99","68aaac42e3a1c300139fd00f"
"2025-08-24T06:08:17.332Z","45.9550145","-130.0085557","ASNAP","","admin","","","","","","","","1275.78","4262.32","2.1","-6.4","254.28","145.36","110.21","SciCam","/SciCam.20250824_060817332.jpg","PilotCam","/PilotCam.20250824_060817332.jpg","BrowCam","/BrowCam.20250824_060817332.jpg","UserSelect","/UserSelect.20250824_060817332.jpg","","","-999.99","6.96","-999.99","-999.99","68aaac51e3a1c300139fd013"
"2025-08-24T06:08:32.362Z","45.9550145","-130.0085557","ASNAP","","admin","","","","","","","","1275.78","4262.32","2.1","-6.6","254.06","145.48","110.21","SciCam","/SciCam.20250824_060832362.jpg","PilotCam","/PilotCam.20250824_060832362.jpg","BrowCam","/BrowCam.20250824_060832362.jpg","UserSelect","/UserSelect.20250824_060832362.jpg","","","-999.99","6.96","-999.99","-999.99","68aaac60e3a1c300139fd017"
"2025-08-24T06:08:47.393Z","45.9550145","-130.0085557","ASNAP","","admin","","","","","","","","1275.78","4262.32","2.1","-6.5","254.07","145.48","110.21","SciCam","/SciCam.20250824_060847393.jpg","PilotCam","/PilotCam.20250824_060847393.jpg","BrowCam","/BrowCam.20250824_060847393.jpg","UserSelect","/UserSelect.20250824_060847393.jpg","","","-999.99","6.97","-999.99","-999.99","68aaac6fe3a1c300139fd01b"
"2025-08-24T06:09:02.425Z","45.9550145","-130.0085557","ASNAP","","admin","","","","","","","","1275.78","4262.32","2.1","-6.7","254.09","145.47","110.21","SciCam","/SciCam.20250824_060902425.jpg","PilotCam","/PilotCam.20250824_060902425.jpg","BrowCam","/BrowCam.20250824_060902425.jpg","UserSelect","/UserSelect.20250824_060902425.jpg","","","-999.99","7.00","-999.99","-999.99","68aaac7ee3a1c300139fd01f"
"2025-08-24T06:09:17.456Z","45.9550145","-130.0085557","ASNAP","","admin","","","","","","","","1275.78","4262.32","2.1","-6.6","254.05","145.50","110.21","SciCam","/SciCam.20250824_060917456.jpg","PilotCam","/PilotCam.20250824_060917456.jpg","BrowCam","/BrowCam.20250824_060917456.jpg","UserSelect","/UserSelect.20250824_060917456.jpg","","","-999.99","6.97","-999.99","-999.99","68aaac8de3a1c300139fd023"
"2025-08-24T06:09:32.484Z","45.9550145","-130.0085557","ASNAP","","admin","","","","","","","","1275.78","4262.32","2.2","-7.3","254.36","144.87","110.21","SciCam","/SciCam.20250824_060932484.jpg","PilotCam","/PilotCam.20250824_060932484.jpg","BrowCam","/BrowCam.20250824_060932484.jpg","UserSelect","/UserSelect.20250824_060932484.jpg","","","-999.99","6.94","-999.99","-999.99","68aaac9ce3a1c300139fd027"
"2025-08-24T06:09:47.516Z","45.9550145","-130.0085557","ASNAP","","admin","","","","","","","","1275.78","4262.32","2.5","-7.1","254.34","139.86","110.21","SciCam","/SciCam.20250824_060947516.jpg","PilotCam","/PilotCam.20250824_060947516.jpg","BrowCam","/BrowCam.20250824_060947516.jpg","UserSelect","/UserSelect.20250824_060947516.jpg","","","-999.99","6.98","-999.99","-999.99","68aaacabe3a1c300139fd02b"
"2025-08-24T06:10:02.550Z","45.9550145","-130.0085557","ASNAP","","admin","","","","","","","","1275.78","4262.32","2.4","-7.0","254.65","133.35","110.21","SciCam","/SciCam.20250824_061002550.jpg","PilotCam","/PilotCam.20250824_061002550.jpg","BrowCam","/BrowCam.20250824_061002550.jpg","UserSelect","/UserSelect.20250824_061002550.jpg","","","-999.99","7.04","-999.99","-999.99","68aaacbae3a1c300139fd02f"
"2025-08-24T06:10:17.579Z","45.9550145","-130.0085557","ASNAP","","admin","","","","","","","","1275.78","4262.32","2.6","-6.4","254.64","126.54","110.21","SciCam","/SciCam.20250824_061017579.jpg","PilotCam","/PilotCam.20250824_061017579.jpg","BrowCam","/BrowCam.20250824_061017579.jpg","UserSelect","/UserSelect.20250824_061017579.jpg","","","-999.99","7.20","-999.99","-999.99","68aaacc9e3a1c300139fd033"
"2025-08-24T06:10:32.611Z","45.9550145","-130.0085557","ASNAP","","admin","","","","","","","","1275.78","4262.32","2.1","-4.6","253.98","123.79","110.21","SciCam","/SciCam.20250824_061032611.jpg","PilotCam","/PilotCam.20250824_061032611.jpg","BrowCam","/BrowCam.20250824_061032611.jpg","UserSelect","/UserSelect.20250824_061032611.jpg","","","-999.99","7.21","-999.99","-999.99","68aaacd8e3a1c300139fd037"
"2025-08-24T06:10:47.627Z","45.9550145","-130.0085557","ASNAP","","admin","","","","","","","","1275.78","4262.32","2.1","-6.4","253.81","124.67","110.21","SciCam","/SciCam.20250824_061047627.jpg","PilotCam","/PilotCam.20250824_061047627.jpg","BrowCam","/BrowCam.20250824_061047627.jpg","UserSelect","/UserSelect.20250824_061047627.jpg","","","-999.99","7.26","-999.99","-999.99","68aaace7e3a1c300139fd03b"
"2025-08-24T06:11:02.658Z","45.9550145","-130.0085557","ASNAP","","admin","","","","","","","","1275.78","4262.32","1.9","-5.7","253.96","124.53","110.21","SciCam","/SciCam.20250824_061102658.jpg","PilotCam","/PilotCam.20250824_061102658.jpg","BrowCam","/BrowCam.20250824_061102658.jpg","UserSelect","/UserSelect.20250824_061102658.jpg","","","-999.99","7.28","-999.99","-999.99","68aaacf6e3a1c300139fd03f"
"2025-08-24T06:11:04.073Z","45.9550145","-130.0085557","Biology Type","","guest","","","Squid","","","","","1275.78","4262.32","2.0","-6.3","253.92","124.52","110.21","SciCam","/SciCam.20250824_061104073.jpg","PilotCam","/PilotCam.20250824_061104073.jpg","BrowCam","/BrowCam.20250824_061104073.jpg","UserSelect","/UserSelect.20250824_061104073.jpg","","","-999.99","7.35","-999.99","-999.99","68aaacf8e3a1c300139fd043"
"2025-08-24T06:11:17.689Z","45.9550145","-130.0085557","ASNAP","","admin","","","","","","","","1275.78","4262.32","2.0","-6.7","254.00","124.48","110.21","SciCam","/SciCam.20250824_061117689.jpg","PilotCam","/PilotCam.20250824_061117689.jpg","BrowCam","/BrowCam.20250824_061117689.jpg","UserSelect","/UserSelect.20250824_061117689.jpg","","","-999.99","7.41","-999.99","-999.99","68aaad05e3a1c300139fd047"
"2025-08-24T06:11:32.718Z","45.9550145","-130.0085557","ASNAP","","admin","","","","","","","","1275.78","4262.32","1.9","-7.3","256.91","122.55","110.21","SciCam","/SciCam.20250824_061132718.jpg","PilotCam","/PilotCam.20250824_061132718.jpg","BrowCam","/BrowCam.20250824_061132718.jpg","UserSelect","/UserSelect.20250824_061132718.jpg","","","-999.99","7.45","-999.99","-999.99","68aaad14e3a1c300139fd04b"
"2025-08-24T06:11:47.749Z","45.9550145","-130.0085557","ASNAP","","admin","","","","","","","","1275.78","4262.32","2.3","-7.0","254.61","117.38","110.21","SciCam","/SciCam.20250824_061147749.jpg","PilotCam","/PilotCam.20250824_061147749.jpg","BrowCam","/BrowCam.20250824_061147749.jpg","UserSelect","/UserSelect.20250824_061147749.jpg","","","-999.99","7.51","-999.99","-999.99","68aaad23e3a1c300139fd04f"
"2025-08-24T06:12:02.780Z","45.9550145","-130.0085557","ASNAP","","admin","","","","","","","","1275.78","4262.32","2.0","-6.0","254.73","111.23","110.21","SciCam","/SciCam.20250824_061202780.jpg","PilotCam","/PilotCam.20250824_061202780.jpg","BrowCam","/BrowCam.20250824_061202780.jpg","UserSelect","/UserSelect.20250824_061202780.jpg","","","-999.99","7.56","-999.99","-999.99","68aaad32e3a1c300139fd053"
"2025-08-24T06:12:17.809Z","45.9550145","-130.0085557","ASNAP","","admin","","","","","","","","1275.78","4262.32","1.1","-5.7","256.52","105.86","110.21","SciCam","/SciCam.20250824_061217809.jpg","PilotCam","/PilotCam.20250824_061217809.jpg","BrowCam","/BrowCam.20250824_061217809.jpg","UserSelect","/UserSelect.20250824_061217809.jpg","","","-999.99","7.73","-999.99","-999.99","68aaad41e3a1c300139fd057"
"2025-08-24T06:12:32.839Z","45.9550145","-130.0085557","ASNAP","","admin","","","","","","","","1275.78","4262.32","1.7","-5.8","256.41","102.41","110.21","SciCam","/SciCam.20250824_061232839.jpg","PilotCam","/PilotCam.20250824_061232839.jpg","BrowCam","/BrowCam.20250824_061232839.jpg","UserSelect","/UserSelect.20250824_061232839.jpg","","","-999.99","7.88","-999.99","-999.99","68aaad50e3a1c300139fd05b"
"2025-08-24T06:12:47.871Z","45.9550145","-130.0085557","ASNAP","","admin","","","","","","","","1275.78","4262.32","2.2","-6.1","256.85","98.35","110.21","SciCam","/SciCam.20250824_061247871.jpg","PilotCam","/PilotCam.20250824_061247871.jpg","BrowCam","/BrowCam.20250824_061247871.jpg","UserSelect","/UserSelect.20250824_061247871.jpg","","","-999.99","8.08","-999.99","-999.99","68aaad5fe3a1c300139fd05f"
"2025-08-24T06:13:02.902Z","45.9550145","-130.0085557","ASNAP","","admin","","","","","","","","1275.78","4262.32","1.2","-6.1","256.95","92.47","110.21","SciCam","/SciCam.20250824_061302902.jpg","PilotCam","/PilotCam.20250824_061302902.jpg","BrowCam","/BrowCam.20250824_061302902.jpg","UserSelect","/UserSelect.20250824_061302902.jpg","","","-999.99","8.14","-999.99","-999.99","68aaad6ee3a1c300139fd063"
"2025-08-24T06:13:17.933Z","45.9550145","-130.0085557","ASNAP","","admin","","","","","","","","1275.78","4262.32","2.3","-6.0","258.35","86.99","110.21","SciCam","/SciCam.20250824_061317933.jpg","PilotCam","/PilotCam.20250824_061317933.jpg","BrowCam","/BrowCam.20250824_061317933.jpg","UserSelect","/UserSelect.20250824_061317933.jpg","","","-999.99","8.22","-999.99","-999.99","68aaad7de3a1c300139fd067"
"2025-08-24T06:13:32.966Z","45.9550145","-130.0085557","ASNAP","","admin","","","","","","","","1275.78","4262.32","1.4","-3.6","255.86","83.03","110.21","SciCam","/SciCam.20250824_061332966.jpg","PilotCam","/PilotCam.20250824_061332966.jpg","BrowCam","/BrowCam.20250824_061332966.jpg","UserSelect","/UserSelect.20250824_061332966.jpg","","","-999.99","8.33","-999.99","-999.99","68aaad8ce3a1c300139fd06b"
"2025-08-24T06:13:47.995Z","45.9550145","-130.0085557","ASNAP","","admin","","","","","","","","1275.78","4262.32","2.6","-5.1","257.46","78.09","110.21","SciCam","/SciCam.20250824_061347995.jpg","PilotCam","/PilotCam.20250824_061347995.jpg","BrowCam","/BrowCam.20250824_061347995.jpg","UserSelect","/UserSelect.20250824_061347995.jpg","","","-999.99","8.42","-999.99","-999.99","68aaad9be3a1c300139fd06f"
"2025-08-24T06:14:03.021Z","45.9550145","-130.0085557","ASNAP","","admin","","","","","","","","1275.78","4262.32","2.8","-6.4","258.08","72.92","110.21","SciCam","/SciCam.20250824_061403021.jpg","PilotCam","/PilotCam.20250824_061403021.jpg","BrowCam","/BrowCam.20250824_061403021.jpg","UserSelect","/UserSelect.20250824_061403021.jpg","","","-999.99","8.56","-999.99","-999.99","68aaadabe3a1c300139fd073"
"2025-08-24T06:14:18.052Z","45.9550145","-130.0085557","ASNAP","","admin","","","","","","","","1275.78","4262.32","2.4","-6.4","258.12","67.51","110.21","SciCam","/SciCam.20250824_061418052.jpg","PilotCam","/PilotCam.20250824_061418052.jpg","BrowCam","/BrowCam.20250824_061418052.jpg","UserSelect","/UserSelect.20250824_061418052.jpg","","","-999.99","8.71","-999.99","-999.99","68aaadbae3a1c300139fd077"
"2025-08-24T06:14:33.083Z","45.9550145","-130.0085557","ASNAP","","admin","","","","","","","","1275.78","4262.32","2.3","-5.9","257.53","61.97","110.21","SciCam","/SciCam.20250824_061433083.jpg","PilotCam","/PilotCam.20250824_061433083.jpg","BrowCam","/BrowCam.20250824_061433083.jpg","UserSelect","/UserSelect.20250824_061433083.jpg","","","-999.99","8.85","-999.99","-999.99","68aaadc9e3a1c300139fd07b"
"2025-08-24T06:14:48.114Z","45.9550145","-130.0085557","ASNAP","","admin","","","","","","","","1275.78","4262.32","1.4","-3.5","259.30","56.53","110.21","SciCam","/SciCam.20250824_061448114.jpg","PilotCam","/PilotCam.20250824_061448114.jpg","BrowCam","/BrowCam.20250824_061448114.jpg","UserSelect","/UserSelect.20250824_061448114.jpg","","","-999.99","9.11","-999.99","-999.99","68aaadd8e3a1c300139fd07f"
"2025-08-24T06:15:03.146Z","45.9550145","-130.0085557","ASNAP","","admin","","","","","","","","1275.78","4262.32","2.0","-4.9","257.34","51.73","110.21","SciCam","/SciCam.20250824_061503146.jpg","PilotCam","/PilotCam.20250824_061503146.jpg","BrowCam","/BrowCam.20250824_061503146.jpg","UserSelect","/UserSelect.20250824_061503146.jpg","","","-999.99","9.46","-999.99","-999.99","68aaade7e3a1c300139fd083"
"2025-08-24T06:15:18.180Z","45.9550145","-130.0085557","ASNAP","","admin","","","","","","","","1275.78","4262.32","1.9","-5.7","253.59","49.03","110.21","SciCam","/SciCam.20250824_061518180.jpg","PilotCam","/PilotCam.20250824_061518180.jpg","BrowCam","/BrowCam.20250824_061518180.jpg","UserSelect","/UserSelect.20250824_061518180.jpg","","","-999.99","10.10","-999.99","-999.99","68aaadf6e3a1c300139fd087"
"2025-08-24T06:15:33.211Z","45.9550145","-130.0085557","ASNAP","","admin","","","","","","","","1275.78","4262.32","1.5","-5.4","256.09","46.28","110.21","SciCam","/SciCam.20250824_061533211.jpg","PilotCam","/PilotCam.20250824_061533211.jpg","BrowCam","/BrowCam.20250824_061533211.jpg","UserSelect","/UserSelect.20250824_061533211.jpg","","","-999.99","10.28","-999.99","-999.99","68aaae05e3a1c300139fd08b"
"2025-08-24T06:15:48.243Z","45.9550145","-130.0085557","ASNAP","","admin","","","","","","","","1275.78","4262.32","2.4","-5.7","257.35","43.82","110.21","SciCam","/SciCam.20250824_061548243.jpg","PilotCam","/PilotCam.20250824_061548243.jpg","BrowCam","/BrowCam.20250824_061548243.jpg","UserSelect","/UserSelect.20250824_061548243.jpg","","","-999.99","10.51","-999.99","-999.99","68aaae14e3a1c300139fd08f"
"2025-08-24T06:16:03.274Z","45.9550145","-130.0085557","ASNAP","","admin","","","","","","","","1275.78","4262.32","3.3","-6.4","258.54","41.40","110.21","SciCam","/SciCam.20250824_061603274.jpg","PilotCam","/PilotCam.20250824_061603274.jpg","BrowCam","/BrowCam.20250824_061603274.jpg","UserSelect","/UserSelect.20250824_061603274.jpg","","","-999.99","11.34","-999.99","-999.99","68aaae23e3a1c300139fd093"
"2025-08-24T06:16:18.305Z","45.9550145","-130.0085557","ASNAP","","admin","","","","","","","","1275.78","4262.32","2.7","-5.1","259.22","37.22","110.21","SciCam","/SciCam.20250824_061618305.jpg","PilotCam","/PilotCam.20250824_061618305.jpg","BrowCam","/BrowCam.20250824_061618305.jpg","UserSelect","/UserSelect.20250824_061618305.jpg","","","-999.99","11.73","-999.99","-999.99","68aaae32e3a1c300139fd097"
"2025-08-24T06:16:33.336Z","45.9550145","-130.0085557","ASNAP","","admin","","","","","","","","1275.78","4262.32","2.2","-5.7","257.54","33.42","110.21","SciCam","/SciCam.20250824_061633336.jpg","PilotCam","/PilotCam.20250824_061633336.jpg","BrowCam","/BrowCam.20250824_061633336.jpg","UserSelect","/UserSelect.20250824_061633336.jpg","","","-999.99","12.12","-999.99","-999.99","68aaae41e3a1c300139fd09b"
"2025-08-24T06:16:48.355Z","45.9550145","-130.0085557","ASNAP","","admin","","","","","","","","1275.78","4262.32","2.9","-5.5","259.78","29.96","110.21","SciCam","/SciCam.20250824_061648355.jpg","PilotCam","/PilotCam.20250824_061648355.jpg","BrowCam","/BrowCam.20250824_061648355.jpg","UserSelect","/UserSelect.20250824_061648355.jpg","","","-999.99","12.78","-999.99","-999.99","68aaae50e3a1c300139fd09f"
"2025-08-24T06:17:03.386Z","45.9550145","-130.0085557","ASNAP","","admin","","","","","","","","1275.78","4262.32","3.0","-2.8","257.69","26.70","110.21","SciCam","/SciCam.20250824_061703386.jpg","PilotCam","/PilotCam.20250824_061703386.jpg","BrowCam","/BrowCam.20250824_061703386.jpg","UserSelect","/UserSelect.20250824_061703386.jpg","","","-999.99","14.39","-999.99","-999.99","68aaae5fe3a1c300139fd0a3"
"2025-08-24T06:17:18.417Z","45.9550145","-130.0085557","ASNAP","","admin","","","","","","","","1275.78","4262.32","2.9","-4.6","258.11","22.92","110.21","SciCam","/SciCam.20250824_061718417.jpg","PilotCam","/PilotCam.20250824_061718417.jpg","BrowCam","/BrowCam.20250824_061718417.jpg","UserSelect","/UserSelect.20250824_061718417.jpg","","","-999.99","15.80","-999.99","-999.99","68aaae6ee3a1c300139fd0a7"
"2025-08-24T06:17:33.449Z","45.9550145","-130.0085557","ASNAP","","admin","","","","","","","","1275.78","4262.32","2.1","-7.1","253.97","17.07","110.21","SciCam","/SciCam.20250824_061733449.jpg","PilotCam","/PilotCam.20250824_061733449.jpg","BrowCam","/BrowCam.20250824_061733449.jpg","UserSelect","/UserSelect.20250824_061733449.jpg","","","-999.99","16.57","-999.99","-999.99","68aaae7de3a1c300139fd0ab"
"2025-08-24T06:17:48.480Z","45.9550145","-130.0085557","ASNAP","","admin","","","","","","","","1275.78","4262.32","2.4","-4.4","254.11","11.32","110.21","SciCam","/SciCam.20250824_061748480.jpg","PilotCam","/PilotCam.20250824_061748480.jpg","BrowCam","/BrowCam.20250824_061748480.jpg","UserSelect","/UserSelect.20250824_061748480.jpg","","","-999.99","17.07","-999.99","-999.99","68aaae8ce3a1c300139fd0af"
"2025-08-24T06:18:03.511Z","45.9550145","-130.0085557","ASNAP","","admin","","","","","","","","1275.78","4262.32","1.5","-7.1","256.33","11.26","110.21","SciCam","/SciCam.20250824_061803511.jpg","PilotCam","/PilotCam.20250824_061803511.jpg","BrowCam","/BrowCam.20250824_061803511.jpg","UserSelect","/UserSelect.20250824_061803511.jpg","","","-999.99","17.33","-999.99","-999.99","68aaae9be3a1c300139fd0b3"
"2025-08-24T06:18:18.542Z","45.9550145","-130.0085557","ASNAP","","admin","","","","","","","","1275.78","4262.32","1.4","-5.4","256.35","11.82","110.21","SciCam","/SciCam.20250824_061818542.jpg","PilotCam","/PilotCam.20250824_061818542.jpg","BrowCam","/BrowCam.20250824_061818542.jpg","UserSelect","/UserSelect.20250824_061818542.jpg","","","-999.99","17.50","-999.99","-999.99","68aaaeaae3a1c300139fd0b7"
"2025-08-24T06:18:33.559Z","45.9550145","-130.0085557","ASNAP","","admin","","","","","","","","1275.78","4262.32","2.2","-5.3","253.79","11.37","110.21","SciCam","/SciCam.20250824_061833559.jpg","PilotCam","/PilotCam.20250824_061833559.jpg","BrowCam","/BrowCam.20250824_061833559.jpg","UserSelect","/UserSelect.20250824_061833559.jpg","","","-999.99","17.63","-999.99","-999.99","68aaaeb9e3a1c300139fd0bb"
"2025-08-24T06:18:48.587Z","45.9550145","-130.0085557","ASNAP","","admin","","","","","","","","1275.78","4262.32","1.7","-5.4","254.69","11.78","110.21","SciCam","/SciCam.20250824_061848587.jpg","PilotCam","/PilotCam.20250824_061848587.jpg","BrowCam","/BrowCam.20250824_061848587.jpg","UserSelect","/UserSelect.20250824_061848587.jpg","","","-999.99","17.66","-999.99","-999.99","68aaaec8e3a1c300139fd0bf"
"2025-08-24T06:19:03.618Z","45.9550145","-130.0085557","ASNAP","","admin","","","","","","","","1275.78","4262.32","1.1","-4.6","256.20","11.75","110.21","SciCam","/SciCam.20250824_061903618.jpg","PilotCam","/PilotCam.20250824_061903618.jpg","BrowCam","/BrowCam.20250824_061903618.jpg","UserSelect","/UserSelect.20250824_061903618.jpg","","","-999.99","17.67","-999.99","-999.99","68aaaed7e3a1c300139fd0c3"
"2025-08-24T06:19:18.636Z","45.9550145","-130.0085557","ASNAP","","admin","","","","","","","","1275.78","4262.32","2.0","-5.3","252.03","8.90","110.21","SciCam","/SciCam.20250824_061918636.jpg","PilotCam","/PilotCam.20250824_061918636.jpg","BrowCam","/BrowCam.20250824_061918636.jpg","UserSelect","/UserSelect.20250824_061918636.jpg","","","-999.99","17.72","-999.99","-999.99","68aaaee6e3a1c300139fd0c7"
"2025-08-24T06:19:33.664Z","45.9550145","-130.0085557","ASNAP","","admin","","","","","","","","1275.78","4262.32","3.4","-6.5","254.95","7.99","110.21","SciCam","/SciCam.20250824_061933664.jpg","PilotCam","/PilotCam.20250824_061933664.jpg","BrowCam","/BrowCam.20250824_061933664.jpg","UserSelect","/UserSelect.20250824_061933664.jpg","","","-999.99","17.73","-999.99","-999.99","68aaaef5e3a1c300139fd0cb"
"2025-08-24T06:19:48.694Z","45.9550145","-130.0085557","ASNAP","","admin","","","","","","","","1275.78","4262.32","1.0","-5.8","255.61","6.65","110.21","SciCam","/SciCam.20250824_061948694.jpg","PilotCam","/PilotCam.20250824_061948694.jpg","BrowCam","/BrowCam.20250824_061948694.jpg","UserSelect","/UserSelect.20250824_061948694.jpg","","","-999.99","17.70","-999.99","-999.99","68aaaf04e3a1c300139fd0cf"
"2025-08-24T06:20:03.724Z","45.9550145","-130.0085557","ASNAP","","admin","","","","","","","","1275.78","4262.32","1.8","-6.0","255.00","4.39","110.21","SciCam","/SciCam.20250824_062003724.jpg","PilotCam","/PilotCam.20250824_062003724.jpg","BrowCam","/BrowCam.20250824_062003724.jpg","UserSelect","/UserSelect.20250824_062003724.jpg","","","-999.99","17.68","-999.99","-999.99","68aaaf13e3a1c300139fd0d3"
"2025-08-24T06:20:18.756Z","45.9550145","-130.0085557","ASNAP","","admin","","","","","","","","1275.78","4262.32","0.8","-7.3","258.12","2.19","110.21","SciCam","/SciCam.20250824_062018756.jpg","PilotCam","/PilotCam.20250824_062018756.jpg","BrowCam","/BrowCam.20250824_062018756.jpg","UserSelect","/UserSelect.20250824_062018756.jpg","","","-999.99","17.72","-999.99","-999.99","68aaaf22e3a1c300139fd0d7"
"2025-08-24T06:20:21.688Z","45.9550145","-130.0085557","VEHICLE","","guest","Jason out of water","","","","","","","1275.78","4262.32","2.8","-8.1","260.57","2.17","110.21","SciCam","/SciCam.20250824_062021688.jpg","PilotCam","/PilotCam.20250824_062021688.jpg","BrowCam","/BrowCam.20250824_062021688.jpg","UserSelect","/UserSelect.20250824_062021688.jpg","","","-999.99","17.89","-999.99","-999.99","68aaaf25e3a1c300139fd0db"
"2025-08-24T06:20:33.786Z","45.9550145","-130.0085557","ASNAP","","admin","","","","","","","","1275.78","4262.32","2.8","-7.5","262.87","2.23","110.21","SciCam","/SciCam.20250824_062033786.jpg","PilotCam","/PilotCam.20250824_062033786.jpg","BrowCam","/BrowCam.20250824_062033786.jpg","UserSelect","/UserSelect.20250824_062033786.jpg","","","-999.99","17.80","-999.99","-999.99","68aaaf31e3a1c300139fd0df"
"2025-08-24T06:20:48.817Z","45.9550145","-130.0085557","ASNAP","","admin","","","","","","","","1275.78","4262.32","-6.9","-3.1","261.55","1.10","110.21","SciCam","/SciCam.20250824_062048817.jpg","PilotCam","/PilotCam.20250824_062048817.jpg","BrowCam","/BrowCam.20250824_062048817.jpg","UserSelect","/UserSelect.20250824_062048817.jpg","","","-999.99","17.80","-999.99","-999.99","68aaaf40e3a1c300139fd0e3"
"2025-08-24T06:21:03.848Z","45.9550145","-130.0085557","ASNAP","","admin","","","","","","","","1275.78","4262.32","-5.9","-7.3","216.39","0.76","110.21","SciCam","/SciCam.20250824_062103848.jpg","PilotCam","/PilotCam.20250824_062103848.jpg","BrowCam","/BrowCam.20250824_062103848.jpg","UserSelect","/UserSelect.20250824_062103848.jpg","","","-999.99","17.83","-999.99","-999.99","68aaaf4fe3a1c300139fd0e7"
"2025-08-24T06:21:18.879Z","45.9550145","-130.0085557","ASNAP","","admin","","","","","","","","1275.78","4262.32","0.6","-3.1","210.82","0.86","110.21","SciCam","/SciCam.20250824_062118879.jpg","PilotCam","/PilotCam.20250824_062118879.jpg","BrowCam","/BrowCam.20250824_062118879.jpg","UserSelect","/UserSelect.20250824_062118879.jpg","","","-999.99","17.70","-999.99","-999.99","68aaaf5ee3a1c300139fd0eb"
"2025-08-24T06:21:33.910Z","45.9550145","-130.0085557","ASNAP","","admin","","","","","","","","1275.78","4262.32","1.1","-3.5","210.03","0.92","110.21","SciCam","/SciCam.20250824_062133910.jpg","PilotCam","/PilotCam.20250824_062133910.jpg","BrowCam","/BrowCam.20250824_062133910.jpg","UserSelect","/UserSelect.20250824_062133910.jpg","","","-999.99","17.62","-999.99","-999.99","68aaaf6de3a1c300139fd0ef"
"2025-08-24T06:21:48.941Z","45.9550145","-130.0085557","ASNAP","","admin","","","","","","","","1275.78","4262.32","0.9","-2.3","209.79","0.97","110.21","SciCam","/SciCam.20250824_062148941.jpg","PilotCam","/PilotCam.20250824_062148941.jpg","BrowCam","/BrowCam.20250824_062148941.jpg","UserSelect","/UserSelect.20250824_062148941.jpg","","","-999.99","17.56","-999.99","-999.99","68aaaf7ce3a1c300139fd0f3"
"2025-08-24T06:22:03.972Z","45.9550145","-130.0085557","ASNAP","","admin","","","","","","","","1275.78","4262.32","1.3","-1.2","183.38","1.00","110.21","SciCam","/SciCam.20250824_062203972.jpg","PilotCam","/PilotCam.20250824_062203972.jpg","BrowCam","/BrowCam.20250824_062203972.jpg","UserSelect","/UserSelect.20250824_062203972.jpg","","","-999.99","17.52","-999.99","-999.99","68aaaf8be3a1c300139fd0f7"
"2025-08-24T06:22:18.997Z","45.9550145","-130.0085557","ASNAP","","admin","","","","","","","","1275.78","4262.32","0.3","-2.3","153.14","1.05","110.21","SciCam","/SciCam.20250824_062218997.jpg","PilotCam","/PilotCam.20250824_062218997.jpg","BrowCam","/BrowCam.20250824_062218997.jpg","UserSelect","/UserSelect.20250824_062218997.jpg","","","-999.99","17.43","-999.99","-999.99","68aaaf9ae3a1c300139fd0fb"
"2025-08-24T06:22:34.028Z","45.9550145","-130.0085557","ASNAP","","admin","","","","","","","","1275.78","4262.32","1.2","-2.5","127.13","1.12","110.21","SciCam","/SciCam.20250824_062234028.jpg","PilotCam","/PilotCam.20250824_062234028.jpg","BrowCam","/BrowCam.20250824_062234028.jpg","UserSelect","/UserSelect.20250824_062234028.jpg","","","-999.99","17.39","-999.99","-999.99","68aaafaae3a1c300139fd0ff"
"2025-08-24T06:22:49.059Z","45.9550145","-130.0085557","ASNAP","","admin","","","","","","","","1275.78","4262.32","0.4","-1.8","114.66","1.16","110.21","SciCam","/SciCam.20250824_062249059.jpg","PilotCam","/PilotCam.20250824_062249059.jpg","BrowCam","/BrowCam.20250824_062249059.jpg","UserSelect","/UserSelect.20250824_062249059.jpg","","","-999.99","17.35","-999.99","-999.99","68aaafb9e3a1c300139fd103"
"2025-08-24T06:23:04.090Z","45.9550145","-130.0085557","ASNAP","","admin","","","","","","","","1275.78","4262.32","0.4","-2.0","115.20","1.18","110.21","SciCam","/SciCam.20250824_062304090.jpg","PilotCam","/PilotCam.20250824_062304090.jpg","BrowCam","/BrowCam.20250824_062304090.jpg","UserSelect","/UserSelect.20250824_062304090.jpg","","","-999.99","17.38","-999.99","-999.99","68aaafc8e3a1c300139fd107"
"2025-08-24T06:23:19.121Z","45.9550145","-130.0085557","ASNAP","","admin","","","","","","","","1275.78","4262.32","-0.6","-0.3","112.92","1.21","110.21","SciCam","/SciCam.20250824_062319121.jpg","PilotCam","/PilotCam.20250824_062319121.jpg","BrowCam","/BrowCam.20250824_062319121.jpg","UserSelect","/UserSelect.20250824_062319121.jpg","","","-999.99","17.35","-999.99","-999.99","68aaafd7e3a1c300139fd10b"
"2025-08-24T06:23:34.153Z","45.9550145","-130.0085557","ASNAP","","admin","","","","","","","","1275.78","4262.32","-1.2","-0.3","155.86","1.25","110.21","SciCam","/SciCam.20250824_062334153.jpg","PilotCam","/PilotCam.20250824_062334153.jpg","BrowCam","/BrowCam.20250824_062334153.jpg","UserSelect","/UserSelect.20250824_062334153.jpg","","","-999.99","17.35","-999.99","-999.99","68aaafe6e3a1c300139fd10f"
"2025-08-24T06:23:49.184Z","45.9550145","-130.0085557","ASNAP","","admin","","","","","","","","1275.78","4262.32","-1.1","-1.0","164.52","1.25","110.21","SciCam","/SciCam.20250824_062349184.jpg","PilotCam","/PilotCam.20250824_062349184.jpg","BrowCam","/BrowCam.20250824_062349184.jpg","UserSelect","/UserSelect.20250824_062349184.jpg","","","-999.99","17.35","-999.99","-999.99","68aaaff5e3a1c300139fd113"
"2025-08-24T06:23:53.712Z","45.9550145","-130.0085557","HIGHLIGHTS","4k recorded in error","guest","","","","","","","","1275.78","4262.32","-1.5","0.0","164.09","1.27","110.21","SciCam","/SciCam.20250824_062353712.jpg","PilotCam","/PilotCam.20250824_062353712.jpg","BrowCam","/BrowCam.20250824_062353712.jpg","UserSelect","/UserSelect.20250824_062353712.jpg","","","-999.99","17.32","-999.99","-999.99","68aaaff9e3a1c300139fd117"
"2025-08-24T06:24:04.215Z","45.9550145","-130.0085557","ASNAP","","admin","","","","","","","","1275.78","4262.32","-0.8","-1.5","163.77","1.29","110.21","SciCam","/SciCam.20250824_062404215.jpg","PilotCam","/PilotCam.20250824_062404215.jpg","BrowCam","/BrowCam.20250824_062404215.jpg","UserSelect","/UserSelect.20250824_062404215.jpg","","","-999.99","17.32","-999.99","-999.99","68aab004e3a1c300139fd11b"
"2025-08-24T06:24:04.282Z","45.9550145","-130.0085557","VEHICLE","","guest","Jason on deck","","","","","","","1275.78","4262.32","-0.8","-1.5","163.77","1.29","110.21","SciCam","/SciCam.20250824_062404282.jpg","PilotCam","/PilotCam.20250824_062404282.jpg","BrowCam","/BrowCam.20250824_062404282.jpg","UserSelect","/UserSelect.20250824_062404282.jpg","","","-999.99","17.32","-999.99","-999.99","68aab004e3a1c300139fd11e"
"2025-08-24T06:24:19.246Z","45.9550145","-130.0085557","ASNAP","","admin","","","","","","","","1275.78","4262.32","-1.8","0.3","163.90","1.29","110.21","SciCam","/SciCam.20250824_062419246.jpg","PilotCam","/PilotCam.20250824_062419246.jpg","BrowCam","/BrowCam.20250824_062419246.jpg","UserSelect","/UserSelect.20250824_062419246.jpg","","","-999.99","17.31","-999.99","-999.99","68aab013e3a1c300139fd123"
"2025-08-24T06:24:34.277Z","45.9550145","-130.0085557","ASNAP","","admin","","","","","","","","1275.78","4262.32","-1.9","0.2","161.92","1.31","110.21","SciCam","/SciCam.20250824_062434277.jpg","PilotCam","/PilotCam.20250824_062434277.jpg","BrowCam","/BrowCam.20250824_062434277.jpg","UserSelect","/UserSelect.20250824_062434277.jpg","","","-999.99","17.29","-999.99","-999.99","68aab022e3a1c300139fd127"
"2025-08-24T06:24:49.309Z","45.9550145","-130.0085557","ASNAP","","admin","","","","","","","","1275.78","4262.32","-1.6","-1.1","162.88","1.33","110.21","SciCam","/SciCam.20250824_062449309.jpg","PilotCam","/PilotCam.20250824_062449309.jpg","BrowCam","/BrowCam.20250824_062449309.jpg","UserSelect","/UserSelect.20250824_062449309.jpg","","","-999.99","17.28","-999.99","-999.99","68aab031e3a1c300139fd12b"
"2025-08-24T06:25:04.329Z","45.9550145","-130.0085557","ASNAP","","admin","","","","","","","","1275.78","4262.32","-0.7","-0.0","164.14","1.28","110.21","SciCam","/SciCam.20250824_062504329.jpg","PilotCam","/PilotCam.20250824_062504329.jpg","BrowCam","/BrowCam.20250824_062504329.jpg","UserSelect","/UserSelect.20250824_062504329.jpg","","","-999.99","17.27","-999.99","-999.99","68aab040e3a1c300139fd12f"
"2025-08-24T06:25:19.362Z","45.9550145","-130.0085557","ASNAP","","admin","","","","","","","","1275.78","4262.32","-1.1","-0.6","162.91","1.30","110.21","SciCam","/SciCam.20250824_062519362.jpg","PilotCam","/PilotCam.20250824_062519362.jpg","BrowCam","/BrowCam.20250824_062519362.jpg","UserSelect","/UserSelect.20250824_062519362.jpg","","","-999.99","17.27","-999.99","-999.99","68aab04fe3a1c300139fd133"
"2025-08-24T06:25:34.392Z","45.9550145","-130.0085557","ASNAP","","admin","","","","","","","","1275.78","4262.32","-1.2","-0.9","163.77","1.30","110.21","SciCam","/SciCam.20250824_062534392.jpg","PilotCam","/PilotCam.20250824_062534392.jpg","BrowCam","/BrowCam.20250824_062534392.jpg","UserSelect","/UserSelect.20250824_062534392.jpg","","","-999.99","17.25","-999.99","-999.99","68aab05ee3a1c300139fd137"
"2025-08-24T06:25:49.419Z","45.9550145","-130.0085557","ASNAP","","admin","","","","","","","","1275.78","4262.32","-1.1","-0.7","164.31","1.29","110.21","SciCam","/SciCam.20250824_062549419.jpg","PilotCam","/PilotCam.20250824_062549419.jpg","BrowCam","/BrowCam.20250824_062549419.jpg","UserSelect","/UserSelect.20250824_062549419.jpg","","","-999.99","17.25","-999.99","-999.99","68aab06de3a1c300139fd13b"
"2025-08-24T06:26:04.450Z","45.9550145","-130.0085557","ASNAP","","admin","","","","","","","","1275.78","4262.32","-1.1","-0.3","164.86","1.28","110.21","SciCam","/SciCam.20250824_062604450.jpg","PilotCam","/PilotCam.20250824_062604450.jpg","BrowCam","/BrowCam.20250824_062604450.jpg","UserSelect","/UserSelect.20250824_062604450.jpg","","","-999.99","17.25","-999.99","-999.99","68aab07ce3a1c300139fd13f"
"2025-08-24T06:26:19.479Z","45.9550145","-130.0085557","ASNAP","","admin","","","","","","","","1275.78","4262.32","-1.7","-1.0","163.99","1.30","110.21","SciCam","/SciCam.20250824_062619479.jpg","PilotCam","/PilotCam.20250824_062619479.jpg","BrowCam","/BrowCam.20250824_062619479.jpg","UserSelect","/UserSelect.20250824_062619479.jpg","","","-999.99","17.23","-999.99","-999.99","68aab08be3a1c300139fd143"
"2025-08-24T06:26:34.508Z","45.9550145","-130.0085557","ASNAP","","admin","","","","","","","","1275.78","4262.32","-1.8","0.1","163.72","1.26","110.21","SciCam","/SciCam.20250824_062634508.jpg","PilotCam","/PilotCam.20250824_062634508.jpg","BrowCam","/BrowCam.20250824_062634508.jpg","UserSelect","/UserSelect.20250824_062634508.jpg","","","-999.99","17.21","-999.99","-999.99","68aab09ae3a1c300139fd147"
"2025-08-24T06:26:49.537Z","45.9550145","-130.0085557","ASNAP","","admin","","","","","","","","1275.78","4262.32","-1.0","0.5","163.66","1.25","110.21","SciCam","/SciCam.20250824_062649537.jpg","PilotCam","/PilotCam.20250824_062649537.jpg","BrowCam","/BrowCam.20250824_062649537.jpg","UserSelect","/UserSelect.20250824_062649537.jpg","","","-999.99","17.23","-999.99","-999.99","68aab0a9e3a1c300139fd14b"
"2025-08-24T06:27:04.567Z","45.9550145","-130.0085557","ASNAP","","admin","","","","","","","","1275.78","4262.32","-0.8","0.2","164.45","1.22","110.21","SciCam","/SciCam.20250824_062704567.jpg","PilotCam","/PilotCam.20250824_062704567.jpg","BrowCam","/BrowCam.20250824_062704567.jpg","UserSelect","/UserSelect.20250824_062704567.jpg","","","-999.99","17.23","-999.99","-999.99","68aab0b8e3a1c300139fd14f"
"2025-08-24T06:27:19.595Z","45.9550145","-130.0085557","ASNAP","","admin","","","","","","","","1275.78","4262.32","-1.1","-1.8","163.46","1.25","110.21","SciCam","/SciCam.20250824_062719595.jpg","PilotCam","/PilotCam.20250824_062719595.jpg","BrowCam","/BrowCam.20250824_062719595.jpg","UserSelect","/UserSelect.20250824_062719595.jpg","","","-999.99","17.21","-999.99","-999.99","68aab0c7e3a1c300139fd153"
"2025-08-24T06:27:34.626Z","45.9550145","-130.0085557","ASNAP","","admin","","","","","","","","1275.78","4262.32","-1.3","-1.5","162.70","1.24","110.21","SciCam","/SciCam.20250824_062734626.jpg","PilotCam","/PilotCam.20250824_062734626.jpg","BrowCam","/BrowCam.20250824_062734626.jpg","UserSelect","/UserSelect.20250824_062734626.jpg","","","-999.99","17.19","-999.99","-999.99","68aab0d6e3a1c300139fd157"
"2025-08-24T06:27:49.658Z","45.9550145","-130.0085557","ASNAP","","admin","","","","","","","","1275.78","4262.32","-1.5","-0.8","163.07","1.23","110.21","SciCam","/SciCam.20250824_062749658.jpg","PilotCam","/PilotCam.20250824_062749658.jpg","BrowCam","/BrowCam.20250824_062749658.jpg","UserSelect","/UserSelect.20250824_062749658.jpg","","","-999.99","17.18","-999.99","-999.99","68aab0e5e3a1c300139fd15b"
"2025-08-24T06:28:04.691Z","45.9550145","-130.0085557","ASNAP","","admin","","","","","","","","1275.78","4262.32","-1.5","-0.8","163.07","1.23","110.21","SciCam","/SciCam.20250824_062804691.jpg","PilotCam","/PilotCam.20250824_062804691.jpg","BrowCam","/BrowCam.20250824_062804691.jpg","UserSelect","/UserSelect.20250824_062804691.jpg","","","-999.99","17.18","-999.99","-999.99","68aab0f4e3a1c300139fd15f"
"2025-08-24T06:28:19.723Z","45.9550145","-130.0085557","ASNAP","","admin","","","","","","","","1275.78","4262.32","-1.5","-0.8","163.07","1.23","110.21","SciCam","/SciCam.20250824_062819723.jpg","PilotCam","/PilotCam.20250824_062819723.jpg","BrowCam","/BrowCam.20250824_062819723.jpg","UserSelect","/UserSelect.20250824_062819723.jpg","","","-999.99","17.18","-999.99","-999.99","68aab103e3a1c300139fd163"
"2025-08-24T06:28:34.747Z","45.9550145","-130.0085557","ASNAP","","admin","","","","","","","","1275.78","4262.32","-1.5","-0.8","163.07","1.23","110.21","SciCam","/SciCam.20250824_062834747.jpg","PilotCam","/PilotCam.20250824_062834747.jpg","BrowCam","/BrowCam.20250824_062834747.jpg","UserSelect","/UserSelect.20250824_062834747.jpg","","","-999.99","17.18","-999.99","-999.99","68aab112e3a1c300139fd167"
"2025-08-24T06:28:49.780Z","45.9550145","-130.0085557","ASNAP","","admin","","","","","","","","1275.78","4262.32","-1.5","-0.8","163.07","1.23","110.21","SciCam","/SciCam.20250824_062849780.jpg","PilotCam","/PilotCam.20250824_062849780.jpg","BrowCam","/BrowCam.20250824_062849780.jpg","UserSelect","/UserSelect.20250824_062849780.jpg","","","-999.99","17.18","-999.99","-999.99","68aab121e3a1c300139fd16b"
"2025-08-24T06:29:04.811Z","45.9550145","-130.0085557","ASNAP","","admin","","","","","","","","1275.78","4262.32","-1.5","-0.8","163.07","1.23","110.21","SciCam","/SciCam.20250824_062904811.jpg","PilotCam","/PilotCam.20250824_062904811.jpg","BrowCam","/BrowCam.20250824_062904811.jpg","UserSelect","/UserSelect.20250824_062904811.jpg","","","-999.99","17.18","-999.99","-999.99","68aab130e3a1c300139fd16f"
"2025-08-24T06:29:19.838Z","45.9550145","-130.0085557","ASNAP","","admin","","","","","","","","1275.78","4262.32","-1.5","-0.8","163.07","1.23","110.21","SciCam","/SciCam.20250824_062919838.jpg","PilotCam","/PilotCam.20250824_062919838.jpg","BrowCam","/BrowCam.20250824_062919838.jpg","UserSelect","/UserSelect.20250824_062919838.jpg","","","-999.99","17.18","-999.99","-999.99","68aab13fe3a1c300139fd173"
"2025-08-24T06:29:34.871Z","45.9550145","-130.0085557","ASNAP","","admin","","","","","","","","1275.78","4262.32","-1.5","-0.8","163.07","1.23","110.21","SciCam","/SciCam.20250824_062934871.jpg","PilotCam","/PilotCam.20250824_062934871.jpg","BrowCam","/BrowCam.20250824_062934871.jpg","UserSelect","/UserSelect.20250824_062934871.jpg","","","-999.99","17.18","-999.99","-999.99","68aab14ee3a1c300139fd177"
"2025-08-24T06:29:49.906Z","45.9550145","-130.0085557","ASNAP","","admin","","","","","","","","1275.78","4262.32","-1.5","-0.8","163.07","1.23","110.21","SciCam","/SciCam.20250824_062949906.jpg","PilotCam","/PilotCam.20250824_062949906.jpg","BrowCam","/BrowCam.20250824_062949906.jpg","UserSelect","/UserSelect.20250824_062949906.jpg","","","","","","","68aab15de3a1c300139fd17b"