Date/Time (UTC),vehicleRealtimeNavData.latitude (ddeg),vehicleRealtimeNavData.longitude (ddeg),event_value,event_free_text,event_author,event_option.new_watchstander,event_option.milestone,event_option.actions,event_option.type,event_option.nav,event_option.filename,event_option.dummy_plug,event_option.cabled_plug,event_option.event_comment,event_option.highlights,event_option.sample_name,vehicleRealtimeNavData.local_x (meters),vehicleRealtimeNavData.local_y (meters),vehicleRealtimeNavData.roll (deg),vehicleRealtimeNavData.pitch (deg),vehicleRealtimeNavData.heading (deg),vehicleRealtimeNavData.depth (meters),vehicleRealtimeNavData.altitude (meters),vehicleRealtimeFramegrabberData.camera_name_1,vehicleRealtimeFramegrabberData.filename_1,vehicleRealtimeFramegrabberData.camera_name_2,vehicleRealtimeFramegrabberData.filename_2,vehicleRealtimeFramegrabberData.camera_name_3,vehicleRealtimeFramegrabberData.filename_3,vehicleRealtimeFramegrabberData.camera_name_4,vehicleRealtimeFramegrabberData.filename_4,vehicleReNavData.pitch (deg),vehicleReNavData.roll (deg),vehicleTemperatureProbe.probe1_temperature (degC),vehicleTemperatureProbe.probe2_temperature (degC),vehicleTemperatureProbe.probe3_temperature (degC),vehicleTemperatureProbe.probe4_temperature (degC),id
"2025-08-08T01:40:33.712Z","0.0000261","-0.0000038","ASNAP","","admin","","","","","","","","","","","","9544506.46","-5103588.75","-1.1","-0.4","112.36","0.49","0.58","SciCam","/SciCam.20250808_014033712.jpg","PilotCam","/PilotCam.20250808_014033712.jpg","BrowCam","/BrowCam.20250808_014033712.jpg","UserSelect","/UserSelect.20250808_014033712.jpg","","","-999.99","18.23","-999.99","-999.99","68955591e3a1c300139c2a0f"
"2025-08-08T01:40:48.745Z","0.0000260","-0.0000041","ASNAP","","admin","","","","","","","","","","","","9544506.44","-5103588.76","-1.1","-0.4","112.36","0.50","0.58","SciCam","/SciCam.20250808_014048745.jpg","PilotCam","/PilotCam.20250808_014048745.jpg","BrowCam","/BrowCam.20250808_014048745.jpg","UserSelect","/UserSelect.20250808_014048745.jpg","","","-999.99","18.21","-999.99","-999.99","689555a0e3a1c300139c2a13"
"2025-08-08T01:41:03.779Z","0.0000259","-0.0000042","ASNAP","","admin","","","","","","","","","","","","9544506.43","-5103588.77","-1.1","-0.4","112.36","0.52","0.58","SciCam","/SciCam.20250808_014103779.jpg","PilotCam","/PilotCam.20250808_014103779.jpg","BrowCam","/BrowCam.20250808_014103779.jpg","UserSelect","/UserSelect.20250808_014103779.jpg","","","-999.99","18.21","-999.99","-999.99","689555afe3a1c300139c2a17"
"2025-08-08T01:41:18.812Z","0.0000259","-0.0000046","ASNAP","","admin","","","","","","","","","","","","9544506.40","-5103588.77","-1.1","-0.4","112.36","0.57","0.58","SciCam","/SciCam.20250808_014118812.jpg","PilotCam","/PilotCam.20250808_014118812.jpg","BrowCam","/BrowCam.20250808_014118812.jpg","UserSelect","/UserSelect.20250808_014118812.jpg","","","-999.99","18.23","-999.99","-999.99","689555bee3a1c300139c2a1b"
"2025-08-08T01:41:29.292Z","0.0000262","-0.0000032","WATCH_CHANGE","","guest","Nicole Liew","","","","","","","","","","","9544506.51","-5103588.74","-1.1","-0.4","112.36","0.55","0.58","SciCam","/SciCam.20250808_014129292.jpg","PilotCam","/PilotCam.20250808_014129292.jpg","BrowCam","/BrowCam.20250808_014129292.jpg","UserSelect","/UserSelect.20250808_014129292.jpg","","","-999.99","18.22","-999.99","-999.99","689555c9e3a1c300139c2a1f"
"2025-08-08T01:41:33.844Z","0.0000260","-0.0000041","ASNAP","","admin","","","","","","","","","","","","9544506.44","-5103588.76","-1.1","-0.4","112.36","0.56","0.58","SciCam","/SciCam.20250808_014133844.jpg","PilotCam","/PilotCam.20250808_014133844.jpg","BrowCam","/BrowCam.20250808_014133844.jpg","UserSelect","/UserSelect.20250808_014133844.jpg","","","-999.99","18.22","-999.99","-999.99","689555cde3a1c300139c2a23"
"2025-08-08T01:41:48.879Z","0.0000259","-0.0000043","ASNAP","","admin","","","","","","","","","","","","9544506.42","-5103588.77","-1.1","-0.4","112.36","0.57","0.58","SciCam","/SciCam.20250808_014148879.jpg","PilotCam","/PilotCam.20250808_014148879.jpg","BrowCam","/BrowCam.20250808_014148879.jpg","UserSelect","/UserSelect.20250808_014148879.jpg","","","-999.99","18.22","-999.99","-999.99","689555dce3a1c300139c2a27"
"2025-08-08T01:42:03.911Z","0.0000260","-0.0000039","ASNAP","","admin","","","","","","","","","","","","9544506.45","-5103588.76","-1.1","-0.4","112.36","0.58","0.58","SciCam","/SciCam.20250808_014203911.jpg","PilotCam","/PilotCam.20250808_014203911.jpg","BrowCam","/BrowCam.20250808_014203911.jpg","UserSelect","/UserSelect.20250808_014203911.jpg","","","-999.99","18.23","-999.99","-999.99","689555ebe3a1c300139c2a2b"
"2025-08-08T01:42:18.946Z","0.0000259","-0.0000047","ASNAP","","admin","","","","","","","","","","","","9544506.39","-5103588.77","-1.1","-0.4","112.36","0.60","0.58","SciCam","/SciCam.20250808_014218946.jpg","PilotCam","/PilotCam.20250808_014218946.jpg","BrowCam","/BrowCam.20250808_014218946.jpg","UserSelect","/UserSelect.20250808_014218946.jpg","","","-999.99","18.22","-999.99","-999.99","689555fae3a1c300139c2a2f"
"2025-08-08T01:42:33.980Z","0.0000261","-0.0000038","ASNAP","","admin","","","","","","","","","","","","9544506.46","-5103588.75","-1.1","-0.4","112.36","0.62","0.58","SciCam","/SciCam.20250808_014233980.jpg","PilotCam","/PilotCam.20250808_014233980.jpg","BrowCam","/BrowCam.20250808_014233980.jpg","UserSelect","/UserSelect.20250808_014233980.jpg","","","-999.99","18.24","-999.99","-999.99","68955609e3a1c300139c2a33"
"2025-08-08T01:42:49.016Z","0.0000261","-0.0000038","ASNAP","","admin","","","","","","","","","","","","9544506.46","-5103588.75","-1.1","-0.4","112.36","0.61","0.58","SciCam","/SciCam.20250808_014249016.jpg","PilotCam","/PilotCam.20250808_014249016.jpg","BrowCam","/BrowCam.20250808_014249016.jpg","UserSelect","/UserSelect.20250808_014249016.jpg","","","-999.99","18.24","-999.99","-999.99","68955619e3a1c300139c2a37"
"2025-08-08T01:43:04.049Z","0.0000260","-0.0000041","ASNAP","","admin","","","","","","","","","","","","9544506.44","-5103588.76","-1.1","-0.4","112.36","0.62","0.58","SciCam","/SciCam.20250808_014304049.jpg","PilotCam","/PilotCam.20250808_014304049.jpg","BrowCam","/BrowCam.20250808_014304049.jpg","UserSelect","/UserSelect.20250808_014304049.jpg","","","-999.99","18.23","-999.99","-999.99","68955628e3a1c300139c2a3b"
"2025-08-08T01:43:19.080Z","0.0000261","-0.0000039","ASNAP","","admin","","","","","","","","","","","","9544506.45","-5103588.75","-1.1","-0.4","112.36","0.62","0.58","SciCam","/SciCam.20250808_014319080.jpg","PilotCam","/PilotCam.20250808_014319080.jpg","BrowCam","/BrowCam.20250808_014319080.jpg","UserSelect","/UserSelect.20250808_014319080.jpg","","","-999.99","18.24","-999.99","-999.99","68955637e3a1c300139c2a3f"
"2025-08-08T01:43:34.100Z","0.0000260","-0.0000033","ASNAP","","admin","","","","","","","","","","","","9544506.50","-5103588.76","-1.1","-0.4","112.36","0.62","0.58","SciCam","/SciCam.20250808_014334100.jpg","PilotCam","/PilotCam.20250808_014334100.jpg","BrowCam","/BrowCam.20250808_014334100.jpg","UserSelect","/UserSelect.20250808_014334100.jpg","","","-999.99","18.24","-999.99","-999.99","68955646e3a1c300139c2a43"
"2025-08-08T01:43:49.133Z","0.0000260","-0.0000037","ASNAP","","admin","","","","","","","","","","","","9544506.47","-5103588.76","-0.7","-0.9","112.36","0.65","0.58","SciCam","/SciCam.20250808_014349133.jpg","PilotCam","/PilotCam.20250808_014349133.jpg","BrowCam","/BrowCam.20250808_014349133.jpg","UserSelect","/UserSelect.20250808_014349133.jpg","","","-999.99","18.23","-999.99","-999.99","68955655e3a1c300139c2a47"
"2025-08-08T01:44:04.165Z","0.0000260","-0.0000045","ASNAP","","admin","","","","","","","","","","","","9544506.41","-5103588.76","-0.9","-0.4","112.36","0.66","0.58","SciCam","/SciCam.20250808_014404165.jpg","PilotCam","/PilotCam.20250808_014404165.jpg","BrowCam","/BrowCam.20250808_014404165.jpg","UserSelect","/UserSelect.20250808_014404165.jpg","","","-999.99","18.24","-999.99","-999.99","68955664e3a1c300139c2a4b"
"2025-08-08T01:44:19.197Z","0.0000261","-0.0000033","ASNAP","","admin","","","","","","","","","","","","9544506.50","-5103588.75","-0.7","0.2","112.36","0.64","0.58","SciCam","/SciCam.20250808_014419197.jpg","PilotCam","/PilotCam.20250808_014419197.jpg","BrowCam","/BrowCam.20250808_014419197.jpg","UserSelect","/UserSelect.20250808_014419197.jpg","","","-999.99","18.22","-999.99","-999.99","68955673e3a1c300139c2a4f"
"2025-08-08T01:44:34.228Z","0.0000261","-0.0000039","ASNAP","","admin","","","","","","","","","","","","9544506.45","-5103588.75","-1.1","-0.2","112.36","0.66","0.58","SciCam","/SciCam.20250808_014434228.jpg","PilotCam","/PilotCam.20250808_014434228.jpg","BrowCam","/BrowCam.20250808_014434228.jpg","UserSelect","/UserSelect.20250808_014434228.jpg","","","-999.99","18.24","-999.99","-999.99","68955682e3a1c300139c2a53"
"2025-08-08T01:44:49.260Z","0.0000260","-0.0000043","ASNAP","","admin","","","","","","","","","","","","9544506.42","-5103588.76","-0.8","-0.5","112.36","0.67","0.58","SciCam","/SciCam.20250808_014449260.jpg","PilotCam","/PilotCam.20250808_014449260.jpg","BrowCam","/BrowCam.20250808_014449260.jpg","UserSelect","/UserSelect.20250808_014449260.jpg","","","-999.99","18.24","-999.99","-999.99","68955691e3a1c300139c2a57"
"2025-08-08T01:45:04.291Z","0.0000260","-0.0000039","ASNAP","","admin","","","","","","","","","","","","9544506.45","-5103588.76","-0.2","0.0","112.36","0.66","0.58","SciCam","/SciCam.20250808_014504291.jpg","PilotCam","/PilotCam.20250808_014504291.jpg","BrowCam","/BrowCam.20250808_014504291.jpg","UserSelect","/UserSelect.20250808_014504291.jpg","","","-999.99","18.25","-999.99","-999.99","689556a0e3a1c300139c2a5b"
"2025-08-08T01:45:19.312Z","0.0000259","-0.0000045","ASNAP","","admin","","","","","","","","","","","","9544506.41","-5103588.77","0.1","-1.0","112.36","0.67","0.58","SciCam","/SciCam.20250808_014519312.jpg","PilotCam","/PilotCam.20250808_014519312.jpg","BrowCam","/BrowCam.20250808_014519312.jpg","UserSelect","/UserSelect.20250808_014519312.jpg","","","-999.99","18.25","-999.99","-999.99","689556afe3a1c300139c2a5f"
"2025-08-08T01:45:34.345Z","0.0000261","-0.0000038","ASNAP","","admin","","","","","","","","","","","","9544506.46","-5103588.75","-0.0","-0.1","112.36","0.67","0.58","SciCam","/SciCam.20250808_014534345.jpg","PilotCam","/PilotCam.20250808_014534345.jpg","BrowCam","/BrowCam.20250808_014534345.jpg","UserSelect","/UserSelect.20250808_014534345.jpg","","","-999.99","18.25","-999.99","-999.99","689556bee3a1c300139c2a63"
"2025-08-08T01:45:49.378Z","0.0000261","-0.0000038","ASNAP","","admin","","","","","","","","","","","","9544506.46","-5103588.75","-0.8","-0.4","112.36","0.68","0.58","SciCam","/SciCam.20250808_014549378.jpg","PilotCam","/PilotCam.20250808_014549378.jpg","BrowCam","/BrowCam.20250808_014549378.jpg","UserSelect","/UserSelect.20250808_014549378.jpg","","","-999.99","18.25","-999.99","-999.99","689556cde3a1c300139c2a67"
"2025-08-08T01:46:04.412Z","0.0000261","-0.0000038","ASNAP","","admin","","","","","","","","","","","","9544506.46","-5103588.75","-0.8","-0.3","112.36","0.68","0.58","SciCam","/SciCam.20250808_014604412.jpg","PilotCam","/PilotCam.20250808_014604412.jpg","BrowCam","/BrowCam.20250808_014604412.jpg","UserSelect","/UserSelect.20250808_014604412.jpg","","","-999.99","18.26","-999.99","-999.99","689556dce3a1c300139c2a6b"
"2025-08-08T01:46:19.446Z","0.0000261","-0.0000038","ASNAP","","admin","","","","","","","","","","","","9544506.46","-5103588.75","-1.3","-0.4","112.36","0.70","0.58","SciCam","/SciCam.20250808_014619446.jpg","PilotCam","/PilotCam.20250808_014619446.jpg","BrowCam","/BrowCam.20250808_014619446.jpg","UserSelect","/UserSelect.20250808_014619446.jpg","","","-999.99","18.24","-999.99","-999.99","689556ebe3a1c300139c2a6f"
"2025-08-08T01:46:34.478Z","0.0000261","-0.0000038","ASNAP","","admin","","","","","","","","","","","","9544506.46","-5103588.75","-1.4","-0.7","112.36","0.72","0.58","SciCam","/SciCam.20250808_014634478.jpg","PilotCam","/PilotCam.20250808_014634478.jpg","BrowCam","/BrowCam.20250808_014634478.jpg","UserSelect","/UserSelect.20250808_014634478.jpg","","","-999.99","18.25","-999.99","-999.99","689556fae3a1c300139c2a73"
"2025-08-08T01:46:49.503Z","0.0000261","-0.0000038","ASNAP","","admin","","","","","","","","","","","","9544506.46","-5103588.75","-0.2","-0.2","112.36","0.69","0.58","SciCam","/SciCam.20250808_014649503.jpg","PilotCam","/PilotCam.20250808_014649503.jpg","BrowCam","/BrowCam.20250808_014649503.jpg","UserSelect","/UserSelect.20250808_014649503.jpg","","","-999.99","18.25","-999.99","-999.99","68955709e3a1c300139c2a77"
"2025-08-08T01:47:04.538Z","0.0000261","-0.0000038","ASNAP","","admin","","","","","","","","","","","","9544506.46","-5103588.75","-0.6","0.3","112.36","0.70","0.58","SciCam","/SciCam.20250808_014704538.jpg","PilotCam","/PilotCam.20250808_014704538.jpg","BrowCam","/BrowCam.20250808_014704538.jpg","UserSelect","/UserSelect.20250808_014704538.jpg","","","-999.99","18.24","-999.99","-999.99","68955718e3a1c300139c2a7b"
"2025-08-08T01:47:19.570Z","0.0000261","-0.0000038","ASNAP","","admin","","","","","","","","","","","","9544506.46","-5103588.75","-0.4","-0.9","112.36","0.70","0.58","SciCam","/SciCam.20250808_014719570.jpg","PilotCam","/PilotCam.20250808_014719570.jpg","BrowCam","/BrowCam.20250808_014719570.jpg","UserSelect","/UserSelect.20250808_014719570.jpg","","","-999.99","18.23","-999.99","-999.99","68955727e3a1c300139c2a7f"
"2025-08-08T01:47:34.599Z","0.0000261","-0.0000038","ASNAP","","admin","","","","","","","","","","","","9544506.46","-5103588.75","-0.7","-0.2","112.36","0.70","0.58","SciCam","/SciCam.20250808_014734599.jpg","PilotCam","/PilotCam.20250808_014734599.jpg","BrowCam","/BrowCam.20250808_014734599.jpg","UserSelect","/UserSelect.20250808_014734599.jpg","","","-999.99","18.21","-999.99","-999.99","68955736e3a1c300139c2a83"
"2025-08-08T01:47:49.627Z","0.0000261","-0.0000038","ASNAP","","admin","","","","","","","","","","","","9544506.46","-5103588.75","-1.0","-1.6","112.36","0.73","0.58","SciCam","/SciCam.20250808_014749627.jpg","PilotCam","/PilotCam.20250808_014749627.jpg","BrowCam","/BrowCam.20250808_014749627.jpg","UserSelect","/UserSelect.20250808_014749627.jpg","","","-999.99","18.21","-999.99","-999.99","68955745e3a1c300139c2a87"
"2025-08-08T01:48:04.660Z","0.0000261","-0.0000038","ASNAP","","admin","","","","","","","","","","","","9544506.46","-5103588.75","-1.0","-0.1","112.36","0.71","0.58","SciCam","/SciCam.20250808_014804660.jpg","PilotCam","/PilotCam.20250808_014804660.jpg","BrowCam","/BrowCam.20250808_014804660.jpg","UserSelect","/UserSelect.20250808_014804660.jpg","","","-999.99","18.21","-999.99","-999.99","68955754e3a1c300139c2a8b"
"2025-08-08T01:48:19.692Z","0.0000261","-0.0000038","ASNAP","","admin","","","","","","","","","","","","9544506.46","-5103588.75","-0.5","-0.0","112.36","0.70","0.58","SciCam","/SciCam.20250808_014819692.jpg","PilotCam","/PilotCam.20250808_014819692.jpg","BrowCam","/BrowCam.20250808_014819692.jpg","UserSelect","/UserSelect.20250808_014819692.jpg","","","-999.99","18.20","-999.99","-999.99","68955763e3a1c300139c2a8f"
"2025-08-08T01:48:34.725Z","0.0000261","-0.0000038","ASNAP","","admin","","","","","","","","","","","","9544506.46","-5103588.75","-1.4","-0.9","112.36","0.74","0.58","SciCam","/SciCam.20250808_014834725.jpg","PilotCam","/PilotCam.20250808_014834725.jpg","BrowCam","/BrowCam.20250808_014834725.jpg","UserSelect","/UserSelect.20250808_014834725.jpg","","","-999.99","18.20","-999.99","-999.99","68955772e3a1c300139c2a93"
"2025-08-08T01:48:49.759Z","0.0000261","-0.0000038","ASNAP","","admin","","","","","","","","","","","","9544506.46","-5103588.75","-1.5","-1.3","53.82","0.75","0.58","SciCam","/SciCam.20250808_014849759.jpg","PilotCam","/PilotCam.20250808_014849759.jpg","BrowCam","/BrowCam.20250808_014849759.jpg","UserSelect","/UserSelect.20250808_014849759.jpg","","","-999.99","18.20","-999.99","-999.99","68955781e3a1c300139c2a97"
"2025-08-08T01:49:04.788Z","0.0000261","-0.0000038","ASNAP","","admin","","","","","","","","","","","","9544506.46","-5103588.75","-0.6","0.3","54.39","0.72","0.58","SciCam","/SciCam.20250808_014904788.jpg","PilotCam","/PilotCam.20250808_014904788.jpg","BrowCam","/BrowCam.20250808_014904788.jpg","UserSelect","/UserSelect.20250808_014904788.jpg","","","-999.99","18.20","-999.99","-999.99","68955790e3a1c300139c2a9b"
"2025-08-08T01:49:19.816Z","0.0000261","-0.0000038","ASNAP","","admin","","","","","","","","","","","","9544506.46","-5103588.75","-0.4","-0.6","54.58","0.73","0.58","SciCam","/SciCam.20250808_014919816.jpg","PilotCam","/PilotCam.20250808_014919816.jpg","BrowCam","/BrowCam.20250808_014919816.jpg","UserSelect","/UserSelect.20250808_014919816.jpg","","","-999.99","18.19","-999.99","-999.99","6895579fe3a1c300139c2a9f"
"2025-08-08T01:49:34.849Z","0.0000261","-0.0000038","ASNAP","","admin","","","","","","","","","","","","9544506.46","-5103588.75","-0.2","0.3","54.71","0.72","0.58","SciCam","/SciCam.20250808_014934849.jpg","PilotCam","/PilotCam.20250808_014934849.jpg","BrowCam","/BrowCam.20250808_014934849.jpg","UserSelect","/UserSelect.20250808_014934849.jpg","","","-999.99","18.17","-999.99","-999.99","689557aee3a1c300139c2aa3"
"2025-08-08T01:49:43.283Z","0.0000261","-0.0000038","VEHICLE","","guest","","Jason off deck","","","","","","","","","","9544506.46","-5103588.75","-0.5","-1.0","54.65","0.77","0.58","SciCam","/SciCam.20250808_014943283.jpg","PilotCam","/PilotCam.20250808_014943283.jpg","BrowCam","/BrowCam.20250808_014943283.jpg","UserSelect","/UserSelect.20250808_014943283.jpg","","","-999.99","18.17","-999.99","-999.99","689557b7e3a1c300139c2aa7"
"2025-08-08T01:49:49.884Z","0.0000261","-0.0000038","ASNAP","","admin","","","","","","","","","","","","9544506.46","-5103588.75","0.1","-1.2","55.26","0.76","0.58","SciCam","/SciCam.20250808_014949884.jpg","PilotCam","/PilotCam.20250808_014949884.jpg","BrowCam","/BrowCam.20250808_014949884.jpg","UserSelect","/UserSelect.20250808_014949884.jpg","","","-999.99","18.17","-999.99","-999.99","689557bde3a1c300139c2aab"
"2025-08-08T01:50:04.918Z","0.0000261","-0.0000038","ASNAP","","admin","","","","","","","","","","","","9544506.46","-5103588.75","-0.2","-1.5","54.37","0.76","0.58","SciCam","/SciCam.20250808_015004918.jpg","PilotCam","/PilotCam.20250808_015004918.jpg","BrowCam","/BrowCam.20250808_015004918.jpg","UserSelect","/UserSelect.20250808_015004918.jpg","","","-999.99","18.17","-999.99","-999.99","689557cce3a1c300139c2aaf"
"2025-08-08T01:50:19.949Z","0.0000261","-0.0000038","ASNAP","","admin","","","","","","","","","","","","9544506.46","-5103588.75","-0.4","-1.1","54.67","0.76","0.58","SciCam","/SciCam.20250808_015019949.jpg","PilotCam","/PilotCam.20250808_015019949.jpg","BrowCam","/BrowCam.20250808_015019949.jpg","UserSelect","/UserSelect.20250808_015019949.jpg","","","-999.99","18.14","-999.99","-999.99","689557dbe3a1c300139c2ab3"
"2025-08-08T01:50:34.983Z","0.0000261","-0.0000038","ASNAP","","admin","","","","","","","","","","","","9544506.46","-5103588.75","-0.8","-0.7","82.01","0.74","0.58","SciCam","/SciCam.20250808_015034983.jpg","PilotCam","/PilotCam.20250808_015034983.jpg","BrowCam","/BrowCam.20250808_015034983.jpg","UserSelect","/UserSelect.20250808_015034983.jpg","","","-999.99","18.13","-999.99","-999.99","689557eae3a1c300139c2ab7"
"2025-08-08T01:50:50.015Z","0.0000261","-0.0000038","ASNAP","","admin","","","","","","","","","","","","9544506.46","-5103588.75","-1.1","-0.9","135.10","0.74","0.58","SciCam","/SciCam.20250808_015050015.jpg","PilotCam","/PilotCam.20250808_015050015.jpg","BrowCam","/BrowCam.20250808_015050015.jpg","UserSelect","/UserSelect.20250808_015050015.jpg","","","-999.99","18.12","-999.99","-999.99","689557fae3a1c300139c2abb"
"2025-08-08T01:51:05.048Z","0.0000261","-0.0000038","ASNAP","","admin","","","","","","","","","","","","9544506.46","-5103588.75","-1.3","-0.2","151.27","0.73","0.58","SciCam","/SciCam.20250808_015105048.jpg","PilotCam","/PilotCam.20250808_015105048.jpg","BrowCam","/BrowCam.20250808_015105048.jpg","UserSelect","/UserSelect.20250808_015105048.jpg","","","-999.99","18.08","-999.99","-999.99","68955809e3a1c300139c2abf"
"2025-08-08T01:51:20.079Z","0.0000261","-0.0000038","ASNAP","","admin","","","","","","","","","","","","9544506.46","-5103588.75","-1.4","-0.4","151.56","0.75","0.58","SciCam","/SciCam.20250808_015120079.jpg","PilotCam","/PilotCam.20250808_015120079.jpg","BrowCam","/BrowCam.20250808_015120079.jpg","UserSelect","/UserSelect.20250808_015120079.jpg","","","-999.99","18.02","-999.99","-999.99","68955818e3a1c300139c2ac3"
"2025-08-08T01:51:35.113Z","0.0000261","-0.0000038","ASNAP","","admin","","","","","","","","","","","","9544506.46","-5103588.75","-1.0","-0.3","151.39","0.75","0.58","SciCam","/SciCam.20250808_015135113.jpg","PilotCam","/PilotCam.20250808_015135113.jpg","BrowCam","/BrowCam.20250808_015135113.jpg","UserSelect","/UserSelect.20250808_015135113.jpg","","","-999.99","17.96","-999.99","-999.99","68955827e3a1c300139c2ac7"
"2025-08-08T01:51:50.146Z","0.0000261","-0.0000038","ASNAP","","admin","","","","","","","","","","","","9544506.46","-5103588.75","-0.7","-0.6","151.49","0.76","0.58","SciCam","/SciCam.20250808_015150146.jpg","PilotCam","/PilotCam.20250808_015150146.jpg","BrowCam","/BrowCam.20250808_015150146.jpg","UserSelect","/UserSelect.20250808_015150146.jpg","","","-999.99","17.90","-999.99","-999.99","68955836e3a1c300139c2acb"
"2025-08-08T01:52:05.167Z","0.0000261","-0.0000038","ASNAP","","admin","","","","","","","","","","","","9544506.46","-5103588.75","-0.7","-0.9","151.05","0.75","0.58","SciCam","/SciCam.20250808_015205167.jpg","PilotCam","/PilotCam.20250808_015205167.jpg","BrowCam","/BrowCam.20250808_015205167.jpg","UserSelect","/UserSelect.20250808_015205167.jpg","","","-999.99","17.85","-999.99","-999.99","68955845e3a1c300139c2acf"
"2025-08-08T01:52:20.201Z","0.0000261","-0.0000038","ASNAP","","admin","","","","","","","","","","","","9544506.46","-5103588.75","-0.5","-1.4","151.29","0.76","0.58","SciCam","/SciCam.20250808_015220201.jpg","PilotCam","/PilotCam.20250808_015220201.jpg","BrowCam","/BrowCam.20250808_015220201.jpg","UserSelect","/UserSelect.20250808_015220201.jpg","","","-999.99","17.81","-999.99","-999.99","68955854e3a1c300139c2ad3"
"2025-08-08T01:52:35.232Z","0.0000261","-0.0000038","ASNAP","","admin","","","","","","","","","","","","9544506.46","-5103588.75","-1.4","-1.7","151.28","0.77","0.58","SciCam","/SciCam.20250808_015235232.jpg","PilotCam","/PilotCam.20250808_015235232.jpg","BrowCam","/BrowCam.20250808_015235232.jpg","UserSelect","/UserSelect.20250808_015235232.jpg","","","-999.99","17.75","-999.99","-999.99","68955863e3a1c300139c2ad7"
"2025-08-08T01:52:50.267Z","0.0000261","-0.0000038","ASNAP","","admin","","","","","","","","","","","","9544506.46","-5103588.75","-2.2","-0.8","150.88","0.76","0.58","SciCam","/SciCam.20250808_015250267.jpg","PilotCam","/PilotCam.20250808_015250267.jpg","BrowCam","/BrowCam.20250808_015250267.jpg","UserSelect","/UserSelect.20250808_015250267.jpg","","","-999.99","17.70","-999.99","-999.99","68955872e3a1c300139c2adb"
"2025-08-08T01:53:05.302Z","0.0000261","-0.0000038","ASNAP","","admin","","","","","","","","","","","","9544506.46","-5103588.75","-1.3","-1.2","151.07","0.76","0.58","SciCam","/SciCam.20250808_015305302.jpg","PilotCam","/PilotCam.20250808_015305302.jpg","BrowCam","/BrowCam.20250808_015305302.jpg","UserSelect","/UserSelect.20250808_015305302.jpg","","","-999.99","17.66","-999.99","-999.99","68955881e3a1c300139c2adf"
"2025-08-08T01:53:20.334Z","0.0000261","-0.0000038","ASNAP","","admin","","","","","","","","","","","","9544506.46","-5103588.75","-1.9","-1.5","151.13","0.77","0.58","SciCam","/SciCam.20250808_015320334.jpg","PilotCam","/PilotCam.20250808_015320334.jpg","BrowCam","/BrowCam.20250808_015320334.jpg","UserSelect","/UserSelect.20250808_015320334.jpg","","","-999.99","17.61","-999.99","-999.99","68955890e3a1c300139c2ae3"
"2025-08-08T01:53:35.365Z","0.0000261","-0.0000038","ASNAP","","admin","","","","","","","","","","","","9544506.46","-5103588.75","-0.9","-0.8","151.04","0.75","0.58","SciCam","/SciCam.20250808_015335365.jpg","PilotCam","/PilotCam.20250808_015335365.jpg","BrowCam","/BrowCam.20250808_015335365.jpg","UserSelect","/UserSelect.20250808_015335365.jpg","","","-999.99","17.61","-999.99","-999.99","6895589fe3a1c300139c2ae7"
"2025-08-08T01:53:50.387Z","0.0000261","-0.0000038","ASNAP","","admin","","","","","","","","","","","","9544506.46","-5103588.75","-0.7","-1.2","151.25","0.77","0.58","SciCam","/SciCam.20250808_015350387.jpg","PilotCam","/PilotCam.20250808_015350387.jpg","BrowCam","/BrowCam.20250808_015350387.jpg","UserSelect","/UserSelect.20250808_015350387.jpg","","","-999.99","17.55","-999.99","-999.99","689558aee3a1c300139c2aeb"
"2025-08-08T01:54:05.420Z","0.0000261","-0.0000038","ASNAP","","admin","","","","","","","","","","","","9544506.46","-5103588.75","0.1","-1.6","150.63","0.79","0.58","SciCam","/SciCam.20250808_015405420.jpg","PilotCam","/PilotCam.20250808_015405420.jpg","BrowCam","/BrowCam.20250808_015405420.jpg","UserSelect","/UserSelect.20250808_015405420.jpg","","","-999.99","17.53","-999.99","-999.99","689558bde3a1c300139c2aef"
"2025-08-08T01:54:20.451Z","0.0000261","-0.0000038","ASNAP","","admin","","","","","","","","","","","","9544506.46","-5103588.75","-1.3","-0.6","150.73","0.77","0.58","SciCam","/SciCam.20250808_015420451.jpg","PilotCam","/PilotCam.20250808_015420451.jpg","BrowCam","/BrowCam.20250808_015420451.jpg","UserSelect","/UserSelect.20250808_015420451.jpg","","","-999.99","17.49","-999.99","-999.99","689558cce3a1c300139c2af3"
"2025-08-08T01:54:35.487Z","0.0000261","-0.0000038","ASNAP","","admin","","","","","","","","","","","","9544506.46","-5103588.75","-0.4","-1.1","150.19","0.77","0.58","SciCam","/SciCam.20250808_015435487.jpg","PilotCam","/PilotCam.20250808_015435487.jpg","BrowCam","/BrowCam.20250808_015435487.jpg","UserSelect","/UserSelect.20250808_015435487.jpg","","","-999.99","17.46","-999.99","-999.99","689558dbe3a1c300139c2af7"
"2025-08-08T01:54:50.522Z","0.0000261","-0.0000038","ASNAP","","admin","","","","","","","","","","","","9544506.46","-5103588.75","-1.4","-1.1","149.90","0.78","0.58","SciCam","/SciCam.20250808_015450522.jpg","PilotCam","/PilotCam.20250808_015450522.jpg","BrowCam","/BrowCam.20250808_015450522.jpg","UserSelect","/UserSelect.20250808_015450522.jpg","","","-999.99","17.44","-999.99","-999.99","689558eae3a1c300139c2afb"
"2025-08-08T01:55:05.555Z","0.0000261","-0.0000038","ASNAP","","admin","","","","","","","","","","","","9544506.46","-5103588.75","-1.6","-1.0","150.28","0.78","0.58","SciCam","/SciCam.20250808_015505555.jpg","PilotCam","/PilotCam.20250808_015505555.jpg","BrowCam","/BrowCam.20250808_015505555.jpg","UserSelect","/UserSelect.20250808_015505555.jpg","","","-999.99","17.43","-999.99","-999.99","689558f9e3a1c300139c2aff"
"2025-08-08T01:55:20.588Z","0.0000261","-0.0000038","ASNAP","","admin","","","","","","","","","","","","9544506.46","-5103588.75","-0.9","-0.9","150.23","0.79","0.58","SciCam","/SciCam.20250808_015520588.jpg","PilotCam","/PilotCam.20250808_015520588.jpg","BrowCam","/BrowCam.20250808_015520588.jpg","UserSelect","/UserSelect.20250808_015520588.jpg","","","-999.99","17.39","-999.99","-999.99","68955908e3a1c300139c2b03"
"2025-08-08T01:55:35.610Z","0.0000261","-0.0000038","ASNAP","","admin","","","","","","","","","","","","9544506.46","-5103588.75","-0.7","-0.6","150.01","0.78","0.58","SciCam","/SciCam.20250808_015535610.jpg","PilotCam","/PilotCam.20250808_015535610.jpg","BrowCam","/BrowCam.20250808_015535610.jpg","UserSelect","/UserSelect.20250808_015535610.jpg","","","-999.99","17.36","-999.99","-999.99","68955917e3a1c300139c2b07"
"2025-08-08T01:55:50.643Z","0.0000261","-0.0000038","ASNAP","","admin","","","","","","","","","","","","9544506.46","-5103588.75","-0.4","-1.2","139.08","0.78","0.58","SciCam","/SciCam.20250808_015550643.jpg","PilotCam","/PilotCam.20250808_015550643.jpg","BrowCam","/BrowCam.20250808_015550643.jpg","UserSelect","/UserSelect.20250808_015550643.jpg","","","-999.99","17.34","-999.99","-999.99","68955926e3a1c300139c2b0b"
"2025-08-08T01:56:05.675Z","0.0000261","-0.0000038","ASNAP","","admin","","","","","","","","","","","","9544506.46","-5103588.75","-0.7","-0.4","98.47","0.76","0.58","SciCam","/SciCam.20250808_015605675.jpg","PilotCam","/PilotCam.20250808_015605675.jpg","BrowCam","/BrowCam.20250808_015605675.jpg","UserSelect","/UserSelect.20250808_015605675.jpg","","","-999.99","17.31","-999.99","-999.99","68955935e3a1c300139c2b0f"
"2025-08-08T01:56:20.708Z","0.0000261","-0.0000038","ASNAP","","admin","","","","","","","","","","","","9544506.46","-5103588.75","-1.3","-0.2","58.77","0.76","0.58","SciCam","/SciCam.20250808_015620708.jpg","PilotCam","/PilotCam.20250808_015620708.jpg","BrowCam","/BrowCam.20250808_015620708.jpg","UserSelect","/UserSelect.20250808_015620708.jpg","","","-999.99","17.30","-999.99","-999.99","68955944e3a1c300139c2b13"
"2025-08-08T01:56:35.741Z","0.0000261","-0.0000038","ASNAP","","admin","","","","","","","","","","","","9544506.46","-5103588.75","-0.8","-1.9","54.13","0.78","0.58","SciCam","/SciCam.20250808_015635741.jpg","PilotCam","/PilotCam.20250808_015635741.jpg","BrowCam","/BrowCam.20250808_015635741.jpg","UserSelect","/UserSelect.20250808_015635741.jpg","","","-999.99","17.30","-999.99","-999.99","68955953e3a1c300139c2b17"
"2025-08-08T01:56:50.773Z","0.0000261","-0.0000038","ASNAP","","admin","","","","","","","","","","","","9544506.46","-5103588.75","-1.2","-1.8","55.79","0.79","0.58","SciCam","/SciCam.20250808_015650773.jpg","PilotCam","/PilotCam.20250808_015650773.jpg","BrowCam","/BrowCam.20250808_015650773.jpg","UserSelect","/UserSelect.20250808_015650773.jpg","","","-999.99","17.31","-999.99","-999.99","68955962e3a1c300139c2b1f"
"2025-08-08T01:56:51.869Z","0.0000261","-0.0000038","ROV Actions","J Box","guest","","","Latching to","","","","","","","","","9544506.46","-5103588.75","-1.5","-1.8","55.81","0.79","0.58","SciCam","/SciCam.20250808_015651869.jpg","PilotCam","/PilotCam.20250808_015651869.jpg","BrowCam","/BrowCam.20250808_015651869.jpg","UserSelect","/UserSelect.20250808_015651869.jpg","","","-999.99","17.30","-999.99","-999.99","68955963e3a1c300139c2b23"
"2025-08-08T01:57:05.807Z","0.0000261","-0.0000038","ASNAP","","admin","","","","","","","","","","","","9544506.46","-5103588.75","-0.8","-2.5","54.07","0.81","0.58","SciCam","/SciCam.20250808_015705807.jpg","PilotCam","/PilotCam.20250808_015705807.jpg","BrowCam","/BrowCam.20250808_015705807.jpg","UserSelect","/UserSelect.20250808_015705807.jpg","","","-999.99","17.31","-999.99","-999.99","68955971e3a1c300139c2b27"
"2025-08-08T01:57:20.841Z","0.0000261","-0.0000038","ASNAP","","admin","","","","","","","","","","","","9544506.46","-5103588.75","-1.9","-1.8","53.89","0.82","0.58","SciCam","/SciCam.20250808_015720841.jpg","PilotCam","/PilotCam.20250808_015720841.jpg","BrowCam","/BrowCam.20250808_015720841.jpg","UserSelect","/UserSelect.20250808_015720841.jpg","","","-999.99","17.33","-999.99","-999.99","68955980e3a1c300139c2b2b"
"2025-08-08T01:57:35.874Z","0.0000261","-0.0000038","ASNAP","","admin","","","","","","","","","","","","9544506.46","-5103588.75","-0.8","-0.3","53.87","0.77","0.58","SciCam","/SciCam.20250808_015735874.jpg","PilotCam","/PilotCam.20250808_015735874.jpg","BrowCam","/BrowCam.20250808_015735874.jpg","UserSelect","/UserSelect.20250808_015735874.jpg","","","-999.99","17.34","-999.99","-999.99","6895598fe3a1c300139c2b2f"
"2025-08-08T01:57:50.908Z","0.0000261","-0.0000038","ASNAP","","admin","","","","","","","","","","","","9544506.46","-5103588.75","-0.5","-0.2","54.27","0.78","0.58","SciCam","/SciCam.20250808_015750908.jpg","PilotCam","/PilotCam.20250808_015750908.jpg","BrowCam","/BrowCam.20250808_015750908.jpg","UserSelect","/UserSelect.20250808_015750908.jpg","","","-999.99","17.37","-999.99","-999.99","6895599ee3a1c300139c2b33"
"2025-08-08T01:58:05.943Z","0.0000261","-0.0000038","ASNAP","","admin","","","","","","","","","","","","9544506.46","-5103588.75","-0.5","0.5","54.54","0.77","0.58","SciCam","/SciCam.20250808_015805943.jpg","PilotCam","/PilotCam.20250808_015805943.jpg","BrowCam","/BrowCam.20250808_015805943.jpg","UserSelect","/UserSelect.20250808_015805943.jpg","","","-999.99","17.38","-999.99","-999.99","689559ade3a1c300139c2b37"
"2025-08-08T01:58:20.978Z","0.0000261","-0.0000038","ASNAP","","admin","","","","","","","","","","","","9544506.46","-5103588.75","-1.4","-0.6","78.34","0.78","0.58","SciCam","/SciCam.20250808_015820978.jpg","PilotCam","/PilotCam.20250808_015820978.jpg","BrowCam","/BrowCam.20250808_015820978.jpg","UserSelect","/UserSelect.20250808_015820978.jpg","","","-999.99","17.39","-999.99","-999.99","689559bce3a1c300139c2b3b"
"2025-08-08T01:58:36.013Z","0.0000261","-0.0000038","ASNAP","","admin","","","","","","","","","","","","9544506.46","-5103588.75","-1.7","-0.7","125.80","0.79","0.58","SciCam","/SciCam.20250808_015836013.jpg","PilotCam","/PilotCam.20250808_015836013.jpg","BrowCam","/BrowCam.20250808_015836013.jpg","UserSelect","/UserSelect.20250808_015836013.jpg","","","-999.99","17.40","-999.99","-999.99","689559cce3a1c300139c2b3f"
"2025-08-08T01:58:51.046Z","0.0000261","-0.0000038","ASNAP","","admin","","","","","","","","","","","","9544506.46","-5103588.75","-0.5","0.2","149.74","0.78","0.58","SciCam","/SciCam.20250808_015851046.jpg","PilotCam","/PilotCam.20250808_015851046.jpg","BrowCam","/BrowCam.20250808_015851046.jpg","UserSelect","/UserSelect.20250808_015851046.jpg","","","-999.99","17.40","-999.99","-999.99","689559dbe3a1c300139c2b43"
"2025-08-08T01:59:06.078Z","0.0000261","-0.0000038","ASNAP","","admin","","","","","","","","","","","","9544506.46","-5103588.75","-1.0","-1.1","149.29","0.81","0.58","SciCam","/SciCam.20250808_015906078.jpg","PilotCam","/PilotCam.20250808_015906078.jpg","BrowCam","/BrowCam.20250808_015906078.jpg","UserSelect","/UserSelect.20250808_015906078.jpg","","","-999.99","17.37","-999.99","-999.99","689559eae3a1c300139c2b47"
"2025-08-08T01:59:21.110Z","0.0000261","-0.0000038","ASNAP","","admin","","","","","","","","","","","","9544506.46","-5103588.75","-0.9","-1.7","149.10","0.80","0.58","SciCam","/SciCam.20250808_015921110.jpg","PilotCam","/PilotCam.20250808_015921110.jpg","BrowCam","/BrowCam.20250808_015921110.jpg","UserSelect","/UserSelect.20250808_015921110.jpg","","","-999.99","17.34","-999.99","-999.99","689559f9e3a1c300139c2b4b"
"2025-08-08T01:59:36.144Z","0.0000261","-0.0000038","ASNAP","","admin","","","","","","","","","","","","9544506.46","-5103588.75","-0.7","-1.9","148.52","0.81","0.58","SciCam","/SciCam.20250808_015936144.jpg","PilotCam","/PilotCam.20250808_015936144.jpg","BrowCam","/BrowCam.20250808_015936144.jpg","UserSelect","/UserSelect.20250808_015936144.jpg","","","-999.99","17.32","-999.99","-999.99","68955a08e3a1c300139c2b4f"
"2025-08-08T01:59:51.179Z","0.0000261","-0.0000038","ASNAP","","admin","","","","","","","","","","","","9544506.46","-5103588.75","1.2","-1.9","133.43","0.79","0.58","SciCam","/SciCam.20250808_015951179.jpg","PilotCam","/PilotCam.20250808_015951179.jpg","BrowCam","/BrowCam.20250808_015951179.jpg","UserSelect","/UserSelect.20250808_015951179.jpg","","","-999.99","17.29","-999.99","-999.99","68955a17e3a1c300139c2b53"
"2025-08-08T01:59:55.875Z","0.0000261","-0.0000038","VEHICLE","","guest","","Jason in water","","","","","","","","","","9544506.46","-5103588.75","0.5","-1.2","139.62","0.81","0.58","SciCam","/SciCam.20250808_015955875.jpg","PilotCam","/PilotCam.20250808_015955875.jpg","BrowCam","/BrowCam.20250808_015955875.jpg","UserSelect","/UserSelect.20250808_015955875.jpg","","","-999.99","17.27","-999.99","-999.99","68955a1be3a1c300139c2b57"
"2025-08-08T02:00:06.215Z","0.0000261","-0.0000038","ASNAP","","admin","","","","","","","","","","","","9544506.46","-5103588.75","-5.0","-6.2","160.74","1.33","0.58","SciCam","/SciCam.20250808_020006215.jpg","PilotCam","/PilotCam.20250808_020006215.jpg","BrowCam","/BrowCam.20250808_020006215.jpg","UserSelect","/UserSelect.20250808_020006215.jpg","","","-999.99","17.29","-999.99","-999.99","68955a26e3a1c300139c2b5b"
"2025-08-08T02:00:21.249Z","0.0000261","-0.0000038","ASNAP","","admin","","","","","","","","","","","","9544506.46","-5103588.75","-0.9","-1.1","148.89","6.20","0.58","SciCam","/SciCam.20250808_020021249.jpg","PilotCam","/PilotCam.20250808_020021249.jpg","BrowCam","/BrowCam.20250808_020021249.jpg","UserSelect","/UserSelect.20250808_020021249.jpg","","","-999.99","17.55","-999.99","-999.99","68955a35e3a1c300139c2b5f"
"2025-08-08T02:00:36.283Z","0.0000261","-0.0000038","ASNAP","","admin","","","","","","","","","","","","9544506.46","-5103588.75","-0.5","-7.2","148.59","9.66","0.58","SciCam","/SciCam.20250808_020036283.jpg","PilotCam","/PilotCam.20250808_020036283.jpg","BrowCam","/BrowCam.20250808_020036283.jpg","UserSelect","/UserSelect.20250808_020036283.jpg","","","-999.99","17.71","-999.99","-999.99","68955a44e3a1c300139c2b63"
"2025-08-08T02:00:51.302Z","0.0000261","-0.0000038","ASNAP","","admin","","","","","","","","","","","","9544506.46","-5103588.75","-0.9","-2.6","147.46","14.38","0.58","SciCam","/SciCam.20250808_020051302.jpg","PilotCam","/PilotCam.20250808_020051302.jpg","BrowCam","/BrowCam.20250808_020051302.jpg","UserSelect","/UserSelect.20250808_020051302.jpg","","","-999.99","17.78","-999.99","-999.99","68955a53e3a1c300139c2b67"
"2025-08-08T02:01:06.336Z","0.0000261","-0.0000038","ASNAP","","admin","","","","","","","","","","","","9544506.46","-5103588.75","-1.3","-4.8","147.98","19.35","0.58","SciCam","/SciCam.20250808_020106336.jpg","PilotCam","/PilotCam.20250808_020106336.jpg","BrowCam","/BrowCam.20250808_020106336.jpg","UserSelect","/UserSelect.20250808_020106336.jpg","","","-999.99","17.79","-999.99","-999.99","68955a62e3a1c300139c2b6b"
"2025-08-08T02:01:21.367Z","0.0000261","-0.0000038","ASNAP","","admin","","","","","","","","","","","","9544506.46","-5103588.75","-0.3","-1.0","148.12","23.20","0.58","SciCam","/SciCam.20250808_020121367.jpg","PilotCam","/PilotCam.20250808_020121367.jpg","BrowCam","/BrowCam.20250808_020121367.jpg","UserSelect","/UserSelect.20250808_020121367.jpg","","","-999.99","17.60","-999.99","-999.99","68955a71e3a1c300139c2b6f"
"2025-08-08T02:01:36.396Z","-0.0000188","0.0000181","ASNAP","","admin","","","","","","","","","","","","9544508.16","-5103593.74","-2.0","-1.8","148.22","22.95","1.28","SciCam","/SciCam.20250808_020136396.jpg","PilotCam","/PilotCam.20250808_020136396.jpg","BrowCam","/BrowCam.20250808_020136396.jpg","UserSelect","/UserSelect.20250808_020136396.jpg","","","-999.99","17.29","-999.99","-999.99","68955a80e3a1c300139c2b73"
"2025-08-08T02:01:51.429Z","-0.0000180","0.0000208","ASNAP","","admin","","","","","","","","","","","","9544508.37","-5103593.65","-2.3","0.3","148.71","22.72","1.48","SciCam","/SciCam.20250808_020151429.jpg","PilotCam","/PilotCam.20250808_020151429.jpg","BrowCam","/BrowCam.20250808_020151429.jpg","UserSelect","/UserSelect.20250808_020151429.jpg","","","-999.99","17.00","-999.99","-999.99","68955a8fe3a1c300139c2b77"
"2025-08-08T02:02:06.459Z","-0.0000180","0.0000208","ASNAP","","admin","","","","","","","","","","","","9544508.37","-5103593.65","-1.2","-2.4","148.34","22.72","1.48","SciCam","/SciCam.20250808_020206459.jpg","PilotCam","/PilotCam.20250808_020206459.jpg","BrowCam","/BrowCam.20250808_020206459.jpg","UserSelect","/UserSelect.20250808_020206459.jpg","","","-999.99","16.84","-999.99","-999.99","68955a9ee3a1c300139c2b7b"
"2025-08-08T02:02:21.493Z","-0.0000180","0.0000208","ASNAP","","admin","","","","","","","","","","","","9544508.37","-5103593.65","-0.7","-0.5","147.68","22.94","1.48","SciCam","/SciCam.20250808_020221493.jpg","PilotCam","/PilotCam.20250808_020221493.jpg","BrowCam","/BrowCam.20250808_020221493.jpg","UserSelect","/UserSelect.20250808_020221493.jpg","","","-999.99","16.70","-999.99","-999.99","68955aade3a1c300139c2b7f"
"2025-08-08T02:02:33.500Z","-0.0000151","0.0000196","ROV Actions"," ","guest","","","First Football on","","","","","","","","","9544508.28","-5103593.33","-0.7","-2.3","147.70","23.37","1.21","SciCam","/SciCam.20250808_020233500.jpg","PilotCam","/PilotCam.20250808_020233500.jpg","BrowCam","/BrowCam.20250808_020233500.jpg","UserSelect","/UserSelect.20250808_020233500.jpg","","","-999.99","16.61","-999.99","-999.99","68955ab9e3a1c300139c2b87"
"2025-08-08T02:02:36.527Z","-0.0000151","0.0000196","ASNAP","","admin","","","","","","","","","","","","9544508.28","-5103593.33","-1.3","-2.2","147.84","23.46","1.21","SciCam","/SciCam.20250808_020236527.jpg","PilotCam","/PilotCam.20250808_020236527.jpg","BrowCam","/BrowCam.20250808_020236527.jpg","UserSelect","/UserSelect.20250808_020236527.jpg","","","-999.99","16.65","-999.99","-999.99","68955abce3a1c300139c2b8b"
"2025-08-08T02:02:51.550Z","-0.0000151","0.0000196","ASNAP","","admin","","","","","","","","","","","","9544508.28","-5103593.33","-1.1","-2.5","148.04","25.09","1.21","SciCam","/SciCam.20250808_020251550.jpg","PilotCam","/PilotCam.20250808_020251550.jpg","BrowCam","/BrowCam.20250808_020251550.jpg","UserSelect","/UserSelect.20250808_020251550.jpg","","","-999.99","16.46","-999.99","-999.99","68955acbe3a1c300139c2b8f"
"2025-08-08T02:03:06.581Z","-0.0000151","0.0000196","ASNAP","","admin","","","","","","","","","","","","9544508.28","-5103593.33","-0.9","-3.0","148.14","26.76","1.21","SciCam","/SciCam.20250808_020306581.jpg","PilotCam","/PilotCam.20250808_020306581.jpg","BrowCam","/BrowCam.20250808_020306581.jpg","UserSelect","/UserSelect.20250808_020306581.jpg","","","-999.99","16.40","-999.99","-999.99","68955adae3a1c300139c2b93"
"2025-08-08T02:03:21.615Z","-0.0000151","0.0000196","ASNAP","","admin","","","","","","","","","","","","9544508.28","-5103593.33","-0.7","-3.4","148.31","28.11","1.21","SciCam","/SciCam.20250808_020321615.jpg","PilotCam","/PilotCam.20250808_020321615.jpg","BrowCam","/BrowCam.20250808_020321615.jpg","UserSelect","/UserSelect.20250808_020321615.jpg","","","-999.99","16.31","-999.99","-999.99","68955ae9e3a1c300139c2b97"
"2025-08-08T02:03:36.646Z","-0.0000151","0.0000196","ASNAP","","admin","","","","","","","","","","","","9544508.28","-5103593.33","-1.0","-1.3","148.05","29.54","1.21","SciCam","/SciCam.20250808_020336646.jpg","PilotCam","/PilotCam.20250808_020336646.jpg","BrowCam","/BrowCam.20250808_020336646.jpg","UserSelect","/UserSelect.20250808_020336646.jpg","","","-999.99","16.17","-999.99","-999.99","68955af8e3a1c300139c2b9b"
"2025-08-08T02:03:51.677Z","-0.0000151","0.0000196","ASNAP","","admin","","","","","","","","","","","","9544508.28","-5103593.33","-1.0","-1.1","148.13","30.73","1.21","SciCam","/SciCam.20250808_020351677.jpg","PilotCam","/PilotCam.20250808_020351677.jpg","BrowCam","/BrowCam.20250808_020351677.jpg","UserSelect","/UserSelect.20250808_020351677.jpg","","","-999.99","16.06","-999.99","-999.99","68955b07e3a1c300139c2b9f"
"2025-08-08T02:04:06.711Z","-0.0000151","0.0000196","ASNAP","","admin","","","","","","","","","","","","9544508.28","-5103593.33","-1.0","-2.7","148.48","32.02","1.21","SciCam","/SciCam.20250808_020406711.jpg","PilotCam","/PilotCam.20250808_020406711.jpg","BrowCam","/BrowCam.20250808_020406711.jpg","UserSelect","/UserSelect.20250808_020406711.jpg","","","-999.99","15.88","-999.99","-999.99","68955b16e3a1c300139c2ba3"
"2025-08-08T02:04:21.740Z","-0.0000151","0.0000196","ASNAP","","admin","","","","","","","","","","","","9544508.28","-5103593.33","-0.8","-1.7","148.35","33.76","1.21","SciCam","/SciCam.20250808_020421740.jpg","PilotCam","/PilotCam.20250808_020421740.jpg","BrowCam","/BrowCam.20250808_020421740.jpg","UserSelect","/UserSelect.20250808_020421740.jpg","","","-999.99","15.70","-999.99","-999.99","68955b25e3a1c300139c2ba7"
"2025-08-08T02:04:36.771Z","-0.0000143","0.0000186","ASNAP","","admin","","","","","","","","","","","","9544508.20","-5103593.24","-0.6","-2.2","148.11","35.05","1.28","SciCam","/SciCam.20250808_020436771.jpg","PilotCam","/PilotCam.20250808_020436771.jpg","BrowCam","/BrowCam.20250808_020436771.jpg","UserSelect","/UserSelect.20250808_020436771.jpg","","","-999.99","15.52","-999.99","-999.99","68955b34e3a1c300139c2bab"
"2025-08-08T02:04:51.804Z","-0.0000138","0.0000202","ASNAP","","admin","","","","","","","","","","","","9544508.32","-5103593.19","-0.3","-2.4","148.43","36.20","1.28","SciCam","/SciCam.20250808_020451804.jpg","PilotCam","/PilotCam.20250808_020451804.jpg","BrowCam","/BrowCam.20250808_020451804.jpg","UserSelect","/UserSelect.20250808_020451804.jpg","","","-999.99","15.35","-999.99","-999.99","68955b43e3a1c300139c2baf"
"2025-08-08T02:05:06.838Z","-0.0000129","0.0000220","ASNAP","","admin","","","","","","","","","","","","9544508.46","-5103593.09","0.3","0.4","147.46","38.48","1.28","SciCam","/SciCam.20250808_020506838.jpg","PilotCam","/PilotCam.20250808_020506838.jpg","BrowCam","/BrowCam.20250808_020506838.jpg","UserSelect","/UserSelect.20250808_020506838.jpg","","","-999.99","15.09","-999.99","-999.99","68955b52e3a1c300139c2bb3"
"2025-08-08T02:05:21.871Z","-0.0000129","0.0000220","ASNAP","","admin","","","","","","","","","","","","9544508.46","-5103593.09","0.5","1.2","147.36","39.49","1.28","SciCam","/SciCam.20250808_020521871.jpg","PilotCam","/PilotCam.20250808_020521871.jpg","BrowCam","/BrowCam.20250808_020521871.jpg","UserSelect","/UserSelect.20250808_020521871.jpg","","","-999.99","14.77","-999.99","-999.99","68955b61e3a1c300139c2bb7"
"2025-08-08T02:05:36.901Z","-0.0000129","0.0000220","ASNAP","","admin","","","","","","","","","","","","9544508.46","-5103593.09","-0.9","-3.0","148.47","40.25","1.28","SciCam","/SciCam.20250808_020536901.jpg","PilotCam","/PilotCam.20250808_020536901.jpg","BrowCam","/BrowCam.20250808_020536901.jpg","UserSelect","/UserSelect.20250808_020536901.jpg","","","-999.99","14.36","-999.99","-999.99","68955b70e3a1c300139c2bbb"
"2025-08-08T02:05:51.934Z","-0.0000129","0.0000220","ASNAP","","admin","","","","","","","","","","","","9544508.46","-5103593.09","-0.8","-4.4","148.26","41.12","1.28","SciCam","/SciCam.20250808_020551934.jpg","PilotCam","/PilotCam.20250808_020551934.jpg","BrowCam","/BrowCam.20250808_020551934.jpg","UserSelect","/UserSelect.20250808_020551934.jpg","","","-999.99","14.09","-999.99","-999.99","68955b7fe3a1c300139c2bbf"
"2025-08-08T02:06:06.969Z","-0.0000129","0.0000220","ASNAP","","admin","","","","","","","","","","","","9544508.46","-5103593.09","-0.3","-1.7","147.88","43.08","1.28","SciCam","/SciCam.20250808_020606969.jpg","PilotCam","/PilotCam.20250808_020606969.jpg","BrowCam","/BrowCam.20250808_020606969.jpg","UserSelect","/UserSelect.20250808_020606969.jpg","","","-999.99","13.83","-999.99","-999.99","68955b8ee3a1c300139c2bc3"
"2025-08-08T02:06:22.002Z","-0.0000129","0.0000220","ASNAP","","admin","","","","","","","","","","","","9544508.46","-5103593.09","-0.8","-0.1","147.79","43.73","1.28","SciCam","/SciCam.20250808_020622002.jpg","PilotCam","/PilotCam.20250808_020622002.jpg","BrowCam","/BrowCam.20250808_020622002.jpg","UserSelect","/UserSelect.20250808_020622002.jpg","","","-999.99","13.56","-999.99","-999.99","68955b9ee3a1c300139c2bc7"
"2025-08-08T02:06:37.034Z","-0.0000129","0.0000220","ASNAP","","admin","","","","","","","","","","","","9544508.46","-5103593.09","-0.9","-3.4","148.69","44.48","1.28","SciCam","/SciCam.20250808_020637034.jpg","PilotCam","/PilotCam.20250808_020637034.jpg","BrowCam","/BrowCam.20250808_020637034.jpg","UserSelect","/UserSelect.20250808_020637034.jpg","","","-999.99","13.35","-999.99","-999.99","68955bade3a1c300139c2bcb"
"2025-08-08T02:06:52.066Z","-0.0000133","0.0000218","ASNAP","","admin","","","","","","","","","","","","9544508.45","-5103593.13","-0.8","-2.4","148.71","46.33","1.31","SciCam","/SciCam.20250808_020652066.jpg","PilotCam","/PilotCam.20250808_020652066.jpg","BrowCam","/BrowCam.20250808_020652066.jpg","UserSelect","/UserSelect.20250808_020652066.jpg","","","-999.99","13.19","-999.99","-999.99","68955bbce3a1c300139c2bcf"
"2025-08-08T02:07:07.092Z","-0.0000133","0.0000213","ASNAP","","admin","","","","","","","","","","","","9544508.41","-5103593.13","-0.6","-1.8","147.53","48.01","1.24","SciCam","/SciCam.20250808_020707092.jpg","PilotCam","/PilotCam.20250808_020707092.jpg","BrowCam","/BrowCam.20250808_020707092.jpg","UserSelect","/UserSelect.20250808_020707092.jpg","","","-999.99","13.01","-999.99","-999.99","68955bcbe3a1c300139c2bd3"
"2025-08-08T02:07:22.121Z","-0.0000133","0.0000213","ASNAP","","admin","","","","","","","","","","","","9544508.41","-5103593.13","-0.6","-1.6","148.25","49.07","1.24","SciCam","/SciCam.20250808_020722121.jpg","PilotCam","/PilotCam.20250808_020722121.jpg","BrowCam","/BrowCam.20250808_020722121.jpg","UserSelect","/UserSelect.20250808_020722121.jpg","","","-999.99","12.89","-999.99","-999.99","68955bdae3a1c300139c2bd7"
"2025-08-08T02:07:36.469Z","-0.0000129","0.0000216","ROV Actions"," ","guest","","","Last Football on","","","","","","","","","9544508.43","-5103593.09","-0.9","-1.0","148.28","48.97","1.28","SciCam","/SciCam.20250808_020736469.jpg","PilotCam","/PilotCam.20250808_020736469.jpg","BrowCam","/BrowCam.20250808_020736469.jpg","UserSelect","/UserSelect.20250808_020736469.jpg","","","-999.99","12.74","-999.99","-999.99","68955be8e3a1c300139c2bdb"
"2025-08-08T02:07:37.144Z","-0.0000129","0.0000216","ASNAP","","admin","","","","","","","","","","","","9544508.43","-5103593.09","-0.9","-1.0","148.28","48.97","1.28","SciCam","/SciCam.20250808_020737144.jpg","PilotCam","/PilotCam.20250808_020737144.jpg","BrowCam","/BrowCam.20250808_020737144.jpg","UserSelect","/UserSelect.20250808_020737144.jpg","","","-999.99","12.76","-999.99","-999.99","68955be9e3a1c300139c2bdf"
"2025-08-08T02:07:52.161Z","-0.0000137","0.0000225","ASNAP","","admin","","","","","","","","","","","","9544508.50","-5103593.17","-1.4","-4.6","147.80","51.34","1.28","SciCam","/SciCam.20250808_020752161.jpg","PilotCam","/PilotCam.20250808_020752161.jpg","BrowCam","/BrowCam.20250808_020752161.jpg","UserSelect","/UserSelect.20250808_020752161.jpg","","","-999.99","12.61","-999.99","-999.99","68955bf8e3a1c300139c2be3"
"2025-08-08T02:08:07.191Z","-0.0000137","0.0000225","ASNAP","","admin","","","","","","","","","","","","9544508.50","-5103593.17","-1.1","-4.0","149.29","55.67","1.28","SciCam","/SciCam.20250808_020807191.jpg","PilotCam","/PilotCam.20250808_020807191.jpg","BrowCam","/BrowCam.20250808_020807191.jpg","UserSelect","/UserSelect.20250808_020807191.jpg","","","-999.99","12.47","-999.99","-999.99","68955c07e3a1c300139c2be7"
"2025-08-08T02:08:22.223Z","-0.0000137","0.0000225","ASNAP","","admin","","","","","","","","","","","","9544508.50","-5103593.17","-1.1","-3.1","148.96","60.16","1.28","SciCam","/SciCam.20250808_020822223.jpg","PilotCam","/PilotCam.20250808_020822223.jpg","BrowCam","/BrowCam.20250808_020822223.jpg","UserSelect","/UserSelect.20250808_020822223.jpg","","","-999.99","12.25","-999.99","-999.99","68955c16e3a1c300139c2beb"
"2025-08-08T02:08:37.255Z","-0.0000137","0.0000225","ASNAP","","admin","","","","","","","","","","","","9544508.50","-5103593.17","-1.0","-3.7","149.85","64.80","1.28","SciCam","/SciCam.20250808_020837255.jpg","PilotCam","/PilotCam.20250808_020837255.jpg","BrowCam","/BrowCam.20250808_020837255.jpg","UserSelect","/UserSelect.20250808_020837255.jpg","","","-999.99","12.07","-999.99","-999.99","68955c25e3a1c300139c2bef"
"2025-08-08T02:08:52.288Z","-0.0000137","0.0000225","ASNAP","","admin","","","","","","","","","","","","9544508.50","-5103593.17","-1.0","-2.7","148.75","70.15","1.28","SciCam","/SciCam.20250808_020852288.jpg","PilotCam","/PilotCam.20250808_020852288.jpg","BrowCam","/BrowCam.20250808_020852288.jpg","UserSelect","/UserSelect.20250808_020852288.jpg","","","-999.99","11.74","-999.99","-999.99","68955c34e3a1c300139c2bf3"
"2025-08-08T02:09:07.320Z","-0.0000137","0.0000225","ASNAP","","admin","","","","","","","","","","","","9544508.50","-5103593.17","-1.3","-1.6","148.86","75.90","1.28","SciCam","/SciCam.20250808_020907320.jpg","PilotCam","/PilotCam.20250808_020907320.jpg","BrowCam","/BrowCam.20250808_020907320.jpg","UserSelect","/UserSelect.20250808_020907320.jpg","","","-999.99","11.30","-999.99","-999.99","68955c43e3a1c300139c2bf7"
"2025-08-08T02:09:22.339Z","-0.0000137","0.0000225","ASNAP","","admin","","","","","","","","","","","","9544508.50","-5103593.17","-1.1","-1.8","148.99","80.81","1.28","SciCam","/SciCam.20250808_020922339.jpg","PilotCam","/PilotCam.20250808_020922339.jpg","BrowCam","/BrowCam.20250808_020922339.jpg","UserSelect","/UserSelect.20250808_020922339.jpg","","","-999.99","10.83","-999.99","-999.99","68955c52e3a1c300139c2bfb"
"2025-08-08T02:09:37.373Z","-0.0000142","0.0000226","ASNAP","","admin","","","","","","","","","","","","9544508.51","-5103593.23","-0.9","0.0","148.80","85.96","1.31","SciCam","/SciCam.20250808_020937373.jpg","PilotCam","/PilotCam.20250808_020937373.jpg","BrowCam","/BrowCam.20250808_020937373.jpg","UserSelect","/UserSelect.20250808_020937373.jpg","","","-999.99","10.38","-999.99","-999.99","68955c61e3a1c300139c2bff"
"2025-08-08T02:09:52.407Z","-0.0000132","0.0000234","ASNAP","","admin","","","","","","","","","","","","9544508.57","-5103593.12","-0.6","-2.7","149.14","90.52","1.31","SciCam","/SciCam.20250808_020952407.jpg","PilotCam","/PilotCam.20250808_020952407.jpg","BrowCam","/BrowCam.20250808_020952407.jpg","UserSelect","/UserSelect.20250808_020952407.jpg","","","-999.99","9.97","-999.99","-999.99","68955c70e3a1c300139c2c03"
"2025-08-08T02:10:07.438Z","-0.0000090","0.0000205","ASNAP","","admin","","","","","","","","","","","","9544508.35","-5103592.65","-0.9","-0.8","148.90","96.06","1.31","SciCam","/SciCam.20250808_021007438.jpg","PilotCam","/PilotCam.20250808_021007438.jpg","BrowCam","/BrowCam.20250808_021007438.jpg","UserSelect","/UserSelect.20250808_021007438.jpg","","","-999.99","9.60","-999.99","-999.99","68955c7fe3a1c300139c2c07"
"2025-08-08T02:10:22.471Z","-0.0000086","0.0000211","ASNAP","","admin","","","","","","","","","","","","9544508.39","-5103592.61","-0.9","-2.3","149.32","100.93","1.31","SciCam","/SciCam.20250808_021022471.jpg","PilotCam","/PilotCam.20250808_021022471.jpg","BrowCam","/BrowCam.20250808_021022471.jpg","UserSelect","/UserSelect.20250808_021022471.jpg","","","-999.99","9.38","-999.99","-999.99","68955c8ee3a1c300139c2c0b"
"2025-08-08T02:10:37.502Z","-0.0000068","0.0000222","ASNAP","","admin","","","","","","","","","","","","9544508.48","-5103592.41","-0.8","-2.5","149.19","106.40","1.31","SciCam","/SciCam.20250808_021037502.jpg","PilotCam","/PilotCam.20250808_021037502.jpg","BrowCam","/BrowCam.20250808_021037502.jpg","UserSelect","/UserSelect.20250808_021037502.jpg","","","-999.99","9.22","-999.99","-999.99","68955c9de3a1c300139c2c0f"
"2025-08-08T02:10:52.532Z","-0.0000057","0.0000231","ASNAP","","admin","","","","","","","","","","","","9544508.55","-5103592.29","-0.8","-0.7","148.83","112.20","1.31","SciCam","/SciCam.20250808_021052532.jpg","PilotCam","/PilotCam.20250808_021052532.jpg","BrowCam","/BrowCam.20250808_021052532.jpg","UserSelect","/UserSelect.20250808_021052532.jpg","","","-999.99","9.02","-999.99","-999.99","68955cace3a1c300139c2c13"
"2025-08-08T02:11:07.564Z","-0.0000053","0.0000242","ASNAP","","admin","","","","","","","","","","","","9544508.63","-5103592.24","-1.1","-0.3","148.98","117.00","1.31","SciCam","/SciCam.20250808_021107564.jpg","PilotCam","/PilotCam.20250808_021107564.jpg","BrowCam","/BrowCam.20250808_021107564.jpg","UserSelect","/UserSelect.20250808_021107564.jpg","","","-999.99","8.86","-999.99","-999.99","68955cbbe3a1c300139c2c17"
"2025-08-08T02:11:22.595Z","-0.0000052","0.0000247","ASNAP","","admin","","","","","","","","","","","","9544508.67","-5103592.23","-1.0","-2.2","149.22","122.17","1.31","SciCam","/SciCam.20250808_021122595.jpg","PilotCam","/PilotCam.20250808_021122595.jpg","BrowCam","/BrowCam.20250808_021122595.jpg","UserSelect","/UserSelect.20250808_021122595.jpg","","","-999.99","8.75","-999.99","-999.99","68955ccae3a1c300139c2c1b"
"2025-08-08T02:11:37.623Z","-0.0000061","0.0000252","ASNAP","","admin","","","","","","","","","","","","9544508.71","-5103592.33","-0.9","-1.1","149.01","127.17","1.52","SciCam","/SciCam.20250808_021137623.jpg","PilotCam","/PilotCam.20250808_021137623.jpg","BrowCam","/BrowCam.20250808_021137623.jpg","UserSelect","/UserSelect.20250808_021137623.jpg","","","-999.99","8.52","-999.99","-999.99","68955cd9e3a1c300139c2c1f"
"2025-08-08T02:11:52.651Z","-0.0000064","0.0000245","ASNAP","","admin","","","","","","","","","","","","9544508.66","-5103592.36","-1.0","-2.8","149.13","131.67","1.31","SciCam","/SciCam.20250808_021152651.jpg","PilotCam","/PilotCam.20250808_021152651.jpg","BrowCam","/BrowCam.20250808_021152651.jpg","UserSelect","/UserSelect.20250808_021152651.jpg","","","-999.99","8.42","-999.99","-999.99","68955ce8e3a1c300139c2c23"
"2025-08-08T02:12:07.672Z","-0.0000060","0.0000251","ASNAP","","admin","","","","","","","","","","","","9544508.70","-5103592.32","-0.8","-3.7","148.73","137.64","1.31","SciCam","/SciCam.20250808_021207672.jpg","PilotCam","/PilotCam.20250808_021207672.jpg","BrowCam","/BrowCam.20250808_021207672.jpg","UserSelect","/UserSelect.20250808_021207672.jpg","","","-999.99","8.18","-999.99","-999.99","68955cf7e3a1c300139c2c27"
"2025-08-08T02:12:22.706Z","-0.0000078","0.0000239","ASNAP","","admin","","","","","","","","","","","","9544508.61","-5103592.52","-0.9","-0.6","149.44","140.02","1.31","SciCam","/SciCam.20250808_021222706.jpg","PilotCam","/PilotCam.20250808_021222706.jpg","BrowCam","/BrowCam.20250808_021222706.jpg","UserSelect","/UserSelect.20250808_021222706.jpg","","","-999.99","8.12","-999.99","-999.99","68955d06e3a1c300139c2c2b"
"2025-08-08T02:12:37.740Z","-0.0000078","0.0000239","ASNAP","","admin","","","","","","","","","","","","9544508.61","-5103592.52","-1.2","-3.1","150.19","138.96","1.31","SciCam","/SciCam.20250808_021237740.jpg","PilotCam","/PilotCam.20250808_021237740.jpg","BrowCam","/BrowCam.20250808_021237740.jpg","UserSelect","/UserSelect.20250808_021237740.jpg","","","-999.99","8.00","-999.99","-999.99","68955d15e3a1c300139c2c2f"
"2025-08-08T02:12:52.772Z","-0.0000086","0.0000230","ASNAP","","admin","","","","","","","","","","","","9544508.54","-5103592.61","-0.9","-2.1","149.57","139.14","1.31","SciCam","/SciCam.20250808_021252772.jpg","PilotCam","/PilotCam.20250808_021252772.jpg","BrowCam","/BrowCam.20250808_021252772.jpg","UserSelect","/UserSelect.20250808_021252772.jpg","","","-999.99","7.91","-999.99","-999.99","68955d24e3a1c300139c2c33"
"2025-08-08T02:13:07.806Z","-0.0000107","0.0000224","ASNAP","","admin","","","","","","","","","","","","9544508.49","-5103592.84","-0.9","-4.0","149.68","139.52","1.52","SciCam","/SciCam.20250808_021307806.jpg","PilotCam","/PilotCam.20250808_021307806.jpg","BrowCam","/BrowCam.20250808_021307806.jpg","UserSelect","/UserSelect.20250808_021307806.jpg","","","-999.99","7.87","-999.99","-999.99","68955d33e3a1c300139c2c37"
"2025-08-08T02:13:22.839Z","-0.0000114","0.0000216","ASNAP","","admin","","","","","","","","","","","","9544508.43","-5103592.92","-0.9","-2.9","149.73","140.12","1.24","SciCam","/SciCam.20250808_021322839.jpg","PilotCam","/PilotCam.20250808_021322839.jpg","BrowCam","/BrowCam.20250808_021322839.jpg","UserSelect","/UserSelect.20250808_021322839.jpg","","","-999.99","7.87","-999.99","-999.99","68955d42e3a1c300139c2c3b"
"2025-08-08T02:13:23.701Z","-0.0000113","0.0000213","ROV Actions","Beacon on","guest","","","Transponder on","","","","","","","","","9544508.41","-5103592.91","-0.9","-2.1","149.43","140.58","1.24","SciCam","/SciCam.20250808_021323701.jpg","PilotCam","/PilotCam.20250808_021323701.jpg","BrowCam","/BrowCam.20250808_021323701.jpg","UserSelect","/UserSelect.20250808_021323701.jpg","","","-999.99","7.86","-999.99","-999.99","68955d43e3a1c300139c2c3f"
"2025-08-08T02:13:37.873Z","-0.0000120","0.0000209","ASNAP","","admin","","","","","","","","","","","","9544508.38","-5103592.98","-0.7","-2.5","148.39","142.76","1.31","SciCam","/SciCam.20250808_021337873.jpg","PilotCam","/PilotCam.20250808_021337873.jpg","BrowCam","/BrowCam.20250808_021337873.jpg","UserSelect","/UserSelect.20250808_021337873.jpg","","","-999.99","7.85","-999.99","-999.99","68955d51e3a1c300139c2c43"
"2025-08-08T02:13:52.908Z","-0.0000135","0.0000194","ASNAP","","admin","","","","","","","","","","","","9544508.26","-5103593.15","-0.9","-3.5","149.25","147.22","1.21","SciCam","/SciCam.20250808_021352908.jpg","PilotCam","/PilotCam.20250808_021352908.jpg","BrowCam","/BrowCam.20250808_021352908.jpg","UserSelect","/UserSelect.20250808_021352908.jpg","","","-999.99","7.94","-999.99","-999.99","68955d60e3a1c300139c2c47"
"2025-08-08T02:14:07.941Z","-0.0000138","0.0000204","ASNAP","","admin","","","","","","","","","","","","9544508.34","-5103593.18","-0.5","-0.8","149.14","153.22","1.31","SciCam","/SciCam.20250808_021407941.jpg","PilotCam","/PilotCam.20250808_021407941.jpg","BrowCam","/BrowCam.20250808_021407941.jpg","UserSelect","/UserSelect.20250808_021407941.jpg","","","-999.99","7.79","-999.99","-999.99","68955d6fe3a1c300139c2c4b"
"2025-08-08T02:14:22.974Z","-0.0000130","0.0000207","ASNAP","","admin","","","","","","","","","","","","9544508.36","-5103593.10","-1.1","-3.2","149.22","157.21","1.18","SciCam","/SciCam.20250808_021422974.jpg","PilotCam","/PilotCam.20250808_021422974.jpg","BrowCam","/BrowCam.20250808_021422974.jpg","UserSelect","/UserSelect.20250808_021422974.jpg","","","-999.99","7.75","-999.99","-999.99","68955d7ee3a1c300139c2c4f"
"2025-08-08T02:14:38.010Z","-0.0000129","0.0000205","ASNAP","","admin","","","","","","","","","","","","9544508.35","-5103593.09","-0.9","-4.9","150.42","156.82","1.52","SciCam","/SciCam.20250808_021438010.jpg","PilotCam","/PilotCam.20250808_021438010.jpg","BrowCam","/BrowCam.20250808_021438010.jpg","UserSelect","/UserSelect.20250808_021438010.jpg","","","-999.99","7.71","-999.99","-999.99","68955d8ee3a1c300139c2c53"
"2025-08-08T02:14:53.041Z","-0.0000129","0.0000205","ASNAP","","admin","","","","","","","","","","","","9544508.35","-5103593.09","-0.8","-2.6","150.45","158.46","1.52","SciCam","/SciCam.20250808_021453041.jpg","PilotCam","/PilotCam.20250808_021453041.jpg","BrowCam","/BrowCam.20250808_021453041.jpg","UserSelect","/UserSelect.20250808_021453041.jpg","","","-999.99","7.67","-999.99","-999.99","68955d9de3a1c300139c2c57"
"2025-08-08T02:15:08.075Z","-0.0000122","0.0000218","ASNAP","","admin","","","","","","","","","","","","9544508.45","-5103593.01","-1.0","-3.2","149.59","157.83","1.31","SciCam","/SciCam.20250808_021508075.jpg","PilotCam","/PilotCam.20250808_021508075.jpg","BrowCam","/BrowCam.20250808_021508075.jpg","UserSelect","/UserSelect.20250808_021508075.jpg","","","-999.99","7.62","-999.99","-999.99","68955dace3a1c300139c2c5b"
"2025-08-08T02:15:23.106Z","-0.0000119","0.0000224","ASNAP","","admin","","","","","","","","","","","","9544508.49","-5103592.97","-1.3","-3.0","149.02","164.05","1.31","SciCam","/SciCam.20250808_021523106.jpg","PilotCam","/PilotCam.20250808_021523106.jpg","BrowCam","/BrowCam.20250808_021523106.jpg","UserSelect","/UserSelect.20250808_021523106.jpg","","","-999.99","7.56","-999.99","-999.99","68955dbbe3a1c300139c2c5f"
"2025-08-08T02:15:38.140Z","-0.0000117","0.0000220","ASNAP","","admin","","","","","","","","","","","","9544508.46","-5103592.95","-1.8","-3.4","149.27","170.90","1.21","SciCam","/SciCam.20250808_021538140.jpg","PilotCam","/PilotCam.20250808_021538140.jpg","BrowCam","/BrowCam.20250808_021538140.jpg","UserSelect","/UserSelect.20250808_021538140.jpg","","","-999.99","7.47","-999.99","-999.99","68955dcae3a1c300139c2c63"
"2025-08-08T02:15:53.170Z","-0.0000117","0.0000220","ASNAP","","admin","","","","","","","","","","","","9544508.46","-5103592.95","-1.3","-2.4","149.27","178.77","1.21","SciCam","/SciCam.20250808_021553170.jpg","PilotCam","/PilotCam.20250808_021553170.jpg","BrowCam","/BrowCam.20250808_021553170.jpg","UserSelect","/UserSelect.20250808_021553170.jpg","","","-999.99","7.33","-999.99","-999.99","68955dd9e3a1c300139c2c67"
"2025-08-08T02:16:08.202Z","-0.0000117","0.0000220","ASNAP","","admin","","","","","","","","","","","","9544508.46","-5103592.95","-0.8","-3.1","149.45","186.13","1.21","SciCam","/SciCam.20250808_021608202.jpg","PilotCam","/PilotCam.20250808_021608202.jpg","BrowCam","/BrowCam.20250808_021608202.jpg","UserSelect","/UserSelect.20250808_021608202.jpg","","","-999.99","7.11","-999.99","-999.99","68955de8e3a1c300139c2c6b"
"2025-08-08T02:16:23.234Z","-0.0000117","0.0000220","ASNAP","","admin","","","","","","","","","","","","9544508.46","-5103592.95","-1.4","-2.3","149.28","194.03","1.21","SciCam","/SciCam.20250808_021623234.jpg","PilotCam","/PilotCam.20250808_021623234.jpg","BrowCam","/BrowCam.20250808_021623234.jpg","UserSelect","/UserSelect.20250808_021623234.jpg","","","-999.99","6.95","-999.99","-999.99","68955df7e3a1c300139c2c6f"
"2025-08-08T02:16:38.263Z","-0.0000117","0.0000220","ASNAP","","admin","","","","","","","","","","","","9544508.46","-5103592.95","-1.2","-0.6","149.19","201.72","1.21","SciCam","/SciCam.20250808_021638263.jpg","PilotCam","/PilotCam.20250808_021638263.jpg","BrowCam","/BrowCam.20250808_021638263.jpg","UserSelect","/UserSelect.20250808_021638263.jpg","","","-999.99","6.77","-999.99","-999.99","68955e06e3a1c300139c2c73"
"2025-08-08T02:16:53.294Z","-0.0000117","0.0000220","ASNAP","","admin","","","","","","","","","","","","9544508.46","-5103592.95","-0.7","-2.2","149.04","209.57","1.21","SciCam","/SciCam.20250808_021653294.jpg","PilotCam","/PilotCam.20250808_021653294.jpg","BrowCam","/BrowCam.20250808_021653294.jpg","UserSelect","/UserSelect.20250808_021653294.jpg","","","-3.65","6.69","-3.65","-999.99","68955e15e3a1c300139c2c77"
"2025-08-08T02:17:08.328Z","-0.0000117","0.0000220","ASNAP","","admin","","","","","","","","","","","","9544508.46","-5103592.95","-1.1","-2.6","148.88","216.17","1.21","SciCam","/SciCam.20250808_021708328.jpg","PilotCam","/PilotCam.20250808_021708328.jpg","BrowCam","/BrowCam.20250808_021708328.jpg","UserSelect","/UserSelect.20250808_021708328.jpg","","","-3.65","6.62","-3.65","-999.99","68955e24e3a1c300139c2c7b"
"2025-08-08T02:17:23.361Z","-0.0000117","0.0000220","ASNAP","","admin","","","","","","","","","","","","9544508.46","-5103592.95","-0.8","-4.2","149.25","224.08","1.21","SciCam","/SciCam.20250808_021723361.jpg","PilotCam","/PilotCam.20250808_021723361.jpg","BrowCam","/BrowCam.20250808_021723361.jpg","UserSelect","/UserSelect.20250808_021723361.jpg","","","-3.65","6.48","-3.65","-999.99","68955e33e3a1c300139c2c7f"
"2025-08-08T02:17:38.395Z","-0.0000117","0.0000220","ASNAP","","admin","","","","","","","","","","","","9544508.46","-5103592.95","-1.4","-0.9","149.06","231.51","1.21","SciCam","/SciCam.20250808_021738395.jpg","PilotCam","/PilotCam.20250808_021738395.jpg","BrowCam","/BrowCam.20250808_021738395.jpg","UserSelect","/UserSelect.20250808_021738395.jpg","","","-3.65","6.39","-3.65","-999.99","68955e42e3a1c300139c2c83"
"2025-08-08T02:17:53.429Z","-0.0000117","0.0000220","ASNAP","","admin","","","","","","","","","","","","9544508.46","-5103592.95","-1.3","-0.2","148.99","238.92","1.21","SciCam","/SciCam.20250808_021753429.jpg","PilotCam","/PilotCam.20250808_021753429.jpg","BrowCam","/BrowCam.20250808_021753429.jpg","UserSelect","/UserSelect.20250808_021753429.jpg","","","-3.65","6.30","-3.65","-999.99","68955e51e3a1c300139c2c87"
"2025-08-08T02:18:08.464Z","-0.0000117","0.0000220","ASNAP","","admin","","","","","","","","","","","","9544508.46","-5103592.95","-0.9","-3.2","149.18","246.69","1.21","SciCam","/SciCam.20250808_021808464.jpg","PilotCam","/PilotCam.20250808_021808464.jpg","BrowCam","/BrowCam.20250808_021808464.jpg","UserSelect","/UserSelect.20250808_021808464.jpg","","","-3.65","6.21","-3.65","-999.99","68955e60e3a1c300139c2c8b"
"2025-08-08T02:18:23.496Z","-0.0000117","0.0000220","ASNAP","","admin","","","","","","","","","","","","9544508.46","-5103592.95","-1.1","-2.8","149.09","253.69","1.21","SciCam","/SciCam.20250808_021823496.jpg","PilotCam","/PilotCam.20250808_021823496.jpg","BrowCam","/BrowCam.20250808_021823496.jpg","UserSelect","/UserSelect.20250808_021823496.jpg","","","-3.65","6.09","-999.99","-999.99","68955e6fe3a1c300139c2c8f"
"2025-08-08T02:18:38.527Z","-0.0000117","0.0000220","ASNAP","","admin","","","","","","","","","","","","9544508.46","-5103592.95","-0.9","-2.7","149.18","261.78","1.21","SciCam","/SciCam.20250808_021838527.jpg","PilotCam","/PilotCam.20250808_021838527.jpg","BrowCam","/BrowCam.20250808_021838527.jpg","UserSelect","/UserSelect.20250808_021838527.jpg","","","-3.65","6.06","-3.65","-999.99","68955e7ee3a1c300139c2c93"
"2025-08-08T02:18:53.560Z","-0.0000117","0.0000220","ASNAP","","admin","","","","","","","","","","","","9544508.46","-5103592.95","-1.0","-2.4","149.44","268.92","1.21","SciCam","/SciCam.20250808_021853560.jpg","PilotCam","/PilotCam.20250808_021853560.jpg","BrowCam","/BrowCam.20250808_021853560.jpg","UserSelect","/UserSelect.20250808_021853560.jpg","","","-3.65","5.97","-3.65","-999.99","68955e8de3a1c300139c2c97"
"2025-08-08T02:19:08.594Z","-0.0000117","0.0000220","ASNAP","","admin","","","","","","","","","","","","9544508.46","-5103592.95","-1.0","-2.2","149.08","276.35","1.21","SciCam","/SciCam.20250808_021908594.jpg","PilotCam","/PilotCam.20250808_021908594.jpg","BrowCam","/BrowCam.20250808_021908594.jpg","UserSelect","/UserSelect.20250808_021908594.jpg","","","-3.65","5.93","-999.99","-999.99","68955e9ce3a1c300139c2c9b"
"2025-08-08T02:19:23.626Z","-0.0000117","0.0000220","ASNAP","","admin","","","","","","","","","","","","9544508.46","-5103592.95","-0.8","-4.2","149.40","283.53","1.21","SciCam","/SciCam.20250808_021923626.jpg","PilotCam","/PilotCam.20250808_021923626.jpg","BrowCam","/BrowCam.20250808_021923626.jpg","UserSelect","/UserSelect.20250808_021923626.jpg","","","-3.65","5.77","-3.65","-999.99","68955eabe3a1c300139c2c9f"
"2025-08-08T02:19:38.657Z","-0.0000117","0.0000220","ASNAP","","admin","","","","","","","","","","","","9544508.46","-5103592.95","-1.0","-3.8","149.39","291.09","1.21","SciCam","/SciCam.20250808_021938657.jpg","PilotCam","/PilotCam.20250808_021938657.jpg","BrowCam","/BrowCam.20250808_021938657.jpg","UserSelect","/UserSelect.20250808_021938657.jpg","","","-3.65","5.73","-3.65","-999.99","68955ebae3a1c300139c2ca3"
"2025-08-08T02:19:53.688Z","-0.0000117","0.0000220","ASNAP","","admin","","","","","","","","","","","","9544508.46","-5103592.95","-0.9","-2.1","149.28","298.77","1.21","SciCam","/SciCam.20250808_021953688.jpg","PilotCam","/PilotCam.20250808_021953688.jpg","BrowCam","/BrowCam.20250808_021953688.jpg","UserSelect","/UserSelect.20250808_021953688.jpg","","","-3.65","5.63","-999.99","-999.99","68955ec9e3a1c300139c2ca7"
"2025-08-08T02:20:08.719Z","-0.0000117","0.0000220","ASNAP","","admin","","","","","","","","","","","","9544508.46","-5103592.95","-0.9","-3.3","149.54","305.88","1.21","SciCam","/SciCam.20250808_022008719.jpg","PilotCam","/PilotCam.20250808_022008719.jpg","BrowCam","/BrowCam.20250808_022008719.jpg","UserSelect","/UserSelect.20250808_022008719.jpg","","","-999.99","5.66","-3.65","-999.99","68955ed8e3a1c300139c2cab"
"2025-08-08T02:20:23.749Z","-0.0000117","0.0000220","ASNAP","","admin","","","","","","","","","","","","9544508.46","-5103592.95","-0.8","-2.2","149.15","313.17","1.21","SciCam","/SciCam.20250808_022023749.jpg","PilotCam","/PilotCam.20250808_022023749.jpg","BrowCam","/BrowCam.20250808_022023749.jpg","UserSelect","/UserSelect.20250808_022023749.jpg","","","-3.65","5.48","-999.99","-999.99","68955ee7e3a1c300139c2caf"
"2025-08-08T02:20:38.768Z","-0.0000117","0.0000220","ASNAP","","admin","","","","","","","","","","","","9544508.46","-5103592.95","-0.7","-0.8","149.27","320.58","1.21","SciCam","/SciCam.20250808_022038768.jpg","PilotCam","/PilotCam.20250808_022038768.jpg","BrowCam","/BrowCam.20250808_022038768.jpg","UserSelect","/UserSelect.20250808_022038768.jpg","","","-3.65","5.44","-999.99","-999.99","68955ef6e3a1c300139c2cb3"
"2025-08-08T02:20:53.793Z","-0.0000117","0.0000220","ASNAP","","admin","","","","","","","","","","","","9544508.46","-5103592.95","-0.3","-1.3","149.51","327.67","1.21","SciCam","/SciCam.20250808_022053793.jpg","PilotCam","/PilotCam.20250808_022053793.jpg","BrowCam","/BrowCam.20250808_022053793.jpg","UserSelect","/UserSelect.20250808_022053793.jpg","","","-3.65","5.39","-999.99","-999.99","68955f05e3a1c300139c2cb7"
"2025-08-08T02:21:08.825Z","-0.0000117","0.0000220","ASNAP","","admin","","","","","","","","","","","","9544508.46","-5103592.95","-0.7","-3.8","149.18","334.82","1.21","SciCam","/SciCam.20250808_022108825.jpg","PilotCam","/PilotCam.20250808_022108825.jpg","BrowCam","/BrowCam.20250808_022108825.jpg","UserSelect","/UserSelect.20250808_022108825.jpg","","","-999.99","5.29","-999.99","-999.99","68955f14e3a1c300139c2cbb"
"2025-08-08T02:21:23.859Z","-0.0000117","0.0000220","ASNAP","","admin","","","","","","","","","","","","9544508.46","-5103592.95","-0.9","-3.6","149.57","342.05","1.21","SciCam","/SciCam.20250808_022123859.jpg","PilotCam","/PilotCam.20250808_022123859.jpg","BrowCam","/BrowCam.20250808_022123859.jpg","UserSelect","/UserSelect.20250808_022123859.jpg","","","-3.65","5.35","-3.65","-999.99","68955f23e3a1c300139c2cbf"
"2025-08-08T02:21:38.893Z","-0.0000117","0.0000220","ASNAP","","admin","","","","","","","","","","","","9544508.46","-5103592.95","-0.7","-3.2","149.15","349.66","1.21","SciCam","/SciCam.20250808_022138893.jpg","PilotCam","/PilotCam.20250808_022138893.jpg","BrowCam","/BrowCam.20250808_022138893.jpg","UserSelect","/UserSelect.20250808_022138893.jpg","","","-999.99","5.32","-999.99","-999.99","68955f32e3a1c300139c2cc3"
"2025-08-08T02:21:53.926Z","-0.0000117","0.0000220","ASNAP","","admin","","","","","","","","","","","","9544508.46","-5103592.95","-0.5","-1.4","149.25","355.93","1.21","SciCam","/SciCam.20250808_022153926.jpg","PilotCam","/PilotCam.20250808_022153926.jpg","BrowCam","/BrowCam.20250808_022153926.jpg","UserSelect","/UserSelect.20250808_022153926.jpg","","","-3.65","5.28","-3.65","-999.99","68955f41e3a1c300139c2cc7"
"2025-08-08T02:22:08.959Z","-0.0000117","0.0000220","ASNAP","","admin","","","","","","","","","","","","9544508.46","-5103592.95","0.0","-3.2","149.66","363.76","1.21","SciCam","/SciCam.20250808_022208959.jpg","PilotCam","/PilotCam.20250808_022208959.jpg","BrowCam","/BrowCam.20250808_022208959.jpg","UserSelect","/UserSelect.20250808_022208959.jpg","","","-3.65","5.20","-999.99","-999.99","68955f50e3a1c300139c2ccb"
"2025-08-08T02:22:23.994Z","-0.0000117","0.0000220","ASNAP","","admin","","","","","","","","","","","","9544508.46","-5103592.95","-1.1","-4.8","149.72","370.44","1.21","SciCam","/SciCam.20250808_022223994.jpg","PilotCam","/PilotCam.20250808_022223994.jpg","BrowCam","/BrowCam.20250808_022223994.jpg","UserSelect","/UserSelect.20250808_022223994.jpg","","","-3.65","5.13","-3.65","-999.99","68955f5fe3a1c300139c2ccf"
"2025-08-08T02:22:39.016Z","-0.0000117","0.0000220","ASNAP","","admin","","","","","","","","","","","","9544508.46","-5103592.95","0.3","-2.8","149.17","379.06","1.21","SciCam","/SciCam.20250808_022239016.jpg","PilotCam","/PilotCam.20250808_022239016.jpg","BrowCam","/BrowCam.20250808_022239016.jpg","UserSelect","/UserSelect.20250808_022239016.jpg","","","-3.65","5.07","-999.99","-999.99","68955f6fe3a1c300139c2cd3"
"2025-08-08T02:22:54.050Z","-0.0000117","0.0000220","ASNAP","","admin","","","","","","","","","","","","9544508.46","-5103592.95","-0.7","-4.0","150.54","386.01","1.21","SciCam","/SciCam.20250808_022254050.jpg","PilotCam","/PilotCam.20250808_022254050.jpg","BrowCam","/BrowCam.20250808_022254050.jpg","UserSelect","/UserSelect.20250808_022254050.jpg","","","-3.65","5.07","-999.99","-999.99","68955f7ee3a1c300139c2cd7"
"2025-08-08T02:23:09.082Z","-0.0000117","0.0000220","ASNAP","","admin","","","","","","","","","","","","9544508.46","-5103592.95","-0.7","-1.8","149.32","393.56","1.21","SciCam","/SciCam.20250808_022309082.jpg","PilotCam","/PilotCam.20250808_022309082.jpg","BrowCam","/BrowCam.20250808_022309082.jpg","UserSelect","/UserSelect.20250808_022309082.jpg","","","-3.65","5.04","-3.65","-999.99","68955f8de3a1c300139c2cdb"
"2025-08-08T02:23:24.108Z","-0.0000117","0.0000220","ASNAP","","admin","","","","","","","","","","","","9544508.46","-5103592.95","-0.4","-2.8","148.90","401.85","1.21","SciCam","/SciCam.20250808_022324108.jpg","PilotCam","/PilotCam.20250808_022324108.jpg","BrowCam","/BrowCam.20250808_022324108.jpg","UserSelect","/UserSelect.20250808_022324108.jpg","","","-3.65","4.97","-999.99","-999.99","68955f9ce3a1c300139c2cdf"
"2025-08-08T02:23:39.141Z","-0.0000117","0.0000220","ASNAP","","admin","","","","","","","","","","","","9544508.46","-5103592.95","-0.7","-2.0","149.51","408.83","1.21","SciCam","/SciCam.20250808_022339141.jpg","PilotCam","/PilotCam.20250808_022339141.jpg","BrowCam","/BrowCam.20250808_022339141.jpg","UserSelect","/UserSelect.20250808_022339141.jpg","","","-999.99","4.93","-999.99","-999.99","68955fabe3a1c300139c2ce3"
"2025-08-08T02:23:54.176Z","45.9166420","-123.0249932","ASNAP","","admin","","","","","","","","","","","","0.53","-2.74","-0.8","-1.8","149.33","416.45","0.58","SciCam","/SciCam.20250808_022354176.jpg","PilotCam","/PilotCam.20250808_022354176.jpg","BrowCam","/BrowCam.20250808_022354176.jpg","UserSelect","/UserSelect.20250808_022354176.jpg","","","-3.65","4.95","-3.65","-999.99","68955fbae3a1c300139c2ce7"
"2025-08-08T02:24:09.210Z","45.9166421","-123.0249939","ASNAP","","admin","","","","","","","","","","","","0.47","-2.73","-0.3","-1.0","149.15","423.92","0.58","SciCam","/SciCam.20250808_022409210.jpg","PilotCam","/PilotCam.20250808_022409210.jpg","BrowCam","/BrowCam.20250808_022409210.jpg","UserSelect","/UserSelect.20250808_022409210.jpg","","","-3.65","4.90","-999.99","-999.99","68955fc9e3a1c300139c2ceb"
"2025-08-08T02:24:24.241Z","45.9166419","-123.0249964","ASNAP","","admin","","","","","","","","","","","","0.28","-2.75","-0.9","-4.0","149.96","430.52","0.58","SciCam","/SciCam.20250808_022424241.jpg","PilotCam","/PilotCam.20250808_022424241.jpg","BrowCam","/BrowCam.20250808_022424241.jpg","UserSelect","/UserSelect.20250808_022424241.jpg","","","-3.65","4.90","-3.65","-999.99","68955fd8e3a1c300139c2cef"
"2025-08-08T02:24:39.277Z","45.9166422","-123.0249966","ASNAP","","admin","","","","","","","","","","","","0.26","-2.72","-0.7","-4.0","149.76","437.74","0.58","SciCam","/SciCam.20250808_022439277.jpg","PilotCam","/PilotCam.20250808_022439277.jpg","BrowCam","/BrowCam.20250808_022439277.jpg","UserSelect","/UserSelect.20250808_022439277.jpg","","","-999.99","4.84","-999.99","-999.99","68955fe7e3a1c300139c2cf3"
"2025-08-08T02:24:54.311Z","45.9166421","-123.0249963","ASNAP","","admin","","","","","","","","","","","","0.29","-2.73","-0.6","-2.0","149.24","446.29","0.58","SciCam","/SciCam.20250808_022454311.jpg","PilotCam","/PilotCam.20250808_022454311.jpg","BrowCam","/BrowCam.20250808_022454311.jpg","UserSelect","/UserSelect.20250808_022454311.jpg","","","-3.65","4.77","-3.65","-999.99","68955ff6e3a1c300139c2cf7"
"2025-08-08T02:25:09.342Z","45.9166423","-123.0249977","ASNAP","","admin","","","","","","","","","","","","0.18","-2.71","-0.8","-4.4","148.79","453.48","0.58","SciCam","/SciCam.20250808_022509342.jpg","PilotCam","/PilotCam.20250808_022509342.jpg","BrowCam","/BrowCam.20250808_022509342.jpg","UserSelect","/UserSelect.20250808_022509342.jpg","","","-999.99","4.74","-999.99","-999.99","68956005e3a1c300139c2cfb"
"2025-08-08T02:25:24.372Z","45.9166422","-123.0249997","ASNAP","","admin","","","","","","","","","","","","0.02","-2.72","-0.4","-2.0","149.19","460.90","0.58","SciCam","/SciCam.20250808_022524372.jpg","PilotCam","/PilotCam.20250808_022524372.jpg","BrowCam","/BrowCam.20250808_022524372.jpg","UserSelect","/UserSelect.20250808_022524372.jpg","","","-3.65","4.69","-999.99","-999.99","68956014e3a1c300139c2cff"
"2025-08-08T02:25:39.405Z","45.9166423","-123.0250010","ASNAP","","admin","","","","","","","","","","","","-0.08","-2.71","-0.2","-2.6","149.20","468.10","0.58","SciCam","/SciCam.20250808_022539405.jpg","PilotCam","/PilotCam.20250808_022539405.jpg","BrowCam","/BrowCam.20250808_022539405.jpg","UserSelect","/UserSelect.20250808_022539405.jpg","","","-3.65","4.70","-999.99","-999.99","68956023e3a1c300139c2d03"
"2025-08-08T02:25:54.436Z","45.9166425","-123.0250027","ASNAP","","admin","","","","","","","","","","","","-0.21","-2.69","-1.3","-2.8","149.52","474.73","0.58","SciCam","/SciCam.20250808_022554436.jpg","PilotCam","/PilotCam.20250808_022554436.jpg","BrowCam","/BrowCam.20250808_022554436.jpg","UserSelect","/UserSelect.20250808_022554436.jpg","","","-3.65","4.70","-999.99","-999.99","68956032e3a1c300139c2d07"
"2025-08-08T02:25:59.993Z","45.9166423","-123.0250027","Biology Type","Orange","guest","","","","Octopus","","","","","","","","-0.21","-2.71","-0.8","-2.0","149.21","478.60","0.58","SciCam","/SciCam.20250808_022559993.jpg","PilotCam","/PilotCam.20250808_022559993.jpg","BrowCam","/BrowCam.20250808_022559993.jpg","UserSelect","/UserSelect.20250808_022559993.jpg","","","-999.99","4.69","-999.99","-999.99","68956037e3a1c300139c2d0b"
"2025-08-08T02:26:09.471Z","45.9166418","-123.0250030","ASNAP","","admin","","","","","","","","","","","","-0.23","-2.76","-0.1","-1.9","149.16","482.36","0.58","SciCam","/SciCam.20250808_022609471.jpg","PilotCam","/PilotCam.20250808_022609471.jpg","BrowCam","/BrowCam.20250808_022609471.jpg","UserSelect","/UserSelect.20250808_022609471.jpg","","","-3.65","4.66","-999.99","-999.99","68956041e3a1c300139c2d0f"
"2025-08-08T02:26:24.498Z","45.9166416","-123.0250041","ASNAP","","admin","","","","","","","","","","","","-0.32","-2.79","0.0","-0.0","149.03","490.22","0.58","SciCam","/SciCam.20250808_022624498.jpg","PilotCam","/PilotCam.20250808_022624498.jpg","BrowCam","/BrowCam.20250808_022624498.jpg","UserSelect","/UserSelect.20250808_022624498.jpg","","","-3.65","4.72","-999.99","-999.99","68956050e3a1c300139c2d13"
"2025-08-08T02:26:39.529Z","45.9166424","-123.0250061","ASNAP","","admin","","","","","","","","","","","","-0.47","-2.70","-0.8","-4.1","149.36","497.00","0.58","SciCam","/SciCam.20250808_022639529.jpg","PilotCam","/PilotCam.20250808_022639529.jpg","BrowCam","/BrowCam.20250808_022639529.jpg","UserSelect","/UserSelect.20250808_022639529.jpg","","","-3.65","4.68","-3.65","-999.99","6895605fe3a1c300139c2d17"
"2025-08-08T02:26:54.564Z","45.9166419","-123.0250067","ASNAP","","admin","","","","","","","","","","","","-0.52","-2.75","-0.7","-0.1","149.39","505.72","0.58","SciCam","/SciCam.20250808_022654564.jpg","PilotCam","/PilotCam.20250808_022654564.jpg","BrowCam","/BrowCam.20250808_022654564.jpg","UserSelect","/UserSelect.20250808_022654564.jpg","","","-999.99","4.66","-999.99","-999.99","6895606ee3a1c300139c2d1b"
"2025-08-08T02:27:09.591Z","45.9166418","-123.0250084","ASNAP","","admin","","","","","","","","","","","","-0.65","-2.76","-0.5","-4.1","149.45","513.19","0.58","SciCam","/SciCam.20250808_022709591.jpg","PilotCam","/PilotCam.20250808_022709591.jpg","BrowCam","/BrowCam.20250808_022709591.jpg","UserSelect","/UserSelect.20250808_022709591.jpg","","","-999.99","4.64","-999.99","-999.99","6895607de3a1c300139c2d1f"
"2025-08-08T02:27:24.620Z","45.9166417","-123.0250106","ASNAP","","admin","","","","","","","","","","","","-0.82","-2.78","-0.9","-4.7","149.97","520.32","0.58","SciCam","/SciCam.20250808_022724620.jpg","PilotCam","/PilotCam.20250808_022724620.jpg","BrowCam","/BrowCam.20250808_022724620.jpg","UserSelect","/UserSelect.20250808_022724620.jpg","","","-3.65","4.70","-999.99","-999.99","6895608ce3a1c300139c2d23"
"2025-08-08T02:27:39.653Z","45.9166416","-123.0250102","ASNAP","","admin","","","","","","","","","","","","-0.79","-2.79","-0.8","-3.7","148.97","528.41","0.58","SciCam","/SciCam.20250808_022739653.jpg","PilotCam","/PilotCam.20250808_022739653.jpg","BrowCam","/BrowCam.20250808_022739653.jpg","UserSelect","/UserSelect.20250808_022739653.jpg","","","-999.99","4.63","-999.99","-999.99","6895609be3a1c300139c2d27"
"2025-08-08T02:27:54.674Z","45.9166879","-123.0250241","ASNAP","","admin","","","","","","","","","","","","-1.87","2.36","-2.0","-5.4","337.25","536.10","0.58","SciCam","/SciCam.20250808_022754674.jpg","PilotCam","/PilotCam.20250808_022754674.jpg","BrowCam","/BrowCam.20250808_022754674.jpg","UserSelect","/UserSelect.20250808_022754674.jpg","","","-3.65","4.67","-3.65","-999.99","689560aae3a1c300139c2d2b"
"2025-08-08T02:28:09.696Z","45.9166448","-123.0250298","ASNAP","","admin","","","","","","","","","","","","-2.31","-2.43","-1.5","-4.4","201.43","543.22","0.58","SciCam","/SciCam.20250808_022809696.jpg","PilotCam","/PilotCam.20250808_022809696.jpg","BrowCam","/BrowCam.20250808_022809696.jpg","UserSelect","/UserSelect.20250808_022809696.jpg","","","-3.65","4.80","-3.65","-999.99","689560b9e3a1c300139c2d2f"
"2025-08-08T02:28:24.729Z","45.9166732","-123.0249936","ASNAP","","admin","","","","","","","","","","","","0.50","0.73","-1.6","-4.1","63.44","549.65","0.58","SciCam","/SciCam.20250808_022824729.jpg","PilotCam","/PilotCam.20250808_022824729.jpg","BrowCam","/BrowCam.20250808_022824729.jpg","UserSelect","/UserSelect.20250808_022824729.jpg","","","-3.65","4.60","-999.99","-999.99","689560c8e3a1c300139c2d33"
"2025-08-08T02:28:39.764Z","45.9166815","-123.0250349","ASNAP","","admin","","","","","","","","","","","","-2.71","1.65","-1.4","-4.8","289.47","558.41","0.58","SciCam","/SciCam.20250808_022839764.jpg","PilotCam","/PilotCam.20250808_022839764.jpg","BrowCam","/BrowCam.20250808_022839764.jpg","UserSelect","/UserSelect.20250808_022839764.jpg","","","-3.65","4.55","-999.99","-999.99","689560d7e3a1c300139c2d37"
"2025-08-08T02:28:54.789Z","45.9166462","-123.0250062","ASNAP","","admin","","","","","","","","","","","","-0.48","-2.27","-0.9","-3.1","148.11","565.99","0.58","SciCam","/SciCam.20250808_022854789.jpg","PilotCam","/PilotCam.20250808_022854789.jpg","BrowCam","/BrowCam.20250808_022854789.jpg","UserSelect","/UserSelect.20250808_022854789.jpg","","","-3.65","4.53","-999.99","-999.99","689560e6e3a1c300139c2d3b"
"2025-08-08T02:29:09.812Z","45.9166469","-123.0250066","ASNAP","","admin","","","","","","","","","","","","-0.51","-2.20","-0.8","-3.3","148.42","573.37","0.58","SciCam","/SciCam.20250808_022909812.jpg","PilotCam","/PilotCam.20250808_022909812.jpg","BrowCam","/BrowCam.20250808_022909812.jpg","UserSelect","/UserSelect.20250808_022909812.jpg","","","-3.65","4.47","-999.99","-999.99","689560f5e3a1c300139c2d3f"
"2025-08-08T02:29:24.845Z","45.9166463","-123.0250073","ASNAP","","admin","","","","","","","","","","","","-0.57","-2.26","-1.0","-1.0","149.22","580.81","0.58","SciCam","/SciCam.20250808_022924845.jpg","PilotCam","/PilotCam.20250808_022924845.jpg","BrowCam","/BrowCam.20250808_022924845.jpg","UserSelect","/UserSelect.20250808_022924845.jpg","","","-3.65","4.42","-3.65","-999.99","68956104e3a1c300139c2d43"
"2025-08-08T02:29:32.889Z","45.9166466","-123.0250077","Biology Type","orange?","guest","","","","Unidentified","","","","","","","","-0.60","-2.23","-1.1","-3.9","149.57","583.99","0.58","SciCam","/SciCam.20250808_022932889.jpg","PilotCam","/PilotCam.20250808_022932889.jpg","BrowCam","/BrowCam.20250808_022932889.jpg","UserSelect","/UserSelect.20250808_022932889.jpg","","","-3.65","4.44","-3.65","-999.99","6895610ce3a1c300139c2d47"
"2025-08-08T02:29:39.876Z","45.9166459","-123.0250085","ASNAP","","admin","","","","","","","","","","","","-0.66","-2.31","-0.7","-2.5","149.40","588.20","0.58","SciCam","/SciCam.20250808_022939876.jpg","PilotCam","/PilotCam.20250808_022939876.jpg","BrowCam","/BrowCam.20250808_022939876.jpg","UserSelect","/UserSelect.20250808_022939876.jpg","","","-3.65","4.46","-3.65","-999.99","68956113e3a1c300139c2d4b"
"2025-08-08T02:29:54.908Z","45.9166467","-123.0250104","ASNAP","","admin","","","","","","","","","","","","-0.81","-2.22","-0.7","-2.6","149.17","595.23","0.58","SciCam","/SciCam.20250808_022954908.jpg","PilotCam","/PilotCam.20250808_022954908.jpg","BrowCam","/BrowCam.20250808_022954908.jpg","UserSelect","/UserSelect.20250808_022954908.jpg","","","-3.65","4.43","-999.99","-999.99","68956122e3a1c300139c2d4f"
"2025-08-08T02:30:09.939Z","45.9166481","-123.0250122","ASNAP","","admin","","","","","","","","","","","","-0.95","-2.06","-0.8","-3.4","149.58","602.32","0.58","SciCam","/SciCam.20250808_023009939.jpg","PilotCam","/PilotCam.20250808_023009939.jpg","BrowCam","/BrowCam.20250808_023009939.jpg","UserSelect","/UserSelect.20250808_023009939.jpg","","","-3.65","4.44","-999.99","-999.99","68956131e3a1c300139c2d53"
"2025-08-08T02:30:24.974Z","45.9166487","-123.0250131","ASNAP","","admin","","","","","","","","","","","","-1.02","-2.00","-1.0","-3.0","149.23","609.82","0.58","SciCam","/SciCam.20250808_023024974.jpg","PilotCam","/PilotCam.20250808_023024974.jpg","BrowCam","/BrowCam.20250808_023024974.jpg","UserSelect","/UserSelect.20250808_023024974.jpg","","","-999.99","4.44","-999.99","-999.99","68956140e3a1c300139c2d57"
"2025-08-08T02:30:40.007Z","45.9166490","-123.0250142","ASNAP","","admin","","","","","","","","","","","","-1.10","-1.96","-0.7","-1.4","149.29","617.78","0.58","SciCam","/SciCam.20250808_023040007.jpg","PilotCam","/PilotCam.20250808_023040007.jpg","BrowCam","/BrowCam.20250808_023040007.jpg","UserSelect","/UserSelect.20250808_023040007.jpg","","","-3.65","4.38","-999.99","-999.99","68956150e3a1c300139c2d5b"
"2025-08-08T02:30:55.040Z","45.9166492","-123.0250157","ASNAP","","admin","","","","","","","","","","","","-1.22","-1.94","-0.3","-2.7","149.67","624.18","0.58","SciCam","/SciCam.20250808_023055040.jpg","PilotCam","/PilotCam.20250808_023055040.jpg","BrowCam","/BrowCam.20250808_023055040.jpg","UserSelect","/UserSelect.20250808_023055040.jpg","","","-3.65","4.33","-999.99","-999.99","6895615fe3a1c300139c2d5f"
"2025-08-08T02:31:10.065Z","45.9166487","-123.0250166","ASNAP","","admin","","","","","","","","","","","","-1.29","-2.00","-0.7","-0.9","149.35","632.64","0.58","SciCam","/SciCam.20250808_023110065.jpg","PilotCam","/PilotCam.20250808_023110065.jpg","BrowCam","/BrowCam.20250808_023110065.jpg","UserSelect","/UserSelect.20250808_023110065.jpg","","","-999.99","4.34","-999.99","-999.99","6895616ee3a1c300139c2d63"
"2025-08-08T02:31:11.583Z","45.9166489","-123.0250169","Biology Type","maybe?","guest","","","","Sea Urchin","","","","","","","","-1.31","-1.97","-1.5","-4.2","149.52","632.47","0.58","SciCam","/SciCam.20250808_023111583.jpg","PilotCam","/PilotCam.20250808_023111583.jpg","BrowCam","/BrowCam.20250808_023111583.jpg","UserSelect","/UserSelect.20250808_023111583.jpg","","","-999.99","4.34","-999.99","-999.99","6895616fe3a1c300139c2d67"
"2025-08-08T02:31:25.097Z","45.9166491","-123.0250169","ASNAP","","admin","","","","","","","","","","","","-1.31","-1.95","-0.9","-3.5","149.45","640.21","0.58","SciCam","/SciCam.20250808_023125097.jpg","PilotCam","/PilotCam.20250808_023125097.jpg","BrowCam","/BrowCam.20250808_023125097.jpg","UserSelect","/UserSelect.20250808_023125097.jpg","","","-999.99","4.33","-999.99","-999.99","6895617de3a1c300139c2d6b"
"2025-08-08T02:31:40.131Z","45.9166489","-123.0250178","ASNAP","","admin","","","","","","","","","","","","-1.38","-1.97","-0.8","-1.1","149.27","647.91","0.58","SciCam","/SciCam.20250808_023140131.jpg","PilotCam","/PilotCam.20250808_023140131.jpg","BrowCam","/BrowCam.20250808_023140131.jpg","UserSelect","/UserSelect.20250808_023140131.jpg","","","-999.99","4.30","-999.99","-999.99","6895618ce3a1c300139c2d6f"
"2025-08-08T02:31:55.165Z","45.9166499","-123.0250189","ASNAP","","admin","","","","","","","","","","","","-1.47","-1.86","-0.7","-2.1","148.97","654.44","0.58","SciCam","/SciCam.20250808_023155165.jpg","PilotCam","/PilotCam.20250808_023155165.jpg","BrowCam","/BrowCam.20250808_023155165.jpg","UserSelect","/UserSelect.20250808_023155165.jpg","","","-999.99","4.32","-999.99","-999.99","6895619be3a1c300139c2d73"
"2025-08-08T02:32:10.198Z","45.9166497","-123.0250200","ASNAP","","admin","","","","","","","","","","","","-1.55","-1.89","-0.7","-1.6","149.26","662.23","0.58","SciCam","/SciCam.20250808_023210198.jpg","PilotCam","/PilotCam.20250808_023210198.jpg","BrowCam","/BrowCam.20250808_023210198.jpg","UserSelect","/UserSelect.20250808_023210198.jpg","","","-3.65","4.26","-3.65","-999.99","689561aae3a1c300139c2d77"
"2025-08-08T02:32:19.982Z","45.9166505","-123.0250204","Biology Type","","guest","","","","Jelly","","","","","","","","-1.58","-1.80","-0.8","-3.0","149.53","666.99","0.58","SciCam","/SciCam.20250808_023219982.jpg","PilotCam","/PilotCam.20250808_023219982.jpg","BrowCam","/BrowCam.20250808_023219982.jpg","UserSelect","/UserSelect.20250808_023219982.jpg","","","-999.99","4.21","-999.99","-999.99","689561b3e3a1c300139c2d7b"
"2025-08-08T02:32:25.228Z","45.9166504","-123.0250204","ASNAP","","admin","","","","","","","","","","","","-1.58","-1.81","-1.0","-2.7","149.41","669.47","0.58","SciCam","/SciCam.20250808_023225228.jpg","PilotCam","/PilotCam.20250808_023225228.jpg","BrowCam","/BrowCam.20250808_023225228.jpg","UserSelect","/UserSelect.20250808_023225228.jpg","","","-3.65","4.22","-999.99","-999.99","689561b9e3a1c300139c2d7f"
"2025-08-08T02:32:40.250Z","45.9166507","-123.0250205","ASNAP","","admin","","","","","","","","","","","","-1.59","-1.78","-0.8","-1.9","149.14","677.26","0.58","SciCam","/SciCam.20250808_023240250.jpg","PilotCam","/PilotCam.20250808_023240250.jpg","BrowCam","/BrowCam.20250808_023240250.jpg","UserSelect","/UserSelect.20250808_023240250.jpg","","","-3.65","4.20","-3.65","-999.99","689561c8e3a1c300139c2d83"
"2025-08-08T02:32:55.282Z","45.9166498","-123.0250217","ASNAP","","admin","","","","","","","","","","","","-1.68","-1.87","-0.5","-2.1","149.59","683.48","0.58","SciCam","/SciCam.20250808_023255282.jpg","PilotCam","/PilotCam.20250808_023255282.jpg","BrowCam","/BrowCam.20250808_023255282.jpg","UserSelect","/UserSelect.20250808_023255282.jpg","","","-3.65","4.20","-999.99","-999.99","689561d7e3a1c300139c2d87"
"2025-08-08T02:33:10.317Z","45.9166498","-123.0250236","ASNAP","","admin","","","","","","","","","","","","-1.83","-1.88","-0.7","-3.7","149.61","691.15","0.58","SciCam","/SciCam.20250808_023310317.jpg","PilotCam","/PilotCam.20250808_023310317.jpg","BrowCam","/BrowCam.20250808_023310317.jpg","UserSelect","/UserSelect.20250808_023310317.jpg","","","-3.65","4.22","-999.99","-999.99","689561e6e3a1c300139c2d8b"
"2025-08-08T02:33:25.349Z","45.9166494","-123.0250241","ASNAP","","admin","","","","","","","","","","","","-1.87","-1.92","-0.9","-4.3","149.42","698.67","0.58","SciCam","/SciCam.20250808_023325349.jpg","PilotCam","/PilotCam.20250808_023325349.jpg","BrowCam","/BrowCam.20250808_023325349.jpg","UserSelect","/UserSelect.20250808_023325349.jpg","","","-3.65","4.19","-999.99","-999.99","689561f5e3a1c300139c2d8f"
"2025-08-08T02:33:40.370Z","45.9166488","-123.0250241","ASNAP","","admin","","","","","","","","","","","","-1.87","-1.99","-1.0","-3.8","149.11","705.78","0.58","SciCam","/SciCam.20250808_023340370.jpg","PilotCam","/PilotCam.20250808_023340370.jpg","BrowCam","/BrowCam.20250808_023340370.jpg","UserSelect","/UserSelect.20250808_023340370.jpg","","","-3.65","4.17","-3.65","-999.99","68956204e3a1c300139c2d93"
"2025-08-08T02:33:55.404Z","45.9166489","-123.0250249","ASNAP","","admin","","","","","","","","","","","","-1.93","-1.98","-1.0","-4.3","149.39","713.82","0.58","SciCam","/SciCam.20250808_023355404.jpg","PilotCam","/PilotCam.20250808_023355404.jpg","BrowCam","/BrowCam.20250808_023355404.jpg","UserSelect","/UserSelect.20250808_023355404.jpg","","","-999.99","4.15","-999.99","-999.99","68956213e3a1c300139c2d97"
"2025-08-08T02:34:10.437Z","45.9166494","-123.0250259","ASNAP","","admin","","","","","","","","","","","","-2.01","-1.92","-0.5","-3.1","149.53","721.19","0.58","SciCam","/SciCam.20250808_023410437.jpg","PilotCam","/PilotCam.20250808_023410437.jpg","BrowCam","/BrowCam.20250808_023410437.jpg","UserSelect","/UserSelect.20250808_023410437.jpg","","","-3.65","4.08","-3.65","-999.99","68956222e3a1c300139c2d9b"
"2025-08-08T02:34:25.470Z","45.9166492","-123.0250263","ASNAP","","admin","","","","","","","","","","","","-2.04","-1.94","-0.6","-1.0","149.18","729.12","0.58","SciCam","/SciCam.20250808_023425470.jpg","PilotCam","/PilotCam.20250808_023425470.jpg","BrowCam","/BrowCam.20250808_023425470.jpg","UserSelect","/UserSelect.20250808_023425470.jpg","","","-3.65","4.06","-3.65","-999.99","68956231e3a1c300139c2d9f"
"2025-08-08T02:34:40.504Z","45.9166487","-123.0250268","ASNAP","","admin","","","","","","","","","","","","-2.08","-2.00","-0.6","-1.9","149.08","736.58","0.58","SciCam","/SciCam.20250808_023440504.jpg","PilotCam","/PilotCam.20250808_023440504.jpg","BrowCam","/BrowCam.20250808_023440504.jpg","UserSelect","/UserSelect.20250808_023440504.jpg","","","-3.65","4.06","-999.99","-999.99","68956240e3a1c300139c2da3"
"2025-08-08T02:34:55.534Z","45.9166497","-123.0250276","ASNAP","","admin","","","","","","","","","","","","-2.14","-1.89","-0.5","-3.4","150.05","743.30","0.58","SciCam","/SciCam.20250808_023455534.jpg","PilotCam","/PilotCam.20250808_023455534.jpg","BrowCam","/BrowCam.20250808_023455534.jpg","UserSelect","/UserSelect.20250808_023455534.jpg","","","-3.65","4.06","-999.99","-999.99","6895624fe3a1c300139c2da7"
"2025-08-08T02:35:10.566Z","45.9166503","-123.0250275","ASNAP","","admin","","","","","","","","","","","","-2.13","-1.82","-0.8","-3.4","148.95","751.39","0.58","SciCam","/SciCam.20250808_023510566.jpg","PilotCam","/PilotCam.20250808_023510566.jpg","BrowCam","/BrowCam.20250808_023510566.jpg","UserSelect","/UserSelect.20250808_023510566.jpg","","","-999.99","4.01","-999.99","-999.99","6895625ee3a1c300139c2dab"
"2025-08-08T02:35:25.595Z","45.9166515","-123.0250278","ASNAP","","admin","","","","","","","","","","","","-2.16","-1.69","-0.6","-1.8","149.07","758.84","0.58","SciCam","/SciCam.20250808_023525595.jpg","PilotCam","/PilotCam.20250808_023525595.jpg","BrowCam","/BrowCam.20250808_023525595.jpg","UserSelect","/UserSelect.20250808_023525595.jpg","","","-3.65","4.00","-999.99","-999.99","6895626de3a1c300139c2daf"
"2025-08-08T02:35:40.624Z","45.9166516","-123.0250286","ASNAP","","admin","","","","","","","","","","","","-2.22","-1.67","-0.7","-2.1","149.81","766.11","0.58","SciCam","/SciCam.20250808_023540624.jpg","PilotCam","/PilotCam.20250808_023540624.jpg","BrowCam","/BrowCam.20250808_023540624.jpg","UserSelect","/UserSelect.20250808_023540624.jpg","","","-3.65","3.99","-3.65","-999.99","6895627ce3a1c300139c2db3"
"2025-08-08T02:35:55.655Z","45.9166502","-123.0250291","ASNAP","","admin","","","","","","","","","","","","-2.26","-1.83","-0.4","-2.9","149.59","773.85","0.58","SciCam","/SciCam.20250808_023555655.jpg","PilotCam","/PilotCam.20250808_023555655.jpg","BrowCam","/BrowCam.20250808_023555655.jpg","UserSelect","/UserSelect.20250808_023555655.jpg","","","-3.65","3.97","-3.65","-999.99","6895628be3a1c300139c2db7"
"2025-08-08T02:36:10.690Z","45.9166506","-123.0250291","ASNAP","","admin","","","","","","","","","","","","-2.26","-1.79","-0.8","-4.4","149.42","781.33","0.58","SciCam","/SciCam.20250808_023610690.jpg","PilotCam","/PilotCam.20250808_023610690.jpg","BrowCam","/BrowCam.20250808_023610690.jpg","UserSelect","/UserSelect.20250808_023610690.jpg","","","-3.65","3.91","-999.99","-999.99","6895629ae3a1c300139c2dbb"
"2025-08-08T02:36:25.720Z","45.9166501","-123.0250287","ASNAP","","admin","","","","","","","","","","","","-2.23","-1.84","-0.6","-3.0","149.29","788.53","0.58","SciCam","/SciCam.20250808_023625720.jpg","PilotCam","/PilotCam.20250808_023625720.jpg","BrowCam","/BrowCam.20250808_023625720.jpg","UserSelect","/UserSelect.20250808_023625720.jpg","","","-3.65","3.93","-999.99","-999.99","689562a9e3a1c300139c2dbf"
"2025-08-08T02:36:40.751Z","45.9166499","-123.0250289","ASNAP","","admin","","","","","","","","","","","","-2.24","-1.86","-0.4","-2.0","149.72","795.49","0.58","SciCam","/SciCam.20250808_023640751.jpg","PilotCam","/PilotCam.20250808_023640751.jpg","BrowCam","/BrowCam.20250808_023640751.jpg","UserSelect","/UserSelect.20250808_023640751.jpg","","","-999.99","3.94","-999.99","-999.99","689562b8e3a1c300139c2dc3"
"2025-08-08T02:36:55.782Z","45.9166498","-123.0250289","ASNAP","","admin","","","","","","","","","","","","-2.24","-1.87","-0.3","-1.8","149.30","803.90","0.58","SciCam","/SciCam.20250808_023655782.jpg","PilotCam","/PilotCam.20250808_023655782.jpg","BrowCam","/BrowCam.20250808_023655782.jpg","UserSelect","/UserSelect.20250808_023655782.jpg","","","-999.99","3.91","-999.99","-999.99","689562c7e3a1c300139c2dc7"
"2025-08-08T02:37:10.803Z","45.9166496","-123.0250296","ASNAP","","admin","","","","","","","","","","","","-2.30","-1.90","-0.6","-3.6","150.19","810.40","0.58","SciCam","/SciCam.20250808_023710803.jpg","PilotCam","/PilotCam.20250808_023710803.jpg","BrowCam","/BrowCam.20250808_023710803.jpg","UserSelect","/UserSelect.20250808_023710803.jpg","","","-999.99","3.91","-999.99","-999.99","689562d6e3a1c300139c2dcb"
"2025-08-08T02:37:25.835Z","45.9166501","-123.0250293","ASNAP","","admin","","","","","","","","","","","","-2.27","-1.84","-0.6","-1.5","149.35","818.23","0.58","SciCam","/SciCam.20250808_023725835.jpg","PilotCam","/PilotCam.20250808_023725835.jpg","BrowCam","/BrowCam.20250808_023725835.jpg","UserSelect","/UserSelect.20250808_023725835.jpg","","","-3.65","3.87","-999.99","-999.99","689562e5e3a1c300139c2dcf"
"2025-08-08T02:37:40.863Z","45.9166499","-123.0250291","ASNAP","","admin","","","","","","","","","","","","-2.26","-1.86","-0.6","-2.0","149.40","825.72","0.58","SciCam","/SciCam.20250808_023740863.jpg","PilotCam","/PilotCam.20250808_023740863.jpg","BrowCam","/BrowCam.20250808_023740863.jpg","UserSelect","/UserSelect.20250808_023740863.jpg","","","-3.65","3.92","-999.99","-999.99","689562f4e3a1c300139c2dd3"
"2025-08-08T02:37:55.894Z","45.9166498","-123.0250299","ASNAP","","admin","","","","","","","","","","","","-2.32","-1.87","-0.3","-1.8","149.56","832.69","0.58","SciCam","/SciCam.20250808_023755894.jpg","PilotCam","/PilotCam.20250808_023755894.jpg","BrowCam","/BrowCam.20250808_023755894.jpg","UserSelect","/UserSelect.20250808_023755894.jpg","","","-3.65","3.84","-999.99","-999.99","68956303e3a1c300139c2dd7"
"2025-08-08T02:38:10.913Z","45.9166497","-123.0250304","ASNAP","","admin","","","","","","","","","","","","-2.36","-1.89","-0.9","-3.1","149.63","840.46","0.58","SciCam","/SciCam.20250808_023810913.jpg","PilotCam","/PilotCam.20250808_023810913.jpg","BrowCam","/BrowCam.20250808_023810913.jpg","UserSelect","/UserSelect.20250808_023810913.jpg","","","-999.99","3.83","-999.99","-999.99","68956312e3a1c300139c2ddb"
"2025-08-08T02:38:25.944Z","45.9166498","-123.0250303","ASNAP","","admin","","","","","","","","","","","","-2.35","-1.87","-0.7","-3.9","149.42","847.71","0.58","SciCam","/SciCam.20250808_023825944.jpg","PilotCam","/PilotCam.20250808_023825944.jpg","BrowCam","/BrowCam.20250808_023825944.jpg","UserSelect","/UserSelect.20250808_023825944.jpg","","","-999.99","3.80","-999.99","-999.99","68956321e3a1c300139c2ddf"
"2025-08-08T02:38:40.977Z","45.9166496","-123.0250309","ASNAP","","admin","","","","","","","","","","","","-2.40","-1.90","-0.4","-2.2","149.07","855.09","0.58","SciCam","/SciCam.20250808_023840977.jpg","PilotCam","/PilotCam.20250808_023840977.jpg","BrowCam","/BrowCam.20250808_023840977.jpg","UserSelect","/UserSelect.20250808_023840977.jpg","","","-999.99","3.81","-999.99","-999.99","68956330e3a1c300139c2de3"
"2025-08-08T02:38:56.012Z","45.9166498","-123.0250312","ASNAP","","admin","","","","","","","","","","","","-2.42","-1.88","-0.5","-2.8","149.14","862.49","0.58","SciCam","/SciCam.20250808_023856012.jpg","PilotCam","/PilotCam.20250808_023856012.jpg","BrowCam","/BrowCam.20250808_023856012.jpg","UserSelect","/UserSelect.20250808_023856012.jpg","","","-3.65","3.78","-999.99","-999.99","68956340e3a1c300139c2de7"
"2025-08-08T02:39:11.041Z","45.9166497","-123.0250312","ASNAP","","admin","","","","","","","","","","","","-2.42","-1.89","-0.7","-2.5","149.15","870.70","0.58","SciCam","/SciCam.20250808_023911041.jpg","PilotCam","/PilotCam.20250808_023911041.jpg","BrowCam","/BrowCam.20250808_023911041.jpg","UserSelect","/UserSelect.20250808_023911041.jpg","","","-3.65","3.75","-999.99","-999.99","6895634fe3a1c300139c2deb"
"2025-08-08T02:39:26.071Z","45.9166501","-123.0250311","ASNAP","","admin","","","","","","","","","","","","-2.41","-1.84","-0.6","-2.3","149.01","877.95","0.58","SciCam","/SciCam.20250808_023926071.jpg","PilotCam","/PilotCam.20250808_023926071.jpg","BrowCam","/BrowCam.20250808_023926071.jpg","UserSelect","/UserSelect.20250808_023926071.jpg","","","-3.65","3.72","-3.65","-999.99","6895635ee3a1c300139c2def"
"2025-08-08T02:39:41.103Z","45.9166500","-123.0250312","ASNAP","","admin","","","","","","","","","","","","-2.42","-1.85","-0.6","-2.0","149.52","885.79","0.58","SciCam","/SciCam.20250808_023941103.jpg","PilotCam","/PilotCam.20250808_023941103.jpg","BrowCam","/BrowCam.20250808_023941103.jpg","UserSelect","/UserSelect.20250808_023941103.jpg","","","-3.65","3.72","-3.65","-999.99","6895636de3a1c300139c2df3"
"2025-08-08T02:39:56.134Z","45.9166500","-123.0250312","ASNAP","","admin","","","","","","","","","","","","-2.42","-1.85","-0.5","-1.7","149.40","892.73","0.58","SciCam","/SciCam.20250808_023956134.jpg","PilotCam","/PilotCam.20250808_023956134.jpg","BrowCam","/BrowCam.20250808_023956134.jpg","UserSelect","/UserSelect.20250808_023956134.jpg","","","-999.99","3.73","-999.99","-999.99","6895637ce3a1c300139c2df7"
"2025-08-08T02:40:11.162Z","45.9166501","-123.0250312","ASNAP","","admin","","","","","","","","","","","","-2.42","-1.84","-0.6","-3.7","149.30","899.70","0.58","SciCam","/SciCam.20250808_024011162.jpg","PilotCam","/PilotCam.20250808_024011162.jpg","BrowCam","/BrowCam.20250808_024011162.jpg","UserSelect","/UserSelect.20250808_024011162.jpg","","","-999.99","3.72","-999.99","-999.99","6895638be3a1c300139c2dfb"
"2025-08-08T02:40:26.194Z","45.9166751","-123.0250643","ASNAP","","admin","","","","","","","","","","","","-4.99","0.94","-1.5","-5.9","259.49","906.15","0.58","SciCam","/SciCam.20250808_024026194.jpg","PilotCam","/PilotCam.20250808_024026194.jpg","BrowCam","/BrowCam.20250808_024026194.jpg","UserSelect","/UserSelect.20250808_024026194.jpg","","","-999.99","3.77","-3.65","-999.99","6895639ae3a1c300139c2dff"
"2025-08-08T02:40:41.226Z","45.9166979","-123.0250278","ASNAP","","admin","","","","","","","","","","","","-2.16","3.47","-1.7","-2.8","12.95","914.17","0.58","SciCam","/SciCam.20250808_024041226.jpg","PilotCam","/PilotCam.20250808_024041226.jpg","BrowCam","/BrowCam.20250808_024041226.jpg","UserSelect","/UserSelect.20250808_024041226.jpg","","","-999.99","3.60","-999.99","-999.99","689563a9e3a1c300139c2e03"
"2025-08-08T02:40:56.258Z","45.9166616","-123.0250169","ASNAP","","admin","","","","","","","","","","","","-1.31","-0.56","-1.5","-1.4","106.32","922.51","0.58","SciCam","/SciCam.20250808_024056258.jpg","PilotCam","/PilotCam.20250808_024056258.jpg","BrowCam","/BrowCam.20250808_024056258.jpg","UserSelect","/UserSelect.20250808_024056258.jpg","","","-3.65","3.63","-999.99","-999.99","689563b8e3a1c300139c2e07"
"2025-08-08T02:41:11.289Z","45.9166503","-123.0250477","ASNAP","","admin","","","","","","","","","","","","-3.70","-1.82","-0.2","-2.4","186.58","929.75","0.58","SciCam","/SciCam.20250808_024111289.jpg","PilotCam","/PilotCam.20250808_024111289.jpg","BrowCam","/BrowCam.20250808_024111289.jpg","UserSelect","/UserSelect.20250808_024111289.jpg","","","-3.65","3.62","-999.99","-999.99","689563c7e3a1c300139c2e0b"
"2025-08-08T02:41:26.320Z","45.9166826","-123.0250635","ASNAP","","admin","","","","","","","","","","","","-4.93","1.77","-1.0","-4.3","275.59","936.27","0.58","SciCam","/SciCam.20250808_024126320.jpg","PilotCam","/PilotCam.20250808_024126320.jpg","BrowCam","/BrowCam.20250808_024126320.jpg","UserSelect","/UserSelect.20250808_024126320.jpg","","","-999.99","3.64","-999.99","-999.99","689563d6e3a1c300139c2e0f"
"2025-08-08T02:41:41.354Z","45.9166987","-123.0250291","ASNAP","","admin","","","","","","","","","","","","-2.26","3.56","-1.1","-3.3","9.63","944.63","0.58","SciCam","/SciCam.20250808_024141354.jpg","PilotCam","/PilotCam.20250808_024141354.jpg","BrowCam","/BrowCam.20250808_024141354.jpg","UserSelect","/UserSelect.20250808_024141354.jpg","","","-999.99","3.56","-999.99","-999.99","689563e5e3a1c300139c2e13"
"2025-08-08T02:41:56.389Z","45.9166645","-123.0250161","ASNAP","","admin","","","","","","","","","","","","-1.25","-0.24","-1.2","-2.9","102.71","951.84","0.58","SciCam","/SciCam.20250808_024156389.jpg","PilotCam","/PilotCam.20250808_024156389.jpg","BrowCam","/BrowCam.20250808_024156389.jpg","UserSelect","/UserSelect.20250808_024156389.jpg","","","-999.99","3.52","-999.99","-999.99","689563f4e3a1c300139c2e17"
"2025-08-08T02:42:11.424Z","45.9166530","-123.0250521","ASNAP","","admin","","","","","","","","","","","","-4.04","-1.52","1.0","-3.3","197.93","959.80","0.58","SciCam","/SciCam.20250808_024211424.jpg","PilotCam","/PilotCam.20250808_024211424.jpg","BrowCam","/BrowCam.20250808_024211424.jpg","UserSelect","/UserSelect.20250808_024211424.jpg","","","-3.65","3.58","-3.65","-999.99","68956403e3a1c300139c2e1b"
"2025-08-08T02:42:26.458Z","45.9166940","-123.0250577","ASNAP","","admin","","","","","","","","","","","","-4.48","3.04","-1.3","-3.5","304.54","967.70","0.58","SciCam","/SciCam.20250808_024226458.jpg","PilotCam","/PilotCam.20250808_024226458.jpg","BrowCam","/BrowCam.20250808_024226458.jpg","UserSelect","/UserSelect.20250808_024226458.jpg","","","-999.99","3.53","-999.99","-999.99","68956412e3a1c300139c2e1f"
"2025-08-08T02:42:41.491Z","45.9166933","-123.0250224","ASNAP","","admin","","","","","","","","","","","","-1.74","2.96","-1.7","-3.0","32.69","974.16","0.58","SciCam","/SciCam.20250808_024241491.jpg","PilotCam","/PilotCam.20250808_024241491.jpg","BrowCam","/BrowCam.20250808_024241491.jpg","UserSelect","/UserSelect.20250808_024241491.jpg","","","-999.99","3.47","-999.99","-999.99","68956421e3a1c300139c2e23"
"2025-08-08T02:42:56.525Z","45.9166581","-123.0250208","ASNAP","","admin","","","","","","","","","","","","-1.61","-0.95","-1.7","-1.6","116.70","982.06","0.58","SciCam","/SciCam.20250808_024256525.jpg","PilotCam","/PilotCam.20250808_024256525.jpg","BrowCam","/BrowCam.20250808_024256525.jpg","UserSelect","/UserSelect.20250808_024256525.jpg","","","-999.99","3.53","-999.99","-999.99","68956430e3a1c300139c2e27"
"2025-08-08T02:43:11.558Z","45.9166520","-123.0250284","ASNAP","","admin","","","","","","","","","","","","-2.20","-1.63","-0.3","-1.3","138.85","990.06","0.58","SciCam","/SciCam.20250808_024311558.jpg","PilotCam","/PilotCam.20250808_024311558.jpg","BrowCam","/BrowCam.20250808_024311558.jpg","UserSelect","/UserSelect.20250808_024311558.jpg","","","-3.65","3.50","-999.99","-999.99","6895643fe3a1c300139c2e2b"
"2025-08-08T02:43:26.592Z","45.9166516","-123.0250293","ASNAP","","admin","","","","","","","","","","","","-2.27","-1.67","-0.6","-2.2","140.92","997.38","0.58","SciCam","/SciCam.20250808_024326592.jpg","PilotCam","/PilotCam.20250808_024326592.jpg","BrowCam","/BrowCam.20250808_024326592.jpg","UserSelect","/UserSelect.20250808_024326592.jpg","","","-999.99","3.45","-999.99","-999.99","6895644ee3a1c300139c2e2f"
"2025-08-08T02:43:41.626Z","45.9166517","-123.0250296","ASNAP","","admin","","","","","","","","","","","","-2.30","-1.66","-1.2","-4.0","141.50","1004.01","0.58","SciCam","/SciCam.20250808_024341626.jpg","PilotCam","/PilotCam.20250808_024341626.jpg","BrowCam","/BrowCam.20250808_024341626.jpg","UserSelect","/UserSelect.20250808_024341626.jpg","","","-3.65","3.46","-3.65","-999.99","6895645de3a1c300139c2e33"
"2025-08-08T02:43:56.654Z","45.9166516","-123.0250294","ASNAP","","admin","","","","","","","","","","","","-2.28","-1.67","-0.7","-2.3","141.33","1011.00","0.58","SciCam","/SciCam.20250808_024356654.jpg","PilotCam","/PilotCam.20250808_024356654.jpg","BrowCam","/BrowCam.20250808_024356654.jpg","UserSelect","/UserSelect.20250808_024356654.jpg","","","-999.99","3.47","-999.99","-999.99","6895646ce3a1c300139c2e37"
"2025-08-08T02:44:11.686Z","45.9166517","-123.0250293","ASNAP","","admin","","","","","","","","","","","","-2.27","-1.66","-0.6","-2.7","141.02","1019.84","0.58","SciCam","/SciCam.20250808_024411686.jpg","PilotCam","/PilotCam.20250808_024411686.jpg","BrowCam","/BrowCam.20250808_024411686.jpg","UserSelect","/UserSelect.20250808_024411686.jpg","","","-999.99","3.40","-999.99","-999.99","6895647be3a1c300139c2e3b"
"2025-08-08T02:44:26.716Z","45.9166516","-123.0250305","ASNAP","","admin","","","","","","","","","","","","-2.37","-1.67","-0.8","-2.1","143.32","1027.92","0.58","SciCam","/SciCam.20250808_024426716.jpg","PilotCam","/PilotCam.20250808_024426716.jpg","BrowCam","/BrowCam.20250808_024426716.jpg","UserSelect","/UserSelect.20250808_024426716.jpg","","","-999.99","3.43","-999.99","-999.99","6895648ae3a1c300139c2e3f"
"2025-08-08T02:44:41.735Z","45.9166516","-123.0250308","ASNAP","","admin","","","","","","","","","","","","-2.39","-1.68","-0.9","-1.7","143.23","1035.36","0.58","SciCam","/SciCam.20250808_024441735.jpg","PilotCam","/PilotCam.20250808_024441735.jpg","BrowCam","/BrowCam.20250808_024441735.jpg","UserSelect","/UserSelect.20250808_024441735.jpg","","","-999.99","3.41","-999.99","-999.99","68956499e3a1c300139c2e43"
"2025-08-08T02:44:56.766Z","45.9166517","-123.0250313","ASNAP","","admin","","","","","","","","","","","","-2.43","-1.66","-1.2","-4.1","143.50","1042.09","0.58","SciCam","/SciCam.20250808_024456766.jpg","PilotCam","/PilotCam.20250808_024456766.jpg","BrowCam","/BrowCam.20250808_024456766.jpg","UserSelect","/UserSelect.20250808_024456766.jpg","","","-999.99","3.40","-999.99","-999.99","689564a8e3a1c300139c2e47"
"2025-08-08T02:45:11.797Z","45.9166520","-123.0250311","ASNAP","","admin","","","","","","","","","","","","-2.41","-1.63","-0.6","-2.9","143.04","1050.47","0.58","SciCam","/SciCam.20250808_024511797.jpg","PilotCam","/PilotCam.20250808_024511797.jpg","BrowCam","/BrowCam.20250808_024511797.jpg","UserSelect","/UserSelect.20250808_024511797.jpg","","","-3.65","3.31","-3.65","-999.99","689564b7e3a1c300139c2e4b"
"2025-08-08T02:45:26.828Z","45.9166519","-123.0250313","ASNAP","","admin","","","","","","","","","","","","-2.43","-1.64","-0.9","-3.3","143.74","1058.18","0.58","SciCam","/SciCam.20250808_024526828.jpg","PilotCam","/PilotCam.20250808_024526828.jpg","BrowCam","/BrowCam.20250808_024526828.jpg","UserSelect","/UserSelect.20250808_024526828.jpg","","","-3.65","3.38","-3.65","-999.99","689564c6e3a1c300139c2e4f"
"2025-08-08T02:45:41.856Z","45.9166521","-123.0250308","ASNAP","","admin","","","","","","","","","","","","-2.39","-1.62","-0.8","-2.6","142.86","1065.63","0.58","SciCam","/SciCam.20250808_024541856.jpg","PilotCam","/PilotCam.20250808_024541856.jpg","BrowCam","/BrowCam.20250808_024541856.jpg","UserSelect","/UserSelect.20250808_024541856.jpg","","","-999.99","3.34","-999.99","-999.99","689564d5e3a1c300139c2e53"
"2025-08-08T02:45:56.889Z","45.9166520","-123.0250309","ASNAP","","admin","","","","","","","","","","","","-2.40","-1.63","-0.8","-2.2","143.29","1073.22","0.58","SciCam","/SciCam.20250808_024556889.jpg","PilotCam","/PilotCam.20250808_024556889.jpg","BrowCam","/BrowCam.20250808_024556889.jpg","UserSelect","/UserSelect.20250808_024556889.jpg","","","-999.99","3.30","-999.99","-999.99","689564e4e3a1c300139c2e57"
"2025-08-08T02:46:11.921Z","45.9166525","-123.0250303","ASNAP","","admin","","","","","","","","","","","","-2.35","-1.57","-0.7","-2.4","143.03","1080.68","0.58","SciCam","/SciCam.20250808_024611921.jpg","PilotCam","/PilotCam.20250808_024611921.jpg","BrowCam","/BrowCam.20250808_024611921.jpg","UserSelect","/UserSelect.20250808_024611921.jpg","","","-999.99","3.31","-999.99","-999.99","689564f3e3a1c300139c2e5b"
"2025-08-08T02:46:26.940Z","45.9166529","-123.0250303","ASNAP","","admin","","","","","","","","","","","","-2.35","-1.53","-0.9","-3.3","143.14","1087.55","0.58","SciCam","/SciCam.20250808_024626940.jpg","PilotCam","/PilotCam.20250808_024626940.jpg","BrowCam","/BrowCam.20250808_024626940.jpg","UserSelect","/UserSelect.20250808_024626940.jpg","","","-3.65","3.24","-999.99","-999.99","68956502e3a1c300139c2e5f"
"2025-08-08T02:46:41.971Z","45.9166524","-123.0250303","ASNAP","","admin","","","","","","","","","","","","-2.35","-1.59","-1.0","-3.8","143.19","1094.17","0.58","SciCam","/SciCam.20250808_024641971.jpg","PilotCam","/PilotCam.20250808_024641971.jpg","BrowCam","/BrowCam.20250808_024641971.jpg","UserSelect","/UserSelect.20250808_024641971.jpg","","","-999.99","3.21","-999.99","-999.99","68956511e3a1c300139c2e63"
"2025-08-08T02:46:57.006Z","45.9166522","-123.0250302","ASNAP","","admin","","","","","","","","","","","","-2.34","-1.61","-0.8","-1.9","143.16","1103.25","0.58","SciCam","/SciCam.20250808_024657006.jpg","PilotCam","/PilotCam.20250808_024657006.jpg","BrowCam","/BrowCam.20250808_024657006.jpg","UserSelect","/UserSelect.20250808_024657006.jpg","","","-3.65","3.16","-3.65","-999.99","68956521e3a1c300139c2e67"
"2025-08-08T02:47:12.038Z","45.9166523","-123.0250299","ASNAP","","admin","","","","","","","","","","","","-2.32","-1.60","-1.0","-3.2","143.01","1110.57","0.58","SciCam","/SciCam.20250808_024712038.jpg","PilotCam","/PilotCam.20250808_024712038.jpg","BrowCam","/BrowCam.20250808_024712038.jpg","UserSelect","/UserSelect.20250808_024712038.jpg","","","-3.65","3.22","-999.99","-999.99","68956530e3a1c300139c2e6b"
"2025-08-08T02:47:27.071Z","45.9166522","-123.0250298","ASNAP","","admin","","","","","","","","","","","","-2.31","-1.61","-0.6","-2.3","142.95","1118.19","0.58","SciCam","/SciCam.20250808_024727071.jpg","PilotCam","/PilotCam.20250808_024727071.jpg","BrowCam","/BrowCam.20250808_024727071.jpg","UserSelect","/UserSelect.20250808_024727071.jpg","","","-3.65","3.23","-999.99","-999.99","6895653fe3a1c300139c2e6f"
"2025-08-08T02:47:42.103Z","45.9166522","-123.0250299","ASNAP","","admin","","","","","","","","","","","","-2.32","-1.61","-0.8","-3.3","143.20","1125.80","0.58","SciCam","/SciCam.20250808_024742103.jpg","PilotCam","/PilotCam.20250808_024742103.jpg","BrowCam","/BrowCam.20250808_024742103.jpg","UserSelect","/UserSelect.20250808_024742103.jpg","","","-999.99","3.15","-999.99","-999.99","6895654ee3a1c300139c2e73"
"2025-08-08T02:47:57.125Z","45.9166519","-123.0250300","ASNAP","","admin","","","","","","","","","","","","-2.33","-1.64","-0.9","-3.3","143.26","1132.68","0.58","SciCam","/SciCam.20250808_024757125.jpg","PilotCam","/PilotCam.20250808_024757125.jpg","BrowCam","/BrowCam.20250808_024757125.jpg","UserSelect","/UserSelect.20250808_024757125.jpg","","","-3.65","3.14","-3.65","-999.99","6895655de3a1c300139c2e77"
"2025-08-08T02:48:12.158Z","45.9166522","-123.0250298","ASNAP","","admin","","","","","","","","","","","","-2.31","-1.61","-1.1","-2.3","142.65","1140.27","0.58","SciCam","/SciCam.20250808_024812158.jpg","PilotCam","/PilotCam.20250808_024812158.jpg","BrowCam","/BrowCam.20250808_024812158.jpg","UserSelect","/UserSelect.20250808_024812158.jpg","","","-3.65","3.16","-999.99","-999.99","6895656ce3a1c300139c2e7b"
"2025-08-08T02:48:27.189Z","45.9166522","-123.0250300","ASNAP","","admin","","","","","","","","","","","","-2.33","-1.61","-0.6","-2.4","143.15","1147.16","0.58","SciCam","/SciCam.20250808_024827189.jpg","PilotCam","/PilotCam.20250808_024827189.jpg","BrowCam","/BrowCam.20250808_024827189.jpg","UserSelect","/UserSelect.20250808_024827189.jpg","","","-3.65","3.12","-999.99","-999.99","6895657be3a1c300139c2e7f"
"2025-08-08T02:48:42.221Z","45.9166521","-123.0250300","ASNAP","","admin","","","","","","","","","","","","-2.33","-1.62","-1.1","-2.5","143.15","1154.39","0.58","SciCam","/SciCam.20250808_024842221.jpg","PilotCam","/PilotCam.20250808_024842221.jpg","BrowCam","/BrowCam.20250808_024842221.jpg","UserSelect","/UserSelect.20250808_024842221.jpg","","","-3.65","3.07","-999.99","-999.99","6895658ae3a1c300139c2e83"
"2025-08-08T02:48:57.252Z","45.9166521","-123.0250299","ASNAP","","admin","","","","","","","","","","","","-2.32","-1.62","-0.7","-3.6","143.08","1161.77","0.58","SciCam","/SciCam.20250808_024857252.jpg","PilotCam","/PilotCam.20250808_024857252.jpg","BrowCam","/BrowCam.20250808_024857252.jpg","UserSelect","/UserSelect.20250808_024857252.jpg","","","-3.65","3.11","-3.65","-999.99","68956599e3a1c300139c2e87"
"2025-08-08T02:49:12.275Z","45.9166523","-123.0250299","ASNAP","","admin","","","","","","","","","","","","-2.32","-1.60","-0.8","-3.9","143.21","1168.29","0.58","SciCam","/SciCam.20250808_024912275.jpg","PilotCam","/PilotCam.20250808_024912275.jpg","BrowCam","/BrowCam.20250808_024912275.jpg","UserSelect","/UserSelect.20250808_024912275.jpg","","","-3.65","3.05","-999.99","-999.99","689565a8e3a1c300139c2e8b"
"2025-08-08T02:49:27.305Z","45.9166520","-123.0250302","ASNAP","","admin","","","","","","","","","","","","-2.34","-1.63","-0.9","-4.1","143.82","1175.88","0.58","SciCam","/SciCam.20250808_024927305.jpg","PilotCam","/PilotCam.20250808_024927305.jpg","BrowCam","/BrowCam.20250808_024927305.jpg","UserSelect","/UserSelect.20250808_024927305.jpg","","","-3.65","3.06","-999.99","-999.99","689565b7e3a1c300139c2e8f"
"2025-08-08T02:49:42.324Z","45.9166519","-123.0250296","ASNAP","","admin","","","","","","","","","","","","-2.30","-1.64","-1.0","-3.5","143.35","1183.53","0.58","SciCam","/SciCam.20250808_024942324.jpg","PilotCam","/PilotCam.20250808_024942324.jpg","BrowCam","/BrowCam.20250808_024942324.jpg","UserSelect","/UserSelect.20250808_024942324.jpg","","","-999.99","3.06","-999.99","-999.99","689565c6e3a1c300139c2e93"
"2025-08-08T02:49:57.357Z","45.9166517","-123.0250294","ASNAP","","admin","","","","","","","","","","","","-2.28","-1.66","-1.2","-1.2","143.17","1191.34","0.58","SciCam","/SciCam.20250808_024957357.jpg","PilotCam","/PilotCam.20250808_024957357.jpg","BrowCam","/BrowCam.20250808_024957357.jpg","UserSelect","/UserSelect.20250808_024957357.jpg","","","-3.65","3.10","-999.99","-999.99","689565d5e3a1c300139c2e97"
"2025-08-08T02:50:12.382Z","45.9166520","-123.0250298","ASNAP","","admin","","","","","","","","","","","","-2.31","-1.63","-1.2","-2.6","143.36","1198.56","0.58","SciCam","/SciCam.20250808_025012382.jpg","PilotCam","/PilotCam.20250808_025012382.jpg","BrowCam","/BrowCam.20250808_025012382.jpg","UserSelect","/UserSelect.20250808_025012382.jpg","","","-3.65","3.01","-3.65","-999.99","689565e4e3a1c300139c2e9b"
"2025-08-08T02:50:27.413Z","45.9166525","-123.0250298","ASNAP","","admin","","","","","","","","","","","","-2.31","-1.58","-1.0","-1.8","142.97","1206.41","0.58","SciCam","/SciCam.20250808_025027413.jpg","PilotCam","/PilotCam.20250808_025027413.jpg","BrowCam","/BrowCam.20250808_025027413.jpg","UserSelect","/UserSelect.20250808_025027413.jpg","","","-999.99","3.04","-999.99","-999.99","689565f3e3a1c300139c2e9f"
"2025-08-08T02:50:42.444Z","45.9166525","-123.0250299","ASNAP","","admin","","","","","","","","","","","","-2.32","-1.57","-1.0","-2.6","143.24","1213.04","0.58","SciCam","/SciCam.20250808_025042444.jpg","PilotCam","/PilotCam.20250808_025042444.jpg","BrowCam","/BrowCam.20250808_025042444.jpg","UserSelect","/UserSelect.20250808_025042444.jpg","","","-999.99","2.98","-999.99","-999.99","68956602e3a1c300139c2ea3"
"2025-08-08T02:50:57.477Z","45.9166525","-123.0250298","ASNAP","","admin","","","","","","","","","","","","-2.31","-1.58","-1.0","-1.7","143.01","1220.40","0.58","SciCam","/SciCam.20250808_025057477.jpg","PilotCam","/PilotCam.20250808_025057477.jpg","BrowCam","/BrowCam.20250808_025057477.jpg","UserSelect","/UserSelect.20250808_025057477.jpg","","","-999.99","2.95","-999.99","-999.99","68956611e3a1c300139c2ea7"
"2025-08-08T02:51:12.501Z","45.9166531","-123.0250299","ASNAP","","admin","","","","","","","","","","","","-2.32","-1.51","-0.8","-3.7","143.25","1227.21","0.58","SciCam","/SciCam.20250808_025112501.jpg","PilotCam","/PilotCam.20250808_025112501.jpg","BrowCam","/BrowCam.20250808_025112501.jpg","UserSelect","/UserSelect.20250808_025112501.jpg","","","-3.65","2.98","-3.65","-999.99","68956620e3a1c300139c2eab"
"2025-08-08T02:51:27.530Z","45.9166528","-123.0250296","ASNAP","","admin","","","","","","","","","","","","-2.30","-1.54","-0.8","-2.3","142.86","1235.40","0.58","SciCam","/SciCam.20250808_025127530.jpg","PilotCam","/PilotCam.20250808_025127530.jpg","BrowCam","/BrowCam.20250808_025127530.jpg","UserSelect","/UserSelect.20250808_025127530.jpg","","","-999.99","2.95","-999.99","-999.99","6895662fe3a1c300139c2eaf"
"2025-08-08T02:51:42.562Z","45.9166528","-123.0250299","ASNAP","","admin","","","","","","","","","","","","-2.32","-1.54","-0.7","-3.1","143.40","1242.54","0.58","SciCam","/SciCam.20250808_025142562.jpg","PilotCam","/PilotCam.20250808_025142562.jpg","BrowCam","/BrowCam.20250808_025142562.jpg","UserSelect","/UserSelect.20250808_025142562.jpg","","","-999.99","2.99","-999.99","-999.99","6895663ee3a1c300139c2eb3"
"2025-08-08T02:51:57.594Z","45.9166523","-123.0250298","ASNAP","","admin","","","","","","","","","","","","-2.31","-1.60","-1.0","-3.0","143.11","1249.91","0.58","SciCam","/SciCam.20250808_025157594.jpg","PilotCam","/PilotCam.20250808_025157594.jpg","BrowCam","/BrowCam.20250808_025157594.jpg","UserSelect","/UserSelect.20250808_025157594.jpg","","","-3.65","2.87","-999.99","-999.99","6895664de3a1c300139c2eb7"
"2025-08-08T02:52:12.625Z","45.9166528","-123.0250299","ASNAP","","admin","","","","","","","","","","","","-2.32","-1.54","-0.9","-2.6","143.06","1257.74","0.58","SciCam","/SciCam.20250808_025212625.jpg","PilotCam","/PilotCam.20250808_025212625.jpg","BrowCam","/BrowCam.20250808_025212625.jpg","UserSelect","/UserSelect.20250808_025212625.jpg","","","-999.99","2.89","-999.99","-999.99","6895665ce3a1c300139c2ebb"
"2025-08-08T02:52:27.658Z","45.9166534","-123.0250305","ASNAP","","admin","","","","","","","","","","","","-2.37","-1.48","-1.1","-1.6","143.14","1265.49","0.58","SciCam","/SciCam.20250808_025227658.jpg","PilotCam","/PilotCam.20250808_025227658.jpg","BrowCam","/BrowCam.20250808_025227658.jpg","UserSelect","/UserSelect.20250808_025227658.jpg","","","-999.99","2.85","-999.99","-999.99","6895666be3a1c300139c2ebf"
"2025-08-08T02:52:42.677Z","45.9166534","-123.0250305","ASNAP","","admin","","","","","","","","","","","","-2.37","-1.47","-1.0","-1.5","142.92","1272.36","0.58","SciCam","/SciCam.20250808_025242677.jpg","PilotCam","/PilotCam.20250808_025242677.jpg","BrowCam","/BrowCam.20250808_025242677.jpg","UserSelect","/UserSelect.20250808_025242677.jpg","","","-999.99","2.93","-999.99","-999.99","6895667ae3a1c300139c2ec3"
"2025-08-08T02:52:57.710Z","45.9166536","-123.0250304","ASNAP","","admin","","","","","","","","","","","","-2.36","-1.45","-1.1","-2.0","143.10","1279.79","0.58","SciCam","/SciCam.20250808_025257710.jpg","PilotCam","/PilotCam.20250808_025257710.jpg","BrowCam","/BrowCam.20250808_025257710.jpg","UserSelect","/UserSelect.20250808_025257710.jpg","","","-3.65","2.76","-3.65","-999.99","68956689e3a1c300139c2ec7"
"2025-08-08T02:53:12.744Z","45.9166537","-123.0250303","ASNAP","","admin","","","","","","","","","","","","-2.35","-1.44","-0.9","-2.1","142.91","1287.91","0.58","SciCam","/SciCam.20250808_025312744.jpg","PilotCam","/PilotCam.20250808_025312744.jpg","BrowCam","/BrowCam.20250808_025312744.jpg","UserSelect","/UserSelect.20250808_025312744.jpg","","","-999.99","2.88","-999.99","-999.99","68956698e3a1c300139c2ecb"
"2025-08-08T02:53:27.775Z","45.9166534","-123.0250309","ASNAP","","admin","","","","","","","","","","","","-2.40","-1.48","-0.9","-3.2","143.39","1295.42","0.58","SciCam","/SciCam.20250808_025327775.jpg","PilotCam","/PilotCam.20250808_025327775.jpg","BrowCam","/BrowCam.20250808_025327775.jpg","UserSelect","/UserSelect.20250808_025327775.jpg","","","-3.65","2.79","-999.99","-999.99","689566a7e3a1c300139c2ecf"
"2025-08-08T02:53:42.808Z","45.9166530","-123.0250307","ASNAP","","admin","","","","","","","","","","","","-2.38","-1.52","-1.0","-2.2","143.11","1302.50","0.58","SciCam","/SciCam.20250808_025342808.jpg","PilotCam","/PilotCam.20250808_025342808.jpg","BrowCam","/BrowCam.20250808_025342808.jpg","UserSelect","/UserSelect.20250808_025342808.jpg","","","-999.99","2.85","-999.99","-999.99","689566b6e3a1c300139c2ed3"
"2025-08-08T02:53:57.839Z","45.9166533","-123.0250308","ASNAP","","admin","","","","","","","","","","","","-2.39","-1.49","-1.0","-4.3","142.99","1309.59","0.58","SciCam","/SciCam.20250808_025357839.jpg","PilotCam","/PilotCam.20250808_025357839.jpg","BrowCam","/BrowCam.20250808_025357839.jpg","UserSelect","/UserSelect.20250808_025357839.jpg","","","-999.99","2.85","-999.99","-999.99","689566c5e3a1c300139c2ed7"
"2025-08-08T02:54:12.871Z","45.9166531","-123.0250309","ASNAP","","admin","","","","","","","","","","","","-2.40","-1.51","-1.1","-3.9","143.45","1316.71","0.58","SciCam","/SciCam.20250808_025412871.jpg","PilotCam","/PilotCam.20250808_025412871.jpg","BrowCam","/BrowCam.20250808_025412871.jpg","UserSelect","/UserSelect.20250808_025412871.jpg","","","-999.99","2.82","-999.99","-999.99","689566d4e3a1c300139c2edb"
"2025-08-08T02:54:27.902Z","45.9166532","-123.0250315","ASNAP","","admin","","","","","","","","","","","","-2.44","-1.50","-1.0","-4.5","143.65","1323.76","0.58","SciCam","/SciCam.20250808_025427902.jpg","PilotCam","/PilotCam.20250808_025427902.jpg","BrowCam","/BrowCam.20250808_025427902.jpg","UserSelect","/UserSelect.20250808_025427902.jpg","","","-3.65","2.82","-999.99","-999.99","689566e3e3a1c300139c2edf"
"2025-08-08T02:54:42.932Z","45.9166527","-123.0250313","ASNAP","","admin","","","","","","","","","","","","-2.43","-1.55","-0.9","-3.2","143.11","1332.26","0.58","SciCam","/SciCam.20250808_025442932.jpg","PilotCam","/PilotCam.20250808_025442932.jpg","BrowCam","/BrowCam.20250808_025442932.jpg","UserSelect","/UserSelect.20250808_025442932.jpg","","","-999.99","2.83","-999.99","-999.99","689566f2e3a1c300139c2ee3"
"2025-08-08T02:54:57.963Z","45.9166530","-123.0250311","ASNAP","","admin","","","","","","","","","","","","-2.41","-1.52","-1.0","-3.0","143.26","1339.47","0.58","SciCam","/SciCam.20250808_025457963.jpg","PilotCam","/PilotCam.20250808_025457963.jpg","BrowCam","/BrowCam.20250808_025457963.jpg","UserSelect","/UserSelect.20250808_025457963.jpg","","","-999.99","2.79","-999.99","-999.99","68956701e3a1c300139c2ee7"
"2025-08-08T02:55:12.984Z","45.9166526","-123.0250305","ASNAP","","admin","","","","","","","","","","","","-2.37","-1.56","-1.1","-3.5","142.97","1346.80","0.58","SciCam","/SciCam.20250808_025512984.jpg","PilotCam","/PilotCam.20250808_025512984.jpg","BrowCam","/BrowCam.20250808_025512984.jpg","UserSelect","/UserSelect.20250808_025512984.jpg","","","-999.99","2.75","-999.99","-999.99","68956710e3a1c300139c2eeb"
"2025-08-08T02:55:28.003Z","45.9166524","-123.0250304","ASNAP","","admin","","","","","","","","","","","","-2.36","-1.59","-1.1","-2.5","143.02","1354.69","0.58","SciCam","/SciCam.20250808_025528003.jpg","PilotCam","/PilotCam.20250808_025528003.jpg","BrowCam","/BrowCam.20250808_025528003.jpg","UserSelect","/UserSelect.20250808_025528003.jpg","","","-3.65","2.75","-999.99","-999.99","68956720e3a1c300139c2eef"
"2025-08-08T02:55:43.032Z","45.9166525","-123.0250305","ASNAP","","admin","","","","","","","","","","","","-2.37","-1.58","-0.7","-2.1","143.09","1362.64","0.58","SciCam","/SciCam.20250808_025543032.jpg","PilotCam","/PilotCam.20250808_025543032.jpg","BrowCam","/BrowCam.20250808_025543032.jpg","UserSelect","/UserSelect.20250808_025543032.jpg","","","-999.99","2.69","-999.99","-999.99","6895672fe3a1c300139c2ef3"
"2025-08-08T02:55:58.053Z","45.9166527","-123.0250307","ASNAP","","admin","","","","","","","","","","","","-2.38","-1.55","-0.8","-3.7","143.20","1369.75","0.58","SciCam","/SciCam.20250808_025558053.jpg","PilotCam","/PilotCam.20250808_025558053.jpg","BrowCam","/BrowCam.20250808_025558053.jpg","UserSelect","/UserSelect.20250808_025558053.jpg","","","-999.99","2.72","-999.99","-999.99","6895673ee3a1c300139c2ef7"
"2025-08-08T02:56:13.084Z","45.9166529","-123.0250302","ASNAP","","admin","","","","","","","","","","","","-2.34","-1.53","-0.9","-4.2","143.00","1376.95","0.58","SciCam","/SciCam.20250808_025613084.jpg","PilotCam","/PilotCam.20250808_025613084.jpg","BrowCam","/BrowCam.20250808_025613084.jpg","UserSelect","/UserSelect.20250808_025613084.jpg","","","-999.99","2.76","-999.99","-999.99","6895674de3a1c300139c2efb"
"2025-08-08T02:56:28.113Z","45.9166529","-123.0250300","ASNAP","","admin","","","","","","","","","","","","-2.33","-1.53","-1.0","-3.4","143.20","1384.24","0.58","SciCam","/SciCam.20250808_025628113.jpg","PilotCam","/PilotCam.20250808_025628113.jpg","BrowCam","/BrowCam.20250808_025628113.jpg","UserSelect","/UserSelect.20250808_025628113.jpg","","","-3.65","2.64","-999.99","-999.99","6895675ce3a1c300139c2eff"
"2025-08-08T02:56:43.144Z","45.9166523","-123.0250303","ASNAP","","admin","","","","","","","","","","","","-2.35","-1.60","-1.2","-2.0","142.97","1391.90","0.58","SciCam","/SciCam.20250808_025643144.jpg","PilotCam","/PilotCam.20250808_025643144.jpg","BrowCam","/BrowCam.20250808_025643144.jpg","UserSelect","/UserSelect.20250808_025643144.jpg","","","-999.99","2.66","-999.99","-999.99","6895676be3a1c300139c2f03"
"2025-08-08T02:56:58.172Z","45.9166524","-123.0250304","ASNAP","","admin","","","","","","","","","","","","-2.36","-1.59","-1.0","-3.4","143.34","1399.19","0.58","SciCam","/SciCam.20250808_025658172.jpg","PilotCam","/PilotCam.20250808_025658172.jpg","BrowCam","/BrowCam.20250808_025658172.jpg","UserSelect","/UserSelect.20250808_025658172.jpg","","","-999.99","2.62","-999.99","-999.99","6895677ae3a1c300139c2f07"
"2025-08-08T02:57:13.206Z","45.9166522","-123.0250303","ASNAP","","admin","","","","","","","","","","","","-2.35","-1.61","-0.9","-3.1","143.25","1406.64","0.58","SciCam","/SciCam.20250808_025713206.jpg","PilotCam","/PilotCam.20250808_025713206.jpg","BrowCam","/BrowCam.20250808_025713206.jpg","UserSelect","/UserSelect.20250808_025713206.jpg","","","-999.99","2.62","-999.99","-999.99","68956789e3a1c300139c2f0b"
"2025-08-08T02:57:28.238Z","45.9166528","-123.0250307","ASNAP","","admin","","","","","","","","","","","","-2.38","-1.54","-0.8","-3.8","143.71","1412.80","0.58","SciCam","/SciCam.20250808_025728238.jpg","PilotCam","/PilotCam.20250808_025728238.jpg","BrowCam","/BrowCam.20250808_025728238.jpg","UserSelect","/UserSelect.20250808_025728238.jpg","","","-999.99","2.55","-999.99","-999.99","68956798e3a1c300139c2f0f"
"2025-08-08T02:57:43.268Z","45.9166528","-123.0250303","ASNAP","","admin","","","","","","","","","","","","-2.35","-1.54","-1.0","-2.3","143.03","1421.90","0.58","SciCam","/SciCam.20250808_025743268.jpg","PilotCam","/PilotCam.20250808_025743268.jpg","BrowCam","/BrowCam.20250808_025743268.jpg","UserSelect","/UserSelect.20250808_025743268.jpg","","","-999.99","2.61","-999.99","-999.99","689567a7e3a1c300139c2f13"
"2025-08-08T02:57:58.302Z","45.9166528","-123.0250305","ASNAP","","admin","","","","","","","","","","","","-2.37","-1.54","-1.4","-2.4","142.88","1429.14","0.58","SciCam","/SciCam.20250808_025758302.jpg","PilotCam","/PilotCam.20250808_025758302.jpg","BrowCam","/BrowCam.20250808_025758302.jpg","UserSelect","/UserSelect.20250808_025758302.jpg","","","-999.99","2.60","-999.99","-999.99","689567b6e3a1c300139c2f17"
"2025-08-08T02:58:13.326Z","45.9166528","-123.0250307","ASNAP","","admin","","","","","","","","","","","","-2.38","-1.54","-0.9","-2.3","143.29","1436.48","0.58","SciCam","/SciCam.20250808_025813326.jpg","PilotCam","/PilotCam.20250808_025813326.jpg","BrowCam","/BrowCam.20250808_025813326.jpg","UserSelect","/UserSelect.20250808_025813326.jpg","","","-999.99","2.57","-999.99","-999.99","689567c5e3a1c300139c2f1b"
"2025-08-08T02:58:28.357Z","45.9166524","-123.0250307","ASNAP","","admin","","","","","","","","","","","","-2.38","-1.59","-1.1","-2.3","143.24","1443.86","0.58","SciCam","/SciCam.20250808_025828357.jpg","PilotCam","/PilotCam.20250808_025828357.jpg","BrowCam","/BrowCam.20250808_025828357.jpg","UserSelect","/UserSelect.20250808_025828357.jpg","","","-999.99","2.52","-999.99","-999.99","689567d4e3a1c300139c2f1f"
"2025-08-08T02:58:43.388Z","45.9166516","-123.0250331","ASNAP","","admin","","","","","","","","","","","","-2.57","-1.67","-1.4","-3.7","148.69","1451.24","0.58","SciCam","/SciCam.20250808_025843388.jpg","PilotCam","/PilotCam.20250808_025843388.jpg","BrowCam","/BrowCam.20250808_025843388.jpg","UserSelect","/UserSelect.20250808_025843388.jpg","","","-999.99","2.62","-999.99","-999.99","689567e3e3a1c300139c2f23"
"2025-08-08T02:58:58.414Z","45.9166970","-123.0250567","ASNAP","","admin","","","","","","","","","","","","-4.40","3.37","-1.3","-3.8","311.39","1459.28","0.58","SciCam","/SciCam.20250808_025858414.jpg","PilotCam","/PilotCam.20250808_025858414.jpg","BrowCam","/BrowCam.20250808_025858414.jpg","UserSelect","/UserSelect.20250808_025858414.jpg","","","-999.99","2.46","-999.99","-999.99","689567f2e3a1c300139c2f27"
"2025-08-08T02:59:13.447Z","45.9166625","-123.0250198","ASNAP","","admin","","","","","","","","","","","","-1.54","-0.46","-1.4","-2.8","110.23","1466.49","0.58","SciCam","/SciCam.20250808_025913447.jpg","PilotCam","/PilotCam.20250808_025913447.jpg","BrowCam","/BrowCam.20250808_025913447.jpg","UserSelect","/UserSelect.20250808_025913447.jpg","","","-999.99","2.50","-999.99","-999.99","68956801e3a1c300139c2f2b"
"2025-08-08T02:59:28.480Z","45.9166615","-123.0250610","ASNAP","","admin","","","","","","","","","","","","-4.73","-0.58","0.1","-2.9","219.49","1474.40","0.58","SciCam","/SciCam.20250808_025928480.jpg","PilotCam","/PilotCam.20250808_025928480.jpg","BrowCam","/BrowCam.20250808_025928480.jpg","UserSelect","/UserSelect.20250808_025928480.jpg","","","-999.99","2.48","-999.99","-999.99","68956810e3a1c300139c2f2f"
"2025-08-08T02:59:43.513Z","45.9167017","-123.0250487","ASNAP","","admin","","","","","","","","","","","","-3.78","3.89","-1.7","-4.0","328.33","1481.67","0.58","SciCam","/SciCam.20250808_025943513.jpg","PilotCam","/PilotCam.20250808_025943513.jpg","BrowCam","/BrowCam.20250808_025943513.jpg","UserSelect","/UserSelect.20250808_025943513.jpg","","","-999.99","2.46","-3.65","-999.99","6895681fe3a1c300139c2f33"
"2025-08-08T02:59:58.544Z","45.9166766","-123.0250155","ASNAP","","admin","","","","","","","","","","","","-1.20","1.10","-1.7","-2.9","79.15","1488.58","0.58","SciCam","/SciCam.20250808_025958544.jpg","PilotCam","/PilotCam.20250808_025958544.jpg","BrowCam","/BrowCam.20250808_025958544.jpg","UserSelect","/UserSelect.20250808_025958544.jpg","","","-999.99","2.39","-999.99","-999.99","6895682ee3a1c300139c2f37"
"2025-08-08T03:00:13.576Z","45.9166537","-123.0250519","ASNAP","","admin","","","","","","","","","","","","-4.03","-1.44","-0.8","-3.6","192.65","1496.14","0.58","SciCam","/SciCam.20250808_030013576.jpg","PilotCam","/PilotCam.20250808_030013576.jpg","BrowCam","/BrowCam.20250808_030013576.jpg","UserSelect","/UserSelect.20250808_030013576.jpg","","","-999.99","2.40","-999.99","-999.99","6895683de3a1c300139c2f3b"
"2025-08-08T03:00:28.610Z","45.9166971","-123.0250574","ASNAP","","admin","","","","","","","","","","","","-4.45","3.38","-0.9","-2.9","308.14","1503.67","0.58","SciCam","/SciCam.20250808_030028610.jpg","PilotCam","/PilotCam.20250808_030028610.jpg","BrowCam","/BrowCam.20250808_030028610.jpg","UserSelect","/UserSelect.20250808_030028610.jpg","","","-999.99","2.44","-999.99","-999.99","6895684ce3a1c300139c2f3f"
"2025-08-08T03:00:43.643Z","45.9166805","-123.0250151","ASNAP","","admin","","","","","","","","","","","","-1.17","1.54","-1.1","-3.1","69.65","1510.30","0.58","SciCam","/SciCam.20250808_030043643.jpg","PilotCam","/PilotCam.20250808_030043643.jpg","BrowCam","/BrowCam.20250808_030043643.jpg","UserSelect","/UserSelect.20250808_030043643.jpg","","","-999.99","2.44","-999.99","-999.99","6895685be3a1c300139c2f43"
"2025-08-08T03:00:58.675Z","45.9166521","-123.0250477","ASNAP","","admin","","","","","","","","","","","","-3.70","-1.62","-0.7","-2.8","182.74","1518.65","0.58","SciCam","/SciCam.20250808_030058675.jpg","PilotCam","/PilotCam.20250808_030058675.jpg","BrowCam","/BrowCam.20250808_030058675.jpg","UserSelect","/UserSelect.20250808_030058675.jpg","","","-999.99","2.41","-999.99","-999.99","6895686ae3a1c300139c2f47"
"2025-08-08T03:01:13.709Z","45.9166561","-123.0250558","ASNAP","","admin","","","","","","","","","","","","-4.33","-1.18","-0.9","-3.9","202.54","1525.42","0.58","SciCam","/SciCam.20250808_030113709.jpg","PilotCam","/PilotCam.20250808_030113709.jpg","BrowCam","/BrowCam.20250808_030113709.jpg","UserSelect","/UserSelect.20250808_030113709.jpg","","","-999.99","2.39","-999.99","-999.99","68956879e3a1c300139c2f4b"
"2025-08-08T03:01:28.741Z","45.9166516","-123.0250360","ASNAP","","admin","","","","","","","","","","","","-2.79","-1.67","-1.1","-3.2","156.43","1533.89","0.58","SciCam","/SciCam.20250808_030128741.jpg","PilotCam","/PilotCam.20250808_030128741.jpg","BrowCam","/BrowCam.20250808_030128741.jpg","UserSelect","/UserSelect.20250808_030128741.jpg","","","-999.99","2.40","-999.99","-999.99","68956888e3a1c300139c2f4f"
"2025-08-08T03:01:43.771Z","45.9166535","-123.0250309","ASNAP","","admin","","","","","","","","","","","","-2.40","-1.46","-2.1","-3.8","144.00","1541.41","0.58","SciCam","/SciCam.20250808_030143771.jpg","PilotCam","/PilotCam.20250808_030143771.jpg","BrowCam","/BrowCam.20250808_030143771.jpg","UserSelect","/UserSelect.20250808_030143771.jpg","","","-999.99","2.47","-999.99","-999.99","68956897e3a1c300139c2f53"
"2025-08-08T03:01:47.223Z","45.9166534","-123.0250312","Name","Megan Gonzalez","guest","","","","","","","","","","","","-2.42","-1.47","-1.0","-3.5","144.78","1542.81","0.58","SciCam","/SciCam.20250808_030147223.jpg","PilotCam","/PilotCam.20250808_030147223.jpg","BrowCam","/BrowCam.20250808_030147223.jpg","UserSelect","/UserSelect.20250808_030147223.jpg","","","-999.99","2.42","-999.99","-999.99","6895689be3a1c300139c2f57"
"2025-08-08T03:01:58.803Z","45.9166534","-123.0250313","ASNAP","","admin","","","","","","","","","","","","-2.43","-1.48","-1.0","-3.0","145.21","1549.12","0.58","SciCam","/SciCam.20250808_030158803.jpg","PilotCam","/PilotCam.20250808_030158803.jpg","BrowCam","/BrowCam.20250808_030158803.jpg","UserSelect","/UserSelect.20250808_030158803.jpg","","","-999.99","2.36","-999.99","-999.99","689568a6e3a1c300139c2f5b"
"2025-08-08T03:02:13.830Z","45.9166534","-123.0250313","ASNAP","","admin","","","","","","","","","","","","-2.43","-1.47","-1.1","-3.3","144.79","1555.65","0.58","SciCam","/SciCam.20250808_030213830.jpg","PilotCam","/PilotCam.20250808_030213830.jpg","BrowCam","/BrowCam.20250808_030213830.jpg","UserSelect","/UserSelect.20250808_030213830.jpg","","","-999.99","2.39","-999.99","-999.99","689568b5e3a1c300139c2f5f"
"2025-08-08T03:02:28.861Z","45.9166534","-123.0250316","ASNAP","","admin","","","","","","","","","","","","-2.45","-1.48","-1.2","-3.7","145.14","1563.29","0.58","SciCam","/SciCam.20250808_030228861.jpg","PilotCam","/PilotCam.20250808_030228861.jpg","BrowCam","/BrowCam.20250808_030228861.jpg","UserSelect","/UserSelect.20250808_030228861.jpg","","","-999.99","2.37","-999.99","-999.99","689568c4e3a1c300139c2f63"
"2025-08-08T03:02:43.892Z","45.9166535","-123.0250309","ASNAP","","admin","","","","","","","","","","","","-2.40","-1.46","-0.9","-3.7","144.55","1570.50","0.58","SciCam","/SciCam.20250808_030243892.jpg","PilotCam","/PilotCam.20250808_030243892.jpg","BrowCam","/BrowCam.20250808_030243892.jpg","UserSelect","/UserSelect.20250808_030243892.jpg","","","-999.99","2.32","-999.99","-999.99","689568d3e3a1c300139c2f67"
"2025-08-08T03:02:58.923Z","45.9166534","-123.0250309","ASNAP","","admin","","","","","","","","","","","","-2.40","-1.47","-1.2","-3.1","144.54","1577.68","0.58","SciCam","/SciCam.20250808_030258923.jpg","PilotCam","/PilotCam.20250808_030258923.jpg","BrowCam","/BrowCam.20250808_030258923.jpg","UserSelect","/UserSelect.20250808_030258923.jpg","","","-999.99","2.31","-999.99","-999.99","689568e2e3a1c300139c2f6b"
"2025-08-08T03:03:13.954Z","45.9166535","-123.0250309","ASNAP","","admin","","","","","","","","","","","","-2.40","-1.46","-1.3","-2.5","144.56","1585.52","0.58","SciCam","/SciCam.20250808_030313954.jpg","PilotCam","/PilotCam.20250808_030313954.jpg","BrowCam","/BrowCam.20250808_030313954.jpg","UserSelect","/UserSelect.20250808_030313954.jpg","","","-999.99","2.35","-999.99","-999.99","689568f1e3a1c300139c2f6f"
"2025-08-08T03:03:28.988Z","45.9166536","-123.0250311","ASNAP","","admin","","","","","","","","","","","","-2.41","-1.45","-1.1","-3.9","144.55","1592.31","0.58","SciCam","/SciCam.20250808_030328988.jpg","PilotCam","/PilotCam.20250808_030328988.jpg","BrowCam","/BrowCam.20250808_030328988.jpg","UserSelect","/UserSelect.20250808_030328988.jpg","","","-999.99","2.25","-999.99","-999.99","68956900e3a1c300139c2f73"
"2025-08-08T03:03:44.016Z","45.9166535","-123.0250309","ASNAP","","admin","","","","","","","","","","","","-2.40","-1.46","-1.3","-2.6","144.65","1600.36","0.58","SciCam","/SciCam.20250808_030344016.jpg","PilotCam","/PilotCam.20250808_030344016.jpg","BrowCam","/BrowCam.20250808_030344016.jpg","UserSelect","/UserSelect.20250808_030344016.jpg","","","-999.99","2.26","-999.99","-999.99","68956910e3a1c300139c2f77"
"2025-08-08T03:03:59.050Z","45.9166535","-123.0250309","ASNAP","","admin","","","","","","","","","","","","-2.40","-1.46","-1.1","-2.5","144.63","1607.86","0.58","SciCam","/SciCam.20250808_030359050.jpg","PilotCam","/PilotCam.20250808_030359050.jpg","BrowCam","/BrowCam.20250808_030359050.jpg","UserSelect","/UserSelect.20250808_030359050.jpg","","","-999.99","2.28","-999.99","-999.99","6895691fe3a1c300139c2f7b"
"2025-08-08T03:04:14.082Z","45.9166538","-123.0250305","ASNAP","","admin","","","","","","","","","","","","-2.37","-1.43","-1.4","-2.3","144.50","1615.23","0.58","SciCam","/SciCam.20250808_030414082.jpg","PilotCam","/PilotCam.20250808_030414082.jpg","BrowCam","/BrowCam.20250808_030414082.jpg","UserSelect","/UserSelect.20250808_030414082.jpg","","","-999.99","2.29","-999.99","-999.99","6895692ee3a1c300139c2f7f"
"2025-08-08T03:04:29.112Z","45.9166538","-123.0250303","ASNAP","","admin","","","","","","","","","","","","-2.35","-1.43","-0.9","-2.3","144.72","1622.69","0.58","SciCam","/SciCam.20250808_030429112.jpg","PilotCam","/PilotCam.20250808_030429112.jpg","BrowCam","/BrowCam.20250808_030429112.jpg","UserSelect","/UserSelect.20250808_030429112.jpg","","","-999.99","2.23","-999.99","-999.99","6895693de3a1c300139c2f83"
"2025-08-08T03:04:44.144Z","45.9166539","-123.0250303","ASNAP","","admin","","","","","","","","","","","","-2.35","-1.42","-1.3","-2.9","144.75","1629.41","0.58","SciCam","/SciCam.20250808_030444144.jpg","PilotCam","/PilotCam.20250808_030444144.jpg","BrowCam","/BrowCam.20250808_030444144.jpg","UserSelect","/UserSelect.20250808_030444144.jpg","","","-999.99","2.26","-999.99","-999.99","6895694ce3a1c300139c2f87"
"2025-08-08T03:04:59.161Z","45.9166545","-123.0250303","ASNAP","","admin","","","","","","","","","","","","-2.35","-1.35","-0.8","-3.5","144.64","1637.68","0.58","SciCam","/SciCam.20250808_030459161.jpg","PilotCam","/PilotCam.20250808_030459161.jpg","BrowCam","/BrowCam.20250808_030459161.jpg","UserSelect","/UserSelect.20250808_030459161.jpg","","","-999.99","2.26","-999.99","-999.99","6895695be3a1c300139c2f8b"
"2025-08-08T03:05:14.194Z","45.9166544","-123.0250304","ASNAP","","admin","","","","","","","","","","","","-2.36","-1.36","-1.3","-2.6","144.74","1644.44","0.58","SciCam","/SciCam.20250808_030514194.jpg","PilotCam","/PilotCam.20250808_030514194.jpg","BrowCam","/BrowCam.20250808_030514194.jpg","UserSelect","/UserSelect.20250808_030514194.jpg","","","-999.99","2.24","-999.99","-999.99","6895696ae3a1c300139c2f8f"
"2025-08-08T03:05:29.226Z","45.9166545","-123.0250304","ASNAP","","admin","","","","","","","","","","","","-2.36","-1.35","-1.0","-3.1","144.71","1652.18","0.58","SciCam","/SciCam.20250808_030529226.jpg","PilotCam","/PilotCam.20250808_030529226.jpg","BrowCam","/BrowCam.20250808_030529226.jpg","UserSelect","/UserSelect.20250808_030529226.jpg","","","-999.99","2.20","-999.99","-999.99","68956979e3a1c300139c2f93"
"2025-08-08T03:05:44.255Z","45.9166544","-123.0250304","ASNAP","","admin","","","","","","","","","","","","-2.36","-1.36","-0.8","-2.7","144.99","1659.72","0.58","SciCam","/SciCam.20250808_030544255.jpg","PilotCam","/PilotCam.20250808_030544255.jpg","BrowCam","/BrowCam.20250808_030544255.jpg","UserSelect","/UserSelect.20250808_030544255.jpg","","","-999.99","2.15","-999.99","-999.99","68956988e3a1c300139c2f97"
"2025-08-08T03:05:59.280Z","45.9166545","-123.0250305","ASNAP","","admin","","","","","","","","","","","","-2.37","-1.35","-1.0","-3.7","144.90","1666.32","0.58","SciCam","/SciCam.20250808_030559280.jpg","PilotCam","/PilotCam.20250808_030559280.jpg","BrowCam","/BrowCam.20250808_030559280.jpg","UserSelect","/UserSelect.20250808_030559280.jpg","","","-999.99","2.21","-999.99","-999.99","68956997e3a1c300139c2f9b"
"2025-08-08T03:06:14.314Z","45.9166545","-123.0250304","ASNAP","","admin","","","","","","","","","","","","-2.36","-1.35","-1.0","-2.7","144.87","1674.09","0.58","SciCam","/SciCam.20250808_030614314.jpg","PilotCam","/PilotCam.20250808_030614314.jpg","BrowCam","/BrowCam.20250808_030614314.jpg","UserSelect","/UserSelect.20250808_030614314.jpg","","","-999.99","2.11","-999.99","-999.99","689569a6e3a1c300139c2f9f"
"2025-08-08T03:06:29.347Z","45.9166545","-123.0250305","ASNAP","","admin","","","","","","","","","","","","-2.37","-1.35","-0.9","-3.7","145.21","1680.48","0.58","SciCam","/SciCam.20250808_030629347.jpg","PilotCam","/PilotCam.20250808_030629347.jpg","BrowCam","/BrowCam.20250808_030629347.jpg","UserSelect","/UserSelect.20250808_030629347.jpg","","","-999.99","2.12","-999.99","-999.99","689569b5e3a1c300139c2fa3"
"2025-08-08T03:06:44.366Z","45.9166545","-123.0250303","ASNAP","","admin","","","","","","","","","","","","-2.35","-1.35","-1.5","-3.1","144.68","1687.73","0.58","SciCam","/SciCam.20250808_030644366.jpg","PilotCam","/PilotCam.20250808_030644366.jpg","BrowCam","/BrowCam.20250808_030644366.jpg","UserSelect","/UserSelect.20250808_030644366.jpg","","","-999.99","2.13","-999.99","-999.99","689569c4e3a1c300139c2fa7"
"2025-08-08T03:06:59.398Z","45.9166545","-123.0250303","ASNAP","","admin","","","","","","","","","","","","-2.35","-1.35","-1.3","-2.8","144.61","1696.41","0.58","SciCam","/SciCam.20250808_030659398.jpg","PilotCam","/PilotCam.20250808_030659398.jpg","BrowCam","/BrowCam.20250808_030659398.jpg","UserSelect","/UserSelect.20250808_030659398.jpg","","","-999.99","2.18","-999.99","-999.99","689569d3e3a1c300139c2fab"
"2025-08-08T03:07:14.429Z","45.9166546","-123.0250305","ASNAP","","admin","","","","","","","","","","","","-2.37","-1.34","-1.2","-4.0","145.06","1702.96","0.58","SciCam","/SciCam.20250808_030714429.jpg","PilotCam","/PilotCam.20250808_030714429.jpg","BrowCam","/BrowCam.20250808_030714429.jpg","UserSelect","/UserSelect.20250808_030714429.jpg","","","-999.99","2.11","-999.99","-999.99","689569e2e3a1c300139c2faf"
"2025-08-08T03:07:29.460Z","45.9166547","-123.0250303","ASNAP","","admin","","","","","","","","","","","","-2.35","-1.33","-1.4","-3.9","144.53","1711.04","0.58","SciCam","/SciCam.20250808_030729460.jpg","PilotCam","/PilotCam.20250808_030729460.jpg","BrowCam","/BrowCam.20250808_030729460.jpg","UserSelect","/UserSelect.20250808_030729460.jpg","","","-999.99","2.18","-999.99","-999.99","689569f1e3a1c300139c2fb3"
"2025-08-08T03:07:44.492Z","45.9166544","-123.0250302","ASNAP","","admin","","","","","","","","","","","","-2.34","-1.36","-1.6","-1.6","144.50","1719.39","0.58","SciCam","/SciCam.20250808_030744492.jpg","PilotCam","/PilotCam.20250808_030744492.jpg","BrowCam","/BrowCam.20250808_030744492.jpg","UserSelect","/UserSelect.20250808_030744492.jpg","","","-999.99","2.12","-999.99","-999.99","68956a00e3a1c300139c2fb7"
"2025-08-08T03:07:59.526Z","45.9166546","-123.0250304","ASNAP","","admin","","","","","","","","","","","","-2.36","-1.34","-1.0","-3.4","144.88","1726.14","0.58","SciCam","/SciCam.20250808_030759526.jpg","PilotCam","/PilotCam.20250808_030759526.jpg","BrowCam","/BrowCam.20250808_030759526.jpg","UserSelect","/UserSelect.20250808_030759526.jpg","","","-999.99","2.16","-999.99","-999.99","68956a0fe3a1c300139c2fbb"
"2025-08-08T03:08:14.559Z","45.9166547","-123.0250304","ASNAP","","admin","","","","","","","","","","","","-2.36","-1.33","-1.1","-4.3","144.65","1733.24","0.58","SciCam","/SciCam.20250808_030814559.jpg","PilotCam","/PilotCam.20250808_030814559.jpg","BrowCam","/BrowCam.20250808_030814559.jpg","UserSelect","/UserSelect.20250808_030814559.jpg","","","-999.99","2.08","-999.99","-999.99","68956a1ee3a1c300139c2fbf"
"2025-08-08T03:08:29.590Z","45.9166544","-123.0250302","ASNAP","","admin","","","","","","","","","","","","-2.34","-1.36","-1.4","-1.6","144.59","1740.98","0.58","SciCam","/SciCam.20250808_030829590.jpg","PilotCam","/PilotCam.20250808_030829590.jpg","BrowCam","/BrowCam.20250808_030829590.jpg","UserSelect","/UserSelect.20250808_030829590.jpg","","","-999.99","2.12","-999.99","-999.99","68956a2de3a1c300139c2fc3"
"2025-08-08T03:08:44.622Z","45.9166544","-123.0250302","ASNAP","","admin","","","","","","","","","","","","-2.34","-1.36","-1.5","-1.1","144.66","1748.80","0.58","SciCam","/SciCam.20250808_030844622.jpg","PilotCam","/PilotCam.20250808_030844622.jpg","BrowCam","/BrowCam.20250808_030844622.jpg","UserSelect","/UserSelect.20250808_030844622.jpg","","","-999.99","2.11","-999.99","-999.99","68956a3ce3a1c300139c2fc7"
"2025-08-08T03:08:59.656Z","45.9166545","-123.0250304","ASNAP","","admin","","","","","","","","","","","","-2.36","-1.35","-1.3","-3.1","145.01","1756.14","0.58","SciCam","/SciCam.20250808_030859656.jpg","PilotCam","/PilotCam.20250808_030859656.jpg","BrowCam","/BrowCam.20250808_030859656.jpg","UserSelect","/UserSelect.20250808_030859656.jpg","","","-999.99","2.16","-999.99","-999.99","68956a4be3a1c300139c2fcb"
"2025-08-08T03:09:14.691Z","45.9166544","-123.0250304","ASNAP","","admin","","","","","","","","","","","","-2.36","-1.36","-1.4","-2.4","144.93","1764.11","0.58","SciCam","/SciCam.20250808_030914691.jpg","PilotCam","/PilotCam.20250808_030914691.jpg","BrowCam","/BrowCam.20250808_030914691.jpg","UserSelect","/UserSelect.20250808_030914691.jpg","","","-999.99","2.10","-999.99","-999.99","68956a5ae3a1c300139c2fcf"
"2025-08-08T03:09:29.726Z","45.9166544","-123.0250303","ASNAP","","admin","","","","","","","","","","","","-2.35","-1.36","-1.4","-1.6","144.74","1771.79","0.58","SciCam","/SciCam.20250808_030929726.jpg","PilotCam","/PilotCam.20250808_030929726.jpg","BrowCam","/BrowCam.20250808_030929726.jpg","UserSelect","/UserSelect.20250808_030929726.jpg","","","-999.99","2.05","-999.99","-999.99","68956a69e3a1c300139c2fd3"
"2025-08-08T03:09:44.758Z","45.9166546","-123.0250303","ASNAP","","admin","","","","","","","","","","","","-2.35","-1.34","-1.0","-3.1","144.76","1778.11","0.58","SciCam","/SciCam.20250808_030944758.jpg","PilotCam","/PilotCam.20250808_030944758.jpg","BrowCam","/BrowCam.20250808_030944758.jpg","UserSelect","/UserSelect.20250808_030944758.jpg","","","-999.99","2.06","-999.99","-999.99","68956a78e3a1c300139c2fd7"
"2025-08-08T03:09:59.792Z","45.9166545","-123.0250302","ASNAP","","admin","","","","","","","","","","","","-2.34","-1.35","-1.5","-2.0","144.53","1787.41","0.58","SciCam","/SciCam.20250808_030959792.jpg","PilotCam","/PilotCam.20250808_030959792.jpg","BrowCam","/BrowCam.20250808_030959792.jpg","UserSelect","/UserSelect.20250808_030959792.jpg","","","-999.99","2.08","-999.99","-999.99","68956a87e3a1c300139c2fdb"
"2025-08-08T03:10:14.823Z","45.9166544","-123.0250303","ASNAP","","admin","","","","","","","","","","","","-2.35","-1.36","-1.6","-1.8","144.67","1794.87","0.58","SciCam","/SciCam.20250808_031014823.jpg","PilotCam","/PilotCam.20250808_031014823.jpg","BrowCam","/BrowCam.20250808_031014823.jpg","UserSelect","/UserSelect.20250808_031014823.jpg","","","-999.99","2.06","-999.99","-999.99","68956a96e3a1c300139c2fdf"
"2025-08-08T03:10:29.852Z","45.9166545","-123.0250302","ASNAP","","admin","","","","","","","","","","","","-2.34","-1.35","-1.1","-1.7","144.52","1802.39","0.58","SciCam","/SciCam.20250808_031029852.jpg","PilotCam","/PilotCam.20250808_031029852.jpg","BrowCam","/BrowCam.20250808_031029852.jpg","UserSelect","/UserSelect.20250808_031029852.jpg","","","-999.99","2.09","-999.99","-999.99","68956aa5e3a1c300139c2fe3"
"2025-08-08T03:10:44.871Z","45.9166545","-123.0250303","ASNAP","","admin","","","","","","","","","","","","-2.35","-1.35","-1.1","-2.1","144.69","1809.61","0.58","SciCam","/SciCam.20250808_031044871.jpg","PilotCam","/PilotCam.20250808_031044871.jpg","BrowCam","/BrowCam.20250808_031044871.jpg","UserSelect","/UserSelect.20250808_031044871.jpg","","","-999.99","2.04","-999.99","-999.99","68956ab4e3a1c300139c2fe7"
"2025-08-08T03:10:59.903Z","45.9166544","-123.0250302","ASNAP","","admin","","","","","","","","","","","","-2.34","-1.36","-1.3","-1.6","144.66","1816.73","0.58","SciCam","/SciCam.20250808_031059903.jpg","PilotCam","/PilotCam.20250808_031059903.jpg","BrowCam","/BrowCam.20250808_031059903.jpg","UserSelect","/UserSelect.20250808_031059903.jpg","","","-999.99","2.04","-999.99","-999.99","68956ac3e3a1c300139c2feb"
"2025-08-08T03:11:14.934Z","45.9166546","-123.0250304","ASNAP","","admin","","","","","","","","","","","","-2.36","-1.34","-1.0","-3.5","144.83","1823.53","0.58","SciCam","/SciCam.20250808_031114934.jpg","PilotCam","/PilotCam.20250808_031114934.jpg","BrowCam","/BrowCam.20250808_031114934.jpg","UserSelect","/UserSelect.20250808_031114934.jpg","","","-999.99","2.08","-999.99","-999.99","68956ad2e3a1c300139c2fef"
"2025-08-08T03:11:29.965Z","45.9166545","-123.0250304","ASNAP","","admin","","","","","","","","","","","","-2.36","-1.35","-1.8","-3.1","144.74","1830.54","0.58","SciCam","/SciCam.20250808_031129965.jpg","PilotCam","/PilotCam.20250808_031129965.jpg","BrowCam","/BrowCam.20250808_031129965.jpg","UserSelect","/UserSelect.20250808_031129965.jpg","","","-999.99","2.03","-999.99","-999.99","68956ae1e3a1c300139c2ff3"
"2025-08-08T03:11:45.000Z","45.9166545","-123.0250302","ASNAP","","admin","","","","","","","","","","","","-2.34","-1.35","-1.3","-1.7","144.49","1838.78","0.58","SciCam","/SciCam.20250808_031145000.jpg","PilotCam","/PilotCam.20250808_031145000.jpg","BrowCam","/BrowCam.20250808_031145000.jpg","UserSelect","/UserSelect.20250808_031145000.jpg","","","-999.99","2.01","-999.99","-999.99","68956af1e3a1c300139c2ff7"
"2025-08-08T03:12:00.032Z","45.9166546","-123.0250304","ASNAP","","admin","","","","","","","","","","","","-2.36","-1.34","-0.8","-4.0","144.85","1845.30","0.58","SciCam","/SciCam.20250808_031200032.jpg","PilotCam","/PilotCam.20250808_031200032.jpg","BrowCam","/BrowCam.20250808_031200032.jpg","UserSelect","/UserSelect.20250808_031200032.jpg","","","-999.99","2.03","-999.99","-999.99","68956b00e3a1c300139c2ffb"
"2025-08-08T03:12:15.063Z","45.9166547","-123.0250303","ASNAP","","admin","","","","","","","","","","","","-2.35","-1.33","-1.1","-3.8","144.54","1852.29","0.58","SciCam","/SciCam.20250808_031215063.jpg","PilotCam","/PilotCam.20250808_031215063.jpg","BrowCam","/BrowCam.20250808_031215063.jpg","UserSelect","/UserSelect.20250808_031215063.jpg","","","-999.99","2.01","-999.99","-999.99","68956b0fe3a1c300139c2fff"
"2025-08-08T03:12:30.079Z","45.9166546","-123.0250304","ASNAP","","admin","","","","","","","","","","","","-2.36","-1.34","-1.0","-3.8","144.92","1859.45","0.58","SciCam","/SciCam.20250808_031230079.jpg","PilotCam","/PilotCam.20250808_031230079.jpg","BrowCam","/BrowCam.20250808_031230079.jpg","UserSelect","/UserSelect.20250808_031230079.jpg","","","-999.99","2.06","-999.99","-999.99","68956b1ee3a1c300139c3003"
"2025-08-08T03:12:45.111Z","45.9166545","-123.0250304","ASNAP","","admin","","","","","","","","","","","","-2.36","-1.35","-1.4","-2.7","144.84","1867.66","0.58","SciCam","/SciCam.20250808_031245111.jpg","PilotCam","/PilotCam.20250808_031245111.jpg","BrowCam","/BrowCam.20250808_031245111.jpg","UserSelect","/UserSelect.20250808_031245111.jpg","","","-999.99","2.01","-999.99","-999.99","68956b2de3a1c300139c3007"
"2025-08-08T03:13:00.141Z","45.9166544","-123.0250303","ASNAP","","admin","","","","","","","","","","","","-2.35","-1.36","-1.2","-2.1","144.84","1875.56","0.58","SciCam","/SciCam.20250808_031300141.jpg","PilotCam","/PilotCam.20250808_031300141.jpg","BrowCam","/BrowCam.20250808_031300141.jpg","UserSelect","/UserSelect.20250808_031300141.jpg","","","-999.99","2.00","-999.99","-999.99","68956b3ce3a1c300139c300b"
"2025-08-08T03:13:15.159Z","45.9166545","-123.0250303","ASNAP","","admin","","","","","","","","","","","","-2.35","-1.35","-1.5","-2.4","144.63","1882.50","0.58","SciCam","/SciCam.20250808_031315159.jpg","PilotCam","/PilotCam.20250808_031315159.jpg","BrowCam","/BrowCam.20250808_031315159.jpg","UserSelect","/UserSelect.20250808_031315159.jpg","","","-999.99","1.99","-999.99","-999.99","68956b4be3a1c300139c300f"
"2025-08-08T03:13:30.191Z","45.9166545","-123.0250302","ASNAP","","admin","","","","","","","","","","","","-2.34","-1.35","-1.5","-2.4","144.50","1890.17","0.58","SciCam","/SciCam.20250808_031330191.jpg","PilotCam","/PilotCam.20250808_031330191.jpg","BrowCam","/BrowCam.20250808_031330191.jpg","UserSelect","/UserSelect.20250808_031330191.jpg","","","-999.99","1.97","-999.99","-999.99","68956b5ae3a1c300139c3013"
"2025-08-08T03:13:45.210Z","45.9166545","-123.0250303","ASNAP","","admin","","","","","","","","","","","","-2.35","-1.35","-1.3","-2.6","144.68","1896.84","0.58","SciCam","/SciCam.20250808_031345210.jpg","PilotCam","/PilotCam.20250808_031345210.jpg","BrowCam","/BrowCam.20250808_031345210.jpg","UserSelect","/UserSelect.20250808_031345210.jpg","","","-999.99","2.01","-999.99","-999.99","68956b69e3a1c300139c3017"
"2025-08-08T03:14:00.243Z","45.9166546","-123.0250305","ASNAP","","admin","","","","","","","","","","","","-2.37","-1.34","-1.2","-4.4","145.10","1903.49","0.58","SciCam","/SciCam.20250808_031400243.jpg","PilotCam","/PilotCam.20250808_031400243.jpg","BrowCam","/BrowCam.20250808_031400243.jpg","UserSelect","/UserSelect.20250808_031400243.jpg","","","-999.99","1.96","-999.99","-999.99","68956b78e3a1c300139c301b"
"2025-08-08T03:14:15.274Z","45.9166543","-123.0250303","ASNAP","","admin","","","","","","","","","","","","-2.35","-1.37","-1.6","-1.4","144.80","1911.39","0.58","SciCam","/SciCam.20250808_031415274.jpg","PilotCam","/PilotCam.20250808_031415274.jpg","BrowCam","/BrowCam.20250808_031415274.jpg","UserSelect","/UserSelect.20250808_031415274.jpg","","","-999.99","1.96","-999.99","-999.99","68956b87e3a1c300139c301f"
"2025-08-08T03:14:30.306Z","45.9166545","-123.0250304","ASNAP","","admin","","","","","","","","","","","","-2.36","-1.35","-1.1","-3.5","145.04","1918.74","0.58","SciCam","/SciCam.20250808_031430306.jpg","PilotCam","/PilotCam.20250808_031430306.jpg","BrowCam","/BrowCam.20250808_031430306.jpg","UserSelect","/UserSelect.20250808_031430306.jpg","","","-999.99","1.97","-999.99","-999.99","68956b96e3a1c300139c3023"
"2025-08-08T03:14:45.339Z","45.9166545","-123.0250304","ASNAP","","admin","","","","","","","","","","","","-2.36","-1.35","-1.1","-3.0","144.84","1926.33","0.58","SciCam","/SciCam.20250808_031445339.jpg","PilotCam","/PilotCam.20250808_031445339.jpg","BrowCam","/BrowCam.20250808_031445339.jpg","UserSelect","/UserSelect.20250808_031445339.jpg","","","-999.99","2.00","-999.99","-999.99","68956ba5e3a1c300139c3027"
"2025-08-08T03:15:00.372Z","45.9166545","-123.0250305","ASNAP","","admin","","","","","","","","","","","","-2.37","-1.35","-1.1","-3.7","145.22","1933.86","0.58","SciCam","/SciCam.20250808_031500372.jpg","PilotCam","/PilotCam.20250808_031500372.jpg","BrowCam","/BrowCam.20250808_031500372.jpg","UserSelect","/UserSelect.20250808_031500372.jpg","","","-999.99","1.95","-999.99","-999.99","68956bb4e3a1c300139c302b"
"2025-08-08T03:15:15.405Z","45.9166546","-123.0250299","ASNAP","","admin","","","","","","","","","","","","-2.32","-1.34","-1.3","-2.5","143.94","1940.81","0.58","SciCam","/SciCam.20250808_031515405.jpg","PilotCam","/PilotCam.20250808_031515405.jpg","BrowCam","/BrowCam.20250808_031515405.jpg","UserSelect","/UserSelect.20250808_031515405.jpg","","","-999.99","1.95","-999.99","-999.99","68956bc3e3a1c300139c302f"
"2025-08-08T03:15:30.436Z","45.9166601","-123.0250585","ASNAP","","admin","","","","","","","","","","","","-4.54","-0.73","-0.0","-2.2","212.55","1948.70","0.58","SciCam","/SciCam.20250808_031530436.jpg","PilotCam","/PilotCam.20250808_031530436.jpg","BrowCam","/BrowCam.20250808_031530436.jpg","UserSelect","/UserSelect.20250808_031530436.jpg","","","-999.99","1.94","-999.99","-999.99","68956bd2e3a1c300139c3033"
"2025-08-08T03:15:45.470Z","45.9166880","-123.0250642","ASNAP","","admin","","","","","","","","","","","","-4.98","2.37","0.2","-4.0","279.23","1956.57","0.58","SciCam","/SciCam.20250808_031545470.jpg","PilotCam","/PilotCam.20250808_031545470.jpg","BrowCam","/BrowCam.20250808_031545470.jpg","UserSelect","/UserSelect.20250808_031545470.jpg","","","-999.99","1.96","-999.99","-999.99","68956be1e3a1c300139c3037"
"2025-08-08T03:16:00.503Z","45.9167044","-123.0250388","ASNAP","","admin","","","","","","","","","","","","-3.01","4.19","-1.2","-4.4","350.20","1963.76","0.58","SciCam","/SciCam.20250808_031600503.jpg","PilotCam","/PilotCam.20250808_031600503.jpg","BrowCam","/BrowCam.20250808_031600503.jpg","UserSelect","/UserSelect.20250808_031600503.jpg","","","-999.99","1.96","-999.99","-999.99","68956bf0e3a1c300139c303b"
"2025-08-08T03:16:15.537Z","45.9166805","-123.0250144","ASNAP","","admin","","","","","","","","","","","","-1.12","1.54","-2.3","-3.7","73.16","1971.38","0.58","SciCam","/SciCam.20250808_031615537.jpg","PilotCam","/PilotCam.20250808_031615537.jpg","BrowCam","/BrowCam.20250808_031615537.jpg","UserSelect","/UserSelect.20250808_031615537.jpg","","","-999.99","1.94","-999.99","-999.99","68956bffe3a1c300139c303f"
"2025-08-08T03:16:30.568Z","45.9166527","-123.0250382","ASNAP","","admin","","","","","","","","","","","","-2.96","-1.55","-0.7","-3.2","163.74","1979.04","0.58","SciCam","/SciCam.20250808_031630568.jpg","PilotCam","/PilotCam.20250808_031630568.jpg","BrowCam","/BrowCam.20250808_031630568.jpg","UserSelect","/UserSelect.20250808_031630568.jpg","","","-999.99","1.96","-999.99","-999.99","68956c0ee3a1c300139c3043"
"2025-08-08T03:16:45.599Z","45.9166783","-123.0250660","ASNAP","","admin","","","","","","","","","","","","-5.12","1.29","-0.8","-3.8","257.13","1985.83","0.58","SciCam","/SciCam.20250808_031645599.jpg","PilotCam","/PilotCam.20250808_031645599.jpg","BrowCam","/BrowCam.20250808_031645599.jpg","UserSelect","/UserSelect.20250808_031645599.jpg","","","-999.99","1.96","-999.99","-999.99","68956c1de3a1c300139c3047"
"2025-08-08T03:17:00.620Z","45.9167045","-123.0250414","ASNAP","","admin","","","","","","","","","","","","-3.21","4.21","-1.2","-2.9","345.16","1992.92","0.58","SciCam","/SciCam.20250808_031700620.jpg","PilotCam","/PilotCam.20250808_031700620.jpg","BrowCam","/BrowCam.20250808_031700620.jpg","UserSelect","/UserSelect.20250808_031700620.jpg","","","-999.99","1.91","-999.99","-999.99","68956c2ce3a1c300139c304b"
"2025-08-08T03:17:15.651Z","45.9166782","-123.0250142","ASNAP","","admin","","","","","","","","","","","","-1.10","1.28","-1.4","-2.2","78.14","1999.66","0.58","SciCam","/SciCam.20250808_031715651.jpg","PilotCam","/PilotCam.20250808_031715651.jpg","BrowCam","/BrowCam.20250808_031715651.jpg","UserSelect","/UserSelect.20250808_031715651.jpg","","","-999.99","1.95","-999.99","-999.99","68956c3be3a1c300139c304f"
"2025-08-08T03:17:30.684Z","45.9166526","-123.0250389","ASNAP","","admin","","","","","","","","","","","","-3.02","-1.56","-1.0","-3.0","164.30","2007.59","0.58","SciCam","/SciCam.20250808_031730684.jpg","PilotCam","/PilotCam.20250808_031730684.jpg","BrowCam","/BrowCam.20250808_031730684.jpg","UserSelect","/UserSelect.20250808_031730684.jpg","","","-999.99","1.95","-999.99","-999.99","68956c4ae3a1c300139c3053"
"2025-08-08T03:17:45.713Z","45.9166777","-123.0250661","ASNAP","","admin","","","","","","","","","","","","-5.13","1.23","-0.5","-2.8","255.93","2015.58","0.58","SciCam","/SciCam.20250808_031745713.jpg","PilotCam","/PilotCam.20250808_031745713.jpg","BrowCam","/BrowCam.20250808_031745713.jpg","UserSelect","/UserSelect.20250808_031745713.jpg","","","-999.99","1.88","-999.99","-999.99","68956c59e3a1c300139c3057"
"2025-08-08T03:18:00.745Z","45.9167045","-123.0250396","ASNAP","","admin","","","","","","","","","","","","-3.07","4.20","-1.5","-4.3","348.54","2023.05","0.58","SciCam","/SciCam.20250808_031800745.jpg","PilotCam","/PilotCam.20250808_031800745.jpg","BrowCam","/BrowCam.20250808_031800745.jpg","UserSelect","/UserSelect.20250808_031800745.jpg","","","-999.99","1.96","-999.99","-999.99","68956c68e3a1c300139c305b"
"2025-08-08T03:18:15.778Z","45.9166706","-123.0250155","ASNAP","","admin","","","","","","","","","","","","-1.20","0.44","-2.1","-3.1","95.45","2030.59","0.58","SciCam","/SciCam.20250808_031815778.jpg","PilotCam","/PilotCam.20250808_031815778.jpg","BrowCam","/BrowCam.20250808_031815778.jpg","UserSelect","/UserSelect.20250808_031815778.jpg","","","-999.99","1.91","-999.99","-999.99","68956c77e3a1c300139c305f"
"2025-08-08T03:18:30.811Z","45.9166548","-123.0250298","ASNAP","","admin","","","","","","","","","","","","-2.31","-1.32","-1.2","-2.9","143.28","2037.43","0.58","SciCam","/SciCam.20250808_031830811.jpg","PilotCam","/PilotCam.20250808_031830811.jpg","BrowCam","/BrowCam.20250808_031830811.jpg","UserSelect","/UserSelect.20250808_031830811.jpg","","","-999.99","1.88","-999.99","-999.99","68956c86e3a1c300139c3063"
"2025-08-08T03:18:45.845Z","45.9166549","-123.0250296","ASNAP","","admin","","","","","","","","","","","","-2.30","-1.31","-1.4","-3.6","143.03","2045.46","0.58","SciCam","/SciCam.20250808_031845845.jpg","PilotCam","/PilotCam.20250808_031845845.jpg","BrowCam","/BrowCam.20250808_031845845.jpg","UserSelect","/UserSelect.20250808_031845845.jpg","","","-999.99","1.91","-999.99","-999.99","68956c95e3a1c300139c3067"
"2025-08-08T03:19:00.876Z","45.9166550","-123.0250294","ASNAP","","admin","","","","","","","","","","","","-2.28","-1.30","-1.3","-3.2","142.56","2054.03","0.58","SciCam","/SciCam.20250808_031900876.jpg","PilotCam","/PilotCam.20250808_031900876.jpg","BrowCam","/BrowCam.20250808_031900876.jpg","UserSelect","/UserSelect.20250808_031900876.jpg","","","-999.99","1.88","-999.99","-999.99","68956ca4e3a1c300139c306b"
"2025-08-08T03:19:15.908Z","45.9166548","-123.0250296","ASNAP","","admin","","","","","","","","","","","","-2.30","-1.32","-1.5","-2.6","143.18","2061.35","0.58","SciCam","/SciCam.20250808_031915908.jpg","PilotCam","/PilotCam.20250808_031915908.jpg","BrowCam","/BrowCam.20250808_031915908.jpg","UserSelect","/UserSelect.20250808_031915908.jpg","","","-999.99","1.90","-999.99","-999.99","68956cb3e3a1c300139c306f"
"2025-08-08T03:19:30.940Z","45.9166549","-123.0250295","ASNAP","","admin","","","","","","","","","","","","-2.29","-1.31","-1.1","-2.5","142.87","2068.17","0.58","SciCam","/SciCam.20250808_031930940.jpg","PilotCam","/PilotCam.20250808_031930940.jpg","BrowCam","/BrowCam.20250808_031930940.jpg","UserSelect","/UserSelect.20250808_031930940.jpg","","","-999.99","1.90","-999.99","-999.99","68956cc2e3a1c300139c3073"
"2025-08-08T03:19:45.966Z","45.9166550","-123.0250295","ASNAP","","admin","","","","","","","","","","","","-2.29","-1.30","-1.0","-3.6","142.82","2075.57","0.58","SciCam","/SciCam.20250808_031945966.jpg","PilotCam","/PilotCam.20250808_031945966.jpg","BrowCam","/BrowCam.20250808_031945966.jpg","UserSelect","/UserSelect.20250808_031945966.jpg","","","-999.99","1.89","-999.99","-999.99","68956cd1e3a1c300139c3077"
"2025-08-08T03:20:00.998Z","45.9166550","-123.0250295","ASNAP","","admin","","","","","","","","","","","","-2.29","-1.30","-1.4","-3.1","142.66","2083.05","0.58","SciCam","/SciCam.20250808_032000998.jpg","PilotCam","/PilotCam.20250808_032000998.jpg","BrowCam","/BrowCam.20250808_032000998.jpg","UserSelect","/UserSelect.20250808_032000998.jpg","","","-999.99","1.90","-999.99","-999.99","68956ce0e3a1c300139c307b"
"2025-08-08T03:20:16.028Z","45.9166549","-123.0250294","ASNAP","","admin","","","","","","","","","","","","-2.28","-1.31","-1.7","-2.7","142.47","2090.82","0.58","SciCam","/SciCam.20250808_032016028.jpg","PilotCam","/PilotCam.20250808_032016028.jpg","BrowCam","/BrowCam.20250808_032016028.jpg","UserSelect","/UserSelect.20250808_032016028.jpg","","","-999.99","1.91","-999.99","-999.99","68956cf0e3a1c300139c307f"
"2025-08-08T03:20:31.059Z","45.9166549","-123.0250295","ASNAP","","admin","","","","","","","","","","","","-2.29","-1.31","-1.4","-3.2","142.85","2097.95","0.58","SciCam","/SciCam.20250808_032031059.jpg","PilotCam","/PilotCam.20250808_032031059.jpg","BrowCam","/BrowCam.20250808_032031059.jpg","UserSelect","/UserSelect.20250808_032031059.jpg","","","-999.99","1.92","-999.99","-999.99","68956cffe3a1c300139c3083"
"2025-08-08T03:20:46.087Z","45.9166550","-123.0250296","ASNAP","","admin","","","","","","","","","","","","-2.30","-1.30","-1.0","-3.9","143.01","2105.08","0.58","SciCam","/SciCam.20250808_032046087.jpg","PilotCam","/PilotCam.20250808_032046087.jpg","BrowCam","/BrowCam.20250808_032046087.jpg","UserSelect","/UserSelect.20250808_032046087.jpg","","","-999.99","1.87","-999.99","-999.99","68956d0ee3a1c300139c3087"
"2025-08-08T03:21:01.107Z","45.9166549","-123.0250298","ASNAP","","admin","","","","","","","","","","","","-2.31","-1.31","-0.9","-3.7","143.25","2112.83","0.58","SciCam","/SciCam.20250808_032101107.jpg","PilotCam","/PilotCam.20250808_032101107.jpg","BrowCam","/BrowCam.20250808_032101107.jpg","UserSelect","/UserSelect.20250808_032101107.jpg","","","-999.99","1.87","-999.99","-999.99","68956d1de3a1c300139c308b"
"2025-08-08T03:21:16.140Z","45.9166549","-123.0250295","ASNAP","","admin","","","","","","","","","","","","-2.29","-1.31","-1.3","-3.1","142.86","2120.61","0.58","SciCam","/SciCam.20250808_032116140.jpg","PilotCam","/PilotCam.20250808_032116140.jpg","BrowCam","/BrowCam.20250808_032116140.jpg","UserSelect","/UserSelect.20250808_032116140.jpg","","","-999.99","1.90","-999.99","-999.99","68956d2ce3a1c300139c308f"
"2025-08-08T03:21:31.168Z","45.9166548","-123.0250295","ASNAP","","admin","","","","","","","","","","","","-2.29","-1.32","-1.1","-2.3","142.91","2128.07","0.58","SciCam","/SciCam.20250808_032131168.jpg","PilotCam","/PilotCam.20250808_032131168.jpg","BrowCam","/BrowCam.20250808_032131168.jpg","UserSelect","/UserSelect.20250808_032131168.jpg","","","-999.99","1.91","-999.99","-999.99","68956d3be3a1c300139c3093"
"2025-08-08T03:21:46.196Z","45.9166549","-123.0250295","ASNAP","","admin","","","","","","","","","","","","-2.29","-1.31","-1.2","-3.1","142.88","2135.16","0.58","SciCam","/SciCam.20250808_032146196.jpg","PilotCam","/PilotCam.20250808_032146196.jpg","BrowCam","/BrowCam.20250808_032146196.jpg","UserSelect","/UserSelect.20250808_032146196.jpg","","","-999.99","1.89","-999.99","-999.99","68956d4ae3a1c300139c3097"
"2025-08-08T03:22:01.223Z","45.9166550","-123.0250298","ASNAP","","admin","","","","","","","","","","","","-2.31","-1.30","-0.9","-4.2","143.12","2142.21","0.58","SciCam","/SciCam.20250808_032201223.jpg","PilotCam","/PilotCam.20250808_032201223.jpg","BrowCam","/BrowCam.20250808_032201223.jpg","UserSelect","/UserSelect.20250808_032201223.jpg","","","-999.99","1.91","-999.99","-999.99","68956d59e3a1c300139c309b"
"2025-08-08T03:22:16.239Z","45.9166548","-123.0250296","ASNAP","","admin","","","","","","","","","","","","-2.30","-1.32","-1.2","-2.9","143.21","2150.48","0.58","SciCam","/SciCam.20250808_032216239.jpg","PilotCam","/PilotCam.20250808_032216239.jpg","BrowCam","/BrowCam.20250808_032216239.jpg","UserSelect","/UserSelect.20250808_032216239.jpg","","","-999.99","1.88","-999.99","-999.99","68956d68e3a1c300139c309f"
"2025-08-08T03:22:31.272Z","45.9166549","-123.0250296","ASNAP","","admin","","","","","","","","","","","","-2.30","-1.31","-1.0","-3.2","142.97","2156.77","0.58","SciCam","/SciCam.20250808_032231272.jpg","PilotCam","/PilotCam.20250808_032231272.jpg","BrowCam","/BrowCam.20250808_032231272.jpg","UserSelect","/UserSelect.20250808_032231272.jpg","","","-999.99","1.90","-999.99","-999.99","68956d77e3a1c300139c30a3"
"2025-08-08T03:22:46.305Z","45.9166549","-123.0250298","ASNAP","","admin","","","","","","","","","","","","-2.31","-1.31","-0.9","-3.4","143.33","2164.47","0.58","SciCam","/SciCam.20250808_032246305.jpg","PilotCam","/PilotCam.20250808_032246305.jpg","BrowCam","/BrowCam.20250808_032246305.jpg","UserSelect","/UserSelect.20250808_032246305.jpg","","","-999.99","1.89","-999.99","-999.99","68956d86e3a1c300139c30a7"
"2025-08-08T03:23:01.338Z","45.9166548","-123.0250295","ASNAP","","admin","","","","","","","","","","","","-2.29","-1.32","-1.3","-2.2","142.96","2172.41","0.58","SciCam","/SciCam.20250808_032301338.jpg","PilotCam","/PilotCam.20250808_032301338.jpg","BrowCam","/BrowCam.20250808_032301338.jpg","UserSelect","/UserSelect.20250808_032301338.jpg","","","-999.99","1.87","-999.99","-999.99","68956d95e3a1c300139c30ab"
"2025-08-08T03:23:16.370Z","45.9166548","-123.0250296","ASNAP","","admin","","","","","","","","","","","","-2.30","-1.32","-1.1","-2.5","143.07","2179.92","0.58","SciCam","/SciCam.20250808_032316370.jpg","PilotCam","/PilotCam.20250808_032316370.jpg","BrowCam","/BrowCam.20250808_032316370.jpg","UserSelect","/UserSelect.20250808_032316370.jpg","","","-999.99","1.89","-999.99","-999.99","68956da4e3a1c300139c30af"
"2025-08-08T03:23:31.402Z","45.9166549","-123.0250295","ASNAP","","admin","","","","","","","","","","","","-2.29","-1.31","-1.2","-3.1","142.83","2187.14","0.58","SciCam","/SciCam.20250808_032331402.jpg","PilotCam","/PilotCam.20250808_032331402.jpg","BrowCam","/BrowCam.20250808_032331402.jpg","UserSelect","/UserSelect.20250808_032331402.jpg","","","-999.99","1.83","-999.99","-999.99","68956db3e3a1c300139c30b3"
"2025-08-08T03:23:46.436Z","45.9166550","-123.0250296","ASNAP","","admin","","","","","","","","","","","","-2.30","-1.30","-1.1","-3.6","142.89","2194.07","0.58","SciCam","/SciCam.20250808_032346436.jpg","PilotCam","/PilotCam.20250808_032346436.jpg","BrowCam","/BrowCam.20250808_032346436.jpg","UserSelect","/UserSelect.20250808_032346436.jpg","","","-999.99","1.85","-999.99","-999.99","68956dc2e3a1c300139c30b7"
"2025-08-08T03:24:01.470Z","45.9166549","-123.0250295","ASNAP","","admin","","","","","","","","","","","","-2.29","-1.31","-1.4","-2.5","142.77","2202.26","0.58","SciCam","/SciCam.20250808_032401470.jpg","PilotCam","/PilotCam.20250808_032401470.jpg","BrowCam","/BrowCam.20250808_032401470.jpg","UserSelect","/UserSelect.20250808_032401470.jpg","","","-999.99","1.85","-999.99","-999.99","68956dd1e3a1c300139c30bb"
"2025-08-08T03:24:16.496Z","45.9166549","-123.0250295","ASNAP","","admin","","","","","","","","","","","","-2.29","-1.31","-1.3","-2.9","142.76","2209.36","0.58","SciCam","/SciCam.20250808_032416496.jpg","PilotCam","/PilotCam.20250808_032416496.jpg","BrowCam","/BrowCam.20250808_032416496.jpg","UserSelect","/UserSelect.20250808_032416496.jpg","","","-999.99","1.87","-999.99","-999.99","68956de0e3a1c300139c30bf"
"2025-08-08T03:24:31.528Z","45.9166549","-123.0250295","ASNAP","","admin","","","","","","","","","","","","-2.29","-1.31","-1.4","-2.5","142.85","2217.09","0.58","SciCam","/SciCam.20250808_032431528.jpg","PilotCam","/PilotCam.20250808_032431528.jpg","BrowCam","/BrowCam.20250808_032431528.jpg","UserSelect","/UserSelect.20250808_032431528.jpg","","","-999.99","1.88","-999.99","-999.99","68956defe3a1c300139c30c3"
"2025-08-08T03:24:46.561Z","45.9166548","-123.0250299","ASNAP","","admin","","","","","","","","","","","","-2.32","-1.32","-1.4","-3.3","143.57","2223.66","0.58","SciCam","/SciCam.20250808_032446561.jpg","PilotCam","/PilotCam.20250808_032446561.jpg","BrowCam","/BrowCam.20250808_032446561.jpg","UserSelect","/UserSelect.20250808_032446561.jpg","","","-999.99","1.85","-999.99","-999.99","68956dfee3a1c300139c30c7"
"2025-08-08T03:25:01.592Z","45.9166549","-123.0250295","ASNAP","","admin","","","","","","","","","","","","-2.29","-1.31","-1.5","-2.8","142.87","2231.68","0.58","SciCam","/SciCam.20250808_032501592.jpg","PilotCam","/PilotCam.20250808_032501592.jpg","BrowCam","/BrowCam.20250808_032501592.jpg","UserSelect","/UserSelect.20250808_032501592.jpg","","","-999.99","1.83","-999.99","-999.99","68956e0de3a1c300139c30cb"
"2025-08-08T03:25:16.626Z","45.9166548","-123.0250295","ASNAP","","admin","","","","","","","","","","","","-2.29","-1.32","-1.4","-1.9","142.87","2239.65","0.58","SciCam","/SciCam.20250808_032516626.jpg","PilotCam","/PilotCam.20250808_032516626.jpg","BrowCam","/BrowCam.20250808_032516626.jpg","UserSelect","/UserSelect.20250808_032516626.jpg","","","-999.99","1.81","-999.99","-999.99","68956e1ce3a1c300139c30cf"
"2025-08-08T03:25:31.658Z","45.9166549","-123.0250296","ASNAP","","admin","","","","","","","","","","","","-2.30","-1.31","-1.4","-2.9","142.98","2246.78","0.58","SciCam","/SciCam.20250808_032531658.jpg","PilotCam","/PilotCam.20250808_032531658.jpg","BrowCam","/BrowCam.20250808_032531658.jpg","UserSelect","/UserSelect.20250808_032531658.jpg","","","-999.99","1.82","-999.99","-999.99","68956e2be3a1c300139c30d3"
"2025-08-08T03:25:46.688Z","45.9166551","-123.0250294","ASNAP","","admin","","","","","","","","","","","","-2.28","-1.29","-0.9","-3.7","142.53","2253.95","0.58","SciCam","/SciCam.20250808_032546688.jpg","PilotCam","/PilotCam.20250808_032546688.jpg","BrowCam","/BrowCam.20250808_032546688.jpg","UserSelect","/UserSelect.20250808_032546688.jpg","","","-999.99","1.83","-999.99","-999.99","68956e3ae3a1c300139c30d7"
"2025-08-08T03:26:01.720Z","45.9166549","-123.0250296","ASNAP","","admin","","","","","","","","","","","","-2.30","-1.31","-1.1","-3.1","143.00","2261.77","0.58","SciCam","/SciCam.20250808_032601720.jpg","PilotCam","/PilotCam.20250808_032601720.jpg","BrowCam","/BrowCam.20250808_032601720.jpg","UserSelect","/UserSelect.20250808_032601720.jpg","","","-999.99","1.83","-999.99","-999.99","68956e49e3a1c300139c30db"
"2025-08-08T03:26:16.753Z","45.9166548","-123.0250296","ASNAP","","admin","","","","","","","","","","","","-2.30","-1.32","-0.9","-2.8","143.22","2267.58","0.58","SciCam","/SciCam.20250808_032616753.jpg","PilotCam","/PilotCam.20250808_032616753.jpg","BrowCam","/BrowCam.20250808_032616753.jpg","UserSelect","/UserSelect.20250808_032616753.jpg","","","-999.99","1.86","-999.99","-999.99","68956e58e3a1c300139c30df"
"2025-08-08T03:26:31.787Z","45.9166548","-123.0250299","ASNAP","","admin","","","","","","","","","","","","-2.32","-1.32","-1.3","-3.2","143.64","2275.94","0.58","SciCam","/SciCam.20250808_032631787.jpg","PilotCam","/PilotCam.20250808_032631787.jpg","BrowCam","/BrowCam.20250808_032631787.jpg","UserSelect","/UserSelect.20250808_032631787.jpg","","","-999.99","1.82","-999.99","-999.99","68956e67e3a1c300139c30e3"
"2025-08-08T03:26:46.821Z","45.9166549","-123.0250296","ASNAP","","admin","","","","","","","","","","","","-2.30","-1.31","-1.5","-2.8","142.99","2283.70","0.58","SciCam","/SciCam.20250808_032646821.jpg","PilotCam","/PilotCam.20250808_032646821.jpg","BrowCam","/BrowCam.20250808_032646821.jpg","UserSelect","/UserSelect.20250808_032646821.jpg","","","-999.99","1.85","-999.99","-999.99","68956e76e3a1c300139c30e7"
"2025-08-08T03:27:01.853Z","45.9166550","-123.0250295","ASNAP","","admin","","","","","","","","","","","","-2.29","-1.30","-1.2","-3.7","142.80","2290.95","0.58","SciCam","/SciCam.20250808_032701853.jpg","PilotCam","/PilotCam.20250808_032701853.jpg","BrowCam","/BrowCam.20250808_032701853.jpg","UserSelect","/UserSelect.20250808_032701853.jpg","","","-999.99","1.87","-999.99","-999.99","68956e85e3a1c300139c30eb"
"2025-08-08T03:27:16.885Z","45.9166549","-123.0250296","ASNAP","","admin","","","","","","","","","","","","-2.30","-1.31","-1.3","-3.3","142.98","2298.33","0.58","SciCam","/SciCam.20250808_032716885.jpg","PilotCam","/PilotCam.20250808_032716885.jpg","BrowCam","/BrowCam.20250808_032716885.jpg","UserSelect","/UserSelect.20250808_032716885.jpg","","","-999.99","1.87","-999.99","-999.99","68956e94e3a1c300139c30ef"
"2025-08-08T03:27:31.917Z","45.9166550","-123.0250295","ASNAP","","admin","","","","","","","","","","","","-2.29","-1.30","-1.5","-3.3","142.56","2306.55","0.58","SciCam","/SciCam.20250808_032731917.jpg","PilotCam","/PilotCam.20250808_032731917.jpg","BrowCam","/BrowCam.20250808_032731917.jpg","UserSelect","/UserSelect.20250808_032731917.jpg","","","-999.99","1.85","-999.99","-999.99","68956ea3e3a1c300139c30f3"
"2025-08-08T03:27:46.952Z","45.9166549","-123.0250294","ASNAP","","admin","","","","","","","","","","","","-2.28","-1.31","-1.7","-2.9","142.52","2314.09","0.58","SciCam","/SciCam.20250808_032746952.jpg","PilotCam","/PilotCam.20250808_032746952.jpg","BrowCam","/BrowCam.20250808_032746952.jpg","UserSelect","/UserSelect.20250808_032746952.jpg","","","-999.99","1.84","-999.99","-999.99","68956eb2e3a1c300139c30f7"
"2025-08-08T03:28:01.986Z","45.9166549","-123.0250295","ASNAP","","admin","","","","","","","","","","","","-2.29","-1.31","-1.7","-2.5","142.74","2321.46","0.58","SciCam","/SciCam.20250808_032801986.jpg","PilotCam","/PilotCam.20250808_032801986.jpg","BrowCam","/BrowCam.20250808_032801986.jpg","UserSelect","/UserSelect.20250808_032801986.jpg","","","-999.99","1.82","-999.99","-999.99","68956ec1e3a1c300139c30fb"
"2025-08-08T03:28:17.014Z","45.9166548","-123.0250296","ASNAP","","admin","","","","","","","","","","","","-2.30","-1.32","-1.3","-3.0","143.18","2328.92","0.58","SciCam","/SciCam.20250808_032817014.jpg","PilotCam","/PilotCam.20250808_032817014.jpg","BrowCam","/BrowCam.20250808_032817014.jpg","UserSelect","/UserSelect.20250808_032817014.jpg","","","-999.99","1.81","-999.99","-999.99","68956ed1e3a1c300139c30ff"
"2025-08-08T03:28:32.046Z","45.9166550","-123.0250295","ASNAP","","admin","","","","","","","","","","","","-2.29","-1.30","-1.0","-3.7","142.62","2336.19","0.58","SciCam","/SciCam.20250808_032832046.jpg","PilotCam","/PilotCam.20250808_032832046.jpg","BrowCam","/BrowCam.20250808_032832046.jpg","UserSelect","/UserSelect.20250808_032832046.jpg","","","-999.99","1.86","-999.99","-999.99","68956ee0e3a1c300139c3103"
"2025-08-08T03:28:47.063Z","45.9166549","-123.0250295","ASNAP","","admin","","","","","","","","","","","","-2.29","-1.31","-1.4","-2.8","142.85","2344.79","0.58","SciCam","/SciCam.20250808_032847063.jpg","PilotCam","/PilotCam.20250808_032847063.jpg","BrowCam","/BrowCam.20250808_032847063.jpg","UserSelect","/UserSelect.20250808_032847063.jpg","","","-999.99","1.80","-999.99","-999.99","68956eefe3a1c300139c3107"
"2025-08-08T03:29:02.095Z","45.9166550","-123.0250295","ASNAP","","admin","","","","","","","","","","","","-2.29","-1.30","-1.3","-3.3","142.82","2351.62","0.58","SciCam","/SciCam.20250808_032902095.jpg","PilotCam","/PilotCam.20250808_032902095.jpg","BrowCam","/BrowCam.20250808_032902095.jpg","UserSelect","/UserSelect.20250808_032902095.jpg","","","-999.99","1.82","-999.99","-999.99","68956efee3a1c300139c310b"
"2025-08-08T03:29:17.126Z","45.9166549","-123.0250295","ASNAP","","admin","","","","","","","","","","","","-2.29","-1.31","-1.6","-2.9","142.63","2359.59","0.58","SciCam","/SciCam.20250808_032917126.jpg","PilotCam","/PilotCam.20250808_032917126.jpg","BrowCam","/BrowCam.20250808_032917126.jpg","UserSelect","/UserSelect.20250808_032917126.jpg","","","-999.99","1.79","-999.99","-999.99","68956f0de3a1c300139c310f"
"2025-08-08T03:29:32.159Z","45.9166549","-123.0250295","ASNAP","","admin","","","","","","","","","","","","-2.29","-1.31","-1.0","-2.7","143.02","2365.15","0.58","SciCam","/SciCam.20250808_032932159.jpg","PilotCam","/PilotCam.20250808_032932159.jpg","BrowCam","/BrowCam.20250808_032932159.jpg","UserSelect","/UserSelect.20250808_032932159.jpg","","","-999.99","1.82","-999.99","-999.99","68956f1ce3a1c300139c3113"
"2025-08-08T03:29:47.190Z","45.9166550","-123.0250295","ASNAP","","admin","","","","","","","","","","","","-2.29","-1.30","-1.2","-3.2","142.66","2373.25","0.58","SciCam","/SciCam.20250808_032947190.jpg","PilotCam","/PilotCam.20250808_032947190.jpg","BrowCam","/BrowCam.20250808_032947190.jpg","UserSelect","/UserSelect.20250808_032947190.jpg","","","-999.99","1.83","-999.99","-999.99","68956f2be3a1c300139c3117"
"2025-08-08T03:29:55.655Z","45.9166549","-123.0250296","NAV","","guest","","","","","Doppler Reset","","","","","","","-2.30","-1.31","-1.8","-3.3","142.91","2378.18","0.58","SciCam","/SciCam.20250808_032955655.jpg","PilotCam","/PilotCam.20250808_032955655.jpg","BrowCam","/BrowCam.20250808_032955655.jpg","UserSelect","/UserSelect.20250808_032955655.jpg","","","-999.99","1.81","-999.99","-999.99","68956f33e3a1c300139c311b"
"2025-08-08T03:30:02.220Z","45.9166548","-123.0250296","ASNAP","","admin","","","","","","","","","","","","-2.30","-1.32","-1.0","-2.5","143.06","2381.45","0.58","SciCam","/SciCam.20250808_033002220.jpg","PilotCam","/PilotCam.20250808_033002220.jpg","BrowCam","/BrowCam.20250808_033002220.jpg","UserSelect","/UserSelect.20250808_033002220.jpg","","","-999.99","1.83","-999.99","-999.99","68956f3ae3a1c300139c311f"
"2025-08-08T03:30:17.249Z","45.8164952","-129.7540942","ASNAP","","admin","","","","","","","","","","","","-522055.56","-11133.96","-1.5","-2.1","142.76","2388.73","0.58","SciCam","/SciCam.20250808_033017249.jpg","PilotCam","/PilotCam.20250808_033017249.jpg","BrowCam","/BrowCam.20250808_033017249.jpg","UserSelect","/UserSelect.20250808_033017249.jpg","","","-999.99","1.81","-999.99","-999.99","68956f49e3a1c300139c3127"
"2025-08-08T03:30:32.282Z","45.8164954","-129.7540944","ASNAP","","admin","","","","","","","","","","","","-522055.57","-11133.94","-1.0","-3.9","142.79","2396.25","0.58","SciCam","/SciCam.20250808_033032282.jpg","PilotCam","/PilotCam.20250808_033032282.jpg","BrowCam","/BrowCam.20250808_033032282.jpg","UserSelect","/UserSelect.20250808_033032282.jpg","","","-999.99","1.80","-999.99","-999.99","68956f58e3a1c300139c312b"
"2025-08-08T03:30:47.301Z","45.8164954","-129.7540945","ASNAP","","admin","","","","","","","","","","","","-522055.58","-11133.94","-1.1","-3.8","143.06","2403.85","0.58","SciCam","/SciCam.20250808_033047301.jpg","PilotCam","/PilotCam.20250808_033047301.jpg","BrowCam","/BrowCam.20250808_033047301.jpg","UserSelect","/UserSelect.20250808_033047301.jpg","","","-999.99","1.84","-999.99","-999.99","68956f67e3a1c300139c312f"
"2025-08-08T03:31:02.332Z","45.8164934","-129.7541003","ASNAP","","admin","","","","","","","","","","","","-522056.03","-11134.16","-1.1","-3.0","157.21","2411.60","0.58","SciCam","/SciCam.20250808_033102332.jpg","PilotCam","/PilotCam.20250808_033102332.jpg","BrowCam","/BrowCam.20250808_033102332.jpg","UserSelect","/UserSelect.20250808_033102332.jpg","","","-999.99","1.84","-999.99","-999.99","68956f76e3a1c300139c3133"
"2025-08-08T03:31:17.361Z","45.8165024","-129.7541248","ASNAP","","admin","","","","","","","","","","","","-522057.93","-11133.16","0.0","-3.5","217.48","2419.40","0.58","SciCam","/SciCam.20250808_033117361.jpg","PilotCam","/PilotCam.20250808_033117361.jpg","BrowCam","/BrowCam.20250808_033117361.jpg","UserSelect","/UserSelect.20250808_033117361.jpg","","","-999.99","1.83","-999.99","-999.99","68956f85e3a1c300139c3137"
"2025-08-08T03:31:32.387Z","45.8165253","-129.7541299","ASNAP","","admin","","","","","","","","","","","","-522058.33","-11130.61","-0.6","-3.7","271.40","2426.73","0.58","SciCam","/SciCam.20250808_033132387.jpg","PilotCam","/PilotCam.20250808_033132387.jpg","BrowCam","/BrowCam.20250808_033132387.jpg","UserSelect","/UserSelect.20250808_033132387.jpg","","","-999.99","1.83","-999.99","-999.99","68956f94e3a1c300139c313b"
"2025-08-08T03:31:47.417Z","45.8165435","-129.7541133","ASNAP","","admin","","","","","","","","","","","","-522057.04","-11128.59","-1.2","-3.8","328.11","2433.71","0.58","SciCam","/SciCam.20250808_033147417.jpg","PilotCam","/PilotCam.20250808_033147417.jpg","BrowCam","/BrowCam.20250808_033147417.jpg","UserSelect","/UserSelect.20250808_033147417.jpg","","","-999.99","1.81","-999.99","-999.99","68956fa3e3a1c300139c313f"
"2025-08-08T03:32:02.451Z","45.8165410","-129.7540914","ASNAP","","admin","","","","","","","","","","","","-522055.34","-11128.87","-1.6","-4.0","18.90","2442.36","0.58","SciCam","/SciCam.20250808_033202451.jpg","PilotCam","/PilotCam.20250808_033202451.jpg","BrowCam","/BrowCam.20250808_033202451.jpg","UserSelect","/UserSelect.20250808_033202451.jpg","","","-999.99","1.79","-999.99","-999.99","68956fb2e3a1c300139c3143"
"2025-08-08T03:32:17.467Z","45.8165223","-129.7540794","ASNAP","","admin","","","","","","","","","","","","-522054.41","-11130.95","-2.4","-4.1","69.96","2449.88","0.58","SciCam","/SciCam.20250808_033217467.jpg","PilotCam","/PilotCam.20250808_033217467.jpg","BrowCam","/BrowCam.20250808_033217467.jpg","UserSelect","/UserSelect.20250808_033217467.jpg","","","-999.99","1.80","-999.99","-999.99","68956fc1e3a1c300139c3147"
"2025-08-08T03:32:32.499Z","45.8165033","-129.7540843","ASNAP","","admin","","","","","","","","","","","","-522054.79","-11133.06","-1.7","-2.8","114.19","2457.22","0.58","SciCam","/SciCam.20250808_033232499.jpg","PilotCam","/PilotCam.20250808_033232499.jpg","BrowCam","/BrowCam.20250808_033232499.jpg","UserSelect","/UserSelect.20250808_033232499.jpg","","","-999.99","1.82","-999.99","-999.99","68956fd0e3a1c300139c314b"
"2025-08-08T03:32:47.532Z","45.8164936","-129.7540998","ASNAP","","admin","","","","","","","","","","","","-522055.99","-11134.14","-0.8","-3.5","155.60","2463.75","0.58","SciCam","/SciCam.20250808_033247532.jpg","PilotCam","/PilotCam.20250808_033247532.jpg","BrowCam","/BrowCam.20250808_033247532.jpg","UserSelect","/UserSelect.20250808_033247532.jpg","","","-999.99","1.81","-999.99","-999.99","68956fdfe3a1c300139c314f"
"2025-08-08T03:33:02.565Z","45.8164994","-129.7541218","ASNAP","","admin","","","","","","","","","","","","-522057.70","-11133.49","-0.7","-3.6","207.71","2472.18","0.58","SciCam","/SciCam.20250808_033302565.jpg","PilotCam","/PilotCam.20250808_033302565.jpg","BrowCam","/BrowCam.20250808_033302565.jpg","UserSelect","/UserSelect.20250808_033302565.jpg","","","-999.99","1.83","-999.99","-999.99","68956feee3a1c300139c3153"
"2025-08-08T03:33:17.596Z","45.8165207","-129.7541307","ASNAP","","admin","","","","","","","","","","","","-522058.39","-11131.13","-0.5","-4.2","261.34","2478.74","0.58","SciCam","/SciCam.20250808_033317596.jpg","PilotCam","/PilotCam.20250808_033317596.jpg","BrowCam","/BrowCam.20250808_033317596.jpg","UserSelect","/UserSelect.20250808_033317596.jpg","","","-999.99","1.83","-999.99","-999.99","68956ffde3a1c300139c3157"
"2025-08-08T03:33:32.627Z","45.8165435","-129.7541129","ASNAP","","admin","","","","","","","","","","","","-522057.01","-11128.59","-1.2","-4.4","328.98","2486.26","0.58","SciCam","/SciCam.20250808_033332627.jpg","PilotCam","/PilotCam.20250808_033332627.jpg","BrowCam","/BrowCam.20250808_033332627.jpg","UserSelect","/UserSelect.20250808_033332627.jpg","","","-999.99","1.82","-999.99","-999.99","6895700ce3a1c300139c315b"
"2025-08-08T03:33:47.660Z","45.8165294","-129.7540815","ASNAP","","admin","","","","","","","","","","","","-522054.57","-11130.16","-2.5","-4.8","53.52","2485.71","0.58","SciCam","/SciCam.20250808_033347660.jpg","PilotCam","/PilotCam.20250808_033347660.jpg","BrowCam","/BrowCam.20250808_033347660.jpg","UserSelect","/UserSelect.20250808_033347660.jpg","","","-999.99","1.80","-999.99","-999.99","6895701be3a1c300139c315f"
"2025-08-08T03:34:02.691Z","45.8164944","-129.7540968","ASNAP","","admin","","","","","","","","","","","","-522055.76","-11134.05","-1.5","-3.6","148.70","2487.82","0.58","SciCam","/SciCam.20250808_033402691.jpg","PilotCam","/PilotCam.20250808_033402691.jpg","BrowCam","/BrowCam.20250808_033402691.jpg","UserSelect","/UserSelect.20250808_033402691.jpg","","","-999.99","1.79","-999.99","-999.99","6895702ae3a1c300139c3163"
"2025-08-08T03:34:17.720Z","45.8165170","-129.7541308","ASNAP","","admin","","","","","","","","","","","","-522058.40","-11131.54","-0.4","-3.0","252.78","2492.16","0.58","SciCam","/SciCam.20250808_033417720.jpg","PilotCam","/PilotCam.20250808_033417720.jpg","BrowCam","/BrowCam.20250808_033417720.jpg","UserSelect","/UserSelect.20250808_033417720.jpg","","","-999.99","1.80","-999.99","-999.99","68957039e3a1c300139c3167"
"2025-08-08T03:34:32.748Z","45.8165447","-129.7541014","ASNAP","","admin","","","","","","","","","","","","-522056.12","-11128.46","-1.2","-3.5","354.94","2494.97","0.58","SciCam","/SciCam.20250808_033432748.jpg","PilotCam","/PilotCam.20250808_033432748.jpg","BrowCam","/BrowCam.20250808_033432748.jpg","UserSelect","/UserSelect.20250808_033432748.jpg","","","-999.99","1.82","-999.99","-999.99","68957048e3a1c300139c316b"
"2025-08-08T03:34:47.781Z","45.8165064","-129.7540822","ASNAP","","admin","","","","","","","","","","","","-522054.63","-11132.71","-1.8","-3.0","106.47","2500.70","0.58","SciCam","/SciCam.20250808_033447781.jpg","PilotCam","/PilotCam.20250808_033447781.jpg","BrowCam","/BrowCam.20250808_033447781.jpg","UserSelect","/UserSelect.20250808_033447781.jpg","","","-999.99","1.83","-999.99","-999.99","68957057e3a1c300139c316f"
"2025-08-08T03:35:02.814Z","45.8164946","-129.7540959","ASNAP","","admin","","","","","","","","","","","","-522055.69","-11134.02","-0.8","-3.4","146.81","2506.77","0.58","SciCam","/SciCam.20250808_033502814.jpg","PilotCam","/PilotCam.20250808_033502814.jpg","BrowCam","/BrowCam.20250808_033502814.jpg","UserSelect","/UserSelect.20250808_033502814.jpg","","","-999.99","1.81","-999.99","-999.99","68957066e3a1c300139c3173"
"2025-08-08T03:35:17.849Z","45.8164946","-129.7540959","ASNAP","","admin","","","","","","","","","","","","-522055.69","-11134.02","-1.2","-3.2","146.59","2513.32","0.58","SciCam","/SciCam.20250808_033517849.jpg","PilotCam","/PilotCam.20250808_033517849.jpg","BrowCam","/BrowCam.20250808_033517849.jpg","UserSelect","/UserSelect.20250808_033517849.jpg","","","-999.99","1.78","-999.99","-999.99","68957075e3a1c300139c3177"
"2025-08-08T03:35:32.880Z","45.8164947","-129.7540959","ASNAP","","admin","","","","","","","","","","","","-522055.69","-11134.01","-1.1","-3.6","146.53","2519.93","0.58","SciCam","/SciCam.20250808_033532880.jpg","PilotCam","/PilotCam.20250808_033532880.jpg","BrowCam","/BrowCam.20250808_033532880.jpg","UserSelect","/UserSelect.20250808_033532880.jpg","","","-999.99","1.77","-999.99","-999.99","68957084e3a1c300139c317b"
"2025-08-08T03:35:47.912Z","45.8164946","-129.7540959","ASNAP","","admin","","","","","","","","","","","","-522055.69","-11134.02","-1.3","-2.8","146.53","2527.29","0.58","SciCam","/SciCam.20250808_033547912.jpg","PilotCam","/PilotCam.20250808_033547912.jpg","BrowCam","/BrowCam.20250808_033547912.jpg","UserSelect","/UserSelect.20250808_033547912.jpg","","","-999.99","1.81","-999.99","-999.99","68957093e3a1c300139c317f"
"2025-08-08T03:36:02.944Z","45.8164946","-129.7540959","ASNAP","","admin","","","","","","","","","","","","-522055.69","-11134.03","-1.0","-2.4","146.82","2533.47","0.58","SciCam","/SciCam.20250808_033602944.jpg","PilotCam","/PilotCam.20250808_033602944.jpg","BrowCam","/BrowCam.20250808_033602944.jpg","UserSelect","/UserSelect.20250808_033602944.jpg","","","-999.99","1.80","-999.99","-999.99","689570a2e3a1c300139c3183"
"2025-08-08T03:36:17.975Z","45.8164946","-129.7540958","ASNAP","","admin","","","","","","","","","","","","-522055.68","-11134.02","-1.0","-2.5","146.46","2540.47","0.58","SciCam","/SciCam.20250808_033617975.jpg","PilotCam","/PilotCam.20250808_033617975.jpg","BrowCam","/BrowCam.20250808_033617975.jpg","UserSelect","/UserSelect.20250808_033617975.jpg","","","-999.99","1.81","-999.99","-999.99","689570b1e3a1c300139c3187"
"2025-08-08T03:36:33.010Z","45.8164946","-129.7540958","ASNAP","","admin","","","","","","","","","","","","-522055.68","-11134.02","-1.4","-2.7","146.34","2546.47","0.58","SciCam","/SciCam.20250808_033633010.jpg","PilotCam","/PilotCam.20250808_033633010.jpg","BrowCam","/BrowCam.20250808_033633010.jpg","UserSelect","/UserSelect.20250808_033633010.jpg","","","-999.99","1.83","-999.99","-999.99","689570c1e3a1c300139c318b"
"2025-08-08T03:36:48.044Z","45.8164946","-129.7540958","ASNAP","","admin","","","","","","","","","","","","-522055.68","-11134.03","-1.2","-2.1","146.49","2552.23","0.58","SciCam","/SciCam.20250808_033648044.jpg","PilotCam","/PilotCam.20250808_033648044.jpg","BrowCam","/BrowCam.20250808_033648044.jpg","UserSelect","/UserSelect.20250808_033648044.jpg","","","-999.99","1.81","-999.99","-999.99","689570d0e3a1c300139c318f"
"2025-08-08T03:37:03.076Z","45.8164946","-129.7540958","ASNAP","","admin","","","","","","","","","","","","-522055.68","-11134.02","-0.9","-2.8","146.52","2557.13","0.58","SciCam","/SciCam.20250808_033703076.jpg","PilotCam","/PilotCam.20250808_033703076.jpg","BrowCam","/BrowCam.20250808_033703076.jpg","UserSelect","/UserSelect.20250808_033703076.jpg","","","-999.99","1.79","-999.99","-999.99","689570dfe3a1c300139c3193"
"2025-08-08T03:37:18.093Z","45.8164946","-129.7540959","ASNAP","","admin","","","","","","","","","","","","-522055.69","-11134.02","-1.2","-3.2","146.56","2562.13","0.58","SciCam","/SciCam.20250808_033718093.jpg","PilotCam","/PilotCam.20250808_033718093.jpg","BrowCam","/BrowCam.20250808_033718093.jpg","UserSelect","/UserSelect.20250808_033718093.jpg","","","-999.99","1.79","-999.99","-999.99","689570eee3a1c300139c3197"
"2025-08-08T03:37:33.124Z","45.8164946","-129.7540958","ASNAP","","admin","","","","","","","","","","","","-522055.68","-11134.02","-1.2","-2.9","146.29","2567.21","0.58","SciCam","/SciCam.20250808_033733124.jpg","PilotCam","/PilotCam.20250808_033733124.jpg","BrowCam","/BrowCam.20250808_033733124.jpg","UserSelect","/UserSelect.20250808_033733124.jpg","","","-999.99","1.82","-999.99","-999.99","689570fde3a1c300139c319b"
"2025-08-08T03:37:48.156Z","45.8164947","-129.7540958","ASNAP","","admin","","","","","","","","","","","","-522055.68","-11134.01","-1.2","-2.9","146.30","2572.28","0.58","SciCam","/SciCam.20250808_033748156.jpg","PilotCam","/PilotCam.20250808_033748156.jpg","BrowCam","/BrowCam.20250808_033748156.jpg","UserSelect","/UserSelect.20250808_033748156.jpg","","","-999.99","1.76","-999.99","-999.99","6895710ce3a1c300139c319f"
"2025-08-08T03:38:03.187Z","45.8164946","-129.7540955","ASNAP","","admin","","","","","","","","","","","","-522055.66","-11134.03","-1.5","-2.1","146.26","2578.56","28.99","SciCam","/SciCam.20250808_033803187.jpg","PilotCam","/PilotCam.20250808_033803187.jpg","BrowCam","/BrowCam.20250808_033803187.jpg","UserSelect","/UserSelect.20250808_033803187.jpg","","","-999.99","1.79","-999.99","-999.99","6895711be3a1c300139c31a3"
"2025-08-08T03:38:18.218Z","45.8165009","-129.7540851","ASNAP","","admin","","","","","","","","","","","","-522054.85","-11133.32","-1.2","-2.6","146.60","2583.39","1.31","SciCam","/SciCam.20250808_033818218.jpg","PilotCam","/PilotCam.20250808_033818218.jpg","BrowCam","/BrowCam.20250808_033818218.jpg","UserSelect","/UserSelect.20250808_033818218.jpg","","","-999.99","1.80","-999.99","-999.99","6895712ae3a1c300139c31a7"
"2025-08-08T03:38:33.247Z","45.8165020","-129.7540842","ASNAP","","admin","","","","","","","","","","","","-522054.78","-11133.20","-1.3","-2.7","146.42","2588.29","1.31","SciCam","/SciCam.20250808_033833247.jpg","PilotCam","/PilotCam.20250808_033833247.jpg","BrowCam","/BrowCam.20250808_033833247.jpg","UserSelect","/UserSelect.20250808_033833247.jpg","","","-999.99","1.76","-999.99","-999.99","68957139e3a1c300139c31ab"
"2025-08-08T03:38:48.280Z","45.8164971","-129.7540951","ASNAP","","admin","","","","","","","","","","","","-522055.63","-11133.75","-1.2","-3.0","146.32","2590.30","7.57","SciCam","/SciCam.20250808_033848280.jpg","PilotCam","/PilotCam.20250808_033848280.jpg","BrowCam","/BrowCam.20250808_033848280.jpg","UserSelect","/UserSelect.20250808_033848280.jpg","","","-999.99","1.75","-999.99","-999.99","68957148e3a1c300139c31af"
"2025-08-08T03:39:03.306Z","45.8164963","-129.7541093","ASNAP","","admin","","","","","","","","","","","","-522056.73","-11133.84","-1.2","-3.6","146.18","2592.53","11.81","SciCam","/SciCam.20250808_033903306.jpg","PilotCam","/PilotCam.20250808_033903306.jpg","BrowCam","/BrowCam.20250808_033903306.jpg","UserSelect","/UserSelect.20250808_033903306.jpg","","","-999.99","1.83","-999.99","-999.99","68957157e3a1c300139c31b3"
"2025-08-08T03:39:18.338Z","45.8165010","-129.7541429","ASNAP","","admin","","","","","","","","","","","","-522059.34","-11133.31","-1.1","-3.2","146.22","2594.77","9.80","SciCam","/SciCam.20250808_033918338.jpg","PilotCam","/PilotCam.20250808_033918338.jpg","BrowCam","/BrowCam.20250808_033918338.jpg","UserSelect","/UserSelect.20250808_033918338.jpg","","","-999.99","1.78","-999.99","-999.99","68957166e3a1c300139c31b7"
"2025-08-08T03:39:33.357Z","45.8165054","-129.7541732","ASNAP","","admin","","","","","","","","","","","","-522061.69","-11132.83","-0.8","-3.1","146.56","2597.41","8.12","SciCam","/SciCam.20250808_033933357.jpg","PilotCam","/PilotCam.20250808_033933357.jpg","BrowCam","/BrowCam.20250808_033933357.jpg","UserSelect","/UserSelect.20250808_033933357.jpg","","","-999.99","1.77","-999.99","-999.99","68957175e3a1c300139c31bb"
"2025-08-08T03:39:48.388Z","45.8165104","-129.7542056","ASNAP","","admin","","","","","","","","","","","","-522064.20","-11132.27","-1.5","-3.6","146.17","2599.24","6.05","SciCam","/SciCam.20250808_033948388.jpg","PilotCam","/PilotCam.20250808_033948388.jpg","BrowCam","/BrowCam.20250808_033948388.jpg","UserSelect","/UserSelect.20250808_033948388.jpg","","","-999.99","1.81","-999.99","-999.99","68957184e3a1c300139c31bf"
"2025-08-08T03:40:03.418Z","45.8165088","-129.7542098","ASNAP","","admin","","","","","","","","","","","","-522064.53","-11132.45","-1.2","-2.8","184.69","2599.18","6.41","SciCam","/SciCam.20250808_034003418.jpg","PilotCam","/PilotCam.20250808_034003418.jpg","BrowCam","/BrowCam.20250808_034003418.jpg","UserSelect","/UserSelect.20250808_034003418.jpg","","","-999.99","1.80","-999.99","-999.99","68957193e3a1c300139c31c3"
"2025-08-08T03:40:16.364Z","45.8165241","-129.7542133","VEHICLE","45.816801; -129.754129; 2508 m","guest","","On bottom","","","","","","","","","","-522064.80","-11130.75","-0.8","-3.7","260.08","2599.52","6.61","SciCam","/SciCam.20250808_034016364.jpg","PilotCam","/PilotCam.20250808_034016364.jpg","BrowCam","/BrowCam.20250808_034016364.jpg","UserSelect","/UserSelect.20250808_034016364.jpg","","","-999.99","1.86","-999.99","-999.99","689571a0e3a1c300139c31c7"
"2025-08-08T03:40:18.450Z","45.8165272","-129.7542137","ASNAP","","admin","","","","","","","","","","","","-522064.83","-11130.40","-0.6","-3.4","273.17","2599.96","6.79","SciCam","/SciCam.20250808_034018450.jpg","PilotCam","/PilotCam.20250808_034018450.jpg","BrowCam","/BrowCam.20250808_034018450.jpg","UserSelect","/UserSelect.20250808_034018450.jpg","","","-999.99","1.77","-999.99","-999.99","689571a2e3a1c300139c31cb"
"2025-08-08T03:40:33.470Z","45.8165503","-129.7542174","ASNAP","","admin","","","","","","","","","","","","-522065.12","-11127.83","-0.7","-2.9","332.58","2599.47","6.79","SciCam","/SciCam.20250808_034033470.jpg","PilotCam","/PilotCam.20250808_034033470.jpg","BrowCam","/BrowCam.20250808_034033470.jpg","UserSelect","/UserSelect.20250808_034033470.jpg","","","-999.99","1.79","-999.99","-999.99","689571b1e3a1c300139c31cf"
"2025-08-08T03:40:48.505Z","45.8165692","-129.7542230","ASNAP","","admin","","","","","","","","","","","","-522065.55","-11125.73","-1.1","-4.1","332.69","2599.71","6.97","SciCam","/SciCam.20250808_034048505.jpg","PilotCam","/PilotCam.20250808_034048505.jpg","BrowCam","/BrowCam.20250808_034048505.jpg","UserSelect","/UserSelect.20250808_034048505.jpg","","","-999.99","1.76","-999.99","-999.99","689571c0e3a1c300139c31d3"
"2025-08-08T03:41:03.538Z","45.8165931","-129.7542211","ASNAP","","admin","","","","","","","","","","","","-522065.40","-11123.08","-1.3","-3.5","334.27","2600.33","6.61","SciCam","/SciCam.20250808_034103538.jpg","PilotCam","/PilotCam.20250808_034103538.jpg","BrowCam","/BrowCam.20250808_034103538.jpg","UserSelect","/UserSelect.20250808_034103538.jpg","","","-999.99","1.81","-999.99","-999.99","689571cfe3a1c300139c31d7"
"2025-08-08T03:41:18.570Z","45.8166171","-129.7542223","ASNAP","","admin","","","","","","","","","","","","-522065.50","-11120.41","-0.9","-4.2","336.33","2599.91","6.51","SciCam","/SciCam.20250808_034118570.jpg","PilotCam","/PilotCam.20250808_034118570.jpg","BrowCam","/BrowCam.20250808_034118570.jpg","UserSelect","/UserSelect.20250808_034118570.jpg","","","-999.99","1.80","-999.99","-999.99","689571dee3a1c300139c31db"
"2025-08-08T03:41:33.603Z","45.8166419","-129.7542239","ASNAP","","admin","","","","","","","","","","","","-522065.62","-11117.65","-1.1","-3.6","335.39","2599.70","6.54","SciCam","/SciCam.20250808_034133603.jpg","PilotCam","/PilotCam.20250808_034133603.jpg","BrowCam","/BrowCam.20250808_034133603.jpg","UserSelect","/UserSelect.20250808_034133603.jpg","","","-999.99","1.79","-999.99","-999.99","689571ede3a1c300139c31df"
"2025-08-08T03:41:48.636Z","45.8166620","-129.7542203","ASNAP","","admin","","","","","","","","","","","","-522065.34","-11115.42","-1.0","-4.5","336.69","2599.72","6.51","SciCam","/SciCam.20250808_034148636.jpg","PilotCam","/PilotCam.20250808_034148636.jpg","BrowCam","/BrowCam.20250808_034148636.jpg","UserSelect","/UserSelect.20250808_034148636.jpg","","","-999.99","1.77","-999.99","-999.99","689571fce3a1c300139c31e3"
"2025-08-08T03:42:03.669Z","45.8166793","-129.7542102","ASNAP","","admin","","","","","","","","","","","","-522064.56","-11113.50","-1.1","-3.7","336.14","2600.41","5.98","SciCam","/SciCam.20250808_034203669.jpg","PilotCam","/PilotCam.20250808_034203669.jpg","BrowCam","/BrowCam.20250808_034203669.jpg","UserSelect","/UserSelect.20250808_034203669.jpg","","","-999.99","1.78","-999.99","-999.99","6895720be3a1c300139c31e7"
"2025-08-08T03:42:18.702Z","45.8166965","-129.7542212","ASNAP","","admin","","","","","","","","","","","","-522065.41","-11111.59","-1.0","-3.0","335.23","2600.44","6.41","SciCam","/SciCam.20250808_034218702.jpg","PilotCam","/PilotCam.20250808_034218702.jpg","BrowCam","/BrowCam.20250808_034218702.jpg","UserSelect","/UserSelect.20250808_034218702.jpg","","","-999.99","1.77","-999.99","-999.99","6895721ae3a1c300139c31eb"
"2025-08-08T03:42:33.736Z","45.8167023","-129.7542245","ASNAP","","admin","","","","","","","","","","","","-522065.67","-11110.94","-0.9","-2.1","335.34","2600.66","6.54","SciCam","/SciCam.20250808_034233736.jpg","PilotCam","/PilotCam.20250808_034233736.jpg","BrowCam","/BrowCam.20250808_034233736.jpg","UserSelect","/UserSelect.20250808_034233736.jpg","","","-999.99","1.83","-999.99","-999.99","68957229e3a1c300139c31ef"
"2025-08-08T03:42:48.769Z","45.8167037","-129.7542306","ASNAP","","admin","","","","","","","","","","","","-522066.14","-11110.78","-1.0","-2.7","335.10","2600.04","6.61","SciCam","/SciCam.20250808_034248769.jpg","PilotCam","/PilotCam.20250808_034248769.jpg","BrowCam","/BrowCam.20250808_034248769.jpg","UserSelect","/UserSelect.20250808_034248769.jpg","","","-999.99","1.78","-999.99","-999.99","68957238e3a1c300139c31f3"
"2025-08-08T03:43:03.802Z","45.8167033","-129.7542323","ASNAP","","admin","","","","","","","","","","","","-522066.27","-11110.83","-1.2","-3.8","335.42","2600.45","6.61","SciCam","/SciCam.20250808_034303802.jpg","PilotCam","/PilotCam.20250808_034303802.jpg","BrowCam","/BrowCam.20250808_034303802.jpg","UserSelect","/UserSelect.20250808_034303802.jpg","","","-999.99","1.80","-999.99","-999.99","68957247e3a1c300139c31f7"
"2025-08-08T03:43:18.836Z","45.8167031","-129.7542310","ASNAP","","admin","","","","","","","","","","","","-522066.17","-11110.85","-1.0","-3.6","335.05","2600.14","6.18","SciCam","/SciCam.20250808_034318836.jpg","PilotCam","/PilotCam.20250808_034318836.jpg","BrowCam","/BrowCam.20250808_034318836.jpg","UserSelect","/UserSelect.20250808_034318836.jpg","","","-999.99","1.81","-999.99","-999.99","68957256e3a1c300139c31fb"
"2025-08-08T03:43:33.870Z","45.8167091","-129.7542417","ASNAP","","admin","","","","","","","","","","","","-522067.00","-11110.18","-0.9","-3.5","335.27","2599.73","6.49","SciCam","/SciCam.20250808_034333870.jpg","PilotCam","/PilotCam.20250808_034333870.jpg","BrowCam","/BrowCam.20250808_034333870.jpg","UserSelect","/UserSelect.20250808_034333870.jpg","","","-999.99","1.78","-999.99","-999.99","68957265e3a1c300139c31ff"
"2025-08-08T03:43:48.902Z","45.8167209","-129.7542361","ASNAP","","admin","","","","","","","","","","","","-522066.57","-11108.87","-1.0","-3.3","335.74","2600.12","6.49","SciCam","/SciCam.20250808_034348902.jpg","PilotCam","/PilotCam.20250808_034348902.jpg","BrowCam","/BrowCam.20250808_034348902.jpg","UserSelect","/UserSelect.20250808_034348902.jpg","","","-999.99","1.75","-999.99","-999.99","68957274e3a1c300139c3203"
"2025-08-08T03:44:03.936Z","45.8167296","-129.7542391","ASNAP","","admin","","","","","","","","","","","","-522066.80","-11107.91","-1.0","-2.0","334.88","2599.96","6.82","SciCam","/SciCam.20250808_034403936.jpg","PilotCam","/PilotCam.20250808_034403936.jpg","BrowCam","/BrowCam.20250808_034403936.jpg","UserSelect","/UserSelect.20250808_034403936.jpg","","","-999.99","1.85","-999.99","-999.99","68957283e3a1c300139c3207"
"2025-08-08T03:44:18.965Z","45.8167401","-129.7542220","ASNAP","","admin","","","","","","","","","","","","-522065.47","-11106.74","-0.8","-3.6","336.28","2600.69","6.05","SciCam","/SciCam.20250808_034418965.jpg","PilotCam","/PilotCam.20250808_034418965.jpg","BrowCam","/BrowCam.20250808_034418965.jpg","UserSelect","/UserSelect.20250808_034418965.jpg","","","-999.99","1.78","-999.99","-999.99","68957292e3a1c300139c320b"
"2025-08-08T03:44:33.998Z","45.8167494","-129.7542128","ASNAP","","admin","","","","","","","","","","","","-522064.76","-11105.70","-1.3","-3.9","337.35","2600.42","5.85","SciCam","/SciCam.20250808_034433998.jpg","PilotCam","/PilotCam.20250808_034433998.jpg","BrowCam","/BrowCam.20250808_034433998.jpg","UserSelect","/UserSelect.20250808_034433998.jpg","","","-999.99","1.74","-999.99","-999.99","689572a1e3a1c300139c320f"
"2025-08-08T03:44:49.031Z","45.8167562","-129.7542177","ASNAP","","admin","","","","","","","","","","","","-522065.14","-11104.95","-1.3","-5.1","338.79","2600.40","6.13","SciCam","/SciCam.20250808_034449031.jpg","PilotCam","/PilotCam.20250808_034449031.jpg","BrowCam","/BrowCam.20250808_034449031.jpg","UserSelect","/UserSelect.20250808_034449031.jpg","","","-999.99","1.84","-999.99","-999.99","689572b1e3a1c300139c3213"
"2025-08-08T03:45:04.063Z","45.8167818","-129.7542193","ASNAP","","admin","","","","","","","","","","","","-522065.26","-11102.10","-1.1","-3.3","358.22","2600.39","5.92","SciCam","/SciCam.20250808_034504063.jpg","PilotCam","/PilotCam.20250808_034504063.jpg","BrowCam","/BrowCam.20250808_034504063.jpg","UserSelect","/UserSelect.20250808_034504063.jpg","","","-999.99","1.78","-999.99","-999.99","689572c0e3a1c300139c3217"
"2025-08-08T03:45:19.091Z","45.8167802","-129.7542150","ASNAP","","admin","","","","","","","","","","","","-522064.93","-11102.28","-1.2","-3.5","44.03","2600.38","5.85","SciCam","/SciCam.20250808_034519091.jpg","PilotCam","/PilotCam.20250808_034519091.jpg","BrowCam","/BrowCam.20250808_034519091.jpg","UserSelect","/UserSelect.20250808_034519091.jpg","","","-999.99","1.77","-999.99","-999.99","689572cfe3a1c300139c321b"
"2025-08-08T03:45:34.119Z","45.8167837","-129.7542191","ASNAP","","admin","","","","","","","","","","","","-522065.25","-11101.89","-0.9","-2.9","56.02","2600.03","6.31","SciCam","/SciCam.20250808_034534119.jpg","PilotCam","/PilotCam.20250808_034534119.jpg","BrowCam","/BrowCam.20250808_034534119.jpg","UserSelect","/UserSelect.20250808_034534119.jpg","","","-999.99","1.83","-999.99","-999.99","689572dee3a1c300139c321f"
"2025-08-08T03:45:49.150Z","45.8167781","-129.7542227","ASNAP","","admin","","","","","","","","","","","","-522065.53","-11102.51","-1.0","-3.0","64.52","2600.69","6.10","SciCam","/SciCam.20250808_034549150.jpg","PilotCam","/PilotCam.20250808_034549150.jpg","BrowCam","/BrowCam.20250808_034549150.jpg","UserSelect","/UserSelect.20250808_034549150.jpg","","","-999.99","1.81","-999.99","-999.99","689572ede3a1c300139c3223"
"2025-08-08T03:46:04.181Z","45.8167791","-129.7542235","ASNAP","","admin","","","","","","","","","","","","-522065.59","-11102.40","-1.3","-3.8","64.90","2600.25","5.90","SciCam","/SciCam.20250808_034604181.jpg","PilotCam","/PilotCam.20250808_034604181.jpg","BrowCam","/BrowCam.20250808_034604181.jpg","UserSelect","/UserSelect.20250808_034604181.jpg","","","-999.99","1.81","-999.99","-999.99","689572fce3a1c300139c3227"
"2025-08-08T03:46:19.214Z","45.8167812","-129.7542133","ASNAP","","admin","","","","","","","","","","","","-522064.80","-11102.17","-1.2","-3.5","65.36","2600.28","6.08","SciCam","/SciCam.20250808_034619214.jpg","PilotCam","/PilotCam.20250808_034619214.jpg","BrowCam","/BrowCam.20250808_034619214.jpg","UserSelect","/UserSelect.20250808_034619214.jpg","","","-999.99","1.81","-999.99","-999.99","6895730be3a1c300139c322b"
"2025-08-08T03:46:34.245Z","45.8167825","-129.7542087","ASNAP","","admin","","","","","","","","","","","","-522064.44","-11102.03","-1.1","-3.4","68.43","2600.16","6.26","SciCam","/SciCam.20250808_034634245.jpg","PilotCam","/PilotCam.20250808_034634245.jpg","BrowCam","/BrowCam.20250808_034634245.jpg","UserSelect","/UserSelect.20250808_034634245.jpg","","","-999.99","1.81","-999.99","-999.99","6895731ae3a1c300139c322f"
"2025-08-08T03:46:49.277Z","45.8167781","-129.7542114","ASNAP","","admin","","","","","","","","","","","","-522064.65","-11102.52","-1.3","-3.1","68.29","2600.57","6.03","SciCam","/SciCam.20250808_034649277.jpg","PilotCam","/PilotCam.20250808_034649277.jpg","BrowCam","/BrowCam.20250808_034649277.jpg","UserSelect","/UserSelect.20250808_034649277.jpg","","","-999.99","1.77","-999.99","-999.99","68957329e3a1c300139c3233"
"2025-08-08T03:47:04.309Z","45.8167760","-129.7542137","ASNAP","","admin","","","","","","","","","","","","-522064.83","-11102.75","-1.1","-3.8","67.87","2600.50","5.92","SciCam","/SciCam.20250808_034704309.jpg","PilotCam","/PilotCam.20250808_034704309.jpg","BrowCam","/BrowCam.20250808_034704309.jpg","UserSelect","/UserSelect.20250808_034704309.jpg","","","-999.99","1.58","-999.99","-999.99","68957338e3a1c300139c3237"
"2025-08-08T03:47:19.344Z","45.8167781","-129.7541905","ASNAP","","admin","","","","","","","","","","","","-522063.03","-11102.51","-1.3","-3.3","68.46","2600.27","6.03","SciCam","/SciCam.20250808_034719344.jpg","PilotCam","/PilotCam.20250808_034719344.jpg","BrowCam","/BrowCam.20250808_034719344.jpg","UserSelect","/UserSelect.20250808_034719344.jpg","","","-999.99","1.80","-999.99","-999.99","68957347e3a1c300139c323b"
"2025-08-08T03:47:34.377Z","45.8167745","-129.7541852","ASNAP","","admin","","","","","","","","","","","","-522062.62","-11102.92","-1.5","-3.4","69.12","2600.53","5.82","SciCam","/SciCam.20250808_034734377.jpg","PilotCam","/PilotCam.20250808_034734377.jpg","BrowCam","/BrowCam.20250808_034734377.jpg","UserSelect","/UserSelect.20250808_034734377.jpg","","","-999.99","1.81","-999.99","-999.99","68957356e3a1c300139c323f"
"2025-08-08T03:47:49.395Z","45.8167786","-129.7541814","ASNAP","","admin","","","","","","","","","","","","-522062.32","-11102.46","-1.4","-3.2","68.86","2600.03","6.00","SciCam","/SciCam.20250808_034749395.jpg","PilotCam","/PilotCam.20250808_034749395.jpg","BrowCam","/BrowCam.20250808_034749395.jpg","UserSelect","/UserSelect.20250808_034749395.jpg","","","-999.99","1.78","-999.99","-999.99","68957365e3a1c300139c3243"
"2025-08-08T03:48:04.424Z","45.8167708","-129.7541835","ASNAP","","admin","","","","","","","","","","","","-522062.49","-11103.33","-0.9","-3.3","105.60","2600.00","6.43","SciCam","/SciCam.20250808_034804424.jpg","PilotCam","/PilotCam.20250808_034804424.jpg","BrowCam","/BrowCam.20250808_034804424.jpg","UserSelect","/UserSelect.20250808_034804424.jpg","","","-999.99","1.87","-999.99","-999.99","68957374e3a1c300139c3247"
"2025-08-08T03:48:19.444Z","45.8167610","-129.7541961","ASNAP","","admin","","","","","","","","","","","","-522063.46","-11104.42","-1.1","-3.3","150.11","2600.31","6.16","SciCam","/SciCam.20250808_034819444.jpg","PilotCam","/PilotCam.20250808_034819444.jpg","BrowCam","/BrowCam.20250808_034819444.jpg","UserSelect","/UserSelect.20250808_034819444.jpg","","","-999.99","1.78","-999.99","-999.99","68957383e3a1c300139c324b"
"2025-08-08T03:48:34.477Z","45.8167617","-129.7542039","ASNAP","","admin","","","","","","","","","","","","-522064.07","-11104.34","-1.1","-3.5","165.38","2600.61","5.87","SciCam","/SciCam.20250808_034834477.jpg","PilotCam","/PilotCam.20250808_034834477.jpg","BrowCam","/BrowCam.20250808_034834477.jpg","UserSelect","/UserSelect.20250808_034834477.jpg","","","-999.99","1.82","-999.99","-999.99","68957392e3a1c300139c324f"
"2025-08-08T03:48:49.511Z","45.8167697","-129.7542026","ASNAP","","admin","","","","","","","","","","","","-522063.97","-11103.45","-1.5","-3.4","168.79","2601.30","5.67","SciCam","/SciCam.20250808_034849511.jpg","PilotCam","/PilotCam.20250808_034849511.jpg","BrowCam","/BrowCam.20250808_034849511.jpg","UserSelect","/UserSelect.20250808_034849511.jpg","","","-999.99","1.76","-999.99","-999.99","689573a1e3a1c300139c3253"
"2025-08-08T03:49:04.544Z","45.8167752","-129.7542231","ASNAP","","admin","","","","","","","","","","","","-522065.56","-11102.84","-1.0","-3.2","167.78","2602.70","4.27","SciCam","/SciCam.20250808_034904544.jpg","PilotCam","/PilotCam.20250808_034904544.jpg","BrowCam","/BrowCam.20250808_034904544.jpg","UserSelect","/UserSelect.20250808_034904544.jpg","","","-999.99","1.77","-999.99","-999.99","689573b0e3a1c300139c3257"
"2025-08-08T03:49:19.572Z","45.8167707","-129.7542211","ASNAP","","admin","","","","","","","","","","","","-522065.40","-11103.34","-1.0","-2.8","166.90","2602.33","4.68","SciCam","/SciCam.20250808_034919572.jpg","PilotCam","/PilotCam.20250808_034919572.jpg","BrowCam","/BrowCam.20250808_034919572.jpg","UserSelect","/UserSelect.20250808_034919572.jpg","","","-999.99","1.78","-999.99","-999.99","689573bfe3a1c300139c325b"
"2025-08-08T03:49:34.600Z","45.8167763","-129.7542238","ASNAP","","admin","","","","","","","","","","","","-522065.61","-11102.72","-1.0","-3.3","169.97","2602.66","4.42","SciCam","/SciCam.20250808_034934600.jpg","PilotCam","/PilotCam.20250808_034934600.jpg","BrowCam","/BrowCam.20250808_034934600.jpg","UserSelect","/UserSelect.20250808_034934600.jpg","","","-999.99","1.81","-999.99","-999.99","689573cee3a1c300139c325f"
"2025-08-08T03:49:49.633Z","45.8167785","-129.7542253","ASNAP","","admin","","","","","","","","","","","","-522065.73","-11102.47","-0.9","-3.1","169.03","2602.84","4.42","SciCam","/SciCam.20250808_034949633.jpg","PilotCam","/PilotCam.20250808_034949633.jpg","BrowCam","/BrowCam.20250808_034949633.jpg","UserSelect","/UserSelect.20250808_034949633.jpg","","","-999.99","1.78","-999.99","-999.99","689573dde3a1c300139c3263"
"2025-08-08T03:50:04.665Z","45.8167710","-129.7542202","ASNAP","","admin","","","","","","","","","","","","-522065.33","-11103.30","-0.7","-3.2","163.81","2602.37","4.70","SciCam","/SciCam.20250808_035004665.jpg","PilotCam","/PilotCam.20250808_035004665.jpg","BrowCam","/BrowCam.20250808_035004665.jpg","UserSelect","/UserSelect.20250808_035004665.jpg","","","-999.99","1.80","-999.99","-999.99","689573ece3a1c300139c3267"
"2025-08-08T03:50:19.698Z","45.8167737","-129.7542110","ASNAP","","admin","","","","","","","","","","","","-522064.62","-11103.00","-0.8","-3.2","165.24","2602.16","4.80","SciCam","/SciCam.20250808_035019698.jpg","PilotCam","/PilotCam.20250808_035019698.jpg","BrowCam","/BrowCam.20250808_035019698.jpg","UserSelect","/UserSelect.20250808_035019698.jpg","","","-999.99","1.80","-999.99","-999.99","689573fbe3a1c300139c326b"
"2025-08-08T03:50:34.732Z","45.8167815","-129.7542238","ASNAP","","admin","","","","","","","","","","","","-522065.61","-11102.14","-0.7","-2.7","167.26","2603.41","4.09","SciCam","/SciCam.20250808_035034732.jpg","PilotCam","/PilotCam.20250808_035034732.jpg","BrowCam","/BrowCam.20250808_035034732.jpg","UserSelect","/UserSelect.20250808_035034732.jpg","","","-999.99","1.81","-999.99","-999.99","6895740ae3a1c300139c326f"
"2025-08-08T03:50:49.765Z","45.8167948","-129.7542439","ASNAP","","admin","","","","","","","","","","","","-522067.17","-11100.66","-0.9","-3.5","165.61","2605.32","2.41","SciCam","/SciCam.20250808_035049765.jpg","PilotCam","/PilotCam.20250808_035049765.jpg","BrowCam","/BrowCam.20250808_035049765.jpg","UserSelect","/UserSelect.20250808_035049765.jpg","","","-999.99","1.76","-999.99","-999.99","68957419e3a1c300139c3273"
"2025-08-08T03:50:50.385Z","45.8167948","-129.7542448","VEHICLE","landed on bottom","guest","","On bottom","","","","","","","","","","-522067.24","-11100.66","-1.4","-2.8","165.40","2605.53","2.38","SciCam","/SciCam.20250808_035050385.jpg","PilotCam","/PilotCam.20250808_035050385.jpg","BrowCam","/BrowCam.20250808_035050385.jpg","UserSelect","/UserSelect.20250808_035050385.jpg","","","-999.99","1.81","-999.99","-999.99","6895741ae3a1c300139c3276"
"2025-08-08T03:51:04.799Z","45.8167948","-129.7542467","ASNAP","","admin","","","","","","","","","","","","-522067.39","-11100.66","-1.8","-0.3","165.59","2605.64","1.98","SciCam","/SciCam.20250808_035104799.jpg","PilotCam","/PilotCam.20250808_035104799.jpg","BrowCam","/BrowCam.20250808_035104799.jpg","UserSelect","/UserSelect.20250808_035104799.jpg","","","-999.99","1.89","-999.99","-999.99","68957428e3a1c300139c327b"
"2025-08-08T03:51:19.825Z","45.8167948","-129.7542462","ASNAP","","admin","","","","","","","","","","","","-522067.35","-11100.66","-1.8","-0.3","165.59","2605.64","2.05","SciCam","/SciCam.20250808_035119825.jpg","PilotCam","/PilotCam.20250808_035119825.jpg","BrowCam","/BrowCam.20250808_035119825.jpg","UserSelect","/UserSelect.20250808_035119825.jpg","","","-999.99","1.79","-999.99","-999.99","68957437e3a1c300139c327f"
"2025-08-08T03:51:34.857Z","45.8167946","-129.7542459","ASNAP","","admin","","","","","","","","","","","","-522067.33","-11100.68","-1.8","-0.3","165.59","2605.64","1.85","SciCam","/SciCam.20250808_035134857.jpg","PilotCam","/PilotCam.20250808_035134857.jpg","BrowCam","/BrowCam.20250808_035134857.jpg","UserSelect","/UserSelect.20250808_035134857.jpg","","","-999.99","1.67","-999.99","-999.99","68957446e3a1c300139c3283"
"2025-08-08T03:51:49.890Z","45.8167945","-129.7542457","ASNAP","","admin","","","","","","","","","","","","-522067.31","-11100.69","-1.8","-0.3","165.59","2605.64","1.90","SciCam","/SciCam.20250808_035149890.jpg","PilotCam","/PilotCam.20250808_035149890.jpg","BrowCam","/BrowCam.20250808_035149890.jpg","UserSelect","/UserSelect.20250808_035149890.jpg","","","-999.99","1.78","-999.99","-999.99","68957455e3a1c300139c3287"
"2025-08-08T03:52:04.923Z","45.8167942","-129.7542455","ASNAP","","admin","","","","","","","","","","","","-522067.30","-11100.72","-1.8","-0.3","165.59","2605.64","2.05","SciCam","/SciCam.20250808_035204923.jpg","PilotCam","/PilotCam.20250808_035204923.jpg","BrowCam","/BrowCam.20250808_035204923.jpg","UserSelect","/UserSelect.20250808_035204923.jpg","","","-999.99","1.70","-999.99","-999.99","68957464e3a1c300139c328f"
"2025-08-08T03:52:19.956Z","45.8167942","-129.7542452","ASNAP","","admin","","","","","","","","","","","","-522067.27","-11100.73","-1.8","-0.3","165.59","2605.64","2.05","SciCam","/SciCam.20250808_035219956.jpg","PilotCam","/PilotCam.20250808_035219956.jpg","BrowCam","/BrowCam.20250808_035219956.jpg","UserSelect","/UserSelect.20250808_035219956.jpg","","","-999.99","1.83","-999.99","-999.99","68957473e3a1c300139c3293"
"2025-08-08T03:52:34.990Z","45.8167941","-129.7542448","ASNAP","","admin","","","","","","","","","","","","-522067.24","-11100.74","-1.8","-0.3","165.59","2605.64","2.05","SciCam","/SciCam.20250808_035234990.jpg","PilotCam","/PilotCam.20250808_035234990.jpg","BrowCam","/BrowCam.20250808_035234990.jpg","UserSelect","/UserSelect.20250808_035234990.jpg","","","-999.99","1.74","-999.99","-999.99","68957482e3a1c300139c3297"
"2025-08-08T03:52:50.018Z","45.8167941","-129.7542445","ASNAP","","admin","","","","","","","","","","","","-522067.22","-11100.74","-1.8","-0.3","165.59","2605.65","2.05","SciCam","/SciCam.20250808_035250018.jpg","PilotCam","/PilotCam.20250808_035250018.jpg","BrowCam","/BrowCam.20250808_035250018.jpg","UserSelect","/UserSelect.20250808_035250018.jpg","","","-999.99","1.80","-999.99","-999.99","68957492e3a1c300139c329b"
"2025-08-08T03:52:51.774Z","45.8167941","-129.7542445","NAV","70m","guest","","","","","Ship moving","","","","","","","-522067.22","-11100.74","-1.8","-0.3","165.59","2605.65","2.05","SciCam","/SciCam.20250808_035251774.jpg","PilotCam","/PilotCam.20250808_035251774.jpg","BrowCam","/BrowCam.20250808_035251774.jpg","UserSelect","/UserSelect.20250808_035251774.jpg","","","-999.99","1.78","-999.99","-999.99","68957493e3a1c300139c329f"
"2025-08-08T03:53:05.050Z","45.8167941","-129.7542443","ASNAP","","admin","","","","","","","","","","","","-522067.20","-11100.74","-1.8","-0.3","165.59","2605.65","2.05","SciCam","/SciCam.20250808_035305050.jpg","PilotCam","/PilotCam.20250808_035305050.jpg","BrowCam","/BrowCam.20250808_035305050.jpg","UserSelect","/UserSelect.20250808_035305050.jpg","","","-999.99","1.82","-999.99","-999.99","689574a1e3a1c300139c32a3"
"2025-08-08T03:53:20.079Z","45.8167940","-129.7542440","ASNAP","","admin","","","","","","","","","","","","-522067.18","-11100.75","-1.8","-0.3","165.59","2605.65","2.05","SciCam","/SciCam.20250808_035320079.jpg","PilotCam","/PilotCam.20250808_035320079.jpg","BrowCam","/BrowCam.20250808_035320079.jpg","UserSelect","/UserSelect.20250808_035320079.jpg","","","-999.99","1.82","-999.99","-999.99","689574b0e3a1c300139c32a7"
"2025-08-08T03:53:35.111Z","45.8167940","-129.7542436","ASNAP","","admin","","","","","","","","","","","","-522067.15","-11100.75","-1.8","-0.3","165.59","2605.65","2.05","SciCam","/SciCam.20250808_035335111.jpg","PilotCam","/PilotCam.20250808_035335111.jpg","BrowCam","/BrowCam.20250808_035335111.jpg","UserSelect","/UserSelect.20250808_035335111.jpg","","","-999.99","1.79","-999.99","-999.99","689574bfe3a1c300139c32ab"
"2025-08-08T03:53:43.774Z","45.8167940","-129.7542434","ROV Actions","LV03A","guest","","","Unlatching from","","","","","","","","","-522067.13","-11100.75","-1.8","-0.3","165.59","2605.65","2.05","SciCam","/SciCam.20250808_035343774.jpg","PilotCam","/PilotCam.20250808_035343774.jpg","BrowCam","/BrowCam.20250808_035343774.jpg","UserSelect","/UserSelect.20250808_035343774.jpg","","","-999.99","1.80","-999.99","-999.99","689574c7e3a1c300139c32af"
"2025-08-08T03:53:50.143Z","45.8167940","-129.7542432","ASNAP","","admin","","","","","","","","","","","","-522067.12","-11100.75","-1.8","-0.3","165.59","2605.65","2.05","SciCam","/SciCam.20250808_035350143.jpg","PilotCam","/PilotCam.20250808_035350143.jpg","BrowCam","/BrowCam.20250808_035350143.jpg","UserSelect","/UserSelect.20250808_035350143.jpg","","","-999.99","1.80","-999.99","-999.99","689574cee3a1c300139c32b3"
"2025-08-08T03:54:05.166Z","45.8167863","-129.7542441","ASNAP","","admin","","","","","","","","","","","","-522067.19","-11101.60","-0.4","-7.9","167.73","2604.88","2.87","SciCam","/SciCam.20250808_035405166.jpg","PilotCam","/PilotCam.20250808_035405166.jpg","BrowCam","/BrowCam.20250808_035405166.jpg","UserSelect","/UserSelect.20250808_035405166.jpg","","","-999.99","1.74","-999.99","-999.99","689574dde3a1c300139c32b7"
"2025-08-08T03:54:20.198Z","45.8167133","-129.7542285","ASNAP","","admin","","","","","","","","","","","","-522065.98","-11109.72","-0.5","-8.3","170.20","2603.99","3.99","SciCam","/SciCam.20250808_035420198.jpg","PilotCam","/PilotCam.20250808_035420198.jpg","BrowCam","/BrowCam.20250808_035420198.jpg","UserSelect","/UserSelect.20250808_035420198.jpg","","","-999.99","1.77","-999.99","-999.99","689574ece3a1c300139c32bb"
"2025-08-08T03:54:35.231Z","45.8166339","-129.7542230","ASNAP","","admin","","","","","","","","","","","","-522065.55","-11118.54","-0.7","-6.2","167.68","2602.75","5.13","SciCam","/SciCam.20250808_035435231.jpg","PilotCam","/PilotCam.20250808_035435231.jpg","BrowCam","/BrowCam.20250808_035435231.jpg","UserSelect","/UserSelect.20250808_035435231.jpg","","","-999.99","1.80","-999.99","-999.99","689574fbe3a1c300139c32bf"
"2025-08-08T03:54:50.262Z","45.8165974","-129.7542181","ASNAP","","admin","","","","","","","","","","","","-522065.17","-11122.60","-0.9","-5.6","168.30","2599.96","7.99","SciCam","/SciCam.20250808_035450262.jpg","PilotCam","/PilotCam.20250808_035450262.jpg","BrowCam","/BrowCam.20250808_035450262.jpg","UserSelect","/UserSelect.20250808_035450262.jpg","","","-999.99","1.79","-999.99","-999.99","6895750ae3a1c300139c32c3"
"2025-08-08T03:55:05.296Z","45.8165970","-129.7542167","ASNAP","","admin","","","","","","","","","","","","-522065.06","-11122.64","-0.6","-6.1","168.15","2600.85","7.46","SciCam","/SciCam.20250808_035505296.jpg","PilotCam","/PilotCam.20250808_035505296.jpg","BrowCam","/BrowCam.20250808_035505296.jpg","UserSelect","/UserSelect.20250808_035505296.jpg","","","-999.99","1.85","-999.99","-999.99","68957519e3a1c300139c32c7"
"2025-08-08T03:55:20.329Z","45.8166007","-129.7542168","ASNAP","","admin","","","","","","","","","","","","-522065.07","-11122.23","-0.6","-7.1","168.58","2603.49","4.70","SciCam","/SciCam.20250808_035520329.jpg","PilotCam","/PilotCam.20250808_035520329.jpg","BrowCam","/BrowCam.20250808_035520329.jpg","UserSelect","/UserSelect.20250808_035520329.jpg","","","-999.99","1.81","-999.99","-999.99","68957528e3a1c300139c32cb"
"2025-08-08T03:55:30.439Z","45.8166043","-129.7542159","Biology Type","","guest","","","","Anemone","","","","","","","","-522065.00","-11121.83","-0.5","-6.7","168.38","2603.77","4.32","SciCam","/SciCam.20250808_035530439.jpg","PilotCam","/PilotCam.20250808_035530439.jpg","BrowCam","/BrowCam.20250808_035530439.jpg","UserSelect","/UserSelect.20250808_035530439.jpg","","","-999.99","1.78","-999.99","-999.99","68957532e3a1c300139c32cf"
"2025-08-08T03:55:35.362Z","45.8166065","-129.7542159","ASNAP","","admin","","","","","","","","","","","","-522065.00","-11121.59","-0.6","-7.0","168.42","2603.44","4.50","SciCam","/SciCam.20250808_035535362.jpg","PilotCam","/PilotCam.20250808_035535362.jpg","BrowCam","/BrowCam.20250808_035535362.jpg","UserSelect","/UserSelect.20250808_035535362.jpg","","","-999.99","1.82","-999.99","-999.99","68957537e3a1c300139c32d3"
"2025-08-08T03:55:50.393Z","45.8166116","-129.7542177","ASNAP","","admin","","","","","","","","","","","","-522065.14","-11121.02","-0.4","-6.3","167.97","2600.91","7.05","SciCam","/SciCam.20250808_035550393.jpg","PilotCam","/PilotCam.20250808_035550393.jpg","BrowCam","/BrowCam.20250808_035550393.jpg","UserSelect","/UserSelect.20250808_035550393.jpg","","","-999.99","1.73","-999.99","-999.99","68957546e3a1c300139c32d7"
"2025-08-08T03:56:05.425Z","45.8166203","-129.7542223","ASNAP","","admin","","","","","","","","","","","","-522065.50","-11120.05","-0.7","-6.7","167.86","2602.33","5.98","SciCam","/SciCam.20250808_035605425.jpg","PilotCam","/PilotCam.20250808_035605425.jpg","BrowCam","/BrowCam.20250808_035605425.jpg","UserSelect","/UserSelect.20250808_035605425.jpg","","","-999.99","1.82","-999.99","-999.99","68957555e3a1c300139c32db"
"2025-08-08T03:56:17.121Z","45.8166193","-129.7542230","Biology Type","","guest","","","","Sea cucumber","","","","","","","","-522065.55","-11120.17","-0.7","-6.4","168.63","2603.77","4.45","SciCam","/SciCam.20250808_035617121.jpg","PilotCam","/PilotCam.20250808_035617121.jpg","BrowCam","/BrowCam.20250808_035617121.jpg","UserSelect","/UserSelect.20250808_035617121.jpg","","","-999.99","1.80","-999.99","-999.99","68957561e3a1c300139c32df"
"2025-08-08T03:56:20.457Z","45.8166163","-129.7542212","ASNAP","","admin","","","","","","","","","","","","-522065.41","-11120.50","-0.5","-6.9","168.36","2604.00","4.17","SciCam","/SciCam.20250808_035620457.jpg","PilotCam","/PilotCam.20250808_035620457.jpg","BrowCam","/BrowCam.20250808_035620457.jpg","UserSelect","/UserSelect.20250808_035620457.jpg","","","-999.99","1.79","-999.99","-999.99","68957564e3a1c300139c32e3"
"2025-08-08T03:56:24.216Z","45.8166131","-129.7542199","Biology Type","","guest","","","","Seastar","","","","","","","","-522065.31","-11120.85","-0.5","-6.4","168.44","2604.21","3.91","SciCam","/SciCam.20250808_035624216.jpg","PilotCam","/PilotCam.20250808_035624216.jpg","BrowCam","/BrowCam.20250808_035624216.jpg","UserSelect","/UserSelect.20250808_035624216.jpg","","","-999.99","1.80","-999.99","-999.99","68957568e3a1c300139c32e7"
"2025-08-08T03:56:35.488Z","45.8166117","-129.7542174","ASNAP","","admin","","","","","","","","","","","","-522065.12","-11121.01","-0.2","-6.4","162.89","2604.22","3.86","SciCam","/SciCam.20250808_035635488.jpg","PilotCam","/PilotCam.20250808_035635488.jpg","BrowCam","/BrowCam.20250808_035635488.jpg","UserSelect","/UserSelect.20250808_035635488.jpg","","","-999.99","1.78","-999.99","-999.99","68957573e3a1c300139c32eb"
"2025-08-08T03:56:50.521Z","45.8166255","-129.7542145","ASNAP","","admin","","","","","","","","","","","","-522064.89","-11119.48","-0.3","-6.6","49.26","2604.15","3.91","SciCam","/SciCam.20250808_035650521.jpg","PilotCam","/PilotCam.20250808_035650521.jpg","BrowCam","/BrowCam.20250808_035650521.jpg","UserSelect","/UserSelect.20250808_035650521.jpg","","","-999.99","1.80","-999.99","-999.99","68957582e3a1c300139c32ef"
"2025-08-08T03:57:05.545Z","45.8166269","-129.7542092","ASNAP","","admin","","","","","","","","","","","","-522064.48","-11119.32","-2.3","-6.9","328.33","2604.23","3.94","SciCam","/SciCam.20250808_035705545.jpg","PilotCam","/PilotCam.20250808_035705545.jpg","BrowCam","/BrowCam.20250808_035705545.jpg","UserSelect","/UserSelect.20250808_035705545.jpg","","","-999.99","1.76","-999.99","-999.99","68957591e3a1c300139c32f3"
"2025-08-08T03:57:20.575Z","45.8166308","-129.7542096","ASNAP","","admin","","","","","","","","","","","","-522064.51","-11118.89","-0.5","-6.9","2.13","2604.14","4.01","SciCam","/SciCam.20250808_035720575.jpg","PilotCam","/PilotCam.20250808_035720575.jpg","BrowCam","/BrowCam.20250808_035720575.jpg","UserSelect","/UserSelect.20250808_035720575.jpg","","","-999.99","1.76","-999.99","-999.99","689575a0e3a1c300139c32f7"
"2025-08-08T03:57:35.597Z","45.8166281","-129.7542113","ASNAP","","admin","","","","","","","","","","","","-522064.64","-11119.19","-0.6","-6.8","1.93","2605.44","2.77","SciCam","/SciCam.20250808_035735597.jpg","PilotCam","/PilotCam.20250808_035735597.jpg","BrowCam","/BrowCam.20250808_035735597.jpg","UserSelect","/UserSelect.20250808_035735597.jpg","","","-999.99","1.80","-999.99","-999.99","689575afe3a1c300139c32fb"
"2025-08-08T03:57:50.629Z","45.8166215","-129.7542138","ASNAP","","admin","","","","","","","","","","","","-522064.84","-11119.92","-0.7","-6.9","1.90","2605.50","2.61","SciCam","/SciCam.20250808_035750629.jpg","PilotCam","/PilotCam.20250808_035750629.jpg","BrowCam","/BrowCam.20250808_035750629.jpg","UserSelect","/UserSelect.20250808_035750629.jpg","","","-999.99","1.80","-999.99","-999.99","689575bee3a1c300139c32ff"
"2025-08-08T03:58:05.660Z","45.8166135","-129.7542177","ASNAP","","admin","","","","","","","","","","","","-522065.14","-11120.81","-0.6","-6.9","1.88","2605.52","2.59","SciCam","/SciCam.20250808_035805660.jpg","PilotCam","/PilotCam.20250808_035805660.jpg","BrowCam","/BrowCam.20250808_035805660.jpg","UserSelect","/UserSelect.20250808_035805660.jpg","","","-999.99","1.80","-999.99","-999.99","689575cde3a1c300139c3303"
"2025-08-08T03:58:20.693Z","45.8166068","-129.7542211","ASNAP","","admin","","","","","","","","","","","","-522065.40","-11121.56","-0.8","-6.8","1.92","2605.51","2.64","SciCam","/SciCam.20250808_035820693.jpg","PilotCam","/PilotCam.20250808_035820693.jpg","BrowCam","/BrowCam.20250808_035820693.jpg","UserSelect","/UserSelect.20250808_035820693.jpg","","","-999.99","1.81","-999.99","-999.99","689575dce3a1c300139c3307"
"2025-08-08T03:58:35.723Z","45.8166092","-129.7542205","ASNAP","","admin","","","","","","","","","","","","-522065.36","-11121.29","-0.7","-6.8","1.22","2605.44","2.66","SciCam","/SciCam.20250808_035835723.jpg","PilotCam","/PilotCam.20250808_035835723.jpg","BrowCam","/BrowCam.20250808_035835723.jpg","UserSelect","/UserSelect.20250808_035835723.jpg","","","-999.99","1.80","-999.99","-999.99","689575ebe3a1c300139c330b"
"2025-08-08T03:58:50.756Z","45.8166101","-129.7542204","ASNAP","","admin","","","","","","","","","","","","-522065.35","-11121.19","-0.7","-6.8","2.20","2605.53","2.56","SciCam","/SciCam.20250808_035850756.jpg","PilotCam","/PilotCam.20250808_035850756.jpg","BrowCam","/BrowCam.20250808_035850756.jpg","UserSelect","/UserSelect.20250808_035850756.jpg","","","-999.99","1.80","-999.99","-999.99","689575fae3a1c300139c330f"
"2025-08-08T03:59:05.787Z","45.8166086","-129.7542199","ASNAP","","admin","","","","","","","","","","","","-522065.31","-11121.36","-0.8","-6.8","2.07","2605.51","2.64","SciCam","/SciCam.20250808_035905787.jpg","PilotCam","/PilotCam.20250808_035905787.jpg","BrowCam","/BrowCam.20250808_035905787.jpg","UserSelect","/UserSelect.20250808_035905787.jpg","","","-999.99","1.77","-999.99","-999.99","68957609e3a1c300139c3313"
"2025-08-08T03:59:20.819Z","45.8166084","-129.7542204","ASNAP","","admin","","","","","","","","","","","","-522065.35","-11121.38","-0.8","-6.8","1.87","2605.48","2.64","SciCam","/SciCam.20250808_035920819.jpg","PilotCam","/PilotCam.20250808_035920819.jpg","BrowCam","/BrowCam.20250808_035920819.jpg","UserSelect","/UserSelect.20250808_035920819.jpg","","","-999.99","1.79","-999.99","-999.99","68957618e3a1c300139c3317"
"2025-08-08T03:59:35.852Z","45.8166095","-129.7542205","ASNAP","","admin","","","","","","","","","","","","-522065.36","-11121.25","-0.9","-6.7","2.00","2605.49","2.61","SciCam","/SciCam.20250808_035935852.jpg","PilotCam","/PilotCam.20250808_035935852.jpg","BrowCam","/BrowCam.20250808_035935852.jpg","UserSelect","/UserSelect.20250808_035935852.jpg","","","-999.99","1.79","-999.99","-999.99","68957627e3a1c300139c331b"
"2025-08-08T03:59:50.884Z","45.8166169","-129.7542275","ASNAP","","admin","","","","","","","","","","","","-522065.90","-11120.43","-0.9","-6.8","357.33","2605.52","2.64","SciCam","/SciCam.20250808_035950884.jpg","PilotCam","/PilotCam.20250808_035950884.jpg","BrowCam","/BrowCam.20250808_035950884.jpg","UserSelect","/UserSelect.20250808_035950884.jpg","","","-999.99","1.80","-999.99","-999.99","68957636e3a1c300139c331f"
"2025-08-08T04:00:05.916Z","45.8166282","-129.7542316","ASNAP","","admin","","","","","","","","","","","","-522066.22","-11119.18","-0.8","-6.8","357.49","2605.50","2.64","SciCam","/SciCam.20250808_040005916.jpg","PilotCam","/PilotCam.20250808_040005916.jpg","BrowCam","/BrowCam.20250808_040005916.jpg","UserSelect","/UserSelect.20250808_040005916.jpg","","","-999.99","1.82","-999.99","-999.99","68957645e3a1c300139c3323"
"2025-08-08T04:00:20.947Z","45.8166410","-129.7542346","ASNAP","","admin","","","","","","","","","","","","-522066.45","-11117.75","-0.8","-6.7","357.44","2605.50","2.64","SciCam","/SciCam.20250808_040020947.jpg","PilotCam","/PilotCam.20250808_040020947.jpg","BrowCam","/BrowCam.20250808_040020947.jpg","UserSelect","/UserSelect.20250808_040020947.jpg","","","-999.99","1.80","-999.99","-999.99","68957654e3a1c300139c3327"
"2025-08-08T04:00:35.980Z","45.8166531","-129.7542385","ASNAP","","admin","","","","","","","","","","","","-522066.75","-11116.41","-0.8","-6.8","357.10","2605.49","2.64","SciCam","/SciCam.20250808_040035980.jpg","PilotCam","/PilotCam.20250808_040035980.jpg","BrowCam","/BrowCam.20250808_040035980.jpg","UserSelect","/UserSelect.20250808_040035980.jpg","","","-999.99","1.83","-999.99","-999.99","68957663e3a1c300139c332b"
"2025-08-08T04:00:51.009Z","45.8166658","-129.7542446","ASNAP","","admin","","","","","","","","","","","","-522067.23","-11115.00","-0.8","-6.8","357.70","2605.49","2.64","SciCam","/SciCam.20250808_040051009.jpg","PilotCam","/PilotCam.20250808_040051009.jpg","BrowCam","/BrowCam.20250808_040051009.jpg","UserSelect","/UserSelect.20250808_040051009.jpg","","","-999.99","1.79","-999.99","-999.99","68957673e3a1c300139c332f"
"2025-08-08T04:01:06.042Z","45.8166759","-129.7542541","ASNAP","","admin","","","","","","","","","","","","-522067.96","-11113.87","-0.8","-6.7","356.97","2605.50","2.64","SciCam","/SciCam.20250808_040106042.jpg","PilotCam","/PilotCam.20250808_040106042.jpg","BrowCam","/BrowCam.20250808_040106042.jpg","UserSelect","/UserSelect.20250808_040106042.jpg","","","-999.99","1.79","-999.99","-999.99","68957682e3a1c300139c3333"
"2025-08-08T04:01:21.071Z","45.8166867","-129.7542617","ASNAP","","admin","","","","","","","","","","","","-522068.55","-11112.67","-0.8","-6.6","357.25","2605.48","2.61","SciCam","/SciCam.20250808_040121071.jpg","PilotCam","/PilotCam.20250808_040121071.jpg","BrowCam","/BrowCam.20250808_040121071.jpg","UserSelect","/UserSelect.20250808_040121071.jpg","","","-999.99","1.79","-999.99","-999.99","68957691e3a1c300139c3337"
"2025-08-08T04:01:36.103Z","45.8166960","-129.7542678","ASNAP","","admin","","","","","","","","","","","","-522069.03","-11111.64","-0.8","-7.0","357.57","2605.52","2.59","SciCam","/SciCam.20250808_040136103.jpg","PilotCam","/PilotCam.20250808_040136103.jpg","BrowCam","/BrowCam.20250808_040136103.jpg","UserSelect","/UserSelect.20250808_040136103.jpg","","","-999.99","1.76","-999.99","-999.99","689576a0e3a1c300139c333b"
"2025-08-08T04:01:51.132Z","45.8167153","-129.7542624","ASNAP","","admin","","","","","","","","","","","","-522068.61","-11109.49","-0.7","-7.0","357.11","2605.53","2.54","SciCam","/SciCam.20250808_040151132.jpg","PilotCam","/PilotCam.20250808_040151132.jpg","BrowCam","/BrowCam.20250808_040151132.jpg","UserSelect","/UserSelect.20250808_040151132.jpg","","","-999.99","1.83","-999.99","-999.99","689576afe3a1c300139c333f"
"2025-08-08T04:01:52.000Z","","","SulisCam","","admin","","","","","","sulis_20250808040152.jpg","","","","","","","","","","","","","","","","","","","","","-6.949","-0.634","","","","","68964023e3a1c300139c755f"
"2025-08-08T04:02:06.159Z","45.8167229","-129.7542512","ASNAP","","admin","","","","","","","","","","","","-522067.74","-11108.65","-0.8","-6.7","356.10","2605.02","3.10","SciCam","/SciCam.20250808_040206159.jpg","PilotCam","/PilotCam.20250808_040206159.jpg","BrowCam","/BrowCam.20250808_040206159.jpg","UserSelect","/UserSelect.20250808_040206159.jpg","","","-999.99","1.78","-999.99","-999.99","689576bee3a1c300139c3343"
"2025-08-08T04:02:12.000Z","","","SulisCam","","admin","","","","","","sulis_20250808040212.jpg","","","","","","","","","","","","","","","","","","","","","-6.713","-1.080","","","","","68964023e3a1c300139c7561"
"2025-08-08T04:02:21.190Z","45.8167356","-129.7542271","ASNAP","","admin","","","","","","","","","","","","-522065.87","-11107.24","-0.5","-6.8","356.38","2605.22","2.87","SciCam","/SciCam.20250808_040221190.jpg","PilotCam","/PilotCam.20250808_040221190.jpg","BrowCam","/BrowCam.20250808_040221190.jpg","UserSelect","/UserSelect.20250808_040221190.jpg","","","-999.99","1.77","-999.99","-999.99","689576cde3a1c300139c3347"
"2025-08-08T04:02:29.223Z","45.8167381","-129.7542101","FREE_FORM","scouting","guest","","","","","","","","","","","","-522064.55","-11106.96","-0.8","-7.3","354.02","2605.07","3.07","SciCam","/SciCam.20250808_040229223.jpg","PilotCam","/PilotCam.20250808_040229223.jpg","BrowCam","/BrowCam.20250808_040229223.jpg","UserSelect","/UserSelect.20250808_040229223.jpg","","","-999.99","1.80","-999.99","-999.99","689576d5e3a1c300139c334b"
"2025-08-08T04:02:36.221Z","45.8167449","-129.7542000","ASNAP","","admin","","","","","","","","","","","","-522063.77","-11106.20","-0.7","-7.1","352.77","2605.12","3.04","SciCam","/SciCam.20250808_040236221.jpg","PilotCam","/PilotCam.20250808_040236221.jpg","BrowCam","/BrowCam.20250808_040236221.jpg","UserSelect","/UserSelect.20250808_040236221.jpg","","","-999.99","1.81","-999.99","-999.99","689576dce3a1c300139c334f"
"2025-08-08T04:02:43.000Z","","","SulisCam","","admin","","","","","","sulis_20250808040243.jpg","","","","","","","","","","","","","","","","","","","","","-6.892","-1.491","","","","","68964023e3a1c300139c7563"
"2025-08-08T04:02:51.252Z","45.8167493","-129.7541870","ASNAP","","admin","","","","","","","","","","","","-522062.76","-11105.72","-0.9","-7.0","11.25","2605.19","3.07","SciCam","/SciCam.20250808_040251252.jpg","PilotCam","/PilotCam.20250808_040251252.jpg","BrowCam","/BrowCam.20250808_040251252.jpg","UserSelect","/UserSelect.20250808_040251252.jpg","","","-999.99","1.80","-999.99","-999.99","689576ebe3a1c300139c3353"
"2025-08-08T04:03:06.286Z","45.8167503","-129.7541656","ASNAP","","admin","","","","","","","","","","","","-522061.10","-11105.61","-1.3","-6.6","5.15","2605.15","3.04","SciCam","/SciCam.20250808_040306286.jpg","PilotCam","/PilotCam.20250808_040306286.jpg","BrowCam","/BrowCam.20250808_040306286.jpg","UserSelect","/UserSelect.20250808_040306286.jpg","","","-999.99","1.78","-999.99","-999.99","689576fae3a1c300139c3357"
"2025-08-08T04:03:21.319Z","45.8167798","-129.7541757","ASNAP","","admin","","","","","","","","","","","","-522061.88","-11102.33","-1.0","-7.1","332.86","2605.10","3.04","SciCam","/SciCam.20250808_040321319.jpg","PilotCam","/PilotCam.20250808_040321319.jpg","BrowCam","/BrowCam.20250808_040321319.jpg","UserSelect","/UserSelect.20250808_040321319.jpg","","","-999.99","1.77","-999.99","-999.99","68957709e3a1c300139c335b"
"2025-08-08T04:03:25.000Z","","","SulisCam","","admin","","","","","","sulis_20250808040325.jpg","","","","","","","","","","","","","","","","","","","","","-6.580","-1.266","","","","","68964023e3a1c300139c7565"
"2025-08-08T04:03:36.354Z","45.8167933","-129.7541950","ASNAP","","admin","","","","","","","","","","","","-522063.38","-11100.82","-0.0","-6.8","325.66","2605.05","3.07","SciCam","/SciCam.20250808_040336354.jpg","PilotCam","/PilotCam.20250808_040336354.jpg","BrowCam","/BrowCam.20250808_040336354.jpg","UserSelect","/UserSelect.20250808_040336354.jpg","","","-999.99","1.81","-999.99","-999.99","68957718e3a1c300139c335f"
"2025-08-08T04:03:37.000Z","","","SulisCam","","admin","","","","","","sulis_20250808040337.jpg","","","","","","","","","","","","","","","","","","","","","-6.789","-0.085","","","","","68964023e3a1c300139c7567"
"2025-08-08T04:03:51.384Z","45.8168010","-129.7541931","ASNAP","","admin","","","","","","","","","","","","-522063.23","-11099.97","-1.0","-6.7","322.74","2605.00","3.10","SciCam","/SciCam.20250808_040351384.jpg","PilotCam","/PilotCam.20250808_040351384.jpg","BrowCam","/BrowCam.20250808_040351384.jpg","UserSelect","/UserSelect.20250808_040351384.jpg","","","-999.99","1.78","-999.99","-999.99","68957727e3a1c300139c3363"
"2025-08-08T04:04:06.411Z","45.8168227","-129.7541834","ASNAP","","admin","","","","","","","","","","","","-522062.48","-11097.56","-1.2","-7.1","323.23","2605.11","3.10","SciCam","/SciCam.20250808_040406411.jpg","PilotCam","/PilotCam.20250808_040406411.jpg","BrowCam","/BrowCam.20250808_040406411.jpg","UserSelect","/UserSelect.20250808_040406411.jpg","","","-999.99","1.79","-999.99","-999.99","68957736e3a1c300139c3367"
"2025-08-08T04:04:21.443Z","45.8168472","-129.7542058","ASNAP","","admin","","","","","","","","","","","","-522064.22","-11094.83","-0.7","-7.1","316.08","2605.00","3.12","SciCam","/SciCam.20250808_040421443.jpg","PilotCam","/PilotCam.20250808_040421443.jpg","BrowCam","/BrowCam.20250808_040421443.jpg","UserSelect","/UserSelect.20250808_040421443.jpg","","","-999.99","1.83","-999.99","-999.99","68957745e3a1c300139c336b"
"2025-08-08T04:04:25.000Z","","","SulisCam","","admin","","","","","","sulis_20250808040425.jpg","","","","","","","","","","","","","","","","","","","","","-6.777","-1.619","","","","","68964023e3a1c300139c7569"
"2025-08-08T04:04:36.474Z","45.8168703","-129.7542386","ASNAP","","admin","","","","","","","","","","","","-522066.76","-11092.27","-0.9","-6.9","310.92","2605.07","3.10","SciCam","/SciCam.20250808_040436474.jpg","PilotCam","/PilotCam.20250808_040436474.jpg","BrowCam","/BrowCam.20250808_040436474.jpg","UserSelect","/UserSelect.20250808_040436474.jpg","","","-999.99","1.79","-999.99","-999.99","68957754e3a1c300139c336f"
"2025-08-08T04:04:42.000Z","","","SulisCam","","admin","","","","","","sulis_20250808040442.jpg","","","","","","","","","","","","","","","","","","","","","-6.894","-0.562","","","","","68964023e3a1c300139c756b"
"2025-08-08T04:04:51.505Z","45.8168903","-129.7542636","ASNAP","","admin","","","","","","","","","","","","-522068.70","-11090.04","-0.6","-6.9","286.96","2605.03","3.10","SciCam","/SciCam.20250808_040451505.jpg","PilotCam","/PilotCam.20250808_040451505.jpg","BrowCam","/BrowCam.20250808_040451505.jpg","UserSelect","/UserSelect.20250808_040451505.jpg","","","-999.99","1.73","-999.99","-999.99","68957763e3a1c300139c3373"
"2025-08-08T04:05:06.535Z","45.8169001","-129.7542863","ASNAP","","admin","","","","","","","","","","","","-522070.46","-11088.96","-0.6","-7.0","245.75","2605.07","3.04","SciCam","/SciCam.20250808_040506535.jpg","PilotCam","/PilotCam.20250808_040506535.jpg","BrowCam","/BrowCam.20250808_040506535.jpg","UserSelect","/UserSelect.20250808_040506535.jpg","","","-999.99","1.78","-999.99","-999.99","68957772e3a1c300139c3377"
"2025-08-08T04:05:21.562Z","45.8169024","-129.7543146","ASNAP","","admin","","","","","","","","","","","","-522072.66","-11088.70","-0.5","-7.0","225.19","2604.99","3.12","SciCam","/SciCam.20250808_040521562.jpg","PilotCam","/PilotCam.20250808_040521562.jpg","BrowCam","/BrowCam.20250808_040521562.jpg","UserSelect","/UserSelect.20250808_040521562.jpg","","","-999.99","1.77","-999.99","-999.99","68957781e3a1c300139c337b"
"2025-08-08T04:05:32.000Z","","","SulisCam","","admin","","","","","","sulis_20250808040532.jpg","","","","","","","","","","","","","","","","","","","","","-7.094","-0.045","","","","","68964023e3a1c300139c756d"
"2025-08-08T04:05:36.593Z","45.8169053","-129.7543360","ASNAP","","admin","","","","","","","","","","","","-522074.32","-11088.38","-0.7","-7.2","189.48","2605.19","2.89","SciCam","/SciCam.20250808_040536593.jpg","PilotCam","/PilotCam.20250808_040536593.jpg","BrowCam","/BrowCam.20250808_040536593.jpg","UserSelect","/UserSelect.20250808_040536593.jpg","","","-999.99","1.78","-999.99","-999.99","68957790e3a1c300139c337f"
"2025-08-08T04:05:38.000Z","","","SulisCam","","admin","","","","","","sulis_20250808040538.jpg","","","","","","","","","","","","","","","","","","","","","-6.814","-0.812","","","","","68964023e3a1c300139c756f"
"2025-08-08T04:05:51.612Z","45.8169023","-129.7543585","ASNAP","","admin","","","","","","","","","","","","-522076.06","-11088.71","-0.9","-6.9","173.28","2605.26","2.74","SciCam","/SciCam.20250808_040551612.jpg","PilotCam","/PilotCam.20250808_040551612.jpg","BrowCam","/BrowCam.20250808_040551612.jpg","UserSelect","/UserSelect.20250808_040551612.jpg","","","-999.99","1.77","-999.99","-999.99","6895779fe3a1c300139c3383"
"2025-08-08T04:06:06.643Z","45.8168847","-129.7543935","ASNAP","","admin","","","","","","","","","","","","-522078.78","-11090.67","-0.7","-6.3","168.68","2605.10","2.97","SciCam","/SciCam.20250808_040606643.jpg","PilotCam","/PilotCam.20250808_040606643.jpg","BrowCam","/BrowCam.20250808_040606643.jpg","UserSelect","/UserSelect.20250808_040606643.jpg","","","-999.99","1.80","-999.99","-999.99","689577aee3a1c300139c3387"
"2025-08-08T04:06:21.674Z","45.8168689","-129.7544184","ASNAP","","admin","","","","","","","","","","","","-522080.71","-11092.42","-0.7","-6.5","183.52","2605.11","2.94","SciCam","/SciCam.20250808_040621674.jpg","PilotCam","/PilotCam.20250808_040621674.jpg","BrowCam","/BrowCam.20250808_040621674.jpg","UserSelect","/UserSelect.20250808_040621674.jpg","","","-999.99","1.79","-999.99","-999.99","689577bde3a1c300139c338b"
"2025-08-08T04:06:36.706Z","45.8168648","-129.7544352","ASNAP","","admin","","","","","","","","","","","","-522082.01","-11092.88","-0.5","-6.8","206.92","2605.18","2.89","SciCam","/SciCam.20250808_040636706.jpg","PilotCam","/PilotCam.20250808_040636706.jpg","BrowCam","/BrowCam.20250808_040636706.jpg","UserSelect","/UserSelect.20250808_040636706.jpg","","","-999.99","1.82","-999.99","-999.99","689577cce3a1c300139c338f"
"2025-08-08T04:06:41.000Z","","","SulisCam","","admin","","","","","","sulis_20250808040641.jpg","","","","","","","","","","","","","","","","","","","","","-6.843","-0.502","","","","","68964023e3a1c300139c7571"
"2025-08-08T04:06:51.737Z","45.8168597","-129.7544466","ASNAP","","admin","","","","","","","","","","","","-522082.90","-11093.45","-0.2","-6.7","185.11","2605.14","2.92","SciCam","/SciCam.20250808_040651737.jpg","PilotCam","/PilotCam.20250808_040651737.jpg","BrowCam","/BrowCam.20250808_040651737.jpg","UserSelect","/UserSelect.20250808_040651737.jpg","","","-999.99","1.80","-999.99","-999.99","689577dbe3a1c300139c3393"
"2025-08-08T04:07:06.769Z","45.8168518","-129.7544462","ASNAP","","admin","","","","","","","","","","","","-522082.87","-11094.32","-0.4","-6.3","135.67","2605.20","2.92","SciCam","/SciCam.20250808_040706769.jpg","PilotCam","/PilotCam.20250808_040706769.jpg","BrowCam","/BrowCam.20250808_040706769.jpg","UserSelect","/UserSelect.20250808_040706769.jpg","","","-999.99","1.81","-999.99","-999.99","689577eae3a1c300139c3397"
"2025-08-08T04:07:21.802Z","45.8168442","-129.7544410","ASNAP","","admin","","","","","","","","","","","","-522082.46","-11095.17","-0.6","-6.5","126.46","2605.58","2.46","SciCam","/SciCam.20250808_040721802.jpg","PilotCam","/PilotCam.20250808_040721802.jpg","BrowCam","/BrowCam.20250808_040721802.jpg","UserSelect","/UserSelect.20250808_040721802.jpg","","","-999.99","1.78","-999.99","-999.99","689577f9e3a1c300139c339b"
"2025-08-08T04:07:36.836Z","45.8168318","-129.7544223","ASNAP","","admin","","","","","","","","","","","","-522081.01","-11096.55","-0.7","-6.1","125.87","2605.41","2.64","SciCam","/SciCam.20250808_040736836.jpg","PilotCam","/PilotCam.20250808_040736836.jpg","BrowCam","/BrowCam.20250808_040736836.jpg","UserSelect","/UserSelect.20250808_040736836.jpg","","","-999.99","1.78","-999.99","-999.99","68957808e3a1c300139c339f"
"2025-08-08T04:07:51.867Z","45.8168226","-129.7544140","ASNAP","","admin","","","","","","","","","","","","-522080.37","-11097.57","-0.9","-6.4","126.04","2605.51","2.56","SciCam","/SciCam.20250808_040751867.jpg","PilotCam","/PilotCam.20250808_040751867.jpg","BrowCam","/BrowCam.20250808_040751867.jpg","UserSelect","/UserSelect.20250808_040751867.jpg","","","-999.99","1.82","-999.99","-999.99","68957817e3a1c300139c33a3"
"2025-08-08T04:08:06.899Z","45.8168108","-129.7543940","ASNAP","","admin","","","","","","","","","","","","-522078.82","-11098.88","-1.5","-6.2","111.64","2605.49","2.61","SciCam","/SciCam.20250808_040806899.jpg","PilotCam","/PilotCam.20250808_040806899.jpg","BrowCam","/BrowCam.20250808_040806899.jpg","UserSelect","/UserSelect.20250808_040806899.jpg","","","-999.99","1.80","-999.99","-999.99","68957826e3a1c300139c33a7"
"2025-08-08T04:08:21.929Z","45.8167986","-129.7543943","ASNAP","","admin","","","","","","","","","","","","-522078.84","-11100.24","-1.2","-6.5","93.57","2605.49","2.64","SciCam","/SciCam.20250808_040821929.jpg","PilotCam","/PilotCam.20250808_040821929.jpg","BrowCam","/BrowCam.20250808_040821929.jpg","UserSelect","/UserSelect.20250808_040821929.jpg","","","-999.99","1.80","-999.99","-999.99","68957835e3a1c300139c33ab"
"2025-08-08T04:08:36.963Z","45.8167895","-129.7543897","ASNAP","","admin","","","","","","","","","","","","-522078.48","-11101.25","-1.1","-6.4","89.23","2605.48","2.64","SciCam","/SciCam.20250808_040836963.jpg","PilotCam","/PilotCam.20250808_040836963.jpg","BrowCam","/BrowCam.20250808_040836963.jpg","UserSelect","/UserSelect.20250808_040836963.jpg","","","-999.99","1.83","-999.99","-999.99","68957844e3a1c300139c33af"
"2025-08-08T04:08:51.996Z","45.8167791","-129.7543797","ASNAP","","admin","","","","","","","","","","","","-522077.71","-11102.40","-0.9","-6.5","73.55","2605.47","2.61","SciCam","/SciCam.20250808_040851996.jpg","PilotCam","/PilotCam.20250808_040851996.jpg","BrowCam","/BrowCam.20250808_040851996.jpg","UserSelect","/UserSelect.20250808_040851996.jpg","","","-999.99","1.82","-999.99","-999.99","68957853e3a1c300139c33b3"
"2025-08-08T04:09:07.015Z","45.8167853","-129.7543828","ASNAP","","admin","","","","","","","","","","","","-522077.95","-11101.71","-1.1","-6.6","30.70","2605.47","2.64","SciCam","/SciCam.20250808_040907015.jpg","PilotCam","/PilotCam.20250808_040907015.jpg","BrowCam","/BrowCam.20250808_040907015.jpg","UserSelect","/UserSelect.20250808_040907015.jpg","","","-999.99","1.80","-999.99","-999.99","68957863e3a1c300139c33b7"
"2025-08-08T04:09:22.044Z","45.8168089","-129.7543795","ASNAP","","admin","","","","","","","","","","","","-522077.69","-11099.09","-1.2","-7.3","358.74","2605.54","2.59","SciCam","/SciCam.20250808_040922044.jpg","PilotCam","/PilotCam.20250808_040922044.jpg","BrowCam","/BrowCam.20250808_040922044.jpg","UserSelect","/UserSelect.20250808_040922044.jpg","","","-999.99","1.77","-999.99","-999.99","68957872e3a1c300139c33bb"
"2025-08-08T04:09:37.076Z","45.8168481","-129.7543904","ASNAP","","admin","","","","","","","","","","","","-522078.54","-11094.73","-1.4","-6.6","6.22","2605.45","2.69","SciCam","/SciCam.20250808_040937076.jpg","PilotCam","/PilotCam.20250808_040937076.jpg","BrowCam","/BrowCam.20250808_040937076.jpg","UserSelect","/UserSelect.20250808_040937076.jpg","","","-999.99","1.80","-999.99","-999.99","68957881e3a1c300139c33bf"
"2025-08-08T04:09:52.110Z","45.8168820","-129.7543958","ASNAP","","admin","","","","","","","","","","","","-522078.96","-11090.97","-0.9","-6.5","54.34","2605.45","2.64","SciCam","/SciCam.20250808_040952110.jpg","PilotCam","/PilotCam.20250808_040952110.jpg","BrowCam","/BrowCam.20250808_040952110.jpg","UserSelect","/UserSelect.20250808_040952110.jpg","","","-999.99","1.89","-999.99","-999.99","68957890e3a1c300139c33c3"
"2025-08-08T04:10:07.141Z","45.8169015","-129.7543748","ASNAP","","admin","","","","","","","","","","","","-522077.33","-11088.80","-0.4","-6.6","112.66","2605.40","2.64","SciCam","/SciCam.20250808_041007141.jpg","PilotCam","/PilotCam.20250808_041007141.jpg","BrowCam","/BrowCam.20250808_041007141.jpg","UserSelect","/UserSelect.20250808_041007141.jpg","","","-999.99","1.79","-999.99","-999.99","6895789fe3a1c300139c33c7"
"2025-08-08T04:10:22.171Z","45.8169162","-129.7543503","ASNAP","","admin","","","","","","","","","","","","-522075.43","-11087.17","-0.3","-6.2","138.00","2605.43","2.64","SciCam","/SciCam.20250808_041022171.jpg","PilotCam","/PilotCam.20250808_041022171.jpg","BrowCam","/BrowCam.20250808_041022171.jpg","UserSelect","/UserSelect.20250808_041022171.jpg","","","-999.99","1.75","-999.99","-999.99","689578aee3a1c300139c33cb"
"2025-08-08T04:10:37.202Z","45.8169137","-129.7543100","ASNAP","","admin","","","","","","","","","","","","-522072.30","-11087.44","-0.3","-6.3","144.95","2605.51","2.54","SciCam","/SciCam.20250808_041037202.jpg","PilotCam","/PilotCam.20250808_041037202.jpg","BrowCam","/BrowCam.20250808_041037202.jpg","UserSelect","/UserSelect.20250808_041037202.jpg","","","-999.99","1.81","-999.99","-999.99","689578bde3a1c300139c33cf"
"2025-08-08T04:10:52.234Z","45.8168907","-129.7542757","ASNAP","","admin","","","","","","","","","","","","-522069.64","-11090.00","-0.5","-6.5","146.76","2605.46","2.64","SciCam","/SciCam.20250808_041052234.jpg","PilotCam","/PilotCam.20250808_041052234.jpg","BrowCam","/BrowCam.20250808_041052234.jpg","UserSelect","/UserSelect.20250808_041052234.jpg","","","-999.99","1.81","-999.99","-999.99","689578cce3a1c300139c33d3"
"2025-08-08T04:11:07.265Z","45.8168712","-129.7542690","ASNAP","","admin","","","","","","","","","","","","-522069.12","-11092.17","-0.7","-6.3","154.81","2605.57","2.61","SciCam","/SciCam.20250808_041107265.jpg","PilotCam","/PilotCam.20250808_041107265.jpg","BrowCam","/BrowCam.20250808_041107265.jpg","UserSelect","/UserSelect.20250808_041107265.jpg","","","-999.99","1.78","-999.99","-999.99","689578dbe3a1c300139c33d7"
"2025-08-08T04:11:22.300Z","45.8168600","-129.7542645","ASNAP","","admin","","","","","","","","","","","","-522068.77","-11093.41","0.1","-6.3","157.09","2606.25","1.82","SciCam","/SciCam.20250808_041122300.jpg","PilotCam","/PilotCam.20250808_041122300.jpg","BrowCam","/BrowCam.20250808_041122300.jpg","UserSelect","/UserSelect.20250808_041122300.jpg","","","-999.99","1.79","-999.99","-999.99","689578eae3a1c300139c33db"
"2025-08-08T04:11:37.334Z","45.8168463","-129.7542579","ASNAP","","admin","","","","","","","","","","","","-522068.26","-11094.93","-0.1","-6.4","160.97","2605.95","2.18","SciCam","/SciCam.20250808_041137334.jpg","PilotCam","/PilotCam.20250808_041137334.jpg","BrowCam","/BrowCam.20250808_041137334.jpg","UserSelect","/UserSelect.20250808_041137334.jpg","","","-999.99","1.79","-999.99","-999.99","689578f9e3a1c300139c33df"
"2025-08-08T04:11:52.366Z","45.8168385","-129.7542493","ASNAP","","admin","","","","","","","","","","","","-522067.59","-11095.80","-0.5","-6.4","168.53","2606.05","2.08","SciCam","/SciCam.20250808_041152366.jpg","PilotCam","/PilotCam.20250808_041152366.jpg","BrowCam","/BrowCam.20250808_041152366.jpg","UserSelect","/UserSelect.20250808_041152366.jpg","","","-999.99","1.77","-999.99","-999.99","68957908e3a1c300139c33e3"
"2025-08-08T04:12:07.400Z","45.8168246","-129.7540630","ASNAP","","admin","","","","","","","","","","","","-522053.14","-11097.35","0.0","-6.0","166.80","2605.87","2.20","SciCam","/SciCam.20250808_041207400.jpg","PilotCam","/PilotCam.20250808_041207400.jpg","BrowCam","/BrowCam.20250808_041207400.jpg","UserSelect","/UserSelect.20250808_041207400.jpg","","","-999.99","1.78","-999.99","-999.99","68957917e3a1c300139c33e7"
"2025-08-08T04:12:22.423Z","45.8168248","-129.7540633","ASNAP","","admin","","","","","","","","","","","","-522053.16","-11097.32","-0.1","-6.7","168.54","2606.16","1.98","SciCam","/SciCam.20250808_041222423.jpg","PilotCam","/PilotCam.20250808_041222423.jpg","BrowCam","/BrowCam.20250808_041222423.jpg","UserSelect","/UserSelect.20250808_041222423.jpg","","","-999.99","1.81","-999.99","-999.99","68957926e3a1c300139c33eb"
"2025-08-08T04:12:37.456Z","45.8168199","-129.7540531","ASNAP","","admin","","","","","","","","","","","","-522052.37","-11097.87","-0.3","-6.3","166.44","2605.98","2.13","SciCam","/SciCam.20250808_041237456.jpg","PilotCam","/PilotCam.20250808_041237456.jpg","BrowCam","/BrowCam.20250808_041237456.jpg","UserSelect","/UserSelect.20250808_041237456.jpg","","","-999.99","1.77","-999.99","-999.99","68957935e3a1c300139c33ef"
"2025-08-08T04:12:52.490Z","45.8168200","-129.7540562","ASNAP","","admin","","","","","","","","","","","","-522052.61","-11097.86","-0.1","-6.4","166.96","2606.08","2.00","SciCam","/SciCam.20250808_041252490.jpg","PilotCam","/PilotCam.20250808_041252490.jpg","BrowCam","/BrowCam.20250808_041252490.jpg","UserSelect","/UserSelect.20250808_041252490.jpg","","","-999.99","1.81","-999.99","-999.99","68957944e3a1c300139c33f3"
"2025-08-08T04:13:07.523Z","45.8168200","-129.7540557","ASNAP","","admin","","","","","","","","","","","","-522052.57","-11097.86","-1.9","-6.2","166.57","2606.06","2.13","SciCam","/SciCam.20250808_041307523.jpg","PilotCam","/PilotCam.20250808_041307523.jpg","BrowCam","/BrowCam.20250808_041307523.jpg","UserSelect","/UserSelect.20250808_041307523.jpg","","","-999.99","1.80","-999.99","-999.99","68957953e3a1c300139c33fb"
"2025-08-08T04:13:22.554Z","45.8168201","-129.7540563","ASNAP","","admin","","","","","","","","","","","","-522052.62","-11097.85","-2.2","-6.7","167.18","2606.03","2.18","SciCam","/SciCam.20250808_041322554.jpg","PilotCam","/PilotCam.20250808_041322554.jpg","BrowCam","/BrowCam.20250808_041322554.jpg","UserSelect","/UserSelect.20250808_041322554.jpg","","","-999.99","1.78","-999.99","-999.99","68957962e3a1c300139c33ff"
"2025-08-08T04:13:37.586Z","45.8168203","-129.7540561","ASNAP","","admin","","","","","","","","","","","","-522052.60","-11097.82","-2.0","-6.9","166.94","2606.04","2.13","SciCam","/SciCam.20250808_041337586.jpg","PilotCam","/PilotCam.20250808_041337586.jpg","BrowCam","/BrowCam.20250808_041337586.jpg","UserSelect","/UserSelect.20250808_041337586.jpg","","","-999.99","1.75","-999.99","-999.99","68957971e3a1c300139c3403"
"2025-08-08T04:13:52.617Z","45.8168203","-129.7540561","ASNAP","","admin","","","","","","","","","","","","-522052.60","-11097.82","-1.8","-7.2","167.74","2606.04","2.18","SciCam","/SciCam.20250808_041352617.jpg","PilotCam","/PilotCam.20250808_041352617.jpg","BrowCam","/BrowCam.20250808_041352617.jpg","UserSelect","/UserSelect.20250808_041352617.jpg","","","-999.99","1.81","-999.99","-999.99","68957980e3a1c300139c3407"
"2025-08-08T04:14:07.648Z","45.8168202","-129.7540559","ASNAP","","admin","","","","","","","","","","","","-522052.59","-11097.84","-1.5","-7.0","167.04","2606.04","2.13","SciCam","/SciCam.20250808_041407648.jpg","PilotCam","/PilotCam.20250808_041407648.jpg","BrowCam","/BrowCam.20250808_041407648.jpg","UserSelect","/UserSelect.20250808_041407648.jpg","","","-999.99","1.80","-999.99","-999.99","6895798fe3a1c300139c340b"
"2025-08-08T04:14:22.682Z","45.8168203","-129.7540561","ASNAP","","admin","","","","","","","","","","","","-522052.60","-11097.82","-1.5","-7.1","167.40","2606.04","2.15","SciCam","/SciCam.20250808_041422682.jpg","PilotCam","/PilotCam.20250808_041422682.jpg","BrowCam","/BrowCam.20250808_041422682.jpg","UserSelect","/UserSelect.20250808_041422682.jpg","","","-999.99","1.79","-999.99","-999.99","6895799ee3a1c300139c340f"
"2025-08-08T04:14:37.715Z","45.8168203","-129.7540559","ASNAP","","admin","","","","","","","","","","","","-522052.59","-11097.82","-1.3","-7.0","166.99","2606.03","2.15","SciCam","/SciCam.20250808_041437715.jpg","PilotCam","/PilotCam.20250808_041437715.jpg","BrowCam","/BrowCam.20250808_041437715.jpg","UserSelect","/UserSelect.20250808_041437715.jpg","","","-999.99","1.79","-999.99","-999.99","689579ade3a1c300139c3413"
"2025-08-08T04:14:52.732Z","45.8168205","-129.7540562","ASNAP","","admin","","","","","","","","","","","","-522052.61","-11097.80","-0.7","-6.9","166.87","2606.04","2.10","SciCam","/SciCam.20250808_041452732.jpg","PilotCam","/PilotCam.20250808_041452732.jpg","BrowCam","/BrowCam.20250808_041452732.jpg","UserSelect","/UserSelect.20250808_041452732.jpg","","","-999.99","1.78","-999.99","-999.99","689579bce3a1c300139c3417"
"2025-08-08T04:15:07.763Z","45.8168244","-129.7540563","ASNAP","","admin","","","","","","","","","","","","-522052.62","-11097.37","-0.8","-6.6","165.92","2606.40","1.80","SciCam","/SciCam.20250808_041507763.jpg","PilotCam","/PilotCam.20250808_041507763.jpg","BrowCam","/BrowCam.20250808_041507763.jpg","UserSelect","/UserSelect.20250808_041507763.jpg","","","-999.99","1.93","-999.99","-999.99","689579cbe3a1c300139c341b"
"2025-08-08T04:15:22.795Z","45.8168254","-129.7540579","ASNAP","","admin","","","","","","","","","","","","-522052.74","-11097.26","-0.7","-6.2","168.52","2606.28","1.87","SciCam","/SciCam.20250808_041522795.jpg","PilotCam","/PilotCam.20250808_041522795.jpg","BrowCam","/BrowCam.20250808_041522795.jpg","UserSelect","/UserSelect.20250808_041522795.jpg","","","-999.99","1.79","-999.99","-999.99","689579dae3a1c300139c341f"
"2025-08-08T04:15:37.830Z","45.8168248","-129.7540541","ASNAP","","admin","","","","","","","","","","","","-522052.45","-11097.32","-0.9","-6.5","177.96","2606.31","1.87","SciCam","/SciCam.20250808_041537830.jpg","PilotCam","/PilotCam.20250808_041537830.jpg","BrowCam","/BrowCam.20250808_041537830.jpg","UserSelect","/UserSelect.20250808_041537830.jpg","","","-999.99","1.67","-999.99","-999.99","689579e9e3a1c300139c3423"
"2025-08-08T04:15:52.862Z","45.8168233","-129.7540507","ASNAP","","admin","","","","","","","","","","","","-522052.18","-11097.49","-0.8","-6.7","173.47","2606.30","1.85","SciCam","/SciCam.20250808_041552862.jpg","PilotCam","/PilotCam.20250808_041552862.jpg","BrowCam","/BrowCam.20250808_041552862.jpg","UserSelect","/UserSelect.20250808_041552862.jpg","","","-999.99","1.70","-999.99","-999.99","689579f8e3a1c300139c3427"
"2025-08-08T04:16:07.896Z","45.8168243","-129.7540535","ASNAP","","admin","","","","","","","","","","","","-522052.40","-11097.38","-1.7","-6.5","173.48","2606.33","1.87","SciCam","/SciCam.20250808_041607896.jpg","PilotCam","/PilotCam.20250808_041607896.jpg","BrowCam","/BrowCam.20250808_041607896.jpg","UserSelect","/UserSelect.20250808_041607896.jpg","","","-999.99","1.86","-999.99","-999.99","68957a07e3a1c300139c342b"
"2025-08-08T04:16:22.930Z","45.8168241","-129.7540532","ASNAP","","admin","","","","","","","","","","","","-522052.38","-11097.40","-1.9","-7.3","174.51","2606.29","1.95","SciCam","/SciCam.20250808_041622930.jpg","PilotCam","/PilotCam.20250808_041622930.jpg","BrowCam","/BrowCam.20250808_041622930.jpg","UserSelect","/UserSelect.20250808_041622930.jpg","","","-999.99","1.81","-999.99","-999.99","68957a16e3a1c300139c3433"
"2025-08-08T04:16:37.964Z","45.8168242","-129.7540534","ASNAP","","admin","","","","","","","","","","","","-522052.39","-11097.39","-1.7","-9.4","173.62","2606.35","1.92","SciCam","/SciCam.20250808_041637964.jpg","PilotCam","/PilotCam.20250808_041637964.jpg","BrowCam","/BrowCam.20250808_041637964.jpg","UserSelect","/UserSelect.20250808_041637964.jpg","","","-999.99","1.42","-999.99","-999.99","68957a25e3a1c300139c3437"
"2025-08-08T04:16:46.296Z","45.8168238","-129.7540540","ROV Actions","holding platform","guest","","","(Starboard) Manipulator in use","","","","","","","","","-522052.44","-11097.44","-1.1","-9.2","176.68","2606.51","1.80","SciCam","/SciCam.20250808_041646296.jpg","PilotCam","/PilotCam.20250808_041646296.jpg","BrowCam","/BrowCam.20250808_041646296.jpg","UserSelect","/UserSelect.20250808_041646296.jpg","","","-999.99","1.77","-999.99","-999.99","68957a2ee3a1c300139c343b"
"2025-08-08T04:16:52.999Z","45.8168241","-129.7540541","ASNAP","","admin","","","","","","","","","","","","-522052.45","-11097.40","-1.9","-10.0","175.76","2606.48","1.85","SciCam","/SciCam.20250808_041652999.jpg","PilotCam","/PilotCam.20250808_041652999.jpg","BrowCam","/BrowCam.20250808_041652999.jpg","UserSelect","/UserSelect.20250808_041652999.jpg","","","-999.99","1.75","-999.99","-999.99","68957a35e3a1c300139c343f"
"2025-08-08T04:17:08.028Z","45.8168243","-129.7540541","ASNAP","","admin","","","","","","","","","","","","-522052.45","-11097.38","-1.8","-10.0","175.55","2606.48","1.85","SciCam","/SciCam.20250808_041708028.jpg","PilotCam","/PilotCam.20250808_041708028.jpg","BrowCam","/BrowCam.20250808_041708028.jpg","UserSelect","/UserSelect.20250808_041708028.jpg","","","-999.99","1.82","-999.99","-999.99","68957a44e3a1c300139c3443"
"2025-08-08T04:17:21.651Z","45.8168245","-129.7540541","ROV Actions","removing dummy plug J5","guest","","","(Port) Manipulator in use","","","","","","","","","-522052.45","-11097.36","-1.0","-10.2","175.71","2606.45","1.85","SciCam","/SciCam.20250808_041721651.jpg","PilotCam","/PilotCam.20250808_041721651.jpg","BrowCam","/BrowCam.20250808_041721651.jpg","UserSelect","/UserSelect.20250808_041721651.jpg","","","-999.99","1.80","-999.99","-999.99","68957a51e3a1c300139c3447"
"2025-08-08T04:17:23.056Z","45.8168245","-129.7540541","ASNAP","","admin","","","","","","","","","","","","-522052.45","-11097.36","-1.1","-10.2","175.69","2606.45","1.85","SciCam","/SciCam.20250808_041723056.jpg","PilotCam","/PilotCam.20250808_041723056.jpg","BrowCam","/BrowCam.20250808_041723056.jpg","UserSelect","/UserSelect.20250808_041723056.jpg","","","-999.99","1.75","-999.99","-999.99","68957a53e3a1c300139c344b"
"2025-08-08T04:17:38.087Z","45.8168248","-129.7540543","ASNAP","","admin","","","","","","","","","","","","-522052.46","-11097.32","-1.2","-10.6","175.16","2606.44","1.90","SciCam","/SciCam.20250808_041738087.jpg","PilotCam","/PilotCam.20250808_041738087.jpg","BrowCam","/BrowCam.20250808_041738087.jpg","UserSelect","/UserSelect.20250808_041738087.jpg","","","-999.99","1.60","-999.99","-999.99","68957a62e3a1c300139c344f"
"2025-08-08T04:17:41.240Z","45.8168249","-129.7540543","Connection Status","J5","guest","","","","","","","Disconnected","","","","","-522052.46","-11097.31","-1.2","-10.4","175.76","2606.45","1.85","SciCam","/SciCam.20250808_041741240.jpg","PilotCam","/PilotCam.20250808_041741240.jpg","BrowCam","/BrowCam.20250808_041741240.jpg","UserSelect","/UserSelect.20250808_041741240.jpg","","","-999.99","1.80","-999.99","-999.99","68957a65e3a1c300139c3453"
"2025-08-08T04:17:53.115Z","45.8168251","-129.7540541","ASNAP","","admin","","","","","","","","","","","","-522052.45","-11097.29","-0.9","-10.0","175.68","2606.46","1.82","SciCam","/SciCam.20250808_041753115.jpg","PilotCam","/PilotCam.20250808_041753115.jpg","BrowCam","/BrowCam.20250808_041753115.jpg","UserSelect","/UserSelect.20250808_041753115.jpg","","","-999.99","1.76","-999.99","-999.99","68957a71e3a1c300139c3457"
"2025-08-08T04:18:08.148Z","45.8168253","-129.7540541","ASNAP","","admin","","","","","","","","","","","","-522052.45","-11097.27","0.2","-9.3","175.53","2606.47","1.77","SciCam","/SciCam.20250808_041808148.jpg","PilotCam","/PilotCam.20250808_041808148.jpg","BrowCam","/BrowCam.20250808_041808148.jpg","UserSelect","/UserSelect.20250808_041808148.jpg","","","-999.99","1.83","-999.99","-999.99","68957a80e3a1c300139c345b"
"2025-08-08T04:18:23.179Z","45.8168255","-129.7540541","ASNAP","","admin","","","","","","","","","","","","-522052.45","-11097.25","0.4","-9.4","175.49","2606.47","1.77","SciCam","/SciCam.20250808_041823179.jpg","PilotCam","/PilotCam.20250808_041823179.jpg","BrowCam","/BrowCam.20250808_041823179.jpg","UserSelect","/UserSelect.20250808_041823179.jpg","","","-999.99","1.70","-999.99","-999.99","68957a8fe3a1c300139c345f"
"2025-08-08T04:18:38.208Z","45.8168259","-129.7540545","ASNAP","","admin","","","","","","","","","","","","-522052.48","-11097.20","-0.6","-10.0","175.48","2606.46","1.82","SciCam","/SciCam.20250808_041838208.jpg","PilotCam","/PilotCam.20250808_041838208.jpg","BrowCam","/BrowCam.20250808_041838208.jpg","UserSelect","/UserSelect.20250808_041838208.jpg","","","-999.99","1.66","-999.99","-999.99","68957a9ee3a1c300139c3463"
"2025-08-08T04:18:53.229Z","45.8168260","-129.7540544","ASNAP","","admin","","","","","","","","","","","","-522052.47","-11097.19","-2.1","-10.1","175.74","2606.50","1.85","SciCam","/SciCam.20250808_041853229.jpg","PilotCam","/PilotCam.20250808_041853229.jpg","BrowCam","/BrowCam.20250808_041853229.jpg","UserSelect","/UserSelect.20250808_041853229.jpg","","","-999.99","1.87","-999.99","-999.99","68957aade3a1c300139c3467"
"2025-08-08T04:19:08.259Z","45.8168262","-129.7540545","ASNAP","","admin","","","","","","","","","","","","-522052.48","-11097.17","-1.9","-10.1","175.46","2606.49","1.82","SciCam","/SciCam.20250808_041908259.jpg","PilotCam","/PilotCam.20250808_041908259.jpg","BrowCam","/BrowCam.20250808_041908259.jpg","UserSelect","/UserSelect.20250808_041908259.jpg","","","-999.99","1.70","-999.99","-999.99","68957abce3a1c300139c346b"
"2025-08-08T04:19:23.294Z","45.8168263","-129.7540547","ASNAP","","admin","","","","","","","","","","","","-522052.49","-11097.16","-2.0","-10.0","175.61","2606.50","1.82","SciCam","/SciCam.20250808_041923294.jpg","PilotCam","/PilotCam.20250808_041923294.jpg","BrowCam","/BrowCam.20250808_041923294.jpg","UserSelect","/UserSelect.20250808_041923294.jpg","","","-999.99","1.74","-999.99","-999.99","68957acbe3a1c300139c346f"
"2025-08-08T04:19:38.325Z","45.8168243","-129.7540537","ASNAP","","admin","","","","","","","","","","","","-522052.42","-11097.38","-0.7","-7.2","173.26","2606.32","1.90","SciCam","/SciCam.20250808_041938325.jpg","PilotCam","/PilotCam.20250808_041938325.jpg","BrowCam","/BrowCam.20250808_041938325.jpg","UserSelect","/UserSelect.20250808_041938325.jpg","","","-999.99","1.79","-999.99","-999.99","68957adae3a1c300139c3473"
"2025-08-08T04:19:53.360Z","45.8168244","-129.7540534","ASNAP","","admin","","","","","","","","","","","","-522052.39","-11097.37","0.0","-6.6","173.89","2606.37","1.77","SciCam","/SciCam.20250808_041953360.jpg","PilotCam","/PilotCam.20250808_041953360.jpg","BrowCam","/BrowCam.20250808_041953360.jpg","UserSelect","/UserSelect.20250808_041953360.jpg","","","-999.99","1.74","-999.99","-999.99","68957ae9e3a1c300139c3477"
"2025-08-08T04:20:08.392Z","45.8168302","-129.7540577","ASNAP","","admin","","","","","","","","","","","","-522052.73","-11096.72","-0.2","-6.4","174.37","2605.98","2.10","SciCam","/SciCam.20250808_042008392.jpg","PilotCam","/PilotCam.20250808_042008392.jpg","BrowCam","/BrowCam.20250808_042008392.jpg","UserSelect","/UserSelect.20250808_042008392.jpg","","","-999.99","1.88","-999.99","-999.99","68957af8e3a1c300139c347b"
"2025-08-08T04:20:17.004Z","45.8168374","-129.7540580","FREE_FORM","moving back to old LV03A","guest","","","","","","","","","","","","-522052.75","-11095.92","1.0","-6.2","166.13","2606.26","1.92","SciCam","/SciCam.20250808_042017004.jpg","PilotCam","/PilotCam.20250808_042017004.jpg","BrowCam","/BrowCam.20250808_042017004.jpg","UserSelect","/UserSelect.20250808_042017004.jpg","","","-999.99","1.79","-999.99","-999.99","68957b01e3a1c300139c347f"
"2025-08-08T04:20:23.424Z","45.8168432","-129.7540574","ASNAP","","admin","","","","","","","","","","","","-522052.70","-11095.28","0.7","-6.2","135.20","2606.32","1.77","SciCam","/SciCam.20250808_042023424.jpg","PilotCam","/PilotCam.20250808_042023424.jpg","BrowCam","/BrowCam.20250808_042023424.jpg","UserSelect","/UserSelect.20250808_042023424.jpg","","","-999.99","1.82","-999.99","-999.99","68957b07e3a1c300139c3483"
"2025-08-08T04:20:31.684Z","45.8168477","-129.7540568","Biology Type","","guest","","","","Seastar","","","","","","","","-522052.66","-11094.78","-0.3","-6.3","109.48","2605.63","2.41","SciCam","/SciCam.20250808_042031684.jpg","PilotCam","/PilotCam.20250808_042031684.jpg","BrowCam","/BrowCam.20250808_042031684.jpg","UserSelect","/UserSelect.20250808_042031684.jpg","","","-999.99","1.80","-999.99","-999.99","68957b0fe3a1c300139c3487"
"2025-08-08T04:20:38.454Z","45.8168485","-129.7540492","ASNAP","","admin","","","","","","","","","","","","-522052.07","-11094.69","-0.9","-6.1","95.53","2605.48","2.71","SciCam","/SciCam.20250808_042038454.jpg","PilotCam","/PilotCam.20250808_042038454.jpg","BrowCam","/BrowCam.20250808_042038454.jpg","UserSelect","/UserSelect.20250808_042038454.jpg","","","-999.99","1.81","-999.99","-999.99","68957b16e3a1c300139c348b"
"2025-08-08T04:20:53.476Z","45.8168663","-129.7540241","ASNAP","","admin","","","","","","","","","","","","-522050.12","-11092.71","-1.6","-7.2","28.15","2605.77","2.43","SciCam","/SciCam.20250808_042053476.jpg","PilotCam","/PilotCam.20250808_042053476.jpg","BrowCam","/BrowCam.20250808_042053476.jpg","UserSelect","/UserSelect.20250808_042053476.jpg","","","-999.99","1.79","-999.99","-999.99","68957b25e3a1c300139c348f"
"2025-08-08T04:21:08.510Z","45.8168851","-129.7540394","ASNAP","","admin","","","","","","","","","","","","-522051.31","-11090.62","-0.8","-7.1","286.99","2605.59","2.64","SciCam","/SciCam.20250808_042108510.jpg","PilotCam","/PilotCam.20250808_042108510.jpg","BrowCam","/BrowCam.20250808_042108510.jpg","UserSelect","/UserSelect.20250808_042108510.jpg","","","-999.99","1.81","-999.99","-999.99","68957b34e3a1c300139c3493"
"2025-08-08T04:21:23.542Z","45.8168845","-129.7540684","ASNAP","","admin","","","","","","","","","","","","-522053.56","-11090.69","-1.6","-6.9","244.47","2605.72","2.54","SciCam","/SciCam.20250808_042123542.jpg","PilotCam","/PilotCam.20250808_042123542.jpg","BrowCam","/BrowCam.20250808_042123542.jpg","UserSelect","/UserSelect.20250808_042123542.jpg","","","-999.99","1.80","-999.99","-999.99","68957b43e3a1c300139c3497"
"2025-08-08T04:21:38.561Z","45.8168887","-129.7540883","ASNAP","","admin","","","","","","","","","","","","-522055.10","-11090.22","-0.1","-7.0","216.38","2605.63","2.54","SciCam","/SciCam.20250808_042138561.jpg","PilotCam","/PilotCam.20250808_042138561.jpg","BrowCam","/BrowCam.20250808_042138561.jpg","UserSelect","/UserSelect.20250808_042138561.jpg","","","-999.99","1.78","-999.99","-999.99","68957b52e3a1c300139c349b"
"2025-08-08T04:21:53.593Z","45.8168916","-129.7540954","ASNAP","","admin","","","","","","","","","","","","-522055.65","-11089.90","-0.3","-7.2","209.64","2605.70","2.48","SciCam","/SciCam.20250808_042153593.jpg","PilotCam","/PilotCam.20250808_042153593.jpg","BrowCam","/BrowCam.20250808_042153593.jpg","UserSelect","/UserSelect.20250808_042153593.jpg","","","-999.99","1.79","-999.99","-999.99","68957b61e3a1c300139c349f"
"2025-08-08T04:22:08.624Z","45.8169008","-129.7541463","ASNAP","","admin","","","","","","","","","","","","-522059.60","-11088.88","-0.4","-6.8","181.66","2605.64","2.51","SciCam","/SciCam.20250808_042208624.jpg","PilotCam","/PilotCam.20250808_042208624.jpg","BrowCam","/BrowCam.20250808_042208624.jpg","UserSelect","/UserSelect.20250808_042208624.jpg","","","-999.99","1.75","-999.99","-999.99","68957b70e3a1c300139c34a3"
"2025-08-08T04:22:23.648Z","45.8168556","-129.7541857","ASNAP","","admin","","","","","","","","","","","","-522062.66","-11093.90","-1.2","-7.3","158.28","2605.85","2.38","SciCam","/SciCam.20250808_042223648.jpg","PilotCam","/PilotCam.20250808_042223648.jpg","BrowCam","/BrowCam.20250808_042223648.jpg","UserSelect","/UserSelect.20250808_042223648.jpg","","","-999.99","1.76","-999.99","-999.99","68957b7fe3a1c300139c34a7"
"2025-08-08T04:22:38.681Z","45.8167918","-129.7541642","ASNAP","","admin","","","","","","","","","","","","-522060.99","-11100.99","-1.2","-6.4","134.97","2605.73","2.43","SciCam","/SciCam.20250808_042238681.jpg","PilotCam","/PilotCam.20250808_042238681.jpg","BrowCam","/BrowCam.20250808_042238681.jpg","UserSelect","/UserSelect.20250808_042238681.jpg","","","-999.99","1.84","-999.99","-999.99","68957b8ee3a1c300139c34ab"
"2025-08-08T04:22:53.713Z","45.8167583","-129.7541408","ASNAP","","admin","","","","","","","","","","","","-522059.17","-11104.72","-0.5","-5.8","110.97","2605.56","2.64","SciCam","/SciCam.20250808_042253713.jpg","PilotCam","/PilotCam.20250808_042253713.jpg","BrowCam","/BrowCam.20250808_042253713.jpg","UserSelect","/UserSelect.20250808_042253713.jpg","","","-999.99","1.83","-999.99","-999.99","68957b9de3a1c300139c34af"
"2025-08-08T04:23:08.746Z","45.8167476","-129.7541316","ASNAP","","admin","","","","","","","","","","","","-522058.46","-11105.90","-1.2","-6.1","87.04","2605.90","2.31","SciCam","/SciCam.20250808_042308746.jpg","PilotCam","/PilotCam.20250808_042308746.jpg","BrowCam","/BrowCam.20250808_042308746.jpg","UserSelect","/UserSelect.20250808_042308746.jpg","","","-999.99","1.81","-999.99","-999.99","68957bace3a1c300139c34b3"
"2025-08-08T04:23:23.766Z","45.8167477","-129.7541206","ASNAP","","admin","","","","","","","","","","","","-522057.61","-11105.89","-1.3","-6.6","77.88","2606.24","2.03","SciCam","/SciCam.20250808_042323766.jpg","PilotCam","/PilotCam.20250808_042323766.jpg","BrowCam","/BrowCam.20250808_042323766.jpg","UserSelect","/UserSelect.20250808_042323766.jpg","","","-999.99","1.68","-999.99","-999.99","68957bbbe3a1c300139c34b7"
"2025-08-08T04:23:30.477Z","45.8167478","-129.7541168","Biology Type","","guest","","","","Anemone","","","","","","","","-522057.31","-11105.88","-0.9","-6.6","77.02","2606.29","1.95","SciCam","/SciCam.20250808_042330477.jpg","PilotCam","/PilotCam.20250808_042330477.jpg","BrowCam","/BrowCam.20250808_042330477.jpg","UserSelect","/UserSelect.20250808_042330477.jpg","","","-999.99","1.86","-999.99","-999.99","68957bc2e3a1c300139c34bb"
"2025-08-08T04:23:37.621Z","45.8167463","-129.7541159","Biology Type","","guest","","","","Nudibranch","","","","","","","","-522057.24","-11106.05","-1.0","-6.5","76.04","2606.17","2.03","SciCam","/SciCam.20250808_042337621.jpg","PilotCam","/PilotCam.20250808_042337621.jpg","BrowCam","/BrowCam.20250808_042337621.jpg","UserSelect","/UserSelect.20250808_042337621.jpg","","","-999.99","1.67","-999.99","-999.99","68957bc9e3a1c300139c34bf"
"2025-08-08T04:23:38.797Z","45.8167462","-129.7541161","ASNAP","","admin","","","","","","","","","","","","-522057.26","-11106.06","-0.8","-6.3","76.47","2606.14","2.03","SciCam","/SciCam.20250808_042338797.jpg","PilotCam","/PilotCam.20250808_042338797.jpg","BrowCam","/BrowCam.20250808_042338797.jpg","UserSelect","/UserSelect.20250808_042338797.jpg","","","-999.99","1.84","-999.99","-999.99","68957bcae3a1c300139c34c3"
"2025-08-08T04:23:53.830Z","45.8167490","-129.7541174","ASNAP","","admin","","","","","","","","","","","","-522057.36","-11105.75","-1.1","-6.5","77.15","2606.27","1.98","SciCam","/SciCam.20250808_042353830.jpg","PilotCam","/PilotCam.20250808_042353830.jpg","BrowCam","/BrowCam.20250808_042353830.jpg","UserSelect","/UserSelect.20250808_042353830.jpg","","","-999.99","1.84","-999.99","-999.99","68957bd9e3a1c300139c34c7"
"2025-08-08T04:24:08.864Z","45.8167501","-129.7541197","ASNAP","","admin","","","","","","","","","","","","-522057.54","-11105.63","-1.7","-6.7","76.20","2606.20","2.08","SciCam","/SciCam.20250808_042408864.jpg","PilotCam","/PilotCam.20250808_042408864.jpg","BrowCam","/BrowCam.20250808_042408864.jpg","UserSelect","/UserSelect.20250808_042408864.jpg","","","-999.99","1.80","-999.99","-999.99","68957be8e3a1c300139c34cb"
"2025-08-08T04:24:23.896Z","45.8167496","-129.7541194","ASNAP","","admin","","","","","","","","","","","","-522057.51","-11105.68","-2.8","-7.5","76.76","2606.20","2.10","SciCam","/SciCam.20250808_042423896.jpg","PilotCam","/PilotCam.20250808_042423896.jpg","BrowCam","/BrowCam.20250808_042423896.jpg","UserSelect","/UserSelect.20250808_042423896.jpg","","","-999.99","1.78","-999.99","-999.99","68957bf7e3a1c300139c34cf"
"2025-08-08T04:24:38.928Z","45.8167500","-129.7541199","ASNAP","","admin","","","","","","","","","","","","-522057.55","-11105.64","-2.5","-7.6","76.55","2606.20","2.10","SciCam","/SciCam.20250808_042438928.jpg","PilotCam","/PilotCam.20250808_042438928.jpg","BrowCam","/BrowCam.20250808_042438928.jpg","UserSelect","/UserSelect.20250808_042438928.jpg","","","-999.99","1.78","-999.99","-999.99","68957c06e3a1c300139c34d3"
"2025-08-08T04:24:53.962Z","45.8167517","-129.7541191","ASNAP","","admin","","","","","","","","","","","","-522057.49","-11105.45","-1.1","-7.9","76.71","2606.22","2.10","SciCam","/SciCam.20250808_042453962.jpg","PilotCam","/PilotCam.20250808_042453962.jpg","BrowCam","/BrowCam.20250808_042453962.jpg","UserSelect","/UserSelect.20250808_042453962.jpg","","","-999.99","1.77","-999.99","-999.99","68957c15e3a1c300139c34d7"
"2025-08-08T04:25:08.992Z","45.8167528","-129.7541137","ASNAP","","admin","","","","","","","","","","","","-522057.07","-11105.33","-0.9","-7.1","76.91","2606.21","2.03","SciCam","/SciCam.20250808_042508992.jpg","PilotCam","/PilotCam.20250808_042508992.jpg","BrowCam","/BrowCam.20250808_042508992.jpg","UserSelect","/UserSelect.20250808_042508992.jpg","","","-999.99","1.79","-999.99","-999.99","68957c24e3a1c300139c34db"
"2025-08-08T04:25:24.020Z","45.8167533","-129.7541167","ASNAP","","admin","","","","","","","","","","","","-522057.30","-11105.27","-2.4","-7.3","76.69","2606.24","2.08","SciCam","/SciCam.20250808_042524020.jpg","PilotCam","/PilotCam.20250808_042524020.jpg","BrowCam","/BrowCam.20250808_042524020.jpg","UserSelect","/UserSelect.20250808_042524020.jpg","","","-999.99","1.78","-999.99","-999.99","68957c34e3a1c300139c34df"
"2025-08-08T04:25:24.394Z","45.8167533","-129.7541164","ROV Actions","holding platform","guest","","","(Starboard) Manipulator in use","","","","","","","","","-522057.28","-11105.27","-2.5","-7.3","76.89","2606.24","2.08","SciCam","/SciCam.20250808_042524394.jpg","PilotCam","/PilotCam.20250808_042524394.jpg","BrowCam","/BrowCam.20250808_042524394.jpg","UserSelect","/UserSelect.20250808_042524394.jpg","","","-999.99","1.78","-999.99","-999.99","68957c34e3a1c300139c34e2"
"2025-08-08T04:25:39.054Z","45.8167540","-129.7541186","ASNAP","","admin","","","","","","","","","","","","-522057.45","-11105.19","-0.2","-7.8","71.81","2606.12","2.15","SciCam","/SciCam.20250808_042539054.jpg","PilotCam","/PilotCam.20250808_042539054.jpg","BrowCam","/BrowCam.20250808_042539054.jpg","UserSelect","/UserSelect.20250808_042539054.jpg","","","-999.99","1.76","-999.99","-999.99","68957c43e3a1c300139c34e7"
"2025-08-08T04:25:54.085Z","45.8167530","-129.7541177","ASNAP","","admin","","","","","","","","","","","","-522057.38","-11105.30","-1.7","-8.8","79.37","2606.33","2.05","SciCam","/SciCam.20250808_042554085.jpg","PilotCam","/PilotCam.20250808_042554085.jpg","BrowCam","/BrowCam.20250808_042554085.jpg","UserSelect","/UserSelect.20250808_042554085.jpg","","","-999.99","1.79","-999.99","-999.99","68957c52e3a1c300139c34eb"
"2025-08-08T04:26:09.115Z","45.8167526","-129.7541174","ASNAP","","admin","","","","","","","","","","","","-522057.36","-11105.35","-2.1","-9.2","77.80","2606.33","2.08","SciCam","/SciCam.20250808_042609115.jpg","PilotCam","/PilotCam.20250808_042609115.jpg","BrowCam","/BrowCam.20250808_042609115.jpg","UserSelect","/UserSelect.20250808_042609115.jpg","","","-999.99","1.77","-999.99","-999.99","68957c61e3a1c300139c34ef"
"2025-08-08T04:26:20.982Z","45.8167527","-129.7541176","ROV Actions","removing cabled plug J5 from old LV03A","guest","","","(Port) Manipulator in use","","","","","","","","","-522057.37","-11105.34","-0.4","-9.6","77.05","2606.27","2.05","SciCam","/SciCam.20250808_042620982.jpg","PilotCam","/PilotCam.20250808_042620982.jpg","BrowCam","/BrowCam.20250808_042620982.jpg","UserSelect","/UserSelect.20250808_042620982.jpg","","","-999.99","1.82","-999.99","-999.99","68957c6ce3a1c300139c34f3"
"2025-08-08T04:26:24.150Z","45.8167528","-129.7541176","ASNAP","","admin","","","","","","","","","","","","-522057.37","-11105.33","-0.4","-9.4","77.46","2606.28","2.05","SciCam","/SciCam.20250808_042624150.jpg","PilotCam","/PilotCam.20250808_042624150.jpg","BrowCam","/BrowCam.20250808_042624150.jpg","UserSelect","/UserSelect.20250808_042624150.jpg","","","-999.99","1.78","-999.99","-999.99","68957c70e3a1c300139c34f7"
"2025-08-08T04:26:39.181Z","45.8167530","-129.7541178","ASNAP","","admin","","","","","","","","","","","","-522057.39","-11105.30","-0.2","-9.6","76.84","2606.26","2.08","SciCam","/SciCam.20250808_042639181.jpg","PilotCam","/PilotCam.20250808_042639181.jpg","BrowCam","/BrowCam.20250808_042639181.jpg","UserSelect","/UserSelect.20250808_042639181.jpg","","","-999.99","1.78","-999.99","-999.99","68957c7fe3a1c300139c34fb"
"2025-08-08T04:26:54.213Z","45.8167531","-129.7541177","ASNAP","","admin","","","","","","","","","","","","-522057.38","-11105.29","-0.3","-9.7","77.21","2606.26","2.08","SciCam","/SciCam.20250808_042654213.jpg","PilotCam","/PilotCam.20250808_042654213.jpg","BrowCam","/BrowCam.20250808_042654213.jpg","UserSelect","/UserSelect.20250808_042654213.jpg","","","-999.99","1.78","-999.99","-999.99","68957c8ee3a1c300139c34ff"
"2025-08-08T04:26:54.767Z","45.8167531","-129.7541176","Connection Status","old J5","guest","","","","","","","","Disconnected","","","","-522057.37","-11105.29","-0.5","-9.7","76.91","2606.27","2.05","SciCam","/SciCam.20250808_042654767.jpg","PilotCam","/PilotCam.20250808_042654767.jpg","BrowCam","/BrowCam.20250808_042654767.jpg","UserSelect","/UserSelect.20250808_042654767.jpg","","","-999.99","1.83","-999.99","-999.99","68957c8ee3a1c300139c3502"
"2025-08-08T04:27:09.235Z","45.8167530","-129.7541179","ASNAP","","admin","","","","","","","","","","","","-522057.40","-11105.30","-2.0","-10.2","76.64","2606.29","2.08","SciCam","/SciCam.20250808_042709235.jpg","PilotCam","/PilotCam.20250808_042709235.jpg","BrowCam","/BrowCam.20250808_042709235.jpg","UserSelect","/UserSelect.20250808_042709235.jpg","","","-999.99","1.76","-999.99","-999.99","68957c9de3a1c300139c3507"
"2025-08-08T04:27:24.263Z","45.8167532","-129.7541181","ASNAP","","admin","","","","","","","","","","","","-522057.41","-11105.28","-1.6","-9.7","76.38","2606.31","2.08","SciCam","/SciCam.20250808_042724263.jpg","PilotCam","/PilotCam.20250808_042724263.jpg","BrowCam","/BrowCam.20250808_042724263.jpg","UserSelect","/UserSelect.20250808_042724263.jpg","","","-999.99","1.80","-999.99","-999.99","68957cace3a1c300139c350b"
"2025-08-08T04:27:39.297Z","45.8167534","-129.7541181","ASNAP","","admin","","","","","","","","","","","","-522057.41","-11105.26","-1.5","-9.7","76.27","2606.31","2.05","SciCam","/SciCam.20250808_042739297.jpg","PilotCam","/PilotCam.20250808_042739297.jpg","BrowCam","/BrowCam.20250808_042739297.jpg","UserSelect","/UserSelect.20250808_042739297.jpg","","","-999.99","1.83","-999.99","-999.99","68957cbbe3a1c300139c350f"
"2025-08-08T04:27:54.328Z","45.8167534","-129.7541182","ASNAP","","admin","","","","","","","","","","","","-522057.42","-11105.26","-1.6","-9.7","75.79","2606.31","2.08","SciCam","/SciCam.20250808_042754328.jpg","PilotCam","/PilotCam.20250808_042754328.jpg","BrowCam","/BrowCam.20250808_042754328.jpg","UserSelect","/UserSelect.20250808_042754328.jpg","","","-999.99","1.81","-999.99","-999.99","68957ccae3a1c300139c3513"
"2025-08-08T04:28:09.362Z","45.8167535","-129.7541185","ASNAP","","admin","","","","","","","","","","","","-522057.44","-11105.25","-1.5","-9.6","75.51","2606.31","2.08","SciCam","/SciCam.20250808_042809362.jpg","PilotCam","/PilotCam.20250808_042809362.jpg","BrowCam","/BrowCam.20250808_042809362.jpg","UserSelect","/UserSelect.20250808_042809362.jpg","","","-999.99","1.79","-999.99","-999.99","68957cd9e3a1c300139c3517"
"2025-08-08T04:28:24.397Z","45.8167535","-129.7541172","ASNAP","","admin","","","","","","","","","","","","-522057.34","-11105.25","-1.9","-6.9","76.74","2606.30","2.05","SciCam","/SciCam.20250808_042824397.jpg","PilotCam","/PilotCam.20250808_042824397.jpg","BrowCam","/BrowCam.20250808_042824397.jpg","UserSelect","/UserSelect.20250808_042824397.jpg","","","-999.99","1.78","-999.99","-999.99","68957ce8e3a1c300139c351b"
"2025-08-08T04:28:39.430Z","45.8167528","-129.7541163","ASNAP","","admin","","","","","","","","","","","","-522057.27","-11105.33","-1.1","-7.0","77.59","2606.22","2.05","SciCam","/SciCam.20250808_042839430.jpg","PilotCam","/PilotCam.20250808_042839430.jpg","BrowCam","/BrowCam.20250808_042839430.jpg","UserSelect","/UserSelect.20250808_042839430.jpg","","","-999.99","1.79","-999.99","-999.99","68957cf7e3a1c300139c351f"
"2025-08-08T04:28:54.463Z","45.8167560","-129.7541212","ASNAP","","admin","","","","","","","","","","","","-522057.65","-11104.97","-1.5","-7.1","70.30","2606.17","2.08","SciCam","/SciCam.20250808_042854463.jpg","PilotCam","/PilotCam.20250808_042854463.jpg","BrowCam","/BrowCam.20250808_042854463.jpg","UserSelect","/UserSelect.20250808_042854463.jpg","","","-999.99","1.75","-999.99","-999.99","68957d06e3a1c300139c3523"
"2025-08-08T04:29:09.498Z","45.8167687","-129.7541341","ASNAP","","admin","","","","","","","","","","","","-522058.65","-11103.56","-1.2","-7.1","61.03","2606.23","2.03","SciCam","/SciCam.20250808_042909498.jpg","PilotCam","/PilotCam.20250808_042909498.jpg","BrowCam","/BrowCam.20250808_042909498.jpg","UserSelect","/UserSelect.20250808_042909498.jpg","","","-999.99","1.78","-999.99","-999.99","68957d15e3a1c300139c3527"
"2025-08-08T04:29:12.234Z","45.8167709","-129.7541341","FREE_FORM","heading back to new JV03A","guest","","","","","","","","","LV03A\n","","","-522058.65","-11103.32","-1.1","-7.1","60.94","2606.23","2.00","SciCam","/SciCam.20250808_042912234.jpg","PilotCam","/PilotCam.20250808_042912234.jpg","BrowCam","/BrowCam.20250808_042912234.jpg","UserSelect","/UserSelect.20250808_042912234.jpg","","","-999.99","1.77","-999.99","-999.99","68957d18e3a1c300139c352b"
"2025-08-08T04:29:24.529Z","45.8167854","-129.7541250","ASNAP","","admin","","","","","","","","","","","","-522057.95","-11101.70","-1.4","-7.1","57.12","2606.24","2.00","SciCam","/SciCam.20250808_042924529.jpg","PilotCam","/PilotCam.20250808_042924529.jpg","BrowCam","/BrowCam.20250808_042924529.jpg","UserSelect","/UserSelect.20250808_042924529.jpg","","","-999.99","1.78","-999.99","-999.99","68957d24e3a1c300139c352f"
"2025-08-08T04:29:39.560Z","45.8167996","-129.7541106","ASNAP","","admin","","","","","","","","","","","","-522056.83","-11100.13","-1.2","-7.4","55.21","2605.91","2.25","SciCam","/SciCam.20250808_042939560.jpg","PilotCam","/PilotCam.20250808_042939560.jpg","BrowCam","/BrowCam.20250808_042939560.jpg","UserSelect","/UserSelect.20250808_042939560.jpg","","","-999.99","1.84","-999.99","-999.99","68957d33e3a1c300139c3533"
"2025-08-08T04:29:54.591Z","45.8168010","-129.7541065","ASNAP","","admin","","","","","","","","","","","","-522056.51","-11099.97","-1.7","-7.4","45.45","2604.97","2.97","SciCam","/SciCam.20250808_042954591.jpg","PilotCam","/PilotCam.20250808_042954591.jpg","BrowCam","/BrowCam.20250808_042954591.jpg","UserSelect","/UserSelect.20250808_042954591.jpg","","","-999.99","1.78","-999.99","-999.99","68957d42e3a1c300139c3537"
"2025-08-08T04:30:09.624Z","45.8168057","-129.7540900","ASNAP","","admin","","","","","","","","","","","","-522055.23","-11099.45","-1.5","-7.0","63.62","2604.54","3.73","SciCam","/SciCam.20250808_043009624.jpg","PilotCam","/PilotCam.20250808_043009624.jpg","BrowCam","/BrowCam.20250808_043009624.jpg","UserSelect","/UserSelect.20250808_043009624.jpg","","","-999.99","1.71","-999.99","-999.99","68957d51e3a1c300139c353b"
"2025-08-08T04:30:24.658Z","45.8168148","-129.7540962","ASNAP","","admin","","","","","","","","","","","","-522055.71","-11098.44","-0.6","-7.0","113.20","2604.53","3.76","SciCam","/SciCam.20250808_043024658.jpg","PilotCam","/PilotCam.20250808_043024658.jpg","BrowCam","/BrowCam.20250808_043024658.jpg","UserSelect","/UserSelect.20250808_043024658.jpg","","","-999.99","1.77","-999.99","-999.99","68957d60e3a1c300139c353f"
"2025-08-08T04:30:39.692Z","45.8168283","-129.7540937","ASNAP","","admin","","","","","","","","","","","","-522055.52","-11096.94","-0.8","-6.8","140.71","2604.55","3.32","SciCam","/SciCam.20250808_043039692.jpg","PilotCam","/PilotCam.20250808_043039692.jpg","BrowCam","/BrowCam.20250808_043039692.jpg","UserSelect","/UserSelect.20250808_043039692.jpg","","","-999.99","1.76","-999.99","-999.99","68957d6fe3a1c300139c3543"
"2025-08-08T04:30:54.727Z","45.8168356","-129.7540750","ASNAP","","admin","","","","","","","","","","","","-522054.07","-11096.12","-1.5","-7.3","157.53","2604.64","3.68","SciCam","/SciCam.20250808_043054727.jpg","PilotCam","/PilotCam.20250808_043054727.jpg","BrowCam","/BrowCam.20250808_043054727.jpg","UserSelect","/UserSelect.20250808_043054727.jpg","","","-999.99","1.82","-999.99","-999.99","68957d7ee3a1c300139c3547"
"2025-08-08T04:31:09.762Z","45.8168370","-129.7540646","ASNAP","","admin","","","","","","","","","","","","-522053.26","-11095.97","-0.0","-6.9","163.11","2606.26","2.10","SciCam","/SciCam.20250808_043109762.jpg","PilotCam","/PilotCam.20250808_043109762.jpg","BrowCam","/BrowCam.20250808_043109762.jpg","UserSelect","/UserSelect.20250808_043109762.jpg","","","-999.99","1.80","-999.99","-999.99","68957d8de3a1c300139c354b"
"2025-08-08T04:31:24.794Z","45.8168368","-129.7540599","ASNAP","","admin","","","","","","","","","","","","-522052.90","-11095.99","0.0","-7.0","171.09","2606.52","1.69","SciCam","/SciCam.20250808_043124794.jpg","PilotCam","/PilotCam.20250808_043124794.jpg","BrowCam","/BrowCam.20250808_043124794.jpg","UserSelect","/UserSelect.20250808_043124794.jpg","","","-999.99","1.81","-999.99","-999.99","68957d9ce3a1c300139c354f"
"2025-08-08T04:31:39.827Z","45.8168349","-129.7540577","ASNAP","","admin","","","","","","","","","","","","-522052.73","-11096.20","-0.3","-7.3","164.52","2606.50","1.77","SciCam","/SciCam.20250808_043139827.jpg","PilotCam","/PilotCam.20250808_043139827.jpg","BrowCam","/BrowCam.20250808_043139827.jpg","UserSelect","/UserSelect.20250808_043139827.jpg","","","-999.99","1.79","-999.99","-999.99","68957dabe3a1c300139c3553"
"2025-08-08T04:31:54.860Z","45.8168354","-129.7540539","ASNAP","","admin","","","","","","","","","","","","-522052.43","-11096.15","-0.2","-7.0","166.36","2606.53","1.72","SciCam","/SciCam.20250808_043154860.jpg","PilotCam","/PilotCam.20250808_043154860.jpg","BrowCam","/BrowCam.20250808_043154860.jpg","UserSelect","/UserSelect.20250808_043154860.jpg","","","-999.99","1.78","-999.99","-999.99","68957dbae3a1c300139c3557"
"2025-08-08T04:32:04.881Z","45.8168364","-129.7540566","ROV Actions","holding new platform","guest","","","(Starboard) Manipulator in use","","","","","","","","","-522052.64","-11096.03","-1.4","-7.1","165.90","2606.48","1.77","SciCam","/SciCam.20250808_043204881.jpg","PilotCam","/PilotCam.20250808_043204881.jpg","BrowCam","/BrowCam.20250808_043204881.jpg","UserSelect","/UserSelect.20250808_043204881.jpg","","","-999.99","1.78","-999.99","-999.99","68957dc4e3a1c300139c355b"
"2025-08-08T04:32:09.892Z","45.8168361","-129.7540568","ASNAP","","admin","","","","","","","","","","","","-522052.66","-11096.07","-1.2","-7.2","164.97","2606.49","1.82","SciCam","/SciCam.20250808_043209892.jpg","PilotCam","/PilotCam.20250808_043209892.jpg","BrowCam","/BrowCam.20250808_043209892.jpg","UserSelect","/UserSelect.20250808_043209892.jpg","","","-999.99","1.81","-999.99","-999.99","68957dc9e3a1c300139c355f"
"2025-08-08T04:32:24.917Z","45.8168361","-129.7540567","ASNAP","","admin","","","","","","","","","","","","-522052.65","-11096.07","-1.5","-7.7","165.30","2606.48","1.85","SciCam","/SciCam.20250808_043224917.jpg","PilotCam","/PilotCam.20250808_043224917.jpg","BrowCam","/BrowCam.20250808_043224917.jpg","UserSelect","/UserSelect.20250808_043224917.jpg","","","-999.99","1.80","-999.99","-999.99","68957dd8e3a1c300139c3567"
"2025-08-08T04:32:39.950Z","45.8168365","-129.7540575","ASNAP","","admin","","","","","","","","","","","","-522052.71","-11096.02","-2.2","-8.2","166.71","2606.58","1.77","SciCam","/SciCam.20250808_043239950.jpg","PilotCam","/PilotCam.20250808_043239950.jpg","BrowCam","/BrowCam.20250808_043239950.jpg","UserSelect","/UserSelect.20250808_043239950.jpg","","","-999.99","1.78","-999.99","-999.99","68957de7e3a1c300139c356b"
"2025-08-08T04:32:54.980Z","45.8168365","-129.7540577","ASNAP","","admin","","","","","","","","","","","","-522052.73","-11096.02","-1.8","-8.5","166.66","2606.55","1.82","SciCam","/SciCam.20250808_043254980.jpg","PilotCam","/PilotCam.20250808_043254980.jpg","BrowCam","/BrowCam.20250808_043254980.jpg","UserSelect","/UserSelect.20250808_043254980.jpg","","","-999.99","1.83","-999.99","-999.99","68957df6e3a1c300139c356f"
"2025-08-08T04:33:10.011Z","45.8168367","-129.7540577","ASNAP","","admin","","","","","","","","","","","","-522052.73","-11096.00","-1.5","-8.5","166.60","2606.55","1.82","SciCam","/SciCam.20250808_043310011.jpg","PilotCam","/PilotCam.20250808_043310011.jpg","BrowCam","/BrowCam.20250808_043310011.jpg","UserSelect","/UserSelect.20250808_043310011.jpg","","","-999.99","1.76","-999.99","-999.99","68957e06e3a1c300139c3573"
"2025-08-08T04:33:14.892Z","45.8168368","-129.7540577","ROV Actions","plugging in cable J5","guest","","","(Port) Manipulator in use","","","","","","","","","-522052.73","-11095.99","-1.5","-8.8","166.69","2606.53","1.82","SciCam","/SciCam.20250808_043314892.jpg","PilotCam","/PilotCam.20250808_043314892.jpg","BrowCam","/BrowCam.20250808_043314892.jpg","UserSelect","/UserSelect.20250808_043314892.jpg","","","-999.99","1.80","-999.99","-999.99","68957e0ae3a1c300139c3577"
"2025-08-08T04:33:25.044Z","45.8168369","-129.7540577","ASNAP","","admin","","","","","","","","","","","","-522052.73","-11095.98","-1.6","-8.5","166.77","2606.55","1.80","SciCam","/SciCam.20250808_043325044.jpg","PilotCam","/PilotCam.20250808_043325044.jpg","BrowCam","/BrowCam.20250808_043325044.jpg","UserSelect","/UserSelect.20250808_043325044.jpg","","","-999.99","1.80","-999.99","-999.99","68957e15e3a1c300139c357b"
"2025-08-08T04:33:40.072Z","45.8168370","-129.7540580","ASNAP","","admin","","","","","","","","","","","","-522052.75","-11095.97","-1.2","-8.8","167.28","2606.53","1.82","SciCam","/SciCam.20250808_043340072.jpg","PilotCam","/PilotCam.20250808_043340072.jpg","BrowCam","/BrowCam.20250808_043340072.jpg","UserSelect","/UserSelect.20250808_043340072.jpg","","","-999.99","1.82","-999.99","-999.99","68957e24e3a1c300139c357f"
"2025-08-08T04:33:55.104Z","45.8168372","-129.7540583","ASNAP","","admin","","","","","","","","","","","","-522052.77","-11095.95","-1.3","-8.9","166.97","2606.53","1.82","SciCam","/SciCam.20250808_043355104.jpg","PilotCam","/PilotCam.20250808_043355104.jpg","BrowCam","/BrowCam.20250808_043355104.jpg","UserSelect","/UserSelect.20250808_043355104.jpg","","","-999.99","1.77","-999.99","-999.99","68957e33e3a1c300139c3583"
"2025-08-08T04:34:10.131Z","45.8168372","-129.7540583","ASNAP","","admin","","","","","","","","","","","","-522052.77","-11095.95","-2.1","-8.7","167.13","2606.55","1.82","SciCam","/SciCam.20250808_043410131.jpg","PilotCam","/PilotCam.20250808_043410131.jpg","BrowCam","/BrowCam.20250808_043410131.jpg","UserSelect","/UserSelect.20250808_043410131.jpg","","","-999.99","1.77","-999.99","-999.99","68957e42e3a1c300139c3587"
"2025-08-08T04:34:25.161Z","45.8168375","-129.7540584","ASNAP","","admin","","","","","","","","","","","","-522052.78","-11095.91","-1.1","-8.9","167.24","2606.53","1.82","SciCam","/SciCam.20250808_043425161.jpg","PilotCam","/PilotCam.20250808_043425161.jpg","BrowCam","/BrowCam.20250808_043425161.jpg","UserSelect","/UserSelect.20250808_043425161.jpg","","","-999.99","1.77","-999.99","-999.99","68957e51e3a1c300139c358b"
"2025-08-08T04:34:40.191Z","45.8168377","-129.7540583","ASNAP","","admin","","","","","","","","","","","","-522052.77","-11095.89","-0.9","-8.8","167.37","2606.52","1.82","SciCam","/SciCam.20250808_043440191.jpg","PilotCam","/PilotCam.20250808_043440191.jpg","BrowCam","/BrowCam.20250808_043440191.jpg","UserSelect","/UserSelect.20250808_043440191.jpg","","","-999.99","1.79","-999.99","-999.99","68957e60e3a1c300139c358f"
"2025-08-08T04:34:45.560Z","45.8168377","-129.7540584","Connection Status","J5","guest","","","","","","","","Connected","","","","-522052.78","-11095.89","-1.1","-9.2","167.13","2606.51","1.85","SciCam","/SciCam.20250808_043445560.jpg","PilotCam","/PilotCam.20250808_043445560.jpg","BrowCam","/BrowCam.20250808_043445560.jpg","UserSelect","/UserSelect.20250808_043445560.jpg","","","-999.99","1.78","-999.99","-999.99","68957e65e3a1c300139c3593"
"2025-08-08T04:34:55.220Z","45.8168379","-129.7540583","ASNAP","","admin","","","","","","","","","","","","-522052.77","-11095.87","-0.9","-9.2","167.30","2606.51","1.85","SciCam","/SciCam.20250808_043455220.jpg","PilotCam","/PilotCam.20250808_043455220.jpg","BrowCam","/BrowCam.20250808_043455220.jpg","UserSelect","/UserSelect.20250808_043455220.jpg","","","-999.99","1.81","-999.99","-999.99","68957e6fe3a1c300139c3597"
"2025-08-08T04:35:10.252Z","45.8168380","-129.7540593","ASNAP","","admin","","","","","","","","","","","","-522052.85","-11095.86","-1.9","-9.6","163.29","2606.53","1.90","SciCam","/SciCam.20250808_043510252.jpg","PilotCam","/PilotCam.20250808_043510252.jpg","BrowCam","/BrowCam.20250808_043510252.jpg","UserSelect","/UserSelect.20250808_043510252.jpg","","","-999.99","1.78","-999.99","-999.99","68957e7ee3a1c300139c359b"
"2025-08-08T04:35:25.282Z","45.8168379","-129.7540583","ASNAP","","admin","","","","","","","","","","","","-522052.77","-11095.87","-0.9","-9.5","167.70","2606.50","1.90","SciCam","/SciCam.20250808_043525282.jpg","PilotCam","/PilotCam.20250808_043525282.jpg","BrowCam","/BrowCam.20250808_043525282.jpg","UserSelect","/UserSelect.20250808_043525282.jpg","","","-999.99","1.78","-999.99","-999.99","68957e8de3a1c300139c359f"
"2025-08-08T04:35:40.314Z","45.8168381","-129.7540586","ASNAP","","admin","","","","","","","","","","","","-522052.80","-11095.85","-0.8","-9.5","166.60","2606.50","1.90","SciCam","/SciCam.20250808_043540314.jpg","PilotCam","/PilotCam.20250808_043540314.jpg","BrowCam","/BrowCam.20250808_043540314.jpg","UserSelect","/UserSelect.20250808_043540314.jpg","","","-999.99","1.77","-999.99","-999.99","68957e9ce3a1c300139c35a3"
"2025-08-08T04:35:55.343Z","45.8168383","-129.7540585","ASNAP","","admin","","","","","","","","","","","","-522052.79","-11095.82","-1.1","-9.5","166.82","2606.51","1.90","SciCam","/SciCam.20250808_043555343.jpg","PilotCam","/PilotCam.20250808_043555343.jpg","BrowCam","/BrowCam.20250808_043555343.jpg","UserSelect","/UserSelect.20250808_043555343.jpg","","","-999.99","1.81","-999.99","-999.99","68957eabe3a1c300139c35a7"
"2025-08-08T04:36:10.364Z","45.8168386","-129.7540583","ASNAP","","admin","","","","","","","","","","","","-522052.77","-11095.79","-0.9","-9.5","166.44","2606.50","1.90","SciCam","/SciCam.20250808_043610364.jpg","PilotCam","/PilotCam.20250808_043610364.jpg","BrowCam","/BrowCam.20250808_043610364.jpg","UserSelect","/UserSelect.20250808_043610364.jpg","","","-999.99","1.80","-999.99","-999.99","68957ebae3a1c300139c35ab"
"2025-08-08T04:36:25.398Z","45.8168387","-129.7540599","ASNAP","","admin","","","","","","","","","","","","-522052.90","-11095.78","-2.9","-10.2","163.29","2606.57","1.90","SciCam","/SciCam.20250808_043625398.jpg","PilotCam","/PilotCam.20250808_043625398.jpg","BrowCam","/BrowCam.20250808_043625398.jpg","UserSelect","/UserSelect.20250808_043625398.jpg","","","-999.99","1.80","-999.99","-999.99","68957ec9e3a1c300139c35af"
"2025-08-08T04:36:40.425Z","45.8168389","-129.7540577","ASNAP","","admin","","","","","","","","","","","","-522052.73","-11095.76","0.6","-8.9","167.91","2606.48","1.85","SciCam","/SciCam.20250808_043640425.jpg","PilotCam","/PilotCam.20250808_043640425.jpg","BrowCam","/BrowCam.20250808_043640425.jpg","UserSelect","/UserSelect.20250808_043640425.jpg","","","-999.99","1.76","-999.99","-999.99","68957ed8e3a1c300139c35b3"
"2025-08-08T04:36:55.457Z","45.8168389","-129.7540586","ASNAP","","admin","","","","","","","","","","","","-522052.80","-11095.76","-0.7","-9.7","165.56","2606.49","1.90","SciCam","/SciCam.20250808_043655457.jpg","PilotCam","/PilotCam.20250808_043655457.jpg","BrowCam","/BrowCam.20250808_043655457.jpg","UserSelect","/UserSelect.20250808_043655457.jpg","","","-999.99","1.79","-999.99","-999.99","68957ee7e3a1c300139c35b7"
"2025-08-08T04:37:10.490Z","45.8168391","-129.7540599","ASNAP","","admin","","","","","","","","","","","","-522052.90","-11095.73","-2.6","-10.7","163.20","2606.54","1.87","SciCam","/SciCam.20250808_043710490.jpg","PilotCam","/PilotCam.20250808_043710490.jpg","BrowCam","/BrowCam.20250808_043710490.jpg","UserSelect","/UserSelect.20250808_043710490.jpg","","","-999.99","1.78","-999.99","-999.99","68957ef6e3a1c300139c35bb"
"2025-08-08T04:37:25.524Z","45.8168396","-129.7540592","ASNAP","","admin","","","","","","","","","","","","-522052.84","-11095.68","-2.5","-10.7","164.98","2606.53","1.87","SciCam","/SciCam.20250808_043725524.jpg","PilotCam","/PilotCam.20250808_043725524.jpg","BrowCam","/BrowCam.20250808_043725524.jpg","UserSelect","/UserSelect.20250808_043725524.jpg","","","-999.99","1.79","-999.99","-999.99","68957f05e3a1c300139c35bf"
"2025-08-08T04:37:40.557Z","45.8168394","-129.7540585","ASNAP","","admin","","","","","","","","","","","","-522052.79","-11095.70","-0.4","-10.1","166.88","2606.47","1.92","SciCam","/SciCam.20250808_043740557.jpg","PilotCam","/PilotCam.20250808_043740557.jpg","BrowCam","/BrowCam.20250808_043740557.jpg","UserSelect","/UserSelect.20250808_043740557.jpg","","","-999.99","1.79","-999.99","-999.99","68957f14e3a1c300139c35c3"
"2025-08-08T04:37:55.588Z","45.8168397","-129.7540585","ASNAP","","admin","","","","","","","","","","","","-522052.79","-11095.67","-0.6","-9.9","166.45","2606.48","1.92","SciCam","/SciCam.20250808_043755588.jpg","PilotCam","/PilotCam.20250808_043755588.jpg","BrowCam","/BrowCam.20250808_043755588.jpg","UserSelect","/UserSelect.20250808_043755588.jpg","","","-999.99","1.79","-999.99","-999.99","68957f23e3a1c300139c35c7"
"2025-08-08T04:38:10.617Z","45.8168398","-129.7540586","ASNAP","","admin","","","","","","","","","","","","-522052.80","-11095.66","-0.8","-9.8","166.18","2606.49","1.90","SciCam","/SciCam.20250808_043810617.jpg","PilotCam","/PilotCam.20250808_043810617.jpg","BrowCam","/BrowCam.20250808_043810617.jpg","UserSelect","/UserSelect.20250808_043810617.jpg","","","-999.99","1.76","-999.99","-999.99","68957f32e3a1c300139c35cb"
"2025-08-08T04:38:25.648Z","45.8168406","-129.7540595","ASNAP","","admin","","","","","","","","","","","","-522052.87","-11095.57","-2.4","-11.0","164.67","2606.51","1.95","SciCam","/SciCam.20250808_043825648.jpg","PilotCam","/PilotCam.20250808_043825648.jpg","BrowCam","/BrowCam.20250808_043825648.jpg","UserSelect","/UserSelect.20250808_043825648.jpg","","","-999.99","1.80","-999.99","-999.99","68957f41e3a1c300139c35cf"
"2025-08-08T04:38:40.677Z","45.8168404","-129.7540588","ASNAP","","admin","","","","","","","","","","","","-522052.81","-11095.59","-1.1","-10.0","165.10","2606.51","1.92","SciCam","/SciCam.20250808_043840677.jpg","PilotCam","/PilotCam.20250808_043840677.jpg","BrowCam","/BrowCam.20250808_043840677.jpg","UserSelect","/UserSelect.20250808_043840677.jpg","","","-999.99","1.79","-999.99","-999.99","68957f50e3a1c300139c35d3"
"2025-08-08T04:38:55.701Z","45.8168403","-129.7540595","ASNAP","","admin","","","","","","","","","","","","-522052.87","-11095.60","-2.1","-9.8","164.39","2606.52","1.87","SciCam","/SciCam.20250808_043855701.jpg","PilotCam","/PilotCam.20250808_043855701.jpg","BrowCam","/BrowCam.20250808_043855701.jpg","UserSelect","/UserSelect.20250808_043855701.jpg","","","-999.99","1.77","-999.99","-999.99","68957f5fe3a1c300139c35d7"
"2025-08-08T04:39:10.730Z","45.8168405","-129.7540588","ASNAP","","admin","","","","","","","","","","","","-522052.81","-11095.58","-0.6","-9.7","165.23","2606.49","1.90","SciCam","/SciCam.20250808_043910730.jpg","PilotCam","/PilotCam.20250808_043910730.jpg","BrowCam","/BrowCam.20250808_043910730.jpg","UserSelect","/UserSelect.20250808_043910730.jpg","","","-999.99","1.79","-999.99","-999.99","68957f6ee3a1c300139c35db"
"2025-08-08T04:39:25.759Z","45.8168408","-129.7540590","ASNAP","","admin","","","","","","","","","","","","-522052.83","-11095.55","-0.7","-9.9","165.23","2606.49","1.95","SciCam","/SciCam.20250808_043925759.jpg","PilotCam","/PilotCam.20250808_043925759.jpg","BrowCam","/BrowCam.20250808_043925759.jpg","UserSelect","/UserSelect.20250808_043925759.jpg","","","-999.99","1.81","-999.99","-999.99","68957f7de3a1c300139c35df"
"2025-08-08T04:39:40.792Z","45.8168410","-129.7540588","ASNAP","","admin","","","","","","","","","","","","-522052.81","-11095.52","-0.8","-9.9","165.87","2606.49","1.92","SciCam","/SciCam.20250808_043940792.jpg","PilotCam","/PilotCam.20250808_043940792.jpg","BrowCam","/BrowCam.20250808_043940792.jpg","UserSelect","/UserSelect.20250808_043940792.jpg","","","-999.99","1.81","-999.99","-999.99","68957f8ce3a1c300139c35e3"
"2025-08-08T04:39:55.820Z","45.8168413","-129.7540593","ASNAP","","admin","","","","","","","","","","","","-522052.85","-11095.49","-2.4","-10.8","164.72","2606.53","1.95","SciCam","/SciCam.20250808_043955820.jpg","PilotCam","/PilotCam.20250808_043955820.jpg","BrowCam","/BrowCam.20250808_043955820.jpg","UserSelect","/UserSelect.20250808_043955820.jpg","","","-999.99","1.79","-999.99","-999.99","68957f9be3a1c300139c35e7"
"2025-08-08T04:40:10.842Z","45.8168414","-129.7540592","ASNAP","","admin","","","","","","","","","","","","-522052.84","-11095.48","-0.8","-10.4","165.12","2606.47","1.95","SciCam","/SciCam.20250808_044010842.jpg","PilotCam","/PilotCam.20250808_044010842.jpg","BrowCam","/BrowCam.20250808_044010842.jpg","UserSelect","/UserSelect.20250808_044010842.jpg","","","-999.99","1.80","-999.99","-999.99","68957faae3a1c300139c35eb"
"2025-08-08T04:40:25.874Z","45.8168416","-129.7540592","ASNAP","","admin","","","","","","","","","","","","-522052.84","-11095.46","-0.9","-10.2","165.67","2606.49","1.92","SciCam","/SciCam.20250808_044025874.jpg","PilotCam","/PilotCam.20250808_044025874.jpg","BrowCam","/BrowCam.20250808_044025874.jpg","UserSelect","/UserSelect.20250808_044025874.jpg","","","-999.99","1.75","-999.99","-999.99","68957fb9e3a1c300139c35ef"
"2025-08-08T04:40:40.907Z","45.8168416","-129.7540602","ASNAP","","admin","","","","","","","","","","","","-522052.92","-11095.46","-1.5","-9.8","163.23","2606.52","1.90","SciCam","/SciCam.20250808_044040907.jpg","PilotCam","/PilotCam.20250808_044040907.jpg","BrowCam","/BrowCam.20250808_044040907.jpg","UserSelect","/UserSelect.20250808_044040907.jpg","","","-999.99","1.75","-999.99","-999.99","68957fc8e3a1c300139c35f3"
"2025-08-08T04:40:55.941Z","45.8168420","-129.7540593","ASNAP","","admin","","","","","","","","","","","","-522052.85","-11095.41","-0.9","-10.2","165.44","2606.48","1.95","SciCam","/SciCam.20250808_044055941.jpg","PilotCam","/PilotCam.20250808_044055941.jpg","BrowCam","/BrowCam.20250808_044055941.jpg","UserSelect","/UserSelect.20250808_044055941.jpg","","","-999.99","1.81","-999.99","-999.99","68957fd7e3a1c300139c35f7"
"2025-08-08T04:41:10.973Z","45.8168419","-129.7540595","ASNAP","","admin","","","","","","","","","","","","-522052.87","-11095.42","-1.9","-10.0","165.73","2606.52","1.95","SciCam","/SciCam.20250808_044110973.jpg","PilotCam","/PilotCam.20250808_044110973.jpg","BrowCam","/BrowCam.20250808_044110973.jpg","UserSelect","/UserSelect.20250808_044110973.jpg","","","-999.99","1.77","-999.99","-999.99","68957fe6e3a1c300139c35fb"
"2025-08-08T04:41:26.006Z","45.8168420","-129.7540595","ASNAP","","admin","","","","","","","","","","","","-522052.87","-11095.41","-1.9","-10.0","165.35","2606.52","1.95","SciCam","/SciCam.20250808_044126006.jpg","PilotCam","/PilotCam.20250808_044126006.jpg","BrowCam","/BrowCam.20250808_044126006.jpg","UserSelect","/UserSelect.20250808_044126006.jpg","","","-999.99","1.77","-999.99","-999.99","68957ff6e3a1c300139c35ff"
"2025-08-08T04:41:41.036Z","45.8168421","-129.7540594","ASNAP","","admin","","","","","","","","","","","","-522052.86","-11095.40","-1.8","-10.0","165.64","2606.52","1.95","SciCam","/SciCam.20250808_044141036.jpg","PilotCam","/PilotCam.20250808_044141036.jpg","BrowCam","/BrowCam.20250808_044141036.jpg","UserSelect","/UserSelect.20250808_044141036.jpg","","","-999.99","1.79","-999.99","-999.99","68958005e3a1c300139c3603"
"2025-08-08T04:41:56.070Z","45.8168422","-129.7540595","ASNAP","","admin","","","","","","","","","","","","-522052.87","-11095.39","-2.0","-9.9","165.47","2606.53","1.95","SciCam","/SciCam.20250808_044156070.jpg","PilotCam","/PilotCam.20250808_044156070.jpg","BrowCam","/BrowCam.20250808_044156070.jpg","UserSelect","/UserSelect.20250808_044156070.jpg","","","-999.99","1.82","-999.99","-999.99","68958014e3a1c300139c3607"
"2025-08-08T04:42:11.098Z","45.8168423","-129.7540595","ASNAP","","admin","","","","","","","","","","","","-522052.87","-11095.38","-2.0","-9.8","165.69","2606.54","1.92","SciCam","/SciCam.20250808_044211098.jpg","PilotCam","/PilotCam.20250808_044211098.jpg","BrowCam","/BrowCam.20250808_044211098.jpg","UserSelect","/UserSelect.20250808_044211098.jpg","","","-999.99","1.79","-999.99","-999.99","68958023e3a1c300139c360b"
"2025-08-08T04:42:26.130Z","45.8168426","-129.7540595","ASNAP","","admin","","","","","","","","","","","","-522052.87","-11095.35","-2.0","-10.1","165.86","2606.52","1.95","SciCam","/SciCam.20250808_044226130.jpg","PilotCam","/PilotCam.20250808_044226130.jpg","BrowCam","/BrowCam.20250808_044226130.jpg","UserSelect","/UserSelect.20250808_044226130.jpg","","","-999.99","1.75","-999.99","-999.99","68958032e3a1c300139c360f"
"2025-08-08T04:42:41.163Z","45.8168383","-129.7540577","ASNAP","","admin","","","","","","","","","","","","-522052.73","-11095.82","-1.7","-8.0","161.36","2606.53","1.80","SciCam","/SciCam.20250808_044241163.jpg","PilotCam","/PilotCam.20250808_044241163.jpg","BrowCam","/BrowCam.20250808_044241163.jpg","UserSelect","/UserSelect.20250808_044241163.jpg","","","-999.99","1.82","-999.99","-999.99","68958041e3a1c300139c3613"
"2025-08-08T04:42:56.194Z","45.8168463","-129.7540733","ASNAP","","admin","","","","","","","","","","","","-522053.94","-11094.93","-0.4","-6.6","164.85","2606.45","1.87","SciCam","/SciCam.20250808_044256194.jpg","PilotCam","/PilotCam.20250808_044256194.jpg","BrowCam","/BrowCam.20250808_044256194.jpg","UserSelect","/UserSelect.20250808_044256194.jpg","","","-999.99","1.80","-999.99","-999.99","68958050e3a1c300139c3617"
"2025-08-08T04:43:11.225Z","45.8168540","-129.7540883","ASNAP","","admin","","","","","","","","","","","","-522055.10","-11094.08","-0.7","-6.9","164.59","2606.53","1.75","SciCam","/SciCam.20250808_044311225.jpg","PilotCam","/PilotCam.20250808_044311225.jpg","BrowCam","/BrowCam.20250808_044311225.jpg","UserSelect","/UserSelect.20250808_044311225.jpg","","","-999.99","1.80","-999.99","-999.99","6895805fe3a1c300139c361b"
"2025-08-08T04:43:26.256Z","45.8168530","-129.7540898","ASNAP","","admin","","","","","","","","","","","","-522055.22","-11094.19","-0.5","-6.5","164.90","2606.55","1.75","SciCam","/SciCam.20250808_044326256.jpg","PilotCam","/PilotCam.20250808_044326256.jpg","BrowCam","/BrowCam.20250808_044326256.jpg","UserSelect","/UserSelect.20250808_044326256.jpg","","","-999.99","1.79","-999.99","-999.99","6895806ee3a1c300139c361f"
"2025-08-08T04:43:41.278Z","45.8168412","-129.7540876","ASNAP","","admin","","","","","","","","","","","","-522055.05","-11095.50","-0.4","-6.4","167.15","2606.50","1.77","SciCam","/SciCam.20250808_044341278.jpg","PilotCam","/PilotCam.20250808_044341278.jpg","BrowCam","/BrowCam.20250808_044341278.jpg","UserSelect","/UserSelect.20250808_044341278.jpg","","","-999.99","1.80","-999.99","-999.99","6895807de3a1c300139c3623"
"2025-08-08T04:43:56.311Z","45.8168329","-129.7540807","ASNAP","","admin","","","","","","","","","","","","-522054.51","-11096.42","0.0","-6.4","174.44","2605.52","2.64","SciCam","/SciCam.20250808_044356311.jpg","PilotCam","/PilotCam.20250808_044356311.jpg","BrowCam","/BrowCam.20250808_044356311.jpg","UserSelect","/UserSelect.20250808_044356311.jpg","","","-999.99","1.79","-999.99","-999.99","6895808ce3a1c300139c3627"
"2025-08-08T04:44:11.345Z","45.8168251","-129.7540571","ASNAP","","admin","","","","","","","","","","","","-522052.68","-11097.29","0.0","-7.0","214.94","2605.36","2.97","SciCam","/SciCam.20250808_044411345.jpg","PilotCam","/PilotCam.20250808_044411345.jpg","BrowCam","/BrowCam.20250808_044411345.jpg","UserSelect","/UserSelect.20250808_044411345.jpg","","","-999.99","1.78","-999.99","-999.99","6895809be3a1c300139c362b"
"2025-08-08T04:44:26.377Z","45.8168165","-129.7540402","ASNAP","","admin","","","","","","","","","","","","-522051.37","-11098.25","-0.5","-7.3","280.04","2605.30","3.04","SciCam","/SciCam.20250808_044426377.jpg","PilotCam","/PilotCam.20250808_044426377.jpg","BrowCam","/BrowCam.20250808_044426377.jpg","UserSelect","/UserSelect.20250808_044426377.jpg","","","-999.99","1.80","-999.99","-999.99","689580aae3a1c300139c362f"
"2025-08-08T04:44:41.409Z","45.8167984","-129.7540360","ASNAP","","admin","","","","","","","","","","","","-522051.04","-11100.26","-0.8","-7.4","323.54","2604.79","3.48","SciCam","/SciCam.20250808_044441409.jpg","PilotCam","/PilotCam.20250808_044441409.jpg","BrowCam","/BrowCam.20250808_044441409.jpg","UserSelect","/UserSelect.20250808_044441409.jpg","","","-999.99","1.76","-999.99","-999.99","689580b9e3a1c300139c3633"
"2025-08-08T04:44:56.435Z","45.8167969","-129.7540438","ASNAP","","admin","","","","","","","","","","","","-522051.65","-11100.43","-1.2","-7.1","329.43","2605.27","3.20","SciCam","/SciCam.20250808_044456435.jpg","PilotCam","/PilotCam.20250808_044456435.jpg","BrowCam","/BrowCam.20250808_044456435.jpg","UserSelect","/UserSelect.20250808_044456435.jpg","","","-999.99","1.78","-999.99","-999.99","689580c8e3a1c300139c3637"
"2025-08-08T04:45:11.467Z","45.8167984","-129.7540440","ASNAP","","admin","","","","","","","","","","","","-522051.66","-11100.26","-1.5","-7.4","331.94","2606.08","2.46","SciCam","/SciCam.20250808_044511467.jpg","PilotCam","/PilotCam.20250808_044511467.jpg","BrowCam","/BrowCam.20250808_044511467.jpg","UserSelect","/UserSelect.20250808_044511467.jpg","","","-999.99","1.78","-999.99","-999.99","689580d7e3a1c300139c363b"
"2025-08-08T04:45:26.500Z","45.8167996","-129.7540469","ASNAP","","admin","","","","","","","","","","","","-522051.89","-11100.13","-1.4","-7.3","336.38","2606.58","1.85","SciCam","/SciCam.20250808_044526500.jpg","PilotCam","/PilotCam.20250808_044526500.jpg","BrowCam","/BrowCam.20250808_044526500.jpg","UserSelect","/UserSelect.20250808_044526500.jpg","","","-999.99","1.83","-999.99","-999.99","689580e6e3a1c300139c363f"
"2025-08-08T04:45:41.532Z","45.8167982","-129.7540443","ASNAP","","admin","","","","","","","","","","","","-522051.69","-11100.28","-1.2","-7.2","335.79","2606.61","1.82","SciCam","/SciCam.20250808_044541532.jpg","PilotCam","/PilotCam.20250808_044541532.jpg","BrowCam","/BrowCam.20250808_044541532.jpg","UserSelect","/UserSelect.20250808_044541532.jpg","","","-999.99","1.79","-999.99","-999.99","689580f5e3a1c300139c3643"
"2025-08-08T04:45:56.565Z","45.8167989","-129.7540469","ASNAP","","admin","","","","","","","","","","","","-522051.89","-11100.20","-1.2","-7.3","335.26","2606.41","2.00","SciCam","/SciCam.20250808_044556565.jpg","PilotCam","/PilotCam.20250808_044556565.jpg","BrowCam","/BrowCam.20250808_044556565.jpg","UserSelect","/UserSelect.20250808_044556565.jpg","","","-999.99","1.78","-999.99","-999.99","68958104e3a1c300139c3647"
"2025-08-08T04:46:05.426Z","45.8167989","-129.7540464","ROV Actions","removing dummy plug J1","guest","","","(Port) Manipulator in use","","","","","","","","","-522051.85","-11100.20","0.4","-7.7","335.83","2606.51","1.80","SciCam","/SciCam.20250808_044605426.jpg","PilotCam","/PilotCam.20250808_044605426.jpg","BrowCam","/BrowCam.20250808_044605426.jpg","UserSelect","/UserSelect.20250808_044605426.jpg","","","-999.99","1.79","-999.99","-999.99","6895810de3a1c300139c364b"
"2025-08-08T04:46:11.596Z","45.8167990","-129.7540469","ASNAP","","admin","","","","","","","","","","","","-522051.89","-11100.19","0.1","-7.4","336.26","2606.53","1.77","SciCam","/SciCam.20250808_044611596.jpg","PilotCam","/PilotCam.20250808_044611596.jpg","BrowCam","/BrowCam.20250808_044611596.jpg","UserSelect","/UserSelect.20250808_044611596.jpg","","","-999.99","1.77","-999.99","-999.99","68958113e3a1c300139c364f"
"2025-08-08T04:46:26.628Z","45.8167993","-129.7540463","ASNAP","","admin","","","","","","","","","","","","-522051.84","-11100.16","-1.3","-7.5","335.82","2606.51","1.90","SciCam","/SciCam.20250808_044626628.jpg","PilotCam","/PilotCam.20250808_044626628.jpg","BrowCam","/BrowCam.20250808_044626628.jpg","UserSelect","/UserSelect.20250808_044626628.jpg","","","-999.99","1.81","-999.99","-999.99","68958122e3a1c300139c3653"
"2025-08-08T04:46:41.659Z","45.8167924","-129.7540496","ASNAP","","admin","","","","","","","","","","","","-522052.10","-11100.93","0.0","-7.2","310.54","2606.33","1.98","SciCam","/SciCam.20250808_044641659.jpg","PilotCam","/PilotCam.20250808_044641659.jpg","BrowCam","/BrowCam.20250808_044641659.jpg","UserSelect","/UserSelect.20250808_044641659.jpg","","","-999.99","1.80","-999.99","-999.99","68958131e3a1c300139c3657"
"2025-08-08T04:46:56.688Z","45.8167789","-129.7540441","ASNAP","","admin","","","","","","","","","","","","-522051.67","-11102.43","-0.4","-7.6","281.53","2605.69","2.66","SciCam","/SciCam.20250808_044656688.jpg","PilotCam","/PilotCam.20250808_044656688.jpg","BrowCam","/BrowCam.20250808_044656688.jpg","UserSelect","/UserSelect.20250808_044656688.jpg","","","-999.99","1.80","-999.99","-999.99","68958140e3a1c300139c365b"
"2025-08-08T04:47:11.714Z","45.8167772","-129.7540535","ASNAP","","admin","","","","","","","","","","","","-522052.40","-11102.61","-0.3","-7.2","258.60","2606.41","2.05","SciCam","/SciCam.20250808_044711714.jpg","PilotCam","/PilotCam.20250808_044711714.jpg","BrowCam","/BrowCam.20250808_044711714.jpg","UserSelect","/UserSelect.20250808_044711714.jpg","","","-999.99","1.84","-999.99","-999.99","6895814fe3a1c300139c365f"
"2025-08-08T04:47:24.282Z","45.8167781","-129.7540556","Connection Status","J1","guest","","","","","","","Disconnected","","","","","-522052.56","-11102.51","-2.2","-7.1","258.38","2606.39","2.00","SciCam","/SciCam.20250808_044724282.jpg","PilotCam","/PilotCam.20250808_044724282.jpg","BrowCam","/BrowCam.20250808_044724282.jpg","UserSelect","/UserSelect.20250808_044724282.jpg","","","-999.99","1.80","-999.99","-999.99","6895815ce3a1c300139c3663"
"2025-08-08T04:47:26.748Z","45.8167785","-129.7540553","ASNAP","","admin","","","","","","","","","","","","-522052.54","-11102.47","-2.4","-7.3","258.89","2606.33","2.05","SciCam","/SciCam.20250808_044726748.jpg","PilotCam","/PilotCam.20250808_044726748.jpg","BrowCam","/BrowCam.20250808_044726748.jpg","UserSelect","/UserSelect.20250808_044726748.jpg","","","-999.99","1.79","-999.99","-999.99","6895815ee3a1c300139c3667"
"2025-08-08T04:47:41.781Z","45.8167789","-129.7540519","ASNAP","","admin","","","","","","","","","","","","-522052.28","-11102.43","-1.9","-12.3","254.30","2606.29","2.28","SciCam","/SciCam.20250808_044741781.jpg","PilotCam","/PilotCam.20250808_044741781.jpg","BrowCam","/BrowCam.20250808_044741781.jpg","UserSelect","/UserSelect.20250808_044741781.jpg","","","-999.99","1.77","-999.99","-999.99","6895816de3a1c300139c366b"
"2025-08-08T04:47:41.955Z","45.8167789","-129.7540519","ROV Actions","removing cabled J1","guest","","","(Port) Manipulator in use","","","","","","","","","-522052.28","-11102.43","-1.9","-12.3","254.30","2606.29","2.28","SciCam","/SciCam.20250808_044741955.jpg","PilotCam","/PilotCam.20250808_044741955.jpg","BrowCam","/BrowCam.20250808_044741955.jpg","UserSelect","/UserSelect.20250808_044741955.jpg","","","-999.99","1.77","-999.99","-999.99","6895816de3a1c300139c366e"
"2025-08-08T04:47:56.812Z","45.8167787","-129.7540535","ASNAP","","admin","","","","","","","","","","","","-522052.40","-11102.45","-2.5","-12.3","257.46","2606.61","2.00","SciCam","/SciCam.20250808_044756812.jpg","PilotCam","/PilotCam.20250808_044756812.jpg","BrowCam","/BrowCam.20250808_044756812.jpg","UserSelect","/UserSelect.20250808_044756812.jpg","","","-999.99","1.79","-999.99","-999.99","6895817ce3a1c300139c3673"
"2025-08-08T04:48:11.845Z","45.8167788","-129.7540535","ASNAP","","admin","","","","","","","","","","","","-522052.40","-11102.44","-1.8","-12.1","257.70","2606.61","1.95","SciCam","/SciCam.20250808_044811845.jpg","PilotCam","/PilotCam.20250808_044811845.jpg","BrowCam","/BrowCam.20250808_044811845.jpg","UserSelect","/UserSelect.20250808_044811845.jpg","","","-999.99","1.77","-999.99","-999.99","6895818be3a1c300139c3677"
"2025-08-08T04:48:26.878Z","45.8167791","-129.7540535","ASNAP","","admin","","","","","","","","","","","","-522052.40","-11102.40","-2.3","-12.1","258.11","2606.63","1.98","SciCam","/SciCam.20250808_044826878.jpg","PilotCam","/PilotCam.20250808_044826878.jpg","BrowCam","/BrowCam.20250808_044826878.jpg","UserSelect","/UserSelect.20250808_044826878.jpg","","","-999.99","1.80","-999.99","-999.99","6895819ae3a1c300139c367b"
"2025-08-08T04:48:41.907Z","45.8167801","-129.7540541","ASNAP","","admin","","","","","","","","","","","","-522052.45","-11102.29","-2.5","-8.6","253.72","2606.80","1.75","SciCam","/SciCam.20250808_044841907.jpg","PilotCam","/PilotCam.20250808_044841907.jpg","BrowCam","/BrowCam.20250808_044841907.jpg","UserSelect","/UserSelect.20250808_044841907.jpg","","","-999.99","1.80","-999.99","-999.99","689581a9e3a1c300139c367f"
"2025-08-08T04:48:56.941Z","45.8167868","-129.7540602","ASNAP","","admin","","","","","","","","","","","","-522052.92","-11101.55","-0.7","-7.1","260.93","2606.56","1.77","SciCam","/SciCam.20250808_044856941.jpg","PilotCam","/PilotCam.20250808_044856941.jpg","BrowCam","/BrowCam.20250808_044856941.jpg","UserSelect","/UserSelect.20250808_044856941.jpg","","","-999.99","1.77","-999.99","-999.99","689581b8e3a1c300139c3683"
"2025-08-08T04:49:11.972Z","45.8167940","-129.7540449","ASNAP","","admin","","","","","","","","","","","","-522051.73","-11100.75","-1.8","-7.4","301.57","2606.60","1.87","SciCam","/SciCam.20250808_044911972.jpg","PilotCam","/PilotCam.20250808_044911972.jpg","BrowCam","/BrowCam.20250808_044911972.jpg","UserSelect","/UserSelect.20250808_044911972.jpg","","","-999.99","1.79","-999.99","-999.99","689581c7e3a1c300139c3687"
"2025-08-08T04:49:19.685Z","45.8167999","-129.7540431","ROV Actions","plugging cabled J1 into new LV03A","guest","","","(Port) Manipulator in use","","","","","","","","","-522051.59","-11100.09","-1.4","-7.9","329.14","2606.86","1.54","SciCam","/SciCam.20250808_044919685.jpg","PilotCam","/PilotCam.20250808_044919685.jpg","BrowCam","/BrowCam.20250808_044919685.jpg","UserSelect","/UserSelect.20250808_044919685.jpg","","","-999.99","1.75","-999.99","-999.99","689581cfe3a1c300139c368b"
"2025-08-08T04:49:27.002Z","45.8168009","-129.7540473","ASNAP","","admin","","","","","","","","","","","","-522051.92","-11099.98","-0.9","-7.6","337.33","2606.75","1.59","SciCam","/SciCam.20250808_044927002.jpg","PilotCam","/PilotCam.20250808_044927002.jpg","BrowCam","/BrowCam.20250808_044927002.jpg","UserSelect","/UserSelect.20250808_044927002.jpg","","","-999.99","1.77","-999.99","-999.99","689581d7e3a1c300139c368f"
"2025-08-08T04:49:42.031Z","45.8168008","-129.7540458","ASNAP","","admin","","","","","","","","","","","","-522051.80","-11099.99","-2.2","-8.3","334.85","2606.66","1.75","SciCam","/SciCam.20250808_044942031.jpg","PilotCam","/PilotCam.20250808_044942031.jpg","BrowCam","/BrowCam.20250808_044942031.jpg","UserSelect","/UserSelect.20250808_044942031.jpg","","","-999.99","1.80","-999.99","-999.99","689581e6e3a1c300139c3693"
"2025-08-08T04:49:57.060Z","45.8168007","-129.7540460","ASNAP","","admin","","","","","","","","","","","","-522051.82","-11100.00","-2.6","-8.6","335.30","2606.68","1.75","SciCam","/SciCam.20250808_044957060.jpg","PilotCam","/PilotCam.20250808_044957060.jpg","BrowCam","/BrowCam.20250808_044957060.jpg","UserSelect","/UserSelect.20250808_044957060.jpg","","","-999.99","1.78","-999.99","-999.99","689581f5e3a1c300139c3697"
"2025-08-08T04:50:12.084Z","45.8168008","-129.7540461","ASNAP","","admin","","","","","","","","","","","","-522051.83","-11099.99","-2.2","-8.6","335.43","2606.67","1.77","SciCam","/SciCam.20250808_045012084.jpg","PilotCam","/PilotCam.20250808_045012084.jpg","BrowCam","/BrowCam.20250808_045012084.jpg","UserSelect","/UserSelect.20250808_045012084.jpg","","","-999.99","1.79","-999.99","-999.99","68958204e3a1c300139c369b"
"2025-08-08T04:50:27.115Z","45.8168011","-129.7540463","ASNAP","","admin","","","","","","","","","","","","-522051.84","-11099.96","-1.8","-8.2","335.99","2606.67","1.77","SciCam","/SciCam.20250808_045027115.jpg","PilotCam","/PilotCam.20250808_045027115.jpg","BrowCam","/BrowCam.20250808_045027115.jpg","UserSelect","/UserSelect.20250808_045027115.jpg","","","-999.99","1.76","-999.99","-999.99","68958213e3a1c300139c369f"
"2025-08-08T04:50:42.143Z","45.8168012","-129.7540463","ASNAP","","admin","","","","","","","","","","","","-522051.84","-11099.95","-1.8","-7.9","335.80","2606.69","1.72","SciCam","/SciCam.20250808_045042143.jpg","PilotCam","/PilotCam.20250808_045042143.jpg","BrowCam","/BrowCam.20250808_045042143.jpg","UserSelect","/UserSelect.20250808_045042143.jpg","","","-999.99","1.81","-999.99","-999.99","68958222e3a1c300139c36a3"
"2025-08-08T04:50:57.174Z","45.8168012","-129.7540456","ASNAP","","admin","","","","","","","","","","","","-522051.79","-11099.95","-1.8","-8.2","334.26","2606.67","1.75","SciCam","/SciCam.20250808_045057174.jpg","PilotCam","/PilotCam.20250808_045057174.jpg","BrowCam","/BrowCam.20250808_045057174.jpg","UserSelect","/UserSelect.20250808_045057174.jpg","","","-999.99","1.81","-999.99","-999.99","68958231e3a1c300139c36a7"
"2025-08-08T04:51:12.203Z","45.8168015","-129.7540463","ASNAP","","admin","","","","","","","","","","","","-522051.84","-11099.91","-1.8","-8.1","336.04","2606.68","1.72","SciCam","/SciCam.20250808_045112203.jpg","PilotCam","/PilotCam.20250808_045112203.jpg","BrowCam","/BrowCam.20250808_045112203.jpg","UserSelect","/UserSelect.20250808_045112203.jpg","","","-999.99","1.78","-999.99","-999.99","68958240e3a1c300139c36ab"
"2025-08-08T04:51:27.234Z","45.8168017","-129.7540461","ASNAP","","admin","","","","","","","","","","","","-522051.83","-11099.89","-1.0","-8.1","334.25","2606.65","1.75","SciCam","/SciCam.20250808_045127234.jpg","PilotCam","/PilotCam.20250808_045127234.jpg","BrowCam","/BrowCam.20250808_045127234.jpg","UserSelect","/UserSelect.20250808_045127234.jpg","","","-999.99","1.78","-999.99","-999.99","6895824fe3a1c300139c36af"
"2025-08-08T04:51:42.266Z","45.8168021","-129.7540461","ASNAP","","admin","","","","","","","","","","","","-522051.83","-11099.85","-0.5","-7.6","334.73","2606.66","1.72","SciCam","/SciCam.20250808_045142266.jpg","PilotCam","/PilotCam.20250808_045142266.jpg","BrowCam","/BrowCam.20250808_045142266.jpg","UserSelect","/UserSelect.20250808_045142266.jpg","","","-999.99","1.75","-999.99","-999.99","6895825ee3a1c300139c36b3"
"2025-08-08T04:51:57.298Z","45.8168019","-129.7540464","ASNAP","","admin","","","","","","","","","","","","-522051.85","-11099.87","-1.5","-8.1","336.17","2606.68","1.77","SciCam","/SciCam.20250808_045157298.jpg","PilotCam","/PilotCam.20250808_045157298.jpg","BrowCam","/BrowCam.20250808_045157298.jpg","UserSelect","/UserSelect.20250808_045157298.jpg","","","-999.99","1.76","-999.99","-999.99","6895826de3a1c300139c36b7"
"2025-08-08T04:52:12.318Z","45.8168019","-129.7540465","ASNAP","","admin","","","","","","","","","","","","-522051.86","-11099.87","-1.6","-7.8","335.70","2606.69","1.69","SciCam","/SciCam.20250808_045212318.jpg","PilotCam","/PilotCam.20250808_045212318.jpg","BrowCam","/BrowCam.20250808_045212318.jpg","UserSelect","/UserSelect.20250808_045212318.jpg","","","-999.99","1.81","-999.99","-999.99","6895827ce3a1c300139c36bb"
"2025-08-08T04:52:27.351Z","45.8168022","-129.7540460","ASNAP","","admin","","","","","","","","","","","","-522051.82","-11099.84","0.8","-7.6","331.28","2606.60","1.77","SciCam","/SciCam.20250808_045227351.jpg","PilotCam","/PilotCam.20250808_045227351.jpg","BrowCam","/BrowCam.20250808_045227351.jpg","UserSelect","/UserSelect.20250808_045227351.jpg","","","-999.99","1.81","-999.99","-999.99","6895828be3a1c300139c36bf"
"2025-08-08T04:52:42.384Z","45.8168023","-129.7540468","ASNAP","","admin","","","","","","","","","","","","-522051.88","-11099.83","0.1","-7.7","335.29","2606.61","1.75","SciCam","/SciCam.20250808_045242384.jpg","PilotCam","/PilotCam.20250808_045242384.jpg","BrowCam","/BrowCam.20250808_045242384.jpg","UserSelect","/UserSelect.20250808_045242384.jpg","","","-999.99","1.77","-999.99","-999.99","6895829ae3a1c300139c36c3"
"2025-08-08T04:52:57.418Z","45.8168025","-129.7540472","ASNAP","","admin","","","","","","","","","","","","-522051.91","-11099.80","-1.7","-7.9","336.52","2606.69","1.69","SciCam","/SciCam.20250808_045257418.jpg","PilotCam","/PilotCam.20250808_045257418.jpg","BrowCam","/BrowCam.20250808_045257418.jpg","UserSelect","/UserSelect.20250808_045257418.jpg","","","-999.99","1.80","-999.99","-999.99","689582a9e3a1c300139c36c7"
"2025-08-08T04:53:12.451Z","45.8168025","-129.7540474","ASNAP","","admin","","","","","","","","","","","","-522051.93","-11099.80","-1.2","-9.1","337.01","2606.62","1.80","SciCam","/SciCam.20250808_045312451.jpg","PilotCam","/PilotCam.20250808_045312451.jpg","BrowCam","/BrowCam.20250808_045312451.jpg","UserSelect","/UserSelect.20250808_045312451.jpg","","","-999.99","1.79","-999.99","-999.99","689582b8e3a1c300139c36cb"
"2025-08-08T04:53:27.483Z","45.8168024","-129.7540476","ASNAP","","admin","","","","","","","","","","","","-522051.94","-11099.81","0.6","-9.7","335.12","2606.52","1.82","SciCam","/SciCam.20250808_045327483.jpg","PilotCam","/PilotCam.20250808_045327483.jpg","BrowCam","/BrowCam.20250808_045327483.jpg","UserSelect","/UserSelect.20250808_045327483.jpg","","","-999.99","1.79","-999.99","-999.99","689582c7e3a1c300139c36cf"
"2025-08-08T04:53:41.873Z","45.8168027","-129.7540473","Connection Status","J1","guest","","","","","","","","Connected","","","","-522051.92","-11099.78","-1.8","-8.3","337.08","2606.68","1.77","SciCam","/SciCam.20250808_045341873.jpg","PilotCam","/PilotCam.20250808_045341873.jpg","BrowCam","/BrowCam.20250808_045341873.jpg","UserSelect","/UserSelect.20250808_045341873.jpg","","","-999.99","1.81","-999.99","-999.99","689582d5e3a1c300139c36d3"
"2025-08-08T04:53:42.510Z","45.8168026","-129.7540474","ASNAP","","admin","","","","","","","","","","","","-522051.93","-11099.79","-1.8","-8.3","337.05","2606.68","1.75","SciCam","/SciCam.20250808_045342510.jpg","PilotCam","/PilotCam.20250808_045342510.jpg","BrowCam","/BrowCam.20250808_045342510.jpg","UserSelect","/UserSelect.20250808_045342510.jpg","","","-999.99","1.81","-999.99","-999.99","689582d6e3a1c300139c36d6"
"2025-08-08T04:53:57.539Z","45.8168030","-129.7540464","ASNAP","","admin","","","","","","","","","","","","-522051.85","-11099.75","-0.8","-9.3","333.76","2606.62","1.90","SciCam","/SciCam.20250808_045357539.jpg","PilotCam","/PilotCam.20250808_045357539.jpg","BrowCam","/BrowCam.20250808_045357539.jpg","UserSelect","/UserSelect.20250808_045357539.jpg","","","-999.99","1.79","-999.99","-999.99","689582e5e3a1c300139c36db"
"2025-08-08T04:54:04.766Z","45.8168029","-129.7540474","Connection Status","J2","guest","","","","","","","Disconnected","","","","","-522051.93","-11099.76","-2.1","-10.0","337.32","2606.62","1.95","SciCam","/SciCam.20250808_045404766.jpg","PilotCam","/PilotCam.20250808_045404766.jpg","BrowCam","/BrowCam.20250808_045404766.jpg","UserSelect","/UserSelect.20250808_045404766.jpg","","","-999.99","1.79","-999.99","-999.99","689582ece3a1c300139c36df"
"2025-08-08T04:54:12.559Z","45.8168031","-129.7540477","ASNAP","","admin","","","","","","","","","","","","-522051.95","-11099.74","-1.9","-8.4","337.86","2606.68","1.75","SciCam","/SciCam.20250808_045412559.jpg","PilotCam","/PilotCam.20250808_045412559.jpg","BrowCam","/BrowCam.20250808_045412559.jpg","UserSelect","/UserSelect.20250808_045412559.jpg","","","-999.99","1.77","-999.99","-999.99","689582f4e3a1c300139c36e3"
"2025-08-08T04:54:15.516Z","45.8168031","-129.7540476","ROV Actions","removed J2 dummy","guest","","","(Port) Manipulator in use","","","","","","","","","-522051.94","-11099.74","-2.5","-8.8","337.40","2606.68","1.72","SciCam","/SciCam.20250808_045415516.jpg","PilotCam","/PilotCam.20250808_045415516.jpg","BrowCam","/BrowCam.20250808_045415516.jpg","UserSelect","/UserSelect.20250808_045415516.jpg","","","-999.99","1.79","-999.99","-999.99","689582f7e3a1c300139c36e7"
"2025-08-08T04:54:27.590Z","45.8168032","-129.7540474","ASNAP","","admin","","","","","","","","","","","","-522051.93","-11099.72","-3.1","-8.8","337.53","2606.70","1.77","SciCam","/SciCam.20250808_045427590.jpg","PilotCam","/PilotCam.20250808_045427590.jpg","BrowCam","/BrowCam.20250808_045427590.jpg","UserSelect","/UserSelect.20250808_045427590.jpg","","","-999.99","1.78","-999.99","-999.99","68958303e3a1c300139c36eb"
"2025-08-08T04:54:42.612Z","45.8168033","-129.7540495","ASNAP","","admin","","","","","","","","","","","","-522052.09","-11099.71","-2.5","-7.2","335.00","2606.57","1.85","SciCam","/SciCam.20250808_045442612.jpg","PilotCam","/PilotCam.20250808_045442612.jpg","BrowCam","/BrowCam.20250808_045442612.jpg","UserSelect","/UserSelect.20250808_045442612.jpg","","","-999.99","1.80","-999.99","-999.99","68958312e3a1c300139c36ef"
"2025-08-08T04:54:57.645Z","45.8167990","-129.7540594","ASNAP","","admin","","","","","","","","","","","","-522052.86","-11100.19","-0.7","-8.0","312.92","2605.84","2.54","SciCam","/SciCam.20250808_045457645.jpg","PilotCam","/PilotCam.20250808_045457645.jpg","BrowCam","/BrowCam.20250808_045457645.jpg","UserSelect","/UserSelect.20250808_045457645.jpg","","","-999.99","1.77","-999.99","-999.99","68958321e3a1c300139c36f3"
"2025-08-08T04:55:12.679Z","45.8167852","-129.7540539","ASNAP","","admin","","","","","","","","","","","","-522052.43","-11101.73","0.0","-7.8","270.27","2605.59","2.82","SciCam","/SciCam.20250808_045512679.jpg","PilotCam","/PilotCam.20250808_045512679.jpg","BrowCam","/BrowCam.20250808_045512679.jpg","UserSelect","/UserSelect.20250808_045512679.jpg","","","-999.99","1.76","-999.99","-999.99","68958330e3a1c300139c36f7"
"2025-08-08T04:55:27.708Z","45.8167802","-129.7540556","ASNAP","","admin","","","","","","","","","","","","-522052.56","-11102.28","-0.1","-7.7","268.47","2606.11","2.43","SciCam","/SciCam.20250808_045527708.jpg","PilotCam","/PilotCam.20250808_045527708.jpg","BrowCam","/BrowCam.20250808_045527708.jpg","UserSelect","/UserSelect.20250808_045527708.jpg","","","-999.99","1.79","-999.99","-999.99","6895833fe3a1c300139c36fb"
"2025-08-08T04:55:42.741Z","45.8167827","-129.7540541","ASNAP","","admin","","","","","","","","","","","","-522052.45","-11102.00","-0.3","-7.8","269.32","2606.75","1.67","SciCam","/SciCam.20250808_045542741.jpg","PilotCam","/PilotCam.20250808_045542741.jpg","BrowCam","/BrowCam.20250808_045542741.jpg","UserSelect","/UserSelect.20250808_045542741.jpg","","","-999.99","1.78","-999.99","-999.99","6895834ee3a1c300139c36ff"
"2025-08-08T04:55:57.775Z","45.8167831","-129.7540575","ASNAP","","admin","","","","","","","","","","","","-522052.71","-11101.96","-0.2","-7.7","268.69","2606.62","1.77","SciCam","/SciCam.20250808_045557775.jpg","PilotCam","/PilotCam.20250808_045557775.jpg","BrowCam","/BrowCam.20250808_045557775.jpg","UserSelect","/UserSelect.20250808_045557775.jpg","","","-999.99","1.79","-999.99","-999.99","6895835de3a1c300139c3703"
"2025-08-08T04:56:12.808Z","45.8167814","-129.7540574","ASNAP","","admin","","","","","","","","","","","","-522052.70","-11102.15","-0.2","-7.8","268.22","2606.78","1.62","SciCam","/SciCam.20250808_045612808.jpg","PilotCam","/PilotCam.20250808_045612808.jpg","BrowCam","/BrowCam.20250808_045612808.jpg","UserSelect","/UserSelect.20250808_045612808.jpg","","","-999.99","1.79","-999.99","-999.99","6895836ce3a1c300139c3707"
"2025-08-08T04:56:27.841Z","45.8167824","-129.7540566","ASNAP","","admin","","","","","","","","","","","","-522052.64","-11102.04","-1.2","-6.1","265.60","2606.62","1.85","SciCam","/SciCam.20250808_045627841.jpg","PilotCam","/PilotCam.20250808_045627841.jpg","BrowCam","/BrowCam.20250808_045627841.jpg","UserSelect","/UserSelect.20250808_045627841.jpg","","","-999.99","1.79","-999.99","-999.99","6895837be3a1c300139c370b"
"2025-08-08T04:56:42.873Z","45.8167835","-129.7540563","ASNAP","","admin","","","","","","","","","","","","-522052.62","-11101.91","-2.6","-8.3","268.23","2606.83","1.62","SciCam","/SciCam.20250808_045642873.jpg","PilotCam","/PilotCam.20250808_045642873.jpg","BrowCam","/BrowCam.20250808_045642873.jpg","UserSelect","/UserSelect.20250808_045642873.jpg","","","-999.99","1.79","-999.99","-999.99","6895838ae3a1c300139c370f"
"2025-08-08T04:56:57.907Z","45.8167834","-129.7540562","ASNAP","","admin","","","","","","","","","","","","-522052.61","-11101.93","-2.2","-9.2","269.08","2606.78","1.75","SciCam","/SciCam.20250808_045657907.jpg","PilotCam","/PilotCam.20250808_045657907.jpg","BrowCam","/BrowCam.20250808_045657907.jpg","UserSelect","/UserSelect.20250808_045657907.jpg","","","-999.99","1.77","-999.99","-999.99","68958399e3a1c300139c3713"
"2025-08-08T04:57:12.941Z","45.8167837","-129.7540562","ASNAP","","admin","","","","","","","","","","","","-522052.61","-11101.89","-1.5","-8.8","269.36","2606.78","1.75","SciCam","/SciCam.20250808_045712941.jpg","PilotCam","/PilotCam.20250808_045712941.jpg","BrowCam","/BrowCam.20250808_045712941.jpg","UserSelect","/UserSelect.20250808_045712941.jpg","","","-999.99","1.79","-999.99","-999.99","689583a8e3a1c300139c3717"
"2025-08-08T04:57:18.138Z","45.8167835","-129.7540559","ROV Actions","unplugged J3","guest","","","(Port) Manipulator in use","","","","","","","","","-522052.59","-11101.91","-1.0","-8.6","269.73","2606.77","1.75","SciCam","/SciCam.20250808_045718138.jpg","PilotCam","/PilotCam.20250808_045718138.jpg","BrowCam","/BrowCam.20250808_045718138.jpg","UserSelect","/UserSelect.20250808_045718138.jpg","","","-999.99","1.80","-999.99","-999.99","689583aee3a1c300139c371b"
"2025-08-08T04:57:27.974Z","45.8167837","-129.7540562","ASNAP","","admin","","","","","","","","","","","","-522052.61","-11101.89","-1.7","-8.8","269.51","2606.78","1.75","SciCam","/SciCam.20250808_045727974.jpg","PilotCam","/PilotCam.20250808_045727974.jpg","BrowCam","/BrowCam.20250808_045727974.jpg","UserSelect","/UserSelect.20250808_045727974.jpg","","","-999.99","1.76","-999.99","-999.99","689583b7e3a1c300139c371f"
"2025-08-08T04:57:31.736Z","45.8167837","-129.7540562","Connection Status","J3 from old LV03A","guest","","","","","","","","Disconnected","","","","-522052.61","-11101.89","-2.1","-8.9","269.65","2606.79","1.75","SciCam","/SciCam.20250808_045731736.jpg","PilotCam","/PilotCam.20250808_045731736.jpg","BrowCam","/BrowCam.20250808_045731736.jpg","UserSelect","/UserSelect.20250808_045731736.jpg","","","-999.99","1.77","-999.99","-999.99","689583bbe3a1c300139c3723"
"2025-08-08T04:57:42.997Z","45.8167837","-129.7540562","ASNAP","","admin","","","","","","","","","","","","-522052.61","-11101.89","-2.6","-8.4","269.94","2606.82","1.75","SciCam","/SciCam.20250808_045742997.jpg","PilotCam","/PilotCam.20250808_045742997.jpg","BrowCam","/BrowCam.20250808_045742997.jpg","UserSelect","/UserSelect.20250808_045742997.jpg","","","-999.99","1.78","-999.99","-999.99","689583c6e3a1c300139c3727"
"2025-08-08T04:57:58.029Z","45.8167868","-129.7540583","ASNAP","","admin","","","","","","","","","","","","-522052.77","-11101.55","-1.9","-7.6","268.96","2606.85","1.57","SciCam","/SciCam.20250808_045758029.jpg","PilotCam","/PilotCam.20250808_045758029.jpg","BrowCam","/BrowCam.20250808_045758029.jpg","UserSelect","/UserSelect.20250808_045758029.jpg","","","-999.99","1.80","-999.99","-999.99","689583d6e3a1c300139c372b"
"2025-08-08T04:58:13.062Z","45.8167884","-129.7540545","ASNAP","","admin","","","","","","","","","","","","-522052.48","-11101.37","-0.9","-6.9","278.60","2606.49","1.90","SciCam","/SciCam.20250808_045813062.jpg","PilotCam","/PilotCam.20250808_045813062.jpg","BrowCam","/BrowCam.20250808_045813062.jpg","UserSelect","/UserSelect.20250808_045813062.jpg","","","-999.99","1.76","-999.99","-999.99","689583e5e3a1c300139c372f"
"2025-08-08T04:58:28.092Z","45.8167995","-129.7540431","ASNAP","","admin","","","","","","","","","","","","-522051.59","-11100.14","-0.8","-7.2","321.56","2606.78","1.64","SciCam","/SciCam.20250808_045828092.jpg","PilotCam","/PilotCam.20250808_045828092.jpg","BrowCam","/BrowCam.20250808_045828092.jpg","UserSelect","/UserSelect.20250808_045828092.jpg","","","-999.99","1.85","-999.99","-999.99","689583f4e3a1c300139c3733"
"2025-08-08T04:58:43.124Z","45.8168080","-129.7540459","ASNAP","","admin","","","","","","","","","","","","-522051.81","-11099.19","-1.1","-7.6","328.89","2607.07","1.39","SciCam","/SciCam.20250808_045843124.jpg","PilotCam","/PilotCam.20250808_045843124.jpg","BrowCam","/BrowCam.20250808_045843124.jpg","UserSelect","/UserSelect.20250808_045843124.jpg","","","-999.99","1.77","-999.99","-999.99","68958403e3a1c300139c3737"
"2025-08-08T04:58:48.198Z","45.8168083","-129.7540461","ROV Actions","removing J3 dummy","guest","","","(Starboard) Manipulator in use","","","","","","","","","-522051.83","-11099.16","-2.4","-7.7","328.68","2607.00","1.49","SciCam","/SciCam.20250808_045848198.jpg","PilotCam","/PilotCam.20250808_045848198.jpg","BrowCam","/BrowCam.20250808_045848198.jpg","UserSelect","/UserSelect.20250808_045848198.jpg","","","-999.99","1.77","-999.99","-999.99","68958408e3a1c300139c373b"
"2025-08-08T04:58:58.145Z","45.8168078","-129.7540459","ASNAP","","admin","","","","","","","","","","","","-522051.81","-11099.21","-3.0","-7.2","329.05","2606.96","1.59","SciCam","/SciCam.20250808_045858145.jpg","PilotCam","/PilotCam.20250808_045858145.jpg","BrowCam","/BrowCam.20250808_045858145.jpg","UserSelect","/UserSelect.20250808_045858145.jpg","","","-999.99","1.81","-999.99","-999.99","68958412e3a1c300139c373f"
"2025-08-08T04:59:08.615Z","45.8168080","-129.7540463","Connection Status","J3","guest","","","","","","","Disconnected","","","","","-522051.84","-11099.19","-2.5","-7.0","330.03","2606.95","1.59","SciCam","/SciCam.20250808_045908615.jpg","PilotCam","/PilotCam.20250808_045908615.jpg","BrowCam","/BrowCam.20250808_045908615.jpg","UserSelect","/UserSelect.20250808_045908615.jpg","","","-999.99","1.80","-999.99","-999.99","6895841ce3a1c300139c3743"
"2025-08-08T04:59:13.173Z","45.8168081","-129.7540473","ASNAP","","admin","","","","","","","","","","","","-522051.92","-11099.18","-1.7","-6.9","328.29","2606.93","1.62","SciCam","/SciCam.20250808_045913173.jpg","PilotCam","/PilotCam.20250808_045913173.jpg","BrowCam","/BrowCam.20250808_045913173.jpg","UserSelect","/UserSelect.20250808_045913173.jpg","","","-999.99","1.79","-999.99","-999.99","68958421e3a1c300139c3747"
"2025-08-08T04:59:28.204Z","45.8168081","-129.7540458","ASNAP","","admin","","","","","","","","","","","","-522051.80","-11099.18","-2.9","-7.0","329.43","2607.00","1.52","SciCam","/SciCam.20250808_045928204.jpg","PilotCam","/PilotCam.20250808_045928204.jpg","BrowCam","/BrowCam.20250808_045928204.jpg","UserSelect","/UserSelect.20250808_045928204.jpg","","","-999.99","1.78","-999.99","-999.99","68958430e3a1c300139c374b"
"2025-08-08T04:59:43.238Z","45.8168076","-129.7540446","ASNAP","","admin","","","","","","","","","","","","-522051.71","-11099.24","-2.5","-7.9","332.96","2606.99","1.62","SciCam","/SciCam.20250808_045943238.jpg","PilotCam","/PilotCam.20250808_045943238.jpg","BrowCam","/BrowCam.20250808_045943238.jpg","UserSelect","/UserSelect.20250808_045943238.jpg","","","-999.99","1.79","-999.99","-999.99","6895843fe3a1c300139c374f"
"2025-08-08T04:59:58.274Z","45.8168074","-129.7540442","ASNAP","","admin","","","","","","","","","","","","-522051.68","-11099.26","-2.5","-8.2","332.33","2606.96","1.59","SciCam","/SciCam.20250808_045958274.jpg","PilotCam","/PilotCam.20250808_045958274.jpg","BrowCam","/BrowCam.20250808_045958274.jpg","UserSelect","/UserSelect.20250808_045958274.jpg","","","-999.99","1.81","-999.99","-999.99","6895844ee3a1c300139c3753"
"2025-08-08T05:00:13.307Z","45.8168076","-129.7540442","ASNAP","","admin","","","","","","","","","","","","-522051.68","-11099.24","-2.5","-8.4","332.36","2606.96","1.62","SciCam","/SciCam.20250808_050013307.jpg","PilotCam","/PilotCam.20250808_050013307.jpg","BrowCam","/BrowCam.20250808_050013307.jpg","UserSelect","/UserSelect.20250808_050013307.jpg","","","-999.99","1.79","-999.99","-999.99","6895845de3a1c300139c3757"
"2025-08-08T05:00:28.340Z","45.8168077","-129.7540442","ASNAP","","admin","","","","","","","","","","","","-522051.68","-11099.22","-2.4","-8.1","332.53","2606.96","1.62","SciCam","/SciCam.20250808_050028340.jpg","PilotCam","/PilotCam.20250808_050028340.jpg","BrowCam","/BrowCam.20250808_050028340.jpg","UserSelect","/UserSelect.20250808_050028340.jpg","","","-999.99","1.80","-999.99","-999.99","6895846ce3a1c300139c375b"
"2025-08-08T05:00:43.373Z","45.8168078","-129.7540443","ASNAP","","admin","","","","","","","","","","","","-522051.69","-11099.21","-2.5","-8.0","332.57","2606.97","1.62","SciCam","/SciCam.20250808_050043373.jpg","PilotCam","/PilotCam.20250808_050043373.jpg","BrowCam","/BrowCam.20250808_050043373.jpg","UserSelect","/UserSelect.20250808_050043373.jpg","","","-999.99","1.78","-999.99","-999.99","6895847be3a1c300139c375f"
"2025-08-08T05:00:58.407Z","45.8168078","-129.7540445","ASNAP","","admin","","","","","","","","","","","","-522051.70","-11099.21","-1.6","-7.9","332.91","2606.96","1.57","SciCam","/SciCam.20250808_050058407.jpg","PilotCam","/PilotCam.20250808_050058407.jpg","BrowCam","/BrowCam.20250808_050058407.jpg","UserSelect","/UserSelect.20250808_050058407.jpg","","","-999.99","1.81","-999.99","-999.99","6895848ae3a1c300139c3763"
"2025-08-08T05:01:13.442Z","45.8168081","-129.7540445","ASNAP","","admin","","","","","","","","","","","","-522051.70","-11099.18","-1.6","-7.8","332.69","2606.96","1.57","SciCam","/SciCam.20250808_050113442.jpg","PilotCam","/PilotCam.20250808_050113442.jpg","BrowCam","/BrowCam.20250808_050113442.jpg","UserSelect","/UserSelect.20250808_050113442.jpg","","","-999.99","1.82","-999.99","-999.99","68958499e3a1c300139c3767"
"2025-08-08T05:01:18.891Z","45.8168080","-129.7540443","ROV Actions","plugging in cabled J3","guest","","","(Port) Manipulator in use","","","","","","","","","-522051.69","-11099.19","-1.5","-8.3","332.81","2606.93","1.59","SciCam","/SciCam.20250808_050118891.jpg","PilotCam","/PilotCam.20250808_050118891.jpg","BrowCam","/BrowCam.20250808_050118891.jpg","UserSelect","/UserSelect.20250808_050118891.jpg","","","-3.65","1.79","-999.99","-999.99","6895849ee3a1c300139c376b"
"2025-08-08T05:01:28.477Z","45.8168082","-129.7540443","ASNAP","","admin","","","","","","","","","","","","-522051.69","-11099.17","-1.6","-8.0","332.91","2606.95","1.57","SciCam","/SciCam.20250808_050128477.jpg","PilotCam","/PilotCam.20250808_050128477.jpg","BrowCam","/BrowCam.20250808_050128477.jpg","UserSelect","/UserSelect.20250808_050128477.jpg","","","-999.99","1.80","-999.99","-999.99","689584a8e3a1c300139c376f"
"2025-08-08T05:01:43.510Z","45.8168081","-129.7540445","ASNAP","","admin","","","","","","","","","","","","-522051.70","-11099.18","-1.0","-8.4","332.37","2606.92","1.57","SciCam","/SciCam.20250808_050143510.jpg","PilotCam","/PilotCam.20250808_050143510.jpg","BrowCam","/BrowCam.20250808_050143510.jpg","UserSelect","/UserSelect.20250808_050143510.jpg","","","-999.99","1.78","-999.99","-999.99","689584b7e3a1c300139c3773"
"2025-08-08T05:01:58.541Z","45.8168081","-129.7540443","ASNAP","","admin","","","","","","","","","","","","-522051.69","-11099.18","-1.5","-8.1","331.95","2606.94","1.54","SciCam","/SciCam.20250808_050158541.jpg","PilotCam","/PilotCam.20250808_050158541.jpg","BrowCam","/BrowCam.20250808_050158541.jpg","UserSelect","/UserSelect.20250808_050158541.jpg","","","-999.99","1.80","-999.99","-999.99","689584c6e3a1c300139c3777"
"2025-08-08T05:02:13.571Z","45.8168086","-129.7540436","ASNAP","","admin","","","","","","","","","","","","-522051.63","-11099.12","-1.2","-8.5","329.39","2606.93","1.57","SciCam","/SciCam.20250808_050213571.jpg","PilotCam","/PilotCam.20250808_050213571.jpg","BrowCam","/BrowCam.20250808_050213571.jpg","UserSelect","/UserSelect.20250808_050213571.jpg","","","-999.99","1.78","-999.99","-999.99","689584d5e3a1c300139c377b"
"2025-08-08T05:02:28.605Z","45.8168082","-129.7540445","ASNAP","","admin","","","","","","","","","","","","-522051.70","-11099.17","-0.9","-8.9","331.24","2606.89","1.62","SciCam","/SciCam.20250808_050228605.jpg","PilotCam","/PilotCam.20250808_050228605.jpg","BrowCam","/BrowCam.20250808_050228605.jpg","UserSelect","/UserSelect.20250808_050228605.jpg","","","-999.99","1.75","-999.99","-999.99","689584e4e3a1c300139c377f"
"2025-08-08T05:02:43.637Z","45.8168082","-129.7540442","ASNAP","","admin","","","","","","","","","","","","-522051.68","-11099.17","-1.4","-10.0","330.58","2606.87","1.64","SciCam","/SciCam.20250808_050243637.jpg","PilotCam","/PilotCam.20250808_050243637.jpg","BrowCam","/BrowCam.20250808_050243637.jpg","UserSelect","/UserSelect.20250808_050243637.jpg","","","-999.99","1.78","-999.99","-999.99","689584f3e3a1c300139c3783"
"2025-08-08T05:02:58.668Z","45.8168089","-129.7540443","ASNAP","","admin","","","","","","","","","","","","-522051.69","-11099.09","-1.6","-8.3","332.56","2606.95","1.54","SciCam","/SciCam.20250808_050258668.jpg","PilotCam","/PilotCam.20250808_050258668.jpg","BrowCam","/BrowCam.20250808_050258668.jpg","UserSelect","/UserSelect.20250808_050258668.jpg","","","-999.99","1.77","-999.99","-999.99","68958502e3a1c300139c3787"
"2025-08-08T05:03:13.698Z","45.8168091","-129.7540449","ASNAP","","admin","","","","","","","","","","","","-522051.73","-11099.07","-1.9","-8.2","333.44","2606.97","1.57","SciCam","/SciCam.20250808_050313698.jpg","PilotCam","/PilotCam.20250808_050313698.jpg","BrowCam","/BrowCam.20250808_050313698.jpg","UserSelect","/UserSelect.20250808_050313698.jpg","","","-999.99","1.80","-999.99","-999.99","68958511e3a1c300139c378b"
"2025-08-08T05:03:18.465Z","45.8168091","-129.7540447","NAV","","guest","","","","","Doppler Reset","","","","","","","-522051.72","-11099.07","-1.8","-8.3","333.14","2606.95","1.57","SciCam","/SciCam.20250808_050318465.jpg","PilotCam","/PilotCam.20250808_050318465.jpg","BrowCam","/BrowCam.20250808_050318465.jpg","UserSelect","/UserSelect.20250808_050318465.jpg","","","-999.99","1.81","-999.99","-999.99","68958516e3a1c300139c378f"
"2025-08-08T05:03:28.729Z","45.8168093","-129.7540443","ASNAP","","admin","","","","","","","","","","","","-522051.69","-11099.05","-1.6","-8.3","331.82","2606.95","1.62","SciCam","/SciCam.20250808_050328729.jpg","PilotCam","/PilotCam.20250808_050328729.jpg","BrowCam","/BrowCam.20250808_050328729.jpg","UserSelect","/UserSelect.20250808_050328729.jpg","","","-999.99","1.74","-999.99","-999.99","68958520e3a1c300139c3793"
"2025-08-08T05:03:43.761Z","45.8168093","-129.7540443","ASNAP","","admin","","","","","","","","","","","","-522051.69","-11099.05","-1.6","-8.3","331.86","2606.95","1.62","SciCam","/SciCam.20250808_050343761.jpg","PilotCam","/PilotCam.20250808_050343761.jpg","BrowCam","/BrowCam.20250808_050343761.jpg","UserSelect","/UserSelect.20250808_050343761.jpg","","","-999.99","1.76","-999.99","-999.99","6895852fe3a1c300139c3797"
"2025-08-08T05:03:58.794Z","45.8168094","-129.7540443","ASNAP","","admin","","","","","","","","","","","","-522051.69","-11099.04","-1.7","-8.0","331.84","2606.97","1.59","SciCam","/SciCam.20250808_050358794.jpg","PilotCam","/PilotCam.20250808_050358794.jpg","BrowCam","/BrowCam.20250808_050358794.jpg","UserSelect","/UserSelect.20250808_050358794.jpg","","","-999.99","1.75","-999.99","-999.99","6895853ee3a1c300139c379b"
"2025-08-08T05:04:13.825Z","45.8168095","-129.7540442","ASNAP","","admin","","","","","","","","","","","","-522051.68","-11099.02","-1.7","-8.2","331.90","2606.96","1.59","SciCam","/SciCam.20250808_050413825.jpg","PilotCam","/PilotCam.20250808_050413825.jpg","BrowCam","/BrowCam.20250808_050413825.jpg","UserSelect","/UserSelect.20250808_050413825.jpg","","","-999.99","1.79","-999.99","-999.99","6895854de3a1c300139c379f"
"2025-08-08T05:04:28.848Z","45.8168096","-129.7540441","ASNAP","","admin","","","","","","","","","","","","-522051.67","-11099.01","-1.6","-8.4","331.90","2606.95","1.62","SciCam","/SciCam.20250808_050428848.jpg","PilotCam","/PilotCam.20250808_050428848.jpg","BrowCam","/BrowCam.20250808_050428848.jpg","UserSelect","/UserSelect.20250808_050428848.jpg","","","-999.99","1.76","-999.99","-999.99","6895855ce3a1c300139c37a3"
"2025-08-08T05:04:43.880Z","45.8168097","-129.7540440","ASNAP","","admin","","","","","","","","","","","","-522051.66","-11099.00","-1.9","-8.7","332.03","2606.96","1.62","SciCam","/SciCam.20250808_050443880.jpg","PilotCam","/PilotCam.20250808_050443880.jpg","BrowCam","/BrowCam.20250808_050443880.jpg","UserSelect","/UserSelect.20250808_050443880.jpg","","","-999.99","1.84","-999.99","-999.99","6895856be3a1c300139c37a7"
"2025-08-08T05:04:58.913Z","45.8168099","-129.7540440","ASNAP","","admin","","","","","","","","","","","","-522051.66","-11098.98","-2.2","-8.7","331.33","2606.96","1.57","SciCam","/SciCam.20250808_050458913.jpg","PilotCam","/PilotCam.20250808_050458913.jpg","BrowCam","/BrowCam.20250808_050458913.jpg","UserSelect","/UserSelect.20250808_050458913.jpg","","","-999.99","1.83","-999.99","-999.99","6895857ae3a1c300139c37ab"
"2025-08-08T05:05:13.945Z","45.8168100","-129.7540440","ASNAP","","admin","","","","","","","","","","","","-522051.66","-11098.97","-2.2","-9.0","331.59","2606.94","1.62","SciCam","/SciCam.20250808_050513945.jpg","PilotCam","/PilotCam.20250808_050513945.jpg","BrowCam","/BrowCam.20250808_050513945.jpg","UserSelect","/UserSelect.20250808_050513945.jpg","","","-3.65","1.80","-999.99","-999.99","68958589e3a1c300139c37af"
"2025-08-08T05:05:28.979Z","45.8168101","-129.7540437","ASNAP","","admin","","","","","","","","","","","","-522051.64","-11098.96","-2.2","-8.8","331.30","2606.96","1.57","SciCam","/SciCam.20250808_050528979.jpg","PilotCam","/PilotCam.20250808_050528979.jpg","BrowCam","/BrowCam.20250808_050528979.jpg","UserSelect","/UserSelect.20250808_050528979.jpg","","","-3.65","1.78","-999.99","-999.99","68958598e3a1c300139c37b3"
"2025-08-08T05:05:44.008Z","45.8168101","-129.7540437","ASNAP","","admin","","","","","","","","","","","","-522051.64","-11098.96","-2.2","-8.8","331.40","2606.95","1.57","SciCam","/SciCam.20250808_050544008.jpg","PilotCam","/PilotCam.20250808_050544008.jpg","BrowCam","/BrowCam.20250808_050544008.jpg","UserSelect","/UserSelect.20250808_050544008.jpg","","","-999.99","1.78","-999.99","-999.99","689585a8e3a1c300139c37b7"
"2025-08-08T05:05:59.036Z","45.8168102","-129.7540436","ASNAP","","admin","","","","","","","","","","","","-522051.63","-11098.95","-2.2","-8.7","331.43","2606.96","1.57","SciCam","/SciCam.20250808_050559036.jpg","PilotCam","/PilotCam.20250808_050559036.jpg","BrowCam","/BrowCam.20250808_050559036.jpg","UserSelect","/UserSelect.20250808_050559036.jpg","","","-999.99","1.78","-999.99","-999.99","689585b7e3a1c300139c37bb"
"2025-08-08T05:06:14.063Z","45.8168102","-129.7540438","ASNAP","","admin","","","","","","","","","","","","-522051.65","-11098.95","-1.4","-8.3","331.42","2606.95","1.62","SciCam","/SciCam.20250808_050614063.jpg","PilotCam","/PilotCam.20250808_050614063.jpg","BrowCam","/BrowCam.20250808_050614063.jpg","UserSelect","/UserSelect.20250808_050614063.jpg","","","-999.99","1.79","-999.99","-999.99","689585c6e3a1c300139c37bf"
"2025-08-08T05:06:29.095Z","45.8168104","-129.7540440","ASNAP","","admin","","","","","","","","","","","","-522051.66","-11098.92","-1.5","-8.3","331.60","2606.96","1.62","SciCam","/SciCam.20250808_050629095.jpg","PilotCam","/PilotCam.20250808_050629095.jpg","BrowCam","/BrowCam.20250808_050629095.jpg","UserSelect","/UserSelect.20250808_050629095.jpg","","","-999.99","1.78","-999.99","-999.99","689585d5e3a1c300139c37c3"
"2025-08-08T05:06:44.126Z","45.8168105","-129.7540441","ASNAP","","admin","","","","","","","","","","","","-522051.67","-11098.91","-1.4","-8.3","331.41","2606.96","1.62","SciCam","/SciCam.20250808_050644126.jpg","PilotCam","/PilotCam.20250808_050644126.jpg","BrowCam","/BrowCam.20250808_050644126.jpg","UserSelect","/UserSelect.20250808_050644126.jpg","","","-999.99","1.78","-999.99","-999.99","689585e4e3a1c300139c37c7"
"2025-08-08T05:06:59.157Z","45.8168107","-129.7540441","ASNAP","","admin","","","","","","","","","","","","-522051.67","-11098.89","-1.5","-8.5","331.32","2606.96","1.62","SciCam","/SciCam.20250808_050659157.jpg","PilotCam","/PilotCam.20250808_050659157.jpg","BrowCam","/BrowCam.20250808_050659157.jpg","UserSelect","/UserSelect.20250808_050659157.jpg","","","-999.99","1.80","-999.99","-999.99","689585f3e3a1c300139c37cb"
"2025-08-08T05:07:14.189Z","45.8168108","-129.7540441","ASNAP","","admin","","","","","","","","","","","","-522051.67","-11098.88","-1.6","-8.9","331.38","2606.94","1.52","SciCam","/SciCam.20250808_050714189.jpg","PilotCam","/PilotCam.20250808_050714189.jpg","BrowCam","/BrowCam.20250808_050714189.jpg","UserSelect","/UserSelect.20250808_050714189.jpg","","","-999.99","1.77","-999.99","-999.99","68958602e3a1c300139c37cf"
"2025-08-08T05:07:29.220Z","45.8168104","-129.7540440","ASNAP","","admin","","","","","","","","","","","","-522051.66","-11098.92","-0.8","-9.8","328.84","2606.87","1.62","SciCam","/SciCam.20250808_050729220.jpg","PilotCam","/PilotCam.20250808_050729220.jpg","BrowCam","/BrowCam.20250808_050729220.jpg","UserSelect","/UserSelect.20250808_050729220.jpg","","","-999.99","1.80","-999.99","-999.99","68958611e3a1c300139c37d3"
"2025-08-08T05:07:44.249Z","45.8168110","-129.7540437","ASNAP","","admin","","","","","","","","","","","","-522051.64","-11098.86","-1.3","-9.0","329.43","2606.94","1.57","SciCam","/SciCam.20250808_050744249.jpg","PilotCam","/PilotCam.20250808_050744249.jpg","BrowCam","/BrowCam.20250808_050744249.jpg","UserSelect","/UserSelect.20250808_050744249.jpg","","","-999.99","1.80","-999.99","-999.99","68958620e3a1c300139c37d7"
"2025-08-08T05:07:51.887Z","45.8168110","-129.7540441","Problem","J3 cable not fitting","guest","","","","","","","","","","","","-522051.67","-11098.86","-2.7","-7.9","331.16","2607.02","1.49","SciCam","/SciCam.20250808_050751887.jpg","PilotCam","/PilotCam.20250808_050751887.jpg","BrowCam","/BrowCam.20250808_050751887.jpg","UserSelect","/UserSelect.20250808_050751887.jpg","","","-999.99","1.81","-999.99","-999.99","68958627e3a1c300139c37db"
"2025-08-08T05:07:59.281Z","45.8168110","-129.7540442","ASNAP","","admin","","","","","","","","","","","","-522051.68","-11098.86","-2.7","-9.0","331.34","2606.97","1.57","SciCam","/SciCam.20250808_050759281.jpg","PilotCam","/PilotCam.20250808_050759281.jpg","BrowCam","/BrowCam.20250808_050759281.jpg","UserSelect","/UserSelect.20250808_050759281.jpg","","","-999.99","1.82","-999.99","-999.99","6895862fe3a1c300139c37df"
"2025-08-08T05:08:14.313Z","45.8168111","-129.7540443","ASNAP","","admin","","","","","","","","","","","","-522051.69","-11098.85","-2.7","-9.0","331.36","2606.97","1.57","SciCam","/SciCam.20250808_050814313.jpg","PilotCam","/PilotCam.20250808_050814313.jpg","BrowCam","/BrowCam.20250808_050814313.jpg","UserSelect","/UserSelect.20250808_050814313.jpg","","","-999.99","1.78","-999.99","-999.99","6895863ee3a1c300139c37e3"
"2025-08-08T05:08:29.346Z","45.8168113","-129.7540443","ASNAP","","admin","","","","","","","","","","","","-522051.69","-11098.82","-2.7","-9.0","331.32","2606.97","1.57","SciCam","/SciCam.20250808_050829346.jpg","PilotCam","/PilotCam.20250808_050829346.jpg","BrowCam","/BrowCam.20250808_050829346.jpg","UserSelect","/UserSelect.20250808_050829346.jpg","","","-3.65","1.80","-999.99","-999.99","6895864de3a1c300139c37e7"
"2025-08-08T05:08:44.374Z","45.8168113","-129.7540442","ASNAP","","admin","","","","","","","","","","","","-522051.68","-11098.82","-2.7","-8.7","331.32","2606.98","1.57","SciCam","/SciCam.20250808_050844374.jpg","PilotCam","/PilotCam.20250808_050844374.jpg","BrowCam","/BrowCam.20250808_050844374.jpg","UserSelect","/UserSelect.20250808_050844374.jpg","","","-999.99","1.80","-999.99","-999.99","6895865ce3a1c300139c37eb"
"2025-08-08T05:08:59.397Z","45.8168114","-129.7540443","ASNAP","","admin","","","","","","","","","","","","-522051.69","-11098.81","-2.6","-8.5","331.39","2606.99","1.62","SciCam","/SciCam.20250808_050859397.jpg","PilotCam","/PilotCam.20250808_050859397.jpg","BrowCam","/BrowCam.20250808_050859397.jpg","UserSelect","/UserSelect.20250808_050859397.jpg","","","-999.99","1.79","-999.99","-999.99","6895866be3a1c300139c37ef"
"2025-08-08T05:09:14.428Z","45.8168117","-129.7540442","ASNAP","","admin","","","","","","","","","","","","-522051.68","-11098.78","-2.7","-8.4","331.27","2607.00","1.62","SciCam","/SciCam.20250808_050914428.jpg","PilotCam","/PilotCam.20250808_050914428.jpg","BrowCam","/BrowCam.20250808_050914428.jpg","UserSelect","/UserSelect.20250808_050914428.jpg","","","-999.99","1.82","-3.65","-999.99","6895867ae3a1c300139c37f3"
"2025-08-08T05:09:29.462Z","45.8168119","-129.7540442","ASNAP","","admin","","","","","","","","","","","","-522051.68","-11098.76","-2.7","-8.2","331.17","2607.01","1.62","SciCam","/SciCam.20250808_050929462.jpg","PilotCam","/PilotCam.20250808_050929462.jpg","BrowCam","/BrowCam.20250808_050929462.jpg","UserSelect","/UserSelect.20250808_050929462.jpg","","","-999.99","1.79","-999.99","-999.99","68958689e3a1c300139c37f7"
"2025-08-08T05:09:44.494Z","45.8168119","-129.7540443","ASNAP","","admin","","","","","","","","","","","","-522051.69","-11098.76","-2.7","-8.7","331.42","2606.99","1.57","SciCam","/SciCam.20250808_050944494.jpg","PilotCam","/PilotCam.20250808_050944494.jpg","BrowCam","/BrowCam.20250808_050944494.jpg","UserSelect","/UserSelect.20250808_050944494.jpg","","","-999.99","1.79","-999.99","-999.99","68958698e3a1c300139c37fb"
"2025-08-08T05:09:59.527Z","45.8168120","-129.7540443","ASNAP","","admin","","","","","","","","","","","","-522051.69","-11098.75","-2.8","-8.5","331.19","2607.00","1.57","SciCam","/SciCam.20250808_050959527.jpg","PilotCam","/PilotCam.20250808_050959527.jpg","BrowCam","/BrowCam.20250808_050959527.jpg","UserSelect","/UserSelect.20250808_050959527.jpg","","","-999.99","1.79","-999.99","-999.99","689586a7e3a1c300139c37ff"
"2025-08-08T05:10:14.555Z","45.8168122","-129.7540442","ASNAP","","admin","","","","","","","","","","","","-522051.68","-11098.72","-2.8","-8.7","331.32","2606.99","1.57","SciCam","/SciCam.20250808_051014555.jpg","PilotCam","/PilotCam.20250808_051014555.jpg","BrowCam","/BrowCam.20250808_051014555.jpg","UserSelect","/UserSelect.20250808_051014555.jpg","","","-999.99","1.80","-3.65","-999.99","689586b6e3a1c300139c3803"
"2025-08-08T05:10:27.719Z","45.8168123","-129.7540443","WATCH_CHANGE","","guest","Amanda","","","","","","","","","","","-522051.69","-11098.71","-2.3","-9.1","331.41","2606.97","1.57","SciCam","/SciCam.20250808_051027719.jpg","PilotCam","/PilotCam.20250808_051027719.jpg","BrowCam","/BrowCam.20250808_051027719.jpg","UserSelect","/UserSelect.20250808_051027719.jpg","","","-999.99","1.78","-999.99","-999.99","689586c3e3a1c300139c3807"
"2025-08-08T05:10:29.588Z","45.8168123","-129.7540443","ASNAP","","admin","","","","","","","","","","","","-522051.69","-11098.71","-2.1","-8.7","331.45","2606.98","1.57","SciCam","/SciCam.20250808_051029588.jpg","PilotCam","/PilotCam.20250808_051029588.jpg","BrowCam","/BrowCam.20250808_051029588.jpg","UserSelect","/UserSelect.20250808_051029588.jpg","","","-999.99","1.77","-999.99","-999.99","689586c5e3a1c300139c380b"
"2025-08-08T05:10:44.621Z","45.8168121","-129.7540445","ASNAP","","admin","","","","","","","","","","","","-522051.70","-11098.74","-1.3","-9.2","331.29","2606.93","1.64","SciCam","/SciCam.20250808_051044621.jpg","PilotCam","/PilotCam.20250808_051044621.jpg","BrowCam","/BrowCam.20250808_051044621.jpg","UserSelect","/UserSelect.20250808_051044621.jpg","","","-999.99","1.79","-999.99","-999.99","689586d4e3a1c300139c380f"
"2025-08-08T05:10:59.655Z","45.8168119","-129.7540434","ASNAP","","admin","","","","","","","","","","","","-522051.62","-11098.76","-1.7","-9.9","326.99","2606.92","1.62","SciCam","/SciCam.20250808_051059655.jpg","PilotCam","/PilotCam.20250808_051059655.jpg","BrowCam","/BrowCam.20250808_051059655.jpg","UserSelect","/UserSelect.20250808_051059655.jpg","","","-999.99","1.77","-999.99","-999.99","689586e3e3a1c300139c3813"
"2025-08-08T05:11:14.689Z","45.8168126","-129.7540437","ASNAP","","admin","","","","","","","","","","","","-522051.64","-11098.68","-1.4","-9.4","329.49","2606.95","1.64","SciCam","/SciCam.20250808_051114689.jpg","PilotCam","/PilotCam.20250808_051114689.jpg","BrowCam","/BrowCam.20250808_051114689.jpg","UserSelect","/UserSelect.20250808_051114689.jpg","","","-999.99","1.78","-999.99","-999.99","689586f2e3a1c300139c3817"
"2025-08-08T05:11:29.722Z","45.8168127","-129.7540443","ASNAP","","admin","","","","","","","","","","","","-522051.69","-11098.67","-2.5","-8.6","331.50","2607.00","1.57","SciCam","/SciCam.20250808_051129722.jpg","PilotCam","/PilotCam.20250808_051129722.jpg","BrowCam","/BrowCam.20250808_051129722.jpg","UserSelect","/UserSelect.20250808_051129722.jpg","","","-3.65","1.81","-3.65","-999.99","68958701e3a1c300139c381b"
"2025-08-08T05:11:44.755Z","45.8168129","-129.7540443","ASNAP","","admin","","","","","","","","","","","","-522051.69","-11098.65","-2.6","-8.6","331.72","2607.00","1.64","SciCam","/SciCam.20250808_051144755.jpg","PilotCam","/PilotCam.20250808_051144755.jpg","BrowCam","/BrowCam.20250808_051144755.jpg","UserSelect","/UserSelect.20250808_051144755.jpg","","","-999.99","1.82","-999.99","-999.99","68958710e3a1c300139c381f"
"2025-08-08T05:11:59.788Z","45.8168131","-129.7540443","ASNAP","","admin","","","","","","","","","","","","-522051.69","-11098.62","-2.6","-8.7","331.50","2607.00","1.62","SciCam","/SciCam.20250808_051159788.jpg","PilotCam","/PilotCam.20250808_051159788.jpg","BrowCam","/BrowCam.20250808_051159788.jpg","UserSelect","/UserSelect.20250808_051159788.jpg","","","-999.99","1.78","-999.99","-999.99","6895871fe3a1c300139c3823"
"2025-08-08T05:12:14.821Z","45.8168133","-129.7540443","ASNAP","","admin","","","","","","","","","","","","-522051.69","-11098.60","-2.7","-8.6","331.49","2607.01","1.62","SciCam","/SciCam.20250808_051214821.jpg","PilotCam","/PilotCam.20250808_051214821.jpg","BrowCam","/BrowCam.20250808_051214821.jpg","UserSelect","/UserSelect.20250808_051214821.jpg","","","-999.99","1.82","-999.99","-999.99","6895872ee3a1c300139c3827"
"2025-08-08T05:12:29.854Z","45.8168134","-129.7540443","ASNAP","","admin","","","","","","","","","","","","-522051.69","-11098.59","-2.6","-8.7","331.54","2607.00","1.62","SciCam","/SciCam.20250808_051229854.jpg","PilotCam","/PilotCam.20250808_051229854.jpg","BrowCam","/BrowCam.20250808_051229854.jpg","UserSelect","/UserSelect.20250808_051229854.jpg","","","-999.99","1.78","-999.99","-999.99","6895873de3a1c300139c382b"
"2025-08-08T05:12:44.887Z","45.8168135","-129.7540443","ASNAP","","admin","","","","","","","","","","","","-522051.69","-11098.58","-2.6","-8.4","331.39","2607.01","1.62","SciCam","/SciCam.20250808_051244887.jpg","PilotCam","/PilotCam.20250808_051244887.jpg","BrowCam","/BrowCam.20250808_051244887.jpg","UserSelect","/UserSelect.20250808_051244887.jpg","","","-999.99","1.83","-3.65","-999.99","6895874ce3a1c300139c382f"
"2025-08-08T05:12:59.911Z","45.8168137","-129.7540443","ASNAP","","admin","","","","","","","","","","","","-522051.69","-11098.56","-2.6","-8.4","331.47","2607.01","1.62","SciCam","/SciCam.20250808_051259911.jpg","PilotCam","/PilotCam.20250808_051259911.jpg","BrowCam","/BrowCam.20250808_051259911.jpg","UserSelect","/UserSelect.20250808_051259911.jpg","","","-3.65","1.79","-999.99","-999.99","6895875be3a1c300139c3833"
"2025-08-08T05:13:14.944Z","45.8168139","-129.7540443","ASNAP","","admin","","","","","","","","","","","","-522051.69","-11098.54","-2.6","-8.8","331.55","2607.00","1.62","SciCam","/SciCam.20250808_051314944.jpg","PilotCam","/PilotCam.20250808_051314944.jpg","BrowCam","/BrowCam.20250808_051314944.jpg","UserSelect","/UserSelect.20250808_051314944.jpg","","","-999.99","1.80","-999.99","-999.99","6895876ae3a1c300139c3837"
"2025-08-08T05:13:29.979Z","45.8168141","-129.7540442","ASNAP","","admin","","","","","","","","","","","","-522051.68","-11098.51","-2.6","-8.5","331.63","2607.01","1.62","SciCam","/SciCam.20250808_051329979.jpg","PilotCam","/PilotCam.20250808_051329979.jpg","BrowCam","/BrowCam.20250808_051329979.jpg","UserSelect","/UserSelect.20250808_051329979.jpg","","","-999.99","1.83","-999.99","-999.99","68958779e3a1c300139c383b"
"2025-08-08T05:13:45.011Z","45.8168142","-129.7540440","ASNAP","","admin","","","","","","","","","","","","-522051.66","-11098.50","-2.6","-8.5","331.46","2607.01","1.62","SciCam","/SciCam.20250808_051345011.jpg","PilotCam","/PilotCam.20250808_051345011.jpg","BrowCam","/BrowCam.20250808_051345011.jpg","UserSelect","/UserSelect.20250808_051345011.jpg","","","-999.99","1.80","-999.99","-999.99","68958789e3a1c300139c383f"
"2025-08-08T05:14:00.041Z","45.8168142","-129.7540441","ASNAP","","admin","","","","","","","","","","","","-522051.67","-11098.50","-2.5","-8.9","331.57","2607.00","1.57","SciCam","/SciCam.20250808_051400041.jpg","PilotCam","/PilotCam.20250808_051400041.jpg","BrowCam","/BrowCam.20250808_051400041.jpg","UserSelect","/UserSelect.20250808_051400041.jpg","","","-999.99","1.77","-999.99","-999.99","68958798e3a1c300139c3843"
"2025-08-08T05:14:15.065Z","45.8168144","-129.7540440","ASNAP","","admin","","","","","","","","","","","","-522051.66","-11098.48","-2.6","-9.0","331.57","2607.00","1.57","SciCam","/SciCam.20250808_051415065.jpg","PilotCam","/PilotCam.20250808_051415065.jpg","BrowCam","/BrowCam.20250808_051415065.jpg","UserSelect","/UserSelect.20250808_051415065.jpg","","","-999.99","1.78","-999.99","-999.99","689587a7e3a1c300139c3847"
"2025-08-08T05:14:30.099Z","45.8168145","-129.7540440","ASNAP","","admin","","","","","","","","","","","","-522051.66","-11098.47","-2.5","-8.9","331.57","2607.00","1.57","SciCam","/SciCam.20250808_051430099.jpg","PilotCam","/PilotCam.20250808_051430099.jpg","BrowCam","/BrowCam.20250808_051430099.jpg","UserSelect","/UserSelect.20250808_051430099.jpg","","","-999.99","1.78","-999.99","-999.99","689587b6e3a1c300139c384b"
"2025-08-08T05:14:45.130Z","45.8168146","-129.7540440","ASNAP","","admin","","","","","","","","","","","","-522051.66","-11098.46","-2.5","-8.9","331.52","2607.00","1.57","SciCam","/SciCam.20250808_051445130.jpg","PilotCam","/PilotCam.20250808_051445130.jpg","BrowCam","/BrowCam.20250808_051445130.jpg","UserSelect","/UserSelect.20250808_051445130.jpg","","","-3.65","1.80","-999.99","-999.99","689587c5e3a1c300139c384f"
"2025-08-08T05:15:00.162Z","45.8168147","-129.7540440","ASNAP","","admin","","","","","","","","","","","","-522051.66","-11098.45","-1.6","-8.5","331.65","2607.00","1.62","SciCam","/SciCam.20250808_051500162.jpg","PilotCam","/PilotCam.20250808_051500162.jpg","BrowCam","/BrowCam.20250808_051500162.jpg","UserSelect","/UserSelect.20250808_051500162.jpg","","","-999.99","1.77","-3.65","-999.99","689587d4e3a1c300139c3853"
"2025-08-08T05:15:15.194Z","45.8168149","-129.7540438","ASNAP","","admin","","","","","","","","","","","","-522051.65","-11098.42","-2.6","-8.7","331.57","2607.01","1.64","SciCam","/SciCam.20250808_051515194.jpg","PilotCam","/PilotCam.20250808_051515194.jpg","BrowCam","/BrowCam.20250808_051515194.jpg","UserSelect","/UserSelect.20250808_051515194.jpg","","","-999.99","1.79","-999.99","-999.99","689587e3e3a1c300139c3857"
"2025-08-08T05:15:30.225Z","45.8168150","-129.7540438","ASNAP","","admin","","","","","","","","","","","","-522051.65","-11098.41","-2.3","-8.9","331.55","2607.00","1.62","SciCam","/SciCam.20250808_051530225.jpg","PilotCam","/PilotCam.20250808_051530225.jpg","BrowCam","/BrowCam.20250808_051530225.jpg","UserSelect","/UserSelect.20250808_051530225.jpg","","","-999.99","1.82","-999.99","-999.99","689587f2e3a1c300139c385b"
"2025-08-08T05:15:45.254Z","45.8168152","-129.7540437","ASNAP","","admin","","","","","","","","","","","","-522051.64","-11098.39","-2.4","-8.8","331.45","2607.00","1.57","SciCam","/SciCam.20250808_051545254.jpg","PilotCam","/PilotCam.20250808_051545254.jpg","BrowCam","/BrowCam.20250808_051545254.jpg","UserSelect","/UserSelect.20250808_051545254.jpg","","","-999.99","1.79","-999.99","-999.99","68958801e3a1c300139c385f"
"2025-08-08T05:16:00.290Z","45.8168153","-129.7540438","ASNAP","","admin","","","","","","","","","","","","-522051.65","-11098.38","-2.4","-8.7","331.49","2607.01","1.62","SciCam","/SciCam.20250808_051600290.jpg","PilotCam","/PilotCam.20250808_051600290.jpg","BrowCam","/BrowCam.20250808_051600290.jpg","UserSelect","/UserSelect.20250808_051600290.jpg","","","-999.99","1.78","-999.99","-999.99","68958810e3a1c300139c3863"
"2025-08-08T05:16:15.322Z","45.8168154","-129.7540440","ASNAP","","admin","","","","","","","","","","","","-522051.66","-11098.37","-2.2","-9.0","331.48","2606.99","1.62","SciCam","/SciCam.20250808_051615322.jpg","PilotCam","/PilotCam.20250808_051615322.jpg","BrowCam","/BrowCam.20250808_051615322.jpg","UserSelect","/UserSelect.20250808_051615322.jpg","","","-999.99","1.79","-999.99","-999.99","6895881fe3a1c300139c3867"
"2025-08-08T05:16:30.356Z","45.8168154","-129.7540440","ASNAP","","admin","","","","","","","","","","","","-522051.66","-11098.37","-2.1","-9.4","331.59","2606.98","1.64","SciCam","/SciCam.20250808_051630356.jpg","PilotCam","/PilotCam.20250808_051630356.jpg","BrowCam","/BrowCam.20250808_051630356.jpg","UserSelect","/UserSelect.20250808_051630356.jpg","","","-3.65","1.75","-999.99","-999.99","6895882ee3a1c300139c386b"
"2025-08-08T05:16:45.392Z","45.8168155","-129.7540440","ASNAP","","admin","","","","","","","","","","","","-522051.66","-11098.36","-2.1","-9.1","331.50","2606.99","1.57","SciCam","/SciCam.20250808_051645392.jpg","PilotCam","/PilotCam.20250808_051645392.jpg","BrowCam","/BrowCam.20250808_051645392.jpg","UserSelect","/UserSelect.20250808_051645392.jpg","","","-999.99","1.80","-999.99","-999.99","6895883de3a1c300139c386f"
"2025-08-08T05:17:00.425Z","45.8168155","-129.7540438","ASNAP","","admin","","","","","","","","","","","","-522051.65","-11098.36","-2.4","-9.3","331.70","2606.99","1.64","SciCam","/SciCam.20250808_051700425.jpg","PilotCam","/PilotCam.20250808_051700425.jpg","BrowCam","/BrowCam.20250808_051700425.jpg","UserSelect","/UserSelect.20250808_051700425.jpg","","","-999.99","1.80","-999.99","-999.99","6895884ce3a1c300139c3873"
"2025-08-08T05:17:15.457Z","45.8168156","-129.7540438","ASNAP","","admin","","","","","","","","","","","","-522051.65","-11098.35","-2.2","-10.0","331.83","2606.95","1.62","SciCam","/SciCam.20250808_051715457.jpg","PilotCam","/PilotCam.20250808_051715457.jpg","BrowCam","/BrowCam.20250808_051715457.jpg","UserSelect","/UserSelect.20250808_051715457.jpg","","","-999.99","1.80","-999.99","-999.99","6895885be3a1c300139c3877"
"2025-08-08T05:17:30.490Z","45.8168157","-129.7540438","ASNAP","","admin","","","","","","","","","","","","-522051.65","-11098.34","-2.3","-9.4","331.61","2606.98","1.62","SciCam","/SciCam.20250808_051730490.jpg","PilotCam","/PilotCam.20250808_051730490.jpg","BrowCam","/BrowCam.20250808_051730490.jpg","UserSelect","/UserSelect.20250808_051730490.jpg","","","-999.99","1.82","-999.99","-999.99","6895886ae3a1c300139c387b"
"2025-08-08T05:17:45.524Z","45.8168157","-129.7540440","ASNAP","","admin","","","","","","","","","","","","-522051.66","-11098.34","-1.6","-9.1","331.63","2606.98","1.64","SciCam","/SciCam.20250808_051745524.jpg","PilotCam","/PilotCam.20250808_051745524.jpg","BrowCam","/BrowCam.20250808_051745524.jpg","UserSelect","/UserSelect.20250808_051745524.jpg","","","-3.65","1.77","-999.99","-999.99","68958879e3a1c300139c387f"
"2025-08-08T05:18:00.557Z","45.8168158","-129.7540440","ASNAP","","admin","","","","","","","","","","","","-522051.66","-11098.32","-1.5","-9.6","331.61","2606.96","1.67","SciCam","/SciCam.20250808_051800557.jpg","PilotCam","/PilotCam.20250808_051800557.jpg","BrowCam","/BrowCam.20250808_051800557.jpg","UserSelect","/UserSelect.20250808_051800557.jpg","","","-999.99","1.76","-999.99","-999.99","68958888e3a1c300139c3883"
"2025-08-08T05:18:15.589Z","45.8168162","-129.7540440","ASNAP","","admin","","","","","","","","","","","","-522051.66","-11098.28","-1.5","-8.7","331.52","2607.00","1.57","SciCam","/SciCam.20250808_051815589.jpg","PilotCam","/PilotCam.20250808_051815589.jpg","BrowCam","/BrowCam.20250808_051815589.jpg","UserSelect","/UserSelect.20250808_051815589.jpg","","","-999.99","1.78","-999.99","-999.99","68958897e3a1c300139c3887"
"2025-08-08T05:18:30.622Z","45.8168161","-129.7540442","ASNAP","","admin","","","","","","","","","","","","-522051.68","-11098.29","-1.3","-8.7","331.54","2606.99","1.62","SciCam","/SciCam.20250808_051830622.jpg","PilotCam","/PilotCam.20250808_051830622.jpg","BrowCam","/BrowCam.20250808_051830622.jpg","UserSelect","/UserSelect.20250808_051830622.jpg","","","-3.65","1.80","-999.99","-999.99","689588a6e3a1c300139c388b"
"2025-08-08T05:18:45.654Z","45.8168162","-129.7540443","ASNAP","","admin","","","","","","","","","","","","-522051.69","-11098.28","-1.9","-8.8","332.04","2607.00","1.59","SciCam","/SciCam.20250808_051845654.jpg","PilotCam","/PilotCam.20250808_051845654.jpg","BrowCam","/BrowCam.20250808_051845654.jpg","UserSelect","/UserSelect.20250808_051845654.jpg","","","-999.99","1.82","-999.99","-999.99","689588b5e3a1c300139c388f"
"2025-08-08T05:19:00.686Z","45.8168160","-129.7540440","ASNAP","","admin","","","","","","","","","","","","-522051.66","-11098.30","-1.2","-9.6","330.04","2606.94","1.57","SciCam","/SciCam.20250808_051900686.jpg","PilotCam","/PilotCam.20250808_051900686.jpg","BrowCam","/BrowCam.20250808_051900686.jpg","UserSelect","/UserSelect.20250808_051900686.jpg","","","-3.65","1.77","-3.65","-999.99","689588c4e3a1c300139c3893"
"2025-08-08T05:19:15.718Z","45.8168157","-129.7540436","ASNAP","","admin","","","","","","","","","","","","-522051.63","-11098.34","-0.9","-9.5","326.45","2606.93","1.62","SciCam","/SciCam.20250808_051915718.jpg","PilotCam","/PilotCam.20250808_051915718.jpg","BrowCam","/BrowCam.20250808_051915718.jpg","UserSelect","/UserSelect.20250808_051915718.jpg","","","-999.99","1.84","-999.99","-999.99","689588d3e3a1c300139c3897"
"2025-08-08T05:19:30.741Z","45.8168166","-129.7540440","ASNAP","","admin","","","","","","","","","","","","-522051.66","-11098.24","-2.2","-8.7","330.90","2607.02","1.54","SciCam","/SciCam.20250808_051930741.jpg","PilotCam","/PilotCam.20250808_051930741.jpg","BrowCam","/BrowCam.20250808_051930741.jpg","UserSelect","/UserSelect.20250808_051930741.jpg","","","-999.99","1.81","-999.99","-999.99","689588e2e3a1c300139c389b"
"2025-08-08T05:19:45.773Z","45.8168166","-129.7540441","ASNAP","","admin","","","","","","","","","","","","-522051.67","-11098.24","-2.9","-8.8","331.39","2607.03","1.57","SciCam","/SciCam.20250808_051945773.jpg","PilotCam","/PilotCam.20250808_051945773.jpg","BrowCam","/BrowCam.20250808_051945773.jpg","UserSelect","/UserSelect.20250808_051945773.jpg","","","-999.99","1.79","-999.99","-999.99","689588f1e3a1c300139c389f"
"2025-08-08T05:20:00.805Z","45.8168168","-129.7540441","ASNAP","","admin","","","","","","","","","","","","-522051.67","-11098.21","-2.8","-8.8","331.69","2607.03","1.64","SciCam","/SciCam.20250808_052000805.jpg","PilotCam","/PilotCam.20250808_052000805.jpg","BrowCam","/BrowCam.20250808_052000805.jpg","UserSelect","/UserSelect.20250808_052000805.jpg","","","-3.65","1.77","-999.99","-999.99","68958900e3a1c300139c38a3"
"2025-08-08T05:20:15.838Z","45.8168170","-129.7540440","ASNAP","","admin","","","","","","","","","","","","-522051.66","-11098.19","-2.8","-8.7","331.62","2607.04","1.62","SciCam","/SciCam.20250808_052015838.jpg","PilotCam","/PilotCam.20250808_052015838.jpg","BrowCam","/BrowCam.20250808_052015838.jpg","UserSelect","/UserSelect.20250808_052015838.jpg","","","-999.99","1.79","-999.99","-999.99","6895890fe3a1c300139c38a7"
"2025-08-08T05:20:30.870Z","45.8168171","-129.7540440","ASNAP","","admin","","","","","","","","","","","","-522051.66","-11098.18","-2.7","-8.7","331.52","2607.04","1.57","SciCam","/SciCam.20250808_052030870.jpg","PilotCam","/PilotCam.20250808_052030870.jpg","BrowCam","/BrowCam.20250808_052030870.jpg","UserSelect","/UserSelect.20250808_052030870.jpg","","","-999.99","1.80","-999.99","-999.99","6895891ee3a1c300139c38ab"
"2025-08-08T05:20:45.901Z","45.8168172","-129.7540438","ASNAP","","admin","","","","","","","","","","","","-522051.65","-11098.17","-3.1","-9.0","331.46","2607.05","1.62","SciCam","/SciCam.20250808_052045901.jpg","PilotCam","/PilotCam.20250808_052045901.jpg","BrowCam","/BrowCam.20250808_052045901.jpg","UserSelect","/UserSelect.20250808_052045901.jpg","","","-999.99","1.79","-999.99","-999.99","6895892de3a1c300139c38af"
"2025-08-08T05:21:00.933Z","45.8168150","-129.7540489","ASNAP","","admin","","","","","","","","","","","","-522052.04","-11098.41","-1.4","-6.8","312.09","2606.93","1.59","SciCam","/SciCam.20250808_052100933.jpg","PilotCam","/PilotCam.20250808_052100933.jpg","BrowCam","/BrowCam.20250808_052100933.jpg","UserSelect","/UserSelect.20250808_052100933.jpg","","","-999.99","1.80","-3.65","-999.99","6895893ce3a1c300139c38b3"
"2025-08-08T05:21:15.965Z","45.8168050","-129.7540479","ASNAP","","admin","","","","","","","","","","","","-522051.97","-11099.52","0.1","-6.9","272.19","2606.96","1.54","SciCam","/SciCam.20250808_052115965.jpg","PilotCam","/PilotCam.20250808_052115965.jpg","BrowCam","/BrowCam.20250808_052115965.jpg","UserSelect","/UserSelect.20250808_052115965.jpg","","","-999.99","1.77","-999.99","-999.99","6895894be3a1c300139c38b7"
"2025-08-08T05:21:30.998Z","45.8167943","-129.7540532","ASNAP","","admin","","","","","","","","","","","","-522052.38","-11100.71","0.0","-7.0","259.15","2606.96","1.54","SciCam","/SciCam.20250808_052130998.jpg","PilotCam","/PilotCam.20250808_052130998.jpg","BrowCam","/BrowCam.20250808_052130998.jpg","UserSelect","/UserSelect.20250808_052130998.jpg","","","-3.65","1.84","-999.99","-999.99","6895895ae3a1c300139c38bb"
"2025-08-08T05:21:46.028Z","45.8167944","-129.7540568","ASNAP","","admin","","","","","","","","","","","","-522052.66","-11100.70","-2.0","-8.0","259.60","2606.98","1.59","SciCam","/SciCam.20250808_052146028.jpg","PilotCam","/PilotCam.20250808_052146028.jpg","BrowCam","/BrowCam.20250808_052146028.jpg","UserSelect","/UserSelect.20250808_052146028.jpg","","","-999.99","1.75","-999.99","-999.99","6895896ae3a1c300139c38bf"
"2025-08-08T05:22:00.390Z","45.8167946","-129.7540550","ROV Actions","grabbing J2 cable","guest","","","(Port) Manipulator in use","","","","","","","","","-522052.52","-11100.68","-1.6","-6.8","258.24","2606.89","1.77","SciCam","/SciCam.20250808_052200390.jpg","PilotCam","/PilotCam.20250808_052200390.jpg","BrowCam","/BrowCam.20250808_052200390.jpg","UserSelect","/UserSelect.20250808_052200390.jpg","","","-3.65","1.83","-999.99","-999.99","68958978e3a1c300139c38c3"
"2025-08-08T05:22:01.056Z","45.8167947","-129.7540548","ASNAP","","admin","","","","","","","","","","","","-522052.50","-11100.67","-1.5","-6.5","258.20","2606.90","1.75","SciCam","/SciCam.20250808_052201056.jpg","PilotCam","/PilotCam.20250808_052201056.jpg","BrowCam","/BrowCam.20250808_052201056.jpg","UserSelect","/UserSelect.20250808_052201056.jpg","","","-999.99","1.79","-999.99","-999.99","68958979e3a1c300139c38c7"
"2025-08-08T05:22:16.086Z","45.8167947","-129.7540545","ASNAP","","admin","","","","","","","","","","","","-522052.48","-11100.67","-0.4","-6.8","258.13","2606.86","1.69","SciCam","/SciCam.20250808_052216086.jpg","PilotCam","/PilotCam.20250808_052216086.jpg","BrowCam","/BrowCam.20250808_052216086.jpg","UserSelect","/UserSelect.20250808_052216086.jpg","","","-999.99","1.84","-999.99","-999.99","68958988e3a1c300139c38cb"
"2025-08-08T05:22:31.113Z","45.8167949","-129.7540545","ASNAP","","admin","","","","","","","","","","","","-522052.48","-11100.65","-2.2","-7.4","258.16","2606.88","1.77","SciCam","/SciCam.20250808_052231113.jpg","PilotCam","/PilotCam.20250808_052231113.jpg","BrowCam","/BrowCam.20250808_052231113.jpg","UserSelect","/UserSelect.20250808_052231113.jpg","","","-999.99","1.80","-999.99","-999.99","68958997e3a1c300139c38cf"
"2025-08-08T05:22:46.140Z","45.8167954","-129.7540545","ASNAP","","admin","","","","","","","","","","","","-522052.48","-11100.59","-1.7","-7.2","256.10","2606.88","1.67","SciCam","/SciCam.20250808_052246140.jpg","PilotCam","/PilotCam.20250808_052246140.jpg","BrowCam","/BrowCam.20250808_052246140.jpg","UserSelect","/UserSelect.20250808_052246140.jpg","","","-999.99","1.80","-999.99","-999.99","689589a6e3a1c300139c38d3"
"2025-08-08T05:23:01.174Z","45.8167969","-129.7540558","ASNAP","","admin","","","","","","","","","","","","-522052.58","-11100.43","0.6","-7.8","259.57","2607.04","1.47","SciCam","/SciCam.20250808_052301174.jpg","PilotCam","/PilotCam.20250808_052301174.jpg","BrowCam","/BrowCam.20250808_052301174.jpg","UserSelect","/UserSelect.20250808_052301174.jpg","","","-999.99","1.80","-999.99","-999.99","689589b5e3a1c300139c38d7"
"2025-08-08T05:23:16.208Z","45.8168020","-129.7540507","ASNAP","","admin","","","","","","","","","","","","-522052.18","-11099.86","-0.4","-7.7","298.35","2606.92","1.52","SciCam","/SciCam.20250808_052316208.jpg","PilotCam","/PilotCam.20250808_052316208.jpg","BrowCam","/BrowCam.20250808_052316208.jpg","UserSelect","/UserSelect.20250808_052316208.jpg","","","-999.99","1.76","-999.99","-999.99","689589c4e3a1c300139c38db"
"2025-08-08T05:23:31.239Z","45.8168104","-129.7540512","ASNAP","","admin","","","","","","","","","","","","-522052.22","-11098.92","-1.1","-7.9","336.26","2606.85","1.69","SciCam","/SciCam.20250808_052331239.jpg","PilotCam","/PilotCam.20250808_052331239.jpg","BrowCam","/BrowCam.20250808_052331239.jpg","UserSelect","/UserSelect.20250808_052331239.jpg","","","-999.99","1.80","-999.99","-999.99","689589d3e3a1c300139c38df"
"2025-08-08T05:23:46.274Z","45.8168163","-129.7540467","ASNAP","","admin","","","","","","","","","","","","-522051.87","-11098.27","-1.0","-7.5","335.47","2606.83","1.77","SciCam","/SciCam.20250808_052346274.jpg","PilotCam","/PilotCam.20250808_052346274.jpg","BrowCam","/BrowCam.20250808_052346274.jpg","UserSelect","/UserSelect.20250808_052346274.jpg","","","-3.65","1.78","-999.99","-999.99","689589e2e3a1c300139c38e3"
"2025-08-08T05:24:01.304Z","45.8168162","-129.7540487","ASNAP","","admin","","","","","","","","","","","","-522052.03","-11098.28","-2.3","-8.5","334.51","2606.85","1.85","SciCam","/SciCam.20250808_052401304.jpg","PilotCam","/PilotCam.20250808_052401304.jpg","BrowCam","/BrowCam.20250808_052401304.jpg","UserSelect","/UserSelect.20250808_052401304.jpg","","","-999.99","1.80","-999.99","-999.99","689589f1e3a1c300139c38e7"
"2025-08-08T05:24:16.338Z","45.8168161","-129.7540485","ASNAP","","admin","","","","","","","","","","","","-522052.01","-11098.29","-2.7","-8.2","333.78","2606.84","1.85","SciCam","/SciCam.20250808_052416338.jpg","PilotCam","/PilotCam.20250808_052416338.jpg","BrowCam","/BrowCam.20250808_052416338.jpg","UserSelect","/UserSelect.20250808_052416338.jpg","","","-999.99","1.82","-999.99","-999.99","68958a00e3a1c300139c38eb"
"2025-08-08T05:24:31.372Z","45.8168161","-129.7540486","ASNAP","","admin","","","","","","","","","","","","-522052.02","-11098.29","-1.7","-8.7","333.61","2606.79","1.85","SciCam","/SciCam.20250808_052431372.jpg","PilotCam","/PilotCam.20250808_052431372.jpg","BrowCam","/BrowCam.20250808_052431372.jpg","UserSelect","/UserSelect.20250808_052431372.jpg","","","-999.99","1.74","-999.99","-999.99","68958a0fe3a1c300139c38ef"
"2025-08-08T05:24:46.405Z","45.8168161","-129.7540487","ASNAP","","admin","","","","","","","","","","","","-522052.03","-11098.29","-1.4","-8.5","333.95","2606.80","1.85","SciCam","/SciCam.20250808_052446405.jpg","PilotCam","/PilotCam.20250808_052446405.jpg","BrowCam","/BrowCam.20250808_052446405.jpg","UserSelect","/UserSelect.20250808_052446405.jpg","","","-999.99","1.80","-999.99","-999.99","68958a1ee3a1c300139c38f3"
"2025-08-08T05:25:01.439Z","45.8168163","-129.7540486","ASNAP","","admin","","","","","","","","","","","","-522052.02","-11098.27","-1.4","-9.0","333.61","2606.77","1.87","SciCam","/SciCam.20250808_052501439.jpg","PilotCam","/PilotCam.20250808_052501439.jpg","BrowCam","/BrowCam.20250808_052501439.jpg","UserSelect","/UserSelect.20250808_052501439.jpg","","","-999.99","1.77","-3.65","-999.99","68958a2de3a1c300139c38f7"
"2025-08-08T05:25:16.470Z","45.8168163","-129.7540486","ASNAP","","admin","","","","","","","","","","","","-522052.02","-11098.27","-1.4","-8.9","333.78","2606.78","1.85","SciCam","/SciCam.20250808_052516470.jpg","PilotCam","/PilotCam.20250808_052516470.jpg","BrowCam","/BrowCam.20250808_052516470.jpg","UserSelect","/UserSelect.20250808_052516470.jpg","","","-999.99","1.78","-3.65","-999.99","68958a3ce3a1c300139c38fb"
"2025-08-08T05:25:31.501Z","45.8168164","-129.7540485","ASNAP","","admin","","","","","","","","","","","","-522052.01","-11098.26","-1.3","-8.6","333.83","2606.79","1.85","SciCam","/SciCam.20250808_052531501.jpg","PilotCam","/PilotCam.20250808_052531501.jpg","BrowCam","/BrowCam.20250808_052531501.jpg","UserSelect","/UserSelect.20250808_052531501.jpg","","","-999.99","1.78","-999.99","-999.99","68958a4be3a1c300139c38ff"
"2025-08-08T05:25:35.449Z","45.8168164","-129.7540486","ROV Actions","attempting to plug in J2 cable","guest","","","(Port) Manipulator in use","","","","","","","","","-522052.02","-11098.26","-1.2","-8.6","333.78","2606.79","1.85","SciCam","/SciCam.20250808_052535449.jpg","PilotCam","/PilotCam.20250808_052535449.jpg","BrowCam","/BrowCam.20250808_052535449.jpg","UserSelect","/UserSelect.20250808_052535449.jpg","","","-999.99","1.80","-999.99","-999.99","68958a4fe3a1c300139c3903"
"2025-08-08T05:25:46.534Z","45.8168165","-129.7540487","ASNAP","","admin","","","","","","","","","","","","-522052.03","-11098.25","-0.5","-8.1","333.65","2606.79","1.77","SciCam","/SciCam.20250808_052546534.jpg","PilotCam","/PilotCam.20250808_052546534.jpg","BrowCam","/BrowCam.20250808_052546534.jpg","UserSelect","/UserSelect.20250808_052546534.jpg","","","-999.99","1.79","-999.99","-999.99","68958a5ae3a1c300139c3907"
"2025-08-08T05:26:01.566Z","45.8168165","-129.7540487","ASNAP","","admin","","","","","","","","","","","","-522052.03","-11098.25","-0.5","-8.5","333.22","2606.77","1.82","SciCam","/SciCam.20250808_052601566.jpg","PilotCam","/PilotCam.20250808_052601566.jpg","BrowCam","/BrowCam.20250808_052601566.jpg","UserSelect","/UserSelect.20250808_052601566.jpg","","","-999.99","1.77","-999.99","-999.99","68958a69e3a1c300139c390b"
"2025-08-08T05:26:16.596Z","45.8168166","-129.7540481","ASNAP","","admin","","","","","","","","","","","","-522051.98","-11098.24","-0.4","-8.8","332.10","2606.76","1.82","SciCam","/SciCam.20250808_052616596.jpg","PilotCam","/PilotCam.20250808_052616596.jpg","BrowCam","/BrowCam.20250808_052616596.jpg","UserSelect","/UserSelect.20250808_052616596.jpg","","","-999.99","1.78","-999.99","-999.99","68958a78e3a1c300139c390f"
"2025-08-08T05:26:29.551Z","45.8168167","-129.7540485","Connection Status","J2","guest","","","","","","","","Connected","","","","-522052.01","-11098.22","-0.6","-8.7","333.42","2606.78","1.85","SciCam","/SciCam.20250808_052629551.jpg","PilotCam","/PilotCam.20250808_052629551.jpg","BrowCam","/BrowCam.20250808_052629551.jpg","UserSelect","/UserSelect.20250808_052629551.jpg","","","-3.65","1.82","-999.99","-999.99","68958a85e3a1c300139c3913"
"2025-08-08T05:26:31.626Z","45.8168167","-129.7540485","ASNAP","","admin","","","","","","","","","","","","-522052.01","-11098.22","-0.8","-8.5","333.00","2606.78","1.85","SciCam","/SciCam.20250808_052631626.jpg","PilotCam","/PilotCam.20250808_052631626.jpg","BrowCam","/BrowCam.20250808_052631626.jpg","UserSelect","/UserSelect.20250808_052631626.jpg","","","-999.99","1.81","-999.99","-999.99","68958a87e3a1c300139c3917"
"2025-08-08T05:26:46.658Z","45.8168167","-129.7540486","ASNAP","","admin","","","","","","","","","","","","-522052.02","-11098.22","-2.4","-8.4","333.78","2606.84","1.85","SciCam","/SciCam.20250808_052646658.jpg","PilotCam","/PilotCam.20250808_052646658.jpg","BrowCam","/BrowCam.20250808_052646658.jpg","UserSelect","/UserSelect.20250808_052646658.jpg","","","-999.99","1.78","-999.99","-999.99","68958a96e3a1c300139c391b"
"2025-08-08T05:27:01.692Z","45.8168168","-129.7540486","ASNAP","","admin","","","","","","","","","","","","-522052.02","-11098.21","-2.5","-8.3","333.24","2606.84","1.85","SciCam","/SciCam.20250808_052701692.jpg","PilotCam","/PilotCam.20250808_052701692.jpg","BrowCam","/BrowCam.20250808_052701692.jpg","UserSelect","/UserSelect.20250808_052701692.jpg","","","-999.99","1.79","-999.99","-999.99","68958aa5e3a1c300139c391f"
"2025-08-08T05:27:16.722Z","45.8168169","-129.7540487","ASNAP","","admin","","","","","","","","","","","","-522052.03","-11098.20","-2.2","-8.2","333.04","2606.84","1.82","SciCam","/SciCam.20250808_052716722.jpg","PilotCam","/PilotCam.20250808_052716722.jpg","BrowCam","/BrowCam.20250808_052716722.jpg","UserSelect","/UserSelect.20250808_052716722.jpg","","","-999.99","1.77","-999.99","-999.99","68958ab4e3a1c300139c3923"
"2025-08-08T05:27:31.753Z","45.8168169","-129.7540487","ASNAP","","admin","","","","","","","","","","","","-522052.03","-11098.20","-2.5","-8.3","332.95","2606.85","1.77","SciCam","/SciCam.20250808_052731753.jpg","PilotCam","/PilotCam.20250808_052731753.jpg","BrowCam","/BrowCam.20250808_052731753.jpg","UserSelect","/UserSelect.20250808_052731753.jpg","","","-999.99","1.82","-999.99","-999.99","68958ac3e3a1c300139c3927"
"2025-08-08T05:27:46.786Z","45.8168169","-129.7540487","ASNAP","","admin","","","","","","","","","","","","-522052.03","-11098.20","-2.4","-8.5","333.15","2606.84","1.85","SciCam","/SciCam.20250808_052746786.jpg","PilotCam","/PilotCam.20250808_052746786.jpg","BrowCam","/BrowCam.20250808_052746786.jpg","UserSelect","/UserSelect.20250808_052746786.jpg","","","-999.99","1.77","-999.99","-999.99","68958ad2e3a1c300139c392b"
"2025-08-08T05:28:01.818Z","45.8168172","-129.7540487","ASNAP","","admin","","","","","","","","","","","","-522052.03","-11098.17","-2.4","-8.3","333.11","2606.85","1.82","SciCam","/SciCam.20250808_052801818.jpg","PilotCam","/PilotCam.20250808_052801818.jpg","BrowCam","/BrowCam.20250808_052801818.jpg","UserSelect","/UserSelect.20250808_052801818.jpg","","","-999.99","1.79","-999.99","-999.99","68958ae1e3a1c300139c392f"
"2025-08-08T05:28:16.852Z","45.8168171","-129.7540487","ASNAP","","admin","","","","","","","","","","","","-522052.03","-11098.18","-2.5","-8.4","333.68","2606.85","1.85","SciCam","/SciCam.20250808_052816852.jpg","PilotCam","/PilotCam.20250808_052816852.jpg","BrowCam","/BrowCam.20250808_052816852.jpg","UserSelect","/UserSelect.20250808_052816852.jpg","","","-999.99","1.78","-999.99","-999.99","68958af0e3a1c300139c3933"
"2025-08-08T05:28:31.887Z","45.8168171","-129.7540489","ASNAP","","admin","","","","","","","","","","","","-522052.04","-11098.18","-0.4","-7.8","333.74","2606.81","1.82","SciCam","/SciCam.20250808_052831887.jpg","PilotCam","/PilotCam.20250808_052831887.jpg","BrowCam","/BrowCam.20250808_052831887.jpg","UserSelect","/UserSelect.20250808_052831887.jpg","","","-999.99","1.81","-999.99","-999.99","68958affe3a1c300139c3937"
"2025-08-08T05:28:46.919Z","45.8168173","-129.7540490","ASNAP","","admin","","","","","","","","","","","","-522052.05","-11098.16","-0.2","-8.2","334.18","2606.81","1.85","SciCam","/SciCam.20250808_052846919.jpg","PilotCam","/PilotCam.20250808_052846919.jpg","BrowCam","/BrowCam.20250808_052846919.jpg","UserSelect","/UserSelect.20250808_052846919.jpg","","","-3.65","1.76","-999.99","-999.99","68958b0ee3a1c300139c393b"
"2025-08-08T05:29:01.953Z","45.8168173","-129.7540491","ASNAP","","admin","","","","","","","","","","","","-522052.06","-11098.16","-0.6","-8.4","334.02","2606.81","1.75","SciCam","/SciCam.20250808_052901953.jpg","PilotCam","/PilotCam.20250808_052901953.jpg","BrowCam","/BrowCam.20250808_052901953.jpg","UserSelect","/UserSelect.20250808_052901953.jpg","","","-3.65","1.80","-999.99","-999.99","68958b1de3a1c300139c393f"
"2025-08-08T05:29:16.974Z","45.8168176","-129.7540508","ASNAP","","admin","","","","","","","","","","","","-522052.19","-11098.12","-1.0","-9.3","338.56","2606.82","1.85","SciCam","/SciCam.20250808_052916974.jpg","PilotCam","/PilotCam.20250808_052916974.jpg","BrowCam","/BrowCam.20250808_052916974.jpg","UserSelect","/UserSelect.20250808_052916974.jpg","","","-3.65","1.81","-999.99","-999.99","68958b2ce3a1c300139c3943"
"2025-08-08T05:29:32.005Z","45.8168163","-129.7540528","ASNAP","","admin","","","","","","","","","","","","-522052.35","-11098.27","1.0","-7.7","332.32","2606.84","1.67","SciCam","/SciCam.20250808_052932005.jpg","PilotCam","/PilotCam.20250808_052932005.jpg","BrowCam","/BrowCam.20250808_052932005.jpg","UserSelect","/UserSelect.20250808_052932005.jpg","","","-3.65","1.80","-999.99","-999.99","68958b3ce3a1c300139c3947"
"2025-08-08T05:29:47.038Z","45.8168137","-129.7540382","ASNAP","","admin","","","","","","","","","","","","-522051.21","-11098.56","2.2","-7.8","300.97","2606.79","1.72","SciCam","/SciCam.20250808_052947038.jpg","PilotCam","/PilotCam.20250808_052947038.jpg","BrowCam","/BrowCam.20250808_052947038.jpg","UserSelect","/UserSelect.20250808_052947038.jpg","","","-999.99","1.76","-999.99","-999.99","68958b4be3a1c300139c394b"
"2025-08-08T05:30:02.067Z","45.8168053","-129.7540400","ASNAP","","admin","","","","","","","","","","","","-522051.35","-11099.49","2.0","-7.4","275.76","2606.82","1.67","SciCam","/SciCam.20250808_053002067.jpg","PilotCam","/PilotCam.20250808_053002067.jpg","BrowCam","/BrowCam.20250808_053002067.jpg","UserSelect","/UserSelect.20250808_053002067.jpg","","","-999.99","1.77","-999.99","-999.99","68958b5ae3a1c300139c394f"
"2025-08-08T05:30:17.098Z","45.8168016","-129.7540454","ASNAP","","admin","","","","","","","","","","","","-522051.77","-11099.90","1.8","-7.7","275.36","2606.83","1.67","SciCam","/SciCam.20250808_053017098.jpg","PilotCam","/PilotCam.20250808_053017098.jpg","BrowCam","/BrowCam.20250808_053017098.jpg","UserSelect","/UserSelect.20250808_053017098.jpg","","","-999.99","1.79","-999.99","-999.99","68958b69e3a1c300139c3953"
"2025-08-08T05:30:32.129Z","45.8168040","-129.7540449","ASNAP","","admin","","","","","","","","","","","","-522051.73","-11099.64","0.3","-7.6","278.36","2606.83","1.72","SciCam","/SciCam.20250808_053032129.jpg","PilotCam","/PilotCam.20250808_053032129.jpg","BrowCam","/BrowCam.20250808_053032129.jpg","UserSelect","/UserSelect.20250808_053032129.jpg","","","-999.99","1.81","-999.99","-999.99","68958b78e3a1c300139c3957"
"2025-08-08T05:30:47.161Z","45.8168032","-129.7540449","ASNAP","","admin","","","","","","","","","","","","-522051.73","-11099.72","0.2","-7.9","277.14","2606.80","1.72","SciCam","/SciCam.20250808_053047161.jpg","PilotCam","/PilotCam.20250808_053047161.jpg","BrowCam","/BrowCam.20250808_053047161.jpg","UserSelect","/UserSelect.20250808_053047161.jpg","","","-999.99","1.80","-999.99","-999.99","68958b87e3a1c300139c395b"
"2025-08-08T05:31:02.183Z","45.8168013","-129.7540552","ASNAP","","admin","","","","","","","","","","","","-522052.53","-11099.94","0.2","-7.4","257.57","2606.73","1.80","SciCam","/SciCam.20250808_053102183.jpg","PilotCam","/PilotCam.20250808_053102183.jpg","BrowCam","/BrowCam.20250808_053102183.jpg","UserSelect","/UserSelect.20250808_053102183.jpg","","","-3.65","1.80","-999.99","-999.99","68958b96e3a1c300139c395f"
"2025-08-08T05:31:17.218Z","45.8167996","-129.7540574","ASNAP","","admin","","","","","","","","","","","","-522052.70","-11100.13","0.3","-7.6","256.60","2607.05","1.57","SciCam","/SciCam.20250808_053117218.jpg","PilotCam","/PilotCam.20250808_053117218.jpg","BrowCam","/BrowCam.20250808_053117218.jpg","UserSelect","/UserSelect.20250808_053117218.jpg","","","-3.65","1.80","-999.99","-999.99","68958ba5e3a1c300139c3963"
"2025-08-08T05:31:32.249Z","45.8168013","-129.7540586","ASNAP","","admin","","","","","","","","","","","","-522052.80","-11099.94","-2.1","-7.3","256.24","2606.86","1.75","SciCam","/SciCam.20250808_053132249.jpg","PilotCam","/PilotCam.20250808_053132249.jpg","BrowCam","/BrowCam.20250808_053132249.jpg","UserSelect","/UserSelect.20250808_053132249.jpg","","","-999.99","1.80","-999.99","-999.99","68958bb4e3a1c300139c3967"
"2025-08-08T05:31:47.269Z","45.8168017","-129.7540577","ASNAP","","admin","","","","","","","","","","","","-522052.73","-11099.89","-2.5","-9.7","256.57","2606.76","1.87","SciCam","/SciCam.20250808_053147269.jpg","PilotCam","/PilotCam.20250808_053147269.jpg","BrowCam","/BrowCam.20250808_053147269.jpg","UserSelect","/UserSelect.20250808_053147269.jpg","","","-999.99","1.83","-999.99","-999.99","68958bc3e3a1c300139c396b"
"2025-08-08T05:32:02.302Z","45.8168017","-129.7540570","ASNAP","","admin","","","","","","","","","","","","-522052.67","-11099.89","-1.8","-9.0","255.61","2606.92","1.75","SciCam","/SciCam.20250808_053202302.jpg","PilotCam","/PilotCam.20250808_053202302.jpg","BrowCam","/BrowCam.20250808_053202302.jpg","UserSelect","/UserSelect.20250808_053202302.jpg","","","-999.99","1.84","-999.99","-999.99","68958bd2e3a1c300139c396f"
"2025-08-08T05:32:17.331Z","45.8168017","-129.7540570","ASNAP","","admin","","","","","","","","","","","","-522052.67","-11099.89","-2.2","-8.8","255.62","2606.94","1.75","SciCam","/SciCam.20250808_053217331.jpg","PilotCam","/PilotCam.20250808_053217331.jpg","BrowCam","/BrowCam.20250808_053217331.jpg","UserSelect","/UserSelect.20250808_053217331.jpg","","","-999.99","1.79","-999.99","-999.99","68958be1e3a1c300139c3973"
"2025-08-08T05:32:32.365Z","45.8168017","-129.7540570","ASNAP","","admin","","","","","","","","","","","","-522052.67","-11099.89","-2.2","-8.8","255.74","2606.94","1.77","SciCam","/SciCam.20250808_053232365.jpg","PilotCam","/PilotCam.20250808_053232365.jpg","BrowCam","/BrowCam.20250808_053232365.jpg","UserSelect","/UserSelect.20250808_053232365.jpg","","","-3.65","1.81","-999.99","-999.99","68958bf0e3a1c300139c3977"
"2025-08-08T05:32:47.398Z","45.8168018","-129.7540568","ASNAP","","admin","","","","","","","","","","","","-522052.66","-11099.88","-1.4","-9.0","255.79","2606.92","1.75","SciCam","/SciCam.20250808_053247398.jpg","PilotCam","/PilotCam.20250808_053247398.jpg","BrowCam","/BrowCam.20250808_053247398.jpg","UserSelect","/UserSelect.20250808_053247398.jpg","","","-999.99","1.76","-3.65","-999.99","68958bffe3a1c300139c397b"
"2025-08-08T05:33:02.430Z","45.8168020","-129.7540567","ASNAP","","admin","","","","","","","","","","","","-522052.65","-11099.86","-1.2","-8.7","255.94","2606.93","1.75","SciCam","/SciCam.20250808_053302430.jpg","PilotCam","/PilotCam.20250808_053302430.jpg","BrowCam","/BrowCam.20250808_053302430.jpg","UserSelect","/UserSelect.20250808_053302430.jpg","","","-3.65","1.81","-999.99","-999.99","68958c0ee3a1c300139c397f"
"2025-08-08T05:33:17.463Z","45.8168019","-129.7540566","ASNAP","","admin","","","","","","","","","","","","-522052.64","-11099.87","-1.2","-8.9","256.02","2606.92","1.75","SciCam","/SciCam.20250808_053317463.jpg","PilotCam","/PilotCam.20250808_053317463.jpg","BrowCam","/BrowCam.20250808_053317463.jpg","UserSelect","/UserSelect.20250808_053317463.jpg","","","-999.99","1.81","-999.99","-999.99","68958c1de3a1c300139c3983"
"2025-08-08T05:33:18.595Z","45.8168019","-129.7540567","ROV Actions","attempting to plug J3 back into old LV03A","guest","","","(Port) Manipulator in use","","","","","","","","","-522052.65","-11099.87","-1.1","-8.8","256.05","2606.92","1.75","SciCam","/SciCam.20250808_053318595.jpg","PilotCam","/PilotCam.20250808_053318595.jpg","BrowCam","/BrowCam.20250808_053318595.jpg","UserSelect","/UserSelect.20250808_053318595.jpg","","","-999.99","1.76","-999.99","-999.99","68958c1ee3a1c300139c3987"
"2025-08-08T05:33:32.498Z","45.8168022","-129.7540565","ASNAP","","admin","","","","","","","","","","","","-522052.63","-11099.84","-0.6","-9.6","254.59","2606.87","1.77","SciCam","/SciCam.20250808_053332498.jpg","PilotCam","/PilotCam.20250808_053332498.jpg","BrowCam","/BrowCam.20250808_053332498.jpg","UserSelect","/UserSelect.20250808_053332498.jpg","","","-999.99","1.80","-999.99","-999.99","68958c2ce3a1c300139c398b"
"2025-08-08T05:33:47.532Z","45.8168022","-129.7540565","ASNAP","","admin","","","","","","","","","","","","-522052.63","-11099.84","-1.1","-8.9","255.12","2606.92","1.77","SciCam","/SciCam.20250808_053347532.jpg","PilotCam","/PilotCam.20250808_053347532.jpg","BrowCam","/BrowCam.20250808_053347532.jpg","UserSelect","/UserSelect.20250808_053347532.jpg","","","-999.99","1.80","-999.99","-999.99","68958c3be3a1c300139c398f"
"2025-08-08T05:34:02.565Z","45.8168021","-129.7540563","ASNAP","","admin","","","","","","","","","","","","-522052.62","-11099.85","-1.1","-8.8","256.41","2606.92","1.75","SciCam","/SciCam.20250808_053402565.jpg","PilotCam","/PilotCam.20250808_053402565.jpg","BrowCam","/BrowCam.20250808_053402565.jpg","UserSelect","/UserSelect.20250808_053402565.jpg","","","-999.99","1.83","-999.99","-999.99","68958c4ae3a1c300139c3993"
"2025-08-08T05:34:17.598Z","45.8168022","-129.7540562","ASNAP","","admin","","","","","","","","","","","","-522052.61","-11099.84","-1.3","-8.9","256.28","2606.93","1.75","SciCam","/SciCam.20250808_053417598.jpg","PilotCam","/PilotCam.20250808_053417598.jpg","BrowCam","/BrowCam.20250808_053417598.jpg","UserSelect","/UserSelect.20250808_053417598.jpg","","","-999.99","1.81","-999.99","-999.99","68958c59e3a1c300139c3997"
"2025-08-08T05:34:32.631Z","45.8168022","-129.7540562","ASNAP","","admin","","","","","","","","","","","","-522052.61","-11099.84","-1.2","-8.8","256.40","2606.93","1.75","SciCam","/SciCam.20250808_053432631.jpg","PilotCam","/PilotCam.20250808_053432631.jpg","BrowCam","/BrowCam.20250808_053432631.jpg","UserSelect","/UserSelect.20250808_053432631.jpg","","","-3.65","1.80","-999.99","-999.99","68958c68e3a1c300139c399b"
"2025-08-08T05:34:47.664Z","45.8168023","-129.7540562","ASNAP","","admin","","","","","","","","","","","","-522052.61","-11099.83","-1.2","-8.6","256.17","2606.94","1.75","SciCam","/SciCam.20250808_053447664.jpg","PilotCam","/PilotCam.20250808_053447664.jpg","BrowCam","/BrowCam.20250808_053447664.jpg","UserSelect","/UserSelect.20250808_053447664.jpg","","","-3.65","1.79","-999.99","-999.99","68958c77e3a1c300139c399f"
"2025-08-08T05:35:02.697Z","45.8168024","-129.7540561","ASNAP","","admin","","","","","","","","","","","","-522052.60","-11099.81","-1.3","-8.6","256.62","2606.94","1.75","SciCam","/SciCam.20250808_053502697.jpg","PilotCam","/PilotCam.20250808_053502697.jpg","BrowCam","/BrowCam.20250808_053502697.jpg","UserSelect","/UserSelect.20250808_053502697.jpg","","","-999.99","1.78","-999.99","-999.99","68958c86e3a1c300139c39a3"
"2025-08-08T05:35:17.729Z","45.8168025","-129.7540561","ASNAP","","admin","","","","","","","","","","","","-522052.60","-11099.80","-1.4","-8.8","256.60","2606.93","1.75","SciCam","/SciCam.20250808_053517729.jpg","PilotCam","/PilotCam.20250808_053517729.jpg","BrowCam","/BrowCam.20250808_053517729.jpg","UserSelect","/UserSelect.20250808_053517729.jpg","","","-999.99","1.80","-999.99","-999.99","68958c95e3a1c300139c39a7"
"2025-08-08T05:35:32.761Z","45.8168025","-129.7540562","ASNAP","","admin","","","","","","","","","","","","-522052.61","-11099.80","-1.3","-8.8","256.79","2606.94","1.75","SciCam","/SciCam.20250808_053532761.jpg","PilotCam","/PilotCam.20250808_053532761.jpg","BrowCam","/BrowCam.20250808_053532761.jpg","UserSelect","/UserSelect.20250808_053532761.jpg","","","-999.99","1.79","-999.99","-999.99","68958ca4e3a1c300139c39ab"
"2025-08-08T05:35:47.795Z","45.8168026","-129.7540562","ASNAP","","admin","","","","","","","","","","","","-522052.61","-11099.79","-1.3","-9.0","256.84","2606.93","1.75","SciCam","/SciCam.20250808_053547795.jpg","PilotCam","/PilotCam.20250808_053547795.jpg","BrowCam","/BrowCam.20250808_053547795.jpg","UserSelect","/UserSelect.20250808_053547795.jpg","","","-3.65","1.81","-999.99","-999.99","68958cb3e3a1c300139c39af"
"2025-08-08T05:36:02.825Z","45.8168027","-129.7540563","ASNAP","","admin","","","","","","","","","","","","-522052.62","-11099.78","-1.3","-9.1","257.07","2606.92","1.77","SciCam","/SciCam.20250808_053602825.jpg","PilotCam","/PilotCam.20250808_053602825.jpg","BrowCam","/BrowCam.20250808_053602825.jpg","UserSelect","/UserSelect.20250808_053602825.jpg","","","-999.99","1.80","-999.99","-999.99","68958cc2e3a1c300139c39b3"
"2025-08-08T05:36:17.858Z","45.8168028","-129.7540563","ASNAP","","admin","","","","","","","","","","","","-522052.62","-11099.77","-1.4","-9.2","257.20","2606.92","1.77","SciCam","/SciCam.20250808_053617858.jpg","PilotCam","/PilotCam.20250808_053617858.jpg","BrowCam","/BrowCam.20250808_053617858.jpg","UserSelect","/UserSelect.20250808_053617858.jpg","","","-3.65","1.78","-999.99","-999.99","68958cd1e3a1c300139c39b7"
"2025-08-08T05:36:32.892Z","45.8168028","-129.7540563","ASNAP","","admin","","","","","","","","","","","","-522052.62","-11099.77","-1.5","-9.2","257.21","2606.92","1.77","SciCam","/SciCam.20250808_053632892.jpg","PilotCam","/PilotCam.20250808_053632892.jpg","BrowCam","/BrowCam.20250808_053632892.jpg","UserSelect","/UserSelect.20250808_053632892.jpg","","","-999.99","1.80","-999.99","-999.99","68958ce0e3a1c300139c39bb"
"2025-08-08T05:36:47.920Z","45.8168028","-129.7540563","ASNAP","","admin","","","","","","","","","","","","-522052.62","-11099.77","-1.4","-9.1","257.26","2606.93","1.77","SciCam","/SciCam.20250808_053647920.jpg","PilotCam","/PilotCam.20250808_053647920.jpg","BrowCam","/BrowCam.20250808_053647920.jpg","UserSelect","/UserSelect.20250808_053647920.jpg","","","-999.99","1.76","-999.99","-999.99","68958cefe3a1c300139c39bf"
"2025-08-08T05:37:02.948Z","45.8168030","-129.7540562","ASNAP","","admin","","","","","","","","","","","","-522052.61","-11099.75","-1.4","-8.9","257.14","2606.94","1.75","SciCam","/SciCam.20250808_053702948.jpg","PilotCam","/PilotCam.20250808_053702948.jpg","BrowCam","/BrowCam.20250808_053702948.jpg","UserSelect","/UserSelect.20250808_053702948.jpg","","","-3.65","1.83","-999.99","-999.99","68958cfee3a1c300139c39c3"
"2025-08-08T05:37:17.982Z","45.8168032","-129.7540561","ASNAP","","admin","","","","","","","","","","","","-522052.60","-11099.72","-2.7","-9.0","257.49","2606.96","1.77","SciCam","/SciCam.20250808_053717982.jpg","PilotCam","/PilotCam.20250808_053717982.jpg","BrowCam","/BrowCam.20250808_053717982.jpg","UserSelect","/UserSelect.20250808_053717982.jpg","","","-3.65","1.78","-3.65","-999.99","68958d0de3a1c300139c39c7"
"2025-08-08T05:37:33.014Z","45.8168033","-129.7540558","ASNAP","","admin","","","","","","","","","","","","-522052.58","-11099.71","-2.9","-9.5","257.59","2606.96","1.77","SciCam","/SciCam.20250808_053733014.jpg","PilotCam","/PilotCam.20250808_053733014.jpg","BrowCam","/BrowCam.20250808_053733014.jpg","UserSelect","/UserSelect.20250808_053733014.jpg","","","-3.65","1.78","-999.99","-999.99","68958d1de3a1c300139c39cb"
"2025-08-08T05:37:48.045Z","45.8168091","-129.7540626","ASNAP","","admin","","","","","","","","","","","","-522053.11","-11099.07","-0.2","-6.6","256.00","2606.92","1.69","SciCam","/SciCam.20250808_053748045.jpg","PilotCam","/PilotCam.20250808_053748045.jpg","BrowCam","/BrowCam.20250808_053748045.jpg","UserSelect","/UserSelect.20250808_053748045.jpg","","","-999.99","1.80","-999.99","-999.99","68958d2ce3a1c300139c39cf"
"2025-08-08T05:38:03.077Z","45.8168095","-129.7540526","ASNAP","","admin","","","","","","","","","","","","-522052.33","-11099.02","-0.4","-7.2","267.70","2606.81","1.69","SciCam","/SciCam.20250808_053803077.jpg","PilotCam","/PilotCam.20250808_053803077.jpg","BrowCam","/BrowCam.20250808_053803077.jpg","UserSelect","/UserSelect.20250808_053803077.jpg","","","-999.99","1.84","-3.65","-999.99","68958d3be3a1c300139c39d3"
"2025-08-08T05:38:18.110Z","45.8168040","-129.7540374","ASNAP","","admin","","","","","","","","","","","","-522051.15","-11099.64","-0.5","-7.0","294.42","2604.87","3.58","SciCam","/SciCam.20250808_053818110.jpg","PilotCam","/PilotCam.20250808_053818110.jpg","BrowCam","/BrowCam.20250808_053818110.jpg","UserSelect","/UserSelect.20250808_053818110.jpg","","","-999.99","1.79","-999.99","-999.99","68958d4ae3a1c300139c39d7"
"2025-08-08T05:38:33.142Z","45.8168032","-129.7540371","ASNAP","","admin","","","","","","","","","","","","-522051.13","-11099.72","-0.5","-7.1","290.77","2604.50","4.19","SciCam","/SciCam.20250808_053833142.jpg","PilotCam","/PilotCam.20250808_053833142.jpg","BrowCam","/BrowCam.20250808_053833142.jpg","UserSelect","/UserSelect.20250808_053833142.jpg","","","-999.99","1.78","-999.99","-999.99","68958d59e3a1c300139c39db"
"2025-08-08T05:38:48.176Z","45.8168040","-129.7540375","ASNAP","","admin","","","","","","","","","","","","-522051.16","-11099.64","-0.8","-7.3","291.72","2604.53","4.09","SciCam","/SciCam.20250808_053848176.jpg","PilotCam","/PilotCam.20250808_053848176.jpg","BrowCam","/BrowCam.20250808_053848176.jpg","UserSelect","/UserSelect.20250808_053848176.jpg","","","-999.99","1.80","-999.99","-999.99","68958d68e3a1c300139c39df"
"2025-08-08T05:39:03.211Z","45.8168038","-129.7540376","ASNAP","","admin","","","","","","","","","","","","-522051.17","-11099.66","-0.7","-7.2","292.03","2604.58","4.01","SciCam","/SciCam.20250808_053903211.jpg","PilotCam","/PilotCam.20250808_053903211.jpg","BrowCam","/BrowCam.20250808_053903211.jpg","UserSelect","/UserSelect.20250808_053903211.jpg","","","-3.65","1.81","-3.65","-999.99","68958d77e3a1c300139c39e3"
"2025-08-08T05:39:18.246Z","45.8168039","-129.7540374","ASNAP","","admin","","","","","","","","","","","","-522051.15","-11099.65","-0.6","-7.3","292.09","2604.56","4.09","SciCam","/SciCam.20250808_053918246.jpg","PilotCam","/PilotCam.20250808_053918246.jpg","BrowCam","/BrowCam.20250808_053918246.jpg","UserSelect","/UserSelect.20250808_053918246.jpg","","","-999.99","1.78","-999.99","-999.99","68958d86e3a1c300139c39e7"
"2025-08-08T05:39:33.280Z","45.8168037","-129.7540379","ASNAP","","admin","","","","","","","","","","","","-522051.19","-11099.67","-0.7","-7.1","292.08","2604.54","4.09","SciCam","/SciCam.20250808_053933280.jpg","PilotCam","/PilotCam.20250808_053933280.jpg","BrowCam","/BrowCam.20250808_053933280.jpg","UserSelect","/UserSelect.20250808_053933280.jpg","","","-999.99","1.79","-999.99","-999.99","68958d95e3a1c300139c39eb"
"2025-08-08T05:39:48.308Z","45.8168027","-129.7540385","ASNAP","","admin","","","","","","","","","","","","-522051.24","-11099.78","-0.4","-7.1","279.79","2604.36","4.24","SciCam","/SciCam.20250808_053948308.jpg","PilotCam","/PilotCam.20250808_053948308.jpg","BrowCam","/BrowCam.20250808_053948308.jpg","UserSelect","/UserSelect.20250808_053948308.jpg","","","-999.99","1.75","-999.99","-999.99","68958da4e3a1c300139c39ef"
"2025-08-08T05:40:03.343Z","45.8168083","-129.7540387","ASNAP","","admin","","","","","","","","","","","","-522051.25","-11099.16","-1.1","-6.8","291.07","2604.40","4.22","SciCam","/SciCam.20250808_054003343.jpg","PilotCam","/PilotCam.20250808_054003343.jpg","BrowCam","/BrowCam.20250808_054003343.jpg","UserSelect","/UserSelect.20250808_054003343.jpg","","","-999.99","1.77","-999.99","-999.99","68958db3e3a1c300139c39f3"
"2025-08-08T05:40:18.365Z","45.8168019","-129.7540340","ASNAP","","admin","","","","","","","","","","","","-522050.89","-11099.87","-1.2","-7.0","27.03","2604.38","4.34","SciCam","/SciCam.20250808_054018365.jpg","PilotCam","/PilotCam.20250808_054018365.jpg","BrowCam","/BrowCam.20250808_054018365.jpg","UserSelect","/UserSelect.20250808_054018365.jpg","","","-999.99","1.79","-999.99","-999.99","68958dc2e3a1c300139c39f7"
"2025-08-08T05:40:33.388Z","45.8168035","-129.7540362","ASNAP","","admin","","","","","","","","","","","","-522051.06","-11099.69","-1.5","-6.2","72.75","2604.46","3.76","SciCam","/SciCam.20250808_054033388.jpg","PilotCam","/PilotCam.20250808_054033388.jpg","BrowCam","/BrowCam.20250808_054033388.jpg","UserSelect","/UserSelect.20250808_054033388.jpg","","","-999.99","1.80","-999.99","-999.99","68958dd1e3a1c300139c39fb"
"2025-08-08T05:40:48.422Z","45.8168076","-129.7540342","ASNAP","","admin","","","","","","","","","","","","-522050.90","-11099.24","-1.4","-6.0","70.00","2604.45","3.83","SciCam","/SciCam.20250808_054048422.jpg","PilotCam","/PilotCam.20250808_054048422.jpg","BrowCam","/BrowCam.20250808_054048422.jpg","UserSelect","/UserSelect.20250808_054048422.jpg","","","-3.65","1.77","-3.65","-999.99","68958de0e3a1c300139c39ff"
"2025-08-08T05:41:03.455Z","45.8168206","-129.7540057","ASNAP","","admin","","","","","","","","","","","","-522048.69","-11097.79","-1.5","-6.2","70.20","2604.44","4.17","SciCam","/SciCam.20250808_054103455.jpg","PilotCam","/PilotCam.20250808_054103455.jpg","BrowCam","/BrowCam.20250808_054103455.jpg","UserSelect","/UserSelect.20250808_054103455.jpg","","","-3.65","1.79","-999.99","-999.99","68958defe3a1c300139c3a03"
"2025-08-08T05:41:18.490Z","45.8168367","-129.7539927","ASNAP","","admin","","","","","","","","","","","","-522047.68","-11096.00","-1.3","-5.8","69.79","2604.41","4.40","SciCam","/SciCam.20250808_054118490.jpg","PilotCam","/PilotCam.20250808_054118490.jpg","BrowCam","/BrowCam.20250808_054118490.jpg","UserSelect","/UserSelect.20250808_054118490.jpg","","","-999.99","1.78","-999.99","-999.99","68958dfee3a1c300139c3a07"
"2025-08-08T05:41:33.525Z","45.8168555","-129.7539531","ASNAP","","admin","","","","","","","","","","","","-522044.61","-11093.91","-1.4","-5.9","69.76","2605.98","2.77","SciCam","/SciCam.20250808_054133525.jpg","PilotCam","/PilotCam.20250808_054133525.jpg","BrowCam","/BrowCam.20250808_054133525.jpg","UserSelect","/UserSelect.20250808_054133525.jpg","","","-999.99","1.79","-999.99","-999.99","68958e0de3a1c300139c3a0b"
"2025-08-08T05:41:48.551Z","45.8168739","-129.7539020","ASNAP","","admin","","","","","","","","","","","","-522040.65","-11091.87","-1.6","-6.1","69.33","2605.99","2.59","SciCam","/SciCam.20250808_054148551.jpg","PilotCam","/PilotCam.20250808_054148551.jpg","BrowCam","/BrowCam.20250808_054148551.jpg","UserSelect","/UserSelect.20250808_054148551.jpg","","","-999.99","1.76","-3.65","-999.99","68958e1ce3a1c300139c3a0f"
"2025-08-08T05:42:03.585Z","45.8168896","-129.7538738","ASNAP","","admin","","","","","","","","","","","","-522038.46","-11090.12","-1.2","-5.8","71.51","2605.34","3.20","SciCam","/SciCam.20250808_054203585.jpg","PilotCam","/PilotCam.20250808_054203585.jpg","BrowCam","/BrowCam.20250808_054203585.jpg","UserSelect","/UserSelect.20250808_054203585.jpg","","","-999.99","1.79","-999.99","-999.99","68958e2be3a1c300139c3a13"
"2025-08-08T05:42:18.617Z","45.8169020","-129.7538446","ASNAP","","admin","","","","","","","","","","","","-522036.19","-11088.74","-1.4","-5.9","70.14","2605.34","3.27","SciCam","/SciCam.20250808_054218617.jpg","PilotCam","/PilotCam.20250808_054218617.jpg","BrowCam","/BrowCam.20250808_054218617.jpg","UserSelect","/UserSelect.20250808_054218617.jpg","","","-3.65","1.74","-999.99","-999.99","68958e3ae3a1c300139c3a17"
"2025-08-08T05:42:33.648Z","45.8169125","-129.7538265","ASNAP","","admin","","","","","","","","","","","","-522034.79","-11087.58","-1.1","-5.9","71.24","2606.57","2.18","SciCam","/SciCam.20250808_054233648.jpg","PilotCam","/PilotCam.20250808_054233648.jpg","BrowCam","/BrowCam.20250808_054233648.jpg","UserSelect","/UserSelect.20250808_054233648.jpg","","","-999.99","1.77","-999.99","-999.99","68958e49e3a1c300139c3a1b"
"2025-08-08T05:42:48.682Z","45.8169212","-129.7538137","ASNAP","","admin","","","","","","","","","","","","-522033.80","-11086.61","-0.9","-5.6","69.69","2606.34","2.15","SciCam","/SciCam.20250808_054248682.jpg","PilotCam","/PilotCam.20250808_054248682.jpg","BrowCam","/BrowCam.20250808_054248682.jpg","UserSelect","/UserSelect.20250808_054248682.jpg","","","-3.65","1.79","-999.99","-999.99","68958e58e3a1c300139c3a1f"
"2025-08-08T05:43:03.717Z","45.8169294","-129.7538201","ASNAP","","admin","","","","","","","","","","","","-522034.29","-11085.70","-0.6","-6.0","69.49","2606.18","2.46","SciCam","/SciCam.20250808_054303717.jpg","PilotCam","/PilotCam.20250808_054303717.jpg","BrowCam","/BrowCam.20250808_054303717.jpg","UserSelect","/UserSelect.20250808_054303717.jpg","","","-999.99","1.80","-999.99","-999.99","68958e67e3a1c300139c3a23"
"2025-08-08T05:43:18.748Z","45.8169403","-129.7537926","ASNAP","","admin","","","","","","","","","","","","-522032.16","-11084.49","-1.6","-6.2","71.10","2606.70","1.92","SciCam","/SciCam.20250808_054318748.jpg","PilotCam","/PilotCam.20250808_054318748.jpg","BrowCam","/BrowCam.20250808_054318748.jpg","UserSelect","/UserSelect.20250808_054318748.jpg","","","-999.99","1.76","-999.99","-999.99","68958e76e3a1c300139c3a27"
"2025-08-08T05:43:33.781Z","45.8169517","-129.7537670","ASNAP","","admin","","","","","","","","","","","","-522030.17","-11083.22","-1.2","-6.0","71.38","2606.51","2.10","SciCam","/SciCam.20250808_054333781.jpg","PilotCam","/PilotCam.20250808_054333781.jpg","BrowCam","/BrowCam.20250808_054333781.jpg","UserSelect","/UserSelect.20250808_054333781.jpg","","","-999.99","1.81","-999.99","-999.99","68958e85e3a1c300139c3a2b"
"2025-08-08T05:43:48.813Z","45.8169636","-129.7537297","ASNAP","","admin","","","","","","","","","","","","-522027.28","-11081.90","-1.3","-5.8","71.27","2606.56","2.08","SciCam","/SciCam.20250808_054348813.jpg","PilotCam","/PilotCam.20250808_054348813.jpg","BrowCam","/BrowCam.20250808_054348813.jpg","UserSelect","/UserSelect.20250808_054348813.jpg","","","-3.65","1.76","-999.99","-999.99","68958e94e3a1c300139c3a2f"
"2025-08-08T05:44:03.846Z","45.8169726","-129.7537159","ASNAP","","admin","","","","","","","","","","","","-522026.21","-11080.90","-1.1","-6.0","69.94","2606.41","2.20","SciCam","/SciCam.20250808_054403846.jpg","PilotCam","/PilotCam.20250808_054403846.jpg","BrowCam","/BrowCam.20250808_054403846.jpg","UserSelect","/UserSelect.20250808_054403846.jpg","","","-999.99","1.78","-999.99","-999.99","68958ea3e3a1c300139c3a33"
"2025-08-08T05:44:18.881Z","45.8169740","-129.7537203","ASNAP","","admin","","","","","","","","","","","","-522026.55","-11080.74","-1.2","-5.9","69.73","2606.34","2.33","SciCam","/SciCam.20250808_054418881.jpg","PilotCam","/PilotCam.20250808_054418881.jpg","BrowCam","/BrowCam.20250808_054418881.jpg","UserSelect","/UserSelect.20250808_054418881.jpg","","","-3.65","1.81","-999.99","-999.99","68958eb2e3a1c300139c3a37"
"2025-08-08T05:44:31.679Z","45.8169736","-129.7537197","Biology Type","","guest","","","","Sea pig","","","","","","","","-522026.50","-11080.79","-1.3","-5.9","70.19","2606.33","2.31","SciCam","/SciCam.20250808_054431679.jpg","PilotCam","/PilotCam.20250808_054431679.jpg","BrowCam","/BrowCam.20250808_054431679.jpg","UserSelect","/UserSelect.20250808_054431679.jpg","","","-3.65","1.79","-999.99","-999.99","68958ebfe3a1c300139c3a3b"
"2025-08-08T05:44:33.914Z","45.8169738","-129.7537197","ASNAP","","admin","","","","","","","","","","","","-522026.50","-11080.76","-1.3","-5.8","69.32","2606.34","2.33","SciCam","/SciCam.20250808_054433914.jpg","PilotCam","/PilotCam.20250808_054433914.jpg","BrowCam","/BrowCam.20250808_054433914.jpg","UserSelect","/UserSelect.20250808_054433914.jpg","","","-999.99","1.82","-999.99","-999.99","68958ec1e3a1c300139c3a3f"
"2025-08-08T05:44:48.946Z","45.8169737","-129.7537199","ASNAP","","admin","","","","","","","","","","","","-522026.52","-11080.77","-1.3","-5.9","70.43","2606.34","2.31","SciCam","/SciCam.20250808_054448946.jpg","PilotCam","/PilotCam.20250808_054448946.jpg","BrowCam","/BrowCam.20250808_054448946.jpg","UserSelect","/UserSelect.20250808_054448946.jpg","","","-999.99","1.78","-999.99","-999.99","68958ed0e3a1c300139c3a43"
"2025-08-08T05:44:54.974Z","45.8169737","-129.7537197","HIGHLIGHTS","","guest","","","","","","","","","","4K highlights start","","-522026.50","-11080.77","-1.4","-5.8","70.17","2606.37","2.31","SciCam","/SciCam.20250808_054454974.jpg","PilotCam","/PilotCam.20250808_054454974.jpg","BrowCam","/BrowCam.20250808_054454974.jpg","UserSelect","/UserSelect.20250808_054454974.jpg","","","-999.99","1.77","-999.99","-999.99","68958ed6e3a1c300139c3a47"
"2025-08-08T05:45:03.979Z","45.8169737","-129.7537193","ASNAP","","admin","","","","","","","","","","","","-522026.47","-11080.77","-1.3","-6.0","69.81","2606.36","2.31","SciCam","/SciCam.20250808_054503979.jpg","PilotCam","/PilotCam.20250808_054503979.jpg","BrowCam","/BrowCam.20250808_054503979.jpg","UserSelect","/UserSelect.20250808_054503979.jpg","","","-3.65","1.83","-999.99","-999.99","68958edfe3a1c300139c3a4b"
"2025-08-08T05:45:19.008Z","45.8169737","-129.7537197","ASNAP","","admin","","","","","","","","","","","","-522026.50","-11080.77","-1.3","-6.0","70.24","2606.36","2.31","SciCam","/SciCam.20250808_054519008.jpg","PilotCam","/PilotCam.20250808_054519008.jpg","BrowCam","/BrowCam.20250808_054519008.jpg","UserSelect","/UserSelect.20250808_054519008.jpg","","","-999.99","1.76","-999.99","-999.99","68958eefe3a1c300139c3a4f"
"2025-08-08T05:45:34.041Z","45.8169738","-129.7537195","ASNAP","","admin","","","","","","","","","","","","-522026.49","-11080.76","-1.3","-5.9","70.15","2606.36","2.28","SciCam","/SciCam.20250808_054534041.jpg","PilotCam","/PilotCam.20250808_054534041.jpg","BrowCam","/BrowCam.20250808_054534041.jpg","UserSelect","/UserSelect.20250808_054534041.jpg","","","-3.65","1.80","-999.99","-999.99","68958efee3a1c300139c3a53"
"2025-08-08T05:45:49.076Z","45.8169738","-129.7537194","ASNAP","","admin","","","","","","","","","","","","-522026.48","-11080.76","-1.2","-5.9","70.20","2606.37","2.31","SciCam","/SciCam.20250808_054549076.jpg","PilotCam","/PilotCam.20250808_054549076.jpg","BrowCam","/BrowCam.20250808_054549076.jpg","UserSelect","/UserSelect.20250808_054549076.jpg","","","-3.65","1.79","-3.65","-999.99","68958f0de3a1c300139c3a57"
"2025-08-08T05:46:04.108Z","45.8169739","-129.7537195","ASNAP","","admin","","","","","","","","","","","","-522026.49","-11080.75","-1.3","-6.0","70.41","2606.36","2.31","SciCam","/SciCam.20250808_054604108.jpg","PilotCam","/PilotCam.20250808_054604108.jpg","BrowCam","/BrowCam.20250808_054604108.jpg","UserSelect","/UserSelect.20250808_054604108.jpg","","","-999.99","1.79","-3.65","-999.99","68958f1ce3a1c300139c3a5b"
"2025-08-08T05:46:19.139Z","45.8169753","-129.7537245","ASNAP","","admin","","","","","","","","","","","","-522026.88","-11080.60","-1.3","-6.1","71.63","2606.39","2.31","SciCam","/SciCam.20250808_054619139.jpg","PilotCam","/PilotCam.20250808_054619139.jpg","BrowCam","/BrowCam.20250808_054619139.jpg","UserSelect","/UserSelect.20250808_054619139.jpg","","","-3.65","1.82","-999.99","-999.99","68958f2be3a1c300139c3a5f"
"2025-08-08T05:46:34.170Z","45.8169747","-129.7537240","ASNAP","","admin","","","","","","","","","","","","-522026.84","-11080.66","-1.3","-6.0","71.46","2606.35","2.31","SciCam","/SciCam.20250808_054634170.jpg","PilotCam","/PilotCam.20250808_054634170.jpg","BrowCam","/BrowCam.20250808_054634170.jpg","UserSelect","/UserSelect.20250808_054634170.jpg","","","-999.99","1.82","-999.99","-999.99","68958f3ae3a1c300139c3a63"
"2025-08-08T05:46:49.200Z","45.8169749","-129.7537240","ASNAP","","admin","","","","","","","","","","","","-522026.84","-11080.64","-1.3","-6.0","71.77","2606.38","2.28","SciCam","/SciCam.20250808_054649200.jpg","PilotCam","/PilotCam.20250808_054649200.jpg","BrowCam","/BrowCam.20250808_054649200.jpg","UserSelect","/UserSelect.20250808_054649200.jpg","","","-999.99","1.81","-999.99","-999.99","68958f49e3a1c300139c3a67"
"2025-08-08T05:46:57.485Z","45.8169748","-129.7537240","HIGHLIGHTS","","guest","","","","","","","","","","4K highlights stop","","-522026.84","-11080.65","-1.3","-5.9","71.81","2606.35","2.31","SciCam","/SciCam.20250808_054657485.jpg","PilotCam","/PilotCam.20250808_054657485.jpg","BrowCam","/BrowCam.20250808_054657485.jpg","UserSelect","/UserSelect.20250808_054657485.jpg","","","-3.65","1.79","-999.99","-999.99","68958f51e3a1c300139c3a6b"
"2025-08-08T05:47:02.000Z","","","SulisCam","","admin","","","","","","sulis_20250808054702.jpg","","","","","","","","","","","","","","","","","","","","","-6.277","-1.026","","","","","68964023e3a1c300139c7573"
"2025-08-08T05:47:04.231Z","45.8169754","-129.7537276","ASNAP","","admin","","","","","","","","","","","","-522027.12","-11080.59","-1.2","-5.9","71.28","2606.31","2.36","SciCam","/SciCam.20250808_054704231.jpg","PilotCam","/PilotCam.20250808_054704231.jpg","BrowCam","/BrowCam.20250808_054704231.jpg","UserSelect","/UserSelect.20250808_054704231.jpg","","","-999.99","1.79","-999.99","-999.99","68958f58e3a1c300139c3a6f"
"2025-08-08T05:47:19.250Z","45.8169767","-129.7537417","ASNAP","","admin","","","","","","","","","","","","-522028.21","-11080.44","-1.4","-6.1","72.66","2606.43","2.25","SciCam","/SciCam.20250808_054719250.jpg","PilotCam","/PilotCam.20250808_054719250.jpg","BrowCam","/BrowCam.20250808_054719250.jpg","UserSelect","/UserSelect.20250808_054719250.jpg","","","-999.99","1.73","-999.99","-999.99","68958f67e3a1c300139c3a73"
"2025-08-08T05:47:34.284Z","45.8169763","-129.7537395","ASNAP","","admin","","","","","","","","","","","","-522028.04","-11080.49","-1.2","-6.0","71.63","2606.32","2.36","SciCam","/SciCam.20250808_054734284.jpg","PilotCam","/PilotCam.20250808_054734284.jpg","BrowCam","/BrowCam.20250808_054734284.jpg","UserSelect","/UserSelect.20250808_054734284.jpg","","","-3.65","1.80","-999.99","-999.99","68958f76e3a1c300139c3a77"
"2025-08-08T05:47:49.319Z","45.8169767","-129.7537395","ASNAP","","admin","","","","","","","","","","","","-522028.04","-11080.44","-1.3","-6.0","71.65","2606.38","2.28","SciCam","/SciCam.20250808_054749319.jpg","PilotCam","/PilotCam.20250808_054749319.jpg","BrowCam","/BrowCam.20250808_054749319.jpg","UserSelect","/UserSelect.20250808_054749319.jpg","","","-999.99","1.80","-3.65","-999.99","68958f85e3a1c300139c3a7b"
"2025-08-08T05:48:04.352Z","45.8169766","-129.7537400","ASNAP","","admin","","","","","","","","","","","","-522028.08","-11080.45","-1.1","-6.2","71.59","2606.36","2.31","SciCam","/SciCam.20250808_054804352.jpg","PilotCam","/PilotCam.20250808_054804352.jpg","BrowCam","/BrowCam.20250808_054804352.jpg","UserSelect","/UserSelect.20250808_054804352.jpg","","","-3.65","1.77","-999.99","-999.99","68958f94e3a1c300139c3a7f"
"2025-08-08T05:48:19.386Z","45.8169828","-129.7537661","ASNAP","","admin","","","","","","","","","","","","-522030.10","-11079.76","-1.1","-6.1","38.10","2606.15","2.48","SciCam","/SciCam.20250808_054819386.jpg","PilotCam","/PilotCam.20250808_054819386.jpg","BrowCam","/BrowCam.20250808_054819386.jpg","UserSelect","/UserSelect.20250808_054819386.jpg","","","-3.65","1.79","-999.99","-999.99","68958fa3e3a1c300139c3a83"
"2025-08-08T05:48:34.419Z","45.8169837","-129.7538018","ASNAP","","admin","","","","","","","","","","","","-522032.87","-11079.66","-0.8","-7.1","352.13","2605.75","2.89","SciCam","/SciCam.20250808_054834419.jpg","PilotCam","/PilotCam.20250808_054834419.jpg","BrowCam","/BrowCam.20250808_054834419.jpg","UserSelect","/UserSelect.20250808_054834419.jpg","","","-3.65","1.75","-999.99","-999.99","68958fb2e3a1c300139c3a87"
"2025-08-08T05:48:49.453Z","45.8169813","-129.7538331","ASNAP","","admin","","","","","","","","","","","","-522035.30","-11079.93","-0.7","-7.0","326.53","2605.33","3.33","SciCam","/SciCam.20250808_054849453.jpg","PilotCam","/PilotCam.20250808_054849453.jpg","BrowCam","/BrowCam.20250808_054849453.jpg","UserSelect","/UserSelect.20250808_054849453.jpg","","","-3.65","1.82","-999.99","-999.99","68958fc1e3a1c300139c3a8b"
"2025-08-08T05:49:04.488Z","45.8169729","-129.7538623","ASNAP","","admin","","","","","","","","","","","","-522037.57","-11080.86","-0.3","-6.9","242.30","2605.14","3.50","SciCam","/SciCam.20250808_054904488.jpg","PilotCam","/PilotCam.20250808_054904488.jpg","BrowCam","/BrowCam.20250808_054904488.jpg","UserSelect","/UserSelect.20250808_054904488.jpg","","","-3.65","1.85","-999.99","-999.99","68958fd0e3a1c300139c3a8f"
"2025-08-08T05:49:19.519Z","45.8169742","-129.7539028","ASNAP","","admin","","","","","","","","","","","","-522040.71","-11080.72","-0.4","-6.8","235.78","2605.33","3.35","SciCam","/SciCam.20250808_054919519.jpg","PilotCam","/PilotCam.20250808_054919519.jpg","BrowCam","/BrowCam.20250808_054919519.jpg","UserSelect","/UserSelect.20250808_054919519.jpg","","","-999.99","1.87","-999.99","-999.99","68958fdfe3a1c300139c3a93"
"2025-08-08T05:49:34.552Z","45.8169774","-129.7539379","ASNAP","","admin","","","","","","","","","","","","-522043.43","-11080.36","0.0","-6.5","232.60","2605.60","3.04","SciCam","/SciCam.20250808_054934552.jpg","PilotCam","/PilotCam.20250808_054934552.jpg","BrowCam","/BrowCam.20250808_054934552.jpg","UserSelect","/UserSelect.20250808_054934552.jpg","","","-999.99","1.77","-999.99","-999.99","68958feee3a1c300139c3a97"
"2025-08-08T05:49:49.580Z","45.8169724","-129.7539684","ASNAP","","admin","","","","","","","","","","","","-522045.80","-11080.92","-1.1","-6.5","204.05","2605.99","2.66","SciCam","/SciCam.20250808_054949580.jpg","PilotCam","/PilotCam.20250808_054949580.jpg","BrowCam","/BrowCam.20250808_054949580.jpg","UserSelect","/UserSelect.20250808_054949580.jpg","","","-999.99","1.82","-999.99","-999.99","68958ffde3a1c300139c3a9b"
"2025-08-08T05:50:04.614Z","45.8169477","-129.7540014","ASNAP","","admin","","","","","","","","","","","","-522048.36","-11083.66","-1.3","-6.8","198.33","2606.74","1.98","SciCam","/SciCam.20250808_055004614.jpg","PilotCam","/PilotCam.20250808_055004614.jpg","BrowCam","/BrowCam.20250808_055004614.jpg","UserSelect","/UserSelect.20250808_055004614.jpg","","","-3.65","1.78","-999.99","-999.99","6895900ce3a1c300139c3a9f"
"2025-08-08T05:50:19.646Z","45.8169239","-129.7540201","ASNAP","","admin","","","","","","","","","","","","-522049.81","-11086.31","-0.2","-6.2","172.84","2606.85","1.69","SciCam","/SciCam.20250808_055019646.jpg","PilotCam","/PilotCam.20250808_055019646.jpg","BrowCam","/BrowCam.20250808_055019646.jpg","UserSelect","/UserSelect.20250808_055019646.jpg","","","-3.65","1.80","-3.65","-999.99","6895901be3a1c300139c3aa3"
"2025-08-08T05:50:34.679Z","45.8169099","-129.7540436","ASNAP","","admin","","","","","","","","","","","","-522051.63","-11087.87","-0.2","-6.4","180.93","2606.31","2.23","SciCam","/SciCam.20250808_055034679.jpg","PilotCam","/PilotCam.20250808_055034679.jpg","BrowCam","/BrowCam.20250808_055034679.jpg","UserSelect","/UserSelect.20250808_055034679.jpg","","","-3.65","1.77","-999.99","-999.99","6895902ae3a1c300139c3aa7"
"2025-08-08T05:50:49.711Z","45.8169063","-129.7540550","ASNAP","","admin","","","","","","","","","","","","-522052.52","-11088.27","-0.6","-6.3","181.04","2606.23","2.38","SciCam","/SciCam.20250808_055049711.jpg","PilotCam","/PilotCam.20250808_055049711.jpg","BrowCam","/BrowCam.20250808_055049711.jpg","UserSelect","/UserSelect.20250808_055049711.jpg","","","-999.99","1.78","-999.99","-999.99","68959039e3a1c300139c3aab"
"2025-08-08T05:51:04.746Z","45.8169077","-129.7540514","ASNAP","","admin","","","","","","","","","","","","-522052.24","-11088.11","-0.4","-6.4","178.84","2606.27","2.31","SciCam","/SciCam.20250808_055104746.jpg","PilotCam","/PilotCam.20250808_055104746.jpg","BrowCam","/BrowCam.20250808_055104746.jpg","UserSelect","/UserSelect.20250808_055104746.jpg","","","-3.65","1.74","-999.99","-999.99","68959048e3a1c300139c3aaf"
"2025-08-08T05:51:19.778Z","45.8169002","-129.7540423","ASNAP","","admin","","","","","","","","","","","","-522051.53","-11088.94","-0.6","-6.4","184.58","2606.33","2.28","SciCam","/SciCam.20250808_055119778.jpg","PilotCam","/PilotCam.20250808_055119778.jpg","BrowCam","/BrowCam.20250808_055119778.jpg","UserSelect","/UserSelect.20250808_055119778.jpg","","","-999.99","1.78","-999.99","-999.99","68959057e3a1c300139c3ab3"
"2025-08-08T05:51:34.811Z","45.8168703","-129.7540206","ASNAP","","admin","","","","","","","","","","","","-522049.85","-11092.27","-0.5","-6.9","199.63","2605.98","2.64","SciCam","/SciCam.20250808_055134811.jpg","PilotCam","/PilotCam.20250808_055134811.jpg","BrowCam","/BrowCam.20250808_055134811.jpg","UserSelect","/UserSelect.20250808_055134811.jpg","","","-3.65","1.74","-999.99","-999.99","68959066e3a1c300139c3ab7"
"2025-08-08T05:51:49.845Z","45.8168458","-129.7540209","ASNAP","","admin","","","","","","","","","","","","-522049.87","-11094.99","-0.3","-6.6","233.26","2605.97","2.64","SciCam","/SciCam.20250808_055149845.jpg","PilotCam","/PilotCam.20250808_055149845.jpg","BrowCam","/BrowCam.20250808_055149845.jpg","UserSelect","/UserSelect.20250808_055149845.jpg","","","-999.99","1.79","-999.99","-999.99","68959075e3a1c300139c3abb"
"2025-08-08T05:52:04.877Z","45.8168239","-129.7540315","ASNAP","","admin","","","","","","","","","","","","-522050.69","-11097.42","0.1","-6.6","250.91","2606.11","2.54","SciCam","/SciCam.20250808_055204877.jpg","PilotCam","/PilotCam.20250808_055204877.jpg","BrowCam","/BrowCam.20250808_055204877.jpg","UserSelect","/UserSelect.20250808_055204877.jpg","","","-3.65","1.79","-999.99","-999.99","68959084e3a1c300139c3abf"
"2025-08-08T05:52:05.764Z","45.8168239","-129.7540315","Problem","J3 cable does not fit in new LV03A, will just get a cap for now","guest","","","","","","","","","","","","-522050.69","-11097.42","0.1","-6.6","250.91","2606.11","2.54","SciCam","/SciCam.20250808_055205764.jpg","PilotCam","/PilotCam.20250808_055205764.jpg","BrowCam","/BrowCam.20250808_055205764.jpg","UserSelect","/UserSelect.20250808_055205764.jpg","","","-999.99","1.83","-999.99","-999.99","68959085e3a1c300139c3ac3"
"2025-08-08T05:52:19.899Z","45.8168130","-129.7540481","ASNAP","","admin","","","","","","","","","","","","-522051.98","-11098.64","-0.2","-6.9","250.64","2606.62","2.05","SciCam","/SciCam.20250808_055219899.jpg","PilotCam","/PilotCam.20250808_055219899.jpg","BrowCam","/BrowCam.20250808_055219899.jpg","UserSelect","/UserSelect.20250808_055219899.jpg","","","-3.65","1.79","-999.99","-999.99","68959093e3a1c300139c3ac7"
"2025-08-08T05:52:34.933Z","45.8168050","-129.7540595","ASNAP","","admin","","","","","","","","","","","","-522052.87","-11099.52","-0.2","-6.8","250.11","2607.05","1.59","SciCam","/SciCam.20250808_055234933.jpg","PilotCam","/PilotCam.20250808_055234933.jpg","BrowCam","/BrowCam.20250808_055234933.jpg","UserSelect","/UserSelect.20250808_055234933.jpg","","","-999.99","1.79","-999.99","-999.99","689590a2e3a1c300139c3acb"
"2025-08-08T05:52:49.967Z","45.8168068","-129.7540623","ASNAP","","admin","","","","","","","","","","","","-522053.08","-11099.32","-2.7","-5.6","251.28","2606.97","1.69","SciCam","/SciCam.20250808_055249967.jpg","PilotCam","/PilotCam.20250808_055249967.jpg","BrowCam","/BrowCam.20250808_055249967.jpg","UserSelect","/UserSelect.20250808_055249967.jpg","","","-999.99","1.79","-999.99","-999.99","689590b1e3a1c300139c3acf"
"2025-08-08T05:53:05.000Z","45.8168071","-129.7540633","ASNAP","","admin","","","","","","","","","","","","-522053.16","-11099.29","-2.6","-7.7","252.41","2607.10","1.59","SciCam","/SciCam.20250808_055305000.jpg","PilotCam","/PilotCam.20250808_055305000.jpg","BrowCam","/BrowCam.20250808_055305000.jpg","UserSelect","/UserSelect.20250808_055305000.jpg","","","-999.99","1.79","-999.99","-999.99","689590c1e3a1c300139c3ad3"
"2025-08-08T05:53:20.031Z","45.8168069","-129.7540635","ASNAP","","admin","","","","","","","","","","","","-522053.18","-11099.31","-0.5","-7.8","253.56","2607.05","1.64","SciCam","/SciCam.20250808_055320031.jpg","PilotCam","/PilotCam.20250808_055320031.jpg","BrowCam","/BrowCam.20250808_055320031.jpg","UserSelect","/UserSelect.20250808_055320031.jpg","","","-3.65","1.76","-999.99","-999.99","689590d0e3a1c300139c3ad7"
"2025-08-08T05:53:35.063Z","45.8168070","-129.7540632","ASNAP","","admin","","","","","","","","","","","","-522053.15","-11099.30","-2.2","-8.0","253.64","2607.08","1.64","SciCam","/SciCam.20250808_055335063.jpg","PilotCam","/PilotCam.20250808_055335063.jpg","BrowCam","/BrowCam.20250808_055335063.jpg","UserSelect","/UserSelect.20250808_055335063.jpg","","","-3.65","1.78","-999.99","-999.99","689590dfe3a1c300139c3adb"
"2025-08-08T05:53:50.092Z","45.8168102","-129.7540669","ASNAP","","admin","","","","","","","","","","","","-522053.44","-11098.95","-1.9","-7.9","251.80","2607.07","1.62","SciCam","/SciCam.20250808_055350092.jpg","PilotCam","/PilotCam.20250808_055350092.jpg","BrowCam","/BrowCam.20250808_055350092.jpg","UserSelect","/UserSelect.20250808_055350092.jpg","","","-999.99","1.83","-999.99","-999.99","689590eee3a1c300139c3adf"
"2025-08-08T05:54:05.124Z","45.8168068","-129.7540628","ASNAP","","admin","","","","","","","","","","","","-522053.12","-11099.32","-0.3","-7.3","249.15","2607.04","1.62","SciCam","/SciCam.20250808_055405124.jpg","PilotCam","/PilotCam.20250808_055405124.jpg","BrowCam","/BrowCam.20250808_055405124.jpg","UserSelect","/UserSelect.20250808_055405124.jpg","","","-999.99","1.79","-999.99","-999.99","689590fde3a1c300139c3ae3"
"2025-08-08T05:54:05.780Z","45.8168068","-129.7540628","ROV Actions","removed J3 cable","guest","","","(Port) Manipulator in use","","","","","","","","","-522053.12","-11099.32","-0.3","-7.3","249.15","2607.04","1.62","SciCam","/SciCam.20250808_055405780.jpg","PilotCam","/PilotCam.20250808_055405780.jpg","BrowCam","/BrowCam.20250808_055405780.jpg","UserSelect","/UserSelect.20250808_055405780.jpg","","","-999.99","1.79","-999.99","-999.99","689590fde3a1c300139c3ae7"
"2025-08-08T05:54:20.157Z","45.8168054","-129.7540572","ASNAP","","admin","","","","","","","","","","","","-522052.69","-11099.48","-0.5","-7.4","254.17","2607.02","1.59","SciCam","/SciCam.20250808_055420157.jpg","PilotCam","/PilotCam.20250808_055420157.jpg","BrowCam","/BrowCam.20250808_055420157.jpg","UserSelect","/UserSelect.20250808_055420157.jpg","","","-999.99","1.78","-999.99","-999.99","6895910ce3a1c300139c3aeb"
"2025-08-08T05:54:35.190Z","45.8168069","-129.7540438","ASNAP","","admin","","","","","","","","","","","","-522051.65","-11099.31","0.2","-7.8","273.03","2607.03","1.67","SciCam","/SciCam.20250808_055435190.jpg","PilotCam","/PilotCam.20250808_055435190.jpg","BrowCam","/BrowCam.20250808_055435190.jpg","UserSelect","/UserSelect.20250808_055435190.jpg","","","-999.99","1.80","-999.99","-999.99","6895911be3a1c300139c3aef"
"2025-08-08T05:54:50.212Z","45.8168101","-129.7540329","ASNAP","","admin","","","","","","","","","","","","-522050.80","-11098.96","-0.0","-7.5","246.46","2606.94","1.67","SciCam","/SciCam.20250808_055450212.jpg","PilotCam","/PilotCam.20250808_055450212.jpg","BrowCam","/BrowCam.20250808_055450212.jpg","UserSelect","/UserSelect.20250808_055450212.jpg","","","-999.99","1.78","-999.99","-999.99","6895912ae3a1c300139c3af3"
"2025-08-08T05:55:05.245Z","45.8168173","-129.7540235","ASNAP","","admin","","","","","","","","","","","","-522050.07","-11098.16","0.4","-7.5","231.09","2607.05","1.57","SciCam","/SciCam.20250808_055505245.jpg","PilotCam","/PilotCam.20250808_055505245.jpg","BrowCam","/BrowCam.20250808_055505245.jpg","UserSelect","/UserSelect.20250808_055505245.jpg","","","-999.99","1.79","-999.99","-999.99","68959139e3a1c300139c3af7"
"2025-08-08T05:55:20.278Z","45.8168189","-129.7540262","ASNAP","","admin","","","","","","","","","","","","-522050.28","-11097.98","-2.1","-6.7","229.77","2607.00","1.67","SciCam","/SciCam.20250808_055520278.jpg","PilotCam","/PilotCam.20250808_055520278.jpg","BrowCam","/BrowCam.20250808_055520278.jpg","UserSelect","/UserSelect.20250808_055520278.jpg","","","-999.99","1.77","-999.99","-999.99","68959148e3a1c300139c3aff"
"2025-08-08T05:55:35.310Z","45.8168188","-129.7540264","ASNAP","","admin","","","","","","","","","","","","-522050.30","-11097.99","-2.0","-7.0","230.62","2607.00","1.67","SciCam","/SciCam.20250808_055535310.jpg","PilotCam","/PilotCam.20250808_055535310.jpg","BrowCam","/BrowCam.20250808_055535310.jpg","UserSelect","/UserSelect.20250808_055535310.jpg","","","-999.99","1.76","-999.99","-999.99","68959157e3a1c300139c3b03"
"2025-08-08T05:55:38.054Z","45.8168186","-129.7540260","ROV Actions","grabbing cap","guest","","","(Starboard) Manipulator in use","","","","","","","","","-522050.27","-11098.01","-1.9","-6.8","230.47","2607.00","1.72","SciCam","/SciCam.20250808_055538054.jpg","PilotCam","/PilotCam.20250808_055538054.jpg","BrowCam","/BrowCam.20250808_055538054.jpg","UserSelect","/UserSelect.20250808_055538054.jpg","","","-3.65","1.78","-999.99","-999.99","6895915ae3a1c300139c3b07"
"2025-08-08T05:55:50.328Z","45.8168185","-129.7540259","ASNAP","","admin","","","","","","","","","","","","-522050.26","-11098.02","-1.8","-6.8","230.29","2607.01","1.67","SciCam","/SciCam.20250808_055550328.jpg","PilotCam","/PilotCam.20250808_055550328.jpg","BrowCam","/BrowCam.20250808_055550328.jpg","UserSelect","/UserSelect.20250808_055550328.jpg","","","-3.65","1.81","-999.99","-999.99","68959166e3a1c300139c3b0b"
"2025-08-08T05:56:05.360Z","45.8168187","-129.7540256","ASNAP","","admin","","","","","","","","","","","","-522050.24","-11098.00","-1.4","-8.5","230.35","2607.00","1.72","SciCam","/SciCam.20250808_055605360.jpg","PilotCam","/PilotCam.20250808_055605360.jpg","BrowCam","/BrowCam.20250808_055605360.jpg","UserSelect","/UserSelect.20250808_055605360.jpg","","","-999.99","1.80","-999.99","-999.99","68959175e3a1c300139c3b0f"
"2025-08-08T05:56:20.392Z","45.8168186","-129.7540258","ASNAP","","admin","","","","","","","","","","","","-522050.25","-11098.01","-1.7","-8.1","230.40","2607.00","1.75","SciCam","/SciCam.20250808_055620392.jpg","PilotCam","/PilotCam.20250808_055620392.jpg","BrowCam","/BrowCam.20250808_055620392.jpg","UserSelect","/UserSelect.20250808_055620392.jpg","","","-3.65","1.76","-3.65","-999.99","68959184e3a1c300139c3b13"
"2025-08-08T05:56:35.423Z","45.8168187","-129.7540258","ASNAP","","admin","","","","","","","","","","","","-522050.25","-11098.00","-1.9","-7.8","230.55","2607.00","1.72","SciCam","/SciCam.20250808_055635423.jpg","PilotCam","/PilotCam.20250808_055635423.jpg","BrowCam","/BrowCam.20250808_055635423.jpg","UserSelect","/UserSelect.20250808_055635423.jpg","","","-3.65","1.78","-999.99","-999.99","68959193e3a1c300139c3b17"
"2025-08-08T05:56:50.454Z","45.8168186","-129.7540258","ASNAP","","admin","","","","","","","","","","","","-522050.25","-11098.01","-1.6","-7.9","230.23","2606.99","1.72","SciCam","/SciCam.20250808_055650454.jpg","PilotCam","/PilotCam.20250808_055650454.jpg","BrowCam","/BrowCam.20250808_055650454.jpg","UserSelect","/UserSelect.20250808_055650454.jpg","","","-3.65","1.78","-999.99","-999.99","689591a2e3a1c300139c3b1b"
"2025-08-08T05:57:05.485Z","45.8168185","-129.7540256","ASNAP","","admin","","","","","","","","","","","","-522050.24","-11098.02","-1.0","-7.1","230.18","2607.00","1.69","SciCam","/SciCam.20250808_055705485.jpg","PilotCam","/PilotCam.20250808_055705485.jpg","BrowCam","/BrowCam.20250808_055705485.jpg","UserSelect","/UserSelect.20250808_055705485.jpg","","","-3.65","1.81","-999.99","-999.99","689591b1e3a1c300139c3b1f"
"2025-08-08T05:57:20.518Z","45.8168184","-129.7540254","ASNAP","","admin","","","","","","","","","","","","-522050.22","-11098.04","-0.6","-7.1","229.13","2607.00","1.67","SciCam","/SciCam.20250808_055720518.jpg","PilotCam","/PilotCam.20250808_055720518.jpg","BrowCam","/BrowCam.20250808_055720518.jpg","UserSelect","/UserSelect.20250808_055720518.jpg","","","-3.65","1.80","-999.99","-999.99","689591c0e3a1c300139c3b23"
"2025-08-08T05:57:35.544Z","45.8168184","-129.7540256","ASNAP","","admin","","","","","","","","","","","","-522050.24","-11098.04","-0.3","-6.9","230.07","2607.00","1.67","SciCam","/SciCam.20250808_055735544.jpg","PilotCam","/PilotCam.20250808_055735544.jpg","BrowCam","/BrowCam.20250808_055735544.jpg","UserSelect","/UserSelect.20250808_055735544.jpg","","","-999.99","1.82","-999.99","-999.99","689591cfe3a1c300139c3b27"
"2025-08-08T05:57:50.573Z","45.8168186","-129.7540256","ASNAP","","admin","","","","","","","","","","","","-522050.24","-11098.01","-1.1","-7.0","230.07","2607.01","1.67","SciCam","/SciCam.20250808_055750573.jpg","PilotCam","/PilotCam.20250808_055750573.jpg","BrowCam","/BrowCam.20250808_055750573.jpg","UserSelect","/UserSelect.20250808_055750573.jpg","","","-3.65","1.79","-3.65","-999.99","689591dee3a1c300139c3b2b"
"2025-08-08T05:58:05.604Z","45.8168186","-129.7540255","ASNAP","","admin","","","","","","","","","","","","-522050.23","-11098.01","-0.9","-7.3","230.49","2607.01","1.67","SciCam","/SciCam.20250808_055805604.jpg","PilotCam","/PilotCam.20250808_055805604.jpg","BrowCam","/BrowCam.20250808_055805604.jpg","UserSelect","/UserSelect.20250808_055805604.jpg","","","-999.99","1.80","-999.99","-999.99","689591ede3a1c300139c3b2f"
"2025-08-08T05:58:20.637Z","45.8168186","-129.7540256","ASNAP","","admin","","","","","","","","","","","","-522050.24","-11098.01","-1.5","-7.4","229.84","2607.00","1.69","SciCam","/SciCam.20250808_055820637.jpg","PilotCam","/PilotCam.20250808_055820637.jpg","BrowCam","/BrowCam.20250808_055820637.jpg","UserSelect","/UserSelect.20250808_055820637.jpg","","","-3.65","1.79","-3.65","-999.99","689591fce3a1c300139c3b33"
"2025-08-08T05:58:35.668Z","45.8168185","-129.7540259","ASNAP","","admin","","","","","","","","","","","","-522050.26","-11098.02","-1.5","-7.3","230.82","2607.00","1.69","SciCam","/SciCam.20250808_055835668.jpg","PilotCam","/PilotCam.20250808_055835668.jpg","BrowCam","/BrowCam.20250808_055835668.jpg","UserSelect","/UserSelect.20250808_055835668.jpg","","","-3.65","1.79","-999.99","-999.99","6895920be3a1c300139c3b37"
"2025-08-08T05:58:50.699Z","45.8168186","-129.7540256","ASNAP","","admin","","","","","","","","","","","","-522050.24","-11098.01","-1.4","-7.4","230.23","2607.00","1.67","SciCam","/SciCam.20250808_055850699.jpg","PilotCam","/PilotCam.20250808_055850699.jpg","BrowCam","/BrowCam.20250808_055850699.jpg","UserSelect","/UserSelect.20250808_055850699.jpg","","","-999.99","1.82","-999.99","-999.99","6895921ae3a1c300139c3b3b"
"2025-08-08T05:59:05.731Z","45.8168187","-129.7540258","ASNAP","","admin","","","","","","","","","","","","-522050.25","-11098.00","-1.0","-7.4","230.81","2607.01","1.67","SciCam","/SciCam.20250808_055905731.jpg","PilotCam","/PilotCam.20250808_055905731.jpg","BrowCam","/BrowCam.20250808_055905731.jpg","UserSelect","/UserSelect.20250808_055905731.jpg","","","-999.99","1.79","-999.99","-999.99","68959229e3a1c300139c3b3f"
"2025-08-08T05:59:20.764Z","45.8168184","-129.7540256","ASNAP","","admin","","","","","","","","","","","","-522050.24","-11098.04","-0.7","-7.2","230.30","2607.00","1.67","SciCam","/SciCam.20250808_055920764.jpg","PilotCam","/PilotCam.20250808_055920764.jpg","BrowCam","/BrowCam.20250808_055920764.jpg","UserSelect","/UserSelect.20250808_055920764.jpg","","","-3.65","1.81","-999.99","-999.99","68959238e3a1c300139c3b43"
"2025-08-08T05:59:35.798Z","45.8168185","-129.7540255","ASNAP","","admin","","","","","","","","","","","","-522050.23","-11098.02","-0.5","-7.2","230.10","2607.00","1.67","SciCam","/SciCam.20250808_055935798.jpg","PilotCam","/PilotCam.20250808_055935798.jpg","BrowCam","/BrowCam.20250808_055935798.jpg","UserSelect","/UserSelect.20250808_055935798.jpg","","","-3.65","1.78","-3.65","-999.99","68959247e3a1c300139c3b47"
"2025-08-08T05:59:50.832Z","45.8168186","-129.7540255","ASNAP","","admin","","","","","","","","","","","","-522050.23","-11098.01","0.6","-7.8","230.47","2606.96","1.67","SciCam","/SciCam.20250808_055950832.jpg","PilotCam","/PilotCam.20250808_055950832.jpg","BrowCam","/BrowCam.20250808_055950832.jpg","UserSelect","/UserSelect.20250808_055950832.jpg","","","-3.65","1.78","-3.65","-999.99","68959256e3a1c300139c3b4b"
"2025-08-08T06:00:05.863Z","45.8168183","-129.7540260","ASNAP","","admin","","","","","","","","","","","","-522050.27","-11098.05","1.6","-6.6","230.03","2607.01","1.57","SciCam","/SciCam.20250808_060005863.jpg","PilotCam","/PilotCam.20250808_060005863.jpg","BrowCam","/BrowCam.20250808_060005863.jpg","UserSelect","/UserSelect.20250808_060005863.jpg","","","-999.99","1.81","-999.99","-999.99","68959265e3a1c300139c3b4f"
"2025-08-08T06:00:20.895Z","45.8168185","-129.7540256","ASNAP","","admin","","","","","","","","","","","","-522050.24","-11098.02","-1.6","-7.9","230.30","2607.01","1.67","SciCam","/SciCam.20250808_060020895.jpg","PilotCam","/PilotCam.20250808_060020895.jpg","BrowCam","/BrowCam.20250808_060020895.jpg","UserSelect","/UserSelect.20250808_060020895.jpg","","","-3.65","1.78","-3.65","-999.99","68959274e3a1c300139c3b53"
"2025-08-08T06:00:35.913Z","45.8168185","-129.7540256","ASNAP","","admin","","","","","","","","","","","","-522050.24","-11098.02","-1.5","-7.8","230.00","2606.99","1.77","SciCam","/SciCam.20250808_060035913.jpg","PilotCam","/PilotCam.20250808_060035913.jpg","BrowCam","/BrowCam.20250808_060035913.jpg","UserSelect","/UserSelect.20250808_060035913.jpg","","","-999.99","1.81","-999.99","-999.99","68959283e3a1c300139c3b57"
"2025-08-08T06:00:50.935Z","45.8168185","-129.7540256","ASNAP","","admin","","","","","","","","","","","","-522050.24","-11098.02","-0.1","-7.2","230.62","2606.98","1.67","SciCam","/SciCam.20250808_060050935.jpg","PilotCam","/PilotCam.20250808_060050935.jpg","BrowCam","/BrowCam.20250808_060050935.jpg","UserSelect","/UserSelect.20250808_060050935.jpg","","","-999.99","1.82","-999.99","-999.99","68959292e3a1c300139c3b5b"
"2025-08-08T06:01:05.970Z","45.8168225","-129.7540302","ASNAP","","admin","","","","","","","","","","","","-522050.59","-11097.58","-0.4","-7.4","252.13","2606.80","1.77","SciCam","/SciCam.20250808_060105970.jpg","PilotCam","/PilotCam.20250808_060105970.jpg","BrowCam","/BrowCam.20250808_060105970.jpg","UserSelect","/UserSelect.20250808_060105970.jpg","","","-999.99","1.79","-999.99","-999.99","689592a1e3a1c300139c3b5f"
"2025-08-08T06:01:21.002Z","45.8168215","-129.7540394","ASNAP","","admin","","","","","","","","","","","","-522051.31","-11097.69","-1.1","-7.3","299.69","2606.51","2.15","SciCam","/SciCam.20250808_060121002.jpg","PilotCam","/PilotCam.20250808_060121002.jpg","BrowCam","/BrowCam.20250808_060121002.jpg","UserSelect","/UserSelect.20250808_060121002.jpg","","","-3.65","1.77","-999.99","-999.99","689592b1e3a1c300139c3b63"
"2025-08-08T06:01:27.000Z","","","SulisCam","","admin","","","","","","sulis_20250808060127.jpg","","","","","","","","","","","","","","","","","","","","","-7.191","-1.320","","","","","68964023e3a1c300139c7575"
"2025-08-08T06:01:36.032Z","45.8168220","-129.7540525","ASNAP","","admin","","","","","","","","","","","","-522052.32","-11097.64","-1.4","-6.9","342.33","2606.92","1.87","SciCam","/SciCam.20250808_060136032.jpg","PilotCam","/PilotCam.20250808_060136032.jpg","BrowCam","/BrowCam.20250808_060136032.jpg","UserSelect","/UserSelect.20250808_060136032.jpg","","","-3.65","1.78","-999.99","-999.99","689592c0e3a1c300139c3b67"
"2025-08-08T06:01:51.062Z","45.8168288","-129.7540532","ASNAP","","admin","","","","","","","","","","","","-522052.38","-11096.88","-1.9","-7.5","339.42","2607.19","1.47","SciCam","/SciCam.20250808_060151062.jpg","PilotCam","/PilotCam.20250808_060151062.jpg","BrowCam","/BrowCam.20250808_060151062.jpg","UserSelect","/UserSelect.20250808_060151062.jpg","","","-3.65","1.80","-3.65","-999.99","689592cfe3a1c300139c3b6b"
"2025-08-08T06:02:06.093Z","45.8168291","-129.7540549","ASNAP","","admin","","","","","","","","","","","","-522052.51","-11096.85","-3.5","-5.9","340.55","2607.13","1.67","SciCam","/SciCam.20250808_060206093.jpg","PilotCam","/PilotCam.20250808_060206093.jpg","BrowCam","/BrowCam.20250808_060206093.jpg","UserSelect","/UserSelect.20250808_060206093.jpg","","","-3.65","1.77","-3.65","-999.99","689592dee3a1c300139c3b6f"
"2025-08-08T06:02:21.125Z","45.8168296","-129.7540532","ASNAP","","admin","","","","","","","","","","","","-522052.38","-11096.79","-3.2","-5.7","346.70","2607.30","1.47","SciCam","/SciCam.20250808_060221125.jpg","PilotCam","/PilotCam.20250808_060221125.jpg","BrowCam","/BrowCam.20250808_060221125.jpg","UserSelect","/UserSelect.20250808_060221125.jpg","","","-999.99","1.79","-999.99","-999.99","689592ede3a1c300139c3b73"
"2025-08-08T06:02:36.157Z","45.8168293","-129.7540525","ASNAP","","admin","","","","","","","","","","","","-522052.32","-11096.82","-3.4","-8.0","345.29","2607.22","1.59","SciCam","/SciCam.20250808_060236157.jpg","PilotCam","/PilotCam.20250808_060236157.jpg","BrowCam","/BrowCam.20250808_060236157.jpg","UserSelect","/UserSelect.20250808_060236157.jpg","","","-999.99","1.81","-999.99","-999.99","689592fce3a1c300139c3b77"
"2025-08-08T06:02:51.192Z","45.8168293","-129.7540527","ASNAP","","admin","","","","","","","","","","","","-522052.34","-11096.82","-2.2","-8.0","346.35","2607.18","1.57","SciCam","/SciCam.20250808_060251192.jpg","PilotCam","/PilotCam.20250808_060251192.jpg","BrowCam","/BrowCam.20250808_060251192.jpg","UserSelect","/UserSelect.20250808_060251192.jpg","","","-999.99","1.75","-999.99","-999.99","6895930be3a1c300139c3b7b"
"2025-08-08T06:03:06.225Z","45.8168293","-129.7540526","ASNAP","","admin","","","","","","","","","","","","-522052.33","-11096.82","-2.8","-8.1","345.96","2607.19","1.57","SciCam","/SciCam.20250808_060306225.jpg","PilotCam","/PilotCam.20250808_060306225.jpg","BrowCam","/BrowCam.20250808_060306225.jpg","UserSelect","/UserSelect.20250808_060306225.jpg","","","-999.99","1.78","-999.99","-999.99","6895931ae3a1c300139c3b7f"
"2025-08-08T06:03:14.000Z","","","SulisCam","","admin","","","","","","sulis_20250808060314.jpg","","","","","","","","","","","","","","","","","","","","","-8.072","-1.793","","","","","68964023e3a1c300139c7577"
"2025-08-08T06:03:17.930Z","45.8168292","-129.7540527","ROV Actions","capping J3","guest","","","(Port) Manipulator in use","","","","","","","","","-522052.34","-11096.84","-1.7","-8.4","346.06","2607.16","1.57","SciCam","/SciCam.20250808_060317930.jpg","PilotCam","/PilotCam.20250808_060317930.jpg","BrowCam","/BrowCam.20250808_060317930.jpg","UserSelect","/UserSelect.20250808_060317930.jpg","","","-999.99","1.79","-999.99","-999.99","68959325e3a1c300139c3b83"
"2025-08-08T06:03:21.255Z","45.8168292","-129.7540527","ASNAP","","admin","","","","","","","","","","","","-522052.34","-11096.84","-1.6","-8.7","345.95","2607.14","1.59","SciCam","/SciCam.20250808_060321255.jpg","PilotCam","/PilotCam.20250808_060321255.jpg","BrowCam","/BrowCam.20250808_060321255.jpg","UserSelect","/UserSelect.20250808_060321255.jpg","","","-3.65","1.80","-999.99","-999.99","68959329e3a1c300139c3b87"
"2025-08-08T06:03:36.291Z","45.8168291","-129.7540528","ASNAP","","admin","","","","","","","","","","","","-522052.35","-11096.85","-1.6","-8.7","346.15","2607.15","1.62","SciCam","/SciCam.20250808_060336291.jpg","PilotCam","/PilotCam.20250808_060336291.jpg","BrowCam","/BrowCam.20250808_060336291.jpg","UserSelect","/UserSelect.20250808_060336291.jpg","","","-3.65","1.82","-3.65","-999.99","68959338e3a1c300139c3b8b"
"2025-08-08T06:03:51.324Z","45.8168291","-129.7540527","ASNAP","","admin","","","","","","","","","","","","-522052.34","-11096.85","-1.3","-9.0","345.52","2607.12","1.62","SciCam","/SciCam.20250808_060351324.jpg","PilotCam","/PilotCam.20250808_060351324.jpg","BrowCam","/BrowCam.20250808_060351324.jpg","UserSelect","/UserSelect.20250808_060351324.jpg","","","-999.99","1.79","-999.99","-999.99","68959347e3a1c300139c3b8f"
"2025-08-08T06:04:06.356Z","45.8168292","-129.7540528","ASNAP","","admin","","","","","","","","","","","","-522052.35","-11096.84","-1.5","-8.4","345.75","2607.16","1.62","SciCam","/SciCam.20250808_060406356.jpg","PilotCam","/PilotCam.20250808_060406356.jpg","BrowCam","/BrowCam.20250808_060406356.jpg","UserSelect","/UserSelect.20250808_060406356.jpg","","","-999.99","1.81","-999.99","-999.99","68959356e3a1c300139c3b93"
"2025-08-08T06:04:21.387Z","45.8168292","-129.7540525","ASNAP","","admin","","","","","","","","","","","","-522052.32","-11096.84","-3.3","-8.2","345.73","2607.21","1.59","SciCam","/SciCam.20250808_060421387.jpg","PilotCam","/PilotCam.20250808_060421387.jpg","BrowCam","/BrowCam.20250808_060421387.jpg","UserSelect","/UserSelect.20250808_060421387.jpg","","","-3.65","1.78","-3.65","-999.99","68959365e3a1c300139c3b97"
"2025-08-08T06:04:36.417Z","45.8168292","-129.7540526","ASNAP","","admin","","","","","","","","","","","","-522052.33","-11096.84","-3.2","-8.4","345.53","2607.20","1.62","SciCam","/SciCam.20250808_060436417.jpg","PilotCam","/PilotCam.20250808_060436417.jpg","BrowCam","/BrowCam.20250808_060436417.jpg","UserSelect","/UserSelect.20250808_060436417.jpg","","","-3.65","1.78","-3.65","-999.99","68959374e3a1c300139c3b9b"
"2025-08-08T06:04:51.449Z","45.8168247","-129.7540545","ASNAP","","admin","","","","","","","","","","","","-522052.48","-11097.34","-1.2","-7.5","340.68","2607.09","1.62","SciCam","/SciCam.20250808_060451449.jpg","PilotCam","/PilotCam.20250808_060451449.jpg","BrowCam","/BrowCam.20250808_060451449.jpg","UserSelect","/UserSelect.20250808_060451449.jpg","","","-3.65","1.78","-999.99","-999.99","68959383e3a1c300139c3b9f"
"2025-08-08T06:05:06.483Z","45.8168243","-129.7540579","ASNAP","","admin","","","","","","","","","","","","-522052.74","-11097.38","-1.2","-7.1","340.03","2607.13","1.54","SciCam","/SciCam.20250808_060506483.jpg","PilotCam","/PilotCam.20250808_060506483.jpg","BrowCam","/BrowCam.20250808_060506483.jpg","UserSelect","/UserSelect.20250808_060506483.jpg","","","-3.65","1.79","-999.99","-999.99","68959392e3a1c300139c3ba3"
"2025-08-08T06:05:21.511Z","45.8168242","-129.7540624","ASNAP","","admin","","","","","","","","","","","","-522053.09","-11097.39","-1.0","-7.1","332.93","2606.06","2.46","SciCam","/SciCam.20250808_060521511.jpg","PilotCam","/PilotCam.20250808_060521511.jpg","BrowCam","/BrowCam.20250808_060521511.jpg","UserSelect","/UserSelect.20250808_060521511.jpg","","","-999.99","1.78","-999.99","-999.99","689593a1e3a1c300139c3ba7"
"2025-08-08T06:05:36.546Z","45.8168347","-129.7540697","ASNAP","","admin","","","","","","","","","","","","-522053.66","-11096.22","-1.0","-7.1","332.46","2605.34","3.30","SciCam","/SciCam.20250808_060536546.jpg","PilotCam","/PilotCam.20250808_060536546.jpg","BrowCam","/BrowCam.20250808_060536546.jpg","UserSelect","/UserSelect.20250808_060536546.jpg","","","-999.99","1.81","-999.99","-999.99","689593b0e3a1c300139c3bab"
"2025-08-08T06:05:39.000Z","","","SulisCam","","admin","","","","","","sulis_20250808060539.jpg","","","","","","","","","","","","","","","","","","","","","-7.137","-0.881","","","","","68964023e3a1c300139c7579"
"2025-08-08T06:05:51.577Z","45.8168595","-129.7540871","ASNAP","","admin","","","","","","","","","","","","-522055.01","-11093.47","-0.6","-7.2","332.45","2605.13","3.04","SciCam","/SciCam.20250808_060551577.jpg","PilotCam","/PilotCam.20250808_060551577.jpg","BrowCam","/BrowCam.20250808_060551577.jpg","UserSelect","/UserSelect.20250808_060551577.jpg","","","-999.99","1.82","-999.99","-999.99","689593bfe3a1c300139c3baf"
"2025-08-08T06:06:06.610Z","45.8168907","-129.7541009","ASNAP","","admin","","","","","","","","","","","","-522056.08","-11090.00","-0.3","-7.1","308.40","2605.13","3.56","SciCam","/SciCam.20250808_060606610.jpg","PilotCam","/PilotCam.20250808_060606610.jpg","BrowCam","/BrowCam.20250808_060606610.jpg","UserSelect","/UserSelect.20250808_060606610.jpg","","","-3.65","1.80","-999.99","-999.99","689593cee3a1c300139c3bb3"
"2025-08-08T06:06:21.642Z","45.8169098","-129.7541008","ASNAP","","admin","","","","","","","","","","","","-522056.07","-11087.88","-0.4","-7.0","279.73","2605.62","3.17","SciCam","/SciCam.20250808_060621642.jpg","PilotCam","/PilotCam.20250808_060621642.jpg","BrowCam","/BrowCam.20250808_060621642.jpg","UserSelect","/UserSelect.20250808_060621642.jpg","","","-3.65","1.86","-999.99","-999.99","689593dde3a1c300139c3bb7"
"2025-08-08T06:06:36.675Z","45.8169181","-129.7541103","ASNAP","","admin","","","","","","","","","","","","-522056.81","-11086.95","-0.4","-6.9","272.27","2606.28","2.43","SciCam","/SciCam.20250808_060636675.jpg","PilotCam","/PilotCam.20250808_060636675.jpg","BrowCam","/BrowCam.20250808_060636675.jpg","UserSelect","/UserSelect.20250808_060636675.jpg","","","-3.65","1.79","-999.99","-999.99","689593ece3a1c300139c3bbb"
"2025-08-08T06:06:46.000Z","","","SulisCam","","admin","","","","","","sulis_20250808060646.jpg","","","","","","","","","","","","","","","","","","","","","-7.038","-0.467","","","","","68964023e3a1c300139c757b"
"2025-08-08T06:06:51.706Z","45.8169211","-129.7541136","ASNAP","","admin","","","","","","","","","","","","-522057.06","-11086.62","-0.5","-7.1","273.97","2606.26","2.33","SciCam","/SciCam.20250808_060651706.jpg","PilotCam","/PilotCam.20250808_060651706.jpg","BrowCam","/BrowCam.20250808_060651706.jpg","UserSelect","/UserSelect.20250808_060651706.jpg","","","-999.99","1.80","-999.99","-999.99","689593fbe3a1c300139c3bbf"
"2025-08-08T06:07:06.739Z","45.8169195","-129.7541139","ASNAP","","admin","","","","","","","","","","","","-522057.09","-11086.80","-0.0","-7.2","273.15","2606.73","1.98","SciCam","/SciCam.20250808_060706739.jpg","PilotCam","/PilotCam.20250808_060706739.jpg","BrowCam","/BrowCam.20250808_060706739.jpg","UserSelect","/UserSelect.20250808_060706739.jpg","","","-999.99","1.78","-999.99","-999.99","6895940ae3a1c300139c3bc3"
"2025-08-08T06:07:08.000Z","","","SulisCam","","admin","","","","","","sulis_20250808060708.jpg","","","","","","","","","","","","","","","","","","","","","-7.109","-0.144","","","","","68964023e3a1c300139c757d"
"2025-08-08T06:07:21.770Z","45.8169199","-129.7541136","ASNAP","","admin","","","","","","","","","","","","-522057.06","-11086.75","-0.3","-7.2","273.26","2606.71","1.87","SciCam","/SciCam.20250808_060721770.jpg","PilotCam","/PilotCam.20250808_060721770.jpg","BrowCam","/BrowCam.20250808_060721770.jpg","UserSelect","/UserSelect.20250808_060721770.jpg","","","-999.99","1.76","-999.99","-999.99","68959419e3a1c300139c3bc7"
"2025-08-08T06:07:36.803Z","45.8169197","-129.7541136","ASNAP","","admin","","","","","","","","","","","","-522057.06","-11086.78","-0.1","-7.0","273.21","2606.77","1.87","SciCam","/SciCam.20250808_060736803.jpg","PilotCam","/PilotCam.20250808_060736803.jpg","BrowCam","/BrowCam.20250808_060736803.jpg","UserSelect","/UserSelect.20250808_060736803.jpg","","","-3.65","1.78","-999.99","-999.99","68959428e3a1c300139c3bcb"
"2025-08-08T06:07:51.835Z","45.8169200","-129.7541136","ASNAP","","admin","","","","","","","","","","","","-522057.06","-11086.74","-0.2","-7.0","273.40","2606.73","1.92","SciCam","/SciCam.20250808_060751835.jpg","PilotCam","/PilotCam.20250808_060751835.jpg","BrowCam","/BrowCam.20250808_060751835.jpg","UserSelect","/UserSelect.20250808_060751835.jpg","","","-3.65","1.74","-999.99","-999.99","68959437e3a1c300139c3bcf"
"2025-08-08T06:08:06.870Z","45.8169200","-129.7541136","ASNAP","","admin","","","","","","","","","","","","-522057.06","-11086.74","-0.2","-7.2","273.33","2606.73","1.90","SciCam","/SciCam.20250808_060806870.jpg","PilotCam","/PilotCam.20250808_060806870.jpg","BrowCam","/BrowCam.20250808_060806870.jpg","UserSelect","/UserSelect.20250808_060806870.jpg","","","-3.65","1.82","-3.65","-999.99","68959446e3a1c300139c3bd3"
"2025-08-08T06:08:21.902Z","45.8169199","-129.7541133","ASNAP","","admin","","","","","","","","","","","","-522057.04","-11086.75","-0.1","-7.1","273.45","2606.72","1.92","SciCam","/SciCam.20250808_060821902.jpg","PilotCam","/PilotCam.20250808_060821902.jpg","BrowCam","/BrowCam.20250808_060821902.jpg","UserSelect","/UserSelect.20250808_060821902.jpg","","","-3.65","1.77","-3.65","-999.99","68959455e3a1c300139c3bd7"
"2025-08-08T06:08:36.932Z","45.8169199","-129.7541134","ASNAP","","admin","","","","","","","","","","","","-522057.05","-11086.75","-0.2","-7.2","273.27","2606.75","1.90","SciCam","/SciCam.20250808_060836932.jpg","PilotCam","/PilotCam.20250808_060836932.jpg","BrowCam","/BrowCam.20250808_060836932.jpg","UserSelect","/UserSelect.20250808_060836932.jpg","","","-999.99","1.78","-999.99","-999.99","68959464e3a1c300139c3bdb"
"2025-08-08T06:08:51.965Z","45.8169199","-129.7541133","ASNAP","","admin","","","","","","","","","","","","-522057.04","-11086.75","-0.0","-7.2","273.38","2606.72","1.92","SciCam","/SciCam.20250808_060851965.jpg","PilotCam","/PilotCam.20250808_060851965.jpg","BrowCam","/BrowCam.20250808_060851965.jpg","UserSelect","/UserSelect.20250808_060851965.jpg","","","-999.99","1.78","-999.99","-999.99","68959473e3a1c300139c3bdf"
"2025-08-08T06:09:06.998Z","45.8169201","-129.7541136","ASNAP","","admin","","","","","","","","","","","","-522057.06","-11086.73","-0.2","-7.1","273.33","2606.73","1.92","SciCam","/SciCam.20250808_060906998.jpg","PilotCam","/PilotCam.20250808_060906998.jpg","BrowCam","/BrowCam.20250808_060906998.jpg","UserSelect","/UserSelect.20250808_060906998.jpg","","","-3.65","1.79","-999.99","-999.99","68959482e3a1c300139c3be3"
"2025-08-08T06:09:22.027Z","45.8169199","-129.7541133","ASNAP","","admin","","","","","","","","","","","","-522057.04","-11086.75","-0.0","-7.2","273.31","2606.72","1.92","SciCam","/SciCam.20250808_060922027.jpg","PilotCam","/PilotCam.20250808_060922027.jpg","BrowCam","/BrowCam.20250808_060922027.jpg","UserSelect","/UserSelect.20250808_060922027.jpg","","","-999.99","1.81","-999.99","-999.99","68959492e3a1c300139c3be7"
"2025-08-08T06:09:37.059Z","45.8169196","-129.7541133","ASNAP","","admin","","","","","","","","","","","","-522057.04","-11086.79","1.2","-7.7","272.89","2606.69","1.92","SciCam","/SciCam.20250808_060937059.jpg","PilotCam","/PilotCam.20250808_060937059.jpg","BrowCam","/BrowCam.20250808_060937059.jpg","UserSelect","/UserSelect.20250808_060937059.jpg","","","-3.65","1.80","-3.65","-999.99","689594a1e3a1c300139c3beb"
"2025-08-08T06:09:52.092Z","45.8169197","-129.7541134","ASNAP","","admin","","","","","","","","","","","","-522057.05","-11086.78","0.8","-5.9","273.05","2606.74","1.77","SciCam","/SciCam.20250808_060952092.jpg","PilotCam","/PilotCam.20250808_060952092.jpg","BrowCam","/BrowCam.20250808_060952092.jpg","UserSelect","/UserSelect.20250808_060952092.jpg","","","-3.65","1.81","-3.65","-999.99","689594b0e3a1c300139c3bef"
"2025-08-08T06:10:07.126Z","45.8169198","-129.7541136","ASNAP","","admin","","","","","","","","","","","","-522057.06","-11086.77","0.9","-5.7","273.11","2606.72","1.87","SciCam","/SciCam.20250808_061007126.jpg","PilotCam","/PilotCam.20250808_061007126.jpg","BrowCam","/BrowCam.20250808_061007126.jpg","UserSelect","/UserSelect.20250808_061007126.jpg","","","-3.65","1.80","-999.99","-999.99","689594bfe3a1c300139c3bf3"
"2025-08-08T06:10:22.155Z","45.8169194","-129.7541137","ASNAP","","admin","","","","","","","","","","","","-522057.07","-11086.81","2.6","-5.7","273.18","2606.70","1.87","SciCam","/SciCam.20250808_061022155.jpg","PilotCam","/PilotCam.20250808_061022155.jpg","BrowCam","/BrowCam.20250808_061022155.jpg","UserSelect","/UserSelect.20250808_061022155.jpg","","","-3.65","1.79","-999.99","-999.99","689594cee3a1c300139c3bf7"
"2025-08-08T06:10:37.186Z","45.8169193","-129.7541137","ASNAP","","admin","","","","","","","","","","","","-522057.07","-11086.82","2.9","-5.5","272.40","2606.76","1.72","SciCam","/SciCam.20250808_061037186.jpg","PilotCam","/PilotCam.20250808_061037186.jpg","BrowCam","/BrowCam.20250808_061037186.jpg","UserSelect","/UserSelect.20250808_061037186.jpg","","","-3.65","1.79","-999.99","-999.99","689594dde3a1c300139c3bfb"
"2025-08-08T06:10:52.217Z","45.8169193","-129.7541137","ASNAP","","admin","","","","","","","","","","","","-522057.07","-11086.82","3.1","-5.4","272.10","2606.75","1.72","SciCam","/SciCam.20250808_061052217.jpg","PilotCam","/PilotCam.20250808_061052217.jpg","BrowCam","/BrowCam.20250808_061052217.jpg","UserSelect","/UserSelect.20250808_061052217.jpg","","","-999.99","1.76","-999.99","-999.99","689594ece3a1c300139c3bff"
"2025-08-08T06:11:06.324Z","45.8169193","-129.7541136","Sample","","guest","","","","Niskin","","","","","","","Forward Niskin","-522057.06","-11086.82","3.1","-5.5","272.22","2606.75","1.77","SciCam","/SciCam.20250808_061106324.jpg","PilotCam","/PilotCam.20250808_061106324.jpg","BrowCam","/BrowCam.20250808_061106324.jpg","UserSelect","/UserSelect.20250808_061106324.jpg","","","-999.99","1.77","-999.99","-999.99","689594fae3a1c300139c3c03"
"2025-08-08T06:11:07.248Z","45.8169193","-129.7541136","ASNAP","","admin","","","","","","","","","","","","-522057.06","-11086.82","3.0","-5.5","272.31","2606.75","1.75","SciCam","/SciCam.20250808_061107248.jpg","PilotCam","/PilotCam.20250808_061107248.jpg","BrowCam","/BrowCam.20250808_061107248.jpg","UserSelect","/UserSelect.20250808_061107248.jpg","","","-999.99","1.79","-999.99","-999.99","689594fbe3a1c300139c3c07"
"2025-08-08T06:11:22.282Z","45.8169193","-129.7541138","ASNAP","","admin","","","","","","","","","","","","-522057.08","-11086.82","2.9","-5.1","272.45","2606.76","1.75","SciCam","/SciCam.20250808_061122282.jpg","PilotCam","/PilotCam.20250808_061122282.jpg","BrowCam","/BrowCam.20250808_061122282.jpg","UserSelect","/UserSelect.20250808_061122282.jpg","","","-3.65","1.78","-999.99","-999.99","6895950ae3a1c300139c3c0b"
"2025-08-08T06:11:28.606Z","45.8169194","-129.7541137","ROV Actions","firing Niskins","guest","","","(Port) Manipulator in use","","","","","","","","","-522057.07","-11086.81","2.9","-5.1","272.27","2606.73","1.72","SciCam","/SciCam.20250808_061128606.jpg","PilotCam","/PilotCam.20250808_061128606.jpg","BrowCam","/BrowCam.20250808_061128606.jpg","UserSelect","/UserSelect.20250808_061128606.jpg","","","-3.65","1.78","-3.65","-999.99","68959510e3a1c300139c3c0f"
"2025-08-08T06:11:37.315Z","45.8169192","-129.7541137","ASNAP","","admin","","","","","","","","","","","","-522057.07","-11086.83","3.0","-5.0","272.36","2606.77","1.72","SciCam","/SciCam.20250808_061137315.jpg","PilotCam","/PilotCam.20250808_061137315.jpg","BrowCam","/BrowCam.20250808_061137315.jpg","UserSelect","/UserSelect.20250808_061137315.jpg","","","-3.65","1.79","-3.65","-999.99","68959519e3a1c300139c3c13"
"2025-08-08T06:11:44.065Z","45.8169193","-129.7541138","Sample","","guest","","","","Niskin","","","","","","","Aft Niskin","-522057.08","-11086.82","2.9","-5.4","272.76","2606.74","1.72","SciCam","/SciCam.20250808_061144065.jpg","PilotCam","/PilotCam.20250808_061144065.jpg","BrowCam","/BrowCam.20250808_061144065.jpg","UserSelect","/UserSelect.20250808_061144065.jpg","","","-3.65","1.80","-3.65","-999.99","68959520e3a1c300139c3c17"
"2025-08-08T06:11:52.348Z","45.8169194","-129.7541138","ASNAP","","admin","","","","","","","","","","","","-522057.08","-11086.81","2.7","-5.3","272.45","2606.75","1.77","SciCam","/SciCam.20250808_061152348.jpg","PilotCam","/PilotCam.20250808_061152348.jpg","BrowCam","/BrowCam.20250808_061152348.jpg","UserSelect","/UserSelect.20250808_061152348.jpg","","","-3.65","1.80","-3.65","-999.99","68959528e3a1c300139c3c1b"
"2025-08-08T06:12:07.383Z","45.8169196","-129.7541138","ASNAP","","admin","","","","","","","","","","","","-522057.08","-11086.79","0.8","-5.6","272.81","2606.72","1.87","SciCam","/SciCam.20250808_061207383.jpg","PilotCam","/PilotCam.20250808_061207383.jpg","BrowCam","/BrowCam.20250808_061207383.jpg","UserSelect","/UserSelect.20250808_061207383.jpg","","","-3.65","1.76","-999.99","-999.99","68959537e3a1c300139c3c1f"
"2025-08-08T06:12:22.410Z","45.8169199","-129.7541136","ASNAP","","admin","","","","","","","","","","","","-522057.06","-11086.75","-0.1","-7.0","273.61","2606.73","1.92","SciCam","/SciCam.20250808_061222410.jpg","PilotCam","/PilotCam.20250808_061222410.jpg","BrowCam","/BrowCam.20250808_061222410.jpg","UserSelect","/UserSelect.20250808_061222410.jpg","","","-3.65","1.81","-999.99","-999.99","68959546e3a1c300139c3c23"
"2025-08-08T06:12:37.446Z","45.8169203","-129.7541137","ASNAP","","admin","","","","","","","","","","","","-522057.07","-11086.71","-0.5","-6.9","273.67","2606.75","1.92","SciCam","/SciCam.20250808_061237446.jpg","PilotCam","/PilotCam.20250808_061237446.jpg","BrowCam","/BrowCam.20250808_061237446.jpg","UserSelect","/UserSelect.20250808_061237446.jpg","","","-999.99","1.79","-999.99","-999.99","68959555e3a1c300139c3c27"
"2025-08-08T06:12:52.478Z","45.8169199","-129.7541137","ASNAP","","admin","","","","","","","","","","","","-522057.07","-11086.75","-0.5","-7.0","273.29","2606.73","1.92","SciCam","/SciCam.20250808_061252478.jpg","PilotCam","/PilotCam.20250808_061252478.jpg","BrowCam","/BrowCam.20250808_061252478.jpg","UserSelect","/UserSelect.20250808_061252478.jpg","","","-999.99","1.82","-999.99","-999.99","68959564e3a1c300139c3c2b"
"2025-08-08T06:13:07.509Z","45.8169199","-129.7541134","ASNAP","","admin","","","","","","","","","","","","-522057.05","-11086.75","-0.4","-7.0","273.38","2606.74","1.90","SciCam","/SciCam.20250808_061307509.jpg","PilotCam","/PilotCam.20250808_061307509.jpg","BrowCam","/BrowCam.20250808_061307509.jpg","UserSelect","/UserSelect.20250808_061307509.jpg","","","-3.65","1.77","-3.65","-999.99","68959573e3a1c300139c3c2f"
"2025-08-08T06:13:22.540Z","45.8169323","-129.7541093","ASNAP","","admin","","","","","","","","","","","","-522056.73","-11085.38","-1.4","-6.7","11.05","2605.54","2.97","SciCam","/SciCam.20250808_061322540.jpg","PilotCam","/PilotCam.20250808_061322540.jpg","BrowCam","/BrowCam.20250808_061322540.jpg","UserSelect","/UserSelect.20250808_061322540.jpg","","","-3.65","1.81","-3.65","-999.99","68959582e3a1c300139c3c33"
"2025-08-08T06:13:37.566Z","45.8169258","-129.7541179","ASNAP","","admin","","","","","","","","","","","","-522057.40","-11086.10","-0.4","-6.0","126.97","2605.45","3.15","SciCam","/SciCam.20250808_061337566.jpg","PilotCam","/PilotCam.20250808_061337566.jpg","BrowCam","/BrowCam.20250808_061337566.jpg","UserSelect","/UserSelect.20250808_061337566.jpg","","","-3.65","1.87","-999.99","-999.99","68959591e3a1c300139c3c37"
"2025-08-08T06:13:52.597Z","45.8169168","-129.7541016","ASNAP","","admin","","","","","","","","","","","","-522056.13","-11087.10","-0.6","-6.1","143.39","2605.76","2.94","SciCam","/SciCam.20250808_061352597.jpg","PilotCam","/PilotCam.20250808_061352597.jpg","BrowCam","/BrowCam.20250808_061352597.jpg","UserSelect","/UserSelect.20250808_061352597.jpg","","","-3.65","1.79","-3.65","-999.99","689595a0e3a1c300139c3c3b"
"2025-08-08T06:14:07.630Z","45.8169137","-129.7540958","ASNAP","","admin","","","","","","","","","","","","-522055.68","-11087.44","-0.2","-5.9","167.23","2605.92","2.71","SciCam","/SciCam.20250808_061407630.jpg","PilotCam","/PilotCam.20250808_061407630.jpg","BrowCam","/BrowCam.20250808_061407630.jpg","UserSelect","/UserSelect.20250808_061407630.jpg","","","-999.99","1.78","-999.99","-999.99","689595afe3a1c300139c3c3f"
"2025-08-08T06:14:22.664Z","45.8169070","-129.7540825","ASNAP","","admin","","","","","","","","","","","","-522054.65","-11088.19","-0.3","-6.2","165.74","2605.83","2.84","SciCam","/SciCam.20250808_061422664.jpg","PilotCam","/PilotCam.20250808_061422664.jpg","BrowCam","/BrowCam.20250808_061422664.jpg","UserSelect","/UserSelect.20250808_061422664.jpg","","","-3.65","1.78","-999.99","-999.99","689595bee3a1c300139c3c43"
"2025-08-08T06:14:33.000Z","","","SulisCam","","admin","","","","","","sulis_20250808061433.jpg","","","","","","","","","","","","","","","","","","","","","-6.187","0.183","","","","","68964023e3a1c300139c757f"
"2025-08-08T06:14:37.690Z","45.8169053","-129.7540794","ASNAP","","admin","","","","","","","","","","","","-522054.41","-11088.38","-0.1","-6.6","167.49","2606.20","2.46","SciCam","/SciCam.20250808_061437690.jpg","PilotCam","/PilotCam.20250808_061437690.jpg","BrowCam","/BrowCam.20250808_061437690.jpg","UserSelect","/UserSelect.20250808_061437690.jpg","","","-999.99","1.77","-999.99","-999.99","689595cde3a1c300139c3c47"
"2025-08-08T06:14:52.721Z","45.8169070","-129.7540798","ASNAP","","admin","","","","","","","","","","","","-522054.44","-11088.19","-0.1","-6.2","171.78","2605.98","2.71","SciCam","/SciCam.20250808_061452721.jpg","PilotCam","/PilotCam.20250808_061452721.jpg","BrowCam","/BrowCam.20250808_061452721.jpg","UserSelect","/UserSelect.20250808_061452721.jpg","","","-3.65","1.79","-999.99","-999.99","689595dce3a1c300139c3c4b"
"2025-08-08T06:15:06.000Z","","","SulisCam","","admin","","","","","","sulis_20250808061506.jpg","","","","","","","","","","","","","","","","","","","","","-6.353","-0.015","","","","","68964023e3a1c300139c7581"
"2025-08-08T06:15:07.752Z","45.8169064","-129.7540803","ASNAP","","admin","","","","","","","","","","","","-522054.48","-11088.25","-0.1","-6.3","171.58","2605.99","2.64","SciCam","/SciCam.20250808_061507752.jpg","PilotCam","/PilotCam.20250808_061507752.jpg","BrowCam","/BrowCam.20250808_061507752.jpg","UserSelect","/UserSelect.20250808_061507752.jpg","","","-3.65","1.78","-3.65","-999.99","689595ebe3a1c300139c3c4f"
"2025-08-08T06:15:22.785Z","45.8169067","-129.7540800","ASNAP","","admin","","","","","","","","","","","","-522054.46","-11088.22","0.0","-6.6","171.57","2606.01","2.64","SciCam","/SciCam.20250808_061522785.jpg","PilotCam","/PilotCam.20250808_061522785.jpg","BrowCam","/BrowCam.20250808_061522785.jpg","UserSelect","/UserSelect.20250808_061522785.jpg","","","-3.65","1.77","-3.65","-999.99","689595fae3a1c300139c3c53"
"2025-08-08T06:15:37.816Z","45.8169068","-129.7540807","ASNAP","","admin","","","","","","","","","","","","-522054.51","-11088.21","-0.4","-6.3","170.93","2605.99","2.64","SciCam","/SciCam.20250808_061537816.jpg","PilotCam","/PilotCam.20250808_061537816.jpg","BrowCam","/BrowCam.20250808_061537816.jpg","UserSelect","/UserSelect.20250808_061537816.jpg","","","-3.65","1.78","-999.99","-999.99","68959609e3a1c300139c3c57"
"2025-08-08T06:15:52.849Z","45.8169067","-129.7540856","ASNAP","","admin","","","","","","","","","","","","-522054.89","-11088.22","-0.1","-6.3","176.21","2606.05","2.59","SciCam","/SciCam.20250808_061552849.jpg","PilotCam","/PilotCam.20250808_061552849.jpg","BrowCam","/BrowCam.20250808_061552849.jpg","UserSelect","/UserSelect.20250808_061552849.jpg","","","-3.65","1.79","-999.99","-999.99","68959618e3a1c300139c3c5b"
"2025-08-08T06:16:07.882Z","45.8169056","-129.7540750","ASNAP","","admin","","","","","","","","","","","","-522054.07","-11088.34","-0.0","-6.6","181.12","2605.94","2.74","SciCam","/SciCam.20250808_061607882.jpg","PilotCam","/PilotCam.20250808_061607882.jpg","BrowCam","/BrowCam.20250808_061607882.jpg","UserSelect","/UserSelect.20250808_061607882.jpg","","","-999.99","1.80","-999.99","-999.99","68959627e3a1c300139c3c5f"
"2025-08-08T06:16:12.000Z","","","SulisCam","","admin","","","","","","sulis_20250808061612.jpg","","","","","","","","","","","","","","","","","","","","","-6.430","0.056","","","","","68964023e3a1c300139c7583"
"2025-08-08T06:16:22.911Z","45.8169038","-129.7540592","ASNAP","","admin","","","","","","","","","","","","-522052.84","-11088.54","0.1","-6.5","191.84","2605.93","2.74","SciCam","/SciCam.20250808_061622911.jpg","PilotCam","/PilotCam.20250808_061622911.jpg","BrowCam","/BrowCam.20250808_061622911.jpg","UserSelect","/UserSelect.20250808_061622911.jpg","","","-999.99","1.77","-999.99","-999.99","68959636e3a1c300139c3c63"
"2025-08-08T06:16:31.000Z","","","SulisCam","","admin","","","","","","sulis_20250808061631.jpg","","","","","","","","","","","","","","","","","","","","","-6.683","0.159","","","","","68964023e3a1c300139c7585"
"2025-08-08T06:16:37.943Z","45.8169006","-129.7540443","ASNAP","","admin","","","","","","","","","","","","-522051.69","-11088.90","0.6","-6.8","209.64","2605.96","2.71","SciCam","/SciCam.20250808_061637943.jpg","PilotCam","/PilotCam.20250808_061637943.jpg","BrowCam","/BrowCam.20250808_061637943.jpg","UserSelect","/UserSelect.20250808_061637943.jpg","","","-999.99","1.79","-999.99","-999.99","68959645e3a1c300139c3c67"
"2025-08-08T06:16:52.975Z","45.8168945","-129.7540317","ASNAP","","admin","","","","","","","","","","","","-522050.71","-11089.58","0.1","-6.9","225.45","2605.91","2.74","SciCam","/SciCam.20250808_061652975.jpg","PilotCam","/PilotCam.20250808_061652975.jpg","BrowCam","/BrowCam.20250808_061652975.jpg","UserSelect","/UserSelect.20250808_061652975.jpg","","","-999.99","1.79","-999.99","-999.99","68959654e3a1c300139c3c6b"
"2025-08-08T06:16:55.000Z","","","SulisCam","","admin","","","","","","sulis_20250808061655.jpg","","","","","","","","","","","","","","","","","","","","","-6.871","0.265","","","","","68964023e3a1c300139c7587"
"2025-08-08T06:17:08.006Z","45.8168856","-129.7540198","ASNAP","","admin","","","","","","","","","","","","-522049.79","-11090.57","0.2","-7.2","239.87","2605.86","2.82","SciCam","/SciCam.20250808_061708006.jpg","PilotCam","/PilotCam.20250808_061708006.jpg","BrowCam","/BrowCam.20250808_061708006.jpg","UserSelect","/UserSelect.20250808_061708006.jpg","","","-3.65","1.74","-3.65","-999.99","68959664e3a1c300139c3c6f"
"2025-08-08T06:17:13.000Z","","","SulisCam","","admin","","","","","","sulis_20250808061713.jpg","","","","","","","","","","","","","","","","","","","","","-7.131","0.034","","","","","68964023e3a1c300139c7589"
"2025-08-08T06:17:23.035Z","45.8168752","-129.7540129","ASNAP","","admin","","","","","","","","","","","","-522049.25","-11091.72","-0.1","-7.2","257.63","2605.87","2.84","SciCam","/SciCam.20250808_061723035.jpg","PilotCam","/PilotCam.20250808_061723035.jpg","BrowCam","/BrowCam.20250808_061723035.jpg","UserSelect","/UserSelect.20250808_061723035.jpg","","","-3.65","1.81","-3.65","-999.99","68959673e3a1c300139c3c73"
"2025-08-08T06:17:30.000Z","","","SulisCam","","admin","","","","","","sulis_20250808061730.jpg","","","","","","","","","","","","","","","","","","","","","-7.214","0.005","","","","","68964023e3a1c300139c758b"
"2025-08-08T06:17:38.067Z","45.8168629","-129.7540084","ASNAP","","admin","","","","","","","","","","","","-522048.90","-11093.09","-0.2","-7.3","264.08","2605.87","2.84","SciCam","/SciCam.20250808_061738067.jpg","PilotCam","/PilotCam.20250808_061738067.jpg","BrowCam","/BrowCam.20250808_061738067.jpg","UserSelect","/UserSelect.20250808_061738067.jpg","","","-3.65","1.78","-999.99","-999.99","68959682e3a1c300139c3c77"
"2025-08-08T06:17:43.000Z","","","SulisCam","","admin","","","","","","sulis_20250808061743.jpg","","","","","","","","","","","","","","","","","","","","","-7.256","-0.244","","","","","68964023e3a1c300139c758d"
"2025-08-08T06:17:53.097Z","45.8168631","-129.7540062","ASNAP","","admin","","","","","","","","","","","","-522048.73","-11093.07","-0.4","-7.1","262.97","2605.99","2.74","SciCam","/SciCam.20250808_061753097.jpg","PilotCam","/PilotCam.20250808_061753097.jpg","BrowCam","/BrowCam.20250808_061753097.jpg","UserSelect","/UserSelect.20250808_061753097.jpg","","","-3.65","1.76","-999.99","-999.99","68959691e3a1c300139c3c7b"
"2025-08-08T06:18:08.130Z","45.8168637","-129.7540070","ASNAP","","admin","","","","","","","","","","","","-522048.79","-11093.00","-0.1","-7.1","264.69","2605.95","2.82","SciCam","/SciCam.20250808_061808130.jpg","PilotCam","/PilotCam.20250808_061808130.jpg","BrowCam","/BrowCam.20250808_061808130.jpg","UserSelect","/UserSelect.20250808_061808130.jpg","","","-999.99","1.82","-999.99","-999.99","689596a0e3a1c300139c3c7f"
"2025-08-08T06:18:23.163Z","45.8168630","-129.7540064","ASNAP","","admin","","","","","","","","","","","","-522048.75","-11093.08","-0.2","-7.1","264.25","2606.02","2.64","SciCam","/SciCam.20250808_061823163.jpg","PilotCam","/PilotCam.20250808_061823163.jpg","BrowCam","/BrowCam.20250808_061823163.jpg","UserSelect","/UserSelect.20250808_061823163.jpg","","","-999.99","1.78","-999.99","-999.99","689596afe3a1c300139c3c83"
"2025-08-08T06:18:33.000Z","","","SulisCam","","admin","","","","","","sulis_20250808061833.jpg","","","","","","","","","","","","","","","","","","","","","-7.026","-0.302","","","","","68964023e3a1c300139c758f"
"2025-08-08T06:18:38.195Z","45.8168632","-129.7540063","ASNAP","","admin","","","","","","","","","","","","-522048.74","-11093.06","-0.2","-7.0","264.05","2606.03","2.66","SciCam","/SciCam.20250808_061838195.jpg","PilotCam","/PilotCam.20250808_061838195.jpg","BrowCam","/BrowCam.20250808_061838195.jpg","UserSelect","/UserSelect.20250808_061838195.jpg","","","-999.99","1.83","-999.99","-999.99","689596bee3a1c300139c3c87"
"2025-08-08T06:18:53.226Z","45.8168636","-129.7540062","ASNAP","","admin","","","","","","","","","","","","-522048.73","-11093.01","-0.3","-7.0","265.34","2606.00","2.74","SciCam","/SciCam.20250808_061853226.jpg","PilotCam","/PilotCam.20250808_061853226.jpg","BrowCam","/BrowCam.20250808_061853226.jpg","UserSelect","/UserSelect.20250808_061853226.jpg","","","-999.99","1.83","-999.99","-999.99","689596cde3a1c300139c3c8b"
"2025-08-08T06:18:57.000Z","","","SulisCam","","admin","","","","","","sulis_20250808061857.jpg","","","","","","","","","","","","","","","","","","","","","-7.185","-0.411","","","","","68964023e3a1c300139c7591"
"2025-08-08T06:19:08.260Z","45.8168569","-129.7540085","ASNAP","","admin","","","","","","","","","","","","-522048.91","-11093.76","-0.4","-7.1","273.13","2606.01","2.74","SciCam","/SciCam.20250808_061908260.jpg","PilotCam","/PilotCam.20250808_061908260.jpg","BrowCam","/BrowCam.20250808_061908260.jpg","UserSelect","/UserSelect.20250808_061908260.jpg","","","-3.65","1.78","-999.99","-999.99","689596dce3a1c300139c3c8f"
"2025-08-08T06:19:23.000Z","","","SulisCam","","admin","","","","","","sulis_20250808061923.jpg","","","","","","","","","","","","","","","","","","","","","-7.240","-0.376","","","","","68964023e3a1c300139c7593"
"2025-08-08T06:19:23.288Z","45.8168442","-129.7540084","ASNAP","","admin","","","","","","","","","","","","-522048.90","-11095.17","-0.5","-7.2","285.12","2605.97","2.79","SciCam","/SciCam.20250808_061923288.jpg","PilotCam","/PilotCam.20250808_061923288.jpg","BrowCam","/BrowCam.20250808_061923288.jpg","UserSelect","/UserSelect.20250808_061923288.jpg","","","-3.65","1.80","-3.65","-999.99","689596ebe3a1c300139c3c93"
"2025-08-08T06:19:33.000Z","","","SulisCam","","admin","","","","","","sulis_20250808061933.jpg","","","","","","","","","","","","","","","","","","","","","-7.335","-0.612","","","","","68964023e3a1c300139c7595"
"2025-08-08T06:19:38.321Z","45.8168321","-129.7540125","ASNAP","","admin","","","","","","","","","","","","-522049.22","-11096.51","-0.7","-7.3","305.49","2606.00","2.79","SciCam","/SciCam.20250808_061938321.jpg","PilotCam","/PilotCam.20250808_061938321.jpg","BrowCam","/BrowCam.20250808_061938321.jpg","UserSelect","/UserSelect.20250808_061938321.jpg","","","-999.99","1.83","-999.99","-999.99","689596fae3a1c300139c3c97"
"2025-08-08T06:19:44.000Z","","","SulisCam","","admin","","","","","","sulis_20250808061944.jpg","","","","","","","","","","","","","","","","","","","","","-7.203","-0.851","","","","","68964023e3a1c300139c7598"
"2025-08-08T06:19:53.353Z","45.8168205","-129.7540247","ASNAP","","admin","","","","","","","","","","","","-522050.17","-11097.80","-0.9","-7.1","328.10","2606.01","2.77","SciCam","/SciCam.20250808_061953353.jpg","PilotCam","/PilotCam.20250808_061953353.jpg","BrowCam","/BrowCam.20250808_061953353.jpg","UserSelect","/UserSelect.20250808_061953353.jpg","","","-3.65","1.78","-999.99","-999.99","68959709e3a1c300139c3c9b"
"2025-08-08T06:19:55.000Z","","","SulisCam","","admin","","","","","","sulis_20250808061955.jpg","","","","","","","","","","","","","","","","","","","","","-7.197","-0.907","","","","","68964023e3a1c300139c759a"
"2025-08-08T06:20:08.388Z","45.8168099","-129.7540447","ASNAP","","admin","","","","","","","","","","","","-522051.72","-11098.98","-1.3","-7.1","342.38","2605.98","2.74","SciCam","/SciCam.20250808_062008388.jpg","PilotCam","/PilotCam.20250808_062008388.jpg","BrowCam","/BrowCam.20250808_062008388.jpg","UserSelect","/UserSelect.20250808_062008388.jpg","","","-999.99","1.80","-999.99","-999.99","68959718e3a1c300139c3c9f"
"2025-08-08T06:20:23.421Z","45.8168055","-129.7540528","ASNAP","","admin","","","","","","","","","","","","-522052.35","-11099.47","-1.2","-7.1","350.89","2606.08","2.66","SciCam","/SciCam.20250808_062023421.jpg","PilotCam","/PilotCam.20250808_062023421.jpg","BrowCam","/BrowCam.20250808_062023421.jpg","UserSelect","/UserSelect.20250808_062023421.jpg","","","-999.99","1.79","-999.99","-999.99","68959727e3a1c300139c3ca3"
"2025-08-08T06:20:38.451Z","45.8168075","-129.7540523","ASNAP","","admin","","","","","","","","","","","","-522052.31","-11099.25","-1.5","-7.0","350.54","2606.00","2.77","SciCam","/SciCam.20250808_062038451.jpg","PilotCam","/PilotCam.20250808_062038451.jpg","BrowCam","/BrowCam.20250808_062038451.jpg","UserSelect","/UserSelect.20250808_062038451.jpg","","","-999.99","1.77","-999.99","-999.99","68959736e3a1c300139c3ca7"
"2025-08-08T06:20:42.000Z","","","SulisCam","","admin","","","","","","sulis_20250808062042.jpg","","","","","","","","","","","","","","","","","","","","","-7.070","-1.305","","","","","68964023e3a1c300139c759c"
"2025-08-08T06:20:53.484Z","45.8168076","-129.7540528","ASNAP","","admin","","","","","","","","","","","","-522052.35","-11099.24","-1.3","-7.0","350.58","2605.99","2.74","SciCam","/SciCam.20250808_062053484.jpg","PilotCam","/PilotCam.20250808_062053484.jpg","BrowCam","/BrowCam.20250808_062053484.jpg","UserSelect","/UserSelect.20250808_062053484.jpg","","","-3.65","1.80","-999.99","-999.99","68959745e3a1c300139c3cab"
"2025-08-08T06:21:08.517Z","45.8168076","-129.7540527","ASNAP","","admin","","","","","","","","","","","","-522052.34","-11099.24","-1.1","-7.0","350.65","2606.00","2.74","SciCam","/SciCam.20250808_062108517.jpg","PilotCam","/PilotCam.20250808_062108517.jpg","BrowCam","/BrowCam.20250808_062108517.jpg","UserSelect","/UserSelect.20250808_062108517.jpg","","","-3.65","1.77","-999.99","-999.99","68959754e3a1c300139c3caf"
"2025-08-08T06:21:23.550Z","45.8168078","-129.7540530","ASNAP","","admin","","","","","","","","","","","","-522052.36","-11099.21","-1.4","-7.0","349.52","2605.99","2.71","SciCam","/SciCam.20250808_062123550.jpg","PilotCam","/PilotCam.20250808_062123550.jpg","BrowCam","/BrowCam.20250808_062123550.jpg","UserSelect","/UserSelect.20250808_062123550.jpg","","","-999.99","1.78","-999.99","-999.99","68959763e3a1c300139c3cb3"
"2025-08-08T06:21:38.582Z","45.8168078","-129.7540528","ASNAP","","admin","","","","","","","","","","","","-522052.35","-11099.21","-1.1","-7.0","350.61","2605.91","2.69","SciCam","/SciCam.20250808_062138582.jpg","PilotCam","/PilotCam.20250808_062138582.jpg","BrowCam","/BrowCam.20250808_062138582.jpg","UserSelect","/UserSelect.20250808_062138582.jpg","","","-999.99","1.82","-999.99","-999.99","68959772e3a1c300139c3cb7"
"2025-08-08T06:21:53.614Z","45.8168082","-129.7540634","ASNAP","","admin","","","","","","","","","","","","-522053.17","-11099.17","-1.3","-6.8","7.27","2604.96","3.71","SciCam","/SciCam.20250808_062153614.jpg","PilotCam","/PilotCam.20250808_062153614.jpg","BrowCam","/BrowCam.20250808_062153614.jpg","UserSelect","/UserSelect.20250808_062153614.jpg","","","-999.99","1.79","-999.99","-999.99","68959781e3a1c300139c3cbb"
"2025-08-08T06:22:08.645Z","45.8168019","-129.7540886","ASNAP","","admin","","","","","","","","","","","","-522055.12","-11099.87","-0.8","-6.4","41.78","2604.71","3.99","SciCam","/SciCam.20250808_062208645.jpg","PilotCam","/PilotCam.20250808_062208645.jpg","BrowCam","/BrowCam.20250808_062208645.jpg","UserSelect","/UserSelect.20250808_062208645.jpg","","","-3.65","1.77","-999.99","-999.99","68959790e3a1c300139c3cbf"
"2025-08-08T06:22:14.000Z","","","SulisCam","","admin","","","","","","sulis_20250808062214.jpg","","","","","","","","","","","","","","","","","","","","","-6.667","-1.271","","","","","68964023e3a1c300139c759e"
"2025-08-08T06:22:23.676Z","45.8168159","-129.7541078","ASNAP","","admin","","","","","","","","","","","","-522056.61","-11098.31","-1.0","-6.3","59.58","2605.09","3.68","SciCam","/SciCam.20250808_062223676.jpg","PilotCam","/PilotCam.20250808_062223676.jpg","BrowCam","/BrowCam.20250808_062223676.jpg","UserSelect","/UserSelect.20250808_062223676.jpg","","","-3.65","1.81","-3.65","-999.99","6895979fe3a1c300139c3cc3"
"2025-08-08T06:22:36.000Z","","","SulisCam","","admin","","","","","","sulis_20250808062236.jpg","","","","","","","","","","","","","","","","","","","","","-6.254","-0.876","","","","","68964023e3a1c300139c75a0"
"2025-08-08T06:22:38.707Z","45.8168316","-129.7541204","ASNAP","","admin","","","","","","","","","","","","-522057.59","-11096.57","-0.9","-6.2","75.94","2605.70","3.10","SciCam","/SciCam.20250808_062238707.jpg","PilotCam","/PilotCam.20250808_062238707.jpg","BrowCam","/BrowCam.20250808_062238707.jpg","UserSelect","/UserSelect.20250808_062238707.jpg","","","-3.65","1.66","-3.65","-999.99","689597aee3a1c300139c3cc7"
"2025-08-08T06:22:50.000Z","","","SulisCam","","admin","","","","","","sulis_20250808062250.jpg","","","","","","","","","","","","","","","","","","","","","-6.053","-0.892","","","","","68964024e3a1c300139c75a2"
"2025-08-08T06:22:53.738Z","45.8168418","-129.7541218","ASNAP","","admin","","","","","","","","","","","","-522057.70","-11095.43","-0.5","-6.3","90.24","2606.34","2.36","SciCam","/SciCam.20250808_062253738.jpg","PilotCam","/PilotCam.20250808_062253738.jpg","BrowCam","/BrowCam.20250808_062253738.jpg","UserSelect","/UserSelect.20250808_062253738.jpg","","","-3.65","1.77","-999.99","-999.99","689597bde3a1c300139c3ccb"
"2025-08-08T06:23:08.771Z","45.8168505","-129.7541304","ASNAP","","admin","","","","","","","","","","","","-522058.37","-11094.47","-0.9","-6.3","87.73","2606.20","2.46","SciCam","/SciCam.20250808_062308771.jpg","PilotCam","/PilotCam.20250808_062308771.jpg","BrowCam","/BrowCam.20250808_062308771.jpg","UserSelect","/UserSelect.20250808_062308771.jpg","","","-3.65","1.79","-999.99","-999.99","689597cce3a1c300139c3ccf"
"2025-08-08T06:23:13.000Z","","","SulisCam","","admin","","","","","","sulis_20250808062313.jpg","","","","","","","","","","","","","","","","","","","","","-6.274","-0.735","","","","","68964024e3a1c300139c75a4"
"2025-08-08T06:23:23.804Z","45.8168501","-129.7541304","ASNAP","","admin","","","","","","","","","","","","-522058.37","-11094.51","-0.9","-6.2","88.46","2606.27","2.36","SciCam","/SciCam.20250808_062323804.jpg","PilotCam","/PilotCam.20250808_062323804.jpg","BrowCam","/BrowCam.20250808_062323804.jpg","UserSelect","/UserSelect.20250808_062323804.jpg","","","-3.65","1.78","-999.99","-999.99","689597dbe3a1c300139c3cd3"
"2025-08-08T06:23:38.835Z","45.8168501","-129.7541311","ASNAP","","admin","","","","","","","","","","","","-522058.42","-11094.51","-1.1","-6.3","89.01","2606.28","2.38","SciCam","/SciCam.20250808_062338835.jpg","PilotCam","/PilotCam.20250808_062338835.jpg","BrowCam","/BrowCam.20250808_062338835.jpg","UserSelect","/UserSelect.20250808_062338835.jpg","","","-3.65","1.82","-999.99","-999.99","689597eae3a1c300139c3cd7"
"2025-08-08T06:23:53.861Z","45.8168502","-129.7541308","ASNAP","","admin","","","","","","","","","","","","-522058.40","-11094.50","-1.0","-6.1","88.34","2606.25","2.41","SciCam","/SciCam.20250808_062353861.jpg","PilotCam","/PilotCam.20250808_062353861.jpg","BrowCam","/BrowCam.20250808_062353861.jpg","UserSelect","/UserSelect.20250808_062353861.jpg","","","-3.65","1.81","-3.65","-999.99","689597f9e3a1c300139c3cdb"
"2025-08-08T06:24:08.896Z","45.8168503","-129.7541310","ASNAP","","admin","","","","","","","","","","","","-522058.41","-11094.49","-1.0","-6.3","88.41","2606.26","2.38","SciCam","/SciCam.20250808_062408896.jpg","PilotCam","/PilotCam.20250808_062408896.jpg","BrowCam","/BrowCam.20250808_062408896.jpg","UserSelect","/UserSelect.20250808_062408896.jpg","","","-3.65","1.76","-3.65","-999.99","68959808e3a1c300139c3cdf"
"2025-08-08T06:24:23.928Z","45.8168512","-129.7541516","ASNAP","","admin","","","","","","","","","","","","-522060.01","-11094.39","-1.1","-6.4","86.29","2606.21","2.48","SciCam","/SciCam.20250808_062423928.jpg","PilotCam","/PilotCam.20250808_062423928.jpg","BrowCam","/BrowCam.20250808_062423928.jpg","UserSelect","/UserSelect.20250808_062423928.jpg","","","-3.65","1.77","-999.99","-999.99","68959817e3a1c300139c3ce3"
"2025-08-08T06:24:37.000Z","","","SulisCam","","admin","","","","","","sulis_20250808062437.jpg","","","","","","","","","","","","","","","","","","","","","-6.319","-0.862","","","","","68964024e3a1c300139c75a6"
"2025-08-08T06:24:38.959Z","45.8168508","-129.7541841","ASNAP","","admin","","","","","","","","","","","","-522062.53","-11094.43","-0.7","-6.2","91.57","2606.26","2.43","SciCam","/SciCam.20250808_062438959.jpg","PilotCam","/PilotCam.20250808_062438959.jpg","BrowCam","/BrowCam.20250808_062438959.jpg","UserSelect","/UserSelect.20250808_062438959.jpg","","","-3.65","1.76","-999.99","-999.99","68959826e3a1c300139c3ce7"
"2025-08-08T06:24:53.993Z","45.8168584","-129.7541932","ASNAP","","admin","","","","","","","","","","","","-522063.24","-11093.59","-0.8","-6.3","90.78","2606.22","2.43","SciCam","/SciCam.20250808_062453993.jpg","PilotCam","/PilotCam.20250808_062453993.jpg","BrowCam","/BrowCam.20250808_062453993.jpg","UserSelect","/UserSelect.20250808_062453993.jpg","","","-999.99","1.81","-999.99","-999.99","68959835e3a1c300139c3ceb"
"2025-08-08T06:25:09.014Z","45.8168669","-129.7541948","ASNAP","","admin","","","","","","","","","","","","-522063.36","-11092.64","-1.0","-6.3","90.47","2606.23","2.41","SciCam","/SciCam.20250808_062509014.jpg","PilotCam","/PilotCam.20250808_062509014.jpg","BrowCam","/BrowCam.20250808_062509014.jpg","UserSelect","/UserSelect.20250808_062509014.jpg","","","-999.99","1.77","-999.99","-999.99","68959845e3a1c300139c3cef"
"2025-08-08T06:25:10.000Z","","","SulisCam","","admin","","","","","","sulis_20250808062510.jpg","","","","","","","","","","","","","","","","","","","","","-6.265","-1.021","","","","","68964024e3a1c300139c75a8"
"2025-08-08T06:25:24.044Z","45.8168792","-129.7541997","ASNAP","","admin","","","","","","","","","","","","-522063.74","-11091.28","-0.8","-6.2","90.54","2606.27","2.41","SciCam","/SciCam.20250808_062524044.jpg","PilotCam","/PilotCam.20250808_062524044.jpg","BrowCam","/BrowCam.20250808_062524044.jpg","UserSelect","/UserSelect.20250808_062524044.jpg","","","-999.99","1.80","-999.99","-999.99","68959854e3a1c300139c3cf3"
"2025-08-08T06:25:33.000Z","","","SulisCam","","admin","","","","","","sulis_20250808062533.jpg","","","","","","","","","","","","","","","","","","","","","-6.384","-0.824","","","","","68964024e3a1c300139c75aa"
"2025-08-08T06:25:39.072Z","45.8168948","-129.7542057","ASNAP","","admin","","","","","","","","","","","","-522064.21","-11089.54","-0.8","-6.2","93.79","2606.23","2.43","SciCam","/SciCam.20250808_062539072.jpg","PilotCam","/PilotCam.20250808_062539072.jpg","BrowCam","/BrowCam.20250808_062539072.jpg","UserSelect","/UserSelect.20250808_062539072.jpg","","","-3.65","1.74","-3.65","-999.99","68959863e3a1c300139c3cf7"
"2025-08-08T06:25:51.000Z","","","SulisCam","","admin","","","","","","sulis_20250808062551.jpg","","","","","","","","","","","","","","","","","","","","","-6.265","-0.743","","","","","68964024e3a1c300139c75ac"
"2025-08-08T06:25:54.103Z","45.8169126","-129.7542058","ASNAP","","admin","","","","","","","","","","","","-522064.22","-11087.57","-0.8","-6.1","99.26","2606.20","2.43","SciCam","/SciCam.20250808_062554103.jpg","PilotCam","/PilotCam.20250808_062554103.jpg","BrowCam","/BrowCam.20250808_062554103.jpg","UserSelect","/UserSelect.20250808_062554103.jpg","","","-999.99","1.78","-999.99","-999.99","68959872e3a1c300139c3cfb"
"2025-08-08T06:26:09.134Z","45.8169243","-129.7542012","ASNAP","","admin","","","","","","","","","","","","-522063.86","-11086.26","-0.5","-6.2","114.28","2606.21","2.43","SciCam","/SciCam.20250808_062609134.jpg","PilotCam","/PilotCam.20250808_062609134.jpg","BrowCam","/BrowCam.20250808_062609134.jpg","UserSelect","/UserSelect.20250808_062609134.jpg","","","-3.65","1.81","-999.99","-999.99","68959881e3a1c300139c3cff"
"2025-08-08T06:26:17.000Z","","","SulisCam","","admin","","","","","","sulis_20250808062617.jpg","","","","","","","","","","","","","","","","","","","","","-6.258","-0.688","","","","","68964024e3a1c300139c75ae"
"2025-08-08T06:26:24.169Z","45.8169345","-129.7541931","ASNAP","","admin","","","","","","","","","","","","-522063.23","-11085.13","-0.6","-6.2","123.83","2606.09","2.54","SciCam","/SciCam.20250808_062624169.jpg","PilotCam","/PilotCam.20250808_062624169.jpg","BrowCam","/BrowCam.20250808_062624169.jpg","UserSelect","/UserSelect.20250808_062624169.jpg","","","-999.99","1.81","-999.99","-999.99","68959890e3a1c300139c3d03"
"2025-08-08T06:26:39.204Z","45.8169402","-129.7541888","ASNAP","","admin","","","","","","","","","","","","-522062.90","-11084.50","-0.4","-6.3","146.89","2606.00","2.61","SciCam","/SciCam.20250808_062639204.jpg","PilotCam","/PilotCam.20250808_062639204.jpg","BrowCam","/BrowCam.20250808_062639204.jpg","UserSelect","/UserSelect.20250808_062639204.jpg","","","-999.99","1.79","-999.99","-999.99","6895989fe3a1c300139c3d07"
"2025-08-08T06:26:54.225Z","45.8169430","-129.7541892","ASNAP","","admin","","","","","","","","","","","","-522062.93","-11084.19","-0.2","-6.5","184.06","2605.92","2.74","SciCam","/SciCam.20250808_062654225.jpg","PilotCam","/PilotCam.20250808_062654225.jpg","BrowCam","/BrowCam.20250808_062654225.jpg","UserSelect","/UserSelect.20250808_062654225.jpg","","","-999.99","1.82","-999.99","-999.99","689598aee3a1c300139c3d0b"
"2025-08-08T06:26:56.000Z","","","SulisCam","","admin","","","","","","sulis_20250808062656.jpg","","","","","","","","","","","","","","","","","","","","","-6.538","-0.071","","","","","68964024e3a1c300139c75b0"
"2025-08-08T06:27:09.257Z","45.8169431","-129.7541899","ASNAP","","admin","","","","","","","","","","","","-522062.98","-11084.18","0.1","-6.6","201.01","2605.94","2.69","SciCam","/SciCam.20250808_062709257.jpg","PilotCam","/PilotCam.20250808_062709257.jpg","BrowCam","/BrowCam.20250808_062709257.jpg","UserSelect","/UserSelect.20250808_062709257.jpg","","","-3.65","1.79","-999.99","-999.99","689598bde3a1c300139c3d0f"
"2025-08-08T06:27:24.276Z","45.8169462","-129.7541814","ASNAP","","admin","","","","","","","","","","","","-522062.32","-11083.83","0.0","-6.6","200.89","2605.91","2.74","SciCam","/SciCam.20250808_062724276.jpg","PilotCam","/PilotCam.20250808_062724276.jpg","BrowCam","/BrowCam.20250808_062724276.jpg","UserSelect","/UserSelect.20250808_062724276.jpg","","","-999.99","1.81","-999.99","-999.99","689598cce3a1c300139c3d13"
"2025-08-08T06:27:28.000Z","","","SulisCam","","admin","","","","","","sulis_20250808062728.jpg","","","","","","","","","","","","","","","","","","","","","-6.668","-0.068","","","","","68964024e3a1c300139c75b2"
"2025-08-08T06:27:39.305Z","45.8169456","-129.7541658","ASNAP","","admin","","","","","","","","","","","","-522061.11","-11083.90","-0.1","-6.7","203.78","2605.88","2.74","SciCam","/SciCam.20250808_062739305.jpg","PilotCam","/PilotCam.20250808_062739305.jpg","BrowCam","/BrowCam.20250808_062739305.jpg","UserSelect","/UserSelect.20250808_062739305.jpg","","","-999.99","1.81","-999.99","-999.99","689598dbe3a1c300139c3d17"
"2025-08-08T06:27:54.335Z","45.8169470","-129.7541422","ASNAP","","admin","","","","","","","","","","","","-522059.28","-11083.74","-0.1","-6.8","208.04","2605.87","2.79","SciCam","/SciCam.20250808_062754335.jpg","PilotCam","/PilotCam.20250808_062754335.jpg","BrowCam","/BrowCam.20250808_062754335.jpg","UserSelect","/UserSelect.20250808_062754335.jpg","","","-999.99","1.85","-999.99","-999.99","689598eae3a1c300139c3d1b"
"2025-08-08T06:27:57.000Z","","","SulisCam","","admin","","","","","","sulis_20250808062757.jpg","","","","","","","","","","","","","","","","","","","","","-6.812","0.016","","","","","68964024e3a1c300139c75b4"
"2025-08-08T06:28:09.367Z","45.8169569","-129.7541306","ASNAP","","admin","","","","","","","","","","","","-522058.38","-11082.64","0.0","-6.9","207.45","2605.97","2.71","SciCam","/SciCam.20250808_062809367.jpg","PilotCam","/PilotCam.20250808_062809367.jpg","BrowCam","/BrowCam.20250808_062809367.jpg","UserSelect","/UserSelect.20250808_062809367.jpg","","","-999.99","1.77","-999.99","-999.99","689598f9e3a1c300139c3d1f"
"2025-08-08T06:28:22.000Z","","","SulisCam","","admin","","","","","","sulis_20250808062822.jpg","","","","","","","","","","","","","","","","","","","","","-6.752","-0.143","","","","","68964024e3a1c300139c75b6"
"2025-08-08T06:28:24.391Z","45.8169550","-129.7541087","ASNAP","","admin","","","","","","","","","","","","-522056.68","-11082.85","0.2","-6.8","208.36","2605.83","2.84","SciCam","/SciCam.20250808_062824391.jpg","PilotCam","/PilotCam.20250808_062824391.jpg","BrowCam","/BrowCam.20250808_062824391.jpg","UserSelect","/UserSelect.20250808_062824391.jpg","","","-999.99","1.77","-999.99","-999.99","68959908e3a1c300139c3d23"
"2025-08-08T06:28:33.000Z","","","SulisCam","","admin","","","","","","sulis_20250808062833.jpg","","","","","","","","","","","","","","","","","","","","","-6.791","-0.055","","","","","68964024e3a1c300139c75b8"
"2025-08-08T06:28:39.423Z","45.8169538","-129.7540980","ASNAP","","admin","","","","","","","","","","","","-522055.85","-11082.99","0.0","-6.4","208.05","2605.91","2.74","SciCam","/SciCam.20250808_062839423.jpg","PilotCam","/PilotCam.20250808_062839423.jpg","BrowCam","/BrowCam.20250808_062839423.jpg","UserSelect","/UserSelect.20250808_062839423.jpg","","","-999.99","1.78","-999.99","-999.99","68959917e3a1c300139c3d27"
"2025-08-08T06:28:54.458Z","45.8169406","-129.7540944","ASNAP","","admin","","","","","","","","","","","","-522055.57","-11084.45","-0.2","-6.8","203.57","2605.83","2.74","SciCam","/SciCam.20250808_062854458.jpg","PilotCam","/PilotCam.20250808_062854458.jpg","BrowCam","/BrowCam.20250808_062854458.jpg","UserSelect","/UserSelect.20250808_062854458.jpg","","","-999.99","1.81","-999.99","-999.99","68959926e3a1c300139c3d2b"
"2025-08-08T06:29:09.483Z","45.8169073","-129.7540983","ASNAP","","admin","","","","","","","","","","","","-522055.88","-11088.15","-0.8","-7.0","192.44","2604.31","4.27","SciCam","/SciCam.20250808_062909483.jpg","PilotCam","/PilotCam.20250808_062909483.jpg","BrowCam","/BrowCam.20250808_062909483.jpg","UserSelect","/UserSelect.20250808_062909483.jpg","","","-999.99","1.78","-999.99","-999.99","68959935e3a1c300139c3d2f"
"2025-08-08T06:29:24.513Z","45.8168756","-129.7541098","ASNAP","","admin","","","","","","","","","","","","-522056.77","-11091.68","-0.7","-6.0","136.33","2603.50","4.98","SciCam","/SciCam.20250808_062924513.jpg","PilotCam","/PilotCam.20250808_062924513.jpg","BrowCam","/BrowCam.20250808_062924513.jpg","UserSelect","/UserSelect.20250808_062924513.jpg","","","-3.65","1.82","-999.99","-999.99","68959944e3a1c300139c3d33"
"2025-08-08T06:29:39.546Z","45.8168608","-129.7541281","ASNAP","","admin","","","","","","","","","","","","-522058.19","-11093.32","-1.2","-6.6","55.53","2603.06","5.62","SciCam","/SciCam.20250808_062939546.jpg","PilotCam","/PilotCam.20250808_062939546.jpg","BrowCam","/BrowCam.20250808_062939546.jpg","UserSelect","/UserSelect.20250808_062939546.jpg","","","-3.65","1.82","-3.65","-999.99","68959953e3a1c300139c3d37"
"2025-08-08T06:29:54.565Z","45.8168454","-129.7541536","ASNAP","","admin","","","","","","","","","","","","-522060.17","-11095.03","-0.7","-7.2","333.81","2602.58","5.90","SciCam","/SciCam.20250808_062954565.jpg","PilotCam","/PilotCam.20250808_062954565.jpg","BrowCam","/BrowCam.20250808_062954565.jpg","UserSelect","/UserSelect.20250808_062954565.jpg","","","-3.65","1.82","-3.65","-999.99","68959962e3a1c300139c3d3b"
"2025-08-08T06:30:09.596Z","45.8168301","-129.7541596","ASNAP","","admin","","","","","","","","","","","","-522060.63","-11096.74","0.3","-6.7","240.15","2602.29","6.41","SciCam","/SciCam.20250808_063009596.jpg","PilotCam","/PilotCam.20250808_063009596.jpg","BrowCam","/BrowCam.20250808_063009596.jpg","UserSelect","/UserSelect.20250808_063009596.jpg","","","-999.99","1.81","-999.99","-999.99","68959971e3a1c300139c3d3f"
"2025-08-08T06:30:24.615Z","45.8168272","-129.7541556","ASNAP","","admin","","","","","","","","","","","","-522060.32","-11097.06","-0.3","-6.3","155.32","2602.36","6.33","SciCam","/SciCam.20250808_063024615.jpg","PilotCam","/PilotCam.20250808_063024615.jpg","BrowCam","/BrowCam.20250808_063024615.jpg","UserSelect","/UserSelect.20250808_063024615.jpg","","","-999.99","1.76","-999.99","-999.99","68959980e3a1c300139c3d43"
"2025-08-08T06:30:39.647Z","45.8168216","-129.7541353","ASNAP","","admin","","","","","","","","","","","","-522058.75","-11097.68","-1.0","-6.1","97.81","2602.67","6.05","SciCam","/SciCam.20250808_063039647.jpg","PilotCam","/PilotCam.20250808_063039647.jpg","BrowCam","/BrowCam.20250808_063039647.jpg","UserSelect","/UserSelect.20250808_063039647.jpg","","","-3.65","1.75","-999.99","-999.99","6895998fe3a1c300139c3d47"
"2025-08-08T06:30:54.679Z","45.8168188","-129.7541285","ASNAP","","admin","","","","","","","","","","","","-522058.22","-11097.99","-1.3","-6.1","79.87","2603.02","5.77","SciCam","/SciCam.20250808_063054679.jpg","PilotCam","/PilotCam.20250808_063054679.jpg","BrowCam","/BrowCam.20250808_063054679.jpg","UserSelect","/UserSelect.20250808_063054679.jpg","","","-3.65","1.77","-999.99","-999.99","6895999ee3a1c300139c3d4b"
"2025-08-08T06:31:09.706Z","45.8168137","-129.7541148","ASNAP","","admin","","","","","","","","","","","","-522057.16","-11098.56","-1.5","-6.2","73.06","2603.79","4.98","SciCam","/SciCam.20250808_063109706.jpg","PilotCam","/PilotCam.20250808_063109706.jpg","BrowCam","/BrowCam.20250808_063109706.jpg","UserSelect","/UserSelect.20250808_063109706.jpg","","","-3.65","1.77","-3.65","-999.99","689599ade3a1c300139c3d4f"
"2025-08-08T06:31:24.739Z","45.8168063","-129.7541022","ASNAP","","admin","","","","","","","","","","","","-522056.18","-11099.38","-1.2","-6.2","72.31","2604.23","4.47","SciCam","/SciCam.20250808_063124739.jpg","PilotCam","/PilotCam.20250808_063124739.jpg","BrowCam","/BrowCam.20250808_063124739.jpg","UserSelect","/UserSelect.20250808_063124739.jpg","","","-3.65","1.82","-3.65","-999.99","689599bce3a1c300139c3d53"
"2025-08-08T06:31:39.772Z","45.8168070","-129.7540918","ASNAP","","admin","","","","","","","","","","","","-522055.37","-11099.30","-1.3","-6.2","72.28","2604.95","3.78","SciCam","/SciCam.20250808_063139772.jpg","PilotCam","/PilotCam.20250808_063139772.jpg","BrowCam","/BrowCam.20250808_063139772.jpg","UserSelect","/UserSelect.20250808_063139772.jpg","","","-3.65","1.77","-999.99","-999.99","689599cbe3a1c300139c3d57"
"2025-08-08T06:31:54.806Z","45.8168084","-129.7540857","ASNAP","","admin","","","","","","","","","","","","-522054.90","-11099.15","-1.8","-6.4","71.94","2605.44","3.30","SciCam","/SciCam.20250808_063154806.jpg","PilotCam","/PilotCam.20250808_063154806.jpg","BrowCam","/BrowCam.20250808_063154806.jpg","UserSelect","/UserSelect.20250808_063154806.jpg","","","-3.65","1.81","-999.99","-999.99","689599dae3a1c300139c3d5b"
"2025-08-08T06:32:09.840Z","45.8168088","-129.7540809","ASNAP","","admin","","","","","","","","","","","","-522054.53","-11099.10","-1.2","-6.1","71.97","2605.81","2.92","SciCam","/SciCam.20250808_063209840.jpg","PilotCam","/PilotCam.20250808_063209840.jpg","BrowCam","/BrowCam.20250808_063209840.jpg","UserSelect","/UserSelect.20250808_063209840.jpg","","","-3.65","1.77","-999.99","-999.99","689599e9e3a1c300139c3d5f"
"2025-08-08T06:32:24.874Z","45.8168097","-129.7540780","ASNAP","","admin","","","","","","","","","","","","-522054.30","-11099.00","-1.2","-6.3","72.19","2606.07","2.48","SciCam","/SciCam.20250808_063224874.jpg","PilotCam","/PilotCam.20250808_063224874.jpg","BrowCam","/BrowCam.20250808_063224874.jpg","UserSelect","/UserSelect.20250808_063224874.jpg","","","-999.99","1.82","-999.99","-999.99","689599f8e3a1c300139c3d63"
"2025-08-08T06:32:39.897Z","45.8168096","-129.7540766","ASNAP","","admin","","","","","","","","","","","","-522054.19","-11099.01","-1.3","-5.7","71.76","2606.04","2.36","SciCam","/SciCam.20250808_063239897.jpg","PilotCam","/PilotCam.20250808_063239897.jpg","BrowCam","/BrowCam.20250808_063239897.jpg","UserSelect","/UserSelect.20250808_063239897.jpg","","","-3.65","1.79","-3.65","-999.99","68959a07e3a1c300139c3d67"
"2025-08-08T06:32:44.566Z","45.8168095","-129.7540764","ROV Actions","LV03A","guest","","","Latching to","","","","","","","","","-522054.18","-11099.02","-1.5","-5.8","71.83","2606.12","2.36","SciCam","/SciCam.20250808_063244566.jpg","PilotCam","/PilotCam.20250808_063244566.jpg","BrowCam","/BrowCam.20250808_063244566.jpg","UserSelect","/UserSelect.20250808_063244566.jpg","","","-3.65","1.76","-999.99","-999.99","68959a0ce3a1c300139c3d6b"
"2025-08-08T06:32:54.929Z","45.8168094","-129.7540759","ASNAP","","admin","","","","","","","","","","","","-522054.14","-11099.04","-1.6","-1.0","72.35","2606.29","2.08","SciCam","/SciCam.20250808_063254929.jpg","PilotCam","/PilotCam.20250808_063254929.jpg","BrowCam","/BrowCam.20250808_063254929.jpg","UserSelect","/UserSelect.20250808_063254929.jpg","","","-999.99","1.80","-999.99","-999.99","68959a16e3a1c300139c3d6f"
"2025-08-08T06:33:09.960Z","45.8168093","-129.7540759","ASNAP","","admin","","","","","","","","","","","","-522054.14","-11099.05","-1.8","-1.1","72.33","2606.29","2.08","SciCam","/SciCam.20250808_063309960.jpg","PilotCam","/PilotCam.20250808_063309960.jpg","BrowCam","/BrowCam.20250808_063309960.jpg","UserSelect","/UserSelect.20250808_063309960.jpg","","","-3.65","1.81","-3.65","-999.99","68959a25e3a1c300139c3d73"
"2025-08-08T06:33:24.994Z","45.8168094","-129.7540757","ASNAP","","admin","","","","","","","","","","","","-522054.12","-11099.04","-1.7","-1.1","72.32","2606.29","2.08","SciCam","/SciCam.20250808_063324994.jpg","PilotCam","/PilotCam.20250808_063324994.jpg","BrowCam","/BrowCam.20250808_063324994.jpg","UserSelect","/UserSelect.20250808_063324994.jpg","","","-3.65","1.80","-3.65","-999.99","68959a34e3a1c300139c3d77"
"2025-08-08T06:33:40.023Z","45.8168093","-129.7540757","ASNAP","","admin","","","","","","","","","","","","-522054.12","-11099.05","-1.8","-1.1","72.36","2606.29","2.08","SciCam","/SciCam.20250808_063340023.jpg","PilotCam","/PilotCam.20250808_063340023.jpg","BrowCam","/BrowCam.20250808_063340023.jpg","UserSelect","/UserSelect.20250808_063340023.jpg","","","-999.99","1.76","-999.99","-999.99","68959a44e3a1c300139c3d7b"
"2025-08-08T06:33:55.052Z","45.8168094","-129.7540757","ASNAP","","admin","","","","","","","","","","","","-522054.12","-11099.04","-1.8","-1.1","72.36","2606.30","2.08","SciCam","/SciCam.20250808_063355052.jpg","PilotCam","/PilotCam.20250808_063355052.jpg","BrowCam","/BrowCam.20250808_063355052.jpg","UserSelect","/UserSelect.20250808_063355052.jpg","","","-3.65","1.81","-999.99","-999.99","68959a53e3a1c300139c3d7f"
"2025-08-08T06:34:10.083Z","45.8168095","-129.7540757","ASNAP","","admin","","","","","","","","","","","","-522054.12","-11099.02","-1.7","-1.1","72.34","2606.29","2.08","SciCam","/SciCam.20250808_063410083.jpg","PilotCam","/PilotCam.20250808_063410083.jpg","BrowCam","/BrowCam.20250808_063410083.jpg","UserSelect","/UserSelect.20250808_063410083.jpg","","","-999.99","1.77","-999.99","-999.99","68959a62e3a1c300139c3d83"
"2025-08-08T06:34:25.107Z","45.8168096","-129.7540757","ASNAP","","admin","","","","","","","","","","","","-522054.12","-11099.01","-1.8","-1.1","72.35","2606.29","2.08","SciCam","/SciCam.20250808_063425107.jpg","PilotCam","/PilotCam.20250808_063425107.jpg","BrowCam","/BrowCam.20250808_063425107.jpg","UserSelect","/UserSelect.20250808_063425107.jpg","","","-3.65","1.78","-999.99","-999.99","68959a71e3a1c300139c3d87"
"2025-08-08T06:34:40.139Z","45.8168097","-129.7540757","ASNAP","","admin","","","","","","","","","","","","-522054.12","-11099.00","-1.8","-1.1","72.35","2606.29","2.08","SciCam","/SciCam.20250808_063440139.jpg","PilotCam","/PilotCam.20250808_063440139.jpg","BrowCam","/BrowCam.20250808_063440139.jpg","UserSelect","/UserSelect.20250808_063440139.jpg","","","-3.65","1.80","-3.65","-999.99","68959a80e3a1c300139c3d8b"
"2025-08-08T06:34:55.155Z","45.8168097","-129.7540757","ASNAP","","admin","","","","","","","","","","","","-522054.12","-11099.00","-1.8","-1.1","72.35","2606.29","2.08","SciCam","/SciCam.20250808_063455155.jpg","PilotCam","/PilotCam.20250808_063455155.jpg","BrowCam","/BrowCam.20250808_063455155.jpg","UserSelect","/UserSelect.20250808_063455155.jpg","","","-3.65","1.79","-3.65","-999.99","68959a8fe3a1c300139c3d8f"
"2025-08-08T06:35:10.186Z","45.8168097","-129.7540757","ASNAP","","admin","","","","","","","","","","","","-522054.12","-11099.00","-1.8","-1.1","72.34","2606.29","2.08","SciCam","/SciCam.20250808_063510186.jpg","PilotCam","/PilotCam.20250808_063510186.jpg","BrowCam","/BrowCam.20250808_063510186.jpg","UserSelect","/UserSelect.20250808_063510186.jpg","","","-3.65","1.82","-999.99","-999.99","68959a9ee3a1c300139c3d93"
"2025-08-08T06:35:25.219Z","45.8168097","-129.7540757","ASNAP","","admin","","","","","","","","","","","","-522054.12","-11099.00","-1.8","-1.1","72.34","2606.30","2.08","SciCam","/SciCam.20250808_063525219.jpg","PilotCam","/PilotCam.20250808_063525219.jpg","BrowCam","/BrowCam.20250808_063525219.jpg","UserSelect","/UserSelect.20250808_063525219.jpg","","","-3.65","1.79","-999.99","-999.99","68959aade3a1c300139c3d97"
"2025-08-08T06:35:40.250Z","45.8168098","-129.7540757","ASNAP","","admin","","","","","","","","","","","","-522054.12","-11098.99","-1.8","-1.1","72.34","2606.30","2.08","SciCam","/SciCam.20250808_063540250.jpg","PilotCam","/PilotCam.20250808_063540250.jpg","BrowCam","/BrowCam.20250808_063540250.jpg","UserSelect","/UserSelect.20250808_063540250.jpg","","","-999.99","1.80","-999.99","-999.99","68959abce3a1c300139c3d9b"
"2025-08-08T06:35:55.282Z","45.8168098","-129.7540758","ASNAP","","admin","","","","","","","","","","","","-522054.13","-11098.99","-1.8","-1.1","72.34","2606.30","2.08","SciCam","/SciCam.20250808_063555282.jpg","PilotCam","/PilotCam.20250808_063555282.jpg","BrowCam","/BrowCam.20250808_063555282.jpg","UserSelect","/UserSelect.20250808_063555282.jpg","","","-999.99","1.79","-999.99","-999.99","68959acbe3a1c300139c3d9f"
"2025-08-08T06:36:10.316Z","45.8168099","-129.7540758","ASNAP","","admin","","","","","","","","","","","","-522054.13","-11098.98","-1.8","-1.1","72.34","2606.30","2.08","SciCam","/SciCam.20250808_063610316.jpg","PilotCam","/PilotCam.20250808_063610316.jpg","BrowCam","/BrowCam.20250808_063610316.jpg","UserSelect","/UserSelect.20250808_063610316.jpg","","","-999.99","1.78","-999.99","-999.99","68959adae3a1c300139c3da3"
"2025-08-08T06:36:25.343Z","45.8168099","-129.7540759","ASNAP","","admin","","","","","","","","","","","","-522054.14","-11098.98","-1.8","-1.1","72.34","2606.29","2.08","SciCam","/SciCam.20250808_063625343.jpg","PilotCam","/PilotCam.20250808_063625343.jpg","BrowCam","/BrowCam.20250808_063625343.jpg","UserSelect","/UserSelect.20250808_063625343.jpg","","","-999.99","1.80","-999.99","-999.99","68959ae9e3a1c300139c3da7"
"2025-08-08T06:36:40.371Z","45.8168100","-129.7540758","ASNAP","","admin","","","","","","","","","","","","-522054.13","-11098.97","-1.9","-1.1","72.34","2606.29","2.08","SciCam","/SciCam.20250808_063640371.jpg","PilotCam","/PilotCam.20250808_063640371.jpg","BrowCam","/BrowCam.20250808_063640371.jpg","UserSelect","/UserSelect.20250808_063640371.jpg","","","-3.65","1.78","-999.99","-999.99","68959af8e3a1c300139c3dab"
"2025-08-08T06:36:55.401Z","45.8168100","-129.7540757","ASNAP","","admin","","","","","","","","","","","","-522054.12","-11098.97","-1.8","-1.1","72.34","2606.29","2.08","SciCam","/SciCam.20250808_063655401.jpg","PilotCam","/PilotCam.20250808_063655401.jpg","BrowCam","/BrowCam.20250808_063655401.jpg","UserSelect","/UserSelect.20250808_063655401.jpg","","","-3.65","1.78","-999.99","-999.99","68959b07e3a1c300139c3daf"
"2025-08-08T06:37:10.431Z","45.8168101","-129.7540755","ASNAP","","admin","","","","","","","","","","","","-522054.11","-11098.96","-1.8","-1.1","72.34","2606.30","2.08","SciCam","/SciCam.20250808_063710431.jpg","PilotCam","/PilotCam.20250808_063710431.jpg","BrowCam","/BrowCam.20250808_063710431.jpg","UserSelect","/UserSelect.20250808_063710431.jpg","","","-999.99","1.78","-999.99","-999.99","68959b16e3a1c300139c3db3"
"2025-08-08T06:37:25.460Z","45.8168100","-129.7540751","ASNAP","","admin","","","","","","","","","","","","-522054.08","-11098.97","-1.8","-1.1","72.34","2606.30","2.08","SciCam","/SciCam.20250808_063725460.jpg","PilotCam","/PilotCam.20250808_063725460.jpg","BrowCam","/BrowCam.20250808_063725460.jpg","UserSelect","/UserSelect.20250808_063725460.jpg","","","-999.99","1.79","-999.99","-999.99","68959b25e3a1c300139c3db7"
"2025-08-08T06:37:40.493Z","45.8168099","-129.7540750","ASNAP","","admin","","","","","","","","","","","","-522054.07","-11098.98","-1.8","-1.1","72.34","2606.30","2.08","SciCam","/SciCam.20250808_063740493.jpg","PilotCam","/PilotCam.20250808_063740493.jpg","BrowCam","/BrowCam.20250808_063740493.jpg","UserSelect","/UserSelect.20250808_063740493.jpg","","","-999.99","1.79","-999.99","-999.99","68959b34e3a1c300139c3dbb"
"2025-08-08T06:37:55.513Z","45.8168099","-129.7540750","ASNAP","","admin","","","","","","","","","","","","-522054.07","-11098.98","-1.8","-1.1","72.34","2606.30","2.08","SciCam","/SciCam.20250808_063755513.jpg","PilotCam","/PilotCam.20250808_063755513.jpg","BrowCam","/BrowCam.20250808_063755513.jpg","UserSelect","/UserSelect.20250808_063755513.jpg","","","-999.99","1.80","-999.99","-999.99","68959b43e3a1c300139c3dbf"
"2025-08-08T06:38:10.546Z","45.8168098","-129.7540749","ASNAP","","admin","","","","","","","","","","","","-522054.06","-11098.99","-1.8","-1.1","72.34","2606.30","2.08","SciCam","/SciCam.20250808_063810546.jpg","PilotCam","/PilotCam.20250808_063810546.jpg","BrowCam","/BrowCam.20250808_063810546.jpg","UserSelect","/UserSelect.20250808_063810546.jpg","","","-999.99","1.78","-999.99","-999.99","68959b52e3a1c300139c3dc3"
"2025-08-08T06:38:25.576Z","45.8168098","-129.7540748","ASNAP","","admin","","","","","","","","","","","","-522054.05","-11098.99","-1.8","-1.1","72.35","2606.31","2.08","SciCam","/SciCam.20250808_063825576.jpg","PilotCam","/PilotCam.20250808_063825576.jpg","BrowCam","/BrowCam.20250808_063825576.jpg","UserSelect","/UserSelect.20250808_063825576.jpg","","","-3.65","1.77","-3.65","-999.99","68959b61e3a1c300139c3dc7"
"2025-08-08T06:38:40.607Z","45.8168097","-129.7540748","ASNAP","","admin","","","","","","","","","","","","-522054.05","-11099.00","-1.8","-1.1","72.35","2606.31","2.08","SciCam","/SciCam.20250808_063840607.jpg","PilotCam","/PilotCam.20250808_063840607.jpg","BrowCam","/BrowCam.20250808_063840607.jpg","UserSelect","/UserSelect.20250808_063840607.jpg","","","-3.65","1.76","-999.99","-999.99","68959b70e3a1c300139c3dcb"
"2025-08-08T06:38:55.638Z","45.8168096","-129.7540746","ASNAP","","admin","","","","","","","","","","","","-522054.04","-11099.01","-1.8","-1.1","72.35","2606.31","2.08","SciCam","/SciCam.20250808_063855638.jpg","PilotCam","/PilotCam.20250808_063855638.jpg","BrowCam","/BrowCam.20250808_063855638.jpg","UserSelect","/UserSelect.20250808_063855638.jpg","","","-999.99","1.81","-999.99","-999.99","68959b7fe3a1c300139c3dcf"
"2025-08-08T06:39:10.670Z","45.8168096","-129.7540746","ASNAP","","admin","","","","","","","","","","","","-522054.04","-11099.01","-1.8","-1.1","72.35","2606.31","2.08","SciCam","/SciCam.20250808_063910670.jpg","PilotCam","/PilotCam.20250808_063910670.jpg","BrowCam","/BrowCam.20250808_063910670.jpg","UserSelect","/UserSelect.20250808_063910670.jpg","","","-999.99","1.77","-999.99","-999.99","68959b8ee3a1c300139c3dd3"
"2025-08-08T06:39:25.700Z","45.8168096","-129.7540745","ASNAP","","admin","","","","","","","","","","","","-522054.03","-11099.01","-1.8","-1.1","72.35","2606.31","2.08","SciCam","/SciCam.20250808_063925700.jpg","PilotCam","/PilotCam.20250808_063925700.jpg","BrowCam","/BrowCam.20250808_063925700.jpg","UserSelect","/UserSelect.20250808_063925700.jpg","","","-999.99","1.78","-999.99","-999.99","68959b9de3a1c300139c3dd7"
"2025-08-08T06:39:40.733Z","45.8168095","-129.7540745","ASNAP","","admin","","","","","","","","","","","","-522054.03","-11099.02","-1.8","-1.1","72.35","2606.31","2.08","SciCam","/SciCam.20250808_063940733.jpg","PilotCam","/PilotCam.20250808_063940733.jpg","BrowCam","/BrowCam.20250808_063940733.jpg","UserSelect","/UserSelect.20250808_063940733.jpg","","","-999.99","1.77","-999.99","-999.99","68959bace3a1c300139c3ddb"
"2025-08-08T06:39:55.766Z","45.8168095","-129.7540744","ASNAP","","admin","","","","","","","","","","","","-522054.02","-11099.02","-1.8","-1.1","72.35","2606.31","2.08","SciCam","/SciCam.20250808_063955766.jpg","PilotCam","/PilotCam.20250808_063955766.jpg","BrowCam","/BrowCam.20250808_063955766.jpg","UserSelect","/UserSelect.20250808_063955766.jpg","","","-3.65","1.81","-999.99","-999.99","68959bbbe3a1c300139c3ddf"
"2025-08-08T06:40:10.795Z","45.8168095","-129.7540742","ASNAP","","admin","","","","","","","","","","","","-522054.01","-11099.02","-1.8","-1.1","72.35","2606.32","2.08","SciCam","/SciCam.20250808_064010795.jpg","PilotCam","/PilotCam.20250808_064010795.jpg","BrowCam","/BrowCam.20250808_064010795.jpg","UserSelect","/UserSelect.20250808_064010795.jpg","","","-3.65","1.80","-999.99","-999.99","68959bcae3a1c300139c3de3"
"2025-08-08T06:40:25.827Z","45.8168095","-129.7540742","ASNAP","","admin","","","","","","","","","","","","-522054.01","-11099.02","-1.8","-1.1","72.35","2606.32","2.08","SciCam","/SciCam.20250808_064025827.jpg","PilotCam","/PilotCam.20250808_064025827.jpg","BrowCam","/BrowCam.20250808_064025827.jpg","UserSelect","/UserSelect.20250808_064025827.jpg","","","-3.65","1.79","-3.65","-999.99","68959bd9e3a1c300139c3de7"
"2025-08-08T06:40:40.861Z","45.8168094","-129.7540739","ASNAP","","admin","","","","","","","","","","","","-522053.98","-11099.04","-1.8","-1.1","72.35","2606.32","2.08","SciCam","/SciCam.20250808_064040861.jpg","PilotCam","/PilotCam.20250808_064040861.jpg","BrowCam","/BrowCam.20250808_064040861.jpg","UserSelect","/UserSelect.20250808_064040861.jpg","","","-3.65","1.79","-3.65","-999.99","68959be8e3a1c300139c3deb"
"2025-08-08T06:40:55.892Z","45.8168093","-129.7540736","ASNAP","","admin","","","","","","","","","","","","-522053.96","-11099.05","-1.8","-1.1","72.35","2606.32","2.08","SciCam","/SciCam.20250808_064055892.jpg","PilotCam","/PilotCam.20250808_064055892.jpg","BrowCam","/BrowCam.20250808_064055892.jpg","UserSelect","/UserSelect.20250808_064055892.jpg","","","-999.99","1.78","-999.99","-999.99","68959bf7e3a1c300139c3def"
"2025-08-08T06:41:10.926Z","45.8168093","-129.7540733","ASNAP","","admin","","","","","","","","","","","","-522053.94","-11099.05","-1.8","-1.1","72.35","2606.32","2.08","SciCam","/SciCam.20250808_064110926.jpg","PilotCam","/PilotCam.20250808_064110926.jpg","BrowCam","/BrowCam.20250808_064110926.jpg","UserSelect","/UserSelect.20250808_064110926.jpg","","","-999.99","1.76","-999.99","-999.99","68959c06e3a1c300139c3df3"
"2025-08-08T06:41:25.958Z","45.8168092","-129.7540733","ASNAP","","admin","","","","","","","","","","","","-522053.94","-11099.06","-1.8","-1.1","72.35","2606.32","2.08","SciCam","/SciCam.20250808_064125958.jpg","PilotCam","/PilotCam.20250808_064125958.jpg","BrowCam","/BrowCam.20250808_064125958.jpg","UserSelect","/UserSelect.20250808_064125958.jpg","","","-999.99","1.78","-999.99","-999.99","68959c15e3a1c300139c3df7"
"2025-08-08T06:41:26.000Z","","","SulisCam","","admin","","","","","","sulis_20250808064126.jpg","","","","","","","","","","","","","","","","","","","","","-1.071","-1.782","","","","","68964024e3a1c300139c75ba"
"2025-08-08T06:41:40.993Z","45.8168092","-129.7540733","ASNAP","","admin","","","","","","","","","","","","-522053.94","-11099.06","-1.6","-1.0","72.33","2606.32","2.08","SciCam","/SciCam.20250808_064140993.jpg","PilotCam","/PilotCam.20250808_064140993.jpg","BrowCam","/BrowCam.20250808_064140993.jpg","UserSelect","/UserSelect.20250808_064140993.jpg","","","-3.65","1.79","-999.99","-999.99","68959c24e3a1c300139c3dfb"
"2025-08-08T06:41:56.023Z","45.8168093","-129.7540733","ASNAP","","admin","","","","","","","","","","","","-522053.94","-11099.05","-1.6","-1.0","72.32","2606.32","2.08","SciCam","/SciCam.20250808_064156023.jpg","PilotCam","/PilotCam.20250808_064156023.jpg","BrowCam","/BrowCam.20250808_064156023.jpg","UserSelect","/UserSelect.20250808_064156023.jpg","","","-3.65","1.82","-3.65","-999.99","68959c34e3a1c300139c3dff"
"2025-08-08T06:42:11.055Z","45.8168092","-129.7540733","ASNAP","","admin","","","","","","","","","","","","-522053.94","-11099.06","-4.0","-0.9","72.33","2606.37","2.13","SciCam","/SciCam.20250808_064211055.jpg","PilotCam","/PilotCam.20250808_064211055.jpg","BrowCam","/BrowCam.20250808_064211055.jpg","UserSelect","/UserSelect.20250808_064211055.jpg","","","-3.65","1.77","-3.65","-999.99","68959c43e3a1c300139c3e03"
"2025-08-08T06:42:26.086Z","45.8168127","-129.7540864","ASNAP","","admin","","","","","","","","","","","","-522054.95","-11098.67","-1.1","-2.4","72.24","2602.96","4.45","SciCam","/SciCam.20250808_064226086.jpg","PilotCam","/PilotCam.20250808_064226086.jpg","BrowCam","/BrowCam.20250808_064226086.jpg","UserSelect","/UserSelect.20250808_064226086.jpg","","","-3.65","1.79","-999.99","-999.99","68959c52e3a1c300139c3e07"
"2025-08-08T06:42:32.774Z","45.8168128","-129.7541005","VEHICLE","","guest","","Off bottom","","","","","","","","","","-522056.05","-11098.66","-2.7","-2.2","72.04","2599.76","6.67","SciCam","/SciCam.20250808_064232774.jpg","PilotCam","/PilotCam.20250808_064232774.jpg","BrowCam","/BrowCam.20250808_064232774.jpg","UserSelect","/UserSelect.20250808_064232774.jpg","","","-3.65","1.79","-999.99","-999.99","68959c58e3a1c300139c3e0b"
"2025-08-08T06:44:15.164Z","45.8168757","-129.7542437","WATCH_CHANGE","","guest","shift change","","","","","","","","","","","-522067.16","-11091.67","-1.4","-3.2","143.88","2558.19","38.30","SciCam","/SciCam.20250808_064415164.jpg","PilotCam","/PilotCam.20250808_064415164.jpg","BrowCam","/BrowCam.20250808_064415164.jpg","UserSelect","/UserSelect.20250808_064415164.jpg","","","-3.65","1.81","-999.99","-999.99","68959cbfe3a1c300139c3e0f"
"2025-08-08T06:56:03.193Z","45.8167174","-129.7538418","Name","Anshul","guest","","","","","","","","","","","","-522035.98","-11109.26","-0.6","-4.5","150.38","2207.72","0.58","SciCam","/SciCam.20250808_065603193.jpg","PilotCam","/PilotCam.20250808_065603193.jpg","BrowCam","/BrowCam.20250808_065603193.jpg","UserSelect","/UserSelect.20250808_065603193.jpg","","","-3.65","1.81","-3.65","-999.99","68959f83e3a1c300139c3e13"
"2025-08-08T06:59:42.694Z","45.8167090","-129.7537939","ASNAP","","admin","","","","","","","","","","","","-522032.26","-11110.20","-0.9","-5.2","150.48","2099.25","1.52","SciCam","/SciCam.20250808_065942694.jpg","PilotCam","/PilotCam.20250808_065942694.jpg","BrowCam","/BrowCam.20250808_065942694.jpg","UserSelect","/UserSelect.20250808_065942694.jpg","","","-999.99","1.87","-999.99","-999.99","6895a05ee3a1c300139c3e17"
"2025-08-08T06:59:57.728Z","45.8167039","-129.7537913","ASNAP","","admin","","","","","","","","","","","","-522032.06","-11110.76","-0.5","-3.6","150.85","2092.57","1.52","SciCam","/SciCam.20250808_065957728.jpg","PilotCam","/PilotCam.20250808_065957728.jpg","BrowCam","/BrowCam.20250808_065957728.jpg","UserSelect","/UserSelect.20250808_065957728.jpg","","","-999.99","1.87","-999.99","-999.99","6895a06de3a1c300139c3e1b"
"2025-08-08T07:00:12.762Z","45.8167005","-129.7537914","ASNAP","","admin","","","","","","","","","","","","-522032.07","-11111.14","-0.7","-4.7","150.78","2084.71","1.41","SciCam","/SciCam.20250808_070012762.jpg","PilotCam","/PilotCam.20250808_070012762.jpg","BrowCam","/BrowCam.20250808_070012762.jpg","UserSelect","/UserSelect.20250808_070012762.jpg","","","-999.99","1.86","-999.99","-999.99","6895a07ce3a1c300139c3e1f"
"2025-08-08T07:00:27.795Z","45.8166957","-129.7537904","ASNAP","","admin","","","","","","","","","","","","-522031.99","-11111.67","-0.8","-3.1","150.81","2077.41","1.52","SciCam","/SciCam.20250808_070027795.jpg","PilotCam","/PilotCam.20250808_070027795.jpg","BrowCam","/BrowCam.20250808_070027795.jpg","UserSelect","/UserSelect.20250808_070027795.jpg","","","-3.65","1.84","-999.99","-999.99","6895a08be3a1c300139c3e23"
"2025-08-08T07:00:42.830Z","45.8166943","-129.7537923","ASNAP","","admin","","","","","","","","","","","","-522032.14","-11111.83","-0.8","-4.3","150.41","2069.68","1.52","SciCam","/SciCam.20250808_070042830.jpg","PilotCam","/PilotCam.20250808_070042830.jpg","BrowCam","/BrowCam.20250808_070042830.jpg","UserSelect","/UserSelect.20250808_070042830.jpg","","","-3.65","1.84","-999.99","-999.99","6895a09ae3a1c300139c3e27"
"2025-08-08T07:00:57.863Z","45.8166914","-129.7537890","ASNAP","","admin","","","","","","","","","","","","-522031.88","-11112.15","-1.0","-3.1","150.75","2062.27","1.52","SciCam","/SciCam.20250808_070057863.jpg","PilotCam","/PilotCam.20250808_070057863.jpg","BrowCam","/BrowCam.20250808_070057863.jpg","UserSelect","/UserSelect.20250808_070057863.jpg","","","-3.65","1.90","-3.65","-999.99","6895a0a9e3a1c300139c3e2b"
"2025-08-08T07:01:12.894Z","45.8166907","-129.7537864","ASNAP","","admin","","","","","","","","","","","","-522031.68","-11112.23","-0.7","-4.3","150.39","2054.86","1.52","SciCam","/SciCam.20250808_070112894.jpg","PilotCam","/PilotCam.20250808_070112894.jpg","BrowCam","/BrowCam.20250808_070112894.jpg","UserSelect","/UserSelect.20250808_070112894.jpg","","","-999.99","1.88","-999.99","-999.99","6895a0b8e3a1c300139c3e2f"
"2025-08-08T07:01:27.928Z","45.8166883","-129.7537835","ASNAP","","admin","","","","","","","","","","","","-522031.45","-11112.50","-1.1","-3.1","151.02","2047.25","1.31","SciCam","/SciCam.20250808_070127928.jpg","PilotCam","/PilotCam.20250808_070127928.jpg","BrowCam","/BrowCam.20250808_070127928.jpg","UserSelect","/UserSelect.20250808_070127928.jpg","","","-3.65","1.87","-999.99","-999.99","6895a0c7e3a1c300139c3e33"
"2025-08-08T07:01:42.961Z","45.8166888","-129.7537860","ASNAP","","admin","","","","","","","","","","","","-522031.65","-11112.44","-1.9","-2.1","150.99","2039.48","0.58","SciCam","/SciCam.20250808_070142961.jpg","PilotCam","/PilotCam.20250808_070142961.jpg","BrowCam","/BrowCam.20250808_070142961.jpg","UserSelect","/UserSelect.20250808_070142961.jpg","","","-999.99","1.88","-999.99","-999.99","6895a0d6e3a1c300139c3e37"
"2025-08-08T07:01:57.993Z","45.8166851","-129.7537789","ASNAP","","admin","","","","","","","","","","","","-522031.10","-11112.85","-0.9","-2.8","150.25","2032.45","1.31","SciCam","/SciCam.20250808_070157993.jpg","PilotCam","/PilotCam.20250808_070157993.jpg","BrowCam","/BrowCam.20250808_070157993.jpg","UserSelect","/UserSelect.20250808_070157993.jpg","","","-999.99","1.93","-999.99","-999.99","6895a0e5e3a1c300139c3e3b"
"2025-08-08T07:02:13.023Z","45.8166878","-129.7537764","ASNAP","","admin","","","","","","","","","","","","-522030.90","-11112.55","-0.9","-3.8","150.69","2024.95","0.58","SciCam","/SciCam.20250808_070213023.jpg","PilotCam","/PilotCam.20250808_070213023.jpg","BrowCam","/BrowCam.20250808_070213023.jpg","UserSelect","/UserSelect.20250808_070213023.jpg","","","-999.99","1.91","-999.99","-999.99","6895a0f5e3a1c300139c3e3f"
"2025-08-08T07:02:28.053Z","45.8166861","-129.7537694","ASNAP","","admin","","","","","","","","","","","","-522030.36","-11112.74","-0.7","-3.5","150.53","2018.19","1.31","SciCam","/SciCam.20250808_070228053.jpg","PilotCam","/PilotCam.20250808_070228053.jpg","BrowCam","/BrowCam.20250808_070228053.jpg","UserSelect","/UserSelect.20250808_070228053.jpg","","","-3.65","1.90","-999.99","-999.99","6895a104e3a1c300139c3e43"
"2025-08-08T07:02:43.085Z","45.8166865","-129.7537672","ASNAP","","admin","","","","","","","","","","","","-522030.19","-11112.70","-0.7","-4.3","150.24","2011.44","1.18","SciCam","/SciCam.20250808_070243085.jpg","PilotCam","/PilotCam.20250808_070243085.jpg","BrowCam","/BrowCam.20250808_070243085.jpg","UserSelect","/UserSelect.20250808_070243085.jpg","","","-3.65","1.91","-999.99","-999.99","6895a113e3a1c300139c3e47"
"2025-08-08T07:02:58.118Z","45.8166858","-129.7537632","ASNAP","","admin","","","","","","","","","","","","-522029.88","-11112.77","-0.9","-3.8","150.37","2003.62","1.48","SciCam","/SciCam.20250808_070258118.jpg","PilotCam","/PilotCam.20250808_070258118.jpg","BrowCam","/BrowCam.20250808_070258118.jpg","UserSelect","/UserSelect.20250808_070258118.jpg","","","-3.65","1.89","-3.65","-999.99","6895a122e3a1c300139c3e4b"
"2025-08-08T07:03:13.139Z","45.8166861","-129.7537621","ASNAP","","admin","","","","","","","","","","","","-522029.79","-11112.74","-0.9","-4.3","150.50","1996.04","1.31","SciCam","/SciCam.20250808_070313139.jpg","PilotCam","/PilotCam.20250808_070313139.jpg","BrowCam","/BrowCam.20250808_070313139.jpg","UserSelect","/UserSelect.20250808_070313139.jpg","","","-3.65","1.88","-3.65","-999.99","6895a131e3a1c300139c3e4f"
"2025-08-08T07:03:28.172Z","45.8166838","-129.7537566","ASNAP","","admin","","","","","","","","","","","","-522029.37","-11113.00","-0.8","-4.4","150.40","1988.77","1.52","SciCam","/SciCam.20250808_070328172.jpg","PilotCam","/PilotCam.20250808_070328172.jpg","BrowCam","/BrowCam.20250808_070328172.jpg","UserSelect","/UserSelect.20250808_070328172.jpg","","","-3.65","1.87","-999.99","-999.99","6895a140e3a1c300139c3e53"
"2025-08-08T07:03:43.201Z","45.8166846","-129.7537526","ASNAP","","admin","","","","","","","","","","","","-522029.06","-11112.91","-0.9","-4.5","150.57","1980.92","1.52","SciCam","/SciCam.20250808_070343201.jpg","PilotCam","/PilotCam.20250808_070343201.jpg","BrowCam","/BrowCam.20250808_070343201.jpg","UserSelect","/UserSelect.20250808_070343201.jpg","","","-999.99","1.91","-999.99","-999.99","6895a14fe3a1c300139c3e57"
"2025-08-08T07:03:58.231Z","45.8166806","-129.7537481","ASNAP","","admin","","","","","","","","","","","","-522028.71","-11113.35","-1.0","-3.2","150.49","1973.56","1.52","SciCam","/SciCam.20250808_070358231.jpg","PilotCam","/PilotCam.20250808_070358231.jpg","BrowCam","/BrowCam.20250808_070358231.jpg","UserSelect","/UserSelect.20250808_070358231.jpg","","","-3.65","1.92","-999.99","-999.99","6895a15ee3a1c300139c3e5b"
"2025-08-08T07:04:13.264Z","45.8166771","-129.7537447","ASNAP","","admin","","","","","","","","","","","","-522028.44","-11113.74","-1.2","-3.5","150.78","1965.20","1.35","SciCam","/SciCam.20250808_070413264.jpg","PilotCam","/PilotCam.20250808_070413264.jpg","BrowCam","/BrowCam.20250808_070413264.jpg","UserSelect","/UserSelect.20250808_070413264.jpg","","","-3.65","1.92","-999.99","-999.99","6895a16de3a1c300139c3e5f"
"2025-08-08T07:04:28.295Z","45.8166736","-129.7537457","ASNAP","","admin","","","","","","","","","","","","-522028.52","-11114.13","0.0","-3.0","152.90","1957.82","1.31","SciCam","/SciCam.20250808_070428295.jpg","PilotCam","/PilotCam.20250808_070428295.jpg","BrowCam","/BrowCam.20250808_070428295.jpg","UserSelect","/UserSelect.20250808_070428295.jpg","","","-3.65","1.90","-3.65","-999.99","6895a17ce3a1c300139c3e63"
"2025-08-08T07:04:43.322Z","45.8166847","-129.7537554","ASNAP","","admin","","","","","","","","","","","","-522029.27","-11112.90","-1.1","-3.7","21.82","1950.36","0.58","SciCam","/SciCam.20250808_070443322.jpg","PilotCam","/PilotCam.20250808_070443322.jpg","BrowCam","/BrowCam.20250808_070443322.jpg","UserSelect","/UserSelect.20250808_070443322.jpg","","","-3.65","1.91","-3.65","-999.99","6895a18be3a1c300139c3e67"
"2025-08-08T07:04:58.354Z","45.8166674","-129.7537679","ASNAP","","admin","","","","","","","","","","","","-522030.24","-11114.82","-0.7","-3.7","248.87","1943.19","0.58","SciCam","/SciCam.20250808_070458354.jpg","PilotCam","/PilotCam.20250808_070458354.jpg","BrowCam","/BrowCam.20250808_070458354.jpg","UserSelect","/UserSelect.20250808_070458354.jpg","","","-3.65","1.93","-999.99","-999.99","6895a19ae3a1c300139c3e6b"
"2025-08-08T07:05:13.390Z","45.8166725","-129.7537574","ASNAP","","admin","","","","","","","","","","","","-522029.43","-11114.25","-0.8","-2.3","96.58","1936.29","1.31","SciCam","/SciCam.20250808_070513390.jpg","PilotCam","/PilotCam.20250808_070513390.jpg","BrowCam","/BrowCam.20250808_070513390.jpg","UserSelect","/UserSelect.20250808_070513390.jpg","","","-3.65","1.94","-3.65","-999.99","6895a1a9e3a1c300139c3e6f"
"2025-08-08T07:05:28.422Z","45.8166613","-129.7538072","ASNAP","","admin","","","","","","","","","","","","-522033.29","-11115.50","0.1","-2.3","304.85","1928.82","1.52","SciCam","/SciCam.20250808_070528422.jpg","PilotCam","/PilotCam.20250808_070528422.jpg","BrowCam","/BrowCam.20250808_070528422.jpg","UserSelect","/UserSelect.20250808_070528422.jpg","","","-3.65","1.99","-999.99","-999.99","6895a1b8e3a1c300139c3e73"
"2025-08-08T07:05:43.451Z","45.8166475","-129.7537976","ASNAP","","admin","","","","","","","","","","","","-522032.55","-11117.03","-0.5","-3.0","149.23","1921.66","0.58","SciCam","/SciCam.20250808_070543451.jpg","PilotCam","/PilotCam.20250808_070543451.jpg","BrowCam","/BrowCam.20250808_070543451.jpg","UserSelect","/UserSelect.20250808_070543451.jpg","","","-3.65","1.95","-999.99","-999.99","6895a1c7e3a1c300139c3e77"
"2025-08-08T07:05:58.483Z","45.8166563","-129.7538274","ASNAP","","admin","","","","","","","","","","","","-522034.86","-11116.05","-1.5","-3.4","9.06","1914.52","0.58","SciCam","/SciCam.20250808_070558483.jpg","PilotCam","/PilotCam.20250808_070558483.jpg","BrowCam","/BrowCam.20250808_070558483.jpg","UserSelect","/UserSelect.20250808_070558483.jpg","","","-3.65","1.99","-999.99","-999.99","6895a1d6e3a1c300139c3e7b"
"2025-08-08T07:06:13.517Z","45.8166339","-129.7538408","ASNAP","","admin","","","","","","","","","","","","-522035.90","-11118.54","-1.1","-3.3","264.92","1906.96","1.52","SciCam","/SciCam.20250808_070613517.jpg","PilotCam","/PilotCam.20250808_070613517.jpg","BrowCam","/BrowCam.20250808_070613517.jpg","UserSelect","/UserSelect.20250808_070613517.jpg","","","-3.65","1.99","-999.99","-999.99","6895a1e5e3a1c300139c3e7f"
"2025-08-08T07:06:28.549Z","45.8166331","-129.7538394","ASNAP","","admin","","","","","","","","","","","","-522035.79","-11118.63","-1.0","-3.3","128.78","1899.50","0.58","SciCam","/SciCam.20250808_070628549.jpg","PilotCam","/PilotCam.20250808_070628549.jpg","BrowCam","/BrowCam.20250808_070628549.jpg","UserSelect","/UserSelect.20250808_070628549.jpg","","","-3.65","1.96","-3.65","-999.99","6895a1f4e3a1c300139c3e83"
"2025-08-08T07:06:43.582Z","45.8166354","-129.7538132","ASNAP","","admin","","","","","","","","","","","","-522033.76","-11118.38","-1.1","-3.1","134.79","1891.99","1.31","SciCam","/SciCam.20250808_070643582.jpg","PilotCam","/PilotCam.20250808_070643582.jpg","BrowCam","/BrowCam.20250808_070643582.jpg","UserSelect","/UserSelect.20250808_070643582.jpg","","","-3.65","1.93","-3.65","-999.99","6895a203e3a1c300139c3e87"
"2025-08-08T07:06:58.611Z","45.8166323","-129.7538063","ASNAP","","admin","","","","","","","","","","","","-522033.22","-11118.72","-0.9","-3.1","134.74","1884.16","1.35","SciCam","/SciCam.20250808_070658611.jpg","PilotCam","/PilotCam.20250808_070658611.jpg","BrowCam","/BrowCam.20250808_070658611.jpg","UserSelect","/UserSelect.20250808_070658611.jpg","","","-3.65","1.98","-999.99","-999.99","6895a212e3a1c300139c3e8b"
"2025-08-08T07:07:13.642Z","45.8166290","-129.7538113","ASNAP","","admin","","","","","","","","","","","","-522033.61","-11119.09","-0.9","-4.3","135.08","1877.37","1.31","SciCam","/SciCam.20250808_070713642.jpg","PilotCam","/PilotCam.20250808_070713642.jpg","BrowCam","/BrowCam.20250808_070713642.jpg","UserSelect","/UserSelect.20250808_070713642.jpg","","","-3.65","1.86","-3.65","-999.99","6895a221e3a1c300139c3e8f"
"2025-08-08T07:07:28.675Z","45.8166268","-129.7538076","ASNAP","","admin","","","","","","","","","","","","-522033.32","-11119.33","-1.0","-3.5","135.13","1870.67","1.31","SciCam","/SciCam.20250808_070728675.jpg","PilotCam","/PilotCam.20250808_070728675.jpg","BrowCam","/BrowCam.20250808_070728675.jpg","UserSelect","/UserSelect.20250808_070728675.jpg","","","-999.99","1.95","-999.99","-999.99","6895a230e3a1c300139c3e93"
"2025-08-08T07:07:43.709Z","45.8166259","-129.7538074","ASNAP","","admin","","","","","","","","","","","","-522033.31","-11119.43","-1.0","-4.2","135.07","1862.67","1.31","SciCam","/SciCam.20250808_070743709.jpg","PilotCam","/PilotCam.20250808_070743709.jpg","BrowCam","/BrowCam.20250808_070743709.jpg","UserSelect","/UserSelect.20250808_070743709.jpg","","","-999.99","2.00","-999.99","-999.99","6895a23fe3a1c300139c3e97"
"2025-08-08T07:07:58.744Z","45.8166238","-129.7538027","ASNAP","","admin","","","","","","","","","","","","-522032.94","-11119.67","-1.2","-4.0","134.97","1855.14","1.31","SciCam","/SciCam.20250808_070758744.jpg","PilotCam","/PilotCam.20250808_070758744.jpg","BrowCam","/BrowCam.20250808_070758744.jpg","UserSelect","/UserSelect.20250808_070758744.jpg","","","-3.65","1.95","-3.65","-999.99","6895a24ee3a1c300139c3e9b"
"2025-08-08T07:08:13.777Z","45.8166220","-129.7537983","ASNAP","","admin","","","","","","","","","","","","-522032.60","-11119.87","-1.0","-3.7","135.05","1847.66","0.58","SciCam","/SciCam.20250808_070813777.jpg","PilotCam","/PilotCam.20250808_070813777.jpg","BrowCam","/BrowCam.20250808_070813777.jpg","UserSelect","/UserSelect.20250808_070813777.jpg","","","-3.65","2.01","-3.65","-999.99","6895a25de3a1c300139c3e9f"
"2025-08-08T07:08:28.810Z","45.8166211","-129.7537936","ASNAP","","admin","","","","","","","","","","","","-522032.24","-11119.97","-0.9","-3.6","135.08","1840.37","0.58","SciCam","/SciCam.20250808_070828810.jpg","PilotCam","/PilotCam.20250808_070828810.jpg","BrowCam","/BrowCam.20250808_070828810.jpg","UserSelect","/UserSelect.20250808_070828810.jpg","","","-3.65","2.00","-999.99","-999.99","6895a26ce3a1c300139c3ea3"
"2025-08-08T07:08:43.842Z","45.8166204","-129.7537929","ASNAP","","admin","","","","","","","","","","","","-522032.18","-11120.04","-1.1","-3.4","135.02","1833.38","1.31","SciCam","/SciCam.20250808_070843842.jpg","PilotCam","/PilotCam.20250808_070843842.jpg","BrowCam","/BrowCam.20250808_070843842.jpg","UserSelect","/UserSelect.20250808_070843842.jpg","","","-3.65","2.00","-999.99","-999.99","6895a27be3a1c300139c3ea7"
"2025-08-08T07:08:58.870Z","45.8166196","-129.7537926","ASNAP","","admin","","","","","","","","","","","","-522032.16","-11120.13","-1.0","-2.2","135.12","1826.78","1.31","SciCam","/SciCam.20250808_070858870.jpg","PilotCam","/PilotCam.20250808_070858870.jpg","BrowCam","/BrowCam.20250808_070858870.jpg","UserSelect","/UserSelect.20250808_070858870.jpg","","","-999.99","2.05","-999.99","-999.99","6895a28ae3a1c300139c3eab"
"2025-08-08T07:09:13.890Z","45.8166193","-129.7537911","ASNAP","","admin","","","","","","","","","","","","-522032.04","-11120.17","-0.7","-2.5","135.36","1818.99","1.52","SciCam","/SciCam.20250808_070913890.jpg","PilotCam","/PilotCam.20250808_070913890.jpg","BrowCam","/BrowCam.20250808_070913890.jpg","UserSelect","/UserSelect.20250808_070913890.jpg","","","-999.99","1.98","-999.99","-999.99","6895a299e3a1c300139c3eaf"
"2025-08-08T07:09:28.909Z","45.8166187","-129.7537905","ASNAP","","admin","","","","","","","","","","","","-522032.00","-11120.23","-1.2","-3.5","135.40","1811.79","1.35","SciCam","/SciCam.20250808_070928909.jpg","PilotCam","/PilotCam.20250808_070928909.jpg","BrowCam","/BrowCam.20250808_070928909.jpg","UserSelect","/UserSelect.20250808_070928909.jpg","","","-999.99","2.00","-999.99","-999.99","6895a2a8e3a1c300139c3eb3"
"2025-08-08T07:09:43.942Z","45.8166202","-129.7537905","ASNAP","","admin","","","","","","","","","","","","-522032.00","-11120.07","-0.7","-2.3","135.06","1804.23","1.52","SciCam","/SciCam.20250808_070943942.jpg","PilotCam","/PilotCam.20250808_070943942.jpg","BrowCam","/BrowCam.20250808_070943942.jpg","UserSelect","/UserSelect.20250808_070943942.jpg","","","-3.65","2.05","-999.99","-999.99","6895a2b7e3a1c300139c3eb7"
"2025-08-08T07:09:58.975Z","45.8166236","-129.7537840","ASNAP","","admin","","","","","","","","","","","","-522031.49","-11119.69","-1.0","-3.9","135.21","1796.24","1.35","SciCam","/SciCam.20250808_070958975.jpg","PilotCam","/PilotCam.20250808_070958975.jpg","BrowCam","/BrowCam.20250808_070958975.jpg","UserSelect","/UserSelect.20250808_070958975.jpg","","","-999.99","2.03","-999.99","-999.99","6895a2c6e3a1c300139c3ebb"
"2025-08-08T07:10:14.007Z","45.8166260","-129.7537784","ASNAP","","admin","","","","","","","","","","","","-522031.06","-11119.42","-1.0","-3.3","135.04","1788.54","1.48","SciCam","/SciCam.20250808_071014007.jpg","PilotCam","/PilotCam.20250808_071014007.jpg","BrowCam","/BrowCam.20250808_071014007.jpg","UserSelect","/UserSelect.20250808_071014007.jpg","","","-3.65","2.05","-999.99","-999.99","6895a2d6e3a1c300139c3ebf"
"2025-08-08T07:10:29.038Z","45.8166282","-129.7537764","ASNAP","","admin","","","","","","","","","","","","-522030.90","-11119.18","-0.8","-3.4","135.06","1781.08","0.58","SciCam","/SciCam.20250808_071029038.jpg","PilotCam","/PilotCam.20250808_071029038.jpg","BrowCam","/BrowCam.20250808_071029038.jpg","UserSelect","/UserSelect.20250808_071029038.jpg","","","-999.99","2.05","-999.99","-999.99","6895a2e5e3a1c300139c3ec3"
"2025-08-08T07:10:44.070Z","45.8166337","-129.7537780","ASNAP","","admin","","","","","","","","","","","","-522031.03","-11118.56","-1.3","-5.2","135.10","1773.10","1.48","SciCam","/SciCam.20250808_071044070.jpg","PilotCam","/PilotCam.20250808_071044070.jpg","BrowCam","/BrowCam.20250808_071044070.jpg","UserSelect","/UserSelect.20250808_071044070.jpg","","","-999.99","2.03","-999.99","-999.99","6895a2f4e3a1c300139c3ec7"
"2025-08-08T07:10:59.091Z","45.8166322","-129.7537773","ASNAP","","admin","","","","","","","","","","","","-522030.97","-11118.73","-1.2","-4.5","135.19","1766.36","1.52","SciCam","/SciCam.20250808_071059091.jpg","PilotCam","/PilotCam.20250808_071059091.jpg","BrowCam","/BrowCam.20250808_071059091.jpg","UserSelect","/UserSelect.20250808_071059091.jpg","","","-999.99","2.06","-999.99","-999.99","6895a303e3a1c300139c3ecb"
"2025-08-08T07:11:14.118Z","45.8166311","-129.7537770","ASNAP","","admin","","","","","","","","","","","","-522030.95","-11118.85","-0.8","-3.3","135.31","1759.37","1.52","SciCam","/SciCam.20250808_071114118.jpg","PilotCam","/PilotCam.20250808_071114118.jpg","BrowCam","/BrowCam.20250808_071114118.jpg","UserSelect","/UserSelect.20250808_071114118.jpg","","","-999.99","2.09","-999.99","-999.99","6895a312e3a1c300139c3ecf"
"2025-08-08T07:11:29.149Z","45.8166312","-129.7537747","ASNAP","","admin","","","","","","","","","","","","-522030.77","-11118.84","-0.8","-3.9","135.14","1751.44","1.31","SciCam","/SciCam.20250808_071129149.jpg","PilotCam","/PilotCam.20250808_071129149.jpg","BrowCam","/BrowCam.20250808_071129149.jpg","UserSelect","/UserSelect.20250808_071129149.jpg","","","-999.99","2.05","-999.99","-999.99","6895a321e3a1c300139c3ed3"
"2025-08-08T07:11:44.180Z","45.8166321","-129.7537740","ASNAP","","admin","","","","","","","","","","","","-522030.72","-11118.74","-1.1","-3.8","135.14","1744.39","1.31","SciCam","/SciCam.20250808_071144180.jpg","PilotCam","/PilotCam.20250808_071144180.jpg","BrowCam","/BrowCam.20250808_071144180.jpg","UserSelect","/UserSelect.20250808_071144180.jpg","","","-3.65","2.11","-999.99","-999.99","6895a330e3a1c300139c3ed7"
"2025-08-08T07:11:59.205Z","45.8166310","-129.7537724","ASNAP","","admin","","","","","","","","","","","","-522030.59","-11118.86","-1.2","-5.3","135.35","1735.99","0.58","SciCam","/SciCam.20250808_071159205.jpg","PilotCam","/PilotCam.20250808_071159205.jpg","BrowCam","/BrowCam.20250808_071159205.jpg","UserSelect","/UserSelect.20250808_071159205.jpg","","","-3.65","2.07","-999.99","-999.99","6895a33fe3a1c300139c3edb"
"2025-08-08T07:12:14.239Z","45.8166281","-129.7537707","ASNAP","","admin","","","","","","","","","","","","-522030.46","-11119.19","-1.1","-4.7","135.42","1728.88","0.58","SciCam","/SciCam.20250808_071214239.jpg","PilotCam","/PilotCam.20250808_071214239.jpg","BrowCam","/BrowCam.20250808_071214239.jpg","UserSelect","/UserSelect.20250808_071214239.jpg","","","-3.65","2.08","-3.65","-999.99","6895a34ee3a1c300139c3edf"
"2025-08-08T07:12:29.270Z","45.8166247","-129.7537664","ASNAP","","admin","","","","","","","","","","","","-522030.13","-11119.57","-0.6","-2.9","135.39","1721.65","1.31","SciCam","/SciCam.20250808_071229270.jpg","PilotCam","/PilotCam.20250808_071229270.jpg","BrowCam","/BrowCam.20250808_071229270.jpg","UserSelect","/UserSelect.20250808_071229270.jpg","","","-999.99","2.13","-999.99","-999.99","6895a35de3a1c300139c3ee3"
"2025-08-08T07:12:44.299Z","45.8166253","-129.7537699","ASNAP","","admin","","","","","","","","","","","","-522030.40","-11119.50","-1.5","-3.4","135.39","1714.12","1.31","SciCam","/SciCam.20250808_071244299.jpg","PilotCam","/PilotCam.20250808_071244299.jpg","BrowCam","/BrowCam.20250808_071244299.jpg","UserSelect","/UserSelect.20250808_071244299.jpg","","","-999.99","2.13","-999.99","-999.99","6895a36ce3a1c300139c3ee7"
"2025-08-08T07:12:59.320Z","45.8166232","-129.7537642","ASNAP","","admin","","","","","","","","","","","","-522029.96","-11119.73","-0.6","-2.8","135.55","1705.87","1.52","SciCam","/SciCam.20250808_071259320.jpg","PilotCam","/PilotCam.20250808_071259320.jpg","BrowCam","/BrowCam.20250808_071259320.jpg","UserSelect","/UserSelect.20250808_071259320.jpg","","","-999.99","2.19","-999.99","-999.99","6895a37be3a1c300139c3eeb"
"2025-08-08T07:13:14.348Z","45.8166206","-129.7537622","ASNAP","","admin","","","","","","","","","","","","-522029.80","-11120.02","-1.0","-3.1","135.49","1698.92","0.58","SciCam","/SciCam.20250808_071314348.jpg","PilotCam","/PilotCam.20250808_071314348.jpg","BrowCam","/BrowCam.20250808_071314348.jpg","UserSelect","/UserSelect.20250808_071314348.jpg","","","-3.65","2.14","-999.99","-999.99","6895a38ae3a1c300139c3eef"
"2025-08-08T07:13:29.378Z","45.8166195","-129.7537681","ASNAP","","admin","","","","","","","","","","","","-522030.26","-11120.14","-0.8","-3.2","135.37","1690.65","1.48","SciCam","/SciCam.20250808_071329378.jpg","PilotCam","/PilotCam.20250808_071329378.jpg","BrowCam","/BrowCam.20250808_071329378.jpg","UserSelect","/UserSelect.20250808_071329378.jpg","","","-999.99","2.14","-999.99","-999.99","6895a399e3a1c300139c3ef3"
"2025-08-08T07:13:44.405Z","45.8166183","-129.7537666","ASNAP","","admin","","","","","","","","","","","","-522030.14","-11120.28","-1.0","-3.4","135.33","1683.81","1.48","SciCam","/SciCam.20250808_071344405.jpg","PilotCam","/PilotCam.20250808_071344405.jpg","BrowCam","/BrowCam.20250808_071344405.jpg","UserSelect","/UserSelect.20250808_071344405.jpg","","","-3.65","2.18","-3.65","-999.99","6895a3a8e3a1c300139c3ef7"
"2025-08-08T07:13:59.437Z","45.8166164","-129.7537654","ASNAP","","admin","","","","","","","","","","","","-522030.05","-11120.49","-1.3","-4.3","135.22","1676.36","1.48","SciCam","/SciCam.20250808_071359437.jpg","PilotCam","/PilotCam.20250808_071359437.jpg","BrowCam","/BrowCam.20250808_071359437.jpg","UserSelect","/UserSelect.20250808_071359437.jpg","","","-3.65","2.21","-3.65","-999.99","6895a3b7e3a1c300139c3efb"
"2025-08-08T07:14:14.470Z","45.8166136","-129.7537632","ASNAP","","admin","","","","","","","","","","","","-522029.88","-11120.80","-1.0","-4.1","135.21","1668.49","0.58","SciCam","/SciCam.20250808_071414470.jpg","PilotCam","/PilotCam.20250808_071414470.jpg","BrowCam","/BrowCam.20250808_071414470.jpg","UserSelect","/UserSelect.20250808_071414470.jpg","","","-3.65","2.17","-999.99","-999.99","6895a3c6e3a1c300139c3eff"
"2025-08-08T07:14:29.504Z","45.8166130","-129.7537663","ASNAP","","admin","","","","","","","","","","","","-522030.12","-11120.87","-1.3","-4.3","135.53","1661.22","0.58","SciCam","/SciCam.20250808_071429504.jpg","PilotCam","/PilotCam.20250808_071429504.jpg","BrowCam","/BrowCam.20250808_071429504.jpg","UserSelect","/UserSelect.20250808_071429504.jpg","","","-999.99","2.16","-999.99","-999.99","6895a3d5e3a1c300139c3f03"
"2025-08-08T07:14:44.527Z","45.8166125","-129.7537650","ASNAP","","admin","","","","","","","","","","","","-522030.02","-11120.92","-1.3","-4.5","135.11","1654.27","1.31","SciCam","/SciCam.20250808_071444527.jpg","PilotCam","/PilotCam.20250808_071444527.jpg","BrowCam","/BrowCam.20250808_071444527.jpg","UserSelect","/UserSelect.20250808_071444527.jpg","","","-3.65","2.19","-999.99","-999.99","6895a3e4e3a1c300139c3f07"
"2025-08-08T07:14:59.552Z","45.8166146","-129.7537627","ASNAP","","admin","","","","","","","","","","","","-522029.84","-11120.69","-1.1","-3.4","135.25","1646.70","1.31","SciCam","/SciCam.20250808_071459552.jpg","PilotCam","/PilotCam.20250808_071459552.jpg","BrowCam","/BrowCam.20250808_071459552.jpg","UserSelect","/UserSelect.20250808_071459552.jpg","","","-999.99","2.19","-999.99","-999.99","6895a3f3e3a1c300139c3f0b"
"2025-08-08T07:15:14.585Z","45.8166135","-129.7537591","ASNAP","","admin","","","","","","","","","","","","-522029.56","-11120.81","-1.1","-4.2","135.44","1638.33","0.58","SciCam","/SciCam.20250808_071514585.jpg","PilotCam","/PilotCam.20250808_071514585.jpg","BrowCam","/BrowCam.20250808_071514585.jpg","UserSelect","/UserSelect.20250808_071514585.jpg","","","-3.65","2.17","-3.65","-999.99","6895a402e3a1c300139c3f0f"
"2025-08-08T07:15:29.618Z","45.8166167","-129.7537584","ASNAP","","admin","","","","","","","","","","","","-522029.51","-11120.45","-1.0","-4.2","135.17","1631.33","0.58","SciCam","/SciCam.20250808_071529618.jpg","PilotCam","/PilotCam.20250808_071529618.jpg","BrowCam","/BrowCam.20250808_071529618.jpg","UserSelect","/UserSelect.20250808_071529618.jpg","","","-3.65","2.21","-999.99","-999.99","6895a411e3a1c300139c3f13"
"2025-08-08T07:15:44.649Z","45.8166164","-129.7537534","ASNAP","","admin","","","","","","","","","","","","-522029.12","-11120.49","-0.6","-3.4","135.43","1623.47","1.31","SciCam","/SciCam.20250808_071544649.jpg","PilotCam","/PilotCam.20250808_071544649.jpg","BrowCam","/BrowCam.20250808_071544649.jpg","UserSelect","/UserSelect.20250808_071544649.jpg","","","-3.65","2.26","-3.65","-999.99","6895a420e3a1c300139c3f17"
"2025-08-08T07:15:59.682Z","45.8166160","-129.7537489","ASNAP","","admin","","","","","","","","","","","","-522028.77","-11120.53","-1.2","-4.7","135.67","1616.11","1.35","SciCam","/SciCam.20250808_071559682.jpg","PilotCam","/PilotCam.20250808_071559682.jpg","BrowCam","/BrowCam.20250808_071559682.jpg","UserSelect","/UserSelect.20250808_071559682.jpg","","","-3.65","2.20","-3.65","-999.99","6895a42fe3a1c300139c3f1b"
"2025-08-08T07:16:08.571Z","45.8166155","-129.7537489","Biology Type","huge","guest","","","","Jelly","","","","","","","","-522028.77","-11120.59","-1.0","-3.6","135.47","1612.10","0.58","SciCam","/SciCam.20250808_071608571.jpg","PilotCam","/PilotCam.20250808_071608571.jpg","BrowCam","/BrowCam.20250808_071608571.jpg","UserSelect","/UserSelect.20250808_071608571.jpg","","","-999.99","2.23","-999.99","-999.99","6895a438e3a1c300139c3f1f"
"2025-08-08T07:16:14.713Z","45.8166152","-129.7537465","ASNAP","","admin","","","","","","","","","","","","-522028.58","-11120.62","-1.3","-4.6","135.55","1608.04","1.31","SciCam","/SciCam.20250808_071614713.jpg","PilotCam","/PilotCam.20250808_071614713.jpg","BrowCam","/BrowCam.20250808_071614713.jpg","UserSelect","/UserSelect.20250808_071614713.jpg","","","-3.65","2.24","-999.99","-999.99","6895a43ee3a1c300139c3f23"
"2025-08-08T07:16:29.747Z","45.8166156","-129.7537497","ASNAP","","admin","","","","","","","","","","","","-522028.83","-11120.58","-1.4","-4.6","135.48","1601.10","1.31","SciCam","/SciCam.20250808_071629747.jpg","PilotCam","/PilotCam.20250808_071629747.jpg","BrowCam","/BrowCam.20250808_071629747.jpg","UserSelect","/UserSelect.20250808_071629747.jpg","","","-3.65","2.25","-999.99","-999.99","6895a44de3a1c300139c3f27"
"2025-08-08T07:16:44.780Z","45.8166139","-129.7537440","ASNAP","","admin","","","","","","","","","","","","-522028.39","-11120.77","-1.6","-3.9","135.76","1594.51","1.35","SciCam","/SciCam.20250808_071644780.jpg","PilotCam","/PilotCam.20250808_071644780.jpg","BrowCam","/BrowCam.20250808_071644780.jpg","UserSelect","/UserSelect.20250808_071644780.jpg","","","-999.99","2.26","-999.99","-999.99","6895a45ce3a1c300139c3f2b"
"2025-08-08T07:16:59.812Z","45.8166133","-129.7537408","ASNAP","","admin","","","","","","","","","","","","-522028.14","-11120.83","-0.7","-2.4","135.39","1586.80","1.52","SciCam","/SciCam.20250808_071659812.jpg","PilotCam","/PilotCam.20250808_071659812.jpg","BrowCam","/BrowCam.20250808_071659812.jpg","UserSelect","/UserSelect.20250808_071659812.jpg","","","-3.65","2.26","-999.99","-999.99","6895a46be3a1c300139c3f2f"
"2025-08-08T07:17:14.846Z","45.8166140","-129.7537389","ASNAP","","admin","","","","","","","","","","","","-522027.99","-11120.75","-1.2","-5.0","135.37","1579.30","1.35","SciCam","/SciCam.20250808_071714846.jpg","PilotCam","/PilotCam.20250808_071714846.jpg","BrowCam","/BrowCam.20250808_071714846.jpg","UserSelect","/UserSelect.20250808_071714846.jpg","","","-3.65","2.31","-3.65","-999.99","6895a47ae3a1c300139c3f33"
"2025-08-08T07:17:29.880Z","45.8166165","-129.7537416","ASNAP","","admin","","","","","","","","","","","","-522028.20","-11120.48","-1.4","-5.8","135.15","1572.03","0.58","SciCam","/SciCam.20250808_071729880.jpg","PilotCam","/PilotCam.20250808_071729880.jpg","BrowCam","/BrowCam.20250808_071729880.jpg","UserSelect","/UserSelect.20250808_071729880.jpg","","","-3.65","2.29","-3.65","-999.99","6895a489e3a1c300139c3f37"
"2025-08-08T07:17:44.905Z","45.8166143","-129.7537373","ASNAP","","admin","","","","","","","","","","","","-522027.87","-11120.72","-1.2","-3.8","135.05","1564.23","1.31","SciCam","/SciCam.20250808_071744905.jpg","PilotCam","/PilotCam.20250808_071744905.jpg","BrowCam","/BrowCam.20250808_071744905.jpg","UserSelect","/UserSelect.20250808_071744905.jpg","","","-3.65","2.29","-999.99","-999.99","6895a498e3a1c300139c3f3b"
"2025-08-08T07:17:59.938Z","45.8166135","-129.7537332","ASNAP","","admin","","","","","","","","","","","","-522027.55","-11120.81","-1.1","-3.2","135.11","1557.09","1.31","SciCam","/SciCam.20250808_071759938.jpg","PilotCam","/PilotCam.20250808_071759938.jpg","BrowCam","/BrowCam.20250808_071759938.jpg","UserSelect","/UserSelect.20250808_071759938.jpg","","","-3.65","2.33","-999.99","-999.99","6895a4a7e3a1c300139c3f3f"
"2025-08-08T07:18:14.971Z","45.8166121","-129.7537297","ASNAP","","admin","","","","","","","","","","","","-522027.28","-11120.97","-1.2","-4.5","135.16","1549.88","1.52","SciCam","/SciCam.20250808_071814971.jpg","PilotCam","/PilotCam.20250808_071814971.jpg","BrowCam","/BrowCam.20250808_071814971.jpg","UserSelect","/UserSelect.20250808_071814971.jpg","","","-999.99","2.33","-999.99","-999.99","6895a4b6e3a1c300139c3f43"
"2025-08-08T07:18:30.003Z","45.8166111","-129.7537284","ASNAP","","admin","","","","","","","","","","","","-522027.18","-11121.08","-1.1","-3.9","135.29","1542.04","1.31","SciCam","/SciCam.20250808_071830003.jpg","PilotCam","/PilotCam.20250808_071830003.jpg","BrowCam","/BrowCam.20250808_071830003.jpg","UserSelect","/UserSelect.20250808_071830003.jpg","","","-3.65","2.34","-999.99","-999.99","6895a4c6e3a1c300139c3f47"
"2025-08-08T07:18:45.035Z","45.8166108","-129.7537283","ASNAP","","admin","","","","","","","","","","","","-522027.17","-11121.11","-1.2","-4.8","135.31","1535.03","1.31","SciCam","/SciCam.20250808_071845035.jpg","PilotCam","/PilotCam.20250808_071845035.jpg","BrowCam","/BrowCam.20250808_071845035.jpg","UserSelect","/UserSelect.20250808_071845035.jpg","","","-999.99","2.32","-999.99","-999.99","6895a4d5e3a1c300139c3f4b"
"2025-08-08T07:19:00.068Z","45.8166122","-129.7537225","ASNAP","","admin","","","","","","","","","","","","-522026.72","-11120.95","-1.3","-5.4","135.23","1527.66","0.58","SciCam","/SciCam.20250808_071900068.jpg","PilotCam","/PilotCam.20250808_071900068.jpg","BrowCam","/BrowCam.20250808_071900068.jpg","UserSelect","/UserSelect.20250808_071900068.jpg","","","-3.65","2.34","-999.99","-999.99","6895a4e4e3a1c300139c3f4f"
"2025-08-08T07:19:15.099Z","45.8166135","-129.7537145","ASNAP","","admin","","","","","","","","","","","","-522026.10","-11120.81","-1.0","-3.1","135.53","1519.74","1.31","SciCam","/SciCam.20250808_071915099.jpg","PilotCam","/PilotCam.20250808_071915099.jpg","BrowCam","/BrowCam.20250808_071915099.jpg","UserSelect","/UserSelect.20250808_071915099.jpg","","","-3.65","2.37","-3.65","-999.99","6895a4f3e3a1c300139c3f53"
"2025-08-08T07:19:30.132Z","45.8166200","-129.7537108","ASNAP","","admin","","","","","","","","","","","","-522025.81","-11120.09","-1.0","-3.8","135.29","1512.04","0.58","SciCam","/SciCam.20250808_071930132.jpg","PilotCam","/PilotCam.20250808_071930132.jpg","BrowCam","/BrowCam.20250808_071930132.jpg","UserSelect","/UserSelect.20250808_071930132.jpg","","","-3.65","2.37","-3.65","-999.99","6895a502e3a1c300139c3f57"
"2025-08-08T07:19:45.166Z","45.8166240","-129.7537024","ASNAP","","admin","","","","","","","","","","","","-522025.16","-11119.64","-1.1","-4.0","135.33","1505.14","1.52","SciCam","/SciCam.20250808_071945166.jpg","PilotCam","/PilotCam.20250808_071945166.jpg","BrowCam","/BrowCam.20250808_071945166.jpg","UserSelect","/UserSelect.20250808_071945166.jpg","","","-3.65","2.31","-999.99","-999.99","6895a511e3a1c300139c3f5b"
"2025-08-08T07:20:00.196Z","45.8166370","-129.7536994","ASNAP","","admin","","","","","","","","","","","","-522024.93","-11118.20","-0.0","-2.9","52.97","1497.93","1.52","SciCam","/SciCam.20250808_072000196.jpg","PilotCam","/PilotCam.20250808_072000196.jpg","BrowCam","/BrowCam.20250808_072000196.jpg","UserSelect","/UserSelect.20250808_072000196.jpg","","","-3.65","2.35","-999.99","-999.99","6895a520e3a1c300139c3f5f"
"2025-08-08T07:20:15.230Z","45.8166279","-129.7537158","ASNAP","","admin","","","","","","","","","","","","-522026.20","-11119.21","-1.1","-3.4","282.13","1490.03","1.52","SciCam","/SciCam.20250808_072015230.jpg","PilotCam","/PilotCam.20250808_072015230.jpg","BrowCam","/BrowCam.20250808_072015230.jpg","UserSelect","/UserSelect.20250808_072015230.jpg","","","-999.99","2.39","-999.99","-999.99","6895a52fe3a1c300139c3f63"
"2025-08-08T07:20:30.263Z","45.8166340","-129.7536885","ASNAP","","admin","","","","","","","","","","","","-522024.08","-11118.53","0.2","-1.8","135.67","1483.06","1.52","SciCam","/SciCam.20250808_072030263.jpg","PilotCam","/PilotCam.20250808_072030263.jpg","BrowCam","/BrowCam.20250808_072030263.jpg","UserSelect","/UserSelect.20250808_072030263.jpg","","","-999.99","2.38","-999.99","-999.99","6895a53ee3a1c300139c3f67"
"2025-08-08T07:20:45.294Z","45.8166536","-129.7537037","ASNAP","","admin","","","","","","","","","","","","-522025.26","-11116.35","-0.3","-3.1","338.77","1475.24","0.58","SciCam","/SciCam.20250808_072045294.jpg","PilotCam","/PilotCam.20250808_072045294.jpg","BrowCam","/BrowCam.20250808_072045294.jpg","UserSelect","/UserSelect.20250808_072045294.jpg","","","-999.99","2.39","-999.99","-999.99","6895a54de3a1c300139c3f6b"
"2025-08-08T07:21:00.327Z","45.8166477","-129.7536952","ASNAP","","admin","","","","","","","","","","","","-522024.60","-11117.01","-0.1","-3.4","181.92","1467.92","0.58","SciCam","/SciCam.20250808_072100327.jpg","PilotCam","/PilotCam.20250808_072100327.jpg","BrowCam","/BrowCam.20250808_072100327.jpg","UserSelect","/UserSelect.20250808_072100327.jpg","","","-3.65","2.48","-999.99","-999.99","6895a55ce3a1c300139c3f6f"
"2025-08-08T07:21:15.358Z","45.8166747","-129.7536958","ASNAP","","admin","","","","","","","","","","","","-522024.65","-11114.01","-0.4","-2.6","5.15","1459.99","0.58","SciCam","/SciCam.20250808_072115358.jpg","PilotCam","/PilotCam.20250808_072115358.jpg","BrowCam","/BrowCam.20250808_072115358.jpg","UserSelect","/UserSelect.20250808_072115358.jpg","","","-3.65","2.47","-999.99","-999.99","6895a56be3a1c300139c3f73"
"2025-08-08T07:21:30.390Z","45.8166719","-129.7536976","ASNAP","","admin","","","","","","","","","","","","-522024.79","-11114.32","-0.7","-2.9","190.69","1452.39","0.58","SciCam","/SciCam.20250808_072130390.jpg","PilotCam","/PilotCam.20250808_072130390.jpg","BrowCam","/BrowCam.20250808_072130390.jpg","UserSelect","/UserSelect.20250808_072130390.jpg","","","-3.65","2.46","-3.65","-999.99","6895a57ae3a1c300139c3f77"
"2025-08-08T07:21:45.422Z","45.8166792","-129.7536787","ASNAP","","admin","","","","","","","","","","","","-522023.32","-11113.51","-1.1","-5.0","131.75","1445.22","0.58","SciCam","/SciCam.20250808_072145422.jpg","PilotCam","/PilotCam.20250808_072145422.jpg","BrowCam","/BrowCam.20250808_072145422.jpg","UserSelect","/UserSelect.20250808_072145422.jpg","","","-3.65","2.48","-3.65","-999.99","6895a589e3a1c300139c3f7b"
"2025-08-08T07:22:00.451Z","45.8166480","-129.7536894","ASNAP","","admin","","","","","","","","","","","","-522024.15","-11116.98","-1.1","-5.1","132.01","1437.66","1.52","SciCam","/SciCam.20250808_072200451.jpg","PilotCam","/PilotCam.20250808_072200451.jpg","BrowCam","/BrowCam.20250808_072200451.jpg","UserSelect","/UserSelect.20250808_072200451.jpg","","","-3.65","2.48","-3.65","-999.99","6895a598e3a1c300139c3f7f"
"2025-08-08T07:22:15.484Z","45.8166446","-129.7536872","ASNAP","","admin","","","","","","","","","","","","-522023.98","-11117.35","-1.0","-4.1","131.99","1429.91","0.58","SciCam","/SciCam.20250808_072215484.jpg","PilotCam","/PilotCam.20250808_072215484.jpg","BrowCam","/BrowCam.20250808_072215484.jpg","UserSelect","/UserSelect.20250808_072215484.jpg","","","-3.65","2.51","-3.65","-999.99","6895a5a7e3a1c300139c3f83"
"2025-08-08T07:22:30.518Z","45.8166417","-129.7536895","ASNAP","","admin","","","","","","","","","","","","-522024.16","-11117.68","-0.5","-2.5","131.88","1422.73","1.31","SciCam","/SciCam.20250808_072230518.jpg","PilotCam","/PilotCam.20250808_072230518.jpg","BrowCam","/BrowCam.20250808_072230518.jpg","UserSelect","/UserSelect.20250808_072230518.jpg","","","-3.65","2.53","-3.65","-999.99","6895a5b6e3a1c300139c3f87"
"2025-08-08T07:22:45.548Z","45.8166379","-129.7536906","ASNAP","","admin","","","","","","","","","","","","-522024.25","-11118.10","-1.2","-4.7","132.03","1414.95","1.35","SciCam","/SciCam.20250808_072245548.jpg","PilotCam","/PilotCam.20250808_072245548.jpg","BrowCam","/BrowCam.20250808_072245548.jpg","UserSelect","/UserSelect.20250808_072245548.jpg","","","-3.65","2.55","-3.65","-999.99","6895a5c5e3a1c300139c3f8b"
"2025-08-08T07:23:00.576Z","45.8166332","-129.7536921","ASNAP","","admin","","","","","","","","","","","","-522024.36","-11118.62","-1.2","-5.2","131.84","1408.35","1.52","SciCam","/SciCam.20250808_072300576.jpg","PilotCam","/PilotCam.20250808_072300576.jpg","BrowCam","/BrowCam.20250808_072300576.jpg","UserSelect","/UserSelect.20250808_072300576.jpg","","","-3.65","2.50","-3.65","-999.99","6895a5d4e3a1c300139c3f8f"
"2025-08-08T07:23:15.610Z","45.8166288","-129.7536962","ASNAP","","admin","","","","","","","","","","","","-522024.68","-11119.11","-1.3","-4.8","131.85","1400.50","0.58","SciCam","/SciCam.20250808_072315610.jpg","PilotCam","/PilotCam.20250808_072315610.jpg","BrowCam","/BrowCam.20250808_072315610.jpg","UserSelect","/UserSelect.20250808_072315610.jpg","","","-3.65","2.56","-3.65","-999.99","6895a5e3e3a1c300139c3f93"
"2025-08-08T07:23:30.641Z","45.8166263","-129.7537001","ASNAP","","admin","","","","","","","","","","","","-522024.98","-11119.39","-1.2","-3.5","131.95","1393.52","1.31","SciCam","/SciCam.20250808_072330641.jpg","PilotCam","/PilotCam.20250808_072330641.jpg","BrowCam","/BrowCam.20250808_072330641.jpg","UserSelect","/UserSelect.20250808_072330641.jpg","","","-3.65","2.54","-3.65","-999.99","6895a5f2e3a1c300139c3f97"
"2025-08-08T07:23:45.673Z","45.8166232","-129.7537010","ASNAP","","admin","","","","","","","","","","","","-522025.05","-11119.73","-1.5","-5.3","131.66","1386.26","1.35","SciCam","/SciCam.20250808_072345673.jpg","PilotCam","/PilotCam.20250808_072345673.jpg","BrowCam","/BrowCam.20250808_072345673.jpg","UserSelect","/UserSelect.20250808_072345673.jpg","","","-3.65","2.54","-3.65","-999.99","6895a601e3a1c300139c3f9b"
"2025-08-08T07:24:00.700Z","45.8166196","-129.7537019","ASNAP","","admin","","","","","","","","","","","","-522025.12","-11120.13","-1.2","-4.0","131.60","1378.34","1.75","SciCam","/SciCam.20250808_072400700.jpg","PilotCam","/PilotCam.20250808_072400700.jpg","BrowCam","/BrowCam.20250808_072400700.jpg","UserSelect","/UserSelect.20250808_072400700.jpg","","","-3.65","2.59","-3.65","-999.99","6895a610e3a1c300139c3f9f"
"2025-08-08T07:24:15.734Z","45.8166166","-129.7537055","ASNAP","","admin","","","","","","","","","","","","-522025.40","-11120.47","-0.2","-2.3","132.02","1370.53","1.52","SciCam","/SciCam.20250808_072415734.jpg","PilotCam","/PilotCam.20250808_072415734.jpg","BrowCam","/BrowCam.20250808_072415734.jpg","UserSelect","/UserSelect.20250808_072415734.jpg","","","-3.65","2.56","-3.65","-999.99","6895a61fe3a1c300139c3fa3"
"2025-08-08T07:24:30.765Z","45.8166170","-129.7537131","ASNAP","","admin","","","","","","","","","","","","-522025.99","-11120.42","-1.3","-4.5","132.47","1362.98","0.58","SciCam","/SciCam.20250808_072430765.jpg","PilotCam","/PilotCam.20250808_072430765.jpg","BrowCam","/BrowCam.20250808_072430765.jpg","UserSelect","/UserSelect.20250808_072430765.jpg","","","-3.65","2.64","-3.65","-999.99","6895a62ee3a1c300139c3fa7"
"2025-08-08T07:24:45.797Z","45.8166139","-129.7537162","ASNAP","","admin","","","","","","","","","","","","-522026.23","-11120.77","-1.5","-4.0","131.61","1356.71","0.58","SciCam","/SciCam.20250808_072445797.jpg","PilotCam","/PilotCam.20250808_072445797.jpg","BrowCam","/BrowCam.20250808_072445797.jpg","UserSelect","/UserSelect.20250808_072445797.jpg","","","-3.65","2.65","-3.65","-999.99","6895a63de3a1c300139c3fab"
"2025-08-08T07:25:00.828Z","45.8166133","-129.7537187","ASNAP","","admin","","","","","","","","","","","","-522026.43","-11120.83","-1.1","-2.5","132.25","1348.90","0.58","SciCam","/SciCam.20250808_072500828.jpg","PilotCam","/PilotCam.20250808_072500828.jpg","BrowCam","/BrowCam.20250808_072500828.jpg","UserSelect","/UserSelect.20250808_072500828.jpg","","","-3.65","2.68","-999.99","-999.99","6895a64ce3a1c300139c3faf"
"2025-08-08T07:25:15.849Z","45.8166144","-129.7537234","ASNAP","","admin","","","","","","","","","","","","-522026.79","-11120.71","-1.3","-4.6","131.75","1341.52","0.58","SciCam","/SciCam.20250808_072515849.jpg","PilotCam","/PilotCam.20250808_072515849.jpg","BrowCam","/BrowCam.20250808_072515849.jpg","UserSelect","/UserSelect.20250808_072515849.jpg","","","-3.65","2.67","-3.65","-999.99","6895a65be3a1c300139c3fb3"
"2025-08-08T07:25:30.882Z","45.8166168","-129.7537358","ASNAP","","admin","","","","","","","","","","","","-522027.75","-11120.44","-1.3","-2.7","132.14","1334.19","1.52","SciCam","/SciCam.20250808_072530882.jpg","PilotCam","/PilotCam.20250808_072530882.jpg","BrowCam","/BrowCam.20250808_072530882.jpg","UserSelect","/UserSelect.20250808_072530882.jpg","","","-3.65","2.69","-3.65","-999.99","6895a66ae3a1c300139c3fb7"
"2025-08-08T07:25:35.000Z","","","SulisCam","","admin","","","","","","sulis_20250808072535.jpg","","","","","","","","","","","","","","","","","","","","","-4.063","-0.807","","","","","68964024e3a1c300139c75bc"
"2025-08-08T07:25:45.915Z","45.8166130","-129.7537148","ASNAP","","admin","","","","","","","","","","","","-522026.12","-11120.87","-1.0","-4.3","132.06","1326.14","1.31","SciCam","/SciCam.20250808_072545915.jpg","PilotCam","/PilotCam.20250808_072545915.jpg","BrowCam","/BrowCam.20250808_072545915.jpg","UserSelect","/UserSelect.20250808_072545915.jpg","","","-3.65","2.74","-3.65","-999.99","6895a679e3a1c300139c3fbb"
"2025-08-08T07:25:48.548Z","45.8166157","-129.7537142","Biology Type","","guest","","","","Jelly","","","","","","","","-522026.08","-11120.57","-1.5","-3.8","131.92","1325.21","1.48","SciCam","/SciCam.20250808_072548548.jpg","PilotCam","/PilotCam.20250808_072548548.jpg","BrowCam","/BrowCam.20250808_072548548.jpg","UserSelect","/UserSelect.20250808_072548548.jpg","","","-3.65","2.70","-999.99","-999.99","6895a67ce3a1c300139c3fbf"
"2025-08-08T07:26:00.944Z","45.8166185","-129.7537104","ASNAP","","admin","","","","","","","","","","","","-522025.78","-11120.25","-1.0","-4.1","132.17","1318.90","1.31","SciCam","/SciCam.20250808_072600944.jpg","PilotCam","/PilotCam.20250808_072600944.jpg","BrowCam","/BrowCam.20250808_072600944.jpg","UserSelect","/UserSelect.20250808_072600944.jpg","","","-3.65","2.75","-999.99","-999.99","6895a688e3a1c300139c3fc3"
"2025-08-08T07:26:15.976Z","45.8166184","-129.7537082","ASNAP","","admin","","","","","","","","","","","","-522025.61","-11120.27","-1.3","-4.6","131.94","1311.37","1.24","SciCam","/SciCam.20250808_072615976.jpg","PilotCam","/PilotCam.20250808_072615976.jpg","BrowCam","/BrowCam.20250808_072615976.jpg","UserSelect","/UserSelect.20250808_072615976.jpg","","","-999.99","2.72","-999.99","-999.99","6895a697e3a1c300139c3fc7"
"2025-08-08T07:26:31.008Z","45.8166187","-129.7537074","ASNAP","","admin","","","","","","","","","","","","-522025.55","-11120.23","-1.3","-3.2","131.95","1304.74","0.58","SciCam","/SciCam.20250808_072631008.jpg","PilotCam","/PilotCam.20250808_072631008.jpg","BrowCam","/BrowCam.20250808_072631008.jpg","UserSelect","/UserSelect.20250808_072631008.jpg","","","-3.65","2.77","-999.99","-999.99","6895a6a7e3a1c300139c3fcb"
"2025-08-08T07:26:46.038Z","45.8166181","-129.7537035","ASNAP","","admin","","","","","","","","","","","","-522025.25","-11120.30","-0.1","-2.8","131.95","1296.28","1.52","SciCam","/SciCam.20250808_072646038.jpg","PilotCam","/PilotCam.20250808_072646038.jpg","BrowCam","/BrowCam.20250808_072646038.jpg","UserSelect","/UserSelect.20250808_072646038.jpg","","","-3.65","2.75","-999.99","-999.99","6895a6b6e3a1c300139c3fcf"
"2025-08-08T07:27:01.069Z","45.8166177","-129.7537017","ASNAP","","admin","","","","","","","","","","","","-522025.11","-11120.34","-1.3","-4.1","132.05","1289.03","0.58","SciCam","/SciCam.20250808_072701069.jpg","PilotCam","/PilotCam.20250808_072701069.jpg","BrowCam","/BrowCam.20250808_072701069.jpg","UserSelect","/UserSelect.20250808_072701069.jpg","","","-3.65","2.80","-999.99","-999.99","6895a6c5e3a1c300139c3fd3"
"2025-08-08T07:27:16.101Z","45.8166168","-129.7536916","ASNAP","","admin","","","","","","","","","","","","-522024.32","-11120.44","-1.5","-5.4","132.07","1281.14","0.58","SciCam","/SciCam.20250808_072716101.jpg","PilotCam","/PilotCam.20250808_072716101.jpg","BrowCam","/BrowCam.20250808_072716101.jpg","UserSelect","/UserSelect.20250808_072716101.jpg","","","-999.99","2.79","-3.65","-999.99","6895a6d4e3a1c300139c3fd7"
"2025-08-08T07:27:31.132Z","45.8166166","-129.7536861","ASNAP","","admin","","","","","","","","","","","","-522023.90","-11120.47","-1.5","-5.1","132.05","1273.96","1.48","SciCam","/SciCam.20250808_072731132.jpg","PilotCam","/PilotCam.20250808_072731132.jpg","BrowCam","/BrowCam.20250808_072731132.jpg","UserSelect","/UserSelect.20250808_072731132.jpg","","","-999.99","2.83","-999.99","-999.99","6895a6e3e3a1c300139c3fdb"
"2025-08-08T07:27:46.159Z","45.8166124","-129.7536876","ASNAP","","admin","","","","","","","","","","","","-522024.01","-11120.93","-1.5","-5.2","132.05","1266.26","1.52","SciCam","/SciCam.20250808_072746159.jpg","PilotCam","/PilotCam.20250808_072746159.jpg","BrowCam","/BrowCam.20250808_072746159.jpg","UserSelect","/UserSelect.20250808_072746159.jpg","","","-999.99","2.82","-999.99","-999.99","6895a6f2e3a1c300139c3fdf"
"2025-08-08T07:28:01.193Z","45.8166070","-129.7536787","ASNAP","","admin","","","","","","","","","","","","-522023.32","-11121.53","-1.4","-5.4","132.35","1259.13","0.58","SciCam","/SciCam.20250808_072801193.jpg","PilotCam","/PilotCam.20250808_072801193.jpg","BrowCam","/BrowCam.20250808_072801193.jpg","UserSelect","/UserSelect.20250808_072801193.jpg","","","-999.99","2.86","-999.99","-999.99","6895a701e3a1c300139c3fe3"
"2025-08-08T07:28:16.226Z","45.8166009","-129.7536732","ASNAP","","admin","","","","","","","","","","","","-522022.90","-11122.21","-1.4","-4.8","132.27","1252.49","0.58","SciCam","/SciCam.20250808_072816226.jpg","PilotCam","/PilotCam.20250808_072816226.jpg","BrowCam","/BrowCam.20250808_072816226.jpg","UserSelect","/UserSelect.20250808_072816226.jpg","","","-999.99","2.86","-999.99","-999.99","6895a710e3a1c300139c3fe7"
"2025-08-08T07:28:31.257Z","45.8165940","-129.7536669","ASNAP","","admin","","","","","","","","","","","","-522022.41","-11122.98","-1.0","-3.6","132.25","1244.73","1.48","SciCam","/SciCam.20250808_072831257.jpg","PilotCam","/PilotCam.20250808_072831257.jpg","BrowCam","/BrowCam.20250808_072831257.jpg","UserSelect","/UserSelect.20250808_072831257.jpg","","","-999.99","2.87","-999.99","-999.99","6895a71fe3a1c300139c3feb"
"2025-08-08T07:28:46.291Z","45.8165920","-129.7536664","ASNAP","","admin","","","","","","","","","","","","-522022.37","-11123.20","-1.7","-4.9","131.36","1238.29","0.58","SciCam","/SciCam.20250808_072846291.jpg","PilotCam","/PilotCam.20250808_072846291.jpg","BrowCam","/BrowCam.20250808_072846291.jpg","UserSelect","/UserSelect.20250808_072846291.jpg","","","-999.99","2.86","-999.99","-999.99","6895a72ee3a1c300139c3fef"
"2025-08-08T07:29:01.322Z","45.8165872","-129.7536584","ASNAP","","admin","","","","","","","","","","","","-522021.75","-11123.73","-1.2","-3.0","132.42","1230.81","0.58","SciCam","/SciCam.20250808_072901322.jpg","PilotCam","/PilotCam.20250808_072901322.jpg","BrowCam","/BrowCam.20250808_072901322.jpg","UserSelect","/UserSelect.20250808_072901322.jpg","","","-999.99","2.89","-999.99","-999.99","6895a73de3a1c300139c3ff3"
"2025-08-08T07:29:16.342Z","45.8165826","-129.7536507","ASNAP","","admin","","","","","","","","","","","","-522021.15","-11124.24","0.0","-3.1","132.50","1222.42","0.58","SciCam","/SciCam.20250808_072916342.jpg","PilotCam","/PilotCam.20250808_072916342.jpg","BrowCam","/BrowCam.20250808_072916342.jpg","UserSelect","/UserSelect.20250808_072916342.jpg","","","-999.99","2.89","-999.99","-999.99","6895a74ce3a1c300139c3ff7"
"2025-08-08T07:29:31.376Z","45.8165776","-129.7536431","ASNAP","","admin","","","","","","","","","","","","-522020.56","-11124.80","-1.0","-3.6","132.19","1215.35","0.58","SciCam","/SciCam.20250808_072931376.jpg","PilotCam","/PilotCam.20250808_072931376.jpg","BrowCam","/BrowCam.20250808_072931376.jpg","UserSelect","/UserSelect.20250808_072931376.jpg","","","-999.99","2.90","-999.99","-999.99","6895a75be3a1c300139c3ffb"
"2025-08-08T07:29:46.409Z","45.8165810","-129.7536321","ASNAP","","admin","","","","","","","","","","","","-522019.71","-11124.42","-1.7","-3.5","132.14","1208.03","1.48","SciCam","/SciCam.20250808_072946409.jpg","PilotCam","/PilotCam.20250808_072946409.jpg","BrowCam","/BrowCam.20250808_072946409.jpg","UserSelect","/UserSelect.20250808_072946409.jpg","","","-999.99","2.92","-999.99","-999.99","6895a76ae3a1c300139c3fff"
"2025-08-08T07:30:01.441Z","45.8165835","-129.7536250","ASNAP","","admin","","","","","","","","","","","","-522019.16","-11124.14","-1.4","-4.6","132.08","1200.63","0.58","SciCam","/SciCam.20250808_073001441.jpg","PilotCam","/PilotCam.20250808_073001441.jpg","BrowCam","/BrowCam.20250808_073001441.jpg","UserSelect","/UserSelect.20250808_073001441.jpg","","","-999.99","2.93","-999.99","-999.99","6895a779e3a1c300139c4003"
"2025-08-08T07:30:16.473Z","45.8165824","-129.7536134","ASNAP","","admin","","","","","","","","","","","","-522018.26","-11124.27","-1.9","-3.7","132.22","1193.78","0.58","SciCam","/SciCam.20250808_073016473.jpg","PilotCam","/PilotCam.20250808_073016473.jpg","BrowCam","/BrowCam.20250808_073016473.jpg","UserSelect","/UserSelect.20250808_073016473.jpg","","","-999.99","2.94","-999.99","-999.99","6895a788e3a1c300139c4007"
"2025-08-08T07:30:31.503Z","45.8165843","-129.7536054","ASNAP","","admin","","","","","","","","","","","","-522017.64","-11124.06","-0.7","-4.0","132.15","1185.56","0.58","SciCam","/SciCam.20250808_073031503.jpg","PilotCam","/PilotCam.20250808_073031503.jpg","BrowCam","/BrowCam.20250808_073031503.jpg","UserSelect","/UserSelect.20250808_073031503.jpg","","","-999.99","2.93","-999.99","-999.99","6895a797e3a1c300139c400b"
"2025-08-08T07:30:46.534Z","45.8165879","-129.7535955","ASNAP","","admin","","","","","","","","","","","","-522016.87","-11123.66","-1.1","-4.7","132.13","1178.01","0.58","SciCam","/SciCam.20250808_073046534.jpg","PilotCam","/PilotCam.20250808_073046534.jpg","BrowCam","/BrowCam.20250808_073046534.jpg","UserSelect","/UserSelect.20250808_073046534.jpg","","","-999.99","2.94","-999.99","-999.99","6895a7a6e3a1c300139c400f"
"2025-08-08T07:31:01.566Z","45.8165909","-129.7535820","ASNAP","","admin","","","","","","","","","","","","-522015.82","-11123.32","-0.9","-4.2","132.24","1171.10","0.58","SciCam","/SciCam.20250808_073101566.jpg","PilotCam","/PilotCam.20250808_073101566.jpg","BrowCam","/BrowCam.20250808_073101566.jpg","UserSelect","/UserSelect.20250808_073101566.jpg","","","-999.99","2.94","-999.99","-999.99","6895a7b5e3a1c300139c4013"
"2025-08-08T07:31:16.596Z","45.8165954","-129.7535727","ASNAP","","admin","","","","","","","","","","","","-522015.10","-11122.82","-1.7","-4.6","132.16","1163.48","0.58","SciCam","/SciCam.20250808_073116596.jpg","PilotCam","/PilotCam.20250808_073116596.jpg","BrowCam","/BrowCam.20250808_073116596.jpg","UserSelect","/UserSelect.20250808_073116596.jpg","","","-999.99","2.91","-999.99","-999.99","6895a7c4e3a1c300139c4017"
"2025-08-08T07:31:31.625Z","45.8165996","-129.7535629","ASNAP","","admin","","","","","","","","","","","","-522014.34","-11122.35","-1.5","-5.0","131.93","1156.64","0.58","SciCam","/SciCam.20250808_073131625.jpg","PilotCam","/PilotCam.20250808_073131625.jpg","BrowCam","/BrowCam.20250808_073131625.jpg","UserSelect","/UserSelect.20250808_073131625.jpg","","","-999.99","2.97","-999.99","-999.99","6895a7d3e3a1c300139c401b"
"2025-08-08T07:31:46.656Z","45.8166033","-129.7535529","ASNAP","","admin","","","","","","","","","","","","-522013.56","-11121.94","-0.8","-3.1","132.09","1148.59","0.58","SciCam","/SciCam.20250808_073146656.jpg","PilotCam","/PilotCam.20250808_073146656.jpg","BrowCam","/BrowCam.20250808_073146656.jpg","UserSelect","/UserSelect.20250808_073146656.jpg","","","-999.99","3.00","-999.99","-999.99","6895a7e2e3a1c300139c401f"
"2025-08-08T07:32:01.689Z","45.8166066","-129.7535413","ASNAP","","admin","","","","","","","","","","","","-522012.66","-11121.58","-0.3","-3.1","132.38","1141.10","0.58","SciCam","/SciCam.20250808_073201689.jpg","PilotCam","/PilotCam.20250808_073201689.jpg","BrowCam","/BrowCam.20250808_073201689.jpg","UserSelect","/UserSelect.20250808_073201689.jpg","","","-999.99","3.01","-999.99","-999.99","6895a7f1e3a1c300139c4023"
"2025-08-08T07:32:16.720Z","45.8166102","-129.7535383","ASNAP","","admin","","","","","","","","","","","","-522012.43","-11121.18","-1.6","-5.4","131.85","1134.53","0.58","SciCam","/SciCam.20250808_073216720.jpg","PilotCam","/PilotCam.20250808_073216720.jpg","BrowCam","/BrowCam.20250808_073216720.jpg","UserSelect","/UserSelect.20250808_073216720.jpg","","","-999.99","3.04","-999.99","-999.99","6895a800e3a1c300139c4027"
"2025-08-08T07:32:31.748Z","45.8166155","-129.7535062","ASNAP","","admin","","","","","","","","","","","","-522009.94","-11120.59","-1.2","-1.7","131.93","1127.82","0.58","SciCam","/SciCam.20250808_073231748.jpg","PilotCam","/PilotCam.20250808_073231748.jpg","BrowCam","/BrowCam.20250808_073231748.jpg","UserSelect","/UserSelect.20250808_073231748.jpg","","","-999.99","3.08","-999.99","-999.99","6895a80fe3a1c300139c402b"
"2025-08-08T07:32:46.779Z","45.8166220","-129.7534925","ASNAP","","admin","","","","","","","","","","","","-522008.88","-11119.87","-1.9","-4.1","131.77","1120.29","0.58","SciCam","/SciCam.20250808_073246779.jpg","PilotCam","/PilotCam.20250808_073246779.jpg","BrowCam","/BrowCam.20250808_073246779.jpg","UserSelect","/UserSelect.20250808_073246779.jpg","","","-999.99","3.14","-999.99","-999.99","6895a81ee3a1c300139c402f"
"2025-08-08T07:33:01.804Z","45.8166293","-129.7534782","ASNAP","","admin","","","","","","","","","","","","-522007.77","-11119.05","-1.3","-4.6","131.90","1112.35","0.58","SciCam","/SciCam.20250808_073301804.jpg","PilotCam","/PilotCam.20250808_073301804.jpg","BrowCam","/BrowCam.20250808_073301804.jpg","UserSelect","/UserSelect.20250808_073301804.jpg","","","-999.99","3.06","-999.99","-999.99","6895a82de3a1c300139c4033"
"2025-08-08T07:33:16.837Z","45.8166387","-129.7534713","ASNAP","","admin","","","","","","","","","","","","-522007.23","-11118.01","-1.6","-3.1","132.08","1105.25","0.58","SciCam","/SciCam.20250808_073316837.jpg","PilotCam","/PilotCam.20250808_073316837.jpg","BrowCam","/BrowCam.20250808_073316837.jpg","UserSelect","/UserSelect.20250808_073316837.jpg","","","-999.99","3.11","-999.99","-999.99","6895a83ce3a1c300139c4037"
"2025-08-08T07:33:31.871Z","45.8166492","-129.7534607","ASNAP","","admin","","","","","","","","","","","","-522006.41","-11116.84","-1.0","-4.9","132.19","1096.66","0.58","SciCam","/SciCam.20250808_073331871.jpg","PilotCam","/PilotCam.20250808_073331871.jpg","BrowCam","/BrowCam.20250808_073331871.jpg","UserSelect","/UserSelect.20250808_073331871.jpg","","","-999.99","3.09","-999.99","-999.99","6895a84be3a1c300139c403b"
"2025-08-08T07:33:46.900Z","45.8166600","-129.7534481","ASNAP","","admin","","","","","","","","","","","","-522005.43","-11115.64","-1.5","-3.6","131.98","1089.69","0.58","SciCam","/SciCam.20250808_073346900.jpg","PilotCam","/PilotCam.20250808_073346900.jpg","BrowCam","/BrowCam.20250808_073346900.jpg","UserSelect","/UserSelect.20250808_073346900.jpg","","","-999.99","3.13","-999.99","-999.99","6895a85ae3a1c300139c403f"
"2025-08-08T07:34:01.933Z","45.8166738","-129.7534399","ASNAP","","admin","","","","","","","","","","","","-522004.80","-11114.11","-1.4","-5.0","131.80","1082.28","0.58","SciCam","/SciCam.20250808_073401933.jpg","PilotCam","/PilotCam.20250808_073401933.jpg","BrowCam","/BrowCam.20250808_073401933.jpg","UserSelect","/UserSelect.20250808_073401933.jpg","","","-999.99","3.12","-999.99","-999.99","6895a869e3a1c300139c4043"
"2025-08-08T07:34:16.965Z","45.8166955","-129.7534539","ASNAP","","admin","","","","","","","","","","","","-522005.88","-11111.70","-0.9","-4.0","82.42","1074.69","0.58","SciCam","/SciCam.20250808_073416965.jpg","PilotCam","/PilotCam.20250808_073416965.jpg","BrowCam","/BrowCam.20250808_073416965.jpg","UserSelect","/UserSelect.20250808_073416965.jpg","","","-999.99","3.16","-999.99","-999.99","6895a878e3a1c300139c4047"
"2025-08-08T07:34:31.998Z","45.8167698","-129.7536659","ASNAP","","admin","","","","","","","","","","","","-522022.33","-11103.44","-0.6","-1.7","337.85","1067.37","0.58","SciCam","/SciCam.20250808_073431998.jpg","PilotCam","/PilotCam.20250808_073431998.jpg","BrowCam","/BrowCam.20250808_073431998.jpg","UserSelect","/UserSelect.20250808_073431998.jpg","","","-999.99","3.14","-999.99","-999.99","6895a887e3a1c300139c404b"
"2025-08-08T07:34:47.030Z","45.8167788","-129.7536818","ASNAP","","admin","","","","","","","","","","","","-522023.56","-11102.44","-1.3","-3.8","217.30","1059.38","0.58","SciCam","/SciCam.20250808_073447030.jpg","PilotCam","/PilotCam.20250808_073447030.jpg","BrowCam","/BrowCam.20250808_073447030.jpg","UserSelect","/UserSelect.20250808_073447030.jpg","","","-999.99","3.17","-999.99","-999.99","6895a897e3a1c300139c404f"
"2025-08-08T07:35:02.059Z","45.8168072","-129.7536833","ASNAP","","admin","","","","","","","","","","","","-522023.68","-11099.28","0.0","-1.0","89.30","1051.35","0.58","SciCam","/SciCam.20250808_073502059.jpg","PilotCam","/PilotCam.20250808_073502059.jpg","BrowCam","/BrowCam.20250808_073502059.jpg","UserSelect","/UserSelect.20250808_073502059.jpg","","","-999.99","3.14","-999.99","-999.99","6895a8a6e3a1c300139c4053"
"2025-08-08T07:35:17.091Z","45.8168222","-129.7537542","ASNAP","","admin","","","","","","","","","","","","-522029.18","-11097.61","-0.8","-2.9","298.65","1044.07","0.58","SciCam","/SciCam.20250808_073517091.jpg","PilotCam","/PilotCam.20250808_073517091.jpg","BrowCam","/BrowCam.20250808_073517091.jpg","UserSelect","/UserSelect.20250808_073517091.jpg","","","-999.99","3.22","-999.99","-999.99","6895a8b5e3a1c300139c4057"
"2025-08-08T07:35:32.118Z","45.8168247","-129.7537846","ASNAP","","admin","","","","","","","","","","","","-522031.54","-11097.34","-1.1","-5.1","141.52","1037.15","0.58","SciCam","/SciCam.20250808_073532118.jpg","PilotCam","/PilotCam.20250808_073532118.jpg","BrowCam","/BrowCam.20250808_073532118.jpg","UserSelect","/UserSelect.20250808_073532118.jpg","","","-999.99","3.26","-999.99","-999.99","6895a8c4e3a1c300139c405b"
"2025-08-08T07:35:47.149Z","45.8168416","-129.7538659","ASNAP","","admin","","","","","","","","","","","","-522037.85","-11095.46","-0.5","-2.7","342.56","1029.98","0.58","SciCam","/SciCam.20250808_073547149.jpg","PilotCam","/PilotCam.20250808_073547149.jpg","BrowCam","/BrowCam.20250808_073547149.jpg","UserSelect","/UserSelect.20250808_073547149.jpg","","","-999.99","3.18","-999.99","-999.99","6895a8d3e3a1c300139c405f"
"2025-08-08T07:36:02.182Z","45.8168325","-129.7539363","ASNAP","","admin","","","","","","","","","","","","-522043.31","-11096.47","-1.3","-2.4","187.07","1022.39","0.58","SciCam","/SciCam.20250808_073602182.jpg","PilotCam","/PilotCam.20250808_073602182.jpg","BrowCam","/BrowCam.20250808_073602182.jpg","UserSelect","/UserSelect.20250808_073602182.jpg","","","-999.99","3.23","-999.99","-999.99","6895a8e2e3a1c300139c4063"
"2025-08-08T07:36:17.214Z","45.8168292","-129.7540316","ASNAP","","admin","","","","","","","","","","","","-522050.70","-11096.84","-1.1","-4.8","144.31","1014.33","0.58","SciCam","/SciCam.20250808_073617214.jpg","PilotCam","/PilotCam.20250808_073617214.jpg","BrowCam","/BrowCam.20250808_073617214.jpg","UserSelect","/UserSelect.20250808_073617214.jpg","","","-999.99","3.29","-999.99","-999.99","6895a8f1e3a1c300139c4067"
"2025-08-08T07:36:32.247Z","45.8168283","-129.7540990","ASNAP","","admin","","","","","","","","","","","","-522055.93","-11096.94","-1.1","-3.3","144.53","1007.33","0.58","SciCam","/SciCam.20250808_073632247.jpg","PilotCam","/PilotCam.20250808_073632247.jpg","BrowCam","/BrowCam.20250808_073632247.jpg","UserSelect","/UserSelect.20250808_073632247.jpg","","","-999.99","3.31","-999.99","-999.99","6895a900e3a1c300139c406b"
"2025-08-08T07:36:47.282Z","45.8168245","-129.7541612","ASNAP","","admin","","","","","","","","","","","","-522060.76","-11097.36","-1.1","-2.3","144.84","999.92","0.58","SciCam","/SciCam.20250808_073647282.jpg","PilotCam","/PilotCam.20250808_073647282.jpg","BrowCam","/BrowCam.20250808_073647282.jpg","UserSelect","/UserSelect.20250808_073647282.jpg","","","-999.99","3.31","-999.99","-999.99","6895a90fe3a1c300139c406f"
"2025-08-08T07:37:02.315Z","45.8168372","-129.7542281","ASNAP","","admin","","","","","","","","","","","","-522065.95","-11095.95","-1.2","-3.7","144.44","992.25","0.58","SciCam","/SciCam.20250808_073702315.jpg","PilotCam","/PilotCam.20250808_073702315.jpg","BrowCam","/BrowCam.20250808_073702315.jpg","UserSelect","/UserSelect.20250808_073702315.jpg","","","-999.99","3.33","-999.99","-999.99","6895a91ee3a1c300139c4073"
"2025-08-08T07:37:17.350Z","45.8168246","-129.7542849","ASNAP","","admin","","","","","","","","","","","","-522070.35","-11097.35","-1.0","-2.9","144.30","985.22","0.58","SciCam","/SciCam.20250808_073717350.jpg","PilotCam","/PilotCam.20250808_073717350.jpg","BrowCam","/BrowCam.20250808_073717350.jpg","UserSelect","/UserSelect.20250808_073717350.jpg","","","-999.99","3.35","-999.99","-999.99","6895a92de3a1c300139c4077"
"2025-08-08T07:37:32.384Z","45.8168231","-129.7543269","ASNAP","","admin","","","","","","","","","","","","-522073.61","-11097.51","-0.9","-4.3","144.51","976.98","0.58","SciCam","/SciCam.20250808_073732384.jpg","PilotCam","/PilotCam.20250808_073732384.jpg","BrowCam","/BrowCam.20250808_073732384.jpg","UserSelect","/UserSelect.20250808_073732384.jpg","","","-999.99","3.34","-999.99","-999.99","6895a93ce3a1c300139c407b"
"2025-08-08T07:37:47.416Z","45.8168140","-129.7543597","ASNAP","","admin","","","","","","","","","","","","-522076.16","-11098.52","-1.1","-4.0","144.24","969.50","0.58","SciCam","/SciCam.20250808_073747416.jpg","PilotCam","/PilotCam.20250808_073747416.jpg","BrowCam","/BrowCam.20250808_073747416.jpg","UserSelect","/UserSelect.20250808_073747416.jpg","","","-999.99","3.42","-999.99","-999.99","6895a94be3a1c300139c407f"
"2025-08-08T07:38:02.450Z","45.8168039","-129.7543833","ASNAP","","admin","","","","","","","","","","","","-522077.99","-11099.65","-1.3","-5.2","144.76","961.00","0.58","SciCam","/SciCam.20250808_073802450.jpg","PilotCam","/PilotCam.20250808_073802450.jpg","BrowCam","/BrowCam.20250808_073802450.jpg","UserSelect","/UserSelect.20250808_073802450.jpg","","","-999.99","3.41","-999.99","-999.99","6895a95ae3a1c300139c4083"
"2025-08-08T07:38:17.480Z","45.8167818","-129.7543715","ASNAP","","admin","","","","","","","","","","","","-522077.07","-11102.10","-1.0","-3.2","144.50","954.60","0.58","SciCam","/SciCam.20250808_073817480.jpg","PilotCam","/PilotCam.20250808_073817480.jpg","BrowCam","/BrowCam.20250808_073817480.jpg","UserSelect","/UserSelect.20250808_073817480.jpg","","","-999.99","3.42","-999.99","-999.99","6895a969e3a1c300139c4087"
"2025-08-08T07:38:32.514Z","45.8167804","-129.7544226","ASNAP","","admin","","","","","","","","","","","","-522081.04","-11102.26","-1.2","-5.0","144.52","946.40","0.58","SciCam","/SciCam.20250808_073832514.jpg","PilotCam","/PilotCam.20250808_073832514.jpg","BrowCam","/BrowCam.20250808_073832514.jpg","UserSelect","/UserSelect.20250808_073832514.jpg","","","-999.99","3.48","-999.99","-999.99","6895a978e3a1c300139c408b"
"2025-08-08T07:38:47.545Z","45.8167749","-129.7544152","ASNAP","","admin","","","","","","","","","","","","-522080.46","-11102.87","-1.3","-4.2","144.44","939.42","0.58","SciCam","/SciCam.20250808_073847545.jpg","PilotCam","/PilotCam.20250808_073847545.jpg","BrowCam","/BrowCam.20250808_073847545.jpg","UserSelect","/UserSelect.20250808_073847545.jpg","","","-999.99","3.42","-999.99","-999.99","6895a987e3a1c300139c408f"
"2025-08-08T07:39:02.576Z","45.8167685","-129.7543992","ASNAP","","admin","","","","","","","","","","","","-522079.22","-11103.58","-1.0","-3.7","144.58","932.36","0.58","SciCam","/SciCam.20250808_073902576.jpg","PilotCam","/PilotCam.20250808_073902576.jpg","BrowCam","/BrowCam.20250808_073902576.jpg","UserSelect","/UserSelect.20250808_073902576.jpg","","","-999.99","3.47","-999.99","-999.99","6895a996e3a1c300139c4093"
"2025-08-08T07:39:17.609Z","45.8167576","-129.7543494","ASNAP","","admin","","","","","","","","","","","","-522075.36","-11104.79","-0.4","-2.3","144.57","924.56","0.58","SciCam","/SciCam.20250808_073917609.jpg","PilotCam","/PilotCam.20250808_073917609.jpg","BrowCam","/BrowCam.20250808_073917609.jpg","UserSelect","/UserSelect.20250808_073917609.jpg","","","-999.99","3.48","-999.99","-999.99","6895a9a5e3a1c300139c4097"
"2025-08-08T07:39:32.641Z","45.8167563","-129.7543770","ASNAP","","admin","","","","","","","","","","","","-522077.50","-11104.94","-1.1","-4.1","144.55","917.54","0.58","SciCam","/SciCam.20250808_073932641.jpg","PilotCam","/PilotCam.20250808_073932641.jpg","BrowCam","/BrowCam.20250808_073932641.jpg","UserSelect","/UserSelect.20250808_073932641.jpg","","","-999.99","3.48","-999.99","-999.99","6895a9b4e3a1c300139c409b"
"2025-08-08T07:39:47.673Z","45.8167506","-129.7543481","ASNAP","","admin","","","","","","","","","","","","-522075.26","-11105.57","-1.1","-4.4","144.36","909.24","0.58","SciCam","/SciCam.20250808_073947673.jpg","PilotCam","/PilotCam.20250808_073947673.jpg","BrowCam","/BrowCam.20250808_073947673.jpg","UserSelect","/UserSelect.20250808_073947673.jpg","","","-999.99","3.52","-999.99","-999.99","6895a9c3e3a1c300139c409f"
"2025-08-08T07:40:02.703Z","45.8167374","-129.7543181","ASNAP","","admin","","","","","","","","","","","","-522072.93","-11107.04","-1.1","-3.6","144.25","901.78","0.58","SciCam","/SciCam.20250808_074002703.jpg","PilotCam","/PilotCam.20250808_074002703.jpg","BrowCam","/BrowCam.20250808_074002703.jpg","UserSelect","/UserSelect.20250808_074002703.jpg","","","-999.99","3.54","-999.99","-999.99","6895a9d2e3a1c300139c40a3"
"2025-08-08T07:40:17.735Z","45.8167277","-129.7542620","ASNAP","","admin","","","","","","","","","","","","-522068.58","-11108.12","-1.1","-3.2","144.46","895.11","0.58","SciCam","/SciCam.20250808_074017735.jpg","PilotCam","/PilotCam.20250808_074017735.jpg","BrowCam","/BrowCam.20250808_074017735.jpg","UserSelect","/UserSelect.20250808_074017735.jpg","","","-999.99","3.57","-999.99","-999.99","6895a9e1e3a1c300139c40a7"
"2025-08-08T07:40:32.764Z","45.8167180","-129.7542445","ASNAP","","admin","","","","","","","","","","","","-522067.22","-11109.19","-1.1","-3.2","144.23","888.18","0.58","SciCam","/SciCam.20250808_074032764.jpg","PilotCam","/PilotCam.20250808_074032764.jpg","BrowCam","/BrowCam.20250808_074032764.jpg","UserSelect","/UserSelect.20250808_074032764.jpg","","","-999.99","3.55","-999.99","-999.99","6895a9f0e3a1c300139c40ab"
"2025-08-08T07:40:47.792Z","45.8166484","-129.7542742","ASNAP","","admin","","","","","","","","","","","","-522069.52","-11116.93","-1.3","-5.0","144.52","879.19","0.58","SciCam","/SciCam.20250808_074047792.jpg","PilotCam","/PilotCam.20250808_074047792.jpg","BrowCam","/BrowCam.20250808_074047792.jpg","UserSelect","/UserSelect.20250808_074047792.jpg","","","-999.99","3.60","-999.99","-999.99","6895a9ffe3a1c300139c40af"
"2025-08-08T07:41:02.825Z","45.8166569","-129.7542477","ASNAP","","admin","","","","","","","","","","","","-522067.47","-11115.99","-0.9","-4.4","144.58","872.18","0.58","SciCam","/SciCam.20250808_074102825.jpg","PilotCam","/PilotCam.20250808_074102825.jpg","BrowCam","/BrowCam.20250808_074102825.jpg","UserSelect","/UserSelect.20250808_074102825.jpg","","","-999.99","3.64","-999.99","-999.99","6895aa0ee3a1c300139c40b3"
"2025-08-08T07:41:17.855Z","45.8166553","-129.7542316","ASNAP","","admin","","","","","","","","","","","","-522066.22","-11116.16","-1.0","-4.2","144.65","865.01","0.58","SciCam","/SciCam.20250808_074117855.jpg","PilotCam","/PilotCam.20250808_074117855.jpg","BrowCam","/BrowCam.20250808_074117855.jpg","UserSelect","/UserSelect.20250808_074117855.jpg","","","-999.99","3.64","-999.99","-999.99","6895aa1de3a1c300139c40b7"
"2025-08-08T07:41:32.888Z","45.8166518","-129.7542213","ASNAP","","admin","","","","","","","","","","","","-522065.42","-11116.55","-1.2","-4.1","144.53","857.52","0.58","SciCam","/SciCam.20250808_074132888.jpg","PilotCam","/PilotCam.20250808_074132888.jpg","BrowCam","/BrowCam.20250808_074132888.jpg","UserSelect","/UserSelect.20250808_074132888.jpg","","","-999.99","3.64","-999.99","-999.99","6895aa2ce3a1c300139c40bb"
"2025-08-08T07:41:47.921Z","45.8166460","-129.7542098","ASNAP","","admin","","","","","","","","","","","","-522064.53","-11117.20","-0.5","-3.3","144.54","850.23","0.58","SciCam","/SciCam.20250808_074147921.jpg","PilotCam","/PilotCam.20250808_074147921.jpg","BrowCam","/BrowCam.20250808_074147921.jpg","UserSelect","/UserSelect.20250808_074147921.jpg","","","-999.99","3.64","-999.99","-999.99","6895aa3be3a1c300139c40bf"
"2025-08-08T07:42:02.953Z","45.8166538","-129.7541957","ASNAP","","admin","","","","","","","","","","","","-522063.43","-11116.33","-1.3","-4.3","144.61","843.16","0.58","SciCam","/SciCam.20250808_074202953.jpg","PilotCam","/PilotCam.20250808_074202953.jpg","BrowCam","/BrowCam.20250808_074202953.jpg","UserSelect","/UserSelect.20250808_074202953.jpg","","","-999.99","3.72","-999.99","-999.99","6895aa4ae3a1c300139c40c3"
"2025-08-08T07:42:17.984Z","45.8166532","-129.7541851","ASNAP","","admin","","","","","","","","","","","","-522062.61","-11116.40","-1.3","-3.7","144.53","835.45","0.58","SciCam","/SciCam.20250808_074217984.jpg","PilotCam","/PilotCam.20250808_074217984.jpg","BrowCam","/BrowCam.20250808_074217984.jpg","UserSelect","/UserSelect.20250808_074217984.jpg","","","-999.99","3.74","-999.99","-999.99","6895aa59e3a1c300139c40c7"
"2025-08-08T07:42:33.013Z","45.8166524","-129.7541721","ASNAP","","admin","","","","","","","","","","","","-522061.60","-11116.49","-1.2","-3.7","144.37","828.58","0.58","SciCam","/SciCam.20250808_074233013.jpg","PilotCam","/PilotCam.20250808_074233013.jpg","BrowCam","/BrowCam.20250808_074233013.jpg","UserSelect","/UserSelect.20250808_074233013.jpg","","","-999.99","3.74","-999.99","-999.99","6895aa69e3a1c300139c40cb"
"2025-08-08T07:42:48.047Z","45.8166524","-129.7541557","ASNAP","","admin","","","","","","","","","","","","-522060.33","-11116.49","-0.9","-4.3","144.21","820.80","0.58","SciCam","/SciCam.20250808_074248047.jpg","PilotCam","/PilotCam.20250808_074248047.jpg","BrowCam","/BrowCam.20250808_074248047.jpg","UserSelect","/UserSelect.20250808_074248047.jpg","","","-999.99","3.76","-999.99","-999.99","6895aa78e3a1c300139c40cf"
"2025-08-08T07:43:03.079Z","45.8166625","-129.7541374","ASNAP","","admin","","","","","","","","","","","","-522058.91","-11115.36","-1.1","-3.7","144.38","814.15","0.58","SciCam","/SciCam.20250808_074303079.jpg","PilotCam","/PilotCam.20250808_074303079.jpg","BrowCam","/BrowCam.20250808_074303079.jpg","UserSelect","/UserSelect.20250808_074303079.jpg","","","-999.99","3.78","-999.99","-999.99","6895aa87e3a1c300139c40d3"
"2025-08-08T07:43:18.111Z","45.8166648","-129.7541248","ASNAP","","admin","","","","","","","","","","","","-522057.93","-11115.11","-1.1","-3.0","144.39","806.30","0.58","SciCam","/SciCam.20250808_074318111.jpg","PilotCam","/PilotCam.20250808_074318111.jpg","BrowCam","/BrowCam.20250808_074318111.jpg","UserSelect","/UserSelect.20250808_074318111.jpg","","","-999.99","3.73","-999.99","-999.99","6895aa96e3a1c300139c40d7"
"2025-08-08T07:43:33.142Z","45.8166690","-129.7541151","ASNAP","","admin","","","","","","","","","","","","-522057.18","-11114.64","-1.0","-4.1","144.35","798.01","0.58","SciCam","/SciCam.20250808_074333142.jpg","PilotCam","/PilotCam.20250808_074333142.jpg","BrowCam","/BrowCam.20250808_074333142.jpg","UserSelect","/UserSelect.20250808_074333142.jpg","","","-999.99","3.80","-999.99","-999.99","6895aaa5e3a1c300139c40db"
"2025-08-08T07:43:48.176Z","45.8166743","-129.7541053","ASNAP","","admin","","","","","","","","","","","","-522056.42","-11114.05","-0.7","-1.6","144.67","790.81","0.58","SciCam","/SciCam.20250808_074348176.jpg","PilotCam","/PilotCam.20250808_074348176.jpg","BrowCam","/BrowCam.20250808_074348176.jpg","UserSelect","/UserSelect.20250808_074348176.jpg","","","-999.99","3.76","-999.99","-999.99","6895aab4e3a1c300139c40df"
"2025-08-08T07:44:03.205Z","45.8166864","-129.7540967","ASNAP","","admin","","","","","","","","","","","","-522055.75","-11112.71","-0.7","-2.6","144.26","783.65","0.58","SciCam","/SciCam.20250808_074403205.jpg","PilotCam","/PilotCam.20250808_074403205.jpg","BrowCam","/BrowCam.20250808_074403205.jpg","UserSelect","/UserSelect.20250808_074403205.jpg","","","-999.99","3.81","-999.99","-999.99","6895aac3e3a1c300139c40e3"
"2025-08-08T07:44:18.237Z","45.8166936","-129.7540901","ASNAP","","admin","","","","","","","","","","","","-522055.24","-11111.91","-0.8","-2.1","144.33","777.43","0.58","SciCam","/SciCam.20250808_074418237.jpg","PilotCam","/PilotCam.20250808_074418237.jpg","BrowCam","/BrowCam.20250808_074418237.jpg","UserSelect","/UserSelect.20250808_074418237.jpg","","","-999.99","3.83","-999.99","-999.99","6895aad2e3a1c300139c40e7"
"2025-08-08T07:44:33.269Z","45.8166960","-129.7540736","ASNAP","","admin","","","","","","","","","","","","-522053.96","-11111.64","-1.0","-3.0","144.01","768.70","0.58","SciCam","/SciCam.20250808_074433269.jpg","PilotCam","/PilotCam.20250808_074433269.jpg","BrowCam","/BrowCam.20250808_074433269.jpg","UserSelect","/UserSelect.20250808_074433269.jpg","","","-999.99","3.85","-999.99","-999.99","6895aae1e3a1c300139c40eb"
"2025-08-08T07:44:48.287Z","45.8167014","-129.7540552","ASNAP","","admin","","","","","","","","","","","","-522052.53","-11111.04","-1.3","-4.8","144.19","761.75","0.58","SciCam","/SciCam.20250808_074448287.jpg","PilotCam","/PilotCam.20250808_074448287.jpg","BrowCam","/BrowCam.20250808_074448287.jpg","UserSelect","/UserSelect.20250808_074448287.jpg","","","-999.99","3.90","-999.99","-999.99","6895aaf0e3a1c300139c40ef"
"2025-08-08T07:45:03.319Z","45.8167125","-129.7540568","ASNAP","","admin","","","","","","","","","","","","-522052.66","-11109.81","-1.1","-4.4","144.24","754.98","0.58","SciCam","/SciCam.20250808_074503319.jpg","PilotCam","/PilotCam.20250808_074503319.jpg","BrowCam","/BrowCam.20250808_074503319.jpg","UserSelect","/UserSelect.20250808_074503319.jpg","","","-999.99","3.90","-999.99","-999.99","6895aaffe3a1c300139c40f3"
"2025-08-08T07:45:18.348Z","45.8167133","-129.7540507","ASNAP","","admin","","","","","","","","","","","","-522052.18","-11109.72","-1.0","-3.3","144.21","747.62","0.58","SciCam","/SciCam.20250808_074518348.jpg","BrowCam","/BrowCam.20250808_074518348.jpg","UserSelect","/UserSelect.20250808_074518348.jpg","","","","","-999.99","3.89","-999.99","-999.99","6895ab0ee3a1c300139c40f7"
"2025-08-08T07:45:33.383Z","45.8167143","-129.7540465","ASNAP","","admin","","","","","","","","","","","","-522051.86","-11109.61","-1.1","-4.3","144.57","739.43","0.58","SciCam","/SciCam.20250808_074533383.jpg","PilotCam","/PilotCam.20250808_074533383.jpg","BrowCam","/BrowCam.20250808_074533383.jpg","UserSelect","/UserSelect.20250808_074533383.jpg","","","-999.99","3.89","-999.99","-999.99","6895ab1de3a1c300139c40fb"
"2025-08-08T07:45:48.414Z","45.8167159","-129.7540421","ASNAP","","admin","","","","","","","","","","","","-522051.52","-11109.43","-1.1","-3.8","144.50","732.41","0.58","SciCam","/SciCam.20250808_074548414.jpg","PilotCam","/PilotCam.20250808_074548414.jpg","BrowCam","/BrowCam.20250808_074548414.jpg","UserSelect","/UserSelect.20250808_074548414.jpg","","","-999.99","3.92","-999.99","-999.99","6895ab2ce3a1c300139c40ff"
"2025-08-08T07:46:03.443Z","45.8167252","-129.7540489","ASNAP","","admin","","","","","","","","","","","","-522052.04","-11108.39","-1.1","-2.4","144.30","724.66","0.58","SciCam","/SciCam.20250808_074603443.jpg","PilotCam","/PilotCam.20250808_074603443.jpg","BrowCam","/BrowCam.20250808_074603443.jpg","UserSelect","/UserSelect.20250808_074603443.jpg","","","-999.99","3.96","-999.99","-999.99","6895ab3be3a1c300139c4103"
"2025-08-08T07:46:18.478Z","45.8167331","-129.7540492","ASNAP","","admin","","","","","","","","","","","","-522052.07","-11107.52","-0.9","-3.9","144.30","717.50","0.58","SciCam","/SciCam.20250808_074618478.jpg","PilotCam","/PilotCam.20250808_074618478.jpg","BrowCam","/BrowCam.20250808_074618478.jpg","UserSelect","/UserSelect.20250808_074618478.jpg","","","-999.99","3.90","-999.99","-999.99","6895ab4ae3a1c300139c4107"
"2025-08-08T07:46:33.509Z","45.8167374","-129.7540525","ASNAP","","admin","","","","","","","","","","","","-522052.32","-11107.04","-1.0","-3.9","144.56","709.58","0.58","SciCam","/SciCam.20250808_074633509.jpg","PilotCam","/PilotCam.20250808_074633509.jpg","BrowCam","/BrowCam.20250808_074633509.jpg","UserSelect","/UserSelect.20250808_074633509.jpg","","","-999.99","3.95","-999.99","-999.99","6895ab59e3a1c300139c410b"
"2025-08-08T07:46:48.541Z","45.8167370","-129.7540545","ASNAP","","admin","","","","","","","","","","","","-522052.48","-11107.08","-1.0","-3.3","144.27","701.83","0.58","SciCam","/SciCam.20250808_074648541.jpg","PilotCam","/PilotCam.20250808_074648541.jpg","BrowCam","/BrowCam.20250808_074648541.jpg","UserSelect","/UserSelect.20250808_074648541.jpg","","","-999.99","4.00","-999.99","-999.99","6895ab68e3a1c300139c410f"
"2025-08-08T07:47:03.572Z","45.8167457","-129.7540641","ASNAP","","admin","","","","","","","","","","","","-522053.22","-11106.12","-1.1","-4.1","144.09","693.95","0.58","SciCam","/SciCam.20250808_074703572.jpg","PilotCam","/PilotCam.20250808_074703572.jpg","BrowCam","/BrowCam.20250808_074703572.jpg","UserSelect","/UserSelect.20250808_074703572.jpg","","","-999.99","4.01","-999.99","-999.99","6895ab77e3a1c300139c4113"
"2025-08-08T07:47:18.602Z","45.8167528","-129.7540652","ASNAP","","admin","","","","","","","","","","","","-522053.31","-11105.33","-0.9","-3.8","143.80","686.62","0.58","SciCam","/SciCam.20250808_074718602.jpg","PilotCam","/PilotCam.20250808_074718602.jpg","BrowCam","/BrowCam.20250808_074718602.jpg","UserSelect","/UserSelect.20250808_074718602.jpg","","","-999.99","4.07","-999.99","-999.99","6895ab86e3a1c300139c4117"
"2025-08-08T07:47:33.634Z","45.8167543","-129.7540681","ASNAP","","admin","","","","","","","","","","","","-522053.53","-11105.16","-0.7","-5.3","144.24","678.37","0.58","SciCam","/SciCam.20250808_074733634.jpg","PilotCam","/PilotCam.20250808_074733634.jpg","BrowCam","/BrowCam.20250808_074733634.jpg","UserSelect","/UserSelect.20250808_074733634.jpg","","","-999.99","4.13","-999.99","-999.99","6895ab95e3a1c300139c411b"
"2025-08-08T07:47:48.665Z","45.8167541","-129.7540735","ASNAP","","admin","","","","","","","","","","","","-522053.95","-11105.18","-0.8","-3.2","144.53","672.00","0.58","SciCam","/SciCam.20250808_074748665.jpg","PilotCam","/PilotCam.20250808_074748665.jpg","BrowCam","/BrowCam.20250808_074748665.jpg","UserSelect","/UserSelect.20250808_074748665.jpg","","","-999.99","4.10","-999.99","-999.99","6895aba4e3a1c300139c411f"
"2025-08-08T07:48:03.697Z","45.8167549","-129.7540764","ASNAP","","admin","","","","","","","","","","","","-522054.18","-11105.09","-0.8","-2.3","144.45","664.96","0.58","SciCam","/SciCam.20250808_074803697.jpg","PilotCam","/PilotCam.20250808_074803697.jpg","BrowCam","/BrowCam.20250808_074803697.jpg","UserSelect","/UserSelect.20250808_074803697.jpg","","","-999.99","4.18","-999.99","-999.99","6895abb3e3a1c300139c4123"
"2025-08-08T07:48:18.732Z","45.8167559","-129.7540763","ASNAP","","admin","","","","","","","","","","","","-522054.17","-11104.98","-1.0","-4.0","144.14","656.80","0.58","SciCam","/SciCam.20250808_074818732.jpg","PilotCam","/PilotCam.20250808_074818732.jpg","BrowCam","/BrowCam.20250808_074818732.jpg","UserSelect","/UserSelect.20250808_074818732.jpg","","","-999.99","4.10","-999.99","-999.99","6895abc2e3a1c300139c4127"
"2025-08-08T07:48:33.762Z","45.8167573","-129.7540777","ASNAP","","admin","","","","","","","","","","","","-522054.28","-11104.83","-0.9","-4.5","144.18","649.95","0.58","SciCam","/SciCam.20250808_074833762.jpg","PilotCam","/PilotCam.20250808_074833762.jpg","BrowCam","/BrowCam.20250808_074833762.jpg","UserSelect","/UserSelect.20250808_074833762.jpg","","","-999.99","4.15","-999.99","-999.99","6895abd1e3a1c300139c412b"
"2025-08-08T07:48:48.793Z","45.8167567","-129.7540813","ASNAP","","admin","","","","","","","","","","","","-522054.56","-11104.89","-1.0","-3.2","144.06","642.38","0.58","SciCam","/SciCam.20250808_074848793.jpg","PilotCam","/PilotCam.20250808_074848793.jpg","BrowCam","/BrowCam.20250808_074848793.jpg","UserSelect","/UserSelect.20250808_074848793.jpg","","","-999.99","4.23","-999.99","-999.99","6895abe0e3a1c300139c412f"
"2025-08-08T07:49:03.825Z","45.8167545","-129.7540846","ASNAP","","admin","","","","","","","","","","","","-522054.81","-11105.14","-0.9","-3.5","144.40","634.58","0.58","SciCam","/SciCam.20250808_074903825.jpg","PilotCam","/PilotCam.20250808_074903825.jpg","BrowCam","/BrowCam.20250808_074903825.jpg","UserSelect","/UserSelect.20250808_074903825.jpg","","","-999.99","4.22","-999.99","-999.99","6895abefe3a1c300139c4133"
"2025-08-08T07:49:06.179Z","45.8167543","-129.7540843","Biology Type","many","guest","","","","Jelly","","","","","","","","-522054.79","-11105.16","-1.0","-2.9","144.23","634.51","0.58","SciCam","/SciCam.20250808_074906179.jpg","PilotCam","/PilotCam.20250808_074906179.jpg","BrowCam","/BrowCam.20250808_074906179.jpg","UserSelect","/UserSelect.20250808_074906179.jpg","","","-999.99","4.21","-999.99","-999.99","6895abf2e3a1c300139c4137"
"2025-08-08T07:49:18.857Z","45.8167538","-129.7540891","ASNAP","","admin","","","","","","","","","","","","-522055.16","-11105.22","-1.1","-3.7","144.30","627.77","0.58","SciCam","/SciCam.20250808_074918857.jpg","PilotCam","/PilotCam.20250808_074918857.jpg","BrowCam","/BrowCam.20250808_074918857.jpg","UserSelect","/UserSelect.20250808_074918857.jpg","","","-999.99","4.25","-999.99","-999.99","6895abfee3a1c300139c413b"
"2025-08-08T07:49:33.878Z","45.8167515","-129.7540937","ASNAP","","admin","","","","","","","","","","","","-522055.52","-11105.47","-1.1","-2.8","144.46","620.81","0.58","SciCam","/SciCam.20250808_074933878.jpg","PilotCam","/PilotCam.20250808_074933878.jpg","BrowCam","/BrowCam.20250808_074933878.jpg","UserSelect","/UserSelect.20250808_074933878.jpg","","","-999.99","4.25","-999.99","-999.99","6895ac0de3a1c300139c413f"
"2025-08-08T07:49:48.907Z","45.8167498","-129.7540978","ASNAP","","admin","","","","","","","","","","","","-522055.84","-11105.66","-1.1","-3.3","144.03","612.84","0.58","SciCam","/SciCam.20250808_074948907.jpg","PilotCam","/PilotCam.20250808_074948907.jpg","BrowCam","/BrowCam.20250808_074948907.jpg","UserSelect","/UserSelect.20250808_074948907.jpg","","","-999.99","4.29","-999.99","-999.99","6895ac1ce3a1c300139c4143"
"2025-08-08T07:50:03.935Z","45.8167482","-129.7541036","ASNAP","","admin","","","","","","","","","","","","-522056.29","-11105.84","-1.0","-5.1","144.30","605.05","0.58","SciCam","/SciCam.20250808_075003935.jpg","PilotCam","/PilotCam.20250808_075003935.jpg","BrowCam","/BrowCam.20250808_075003935.jpg","UserSelect","/UserSelect.20250808_075003935.jpg","","","-999.99","4.30","-999.99","-999.99","6895ac2be3a1c300139c4147"
"2025-08-08T07:50:18.954Z","45.8167476","-129.7541065","ASNAP","","admin","","","","","","","","","","","","-522056.51","-11105.90","-1.0","-4.0","144.34","597.76","0.58","SciCam","/SciCam.20250808_075018954.jpg","PilotCam","/PilotCam.20250808_075018954.jpg","BrowCam","/BrowCam.20250808_075018954.jpg","UserSelect","/UserSelect.20250808_075018954.jpg","","","-999.99","4.29","-999.99","-999.99","6895ac3ae3a1c300139c414b"
"2025-08-08T07:50:33.988Z","45.8167484","-129.7541094","ASNAP","","admin","","","","","","","","","","","","-522056.74","-11105.82","-1.1","-5.3","144.26","590.52","0.58","SciCam","/SciCam.20250808_075033988.jpg","PilotCam","/PilotCam.20250808_075033988.jpg","BrowCam","/BrowCam.20250808_075033988.jpg","UserSelect","/UserSelect.20250808_075033988.jpg","","","-999.99","4.31","-999.99","-999.99","6895ac49e3a1c300139c414f"
"2025-08-08T07:50:49.014Z","45.8167491","-129.7541145","ASNAP","","admin","","","","","","","","","","","","-522057.13","-11105.74","-1.3","-4.8","144.45","583.34","0.58","SciCam","/SciCam.20250808_075049014.jpg","PilotCam","/PilotCam.20250808_075049014.jpg","BrowCam","/BrowCam.20250808_075049014.jpg","UserSelect","/UserSelect.20250808_075049014.jpg","","","-999.99","4.36","-999.99","-999.99","6895ac59e3a1c300139c4153"
"2025-08-08T07:51:04.035Z","45.8167464","-129.7541212","ASNAP","","admin","","","","","","","","","","","","-522057.65","-11106.04","-1.1","-2.7","144.37","576.58","0.58","SciCam","/SciCam.20250808_075104035.jpg","PilotCam","/PilotCam.20250808_075104035.jpg","BrowCam","/BrowCam.20250808_075104035.jpg","UserSelect","/UserSelect.20250808_075104035.jpg","","","-999.99","4.38","-999.99","-999.99","6895ac68e3a1c300139c4157"
"2025-08-08T07:51:19.065Z","45.8167461","-129.7541257","ASNAP","","admin","","","","","","","","","","","","-522058.00","-11106.07","-0.8","-2.9","144.47","568.51","0.58","SciCam","/SciCam.20250808_075119065.jpg","PilotCam","/PilotCam.20250808_075119065.jpg","BrowCam","/BrowCam.20250808_075119065.jpg","UserSelect","/UserSelect.20250808_075119065.jpg","","","-999.99","4.39","-999.99","-999.99","6895ac77e3a1c300139c415b"
"2025-08-08T07:51:34.097Z","45.8167467","-129.7541350","ASNAP","","admin","","","","","","","","","","","","-522058.72","-11106.00","-1.0","-3.1","144.22","561.17","0.58","SciCam","/SciCam.20250808_075134097.jpg","PilotCam","/PilotCam.20250808_075134097.jpg","BrowCam","/BrowCam.20250808_075134097.jpg","UserSelect","/UserSelect.20250808_075134097.jpg","","","-999.99","4.38","-999.99","-999.99","6895ac86e3a1c300139c415f"
"2025-08-08T07:51:49.128Z","45.8167490","-129.7541396","ASNAP","","admin","","","","","","","","","","","","-522059.08","-11105.75","-1.0","-4.6","144.20","553.43","0.58","SciCam","/SciCam.20250808_075149128.jpg","PilotCam","/PilotCam.20250808_075149128.jpg","BrowCam","/BrowCam.20250808_075149128.jpg","UserSelect","/UserSelect.20250808_075149128.jpg","","","-999.99","4.48","-999.99","-999.99","6895ac95e3a1c300139c4163"
"2025-08-08T07:52:04.161Z","45.8167531","-129.7541266","ASNAP","","admin","","","","","","","","","","","","-522058.07","-11105.29","-1.0","-4.9","144.16","545.53","0.58","SciCam","/SciCam.20250808_075204161.jpg","PilotCam","/PilotCam.20250808_075204161.jpg","BrowCam","/BrowCam.20250808_075204161.jpg","UserSelect","/UserSelect.20250808_075204161.jpg","","","-999.99","4.47","-999.99","-999.99","6895aca4e3a1c300139c4167"
"2025-08-08T07:52:19.192Z","45.8167563","-129.7541210","ASNAP","","admin","","","","","","","","","","","","-522057.64","-11104.94","-0.9","-5.8","144.42","538.69","0.58","SciCam","/SciCam.20250808_075219192.jpg","PilotCam","/PilotCam.20250808_075219192.jpg","BrowCam","/BrowCam.20250808_075219192.jpg","UserSelect","/UserSelect.20250808_075219192.jpg","","","-999.99","4.52","-999.99","-999.99","6895acb3e3a1c300139c416b"
"2025-08-08T07:52:34.226Z","45.8167534","-129.7541225","ASNAP","","admin","","","","","","","","","","","","-522057.75","-11105.26","-0.9","-4.1","144.20","532.07","0.58","SciCam","/SciCam.20250808_075234226.jpg","PilotCam","/PilotCam.20250808_075234226.jpg","BrowCam","/BrowCam.20250808_075234226.jpg","UserSelect","/UserSelect.20250808_075234226.jpg","","","-999.99","4.50","-999.99","-999.99","6895acc2e3a1c300139c416f"
"2025-08-08T07:52:49.257Z","45.8167544","-129.7541253","ASNAP","","admin","","","","","","","","","","","","-522057.97","-11105.15","-1.0","-4.6","143.89","523.86","0.58","SciCam","/SciCam.20250808_075249257.jpg","PilotCam","/PilotCam.20250808_075249257.jpg","BrowCam","/BrowCam.20250808_075249257.jpg","UserSelect","/UserSelect.20250808_075249257.jpg","","","-999.99","4.58","-999.99","-999.99","6895acd1e3a1c300139c4173"
"2025-08-08T07:53:04.283Z","45.8167545","-129.7541227","ASNAP","","admin","","","","","","","","","","","","-522057.77","-11105.14","-0.9","-4.0","144.22","516.93","0.58","SciCam","/SciCam.20250808_075304283.jpg","PilotCam","/PilotCam.20250808_075304283.jpg","BrowCam","/BrowCam.20250808_075304283.jpg","UserSelect","/UserSelect.20250808_075304283.jpg","","","-999.99","4.59","-999.99","-999.99","6895ace0e3a1c300139c4177"
"2025-08-08T07:53:19.316Z","45.8167509","-129.7541263","ASNAP","","admin","","","","","","","","","","","","-522058.05","-11105.54","-0.9","-4.4","144.17","509.36","0.58","SciCam","/SciCam.20250808_075319316.jpg","PilotCam","/PilotCam.20250808_075319316.jpg","BrowCam","/BrowCam.20250808_075319316.jpg","UserSelect","/UserSelect.20250808_075319316.jpg","","","-999.99","4.59","-999.99","-999.99","6895acefe3a1c300139c417b"
"2025-08-08T07:53:34.348Z","45.8167442","-129.7541195","ASNAP","","admin","","","","","","","","","","","","-522057.52","-11106.28","-0.7","-3.4","117.06","502.25","0.58","SciCam","/SciCam.20250808_075334348.jpg","PilotCam","/PilotCam.20250808_075334348.jpg","BrowCam","/BrowCam.20250808_075334348.jpg","UserSelect","/UserSelect.20250808_075334348.jpg","","","-999.99","4.61","-999.99","-999.99","6895acfee3a1c300139c417f"
"2025-08-08T07:53:49.378Z","45.8167482","-129.7541359","ASNAP","","admin","","","","","","","","","","","","-522058.79","-11105.84","-1.0","-2.8","337.16","494.86","0.58","SciCam","/SciCam.20250808_075349378.jpg","PilotCam","/PilotCam.20250808_075349378.jpg","BrowCam","/BrowCam.20250808_075349378.jpg","UserSelect","/UserSelect.20250808_075349378.jpg","","","-999.99","4.60","-999.99","-999.99","6895ad0de3a1c300139c4183"
"2025-08-08T07:54:04.410Z","45.8167381","-129.7541215","ASNAP","","admin","","","","","","","","","","","","-522057.68","-11106.96","-0.7","-3.0","150.32","487.77","0.58","SciCam","/SciCam.20250808_075404410.jpg","PilotCam","/PilotCam.20250808_075404410.jpg","BrowCam","/BrowCam.20250808_075404410.jpg","UserSelect","/UserSelect.20250808_075404410.jpg","","","-999.99","4.64","-999.99","-999.99","6895ad1ce3a1c300139c4187"
"2025-08-08T07:54:19.445Z","45.8167401","-129.7541342","ASNAP","","admin","","","","","","","","","","","","-522058.66","-11106.74","-0.7","-2.7","326.99","480.31","0.58","SciCam","/SciCam.20250808_075419445.jpg","PilotCam","/PilotCam.20250808_075419445.jpg","BrowCam","/BrowCam.20250808_075419445.jpg","UserSelect","/UserSelect.20250808_075419445.jpg","","","-999.99","4.64","-999.99","-999.99","6895ad2be3a1c300139c418b"
"2025-08-08T07:54:34.477Z","45.8167438","-129.7540797","ASNAP","","admin","","","","","","","","","","","","-522054.43","-11106.33","-0.5","-3.7","138.80","472.82","0.58","SciCam","/SciCam.20250808_075434477.jpg","PilotCam","/PilotCam.20250808_075434477.jpg","BrowCam","/BrowCam.20250808_075434477.jpg","UserSelect","/UserSelect.20250808_075434477.jpg","","","-999.99","4.60","-999.99","-999.99","6895ad3ae3a1c300139c418f"
"2025-08-08T07:54:49.510Z","45.8167461","-129.7541014","ASNAP","","admin","","","","","","","","","","","","-522056.12","-11106.07","-0.9","-3.5","288.11","466.20","0.58","SciCam","/SciCam.20250808_075449510.jpg","PilotCam","/PilotCam.20250808_075449510.jpg","BrowCam","/BrowCam.20250808_075449510.jpg","UserSelect","/UserSelect.20250808_075449510.jpg","","","-999.99","4.62","-999.99","-999.99","6895ad49e3a1c300139c4193"
"2025-08-08T07:55:04.544Z","45.8167392","-129.7540883","ASNAP","","admin","","","","","","","","","","","","-522055.10","-11106.84","-1.9","-3.6","123.49","458.62","0.58","SciCam","/SciCam.20250808_075504544.jpg","PilotCam","/PilotCam.20250808_075504544.jpg","BrowCam","/BrowCam.20250808_075504544.jpg","UserSelect","/UserSelect.20250808_075504544.jpg","","","-999.99","4.64","-999.99","-999.99","6895ad58e3a1c300139c4197"
"2025-08-08T07:55:19.563Z","45.8167417","-129.7541002","ASNAP","","admin","","","","","","","","","","","","-522056.02","-11106.56","-1.1","-2.9","132.64","450.81","0.58","SciCam","/SciCam.20250808_075519563.jpg","PilotCam","/PilotCam.20250808_075519563.jpg","BrowCam","/BrowCam.20250808_075519563.jpg","UserSelect","/UserSelect.20250808_075519563.jpg","","","-999.99","4.65","-999.99","-999.99","6895ad67e3a1c300139c419b"
"2025-08-08T07:55:34.595Z","45.8167448","-129.7541121","ASNAP","","admin","","","","","","","","","","","","-522056.95","-11106.22","-0.5","-3.3","143.75","442.80","0.58","SciCam","/SciCam.20250808_075534595.jpg","PilotCam","/PilotCam.20250808_075534595.jpg","BrowCam","/BrowCam.20250808_075534595.jpg","UserSelect","/UserSelect.20250808_075534595.jpg","","","-999.99","4.68","-999.99","-999.99","6895ad76e3a1c300139c419f"
"2025-08-08T07:55:49.630Z","45.8167462","-129.7541280","ASNAP","","admin","","","","","","","","","","","","-522058.18","-11106.06","-1.4","-5.9","141.44","435.70","0.58","SciCam","/SciCam.20250808_075549630.jpg","PilotCam","/PilotCam.20250808_075549630.jpg","BrowCam","/BrowCam.20250808_075549630.jpg","UserSelect","/UserSelect.20250808_075549630.jpg","","","-999.99","4.67","-999.99","-999.99","6895ad85e3a1c300139c41a3"
"2025-08-08T07:56:04.662Z","45.8167512","-129.7541377","ASNAP","","admin","","","","","","","","","","","","-522058.93","-11105.50","-1.1","-3.6","141.13","428.26","0.58","SciCam","/SciCam.20250808_075604662.jpg","PilotCam","/PilotCam.20250808_075604662.jpg","BrowCam","/BrowCam.20250808_075604662.jpg","UserSelect","/UserSelect.20250808_075604662.jpg","","","-999.99","4.70","-999.99","-999.99","6895ad94e3a1c300139c41a7"
"2025-08-08T07:56:19.692Z","45.8167580","-129.7541494","ASNAP","","admin","","","","","","","","","","","","-522059.84","-11104.75","-1.2","-6.4","141.09","421.65","0.58","SciCam","/SciCam.20250808_075619692.jpg","PilotCam","/PilotCam.20250808_075619692.jpg","BrowCam","/BrowCam.20250808_075619692.jpg","UserSelect","/UserSelect.20250808_075619692.jpg","","","-999.99","4.67","-999.99","-999.99","6895ada3e3a1c300139c41ab"
"2025-08-08T07:56:34.726Z","45.8167613","-129.7541576","ASNAP","","admin","","","","","","","","","","","","-522060.48","-11104.38","-1.0","-4.3","141.11","413.68","0.58","SciCam","/SciCam.20250808_075634726.jpg","PilotCam","/PilotCam.20250808_075634726.jpg","BrowCam","/BrowCam.20250808_075634726.jpg","UserSelect","/UserSelect.20250808_075634726.jpg","","","-999.99","4.73","-999.99","-999.99","6895adb2e3a1c300139c41af"
"2025-08-08T07:56:49.757Z","45.8167615","-129.7541612","ASNAP","","admin","","","","","","","","","","","","-522060.76","-11104.36","-1.0","-4.2","141.00","406.01","0.58","SciCam","/SciCam.20250808_075649757.jpg","PilotCam","/PilotCam.20250808_075649757.jpg","BrowCam","/BrowCam.20250808_075649757.jpg","UserSelect","/UserSelect.20250808_075649757.jpg","","","-999.99","4.75","-999.99","-999.99","6895adc1e3a1c300139c41b3"
"2025-08-08T07:57:04.788Z","45.8167636","-129.7541600","ASNAP","","admin","","","","","","","","","","","","-522060.66","-11104.13","-0.9","-4.5","141.05","398.26","0.58","SciCam","/SciCam.20250808_075704788.jpg","PilotCam","/PilotCam.20250808_075704788.jpg","BrowCam","/BrowCam.20250808_075704788.jpg","UserSelect","/UserSelect.20250808_075704788.jpg","","","-999.99","4.72","-999.99","-999.99","6895add0e3a1c300139c41b7"
"2025-08-08T07:57:19.819Z","45.8167644","-129.7541542","ASNAP","","admin","","","","","","","","","","","","-522060.21","-11104.04","-0.9","-4.0","141.18","391.12","0.58","SciCam","/SciCam.20250808_075719819.jpg","PilotCam","/PilotCam.20250808_075719819.jpg","BrowCam","/BrowCam.20250808_075719819.jpg","UserSelect","/UserSelect.20250808_075719819.jpg","","","-999.99","4.73","-999.99","-999.99","6895addfe3a1c300139c41bb"
"2025-08-08T07:57:30.984Z","45.8167616","-129.7541526","WATCH_CHANGE","","guest","Chris J for Ben","","","","","","","","","","","-522060.09","-11104.35","-0.9","-5.0","141.10","385.81","0.58","SciCam","/SciCam.20250808_075730984.jpg","PilotCam","/PilotCam.20250808_075730984.jpg","BrowCam","/BrowCam.20250808_075730984.jpg","UserSelect","/UserSelect.20250808_075730984.jpg","","","-999.99","4.74","-999.99","-999.99","6895adeae3a1c300139c41bf"
"2025-08-08T07:57:34.851Z","45.8167607","-129.7541509","ASNAP","","admin","","","","","","","","","","","","-522059.96","-11104.45","-1.0","-3.8","141.21","383.37","0.58","SciCam","/SciCam.20250808_075734851.jpg","PilotCam","/PilotCam.20250808_075734851.jpg","BrowCam","/BrowCam.20250808_075734851.jpg","UserSelect","/UserSelect.20250808_075734851.jpg","","","-999.99","4.75","-999.99","-999.99","6895adeee3a1c300139c41c3"
"2025-08-08T07:57:49.881Z","45.8167564","-129.7541872","ASNAP","","admin","","","","","","","","","","","","-522062.77","-11104.93","-1.2","-4.7","141.10","376.10","0.58","SciCam","/SciCam.20250808_075749881.jpg","PilotCam","/PilotCam.20250808_075749881.jpg","BrowCam","/BrowCam.20250808_075749881.jpg","UserSelect","/UserSelect.20250808_075749881.jpg","","","-999.99","4.77","-999.99","-999.99","6895adfde3a1c300139c41c7"
"2025-08-08T07:58:04.913Z","45.8167496","-129.7541828","ASNAP","","admin","","","","","","","","","","","","-522062.43","-11105.68","-0.8","-3.6","141.14","368.27","0.58","SciCam","/SciCam.20250808_075804913.jpg","PilotCam","/PilotCam.20250808_075804913.jpg","BrowCam","/BrowCam.20250808_075804913.jpg","UserSelect","/UserSelect.20250808_075804913.jpg","","","-999.99","4.79","-999.99","-999.99","6895ae0ce3a1c300139c41cb"
"2025-08-08T07:58:19.947Z","45.8167407","-129.7541817","ASNAP","","admin","","","","","","","","","","","","-522062.35","-11106.67","-1.1","-4.8","141.42","361.03","0.58","SciCam","/SciCam.20250808_075819947.jpg","PilotCam","/PilotCam.20250808_075819947.jpg","BrowCam","/BrowCam.20250808_075819947.jpg","UserSelect","/UserSelect.20250808_075819947.jpg","","","-999.99","4.80","-999.99","-999.99","6895ae1be3a1c300139c41cf"
"2025-08-08T07:58:34.975Z","45.8167295","-129.7541850","ASNAP","","admin","","","","","","","","","","","","-522062.60","-11107.92","-0.9","-4.1","141.11","353.36","0.58","SciCam","/SciCam.20250808_075834975.jpg","PilotCam","/PilotCam.20250808_075834975.jpg","BrowCam","/BrowCam.20250808_075834975.jpg","UserSelect","/UserSelect.20250808_075834975.jpg","","","-999.99","4.90","-999.99","-999.99","6895ae2ae3a1c300139c41d3"
"2025-08-08T07:58:50.000Z","45.8167188","-129.7541612","ASNAP","","admin","","","","","","","","","","","","-522060.76","-11109.11","-1.0","-3.1","141.41","346.13","0.58","SciCam","/SciCam.20250808_075850000.jpg","PilotCam","/PilotCam.20250808_075850000.jpg","BrowCam","/BrowCam.20250808_075850000.jpg","UserSelect","/UserSelect.20250808_075850000.jpg","","","-999.99","4.88","-999.99","-999.99","6895ae3ae3a1c300139c41d7"
"2025-08-08T07:59:05.029Z","45.8167096","-129.7541544","ASNAP","","admin","","","","","","","","","","","","-522060.23","-11110.13","-0.8","-3.3","141.39","339.12","0.58","SciCam","/SciCam.20250808_075905029.jpg","PilotCam","/PilotCam.20250808_075905029.jpg","BrowCam","/BrowCam.20250808_075905029.jpg","UserSelect","/UserSelect.20250808_075905029.jpg","","","-999.99","4.92","-999.99","-999.99","6895ae49e3a1c300139c41db"
"2025-08-08T07:59:20.060Z","45.8167015","-129.7541591","ASNAP","","admin","","","","","","","","","","","","-522060.59","-11111.03","-1.0","-3.6","141.37","331.23","0.58","SciCam","/SciCam.20250808_075920060.jpg","PilotCam","/PilotCam.20250808_075920060.jpg","BrowCam","/BrowCam.20250808_075920060.jpg","UserSelect","/UserSelect.20250808_075920060.jpg","","","-999.99","4.97","-999.99","-999.99","6895ae58e3a1c300139c41df"
"2025-08-08T07:59:35.090Z","45.8166939","-129.7541676","ASNAP","","admin","","","","","","","","","","","","-522061.25","-11111.87","-0.2","-3.6","141.65","323.44","0.58","SciCam","/SciCam.20250808_075935090.jpg","PilotCam","/PilotCam.20250808_075935090.jpg","BrowCam","/BrowCam.20250808_075935090.jpg","UserSelect","/UserSelect.20250808_075935090.jpg","","","-999.99","4.98","-999.99","-999.99","6895ae67e3a1c300139c41e3"
"2025-08-08T07:59:50.117Z","45.8166897","-129.7541768","ASNAP","","admin","","","","","","","","","","","","-522061.97","-11112.34","-1.4","-4.4","141.39","316.02","0.58","SciCam","/SciCam.20250808_075950117.jpg","PilotCam","/PilotCam.20250808_075950117.jpg","BrowCam","/BrowCam.20250808_075950117.jpg","UserSelect","/UserSelect.20250808_075950117.jpg","","","-999.99","5.04","-999.99","-999.99","6895ae76e3a1c300139c41e7"
"2025-08-08T08:00:05.148Z","45.8166878","-129.7541819","ASNAP","","admin","","","","","","","","","","","","-522062.36","-11112.55","-1.1","-4.5","141.69","307.93","0.58","SciCam","/SciCam.20250808_080005148.jpg","PilotCam","/PilotCam.20250808_080005148.jpg","BrowCam","/BrowCam.20250808_080005148.jpg","UserSelect","/UserSelect.20250808_080005148.jpg","","","-999.99","5.10","-999.99","-999.99","6895ae85e3a1c300139c41eb"
"2025-08-08T08:00:20.179Z","45.8166871","-129.7541900","ASNAP","","admin","","","","","","","","","","","","-522062.99","-11112.63","-0.9","-5.0","141.61","300.76","0.58","SciCam","/SciCam.20250808_080020179.jpg","PilotCam","/PilotCam.20250808_080020179.jpg","BrowCam","/BrowCam.20250808_080020179.jpg","UserSelect","/UserSelect.20250808_080020179.jpg","","","-999.99","5.14","-999.99","-999.99","6895ae94e3a1c300139c41ef"
"2025-08-08T08:00:35.211Z","45.8166918","-129.7541988","ASNAP","","admin","","","","","","","","","","","","-522063.67","-11112.11","-1.7","-4.1","141.82","293.94","0.58","SciCam","/SciCam.20250808_080035211.jpg","PilotCam","/PilotCam.20250808_080035211.jpg","BrowCam","/BrowCam.20250808_080035211.jpg","UserSelect","/UserSelect.20250808_080035211.jpg","","","-999.99","5.18","-999.99","-999.99","6895aea3e3a1c300139c41f3"
"2025-08-08T08:00:50.244Z","45.8166888","-129.7542414","ASNAP","","admin","","","","","","","","","","","","-522066.98","-11112.44","-2.1","-4.6","141.83","286.02","0.58","SciCam","/SciCam.20250808_080050244.jpg","PilotCam","/PilotCam.20250808_080050244.jpg","BrowCam","/BrowCam.20250808_080050244.jpg","UserSelect","/UserSelect.20250808_080050244.jpg","","","-999.99","5.22","-999.99","-999.99","6895aeb2e3a1c300139c41f7"
"2025-08-08T08:01:05.277Z","45.8166864","-129.7542503","ASNAP","","admin","","","","","","","","","","","","-522067.67","-11112.71","-2.2","-4.3","141.89","278.36","0.58","SciCam","/SciCam.20250808_080105277.jpg","PilotCam","/PilotCam.20250808_080105277.jpg","BrowCam","/BrowCam.20250808_080105277.jpg","UserSelect","/UserSelect.20250808_080105277.jpg","","","-999.99","5.31","-999.99","-999.99","6895aec1e3a1c300139c41fb"
"2025-08-08T08:01:20.309Z","45.8166825","-129.7542526","ASNAP","","admin","","","","","","","","","","","","-522067.85","-11113.14","-2.0","-4.5","141.85","270.78","0.58","SciCam","/SciCam.20250808_080120309.jpg","PilotCam","/PilotCam.20250808_080120309.jpg","BrowCam","/BrowCam.20250808_080120309.jpg","UserSelect","/UserSelect.20250808_080120309.jpg","","","-999.99","5.38","-999.99","-999.99","6895aed0e3a1c300139c41ff"
"2025-08-08T08:01:35.342Z","45.8166832","-129.7542552","ASNAP","","admin","","","","","","","","","","","","-522068.05","-11113.06","-1.0","-3.6","141.95","263.28","0.58","SciCam","/SciCam.20250808_080135342.jpg","PilotCam","/PilotCam.20250808_080135342.jpg","BrowCam","/BrowCam.20250808_080135342.jpg","UserSelect","/UserSelect.20250808_080135342.jpg","","","-999.99","5.48","-999.99","-999.99","6895aedfe3a1c300139c4203"
"2025-08-08T08:01:50.374Z","45.8166813","-129.7542590","ASNAP","","admin","","","","","","","","","","","","-522068.34","-11113.27","-0.3","-2.9","142.25","255.77","0.58","SciCam","/SciCam.20250808_080150374.jpg","PilotCam","/PilotCam.20250808_080150374.jpg","BrowCam","/BrowCam.20250808_080150374.jpg","UserSelect","/UserSelect.20250808_080150374.jpg","","","-999.99","5.54","-999.99","-999.99","6895aeeee3a1c300139c4207"
"2025-08-08T08:02:05.408Z","45.8166796","-129.7542608","ASNAP","","admin","","","","","","","","","","","","-522068.48","-11113.46","-0.9","-2.7","142.16","248.79","0.58","SciCam","/SciCam.20250808_080205408.jpg","PilotCam","/PilotCam.20250808_080205408.jpg","BrowCam","/BrowCam.20250808_080205408.jpg","UserSelect","/UserSelect.20250808_080205408.jpg","","","-999.99","5.63","-999.99","-999.99","6895aefde3a1c300139c420b"
"2025-08-08T08:02:20.440Z","45.8166769","-129.7542532","ASNAP","","admin","","","","","","","","","","","","-522067.89","-11113.76","-1.3","-4.3","141.75","240.74","0.58","SciCam","/SciCam.20250808_080220440.jpg","PilotCam","/PilotCam.20250808_080220440.jpg","BrowCam","/BrowCam.20250808_080220440.jpg","UserSelect","/UserSelect.20250808_080220440.jpg","","","-999.99","5.73","-999.99","-999.99","6895af0ce3a1c300139c420f"
"2025-08-08T08:02:35.470Z","45.8166748","-129.7542425","ASNAP","","admin","","","","","","","","","","","","-522067.06","-11114.00","-1.4","-4.6","141.99","233.50","0.58","SciCam","/SciCam.20250808_080235470.jpg","PilotCam","/PilotCam.20250808_080235470.jpg","BrowCam","/BrowCam.20250808_080235470.jpg","UserSelect","/UserSelect.20250808_080235470.jpg","","","-999.99","5.82","-999.99","-999.99","6895af1be3a1c300139c4213"
"2025-08-08T08:02:50.501Z","45.8166682","-129.7542278","ASNAP","","admin","","","","","","","","","","","","-522065.92","-11114.73","-1.8","-4.3","142.30","226.24","0.58","SciCam","/SciCam.20250808_080250501.jpg","PilotCam","/PilotCam.20250808_080250501.jpg","BrowCam","/BrowCam.20250808_080250501.jpg","UserSelect","/UserSelect.20250808_080250501.jpg","","","-999.99","5.93","-999.99","-999.99","6895af2ae3a1c300139c4217"
"2025-08-08T08:03:05.531Z","45.8166494","-129.7541860","ASNAP","","admin","","","","","","","","","","","","-522062.68","-11116.82","-1.8","-3.7","142.90","218.99","0.58","SciCam","/SciCam.20250808_080305531.jpg","PilotCam","/PilotCam.20250808_080305531.jpg","BrowCam","/BrowCam.20250808_080305531.jpg","UserSelect","/UserSelect.20250808_080305531.jpg","","","-999.99","6.02","-999.99","-999.99","6895af39e3a1c300139c421b"
"2025-08-08T08:03:20.562Z","45.8166400","-129.7541476","ASNAP","","admin","","","","","","","","","","","","-522059.70","-11117.86","-0.4","-4.3","141.67","211.26","0.58","SciCam","/SciCam.20250808_080320562.jpg","PilotCam","/PilotCam.20250808_080320562.jpg","BrowCam","/BrowCam.20250808_080320562.jpg","UserSelect","/UserSelect.20250808_080320562.jpg","","","-999.99","6.09","-999.99","-999.99","6895af48e3a1c300139c421f"
"2025-08-08T08:03:35.592Z","45.8166276","-129.7541185","ASNAP","","admin","","","","","","","","","","","","-522057.44","-11119.24","-1.1","-4.1","142.46","203.87","0.58","SciCam","/SciCam.20250808_080335592.jpg","PilotCam","/PilotCam.20250808_080335592.jpg","BrowCam","/BrowCam.20250808_080335592.jpg","UserSelect","/UserSelect.20250808_080335592.jpg","","","-999.99","6.13","-999.99","-999.99","6895af57e3a1c300139c4223"
"2025-08-08T08:03:50.620Z","45.8166164","-129.7540888","ASNAP","","admin","","","","","","","","","","","","-522055.14","-11120.49","-1.3","-4.4","141.83","195.50","0.58","SciCam","/SciCam.20250808_080350620.jpg","PilotCam","/PilotCam.20250808_080350620.jpg","BrowCam","/BrowCam.20250808_080350620.jpg","UserSelect","/UserSelect.20250808_080350620.jpg","","","-999.99","6.25","-999.99","-999.99","6895af66e3a1c300139c4227"
"2025-08-08T08:04:05.652Z","45.8166162","-129.7540789","ASNAP","","admin","","","","","","","","","","","","-522054.37","-11120.51","-1.4","-1.3","142.17","189.30","0.58","SciCam","/SciCam.20250808_080405652.jpg","PilotCam","/PilotCam.20250808_080405652.jpg","BrowCam","/BrowCam.20250808_080405652.jpg","UserSelect","/UserSelect.20250808_080405652.jpg","","","-999.99","6.35","-999.99","-999.99","6895af75e3a1c300139c422b"
"2025-08-08T08:04:20.679Z","45.8166202","-129.7540737","ASNAP","","admin","","","","","","","","","","","","-522053.97","-11120.07","-1.3","-3.2","141.39","181.27","0.58","SciCam","/SciCam.20250808_080420679.jpg","PilotCam","/PilotCam.20250808_080420679.jpg","BrowCam","/BrowCam.20250808_080420679.jpg","UserSelect","/UserSelect.20250808_080420679.jpg","","","-999.99","6.37","-999.99","-999.99","6895af84e3a1c300139c422f"
"2025-08-08T08:04:35.710Z","45.8166234","-129.7540625","ASNAP","","admin","","","","","","","","","","","","-522053.10","-11119.71","-1.4","-2.6","141.75","173.79","0.58","SciCam","/SciCam.20250808_080435710.jpg","PilotCam","/PilotCam.20250808_080435710.jpg","BrowCam","/BrowCam.20250808_080435710.jpg","UserSelect","/UserSelect.20250808_080435710.jpg","","","-999.99","6.44","-999.99","-999.99","6895af93e3a1c300139c4233"
"2025-08-08T08:04:50.744Z","45.8166260","-129.7540678","ASNAP","","admin","","","","","","","","","","","","-522053.51","-11119.42","-1.2","-3.2","141.87","166.25","0.58","SciCam","/SciCam.20250808_080450744.jpg","PilotCam","/PilotCam.20250808_080450744.jpg","BrowCam","/BrowCam.20250808_080450744.jpg","UserSelect","/UserSelect.20250808_080450744.jpg","","","-999.99","6.49","-999.99","-999.99","6895afa2e3a1c300139c4237"
"2025-08-08T08:05:05.772Z","45.8166314","-129.7540755","ASNAP","","admin","","","","","","","","","","","","-522054.11","-11118.82","-1.0","-3.4","141.53","159.71","0.58","SciCam","/SciCam.20250808_080505772.jpg","PilotCam","/PilotCam.20250808_080505772.jpg","BrowCam","/BrowCam.20250808_080505772.jpg","UserSelect","/UserSelect.20250808_080505772.jpg","","","-999.99","6.61","-999.99","-999.99","6895afb1e3a1c300139c423b"
"2025-08-08T08:05:20.804Z","45.8166304","-129.7540688","ASNAP","","admin","","","","","","","","","","","","-522053.59","-11118.93","-1.0","-3.9","140.87","159.49","0.58","SciCam","/SciCam.20250808_080520804.jpg","PilotCam","/PilotCam.20250808_080520804.jpg","BrowCam","/BrowCam.20250808_080520804.jpg","UserSelect","/UserSelect.20250808_080520804.jpg","","","-999.99","6.72","-999.99","-999.99","6895afc0e3a1c300139c423f"
"2025-08-08T08:05:35.834Z","45.8166282","-129.7540650","ASNAP","","admin","","","","","","","","","","","","-522053.29","-11119.18","-1.4","-2.9","141.25","159.58","0.58","SciCam","/SciCam.20250808_080535834.jpg","PilotCam","/PilotCam.20250808_080535834.jpg","BrowCam","/BrowCam.20250808_080535834.jpg","UserSelect","/UserSelect.20250808_080535834.jpg","","","-999.99","6.76","-999.99","-999.99","6895afcfe3a1c300139c4243"
"2025-08-08T08:05:50.863Z","45.8166269","-129.7540699","ASNAP","","admin","","","","","","","","","","","","-522053.67","-11119.32","-1.4","-3.0","141.23","159.26","0.58","SciCam","/SciCam.20250808_080550863.jpg","PilotCam","/PilotCam.20250808_080550863.jpg","BrowCam","/BrowCam.20250808_080550863.jpg","UserSelect","/UserSelect.20250808_080550863.jpg","","","-999.99","6.91","-999.99","-999.99","6895afdee3a1c300139c4247"
"2025-08-08T08:06:05.892Z","45.8166253","-129.7540724","ASNAP","","admin","","","","","","","","","","","","-522053.87","-11119.50","-1.0","-3.2","141.21","158.79","0.58","SciCam","/SciCam.20250808_080605892.jpg","PilotCam","/PilotCam.20250808_080605892.jpg","BrowCam","/BrowCam.20250808_080605892.jpg","UserSelect","/UserSelect.20250808_080605892.jpg","","","-999.99","6.94","-999.99","-999.99","6895afede3a1c300139c424b"
"2025-08-08T08:06:20.925Z","45.8166228","-129.7540677","ASNAP","","admin","","","","","","","","","","","","-522053.50","-11119.78","-1.2","-2.7","141.55","159.32","0.58","SciCam","/SciCam.20250808_080620925.jpg","PilotCam","/PilotCam.20250808_080620925.jpg","BrowCam","/BrowCam.20250808_080620925.jpg","UserSelect","/UserSelect.20250808_080620925.jpg","","","-999.99","7.10","-999.99","-999.99","6895affce3a1c300139c424f"
"2025-08-08T08:06:35.958Z","45.8166230","-129.7540644","ASNAP","","admin","","","","","","","","","","","","-522053.25","-11119.75","-1.0","-3.3","140.99","159.32","0.58","SciCam","/SciCam.20250808_080635958.jpg","PilotCam","/PilotCam.20250808_080635958.jpg","BrowCam","/BrowCam.20250808_080635958.jpg","UserSelect","/UserSelect.20250808_080635958.jpg","","","-999.99","7.17","-999.99","-999.99","6895b00be3a1c300139c4253"
"2025-08-08T08:06:50.989Z","45.8166223","-129.7540607","ASNAP","","admin","","","","","","","","","","","","-522052.96","-11119.83","-1.3","-2.3","141.81","158.66","0.58","SciCam","/SciCam.20250808_080650989.jpg","PilotCam","/PilotCam.20250808_080650989.jpg","BrowCam","/BrowCam.20250808_080650989.jpg","UserSelect","/UserSelect.20250808_080650989.jpg","","","-999.99","7.17","-999.99","-999.99","6895b01ae3a1c300139c4257"
"2025-08-08T08:07:06.019Z","45.8166245","-129.7540681","ASNAP","","admin","","","","","","","","","","","","-522053.53","-11119.59","-1.3","-2.9","141.95","154.62","0.58","SciCam","/SciCam.20250808_080706019.jpg","PilotCam","/PilotCam.20250808_080706019.jpg","BrowCam","/BrowCam.20250808_080706019.jpg","UserSelect","/UserSelect.20250808_080706019.jpg","","","-999.99","7.22","-999.99","-999.99","6895b02ae3a1c300139c425b"
"2025-08-08T08:07:21.051Z","45.8166217","-129.7540803","ASNAP","","admin","","","","","","","","","","","","-522054.48","-11119.90","-1.0","-3.3","142.33","150.76","0.58","SciCam","/SciCam.20250808_080721051.jpg","PilotCam","/PilotCam.20250808_080721051.jpg","BrowCam","/BrowCam.20250808_080721051.jpg","UserSelect","/UserSelect.20250808_080721051.jpg","","","-999.99","7.24","-999.99","-999.99","6895b039e3a1c300139c425f"
"2025-08-08T08:07:36.078Z","45.8166196","-129.7540914","ASNAP","","admin","","","","","","","","","","","","-522055.34","-11120.13","-0.9","-3.4","142.29","146.77","0.58","SciCam","/SciCam.20250808_080736078.jpg","PilotCam","/PilotCam.20250808_080736078.jpg","BrowCam","/BrowCam.20250808_080736078.jpg","UserSelect","/UserSelect.20250808_080736078.jpg","","","-999.99","7.35","-999.99","-999.99","6895b048e3a1c300139c4263"
"2025-08-08T08:07:51.105Z","45.8166177","-129.7540951","ASNAP","","admin","","","","","","","","","","","","-522055.63","-11120.34","-2.6","-2.1","142.07","143.04","0.58","SciCam","/SciCam.20250808_080751105.jpg","PilotCam","/PilotCam.20250808_080751105.jpg","BrowCam","/BrowCam.20250808_080751105.jpg","UserSelect","/UserSelect.20250808_080751105.jpg","","","-999.99","7.44","-999.99","-999.99","6895b057e3a1c300139c4267"
"2025-08-08T08:08:06.136Z","45.8166151","-129.7541027","ASNAP","","admin","","","","","","","","","","","","-522056.22","-11120.63","-2.4","-2.9","140.77","140.14","0.58","SciCam","/SciCam.20250808_080806136.jpg","PilotCam","/PilotCam.20250808_080806136.jpg","BrowCam","/BrowCam.20250808_080806136.jpg","UserSelect","/UserSelect.20250808_080806136.jpg","","","-999.99","7.53","-999.99","-999.99","6895b066e3a1c300139c426b"
"2025-08-08T08:08:21.169Z","45.8166170","-129.7541052","ASNAP","","admin","","","","","","","","","","","","-522056.41","-11120.42","-1.8","-3.3","141.08","140.01","0.58","SciCam","/SciCam.20250808_080821169.jpg","PilotCam","/PilotCam.20250808_080821169.jpg","BrowCam","/BrowCam.20250808_080821169.jpg","UserSelect","/UserSelect.20250808_080821169.jpg","","","-999.99","7.55","-999.99","-999.99","6895b075e3a1c300139c426f"
"2025-08-08T08:08:36.201Z","45.8166276","-129.7541027","ASNAP","","admin","","","","","","","","","","","","-522056.22","-11119.24","-1.9","-3.2","140.49","139.57","0.58","SciCam","/SciCam.20250808_080836201.jpg","PilotCam","/PilotCam.20250808_080836201.jpg","BrowCam","/BrowCam.20250808_080836201.jpg","UserSelect","/UserSelect.20250808_080836201.jpg","","","-999.99","7.59","-999.99","-999.99","6895b084e3a1c300139c4273"
"2025-08-08T08:08:51.232Z","45.8166364","-129.7541018","ASNAP","","admin","","","","","","","","","","","","-522056.15","-11118.26","-2.4","-2.6","140.24","140.26","0.58","SciCam","/SciCam.20250808_080851232.jpg","PilotCam","/PilotCam.20250808_080851232.jpg","BrowCam","/BrowCam.20250808_080851232.jpg","UserSelect","/UserSelect.20250808_080851232.jpg","","","-999.99","7.60","-999.99","-999.99","6895b093e3a1c300139c4277"
"2025-08-08T08:09:03.832Z","45.8166459","-129.7541057","ROV Actions","off","guest","","","Transponder off","","","","","","","","","-522056.45","-11117.21","-2.0","-3.0","139.70","140.58","0.58","SciCam","/SciCam.20250808_080903832.jpg","PilotCam","/PilotCam.20250808_080903832.jpg","BrowCam","/BrowCam.20250808_080903832.jpg","UserSelect","/UserSelect.20250808_080903832.jpg","","","-999.99","7.63","-999.99","-999.99","6895b09fe3a1c300139c427b"
"2025-08-08T08:09:06.262Z","45.8166477","-129.7541060","ASNAP","","admin","","","","","","","","","","","","-522056.47","-11117.01","-2.7","-1.7","139.37","140.32","0.58","SciCam","/SciCam.20250808_080906262.jpg","PilotCam","/PilotCam.20250808_080906262.jpg","BrowCam","/BrowCam.20250808_080906262.jpg","UserSelect","/UserSelect.20250808_080906262.jpg","","","-999.99","7.63","-999.99","-999.99","6895b0a2e3a1c300139c427f"
"2025-08-08T08:09:21.293Z","45.8166583","-129.7541088","ASNAP","","admin","","","","","","","","","","","","-522056.69","-11115.83","0.2","-3.6","139.93","139.59","0.58","SciCam","/SciCam.20250808_080921293.jpg","PilotCam","/PilotCam.20250808_080921293.jpg","BrowCam","/BrowCam.20250808_080921293.jpg","UserSelect","/UserSelect.20250808_080921293.jpg","","","-999.99","7.67","-999.99","-999.99","6895b0b1e3a1c300139c4283"
"2025-08-08T08:09:36.324Z","45.8166591","-129.7541098","ASNAP","","admin","","","","","","","","","","","","-522056.77","-11115.74","-1.1","-3.4","141.52","140.43","0.58","SciCam","/SciCam.20250808_080936324.jpg","PilotCam","/PilotCam.20250808_080936324.jpg","BrowCam","/BrowCam.20250808_080936324.jpg","UserSelect","/UserSelect.20250808_080936324.jpg","","","-999.99","7.70","-999.99","-999.99","6895b0c0e3a1c300139c4287"
"2025-08-08T08:09:51.357Z","45.8166512","-129.7541099","ASNAP","","admin","","","","","","","","","","","","-522056.78","-11116.62","-1.5","-3.4","142.30","138.30","0.58","SciCam","/SciCam.20250808_080951357.jpg","PilotCam","/PilotCam.20250808_080951357.jpg","BrowCam","/BrowCam.20250808_080951357.jpg","UserSelect","/UserSelect.20250808_080951357.jpg","","","-999.99","7.75","-999.99","-999.99","6895b0cfe3a1c300139c428b"
"2025-08-08T08:10:06.391Z","45.8166335","-129.7541204","ASNAP","","admin","","","","","","","","","","","","-522057.59","-11118.59","-0.9","-3.6","141.78","134.07","0.58","SciCam","/SciCam.20250808_081006391.jpg","PilotCam","/PilotCam.20250808_081006391.jpg","BrowCam","/BrowCam.20250808_081006391.jpg","UserSelect","/UserSelect.20250808_081006391.jpg","","","-999.99","7.75","-999.99","-999.99","6895b0dee3a1c300139c428f"
"2025-08-08T08:10:21.425Z","45.8166187","-129.7541244","ASNAP","","admin","","","","","","","","","","","","-522057.90","-11120.23","-1.2","-3.6","141.10","130.40","0.58","SciCam","/SciCam.20250808_081021425.jpg","PilotCam","/PilotCam.20250808_081021425.jpg","BrowCam","/BrowCam.20250808_081021425.jpg","UserSelect","/UserSelect.20250808_081021425.jpg","","","-999.99","7.77","-999.99","-999.99","6895b0ede3a1c300139c4293"
"2025-08-08T08:10:36.448Z","45.8166115","-129.7541289","ASNAP","","admin","","","","","","","","","","","","-522058.25","-11121.03","-1.5","-3.8","141.82","125.52","0.58","SciCam","/SciCam.20250808_081036448.jpg","PilotCam","/PilotCam.20250808_081036448.jpg","BrowCam","/BrowCam.20250808_081036448.jpg","UserSelect","/UserSelect.20250808_081036448.jpg","","","-999.99","7.71","-999.99","-999.99","6895b0fce3a1c300139c4297"
"2025-08-08T08:10:51.482Z","45.8166046","-129.7541293","ASNAP","","admin","","","","","","","","","","","","-522058.28","-11121.80","-2.5","-2.8","141.75","123.09","0.58","SciCam","/SciCam.20250808_081051482.jpg","PilotCam","/PilotCam.20250808_081051482.jpg","BrowCam","/BrowCam.20250808_081051482.jpg","UserSelect","/UserSelect.20250808_081051482.jpg","","","-999.99","7.78","-999.99","-999.99","6895b10be3a1c300139c429b"
"2025-08-08T08:11:06.513Z","45.8166008","-129.7541241","ASNAP","","admin","","","","","","","","","","","","-522057.88","-11122.22","-2.3","-3.0","141.45","118.88","0.58","SciCam","/SciCam.20250808_081106513.jpg","PilotCam","/PilotCam.20250808_081106513.jpg","BrowCam","/BrowCam.20250808_081106513.jpg","UserSelect","/UserSelect.20250808_081106513.jpg","","","-999.99","7.85","-999.99","-999.99","6895b11ae3a1c300139c429f"
"2025-08-08T08:11:21.547Z","45.8166031","-129.7541178","ASNAP","","admin","","","","","","","","","","","","-522057.39","-11121.97","-2.5","-2.0","141.63","115.05","0.58","SciCam","/SciCam.20250808_081121547.jpg","PilotCam","/PilotCam.20250808_081121547.jpg","BrowCam","/BrowCam.20250808_081121547.jpg","UserSelect","/UserSelect.20250808_081121547.jpg","","","-999.99","7.93","-999.99","-999.99","6895b129e3a1c300139c42a3"
"2025-08-08T08:11:36.581Z","45.8166124","-129.7541087","ASNAP","","admin","","","","","","","","","","","","-522056.68","-11120.93","-2.8","-2.2","141.78","111.34","0.58","SciCam","/SciCam.20250808_081136581.jpg","PilotCam","/PilotCam.20250808_081136581.jpg","BrowCam","/BrowCam.20250808_081136581.jpg","UserSelect","/UserSelect.20250808_081136581.jpg","","","-999.99","8.08","-999.99","-999.99","6895b138e3a1c300139c42a7"
"2025-08-08T08:11:51.614Z","45.8166188","-129.7541029","ASNAP","","admin","","","","","","","","","","","","-522056.23","-11120.22","-2.4","-2.4","142.02","107.45","0.58","SciCam","/SciCam.20250808_081151614.jpg","PilotCam","/PilotCam.20250808_081151614.jpg","BrowCam","/BrowCam.20250808_081151614.jpg","UserSelect","/UserSelect.20250808_081151614.jpg","","","-999.99","8.17","-999.99","-999.99","6895b147e3a1c300139c42ab"
"2025-08-08T08:12:06.647Z","45.8166199","-129.7541014","ASNAP","","admin","","","","","","","","","","","","-522056.12","-11120.10","-1.9","-2.7","141.22","103.51","0.58","SciCam","/SciCam.20250808_081206647.jpg","PilotCam","/PilotCam.20250808_081206647.jpg","BrowCam","/BrowCam.20250808_081206647.jpg","UserSelect","/UserSelect.20250808_081206647.jpg","","","-999.99","8.30","-999.99","-999.99","6895b156e3a1c300139c42af"
"2025-08-08T08:12:21.677Z","45.8166202","-129.7541081","ASNAP","","admin","","","","","","","","","","","","-522056.64","-11120.07","-2.9","-1.7","141.33","99.51","0.58","SciCam","/SciCam.20250808_081221677.jpg","PilotCam","/PilotCam.20250808_081221677.jpg","BrowCam","/BrowCam.20250808_081221677.jpg","UserSelect","/UserSelect.20250808_081221677.jpg","","","-999.99","8.41","-999.99","-999.99","6895b165e3a1c300139c42b3"
"2025-08-08T08:12:36.707Z","45.8166248","-129.7541090","ASNAP","","admin","","","","","","","","","","","","-522056.71","-11119.55","-2.0","-2.5","140.83","95.49","0.58","SciCam","/SciCam.20250808_081236707.jpg","PilotCam","/PilotCam.20250808_081236707.jpg","BrowCam","/BrowCam.20250808_081236707.jpg","UserSelect","/UserSelect.20250808_081236707.jpg","","","-999.99","8.47","-999.99","-999.99","6895b174e3a1c300139c42b7"
"2025-08-08T08:12:51.740Z","45.8166273","-129.7541094","ASNAP","","admin","","","","","","","","","","","","-522056.74","-11119.28","-1.7","-2.7","141.40","91.17","0.58","SciCam","/SciCam.20250808_081251740.jpg","PilotCam","/PilotCam.20250808_081251740.jpg","BrowCam","/BrowCam.20250808_081251740.jpg","UserSelect","/UserSelect.20250808_081251740.jpg","","","-999.99","8.61","-999.99","-999.99","6895b183e3a1c300139c42bb"
"2025-08-08T08:13:06.773Z","45.8166325","-129.7541085","ASNAP","","admin","","","","","","","","","","","","-522056.67","-11118.70","-2.2","-2.4","140.96","87.52","0.58","SciCam","/SciCam.20250808_081306773.jpg","PilotCam","/PilotCam.20250808_081306773.jpg","BrowCam","/BrowCam.20250808_081306773.jpg","UserSelect","/UserSelect.20250808_081306773.jpg","","","-999.99","8.63","-999.99","-999.99","6895b192e3a1c300139c42bf"
"2025-08-08T08:13:21.804Z","45.8166374","-129.7541034","ASNAP","","admin","","","","","","","","","","","","-522056.27","-11118.15","-1.5","-2.7","141.03","83.59","0.58","SciCam","/SciCam.20250808_081321804.jpg","PilotCam","/PilotCam.20250808_081321804.jpg","BrowCam","/BrowCam.20250808_081321804.jpg","UserSelect","/UserSelect.20250808_081321804.jpg","","","-999.99","8.70","-999.99","-999.99","6895b1a1e3a1c300139c42c3"
"2025-08-08T08:13:36.837Z","45.8166375","-129.7541056","ASNAP","","admin","","","","","","","","","","","","-522056.44","-11118.14","-1.4","-3.5","141.61","80.02","0.58","SciCam","/SciCam.20250808_081336837.jpg","PilotCam","/PilotCam.20250808_081336837.jpg","BrowCam","/BrowCam.20250808_081336837.jpg","UserSelect","/UserSelect.20250808_081336837.jpg","","","-999.99","8.81","-999.99","-999.99","6895b1b0e3a1c300139c42c7"
"2025-08-08T08:13:51.868Z","45.8166382","-129.7541053","ASNAP","","admin","","","","","","","","","","","","-522056.42","-11118.06","-1.7","-2.7","141.19","76.18","0.58","SciCam","/SciCam.20250808_081351868.jpg","PilotCam","/PilotCam.20250808_081351868.jpg","BrowCam","/BrowCam.20250808_081351868.jpg","UserSelect","/UserSelect.20250808_081351868.jpg","","","-999.99","8.92","-999.99","-999.99","6895b1bfe3a1c300139c42cb"
"2025-08-08T08:14:06.897Z","45.8166410","-129.7541049","ASNAP","","admin","","","","","","","","","","","","-522056.39","-11117.75","-1.9","-2.6","140.92","72.67","0.58","SciCam","/SciCam.20250808_081406897.jpg","PilotCam","/PilotCam.20250808_081406897.jpg","BrowCam","/BrowCam.20250808_081406897.jpg","UserSelect","/UserSelect.20250808_081406897.jpg","","","-999.99","8.94","-999.99","-999.99","6895b1cee3a1c300139c42cf"
"2025-08-08T08:14:21.931Z","45.8166441","-129.7541075","ASNAP","","admin","","","","","","","","","","","","-522056.59","-11117.41","-1.7","-2.6","141.72","68.82","0.58","SciCam","/SciCam.20250808_081421931.jpg","PilotCam","/PilotCam.20250808_081421931.jpg","BrowCam","/BrowCam.20250808_081421931.jpg","UserSelect","/UserSelect.20250808_081421931.jpg","","","-999.99","9.13","-999.99","-999.99","6895b1dde3a1c300139c42d3"
"2025-08-08T08:14:36.963Z","45.8166513","-129.7541070","ASNAP","","admin","","","","","","","","","","","","-522056.55","-11116.61","-1.6","-2.8","141.85","64.74","0.58","SciCam","/SciCam.20250808_081436963.jpg","PilotCam","/PilotCam.20250808_081436963.jpg","BrowCam","/BrowCam.20250808_081436963.jpg","UserSelect","/UserSelect.20250808_081436963.jpg","","","-999.99","9.23","-999.99","-999.99","6895b1ece3a1c300139c42d7"
"2025-08-08T08:14:51.987Z","45.8166552","-129.7541078","ASNAP","","admin","","","","","","","","","","","","-522056.61","-11116.18","-2.0","-2.7","141.99","61.04","0.58","SciCam","/SciCam.20250808_081451987.jpg","PilotCam","/PilotCam.20250808_081451987.jpg","BrowCam","/BrowCam.20250808_081451987.jpg","UserSelect","/UserSelect.20250808_081451987.jpg","","","-999.99","9.35","-999.99","-999.99","6895b1fbe3a1c300139c42db"
"2025-08-08T08:15:07.018Z","45.8166606","-129.7541137","ASNAP","","admin","","","","","","","","","","","","-522057.07","-11115.57","-1.3","-3.0","142.60","56.74","0.58","SciCam","/SciCam.20250808_081507018.jpg","PilotCam","/PilotCam.20250808_081507018.jpg","BrowCam","/BrowCam.20250808_081507018.jpg","UserSelect","/UserSelect.20250808_081507018.jpg","","","-999.99","9.48","-999.99","-999.99","6895b20be3a1c300139c42df"
"2025-08-08T08:15:22.050Z","45.8166662","-129.7541081","ASNAP","","admin","","","","","","","","","","","","-522056.64","-11114.95","-1.7","-3.7","141.64","52.58","0.58","SciCam","/SciCam.20250808_081522050.jpg","PilotCam","/PilotCam.20250808_081522050.jpg","BrowCam","/BrowCam.20250808_081522050.jpg","UserSelect","/UserSelect.20250808_081522050.jpg","","","-999.99","9.70","-999.99","-999.99","6895b21ae3a1c300139c42e3"
"2025-08-08T08:15:37.081Z","45.8166632","-129.7540901","ASNAP","","admin","","","","","","","","","","","","-522055.24","-11115.29","-1.5","-2.3","141.55","49.38","0.58","SciCam","/SciCam.20250808_081537081.jpg","PilotCam","/PilotCam.20250808_081537081.jpg","BrowCam","/BrowCam.20250808_081537081.jpg","UserSelect","/UserSelect.20250808_081537081.jpg","","","-999.99","10.03","-999.99","-999.99","6895b229e3a1c300139c42e7"
"2025-08-08T08:15:52.103Z","45.8166628","-129.7540615","ASNAP","","admin","","","","","","","","","","","","-522053.02","-11115.33","-1.9","-2.7","140.89","48.84","0.58","SciCam","/SciCam.20250808_081552103.jpg","PilotCam","/PilotCam.20250808_081552103.jpg","BrowCam","/BrowCam.20250808_081552103.jpg","UserSelect","/UserSelect.20250808_081552103.jpg","","","-999.99","10.23","-999.99","-999.99","6895b238e3a1c300139c42eb"
"2025-08-08T08:16:07.136Z","45.8166848","-129.7540410","ASNAP","","admin","","","","","","","","","","","","-522051.43","-11112.89","-2.1","-1.0","139.41","49.18","0.58","SciCam","/SciCam.20250808_081607136.jpg","PilotCam","/PilotCam.20250808_081607136.jpg","BrowCam","/BrowCam.20250808_081607136.jpg","UserSelect","/UserSelect.20250808_081607136.jpg","","","-999.99","10.50","-999.99","-999.99","6895b247e3a1c300139c42ef"
"2025-08-08T08:16:22.168Z","45.8167117","-129.7540441","ASNAP","","admin","","","","","","","","","","","","-522051.67","-11109.90","-0.8","-0.3","139.26","49.32","0.58","SciCam","/SciCam.20250808_081622168.jpg","PilotCam","/PilotCam.20250808_081622168.jpg","BrowCam","/BrowCam.20250808_081622168.jpg","UserSelect","/UserSelect.20250808_081622168.jpg","","","-999.99","10.55","-999.99","-999.99","6895b256e3a1c300139c42f3"
"2025-08-08T08:16:29.326Z","45.8167184","-129.7540500","ROV Actions","off","guest","","","First Football off","","","","","","","","","-522052.13","-11109.15","-0.6","-2.4","139.34","48.78","0.58","SciCam","/SciCam.20250808_081629326.jpg","PilotCam","/PilotCam.20250808_081629326.jpg","BrowCam","/BrowCam.20250808_081629326.jpg","UserSelect","/UserSelect.20250808_081629326.jpg","","","-999.99","10.62","-999.99","-999.99","6895b25de3a1c300139c42f7"
"2025-08-08T08:16:37.195Z","45.8167250","-129.7540553","ASNAP","","admin","","","","","","","","","","","","-522052.54","-11108.42","-0.8","-2.4","140.69","48.26","0.58","SciCam","/SciCam.20250808_081637195.jpg","PilotCam","/PilotCam.20250808_081637195.jpg","BrowCam","/BrowCam.20250808_081637195.jpg","UserSelect","/UserSelect.20250808_081637195.jpg","","","-999.99","10.70","-999.99","-999.99","6895b265e3a1c300139c42fb"
"2025-08-08T08:16:52.227Z","45.8167262","-129.7540620","ASNAP","","admin","","","","","","","","","","","","-522053.06","-11108.28","-1.2","-3.4","140.73","46.39","0.58","SciCam","/SciCam.20250808_081652227.jpg","PilotCam","/PilotCam.20250808_081652227.jpg","BrowCam","/BrowCam.20250808_081652227.jpg","UserSelect","/UserSelect.20250808_081652227.jpg","","","-999.99","10.79","-999.99","-999.99","6895b274e3a1c300139c42ff"
"2025-08-08T08:17:07.261Z","45.8167288","-129.7540646","ASNAP","","admin","","","","","","","","","","","","-522053.26","-11107.99","-1.0","-3.5","141.39","43.95","0.58","SciCam","/SciCam.20250808_081707261.jpg","PilotCam","/PilotCam.20250808_081707261.jpg","BrowCam","/BrowCam.20250808_081707261.jpg","UserSelect","/UserSelect.20250808_081707261.jpg","","","-999.99","10.93","-999.99","-999.99","6895b283e3a1c300139c4303"
"2025-08-08T08:17:22.293Z","45.8167257","-129.7540593","ASNAP","","admin","","","","","","","","","","","","-522052.85","-11108.34","-1.0","-3.1","141.37","41.91","0.58","SciCam","/SciCam.20250808_081722293.jpg","PilotCam","/PilotCam.20250808_081722293.jpg","BrowCam","/BrowCam.20250808_081722293.jpg","UserSelect","/UserSelect.20250808_081722293.jpg","","","-999.99","10.97","-999.99","-999.99","6895b292e3a1c300139c4307"
"2025-08-08T08:17:37.315Z","45.8167230","-129.7540584","ASNAP","","admin","","","","","","","","","","","","-522052.78","-11108.64","-2.1","0.7","141.38","40.36","0.58","SciCam","/SciCam.20250808_081737315.jpg","PilotCam","/PilotCam.20250808_081737315.jpg","BrowCam","/BrowCam.20250808_081737315.jpg","UserSelect","/UserSelect.20250808_081737315.jpg","","","-999.99","11.06","-999.99","-999.99","6895b2a1e3a1c300139c430b"
"2025-08-08T08:17:52.348Z","45.8167271","-129.7540599","ASNAP","","admin","","","","","","","","","","","","-522052.90","-11108.18","-1.7","-0.7","141.35","38.43","0.58","SciCam","/SciCam.20250808_081752348.jpg","PilotCam","/PilotCam.20250808_081752348.jpg","BrowCam","/BrowCam.20250808_081752348.jpg","UserSelect","/UserSelect.20250808_081752348.jpg","","","-999.99","11.26","-999.99","-999.99","6895b2b0e3a1c300139c430f"
"2025-08-08T08:18:07.381Z","45.8167284","-129.7540626","ASNAP","","admin","","","","","","","","","","","","-522053.11","-11108.04","-1.2","-2.8","141.59","36.43","0.58","SciCam","/SciCam.20250808_081807381.jpg","PilotCam","/PilotCam.20250808_081807381.jpg","BrowCam","/BrowCam.20250808_081807381.jpg","UserSelect","/UserSelect.20250808_081807381.jpg","","","-999.99","11.48","-999.99","-999.99","6895b2bfe3a1c300139c4313"
"2025-08-08T08:18:22.413Z","45.8167253","-129.7540621","ASNAP","","admin","","","","","","","","","","","","-522053.07","-11108.38","-1.0","-3.0","141.57","34.37","0.58","SciCam","/SciCam.20250808_081822413.jpg","PilotCam","/PilotCam.20250808_081822413.jpg","BrowCam","/BrowCam.20250808_081822413.jpg","UserSelect","/UserSelect.20250808_081822413.jpg","","","-999.99","11.87","-999.99","-999.99","6895b2cee3a1c300139c4317"
"2025-08-08T08:18:37.445Z","45.8167072","-129.7540583","ASNAP","","admin","","","","","","","","","","","","-522052.77","-11110.40","-1.8","-0.7","142.57","32.71","0.58","SciCam","/SciCam.20250808_081837445.jpg","PilotCam","/PilotCam.20250808_081837445.jpg","BrowCam","/BrowCam.20250808_081837445.jpg","UserSelect","/UserSelect.20250808_081837445.jpg","","","-999.99","12.25","-999.99","-999.99","6895b2dde3a1c300139c431b"
"2025-08-08T08:18:52.477Z","45.8167020","-129.7540660","ASNAP","","admin","","","","","","","","","","","","-522053.37","-11110.97","-2.9","0.2","141.51","30.53","0.58","SciCam","/SciCam.20250808_081852477.jpg","PilotCam","/PilotCam.20250808_081852477.jpg","BrowCam","/BrowCam.20250808_081852477.jpg","UserSelect","/UserSelect.20250808_081852477.jpg","","","-999.99","12.70","-999.99","-999.99","6895b2ece3a1c300139c431f"
"2025-08-08T08:19:07.510Z","45.8167143","-129.7540864","ASNAP","","admin","","","","","","","","","","","","-522054.95","-11109.61","-1.7","-3.4","139.61","28.20","0.58","SciCam","/SciCam.20250808_081907510.jpg","PilotCam","/PilotCam.20250808_081907510.jpg","BrowCam","/BrowCam.20250808_081907510.jpg","UserSelect","/UserSelect.20250808_081907510.jpg","","","-999.99","13.07","-999.99","-999.99","6895b2fbe3a1c300139c4323"
"2025-08-08T08:19:22.544Z","45.8167225","-129.7540896","ASNAP","","admin","","","","","","","","","","","","-522055.20","-11108.69","-3.1","-2.1","141.38","26.98","0.58","SciCam","/SciCam.20250808_081922544.jpg","PilotCam","/PilotCam.20250808_081922544.jpg","BrowCam","/BrowCam.20250808_081922544.jpg","UserSelect","/UserSelect.20250808_081922544.jpg","","","-999.99","13.12","-999.99","-999.99","6895b30ae3a1c300139c4327"
"2025-08-08T08:19:37.576Z","45.8167257","-129.7540886","ASNAP","","admin","","","","","","","","","","","","-522055.12","-11108.34","-3.4","-0.8","141.90","24.96","0.58","SciCam","/SciCam.20250808_081937576.jpg","PilotCam","/PilotCam.20250808_081937576.jpg","BrowCam","/BrowCam.20250808_081937576.jpg","UserSelect","/UserSelect.20250808_081937576.jpg","","","-999.99","13.80","-999.99","-999.99","6895b319e3a1c300139c432b"
"2025-08-08T08:19:52.607Z","45.8167294","-129.7540932","ASNAP","","admin","","","","","","","","","","","","-522055.48","-11107.93","-0.9","-4.3","141.82","22.52","0.58","SciCam","/SciCam.20250808_081952607.jpg","PilotCam","/PilotCam.20250808_081952607.jpg","BrowCam","/BrowCam.20250808_081952607.jpg","UserSelect","/UserSelect.20250808_081952607.jpg","","","-999.99","14.48","-999.99","-999.99","6895b328e3a1c300139c432f"
"2025-08-08T08:20:01.224Z","45.8167307","-129.7540900","ROV Actions","off","guest","","","Last Football off","","","","","","","","","-522055.23","-11107.78","-2.7","-2.4","142.16","23.03","0.58","SciCam","/SciCam.20250808_082001224.jpg","PilotCam","/PilotCam.20250808_082001224.jpg","BrowCam","/BrowCam.20250808_082001224.jpg","UserSelect","/UserSelect.20250808_082001224.jpg","","","-999.99","14.80","-999.99","-999.99","6895b331e3a1c300139c4333"
"2025-08-08T08:20:07.639Z","45.8167273","-129.7540858","ASNAP","","admin","","","","","","","","","","","","-522054.91","-11108.16","-0.3","-4.3","143.01","22.16","0.58","SciCam","/SciCam.20250808_082007639.jpg","PilotCam","/PilotCam.20250808_082007639.jpg","BrowCam","/BrowCam.20250808_082007639.jpg","UserSelect","/UserSelect.20250808_082007639.jpg","","","-999.99","14.91","-999.99","-999.99","6895b337e3a1c300139c4337"
"2025-08-08T08:20:22.671Z","45.8166914","-129.7540843","ASNAP","","admin","","","","","","","","","","","","-522054.79","-11112.15","-0.8","-3.1","141.08","22.48","0.58","SciCam","/SciCam.20250808_082022671.jpg","PilotCam","/PilotCam.20250808_082022671.jpg","BrowCam","/BrowCam.20250808_082022671.jpg","UserSelect","/UserSelect.20250808_082022671.jpg","","","-999.99","15.20","-999.99","-999.99","6895b346e3a1c300139c433b"
"2025-08-08T08:20:37.703Z","45.8166647","-129.7540959","ASNAP","","admin","","","","","","","","","","","","-522055.69","-11115.12","-2.7","-2.3","141.25","21.93","0.58","SciCam","/SciCam.20250808_082037703.jpg","PilotCam","/PilotCam.20250808_082037703.jpg","BrowCam","/BrowCam.20250808_082037703.jpg","UserSelect","/UserSelect.20250808_082037703.jpg","","","-999.99","15.32","-999.99","-999.99","6895b355e3a1c300139c433f"
"2025-08-08T08:20:52.734Z","45.8166530","-129.7540798","ASNAP","","admin","","","","","","","","","","","","-522054.44","-11116.42","-2.9","-0.8","140.85","22.16","0.58","SciCam","/SciCam.20250808_082052734.jpg","PilotCam","/PilotCam.20250808_082052734.jpg","BrowCam","/BrowCam.20250808_082052734.jpg","UserSelect","/UserSelect.20250808_082052734.jpg","","","-999.99","15.44","-999.99","-999.99","6895b364e3a1c300139c4343"
"2025-08-08T08:21:07.769Z","45.8166565","-129.7540839","ASNAP","","admin","","","","","","","","","","","","-522054.76","-11116.03","-1.1","-2.6","141.23","18.82","0.58","SciCam","/SciCam.20250808_082107769.jpg","PilotCam","/PilotCam.20250808_082107769.jpg","BrowCam","/BrowCam.20250808_082107769.jpg","UserSelect","/UserSelect.20250808_082107769.jpg","","","-999.99","15.57","-999.99","-999.99","6895b373e3a1c300139c4347"
"2025-08-08T08:21:22.800Z","45.8166658","-129.7540895","ASNAP","","admin","","","","","","","","","","","","-522055.19","-11115.00","-1.6","-1.2","141.30","15.93","0.58","SciCam","/SciCam.20250808_082122800.jpg","PilotCam","/PilotCam.20250808_082122800.jpg","BrowCam","/BrowCam.20250808_082122800.jpg","UserSelect","/UserSelect.20250808_082122800.jpg","","","-999.99","15.76","-999.99","-999.99","6895b382e3a1c300139c434b"
"2025-08-08T08:21:37.828Z","45.8166814","-129.7540998","ASNAP","","admin","","","","","","","","","","","","-522055.99","-11113.26","-2.0","-3.5","140.45","11.91","0.58","SciCam","/SciCam.20250808_082137828.jpg","PilotCam","/PilotCam.20250808_082137828.jpg","BrowCam","/BrowCam.20250808_082137828.jpg","UserSelect","/UserSelect.20250808_082137828.jpg","","","-999.99","15.86","-999.99","-999.99","6895b391e3a1c300139c434f"
"2025-08-08T08:21:52.861Z","45.8166583","-129.7540839","ASNAP","","admin","","","","","","","","","","","","-522054.76","-11115.83","-2.1","-1.1","142.32","7.80","0.58","SciCam","/SciCam.20250808_082152861.jpg","PilotCam","/PilotCam.20250808_082152861.jpg","BrowCam","/BrowCam.20250808_082152861.jpg","UserSelect","/UserSelect.20250808_082152861.jpg","","","-999.99","16.23","-999.99","-999.99","6895b3a0e3a1c300139c4353"
"2025-08-08T08:22:07.892Z","45.8166836","-129.7540994","ASNAP","","admin","","","","","","","","","","","","-522055.96","-11113.02","-0.8","-2.9","140.41","4.03","0.58","SciCam","/SciCam.20250808_082207892.jpg","PilotCam","/PilotCam.20250808_082207892.jpg","BrowCam","/BrowCam.20250808_082207892.jpg","UserSelect","/UserSelect.20250808_082207892.jpg","","","-999.99","16.64","-999.99","-999.99","6895b3afe3a1c300139c4357"
"2025-08-08T08:22:22.924Z","45.8166874","-129.7540849","ASNAP","","admin","","","","","","","","","","","","-522054.84","-11112.60","-0.5","-3.4","140.79","0.59","0.58","SciCam","/SciCam.20250808_082222924.jpg","PilotCam","/PilotCam.20250808_082222924.jpg","BrowCam","/BrowCam.20250808_082222924.jpg","UserSelect","/UserSelect.20250808_082222924.jpg","","","-999.99","16.90","-999.99","-999.99","6895b3bee3a1c300139c435b"
"2025-08-08T08:22:30.753Z","45.8166947","-129.7540757","VEHICLE","","guest","","Jason out of water","","","","","","","","","","-522054.12","-11111.78","-2.1","0.2","127.15","0.60","0.58","SciCam","/SciCam.20250808_082230753.jpg","PilotCam","/PilotCam.20250808_082230753.jpg","BrowCam","/BrowCam.20250808_082230753.jpg","UserSelect","/UserSelect.20250808_082230753.jpg","","","-999.99","17.04","-999.99","-999.99","6895b3c6e3a1c300139c435f"
"2025-08-08T08:22:37.957Z","45.8166977","-129.7540828","ASNAP","","admin","","","","","","","","","","","","-522054.67","-11111.45","-0.3","-7.4","128.10","0.70","0.58","SciCam","/SciCam.20250808_082237957.jpg","PilotCam","/PilotCam.20250808_082237957.jpg","BrowCam","/BrowCam.20250808_082237957.jpg","UserSelect","/UserSelect.20250808_082237957.jpg","","","-999.99","17.13","-999.99","-999.99","6895b3cde3a1c300139c4363"
"2025-08-08T08:22:52.991Z","45.8166938","-129.7540817","ASNAP","","admin","","","","","","","","","","","","-522054.59","-11111.88","-1.0","-2.8","128.58","0.67","0.58","SciCam","/SciCam.20250808_082252991.jpg","PilotCam","/PilotCam.20250808_082252991.jpg","BrowCam","/BrowCam.20250808_082252991.jpg","UserSelect","/UserSelect.20250808_082252991.jpg","","","-999.99","17.23","-999.99","-999.99","6895b3dce3a1c300139c4367"
"2025-08-08T08:23:08.019Z","45.8166980","-129.7540828","ASNAP","","admin","","","","","","","","","","","","-522054.67","-11111.42","-0.3","-3.1","127.97","0.69","0.58","SciCam","/SciCam.20250808_082308019.jpg","PilotCam","/PilotCam.20250808_082308019.jpg","BrowCam","/BrowCam.20250808_082308019.jpg","UserSelect","/UserSelect.20250808_082308019.jpg","","","-999.99","17.23","-999.99","-999.99","6895b3ece3a1c300139c436b"
"2025-08-08T08:23:23.051Z","45.8166997","-129.7540762","ASNAP","","admin","","","","","","","","","","","","-522054.16","-11111.23","-0.7","-3.0","127.96","0.73","0.58","SciCam","/SciCam.20250808_082323051.jpg","PilotCam","/PilotCam.20250808_082323051.jpg","BrowCam","/BrowCam.20250808_082323051.jpg","UserSelect","/UserSelect.20250808_082323051.jpg","","","-999.99","17.21","-999.99","-999.99","6895b3fbe3a1c300139c436f"
"2025-08-08T08:23:38.082Z","45.8166921","-129.7540655","ASNAP","","admin","","","","","","","","","","","","-522053.33","-11112.07","-0.6","-4.0","129.13","0.80","0.58","SciCam","/SciCam.20250808_082338082.jpg","PilotCam","/PilotCam.20250808_082338082.jpg","BrowCam","/BrowCam.20250808_082338082.jpg","UserSelect","/UserSelect.20250808_082338082.jpg","","","-999.99","17.17","-999.99","-999.99","6895b40ae3a1c300139c4373"
"2025-08-08T08:23:53.113Z","45.8166953","-129.7540614","ASNAP","","admin","","","","","","","","","","","","-522053.01","-11111.72","-0.5","-3.8","128.49","0.82","0.58","SciCam","/SciCam.20250808_082353113.jpg","PilotCam","/PilotCam.20250808_082353113.jpg","BrowCam","/BrowCam.20250808_082353113.jpg","UserSelect","/UserSelect.20250808_082353113.jpg","","","-999.99","17.15","-999.99","-999.99","6895b419e3a1c300139c4377"
"2025-08-08T08:24:08.144Z","45.8166920","-129.7540470","ASNAP","","admin","","","","","","","","","","","","-522051.90","-11112.08","-0.5","-2.2","128.82","0.84","0.58","SciCam","/SciCam.20250808_082408144.jpg","PilotCam","/PilotCam.20250808_082408144.jpg","BrowCam","/BrowCam.20250808_082408144.jpg","UserSelect","/UserSelect.20250808_082408144.jpg","","","-999.99","17.11","-999.99","-999.99","6895b428e3a1c300139c437b"
"2025-08-08T08:24:23.171Z","45.8166799","-129.7540334","ASNAP","","admin","","","","","","","","","","","","-522050.84","-11113.43","-1.3","-0.9","130.60","0.87","0.58","SciCam","/SciCam.20250808_082423171.jpg","PilotCam","/PilotCam.20250808_082423171.jpg","BrowCam","/BrowCam.20250808_082423171.jpg","UserSelect","/UserSelect.20250808_082423171.jpg","","","-999.99","17.08","-999.99","-999.99","6895b437e3a1c300139c437f"
"2025-08-08T08:24:38.204Z","45.8166883","-129.7540385","ASNAP","","admin","","","","","","","","","","","","-522051.24","-11112.50","-1.6","-0.9","129.80","0.90","0.58","SciCam","/SciCam.20250808_082438204.jpg","PilotCam","/PilotCam.20250808_082438204.jpg","BrowCam","/BrowCam.20250808_082438204.jpg","UserSelect","/UserSelect.20250808_082438204.jpg","","","-999.99","17.05","-999.99","-999.99","6895b446e3a1c300139c4383"
"2025-08-08T08:24:53.235Z","45.8166940","-129.7540384","ASNAP","","admin","","","","","","","","","","","","-522051.23","-11111.86","-1.7","0.5","129.71","0.92","0.58","SciCam","/SciCam.20250808_082453235.jpg","PilotCam","/PilotCam.20250808_082453235.jpg","BrowCam","/BrowCam.20250808_082453235.jpg","UserSelect","/UserSelect.20250808_082453235.jpg","","","-999.99","17.04","-999.99","-999.99","6895b455e3a1c300139c4387"
"2025-08-08T08:25:08.269Z","45.8167170","-129.7540015","ASNAP","","admin","","","","","","","","","","","","-522048.37","-11109.31","-0.8","-0.0","103.97","0.96","0.58","SciCam","/SciCam.20250808_082508269.jpg","PilotCam","/PilotCam.20250808_082508269.jpg","BrowCam","/BrowCam.20250808_082508269.jpg","UserSelect","/UserSelect.20250808_082508269.jpg","","","-999.99","17.02","-999.99","-999.99","6895b464e3a1c300139c438b"
"2025-08-08T08:25:23.301Z","45.8167460","-129.7539896","ASNAP","","admin","","","","","","","","","","","","-522047.44","-11106.08","-1.1","-0.5","71.14","0.99","0.58","SciCam","/SciCam.20250808_082523301.jpg","PilotCam","/PilotCam.20250808_082523301.jpg","BrowCam","/BrowCam.20250808_082523301.jpg","UserSelect","/UserSelect.20250808_082523301.jpg","","","-999.99","17.00","-999.99","-999.99","6895b473e3a1c300139c438f"
"2025-08-08T08:25:38.333Z","45.8167713","-129.7540013","ASNAP","","admin","","","","","","","","","","","","-522048.35","-11103.27","-0.8","-0.5","41.10","1.02","0.58","SciCam","/SciCam.20250808_082538333.jpg","PilotCam","/PilotCam.20250808_082538333.jpg","BrowCam","/BrowCam.20250808_082538333.jpg","UserSelect","/UserSelect.20250808_082538333.jpg","","","-999.99","16.96","-999.99","-999.99","6895b482e3a1c300139c4393"
"2025-08-08T08:25:53.365Z","45.8167736","-129.7539943","ASNAP","","admin","","","","","","","","","","","","-522047.81","-11103.01","-0.8","-0.3","34.33","1.04","0.58","SciCam","/SciCam.20250808_082553365.jpg","PilotCam","/PilotCam.20250808_082553365.jpg","BrowCam","/BrowCam.20250808_082553365.jpg","UserSelect","/UserSelect.20250808_082553365.jpg","","","-999.99","16.95","-999.99","-999.99","6895b491e3a1c300139c4397"
"2025-08-08T08:26:08.396Z","45.8167729","-129.7539914","ASNAP","","admin","","","","","","","","","","","","-522047.58","-11103.09","-1.1","-0.7","32.29","1.07","0.58","SciCam","/SciCam.20250808_082608396.jpg","PilotCam","/PilotCam.20250808_082608396.jpg","BrowCam","/BrowCam.20250808_082608396.jpg","UserSelect","/UserSelect.20250808_082608396.jpg","","","-999.99","16.92","-999.99","-999.99","6895b4a0e3a1c300139c439b"
"2025-08-08T08:26:23.427Z","45.8167672","-129.7539850","ASNAP","","admin","","","","","","","","","","","","-522047.09","-11103.73","-0.8","-0.7","32.63","1.07","0.58","SciCam","/SciCam.20250808_082623427.jpg","PilotCam","/PilotCam.20250808_082623427.jpg","BrowCam","/BrowCam.20250808_082623427.jpg","UserSelect","/UserSelect.20250808_082623427.jpg","","","-999.99","16.91","-999.99","-999.99","6895b4afe3a1c300139c439f"
"2025-08-08T08:26:38.461Z","45.8167620","-129.7539809","ASNAP","","admin","","","","","","","","","","","","-522046.77","-11104.30","-0.7","-0.5","32.71","1.08","0.58","SciCam","/SciCam.20250808_082638461.jpg","PilotCam","/PilotCam.20250808_082638461.jpg","BrowCam","/BrowCam.20250808_082638461.jpg","UserSelect","/UserSelect.20250808_082638461.jpg","","","-999.99","16.88","-999.99","-999.99","6895b4bee3a1c300139c43a3"
"2025-08-08T08:26:53.493Z","45.8167556","-129.7539746","ASNAP","","admin","","","","","","","","","","","","-522046.28","-11105.02","0.0","-0.7","32.79","1.07","0.58","SciCam","/SciCam.20250808_082653493.jpg","PilotCam","/PilotCam.20250808_082653493.jpg","BrowCam","/BrowCam.20250808_082653493.jpg","UserSelect","/UserSelect.20250808_082653493.jpg","","","-999.99","16.88","-999.99","-999.99","6895b4cde3a1c300139c43af"
"2025-08-08T08:26:54.324Z","45.8167551","-129.7539764","ROV Actions","Unlocked from junction box","guest","","","Unlatching from","","","","","","","","","-522046.42","-11105.07","0.1","-1.1","32.67","1.08","0.58","SciCam","/SciCam.20250808_082654324.jpg","PilotCam","/PilotCam.20250808_082654324.jpg","BrowCam","/BrowCam.20250808_082654324.jpg","UserSelect","/UserSelect.20250808_082654324.jpg","","","-999.99","16.87","-999.99","-999.99","6895b4cee3a1c300139c43b3"
"2025-08-08T08:27:08.520Z","45.8167458","-129.7539697","ASNAP","","admin","","","","","","","","","","","","-522045.90","-11106.10","-0.8","-0.1","32.82","1.07","0.58","SciCam","/SciCam.20250808_082708520.jpg","PilotCam","/PilotCam.20250808_082708520.jpg","BrowCam","/BrowCam.20250808_082708520.jpg","UserSelect","/UserSelect.20250808_082708520.jpg","","","-999.99","16.86","-999.99","-999.99","6895b4dce3a1c300139c43b7"
"2025-08-08T08:27:23.553Z","45.8167200","-129.7539477","ASNAP","","admin","","","","","","","","","","","","-522044.19","-11108.97","-0.7","0.8","60.42","1.08","0.58","SciCam","/SciCam.20250808_082723553.jpg","PilotCam","/PilotCam.20250808_082723553.jpg","BrowCam","/BrowCam.20250808_082723553.jpg","UserSelect","/UserSelect.20250808_082723553.jpg","","","-999.99","16.85","-999.99","-999.99","6895b4ebe3a1c300139c43bb"
"2025-08-08T08:27:38.586Z","45.8166621","-129.7539588","ASNAP","","admin","","","","","","","","","","","","-522045.05","-11115.41","-0.6","-0.4","123.71","1.09","0.58","SciCam","/SciCam.20250808_082738586.jpg","PilotCam","/PilotCam.20250808_082738586.jpg","BrowCam","/BrowCam.20250808_082738586.jpg","UserSelect","/UserSelect.20250808_082738586.jpg","","","-999.99","16.84","-999.99","-999.99","6895b4fae3a1c300139c43bf"
"2025-08-08T08:27:53.617Z","45.8166474","-129.7539530","ASNAP","","admin","","","","","","","","","","","","-522044.60","-11117.04","-0.2","-1.0","126.57","1.10","0.58","SciCam","/SciCam.20250808_082753617.jpg","PilotCam","/PilotCam.20250808_082753617.jpg","BrowCam","/BrowCam.20250808_082753617.jpg","UserSelect","/UserSelect.20250808_082753617.jpg","","","-999.99","16.83","-999.99","-999.99","6895b509e3a1c300139c43c3"
"2025-08-08T08:28:08.649Z","45.8166390","-129.7539526","ASNAP","","admin","","","","","","","","","","","","-522044.57","-11117.98","-1.2","-0.8","126.60","1.09","0.58","SciCam","/SciCam.20250808_082808649.jpg","PilotCam","/PilotCam.20250808_082808649.jpg","BrowCam","/BrowCam.20250808_082808649.jpg","UserSelect","/UserSelect.20250808_082808649.jpg","","","-999.99","16.83","-999.99","-999.99","6895b518e3a1c300139c43c7"
"2025-08-08T08:28:23.683Z","45.8166284","-129.7539401","ASNAP","","admin","","","","","","","","","","","","-522043.60","-11119.15","-0.7","-0.7","126.81","1.10","0.58","SciCam","/SciCam.20250808_082823683.jpg","PilotCam","/PilotCam.20250808_082823683.jpg","BrowCam","/BrowCam.20250808_082823683.jpg","UserSelect","/UserSelect.20250808_082823683.jpg","","","-999.99","16.83","-999.99","-999.99","6895b527e3a1c300139c43cb"
"2025-08-08T08:28:38.714Z","45.8166194","-129.7539328","ASNAP","","admin","","","","","","","","","","","","-522043.04","-11120.15","-0.5","-0.5","126.79","1.10","0.58","SciCam","/SciCam.20250808_082838714.jpg","PilotCam","/PilotCam.20250808_082838714.jpg","BrowCam","/BrowCam.20250808_082838714.jpg","UserSelect","/UserSelect.20250808_082838714.jpg","","","-999.99","16.84","-999.99","-999.99","6895b536e3a1c300139c43cf"
"2025-08-08T08:28:53.748Z","45.8166100","-129.7539230","ASNAP","","admin","","","","","","","","","","","","-522042.28","-11121.20","-0.3","-0.4","127.23","1.07","0.58","SciCam","/SciCam.20250808_082853748.jpg","PilotCam","/PilotCam.20250808_082853748.jpg","BrowCam","/BrowCam.20250808_082853748.jpg","UserSelect","/UserSelect.20250808_082853748.jpg","","","-999.99","16.86","-999.99","-999.99","6895b545e3a1c300139c43d3"
"2025-08-08T08:29:08.775Z","45.8166024","-129.7539093","ASNAP","","admin","","","","","","","","","","","","-522041.21","-11122.04","-0.9","-0.8","126.56","1.09","0.58","SciCam","/SciCam.20250808_082908775.jpg","PilotCam","/PilotCam.20250808_082908775.jpg","BrowCam","/BrowCam.20250808_082908775.jpg","UserSelect","/UserSelect.20250808_082908775.jpg","","","-999.99","16.86","-999.99","-999.99","6895b554e3a1c300139c43d7"
"2025-08-08T08:29:23.807Z","45.8165972","-129.7538931","ASNAP","","admin","","","","","","","","","","","","-522039.96","-11122.62","-1.7","-1.1","126.75","1.09","0.58","SciCam","/SciCam.20250808_082923807.jpg","PilotCam","/PilotCam.20250808_082923807.jpg","BrowCam","/BrowCam.20250808_082923807.jpg","UserSelect","/UserSelect.20250808_082923807.jpg","","","-999.99","16.89","-999.99","-999.99","6895b563e3a1c300139c43db"
"2025-08-08T08:29:38.838Z","45.8165935","-129.7538748","ASNAP","","admin","","","","","","","","","","","","-522038.54","-11123.03","-1.0","-0.7","126.54","1.08","0.58","SciCam","/SciCam.20250808_082938838.jpg","PilotCam","/PilotCam.20250808_082938838.jpg","BrowCam","/BrowCam.20250808_082938838.jpg","UserSelect","/UserSelect.20250808_082938838.jpg","","","-999.99","16.89","-999.99","-999.99","6895b572e3a1c300139c43df"
"2025-08-08T08:29:53.870Z","45.8165852","-129.7538583","ASNAP","","admin","","","","","","","","","","","","-522037.26","-11123.96","-0.4","-0.8","127.10","1.07","0.58","SciCam","/SciCam.20250808_082953870.jpg","PilotCam","/PilotCam.20250808_082953870.jpg","BrowCam","/BrowCam.20250808_082953870.jpg","UserSelect","/UserSelect.20250808_082953870.jpg","","","-999.99","16.91","-999.99","-999.99","6895b581e3a1c300139c43e3"
"2025-08-08T08:30:08.902Z","45.8165813","-129.7538395","ASNAP","","admin","","","","","","","","","","","","-522035.80","-11124.39","-1.2","-0.5","126.91","1.06","0.58","SciCam","/SciCam.20250808_083008902.jpg","PilotCam","/PilotCam.20250808_083008902.jpg","BrowCam","/BrowCam.20250808_083008902.jpg","UserSelect","/UserSelect.20250808_083008902.jpg","","","-999.99","16.92","-999.99","-999.99","6895b590e3a1c300139c43e7"
"2025-08-08T08:30:23.935Z","45.8165769","-129.7538143","ASNAP","","admin","","","","","","","","","","","","-522033.84","-11124.88","-1.1","-0.7","126.91","1.06","0.58","SciCam","/SciCam.20250808_083023935.jpg","PilotCam","/PilotCam.20250808_083023935.jpg","BrowCam","/BrowCam.20250808_083023935.jpg","UserSelect","/UserSelect.20250808_083023935.jpg","","","-999.99","16.91","-999.99","-999.99","6895b59fe3a1c300139c43eb"
"2025-08-08T08:30:38.970Z","45.8165686","-129.7537905","ASNAP","","admin","","","","","","","","","","","","-522032.00","-11125.80","-0.9","-0.8","126.86","1.06","0.58","SciCam","/SciCam.20250808_083038970.jpg","PilotCam","/PilotCam.20250808_083038970.jpg","BrowCam","/BrowCam.20250808_083038970.jpg","UserSelect","/UserSelect.20250808_083038970.jpg","","","-999.99","16.93","-999.99","-999.99","6895b5aee3a1c300139c43ef"
"2025-08-08T08:30:54.003Z","45.8165623","-129.7537711","ASNAP","","admin","","","","","","","","","","","","-522030.49","-11126.50","-1.2","-0.5","127.03","1.04","0.58","SciCam","/SciCam.20250808_083054003.jpg","PilotCam","/PilotCam.20250808_083054003.jpg","BrowCam","/BrowCam.20250808_083054003.jpg","UserSelect","/UserSelect.20250808_083054003.jpg","","","-999.99","16.93","-999.99","-999.99","6895b5bee3a1c300139c43f3"
"2025-08-08T08:31:09.035Z","45.8165558","-129.7537432","ASNAP","","admin","","","","","","","","","","","","-522028.33","-11127.22","-1.2","-1.0","127.15","1.04","0.58","SciCam","/SciCam.20250808_083109035.jpg","PilotCam","/PilotCam.20250808_083109035.jpg","BrowCam","/BrowCam.20250808_083109035.jpg","UserSelect","/UserSelect.20250808_083109035.jpg","","","-999.99","16.94","-999.99","-999.99","6895b5cde3a1c300139c43f7"
"2025-08-08T08:31:24.067Z","45.8165513","-129.7537102","ASNAP","","admin","","","","","","","","","","","","-522025.77","-11127.72","-0.9","-1.0","126.91","1.05","0.58","SciCam","/SciCam.20250808_083124067.jpg","PilotCam","/PilotCam.20250808_083124067.jpg","BrowCam","/BrowCam.20250808_083124067.jpg","UserSelect","/UserSelect.20250808_083124067.jpg","","","-999.99","16.95","-999.99","-999.99","6895b5dce3a1c300139c43fb"
"2025-08-08T08:31:39.098Z","45.8165460","-129.7536769","ASNAP","","admin","","","","","","","","","","","","-522023.18","-11128.31","-1.1","-0.5","127.33","1.03","0.58","SciCam","/SciCam.20250808_083139098.jpg","PilotCam","/PilotCam.20250808_083139098.jpg","BrowCam","/BrowCam.20250808_083139098.jpg","UserSelect","/UserSelect.20250808_083139098.jpg","","","-999.99","16.95","-999.99","-999.99","6895b5ebe3a1c300139c43ff"
"2025-08-08T08:31:54.130Z","45.8165442","-129.7536430","ASNAP","","admin","","","","","","","","","","","","-522020.55","-11128.51","-1.2","-0.1","126.98","1.01","0.58","SciCam","/SciCam.20250808_083154130.jpg","PilotCam","/PilotCam.20250808_083154130.jpg","BrowCam","/BrowCam.20250808_083154130.jpg","UserSelect","/UserSelect.20250808_083154130.jpg","","","-999.99","16.95","-999.99","-999.99","6895b5fae3a1c300139c4403"
"2025-08-08T08:32:09.161Z","45.8165343","-129.7536107","ASNAP","","admin","","","","","","","","","","","","-522018.05","-11129.61","-1.3","-0.7","127.75","1.02","0.58","SciCam","/SciCam.20250808_083209161.jpg","PilotCam","/PilotCam.20250808_083209161.jpg","BrowCam","/BrowCam.20250808_083209161.jpg","UserSelect","/UserSelect.20250808_083209161.jpg","","","-999.99","16.98","-999.99","-999.99","6895b609e3a1c300139c4407"
"2025-08-08T08:32:24.194Z","45.8165305","-129.7535688","ASNAP","","admin","","","","","","","","","","","","-522014.80","-11130.04","-0.7","-0.5","126.88","1.02","0.58","SciCam","/SciCam.20250808_083224194.jpg","PilotCam","/PilotCam.20250808_083224194.jpg","BrowCam","/BrowCam.20250808_083224194.jpg","UserSelect","/UserSelect.20250808_083224194.jpg","","","-999.99","16.97","-999.99","-999.99","6895b618e3a1c300139c440b"
"2025-08-08T08:32:39.225Z","45.8165266","-129.7535273","ASNAP","","admin","","","","","","","","","","","","-522011.58","-11130.47","-1.4","-0.5","126.76","1.00","0.58","SciCam","/SciCam.20250808_083239225.jpg","PilotCam","/PilotCam.20250808_083239225.jpg","BrowCam","/BrowCam.20250808_083239225.jpg","UserSelect","/UserSelect.20250808_083239225.jpg","","","-999.99","16.97","-999.99","-999.99","6895b627e3a1c300139c440f"
"2025-08-08T08:32:54.248Z","45.8165212","-129.7534861","ASNAP","","admin","","","","","","","","","","","","-522008.38","-11131.07","-1.1","-0.8","126.51","1.00","0.58","SciCam","/SciCam.20250808_083254248.jpg","PilotCam","/PilotCam.20250808_083254248.jpg","BrowCam","/BrowCam.20250808_083254248.jpg","UserSelect","/UserSelect.20250808_083254248.jpg","","","-999.99","16.96","-999.99","-999.99","6895b636e3a1c300139c4413"
"2025-08-08T08:33:09.275Z","45.8165126","-129.7534427","ASNAP","","admin","","","","","","","","","","","","-522005.01","-11132.02","-0.6","-0.9","127.03","1.00","0.58","SciCam","/SciCam.20250808_083309275.jpg","PilotCam","/PilotCam.20250808_083309275.jpg","BrowCam","/BrowCam.20250808_083309275.jpg","UserSelect","/UserSelect.20250808_083309275.jpg","","","-999.99","16.96","-999.99","-999.99","6895b645e3a1c300139c4417"
"2025-08-08T08:33:24.304Z","45.8165089","-129.7534005","ASNAP","","admin","","","","","","","","","","","","-522001.74","-11132.44","-0.6","-0.8","127.27","0.99","0.58","SciCam","/SciCam.20250808_083324304.jpg","PilotCam","/PilotCam.20250808_083324304.jpg","BrowCam","/BrowCam.20250808_083324304.jpg","UserSelect","/UserSelect.20250808_083324304.jpg","","","-999.99","16.97","-999.99","-999.99","6895b654e3a1c300139c441b"
"2025-08-08T08:33:39.339Z","45.8165079","-129.7533511","ASNAP","","admin","","","","","","","","","","","","-521997.91","-11132.55","-1.1","-1.2","125.94","0.99","0.58","SciCam","/SciCam.20250808_083339339.jpg","PilotCam","/PilotCam.20250808_083339339.jpg","BrowCam","/BrowCam.20250808_083339339.jpg","UserSelect","/UserSelect.20250808_083339339.jpg","","","-999.99","16.97","-999.99","-999.99","6895b663e3a1c300139c441f"
"2025-08-08T08:33:54.374Z","45.8164983","-129.7533031","ASNAP","","admin","","","","","","","","","","","","-521994.18","-11133.61","-0.5","-1.1","126.50","0.98","0.58","SciCam","/SciCam.20250808_083354374.jpg","PilotCam","/PilotCam.20250808_083354374.jpg","BrowCam","/BrowCam.20250808_083354374.jpg","UserSelect","/UserSelect.20250808_083354374.jpg","","","-999.99","16.98","-999.99","-999.99","6895b672e3a1c300139c4423"
"2025-08-08T08:34:09.405Z","45.8164888","-129.7532555","ASNAP","","admin","","","","","","","","","","","","-521990.49","-11134.67","-1.2","-0.8","126.94","0.96","0.58","SciCam","/SciCam.20250808_083409405.jpg","PilotCam","/PilotCam.20250808_083409405.jpg","BrowCam","/BrowCam.20250808_083409405.jpg","UserSelect","/UserSelect.20250808_083409405.jpg","","","-999.99","16.99","-999.99","-999.99","6895b681e3a1c300139c4427"
"2025-08-08T08:34:24.436Z","45.8164802","-129.7532008","ASNAP","","admin","","","","","","","","","","","","-521986.25","-11135.63","-0.6","-0.8","127.03","0.96","0.58","SciCam","/SciCam.20250808_083424436.jpg","PilotCam","/PilotCam.20250808_083424436.jpg","BrowCam","/BrowCam.20250808_083424436.jpg","UserSelect","/UserSelect.20250808_083424436.jpg","","","-999.99","16.98","-999.99","-999.99","6895b690e3a1c300139c442b"
"2025-08-08T08:34:39.468Z","45.8164716","-129.7531423","ASNAP","","admin","","","","","","","","","","","","-521981.71","-11136.58","-0.9","-1.1","127.31","0.97","0.58","SciCam","/SciCam.20250808_083439468.jpg","PilotCam","/PilotCam.20250808_083439468.jpg","BrowCam","/BrowCam.20250808_083439468.jpg","UserSelect","/UserSelect.20250808_083439468.jpg","","","-999.99","16.99","-999.99","-999.99","6895b69fe3a1c300139c442f"
"2025-08-08T08:34:54.489Z","45.8164615","-129.7530887","ASNAP","","admin","","","","","","","","","","","","-521977.55","-11137.70","-0.3","-0.6","127.30","0.94","0.58","SciCam","/SciCam.20250808_083454489.jpg","PilotCam","/PilotCam.20250808_083454489.jpg","BrowCam","/BrowCam.20250808_083454489.jpg","UserSelect","/UserSelect.20250808_083454489.jpg","","","-999.99","16.98","-999.99","-999.99","6895b6aee3a1c300139c4433"
"2025-08-08T08:35:09.522Z","45.8164488","-129.7530359","ASNAP","","admin","","","","","","","","","","","","-521973.45","-11139.12","-1.2","-0.9","127.37","0.96","0.58","SciCam","/SciCam.20250808_083509522.jpg","PilotCam","/PilotCam.20250808_083509522.jpg","BrowCam","/BrowCam.20250808_083509522.jpg","UserSelect","/UserSelect.20250808_083509522.jpg","","","-999.99","16.99","-999.99","-999.99","6895b6bde3a1c300139c4437"
"2025-08-08T08:35:24.540Z","45.8164407","-129.7529730","ASNAP","","admin","","","","","","","","","","","","-521968.57","-11140.02","-1.3","-1.0","127.01","0.95","0.58","SciCam","/SciCam.20250808_083524540.jpg","PilotCam","/PilotCam.20250808_083524540.jpg","BrowCam","/BrowCam.20250808_083524540.jpg","UserSelect","/UserSelect.20250808_083524540.jpg","","","-999.99","17.00","-999.99","-999.99","6895b6cce3a1c300139c443b"
"2025-08-08T08:35:39.559Z","45.8164254","-129.7529044","ASNAP","","admin","","","","","","","","","","","","-521963.25","-11141.72","-1.9","-0.5","128.17","0.94","0.58","SciCam","/SciCam.20250808_083539559.jpg","PilotCam","/PilotCam.20250808_083539559.jpg","BrowCam","/BrowCam.20250808_083539559.jpg","UserSelect","/UserSelect.20250808_083539559.jpg","","","-999.99","16.99","-999.99","-999.99","6895b6dbe3a1c300139c443f"
"2025-08-08T08:35:54.592Z","45.8164125","-129.7528379","ASNAP","","admin","","","","","","","","","","","","-521958.09","-11143.15","-1.6","-0.6","128.24","0.92","0.58","SciCam","/SciCam.20250808_083554592.jpg","PilotCam","/PilotCam.20250808_083554592.jpg","BrowCam","/BrowCam.20250808_083554592.jpg","UserSelect","/UserSelect.20250808_083554592.jpg","","","-999.99","17.00","-999.99","-999.99","6895b6eae3a1c300139c4443"
"2025-08-08T08:36:09.624Z","45.8164028","-129.7527705","ASNAP","","admin","","","","","","","","","","","","-521952.86","-11144.23","-1.1","-0.5","128.15","0.92","0.58","SciCam","/SciCam.20250808_083609624.jpg","PilotCam","/PilotCam.20250808_083609624.jpg","BrowCam","/BrowCam.20250808_083609624.jpg","UserSelect","/UserSelect.20250808_083609624.jpg","","","-999.99","16.99","-999.99","-999.99","6895b6f9e3a1c300139c4447"
"2025-08-08T08:36:24.658Z","45.8163902","-129.7527000","ASNAP","","admin","","","","","","","","","","","","-521947.39","-11145.63","-1.3","-0.6","128.67","0.91","0.58","SciCam","/SciCam.20250808_083624658.jpg","PilotCam","/PilotCam.20250808_083624658.jpg","BrowCam","/BrowCam.20250808_083624658.jpg","UserSelect","/UserSelect.20250808_083624658.jpg","","","-999.99","17.00","-999.99","-999.99","6895b708e3a1c300139c444b"
"2025-08-08T08:36:39.683Z","45.8163762","-129.7526233","ASNAP","","admin","","","","","","","","","","","","-521941.44","-11147.19","-0.2","-1.0","127.96","0.93","0.58","SciCam","/SciCam.20250808_083639683.jpg","PilotCam","/PilotCam.20250808_083639683.jpg","BrowCam","/BrowCam.20250808_083639683.jpg","UserSelect","/UserSelect.20250808_083639683.jpg","","","-999.99","17.01","-999.99","-999.99","6895b717e3a1c300139c444f"
"2025-08-08T08:36:54.715Z","45.8163641","-129.7525584","ASNAP","","admin","","","","","","","","","","","","-521936.41","-11148.53","-1.9","-0.5","127.59","0.92","0.58","SciCam","/SciCam.20250808_083654715.jpg","PilotCam","/PilotCam.20250808_083654715.jpg","BrowCam","/BrowCam.20250808_083654715.jpg","UserSelect","/UserSelect.20250808_083654715.jpg","","","-999.99","17.00","-999.99","-999.99","6895b726e3a1c300139c4453"
"2025-08-08T08:37:09.744Z","45.8163522","-129.7524828","ASNAP","","admin","","","","","","","","","","","","-521930.54","-11149.85","-1.5","-0.0","127.43","0.91","0.58","SciCam","/SciCam.20250808_083709744.jpg","PilotCam","/PilotCam.20250808_083709744.jpg","BrowCam","/BrowCam.20250808_083709744.jpg","UserSelect","/UserSelect.20250808_083709744.jpg","","","-999.99","17.01","-999.99","-999.99","6895b735e3a1c300139c4457"
"2025-08-08T08:37:24.776Z","45.8163426","-129.7523987","ASNAP","","admin","","","","","","","","","","","","-521924.02","-11150.92","-0.9","-0.3","126.74","0.90","0.58","SciCam","/SciCam.20250808_083724776.jpg","PilotCam","/PilotCam.20250808_083724776.jpg","BrowCam","/BrowCam.20250808_083724776.jpg","UserSelect","/UserSelect.20250808_083724776.jpg","","","-999.99","17.00","-999.99","-999.99","6895b744e3a1c300139c445b"
"2025-08-08T08:37:39.805Z","45.8163261","-129.7523246","ASNAP","","admin","","","","","","","","","","","","-521918.27","-11152.75","-0.9","-1.1","127.02","0.91","0.58","SciCam","/SciCam.20250808_083739805.jpg","PilotCam","/PilotCam.20250808_083739805.jpg","BrowCam","/BrowCam.20250808_083739805.jpg","UserSelect","/UserSelect.20250808_083739805.jpg","","","-999.99","17.00","-999.99","-999.99","6895b753e3a1c300139c445f"
"2025-08-08T08:37:54.836Z","45.8163125","-129.7522435","ASNAP","","admin","","","","","","","","","","","","-521911.98","-11154.27","-1.9","-1.4","126.29","0.90","0.58","SciCam","/SciCam.20250808_083754836.jpg","PilotCam","/PilotCam.20250808_083754836.jpg","BrowCam","/BrowCam.20250808_083754836.jpg","UserSelect","/UserSelect.20250808_083754836.jpg","","","-999.99","17.01","-999.99","-999.99","6895b762e3a1c300139c4463"
"2025-08-08T08:38:09.866Z","45.8162905","-129.7521507","ASNAP","","admin","","","","","","","","","","","","-521904.78","-11156.71","-0.8","-1.1","127.99","0.90","0.58","SciCam","/SciCam.20250808_083809866.jpg","PilotCam","/PilotCam.20250808_083809866.jpg","BrowCam","/BrowCam.20250808_083809866.jpg","UserSelect","/UserSelect.20250808_083809866.jpg","","","-999.99","17.03","-999.99","-999.99","6895b771e3a1c300139c4467"
"2025-08-08T08:38:24.897Z","45.8162614","-129.7520639","ASNAP","","admin","","","","","","","","","","","","-521898.04","-11159.95","-1.3","-1.4","129.48","0.90","0.58","SciCam","/SciCam.20250808_083824897.jpg","PilotCam","/PilotCam.20250808_083824897.jpg","BrowCam","/BrowCam.20250808_083824897.jpg","UserSelect","/UserSelect.20250808_083824897.jpg","","","-999.99","17.02","-999.99","-999.99","6895b780e3a1c300139c446b"
"2025-08-08T08:38:39.929Z","45.8162485","-129.7519814","ASNAP","","admin","","","","","","","","","","","","-521891.64","-11161.38","-1.4","-1.2","127.90","0.89","0.58","SciCam","/SciCam.20250808_083839929.jpg","PilotCam","/PilotCam.20250808_083839929.jpg","BrowCam","/BrowCam.20250808_083839929.jpg","UserSelect","/UserSelect.20250808_083839929.jpg","","","-999.99","17.02","-999.99","-999.99","6895b78fe3a1c300139c446f"
"2025-08-08T08:38:54.960Z","45.8162338","-129.7518967","ASNAP","","admin","","","","","","","","","","","","-521885.07","-11163.01","-1.3","-1.0","127.12","0.90","0.58","SciCam","/SciCam.20250808_083854960.jpg","PilotCam","/PilotCam.20250808_083854960.jpg","BrowCam","/BrowCam.20250808_083854960.jpg","UserSelect","/UserSelect.20250808_083854960.jpg","","","-999.99","17.02","-999.99","-999.99","6895b79ee3a1c300139c4473"
"2025-08-08T08:39:09.992Z","45.8162030","-129.7518006","ASNAP","","admin","","","","","","","","","","","","-521877.62","-11166.44","-0.8","-1.0","128.56","0.89","0.58","SciCam","/SciCam.20250808_083909992.jpg","PilotCam","/PilotCam.20250808_083909992.jpg","BrowCam","/BrowCam.20250808_083909992.jpg","UserSelect","/UserSelect.20250808_083909992.jpg","","","-999.99","17.03","-999.99","-999.99","6895b7ade3a1c300139c4477"
"2025-08-08T08:39:25.013Z","45.8161806","-129.7517167","ASNAP","","admin","","","","","","","","","","","","-521871.11","-11168.93","-0.3","-0.7","127.96","0.88","0.58","SciCam","/SciCam.20250808_083925013.jpg","PilotCam","/PilotCam.20250808_083925013.jpg","BrowCam","/BrowCam.20250808_083925013.jpg","UserSelect","/UserSelect.20250808_083925013.jpg","","","-999.99","17.03","-999.99","-999.99","6895b7bde3a1c300139c447b"
"2025-08-08T08:39:40.045Z","45.8161562","-129.7516308","ASNAP","","admin","","","","","","","","","","","","-521864.44","-11171.64","-1.6","-0.5","128.07","0.89","0.58","SciCam","/SciCam.20250808_083940045.jpg","PilotCam","/PilotCam.20250808_083940045.jpg","BrowCam","/BrowCam.20250808_083940045.jpg","UserSelect","/UserSelect.20250808_083940045.jpg","","","-999.99","17.04","-999.99","-999.99","6895b7cce3a1c300139c447f"
"2025-08-08T08:39:55.076Z","45.8161305","-129.7515288","ASNAP","","admin","","","","","","","","","","","","-521856.53","-11174.49","-1.8","-0.3","128.20","0.88","0.58","SciCam","/SciCam.20250808_083955076.jpg","PilotCam","/PilotCam.20250808_083955076.jpg","BrowCam","/BrowCam.20250808_083955076.jpg","UserSelect","/UserSelect.20250808_083955076.jpg","","","-999.99","17.04","-999.99","-999.99","6895b7dbe3a1c300139c4483"
"2025-08-08T08:40:10.103Z","45.8161068","-129.7514345","ASNAP","","admin","","","","","","","","","","","","-521849.21","-11177.13","-0.8","0.6","128.09","0.86","0.58","SciCam","/SciCam.20250808_084010103.jpg","PilotCam","/PilotCam.20250808_084010103.jpg","BrowCam","/BrowCam.20250808_084010103.jpg","UserSelect","/UserSelect.20250808_084010103.jpg","","","-999.99","17.04","-999.99","-999.99","6895b7eae3a1c300139c4487"
"2025-08-08T08:40:25.134Z","45.8160807","-129.7513413","ASNAP","","admin","","","","","","","","","","","","-521841.98","-11180.03","-0.6","0.1","127.52","0.86","0.58","SciCam","/SciCam.20250808_084025134.jpg","PilotCam","/PilotCam.20250808_084025134.jpg","BrowCam","/BrowCam.20250808_084025134.jpg","UserSelect","/UserSelect.20250808_084025134.jpg","","","-999.99","17.04","-999.99","-999.99","6895b7f9e3a1c300139c448b"
"2025-08-08T08:40:40.166Z","45.8160602","-129.7512415","ASNAP","","admin","","","","","","","","","","","","-521834.24","-11182.31","-2.2","-0.6","125.92","0.87","0.58","SciCam","/SciCam.20250808_084040166.jpg","PilotCam","/PilotCam.20250808_084040166.jpg","BrowCam","/BrowCam.20250808_084040166.jpg","UserSelect","/UserSelect.20250808_084040166.jpg","","","-999.99","17.05","-999.99","-999.99","6895b808e3a1c300139c448f"
"2025-08-08T08:40:55.184Z","45.8160311","-129.7511462","ASNAP","","admin","","","","","","","","","","","","-521826.85","-11185.54","-2.1","-0.8","125.89","0.86","0.58","SciCam","/SciCam.20250808_084055184.jpg","PilotCam","/PilotCam.20250808_084055184.jpg","BrowCam","/BrowCam.20250808_084055184.jpg","UserSelect","/UserSelect.20250808_084055184.jpg","","","-999.99","17.05","-999.99","-999.99","6895b817e3a1c300139c4493"
"2025-08-08T08:41:10.218Z","45.8159948","-129.7510449","ASNAP","","admin","","","","","","","","","","","","-521818.99","-11189.58","-0.6","-0.5","126.89","0.86","0.58","SciCam","/SciCam.20250808_084110218.jpg","PilotCam","/PilotCam.20250808_084110218.jpg","BrowCam","/BrowCam.20250808_084110218.jpg","UserSelect","/UserSelect.20250808_084110218.jpg","","","-999.99","17.06","-999.99","-999.99","6895b826e3a1c300139c4497"
"2025-08-08T08:41:25.249Z","45.8159621","-129.7509474","ASNAP","","admin","","","","","","","","","","","","-521811.42","-11193.21","-0.9","0.1","127.11","0.84","0.58","SciCam","/SciCam.20250808_084125249.jpg","PilotCam","/PilotCam.20250808_084125249.jpg","BrowCam","/BrowCam.20250808_084125249.jpg","UserSelect","/UserSelect.20250808_084125249.jpg","","","-999.99","17.05","-999.99","-999.99","6895b835e3a1c300139c449b"
"2025-08-08T08:41:40.283Z","45.8159296","-129.7508455","ASNAP","","admin","","","","","","","","","","","","-521803.52","-11196.82","-0.9","-0.1","127.02","0.85","0.58","SciCam","/SciCam.20250808_084140283.jpg","PilotCam","/PilotCam.20250808_084140283.jpg","BrowCam","/BrowCam.20250808_084140283.jpg","UserSelect","/UserSelect.20250808_084140283.jpg","","","-999.99","17.04","-999.99","-999.99","6895b844e3a1c300139c449f"
"2025-08-08T08:41:55.307Z","45.8158942","-129.7507473","ASNAP","","admin","","","","","","","","","","","","-521795.90","-11200.76","-0.8","-0.3","127.21","0.85","0.58","SciCam","/SciCam.20250808_084155307.jpg","PilotCam","/PilotCam.20250808_084155307.jpg","BrowCam","/BrowCam.20250808_084155307.jpg","UserSelect","/UserSelect.20250808_084155307.jpg","","","-999.99","17.05","-999.99","-999.99","6895b853e3a1c300139c44a3"
"2025-08-08T08:42:10.335Z","45.8158589","-129.7506448","ASNAP","","admin","","","","","","","","","","","","-521787.95","-11204.68","-0.7","-0.9","127.12","0.86","0.58","SciCam","/SciCam.20250808_084210335.jpg","PilotCam","/PilotCam.20250808_084210335.jpg","BrowCam","/BrowCam.20250808_084210335.jpg","UserSelect","/UserSelect.20250808_084210335.jpg","","","-999.99","17.06","-999.99","-999.99","6895b862e3a1c300139c44a7"
"2025-08-08T08:42:25.357Z","45.8158451","-129.7505202","ASNAP","","admin","","","","","","","","","","","","-521778.28","-11206.22","-0.5","-0.7","98.71","0.85","0.58","SciCam","/SciCam.20250808_084225357.jpg","PilotCam","/PilotCam.20250808_084225357.jpg","BrowCam","/BrowCam.20250808_084225357.jpg","UserSelect","/UserSelect.20250808_084225357.jpg","","","-999.99","17.07","-999.99","-999.99","6895b871e3a1c300139c44ab"
"2025-08-08T08:42:40.389Z","45.8158558","-129.7504244","ASNAP","","admin","","","","","","","","","","","","-521770.85","-11205.03","-0.4","0.3","44.00","0.84","0.58","SciCam","/SciCam.20250808_084240389.jpg","PilotCam","/PilotCam.20250808_084240389.jpg","BrowCam","/BrowCam.20250808_084240389.jpg","UserSelect","/UserSelect.20250808_084240389.jpg","","","-999.99","17.05","-999.99","-999.99","6895b880e3a1c300139c44af"
"2025-08-08T08:42:55.422Z","45.8158241","-129.7503311","ASNAP","","admin","","","","","","","","","","","","-521763.61","-11208.55","-0.5","0.4","34.61","0.83","0.58","SciCam","/SciCam.20250808_084255422.jpg","PilotCam","/PilotCam.20250808_084255422.jpg","BrowCam","/BrowCam.20250808_084255422.jpg","UserSelect","/UserSelect.20250808_084255422.jpg","","","-999.99","17.05","-999.99","-999.99","6895b88fe3a1c300139c44b3"
"2025-08-08T08:43:10.455Z","45.8157877","-129.7502407","ASNAP","","admin","","","","","","","","","","","","-521756.60","-11212.60","-0.5","-1.5","34.03","0.86","0.58","SciCam","/SciCam.20250808_084310455.jpg","PilotCam","/PilotCam.20250808_084310455.jpg","BrowCam","/BrowCam.20250808_084310455.jpg","UserSelect","/UserSelect.20250808_084310455.jpg","","","-999.99","17.04","-999.99","-999.99","6895b89ee3a1c300139c44b7"
"2025-08-08T08:43:25.489Z","45.8157464","-129.7501399","ASNAP","","admin","","","","","","","","","","","","-521748.78","-11217.19","-0.7","-1.5","53.97","0.87","0.58","SciCam","/SciCam.20250808_084325489.jpg","PilotCam","/PilotCam.20250808_084325489.jpg","BrowCam","/BrowCam.20250808_084325489.jpg","UserSelect","/UserSelect.20250808_084325489.jpg","","","-999.99","17.03","-999.99","-999.99","6895b8ade3a1c300139c44bb"
"2025-08-08T08:43:40.510Z","45.8157065","-129.7500438","ASNAP","","admin","","","","","","","","","","","","-521741.32","-11221.62","-1.4","-2.2","53.85","0.88","0.58","SciCam","/SciCam.20250808_084340510.jpg","PilotCam","/PilotCam.20250808_084340510.jpg","BrowCam","/BrowCam.20250808_084340510.jpg","UserSelect","/UserSelect.20250808_084340510.jpg","","","-999.99","17.04","-999.99","-999.99","6895b8bce3a1c300139c44bf"
"2025-08-08T08:43:55.542Z","45.8156613","-129.7499465","ASNAP","","admin","","","","","","","","","","","","-521733.77","-11226.65","-1.3","-3.0","54.02","0.87","0.58","SciCam","/SciCam.20250808_084355542.jpg","PilotCam","/PilotCam.20250808_084355542.jpg","BrowCam","/BrowCam.20250808_084355542.jpg","UserSelect","/UserSelect.20250808_084355542.jpg","","","-999.99","17.04","-999.99","-999.99","6895b8cbe3a1c300139c44c3"
"2025-08-08T08:44:10.575Z","45.8156159","-129.7498466","ASNAP","","admin","","","","","","","","","","","","-521726.02","-11231.69","-1.6","-2.8","54.03","0.88","0.58","SciCam","/SciCam.20250808_084410575.jpg","PilotCam","/PilotCam.20250808_084410575.jpg","BrowCam","/BrowCam.20250808_084410575.jpg","UserSelect","/UserSelect.20250808_084410575.jpg","","","-999.99","17.03","-999.99","-999.99","6895b8dae3a1c300139c44c7"
"2025-08-08T08:44:23.181Z","45.8155704","-129.7497564","VEHICLE","","guest","","Jason on deck","","","","","","","","","","-521719.02","-11236.75","-1.6","-0.5","50.67","0.84","0.58","SciCam","/SciCam.20250808_084423181.jpg","PilotCam","/PilotCam.20250808_084423181.jpg","BrowCam","/BrowCam.20250808_084423181.jpg","UserSelect","/UserSelect.20250808_084423181.jpg","","","-999.99","17.03","-999.99","-999.99","6895b8e7e3a1c300139c44cb"
"2025-08-08T08:44:25.610Z","45.8155649","-129.7497440","ASNAP","","admin","","","","","","","","","","","","-521718.06","-11237.36","-1.1","-0.8","50.67","0.84","0.58","SciCam","/SciCam.20250808_084425610.jpg","PilotCam","/PilotCam.20250808_084425610.jpg","BrowCam","/BrowCam.20250808_084425610.jpg","UserSelect","/UserSelect.20250808_084425610.jpg","","","-999.99","17.03","-999.99","-999.99","6895b8e9e3a1c300139c44cf"
"2025-08-08T08:44:40.641Z","45.8155130","-129.7496452","ASNAP","","admin","","","","","","","","","","","","-521710.40","-11243.13","-1.2","-0.6","51.02","0.84","0.58","SciCam","/SciCam.20250808_084440641.jpg","PilotCam","/PilotCam.20250808_084440641.jpg","BrowCam","/BrowCam.20250808_084440641.jpg","UserSelect","/UserSelect.20250808_084440641.jpg","","","-999.99","17.02","-999.99","-999.99","6895b8f8e3a1c300139c44d3"
"2025-08-08T08:44:55.670Z","45.8154607","-129.7495430","ASNAP","","admin","","","","","","","","","","","","-521702.47","-11248.94","-1.0","-0.1","51.02","0.83","0.58","SciCam","/SciCam.20250808_084455670.jpg","PilotCam","/PilotCam.20250808_084455670.jpg","BrowCam","/BrowCam.20250808_084455670.jpg","UserSelect","/UserSelect.20250808_084455670.jpg","","","-999.99","17.02","-999.99","-999.99","6895b907e3a1c300139c44d7"