* Sea-Bird SBE 9 Data File:
* FileName = C:\CTD\RR1810\CTD #08.hex
* Software Version Seasave V 7.26.6.26
* Temperature SN = 4307
* Conductivity SN = 4650
* Number of Bytes Per Scan = 44
* Number of Voltage Words = 5
* Number of Scans Averaged by the Deck Unit = 1
* Append System Time to Every Scan
* System UpLoad Time = Jul 10 2018 22:40:15
* NMEA Latitude = 44 31.76 N
* NMEA Longitude = 125 23.79 W
* NMEA UTC (Time) = Jul 10 2018  22:40:14
* Store Lat/Lon Data = Append to Every Scan
** Ship: Revell 500 m W of SP at Slope Base
** Station: Slope Base
** Operator: J.Nelson
* System UTC = Jul 10 2018 22:40:15
*END*
10CFBD0C056981E126118D620E465E894FFF907FFF0D6FFFFFFFFF0007F921F9235FAB874074A22BCF35455B
10CFB20C04CD81E132118D460E41B7894FF0906FFF0D6FFFFFFFFF0007F921F9235FAB874074A22CD035455B
10CFA60C044981E126118D2E0E3F86894FF0905FFF0D6FFFFFFFFF0007F921F9235FAB874074A22DD035455B
10CF9B0C047E81E12E118D170E47AC894FF8903FFF0D6FFFFFFFFF0007F921F9235FAB874074A22ED035455B
10CF8B0C05CB81E12A118CF60E5AF3894FFA902FFF0D6FFFFFFFFF0007F921F9235FAB874074A22FD035455B
10CF7D0C078281E12E118CE20E6C36893FF9901FFF0D6FFFFFFFFF0007F921F9235FAB874074A230D035455B
10CF780C088C81E132118CDE0E73C6893FF1901FFF0D6FFFFFFFFF0007F921F9235FAB874074A231D035455B
10CF780C082D81E12E118CEA0E6E03893FF3900FFF0D6FFFFFFFFF0007F921F9235FAB874074A232D035455B
10CF790C06B481E12E118CFB0E6322893FF08FFFFF0D6FFFFFFFFF0007F921F9235FAB874074A233D035455B
10CF740C057E81E12A118D0E0E5A51894FED8FFFFF0D6FFFFFFFFF0007F921F9235FAB874074A234D035455B
10CF690C051881E12E118D1A0E53FF894FEB8FFFFF0D6FFFFFFFFF0007F921F9235FAB874074A235D035455B
10CF610C05D981E12A118D0E0E4FED893FEB8FFFFF0D6FFFFFFFFF0007F921F9235FAB874074A236D035455B
10CF530C065E81E12E118CFF0E4DC0893FEC8FEFFF0D6FFFFFFFFF0007F921F9235FAB874074A237D035455B
10CF4E0C05F581E12E118CEA0E4E36892FEB8FEFFF0D6FFFFFFFFF0007F921F9235FAB874074A238D035455B
10CF460C05BC81E132118CDA0E4FDF892FEA8FEFFF0D6FFFFFFFFF0007F921F9235FAB874074A239D035455B
10CF430C068381E126118CD20E5165892FEB8FEFFF0D6FFFFFFFFF0007F921F9235FAB874074A23AD035455B
10CF3B0C07DB81E12E118CD20E5005891FEC8FEFFF0D6FFFFFFFFF0007F921F9235FAB874074A23BD035455B
10CF370C084E81E12A118CD30E4B69891FEF8FEFFF0D6FFFFFFFFF0007F921F9235FAB874074A23CD035455B
10CF340C081F81E12E118CDA0E473D892FEE8FEFFF0D6FFFFFFFFF0007F921F9235FAB874074B23DD035455B
10CF370C073C81E132118CDA0E448C892FF58FEFFF0D6FFFFFFFFF0007F921F9235FAB874174C23ED035455B
10CF370C067581E126118CD20E413D892FF68FEFFF0D6FFFFFFFFF0007F921F9235FAB874074C23FD035455B
10CF330C058F81E12E118CC20E3ED0891FF18FFFFF0D6FFFFFFFFF0007F921F9235FAB874074C240D035455B
10CF290C047181E12A118CB00E3EB1891FEF8FFFFF0D6FFFFFFFFF0007F921F9235FAB874074C241D035455B
10CF200C03E581E12E118CA20E4236891FED8FFFFF0D6FFFFFFFFF0007F921F9235FAB874074C242D035455B
10CF180C045681E12E118C9A0E4A9F891FEB8FFFFF0D5FFFFFFFFF0007F921F9235FAB874074C243D035455B
10CF0E0C04FB81E12A118C8E0E50FA891FEB900FFF0D6FFFFFFFFF0007F921F9235FAB874074C244D135455B
10CEFE0C053181E12E118C960E512E891FE9901FFF0D6FFFFFFFFF0007F921F9235FAB874074C245D135455B
10CEFE0C055381E12A118C9C0E4E01891FE7901FFF0D6FFFFFFFFF0007F921F9235FAB874074C246D135455B
10CEFB0C058D81E12E118CA20E4A7D892FE6902FFF0D6FFFFFFFFF0007F921F9235FAB874074C247D135455B
10CEF20C060081E126118CAA0E4886891FE2902FFF0D6FFFFFFFFF0007F921F9235FAB874074C248D135455B
10CEEE0C073681E132118CA60E47F0891FDF903FFF0D6FFFFFFFFF0007F921F9235FAB874074C249D135455B
10CEE70C085C81E12E118C960E4586891FDE904FFF0D6FFFFFFFFF0007F921F9235FAB874074B24AD135455B
10CEE80C089E81E12A118C860E42D8891FDB905FFF0D6FFFFFFFFF0007F921F9235FAB874074C24BD135455B
10CEEA0C079281E126118C680E3F9D891FD5905FFF0D6FFFFFFFFF0007F921F9235FAB874074C24CD135455B
10CEEA0C05DB81E12E118C4A0E3CCE891FD9907FFF0D5FFFFFFFFF0007F921F9235FAB874074C24DD135455B
10CEE80C044181E132118C320E3A3E892FD9908FFF0D6FFFFFFFFF0007F921F9235FAB874074C24ED135455B
10CEDF0C03CA81E126118C1E0E3949891FD7909FFF0D6FFFFFFFFF0007F921F9235FAB874074C24FD135455B
10CED00C03C481E12E118C060E3764891FDD90AFFF0D6FFFFFFFFF0007F921F9235FAB874074C250D135455B
10CEC00C045981E12A118BF90E3767891FF490BFFF0D6FFFFFFFFF0007F921F9235FAB874074C251D135455B
10CEAF0C04FA81E12E118BE60E3916891FF390CFFF0D6FFFFFFFFF0007F921F9235FAB874074C252D135455B
10CEA50C050981E12A118BDE0E39C1892FEF90DFFF0D6FFFFFFFFF0007F921F9235FAB874074C253D135455B
10CE9E0C051781E12E118BCE0E3AAB891FF490FFFF0D6FFFFFFFFF0007F921F9235FAB874074C254D135455B
10CE9C0C059F81E126118BC60E3DC6891FF1910FFF0D6FFFFFFFFF0007F921F9235FAB874074C255D135455B
10CE920C06B081E12A118BC20E40E8892FEF911FFF0D5FFFFFFFFF0007F921F9235FAB874074C256D135455B
10CE8B0C07BD81E12E118BBE0E4162891FEC913FFF0D6FFFFFFFFF0007F921F9235FAB874174C257D135455B
10CE870C080D81E126118BC50E3F50891FED914FFF0D6FFFFFFFFF0007F921F9235FAB874074C258D135455B
10CE850C079F81E132118BC60E3D8D891FF5915FFF0D6FFFFFFFFF0007F921F9235FAB874074C259D135455B
10CE830C072881E126118BC60E3B4B891FEC917FFF0D6FFFFFFFFF0007F921F9235FAB874074C25AD135455B
10CE830C06AD81E132118BBE0E36B2891FE3918FFF0D6FFFFFFFFF0007F921F9235FAB874074C25BD135455B
10CE780C061B81E126118BB20E3189891FE1919FFF0D6FFFFFFFFF0007F921F9235FAB874074C25CD235455B
10CE760C05F381E12E118B9E0E2D27891FE691BFFF0D6FFFFFFFFF0007F821F9235FAB874074C25DD235455B
10CE680C064E81E12A118B850E2A26892FEC91CFFF0D6FFFFFFFFF0007F721F9235FAB874074C25ED235455B
10CE5D0C06F581E12E118B720E292F891FEE91EFFF0D6FFFFFFFFF0007F721F9235FAB874074C25FD235455B
10CE550C079081E12A118B5E0E2997890FED91FFFF0D6FFFFFFFFF0007F721F9235FAB874074C260D235455B
10CE4C0C087D81E126118B520E29AF890FEB920FFF0D6FFFFFFFFF0007F721F9235FAB874074C261D235455B
10CE4D0C092D81E12E118B4A0E2978891FE9922FFF0D5FFFFFFFFF0007F721F9235FAB874074C262D235455B
10CE4A0C094081E12A118B460E27CC891FE9924FFF0D6FFFFFFFFF0007F721F9235FAB874074C263D235455B
10CE440C087581E12E118B420E25E1891FEC925FFF0D5FFFFFFFFF0007F721F9235FAB874074C264D235455B
10CE420C078181E126118B3A0E233D890FEC926FFF0D6FFFFFFFFF0007F721F9235FAB874074C265D235455B
10CE3A0C070B81E132118B360E1E89891FEE928FFF0D5FFFFFFFFF0007F721F9235FAB874074B266D235455B
10CE2F0C070081E126118B2A0E1A77891FEE929FFF0D6FFFFFFFFF0007F721F9235FAB874074A267D235455B
10CE220C06DE81E12A118B120E17BA891FEE92BFFF0D6FFFFFFFFF0007F721F9235FAB874074A268D235455B
10CE180C065881E126118B020E1533890FEE92CFFF0D6FFFFFFFFF0007F721F9235FAB874074A269D235455B
10CE080C061A81E12E118AF20E1313890FED92FFFF0D5FFFFFFFFF0007F721F9235FAB874074A26AD235455B
10CE010C062F81E12A118AE60E11C7890FEB930FFF0D6FFFFFFFFF0007F721F9235FAB874074A26BD235455B
10CDF00C06C381E12E118ADA0E0FFC891FEB931FFF0D6FFFFFFFFF0007F721F9235FAB874074A26CD235455B
10CDE60C078F81E12A118AD30E0F0D891FEC933FFF0D6FFFFFFFFF0007F721F9235FAB874074A26DD235455B
10CDDE0C07CD81E12E118AC60E0E8E890FED934FFF0D6FFFFFFFFF0007F721F9235FAB874174A26ED235455B
10CDD70C071781E126118ABE0E0C2A88FFEC936FFF0D6FFFFFFFFF0007F721F9235FAB874074A26FD235455B
10CDCE0C062081E12A118AB20E07FF890FEC937FFF0D5FFFFFFFFF0007F721F9235FAB874074A270D235455B
10CDC70C05ED81E126118AA60E04CD890FEB939FFF0D6FFFFFFFFF0007F721F9235FAB874074A271D235455B
10CDB40C06A681E12E118A8E0E033A890FEA93BFFF0D6FFFFFFFFF0007F721F9235FAB874074B272D235455B
10CDA90C070F81E12A118A7A0E007B890FE993DFFF0D6FFFFFFFFF0007F721F9235FAB874074A273D235455B
10CD950C06E481E126118A660DFD55890FE793EFFF0D6FFFFFFFFF0007F721F9235FAB874074C274D335455B
10CD920C072281E12A118A520DFA93890FE593FFFF0D6FFFFFFFFF0007F721F9235FAB874074C275D335455B
10CD860C077781E12E118A420DF809890FE3941FFF0D6FFFFFFFFF0007F721F9235FAB874074C276D335455B
10CD7B0C075A81E126118A300DF517891FE2942FFF0D6FFFFFFFFF0007F721F9235FAB874074C277D335455B
10CD730C070A81E12A118A1A0DF296891FE4944FFF0D6FFFFFFFFF0007F721F9235FAB874074C278D335455B
10CD6B0C075F81E12E118A060DF0E5891FE7946FFF0D6FFFFFFFFF0007F721F9235FAB874074C279D335455B
10CD600C086981E1261189F60DF1BC890FEA948FFF0D5FFFFFFFFF0007F721F9235FAB874074C27AD335455B
10CD550C091E81E12A1189E20DF47B891FEF949FFF0D6FFFFFFFFF0007F721F9235FAB874074C27BD335455B
10CD4D0C096E81E1261189DA0DF726891FF394AFFF0D6FFFFFFFFF0007F721F9235FAB874074C27CD335455B
10CD490C097781E12A1189D30DF896890FF294BFFF0D5FFFFFFFFF0007F721F9235FAB874074C27DD335455B
10CD410C09B981E12E1189D60DF95E890FF094CFFF0D6FFFFFFFFF0007F721F9235FAB874074D27ED335455B
10CD3A0C0A4A81E1261189D30DF904890FEF94EFFF0D6FFFFFFFFF0007F721F9235FAB874074C27FD335455B
10CD320C0A9F81E12A1189D30DF711890FEF950FFF0D6FFFFFFFFF0007F721F9235FAB874074B280D335455B
10CD2E0C0AF881E12E1189D60DF502890FEF952FFF0D5FFFFFFFFF0007F721F9235FAB874074A281D335455B
10CD270C0AEC81E1231189C70DF28C88FFEF953FFF0D6FFFFFFFFF0007F721F9235FAB874074A282D335455B
10CD270C0A9181E12E1189C30DEF80890FEF955FFF0D6FFFFFFFFF0007F721F9235FAB874074A283D335455B
10CD1B0C0ACE81E1261189AD0DEBEF88FFED956FFF0D6FFFFFFFFF0007F721F9235FAB874074A284D335455B
10CD130C0B7681E12A11899B0DE8BC88FFEC958FFF0D5FFFFFFFFF0007F721F9235FAB874074A285D335455B
10CD100C0BCA81E12611897F0DE63B88FFED95AFFF0D6FFFFFFFFF0007F721F9235FAB874174A286D335455B
10CD080C0C3081E12E11896F0DE5C888FFEB95BFFF0D6FFFFFFFFF0007F721F9235FAB874074A287D335455B
10CD040C0C1781E12A11895B0DE55888FFEA95CFFF0D5FFFFFFFFF0007F721F9235FAB874074A288D335455B
10CD000C0BAA81E1261189530DE3A6890FE895EFFF0D5FFFFFFFFF0007F721F9235FAB874074A289D335455B
10CCFC0C0C8B81E12A1189470DE24588FFE795FFFF0D6FFFFFFFFF0007F721F9235FAB874074A28AD335455B
10CCF10C0E0681E1261189370DE0EF890FE7961FFF0D6FFFFFFFFF0007F721F9235FAB874074A28BD335455B
10CCED0C0E6B81E12611892B0DE0DE88FFE5962FFF0D5FFFFFFFFF0007F721F9235FAB874074A28CD435455B
10CCE60C0E7581E12A11891F0DE1A588FFE5963FFF0D6FFFFFFFFF0007F721F9235FAB874074A28DD435455B
10CCED0C0F0E81E12E1189130DE26588FFE7964FFF0D6FFFFFFFFF0007F721F9235FAB874074A28ED435455B
10CCE90C10E981E1261189130DE39D88FFEA966FFF0D5FFFFFFFFF0007F721F9235FAB874074A28FD435455B
10CCE20C134381E12A1189130DE47E88EFEB968FFF0D6FFFFFFFFF0007F721F9235FAB874074A290D435455B
10CCE20C14B581E12E11890F0DE64988EFEA969FFF0D5FFFFFFFFF0007F721F9235FAB874074A291D435455B
10CCED0C14AB81E1231189130DE99D88EFE996BFFF0D5FFFFFFFFF0007F721F9235FAB874074B292D435455B
10CCF10C143181E12E11891B0DEC0888EFEA96CFFF0D6FFFFFFFFF0007F721F9235FAB874074C293D435455B
10CCF50C147681E12E1189230DEECA88FFED96DFFF0D6FFFFFFFFF0007F721F9235FAB874074C294D435455B
10CCEE0C158781E12A11892F0DF26D88FFED96FFFF0D6FFFFFFFFF0007F721F9235FAB874074C295D435455B
10CCED0C164A81E12611893B0DF3E588FFEC970FFF0D5FFFFFFFFF0007F721F9235FAB874074C296D435455B
10CCE60C16E881E12A1189490DF41D88FFE9971FFF0D5FFFFFFFFF0007F721F9235FAB874074C297D435455B
10CCE60C17B781E12611895B0DF37588EFE9973FFF0D6FFFFFFFFF0007F721F9235FAB874074C298D435455B
10CCE60C18D081E12E11896B0DF23288EFEB974FFF0D6FFFFFFFFF0007F721F9235FAB874074C299D435455B
10CCE60C19F281E12A1189730DF0CF88EFEB975FFF0D5FFFFFFFFF0007F721F9235FAB874074C29AD435455B
10CCE90C1A6981E12E11897F0DEE8188DFEB977FFF0D5FFFFFFFFF0007F721F9235FAB874074C29BD435455B
10CCE90C1A9181E12611897B0DEBF788EFE4978FFF0D5FFFFFFFFF0007F721F9235FAB874074C29CD435455B
10CCED0C1B0581E12A1189830DEABF88DFDF979FFF0D6FFFFFFFFF0007F721F9235FAB874074B29DD435455B
10CCED0C1C2A81E1261189830DED2088DFDF97AFFF0D5FFFFFFFFF0007F721F9235FAB884174A29ED435455B
10CCE60C1D3C81E12A1189870DF39788DFE797CFFF0D5FFFFFFFFF0007F721F9235FAB884074A29FD435455B
10CCE60C1EBB81E12E11898F0DFB0E88DFE897DFFF0D5FFFFFFFFF0007F721F9235FAB884074A2A0D435455B
10CCE90C20E981E12611899B0E001388EFE897EFFF0D5FFFFFFFFF0007F721F9235FAB884074A2A1D435455B
10CCE60C22CA81E12A1189B30E015488EFE697FFFF0D6FFFFFFFFF0007F721F9235FAB884074C2A2D435455B
10CCED0C237281E12E1189CF0DFFE288FFE6980FFF0D6FFFFFFFFF0007F721F9235FAB884074C2A3D435455B
10CCF50C23DD81E12A1189EA0DFEDA88EFE8982FFF0D5FFFFFFFFF0007F721F9235FAB884074C2A4D535455B
10CCF90C248081E126118A060DFC7188EFE8983FFF0D5FFFFFFFFF0007F721F9235FAB884074C2A5D535455B
10CCF90C260481E126118A100DF92488EFE2984FFF0D5FFFFFFFFF0007F721F9235FAB884074A2A6D535455B
10CCF50C289381E12A118A120DF63E88EFDA985FFF0D5FFFFFFFFF0007F721F9235FAB884074A2A7D535455B
10CCF50C2A3781E12E118A160DF38888EFD2987FFF0D5FFFFFFFFF0007F721F9235FAB884074C2A8D535455B
10CCFD0C2A9B81E126118A120DF13788EFD3987FFF0D5FFFFFFFFF0007F721F9235FAB884074C2A9D535455B
10CD040C2A7A81E12A118A160DEF7C88DFDE989FFF0D5FFFFFFFFF0007F721F9235FAB884074C2AAD535455B
10CD080C2B9281E12E118A0E0DF12388DFE9989FFF0D5FFFFFFFFF0007F721F9235FAB884074A2ABD535455B
10CD040C2D8381E123118A120DF39088EFF098BFFF0D5FFFFFFFFF0007F721F9235FAB884074A2ACD535455B
10CD010C2F5081E12E118A1A0DF50388EFF198CFFF0D5FFFFFFFFF0007F721F9235FAB884074D2ADD535455B
10CD040C306E81E12E118A2A0DF50888EFED98DFFF0D5FFFFFFFFF0007F721F9235FAB884074C2AED535455B
10CD040C314D81E123118A3A0DF4BD88EFE998FFFF0D5FFFFFFFFF0007F721F9235FAB884074C2AFD535455B
10CD0C0C325281E12E118A4E0DF5B988EFE9990FFF0D5FFFFFFFFF0007F721F9235FAB884074A2B0D535455B
10CD080C330981E126118A5F0DF43F88FFEB991FFF0D6FFFFFFFFF0007F721F9235FAB884074D2B1D535455B
10CD080C343981E12A118A6E0DF27888FFED992FFF0D6FFFFFFFFF0007F721F9235FAB884074C2B2D535455B
10CD000C35AF81E12E118A7A0DF37888FFEE993FFF0D5FFFFFFFFF0007F721F9235FAB884074A2B3D535455B
10CD000C370381E12A118A820DF30C88FFEB994FFF0D5FFFFFFFFF0007F721F9235FAB884074C2B4D535455B
10CCFC0C37D081E126118A960DF1E8890FE7996FFF0D5FFFFFFFFF0007F721F9235FAB884074C2B5D535455B
10CCFC0C38C881E12E118A960DF0BE88FFEA997FFF0D5FFFFFFFFF0007F721F9235FAB884074A2B6D535455B
10CCF90C3AC981E12A118AAA0DF0FF88FFEA998FFF0D5FFFFFFFFF0007F721F9235FAB884174C2B7D535455B
10CCF10C3CF481E126118AB60DF2F088EFE8999FFF0D5FFFFFFFFF0007F721F9235FAB884074C2B8D535455B
10CCF10C3E9881E12A118ABE0DF54888DFE999AFFF0D5FFFFFFFFF0007F721F9235FAB884074C2B9D535455B
10CCF10C400881E12E118AD30DF66088DFE999BFFF0D6FFFFFFFFF0007F721F9235FAB884074C2BAD535455B
10CCF50C41F981E126118AE20DF6B688DFE799CFFF0D5FFFFFFFFF0007F721F9235FAB884074A2BBD535455B
10CCF50C43EF81E132118AF60DF74D88DFE599EFFF0D5FFFFFFFFF0007F721F9235FAB884074C2BCD635455B
10CCF10C460881E126118B120DF77788EFE699FFFF0D5FFFFFFFFF0007F721F9235FAB884074A2BDD635455B
10CCF50C482781E126118B220DF59988EFE599FFFF0D6FFFFFFFFF0007F821F9235FAB884074C2BED635455B
10CCF90C4AB481E132118B360DF3B088DFE69A1FFF0D6FFFFFFFFF0007F921F9235FAB884074A2BFD635455B
10CCFC0C4D8781E126118B420DF27F88DFE99A1FFF0D6FFFFFFFFF0007F921F9235FAB884074C2C0D635455B
10CD040C500181E12A118B520DF0EA88DFED9A3FFF0D5FFFFFFFFF0007F921F9235FAB884074C2C1D635455B
10CD100C519881E126118B660DEEEF88DFEB9A4FFF0D5FFFFFFFFF0007F921F9235FAB884074A2C2D635455B
10CD170C52BB81E12E118B6A0DED1188DFE79A5FFF0D5FFFFFFFFF0007F921F9235FAB884074A2C3D635455B
10CD1F0C541F81E12A118B6E0DEDE588CFEB9A7FFF0D6FFFFFFFFF0007F921F9235FAB884074C2C4D635455B
10CD1F0C564E81E126118B7E0DF0A888DFED9A7FFF0D5FFFFFFFFF0007F921F9235FAB884074C2C5D635455B
10CD230C591C81E126118B8A0DF36788CFEC9A8FFF0D5FFFFFFFFF0007F921F9235FAB884074C2C6D635455B
10CD230C5BDD81E132118B960DF54D88CFEA9AAFFF0D5FFFFFFFFF0007F921F9235FAB884074C2C7D635455B
10CD270C5DD581E126118BAE0DF57D88BFEF9ABFFF0D5FFFFFFFFF0007F921F9235FAB884074C2C8D635455B
10CD320C5F0B81E132118BC90DF3E388BFEC9ACFFF0D5FFFFFFFFF0007F921F9235FAB884074C2C9D635455B
10CD3D0C603281E126118BDA0DF18A88CFDF9ADFFF0D5FFFFFFFFF0007F921F9235FAB884074C2CAD635455B
10CD3E0C61E881E126118BEA0DEE8888CFDA9AEFFF0D5FFFFFFFFF0007F921F9235FAB884074A2CBD635455B
10CD450C63FF81E132118BFA0DEC5F88CFDA9AFFFF0D5FFFFFFFFF0007F921F9235FAB884074C2CCD635455B
10CD410C658181E126118C020DEA7A88DFDB9B0FFF0D5FFFFFFFFF0007F921F9235FAB884074D2CDD635455B
10CD450C66BB81E12A118C060DE91488DFDE9B1FFF0D6FFFFFFFFF0007F921F9235FAB884174C2CED635455B
10CD500C679481E126118C150DE8C188CFDF9B2FFF0D5FFFFFFFFF0007F921F9235FAB884074C2CFD635455B
10CD490C68E381E12E118C1A0DE7D988CFE09B3FFF0D5FFFFFFFFF0007F921F9235FAB884074C2D0D635455B
10CD4D0C6ACB81E12A118C220DE75C88CFE69B4FFF0D5FFFFFFFFF0007F921F9235FAB884074C2D1D635455B
10CD4D0C6CAF81E126118C320DE7D588CFE89B5FFF0D5FFFFFFFFF0007F921F9235FAB884074C2D2D635455B
10CD490C6E8E81E12E118C3A0DE94988DFEC9B6FFF0D5FFFFFFFFF0007F921F9235FAB884074D2D3D635455B
10CD4D0C703681E12A118C460DEA2D88DFF09B7FFF0D5FFFFFFFFF0007F921F9235FAB884074C2D4D735455B
10CD4D0C714781E126118C540DE94888CFF49B8FFF0D5FFFFFFFFF0007F921F9235FAB884074C2D5D735455B
10CD510C724D81E132118C620DE6D788DFF69B8FFF0D5FFFFFFFFF0007F921F9235FAB884074C2D6D735455B
10CD550C735481E126118C720DE3A488CFEB9BAFFF0D5FFFFFFFFF0007F921F9235FAB884074C2D7D735455B
10CD500C740881E126118C720DE0AB88CFE89BAFFF0D5FFFFFFFFF0007F921F9235FAB884074C2D8D735455B
10CD4D0C742E81E12A118C760DDD3788CFE99BCFFF0D5FFFFFFFFF0007F921F9235FAB884074C2D9D735455B
10CD550C746381E12E118C700DD91488CFE09BDFFF0D5FFFFFFFFF0007F921F9235FAB884074C2DAD735455B
10CD4D0C761E81E12A118C660DD6A588DFE79BDFFF0D6FFFFFFFFF0007F921F9235FAB884074C2DBD735455B
10CD490C789381E126118C5E0DD63588CFF99BFFFF0D5FFFFFFFFF0007F921F9235FAB884074C2DCD735455B
10CD410C79B181E126118C520DD64A88DFFA9BFFFF0D5FFFFFFFFF0007F921F9235FAB884074C2DDD735455B
10CD410C791B81E12A118C4E0DD70388CFF19C0FFF0D5FFFFFFFFF0007F921F9235FAB884074C2DED735455B
10CD450C760B81E126118C4A0DE0D388CFEA9C1FFF0D5FFFFFFFFF0007F921F9235FAB884074C2DFD735455B
10CD3E0C767B81E126118C480DE15E88DFE59C2FFF0D5FFFFFFFFF0007F921F9235FAB884074C2E0D735455B
10CD320C842B81E12A118C3A0DEEF888DFE39C3FFF0D5FFFFFFFFF0007F921F9235FAB884074D2E1D735455B
10CD1B0C8F4681E12E118C1E0E012788DFE49C4FFF0D5FFFFFFFFF0007F921F9235FAB884074C2E2D735455B
10CD230C8CAC81E12A118C0A0E07EA88DFE39C5FFF0D5FFFFFFFFF0007F921F9235FAB884074C2E3D735455B
10CD410C878381E126118C1A0E06F788DFEF9C6FFF0D5FFFFFFFFF0007F921F9235FAB884074C2E4D735455B
10CD540C877881E126118C380E03B788DFF49C7FFF0D5FFFFFFFFF0007F921F9235FAB884074D2E5D735455B
10CD450C90CA81E12A118C5E0DFFAB88CFF19C8FFF0D5FFFFFFFFF0007F921F9235FAB884174C2E6D735455B
10CD2A0C9BC281E12E118C6E0DFCD288CFE99C9FFF0D5FFFFFFFFF0007F921F9235FAB884074C2E7D735455B
10CD230C9BA881E12E118C7E0DF91A88CFE89CAFFF0D5FFFFFFFFF0007F921F9235FAB884074C2E8D735455B
10CD490C962B81E123118C960DF4DA88CFED9CBFFF0D5FFFFFFFFF0007F921F9235FAB884074C2E9D735455B
10CD6F0C910381E12E118CA20DEEF588CFF39CCFFF0D5FFFFFFFFF0007F921F9235FAB884074C2EAD735455B
10CD770C8CA981E12A118CA40DE7E988CFFD9CDFFF0D5FFFFFFFFF0007F921F9235FAB884074C2EBD735455B
10CD6F0C89C481E126118CA20DE1D688DFFF9CDFFF0D5FFFFFFFFF0007F921F9235FAB884074C2ECD835455B
10CD550C8A9081E126118C920DDDEF88DFFF9CEFFF0D5FFFFFFFFF0007F921F9235FAB884074C2EDD835455B
10CD3A0C8D2181E132118C860DDF4388DFFF9CFFFF0D5FFFFFFFFF0007F921F9235FAB884074C2EED835455B
10CD2E0C8E7381E126118C6E0DE0E488DFFF9D0FFF0D5FFFFFFFFF0007F921F9235FAB884074D2EFD835455B
10CD2E0C8D4F81E12A118C680DE19A88DFFF9D1FFF0D5FFFFFFFFF0007F921F9235FAB884074C2F0D835455B
10CD3A0C8C5581E126118C760DE08788DFFF9D2FFF0D5FFFFFFFFF0007F921F9235FAB884074C2F1D835455B
10CD3E0C8D2D81E12E118C820DDEA888DFFD9D2FFF0D5FFFFFFFFF0007F921F9235FAB884074C2F2D835455B
10CD410C8F6A81E12A118C920DDCB188CFF39D3FFF0D5FFFFFFFFF0007F921F9235FAB884074C2F3D835455B
10CD3A0C915881E126118CA60DDC8088DFF09D4FFF0D5FFFFFFFFF0007F921F9235FAB884074C2F4D835455B
10CD3E0C921181E12E118CAC0DDF1088CFFA9D4FFF0D5FFFFFFFFF0007F921F9235FAB884074D2F5D835455B
10CD3E0C91CD81E12A118CBE0DE45288CFFF9D4FFF0D5FFFFFFFFF0007F921F9235FAB884074C2F6D835455B
10CD450C918481E12E118CC60DE9F788BFFF9D4FFF0D5FFFFFFFFF0007F921F9235FAB884074D2F7D835455B
10CD450C93E481E12A118CDE0DEF8C88BFFF9D4FFF0D5FFFFFFFFF0007F921F9235FAB884074C2F8D835455B
10CD3E0C985681E126118CF20DF44488BFFE9D4FFF0D5FFFFFFFFF0007F921F9235FAB884074D2F9D835455B
10CD410C993A81E12E118D130DF45C88BFF29D4FFF0D5FFFFFFFFF0007F921F9235FAB884074C2FAD835455B
10CD450C95B381E12A118D3A0DF35588CFF39D4FFF0D5FFFFFFFFF0007F921F9235FAB884074C2FBD835455B
10CD540C925181E126118D560DEFB088BFEC9D4FFF0D5FFFFFFFFF0007F921F9235FAB884074C2FCD835455B
10CD580C913181E126118D5E0DE9B288CFE79D4FFF0D5FFFFFFFFF0007F921F9235FAB884074D2FDD835455B
10CD4D0C911C81E12A118D5A0DE2FA88CFDD9D3FFF0D5FFFFFFFFF0007F921F9235FAB884174C2FED835455B
10CD3E0C8FC381E126118D3F0DDCD888CFDA9D3FFF0D6FFFFFFFFF0007F921F9235FAB884074C2FFD835455B
10CD320C8D7381E12A118D1A0DD74788BFE19D2FFF0D5FFFFFFFFF0007F921F9235FAB884074C200D835455B
10CD2E0C8C5A81E126118CF20DD48288BFE49D2FFF0D5FFFFFFFFF0007F921F9235FAB884074C201D835455B
10CD1F0C8D7C81E126118CCA0DD5A988BFE99D2FFF0D5FFFFFFFFF0007F921F9235FAB884074C202D835455B
10CD0C0C8E7781E12A118CA20DD74B88BFEF9D2FFF0D5FFFFFFFFF0007F921F9235FAB884074C203D835455B
10CCFC0C8E5081E126118C8C0DD7E188AFEB9D1FFF0D5FFFFFFFFF0007F921F9235FAB884074C204D935455B
10CCF90C8DC681E12A118C7E0DD726889FEB9D1FFF0D4FFFFFFFFF0007F921F9235FAB884074D205D935455B
10CCF90C8D0781E126118C7E0DD525889FE39D0FFF0D4FFFFFFFFF0007F921F9235FAB884074C206D935455B
10CCED0C8D3B81E12E118C820DD27A889FE29CFFFF0D5FFFFFFFFF0007F921F9235FAB884074D207D935455B
10CCE90C8D8681E123118C8A0DCFDA88AFE09CFFFF0D5FFFFFFFFF0007F921F9235FAB884074C208D935455B
10CCE60C8BC381E126118C880DCC9C889FE39CEFFF0D5FFFFFFFFF0007F921F9235FAB884074C209D935455B
10CCE20C891C81E126118C820DC88D889FE39CDFFF0D5FFFFFFFFF0007F921F9235FAB884074D20AD935455B
10CCDE0C87C481E12A118C720DC40088AFE49CDFFF0D5FFFFFFFFF0007F921F9235FAB884074D20BD935455B
10CCCF0C88D581E126118C520DC10A88AFE29CCFFF0D5FFFFFFFFF0007F921F9235FAB884074C20CD935455B
10CCBB0C8AA481E123118C360DC09488AFE29CCFFF0D5FFFFFFFFF0007F921F9235FAB884074C20DD935455B
10CCA80C8B3681E12E118C150DC21188AFE39CBFFF0D5FFFFFFFFF0007F921F9235FAB884074C20ED935455B
10CCA50C8AE381E126118C020DC52C88AFE39CBFFF0D4FFFFFFFFF0007F921F9235FAB884074C20FD935455B
10CCA80C8AEF81E123118BF60DC7C288AFE69C9FFF0D5FFFFFFFFF0007F921F9235FAB884074C210D935455B
10CCA80C8B4681E12E118BF60DC81B88AFEC9C9FFF0D5FFFFFFFFF0007F921F9235FAB884074C211D935455B
10CCA40C8AC881E12A118BFE0DC65C88AFE79C8FFF0D5FFFFFFFFF0007F921F9235FAB884074C212D935455B
10CCA80C891A81E126118C0E0DC4B4889FE89C7FFF0D4FFFFFFFFF0007F921F9235FAB884074C213D935455B
10CCA80C878F81E126118C150DC28788AFF59C7FFF0D4FFFFFFFFF0007F921F9235FAB884074C214D935455B
10CC9E0C86C181E12A118C120DBEF2889FFA9C6FFF0D4FFFFFFFFF0007F921F9235FAB884074C215D935455B
10CC950C86DA81E126118BFE0DBA3C889FEE9C5FFF0D4FFFFFFFFF0007F921F9235FAB884074C216D935455B
10CC860C87C681E126118BDA0DB6E088AFDE9C4FFF0D4FFFFFFFFF0007F921F9235FAB884174C217D935455B
10CC7E0C880381E12A118BB20DB5CC88AFDF9C3FFF0D4FFFFFFFFF0007F921F9235FAB884074C218D935455B
10CC7A0C877F81E126118B8A0DB65188AFDF9C2FFF0D5FFFFFFFFF0007F921F9235FAB884074C219D935455B
10CC780C880E81E123118B6A0DB85488AFE29C2FFF0D4FFFFFFFFF0007F921F9235FAB884074C21AD935455B
10CC7A0C898981E12E118B620DBB5388AFED9C1FFF0D4FFFFFFFFF0007F921F9235FAB884074D21BD935455B
10CC730C8A8C81E126118B560DBCF188AFFF9C1FFF0D4FFFFFFFFF0007F921F9235FAB884074C21CDA35455B
10CC730C8AD081E123118B5E0DBC2C88AFFF9C0FFF0D4FFFFFFFFF0007F921F9235FAB884074C21DDA35455B
10CC770C8AE981E12E118B760DB9E188BFFF9BFFFF0D4FFFFFFFFF0007F921F9235FAB884074C21EDA35455B
10CC7F0C8ABC81E126118B860DB7BC88BFFF9BEFFF0D4FFFFFFFFF0007F921F9235FAB884074D21FDA35455B
10CC7E0C8A5A81E12A118B9A0DB5B988AFED9BEFFF0D4FFFFFFFFF0007F921F9235FAB884074C220DA35455B
10CC820C89F281E126118B960DB30688AFE49BDFFF0D4FFFFFFFFF0007F921F9235FAB884074C221DA35455B
10CC7A0C89A781E12A118B910DAFCF889FDD9BCFFF0D4FFFFFFFFF0007F921F9235FAB884074C222DA35455B
10CC7E0C895D81E126118B7A0DAD05889FDA9BBFFF0D4FFFFFFFFF0007F921F9235FAB884074C223DA35455B
10CC770C896681E126118B660DAB90889FE79BBFFF0D4FFFFFFFFF0007F921F9235FAB884074C224DA35455B
10CC740C89AB81E123118B560DAC3288AFF09BAFFF0D5FFFFFFFFF0007F921F9235FAB884074C225DA35455B
10CC770C899481E12E118B460DADD7889FEE9B9FFF0D4FFFFFFFFF0007F921F9235FAB884074C226DA35455B
10CC6F0C895581E123118B420DAEBF889FE89B9FFF0D4FFFFFFFFF0007F921F9235FAB884074C227DA35455B
10CC770C891A81E126118B420DAE12889FE79B8FFF0D4FFFFFFFFF0007F921F9235FAB884074C228DA35455B
10CC730C893481E126118B4E0DACE0889FED9B8FFF0D4FFFFFFFFF0007F921F9235FAB884074C229DA35455B
10CC700C89B681E12A118B560DAB7988AFF09B7FFF0D4FFFFFFFFF0007F921F9235FAB884074C22ADA35455B
10CC670C8A4081E126118B5A0DA9EA889FF09B6FFF0D4FFFFFFFFF0007F921F9235FAB884074C22BDA35455B
10CC670C8A5881E126118B620DA856889FEC9B6FFF0D4FFFFFFFFF0007F921F9235FAB884074C22CDA35455B
10CC6B0C897781E12A118B620DA6E9889FE89B5FFF0D4FFFFFFFFF0007F921F9235FAB884074C22DDA35455B
10CC6F0C884781E126118B620DA529889FE79B5FFF0D4FFFFFFFFF0007F921F9235FAB884074C22EDA35455B
10CC680C87D681E12A118B660DA326889FE49B4FFF0D4FFFFFFFFF0007F921F9235FAB884174C22FDA35455B
10CC670C877D81E11F118B620DA122889FE49B4FFF0D4FFFFFFFFF0007F921F9235FAB884074C230DA35455B
10CC600C86D181E12E118B5A0D9F01889FE39B3FFF0D4FFFFFFFFF0007F921F9235FAB884074D231DA35455B
10CC580C85F781E123118B5E0D9D32888FE39B3FFF0D4FFFFFFFFF0007F921F9235FAB884074C232DA35455B
10CC580C856281E126118B520D9BB1888FE49B2FFF0D4FFFFFFFFF0007F921F9235FAB884074D233DA35455B
10CC500C855181E126118B4E0D9B1C889FE89B1FFF0D4FFFFFFFFF0007F921F9235FAB884074D234DB35455B
10CC3E0C85DE81E12A118B460D9AF8888FE99B1FFF0D4FFFFFFFFF0007F921F9235FAB884074C235DB35455B
10CC390C85B181E126118B420D9A60889FE89B1FFF0D4FFFFFFFFF0007F921F9235FAB884074C236DB35455B
10CC350C84C781E123118B3E0D9959889FE69B1FFF0D4FFFFFFFFF0007F921F9235FAB884074C237DB35455B
10CC350C841681E126118B3E0D97F2888FE89B0FFF0D4FFFFFFFFF0007F921F9235FAB884074C238DB35455B
10CC2A0C847781E126118B3E0D969F889FEC9B0FFF0D4FFFFFFFFF0007F921F9235FAB884074D239DB35455B
10CC220C849281E123118B360D95CA889FEA9B0FFF0D4FFFFFFFFF0007F921F9235FAB884074C23ADB35455B
10CC1C0C83D981E12E118B320D9645889FEA9AFFFF0D4FFFFFFFFF0007F921F9235FAB884074C23BDB35455B
10CC1B0C839E81E123118B2E0D9850889FED9AFFFF0D4FFFFFFFFF0007F921F9235FAB884074C23CDB35455B
10CC0F0C838681E126118B2E0D9AA2889FEF9AFFFF0D4FFFFFFFFF0007F921F9235FAB884074D23DDB35455B
10CC080C82E981E126118B2E0D9BD9889FEB9AEFFF0D5FFFFFFFFF0007F921F9235FAB884074C23EDB35455B
10CC080C828081E123118B3A0D9C66889FEA9AEFFF0D4FFFFFFFFF0007F921F9235FAB884074D23FDB35455B
10CC000C82F981E126118B3E0D9C87888FE79AEFFF0D4FFFFFFFFF0007F921F9235FAB884074D240DB35455B
10CBF60C830D81E126118B420D9B86889FE79AEFFF0D4FFFFFFFFF0007F921F9235FAB884074C241DB35455B
10CBF10C826981E12A118B4E0D99CA889FE99AEFFF0D4FFFFFFFFF0007F921F9235FAB884074C242DB35455B
10CBED0C81E381E11F118B520D97D6889FEC9AEFFF0D4FFFFFFFFF0007F921F9235FAB884074C243DB35455B
10CBED0C813281E12A118B520D956E88AFEF9AEFFF0D4FFFFFFFFF0007F921F9235FAB884074C244DB35455B
10CBE50C806C81E126118B4A0D931388AFEE9AEFFF0D4FFFFFFFFF0007F921F9235FAB884074C245DB35455B
10CBDD0C805681E126118B3E0D925C88AFEB9ADFFF0D4FFFFFFFFF0007F921F9235FAB884174C246DB35455B
10CBD40C817D81E123118B2E0D93D888AFEA9ADFFF0D4FFFFFFFFF0007F921F9235FAB884074C247DB35455B
10CBCA0C833381E126118B2E0D96D988BFEA9ADFFF0D4FFFFFFFFF0007F921F9235FAB884074C248DB35455B
10CBCA0C844C81E126118B2A0D997488AFE99AEFFF0D4FFFFFFFFF0007F921F9235FAB884074C249DB35455B
10CBCA0C845F81E12A118B360D9A2988AFE89ADFFF0D4FFFFFFFFF0007F921F9235FAB884074C24ADB35455B
10CBCE0C848681E126118B420D991988AFE99AEFFF0D4FFFFFFFFF0007F921F9235FAB884074C24BDB35455B
10CBCE0C859381E123118B4E0D976488AFEA9AEFFF0D4FFFFFFFFF0007F921F9235FAB884074C24CDC35455B
10CBD00C869881E126118B5A0D959A88AFEB9AEFFF0D4FFFFFFFFF0007F921F9235FAB884074C24DDC35455B
10CBD20C862781E126118B560D937288AFEF9AEFFF0D4FFFFFFFFF0007F921F9235FAB884074C24EDC35455B
10CBD60C854881E12A118B560D912B889FEF9ADFFF0D4FFFFFFFFF0007F921F9235FAB884074C24FDC35455B
10CBDA0C850281E126118B4E0D90B9889FEE9AEFFF0D4FFFFFFFFF0007F921F9235FAB884074C250DC35455B
10CBDA0C854C81E123118B3E0D9307FFFFFFFFFFFFFFFFFFFFFFFF0007F921F9235FAB8840755351DC35455B
10CBD60C859381E126118B3E0D9686FFFFFFFFFFFFFFFFFFFFFFFF0007F921F9235FAB8840754352DC35455B
10CBD00C856A81E126118B3A0D984FFFFFFFFFFFFFFFFFFFFFFFFF0007F921F9235FAB8840754353DC35455B
10CBCE0C850C81E12A118B4A0D97E7FFFFFFFFFFFFFFFFFFFFFFFF0007F921F9235FAB8840754354DC35455B
10CBCE0C844781E126118B5E0D967FFFFFFFFFFFFFFFFFFFFFFFFF0007F921F9235FAB8840755355DC35455B
10CBCA0C838B81E126118B6E0D960FFFFFFFFFFFFFFFFFFFFFFFFF0007F921F9235FAB8840754356DC35455B
10CBBB0C82C181E12A118B7E0D95DEFFFFFFFFFFFFFFFFFFFFFFFF0007F921F9235FAB8840755357DC35455B
10CBB70C822381E126118B760D937DFFFFFFFFFFFFFFFFFFFFFFFF0007F921F9235FAB8840753358DC35455B
10CBAC0C81C481E123118B6E0D904AFFFFFFFFFFFFFFFFFFFFFFFF0007F921F9235FAB8840754359DC35455B
10CB970C81AE81E126118B560D8D8E9B2FEB9AFFFF0D4FFFFFFFFF0007F921F9235FAB884075335ADC35455B
10CB860C818D81E126118B360D8BDA889FEA9B0FFF0D4FFFFFFFFF0007F921F9235FAB884075235BDC35455B
10CB760C81E881E12A118B1A0D8B52889FE89B0FFF0D4FFFFFFFFF0007F921F9235FAB884075235CDC35455B
10CB630C828681E126118B0E0D8BA188AFE89B0FFF0D5FFFFFFFFF0007F921F9235FAB884075335DDC35455B
10CB580C82AB81E126118AFE0D8C2A88AFEB9B1FFF0D5FFFFFFFFF0007F921F9235FAB884175235EDC35455B
10CB500C82E781E12A118AFE0D8C2B889FED9B1FFF0D4FFFFFFFFF0007F921F9235FAB884075235FDC35455B
10CB480C840B81E126118AFE0D8BA6889FEC9B2FFF0D5FFFFFFFFF0007F921F9235FAB8840752360DC35455B
10CB400C85A081E123118B0E0D8AAB889FE99B2FFF0D4FFFFFFFFF0007F921F9235FAB8840752361DC35455B
10CB350C868381E126118B160D898E889FE69B3FFF0D4FFFFFFFFF0007F921F9235FAB8840752362DC35455B
10CB3D0C868481E126118B220D887C889FE79B3FFF0D4FFFFFFFFF0007F921F9235FAB8840752363DC35455B
10CB410C85F081E12A118B220D86C8889FEA9B3FFF0D4FFFFFFFFF0007F921F9235FAB8840752364DD35455B
10CB410C856A81E126118B220D846F889FEA9B3FFF0D4FFFFFFFFF0007F921F9235FAB8840752365DD35455B
10CB3D0C84FA81E123118B0E0D8209889FED9B5FFF0D4FFFFFFFFF0007F921F9235FAB8840752366DD35455B
10CB390C847181E126118AFE0D80B3889FEE9B5FFF0D4FFFFFFFFF0007F921F9235FAB8840752367DD35455B
10CB300C844781E126118AEE0D80F3889FEF9B5FFF0D4FFFFFFFFF0007F921F9235FAB8840753368DD35455B
10CB260C847E81E12A118AE60D820D889FEE9B5FFF0D5FFFFFFFFF0007F921F9235FAB8840753369DD35455B
10CB1E0C84EB81E11F118AE20D82FC889FF19B6FFF0D4FFFFFFFFF0007F921F9235FAB884075336ADD35455B
10CB1A0C85AD81E12E118AE60D8331888FF39B7FFF0D4FFFFFFFFF0007F921F9235FAB884075236BDD35455B
10CB130C86A081E123118AEE0D830C888FF49B7FFF0D4FFFFFFFFF0007F921F9235FAB884075336CDD35455B
10CB0F0C876081E126118AFA0D8260889FF69B7FFF0D4FFFFFFFFF0007F921F9235FAB884075336DDD35455B
10CB130C87E181E12A118B020D81BE889FF69B8FFF0D4FFFFFFFFF0007F921F9235FAB884075236EDD35455B
10CB170C87F781E11F118B0E0D8146889FF59B9FFF0D4FFFFFFFFF0007F921F9235FAB884075236FDD35455B
10CB160C874081E12E118B160D80B8889FED9B9FFF0D4FFFFFFFFF0007F921F9235FAB8840752370DD35455B
10CB1E0C865481E123118B220D7FFE888FE99BAFFF0D4FFFFFFFFF0007F921F9235FAB8840752371DD35455B
10CB1A0C85F881E126118B2A0D7EF7889FE79BAFFF0D4FFFFFFFFF0007F921F9235FAB8840752372DD35455B
10CB130C85E181E12E118B2A0D7DC1889FDF9BBFFF0D3FFFFFFFFF0007F921F9235FAB8840752373DD35455B
10CB130C85E081E123118B2E0D7CA2889FDD9BCFFF0D3FFFFFFFFF0007F921F9235FAB8840753374DD35455B
10CB130C863B81E126118B320D7AF4889FDF9BDFFF0D3FFFFFFFFF0007F921F9235FAB8840752375DD35455B
10CB070C86AE81E123118B2A0D78D7889FDF9BDFFF0D3FFFFFFFFF0007F921F9235FAB8840752376DD35455B
10CB0B0C86FD81E126118B1E0D771A889FDD9BEFFF0D3FFFFFFFFF0007F921F9235FAB8841752377DD35455B
10CB070C877781E126118B060D74B3889FE59BEFFF0D3FFFFFFFFF0007F921F9235FAB8840752378DD35455B
10CB070C87F881E12A118AF60D7418889FF09BFFFF0D3FFFFFFFFF0007F921F9235FAB8840752379DD35455B
10CB030C870581E126118AEA0D7544889FF59C0FFF0D3FFFFFFFFF0007F921F9235FAB884075237ADD35455B
10CB0B0C866B81E123118AD30D7609888FFE9C0FFF0D3FFFFFFFFF0007F921F9235FAB884075237BDD35455B
10CB0B0C888C81E126118AD20D7ADF888FF69C1FFF0D3FFFFFFFFF0007F921F9235FAB884075237CDE35455B
10CB000C8AC481E12E118AD60D817E888FE89C1FFF0D3FFFFFFFFF0007F921F9235FAB884075337DDE35455B
10CB030C8B0081E123118ADE0D8446889FE49C2FFF0D3FFFFFFFFF0007F921F9235FAB884075237EDE35455B
10CB070C8ABA81E126118AF60D8646889FE79C3FFF0D3FFFFFFFFF0007F921F9235FAB884075337FDE35455B
10CB1A0C8AD881E12E118B120D8978889FEA9C4FFF0D3FFFFFFFFF0007F921F9235FAB8840753380DE35455B
10CB1A0C8B4581E123118B2A0D8995889FEF9C4FFF0D3FFFFFFFFF0007F921F9235FAB8840752381DE35455B
10CB260C8C3081E126118B460D87AF889FFF9C5FFF0D3FFFFFFFFF0007F921F9235FAB8840752382DE35455B
10CB260C8D1F81E12A118B620D86A9889FFF9C6FFF0D3FFFFFFFFF0007F921F9235FAB8840752383DE35455B
10CB2E0C8CE481E126118B760D856F889FFF9C6FFF0D3FFFFFFFFF0007F921F9235FAB8840753384DE35455B
10CB350C8BB881E126118B860D8360889FFF9C7FFF0D3FFFFFFFFF0007F921F9235FAB8840753385DE35455B
10CB410C8BBD81E123118B8A0D8161888FFF9C8FFF0D3FFFFFFFFF0007F921F9235FAB8840752386DE35455B
10CB470C8C4581E126118B8A0D7F5C888FF69C9FFF0D3FFFFFFFFF0007F921F9235FAB8840753387DE35455B
10CB480C8BA681E126118B820D7D0B888FE99C9FFF0D3FFFFFFFFF0007F921F9235FAB8840753388DE35455B
10CB4C0C8ADB81E12A118B820D7C42889FE89CAFFF0D3FFFFFFFFF0007F921F9235FAB8840752389DE35455B
10CB580C8A6581E126118B7A0D7C60889FE89CBFFF0D2FFFFFFFFF0007F921F9235FAB884075238ADE35455B
10CB500C89A881E123118B7A0D7C0F889FE59CCFFF0D3FFFFFFFFF0007F921F9235FAB884075238BDE35455B
10CB540C88F881E12E118B7E0D7B7B888FEC9CCFFF0D3FFFFFFFFF0007F921F9235FAB884075338CDE35455B
10CB540C88C081E126118B820D7A9D889FF69CDFFF0D3FFFFFFFFF0007F921F9235FAB884075238DDE35455B
10CB530C88CB81E123118B8A0D78EB887FF49CEFFF0D3FFFFFFFFF0007F921F9235FAB884075338EDE35455B
10CB500C88C081E126118B920D76DA887FF19CFFFF0D2FFFFFFFFF0007F921F9235FAB884175338FDE35455B
10CB4C0C889781E123118B8A0D752A887FEE9CFFFF0D3FFFFFFFFF0007F921F9235FAB8840752390DE35455B
10CB540C890B81E126118B850D740D887FEA9D0FFF0D3FFFFFFFFF0007F921F9235FAB8840752391DE35455B
10CB500C89B881E126118B860D740C887FE69D1FFF0D3FFFFFFFFF0007F921F9235FAB8840752392DE35455B
10CB540C89FD81E12A118B820D7540887FEE9D2FFF0D3FFFFFFFFF0007F921F9235FAB8840752393DE35455B
10CB580C894E81E126118B820D7634888FF99D3FFF0D3FFFFFFFFF0007F921F9235FAB8840752394DF35455B
10CB5B0C886681E126118B860D75FE888FEF9D3FFF0D3FFFFFFFFF0007F921F9235FAB8840753395DF35455B
10CB5E0C87ED81E123118B8E0D753F888FED9D4FFF0D2FFFFFFFFF0007F921F9235FAB8840752396DF35455B
10CB5F0C87FB81E126118B960D743E888FF19D5FFF0D3FFFFFFFFF0007F921F9235FAB8840752397DF35455B
10CB580C887181E12A118B9D0D7366889FEA9D6FFF0D2FFFFFFFFF0007F921F9235FAB8840752398DF35455B
10CB5F0C88BE81E126118BA20D733F888FED9D6FFF0D2FFFFFFFFF0007F921F9235FAB8840753399DF35455B
10CB5B0C882F81E126118B9E0D7388887FEF9D7FFF0D2FFFFFFFFF0007F921F9235FAB884075239ADF35455B
10CB630C872081E123118BA60D73A6888FF09D9FFF0D2FFFFFFFFF0007F921F9235FAB884075339BDF35455B
10CB670C864F81E126118BAA0D73B1888FF59D9FFF0D2FFFFFFFFF0007F921F9235FAB884075239CDF35455B
10CB690C858381E123118BB60D7362889FF89DAFFF0D3FFFFFFFFF0007F921F9235FAB884075339DDF35455B
10CB670C857681E12E118BBD0D7263889FED9DBFFF0D2FFFFFFFFF0007F921F9235FAB884075239EDF35455B
10CB630C861281E126118BBE0D7131888FDB9DCFFF0D2FFFFFFFFF0007F921F9235FAB884075239FDF35455B
10CB5F0C863F81E123118BC60D6F9C889FC69DCFFF0D2FFFFFFFFF0007F921F9235FAB88407523A0DF35455B
10CB630C85F381E126118BC20D6D9C888FD29DDFFF0D3FFFFFFFFF0007F921F9235FAB88407523A1DF35455B
10CB5F0C85BC81E126118BBE0D6C1F888FE19DEFFF0D2FFFFFFFFF0007F921F9235FAB88407523A2DF35455B
10CB670C855881E12A118BB60D6BF6888FE49DFFFF0D2FFFFFFFFF0007F921F9235FAB88407533A3DF35455B
10CB690C844781E11F118BAA0D6C98888FE39E0FFF0D3FFFFFFFFF0007F921F9235FAB88407523A4DF35455B
10CB6F0C835881E12A118BAD0D6D06888FE69E0FFF0D2FFFFFFFFF0007F921F9235FAB88407523A5DF35455B
10CB670C837881E126118BB20D6D64888FEA9E2FFF0D2FFFFFFFFF0007F921F9235FAB88417523A6DF35455B
10CB670C845981E11F118BB60D6DF0888FE99E3FFF0D2FFFFFFFFF0007F921F9235FAB88407523A7DF35455B
10CB630C846481E12A118BC20D6F0E889FE89E4FFF0D2FFFFFFFFF0007F921F9235FAB88407533A8DF35455B
10CB630C835C81E126118BC20D6FC1888FEC9E5FFF0D2FFFFFFFFF0007F921F9235FAB88407523A9DF35455B
10CB670C81DE81E126118BD20D6F40888FEC9E5FFF0D2FFFFFFFFF0007F921F9235FAB88407523AADF35455B
10CB6D0C823781E123118BDD0D6E1E889FEB9E6FFF0D2FFFFFFFFF0007F921F9235FAB88407523ABDF35455B
10CB670C846A81E126118BE60D6CF7889FED9E7FFF0D2FFFFFFFFF0007F921F9235FAB88407523ACE035455B
10CB630C84E481E12A118BEA0D6B80889FED9E8FFF0D2FFFFFFFFF0007F921F9235FAB88407523ADE035455B
10CB670C82D281E126118BEE0D69BC889FEA9E9FFF0D2FFFFFFFFF0007F921F9235FAB88407523AEE035455B
10CB720C812181E11F118BE60D67DC889FE79E8FFF0D2FFFFFFFFF0007F921F9235FAB88407523AFE035455B
10CB760C817D81E12A118BE60D6650888FE59EAFFF0D2FFFFFFFFF0007F921F9235FAB88407523B0E035455B
10CB6F0C825381E126118BD90D6525888FE79EBFFF0D2FFFFFFFFF0007F921F9235FAB88407523B1E035455B
10CB660C822C81E123118BD20D6435888FEA9ECFFF0D2FFFFFFFFF0007F921F9235FAB88407533B2E035455B
10CB6F0C813C81E126118BCE0D63E4888FEB9EDFFF0D2FFFFFFFFF0007F921F9235FAB88407533B3E035455B
10CB760C804881E126118BCE0D6416887FF29EEFFF0D2FFFFFFFFF0007F921F9235FAB88407523B4E035455B
10CB720C800181E12A118BCA0D641A887FFD9EEFFF0D2FFFFFFFFF0007F921F9235FAB88407533B5E035455B
10CB720C809981E126118BCE0D63D5887FFB9EFFFF0D2FFFFFFFFF0007F921F9235FAB88407523B6E035455B
10CB720C811A81E11F118BD20D6374887FE99F0FFF0D2FFFFFFFFF0007F921F9235FAB88407533B7E035455B
10CB6F0C80B181E12A118BD50D6318887FFA9F1FFF0D2FFFFFFFFF0007F921F9235FAB88407533B8E035455B
10CB790C7F9C81E126118BD20D62E7887FFF9F2FFF0D2FFFFFFFFF0007F921F9235FAB88407533B9E035455B
10CB7A0C7EBF81E123118BDA0D62E8887FFF9F3FFF0D2FFFFFFFFF0007F921F9235FAB88407523BAE035455B
10CB7E0C7EC381E126118BDA0D629C886FF49F3FFF0D2FFFFFFFFF0007F921F9235FAB88407523BBE035455B
10CB760C7F7D81E126118BDE0D6247886FEB9F4FFF0D2FFFFFFFFF0007F921F9235FAB88407533BCE035455B
10CB7A0C7FA581E123118BE20D6296887FEC9F5FFF0D2FFFFFFFFF0007F921F9235FAB88407533BDE035455B
10CB7A0C7EED81E126118BE50D6327886FF29F6FFF0D2FFFFFFFFF0007F921F9235FAB88417523BEE035455B
10CB820C7E5181E126118BEE0D6377886FF09F7FFF0D2FFFFFFFFF0007F921F9235FAB88407523BFE035455B
10CB840C7ECE81E12A118BF20D6431886FEB9F8FFF0D2FFFFFFFFF0007F921F9235FAB88407523C0E035455B
10CB820C7F0481E126118BFA0D6553887FED9F9FFF0D2FFFFFFFFF0007F921F9235FAB88407533C1E035455B
10CB860C7DCF81E123118BFE0D6666887FF09F9FFF0D2FFFFFFFFF0007F921F9235FAB88407523C2E035455B
10CB890C7CD681E126118C0E0D677E887FF09FAFFF0D2FFFFFFFFF0007F921F9235FAB88407533C3E035455B
10CB8D0C7DA281E126118C150D684D887FEF9FBFFF0D2FFFFFFFFF0007F921F9235FAB88407523C4E135455B
10CB890C7E8A81E123118C260D6810887FEC9FBFFF0D2FFFFFFFFF0007F921F9235FAB88407533C5E135455B
10CB890C7E4781E126118C2E0D671A886FEB9FCFFF0D3FFFFFFFFF0007F921F9235FAB88407533C6E135455B
10CB8F0C7D4381E123118C3A0D65E6886FE69FDFFF0D2FFFFFFFFF0007F921F9235FAB88407533C7E135455B
10CB950C7C1D81E126118C420D64EE885FE49FEFFF0D2FFFFFFFFF0007F921F9235FAB88407533C8E135455B
10CB990C7B7181E126118C420D645F885FE79FFFFF0D1FFFFFFFFF0007F921F9235FAB88407523C9E135455B
10CB950C7C2D81E12A118C4C0D6422885FE99FFFFF0D1FFFFFFFFF0007F921F9235FAB88407523CAE135455B
10CB990C7CE081E126118C4A0D63A5885FEAA00FFF0D1FFFFFFFFF0007F921F9235FAB88407523CBE135455B
10CB950C7C1A81E126118C560D62AD885FEBA01FFF0D2FFFFFFFFF0007F921F9235FAB88407523CCE135455B
10CB9B0C7AA081E123118C5A0D616F885FEBA02FFF0D2FFFFFFFFF0007F921F9235FAB88407523CDE135455B
10CBA00C79D281E126118C5A0D604A885FEAA02FFF0D1FFFFFFFFF0007F921F9235FAB88407533CEE135455B
10CB9C0C79F781E123118C600D5F3C886FE9A03FFF0D1FFFFFFFFF0007F921F9235FAB88407533CFE135455B
10CB990C7A3481E126118C5E0D5E05886FE7A04FFF0D1FFFFFFFFF0007F921F9235FAB88407523D0E135455B
10CB950C79D981E126118C5E0D5CAA885FE9A05FFF0D1FFFFFFFFF0007F921F9235FAB88407523D1E135455B
10CB9C0C78C681E123118C560D5AF4886FECA05FFF0D1FFFFFFFFF0007F921F9235FAB88407523D2E135455B
10CB990C75D981E126118C560D5871886FEBA07FFF0D1FFFFFFFFF0007F921F9235FAB88407523D3E135455B
10CB970C6EE381E11F118C520D5638886FE9A07FFF0D1FFFFFFFFF0007F921F9235FAB88407533D4E135455B
10CBA00C66D281E123118C540D5616886FE7A08FFF0D2FFFFFFFFF0007F921F9235FAB88407523D5E135455B
10CB910C611681E11F118C460D5648886FE6A08FFF0D2FFFFFFFFF0007F921F9235FAB88417533D6E135455B
10CB6F0C60AC81E123118C360D5700887FE7A09FFF0D2FFFFFFFFF0007F921F9235FAB88407533D7E135455B
10CB350C64A281E11F118C060D5651887FE9A0AFFF0D2FFFFFFFFF0007F921F9235FAB884074C3D8E135455B
10CAE10C6BD681E11F118BCA0D545C886FEBA0AFFF0D3FFFFFFFFF0007F921F9235FAB884074C3D9E135455B
10CA850C76B281E123118B6A0D543B885FEEA0BFFF0D3FFFFFFFFF0007F921F9235FAB884074C2DAE135455B
10CA3D0C7E3581E11F118B060D551C885FEEA0CFFF0D2FFFFFFFFF0007F921F9235FAB884074C2DBE135455B
10CA2A0C7DAD81E11B118AAA0D5915885FEDA0DFFF0D2FFFFFFFFF0007F921F9235FAB884074E2DCE235455B
10CA480C86F481E11F118A720D75E5884FEAA0EFFF0D2FFFFFFFFF0007F921F9235FAB884074C2DDE235455B
10CA670C933481E126118A560DA716885FE7A0EFFF0D2FFFFFFFFF0007F921F9235FAB884074C2DEE235455B
10CA630C935E81E12A118A4A0E8F4E885FE8A0FFFF0D2FFFFFFFFF0007F921F9235FAB884074E2DFE235455B
10CA480C892781E117118A4E0F29EE884FE9A10FFF0D1FFFFFFFFF0007F921F9235FAB884074C2E0E235455B
10CA390C801881E0EB118A5A0F1223884FE8A11FFF0D1FFFFFFFFF0007F921F9235FAB884074C2E1E235455B
10CA130C835081E132118A5A0EDB0B885FEAA11FFF0D3FFFFFFFFF0007F921F9235FAB884074C2E2E235455B
10C9CE0C8B0881E126118A2E0ECF7A885FECA12FFF0D3FFFFFFFFF0007F921F9235FAB884074C2E3E235455B
10C9570CA9BC81E1321189CF0EFA50885FD1A13FFF0D3FFFFFFFFF0007F921F9235FAB884074C2E4E235455B
10C8EC0D1F3D81E12E1189590F2275886FC7A14FFF0D2FFFFFFFFF0007F921F9235FAB884074C2E5E235455B
10C8E10D33E481E12611890B0F406F886FDEA15FFF0D1FFFFFFFFF0007F921F9235FAB884074C2E6E235455B
10C9440D097081E12A1189030F28F4885FEDA15FFF0D0FFFFFFFFF0007F921F9235FAB884074C2E7E235455B
10C9E10CED0281E12611895B0EFC3D884FD2A15FFF0D1FFFFFFFFF0007F921F9235FAB884074C2E8E235455B
10CA450CE20881E11F1189E20EB8C2884FC9A16FFF0D2FFFFFFFFF0007F921F9235FAB884074D2E9E235455B
10CA310CE5CC81E11B118A660E85B8884FCDA16FFF0D2FFFFFFFFF0007F921F9235FAB884074C2EAE235455B
10C9BB0CF00C81E126118AC60E6D2A883FD5A16FFF0D2FFFFFFFFF0007F921F9235FAB884074E2EBE235455B
10C9310CFCA781E123118AEA0E686D883FDDA16FFF0D1FFFFFFFFF0007F921F9235FAB884074C2ECE235455B
10C8EC0CF3AE81E126118ACE0E5DF4883FE5A15FFF0D0FFFFFFFFF0007F921F9235FAB884074C2EDE235455B
10C9160CDA0681E117118A9E0E4774883FECA15FFF0D0FFFFFFFFF0007F921F9235FAB884074C2EEE235455B
10C9760CC84D81E11B118A620E2D89883FEDA14FFF0D0FFFFFFFFF0007F921F9235FAB874174C2EFE235455B
10C9BB0CC2A881E117118A160E1B66883FEAA12FFF0D1FFFFFFFFF0007F921F9235FAB874074C2F0E235455B
10C9A00CC6FB81E11F1189DC0E1199883FEAA11FFF0D2FFFFFFFFF0007F921F9235FAB874074E2F1E235455B
10C9390CCE2D81E11B11897B0E1A6F884FE8A0FFFF0D2FFFFFFFFF0007F921F9235FAB874074C2F2E235455B
10C8B70CD76181E1171189130E3A12883FEAA0DFFF0D1FFFFFFFFF0007F921F9235FAB874074C2F3E235455B
10C8630CD98181E1231188B70E5B3C883FECA0AFFF0D0FFFFFFFFF0007F921F9235FAB874074C2F4E335455B
10C86E0CC7A081E12611887F0E6A36884FEDA07FFF0D0FFFFFFFFF0007F921F9235FAB874074C2F5E335455B
10C8C60CB24881E11F1188770E658D884FEBA04FFF0D0FFFFFFFFF0007F921F9235FAB874074C2F6E335455B
10C9350CA55381E11B1188AB0E4F1B884FE7A01FFF0D0FFFFFFFFF0007F921F9235FAB874074E2F7E335455B
10C9760CA03881E11F1188EF0E3390883FE89FDFFF0D1FFFFFFFFF0007F921F9235FAB874074D2F8E335455B
10C9670CA37481E1231189330E19EC884FEF9FAFFF0D2FFFFFFFFF0007F921F9235FAB874074D2F9E335455B
10C9220CAEA981E12611895F0E0A45883FF49F5FFF0D2FFFFFFFFF0007F921F9235FAB874074C2FAE335455B
10C8D50CC5FD81E12611897B0E084E884FF09F0FFF0D1FFFFFFFFF0007F921F9235FAB874074E2FBE335455B
10C8C90CCE5981E12A1189770E111C883FED9EBFFF0D1FFFFFFFFF0007F921F9235FAB874074E2FCE335455B
10C9030CC09381E1261189730E1741884FF69E7FFF0D0FFFFFFFFF0007F921F9235FAB874074C2FDE335455B
10C97A0CB24F81E12E11897F0E14AE884FFB9E1FFF0D0FFFFFFFFF0007F921F9235FAB874074E2FEE335455B
10C9E10CA87481E12311899B0E0B79884FF59DCFFF0D1FFFFFFFFF0007F921F9235FAB874074E2FFE335455B
10CA0B0CA29F81E11F1189BF0DFF12882FEF9D7FFF0D1FFFFFFFFF0007F921F9235FAB874074D200E335455B
10C9F80CA20281E1231189D60DF448883FEB9D1FFF0D1FFFFFFFFF0007F921F9235FAB874074E201E335455B
10C9C60CA3CA81E11F1189F60DEC85883FEA9CCFFF0D1FFFFFFFFF0007F921F9235FAB874074C202E335455B
10C9A40CA35381E11F1189FC0DE693883FEE9C6FFF0D1FFFFFFFFF0007F921F9235FAB874074C203E335455B
10C9AB0C9F3881E11B1189EA0DE0AC883FEC9C0FFF0D0FFFFFFFFF0007F921F9235FAB874074C204E335455B
10C9CA0C99EC81E11F1189DA0DD9B0883FE49BBFFF0D1FFFFFFFFF0007F921F9235FAB874074E205E335455B
10C9F40C95B281E1171189B30DD2C5883FE19B6FFF0D1FFFFFFFFF0007F921F9235FAB874174C206E335455B
10CA000C93D781E11B1189870DCE08882FDC9B0FFF0D1FFFFFFFFF0007F921F9235FAB874074E207E335455B
10C9F40C959881E11F1189530DCBB2881FD39AAFFF0D1FFFFFFFFF0007F921F9235FAB874074C208E335455B
10C9D90C98FF81E11411890F0DCD22881FE09A5FFF0D0FFFFFFFFF0007F921F9235FAB874074C209E335455B
10C9C00C99E181E11F1188D70DD2B3882FE59A0FFF0D0FFFFFFFFF0007F921F9235FAB874074C20AE335455B
10C9BF0C955481E11F1188970DDB6A882FE799AFFF0D0FFFFFFFFF0007F921F9235FAB874074E20BE335455B
10C9CE0C8DDC81E11B11886B0DE0CC882FEA995FFF0D0FFFFFFFFF0007F921F9235FAB874074C20CE435455B
10C9EC0C862981E12611884B0DE08B882FE6990FFF0D0FFFFFFFFF0007F921F9235FAB874074C20DE435455B
10CA030C80EE81E11B1188430DDE28882FE798BFFF0D0FFFFFFFFF0007F921F9235FAB874074C20EE435455B
10CA0F0C809481E1261188470DDBDE882FE8987FFF0D1FFFFFFFFF0007F921F9235FAB874074E20FE435455B
10CA0F0C848881E11F11884F0DDB12883FE7982FFF0D1FFFFFFFFF0007F921F9235FAB874074C210E435455B
10CA0F0C883B81E12A11885B0DDEC4883FEE97EFFF0D0FFFFFFFFF0007F921F9235FAB874074E211E435455B
10CA2A0C88BC81E12611886B0DE58E882FEE97AFFF0D0FFFFFFFFF0007F921F9235FAB874074C212E435455B
10CA440C863681E12611887F0DEBBE882FE5976FFF0D0FFFFFFFFF0007F921F9235FAB874074D213E435455B
10CA6E0C822B81E12311889F0DED67882FC8972FFF0D0FFFFFFFFF0007F921F9235FAB874074E214E435455B
10CA910C7E4781E1261188CF0DE745882FC696EFFF0D0FFFFFFFFF0007F921F9235FAB874074D215E435455B
10CAAC0C7BA781E1231188FF0DDC3D882FCD96AFFF0D0FFFFFFFFF0007F921F9235FAB874074C216E435455B
10CAB70C7A7B81E12611892F0DD178881FDC967FFF0D0FFFFFFFFF0007F921F9235FAB874074C217E435455B
10CAAF0C7A5481E11F11895B0DCA2B881FE8963FFF0D0FFFFFFFFF0007F921F9235FAB874074C218E435455B
10CAAF0C79D681E1231189730DC534881FEA960FFF0D0FFFFFFFFF0007F921F9235FAB874074C219E435455B
10CAA80C77D681E11F1189730DC1A4882FE595DFFF0D0FFFFFFFFF0007F921F9235FAB874074C21AE435455B
10CAA80C754381E11F1189730DBF08882FFF95AFFF0D0FFFFFFFFF0007F921F9235FAB874074E21BE435455B
10CAA80C72CA81E11411896D0DBCC9882FFF958FFF0D0FFFFFFFFF0007F921F9235FAB874074C21CE435455B
10CA9C0C710981E11F11895F0DBA8F882FFF955FFF0D0FFFFFFFFF0007F921F9235FAB874074C21DE435455B
10CA890C6FF881E11B11893B0DB87A881FFF952FFF0D0FFFFFFFFF0007F921F9235FAB874174C21EE435455B
10CA6E0C6FC681E11711890B0DB700881FFF950FFF0D0FFFFFFFFF0007F921F9235FAB874074C21FE435455B
10CA500C6FC081E1171188DB0DB560881FFF94EFFF0D0FFFFFFFFF0007F921F9235FAB874074C220E435455B
10CA350C6F4F81E11B11889F0DB34F881FFF94CFFF0D0FFFFFFFFF0007F921F9235FAB874074E221E435455B
10CA1E0C6E6381E11F11885B0DB228881FFF949FFF0D0FFFFFFFFF0007F921F9235FAB874074E222E435455B
10CA030C6D4381E11B1188270DB19A881FFF947FFF0D0FFFFFFFFF0007F921F9235FAB874074E223E435455B
10CA000C6C0881E1171187F00DB1A3881FF8946FFF0D0FFFFFFFFF0007F921F9235FAB874074E224E535455B
10C9F40C6B0D81E11F1187C40DB3F1881FDE943FFF0D0FFFFFFFFF0007F921F9235FAB874074E225E535455B
10C9EC0C6ACF81E11B1187940DB87D881FD8942FFF0D0FFFFFFFFF0007F921F9235FAB874074C226E535455B
10C9EC0C6A8381E1261187780DBEA0881FD9940FFF0D1FFFFFFFFF0007F921F9235FAB874074D227E535455B
10C9F40C68DE81E1261187640DC522880FE093FFFF0D0FFFFFFFFF0007F921F9235FAB874074C228E535455B
10CA070C665B81E1231187600DC98F880FE493DFFF0D0FFFFFFFFF0007F921F9235FAB874074C229E535455B
10CA1B0C63E781E11F1187680DCB5D880FE193CFFF0CFFFFFFFFFF0007F921F9235FAB874074C22AE535455B
10CA310C627E81E12A11878C0DCD21881FE193BFFF0D0FFFFFFFFF0007F921F9235FAB874074C22BE535455B
10CA440C620E81E11F1187B80DCBC2882FE293AFFF0D0FFFFFFFFF0007F921F9235FAB874074D22CE535455B
10CA4C0C627681E1261187EC0DC83F882FE3938FFF0D0FFFFFFFFF0007F921F9235FAB874074C22DE535455B
10CA570C629581E12311881F0DC332881FE3937FFF0CFFFFFFFFFF0007F921F9235FAB874074C22EE535455B
10CA630C618B81E1261188530DBC24882FF1936FFF0CFFFFFFFFFF0007F921F9235FAB874074C22FE535455B
10CA720C5FBE81E11F11888B0DB44A882FF5935FFF0D0FFFFFFFFF0007F921F9235FAB874074E230E535455B
10CA810C5DDA81E1231188D30DAD9D882FF1934FFF0D0FFFFFFFFF0007F921F9235FAB874074A231E535455B
10CA850C5C6D81E11F1189230DA859882FF2933FFF0D0FFFFFFFFF0007F921F9235FAB874074E232E535455B
10CA850C5BFE81E11B11897B0DA54C882FEF932FFF0D0FFFFFFFFF0007F921F9235FAB874074E233E535455B
10CA810C5CB481E1171189BB0DA447882FEC931FFF0D0FFFFFFFFF0007F921F9235FAB874074C234E535455B
10CA760C5E9D81E11F1189EA0DA5FA881FED930FFF0D0FFFFFFFFF0007F921F9235FAB874074C235E535455B
10CA6E0C60F781E1141189F60DA7CF882FFF92FFFF0D0FFFFFFFFF0007F921F9235FAB884174A236E535455B
10CA5F0C635181E11F1189D30DABE0881FFF92FFFF0D0FFFFFFFFF0007F921F9235FAB884074E237E535455B
10CA480C664381E12611899B0DBD6E887FFF92EFFF0D1FFFFFFFFF0007F921F9235FAB884074D238E535455B
10CA3D0C84C181E11411896F0DEEEA90CFFF92DFFF0D2FFFFFFFFF0007F921F9235FAB884074C239E535455B
10CA4C0CA8A681E11F11893F0B7F4FA58FFF92DFFF0D3FFFFFFFFF0007F921F9235FAB884074B23AE535455B
10CB6F0CF3AE81E12A118B22072156BBAFFF92CFFF0FBFFFFFFFFF0007F921F9235FAB884074C23BE535455B
10CF660E2BBC81E117119587047B71CCCFFF92DFFF14EFFFFFFFFF0007F921F9235FAB884075023CE635455B
10E19E0F34A381E12611B449080871D8AFFF92CFFF169FFFFFFFFF0007F921F9235FAB884075023DE635455B
110C1B0F2E4B81E13211F0671064BFDCCFFF92CFFF168FFFFFFFFF0007F921F9235FAB884075223EE635455B
1138D50F0AEC81E12E121ABC13235FCEBFFF92BFFF8EDFFFFFFFFF0007F921F9235FAB884075223FE635455B
11573E0FC45481E14812349806510CB16FFF92BFFFF22FFFFFFFFF0007F921F9235FAB8840752240E635455B
1169EA1036FA81E13C1244010081A1A61FFF92BFFFFFFFFFFFFFFF0007F921F9235FAB8840752241E635455B
11752A112BDA81E14B124C42000000A81FFF92BFFFFC7FFFFFFFFF0007F921F9235FAB8840752242E635455B
117BD411A35D81E1571250F40000009F5FFF92AFFFF83FFFFFFFFF0007F921F9235FAB8840752243E635455B
117FCD12A5AF81E15A1253AA0000008F0FFF92AFFFF78FFFFFFFFF0007F921F9235FAB8840752244E635455B
11824D14ED8B81E15A125532000000845FFF92AFFFF7EFFFFFFFFF0007F921F9235FAB8840752245E635455B
1183E315B00581E16512561D000000810FFF929FFFF81FFFFFFFFF0007F921F9235FAB8840752246E635455B
1184F2160E2481E1691256D2000000837FFF929FFFF83FFFFFFFFF0007F921F9235FAB8840752247E635455B
11859A16ED3A81E16D125736169BC6868FFF929FFFF83FFFFFFFFF0007F921F9235FAB8840752248E635455B
11860517644781E17812576823D2DC8A0FFF929FFFF84FFFFFFFFF0007F921F9235FAB8840752249E635455B
11864E17A51C81E17012579A25CC228A0FFF929FFFF85FFFFFFFFF0007F921F9235FAB884075224AE635455B
11868517BF8381E1831257C825CBC5800FF8928FFFF85FFFFFFFFF0007F921F9235FAB884075224BE635455B
1186B917D34C81E17F1257E525CEA9744FE3927FFFF86FFFFFFFFF0007F921F9235FAB884075224CE635455B
1186E817EA1681E18A12580225D3F26A4FDA926FFFF80FFFFFFFFF0007F921F9235FAB884075224DE635455B
11871017E44B81E18E12580B25D40E615FD8924FFFF65FFFFFFFFF0007F921F9235FAB884075224EE635455B
11872C17E41F81E18E12582425DF615BBFD6922FFFF5AFFFFFFFFF0007F921F9235FAB874175224FE635455B
11874017F6E981E19912583825E80D575FD591EFFFF5BFFFFFFFFF0007F921F9235FAB8740752250E635455B
11874017FE6E81E19512584D25EBE5533FD691AFFFF5CFFFFFFFFF0007F921F9235FAB8740752251E635455B
11875418018881E1A012586725EDD44E7FD7916FFFF54FFFFFFFFF0007F921F9235FAB8740752252E635455B
11875C18047081E1A412588C25EEB34ADFD8911FFFF41FFFFFFFFF0007F921F9235FAB8740752253E635455B
11876418065781E1AB1258A525EF8D474FD790BFFFF3CFFFFFFFFF0007F921F9235FAB8740752254E735455B
11876818073E81E1A01258B725F075439FD5905FFFF3CFFFFFFFFF0007F921F9235FAB8740752255E735455B
11876418078481E1B31258BA25F0B4461FD38FFFFFF3EFFFFFFFFF0007FA21F9235FAB8740752256E735455B
1187641807C081E1AF1258BA25F0D24A8FD38F9FFFF33FFFFFFFFF0007FB21F9235FAB8740752257E735455B
1187681807BC81E1BA1258BE25F0C04A0FD38F2FFFF27FFFFFFFFF0007FB21F9235FAB8740752258E735455B
11876C18078E81E1B31258C325F14C490FD18ECFFFF24FFFFFFFFF0007FB21F9235FAB8740752259E735455B
11876C18083D81E1BE1258CA25F246498FD18E6FFFF25FFFFFFFFF0007FB21F9235FAB874075225AE735455B
11876818094981E1C11258CA25F32849DFD38E0FFFF26FFFFFFFFF0007FB21F9235FAB874075225BE735455B
11876C1809DC81E1BE1258BB25F42F4C9FD38DAFFFF1CFFFFFFFFF0007FB21F9235FAB874075225CE735455B
1187601809E481E1C11258A125F4F650EFD38D4FFFF14FFFFFFFFF0007FB21F9235FAB874075225DE735455B
11875C180A0881E1D012589025F4ED523FD38CFFFFF12FFFFFFFFF0007FB21F9235FAB874075225EE735455B
118758180A2581E1BE12588525F467503FD18CAFFFF13FFFFFFFFF0007FB21F9235FAB874075225FE735455B
118754180A6181E1D012588325F4C34F4FD18C5FFFF14FFFFFFFFF0007FB21F9235FAB8740752260E735455B
118764180A7681E1CD12588C25F54F501FD28C1FFFF14FFFFFFFFF0007FB21F9235FAB8740752261E735455B
118770180A7881E1D812589C25F5664EAFD28BCFFFF14FFFFFFFFF0007FB21F9235FAB8740752262E735455B
118770180A7881E1D412589925F5664B6FD28B9FFFF14FFFFFFFFF0007FB21F9235FAB8740752263E735455B
118770180A6781E1D812589425F53948FFD28B5FFFF15FFFFFFFFF0007FB21F9235FAB8740752264E735455B
11876C180A9381E1D812589025F557461FD28B2FFFF14FFFFFFFFF0007FB21F9235FAB8740752265E735455B
11875C180AC081E1DB12588525F56D42FFD28AFFFFF14FFFFFFFFF0007FB21F9235FAB8841752266E735455B
118750180ADA81E1E612587325F53B3F0FD18ACFFFF15FFFFFFFFF0007FB21F9235FAB8840752267E735455B
11874C180AF581E1DB12585A25F51D3A5FD18AAFFFF14FFFFFFFFF0007FB21F9235FAB8840752268E735455B
118744180B0C81E1E612585625F52C364FD18A8FFFF15FFFFFFFFF0007FB21F9235FAB8840752269E735455B
118740180B1281E1E612585625F58032DFD18A7FFFF15FFFFFFFFF0007FB21F9235FAB884075226AE735455B
11873F180B0181E1EA12586225F5CE2FFFD18A5FFFF15FFFFFFFFF0007FB21F9235FAB884075226BE735455B
118740180AEF81E1E612586325F5E42DAFCF8A3FFFF15FFFFFFFFF0007FB21F9235FAB884075226CE835455B
118748180AF781E1F212586F25F5BA2BDFCC8A2FFFAE9FFFFFFFFF0007FB21F9235FAB884075226DE835455B
118750180AEB81E1EE12587725F59E2A4FCB8A1FFF306FFFFFFFFF0007FB21F9235FAB884075226EE835455B
118750180B0781E1FD12586B25F5A0292FCB8A0FFF0B8FFFFFFFFF0007FB21F9235FAB884075226FE835455B
118754180B2A81E1F912586625F576287FCA89FFFF0F4FFFFFFFFF0007FB21F9235FAB8840752270E835455B
118758180B1D81E20412586625F54027DFC889EFFF14EFFFFFFFFF0007FB21F9235FAB8840752271E835455B
118758180B1A81E20012585F25F52C275FCB89DFFF162FFFFFFFFF0007FB21F9235FAB8840752272E835455B
11875C180B2881E20B12585125F523270FCC89CFFF15BFFFFFFFFF0007FB21F9235FAB8840752273E835455B
11876C180B4581E20812583825F54226CFCE89BFFF155FFFFFFFFF0007FB21F9235FAB8840752274E835455B
118774180B4181E20B12582025F53E26AFCF89AFFF152FFFFFFFFF0007FB21F9235FAB8840752275E835455B
118778180B4981E21A12582425F534267FCE899FFF151FFFFFFFFF0007FB21F9235FAB8840752276E835455B
11877C180B5A81E21712581B25F52C265FCE898FFF150FFFFFFFFF0007FB21F9235FAB8840752277E835455B
118774180B5981E21A12582825F530262FCF897FFF150FFFFFFFFF0007FB21F9235FAB8840752278E835455B
118778180B7181E22512583D25F51825FFCF895FFF14FFFFFFFFFF0007FB21F9235FAB8840752279E835455B
11876C180B7181E22912584925F51025EFD0892FFF14EFFFFFFFFF0007FB21F9235FAB884075227AE835455B
11876C180B7781E22D12586A25F51C25EFD188FFFF14DFFFFFFFFF0007FB21F9235FAB884075227BE835455B
11876C180B9681E23812588025F52E25EFD188DFFF14DFFFFFFFFF0007FB21F9235FAB884075227CE835455B
118764180BA381E23812589025F51D25DFD1889FFF14DFFFFFFFFF0007FB21F9235FAB884075227DE835455B
118778180B9981E23B1258A925F4F825CFD0887FFF14CFFFFFFFFF0007FB21F9235FAB884175227EE835455B
118784180BAD81E2461258BB25F50125BFCF883FFF14CFFFFFFFFF0007FB21F9235FAB884075227FE835455B
118790180BC281E24A1258C225F4DA25AFCF880FFF14CFFFFFFFFF0007FB21F9235FAB8840752280E835455B
118798180BCE81E2461258C625F4A425AFCF87EFFF14BFFFFFFFFF0007FB21F9235FAB8840752281E835455B
118798180BAC81E2591258C825F4AA25AFCF879FFF14CFFFFFFFFF0007FB21F9235FAB8840752282E835455B
11879C180B8281E2551258C625F4C425AFCF876FFF14CFFFFFFFFF0007FB21F9235FAB8840752283E835455B
118798180B5C81E25D1258C625F4BE25BFD0873FFF14BFFFFFFFFF0007FB21F9235FAB8840752284E935455B
11878C180B6F81E2681258CA25F49D25CFD1870FFF14BFFFFFFFFF0007FB21F9235FAB8840752285E935455B
118790180BBB81E2641258D025F4A325AFD086DFFF14BFFFFFFFFF0007FB21F9235FAB8840752286E935455B
11878C180BD481E26F1258CE25F4BB25AFCD869FFF14BFFFFFFFFF0007FB21F9235FAB8840752287E935455B
11878C180BA581E2731258C625F4B5259FCC866FFF14BFFFFFFFFF0007FB21F9235FAB8840752288E935455B
11878C180B9C81E26F1258D025F490258FCB862FFF14BFFFFFFFFF0007FB21F9235FAB8840752289E935455B
11878C180BD581E27A1258D725F45F25AFCD85FFFF14BFFFFFFFFF0007FB21F9235FAB884075228AE935455B
11878C180BE281E27A1258E325F43825AFCF85BFFF14AFFFFFFFFF0007FB21F9235FAB884075228BE935455B
118788180BC981E2851258ED25F40C259FD1858FFF14BFFFFFFFFF0007FB21F9235FAB884075228CE935455B
118784180BC081E2891258F425F3E9258FD1855FFF14BFFFFFFFFF0007FB21F9235FAB884075228DE935455B
11877C180BCC81E28D12590025F3C7257FD0851FFF14AFFFFFFFFF0007FB21F9235FAB884075228EE935455B
118774180BCC81E29012590D25F392257FD084EFFF14AFFFFFFFFF0007FB21F9235FAB884075228FE935455B
11876C180BB781E28D12591725F34F257FD184AFFF14BFFFFFFFFF0007FB21F9235FAB8840752290E935455B
118764180BAB81E29812591925F307258FD2847FFF14BFFFFFFFFF0007FB21F9235FAB8840752291E935455B
118760180B9E81E29812592225F2B0259FD3845FFF14AFFFFFFFFF0007FB21F9235FAB8840752292E935455B
118764180B8981E29B12592825F23225CFD4842FFF14AFFFFFFFFF0007FB21F9235FAB8840752293E935455B
118760180B7C81E2A712592E25F188260FD383FFFF14AFFFFFFFFF0007FB21F9235FAB8840752294E935455B
118768180B6881E2AA12593725F03F261FD183DFFF14AFFFFFFFFF0007FB21F9235FAB8840752295E935455B
118770180B6C81E29F12593B25EE00262FD183AFFF14AFFFFFFFFF0007FB21F9235FAB8741752296E935455B
11876F180B5681E2AA12593425EAD126AFD1837FFF14AFFFFFFFFF0007FB21F9235FAB8740752297E935455B
118778180B3181E2A712593B25E785279FD1835FFF14AFFFFFFFFF0007FB21F9235FAB8740752298E935455B
118778180B0681E2AA12593B25E4A0286FD1832FFF14AFFFFFFFFF0007FB21F9235FAB8740752299E935455B
118764180AD281E2A712593925E1FC28DFD1830FFF14AFFFFFFFFF0007FB21F9235FAB874075229AE935455B
118748180A8781E2A712593725E15228CFD182EFFF14AFFFFFFFFF0007FB21F9235FAB874075229BE935455B
11872C180A3981E29B1258FC25E1E528AFD182CFFF14AFFFFFFFFF0007FB21F9235FAB874075229CEA35455B
1187141809F981E29F12588325E1A8286FD182AFFF14AFFFFFFFFF0007FB21F9235FAB874075229DEA35455B
1186F81809CE81E2A31257D925E12F27FFD2828FFF14AFFFFFFFFF0007FB21F9235FAB874075229EEA35455B
1186E01809A681E29812574725E0CC277FD3827FFF14AFFFFFFFFF0007FB21F9235FAB874075229FEA35455B
1186C818096781E29B1256E225E094273FD2824FFF14AFFFFFFFFF0007FB21F9235FAB87407522A0EA35455B
1186B518091D81E2981256A025E048275FD1821FFF14AFFFFFFFFF0007FB21F9235FAB87407522A1EA35455B
1186B51808FD81E29B12566A25DFF2274FD281EFFF149FFFFFFFFF0007FB21F9235FAB87407522A2EA35455B
1186B11808FE81E29F12563625DF8F272FD381CFFF149FFFFFFFFF0007FB21F9235FAB87407522A3EA35455B
1186B518090F81E29812560E25DF2E26FFD4819FFF14AFFFFFFFFF0007FB21F9235FAB87407522A4EA35455B
1186BD18093081E29B1255E725DEDC27DFD4817FFF149FFFFFFFFF0007FB21F9235FAB87407522A5EA35455B
1186C418098581E2981255D025DE742E1FD4814FFF149FFFFFFFFF0007FB21F9235FAB87407522A6EA35455B
1186D01809BE81E29B1255AF25DE1239BFD4810FFF149FFFFFFFFF0007FB21F9235FAB87407522A7EA35455B
1186D81809DA81E29812559B25DDB33CDFD480EFFF149FFFFFFFFF0007FB21F9235FAB87407522A8EA35455B
1186DC1809E381E29B12558D25DD5438EFD380BFFF14AFFFFFFFFF0007FB21F9235FAB87407522A9EA35455B
1186DC1809FC81E29812558225DCE834AFD2809FFF149FFFFFFFFF0007FB21F9235FAB87407522AAEA35455B
1186DC180A2F81E29B12557D25DC7E390FD2806FFF14AFFFFFFFFF0007FB21F9235FAB87407522ABEA35455B
1186E8180A4C81E29012557625DC384BDFD3803FFF149FFFFFFFFF0007FB21F9235FAB87407522ACEA35455B
1186F0180A5681E29812557825DC08641FD3801FFF149FFFFFFFFF0007FB21F9235FAB87407522ADEA35455B
1186F2180A4681E29412557425DBFE6BBFD47FFFFF149FFFFFFFFF0007FB21F9235FAB87417522AEEA35455B
1186F8180A4181E29812557E25DC0B601FD47FDFFF149FFFFFFFFF0007FB21F9235FAB87407522AFEA35455B
118704180A3581E2941255A625DC2950CFD47FBFFF149FFFFFFFFF0007FB21F9235FAB87407522B0EA35455B
118708180A4181E2981255EB25DC444D8FD47F9FFF149FFFFFFFFF0007FB21F9235FAB87407522B1EA35455B
118710180A4B81E29412564425DC7F540FD37F7FFF149FFFFFFFFF0007FB21F9235FAB87407522B2EA35455B
118718180A5481E29812569625DCB850DFD27F5FFF149FFFFFFFFF0007FB21F9235FAB87407522B3EA35455B
11871C180A6381E29B1256EB25DCF247BFCF7F3FFF149FFFFFFFFF0007FB21F9235FAB87407522B4EB35455B
118728180A7881E29012572525DD353EAFCD7F2FFF149FFFFFFFFF0007FB21F9235FAB87407522B5EB35455B
118728180A7581E29812576425DD1F37EFCE7F0FFF149FFFFFFFFF0007FB21F9235FAB87407522B6EB35455B
11872C180A7B81E29B12578925DC96339FCF7EFFFF149FFFFFFFFF0007FB21F9235FAB87407522B7EB35455B
11872C180A7E81E2981257A725DE06FFFFFFFFFFFFFFFFFFFFFFFF0007FB21F9235FAB87407583B8EB35455B
118730180A9281E2941257BB25E032FFFFFFFFFFFFFFFFFFFFFFFF0007FB21F9235FAB87407583B9EB35455B
118720180ACA81E29F1257C825E34CFFFFFFFFFFFFFFFFFFFFFFFF0007FB21F9235FAB87407593BAEB35455B
118714180BA081E2941257D425E83FFFFFFFFFFFFFFFFFFFFFFFFF0007FB21F9235FAB87407583BBEB35455B
1186EC180C3C81E29F1257CC25EA23FFFFFFFFFFFFFFFFFFFFFFFF0007FB21F9235FAB87407583BCEB35455B
1186B9180C8281E29B12579225ED1AFFFFFFFFFFFFFFFFFFFFFFFF0007FB21F9235FAB87407583BDEB35455B
118691180B7981E29F12576825F4BDFFFFFFFFFFFFFFFFFFFFFFFF0007FB21F9235FAB87407583BEEB35455B
118661180D3281E29812574A25F92FFFFFFFFFFFFFFFFFFFFFFFFF0007FB21F9235FAB87407583BFEB35455B
118639180E5C81E2A312574725FB85FFFFFFFFFFFFFFFFFFFFFFFF0007FB21F9235FAB87407583C0EB35455B
118631180EAF81E29812575325FD3677AFCF7E1FFF148FFFFFFFFF0007FB21F9235FAB87407573C1EB35455B
118651180ED981E2A312576025FD4C2AAFCF7DFFFF148FFFFFFFFF0007FB21F9235FAB87407563C2EB35455B
11866A180EAC81E29F12574F25FD26347FD17DCFFF149FFFFFFFFF0007FB21F9235FAB87407563C3EB35455B
118699180E4D81E2A312573E25FDB1379FCF7DBFFF149FFFFFFFFF0007FB21F9235FAB87407563C4EB35455B
1186B1180E3A81E29F12574325FD8B343FCD7D9FFF149FFFFFFFFF0007FB21F9235FAB87407553C5EB35455B
1186AD180E9181E2A712574725FCAA300FCD7D7FFF149FFFFFFFFF0007FB21F9235FAB87407563C6EB35455B
1186A5180E6281E2A312574625FCB32D1FCF7D5FFF149FFFFFFFFF0007FB21F9235FAB87417573C7EB35455B
11868D180E6E81E2A712574B25FC4F2B3FD17D4FFF147FFFFFFFFF0007FB21F9235FAB87407573C8EB35455B
118689180EC981E2A312574F25FC952A1FD07D1FFF148FFFFFFFFF0007FB21F9235FAB87407563C9EB35455B
118689180EE381E2A712574625FC04295FCE7CEFFF149FFFFFFFFF0007FB21F9235FAB87407563CAEB35455B
118681180EDD81E2A312572125FCFD289FCE7CCFFF149FFFFFFFFF0007FB21F9235FAB87407563CBEB35455B
118665180EC981E2A712571425FDDA27FFCF7CCFFF148FFFFFFFFF0007FB21F9235FAB87407563CCEC35455B
118651180EBD81E2A312570425FE43276FD17CAFFF147FFFFFFFFF0007FB21F9235FAB87407563CDEC35455B
118641180EA381E2A712570425FE45271FD37C7FFF148FFFFFFFFF0007FB21F9235FAB87407563CEEC35455B
118631180E9C81E2A71256FF25FE1C26FFD37C5FFF148FFFFFFFFF0007FB21F9235FAB87407563CFEC35455B
118635180EA281E2A31256F825FE2026AFD27C2FFF149FFFFFFFFF0007FB21F9235FAB87407563D0EC35455B
118645180EA681E2A71256EB25FE31268FD27C0FFF148FFFFFFFFF0007FB21F9235FAB87407563D1EC35455B
11864D180E9E81E2AA1256E625FE0F269FD17BDFFF148FFFFFFFFF0007FB21F9235FAB87407573D2EC35455B
118656180E9381E29F1256D225FE4826CFD07BAFFF149FFFFFFFFF0007FB21F9235FAB87407563D3EC35455B
118665180E8581E2AA1256D125FE5326BFD07B7FFF149FFFFFFFFF0007FB21F9235FAB87407563D4EC35455B
118685180E7F81E29F1256D625FE0F26AFD17B5FFF148FFFFFFFFF0007FB21F9235FAB87407563D5EC35455B
11869D180E7481E2A31256DA25FE7C268FD37B2FFF148FFFFFFFFF0007FB21F9235FAB87407573D6EC35455B
1186B9180E6B81E2A71256F225FEBE265FD37B0FFF148FFFFFFFFF0007FB21F9235FAB87407563D7EC35455B
1186C1180E6F81E29F12572125FEE2262FD37ADFFF148FFFFFFFFF0007FB21F9235FAB87407573D8EC35455B
1186D0180E6C81E2A312572525FEF225FFD27ABFFF149FFFFFFFFF0007FB21F9235FAB87407563D9EC35455B
1186D4180E6981E29F12572D25FF2625DFD17AAFFF148FFFFFFFFF0007FB21F9235FAB87407563DAEC35455B
1186CC180E6281E2A312575C25FF5325BFD27A9FFF148FFFFFFFFF0007FB21F9235FAB87407553DBEC35455B
1186C8180E6F81E29F12578D25FF7025BFD47A7FFF148FFFFFFFFF0007FB21F9235FAB87407563DCEC35455B
1186B5180E7D81E29B1257CC25FFAE259FD47A6FFF148FFFFFFFFF0007FB21F9235FAB87407563DDEC35455B
118691180E6881E2981257F225FFD6259FD37A5FFF149FFFFFFFFF0007FB21F9235FAB87417563DEEC35455B
11867D180E6381E29B12581C25FFFF258FD27A4FFF148FFFFFFFFF0007FB21F9235FAB87407563DFEC35455B
118671180E7181E29F12584526002D257FD17A3FFF148FFFFFFFFF0007FB21F9235FAB87407563E0EC35455B
118675180E7981E29812585A26005D257FCF7A2FFF148FFFFFFFFF0007FB21F9235FAB87407563E1EC35455B
118671180E7F81E29412585B260089258FCF7A2FFF148FFFFFFFFF0007FB21F9235FAB87407563E2EC35455B
11868D180E7081E29812584926009D25CFCF7A1FFF148FFFFFFFFF0007FB21F9235FAB87407563E3EC35455B
1186AA180E5981E29412584D260097262FCD7A1FFF148FFFFFFFFF0007FB21F9235FAB87407563E4ED35455B
1186D0180E5081E29812585A26009A272FCC7A1FFF148FFFFFFFFF0007FB21F9235FAB87407563E5ED35455B
1186F4180E6F81E2941258632600A62A5FCF7A1FFF148FFFFFFFFF0007FB21F9235FAB87407563E6ED35455B
118710180E7781E2901258772600B32B6FD17A1FFF148FFFFFFFFF0007FB21F9235FAB87407563E7ED35455B
11871C180E8281E2941258982600D72AAFD17A1FFF148FFFFFFFFF0007FB21F9235FAB87407563E8ED35455B
118724180E8981E2891258B72600FF2ABFD17A1FFF148FFFFFFFFF0007FB21F9235FAB87407563E9ED35455B
11872C180EA481E2901258CA2601192B6FD27A2FFF148FFFFFFFFF0007FB21F9235FAB87407563EAED35455B
118734180EDD81E28D1258D32601342B2FD37A2FFF148FFFFFFFFF0007FB21F9235FAB87407563EBED35455B
118730180F0181E2901258E92600DE2ACFD47A2FFF148FFFFFFFFF0007FB21F9235FAB87407563ECED35455B
118728180F0181E28D1259002600642A9FD47A3FFF148FFFFFFFFF0007FB21F9235FAB87407563EDED35455B
11870C180EFD81E28912592A2600C52CEFD37A3FFF148FFFFFFFFF0007FB21F9235FAB87407563EEED35455B
1186E4180F2781E28D1259472601672E4FD57A3FFF148FFFFFFFFF0007FB21F9235FAB87407573EFED35455B
1186D8180F3981E2891259782601E42DEFD57A4FFF148FFFFFFFFF0007FB21F9235FAB87407563F0ED35455B
1186CC180F4681E29012599F2602222CEFD67A4FFF148FFFFFFFFF0007FB21F9235FAB87407573F1ED35455B
1186D0180F4F81E2851259B02602382C0FD67A5FFF147FFFFFFFFF0007FB21F9235FAB87407563F2ED35455B
1186DC180F6181E2891259A626023E2BAFD57A5FFF147FFFFFFFFF0007FB21F9235FAB87407573F3ED35455B
1186C8180F6681E28512598A26024A2C0FF67A5FFF147FFFFFFFFF0007FB21F9235FAB87407563F4ED35455B
1186B9180F6F81E28912597E2602502C3FFF7A5FFF148FFFFFFFFF0007FB21F9235FAB87407573F5ED35455B
1186BD180F7E81E2851259922602542C0FFF7A5FFF148FFFFFFFFF0007FB21F9235FAB87417573F6ED35455B
1186C1180F8581E28912599526025F2BBFFF7A6FFF147FFFFFFFFF0007FB21F9235FAB87407563F7ED35455B
1186B9180F9C81E28D12599F2602592BAFFF7A6FFF147FFFFFFFFF0007FB21F9235FAB87407563F8ED35455B
1186B9180FBE81E2891259A72602502BBFFF7A6FFF147FFFFFFFFF0007FB21F9235FAB87407563F9ED35455B
1186C2180FB881E2891259922602632BFFFF7A5FFF147FFFFFFFFF0007FB21F9235FAB87407563FAED35455B
1186C8180FBB81E28D12598026025B2C6FFF7A5FFF147FFFFFFFFF0007FB21F9235FAB87407563FBED35455B
1186DC180FCA81E2891259152602382CBFFF7A5FFF147FFFFFFFFF0007FB21F9235FAB87407573FCEE35455B
1186E8180FDA81E2851258B52601F12D0FFF7A4FFF147FFFFFFFFF0007FB21F9235FAB87407573FDEE35455B
1186EC180FEF81E2901258632601A92D1FF07A3FFF147FFFFFFFFF0007FB21F9235FAB87407563FEEE35455B
1186EC18100D81E28512582C2601942CEFE27A2FFF147FFFFFFFFF0007FB21F9235FAB87407563FFEE35455B
1186E418101981E29012580F26016F2C8FDC7A1FFF147FFFFFFFFF0007FB21F9235FAB8740757300EE35455B
1186E418102781E28D1258182601392BFFDB7A0FFF147FFFFFFFFF0007FB21F9235FAB8740756301EE35455B
1186E018102B81E28912581326010E2B6FD97A0FFF147FFFFFFFFF0007FB21F9235FAB8740756302EE35455B
1186E018102F81E2901258062600FE2B1FD979FFFF147FFFFFFFFF0007FB21F9235FAB8740757303EE35455B
1186E418104181E28D1257FE26013F2B2FD779EFFF148FFFFFFFFF0007FB21F9235FAB8740757304EE35455B
1186E418104281E2901258062601602B7FD779DFFF147FFFFFFFFF0007FB21F9235FAB8740757305EE35455B
1186E018105681E28D12580B2601532B8FD679CFFF147FFFFFFFFF0007FB21F9235FAB8740757306EE35455B
1186EC18105D81E29012581826016B2B9FD479BFFF147FFFFFFFFF0007FB21F9235FAB8740757307EE35455B
1186F818106581E28D1258282601812C0FD179BFFF147FFFFFFFFF0007FB21F9235FAB8740757308EE35455B
11870018104681E29812582826018F2C8FD079AFFF147FFFFFFFFF0007FB21F9235FAB8740756309EE35455B
1186FC18103781E29012582D2601A32CAFD0799FFF147FFFFFFFFF0007FB21F9235FAB874075730AEE35455B
1186EC18106781E29412583D2601B82CAFD1799FFF147FFFFFFFFF0007FB21F9235FAB874075630BEE35455B
1186DC18107C81E2901258412601B52CEFD2798FFF147FFFFFFFFF0007FB21F9235FAB874075730CEE35455B
1186CC18107981E2941258412601AB2D3FD3797FFF147FFFFFFFFF0007FB21F9235FAB874075730DEE35455B
1186C418105B81E29012585B2601B22D0FD4796FFF147FFFFFFFFF0007FB21F9235FAB874175630EEE35455B
1186AE18104D81E29412586F2601D32C2FD4796FFF146FFFFFFFFF0007FB21F9235FAB874075730FEE35455B
1186A918106181E29812587B2601F22B8FD3795FFF147FFFFFFFFF0007FB21F9235FAB8740757310EE35455B
1186A118107081E2941258892601F12B4FD3794FFF146FFFFFFFFF0007FB21F9235FAB8740756311EE35455B
11869D18107681E29812589C26020F2B6FD3792FFF147FFFFFFFFF0007FB21F9235FAB8740757312EE35455B
11869918107481E2981258A92602292B6FD3791FFF147FFFFFFFFF0007FB21F9235FAB8740756313EE35455B
1186A118104581E29B1258AE2602322B8FD2790FFF147FFFFFFFFF0007FB21F9235FAB8740757314EF35455B
11869D180F9D81E2981258AD2602222B8FD178EFFF147FFFFFFFFF0007FB21F9235FAB8740757315EF35455B
118699180F7C81E2941258B126022E2BAFD178DFFF147FFFFFFFFF0007FB21F9235FAB8740756316EF35455B
1186A1180FE481E2981258BF26022F2BAFD178CFFF147FFFFFFFFF0007FB21F9235FAB8740757317EF35455B
1186A518103A81E29B1258CA2602382B8FD178AFFF147FFFFFFFFF0007FB21F9235FAB8740757318EF35455B
1186A118105081E29F1258C226023C2B1FD1788FFF146FFFFFFFFF0007FB21F9235FAB8740756319EF35455B
11869518101C81E29B1258C22602242A8FD1785FFF146FFFFFFFFF0007FB21F9235FAB874075731AEF35455B
11869118103381E2981258BF26022729DFCE783FFF147FFFFFFFFF0007FB21F9235FAB874075731BEF35455B
11868518103581E29F1258AD26022D298FCC781FFF147FFFFFFFFF0007FB21F9235FAB874075631CEF35455B
118669180FEB81E29B12589C26022B29AFCE77FFFF147FFFFFFFFF0007FB21F9235FAB874075731DEF35455B
11866518102281E29F12589926024D299FD177EFFF146FFFFFFFFF0007FB21F9235FAB874075731EEF35455B
11868918102381E29B1258A9260264297FD377AFFF146FFFFFFFFF0007FB21F9235FAB874075731FEF35455B
1186A618100F81E29F1258B526027B293FD3779FFF147FFFFFFFFF0007FB21F9235FAB8740757320EF35455B
1186C418104481E2A31258B326026A291FD3776FFF147FFFFFFFFF0007FB21F9235FAB8740756321EF35455B
1186C818106781E29F1258C2260253291FD1774FFF146FFFFFFFFF0007FB21F9235FAB8740757322EF35455B
1186CC18106D81E2A31258DF260269293FD0772FFF146FFFFFFFFF0007FB21F9235FAB8740757323EF35455B
1186D018106481E29F1258E5260277299FD0770FFF146FFFFFFFFF0007FB21F9235FAB8740757324EF35455B
1186D418105981E2A712590026029429EFCF76DFFF146FFFFFFFFF0007FB21F9235FAB8740756325EF35455B
1186D818106381E2A31259192602BC29EFCC76BFFF146FFFFFFFFF0007FB21F9235FAB8740756326EF35455B
1186D818105781E2A71259322602B329EFCD769FFF146FFFFFFFFF0007FB21F9235FAB8740757327EF35455B
1186E018103D81E2A312593D2602DC2A0FCF767FFF146FFFFFFFFF0007FB21F9235FAB8741757328EF35455B
1186E418104281E2A712593B2603102A1FD1765FFF146FFFFFFFFF0007FB21F9235FAB8740757329EF35455B
1186F018104281E2AA12593726030B29EFD2763FFF146FFFFFFFFF0007FB21F9235FAB874075732AEF35455B
11870018107A81E2A71259302602FD29CFD3761FFF146FFFFFFFFF0007FB21F9235FAB874075732BEF35455B
11870C18109681E2AA12592A2602F6298FD375FFFF146FFFFFFFFF0007FB21F9235FAB874075732CF035455B
1187101810B181E2A712592E2602E6297FD375DFFF146FFFFFFFFF0007FB21F9235FAB874075632DF035455B
1187141810BD81E2AE1259192602F029AFD275BFFF146FFFFFFFFF0007FB21F9235FAB874075732EF035455B
1187241810C381E2A312590F2602FF296FD2759FFF146FFFFFFFFF0007FB21F9235FAB874075732FF035455B
11873C1810C081E2AE1259222602FE290FD1757FFF146FFFFFFFFF0007FB21F9235FAB8740757330F035455B
1187541810CB81E2AA12593226030128DFCD756FFF146FFFFFFFFF0007FB21F9235FAB8740756331F035455B
1187741810DF81E2AE12593D2602FD28DFC7754FFF146FFFFFFFFF0007FB21F9235FAB8740757332F035455B
1187741810ED81E2B212593B26030A288FC5752FFF146FFFFFFFFF0007FB21F9235FAB8740757333F035455B
11876C1810F481E2AE12594326030C280FC8751FFF146FFFFFFFFF0007FB21F9235FAB8740756334F035455B
1187501810F681E2B212595026031B27DFCC750FFF146FFFFFFFFF0007FB21F9235FAB8740757335F035455B
11873C1810F681E2AE12595A26031727FFCF74FFFF146FFFFFFFFF0007FB21F9235FAB8740757336F035455B
11872C1810F181E2AE12594B260316280FCF74EFFF146FFFFFFFFF0007FB21F9235FAB8740757337F035455B
1187301810E881E2B212595026031B280FCF74DFFF146FFFFFFFFF0007FB21F9235FAB8740757338F035455B
1187201810E581E2B512593B26030B27FFCF74CFFF146FFFFFFFFF0007FB21F9235FAB8740756339F035455B
1187131810E981E2B212592426030327DFD074BFFF145FFFFFFFFF0007FB21F9235FAB874075733AF035455B
1187001810E781E2B51259152602F127AFD274AFFF146FFFFFFFFF0007FB21F9235FAB874075733BF035455B
1187001810E981E2B21259152602E3274FD3749FFF145FFFFFFFFF0007FB21F9235FAB874075733CF035455B
1187081810E281E2AE1259062602E3270FD4749FFF146FFFFFFFFF0007FB21F9235FAB874075733DF035455B
1187181810E881E2B212590D2602FB26EFD4748FFF146FFFFFFFFF0007FB21F9235FAB874175733EF035455B
1187201810EF81E2B512591526031D26EFD3748FFF145FFFFFFFFF0007FB21F9235FAB874075733FF035455B
1187241810F481E2BD125915260314270FD2747FFF145FFFFFFFFF0007FB21F9235FAB8740757340F035455B
1187241810F681E2B2125913260320275FD3746FFF146FFFFFFFFF0007FB21F9235FAB8740757341F035455B
1187201810F281E2B512591526032127CFD5746FFF146FFFFFFFFF0007FB21F9235FAB8740757342F035455B
11870C1810F081E2B212591926031727BFD6745FFF146FFFFFFFFF0007FB21F9235FAB8740757343F035455B
1186FC1810E481E2B5125920260316273FD6745FFF145FFFFFFFFF0007FB21F9235FAB8740757344F135455B
1186F01810DB81E2B912593226032226AFD5744FFF145FFFFFFFFF0007FB21F9235FAB8740757345F135455B
1186EC1810D281E2B5125943260341266FD4744FFF146FFFFFFFFF0007FB21F9235FAB8740757346F135455B
1186E81810D381E2B2125975260369266FD4743FFF146FFFFFFFFF0007FB21F9235FAB8740757347F135455B
1186E81810D581E2B51259B62603A3266FD4742FFF145FFFFFFFFF0007FB21F9235FAB8740757348F135455B
1186E41810D581E2B51259CD2603CB266FD3742FFF145FFFFFFFFF0007FB21F9235FAB8740757349F135455B
1186D41810D881E2A31259D12603A726AFD3741FFF146FFFFFFFFF0007FB21F9235FAB874075734AF135455B
1186E01810E281E2BD1259D026038A26FFD3741FFF146FFFFFFFFF0007FB21F9235FAB874075734BF135455B
1187141810F681E2B91259CD2603A726EFD2741FFF145FFFFFFFFF0007FB21F9235FAB874075734CF135455B
11874818111081E2B51259D12603CB26BFD1740FFF145FFFFFFFFF0007FB21F9235FAB874075734DF135455B
11877418112B81E2C81259B82603BB267FD0740FFF145FFFFFFFFF0007FB21F9235FAB874075734EF135455B
11879C18113E81E2BD1259952603AA264FCF740FFF145FFFFFFFFF0007FB21F9235FAB874075734FF135455B
1187B418114F81E2C8125950260382260FCE740FFF145FFFFFFFFF0007FB21F9235FAB8740757350F135455B
1187C418115781E2D31258E326033925DFCE740FFF145FFFFFFFFF0007FB21F9235FAB8740757351F135455B
1187B818115881E2D31258882602F825DFCD73FFFF145FFFFFFFFF0007FB21F9235FAB8740757352F135455B
1187B418115881E2CF12587C2602C425BFCD73FFFF145FFFFFFFFF0007FB21F9235FAB8740756353F135455B
1187AC18115081E2DA1258942602C325AFCC73FFFF145FFFFFFFFF0007FB21F9235FAB8740757354F135455B
1187A818115181E2DE1258C62602F6259FCC73FFFF145FFFFFFFFF0007FB21F9235FAB8740756355F135455B
1187A818114E81E2DA12590B260324259FCC73FFFF145FFFFFFFFF0007FB21F9235FAB8741757356F135455B
1187B418114A81E2E512594326036425AFCE73FFFF145FFFFFFFFF0007FB21F9235FAB8740756357F135455B
1187BC18115881E2E212596026038E25AFCE73FFFF145FFFFFFFFF0007FB21F9235FAB8740757358F135455B
1187E018116A81E2DE12596D260391257FCD73EFFF144FFFFFFFFF0007FB21F9235FAB8740757359F135455B
11880418118381E2E912596F260387258FCB73EFFF145FFFFFFFFF0007FB21F9235FAB874075735AF135455B
11881018119381E2ED12597926038D25BFCA73EFFF145FFFFFFFFF0007FB21F9235FAB874075635BF135455B
11881718119981E2F012595426039525AFCA73DFFF145FFFFFFFFF0007FB21F9235FAB874075735CF235455B
11880018119581E2F0125930260378259FCA73DFFF145FFFFFFFFF0007FB21F9235FAB874075735DF235455B
1187E418118881E2FC12590026034B257FCB73CFFF145FFFFFFFFF0007FB21F9235FAB874075735EF235455B
1187B418117081E2F81258BA260307257FCC73CFFF146FFFFFFFFF0007FB21F9235FAB874075635FF235455B
11879418116481E2FC1258902602EC256FCB73CFFF146FFFFFFFFF0007FB21F9235FAB8740757360F235455B
11877418115781E3071258802602D1254FCA73CFFF145FFFFFFFFF0007FB21F9235FAB8740757361F235455B
11874B18114781E30312587B2602BB252FCB73BFFF145FFFFFFFFF0007FB21F9235FAB8740757362F235455B
11872418113281E3071258662602A8253FCB73BFFF145FFFFFFFFF0007FB21F9235FAB8740757363F235455B
11870018112081E30A12583D2602B3255FC973AFFF145FFFFFFFFF0007FB21F9235FAB8740757364F235455B
1186E418110C81E30E1258282602A3257FC973AFFF145FFFFFFFFF0007FB21F9235FAB8740757365F235455B
1186BD1810FE81E31212581B26026925AFCA739FFF145FFFFFFFFF0007FB21F9235FAB8740757366F235455B
1186A11810F281E315125807260264259FCB739FFF145FFFFFFFFF0007FB21F9235FAB8740757367F235455B
11868D1810E781E3191257F226027D256FC9739FFF145FFFFFFFFF0007FB21F9235FAB8740757368F235455B
11867D1810E981E31D1257D926025B255FC7738FFF145FFFFFFFFF0007FB21F9235FAB8740757369F235455B
1186711810E281E3241257B7260227253FC7738FFF145FFFFFFFFF0007FB21F9235FAB874075736AF235455B
1186651810E081E3201257BB260215253FC7738FFF144FFFFFFFFF0007FB21F9235FAB874075736BF235455B
1186491810D781E3241257D0260225253FC8738FFF145FFFFFFFFF0007FB21F9235FAB874075736CF235455B
1186491810D581E3281257E5260234253FC9737FFF145FFFFFFFFF0007FB21F9235FAB874075736DF235455B
1186511810DD81E32C1257F626023A253FC9737FFF145FFFFFFFFF0007FB21F9235FAB874175736EF235455B
11865D1810E081E32F1257FA260251253FC9736FFF144FFFFFFFFF0007FB21F9235FAB874075636FF235455B
1186651810E881E3331257F2260264255FC9736FFF145FFFFFFFFF0007FB21F9235FAB8740757370F235455B
1186691810EE81E32F1257F2260254257FC9736FFF144FFFFFFFFF0007FB21F9235FAB8740757371F235455B
11866D1810EC81E3421257ED260242256FCA736FFF145FFFFFFFFF0007FB21F9235FAB8740757372F235455B
11866A1810EB81E3371257EE260243255FCB736FFF145FFFFFFFFF0007FB21F9235FAB8740757373F235455B
1186651810EE81E33A1257F226024E255FCB735FFF144FFFFFFFFF0007FB21F9235FAB8740757374F335455B
1186611810EC81E33E1257F2260254255FCB735FFF144FFFFFFFFF0007FB21F9235FAB8740757375F335455B
11867D1810F381E3421257F226025F254FCA734FFF145FFFFFFFFF0007FB21F9235FAB8740757376F335455B
1186951810FE81E3451257ED26025F253FC7734FFF145FFFFFFFFF0007FB21F9235FAB8740757377F335455B
1186A518110481E3491257F6260252254FC7734FFF145FFFFFFFFF0007FB21F9235FAB8740757378F335455B
1186A918110E81E3491257FA260249256FC8734FFF144FFFFFFFFF0007FB21F9235FAB8740757379F335455B
1186AD18110D81E34D1257E9260260257FC6733FFF144FFFFFFFFF0007FB21F9235FAB874075737AF335455B
1186B918111481E3511257E5260270256FC6733FFF144FFFFFFFFF0007FB21F9235FAB874075737BF335455B
1186B518111781E34D1257E5260257256FC8733FFF145FFFFFFFFF0007FB21F9235FAB874075737CF335455B
1186C418111781E3581257ED260250258FCA733FFF144FFFFFFFFF0007FB21F9235FAB874075737DF335455B
1186B518111281E3541257F626026F25BFCC733FFF145FFFFFFFFF0007FB21F9235FAB874075737EF335455B
1186B918111581E35812580B26028C25CFCC733FFF144FFFFFFFFF0007FB21F9235FAB874075737FF335455B
1186B518111781E35C12581726028E25BFCC732FFF145FFFFFFFFF0007FB21F9235FAB8740757380F335455B
1186B518111381E35F12581B260263258FCC732FFF145FFFFFFFFF0007FB21F9235FAB8740757381F335455B
1186B918111581E35C125820260265256FCC732FFF144FFFFFFFFF0007FB21F9235FAB8740757382F335455B
11869D18110E81E35F125824260282256FCD732FFF144FFFFFFFFF0007FB21F9235FAB8740757383F335455B
11868A18110381E36312583826028C256FCD731FFF144FFFFFFFFF0007FB21F9235FAB8740757384F335455B
1186691810FC81E35F125856260298258FCE731FFF144FFFFFFFFF0007FB21F9235FAB8740757385F335455B
1186551810F781E36A1258512602BE25AFCE731FFF145FFFFFFFFF0007FB21F9235FAB8740757386F335455B
1186551810F981E36712586A2602DB25AFCD730FFF144FFFFFFFFF0007FB21F9235FAB8741757387F335455B
11865D1810F781E36A1258912602DA258FCA72FFFF144FFFFFFFFF0007FB21F9235FAB8740757388F335455B
1186551810F681E36E1258AD2602E7259FC172FFFF144FFFFFFFFF0007FB21F9235FAB8740757389F335455B
1186651810F681E36E1258BA26030A25BFBD72EFFF145FFFFFFFFF0007FB21F9235FAB874075838AF335455B
1186791810FE81E3721258B726031625BFC172EFFF144FFFFFFFFF0007FB21F9235FAB874075738BF335455B
1186B918111981E36E1258C226030E25AFC672EFFF144FFFFFFFFF0007FB21F9235FAB874075738CF435455B
1186E018112E81E3721258A52602E0259FC772EFFF144FFFFFFFFF0007FB21F9235FAB874075738DF435455B
1186CC18112E81E37D1258802602EA259FC872DFFF144FFFFFFFFF0007FB21F9235FAB874075738EF435455B
1186A918111C81E379125862260307258FCA72DFFF144FFFFFFFFF0007FB21F9235FAB874075738FF435455B
11869918111281E3761258512602F2257FC872CFFF144FFFFFFFFF0007FB21F9235FAB8740757390F435455B
11869518111181E3801258522602D1255FC672CFFF145FFFFFFFFF0007FB21F9235FAB8740757391F435455B
1186A118111181E37D1258732602D4253FC572BFFF144FFFFFFFFF0007FB21F9235FAB8740757392F435455B
11869D18110D81E3801258902602F8252FC572BFFF145FFFFFFFFF0007FB21F9235FAB8740757393F435455B
11869218110C81E3841258A526030C252FC672BFFF145FFFFFFFFF0007FB21F9235FAB8740757394F435455B
11868118110881E3881258AA260313252FC872AFFF144FFFFFFFFF0007FB21F9235FAB8740757395F435455B
11867518110681E38C1258A9260316253FC972AFFF144FFFFFFFFF0007FB21F9235FAB8740756396F435455B
11866918110281E3881258B526033C254FCA72AFFF144FFFFFFFFF0007FB21F9235FAB8740756397F435455B
11865D1810FC81E38C1258BF260344253FC9729FFF145FFFFFFFFF0007FB21F9235FAB8740757398F435455B
1186551810F781E3971258C2260326251FC9729FFF144FFFFFFFFF0007FB21F9235FAB8740757399F435455B
11864D1810F181E3931258BA26032C251FC9729FFF144FFFFFFFFF0007FB21F9235FAB874075739AF435455B
1186551810FC81E38F1258B326032F251FCA728FFF144FFFFFFFFF0007FB21F9235FAB874075739BF435455B
1186551810FD81E3A21258AD260337250FC9728FFF144FFFFFFFFF0007FB21F9235FAB874075739CF435455B
11864D1810FB81E39712589C26032B24FFC9727FFF144FFFFFFFFF0007FB21F9235FAB874075739DF435455B
1186451810F281E39A12589526031424FFCA726FFF144FFFFFFFFF0007FB21F9235FAB874075739EF435455B
1186491810FC81E3A51258A5260320251FCB726FFF144FFFFFFFFF0007FB21F9235FAB874175739FF435455B
11865D18110581E3A21258A526033B252FCD726FFF144FFFFFFFFF0007FB21F9235FAB87407573A0F435455B
11865918110681E3A5125898260319252FCE726FFF144FFFFFFFFF0007FB21F9235FAB87407573A1F435455B
1186451810FD81E3A912589E260312252FCE725FFF144FFFFFFFFF0007FB21F9235FAB87407573A2F435455B
11863E1810FB81E3A51258AD26033D253FCC725FFF144FFFFFFFFF0007FB21F9235FAB87407573A3F435455B
11865118110381E3B11258B526034F255FCA725FFF144FFFFFFFFF0007FB21F9235FAB87407573A4F535455B
11867118111281E3A91258B3260346256FCB725FFF144FFFFFFFFF0007FB21F9235FAB87407573A5F535455B
11869518111F81E3B41258B5260347255FCB724FFF144FFFFFFFFF0007FA21F9235FAB87407573A6F535455B
1186AD18112E81E3B81258AD260331254FCA724FFF144FFFFFFFFF0007F921F9235FAB87407573A7F535455B
1186A918111E81E3BC1258AE26033A256FC8724FFF144FFFFFFFFF0007F921F9235FAB87407573A8F535455B
11868118110281E3B81258B526035B255FC9724FFF144FFFFFFFFF0007F921F9235FAB87407573A9F535455B
11867918112081E3BC1258BA260370254FCB723FFF144FFFFFFFFF0007F921F9235FAB87407573AAF535455B
11869918113081E3BF1258C226034F252FCB723FFF144FFFFFFFFF0007F921F9235FAB87407573ABF535455B
1186B918113A81E3C31258AE260340251FC9723FFF144FFFFFFFFF0007F921F9235FAB87407573ACF535455B
1186C418114081E3C712589426032E252FC9723FFF144FFFFFFFFF0007F921F9235FAB87407573ADF535455B
1186D818114B81E3CA12587F260326255FC9723FFF144FFFFFFFFF0007F921F9235FAB87407573AEF535455B
1186E018114D81E3C712586B26031A257FCA722FFF144FFFFFFFFF0007F921F9235FAB87407573AFF535455B
1186DC18114981E3D2125862260308256FCB722FFF144FFFFFFFFF0007F921F9235FAB87407573B0F535455B
1186E418115181E3CE12585E260309254FCC722FFF144FFFFFFFFF0007F921F9235FAB87407573B1F535455B
11870418115B81E3D212585F26030E253FCB722FFF144FFFFFFFFF0007F921F9235FAB87407573B2F535455B
11871418116181E3D6125866260313252FCA722FFF145FFFFFFFFF0007F921F9235FAB87407573B3F535455B
11871418116781E3D9125862260303252FC8722FFF144FFFFFFFFF0007F921F9235FAB87407573B4F535455B
11872418116581E3DD1258562602FB253FC6722FFF144FFFFFFFFF0007F921F9235FAB87407573B5F535455B
11872B18117381E3E0125862260316252FC6721FFF144FFFFFFFFF0007F921F9235FAB87417573B6F535455B
11872418117581E3DD125873260324252FC7721FFF144FFFFFFFFF0007F921F9235FAB87407573B7F535455B
11871C18117481E3EF125870260314253FC8721FFF144FFFFFFFFF0007F921F9235FAB87407573B8F535455B
11870018117081E3E41258382602EC253FC8720FFF144FFFFFFFFF0007F921F9235FAB87407573B9F535455B
1186E818115A81E3E81258022602CF253FC6721FFF144FFFFFFFFF0007F921F9235FAB87407573BAF535455B
1186D418115681E3EC1258182602EE254FC6720FFF144FFFFFFFFF0007F921F9235FAB87407573BBF535455B
1186D818115581E3F7125830260310255FC6720FFF144FFFFFFFFF0007F921F9235FAB87407573BCF635455B
1186E418115F81E3F312580B2602DA255FC6720FFF144FFFFFFFFF0007F921F9235FAB87407573BDF635455B
1186F418116381E3F71257C026028C255FC5720FFF145FFFFFFFFF0007F921F9235FAB87407573BEF635455B
1186FC18116781E3FB12578526027B254FC4720FFF145FFFFFFFFF0007F921F9235FAB87407573BFF635455B
1186F418116581E3F712579E260294257FC3720FFF144FFFFFFFFF0007F921F9235FAB87407573C0F635455B
1186E018115F81E40212579E26028A258FC1720FFF144FFFFFFFFF0007F921F9235FAB87407573C1F635455B
1186D818115E81E40512578126026F258FC1720FFF144FFFFFFFFF0007FA21F9235FAB87407573C2F635455B
1186C118114681E40212575C26025C257FC3720FFF144FFFFFFFFF0007FB21F9235FAB87407573C3F635455B
11865118112081E405125746260256256FC471FFFF144FFFFFFFFF0007FB21F9235FAB87407573C4F635455B
1186091810F981E40912572A26023C256FC271FFFF145FFFFFFFFF0007FB21F9235FAB87407573C5F635455B
1185D51810EC81E414125725260222255FC271FFFF144FFFFFFFFF0007FB21F9235FAB87407573C6F635455B
1185BD1810EB81E41112572926022E253FC3720FFF144FFFFFFFFF0007FB21F9235FAB87407573C7F635455B
1185961810DA81E414125736260249253FC3720FFF144FFFFFFFFF0007FB21F9235FAB87407573C8F635455B
11857A1810C981E41812570C26022D251FC471FFFF144FFFFFFFFF0007FB21F9235FAB87407573C9F635455B
1185761810C081E41C1256F3260217250FC571FFFF144FFFFFFFFF0007FB21F9235FAB87407573CAF635455B
1185721810BF81E4181256DF26021E251FC671FFFF144FFFFFFFFF0007FB21F9235FAB87407573CBF635455B
11856E1810BF81E4231256D5260215252FC7720FFF144FFFFFFFFF0007FB21F9235FAB87407573CCF635455B
1185761810C381E4271256C1260206254FC571FFFF144FFFFFFFFF0007FB21F9235FAB87407573CDF635455B
1185721810C081E4231256A02601D9254FC571FFFF144FFFFFFFFF0007FB21F9235FAB87417573CEF635455B
11856E1810BF81E42E12567D2601BA254FC5720FFF144FFFFFFFFF0007FB21F9235FAB87407573CFF635455B
1185661810B681E42A12565D2601BF253FC5720FFF144FFFFFFFFF0007FB21F9235FAB87407573D0F635455B
11855A1810B081E42E12564B2601AF253FC4720FFF144FFFFFFFFF0007FB21F9235FAB87407573D1F635455B
1185421810AA81E43212564426018B251FC4720FFF144FFFFFFFFF0007FB21F9235FAB87407573D2F635455B
11852A1810A081E43D12564026017E251FC4720FFF144FFFFFFFFF0007FB21F9235FAB87407573D3F635455B
11851218109A81E439125643260193253FC5720FFF144FFFFFFFFF0007FB21F9235FAB87407573D4F735455B
11850618108C81E43D12564426019E254FC5720FFF144FFFFFFFFF0007FB21F9235FAB87407573D5F735455B
1184E618107881E44112563E260193254FC5720FFF144FFFFFFFFF0007FB21F9235FAB87407573D6F735455B
1184CE18106E81E44412563426017E254FC5720FFF144FFFFFFFFF0007FB21F9235FAB87407573D7F735455B
1184CE18107581E44812562B260170254FC3720FFF144FFFFFFFFF0007FB21F9235FAB87407573D8F735455B
1184D218107881E44C12561D260182253FC1720FFF144FFFFFFFFF0007FB21F9235FAB87407573D9F735455B
1184CA18106F81E44F12560E26018D253FC0720FFF144FFFFFFFFF0007FB21F9235FAB87407573DAF735455B
1184BE18107581E45B12560C26017B252FC071FFFF144FFFFFFFFF0007FB21F9235FAB87407573DBF735455B
1184B218106F81E44F12560226016B251FBE71FFFF145FFFFFFFFF0007FB21F9235FAB87407573DCF735455B
1184B618106D81E45E1255FC260165251FBF71FFFF144FFFFFFFFF0007FB21F9235FAB87407573DDF735455B
1184BE18106D81E45B1255F5260173251FBF71FFFF144FFFFFFFFF0007FB21F9235FAB87407573DEF735455B
1184C618106D81E4651255FA260176250FC071FFFF144FFFFFFFFF0007FB21F9235FAB87407573DFF735455B
1184C218107581E4621255F7260168251FC271FFFF144FFFFFFFFF0007FB21F9235FAB87407573E0F735455B
1184C218107481E46D1255F5260159250FC371EFFF145FFFFFFFFF0007FB21F9235FAB87407573E1F735455B
1184BE18107381E4711255FC260159250FC271FFFF144FFFFFFFFF0007FB21F9235FAB87407573E2F735455B
1184B218106E81E4741255FE26016A250FC171FFFF144FFFFFFFFF0007FB21F9235FAB87407573E3F735455B
1184AA18106981E4711255FA26017324FFC071EFFF143FFFFFFFFF0007FB21F9235FAB87407573E4F735455B
1184A318106881E4831255DE260168251FC071EFFF144FFFFFFFFF0007FB21F9235FAB87407573E5F735455B
11849318106881E4781255BB260159252FC171EFFF144FFFFFFFFF0007FB21F9235FAB87417573E6F735455B
11848B18105F81E48312559F260132254FC271EFFF144FFFFFFFFF0007FB21F9235FAB87407573E7F735455B
11847118105481E487125574260100255FC271DFFF144FFFFFFFFF0007FB21F9235FAB87407573E8F735455B
11844F18104581E48A1255502600F0255FC171EFFF144FFFFFFFFF0007FB21F9235FAB87407573E9F735455B
11843B18103881E48E1255212600D8253FC071EFFF144FFFFFFFFF0007FB21F9235FAB87407573EAF735455B
11842F18103681E4921255092600D4254FC071DFFF144FFFFFFFFF0007FB21F9235FAB87407573EBF735455B
11844318103A81E49D1254F32600C4255FC171DFFF144FFFFFFFFF0007FB21F9235FAB87407573ECF835455B
11846318105081E4991254DE2600AB255FC071DFFF144FFFFFFFFF0007FB21F9235FAB87407573EDF835455B
11848F18106381E49D1254D226009B254FBF71DFFF144FFFFFFFFF0007FB21F9235FAB87407573EEF835455B
11849918106B81E4A11254D2260095253FBF71DFFF144FFFFFFFFF0007FB21F9235FAB87407573EFF835455B
11848718107181E4A51254D2260080253FC271CFFF144FFFFFFFFF0007FB21F9235FAB87407573F0F835455B
11848318106A81E4AF1254B9260083253FC371CFFF143FFFFFFFFF0007FB21F9235FAB87407573F1F835455B
11845718105381E4AC1254B9260097253FC471CFFF143FFFFFFFFF0007FB21F9235FAB87407573F2F835455B
11840B18103381E4B71254B52600A3253FC371CFFF143FFFFFFFFF0007FB21F9235FAB87407573F3F835455B
1183EF18102281E4AF1254C6260095254FC371CFFF144FFFFFFFFF0007FB21F9235FAB87407573F4F835455B
1183E518102081E4BB1254CA26007F254FC371BFFF144FFFFFFFFF0007FB21F9235FAB87407573F5F835455B
1183E718101C81E4C51254E72600AB253FC271CFFF144FFFFFFFFF0007FB21F9235FAB87407573F6F835455B
1183C318101B81E4C21254F72600CB253FC171CFFF143FFFFFFFFF0007FB21F9235FAB87407573F7F835455B
1183B418101281E4C51255002600BD253FC171BFFF144FFFFFFFFF0007FB21F9235FAB87407573F8F835455B
1183BC18101081E4CA1254FC2600B3254FC071BFFF144FFFFFFFFF0007FB21F9235FAB87407573F9F835455B
1183CF18101C81E4CD1254F82600C2252FBF71BFFF144FFFFFFFFF0007FB21F9235FAB87407573FAF835455B
11840918103081E4D11254FC2600AD251FBF71BFFF143FFFFFFFFF0007FB21F9235FAB87407573FBF835455B
11843718104681E4D41255292600B5250FC071BFFF143FFFFFFFFF0007FB21F9235FAB87407573FCF835455B
11844718105481E4E012554C2600F2251FC171CFFF144FFFFFFFFF0007FB21F9235FAB87407573FDF835455B
11845318105781E4DC125547260105253FC171CFFF143FFFFFFFFF0007FB21F9235FAB87407573FEF835455B
11843318104681E4D812554C260101253FC071CFFF143FFFFFFFFF0007FB21F9235FAB87417573FFF835455B
1183E718102881E4EA1255322600FD253FC071CFFF143FFFFFFFFF0007FB21F9235FAB8740757300F835455B
11837D180FEF81E4E71255152600E4254FC071CFFF143FFFFFFFFF0007FB21F9235FAB8740757301F835455B
1182F0180FB581E4EA1254EF2600C0253FC071CFFF143FFFFFFFFF0007FB21F9235FAB8740757302F835455B
118269180F7A81E4EA125462260075252FBF71DFFF144FFFFFFFFF0007FB21F9235FAB8740757303F835455B
118206180F5381E4F61253AF260002252FBD71DFFF143FFFFFFFFF0007FB21F9235FAB8740757304F935455B
1181D5180F3681E4F212533D25FFAB251FBF71DFFF143FFFFFFFFF0007FB21F9235FAB8740757305F935455B
1181A6180F2781E4F612531925FF7F251FC071DFFF143FFFFFFFFF0007FB21F9235FAB8740757306F935455B
118182180F1C81E50112530B25FF60250FC271DFFF143FFFFFFFFF0007FB21F9235FAB8740757307F935455B
118167180F0C81E4F61252D225FF5524EFC271DFFF143FFFFFFFFF0007FB21F9235FAB8740757308F935455B
118149180F0581E5081252DD25FF4724EFC271DFFF143FFFFFFFFF0007FB21F9235FAB8740757309F935455B
118137180EFB81E50512530D25FF4924EFC371DFFF143FFFFFFFFF0007FB21F9235FAB874075730AF935455B
118123180EF381E5081252FA25FF2E24EFC371DFFF143FFFFFFFFF0007FB21F9235FAB874075730BF935455B
11811F180EF381E50C1252B925FF07250FC271CFFF143FFFFFFFFF0007FB21F9235FAB874075730CF935455B
118119180EEF81E50F12529225FF03252FC171CFFF143FFFFFFFFF0007FB21F9235FAB874075730DF935455B
118117180EED81E50F12528925FF16251FC071CFFF143FFFFFFFFF0007FB21F9235FAB874075730EF935455B
118113180EED81E51312529025FF0B252FC171CFFF143FFFFFFFFF0007FB21F9235FAB874075730FF935455B
118109180EED81E51712529E25FEFF253FC071CFFF143FFFFFFFFF0007FB21F9235FAB8740757310F935455B
11810F180EE581E51B1252A525FF0E254FC071CFFF143FFFFFFFFF0007FB21F9235FAB8740757311F935455B
118107180EE781E51E1252AB25FF10253FBF71CFFF143FFFFFFFFF0007FB21F9235FAB8740757312F935455B
1180FD180EE781E52212528C25FF08253FBF71CFFF143FFFFFFFFF0007FB21F9235FAB8740757313F935455B
118127180EE881E51E12527025FEE5254FBF71BFFF143FFFFFFFFF0007FB21F9235FAB8740757314F935455B
11816F180F0081E52212526825FEDE255FBF71CFFF143FFFFFFFFF0007FB21F9235FAB8740757315F935455B
1181AA180F1A81E52D12527325FEEF256FBE71BFFF143FFFFFFFFF0007FB21F9235FAB8741757316F935455B
1181C1180F2C81E52A12527425FEEE257FBD71BFFF143FFFFFFFFF0007FB21F9235FAB8740757317F935455B
1181C6180F2781E52D12527B25FEE3258FBB71BFFF143FFFFFFFFF0007FB21F9235FAB8740757318F935455B
1181C6180F2D81E53412528525FEEF258FBA71BFFF143FFFFFFFFF0007FB21F9235FAB8740757319F935455B
1181C6180F3081E53112529C25FF08258FBD71BFFF143FFFFFFFFF0007FB21F9235FAB874075731AF935455B
1181DD180F3781E53C1252A225FEF4259FBF71BFFF143FFFFFFFFF0007FB21F9235FAB874075731BF935455B
1181DA180F3681E5311252B125FEE9259FC171BFFF143FFFFFFFFF0007FB21F9235FAB874075731CFA35455B
1181E2180F4181E5431252A225FEE425AFC071AFFF143FFFFFFFFF0007FB21F9235FAB874075731DFA35455B
1181E2180F4581E53812529625FEF0259FBE71AFFF143FFFFFFFFF0007FB21F9235FAB874075731EFA35455B
1181D1180F3D81E54A1252D625FF2C257FBE71AFFF143FFFFFFFFF0007FB21F9235FAB874075731FFA35455B
1181CA180F2D81E5401253B225FFCA254FBC71AFFF143FFFFFFFFF0007FB21F9235FAB8740757320FA35455B
1181CA180F3281E54A125498260046251FBC71AFFF143FFFFFFFFF0007FB21F9235FAB8740757321FA35455B
11820A180F4A81E54A12554C2600B1251FBE71AFFF143FFFFFFFFF0007FB21F9235FAB8740757322FA35455B
118245180F6081E54F1255D8260137251FBF71AFFF143FFFFFFFFF0007FB21F9235FAB8740758323FA35455B
118261180F6F81E552125630260182251FBF719FFF143FFFFFFFFF0007FB21F9235FAB8740758324FA35455B
118261180F7581E55612564726018B250FBE719FFF143FFFFFFFFF0007FB21F9235FAB8740757325FA35455B
118239180F6581E55212565126017A24EFBE719FFF143FFFFFFFFF0007FB21F9235FAB8740757326FA35455B
118245180F6981E55D12563E26017E24DFBC719FFF143FFFFFFFFF0007FB21F9235FAB8740757327FA35455B
118295180F9581E55912563C26017224DFBC719FFF143FFFFFFFFF0007FB21F9235FAB8740758328FA35455B
11833C180FDC81E55D12564D26019A24DFBA719FFF143FFFFFFFFF0007FB21F9235FAB8740758329FA35455B
1183EB18102881E56812562526019E24DFB7719FFF142FFFFFFFFF0007FB21F9235FAB874075732AFA35455B
11846F18105D81E5681255FE26017E24EFB8719FFF143FFFFFFFFF0007FB21F9235FAB874075732BFA35455B
1184BA18108081E5651255C526016424EFB7719FFF143FFFFFFFFF0007FB21F9235FAB874075732CFA35455B
1184DE18108881E56F12559E26014224EFB7719FFF143FFFFFFFFF0007FB21F9235FAB874075732DFA35455B
1184FE18109881E56C12559B26013924EFB9719FFF143FFFFFFFFF0007FB21F9235FAB874175732EFA35455B
11850218109E81E56F1255A626014E250FBA719FFF143FFFFFFFFF0007FB21F9235FAB874075732FFA35455B
1184CE18108581E57412559E26014D250FBA718FFF143FFFFFFFFF0007FB21F9235FAB8740757330FA35455B
11848B18106881E57712556D260132250FBB719FFF143FFFFFFFFF0007FB21F9235FAB8740757331FA35455B
11844718105681E57B125525260101250FBA718FFF143FFFFFFFFF0007FB21F9235FAB8740757332FA35455B
1183E718103081E57E1254E32600D2250FB9718FFF143FFFFFFFFF0007FB21F9235FAB8740757333FA35455B
1183A118101581E57E12549826009E24FFB8718FFF143FFFFFFFFF0007FB21F9235FAB8740757334FB35455B
11839418100781E58A12546E26006624FFB9718FFF143FFFFFFFFF0007FB21F9235FAB8740758335FB35455B
11837C180FFC81E58612545126005E24FFBA718FFF143FFFFFFFFF0007FB21F9235FAB8740758336FB35455B
118368180FF681E58A12545926006324FFBB718FFF143FFFFFFFFF0007FB21F9235FAB8740757337FB35455B
118368180FF481E586125459260061251FBB717FFF143FFFFFFFFF0007FB21F9235FAB8740758338FB35455B
11839918101181E59112545126004C250FBB717FFF143FFFFFFFFF0007FB21F9235FAB8740757339FB35455B
1183DF18102B81E59412541726003624FFB9718FFF143FFFFFFFFF0007FB21F9235FAB874075733AFB35455B
1183FF18103481E5941253EC26002024DFB8718FFF143FFFFFFFFF0007FB21F9235FAB874075733BFB35455B
11842718104B81E5991253E926000024CFBA717FFF144FFFFFFFFF0007FB21F9235FAB874075733CFB35455B
11845718105581E5941253D325FFF524CFBC717FFF143FFFFFFFFF0007FB21F9235FAB874075733DFB35455B
11845B18105F81E5A012545926003F24EFBD718FFF143FFFFFFFFF0007FB21F9235FAB874075833EFB35455B
11848D18107281E59C12553B2600D324FFBE718FFF143FFFFFFFFF0007FB21F9235FAB874075733FFB35455B
1184DA18108481E5A012558D26012C24EFBF718FFF143FFFFFFFFF0007FB21F9235FAB8740757340FB35455B
1184AE18107881E5AA12559126013924FFC0717FFF143FFFFFFFFF0007FB21F9235FAB8740757341FB35455B
11848F18106A81E5A71255BD260148251FBE718FFF143FFFFFFFFF0007FB21F9235FAB8740757342FB35455B
11846718105781E5AA1255AA26013E252FBC717FFF143FFFFFFFFF0007FB21F9235FAB8740757343FB35455B
11842318104981E5AA12554C2600F7254FBA718FFF143FFFFFFFFF0007FB21F9235FAB8740758344FB35455B
11840318103A81E5AF1255082600C4254FB9718FFF143FFFFFFFFF0007FB21F9235FAB8740757345FB35455B
1183F518103681E5B21254DF2600B1255FB7718FFF144FFFFFFFFF0007FB21F9235FAB8741758346FB35455B
1183E718103681E5AF1254B12600A1253FB7718FFF143FFFFFFFFF0007FB21F9235FAB8740757347FB35455B
1183FB18103681E5B912548326006C252FBA718FFF143FFFFFFFFF0007FB21F9235FAB8740757348FB35455B
1183E718102D81E5BE12545526005F253FBD718FFF143FFFFFFFFF0007FB21F9235FAB8740758349FB35455B
11838418100E81E5B9125462260073253FBF718FFF143FFFFFFFFF0007FB21F9235FAB874075834AFB35455B
118310180FE781E5C112547B260077253FC1718FFF144FFFFFFFFF0007FB21F9235FAB874075734BFB35455B
1182E1180FD681E5BE12546626005F255FBF718FFF143FFFFFFFFF0007FB21F9235FAB874075834CFC35455B
1182C5180FC381E5C112546E26006E257FBC719FFF143FFFFFFFFF0007FB21F9235FAB874075734DFC35455B
118291180FAC81E5CC12546226005F259FBA719FFF143FFFFFFFFF0007FA21F9235FAB874075834EFC35455B
118251180F8F81E5C112546226004A258FBA719FFF144FFFFFFFFF0007F921F9235FAB874075734FFC35455B
1181F5180F6F81E5D412542F260043258FBC719FFF144FFFFFFFFF0007F921F9235FAB8740758350FC35455B
1181B6180F5981E5C112538D25FFF0259FBB719FFF144FFFFFFFFF0007F921F9235FAB8740757351FC35455B
11819E180F4981E5D71252D925FF7B258FBB719FFF144FFFFFFFFF0007F921F9235FAB8740757352FC35455B
1181A2180F4081E5CC12529425FF22255FB7719FFF144FFFFFFFFF0007F921F9235FAB8740758353FC35455B
118179180F3381E5CF1252B725FF2C253FB671AFFF144FFFFFFFFF0007F921F9235FAB8740758354FC35455B
118157180F2481E5D41252CE25FF6D252FBA71AFFF144FFFFFFFFF0007F921F9235FAB8740758355FC35455B
11813F180F1A81E5DE1252F225FF72251FBD719FFF144FFFFFFFFF0007F921F9235FAB8740757356FC35455B
118129180F0D81E5D712530025FF65251FBE719FFF144FFFFFFFFF0007F921F9235FAB8740757357FC35455B
118123180F0581E5DB12531325FF6B24FFBD71AFFF145FFFFFFFFF0007F921F9235FAB8740757358FC35455B
118127180F0781E5DE12531D25FF6E24DFBC71AFFF145FFFFFFFFF0007F921F9235FAB8740758359FC35455B
118137180F0981E5DB1252F225FF6B24DFBD71BFFF144FFFFFFFFF0007F921F9235FAB874075735AFC35455B
118165180F1681E5E61252D225FF4C24DFBE71AFFF144FFFFFFFFF0007F921F9235FAB874075735BFC35455B
118173180F1981E5E21252CC25FF4324FFBC71AFFF145FFFFFFFFF0007F921F9235FAB874075835CFC35455B
118157180F1681E5E612531325FF5A250FBB71AFFF145FFFFFFFFF0007F921F9235FAB874075835DFC35455B
118141180F0F81E5E612533225FF77251FBB71AFFF145FFFFFFFFF0007F921F9235FAB874075835EFC35455B
118137180F0681E5EA12534925FF92251FBD71AFFF144FFFFFFFFF0007F921F9235FAB874175735FFC35455B
11813B180F0C81E5ED12537025FF92250FBE71AFFF144FFFFFFFFF0007F921F9235FAB8740757360FC35455B
118163180F1E81E5F112536B25FF93250FBD71AFFF144FFFFFFFFF0007F921F9235FAB8740757361FC35455B
1181A1180F3081E5ED12536425FF84250FB971AFFF145FFFFFFFFF0007F921F9235FAB8740758362FC35455B
1181D2180F4181E5F112531B25FF6B251FB971AFFF144FFFFFFFFF0007F921F9235FAB8740758363FC35455B
1181B6180F4081E5F41252E325FF5524FFBA71AFFF144FFFFFFFFF0007F921F9235FAB8740757364FD35455B
118196180F3F81E5F41252BB25FF4C24EFBA719FFF145FFFFFFFFF0007F921F9235FAB8740758365FD35455B
1181B5180F3F81E5F912526F25FF1E251FB971AFFF144FFFFFFFFF0007F921F9235FAB8740757366FD35455B
1181D2180F4881E5FC1251F325FEE5255FB6719FFF145FFFFFFFFF0007F921F9235FAB8740757367FD35455B
118202180F4B81E5F912516525FEC6256FB5719FFF145FFFFFFFFF0007F921F9235FAB8740758368FD35455B
118216180F4A81E5FC12513725FEBA255FB7719FFF144FFFFFFFFF0007F921F9235FAB8740758369FD35455B
118201180F4F81E60312516925FEBE254FB871AFFF144FFFFFFFFF0007F921F9235FAB874075736AFD35455B
1181E2180F4881E60012518E25FED1257FB8719FFF145FFFFFFFFF0007F921F9235FAB874075836BFD35455B
1181DA180F3D81E60312516125FE9F25BFB9719FFF144FFFFFFFFF0007F921F9235FAB874075736CFD35455B
1181DA180F3E81E6001250F425FE6C25CFB7719FFF145FFFFFFFFF0007F921F9235FAB874075736DFD35455B
1181C1180F3781E60B12505225FE4525BFAF71AFFF144FFFFFFFFF0007F921F9235FAB874075836EFD35455B
11819E180F2881E60712500A25FE3725BFAD71AFFF144FFFFFFFFF0007F921F9235FAB874075836FFD35455B
118196180F2881E60B12506E25FE57259FB171AFFF145FFFFFFFFF0007F921F9235FAB8740757370FD35455B
11819A180F2581E61212511625FE8F259FB771AFFF145FFFFFFFFF0007F921F9235FAB8740758371FD35455B
1181A1180F2D81E60712518A25FE9B257FB871AFFF144FFFFFFFFF0007F921F9235FAB8740758372FD35455B
1181B2180F3081E6191251C825FDC7257FB671AFFF144FFFFFFFFF0007F921F9235FAB8740758373FD35455B
1181C2180F3781E60F1251DE25FE10258FB771AFFF144FFFFFFFFF0007F921F9235FAB8740758374FD35455B
1181E1180F3E81E6121251F325FEC7258FB871AFFF144FFFFFFFFF0007F921F9235FAB8740758375FD35455B
1181EA180F4481E61912521B25FEF8258FB671AFFF145FFFFFFFFF0007F921F9235FAB8741757376FD35455B
1181D6180F3D81E61E12524225FEFC257FB771AFFF145FFFFFFFFF0007F921F9235FAB8740758377FD35455B
1181BA180F3A81E61912521B25FEF7254FBA71AFFF144FFFFFFFFF0007F921F9235FAB8740758378FD35455B
1181BD180F4381E61E1251C925FEE5252FBB71AFFF144FFFFFFFFF0007F921F9235FAB8740757379FD35455B
1181CE180F4081E6211251A825FEDC251FB971AFFF145FFFFFFFFF0007F921F9235FAB874075837AFD35455B
1181DE180F4481E6211251D525FEC0250FB971AFFF144FFFFFFFFF0007F921F9235FAB874075737BFD35455B
1181E2180F4581E62512522125FED824FFB971AFFF144FFFFFFFFF0007F921F9235FAB874075837CFE35455B
11818D180F2D81E62812521325FEED24EFB771AFFF144FFFFFFFFF0007F921F9235FAB874075837DFE35455B
1180EB180F0881E62C12521425FEED24DFB671AFFF144FFFFFFFFF0007F921F9235FAB874075837EFE35455B
117FF5180ED481E62812522C25FEEC24EFB771AFFF145FFFFFFFFF0007F921F9235FAB874075737FFE35455B
117F59180EB381E62C12524225FEE9251FB771AFFF145FFFFFFFFF0007F921F9235FAB8740758380FE35455B
117F32180EB081E6371251DA25FED7251FB6719FFF145FFFFFFFFF0007F921F9235FAB8740758381FE35455B
117F66180EB081E62F1250AA25FE83250FB8719FFF144FFFFFFFFF0007F921F9235FAB8740758382FE35455B
117FA1180EB681E634124FDC25FE2224FFB8719FFF144FFFFFFFFF0007F921F9235FAB8740758383FE35455B
117FB1180EB681E637124F6C25FDFC24FFB371AFFF145FFFFFFFFF0007F921F9235FAB8740758384FE35455B
117FC1180EB781E63B124F4025FDD924FFB171AFFF145FFFFFFFFF0007F921F9235FAB8740757385FE35455B
117FA9180EAB81E637124F2D25FD9424FFB171AFFF145FFFFFFFFF0007F921F9235FAB8740758386FE35455B
117F5A180E9981E63E124F1425FD81250FB371AFFF145FFFFFFFFF0007F921F9235FAB8740758387FE35455B
117F3A180E8981E643124F0225FD99251FB571AFFF145FFFFFFFFF0007F921F9235FAB8740758388FE35455B
117F22180E8081E646124EE625FD8F250FB471AFFF145FFFFFFFFF0007F921F9235FAB8740758389FE35455B
117F12180E7C81E643124ED925FD68250FB471BFFF144FFFFFFFFF0007F921F9235FAB874075738AFE35455B
117F02180E7781E646124EB425FD5124EFB371AFFF145FFFFFFFFF0007F921F9235FAB874075738BFE35455B
117E97180E5B81E64D124E9E25FD4624EFB371BFFF144FFFFFFFFF0007F921F9235FAB874075838CFE35455B
117E24180E4481E64A124E9B25FD4824FFB371AFFF145FFFFFFFFF0007F921F9235FAB874075838DFE35455B
117DD6180E3181E654124E9725FD4C24FFB571BFFF145FFFFFFFFF0007F921F9235FAB874175838EFE35455B
117D85180E1181E651124E8525FD26250FB671BFFF144FFFFFFFFF0007F921F9235FAB874075738FFE35455B
117D32180E0481E654124E4C25FD12253FB571BFFF144FFFFFFFFF0007F921F9235FAB8740758390FE35455B
117D3E180DF481E654124DEC25FCF5254FB571BFFF144FFFFFFFFF0007F921F9235FAB8740758391FE35455B
117CE7180DE181E660124D8C25FCE6252FB571BFFF145FFFFFFFFF0007F921F9235FAB8740758392FE35455B
117C97180DD381E65C124D6225FCBE251FB471BFFF144FFFFFFFFF0007F921F9235FAB8740757393FE35455B
117C7B180DC581E659124D5F25FCAB252FB471BFFF145FFFFFFFFF0007F921F9235FAB8740758394FF35455B
117C6F180DC481E663124D5A25FCA2252FB171BFFF144FFFFFFFFF0007F921F9235FAB8740758395FF35455B
117C40180DBA81E66B124D5625FCB3251FB071BFFF144FFFFFFFFF0007F921F9235FAB8740758396FF35455B
117C1F180DB281E660124D2825FC91251FB171BFFF145FFFFFFFFF0007F921F9235FAB8740758397FF35455B
117BF8180DAB81E672124CFB25FC78251FB371CFFF144FFFFFFFFF0007F921F9235FAB8740758398FF35455B
117BEB180DA681E66F124D0F25FC95251FB371CFFF144FFFFFFFFF0007F921F9235FAB8740758399FF35455B
117BEB180DA081E672124D2425FCAC251FB571CFFF144FFFFFFFFF0007F921F9235FAB874075839AFF35455B
117BF8180DA481E672124D2425FC9D251FB371BFFF144FFFFFFFFF0007F921F9235FAB874075739BFF35455B
117BF7180DA081E676124D1B25FC88251FB471BFFF145FFFFFFFFF0007F921F9235FAB874075839CFF35455B
117BFC180DA481E679124D0825FC85250FB471CFFF144FFFFFFFFF0007F921F9235FAB874075739DFF35455B
117BFB180D9A81E67E124D1B25FC8C251FB371CFFF145FFFFFFFFF0007F921F9235FAB874075739EFF35455B
117BF8180D9C81E681124D2C25FC9524FFB271CFFF144FFFFFFFFF0007F921F9235FAB874075739FFF35455B
117BFB180D9B81E681124D3025FC8324FFAF71CFFF145FFFFFFFFF0007F921F9235FAB87407573A0FF35455B
117BEC180D9D81E685124D3A25FC62250FAA71CFFF145FFFFFFFFF0007F921F9235FAB87407573A1FF35455B
117C17180DA481E688124D3825FC5A250FA471CFFF145FFFFFFFFF0007F921F9235FAB87407583A2FF35455B
117C34180DB081E6941249D225FBF224FFA271DFFF144FFFFFFFFF0007F921F9235FAB87407583A3FF35455B
117C43180DB681E6901243CF25FA9824FFA271DFFF144FFFFFFFFF0007F921F9235FAB87407573A4FF35455B
117C27180D9E81E697123AE325F80F24EFA371CFFF145FFFFFFFFF0007F921F9235FAB87407573A5FF35455B
117951180D1381E69412338B25F5E324EFA471DFFF145FFFFFFFFF0007F921F9235FAB87417573A6FF35455B
1174AA180BC381E69712319E25F50C24CFA271DFFF144FFFFFFFFF0007F921F9235FAB87407583A7FF35455B
11689A18098581E6A31230BE25F49F24CFA271DFFF144FFFFFFFFF0007F921F9235FAB87407573A8FF35455B
11586A18075081E69E12302925F42824DFA471DFFF144FFFFFFFFF0007F921F9235FAB87407573A9FF35455B
114DA618059981E6A6122D0725F33024CFA471DFFF145FFFFFFFFF0007F921F9235FAB87407583AAFF35455B
11486F18047081E6A31228FA25F19D24AFA071DFFF144FFFFFFFFF0007F921F9235FAB87407573ABFF35455B
11441918036E81E6AD12223425EF91249F9E71DFFF144FFFFFFFFF0007F921F9235FAB87407573AC0036455B
113F5718025381E6B1121B7525ED7C248F9971EFFF144FFFFFFFFF0007F921F9235FAB87407573AD0036455B
113AF618013A81E6B412164B25EBE3248F9671EFFF144FFFFFFFFF0007FA21F9235FAB87407573AE0036455B
11373318007281E6B412116625EA89248F9871EFFF144FFFFFFFFF0007FB21F9235FAB87407573AF0036455B
11359918000981E6B9120E5625E96C246F9B71EFFF144FFFFFFFFF0007FB21F9235FAB87407573B00036455B
11344917FFAA81E6BC120C1025E88F245F9C71EFFF144FFFFFFFFF0007FB21F9235FAB87407573B10036455B
1132EE17FF6481E6C3120B0A25E7F9243F9E71EFFF144FFFFFFFFF0007FB21F9235FAB87407573B20036455B
11321317FF4A81E6C0120A6825E78B242F9F71FFFF144FFFFFFFFF0007FB21F9235FAB87407583B30036455B
1131AC17FF0C81E6CB12091725E6F9243FA171FFFF145FFFFFFFFF0007FB21F9235FAB87407573B40036455B
11316717FECB81E6CF12066425E5DE245FA371FFFF145FFFFFFFFF0007FB21F9235FAB87407573B50036455B
11309E17FE7781E6CB12038525E484245FA3720FFF145FFFFFFFFF0007FB21F9235FAB87407573B60036455B
112FA317FE2B81E6D212013F25E36A245FA1721FFF145FFFFFFFFF0007FB21F9235FAB87407573B70036455B
112EDC17FDEA81E6D611FF5C25E281245FA2722FFF145FFFFFFFFF0007FB21F9235FAB87407583B80036455B
112E2F17FDB381E6D911FDBA25E1AE246FA2723FFF144FFFFFFFFF0007FB21F9235FAB87407573B90036455B
112DBD17FD8281E6E111FC5225E0D2244FA2724FFF144FFFFFFFFF0007FB21F9235FAB87407583BA0036455B
112D6317FD5981E6DE11FB2825E013243FA3725FFF144FFFFFFFFF0007FB21F9235FAB87407583BB0036455B
112D1D17FD2E81E6E811FA4C25DF97242FA5726FFF144FFFFFFFFF0007FB21F9235FAB87407583BC0036455B
112CB417FD0B81E6ED11F9B825DF44241FAA728FFF144FFFFFFFFF0007FB21F9235FAB87407583BD0036455B
112C4E17FCDE81E6E811F96F25DF0A241FAE729FFF144FFFFFFFFF0007FB21F9235FAB87417583BE0036455B
112BF017FCBA81E6F711F92425DED6242FAA72AFFF144FFFFFFFFF0007FB21F9235FAB87407573BF0036455B
112B9A17FC9281E6F411F8D325DE95243FA972BFFF144FFFFFFFFF0007FB21F9235FAB87407573C00036455B
112B6317FC7E81E6F711F8A225DE6A244FAB72DFFF144FFFFFFFFF0007FB21F9235FAB87407583C10036455B
112B3417FC6681E6FB11F87E25DE1A245FAB72EFFF145FFFFFFFFF0007FB21F9235FAB87407583C20036455B
112AF817FC4F81E70611F82E25DD2D246FAA72FFFF144FFFFFFFFF0007FB21F9235FAB87407583C30036455B
112ABF17FC2881E6FE11F7EB25D996245FA9730FFF144FFFFFFFFF0007FB21F9235FAB87407583C40136455B
112A7817FC0981E70A11F7B625DC50244FAB730FFF144FFFFFFFFF0007FB21F9235FAB87407583C50136455B
112A4917FBE681E70D11F79225DD3E242FAC731FFF143FFFFFFFFF0007FB21F9235FAB87407583C60136455B
112A1B17FBCD81E70D11F75C25DCFC244FAA732FFF144FFFFFFFFF0007FB21F9235FAB87407583C70136455B
112A0317FBC381E71911F72F25DD10249FA9733FFF144FFFFFFFFF0007FB21F9235FAB87407583C80136455B
1129FB17FBC281E71411F70A25DD0024AFA5733FFF143FFFFFFFFF0007FB21F9235FAB87407583C90136455B
112A0B17FBBD81E71911F6EA25DCAA24BFA5733FFF143FFFFFFFFF0007FB21F9235FAB87407583CA0136455B
112A1B17FBBC81E72311F69425DC5624AFA5733FFF143FFFFFFFFF0007FB21F9235FAB87407583CB0136455B
112A0F17FBAC81E72311F65B25DC1C247FA6734FFF143FFFFFFFFF0007FB21F9235FAB87407583CC0136455B
1129C517FB8581E72811F63125DBBA246FA2734FFF143FFFFFFFFF0007FB21F9235FAB87407583CD0136455B
11295B17FB4D81E72B11F5ED25DB78245FA4734FFF143FFFFFFFFF0007FB21F9235FAB87407583CE0136455B
11291217FB2E81E72B11F59B25DB6C243FA8734FFF143FFFFFFFFF0007FB21F9235FAB87407583CF0136455B
1128D217FB1081E73711F56C25DB5F241FAA734FFF143FFFFFFFFF0007FB21F9235FAB87407583D00136455B
1128A417FAF381E73211F54A25DB13240FAC734FFF143FFFFFFFFF0007FB21F9235FAB87407583D10136455B
11289017FAE881E73911F52F25DAED23FFAE733FFF143FFFFFFFFF0007FB21F9235FAB87407583D20136455B
11287917FADB81E73E11F52925DAD023FFB0733FFF142FFFFFFFFF0007FB21F9235FAB87407583D30136455B
11287117FAD381E73911F51225DAB5240FB2733FFF142FFFFFFFFF0007FB21F9235FAB87407583D40136455B
11286D17FACD81E74511F50025DADCFFFFFFFFFFFFFFFFFFFFFFFF0007FB21F9235FAB87407583D50136455B
11286517FAC881E74811F4E925DB09FFFFFFFFFFFFFFFFFFFFFFFF0007FB21F9235FAB87407583D60136455B
11285917FAC781E74811F4D325DAFBFFFFFFFFFFFFFFFFFFFFFFFF0007FB21F9235FAB87407583D70136455B
11285517FAC781E74D11F4BB25DAE0FFFFFFFFFFFFFFFFFFFFFFFF0007FB21F9235FAB87417583D80136455B
11284217FABE81E75011F4AC25DAE6FFFFFFFFFFFFFFFFFFFFFFFF0007FB21F9235FAB87407583D90136455B
11282317FAB381E75711F49625DAE4FFFFFFFFFFFFFFFFFFFFFFFF0007FB21F9235FAB87407593DA0136455B
11280017FAA581E75411F48F25DAEDFFFFFFFFFFFFFFFFFFFFFFFF0007FB21F9235FAB87407583DB0136455B
1127E017FA9C81E75E11F48E25DAF9FFFFFFFFFFFFFFFFFFFFFFFF0007FB21F9235FAB87407593DC0236455B
1127D517FA9B81E75711F49325DAE8FFFFFFFFFFFFFFFFFFFFFFFF0007FB21F9235FAB87407583DD0236455B
1127DC17FA9B81E76A11F49E25DAE2FFFFFFFFFFFFFFFFFFFFFFFF0007FB21F9235FAB87407593DE0236455B
1127D917FA9781E75E11F4AC25DAE2FFFFFFFFFFE005A1840030030007FB21F9235FAB87407593DF0236455B
1127C917FA9181E76A11F4AB25DADA24EFA8732FFF143FFFFFFFFF0007FB21F9235FAB87407583E00236455B
1127B917FA7F81E76D11F4AC25DAD223EFA9732FFF143FFFFFFFFF0007FB21F9235FAB87407573E10236455B
1127AE17FA7A81E76D11F4A225DAC423BFAA731FFF142FFFFFFFFF0007FB21F9235FAB87407573E20236455B
11279A17FA7181E77211F49325DAAC23BFAC732FFF142FFFFFFFFF0007FB21F9235FAB87407583E30236455B
11278A17FA6B81E77511F48A25DA9D23CFAC731FFF143FFFFFFFFF0007FB21F9235FAB87407583E40236455B
11277B17FA5E81E77C11F48B25DAA323CFAB731FFF142FFFFFFFFF0007FB21F9235FAB87407573E50236455B
11276B17FA5181E77911F48225DA99239FAA731FFF142FFFFFFFFF0007FB21F9235FAB87407583E60236455B
11276017FA4A81E77C11F45E25DA74238FA9731FFF142FFFFFFFFF0007FB21F9235FAB87407583E70236455B
11275817FA4981E78311F42C25DA36237FA8730FFF142FFFFFFFFF0007FB21F9235FAB87407583E80236455B
11274C17FA4581E78011F40025DA36238FA5730FFF143FFFFFFFFF0007FB21F9235FAB87407573E90236455B
11272D17FA3F81E78B11F3CA25DA6B239FA7730FFF142FFFFFFFFF0007FB21F9235FAB87407583EA0236455B
11270217FA3581E78B11F3B625DAB5238FAB730FFF142FFFFFFFFF0007FB21F9235FAB87407583EB0236455B
1126EE17FA3781E78F11F3BA25DAFC236FA9730FFF142FFFFFFFFF0007FB21F9235FAB87407583EC0236455B
1126EA17FA5A81E79211F3B225DB25233FA472FFFF142FFFFFFFFF0007FB21F9235FAB87407573ED0236455B
1126F617FA9981E79211F3B625DB63232FA672FFFF143FFFFFFFFF0007FB21F9235FAB87417583EE0236455B
11271D17FB0181E79711F3D325DBE9233FAB72FFFF142FFFFFFFFF0007FB21F9235FAB87407583EF0236455B
11274417FB5C81E79911F3EB25DC5D234FAC72EFFF142FFFFFFFFF0007FB21F9235FAB87407583F00236455B
11276017FB8881E7A511F3D725DC77235FA972FFFF142FFFFFFFFF0007FB21F9235FAB87407573F10236455B
11272D17FB8C81E79911F39A25DC5D23BFA772FFFF142FFFFFFFFF0007FB21F9235FAB87407583F20236455B
1126D717FB6681E7A111F32F25DC1A240FA972EFFF142FFFFFFFFF0007FB21F9235FAB87407583F30236455B
11261817FAF781E7A511F2C625DBAB240FAD72FFFF142FFFFFFFFF0007FB21F9235FAB87407573F40336455B
1124BD17FA5B81E7B011F28725DB5323EFAD72EFFF142FFFFFFFFF0007FB21F9235FAB87407573F50336455B
11237517F9E981E7A811F22F25DB0623BFAD72FFFF142FFFFFFFFF0007FB21F9235FAB87407583F60336455B
11232417F9DD81E7AD11F1AE25DAB2239FA872EFFF142FFFFFFFFF0007FB21F9235FAB87407583F70336455B
1122F617F9E581E7B711F06B25D998236FA572FFFF142FFFFFFFFF0007FB21F9235FAB87407583F80336455B
1122CE17F9B981E7B711EEA825D7CD234FA472EFFF141FFFFFFFFF0007FB21F9235FAB87407583F90336455B
11223E17F95581E7B411ED2D25D690233FA372EFFF142FFFFFFFFF0007FB21F9235FAB87407573FA0336455B
11217F17F8EF81E7B711EC4525D5D7234FA372DFFF142FFFFFFFFF0007FB21F9235FAB87407583FB0336455B
11210117F8B281E7BE11EB3B25D50C238FA572EFFF142FFFFFFFFF0007FB21F9235FAB87407583FC0336455B
11207E17F86281E7C311EA3E25D44923BFA972EFFF141FFFFFFFFF0007FB21F9235FAB87407583FD0336455B
111F5717F7DB81E7BE11E94E25D39123CFA972EFFF141FFFFFFFFF0007FB21F9235FAB87407583FE0336455B
111E9417F75581E7C611E89E25D32A23EFA972DFFF141FFFFFFFFF0007FB21F9235FAB87407583FF0336455B
111DDA17F6DD81E7CA11E89A25D2D623FFA672EFFF141FFFFFFFFF0007FB21F9235FAB87407583000336455B
111D4B17F67B81E7CD11E87625D27A23DFA472EFFF142FFFFFFFFF0007FB21F9235FAB87407583010336455B
111C8417F62B81E7CD11E82C25D25C23BFA472EFFF141FFFFFFFFF0007FB21F9235FAB87407583020336455B
111BD417F5E781E7D211E80425D25323AFA472DFFF141FFFFFFFFF0007FB21F9235FAB87407583030336455B
111B4D17F59181E7D511E7FB25D25E23DFA672EFFF141FFFFFFFFF0007FB21F9235FAB87407583040336455B
111ABB17F55181E7D511E7F725D29C23EFA572EFFF141FFFFFFFFF0007FB21F9235FAB87407583050336455B
111A4D17F53381E7D911E7FB25D2A323CFA172EFFF141FFFFFFFFF0007FB21F9235FAB87417583060336455B
111A2F17F52581E7DC11E80425D27E23AFA372EFFF140FFFFFFFFF0007FB21F9235FAB87407583070336455B
111A4917F53381E7E311E7FB25D25A239FA872DFFF141FFFFFFFFF0007FB21F9235FAB87407583080336455B
111A6217F53981E7E111E7F725D244237FAB72EFFF140FFFFFFFFF0007FB21F9235FAB87407583090336455B
111A6D17F53C81E7E311E80C25D261237FAC72DFFF140FFFFFFFFF0007FB21F9235FAB874075830A0336455B
111A7017F54A81E7EB11E81C25D27F23AFAC72EFFF140FFFFFFFFF0007FB21F9235FAB874075830B0336455B
111ABF17F56381E7E811E84525D298240FAD72DFFF140FFFFFFFFF0007FB21F9235FAB874075830C0436455B
111B1317F58E81E7F211E87E25D28C242FAD72DFFF140FFFFFFFFF0007FB21F9235FAB874075830D0436455B
111B5F17F5B381E7F211E86525D27E23FFAD72DFFF140FFFFFFFFF0007FB21F9235FAB874075830E0436455B
111BA617F5D081E7EF11E86A25D2B0FFFFFFFFFFFFFFFFFFFFFFFF0007FB21F9235FAB874075830F0436455B
111BF017F5EF81E7F211E89625D2EEFFFFFFFFFFFFFFFFFFFFFFFF0007FB21F9235FAB87407583100436455B
111C4617F60781E7FA11E8C225D31EFFFFFFFFFFFFFFFFFFFFFFFF0007FB21F9235FAB87407583110436455B
111C9C17F61E81E7FE11E91525D341FFFFFFFFFFFFFFFFFFFFFFFF0007FB21F9235FAB87407593120436455B
111CCA17F62F81E7FA11E95E25D378FFFFFFFFFFFFFFFFFFFFFFFF0007FB21F9235FAB87407583130436455B
111D0517F64881E80111E99725D393FFFFFFFFFFFFFFFFFFFFFFFF0007FB21F9235FAB87407593140436455B
111D3E17F66081E80611E9B825D398FFFFFFFFFFFFFFFFFFFFFFFF0007FB21F9235FAB87407593150436455B
111D4F17F67181E80811E9CC25D397FFFFFFFFFFFFFFFFFFFFFFFF0007FB21F9235FAB87407593160436455B
111D7117F67E81E80811E9DC25D398FFFFFFFFFFFFFFFFFFFFFFFF0007FB21F9235FAB87407593170436455B
111D6D17F65681E80611EA1225D3B9FFFFFFFFFFFFFFFFFFFFFFFF0007FB21F9235FAB87407593180436455B
111CB717F5F481E81011EA3A25D3DC241F9B72DFFF140FFFFFFFFF0007FB21F9235FAB87407573190436455B
111B3217F59581E81011EA2625D39F235F7F72DFFF140FFFFFFFFF0007FB21F9235FAB874075831A0436455B
111A3F17F54E81E81411E92925D291234F7872CFFF140FFFFFFFFF0007FB21F9235FAB874075831B0436455B
11190B17F4F881E81711E6F725D0EF235F8272CFFF140FFFFFFFFF0007FB21F9235FAB874075731C0436455B
11169F17F44281E81711E3B425CF8B235F8C72BFFF140FFFFFFFFF0007FB21F9235FAB874075831D0436455B
11128C17F35481E81C11DFC125CE97234F9372BFFF140FFFFFFFFF0007FB21F9235FAB874175831E0436455B
110FDD17F26881E81E11DC7E25CD72235F8D72BFFF140FFFFFFFFF0007FB21F9235FAB874075831F0436455B
110C2217F1B581E81E11D95F25CC21239F8272BFFF140FFFFFFFFF0007FB21F9235FAB87407583200436455B
11091C17F12F81E82311D6B125CB1023FF8572BFFF140FFFFFFFFF0007FB21F9235FAB87407583210436455B
1106E317F0CD81E81E11D3EE25CA4A241F8972BFFF140FFFFFFFFF0007FB21F9235FAB87407583220436455B
1104EF17F07B81E82D11D08125C982243F8C72BFFF140FFFFFFFFF0007FB21F9235FAB87407583230436455B
1102AD17F03181E82B11CDF925C8EE245F8A72BFFF140FFFFFFFFF0007FB21F9235FAB87407573240536455B
11014717EFF781E82D11CCEA25C8A1248F8972BFFF140FFFFFFFFF0007FB21F9235FAB87407583250536455B
10FFD417EFCD81E82D11CBDF25C83D24CF9072AFFF140FFFFFFFFF0007FB21F9235FAB87407583260536455B
10FE9D17EFA781E83211CAD625C7E124DF9372AFFF140FFFFFFFFF0007FB21F9235FAB87407583270536455B
10FDAD17EF7981E83511C9E525C78B251F9372AFFF140FFFFFFFFF0007FB21F9235FAB87407573280536455B
10FCF717EF5881E83C11C97825C74225AF9672AFFF140FFFFFFFFF0007FB21F9235FAB87407583290536455B
10FC4C17EF3881E83911C90B25C71725CF94729FFF140FFFFFFFFF0007FB21F9235FAB874075832A0536455B
10FB8C17EF2881E83511C84725C702259F90729FFF13FFFFFFFFFF0007FB21F9235FAB874075832B0536455B
10FABB17EF2681E84311C7D425C711257F8B729FFF140FFFFFFFFF0007FB21F9235FAB874075832C0536455B
10F9B017EF4281E84111C7A325C731255F84729FFF140FFFFFFFFF0007FB21F9235FAB874075832D0536455B
10F8F317EF5881E84311C6C225C73A253F82729FFF140FFFFFFFFF0007FB21F9235FAB874075832E0536455B
10F81E17EF7181E84B11C56625C733251F8772AFFF140FFFFFFFFF0007FB21F9235FAB874075832F0536455B
10F75617EF7F81E84811C46D25C75124EF8B72AFFF140FFFFFFFFF0007FB21F9235FAB87407583300536455B
10F68917EF8681E84B11C34625C74824EF8D72AFFF140FFFFFFFFF0007FB21F9235FAB87407583310536455B
10F5E717EF8881E85211C21625C74824FF8F72AFFF13FFFFFFFFFF0007FB21F9235FAB87407583320536455B
10F4CE17EF7F81E85011C0D125C737251F9072BFFF13FFFFFFFFFF0007FB21F9235FAB87407583330536455B
10F3C517EF8581E85211BFCB25C744250F8F72BFFF13FFFFFFFFFF0007FB21F9235FAB87407583340536455B
10F30E17EF9081E85211BEF425C77224FF8C72BFFF13FFFFFFFFFF0007FB21F9235FAB87407583350536455B
10F26917EF9F81E85711BE3225C75E251F8872BFFF13FFFFFFFFFF0007FB21F9235FAB87407583360536455B
10F22717EFBB81E86111BD5C25C739253F8872BFFF13FFFFFFFFFF0007FB21F9235FAB87407583370536455B
10F1AE17EFC781E85A11BCB225C7ACFFFFFFFFFFFFFFFFFFFFFFFF0007FB21F9235FAB87417583380536455B
10F0FB17EFD181E86111BC4925C7E7FFFFFFFFFFFFFFFFFFFFFFFF0007FB21F9235FAB87407583390536455B
10F06917EFCB81E86611BBFD25C7E1FFFFFFFFFFFFFFFFFFFFFFFF0007FB21F9235FAB874075933A0536455B
10F02F17EFCC81E86811BBA425C7DDFFFFFFFFFFFFFFFFFFFFFFFF0007FB21F9235FAB874075933B0536455B
10EFFD17EFC681E86111BB3325C7C9FFFFFFFFFFFFFFFFFFFFFFFF0007FB21F9235FAB874075933C0636455B
10EFCB17EFC481E86D11BA8125C7A9FFFFFFFFFFFFFFFFFFFFFFFF0007FB21F9235FAB874075933D0636455B
10EF8617EFBB81E87011BA2025C78DFFFFFFFFFFFFFFFFFFFFFFFF0007FA21F9235FAB874075933E0636455B
10EF2C17EFB981E87011B9D325C7A7FFFFFFFFFFFFFFFFFFFFFFFF0007F921F9235FAB874075933F0636455B
10EED917EFB981E86D11B95225C7B2FFFFFFFFFFFFFFFFFFFFFFFF0007F921F9235FAB87407593400636455B
10EEA117EFB081E87711B8D125C785FFFFFFFFFFFFFFFFFFFFFFFF0007F921F9235FAB874075A3410636455B
10EE3B17EFAE81E87711B86C25C7766D5F7872BFFF140FFFFFFFFF0007F921F9235FAB87407593420636455B
10EDB117EFA981E87C11B82025C75C24EF8372BFFF140FFFFFFFFF0007F921F9235FAB87407583430636455B
10ED2E17EFA881E87F11B7CB25C76024DF8D72CFFF140FFFFFFFFF0007F921F9235FAB87407583440636455B
10ECB717EF9881E87F11B75A25C77824EF8D72BFFF140FFFFFFFFF0007F921F9235FAB87407583450636455B
10EC1017EF8681E87C11B6E525C758250F8972BFFF13FFFFFFFFFF0007F921F9235FAB87407583460636455B
10EB7517EF7E81E88611B66025C73124EF8872AFFF140FFFFFFFFF0007F921F9235FAB87407583470636455B
10EADF17EF7481E88611B5BB25C708250F8A729FFF140FFFFFFFFF0007F921F9235FAB87407583480636455B
10EA4C17EF6681E88B11B4DE25C70A254F8E72AFFF13FFFFFFFFFF0007F921F9235FAB87407583490636455B
10E96B17EF5981E88D11B3C825C6FB255F8A729FFF140FFFFFFFFF0007F921F9235FAB874075834A0636455B
10E88917EF5381E88D11B2AE25C6D4254F86729FFF13FFFFFFFFFF0007F921F9235FAB874075834B0636455B
10E7E417EF5181E89511B1E125C6C5254F85729FFF140FFFFFFFFF0007F921F9235FAB874075834C0636455B
10E7DF17EF5181E89211B22625C6E8253F7F729FFF140FFFFFFFFF0007F921F9235FAB874075834D0636455B
10E85F17EF6E81E88D11B55C25C77D24FF7C728FFF140FFFFFFFFF0007F921F9235FAB874175834E0636455B
10EAD317EFD181E88D11BC2325C86524BF7F729FFF13FFFFFFFFFF0007F921F9235FAB874075734F0636455B
10F0D917F07E81E88B11C22E25C941248F87728FFF13FFFFFFFFFF0007F921F9235FAB87407583500636455B
10F5D017F0F781E88D11C44825C9C6247F8B728FFF13FFFFFFFFFF0007F921F9235FAB87407583510636455B
10F7CA17F10881E88611C44D25C9B4249F8D728FFF13FFFFFFFFFF0007F921F9235FAB87407583520636455B
10F78C17F0E881E88B11C33625C97824BF8D728FFF13FFFFFFFFFF0007F921F9235FAB87407583530636455B
10F6BB17F0F781E88611C16425C94E24BF8E728FFF13FFFFFFFFFF0007F921F9235FAB87407573540736455B
10F7E117F15E81E88611BFBB25C93324BF8E727FFF13FFFFFFFFFF0007F921F9235FAB87407583550736455B
10FAC717F1F781E88311BEBE25C8F924AF8C727FFF13FFFFFFFFFF0007F921F9235FAB87407583560736455B
10FC3817F28781E88D11BE2A25C86024BF83728FFF140FFFFFFFFF0007F921F9235FAB87407583570736455B
10FE7317F32581E88611BDE525C83F249F7B728FFF13FFFFFFFFFF0007F921F9235FAB87407583580736455B
1103A117F46D81E88611BE0A25C88B247F81727FFF13FFFFFFFFFF0007F921F9235FAB87407583590736455B
110FFC17F6B381E88B11BE6125C8DD244F87727FFF13FFFFFFFFFF0007F921F9235FAB874075835A0736455B
111C3617F8F081E88611BE8F25C8F0245F85727FFF13FFFFFFFFFF0007F921F9235FAB874075835B0736455B
1125D917FA9981E88611BF5525C8D6248F85726FFF13FFFFFFFFFF0007F921F9235FAB874075835C0736455B
112D2D17FB7A81E88311C01C25C8D4249F85726FFF13FFFFFFFFFF0007F921F9235FAB874075835D0736455B
11310F17FC1581E88611C1FF25C938249F81725FFF13FFFFFFFFFF0007F921F9235FAB874075835E0736455B
11340E17FC9B81E88D11C45D25C9C524AF80724FFF13FFFFFFFFFF0007F921F9235FAB874075835F0736455B
1134F417FC8E81E88311C80425CB3A249F7E724FFF13FFFFFFFFFF0007F921F9235FAB87407583600736455B
1134B217FC3B81E88611CF3525CE37247F7C723FFF13EFFFFFFFFF0007F921F9235FAB87407583610736455B
11344B17FBF781E88611DA5425D1BC244F7C722FFF13EFFFFFFFFF0007F921F9235FAB87407583620736455B
11340217FC0481E88311E34B25D490242F7A721FFF13EFFFFFFFFF0007F921F9235FAB87407583630736455B
11358917FC7C81E88611EACD25D666241F7971FFFF13EFFFFFFFFF0007F921F9235FAB87407583640736455B
1136CD17FCEA81E87F11EEE925D744241F7D71FFFF13FFFFFFFFFF0007F921F9235FAB87407583650736455B
11384517FD9781E88B11EE9D25D72B241F8071EFFF13FFFFFFFFFF0007F921F9235FAB87417583660736455B
113B3817FE5B81E87F11ECBF25D6BE241F7871CFFF13FFFFFFFFFF0007F921F9235FAB87407583670736455B
113D7417FE9C81E88D11EA6325D637241F7671AFFF13FFFFFFFFFF0007F921F9235FAB87407583680736455B
113D7017FE7481E87F11E9D825D540242F7C719FFF13EFFFFFFFFF0007F921F9235FAB87407583690736455B
113D2A17FE6C81E88311E8E825D4B1242F81718FFF13FFFFFFFFFF0007F921F9235FAB874075836A0736455B
113D5517FE8981E88611EBC425D56A242F87716FFF13EFFFFFFFFF0007F921F9235FAB874075836B0736455B
113D3217FE8181E88611EEB625D662242F8D714FFF13EFFFFFFFFF0007F921F9235FAB874075836C0836455B
113C0817FE5281E88311F0D125D6EB242F8E712FFF13EFFFFFFFFF0007F921F9235FAB874075836D0836455B
113AB317FE2881E88611F17025D699244F8E711FFF13EFFFFFFFFF0007F921F9235FAB874075836E0836455B
1139C617FDFD81E87F11F16925D5C4243F8F710FFF13EFFFFFFFFF0007F921F9235FAB874075836F0836455B
11394317FDBE81E88311F15825D53EFFFFFFFFFFFFFFFFFFFFFFFF0007F921F9235FAB87407583700836455B
11386017FD9481E88611EE2625D4AFFFFFFFFFFFFFFFFFFFFFFFFF0007F921F9235FAB87407583710836455B
1137B317FD8F81E88611ED3E25D518FFFFFFFFFFFFFFFFFFFFFFFF0007F921F9235FAB87407593720836455B
11377517FD9D81E88311F28B25D64FFFFFFFFFFFFFFFFFFFFFFFFF0007F921F9235FAB87407593730836455B
11376217FDAA81E87F11F6A825D761FFFFFFFFFFFFFFFFFFFFFFFF0007F921F9235FAB87407583740836455B
11378817FDB981E88611F04E25D7F0FFFFFFFFFFFFFFFFFFFFFFFF0007F921F9235FAB87407583750836455B
1137C017FDBF81E88311EB6825D83CFFFFFFFFFFFFFFFFFFFFFFFF0007F921F9235FAB87407593760836455B
1137B017FDB581E88611EB2A25D93BFFFFFFFFFFFFFFFFFFFFFFFF0007F921F9235FAB87407593770836455B
1137A417FDC281E88611EE7C25DAE1FFFFFFFFFFFFFFFFFFFFFFFF0007F921F9235FAB87407593780836455B
11384D17FE0D81E87F11F3DB25DC81FFFFFFFFFFFFFFFFFFFFFFFF0007F921F9235FAB87407593790836455B
113A6917FE7F81E88B11FAEF25DE0A6B0F82705FFF13FFFFFFFFFF0007F921F9235FAB874075937A0836455B
113C3717FEE681E87F12004525DF00240F81705FFF13EFFFFFFFFF0007F921F9235FAB874075837B0836455B
113D8417FF1B81E88612036925DF51240F7C704FFF13EFFFFFFFFF0007F921F9235FAB874075837C0836455B
113E0117FF3181E8831204EE25DEDA23FF7D704FFF13FFFFFFFFFF0007F921F9235FAB874075837D0836455B
113DEE17FF2581E8861200B825DD4B23FF84703FFF13FFFFFFFFFF0007F921F9235FAB874175837E0836455B
113DA317FF1381E88611FD2725DC81240F89703FFF13EFFFFFFFFF0007F921F9235FAB874075837F0836455B
113D7817FF1381E88311FDC625DD2223FF89703FFF13EFFFFFFFFF0007F921F9235FAB87407583800836455B
113D6C17FF2981E87F11FE9325DDC1240F87704FFF13EFFFFFFFFF0007F921F9235FAB87407583810836455B
113DBB17FF4081E88611FE5225DDD4241F84704FFF13EFFFFFFFFF0007F921F9235FAB87407573820836455B
113E4017FF5E81E88B11FCD925DD75242F86704FFF13FFFFFFFFFF0007F921F9235FAB87407583830836455B
113E7F17FF6F81E88611FBAF25DC25243F8C704FFF13EFFFFFFFFF0007F921F9235FAB87407583840936455B
113E7717FF7281E88611F81D25DAAB244F91705FFF13EFFFFFFFFF0007F921F9235FAB87407583850936455B
113E6017FF7A81E88B11F5CC25DAB1242F8B705FFF13DFFFFFFFFF0007F921F9235FAB87407583860936455B
113E6417FF8481E87F11F7BA25DB66241F7A706FFF13EFFFFFFFFF0007F921F9235FAB87407583870936455B
113EAB17FF9F81E88611FA0625DBCB240F70706FFF13EFFFFFFFFF0007F921F9235FAB87407583880936455B
113F2C17FFB881E88611FC3625DC4F23FF72707FFF13EFFFFFFFFF0007F921F9235FAB87407583890936455B
113F7E17FFC681E88B11FC9825DD0B23EF7A707FFF13EFFFFFFFFF0007F921F9235FAB874075838A0936455B
113FB517FFCC81E87F11FCF225DD9823EF82708FFF13EFFFFFFFFF0007F921F9235FAB874075838B0936455B
113F9A17FFC581E88D11FE3125DE1023EF86709FFF13EFFFFFFFFF0007F921F9235FAB874075838C0936455B
113F5317FFBF81E88312003925DED023CF85709FFF13EFFFFFFFFF0007F921F9235FAB874075838D0936455B
113F1417FFB281E88D12016C25DEF823CF7D70AFFF13EFFFFFFFFF0007F921F9235FAB874075838E0936455B
113F0C17FFA581E88612009F25DE0423BF7870AFFF13EFFFFFFFFF0007F921F9235FAB874075738F0936455B
113EE917FF9A81E88311FF7425DC7E239F7970AFFF13EFFFFFFFFF0007F921F9235FAB87407573900936455B
113EC617FF8B81E88D11FBC725DB96237F7F70BFFF13EFFFFFFFFF0007F921F9235FAB87407583910936455B
113E8B17FF6A81E88611F9B025DB7E236F8870CFFF13EFFFFFFFFF0007F921F9235FAB87407583920936455B
113E1917FF3881E88B11FAF025DBE6237F9170CFFF13EFFFFFFFFF0007F921F9235FAB87407573930936455B
113CD417FEE481E88611FE1C25DC82239F9870CFFF13EFFFFFFFFF0007F921F9235FAB87407583940936455B
113B5417FE6681E88D12011A25DD5323AF9E70DFFF13EFFFFFFFFF0007F921F9235FAB87417583950936455B
11396817FDB181E88612025E25DE20239FA370DFFF13EFFFFFFFFF0007F921F9235FAB87407583960936455B
11366C17FCF981E89212033325DED223AFA570EFFF13EFFFFFFFFF0007F921F9235FAB87407583970936455B
1133A917FC8B81E8861203D725DF1D23CFA570FFFF13EFFFFFFFFF0007F921F9235FAB87407583980936455B
11322A17FC5881E88D12046325DF3B23CFA470FFFF13EFFFFFFFFF0007F921F9235FAB87407583990936455B
1130A217FBE881E88B12050725DF5B23AF9F70FFFF13EFFFFFFFFF0007F921F9235FAB874075839A0936455B
112E5417FB2381E88D12050F25DF6A238F9870FFFF13EFFFFFFFFF0007F921F9235FAB874075839B0936455B
112AD617FA5D81E88D12049A25DF33238F92710FFF13EFFFFFFFFF0007F921F9235FAB874075839C0A36455B
1127C917F9DF81E88B1203B725DEC5237F8F711FFF13EFFFFFFFFF0007F921F9235FAB874075839D0A36455B
11261417F96881E88D1201C225DE52238F8D711FFF13EFFFFFFFFF0007F921F9235FAB874075739E0A36455B
11243017F8D581E88D11FFB225DDE2238F8E712FFF13EFFFFFFFFF0007F921F9235FAB874075739F0A36455B
11216C17F83181E88B11FE3125DD8C23AF8F712FFF13EFFFFFFFFF0007F921F9235FAB87407583A00A36455B
111D8817F77081E88D11FD2B25DD4523AF91713FFF13EFFFFFFFFF0007F921F9235FAB87407583A10A36455B
111A0C17F6B881E89511FBB125DCE0238F8F714FFF13EFFFFFFFFF0007F921F9235FAB87407583A20A36455B
11169717F62081E88B11F9BC25DC36235F90714FFF13EFFFFFFFFF0007F921F9235FAB87407583A30A36455B
11139517F5B781E88D11F8A625DB7F235F96714FFF13FFFFFFFFFF0007F921F9235FAB87407583A40A36455B
11126117F58881E89511F83225DB04235F9A716FFF13EFFFFFFFFF0007F921F9235FAB87407583A50A36455B
1111B617F56B81E88D11F6B925DA87236F9D716FFF13EFFFFFFFFF0007F921F9235FAB87407583A60A36455B
11102617F56081E89211F4FC25D9E1236F9E717FFF13EFFFFFFFFF0007F921F9235FAB87407583A70A36455B
110F8B17F54A81E88D11F2FE25D95A237F9A718FFF13EFFFFFFFFF0007F921F9235FAB87407583A80A36455B
110F3217F51F81E88D11F09025D8CC238F95719FFF13FFFFFFFFFF0007F921F9235FAB87407583A90A36455B
110EDC17F51B81E89211EE9C25D85B239F9071AFFF13EFFFFFFFFF0007F921F9235FAB87407583AA0A36455B
110FA217F54E81E89511EE3F25D7EE23AF8F71AFFF13EFFFFFFFFF0007F921F9235FAB87407583AB0A36455B
1111C217F5F281E88D11EE7825D79C23CF8F71BFFF13EFFFFFFFFF0007F921F9235FAB87407583AC0A36455B
1115C917F6A281E89211EE8B25D78023DF8E71CFFF13EFFFFFFFFF0007F921F9235FAB87407583AD0A36455B
11184C17F6E181E89511EE6025D74323EF8F71DFFF13FFFFFFFFFF0007F921F9225FAB87417583AE0A36455B
111A7017F6BE81E89511EC2825D6AB23EF9171EFFF13EFFFFFFFFF0007F921F9225FAB87407583AF0A36455B
111AB817F6B181E89211E94225D60723EF9371FFFF13FFFFFFFFFF0007F921F9225FAB87407583B00A36455B
111D0817F71381E89511E72425D58E23DF9571FFFF13EFFFFFFFFF0007F921F9225FAB87407583B10A36455B
11201317F79181E89511E69925D53623CF95720FFF13FFFFFFFFFF0007F921F9225FAB87407583B20A36455B
1120F717F7D781E88D11E61B25D52323DF92721FFF13FFFFFFFFFF0007F921F9225FAB87407583B30A36455B
1120E317F7C581E89911E71725D53223DF90722FFF13FFFFFFFFFF0007F921F9225FAB87407583B40B36455B
111F0517F77E81E88D11E7B625D58223DF8B723FFF13EFFFFFFFFF0007F921F9225FAB87407583B50B36455B
111DDD17F73E81E89C11E98B25D5F823BF88723FFF13EFFFFFFFFF0007F921F9225FAB87407583B60B36455B
111CBE17F71181E89211EC9625D655239F8D723FFF13FFFFFFFFFF0007F921F9225FAB87407583B70B36455B
111BDC17F6F081E89511EE6C25D66C239F8F724FFF13FFFFFFFFFF0007F921F9225FAB87407583B80B36455B
111B0B17F6C281E89511EE8B25D66A238F8E725FFF13FFFFFFFFFF0007F921F9225FAB87407583B90B36455B
11199F17F64781E89911ED0425D676238F92726FFF13FFFFFFFFFF0007F921F9225FAB87407583BA0B36455B
1116AB17F5A881E89511ECB325D690237F96726FFF13EFFFFFFFFF0007F921F9225FAB87407583BB0B36455B
11142117F54681E89C11ED1D25D682238F94726FFF13FFFFFFFFFF0007F921F9225FAB87407583BC0B36455B
11137E17F54C81E89211EC2825D66123AF91726FFF13FFFFFFFFFF0007F921F9225FAB87407583BD0B36455B
11159217F57D81E89C11EBE925D63423FF91726FFF13EFFFFFFFFF0007F921F9225FAB87407583BE0B36455B
11160F17F57F81E89511EC0725D60C244F95725FFF13EFFFFFFFFF0007F921F9225FAB87407583BF0B36455B
11160F17F5C481E89511EBE725D5F1244F95725FFF13EFFFFFFFFF0007F921F9225FAB87407583C00B36455B
11185517F64281E89911EB9525D5BC240F8F724FFF13EFFFFFFFFF0007F921F9225FAB87407583C10B36455B
11192A17F67D81E89C11EA1A25D56723EF89725FFF13DFFFFFFFFF0007F921F9225FAB87407583C20B36455B
1118EF17F68981E89C11E6E625D54223EF86725FFF13DFFFFFFFFF0007F921F9225FAB87407583C30B36455B
11190B17F67F81E89911E6B625D53123EF87724FFF13DFFFFFFFFF0007F921F9225FAB87407583C40B36455B
1117CB17F65581E89511E64C25D54C23EF8C723FFF13EFFFFFFFFF0007F921F9225FAB87407583C50B36455B
11162217F64981E89C11E79625D55723EF90723FFF13EFFFFFFFFF0007F921F9225FAB87417583C60B36455B
11177017F68381E89911E8CF25D4EA23FF86723FFF13DFFFFFFFFF0007F921F9225FAB87407583C70B36455B
111A9417F6FB81E89C11E73C25D42923EF68723FFF13DFFFFFFFFF0007F921F9225FAB87407583C80B36455B
111C9717F74E81E89C11E3C125D32823CF5A722FFF13DFFFFFFFFF0007F921F9225FAB87407583C90B36455B
111DAD17F78581E89911E0E825D25B240F5E722FFF13DFFFFFFFFF0007F921F9225FAB87407583CA0B36455B
111EEA17F76B81E89C11DF8C25D24224AF63722FFF13DFFFFFFFFF0007F921F9225FAB87407583CB0B36455B
111E6117F70181E89C11DEBD25D26924EF6A722FFF13DFFFFFFFFF0007F921F9225FAB87407583CC0C36455B
111C1B17F69C81E89911DF8125D286249F74722FFF13DFFFFFFFFF0007F921F9225FAB87407583CD0C36455B
1119D117F67C81E8A311E13A25D26D244F7E721FFF13DFFFFFFFFF0007F921F9225FAB87407583CE0C36455B
11184217F6A481E89C11E0DD25D255241F83721FFF13EFFFFFFFFF0007F921F9225FAB87407583CF0C36455B
1117D317F71781E89C11DF2F25D27E241F84721FFF13DFFFFFFFFF0007F921F9225FAB87407583D00C36455B
111A5617F84F81E8A111DF1E25D2CE241F82721FFF13DFFFFFFFFF0007F921F9225FAB87407583D10C36455B
1121F017FA1481E89C11DFF125D32B23FF81720FFF13DFFFFFFFFF0007F921F9225FAB87407583D20C36455B
112A0317FBBA81E89C11E26C25D2E823EF81720FFF13DFFFFFFFFF0007F921F9225FAB87407583D30C36455B
11310E17FD0C81E8A111E29825D1ED24AF83720FFF13DFFFFFFFFF0007F921F9225FAB87407583D40C36455B
11363A17FDF281E89C11DFF125D0DD25EF87720FFF13DFFFFFFFFF0007F921F9225FAB87407583D50C36455B
1139A917FE8781E8A311DE5F25D03A267F8A71FFFF13DFFFFFFFFF0007F921F9225FAB87407583D60C36455B
113BD917FEC881E89911DE1A25CFBF262F8E71FFFF13DFFFFFFFFF0007F921F9225FAB87407583D70C36455B
113B1917FE6481E8A311DC2425CEE525AF9271FFFF13DFFFFFFFFF0007F921F9225FAB87407583D80C36455B
11387817FD9781E89C11D75B25CDF1254F9671EFFF13DFFFFFFFFF0007F921F9225FAB87407583D90C36455B
11348F17FCD081E8A311D30625CE0524EF9571EFFF13DFFFFFFFFF0007F921F9225FAB87407583DA0C36455B
1132FE17FC0A81E8A111D37825CF00249F9571EFFF13CFFFFFFFFF0007F921F9225FAB87407583DB0C36455B
11310A17FAEE81E89C11D69C25CF9F244F9571EFFF13DFFFFFFFFF0007F921F9225FAB87407583DC0C36455B
112AAF17F9D081E8A311D7D625CF60242F9571DFFF13DFFFFFFFFF0007F921F9225FAB87407583DD0C36455B
1127B517F98B81E8A111D65725CE80240F9571DFFF13DFFFFFFFFF0007F921F9225FAB87417583DE0C36455B
11262717F9B781E8A311D3A925CD9E23EF9071CFFF13DFFFFFFFFF0007F921F9225FAB87407583DF0C36455B
11249E17FA2481E89C11D1DE25CD4E23FF8D71CFFF13DFFFFFFFFF0007F921F9225FAB87407583E00C36455B
11266617FA5881E8A811D05925CD4E241F8D71BFFF13DFFFFFFFFF0007F921F9225FAB87407583E10C36455B
11226917FA5681E89C11CF9625CD35243F8A71BFFF13DFFFFFFFFF0007F921F9225FAB87407583E20C36455B
11248A17FBEA81E8A311CE8B25CCE5244F8771AFFF13DFFFFFFFFF0007F921F9225FAB87407583E30C36455B
11327417FE0981E8A111CD1225CC86245F86719FFF13DFFFFFFFFF0007F921F9225FAB87407583E40D36455B
113BAA17FED781E8A311CBE725CC3B245F87719FFF13DFFFFFFFFF0007F921F9225FAB87407583E50D36455B
113ACB17FDAE81E8A311CB8225CC03242F86718FFF13DFFFFFFFFF0007F921F9225FAB87407583E60D36455B
1131E317FB5D81E8A311CC6C25CBEB23FF83717FFF13DFFFFFFFFF0007F921F9225FAB87407583E70D36455B
1122DA17FA2C81E8A111CCDA25CBC523CF87717FFF13DFFFFFFFFF0007F921F9225FAB87407583E80D36455B
11226D17FAE281E8A311CB9E25CB7923AF8E717FFF13DFFFFFFFFF0007F921F9225FAB87407583E90D36455B
112C9C17FC4981E8A311C9B925CB3D23AF90717FFF13DFFFFFFFFF0007F921F9225FAB87407583EA0D36455B
1134A317FDAC81E8A111C92725CB3723CF92717FFF13DFFFFFFFFF0007F921F9225FAB87407583EB0D36455B
1138F217FE6981E8A311C97825CB1823BF92717FFF13DFFFFFFFFF0007F921F9225FAB87407583EC0D36455B
113ABF17FE9C81E8A311C9B925CAC723CF90717FFF13DFFFFFFFFF0007F921F9225FAB87407583ED0D36455B
113BEC17FEAA81E8A111C98025CA7223DF8F717FFF13DFFFFFFFFF0007F921F9225FAB87407583EE0D36455B
113C1017FE7C81E8A311C8C225CA0C23EF8C717FFF13DFFFFFFFFF0007F921F9225FAB87407583EF0D36455B
113BDD17FE2181E8A311C7B525C9C523CF8B717FFF13DFFFFFFFFF0007F921F9225FAB87407583F00D36455B
113AA317FDCF81E8A111C68525C9A923BF8D716FFF13DFFFFFFFFF0007F921F9225FAB87407583F10D36455B
11379117FD0081E8A311C55925C9B123AF8F716FFF13DFFFFFFFFF0007F921F9225FAB87407583F20D36455B
11302817FBC781E8A311C52A25C9E323AF91717FFF13DFFFFFFFFF0007F921F9225FAB87407583F30D36455B
11287717FA9B81E8A311C65025CA0C23AF92716FFF13DFFFFFFFFF0007F921F9225FAB87407583F40D36455B
111FFF17F9A781E8A111C6EA25CA0123BF94716FFF13DFFFFFFFFF0007F921F9225FAB87407583F50D36455B
111E2017F91181E8A311C75F25C9E723BF94716FFF13EFFFFFFFFF0007F921F9225FAB87407583F60D36455B
111E3217F8C481E8A311C7E025C9ED23DF92716FFF13DFFFFFFFFF0007F921F9225FAB87407583F70D36455B
111C7C17F8EE81E8A111C86C25CA7A23FF93717FFF13DFFFFFFFFF0007F921F9225FAB87417583F80D36455B
11204F17F9EF81E8A311CA5A25CC2023EF8D716FFF13DFFFFFFFFF0007F921F9225FAB87407583F90D36455B
1126B317FB5181E8A311CF5925CDEB23CF8D716FFF13DFFFFFFFFF0007F921F9225FAB87407583FA0D36455B
112CEA17FC4381E8A111D37825CDCB23DF8F716FFF13DFFFFFFFFF0007F921F9225FAB87407583FB0D36455B
11305317FCAF81E8A311D00825CC5F241F8E716FFF13DFFFFFFFFF0007F921F9225FAB87407583FC0E36455B
1131B417FCB781E8A311CA9F25CBE3240F7D715FFF13DFFFFFFFFF0007F921F9225FAB87407583FD0E36455B
1132B717FC8081E8A111C7D025CBF823EF71715FFF13DFFFFFFFFF0007F921F9225FAB87407583FE0E36455B
11314617FC3281E8A311C63025CB6423BF72715FFF13DFFFFFFFFF0007F921F9225FAB87407583FF0E36455B
11304F17FC2681E89C11C2A925CA8123BF7F716FFF13DFFFFFFFFF0007F921F9225FAB87407583000E36455B
11304817FC7781E8A311C25225CA4E23FF86716FFF13DFFFFFFFFF0007F921F9225FAB87407583010E36455B
1131AC17FCB581E8A111C72625CA9E240F76716FFF13DFFFFFFFFF0007F921F9225FAB87407583020E36455B
11317317FC9881E89C11CBFE25CB13240F75717FFF13DFFFFFFFFF0007F921F9225FAB87407583030E36455B
1131A817FC8481E8A311CFDF25CB84240F7B717FFF13EFFFFFFFFF0007F921F9225FAB87407583040E36455B
1131B517FCA181E8A111CF2D25CB1223EF85717FFF13EFFFFFFFFF0007F921F9225FAB87407583050E36455B
11334C17FCFE81E89C11C9F125CA4E23EF88718FFF13DFFFFFFFFF0007F921F9225FAB87407583060E36455B
11356217FD1581E89C11C98825CA9B23DF85718FFF13DFFFFFFFFF0007F921F9225FAB87407583070E36455B
1134B117FCD181E8A111CD9825CBB123DF87719FFF13EFFFFFFFFF0007F921F9225FAB87407583080E36455B
1132D217FC8B81E89C11D09E25CCB423FF8F719FFF13EFFFFFFFFF0007F921F9225FAB87407583090E36455B
11310017FBB681E89C11D28425CD8B240F9071AFFF13DFFFFFFFFF0007F921F9225FAB874075830A0E36455B
112CBF17FACD81E89911D45725CE39240F8F71AFFF13EFFFFFFFFF0007F921F9225FAB874075830B0E36455B
112ABB17FA6481E8A311D6A825CEAA241F91719FFF13EFFFFFFFFF0007F921F9225FAB874075830C0E36455B
1129D817FA2F81E89511D89825CEE1241F8F719FFF13EFFFFFFFFF0007F921F9225FAB874075830D0E36455B
112A0F17F9F281E89C11D9E625CEF8241F8971AFFF13EFFFFFFFFF0007F921F9225FAB874175830E0E36455B
11291D17F9B481E89911D9EC25CEBD23FF8D71AFFF13DFFFFFFFFF0007F921F9225FAB874075830F0E36455B
1126D317F94381E89511DA2C25CE8D23FF9471AFFF13DFFFFFFFFF0007F921F9225FAB87407583100E36455B
1122C217F8AC81E89C11DA5825CEC5242F9771AFFF13DFFFFFFFFF0007F921F9225FAB87407583110E36455B
11208617F89481E89911D96325CEC0245F9B71AFFF13EFFFFFFFFF0007F921F9225FAB87407583120E36455B
1120EB17F8B781E89511D5C125CE5E245F9A71AFFF13EFFFFFFFFF0007F921F9225FAB87407583130E36455B
11213017F88B81E89C11D43325CDFF243F9971BFFF13DFFFFFFFFF0007F921F9225FAB87407583140F36455B
111FA417F7FD81E89211D39C25CDB6241F9A71BFFF13DFFFFFFFFF0007F921F9225FAB87407583150F36455B
111D4A17F75781E89511D33A25CD71241F9C71AFFF13DFFFFFFFFF0007F921F9225FAB87407583160F36455B
111AFE17F68D81E89511D28D25CD48240F9B71BFFF13DFFFFFFFFF0007F921F9225FAB87407583170F36455B
11163217F56781E89211D0C225CCD0240F9771BFFF13EFFFFFFFFF0007F921F9225FAB87407583180F36455B
11128817F42B81E89511CD9025CBFC240F9571BFFF13DFFFFFFFFF0007F921F9225FAB87407583190F36455B
110B8017F30281E89511C9B525CB4723FF9571BFFF13DFFFFFFFFF0007F921F9225FAB874075831A0F36455B
11051F17F23D81E88D11C8AA25CA91240F9771BFFF13DFFFFFFFFF0007F921F9225FAB874075831B0F36455B
11022C17F22681E89211C66425C979240F9771CFFF13DFFFFFFFFF0007F921F9225FAB874075831C0F36455B
11023A17F23081E89511C3DC25C898240F9771CFFF13DFFFFFFFFF0007F921F9225FAB874075831D0F36455B
11012817F22781E88D11C27425C860240F9371CFFF13DFFFFFFFFF0007F921F9225FAB874075831E0F36455B
1100C817F1F081E89211C12F25C8C5241F9471CFFF13DFFFFFFFFF0007F921F9225FAB874075831F0F36455B
11013317F24081E88D11C39B25C976241F9771DFFF13DFFFFFFFFF0007F921F9225FAB87407583200F36455B
1104B517F32B81E88611C5EB25CA94243F9471DFFF13DFFFFFFFFF0007F921F9225FAB87407583210F36455B
1107FD17F3FE81E89211CC6425CCEA244F9271EFFF13DFFFFFFFFF0007F921F9225FAB87407583220F36455B
110BBE17F4D581E88D11D41A25CF60244F8E71EFFF13DFFFFFFFFF0007F921F9225FAB87407583230F36455B
11102317F5D281E88611D8BD25D0D3242F8A71FFFF13DFFFFFFFFF0007F921F9225FAB87407583240F36455B
11130517F63C81E88B11DC3025D1E4241F8471FFFF13DFFFFFFFFF0007F921F9225FAB87407583250F36455B
1113A417F5B281E88D11DCF425D274241F86721FFF13DFFFFFFFFF0007F921F9225FAB87417583260F36455B
1112AB17F57781E88611DAAF25D22C243F82721FFF13DFFFFFFFFF0007F921F9225FAB87407583270F36455B
11170417F62E81E88B11DA8525D1CC243F7C722FFF13DFFFFFFFFF0007F921F9225FAB87407583280F36455B
1119AA17F6E181E88611DE7C25D128243F7B723FFF13DFFFFFFFFF0007F921F9225FAB87407583290F36455B
111A1417F71D81E88611DB8E25D057242F7A723FFF13EFFFFFFFFF0007F921F9225FAB874075832A0F36455B
11194D17F6D581E88611D75525D104241F78725FFF13DFFFFFFFFF0007F921F9225FAB874075832B0F36455B
11179817F69A81E88311E14625D429240F73725FFF13DFFFFFFFFF0007F921F9225FAB874075832C1036455B
11168B17F6A181E88611EAFA25D667240F77726FFF13DFFFFFFFFF0007F921F9225FAB874075832D1036455B
1116F117F75181E88611EC3A25D64A241F82727FFF13DFFFFFFFFF0007FA21F9225FAB874075832E1036455B
111E4A17F96581E88311E68D25D4A0240F89727FFF13DFFFFFFFFF0007FB21F9225FAB874075832F1036455B
1125E917FB7481E87F11DDCD25D30B240F8D728FFF13DFFFFFFFFF0007FB21F9225FAB87407583301036455B
112A5117FBD481E88611DCAD25D2DD241F91728FFF13DFFFFFFFFF0007FB21F9225FAB87407583311036455B
112A7817FADA81E88311E2AA25D339244F94728FFF13DFFFFFFFFF0007FB21F9225FAB87407583321036455B
1127FC17F9CE81E87F11E3FA25D285246F99727FFF13DFFFFFFFFF0007FB21F9225FAB87407583331036455B
11254517F92181E87711E2E925D2B4246F9B727FFF13DFFFFFFFFF0007FB21F9225FAB87407583341036455B
1122AF17F8A981E88311E5BD25D460246F9E727FFF13DFFFFFFFFF0007FB21F9225FAB87407583351036455B
111F2417F85181E87F11E91125D5AD246FA0727FFF13DFFFFFFFFF0007FB21F9225FAB87407583361036455B
111D7817F8B181E87F11EB9925D634247FA1727FFF13DFFFFFFFFF0007FB21F9225FAB87407583371036455B
111F9117F98E81E87C11EC9E25D682248FA4727FFF13DFFFFFFFFF0007FB21F9225FAB87407583381036455B
11257017FA9C81E87F11ED8725D6C9246F9C726FFF13DFFFFFFFFF0007FB21F9225FAB87407583391036455B
11289017FB5581E87711EE8D25D744246F95725FFF13DFFFFFFFFF0007FB21F9225FAB874075833A1036455B
112BF817FC1281E87F11EFE025D854246F95725FFF13DFFFFFFFFF0007FB21F9225FAB874075833B1036455B
11316E17FCBF81E87411F36925D9D1246F95725FFF13DFFFFFFFFF0007FB21F9225FAB874075833C1036455B
11335317FD2D81E87F11F7B725DAF2246F94724FFF13DFFFFFFFFF0007FB21F9225FAB874075833D1036455B
11346B17FD8D81E87711FA6C25DB69247F99723FFF13DFFFFFFFFF0007FB21F9225FAB874175833E1036455B
11358917FD9281E87C11F9CC25DB4F248F99723FFF13DFFFFFFFFF0007FB21F9225FAB874075833F1036455B
1135C417FD5E81E87711F91D25DB34248F97723FFF13DFFFFFFFFF0007FB21F9225FAB87407583401036455B
11353317FD3F81E87711FA0625DBB1249F96722FFF13DFFFFFFFFF0007FB21F9225FAB87407583411036455B
11356217FD4E81E87411FCFA25DBF524AF96722FFF13DFFFFFFFFF0007FB21F9225FAB87407583421036455B
11364517FD6581E87711FE4925DB7524CF95721FFF13DFFFFFFFFF0007FB21F9225FAB87407583431036455B
11371F17FD7381E87711FC9825DA3924AF96721FFF13DFFFFFFFFF0007FB21F9225FAB87407583441136455B
1137A417FD7981E87411F7FB25D89C247F97721FFF13CFFFFFFFFF0007FB21F9225FAB87407583451136455B
11377917FD8381E87711F2B025D789249F9B721FFF13CFFFFFFFFF0007F921F9225FAB87407583461136455B
11376217FD9D81E87011EFDC25D728248F9F720FFF13DFFFFFFFFF0007F921F9225FAB87407583471136455B
11376117FDA281E87411EF5325D723246FA1720FFF13DFFFFFFFFF0007F921F9225FAB87407583481136455B
1137D717FDB681E87711EF2425D723245FA471FFFF13CFFFFFFFFF0007F921F9225FAB87407583491136455B
1138B217FDC981E87711EF8E25D71F244FA371FFFF13CFFFFFFFFF0007F921F9225FAB874075834A1136455B
11397417FDE981E87011F0A825D6F7241F9F71EFFF13CFFFFFFFFF0007F921F9225FAB874075834B1136455B
113A1217FE0881E87411F04625D6A6240F8F71EFFF13DFFFFFFFFF0007F921F9225FAB874075834C1136455B
113AC317FE2381E87011ED9325D66C23EF8771DFFF13CFFFFFFFFF0007F921F9225FAB874075834D1136455B
113BEC17FE3E81E87711EB0625D6EC23DF8271CFFF13CFFFFFFFFF0007F921F9225FAB874075834E1136455B
113C9117FE3C81E87411E9CC25D7F923DF8871CFFF13CFFFFFFFFF0007F921F9225FAB874075834F1136455B
113C5417FE2A81E87011EDA825D93223DF9071BFFF13CFFFFFFFFF0007F921F9225FAB87407583501136455B
113BB917FE1481E87711F24E25DA2323CF9771BFFF13CFFFFFFFFF0007F921F9225FAB87407583511136455B
113B1517FDD181E86D11F4E825DABE23DF9B71BFFF13CFFFFFFFFF0007F921F9225FAB87407583521136455B
11392417FD4381E87711F67725DAE123DF9C71AFFF13CFFFFFFFFF0007F921F9225FAB87407583531136455B
11349617FCD081E87011F77825DAE823CF9871AFFF13CFFFFFFFFF0007F921F9225FAB87407583541136455B
1133B017FCA681E87411F89225DB3223CF9471AFFF13CFFFFFFFFF0007F921F9225FAB87407583551136455B
11353F17FCBD81E87011F9D925DBAB23CF8C71AFFF13CFFFFFFFFF0007F921F9225FAB87407583561136455B
11367B17FCE481E87711FB8E25DC4423BF8F71AFFF13CFFFFFFFFF0007F921F9225FAB87407583571136455B
11365917FCE981E87411FE3925DD2323CF93719FFF13CFFFFFFFFF0007F921F9225FAB87417583581136455B
11369E17FCCF81E87012001825DDBA23DF97719FFF13CFFFFFFFFF0007F921F9225FAB87407583591136455B
11360217FC8781E87712001025DE3323DF99719FFF13CFFFFFFFFF0007F921F9225FAB874075835A1136455B
11344717FC3781E8741200F525DEB223FF9C719FFF13CFFFFFFFFF0007F921F9225FAB874075835B1136455B
11312517FBFA81E8701202C925DF0C242F9E719FFF13CFFFFFFFFF0007F921F9225FAB874075835C1236455B
11313717FBAB81E8771204CA25DF46243F9E718FFF13CFFFFFFFFF0007F921F9225FAB874075835D1236455B
112EA017FB5481E8771206AD25DF93243F9D719FFF13CFFFFFFFFF0007F921F9225FAB874075835E1236455B
112AF217FB1581E8741207D225DFD6241FA2719FFF13CFFFFFFFFF0007F921F9225FAB874075835F1236455B
11294817FAFC81E87012082825DFF223FFA8719FFF13CFFFFFFFFF0007F921F9225FAB87407583601236455B
1129A917FB0C81E87712078A25DFC323EFAB719FFF13CFFFFFFFFF0007F921F9225FAB87407583611236455B
112ACA17FB3781E87412069E25DF77240FA8719FFF13CFFFFFFFFF0007F921F9225FAB87407583621236455B
112C3217FB5881E87F1205ED25DF37242FA4719FFF13CFFFFFFFFF0007F921F9225FAB87407583631236455B
112D7717FB8381E87712057A25DF28243FA2719FFF13CFFFFFFFFF0007F921F9225FAB87407583641236455B
112E0017FBA581E87412051125DF22243FA571AFFF13CFFFFFFFFF0007F921F9225FAB87407583651236455B
112E5E17FBC881E87F1204E225DF2C246FA971AFFF13CFFFFFFFFF0007F921F9225FAB87407583661236455B
112F6917FBEA81E87712039225DF44246FAA71AFFF13CFFFFFFFFF0007F921F9225FAB87407583671236455B
11307E17FC0781E87C12030A25DF3D244FA971AFFF13CFFFFFFFFF0007F921F9225FAB87407583681236455B
11315417F66381E87712025625DF0C242FAA71AFFF13CFFFFFFFFF0007F921F9225FAB87407583691236455B
1130C117F65B81E87F1202BC25DEF0243FAB71BFFF13CFFFFFFFFF0007F921F9225FAB874075836A1236455B
112FDA17FA4B81E87C1203E325DED1243FA971BFFF13BFFFFFFFFF0007F921F9225FAB874075836B1236455B
112F2617FB3781E87F12042E25DE68244FA071BFFF13CFFFFFFFFF0007F921F9225FAB874075836C1236455B
112C8417FAC681E8771202A825DDE7245F9971BFFF13CFFFFFFFFF0007F921F9225FAB874075836D1236455B
112A8817FA1E81E87F12000425DD6C245F9971BFFF13DFFFFFFFFF0007F921F9225FAB874075836E1236455B
11297317F92581E88311FF5425DCE7245F9871CFFF13CFFFFFFFFF0007F921F9225FAB874175836F1236455B
11230117F88B81E87F11FF5825DC3D245F9771CFFF13CFFFFFFFFF0007F921F9225FAB87407583701236455B
111E7C17F82C81E87F11FE5625DBC8245F9771DFFF13CFFFFFFFFF0007F921F9225FAB87407583711236455B
1118C117F75A81E88311FAB625DB0F243F9971DFFF13CFFFFFFFFF0007F921F9225FAB87407583721236455B
110E9717F64D81E87F11F5C025DA4B240F9A71DFFF13DFFFFFFFFF0007F921F9225FAB87407583731236455B
1107D117F5AE81E88611F1B225D9BF23EF9071DFFF13CFFFFFFFFF0007F921F9225FAB87407583741336455B
11078917F56B81E88311ED0925D94223DF8571DFFF13CFFFFFFFFF0007F921F9225FAB87407583751336455B
1106A517F4BE81E88611E92525D8C823DF8371DFFF13CFFFFFFFFF0007F721F9225FAB87407583761336455B
1102B017F41481E88611E6E225D86623FF7F71DFFF13CFFFFFFFFF0007F721F9225FAB87407583771336455B
1100F217F3AE81E88311E5E225D819245F8171EFFF13CFFFFFFFFF0007F721F9225FAB87407583781336455B
11003917F35981E88611E26825D7AC248F8871EFFF13CFFFFFFFFF0007F721F9225FAB87407583791336455B
10FF2D17F31181E88611E04F25D764245F8D71EFFF13CFFFFFFFFF0007F721F9225FAB874075837A1336455B
10FE1217F2DF81E88B11DFE525D773243F8C71EFFF13CFFFFFFFFF0007F721F9225FAB874075837B1336455B
10FCD117F2BA81E88611E2C225D789242F8971FFFF13CFFFFFFFFF0007F721F9225FAB874075837C1336455B
10FC5B17F2B481E88D11E6BA25D777246F8D71FFFF13CFFFFFFFFF0007F721F9225FAB874075837D1336455B
10FC8B17F2BE81E88D11E8F825D72C24CF8F71FFFF13CFFFFFFFFF0007F721F9225FAB874075837E1336455B
10FE4417F30181E88B11EB0A25D70C24CF8F720FFF13CFFFFFFFFF0007F721F9225FAB874075837F1336455B
11010917F36E81E88611EC7625D72C248F91721FFF13CFFFFFFFFF0007F721F9225FAB87407583801336455B
11054D17F42581E88D11ED9C25D711244F95722FFF13CFFFFFFFFF0007F721F9225FAB87407583811336455B
110A8417F4D481E89211ECA725D62B242F99722FFF13CFFFFFFFFF0007F721F9225FAB87407583821336455B
110DFF17F50D81E88D11E73025D490243F91723FFF13CFFFFFFFFF0007F721F9225FAB87407583831336455B
110AB917F4D981E88D11E1B825D30C242F8A724FFF13CFFFFFFFFF0007F721F9225FAB87407583841336455B
1106DB17F4C281E89211DCAB25D241240F8C724FFF13CFFFFFFFFF0007F721F9225FAB87407583851336455B
110AA317F4DD81E88D11D88425D1D623EF8E725FFF13CFFFFFFFFF0007F721F9225FAB87417583861336455B
1111BA17F4FB81E89511D5C125D15123CF90725FFF13CFFFFFFFFF0007F721F9225FAB87407583871336455B
11126517F48381E88B11D54B25D0D823BF92726FFF13CFFFFFFFFF0007F721F9225FAB87407583881336455B
110B0B17F3CD81E89511D41A25D06F23DF93727FFF13CFFFFFFFFF0007F721F9225FAB87407583891336455B
11060317F37F81E89511D22725D03523FF91728FFF13CFFFFFFFFF0007F721F9225FAB874075838A1336455B
1104A717F34781E88D11D10725CFF023FF79728FFF13CFFFFFFFFF0007F721F9225FAB874075838B1336455B
11021117F32C81E89211D00825CF8223FF59729FFF13CFFFFFFFFF0007F721F9225FAB874075838C1436455B
11024D17F31381E89511CDDF25CEDC23EF59729FFF13CFFFFFFFFF0007F721F9225FAB874075838D1436455B
11000217F28681E89511CADC25CE4323EF6672AFFF13CFFFFFFFFF0007F621F9225FAB874075838E1436455B
10FA9017F19F81E89211C87D25CDC323EF7072AFFF13CFFFFFFFFF0007F521F9225FAB874075838F1436455B
10F53217F0F281E89511C76B25CD6A23DF6F72AFFF13CFFFFFFFFF0007F421F9225FAB87407583901436455B
10F22417F09D81E89511C70725CCF623DF7372AFFF13CFFFFFFFFF0007F421F9225FAB87407583911436455B
10F08B17F07081E89911C5BB25CC2923EF7A72AFFF13BFFFFFFFFF0007F521F9225FAB87407583921436455B
10F03F17F05E81E88D11C29725CB5323FF8272BFFF13CFFFFFFFFF0007F521F9225FAB87407583931436455B
10F04217F05C81E89511BF8B25CAC423FF8772AFFF13CFFFFFFFFF0007F521F9225FAB87407583941436455B
10F01417F06481E89211BCC325CA5223EF8B72AFFF13CFFFFFFFFF0007F521F9225FAB87407583951436455B
10EFED17F08381E89511BB7725C9D623EF8F72AFFF13BFFFFFFFFF0007F521F9225FAB87407583961436455B
10F0BA17F0B681E89511BA6525C94123EF9172AFFF13CFFFFFFFFF0007F521F9225FAB87407583971436455B
10F1EA17F0E881E89911B82C25C8A7240F9272AFFF13BFFFFFFFFF0007F521F9225FAB87407583981436455B
10F4A717F10481E88D11B5F025C866241F8E729FFF13CFFFFFFFFF0007F521F9225FAB87407583991436455B
10F5CC17F0F281E89511B53A25C844240F8672AFFF13BFFFFFFFFF0007F521F9225FAB874075839A1436455B
10F4E917F0D281E89511B5AB25C80123FF69729FFF13CFFFFFFFFF0007F521F9225FAB874075839B1436455B
10F2BA17F0C181E89211B5E425C7D423DF5D729FFF13BFFFFFFFFF0007F521F9225FAB874075839C1436455B
10F11617F0A181E89511B60C25C7E523DF68729FFF13CFFFFFFFFF0007F521F9225FAB874075839D1436455B
10F15717F09381E89511B65F25C7FB240F7872AFFF13CFFFFFFFFF0007F521F9225FAB874075839E1436455B
10F11F17F08681E89211B68125C7F2245F8372AFFF13CFFFFFFFFF0007F521F9225FAB874175839F1436455B
10F1C317F09F81E88D11B6D925C7C1247F8A729FFF13CFFFFFFFFF0007F521F9225FAB87407583A01436455B
10F2D517F0D081E89511B74625C7AC245F8C729FFF13CFFFFFFFFF0007F521F9225FAB87407583A11436455B
10F3A117F12481E89211B74625C7D0243F8C72AFFF13CFFFFFFFFF0007F521F9225FAB87407583A21436455B
10F58A17F17581E88D11B75E25C817241F8D72AFFF13CFFFFFFFFF0007F521F9225FAB87407583A31436455B
10F85917F19781E89511B84825C844241F8772AFFF13CFFFFFFFFF0007F521F9225FAB87407583A41536455B
10F8D417F17881E89211B91A25C853240F7D72AFFF13BFFFFFFFFF0007F521F9225FAB87407583A51536455B
10F76D17F12E81E88D11B92A25C86823FF7672AFFF13BFFFFFFFFF0007F521F9225FAB87407583A61536455B
10F57B17F0E581E88D11B97B25C86F23FF7D72AFFF13CFFFFFFFFF0007F521F9225FAB87407583A71536455B
10F3C717F08681E89511B8E525C7ED23DF83729FFF13CFFFFFFFFF0007F521F9225FAB87407583A81536455B
10F1F517F03B81E88B11B7BB25C74823DF8372AFFF13CFFFFFFFFF0007F521F9225FAB87407583A91536455B
10F08417F00E81E88D11B6A525C6C523CF7972AFFF13BFFFFFFFFF0007F521F9225FAB87407583AA1536455B
10EF2817EFDC81E88D11B5B325C69B23DF76729FFF13CFFFFFFFFF0007F521F9225FAB87407583AB1536455B
10EDC017EFB681E88B11B5BF25C69023FF7C729FFF13BFFFFFFFFF0007F521F9225FAB87407583AC1536455B
10ECFB17EFA981E88D11B5AF25C661242F80729FFF13CFFFFFFFFF0007F421F9225FAB87407583AD1536455B
10ECED17EFA881E88D11B54225C62B243F85728FFF13CFFFFFFFFF0007F321F9225FAB87407583AE1536455B
10ECCD17EF8B81E88B11B54A25C624243F7D729FFF13BFFFFFFFFF0007F221F9225FAB87407583AF1536455B
10EC8117EF5D81E88611B52E25C620242F7E729FFF13BFFFFFFFFF0007F221F9225FAB87407583B01536455B
10EC6317EF5181E88D11B4D225C5FF241F7F728FFF13CFFFFFFFFF0007F321F9225FAB87407583B11536455B
10EC2F17EF4981E88311B49925C5E6242F85728FFF13CFFFFFFFFF0007F321F9225FAB87407583B21536455B
10EC1617EF4681E88D11B45D25C5BB243F8D727FFF13CFFFFFFFFF0007F321F9225FAB87407583B31536455B
10EC2F17EF3D81E88611B42D25C5B5243F90727FFF13BFFFFFFFFF0007F321F9225FAB87407583B41536455B
10EC4C17EF3281E88B11B40425C5B1243F90727FFF13CFFFFFFFFF0007F321F9225FAB87407583B51536455B
10EC5117EF3081E87F11B3F825C5A8244F8E728FFF13CFFFFFFFFF0007F321F9225FAB87407583B61536455B
10EC1A17EF2881E88D11B3F425C599244F8B727FFF13CFFFFFFFFF0007F321F9225FAB87417583B71536455B
10EBF117EF2181E87F11B3F425C5A1245F6A727FFF13CFFFFFFFFF0007F321F9225FAB87407583B81536455B
10EC0617EF2081E88B11B3FC25C5B9244F5C727FFF13CFFFFFFFFF0007F221F9225FAB87407583B91536455B
10EC2317EF1881E88611B40025C5B3244F66726FFF13CFFFFFFFFF0007F321F9225FAB87407583BA1536455B
10EC5317EF1581E87F11B40C25C59C244F71726FFF13CFFFFFFFFF0007F321F9225FAB87407583BB1536455B
10EC7C17EF0C81E88311B41025C588245F7D725FFF13CFFFFFFFFF0007F321F9225FAB87407583BC1636455B
10EC9117EF1381E88611B41825C590243F80725FFF13BFFFFFFFFF0007F221F9225FAB87407583BD1636455B
10ECA317EF1D81E87F11B42925C5A1242F84725FFF13BFFFFFFFFF0007F121F9225FAB87407583BE1636455B
10ECAF17EF2081E88311B43425C599241F8A725FFF13CFFFFFFFFF0007F021F9225FAB87407583BF1636455B
10ECBE17EF1481E87F11B43D25C59B241F8E724FFF13CFFFFFFFFF0007F021F9225FAB87407583C01636455B
10ECB717EF0781E87F11B44D25C5B0241F8E724FFF13CFFFFFFFFF0007F021F9225FAB87407583C11636455B
10ECC917EF0881E88B11B46125C5BD241F7F723FFF13CFFFFFFFFF0007F021F9225FAB87407583C21636455B
10ECD617EF0A81E87711B46D25C5C6242F79723FFF13CFFFFFFFFF0007F121F9225FAB87407583C31636455B
10ECE817EF0681E87F11B48925C5C2244F7E723FFF13CFFFFFFFFF0007F021F9225FAB87407583C41636455B
10ECF517EF0D81E87C11B4A625C5CE243F7A722FFF13CFFFFFFFFF0007F121F9225FAB87407583C51636455B
10ECFF17EF0B81E88611B4BE25C5D8243F7B722FFF13CFFFFFFFFF0007F121F9225FAB87407583C61636455B
10ED0017EF0E81E87F11B4D225C5CC245F7F721FFF13BFFFFFFFFF0007F021F9225FAB87407583C71636455B
10ED1317EF1381E87F11B4E625C5D5248F6D721FFF13CFFFFFFFFF0007F121F9225FAB87407583C81636455B
10ED1A17EF1181E87C11B4EE25C5E6247F5F721FFF13CFFFFFFFFF0007F121F9225FAB87407583C91636455B
10ED2617EF1481E87711B50225C5F1246F69721FFF13CFFFFFFFFF0007F021F9225FAB87407583CA1636455B
10ED2E17EF1981E87F11B50E25C5ED247F7B721FFF13CFFFFFFFFF0007F121F9225FAB87407583CB1636455B
10ED2E17EF1681E88311B51225C5D0249F87720FFF13CFFFFFFFFF0007F121F9225FAB87407583CC1636455B
10ED2A17EF1981E87711B51B25C5C8249F8C720FFF13CFFFFFFFFF0007F021F9225FAB87407583CD1636455B
10ED3217EF1681E87711B52225C5E2246F8E71FFFF13CFFFFFFFFF0007F021F9225FAB87407583CE1636455B
10ED3517EF1581E88311B52225C5FD242F8F71FFFF13BFFFFFFFFF0007F121F9225FAB87407583CF1636455B
10ED3E17EF1981E87F11B51E25C5FE240F8F71FFFF13CFFFFFFFFF0007F121F9225FAB87417583D01636455B
10ED3917EF1281E87711B51A25C5DD240F9371FFFF13CFFFFFFFFF0007F021F9225FAB87407583D11636455B
10ED2E17EF0B81E87C11B50E25C5C4240F9671FFFF13CFFFFFFFFF0007F021F9225FAB87407583D21636455B
10ED1F17EF0681E87F11B50225C5CC240F9271EFFF13CFFFFFFFFF0007F121F9225FAB87407583D31636455B
10ED1617EF0581E87F11B50225C5D7240F8F71EFFF13BFFFFFFFFF0007F121F9225FAB87407583D41736455B
10ED0817EEF881E87C11B4EE25C5EC242F8F71EFFF13BFFFFFFFFF0007F121F9225FAB87407583D51736455B
10ECF817EEF081E87711B4E625C5D9243F9171DFFF13BFFFFFFFFF0007F121F9225FAB87407583D61736455B
10ECE917EEEB81E87F11B4CE25C5AA245F9271CFFF13CFFFFFFFFF0007F121F9225FAB87407583D71736455B
10ECD517EEE681E87F11B4BE25C5A3245F8F71CFFF13CFFFFFFFFF0007F121F9225FAB87407583D81736455B
10ECC617EEE481E87C11B4A125C59F244F8D71CFFF13CFFFFFFFFF0007F121F9225FAB87407583D91736455B
10ECAE17EEE881E88611B48125C58A243F8A71BFFF13BFFFFFFFFF0007F121F9225FAB87407583DA1736455B
10EC9817EEF281E87711B46925C571242F8B71BFFF13BFFFFFFFFF0007F121F9225FAB87407583DB1736455B
10EC8817EEF881E88311B44525C550241F9271AFFF13CFFFFFFFFF0007F021F9225FAB87407583DC1736455B
10EC7617EF0281E87F11B41C25C54D23EF9871BFFF13CFFFFFFFFF0007F121F9225FAB87407583DD1736455B
10EC6517EF0081E87F11B3E825C57023DF9471BFFF13CFFFFFFFFF0007F021F9225FAB87407583DE1736455B
10EC4C17EEF781E88311B39025C5B523FF8D71AFFF13BFFFFFFFFF0007F121F9225FAB87407583DF1736455B
10EC3A17EEF481E88611B34325C5DB240F8B719FFF13CFFFFFFFFF0007F121F9225FAB87407583E01736455B
10EC1D17EEF481E87F11B2FB25C60F241F88719FFF13CFFFFFFFFF0007F121F9225FAB87407583E11736455B
10EC0017EEF181E88311B2E025C63E244F8A719FFF13BFFFFFFFFF0007F121F9225FAB87407583E21736455B
10EBE017EEEF81E88611B2E325C649246F88719FFF13BFFFFFFFFF0007F121F9225FAB87407583E31736455B
10EBB717EEF781E88611B2EB25C61C247F84718FFF13BFFFFFFFFF0007F021F9225FAB87407583E41736455B
10EBB617EF0681E88B11B2EF25C5F9246F86718FFF13CFFFFFFFFF0007F121F9225FAB87407583E51736455B
10EBBF17EF1381E87F11B2E325C601243F8B718FFF13CFFFFFFFFF0007F021F9225FAB87407583E61736455B
10EBCD17EF1581E88D11B2E525C5FE241F8F717FFF13BFFFFFFFFF0007F121F9225FAB87417583E71736455B
10EBCE17EF1181E88611B2FF25C5F5242F92717FFF13BFFFFFFFFF0007F121F9225FAB87407583E81736455B
10EB9F17EF1481E88B11B33B25C5FF242F88717FFF13BFFFFFFFFF0007F121F9225FAB87407583E91736455B
10EB7917EF1581E88611B35325C611241F7F716FFF13CFFFFFFFFF0007F021F9225FAB87407583EA1736455B
10EB6517EF1981E88D11B34725C5E9243F82716FFF13CFFFFFFFFF0007F021F9225FAB87407583EB1736455B
10EB5317EF1281E88B11B34225C5E0244F88716FFF13BFFFFFFFFF0007F121F9225FAB87407583EC1836455B
10EB3717EF0781E88D11B33725C5FB243F88716FFF13BFFFFFFFFF0007F021F9225FAB87407583ED1836455B
10EB0D17EEF881E89511B31F25C5EA242F89716FFF13BFFFFFFFFF0007F121F9225FAB87407583EE1836455B
10EADF17EEF081E88B11B2E725C5C1240F8A716FFF13CFFFFFFFFF0007F121F9225FAB87407583EF1836455B
10EAB117EEEF81E89511B2B425C5AA241F8B715FFF13BFFFFFFFFF0007F021F9225FAB87407583F01836455B
10EA7F17EEF381E89511B26E25C599241F89715FFF13BFFFFFFFFF0007F121F9225FAB87407583F11836455B
10EA5C17EEF081E89211B25625C58F243F64715FFF13BFFFFFFFFF0007F121F9225FAB87407583F21836455B
10EA2D17EEE781E89511B24225C58C245F3A714FFF13BFFFFFFFFF0007F121F9225FAB87407583F31836455B
10E9CB17EED881E89511B21A25C56B244F42713FFF13CFFFFFFFFF0007F021F9225FAB87407583F41836455B
10E91817EEC381E89C11B1B125C55B243F5A714FFF13BFFFFFFFFF0007F121F9225FAB87407583F51836455B
10E8A317EEB581E89911B15025C57F241F6E714FFF13BFFFFFFFFF0007F121F9225FAB87407583F61836455B
10E8AC17EEB381E89511B0FC25C56B241F78714FFF13BFFFFFFFFF0007F121F9225FAB87407583F71836455B
10E87217EEB781E89C11B0BF25C567241F80714FFF13BFFFFFFFFF0007F121F9225FAB87407583F81836455B
10E84717EEB081E8A111B08325C570259F87713FFF13CFFFFFFFFF0007F121F9225FAB87407583F91836455B
10E82517EEAA81E89C11B07B25C585284F89713FFF13BFFFFFFFFF0007F021F9225FAB87407583FA1836455B
10E81517EEA881E8A311B07225C57328CF86713FFF13BFFFFFFFFF0007F021F9225FAB87407583FB1836455B
10E7DC17EE9781E8A111B07725C55D27FF87713FFF13BFFFFFFFFF0007F021F9225FAB87407583FC1836455B
10E78B17EE8E81E89C11B04B25C54526FF87713FFF13BFFFFFFFFF0007F121F9225FAB87407583FD1836455B
10E73A17EE8181E8A311AFC825C52B262F80712FFF13CFFFFFFFFF0007F021F9225FAB87407583FE1836455B
10E6B117EE7D81E8A811AF2E25C51125AF7D713FFF13BFFFFFFFFF0007F021F9225FAB87417583FF1836455B
10E63017EE6C81E8A311AEC625C517255F7E712FFF13BFFFFFFFFF0007F121F9225FAB87407583001836455B
10E60917EE6A81E8AB11AEB625C516254F82712FFF13BFFFFFFFFF0007F021F9225FAB87407583011836455B
10E61D17EE7181E8A311AE9125C514255F89712FFF13CFFFFFFFFF0007F121F9225FAB87407583021836455B
10E5F217EE7681E8A811AE6925C51A254F8D713FFF13CFFFFFFFFF0007F021F9225FAB87407583031836455B
10E5A517EE7381E8AB11AE6D25C516250F89712FFF13BFFFFFFFFF0007F021F9225FAB87407583041936455B
10E59617EE7281E8AB11AE6525C51424DF8B712FFF13BFFFFFFFFF0007F121F9225FAB87407583051936455B
10E56817EE7281E8B011AE6525C4ED24CF8B712FFF13BFFFFFFFFF0007F221F9225FAB87407583061936455B
10E52A17EE7581E8AB11AE7125C4F324EF81712FFF13CFFFFFFFFF0007F321F9225FAB87407583071936455B
10E51317EE6E81E8AB11AE6D25C51A250F78712FFF13BFFFFFFFFF0007F321F9225FAB87407583081936455B
10E4F017EE6C81E8B011AE7125C51E24EF78712FFF13BFFFFFFFFF0007F321F9225FAB87407583091936455B
10E49017EE7081E8B211AE4D25C50224DF7D711FFF13BFFFFFFFFF0007F321F9225FAB874075830A1936455B
10E48817EE7581E8B211AE1425C506250F7B712FFF13BFFFFFFFFF0007F321F9225FAB874075830B1936455B
10E4AF17EE7381E8B011ADE525C539253F7C712FFF13CFFFFFFFFF0007F321F9225FAB874075830C1936455B
10E4DE17EE7281E8B211ADE825C54E257F7E712FFF13CFFFFFFFFF0007F221F9225FAB874075830D1936455B
10E51317EE7681E8B211ADED25C543253F7F711FFF13BFFFFFFFFF0007F321F9225FAB874075830E1936455B
10E53217EE7381E8B211ADA925C532251F7F711FFF13CFFFFFFFFF0007F321F9225FAB874075830F1936455B
10E52A17EE7581E8B711AD4725C513251F80712FFF13CFFFFFFFFF0007F321F9225FAB87407583101936455B
10E4F417EE7781E8B211AD0425C50B252F7B712FFF13CFFFFFFFFF0007F321F9225FAB87407583111936455B
10E43617EE7781E8BA11AD0225C52525EF79712FFF13CFFFFFFFFF0007F321F9225FAB87407583121936455B
10E3F217EE7B81E8B011AD2C25C53A263F7E712FFF13BFFFFFFFFF0007F321F9225FAB87407583131936455B
10E42C17EE8181E8BA11AD4325C56025DF84712FFF13BFFFFFFFFF0007F321F9225FAB87407583141936455B
10E46617EE7E81E8BA11AD6025C570255F88712FFF13BFFFFFFFFF0007F321F9225FAB87407583151936455B
10E45317EE8481E8B711ADF125C58524EF87712FFF13CFFFFFFFFF0007F321F9225FAB87407583161936455B
10E45C17EE8781E8B211AE5D25C5AC24AF84713FFF13BFFFFFFFFF0007F321F9225FAB87417583171936455B
10E48117EE8881E8BA11AE7925C5CA248F82713FFF13BFFFFFFFFF0007F321F9225FAB87407583181936455B
10E4C617EE8781E8B211AE8125C5D1246F86713FFF13BFFFFFFFFF0007F321F9225FAB87407583191936455B
10E52217EE8781E8B711AE5D25C5D1245F8B713FFF13CFFFFFFFFF0007F221F9225FAB874075831A1936455B
10E55C17EE8B81E8BA11AE3125C5DD248F90713FFF13CFFFFFFFFF0007F321F9225FAB874075831B1936455B
10E56C17EE8D81E8B211AE0425C5C824AF92714FFF13BFFFFFFFFF0007F221F9225FAB874075831C1A36455B
10E57B17EE8D81E8B711ADF525C59924AF8F714FFF13BFFFFFFFFF0007F321F9225FAB874075831D1A36455B
10E5A917EE8481E8BA11ADF025C5AC249F8B714FFF13BFFFFFFFFF0007F321F9225FAB874075831E1A36455B
10E5D017EE7F81E8B211AECE25C612246F85715FFF13CFFFFFFFFF0007F321F9225FAB874075831F1A36455B
10E58217EE7D81E8B011B24225C6A4243F89715FFF13BFFFFFFFFF0007F221F9225FAB87407583201A36455B
10E54917EE7481E8BA11B4D625C71E243F8D715FFF13BFFFFFFFFF0007F321F9225FAB87407583211A36455B
10E51B17EE6981E8B211B58825C726246F8C715FFF13BFFFFFFFFF0007F321F9225FAB87407583221A36455B
10E52617EE7881E8B011B52A25C6EC247F8B715FFF13BFFFFFFFFF0007F321F9225FAB87407583231A36455B
10E58E17EEA581E8B211B50E25C6C8246F85715FFF13CFFFFFFFFF0007F321F9225FAB87407583241A36455B
10E67417EED781E8B211B50A25C6C8244F81715FFF13CFFFFFFFFF0007F321F9225FAB87407583251A36455B
10E7D417EF0881E8B211B47125C689245F85715FFF13CFFFFFFFFF0007F321F9225FAB87407583261A36455B
10E96517EF4681E8B011B39C25C60D246F89715FFF13CFFFFFFFFF0007F321F9225FAB87407583271A36455B
10EA9E17EF7381E8B211B2B425C59D249F8A715FFF13CFFFFFFFFF0007F321F9225FAB87407583281A36455B
10EBA817EF7D81E8AB11B1F925C57024AF89715FFF13CFFFFFFFFF0007F321F9225FAB87407583291A36455B
10EC4017EF7481E8B011B16925C58324AF87715FFF13CFFFFFFFFF0007F321F9225FAB874075832A1A36455B
10EC2317EF5D81E8A311B10025C578FFFFFFFFFFFFFFFFFFFFFFFF0007F321F9225FAB874075A32B1A36455B
10EC1A17EF8481E8AB11B0AF25C565FFFFFFFFFFFFFFFFFFFFFFFF0007F321F9225FAB874075A32C1A36455B
10EDBD17F00081E8A811B09025C548FFFFFFFFFFFFFFFFFFFFFFFF0007F321F9225FAB874175A32D1A36455B
10F06517F0A181E8AB11B09825C525FFFFFFFFFFFFFFFFFFFFFFFF0007F221F9225FAB874075A32E1A36455B
10F32917F11381E8A311B08625C51CFFFFFFFFFFFFFFFFFFFFFFFF0007F321F9225FAB874075832F1A36455B
10F51317F14781E8A311B08825C52FFFFFFFFFFFFFFFFFFFFFFFFF0007F321F9225FAB874075A3301A36455B
10F68D17F13481E8A111B06F25C536FFFFFFFFFFFFFFFFFFFFFFFF0007F321F9225FAB874075A3311A36455B
10F5D817F0B881E8A311B01125C50FFFFFFFFFFFFFFFFFFFFFFFFF0007F221F9225FAB874075A3321A36455B
10F21317F05581E89C11AFCB25C523FFFFFFFFFFFFFFFFFFFFFFFF0007F321F9225FAB87407593331A36455B
10F16717F09F81E8A111AFCF25C51AFFFFFFFFFFFFFFFFFFFFFFFF0007F321F9225FAB874075A3341B36455B
10F42C17F11481E89C11B00D25C52FFFFFFFFFFFFFFFFFFFFFFFFF0007F321F9225FAB874075A3351B36455B
10F64817F12881E89C11B03F25C556FFFFFFFFFFFFFFFFFFFFFFFF0007F321F9225FAB87407593361B36455B
10F6AC17F0F081E89911B03725C54DFFFFFFFFFFFFFFFFFFFFFFFF0007F321F9225FAB87407593371B36455B
10F60217F09481E89511AFE125C513FFFFFFFFFFFFFFFFFFFFFFFF0007F221F9225FAB874075A3381B36455B
10F3DB17F01681E89511AFBF25C4EFFFFFFFFFFFFFFFFFFFFFFFFF0007F321F9225FAB874075A3391B36455B
10F09417EFB381E89911AFCB25C4FCFFFFFFFFFFFFFFFFFFFFFFFF0007F321F9225FAB874075A33A1B36455B
10EE0517EF6481E89511AFD425C50FFFFFFFFFFFFFFFFFFFFFFFFF0007F321F9225FAB874075933B1B36455B
10EC4617EF2C81E88D11AFDB25C51AFFFFFFFFFFFFFFFFFFFFFFFF0007F321F9225FAB874075A33C1B36455B
10EB4E17EF0F81E88D11AFE325C50A6BBF7F70FFFF13CFFFFFFFFF0007F321F9225FAB874075833D1B36455B
10EB4317EF0681E89211AFF125C4DC24AF8370FFFF13BFFFFFFFFF0007F321F9225FAB874075833E1B36455B
10EB3717EEFC81E88611B05F25C4E224AF8070EFFF13BFFFFFFFFF0007F321F9225FAB874075833F1B36455B
10EB5E17EEF181E88611B10425C50F24AF8170EFFF13BFFFFFFFFF0007F221F9225FAB87407583401B36455B
10EBC917EEEB81E88B11B13C25C529248F8570EFFF13BFFFFFFFFF0007F321F9225FAB87407583411B36455B
10EC4A17EEF681E88611B18125C520FFFFFFFFFFFFFFFFFFFFFFFF0007F221F9225FAB87407583421B36455B
10ECD617EF0A81E88611B20925C516FFFFFFFFFFFFFFFFFFFFFFFF0007F321F9225FAB874075A3431B36455B
10ED6F17EF1081E88311B2F325C520FFFFFFFFFFFFFFFFFFFFFFFF0007F321F9225FAB874075A3441B36455B
10ED9617EEFB81E88611B32F25C572FFFFFFFFFFFFFFFFFFFFFFFF0007F321F9225FAB874075B3451B36455B
10ED1E17EEE481E87F11B30525C5D4FFFFFFFFFFFFFFFFFFFFFFFF0007F321F9225FAB874075A3461B36455B
10EC6E17EED681E87C11B32325C5E4FFFFFFFFFFFFFFFFFFFFFFFF0007F221F9225FAB874175A3471B36455B
10EC2317EECB81E87F11B37C25C5AEFFFFFFFFFFFFFFFFFFFFFFFF0007F321F9225FAB874075A3481B36455B
10EBFF17EEC181E87711B3C425C570FFFFFFFFFFFFFFFFFFFFFFFF0007F321F9225FAB874075A3491B36455B
10EB5E17EEB981E87C11B47125C57BFFFFFFFFFFFFFFFFFFFFFFFF0007F221F9225FAB874075A34A1B36455B
10EACF17EEB881E87711B5A725C5D7FFFFFFFFFFFFFFFFFFFFFFFF0007F321F9225FAB874075A34B1B36455B
10EAEA17EEC981E87711B79325C667FFFFFFFFFFFFFFFFFFFFFFFF0007F321F9225FAB874075A34C1C36455B
10EBD417EEE381E87711B78325C6CEFFFFFFFFFFFFFFFFFFFFFFFF0007F321F9225FAB874075A34D1C36455B
10ECF017EEFE81E87411B86025C731FFFFFFFFFFFFFFFFFFFFFFFF0007F321F9225FAB874075A34E1C36455B
10EDD017EF1181E87711BA7925C77FFFFFFFFFFFFFFFFFFFFFFFFF0007F421F9225FAB874075A34F1C36455B
10EE8817EF2A81E87011BC6E25C7D06BAF8870DFFF13CFFFFFFFFF0007F521F9225FAB87407593501C36455B
10EF8917EF5581E86D11BE2625C806245F8E70DFFF13BFFFFFFFFF0007F521F9225FAB87407583511C36455B
10F0DC17EF8281E87711BF4125C82A244F8F70CFFF13BFFFFFFFFF0007F521F9225FAB87407583521C36455B
10F22F17EFA581E87011BEDA25C826246F8B70CFFF13BFFFFFFFFF0007F521F9225FAB87407593531C36455B
10F2B217EFB681E86611BE0625C7F5246F8870CFFF13CFFFFFFFFF0007F521F9225FAB87407583541C36455B
10F2BA17EFC181E87011BDF225C7C5249F8270DFFF13BFFFFFFFFF0007F521F9225FAB87407583551C36455B
10F32917EFDC81E86811BEAC25C7E824AF7B70DFFF13BFFFFFFFFF0007F521F9225FAB87407583561C36455B
10F42017F00581E87411BF5F25C824249F7E70DFFF13BFFFFFFFFF0007F521F9225FAB87407583571C36455B
10F4FC17F01881E86811BEE425C839247F7370CFFF13BFFFFFFFFF0007F521F9225FAB87407583581C36455B
10F55517F02781E86811BEA425C842246F6F70CFFF13BFFFFFFFFF0007F521F9225FAB87407583591C36455B
10F54117F02B81E86D11BEFA25C84A246F7770CFFF13BFFFFFFFFF0007F521F9225FAB874075835A1C36455B
10F57B17F03B81E86811BFEB25C846245F8270DFFF13BFFFFFFFFF0007F521F9225FAB874075835B1C36455B
10F5FE17F04881E86811C0C225C831243F8670DFFF13BFFFFFFFFF0007F521F9225FAB874075835C1C36455B
10F67217F05C81E86611C08D25C837243F8170DFFF13BFFFFFFFFF0007F521F9225FAB874075935D1C36455B
10F6B417F06281E86111BFAA25C83C243F7E70DFFF13BFFFFFFFFF0007F521F9225FAB874075835E1C36455B
10F63C17F07181E87011BEE025C848241F7F70DFFF13BFFFFFFFFF0007F521F9225FAB874175835F1C36455B
10F64017F06281E86111BEBE25C84623FF8770DFFF13BFFFFFFFFF0007F521F9225FAB87407583601C36455B
10F70517F05881E86611BF3525C83E23DF8D70CFFF13BFFFFFFFFF0007F521F9225FAB87407583611C36455B
10F6ED17F04681E86811C01025C84823CF9170CFFF13CFFFFFFFFF0007F421F9225FAB87407593621C36455B
10F64B17F03581E86811C19B25C84623BF9370DFFF13BFFFFFFFFF0007F521F9225FAB87407583631C36455B
10F5AD17F01881E86611C2DC25C84423CF9470CFFF13BFFFFFFFFF0007F521F9225FAB87407583641D36455B
10F4DD17F00C81E86111C33225C85123EF8B70DFFF13BFFFFFFFFF0007F521F9225FAB87407583651D36455B
10F43717F00281E86811C34625C85623FF8370DFFF13BFFFFFFFFF0007F521F9225FAB87407583661D36455B
10F3EB17F00781E86611C35A25C85623FF8170CFFF13BFFFFFFFFF0007F521F9225FAB87407583671D36455B
10F3BC17F01281E86811C32925C84823FF8370CFFF13BFFFFFFFFF0007F521F9225FAB87407583681D36455B
10F3AC17F02181E86811C2D425C81D23EF8870CFFF13BFFFFFFFFF0007F521F9225FAB87407583691D36455B
10F3C717F04A81E86611C0B525C7D623EF8970CFFF13BFFFFFFFFF0007F521F9225FAB874075836A1D36455B
10F41517F07381E86111BE3625C79C240F8570CFFF13BFFFFFFFFF0007F521F9225FAB874075836B1D36455B
10F40E17F07D81E86811BC4D25C763240F8870CFFF13BFFFFFFFFF0007F521F9225FAB874075836C1D36455B
10F3AC17F06C81E86D11BAFA25C733240F8B70CFFF13BFFFFFFFFF0007F521F9225FAB874075836D1D36455B
10F33117F05E81E86811BAB125C735240F8770CFFF13BFFFFFFFFF0007F521F9225FAB874075836E1D36455B
10F2F417F06081E86811BA6125C726241F7D70CFFF13BFFFFFFFFF0007F521F9225FAB874075836F1D36455B
10F2E017F06181E86611B98F25C713241F7C70CFFF13BFFFFFFFFF0007F521F9225FAB87407583701D36455B
10F2C117F06581E87011B90625C70F241F7870CFFF13BFFFFFFFFF0007F521F9225FAB87407583711D36455B
10F29B17F05681E86811B89125C6F5242F7E70BFFF13BFFFFFFFFF0007F521F9225FAB87407593721D36455B
10F27C17F04081E86811B85825C6D2242F8770CFFF13BFFFFFFFFF0007F521F9225FAB87407583731D36455B
10F1EA17F01A81E86D11B83C25C6B6244F8D70BFFF13AFFFFFFFFF0007F521F9225FAB87407583741D36455B
10F0C617EFF381E87011B84825C6B6245F8B70BFFF13BFFFFFFFFF0007F521F9225FAB87407583751D36455B
10F09F17EFDD81E86811B80425C6C1247F8D70BFFF13BFFFFFFFFF0007F521F9225FAB87407583761D36455B
10F07417EFD981E87411B7A325C6E2249F8B70CFFF13BFFFFFFFFF0007F521F9225FAB87417593771D36455B
10F03717EFD581E87011B7D325C6D924CF8B70CFFF13BFFFFFFFFF0007F521F9225FAB87407593781D36455B
10F01817EFD781E87011B7F725C6D324CF8B70BFFF13BFFFFFFFFF0007F521F9225FAB87407583791D36455B
10F02017EFC981E86D11B7C325C6C624CF8570CFFF13BFFFFFFFFF0007F521F9225FAB874075837A1D36455B
10EF9417EFA781E87711B74625C6C224DF8070CFFF13AFFFFFFFFF0007F421F9225FAB874075837B1D36455B
10EE5617EF7481E87011B6DD25C6AE24CF8470CFFF13AFFFFFFFFF0007F521F9225FAB874075837C1E36455B
10ED0F17EF4A81E87411B64425C69424BF8970CFFF13AFFFFFFFFF0007F521F9225FAB874075837D1E36455B
10EC1417EF3081E87011B59925C66D24BF8E70CFFF13AFFFFFFFFF0007F521F9225FAB874075837E1E36455B
10EB6517EF1681E87711B51A25C65C24CF9470CFFF13BFFFFFFFFF0007F521F9225FAB874075837F1E36455B
10EAB817EF0781E87C11B48D25C64024FF9670DFFF13BFFFFFFFFF0007F521F9225FAB87407583801E36455B
10EA2A17EF0081E87711B3F425C62424FF8E70DFFF13BFFFFFFFFF0007F521F9225FAB87407593811E36455B
10E9E917EEEF81E87711B38825C5F724FF8C70DFFF13AFFFFFFFFF0007F521F9225FAB87407583821E36455B
10E9C117EEE681E87411B35325C5EB24DF8D70DFFF13AFFFFFFFFF0007F521F9225FAB87407583831E36455B
10E98217EEDC81E87F11B35625C5DE24AF8970EFFF13BFFFFFFFFF0007F521F9225FAB87407583841E36455B
10E95117EED081E87711B33F25C5D424BF8970EFFF13AFFFFFFFFF0007F521F9225FAB87407583851E36455B
10E96C17EECE81E87F11B31F25C5CA24BF8770EFFF13AFFFFFFFFF0007F521F9225FAB87407583861E36455B
10E98517EEC281E87C11B2CF25C5A724AF8770FFFF13AFFFFFFFFF0007F521F9225FAB87407583871E36455B
10E96117EEB981E87F11B25625C59D24BF8C70FFFF13AFFFFFFFFF0007F521F9225FAB87407583881E36455B
10E8D917EEB481E87F11B21E25C5AA24CF9170FFFF13AFFFFFFFFF0007F521F9225FAB87407583891E36455B
10E81517EEB381E88311B24E25C5CF24AF9270FFFF13AFFFFFFFFF0007F521F9225FAB874075838A1E36455B
10E78B17EEAF81E87F11B2FF25C600248F8F710FFF13AFFFFFFFFF0007F521F9225FAB874075838B1E36455B
10E72C17EEAE81E88611B3B025C626248F8F710FFF13AFFFFFFFFF0007F521F9225FAB874075838C1E36455B
10E6D617EEAE81E88311B41025C62224AF8D710FFF13AFFFFFFFFF0007F521F9235FAB874175838D1E36455B
10E67D17EEAE81E88611B3CB25C60A24DF87711FFF13AFFFFFFFFF0007F521F9235FAB874075838E1E36455B
10E62C17EEA681E87F11B37C25C60A24DF83711FFF13AFFFFFFFFF0007F521F9235FAB874075838F1E36455B
10E5F917EE9A81E88B11B37825C63424EF82711FFF13AFFFFFFFFF0007F521F9235FAB87407583901E36455B
10E5C817EE9C81E88611B40825C63B24DF6D712FFF13AFFFFFFFFF0007F521F9235FAB87407583911E36455B
10E59A17EE9581E88611B49925C62524CF67712FFF13AFFFFFFFFF0007F521F9235FAB87407583921E36455B
10E5A517EE9681E88B11B41025C618249F76712FFF13AFFFFFFFFF0007F521F9235FAB87407583931E36455B
10E5F917EED581E88611B31F25C60F248F81712FFF13AFFFFFFFFF0007F521F9235FAB87407583941F36455B
10E7C417EF5081E88D11B2C225C606247F88713FFF13AFFFFFFFFF0007F421F9235FAB87407583951F36455B
10EA4517EFBF81E88611B2AE25C617246F8B713FFF13AFFFFFFFFF0007F321F9235FAB87407583961F36455B
10EB9F17F00681E88B11B2B225C645245F8C713FFF13AFFFFFFFFF0007F321F9235FAB87407583971F36455B
10ED0B17F02581E88D11B30525C69F244F8F713FFF13AFFFFFFFFF0007F221F9235FAB87407583981F36455B
10ED9217EFFA81E88D11B3A025C6ED243F91713FFF13AFFFFFFFFF0007F321F9235FAB87407583991F36455B
10EC3E17EFBC81E88B11B4F225C711243F92713FFF13AFFFFFFFFF0007F321F9235FAB874075839A1F36455B
10EAD317EF8981E89511B5A325C711244F90713FFF13AFFFFFFFFF0007F321F9235FAB874075839B1F36455B
10E9FB17EF6081E88D11B61825C728243F8B714FFF13AFFFFFFFFF0007F321F9235FAB874075839C1F36455B
10E9D617EF5281E88B11B6A125C765242F8C714FFF13AFFFFFFFFF0007F321F9235FAB874075839D1F36455B
10E96117EF3481E89511B6ED25C77C242F90714FFF13AFFFFFFFFF0007F321F9235FAB874075839E1F36455B
10E88517EF1281E88D11B73A25C77F241F87714FFF13AFFFFFFFFF0007F321F9235FAB874075839F1F36455B
10E7FE17EEFE81E89211B76625C79823FF76715FFF13AFFFFFFFFF0007F221F9235FAB87407583A01F36455B
10E74517EEF181E89511B77625C7BA240F79715FFF13AFFFFFFFFF0007F321F9235FAB87407583A11F36455B
10E6A317EEE381E88D11B7CB25C7C9243F84715FFF13AFFFFFFFFF0007F321F9235FAB87407583A21F36455B
10E69617EEDF81E89511B80425C7F3247F8C715FFF139FFFFFFFFF0007F321F9235FAB87407583A31F36455B
10E6B317EEE281E89211B85025C81224AF87714FFF139FFFFFFFFF0007F321F9235FAB87407583A41F36455B
10E70417EEE881E89511B8A925C82C24AF85715FFF13AFFFFFFFFF0007F321F9235FAB87407583A51F36455B
10E7AE17EEF181E88D11B8FA25C84D246F8A714FFF13AFFFFFFFFF0007F321F9235FAB87407583A61F36455B
10E86E17EF0481E89211B9B325C868244F86714FFF13AFFFFFFFFF0007F321F9235FAB87417583A71F36455B
10E89517EF0681E89C11BA5925C89C243F81714FFF139FFFFFFFFF0007F321F9235FAB87407583A81F36455B
10E88117EF0881E89511BABE25C8CC243F82714FFF139FFFFFFFFF0007F321F9235FAB87407583A91F36455B
10E82517EF0681E89211BB5B25C8C9243F85713FFF13AFFFFFFFFF0007F321F9235FAB87407593AA1F36455B
10E7DF17EF1981E89511BBB025C8B8242F89713FFF13AFFFFFFFFF0007F321F9235FAB87407583AB1F36455B
10E85317EF2C81E88D11BBDE25C8DB244F8E714FFF13AFFFFFFFFF0007F321F9235FAB87407583AC2036455B
10E95517EF3481E89911BC2125C8FB249F93714FFF139FFFFFFFFF0007F321F9235FAB87407583AD2036455B
10E9E417EF4681E89511BC6625C91424AF8A713FFF139FFFFFFFFF0007F121F9235FAB87407583AE2036455B
10EA3217EF4C81E89511BC5E25C91B24EF75713FFF13AFFFFFFFFF0007F121F9235FAB87407583AF2036455B
10EA5817EF6081E89911BCAA25C928255F6E713FFF139FFFFFFFFF0007F021F9235FAB87407583B02036455B
10E9E217EF7F81E88D11BD8025C939257F6E713FFF139FFFFFFFFF0007F021F9235FAB87407583B12036455B
10EA0317EFC481E89511BDF625C96B254F6F713FFF139FFFFFFFFF0007F021F9235FAB87407583B22036455B
10EAE317F01B81E89511BE5B25C97A251F70713FFF139FFFFFFFFF0007F121F9235FAB87407583B32036455B
10EC3317F05981E89211BEAC25C98D24DF78713FFF139FFFFFFFFF0007F021F9235FAB87407583B42036455B
10EDE317F08781E89511BEAE25C99424DF82713FFF13AFFFFFFFFF0007F121F9235FAB87407583B52036455B
10EEEA17F0D881E89511BF0925C9A024EF88713FFF139FFFFFFFFF0007F121F9235FAB87407583B62036455B
10F1CF17F14581E89211BF8A25C9DC24DF85713FFF139FFFFFFFFF0007F121F9235FAB87407583B72036455B
10F62517F1A681E89511BFD825CA3F24CF83713FFF1FFFFFFFFFFF0007F021F9235FAB87407583B82036455B
10F8EF17F1F081E89511C08525CA6CFFFFFFFFFFFFFFFFFFFFFFFF0007F021F9235FAB874075A3B92036455B
10FB2B17F24081E89211C19425CA6DFFFFFFFFFFFFFFFFFFFFFFFF0007F121F9235FAB874075A3BA2036455B
10FD8717F27F81E88D11C23C25CA9FFFFFFFFFFFFFFFFFFFFFFFFF0007F121F9235FAB874075A3BB2036455B
10FE8517F2BB81E89511C26F25CA75FFFFFFFFFFFFFFFFFFFFFFFF0007F021F9235FAB874075A3BC2036455B
10FF5017F30181E89211C27025CA41FFFFFFFFFFFFFFFFFFFFFFFF0007F121F9235FAB874075A3BD2036455B
10FF9917F32281E89511C28725CA51FFFFFFFFFFFFFFFFFFFFFFFF0007F121F9235FAB874075A3BE2036455B
10FF5517F32081E88D11C25F25CA4CFFFFFFFFFFFFFFFFFFFFFFFF0007F121F9235FAB874175A3BF2036455B
11000617F33581E88D11C1B725CA1BFFFFFFFFFFFFFFFFFFFFFFFF0007F121F9235FAB874075A3C02036455B
1100F617F36381E89211C07525C9BEFFFFFFFFFFFFFFFFFFFFFFFF0007F021F9235FAB87407593C12036455B
11025517F37F81E88D11BFB725C968FFFFFFFFFFFFFFFFFFFFFFFF0007F021F9235FAB874075A3C22036455B
1102A517F39981E88D11BF4925C969FFFFFFFFFFFFFFFFFFFFFFFF0007F021F9235FAB874075A3C32036455B
11030E17F3BC81E89211BF8A25C98BFFFFFFFFFFFFFFFFFFFFFFFF0007F121F9235FAB874075A3C42136455B
1103C017F3EB81E88D11BFB725C979FFFFFFFFFFFFFFFFFFFFFFFF0007F121F9235FAB874075A3C52136455B
1104E917F40781E88D11BF0E25C97EFFFFFFFFFFFFFFFFFFFFFFFF0007F321F9235FAB874075A3C62136455B
11067017F41681E88B11BF7A25C9BDFFFFFFFFFFFFFFFFFFFFFFFF0007F521F9235FAB874075A3C72136455B
11071517F41881E88D11C05025C9AFFFFFFFFFFFFFFFFFFFFFFFFF0007F521F9235FAB874075A3C82136455B
1106F417F41481E88D11C06125C978FFFFFFFFFFFFFFFFFFFFFFFF0007F521F9235FAB87407593C92136455B
11069617F41281E88B11BF4125C908FFFFFFFFFFFFFFFFFFFFFFFF0007F521F9235FAB874075A3CA2136455B
1105FB17F40A81E88D11BEA825C8CDFFFFFFFFFFFFFFFFFFFFFFFF0007F421F9235FAB874075A3CB2136455B
11058A17F3FF81E88611BE3925C89EFFFFFFFFFFFFFFFFFFFFFFFF0007F521F9235FAB874075A3CC2136455B
1104DD17F3ED81E88611BDF625C877FFFFFFFFFFFFFFFFFFFFFFFF0007F521F9235FAB874075A3CD2136455B
11043C17F3CE81E88B11BDA125C855FFFFFFFFFFFFFFFFFFFFFFFF0007F521F9235FAB874075A3CE2136455B
11036E17F3AA81E88611BD9525C826FFFFFFFFFFFFFFFFFFFFFFFF0007F521F9235FAB874075A3CF2136455B
1102BC17F39B81E88611BDDD25C819FFFFFFFFFFFFFFFFFFFFFFFF0007F521F9235FAB874075A3D02136455B
11023D17F39F81E88311BE2E25C7DF258F87709FFF139FFFFFFFFF0007F521F9235FAB87407583D12136455B
1101D717F39381E88611BE5F25C7D824AF79709FFF139FFFFFFFFF0007F521F9235FAB87407583D22136455B
11014F17F36781E87F11BE3225C7E9FFFFFFFFFFFFFFFFFFFFFFFF0007F521F9235FAB874075A3D32136455B
1100C017F32F81E88B11BE1525C7E1FFFFFFFFFFFFFFFFFFFFFFFF0007F521F9235FAB87407593D42136455B
10FFE717F2F281E87F11BE3225C7E9FFFFFFFFFFFFFFFFFFFFFFFF0007F521F9235FAB87407583D52136455B
10FF1917F2C081E88611BE4F25C808FFFFFFFFFFFFFFFFFFFFFFFF0007F521F9235FAB874075A3D62136455B
10FE4C17F29081E88311BE8325C82AFFFFFFFFFFFFFFFFFFFFFFFF0007F521F9235FAB87417593D72136455B
10FD6417F24C81E87F11BE9225C7FFFFFFFFFFFFFFFFFFFFFFFFFF0007F521F9235FAB87407593D82136455B
10FC8B17F20681E87F11BE8F25C7F4FFFFFFFFFFFFFFFFFFFFFFFF0007F521F9235FAB874075A3D92136455B
10FA8117F1CB81E87C11BE8F25C831FFFFFFFFFFFFFFFFFFFFFFFF0007F521F9235FAB874075A3DA2136455B
10F8C517F1AA81E87F11BE7F25C837FFFFFFFFFFFFFFFFFFFFFFFF0007F521F9235FAB874075A3DB2136455B
10F7DD17F19281E87F11BE5525C7F9FFFFFFFFFFFFFFFFFFFFFFFF0007F521F9235FAB874075A3DC2236455B
10F77517F18581E87F11BED025C7F9258F87707FFF139FFFFFFFFF0007F521F9235FAB87407583DD2236455B
10F74217F17281E87C11BFDB25C87324BF8A708FFF139FFFFFFFFF0007F621F9235FAB87407583DE2236455B
10F73717F14E81E87711C15625C90E24BF8F708FFF139FFFFFFFFF0007F721F9235FAB87407583DF2236455B
10F77C17F11981E87F11C2FD25C98924BF93708FFF139FFFFFFFFF0007F721F9235FAB87407583E02236455B
10F74617F0F281E87411C4A425C9E524DF93708FFF139FFFFFFFFF0007F721F9235FAB87407583E12236455B
10F62517F0DD81E87F11C5CE25CA1B24BF95709FFF138FFFFFFFFF0007F721F9235FAB87407583E22236455B
10F51717F0DD81E87711C64425CA08248F96709FFF139FFFFFFFFF0007F721F9235FAB87407583E32236455B
10F47117F0E281E87C11C67925C9E2245F95709FFF139FFFFFFFFF0007F721F9235FAB87407593E42236455B
10F44317F0E881E87711C58925C9CB243F8970AFFF139FFFFFFFFF0007F721F9235FAB87407583E52236455B
10F46417F0F681E87711C4A425C9EE244F7270BFFF139FFFFFFFFF0007F721F9235FAB87407583E62236455B
10F47517F11681E87411C49A25CA0E246F6670BFFF139FFFFFFFFF0007F721F9235FAB87407583E72236455B
10F4AB17F12881E87711C50525CA15247F6770BFFF139FFFFFFFFF0007F721F9235FAB87407583E82236455B
10F51F17F14481E87711C4E725CA21246F6C70CFFF139FFFFFFFFF0007F721F9235FAB87407583E92236455B
10F60A17F17C81E87411C4D125CA1F248F7470CFFF139FFFFFFFFF0007F721F9235FAB87407583EA2236455B
10F92917F1B681E87711C4C725C9FC24BF7D70DFFF139FFFFFFFFF0007F721F9235FAB87407583EB2236455B
10FC0017F21181E87011C47C25C9CB250F8370DFFF139FFFFFFFFF0007F721F9235FAB87407583EC2236455B
10FE4017F27181E87C11C3AB25C9A4256F7F70DFFF139FFFFFFFFF0007F721F9235FAB87407593ED2236455B
10FEC317F2A381E87011C38E25C99C25AF7570EFFF139FFFFFFFFF0007F721F9235FAB87407583EE2236455B
10FC3217F2AA81E87011C3BB25C9D025BF7070EFFF139FFFFFFFFF0007F721F9235FAB87417583EF2236455B
10F9DF17F29581E87011C49425CA0B259F7170EFFF138FFFFFFFFF0007F721F9235FAB87407583F02236455B
10F91617F27C81E87411C70325CA29255F7770EFFF139FFFFFFFFF0007F721F9235FAB87407583F12236455B
10F83617F25A81E87711C80425CA5C250F8170FFFF139FFFFFFFFF0007F721F9235FAB87407583F22236455B
10F82217F24381E87011C8A625CA9824CF8670FFFF139FFFFFFFFF0007F721F9235FAB87407583F32236455B
10F96317F23D81E87411C8C125CAAD24BF8770FFFF139FFFFFFFFF0007F721F9235FAB87407583F42336455B
10F9B417F22E81E87011C82025CA9C24DF8770FFFF139FFFFFFFFF0007F721F9235FAB87407583F52336455B
10F9EA17F20B81E87711C72A25CAA2270F8870FFFF139FFFFFFFFF0007F821F9235FAB87407583F62336455B
10FA6E17F1F881E86D11C68525CAA02D1F8970FFFF139FFFFFFFFF0007F921F9235FAB87407583F72336455B
10FA3017F1F881E87711C68525CAB82EFF85710FFF139FFFFFFFFF0007F921F9235FAB87407583F82336455B
10F96F17F1FF81E87011C6D125CAD62CFF81710FFF138FFFFFFFFF0007F921F9235FAB87407583F92336455B
10F86017F20781E87411C7A125CAE12A6F86710FFF139FFFFFFFFF0007F921F9235FAB87407583FA2336455B
10F7CD17F1ED81E87011C8E225CAE3289F8470FFFF139FFFFFFFFF0007F921F9235FAB87407583FB2336455B
10F79317F1D781E87011C98425CAD627AF77710FFF139FFFFFFFFF0007F921F9235FAB87407583FC2336455B
10F75D17F1CC81E87411C94325CAC526FF77710FFF139FFFFFFFFF0007F921F9235FAB87407583FD2336455B
10F75617F1B981E87711C8AA25CAAD265F7F710FFF138FFFFFFFFF0007F921F9235FAB87407593FE2336455B
10F71817F19E81E87011C83925CAC025FF8370FFFF139FFFFFFFFF0007F921F9235FAB87407583FF2336455B
10F6F517F19C81E87711C84725CAF0259F7F70FFFF139FFFFFFFFF0007F921F9235FAB87407583002336455B
10F78417F1B181E87411C87925CB10253F6770FFFF139FFFFFFFFF0007F921F9235FAB87407583012336455B
10F7CD17F1C981E87011C87525CB13250F5370FFFF139FFFFFFFFF0007F921F9235FAB87407583022336455B
10F83217F1D781E87711C7EE25CB15251F6170FFFF139FFFFFFFFF0007F921F9235FAB87407583032336455B
10F89E17F1EC81E87411C72625CB1D250F7770FFFF139FFFFFFFFF0007F921F9235FAB87407593042336455B
10F94817F20D81E87711C68D25CAFE24CF8470FFFF139FFFFFFFFF0007F921F9235FAB87407583052336455B
10FAD317F25981E87711C63825CACD248F8C70FFFF139FFFFFFFFF0007F921F9235FAB87417583062336455B
10FCB617F2CC81E87411C5D325CAA6245F8A70FFFF139FFFFFFFFF0007F921F9235FAB87407593072336455B
10FEC817F32681E87711C57D25CA7D247F7F70FFFF139FFFFFFFFF0007F921F9235FAB87407583082336455B
11000617F33481E87711C52A25CA3F248F7870EFFF139FFFFFFFFF0007F921F9235FAB87407583092336455B
11003517F35381E87C11C4E925CA32249F7D70FFFF139FFFFFFFFF0007F921F9235FAB874075930A2336455B
11008217F3B081E87711C4CF25CA5624BF8470FFFF139FFFFFFFFF0007F921F9235FAB874075830B2336455B
11023C17F41581E87711C4F125CA9624CF8970FFFF139FFFFFFFFF0007F921F9235FAB874075830C2436455B
11045E17F46381E87C11C56525CAA724EF8C70FFFF138FFFFFFFFF0007F921F9235FAB874075830D2436455B
11062A17F4A581E87F11C5C725CAC024CF8B70FFFF139FFFFFFFFF0007FA21F9235FAB874075830E2436455B
1107AE17F4D781E87711C5DE25CAAF24BF8870FFFF139FFFFFFFFF0007FB21F9235FAB874075930F2436455B
1108A417F4FA81E88311C53A25CA9A24CF8B70FFFF139FFFFFFFFF0007FB21F9235FAB87407593102436455B
11095617F51781E87711C4C725CA8224BF8B70FFFF139FFFFFFFFF0007FB21F9235FAB87407593112436455B
110A4017F52681E87F11C49425CA4824AF8A70FFFF138FFFFFFFFF0007FB21F9235FAB87407593122436455B
110AAB17F51C81E87F11C3F425CA10247F8A70FFFF139FFFFFFFFF0007FB21F9235FAB87407583132436455B
110A7017F50C81E87C11C35E25CA07246F8B70FFFF139FFFFFFFFF0007FB21F9235FAB87407583142436455B
110A1F17F4FF81E87F11C2D425C9F7245F8D70FFFF139FFFFFFFFF0007FB21F9235FAB87407593152436455B
1109BC17F4FD81E88611C27C25C9EC245F8B70FFFF138FFFFFFFFF0007FB21F9235FAB87407593162436455B
1109B717F51E81E87C11C23E25C9C9248F8970FFFF139FFFFFFFFF0007FB21F9235FAB87407583172436455B
110A1717F55681E87F11C23025C99224CF8870FFFF139FFFFFFFFF0007FB21F9235FAB87407593182436455B
110AE117F58581E88611C1E925C96F24FF8970FFFF139FFFFFFFFF0007FB21F9235FAB87407583192436455B
110B9B17F59881E88311C17025C95C250F8770FFFF139FFFFFFFFF0007FB21F9235FAB874075831A2436455B
110C1B17F59E81E88611C11E25C95E24EF7570EFFF138FFFFFFFFF0007FB21F9235FAB874075831B2436455B
110D0317F5B581E88611C0DA25C94C24EF7170EFFF138FFFFFFFFF0007FB21F9235FAB874075831C2436455B
110E0717F5D481E88311C06D25C94024EF7770EFFF139FFFFFFFFF0007FB21F9235FAB874075831D2436455B
110E5517F5E581E88611C01825C91124DF7F70EFFF139FFFFFFFFF0007FB21F9235FAB874075931E2436455B
110E7417F5EF81E88611BF0125C8DB24CF8170EFFF139FFFFFFFFF0007FB21F9235FAB874175831F2436455B
110EAA17F5F281E88B11BE1A25C8A1249F7E70EFFF138FFFFFFFFF0007FB21F9235FAB87407583202436455B
110EDC17F5F281E88611BDE525C871247F7A70DFFF139FFFFFFFFF0007FB21F9235FAB87407593212436455B
110EBA17F5FA81E88D11BD1F25C83A246F7E70EFFF139FFFFFFFFF0007FB21F9235FAB87407593222436455B
110E7817F60E81E88611BC8E25C7F0244F8570EFFF138FFFFFFFFF0007FB21F9235FAB87407593232436455B
110E6417F61781E88B11BABA25C7C3242F8B70DFFF139FFFFFFFFF0007FB21F9235FAB87407583242536455B
110E9717F61C81E88D11B81025C7B4246F8C70DFFF138FFFFFFFFF0007FB21F9235FAB87407583252536455B
110EBD17F62A81E88D11B76E25C79E24AF8770DFFF139FFFFFFFFF0007FB21F9235FAB87407583262536455B
110F3A17F63281E88311B86025C79824EF8570DFFF139FFFFFFFFF0007FB21F9235FAB87407583272536455B
110F7417F62781E89511B92625C77124FF7F70DFFF139FFFFFFFFF0007FB21F9235FAB87407583282536455B
110F4917F61781E88611B93A25C74424CF7370DFFF138FFFFFFFFF0007FB21F9235FAB87407583292536455B
110E8B17F60B81E89211B8E525C746255F7670CFFF138FFFFFFFFF0007FB21F9235FAB874075832A2536455B
110E5917F61C81E88D11B89525C764279F7E70CFFF138FFFFFFFFF0007FB21F9235FAB874075832B2536455B
110ECD17F63F81E88D11B87025C77A282F7B70CFFF139FFFFFFFFF0007FB21F9235FAB874075932C2536455B
110FAE17F66A81E89211B82C25C77127AF7670BFFF139FFFFFFFFF0007FB21F9235FAB874075832D2536455B
11107817F68981E89511B7B325C75326EF7870CFFF138FFFFFFFFF0007FB21F9235FAB874075832E2536455B
11114E17F68D81E88D11B75225C73E262F7E70CFFF138FFFFFFFFF0007FB21F9235FAB874075832F2536455B
11118017F68A81E88D11B72A25C73A259F8470CFFF138FFFFFFFFF0007FB21F9235FAB87407583302536455B
1110D917F68281E89911B79725C740256F8370CFFF138FFFFFFFFF0007FB21F9235FAB87407583312536455B
11107817F64381E89511B7AB25C742255F7970CFFF138FFFFFFFFF0007FB21F9235FAB87407583322536455B
110EE517F60481E88D11B68D25C73C252F7770CFFF138FFFFFFFFF0007FB21F9235FAB87407583332536455B
110B8717F5AE81E89211B4BE25C71924CF7B70CFFF138FFFFFFFFF0007FB21F9235FAB87407583342536455B
110A9317F53781E89C11B44525C6F5249F6F70DFFF139FFFFFFFFF0007FB21F9235FAB87407583352536455B
11086E17F4BA81E89511B54225C6E6249F6670CFFF138FFFFFFFFF0007FB21F9235FAB87407593362536455B
11068717F47281E89211B5D325C6F024AF6570DFFF139FFFFFFFFF0007FB21F9235FAB87417583372536455B
1105B917F43F81E89511B61025C6F5247F6C70DFFF138FFFFFFFFF0007FB21F9235FAB87407593382536455B
1104A917F3F681E89C11B58F25C6D4243F7070DFFF138FFFFFFFFF0007FB21F9235FAB87407593392536455B
1103D317F38A81E89211B4EE25C6CA242F7570DFFF139FFFFFFFFF0007FB21F9235FAB874075933A2536455B
1101D717F33681E89C11B4D625C6CB241F7970EFFF138FFFFFFFFF0007FB21F9235FAB874075833B2536455B
11002517F2F081E89511B4A925C6CA241F7F70EFFF138FFFFFFFFF0007FB21F9235FAB874075933C2636455B
10FF3817F2C181E89C11B3B025C6EA241F8170EFFF138FFFFFFFFF0007FB21F9235FAB874075933D2636455B
10FD9E17F2A581E89911B34725C6FB242F8070EFFF138FFFFFFFFF0007FB21F9235FAB874075833E2636455B
10FB3317F28381E89511B38425C6E3243F8070EFFF138FFFFFFFFF0007FD21F9235FAB874075833F2636455B
10F94C17F26081E89C11B37625C6E8244F8170EFFF138FFFFFFFFF0007FD21F9235FAB87407593402636455B
10F92917F25E81E89911B2E725C6D9244F7E70EFFF138FFFFFFFFF0007FD21F9235FAB87407583412636455B
10FA5017F27B81E89C11B27E25C6CC248F7E70EFFF138FFFFFFFFF0007FD21F9235FAB87407593422636455B
10FA8D17F28481E89C11B27625C6BD24DF8370FFFF138FFFFFFFFF0007FD21F9235FAB87407583432636455B
10F9FD17F28581E89911B2BC25C6AC250F8770FFFF138FFFFFFFFF0007FD21F9235FAB87407583442636455B
10F8E717F26F81E89C11B2B225C69424EF83710FFF138FFFFFFFFF0007FD21F9235FAB87407593452636455B
10F80317F24D81E89C11B30F25C68E24AF83711FFF138FFFFFFFFF0007FD21F9235FAB87407593462636455B
10F77117F24281E89911B3F025C681245F87711FFF138FFFFFFFFF0007FD21F9235FAB87407583472636455B
10F81E17F24881E89C11B48125C683242F85711FFF138FFFFFFFFF0007FD21F9235FAB87407593482636455B
10F83917F25081E89C11B48925C692240F74712FFF138FFFFFFFFF0007FD21F9235FAB87407583492636455B
10F7FC17F25681E8A311B49925C69D240F61712FFF138FFFFFFFFF0007FD21F9235FAB874075834A2636455B
10F6AC17F26181E89911B45D25C68B240F5C712FFF138FFFFFFFFF0007FD21F9235FAB874075834B2636455B
10F79317F28081E8A311B45125C678242F68713FFF138FFFFFFFFF0007FD21F9235FAB874075934C2636455B
10F9B417F29B81E89C11B4CA25C683245F75714FFF138FFFFFFFFF0007FD21F9235FAB874075934D2636455B
10FA9817F2C081E8A111B51625C68C249F7D714FFF138FFFFFFFFF0007FD21F9235FAB874075834E2636455B
10FBBA17F2F581E89C11B53225C6AE249F83714FFF138FFFFFFFFF0007FD21F9235FAB874175834F2636455B
10FF8617F33381E89C11B58B25C6B2249F87715FFF138FFFFFFFFF0007FD21F9235FAB87407583502636455B
11027317F33481E8A111B5CB25C6AA249F8A715FFF138FFFFFFFFF0007FD21F9235FAB87407583512636455B
1102DF17F31D81E8A311B5E125C6BB248F8B716FFF138FFFFFFFFF0007FD21F9235FAB87407593522636455B
11022617F30481E8A311B5AF25C6C2246F8D716FFF138FFFFFFFFF0007FD21F9235FAB87407583532636455B
11019517F2DF81E8A111B58325C6CE245F8E716FFF138FFFFFFFFF0007FD21F9235FAB87407593542736455B
11008217F2B881E89C11B56B25C6DF244F8A717FFF138FFFFFFFFF0007FD21F9235FAB87407583552736455B
10FEF117F29C81E8A311B59B25C704244F7E717FFF138FFFFFFFFF0007FD21F9235FAB87407593562736455B
10FD9217F29081E8A311B5EC25C735244F6C717FFF138FFFFFFFFF0007FD21F9235FAB87407583572736455B
10FCF417F2A081E8A111B64025C755243F61717FFF138FFFFFFFFF0007FD21F9235FAB87407583582736455B
10FEB117F2B981E8A311B6AD25C77C241F5F717FFF138FFFFFFFFF0007FD21F9235FAB87407593592736455B
11008E17F2DA81E8A311B74625C7C1240F67717FFF138FFFFFFFFF0007FD21F9235FAB874075935A2736455B
11003417F2F581E8A111B82025C7FB240F71717FFF138FFFFFFFFF0007FD21F9235FAB874075835B2736455B
11006A17F31A81E8A311B87025C84223FF76717FFF138FFFFFFFFF0007FD21F9235FAB874075935C2736455B
11013F17F34F81E89C11B96225C8B723FF76718FFF138FFFFFFFFF0007FD21F9235FAB874075835D2736455B
11035317F37381E8A811BB6F25C8FD23FF75717FFF138FFFFFFFFF0007FD21F9235FAB874075935E2736455B
11058717F39281E8A311BDC925C91D240F78717FFF138FFFFFFFFF0007FD21F9235FAB874075935F2736455B
11058E17F3AB81E89C11BFF025C944242F79717FFF138FFFFFFFFF0007FD21F9235FAB87407593602736455B
1103CB17F3C481E8A111C0D225C976244F75717FFF138FFFFFFFFF0007FD21F9235FAB87407593612736455B
11036317F3E981E8A311BF0925C9B6246F70717FFF138FFFFFFFFF0007FD21F9235FAB87407593622736455B
11054617F40E81E8A311BC2D25C9B4247F72717FFF138FFFFFFFFF0007FD21F9235FAB87407583632736455B
11069A17F43581E8A311BBBE25C9A7248F79716FFF138FFFFFFFFF0007FD21F9235FAB87407593642736455B
11079F17F44A81E8A111BD6425C9C524AF80716FFF138FFFFFFFFF0007FD21F9235FAB87407593652736455B
11082817F45781E8A311BF5A25CA07249F82716FFF138FFFFFFFFF0007FD21F9235FAB87407593662736455B
11078917F45581E8A311C0E125CA22249F81716FFF138FFFFFFFFF0007FD21F9235FAB87417583672736455B
1104C417F43381E8A811C27F25CA2C24AF77716FFF138FFFFFFFFF0007FD21F9235FAB87407593682736455B
11022E17F42081E89C11C2AC25CA2F24BF75716FFF138FFFFFFFFF0007FD21F9235FAB87407593692736455B
11002C17F41D81E8A311C24025CA4824BF78716FFF138FFFFFFFFF0007FD21F9235FAB874075936A2736455B
10FEE717F43181E8A111C2F525CA3024AF6B716FFF138FFFFFFFFF0007FD21F9235FAB874075836B2736455B
10FDF317F45D81E8A311C35A25CA8D24AF62715FFF138FFFFFFFFF0007FD21F9235FAB874075936C2836455B
10FFFB17F48281E8A311C48A25CAA2247F68715FFF138FFFFFFFFF0007FD21F9235FAB874075936D2836455B
11043417F4AB81E8A111C57625CA91247F68715FFF138FFFFFFFFF0007FD21F9235FAB874075936E2836455B
11076717F4BE81E89C11C57125CA8D247F71715FFF138FFFFFFFFF0007FD21F9235FAB874075936F2836455B
1108D617F4C981E8A311C46025CA5C247F74715FFF138FFFFFFFFF0007FD21F9235FAB87407593702836455B
11094F17F4CC81E8A311C32D25CA15247F79714FFF137FFFFFFFFF0007FD21F9235FAB87407583712836455B
11079517F4BB81E8A111C26025C9F6244F81714FFF138FFFFFFFFF0007FD21F9235FAB87407593722836455B
1103D317F49981E89C11C23625C9E5243F85714FFF138FFFFFFFFF0007FD21F9235FAB87407593732836455B
1100D717F44681E8A311C24825C9A7244F83714FFF138FFFFFFFFF0007FD21F9235FAB87407593742836455B
1101BC17F3F081E89911C18025C946245F86714FFF138FFFFFFFFF0007FD21F9235FAB87407593752836455B
11035317F3AB81E89C11C05425C8FF245F88713FFF137FFFFFFFFF0007FD21F9235FAB87407593762836455B
11030217F38E81E8A311BF3B25C8A2245F84713FFF137FFFFFFFFF0007FD21F9235FAB87407593772836455B
11011417F39381E89911BD9D25C82224AF7F713FFF138FFFFFFFFF0007FD21F9235FAB87407593782836455B
10FE5817F3BA81E8A311BAEA25A61124CF79713FFF138FFFFFFFFF0007FD21F9235FAB87407593792836455B
11005B17F3D781E89C11B98B25B58424AF75712FFF137FFFFFFFFF0007FD21F9235FAB874075937A2836455B
11013B17F3BB81E89911B81025C4A9248F7E712FFF137FFFFFFFFF0007FD21F9235FAB874075937B2836455B
10FEEB17F39C81E89C11B6B125C6B4245F86712FFF137FFFFFFFFF0007FD21F9235FAB874075837C2836455B
10FFC017F38D81E89C11B69525C6A3243F8A712FFF138FFFFFFFFF0007FD21F9235FAB874075937D2836455B
1100A117F3BB81E89C11B6F125C68D244F88712FFF137FFFFFFFFF0007FD21F9235FAB874175937E2836455B
11026C17F43A81E8A111B61025C658243F82712FFF137FFFFFFFFF0007FD21F9235FAB874075837F2836455B
1104D017F4C181E89511B54625C655243F85712FFF137FFFFFFFFF0007FD21F9235FAB87407593802836455B
1106F617F51B81E89C11B73625C694242F8E712FFF137FFFFFFFFF0007FD21F9235FAB87407593812836455B
1108F517F55781E89911B99725C6C1244F94712FFF137FFFFFFFFF0007FD21F9235FAB87407593822836455B
110AEC17F58681E89C11B8E925C6BD245F8F712FFF137FFFFFFFFF0007FD21F9235FAB87407583832836455B
110C1F17F5A081E89511B72625C6A5247F86712FFF137FFFFFFFFF0007FD21F9235FAB87407593842936455B
110CF817F59181E89911B65025C6BF24CF86713FFF137FFFFFFFFF0007FD21F9235FAB87407593852936455B
110C6817F57F81E89511B68125C6D624FF8C713FFF137FFFFFFFFF0007FC21F9235FAB87407583862936455B
110C5C17F58A81E89C11B81025C70224DF91713FFF137FFFFFFFFF0007FB21F9235FAB87407583872936455B
110CDC17F5A081E89911B98B25C72F24AF91713FFF137FFFFFFFFF0007FB21F9235FAB87407593882936455B
110CE817F5B681E88D11BA4825C753246F8D714FFF137FFFFFFFFF0007FB21F9235FAB87407583892936455B
110D1717F5C081E89C11BA4025C762245F87715FFF137FFFFFFFFF0007FB21F9235FAB874075938A2936455B
110DF817F5D181E89511BA0825C751247F81715FFF137FFFFFFFFF0007FB21F9235FAB874075938B2936455B
110E4117F5E781E89211B9EC25C72A248F82715FFF137FFFFFFFFF0007FB21F9235FAB874075938C2936455B
110E3917F60581E89511B98325C706246F88716FFF137FFFFFFFFF0007FB21F9235FAB874075838D2936455B
110E9A17F61A81E89C11B85025C6F7249F8B716FFF137FFFFFFFFF0007FB21F9235FAB874075838E2936455B
110F4117F62A81E89211B79325C6EF24EF8F716FFF137FFFFFFFFF0007FB21F9235FAB874075938F2936455B
110FC517F63E81E88D11B75225C6B224DF8E716FFF137FFFFFFFFF0007FB21F9235FAB87407593902936455B
110FD117F64881E89511B67525C67E24AF8F716FFF137FFFFFFFFF0007FB21F9235FAB87407593912936455B
110F8F17F65181E89211B66D25C67A24AF91716FFF137FFFFFFFFF0007FB21F9235FAB87407583922936455B
110F8317F65C81E88D11B6E525C68524CF8A715FFF137FFFFFFFFF0007FB21F9235FAB87407593932936455B
110F3617F65F81E89511B68125C67324CF86715FFF137FFFFFFFFF0007FB21F9235FAB87407593942936455B
110FBE17F65F81E88B11B59F25C63824FF86715FFF137FFFFFFFFF0007FB21F9235FAB874075A3952936455B
11105117F65F81E89511B67D25C60C24DF88716FFF137FFFFFFFFF0007FB21F9235FAB87407583962936455B
1110BE17F66B81E88D11B7B725C5F724AF87715FFF137FFFFFFFFF0007FB21F9235FAB87417593972936455B
1110C917F66B81E88B11B73E25C5F9247F80715FFF137FFFFFFFFF0007FB21F9235FAB87407593982936455B
11101F17F65E81E88D11B6D125C608243F83715FFF137FFFFFFFFF0007FB21F9235FAB87407593992936455B
110FE117F66181E88D11B63C25C5F923FF87715FFF137FFFFFFFFF0007FB21F9235FAB874075939A2936455B
110FF017F66581E88D11B53325C5D923DF85714FFF137FFFFFFFFF0007FB21F9235FAB874075939B2936455B
11103A17F66481E88B11B46525C5AA23DF87714FFF137FFFFFFFFF0007FB21F9235FAB874075939C2A36455B
11101F17F66481E88D11B3DC25C59023CF85714FFF137FFFFFFFFF0007FB21F9235FAB874075839D2A36455B
110FDD17F65D81E88D11B35F25C59A23EF82715FFF136FFFFFFFFF0007FB21F9235FAB874075839E2A36455B
11101F17F64181E88B11B32725C5A4240F7F714FFF137FFFFFFFFF0007FB21F9235FAB874075839F2A36455B
110FD517F61881E88611B34325C59F23FF78713FFF137FFFFFFFFF0007FB21F9235FAB87407593A02A36455B
110D7017F5F581E88D11B35225C57623FF7D713FFF137FFFFFFFFF0007FB21F9235FAB87407583A12A36455B
110BCD17F5F481E88B11B32B25C56A23FF82713FFF137FFFFFFFFF0007FB21F9235FAB87407593A22A36455B
110C5C17F61581E88611B30F25C55D23DF82713FFF137FFFFFFFFF0007FB21F9235FAB87407593A32A36455B
110D5917F62E81E88611B30F25C57223FF82712FFF137FFFFFFFFF0007FB21F9235FAB87407583A42A36455B
110DFF17F64081E88B11B31325C58E244F84712FFF137FFFFFFFFF0007FB21F9235FAB87407593A52A36455B
110E4117F65481E88611B32925C58E246F83712FFF137FFFFFFFFF0007FB21F9235FAB87407593A62A36455B
110EF017F66581E88D11B36B25C578245F86712FFF137FFFFFFFFF0007FB21F9235FAB874075A3A72A36455B
110F8F17F66781E87F11B39825C559245F8D711FFF137FFFFFFFFF0007FB21F9235FAB87407593A82A36455B
110FAC17F66081E88B11B38825C557246F92711FFF137FFFFFFFFF0007FB21F9235FAB87407593A92A36455B
110F7F17F66481E88611B32325C579244F97711FFF137FFFFFFFFF0007FB21F9235FAB87407583AA2A36455B
110F9317F66C81E87F11B2D425C569242F99711FFF137FFFFFFFFF0007FB21F9235FAB87407593AB2A36455B
110FF017F66F81E88B11B30325C56D245F99711FFF137FFFFFFFFF0007FB21F9235FAB87407593AC2A36455B
11104217F66081E87F11B35F25C578248F96711FFF137FFFFFFFFF0007FB21F9235FAB87407593AD2A36455B
110FB217F63981E88611B39825C581248F91711FFF137FFFFFFFFF0007FB21F9235FAB87407593AE2A36455B
110E4117F62281E88311B39C25C58424EF92711FFF137FFFFFFFFF0007FB21F9235FAB87417593AF2A36455B
110D3D17F61981E88611B3E725C576254F93711FFF137FFFFFFFFF0007FB21F9235FAB87407593B02A36455B
110DC117F62081E88611B40025C56C254F94711FFF137FFFFFFFFF0007FB21F9235FAB87407593B12A36455B
110EC117F62F81E88311B40825C56324FF94711FFF137FFFFFFFFF0007FB21F9235FAB87407593B22A36455B
110FD117F63781E87F11B42D25C574249F92711FFF137FFFFFFFFF0007FB21F9235FAB87407593B32A36455B
1110B617F63D81E88611B42525C581246F92711FFF137FFFFFFFFF0007FB21F9235FAB87407593B42B36455B
11115117F64B81E88311B43125C5A4245F92711FFF137FFFFFFFFF0007FB21F9235FAB87407593B52B36455B
1111D917F65B81E87F11B49125C5BB245F89712FFF137FFFFFFFFF0007FB21F9235FAB87407593B62B36455B
1111F117F65C81E88611B4F225C5C6245F81711FFF137FFFFFFFFF0007FB21F9235FAB87407583B72B36455B
1111F117F65981E87F11B52625C5D5247F62712FFF137FFFFFFFFF0007FB21F9235FAB87407593B82B36455B
11120F17F65681E88311B56B25C5F324CF21712FFF137FFFFFFFFF0007FB21F9235FAB87407583B92B36455B
11114E17F64381E87F11B5D325C5EF254F20712FFF137FFFFFFFFF0007FB21F9235FAB87407583BA2B36455B
110EAA17F62D81E87F11B64825C5DE254F45712FFF137FFFFFFFFF0007FB21F9235FAB87407593BB2B36455B
110D1917F62D81E88311B6A925C5E124FF64713FFF137FFFFFFFFF0007FB21F9235FAB87407583BC2B36455B
110D5117F63A81E87F11B6F625C5F6248F77713FFF137FFFFFFFFF0007FB21F9235FAB87407583BD2B36455B
110E2A17F64381E88611B72A25C5EF246F7A713FFF136FFFFFFFFF0007FB21F9235FAB87407593BE2B36455B
110EAE17F64481E87C11B72A25C5FD245F6D713FFF136FFFFFFFFF0007FB21F9235FAB87407593BF2B36455B
110EA617F64481E87F11B71A25C60A245F57714FFF137FFFFFFFFF0007FB21F9235FAB87407583C02B36455B
110E8317F63781E87F11B72625C626245F35713FFF137FFFFFFFFF0007FB21F9235FAB87407583C12B36455B
110E7017F63B81E88311B76625C649246F16713FFF137FFFFFFFFF0007FB21F9235FAB87407593C22B36455B
110E3D17F63E81E87F11B7A725C64B245F0F713FFF137FFFFFFFFF0007FB21F9235FAB87407593C32B36455B
110D6C17F63E81E87F11B83025C635243F23714FFF136FFFFFFFFF0007FB21F9235FAB87407593C42B36455B
110CF817F64781E87C11B8B925C64F243F40714FFF137FFFFFFFFF0007FB21F9235FAB87407593C52B36455B
110C0B17F64981E87F11B92E25C667247F58714FFF137FFFFFFFFF0007FB21F9235FAB87407583C62B36455B
110ACC17F64581E88611B9AF25C66C24DF68714FFF136FFFFFFFFF0007FB21F9235FAB87417583C72B36455B
1109B317F63881E87F11BA3425C658250F74714FFF137FFFFFFFFF0007FB21F9235FAB87407583C82B36455B
11095617F62F81E87C11BAA925C64624FF7A714FFF136FFFFFFFFF0007FB21F9235FAB87407583C92B36455B
1109F217F61E81E87F11BAEA25C62724CF75715FFF137FFFFFFFFF0007FB21F9235FAB87407593CA2B36455B
110AC617F60C81E87F11BAA125C62424BF6B715FFF137FFFFFFFFF0007FB21F9235FAB87407583CB2B36455B
110B9717F5FB81E87C11B9CF25C627249F63715FFF137FFFFFFFFF0007FB21F9235FAB87407583CC2C36455B
110C4917F5E781E88611B8D125C613247F5D715FFF136FFFFFFFFF0007FB21F9235FAB87407593CD2C36455B
110CA217F5D181E87F11B80025C600245F57715FFF136FFFFFFFFF0007FA21F9235FAB87407583CE2C36455B
110C6817F5B781E87C11B75E25C5DB242F55715FFF137FFFFFFFFF0007F921F9235FAB87407593CF2C36455B
110C2717F5A881E87F11B6ED25C597244F5B715FFF137FFFFFFFFF0007F921F9235FAB87407593D02C36455B
110C1E17F59D81E87F11B6A525C584248F65715FFF137FFFFFFFFF0007F921F9235FAB87407583D12C36455B
110CB617F58A81E88311B67D25C57D249F6D715FFF136FFFFFFFFF0007F921F9235FAB87407583D22C36455B
110D1317F55481E87F11B65C25C56E24AF71715FFF136FFFFFFFFF0007F921F9235FAB87407583D32C36455B
110CD517F52781E87F11B64825C56424CF75716FFF137FFFFFFFFF0007F921F9235FAB87407593D42C36455B
110BD517F50981E88311B63825C57B24BF7C716FFF137FFFFFFFFF0007F921F9235FAB87407583D52C36455B
1109F117F4F281E87711B62C25C57D248F83716FFF136FFFFFFFFF0007F921F9235FAB87407593D62C36455B
1107D517F4E081E88611B62825C561245F87716FFF136FFFFFFFFF0007F921F9235FAB87407593D72C36455B
1105E817F4D381E87F11B61825C565243F89716FFF137FFFFFFFFF0007F921F9235FAB87407593D82C36455B
1104EF17F4D581E87C11B61425C56A243F89717FFF137FFFFFFFFF0007F921F9235FAB87407593D92C36455B
1104C217F4CA81E87F11B61025C549242F8A717FFF137FFFFFFFFF0007F921F9235FAB87407593DA2C36455B
11047317F4BE81E88611B60625C524240F8B717FFF137FFFFFFFFF0007F921F9235FAB87407583DB2C36455B
11045217F4BB81E87C11B60425C522240F8D717FFF137FFFFFFFFF0007F921F9235FAB87407593DC2C36455B
11058617F4BF81E87F11B5F825C533241F8D717FFF136FFFFFFFFF0007F921F9235FAB87407593DD2C36455B
11074417F4CD81E88611B5F425C543241F7F718FFF137FFFFFFFFF0007F921F9235FAB87417583DE2C36455B
11087117F4D581E88311B5EC25C567242F6E718FFF137FFFFFFFFF0007F921F9235FAB87407583DF2C36455B
1108BF17F4D381E87F11B5DB25C56C247F71719FFF136FFFFFFFFF0007F921F9235FAB87407583E02C36455B
11088D17F4BD81E87F11B5A325C54F24BF79719FFF136FFFFFFFFF0007F921F9235FAB87407593E12C36455B
11086217F49981E88311B56725C554251F7671AFFF137FFFFFFFFF0007F921F9235FAB87407583E22C36455B
1107AE17F47B81E87F11B54E25C579255F6B71AFFF137FFFFFFFFF0007F921F9235FAB87407583E32C36455B
11066B17F47481E87F11B53225C57D254F6071BFFF136FFFFFFFFF0007F921F9235FAB87407593E42D36455B
11060E17F47481E88311B50625C574256F5D71BFFF136FFFFFFFFF0007F921F9235FAB87407593E52D36455B
1106FF17F48081E87F11B4E225C573254F6671BFFF136FFFFFFFFF0007F921F9235FAB87407583E62D36455B
11081C17F48881E87F11B4D225C580251F7071BFFF137FFFFFFFFF0007F921F9235FAB87407583E72D36455B
11084717F48681E88611B4FE25C58A24FF7571CFFF136FFFFFFFFF0007F921F9235FAB87407593E82D36455B
11079317F47C81E87C11B53E25C57F255F7271CFFF136FFFFFFFFF0007F921F9235FAB87407583E92D36455B
11078917F47281E88611B57B25C574258F6F71CFFF136FFFFFFFFF0007F921F9235FAB87407593EA2D36455B
1107F217F45281E87F11B5A325C56C255F7271CFFF136FFFFFFFFF0007F921F9235FAB87407593EB2D36455B
11082F17F43181E87C11B5BB25C56A251F7A71CFFF137FFFFFFFFF0007F921F9235FAB87407593EC2D36455B
11082817F40781E88611B5B725C56A250F8071DFFF137FFFFFFFFF0007F921F9235FAB87407593ED2D36455B
1107FA17F3D481E87F11B58325C56A255F8471CFFF136FFFFFFFFF0007F921F9235FAB87407583EE2D36455B
11078417F3A881E87C11B56025C56A260F8671DFFF136FFFFFFFFF0007F921F9235FAB87407593EF2D36455B
11067317F38C81E88611B54E25C577269F8671DFFF136FFFFFFFFF0007F921F9235FAB87407583F02D36455B
11048A17F37481E87F11B52625C574267F7F71DFFF136FFFFFFFFF0007F921F9235FAB87407593F12D36455B
11030E17F36381E87C11B4EE25C56525FF7971CFFF137FFFFFFFFF0007F921F9235FAB87407583F22D36455B
11018217F34E81E87F11B4DE25C56D257F7C71CFFF136FFFFFFFFF0007F921F9235FAB87407583F32D36455B
10FE8617F32881E87F11B4FE25C57F250F8071DFFF136FFFFFFFFF0007F921F9235FAB87407593F42D36455B
10FC8117F2F381E87C11B52E25C58424CF7D71CFFF136FFFFFFFFF0007F921F9235FAB87407593F52D36455B
10FC9B17F2CD81E87F11B58725C59024BF7771CFFF137FFFFFFFFF0007F921F9235FAB87407583F62D36455B
10FB4217F29D81E87F11B5FE25C59524AF7A71CFFF136FFFFFFFFF0007F921F9235FAB87417583F72D36455B
10FA4717F26681E87F11B64825C58E248F8271CFFF136FFFFFFFFF0007F921F9235FAB87407593F82D36455B
10FA2817F24181E87C11B63825C5AD244F8971CFFF136FFFFFFFFF0007F921F9235FAB87407583F92D36455B
10FA8917F22381E88611B67925C5D1242F8A71CFFF136FFFFFFFFF0007F921F9235FAB87407593FA2D36455B
10FA9017F21681E87711B8C125C63A240F8771DFFF136FFFFFFFFF0007F921F9235FAB87407583FB2D36455B
10F97617F21D81E87C11BCAF25C69A241F7971CFFF136FFFFFFFFF0007F921F9235FAB87407583FC2E36455B
10F81B17F23981E87F11BFB725C6DD241F7271CFFF136FFFFFFFFF0007F921F9235FAB87407583FD2E36455B
10F80317F26481E87711C14325C6F9242F7A71CFFF136FFFFFFFFF0007F921F9235FAB87407583FE2E36455B
10F9DD17F28E81E87C11C19725C758FFFFFFFFFFFFFFFFFFFFFFFF0007F921F9235FAB87407593FF2E36455B
10FACE17F2AF81E87F11C13325C7E3FFFFFFFFFFFFFFFFFFFFFFFF0007F921F9235FAB874075A3002E36455B
10FB0C17F2D281E87F11C0F225C835FFFFFFFFFFFFFFFFFFFFFFFF0007F921F9235FAB874075A3012E36455B
10FBD517F2E481E87411C0AD25C837FFFFFFFFFFFFFFFFFFFFFFFF0007F921F9235FAB874075A3022E36455B
10FDAD17F2F281E87F11C07125C84DFFFFFFFFFFFFFFFFFFFFFFFF0007F921F9235FAB874075A3032E36455B
10FE9D17F30881E87711BFFF25C862FFFFFFFFFFFFFFFFFFFFFFFF0007F921F9235FAB874075A3042E36455B
10FEDA17F31081E87C11BF2B25C867FFFFFFFFFFFFFFFFFFFFFFFF0007F921F9235FAB874075A3052E36455B
11002517F31F81E87711BEF425C853FFFFFFFFFFFFFFFFFFFFFFFF0007F921F9235FAB874075A3062E36455B
1101D917F32A81E87711BF8E25C839FFFFFFFFFFFFFFFFFFFFFFFF0007F921F9235FAB874075A3072E36455B
11019D17F33581E87711BFC825C826FFFFFFFFFFFFFFFFFFFFFFFF0007F921F9235FAB874075A3082E36455B
11000617F33981E87411BD9525C80EFFFFFFFFFFFFFFFFFFFFFFFF0007F921F9235FAB874075A3092E36455B
10FE5717F33081E87711BA2825C7E76C6F8E71CFFF136FFFFFFFFF0007F921F9235FAB874075A30A2E36455B
10FD2217F32A81E87711B86C25C7B0241F9171CFFF136FFFFFFFFF0007F921F9235FAB874075930B2E36455B
10FC1B17F32381E87411B9CB25C7A7241F9571CFFF136FFFFFFFFF0007F921F9235FAB874075930C2E36455B
10FB8417F30681E87711BB2725C78923FF9371CFFF136FFFFFFFFF0007F921F9235FAB874075930D2E36455B
10FBF817F2EC81E87711BA6525C79123DF9271CFFF136FFFFFFFFF0007F921F9235FAB874075830E2E36455B
10FA6617F2DF81E86D11B82825C79E23DF9071CFFF137FFFFFFFFF0007F921F9235FAB884175930F2E36455B
10F75217F2E381E87711B5AF25C79A23EF8A71CFFF136FFFFFFFFF0007F921F9235FAB88407593102E36455B
10F5DC17F2EF81E87011B3F025C76B240F8D71CFFF136FFFFFFFFF0007F921F9235FAB88407593112E36455B
10F5F717F2F581E87411B41D25C76F241F8F71CFFF136FFFFFFFFF0007F921F9235FAB88407583122E36455B
10F66617F30881E87711B61025C7AA240F8E71CFFF136FFFFFFFFF0007F921F9235FAB88407583132E36455B
10F7EC17F31481E87011B81025C7C723FF8F71BFFF136FFFFFFFFF0007F921F9235FAB88407583142F36455B
10F9D717F32B81E86D11BA1825C7BF23EF9171AFFF136FFFFFFFFF0007F921F9235FAB88407593152F36455B
10FB9717F33F81E87711BBA025C7A7240F9571AFFF136FFFFFFFFF0007F921F9235FAB88407593162F36455B
10FCFF17F35B81E87011BC4125C7C1241F9771AFFF136FFFFFFFFF0007F921F9235FAB88407583172F36455B
10FDFB17F36C81E86D11BCB625C7DF23FF9471AFFF136FFFFFFFFF0007F921F9235FAB88407593182F36455B
10FF1517F37381E87011BDBD25C7F223DF9371AFFF136FFFFFFFFF0007F921F9235FAB88407593192F36455B
11000217F37981E87011BF1925C83123DF95719FFF136FFFFFFFFF0007F921F9235FAB884075831A2F36455B
1100A117F38181E87011BF3525C86B23DF8C719FFF136FFFFFFFFF0007F921F9235FAB884075831B2F36455B
1100FE17F38581E86D11BF1725C89123DF80719FFF136FFFFFFFFF0007F921F9235FAB884075931C2F36455B
11010617F3A581E86811BF3925C8E123BF7A719FFF136FFFFFFFFF0007F921F9235FAB884075831D2F36455B
1100EA17F3DD81E87011C04C25C94D23DF72718FFF136FFFFFFFFF0007F921F9235FAB884075831E2F36455B
1102A517F42181E86D11C25C25C9CA23FF63718FFF136FFFFFFFFF0007F921F9235FAB884075931F2F36455B
11036717F45481E87011C3DC25CA4B241F5F718FFF136FFFFFFFFF0007F921F9235FAB88407593202F36455B
11032517F47B81E86811C7C025CAD5243F66718FFF136FFFFFFFFF0007F921F9235FAB88407593212F36455B
11037617F48D81E86D11CD3325CB43247F6C717FFF136FFFFFFFFF0007F921F9235FAB88407593222F36455B
1103F217F49881E87011D05525CBC924EF73717FFF136FFFFFFFFF0007F921F9235FAB88407583232F36455B
11045617F49F81E86811D25825CC42258F73717FFF136FFFFFFFFF0007F921F9235FAB88407593242F36455B
11055C17F4B481E86D11D3C125CC9225FF6A717FFF136FFFFFFFFF0007F921F9235FAB88407583252F36455B
1105C917F4D881E86811D26025CCFD262F64717FFF136FFFFFFFFF0007F921F9235FAB88407583262F36455B
1105E717F50F81E87011D13025CD43263F69717FFF136FFFFFFFFF0007F921F9235FAB88417593272F36455B
1106BC17F52E81E86611D11725CD5C260F6E717FFF136FFFFFFFFF0007F921F9235FAB88407583282F36455B
11070617F55081E86811CF5125CCF825FF6C717FFF136FFFFFFFFF0007F921F9235FAB88407593292F36455B
11084617F57E81E87011CBE325CC7525AF5C717FFF136FFFFFFFFF0007F921F9235FAB884075832A2F36455B
110A2B17F5A781E86611C8CE25CC00253F56717FFF136FFFFFFFFF0007F921F9235FAB884075932B2F36455B
110BDD17F5C181E87011C64425CBCD24DF5B717FFF136FFFFFFFFF0007F921F9235FAB884075832C3036455B
110D1A17F5DF81E86811C49C25CBBD249F54717FFF136FFFFFFFFF0007F921F9235FAB884075832D3036455B
110D8717F5F381E86811C33D25CB86247F49717FFF135FFFFFFFFF0007FA21F9235FAB884075832E3036455B
110DEC17F5F381E86D11C1E725CB1A248F48717FFF136FFFFFFFFF0007FB21F9235FAB884075932F3036455B
110D0D17F5E981E86811C08925CAA2248F54717FFF136FFFFFFFFF0007FB21F9235FAB88407583303036455B
110C2617F5F081E87011BFFF25CA51248F64718FFF135FFFFFFFFF0007FB21F9235FAB88407583313036455B
110BC917F5FE81E86611C08525CA46247F75717FFF17FFFFFFFFFF0007FB21F9235FAB88407583323036455B
110BDD17F60B81E86811C0FA25CA9CFFFFFFFFFFFFFFFFFFFFFFFF0007FB21F9235FAB884075B3333036455B
110C6417F61181E87011C1B025CAE8FFFFFFFFFFFFFFFFFFFFFFFF0007FB21F9235FAB884075A3343036455B
110CE817F62781E86D11C2E925CB08FFFFFFFFFFFFFFFFFFFFFFFF0007FB21F9235FAB884075A3353036455B
110D4117F63281E86811C3F825CB3BFFFFFFFFFFFFFFFFFFFFFFFF0007FB21F9235FAB884075A3363036455B
110DE317F64881E87011C5EB25CB77FFFFFFFFFFFFFFFFFFFFFFFF0007FB21F9235FAB884075A3373036455B
110E7B17F64381E86D11C60C25CB99FFFFFFFFFFFFFFFFFFFFFFFF0007FB21F9235FAB884075A3383036455B
110EC517F62181E87011C55D25CBBAFFFFFFFFFFFFFFFFFFFFFFFF0007FB21F9235FAB884075A3393036455B
110E8317F60781E87011C51525CBCFFFFFFFFFFFFFFFFFFFFFFFFF0007FB21F9235FAB884075A33A3036455B
110E6417F5E681E86611C3F025CBFDFFFFFFFFFFFFFFFFFFFFFFFF0007FB21F9235FAB884075A33B3036455B
110D7817F5A681E87011C36625CC42FFFFFFFFFFFFFFFFFFFFFFFF0007FB21F9235FAB884075A33C3036455B
110BF817F56C81E87011C58125CCB624DF83716FFF136FFFFFFFFF0007FB21F9235FAB884075833D3036455B
110B2A17F55681E87411C83925CCF023FF82716FFF136FFFFFFFFF0007FB21F9235FAB884075833E3036455B
110A8C17F55481E87011C97C25CCF2240F80716FFF136FFFFFFFFF0007FB21F9235FAB884175833F3036455B
110A2917F54B81E87011CA6025CCE4247F7D715FFF136FFFFFFFFF0007FB21F9235FAB88407593403036455B
1109ED17F54D81E87711CB4525CD0624AF7F715FFF135FFFFFFFFF0007FB21F9235FAB88407593413036455B
1109F817F55F81E87411CB7125CCE5248F87716FFF136FFFFFFFFF0007FB21F9235FAB88407583423036455B
110A0417F57181E87011CA9725CC81246F8C716FFF135FFFFFFFFF0007FB21F9235FAB88407583433036455B
110A4817F58181E87711CA1325CC05246F8C715FFF136FFFFFFFFF0007FB21F9235FAB88407593443136455B
110A8C17F58981E87C11C8D625CB3D246F81715FFF135FFFFFFFFF0007FB21F9235FAB88407583453136455B
110AE917F58B81E87711C6B125CA9A248F7A715FFF136FFFFFFFFF0007FB21F9235FAB88407593463136455B
110ACA17F58E81E87011C4D325CABB249F7D715FFF136FFFFFFFFF0007FB21F9235FAB88407593473136455B
110A7717F58881E87C11C54A25CB6D248F7F715FFF136FFFFFFFFF0007FB21F9235FAB88407593483136455B
110A3217F58981E87F11C6CD25CBC1245F7E715FFF136FFFFFFFFF0007FB21F9235FAB88407593493136455B
110ACD17F5A381E87F11C6BA25CB9E243F80714FFF135FFFFFFFFF0007FB21F9235FAB884075834A3136455B
110B5D17F5B781E87C11C6B925CB62244F7D715FFF136FFFFFFFFF0007FB21F9235FAB884075834B3136455B
110B9717F5AF81E87F11C54C25CAB8248F7A715FFF136FFFFFFFFF0007FB21F9235FAB884075834C3136455B
110B0317F56581E87F11C32525C9FD249F80714FFF136FFFFFFFFF0007FB21F9235FAB884075934D3136455B
11092317F4E481E88311C10225C988249F88715FFF136FFFFFFFFF0007FB21F9235FAB884075934E3136455B
11069217F48781E87F11BF7625C92E246F83714FFF136FFFFFFFFF0007FB21F9235FAB884075834F3136455B
1104EB17F45C81E88611BE4925C900246F77715FFF136FFFFFFFFF0007FB21F9235FAB88407593503136455B
11044717F44B81E88611BDD125C8F2246F74714FFF136FFFFFFFFF0007FB21F9235FAB88407583513136455B
11042517F46181E88311BDBD25C8F6247F76714FFF136FFFFFFFFF0007FB21F9235FAB88407583523136455B
1104BE17F48281E88611BE2225C92D249F74714FFF136FFFFFFFFF0007FB21F9235FAB88407583533136455B
1105C817F4CF81E88D11BE8625C97E24BF75715FFF135FFFFFFFFF0007FB21F9235FAB88407583543136455B
1107CF17F52C81E88B11BEA425C9AD249F7B714FFF136FFFFFFFFF0007FB21F9235FAB88407583553136455B
11094A17F56881E88D11BF2525C9D0247F80714FFF136FFFFFFFFF0007FB21F9235FAB88417583563136455B
110ABE17F59D81E88D11BF9725C9D9245F86714FFF136FFFFFFFFF0007FB21F9235FAB88407593573136455B
110BF417F5CC81E89211C09925C9F9244F8B714FFF136FFFFFFFFF0007FB21F9235FAB88407583583136455B
110CCD17F5EF81E88D11C1AC25CA65244F8F714FFF135FFFFFFFFF0007FB21F9235FAB88407583593136455B
110D2E17F5E781E89511C24C25CAAB248F92715FFF135FFFFFFFFF0007FB21F9235FAB884075835A3136455B
110CEC17F5A081E89211C17C25C9E924CF8E714FFF135FFFFFFFFF0007FB21F9235FAB884075835B3136455B
110B6417F52881E89511BFC025C90324CF8A714FFF135FFFFFFFFF0007FB21F9235FAB884075835C3236455B
1109A717F4B281E89C11BDF625C8ADFFFFFFFFFFFFFFFFFFFFFFFF0007FB21F9235FAB884075A35D3236455B
1107C217F47081E89211BC8625C8AFFFFFFFFFFFFFFFFFFFFFFFFF0007FB21F9235FAB884075B35E3236455B
11063117F46881E89C11BBE425C880FFFFFFFFFFFFFFFFFFFFFFFF0007FB21F9235FAB884075A35F3236455B
11055817F46D81E89C11BB2725C835FFFFFFFFFFFFFFFFFFFFFFFF0007FB21F9235FAB884075A3603236455B
11053E17F47381E8A311BAA125C808FFFFFFFFFFFFFFFFFFFFFFFF0007FB21F9235FAB884075A3613236455B
11053517F47981E8A111BA2825C7F2FFFFFFFFFFFFFFFFFFFFFFFF0007FB21F9235FAB884075A3623236455B
11052A17EAD281E89C11B9A025C7E1FFFFFFFFFFFFFFFFFFFFFFFF0007FB21F9235FAB884075A3633236455B
11051317EEEB81E8A311B90E25C7B6FFFFFFFFFFFFFFFFFFFFFFFF0007FB21F9235FAB884075A3643236455B
11044417F37081E8A111B8B125C7B0FFFFFFFFFFFFFFFFFFFFFFFF0007FB21F9235FAB884075A3653236455B
11033017F42381E8A311B88125C7B2FFFFFFFFFFFFFFFFFFFFFFFF0007FB21F9235FAB884075A3663236455B
11028317F40581E8A311B85025C791FFFFFFFFFFFFFFFFFFFFFFFF0007FB21F9235FAB884075A3673236455B
1101C717F3E081E8A811B7EB25C760FFFFFFFFFFFFFFFAC00600600007FB21F9235FAB884075A3683236455B
11013717F3B981E8A311B76625C720255F89714FFF136FFFFFFFFF0007FB21F9235FAB88407593693236455B
11006A17F3A481E8AB11B6FA25C6E8247F88714FFF136FFFFFFFFF0007FB21F9235FAB884075936A3236455B
11003017F3B081E8AB11B67725C6CE24AF89715FFF135FFFFFFFFF0007FB21F9235FAB884075836B3236455B
11006B17F3BA81E8A811B5DF25C6BD24AF8D715FFF135FFFFFFFFF0007FB21F9235FAB884075936C3236455B
11008D17F3BB81E8AB11B57725C69F247F8E715FFF135FFFFFFFFF0007FB21F9235FAB884075936D3236455B
1100C017F39681E8AB11B51625C690245F87715FFF136FFFFFFFFF0007FB21F9235FAB884075936E3236455B
11002917F37981E8B011B4F625C67A247F81715FFF136FFFFFFFFF0007FB21F9235FAB884175936F3236455B
10FF2917F34F81E8B211B4E225C67A251F7F715FFF135FFFFFFFFF0007FB21F9235FAB88407593703236455B
10FE9D17F33281E8AB11B4EA25C690256F80715FFF135FFFFFFFFF0007FB21F9235FAB88407593713236455B
10FE6617F32681E8B711B4F225C689252F82715FFF136FFFFFFFFF0007FB21F9235FAB884075A3723236455B
10FE6F17F31A81E8AB11B50625C67224FF85715FFF135FFFFFFFFF0007FB21F9235FAB88407593733236455B
10FE4817F30481E8B211B52725C66C24EF84715FFF135FFFFFFFFF0007FB21F9235FAB88407593743336455B
10FE1A17F2EC81E8B011B54E25C67E24BF82716FFF135FFFFFFFFF0007FB21F9235FAB88407593753336455B
10FD4217F2C681E8B211B55B25C67F24AF85716FFF135FFFFFFFFF0007FB21F9235FAB88407583763336455B
10FC4217F2AA81E8B211B54E25C67D249F8A715FFF135FFFFFFFFF0007FB21F9235FAB88407583773336455B
10FBE117F2AC81E8BA11B53E25C677248F8D715FFF135FFFFFFFFF0007FB21F9235FAB88407583783336455B
10FBAB17F2B181E8B011B52225C674247F8D716FFF135FFFFFFFFF0007FB21F9235FAB88407583793336455B
10FB6517F2A781E8B211B52E25C66E249F8A715FFF135FFFFFFFFF0007FB21F9235FAB884075837A3336455B
10FAF517F2A181E8BA11B52A25C67824BF8C715FFF135FFFFFFFFF0007FB21F9235FAB884075937B3336455B
10FAAC17F2A781E8B011B50B25C689249F87716FFF135FFFFFFFFF0007FB21F9235FAB884075937C3336455B
10FABB17F2B081E8B211B46525C68E247F85715FFF135FFFFFFFFF0007FB21F9235FAB884075937D3336455B
10FADA17F2C481E8B211B40425C67A246F89715FFF135FFFFFFFFF0007FB21F9235FAB884075937E3336455B
10FB2317F2D081E8B711B41D25C687243F8D715FFF135FFFFFFFFF0007FB21F9235FAB884075937F3336455B
10FB8017F2CC81E8B211B46925C6A1243F8D716FFF135FFFFFFFFF0007FB21F9235FAB88407593803336455B
10FBBA17F2BA81E8B211B4C225C6A8245F8C716FFF135FFFFFFFFF0007FB21F9235FAB88407583813336455B
10FAAF17F29681E8BA11B4EE25C694247F8D716FFF135FFFFFFFFF0007FB21F9235FAB884075A3823336455B
10F9EA17F26481E8B011B50325C69A247F88716FFF135FFFFFFFFF0007FB21F9235FAB88407593833336455B
10F8B517F26A81E8B211B56F25C6BF247F7F716FFF135FFFFFFFFF0007FB21F9235FAB88407593843336455B
10F96B17F2ED81E8B211B60C25C6DD24BF77716FFF135FFFFFFFFF0007FB21F9235FAB88407583853336455B
10FC4C17F3AF81E8B011B63025C6F024DF7B716FFF135FFFFFFFFF0007FB21F9235FAB88407593863336455B
1100B817F45481E8B211B5F425C6F524CF80716FFF135FFFFFFFFF0007FB21F9235FAB88417593873336455B
1104F817F4C881E8B211B5CF25C6FB24AF86716FFF135FFFFFFFFF0007FB21F9235FAB88407593883336455B
11079317F50281E8B011B5DB25C6E324AF8B716FFF135FFFFFFFFF0007FB21F9235FAB88407593893336455B
11088917F4F881E8AB11B6A125C6F624CF8E715FFF135FFFFFFFFF0007FB21F9235FAB884075938A3336455B
11087117F4D981E8B211B77625C72424CF8F716FFF135FFFFFFFFF0007FB21F9235FAB884075938B3336455B
11081F17F4B981E8A811B85C25C75E24BF90715FFF135FFFFFFFFF0007FB21F9235FAB884075938C3436455B
11076A17F48F81E8AB11B96F25C7C124BF8E715FFF135FFFFFFFFF0007FB21F9235FAB884075938D3436455B
1106A917F47581E8AB11BA8525C82424EF8B715FFF135FFFFFFFFF0007FB21F9235FAB884075938E3436455B
11066417F46781E8AB11BB3F25C86224FF89715FFF135FFFFFFFFF0007FB21F9235FAB884075938F3436455B
1105EC17F45881E8A811BC4125C89C24FF88715FFF135FFFFFFFFF0007FB21F9235FAB884075A3903436455B
1105CC17F44F81E8AB11BD1025C8E324CF85715FFF135FFFFFFFFF0007FB21F9235FAB88407583913436455B
1105E017F46381E8AB11BC9E25C90B24AF83714FFF135FFFFFFFFF0007FB21F9235FAB88407593923436455B
11060A17F48281E8A111BC3D25C98024AF85714FFF135FFFFFFFFF0007FB21F9235FAB88407593933436455B
1106C817F45181E8AB11BFD325CA8024AF84713FFF135FFFFFFFFF0007FB21F9235FAB88407593943436455B
11056417F39D81E8A311C4B125CBAC248F86713FFF135FFFFFFFFF0007FB21F9235FAB88407593953436455B
11011117F2FC81E8A111C79125CC5E249F89712FFF135FFFFFFFFF0007FB21F9235FAB88407593963436455B
10FE2D17F2A881E8A311C8D625CCAD249F85712FFF134FFFFFFFFF0007FB21F9235FAB88407583973436455B
10FD2A17F2A381E89C11C96C25CCE3248F82711FFF135FFFFFFFFF0007FB21F9235FAB88407583983436455B
10FCDE17F29481E8A111C9E525CCD2246F73711FFF135FFFFFFFFF0007FB21F9235FAB88407593993436455B
10FB5D17F25F81E89C11C9BD25CC6B244F70710FFF135FFFFFFFFF0007FB21F9235FAB884075A39A3436455B
10F9A817F22481E89C11C81C25CC12242F79710FFF135FFFFFFFFF0007FB21F9235FAB884075939B3436455B
10F8A917F21481E89C11C63C25CBCB245F8070FFFF135FFFFFFFFF0007FB21F9235FAB884075939C3436455B
10F84117F22681E89911C58D25CBB4248F8470FFFF135FFFFFFFFF0007FB21F9235FAB884075939D3436455B
10F8B117F24881E89C11C60825CBE824BF8670FFFF135FFFFFFFFF0007FB21F9235FAB884075939E3436455B
10F97A17F26081E89511C6E225CC3124BF8770FFFF135FFFFFFFFF0007FB21F9245FAB884175839F3436455B
10F9E217F26F81E89911C77F25CC8424BF8670FFFF135FFFFFFFFF0007FB21F9245FAB88407593A03436455B
10FA2417F28181E89511C83125CC6024BF8770FFFF134FFFFFFFFF0007FB21F9245FAB88407593A13436455B
10FAD617F2A481E89511C7A925CC0C24CF8670EFFF135FFFFFFFFF0007FB21F9245FAB88407593A23436455B
10FB3E17F2BD81E89211C72625CBF724AF8770EFFF135FFFFFFFFF0007FB21F9245FAB88407583A33436455B
10FBA217F2B881E89511C6B525CB9E24DF8870FFFF135FFFFFFFFF0007FB21F9245FAB88407593A43536455B
10FB7817F2A481E88D11C58925CAB6252F8570FFFF134FFFFFFFFF0007FB21F9245FAB88407583A53536455B
10FB2B17F29081E89211C26825C9B125BF8070EFFF135FFFFFFFFF0007FB21F9245FAB88407593A63536455B
10FAED17F27981E88D11C08125C944260F7C70FFFF135FFFFFFFFF0007FB21F9245FAB88407583A73536455B
10FA7917F27581E88D11BFEB25C96925EF7F70FFFF134FFFFFFFFF0007FB21F9245FAB88407583A83536455B
10FA6A17F27C81E88D11BFBB25C99A259F8770FFFF134FFFFFFFFF0007FB21F9245FAB88407593A93536455B
10FA8117F29881E88B11BF7E25C9A5254F8A70FFFF135FFFFFFFFF0007FB21F9245FAB88407593AA3536455B
10FB3B17F2B881E88D11BEF825C9B1251F8C70FFFF135FFFFFFFFF0007FB21F9245FAB88407593AB3536455B
10FBEB17F2D281E88611BE7725C995251F8C70FFFF135FFFFFFFFF0007FB21F9245FAB88407593AC3536455B
10FC7F17F2E681E88B11BE7E25C97E252F8C70FFFF135FFFFFFFFF0007FB21F9245FAB88407593AD3536455B
10FD2617F30381E88611BE7B25C98024FF8D710FFF135FFFFFFFFF0007FB21F9245FAB88407583AE3536455B
10FDE717F31981E88611BEB825C99524CF8F710FFF134FFFFFFFFF0007FB21F9245FAB88407583AF3536455B
10FE7717F32481E88311BEE225C98F24AF91710FFF134FFFFFFFFF0007FB21F9245FAB88407593B03536455B
10FEBF17F33081E88611BEA425C96A248F94710FFF135FFFFFFFFF0007FB21F9245FAB88407583B13536455B
10FF0217F33781E87F11BE4725C973247F8F710FFF135FFFFFFFFF0007FB21F9245FAB88407583B23536455B
10FF2D17F33981E88B11BE7B25C97D249F8D710FFF135FFFFFFFFF0007FB21F9245FAB88407583B33536455B
10FEC717F32381E87F11BEEE25C9C224AF8D710FFF134FFFFFFFFF0007FB21F9245FAB88407593B43536455B
10FE5C17F30081E87F11C04825CA53247F8C711FFF134FFFFFFFFF0007FB21F9245FAB88407593B53536455B
10FDBD17F2C181E88311C20E25CAD0246F8C711FFF135FFFFFFFFF0007FB21F9245FAB88417593B63536455B
10FBD517F27781E87F11C3AF25CB2C247F8E711FFF135FFFFFFFFF0007FB21F9245FAB88407583B73536455B
10FA3B17F25B81E87F11C49225CB6F24CF8D711FFF135FFFFFFFFF0007FB21F9245FAB88407583B83536455B
10F9DF17F25881E87F11C4B125CB8424EF82711FFF135FFFFFFFFF0007FB21F9245FAB88407583B93536455B
10F9EC17F24181E87C11C43D25CB5324DF7F711FFF135FFFFFFFFF0007FB21F9245FAB88407593BA3536455B
10F8E317F21E81E87711C46825CAD024EF84710FFF136FFFFFFFFF0007FB21F9245FAB88407593BB3536455B
10F7DD17F1FB81E87F11C35E25CA47250F8A710FFF135FFFFFFFFF0007FB21F9245FAB884075A3BC3636455B
10F64417F1E081E87C11C0A525C9C5250F8D711FFF135FFFFFFFFF0007FB21F9245FAB88407593BD3636455B
10F53D17F1D481E87711BE4F25C971251F7F711FFF135FFFFFFFFF0007FB21F9245FAB88407583BE3636455B
10F4D917F1BB81E87F11BCF725C953257F67711FFF135FFFFFFFFF0007FB21F9245FAB88407583BF3636455B
10F47917F19781E87411BCEC25C96825FF43711FFF135FFFFFFFFF0007FB21F9245FAB88407593C03636455B
10F45217F17C81E87711BE6B25C9CC262EE6710FFF135FFFFFFFFF0007FB21F9245FAB88407593C13636455B
10F41117F15A81E87711BF5525CA7126BEAF710FFF135FFFFFFFFF0007FB21F9245FAB88407593C23636455B
10F38217F13C81E87411C15725CB3927CED1710FFF135FFFFFFFFF0007FB21F9245FAB88407593C33636455B
10F29E17F12681E87F11C3CF25CBDA28DF0E711FFF135FFFFFFFFF0007FB21F9245FAB88407593C43636455B
10F19117F12181E87011C4FD25CC282A1F38710FFF135FFFFFFFFF0007FB21F9245FAB88407593C53636455B
10F15017F11B81E87411C54425CC4D2B1F56711FFF135FFFFFFFFF0007FB21F9245FAB884075A3C63636455B
10F15417F11F81E87711C5E725CC822BEF6D711FFF135FFFFFFFFF0007FB21F9245FAB88407583C73636455B
10F16C17F12181E87711C6A925CCE52C8F79711FFF135FFFFFFFFF0007FB21F9245FAB88407593C83636455B
10F17217F12481E87711C7AB25CD2E2C6F80711FFF135FFFFFFFFF0007FB21F9245FAB88407583C93636455B
10F19117F12E81E87411C8E625CD4C2B4F87711FFF135FFFFFFFFF0007FB21F9245FAB88407593CA3636455B
10F1FD17F13081E87011C92F25CD2F29DF8E711FFF135FFFFFFFFF0007FB21F9245FAB88407583CB3636455B
10F1FF17F12881E87011C92B25CD1D292F93712FFF135FFFFFFFFF0007FB21F9245FAB88407593CC3636455B
10F34417F15781E87C11C99025CD2128AF94712FFF135FFFFFFFFF0007FB21F9245FAB88407593CD3636455B
10F56017F1B481E87011C9A025CD2A27DF93712FFF136FFFFFFFFF0007FB21F9245FAB88417593CE3636455B
10F85817F21081E87011CA0A25CD4D26EF91712FFF135FFFFFFFFF0007FB21F9245FAB88407593CF3636455B
10FBBA17F26681E87411CA6A25CD3E262F8E713FFF135FFFFFFFFF0007FB21F9245FAB88407593D03636455B
10FE3D17F2A681E87711C91725CCE0259F89714FFF135FFFFFFFFF0007FB21F9245FAB88407593D13636455B
10FFB217F2E381E87011C67925CC2A252F85714FFF135FFFFFFFFF0007FB21F9245FAB88407593D23636455B
11009117F30981E87411C45825CB8F24CF86714FFF136FFFFFFFFF0007FB21F9245FAB88407593D33636455B
1100BC17F31181E87011C38225CB4C249F89714FFF135FFFFFFFFF0007FB21F9245FAB88407593D43736455B
11005B17F2FE81E87011C49425CBB8247F8D715FFF135FFFFFFFFF0007FB21F9245FAB88407593D53736455B
10FECC17F2E281E87411C6DA25CC72247F8D715FFF135FFFFFFFFF0007F921F9245FAB88407583D63736455B
10FD0F17F2B381E87011C77B25CCAF24AF8A715FFF135FFFFFFFFF0007F921F9245FAB88407593D73736455B
10FBEC17F2A181E87711C8D225CCEE24AF86715FFF135FFFFFFFFF0007F921F9245FAB88407593D83736455B
10FB5117F29081E87411CA9325CD35248F84715FFF135FFFFFFFFF0007F921F9245FAB88407593D93736455B
10FAD617F28681E87011CABD25CD6E246F84715FFF135FFFFFFFFF0007F921F9245FAB88407593DA3736455B
10FAAB17F28A81E87011CB3D25CD8E249F86715FFF135FFFFFFFFF0007F921F9245FAB88407583DB3736455B
10FA8D17F28D81E87011CBF725CD8624BF89715FFF135FFFFFFFFF0007F921F9245FAB88407583DC3736455B
10FA8117F28A81E87411CBAA25CD2724DF8A715FFF135FFFFFFFFF0007F921F9245FAB88407593DD3736455B
10FA7117F28381E87011C9AC25CCC4254F89714FFF135FFFFFFFFF0007F921F9245FAB88407593DE3736455B
10FA9817F27E81E87011C84325CC8B253F88714FFF135FFFFFFFFF0007F921F9245FAB88407583DF3736455B
10FACA17F28081E87C11C77B25CC7324CF8B713FFF135FFFFFFFFF0007F921F9245FAB88407593E03736455B
10FB2F17F28A81E86811C71625CC68245F8E712FFF136FFFFFFFFF0007F921F9245FAB88407593E13736455B
10FB6C17F29881E87711C6CE25CC73243F8B712FFF135FFFFFFFFF0007F921F9245FAB88407593E23736455B
10FB9B17F2A681E87411C70225CC98248F79712FFF135FFFFFFFFF0007F921F9245FAB88407583E33736455B
10FBBE17F2AB81E87011C70B25CCB124AF5F712FFF135FFFFFFFFF0007F921F9245FAB88407593E43736455B
10FBC217F2AA81E87011C6DD25CCBA24CF5C711FFF135FFFFFFFFF0007F921F9245FAB88407593E53736455B
10FBDD17F2A581E87411C67925CC9524DF6B711FFF135FFFFFFFFF0007F921F9245FAB88407593E63736455B
10FBB617F2AA81E87011C6C625CC6824EF78711FFF135FFFFFFFFF0007F921F9245FAB88417583E73736455B
10FBFB17F2BB81E87711C72625CC6A24CF7E711FFF135FFFFFFFFF0007F921F9245FAB88407593E83736455B
10FC5D17F2CD81E86D11C73A25CC97248F7C711FFF135FFFFFFFFF0007F921F9245FAB88407593E93736455B
10FC6417F2DC81E87011C72725CC90246F6F710FFF136FFFFFFFFF0007F921F9245FAB88407593EA3736455B
10FC9E17F2E981E87711C73225CC75245F63710FFF135FFFFFFFFF0007F921F9245FAB88407593EB3736455B
10FC9E17F2F081E87011C73B25CC5B245F6270FFFF135FFFFFFFFF0007F921F9245FAB88407593EC3836455B
10FC6C17F2E281E87411C74A25CC5B245F69710FFF135FFFFFFFFF0007F921F9245FAB88407593ED3836455B
10FC1217F2E381E87011C72E25CC6D242F6E710FFF135FFFFFFFFF0007F921F9245FAB88407583EE3836455B
10FBAF17F2F281E87711C71325CC83240F6F710FFF135FFFFFFFFF0007F921F9245FAB88407583EF3836455B
10FBBE17F2FC81E87411C6CD25CC8223EF6C70FFFF135FFFFFFFFF0007F921F9245FAB88407583F03836455B
10FC2617F2FC81E87011C6FA25CC9323BF6D710FFF135FFFFFFFFF0007F921F9245FAB88407593F13836455B
10FC7F17F2F581E87711C73B25CCCE239F6E710FFF135FFFFFFFFF0007F921F9245FAB88407583F23836455B
10FC6E17F2ED81E86D11C7C025CD07243F6B70FFFF135FFFFFFFFF0007F921F9245FAB88407583F33836455B
10FC3617F2EC81E87011C91725CD26250F6370FFFF135FFFFFFFFF0007F921F9245FAB88407593F43836455B
10FC9717F2EB81E87711CA1F25CD46252F5B70FFFF136FFFFFFFFF0007F921F9245FAB88407593F53836455B
10FCAA17F2EC81E87411CAD025CD3B24EF5D710FFF135FFFFFFFFF0007F921F9245FAB88407593F63836455B
10FC8717F2E381E87011CB1825CD2E248F6670FFFF135FFFFFFFFF0007F921F9245FAB88407583F73836455B
10FCB917F2E681E87711CB0825CD3B244F73710FFF135FFFFFFFFF0007F921F9245FAB88407583F83836455B
10FC9117F2EA81E86D11CB9925CD4B245F7E70FFFF135FFFFFFFFF0007F921F9245FAB88407593F93836455B
10FCB217F2F381E87711CBF325CD2824AF8470FFFF136FFFFFFFFF0007F921F9245FAB88407593FA3836455B
10FD1A17F30481E87711CB0025CCEE24AF8870FFFF136FFFFFFFFF0007F921F9245FAB88407583FB3836455B
10FD7317F31781E87411C9E925CCD8249F8D70FFFF135FFFFFFFFF0007F921F9245FAB88407593FC3836455B
10FDD817F32E81E87011C91B25CCD8246F9170FFFF135FFFFFFFFF0007F921F9245FAB88407593FD3836455B
10FE6717F33F81E87711C8A125CCBD243F9470FFFF135FFFFFFFFF0007F921F9245FAB88407593FE3836455B
10FECC17F34C81E87011C85D25CCA723FF9270EFFF135FFFFFFFFF0007F921F9245FAB88417593FF3836455B
10FEE317F34981E87411C85D25CC8F23DF8A70EFFF135FFFFFFFFF0007F921F9245FAB88407593003836455B
10FDC117F31C81E87711C85C25CC89240F8270FFFF135FFFFFFFFF0007F921F9245FAB88407583013836455B
10FC9317F2EF81E87711C82525CC77246F7D70EFFF135FFFFFFFFF0007F921F9245FAB88407583023836455B
10FC5117F2D381E86D11C7A725CC56249F7470EFFF136FFFFFFFFF0007F921F9245FAB88407583033836455B
10FC8317F2B681E87711C72F25CC1F24AF7070DFFF136FFFFFFFFF0007F921F9245FAB88407593043936455B
10FC7C17F2A481E87711C63C25CBC924DF6870DFFF135FFFFFFFFF0007F921F9245FAB88407583053936455B
10FBEB17F29B81E87411C50325CB7E24DF6570DFFF135FFFFFFFFF0007F921F9245FAB88407583063936455B
10FB5D17F29981E87711C3EB25CB5224CF6A70DFFF135FFFFFFFFF0007F921F9245FAB88407583073936455B
10FACE17F29681E87011C34A25CB33249F7270CFFF135FFFFFFFFF0007F921F9245FAB88407583083936455B
10FAB317F28481E87411C2D925CB22246F7A70CFFF135FFFFFFFFF0007F921F9245FAB88407593093936455B
10FA6617F25381E87711C2E025CB32243F7E70CFFF135FFFFFFFFF0007F921F9245FAB884075830A3936455B
10F8D417F20981E87011C45025CB66241F7F70CFFF135FFFFFFFFF0007F921F9245FAB884075830B3936455B
10F4F017F1C781E87411C54825CB8F240F8370CFFF135FFFFFFFFF0007F921F9245FAB884075930C3936455B
10F04217F18781E87711C52E25CB84246F8970CFFF135FFFFFFFFF0007F921F9245FAB884075830D3936455B
10EE1217F16781E87011C43125CBB224BF8D70CFFF135FFFFFFFFF0007F921F9245FAB884075830E3936455B
10ECDA17F15081E87411C48825CC3F24BF9170CFFF135FFFFFFFFF0007F921F9245FAB884075830F3936455B
10ECCD17F14881E87711C69125CCA7247F9370CFFF135FFFFFFFFF0007F921F9245FAB88407593103936455B
10ED6C17F13E81E87711C7AD25CCA9245F9270CFFF136FFFFFFFFF0007F921F9245FAB88407583113936455B
10EDA217F10A81E87711C7F025CCA9247F8D70CFFF135FFFFFFFFF0007F921F9245FAB88407583123936455B
10EDD717F0A881E87411C88525CC84FFFFFFFFFFFFFFFFFFFFFFFF0007F921F9245FAB884075A3133936455B
10ED6017F05B81E87011C71B25CC79FFFFFFFFFFFFFFFFFFFFFFFF0007F921F9245FAB884075B3143936455B
10ECBB17F02681E87011C5C725CC8BFFFFFFFFFFFFFFFFFFFFFFFF0007F921F9245FAB884075B3153936455B
10EAEA17EFF981E87411C57D25CC91FFFFFFFFFFFFFFFFFFFFFFFF0007F921F9245FAB884175A3163936455B
10E92917EFEB81E87711C6B925CCB1FFFFFFFFFFFFFFFFFFFFFFFF0007F921F9245FAB884075A3173936455B
10E7C117EFEA81E87011C78325CCAFFFFFFFFFFFFFFFFFFFFFFFFF0007F921F9245FAB884075A3183936455B
10E65E17EFF681E87411C5D625CC71FFFFFFFFFFFFFFFFFFFFFFFF0007F921F9245FAB884075A3193936455B
10E68B17EFFD81E87711C3D325CC66FFFFFFFFFFFFFFFFFFFFFFFF0007F921F9245FAB884075A31A3936455B
10E7E317F00381E87011C44D25CCA7FFFFFFFFFFFFFFFFFFFFFFFF0007F921F9245FAB884075A31B3936455B
10E8BB17F00181E87411C64825CCCFFFFFFFFFFFFFFFFFFFFFFFFF0007F921F9245FAB884075A31C3A36455B
10E8AB17EFFF81E87711C7D225CCF0FFFFFFFFFFFFFFFFFFFFFFFF0007F921F9245FAB884075A31D3A36455B
10E88517EFFF81E87011C8DE25CCD8FFFFFFFFFFFFFFFFFFFFFFFF0007F921F9245FAB884075A31E3A36455B
10E8C717F00081E86D11C95C25CC88254F8E711FFF135FFFFFFFFF0007F921F9245FAB884075931F3A36455B
10E8F017EFFF81E87711C8DA25CC63244F90711FFF135FFFFFFFFF0007F921F9245FAB88407583203A36455B
10E92317F00381E87011C8B125CC57FFFFFFFFFFFFFFFFFFFFFFFF0007F921F9245FAB884075A3213A36455B
10E96E17F00981E87011C8CE25CC89FFFFFFFFFFFFFFFFFFFFFFFF0007F921F9245FAB884075B3223A36455B
10E98017F00E81E87411C8FF25CCADFFFFFFFFFFFFFFFFFFFFFFFF0007F921F9245FAB884075B3233A36455B
10EA0B17F01381E87711C91F25CCAFFFFFFFFFFFFFFFFFFFFFFFFF0007F921F9245FAB884075A3243A36455B
10EAF217F01981E87011C87925CC98FFFFFFFFFFFFFFFFFFFFFFFF0007F921F9245FAB884075A3253A36455B
10EBF517F02281E86D11C70E25CC77FFFFFFFFFFFFFFFFFFFFFFFF0007F921F9245FAB884075A3263A36455B
10EC6A17F02581E87711C5F725CC42FFFFFFFFFFFFFFFFFFFFFFFF0007F921F9245FAB884075A3273A36455B
10ECAA17F02681E87011C62C25CC26FFFFFFFFFFFFFFFFFFFFFFFF0007F921F9245FAB884075A3283A36455B
10ECAC17F03281E87411C67925CC71FFFFFFFFFFFFFFFFFFFFFFFF0007F921F9245FAB884075A3293A36455B
10ECDA17F04681E87011C6D925CC7CFFFFFFFFFFFFFFFFFFFFFFFF0007F921F9245FAB884075A32A3A36455B
10ECF817F04881E87711C72225CC57FFFFFFFFFFFFFFFFFFFFFFFF0007F921F9245FAB884075A32B3A36455B
10ED3217F04A81E87411C71B25CC3FFFFFFFFFFFFFFFFFFFFFFFFF0007F921F9245FAB884075A32C3A36455B
10ED5C17F04881E87011C6E625CC35FFFFFFFFFFFFFFFFFFFFFFFF0007F921F9245FAB884075A32D3A36455B
10ECE117F03A81E87711C6BD25CC12FFFFFFFFFFFFFFFFFFFFFFFF0007F921F9245FAB884175A32E3A36455B
10EC1417F02981E86D11C6DE25CC03FFFFFFFFFFFFFFFFFFFFFFFF0007F921F9245FAB884075A32F3A36455B
10EBA617F02181E87711C6FA25CBBFFFFFFFFFFFFFFFFFFFFFFFFF0007F921F9245FAB884075A3303A36455B
10EBBF17F02C81E87011C6A925CB95FFFFFFFFFFFFFFFFFFFFFFFF0007F921F9245FAB884075A3313A36455B
10EC1617F03881E87C11C5C725CB9BFFFFFFFFFFFFFFFFFFFFFFFF0007F921F9245FAB884075B3323A36455B
10EC4A17F03B81E86811C38F25CB59FFFFFFFFFFFFFFFFFFFFFFFF0007F921F9245FAB884075A3333A36455B
10EC3117F03C81E87711C04825CAD4FFFFFFFFFFFFFFFFFFFFFFFF0007F921F9245FAB884075A3343B36455B
10EC1417F02F81E87711BDD925CA75FFFFFFFFFFFFFFFFFFFFFFFF0007F921F9245FAB884075A3353B36455B
10EBB617F01A81E87411BCFB25CA48FFFFFFFFFFFFFFFFFFFFFFFF0007F921F9245FAB884075A3363B36455B
10EBE217F02181E87711BC6E25CA29FFFFFFFFFFFFFFFFFFFFFFFF0007F921F9245FAB884075A3373B36455B
10EC6E17F02D81E87011BB5225C9F8FFFFFFFFFFFFFFFFFFFFFFFF0007F921F9245FAB884075A3383B36455B
10ECBE17F03481E87C11BA0825C9C3FFFFFFFFFFFFFFFFFFFFFFFF0007F921F9245FAB884075A3393B36455B
10ECCE17F02D81E87011B99B25C9BCFFFFFFFFFFFFFFFFFFFFFFFF0007F921F9245FAB884075A33A3B36455B
10EC8F17F02281E87711B9CB25C9B2FFFFFFFFFFFFFFFFFFFFFFFF0007F921F9245FAB884075A33B3B36455B
10EC1A17F01081E87411BA2025C9B4FFFFFFFFFFFFFFFFFFFFFFFF0007F921F9245FAB884075A33C3B36455B
10EC0C17EFF681E87711BA1025C9A225BF81713FFF135FFFFFFFFF0007F921F9245FAB884075933D3B36455B
10EBF717EFDE81E87711B8B125C96224BF88713FFF135FFFFFFFFF0007F921F9245FAB884075933E3B36455B
10EB1517EFD581E87411B82025C92E249F8A712FFF135FFFFFFFFF0007F921F9245FAB884075933F3B36455B
10EADF17EFE081E87F11B8A925C93024DF7F712FFF136FFFFFFFFF0007F921F9245FAB88407583403B36455B
10EB5717EFE881E87011B92E25C95C252F76712FFF136FFFFFFFFF0007F921F9245FAB88407593413B36455B
10EB5D17EFDD81E87C11B94625C962252F76712FFF135FFFFFFFFF0007F921F9245FAB884075A3423B36455B
10EB6A17EFC981E87711B98B25C95A24EF7B712FFF135FFFFFFFFF0007F921F9245FAB88407583433B36455B
10EB0917EFAB81E87711BA7125C95124DF7F711FFF135FFFFFFFFF0007F921F9245FAB88407593443B36455B
10E90C17EF7E81E87F11BAE625C94224DF84711FFF136FFFFFFFFF0007F921F9245FAB88407593453B36455B
10E71317EF4481E87C11BAB125C92A250F8B711FFF136FFFFFFFFF0007F921F9245FAB88407583463B36455B
10E67F17EF1E81E87711BA8D25C8E3255F91711FFF136FFFFFFFFF0007F921F9245FAB88417593473B36455B
10E63017EEF881E87711B8FE25C87D258F94710FFF135FFFFFFFFF0007F921F9245FAB88407593483B36455B
10E53917EEC581E87C11B77225C832255F96710FFF135FFFFFFFFF0007F921F9245FAB88407583493B36455B
10E49817EEA381E87F11B69D25C80E251F97710FFF136FFFFFFFFF0007F921F9245FAB884075934A3B36455B
10E4C217EE9181E87F11B66425C808252F93710FFF136FFFFFFFFF0007F921F9245FAB884075934B3B36455B
10E4B817EE8D81E87C11B66B25C7C9254F8E710FFF135FFFFFFFFF0007F921F9245FAB884075934C3C36455B
10E41917EE7C81E87F11B4B525C731253F8970FFFF135FFFFFFFFF0007F921F9245FAB884075934D3C36455B
10E3CC17EE6F81E87F11B22E25C6B2250F8770FFFF136FFFFFFFFF0007F921F9245FAB884075934E3C36455B
10E37317EE7981E87C11B0C025C64F24BF8470FFFF136FFFFFFFFF0007F921F9245FAB884075934F3C36455B
10E36817EE7481E87F11AFDD25C60B248F7D70FFFF136FFFFFFFFF0007F921F9245FAB88407593503C36455B
10E34D17EE7581E88611AF3A25C5A7247F6E70FFFF135FFFFFFFFF0007F921F9245FAB88407583513C36455B
10E34917EE7481E87C11AEBA25C54B246F5970FFFF135FFFFFFFFF0007F921F9245FAB884075A3523C36455B
10E33117EE5D81E87F11AE3D25C583FFFFFFFFFFFFFFFFFFFFFFFF0007F921F9245FAB884075A3533C36455B
10E37017EE4681E88611AD6425C5EAFFFFFFFFFFFFFFFFFFFFFFFF0007F921F9245FAB884075A3543C36455B
10E3C817EE4881E87F11AD6F25C5DDFFFFFFFFFFFFFFFFFFFFFFFF0007F921F9245FAB884075A3553C36455B
10E3FA17EE5481E88B11AD3425C5B7FFFFFFFFFFFFFFFFFFFFFFFF0007F921F9245FAB884075B3563C36455B
10E40917EE5E81E87F11AC8125C574FFFFFFFFFFFFFFFFFFFFFFFF0007F921F9245FAB884075A3573C36455B
10E3FA17EE5D81E88611AC2325C548FFFFFFFFFFFFFFFFFFFFFFFF0007F921F9245FAB884075A3583C36455B
10E42E17EE5381E88311ABE825C558FFFFFFFFFFFFFFFFFFFFFFFF0007F921F9245FAB884075A3593C36455B
10E4A717EE5681E88611ABA325C554FFFFFFFFFFFFFFFFFFFFFFFF0007F921F9245FAB884075A35A3C36455B
10E51317EE5281E88611ABAB25C53CFFFFFFFFFFFFFFFFFFFFFFFF0007F921F9245FAB884075A35B3C36455B
10E58E17EE5481E88311AC2F25C529FFFFFFFFFFFFFFFFFFFFFFFF0007F921F9245FAB884075A35C3C36455B
10E65117EE5381E88611ACB925C531FFFFFFFFFFFFFFFFFFFFFFFF0007F921F9245FAB884075A35D3C36455B
10E77017EE6181E88D11ACF425C51C25BF7270FFFF136FFFFFFFFF0007F921F9245FAB884075935E3C36455B
10E7C117EE6A81E88311AD4425C52724EF6A70FFFF136FFFFFFFFF0007F921F9245FAB884175935F3C36455B
10E75C17EE7481E88611AD3A25C52224AF7170FFFF135FFFFFFFFF0007F921F9245FAB88407593603C36455B
10E6DF17EE6F81E88D11AD9825C50F246F7D710FFF135FFFFFFFFF0007F921F9245FAB88407593613C36455B
10E6C617EE6C81E88311AD3E25C4FE247F8370FFFF135FFFFFFFFF0007F921F9245FAB884075A3623C36455B
10E70F17EE6C81E88D11AC2325C4D3247F87710FFF136FFFFFFFFF0007F921F9245FAB88407593633C36455B
10E73B17EE7081E88D11AB6325C4C0245F8B70FFFF135FFFFFFFFF0007F921F9245FAB88407593643D36455B
10E75917EE7281E88611AB0325C4BE246F89710FFF135FFFFFFFFF0007F921F9245FAB88407583653D36455B
10E7B517EE7681E88B11AAB925C4C424BF7D710FFF135FFFFFFFFF0007F921F9245FAB88407583663D36455B
10E7C517EE7781E88D11AA9A25C4B324DF7370FFFF136FFFFFFFFF0007F921F9245FAB88407583673D36455B
10E79A17EE7381E88611AA9525C48624BF7170FFFF135FFFFFFFFF0007F921F9245FAB88407583683D36455B
10E7D017EE7B81E88B11AA6D25C48024AF7270FFFF135FFFFFFFFF0007F921F9245FAB88407583693D36455B
10E80617EE8981E88D11AA7225C47BFFFFFFFFFFFFFFFFFFFFFFFF0007F921F9245FAB884075A36A3D36455B
10E80217EE8181E88D11AA9925C47FFFFFFFFFFFFFFFFFFFFFFFFF0007F921F9245FAB884075A36B3D36455B
10E7EB17EE8181E88B11AAC325C4C8FFFFFFFFFFFFFFFFFFFFFFFF0007F921F9245FAB884075B36C3D36455B
10E81217EE8A81E88D11AB3A25C4CDFFFFFFFFFFFFFFFFFFFFFFFF0007F921F9245FAB884075A36D3D36455B
10E87D17EE9081E88D11ABD725C4C7FFFFFFFFFFFFFFFFFFFFFFFF0007F921F9245FAB884075A36E3D36455B
10E91417EE8E81E89211AC2825C4B4FFFFFFFFFFFFFFFFFFFFFFFF0007F921F9245FAB884075A36F3D36455B
10E99D17EE7981E88D11AC1725C48DFFFFFFFFFFFFFFFFFFFFFFFF0007F921F9245FAB884075A3703D36455B
10E98017EE7281E88D11ABF025C482FFFFFFFFFFFFFFFFFFFFFFFF0007F921F9245FAB884075A3713D36455B
10E89C17EE6581E88311ABAB25C4A8FFFFFFFFFFFFFFFFFFFFFFFF0007F921F9245FAB884075A3723D36455B
10E79F17EE5881E89511AB4E25C4AFFFFFFFFFFFFFFFFFFFFFFFFF0007F921F9245FAB884075A3733D36455B
10E6F417EE5781E89511AB0B25C48CFFFFFFFFFFFFFFFFFFFFFFFF0007F921F9245FAB884075B3743D36455B
10E6D617EE5E81E88611AB0E25C475FFFFFFFFFFFFFFFFFFFFFFFF0007F921F9245FAB884075A3753D36455B
10E74E17EE6581E89211AB4B25C48B262F7670EFFFBB8FFFFFFFFF0007F921F9245FAB88417583763D36455B
10E7B117EE6781E88D11AB9B25C4A6251F7A70EFFFFC3FFFFFFFFF0007F921F9245FAB88407583773D36455B
10E7A617EE6F81E88D11ABE725C472251F7C70EFFFFEFFFFFFFFFF0007F921F9245FAB884075A3783D36455B
10E7C517EE6D81E89211AC0C25C459250F7E70DFFFF81FFFFFFFFF0007F921F9245FAB88407593793D36455B
10E7FE17EE6381E88D11ABE725C45D24BF8170DFFFF58FFFFFFFFF0007F921F9245FAB884075937A3D36455B
10E81917EE6A81E88D11AB6B25C472245F8770EFFFF5AFFFFFFFFF0007F921F9245FAB884075937B3D36455B
10E82117EE6081E89211AB0B25C47F243F8B70DFFFF60FFFFFFFFF0007F921F9245FAB884075937C3E36455B
10E7B917EE5381E88D11AAEE25C46F244F8E70DFFFF63FFFFFFFFF0007F921F9245FAB884075A37D3E36455B
10E73A17EE4881E88D11AAFA25C442249F9170DFFFF64FFFFFFFFF0007F921F9245FAB884075937E3E36455B
10E6D217EE4381E89211AB3B25C44E24FF9170DFFFF65FFFFFFFFF0007F921F9245FAB884075A37F3E36455B
10E69A17EE3C81E88D11AC0825C484252F8370DFFFF66FFFFFFFFF0007F921F9245FAB88407593803E36455B
10E66A17EE3B81E88D11AD5C25C4BA251F7670DFFFF66FFFFFFFFF0007F921F9245FAB88407593813E36455B
10E67117EE3B81E88D11AE8525C4C724BF7070DFFFF67FFFFFFFFF0007F921F9245FAB884075A3823E36455B
10E6D417EE4081E89211AF2F25C4B3248F6B70DFFFF68FFFFFFFFF0007F921F9245FAB88407593833E36455B
10E70817EE4181E88D11AF7225C4B3245F6670DFFFF6AFFFFFFFFF0007F921F9245FAB88407593843E36455B
10E72A17EE4481E88D11AF2F25C4C2243F6A70DFFFF6BFFFFFFFFF0007F921F9245FAB88407593853E36455B
10E73A17EE3D81E88B11AF2A25C4D3244F7670DFFFF6BFFFFFFFFF0007F921F9245FAB88407593863E36455B
10E6EE17EE2F81E88D11AF3E25C4CB246F7A70EFFFF6CFFFFFFFFF0007F921F9245FAB88407593873E36455B
10E68C17EE2B81E89511AF7025C4C0249F7870DFFFF6DFFFFFFFFF0007F921F9245FAB884075A3883E36455B
10E64317EE2681E88B11AFFB25C4C424DF7470DFFFF6EFFFFFFFFF0007F921F9245FAB88407593893E36455B
10E61017EE2181E88D11B0AC25C4CD250F6070EFFFF6EFFFFFFFFF0007F921F9245FAB884075838A3E36455B
10E5F617EE2081E88D11B16025C4BC251F5C70EFFFF6BFFFFFFFFF0007F921F9245FAB884075938B3E36455B
10E5DF17EE1381E88B11B19925C4C224FF6B70EFFF77CFFFFFFFFF0007F921F9245FAB884075A38C3E36455B
10E5C817EE1381E88D11B17D25C4B324DF7470DFFF186FFFFFFFFF0007F921F9245FAB884075938D3E36455B
10E5BC17EE1081E88611B15525C48C249F7A70EFFF096FFFFFFFFF0007F921F9245FAB884175938E3E36455B
10E5C017EE0C81E88B11B0F325C461247F7C70EFFF105FFFFFFFFF0007F921F9245FAB884075A38F3E36455B
10E62817EE1281E88D11B09025C46A248F7F70EFFF144FFFFFFFFF0007F921F9245FAB88407593903E36455B
10E6A317EE1881E88D11B06725C48A24DF7E70EFFF148FFFFFFFFF0007F921F9245FAB88407593913E36455B
10E6B917EE1F81E88611B0BB25C48024DF7F70EFFF141FFFFFFFFF0007F921F9245FAB88407593923E36455B
10E70417EE2C81E88B11B13825C4A024BF8270EFFF13DFFFFFFFFF0007F921F9245FAB88407593933E36455B
10E74D17EE3081E88611B18525C4ED24CF8570FFFF13BFFFFFFFFF0007F921F9245FAB88407583943F36455B
10E77B17EE3481E88D11B1B125C4FC252F8270FFFF13BFFFFFFFFF0007F921F9245FAB884075A3953F36455B
10E7B217EE3681E88B11B1DA25C4ED257F8170EFFF13BFFFFFFFFF0007F921F9245FAB884075A3963F36455B
10E7B917EE3681E88611B20525C4E9257F8070EFFF13AFFFFFFFFF0007F921F9245FAB884075A3973F36455B
10E7A917EE3181E88611B21A25C4E9256F7F70FFFF13AFFFFFFFFF0007F921F9245FAB88407593983F36455B
10E78417EE2781E88311B20925C4E9259F8370FFFF139FFFFFFFFF0007F921F9245FAB88407583993F36455B
10E76417EE2281E88611B1E225C4D625AF7770EFFF139FFFFFFFFF0007F921F9245FAB884075A39A3F36455B
10E70B17EE2481E88611B1BD25C4CF254F6E70FFFF139FFFFFFFFF0007F921F9245FAB884075939B3F36455B
10E6A617EE1981E88B11B1C125C4CF250F7670EFFF139FFFFFFFFF0007F921F9245FAB884075939C3F36455B
10E69C17EE1581E87F11B1E525C4D524FF7F70EFFF139FFFFFFFFF0007F921F9245FAB884075939D3F36455B
10E6C217EE1681E88611B20625C4CB253F8270EFFF139FFFFFFFFF0007F921F9245FAB884075939E3F36455B
10E6D917EE1581E88611B20125C4CD258F8570EFFF138FFFFFFFFF0007F921F9245FAB884075A39F3F36455B
10E6F617EE1081E88311B1F525C4C2259F8970EFFF138FFFFFFFFF0007F921F9245FAB88407593A03F36455B
10E72317EE1781E87F11B1FD25C4AB258F8B70EFFF138FFFFFFFFF0007F921F9245FAB88407593A13F36455B
10E75517EE1381E88611B21E25C497255F8A70EFFF138FFFFFFFFF0007F921F9245FAB88407583A23F36455B
10E76917EE1C81E88311B24625C4DA252F8770EFFF138FFFFFFFFF0007F921F9245FAB88407583A33F36455B
10E76417EE1781E87F11B28225C4F224DF8770DFFF137FFFFFFFFF0007F921F9245FAB88407583A43F36455B
10E75917EE0C81E88611B2AE25C4DE24AF8470DFFF138FFFFFFFFF0007F921F9245FAB884075A3A53F36455B
10E76117EE0781E87C11B2D425C4CB247F8270DFFF138FFFFFFFFF0007F921F9245FAB88407593A63F36455B
10E77F17EE0C81E87F11B2F325C4C7247F8270DFFF138FFFFFFFFF0007F921F9245FAB88417593A73F36455B
10E7A617EE1781E87F11B2F325C4B9247F4070CFFF137FFFFFFFFF0007F921F9245FAB88407593A83F36455B
10E7C917EE1A81E88311B2E725C4C3247F1670DFFF137FFFFFFFFF0007F921F9245FAB88407583A93F36455B
10E7DF17EE1B81E87711B2DF25C4C7249F3270CFFF138FFFFFFFFF0007F921F9245FAB88407593AA3F36455B
10E7EB17EE2781E88611B2E925C4AC248F5370DFFF137FFFFFFFFF0007F921F9245FAB88407593AB3F36455B
10E80217EE3781E87C11B30325C4A4247F5370DFFF137FFFFFFFFF0007F921F9245FAB88407593AC4036455B
10E80E17EE3B81E87711B32B25C4A4246F5970DFFF137FFFFFFFFF0007F921F9245FAB88407583AD4036455B
10E81D17EE4081E87F11B35325C49E246F6270DFFF137FFFFFFFFF0007F921F9245FAB88407593AE4036455B
10E82517EE4881E87711B38825C4A2249F6870CFFF137FFFFFFFFF0007F921F9245FAB88407583AF4036455B
10E82C17EE4B81E87C11B3AF25C49E24FF7770CFFF137FFFFFFFFF0007F921F9245FAB88407583B04036455B
10E83417EE5781E87F11B3DC25C495252F6C70CFFF137FFFFFFFFF0007F921F9245FAB88407583B14036455B
10E84F17EE6181E87711B3FC25C499251F5170DFFF137FFFFFFFFF0007F921F9245FAB88407583B24036455B
10E85F17EE6681E87C11B41D25C495251F4C70CFFF137FFFFFFFFF0007F921F9245FAB88407593B34036455B
10E86E17EE6F81E87711B43925C479251F5270CFFF137FFFFFFFFF0007F921F9245FAB88407583B44036455B
10E88517EE7281E87711B44925C46324FF6370DFFF137FFFFFFFFF0007F921F9245FAB88407583B54036455B
10E88D17EE7681E87C11B45925C4ADFFFFFFFFFFFFFFFFFFFFFFFF0007F921F9245FAB884075B3B64036455B
10E89C17EE7781E87711B46125C4BAFFFFFFFFFFFFFFFFFFFFFFFF0007F921F9245FAB884075A3B74036455B
10E8A717EE7781E87F11B46125C4B5FFFFFFFFFFFFFFFFFFFFFFFF0007F921F9245FAB884075A3B84036455B
10E8B017EE7481E87411B46925C494FFFFFFFFFFFFFFFFFFFFFFFF0007F921F9245FAB884075A3B94036455B
10E8B717EE7681E87711B46525C4CAFFFFFFFFFFFFFFFFFFFFFFFF0007F921F9245FAB884075A3BA4036455B
10E8C217EE7381E87711B46925C4CDFFFFFFFFFFFFFFFFFFFFFFFF0007F921F9245FAB884075A3BB4036455B
10E8CB17EE6D81E87411B46925C4D9FFFFFFFFFFFFFFFFFFFFFFFF0007F921F9245FAB884075A3BC4036455B
10E8D117EE6C81E87711B45D25C4EDFFFFFFFFFFFFFFFFFFFFFFFF0007F921F9245FAB884075A3BD4036455B
10E8D617EE7081E87711B46125C4D7FFFFFFFFFFFFFFFFFFFFFFFF0007F921F9245FAB884075B3BE4036455B
10E8DA17EE6D81E86D11B45125C4B6FFFFFFFFFFFFFFFFFFFFFFFF0007F921F9245FAB884175B3BF4036455B
10E8DD17EE6C81E87F11B44925C4A0FFFFFFFFFFFFFFFFFFFFFFFF0007F921F9245FAB884075A3C04036455B
10E8DE17EE6981E87711B44125C4A2FFFFFFFFFFFFFFFFFFFFFFFF0007F921F9245FAB884075A3C14036455B
10E8DE17EE6B81E87711B43125C48AFFFFFFFFFFFFFFFFFFFFFFFF0007F921F9245FAB884075C3C24036455B
10E8E117EE6C81E87411B42025C488FFFFFFFFFFFFFFFFFFFFFFFF0007F921F9245FAB884075A3C34036455B
10E8DE17EE6981E87711B41025C49DFFFFFFFFFFFFFFFFFFFFFFFF0007F921F9245FAB884075A3C44136455B
10E8D917EE6F81E87711B40425C497FFFFFFFFFFFFFFFFFFFFFFFF0007F921F9245FAB884075B3C54136455B
10E8DA17EE7281E87411B3F025C4BAFFFFFFFFFFFFFFFFFFFFFFFF0007F921F9245FAB884075A3C64136455B
10E8CE17EE6D81E87711B3E425C4D4FFFFFFFFFFFFFFFFFFFFFFFF0007F921F9245FAB884075A3C74136455B
10E8C617EE3881E87711B3D025C4D1FFFFFFFFFFFFFFFFFFFFFFFF0007F921F9245FAB884075A3C84136455B
10E8BB17EC1181E87411B3B325C4B5FFFFFFFFFFFFFFFFFFFFFFFF0007F921F9245FAB884075A3C94136455B
10E8B317EDAA81E87711B39825C4A6FFFFFFFFFFFFFFFFFFFFFFFF0007F921F9245FAB884075A3CA4136455B
10E8A317EE6C81E87711B37325C49EFFFFFFFFFFFFFFFFFFFFFFFF0007F921F9245FAB884075A3CB4136455B
10E89517EE6981E87411B35325C4CFFFFFFFFFFFFFFFFFFFFFFFFF0007F921F9245FAB884075C3CC4136455B
10E87D17EE6281E87F11B32725C4C7FFFFFFFFFFFFFFFFFFFFFFFF0007F921F9245FAB884075A3CD4136455B
10E87117EE6181E87011B30925C4D7FFFFFFFFFFFFFFFFFFFFFFFF0007F921F9245FAB884075A3CE4136455B
10E85B17EE5581E87C11B2E725C4DAFFFFFFFFFFFFFFFFFFFFFFFF0007F921F9245FAB884075C3CF4136455B
10E84B17EE4581E87711B2CB25C4BD6BFF7D70FFFF136FFFFFFFFF0007F921F9245FAB884075A3D04136455B
10E83817EE4181E87711B2AE25C48E257F8170FFFF136FFFFFFFFF0007F921F9245FAB88407583D14136455B
10E82917EE3481E87711B29225C4B6FFFFFFFFFFFFFFFFFFFFFFFF0007F921F9245FAB884075A3D24136455B
10E81517EE2C81E87C11B27725C4FAFFFFFFFFFFFFFFFFFFFFFFFF0007F921F9245FAB884075A3D34136455B
10E80E17EE2381E87711B25A25C4EAFFFFFFFFFFFFFFFFFFFFFFFF0007F921F9245FAB884075A3D44136455B
10E80217EE2081E87F11B24225C4E0FFFFFFFFFFFFFFFFFFFFFFFF0007F921F9245FAB884075B3D54136455B
10E7FA17EE1B81E87411B22A25C4DAFFFFFFFFFFFFFFFFFFFFFFFF0007F921F9245FAB884175A3D64136455B
10E7EF17EE1681E87F11B21225C4DEFFFFFFFFFFFFFFFFFFFFFFFF0007F921F9245FAB884075A3D74136455B
10E7D817EE0681E87711B1F525C4E0FFFFFFFFFFFFFFFFFFFFFFFF0007F921F9245FAB884075A3D84136455B
10E7C117EE0481E87C11B1E925C4EDFFFFFFFFFFFFFFFFFFFFFFFF0007F921F9245FAB884075A3D94136455B
10E7AA17EDF881E87711B1D125C4F8FFFFFFFFFFFFFFFFFFFFFFFF0007F921F9245FAB884075A3DA4136455B
10E78B17EDF881E87F11B1B925C4E6FFFFFFFFFFFFFFFFFFFFFFFF0007F921F9245FAB884075A3DB4136455B
10E76817EDFA81E87C11B1A525C4B3FFFFFFFFFFFFFFFFFFFFFFFF0007F921F9245FAB884075B3DC4236455B
10E73F17EE0681E87F11B18525C4B76BEF7870EFFF136FFFFFFFFF0007F921F9245FAB88407593DD4236455B
10E70017EE1281E87711B17125C4BE258F7A70EFFF136FFFFFFFFF0007F921F9245FAB88407583DE4236455B
10E6CA17EE2581E88311B16D25C4B1254F7870EFFF136FFFFFFFFF0007F921F9245FAB88407593DF4236455B
10E69E17EE3081E87F11B16525C4A0254F7670EFFF136FFFFFFFFF0007F921F9245FAB88407593E04236455B
10E69017EE3081E87F11B16925C49C256F7770EFFF136FFFFFFFFF0007F921F9245FAB88407593E14236455B
10E6AF17EE3081E87F11B16025C47B257F7870EFFF136FFFFFFFFF0007F921F9245FAB88407593E24236455B
10E6D917EE3081E88311B15D25C47E255F6F70EFFF136FFFFFFFFF0007F921F9245FAB88407583E34236455B
10E71C17EE3181E87711B15025C4A2254F6C70EFFF136FFFFFFFFF0007F921F9245FAB884075A3E44236455B
10E73617EE3081E88611B13C25C4B9254F7170EFFF136FFFFFFFFF0007F921F9245FAB884075A3E54236455B
10E72317EE2C81E87C11B12825C497253F7570EFFF136FFFFFFFFF0007F921F9245FAB88407593E64236455B
10E71117EE2681E87F11B11425C470253F7A70DFFF136FFFFFFFFF0007F921F9245FAB88407593E74236455B
10E6FC17EE2281E88611B11025C481253F6370EFFF136FFFFFFFFF0007F921F9245FAB88407583E84236455B
10E6C617EE2081E87C11B11025C490255F3770EFFF136FFFFFFFFF0007F921F9245FAB88407583E94236455B
10E67D17EE0F81E88611B10025C480257F3C70EFFF136FFFFFFFFF0007F921F9245FAB88407593EA4236455B
10E65117EE0A81E87F11B0EC25C473257F5270EFFF136FFFFFFFFF0007F921F9245FAB88407593EB4236455B
10E63417EE0B81E88311B0E425C477253F6570EFFF136FFFFFFFFF0007F921F9245FAB88407593EC4236455B
10E63B17EE0A81E88611B0DB25C48524FF6E70FFFF136FFFFFFFFF0007F921F9245FAB88407583ED4236455B
10E66E17EE1281E87F11B0E425C48A24DF7070EFFF136FFFFFFFFF0007F921F9245FAB884175A3EE4236455B
10E67F17EE1281E88311B0E825C48A24CF7470EFFF136FFFFFFFFF0007F921F9245FAB884075A3EF4236455B
10E66A17EE0B81E88611B0EB25C47724CF7470FFFF136FFFFFFFFF0007F921F9245FAB88407593F04236455B
10E64317EDFE81E87F11B0F025C46B24BF7C70FFFF136FFFFFFFFF0007F921F9245FAB88407593F14236455B
10E61C17EDFD81E88611B0F425C47524DF8070FFFF136FFFFFFFFF0007F921F9245FAB88407593F24236455B
10E60617EE0081E88311B0F425C479251F7870FFFF136FFFFFFFFF0007F921F9245FAB88407593F34236455B
10E60217EE0781E88611B0F325C46C250F7670FFFF136FFFFFFFFF0007F921F9245FAB88407593F44336455B
10E61117EE1281E88611B0F825C46124BF7E710FFF135FFFFFFFFF0007F921F9245FAB88407593F54336455B
10E63317EE2581E87C11B0F425C45F248F8570FFFF136FFFFFFFFF0007F921F9245FAB88407593F64336455B
10E64317EE2B81E88611B0EB25C472247F89710FFF136FFFFFFFFF0007F921F9245FAB884075A3F74336455B
10E64F17EE3381E88611B0C425C480248F89710FFF136FFFFFFFFF0007F921F9245FAB88407593F84336455B
10E65617EE3681E88311B0B425C46E247F85710FFF136FFFFFFFFF0007F921F9245FAB88407593F94336455B
10E65D17EE3681E88611B0A725C468247F7F710FFF136FFFFFFFFF0007F921F9245FAB88407593FA4336455B
10E65A17EE2E81E88611B08C25C474249F79710FFF135FFFFFFFFF0007F921F9245FAB88407583FB4336455B
10E65E17EE2B81E88311B06B25C47924DF70710FFF136FFFFFFFFF0007F921F9245FAB88407593FC4336455B
10E65E17EE2B81E88611B05225C47924BF6870FFFF136FFFFFFFFF0007F921F9245FAB88407593FD4336455B
10E66117EE3381E88611B04325C46C248F63710FFF135FFFFFFFFF0007F921F9245FAB88407593FE4336455B
10E66617EE3381E88311B03B25C455246F65710FFF135FFFFFFFFF0007F921F9245FAB884075A3FF4336455B
10E65A17EE3581E88611B03F25C461247F6F710FFF135FFFFFFFFF0007F921F9245FAB88407593004336455B
10E66217EE3981E88611B04A25C47B247F73710FFF136FFFFFFFFF0007F921F9245FAB88407583014336455B
10E66817EE3781E88611B04B25C461246F6A710FFF136FFFFFFFFF0007F921F9245FAB88407593024336455B
10E66617EE3F81E88311B05325C450246F5F710FFF135FFFFFFFFF0007F921F9245FAB88407593034336455B
10E66217EE3981E88611B05225C468245F5E710FFF136FFFFFFFFF0007F921F9245FAB88407593044336455B
10E65D17EE3E81E88611B04F25C492242F61710FFF135FFFFFFFFF0007F921F9245FAB88407583054336455B
10E65A17EE3C81E88311B03725C482245F64710FFF136FFFFFFFFF0007F921F9245FAB884175A3064336455B
10E65617EE3881E88611B02D25C46C24CF6770FFFF136FFFFFFFFF0007F921F9245FAB88407593074336455B
10E64F17EE3A81E87F11B02F25C474251F6B70FFFF135FFFFFFFFF0007F921F9245FAB884075A3084336455B
10E65117EE3B81E88B11B02725C47F250F7270FFFF135FFFFFFFFF0007F921F9245FAB88407593094336455B
10E65617EE3B81E88611B02925C48E24DF7B70FFFF136FFFFFFFFF0007F921F9245FAB884075930A4336455B
10E65A17EE3881E87F11B03325C47924AF8170FFFF136FFFFFFFFF0007F921F9245FAB884075930B4336455B
10E65E17EE3681E88B11B03B25C471249F8570EFFF136FFFFFFFFF0007F921F9245FAB884075930C4436455B
10E66117EE3981E87F11B03525C47D248F8870FFFF135FFFFFFFFF0007F921F9245FAB884075930D4436455B
10E66217EE3781E88611B02725C482247F8670FFFF135FFFFFFFFF0007F921F9245FAB884075A30E4436455B
10E65E17EE3B81E88311B01725C49524AF8170EFFF136FFFFFFFFF0007F921F9245FAB884075A30F4436455B
10E65A17EE2F81E88611AFF925C481255F8170EFFF136FFFFFFFFF0007F921F9245FAB88407593104436455B
10E66417EE2E81E87F11AFC325C46C25EF8470EFFF135FFFFFFFFF0007F921F9245FAB884075A3114436455B
10E66A17EE2981E88611AF9A25C46E263F8770EFFF136FFFFFFFFF0007F921F9245FAB884075A3124436455B
10E66E17EE2A81E88311AF8025C464261F8970EFFF136FFFFFFFFF0007F921F9245FAB884075A3134436455B
10E67417EE2281E87F11AF6E25C44C25BF8570EFFF136FFFFFFFFF0007F921F9245FAB88407593144436455B
10E67117EE1381E88611AF6225C446254F8370DFFF136FFFFFFFFF0007F921F9245FAB88407593154436455B
10E67517EE1081E88311AF5B25C43F250F8770DFFF135FFFFFFFFF0007F921F9245FAB88407593164436455B
10E66E17EE1481E88611AF4E25C44324DF8D70DFFF135FFFFFFFFF0007F921F9245FAB88407593174436455B
10E66417EE1D81E87F11AF4725C44C24FF8D70DFFF136FFFFFFFFF0007F921F9245FAB884075A3184436455B
10E65A17EE1781E88311AF4A25C448252F8970DFFF136FFFFFFFFF0007F921F9245FAB88407593194436455B
10E65617EE1281E87F11AF4E25C45F257F8770DFFF136FFFFFFFFF0007F921F9245FAB884075A31A4436455B
10E64717EE0F81E88611AF5725C47425DF8370DFFF135FFFFFFFFF0007F921F9245FAB884075931B4436455B
10E64617EE1381E88311AF6225C465263F8270DFFF135FFFFFFFFF0007F921F9245FAB884075931C4436455B
10E63817EE0981E87F11AF7225C459264F8270DFFF136FFFFFFFFF0007F921F9245FAB884075931D4436455B
10E63017EE0281E88611AF7825C457263F8170DFFF136FFFFFFFFF0007F921F9245FAB884075931E4436455B
10E62C17EE0481E88311AF7E25C450263F6E70DFFF135FFFFFFFFF0007F921F9245FAB884175A31F4436455B
10E62317EE0081E87F11AF8E25C43B269F2D70DFFF135FFFFFFFFF0007F921F9245FAB88407593204436455B
10E60D17EDF681E87F11AF8C25C42E26DF2F70DFFF135FFFFFFFFF0007F921F9245FAB88407593214436455B
10E5FA17EDF181E88611AF9225C43226CF5370DFFF135FFFFFFFFF0007F921F9245FAB884075A3224436455B
10E5D317EDE781E87C11AF9625C42E264F7170DFFF136FFFFFFFFF0007F921F9245FAB88407593234436455B
10E59917EDE781E88611AF9025C43225DF8270DFFF135FFFFFFFFF0007F921F9245FAB88407593244536455B
10E57717EDE581E87F11AF8E25C454257F8B70DFFF135FFFFFFFFF0007F921F9245FAB88407593254536455B
10E57B17EDE181E88311AF8825C45F255F9070DFFF135FFFFFFFFF0007F921F9245FAB88407593264536455B
10E59217EDDE81E87711AF7E25C466255F9170DFFF135FFFFFFFFF0007F921F9245FAB88407593274536455B
10E5A917EDD681E88611AF7A25C45B256F8470DFFF135FFFFFFFFF0007F921F9245FAB88407593284536455B
10E5B117EDCB81E88311AF7025C45025BF7F70DFFF135FFFFFFFFF0007F921F9245FAB88407583294536455B
10E5B517EDC981E87F11AF6A25C45425DF8570DFFF135FFFFFFFFF0007F921F9245FAB884075932A4536455B
10E5A917EDCE81E87F11AF6225C45D25BF8C70DFFF135FFFFFFFFF0007F921F9245FAB884075932B4536455B
10E58317EDD681E88311AF5B25C44C255F8A70CFFF136FFFFFFFFF0007F921F9245FAB884075A32C4536455B
10E55117EDDC81E87F11AF5625C43924FF8570CFFF135FFFFFFFFF0007F921F9245FAB884075932D4536455B
10E51717EDDE81E88611AF5225C43B249F8470CFFF135FFFFFFFFF0007F921F9245FAB884075A32E4536455B
10E4FC17EDDB81E88311AF4B25C449248F8370DFFF135FFFFFFFFF0007F921F9245FAB884075932F4536455B
10E51317EDDD81E87F11AF4625C44124AF8270CFFF135FFFFFFFFF0007F921F9245FAB88407593304536455B
10E52E17EDE281E87F11AF4625C43724AF8170CFFF136FFFFFFFFF0007F921F9245FAB88407593314536455B
10E54917EDE781E88611AF3B25C43524AF7E70DFFF135FFFFFFFFF0007F921F9245FAB88407593324536455B
10E55117EDEA81E87C11AF3E25C42F249F7F70DFFF135FFFFFFFFF0007F921F9245FAB88407593334536455B
10E53D17EDE581E88611AF3325C41824BF8370CFFF135FFFFFFFFF0007F921F9245FAB88407593344536455B
10E52217EDEC81E87F11AF2E25C41824FF8770CFFF135FFFFFFFFF0007F921F9245FAB88407593354536455B
10E50017EDEA81E88311AF2625C40E251F8B70CFFF135FFFFFFFFF0007F921F9245FAB88407593364536455B
10E4F017EDE681E87F11AF1B25C3FC251F8870CFFF135FFFFFFFFF0007F921F9245FAB89417593374536455B
10E4E917EDE881E88611AF1625C3E5250F8370BFFF135FFFFFFFFF0007F921F9245FAB89407593384536455B
10E4D917EDE581E88311AF0625C3E524EF7E70BFFF135FFFFFFFFF0007F921F9245FAB89407593394536455B
10E4ED17EDE481E87F11AEF625C3FA250F7970CFFF135FFFFFFFFF0007F921F9245FAB894075933A4536455B
10E4F917EDE981E88611AEE225C401250F7570BFFF135FFFFFFFFF0007F921F9245FAB894075933B4536455B
10E4F817EDE581E88311AECA25C3FA24DF7370CFFF135FFFFFFFFF0007F921F9245FAB894075933C4636455B
10E4D917EDE481E87F11AEBA25C3F824CF6B70CFFF135FFFFFFFFF0007F921F9245FAB894075933D4636455B
10E4C217EDDB81E88611AEBE25C40B24DF5D70CFFF135FFFFFFFFF0007F921F9245FAB894075933E4636455B
10E4AF17EDE281E87C11AEBE25C41224FF5670BFFF135FFFFFFFFF0007F921F9245FAB894075A33F4636455B
10E49517EDE481E88D11AEAD25C3FE251F5470BFFF135FFFFFFFFF0007F921F9245FAB894075A3404636455B
10E48817EDDB81E88611AE9525C3DE255F5770BFFF135FFFFFFFFF0007F921F9245FAB894075A3414636455B
10E49C17EDD981E87F11AE8525C3D6257F6370CFFF135FFFFFFFFF0007F921F9245FAB894075A3424636455B
10E49817EDDA81E88B11AE6D25C403255F7070CFFF135FFFFFFFFF0007F921F9245FAB89407593434636455B
10E48517EDD581E87F11AE5D25C412252F7B70CFFF135FFFFFFFFF0007F921F9245FAB894075A3444636455B
10E46F17EDCF81E88611AE5525C3F824DF8070BFFF135FFFFFFFFF0007F921F9245FAB894075A3454636455B
10E45617EDCA81E88B11AE4125C3CF249F8670BFFF135FFFFFFFFF0007F921F9245FAB894075A3464636455B
10E43C17EDCA81E88611AE2D25C3D1247F8A70CFFF135FFFFFFFFF0007F921F9245FAB89407593474636455B
10E42417EDC981E88611AE1125C3DC247F8770CFFF135FFFFFFFFF0007F921F9245FAB894075A3484636455B
10E40D17EDD181E88B11ADF425C3DF246F8570CFFF135FFFFFFFFF0007F921F9245FAB89407593494636455B
10E3FA17EDE081E88611ADD525C3BE24BF8570CFFF135FFFFFFFFF0007F921F9245FAB894075934A4636455B
10E3ED17EDF181E88611ADB325C3AD253F8570CFFF135FFFFFFFFF0007F921F9245FAB894075A34B4636455B
10E3DB17EE0181E88B11AD9025C3B7255F8570CFFF135FFFFFFFFF0007F921F9245FAB894075A34C4636455B
10E3CC17EE0581E88611AD7025C3C8255F7870CFFF135FFFFFFFFF0007F921F9245FAB894075934D4636455B
10E3B917EE0581E88D11AD5F25C3E0252F7270BFFF135FFFFFFFFF0007F921F9245FAB894175A34E4636455B
10E3A217EE0581E88D11AD4825C40724FF7670CFFF135FFFFFFFFF0007F921F9245FAB894075A34F4636455B
10E39617EDF881E88B11AD5725C41824EF7D70DFFF135FFFFFFFFF0007F921F9245FAB89407593504636455B
10E39117EDF081E88D11AD8025C415250F7E70CFFF135FFFFFFFFF0007F921F9245FAB89407593514636455B
10E3A517EDEF81E88D11AD9725C3FE250F8070CFFF135FFFFFFFFF0007F921F9245FAB894075A3524636455B
10E3BD17EDF481E89211AD6825C3EB24DF8470CFFF135FFFFFFFFF0007F921F9245FAB894075A3534636455B
10E3C017EDF481E88D11AD3225C40124CF8670CFFF135FFFFFFFFF0007F921F9245FAB89407593544736455B
10E3BD17EDF881E88D11AD1425C40324EF8570CFFF135FFFFFFFFF0007F921F9245FAB894075A3554736455B
10E3C417EDFD81E89211AD1C25C40724FF7E70DFFF135FFFFFFFFF0007F921F9245FAB89407593564736455B
10E3ED17EDFC81E88D11AD4725C40424FF8070CFFF135FFFFFFFFF0007F921F9245FAB89407593574736455B
10E3EB17EDFE81E89511AD9025C3ED24EF8670CFFF135FFFFFFFFF0007F921F9245FAB894075A3584736455B
10E40617EDFF81E89211ADBC25C3F324AF8170CFFF135FFFFFFFFF0007F921F9245FAB894075A3594736455B
10E42117EDFF81E88D11ADCD25C3FE246F7F70DFFF135FFFFFFFFF0007F921F9245FAB894075935A4736455B
10E42817EE0481E89511ADE025C3F4245F7D70DFFF135FFFFFFFFF0007F921F9245FAB894075935B4736455B
10E41D17EE0081E89911ADC925C410247F7F70CFFF135FFFFFFFFF0007F921F9245FAB894075A35C4736455B
10E41717EDFB81E89511ADCD25C42E24AF8070DFFF135FFFFFFFFF0007F921F9245FAB894075935D4736455B
10E3EF17EE0281E89511ADCC25C42124BF8270DFFF135FFFFFFFFF0007F921F9245FAB894075A35E4736455B
10E39E17EE0581E89511ADC125C407249F8670CFFF135FFFFFFFFF0007F921F9245FAB894075935F4736455B
10E35517EE0581E89911AD6F25C41A248F7D70DFFF135FFFFFFFFF0007F921F9245FAB89407593604736455B
10E2F517EE0881E89511ACFC25C429247F5670DFFF135FFFFFFFFF0007F921F9245FAB894075A3614736455B
10E28D17EE0681E89511AC9D25C41F245F4E70DFFF135FFFFFFFFF0007F921F9245FAB894075A3624736455B
10E20A17EE0E81E89911AC7425C421244F6470DFFF135FFFFFFFFF0007F921F9245FAB89407593634736455B
10E1A617EE0B81E89C11ACA125C41D24EF7870DFFF135FFFFFFFFF0007F921F9245FAB89407593644736455B
10E17417EE0D81E89511ACB025C41B296F8270CFFF135FFFFFFFFF0007F921F9245FAB89407593654736455B
10E1CD17EE0B81E89911AC8525C4272CDF8770DFFF135FFFFFFFFF0007F921F9245FAB89417593664736455B
10E21A17EE0B81E89C11AC5825C42C2C3F8770CFFF135FFFFFFFFF0007F921F9245FAB894075A3674736455B
10E23417EE0681E89511AC3825C41F29FF8570CFFF135FFFFFFFFF0007F921F9245FAB89407593684736455B
10E1EB17EE0881E8A111AC1F25C41B283F8470CFFF135FFFFFFFFF0007F921F9245FAB894075A3694736455B
10E17C17EE0181E89511AC0025C421273F8670CFFF135FFFFFFFFF0007F921F9245FAB894075936A4736455B
10E11C17EDF881E89C11ABDB25C41D268F8570CFFF135FFFFFFFFF0007F921F9245FAB894075936B4736455B
10E0DE17EDF081E89C11AB9325C41B25FF8070BFFF135FFFFFFFFF0007F921F9245FAB894075936C4836455B
10E0BC17EDEF81E89911AB3B25C427259F7870BFFF135FFFFFFFFF0007F921F9245FAB894075936D4836455B
10E0A917EDE681E89C11AAF225C432254F6E70BFFF135FFFFFFFFF0007F921F9245FAB894075A36E4836455B
10E0A917EDE181E89C11AAC325C43B24EF6870BFFF135FFFFFFFFF0007F921F9245FAB894075936F4836455B
10E09D17EDDA81E89911AA8D25C42A24CF6A70BFFF135FFFFFFFFF0007F921F9245FAB894075A3704836455B
10E0A517EDD981E8A311AA9A25C43024DF6F70CFFF135FFFFFFFFF0007F921F9245FAB89407593714836455B
10E0AC17EDD581E89C11AACE25C42E253F7770CFFF135FFFFFFFFF0007F921F9245FAB894075A3724836455B
10E0B417EDD481E89911AADF25C42525AF7D70CFFF135FFFFFFFFF0007F921F9245FAB89407593734836455B
10E0B817EDD881E89C11AAFA25C41625CF8370CFFF135FFFFFFFFF0007F921F9245FAB894075A3744836455B
10E0B817EDD581E89C11AB0225C40C25BF8770CFFF135FFFFFFFFF0007F921F9245FAB89407593754836455B
10E0B417EDE881E89911AB4725C42A25CF8670CFFF135FFFFFFFFF0007F921F9245FAB894075A3764836455B
10E0BC17EDE881E89C11AB5325C43B25EF8770DFFF135FFFFFFFFF0007F921F9245FAB89407593774836455B
10E0B817EDE881E89C11AAFB25C429263F8870DFFF135FFFFFFFFF0007F921F9245FAB89407593784836455B
10E09217EDED81E89C11AA9925C423267F8570DFFF135FFFFFFFFF0007F921F9245FAB89407593794836455B
10E06B17EDEF81E89911AA4E25C429268F8270DFFF135FFFFFFFFF0007F921F9245FAB894075937A4836455B
10E04117EDEC81E89C11AA1C25C41F267F8070EFFF135FFFFFFFFF0007F921F9245FAB894075A37B4836455B
10E03517EDF181E89C11AA0225C3FA260F8470EFFF135FFFFFFFFF0007F921F9245FAB894075A37C4836455B
10E05817EDEB81E89911A9EC25C403258F8770EFFF135FFFFFFFFF0007F921F9245FAB894075A37D4836455B
10E08A17EDE981E89511A9DC25C40A253F8A70FFFF135FFFFFFFFF0007F921F9245FAB894175937E4836455B
10E0CB17EDE981E89511A9E225C40A251F8C70FFFF135FFFFFFFFF0007F921F9245FAB894075937F4836455B
10E12717EDF281E89911A9F825C41024CF8870FFFF135FFFFFFFFF0007F921F9245FAB89407593804836455B
10E17817EDFC81E89511A9F225C41E248F8570FFFF135FFFFFFFFF0007F921F9245FAB89407593814836455B
10E1CA17EDFB81E89C11A9F425C423249F8570FFFF135FFFFFFFFF0007F921F9245FAB894075A3824836455B
10E22517EDFD81E89211AA3C25C410249F8A70FFFF135FFFFFFFFF0007F921F9245FAB894075A3834836455B
10E25717EDFC81E89511AAA625C403248F8B70FFFF135FFFFFFFFF0007F921F9245FAB894075A3844936455B
10E26E17EDFA81E89511AAF225C407248F87710FFF134FFFFFFFFF0007F921F9245FAB894075A3854936455B
10E26E17EDFA81E89511AB0725C41C24AF83710FFF135FFFFFFFFF0007F921F9245FAB89407593864936455B
10E26217EDF181E89211AAFE25C43024BF7C710FFF135FFFFFFFFF0007F921F9245FAB89407593874936455B
10E24B17EDF481E88D11AB2B25C42124CF7B710FFF135FFFFFFFFF0007F921F9245FAB894075A3884936455B
10E23817EDF081E89511AB6B25C40724DF7E710FFF134FFFFFFFFF0007F921F9245FAB89407593894936455B
10E23417EDF781E88B11AB9725C40D24FF82710FFF134FFFFFFFFF0007F921F9245FAB894075938A4936455B
10E24017EDF581E88D11ABA325C418253F89710FFF135FFFFFFFFF0007F921F9245FAB894075A38B4936455B
10E24417EDF581E88D11ABA325C414254F8D710FFF135FFFFFFFFF0007F921F9245FAB894075A38C4936455B
10E24B17EDF481E88B11ABB325C418253F8E710FFF135FFFFFFFFF0007F921F9245FAB894075938D4936455B
10E24B17EDF081E88D11ABCB25C421254F86710FFF134FFFFFFFFF0007F921F9245FAB894075938E4936455B
10E24417EDEA81E88611ABE425C436253F80710FFF134FFFFFFFFF0007F921F9245FAB894075938F4936455B
10E23017EDE681E88B11ABFB25C423252F7B70FFFF134FFFFFFFFF0007F921F9245FAB89407593904936455B
10E22117EDE881E88611AC1425C414251F7670FFFF135FFFFFFFFF0007F921F9245FAB89407593914936455B
10E24817EDED81E88611AC1F25C40524FF7A70FFFF135FFFFFFFFF0007F921F9245FAB894075A3924936455B
10E27217EDF781E88311AC2C25C3E0251F8170FFFF134FFFFFFFFF0007F921F9245FAB894075A3934936455B
10E2A817EDF381E88611AC2F25C3C3256F8670EFFF134FFFFFFFFF0007F921F9245FAB894075A3944936455B
10E2DD17EDF381E87F11AC4425C3C9258F8770FFFF134FFFFFFFFF0007F921F9245FAB894075A3954936455B
10E31317EDE881E87F11AC6025C3C0256F8570EFFF134FFFFFFFFF0007F921F9245FAB89407593964936455B
10E33E17EDD381E87C11AC8D25C3B6253F8870EFFF134FFFFFFFFF0007F921F9245FAB89417593974936455B
10E37317EDCF81E87F11ACA425C3AD253F8A70EFFF134FFFFFFFFF0007F921F9245FAB894075A3984936455B
10E39217EDC281E87F11ACCE25C3BE253F8970DFFF134FFFFFFFFF0007F921F9245FAB894075A3994936455B
10E3B917EDB581E87C11AD0425C3CB256F8970DFFF135FFFFFFFFF0007F921F9245FAB894075A39A4936455B
10E3E717EDAA81E87711AD3A25C3C7259F8A70DFFF134FFFFFFFFF0007F921F9245FAB894075A39B4936455B
10E40217EDA581E87711AD7425C3D8259F8A70CFFF134FFFFFFFFF0007F921F9245FAB894075A39C4A36455B
10E41B17EDAB81E87C11ADC125C3C4258F8B70CFFF134FFFFFFFFF0007F921F9245FAB894075A39D4A36455B
10E44B17EDB181E87711AE8925C3C2255F8170CFFF134FFFFFFFFF0007F921F9245FAB894075A39E4A36455B
10E47117EDBB81E87711AF6A25C3D8255F6770CFFF134FFFFFFFFF0007F921F9245FAB894075939F4A36455B
10E48517EDBF81E86D11AFB825C3F2252F6970BFFF134FFFFFFFFF0007F921F9245FAB89407593A04A36455B
10E48C17EDBE81E87711AFDB25C3F2250F7770CFFF134FFFFFFFFF0007F921F9245FAB89407593A14A36455B
10E49517EDBE81E87011AFF725C3E324FF7770BFFF134FFFFFFFFF0007F921F9245FAB894075A3A24A36455B
10E49C17EDC181E86D11B00D25C3E524DF5E70BFFF135FFFFFFFFF0007F921F9245FAB894075A3A34A36455B
10E49C17EDC981E87011B02B25C40E24CF6270BFFF134FFFFFFFFF0007F921F9245FAB894075A3A44A36455B
10E4A317EDCD81E87011B04325C42124EF7270BFFF134FFFFFFFFF0007F921F9245FAB894075A3A54A36455B
10E4A717EDD281E87011B02125C410254F7C70AFFF134FFFFFFFFF0007F921F9245FAB894075A3A64A36455B
10E4A817EDCB81E86D11AFF325C3F6255F7C70BFFF134FFFFFFFFF0007F921F9245FAB894075A3A74A36455B
10E4A317EDC281E86811B01725C409252F7E70BFFF134FFFFFFFFF0007F921F9245FAB89407593A84A36455B
10E4B317EDBE81E86811B07E25C41E250F7F70CFFF134FFFFFFFFF0007F921F9245FAB89407583A94A36455B
10E4A317EDC181E86611B0BC25C423250F8070CFFF134FFFFFFFFF0007F921F9245FAB894075A3AA4A36455B
10E4A017EDC381E86811B0C825C40924EF8070CFFF134FFFFFFFFF0007F921F9245FAB89407593AB4A36455B
10E4BA17EDCB81E86811B09825C3FB24CF8570CFFF134FFFFFFFFF0007F921F9245FAB894075A3AC4A36455B
10E4E617EDD381E86611B04625C40B24EF8970CFFF134FFFFFFFFF0007F921F9245FAB894075A3AD4A36455B
10E51317EDD481E86811B00B25C41E250F8470DFFF134FFFFFFFFF0007F921F9245FAB89407593AE4A36455B
10E53617EDD781E86111AFEB25C41624CF8370DFFF134FFFFFFFFF0007F921F9245FAB89417593AF4A36455B
10E55117EDD581E86611AFE525C3F124AF8570DFFF134FFFFFFFFF0007F921F9245FAB89407593B04A36455B
10E56817EDD481E86111AFEB25C40124CF8770EFFF134FFFFFFFFF0007F921F9245FAB89407593B14A36455B
10E57317EDCF81E86111B02325C42A24DF8870EFFF134FFFFFFFFF0007F921F9245FAB894075A3B24A36455B
10E57F17EDE281E85E11B08E25C43B24DF8970FFFF134FFFFFFFFF0007F921F9245FAB89407593B34A36455B
10E65E17EE0181E86111B0EC25C42324CF8E70EFFF134FFFFFFFFF0007F921F9245FAB894075A3B44B36455B
10E79717EE2381E86111B13C25C41B24CF9170FFFF134FFFFFFFFF0007F921F9245FAB89407593B54B36455B
10E8F917EE4381E85E11B19125C42E249F8D710FFF134FFFFFFFFF0007F921F9245FAB89407583B64B36455B
10E9A617EE5381E86111B1DD25C447246F86710FFF134FFFFFFFFF0007F921F9245FAB89407593B74B36455B
10E9F517EE6281E86111B24A25C455242F87710FFF134FFFFFFFFF0007F921F9245FAB89407593B84B36455B
10EA7E17EE7C81E85A11B2EB25C484241F89710FFF134FFFFFFFFF0007F921F9245FAB894075A3B94B36455B
10EB4E17EE9E81E85E11B39825C4ED240F8A710FFF134FFFFFFFFF0007F921F9245FAB89407583BA4B36455B
10EC4A17EED581E85A11B4B625C54B244F8F711FFF134FFFFFFFFF0007F921F9245FAB89407583BB4B36455B
10EDF617EF0181E86111B6FE25C55424AF91710FFF134FFFFFFFFF0007F921F9245FAB894075A3BC4B36455B
10EF8D17EF1781E85E11B86025C54324CF8D711FFF134FFFFFFFFF0007F921F9245FAB89407593BD4B36455B
10F08417EF0A81E85A11B8C925C53824BF87711FFF134FFFFFFFFF0007F921F9245FAB894075A3BE4B36455B
10EFD717EEE881E86111B86025C542249F7E711FFF134FFFFFFFFF0007F921F9245FAB89407593BF4B36455B
10EF4317EECF81E85E11B79F25C574247F7A711FFF134FFFFFFFFF0007F921F9245FAB894075A3C04B36455B
10EE9417EEBC81E85A11B75225C5D2246F7D711FFF134FFFFFFFFF0007F921F9245FAB89407583C14B36455B
10EE7517EEC481E86111B8ED25C5CB245F81711FFF134FFFFFFFFF0007F921F9245FAB894075A3C24B36455B
10EEEE17EED581E85E11BA9525C58C245F86711FFF133FFFFFFFFF0007F921F9245FAB894075A3C34B36455B
10EFC717EEFE81E85A11BB0E25C59BFFFFFFFFFFFFFFFFFFFFFFFF0007F921F9245FAB894075C3C44B36455B
10F10E17EF3381E86111B9E025C5B9FFFFFFFFFFFFFFFFFFFFFFFF0007F921F9245FAB894075C3C54B36455B
10F23A17EF5981E85E11B8E125C56BFFFFFFFFFFFFFFFFFFFFFFFF0007F921F9245FAB894175C3C64B36455B
10F2EC17EF7681E85A11B86C25C543FFFFFFFFFFFFFFFFFFFFFFFF0007F921F9245FAB894075C3C74B36455B
10F36717EF7D81E85A11B89925C524FFFFFFFFFFFFFFFFFFFFFFFF0007F921F9245FAB894075B3C84B36455B
10F3AC17EF7081E86611B7B325C56AFFFFFFFFFFFFFFFFFFFFFFFF0007F921F9245FAB894075B3C94B36455B
10F32617EF6081E86111B66825C571FFFFFFFFFFFFFFFFFFFFFFFF0007F921F9245FAB894075C3CA4B36455B
10F2C517EF3F81E85A11B57725C543FFFFFFFFFFFFFFFFFFFFFFFF0007F921F9245FAB894075A3CB4B36455B
10F1E217EF1181E85E11B4AA25C515FFFFFFFFFFFFFFFFFFFFFFFF0007F921F9245FAB894075B3CC4C36455B
10F0F717EEF581E86111B41025C4F8FFFFFFFFFFFFFFFFFFFFFFFF0007F921F9245FAB894075B3CD4C36455B
10F05217EEE781E86111B3C425C4F2FFFFFFFFFFFFFFFFFFFFFFFF0007F921F9245FAB894075A3CE4C36455B
10EF4317EEE081E86111B3B025C4F8FFFFFFFFFFFFFFFFFFFFFFFF0007F921F9245FAB894075B3CF4C36455B
10EE8C17EEE281E86611B39425C4E6FFFFFFFFFFFFFFFFFFFFFFFF0007F921F9245FAB894075B3D04C36455B
10EEDB17EEED81E86111B32F25C4C6FFFFFFFFFFFFFFFFFFFFFFFF0007F921F9245FAB894075A3D14C36455B
10EEF817EEF781E86111B26B25C4ABFFFFFFFFFFFFFFFFFFFFFFFF0007F921F9245FAB894075B3D24C36455B
10EF2A17EEF581E86611B1B925C4AB6BBF7570DFFF134FFFFFFFFF0007F921F9245FAB894075B3D34C36455B
10EF2817EEEC81E86111B12025C4B924CF7470DFFF134FFFFFFFFF0007F921F9245FAB89407593D44C36455B
10EEE417EEED81E86811B0BF25C4A424BF7370CFFF134FFFFFFFFF0007F921F9245FAB894075A3D54C36455B
10EE9717EEE681E86611B09425C495249F7B70CFFF134FFFFFFFFF0007F921F9245FAB894075A3D64C36455B
10EF1517EEED81E86111B07325C49F249F8070CFFF135FFFFFFFFF0007F921F9245FAB894075A3D74C36455B
10EFA517EEEF81E86811B05B25C48A24CF8070DFFF134FFFFFFFFF0007F921F9245FAB89407593D84C36455B
10EF4F17EEE681E86611B04625C482251F8370DFFF134FFFFFFFFF0007F921F9245FAB89407593D94C36455B
10EEAF17EEEC81E86811B03325C48F255F8970DFFF134FFFFFFFFF0007F921F9245FAB894075A3DA4C36455B
10EE6517EEF381E86811B02725C486256F8B70EFFF134FFFFFFFFF0007F921F9245FAB894075A3DB4C36455B
10EE6717EEF881E86D11B02D25C482258F8970EFFF134FFFFFFFFF0007F921F9245FAB894075A3DC4C36455B
10EE4B17EEEE81E86811B03325C482259F8870EFFF134FFFFFFFFF0007F921F9245FAB89407593DD4C36455B
10ED8717EEC581E86811B02325C482256F8A70EFFF134FFFFFFFFF0007F921F9245FAB894175A3DE4C36455B
10EC8517EE9381E86D11B04225C475252F8970FFFF134FFFFFFFFF0007F921F9245FAB894075A3DF4C36455B
10EBBB17EE6F81E87011B06F25C464250F8470FFFF134FFFFFFFFF0007F921F9245FAB894075A3E04C36455B
10E9E217EE5A81E87011B08825C472250F8670FFFF133FFFFFFFFF0007F921F9245FAB89407593E14C36455B
10E81117EE4F81E86611B09A25C47F251F8370FFFF134FFFFFFFFF0007F921F9245FAB894075A3E24C36455B
10E6C217EE4781E87711B0DC25C475250F8070FFFF134FFFFFFFFF0007F921F9245FAB89407593E34C36455B
10E5FD17EE4281E87011B12825C46A24FF8170FFFF134FFFFFFFFF0007F921F9245FAB89407593E44D36455B
10E5D717EE4181E87711B15C25C47B24DF81710FFF133FFFFFFFFF0007F921F9245FAB894075A3E54D36455B
10E61D17EE4181E86D11B14825C48E250F85710FFF133FFFFFFFFF0007F921F9245FAB894075A3E64D36455B
10E69817EE4181E87711B12825C49A25AF89710FFF134FFFFFFFFF0007F921F9245FAB89407593E74D36455B
10E6B917EE3481E87011B11825C482264F89710FFF134FFFFFFFFF0007F921F9245FAB894075A3E84D36455B
10E69817EE3481E87411B11825C473262F8A710FFF134FFFFFFFFF0007F921F9245FAB894075A3E94D36455B
10E63417EE3381E87711B12C25C48325DF8A711FFF134FFFFFFFFF0007F921F9245FAB894075A3EA4D36455B
10E60117EE3081E87711B13425C47D25FF88710FFF133FFFFFFFFF0007F921F9245FAB89407593EB4D36455B
10E65E17EE2781E87411B11825C46C261F84711FFF134FFFFFFFFF0007F921F9245FAB89407593EC4D36455B
10E69417EE2581E87711B0F825C46E25CF85711FFF134FFFFFFFFF0007F921F9245FAB89407593ED4D36455B
10E69417EE2681E87F11B0FC25C477256F89711FFF133FFFFFFFFF0007F921F9245FAB89407593EE4D36455B
10E6C417EE2581E87411B0B825C46C252F8D711FFF133FFFFFFFFF0007F921F9245FAB894075A3EF4D36455B
10E6FC17EE2181E87F11AF9425C46E24DF8F711FFF133FFFFFFFFF0007F921F9245FAB89407593F04D36455B
10E6A017EE0B81E87711AECE25C47124DF91711FFF134FFFFFFFFF0007F921F9245FAB894075A3F14D36455B
10E61D17EE0581E87C11AE3D25C47124EF8D711FFF133FFFFFFFFF0007F921F9245FAB894075A3F24D36455B
10E62717EE0581E87F11AD9025C47124CF84711FFF133FFFFFFFFF0007F921F9245FAB89407593F34D36455B
10E64B17EE0881E87F11AD5425C457249F80711FFF133FFFFFFFFF0007F921F9245FAB89407593F44D36455B
10E65317EE0A81E87711AD5725C44E248F83711FFF134FFFFFFFFF0007F921F9245FAB894075A3F54D36455B
10E63F17EE0F81E88311AD3825C45A248F84711FFF134FFFFFFFFF0007F921F9245FAB894075A3F64D36455B
10E5C017EE0F81E87F11AD2A25C45F247F84712FFF133FFFFFFFFF0007F921F9245FAB894175A3F74D36455B
10E4E917EE0F81E87F11AD3825C44C247F89712FFF134FFFFFFFFF0007F921F9245FAB89407593F84D36455B
10E4AB17EE0F81E88311AD3A25C439246F8C712FFF134FFFFFFFFF0007F921F9245FAB89407593F94D36455B
10E4D217EE0C81E88611AD3025C43524DF88712FFF134FFFFFFFFF0007F921F9245FAB894075A3FA4D36455B
10E50817EE0E81E87F11AD0225C43B255F8A712FFF134FFFFFFFFF0007F921F9245FAB89407593FB4D36455B
10E51717EE0F81E88311ACC425C450255F89711FFF133FFFFFFFFF0007F921F9245FAB89407593FC4E36455B
10E50F17EE0781E87F11ACA125C436251F85711FFF133FFFFFFFFF0007F921F9245FAB89407593FD4E36455B
10E51717EE0581E88611AC9825C3F224FF82711FFF134FFFFFFFFF0007F921F9245FAB894075A3FE4E36455B
10E51F17EE0981E88311AC9C25C3D8252F83711FFF133FFFFFFFFF0007F921F9245FAB894075A3FF4E36455B
10E50817EE0A81E88611ACA525C3E9FFFFFFFFFFFFFFFFFFFFFFFF0007F921F9245FAB894075A3004E36455B
10E4F817EE0B81E88611ACA825C42AFFFFFFFFFFFFFFFFFFFFFFFF0007F921F9245FAB894075B3014E36455B
10E4ED17EE0E81E88311ACA125C403FFFFFFFFFFFFFFFFFFFFFFFF0007F921F9245FAB894075C3024E36455B
10E50017EE0F81E88611ACB425C3E3FFFFFFFFFFFFFFFFFFFFFFFF0007F921F9245FAB894075C3034E36455B
10E4F417EE0B81E88D11ACA925C439FFFFFFFFFFFFFFFFFFFFFFFF0007F921F9245FAB894075B3044E36455B
10E51717EE0B81E88611AC7825C45DFFFFFFFFFFFFFFFFFFFFFFFF0007F921F9245FAB894075C3054E36455B
10E50717EE0681E88B11AC5125C452FFFFFFFFFFFFFFFFFFFFFFFF0007F921F9245FAB894075C3064E36455B
10E50417EE0881E88611AC4B25C442FFFFFFFFFFFFFFFFFFFFFFFF0007F921F9245FAB894075A3074E36455B
10E50017EE0A81E88D11ABBB25C444FFFFFFFFFFFFFFFFFFFFFFFF0007F921F9245FAB894075A3084E36455B
10E4ED17EE0781E88311AAF325C446FFFFFFFFFFFFFFFFFFFFFFFF0007F921F9245FAB894075A3094E36455B
10E4E617EE0581E88D11AAF625C432FFFFFFFFFFFFFFFFFFFFFFFF0007F921F9245FAB894075A30A4E36455B
10E47917EE0881E88D11AB2325C425FFFFFFFFFFFFFFFFFFFFFFFF0007F921F9245FAB894075A30B4E36455B
10E3F217EE0681E88B11AAE625C410FFFFFFFFFFFFFFFFFFFFFFFF0007F921F9245FAB894075C30C4E36455B
10E3E717EDFD81E88D11AADA25C410FFFFFFFFFFFFFFFFFFFFFFFF0007F921F9245FAB894075C30D4E36455B
10E3A517EE0281E88611AAF725C4186BBF6170FFFF133FFFFFFFFF0007F921F9245FAB894075A30E4E36455B
10E30F17EE0881E88B11AAE625C3E7245F6270FFFF133FFFFFFFFF0007F921F9245FAB894175A30F4E36455B
10E25F17EE0181E88D11AABE25C3E9FFFFFFFFFFFFFFFFFFFFFFFF0007F921F9245FAB894075A3104E36455B
10E1D817EDFC81E88D11AA9925C3E9FFFFFFFFFFFFFFFFFFFFFFFF0007F921F9245FAB894075A3114E36455B
10E18017EDFA81E88D11AA5625C42EFFFFFFFFFFFFFFFFFFFFFFFF0007F921F9245FAB894075B3124E36455B
10E14A17EDFA81E89211AA2825C42BFFFFFFFFFFFFFFFFFFFFFFFF0007F921F9245FAB894075C3134E36455B
10E14217EDFA81E88D11AA3225C41DFFFFFFFFFFFFFFFFFFFFFFFF0007F921F9245FAB894075A3144F36455B
10E14E17EDFF81E88D11AA5125C42EFFFFFFFFFFFFFFFFFFFFFFFF0007F921F9245FAB894075C3154F36455B
10E16917EDFF81E88B11AA8D25C441FFFFFFFFFFFFFFFFFFFFFFFF0007F921F9245FAB894075C3164F36455B
10E17C17EDFF81E88D11AAD325C43FFFFFFFFFFFFFFFFFFFFFFFFF0007F921F9245FAB894075C3174F36455B
10E17417EDFF81E89511AAD225C430FFFFFFFFFFFFFFFFFFFFFFFF0007F921F9245FAB894075B3184F36455B
10E18F17EDFC81E88B11AA9E25C412FFFFFFFFFFFFFFFFFFFFFFFF0007F921F9245FAB894075A3194F36455B
10E1A217EDFA81E89511AA7525C41DFFFFFFFFFFFFFFFFFFFFFFFF0007F921F9245FAB894075B31A4F36455B
10E19B17EDFA81E88D11AA6225C42AFFFFFFFFFFFFFFFFFFFFFFFF0007F921F9245FAB894075C31B4F36455B
10E17C17EDFA81E89211AA5D25C41F6BCF6D70EFFF134FFFFFFFFF0007F921F9245FAB894075A31C4F36455B
10E17417EDF781E88D11AA9A25C40E24DF7B70FFFF133FFFFFFFFF0007F921F9245FAB894075931D4F36455B
10E17C17EDFC81E89511AABD25C43024DF8470FFFF133FFFFFFFFF0007F921F9245FAB894075A31E4F36455B
10E18B17EDFF81E88B11AAB525C44324FF8670FFFF133FFFFFFFFF0007F921F9245FAB894075A31F4F36455B
10E18917EDFF81E89511AA9625C43324EF8170FFFF133FFFFFFFFF0007F921F9245FAB894075A3204F36455B
10E19717EDF881E88D11AA7125C42C24AF7570FFFF134FFFFFFFFF0007F921F9245FAB894075A3214F36455B
10E1AA17EDF981E89511AA5A25C425246F6C70EFFF134FFFFFFFFF0007F921F9245FAB894075A3224F36455B
10E1D017EDF581E88B11AA4D25C430243F6D70FFFF133FFFFFFFFF0007F921F9245FAB894075A3234F36455B
10E1F717EDF481E89C11AA4E25C43B242F7370FFFF133FFFFFFFFF0007F921F9245FAB894075A3244F36455B
10E22917EDF581E88D11AA6125C423241F7970EFFF134FFFFFFFFF0007F921F9245FAB894075A3254F36455B
10E25B17EDF481E89211AA6D25C428241F7C70EFFF134FFFFFFFFF0007F921F9245FAB894175A3264F36455B
10E2A417EDF481E89511AA6A25C41F240F7C70EFFF133FFFFFFFFF0007F921F9245FAB894075A3274F36455B
10E30817EDF481E88D11AA6125C40E23EF7F70EFFF133FFFFFFFFF0007F921F9245FAB894075A3284F36455B
10E36017EDF881E89911AA5625C40323FF8570DFFF133FFFFFFFFF0007F921F9245FAB894075A3294F36455B
10E37E17EDFA81E88D11AA5125C414242F8570EFFF133FFFFFFFFF0007F921F9245FAB894075932A4F36455B
10E38317EDFA81E89511AA5225C41B246F8170DFFF134FFFFFFFFF0007F921F9245FAB894075A32B4F36455B
10E39A17EDF581E89211AA6125C41424AF7B70DFFF133FFFFFFFFF0007F921F9245FAB894075A32C5036455B
10E3C017EDFC81E89511AA7925C40C24FF7770DFFF133FFFFFFFFF0007F921F9245FAB894075932D5036455B
10E3DB17EDFC81E89511AAB225C40A251F7970DFFF133FFFFFFFFF0007F921F9245FAB894075A32E5036455B
10E3E717EDFA81E89511AAEA25C40A24FF7D70CFFF134FFFFFFFFF0007F921F9245FAB894075A32F5036455B
10E39E17EDFA81E89211AB0B25C41024EF7F70CFFF133FFFFFFFFF0007F921F9245FAB894075A3305036455B
10E35417EDFD81E89511AB1225C40524EF7D70CFFF133FFFFFFFFF0007F921F9245FAB89407593315036455B
10E32717EDFC81E89511AB0B25C3FA24CF7670CFFF133FFFFFFFFF0007F921F9245FAB89407593325036455B
10E31717EDFA81E89211AB3E25C405248F7470CFFF133FFFFFFFFF0007F921F9245FAB89407593335036455B
10E31F17EDFD81E89C11AB6B25C410243F7570CFFF134FFFFFFFFF0007F921F9245FAB894075A3345036455B
10E30817EDFB81E89511AB6725C40C242F7570BFFF133FFFFFFFFF0007F921F9245FAB89407593355036455B
10E2F817EDFF81E89211AB5725C403242F7570BFFF133FFFFFFFFF0007F921F9245FAB89407593365036455B
10E2C617EE0481E89511AB5325C3FA244F7A70BFFF133FFFFFFFFF0007F921F9245FAB894075A3375036455B
10E25B17EE0C81E89511AB4725C3EB244F8170BFFF133FFFFFFFFF0007F921F9245FAB894075A3385036455B
10E1F417EE0F81E89911AB3625C3E7243F8770BFFF133FFFFFFFFF0007F921F9245FAB894075A3395036455B
10E1AA17EE0881E89511AB2B25C3F4245F8870BFFF133FFFFFFFFF0007F921F9245FAB894075A33A5036455B
10E1A617EDFD81E89511AB2A25C3F8247F8570BFFF133FFFFFFFFF0007F921F9245FAB894075A33B5036455B
10E20E17EDF581E89C11AB3A25C3E5247F8370AFFF133FFFFFFFFF0007F921F9245FAB894075A33C5036455B
10E26E17EDF881E89211AB5F25C3B1246F8670AFFF133FFFFFFFFF0007F921F9245FAB894075833D5036455B
10E2A817EDF781E89C11AB6F25C3F7FFFFFFFFFFFFFFFFFFFFFFFF0007F921F9245FAB884175A33E5036455B
10E2CA17EDF481E89511AB7B25C405FFFFFFFFFFFFFFFFFFFFFFFF0007F921F9245FAB884075C33F5036455B
10E2B717EDF081E89911AB6F25C3D4FFFFFFFFFFFFFFFFFFFFFFFF0007F921F9245FAB884075C3405036455B
10E28917EDEF81E89C11AB5B25C3C5FFFFFFFFFFFFFFFFFFFFFFFF0007F921F9245FAB884075C3415036455B
10E26E17EDEC81E89511AB4225C3FFFFFFFFFFFFFFFFFFFFFFFFFF0007F921F9245FAB884075C3425036455B
10E1FC17EDE981E89911AB3325C3F8FFFFFFFFFFFFFFFFFFFFFFFF0007F921F9245FAB884075C3435036455B
10E17817EDE981E89C11AB4E25C3C3FFFFFFFFFFFFFFFFFFFFFFFF0007F921F9245FAB884075C3445136455B
10E14217EDE581E89511AB8F25C401FFFFFFFFFFFFFFFFFFFFFFFF0007F921F9245FAB884075C3455136455B
10E18B17EDE181E89911ABCB25C414FFFFFFFFFFFFFFFFFFFFFFFF0007F921F9245FAB884075C3465136455B
10E1EF17EDE381E89C11ABF325C412FFFFFFFFFFFFFFFFFFFFFFFF0007F921F9245FAB884075C3475136455B
10E26217EDEC81E89511ABFC25C412FFFFFFFFFFFFFFFFFFFFFFFF0007F921F9245FAB884075C3485136455B
10E2BF17EDEA81E8A111ABFB25C40CFFFFFFFFFFFFFFFFFFFFFFFF0007F921F9245FAB884075C3495136455B
10E2C617EDEF81E89511AC2025C40AFFFFFFFFFFFFFFFFFFFFFFFF0007F921F9245FAB884075C34A5136455B
10E2B717EDF381E89C11AC1325C41CFFFFFFFFFFFFFFFFFFFFFFFF0007F921F9245FAB884075C34B5136455B
10E2AC17EDF081E89C11AC0825C410FFFFFFFFFFFFFFFFFFFFFFFF0007F921F9245FAB884075C34C5136455B
10E28517EDEF81E89911AC0B25C403FFFFFFFFFFFFFFFFFFFFFFFF0007F921F9245FAB884075A34D5136455B
10E26717EDF081E89C11AC2C25C40DFFFFFFFFFFFFFFFFFFFFFFFF0007F921F9245FAB884075C34E5136455B
10E26E17EDEB81E89C11AC4725C40C6B7F71709FFF133FFFFFFFFF0007F921F9245FAB884075A34F5136455B
10E25B17EDED81E89911AC4C25C416244F75708FFF133FFFFFFFFF0007F921F9245FAB884075A3505136455B
10E24017EDEA81E89C11AC6425C3FA242F74708FFF134FFFFFFFFF0007F921F9245FAB88407593515136455B
10E26617EDEF81E89C11AC7525C3E9243F70708FFF133FFFFFFFFF0007F921F9245FAB884075A3525136455B
10E28517EDF381E8A111AC9825C3ED245F49708FFF133FFFFFFFFF0007F921F9245FAB884075A3535136455B
10E2A017EDF481E89C11ACB525C403245F0C708FFF133FFFFFFFFF0007F921F9245FAB884075A3545136455B
10E2B317EDF081E89C11ACC825C40A246EAA707FFF133FFFFFFFFF0007F921F9245FAB884075A3555136455B
10E2BF17EDF881E8A111ACB925C410244E94708FFF134FFFFFFFFF0007F921F9245FAB884075A3565136455B
10E2CA17EDF581E89511ACA025C412240ED9708FFF133FFFFFFFFF0007F921F9245FAB88417593575136455B
10E2CE17EDF881E89C11AC8125C40C23EF1C707FFF133FFFFFFFFF0007F921F9245FAB884075A3585136455B
10E2C317EDF581E89C11AC9025C41623CF45708FFF133FFFFFFFFF0007F921F9245FAB88407593595136455B
10E2BF17EDF181E89911ACA025C42123FF61708FFF133FFFFFFFFF0007F921F9245FAB884075A35A5136455B
10E2A817EDEF81E8A311ACB525C416241F72707FFF133FFFFFFFFF0007F921F9245FAB884075A35B5136455B
10E28117EDEF81E89C11ACB825C3F1240F75708FFF133FFFFFFFFF0007F921F9245FAB884075935C5236455B
10E27A17EDEA81E89911ACB125C3FB23FF79707FFF133FFFFFFFFF0007F921F9245FAB884075A35D5236455B
10E2BF17EDEA81E8A311ACBC25C42123FF7D708FFF133FFFFFFFFF0007F921F9245FAB884075A35E5236455B
10E35517EDEE81E89511ACA525C42C23FF83708FFF133FFFFFFFFF0007F921F9245FAB884075A35F5236455B
10E3B317EDEA81E8A111AC8C25C412240F88707FFF133FFFFFFFFF0007F921F9245FAB884075A3605236455B
10E3DF17EDE581E89C11AC6D25C40A242F8B707FFF133FFFFFFFFF0007F921F9245FAB884075A3615236455B
10E41517EDE981E8A311AC5C25C40A242F6D708FFF133FFFFFFFFF0007F921F9245FAB884075A3625236455B
10E43417EDEE81E89911ACBD25C404244F57707FFF133FFFFFFFFF0007F921F9245FAB884075A3635236455B
10E46E17EDEF81E89C11AD3C25C401249F5E707FFF133FFFFFFFFF0007F921F9245FAB884075A3645236455B
10E42817EDF281E89511AD7325C41A24CF6E708FFF133FFFFFFFFF0007F921F9245FAB884075A3655236455B
10E36F17EDF181E8A311ADA125C41024EF7D707FFF133FFFFFFFFF0007F921F9245FAB884075A3665236455B
10E2F517EDEB81E89911ADA325C410254F86707FFF133FFFFFFFFF0007F921F9245FAB884075A3675236455B
10E31317EDE981E89C11AD8425C405259F88707FFF133FFFFFFFFF0007F921F9245FAB884075A3685236455B
10E2DA17EDE981E89C11AD8025C401257F88707FFF133FFFFFFFFF0007F921F9245FAB884075A3695236455B
10E22D17EDEA81E89211AD3E25C3E7254F89707FFF133FFFFFFFFF0007F921F9245FAB884075936A5236455B
10E1A617EDE981E8A311ACB825C3E5253F84707FFF133FFFFFFFFF0007F921F9245FAB884075936B5236455B
10E14617EDE981E89511AC2C25C3DA252F78707FFF133FFFFFFFFF0007F921F9245FAB884075936C5236455B
10E11417EDE581E89911ABDB25C3C924EF75707FFF133FFFFFFFFF0007F921F9245FAB884075936D5236455B
10E0EE17EDE181E89C11ABA325C3BE249F71707FFF133FFFFFFFFF0007F921F9245FAB884075A36E5236455B
10E0DE17EDDE81E89C11AB7F25C3C9247F69707FFF133FFFFFFFFF0007F921F9245FAB884175A36F5236455B
10E13E17EDDE81E89211ABB725C3DA246F69706FFF133FFFFFFFFF0007F921F9245FAB884075A3705236455B
10E1B217EDDE81E89C11AC2325C3D1246F6F706FFF133FFFFFFFFF0007F921F9245FAB884075A3715236455B
10E22917EDDF81E89511AC4C25C3DA246F77706FFF133FFFFFFFFF0007F921F9245FAB884075A3725236455B
10E27217EDDE81E89C11AC5825C3D1246F7F707FFF133FFFFFFFFF0007F921F9245FAB88407593735236455B
10E24817EDDA81E89211AC8925C3E1246F86707FFF133FFFFFFFFF0007F921F9245FAB884075A3745336455B
10E1D817EDD581E89511ACB025C3E1245F85707FFF133FFFFFFFFF0007F921F9245FAB88407593755336455B
10E17017EDD481E89511AC8925C3D8246F80706FFF133FFFFFFFFF0007F921F9245FAB884075A3765336455B
10E12017EDD881E89211ABF725C3DC24AF6D706FFF133FFFFFFFFF0007F921F9245FAB884075A3775336455B
10E10117EDDC81E89511AB7B25C3E524EF6B706FFF133FFFFFFFFF0007F921F9245FAB884075A3785336455B
10E0F917EDDE81E89511AB2B25C40724EF76706FFF133FFFFFFFFF0007F921F9245FAB88407593795336455B
10E0EE17EDDF81E89211AAFA25C3F224DF7C707FFF133FFFFFFFFF0007F921F9245FAB884075A37A5336455B
10E0EE17EDDA81E89511AADF25C3E124DF7F707FFF133FFFFFFFFF0007F921F9245FAB884075A37B5336455B
10E0E217EDD081E88D11AAD225C3CB251F82707FFF133FFFFFFFFF0007F921F9245FAB884075A37C5336455B
10E0E217EDDA81E89211AAD325C3CB253F87707FFF133FFFFFFFFF0007F921F9245FAB884075A37D5336455B
10E0EE17EDE781E88D11AAD625C3C0251F8B707FFF133FFFFFFFFF0007F921F9245FAB884075A37E5336455B
10E10117EDE981E88D11AAE225C3BC24DF8A707FFF133FFFFFFFFF0007F921F9245FAB884075A37F5336455B
10E11417EDE981E88D11AAF325C3B6249F87707FFF133FFFFFFFFF0007F921F9245FAB88407593805336455B
10E12B17EDE981E88B11AAFA25C3C6248F84707FFF133FFFFFFFFF0007F921F9245FAB884075A3815336455B
10E13317EDE581E88D11AB0325C3BA24AF84707FFF133FFFFFFFFF0007F921F9245FAB884075A3825336455B
10E13317EDE581E88611AB0225C3C624FF87708FFF133FFFFFFFFF0007F921F9245FAB88407593835336455B
10E14217EDE481E88B11AB2725C3CD252F8A708FFF133FFFFFFFFF0007F921F9245FAB884075A3845336455B
10E15217EDE781E88D11ABB325C38024EF84708FFF133FFFFFFFFF0007F921F9245FAB88407593855336455B
10E15B17EDE581E88611AC4F25C380249F83708FFF133FFFFFFFFF0007F921F9245FAB884175A3865336455B
10E15D17EDE181E88B11AC6525C3E3249F84709FFF133FFFFFFFFF0007F921F9245FAB884075A3875336455B
10E16517EDDA81E88611AC4725C40124AF86709FFF133FFFFFFFFF0007F921F9245FAB884075A3885336455B
10E17017EDD981E88611AC2C25C3E024CF89709FFF133FFFFFFFFF0007F921F9245FAB884075A3895336455B
10E18B17EDD981E88311AC1725C3CF24BF85709FFF133FFFFFFFFF0007F921F9245FAB884075A38A5336455B
10E1A217EDD281E87F11AC1825C3D324DF80709FFF133FFFFFFFFF0007F921F9245FAB884075A38B5336455B
10E1B217EDD681E88611AC2B25C3E9256F80709FFF133FFFFFFFFF0007F921F9245FAB884075A38C5436455B
10E1B217EDD581E87C11AC5125C40325FF82709FFF133FFFFFFFFF0007F921F9245FAB884075A38D5436455B
10E1C917EDC781E88611AC9825C41625FF8570AFFF133FFFFFFFFF0007F921F9245FAB884075A38E5436455B
10E1EF17EDC481E87F11AC7D25C42E25BF8070AFFF133FFFFFFFFF0007F921F9245FAB884075A38F5436455B
10E20A17EDC381E87F11AC6425C43525EF8070AFFF133FFFFFFFFF0007F921F9245FAB884075A3905436455B
10E23417EDC381E87C11ACB525C408264F8170AFFF133FFFFFFFFF0007F921F9245FAB884075A3915436455B
10E2ED17EDCB81E87F11ACD025C3F2263F8170AFFF133FFFFFFFFF0007F921F9245FAB884075A3925436455B
10E36B17EDCF81E87711AD0625C3FC25CF8370BFFF133FFFFFFFFF0007F921F9245FAB88407593935436455B
10E3F217EDD381E87C11ADA925C407255F8170BFFF133FFFFFFFFF0007F921F9245FAB884075A3945436455B
10E4E517EDCB81E87F11AE5D25C403253F8270BFFF133FFFFFFFFF0007F921F9245FAB884075A3955436455B
10E56817EDC481E87011AE8525C3E0254F7E70BFFF133FFFFFFFFF0007F921F9245FAB884075A3965436455B
10E50417EDD881E87C11AE8125C3F0256F7870BFFF133FFFFFFFFF0007F921F9245FAB884075A3975436455B
10E4B817EDE381E87711AE3925C412256F7F70BFFF133FFFFFFFFF0007F921F9245FAB884075A3985436455B
10E4A317EDEC81E87711AE2D25C427252F8470BFFF134FFFFFFFFF0007F921F9245FAB884075A3995436455B
10E4E917EDEA81E87411AEE625C41224CF8770CFFF133FFFFFFFFF0007F921F9245FAB884075A39A5436455B
10E51F17EDE681E87711B0BF25C416247F8770CFFF133FFFFFFFFF0007F921F9245FAB884075A39B5436455B
10E54917EDEC81E87011B22E25C448245F8B70CFFF133FFFFFFFFF0007F921F9245FAB884075A39C5436455B
10E56417EDEF81E87411B2FF25C463245F8C70CFFF133FFFFFFFFF0007F921F9245FAB884075A39D5436455B
10E57F17EDEA81E87711B34725C468247F8470CFFF133FFFFFFFFF0007F921F9245FAB894175A39E5436455B
10E57F17EDEF81E87011B33925C46124CF7D70CFFF133FFFFFFFFF0007F921F9245FAB894075A39F5436455B
10E56017EDF781E87011B2FB25C45224DF8170CFFF133FFFFFFFFF0007F921F9245FAB89407593A05436455B
10E54917EDF581E86D11B2BE25C45424AF8370CFFF133FFFFFFFFF0007F921F9245FAB894075A3A15436455B
10E55117EDF081E87011B2AA25C46324AF7870CFFF133FFFFFFFFF0007F921F9245FAB894075A3A25436455B
10E57717EDF881E87011B2C225C44724AF7270BFFF133FFFFFFFFF0007F921F9245FAB89407593A35436455B
10E57717EDFE81E86D11B2E925C42A24AF6E70BFFF133FFFFFFFFF0007F921F9245FAB894075A3A45536455B
10E59217EDF681E87011B2A225C443249F7270BFFF133FFFFFFFFF0007F921F9245FAB894075A3A55536455B
10E5A917EDF081E87011B29225C454247F7970BFFF133FFFFFFFFF0007F921F9245FAB894075A3A65536455B
10E5A117EDF081E86611B2B225C46A246F7A70BFFF133FFFFFFFFF0007F921F9245FAB894075A3A75536455B
10E5B117EDF381E87011B2F325C471245F7870BFFF133FFFFFFFFF0007F921F9245FAB89407593A85536455B
10E5DF17EDF881E87011B32125C471246F7870AFFF133FFFFFFFFF0007F921F9245FAB894075A3A95536455B
10E5FD17EDFA81E86611B30725C471247F7E70AFFF133FFFFFFFFF0007F921F9245FAB894075A3AA5536455B
10E62C17EDF781E87011B2EF25C457246F7C70BFFF133FFFFFFFFF0007F921F9245FAB894075A3AB5536455B
10E65A17EE0181E86811B1CD25C441245F7A70BFFF133FFFFFFFFF0007F921F9245FAB894075A3AC5536455B
10E68117EE0081E86611B0C725C437243F8170AFFF133FFFFFFFFF0007F921F9245FAB894075A3AD5536455B
10E69217EDFF81E86811B0CC25C427242F8870AFFF133FFFFFFFFF0007F921F9245FAB894075A3AE5536455B
10E63B17EDFC81E87011B0FC25C436243F8C70AFFF133FFFFFFFFF0007F921F9245FAB894075A3AF5536455B
10E55117EDFE81E86611B1C125C450242F8F70AFFF133FFFFFFFFF0007F921F9245FAB894075A3B05536455B
10E48117EDFF81E86811B2AE25C45D243F8E70BFFF133FFFFFFFFF0007F921F9245FAB894075A3B15536455B
10E40017EE0781E86811B37325C452243F8F70AFFF133FFFFFFFFF0007F921F9245FAB894075A3B25536455B
10E3B117EE0781E86811B3DC25C475245F8F70AFFF133FFFFFFFFF0007F921F9245FAB894075A3B35536455B
10E38717EE0981E86D11B3C025C48EFFFFFFFFFFFFFFFFFFFFFFFF0007F921F9245FAB894075C3B45536455B
10E37317EE0A81E86111B40825C499FFFFFFFFFFFFFFFFFFFFFFFF0007F921F9245FAB894075C3B55536455B
10E3E317EE0681E86811B49925C49CFFFFFFFFFFFFFFFFFFFFFFFF0007F921F9245FAB894075C3B65536455B
10E54D17EE0281E86611B4D625C4A2FFFFFFFFFFFFFFFFFFFFFFFF0007F921F9245FAB894175C3B75536455B
10E6C817EE0481E86811B58325C4A4FFFFFFFFFFFFFFFFFFFFFFFF0007F921F9245FAB894075C3B85536455B
10E7D817EE0881E86811B64025C48AFFFFFFFFFFFFFFFFFFFFFFFF0007F921F9245FAB894075C3B95536455B
10E81D17EE1281E86611B65C25C467FFFFFFFFFFFFFFFFFFFFFFFF0007F921F9245FAB894075C3BA5536455B
10E74E17EE1A81E86811B63425C45FFFFFFFFFFFFFFFFFFFFFFFFF0007F921F9245FAB894075C3BB5536455B
10E6F017EE1A81E86811B5D725C479FFFFFFFFFFFFFFFFFFFFFFFF0007F921F9245FAB894075B3BC5636455B
10E79617EE1E81E86611B52625C4AFFFFFFFFFFFFFFFFFFFFFFFFF0007F921F9245FAB894075C3BD5636455B
10E81517EE2081E86811B4A925C4B1FFFFFFFFFFFFFFFFFFFFFFFF0007F921F9245FAB894075C3BE5636455B
10E84B17EE2581E86111B46525C4A1FFFFFFFFFFFFFFFFFFFFFFFF0007F921F9245FAB894075C3BF5636455B
10E8B317EE2A81E86D11B45525C4A2FFFFFFFFFFFFFFFFFFFFFFFF0007F921F9245FAB894075C3C05636455B
10E91E17EE2B81E86111B45D25C4AAFFFFFFFFFFFFFFFFFFFFFFFF0007F921F9245FAB894075C3C15636455B
10E97017EE2B81E86811B46525C4C0FFFFFFFFFFFFFFFFFFFFFFFF0007F921F9245FAB894075C3C25636455B
10E99B17EE2881E86611B46925C4C0FFFFFFFFFFFFFFFFFFFFFFFF0007F921F9245FAB894075C3C35636455B
10E9BB17EE2D81E86811B47525C4B1FFFFFFFFFFFFFFFFFFFFFFFF0007F921F9245FAB894075C3C45636455B
10E9A217EE3081E86811B49525C4ADFFFFFFFFFFFFFFFFFFFFFFFF0007F921F9245FAB894075C3C55636455B
10E96317EE3081E86811B4A225C49AFFFFFFFFFFFFFFFFFFFFFFFF0007F921F9245FAB894075C3C65636455B
10E99317EE2D81E86D11B47D25C4A6FFFFFFFFFFFFFFFFFFFFFFFF0007F921F9245FAB894075C3C75636455B
10EA3517EE2B81E86811B3DC25C4B925FF7F70CFFF133FFFFFFFFF0007F921F9245FAB894075A3C85636455B
10EA2A17EE2681E86811B32F25C4C4255F8670CFFF133FFFFFFFFF0007F921F9245FAB894075A3C95636455B
10E8B017EE1C81E86611B2BE25C4C0255F8B70DFFF133FFFFFFFFF0007F921F9245FAB894075A3CA5636455B
10E72817EE2381E86811B23F25C4BE254F9070DFFF133FFFFFFFFF0007F921F9245FAB894075A3CB5636455B
10E61D17EE1581E86811B12825C4B7253F9470CFFF132FFFFFFFFF0007F921F9245FAB894075A3CC5636455B
10E57717EE0781E86D11B08325C4AF253F9470CFFF133FFFFFFFFF0007F921F9245FAB894075A3CD5636455B
10E50017EDFC81E87011B0A025C4AD251F9270CFFF133FFFFFFFFF0007F921F9245FAB894075A3CE5636455B
10E4A717EDFF81E86811B11C25C4AD251F9070CFFF133FFFFFFFFF0007F921F9245FAB894175A3CF5636455B
10E46717EE0481E86D11B12825C499250F9170CFFF133FFFFFFFFF0007F921F9245FAB894075A3D05636455B
10E42417EE1181E86811B01F25C47224DF9270DFFF132FFFFFFFFF0007F921F9245FAB894075A3D15636455B
10E3EF17EE1881E87011AEDE25C46824BF9270DFFF133FFFFFFFFF0007F921F9245FAB894075A3D25636455B
10E3B517EE1781E86611ADE525C47B248F9070DFFF133FFFFFFFFF0007F921F9245FAB894075A3D35636455B
10E38317EE1181E87011AD4325C46F249F8F70DFFF133FFFFFFFFF0007F921F9245FAB894075A3D45736455B
10E35917EE0381E87011ACE825C45424BF8D70DFFF132FFFFFFFFF0007F921F9245FAB894075A3D55736455B
10E30F17EDFF81E86D11ACB125C45424DF8B70DFFF133FFFFFFFFF0007F921F9245FAB894075A3D65736455B
10E2C317EDF881E87011AC9825C45D24EF8A70DFFF133FFFFFFFFF0007F921F9245FAB89407593D75736455B
10E29417EDF481E87011AC7C25C45F252F8A70DFFF133FFFFFFFFF0007F921F9245FAB894075A3D85736455B
10E25F17EDF881E86811AC5D25C445256F8870DFFF132FFFFFFFFF0007F921F9245FAB894075A3D95736455B
10E24F17EDED81E87411AC2325C437255F8470DFFF133FFFFFFFFF0007F921F9245FAB894075A3DA5736455B
10E24017EDEF81E87011ABFC25C43B24FF8770EFFF133FFFFFFFFF0007F921F9245FAB894075A3DB5736455B
10E22D17EDE781E87711ABEB25C44A24EF8C70EFFF133FFFFFFFFF0007F921F9245FAB894075A3DC5736455B
10E22517EDEC81E86D11ABE825C441250F8E70FFFF133FFFFFFFFF0007F921F9245FAB894075A3DD5736455B
10E22D17EDE681E87011ABD725C429251F8E70EFFF133FFFFFFFFF0007F921F9245FAB894075A3DE5736455B
10E23817EDE981E87711ABCF25C41624FF8C70FFFF133FFFFFFFFF0007F921F9245FAB894075A3DF5736455B
10E24417EDEE81E86D11ABDF25C41824EF8B70FFFF132FFFFFFFFF0007F921F9245FAB894075A3E05736455B
10E23917EDEF81E87711AC2025C42E24DF8570FFFF133FFFFFFFFF0007F921F9245FAB894075A3E15736455B
10E21217EDEA81E87011AC4F25C42E24BF7570EFFF133FFFFFFFFF0007F921F9245FAB894075A3E25736455B
10E1F317EDEA81E87411AC4025C418249F6970FFFF133FFFFFFFFF0007F921F9245FAB894075A3E35736455B
10E1E017EDEE81E87711AC0B25C41E245F6B70FFFF133FFFFFFFFF0007F921F9245FAB894075A3E45736455B
10E1DC17EDF281E87711ABD425C429241F7270FFFF133FFFFFFFFF0007F921F9245FAB894075A3E55736455B
10E1EF17EDF081E87411ABAB25C42C242F7B70FFFF133FFFFFFFFF0007F921F9245FAB894175A3E65736455B
10E1F717EDF881E87711AB9725C41F242F7F70EFFF133FFFFFFFFF0007F921F9245FAB894075A3E75736455B
10E1F317EDFA81E87711AB9B25C40E243F7E70EFFF133FFFFFFFFF0007F921F9245FAB894075A3E85736455B
10E1FF17EDF581E87C11ABB325C403243F7D70EFFF133FFFFFFFFF0007F921F9245FAB894075A3E95736455B
10E1EB17EDFC81E87711ABB725C40D244F5F70FFFF133FFFFFFFFF0007F921F9245FAB894075A3EA5736455B
10E1D017EDFC81E87711ABA325C412251F1D70EFFF133FFFFFFFFF0007F921F9245FAB894075A3EB5736455B
10E1D017EDFA81E87711AB9B25C3FE259F0770EFFF132FFFFFFFFF0007F921F9245FAB894075A3EC5836455B
10E1D217EDF181E87C11AB9B25C3D8257F2970EFFF132FFFFFFFFF0007F921F9245FAB89407593ED5836455B
10E1BD17EDEF81E87711AB9B25C3CD251F4C70EFFF132FFFFFFFFF0007F921F9245FAB894075A3EE5836455B
10E16C17EDE881E87F11AB8F25C3ED24EF6070EFFF133FFFFFFFFF0007F921F9245FAB894075A3EF5836455B
10E11C17EDE481E87411AB7725C3EB24CF6170EFFF133FFFFFFFFF0007F921F9245FAB894075A3F05836455B
10E10517EDE481E87F11AB5325C3E7249F6170EFFF132FFFFFFFFF0007F921F9245FAB894075A3F15836455B
10E0FD17EDE781E87711AAFE25C3ED247F6C70FFFF132FFFFFFFFF0007F921F9245FAB894075A3F25836455B
10E0E617EDE681E87C11AA9E25C3F0248F7770FFFF132FFFFFFFFF0007F921F9245FAB894075A3F35836455B
10E0DE17EDE881E87F11AA6925C3F6249F7C70FFFF132FFFFFFFFF0007F921F9245FAB894075A3F45836455B
10E0E617EDE581E87F11AA6E25C3EB248F7D70FFFF132FFFFFFFFF0007F921F9245FAB894075A3F55836455B
10E0EE17EDE781E87C11AA8D25C3E1246F7470FFFF132FFFFFFFFF0007F921F9245FAB894075A3F65836455B
10E0F217EDEA81E87F11AAB125C39E245F68710FFF132FFFFFFFFF0007F921F9245FAB894075A3F75836455B
10E10117EDE981E87F11AACB25C3BCFFFFFFFFFFFFFFFFFFFFFFFF0007F921F9245FAB894075A3F85836455B
10E10517EDE581E88311AAEE25C415FFFFFFFFFFFFFFFFFFFFFFFF0007F921F9245FAB894075C3F95836455B
10E0F917EDDB81E87711AB1725C418FFFFFFFFFFFFFFFFFFFFFFFF0007F921F9245FAB894075C3FA5836455B
10E0F517EDDA81E88611AB1A25C3FEFFFFFFFFFFFFFFFFFFFFFFFF0007F921F9245FAB894075C3FB5836455B
10E0EA17EDDD81E87F11AAF725C3E5FFFFFFFFFFFFFFFFFFFFFFFF0007F921F9245FAB894075C3FC5836455B
10E0F517EDDA81E87C11AAEA25C3B1FFFFFFFFFFFFFFFFFFFFFFFF0007F921F9245FAB894075C3FD5836455B
10E12317EDE181E87F11AAE325C3B5FFFFFFFFFFFFFFFFFFFFFFFF0007F921F9245FAB894175C3FE5836455B
10E13B17EDE581E87F11AADE25C3DDFFFFFFFFFFFFFFFFFFFFFFFF0007F921F9245FAB894075C3FF5836455B
10E13717EDE481E88311AAFB25C3F4FFFFFFFFFFFFFFFFFFFFFFFF0007F921F9245FAB894075C3005836455B
10E13E17EDE481E88611AB3A25C3C4FFFFFFFFFFFFFFFFFFFFFFFF0007F921F9245FAB894075C3015836455B
10E14217EDDF81E87711AB7325C40EFFFFFFFFFFFFFFFFFFFFFFFF0007F921F9245FAB894075C3025836455B
10E14417EDE481E88B11ABAB25C425FFFFFFFFFFFFFFFFFFFFFFFF0007F921F9245FAB894075C3035836455B
10E15D17EDDC81E87F11ABD725C423FFFFFFFFFFFFFFFFFFFFFFFF0007F921F9245FAB894075C3045936455B
10E17017EDD981E87F11ABBB25C430FFFFFFFFFFFFFFFFFFFFFFFF0007F921F9245FAB894075C3055936455B
10E16517EDD981E88311AB8325C435FFFFFFFFFFFFFFFFFFFFFFFF0007F921F9245FAB894075C3065936455B
10E15517EDCA81E87F11AB3725C42EFFFFFFFFFFFFFFFFFFFFFFFF0007F921F9245FAB894075C3075936455B
10E16117EDC881E88611AAAD25C418FFFFFFFFFFFFFFFFFFFFFFFF0007F921F9245FAB894075C3085936455B
10E23017EDC481E88311AA4225C41EFFFFFFFFFFFFFFFFFFFFFFFF0007F921F9245FAB894075B3095936455B
10E3C417EDBF81E88611A9E825C429FFFFFFFFFFFFFFFFFFFFFFFF0007F921F9245FAB894075C30A5936455B
10E56C17EDCE81E87F11A9B625C419FFFFFFFFFFFFFFFFFFFFFFFF0007F921F9245FAB894075B30B5936455B
10E6B917EDE181E87F11A9E025C3FE6C0F75711FFF132FFFFFFFFF0007F921F9245FAB894075A30C5936455B
10E79A17EDF881E88311AA0025C3F2261F71711FFF133FFFFFFFFF0007F921F9245FAB894075A30D5936455B
10E82117EE0F81E88611AA2225C3F025CF6F711FFF132FFFFFFFFF0007F921F9245FAB894075A30E5936455B
10E85E17EE1081E87F11AA8925C3D5254F6D711FFF132FFFFFFFFF0007F921F9245FAB894075A30F5936455B
10E83017EE0881E88311AAEB25C3DA24DF71711FFF133FFFFFFFFF0007F921F9245FAB894075A3105936455B
