* Sea-Bird SBE 9 Data File:
* FileName = C:\CTD\RR1810\CTD #07-2.hex
* Software Version Seasave V 7.26.6.26
* Temperature SN = 4307
* Conductivity SN = 4650
* Number of Bytes Per Scan = 44
* Number of Voltage Words = 5
* Number of Scans Averaged by the Deck Unit = 1
* Append System Time to Every Scan
* System UpLoad Time = Jul 10 2018 22:29:51
* NMEA Latitude = 44 31.76 N
* NMEA Longitude = 125 23.79 W
* NMEA UTC (Time) = Jul 10 2018  22:29:49
* Store Lat/Lon Data = Append to Every Scan
** Ship: Revell 500 m W of SP at Slope Base
** Station: Slope Base
** Operator: J.Nelson
* System UTC = Jul 10 2018 22:29:51
*END*
10E1AE17EE3F81E8C611AACB25C4C72F9F7370DFFF118FFF6CB6D80007FE21F9245FAB87407543545F33455B
10E1AA17EE4181E8D011AAC525C4D92F5F7070DFFF118FFF6CB6DA00080021F9245FAB87407533555F33455B
10E1AE17EE4181E8D011AAC725C4ED2F4F6C70CFFF117FFF6CC6DB00080021F9245FAB87407543565F33455B
10E1AB17EE3C81E8C811AAC525C4DE2F2F6A70DFFF117FFF6CB6E300080021F9245FAB87407543575F33455B
10E1AA17EE3781E8CD11AAC325C4D82F2F7470DFFF117FFF6CB6E700080021F9245FAB87407533585F33455B
10E1AA17EE3F81E8C811AAC925C4EB2F6F7F70DFFF118FFF6CB6E800080021F9245FAB87407543595F33455B
10E1B217EE3C81E8D011AAC325C4F82F8F8470DFFF118FFF6CB6EC00080021F9245FAB874075435A5F33455B
10E1AE17EE3B81E8CD11AAC525C50D2F8F8670DFFF117FFF6CB6EF0007FE21F9245FAB874075435B5F33455B
10E1B217EE3B81E8C811AAC525C4F32F4F8A70DFFF118FFF6CC6EF0007FE21F9245FAB874075435C5F33455B
10E1B217EE3C81E8D011AAC725C4E92EEF8D70DFFF118FFF6CC6F100080021F9245FAB874075335D5F33455B
10E1B217EE3B81E8CD11AAC525C5092F2F8E70DFFF118FFF6CC6F200080021F9245FAB874075435E5F33455B
10E1B217EE3B81E8C811AACB25C51A2FAF8770DFFF118FFF6CB6F300080021F9245FAB874075435F5F33455B
10E1AE17EE3881E8D011AAC925C51C2FDF7470DFFF117FFF6CB6F30007FE21F9245FAB87407533605F33455B
10E1B217EE3A81E8D011AAC725C50F2FAF6E70DFFF118FFF6CB6F400080021F9245FAB87407533615F33455B
10E1AE17EE3B81E8CD11AAC925C4FF2F6F7570DFFF118FFF6CC6F300080021F9245FAB87407543625F33455B
10E1AA17EE3B81E8C811AACB25C5072F6F7D70DFFF118FFF6CB6F400080021F9245FAB87407543635F33455B
10E1AE17EE4081E8D011AAC925C50B2F8F7F70DFFF118FFF6CB6F300080021F9245FAB87407543645F33455B
10E1AB17EE3C81E8CD11AACF25C50B2F7F7F70DFFF118FFF6CC6F300080021F9245FAB87407543655F33455B
10E1AE17EE3B81E8D011AAD225C50B2F5F8070DFFF118FFF6CB6F400080021F9245FAB87407543665F33455B
10E1A617EE3B81E8D011AACE25C4FE2F2F8070DFFF118FFF6CB6F70007FE21F9245FAB87417533675F33455B
10E1A617EE3C81E8CD11AAD325C50D2F0F7F70DFFF118FFF6CB6F800080021F9245FAB87407543685F33455B
10E1AE17EE4081E8D011AACE25C50D2F0F7E70DFFF118FFF6CB6F800080021F9245FAB87407543695F33455B
10E1AA17EE3C81E8C811AAD325C5122F2F7C70DFFF117FFF6CB6FA0007FE21F9245FAB874075436A5F33455B
10E1A617EE3B81E8D011AAC925C5072F2F7A70DFFF118FFF6CB6FB00080021F9245FAB874075436B5F33455B
10E1AA17EE3881E8CD11AACB25C5032EFF7B70DFFF118FFF6CB6FC0007FE21F9245FAB874075336C6033455B
10E1AA17EE3E81E8D011AAC525C5032F1F7D70DFFF118FFF6CB70000080021F9245FAB874075436D6033455B
10E1A617EE3C81E8D011AAC725C5092F6F7770DFFF118FFF6CC70100080021F9245FAB874075436E6033455B
10E1AA17EE3F81E8CD11AAC525C5052F9F6770DFFF118FFF6CB7020007FE21F9245FAB874075336F6033455B
10E1AA17EE3E81E8D011AAC525C5032FBF4770DFFF118FFF6CB7030007FE21F9245FAB87407543706033455B
10E1A217EE4081E8D011AABE25C4FC2FFF0F70DFFF118FFF6CB7040007FE21F9245FAB87407543716033455B
10E1A617EE4181E8D511AABD25C501302EF870DFFF118FFF6CB70400080021F9245FAB87407543726033455B
10E1A617EE4481E8C811AABA25C503304F0A70DFFF117FFF6CB70500080021F9245FAB87407533736033455B
10E1A817EE4381E8D011AAB525C50F303F2B70DFFF117FFF6CB70600080021F9245FAB87407543746033455B
10E1A617EE4581E8D011AAB625C50D301F4870DFFF118FFF6CB70600080021F9245FAB87407543756033455B
10E1A617EE4681E8D511AAB925C505300F5E70DFFF118FFF6CB70400080021F9245FAB87407543766033455B
10E1A617EE4681E8D011AABA25C5092FFF7070DFFF118FFF6CB7030007FE21F9245FAB87407543776033455B
10E1A217EE4281E8D011AABD25C5052FFF7B70EFFF117FFF6CB7020007FE21F9245FAB87407543786033455B
10E1A617EE4481E8CD11AAB925C503302F8170DFFF118FFF6CB70000080021F9245FAB87407543796033455B
10E1A217EE4981E8D711AABE25C4FD308F8370EFFF118FFF6CB6FC00080021F9245FAB874075437A6033455B
10E1AA17EE4881E8D011AABD25C50130DF8170EFFF118FFF6CB6FB00080021F9245FAB874075437B6033455B
10E1AA17EE4681E8D511AABA25C4F630DF8170EFFF117FFF6CB6F800080021F9245FAB874075437C6033455B
10E1A617EE4281E8D011AABD25C4F2308F8170FFFF117FFF6CB6F200080021F9245FAB874075337D6033455B
10E1A617EE4481E8D011AABA25C4F8306F8270FFFF118FFF6CB6F100080021F9245FAB874075437E6033455B
10E1A617EE4681E8D711AABD25C500306F8170FFFF118FFF6CB6ED00080021F9245FAB874175337F6033455B
10E1AA17EE4681E8CD11AABA25C4FC302F7D70EFFF118FFF6CB6E500080021F9245FAB87407543806033455B
10E1A617EE4681E8D011AAB925C4FA2FEF7B70FFFF117FFF6CB6E200080021F9245FAB87407543816033455B
10E1A417EE4281E8D711AABE25C5012FDF7C70EFFF118FFF6CB6E000080021F9245FAB87407543826033455B
10E1AA17EE4581E8D511AABD25C5102FFF8070EFFF117FFF6CB6D800080021F9245FAB87407543836033455B
10E1AA17EE4281E8D011AAC125C5002FFF8570EFFF118FFF6CB6D500080021F9245FAB87407543846133455B
10E1A617EE4481E8D011AAC325C5062FFF8A70EFFF118FFF6CB6D400080021F9245FAB87407543856133455B
10E1AA17EE4281E8D511AAC125C50B302F8F70EFFF118FFF6CB6CF00080021F9245FAB87407543866133455B
10E1A617EE4581E8D011AAC725C511304F9570EFFF118FFF6CB6CD00080021F9245FAB87407533876133455B
10E1A617EE4681E8D711AAC125C50D303F9770EFFF118FFF6CB6CD0007FE21F9245FAB87407543886133455B
10E1AA17EE4981E8D711AAC725C50B303F9670EFFF118FFF6CB6D000080021F9245FAB87407543896133455B
10E1AA17EE4781E8CD11AAC525C519308F9370EFFF118FFF6CB6D100080021F9245FAB874075438A6133455B
10E1A617EE4381E8D711AAC325C51630AF9070EFFF118FFF6CB6D100080021F9245FAB874075438B6133455B
10E1A617EE4881E8D711AAC525C50D305F8F70DFFF118FFF6CB6D800080021F9245FAB874075438C6133455B
10E1AA17EE4781E8CD11AAC925C5052FDF8C70DFFF118FFF6CB6DD00080021F9245FAB874075338D6133455B
10E1AA17EE4B81E8D711AACB25C5032F6F8870DFFF118FFF6CB6DE00080021F9245FAB874075438E6133455B
10E1A617EE4B81E8D011AAC525C5092F5F8570DFFF118FFF6CB6E200080021F9245FAB874075438F6133455B
10E1A617EE4B81E8D711AAC725C5172F7F8270DFFF118FFF6CB6E500080021F9245FAB87407543906133455B
10E1A817EE4F81E8D511AAC525C50F2F3F7770DFFF117FFF6CC6E600080021F9245FAB87407543916133455B
10E1A617EE4E81E8D011AAC325C5052EFF6270DFFF118FFF6CB6E900080021F9245FAB87407543926133455B
10E1AA17EE5381E8D711AAC125C5102F3F5170DFFF118FFF6CB6ED00080021F9245FAB87407543936133455B
10E1A617EE4D81E8D511AABE25C5272F8F4F70DFFF117FFF6CB6EE00080021F9245FAB87407543946133455B
10E1A617EE4F81E8D711AAC525C5272F7F5770DFFF117FFF6CC6EF00080021F9245FAB87407543956133455B
10E1AA17EE5181E8D011AAC525C5182F3F6370DFFF118FFF6CB6F100080021F9245FAB87407543966133455B
10E1A617EE5181E8D511AAC725C51A2F1F6E70DFFF118FFF6CB6F10007FE21F9245FAB87417543976133455B
10E1AA17EE5481E8D711AAC525C5162F3F7770DFFF118FFF6CB6F200080021F9245FAB87407543986133455B
10E1AA17EE5281E8D711AAC725C50D2F5F7870EFFF117FFF6CC6F500080021F9245FAB87407543996133455B
10E1AA17EE5181E8D011AAC925C5112F4F7470DFFF118FFF6CB6F600080021F9245FAB874075439A6133455B
10E1AE17EE5181E8D511AAC725C5142F4F7470DFFF118FFF6CB6F700080021F9245FAB874075439B6133455B
10E1AE17EE4C81E8D711AAC925C5212F6F7570DFFF118FFF6CB6F900080021F9245FAB874075439C6233455B
10E1AA17EE4B81E8D711AACB25C5182F5F7870DFFF118FFF6CC6FA00080021F9245FAB874075439D6233455B
10E1B217EE5081E8D511AAD625C4FA2F0F7D70DFFF118FFF6CB6FB00080021F9245FAB874075439E6233455B
10E1AF17EE5581E8D011AAD325C5112EFF8070EFFF117FFF6CC6FB00080021F9245FAB874075339F6233455B
10E1B217EE5281E8DF11AADA25C51C2F3F8070EFFF118FFF6CB6FC0007FE21F9245FAB87407543A06233455B
10E1AE17EE4981E8D511AAD225C5022F0F8370EFFF118FFF6CB6FC00080021F9245FAB87407543A16233455B
10E1A617EE4A81E8D011AAD725C4ED2EBF8770EFFF117FFF6CB6FB00080021F9245FAB87407543A26233455B
10E1AA17EE4B81E8D711AAD225C5102EFF8A70EFFF117FFF6CB6FB00080021F9245FAB87407543A36233455B
10E1AA17EE4781E8D711AAD325C5302F8F8670EFFF118FFF6CB6FA00080021F9245FAB87407543A46233455B
10E1A617EE4681E8D511AAD225C51C2F5F8170EFFF118FFF6CB6F900080021F9245FAB87407543A56233455B
10E1A217EE4681E8D711AAD325C51A2F1F7D70EFFF118FFF6CB6F800080021F9245FAB87407543A66233455B
10E19E17EE4681E8D011AACE25C5222F1F7970FFFF118FFF6CB6F700080021F9245FAB87407543A76233455B
10E1A617EE4681E8DC11AACB25C51E2F3F7770FFFF118FFF6CB6F500080021F9245FAB87407543A86233455B
10E19B17EE4681E8D011AAC925C5222F5F7870FFFF118FFF6CB6F200080021F9245FAB87407543A96233455B
10E19E17EE4681E8D711AAC925C5312F2F7C70FFFF118FFF6CB6F100080021F9245FAB87407543AA6233455B
10E1A217EE4681E8D511AAC725C5242ECF7F70FFFF118FFF6CB6EE00080021F9245FAB87407543AB6233455B
10E19E17EE4981E8D011AAC525C5162E8F8370FFFF118FFF6CC6EA00080021F9245FAB87407543AC6233455B
10E19E17EE4481E8D711AAC725C51A2EBF8670FFFF118FFF6CB6E900080021F9245FAB87407543AD6233455B
10E1A017EE4581E8D711AAC525C5292F4F8970FFFF118FFF6CB6E700080021F9245FAB87407543AE6233455B
10E19E17EE4281E8D511AACB25C5202F7F8B70FFFF118FFF6CB6E400080021F9245FAB87417543AF6233455B
10E19E17EE4481E8D011AAC925C5292F7F8D70FFFF118FFF6CB6E300080021F9245FAB87407543B06233455B
10E19E17EE4381E8D711AACF25C53A2F7F8E70FFFF118FFF6CB6E300080021F9245FAB87407543B16233455B
10E19B17EE4581E8D511AAC525C52B2F6F8A70FFFF118FFF6CB6E10007FE21F9245FAB87407543B26233455B
10E19E17EE4681E8D011AACB25C51E2F0F8470FFFF118FFF6CB6E100080021F9245FAB87407543B36233455B
10E19717EE4681E8D011AAC925C5312EEF7F70FFFF118FFF6CB6E000080021F9245FAB87407543B46333455B
10E19B17EE4681E8D511AACE25C53D2EFF7B70FFFF118FFF6CB6DD00080021F9245FAB87407543B56333455B
10E19B17EE4281E8D711AACB25C52B2ECF7570FFFF118FFF6CB6DC00080021F9245FAB87407543B66333455B
10E19E17EE4481E8D011AACE25C52B2E9F7070FFFF118FFF6CB6DC00080021F9245FAB87407543B76333455B
10E19B17EE4381E8D011AACB25C51A2E9F6B70FFFF118FFF6CB6DC00080021F9245FAB87407543B86333455B
10E19E17EE4181E8D511AAD225C5202EEF6270FFFF118FFF6CB6DB00080021F9245FAB87407543B96333455B
10E19717EE3C81E8D711AACB25C5382F5F6470FFFF118FFF6CB6DC00080021F9245FAB87407543BA6333455B
10E19717EE3F81E8D011AAC925C53F2F9F7470EFFF118FFF6CB6DA00080021F9245FAB87407543BB6333455B
10E19717EE3981E8CD11AACF25C5332F5F8070EFFF118FFF6CB6D900080021F9245FAB87407543BC6333455B
10E19817EE3A81E8D011AACE25C5202EFF7C70EFFF118FFF6CB6D90007FE21F9245FAB87407533BD6333455B
10E18F17EE3B81E8D011AACE25C52F2F0F5270EFFF118FFF6CB6D700080021F9245FAB87407543BE6333455B
10E19317EE3F81E8CD11AACF25C5562F4F1470EFFF118FFF6CB6D500080021F9245FAB87407543BF6333455B
10E19317EE3981E8D011AAC925C5612F5F0F70EFFF118FFF6CB6D500080021F9245FAB87407543C06333455B
10E18F17EE3A81E8D711AACB25C5472EEF2070DFFF118FFF6CB6D400080021F9245FAB87407543C16333455B
10E18F17EE3B81E8C811AAC525C53F2E9F3270DFFF118FFF6CB6D400080021F9245FAB87407543C26333455B
10E18B17EE3F81E8CD11AAC725C5452EBF4570DFFF117FFF6CB6D400080021F9245FAB87407543C36333455B
10E18B17EE3981E8D011AAC525C54D2F1F5770DFFF118FFF6CB6D400080021F9245FAB87407543C46333455B
10E18F17EE3A81E8D011AAC725C5372F1F6870DFFF118FFF6CB6D400080021F9245FAB87407543C56333455B
10E19317EE3781E8CD11AAC925C52E2EDF7470DFFF118FFF6CB6D500080021F9245FAB87407543C66333455B
10E19717EE3681E8D011AAC725C5202F0F7E70DFFF118FFF6CB6D500080021F9245FAB87417543C76333455B
10E19317EE3681E8C811AACE25C5222F5F8770DFFF118FFF6CB6D500080021F9245FAB87407543C86333455B
10E19317EE3181E8CD11AACE25C52B2F9F9070CFFF118FFF6CB6D500080021F9245FAB87407543C96333455B
10E19317EE3881E8D011AACB25C52E2F9F9670CFFF118FFF6CB6D500080021F9245FAB87407543CA6333455B
10E19B17EE3281E8C811AAC925C5272F5F9970DFFF117FFF6CB6D600080021F9245FAB87407543CB6333455B
10E19C17EE3981E8C811AAC725C5252F4F9970DFFF118FFF6CB6D700080021F9245FAB87407543CC6433455B
10E19B17EE3381E8CD11AAC925C5252F4F9570DFFF118FFF6CB6D700080021F9245FAB87407543CD6433455B
10E1A217EE3481E8D011AACF25C51F2F2F8F70DFFF118FFF6CB6DA00080021F9245FAB87407543CE6433455B
10E19E17EE3B81E8C811AAD225C5232F3F8970DFFF118FFF6CB6DB00080021F9245FAB87407543CF6433455B
10E1A217EE3B81E8C611AAD325C5112F4F8570EFFF118FFF6CB6DB00080021F9245FAB87407543D06433455B
10E19E17EE3781E8D011AACE25C50B2F5F8670DFFF118FFF6CB6DC0007FE21F9245FAB87407543D16433455B
10E1A617EE3981E8C111AACE25C5172FEF8A70DFFF118FFF6CB6DD00080021F9245FAB87407543D26433455B
10E19E17EE3881E8CD11AACF25C51630AF8D70DFFF118FFF6CB6DD00080021F9245FAB87407543D36433455B
10E1A217EE3E81E8C811AAC925C50D30CF8D70DFFF118FFF6CB6DD00080021F9245FAB87407543D46433455B
10E1A217EE3C81E8C811AAC725C511305F8870DFFF118FFF6CB6DD0007FE21F9245FAB87407543D56433455B
10E1A217EE3B81E8C811AAC925C50E301F7F70EFFF118FFF6CB6DD00080021F9245FAB87407543D66433455B
10E19B17EE3881E8BE11AACF25C50B309F6C70DFFF118FFF6CB6DA0007FE21F9245FAB87407543D76433455B
10E1A217EE3A81E8C811AACE25C505313F5270DFFF118FFF6CB6D90007FE21F9245FAB87407543D86433455B
10E19E17EE3281E8C811AACB25C4FC313F4570DFFF118FFF6CB6D80007FE21F9245FAB87407543D96433455B
10E19E17EE3C81E8C611AAD225C4FA30FF4270DFFF118FFF6CB6D60007FE21F9245FAB87407543DA6433455B
10E1A417EE3E81E8C811AACB25C4FA307F4170DFFF118FFF6CB6D30007FE21F9245FAB87407543DB6433455B
10E1A217EE3B81E8C111AAC925C500300F4170DFFF118FFF6CB6D300080021F9245FAB87407543DC6433455B
10E1A217EE3B81E8C611AAC925C5092FBF4570DFFF117FFF6CB6D300080021F9245FAB87407543DD6433455B
10E1A617EE3F81E8C811AAC725C5052F9F4870DFFF118FFF6CB6D300080021F9245FAB87407543DE6433455B
10E19E17EE4181E8C111AAC125C5032F6F4D70DFFF118FFF6CB6D30007FE21F9245FAB87417543DF6433455B
10E19E17EE4181E8C811AAC325C4EF2F3F4E70DFFF118FFF6CB6D400080021F9245FAB87407543E06433455B
10E1A217EE4481E8BE11AAC925C4E92F2F5070DFFF118FFF6CB6D600080021F9245FAB87407543E16433455B
10E19B17EE4281E8C111AAC725C5092FAF5C70DFFF117FFF6CB6D600080021F9245FAB87407543E26433455B
10E19E17EE4181E8C811AAC525C507302F6B70DFFF118FFF6CB6D700080021F9245FAB87407543E36433455B
10E19E17EE4181E8BE11AACB25C4E2308F7370CFFF118FFF6CB6D900080021F9245FAB87407543E46533455B
10E1A217EE4181E8C811AAC125C4E4310F7370CFFF118FFF6CB6DB00080021F9245FAB87407543E56533455B
10E1AA17EE4181E8C111AAC525C4E3313F7770DFFF118FFF6CB6DB00080021F9245FAB87407543E66533455B
10E1A617EE4581E8BE11AACB25C4E730EF7C70CFFF118FFF6CB6DD0007FE21F9245FAB87407543E76533455B
10E1AE17EE4281E8C811AAC525C4CF303F7B70CFFF118FFF6CB6DE0007FE21F9245FAB87407543E86533455B
10E1A417EE4481E8C111AACB25C4D32FFF7B70CFFF118FFF6CB6DE00080021F9245FAB87407543E96533455B
10E1A617EE4681E8C111AACE25C4D1305F8370DFFF118FFF6CB6E100080021F9245FAB87407543EA6533455B
10E1AA17EE4A81E8BE11AAC725C4D5309F8970CFFF118FFF6CB6E30007FE21F9245FAB87407543EB6533455B
10E1AE17EE4F81E8C811AAC525C4E4305F8C70DFFF118FFF6CB6E300080021F9245FAB87407543EC6533455B
10E1AE17EE4C81E8C111AACB25C4D62FFF8E70CFFF118FFF6CB6E500080021F9245FAB87407543ED6533455B
10E1AA17EE5481E8C611AAC525C4D62FBF8D70DFFF118FFF6CB6E700080021F9245FAB87407543EE6533455B
10E1AE17EE5B81E8C111AAC725C4DE2FDF8A70DFFF118FFF6CB6E700080021F9245FAB87407543EF6533455B
10E1B217EE5C81E8C111AAC925C4D32FEF8A70DFFF117FFF6CB6E600080021F9245FAB87407543F06533455B
10E1B217EE5381E8C611AAC525C4CF2FBF8C70DFFF118FFF6CB6E600080021F9245FAB87407543F16533455B
10E1AE17EE4E81E8C111AACB25C4DB2F7F8C70DFFF118FFF6CB6E600080021F9245FAB87407543F26533455B
10E1AA17EE4781E8C111AAC925C4ED2F5F8870DFFF118FFF6CB6E300080021F9245FAB87407543F36533455B
10E1A617EE4281E8C811AACB25C4DE2F1F8470DFFF118FFF6CB6DF0007FE21F9245FAB87407543F46533455B
10E1A617EE4181E8BE11AAC925C4D82EEF8670DFFF118FFF6CB6DE0007FE21F9245FAB87407543F56533455B
10E1A217EE4581E8C811AACB25C4C42EEF8E70EFFF117FFF6CB6DD00080021F9245FAB87407543F66533455B
10E1A617EE4281E8C111AAC925C4CA2F3F9470EFFF118FFF6CB6DB00080021F9245FAB87417543F76533455B
10E1A417EE4181E8BE11AACF25C4DB2F7F9570EFFF118FFF6CB6DA00080021F9245FAB87407543F86533455B
10E1A217EE4181E8C811AAC525C4F32F8F9670EFFF118FFF6CB6D900080021F9245FAB87407543F96533455B
10E1AA17EE4181E8C811AACE25C5002F5F9770EFFF118FFF6CB6D500080021F9245FAB87407543FA6533455B
10E1A617EE4181E8BE11AAD325C4FC2F2F9670EFFF118FFF6CB6D500080021F9245FAB87407543FB6533455B
10E1A617EE4481E8C111AAD225C4FA2F1F9470EFFF118FFF6CB6D300080021F9245FAB87407543FC6633455B
10E1AA17EE4F81E8C811AAD725C5012F2F8E70EFFF118FFF6CB6CE00080021F9245FAB87407543FD6633455B
10E1A617EE5581E8BE11AAD225C4FC2F3F8070EFFF118FFF6CB6CB00080021F9245FAB87407543FE6633455B
10E1A617EE5681E8D011AAD325C4F42F1F7270EFFF118FFF6CB6CA00080021F9245FAB87407543FF6633455B
10E1A617EE5A81E8C111AAD225C5042F3F6E70EFFF118FFF6CB6C40007FE21F9245FAB87407543006633455B
10E1A617EE5C81E8C811AAD325C5112F5F7170EFFF118FFF6CB6C10007FE21F9245FAB87407543016633455B
10E1A617EE6081E8C611AADA25C5072F2F7670EFFF118FFF6CB6C100080021F9245FAB87407543026633455B
10E1A617EE6581E8C811AAD725C5092EFF7D70EFFF118FFF6CB6C400080021F9245FAB87407543036633455B
10E1AA17EE6781E8C111AAD225C5112F2F8370EFFF118FFF6CB6C600080021F9245FAB87407543046633455B
10E1AE17EE6B81E8CD11AAD625C50E2F5F8870EFFF118FFF6CB6C600080021F9245FAB87407543056633455B
10E1A817EE6881E8C811AAD325C4F22F1F8B70EFFF118FFF6CB6C900080021F9245FAB87407543066633455B
10E1AA17EE6281E8C811AAD225C5092EFF8E70EFFF118FFF6CB6CB00080021F9245FAB87407543076633455B
10E1A617EE6181E8CD11AAD325C52D2F4F8E70FFFF118FFF6CB6CC00080021F9245FAB87407543086633455B
10E1AA17EE6681E8C111AAD225C5502FEF8F70FFFF118FFF6CB6CA0007FE21F9245FAB87407543096633455B
10E1AA17EE6B81E8C811AACF25C54B301F9070FFFF118FFF6CB6C800080021F9245FAB874075430A6633455B
10E1AE17EE6C81E8C811AACE25C5542FFF9170FFFF118FFF6CB6C700080021F9245FAB874075430B6633455B
10E1B217EE7181E8C611AACB25C552301F9170FFFF118FFF6CB6CA00080021F9245FAB874075430C6633455B
10E1B217EE6D81E8C811AACE25C550303F8F70FFFF118FFF6CB6CE00080021F9245FAB874075430D6633455B
10E1AE17EE7081E8D011AACE25C55D300F8D70FFFF118FFF6CB6CF00080021F9245FAB874075430E6633455B
10E1B217EE7281E8C611AACB25C55B2FCF8870FFFF118FFF6CB6D400080021F9245FAB874175430F6633455B
10E1B217EE6E81E8C811AAD225C5522FAF86710FFF118FFF6CB6DE00080021F9245FAB87407543106633455B
10E1AE17EE6C81E8D011AAD725C5432FBF87710FFF118FFF6CB6E100080021F9245FAB87407543116633455B
10E1B217EE6C81E8CD11AAD225C5382FFF89710FFF118FFF6CB6E400080021F9245FAB87407543126633455B
10E1AE17EE7081E8C811AAD325C550301F88710FFF118FFF6CB6EC00080021F9245FAB87407543136633455B
10E1AE17EE7281E8C811AAD225C54B303F81710FFF118FFF6CB6EF00080021F9245FAB87407543146733455B
10E1B717EE6D81E8D011AACF25C54D300F79710FFF118FFF6CB6F100080021F9245FAB87407543156733455B
10E1B217EE6C81E8CD11AAD625C54A2FBF75710FFF118FFF6CB6F60007FE21F9245FAB87407543166733455B
10E1B517EE6C81E8D011AAD325C5472F8F77710FFF118FFF6CB6F80007FE21F9245FAB87407543176733455B
10E1B517EE7181E8D011AACE25C5412F5F7C710FFF118FFF6CB6F800080021F9245FAB87407543186733455B
10E1B217EE7281E8C611AAD225C55F2F6F7E710FFF118FFF6CB6FB00080021F9245FAB87407543196733455B
10E1B217EE6D81E8D011AACF25C5762F7F7C710FFF118FFF6CB6FC00080021F9245FAB874075431A6733455B
10E1B517EE6C81E8D011AACE25C57B2F2F78710FFF118FFF6CB6FC00080021F9245FAB874075431B6733455B
10E1B517EE7081E8CD11AACB25C5872EEF73710FFF118FFF6CB6FD00080021F9245FAB874075431C6733455B
10E1B517EE7281E8D011AACE25C5782EEF6B710FFF118FFF6CB6FE00080021F9245FAB874075331D6733455B
10E1B517EE7281E8D011AACB25C57F2F1F5E710FFF118FFF6CB6FE00080021F9245FAB874075431E6733455B
10E1B917EE7281E8C811AACE25C5842F8F57710FFF118FFF6CB6FD0007FE21F9245FAB874075431F6733455B
10E1BD17EE7281E8D511AAC725C58B2FFF5770FFFF118FFF6CB6FB00080021F9245FAB87407543206733455B
10E1B917EE7281E8D011AACE25C57F300F5B70FFFF118FFF6CB6FB00080021F9245FAB87407543216733455B
10E1C117EE7581E8C811AAC525C56E2FFF5F710FFF118FFF6CB6F600080021F9245FAB87407543226733455B
10E1BB17EE7481E8D511AACB25C576304F61710FFF118FFF6CB6F200080021F9245FAB87407543236733455B
10E1C117EE7281E8D011AAC525C58E310F68710FFF118FFF6CB6F000080021F9245FAB87407543246733455B
10E1BD17EE7A81E8D011AACF25C574310F7370FFFF118FFF6CB6ED00080021F9245FAB87407543256733455B
10E1B917EE7D81E8D511AAC525C56A308F7D70FFFF118FFF6CB6E70007FE21F9245FAB87407543266733455B
10E1B917EE7981E8C811AAC725C570306F8570FFFF118FFF6CC6E600080021F9245FAB87417543276733455B
10E1BD17EE7781E8D011AAC925C585308F8B70FFFF118FFF6CB6E300080021F9245FAB87407553286733455B
10E1B917EE7B81E8D011AACB25C58D306F8E70FFFF118FFF6CB6DE00080021F9245FAB87407543296733455B
10E1BD17EE7D81E8D511AAC925C5792FBF8E70EFFF118FFF6CB6DC00080021F9245FAB874075332A6733455B
10E1B917EE8181E8D011AACB25C5652F0F8D70FFFF118FFF6CB6DB0007FE21F9245FAB874075432B6733455B
10E1C117EE8581E8D011AAC525C55B2EDF8E70FFFF118FFF6CC6D500080021F9245FAB874075432C6833455B
10E1C117EE8381E8CD11AACE25C55F2F1F9070FFFF118FFF6CB6D300080021F9245FAB874075432D6833455B
10E1BD17EE8781E8D011AAC725C5742F4F8F70EFFF118FFF6CB6D20007FE21F9245FAB874075432E6833455B
10E1C117EE8081E8D011AAC925C5672EFF8B70EFFF118FFF6CB6CE00080021F9245FAB874075432F6833455B
10E1BB17EE8481E8D511AACB25C5672E9F8670EFFF118FFF6CB6CC00080021F9245FAB87407543306833455B
10E1BD17EE8381E8D011AACE25C54F2E6F8170FFFF118FFF6CB6CD00080021F9245FAB87407543316833455B
10E1BD17EE8781E8D011AAC725C52E2EAF7B70FFFF117FFF6CB6D100080021F9245FAB87407543326833455B
10E1B917EE8081E8D011AACE25C5252F0F7570FFFF118FFF6CB6D400080021F9245FAB87407543336833455B
10E1B517EE8081E8CD11AACB25C5252F4F7370FFFF118FFF6CB6D500080021F9245FAB87407543346833455B
10E1B517EE8781E8D711AACE25C50B2F1F7570EFFF118FFF6CB6D800080021F9245FAB87407543356833455B
10E1BD17EE8381E8D011AAC925C4FC2EEF7A70EFFF118FFF6CB6DA0007FE21F9245FAB87407543366833455B
10E1B917EE8A81E8CD11AAC725C4ED2F1F7F70EFFF118FFF6CB6DB00080021F9245FAB87407543376833455B
10E1B517EE8881E8D011AAC925C5022F9F8370FFFF118FFF6CB6DD00080021F9245FAB87407543386833455B
10E1BD17EE8881E8D011AAC725C4FE300F8570FFFF118FFF6CB6DF00080021F9245FAB87407543396833455B
10E1B517EE8381E8CD11AAC525C4E72FAF8870EFFF118FFF6CB6DF0007FE21F9245FAB874075433A6833455B
10E1BD17EE8281E8D711AACB25C4DA2F2F8B70EFFF118FFF6CB6E200080021F9245FAB874075433B6833455B
10E1B217EE8581E8D011AAC525C4EB2F3F8E70EFFF118FFF6CB6E500080021F9245FAB874075433C6833455B
10E1B517EE8481E8D011AAC725C4E42F8F9170FFFF118FFF6CB6E500080021F9245FAB874075433D6833455B
10E1AF17EE8281E8CD11AAC525C4DA2FAF9370EFFF118FFF6CB6E700080021F9245FAB874075433E6833455B
10E1B217EE8281E8D011AAC325C4D12F9F9470EFFF118FFF6CB6EA00080021F9245FAB874175433F6833455B
10E1B217EE7F81E8D011AAC125C4E22F9F9370FFFF118FFF6CB6EB00080021F9245FAB87407543406833455B
10E1B217EE7881E8D511AAC125C4E22F9F8E70FFFF117FFF6CB6ED00080021F9245FAB87407543416833455B
10E1B217EE7B81E8C811AABE25C4C02F6F8870FFFF118FFF6CB6F200080021F9245FAB87407543426833455B
10E1AE17EE7881E8D711AAB925C4BC2F1F8970EFFF118FFF6CB6F400080021F9245FAB87407543436833455B
10E1B217EE7781E8D011AABA25C4DE2F3F8A70FFFF118FFF6CB6F400080021F9245FAB87407543446933455B
10E1AE17EE7781E8CD11AAB925C4DC2F7F8A70EFFF118FFF6CB6F600080021F9245FAB87407543456933455B
10E1AE17EE7381E8C811AAB625C4D12F5F8770EFFF118FFF6CB6F700080021F9245FAB87407543466933455B
10E1AA17EE7281E8D711AABD25C4C22EFF7D70FFFF118FFF6CB6F700080021F9245FAB87407543476933455B
10E1AE17EE6E81E8CD11AAC325C4BE2EDF7A70EFFF118FFF6CB6F80007FE21F9245FAB87407543486933455B
10E1A617EE6881E8D011AAD625C4B22EDF8070EFFF118FFF6CB6F800080021F9245FAB87407543496933455B
10E1AA17EE6A81E8C811AAE225C4AD2F0F8970EFFF118FFF6CB6F800080021F9245FAB874075434A6933455B
10E1AA17EE6881E8CD11AAEF25C4C02F2F8E70EFFF118FFF6CB6F500080021F9245FAB874075434B6933455B
10E1A617EE6781E8D011AB0A25C4AC2F6F8670FFFF118FFF6CB6F400080021F9245FAB874075434C6933455B
10E1A417EE6281E8C811AB0B25C4AA2F8F7E70EFFF118FFF6CB6F400080021F9245FAB874075434D6933455B
10E1A217EE6581E8D011AB0625C4C02FCF7D70EFFF118FFF6CB6ED0007FE21F9245FAB874075434E6933455B
10E1A217EE6781E8CD11AB0325C4C72FFF8070EFFF117FFF6CB6E700080021F9245FAB874075434F6933455B
10E19E17EE6B81E8C811AAFE25C4B9300F8370EFFF118FFF6CB6E600080021F9245FAB87407543506933455B
10E1A217EE6381E8D011AAFF25C4B5302F8470EFFF118FFF6CB6DE00080021F9245FAB87407543516933455B
10E1A217EE5D81E8C611AB0625C4C8304F8470EFFF118FFF6CB6D700080021F9245FAB87407543526933455B
10E19E17EE6581E8D011AB0725C4BB302F8270EFFF118FFF6CB6D500080021F9245FAB87407543536933455B
10E19B17EE6281E8C811AB1225C4A82FDF8170EFFF118FFF6CB6D300080021F9245FAB87407543546933455B
10E1A217EE6981E8CD11AB2225C4AA2F8F8170EFFF118FFF6CB6D100080021F9245FAB87407543556933455B
10E19E17EE6881E8C811AB2325C4A62F9F8470EFFF118FFF6CB6D000080021F9245FAB87407543566933455B
10E1A217EE6B81E8C811AB2625C4B0300F8670EFFF118FFF6CB6D00007FE21F9245FAB87417543576933455B
10E1A617EE6C81E8C811AB2B25C4A9304F8470EFFF118FFF6CB6D100080021F9245FAB87407543586933455B
10E1A617EE6C81E8CD11AB2625C4A4303F7F70EFFF118FFF6CB6D10007FE21F9245FAB87407543596933455B
10E1A617EE6C81E8C111AB2B25C49E301F7F70EFFF117FFF6CB6D100080021F9245FAB874075435A6933455B
10E1AF17EE6C81E8D011AB2225C4A82FFF8070EFFF118FFF6CB6D10007FE21F9245FAB874075435B6933455B
10E1AE17EE6C81E8C611AB2325C4C02FDF7A70EFFF118FFF6CB6D100080021F9245FAB874075435C6A33455B
10E1AA17EE6C81E8C111AB1A25C4B92F9F7770EFFF118FFF6CB6D200080021F9245FAB874075435D6A33455B
10E1AA17EE6981E8D011AB1B25C4AF2F5F7A70EFFF118FFF6CB6D600080021F9245FAB874075435E6A33455B
10E1A617EE6B81E8C611AB1E25C4C12F5F7D70EFFF118FFF6CB6D800080021F9245FAB874075435F6A33455B
10E1A617EE6C81E8C111AB1B25C4DA2F8F7970DFFF118FFF6CB6D800080021F9245FAB87407543606A33455B
10E1AA17EE6C81E8C811AB1225C4CD2F5F6F70DFFF118FFF6CB6DA00080021F9245FAB87407543616A33455B
10E1AE17EE6981E8C611AB0F25C4B32F1F6A70EFFF118FFF6CB6DB00080021F9245FAB87407543626A33455B
10E1A617EE6B81E8C811AB1225C4AD2F2F6770DFFF118FFF6CB6DB00080021F9245FAB87407543636A33455B
10E1A617EE6881E8C111AB1A25C4AD2F3F6370DFFF118FFF6CB6D800080021F9245FAB87407543646A33455B
10E1AA17EE5E81E8C811AB1725C4B32F3F6370DFFF118FFF6CB6D700080021F9245FAB87407543656A33455B
10E1A217EE6581E8C611AB2225C4B52F2F6670EFFF118FFF6CB6D700080021F9245FAB87407543666A33455B
10E19E17EE5A81E8BA11AB2725C4AF2F1F6A70DFFF118FFF6CB6D200080021F9245FAB87407543676A33455B
10E19717EE5681E8D011AB2625C4B32F4F6D70DFFF118FFF6CB6D00007FE21F9245FAB87407543686A33455B
10E19717EE5781E8BE11AB2725C4AF2F5F6E70DFFF118FFF6CB6CF00080021F9245FAB87407543696A33455B
10E19817EE5681E8C811AB2A25C4AD2F8F6E70DFFF118FFF6CB6CD00080021F9245FAB874075436A6A33455B
10E19717EE5681E8C111AB2725C4A02FCF6E70DFFF118FFF6CB6CB00080021F9245FAB874075436B6A33455B
10E19717EE5A81E8C611AB2625C4A82FEF6970DFFF118FFF6CB6CB00080021F9245FAB874075436C6A33455B
10E19717EE5481E8C111AB2F25C4AD2FEF5D70DFFF118FFF6CB6C800080021F9245FAB874075436D6A33455B
10E19B17EE5181E8C111AB3225C4AD2FFF5570CFFF118FFF6CB6C50007FE21F9245FAB874075436E6A33455B
10E19B17EE5181E8C811AB3725C4932FFF5D70CFFF118FFF6CB6C300080021F9245FAB874175436F6A33455B
10E19317EE5181E8BE11AB3625C49D302F6D70CFFF118FFF6CB6C100080021F9245FAB87407543706A33455B
10E19317EE4E81E8C111AB3625C4B030CF7A70CFFF118FFF6CB6BD00080021F9245FAB87407543716A33455B
10E19717EE5081E8C111AB3F25C4AF30EF7570CFFF118FFF6CB6BC00080021F9245FAB87407543726A33455B
10E19717EE4881E8BE11AB5325C492307F6670CFFF118FFF6CB6BB00080021F9245FAB87407543736A33455B
10E19717EE4981E8C111AB5725C490301F6770CFFF118FFF6CB6B900080021F9245FAB87407543746B33455B
10E19717EE4C81E8C811AB5725C4A0302F7070CFFF118FFF6CB6B800080021F9245FAB87407543756B33455B
10E19B17EE4B81E8BE11AB5F25C4B1305F7A70CFFF118FFF6CB6B700080021F9245FAB87407543766B33455B
10E19717EE5381E8C111AB6325C4A2300F8370CFFF118FFF6CB6B600080021F9245FAB87407543776B33455B
10E19E17EE5281E8C111AB6725C4952F6F8A70CFFF118FFF6CB6B600080021F9245FAB87407543786B33455B
10E19817EE5181E8C111AB6325C4992F4F8E70CFFF118FFF6CB6B700080021F9245FAB87407543796B33455B
10E1A217EE5181E8BE11AB6725C4A22F8F9170CFFF118FFF6CB6BE00080021F9245FAB874075437A6B33455B
10E19E17EE4C81E8C111AB6725C49E2F9F9070CFFF118FFF6CB6C100080021F9245FAB874075437B6B33455B
10E19E17EE4B81E8C111AB5B25C4892F6F8970CFFF118FFF6CB6C200080021F9245FAB874075437C6B33455B
10E19E17EE5081E8BE11AB4E25C48F2F6F8270CFFF118FFF6CB6CA00080021F9245FAB874075437D6B33455B
10E1A617EE5181E8C111AB4725C4AC2FAF7F70DFFF118FFF6CB6CF00080021F9245FAB874075437E6B33455B
10E19E17EE4881E8C111AB4225C4B52FAF8270DFFF118FFF6CB6D00007FE21F9245FAB874075437F6B33455B
10E1A217EE4681E8BE11AB3F25C4A22F4F8770DFFF118FFF6CB6D600080021F9245FAB87407543806B33455B
10E1A217EE4681E8C111AB3A25C4A82EEF8A70DFFF119FFF6CB6DC00080021F9245FAB87407543816B33455B
10E1A617EE4681E8C111AB3B25C4AD2EEF8970DFFF119FFF6CB6DD00080021F9245FAB87407543826B33455B
10E1AA17EE4681E8C111AB3225C4A72EFF8170DFFF118FFF6CB6E000080021F9245FAB87407543836B33455B
10E1AA17EE3F81E8BE11AB3225C4AB2EEF7E70EFFF118FFF6CB6E400080021F9245FAB87407543846B33455B
10E1B217EE4081E8C111AB2725C4A02EEF8270EFFF118FFF6CB6E500080021F9245FAB87407543856B33455B
10E1C517EE4481E8C111AB2225C4AE2F2F8670EFFF118FFF6CB6E800080021F9245FAB87407543866B33455B
10E1D517EE4681E8C611AB2325C4BB2F4F8970EFFF118FFF6CB6EB00080021F9235FAB87417543876B33455B
10E1DC17EE4681E8BA11AB1625C4B12F5F8D70EFFF118FFF6CB6EC00080021F9235FAB87407543886B33455B
10E1EB17EE4681E8C111AB1725C4AD2F2F8A70EFFF118FFF6CB6EE00080021F9235FAB87407543896B33455B
10E1F717EE4681E8C611AB0A25C4BA2F4F8370EFFF118FFF6CB6F100080021F9235FAB874075438A6B33455B
10E20217EE4281E8C111AB0B25C4BE2F5F7970FFFF118FFF6CB6F200080021F9235FAB874075438B6B33455B
10E1EF17EE4581E8C111AB0625C4B12F1F7270FFFF119FFF6CB6F30007FE21F9235FAB874075438C6C33455B
10E1D017EE4A81E8C111AB0725C4AD2EDF6E70FFFF118FFF6CB6F400080021F9235FAB874075438D6C33455B
10E1C917EE4781E8C611AB0225C4A02EDF6870FFFF118FFF6CB6F500080021F9235FAB874075438E6C33455B
10E1B917EE4681E8C111AB0325C4A82F2F5E710FFF118FFF6CB6F500080021F9235FAB874075438F6C33455B
10E1AE17EE4B81E8C111AB0625C4B92FCF53710FFF118FFF6CB6F40007FE21F9235FAB87407543906C33455B
10E1A617EE5081E8C611AB0E25C4B1302F5470FFFF119FFF6CB6F400080021F9235FAB87407543916C33455B
10E1AA17EE4C81E8C111AB0325C4B32FFF62710FFF118FFF6CB6F300080021F9235FAB87407543926C33455B
10E1AA17EE5081E8C111AAFE25C4BC301F73710FFF118FFF6CB6F400080021F9235FAB87407543936C33455B
10E1A617EE5181E8C611AAF725C4B1308F7E710FFF118FFF6CB6F300080021F9235FAB87407553946C33455B
10E1A417EE5181E8C111AAF225C4C0305F84711FFF118FFF6CB6F400080021F9235FAB87407543956C33455B
10E1A617EE5181E8C811AAEB25C4C72FFF83711FFF118FFF6CB6F100080021F9235FAB87407543966C33455B
10E1A617EE5181E8C111AAE625C4C02F8F80711FFF118FFF6CB6F000080021F9235FAB87407533976C33455B
10E1A617EE4C81E8C611AAE325C4B12F4F7E711FFF118FFF6CB6F000080021F9235FAB87407543986C33455B
10E1A617EE5381E8C811AAE625C4B32F5F7C711FFF118FFF6CB6ED00080021F9235FAB87407543996C33455B
10E1A617EE5281E8C111AAE725C4B52F9F81711FFF118FFF6CB6EA00080021F9235FAB874075439A6C33455B
10E1A617EE4E81E8C611AAEA25C4AF2FAF88711FFF118FFF6CB6EA00080021F9235FAB874075439B6C33455B
10E1A617EE5081E8C811AAEA25C4AD2F8F8C711FFF118FFF6CB6E700080021F9235FAB874075439C6C33455B
10E1A217EE5181E8C811AAF325C4C02FAF8E711FFF117FFF6CB6E400080021F9235FAB874075439D6C33455B
10E1A617EE4C81E8C611AAEA25C4D9303F92711FFF118FFF6CB6E300080021F9235FAB874075439E6C33455B
10E1A617EE4C81E8C811AAE725C4E0312F94711FFF118FFF6CB6E000080021F9235FAB874175439F6C33455B
10E1AA17EE5081E8C811AAE225C4E6315F94711FFF118FFF6CB6DB0007FE21F9235FAB87407543A06C33455B
10E1AA17EE5181E8C611AAE325C4DD30DF93711FFF118FFF6CB6DA00080021F9235FAB87407543A16C33455B
10E1AA17EE5181E8C811AAE225C4D8306F95711FFF118FFF6CB6D700080021F9235FAB87407543A26C33455B
10E1AB17EE5181E8C811AADF25C4F1305F95711FFF118FFF6CB6D100080021F9235FAB87407543A36C33455B
10E1C117EE5181E8C811AAF225C4ED304F94711FFF118FFF6CB6CF00080021F9235FAB87407543A46D33455B
10E1C917EE4C81E8CD11AAF725C4E9303F91711FFF118FFF6CB6CD0007FE21F9235FAB87407553A56D33455B
10E1CD17EE5081E8C811AAF625C4E9302F7E711FFF118FFF6CB6C60007FE21F9235FAB87407543A66D33455B
10E1CD17EE4C81E8C811AAFA25C4EF301F51710FFF118FFF6CB6C400080021F9235FAB87407543A76D33455B
10E1C517EE4F81E8C611AAF725C4DF301F30710FFF118FFF6CB6C300080021F9235FAB87407553A86D33455B
10E1C517EE5481E8D011AAF225C4EB301F22710FFF118FFF6CB6C10007FE21F9235FAB87407543A96D33455B
10E1C117EE5381E8C811AAF325C50B307F17710FFF118FFF6CB6C000080021F9235FAB87407553AA6D33455B
10E1BD17EE5181E8D511AAEE25C520308F0A710FFF118FFF6CB6C000080021F9235FAB87407543AB6D33455B
10E1BD17EE5181E8C811AAF325C518302F1870FFFF118FFF6CB6BE00080021F9235FAB87407543AC6D33455B
10E1C517EE4881E8C811AAEE25C5002FEF3970FFFF118FFF6CB6BD00080021F9235FAB87407543AD6D33455B
10E1C117EE4B81E8C811AAEF25C50D303F5470FFFF118FFF6CB6BC0007FE21F9235FAB87407543AE6D33455B
10E1D017EE4481E8CD11AAE625C50D30BF6470FFFF118FFF6CB6BD00080021F9235FAB87407543AF6D33455B
10E1DC17EE4481E8D011AAE325C50C308F6E70FFFF118FFF6CB6BE0007FE21F9235FAB87407553B06D33455B
10E1E117EE4681E8C811AAE225C505300F7670FFFF118FFF6CB6BE00080021F9235FAB87407543B16D33455B
10E1E017EE4381E8CD11AADE25C4FC2FCF7C70FFFF118FFF6CB6C100080021F9235FAB87407553B26D33455B
10E1E717EE4881E8D711AADF25C5132FCF8170FFFF118FFF6CB6C500080021F9235FAB87407543B36D33455B
10E1E717EE4381E8C811AADA25C5222FDF8470FFFF118FFF6CB6C600080021F9235FAB87407543B46D33455B
10E1EF17EE4181E8D511AADF25C51E2FCF8970FFFF118FFF6CB6C800080021F9235FAB87407543B56D33455B
10E1F317EE4581E8C811AADA25C5092F9F8E70FFFF118FFF6CB6CC00080021F9235FAB87407543B66D33455B
10E1F717EE4681E8D011AADB25C5152F5F9070EFFF118FFF6CB6CD00080021F9235FAB87417543B76D33455B
10E1F317EE4681E8D011AAD225C5022F4F9170FFFF118FFF6CB6CE00080021F9235FAB87407543B86D33455B
10E1F317EE3D81E8CD11AACB25C5082F6F8F70FFFF118FFF6CB6D10007FE21F9235FAB87407543B96D33455B
10E1F317EE4481E8D711AAC925C512301F8B70EFFF118FFF6CB6D200080021F9235FAB87407543BA6D33455B
10E1F317EE4A81E8D011AACF25C507310F8070EFFF118FFF6CB6D400080021F9235FAB87407543BB6D33455B
10E1F317EE4381E8CD11AACE25C50931CF6D70EFFF118FFF6CB6D80007FE21F9235FAB87407543BC6E33455B
10E1F417EE4181E8D711AAD225C505321F5A70EFFF118FFF6CB6DA0007FE21F9235FAB87407543BD6E33455B
10E1F717EE4881E8D011AACB25C4F631FF4970EFFF118FFF6CB6DC00080021F9235FAB87407543BE6E33455B
10E1FF17EE4781E8CD11AACE25C50431AF4070EFFF118FFF6CB6E600080021F9235FAB87407553BF6E33455B
10E1F317EE4981E8D711AAD325C505314F4370EFFF118FFF6CB6EA00080021F9235FAB87407543C06E33455B
10E1F717EE4C81E8D711AAC925C50A312F4F70EFFF118FFF6CB6EC00080021F9235FAB87407543C16E33455B
10E1F317EE4781E8D011AAC725C50530DF5B70EFFF118FFF6CB6F500080021F9235FAB87407553C26E33455B
10E1EF17EE5281E8D511AAC925C503303F6370DFFF118FFF6CB6FA00080021F9235FAB87407543C36E33455B
10E1EF17EE5681E8D011AAC325C5032FBF6A70EFFF118FFF6CB6FA0007FE21F9235FAB87407543C46E33455B
10E1EB17EE5781E8D711AAC525C5092F9F7370EFFF118FFF6CB6FF00080021F9235FAB87407543C56E33455B
10E1EB17EE5681E8D511AAC125C5112F8F7870EFFF118FFF6CB70200080021F9235FAB87407543C66E33455B
10E1E717EE5A81E8D711AACB25C5142F6F7970EFFF118FFF6CB70200080021F9235FAB87407543C76E33455B
10E1E417EE5C81E8D011AAC125C5002F2F7970EFFF119FFF6CB7040007FE21F9235FAB87407543C86E33455B
10E1E417EE5C81E8D711AAC725C4EE2F0F7870EFFF118FFF6CB70600080021F9235FAB87407543C96E33455B
10E1E117EE5C81E8D511AAC525C5022F4F7D70EFFF118FFF6CB70700080021F9235FAB87407553CA6E33455B
10E1E017EE5C81E8D711AAC725C5052FBF8670EFFF118FFF6CB70700080021F9235FAB87407543CB6E33455B
10E1DC17EE5C81E8D711AACE25C4FC2FEF8D70EFFF118FFF6CB7070007FE21F9235FAB87407543CC6E33455B
10E1DC17EE5C81E8D511AAD325C4F42FBF9270EFFF118FFF6CB70800080021F9235FAB87407543CD6E33455B
10E1DC17EE6081E8D711AAD625C4DE2F7F9470EFFF118FFF6CB70700080021F9235FAB87407543CE6E33455B
10E1DC17EE5D81E8D711AAD325C4D82F8F9670EFFF118FFF6CB70700080021F9235FAB88417543CF6E33455B
10E1D817EE6181E8DC11AADA25C4E42F9F9770EFFF118FFF6CB70700080021F9235FAB88407543D06E33455B
10E1D417EE6181E8D711AAD225C4DD2F9F9670EFFF118FFF6CB7060007FE21F9235FAB88407543D16E33455B
10E1D817EE6181E8D711AACB25C4F12F9F9570EFFF118FFF6CB7060007FE21F9235FAB88407553D26E33455B
10E1D417EE5D81E8D711AAD225C4E62F7F9470EFFF118FFF6CB70500080021F9235FAB88407543D36E33455B
10E1D417EE5C81E8DC11AAD325C4E02F6F9170EFFF118FFF6CB70500080021F9235FAB88407553D46F33455B
10E1D017EE5C81E8D711AACE25C4FA2FAF8A70EFFF118FFF6CB7030007FE21F9235FAB88407553D56F33455B
10E1D417EE5F81E8D711AAD325C5032FFF8370EFFF118FFF6CB7030007FE21F9235FAB88407543D66F33455B
10E1D217EE5D81E8DC11AAD225C4E22FDF8070EFFF118FFF6CB7020007FE21F9235FAB88407543D76F33455B
10E1D017EE5081E8D711AAD725C4EC2F8F8070EFFF118FFF6CB6FE00080021F9235FAB88407543D86F33455B
10E1CD17EE5081E8D711AAD225C4EB2FBF7E70EFFF118FFF6CB6FD00080021F9235FAB88407543D96F33455B
10E1CD17EE5181E8DC11AACE25C4E22FDF7770EFFF118FFF6CB6FC00080021F9235FAB88407543DA6F33455B
10E1D017EE5181E8D711AACB25C4D32FDF7370EFFF118FFF6CB6F700080021F9235FAB88407543DB6F33455B
10E1CD17EE5181E8DF11AAC925C4E22FCF7670DFFF118FFF6CB6F50007FE21F9235FAB88407553DC6F33455B
10E1CD17EE5581E8D711AACB25C4FC2FEF7770DFFF118FFF6CB6F50007FE21F9235FAB88407543DD6F33455B
10E1CD17EE5681E8DC11AACE25C4FC2FFF6770EFFF118FFF6CB6EE0007FE21F9235FAB88407543DE6F33455B
10E1C917EE5781E8D711AACF25C4FA2FDF5270EFFF118FFF6CB6EA00080021F9235FAB88407543DF6F33455B
10E1C917EE5681E8DF11AACE25C5082FAF4C70EFFF118FFF6CB6E900080021F9235FAB88407543E06F33455B
10E1C917EE5681E8D511AACB25C5052FAF5670EFFF118FFF6CB6E300080021F9235FAB88407543E16F33455B
10E1C917EE5681E8DF11AACE25C5032FFF6770DFFF118FFF6CB6DD00080021F9235FAB88407543E26F33455B
10E1CD17EE5381E8DF11AACB25C50330AF7470EFFF118FFF6CB6DC0007FE21F9235FAB88407543E36F33455B
10E1C617EE5981E8D511AACE25C509314F7E70DFFF118FFF6CB6D800080021F9235FAB88407543E46F33455B
10E1C517EE5F81E8D711AAC525C505315F8570DFFF118FFF6CB6D40007FE21F9235FAB88407543E56F33455B
10E1C517EE5881E8DF11AACF25C50F30DF8770EFFF118FFF6CB6D300080021F9235FAB88407543E66F33455B
10E1C917EE5781E8D711AAC925C51A302F8470EFFF118FFF6CB6D200080021F9235FAB88417543E76F33455B
10E1C517EE5281E8DC11AAD325C5162FBF8270EFFF118FFF6CB6D100080021F9235FAB88407553E86F33455B
10E1C517EE5181E8D711AACE25C51A2FBF8370EFFF118FFF6CB6D000080021F9235FAB88407543E96F33455B
10E1C517EE5481E8D711AADB25C4F52FDF8770EFFF118FFF6CB6D000080021F9235FAB88407543EA6F33455B
10E1C517EE5781E8DC11AAD225C4FC2FFF8C70EFFF118FFF6CB6CD00080021F9235FAB88407543EB6F33455B
10E1C517EE5681E8D711AAD325C536305F9270EFFF118FFF6CB6CD00080021F9235FAB88407553EC7033455B
10E1C917EE5681E8DF11AAD625C541306F9770EFFF118FFF6CB6CD00080021F9235FAB88407543ED7033455B
10E1C517EE5281E8D511AAD625C5242F8F9570EFFF118FFF6CB6CD00080021F9235FAB88407543EE7033455B
10E1C517EE5181E8D711AAD725C5292EDF8D70EFFF118FFF6CB6CD00080021F9235FAB88407543EF7033455B
10E1C517EE5181E8D711AAD625C5402F2F7C70EFFF118FFF6CB6CD00080021F9235FAB88407543F07033455B
10E1C217EE5181E8D711AAD325C55C2F9F7470EFFF118FFF6CB6CD00080021F9235FAB88407543F17033455B
10E1C117EE4581E8DC11AAD225C55B2F7F7770EFFF118FFF6CB6CE00080021F9235FAB88407543F27033455B
10E1C117EE4D81E8D711AAD325C53E2F2F8070EFFF118FFF6CB6CF0007FE21F9235FAB88407543F37033455B
10E1C117EE4C81E8D711AAD225C5422F4F8670EFFF118FFF6CB6D400080021F9235FAB88407543F47033455B
10E1B517EE4781E8D511AACF25C54D2FAF8570FFFF118FFF6CB6D700080021F9235FAB88407543F57033455B
10E1B517EE4681E8D711AAD625C5492FDF8270FFFF118FFF6CB6D800080021F9235FAB88407543F67033455B
10E1B917EE3E81E8D011AAD325C5542FAF8370FFFF118FFF6CB6DD00080021F9235FAB88407543F77033455B
10E1BD17EE3B81E8D511AACE25C54B2F9F8570FFFF118FFF6CB6E10007FE21F9235FAB88407543F87033455B
10E1B517EE4381E8D711AAD625C5262FBF8370EFFF118FFF6CB6E200080021F9235FAB88407543F97033455B
10E1B917EE4381E8D011AAD325C5232FAF8370FFFF118FFF6CB6E500080021F9235FAB88407543FA7033455B
10E1B517EE3981E8D711AAD225C5522FEF7970EFFF118FFF6CB6E700080021F9235FAB88407543FB7033455B
10E1B917EE3E81E8CD11AAD325C547301F6770EFFF118FFF6CB6E700080021F9235FAB88407543FC7033455B
10E1BD17EE3C81E8D011AAD225C5182FEF5A70EFFF118FFF6CB6EA00080021F9235FAB88407543FD7033455B
10E1B917EE3C81E8D711AAD325C50B2F9F5A70EFFF118FFF6CB6EC00080021F9235FAB88407543FE7033455B
10E1BB17EE3B81E8CD11AAD225C517300F6170EFFF118FFF6CB6ED00080021F9235FAB88417543FF7033455B
10E1B917EE4381E8D011AAD325C536307F6770EFFF118FFF6CB6EE00080021F9235FAB88407543007033455B
10E1B917EE4281E8D011AADA25C54B303F6970EFFF118FFF6CB6F100080021F9235FAB88407543017033455B
10E1B917EE4181E8C811AAD325C5162F6F6E70EFFF118FFF6CB6F10007FE21F9235FAB88407543027033455B
10E1B917EE4181E8D511AAD625C4FC2EEF6B70EFFF118FFF6CB6F200080021F9235FAB88407543037033455B
10E1BD17EE4481E8C811AAD625C51A2F2F6970EFFF118FFF6CB6F200080021F9235FAB88407543047133455B
10E1BD17EE4681E8C811AAD325C52B303F6470FFFF118FFF6CB6F200080021F9235FAB88407543057133455B
10E1C117EE4681E8CD11AAD225C520308F6370FFFF118FFF6CB6F100080021F9235FAB88407543067133455B
10E1C117EE4681E8C811AAD325C51C302F7470EFFF118FFF6CB6F100080021F9235FAB88407553077133455B
10E1BD17EE4681E8C811AAD625C51C2FEF8470EFFF118FFF6CB6F000080021F9235FAB88407543087133455B
10E1C517EE4381E8CD11AAD725C5222FDF8B70FFFF118FFF6CB6F000080021F9235FAB88407543097133455B
10E1C917EE4881E8C111AAD625C5192FFF8D70FFFF118FFF6CB6EF00080021F9235FAB884075430A7133455B
10E1D017EE3F81E8D011AAD325C51A300F8F70FFFF118FFF6CB6ED00080021F9235FAB884075430B7133455B
10E1D017EE4381E8BE11AACE25C51C2FDF9270FFFF118FFF6CB6ED00080021F9235FAB884075530C7133455B
10E1D217EE3F81E8C811AAC925C51C2F6F9170EFFF119FFF6CB6EB00080021F9235FAB884075430D7133455B
10E1D417EE4081E8C111AACF25C5162F1F8B70FFFF119FFF6CB6E900080021F9235FAB884075430E7133455B
10E1D417EE4181E8C811AAC925C50D2F2F8470FFFF118FFF6CB6E900080021F9235FAB884075430F7133455B
10E1D817EE3C81E8BE11AAC725C51E2F7F8670FFFF118FFF6CB6E700080021F9235FAB88407543107133455B
10E1D817EE3C81E8C111AAC525C5182FAF8C70FFFF118FFF6CB6E600080021F9235FAB88407553117133455B
10E1E017EE4381E8C111AAC725C5072FAF8D70FFFF118FFF6CB6E600080021F9235FAB88407553127133455B
10E1E717EE3D81E8C611AAC925C5032FCF8F70FFFF118FFF6CB6E500080021F9235FAB88407543137133455B
10E1EB17EE3B81E8BA11AAC325C529300F9170FFFF118FFF6CB6E400080021F9235FAB88407553147133455B
10E1FB17EE3C81E8C111AAC525C5292FEF8F70FFFF118FFF6CB6E300080021F9235FAB88407543157133455B
10E20617EE4081E8BE11AAC725C5182F8F8E70FFFF118FFF6CB6E300080021F9235FAB88407553167133455B
10E21917EE3881E8BA11AAC125C5202F5F8C70FFFF118FFF6CB6E200080021F9235FAB88417553177133455B
10E22D17EE3681E8BA11AAC525C52B2F7F8A70EFFF118FFF6CB6E200080021F9235FAB88407553187133455B
10E22D17EE3F81E8C111AAC725C51A2F7F8370FFFF118FFF6CB6E200080021F9235FAB88407543197133455B
10E23017EE3C81E8B711AAC125C4FA2F4F7570FFFF118FFF6CB6E100080021F9235FAB884075431A7133455B
10E22517EE3F81E8BA11AAD325C4F82F5F6F70FFFF118FFF6CB6E100080021F9235FAB884075531B7133455B
10E22117EE4181E8BA11AADE25C5072F9F7470FFFF118FFF6CB6E100080021F9235FAB884075531C7233455B
10E21617EE3981E8B711AAE725C4F82F9F7B70FFFF118FFF6CB6E000080021F9235FAB884075431D7233455B
10E20A17EE3E81E8BA11AAF625C4D72F3F7D70FFFF118FFF6CB6DF00080021F9235FAB884075431E7233455B
10E1F717EE4181E8B211AAFF25C4BB2F0F7970FFFF118FFF6CB6DF00080021F9235FAB884075431F7233455B
10E1F717EE4A81E8B711AB0A25C4C82F4F7570FFFF119FFF6CB6DC00080021F9235FAB88407543207233455B
10E1EF17EE4B81E8B211AB1F25C4DB2F9F7970FFFF118FFF6CB6DB0007FE21F9235FAB88407543217233455B
10E1F317EE4781E8BA11AB2225C4D32F7F8270EFFF118FFF6CB6DB00080021F9235FAB88407543227233455B
10E1F317EE4681E8B211AB2E25C4C32F0F8870EFFF118FFF6CB6D80007FE21F9235FAB88407543237233455B
10E1EF17EE4381E8B011AB3325C4B72EEF8B70EFFF118FFF6CB6D700080021F9235FAB88407543247233455B
10E1EC17EE4181E8BA11AB2E25C4BB2F0F8B70EFFF118FFF6CB6D600080021F9235FAB88407543257233455B
10E1F317EE4481E8AB11AB3325C4B12F1F8A70EFFF118FFF6CB6D100080021F9235FAB88407543267233455B
10E1F717EE4281E8B711AB3625C4B32F2F8970EFFF118FFF6CB6CE00080021F9235FAB88407543277233455B
10E1FB17EE3E81E8B211AB4725C4AF2F4F8570EFFF118FFF6CB6CE00080021F9235FAB88407553287233455B
10E1F717EE4781E8AB11AB4A25C4AD2F7F7E70EFFF118FFF6CB6C900080021F9235FAB88407543297233455B
10E1F717EE4B81E8B711AB5325C4BA2F7F7870DFFF118FFF6CB6C600080021F9235FAB884075432A7233455B
10E1EF17EE4B81E8AB11AB4E25C4C52F6F7270DFFF118FFF6CB6C500080021F9235FAB884075432B7233455B
10E1E417EE5081E8B211AB5325C4B32F6F7170DFFF118FFF6CB6CC00080021F9235FAB884075532C7233455B
10E1E017EE5981E8B011AB5B25C4B32F7F7770DFFF118FFF6CB6D300080021F9235FAB884075432D7233455B
10E1DC17EE5F81E8AB11AB5725C4BB2F9F7D70DFFF118FFF6CB6D500080021F9235FAB884075532E7233455B
10E1D417EE6181E8B211AB5B25C4B12F9F8170DFFF118FFF6CB6D900080021F9235FAB884175432F7233455B
10E1D417EE5581E8AB11AB5F25C4A62F2F8370DFFF118FFF6CB6DE00080021F9235FAB88407543307233455B
10E1D817EE5581E8B011AB6325C4A42F0F8270DFFF118FFF6CB6E000080021F9235FAB88407543317233455B
10E1D917EE5681E8AB11AB5B25C4B72EFF7F70DFFF118FFF6CB6E200080021F9235FAB88407543327233455B
10E1E417EE5381E8B211AB5B25C4AA2ECF7870DFFF118FFF6CB6E60007FE21F9235FAB88407543337233455B
10E1E717EE5181E8B011AB6325C4972EAF7670DFFF118FFF6CB6E700080021F9235FAB88407543347333455B
10E1EF17EE5481E8AB11AB6725C4A62EFF7E70DFFF118FFF6CB6E900080021F9235FAB88407543357333455B
10E1F317EE5281E8AB11AB6725C4C02F8F8770DFFF118FFF6CB6EC00080021F9235FAB88407543367333455B
10E1F317EE5681E8B011AB6725C4B9300F8C70DFFF118FFF6CB6EE00080021F9235FAB88407553377333455B
10E1FB17EE4E81E8B211AB6725C4A32FDF8F70DFFF118FFF6CB6EE00080021F9235FAB88407543387333455B
10E1F317EE4B81E8AB11AB6725C49C2F8F8D70DFFF118FFF6CB6F100080021F9235FAB88407543397333455B
10E1FB17EE4B81E8B211AB6325C4BC2F8F8870DFFF118FFF6CB6F200080021F9235FAB884075533A7333455B
10E20617EE5081E8A811AB6325C4B92FBF8970DFFF118FFF6CB6F200080021F9235FAB884075433B7333455B
10E20617EE5181E8B211AB5B25C4A82FDF8C70DFFF118FFF6CB6F400080021F9235FAB884075533C7333455B
10E20A17EE5181E8B211AB5F25C4A42FCF8F70DFFF118FFF6CB6F500080021F9235FAB884075433D7333455B
10E20B17EE5181E8B011AB5F25C4AA2FAF9270DFFF119FFF6CB6F500080021F9235FAB884075433E7333455B
10E1FF17EE5181E8B211AB6325C4A62F8F8E70DFFF118FFF6CB6F100080021F9235FAB884075433F7333455B
10E1EF17EE5581E8AB11AB6325C4AB2F4F8B70DFFF118FFF6CB6F000080021F9235FAB88407543407333455B
10E1E417EE5E81E8B711AB6325C4A62F7F8970DFFF118FFF6CB6EF00080021F9235FAB88407543417333455B
10E1DC17EE5881E8B211AB6725C4AA2FBF8E70DFFF118FFF6CB6EC00080021F9235FAB88407553427333455B
10E1D417EE5B81E8B211AB6325C4B32FDF8B70DFFF118FFF6CB6EA00080021F9235FAB88407553437333455B
10E1D417EE6081E8B011AB6725C4AF2FDF8970DFFF119FFF6CB6E90007FE21F9235FAB88407553447333455B
10E1D817EE6181E8B211AB6B25C4B32FDF8670DFFF118FFF6CB6E90007FE21F9235FAB88407543457333455B
10E1D017EE6281E8B211AB5F25C4C22FBF8770DFFF118FFF6CB6E800080021F9235FAB88407543467333455B
10E1D017EE6681E8BA11AB5725C4BA2F9F8C70DFFF119FFF6CB6E80007FE21F9235FAB87417543477333455B
10E1D817EE6281E8B711AB4F25C4B52F5F8C70CFFF118FFF6CB6E900080021F9235FAB87407543487333455B
10E1D417EE5D81E8B211AB4225C4A82F5F8870CFFF118FFF6CB6EA00080021F9235FAB87407543497333455B
10E1D017EE6581E8BA11AB3B25C4B02FBF8770CFFF118FFF6CB6EA00080021F9235FAB874075634A7333455B
10E1D517EE6281E8B711AB3625C4DC302F8170CFFF118FFF6CB6E900080021F9235FAB874075534B7333455B
10E1D417EE6181E8BA11AB3325C4DC300F7A70CFFF118FFF6CB6E90007FE21F9235FAB874075434C7433455B
10E1D017EE5D81E8BA11AB2E25C4C42F9F6F70CFFF118FFF6CB6E800080021F9235FAB874075434D7433455B
10E1D417EE6181E8B711AB2B25C4CB2F3F7070CFFF119FFF6CB6E900080021F9235FAB874075434E7433455B
10E1D017EE5D81E8C111AB2625C4D62F2F7870CFFF118FFF6CB6EC00080021F9235FAB874075434F7433455B
10E1CD17EE5F81E8BA11AB2325C4D12F1F7A70CFFF118FFF6CB6ED00080021F9235FAB87407553507433455B
10E1D417EE5D81E8BA11AB1E25C4CF2EFF7E70CFFF119FFF6CB6ED0007FE21F9235FAB87407553517433455B
10E1D417EE5481E8BE11AB1F25C4DB2F1F8570CFFF118FFF6CB6EF0007FE21F9235FAB87407543527433455B
10E1D817EE5581E8C111AB1E25C4CD2F0F8770CFFF119FFF6CB6F000080021F9235FAB87407543537433455B
10E1D417EE5A81E8C111AB2725C4C02EFF8770CFFF118FFF6CB6EF0007FE21F9235FAB87407543547433455B
10E1D017EE5481E8BE11AB2A25C4B72F4F8B70DFFF118FFF6CB6EF00080021F9235FAB87407543557433455B
10E1D817EE5181E8C111AB3625C4BC2FCF8D70CFFF118FFF6CB6EE00080021F9235FAB87407543567433455B
10E1D017EE5481E8C811AB3725C4BE300F8B70DFFF118FFF6CB6EE00080021F9235FAB87407543577433455B
10E1D517EE5681E8C611AB3A25C4BE2FCF8A70CFFF119FFF6CB6F100080021F9235FAB87407543587433455B
10E1D417EE5B81E8C111AB3B25C4AA2F6F8E70DFFF118FFF6CB6F20007FE21F9235FAB87407543597433455B
10E1D017EE6081E8C111AB4225C4B02F4F8F70DFFF119FFF6CB6F200080021F9235FAB874075535A7433455B
10E1CD17EE6181E8C811AB4725C4BB2F8F9170DFFF118FFF6CB6F200080021F9235FAB874075435B7433455B
10E1D017EE5D81E8CD11AB4A25C4C42F9F9270CFFF118FFF6CB6F20007FE21F9235FAB874075435C7433455B
10E1D017EE5C81E8C811AB4F25C4AD2F7F8F70CFFF118FFF6CB6F20007FE21F9235FAB874075435D7433455B
10E1CD17EE6081E8C811AB5725C4AB2F3F8C70DFFF118FFF6CB6F300080021F9235FAB874075435E7433455B
10E1C917EE6181E8C611AB5725C4AD2F3F8670DFFF119FFF6CB6F400080021F9235FAB874175435F7433455B
10E1C917EE5D81E8D011AB5725C4A62F4F8070CFFF118FFF6CB6F500080021F9235FAB87407553607433455B
10E1C517EE6181E8D011AB5725C49E2F8F7770DFFF118FFF6CB6F500080021F9235FAB87407553617433455B
10E1C917EE5D81E8C611AB5B25C4AE2F9F7670DFFF119FFF6CB6F800080021F9235FAB87407543627433455B
10E1C917EE6481E8D011AB5725C4B52F9F7D70EFFF119FFF6CB6F800080021F9235FAB87407553637433455B
10E1C917EE5E81E8D011AB5725C49C2F5F8170DFFF118FFF6CB6F900080021F9235FAB87407543647533455B
10E1CA17EE6181E8D011AB5725C4932F3F8170DFFF118FFF6CB6FB00080021F9235FAB87407553657533455B
10E1C917EE6181E8CD11AB5325C4AC2F6F8370DFFF118FFF6CB6FC0007FE21F9235FAB87407553667533455B
10E1C917EE6581E8D011AB4A25C4BB2FAF8770EFFF118FFF6CB6FC0007FE21F9235FAB87407553677533455B
10E1C917EE6481E8D711AB4325C4AA2F8F8E70EFFF118FFF6CB6FC00080021F9235FAB87407543687533455B
10E1CD17EE6181E8CD11AB4625C49E2FAF8C70EFFF119FFF6CB6FC0007FE21F9235FAB87407553697533455B
10E1CD17EE6581E8D711AB3F25C4A2302F8870EFFF118FFF6CB6FC00080021F9235FAB874075436A7533455B
10E1CD17EE6281E8D011AB3A25C4A4308F8A70EFFF118FFF6CB6FC0007FE21F9235FAB874075436B7533455B
10E1CD17EE6681E8D511AB3B25C4A4305F8D70FFFF118FFF6CB6FC00080021F9235FAB874075436C7533455B
10E1D017EE6781E8D711AB3A25C4A4300F6770FFFF118FFF6CB6FC0007FE21F9235FAB874075436D7533455B
10E1D017EE6A81E8D711AB3B25C4B72FEF1C70FFFF119FFF6CB6FA00080021F9235FAB874075536E7533455B
10E1D017EE6381E8D711AB3E25C4AA2FAEF470FFFF119FFF6CB6F800080021F9235FAB874075436F7533455B
10E1D017EE6281E8D511AB3F25C4B72F8EF070FFFF118FFF6CB6F800080021F9235FAB87407553707533455B
10E1D017EE6181E8D711AB3625C4A42F9F0370FFFF119FFF6CB6F500080021F9235FAB87407543717533455B
10E1C917EE6181E8D711AB3F25C4A22FAF1C70FFFF119FFF6CB6F30007FE21F9235FAB87407553727533455B
10E1D217EE5D81E8D511AB3A25C4B12FEF3170FFFF118FFF6CB6F300080021F9235FAB87407553737533455B
10E1D017EE5C81E8D711AB3F25C4B5301F4370FFFF118FFF6CB6F200080021F9235FAB87407553747533455B
10E1D417EE6081E8DF11AB3625C4AF301F4B70FFFF118FFF6CB6F00007FE21F9235FAB87407543757533455B
10E1D417EE6181E8D511AB3625C4A62FBF4F70FFFF118FFF6CB6F00007FE21F9235FAB87407543767533455B
10E1D417EE5E81E8D711AB3725C4AA2F8F5C70FFFF118FFF6CB6EE00080021F9235FAB88417543777533455B
10E1D417EE5781E8D711AB3A25C4A62F9F6F710FFF118FFF6CB6EC00080021F9235FAB88407543787533455B
10E1CD17EE5681E8D711AB3725C49E2F8F7F710FFF118FFF6CB6EC0007FE21F9235FAB88407553797533455B
10E1D017EE5681E8DC11AB3625C4A92FAF87710FFF118FFF6CB6EC0007FE21F9235FAB884075437A7533455B
10E1D417EE5781E8D011AB3325C4A02F8F7A70FFFF118FFF6CB6EC00080021F9235FAB884075537B7533455B
10E1D017EE5681E8DF11AB2E25C4AE2F5F6670FFFF119FFF6CB6ED00080021F9235FAB884075537C7633455B
10E1CD17EE5681E8D511AB2F25C4B52F6F6670FFFF118FFF6CB6ED00080021F9235FAB884075437D7633455B
10E1CD17EE5281E8D711AB2A25C4A82F7F7270FFFF118FFF6CB6EF00080021F9235FAB884075537E7633455B
10E1D017EE5681E8D711AB2725C49E2F4F7A70FFFF118FFF6CB6EF00080021F9235FAB884075437F7633455B
10E1CE17EE5281E8DC11AB2625C4AE2F2F7F70FFFF119FFF6CB6EF00080021F9235FAB88407543807633455B
10E1D017EE5181E8D011AB2B25C4A92F1F75710FFF119FFF6CB6F000080021F9235FAB88407543817633455B
10E1D017EE5481E8D711AB2625C4A42F0F6870FFFF118FFF6CB6F100080021F9235FAB88407553827633455B
10E1D017EE5381E8DF11AB2725C4AA2F1F6970FFFF118FFF6CB6F100080021F9235FAB88407553837633455B
10E1D417EE5581E8D511AB2A25C4B32F3F6F70FFFF118FFF6CB6F100080021F9235FAB88407553847633455B
10E1D017EE5281E8D011AB1E25C4A82F4F7570FFFF119FFF6CB6F10007FE21F9235FAB88407543857633455B
10E1D017EE4E81E8D711AB2325C4A42F0F7570FFFF119FFF6CB6F10007FE21F9235FAB88407553867633455B
10E1D417EE4B81E8D511AB2625C4B02F0F7470FFFF118FFF6CB6F100080021F9235FAB88407553877633455B
10E1D817EE4B81E8D711AB2325C4BC2F2F6770FFFF118FFF6CB6F200080021F9235FAB88407543887633455B
10E1D817EE4F81E8D011AB2625C4B12F1F6A70EFFF118FFF6CB6F100080021F9235FAB88407543897633455B
10E1D817EE4581E8D511AB2B25C4A62F0F7670EFFF118FFF6CB6EF00080021F9235FAB884075438A7633455B
10E1D417EE4881E8D711AB2625C4B02F2F7F70EFFF119FFF6CB6EE00080021F9235FAB884075438B7633455B
10E1D817EE4B81E8D011AB2725C4C82F6F8770EFFF118FFF6CB6EE00080021F9235FAB884075538C7633455B
10E1D517EE4B81E8D011AB2625C4C22F4F8B70EFFF118FFF6CB6ED0007FE21F9235FAB884075538D7633455B
10E1D417EE5081E8D511AB2F25C4BE2EFF8B70DFFF118FFF6CB6ED0007FE21F9235FAB884075538E7633455B
10E1D417EE4581E8C811AB2E25C4BE2EDF8B70EFFF118FFF6CB6ED00080021F9235FAB884175438F7633455B
10E1D817EE4881E8D711AB3325C4AB2EEF8E70DFFF118FFF6CB6EA00080021F9235FAB88407553907633455B
10E1D417EE4781E8CD11AB3225C4B12F0F8F70DFFF118FFF6CB6E800080021F9235FAB88407553917633455B
10E1D417EE4381E8C811AB3B25C4B52F0F8F70DFFF118FFF6CB6E700080021F9235FAB88407553927633455B
10E1D817EE4181E8D011AB3225C4AF2EEF8F70DFFF118FFF6CB6E500080021F9235FAB88407543937633455B
10E1DC17EE4481E8D511AB3A25C4B32EDF9170DFFF118FFF6CB6E10007FE21F9235FAB88407553947733455B
10E1DC17EE3D81E8C811AB3F25C4AF2F0F9270EFFF118FFF6CB6DF0007FE21F9235FAB88407543957733455B
10E1E417EE3881E8C811AB3A25C4992F4F9070EFFF118FFF6CB6E000080021F9235FAB88407553967733455B
10E1EF17EE3E81E8D011AB4325C4932F6F9070DFFF118FFF6CB6E300080021F9235FAB88407543977733455B
10E1F317EE3881E8C611AB3E25C4A02F9F8F70DFFF118FFF6CB6E400080021F9235FAB88407553987733455B
10E1EF17EE3E81E8C811AB3F25C4B02FCF9070EFFF118FFF6CB6E50007FE21F9235FAB88407543997733455B
10E1F017EE3581E8C811AB4625C4AF2FDF8970DFFF118FFF6CB6E700080021F9235FAB884075539A7733455B
10E1FB17EE3581E8C611AB4B25C4A62FAF8670DFFF118FFF6CB6E800080021F9235FAB884075439B7733455B
10E1F717EE3981E8D011AB4A25C49E2F7F8A70DFFF118FFF6CB6E900080021F9235FAB884075439C7733455B
10E1F317EE3C81E8C111AB4F25C4952F8F8B70DFFF119FFF6CB6ED00080021F9235FAB884075539D7733455B
10E1F717EE3B81E8C611AB5325C4A02FAF8470EFFF119FFF6CB6EE00080021F9235FAB884075539E7733455B
10E1EF17EE3B81E8C811AB5B25C4B12FFF7E70DFFF118FFF6CB6EF00080021F9235FAB884075439F7733455B
10E1EF17EE3F81E8C111AB5F25C4AF2FFF7D70EFFF118FFF6CB6EF00080021F9235FAB88407543A07733455B
10E1F317EE3E81E8C111AB5F25C4AD2FBF8370EFFF118FFF6CB6EF00080021F9235FAB88407553A17733455B
10E1EF17EE4081E8C611AB6325C4A62F9F8A70EFFF119FFF6CB6EF00080021F9235FAB88407553A27733455B
10E1EB17EE4481E8C811AB6325C4A42FBF8F70DFFF118FFF6CB6ED0007FE21F9235FAB88407553A37733455B
10E1EF17EE4281E8BA11AB5B25C4A42FBF9170EFFF118FFF6CB6EB0007FE21F9235FAB88407553A47733455B
10E1F717EE4181E8C611AB5B25C4912F9F8E70EFFF118FFF6CB6EA00080021F9235FAB88407553A57733455B
10E1F417EE4581E8BA11AB5F25C48A2F8F8C70EFFF118FFF6CB6EA0007FE21F9235FAB88407543A67733455B
10E1EF17EE4681E8C111AB5F25C4A42FBF8F70EFFF119FFF6CB6EA00080021F9235FAB88417543A77733455B
10E1F317EE4281E8BE11AB5B25C4AD2FDF8F70EFFF118FFF6CB6EA00080021F9235FAB88407553A87733455B
10E1F317EE4581E8C111AB5F25C4A62FCF8E70EFFF118FFF6CB6EC0007FE21F9235FAB88407553A97733455B
10E1F317EE4281E8C111AB5F25C4972F9F8B70EFFF118FFF6CB6EF00080021F9235FAB88407543AA7733455B
10E1F317EE3C81E8BA11AB5F25C4992FBF8A70EFFF119FFF6CB6EF0007FE21F9235FAB88407553AB7733455B
10E1F317EE3F81E8BE11AB5B25C489301F8770EFFF118FFF6CB6F000080021F9235FAB88407543AC7833455B
10E1FB17EE4181E8BA11AB5F25C495305F8370EFFF119FFF6CB6F30007FE21F9235FAB88407553AD7833455B
10E1F717EE3C81E8BA11AB5725C4A2303F8370EFFF118FFF6CB6F400080021F9235FAB88407553AE7833455B
10E1F717EE4381E8B711AB5F25C49E301F8570EFFF118FFF6CB6F500080021F9235FAB88407543AF7833455B
10E1FB17EE3A81E8C111AB6725C4A22FEF8670EFFF119FFF6CB6F700080021F9235FAB88407553B07833455B
10E1FF17EE3B81E8BA11AB6725C4B02FBF8770EFFF119FFF6CB6F90007FE21F9235FAB88407553B17833455B
10E20317EE3B81E8B711AB6B25C4A82F9F8770EFFF119FFF6CB6F900080021F9235FAB88407553B27833455B
10E20A17EE3B81E8BA11AB6325C4A42FAF8170EFFF118FFF6CB6FB0007FE21F9235FAB88407543B37833455B
10E20217EE3B81E8BA11AB5F25C4A42FAF7F70EFFF119FFF6CB6FD00080021F9235FAB88407553B47833455B
10E20617EE3881E8BA11AB5B25C4AA2FDF7A70EFFF119FFF6CB6FD00080021F9235FAB88407553B57833455B
10E20617EE3A81E8B711AB6325C4AD302F7370DFFF118FFF6CB6FD00080021F9235FAB88407553B67833455B
10E20A17EE3B81E8BA11AB5B25C4B3300F6770DFFF119FFF6CB6FC00080021F9235FAB88407543B77833455B
10E21617EE4081E8BA11AB5B25C49B2F9F6170DFFF118FFF6CB6FC00080021F9235FAB88407543B87833455B
10E21917EE3981E8B711AB5725C4992FAF5E70DFFF119FFF6CB6FC00080021F9235FAB88407553B97833455B
10E21617EE3981E8B211AB5725C49C305F5C70CFFF119FFF6CB6FB00080021F9235FAB88407553BA7833455B
10E21217EE3F81E8BA11AB4F25C4A930CF5D70CFFF118FFF6CB6FB0007FE21F9235FAB88407543BB7833455B
10E20E17EE3E81E8B711AB5B25C4AD30DF6170CFFF118FFF6CB6FD0007FE21F9235FAB88407553BC7833455B
10E20A17EE3B81E8BA11AB6F25C49930BF6B70CFFF119FFF6CB6FE00080021F9235FAB88407553BD7833455B
10E21617EE3B81E8BA11AB7B25C48C30AF7270CFFF118FFF6CB6FE0007FE21F9235FAB88407543BE7833455B
10E22117EE3B81E8B711AB7B25C490312F6C70CFFF119FFF6CB70100080021F9235FAB88417553BF7833455B
10E22517EE4081E8B211AB8725C49331FF6A70CFFF118FFF6CB70400080021F9235FAB88407553C07833455B
10E22117EE3C81E8BA11AB9725C48D31FF6770CFFF119FFF6CB70500080021F9235FAB88407543C17833455B
10E22117EE3F81E8BA11ABAB25C47D314F6D70CFFF118FFF6CB70600080021F9235FAB88407553C27833455B
10E22117EE3C81E8BE11ABD725C47F30FF7670BFFF118FFF6CB70800080021F9235FAB88407553C37833455B
10E22517EE4081E8B211ABFC25C488311F7870CFFF119FFF6CB70800080021F9235FAB88407553C47933455B
10E22D17EE4181E8BA11AC1F25C47D313F7D70CFFF119FFF6CB70900080021F9235FAB88407543C57933455B
10E22D17EE4181E8B711AC3825C47330EF8170CFFF118FFF6CB70A0007FE21F9235FAB88407543C67933455B
10E22917EE4181E8BA11AC3725C471305F7E70CFFF118FFF6CB70B00080021F9235FAB88407553C77933455B
10E23817EE3E81E8BA11AC3425C477300F7B70DFFF119FFF6CB70A00080021F9235FAB88407553C87933455B
10E23517EE4081E8BE11AC1F25C486302F7E70DFFF119FFF6CB70B00080021F9235FAB88407543C97933455B
10E22917EE4181E8BA11AC1025C490305F8270CFFF119FFF6CB70A0007FE21F9235FAB88407553CA7933455B
10E21917EE4481E8BA11ABE725C493306F8570CFFF118FFF6CB70A0007FE21F9235FAB88407543CB7933455B
10E20E17EE4381E8C111ABBF25C499306F8370DFFF119FFF6CB70900080021F9235FAB88407553CC7933455B
10E20A17EE4581E8B711AB9B25C4B5303F7D70DFFF118FFF6CB70900080021F9235FAB88407553CD7933455B
10E20617EE4681E8C111AB8325C4AA2FFF7C70DFFF119FFF6CB7080007FE21F9235FAB88407543CE7933455B
10E20217EE3F81E8BA11AB6F25C4AB2FCF7F70DFFF119FFF6CB70700080021F9235FAB88407553CF7933455B
10E1FF17EE4381E8BE11AB6325C4AD2FEF8070DFFF118FFF6CB70600080021F9235FAB88407553D07933455B
10E1FF17EE4681E8C111AB5F25C4B3303F8370DFFF118FFF6CB70600080021F9235FAB88407543D17933455B
10E1FB17EE4981E8C111AB5F25C4B5304F8770DFFF118FFF6CB7020007FE21F9235FAB88407553D27933455B
10E1FB17EE4C81E8BE11AB5F25C4A8301F8770DFFF119FFF6CB70000080021F9235FAB88407553D37933455B
10E1EF17EE4B81E8C811AB6325C4A42FDF8770DFFF119FFF6CB6FF00080021F9235FAB88407553D47933455B
10E1EC17EE4F81E8BA11AB5B25C4B02FCF8970DFFF118FFF6CB6FD00080021F9235FAB88407553D57933455B
10E1EF17EE4C81E8C811AB5B25C4A22FBF8C70DFFF118FFF6CB6FB00080021F9235FAB88407553D67933455B
10E1EB17EE4C81E8BE11AB5B25C49C2FBF8D70DFFF119FFF6CB6FA00080021F9235FAB88417553D77933455B
10E1EB17EE4B81E8C811AB5B25C4A92FCF8F70DFFF118FFF6CB6FD0007FE21F9235FAB88407543D87933455B
10E1E717EE4B81E8C811AB5325C4B92FDF8E70EFFF118FFF6CB6FF0007FE21F9235FAB88407553D97933455B
10E1E717EE4F81E8C611AB5325C4B12FCF8A70DFFF118FFF6CB70000080021F9235FAB88407543DA7933455B
10E1E717EE4E81E8C811AB5325C4A62F9F8970DFFF119FFF6CB7020007FE21F9235FAB88407543DB7933455B
10E1EB17EE4781E8C811AB4F25C49E2F7F8B70DFFF119FFF6CB70600080021F9235FAB88407543DC7A33455B
10E1EB17EE4E81E8C611AB4E25C4A22FAF8C70DFFF118FFF6CB70800080021F9235FAB88407543DD7A33455B
10E1E717EE4881E8D011AB4B25C4BF2FCF8670DFFF118FFF6CB70A0007FE21F9235FAB88407553DE7A33455B
10E1EF17EE4B81E8C811AB4625C4C72F9F7E70DFFF118FFF6CB70F00080021F9235FAB88407543DF7A33455B
10E1EF17EE4781E8D011AB4325C4B32F3F7A70DFFF118FFF6CB71100080021F9235FAB88407543E07A33455B
10E1F417EE4981E8CD11AB3A25C4A62F1F7E70DFFF119FFF6CB71200080021F9235FAB88407553E17A33455B
10E1F317EE4881E8C811AB3F25C4B02F5F8270EFFF118FFF6CB71600080021F9235FAB88407553E27A33455B
10E1EB17EE4A81E8D011AB3625C4B52F7F8570EFFF118FFF6CB71800080021F9235FAB88407543E37A33455B
10E1EF17EE4781E8D511AB2B25C4B52F7F8670EFFF118FFF6CB71900080021F9235FAB88407553E47A33455B
10E1F317EE4681E8D011AB2A25C4B52F5F8B70EFFF118FFF6CB71B0007FE21F9235FAB88407543E57A33455B
10E1F717EE4681E8D011AB2725C4B52F8F8F70EFFF119FFF6CB71D00080021F9235FAB88407553E67A33455B
10E1F717EE3E81E8D511AB1A25C4B52FBF9270EFFF118FFF6CB71D00080021F9235FAB88407553E77A33455B
10E1FB17EE4781E8D011AB1A25C4BB2FEF8F70EFFF118FFF6CB71F00080021F9235FAB88407553E87A33455B
10E1FB17EE4781E8D711AB1B25C4BE305F8570FFFF118FFF6CB7210007FE21F9235FAB88407553E97A33455B
10E1F717EE4681E8D711AB1A25C4B130BF8070EFFF119FFF6CB72100080021F9235FAB88407543EA7A33455B
10E1FB17EE4681E8D511AB1B25C4B3307F7270EFFF119FFF6CB72300080021F9235FAB88407543EB7A33455B
10E1FB17EE4681E8D711AB1625C4BC305F6270EFFF118FFF6CB72500080021F9235FAB88407553EC7A33455B
10E1FB17EE4981E8D711AB1F25C4CB304F6570EFFF118FFF6CB72600080021F9235FAB88407553ED7A33455B
10E1F817EE4481E8DC11AB2625C4AE2FFF7070EFFF118FFF6CB72700080021F9235FAB88407553EE7A33455B
10E1FB17EE4581E8D711AB2B25C4A42FBF7B70EFFF119FFF6CB7290007FE21F9235FAB88417543EF7A33455B
10E1FB17EE4681E8D711AB2A25C4AA2FCF8370FFFF118FFF6CB72900080021F9235FAB88407553F07A33455B
10E1F717EE4681E8DC11AB2B25C4992FBF8C70EFFF118FFF6CB72A0007FE21F9235FAB88407553F17A33455B
10E1FB17EE4681E8DF11AB2625C4A62FBF9370EFFF118FFF6CB72B00080021F9235FAB88407553F27A33455B
10E1F717EE4A81E8DF11AB2B25C4C6300F9570EFFF118FFF6CB72B00080021F9235FAB88407553F37A33455B
10E1FB17EE4F81E8DF11AB2625C4CF302F8F70EFFF118FFF6CB72B00080021F9235FAB88407553F47B33455B
10E1F317EE5481E8DC11AB2625C4BB2FAF8B70EFFF118FFF6CB72A00080021F9235FAB88407553F57B33455B
10E1EF17EE5781E8D711AB2F25C4AF2F3F8E70DFFF118FFF6CB72A00080021F9235FAB88407553F67B33455B
10E1EF17EE5B81E8E611AB3225C4B92F4F8B70DFFF118FFF6CB72900080021F9235FAB88407553F77B33455B
10E1EB17EE5F81E8DC11AB3F25C4BE2FAF8A70DFFF118FFF6CB7250007FE21F9235FAB88407553F87B33455B
10E1F317EE5A81E8DF11AB4625C4B72F9F8970DFFF119FFF6CB72400080021F9235FAB88407543F97B33455B
10E1EC17EE6381E8E611AB4F25C4B52F6F8270DFFF119FFF6CB72400080021F9235FAB88407553FA7B33455B
10E1EF17EE6781E8DC11AB5725C4A32F2F7970EFFF118FFF6CB7240007FE21F9235FAB88407553FB7B33455B
10E1EB17EE6A81E8DF11AB5725C49C2F1F7170EFFF119FFF6CB72400080021F9235FAB88407553FC7B33455B
10E1EB17EE7181E8E611AB5725C4A82F6F7370EFFF118FFF6CB72400080021F9235FAB88407553FD7B33455B
10E1E717EE7281E8DF11AB5725C4B92FAF7570EFFF119FFF6CB72400080021F9235FAB88407553FE7B33455B
10E1E717EE6D81E8E311AB5325C4BE2F7F6770DFFF118FFF6CB72300080021F9235FAB88407553FF7B33455B
10E1E417EE7081E8E611AB4F25C49D2F3F5E70DFFF118FFF6CB72300080021F9235FAB88407553007B33455B
10E1E717EE7281E8DF11AB4E25C4932EFF6170DFFF119FFF6CB72200080021F9235FAB88407553017B33455B
10E1E717EE6D81E8EB11AB4F25C4AD2F0F6D70DFFF119FFF6CB72200080021F9235FAB88407553027B33455B
10E1EB17EE6881E8DF11AB5725C49B2F3F7770DFFF119FFF6CB72200080021F9235FAB88407553037B33455B
10E1E717EE6781E8E611AB5725C4862F2F7370DFFF119FFF6CB72200080021F9235FAB88407543047B33455B
10E1E717EE6781E8D511AB5F25C4882F4F6C70DFFF118FFF6CB72200080021F9235FAB88407553057B33455B
10E1EC17EE5A81E8ED11AB5F25C4A42FAF6B70DFFF118FFF6CB72200080021F9235FAB88407553067B33455B
10E1F317EE5281E8E611AB6325C4C02FFF7170CFFF119FFF6CB7220007FE21F9235FAB88417543077B33455B
10E1FB17EE5181E8E611AB5B25C4C0300F7270CFFF119FFF6CB72300080021F9235FAB88407553087B33455B
10E1FB17EE5581E8DC11AB5725C49E2FCF6D70CFFF119FFF6CB72300080021F9235FAB88407543097B33455B
10E1FB17EE4A81E8E611AB4E25C4A62FBF6D70CFFF119FFF6CB72200080021F9235FAB884075530A7B33455B
10E1FB17EE4E81E8E611AB4725C4B92FFF7370CFFF118FFF6CB72100080021F9235FAB884075530B7B33455B
10E1FB17EE4E81E8DC11AB4225C4C4301F7C70DFFF119FFF6CB72100080021F9235FAB884075430C7C33455B
10E1FB17EE4B81E8E611AB3B25C4AC304F8270CFFF119FFF6CB7200007FE21F9235FAB884075430D7C33455B
10E1F317EE4B81E8DF11AB3625C49E302F7F70CFFF118FFF6CB71E00080021F9235FAB884075530E7C33455B
10E1EF17EE4B81E8DF11AB3325C4AE304F8370DFFF119FFF6CB71E0007FE21F9235FAB884075430F7C33455B
10E1EF17EE4481E8E311AB3625C4AF305F8B70DFFF119FFF6CB71E0007FE21F9235FAB88407543107C33455B
10E1F717EE4581E8DF11AB3725C4B3300F8F70DFFF119FFF6CB71F00080021F9235FAB88407543117C33455B
10E1EF17EE4281E8DF11AB3A25C4C22FBF8D70DFFF118FFF6CB71F00080021F9235FAB88407553127C33455B
10E1F017EE4481E8E311AB3F25C4B92FAF8A70DFFF118FFF6CB71E00080021F9235FAB88407543137C33455B
10E1F317EE3F81E8D711AB3A25C4A22FAF8B70DFFF119FFF6CB71E0007FE21F9235FAB88407553147C33455B
10E1FB17EE4381E8DF11AB3F25C4AE2FAF8C70DFFF119FFF6CB71D00080021F9235FAB88407553157C33455B
10E1FF17EE4281E8DC11AB3A25C4CF2FFF8970EFFF118FFF6CB71D0007FE21F9235FAB88407553167C33455B
10E1FF17EE3C81E8DF11AB3625C4CB2FFF8470DFFF118FFF6CB71A0007FE21F9235FAB88407553177C33455B
10E1FF17EE4081E8DF11AB3725C4B42F8F7F70EFFF118FFF6CB71800080021F9235FAB88407553187C33455B
10E1F717EE4181E8D711AB3E25C4AD2F4F8170EFFF119FFF6CB7180007FE21F9235FAB88407543197C33455B
10E1F317EE4481E8D511AB3F25C4B92F8F8970EFFF119FFF6CB71500080021F9235FAB884075531A7C33455B
10E1F717EE4381E8DF11AB3E25C4B72FAF8F70EFFF119FFF6CB71200080021F9235FAB884075531B7C33455B
10E1F717EE4581E8D711AB3B25C4B52F8F8970EFFF119FFF6CB71200080021F9235FAB884075431C7C33455B
10E1F317EE3D81E8D511AB3625C4BB2F6F8770EFFF119FFF6CB70F0007FE21F9235FAB884075431D7C33455B
10E1F717EE3F81E8D711AB3725C4C42F6F8970EFFF119FFF6CB70D0007FE21F9235FAB884075431E7C33455B
10E20317EE4581E8D011AB2E25C4BA2F2F8A70EFFF119FFF6CB70D00080021F9235FAB884175431F7C33455B
10E20617EE4281E8D511AB2F25C4A82F2F8C70EFFF118FFF6CB70E00080021F9235FAB88407553207C33455B
10E20A17EE4481E8D011AB3225C49E2F6F8B70EFFF118FFF6CB70F00080021F9235FAB88407553217C33455B
10E20E17EE4981E8D011AB3725C4A82FDF8C70EFFF118FFF6CB71000080021F9235FAB88407553227C33455B
10E21217EE4C81E8D011AB3A25C4CD303F8E70EFFF119FFF6CB71200080021F9235FAB88407563237C33455B
10E21217EE4781E8CD11AB3B25C4CB302F8F70EFFF119FFF6CB7160007FE21F9235FAB88407553247D33455B
10E21917EE5281E8D011AB4625C4AC2FAF8B70DFFF119FFF6CB71700080021F9235FAB88407553257D33455B
10E21D17EE4A81E8D011AB5325C49E2F6F8070DFFF118FFF6CB71800080021F9235FAB88407553267D33455B
10E23017EE4381E8C611AB6F25C4A22FCF7D70DFFF119FFF6CB71B0007FE21F9235FAB88407543277D33455B
10E25317EE4881E8C811AB8725C4A4300F7E70DFFF118FFF6CB71C00080021F9235FAB88407553287D33455B
10E25317EE4381E8C811AB9F25C4A4301F7F70DFFF119FFF6CB71C00080021F9235FAB88407553297D33455B
10E26317EE4181E8C611ABAF25C4AA301F8070DFFF118FFF6CB71E00080021F9235FAB884075532A7D33455B
10E28D17EE3581E8C811ABBB25C4992FDF8470DFFF119FFF6CB71E0007FE21F9235FAB884075432B7D33455B
10E29C17EE3581E8C111ABBF25C4862FAF8370DFFF118FFF6CB71F00080021F9235FAB884075532C7D33455B
10E2DA17EE2D81E8C111ABCB25C4882FBF8670DFFF119FFF6CB72100080021F9235FAB884075532D7D33455B
10E30817EE3381E8C611ABD825C491300F8970EFFF119FFF6CB72200080021F9235FAB884075532E7D33455B
10E30817EE3381E8C111ABDB25C493303F8970DFFF118FFF6CB72200080021F9235FAB884075532F7D33455B
10E32317EE3081E8BA11ABE025C47F2FFF8770DFFF119FFF6CB72300080021F9235FAB88407553307D33455B
10E34517EE2781E8BE11ABDB25C48C2FDF8770DFFF118FFF6CB72400080021F9235FAB88407543317D33455B
10E35017EE2581E8BA11ABD825C4932FEF8A70DFFF119FFF6CB72400080021F9235FAB88407553327D33455B
10E39217EE1A81E8C111ABDF25C48C2FDF8D70DFFF119FFF6CB7250007FE21F9235FAB88407543337D33455B
10E3CC17EE1581E8B711ABF025C4712F9F8C70DFFF118FFF6CB72500080021F9235FAB88407553347D33455B
10E3EF17EE1081E8BA11ABFB25C47B2F9F8D70DFFF118FFF6CB7250007FE21F9235FAB88407553357D33455B
10E41917EE1081E8B211AC0825C4822FFF9170DFFF119FFF6CB72400080021F9235FAB88407553367D33455B
10E43F17EE0881E8BA11AC0B25C488303F9370DFFF119FFF6CB72400080021F9235FAB88417543377D33455B
10E45417EE0C81E8B011AC2425C47D300F9170DFFF119FFF6CB72400080021F9235FAB88407553387D33455B
10E45E17EE0F81E8B211AC4325C4732FCF8470DFFF119FFF6CB7230007FE21F9235FAB88407553397D33455B
10E45A17EE0081E8B211AC7D25C4632F9F8270EFFF118FFF6CB72300080021F9235FAB884075533A7D33455B
10E46617EE0681E8B011ACBC25C4662FBF8770DFFF119FFF6CB72300080021F9235FAB884075533B7D33455B
10E45E17EE1281E8B211ACC125C4682FBF8D70DFFF119FFF6CB72200080021F9235FAB884075533C7E33455B
10E45E17EE1581E8B211ACA825C4682FBF9070DFFF119FFF6CB72100080021F9235FAB884075533D7E33455B
10E45817EE1681E8A811ACB825C45B2FDF8D70DFFF118FFF6CB72100080021F9235FAB884075533E7E33455B
10E44B17EE1581E8AB11ACCE25C4502FFF8C70EFFF119FFF6CB72000080021F9235FAB884075533F7E33455B
10E43F17EE1581E8AB11ACDC25C45A302F8B70EFFF118FFF6CB71E00080021F9235FAB88407553407E33455B
10E43817EE1581E8B011ACD625C45F302F8970EFFF119FFF6CB71D00080021F9235FAB88407553417E33455B
10E45617EE0E81E8A311ACE825C44C2FFF8C70DFFF119FFF6CB71D00080021F9235FAB88407553427E33455B
10E46B17EE0E81E8A311ACF625C43F2F9F8E70DFFF119FFF6CB71E00080021F9235FAB88407543437E33455B
10E48C17EE0B81E8AB11AD0825C43D2F8F9070DFFF119FFF6CB71E0007FE21F9235FAB88407553447E33455B
10E4CA17EE0681E8A811AD4B25C4372F9F8E70DFFF119FFF6CB71E0007FE21F9235FAB88407553457E33455B
10E4FC17EE0281E8A311ADC525C42E2FBF8470EFFF119FFF6CB71C00080021F9235FAB88407553467E33455B
10E53217EDFF81E8A311ADE825C4322FBF7F70DFFF119FFF6CB71B00080021F9235FAB88407553477E33455B
10E55C17EDFF81E8A111ADB925C45C2FEF7E70DFFF118FFF6CB71B00080021F9235FAB88407553487E33455B
10E55817EDFF81E8A311AD9025C45B2FFF8270DFFF118FFF6CB71A00080021F9235FAB88407553497E33455B
10E56417EDFC81E89C11AD7B25C44A2FAF8670DFFF119FFF6CB71A00080021F9235FAB884075534A7E33455B
10E56F17EDFA81E8A811AD7025C44C2FBF8B70DFFF119FFF6CB71900080021F9235FAB884075534B7E33455B
10E54917EE0281E89C11AD4F25C44E300F9070DFFF119FFF6CB7190007FE21F9235FAB884075534C7E33455B
10E51B17EE0881E89C11AD3425C45A305F8B70DFFF119FFF6CB71900080021F9235FAB884075434D7E33455B
10E50017EE0781E89911AD3625C45F305F8570CFFF119FFF6CB71900080021F9235FAB884075534E7E33455B
10E4F817EE0981E8A311AD4C25C446303F8970CFFF119FFF6CB71600080021F9235FAB884175434F7E33455B
10E50F17EE0A81E8A311AD7725C430300F8670CFFF119FFF6CB71400080021F9235FAB88407553507E33455B
10E52717EE0681E89C11ADA925C4252FEF7E70CFFF119FFF6CB71300080021F9235FAB88407553517E33455B
10E53917EE0A81E89911ADD125C4292FEF7E70CFFF119FFF6CB71100080021F9235FAB88407553527E33455B
10E53617EE0E81E89C11ADE425C4322FCF8470CFFF119FFF6CB70F0007FE21F9235FAB88407543537E33455B
10E53917EE0F81E89C11ADF525C42E2FAF8A70BFFF119FFF6CB70E00080021F9235FAB88407553547F33455B
10E53217EE1381E8A111AE1425C42C2FCF8D70BFFF119FFF6CB70F00080021F9235FAB88407553557F33455B
10E4F517EE0E81E89C11AE3525C41F2FFF8D70BFFF118FFF6CB70F00080021F9235FAB88407553567F33455B
10E4CE17EE1281E89C11AE3D25C427300F8C70BFFF118FFF6CB70F00080021F9235FAB88407553577F33455B
10E4D917EE1081E89911AE3925C44C301F8B70BFFF119FFF6CB71100080021F9235FAB88407553587F33455B
10E4DD17EE1781E89511AE4525C443301F8870AFFF119FFF6CB7140007FE21F9235FAB88407543597F33455B
10E49017EE2381E89C11AE6925C429301F8670AFFF119FFF6CB71500080021F9235FAB884075435A7F33455B
10E45417EE2D81E8A111AE8125C40A2FFF8670AFFF119FFF6CB71600080021F9235FAB884075535B7F33455B
10E42417EE3881E89511AED625C40E302F8870AFFF119FFF6CB71B00080021F9235FAB884075535C7F33455B
10E3D417EE3F81E89C11AF0B25C418309F8670AFFF119FFF6CB71D00080021F9235FAB884075535D7F33455B
10E36C17EE4581E89C11AF2225C40E308F8570AFFF119FFF6CB71D00080021F9235FAB884075435E7F33455B
10E32317EE4681E89911AF5F25C3FC300F8670AFFF118FFF6CB72000080021F9235FAB884075435F7F33455B
10E2F517EE4981E89C11AFA725C3F82FBF8670AFFF118FFF6CB72100080021F9235FAB88407553607F33455B
10E2DA17EE4381E89C11AFBB25C3FF2FBF8970AFFF119FFF6CB72100080021F9235FAB88407553617F33455B
10E2C617EE4581E89911AFBC25C4142FFF8C70AFFF119FFF6CB7230007FE21F9235FAB88407553627F33455B
10E2B317EE4A81E89C11AFCB25C4212FFF8C70AFFF119FFF6CB7240007FE21F9235FAB88407543637F33455B
10E29C17EE4B81E89C11AFBB25C4102FAF8D70BFFF119FFF6CB72400080021F9235FAB88407553647F33455B
10E29117EE4781E89911AF8C25C3F62F8F8D70BFFF119FFF6CB72600080021F9235FAB88407553657F33455B
10E28917EE4681E8A311AF8225C3F02FAF8870AFFF119FFF6CB7270007FE21F9235FAB88407553667F33455B
10E28D17EE4681E89C11AF7225C3F0301F8670AFFF119FFF6CB7270007FE21F9235FAB88417553677F33455B
10E29417EE4281E8A111AF7425C410306F8770BFFF119FFF6CB72900080021F9235FAB88407563687F33455B
10E2A817EE3C81E89C11AF0E25C441303F8970BFFF119FFF6CB72B00080021F9235FAB88407553697F33455B
10E2BB17EE4481E8A311AE6925C4542FCF8870BFFF119FFF6CB72B0007FE21F9235FAB884075536A7F33455B
10E2BF17EE3E81E89C11AE1025C44A2F7F8970BFFF119FFF6CB72D0007FE21F9235FAB884075536B7F33455B
10E2CA17EE3F81E8A111ADB525C4662FDF8C70BFFF119FFF6CB73000080021F9235FAB884075536C8033455B
10E2D617EE3981E89C11AD6725C48A30AF8970BFFF119FFF6CB73000080021F9235FAB884075536D8033455B
10E30817EE3181E8AB11AD2C25C479307F8170CFFF119FFF6CB73200080021F9235FAB884075436E8033455B
10E35517EE2C81E8A111AD0E25C4772FDF7570CFFF119FFF6CB73600080021F9235FAB884075436F8033455B
10E37317EE2E81E8A311AD0425C4732FBF7370CFFF119FFF6CB73700080021F9235FAB88407553708033455B
10E35C17EE3581E89C11ACEE25C483300F7870CFFF119FFF6CB7380007FE21F9235FAB88407553718033455B
10E32E17EE3A81E8A811ACE425C47D302F7F70CFFF119FFF6CB73B00080021F9235FAB88407543728033455B
10E30317EE3F81E8AB11ACC425C4732FDF8670CFFF119FFF6CB73C0007FE21F9235FAB88407543738033455B
10E2DA17EE4481E8A311AC8D25C48A2FCF8470CFFF119FFF6CB73D00080021F9235FAB88407543748033455B
10E2BF17EE3A81E8A111AC7025C4A02FFF7F70CFFF118FFF6CB73F00080021F9235FAB88407553758033455B
10E2B717EE4681E8B211AC5925C4B1300F6A70DFFF118FFF6CB74000080021F9235FAB88407553768033455B
10E2AF17EE4381E8A311AC4F25C49B2FBF6370DFFF118FFF6CB74100080021F9235FAB88407553778033455B
10E2B317EE4481E8AB11AC3825C4932F4F6770CFFF119FFF6CB74300080021F9235FAB88407543788033455B
10E2BF17EE3F81E8B011AC2B25C4992F5F6E70CFFF118FFF6CB7450007FE21F9235FAB88407543798033455B
10E2CE17EE3B81E8AB11AC0C25C4A82FAF7770DFFF119FFF6CB74500080021F9235FAB884075537A8033455B
10E2DA17EE3F81E8AB11ABEF25C4A62FCF7C70DFFF119FFF6CB7460007FE21F9235FAB884075537B8033455B
10E2E517EE3C81E8B011ABCF25C4B82FBF8270DFFF119FFF6CB74700080021F9235FAB884075537C8033455B
10E2F517EE3881E8AB11ABBF25C4C52FAF7670DFFF118FFF6CB74700080021F9235FAB884075437D8033455B
10E30817EE3181E8B211ABB325C4B32FAF5F70DFFF119FFF6CB74800080021F9235FAB884075537E8033455B
10E30017EE3881E8B711ABA725C4B32FCF6170DFFF119FFF6CB74900080021F9235FAB884175537F8033455B
10E2FC17EE3B81E8B211AB9F25C4B52FDF7070DFFF119FFF6CB74900080021F9235FAB88407543808033455B
10E2F817EE3C81E8B211AB9B25C4B52FDF7F70DFFF119FFF6CB74A00080021F9235FAB88407553818033455B
10E2F817EE3781E8B211AB9725C4C82FEF8370EFFF119FFF6CB74B00080021F9235FAB88407553828033455B
10E2F117EE3981E8B711AB9725C4C32F8F7F70DFFF119FFF6CB74B00080021F9235FAB88407543838033455B
10E2E517EE3881E8BA11AB8B25C4B12F2F7E70DFFF119FFF6CB74A00080021F9235FAB88407553848133455B
10E2D217EE3E81E8BA11AB7F25C4A02F1F8170EFFF119FFF6CB74800080021F9235FAB88407543858133455B
10E2CA17EE3C81E8B711AB7F25C4A22F7F8870EFFF119FFF6CB74800080021F9235FAB88407553868133455B
10E2C317EE4381E8BA11AB7F25C4B0301F8B70EFFF119FFF6CB7470007FE21F9235FAB88407553878133455B
10E2B717EE4681E8BA11AB7F25C4C2305F8B70EFFF119FFF6CB74400080021F9235FAB88407553888133455B
10E2AC17EE4281E8BE11AB8325C4B92FEF8B70EFFF119FFF6CB7440007FE21F9235FAB88407553898133455B
10E2A417EE4481E8BA11AB8B25C49C2F5F8970EFFF119FFF6CB74300080021F9235FAB884075538A8133455B
10E29C17EE4281E8C111AB8F25C49A2F6F8670FFFF119FFF6CB74100080021F9235FAB884075538B8133455B
10E29817EE4181E8C111AB9B25C4A82FCF8370FFFF119FFF6CB7410007FE21F9235FAB884075538C8133455B
10E28D17EE4181E8BE11ABBB25C4AD300F8570FFFF119FFF6CB73F00080021F9235FAB884075538D8133455B
10E28517EE4181E8C111ABCB25C4A6300F8570FFFF119FFF6CB73900080021F9235FAB884075538E8133455B
10E28517EE4481E8C811ABD425C49E2FCF8670FFFF119FFF6CB7360007FE21F9235FAB884075538F8133455B
10E27D17EE4681E8C611ABE325C4882F9F8670FFFF119FFF6CB73600080021F9235FAB88407553908133455B
10E27D17EE4681E8C111ABE825C49B2FCF7E70FFFF119FFF6CB7360007FE21F9235FAB88407553918133455B
10E26E17EE4681E8C811ABF325C4A42FEF7C70FFFF119FFF6CB73500080021F9235FAB88407553928133455B
10E26617EE4681E8C611AC0025C4A42FBF7E70FFFF119FFF6CB73500080021F9235FAB88407543938133455B
10E25B17EE4F81E8C811ABFB25C4972F5F8470FFFF119FFF6CB73900080021F9235FAB88407553948133455B
10E24F17EE5181E8C811ABF425C4932F4F8D710FFF118FFF6CB73B00080021F9235FAB88407553958133455B
10E24B17EE4C81E8C611ABD725C4992FDF8E710FFF118FFF6CB73C00080021F9235FAB88407553968133455B
10E24417EE4F81E8D011ABBB25C4A8300F8A710FFF119FFF6CB73C0007FE21F9225FAB88417553978133455B
10E24017EE5181E8C811ABB325C4A62FFF87710FFF119FFF6CB73D00080021F9225FAB88407543988133455B
10E23817EE5581E8D011ABB325C4982FDF8570FFFF118FFF6CB73D0007FE21F9225FAB88407553998133455B
10E23417EE5A81E8CD11ABB325C4932FDF8270FFFF119FFF6CB73D00080021F9225FAB884075539A8133455B
10E23017EE5981E8D011ABA725C49F2FEF8170FFFF119FFF6CB73E00080021F9225FAB884075539B8133455B
10E22D17EE5B81E8D011ABA725C4B72FDF8570FFFF119FFF6CB73E0007FE21F9225FAB884075539C8233455B
10E22D17EE5781E8CD11ABA725C4A42F9F8570FFFF119FFF6CB74000080021F9225FAB884075539D8233455B
10E22D17EE5681E8D011ABB725C4952F4F8770FFFF119FFF6CB74100080021F9225FAB884075539E8233455B
10E23417EE5381E8D011ABBF25C4A62F5F8870FFFF118FFF6CB7420007FE21F9225FAB884075539F8233455B
10E23C17EE5581E8CD11ABC725C4AD2FAF7E70FFFF119FFF6CB74200080021F9225FAB88407563A08233455B
10E23D17EE5281E8D711ABCF25C4BA2FBF6D70EFFF119FFF6CB7420007FE21F9225FAB88407553A18233455B
10E24817EE5181E8D711ABE325C4B12F8F6B70FFFF119FFF6CB7420007FE21F9225FAB88407553A28233455B
10E25717EE5181E8D711ABF025C4922F3F5F70EFFF119FFF6CB7420007FE21F9225FAB88407553A38233455B
10E26A17EE5181E8D511ABF325C4972F0F4F70EFFF118FFF6CB74200080021F9225FAB88407553A48233455B
10E26A17EE5181E8D011AC1025C4A22F3F5470EFFF119FFF6CB7420007FE21F9225FAB88407553A58233455B
10E26A17EE4C81E8DF11AC2B25C4972F3F6270EFFF119FFF6CB74200080021F9225FAB88407553A68233455B
10E27217EE5481E8D511AC3C25C4A02F1F7070EFFF119FFF6CB7420007FE21F9225FAB88407553A78233455B
10E27617EE5281E8D711AC0F25C4AB2F0F7670EFFF118FFF6CB74100080021F9225FAB88407553A88233455B
10E25B17EE5D81E8D711ABEC25C4A62EFF7B70DFFF119FFF6CB74100080021F9225FAB88407553A98233455B
10E23C17EE6181E8D711ABD725C4B02F0F8070DFFF119FFF6CB7410007FE21F9225FAB88407553AA8233455B
10E23017EE6681E8DC11ABCB25C4BB2F1F8370DFFF119FFF6CB74100080021F9225FAB88407553AB8233455B
10E21E17EE6781E8D711ABCB25C4BE2EFF8670DFFF118FFF6CB74100080021F9225FAB88407553AC8233455B
10E21617EE6A81E8D711ABC325C4B12EAF8770DFFF119FFF6CB74000080021F9225FAB88407553AD8233455B
10E21617EE6981E8DC11ABC325C49A2E7F8A70DFFF119FFF6CB74000080021F9225FAB88407553AE8233455B
10E21217EE6781E8D711ABC725C4932E9F8D70DFFF119FFF6CB74000080021F9225FAB88417543AF8233455B
10E20A17EE6281E8DF11ABBF25C4A62EFF9070DFFF119FFF6CB74200080021F9225FAB88407553B08233455B
10E21617EE5D81E8D511ABB325C4B92F3F9170CFFF119FFF6CB7430007FE21F9225FAB88407553B18233455B
10E21217EE5C81E8DF11ABA325C4B72F2F9070CFFF119FFF6CB74300080021F9225FAB88407543B28233455B
10E22117EE5781E8D711AB8F25C4AF2F1F8D70CFFF119FFF6CB7440007FE21F9225FAB88407553B38233455B
10E22117EE5281E8DF11AB8725C4B32F1F8670CFFF119FFF6CB74400080021F9225FAB88407553B48333455B
10E22117EE5481E8D511AB8325C4BC2F2F8270BFFF119FFF6CB74500080021F9225FAB88407553B58333455B
10E22517EE5781E8DF11AB7F25C4B72F2F7F70CFFF119FFF6CB74600080021F9225FAB88407543B68333455B
10E22217EE5681E8DF11AB7B25C49B2F1F8170CFFF119FFF6CB74700080021F9225FAB88407553B78333455B
10E22917EE5281E8DC11AB7B25C4992F4F7F70BFFF119FFF6CB74700080021F9225FAB88407553B88333455B
10E22D17EE5181E8DF11AB7725C495305F7D70BFFF119FFF6CB74800080021F9225FAB88407553B98333455B
10E22D17EE4981E8D711AB7325C4B330EF7D70BFFF118FFF6CB74A00080021F9225FAB88407553BA8333455B
10E23417EE4681E8DC11AB7B25C4BE309F7870BFFF119FFF6CB74B0007FE21F9225FAB88407553BB8333455B
10E23C17EE4681E8D711AB7725C4B12FEF7770BFFF119FFF6CB74C00080021F9225FAB88407543BC8333455B
10E24417EE4681E8DF11AB7B25C4A72F7F7870BFFF119FFF6CB74E0007FE21F9225FAB88407553BD8333455B
10E24B17EE4A81E8DF11AB7B25C4AB2FCF7670BFFF119FFF6CB74F0007FE21F9225FAB88407553BE8333455B
10E24417EE4B81E8DC11AB7F25C4B3307F7270CFFF119FFF6CB75000080021F9225FAB88407543BF8333455B
10E24F17EE4B81E8D711AB7F25C4A8314F7370CFFF119FFF6CB75300080021F9225FAB88407553C08333455B
10E25317EE4881E8DF11AB8325C4AA31DF7670BFFF119FFF6CB7550007FE21F9225FAB88407553C18333455B
10E25717EE4A81E8D511AB8325C4A631BF7870CFFF119FFF6CB75500080021F9225FAB88407553C28333455B
10E25317EE4381E8DF11AB7F25C4B7314F7C70CFFF119FFF6CB75800080021F9225FAB88407543C38333455B
10E25F17EE4481E8DF11AB8725C4AB30DF7A70CFFF119FFF6CB75A00080021F9225FAB88407553C48333455B
10E26E17EE4681E8D511AB8725C4A4308F7170CFFF119FFF6CB75A00080021F9225FAB88407553C58333455B
10E27A17EE4681E8DF11AB9725C497302F7070CFFF119FFF6CB75C00080021F9225FAB88407543C68333455B
10E28117EE3D81E8D711AB9F25C4862FCF7570CFFF119FFF6CB75D00080021F9225FAB88417553C78333455B
10E29117EE3B81E8D711ABA725C4952F8F7C70CFFF119FFF6CB75D00080021F9225FAB88407563C88333455B
10E29417EE3881E8DC11ABA325C4A2300F8370CFFF119FFF6CB75E00080021F9225FAB88407553C98333455B
10E29817EE3A81E8D711ABAB25C490305F8770BFFF119FFF6CB75F00080021F9225FAB88407553CA8333455B
10E29817EE3B81E8DF11ABAF25C48A303F8970CFFF119FFF6CB75F00080021F9225FAB88407553CB8333455B
10E29417EE3B81E8D511ABAB25C4912FFF8A70CFFF119FFF6CB76000080021F9225FAB88407553CC8433455B
10E28D17EE3C81E8D711ABA325C4AC2FFF8870CFFF119FFF6CB76100080021F9225FAB88407553CD8433455B
10E28517EE3781E8DF11AB9F25C4AF2FCF8470CFFF118FFF6CB76100080021F9225FAB88407553CE8433455B
10E28117EE3181E8D511ABA725C4A02F5F7F70BFFF118FFF6CB7600007FE21F9225FAB88407553CF8433455B
10E28917EE3481E8D711ABAB25C4952EFF7570BFFF119FFF6CB75E00080021F9225FAB88407553D08433455B
10E29C17EE2E81E8DF11ABAB25C49F2F0F6470BFFF119FFF6CB75E00080021F9225FAB88407553D18433455B
10E2AF17EE2F81E8D011ABA725C4A42F4F5B70BFFF119FFF6CB75D00080021F9225FAB88407553D28433455B
10E2B717EE2C81E8DC11ABAB25C4972F5F5D70BFFF119FFF6CB75C0007FE21F9225FAB88407553D38433455B
10E2C617EE2B81E8D711ABB325C47F2F2F6170CFFF119FFF6CB75C00080021F9225FAB88407543D48433455B
10E2D617EE2B81E8D711ABB725C4852F2F6870CFFF119FFF6CB75B00080021F9225FAB88407553D58433455B
10E2DD17EE2F81E8D511ABC325C4A42F4F6F70CFFF119FFF6CB75B00080021F9225FAB88407553D68433455B
10E2DA17EE2C81E8D711ABB725C4A02F3F7570BFFF119FFF6CB75B0007FE21F9225FAB88407553D78433455B
10E2DA17EE3081E8D011ABA725C4952ECF7B70CFFF119FFF6CB75A00080021F9225FAB88407553D88433455B
10E2DA17EE3081E8D711AB9F25C4932E9F7F70CFFF119FFF6CB75A0007FE21F9225FAB88407553D98433455B
10E2D617EE2C81E8D511ABA725C4932EAF8070CFFF119FFF6CB75A0007FE21F9225FAB88407553DA8433455B
10E2D617EE2E81E8D711ABB325C4932E9F8170CFFF119FFF6CB75A0007FE21F9225FAB88407553DB8433455B
10E2CE17EE3581E8D011ABAB25C4792E6F8170DFFF119FFF6CB7590007FE21F9225FAB88407553DC8433455B
10E2CE17EE3181E8D511ABA325C47D2E8F7F70CFFF119FFF6CB75900080021F9225FAB88407553DD8433455B
10E2C617EE3481E8D711AB9F25C4AF2F2F7B70CFFF119FFF6CB75900080021F9225FAB88407553DE8433455B
10E2BB17EE3681E8D011AB9F25C4B72FBF7470CFFF119FFF6CB7560007FE21F9225FAB88417553DF8433455B
10E2C317EE3681E8CD11ABAB25C4A32FEF6D70CFFF119FFF6CB75400080021F9225FAB88407553E08433455B
10E2BB17EE3681E8D711ABB325C4952FFF6E70CFFF119FFF6CB7530007FE21F9225FAB88407553E18433455B
10E2BF17EE3681E8D011ABBF25C4A6301F7470DFFF119FFF6CB75000080021F9225FAB88407553E28433455B
10E2BB17EE3181E8D711ABBB25C4B9301F7C70DFFF118FFF6CB74C00080021F9225FAB88407543E38433455B
10E2BB17EE3981E8CD11ABBF25C4B72FDF8270CFFF119FFF6CB74B00080021F9225FAB88407553E48533455B
10E2AF17EE3781E8D011ABB725C4A22F6F8970DFFF119FFF6CB7490007FE21F9225FAB88407553E58533455B
10E2BB17EE3681E8D011ABAB25C49C2F3F8F70CFFF119FFF6CB7460007FE21F9225FAB88407553E68533455B
10E2C617EE3181E8D511AB9F25C4A22F6F8F70DFFF119FFF6CB74500080021F9225FAB88407543E78533455B
10E2CE17EE3581E8C811AB8F25C4B12F8F8D70DFFF119FFF6CB74200080021F9225FAB88407553E88533455B
10E2CA17EE3681E8D011AB8725C4B52F4F8C70DFFF119FFF6CB73C00080021F9225FAB88407553E98533455B
10E2CA17EE3981E8CD11AB7B25C4C82F0F8970DFFF119FFF6CB73B00080021F9225FAB88407553EA8533455B
10E2C617EE3781E8D011AB7B25C4C92F2F8570DFFF119FFF6CB73800080021F9225FAB88407553EB8533455B
10E2C617EE3681E8D011AB7B25C4B32EEF8270DFFF119FFF6CB73200080021F9225FAB88407553EC8533455B
10E2CA17EE3681E8C811AB7F25C4A62EAF8370DFFF119FFF6CB72F00080021F9225FAB88407553ED8533455B
10E2CE17EE3981E8D511AB7325C4D12F3F7E70EFFF119FFF6CB72F00080021F9225FAB88407553EE8533455B
10E2CA17EE3B81E8C811AB7325C4E72FFF6070EFFF119FFF6CB72F0007FE21F9225FAB88407553EF8533455B
10E2CE17EE3881E8C811AB6F25C4E22FFF4570DFFF119FFF6CB72F00080021F9225FAB88407553F08533455B
10E2CE17EE3E81E8CD11AB6B25C4D32F6F4070DFFF119FFF6CB72F00080021F9225FAB88407553F18533455B
10E2CE17EE3881E8C811AB6F25C4BB2F7F5270EFFF119FFF6CB7300007FE21F9225FAB88407553F28533455B
10E2CE17EE3B81E8D011AB6B25C4C82FDF6970FFFF119FFF6CB73100080021F9225FAB88407563F38533455B
10E2CE17EE3B81E8C611AB6725C4DB306F7A70FFFF119FFF6CB7310007FE21F9225FAB88407553F48533455B
10E2CE17EE3781E8D011AB5F25C4ED30CF8570EFFF119FFF6CB73500080021F9225FAB88407553F58533455B
10E2CA17EE4281E8C811AB5725C4E5308F8B70EFFF119FFF6CB73700080021F9225FAB88407543F68533455B
10E2BF17EE4381E8C111AB4B25C4DA301F8C70EFFF119FFF6CB73800080021F9225FAB88417553F78533455B
10E2B317EE4581E8CD11AB3A25C4F12FFF8870EFFF119FFF6CB73A00080021F9225FAB88407553F88533455B
10E2AF17EE4981E8C811AB2725C4F4300F8470FFFF119FFF6CB73C00080021F9225FAB88407553F98533455B
10E2A817EE4781E8C111AB1E25C4DE2FEF8770EFFF119FFF6CB73C0007FE21F9225FAB88407553FA8533455B
10E2A417EE4B81E8CD11AB1B25C4F12FCF8870EFFF119FFF6CB73D00080021F9225FAB88407553FB8533455B
10E2A017EE4B81E8C111AB1225C4ED2FEF8570EFFF119FFF6CB73F0007FE21F9225FAB88407543FC8633455B
10E29417EE4781E8C811AB1325C509300F8170EFFF119FFF6CB73F00080021F9225FAB88407553FD8633455B
10E29417EE4981E8C611AB1225C5082FFF7C70EFFF119FFF6CB74200080021F9225FAB88407553FE8633455B
10E29417EE4C81E8C111AAFF25C4EF2F7F7570EFFF119FFF6CB7470007FE21F9225FAB88407553FF8633455B
10E29817EE4781E8C811AAF225C4EF2F5F6E70EFFF119FFF6CB74800080021F9225FAB88407553008633455B
10E29417EE4681E8C111AAFE25C4FE2FBF6C70DFFF119FFF6CB74A00080021F9225FAB88407553018633455B
10E28D17EE4981E8C611AB0B25C4F6305F6E70EFFF119FFF6CB74F00080021F9225FAB88407553028633455B
10E28517EE4C81E8C111AB1A25C4DE309F6E70DFFF119FFF6CB7510007FE21F9225FAB88407553038633455B
10E28D17EE4B81E8C111AB1725C4DE30BF6670DFFF119FFF6CB75200080021F9225FAB88407553048633455B
10E29117EE4F81E8BE11AB2625C4E630EF6570DFFF119FFF6CB7550007FE21F9225FAB88407553058633455B
10E28917EE4C81E8C111AB2F25C4E930DF6F70DFFF119FFF6CB75600080021F9225FAB88407553068633455B
10E28517EE5081E8C111AB3A25C4F0306F7B70DFFF11AFFF6CB75700080021F9225FAB88407553078633455B
10E28517EE4C81E8C611AB3B25C4EB300F8070DFFF119FFF6CB75A00080021F9225FAB88407553088633455B
10E28117EE5381E8BA11AB3625C4D52F9F8170DFFF119FFF6CB75C00080021F9225FAB88407553098633455B
10E27A17EE5381E8C111AB2F25C4CF2F6F8370DFFF119FFF6CB75C0007FE21F9225FAB884075630A8633455B
10E26E17EE5181E8BE11AB2A25C4CF2F7F8370DFFF119FFF6CB75B0007FE21F9225FAB884075530B8633455B
10E26A17EE4C81E8C111AB3325C4DB2F8F8370CFFF119FFF6CB75B00080021F9225FAB884075630C8633455B
10E26617EE4F81E8BA11AB3625C4E62F7F8470CFFF119FFF6CB75B00080021F9225FAB884075530D8633455B
10E26217EE5181E8C111AB2E25C4DD2F2F8770DFFF119FFF6CB75C00080021F9225FAB884075530E8633455B
10E26A17EE5581E8B711AB2B25C4D12EEF8C70CFFF119FFF6CB75C0007FE21F9225FAB884175530F8633455B
10E27217EE5281E8BA11AB1E25C4D52F2F8F70DFFF119FFF6CB75D00080021F9225FAB88407553108633455B
10E27217EE4881E8C111AB1B25C4EB2FDF9270CFFF119FFF6CB75D00080021F9225FAB88407553118633455B
10E27617EE4B81E8B711AB1A25C4E4302F8F70CFFF119FFF6CB75E00080021F9225FAB88407553128633455B
10E26B17EE4781E8C111AB1F25C4CD2FEF8B70CFFF119FFF6CB75D00080021F9225FAB88407553138633455B
10E27A17EE4981E8B211AB2225C4E02FAF8A70CFFF119FFF6CB75D00080021F9225FAB88407553148733455B
10E27A17EE4781E8BE11AB1B25C4DD2F6F8870CFFF119FFF6CB75D00080021F9225FAB88407563158733455B
10E26E17EE4681E8B211AB2225C4D82F2F8370CFFF119FFF6CB75D00080021F9225FAB88407553168733455B
10E25717EE4281E8BA11AB1B25C4D82EDF7C70CFFF119FFF6CB75C00080021F9225FAB88407553178733455B
10E26217EE4481E8BA11AB0E25C4C42E7F7570CFFF119FFF6CB75B00080021F9225FAB88407553188733455B
10E26E17EE3D81E8B711AB0F25C4CA2E7F7370CFFF119FFF6CB75B00080021F9225FAB88407553198733455B
10E28117EE4081E8BA11AB0A25C4DB2EBF7370CFFF119FFF6CB75900080021F9225FAB884075631A8733455B
10E29117EE4181E8B211AB0A25C4D32EDF6F70CFFF119FFF6CB75600080021F9225FAB884075531B8733455B
10E29C17EE4181E8B711AB0B25C4CF2EEF6D70CFFF119FFF6CB75500080021F9225FAB884075531C8733455B
10E29817EE4181E8BA11AB0E25C4C92EEF7370DFFF119FFF6CB7540007FE21F9225FAB884075531D8733455B
10E27D17EE4581E8B211AB1325C4D42EFF7C70DFFF119FFF6CB74F0007FE21F9225FAB884075631E8733455B
10E27D17EE4281E8B711AB0A25C4CB2EFF8370CFFF119FFF6CB74D0007FE21F9225FAB884075631F8733455B
10E28517EE4181E8B211AB1325C4CD2EFF8B70DFFF119FFF6CB74C0007FE21F9225FAB88407553208733455B
10E28917EE4D81E8B211AB0E25C4C92F2F9070DFFF119FFF6CB7480007FE21F9225FAB88407553218733455B
10E28517EE5181E8B211AB1325C4D32FCF9570DFFF119FFF6CB74500080021F9225FAB88407553228733455B
10E26A17EE4881E8B711AB1625C4D1311F9670DFFF119FFF6CB74500080021F9225FAB88407553238733455B
10E25F17EE4681E8B211AB1325C4C3318F9170DFFF119FFF6CB74400080021F9225FAB88407553248733455B
10E26E17EE4B81E8B211AB1225C4D7312F8E70DFFF119FFF6CB74200080021F9225FAB88407553258733455B
10E28117EE4481E8B011AB1725C4DA309F9170DFFF119FFF6CB7420007FE21F9225FAB88407553268733455B
10E29517EE4481E8B211AB1625C4C4300F8F70DFFF119FFF6CB74000080021F9225FAB88417553278733455B
10E29817EE4281E8B211AB1225C4B72F9F7F70DFFF119FFF6CB73F00080021F9225FAB88407553288733455B
10E29417EE4A81E8B711AB1725C4C22F7F7570DFFF119FFF6CB73F00080021F9225FAB88407553298733455B
10E29117EE4781E8AB11AB1A25C4C02F7F7270DFFF119FFF6CB73F00080021F9225FAB884075532A8733455B
10E28D17EE4681E8B211AB1725C4B72F4F7370DFFF119FFF6CB73E00080021F9225FAB884075532B8733455B
10E28D17EE4981E8B011AB1625C4BC2F3F7470DFFF119FFF6CB73D0007FE21F9225FAB884075532C8833455B
10E28917EE4881E8B211AB1B25C4C52F6F7670DFFF119FFF6CB73F00080021F9225FAB884075632D8833455B
10E28517EE4A81E8B211AB1A25C4CD2FBF7870DFFF119FFF6CB74000080021F9225FAB884075532E8833455B
10E27D17EE4781E8AB11AB1F25C4CF2F9F7770DFFF119FFF6CB7400007FE21F9225FAB884075532F8833455B
10E27A17EE4681E8B011AB1E25C4CF2F3F6D70DFFF119FFF6CB74100080021F9225FAB88407553308833455B
10E27217EE4B81E8B211AB1F25C4CF2EEF6E70DFFF119FFF6CB74300080021F9225FAB88407553318833455B
10E27617EE4781E8AB11AB2625C4CF2F0F7570DFFF119FFF6CB74300080021F9225FAB88407553328833455B
10E27217EE4281E8B011AB1F25C4CF2F3F7B70DFFF119FFF6CB7440007FE21F9225FAB88407563338833455B
10E26E17EE4581E8B211AB1A25C4C92F3F7A70DFFF119FFF6CB74600080021F9225FAB88407553348833455B
10E26A17EE4A81E8AB11AB2325C4B32F1F7570CFFF119FFF6CB7470007FE21F9225FAB88407553358833455B
10E25B17EE4781E8B011AB2625C4CD2F2F7570DFFF119FFF6CB74700080021F9225FAB88407563368833455B
10E25B17EE4981E8AB11AB1A25C4E42F8F7870DFFF119FFF6CB74A0007FE21F9225FAB88407563378833455B
10E25F17EE5081E8AB11AB2325C4D52F7F7B70CFFF119FFF6CB74B00080021F9225FAB88407553388833455B
10E26217EE5181E8B211AB2225C4C92F1F7C70CFFF119FFF6CB74B0007FE21F9225FAB88407553398833455B
10E25B17EE5181E8B011AB1B25C4CD2F0F7870DFFF119FFF6CB74F00080021F9225FAB884075533A8833455B
10E25B17EE4C81E8B211AB1E25C4D62F5F6D70CFFF119FFF6CB75100080021F9225FAB884075533B8833455B
10E24B17EE5081E8AB11AB1725C4D82F7F6870CFFF119FFF6CB75200080021F9225FAB884075633C8833455B
10E24017EE5581E8A811AB1A25C4D82F7F7170DFFF119FFF6CB7560007FE21F9225FAB884075533D8833455B
10E23817EE5A81E8B211AB2725C4C42F9F7770DFFF119FFF6CB75900080021F9225FAB884075433E8833455B
10E22D17EE5781E8AB11AB2A25C4C42F8F7670DFFF119FFF6CB75900080021F9225FAB884175533F8833455B
10E22917EE5381E8B011AB3725C4C02F8F7870DFFF119FFF6CB75D00080021F9225FAB88407553408833455B
10E22517EE5581E8B211AB3E25C4B12F7F7E70DFFF119FFF6CB76000080021F9225FAB88407553418833455B
10E21D17EE5281E8AB11AB4725C4A72F8F8370DFFF119FFF6CB7610007FE21F9225FAB88407553428833455B
10E21917EE4C81E8B011AB4A25C4B72FEF7E70DFFF119FFF6CA76200080021F9225FAB88407563438833455B
10E21217EE5881E8B211AB5B25C4C42FFF6C70DFFF119FFF6CB76300080021F9225FAB88407553448933455B
10E20717EE5C81E8AB11AB6725C4B32F9F6870DFFF119FFF6CB76300080021F9225FAB88407553458933455B
10E1FB17EE5F81E8B211AB6B25C4A62F4F7070DFFF119FFF6CB76500080021F9225FAB88407553468933455B
10E1EF17EE6281E8B011AB7325C4A42F1F7B70DFFF119FFF6CB76700080021F9225FAB88407553478933455B
10E1EF17EE5D81E8B211AB7B25C4A42F2F8470DFFF118FFF6CB76700080021F9225FAB88407563488933455B
10E1EB17EE5F81E8B211AB8325C49E2F3F8970DFFF119FFF6CB76900080021F9225FAB88407553498933455B
10E1EF17EE6181E8B011AB8325C4A92F6F8D70DFFF119FFF6CB76C00080021F9225FAB884075634A8933455B
10E1EF17EE6281E8B211AB9325C4A62F7F9070EFFF119FFF6CB76C00080021F9225FAB884075534B8933455B
10E1EF17EE5D81E8B211AB9725C4AA2F4F9270DFFF119FFF6CB76D00080021F9225FAB884075534C8933455B
10E1EF17EE5C81E8B011ABA325C4AD2EFF9270DFFF119FFF6CB76F0007FE21F9225FAB884075534D8933455B
10E1EF17EE5F81E8B211ABA325C4A02F0F8F70DFFF119FFF6CB77000080021F9225FAB884075534E8933455B
10E1EF17EE5E81E8B211ABA725C4A82F0F8870EFFF119FFF6CB7710007FE21F9225FAB884075534F8933455B
10E1EB17EE5781E8B011ABAB25C4A62F0F8670DFFF119FFF6CB77100080021F9225FAB88407563508933455B
10E1EC17EE5A81E8BA11ABAF25C4982F3F8770DFFF119FFF6CA7720007FE21F9225FAB88407553518933455B
10E1EB17EE5C81E8BA11ABAF25C4A62F7F8470DFFF119FFF6CB77200080021F9225FAB88407553528933455B
10E1EB17EE6181E8B211ABAF25C4A02FAF7C70DFFF119FFF6CB77100080021F9225FAB88407553538933455B
10E1E417EE5D81E8B711ABA325C4A22F9F7E70DFFF119FFF6CB77100080021F9225FAB88407553548933455B
10E1E417EE5781E8BA11AB9F25C49E2F6F8470DFFF119FFF6CB77100080021F9225FAB88407553558933455B
10E1DC17EE5381E8B211AB9B25C49C2F4F8470EFFF119FFF6CB77000080021F9225FAB88407553568933455B
10E1D817EE5581E8B711AB9B25C49C2F5F7870EFFF119FFF6CB77000080021F9225FAB88417553578933455B
10E1D417EE5681E8BA11AB9325C4A22F5F6E70EFFF119FFF6CB76F00080021F9225FAB88407563588933455B
10E1D417EE5281E8BA11AB9325C49E2F3F6E70EFFF119FFF6CB76E0007FE21F9225FAB88407553598933455B
10E1C917EE5181E8B711AB9325C49C2F6F7770EFFF119FFF6CB76D00080021F9225FAB884075635A8933455B
10E1C917EE5181E8C111AB9B25C4952FDF8270EFFF119FFF6CB76D00080021F9225FAB884075535B8933455B
10E1D017EE5181E8BA11ABA725C493301F8270EFFF119FFF6CA76B0007FE21F9225FAB884075635C8A33455B
10E1DC17EE4C81E8BA11ABAF25C486301F7870EFFF119FFF6CB7690007FE21F9225FAB884075535D8A33455B
10E1E117EE5481E8BE11ABBB25C495300F7770EFFF119FFF6CB76800080021F9225FAB884075535E8A33455B
10E1E717EE5281E8C111ABB325C4A22FFF7B70EFFF119FFF6CB76700080021F9225FAB884075535F8A33455B
10E1F317EE5181E8BA11ABB725C4A42FEF8370EFFF119FFF6CB76400080021F9225FAB88407553608A33455B
10E1FB17EE5181E8C611ABB325C49E2F8F8670EFFF119FFF6CB7640007FE21F9225FAB88407553618A33455B
10E1FF17EE5181E8C111AB9B25C4952EFF8470EFFF119FFF6CB76400080021F9225FAB88407553628A33455B
10E1FF17EE4981E8BA11AB8725C4932EFF8670FFFF119FFF6CB7630007FE21F9225FAB88407553638A33455B
10E20617EE4E81E8C611AB8325C4992F7F8C70EFFF119FFF6CB76300080021F9225FAB88407563648A33455B
10E1FF17EE4C81E8C111AB7325C4B52FFF8B70EFFF119FFF6CB76400080021F9225FAB88407563658A33455B
10E1FF17EE4C81E8C111AB6325C4B8300F8570EFFF119FFF6CB76500080021F9225FAB88407563668A33455B
10E20217EE4B81E8C811AB5B25C4A82F9F8470DFFF119FFF6CB76600080021F9225FAB88407553678A33455B
10E20617EE4B81E8C611AB5725C4A42F7F8870EFFF119FFF6CB7660007FE21F9225FAB88407553688A33455B
10E20E17EE4881E8C811AB5B25C4A42FDF8970EFFF119FFF6CB76700080021F9225FAB88407553698A33455B
10E20F17EE4A81E8C811AB5B25C4B72FFF8870EFFF119FFF6CB76800080021F9225FAB884075536A8A33455B
10E21217EE4781E8C611AB5725C4C42FAF8B70EFFF119FFF6CB76800080021F9225FAB884075536B8A33455B
10E21617EE4681E8C811AB4725C4B32F3F8970EFFF119FFF6CB76A00080021F9225FAB884075536C8A33455B
10E21917EE4B81E8C811AB3E25C4AD2F0F8170EFFF119FFF6CB76C00080021F9225FAB884075536D8A33455B
10E21217EE4B81E8CD11AB3325C4BA2F3F8470EFFF119FFF6CB76C00080021F9225FAB884075536E8A33455B
10E21217EE4B81E8D011AB3225C4B72F7F8C70FFFF119FFF6CB76C0007FE21F9225FAB884175636F8A33455B
10E20E17EE4B81E8C811AB0F25C4AF2F6F8C70FFFF119FFF6CB76C00080021F9225FAB88407553708A33455B
10E21217EE5081E8D011AAFE25C4C62F6F8A70FFFF119FFF6CB76C00080021F9225FAB88407553718A33455B
10E21917EE5181E8CD11AAFF25C4C92F6F8B70FFFF119FFF6CB76C00080021F9225FAB88407553728A33455B
10E20617EE4C81E8D011AAF625C4AC2F8F8D70FFFF119FFF6CB76B00080021F9225FAB88407553738A33455B
10E1F317EE4F81E8D011AAFA25C4A42FBF8C70FFFF119FFF6CB76B00080021F9225FAB88407553748B33455B
10E1E717EE5181E8D511AAEF25C4AB2FFF8770FFFF119FFF6CB76C0007FE21F9225FAB88407553758B33455B
10E1D917EE5181E8C811AAEA25C4C0300F8170FFFF119FFF6CB76E0007FE21F9225FAB88407553768B33455B
10E1E717EE4C81E8D711AAE325C4C0305F7B70FFFF119FFF6CB76E00080021F9225FAB88407553778B33455B
10E1F717EE4F81E8D511AAD625C4BE301F7670FFFF119FFF6CB76E00080021F9225FAB88407553788B33455B
10E1FB17EE5181E8D011AACF25C4C42FDF7270FFFF119FFF6CB77000080021F9225FAB88407553798B33455B
10E1E717EE4C81E8D011AAC525C4C72FDF6770FFFF119FFF6CB77000080021F9225FAB884075537A8B33455B
10E1E417EE4F81E8D711AAC725C4D9300F6870FFFF119FFF6CB77100080021F9225FAB884075537B8B33455B
10E1D817EE5181E8DC11AABD25C4D42FDF7170FFFF119FFF6CB77200080021F9225FAB884075537C8B33455B
10E1CD17EE4C81E8D011AAB525C4CF2F8F7470FFFF119FFF6CB77200080021F9225FAB884075537D8B33455B
10E1C917EE5381E8D711AAB625C4C22F5F7C70FFFF119FFF6CB77300080021F9225FAB884075637E8B33455B
10E1C917EE4D81E8DC11AAB525C4DE2F3F81710FFF119FFF6CB77400080021F9225FAB884075537F8B33455B
10E1D417EE5081E8D711AAAA25C4EF2F6F8570FFFF119FFF6CB77400080021F9225FAB88407553808B33455B
10E1D817EE5581E8D711AAA525C4F22F7F8870FFFF119FFF6CA7740007FE21F9225FAB88407553818B33455B
10E1D017EE5281E8D511AA9E25C4D72F2F8970FFFF119FFF6CB77500080021F9225FAB88407553828B33455B
10E1CE17EE5981E8DF11AAA125C4D62F3F8870FFFF119FFF6CB77600080021F9225FAB88407563838B33455B
10E1C517EE5981E8D711AA9E25C4FE2F8F7F70FFFF119FFF6CB77600080021F9225FAB88407563848B33455B
10E1BD17EE5B81E8D711AAA125C4F82FAF7A70FFFF119FFF6CB77600080021F9225FAB88407553858B33455B
10E1B217EE6481E8DC11AAA125C4E42FDF8070FFFF119FFF6CB77700080021F9225FAB88407553868B33455B
10E1AA17EE6A81E8D711AA9625C4C6307F8970FFFF119FFF6CB7760007FE21F9225FAB88417553878B33455B
10E1A617EE6581E8DF11AA9925C4D1314F8C70FFFF119FFF6CB77900080021F9225FAB88407553888B33455B
10E19E17EE6681E8D511AA9625C4FE31AF8C70EFFF118FFF6CB77A0007FE21F9225FAB88407563898B33455B
10E19E17EE6A81E8DF11AA9925C50B314F8F70EFFF119FFF6CB77A00080021F9225FAB884075538A8B33455B
10E19B17EE7081E8D711AA8E25C4F9302F9370EFFF119FFF6CB77B00080021F9225FAB884075538B8B33455B
10E19317EE7B81E8DC11AA8D25C4DE2F7F8F70EFFF119FFF6CB77D0007FE21F9225FAB884075538C8C33455B
10E19317EE7D81E8DF11AA8A25C4D82FBF8B70EFFF119FFF6CB77D00080021F9225FAB884075638D8C33455B
10E19717EE7481E8D711AA8D25C4E4304F8970EFFF119FFF6CB77E00080021F9225FAB884075638E8C33455B
10E19B17EE6A81E8DF11AA8D25C4F530DF8D70EFFF119FFF6CA78000080021F9225FAB884075638F8C33455B
10E1B517EE5F81E8D511AA8A25C4FA313F9370DFFF119FFF6CB7800007FE21F9225FAB88407563908C33455B
10E1CD17EE5C81E8DF11AA9125C4ED311F9770DFFF119FFF6CB78000080021F9225FAB88407553918C33455B
10E1D517EE5C81E8DF11AA9225C4E930DF9870DFFF119FFF6CB78000080021F9225FAB88407553928C33455B
10E1D417EE5481E8D511AA9125C4E3308F9470DFFF119FFF6CB78000080021F9225FAB88407563938C33455B
10E1D417EE5181E8DF11AA9225C4ED305F8F70CFFF119FFF6CB77F00080021F9225FAB88407553948C33455B
10E1D017EE5181E8D711AA9925C4F8304F8D70CFFF119FFF6CB77E0007FE21F9225FAB88407553958C33455B
10E1D817EE5181E8DC11AAA225C4E62FFF8F70CFFF119FFF6CB77E00080021F9225FAB88407563968C33455B
10E1D817EE4981E8D711AA9D25C4DA2F8F9270CFFF119FFF6CB77D0007FE21F9225FAB88407553978C33455B
10E1DC17EE4E81E8D711AA9D25C4D12F9F9270CFFF119FFF6CB77C00080021F9225FAB88407563988C33455B
10E1E017EE4881E8D711AA9A25C4E92FBF9070CFFF119FFF6CB77B00080021F9225FAB88407553998C33455B
10E1E017EE4281E8DC11AA9D25C4EB2FCF8C70BFFF119FFF6CB77B00080021F9225FAB884075539A8C33455B
10E1E017EE4581E8D011AAAA25C4F02FBF8770BFFF119FFF6CB7770007FE21F9225FAB884075539B8C33455B
10E1E417EE4681E8DF11AAAD25C4EB2F8F8670BFFF119FFF6CB7760007FE21F9225FAB884075539C8C33455B
10E1E417EE4681E8D511AAAA25C4EF2F7F8B70BFFF119FFF6CB7750007FE21F9225FAB884075539D8C33455B
10E1E517EE4681E8D011AAAD25C4F82FCF8D70BFFF119FFF6CB77200080021F9225FAB884075539E8C33455B
10E1F317EE4281E8D711AAB225C4FA2FFF8E70BFFF119FFF6CB77000080021F9225FAB884175639F8C33455B
10E20217EE3C81E8D711AAA925C4FA2FFF9170BFFF119FFF6CB7700007FE21F9225FAB88407553A08C33455B
10E20E17EE3B81E8D511AAA925C5002FDF9470BFFF119FFF6CB76E0007FE21F9225FAB88407553A18C33455B
10E21617EE4481E8D011AAA225C4F6300F9670BFFF119FFF6CB76D00080021F9225FAB88407563A28C33455B
10E22517EE3E81E8D011AAA125C4F8301F9170BFFF119FFF6CB76D00080021F9225FAB88407553A38C33455B
10E23017EE3B81E8D511AAA625C501301F7C70BFFF119FFF6CB76B0007FE21F9225FAB88407563A48D33455B
10E22D17EE3F81E8D011AAAD25C515301F7570BFFF119FFF6CB76A0007FE21F9225FAB88407553A58D33455B
10E23017EE3E81E8D011AAAE25C4F52FEF7E70BFFF119FFF6CB76900080021F9225FAB88407553A68D33455B
10E23017EE3B81E8CD11AAA925C4EF2FAF8770BFFF119FFF6CB76800080021F9225FAB88407563A78D33455B
10E22917EE3F81E8C811AAA225C4F82F9F8970CFFF119FFF6CB76600080021F9225FAB88407563A88D33455B
10E22D17EE4481E8D011AA9D25C5062FDF8B70CFFF119FFF6CB76500080021F9225FAB88407553A98D33455B
10E22617EE4381E8C811AA9525C5052FDF8B70CFFF119FFF6CB76500080021F9225FAB88407563AA8D33455B
10E22517EE4181E8CD11AA9225C4F72FDF8B70CFFF119FFF6CB7650007FE21F9225FAB88407563AB8D33455B
10E22517EE4481E8C811AA9D25C4FF2FDF8770CFFF119FFF6CB76500080021F9225FAB88407553AC8D33455B
10E22117EE4681E8C811AA9E25C4F62FEF8570DFFF119FFF6CB76500080021F9225FAB88407553AD8D33455B
10E21917EE4381E8C611AA9925C4E42FDF8770DFFF119FFF6CB76600080021F9225FAB88407553AE8D33455B
10E21D17EE4581E8C811AA9E25C4D32F9F8870DFFF119FFF6CB76700080021F9225FAB88407553AF8D33455B
10E21217EE4281E8C111AAA925C4DB2F8F7D70DFFF119FFF6CB76700080021F9225FAB88407563B08D33455B
10E20E17EE4481E8C611AAA225C4E62FAF6F70DFFF119FFF6CA76700080021F9225FAB88407563B18D33455B
10E20217EE4681E8C111AAAD25C4D62F9F6B70DFFF119FFF6CB76800080021F9225FAB88407553B28D33455B
10E1FF17EE4681E8C111AAAD25C4D62F7F7370DFFF119FFF6CB76800080021F9225FAB88407563B38D33455B
10E1FF17EE4681E8C111AAAA25C4D12F8F7D70DFFF119FFF6CB76900080021F9225FAB88407563B48D33455B
10E1F817EE4681E8BE11AAA925C4CF2FBF7F70DFFF119FFF6CB7690007FE21F9225FAB88407553B58D33455B
10E1F717EE4681E8C111AAA625C4C92FCF8270DFFF119FFF6CB76900080021F9225FAB88407553B68D33455B
10E1F317EE4681E8BA11AAA925C4C72FAF8970DFFF119FFF6CB76900080021F9225FAB88417553B78D33455B
10E1EF17EE4681E8BE11AAA625C4B92F8F9070DFFF119FFF6CB76A00080021F9225FAB88407563B88D33455B
10E1EB17EE4381E8BA11AAA925C4C22FCF9370EFFF119FFF6CB76A0007FE21F9225FAB88407563B98D33455B
10E1E017EE4881E8BA11AAAA25C4C1302F9570DFFF119FFF6CA76A00080021F9225FAB88407563BA8D33455B
10E1DC17EE4B81E8BE11AAAD25C4BE304F9470DFFF119FFF6CB76B00080021F9225FAB88407553BB8D33455B
10E1D817EE4781E8B211AAAD25C4B1300F8A70EFFF119FFF6CB76B00080021F9225FAB88407553BC8E33455B
10E1D817EE4B81E8BA11AAB225C4C62FFF8070DFFF119FFF6CB76C00080021F9225FAB88407563BD8E33455B
10E1D417EE4B81E8B011AAAD25C4C2301F8070EFFF119FFF6CB76D00080021F9225FAB88407553BE8E33455B
10E1D017EE4781E8BA11AAB225C4B12FFF7E70EFFF119FFF6CB76E00080021F9225FAB88407553BF8E33455B
10E1CD17EE4981E8B211AAB925C4A02F8F7F70EFFF119FFF6CB76D00080021F9225FAB88407553C08E33455B
10E1CD17EE5081E8B211AABE25C4A92F6F8170EFFF119FFF6CB76E0007FE21F9225FAB88407553C18E33455B
10E1CE17EE4981E8B011AAC925C4BA2FCF8570FFFF119FFF6CB76D00080021F9225FAB88407553C28E33455B
10E1C917EE4981E8AB11AAC725C4BE2FDF8570FFFF119FFF6CB76E00080021F9225FAB88407563C38E33455B
10E1C917EE4B81E8B211AABD25C4B12F7F8770FFFF119FFF6CB76F0007FE21F9225FAB88407553C48E33455B
10E1CD17EE4C81E8B011AAC125C4B32F5F8B710FFF119FFF6CB77000080021F9225FAB88407563C58E33455B
10E1C117EE5081E8AB11AABE25C4B52FAF90710FFF119FFF6CB77000080021F9225FAB88407563C68E33455B
10E1C117EE5181E8AB11AAC125C4BB301F92710FFF119FFF6CB7700007FE21F9225FAB88407563C78E33455B
10E1BD17EE4C81E8B011AAD325C4AB309F92710FFF119FFF6CB77000080021F9225FAB88407553C88E33455B
10E1C517EE4C81E8A311AAE225C4A430EF93710FFF119FFF6CB77000080021F9225FAB88407563C98E33455B
10E1CD17EE4B81E8AB11AAEF25C49E312F8C711FFF119FFF6CB77000080021F9225FAB88407563CA8E33455B
10E1D017EE4B81E8AB11AAF625C4B5312F80711FFF119FFF6CB7700007FE21F9225FAB88407563CB8E33455B
10E1D817EE4C81E8A811AAFB25C4AA30CF7B711FFF119FFF6CB77000080021F9225FAB88407563CC8E33455B
10E1DC17EE4B81E8A311AB0A25C490302F71711FFF119FFF6CB7720007FE21F9225FAB88407553CD8E33455B
10E1E017EE4781E8AB11AB0B25C4A42FFF5B711FFF119FFF6CB7730007FE21F9225FAB88407553CE8E33455B
10E1DD17EE4681E8A811AB1625C4B92FFF59712FFF119FFF6CB77300080021F9225FAB88417563CF8E33455B
10E1E017EE4681E8A311AB1225C4C52FCF68712FFF119FFF6CB77600080021F9225FAB88407563D08E33455B
10E1D017EE4E81E8A311AB0F25C4B32F6F75712FFF119FFF6CB77800080021F9225FAB88407563D18E33455B
10E1D417EE4881E8A111AB0A25C4A02F3F7E712FFF119FFF6CB77800080021F9225FAB88407563D28E33455B
10E1DC17EE4981E8AB11AB0B25C4AE2F7F7C712FFF119FFF6CB77900080021F9225FAB88407563D38E33455B
10E1E417EE4C81E8A311AB0E25C4B52FCF6D712FFF119FFF6CB77B0007FE21F9225FAB88407563D48F33455B
10E1E417EE4B81E8A111AB1725C4A22FCF54712FFF119FFF6CB77B00080021F9225FAB88407563D58F33455B
10E1E017EE4B81E8A311AB2225C4952F6F51712FFF119FFF6CB77B00080021F9225FAB88407563D68F33455B
10E1D817EE4781E89C11AB2B25C4A02F6F62712FFF119FFF6CB77B00080021F9225FAB88407563D78F33455B
10E1D417EE4681E8A311AB2A25C4B72F8F70712FFF119FFF6CB77B00080021F9225FAB88407563D88F33455B
10E1D017EE4681E8A111AB2B25C4AA2F9F71712FFF119FFF6CB77B00080021F9225FAB88407553D98F33455B
10E1D817EE4681E8A311AB2625C4AA2FAF71711FFF119FFF6CB77A00080021F9225FAB88407553DA8F33455B
10E1E017EE4281E89C11AB2B25C4AD2FDF74711FFF119FFF6CB77A0007FE21F9225FAB88407553DB8F33455B
10E1FC17EE4181E8A111AB2A25C4AD307F77711FFF119FFF6CB7790007FE21F9225FAB88407553DC8F33455B
10E23017EE3C81E8A311AB1E25C4AD313F7B711FFF119FFF6CB77800080021F9225FAB88407563DD8F33455B
10E26217EE3F81E8A311AB1325C4A1317F4B711FFF119FFF6CB77700080021F9225FAB88407553DE8F33455B
10E26E17EE3E81E8A111AB0225C4A9315F2F711FFF119FFF6CB77700080021F9225FAB88407553DF8F33455B
10E25F17EE3B81E89C11AAF325C4B3310F45710FFF119FFF6CB77500080021F9225FAB88407553E08F33455B
10E25B17EE3F81E8A311AAF625C4A8308F61710FFF119FFF6CB7750007FE21F9225FAB88407563E18F33455B
10E25317EE3C81E8A111AAFB25C49E301F48710FFF119FFF6CB77500080021F9225FAB88407553E28F33455B
10E24417EE4481E8A311AB0225C4A2300F2E710FFF119FFF6CB77500080021F9225FAB88407553E38F33455B
10E23C17EE3E81E89C11AB1B25C4A42FFF3C710FFF119FFF6CB77400080021F9225FAB88407563E48F33455B
10E22D17EE4781E8A311AB2625C49E2FAF55710FFF119FFF6CB77400080021F9225FAB88407553E58F33455B
10E22117EE4781E8A111AB2B25C48E2F4F6A70FFFF119FFF6CA77300080021F9225FAB88407553E68F33455B
10E21317EE4B81E8A311AB2E25C4972F3F7370FFFF119FFF6CB77300080021F9225FAB88417553E78F33455B
10E21217EE4481E8A311AB3B25C49C2F6F7B70FFFF119FFF6CA77300080021F9225FAB88407553E88F33455B
10E20E17EE4181E8A111AB4625C4A22F9F7E70FFFF119FFF6CB77400080021F9225FAB88407563E98F33455B
10E20A17EE4481E8A311AB4625C4972F8F7870FFFF119FFF6CA7730007FE21F9225FAB88407553EA8F33455B
10E20A17EE4681E8A311AB4B25C4932F7F7A70EFFF119FFF6CB77400080021F9225FAB88407553EB8F33455B
10E20217EE4681E8A811AB4E25C48D2FAF8270FFFF119FFF6CA77300080021F9225FAB88407553EC9033455B
10E1FB17EE4681E89C11AB4F25C4912FCF8B70FFFF119FFF6CB77200080021F9225FAB88407553ED9033455B
10E1F317EE4281E8AB11AB5B25C4722FBF8F70EFFF119FFF6CB77100080021F9225FAB88407553EE9033455B
10E1E717EE4D81E8A111AB6725C4742FBF8D70EFFF119FFF6CB77100080021F9225FAB88407563EF9033455B
10E1E017EE4581E8AB11AB6B25C47F302F8670EFFF119FFF6CB77100080021F9225FAB88407553F09033455B
10E1E017EE4881E8A311AB6F25C488308F8370FFFF119FFF6CB77100080021F9225FAB88407553F19033455B
10E1DC17EE4B81E8AB11AB6325C49D306F8370FFFF119FFF6CB77100080021F9225FAB88407563F29033455B
10E1D517EE4C81E8A811AB5B25C4912FFF8470FFFF119FFF6CB77200080021F9225FAB88407553F39033455B
10E1D017EE4781E8AB11AB5B25C4912FAF7E70EFFF119FFF6CB77200080021F9225FAB88407563F49033455B
10E1CD17EE4681E8AB11AB4B25C4862F9F7A70EFFF119FFF6CB77200080021F9225FAB88407563F59033455B
10E1D017EE4B81E8B011AB4625C48E2FDF7C70FFFF119FFF6CB77300080021F9225FAB88407563F69033455B
10E1CD17EE4481E8AB11AB3F25C4AC2FEF8170FFFF119FFF6CB77300080021F9225FAB88407553F79033455B
10E1CD17EE4D81E8AB11AB4625C4A22FCF8970EFFF119FFF6CB77500080021F9225FAB88407563F89033455B
10E1D017EE4C81E8B011AB5725C48E2F5F8F70EFFF119FFF6CB77900080021F9225FAB88407553F99033455B
10E1D417EE4881E8AB11AB5725C4842F3F8F70EFFF119FFF6CB77B00080021F9225FAB88407553FA9033455B
10E1D417EE4A81E8B211AB5725C4952F8F8D70EFFF119FFF6CB77C00080021F9225FAB88407563FB9033455B
10E1DC17EE4781E8B711AB4E25C4A82FFF8970EFFF119FFF6CB77F00080021F9225FAB88407563FC9033455B
10E1E717EE4281E8AB11AB4625C4802FCF8A70EFFF119FFF6CB78100080021F9225FAB88407553FD9033455B
10E1EB17EE4581E8BA11AB3725C46A2F5F8E70EFFF119FFF6CA7810007FE21F9225FAB88407553FE9033455B
10E1FB17EE4681E8B211AB2E25C4952F4F8C70EFFF119FFF6CB78300080021F9225FAB87417563FF9033455B
10E1FC17EE4281E8B011AB2F25C4B02FAF8270EFFF119FFF6CB7850007FE21F9225FAB87407563009033455B
10E20617EE4481E8BA11AB2E25C4A92F7F8270EFFF119FFF6CB78400080021F9225FAB87407553019033455B
10E20617EE4381E8BA11AB2F25C49E2F0F8970EFFF119FFF6CA78600080021F9225FAB87407553029033455B
10E20A17EE4181E8B711AB3225C4952EFF8F70EFFF119FFF6CB78700080021F9225FAB87407553039033455B
10E20617EE4481E8B211AB3725C49F2F5F9570EFFF119FFF6CA7880007FE21F9225FAB87407563049133455B
10E20617EE4281E8BA11AB3625C4AA2F9F9970EFFF119FFF6CB78800080021F9225FAB87407563059133455B
10E20217EE4181E8BE11AB3F25C4992F9F9A70EFFF119FFF6CB78700080021F9225FAB87407563069133455B
10E20217EE4181E8BA11AB4225C4992F6F9A70EFFF119FFF6CB78700080021F9225FAB87407553079133455B
10E20A17EE4481E8C111AB3725C49C2F7F9670EFFF119FFF6CB78600080021F9225FAB87407553089133455B
10E21617EE4281E8BA11AB4225C4952F8F8F70EFFF119FFF6CB78500080021F9225FAB87407553099133455B
10E21617EE4181E8C611AB3B25C4932F8F8D70EFFF119FFF6CA78500080021F9225FAB874075530A9133455B
10E21617EE4581E8C111AB4625C47F2F8F8F70EFFF119FFF6CB78300080021F9225FAB874075530B9133455B
10E22217EE3D81E8C111AB4E25C48C2FCF8B70EFFF119FFF6CA78000080021F9225FAB874075630C9133455B
10E22917EE3881E8BE11AB5725C4A6300F7970EFFF119FFF6CB77F00080021F9225FAB874075630D9133455B
10E22D17EE3E81E8C111AB5B25C4A0300F7270DFFF119FFF6CA77E00080021F9225FAB874075530E9133455B
10E22D17EE4481E8C811AB6325C48F2F8F7670DFFF119FFF6CB77C00080021F9225FAB874075530F9133455B
10E22917EE4981E8C611AB5F25C48A2F0F7E70DFFF119FFF6CB77B00080021F9225FAB87407553109133455B
10E22117EE4881E8C811AB6325C49D2F1F8270EFFF119FFF6CB77A00080021F9225FAB87407563119133455B
10E21217EE4E81E8C111AB6B25C49E2F6F8370EFFF119FFF6CA7790007FE21F9225FAB87407553129133455B
10E20E17EE5181E8C811AB6325C48E2F4F8470EFFF119FFF6CB77800080021F9225FAB87407553139133455B
10E20217EE5181E8C611AB4A25C4972F1F8170EFFF119FFF6CB77800080021F9225FAB87407563149133455B
10E1FB17EE5181E8D011AB3F25C48E2F4F7F70EFFF119FFF6CB77600080021F9225FAB87407563159133455B
10E1FB17EE4C81E8C811AB2625C4A52F8F8370DFFF119FFF6CB77600080021F9225FAB87407553169133455B
10E20017EE4F81E8CD11AB1F25C4AD2FBF8670DFFF119FFF6CB77600080021F9225FAB87417553179133455B
10E20617EE4881E8C811AB2A25C4A02F8F8770DFFF119FFF6CB77700080021F9225FAB87407553189133455B
10E21617EE4381E8D011AB1F25C48E2F3F8670DFFF119FFF6CB7780007FE21F9225FAB87407553199133455B
10E21217EE4581E8CD11AAFE25C49D2F3F8270DFFF119FFF6CA77800080021F9225FAB874075631A9133455B
10E20E17EE4681E8D011AAE625C4A42F6F8170EFFF119FFF6CA77A00080021F9225FAB874075631B9133455B
10E21217EE4281E8C811AAE725C4BE2FAF7E70EFFF11AFFF6CA77C00080021F9225FAB874075631C9233455B
10E21D17EE4181E8D011AAE225C4AD2FBF7770EFFF119FFF6CB77C00080021F9225FAB874075531D9233455B
10E22117EE3C81E8CD11AADF25C4AB2F5F6D70EFFF119FFF6CB77C0007FE21F9225FAB874075631E9233455B
10E21D17EE3F81E8D711AAD225C4A02F4F6F70EFFF119FFF6CB77C00080021F9225FAB874075631F9233455B
10E21617EE4181E8D011AAD725C4C22FBF7970FFFF119FFF6CB77D0007FE21F9225FAB87407563209233455B
10E21617EE3E81E8CD11AADA25C4C2303F8470FFFF119FFF6CA77C00080021F9225FAB87407563219233455B
10E21217EE4081E8D011AAE325C4A4302F8A70EFFF119FFF6CB77B00080021F9225FAB87407553229233455B
10E20F17EE4181E8D711AAEE25C49C2FEF8A70EFFF119FFF6CB77B0007FE21F9225FAB87407553239233455B
10E20A17EE4581E8CD11AAEB25C4BC2FEF8A70FFFF119FFF6CA77B0007FE21F9225FAB87407563249233455B
10E1FB17EE4E81E8D011AAEA25C4B4301F8A70FFFF119FFF6CA77B0007FE21F9225FAB87407563259233455B
10E1EF17EE4881E8D011AAEA25C4AD301F8970FFFF119FFF6CB77B00080021F9225FAB87407553269233455B
10E1EB17EE4981E8D711AAEB25C4B3303F8A70FFFF119FFF6CB77B00080021F9225FAB87407553279233455B
10E1DC17EE5081E8CD11AAE625C4BB307F8D710FFF119FFF6CB77A00080021F9225FAB87407563289233455B
10E1DC17EE5181E8D711AADB25C4BE306F8D70FFFF119FFF6CB77A0007FE21F9225FAB87407553299233455B
10E1E017EE5181E8D011AADE25C4B1303F8B70FFFF119FFF6CB77A0007FE21F9225FAB874075632A9233455B
10E1E717EE4581E8D511AAD725C4B3301F8F70FFFF11AFFF6CB77B00080021F9225FAB874075632B9233455B
10E1F317EE4581E8D011AAD225C4BC304F9270FFFF119FFF6CB77C00080021F9225FAB874075632C9233455B
10E1F317EE4281E8D011AAD725C4BE305F8C70FFFF119FFF6CB77C00080021F9225FAB874075632D9233455B
10E1FB17EE4181E8D511AAD625C4BE301F7F710FFF119FFF6CB77D00080021F9225FAB874075532E9233455B
10E1F817EE4181E8D011AADB25C4B72FDF7E710FFF119FFF6CB77E00080021F9225FAB874175532F9233455B
10E1F317EE3E81E8D711AADE25C42D2FCF7F710FFF119FFF6CB77E00080021F9225FAB87407553309233455B
10E1F717EE4081E8D011AADE25C4142FCF7E710FFF119FFF6CB77E0007FE21F9225FAB87407553319233455B
10E1F717EE4181E8D511AADB25C4882FCF7B710FFF119FFF6CB77F00080021F9225FAB87407563329233455B
10E1FB17EE4181E8D011AAE625C4AD2FCF76710FFF119FFF6CB77F0007FE21F9225FAB87407563339233455B
10E1F717EE4181E8D011AAE725C4B32FBF75710FFF119FFF6CB7800007FE21F9225FAB87407553349333455B
10E1F717EE3C81E8CD11AADA25C4AF2FBF7B710FFF119FFF6CB78100080021F9225FAB87407563359333455B
10E1FF17EE3B81E8D711AADF25C4C02FBF82710FFF119FFF6CB78200080021F9225FAB87407563369333455B
10E1FB17EE3B81E8C811AAE625C4C02F8F87710FFF118FFF6CA7830007FE21F9225FAB87407553379333455B
10E1FF17EE3C81E8D511AAE725C4BE2F4F89710FFF119FFF6CA78400080021F9225FAB87407563389333455B
10E1FF17EE4081E8D011AAE225C4B72F0F8B70FFFF119FFF6CB78500080021F9225FAB87407553399333455B
10E1F717EE4181E8D011AAE725C4B52F0F8B70FFFF119FFF6CB7850007FE21F9225FAB874075533A9333455B
10E1FC17EE4181E8D011AAEE25C4B52F2F8C70FFFF118FFF6CB78500080021F9225FAB874075633B9333455B
10E1F717EE4181E8CD11AAF225C4C82F4F8670FFFF119FFF6CB78500080021F9225FAB874075633C9333455B
10E1FB17EE4181E8C811AAF325C4CF2F5F7970FFFF119FFF6CB78400080021F9225FAB874075633D9333455B
10E20617EE3C81E8D011AAF225C4BB2F1F7670FFFF119FFF6CB78300080021F9225FAB874075533E9333455B
10E22D17EE3881E8CD11AAF325C4C82EDF7E70EFFF119FFF6CB7820007FE21F9225FAB874075533F9333455B
10E25B17EE3181E8C811AAEA25C4CF2F3F8770EFFF118FFF6CB78200080021F9225FAB87407563409333455B
10E27617EE3081E8D011AAF325C4C22F5F8D70EFFF119FFF6CA78000080021F9225FAB87407553419333455B
10E27D17EE2C81E8CD11AAF225C4C52F0F8E70EFFF119FFF6CB77F0007FE21F9225FAB87407563429333455B
10E27217EE3081E8C811AAFB25C4C02EDF8E70EFFF119FFF6CA77F00080021F9225FAB87407553439333455B
10E26217EE3081E8C811AAFE25C4B12ECF8C70EFFF118FFF6CB77D0007FE21F9225FAB87407563449333455B
10E25B17EE3081E8C811AAFF25C4B92EEF8570EFFF119FFF6CA77C0007FE21F9225FAB87407563459333455B
10E25F17EE3081E8CD11AAFE25C4B12F2F7D70EFFF118FFF6CB77C0007FE21F9225FAB87407553469333455B
10E25F17EE3581E8C111AAFE25C4B92F5F7670EFFF119FFF6CB77900080021F9225FAB87417563479333455B
10E25717EE3181E8C811AAFF25C4C42F9F7570EFFF118FFF6CA77800080021F9225FAB87407563489333455B
10E24F17EE3481E8CD11AAFE25C4C72FCF7C70EFFF118FFF6CB7770007FE21F9225FAB87407553499333455B
10E24417EE3681E8C811AB0325C4B92FCF8270EFFF119FFF6CB77500080021F9225FAB874075534A9333455B
10E23817EE3381E8C111AB0A25C4B52F7F8070EFFF119FFF6CB77300080021F9225FAB874075534B9333455B
10E23C17EE3081E8C611AB0325C4BB2F4F7D70EFFF119FFF6CB7730007FE21F9225FAB874075634C9433455B
10E23C17EE3481E8C111AB0625C4B72F6F8170FFFF119FFF6CB77100080021F9225FAB874075534D9433455B
10E23417EE3E81E8C111AB0725C4B52F5F8770EFFF119FFF6CB77100080021F9225FAB874075534E9433455B
10E23417EE3981E8C811AB0E25C4A82F2F8870EFFF118FFF6CB77100080021F9225FAB874075534F9433455B
10E23017EE3E81E8BE11AB0B25C4A42F0F8B70EFFF119FFF6CB77000080021F9225FAB87407553509433455B
10E23517EE3C81E8C111AB0E25C4AB2F1F8D70FFFF119FFF6CB76F00080021F9225FAB87407563519433455B
10E22D17EE3B81E8C111AB0B25C4A62F4F8C70FFFF118FFF6CB76E0007FE21F9225FAB87407553529433455B
10E21917EE3C81E8C611AB1225C4AA2F7F8A70EFFF118FFF6CA76D00080021F9225FAB87407563539433455B
10E21617EE4381E8C111AB0E25C4A02F8F8870EFFF118FFF6CA76C00080021F9225FAB87407563549433455B
10E21217EE4281E8BA11AB1325C49C2F6F8570EFFF119FFF6CA76C00080021F9225FAB87407563559433455B
10E21217EE4581E8BE11AB0E25C4A82F3F7D70EFFF119FFF6CB76C0007FE21F9225FAB87407563569433455B
10E20617EE4281E8C111AB0F25C4A12F0F7470EFFF119FFF6CB76D00080021F9225FAB87407563579433455B
10E1FF17EE4181E8BA11AB0E25C4A92F1F7470EFFF119FFF6CB76D00080021F9225FAB87407563589433455B
10E20617EE4481E8C111AB0F25C4A02F8F7B70EFFF119FFF6CB76E00080021F9225FAB87407563599433455B
10E20617EE4381E8B711AB0E25C4A82FEF8070EFFF119FFF6CB77100080021F9225FAB874075635A9433455B
10E20617EE3C81E8BA11AB0F25C4A62FEF7F70FFFF119FFF6CB77300080021F9225FAB874075535B9433455B
10E20017EE4381E8C111AB0E25C49E2FAF7F70FFFF119FFF6CB77300080021F9225FAB874075635C9433455B
10E1F717EE4681E8BE11AB0F25C49C2F8F8170FFFF119FFF6CB77700080021F9225FAB874075635D9433455B
10E1F317EE4381E8B211AB1225C4A22F8F8770FFFF119FFF6CB77900080021F9225FAB874075635E9433455B
10E1F717EE4181E8BA11AB0F25C49E2F5F8A70FFFF119FFF6CB77900080021F9225FAB874175635F9433455B
10E1F317EE4481E8BE11AB0E25C4882F1F8B70FFFF119FFF6CB77B00080021F9225FAB87407563609433455B
10E1F717EE3D81E8BA11AB0E25C4952F1F8B70FFFF119FFF6CB77D00080021F9225FAB87407563619433455B
10E1F717EE4081E8B211AB1325C4A22F5F8770FFFF118FFF6CB77D0007FE21F9225FAB87407553629433455B
10E1FB17EE3C81E8BE11AB1A25C4B72F7F8570FFFF119FFF6CB77F0007FE21F9225FAB87407563639433455B
10E20A17EE3B81E8BA11AB1F25C4AA2F5F8370FFFF119FFF6CB77F00080021F9225FAB87407563649533455B
10E21617EE3B81E8B211AB1625C4902F5F8170FFFF119FFF6CB77F0007FE21F9225FAB87407563659533455B
10E21D17EE3C81E8BA11AB1725C4842F5F8070FFFF119FFF6CB78000080021F9225FAB87407563669533455B
10E21D17EE3781E8B711AB1A25C49B2F7F8270FFFF119FFF6CA78100080021F9225FAB87407563679533455B
10E22617EE3681E8BA11AB1B25C49E2F8F8870FFFF119FFF6CB78100080021F9225FAB87407563689533455B
10E22517EE3181E8B211AB1A25C49C2F7F8E70FFFF119FFF6CB78200080021F9225FAB87407563699533455B
10E22917EE3581E8B711AB1B25C4952FDF8670FFFF118FFF6CB78300080021F9225FAB874075536A9533455B
10E22917EE3681E8BA11AB1A25C4A6301F7E70FFFF119FFF6CB78300080021F9225FAB874075636B9533455B
10E22D17EE3681E8B211AB1725C4A02FFF7E70FFFF119FFF6CB78300080021F9225FAB874075636C9533455B
10E22517EE3B81E8B711AB1A25C4A92F9F8270FFFF119FFF6CB78300080021F9225FAB874075536D9533455B
10E22D17EE3781E8BA11AB1625C4A62F5F8970FFFF119FFF6CB78300080021F9225FAB874075536E9533455B
10E22517EE3981E8B211AB1725C49E2F7F8A70FFFF119FFF6CB78200080021F9225FAB874075636F9533455B
10E22917EE3781E8BA11AB1A25C4A82FDF8770FFFF119FFF6CA78100080021F9225FAB87407553709533455B
10E22517EE3F81E8B011AB1B25C4A0302F8870FFFF119FFF6CB78000080021F9225FAB87407563719533455B
10E22117EE3C81E8BA11AB1E25C4A2306F8A70FFFF119FFF6CB7800007FE21F9225FAB87407553729533455B
10E22617EE3F81E8BA11AB1F25C4B0307F8570FFFF119FFF6CA78000080021F9225FAB87407563739533455B
10E22117EE4481E8B711AB1A25C4A9307F7F70FFFF118FFF6CB78000080021F9225FAB87407563749533455B
10E22117EE3F81E8B211AB1B25C4AB305F7570FFFF119FFF6CB78000080021F9225FAB87407563759533455B
10E22517EE4081E8BA11AB1A25C4A0303F6670FFFF118FFF6CB77F00080021F9225FAB87407563769533455B
10E22117EE3C81E8B011AB1B25C48E302F6270FFFF119FFF6CB77F0007FE21F9225FAB87417563779533455B
10E22517EE3B81E8C111AB1A25C4902FFF6970FFFF118FFF6CB77F00080021F9225FAB87407563789533455B
10E22117EE3C81E8BA11AB1F25C4A6300F7070FFFF119FFF6CB78000080021F9225FAB87407563799533455B
10E22517EE4081E8B211AB2225C4A62FFF7670FFFF118FFF6CB78100080021F9225FAB874075637A9533455B
10E21D17EE3C81E8BE11AB2625C4AB2FCF7A70FFFF119FFF6CB78100080021F9225FAB874075537B9533455B
10E22117EE3B81E8B211AB2F25C4B32F8F7E70FFFF119FFF6CA7840007FE21F9225FAB874075637C9633455B
10E21D17EE4081E8C111AB2A25C4A82F6F7F70FFFF119FFF6CA78700080021F9225FAB874075537D9633455B
10E21617EE4181E8B711AB3325C49E2F4F7670EFFF119FFF6CB78700080021F9225FAB874075537E9633455B
10E20A17EE4181E8BA11AB3225C49C2F5F6670FFFF119FFF6CA78900080021F9225FAB874075537F9633455B
10E20617EE3C81E8BA11AB3F25C4A82F8F6170FFFF119FFF6CB78B00080021F9225FAB87407563809633455B
10E20217EE4081E8BE11AB4625C4A02F9F6970FFFF119FFF6CB78B0007FE21F9225FAB87407563819633455B
10E1FF17EE4581E8BA11AB4725C48F2F6F7270FFFF119FFF6CB78B00080021F9225FAB87407553829633455B
10E1FF17EE4681E8C111AB4A25C4912F4F76710FFF119FFF6CB78A0007FE21F9225FAB87407563839633455B
10E1FF17EE4681E8BE11AB4725C4992F7F7970FFFF119FFF6CA78A00080021F9225FAB87407563849633455B
10E1FF17EE4281E8BA11AB4625C4952FBF7B70FFFF119FFF6CA78A00080021F9225FAB87407563859633455B
10E1FF17EE4481E8C111AB4725C4932FEF7F70FFFF119FFF6CB7890007FE21F9225FAB87407563869633455B
10E1FF17EE4281E8BA11AB5325C49F300F7D70FFFF119FFF6CB78800080021F9225FAB87407563879633455B
10E1FF17EE3E81E8C611AB6F25C490301F7970FFFF118FFF6CA78700080021F9225FAB87407563889633455B
10E1FF17EE4381E8C111AB8325C47E2FEF7670FFFF118FFF6CB78500080021F9225FAB87407553899633455B
10E1F817EE4681E8C111AB8725C4862FBF7970FFFF119FFF6CB7840007FE21F9225FAB874075638A9633455B
10E1FB17EE4981E8BE11AB7B25C4972FBF7970FFFF119FFF6CB78400080021F9225FAB874075638B9633455B
10E1FB17EE4481E8C811AB7325C4A82FDF7470FFFF118FFF6CA78100080021F9225FAB874075638C9633455B
10E1FF17EE4581E8C111AB6325C4A02F9F7670EFFF118FFF6CB78000080021F9225FAB874075538D9633455B
10E1FB17EE4281E8C611AB4A25C49C2F4F7C70EFFF119FFF6CA7800007FE21F9225FAB874075538E9633455B
10E1FB17EE4481E8C111AB3325C4952F5F8270FFFF119FFF6CB77F00080021F9225FAB874175638F9633455B
10E1F717EE4381E8C111AB2E25C4A72F8F8670EFFF119FFF6CA77F00080021F9225FAB87407563909633455B
10E1FB17EE4581E8D011AB3325C4A02FDF8A70EFFF118FFF6CA77F00080021F9225FAB87407563919633455B
10E1F717EE4681E8BE11AB3E25C4A82FCF8E70EFFF118FFF6CA77F00080021F9225FAB87407563929633455B
10E1FB17EE4281E8C811AB3725C4A62FAF8F70EFFF119FFF6CA77F00080021F9225FAB87407563939633455B
10E1FB17EE4181E8C811AB2E25C4AA2FAF8E70EFFF119FFF6CB77F00080021F9225FAB87407563949733455B
10E1F317EE4181E8CD11AB2725C4A62F9F8F70FFFF119FFF6CB77F00080021F9225FAB87407553959733455B
10E1F717EE4481E8C811AB1E25C4B72FFF9170EFFF119FFF6CB77F00080021F9225FAB87407553969733455B
10E1F817EE4281E8C811AB1325C4B830CF8E70EFFF119FFF6CB77F00080021F9225FAB87407553979733455B
10E1F717EE4181E8C611AB1225C4A230FF8B70EFFF119FFF6CB78000080021F9225FAB87407563989733455B
10E1FB17EE4581E8D011AB1725C49C30BF8A70FFFF119FFF6CB78100080021F9225FAB87407563999733455B
10E1F717EE3D81E8D011AB1E25C4A2306F8870FFFF118FFF6CB78100080021F9225FAB874075639A9733455B
10E1F717EE4481E8C811AB1625C4B0305F8470FFFF118FFF6CB7810007FE21F9225FAB874075639B9733455B
10E1F317EE4A81E8CD11AB1325C4A8300F7F70FFFF119FFF6CB7820007FE21F9225FAB874075639C9733455B
10E1EF17EE4B81E8C811AB1225C4A42F7F7C70EFFF119FFF6CA78300080021F9225FAB874075639D9733455B
10E1F317EE4B81E8D711AB0B25C4A42F2F7E70FFFF119FFF6CB78400080021F9225FAB874075639E9733455B
10E1EF17EE4881E8CD11AB0E25C4AB2F4F8270FFFF119FFF6CA7870007FE21F9225FAB874075639F9733455B
10E1EF17EE4681E8D011AB0B25C4AD2F7F8070FFFF119FFF6CB78800080021F9225FAB87407563A09733455B
10E1EB17EE4681E8D011AB0625C4B32F9F8270FFFF119FFF6CB7890007FE21F9225FAB87407563A19733455B
10E1EF17EE4981E8CD11AB1325C4B52F6F8370FFFF119FFF6CB78A0007FE21F9225FAB87407563A29733455B
10E1EC17EE4881E8D011AB1625C4AF2F6F8170FFFF119FFF6CB78B00080021F9225FAB87407553A39733455B
10E1E717EE4681E8D011AB0F25C4A62FBF8170FFFF119FFF6CB78B00080021F9225FAB87407563A49733455B
10E1E717EE4681E8D011AB1A25C4AA2FDF8370FFFF119FFF6CB78C0007FE21F9225FAB87407563A59733455B
10E1E717EE4681E8D511AB1F25C4A72FBF8670FFFF119FFF6CB78D00080021F9225FAB87407563A69733455B
10E1EF17EE4381E8D011AB1A25C4A42F8F8470FFFF119FFF6CA78D00080021F9225FAB87417563A79733455B
10E1EB17EE4181E8D711AB0E25C4B72F4F8370FFFF119FFF6CA78E00080021F9225FAB87407563A89733455B
10E1EF17EE4181E8CD11AB0725C4B12F1F8770FFFF119FFF6CB78E00080021F9225FAB87407553A99733455B
10E1E717EE4181E8D011AAF625C4A62F0F8A70FFFF119FFF6CA78E0007FE21F9225FAB87407563AA9733455B
10E1D017EE4581E8D011AAF325C49E2EFF8770FFFF119FFF6CA78E00080021F9225FAB87407563AB9733455B
10E1CD17EE4281E8D511AAF225C4A82F5F8670FFFF119FFF6CB78E00080021F9225FAB87407563AC9833455B
10E1CD17EE4181E8D011AAF325C4A72FAF8670FFFF119FFF6CB78E00080021F9225FAB87407563AD9833455B
10E1D817EE4181E8D711AAF225C4B12F9F8370EFFF119FFF6CB78C00080021F9225FAB87407563AE9833455B
10E1E017EE4581E8D011AAEF25C4B52F5F8770FFFF119FFF6CB78B00080021F9225FAB87407553AF9833455B
10E1E117EE4281E8CD11AAE225C4A22F1F8C70EFFF119FFF6CB78B00080021F9225FAB87407563B09833455B
10E1E017EE4881E8D711AADB25C49C2F1F8D70EFFF119FFF6CB78900080021F9225FAB87407563B19833455B
10E1D417EE4881E8D011AADA25C4952F5F8E70EFFF119FFF6CA78600080021F9225FAB87407563B29833455B
10E1DC17EE3E81E8CD11AAD625C49F2F7F8D70EFFF118FFF6CB7850007FE21F9225FAB87407563B39833455B
10E1DC17EE3F81E8D011AADF25C4A42F9F8B70EFFF119FFF6CB78300080021F9225FAB87407563B49833455B
10E1EB17EE3C81E8D711AAD625C4B12FEF8770EFFF119FFF6CA7800007FE21F9225FAB87407553B59833455B
10E1F717EE4081E8CD11AAD325C4A2301F8470EFFF119FFF6CB78000080021F9225FAB87407563B69833455B
10E20617EE3C81E8D011AAD225C49C2FEF8470DFFF118FFF6CB77F00080021F9225FAB87407553B79833455B
10E20A17EE3F81E8D011AAC725C49C2FBF8470DFFF119FFF6CB77E00080021F9225FAB87407563B89833455B
10E20217EE3C81E8D011AAC525C4A82FEF8670DFFF118FFF6CB77D0007FE21F9225FAB87407553B99833455B
10E1FF17EE3C81E8CD11AABE25C4A02FCF8970DFFF119FFF6CB77D00080021F9225FAB87407553BA9833455B
10E1FB17EE4081E8D011AABD25C49C2F7F8770DFFF119FFF6CB77B0007FE21F9225FAB87407553BB9833455B
10E20017EE3C81E8D011AABE25C49C2F8F8470DFFF119FFF6CA77B0007FE21F9225FAB87407563BC9833455B
10E20A17EE3781E8CD11AAC525C4A22FAF8470CFFF119FFF6CB77B0007FE21F9225FAB87407563BD9833455B
10E20E17EE3681E8C811AAC525C4A42FAF8570CFFF118FFF6CA77A00080021F9225FAB87407553BE9833455B
10E21217EE3A81E8D011AAC725C4A42F7F7D70CFFF119FFF6CA7790007FE21F9225FAB87417563BF9833455B
10E21617EE3781E8C611AAC925C4A42F6F4970CFFF119FFF6CB77A0007FE21F9225FAB87407563C09833455B
10E21217EE3981E8D011AAC725C4A42F6EEB70BFFF119FFF6CB7790007FE21F9225FAB87407553C19833455B
10E21617EE3881E8C811AAD225C4A42F4EC070CFFF119FFF6CA77800080021F9225FAB87407553C29833455B
10E22517EE3681E8D011AAD725C4972F3ECB70BFFF119FFF6CA77800080021F9225FAB87407553C39833455B
10E22D17EE3981E8C611AADA25C4992F6EF070BFFF119FFF6CB77A0007FE21F9225FAB87407563C49933455B
10E22917EE3B81E8C811AADF25C4A22FBF2170BFFF119FFF6CA77B00080021F9225FAB87407563C59933455B
10E23017EE3881E8C811AAE225C49E300F4B70BFFF118FFF6CA77B0007FE21F9225FAB87407563C69933455B
10E23517EE3A81E8CD11AAE225C48E301F6470AFFF119FFF6CA77E0007FE21F9225FAB87407563C79933455B
10E23C17EE3781E8C111AAE725C49D301F7070BFFF119FFF6CB7800007FE21F9225FAB87407563C89933455B
10E24417EE3681E8C811AAEE25C4B0301F7A70BFFF119FFF6CA7800007FE21F9225FAB87407563C99933455B
10E24B17EE3B81E8C611AAEB25C4AF300F8370BFFF118FFF6CB7830007FE21F9225FAB87407553CA9933455B
10E24F17EE3B81E8C811AAEA25C4A62FAF8A70AFFF119FFF6CA78500080021F9225FAB87407563CB9933455B
10E24F17EE3781E8C111AAE725C4972FCF9070AFFF119FFF6CB7860007FE21F9225FAB87407563CC9933455B
10E24B17EE3681E8C811AAE625C499307F9270AFFF119FFF6CB7870007FE21F9225FAB87407563CD9933455B
10E24817EE3A81E8C611AAE325C4A830EF8770AFFF119FFF6CA78900080021F9225FAB87407563CE9933455B
10E24417EE3B81E8C111AAEE25C4B330AF7B70AFFF119FFF6CA78A0007FE21F9225FAB87407563CF9933455B
10E23C17EE3B81E8C111AAF325C4B5300F7970AFFF119FFF6CA78C00080021F9225FAB87407553D09933455B
10E23817EE3C81E8C611AAFA25C49C2FAF8170AFFF119FFF6CB79000080021F9225FAB87407553D19933455B
10E22D17EE3B81E8C111AB0225C49A2FDF8870BFFF119FFF6CB79100080021F9225FAB87407563D29933455B
10E22917EE3F81E8C111AAFF25C4AE303F8A70BFFF119FFF6CA79200080021F9225FAB87407563D39933455B
10E22117EE4181E8C611AAFA25C4A8302F8970AFFF118FFF6CA79400080021F9225FAB87407563D49933455B
10E22117EE3E81E8BA11AAF725C48A300F8870AFFF119FFF6CA7950007FE21F9225FAB87407563D59933455B
10E21917EE3B81E8C111AAEA25C488301F8C70BFFF119FFF6CA79600080021F9225FAB87407563D69933455B
10E21217EE3F81E8C111AAEB25C497302F9270AFFF119FFF6CB79700080021F9225FAB87417563D79933455B
10E20E17EE4181E8BE11AAE225C4A2305F9070BFFF119FFF6CB79700080021F9225FAB87407563D89933455B
10E20A17EE4181E8C111AAE725C4AB305F8A70BFFF118FFF6CA79700080021F9225FAB87407563D99933455B
10E20A17EE3C81E8C111AADE25C4922FEF8B70BFFF118FFF6CA79800080021F9225FAB87407553DA9933455B
10E20A17EE3F81E8B711AADF25C48A2F7F8970AFFF119FFF6CA79800080021F9225FAB87407563DB9933455B
10E20A17EE4181E8BA11AAE225C4902F6F8370BFFF119FFF6CB79800080021F9225FAB87407553DC9A33455B
10E20A17EE3981E8C111AAEA25C4932F9F7E70AFFF119FFF6CB79700080021F9225FAB87407563DD9A33455B
10E20B17EE3E81E8BE11AAF725C49F300F7370BFFF118FFF6CA7960007FE21F9225FAB87407563DE9A33455B
10E20217EE3C81E8BA11AAFE25C49E317F6F70AFFF118FFF6CA79600080021F9225FAB87407563DF9A33455B
10E20A17EE3B81E8BA11AB0F25C4A9328F7770AFFF119FFF6CA79500080021F9225FAB87407563E09A33455B
10E20A17EE3C81E8BA11AB0E25C4A6334F7F70AFFF119FFF6CB79400080021F9225FAB87407563E19A33455B
10E20A17EE4081E8BE11AB2F25C497336F8370BFFF119FFF6CB7930007FE21F9225FAB87407563E29A33455B
10E20E17EE4181E8BA11AB4225C4AC33BF8270AFFF119FFF6CA7920007FE21F9225FAB87407553E39A33455B
10E20E17EE3981E8BA11AB3F25C4A833AF7870AFFF119FFF6CB79000080021F9225FAB87407563E49A33455B
10E21217EE3E81E8B711AB2A25C49E32DF6B70AFFF119FFF6CB79000080021F9225FAB87407563E59A33455B
10E21217EE3881E8BA11AB1B25C49C31DF6770AFFF119FFF6CB78E00080021F9225FAB87407563E69A33455B
10E21917EE3E81E8BA11AB1225C4A2315F6E70AFFF119FFF6CB78A0007FE21F9225FAB87407563E79A33455B
10E22517EE3E81E8B711AAFF25C4B7312F7970AFFF119FFF6CA78900080021F9225FAB87407563E89A33455B
10E22217EE3B81E8BA11AAF225C4B730CF8170AFFF119FFF6CB78800080021F9225FAB87407553E99A33455B
10E22917EE3B81E8C111AAEE25C49B302F8870AFFF119FFF6CB7850007FE21F9225FAB87407553EA9A33455B
10E22517EE3B81E8B011AAF325AFF72FBF89709FFF119FFF6CB78400080021F9225FAB87407563EB9A33455B
10E22D17EE3C81E8BA11AAF225B16E2FAF8470AFFF119FFF6CB78300080021F9225FAB87407563EC9A33455B
10E22D17EE3B81E8BA11AAEF25C0532FBF7970AFFF119FFF6CB7820007FE21F9225FAB87407553ED9A33455B
10E23017EE3B81E8BA11AAF225C4782FAF6A70AFFF119FFF6CA78200080021F9225FAB87407553EE9A33455B
10E22D17EE3B81E8B711AAFB25C4882F5F5D70AFFF119FFF6CA7810007FE21F9225FAB87417563EF9A33455B
10E23017EE3C81E8BA11AB0625C49D2F3F5970AFFF119FFF6CB7800007FE21F9225FAB87407553F09A33455B
10E22917EE3B81E8BA11AB1725C4AA2F4F5D70AFFF118FFF6CA77F00080021F9225FAB87407563F19A33455B
10E22917EE3F81E8B011AB2625C4A62F9F5C709FFF119FFF6CA77F00080021F9225FAB87407553F29A33455B
10E22117EE3881E8C111AB2F25C49E301F58709FFF119FFF6CA77F00080021F9225FAB87407563F39A33455B
10E21A17EE3F81E8B211AB4625C481302F5F70AFFF119FFF6CB77E00080021F9225FAB87407563F49B33455B
10E21D17EE3C81E8B711AB5F25C4792FFF6E709FFF119FFF6CB77E00080021F9225FAB87407563F59B33455B
10E21D17EE3F81E8BA11AB6F25C479300F7A709FFF119FFF6CA77D00080021F9225FAB87407553F69B33455B
10E21617EE4181E8BA11AB8325C47F307F82709FFF118FFF6CB77D0007FE21F9225FAB87407563F79B33455B
10E21217EE4181E8B211AB9325C475309F8970AFFF119FFF6CA77C00080021F9225FAB87407563F89B33455B
10E20A17EE4181E8BE11AB9F25C471303F8F709FFF119FFF6CB77C0007FE21F9225FAB87407553F99B33455B
10E20617EE4181E8BA11AB9725C47D2FFF94709FFF119FFF6CB77C00080021F9225FAB87407563FA9B33455B
10E20217EE3C81E8B211AB9325C4822FDF9570AFFF118FFF6CB77C00080021F9225FAB87407563FB9B33455B
10E1F717EE4081E8BE11AB9B25C47C2FDF9670AFFF119FFF6CA77C00080021F9225FAB87407563FC9B33455B
10E1F717EE3C81E8B211AB9325C4802FAF94709FFF119FFF6CB77D00080021F9225FAB87407563FD9B33455B
10E1F717EE3B81E8BA11AB8725C47B2F9F90709FFF119FFF6CA77E00080021F9225FAB87407553FE9B33455B
10E1EF17EE3881E8B711AB7B25C48C2F8F8B70AFFF119FFF6CA77F00080021F9225FAB87407553FF9B33455B
10E1F017EE3681E8BA11AB6725C48C2F6F8470AFFF119FFF6CA7800007FE21F9225FAB87407563009B33455B
10E1EF17EE3981E8BA11AB6325C4772F5F7F70AFFF119FFF6CB78000080021F9225FAB87407563019B33455B
10E1EF17EE4381E8BA11AB6725C4772F6F7F70AFFF119FFF6CA78100080021F9225FAB87407563029B33455B
10E1F317EE3F81E8B711AB6325C4862F8F7F70AFFF119FFF6CA7820007FE21F9225FAB87407563039B33455B
10E1FB17EE4081E8C111AB6325C497300F7F70AFFF119FFF6CB7820007FE21F9225FAB87407563049B33455B
10E1FF17EE3C81E8B211AB5F25C49C304F7E70AFFF119FFF6CB78300080021F9225FAB87407563059B33455B
10E20A17EE3F81E8BE11AB5F25C488300F7E70AFFF119FFF6CA78500080021F9225FAB87407563069B33455B
10E20A17EE4181E8BA11AB5B25C4A8301F7D70AFFF119FFF6CB78600080021F9235FAB87417563079B33455B
10E20A17EE3C81E8BA11AB5B25C4A8304F7E70AFFF119FFF6CA78600080021F9235FAB87407563089B33455B
10E20A17EE3F81E8B711AB6325C48A304F8070AFFF119FFF6CB78B0007FE21F9235FAB87407563099B33455B
10E20E17EE3C81E8C111AB6325C475303F8370AFFF119FFF6CB78D00080021F9235FAB874075630A9B33455B
10E21917EE3C81E8BA11AB6325C48A301F8370BFFF119FFF6CB78D00080021F9235FAB874075630B9B33455B
10E21A17EE3B81E8B711AB6725C49F301F8170BFFF119FFF6CA79100080021F9235FAB874075630C9C33455B
10E22117EE3B81E8C111AB6325C49E2FDF7E70BFFF119FFF6CB7940007FE21F9235FAB874075530D9C33455B
10E22117EE3B81E8BA11AB5325C4952F5F7C70AFFF119FFF6CA79400080021F9235FAB874075530E9C33455B
10E22917EE3C81E8BA11AB4325C4992F0F7970BFFF119FFF6CB79700080021F9235FAB874075630F9C33455B
10E22D17EE3781E8BE11AB3E25C49C2F2F7570BFFF119FFF6CA79A00080021F9235FAB87407563109C33455B
10E23017EE3981E8C111AB5B25C49C2F4F7770BFFF119FFF6CA79A0007FE21F9235FAB87407563119C33455B
10E23817EE3781E8BA11AB7F25C4882F4F7F70BFFF119FFF6CB79B00080021F9235FAB87407563129C33455B
10E23417EE3681E8BE11AB9725C48E30EF8770BFFF119FFF6CA79C00080021F9235FAB87407563139C33455B
10E23817EE3681E8C111ABAB25C4863AAF8B70BFFF119FFF6CB79D00080021F9235FAB87407553149C33455B
10E22D17EE3681E8BA11ABBF25C47B42FF8D70BFFF119FFF6CB79D0007FE21F9235FAB87407563159C33455B
10E23017EE3681E8BE11ABBB25C479423F8B70AFFF119FFF6CA79E00080021F9235FAB87407563169C33455B
10E23117EE3181E8C111ABBF25C4583D6F8870AFFF119FFF6CB79E00080021F9235FAB87407553179C33455B
10E23417EE3881E8C111ABC725C44E391F8570BFFF119FFF6CA79E00080021F9235FAB87407563189C33455B
10E23C17EE3781E8BA11ABCB25C46E368F8270BFFF119FFF6CA79F00080021F9235FAB87407563199C33455B
10E23817EE3B81E8C611ABCB25C48C350F7F70CFFF119FFF6CA79F00080021F9235FAB874075631A9C33455B
10E24417EE3381E8C111ABD325C47F33AF7B70BFFF119FFF6CB79F0007FE21F9235FAB874075531B9C33455B
10E24817EE3481E8BA11ABDC25C465323F7B70BFFF119FFF6CB7A00007FE21F9235FAB874075631C9C33455B
10E24B17EE3681E8C611ABD325C452314F8070BFFF118FFF6CA7A00007FE21F9235FAB874075631D9C33455B
10E24817EE3681E8C111ABC725C45A30DF8670CFFF118FFF6CA7A100080021F9235FAB874075631E9C33455B
10E24B17EE3181E8C111ABBB25C473309F8570CFFF119FFF6CB7A10007FE21F9235FAB874175631F9C33455B
10E24B17EE3481E8C611ABB725C465303F7D70CFFF119FFF6CA7A000080021F9235FAB87407563209C33455B
10E24B17EE3181E8C111ABBB25C45F2FCF7070BFFF119FFF6CB7A000080021F9235FAB87407563219C33455B
10E25417EE3581E8C111ABC325C44C2F6F6C70CFFF119FFF6CB79F00080021F9235FAB87407563229C33455B
10E24F17EE3681E8C111ABC725C4582F5F6F70CFFF118FFF6CB79E0007FE21F9235FAB87407563239C33455B
10E25717EE3181E8C611ABCB25C46C2F7F7370CFFF119FFF6CB79E0007FE21F9235FAB87407563249D33455B
10E25317EE2C81E8C811ABB725C4712F5F7970CFFF118FFF6CA79B00080021F9235FAB87407563259D33455B
10E26617EE3081E8C111ABB325C46A2F1F7F70CFFF119FFF6CB7990007FE21F9235FAB87407553269D33455B
10E27217EE3081E8C611ABAF25C4612F1F8370CFFF119FFF6CB7990007FE21F9235FAB87407563279D33455B
10E27A17EE2C81E8C811ABAB25C45F2F2F8670CFFF11AFFF6CA7960007FE21F9235FAB87407563289D33455B
10E27D17EE2E81E8C111ABB725C4792F3F8170CFFF119FFF6CB79300080021F9235FAB87407563299D33455B
10E27A17EE2D81E8C611ABB725C4752F2F7870CFFF119FFF6CB79200080021F9235FAB874075632A9D33455B
10E27D17EE2F81E8C811ABAB25C4712F1F7670CFFF119FFF6CA78F00080021F9235FAB874075632B9D33455B
10E27617EE3081E8C111ABAF25C4772F0F7970CFFF119FFF6CB78A00080021F9235FAB874075632C9D33455B
10E27A17EE3081E8C811ABAF25C48C2F2F7F70DFFF119FFF6CA7890007FE21F9235FAB874075632D9D33455B
10E28517EE2981E8C611ABA725C4792F2F8070DFFF119FFF6CB78700080021F9235FAB874075632E9D33455B
10E29417EE2581E8C811ABA725C46A2F2F8070DFFF119FFF6CA78100080021F9235FAB874075632F9D33455B
10E29117EE2981E8C111ABA325C4742F5F8270DFFF118FFF6CB7800007FE21F9235FAB87407563309D33455B
10E29117EE2B81E8CD11ABAB25C4792F7F8470DFFF119FFF6CB77E0007FE21F9235FAB87407563319D33455B
10E29117EE2881E8C811ABAF25C4792F7F8270DFFF119FFF6CA7790007FE21F9235FAB87407563329D33455B
10E29417EE2581E8C811ABAB25C4732F7F7970DFFF119FFF6CB77800080021F9235FAB87407563339D33455B
10E29417EE2D81E8BE11ABB325C4772F7F6A70DFFF119FFF6CB77700080021F9235FAB87407563349D33455B
10E29117EE3081E8C811ABBF25C4732F8F3F70DFFF119FFF6CB77400080021F9235FAB87407563359D33455B
10E28917EE2D81E8D011ABBF25C4712F6F0D70EFFF119FFF6CB77400080021F9235FAB87407563369D33455B
10E28917EE2B81E8BE11ABC725C47D2F4EFD70EFFF119FFF6CA7730007FE21F9225FAB87417563379D33455B
10E28917EE2B81E8D011ABBF25C4882F7F1670EFFF119FFF6CB7710007FE21F9225FAB87407563389D33455B
10E28917EE2B81E8C811AB9325C4842FCF3B70EFFF119FFF6CA7700007FE21F9225FAB87407563399D33455B
10E28517EE2B81E8C111AB7325C47C300F5970EFFF119FFF6CB77000080021F9225FAB874075633A9D33455B
10E28917EE2B81E8CD11AB6725C486305F6F70EFFF119FFF6CB77100080021F9225FAB874075633B9D33455B
10E28117EE2B81E8C811AB5F25C484307F7870EFFF119FFF6CA7710007FE21F9225FAB874075633C9E33455B
10E28517EE2B81E8C111AB6B25C47B306F7A70EFFF119FFF6CB77100080021F9225FAB874075633D9E33455B
10E28517EE2B81E8CD11AB8325C47F304F7F70EFFF119FFF6CA77400080021F9225FAB874075633E9E33455B
10E28517EE2E81E8C811AB7F25C46E301F7E70DFFF119FFF6CA77700080021F9225FAB874075633F9E33455B
10E28117EE3081E8C111AB7725C47C2FFF7670DFFF118FFF6CA77700080021F9225FAB87407563409E33455B
10E28117EE2D81E8CD11AB6325C4822FEF6F70DFFF119FFF6CB77900080021F9225FAB87407563419E33455B
10E28117EE2B81E8C111AB5B25C4882F9F6070DFFF119FFF6CA77B00080021F9225FAB87407563429E33455B
10E28117EE2681E8C811AB5325C4692F1F3F70DFFF119FFF6CA77C00080021F9225FAB87407563439E33455B
10E28517EE2981E8C811AB4F25C4652EFEFB70CFFF119FFF6CA77D00080021F9225FAB87407563449E33455B
10E27A17EE2B81E8C611AB5325C4882F6ED470CFFF119FFF6CB77F0007FE21F9225FAB87407563459E33455B
10E27617EE2B81E8C811AB5B25C4AC2FEEEC70CFFF119FFF6CA77F0007FE21F9225FAB87407563469E33455B
10E27617EE2E81E8C111AB6325C48F2FCF1B70CFFF118FFF6CA78000080021F9225FAB87407563479E33455B
10E27617EE2781E8CD11AB6725C4682F5F4470BFFF118FFF6CB7820007FE21F9225FAB87407553489E33455B
10E27617EE2A81E8C111AB6325C4722F5F5A70BFFF119FFF6CA78200080021F9225FAB87407563499E33455B
10E27617EE2B81E8C811AB4725C48C2FAF5E70CFFF119FFF6CA78200080021F9225FAB874075634A9E33455B
10E26E17EE2B81E8C611AB3225C4992FCF6370BFFF119FFF6CA78300080021F9225FAB874075634B9E33455B
10E26A17EE2E81E8C111AB2E25C48E2FAF6870BFFF119FFF6CB78300080021F9225FAB874075634C9E33455B
10E27217EE2D81E8C811AB1B25C4842F6F6F70BFFF119FFF6CB7830007FE21F9225FAB874075634D9E33455B
10E26A17EE2B81E8C111AB2E25C47C2F5F7670BFFF119FFF6CB78100080021F9225FAB874075634E9E33455B
10E26217EE2B81E8C611AB2B25C4932FAF7B70BFFF118FFF6CA7800007FE21F9235FAB864175634F9E33455B
10E26217EE3381E8C111AB2A25C4AE300F7A70BFFF118FFF6CA77F00080021F9235FAB86407563509E33455B
10E25F17EE3381E8C111AB2325C49B300F7870BFFF119FFF6CA77B00080021F9235FAB86407563519E33455B
10E26317EE3081E8C611AB1A25C49F2FAF7470BFFF119FFF6CB77800080021F9235FAB86407563529E33455B
10E25F17EE2C81E8C111AB1B25C4B02FBF7270BFFF118FFF6CB77800080021F9235FAB86407563539E33455B
10E26217EE3381E8C111AB1625C4AF301F7670BFFF119FFF6CA7790007FE21F9235FAB86407563549F33455B
10E26217EE3381E8C611AB1725C4A1303F7D70BFFF119FFF6CA77900080021F9235FAB86407563559F33455B
10E26A17EE2C81E8C111AB2625C49C301F8570BFFF119FFF6CA77900080021F9235FAB86407563569F33455B
10E26E17EE3381E8C111AB4725C488300F8B70BFFF119FFF6CA77D0007FE21F9235FAB86407563579F33455B
10E26A17EE2E81E8C111AB5B25C482302F8E70BFFF119FFF6CB7800007FE21F9235FAB86407563589F33455B
10E26A17EE2B81E8BE11AB6B25C467305F8C70CFFF119FFF6CA78000080021F9235FAB86407563599F33455B
10E26E17EE2B81E8BA11AB7B25C46C307F8670CFFF119FFF6CB78300080021F9235FAB864075635A9F33455B
10E26E17EE2E81E8C111AB8325C48A308F7E70CFFF119FFF6CA78600080021F9235FAB864075635B9F33455B
10E26E17EE2D81E8C611AB8B25C473304F7F70CFFF118FFF6CB78700080021F9235FAB864075635C9F33455B
10E26E17EE2F81E8BA11AB8B25C46F2FEF8770CFFF119FFF6CB78800080021F9235FAB864075535D9F33455B
10E26E17EE2C81E8C111AB8B25C4632FEF8D70CFFF119FFF6CB78B00080021F9235FAB864075635E9F33455B
10E27217EE2E81E8BE11AB8B25C45F306F9070DFFF119FFF6CA78B0007FE21F9235FAB864075635F9F33455B
10E26E17EE2D81E8BA11AB7F25C45930EF9370DFFF118FFF6CA78C0007FE21F9235FAB86407563609F33455B
10E27217EE2B81E8C111AB7B25C46A30FF9170DFFF118FFF6CA78E00080021F9235FAB86407563619F33455B
10E26A17EE2B81E8BA11AB7725C46330AF7E70DFFF119FFF6CB78E0007FE21F9235FAB86407563629F33455B
10E27617EE2E81E8BE11AB7325C459304F6270CFFF119FFF6CA78E00080021F9235FAB86407563639F33455B
10E27617EE2D81E8BA11AB7725C45D300F5770DFFF119FFF6CB78F00080021F9235FAB86407563649F33455B
10E26A17EE2B81E8C111AB7325C46C2FFF6270DFFF119FFF6CA78F00080021F9235FAB86407563659F33455B
10E26E17EE2B81E8B711AB7325C4772FFF6D70DFFF119FFF6CA78F00080021F9235FAB86407563669F33455B
10E27617EE2B81E8C111AB7725C47F2FDF7670CFFF119FFF6CB78F00080021F9235FAB86417563679F33455B
10E27617EE2B81E8BA11AB7325C46E2F8F7870DFFF119FFF6CA78F00080021F9235FAB86407563689F33455B
10E27217EE2F81E8B711AB7325C4612F7F7670DFFF119FFF6CB78F0007FE21F9235FAB86407563699F33455B
10E26A17EE2C81E8C111AB6F25C4732FCF7B70DFFF119FFF6CB78D0007FE21F9235FAB864075636A9F33455B
10E26A17EE2B81E8BA11AB6B25C486303F8370CFFF119FFF6CA78C0007FE21F9235FAB864075636B9F33455B
10E27217EE2B81E8BA11AB6F25C45D300F8970DFFF119FFF6CB78C00080021F9235FAB864075636CA033455B
10E27217EE2F81E8B711AB7725C4542F9F8B70DFFF119FFF6CA78900080021F9235FAB864075636DA033455B
10E27217EE2C81E8C111AB8725C463302F8970DFFF119FFF6CA78700080021F9235FAB864075636EA033455B
10E27A17EE2B81E8B211AB8325C48130EF8670DFFF119FFF6CA78700080021F9235FAB864075636FA033455B
10E27A17EE2B81E8BE11AB8725C47730AF8070CFFF119FFF6CB78500080021F9235FAB8640756370A033455B
10E27D17EE2B81E8BA11AB8325C45D2FCF7470CFFF119FFF6CA7820007FE21F9235FAB8640755371A033455B
10E28117EE2B81E8BA11AB8325C45D2F7F7170DFFF119FFF6CB78100080021F9235FAB8640756372A033455B
10E27A17EE2B81E8BE11AB7F25C472304F7770CFFF119FFF6CA77E00080021F9235FAB8640756373A033455B
10E27D17EE2881E8BA11AB7B25C47930EF8070CFFF119FFF6CA77A00080021F9235FAB8640756374A033455B
10E28117EE2D81E8BA11AB8325C46C30AF8770CFFF119FFF6CB7790007FE21F9235FAB8640756375A033455B
10E27D17EE2C81E8B711AB8325C461302F8C70CFFF119FFF6CA7760007FE21F9235FAB8640756376A033455B
10E28517EE2B81E8C111AB7F25C4592FFF8F70CFFF119FFF6CB77200080021F9235FAB8640756377A033455B
10E28117EE2881E8B211AB8725C45D302F9270CFFF119FFF6CA77100080021F9235FAB8640756378A033455B
10E28517EE2A81E8C111AB8725C45F305F9170CFFF119FFF6CA7700007FE21F9235FAB8640756379A033455B
10E28117EE2E81E8B711AB8325C46C304F8D70CFFF119FFF6CB76D00080021F9235FAB864075637AA033455B
10E27D17EE2D81E8BA11AB8325C477300F8970CFFF119FFF6CB76C00080021F9235FAB864075637BA033455B
10E27D17EE2F81E8C111AB8B25C47F2FDF8770BFFF119FFF6CA76C0007FE21F9235FAB864075637CA033455B
10E26A17EE2C81E8BE11AB8B25C46E2FBF8270BFFF119FFF6CB76D00080021F9235FAB864075637DA033455B
10E26217EE2B81E8BA11AB8F25C4622F8F7C70BFFF119FFF6CB76D00080021F9235FAB864075637EA033455B
10E26217EE2881E8BA11AB9325C4662FAF6F70BFFF119FFF6CB76D00080021F9225FAB864175637FA033455B
10E25B17EE3281E8BE11AB9B25C47B2FEF6470BFFF119FFF6CB76F00080021F9225FAB8640756380A033455B
10E24F17EE2D81E8C111AB9725C48E300F5C70AFFF119FFF6CB77100080021F9225FAB8640756381A033455B
10E24B17EE2E81E8BA11AB8F25C48C2FFF5A70AFFF119FFF6CA77100080021F9225FAB8640756382A033455B
10E24817EE3181E8C111AB8325C4772FCF5C70BFFF119FFF6CA77400080021F9225FAB8640756383A033455B
10E24817EE2C81E8BE11AB7B25C4772F9F5A70AFFF119FFF6CA77600080021F9225FAB8640756384A133455B
10E24B17EE3381E8C111AB7B25C4932FCF5870BFFF119FFF6CA77600080021F9225FAB8640756385A133455B
10E24817EE2D81E8BA11AB7B25C48E2FDF6070AFFF119FFF6CA77800080021F9225FAB8640756386A133455B
10E24B17EE2B81E8BE11AB7725C47D2F8F6C70AFFF119FFF6CA77A00080021F9225FAB8640755387A133455B
10E24B17EE2B81E8C111AB7325C46C2F3F7670AFFF119FFF6CA77A00080021F9225FAB8640756388A133455B
10E24B17EE2B81E8C811AB7325C46E2F5F7E70AFFF119FFF6CB77C00080021F9225FAB8640756389A133455B
10E24F17EE2681E8BE11AB8725C46A2F8F8470AFFF119FFF6CA77E00080021F9225FAB864075638AA133455B
10E25717EE2681E8C111AB9B25C4682FCF8470BFFF119FFF6CA77F0007FE21F9225FAB864075638BA133455B
10E25B17EE2A81E8C111ABB725C47B2FEF7E70BFFF118FFF6CA78000080021F9225FAB864075638CA133455B
10E25317EE2681E8C111ABC325C47B2FAF7770AFFF119FFF6CB78100080021F9225FAB864075638DA133455B
10E25717EE2981E8C611ABBB25C48C2F8F7570AFFF119FFF6CA78100080021F9225FAB864075638EA133455B
10E25317EE3081E8C811ABB725C4862F5F7D70AFFF119FFF6CB7810007FE21F9225FAB864075638FA133455B
10E24F17EE2C81E8C111ABB325C47B2F1F8270AFFF119FFF6CA7820007FE21F9225FAB8640756390A133455B
10E25717EE2681E8C611ABB725C47F2F1F8570AFFF119FFF6CB78200080021F9225FAB8640756391A133455B
10E25717EE2981E8C811ABBF25C4882F4F8670BFFF119FFF6CA78200080021F9225FAB8640756392A133455B
10E25F17EE2B81E8C111ABBF25C4842F4F8170BFFF119FFF6CA7830007FE21F9225FAB8640756393A133455B
10E25F17EE2B81E8CD11ABAB25C47B2F2F7B70AFFF119FFF6CA78300080021F9225FAB8640756394A133455B
10E25B17EE2681E8C811AB9F25C4792F2F7F70BFFF119FFF6CB78300080021F9225FAB8640756395A133455B
10E25F17EE2581E8C111AB9F25C4732F5F8770BFFF119FFF6CA78500080021F9225FAB8640756396A133455B
10E26217EE2681E8D011AB9325C47D2F5F8970BFFF119FFF6CB78500080021F9235FAB8641756397A133455B
10E25F17EE2581E8C611AB8B25C48E2F5F8770BFFF119FFF6CB78600080021F9235FAB8640756398A133455B
10E25B17EE2981E8C811AB7325C48D2F6F8870BFFF119FFF6CA7870007FE21F9235FAB8640756399A133455B
10E25F17EE2681E8D011AB6325C4772F3F8B70BFFF119FFF6CA78700080021F9235FAB864075639AA133455B
10E25F17EE2E81E8CD11AB6325C46A2F3F8F70BFFF119FFF6CB78800080021F9235FAB864075639BA133455B
10E25F17EE2C81E8C811AB6B25C46E2F6F9270CFFF119FFF6CA78700080021F9235FAB864075639CA233455B
10E25B17EE2B81E8D011AB6F25C4832FBF9470BFFF119FFF6CB78600080021F9235FAB864075639DA233455B
10E25B17EE3081E8CD11AB6B25C47D2FEF9670BFFF119FFF6CA78600080021F9235FAB864075639EA233455B
10E24B17EE3081E8D011AB7325C4792FAF9770BFFF119FFF6CB7850007FE21F9235FAB864075639FA233455B
10E24417EE3481E8D011AB6725C4802FAF9670BFFF119FFF6CA7840007FE21F9235FAB86407563A0A233455B
10E23817EE3681E8D011AB7325C4822FEF8F70CFFF119FFF6CA78400080021F9235FAB86407563A1A233455B
10E23117EE3B81E8D511AB7325C488300F8970BFFF119FFF6CB78200080021F9235FAB86407563A2A233455B
10E21917EE3B81E8D011AB7725C4772FDF8770CFFF119FFF6CA78100080021F9235FAB86407563A3A233455B
10E20A17EE3B81E8D711AB6F25C4772FBF8370CFFF119FFF6CA78000080021F9235FAB86407563A4A233455B
10E1FB17EE3B81E8D511AB7B25C4732FFF8070CFFF119FFF6CA7800007FE21F9235FAB86407563A5A233455B
10E1FF17EE3881E8D011AB7325C477300F8270BFFF119FFF6CA77F00080021F9235FAB86407563A6A233455B
10E1F717EE3A81E8D711AB6B25C46D2FDF8770BFFF119FFF6CB77E00080021F9235FAB86407563A7A233455B
10E1F717EE3B81E8D511AB6B25C46F2FCF8770BFFF119FFF6CB77F0007FE21F9235FAB86407563A8A233455B
10E1FF17EE3781E8D711AB6725C4772FFF8370BFFF118FFF6CA77F00080021F9235FAB86407563A9A233455B
10E1F717EE3681E8D711AB6B25C473300F8270BFFF119FFF6CB77F0007FE21F9235FAB86407563AAA233455B
10E1EB17EE3681E8D711AB7B25C4632FFF8670BFFF119FFF6CA78000080021F9235FAB86407563ABA233455B
10E1E017EE3681E8D511AB8725C46C301F8B70CFFF119FFF6CA7810007FE21F9235FAB86407563ACA233455B
10E1D817EE3681E8DF11AB7B25C47E304F8E70CFFF119FFF6CB7820007FE21F9235FAB86407563ADA233455B
10E1CE17EE2E81E8D711AB5B25C48F302F8C70CFFF119FFF6CA78200080021F9235FAB86407563AEA233455B
10E1CD17EE3381E8DC11AB2F25C486300F8C70CFFF11AFFF6CB78600080021F9235FAB86417563AFA233455B
10E1D017EE3181E8D711AB0E25C4882FCF8C70BFFF119FFF6CB78700080021F9235FAB86407563B0A233455B
10E1D417EE3081E8DF11AAFF25C47D2FCF8E70CFFF119FFF6CA7870007FE21F9235FAB86407563B1A233455B
10E1E417EE3181E8DC11AAF225C48530BF8E70CFFF119FFF6CA78B0007FE21F9235FAB86407563B2A233455B
10E1F317EE3081E8DF11AAF325C47D31FF8E70BFFF119FFF6CB78C00080021F9235FAB86407563B3A233455B
10E20617EE3081E8DF11AAFA25C480320F8D70CFFF119FFF6CA78C00080021F9235FAB86407563B4A333455B
10E21217EE2C81E8DF11AAF625C482314F8970CFFF119FFF6CB78F00080021F9235FAB86407563B5A333455B
10E21217EE3081E8DC11AAFF25C48230CF7B70CFFF119FFF6CA79000080021F9235FAB86407563B6A333455B
10E21217EE2C81E8DF11AAFA25C49B311F6D70CFFF119FFF6CB79100080021F9235FAB86407563B7A333455B
10E21217EE2E81E8DF11AAFB25C490312F6C70CFFF119FFF6CB79200080021F9235FAB86407563B8A333455B
10E20617EE2C81E8E311AB0225C47D30AF7770CFFF119FFF6CA79300080021F9235FAB86407563B9A333455B
10E20617EE3481E8DF11AB0325C48C306F8170CFFF119FFF6CA79300080021F9235FAB86407563BAA333455B
10E20017EE3181E8E611AB0225C493306F7D70CFFF119FFF6CA79300080021F9235FAB86407563BBA333455B
10E1F717EE3081E8E311AB0325C48C304F6D70CFFF119FFF6CB79300080021F9235FAB86407563BCA333455B
10E1F317EE3581E8DF11AB0625C48A301F6270BFFF119FFF6CB79300080021F9235FAB86407563BDA333455B
10E1EF17EE3681E8E611AB0725C48A300F6070CFFF119FFF6CB79200080021F9235FAB86407563BEA333455B
10E1E017EE3181E8DF11AB0225C48A2FEF5D70CFFF119FFF6CB7900007FE21F9235FAB86407563BFA333455B
10E1D817EE3881E8E311AB0725C4842FCF2C70CFFF119FFF6CA79000080021F9235FAB86407563C0A333455B
10E1C917EE3C81E8E611AB0225C48E2FCEF270CFFF11AFFF6CB78F0007FE21F9235FAB86407563C1A333455B
10E1C517EE3B81E8DF11AB0625C48D2FEEE370CFFF119FFF6CA78D00080021F9235FAB86407563C2A333455B
10E1C117EE3B81E8EB11AB0725C491302EED70CFFF119FFF6CB78D0007FE21F9235FAB86407563C3A333455B
10E1C517EE3B81E8DF11AB0E25C479307EFB70BFFF119FFF6CA78C00080021F9235FAB86407563C4A333455B
10E1C117EE3881E8E611AB0F25C47D308F1170CFFF118FFF6CA78A00080021F9235FAB86407563C5A333455B
10E1C117EE3A81E8E611AB0625C482307F3070CFFF119FFF6CA7890007FE21F9235FAB86407563C6A333455B
10E1C517EE3B81E8E311AAEF25C495304F4B70CFFF119FFF6CA7890007FE21F9235FAB86417563C7A333455B
10E1B717EE3B81E8E611AAE625C48E2FEF5E70CFFF119FFF6CB78800080021F9235FAB86407563C8A333455B
10E1A617EE3C81E8E611AAEB25C4842F7F6B70CFFF119FFF6CA78700080021F9235FAB86407563C9A333455B
10E19B17EE4381E8E311AAF225C47B2F3F6670CFFF119FFF6CB78700080021F9235FAB86407563CAA333455B
10E19B17EE4681E8E611AADB25C4852F5F5F70CFFF119FFF6CB78700080021F9235FAB86407563CBA333455B
10E19317EE4281E8E611AAFE25C48A2F8F6670CFFF119FFF6CB7860007FE21F9235FAB86407563CCA433455B
10E19717EE3E81E8E311AB1625C4902F9F6770CFFF119FFF6CB7860007FE21F9235FAB86407563CDA433455B
10E19B17EE4081E8E611AB0B25C48C2F4F5E70CFFF119FFF6CB78500080021F9235FAB86407563CEA433455B
10E19E17EE4181E8E611AAE225C4842F0F5E70CFFF119FFF6CA78400080021F9235FAB86407563CFA433455B
10E1A217EE4181E8E611AAE725C4752EEF6A70CFFF119FFF6CA7840007FE21F9235FAB86407563D0A433455B
10E1AA17EE3E81E8E311AAEE25C4972F2F7770CFFF119FFF6CA7840007FE21F9235FAB86407563D1A433455B
10E1AA17EE3B81E8E611AAE725C48A2F1F7A70CFFF119FFF6CB7830007FE21F9235FAB86407563D2A433455B
10E1B517EE3B81E8E611AAC525C47B2ECF7B70CFFF119FFF6CB78300080021F9235FAB86407563D3A433455B
10E1BD17EE3B81E8E311AA9A25C4932F0F7F70DFFF119FFF6CB78300080021F9235FAB86407563D4A433455B
10E1C117EE3481E8E611AA7925C4BC2FAF8270DFFF119FFF6CA7830007FE21F9235FAB86407563D5A433455B
10E1D517EE3881E8DF11AA7A25C4B92F9F8170DFFF119FFF6CA7830007FE21F9235FAB86407563D6A433455B
10E1DC17EE3781E8EB11AA8925C48F2F1F8570DFFF119FFF6CA78300080021F9235FAB86407563D7A433455B
10E1D817EE3F81E8DF11AA9525C4882EFF8B70DFFF119FFF6CB78300080021F9235FAB86407563D8A433455B
10E1D017EE3981E8E611AA9625C49D2F5F8D70DFFF119FFF6CB78300080021F9235FAB86407563D9A433455B
10E1D417EE3E81E8DF11AAAD25C49E2F9F8A70DFFF119FFF6CB78400080021F9235FAB86407563DAA433455B
10E1D417EE3881E8E311AADF25C4812F5F8670DFFF119FFF6CA78400080021F9235FAB86407563DBA433455B
10E1D417EE3B81E8E611AB1225C4732EFF8770DFFF119FFF6CA7850007FE21F9235FAB86407563DCA433455B
10E1DC17EE3781E8DF11AB2F25C4712F0F8D70DFFF119FFF6CA78500080021F9235FAB86407553DDA433455B
10E1E017EE3981E8E311AB4225C4712F4F9570DFFF119FFF6CB78400080021F9235FAB86407563DEA433455B
10E1EB17EE3281E8DF11AB3725C4772F8F9970DFFF119FFF6CA78400080021F9235FAB86417563DFA433455B
10E20217EE3181E8DF11AB2225C48C2F8F9A70DFFF119FFF6CB78300080021F9235FAB86407563E0A433455B
10E20E17EE3081E8DF11AB0F25C47F2F8F9C70DFFF119FFF6CB78300080021F9235FAB86407563E1A433455B
10E21617EE2781E8E311AB0625C4792FEF9E70DFFF119FFF6CB7820007FE21F9235FAB86407563E2A433455B
10E21E17EE2D81E8D711AAF225C493305F9D70CFFF119FFF6CB78200080021F9235FAB86407563E3A433455B
10E22917EE2981E8DF11AAFF25C48E308F9970DFFF119FFF6CA78200080021F9235FAB86407563E4A533455B
10E23417EE2A81E8DC11AB1A25C477303F8F70CFFF119FFF6CA7820007FE21F9235FAB86407563E5A533455B
10E24417EE2681E8DF11AB2725C4772FDF8070CFFF119FFF6CB78200080021F9235FAB86407563E6A533455B
10E24F17EE2D81E8DF11AB1E25C4732FDF7170CFFF119FFF6CA78100080021F9235FAB86407563E7A533455B
10E25B17EE2481E8DC11AB0F25C45D2FEF6470DFFF119FFF6CA78100080021F9235FAB86407563E8A533455B
10E25B17EE2881E8D711AB0E25C45D303F6170DFFF119FFF6CB78100080021F9235FAB86407563E9A533455B
10E25F17EE2281E8D711AB1325C48630CF6970DFFF119FFF6CA77F00080021F9235FAB86407563EAA533455B
10E26217EE2381E8D711AB0E25C48C313F7470CFFF118FFF6CA77E00080021F9235FAB86407563EBA533455B
10E25B17EE2681E8DC11AB0F25C48A30FF7970CFFF119FFF6CB77E00080021F9235FAB86407563ECA533455B
10E26317EE2181E8D711AB0625C470308F7B70CFFF119FFF6CA77E0007FE21F9235FAB86407563EDA533455B
10E26217EE2381E8D711AAFF25C474302F7F70CFFF119FFF6CA77E00080021F9235FAB86407563EEA533455B
10E26217EE2581E8D511AB0225C485303F8470DFFF119FFF6CA77F00080021F9235FAB86407563EFA533455B
10E26217EE2681E8D011AB1225C490305F8670CFFF118FFF6CA77F00080021F9235FAB86407563F0A533455B
10E25B17EE2A81E8D711AB1B25C472302F8670CFFF119FFF6CA7810007FE21F9235FAB86407563F1A533455B
10E25317EE2681E8CD11AB2A25C46E2FDF8670CFFF119FFF6CB78200080021F9235FAB86407563F2A533455B
10E24F17EE2981E8D711AB2325C4832FEF8770CFFF119FFF6CA78200080021F9235FAB86407563F3A533455B
10E24817EE2881E8D011AB2225C484300F8A70CFFF119FFF6CA7830007FE21F9235FAB86407563F4A533455B
10E24417EE2581E8D011AB2B25C47B2FDF8F70CFFF119FFF6CB78400080021F9235FAB86407563F5A533455B
10E24417EE2D81E8D511AB2E25C4852FAF9470CFFF119FFF6CA78300080021F9235FAB86407563F6A533455B
10E23D17EE2981E8C811AB3325C4702F8F9670CFFF119FFF6CB78300080021F9235FAB86417563F7A533455B
10E23817EE2181E8C811AB4225C46E2F9F9570CFFF119FFF6CB78300080021F9235FAB86407563F8A533455B
10E23817EE2881E8CD11AB5B25C46B2FBF9570BFFF119FFF6CA78300080021F9235FAB86407563F9A533455B
10E23817EE2B81E8D011AB6325C4612FFF9170CFFF119FFF6CA7830007FE21F9235FAB86407563FAA533455B
10E23417EE2381E8C811AB6B25C45F300F8370CFFF119FFF6CB7830007FE21F9235FAB86407563FBA533455B
10E23817EE2C81E8C611AB6725C46C302F7470CFFF119FFF6CB78200080021F9235FAB86407563FCA633455B
10E23017EE2C81E8C811AB6325C46A304F7270CFFF119FFF6CA78300080021F9235FAB86407563FDA633455B
10E22917EE2B81E8C811AB6725C46E305F7870CFFF119FFF6CB7830007FE21F9235FAB86407563FEA633455B
10E22117EE2B81E8C811AB6B25C471305F7B70DFFF119FFF6CA7830007FE21F9235FAB86407563FFA633455B
10E22917EE2B81E8C611AB6725C46B303F7670CFFF119FFF6CB78500080021F9235FAB8640756300A633455B
10E22117EE2681E8C111AB6725C46F2FEF6E70DFFF119FFF6CB78600080021F9235FAB8640756301A633455B
10E22617EE2D81E8C111AB6725C4632F8F6970DFFF119FFF6CA78600080021F9235FAB8640756302A633455B
10E22917EE2481E8C611AB6725C4652F3F7070DFFF119FFF6CA7870007FE21F9235FAB8640756303A633455B
10E23017EE2481E8C111AB6B25C45B2F5F7970DFFF118FFF6CB78800080021F9235FAB8640756304A633455B
10E23817EE2D81E8BA11AB6725C45D2F8F7E70EFFF119FFF6CB7880007FE21F9235FAB8640756305A633455B
10E24017EE2781E8BE11AB6325C46C2FBF7F70EFFF119FFF6CA78800080021F9235FAB8640756306A633455B
10E23C17EE2681E8C111AB6B25C4772FDF7470EFFF119FFF6CA78800080021F9235FAB8640756307A633455B
10E24017EE2581E8BA11AB7725C4652FBF7670EFFF119FFF6CB78800080021F9235FAB8640756308A633455B
10E24417EE2581E8BA11AB7F25C4722FBF7C70EFFF119FFF6CB78700080021F9235FAB8640756309A633455B
10E24417EE2981E8BE11AB8725C46C300F7C70EFFF119FFF6CA78600080021F9235FAB864075630AA633455B
10E24817EE2381E8BA11AB8F25C4682FFF7B70EFFF119FFF6CB7860007FE21F9235FAB864075630BA633455B
10E24F17EE2481E8BA11AB9F25C4742FFF8070EFFF119FFF6CA78500080021F9235FAB864075630CA633455B
10E24C17EE2181E8B711ABAB25C479304F8870EFFF119FFF6CA78300080021F9235FAB864075630DA633455B
10E24F17EE2881E8B211ABBF25C479303F8E70EFFF119FFF6CA78200080021F9235FAB864075630EA633455B
10E24B17EE2881E8BA11ABE425C473303F8F70EFFF119FFF6CA78100080021F9235FAB864175630FA633455B
10E24F17EE2581E8B711AC1325C47D308F8D70EFFF119FFF6CA77E0007FE21F9235FAB8640756310A633455B
10E25717EE2181E8B211AC2425C46730CF8C70DFFF119FFF6CA77C0007FE21F9235FAB8640756311A633455B
10E25317EE2881E8B211AC5825C44C308F8470DFFF118FFF6CA77C0007FE21F9235FAB8640756312A633455B
10E25717EE2381E8B711AC8125C446309F5670EFFF119FFF6CB77800080021F9235FAB8640756313A633455B
10E25717EE2481E8AB11AC9C25C44630FF3C70EFFF119FFF6CA77600080021F9235FAB8640756314A733455B
10E25717EE2581E8B211ACB125C45830EF4F70EFFF119FFF6CA77600080021F9235FAB8640756315A733455B
10E25717EE2581E8AB11ACCC25C445307F6470EFFF119FFF6CA7730007FE21F9235FAB8640756316A733455B
10E25B17EE2681E8B011ACB925C4292FDF6B70DFFF119FFF6CB77200080021F9235FAB8640756317A733455B
10E25717EE2181E8B211ACAC25C4432FCF7270DFFF119FFF6CA77200080021F9235FAB8640756318A733455B
10E25317EE2381E8AB11ACA125C45A303F7A70EFFF119FFF6CA77000080021F9235FAB8640756319A733455B
10E24F17EE2581E8B011ACA025C459303F7F70DFFF119FFF6CA76F00080021F9235FAB864075631AA733455B
10E24F17EE2681E8AB11ACBD25C44A2F9F8470DFFF119FFF6CB76F00080021F9235FAB864075631BA733455B
10E24F17EE2A81E8AB11AD0825C42B2F5F8B70DFFF119FFF6CA76E00080021F9235FAB864075631CA733455B
10E25317EE2281E8A811AD9D25C4292F5F8F70EFFF119FFF6CB76D0007FE21F9235FAB864075631DA733455B
10E25717EE2081E8AB11AEAA25C43F2F9F8670DFFF119FFF6CA76D00080021F9235FAB864075631EA733455B
10E25B17EE2481E8AB11AF3625C4462FAF8070DFFF119FFF6CA76E0007FE21F9235FAB864075631FA733455B
10E26217EE2181E8A311AFA025C4392F4F8070DFFF119FFF6CA76F00080021F9235FAB8640756320A733455B
10E25F17EE2381E8A811B04B25C4212EFF8370DFFF119FFF6CA76F00080021F9235FAB8640756321A733455B
10E26717EE2281E8AB11B04B25C4212F2F8570DFFF119FFF6CA76F00080021F9235FAB8640756322A733455B
10E26A17EE2481E8AB11B06225C4232F8F7570DFFF119FFF6CA77000080021F9235FAB8640756323A733455B
10E26617EE2581E8A111B0E425C4302FCF2770DFFF119FFF6CA77000080021F9235FAB8640756324A733455B
10E26217EE2181E8AB11B11825C4412FFECC70DFFF119FFF6CA77100080021F9235FAB8640756325A733455B
10E26E17EE2581E8AB11B10025C43F2FEE8F70DFFF118FFF6CA77200080021F9235FAB8640756326A733455B
10E27217EE2581E8A111B13425C4372FAE8470DFFF119FFF6CB77200080021F9235FAB8641756327A733455B
10E26E17EE2581E8A311B1AD25C43B2F7EB370DFFF119FFF6CA77200080021F9235FAB8640756328A733455B
10E26A17EE1C81E8AB11B1F925C4432F8EDD70DFFF119FFF6CA77300080021F9235FAB8640756329A733455B
10E26E17EE2781E8A111B1E925C43F2FAEFD70DFFF118FFF6CA77300080021F9235FAB864075632AA733455B
10E26E17EE2681E8A311B15025C4562FBF1D70DFFF119FFF6CB77300080021F9235FAB864075632BA733455B
10E27217EE2581E8AB11B01B25C4652FDF3870DFFF119FFF6CA77400080021F9235FAB864075632CA833455B
10E26E17EE2181E8A311AF4A25C4542FDF4970DFFF119FFF6CA77400080021F9235FAB864075632DA833455B
10E26A17EE2081E8A111AFC425C43B2FAF4F70DFFF119FFF6CA77400080021F9235FAB864075632EA833455B
10E26617EE2081E8A311B07F25C42E2F8F5070DFFF119FFF6CB77700080021F9235FAB864075632FA833455B
10E27A17EE2081E8A311B0FC25C4382FCF5570EFFF119FFF6CB77900080021F9235FAB8640756330A833455B
10E29C17EE2081E8A811B12825C4562FFF5D70DFFF119FFF6CA77A0007FE21F9235FAB8640756331A833455B
10E2B717EE1981E8A311B19525C44C2FDF6670DFFF119FFF6CA77B00080021F9235FAB8640756332A833455B
10E2CE17EE1981E8A311B23E25C4462F9F6B70DFFF119FFF6CB77C00080021F9235FAB8640756333A833455B
10E2DD17EE1681E8A811B26E25C4332F6F7070EFFF119FFF6CA77C00080021F9235FAB8640756334A833455B
10E2E517EE2181E8A311B20A25C44C2F4F7670EFFF119FFF6CA77D0007FE21F9235FAB8640756335A833455B
10E2DD17EE2281E8A311B12425C4632F5F7C70EFFF119FFF6CA77D00080021F9235FAB8640756336A833455B
10E2CE17EE2081E8A811B10C25C4472F3F8370EFFF119FFF6CA77D0007FE21F9235FAB8640756337A833455B
10E2AC17EE2381E8A311B17525C4302EFF8770EFFF119FFF6CA77E00080021F9235FAB8640756338A833455B
10E28D17EE2581E8AB11B1DE25C4322F2F8670EFFF119FFF6CA77F00080021F9235FAB8640756339A833455B
10E27617EE2A81E8A311B22A25C4282FEF8770EFFF119FFF6CA77F00080021F9235FAB864075633AA833455B
10E26217EE2681E8A811B27A25C436304F8A70EFFF119FFF6CA78000080021F9235FAB864075633BA833455B
10E25B17EE2581E8AB11B2CB25C43D304F8A70EFFF119FFF6CB7810007FE21F9235FAB864075633CA833455B
10E25317EE2981E89C11B2FD25C449300F8870DFFF119FFF6CB7810007FE21F9235FAB864075633DA833455B
10E25017EE2B81E8B011B32725C4482FCF8870EFFF119FFF6CA78200080021F9235FAB864075633EA833455B
10E24B17EE2B81E8A311B36325C43F2F9F8770EFFF119FFF6CA78500080021F9235FAB864075633FA833455B
10E24817EE2E81E8AB11B3C025C4492F9F8A70EFFF119FFF6CA78700080021F9235FAB8741756340A833455B
10E24417EE2781E8A811B40425C44E2FDF8E70EFFF119FFF6CA78700080021F9235FAB8740756341A833455B
10E24017EE2A81E8AB11B41425C4482FEF9170DFFF119FFF6CA78A00080021F9235FAB8740756342A833455B
10E23C17EE2681E8AB11B3F025C4462FDF9070DFFF119FFF6CA78C00080021F9235FAB8740756343A833455B
10E23817EE2981E8B011B40825C452300F8B70DFFF119FFF6CA78C00080021F9235FAB8740756344A933455B
10E22D17EE2B81E8AB11B45525C450307F8A70DFFF119FFF6CA78E00080021F9235FAB8740756345A933455B
10E22917EE2B81E8AB11B4B125C454307F8470DFFF119FFF6CA78F00080021F9235FAB8740756346A933455B
10E22517EE2B81E8AB11B4F225C444301F8670DFFF119FFF6CB78F00080021F9235FAB8740756347A933455B
10E22917EE2B81E8B011B4FA25C4502FEF8D70DFFF119FFF6CA79000080021F9235FAB8740756348A933455B
10E22617EE2881E8AB11B4C225C46A2FCF9270DFFF119FFF6CA7900007FE21F9235FAB8740756349A933455B
10E22117EE2A81E8B211B44125C45D2FBF8C70DFFF119FFF6CA7900007FE21F9235FAB874075634AA933455B
10E22517EE2B81E8B011B3BC25C4432F8F8A70DFFF119FFF6CA78F00080021F9235FAB874075634BA933455B
10E22D17EE2B81E8B211B33325C4492F7F8E70DFFF119FFF6CA78E0007FE21F9235FAB874075634CA933455B
10E22D17EE2881E8B211B2CF25C4682FDF9070DFFF119FFF6CA78E00080021F9235FAB874075634DA933455B
10E23417EE2A81E8B711B2CC25C45E2FDF8F70DFFF119FFF6CA78C00080021F9235FAB874075634EA933455B
10E25717EE2681E8B211B2E325C4502F9F8D70CFFF119FFF6CA78A0007FE21F9235FAB874075634FA933455B
10E28917EE2181E8B211B2C225C4482FAF9170DFFF119FFF6CA78A00080021F9235FAB8740756350A933455B
10E2AC17EE1981E8BA11B2A625C45F2FDF9770DFFF119FFF6CA7880007FE21F9235FAB8740756351A933455B
10E2FC17EE1581E8B711B2CF25C474300F9470DFFF119FFF6CA78500080021F9235FAB8740756352A933455B
10E39517EE0C81E8B211B33525C4652FDF8A70DFFF119FFF6CA7840007FE21F9235FAB8740756353A933455B
10E41D17EE0A81E8BA11B3AC25C4532F9F8970DFFF119FFF6CB78200080021F9235FAB8740756354A933455B
10E4E517EE0781E8B711B32725C4552F9F8D70DFFF119FFF6CA78000080021F9235FAB8740756355A933455B
10E5B917EE0581E8C111B23625C47D2FDF8B70DFFF119FFF6CA77F00080021F9235FAB8740756356A933455B
10E62417EE0881E8B211B18525C48A301F8B70DFFF119FFF6CA77E00080021F9235FAB8740756357A933455B
10E60917EE0A81E8BE11B0CB25C47D300F8F70EFFF119FFF6CA77A00080021F9235FAB8741756358A933455B
10E5EB17EE0F81E8BA11B06725C4792FCF9370EFFF119FFF6CA7790007FE21F9235FAB8740756359A933455B
10E61117EE0F81E8C111AFF325C4852FCF9270EFFF119FFF6CB77800080021F9235FAB874075635AA933455B
10E64317EE0B81E8BA11AF7825C48A2FBF9470DFFF119FFF6CA77300080021F9235FAB874075635BA933455B
10E67B17EE0D81E8C611AF1625C48A2F9F9470EFFF119FFF6CA77100080021F9235FAB874075635CAA33455B
10E65317EE0C81E8C111AEDA25C48A2F8F9470EFFF119FFF6CA77100080021F9235FAB874075635DAA33455B
10E5B117EE0A81E8C111AE8D25C48A2F9F9470EFFF119FFF6CA76D00080021F9235FAB874075635EAA33455B
10E54917EE1281E8BE11AE3125C48A2F8F9370EFFF119FFF6CA76B00080021F9235FAB874075635FAA33455B
10E55C17EE1881E8C811ADE825C4842FBF8E70EFFF119FFF6CA76B00080021F9235FAB8740756360AA33455B
10E55817EE0F81E8C111ADA525C48E2FFF8C70EFFF119FFF6CA76900080021F9235FAB8740756361AA33455B
10E51B17EE1B81E8C611AD7B25C4A0300F8C70DFFF118FFF6CA76800080021F9235FAB8740756362AA33455B
10E4CE17EE2081E8C811AD7C25C4902FFF8C70DFFF119FFF6CA76800080021F9235FAB8740756363AA33455B
10E49C17EE2081E8C111AD8B25C47D2FDF8770DFFF119FFF6CA76800080021F9235FAB8740756364AA33455B
10E46717EE1D81E8CD11ADA125C4732FDF8270DFFF119FFF6CA76800080021F9235FAB8740756365AA33455B
10E45617EE1F81E8C811ADE125C47D303F8570DFFF119FFF6CA7680007FE21F9235FAB8740756366AA33455B
10E44B17EE1B81E8C811AE1825C47B30AF8C70DFFF119FFF6CA76900080021F9235FAB8740756367AA33455B
10E44317EE1E81E8C811AE6925C473308F9370DFFF118FFF6CA76900080021F9235FAB8740756368AA33455B
10E44317EE2081E8CD11AEAA25C45E301F9570DFFF119FFF6CA7690007FE21F9235FAB8740756369AA33455B
10E43217EE1881E8C811AE8925C45D2FCF9670DFFF119FFF6CA7690007FE21F9235FAB874075636AAA33455B
10E43017EE1D81E8D011AE4125C4652FAF9570DFFF119FFF6CA76900080021F9235FAB874075636BAA33455B
10E42C17EE2081E8CD11AE0825C4742F9F9670DFFF119FFF6CA7690007FE21F9235FAB874075636CAA33455B
10E42417EE1D81E8D011ADF525C4852F6F9570CFFF119FFF6CA76B00080021F9235FAB874075636DAA33455B
10E41117EE1F81E8D011ADD425C4772F2F8F70CFFF119FFF6CA76F00080021F9235FAB874075636EAA33455B
10E40617EE2381E8CD11AD8825C4632EFF8770CFFF119FFF6CA77100080021F9235FAB864175636FAA33455B
10E3CE17EE2981E8D011AD2625C46C2F4F7970CFFF119FFF6CA77100080021F9235FAB8640756370AA33455B
10E36417EE2B81E8D011AD0025C4832FEF7870CFFF119FFF6CB77500080021F9235FAB8640756371AA33455B
10E30817EE2B81E8D011ACDC25C484301F7B70DFFF119FFF6CA77700080021F9235FAB8640756372AA33455B
10E2F517EE2B81E8D511ACBD25C47B2FBF7A70CFFF119FFF6CA77700080021F9235FAB8640756373AA33455B
10E30C17EE2281E8D011ACA825C4792FAF7270CFFF119FFF6CA77A00080021F9235FAB8640756374AB33455B
10E31B17EE2581E8D711ACA125C47F2FCF6C70CFFF119FFF6CA77C00080021F9235FAB8640756375AB33455B
10E30C17EE2A81E8D511ACB025C47B2FFF6C70CFFF119FFF6CA77C00080021F9235FAB8640756376AB33455B
10E2D217EE2681E8D011ACAD25C4732FDF6970CFFF119FFF6CA77F0007FE21F9235FAB8640756377AB33455B
10E2A817EE2581E8D011AC6825C4772F6F6970CFFF119FFF6CA78100080021F9235FAB8640756378AB33455B
10E28517EE2A81E8D511AC2425C4732F3F6A70BFFF119FFF6CB7810007FE21F9235FAB8640756379AB33455B
10E26A17EE2F81E8D711AC2325C4772F5F6D70CFFF118FFF6CA7830007FE21F9235FAB864075637AAB33455B
10E25317EE3081E8D711ACBD25C4652F4F7470CFFF119FFF6CA78500080021F9235FAB864075637BAB33455B
10E23417EE2D81E8D711AD6025C4522F0F7970CFFF119FFF6CA78500080021F9235FAB864075637CAB33455B
10E20E17EE2B81E8D511AD8F25C44E2F1F6D70CFFF119FFF6CA78700080021F9235FAB864075637DAB33455B
10E1FB17EE2B81E8D011AD6025C45B2F8F4F70CFFF119FFF6CB78900080021F9235FAB864075637EAB33455B
10E1F717EE2B81E8D711ACFA25C47F2FFF4070CFFF119FFF6CA78A0007FE21F9235FAB864075637FAB33455B
10E20617EE2881E8DC11ACB025C470300F4D70CFFF119FFF6CA78A00080021F9235FAB8640756380AB33455B
10E24817EE2181E8D011AC7025C4742FFF6770CFFF119FFF6CA78B0007FE21F9235FAB8640756381AB33455B
10E27E17EE2881E8D711AC2825C479300F7870CFFF119FFF6CA78B0007FE21F9235FAB8640756382AB33455B
10E2A817EE2681E8D711ABF325C473301F7B70CFFF119FFF6CA78B00080021F9235FAB8640756383AB33455B
10E2BB17EE2281E8DC11ABB325C4772FFF7A70CFFF119FFF6CB78B00080021F9235FAB8640756384AB33455B
10E2C617EE2881E8D011AB8F25C4802FEF6D70CFFF119FFF6CA78B00080021F9235FAB8640756385AB33455B
10E2D217EE2281E8D711AB7F25C4822FAF6470CFFF119FFF6CA78B00080021F9235FAB8640756386AB33455B
10E2C617EE2081E8D511AB7325C4822FAF6C70CFFF119FFF6CA78B00080021F9235FAB8641756387AB33455B
10E2CA17EE2581E8D711AB5325C4752FBF7970CFFF119FFF6CA78B00080021F9235FAB8640756388AB33455B
10E2B717EE2A81E8D711AB3625C4712FCF8070CFFF119FFF6CA78A0007FE21F9235FAB8640756389AB33455B
10E29817EE2281E8D511AB0F25C4712FCF8570DFFF119FFF6CA78800080021F9235FAB864075638AAB33455B
10E28D17EE2881E8D711AAF225C4642FAF8A70DFFF119FFF6CB78700080021F9235FAB864075638BAB33455B
10E29817EE2881E8D711AAF325C4792FAF8C70DFFF119FFF6CA78700080021F9235FAB864075638CAC33455B
10E29417EE2181E8D011AAF225C48E2FDF8770DFFF119FFF6CA78500080021F9235FAB864075638DAC33455B
10E2B317EE2381E8D511AB0B25C47F2FDF8570DFFF11AFFF6CA78300080021F9235FAB864075638EAC33455B
10E2BB17EE2581E8D711AB0225C4792FAF8170DFFF119FFF6CA78300080021F9235FAB864075638FAC33455B
10E2BF17EE2681E8D711AAF725C4852FBF8070EFFF119FFF6CA7820007FE21F9235FAB8640756390AC33455B
10E2F517EE2181E8D511AAEA25C48A2FDF7F70EFFF119FFF6CA78200080021F9235FAB8640756391AC33455B
10E32A17EE2081E8D011AAF725C48A2F8F8170EFFF119FFF6CA7820007FE21F9235FAB8640756392AC33455B
10E31F17EE1781E8D711AB2A25C47D2F2F8470EFFF119FFF6CA78200080021F9235FAB8640756393AC33455B
10E2DD17EE2281E8D511AB3A25C4732EEF8970EFFF119FFF6CA78200080021F9235FAB8640756394AC33455B
10E2AF17EE1981E8D011AB5B25C46A2F1F8D70FFFF119FFF6CA7820007FE21F9235FAB8640756395AC33455B
10E30017EE1881E8D011AB9B25C4742F5F9170FFFF119FFF6CA78100080021F9235FAB8640756396AC33455B
10E31F17EE1E81E8D711ABD725C4852FAF9370FFFF119FFF6CA78100080021F9235FAB8640756397AC33455B
10E30817EE1D81E8D511ABD825C47D2FBF8F70FFFF118FFF6CA7810007FE21F9235FAB8640756398AC33455B
10E2F117EE1A81E8D011ABAB25C4732F8F8470FFFF119FFF6CA7800007FE21F9235FAB8640756399AC33455B
10E2E117EE1A81E8D011AB8325C4712F8F7F70FFFF119FFF6CA78000080021F9235FAB864075639AAC33455B
10E2ED17EE1A81E8CD11AB6B25C46A2FCF7F710FFF119FFF6CB77F0007FE21F9235FAB864075639BAC33455B
10E2FC17EE1B81E8D011AB5B25C4742FBF81710FFF119FFF6CA77F00080021F9235FAB864075639CAC33455B
10E31B17EE1A81E8D011AB4B25C4792F6F7A710FFF119FFF6CA77D0007FE21F9235FAB864075639DAC33455B
10E34517EE1A81E8D511AB1625C4792F3F6F710FFF119FFF6CA77D0007FE21F9235FAB864075639EAC33455B
10E35C17EE1A81E8C811AAEB25C4792F6F68710FFF119FFF6CB77C00080021F9235FAB864075639FAC33455B
10E37317EE1781E8D011AAB925C4732FAF4F710FFF119FFF6CB77A00080021F9235FAB86417563A0AC33455B
10E38717EE1981E8D011AA9E25C4712FDF2A711FFF119FFF6CA77A00080021F9235FAB86407563A1AC33455B
10E3A217EE1681E8CD11AA9125C46A300F0F711FFF119FFF6CA77900080021F9235FAB86407563A2AC33455B
10E3BF17EE1081E8D011AAA125C46E302EF2711FFF119FFF6CA77700080021F9235FAB86407563A3AC33455B
10E3DB17EE1581E8C811AA9E25C4712FFED2711FFF119FFF6CA77600080021F9235FAB86407563A4AD33455B
10E41517EE1181E8D511AAAD25C45D2F7EBF711FFF119FFF6CA77600080021F9235FAB86407563A5AD33455B
10E44B17EE0F81E8C811AADF25C44A2F4EC2711FFF119FFF6CA77400080021F9235FAB86407563A6AD33455B
10E48817EE0F81E8C811AAFE25C4522FAED5711FFF119FFF6CA77400080021F9235FAB86407563A7AD33455B
10E4A717EE1581E8CD11AB1725C46A302EF4711FFF119FFF6CB77400080021F9235FAB86407563A8AD33455B
10E4D617EE1181E8D011AB2E25C483306F15711FFF119FFF6CA7740007FE21F9235FAB86407563A9AD33455B
10E4F417EE1381E8C111AB4F25C47D300F32710FFF119FFF6CA77300080021F9235FAB86407563AAAD33455B
10E52217EE1081E8D011AB5F25C45F2FBF44711FFF119FFF6CA7730007FE21F9235FAB86407563ABAD33455B
10E54917EE0C81E8CD11AB7725C45D2F8F53711FFF119FFF6CA77300080021F9235FAB86407563ACAD33455B
10E56417EE1281E8C811AB9325C45F2FBF62711FFF119FFF6CA77200080021F9235FAB86407563ADAD33455B
10E56417EE1081E8C811ABBF25C4592FDF6D711FFF119FFF6CA77200080021F9235FAB86407563AEAD33455B
10E54517EE1581E8C611ABF425C4502FCF74711FFF119FFF6CA77300080021F9235FAB86407563AFAD33455B
10E52217EE1181E8C811AC2325C44E2FCF73711FFF11AFFF6CA77300080021F9235FAB86407563B0AD33455B
10E51317EE1381E8C811AC3825C4342FDF71711FFF119FFF6CA7730007FE21F9235FAB86407563B1AD33455B
10E52317EE1081E8CD11AC2F25C445302F77711FFF119FFF6CA77400080021F9235FAB86407563B2AD33455B
10E50F17EE1581E8C811ABF425C46230FF7C711FFF119FFF6CB77500080021F9235FAB86407563B3AD33455B
10E50717EE1D81E8C811ABE725C475319F7C711FFF119FFF6CB7750007FE21F9235FAB86407563B4AD33455B
10E4F017EE1781E8C811AC1C25C46C314F77710FFF119FFF6CA7750007FE21F9235FAB86407563B5AD33455B
10E4BE17EE1881E8C611AC4B25C44E308F7270FFFF119FFF6CA77600080021F9235FAB86407563B6AD33455B
10E4BB17EE1381E8C811AC6925C452304F6B710FFF119FFF6CA7760007FE21F9235FAB86407563B7AD33455B
10E4CA17EE0F81E8C811AC8425C457306F4C70FFFF119FFF6CB77600080021F9235FAB86417563B8AD33455B
10E4CE17EE1381E8C611AC7525C463305EFE70FFFF119FFF6CA77600080021F9235FAB86407563B9AD33455B
10E4CA17EE1081E8C811AC4325C468300EE670FFFF119FFF6CB77600080021F9235FAB86407563BAAD33455B
10E4B717EE1081E8C811AC1425C4752FBF1470FFFF119FFF6CA77700080021F9235FAB86407563BBAD33455B
10E45C17EE0F81E8C611ABF725C4732FAF4770FFFF119FFF6CA77800080021F9235FAB86407563BCAE33455B
10E43817EE1381E8C811ABF025C45D2F6F6770FFFF11AFFF6CB7790007FE21F9235FAB86407563BDAE33455B
10E47517EE1081E8C811ABE725C4502F3F7770EFFF119FFF6CB77900080021F9235FAB86407563BEAE33455B
10E4C617EE1581E8C811ABE425C4682F9F7F70EFFF119FFF6CA77B00080021F9235FAB86407563BFAE33455B
10E4FC17EE1181E8C611ABDF25C477302F8670EFFF119FFF6CA77C00080021F9235FAB86407563C0AE33455B
10E51717EE0B81E8C811ABBB25C47330AF8A70EFFF119FFF6CA77C0007FE21F9235FAB86407563C1AE33455B
10E53217EE0D81E8C811ABAB25C45D309F8F70DFFF119FFF6CB77D00080021F9235FAB86407563C2AE33455B
10E56817EE0881E8C611ABAF25C463306F9370DFFF119FFF6CA77E00080021F9235FAB86407563C3AE33455B
10E56417EE0C81E8C811ABB325C461307F9170DFFF119FFF6CA77E00080021F9235FAB86407563C4AE33455B
10E54517EE0F81E8C811ABB325C472309F8F70DFFF119FFF6CA77E0007FE21F9235FAB86407563C5AE33455B
10E53217EE0F81E8C611ABC725C45F309F8970DFFF119FFF6CA77F00080021F9235FAB86407563C6AE33455B
10E52217EE0C81E8C811ABE025C46A305F7F70DFFF119FFF6CB77F0007FE21F9235FAB86407563C7AE33455B
10E54117EE0A81E8C811ABF325C463301F7770DFFF119FFF6CB78000080021F9235FAB86407563C8AE33455B
10E57717EE0A81E8D011ABF825C45F2FDF7370EFFF119FFF6CA78000080021F9235FAB86407563C9AE33455B
10E57F17EE0A81E8C611ABE325C4592FDF7570EFFF119FFF6CA7810007FE21F9235FAB86407563CAAE33455B
10E58A17EE0B81E8C811ABE425C463303F7770EFFF119FFF6CA78100080021F9235FAB86407563CBAE33455B
10E5B917EE0681E8C811ABD725C468309F7770EFFF119FFF6CA78100080021F9235FAB86407563CCAE33455B
10E5E317EE0881E8CD11ABD425C461307F7770EFFF119FFF6CA7810007FE21F9235FAB86407563CDAE33455B
10E5F217EE0681E8C811ABCF25C46C304F7670DFFF119FFF6CA7820007FE21F9235FAB86407563CEAE33455B
10E60217EE0581E8C811ABD425C471305F7770EFFF119FFF6CA78300080021F9235FAB86407563CFAE33455B
10E5FE17EE0581E8CD11ABCF25C47D308F7F70EFFF119FFF6CB7830007FE21F9235FAB86417563D0AE33455B
10E63817EE0581E8C811ABCB25C482307F8B70EFFF119FFF6CA78300080021F9235FAB86407563D1AE33455B
10E68F17EE0581E8C811ABCF25C47B304F9270EFFF119FFF6CB78400080021F9235FAB86407563D2AE33455B
10E6C217EE0581E8D011ABE025C465301F8D70EFFF119FFF6CA7840007FE21F9235FAB86407563D3AE33455B
10E6E517EE0981E8CD11ABEF25C45F2FFF8170EFFF119FFF6CA78400080021F9235FAB86407563D4AF33455B
10E6D917EE0D81E8C811ABE025C4862FFF7670EFFF119FFF6CA78500080021F9235FAB86407563D5AF33455B
10E6EA17EE0B81E8D011ABC325C4862FFF6D70EFFF119FFF6CA78500080021F9235FAB86407563D6AF33455B
10E72617EE0B81E8CD11AB9B25C4752F9F6770EFFF119FFF6CA7850007FE21F9235FAB86407563D7AF33455B
10E74917EE0E81E8D011AB8325C4632F1F6570EFFF119FFF6CA78600080021F9235FAB86407563D8AF33455B
10E74317EE0F81E8C811AB7725C4792F3F6D70FFFF119FFF6CA7860007FE21F9235FAB86407563D9AF33455B
10E71317EE1381E8CD11AB5F25C49B2F9F7970EFFF119FFF6CA78600080021F9235FAB86407563DAAF33455B
10E6E917EE1681E8D011AB4325C4842FEF8370EFFF119FFF6CA78600080021F9235FAB86407563DBAF33455B
10E69017EE1181E8D011AB2625C4792FDF8770EFFF119FFF6CA78600080021F9235FAB86407563DCAF33455B
10E64617EE1381E8D011AB0725C46C2FAF8770EFFF119FFF6CA78600080021F9235FAB86407563DDAF33455B
10E61D17EE1581E8CD11AAE625C47B2FCF8770EFFF119FFF6CA78600080021F9235FAB86407563DEAF33455B
10E5FA17EE1A81E8D011AACB25C47B300F8770EFFF119FFF6CA7850007FE21F9235FAB86407563DFAF33455B
10E5A917EE1A81E8D011AAC125C473303F8270EFFF119FFF6CA78500080021F9235FAB86407563E0AF33455B
10E55817EE1E81E8CD11AACF25C477303F7E70EFFF119FFF6CA78400080021F9235FAB86407563E1AF33455B
10E52E17EE2081E8D711AAD225C479300F7770FFFF119FFF6CA78400080021F9235FAB86407563E2AF33455B
10E4DD17EE1D81E8C811AAC325C4652FDF6E70FFFF119FFF6CA78300080021F9235FAB86407563E3AF33455B
10E47D17EE1F81E8D511AAB125C46C2F9F6470FFFF119FFF6CA78300080021F9235FAB86407563E4AF33455B
10E45417EE1B81E8D011AA8D25C4772FAF5C70FFFF119FFF6CA78200080021F9235FAB86407563E5AF33455B
10E45317EE1E81E8D011AA8E25C4792FAF5C70FFFF119FFF6CA78100080021F9235FAB86407563E6AF33455B
10E46E17EE2081E8D711AA8D25C4732F8F6270FFFF119FFF6CA78100080021F9235FAB86407563E7AF33455B
10E47917EE1B81E8CD11AA8225C4712F6F6A70FFFF119FFF6CB77F00080021F9235FAB86417563E8AF33455B
10E47517EE1A81E8D711AA6525C4642F3F7170FFFF119FFF6CA77F0007FE21F9235FAB86407563E9AF33455B
10E43817EE1E81E8D011AA4625C4662F1F7B70FFFF119FFF6CB77E00080021F9235FAB86407563EAAF33455B
10E3F117EE2581E8CD11AA3025C46E2F1F8370FFFF119FFF6CA77B00080021F9235FAB86407563EBAF33455B
10E3E317EE2581E8D711AA2825C4632F1F8870FFFF119FFF6CA77A00080021F9235FAB86407563ECB033455B
10E3F617EE2581E8D011AA3625C46C2F3F8E70FFFF119FFF6CA77A0007FE21F9235FAB86407563EDB033455B
10E3FE17EE2181E8D511AA3C25C4712F5F9370FFFF119FFF6CA77600080021F9235FAB86407563EEB033455B
10E3DF17EE1D81E8D711AA2E25C4772FAF9870EFFF119FFF6CA7740007FE21F9235FAB86407563EFB033455B
10E3BD17EE2281E8C811AA2825C473302F9A70EFFF119FFF6CA7730007FE21F9235FAB86407563F0B033455B
10E3AC17EE2181E8D711AA1E25C47D30AF9970FFFF119FFF6CA76F0007FE21F9235FAB86407563F1B033455B
10E3AD17EE2081E8D511AA2C25C47B30EF9670FFFF119FFF6CA76C00080021F9235FAB86407563F2B033455B
10E3A517EE1D81E8D711AA3C25C46530EF9470FFFF119FFF6CA76B00080021F9235FAB86407563F3B033455B
10E38E17EE1F81E8D011AA3225C45F30EF9070FFFF119FFF6CA76700080021F9235FAB86407563F4B033455B
10E37B17EE1B81E8D511AA1C25C47930DF8370FFFF119FFF6CA7640007FE21F9235FAB86407563F5B033455B
10E36C17EE1E81E8D011AA1625C48230BF7770FFFF119FFF6CA76300080021F9235FAB86407573F6B033455B
10E35517EE2081E8D711AA0C25C46E306F6D70FFFF119FFF6CA76200080021F9235FAB86407563F7B033455B
10E36317EE2081E8CD11AA0E25C4612FFF5B70FFFF119FFF6CA76000080021F9235FAB86407563F8B033455B
10E36017EE2381E8D711AA0825C4652FCF5170FFFF119FFF6CA76000080021F9235FAB86407563F9B033455B
10E35C17EE2681E8D011AA0825C46E2FCF5B70FFFF119FFF6CA76000080021F9235FAB86407563FAB033455B
10E34117EE2181E8D711AA0E25C47D2FBF6B70FFFF119FFF6CA76200080021F9235FAB86407563FBB033455B
10E34117EE1781E8CD11AA0C25C47B2F9F7B70FFFF119FFF6CA76100080021F9235FAB86407563FCB033455B
10E38E17EE2181E8D711AA1625C4592FAF8670FFFF119FFF6CA76200080021F9235FAB86407563FDB033455B
10E3B117EE2681E8D011AA1425C4552FEF8D70FFFF119FFF6CA76400080021F9235FAB86407563FEB033455B
10E35017EE2A81E8D511AA0C25C450306F8970FFFF119FFF6CA76400080021F9235FAB86407563FFB033455B
10E2F517EE2681E8D011AA0625C46E30FF7F70FFFF119FFF6CA7650007FE21F9235FAB8641756300B033455B
10E2BF17EE2581E8D011AA0425C47F312F7970FFFF119FFF6CA76700080021F9235FAB8640756301B033455B
10E29417EE2681E8D511A9FE25C46E30BF7C70EFFF119FFF6CA7670007FE21F9235FAB8640757302B033455B
10E27217EE2D81E8D011AA0425C461300F8370FFFF119FFF6CA76800080021F9235FAB8640756303B033455B
10E26217EE2481E8D011AA0625C45F2FEF8D70FFFF119FFF6CB76A00080021F9235FAB8640756304B133455B
10E24F17EE2881E8D011AA0C25C459301F9170FFFF119FFF6CA76B00080021F9235FAB8640756305B133455B
10E24817EE2881E8D511AA0425C45D302F9070FFFF119FFF6CA76C00080021F9235FAB8640756306B133455B
10E23C17EE2A81E8D011AA0225C45F300F8F70FFFF119FFF6CA7710007FE21F9235FAB8640756307B133455B
10E23C17EE2281E8D011AA0425C4652FCF8F70FFFF119FFF6CA77300080021F9235FAB8640756308B133455B
10E25017EE2381E8CD11AA0E25C4682F7F9270EFFF119FFF6CA7730007FE21F9235FAB8640756309B133455B
10E26A17EE2681E8C811AA1025C45C2F4F9670FFFF119FFF6CA77700080021F9235FAB864075630AB133455B
10E27617EE2581E8D011AA1025C4502F4F9770FFFF119FFF6CA77A0007FE21F9235FAB864075630BB133455B
10E26617EE2581E8CD11AA1E25C4542F7F9B70FFFF119FFF6CA77B00080021F9235FAB864075630CB133455B
10E25717EE2981E8C811AA2425C4572FCF9870FFFF119FFF6CA77D00080021F9235FAB864075630DB133455B
10E25717EE2381E8D011AA2E25C450300F9170EFFF119FFF6CA78000080021F9235FAB864075630EB133455B
10E25717EE2081E8C811AA3C25C448301F8170EFFF119FFF6CB78000080021F9235FAB864075630FB133455B
10E28117EE1B81E8CD11AA3E25C446303F7B70EFFF119FFF6CA78100080021F9235FAB8640756310B133455B
10E32A17EE0E81E8C811AA3425C453303F7F70EFFF119FFF6CA78400080021F9235FAB8640756311B133455B
10E37217EE1381E8C811AA3825C457301F8570EFFF119FFF6CA78400080021F9235FAB8640756312B133455B
10E36C17EE1581E8C611AA3225C45D300F8370EFFF119FFF6CA7850007FE21F9235FAB8640756313B133455B
10E3C817EE1081E8C811AA2C25C44C2FDF7F70EFFF119FFF6CA7860007FE21F9235FAB8640756314B133455B
10E46A17EE0F81E8C811AA2225C4462F9F7270DFFF119FFF6CA7870007FE21F9235FAB8640756315B133455B
10E4D217EE1081E8C611AA2425C44C2F8F5070DFFF119FFF6CA78700080021F9235FAB8640756316B133455B
10E4BA17EE0F81E8C111AA2A25C4622FCF4C70DFFF119FFF6CA78800080021F9235FAB8640756317B133455B
10E49517EE0F81E8C811AA3025C4682FEF6270DFFF119FFF6CA78800080021F9235FAB8641756318B133455B
10E46E17EE0F81E8C111AA3025C4542FEF7470DFFF119FFF6CA78900080021F9235FAB8640756319B133455B
10E46617EE1581E8C611AA3225C4412FAF7E70DFFF119FFF6CA78900080021F9235FAB864075631AB133455B
10E4BA17EE0D81E8C811AA3025C4372FAF8570DFFF119FFF6CA78900080021F9235FAB864075631BB133455B
10E4DD17EE0D81E8BA11AA3225C447301F8C70DFFF119FFF6CA7890007FE21F9235FAB864075631CB233455B
10E51717EE0B81E8BE11AA3825C461308F9170DFFF119FFF6CA78800080021F9235FAB864075631DB233455B
10E54D17EE0F81E8C111AA3A25C468307F9470CFFF119FFF6CA7870007FE21F9235FAB864075631EB233455B
10E59A17EE0881E8C111AA4025C44E2FFF8770CFFF119FFF6CA7870007FE21F9235FAB864075631FB233455B
10E5DB17EE0881E8BE11AA4D25C43F2F8F7F70CFFF119FFF6CA7850007FE21F9235FAB8640756320B233455B
10E5A517EE1281E8BA11AA5225C4502FAF7C70CFFF119FFF6CA78300080021F9235FAB8640757321B233455B
10E57717EE1681E8C111AA5525C45D2FFF7270CFFF119FFF6CA78300080021F9235FAB8640756322B233455B
10E52617EE2181E8BA11AA5E25C459306F6E70CFFF119FFF6CA7820007FE21F9235FAB8640756323B233455B
10E44717EE2D81E8B711AA6525C46A309F7770CFFF119FFF6CA78100080021F9235FAB8640756324B233455B
10E3A517EE2481E8BA11AA6A25C46B309F7F70CFFF119FFF6CB78100080021F9235FAB8640756325B233455B
10E34917EE2581E8BA11AA7125C468307F7C70CFFF119FFF6CA78000080021F9235FAB8640757326B233455B
10E2C217EE2581E8B711AA7925C45B302F7B70CFFF119FFF6CA77F0007FE21F9235FAB8640756327B233455B
10E29817EE2581E8BA11AA7625C44A300F8270CFFF119FFF6CA77E0007FE21F9235FAB8640756328B233455B
10E2DD17EE2181E8BA11AA7D25C452307F8A70CFFF119FFF6CA77D00080021F9235FAB8640756329B233455B
10E32A17EE2981E8B711AA8E25C46A30FF9170CFFF119FFF6CA77C0007FE21F9235FAB864075632AB233455B
10E30F17EE2B81E8B211AA9925C47130DF8D70CFFF119FFF6CA77C00080021F9235FAB864075632BB233455B
10E2B717EE2E81E8B211AA9A25C463308F8770CFFF119FFF6CA77A0007FE21F9235FAB864075632CB233455B
10E2AF17EE2D81E8B711AAA525C465303F8770CFFF119FFF6CA77700080021F9235FAB864075632DB233455B
10E29C17EE2B81E8B211AAAA25C468304F7F70CFFF119FFF6CA77600080021F9235FAB864075632EB233455B
10E26E17EE2681E8B211AAB525C45B306F7170DFFF119FFF6CA77500080021F9235FAB864075632FB233455B
10E25717EE3181E8B211AAB525C457301F6970DFFF119FFF6CB7720007FE21F9235FAB8641756330B233455B
10E25717EE2681E8B711AABE25C4632FFF6570DFFF119FFF6CB77200080021F9235FAB8640756331B233455B
10E25317EE2881E8AB11AAC125C468301F6370DFFF119FFF6CA7710007FE21F9235FAB8640756332B233455B
10E25717EE2B81E8B211AAC325C461302F6B70DFFF119FFF6CA7710007FE21F9235FAB8640756333B233455B
10E25B17EE2E81E8B011AAC925C465300F7A70DFFF119FFF6CA77100080021F9235FAB8640756334B333455B
10E24817EE2D81E8B211AAD325C47B2FFF7D70DFFF119FFF6CA77100080021F9235FAB8640756335B333455B
10E23017EE2B81E8AB11AADE25C4672FBF7170DFFF119FFF6CA7720007FE21F9235FAB8640756336B333455B
10E22D17EE2E81E8B011AAD725C4652F9F6770DFFF119FFF6CA77200080021F9235FAB8640756337B333455B
10E23817EE2781E8B211AAE625C4682FAF6170DFFF119FFF6CA7720007FE21F9235FAB8640756338B333455B
10E23817EE2A81E8AB11AAE225C46E304F5E70DFFF119FFF6CA7720007FE21F9235FAB8640756339B333455B
10E23D17EE2681E8AB11AAF325C477307F6170DFFF119FFF6CA77300080021F9235FAB864075633AB333455B
10E24017EE2981E8B011AAFE25C46C303F6E70DFFF119FFF6CA77300080021F9235FAB864075633BB333455B
10E24F17EE2B81E8AB11AB0725C4612FDF7570DFFF119FFF6CA77400080021F9235FAB864075633CB333455B
10E25717EE2B81E8AB11AB1A25C4652FCF7070DFFF119FFF6CA77500080021F9235FAB864075633DB333455B
10E25317EE2681E8B011AB2325C46E300F5D70EFFF119FFF6CA77500080021F9235FAB864075633EB333455B
10E24417EE2981E8A311AB2625C471305F5470DFFF119FFF6CB77600080021F9235FAB864075633FB333455B
10E23417EE2681E8B211AB2725C463309F6370EFFF119FFF6CB77800080021F9235FAB8640756340B333455B
10E22117EE2681E8A811AB3E25C45F30BF7770EFFF119FFF6CA77800080021F9235FAB8640756341B333455B
10E21D17EE2A81E8AB11AB4B25C45F30AF8570EFFF119FFF6CA77800080021F9235FAB8640756342B333455B
10E21917EE2681E8AB11AB6325C465309F8970DFFF119FFF6CA77800080021F9235FAB8640756343B333455B
10E21917EE2981E8A811AB7B25C46830AF8270EFFF119FFF6CA77900080021F9235FAB8640756344B333455B
10E21317EE2B81E8AB11AB9B25C45B308F7F70EFFF119FFF6CA77900080021F9235FAB8640756345B333455B
10E20E17EE2681E8AB11ABA325C444304F8770EFFF119FFF6CA77B00080021F9235FAB8640756346B333455B
10E1FF17EE2981E8AB11ABA725C44A302F8F70EFFF119FFF6CB77B00080021F9235FAB8640756347B333455B
10E1EB17EE2681E8B011ABAF25C46E304F9370EFFF119FFF6CA77C00080021F9235FAB8641757348B333455B
10E1E017EE2681E8AB11ABBB25C46C303F9170EFFF119FFF6CA77D00080221F9235FAB8640756349B333455B
10E1D017EE2A81E8AB11ABBB25C468300F8C70DFFF119FFF6CA77E00080221F9235FAB864075634AB333455B
10E1D017EE2B81E8A811ABAB25C4682FCF8370DFFF119FFF6CB77E00080321F9235FAB864075634BB333455B
10E1D017EE2E81E8B211AB9325C46E2FBF6570EFFF119FFF6CB77E00080221F9235FAB864075634CB433455B
10E1CD17EE2D81E8AB11AB6B25C46B2FCF4670EFFF119FFF6CA77F00080121F9235FAB864075634DB433455B
10E1D017EE2B81E8B011AB4A25C475300F4A70EFFF119FFF6CA77F00080121F9235FAB864075634EB433455B
10E1D017EE2681E8AB11AB2F25C46C302F5B70EFFF119FFF6CA77F00080021F9235FAB864075634FB433455B
10E1D417EE2681E8B211AB2225C468301F5770DFFF119FFF6CA78000080021F9235FAB8640756350B433455B
10E1DC17EE2A81E8A811AB1B25C474300F5870DFFF119FFF6CB78000080021F9235FAB8640756351B433455B
10E1F017EE2681E8B211AB1E25C4792FFF5B70DFFF119FFF6CA78100080021F9235FAB8640756352B433455B
10E1F317EE2981E8AB11AB1725C4802FBF6370DFFF119FFF6CA78200080021F9235FAB8640756353B433455B
10E1E717EE2381E8B211AAFE25C4682F6F7070DFFF119FFF6CA78200080021F9235FAB8640756354B433455B
10E1E417EE2481E8B011AAEB25C45F2F3F7970DFFF119FFF6CA78300080021F9235FAB8640756355B433455B
10E1FF17EE2581E8BA11AAD625C4652FAF7770DFFF119FFF6CA78300080021F9235FAB8640756356B433455B
10E21917EE2181E8AB11AAC725C468302F7C70DFFF119FFF6CA78400080021F9235FAB8640756357B433455B
10E20A17EE2081E8B711AAC125C46E307F8370EFFF119FFF6CA78500080021F9235FAB8640756358B433455B
10E1EF17EE2481E8B211AAB925C471306F8970DFFF119FFF6CA78600080021F9235FAB8640756359B433455B
10E20617EE2981E8B211AAAE25C46B306F8470DFFF119FFF6CB78600080021F9235FAB864075735AB433455B
10E21917EE2281E8B711AAA925C46F307F8370EFFF119FFF6CA78600080021F9235FAB864075635BB433455B
10E22117EE2081E8BA11AAA625C463302F8770EFFF119FFF6CA78600080021F9235FAB864075635CB433455B
10E23817EE2081E8B211AAA525C45F301F8170EFFF119FFF6CA78600080021F9235FAB864075635DB433455B
10E25417EE1B81E8BA11AA9A25C45F302F7970FFFF119FFF6CA78500080021F9235FAB864075635EB433455B
10E26A17EE1A81E8B711AA9525C465304F6D70EFFF119FFF6CA78600080021F9235FAB864075735FB433455B
10E27617EE1B81E8BA11AA9225C474309F6570EFFF119FFF6CA78500080021F9235FAB8641756360B433455B
10E27A17EE1A81E8BA11AA9125C47930AF6F70EFFF119FFF6CA78500080021F9235FAB8640756361B433455B
10E27217EE2281E8B711AA8525C465303F7D70EFFF119FFF6CA78500080021F9235FAB8640756362B433455B
10E26617EE1C81E8C111AA8225C45F2FDF8670EFFF119FFF6CA78500080021F9235FAB8640756363B433455B
10E25B17EE2381E8BA11AA7925C472300F8770EFFF119FFF6CB78500080021F9235FAB8640756364B533455B
10E24B17EE1D81E8BE11AA6E25C46C307F8370EFFF119FFF6CA78500080021F9235FAB8640756365B533455B
10E24017EE1E81E8C111AA6525C468303F8470EFFF119FFF6CA78500080021F9235FAB8640756366B533455B
10E23817EE2081E8C111AA6225C4682FFF8470EFFF119FFF6CA78600080021F9235FAB8640756367B533455B
10E21E17EE1D81E8C111AA5D25C4612FBF8870EFFF119FFF6CB78500080021F9235FAB8640756368B533455B
10E20E17EE1A81E8BE11AA5925C46C2F8F8E70EFFF119FFF6CA78500080021F9235FAB8640756369B533455B
10E21617EE1E81E8C111AA6225C46A2F8F9370EFFF119FFF6CA78500080021F9235FAB864075636AB533455B
10E23C17EE1B81E8C811AA6525C4682FEF9570EFFF119FFF6CA78400080021F9235FAB864075636BB533455B
10E26A17EE1F81E8BE11AA6A25C46E302F9270EFFF119FFF6CA78400080021F9235FAB864075636CB533455B
10E26A17EE1B81E8C811AA7125C463301F8E70EFFF119FFF6CA78300080021F9235FAB864075636DB533455B
10E26617EE2281E8C811AA7225C4592FFF8C70EFFF119FFF6CA7820007FE21F9235FAB864075736EB533455B
10E27217EE1981E8C611AA7125C46A301F9070FFFF119FFF6CA78000080021F9235FAB864075636FB533455B
10E29C17EE1A81E8C811AA7525C471303F9170FFFF119FFF6CA78000080021F9235FAB8640757370B533455B
10E2CE17EE1681E8C811AA7625C471301F8F70FFFF119FFF6CA77F00080021F9235FAB8640756371B533455B
10E2FC17EE1581E8C811AA7525C4632FCF8E70FFFF11AFFF6CA77D0007FE21F9235FAB8640757372B533455B
10E31B17EE1581E8CD11AA6E25C4652FBF8C70FFFF119FFF6CA77C00080021F9235FAB8640756373B533455B
10E32317EE2281E8C811AA7125C46E2FCF8B70FFFF119FFF6CA77B00080021F9235FAB8640756374B533455B
10E30C17EE3281E8D011AA6E25C4642FAF8970FFFF119FFF6CA77900080021F9235FAB8640756375B533455B
10E2C617EE3E81E8CD11AA6925C4592F9F8B70FFFF119FFF6CB77800080021F9235FAB8640756376B533455B
10E28917EE4181E8C811AA6225C4572F6F8F70FFFF119FFF6CA7770007FE21F9235FAB8640756377B533455B
10E25B17EE3E81E8D011AA6D25C45D2F7F9370FFFF119FFF6CA77400080021F9235FAB8641756378B533455B
10E24F17EE3781E8CD11AA5D25C4722F8F9370FFFF119FFF6CA77300080021F9235FAB8640756379B533455B
10E24417EE3181E8D711AA5A25C4792F8F9470FFFF119FFF6CA77300080021F9235FAB864075637AB533455B
10E25717EE3981E8D011AA5125C46D2F9F9570FFFF119FFF6CA76F00080021F9235FAB864075637BB533455B
10E25717EE3381E8D011AA4625C4752FBF9570FFFF119FFF6CA76E00080021F9235FAB864075637CB633455B
10E24417EE3081E8D511AA3425C4792FCF9170FFFF119FFF6CA76D00080021F9235FAB864075637DB633455B
10E23C17EE3881E8D711AA2A25C47F2F8F8E70FFFF119FFF6CA76B00080021F9235FAB864075637EB633455B
10E22D17EE3881E8D011AA2025C4822F7F8C70FFFF119FFF6CA76A00080021F9235FAB864075637FB633455B
10E21D17EE3681E8D511AA2825C4882F8F8870FFFF119FFF6CB76A00080021F9235FAB8640756380B633455B
10E21D17EE3681E8D711AA1E25C48A2F9F7D70FFFF119FFF6CA76800080021F9235FAB8640756381B633455B
10E1F717EE3981E8D711AA1425C4912FBF7370FFFF119FFF6CB7670007FE21F9235FAB8640757382B633455B
10E1D417EE3C81E8D511AA0A25C4932FBF6D70FFFF119FFF6CA76600080021F9235FAB8640756383B633455B
10E1C117EE3B81E8D711AA0425C48C2F9F6D70FFFF119FFF6CA76400080021F9235FAB8640756384B633455B
10E1B917EE3F81E8D711AA0025C4972F9F7070FFFF119FFF6CA76300080021F9235FAB8640756385B633455B
10E1BB17EE4481E8D711AA0625C4952FCF7270FFFF119FFF6CB76200080021F9235FAB8640756386B633455B
10E1A617EE4F81E8D511AA0C25C49F2FEF7770FFFF119FFF6CB76200080021F9235FAB8640756387B633455B
10E18B17EE5181E8DF11AA0A25C4A4300F7B70FFFF119FFF6CA76200080021F9235FAB8640756388B633455B
10E19E17EE5181E8D711AA1425C4A42FDF7C70FFFF119FFF6CA76200080021F9235FAB8640756389B633455B
10E1C917EE5181E8D511AA0E25C48A2FAF8070FFFF119FFF6CB76200080021F9235FAB864075638AB633455B
10E1D017EE5681E8DF11AA1825C4882F9F8470FFFF119FFF6CA76200080021F9235FAB864075638BB633455B
10E1A217EE5681E8C811AA2825C4902FAF8570FFFF119FFF6CA76200080021F9235FAB864075638CB633455B
10E18717EE5281E8E311AA3625C49F2FBF8870FFFF118FFF6CA76300080021F9235FAB864075638DB633455B
10E17C17EE5481E8D711AA3025C4902FAF8C70FFFF119FFF6CB7650007FE21F9235FAB864075638EB633455B
10E18017EE5381E8DF11AA3625C4842F5F8B710FFF119FFF6CB76500080021F9235FAB864075638FB633455B
10E18017EE4C81E8D711AA3425C47C2F3F89710FFF119FFF6CA76600080021F9235FAB8641756390B633455B
10E18417EE5381E8DC11AA2E25C4802F7F87711FFF119FFF6CA7680007FE21F9235FAB8640756391B633455B
10E18417EE4F81E8D711AA2C25C47B2F9F80711FFF119FFF6CB76900080021F9235FAB8640757392B633455B
10E18B17EE5081E8D711AA2C25C4792FAF77711FFF119FFF6CA76A00080021F9235FAB8640756393B633455B
10E18717EE5181E8D511AA3225C4732F9F78710FFF119FFF6CA76D00080021F9235FAB8640756394B733455B
10E18417EE5481E8DF11AA3C25C45D2F8F7F711FFF119FFF6CA76F00080021F9235FAB8640757395B733455B
10E18517EE4F81E8D711AA5225C46A2F9F77711FFF119FFF6CA76F00080021F9235FAB8640756396B733455B
10E18717EE4B81E8D511AA7D25C4772FFF48711FFF119FFF6CA77300080021F9235FAB8640756397B733455B
10E17C17EE5381E8DF11AA9A25C473301F44711FFF119FFF6CA77400080021F9235FAB8640756398B733455B
10E17017EE4A81E8D711AAA925C4712FBF5E712FFF119FFF6CA77500080021F9235FAB8640756399B733455B
10E15217EE4F81E8D711AAA925C4712F6F75712FFF119FFF6CA77800080021F9235FAB864075639AB733455B
10E13E17EE4581E8D511AAAE25C4712F3F7B712FFF119FFF6CA77A0007FE21F9235FAB864075639BB733455B
10E12F17EE4881E8D711AAB525C46A2F5F7A711FFF119FFF6CA77A00080021F9235FAB864075639CB733455B
10E13717EE4381E8DF11AAB225C46E2F9F82712FFF119FFF6CA77D0007FE21F9235FAB864075639DB733455B
10E13E17EE4181E8D511AAA125C4712FCF8D711FFF11AFFF6CA77E00080021F9235FAB864075639EB733455B
10E14A17EE3981E8D711AA8E25C4712FDF91712FFF119FFF6CA77F0007FE21F9235FAB864075739FB733455B
10E16C17EE3681E8D011AA8925C4632FEF89711FFF119FFF6CA7800007FE21F9235FAB86407563A0B733455B
10E19E17EE3681E8DC11AA8E25C45F2FEF84711FFF119FFF6CA78100080021F9235FAB86407563A1B733455B
10E1B517EE3681E8D011AA9925C4652FEF88711FFF119FFF6CA78200080021F9235FAB86407563A2B733455B
10E1BD17EE3181E8D711AA9125C47B2FEF8F711FFF119FFF6CA78300080021F9235FAB86407563A3B733455B
10E1CD17EE2C81E8D711AA9225C47B2FBF92711FFF119FFF6CA78500080021F9235FAB86407563A4B733455B
10E1D417EE2E81E8D511AA8125C46D2F7F89711FFF119FFF6CA7850007FE21F9235FAB86407563A5B733455B
10E1D517EE3181E8D011AA7625C46F2F9F87711FFF119FFF6CA7860007FE21F9235FAB86407563A6B733455B
10E1E017EE2C81E8D711AA7525C4712FBF8B710FFF119FFF6CA7880007FE21F9235FAB86407563A7B733455B
10E1E017EE2B81E8D511AA7A25C47D2FCF8D710FFF119FFF6CA78800080021F9245FAB86417563A8B733455B
10E1E717EE2381E8D011AA7925C47B2FAF88710FFF119FFF6CA7880007FE21F9245FAB86407563A9B733455B
10E1E717EE2481E8D011AA7525C4732F6F8A710FFF119FFF6CA78900080021F9245FAB86407563AAB733455B
10E1F317EE2181E8CD11AA6A25C4712F8F8D70FFFF119FFF6CA7890007FE21F9245FAB86407573ABB733455B
10E1F717EE2081E8D011AA6125C4832FCF8E70FFFF119FFF6CA78900080021F9245FAB86407573ACB833455B
10E20217EE1D81E8D711AA4E25C4902FDF8C70FFFF119FFF6CA78A00080021F9245FAB86407563ADB833455B
10E20617EE1A81E8C811AA4525C47F2FAF8D70FFFF119FFF6CA78900080021F9245FAB86407563AEB833455B
10E20E17EE2281E8CD11AA4225C4732F6F8F70FFFF119FFF6CA78900080021F9245FAB86407563AFB833455B
10E21217EE1C81E8D011AA3C25C4832F9F9170FFFF119FFF6CA78900080021F9245FAB86407563B0B833455B
10E20E17EE1F81E8D011AA3C25C48A2FDF8C70FFFF119FFF6CA7880007FE21F9245FAB86407563B1B833455B
10E22A17EE1B81E8CD11AA3A25C48A2FDF8470EFFF119FFF6CA78800080021F9245FAB86407563B2B833455B
10E24B17EE1E81E8C811AA3825C47D2FDF8070EFFF119FFF6CA78700080021F9245FAB86407563B3B833455B
10E26617EE1B81E8D011AA3225C4792FFF7170EFFF119FFF6CA78600080021F9245FAB86407563B4B833455B
10E27217EE1B81E8CD11AA3025C473302F6F70EFFF119FFF6CA78600080021F9245FAB86407563B5B833455B
10E26E17EE1A81E8C811AA3225C471305F7870EFFF119FFF6CB78300080021F9245FAB86407563B6B833455B
10E27217EE1E81E8C811AA3025C477308F8470EFFF119FFF6CA78200080021F9245FAB86407573B7B833455B
10E28117EE1B81E8C811AA3425C48530CF8F70EFFF119FFF6CA7810007FE21F9245FAB86407563B8B833455B
10E28D17EE1B81E8CD11AA2A25C48A30AF9770EFFF119FFF6CB77F0007FE21F9245FAB86407563B9B833455B
10E2A017EE1F81E8C811AA2825C47D303F9970EFFF11AFFF6CA77C00080021F9245FAB86407563BAB833455B
10E2A017EE2081E8C811AA2625C479300F9870EFFF119FFF6CA77B00080021F9245FAB86407563BBB833455B
10E29817EE2081E8C611AA2425C479300F8E70EFFF119FFF6CB77800080021F9245FAB86407563BCB833455B
10E29117EE1D81E8C111AA2A25C4852FFF8A70EFFF119FFF6CA7730007FE21F9245FAB86407563BDB833455B
10E29117EE1A81E8C811AA1C25C47D2FFF8570FFFF119FFF6CA77200080021F9245FAB86407573BEB833455B
10E27D17EE1681E8C611AA1025C47F2FCF8270EFFF119FFF6CA77000080021F9245FAB86407573BFB833455B
10E27217EE1881E8C811AA1225C47C2FAF8870FFFF119FFF6CA76B0007FE21F9245FAB86417563C0B833455B
10E26617EE1F81E8C111AA0825C4862F9F8C70FFFF119FFF6CA7690007FE21F9245FAB86407563C1B833455B
10E26217EE2081E8C811AA0E25C4772F6F8D70FFFF119FFF6CA7670007FE21F9245FAB86407563C2B833455B
10E25B17EE2081E8BE11AA1425C4772F2F8C70EFFF119FFF6CB76100080021F9245FAB86407563C3B833455B
10E25717EE2081E8C811AA0A25C4792F4F8D70FFFF119FFF6CA75F0007FE21F9245FAB86407563C4B933455B
10E25B17EE2081E8C111AA0825C4652F8F8F70FFFF119FFF6CA75D00080021F9245FAB86407563C5B933455B
10E25B17EE2081E8BE11AA0825C4452FBF8F70FFFF119FFF6CA75800080021F9245FAB86407563C6B933455B
10E25B17EE2081E8C811AA0A25C45E300F8B70FFFF119FFF6CA75500080021F9245FAB86407563C7B933455B
10E24417EE1B81E8C111AA1025C47530AF8670FFFF119FFF6CA75500080021F9245FAB86407573C8B933455B
10E24017EE1F81E8BE11AA1225C46C308F8370FFFF119FFF6CA75100080021F9245FAB86407563C9B933455B
10E23417EE2481E8C111AA0C25C461300F8170FFFF119FFF6CA75000080021F9245FAB86407563CAB933455B
10E22D17EE1C81E8C111AA1425C45F300F7770FFFF119FFF6CA74F0007FE21F9245FAB86407563CBB933455B
10E23017EE1E81E8C811AA0A25C44C305F6E70FFFF119FFF6CA75000080021F9245FAB86407563CCB933455B
10E23817EE1981E8BE11AA1025C45930DF6A70EFFF119FFF6CA75100080021F9245FAB86407563CDB933455B
10E22917EE2181E8C111AA0A25C46630FF6870FFFF119FFF6CA75100080021F9245FAB86407563CEB933455B
10E22517EE2181E8C111AA1025C45430CF6170EFFF119FFF6CA75800080021F9245FAB86407563CFB933455B
10E21A17EE2081E8BE11AA0E25C43B305F5970EFFF119FFF6CA75D0007FE21F9245FAB86407563D0B933455B
10E21617EE2081E8C111AA0C25C441300F5A70EFFF119FFF6CB75E0007FE21F9245FAB86407563D1B933455B
10E20E17EE1B81E8C111AA1025C45F301F5F70EFFF119FFF6CA76200080021F9245FAB86407563D2B933455B
10E20617EE2281E8BE11AA1A25C45B302F6370EFFF119FFF6CA76700080021F9245FAB86407563D3B933455B
10E1FF17EE2581E8BA11AA3025C4572FDF6970EFFF119FFF6CB76900080021F9245FAB86407563D4B933455B
10E1F317EE1E81E8C111AA3625C4502F7F7470EFFF119FFF6CA76B00080021F9245FAB86407563D5B933455B
10E1E017EE1F81E8C111AA4925C44E2F6F7C70EFFF119FFF6CB76F00080021F9245FAB86407563D6B933455B
10E1D417EE1781E8BE11AA5E25C4412F7F8470EFFF119FFF6CA77000080021F9245FAB86407563D7B933455B
10E1D817EE2281E8C111AA6525C4502F9F8C70DFFF119FFF6CA77200080021F9245FAB86417563D8B933455B
10E1C517EE2181E8C111AA6925C4632FBF9270EFFF119FFF6CA77700080021F9245FAB86407563D9B933455B
10E1C517EE1B81E8BE11AA5625C4552FAF9570EFFF119FFF6CA7790007FE21F9245FAB86407563DAB933455B
10E1B917EE1E81E8C111AA4D25C4482F5F9170DFFF119FFF6CA77A00080021F9245FAB86407563DBB933455B
10E1AA17EE2081E8BA11AA3E25C4462F2F8670DFFF119FFF6CB77F0007FE21F9245FAB86407573DCBA33455B
10E1B717EE2081E8BE11AA3025C43F2F6F7F70DFFF119FFF6CA7800007FE21F9245FAB86407563DDBA33455B
10E1DC17EE2081E8C111AA2E25C4432FCF7970DFFF119FFF6CA78100080021F9245FAB86407563DEBA33455B
10E1E417EE2081E8C111AA2425C43F2FFF7F70DFFF119FFF6CA7850007FE21F9245FAB86407573DFBA33455B
10E1E017EE2081E8C111AA2025C450300F8770DFFF119FFF6CA78700080021F9245FAB86407563E0BA33455B
10E1E017EE2081E8BE11AA1A25C451300F8D70DFFF119FFF6CA78700080021F9245FAB86407563E1BA33455B
10E1D817EE2081E8C111AA1425C4412FCF8E70DFFF119FFF6CA78B00080021F9245FAB86407563E2BA33455B
10E1C117EE1B81E8C111AA0E25C4372FCF8F70EFFF119FFF6CA78D00080021F9245FAB86407573E3BA33455B
10E19717EE2381E8C611AA0C25C447305F8F70EFFF119FFF6CA78D00080021F9245FAB86407563E4BA33455B
10E19717EE2581E8BA11AA0425C44130FF9170EFFF119FFF6CA78F00080021F9245FAB86407563E5BA33455B
10E19317EE2D81E8C111AA0A25C43730DF9370DFFF119FFF6CA7900007FE21F9245FAB86407573E6BA33455B
10E16C17EE2C81E8C611AA0C25C441308F9570DFFF119FFF6CA79000080021F9245FAB86407573E7BA33455B
10E15217EE2B81E8C111AA0625C452308F9570DFFF119FFF6CA7910007FE21F9245FAB86407573E8BA33455B
10E14617EE2681E8C111AA0C25C450304F9470DFFF119FFF6CA79300080021F9245FAB86407563E9BA33455B
10E14617EE2981E8C611AA0625C4412FFF9670DFFF119FFF6CA7930007FE21F9245FAB86407563EABA33455B
10E13717EE2B81E8C811AA0C25C4492FEF9670DFFF119FFF6CA79400080021F9245FAB86407563EBBA33455B
10E13517EE2B81E8C111AA0C25C44E303F8C70DFFF119FFF6CA7950007FE21F9245FAB86407563ECBA33455B
10E12F17EE2B81E8C811AA1225C44E305F8470DFFF119FFF6CA79500080021F9245FAB86407563EDBA33455B
10E13317EE2E81E8BE11AA1825C44E302F8670DFFF119FFF6CA79600080021F9245FAB86407563EEBA33455B
10E13B17EE3081E8C811AA1625C455302F8A70DFFF119FFF6CA79700080021F9245FAB86407563EFBA33455B
10E14617EE3181E8C111AA0C25C450303F7C70DFFF119FFF6CA7970007FE21F9245FAB86417563F0BA33455B
10E14E17EE3081E8C611AA0425C45A2FFF7670DFFF119FFF6CA79700080021F9245FAB86407563F1BA33455B
10E14A17EE3481E8C811AA0225C465300F7270DFFF119FFF6CA79700080021F9245FAB86407563F2BA33455B
10E14A17EE3681E8C811AA0025C474302F5370DFFF119FFF6CA79700080021F9245FAB86407563F3BA33455B
10E14617EE2E81E8CD11AA0225C46D303F5570DFFF119FFF6CA7960007FE21F9245FAB86407573F4BB33455B
10E14617EE2B81E8C811AA0025C475302F5070DFFF119FFF6CA7950007FE21F9245FAB86407563F5BB33455B
10E14E17EE2E81E8C811A9FE25C47F2FFF4C70DFFF119FFF6CA79500080021F9245FAB86407563F6BB33455B
10E14A17EE3081E8C811AA0025C46E2FDF5E70DFFF119FFF6CA79500080021F9245FAB86407563F7BB33455B
10E14A17EE3181E8C611AA0025C4472FDF6A70DFFF119FFF6CB7930007FE21F9245FAB86407573F8BB33455B
10E14617EE2C81E8D011AA0625C450301F7170EFFF119FFF6CA79300080021F9245FAB86407563F9BB33455B
10E13E17EE2E81E8C811AA1025C47D30BF7D70EFFF119FFF6CA79200080021F9245FAB86407563FABB33455B
10E13E17EE2C81E8CD11AA1225C47E30FF8770EFFF119FFF6CA79000080021F9245FAB86407563FBBB33455B
10E14217EE2B81E8D011AA1425C465308F8C70EFFF119FFF6CA78E00080021F9245FAB86407563FCBB33455B
10E14217EE2F81E8C811AA1025C4652FDF8B70EFFF119FFF6CA78E00080021F9245FAB86407563FDBB33455B
10E14A17EE3081E8CD11AA1225C4812FCF8570EFFF119FFF6CA78A00080021F9245FAB86407563FEBB33455B
10E14417EE3581E8D011AA1425C4842FEF8170EFFF119FFF6CA7880007FE21F9245FAB86407563FFBB33455B
10E14217EE3681E8D011AA0E25C46E2FBF8270EFFF119FFF6CA78700080021F9245FAB8640756300BB33455B
10E14217EE3981E8D011AA1025C4682FBF8970EFFF119FFF6CB78400080021F9245FAB8640756301BB33455B
10E14217EE3781E8CD11AA0A25C46E2FDF8A70DFFF119FFF6CA78100080021F9245FAB8640757302BB33455B
10E15517EE3381E8D011AA0C25C4772FDF7F70DFFF119FFF6CA78100080021F9245FAB8640756303BB33455B
10E15D17EE3881E8D011AA0425C47F2FBF7970DFFF119FFF6CA77F00080021F9245FAB8640757304BB33455B
10E15D17EE3781E8CD11AA0A25C4822F9F7970DFFF119FFF6CA77D0007FE21F9245FAB8640756305BB33455B
10E16517EE3681E8D011AA0825C46E2FCF7C70DFFF119FFF6CA77D00080021F9245FAB8640756306BB33455B
10E16917EE3681E8D711AA0225C46E303F8070DFFF119FFF6CA77B00080021F9245FAB8640756307BB33455B
10E16C17EE3181E8D511A9FC25C471304F8670DFFF119FFF6CA7780007FE21F9245FAB8641757308BB33455B
10E16C17EE3481E8D011A9FA25C471302F8870DFFF119FFF6CA77700080021F9245FAB8640756309BB33455B
10E16C17EE3181E8D011A9F425C48A302F8970CFFF119FFF6CA77600080021F9245FAB864075730ABB33455B
10E16517EE3581E8D011A9F825C49F301F8570CFFF119FFF6CA77300080021F9245FAB864075730BBB33455B
10E16C17EE3181E8D511A9FA25C4832FDF8270CFFF119FFF6CA77200080021F9245FAB864075630CBC33455B
10E17017EE3481E8D011A9F025C47F2FDF8270CFFF119FFF6CB77100080021F9245FAB864075630DBC33455B
10E16917EE2D81E8D711A9EE25C482303F8470DFFF119FFF6CB76E0007FE21F9245FAB864075730EBC33455B
10E16917EE3081E8D511A9F025C482306F8270CFFF119FFF6CA76D00080021F9245FAB864075630FBC33455B
10E16117EE3581E8D711A9F025C49B306F7F70CFFF119FFF6CA76C0007FE21F9245FAB8640756310BC33455B
10E16717EE3181E8D011A9EA25C48A303F8070CFFF119FFF6CA76B00080021F9245FAB8640756311BC33455B
10E16917EE3081E8D511A9F025C4882FEF8670CFFF119FFF6CA76A00080021F9245FAB8640756312BC33455B
10E16517EE3581E8D711A9EA25C48A2F9F8B70CFFF119FFF6CA76A0007FE21F9245FAB8640756313BC33455B
10E15517EE3181E8D011A9F025C48A2F8F8F70CFFF119FFF6CA76A00080021F9245FAB8640756314BC33455B
10E15217EE3481E8D711A9F025C4842F7F8E70CFFF119FFF6CA76A00080021F9245FAB8640756315BC33455B
10E15517EE3681E8CD11A9F225C488301F8A70CFFF119FFF6CA76A00080021F9245FAB8640756316BC33455B
10E15917EE3681E8D711A9F425C49D310F8770CFFF119FFF6CB76A0007FE21F9245FAB8640756317BC33455B
10E15D17EE3A81E8D711A9FA25C490311F8770CFFF119FFF6CA76A00080021F9245FAB8640756318BC33455B
10E16517EE3781E8D511A9F425C47D30BF8770CFFF119FFF6CA76A00080021F9245FAB8640756319BC33455B
10E16517EE3B81E8D011A9FE25C485309F8970CFFF119FFF6CB76B0007FE21F9245FAB864075731ABC33455B
10E16917EE3781E8D711AA1825C48430CF8C70CFFF119FFF6CA76B00080021F9245FAB864075731BBC33455B
10E16517EE3681E8D011AA3025C48230AF8E70CFFF119FFF6CA76B00080021F9245FAB864075731CBC33455B
10E16917EE3681E8D511AA4625C47530BF8B70CFFF119FFF6CA76C0007FE21F9245FAB864075631DBC33455B
10E16917EE2E81E8D011AA4925C471309F8570CFFF119FFF6CA76D00080021F9245FAB864075631EBC33455B
10E16C17EE3381E8D011AA5225C46A305F8270BFFF11AFFF6CA76D00080021F9245FAB864075631FBC33455B
10E16C17EE3181E8CD11AA6125C47B307F8570BFFF119FFF6CA76D0007FE21F9245FAB8641756320BC33455B
10E16C17EE3481E8D011AA6625C475306F8870BFFF119FFF6CB76E0007FE21F9245FAB8640757321BC33455B
10E17617EE3381E8D711AA6125C471301F8570BFFF119FFF6CA76E00080021F9245FAB8640756322BC33455B
10E18717EE3081E8CD11AA6D25C4712FFF8570BFFF11AFFF6CA76F0007FE21F9245FAB8640756323BC33455B
10E18717EE2C81E8D011AA6E25C46B2FDF8570BFFF119FFF6CA77100080021F9245FAB8640756324BD33455B
10E18717EE2B81E8C811AA6525C4752FAF8270BFFF119FFF6CA77100080021F9245FAB8640756325BD33455B
10E19317EE3081E8D011AA5A25C4792FBF8770AFFF119FFF6CA77200080021F9245FAB8640757326BD33455B
10E1A217EE2C81E8C611AA5125C4852FDF8D70AFFF119FFF6CA77400080021F9245FAB8640756327BD33455B
10E1A617EE2E81E8D011AA4225C47D2FFF9170AFFF119FFF6CA77500080021F9245FAB8640756328BD33455B
10E19B17EE3081E8C811AA3C25C473300F9270AFFF11AFFF6CB77500080021F9245FAB8640757329BD33455B
10E19317EE3181E8CD11AA3825C471306F9170AFFF119FFF6CA77700080021F9245FAB864075632ABD33455B
10E18F17EE2C81E8C811AA3625C45E30DF8F70AFFF119FFF6CA7780007FE21F9245FAB864075732BBD33455B
10E19317EE2E81E8C811AA2425C48B313F8670AFFF119FFF6CA77800080021F9245FAB864075732CBD33455B
10E18B17EE2C81E8C611AA1A25C4A2312F8370AFFF119FFF6CA77A0007FE21F9245FAB864075632DBD33455B
10E18017EE2B81E8C811AA1425C483308F8270AFFF119FFF6CA77C0007FE21F9245FAB864075732EBD33455B
10E18017EE2F81E8C111AA0E25C46C2FDF8470AFFF119FFF6CA77C0007FE21F9245FAB864075632FBD33455B
10E18717EE2781E8C111AA0C25C46E2FAF7E70AFFF119FFF6CA77C00080021F9245FAB8640757330BD33455B
10E19817EE2581E8C611AA0C25C47D2FDF7970AFFF119FFF6CB77C00080021F9245FAB8640756331BD33455B
10E1A217EE2681E8C111AA0A25C4752FBF82709FFF119FFF6CA77D0007FE21F9245FAB8640756332BD33455B
10E1B917EE2581E8C111AA0025C45D2F6F85709FFF119FFF6CA77D00080021F9245FAB8640756333BD33455B
10E1D417EE2581E8BE11AA0625C4632F5F7C709FFF119FFF6CA77D00080021F9245FAB8640757334BD33455B
10E1E017EE2181E8C111AA0425C46E2F9F7F709FFF119FFF6CA77D00080021F9245FAB8640756335BD33455B
10E1E017EE2581E8BA11A9FC25C477302F87709FFF119FFF6CA77E0007FE21F9245FAB8640757336BD33455B
10E1D817EE1D81E8BE11AA0225C473304F8A709FFF119FFF6CA77E00080021F9245FAB8640756337BD33455B
10E1E017EE1A81E8BA11A9FC25C477301F89709FFF11AFFF6CA77E00080021F9245FAB8641756338BD33455B
10E1D817EE1E81E8C111A9FE25C480302F87709FFF119FFF6CA77E0007FE21F9245FAB8640756339BD33455B
10E1D017EE2081E8B711AA1025C482301F81709FFF119FFF6CA77D00080021F9245FAB864075733ABD33455B
10E1B217EE2481E8B211AA5225C46E2FFF80708FFF119FFF6CA77D00080021F9245FAB864075633BBD33455B
10E18F17EE2181E8BA11AADA25C4612FCF83708FFF119FFF6CA77C0007FE21F9245FAB864075633CBE33455B
10E18717EE2381E8B211AB6F25C4592FAF87708FFF119FFF6CB77B00080021F9245FAB864075633DBE33455B
10E18017EE1A81E8B711ABD325C44A2F6F86709FFF119FFF6CA77A0007FE21F9245FAB864075633EBE33455B
10E17217EE1D81E8B211AC3C25C4392F4F81709FFF119FFF6CA77A0007FE21F9245FAB864075633FBE33455B
10E16917EE2081E8B211AC9425C4352F5F83709FFF119FFF6CA7770007FE21F9245FAB8640756340BE33455B
10E16517EE1D81E8B011ACB425C4412F4F86709FFF119FFF6CA77500080021F9245FAB8640756341BE33455B
10E16117EE1A81E8B211AC7525C4522F2F88708FFF119FFF6CA77500080021F9245FAB8640756342BE33455B
10E16117EE1A81E8AB11ABDB25C45D2F0F84709FFF11AFFF6CA7730007FE21F9245FAB8640756343BE33455B
10E16117EE1E81E8B011ABA725C4592F1F84709FFF11AFFF6CA77200080021F9245FAB8640757344BE33455B
10E15D17EE1981E8B211ABE325C4572FBF89709FFF11AFFF6CA7720007FE21F9245FAB8640756345BE33455B
10E15D17EE1981E8A311ABF825C457300F8C709FFF119FFF6CA77000080021F9245FAB8640756346BE33455B
10E16117EE1A81E8B211AB9325C463305F8B709FFF119FFF6CA76F0007FE21F9245FAB8640757347BE33455B
10E16117EE1E81E8A811AB6F25C45B304F90709FFF119FFF6CA76F0007FE21F9245FAB8640756348BE33455B
10E17017EE1D81E8AB11AB9B25C44A301F94709FFF119FFF6CA76D00080021F9245FAB8640756349BE33455B
10E17017EE1A81E8A311ABCF25C452302F93709FFF119FFF6CA76B0007FE21F9245FAB864075734ABE33455B
10E17017EE2281E8A811AB8B25C463302F88709FFF119FFF6CA76B00080021F9245FAB864075634BBE33455B
10E17417EE2181E8A311AB3F25C462301F8370AFFF119FFF6CA7690007FE21F9245FAB864075634CBE33455B
10E17417EE2081E8AB11AAF225C4662FEF8B70AFFF119FFF6CA76800080021F9245FAB864075734DBE33455B
10E17417EE2081E8A111AAAA25C4812FFF8D70AFFF119FFF6CA7670007FE21F9245FAB864075634EBE33455B
10E18017EE1B81E8AB11AAA925C47D301F8A70AFFF11AFFF6CA76600080021F9245FAB864075634FBE33455B
10E18117EE1A81E89C11AAB625C45F302F8C70AFFF119FFF6CA76300080021F9245FAB8641757350BE33455B
10E17C17EE2381E8A811AACE25C46A303F8B70BFFF119FFF6CB7620007FE21F9245FAB8640756351BE33455B
10E17C17EE2581E8A311AB0B25C477304F8770BFFF119FFF6CA76200080021F9245FAB8640756352BE33455B
10E17417EE2181E89C11AB4E25C460303F8670BFFF119FFF6CA7610007FE21F9245FAB8640757353BE33455B
10E17417EE2081E8A311AB6B25C464306F8A70BFFF119FFF6CA76000080021F9245FAB8640757354BF33455B
10E17C17EE2581E8A111AB2A25C47430CF8470BFFF119FFF6CA76100080021F9245FAB8640756355BF33455B
10E18017EE2181E8A311AAFE25C47F30DF7B70CFFF119FFF6CA7620007FE21F9245FAB8640756356BF33455B
10E18017EE2381E89C11AAD325C46E308F7F70CFFF119FFF6CA76200080021F9245FAB8640756357BF33455B
10E18417EE2181E8A111AAA525C45B302F8970CFFF119FFF6CA76200080021F9245FAB8640756358BF33455B
10E18417EE1D81E89C11AA8625C463301F9170DFFF119FFF6CA76300080021F9245FAB8640756359BF33455B
10E18417EE1F81E8A311AA6925C468301F9470DFFF119FFF6CA7640007FE21F9245FAB864075635ABF33455B
10E18017EE1B81E8A111AA4625C4812FEF9470DFFF119FFF6CA76300080021F9245FAB864075635BBF33455B
10E18017EE1E81E89C11AA4525C47D2F8F9670DFFF119FFF6CA76400080021F9245FAB864075635CBF33455B
10E18B17EE1D81E8A311AA6E25C4792F0F9870DFFF119FFF6CB7650007FE21F9245FAB864075635DBF33455B
10E18417EE1F81E89911AA9125C46C2EBF9B70DFFF119FFF6CA76500080021F9245FAB864075635EBF33455B
10E18417EE2081E8A311AA7D25C46E2ECF9D70EFFF119FFF6CB76500080021F9245FAB864075635FBF33455B
10E18517EE1B81E89C11AA6225C4642F3F9C70EFFF119FFF6CA7650007FE21F9245FAB8640756360BF33455B
10E18417EE2381E89C11AA5525C46C301F9870EFFF119FFF6CA76500080021F9245FAB8640756361BF33455B
10E18417EE2581E8A111AA4E25C47D30EF9570EFFF119FFF6CA7660007FE21F9245FAB8640756362BF33455B
10E18417EE2981E89C11AA4925C475316F9370EFFF11AFFF6CA76700080021F9245FAB8640757363BF33455B
10E18417EE2B81E8A311AA5A25C46A310F9370EFFF119FFF6CA76700080021F9245FAB8640756364BF33455B
10E18B17EE2881E8A111AA7125C468306F9570EFFF119FFF6CA7680007FE21F9245FAB8640756365BF33455B
10E18B17EE2A81E89C11AA7525C461302F9670EFFF119FFF6CA7680007FE21F9245FAB8640757366BF33455B
10E18417EE2E81E8A311AA8E25C45F302F9570EFFF119FFF6CA7690007FE21F9245FAB8640757367BF33455B
10E18717EE3081E8A111AAB525C4662FFF8F70FFFF119FFF6CA76900080021F9245FAB8741756368BF33455B
10E18417EE2D81E89C11AACB25C46E2FAF8670FFFF119FFF6CA76900080021F9245FAB8740756369BF33455B
10E19717EE3781E8A311AABD25C4712F8F8270FFFF119FFF6CA76A00080021F9245FAB874075736ABF33455B
10E1A617EE3281E8A111AA9E25C4712FBF8670FFFF119FFF6CA76A00080021F9245FAB874075636BBF33455B
10E1B217EE3181E8A311AA8525C47D2FDF7970FFFF119FFF6CA76A00080021F9245FAB874075636CC033455B
10E1BD17EE3081E8A311AA6E25C48E2FEF6D70FFFF11AFFF6CA76A00080021F9245FAB874075636DC033455B
10E1BD17EE3481E8A311AA6125C48D2FDF7270FFFF119FFF6CA76A00080021F9245FAB874075636EC033455B
10E1C617EE3681E8A111AA5925C4772F9F7B70EFFF119FFF6CA76900080021F9245FAB874075636FC033455B
10E1C117EE3381E8A311AA5225C4772F9F7F70FFFF119FFF6CA76900080021F9245FAB8740756370C033455B
10E1BD17EE3581E8AB11AA5525C47F300F8070FFFF119FFF6CA76900080021F9245FAB8740756371C033455B
10E1BD17EE3181E8A111AA4E25C482304F8370FFFF119FFF6CA76800080021F9245FAB8740757372C033455B
10E1C117EE3081E8AB11AA4925C4752FFF7B70FFFF119FFF6CA76700080021F9245FAB8740756373C033455B
10E1C117EE3181E8A311AA4A25C48A2FEF7D70FFFF119FFF6CA7670007FE21F9245FAB8740757374C033455B
10E1CD17EE3081E8A811AA4925C480303F8470EFFF119FFF6CA76800080021F9245FAB8740756375C033455B
10E1CD17EE3081E8AB11AA4525C480301F8B70EFFF119FFF6CA7690007FE21F9245FAB8740757376C033455B
10E1CD17EE3081E8AB11AA4225C4752FDF8C70EFFF119FFF6CA76900080021F9245FAB8740756377C033455B
10E1D417EE2D81E8B011AA4025C4832FFF8B70EFFF119FFF6CA76C00080021F9245FAB8740757378C033455B
10E1D817EE2F81E8A311AA3A25C497304F8D70EFFF119FFF6CA76E00080021F9245FAB8740756379C033455B
10E1DC17EE3081E8AB11AA3C25C4A2305F9170EFFF119FFF6CA76E0007FE21F9245FAB874075637AC033455B
10E1E017EE3081E8AB11AA3225C497300F9170EFFF119FFF6CA77100080021F9245FAB874075637BC033455B
10E1E017EE2981E8B011AA2C25C49A2FCF8F70EFFF119FFF6CA77300080021F9245FAB874075637CC033455B
10E1E517EE2A81E8B211AA2C25C4A92FBF8F70EFFF119FFF6CA77400080021F9245FAB874075637DC033455B
10E1F317EE2E81E8AB11AA2625C4B32FEF8E70EFFF119FFF6CA77700080021F9245FAB874075737EC033455B
10E1FB17EE2781E8B011AA2C25C4B52FEF8970EFFF119FFF6CA77A00080021F9245FAB874075737FC033455B
10E20217EE2A81E8B211AA3225C4A22FDF8470EFFF119FFF6CA77B00080021F9245FAB8741756380C033455B
10E20A17EE2B81E8B211AA3C25C4882FCF8470EFFF119FFF6CA77D00080021F9245FAB8740757381C033455B
10E1FF17EE2E81E8B711AA5625C4882FEF8770DFFF119FFF6CA77F00080021F9245FAB8740757382C033455B
10E1FB17EE3081E8B211AA7525C498301F8970EFFF119FFF6CA78000080021F9245FAB8740756383C033455B
10E1F317EE3581E8B211AA8D25C4A9300F8370EFFF119FFF6CA78100080021F9245FAB8740757384C133455B
10E1E717EE3681E8BA11AA9A25C4922FEF7C70EFFF119FFF6CA78300080021F9245FAB8740756385C133455B
10E1D417EE3681E8B711AA8D25C48A2FDF7E70EFFF119FFF6CA78400080021F9245FAB8740756386C133455B
10E1CD17EE3681E8BA11AA7225C4AA2FEF8170EFFF119FFF6CA78500080021F9245FAB8740757387C133455B
10E1C117EE3F81E8BA11AA6125C4C8300F7F70EFFF119FFF6CA7870007FE21F9245FAB8740757388C133455B
10E1AF17EE3C81E8B711AA4E25C4B52FBF7E70EFFF119FFF6CA7870007FE21F9245FAB8740756389C133455B
10E1B217EE3B81E8BA11AA6525C4A12F3F8470EFFF119FFF6CA78800080021F9245FAB874075638AC133455B
10E1B217EE4481E8C111AA6D25C4AF2F2F8870EFFF119FFF6CA78900080021F9245FAB874075738BC133455B
10E1A617EE4A81E8B711AA7625C4B52F7F8670EFFF119FFF6CA7890007FE21F9245FAB874075638CC133455B
10E18F17EE4781E8C111AA6925C4A82F7F8170FFFF119FFF6CA78900080021F9245FAB874075638DC133455B
10E17017EE4981E8C111AA5625C4A42F4F7F70FFFF119FFF6CA78900080021F9245FAB874075638EC133455B
10E15917EE5081E8B711AA4D25C4A42F6F8470FFFF11AFFF6CA78A00080021F9245FAB874075638FC133455B
10E15217EE5581E8C811AA4625C4CB2FEF8770FFFF119FFF6CA78A00080021F9245FAB8740756390C133455B
10E14217EE5681E8C111AA4525C4BE300F8470FFFF119FFF6CA78A00080021F9245FAB8740756391C133455B
10E12F17EE5681E8C811AA4525C49B300F8170FFFF119FFF6CB78A00080021F9245FAB8740757392C133455B
10E12B17EE5B81E8C611AA5625C499300F7370FFFF119FFF6CB78A0007FE21F9245FAB8740756393C133455B
10E12017EE5C81E8C111AA9D25C4A8303F7470FFFF119FFF6CA78A0007FE21F9245FAB8740757394C133455B
10E11C17EE5781E8C111AAEB25C492306F7A70FFFF119FFF6CA78A00080021F9245FAB8740756395C133455B
10E11C17EE5A81E8CD11AB2E25C484303F7970FFFF119FFF6CB78A00080021F9245FAB8740757396C133455B
10E12017EE5C81E8C811AB5B25C4822FDF7B70FFFF119FFF6CA78A00080021F9245FAB8740756397C133455B
10E11C17EE6081E8C811AB8B25C4822FBF7B70FFFF119FFF6CB78900080021F9245FAB8741757398C133455B
10E12017EE5D81E8CD11AB8F25C4822FEF7070FFFF119FFF6CA78900080021F9245FAB8740757399C133455B
10E11C17EE5C81E8C111AB9F25C48E301F6A70FFFF119FFF6CA78900080021F9245FAB874075639AC133455B
10E11C17EE5C81E8D011ABB325C47F303F6970FFFF119FFF6CB78800080021F9245FAB874075639BC133455B
10E11317EE6081E8C811ABB725C45F302F67710FFF119FFF6CA78800080021F9245FAB874075639CC233455B
10E11417EE5D81E8CD11ABAB25C470302F5D710FFF119FFF6CA78800080021F9245FAB874075639DC233455B
10E11017EE6181E8D011ABA725C485306F66710FFF119FFF6CA78800080021F9245FAB874075639EC233455B
10E11417EE5D81E8D011ABC725C48A30BF6E710FFF119FFF6CA78900080021F9245FAB874075639FC233455B
10E11417EE5F81E8CD11ABC725C47D308F78710FFF119FFF6CA78800080021F9245FAB87407563A0C233455B
10E11417EE5D81E8D011ABBF25C47F305F82710FFF11AFFF6CA78800080021F9245FAB87407573A1C233455B
10E11417EE5C81E8D711ABA725C488305F87710FFF119FFF6CA7880007FE21F9245FAB87407573A2C233455B
10E11817EE5C81E8D511AB8325C497304F84710FFF119FFF6CA78800080021F9245FAB87407573A3C233455B
10E11C17EE5781E8D011AB6F25C495302F84710FFF119FFF6CA78700080021F9245FAB87407573A4C233455B
10E11C17EE5A81E8D711AB6725C4B3300F88710FFF119FFF6CA78800080021F9245FAB87407573A5C233455B
10E11C17EE5C81E8D011AB5325C4C52FDF87710FFF119FFF6CA78800080021F9245FAB87407573A6C233455B
10E11C17EE5781E8D511AB4A25C4C02FBF86710FFF119FFF6CB78600080021F9245FAB87407573A7C233455B
10E11017EE6281E8D711AB2B25C4B72F7F83710FFF119FFF6CA78500080021F9245FAB87407563A8C233455B
10E11417EE6781E8D011AB0A25C4D52F8F63710FFF119FFF6CB7850007FE21F9245FAB87407563A9C233455B
10E11017EE6781E8DC11AACF25C4ED2FFF25710FFF119FFF6CA7850007FE21F9245FAB87407573AAC233455B
10E10C17EE6281E8D711AAA125C4D72FCF2370FFFF119FFF6CA78500080021F9245FAB87407563ABC233455B
10E10C17EE5D81E8D711AAA625C4D52F3F3E70FFFF11AFFF6CA78500080021F9245FAB87407573ACC233455B
10E11017EE5C81E8D711AAA525C4F12F5F4E70FFFF119FFF6CA78500080021F9245FAB87407573ADC233455B
10E10917EE5C81E8D511AA9E25C4E72FBF5970FFFF119FFF6CA7840007FE21F9245FAB87407573AEC233455B
10E11017EE5F81E8DF11AA9525C4E72FAF6470FFFF119FFF6CB78500080021F9245FAB87407563AFC233455B
10E10C17EE5D81E8D711AA8D25C4FC2FDF7270FFFF119FFF6CA78500080021F9245FAB87417563B0C233455B
10E11017EE5981E8D511AA7E25C515302F8170FFFF119FFF6CA78500080021F9245FAB87407563B1C233455B
10E10F17EE5B81E8DF11AA6925C509302F8770EFFF119FFF6CA78500080021F9245FAB87407563B2C233455B
10E11417EE5381E8DF11AA6A25C4F62FFF8970FFFF119FFF6CA78600080021F9245FAB87407563B3C233455B
10E11017EE5981E8D511AA7525C4F2301F8F70FFFF11AFFF6CA78700080021F9245FAB87407573B4C333455B
10E10517EE5C81E8DF11AA6E25C4F8308F9670FFFF119FFF6CA7870007FE21F9245FAB87407573B5C333455B
10E10917EE5C81E8DF11AA6D25C50130DF9670EFFF119FFF6CA78800080021F9245FAB87407563B6C333455B
10E10517EE5F81E8D711AA7225C4F6309F8B70EFFF119FFF6CA78900080021F9245FAB87407563B7C333455B
10E11017EE6181E8DC11AA6525C4E42FFF7770EFFF119FFF6CA78A00080021F9245FAB87407563B8C333455B
10E11417EE6281E8D711AA5D25C4E62FAF6E70EFFF119FFF6CB78A00080021F9245FAB87407573B9C333455B
10E11417EE6681E8DF11AA6625C4DC2F8F7470EFFF119FFF6CA78A0007FE21F9245FAB87407563BAC333455B
10E13317EE6281E8DC11AA7525C4CB2F8F7D70EFFF119FFF6CA78B0007FE21F9245FAB87407563BBC333455B
10E16117EE6681E8D711AA7625C4CD2FBF8170EFFF119FFF6CA78B00080021F9245FAB87407563BCC333455B
10E16517EE6781E8DF11AA8525C4CF300F8070EFFF119FFF6CA78B00080021F9245FAB87407563BDC333455B
10E16C17EE5E81E8DC11AA8E25C4C2300F7A70EFFF119FFF6CA78B0007FE21F9245FAB87407563BEC333455B
10E18417EE5381E8DF11AA9925C4B72FBF7270FFFF119FFF6CB78B00080021F9245FAB87407563BFC333455B
10E1AA17EE5181E8D711AA9925C49B2F8F7170FFFF119FFF6CA78A00080021F9245FAB87407563C0C333455B
10E1C517EE5181E8DF11AAA625C49F2FAF7970FFFF119FFF6CA78A00080021F9245FAB87407573C1C333455B
10E1CD17EE5181E8DC11AAB525C4B02FCF8270FFFF119FFF6CA78A0007FE21F9245FAB87407573C2C333455B
10E1E417EE4881E8DF11AAB225C4AF2FBF8870FFFF119FFF6CA78B0007FE21F9245FAB87407563C3C333455B
10E20717EE4B81E8D711AAB525C4A12FAF8670FFFF119FFF6CA78D00080021F9245FAB87407573C4C333455B
10E22D17EE3F81E8DC11AABE25C49C2FBF6F70FFFF119FFF6CB78D00080021F9245FAB87407563C5C333455B
10E24817EE3F81E8DF11AAC125C4952FEF4E70FFFF119FFF6CA78E00080021F9245FAB87407563C6C333455B
10E26217EE3C81E8D711AAD725C4932FDF4670FFFF119FFF6CA78F00080021F9245FAB87407563C7C333455B
10E27A17EE3C81E8DC11AAE225C48C2FCF5570FFFF11AFFF6CA78F0007FE21F9245FAB88417573C8C333455B
10E27D17EE3781E8DF11AB0325C4972FCF69710FFF119FFF6CA79000080021F9245FAB88407563C9C333455B
10E27617EE3981E8D011AB1A25C49C2FEF76710FFF119FFF6CA7910007FE21F9245FAB88407563CAC333455B
10E26E17EE4381E8DF11AB2E25C4A9300F81710FFF119FFF6CA79100080021F9245FAB88407563CBC333455B
10E25F17EE4681E8DC11AB3325C4BA302F8C710FFF11AFFF6CA79200080021F9245FAB88407573CCC433455B
10E23817EE4681E8D711AB1E25C4CA302F9370FFFF119FFF6CB79300080021F9245FAB88407573CDC433455B
10E21E17EE4681E8D711AB1325C4CF304F9670FFFF119FFF6CA79400080021F9245FAB88407563CEC433455B
10E1FF17EE4281E8DC11AAF625C4BB304F95710FFF119FFF6CB79400080021F9245FAB88407563CFC433455B
10E1F717EE4581E8D711AADF25C4B5303F8B710FFF119FFF6CB79500080021F9245FAB88407563D0C433455B
10E1EB17EE4281E8D711AAD225C4C2307F7E710FFF119FFF6CA79500080021F9245FAB88407563D1C433455B
10E1D817EE4181E8DC11AAC325C4CD30EF79711FFF119FFF6CA79500080021F9245FAB88407573D2C433455B
10E1D017EE3981E8D011AADA25C4C930DF7C710FFF119FFF6CA79600080021F9245FAB88407573D3C433455B
10E1D017EE3E81E8D711AAEB25C4B3307F82710FFF119FFF6CA79700080021F9245FAB88407573D4C433455B
10E1D017EE3C81E8D711AB0E25C4A62FFF85710FFF119FFF6CB79600080021F9245FAB88407563D5C433455B
10E1D017EE3F81E8D511AB2225C4AA2FFF82710FFF119FFF6CB79700080021F9245FAB88407573D6C433455B
10E1DC17EE3981E8D011AB3F25C4A6300F7B711FFF11AFFF6CA7970007FE21F9245FAB88407563D7C433455B
10E1D817EE3E81E8D711AB4E25C49E2FFF7B710FFF119FFF6CA79700080021F9245FAB88407573D8C433455B
10E1DC17EE3881E8D511AB5F25C4952FCF80711FFF119FFF6CA7960007FE21F9245FAB88407563D9C433455B
10E1D817EE3681E8D011AB6F25C4A02FEF82711FFF119FFF6CB7960007FE21F9245FAB88407573DAC433455B
10E1D517EE3381E8D011AB7725C49E2FEF80711FFF119FFF6CA79500080021F9245FAB88407563DBC433455B
10E1E017EE2C81E8D511AB8325C4A22FAF7E711FFF119FFF6CB79500080021F9245FAB88407563DCC433455B
10E1E417EE3381E8D011AB9725C49E2F5F7B711FFF119FFF6CB79400080021F9245FAB88407563DDC433455B
10E1E717EE3981E8D011AB9725C48E2F3F7A711FFF119FFF6CA79400080021F9245FAB88407573DEC433455B
10E1E417EE3881E8D011AB9725C49D2F3F79712FFF119FFF6CB7940007FE21F9245FAB88407563DFC433455B
10E20217EE3E81E8CD11AB9F25C4B02F5F77712FFF119FFF6CA7940007FE21F9245FAB87417563E0C433455B
10E22917EE4181E8D011AB7725C4B52F7F80711FFF119FFF6CB79400080021F9245FAB87407563E1C433455B
10E24817EE3C81E8C811AB4225C4BC2F9F87712FFF119FFF6CB79400080021F9245FAB87407573E2C433455B
10E26617EE3C81E8CD11AB1B25C4B72FCF86711FFF119FFF6CB79200080021F9245FAB87407563E3C433455B
10E28517EE3381E8D011AB0225C4BB302F81712FFF11AFFF6CB79200080021F9245FAB87407563E4C533455B
10E29417EE2C81E8C811AAEB25C4AA308F81711FFF119FFF6CB79100080021F9245FAB87407563E5C533455B
10E2C217EE2B81E8C611AAD625C4B0308F86711FFF119FFF6CB78F00080021F9245FAB87407573E6C533455B
10E2DA17EE2881E8C811AAC925C4C830BF8B711FFF119FFF6CA78F00080021F9245FAB87407573E7C533455B
10E2F117EE2581E8C811AABA25C4DB30AF8F712FFF119FFF6CB78E0007FE21F9245FAB87407573E8C533455B
10E30817EE2581E8C811AAA525C4DA303F95711FFF119FFF6CB78C00080021F9245FAB87407573E9C533455B
10E31B17EE2181E8C611AA9225C4DE2FAF98711FFF119FFF6CA78B0007FE21F9245FAB87407563EAC533455B
10E32717EE2981E8C111AA7125C4E02F5F96711FFF119FFF6CB78B00080021F9245FAB87407563EBC533455B
10E33617EE2B81E8C111AA6625C4E02F5F87712FFF119FFF6CA78900080021F9245FAB87407563ECC533455B
10E33E17EE2E81E8C611AA5D25C4FA2FBF81711FFF119FFF6CA78800080021F9245FAB87407563EDC533455B
10E32217EE2D81E8C111AA5625C4E82FEF87711FFF119FFF6CB7880007FE21F9245FAB87407573EEC533455B
10E30017EE3781E8C111AA4525C4DA2FDF90711FFF119FFF6CA78600080021F9245FAB87407573EFC533455B
10E2E517EE4381E8BE11AA4525C4E52FCF95712FFF119FFF6CA7850007FE21F9245FAB87407563F0C533455B
10E2B717EE4981E8BA11AA4225C4E92FCF98712FFF119FFF6CB78500080021F9245FAB87407563F1C533455B
10E28917EE4C81E8C111AA3025C4E22FAF99712FFF11AFFF6CA78300080021F9245FAB87407563F2C533455B
10E27A17EE5081E8BA11AA2E25C4CD2F6F9A712FFF11AFFF6CA78200080021F9245FAB87407563F3C533455B
10E25317EE5981E8BE11AA3425C4C72F7F9A711FFF119FFF6CA7810007FE21F9245FAB87407573F4C533455B
10E24417EE5C81E8BA11AA3225C4B92F9F92712FFF119FFF6CA78000080021F9245FAB87407573F5C533455B
10E21617EE6181E8BA11AA2425C4B52FBF89712FFF119FFF6CA77E00080021F9245FAB87407563F6C533455B
10E20017EE5981E8B711AA2C25C4A82FCF87712FFF119FFF6CA77E00080021F9245FAB87407563F7C533455B
10E1FF17EE5A81E8BA11AA3225C4AB301F8C713FFF119FFF6CB77C00080021F9245FAB87417573F8C533455B
10E1E717EE5C81E8B211AA3425C4A0306F91712FFF119FFF6CA77A0007FE21F9245FAB87407563F9C533455B
10E1B917EE5C81E8B711AA2A25C49C305F94713FFF119FFF6CB77A00080021F9245FAB87407573FAC533455B
10E18B17EE5C81E8B211AA2425C495303F94713FFF119FFF6CA77900080021F9245FAB87407563FBC533455B
10E17C17EE5C81E8B211AA1C25C47F2FFF95712FFF119FFF6CA77700080021F9245FAB87407563FCC633455B
10E17C17EE5C81E8B211AA1A25C48C2FFF8E713FFF119FFF6CA7760007FE21F9245FAB87407563FDC633455B
10E17417EE5C81E8B011AA2425C48C300F7D713FFF119FFF6CA77700080021F9245FAB87407573FEC633455B
10E16C17EE5C81E8B211AA2225C4912FEF7E713FFF119FFF6CA77800080021F9245FAB87407563FFC633455B
10E16917EE5C81E8AB11AA1825C48C2FCF87713FFF119FFF6CA7780007FE21F9245FAB8740757300C633455B
10E15D17EE5C81E8B011AA0E25C4902FDF8C713FFF119FFF6CA77800080021F9245FAB8740756301C633455B
10E15217EE5C81E8AB11AA0C25C4792FEF8B714FFF119FFF6CB77A00080021F9245FAB8740757302C633455B
10E14E17EE5F81E8AB11AA1025C47D2FDF88713FFF119FFF6CA77A00080021F9245FAB8740756303C633455B
10E13E17EE5D81E8A811AA0E25C4A2304F89713FFF119FFF6CA77A0007FE21F9245FAB8740757304C633455B
10E12F17EE5981E8AB11AA1425C4B9307F8A713FFF119FFF6CA77A00080021F9245FAB8740757305C633455B
10E12717EE5B81E8AB11AA0E25C4B2300F8F713FFF119FFF6CA77A00080021F9245FAB8740756306C633455B
10E11C17EE5781E8A811AA1825C48D2F8F8D713FFF119FFF6CA77A00080021F9245FAB8740756307C633455B
10E11A17EE5681E8A311AA1625C4822F6F8C714FFF119FFF6CA77A00080021F9245FAB8740757308C633455B
10E11817EE4F81E8A311AA1C25C49B2FFF8C714FFF119FFF6CA77A0007FE21F9245FAB8740756309C633455B
10E11417EE4481E8AB11AA1825C4AA30AF89714FFF119FFF6CB77A00080021F9245FAB874075630AC633455B
10E10917EE4181E8A111AA1A25C4AD30FF87714FFF119FFF6CA77900080021F9245FAB874075730BC633455B
10E10517EE4181E8A311AA2025C4AD30CF87715FFF119FFF6CB77900080021F9245FAB874075630CC633455B
10E10917EE3E81E89C11AA2625C4A1309F7F714FFF119FFF6CA77900080021F9245FAB874075630DC633455B
10E10117EE4081E8A111AA2C25C4A2304F75714FFF119FFF6CA77900080021F9245FAB874075630EC633455B
10E10917EE4181E8A311AA2C25C4B7301F77714FFF119FFF6CA77800080021F9245FAB874075730FC633455B
10E10117EE4481E89C11AA2A25C4BE302F7C713FFF11AFFF6CA77900080021F9245FAB8741757310C633455B
10E10917EE3F81E8A111AA2425C4B7300F7F713FFF119FFF6CA7780007FE21F9245FAB8740757311C633455B
10E10C17EE3B81E89C11AA2625C4AF2FCF87713FFF119FFF6CB77700080021F9245FAB8740757312C633455B
10E11417EE3B81E89C11AA2425C4992F7F8C713FFF119FFF6CA77700080021F9245FAB8740757313C633455B
10E12017EE3781E8A111AA2625C4A02F8F8C713FFF11AFFF6CB77700080021F9245FAB8740757314C733455B
10E12B17EE3681E89511AA2C25C4B72FBF8D713FFF119FFF6CA77600080021F9245FAB8740756315C733455B
10E13717EE3181E89C11AA2425C4B72FAF89713FFF119FFF6CA77500080021F9245FAB8740757316C733455B
10E13717EE3881E89C11AA1A25C4942F4F80712FFF119FFF6CA7750007FE21F9245FAB8740757317C733455B
10E13E17EE3481E89911AA1825C4902F1F7B712FFF119FFF6CA7730007FE21F9245FAB8740757318C733455B
10E14A17EE3881E89511AA1225C49F2F7F7E712FFF119FFF6CB7720007FE21F9245FAB8740757319C733455B
10E14E17EE3281E89C11AA0C25C4A42FCF83712FFF119FFF6CA7720007FE21F9245FAB874075731AC733455B
10E15517EE3881E89911AA1225C49E2FCF85712FFF119FFF6CA7710007FE21F9245FAB874075731BC733455B
10E15917EE3481E89511AA1425C4A22F7F7D711FFF119FFF6CA77000080021F9245FAB874075631CC733455B
10E15F17EE3081E89511AA1425C4AA2F4F6B712FFF119FFF6CA77000080021F9245FAB874075631DC733455B
10E16117EE3481E89911AA0E25C4A02F3F69711FFF119FFF6CA76F0007FE21F9245FAB874075631EC733455B
10E15D17EE3681E89511AA0425C49C2F5F6F711FFF119FFF6CA76F00080021F9245FAB874075731FC733455B
10E15D17EE3381E89511A9FA25C4A22F5F72711FFF119FFF6CB76E00080021F9245FAB8740757320C733455B
10E15D17EE3081E89911AA0025C49E2F7F73711FFF119FFF6CA76D0007FE21F9245FAB8740757321C733455B
10E15D17EE3481E89511AA0C25C4A22F6F75711FFF119FFF6CB76B00080021F9245FAB8740757322C733455B
10E15917EE3981E89511AA2A25C49E2F6F76711FFF119FFF6CB76B00080021F9245FAB8740757323C733455B
10E15917EE3881E89511AA2C25C49C2FAF77711FFF119FFF6CA76F0007FE21F9245FAB8740756324C733455B
10E15D17EE3181E89211AA3625C4952FFF7A710FFF119FFF6CA77100080021F9245FAB8740757325C733455B
10E16117EE3881E89511AA6525C48C303F7F710FFF119FFF6CA77200080021F9245FAB8740757326C733455B
10E16517EE3781E89511AA9E25C49730CF86710FFF119FFF6CA7740007FE21F9245FAB8740757327C733455B
10E16C17EE3681E89211AAD625C48830FF89710FFF119FFF6CA77700080021F9245FAB8841757328C733455B
10E16917EE3681E89511AAF325C482309F88710FFF119FFF6CA77800080021F9245FAB8840757329C733455B
10E15D17EE3981E89511AB0225C488302F80710FFF119FFF6CA77900080021F9245FAB884075732AC733455B
10E16117EE3281E89211AB0625C4972FDF7B710FFF119FFF6CA77C00080021F9245FAB884075632BC733455B
10E15D17EE3181E89511AB0325C4A22FAF73710FFF119FFF6CA77C00080021F9245FAB884075632CC833455B
10E16117EE3581E89511AAFE25C48A2F8F71711FFF119FFF6CA77E0007FE21F9245FAB884075732DC833455B
10E15D17EE2D81E89911AAEF25C4882F7F79710FFF119FFF6CA7800007FE21F9245FAB884075732EC833455B
10E18117EE2E81E89511AAD625C4902F7F7A711FFF119FFF6CA7810007FE21F9245FAB884075632FC833455B
10E19E17EE3581E89511AACB25C4932F9F76711FFF119FFF6CA7810007FE21F9245FAB8840757330C833455B
10E1B917EE2E81E89511AAB925C4A02F8F7A711FFF119FFF6CA78300080021F9245FAB8840756331C833455B
10E1DC17EE3381E89911AAA625C4A42FEF7E711FFF119FFF6CA78400080021F9245FAB8840757332C833455B
10E1F717EE3681E89511AA8D25C4AA300F83711FFF119FFF6CA78400080021F9245FAB8840756333C833455B
10E21217EE3181E89C11AA8525C4A62FEF86711FFF11AFFF6CA7850007FE21F9245FAB8840757334C833455B
10E22917EE3481E89911AA7E25C4972FBF8B711FFF119FFF6CA78500080021F9245FAB8840757335C833455B
10E24817EE3181E89511AA8125C4A62FBF8E711FFF11AFFF6CA78500080021F9245FAB8840757336C833455B
10E25F17EE3581E89511AA8A25C4A62FBF8D712FFF119FFF6CA7860007FE21F9245FAB8840757337C833455B
10E26E17EE3681E89911AA9D25C4AB2FAF8A712FFF119FFF6CA7860007FE21F9245FAB8840756338C833455B
10E27617EE3981E8A311AABA25C4992F7F85712FFF119FFF6CA7860007FE21F9245FAB8840757339C833455B
10E27A17EE3B81E89511AAD225C49F2F3F82712FFF11AFFF6CA78700080021F9245FAB884075733AC833455B
10E28517EE3481E8A111AAE725C49E2F3F82713FFF11AFFF6CA78700080021F9245FAB884075733BC833455B
10E28917EE3581E89511AB0225C49C2F6F84712FFF119FFF6CA7880007FE21F9245FAB884075733CC833455B
10E28D17EE3981E8A311AB1725C4952F5F89713FFF119FFF6CA78800080021F9245FAB884075733DC833455B
10E29117EE3B81E89C11AB2625C4932F7F8F713FFF119FFF6CA78800080021F9245FAB884075633EC833455B
10E29417EE3881E8A111AB3A25C4932FAF90713FFF119FFF6CA78800080021F9245FAB884075633FC833455B
10E28D17EE3A81E89C11AB4325C49A2FDF8B713FFF119FFF6CA78900080021F9245FAB8841756340C833455B
10E28D17EE3B81E8A311AB4A25C4952FEF83713FFF119FFF6CA7890007FE21F9245FAB8840757341C833455B
10E28D17EE3B81E8A111AB5325C4932FDF85713FFF119FFF6CA78A00080021F9245FAB8840757342C833455B
10E27D17EE3C81E8A311AB5F25C4932FEF85713FFF119FFF6CB78A00080021F9245FAB8840756343C833455B
10E27217EE4381E8A311AB6725C48C2FAF85712FFF119FFF6CA78B0007FE21F9245FAB8840756344C933455B
10E26617EE4681E8A811AB7325C4972F9F85713FFF119FFF6CA78B0007FE21F9245FAB8840757345C933455B
10E25B17EE4681E8A311AB7B25C48F2FCF83713FFF119FFF6CA78C00080021F9245FAB8840757346C933455B
10E25717EE4681E8AB11AB8325C4912FEF81713FFF119FFF6CA78D00080021F9245FAB8840757347C933455B
10E24F17EE4681E8A811AB7325C4932FCF85712FFF119FFF6CA78D00080021F9245FAB8840757348C933455B
10E25717EE4281E8AB11AB6325C4A62FCF8B713FFF119FFF6CB78D00080021F9245FAB8840756349C933455B
10E24F17EE4181E8AB11AB4725C4B92FFF85713FFF119FFF6CA78E00080021F9245FAB884075634AC933455B
10E24F17EE4581E8AB11AB1E25C4B12FDF77713FFF119FFF6CA78E00080021F9245FAB884075634BC933455B
10E24B17EE4281E8B011AAFF25C4AD2FAF7C713FFF11AFFF6CA78E0007FE21F9245FAB884075734CC933455B
10E24417EE4181E8AB11AADE25C4B32FEF83713FFF119FFF6CA78E00080021F9245FAB884075734DC933455B
10E24817EE3E81E8B211AAAD25C4DC305F86713FFF11AFFF6CA78F00080021F9245FAB884075734EC933455B
10E24417EE4081E8B011AA9625C4E2306F8A712FFF119FFF6CA78E00080021F9245FAB884075634FC933455B
10E24817EE4481E8BA11AA7925C4D3300F8B712FFF11AFFF6CA78E00080021F9245FAB8840756350C933455B
10E23C17EE4681E8AB11AA6625C4CF2FFF8B712FFF119FFF6CA78E00080021F9245FAB8840757351C933455B
10E23817EE4381E8B711AA5125C4DB301F8D712FFF11AFFF6CA78E00080021F9245FAB8840757352C933455B
10E22117EE4881E8BA11AA4A25C4D3305F91712FFF11AFFF6CA78D0007FE21F9245FAB8840757353C933455B
10E22117EE4781E8BA11AA4525C4CF301F8F712FFF119FFF6CA78D00080021F9245FAB8840757354C933455B
10E21D17EE4981E8B011AA4625C4DC2FFF85712FFF11AFFF6CA78D00080021F9245FAB8840757355C933455B
10E22D17EE4881E8C111AA4925C4E6302F7C712FFF119FFF6CA78D00080021F9245FAB8840757356C933455B
10E23017EE4681E8C111AA3825C4E22FFF78711FFF11AFFF6CA78D00080021F9245FAB8840757357C933455B
10E23017EE4E81E8BA11AA2A25C4DA2F7F78711FFF11AFFF6CA78D0007FE21F9245FAB8841757358C933455B
10E22217EE5481E8BE11AA2425C4D12F1F76711FFF11AFFF6CA78D0007FE21F9245FAB8840757359C933455B
10E20E17EE5781E8C111AA2225C4D52F0F76710FFF11AFFF6CA78D00080021F9245FAB884075735AC933455B
10E20617EE5E81E8C111AA1025C4DE2F4F61710FFF119FFF6CA78D00080021F9245FAB884075735BC933455B
10E1EB17EE6981E8C611AA0825C4DA2F9F50710FFF11AFFF6CA78E0007FE21F9245FAB884075635CCA33455B
10E1C917EE7081E8C111AA0225C4CB2FAF5870FFFF11AFFF6CA78E00080021F9245FAB884075635DCA33455B
10E1B917EE7281E8C811AA0425C4C02FBF6B70FFFF119FFF6CA78F00080021F9245FAB884075735ECA33455B
10E19B17EE7E81E8C611AA0225C4C42FCF7E710FFF119FFF6CA78E00080021F9245FAB884075735FCA33455B
10E17C17EE7981E8C811AA0025C4CD2FCF8A70FFFF11AFFF6CA78D00080021F9245FAB8840757360CA33455B
10E15D17EE7C81E8C811A9FE25C4C22F7F8E70FFFF11AFFF6CA78C00080021F9245FAB8840756361CA33455B
10E14A17EE8481E8D011A9FC25C4CA2F7F8970FFFF119FFF6CA78D00080021F9245FAB8840757362CA33455B
10E13E17EE8781E8CD11A9F825C4D62F8F8B70FFFF11AFFF6CA78D0007FE21F9245FAB8840757363CA33455B
10E13317EE8781E8D011A9FE25C4D12F8F9270FFFF11AFFF6CA78D00080021F9245FAB8840757364CA33455B
10E12F17EE8481E8C811AA0425C4E92FCF9270FFFF119FFF6CA78D0007FE21F9245FAB8840756365CA33455B
10E12017EE8281E8D511AA0225C4EB301F8F70FFFF11AFFF6CB78D00080021F9245FAB8840757366CA33455B
10E11C17EE8281E8D011AA0425C4EF2FFF9070EFFF11AFFF6CA78E0007FE21F9245FAB8840756367CA33455B
10E11817EE7E81E8D711AA0425C4E42FBF9070EFFF11AFFF6CA78E0007FE21F9245FAB8840757368CA33455B
10E11317EE7981E8D511AA0625C4DA2F9F9170EFFF11AFFF6CB79000080021F9245FAB8840757369CA33455B
10E10C17EE7B81E8D011AA0425C4DE2FAF8F70DFFF11AFFF6CA79100080021F9245FAB884075736ACA33455B
10E11017EE7D81E8D711AA0625C4E02FAF8D70DFFF11AFFF6CA7910007FE21F9245FAB884075736BCA33455B
10E10C17EE7981E8D711AA0025C4ED2FAF8F70EFFF11AFFF6CA79400080021F9245FAB884075636CCA33455B
10E11017EE7B81E8D511AA0225C4DE2F7F9370EFFF119FFF6CA79700080021F9245FAB884075636DCA33455B
10E10917EE7D81E8D711AA0025C4DE2F5F9670DFFF11AFFF6CA79700080021F9245FAB884075736ECA33455B
10E11017EE8081E8DF11AA0025C4E02FAF9770DFFF11AFFF6CB79900080021F9245FAB884075636FCA33455B
10E10917EE8B81E8DC11AA0225C4ED2FEF9170DFFF11AFFF6CA79C0007FE21F9245FAB8841757370CA33455B
10E10C17EE8D81E8D711AA0025C4D12FDF8B70DFFF119FFF6CA79C00080021F9245FAB8840757371CA33455B
10E10917EE9581E8DF11A9FE25C4CD2FBF8C70DFFF11AFFF6CA79E00080021F9245FAB8840757372CA33455B
10E10517EE9B81E8DF11A9FC25C4C92FCF8E70DFFF11AFFF6CA7A10007FE21F9245FAB8840757373CA33455B
10E10917EE9A81E8E311A9F825C4D42FCF8F70DFFF11AFFF6CA7A20007FE21F9245FAB8840757374CB33455B
10E10517EE9381E8D711A9FE25C4CB2F8F8F70EFFF11AFFF6CA7A30007FE21F9245FAB8840756375CB33455B
10E10517EE8E81E8E611A9FC25C4C02F6F8870EFFF11AFFF6CB7A50007FE21F9245FAB8840757376CB33455B
10E10117EE8A81E8DC11A9F625C4B12F8F7F70EFFF11AFFF6CA7A500080021F9245FAB8840756377CB33455B
10E10117EE8381E8DF11A9F825C4B32FAF7E70EFFF11AFFF6CA7A500080021F9245FAB8840757378CB33455B
10E10117EE7E81E8E611A9FE25C4C22FAF8370EFFF11AFFF6CA7A600080021F9245FAB8840756379CB33455B
10E0F917EE7881E8E311A9F425C4CD2F6F8770FFFF11AFFF6CA7A60007FE21F9245FAB884075737ACB33455B
10E10117EE7481E8E611A9F825C4D62F3F8270EFFF11AFFF6CA7A600080021F9245FAB884075737BCB33455B
10E0F917EE6D81E8E611A9FE25C4E42EFF8370EFFF119FFF6CA7A700080021F9245FAB884075737CCB33455B
10E0FD17EE7081E8DF11A9FC25C4E92EFF8270EFFF11AFFF6CA7A700080021F9245FAB884075637DCB33455B
10E0F917EE6981E8EB11A9FE25C4EF2F3F8070EFFF11AFFF6CB7A700080021F9245FAB884075737ECB33455B
10E0FD17EE7081E8E611AA0025C4D12F4F8170EFFF11AFFF6CA7A800080021F9245FAB884075737FCB33455B
10E0FC17EE6A81E8E611AA0025C4D32F3F7F70EFFF11AFFF6CB7A800080021F9245FAB8840757380CB33455B
10E10117EE6A81E8E311AA0225C4DE2F6F7B70EFFF119FFF6CA7A800080021F9245FAB8840757381CB33455B
10E0FD17EE6881E8E611AA0425C4F42FAF7F70EFFF11AFFF6CA7A800080021F9245FAB8840757382CB33455B
10E0F917EE6481E8E611AA0225C4F42F8F8970EFFF11AFFF6CA7A900080021F9245FAB8840757383CB33455B
10E0FD17EE6981E8EB11AA0025C4F22F2F8F70EFFF11AFFF6CB7A80007FE21F9245FAB8840757384CB33455B
10E0F917EE6C81E8E611AA0625C4E42ECF8D70EFFF11AFFF6CA7A800080021F9245FAB8840757385CB33455B
10E0F917EE6581E8E611AA0425C4F32EDF8A70FFFF119FFF6CA7A700080021F9245FAB8840757386CB33455B
10E0F917EE6181E8E611AA0825C4FA2F3F8E70FFFF11AFFF6CB7A700080021F9245FAB8840757387CB33455B
10E0F517EE6981E8EB11AA0225C4E62F5F9370FFFF11AFFF6CB7A700080021F9245FAB8841757388CB33455B
10E0F917EE6C81E8E611AA0825C4E02F5F9370FFFF11AFFF6CA7A50007FE21F9245FAB8840757389CB33455B
10E0FD17EE6C81E8E611AA0625C4EE2FDF8D70FFFF11AFFF6CA7A500080021F9245FAB884075638ACB33455B
10E0F517EE7481E8EB11AA0425C4F8300F8970FFFF11AFFF6CA7A400080021F9245FAB884075738BCB33455B
10E0FD17EE7381E8E611AA0025C4E02FDF8B70FFFF11AFFF6CB7A30007FE21F9245FAB884075638CCC33455B
10E0F917EE6D81E8ED11AA0225C4E42F9F8A70FFFF11AFFF6CA7A300080021F9245FAB884075738DCC33455B
10E0F917EE7181E8E611AA0425C4E92FAF8470FFFF11AFFF6CB7A20007FE21F9245FAB884075738ECC33455B
10E0FD17EE7281E8E311AA0625C4E22FCF8070FFFF11AFFF6CA7A00007FE21F9245FAB884075738FCC33455B
10E0F517EE6D81E8E611AA0825C4E02FCF83710FFF11AFFF6CA7A00007FE21F9245FAB8840757390CC33455B
10E0F917EE6C81E8E611AA0225C4DA2FDF8B710FFF11AFFF6CA79F0007FE21F9245FAB8840757391CC33455B
10E0F917EE6C81E8EB11AA0425C4DE2FFF90710FFF11AFFF6CB79D00080021F9245FAB8840757392CC33455B
10E0F917EE6881E8E611AA0425C4E02FEF91710FFF11AFFF6CB79D00080021F9245FAB8840757393CC33455B
10E0FD17EE6A81E8E611AA0625C4ED2FAF8F710FFF11AFFF6CA79C0007FE21F9245FAB8840757394CC33455B
10E0F517EE6C81E8E311AA0025C4F22F7F85710FFF11AFFF6CA79900080021F9245FAB8840757395CC33455B
10E0FD17EE7081E8E611AA0225C4F82F7F7F710FFF11BFFF6CB7970007FE21F9245FAB8840757396CC33455B
10E0FD17EE6981E8DF11AA0025C5002F9F84710FFF11AFFF6CB79700080021F9245FAB8840757397CC33455B
10E0F917EE6781E8E611AA0425C5092F8F87711FFF11AFFF6CB79500080021F9245FAB8840757398CC33455B
10E0FC17EE6B81E8E311AA0A25C50C2F9F86710FFF11AFFF6CB7930007FE21F9245FAB8840757399CC33455B
10E0F917EE6C81E8E611AA0425C5182FAF80711FFF11AFFF6CB79300080021F9245FAB884075739ACC33455B
10E0F517EE6881E8DF11AA0A25C5092F8F7F710FFF11AFFF6CB79000080021F9245FAB884075639BCC33455B
10E0FD17EE6281E8E311AA0425C5152F8F82711FFF11AFFF6CB78E00080021F9245FAB884075739CCC33455B
10E0F917EE6281E8D711AA0A25C51C2FBF85711FFF11AFFF6CB78E00080021F9245FAB884075739DCC33455B
10E11017EE5D81E8E611AA0425C5292F9F86710FFF11AFFF6CB78B00080021F9245FAB884075739ECC33455B
10E12317EE5F81E8DC11AA0425C5342F9F81711FFF11AFFF6CB78700080021F9245FAB884075739FCC33455B
10E12717EE5E81E8DF11AA0A25C5422FBF7B710FFF11BFFF6CB7870007FE21F9255FAB88417563A0CC33455B
10E13317EE6081E8DF11AA0025C54D2FCF7B711FFF11AFFF6CB78600080021F9255FAB88407573A1CC33455B
10E13717EE6581E8DF11AA0625C5442FBF81711FFF11AFFF6CB78400080021F9255FAB88407573A2CC33455B
10E13B17EE5E81E8D511AA0025C5452FAF85710FFF11AFFF6CB78400080021F9255FAB88407563A3CC33455B
10E12F17EE5981E8DF11AA0425C5542FBF89711FFF11BFFF6CB7830007FE21F9255FAB88407573A4CD33455B
10E12B17EE5E81E8D711AA0225C54B2FBF8B710FFF11AFFF6CB78100080021F9255FAB88407573A5CD33455B
10E12B17EE5881E8DC11AA0425C55A2F9F8E710FFF11AFFF6CB78000080021F9255FAB88407573A6CD33455B
10E11C17EE5681E8D711AA0625C5742FBF8F710FFF11AFFF6CB78000080021F9255FAB88407573A7CD33455B
10E11817EE5781E8D711AA0025C57B2FCF91710FFF11AFFF6CB77F0007FE21F9255FAB88407573A8CD33455B
10E11017EE5B81E8CD11A9FA25C57B2FDF92710FFF11BFFF6CB77E00080021F9255FAB88407573A9CD33455B
10E10C17EE5781E8DF11A9FC25C5872FEF94710FFF11AFFF6CA77E00080021F9255FAB88407563AACD33455B
10E10C17EE5E81E8D011A9FC25C5862FEF9170FFFF11AFFF6CB77E0007FE21F9255FAB88407573ABCD33455B
10E0FD17EE6681E8D011A9FA25C5842FFF8570FFFF11AFFF6CA77E00080021F9255FAB88407563ACCD33455B
10E10117EE7781E8D511A9FC25C596300F7A710FFF11AFFF6CB77E0007FE21F9255FAB88407563ADCD33455B
10E10117EE5781E8D011A9FA25C583301F79710FFF11BFFF6CB77F00080021F9255FAB88407573AECD33455B
10E0FF17EE6881E8D011A9FC25C574301F7E710FFF11AFFF6CB77F0007FE21F9255FAB88407573AFCD33455B
10E10117EE9381E8CD11A9FC25C5782FFF84710FFF11AFFF6CB77F00080021F9255FAB88407573B0CD33455B
10E10117EE9D81E8D011AA0225C5612FFF8A710FFF11AFFF6CB7810007FE21F9255FAB88407573B1CD33455B
10E0FD17EEA181E8C811AA0025C559301F8E710FFF11BFFF6CB7810007FE21F9255FAB88407573B2CD33455B
10E10117EEA781E8C611A9FE25C552307F8E710FFF11AFFF6CB7820007FE21F9255FAB88407573B3CD33455B
10E10117EEA481E8C811AA0025C530304F90710FFF11AFFF6CB7830007FE21F9255FAB88407563B4CD33455B
10E10117EEAB81E8C811AA0225C5182FBF91710FFF11AFFF6CB7850007FE21F9255FAB88407573B5CD33455B
10E0FD17EEAE81E8C811AA0025C51A2FDF93711FFF11AFFF6CB78500080021F9255FAB88407573B6CD33455B
10E0F917EEB281E8C611AA0425C50F301F90711FFF11AFFF6CA7860007FE21F9255FAB88407573B7CD33455B
10E10117EEB381E8C111A9FE25C4F1301F8C711FFF11BFFF6CB7880007FE21F9255FAB87417573B8CD33455B
10E0F917EEB381E8C111AA0025C5022FDF8D711FFF11AFFF6CB78800080021F9255FAB87407573B9CD33455B
10E0F917EEB381E8C611A9FE25C4F82FDF8D711FFF11AFFF6CB7890007FE21F9255FAB87407573BACD33455B
10E0FD17EEAF81E8C111A9FC25C4F82FEF8F711FFF11AFFF6CB78B00080021F9255FAB87407563BBCD33455B
10E0F917EEA981E8BA11A9FC25C4FA2FFF91711FFF11AFFF6CA78B00080021F9255FAB87407573BCCE33455B
10E0FD17EEA481E8C611A9FE25C4F4300F8F711FFF11AFFF6CB78B00080021F9255FAB87407573BDCE33455B
10E0F917EEA381E8BA11A9FC25C4F2303F90711FFF11BFFF6CB78C0007FE21F9255FAB87407573BECE33455B
10E0FD17EEA381E8BA11A9FE25C4F2302F8E711FFF11AFFF6CB78C0007FE21F9255FAB87407573BFCE33455B
10E0F917EEAB81E8BA11A9F825C4EB302F8F711FFF11AFFF6CB78C00080021F9255FAB87407573C0CE33455B
10E0F517EEAE81E8B711A9FA25C4DC2FFF8C711FFF11AFFF6CB78D0007FE21F9255FAB87407573C1CE33455B
10E0F917EEB281E8BA11A9F825C4DE2FEF8C712FFF11AFFF6CB78D00080021F9255FAB87407573C2CE33455B
10E0F917EEAB81E8B211A9F025C4DA2FBF8C712FFF11AFFF6CA78E00080021F9255FAB87407573C3CE33455B
10E0F517EEA881E8B711A9F225C4BE2F7F85712FFF11AFFF6CB78E00080021F9255FAB87407573C4CE33455B
10E0F917EEA581E8AB11A9F025C4C22F7F85712FFF11AFFF6CB78E00080021F9255FAB87407573C5CE33455B
10E0F917EE9E81E8BA11A9F225C4C02F7F80712FFF11AFFF6CB78D00080021F9255FAB87407573C6CE33455B
10E0F417EE9181E8B011A9F025C4BE2F9F7C712FFF11AFFF6CB78C0007FE21F9255FAB87407573C7CE33455B
10E0F517EE8D81E8B211A9F025C4B72FBF82712FFF11AFFF6CA78C00080021F9255FAB87407573C8CE33455B
10E0F517EE8D81E8AB11A9F225C4BB2F9F8B713FFF11AFFF6CB78B00080021F9255FAB87407573C9CE33455B
10E0F517EE8181E8B211A9F025C4D12F9F90712FFF11AFFF6CA78A00080021F9255FAB87407573CACE33455B
10E0F217EE7D81E8A811A9F225C4D82FAF94712FFF11BFFF6CB78900080021F9255FAB87407573CBCE33455B
10E0F517EE7981E8AB11A9F425C4D82FAF97712FFF11AFFF6CA7890007FE21F9255FAB87407573CCCE33455B
10E0F517EE6F81E8AB11A9F625C4D12F9F93712FFF11AFFF6CA78600080021F9255FAB87407573CDCE33455B
10E0F517EE6C81E8A811A9F825C4CF2F9F8E712FFF11AFFF6CA78500080021F9255FAB87407573CECE33455B
10E0F517EE6381E8AB11A9F825C4CF2F9F8F712FFF11AFFF6CB78500080021F9255FAB87407563CFCE33455B
10E0F517EE6281E8AB11A9FA25C4BB2FBF90712FFF11AFFF6CB7830007FE21F9255FAB87417573D0CE33455B
10E0FD17EE5981E8A111A9F425C4CF2FEF8D712FFF11AFFF6CA78300080021F9255FAB87407563D1CE33455B
10E10917EE5281E8A311A9FA25C4EB304F8B712FFF11AFFF6CB78200080021F9255FAB87407573D2CE33455B
10E10C17EE5181E89C11AA0425C4E530BF88712FFF11AFFF6CB78300080021F9255FAB87407573D3CE33455B
10E11417EE5181E89911AA0C25C4C0307F89711FFF11AFFF6CA78400080021F9255FAB87407573D4CF33455B
10E11817EE4C81E89511AA2225C4A22FFF8C711FFF11AFFF6CA7840007FE21F9255FAB87407573D5CF33455B
10E11817EE4781E88D11AA7925C488300F8D711FFF11AFFF6CB7850007FE21F9255FAB87407573D6CF33455B
10E12B17EE3D81E88611AAEF25C488305F8B711FFF11AFFF6CB7880007FE21F9255FAB87407573D7CF33455B
10E18717EE3481E88311AAE625C4AA306F87711FFF11AFFF6CA78800080021F9255FAB87407573D8CF33455B
10E22117EE2481E87F11AABE25C4A2300F84710FFF11AFFF6CA7880007FE21F9255FAB87407563D9CF33455B
10E2A017EE1781E87F11AAA125C48F2F9F84710FFF11AFFF6CA78700080021F9255FAB87407573DACF33455B
10E2D617EE1881E87411AAFB25C4842F9F86710FFF11AFFF6CB78700080021F9255FAB87407573DBCF33455B
10E2DD17EE1B81E87711AC9125C467300F85710FFF11AFFF6CA7860007FE21F9255FAB87407573DCCF33455B
10E2F517EE1681E87011AE5925C445303F8570FFFF11AFFF6CA78400080021F9255FAB87407573DDCF33455B
10E31717EE1581E86D11B02D25C41C300F8670FFFF11AFFF6CA78400080021F9255FAB87407573DECF33455B
10E34117EE1581E86111B1B125C40C2FDF87710FFF11AFFF6CB78300080021F9255FAB87407573DFCF33455B
10E37F17EE0981E86811B27E25C3FC2FEF8770FFFF11AFFF6CA78000080021F9255FAB87407573E0CF33455B
10E3FE17EE0981E85E11B26E25C3FF301F8770FFFF11AFFF6CA77F00080021F9255FAB87407573E1CF33455B
10E4CB17EE0681E86111B1F625C41A304F8570FFFF11AFFF6CB77F00080021F9255FAB87407573E2CF33455B
10E56417EE0081E85A11B1B925C44A308F8870FFFF11AFFF6CA77B0007FE21F9255FAB87407573E3CF33455B
10E5B917EE0081E85711B19125C443307F8770FFFF11AFFF6CA77800080021F9255FAB87407573E4CF33455B
10E5C817EE0781E85211B0A025C4372FFF8970FFFF11AFFF6CB7770007FE21F9255FAB87407573E5CF33455B
10E5AD17EE0681E84B11AF5725C4412F9F8C70FFFF11BFFF6CA77300080021F9255FAB87407573E6CF33455B
10E56417EE0581E84811AE3925C4592FDF8C70FFFF11BFFF6CB7700007FE21F9255FAB87407573E7CF33455B
10E50B17EE0A81E84B11AD7325C459303F8D70FFFF11AFFF6CA76F00080021F9255FAB87417573E8CF33455B
10E4D517EE0A81E84311AD1025C457302F7F70FFFF11AFFF6CA76A00080021F9255FAB87407563E9CF33455B
10E4AF17EE0A81E84311AD0A25C450300F7670FFFF11BFFF6CA7650007FE21F9255FAB87407573EACF33455B
10E47317EE0A81E84111AD9825C4412FEF7970EFFF11BFFF6CA76400080021F9255FAB87407573EBCF33455B
10E45A17EE0781E83511AE8525C430300F7F70FFFF11BFFF6CA75C00080021F9255FAB87407563ECD033455B
10E45317EE0081E83511AFDD25C419301F8470FFFF11BFFF6CB74F00080021F9255FAB87407573EDD033455B
10E44717EE0B81E83211B0CC25C41F2FFF8870EFFF11AFFF6CA74C00080021F9255FAB87407573EED033455B
10E43F17EE0781E82D11B0FC25C429302F8B70FFFF11AFFF6CA74A00080021F9255FAB87407573EFD033455B
10E44B17EE0A81E82D11B0AF25C43F305F8970FFFF11AFFF6CA74400080021F9255FAB87407573F0D033455B
10E49917EE0E81E82B11B0D025C439305F8270FFFF11BFFF6CA7420007FE21F9255FAB87407573F1D033455B
10E4DD17EE0B81E82D11B11025C441303F7B70FFFF11BFFF6CA74300080021F9255FAB87407573F2D033455B
10E51F17EE0A81E81E11B18525C44C303F7670FFFF11AFFF6CA7470007FE21F9255FAB87407573F3D033455B
10E55817EE0B81E82311B1CA25C44E301F7770FFFF11AFFF6CA74800080021F9255FAB87407573F4D033455B
10E59E17EE0681E81E11B1E925C44E2FCF5470FFFF11AFFF6CA74900080021F9255FAB87407563F5D033455B
10E61C17EE0581E81E11B26225C4342F7F5370FFFF11BFFF6CA74B0007FE21F9255FAB87407573F6D033455B
10E6BB17EE0581E81411B36325C43F2F5F6670EFFF11BFFF6CA74D00080021F9255FAB87407573F7D033455B
10E70017EE0581E81011B54825C4322FBF7670FFFF11AFFF6CA74D00080021F9255FAB87407563F8D033455B
10E70517EE0C81E81711B70E25C432300F7E70FFFF11AFFF6CA74F0007FE21F9255FAB87407573F9D033455B
10E74517EE0781E80D11B82825C435302F8170FFFF11BFFF6CA75000080021F9255FAB87407573FAD033455B
10E7E717EE0081E80811B8D925C447301F8370EFFF11BFFF6CA7500007FE21F9255FAB87407573FBD033455B
10E8AF17EE0481E80811B95C25C461302F8970FFFF11AFFF6CA75100080021F9255FAB87407573FCD033455B
10E9E017EE0C81E80D11B9BF25C461303F8770EFFF11AFFF6CA75100080021F9255FAB87407573FDD033455B
10EB2417EE0F81E80111BA6125C45F302F8870EFFF11AFFF6CA7510007FE21F9255FAB87407573FED033455B
10EC4817EE1581E80111BAE225C459301F8B70EFFF11BFFF6CA75300080021F9255FAB87407573FFD033455B
10ED5517EE1981E7FE11BB6325C45D303F8A70EFFF11BFFF6CA75400080021F9255FAB8741757300D033455B
10EE4817EE1681E7FA11BBD825C473306F8A70EFFF11AFFF6CA75400080021F9255FAB8740757301D033455B
10EF0317EE1D81E7FA11BC3D25C465308F8B70EFFF11AFFF6CA75500080021F9255FAB8740757302D033455B
10EFAF17EE2581E7F711BCAE25C459302F8C70DFFF11BFFF6CA7560007FE21F9255FAB8740757303D033455B
10F0B617EE2581E7F211BD1825C46A301F8B70DFFF11BFFF6CA75700080021F9255FAB8740757304D133455B
10F1CB17EE2181E7F211BD3C25C48A307F8B70DFFF11BFFF6CA75800080021F9255FAB8740757305D133455B
10F2E417EE2081E7EF11BD7025C48C308F8A70DFFF11AFFF6CA75A00080021F9255FAB8740757306D133455B
10F35017EE2081E7EB11BD8025C48A304F8B70DFFF11AFFF6CA75A00080021F9255FAB8740757307D133455B
10F38E17EE2081E7EB11BD7025C477304F8E70DFFF11BFFF6CA75B00080021F9255FAB8740757308D133455B
10F3FD17EE2381E7E811BD4C25C477305F8F70DFFF11BFFF6CA75C00080021F9255FAB8740757309D133455B
10F47917EE2181E7E311BD1325C499309F9270DFFF11AFFF6CA75C00080021F9255FAB874075730AD133455B
10F4BE17EE1D81E7E311BCDB25C4AA30FF9770CFFF11AFFF6CA75C0007FE21F9255FAB874075730BD133455B
10F52617EE2281E7D911BD2325C4A630EF9670CFFF11BFFF6CA75D00080021F9255FAB874075630CD133455B
10F53D17EE2581E7DC11BD7825C483307F8470CFFF11BFFF6CA75D0007FE21F9255FAB874075730DD133455B
10F4EB17EE2D81E7DC11BDEA25C46D305F7D70CFFF11BFFF6CA75D00080021F9255FAB874075730ED133455B
10F44E17EE3981E7D911BF0925C454306F7D70CFFF11AFFF6CA75E00080021F9255FAB874075630FD133455B
10F3A517EE4381E7D511C00425C475308F8070CFFF11AFFF6CA75D00080021F9255FAB8740757310D133455B
10F2E417EE4981E7CD11C05025C482309F8370BFFF11AFFF6CA75D00080021F9255FAB8740757311D133455B
10F23317EE4B81E7D211C01025C482300F8870CFFF11AFFF6CA75D00080021F9255FAB8740757312D133455B
10F1BA17EE4C81E7CD11BFA325C47B2FAF8A70CFFF11BFFF6CA75C0007FE21F9255FAB8740757313D133455B
10F16F17EE3381E7CD11BF6625C4792FFF8B70CFFF11AFFF6CA75C00080021F9255FAB8740757314D133455B
10F1C317EE1E81E7CA11BF9225C480307F8C70BFFF11AFFF6CA75C00080021F9255FAB8740757315D133455B
10F36317EE5381E7C611BF9225C48F308F8870CFFF11AFFF6CA75B00080021F9255FAB8740757316D133455B
10F6BF17EEC181E7C311BFB725C4B3303F7B70CFFF11BFFF6CA75B00080021F9255FAB8740757317D133455B
10FA6A17EEEE81E7BE11C01C25C4FE303F7C70CFFF11AFFF6CA75C00080021F9255FAB8741757318D133455B
10FCF017EF2181E7BE11C22425C554305F8270CFFF11AFFF6CA75C00080021F9255FAB8740757319D133455B
10FEDF17EF4D81E7C311C4C325C59E2FFF8970CFFF11AFFF6CA75C00080021F9255FAB874075731AD133455B
1100BC17EF7B81E7B711C70625C5F52FAF8F70CFFF11AFFF6CA75C00080021F9255FAB874075731BD133455B
11026717EF9C81E7B711C8AD25C64D2FBF9170CFFF11BFFF6CA75C0007FE21F9255FAB874075731CD233455B
1102D317EFA681E7B411C9B125C68A2FFF9370CFFF11AFFF6CA75C0007FE21F9255FAB874075731DD233455B
11029E17EFAC81E7B711CA4225C6D7301F9570DFFF11AFFF6CA75B00080021F9255FAB874075731ED233455B
11023C17EF9581E7B011CC8D25C7882FFF9670DFFF11BFFF6CA75B00080021F9255FAB874075731FD233455B
11012417EF8481E7AD11CFF325C87D2FBF9770DFFF11AFFF6CA75A00080021F9255FAB8740757320D233455B
1100C817EFC781E7A811D34F25C94B2FAF9670DFFF11BFFF6CA75A00080021F9255FAB8740756321D233455B
11026417F02481E7A811D55325C9D42FCF9270DFFF11BFFF6CA75800080021F9255FAB8740757322D233455B
1103C817F06081E7AD11D70A25CA1F2FEF8E70EFFF11BFFF6CA75700080021F9255FAB8740757323D233455B
1104BA17F09D81E7A111D81325CA412FCF8E70EFFF11BFFF6C975700080021F9255FAB8740757324D233455B
11064D17F0D781E7A111D89025CA752FDF9370EFFF11BFFF6CA75500080021F9255FAB8740757325D233455B
11076E17F0FC81E7A511D87025CA9E2FFF9770DFFF11BFFF6CA75400080021F9255FAB8740757326D233455B
11093317F15781E79911D8D125CAD42FFF9970EFFF11BFFF6CA75300080021F9255FAB8740757327D233455B
110B5117F1A381E79911D97025CB372FDF9C70DFFF11BFFF6CA74F00080021F9255FAB8740757328D233455B
110C8F17F1AA81E79711DBA225CBFD300F9A70DFFF11AFFF6C974E00080021F9255FAB8740757329D233455B
110C2A17F16781E79911DD4E25CC7A300F9B70DFFF11BFFF6CA74D00080021F9255FAB874075732AD233455B
110A8F17F14481E79211DE7025CCDF2FDF9B70DFFF11BFFF6C97480007FE21F9255FAB874075732BD233455B
1109E917F15981E78F11DF2225CD332FAF9C70DFFF11BFFF6CA74400080021F9255FAB874075732CD233455B
110A4417F18F81E79211DFDF25CD602FAF9E70DFFF11BFFF6CA74400080021F9255FAB874075632DD233455B
110A3617F19081E78F11E00E25CD632FBF9B70DFFF11BFFF6C973F00080021F9255FAB874075732ED233455B
11097917F1BA81E78311DFBE25CD402FAF9A70DFFF11BFFF6CA73B0007FE21F9255FAB874075732FD233455B
110B1717F21E81E78311DEDD25CCED2FAF9A70DFFF11BFFF6C973A00080021F9255FAB8841757330D233455B
110D0117F26D81E78811DDAD25CCA22FEF9970DFFF11BFFF6C97350007FE21F9255FAB8840757331D233455B
110EE817F29C81E77C11DCD425CC642FFF9970EFFF11BFFF6CA73000080021F9255FAB8840757332D233455B
11104517F29481E77C11DC4C25CC2A2FCF9870DFFF11BFFF6C972F00080021F9255FAB8840757333D233455B
1110C217F26981E78011DC1825CC2D2FCF9170EFFF11BFFF6CA72B0007FE21F9255FAB8840757334D333455B
11109717F23A81E77511DC1825CC3F300F8370EFFF11BFFF6CA72600080021F9255FAB8840756335D333455B
11101B17F21881E77C11DC0425CC30302F8770DFFF11BFFF6C972500080021F9255FAB8840757336D333455B
110FC117F1FF81E77211DBAE25CC102FFF8B70DFFF11BFFF6C97210007FE21F9255FAB8840757337D333455B
110F5117F20281E76D11DB3C25CC0E2FCF8770EFFF11BFFF6C971900080021F9255FAB8840757338D333455B
110F1717F21681E76D11DACF25CC122FDF8970DFFF11BFFF6C971700080021F9255FAB8840757339D333455B
110F3217F23681E76A11DA5825CC0A2FFF8C70DFFF11BFFF6C971600080021F9255FAB884075733AD333455B
110F5117F25D81E76611DA3025CBFB2FEF9070EFFF11BFFF6C971200080021F9255FAB884075733BD333455B
110F4517F27281E76611D9A425CBC92FEF9470EFFF11BFFF6C971100080021F9255FAB884075733CD333455B
110F0317F2A081E76311D8AD25CBAD2FDF9570EFFF11BFFF6C971100080021F9255FAB884075733DD333455B
110FE817F2E281E75E11D84325CBC92FBF9470EFFF11BFFF6C970F0007FE21F9255FAB884075733ED333455B
11108417F2D881E75C11D89D25CC0A2F9F9170EFFF11BFFF6C970F00080021F9255FAB884075733FD333455B
110F2217F28781E75711DA1725CC6E2FAF9270EFFF11BFFF6CA70F00080021F9255FAB8840756340D333455B
110D2217F26A81E75711DB0025CCA92FCF8F70EFFF11BFFF6C97120007FE21F9255FAB8840757341D333455B
110D7017F29581E75411DB8E25CCC72FFF8E70EFFF11BFFF6C971300080021F9255FAB8840757342D333455B
110F0F17F2BA81E75011DBC225CCEE305F9370FFFF11BFFF6C97140007FE21F9255FAB8840757343D333455B
110FBA17F29781E74811DC9F25CD3B309F9970FFFF11BFFF6C971700080021F9255FAB8840757344D333455B
110E3617F26681E74D11DCE625CD6F308F9C70FFFF11BFFF6C971900080021F9255FAB8840757345D333455B
110CD917F28581E74111DDDD25CDAE302F9A70FFFF11BFFF6C971900080021F9255FAB8840757346D333455B
110DF417F2D681E74111DE8425CDB12FEF9B70FFFF11BFFF6C971D00080021F9255FAB8840757347D333455B
110FA217F2FC81E73E11DE8C25CDAE2FBF9A710FFF11BFFF6C97200007FE21F9255FAB8841757348D333455B
11100317F2EE81E73911DE6C25CDA02F9F95710FFF11BFFF6C97210007FE21F9255FAB8840757349D333455B
110FCD17F30B81E73E11DDB925CD682F9F90711FFF11BFFF6C972100080021F9255FAB884075734AD333455B
11110817F34581E73211DB9A25CCCF2F8F89711FFF11BFFF6C97230007FE21F9255FAB884075734BD333455B
1111B617F32A81E73911D87025CBFA2F4F8B711FFF11BFFF6C97230007FE21F9255FAB884075734CD433455B
11114617F31381E72811D58425CB102F4F91711FFF11BFFF6C972300080021F9255FAB884075734DD433455B
11115D17F33B81E72B11D23B25CA242F2F96711FFF11BFFF6C972300080021F9255FAB884075634ED433455B
11123E17F36981E72B11CF1025C9892EFF9A712FFF11BFFF6C97230007FE21F9255FAB884075734FD433455B
11132C17F37181E72011CDF925C9892F0F9A712FFF11BFFF6C972400080021F9255FAB8840757350D433455B
11131417F35E81E72311CEAB25CA012F4F95712FFF11BFFF6C97240007FE21F9255FAB8840757351D433455B
1112BF17F33C81E72011D04025CA732F4F94712FFF11BFFF6C97250007FE21F9255FAB8840757352D433455B
11123317F2FD81E71411D0DA25CA602F2F92713FFF11BFFF6C972500080021F9255FAB8840757353D433455B
11108F17F2A381E71411CFB725CA102F2F8F714FFF11BFFF6C972500080021F9255FAB8840757354D433455B
110EC917F25081E71211D01025CA752F4F8E714FFF11BFFF6C97250007FE21F9255FAB8840757355D433455B
110CBA17F23281E71411D40225CBCE2F4F8E714FFF11BFFF6C972500080021F9255FAB8840757356D433455B
110C7817F26281E70D11D78025CD302F1F8F714FFF11CFFF6C97250007FE21F9255FAB8840757357D433455B
110E2A17F2D181E70311DA5225CE6B2EEF8D714FFF11CFFF6C97240007FE21F9255FAB8840757358D433455B
110FF017F37081E70611DDE525CFEF2EFF8D715FFF11BFFF6C972400080021F9255FAB8840757359D433455B
11126D17F41581E70611E2ED25D1F32F4F5E715FFF11CFFF6C972300080021F9255FAB884075735AD433455B
1114B817F48381E6FB11E66425D32C2F5F31715FFF11BFFF6C97220007FE21F9255FAB884075635BD433455B
11167117F4C381E6FE11E8E425D3E52F0F46715FFF11BFFF6C972300080021F9255FAB884075635CD433455B
11179417F50E81E6F411EB7025D4CD2EDF6B715FFF11BFFF6C972100080021F9255FAB884075735DD433455B
1118F317F58981E6F711EC8E25D5162F0F7F715FFF11CFFF6C97200007FE21F9255FAB884075735ED433455B
111AF817F62A81E6F011ED0D25D5022F5F8A715FFF11BFFF6C972100080021F9255FAB884075735FD433455B
111CEE17F6C681E6E511ECFC25D4BE2F9F91716FFF11CFFF6C971F0007FE21F9255FAB8841757360D433455B
111EA817F74081E6F011ECF825D4AC2F5F97716FFF11BFFF6C971E00080021F9255FAB8840757361D433455B
11200217F77281E6E511ED3525D4F92F6F9B716FFF11CFFF6C971E00080021F9255FAB8840757362D433455B
1120CB17F78281E6E111EDF525D5882F7F9C716FFF11CFFF6C971D00080021F9255FAB8840757363D433455B
11214517F78E81E6D911EED225D63B2F9F9D717FFF11CFFF6C971B00080021F9255FAB8840757364D533455B
11216F17F79881E6DE11EF8225D6C42FDF9F716FFF11CFFF6C971B00080021F9255FAB8840757365D533455B
11218A17F7C381E6D211F09025D7872FBFA3717FFF11BFFF6C971900080021F9255FAB8840757366D533455B
11224D17F84A81E6D211F1C525D85C2F8FA6717FFF11BFFF6C97170007FE21F9255FAB8840757367D533455B
11237517F8C681E6D611F27B25D8AA2F6FA5717FFF11CFFF6C971600080021F9255FAB8840757368D533455B
11245B17F92381E6CB11F29525D8AA2F4FA1717FFF11CFFF6C97150007FE21F9255FAB8840756369D533455B
11252617F96681E6C811F2D525D8E42F5FA3716FFF11CFFF6C971100080021F9255FAB884075736AD533455B
1125D917F9A981E6C311F37D25D95F2F6FA4716FFF11CFFF6C971000080021F9255FAB884075736BD533455B
11267117F9D881E6CB11F41825D9D52F4F9D716FFF11CFFF6C970F0007FE21F9255FAB884075736CD533455B
1126C017F9E581E6C011F4AF25DA232F2F9E717FFF11CFFF6C970900080021F9255FAB884075636DD533455B
11271517FA0381E6BC11F4FE25DA492F2F9F716FFF11CFFF6C97070007FE21F9255FAB884075736ED533455B
11278317FA2181E6AA11F57225DA842F2FA1715FFF11CFFF6C970600080021F9255FAB884075736FD533455B
11280317FA4981E6C311F61925DAC92F4FA3716FFF11CFFF6C970000080021F9255FAB8840757370D533455B
11286517FA6081E6AD11F66725DAD82F6FA3715FFF11CFFF6C96FD00080021F9255FAB8840757371D533455B
1128A617FA6881E6B111F68425DAD22F3FA1715FFF11CFFF6C96FC00080021F9255FAB8840756372D533455B
1128AF17FA6D81E6AD11F6B025DAF82EFFA4715FFF11CFFF6C86F400080021F9255FAB8840757373D533455B
1128D617FA7F81E6A611F6EA25DAFE2EBFA4714FFF11CFFF6C96F000080021F9255FAB8840757374D533455B
11292117FAA681E6A311F71325DB1C2ECFA2714FFF11CFFF6C96EF00080021F9255FAB8840757375D533455B
11298217FAC981E69E11F73F25DB392F0F9D714FFF11CFFF6C96E900080021F9255FAB8840757376D533455B
1129D817FADE81E6A311F74B25DB542F2F9E713FFF11CFFF6C86E500080021F9255FAB8840757377D533455B
112A2617FAF681E69711F77125DB612EEF9F713FFF11CFFF6C96E400080021F9255FAB8741757378D533455B
112A7817FB0D81E69711F7A125DB762E9F9F714FFF11CFFF6C86E300080021F9255FAB8740756379D533455B
112AC317FB1B81E69411F7DA25DB902EAF9B713FFF11CFFF6C86E200080021F9255FAB874075737AD533455B
112AF517FB1E81E69011F81525DBC32EFF9B714FFF11CFFF6C86E20007FE21F9255FAB874075637BD533455B
112B0D17FB2281E68D11F84025DBCC2F1FA2713FFF11CFFF6C86E10007FE21F9255FAB874075637CD633455B
112B0D17FB2B81E69011F85925DBDE2F1FA3713FFF11CFFF6C86E00007FE21F9255FAB874075737DD633455B
112B1F17FB2E81E68111F85F25DBE52F1FA3713FFF11CFFF6C86E000080021F9255FAB874075737ED633455B
112B2817FB2A81E68511F86D25DBDE2F0FA4713FFF11BFFF6C86DF00080021F9255FAB874075737FD633455B
112B1917FB2081E68111F88225DBFC2F0FA3713FFF11CFFF6C86DD00080021F9255FAB8740757380D633455B
112AE617FB1281E67611F88825DC062F2FA2713FFF11CFFF6C86DC0007FE21F9255FAB8740757381D633455B
112ABF17FB1581E67911F89225DC1A2F5F9E713FFF11CFFF6C86DA00080021F9255FAB8740757382D633455B
112AD217FB3081E67211F89625DC1A2F4F9D713FFF11CFFF6C86D400080021F9255FAB8740757383D633455B
112B0917FB5D81E66F11F89625DC122F3FA0713FFF11CFFF6C86D20007FE21F9255FAB8740757384D633455B
112B4F17FB8E81E67211F89425DC162F5FA2713FFF11CFFF6C86D100080021F9255FAB8740757385D633455B
112BB717FBC181E66811F89625DC3F2F6FA2714FFF11CFFF6C86CA00080021F9255FAB8740757386D633455B
112BFB17FBDD81E66B11F8B725DCAD2F7FA2714FFF11CFFF6C86C800080021F9255FAB8740757387D633455B
112C3A17FBFA81E65C11F90325DD072F5FA2714FFF11CFFF6C86C700080021F9255FAB8740757388D633455B
112C7D17FC1F81E66011F95A25DD472F3FA0714FFF11CFFF6C86C000080021F9255FAB8740757389D633455B
112CBB17FC2D81E65C11F9B425DD972F3F9C714FFF11CFFF6C86BD0007FE21F9255FAB874075738AD633455B
112CD717FC3281E65911FA3F25DE212F5F99714FFF11CFFF6C86BC0007FE21F9255FAB874075738BD633455B
112CF217FC5081E65411FACB25DE962F3F9A715FFF11CFFF6C86B50007FE21F9255FAB874075738CD633455B
112D3017FC8081E65411FB3025DEEA2F4F98715FFF11CFFF6C76B100080021F9255FAB874075738DD633455B
112D7B17FCA081E64A11FB6D25DF242F3F9B715FFF11CFFF6C76B100080021F9255FAB874075738ED633455B
112DAA17FCAA81E64D11FB9A25DF5E2F1FA2716FFF11CFFF6C76B00007FE21F9255FAB874075638FD633455B
112DBC17FCC481E64311FBC325DF872F0FA3716FFF11CFFF6C76AF00080021F9255FAB8841757390D633455B
112DF017FCF581E63E11FBE225DF892F0FA2716FFF11CFFF6C76AF0007FE21F9255FAB8840756391D633455B
112E2317FD0F81E63E11FBCF25DF872F3FA0717FFF11CFFF6C76AE00080021F9255FAB8840757392D633455B
112E5217FD2081E63B11FBCB25DFA72F3FA2717FFF11CFFF6C76AE00080021F9255FAB8840757393D633455B
112E6417FD1981E63711FBEC25DFD22F0FA3717FFF11CFFF6C76AE00080021F9255FAB8840757394D733455B
112E5617FD1481E63411FC3225E00A2EDFA3717FFF11DFFF6C76AD0007FE21F9255FAB8840756395D733455B
112E4E17FD1781E62F11FC6B25E0402EFFA3717FFF11DFFF6C76AD0007FE21F9255FAB8840757396D733455B
112E4E17FD2581E62F11FC8B25E0672F3FA5718FFF11CFFF6C76AC00080021F9255FAB8840757397D733455B
112E6417FD4A81E61E11FCA025E05C2F4FA5718FFF11CFFF6C76AC0007FE21F9255FAB8840757398D733455B
112F1617FDDC81E62811FC7325E0352F0FA5718FFF11DFFF6C76AA00080021F9255FAB8840757399D733455B
11317917FE7C81E61E11FC4225E02B2EFFA7718FFF11DFFF6C76AA0007FE21F9255FAB884075739AD733455B
1132ED17FE9681E61911FC6F25E0512EFFA9718FFF11CFFF6C76A900080021F9255FAB884075739BD733455B
1132D617FE9E81E61911FCC125E08B2EEFA8719FFF11CFFF6C76A50007FE21F9255FAB884075739CD733455B
11343917FF8381E61611FCEE25E0FC2EDFA7719FFF11DFFF6C76A40007FE21F9255FAB884075739DD733455B
1138B61800C481E60B11FF8525E29A2EEFA7719FFF11DFFF6C76A400080021F9255FAB884075739ED733455B
113CCE18015881E60F1203E425E46A2EEFA5719FFF11CFFF6C76A400080021F9255FAB884075739FD733455B
113EAE18014081E60B1206E825E5922EFFA5719FFF11CFFF6C76A400080021F9255FAB88407573A0D733455B
113D901800F781E600120A0525E6D62F0FA5719FFF11CFFF6C76A400080021F9255FAB88407573A1D733455B
113C371800E581E5FC120E5225E7A82EFFA571AFFF11DFFF6C76A600080021F9255FAB88407573A2D733455B
113C2318011E81E603120EB925E7D22ECFA371AFFF11DFFF6C76A700080021F9255FAB88407573A3D733455B
113D3A18015681E5F9120EFE25E82C2EEFA571BFFF11CFFF6C76A700080021F9255FAB88407573A4D733455B
113DA318017281E5F4120F0225E8912F2FA871BFFF11CFFF6C76AA00080021F9255FAB88407573A5D733455B
113EBE1801FB81E5F11210D625E9252F2FAC71BFFF11CFFF6C76AC0007FE21F9255FAB88407573A6D733455B
1141CF1802B281E5E612134725E9C12EBFAC71BFFF4B3FFF6C56AC00080021F9255FAB88407573A7D733455B
11443818034381E5ED1214CD25EA502ECFA971BFFFCEDFFF6C46AE00080021F9255FAB88417573A8D733455B
1146C11803BC81E5E212171125EB282F6FA971CFFFF8CFFF6C56B00007FE21F9255FAB88407573A9D733455B
1149A518043A81E5DE1219DD25EBEC2FCFA771CFFFF5EFFF6C56AF0007FE21F9255FAB88407573AAD733455B
114C6418048781E5DB121C5425EC8E2F5FA471CFFFEFDFFF6C56B000080021F9255FAB88407573ABD733455B
114DC518049781E5D7121DE225ECE92EAFA671CFFFEE5FFF6C56B100080021F9255FAB88407573ACD833455B
114EC41804BF81E5DB121F8125ED412E8FA971CFFFEE9FFF6C56B10007FE21F9255FAB88407573ADD833455B
1150981804DE81E5CF12226525EDF42E9FAA71CFFFEEFFFF6C46B00007FE21F9255FAB88407573AED833455B
1151B81804B281E5CF1225DA25EEC42EEFAD71CFFFEF1FFF6C46AF00080021F9255FAB88407573AFD833455B
11505418041681E5C512279B25EF442F1FAE71CFFFEF1FFF6C46AE0007FE21F9255FAB88407573B0D833455B
114D2818034381E5C812295625EF772F2FAC71CFFFEF2FFF6C56AC0007FE21F9255FAB88407573B1D833455B
1149F518029D81E5C5122A1F25EF7B2F2FAE71CFFFEF1FFF6C46A80007FE21F9255FAB88407573B2D833455B
11474618024881E5B91229E525EF442EDFAE71CFFFEF2FFF6C46A700080021F9255FAB88407573B3D833455B
11472C1802C781E5BE12298625EF2C2EAFB171DFFFEF3FFF6C46A50007FE21F9255FAB88407573B4D833455B
114A241803F281E5B912299425EF3F2EDFB371CFFFEF4FFF6C469E00080021F9255FAB88407573B5D833455B
114FD418051A81E5B212297A25EF642F1FB571CFFFEF3FFF6C469C0007FE21F9255FAB88407573B6D833455B
11550A1805DC81E5AF12295525EF5D2F4FB571CFFFEF3FFF6C469A0007FE21F9255FAB88407573B7D833455B
11594B18065B81E5AA12290225EF2E2F6FB471BFFFEF4FFF6C469300080021F9255FAB88407573B8D833455B
115C991806C181E5A712288325EF2E2F5FB471BFFFEF5FFF6C468F00080021F9255FAB88407573B9D833455B
115F0A18072081E5AA122A3025EFCA2F4FB471CFFFEF6FFF6C468E00080021F9255FAB88407573BAD833455B
11611B18077D81E5A0122BC025F0142F4FB671BFFFEF5FFF6C46890007FE21F9255FAB88407573BBD833455B
1163081807B081E59C122C0625F0562F4FB771BFFFEF5FFF6C468600080021F9255FAB88407563BCD833455B
1163C51807BF81E59C122DA425F0CD2F6FB771BFFFEF5FFF6C468500080021F9255FAB88407573BDD833455B
1163BF1807B081E591122E9825F0F82FAFB871BFFFEF6FFF6C46810007FE21F9255FAB88407573BED833455B
11636F1807B181E59C122F0425F10F2FAFB971BFFFEF6FFF6C467F00080021F9255FAB88407573BFD833455B
1163701807C581E58A122FDE25F14A2F3FB971BFFFEF4FFF6C467F00080021F9255FAB88417573C0D833455B
1163E11807FC81E58D12314725F1D92F1FBA71CFFFEF3FFF6C467A00080021F9255FAB88407573C1D833455B
11650018084881E58A12345A25F2E92F5FBB71CFFFEF4FFF6C467600080021F9255FAB88407573C2D833455B
1166C418089881E5861237B925F3BD2F5FBC71CFFFEF4FFF6C467600080021F9255FAB88407573C3D833455B
1168371808DD81E5821239C925F40B2F0FBB71CFFFEF3FFF6C467200080021F9255FAB88407573C4D933455B
1169DC18092881E57E123A1125F3EF2EFFBB71CFFFEF1FFF6C466F00080021F9255FAB88407573C5D933455B
116BE918098581E5771239CD25F3DF2F5FB871CFFFEF1FFF6C466E00080021F9255FAB88407573C6D933455B
116E4B1809EB81E57B12398425F3E72F8FB671CFFFEF1FFF6C466E00080021F9255FAB88407573C7D933455B
11702B180A2681E5771239AB25F3F12F8FB571BFFFEF1FFF6C466C0007FE21F9255FAB88407573C8D933455B
11716D180A3181E56C123A1825F4202F6FB571BFFFEEFFFF6C466C00080021F9255FAB88407573C9D933455B
117217180A3A81E56F123B4F25F4842F6FB571BFFFEEDFFF6C466B00080021F9255FAB88407573CAD933455B
1172A3180A5581E565123CE725F4F42F6FB671BFFFEEDFFF6C46690007FE21F9255FAB88407573CBD933455B
11730E180A5D81E568123E2C25F5572FAFB871BFFFEEDFFF6C46690007FE21F9255FAB88407573CCD933455B
117356180A6581E561123F2D25F59A2FDFB971BFFFEEEFFF6C46670007FE21F9255FAB88407573CDD933455B
1173D8180A9181E55D123FF625F5AB2FAFB971BFFFEEBFFF6C466300080021F9255FAB88407573CED933455B
11750B180ABB81E55912406025F5B22F6FB971BFFFEEAFFF6C466200080021F9255FAB88407573CFD933455B
1175DD180AD581E55D1240C325F5EE2F6FB971AFFFEEAFFF6C46600007FE21F9255FAB88407573D0D933455B
117611180ADB81E55212413725F60E2FBFBB71AFFFEEAFFF6C465A0007FE21F9255FAB88407573D1D933455B
11761A180AE781E5561241F225F65A2FCFBB71AFFFEEAFFF6C465700080021F9255FAB88407573D2D933455B
117661180AF781E54A1242DA25F6D92FDFB971AFFFEE8FFF6C46570007FE21F9255FAB88407573D3D933455B
1176C8180AFF81E5471243BA25F7022FCFB871AFFFEE7FFF6C465000080021F9255FAB88407573D4D933455B
1176F4180AFD81E54A12441E25F6FE30DFBA71AFFFEE7FFF6C464D00080021F9255FAB88407573D5D933455B
1176D4180AEF81E5431244B825F709318FBB719FFFEE7FFF6C464D0007FE21F9255FAB88407573D6D933455B
11768D180AE781E5401244DE25F707318FBB719FFFEE6FFF6C464D00080021F9255FAB88407573D7D933455B
11763D180AD581E53C12448E25F711311FBA719FFFEE4FFF6C464D00080021F9255FAB88417573D8D933455B
1175D3180ADC81E53812450B25F750308FBB719FFFEE3FFF6C464D00080021F9255FAB88407573D9D933455B
117605180AFD81E53C1245D225F784302FBB719FFFEE3FFF6C464A00080021F9255FAB88407573DAD933455B
117681180B1781E52A12460825F78F301FBB719FFFEE4FFF6C464800080021F9255FAB88407573DBD933455B
1176F0180B2481E5341245EF25F782301FBB718FFFEE3FFF6C46470007FE21F9255FAB88407573DCDA33455B
11773B180B3381E52A12462A25F78A304FBA719FFFEE1FFF6C46430007FE21F9255FAB88407573DDDA33455B
117787180B4081E52D12467925F795305FBA718FFFEE0FFF6C463E00080021F9255FAB88407573DEDA33455B
1177D3180B4681E52212467D25F79E304FB9718FFFEE0FFF6C463C00080021F9255FAB88407573DFDA33455B
1177D2180B4C81E51E12464325F793303FBA718FFFEE1FFF6C463800080021F9255FAB88407573E0DA33455B
1177C7180B4181E51E12460425F78F301FBA718FFFEDFFFF6C46300007FE21F9255FAB88407573E1DA33455B
1177AF180B3D81E51B12461F25F7A92FEFBB718FFFEDDFFF6C462E0007FE21F9255FAB88407573E2DA33455B
1177A2180B4981E5171246CC25F7F22FDFBD718FFFEDDFFF6C463000080021F9255FAB88407573E3DA33455B
1177D3180B6281E5131247E225F8692FEFBD718FFFEDDFFF6C463500080021F9255FAB88407573E4DA33455B
11780F180B6D81E50F12490625F8C4300FBC718FFFEDDFFF6C463600080021F9255FAB88407573E5DA33455B
117845180B8F81E50C1249CE25F8FE301FBC718FFFEDBFFF6C463600080021F9255FAB88407573E6DA33455B
1178D2180BAB81E50F1249FD25F911301FBC717FFFEDAFFF6C463600080021F9255FAB88407573E7DA33455B
117941180BC481E4FD1249DA25F90D300FBD717FFFED9FFF6C46360007FE21F9255FAB88407573E8DA33455B
1179AD180BDC81E508124A0C25F9182FDFBC717FFFEDAFFF6C463800080021F9255FAB88407573E9DA33455B
117A25180BF581E4FD124A1825F90F2FCFBD717FFFED9FFF6C36400007FE21F9255FAB88407573EADA33455B
117AAF180C0D81E4F9124A4225F9252FEFBF717FFFED6FFF6C464300080021F9255FAB88407573EBDA33455B
117B44180C3381E4F2124A8D25F94E2FEFBE717FFFED4FFF6C464400080021F9255FAB88407573ECDA33455B
117BCC180C5781E4F6124AAE25F9452FBFBF717FFFED4FFF6C46450007FE21F9255FAB88407573EDDA33455B
117C2F180C6B81E4F2124AA225F9252F5FBF716FFFED5FFF6C464500080021F9255FAB88407573EEDA33455B
117C40180C6081E4E7124A9525F9232F5FBE717FFFED4FFF6C46450007FE21F9255FAB88407573EFDA33455B
117C07180C4D81E4F2124A8125F92B2FAFBC717FFFED0FFF6C464600080021F9255FAB88417573F0DA33455B
117BC5180C3D81E4E7124A6C25F92E2FDFBB717FFFECEFFF6C464700080021F9255FAB88407563F1DA33455B
117BAF180C3881E4DC124A3E25F9132FFFBD717FFFECEFFF6C364700080021F9255FAB88407573F2DA33455B
117B95180C3581E4E71249FF25F9112FFFBD717FFFECFFFF6C46450007FE21F9255FAB88407573F3DA33455B
117B34180C2B81E4DC1249D225F8FA2FDFBC717FFFECDFFF6C364400080021F9255FAB88407573F4DB33455B
117B22180C2881E4D81249B025F8E42FBFBC717FFFECAFFF6C364300080021F9255FAB88407573F5DB33455B
117B14180C2481E4D412497A25F8E02FCFBD717FFFEC9FFF6C364200080021F9255FAB88407573F6DB33455B
117B02180C2F81E4D112494825F8ED301FBF717FFFEC9FFF6C364000080021F9255FAB88407573F7DB33455B
117B4C180C3B81E4CD12493325F8FE302FC0716FFFEC9FFF6C363F00080021F9255FAB88407573F8DB33455B
117B83180C4781E4CD12496A25F8FC2FCFC0716FFFECAFFF6C363800080021F9255FAB88407573F9DB33455B
117BA5180C4481E4CA1249B525F9062F7FC0716FFFECAFFF6C362D00080021F9255FAB88407573FADB33455B
117BBB180C5581E4C51249B025F8FE2FAFC0716FFFECAFFF6C362900080021F9255FAB88407573FBDB33455B
117BF0180C5E81E4C212497E25F8FA2FCFBE716FFFECAFFF6C36230007FE21F9255FAB88407573FCDB33455B
117C13180C6481E4BE12493325F8E02FAFBD716FFFECAFFF6C361500080021F9255FAB88407573FDDB33455B
117C1C180C6981E4BB12491B25F8DE2F9FBD716FFFECAFFF6C360F0007FE21F9255FAB88407573FEDB33455B
117C33180C6A81E4B712496A25F91A2FBFBE716FFFECAFFF6C360B00080021F9255FAB88407573FFDB33455B
117C4B180C7181E4BB1249E825F92E2FDFBD715FFFECAFFF6C25FC00080021F9255FAB8840757300DB33455B
117C4B180C7181E4AF124A1825F9342FEFBE715FFFECAFFF6C25F60007FE21F9255FAB8840757301DB33455B
117C38180C6781E4B3124A0425F9302FEFBE716FFFECBFFF6C25F700080021F9255FAB8840757302DB33455B
117C17180C6581E4A8124A1D25F9552FEFBE716FFFED2FFF6C260500080021F9255FAB8840757303DB33455B
117C14180C6081E4AC124AA225F9892FEFBE716FFFED5FFF6C260C00080021F9255FAB8840757304DB33455B
117BF7180C5781E4A8124B0E25F99C2FCFBF716FFFED5FFF6C260D0007FE21F9255FAB8840757305DB33455B
117BC8180C4F81E4A5124B5525F99E2FCFBF716FFFED5FFF6C261400080021F9255FAB8840757306DB33455B
117B9B180C3F81E4A1124B6E25F9B12FEFBE716FFFED7FFF6C261800080021F9255FAB8840757307DB33455B
117B71180C3881E49D124B5125F9A4300FBF716FFFEDBFFF6C261900080021F9255FAB8840757308DB33455B
117B58180C3581E499124B3C25F998301FC0715FFFEDCFFF6C261900080021F9255FAB8840756309DB33455B
117B3E180C2E81E496124B0E25F98F300FBE715FFFEDCFFF6C261A00080021F9255FAB884075730ADB33455B
117B28180C2681E4A1124AE025F9792FFFBD715FFFEDBFFF6C261A00080021F9255FAB884075730BDB33455B
117B12180C2F81E492124AE025F96D2FEFBD716FFFEDDFFF6C261C00080021F9255FAB884075630CDC33455B
117B30180C4881E48E124ADC25F9712FDFBE716FFFEDFFFF6C261E00080021F9255FAB884075730DDC33455B
117B5D180C5681E48A124AD025F98D2FFFC1715FFFEE0FFF6C261F00080021F9255FAB884075730EDC33455B
117B5C180C5081E48E124AD425F99C301FC2715FFFEDFFFF6C161C00080021F9255FAB884075730FDC33455B
117B46180C3F81E48A124AE025F99E300FC3715FFFEDFFFF6C26170007FE21F9255FAB8841757310DC33455B
117AFC180C1881E487124AFD25F99E2FCFC0715FFFEE6FFF6C261600080021F9255FAB8840757311DC33455B
117A6F180BF881E483124B1B25F99E2FBFBF716FFFEEBFFF6C16140007FE21F9255FAB8840757312DC33455B
117A25180C0181E480124B2B25F9A42FDFC2716FFFEEBFFF6C160F0007FE21F9255FAB8840757313DC33455B
117A25180C0781E47C124B3425F9A72FEFC2716FFFEEBFFF6C160E00080021F9255FAB8840757314DC33455B
117A44180C0781E480124B4425F9AD2FCFC1716FFFEEBFFF6C160B0007FE21F9255FAB8840757315DC33455B
117A5C180C1881E47C124B4425F9A92FAFC2717FFFEEFFFF6C160300080021F9255FAB8840757316DC33455B
117A83180C2181E478124B4025F9B32FBFC3717FFFEF2FFF6C160000080021F9255FAB8840757317DC33455B
117A94180C2381E474124B3C25F9A42FDFC3717FFFEF2FFF6C15FB0007FE21F9255FAB8840757318DC33455B
117AA3180C1E81E471124B2725F99E2FFFC3717FFFEF2FFF6C15E40007FE21F9255FAB8840757319DC33455B
117A98180C1A81E46D124B0A25F9912FFFC5718FFFEF3FFF6C15DA0007FE21F9255FAB884075731ADC33455B
117A7C180C1081E471124AE925F9792FEFC6718FFFEF6FFF6C15D900080021F9255FAB884075731BDC33455B
117A6B180C0581E465124AB725F9732FEFC6718FFFEF7FFF6C15D10007FE21F9255FAB884075731CDC33455B
117A4C180C0281E469124A9A25F96D2FFFC5719FFFEF7FFF6C15CE00080021F9255FAB884075731DDC33455B
117A40180C0281E465124A7425F9572FFFC5719FFFEF7FFF6C15CE0007FE21F9255FAB884075731EDC33455B
117A21180BFA81E462124A3625F9232FCFC571AFFFEF9FFF6C15CB0007FE21F9255FAB884075731FDC33455B
117A08180BE781E45E1249C925F8F32FAFC571AFFFEFBFFF6C15CA00080021F9255FAB8840757320DC33455B
1179E1180BD081E45B12497A25F8C82FCFC371BFFFEFBFFF6C15CA00080021F9255FAB8840757321DC33455B
117939180BA681E45E12495125F8CA301FC371CFFFEFBFFF6C15D100080021F9255FAB8840757322DC33455B
117848180B9E81E45B12492525F8E2304FC271CFFFEFBFFF6C15D700080021F9255FAB8841757323DC33455B
11785A180BBD81E44F12494425F8FC302FC171CFFFEFBFFF6C05D80007FE21F9255FAB8840757324DD33455B
1178C2180BE781E45712496525F91C300FC171DFFFEFAFFF6C15CC00080021F9255FAB8840757325DD33455B
117956180C0E81E44C1249AC25F95F300FC271DFFFEFAFFF6C15C000080021F9255FAB8840757326DD33455B
1179C9180C2481E44F124A1425F986301FC271DFFFEFAFFF6C05BE0007FE21F9255FAB8840757327DD33455B
117A24180C2D81E44C124A5725F999300FC371DFFFEFAFFF6C05B100080021F9255FAB8840757328DD33455B
117A58180C3A81E448124A7425F9912FEFC271EFFFEFBFFF6C05A000080021F9255FAB8840757329DD33455B
117A73180C4B81E444124A7825F9862FBFC071EFFFEFBFFF6C159C00080021F9255FAB884075732ADD33455B
117AAC180C6781E441124A8925F99E2FEFC071EFFFEFBFFF6C05A200080021F9255FAB884075732BDD33455B
117AF0180C7C81E43D124AA225F9BA304FC271EFFFEFBFFF6C05AF00080021F9255FAB884075732CDD33455B
117B16180C7B81E439124AB325F9BA304FC471EFFFEFBFFF6C05B300080021F9255FAB884075732DDD33455B
117B00180C6281E43D124AB725F9B22FEFC571EFFFEFCFFF6C05AE00080021F9255FAB884075732EDD33455B
117ABF180C4981E432124AA225F9A92FCFC371EFFFEFCFFF6C05A000080021F9255FAB884075732FDD33455B
117A80180C4081E436124A8125F99A2FDFC171EFFFEFCFFF6C059B00080021F9255FAB8840757330DD33455B
117A60180C4A81E42A124A6325F9882FEFC271EFFFEFCFFF6C059900080021F9255FAB8840757331DD33455B
117A60180C5B81E42E124A5725F98A2FEFC371EFFFEFCFFF6C059200080021F9255FAB8840757332DD33455B
117A8F180C8481E423124A4A25F9862FCFC371EFFFEFBFFF6C058E00080021F9255FAB8840757333DD33455B
117AEC180CA581E427124A4F25F9842F9FC371EFFFEFAFFF6C058C0007FE21F9255FAB8840757334DD33455B
117B3C180CB781E423124A5F25F9AB2FAFC271EFFFEFAFFF6C057500080021F9255FAB8840757335DD33455B
117B79180CC181E420124A8125F9D92FFFC071EFFFEFAFFF6C05690007FE21F9255FAB8840757336DD33455B
117BAB180CD281E41C124AD425FA0A300FBF71EFFFEF9FFF6C056600080021F9255FAB8840757337DD33455B
117BCC180CD481E418124B4425FA312FDFBF71EFFFEF7FFF6C052D00080021F9255FAB8841757338DD33455B
117BDF180CD681E414124B8B25FA672FCFC071EFFFEF6FFF6C050A0007FE21F9255FAB8840757339DD33455B
117BD8180CD481E409124BE325FA9D2FEFC071EFFFEF6FFF6C05040007FE21F9255FAB884075733ADD33455B
117BD3180CD681E40D124C4B25FAF1302FC171EFFFEF6FFF6C04EF0007FE21F9255FAB884075733BDD33455B
117BD0180CD881E409124CB325FB2A303FC271DFFFEF4FFF6C04DF00080021F9255FAB884075733CDE33455B
117BCF180CDB81E405124CD925FB352FFFC271DFFFEF2FFF6BF4DB0007FE21F9255FAB884075733DDE33455B
117BCC180CDC81E402124D2525FB622FCFC271DFFFEF1FFF6C051300080021F9255FAB884075733EDE33455B
117BC7180CEA81E3F7124D9025FBA52FFFC371EFFFEF1FFF6BF54F00080021F9255FAB884075733FDE33455B
117BF0180D0A81E3FB124DF825FBF0301FC371EFFFEF1FFF6BF55D00080021F9255FAB8840757340DE33455B
117C3F180D2581E3F7124E8E25FC58300FC371DFFFEF1FFF6BF56800080021F9255FAB8840757341DE33455B
117C7B180D3D81E3F3124F4925FCC22FEFC471DFFFEF1FFF6BF57900080021F9255FAB8840757342DE33455B
117CAB180D4D81E3E8124FC325FD102FFFC471DFFFEF2FFF6BF57F0007FE21F9255FAB8840757343DE33455B
117CD2180D5381E3EC12503425FD5C301FC571EFFFEF1FFF6BF58300080021F9255FAB8840757344DE33455B
117CE2180D5681E3E012509125FD9A303FC671EFFFEF1FFF6BF58F00080021F9255FAB8840757345DE33455B
117CEF180D6181E3DD12510025FDD9300FC771EFFFEF1FFF6BF5930007FE21F9255FAB8840757346DE33455B
117D16180D7981E3E012517125FE162FFFC871EFFFEF1FFF6BF59200080021F9255FAB8840757347DE33455B
117D5E180D9B81E3D61251DA25FE52302FC971EFFFEF1FFF6BF58F00080021F9255FAB8840757348DE33455B
117DB9180DCE81E3D212521825FE72303FC971EFFFEF1FFF6BF58E00080021F9255FAB8840757349DE33455B
117E4A180E1081E3CE12522C25FE67301FC871EFFFEF1FFF6BF5870007FE21F9255FAB884075734ADE33455B
117EEB180E4C81E3CA12523A25FE62300FC871EFFFEF1FFF6BF5620007FE21F9255FAB884075734BDE33455B
117F6E180E6A81E3C712523425FE62300FC971EFFFEF2FFF6BF5510007FE21F9255FAB884075734CDE33455B
117FD1180E7C81E3C312522925FE65301FC971EFFFD4DFFF6BE54F00080021F9255FAB884075734DDE33455B
118009180E8181E3B812520825FE5C302FC971EFFF48AFFF6BE54900080021F9255FAB884075734EDE33455B
118015180E7F81E3BC1251E525FE45301FC971EFFF0C5FFF6C154500080021F9255FAB884075734FDE33455B
118009180E7881E3B11251B825FE242FFFC871EFFF0A6FFF6C15450007FE21F9255FAB8840757350DE33455B
118005180E7C81E3B412517525FDF92FFFC971EFFF117FFF6C05590007FE21F9255FAB8840757351DE33455B
117FF9180E7881E3B112515025FDEA302FC971EFFF13EFFF6C056600080021F9255FAB8840757352DE33455B
117FE9180E6D81E3A512513725FE02304FC971EFFF13AFFF6C056800080021F9255FAB8840757353DE33455B
117FC5180E6181E3A212511625FDEA302FC971EFFF135FFF6C056E0007FE21F9255FAB8840757354DF33455B
117FB1180E6481E39A1250F825FDD1300FC971EFFF133FFF6C057300080021F9255FAB8840757355DF33455B
117FC1180E6C81E3A512510D25FDE7301FC871EFFF132FFF6C057400080021F9255FAB8840757356DF33455B
117FC1180E6881E39A12513325FE18305FC771EFFF130FFF6C054500080021F9255FAB8840757357DF33455B
117FA1180E6181E39712517A25FE52308FC871DFFF12FFFF6C050F0007FE21F9255FAB8841757358DF33455B
117F8D180E6381E3931251A325FE5F306FC971DFFF12EFFF6C050100080021F9255FAB8840757359DF33455B
117F89180E6981E3881251A325FE5A300FCA71DFFF130FFF6BF4FA00080021F9255FAB884075735ADF33455B
117F99180E7A81E38C1251A325FE592FFFCA71DFFF132FFF6BF4EE00080021F9255FAB884075735BDF33455B
117FD9180E9981E38012519B25FE43300FCA71DFFF133FFF6BF4EA0007FE21F9255FAB884075735CDF33455B
118021180EB281E38C12519325FE2A300FCB71DFFF137FFF6BF4DE00080021F9255FAB884075735DDF33455B
11805D180EC281E38012519225FE3F300FCB71DFFF13AFFF6BF4C10007FE21F9255FAB884075735EDF33455B
11808C180ECC81E37D1251B425FE61304FCA71DFFF139FFF6BF4B800080021F9255FAB884075735FDF33455B
1180B8180EDA81E3791251E125FE8E305FC871DFFF136FFF6BF4C50007FE21F9255FAB8840757360DF33455B
1180DB180EE981E3761251FB25FE89301FC771DFFF136FFF6BF4F500080021F9255FAB8840757361DF33455B
1180F9180EF281E3721251FF25FE8A2FEFC871DFFF136FFF6BF50800080021F9255FAB8840757362DF33455B
11810B180EF281E36E1251F625FE8D2FFFC771DFFF136FFF6BF50F00080021F9255FAB8840757363DF33455B
118117180EEF81E3721251F725FE97300FC771DFFF135FFF6BF53400080021F9255FAB8840757364DF33455B
11810D180EE581E36712520725FEA42FFFC971DFFF134FFF6BF5450007FE21F9255FAB8840757365DF33455B
1180FB180EE281E36A12522525FEBA300FCA71DFFF135FFF6BF54000080021F9255FAB8840757366DF33455B
1180FB180EE781E35F12524525FED1303FCC71DFFF138FFF6BF4E200080021F9255FAB8840757367DF33455B
1180FF180EF181E36312525325FEBF302FCC71DFFF137FFF6BF4AD00080021F9255FAB8840757368DF33455B
118119180EFF81E35F12526425FEC4300FCC71DFFF136FFF6BF4A70007FE21F9255FAB8840757369DF33455B
11813F180F1481E35C12527325FEE3303FCC71DFFF135FFF6BF4CE0007FE21F9255FAB884075736ADF33455B
11816F180F2581E35F12527825FEE9305FCB71DFFF133FFF6BF4E800080021F9255FAB884175736BDF33455B
11818D180F2681E35812527325FED7300FC971DFFF133FFF6BE4EC00080021F9255FAB884075736CE033455B
118196180F2181E35412526825FECB2FEFCA71DFFF131FFF6BF49F0007FE21F9255FAB884075736DE033455B
118196180F2381E35112524525FEAF2FFFCC71DFFF130FFF6BF4590007FE21F9255FAB884075736EE033455B
118192180F2181E35412522525FE8A2FEFCD71DFFF131FFF6BF44A00080021F9255FAB884075736FE033455B
11818D180F1B81E35112520325FE8A2FDFCE71DFFF132FFF6BF49900080021F9255FAB8840757370E033455B
118182180F1481E3451251EE25FE802FDFCF71DFFF132FFF6BF4F800080021F9255FAB8840757371E033455B
118167180F0481E3511251C525FE7F2FFFD071DFFF132FFF6BE50F00080021F9255FAB8840757372E033455B
11811B180EED81E3451251B825FE6F2FDFD071CFFF132FFF6BF52500080021F9255FAB8840757373E033455B
1180ED180EE481E3421251C125FE702FDFCF71DFFF133FFF6BF54C00080021F9255FAB8840757374E033455B
1180D7180EE381E3451251C525FE5F2FBFCF71CFFF136FFF6BE5580007FE21F9255FAB8840757375E033455B
1180CF180ED581E3421251CC25FE632F9FCF71CFFF135FFF6BE54200080021F9255FAB8840757376E033455B
1180C5180ED281E33E1251D525FE7C2FBFD071CFFF133FFF6BF50E0007FE21F9255FAB8840757377E033455B
1180C4180ECF81E33A1251D125FE6A2FBFCE71CFFF131FFF6BF4FB00080021F9255FAB8840757378E033455B
1180C0180EC481E33E1251D525FE4E2F9FCE71CFFF131FFF6BF4E500080021F9255FAB8840757379E033455B
1180B5180EBE81E33A1251D125FE522FCFCF71CFFF132FFF6BE48E00080021F9255FAB884075737AE033455B
1180A4180E9E81E32F1251D125FE6B304FCF71CFFF132FFF6BE46A00080021F9255FAB884075737BE033455B
118084180E8281E3331251C925FE6C309FD071CFFF132FFF6BE45D00080021F9255FAB884075737CE033455B
118059180E7781E3331251CC25FE54304FCF71CFFF131FFF6BE4120007FE21F9255FAB884075637DE033455B
118034180E7C81E32F1251B825FE352FDFCC71CFFF131FFF6BE3ED00080021F9255FAB884075737EE033455B
118021180E8481E32C1251B825FE472FAFCB71CFFF131FFF6BE3EB00080021F9255FAB884075737FE033455B
118034180E9581E3281251E225FE7D300FCC71CFFF131FFF6BE4120007FE21F9255FAB8741757380E033455B
118055180EB081E32C12521425FEA4303FCE71CFFF131FFF6BE42900080021F9255FAB8740757381E033455B
118088180ECC81E32012523925FEB5300FCE71CFFF131FFF6BE42D00080021F9255FAB8740757382E033455B
1180CB180EDE81E32412524A25FEB82FDFCF71CFFF130FFF6BE49700080021F9255FAB8740757383E033455B
1180F1180EE781E31912525A25FEB22FFFCE71CFFF131FFF6BE4E60007FE21F9255FAB8740757384E133455B
118113180EE781E31D12524F25FE99302FCE71CFFF130FFF6BE4F400080021F9255FAB8740757385E133455B
118123180EEC81E31912523925FE8E305FCD71CFFF130FFF6BE4DC0007FE21F9255FAB8740757386E133455B
11812D180EEA81E31512520325FE5F306FCE71BFFF130FFF6BE4C600080021F9255FAB8740757387E133455B
118137180EEF81E3121251CD25FE29301FCF71BFFF130FFF6BE4C10007FE21F9255FAB8740757388E133455B
11813F180EFB81E30E1251AF25FE202FEFD071BFFF130FFF6BE44F00080021F9255FAB8740757389E133455B
11814B180F0281E3151251B825FE31300FCE71BFFF130FFF6BE3B600080021F9255FAB874075738AE133455B
118159180F0781E2FC1251C825FE3C2FFFCE71BFFF130FFF6BE38D0007FE21F9255FAB874075738BE133455B
11815F180F1181E3071251DE25FE302FDFCF71AFFF12DFFF6BE33B0007FE21F9255FAB874075738CE133455B
118163180F0F81E3031251EA25FE2D2FCFD071AFFF12FFFF6BE2AB00080021F9255FAB874075738DE133455B
118165180F1381E2FF1251EA25FE4E300FD071AFFF130FFF6BE27F00080021F9255FAB874075738EE133455B
11817A180F1D81E2FC12520C25FE65305FD071AFFF130FFF6BE26900080021F9255FAB874075738FE133455B
118186180F2681E2F012522025FE67303FD0719FFF130FFF6BE23700080021F9255FAB8740757390E133455B
118192180F2681E2F412523625FE7C302FD1719FFF130FFF6BE22500080021F9255FAB8740757391E133455B
118189180F1981E2F012523E25FE91306FD0719FFF12FFFF6BE23900080021F9255FAB8740757392E133455B
118176180F0781E2E512524525FE96307FCF719FFF130FFF6BE28B00080021F9255FAB8740757393E133455B
11815F180F0081E2E912524225FE7F302FCE718FFF12FFFF6BE2AD00080021F9255FAB8740757394E133455B
118153180F0281E2DE12524925FE6D2FDFCF718FFF12FFFF6BE2B300080021F9255FAB8740757395E133455B
118151180F0781E2DA12524625FE642FEFCE718FFF12FFFF6BE2D70007FE21F9255FAB8740757396E133455B
11814B180F0981E2DA12524125FE8F304FCE718FFF12FFFF6BE2EA00080021F9255FAB8740757397E133455B
11813F180F0081E2D712523A25FEB630AFCF718FFF12FFFF6BE2E200080021F9255FAB8740757398E133455B
118131180EFA81E2CC12523E25FEA6303FD0717FFF12FFFF6BE24B00080021F9255FAB8740757399E133455B
118127180EF081E2CF12524125FE842F8FCF717FFF12FFFF6BE1F70007FE21F9255FAB874075739AE133455B
118117180EE881E2C412524A25FE862F8FCF717FFF12FFFF6BD1EB00080021F9255FAB874075739BE133455B
11810F180EE481E2C012524525FE9F2FFFCF718FFF12FFFF6BE2610007FE21F9255FAB874075739CE233455B
118109180EE381E2BD12525325FEAD303FCF718FFF12FFFF6BD2BB0007FE21F9255FAB874075739DE233455B
1180FF180EE681E2B912525125FE9C2FFFCF718FFF12FFFF6BE2CC00080021F9255FAB874075739EE233455B
118107180EE881E2AE12525F25FE992FBFD0717FFF12FFFF6BD25900080021F9255FAB874075739FE233455B
11810D180EEC81E2AE12526425FE972FCFCF717FFF12FFFF6BE1F000080021F9255FAB87417573A0E233455B
11810F180EED81E2AA12525E25FE96300FCF718FFF12FFFF6BE1DA0007FE21F9255FAB87407573A1E233455B
118117180EEE81E29F12526425FEA2302FD1718FFF12FFFF6BD22100080021F9255FAB87407573A2E233455B
118117180EE881E29B12526225FEA4304FD3718FFF12FFFF6BD27C00080021F9255FAB87407573A3E233455B
118111180EEC81E29F12526425FEA6303FD5718FFF12EFFF6BD29400080021F9255FAB87407573A4E233455B
118107180EED81E29412526225FEBA303FD3718FFF12FFFF6BD2520007FE21F9255FAB87407573A5E233455B
11810F180EEA81E29012526425FEB8302FD2717FFF12FFFF6BE1D900080021F9255FAB87407573A6E233455B
118111180EE981E28512526F25FEB1301FD3717FFF12FFFF6BD1B400080021F9255FAB87407573A7E233455B
118117180EE781E28912527025FEB02FEFD4717FFF12EFFF6BD1B50007FE21F9255FAB87407573A8E233455B
11811F180EEC81E28212527825FEBC300FD5717FFF12FFFF6BD1B600080021F9255FAB87407573A9E233455B
118127180EEA81E27E12527B25FECB301FD5717FFF12EFFF6BD1B60007FE21F9255FAB87407573AAE233455B
11812D180EEC81E27A12527D25FEB12FFFD5718FFF12FFFF6BD1D900080021F9255FAB87407573ABE233455B
118133180EEA81E27712527F25FEBA2FEFD4718FFF12FFFF6BD2750007FE21F9255FAB87407573ACE233455B
118133180EE781E26B12527D25FECB303FD2718FFF12EFFF6BD2B800080021F9255FAB87407573ADE233455B
118131180EEC81E27712527725FEC4307FD1718FFF12EFFF6BD2AF00080021F9255FAB87407573AEE233455B
118133180EEA81E26B12527825FEB4306FD1718FFF12FFFF6BD2430007FE21F9255FAB87407573AFE233455B
118123180EE781E26412527825FEB6305FD3718FFF12FFFF6BD20E00080021F9255FAB87407573B0E233455B
11811F180EE481E26812527B25FEC9308FD5718FFF12EFFF6BD20900080021F9255FAB87407573B1E233455B
118129180EDF81E26B12528125FECA30AFD3717FFF12EFFF6BD2170007FE21F9255FAB87407573B2E233455B
11810F180ED881E26F12527325FEAF306FD3717FFF12EFFF6BD21D00080021F9245FAB87417573B3E233455B
1180D3180EBB81E26B12525B25FE8A2FFFD2717FFF12EFFF6BD21F00080021F9245FAB87407573B4E333455B
118091180EAC81E26F12525125FE90300FD0717FFF12EFFF6BD1DF00080021F9245FAB87407573B5E333455B
11806C180EA481E26B12524625FE8F303FCC718FFF12EFFF6BD1AD00080021F9245FAB87407573B6E333455B
11804C180E9981E26412523625FE8D302FCD717FFF12EFFF6BD1A300080021F9245FAB87407573B7E333455B
11802D180E9581E27E12520F25FE63300FD0718FFF12EFFF6BE1F300080021F9245FAB87407573B8E333455B
11802C180E9681E2731251E225FE312FDFD2718FFF12EFFF6BD24600080021F9245FAB87407573B9E333455B
118038180E9181E26F1251B425FE182FCFD3717FFF12EFFF6BD25A0007FE21F9245FAB87407573BAE333455B
118039180E9081E27A12519325FE20301FD1718FFF12EFFF6BD25400080021F9245FAB87407573BBE333455B
118034180E8D81E26812519725FE16302FCE717FFF12EFFF6BD24D00080021F9245FAB87407573BCE333455B
11802C180E8A81E27A1251A325FE2C301FCF717FFF12EFFF6BD24B00080021F9245FAB87407573BDE333455B
118029180E8381E26F1251B025FE22300FCF717FFF12EFFF6BE2340007FE21F9245FAB87407573BEE333455B
11801D180E7F81E27A1251C025FE22300FCF718FFF12EFFF6BD2080007FE21F9245FAB87407573BFE333455B
118009180E7C81E2731251B825FE36304FCF718FFF12DFFF6BD1FB00080021F9245FAB87407573C0E333455B
117FF9180E8881E2771251C025FE45308FCD719FFF12DFFF6BD1EE00080021F9245FAB87407573C1E333455B
118019180E9781E2731251D125FE3A304FCE718FFF12DFFF6BD1C700080021F9245FAB87407573C2E333455B
118030180EA481E2771251BC25FE0F300FD0718FFF12EFFF6BD1B900080021F9245FAB87407573C3E333455B
118045180EB381E27A12519225FE20302FD1718FFF12EFFF6BE1AF00080021F9245FAB87407573C4E333455B
118060180EC281E27712517525FE26306FCF718FFF12DFFF6BD17F00080021F9245FAB87407573C5E333455B
118078180ECC81E27A12518225FE1E300FD1719FFF12DFFF6BD16A0007FE21F9245FAB87407573C6E333455B
118088180EC881E27A12518225FE1C2FAFD3719FFF12EFFF6BD1750007FE21F9245FAB87407573C7E333455B
11808D180EC781E27E12516D25FE202F9FD3719FFF12EFFF6BD1EA0007FE21F9245FAB87417573C8E333455B
11807C180EBF81E28212518A25FE442FDFD2719FFF12EFFF6BD22500080021F9245FAB87407573C9E333455B
118078180EC381E27E12519725FE4A2FFFCF719FFF12DFFF6BD22E00080021F9245FAB87407573CAE333455B
118069180EBF81E27A12517D25FE2D2FDFCE719FFF12EFFF6BD27C00080021F9245FAB87407573CBE333455B
118044180EB381E27E12515025FE092FAFCD719FFF12DFFF6BD2B000080021F9245FAB87407573CCE433455B
118005180EA581E28212513325FE082FDFCE719FFF12DFFF6BD2B80007FE21F9245FAB87407573CDE433455B
117FB5180E8D81E27E12511625FDF7300FCF719FFF12DFFF6BD28A0007FE21F9245FAB87407573CEE433455B
117F4E180E7881E2821250C225FDE4302FCF71AFFF12DFFF6BD2650007FE21F9245FAB87407573CFE433455B
117EF2180E6581E28212504525FD96301FCF71AFFF12EFFF6BD25D0007FE21F9245FAB87407573D0E433455B
117E9E180E4581E285124F7625FD252FEFCF71AFFF12EFFF6BD24A0007FE21F9245FAB87407573D1E433455B
117E4C180E2A81E282124EA725FCB92FDFCF71AFFF12DFFF6BE23600080021F9245FAB87407573D2E433455B
117DF2180E1381E285124E1125FC852FDFCF71AFFF12DFFF6BD23100080021F9245FAB87407573D3E433455B
117DB9180DFF81E282124E0925FC972FDFCE719FFF12DFFF6BD1F900080021F9245FAB87407573D4E433455B
117D9E180DFD81E285124E6825FCB22FDFCB71AFFF12DFFF6BD1A20007FE21F9245FAB87407573D5E433455B
117DB9180E0881E282124E9725FCAC2FFFC771AFFF12DFFF6BD18900080021F9245FAB87407573D6E433455B
117DF4180E1281E289124E7125FC7B302FC9719FFF12DFFF6BD19900080021F9245FAB87407573D7E433455B
117E16180E1481E285124D6625FC17303FCB719FFF12DFFF6BD1BC0007FE21F9245FAB87407573D8E433455B
117E28180E0981E282124BF625FBA7302FCC719FFF12DFFF6BD1C70007FE21F9245FAB87407573D9E433455B
117E36180E0881E28D124AD425FB5D2FFFCD719FFF12DFFF6BD1CE00080021F9245FAB87407573DAE433455B
117E0C180DFA81E282124A4625FB3B2FBFCE719FFF12DFFF6BD1E30007FE21F9245FAB87407573DBE433455B
117DCD180DEB81E285124A3A25FB4E2F9FCF719FFF12DFFF6BD1EC00080021F9245FAB87407573DCE433455B
117DB6180DEA81E282124A9A25FB7E2F9FCF718FFF12DFFF6BD1EB00080021F9245FAB87407573DDE433455B
117DD0180DF181E285124B7225FBBF2F9FCF719FFF12DFFF6BD1E70007FE21F9245FAB87407573DEE433455B
117DEA180DEE81E27A124C7025FC112F9FD0719FFF12DFFF6BD1E600080021F9245FAB87407573DFE433455B
117DF0180DDE81E282124D5725FC472FDFD1718FFF12DFFF6BD1EB00080021F9245FAB87407573E0E433455B
117DDA180DD881E277124DC225FC4A300FD0718FFF12DFFF6BD23200080021F9245FAB87407573E1E433455B
117DB1180DD281E27A124DD325FC352FFFD0718FFF12DFFF6BD25900080021F9245FAB87407573E2E433455B
117D85180DC181E27E124DA525FC352FDFCF718FFF12DFFF6BD2600007FE21F9245FAB87407573E3E433455B
117D62180DAD81E27A124D5F25FC4B2FEFCE718FFF12DFFF6BD2BF0007FE21F9245FAB87407573E4E533455B
117D2E180D9781E277124D8825FC6C300FCE718FFF12DFFF6BD30300080021F9245FAB87407573E5E533455B
117CE3180D7C81E27A124DC225FC79300FCD718FFF12DFFF6BD31000080021F9245FAB87407573E6E533455B
117C77180D4181E273124DDB25FC832FDFCD718FFF12DFFF6BD27F00080021F9245FAB87407573E7E533455B
117C27180D1A81E26F124DEC25FC722FAFCF718FFF12DFFF6BD2080007FE21F9245FAB87417573E8E533455B
117C18180D1481E27A124DF025FC652F9FD3718FFF12DFFF6BD1F000080021F9245FAB87407573E9E533455B
117BFF180D1781E26F124DE325FC4F2F9FD5717FFF12DFFF6BD2180007FE21F9245FAB87407573EAE533455B
117BD4180D1581E273124DCF25FC2F2F9FD5718FFF12DFFF6BD24600080021F9245FAB87407573EBE533455B
117B4C180CD581E277124DBE25FC1F2FAFDF717FFF12CFFF6BD2510007FE21F9245FAB87407573ECE533455B
1178D3180C5F81E26B124DB625FC1D2FCFEB717FFF12DFFF6BD21900080021F9245FAB87407573EDE533455B
117576180C0081E26F124DC225FC382FBFFF717FFF12DFFF6BD1BF00080021F9245FAB87407573EEE533455B
1173FC180BD781E26B124DDB25FC3A2FBFFF717FFF12DFFF6BD1A50007FE21F9245FAB87407573EFE533455B
117420180BD481E26B124DB625FC242FBFFF718FFF12DFFF6BD1D90007FE21F9245FAB87407573F0E533455B
11747F180BC681E26F124DB225FC382F9FFF717FFF12CFFF6BD2560007FE21F9245FAB87407573F1E533455B
117473180BD081E26B124E0125FC4C2F9FFF717FFF12DFFF6BD28100080021F9245FAB87407573F2E533455B
1174FF180BF381E26F124DBE25FC372FAFF2717FFF12DFFF6BD27800080021F9245FAB87407573F3E533455B
11751B180BEB81E26B124CE125FBCE2FBFE2717FFF12DFFF6BD2530007FE21F9245FAB87407573F4E533455B
117483180BD281E268124A3A25FAD12FDFD9717FFF12CFFF6BD24400080021F9245FAB87407573F5E533455B
1173F0180BAE81E2731246F525F9EB2FBFD4717FFF12DFFF6BD24200080021F9245FAB87407573F6E533455B
117341180B9581E26B1244CD25F9702F8FD2717FFF12DFFF6BD23B00080021F9245FAB87407573F7E533455B
1172E8180B9B81E26F12443325F9252F9FCD717FFF12DFFF6BD2370007FE21F9245FAB87407573F8E533455B
117341180BD181E26B12431425F8D92FBFC9718FFF12CFFF6BD23200080021F9245FAB87407573F9E533455B
117497180C3B81E2771242FC25F8E02FDFC9717FFF12CFFF6BD1FB0007FE21F9245FAB87407573FAE533455B
1176B4180C6E81E27312437425F94A2FEFCA718FFF12CFFF6BD1DC00080021F9245FAB87417573FBE533455B
11768D180C0281E26F1245C325FA272FFFC8718FFF12DFFF6BD1D80007FE21F9245FAB87407573FCE633455B
1173B5180B4481E27A12488125FAFA2FDFC9718FFF12DFFF6BD1F900080021F9245FAB87407573FDE633455B
117063180ABF81E2731249F425FB182F9FCA718FFF12CFFF6BD20F00080021F9245FAB87407573FEE633455B
116E93180AB081E27E12484625FA6F2F8FCA718FFF12CFFF6BD21300080021F9245FAB87407573FFE633455B
116E8B180AE181E27A12466425F9FF2F9FC9719FFF12CFFF6BD2710007FE21F9245FAB8740757300E633455B
116F51180B0581E27E1246B125FA262F9FC9718FFF12DFFF6BD2CD00080021F9245FAB8740757301E633455B
116FD8180B4581E2821247F725FABC2FAFC9718FFF12CFFF6BD2E200080021F9245FAB8740757302E633455B
11717C180BA381E2851249E025FB7C301FC9718FFF12CFFF6BD25800080021F9245FAB8740757303E633455B
117306180BEC81E282124B5525FBFC302FC9718FFF12CFFF6BD1AB00080021F9245FAB8740757304E633455B
117448180C2A81E28D124C3225FC1B2FAFC9718FFF12DFFF6BD17E00080021F9245FAB8740757305E633455B
11762D180C7681E289124C8D25FC242F4FC8718FFF12CFFF6BD18600080021F9245FAB8740757306E633455B
1177A7180CB081E290124CDD25FC2D2F8FC7719FFF12CFFF6BD19200080021F9245FAB8740757307E633455B
1177B6180CC081E294124CD425FC492FFFC7719FFF12CFFF6BD19500080021F9245FAB8740757308E633455B
117872180CD381E290124D1025FC4B302FC7719FFF12CFFF6BD1C500080021F9245FAB8740757309E633455B
1178CA180CDF81E294124CC825FC28302FC8718FFF12CFFF6BD24100080021F9245FAB874075730AE633455B
117922180CEF81E290124BD225FBC22FFFCA719FFF12CFFF6BD26E0007FE21F9245FAB874075730BE633455B
117999180D0381E29B124ABF25FB5D2FAFC8719FFF12CFFF6BD27400080021F9245FAB874075730CE633455B
1179E1180D0581E2981249F325FB392F9FC9719FFF12CFFF6BD28500080021F9245FAB874075730DE633455B
117A11180D0281E2A312497225FB0E2FCFC971AFFF12CFFF6BD28C0007FE21F9245FAB874075730EE633455B
117A2D180D0881E29F1248E025FADA2FFFCA71AFFF12CFFF6BD28300080021F9245FAB874075730FE633455B
117A50180D1081E29F12486325FAB22FFFCA71AFFF12CFFF6BD2440007FE21F9245FAB8741757310E633455B
117AA8180D2781E2A312482925FA902FCFCB71AFFF12CFFF6BD2260007FE21F9245FAB8740757311E633455B
117AF2180D3C81E29F12482125FA8E2FCFCA71BFFF12CFFF6BD21E00080021F9245FAB8740757312E633455B
117B24180D3F81E2AA12485725FACA300FC871BFFF12CFFF6BD1B10007FE21F9245FAB8740757313E633455B
117B02180D2781E2A71248B225FB0B304FC771AFFF12CFFF6BD16F0007FE21F9245FAB8740757314E733455B
1179F5180D1681E2A312491B25FB2E304FC571BFFF12CFFF6BD16600080021F9245FAB8740757315E733455B
1179E5180D2081E2AE12497225FB482FEFC571AFFF12CFFF6BD1BF0007FE21F9245FAB8740757316E733455B
117A40180D3481E29F1249D325FB622FBFC571BFFF12CFFF6BD1FE00080021F9245FAB8740757317E733455B
117AB4180D3F81E2B2124A1D25FB9D2FFFC371BFFF12BFFF6BD20900080021F9245FAB8740757318E733455B
117B16180D4781E2A7124A8525FBC1304FBF71BFFF12CFFF6BD24100080021F9245FAB8740757319E733455B
117B40180D4F81E2AA124AD825FBA6300FBD71BFFF12CFFF6BD27B0007FE21F9245FAB874075731AE733455B
117B61180D5781E2AE124B0A25FBA22FCFC171BFFF12CFFF6BD28800080021F9245FAB874075731BE733455B
117B7B180D6281E2AA124B3825FBB82FDFC671AFFF12CFFF6BD29E00080021F9245FAB874075731CE733455B
117B79180D5E81E2A7124B4825FBBF302FC771BFFF12CFFF6BD2C00007FE21F9245FAB874075731DE733455B
117B7B180D6281E2AA124B1F25FBB8300FC671BFFF12CFFF6BD2CA0007FE21F9245FAB874075731EE733455B
117B81180D5E81E2AE124B1F25FBA92FCFC771BFFF12CFFF6BD2AA00080021F9245FAB874075731FE733455B
117B87180D5A81E2A7124B2B25FBAA2FDFC971BFFF12CFFF6BD26D00080021F9245FAB8740757320E733455B
117B71180D4F81E2AA124B4825FBC7301FCC71BFFF12CFFF6BD25900080021F9245FAB8740757321E733455B
117B4C180D4281E2A7124B6625FBB6301FCD71AFFF12CFFF6BD23800080021F9245FAB8740757322E733455B
117AFE180D4081E2AA124B2F25FB7A2FAFCC719FFF12CFFF6BD1E300080021F9245FAB8740757323E733455B
117AE8180D4381E2A7124AE025FB622F6FCB71AFFF12CFFF6BD1C50007FE21F9245FAB8740757324E733455B
117AE2180D3381E2A3124AB325FB802FBFCA71AFFF12CFFF6BD1D400080021F9245FAB8740757325E733455B
117AC0180D2781E2A7124A9E25FB9E301FCB71AFFF12CFFF6BD22500080021F9245FAB8740757326E733455B
117A88180D0F81E2A3124AA225FBA4300FCB719FFF12CFFF6BD2480007FE21F9245FAB8740757327E733455B
1179D5180CE881E29F124AFD25FBAB2FBFCB719FFF12CFFF6BD24E0007FE21F9245FAB8740757328E733455B
11792D180CCC81E2AE124B6625FBAE2FAFC9719FFF12CFFF6BD27300080021F9245FAB8740757329E733455B
11790B180CC781E29B124B1B25FB7A2FBFC9719FFF12CFFF6BD2850007FE21F9245FAB874075732AE733455B
117922180CBE81E298124A9125FB4E2FDFCB719FFF12CFFF6BD28200080021F9245FAB874075732BE733455B
1178FA180CAC81E294124A4F25FB52300FCE718FFF12CFFF6BD1E000080021F9245FAB874075732CE833455B
1178BF180CA681E290124A3E25FB5D300FCD718FFF12CFFF6BD17A00080021F9245FAB874075732DE833455B
117882180C9E81E285124A3625FB522FEFCC718FFF12CFFF6BD16A0007FE21F9245FAB874075732EE833455B
11785E180C9F81E289124A7025FB752FFFCB718FFF12CFFF6BD17300080021F9245FAB874075732FE833455B
117868180CA581E285124AD025FB8F303FC9718FFF12CFFF6BD1790007FE21F9245FAB8741757330E833455B
117856180CA181E282124B2325FBAD302FC8718FFF12CFFF6BD17A00080021F9245FAB8740757331E833455B
11782B180C9D81E282124B6A25FBC3300FC9718FFF12CFFF6BD19C0007FE21F9245FAB8740757332E833455B
1177F9180C8A81E27E124BA425FBDB2FEFC9718FFF12CFFF6BD1C00007FE21F9245FAB8740757333E833455B
117773180C5B81E27A124BD625FBDA300FC8718FFF12CFFF6BD1C900080021F9245FAB8740757334E833455B
117655180C1181E277124BAC25FBC5302FC7718FFF12CFFF6BD1C50007FE21F9245FAB8740757335E833455B
117531180BF881E273124B6E25FBBF301FC6718FFF12CFFF6BD1BF0007FE21F9245FAB8740757336E833455B
1174D7180C0081E277124B5025FBB8300FC7718FFF12CFFF6BD1BE00080021F9245FAB8740757337E833455B
1174FB180C1281E273124B4025FBB02FFFC6718FFF12CFFF6BD1D000080021F9245FAB8740757338E833455B
117556180C2981E26B124B1B25FBA02FCFC4718FFF12CFFF6BD1F30007FE21F9245FAB8740757339E833455B
1175C2180C4681E277124AF925FB892FCFC2718FFF12CFFF6BD1FE00080021F9245FAB874075733AE833455B
11764A180C6381E26B124ADC25FB8F2FCFC6718FFF12CFFF6BD1F90007FE21F9245FAB874075733BE833455B
117694180C6581E268124AD025FB872FCFC9718FFF12CFFF6BD1EC00080021F9245FAB874075733CE833455B
1176A8180C5D81E264124ACC25FB8F2FDFCA718FFF12CFFF6BD1E700080021F9245FAB874075733DE833455B
1176A9180C5981E268124AD025FB8D2FFFC9718FFF12CFFF6BD1F10007FE21F9245FAB874075733EE833455B
1176C8180C6A81E25D124ACC25FB85300FC7717FFF12CFFF6BC21F0007FE21F9245FAB874075733FE833455B
11770C180C7781E260124ACC25FB8F300FC7718FFF12CFFF6BD2340007FE21F9245FAB8740757340E833455B
117748180C8781E25D124AC725FB9A301FC8718FFF12CFFF6BD2300007FE21F9245FAB8740757341E833455B
1177C2180CA381E25D124AC725FB8E2FFFC7718FFF12CFFF6BD2010007FE21F9245FAB8740757342E833455B
117876180CC981E259124AF125FB842FCFC7718FFF12CFFF6BD1E90007FE21F9245FAB8741757343E833455B
1178E6180CEE81E25D124B2325FB892FFFC8718FFF12CFFF6BD1E80007FE21F9245FAB8740757344E933455B
11795E180D0581E259124B4D25FBB8305FCA718FFF12CFFF6BD20600080021F9245FAB8740757345E933455B
1179ED180D1981E255124B8F25FBE830DFCC718FFF12CFFF6BD21900080021F9245FAB8740757346E933455B
117A60180D1781E259124BB825FBEC30AFCF718FFF12CFFF6BD21C00080021F9245FAB8740757347E933455B
1179D9180D0681E24E124BCE25FBD5300FDD718FFF12CFFF6BD20D0007FE21F9245FAB8740757348E933455B
117902180CDA81E24E124BDA25FBCF2FCFE4718FFF12DFFF6BD20200080021F9245FAB8740757349E933455B
1177ED180CA381E252124BDA25FBF12FFFDD719FFF12CFFF6BD2000007FE21F9245FAB874075734AE933455B
117758180C7081E24E124BD625FBFC302FD3719FFF12CFFF6BD1CE0007FE21F9245FAB874075734BE933455B
117685180C4881E24A124BD225FBD52FEFCF719FFF12CFFF6BD1950007FE21F9245FAB874075734CE933455B
1175CF180C3181E24E124BD525FBC12F9FD1719FFF12CFFF6BD18700080021F9245FAB874075734DE933455B
117586180C2E81E24A124BA825FBD72FEFCF719FFF12CFFF6BD1CD00080021F9245FAB874075734EE933455B
11758E180C2981E24E124B6E25FBF5304FCE719FFF12CFFF6BD23B00080021F9245FAB874075734FE933455B
11759A180C2581E246124B9325FBFC303FCC719FFF12CFFF6BD25A00080021F9245FAB8740757350E933455B
1175B7180C3381E243124C3225FC022FCFCE719FFF12CFFF6BD25900080021F9245FAB8740757351E933455B
1175CE180C3D81E246124C9625FC172F9FCF719FFF12CFFF6BD2550007FE21F9245FAB8740757352E933455B
117609180C3E81E23B124CA825FC182FDFCB71AFFF12CFFF6BD25400080021F9245FAB8740757353E933455B
1175ED180C2A81E246124C9225FC2E301FC771AFFF12CFFF6BD24B00080021F9245FAB8740757354E933455B
11758C180C3781E243124C8D25FC37303FC871AFFF12CFFF6BD22D00080021F9245FAB8740757355E933455B
1175CE180C7081E238124C9E25FC38302FCA719FFF12CFFF6BD2220007FE21F9245FAB8740757356E933455B
1176B4180CCA81E23F124CB325FC4B302FCB719FFF12CFFF6BD21E0007FE21F9245FAB8740757357E933455B
117876180D1C81E23B124CD925FC5E301FCB719FFF12CFFF6BD20F00080021F9245FAB8841757358E933455B
1179CD180D4F81E230124D1825FC84300FC971AFFF12CFFF6BD20800080021F9245FAB8840757359E933455B
117AB8180D6C81E23B124D7325FC9A301FC871AFFF12CFFF6BD20600080021F9245FAB884075735AE933455B
117B55180D7C81E230124DA925FC982FFFC971AFFF12CFFF6BD1F90007FE21F9245FAB884075735BE933455B
117B7B180D7D81E22D124DA925FC972FEFCB71AFFF12CFFF6BD1F20007FE21F9245FAB884075735CEA33455B
117B85180D8381E230124DBE25FCB1300FCE71AFFF12CFFF6BD1F000080021F9245FAB884075735DEA33455B
117BB3180D7D81E229124E0525FCBA2FFFCF71AFFF12CFFF6BD1A90007FE21F9245FAB884075735EEA33455B
117BA9180D6381E225124DF025FCB82FEFCF71AFFF12CFFF6BD17700080021F9245FAB884075735FEA33455B
117B28180D4681E229124DDB25FCD32FFFCE71AFFF12CFFF6BD16F00080021F9245FAB8840757360EA33455B
117AD3180D4C81E21E124E3225FCFD2FEFCE71AFFF12CFFF6BD1BF0007FE21F9245FAB8840757361EA33455B
117B48180D6381E222124F0725FD422FDFCF71AFFF12CFFF6BD20300080021F9245FAB8840757362EA33455B
117B4D180D5B81E222124F7C25FD762FEFCF71AFFF12CFFF6BD2110007FE21F9245FAB8840757363EA33455B
117AD8180D3881E217124FAC25FD782FFFCF71AFFF12CFFF6BD1D400080021F9245FAB8840757364EA33455B
117A6C180D2B81E213124FAA25FD6A2FEFD0719FFF12CFFF6BD18B00080021F9245FAB8840757365EA33455B
117A58180D3581E20F124FC725FD6D2FDFCF719FFF12CFFF6BD17900080021F9245FAB8840757366EA33455B
117A0D180D2881E20B124FFF25FD902FEFCC719FFF12CFFF6BD19E00080021F9245FAB8840757367EA33455B
1179ED180D3D81E20812504525FDB9300FC9719FFF12CFFF6BD1D80007FE21F9245FAB8840757368EA33455B
117A31180D6D81E20412507F25FDD22FFFC7719FFF12CFFF6BC1E800080021F9245FAB8840757369EA33455B
117ABF180D9181E20B1250B625FDF72FFFC7719FFF12CFFF6BC1DE00080021F9245FAB884075736AEA33455B
117BAF180DD081E1F91250E725FE23300FC7719FFF12CFFF6BD1C600080021F9245FAB884075736BEA33455B
117CD2180E0581E1FD12510525FE31300FCB718FFF12CFFF6BD1BE00080021F9245FAB884075736CEA33455B
117DB2180E2B81E20012512225FE3C2FCFCF718FFF12CFFF6BD1B500080021F9245FAB884075736DEA33455B
117E3C180E4481E1EE12513B25FE3F2FCFCD718FFF12CFFF6BD19200080021F9245FAB884075736EEA33455B
117EBA180E5581E1F512514325FE382FDFCD718FFF12CFFF6BD1840007FE21F9245FAB884075736FEA33455B
117F0A180E6681E1F212513725FE272FEFCD718FFF12CFFF6BD18300080021F9245FAB8840757370EA33455B
117F5A180E7181E1EE12511125FE2B305FD1717FFF12CFFF6BD1810007FE21F9245FAB8840757371EA33455B
117F79180E7581E1EA12511A25FE4730BFD2717FFF12CFFF6BD18000080021F9245FAB8840757372EA33455B
117F85180E7681E1E612514325FE5D30BFD4717FFF12CFFF6BD18200080021F9245FAB8840757373EA33455B
117F85180E7481E1E312516925FE72305FDB717FFF12CFFF6BD1A400080021F9245FAB8840757374EB33455B
117F95180E7A81E1E612517525FE67301FDA717FFF12CFFF6BD1B800080021F9245FAB8840757375EB33455B
117F9D180E7681E1DF12518225FE682FFFD2717FFF12CFFF6BD1BB00080021F9245FAB8840757376EB33455B
117F95180E6D81E1DB12519B25FE6E300FD5717FFF12CFFF6BD1B300080021F9245FAB8840757377EB33455B
117F79180E6B81E1D81251B425FE79302FD2717FFF12CFFF6BD1AE0007FE21F9245FAB8841757378EB33455B
117F76180E6981E1DB1251C925FE7C304FD1717FFF12CFFF6BD1AD00080021F9245FAB8840757379EB33455B
117F85180E6F81E1D01251C825FE8F306FD6717FFF12CFFF6BD1A70007FE21F9245FAB884075737AEB33455B
117F85180E6F81E1D81251CD25FEA6308FD5716FFF12BFFF6BD1A10007FE21F9245FAB884075737BEB33455B
117F82180E7481E1D41251D125FEA8307FD3716FFF12CFFF6BD19F00080021F9245FAB884075737CEB33455B
117F75180E6D81E1C91251C525FE93300FD1716FFF12CFFF6BD1AC00080021F9245FAB884075737DEB33455B
117F66180E7181E1CD1251C925FE992FCFCE717FFF12CFFF6BD1BC00080021F9245FAB884075737EEB33455B
117F7A180E7581E1C91251EE25FEAF2FEFC9716FFF12CFFF6BD1C000080021F9245FAB884075737FEB33455B
117F81180E8181E1C912521825FED1303FC6716FFF12CFFF6BD1BF0007FE21F9245FAB8840757380EB33455B
117FAD180E9A81E1C512522825FEFB308FC8717FFF12CFFF6BD1BC0007FE21F9245FAB8840757381EB33455B
118005180EAA81E1C912522925FEFD308FD0716FFF12CFFF6BD1BC0007FE21F9245FAB8840757382EB33455B
118045180EBF81E1BE12524125FEEF2FFFD2716FFF12CFFF6BD1BA00080021F9245FAB8840757383EB33455B
118064180ED381E1C912525725FEFF2FAFD3716FFF12CFFF6BD1B50007FE21F9245FAB8840757384EB33455B
11807C180ED781E1BE12526C25FF122FDFD1716FFF12CFFF6BD1B300080021F9245FAB8840757385EB33455B
118081180ED481E1BA12527325FF14300FC8717FFF12CFFF6BD1B20007FE21F9245FAB8840757386EB33455B
118090180ED381E1BA12527025FF1D300FC7716FFF12CFFF6BD1AF00080021F9245FAB8840757387EB33455B
118090180ED681E1C512527325FF0C2FFFCB716FFF12CFFF6BD1AE0007FE21F9245FAB8840757388EB33455B
118091180ED081E1B312526C25FF092FEFD4716FFF12CFFF6BD1AF0007FE21F9245FAB8840757389EB33455B
118094180ED181E1B712527325FF002FFFD9717FFF12CFFF6BD1BC0007FE21F9245FAB884075738AEB33455B
118094180ECD81E1BA12526825FEF0300FD5717FFF12CFFF6BD1C20007FE21F9245FAB884175738BEB33455B
11808C180EC981E1B312525F25FEF6305FCD717FFF12CFFF6BD1C200080021F9245FAB884075738CEC33455B
11807D180ECB81E1B712525E25FEF6308FCA717FFF12CFFF6BD1BC00080021F9245FAB884075738DEC33455B
11807C180ECD81E1B312525B25FEFB307FC2717FFF12CFFF6BD1B900080021F9245FAB884075738EEC33455B
118080180EC981E1AF12526625FEFD304FBD717FFF12CFFF6BD1B800080021F9245FAB884075738FEC33455B
11808D180EC681E1AB12526C25FF07300FBC718FFF12CFFF6BD1A800080021F9245FAB8840757390EC33455B
11807C180EBB81E1B312526F25FEFA300FC0718FFF12CFFF6BD19C00080021F9245FAB8840757391EC33455B
118064180EB281E1A812527825FF01301FC7718FFF12CFFF6BD1990007FE21F9245FAB8840757392EC33455B
118051180EB981E1AB12527325FEF6302FD4718FFF12CFFF6BD19A00080021F9245FAB8840757393EC33455B
118064180EBD81E1A812527425FEE6301FD6718FFF12CFFF6BD19A00080021F9245FAB8840757394EC33455B
11805C180E9E81E1A412527025FEE3301FCF719FFF153FFF6BC19A0007FE21F9245FAB8840757395EC33455B
117FE9180E7D81E1A412526625FEE9304FC9719FFF966FFF6BB19800080021F9245FAB8840757396EC33455B
117F9D180E7681E1A812525F25FEEF307FCB719FFFEB4FFF6BB19500080021F9245FAB8840757397EC33455B
117F56180E6081E1A412526625FF0D305FCB719FFFF66FFF6BB1950007FE21F9245FAB8840757398EC33455B
117F02180E5281E1A012527825FEFD300FC7719FFFEF8FFF6BB19600080021F9245FAB8840757399EC33455B
117EB7180E4681E1A412526F25FED12FFFC5719FFFEC1FFF6BB19800080021F9245FAB884075739AEC33455B
117E86180E3781E19C12524625FECF300FC9719FFFEBEFFF6BB19800080021F9245FAB884075739BEC33455B
117E5B180E2881E1A812521025FEC5306FD0719FFFEC4FFF6BB1A900080021F9245FAB884075739CEC33455B
117E1C180E1281E19C1251EE25FE9A304FD3719FFFEC9FFF6BB1D700080021F9245FAB884075739DEC33455B
117DD2180E0181E1A01251B425FE7D2FDFD2719FFFECAFFF6BB1E800080021F9245FAB884075739EEC33455B
117D81180DF881E19C12519625FE672FBFD4719FFFECBFFF6BB1E200080021F9245FAB884075739FEC33455B
117D76180DEF81E19C12517E25FE68300FCF71AFFFECBFFF6BB1C20007FE21F9245FAB87417573A0EC33455B
117D65180DEF81E1A012518A25FE74302FC8719FFFECBFFF6BB1B400080021F9245FAB87407573A1EC33455B
117D3A180DF281E19C1251AF25FE87301FC6719FFFECCFFF6BB1B400080021F9245FAB87407573A2EC33455B
117D46180E0781E1A01251D125FEB4302FC971AFFFECDFFF6BB1BB0007FE21F9245FAB87407573A3EC33455B
117D95180E1881E19C1251EE25FEDA306FD371AFFFECDFFF6BB1BE00080021F9245FAB87407573A4ED33455B
117DD2180E2E81E1A412521025FEDA304FDA71AFFFECDFFF6BA1BE0007FE21F9245FAB87407573A5ED33455B
117E48180E5381E1A012522D25FEE02FFFD271AFFFECEFFF6BB1B100080021F9245FAB87407573A6ED33455B
117EC6180E7C81E19C12525125FEF62FEFC971AFFFECFFFF6BB1A800080021F9245FAB87407573A7ED33455B
117F4E180E9B81E1A012525F25FF07301FC471AFFFECFFFF6BB1A700080021F9245FAB87407573A8ED33455B
117F85180E9481E19C12526225FF14301FC271BFFFED0FFF6BB1A100080021F9245FAB87407573A9ED33455B
117F6D180E9081E1A412527825FF17301FC971BFFFECFFFF6BB19D00080021F9245FAB87407573AAED33455B
117F6E180E9C81E19912528325FF1D300FCE71BFFFECFFFF6BB19C0007FE21F9245FAB87407573ABED33455B
117FED180ECE81E19512529625FF1D2FEFD471CFFFECFFFF6BB19B0007FE21F9245FAB87407573ACED33455B
118091180F0281E1991252A925FF322FEFD771CFFFED0FFF6BB19B00080021F9245FAB87407573ADED33455B
11810B180F1A81E1951252BB25FF4D2FFFD571CFFFECFFFF6BB19B00080021F9245FAB87407573AEED33455B
11813F180F1B81E1951252D025FF512FEFD171CFFFECFFFF6BB19B0007FE21F9245FAB87407573AFED33455B
118149180F1A81E1921252DB25FF462FBFD971CFFFECFFFF6BB19B00080021F9245FAB87407573B0ED33455B
118153180F1D81E1861252DD25FF3C2FDFE171CFFFECFFFF6BB19A00080021F9245FAB87407573B1ED33455B
11815F180F1B81E18A1252B925FF2A303FE871CFFFECFFFF6BB19600080021F9245FAB87407573B2ED33455B
11815F180F1981E18612525F25FEF3305FE271CFFFED0FFF6BB18E0007FE21F9245FAB87407573B3ED33455B
118159180F1681E17F12520B25FEA9300FE271CFFFECFFFF6BB18B0007FE21F9245FAB87407573B4ED33455B
11814F180F0C81E17B1251EA25FEA22FEFD971CFFFED0FFF6BB18900080021F9245FAB87407573B5ED33455B
11813B180F0081E1781251D525FEC5306FD771CFFFECFFFF6BB18400080021F9245FAB87407573B6ED33455B
11811D180EEE81E1741251C825FEC4309FD771BFFFED1FFF6BB1810007FE21F9245FAB87407573B7ED33455B
1180E3180EDC81E1701251E625FED4303FCF71BFFFED1FFF6BB18200080021F9245FAB87407573B8ED33455B
1180AC180ECA81E16912521725FEDB300FC871BFFFED1FFF6BB18900080021F9245FAB87407573B9ED33455B
118084180EC381E16512525725FF19300FC571BFFFED0FFF6BB18C00080021F9245FAB87407573BAED33455B
11805D180EBD81E1611252B125FF51303FC771BFFFED1FFF6BB18D0007FE21F9245FAB87407573BBED33455B
118044180EC181E15E1252C825FF63300FD271BFFFED0FFF6BB19700080021F9245FAB87407573BCEE33455B
118038180EC681E15A1252F625FF832FDFD571BFFFECFFFF6BB19C0007FE21F9245FAB87407573BDEE33455B
118069180EEF81E15312532A25FFBD2FEFC971AFFFECFFFF6BB19D00080021F9245FAB87407573BEEE33455B
1180D7180F2381E15712534E25FFD9301FC771AFFFECFFFF6BB1AB0007FE21F9245FAB87407573BFEE33455B
118137180F4881E14B12536025FFDB301FCC71AFFFECFFFF6BB1B400080021F9245FAB87417573C0EE33455B
118195180F6981E14B12537725FFD7300FD771AFFFECFFFF6BB1B600080021F9245FAB87407573C1EE33455B
1181DE180F8181E14F12535C25FFCF301FE6719FFFECEFFF6BB1B30007FE21F9245FAB87407573C2EE33455B
11820E180F8E81E14412533D25FFB6304FF3719FFFECEFFF6BA1B000080021F9245FAB87407573C3EE33455B
118231180FA281E14812531D25FFA5304FEF719FFFECAFFF6BB1AF0007FE21F9245FAB87407573C4EE33455B
118261180FB081E14B12533925FFC9302FFF719FFFEC8FFF6BA1AB00080021F9245FAB87407573C5EE33455B
118279180FBA81E14412536C26000D300FFF719FFFEC8FFF6BB1A700080021F9245FAB87407573C6EE33455B
118295180FBD81E1401253BA260043301FEF719FFFEC8FFF6BB1A50007FE21F9245FAB87407573C7EE33455B
1182A5180FBE81E1441253E52600482FFFE4719FFFEC8FFF6BB19E00080021F9245FAB87407573C8EE33455B
1182A5180FB981E1401254062600492FBFE1718FFFEC9FFF6BA19300080021F9245FAB87407573C9EE33455B
1182A5180FBC81E13C12540E2600542FEFD8718FFFEC9FFF6BB1900007FE21F9245FAB87407573CAEE33455B
1182AD180FC681E13512541A260064305FCD719FFFEC9FFF6BB18D00080021F9245FAB87407573CBEE33455B
1182BD180FD081E14012542C2600A630BFFF719FFFEC9FFF6BB1870007FE21F9245FAB87407573CCEE33455B
1182CD180FD781E12E1254402600B1309FFF718FFFEC9FFF6BB18500080021F9245FAB87407573CDEE33455B
1182DD180FD981E13512544D26009A2FEFFF718FFFEC9FFF6BA1870007FE21F9245FAB87407573CEEE33455B
1182E1180FDC81E12A12545D26009D2FAFFF719FFFEC9FFF6BB18B0007FE21F9245FAB87407573CFEE33455B
1182E5180FDA81E1261254662600B72FFFFF719FFFEC9FFF6BB18D0007FE21F9245FAB87407573D0EE33455B
1182ED180FDD81E12A1254592600BC303FFF719FFFEBBFFF6BB18C00080021F9245FAB87407573D1EE33455B
1182E9180FDE81E11F12545926009D300FFF719FFFBC5FFF6BA18200080021F9245FAB87407573D2EE33455B
1182E1180FD681E11712544D26008D301FFF719FFF407FFF6BB17E00080021F9245FAB87417573D3EE33455B
1182E1180FC881E11B12544026008E309FFF71AFFF117FFF6BD17E00080021F9245FAB87407573D4EF33455B
1182DD180FBB81E11012544026008C312FFF719FFF115FFF6BD17C0007FE21F9245FAB87407573D5EF33455B
1182D1180FC181E11412543026007131FFFF719FFF16EFFF6BC17B00080021F9245FAB87407573D6EF33455B
1182C1180FBB81E110125423260031338FFF719FFF186FFF6BC17C0007FE21F9245FAB87407573D7EF33455B
1182B9180FB881E10112540A26002F358FFF719FFF180FFF6BC17B00080021F9245FAB87407573D8EF33455B
1182AD180FB081E10D1253FD26004137AFFF719FFF179FFF6BC17B00080021F9245FAB87407573D9EF33455B
1182A5180FB681E1011253F52600283B0FFF719FFF176FFF6BC17A00080021F9245FAB87407573DAEF33455B
1182A1180FB381E1091253E82600013CEFFF718FFF16FFFF6BD1800007FE21F9245FAB87407573DBEF33455B
1182A1180FAA81E0FE1253E525FFDE3D9FFF718FFF166FFF6BD18500080021F9245FAB87407563DCEF33455B
1182A1180FA481E1011253DC25FFEC3DBFFF718FFF161FFF6BD18600080021F9245FAB87407563DDEF33455B
1182A1180F9A81E0FE1253CC2600113E4FFF719FFF15DFFF6BD18700080021F9245FAB87407563DEEF33455B
118295180F8B81E1011253AE25FFCC408FFF718FFF15BFFF6BC18900080021F9245FAB87407563DFEF33455B
118281180F5581E10112538D25FFA3444FFF718FFF158FFF6BD18A00080021F9245FAB87407563E0EF33455B
118231180F1481E10D12538025C2A2568FFF718FFF155FFF6BD1890007FE21F9245FAB87407563E1EF33455B
1181E6180F3181E1011253682391C67B1FFF718FFF149FFF6BD18700080021F9245FAB87407563E2EF33455B
1181C2180F1A81E1011253521C9AC29EBFFF718FFF141FFF6BD1870007FE21F9245FAB87407553E3EF33455B
1181AA17F2A081E10512534F1517F8B8CFFF717FFF13FFFF6BD1870007FE21F9245FAB87407563E4EF33455B
1181BD16531F81E10912535A15E934CABFFF718FFF13CFFF6BD1890007FE21F9245FAB87407553E5EF33455B
11819A12994D81E10512537D1D10A7D32FFF718FFF138FFF6BE18900080021F9245FAB87407553E6EF33455B
11814B0F748B81E1091253B21C9B9ED43FFF718FFF135FFF6BE1890007FE21F9245FAB87407553E7EF33455B
1180650E1F9681E1091253E918578DCFBFFF718FFF132FFF6BE1870007FE21F9245FAB87417553E8EF33455B
117E0C0DB30581E10512541F14AB4DC2AFFF718FFF12EFFF6BE1870007FE21F9245FAB87407553E9EF33455B
117AD00D67D481E1091254061402D1A7DFFF718FFF129FFF6BE18700080021F9245FAB87407553EAEF33455B
1177960D70C681E109125367144A8D879FFF718FFF127FFF6BD18E00080021F9245FAB87407563EBEF33455B
1175CA0DD8C081E10512524113D4256CAFFF719FFF125FFF6BD19100080021F9245FAB87407563ECF033455B
1173AD0E0EE181E10112508C0F9B145B9FFF71AFFF123FFF6BC19100080021F9245FAB87407553EDF033455B
1172080E3A0481E105124E93106CCD50EFFF719FFF120FFF6BB18E0007FE21F9245FAB87407553EEF033455B
1170E20E61B281E101124CAB0D05804A9FFF719FFF11FFFF6BA18C00080021F9245FAB87407543EFF033455B
1170270DEE6781E101124A2D11117F478FFF71AFFF11DFFF6BA18B00080021F9245FAB87407553F0F033455B
116E1C0DB42881E1051246B312C323473FFF71AFFF11AFFF6BB18C00080021F9245FAB87407543F1F033455B
116AFB0D869A81E1011242B512C231474FFF71AFFF119FFF6BA18D00080021F9245FAB87407563F2F033455B
1167850D7E2181E101123ED212E35F470FFF71BFFF118FFF6BB18D00080021F9245FAB87407553F3F033455B
1164F80D8CC081E105123C3412ACE843FFFF71AFFF11BFFF6BB18C00080021F9245FAB87407543F4F033455B
11651D0D977881E109123B8512C0E5402FFF71AFFF11EFFF6BD18B0007FE21F9245FAB87407543F5F033455B
11685F0DA1EB81E0FE123D0812F9FC3F2FFF71CFFF11EFFF6BE18A0007FE21F9245FAB87407543F6F033455B
116A260DAB9981E101123E2813088F3F4FFF71CFFF11DFFF6BF18800080021F9245FAB87407543F7F033455B
116B330DB21C81E109123F0712F9193F6FFF71CFFF11BFFF6BF1850007FE21F9245FAB87407543F8F033455B
116BFD0DB54A81E105123FC812EAEE3F3FFF71CFFF11AFFF6BF18400080021F9245FAB87407543F9F033455B
116CB70DB71A81E0FA12408D12E78B3F1FFF71CFFF119FFF6BF18400080021F9245FAB87407543FAF033455B
116D610DBAF081E10912414812EACB3F1FFF71CFFF118FFF6BF18300080021F9245FAB87407543FBF033455B
116DFC0DC15E81E1051242071309103F2FFF71CFFF117FFF6BF1830007FE21F9245FAB87407553FCF033455B
116E8F0DCE4981E1091242C6131FA63F6FFF71DFFF115FFF6BF18200080021F9245FAB87407543FDF033455B
116F120DF9F581E10512437013074B3FFFFF71DFFF115FFF6BF18100080021F9245FAB87407553FEF033455B
116F900E1BE181E1011243EC12B6D741CFFF71EFFF113FFF6BF1810007FE21F9245FAB87407543FFF033455B
11700F0E341F81E109124458123C2D42DFFF71EFFF111FFF6BE1820007FE21F9245FAB8740754300F033455B
1170830E4E0D81E1051244B0119D7A454FFF71FFFF111FFF6BE1840007FE21F9245FAB8740754301F033455B
1170EE0E6D6281E1091244FE10F87846BFFF720FFF112FFF6BE18500080021F9245FAB8740754302F033455B
1171590EA6E481E109124545108A4F47FFFF722FFF111FFF6BE18600080021F9245FAB8740754303F033455B
1171B70EC72E81E10D124573103C18499FFF723FFF111FFF6BE18900080021F9245FAB8740754304F133455B
11721F0E6A2881E10912458C0FEE454AFFFF725FFF111FFF6BF18B0007FE21F9245FAB8740754305F133455B
1172770E302D81E1051245A10FA76E4C3FFF726FFF111FFF6BE18B0007FE21F9245FAB8740755306F133455B
1172CA0E539E81E1091245A50F705F4D4FFF728FFF10FFFF6BE18A00080021F9245FAB8740755307F133455B
11731E0E744F81E10912457B0F47D34CEFFF72BFFF10FFFF6BE1890007FE21F9245FAB8741754308F133455B
11735D0E600781E10512452C0F295C4CBFFF72DFFF10EFFF6BE18900080021F9245FAB8740754309F133455B
1173510E0F7881E1091244B00F14424BBFFF72FFFF10DFFF6BD18700080021F9245FAB874075430AF133455B
1172FE0DE16D81E1091244500F0DBF4A6FFF732FFF10CFFF6BD1850007FE21F9245FAB874075430BF133455B
1172A30DF92C81E0FE1243DC0F1CA84A6FFF735FFF10CFFF6BE1840007FE21F9245FAB874075430CF133455B
1172690E84B381E1091243740F39BC4B7FFF738FFF10BFFF6BE1830007FE21F9245FAB874075430DF133455B
11721F0EEEB381E1051243460F4D524DCFFF73BFFF10BFFF6BE18300080021F9245FAB874075430EF133455B
1171FC0EEF7B81E1011243310F54A74F8FFF73EFFF10BFFF6BD1820007FE21F9245FAB874075430FF133455B
1171FC0EA5E081E1011242ED0F5A984FCFFF741FFF10AFFF6BD1800007FE21F9245FAB8740754310F133455B
1172330E5E8B81E0FE12429C0F5A1D501FFF744FFF109FFF6BE17E00080021F9245FAB8740754311F133455B
11727B0E1C4281E10912426A0F4DD5508FFF748FFF109FFF6BD17D00080021F9245FAB8740755312F133455B
1172CA0DDE6F81E1011242170F36EF501FFF74BFFF109FFF6BD17C00080021F9245FAB8740754313F133455B
1172DE0DAC5D81E1051241B80F17B64F6FFF74FFFF108FFF6BD17A0007FE21F9245FAB8740754314F133455B
1172A30D8C7E81E1011241480EF64B4EFFFF753FFF108FFF6BE17900080021F9245FAB8740754315F133455B
11726B0D766181E1051240BB0ED5024EBFFF756FFF108FFF6BD17900080021F9245FAB8740754316F133455B
1172510D7CA881E1091240280EB0AE4E7FFF759FFF107FFF6BE17800080021F9245FAB8740754317F133455B
11723B0D900A81E101123F8C0E85D04E5FFF75DFFF108FFF6BE17800080021F9245FAB8740754318F133455B
1172140D985481E105123EE60E57C94E9FFF761FFF10AFFF6BD17900080021F9245FAB8740754319F133455B
1171CC0DA93481E109123E6E0E32204E2FFF765FFF10AFFF6BD18000080021F9245FAB874075531AF133455B
1171710DCD3581E109123E170E1A994D7FFF769FFF10AFFF6BE18300080021F9245FAB874175431BF133455B
1171190DE6D881E10D123DB80E0F714D7FFF76CFFF10AFFF6BE1840007FE21F9245FAB874075431CF233455B
1170F60DE11781E109123D6C0E0BDB4E4FFF770FFF109FFF6BE1840007FE21F9245FAB874075431DF233455B
1171060DB82D81E10D123D2F0E0E024F3FFF774FFF108FFF6BE1840007FE21F9245FAB874075431EF233455B
11714D0E981081E109123D040E13CC500FFF777FFF109FFF6BE18400080021F9245FAB874075431FF233455B
11719011954A81E109123CCC0E19E550EFFF77CFFF10AFFF6BE1840007FE21F9245FAB8740754320F233455B
1171DC12DA8081E10D123C9C0E1D7A517FFF77FFFF10BFFF6BD18500080021F9245FAB8740754321F233455B
11722F1320FF81E101123C600E1DA7516FFF783FFF10AFFF6BD18500080021F9245FAB8740754322F233455B
1172A313232D81E110123C1B0E1C75514FFF786FFF109FFF6BE18500080021F9245FAB8740755323F233455B
11730F130FB381E0FE123BF00E1E2B515FFF78BFFF109FFF6BE18400080021F9245FAB8740754324F233455B
11736913055481E109123BC40E29D254BFFF78FFFF108FFF6BE18400080021F9245FAB8740754325F233455B
1173B512FD1881E105123BAA0E43ED5F5FFF793FFF107FFF6BE18100080021F9245FAB8740754326F233455B
11740412F43A81E101123BAB0E7F366B5FFF796FFF107FFF6BE17F00080021F9245FAB8740754327F233455B
11743812F72581E101123BC30E8C76745FFF79AFFF106FFF6BD17E00080021F9245FAB8740754328F233455B
11742012FDBE81E105123BED0E7DF679CFFF79EFFF107FFF6BE17E0007FE21F9245FAB8740754329F233455B
1173A1130D0281E101123C050E784B7D1FFF7A1FFF108FFF6BE17D00080021F9245FAB874075432AF233455B
117302131C5A81E101123BE90E94947FBFFF7A5FFF106FFF6BE17E00080021F9245FAB874075532BF233455B
11724B130D7A81E105123B950ED8C9848FFF7A9FFF105FFF6BE17C00080021F9245FAB874075432CF233455B
1171C412EA4A81E101123B4B0F3D148ACFFF7ADFFF105FFF6BE17900080021F9245FAB874075432DF233455B
11717512CCD981E105123B2A0FA978902FFF7B1FFF104FFF6BE17800080021F9245FAB874075432EF233455B
11712912C09B81E101123B190F77E7942FFF7B5FFF103FFF6BE17800080021F9245FAB874075432FF233455B
1170AA12C58181E109123AEC0F0DE796EFFF7B9FFF103FFF6BE17900080021F9245FAB8741754330F233455B
11703F12DB4581E105123AB60EC1B2991FFF7BCFFF102FFF6BE17A0007FE21F9245FAB8740754331F233455B
11700F12F98081E109123A410E8B1A9D0FFF7C0FFF102FFF6BE17C00080021F9245FAB8740754332F233455B
116FF4130F4C81E1091239A10E60A4A20FFF7C4FFF102FFF6BF1860007FE21F9245FAB8740755333F233455B
116FC413095C81E10D1239090E3DAFA5FFFF7C8FFF102FFF6BE18B00080021F9245FAB8740754334F333455B
116FC812FB2781E1091238B10E1FFCA89FFF7CBFFF102FFF6BE18B00080021F9245FAB8740754335F333455B
11701312F2D481E10D1238890E06A3AA3FFF7CFFFF101FFF6BE18D00080021F9245FAB8740754336F333455B
11705B12EDC781E1091238910DF0C3AB5FFF7D3FFF101FFF6BF18E0007FE21F9245FAB8740754337F333455B
11707B12EC3B81E1011238AD0DDE55AC1FFF7D7FFF101FFF6BF18F00080021F9245FAB8740754338F333455B
1170C212EB9081E1141238CF0DCEEDAC5FFF7DAFFF100FFF6BF18F00080021F9245FAB8740754339F333455B
11712D12E71381E1091238E40DC239AC4FFF7DEFFF100FFF6BF18E0007FE21F9245FAB874075433AF333455B
11718D12E20881E1101238F70DB7C6AC1FFF7E2FFF100FFF6BF18E0007FE21F9245FAB874075533BF333455B
1171DC12DD1A81E1051238FD0DAF40ABDFFF7E6FFF0FFFFF6BF18B0007FE21F9245FAB874075433CF333455B
11721712D7F681E1011238FD0DA825AB8FED7E9FFF0FFFFF6BF18800080021F9245FAB874075533DF333455B
11720C12D91B81E10D1238CE0DA295AB4FD97EDFFF107FFF6BF1870007FE21F9245FAB874075433EF333455B
11721012DC9281E1011238800DA0E9AB1FED7F1FFF10BFFF6BF18700080021F9245FAB874075433FF333455B
11723612E33081E1011238290DA80CAAEFF77F4FFF10AFFF6BF18600080021F9245FAB8740754340F333455B
11720012E6BB81E1051237C50DB4CFAA9FFF7F8FFF107FFF6BF18600080021F9245FAB8740755341F333455B
11718D12EFD981E1011237590DC1FDA9FFFF7FCFFF105FFF6BF18500080021F9245FAB8740754342F333455B
11710912FE4881E1011236E50DCFCAA96FFF7FFFFF104FFF6BF1830007FE21F9245FAB8740755343F333455B
11708E131CE381E0FE1236670DD98EA8EFFF803FFF103FFF6C018200080021F9245FAB8740754344F333455B
117033131CE081E1011235F00DDF0BA87FFF807FFF102FFF6BF18200080021F9245FAB8740754345F333455B
116FC012FF4B81E10512356C0DE56BA81FFF80AFFF103FFF6C018100080021F9245FAB8740754346F333455B
116F6112F09C81E1091234E30DEC3DA7DFFF80DFFF102FFF6C018100080021F9245FAB8740754347F333455B
116F2112EF1581E1091234630DEEFCA7AFFF811FFF101FFF6C01850007FE21F9245FAB8740755348F333455B
116EA612FD3981E1051233D90DFCC9A75FFF814FFF102FFF6C019600080021F9245FAB8740754349F333455B
116E24130CFF81E1091233690E2812A73FFF818FFF101FFF6C019D0007FE21F9245FAB874075434AF333455B
116DA81308C781E1091232ED0E3967A6BFFF81BFFF100FFF6C019D0007FE21F9245FAB874075534BF333455B
116D2612FCEE81E10D1232920E36C3A62FFF81FFFF100FFF6C019800080021F9245FAB874075434CF433455B
116CE712F84881E11012326D0E27D8A5BFFF822FFF100FFF6C019700080021F9245FAB874075434DF433455B
116D0612FBB881E10D1232160E1A79A55FFF825FFF100FFF6C019600080021F9245FAB874075534EF433455B
116D2E12FB5C81E1091231AE0E14EAA58FFF829FFF100FFF6C01950007FE21F9245FAB874075534FF433455B
116D6112FCBB81E11012315B0E11CDA5BFFF82CFFF100FFF6C019400080021F9245FAB8741755350F433455B
116DB113018C81E1051230F00E061EA57FFF82FFFF100FFF6C019400080021F9245FAB8740754351F433455B
116DF8130B9B81E1101230900DF4FAA51FFF833FFF0FFFFF6C018E00080021F9245FAB8740755352F433455B
116E0413159681E1051230650DE393A4AFFF836FFF0FFFFF6C018A0007FE21F9245FAB8740754353F433455B
116E10131D2781E10912304E0DD420A46FFF839FFF0FFFFF6C018900080021F9245FAB8740754354F433455B
116E5B132B9B81E1091230210DC811A42FFF83CFFF100FFF6C018800080021F9245FAB8740754355F433455B
116E8B132D9F81E0FE122FEF0DBE80A40FFF83FFFF0FFFFF6C018600080021F9245FAB8740754356F433455B
116E9B13297F81E109122FC10DB7DCA3FFFF842FFF0FFFFF6C018600080021F9245FAB8740754357F433455B
116EBA13234D81E0FA122F9C0DB8F9A3FFFF845FFF0FEFFF6C018500080021F9245FAB8740755358F433455B
116EB213208A81E105122F740DC0E2A3FFFE849FFF0FEFFF6C11840007FE21F9245FAB8740755359F433455B
116E6F13208481E109122F5E0DC9AEA3EFFD84CFFF0FDFFF6C11840007FE21F9245FAB874075435AF433455B
116E37131F6981E0FE122F310DCDA6A3CFFC84FFFF0FEFFF6C11870007FE21F9245FAB874075535BF433455B
116DF4131CB081E101122EE60DCBC8A3BFF8851FFF0FDFFF6C118D00080021F9245FAB874075435CF433455B
116D8D1318A181E109122E980DC7A8A39FFF855FFF0FEFFF6C118F0007FE21F9245FAB874075435DF433455B
116D2E13140D81E105122E5A0DC1E6A38FFF858FFF0FDFFF6C11910007FE21F9245FAB874075535EF433455B
116D12130F7681E109122E340DBA15A37FFF85AFFF0FDFFF6C119700080021F9245FAB874075535FF433455B
116CD7130BCF81E109122DFA0DB0E3A38FFF85DFFF0FCFFF6C119A0007FE21F9245FAB8740754360F433455B
116C81130B1181E10D122DD50DA866A37FFF860FFF0FCFFF6C019800080021F9245FAB8740754361F433455B
116C44130C7F81E109122D720DA575A36FFF863FFF0FCFFF6C119300080021F9245FAB8740755362F433455B
116C30130DF481E10D122D070DA88DA35FFF865FFF0FCFFF6C11900007FE21F9245FAB8741754363F433455B
116C4413114A81E109122C760DADDFA33FFF868FFF0FBFFF6C118F00080021F9245FAB8740754364F533455B
116C601315EB81E110122BF20DB428A31FFF86BFFF0FBFFF6C118B0007FE21F9245FAB8740755365F533455B
116C401316FE81E105122B7E0DB5E4A2FFFF86DFFF0FBFFF6C118800080021F9245FAB8740755366F533455B
116BFE1316C581E109122B1B0DB107A2DFFF870FFF0FAFFF6C118800080021F9245FAB8740754367F533455B
116BA2131B5481E110122AC00DAA95A2BFFF873FFF0FAFFF6C11870007FE21F9245FAB8740754368F533455B
116B8E13273581E10D122A400DA6BEA29FFF875FFF0FAFFF6C11870007FE21F9245FAB8740755369F533455B
116BC113301B81E1011229A50DA2D9A27FFF877FFF0FAFFF6C118700080021F9245FAB874075536AF533455B
116C1C13328C81E10D12291B0D9C67A25FFF879FFF0FAFFF6C118500080021F9245FAB874075436BF533455B
116C7413305D81E10112289B0D949AA22FFF87BFFF0FAFFF6C11840007FE21F9245FAB874075536CF533455B
116C71132AC081E10112282C0D8DA0A20FFF87EFFF0FAFFF6C11840007FE21F9245FAB874075436DF533455B
116C3C13253081E1051227AC0D8BFBA1FFFF880FFF0FAFFF6C118600080021F9245FAB874075436EF533455B
116C1113215881E1091227300D9106A1FFFF882FFF0F9FFF6C11880007FE21F9245FAB874075436FF533455B
116BBD13204081E1011226D40D974CA1EFFF885FFF0F9FFF6C118900080021F9245FAB8740754370F533455B
116B47131FF381E0FE12265A0D9B18A1CFFF887FFF0F9FFF6C11890007FE21F9245FAB8740755371F533455B
116AA8131D7081E1091225C20D98E8A1BFFF88AFFF0F9FFF6C118900080021F9245FAB8740754372F533455B
1169EC13197581E10512251C0D932AA18FFD88CFFF0F9FFF6C118900080021F9245FAB8740754373F533455B
1169831314FC81E1011224670D8BF1A15FFF88EFFF0F9FFF6C218A00080021F9245FAB8740754374F533455B
11691D13100281E1011223DA0D83EFA15FFD890FFF0F9FFF6C218C0007FE21F9245FAB8740754375F533455B
1168B6130B0B81E10D1223530D7BC7A14FF0892FFF0F9FFF6C218C00080021F9245FAB8740755376F533455B
1168571306E981E1091222D10D74ACA13FD7894FFF0F9FFF6C118B0007FE21F9245FAB8740754377F533455B
1167CC13046481E1091222650D70D4A11FD6897FFF0F9FFF6C21870007FE21F9235FAB8741754378F533455B
11677813048A81E10D12221B0D72F4A10FDE899FFF0FAFFF6C21860007FE21F9235FAB8740754379F533455B
11671E13066181E1091221B30D782DA0FFEC89BFFF10AFFF6C218500080021F9235FAB874075537AF533455B
11667C1307B781E10D1221300D7DCEA0FFFC89DFFF117FFF6C21840007FE21F9235FAB874075537BF533455B
11662E13082B81E1101220CC0D82C0A0EFF589FFFF117FFF6C21830007FE21F9235FAB874075437CF633455B
1165FE13086681E1091220600D8328A0DFFE8A1FFF112FFF6C21830007FE21F9235FAB874075437DF633455B
1165DF13085381E10512202D0D80D8A0DFFF8A3FFF10FFFF6C218100080021F9235FAB874075437EF633455B
1165C313058381E109121FE90D7CE3A0DFFF8A5FFF10EFFF6C218000080021F9235FAB874075437FF633455B
1165B7137E9181E109121F81071E15A0DFFF8A8FFF10DFFF6C218000080021F9235FAB8740754380F633455B
1165B314C34881E10D121F1A0A47B9A0DFFF8AAFFF10CFFF6C218100080021F9235FAB8740754381F633455B
1165C716D8EA81E0FA121ECC0EA38CA0DFFF8ACFFF115FFF6C218100080021F9235FAB8740754382F633455B
116616174AC381E140121EED0FD34BA0AFDE8ADFFF113FFF6C218200080021F9235FAB8740754383F633455B
1166A017769A81E015121F3B106E2DA05FE78B0FFF10DFFF6C217F00080021F9235FAB8740755384F633455B
11671D17619181E1C1121F4B111A389FEFFA8B2FFF10EFFF6C217D0007FE21F9235FAB8740754385F633455B
11673A1750B181E123121F2211B9AF9F5FFF8B3FFF10BFFF6C217D00080021F9235FAB8740754386F633455B
11673E177A9C81E0DC121EBB11AD819EDFF98B6FFF106FFF6C317C0007FE21F9235FAB8740754387F633455B
11676417B68381E109121E6111A1699E7FEE8B8FFF100FFF6C317B0007FE21F9235FAB8740754388F633455B
11678917DC3F81E123121E3711674D9E1FEC8BAFFF105FFF6C317B0007FE21F9235FAB8740754389F633455B
11677917E50E81E0FA121E3710C8B59DCFEE8BCFFF104FFF6C217900080021F9235FAB874075438AF633455B
11678417E1A981E10D121E6D104CBB9D9FD98BEFFF103FFF6C21770007FE21F9235FAB874075538BF633455B
1167DC17E14481E109121EC810167E9D5FD48C0FFF101FFF6C217700080021F9235FAB874075538CF633455B
11685717E52781E109121EF90FD4119D4FFF8C1FFF0FEFFF6C217C00080021F9235FAB874075538DF633455B
11695917EEA481E11B121EE40FD08C9D3FFF8C3FFF0FCFFF6C218500080021F9235FAB874075538EF633455B
116C0D17FBE881E109121E96108CD29D1FFF8C5FFF0FAFFF6C21880007FE21F9235FAB874075438FF633455B
116E7718055F81E110121E2610A5589D1FFF8C6FFF0F9FFF6C218A0007FE21F9235FAB8740755390F633455B
116FA81806BC81E0FE121E3F1062569CFFF08C8FFF0F9FFF6C318F00080021F9235FAB8740754391F633455B
11704F17FCBF81E109121EBF102D259CEFE48C9FFF0F9FFF6C219200080021F9235FAB8740755392F633455B
1170BE17DE2281E105121F1A1043269CEFF98C9FFF0F8FFF6C219000080021F9235FAB8740754393F633455B
11710217402B81E101121F501066B39CCFFF8CAFFF0F8FFF6C21850007FE21F9235FAB8740755394F733455B
1171391604C481E117121F221105529CBFFD8CBFFF0F7FFF6C21810007FE21F9235FAB8740755395F733455B
1171711569F881E114121EC40875009CBFFF8CBFFF0F6FFF6C218100080021F9235FAB8740754396F733455B
1171AC15456581E109121E9201618E9CAFE78CBFFF0F5FFF6C218A0007FE21F9235FAB8740755397F733455B
1171F3153AA381E109121E8A0000009C9FD88CAFFF0F5FFF6C218E00080021F9245FAB8741755398F733455B
1172371566A481E105121EB30000009C8FD98CAFFF0F5FFF6C218F0007FE21F9245FAB8740755399F733455B
11728315A05D81E101121EE90000009C8FE28C8FFF0F5FFF6C218600080021F9245FAB874075539AF733455B
1172C217316A81E10D121EE40A40219C8FE98C7FFF0F3FFF6C218000080021F9245FAB874075439BF733455B
11735D17CC6281E110121EBB1988199C9FEB8C6FFF0F3FFF6C317F0007FE21F9245FAB874075439CF733455B
11746016FA4381E101121E541D6E1A9C8FF08C4FFF0F2FFF6C218700080021F9245FAB874075439DF733455B
11750B15F20F81E10D121E341D52D59C9FFB8C3FFF0F3FFF6C218F00080021F9245FAB874075539EF733455B
117554150E5E81E109121E791D52609C8FFF8C1FFF0F2FFF6C318F0007FE21F9245FAB874075539FF733455B
11758E146D2D81E110121E9A1D857B9C8FFF8BEFFF0F2FFF6C218F0007FE21F9245FAB87407553A0F733455B
1175E114912D81E105121E611DE6489C7FF58BCFFF0F2FFF6C318E00080021F9245FAB87407543A1F733455B
1176491488FC81E110121E0A103D8C9C7FDD8B9FFF0F2FFF6C218D00080021F9245FAB87407553A2F733455B
117681133F9481E10D121DFD02E6E79C6FCD8B7FFF0F2FFF6C218C0007FE21F9245FAB87407553A3F733455B
1176B012484781E110121E260247F89C5FAF8B4FFF0F1FFF6C218A00080021F9245FAB87407553A4F733455B
1176FC12263881E101121EA71D50C49C2FA88B1FFF0F1FFF6C218900080021F9245FAB87407543A5F733455B
11778B12757581E10D121F1E25FB0F9C1F9D8ADFFF0F1FFF6C218900080021F9245FAB87407553A6F733455B
1178151305FA81E101121F2B25FAE49C0FAD8AAFFF0F1FFF6C318900080021F9245FAB87407553A7F733455B
11787E13235181E109121F6025FAC09C1FC78A7FFF0F1FFF6C31890007FE21F9245FAB87407553A8F733455B
1178BF12F1F281E114121FCB25FA9E9C2FDA8A4FFF0F0FFF6C318900080021F9245FAB87407553A9F733455B
1178E613300C81E10912203725FA7F9C3FE48A0FFF0F0FFF6C318C00080021F9245FAB87407553AAF733455B
11791613F17C81E11412240425FA499C3FE589DFFF0F0FFF6C318D0007FE21F9235FAB87417553ABF733455B
11794214F91F81E110122A3625FA2D9C3FF389AFFF0F0FFF6C318D00080021F9235FAB87407553ACF833455B
11796915E57D81E110122EC125FA089C2FFE897FFF0F1FFF6C31900007FE21F9235FAB87407553ADF833455B
1179991649E381E10D1231AE25F9F09C2FFF895FFF0F0FFF6C31910007FE21F9235FAB87407553AEF833455B
1179CD15F9C581E10912335725F9D89C0FFF892FFF0F0FFF6C31910007FE21F9235FAB87407543AFF833455B
117A1515C82F81E10D1233C525F9B89C1FFF88FFFF0EFFFF6C318D0007FE21F9235FAB87407553B0F833455B
117A731609C381E1101233E625F99C9C0FFF88DFFF0EFFFF6C318B0007FE21F9235FAB87407553B1F833455B
117AAC16C05C81E1091234E725F98F9C1FFF88AFFF0EFFFF6C318B0007FE21F9235FAB87407553B2F833455B
117AC7176FF481E10D12363725F9809C2FFF888FFF0EFFFF6C418B0007FE21F9235FAB87407553B3F833455B
117ACC17ECF381E10912383E25F9619C2FFF885FFF0EFFFF6C318A0007FE21F9235FAB87407553B4F833455B
117AC717F6F981E110123A5E25F9459C2FFF883FFF0EFFFF6C418A00080021F9235FAB87407553B5F833455B
117AAC17590181E10D123BA625F9459C2FFF881FFF0EFFFF6C418A00080021F9235FAB87407553B6F833455B
117A9C16747781E109123C9425F93B9C0FFF880FFF0EFFFF6C418900080021F9235FAB87407553B7F833455B
117A8315917281E114123D2725F8CE9C0FFF87EFFF0EEFFF6C418900080021F9235FAB87407543B8F833455B
117A7414C88F81E109123D68258A5A9C0FFF87CFFF0EEFFF6C418800080021F9235FAB87407553B9F833455B
117A64147D1E81E110123D8A2247D39C0FFF87BFFF0EEFFF6C41870007FE21F9235FAB87407553BAF833455B
117A541498D381E114123DF11F7EBF9C1FFF87AFFF0EEFFF6C41870007FE21F9235FAB87407553BBF833455B
117A4C13EE0C81E109123F5A1E3C469C0FFF878FFF0EDFFF6C41860007FE21F9235FAB87407553BCF833455B
117A4C1248D981E10912413F1DE2749C1FFF877FFF0EDFFF6C41850007FE21F9235FAB87407543BDF833455B
117A4C11068D81E10D1243CF1B30619C0FFF877FFF0EFFFF6C41840007FE21F9235FAB87407553BEF833455B
117A5010850381E1091246381602179BFFFA875FFF0EEFFF6C518400080021F9235FAB87407553BFF833455B
117A50101C6C81E10D1247FB1350F59BFFD2875FFF0EDFFF6C518300080021F9235FAB87417553C0F833455B
117A5410108381E10912494612A6BC9BFFA1874FFF0EDFFF6C518300080021F9235FAB87407553C1F833455B
117A580FF00E81E109124A1D1295CD9C0F96874FFF0EDFFF6C518400080021F9235FAB87407553C2F833455B
117A500F9A5481E10D124AA2129F009C1FB6873FFF0EEFFF6C51870007FE21F9235FAB87407553C3F833455B
117A500FE80281E109124AF91292979C0FE6873FFF0EEFFF6C51890007FE21F9235FAB87407553C4F933455B
117A500FD88481E109124B231297109C0FFF873FFF0EEFFF6C518900080021F9235FAB87407553C5F933455B
117A540F463E81E105124B5112A9139BFFFF873FFF0EFFFF6C518800080021F9235FAB87407553C6F933455B
117A580F3D8181E110124B6E12C99D9BFFFF872FFF0EFFFF6C518800080021F9235FAB87407553C7F933455B
117A6B0FA94781E10D124B8B1300169BEFFF872FFF0EFFFF6C51870007FE21F9235FAB87407553C8F933455B
117A740FC4C081E109124B8A1301279BDFFF873FFF0EFFFF6C518700080021F9235FAB87407553C9F933455B
117A770F9BEE81E109124B6613326E9BDFFF873FFF0EFFFF6C518700080021F9235FAB87407553CAF933455B
117A800F7F9881E105124B2712F5F59BDFFF873FFF0EEFFF6C518700080021F9235FAB87407553CBF933455B
117A780F8FEF81E109124AE5131FC59BDFF4873FFF0EDFFF6C518B00080021F9235FAB87407553CCF933455B
117A6F0FBE1581E109124AAA13A1EE9BDFED874FFF0EDFFF6C618E0007FE21F9235FAB87407553CDF933455B
117A640FBE5B81E10D124A741398BB9BDFF1874FFF0EEFFF6C618F00080021F9235FAB87407553CEF933455B
117A500F62D981E109124A5B1344D49BDFF6874FFF0EEFFF6C618A00080021F9235FAB87407543CFF933455B
117A400F6C9281E10D124A421311DD9BCFEA875FFF0EDFFF6C618400080021F9235FAB87407553D0F933455B
117A240F735481E109124A2D136FD99BBFCE876FFF0EDFFF6C61830007FE21F9235FAB87407553D1F933455B
117A190F270D81E109124A0513A2C79BBFBA876FFF0EDFFF6C618900080021F9235FAB87407553D2F933455B
117A090EFEE981E10D1249E21391D79BBFBD877FFF0EDFFF6C61910007FE21F9235FAB87407553D3F933455B
1179FC0F0C9C81E1091249C1140D5F9BCFD3878FFF0EDFFF6C619300080021F9235FAB87407553D4F933455B
1179E90F2C1881E1101249AC145B7E9BCFDE879FFF0EDFFF6C619000080021F9235FAB87407553D5F933455B
1179D10F46F881E1051249A0145A2C9BDFDA87AFFF0ECFFF6C618C00080021F9235FAB87407553D6F933455B
1179B90F40C681E1101249A814521C9BDFE587AFFF0EDFFF6C718A00080021F9235FAB87407553D7F933455B
1179AD0F553681E10D1249A4145B779C4FE487BFFF0EDFFF6C718B00080021F9235FAB87407543D8F933455B
1179A50F6A8281E1091249A0144A1A9C9FEA87CFFF0EDFFF6C718E00080021F9235FAB87407543D9F933455B
11799D0F7C9B81E1091249A813EC0D9C7FFF87DFFF0EDFFF6C618E00080021F9235FAB87407553DAF933455B
1179990F896481E10D1249B013806C9C4FFF87EFFF0ECFFF6C718E0007FE21F9235FAB87407553DBF933455B
1179910F96BD81E1091249B5133CD29C2FFF87FFFF0ECFFF6C618D00080021F9235FAB87407553DCFA33455B
1179890FA17581E1101249B9130E099C1FFF880FFF0ECFFF6C718E0007FE21F9235FAB87407553DDFA33455B
11798D0FAE2281E1051249BD12D6C69C0FFF881FFF0ECFFF6C718E00080021F9235FAB87407553DEFA33455B
11798D0FC37881E1101249C112AD179BFFEF882FFF0ECFFF6C718D00080021F9235FAB87407553DFFA33455B
11798D0FDE2381E10D1249CB129B6A9BFFDA883FFF0EBFFF6C718D0007FE21F9235FAB87417553E0FA33455B
1179890FEE5481E1091249CE1288C09BEFC4884FFF0EBFFF6C718D0007FE21F9235FAB87407553E1FA33455B
1179890FFE3381E1091249D21268BA9BEFA9886FFF0EBFFF6C719100080021F9235FAB87407553E2FA33455B
11798D10274A81E10D1249D2123CDE9BDF9F887FFF0EBFFF6C719200080021F9235FAB87407553E3FA33455B
1179891065F081E1091249DA11F2779BDFCB888FFF0EBFFF6C719300080021F9235FAB87407553E4FA33455B
11798D109E8181E1101249DE1198679BDFF388AFFF0EBFFF6C71910007FE21F9235FAB87407553E5FA33455B
11798D1098F481E1051249DE112B559BDFFE88BFFF0EBFFF6C718F0007FE21F9235FAB87407553E6FA33455B
11798D1082BD81E1091249E210E3E49BDFF188DFFF0EAFFF6C718E00080021F9235FAB87407553E7FA33455B
11799110AD9C81E10D1249E210C3859BDFE788EFFF0EBFFF6C718F00080021F9235FAB87407553E8FA33455B
117989110A7881E1091249E610ADD49BDFD788FFFF0ECFFF6C718E0007FE21F9235FAB87407553E9FA33455B
11798D115C5E81E1101249E61093FF9BDFB6891FFF0ECFFF6C718F00080021F9235FAB87407553EAFA33455B
11799111892981E10D1249EB10762C9BCFAF893FFF0ECFFF6C71900007FE21F9235FAB87407553EBFA33455B
11798D119D0F81E1091249EF1058279BCFFC894FFF0ECFFF6C719100080021F9235FAB87407553ECFA33455B
11798D11A3D081E10D1249F41045AD9BBFFF895FFF0ECFFF6C719200080021F9235FAB87407553EDFA33455B
117991119FE581E1091249EF103EFA9BCFFF897FFF0ECFFF6C719100080021F9235FAB87407553EEFA33455B
117991119ECB81E1091249F7103D879BCFFF899FFF0ECFFF6C718E00080021F9235FAB87407553EFFA33455B
117991119DF981E10D1249F710384D9BBFFF89AFFF0ECFFF6C718E0007FE21F9235FAB87407553F0FA33455B
11798D11ADC781E1091249FB102DBC9BAFFF89CFFF0ECFFF6C718F00080021F9235FAB87407553F1FA33455B
11799111C03281E1091249FB101F3D9BAFFF89EFFF0ECFFF6C719100080021F9235FAB87407553F2FA33455B
11799111C11481E10D1249FF1014099B9FFF89FFFF0EBFFF6C819200080021F9235FAB87417553F3FA33455B
11799111C02681E1091249FB100B869B9FFF8A1FFF0EBFFF6C819100080021F9235FAB87407553F4FB33455B
11798911C26B81E105124A0410016A9B9FFF8A3FFF0EBFFF6C818C00080021F9235FAB87407553F5FB33455B
11798D11B94881E1101249FF0FF9B99B9FFF8A4FFF0EAFFF6C818A00080021F9235FAB87407553F6FB33455B
11798511B17E81E109124A040FEEDC9B9FFF8A6FFF0EAFFF6C818A0007FE21F9235FAB87407553F7FB33455B
11798911B5A281E105124A040FDEE39B8FFF8A8FFF0EAFFF6C818E00080021F9235FAB87407553F8FB33455B
11798211C54C81E110124A050FCD9B9B8FFF8A9FFF0EAFFF6C81900007FE21F9235FAB87407553F9FB33455B
11798511D08881E109124A040FC0A89B8FFF8ACFFF0E9FFF6C819000080021F9235FAB87407553FAFB33455B
11797D11CFB981E105124A080FC4D59B9FFF8AEFFF0EAFFF6C818C0007FE21F9235FAB87407553FBFB33455B
11797E11C21181E109124A080FD03E9B8FFF8AFFFF0E8FFF6C818900080021F9235FAB87407553FCFB33455B
11797911B60181E105124A080FDCAA9B8FFF8B1FFF0E8FFF6C818900080021F9235FAB87407553FDFB33455B
11797211B32981E110124A0C0FE2099B8FED8B3FFF0E9FFF6C918C0007FE21F9235FAB87407553FEFB33455B
11797111B74C81E101124A080FDDA49B8FD58B5FFF0EAFFF6C918F00080021F9235FAB87407553FFFB33455B
11797111BECA81E10D124A040FDD699BAFCE8B6FFF0EAFFF6C918F0007FE21F9235FAB8740754300FB33455B
11796E11C2FB81E109124A080FD94C9BCFD98B8FFF0EAFFF6C919000080021F9235FAB8740755301FB33455B
11796911C84681E109124A080FD6A49BBFFF8BAFFF0E9FFF6C919000080021F9235FAB8740755302FB33455B
11796611CF5781E105124A040FE0809BBFFF8BCFFF0E9FFF6C919100080021F9235FAB8740755303FB33455B
11796111D19C81E1091249FF0FF6999BAFFF8BEFFF0E9FFF6C91910007FE21F9235FAB8740755304FB33455B
11796111D0C481E10D124A0510023C9B9FFF8BFFFF0E9FFF6C91920007FE21F9235FAB8740755305FB33455B
11795A11CF9E81E1091249F70FFD749B9FFF8C2FFF0E9FFF6C919200080021F9235FAB8740755306FB33455B
11795511D16B81E1091249FB0FF8FF9B7FFF8C3FFF0E9FFF6C919200080021F9235FAB8740755307FB33455B
11795611D7F881E10D1249F30FF52D9B7FFF8C5FFF0E8FFF6C91910007FE21F9235FAB8741755308FB33455B
11794D11DB1281E1091249F30FEEA69B6FFF8C7FFF0E9FFF6CA19100080021F9235FAB8740755309FB33455B
11794911D89781E1091249EF0FE2F29B6FFF8C9FFF0E9FFF6CA19100080021F9235FAB874075530AFB33455B
11794A11D07481E1051249EB0FD8339B7FFF8CAFFF0E9FFF6CA19100080021F9235FAB874075530BFB33455B
11794111C94B81E1101249E20FD2DB9B6FE78CCFFF0E9FFF6CA19100080021F9235FAB874075530CFC33455B
11793D11C1D781E10D1249DE0FC8269B5FE48CEFFF0E9FFF6CA19100080021F9235FAB874075530DFC33455B
11793611BCA681E1091249D60FC4EC9B5FEC8CFFFF0E9FFF6CA19300080021F9235FAB874075530EFC33455B
11793111C76381E1091249D60FC8759B4FF18D1FFF0E8FFF6CA1940007FE21F9235FAB874075530FFC33455B
11792E11D33D81E10D1249CE0FC5879B4FED8D3FFF0E8FFF6CA19400080021F9235FAB8740755310FC33455B
11792211DA5B81E1091249CB0FBADA9B4FE58D5FFF0E8FFF6CA19300080021F9235FAB8740755311FC33455B
11792211E2A381E1101249C50FAE9A9B5FD98D7FFF0E8FFF6CA19300080021F9235FAB8740755312FC33455B
11791711ECDC81E1051249B90F99BB9B5FC68D8FFF0E8FFF6CA19300080021F9235FAB8740755313FC33455B
11791211F4B381E1091249B90F88F79B4FBD8DAFFF0E7FFF6CA19100080021F9235FAB8740755314FC33455B
11790711FB8781E10D1249AC0F86269B4FB68DBFFF0E7FFF6CA18F0007FE21F9235FAB8740755315FC33455B
11790212096881E1091249A80F859C9B4FD58DEFFF0E7FFF6CA18F0007FE21F9235FAB8740755316FC33455B
1178FA1210FB81E1091249A00F80D99B4FE18DFFFF0E7FFF6CA19300080021F9235FAB8740755317FC33455B
1178F3120AA881E1051249930F7BE89B3FF58E1FFF0E7FFF6CA19500080021F9235FAB8740755318FC33455B
1178EE11FCBE81E11012498B0F77129B3FFF8E2FFF0E7FFF6CA1960007FE21F9235FAB8740755319FC33455B
1178E211F43B81E1091249870F6C749B3FFF8E3FFF0E6FFF6CA19500080021F9235FAB874075531AFC33455B
1178DB11FAD181E10D12497A0F5D439B3FFF8E6FFF0E6FFF6CA1940007FE21F9235FAB874075531BFC33455B
1178CE12147481E10912496E0F55FF9B2FFF8E7FFF0E6FFF6CA1940007FE21F9235FAB874075531CFC33455B
1178CE121E2E81E10D12496A0F52839B2FFF8E9FFF0E6FFF6CA1940007FE21F9235FAB874075531DFC33455B
1178C312170081E1091249610F44BA9B2FFF8EBFFF0E6FFF6CA1940007FE21F9235FAB874075531EFC33455B
1178BA12069081E1101249590F29479B2FFD8EDFFF0E6FFF6CA1940007FE21F9235FAB874075531FFC33455B
1178A812010681E10D12494C0F0F069B2FFF8EEFFF0E6FFF6CA1940007FE21F9235FAB8740755320FC33455B
11789A1208FA81E10912494A0EFADF9B2FFD8F0FFF0E6FFF6CA1940007FE21F9235FAB8740755321FC33455B
11789212186681E1091249400EEF649B3FEE8F1FFF0E6FFF6CA1940007FE21F9235FAB8740755322FC33455B
117878121F4081E10D12492F0EF0219B4FEC8F2FFF0F0FFF6CA1940007FE21F9235FAB8740755323FC33455B
11785A12187D81E10912491F0EF83F9B5FF28F4FFF0F4FFF6CA19400080021F9235FAB8740755324FD33455B
11784612103381E10D12490E0EF7CC9B5FE88F6FFF0F1FFF6CA1950007FE21F9235FAB8740755325FD33455B
11783112095581E1091249060EEA9C9B4FE38F7FFF0EFFFF6CA19500080021F9235FAB8740755326FD33455B
11781F1208F981E1091248F90ED7D09B3FE38F9FFF0EEFFF6CA1940007FE21F9235FAB8740755327FD33455B
117803120A4081E10D1248ED0ECAB69B3FE78FAFFF0EEFFF6CA19400080021F9235FAB8741755328FD33455B
1177F5120DCA81E1091248E00EC41B9B3FF58FCFFF0EDFFF6CA19400080021F9235FAB8740755329FD33455B
1177DF1212B081E1101248CB0EC3D69B3FFB8FDFFF0EDFFF6CA1940007FE21F9235FAB874075532AFD33455B
1177C7120E2681E1051248BB0EBE819B3FFB8FFFFF0EEFFF6CA19300080021F9235FAB874075532BFD33455B
1177C211FCBA81E1091248AE0EB3909B3FD7900FFF0EDFFF6CA1940007FE21F9235FAB874075532CFD33455B
1177AF11EFD381E10D12489E0EA6099B3FC3902FFF0ECFFF6CA1930007FE21F9235FAB874075532DFD33455B
1177A711F18F81E1101248890E9D099B1FD3903FFF0ECFFF6CA19400080021F9235FAB874075532EFD33455B
1177A211FABA81E1091248740E96849B1FE2905FFF0ECFFF6CA19300080021F9235FAB874075532FFD33455B
11779312012A81E10D1248630E96E29B1FE9906FFF0ECFFF6CA18B0007FE21F9235FAB8740755330FD33455B
11778F12023E81E10112484A0E9CDB9B2FEF907FFF0ECFFF6CA18400080021F9235FAB8740755331FD33455B
11778611FC3081E1101248360EA6DA9B2FEA909FFF0ECFFF6CA18200080021F9235FAB8740755332FD33455B
11778311FC7281E10512481D0EA9B39B2FF590BFFF0ECFFF6CA18300080021F9235FAB8740755333FD33455B
11777F12060781E11012480C0EA7149B2FFF90CFFF0ECFFF6CA18500080021F9235FAB8740755334FD33455B
11777B120DB881E1051248000EA12F9B1FFF90EFFF0EBFFF6CA18500080021F9235FAB8740754335FD33455B
1177731208AB81E1101247EB0E9AC19B1FFF90FFFF0ECFFF6CA18A00080021F9235FAB8740755336FD33455B
11776F11FD0A81E1011247DA0E979D9B1FFF910FFF0ECFFF6CA1910007FE21F9235FAB8740755337FD33455B
11776B11F3F881E1141247C50E95989B1FFF912FFF0EBFFF6CA19400080021F9235FAB8740755338FD33455B
11776711EADA81E1091247B50E8FF29B2FFF914FFF0EBFFF6CA18F0007FE21F9235FAB8740755339FD33455B
11776711DE9B81E10512479C0E8A1C9B1FFF915FFF0EAFFF6CA1840007FE21F9235FAB874075533AFD33455B
11775F11D51281E11012478B0E84039B1FFF917FFF0EAFFF6CA1800007FE21F9235FAB874175533BFD33455B
11775F11D38E81E1011247720E7FD89B1FFF918FFF0EAFFF6CA18200080021F9235FAB874075533CFE33455B
11775B11DC1E81E10D12475D0E7E4B9B0FFF919FFF0EAFFF6CA18B00080021F9235FAB874075433DFE33455B
11775811E9A581E1101247400E81699B1FFF91BFFF0E9FFF6CA18F0007FE21F9235FAB874075433EFE33455B
11775311ED6581E1091247270E819A9B0FFA91CFFF0EAFFF6CA18F00080021F9235FAB874075533FFE33455B
11774C11E85081E10D1247120E815C9B1FEF91EFFF0EAFFF6CB18C00080021F9235FAB8740755340FE33455B
11775011E2B781E1091246FA0E810D9B0FEA91FFFF0EAFFF6CA18B00080021F9235FAB8740755341FE33455B
11774811D35881E10D1246E10E7E849B0FDF921FFF0EAFFF6CA18B00080021F9235FAB8740755342FE33455B
11774311C32981E1091246CC0E781D9B0FDC922FFF0E9FFF6CA18E0007FE21F9235FAB8740755343FE33455B
11774411BD7C81E1091246BB0E728C9B0FE9924FFF0EAFFF6CB19000080021F9235FAB8740755344FE33455B
11773C11C33B81E10D1246A20E72309B0FFC925FFF0E9FFF6CA19000080021F9235FAB8740755345FE33455B
11773B11CB3C81E1101246810E75839B0FFD926FFF0EAFFF6CB18D00080021F9235FAB8740755346FE33455B
11773411C52081E10912466A0E78389B0FF4928FFF0EBFFF6CB18B00080021F9235FAB8740755347FE33455B
11773011B31981E10D1246570E76899B0FF5929FFF0EBFFF6CB18B00080021F9235FAB8740755348FE33455B
11772F11A54581E1091246470E6EE19B0FFF92BFFF0EAFFF6CB18D0007FE21F9235FAB8740755349FE33455B
11772811A74581E10D1246360E624F9B0FDC92CFFF0EAFFF6CB1900007FE21F9235FAB874075534AFE33455B
11772811B62E81E1101246210E57F19AFFBF92EFFF0EAFFF6CB1900007FE21F9235FAB874075534BFE33455B
11772011C4C781E1091246000E55619AFFC092FFFF0EAFFF6CB18E00080021F9235FAB874075534CFE33455B
11771C11C56B81E1051245E70E58819AFFCD930FFF0E9FFF6CB18C00080021F9235FAB874075534DFE33455B
11771811B89B81E1101245C60E57B99AFFEE932FFF0E9FFF6CB18B00080021F9235FAB874075534EFE33455B
11771411A6A581E1091245AD0E51C19AFFEF934FFF0E9FFF6CB18C0007FE21F9235FAB874075534FFE33455B
11770C119B4A81E10D12459C0E48ED9AFFDD935FFF0E9FFF6CB18D00080021F9235FAB8741755350FE33455B
11770C11988681E1101245830E3FAF9B0FD1936FFF0E8FFF6CB18D0007FE21F9235FAB8740755351FE33455B
11770411A1A481E10512455E0E39069B0FD1938FFF0E8FFF6CB18E0007FE21F9235FAB8740755352FE33455B
11770411AAFF81E1101245420E35979AEFD2939FFF0E8FFF6CC18F00080021F9235FAB8740755353FE33455B
1176FC11A4D181E10912451C0E33DD9AEFD393AFFF0E8FFF6CB1900007FE21F9235FAB8740755354FF33455B
1176F81193B081E10D1244FE0E302C9AFFE793CFFF0E9FFF6CC19000080021F9235FAB8740755355FF33455B
1176F01188BF81E1091244DD0E29A89AFFFF93DFFF0E8FFF6CC18F0007FE21F9235FAB8740755356FF33455B
1176F0118B7B81E1091244BC0E23C09AFFFF93EFFF0E8FFF6CC18F00080021F9235FAB8740755357FF33455B
1176E811990D81E11412449B0E21D19AFFFF93FFFF0E8FFF6CC18E00080021F9235FAB8740755358FF33455B
1176E411A69781E1091244710E23F69AFFFF941FFF0E8FFF6CC18C00080021F9235FAB8740755359FF33455B
1176E011A76E81E10D1244500E28C99AFFFF942FFF0E8FFF6CC18B00080021F9235FAB874075435AFF33455B
1176DC119C5C81E1091244330E2AAF9AFFFF944FFF0E8FFF6CC18B0007FE21F9235FAB874075535BFF33455B
1176D4118EB481E1091244120E2A1D9AEFFF944FFF0E8FFF6CC18D0007FE21F9235FAB874075535CFF33455B
1176D0118F9581E10D1243F90E28D99AEFFF946FFF0E8FFF6CC18E00080021F9235FAB874075535DFF33455B
1176D0118F7E81E1091243E00E26D79ADFFF947FFF0E8FFF6CC18E0007FE21F9235FAB874075535EFF33455B
1176C41185F981E1101243C70E22E69ADFFF948FFF0E8FFF6CC19000080021F9235FAB874075535FFF33455B
1176C41170D781E10D1243B10E1B479ADFFF94AFFF0E8FFF6CD1910007FE21F9235FAB8740755360FF33455B
1176BC11639281E1091243950E12B49ADFFF94BFFF0E8FFF6CD19100080021F9235FAB8740755361FF33455B
1176B41170B581E10512437C0E0BCA9ACFF194CFFF0E8FFF6CD19100080021F9235FAB8740755362FF33455B
1176AC118FD681E10912435B0E0AE19ADFE194DFFF0E8FFF6CD1910007FE21F9235FAB8740755363FF33455B
1176B011AADD81E1101243360E0E0F9ADFDB94EFFF0E7FFF6CD19100080021F9235FAB8740755364FF33455B
1176A911B76081E10D1243170E16349ACFDE950FFF0E8FFF6CD1910007FE21F9235FAB8740755365FF33455B
1176A011C8F481E1091242F30E2B739ABFDE951FFF0E7FFF6CD19200080021F9235FAB8740755366FF33455B
11769C11C62281E1101242E30E41739ABFD6952FFF0E7FFF6CD19200080021F9235FAB8740755367FF33455B
11769811809781E1141242D60E46C59ABFD3953FFF0E7FFF6CD19200080021F9235FAB8740755368FF33455B
11769110FDC981E1091242D20E3E989ACFDA955FFF0E7FFF6CD1930007FE21F9235FAB8740755369FF33455B
11768910317281E1051242E50E2F0F9ACFED956FFF0E8FFF6CD19300080021F9235FAB874075536AFF33455B
1176850FF4EC81E0FA1242E30E22519ABFFF957FFF0E8FFF6CD19400080021F9235FAB874075536BFF33455B
11767510956981E1091242CA0E25C59ABFFF958FFF0E8FFF6CD19500080021F9235FAB874075536C0034455B
117671116F9481E1141242940E48EF9AAFFF959FFF0E7FFF6CD1960007FE21F9235FAB874075536D0034455B
11766911FB1F81E11712424D0E813A9ABFFF95AFFF0E7FFF6CD1940007FE21F9235FAB874075536E0034455B
11766112379881E1091242290EFF5D9ABFFF95BFFF0E7FFF6CD18A00080021F9235FAB874075536F0034455B
11765A125B4B81E10D12423D0F63449ABFFF95CFFF0E7FFF6CD1860007FE21F9235FAB87417553700034455B
11765112814E81E1171242730F4DFA9ACFFF95EFFF0E7FFF6CD18700080021F9235FAB87407553710034455B
11764512BAE681E1051242B90F1BC79ACFFF95FFFF0E7FFF6CD19500080021F9235FAB87407553720034455B
11762D12F64881E1171242E90EEFEE9ACFFF960FFF0E7FFF6CE19C0007FE21F9235FAB87407553730034455B
11760A133CD681E1091243040EDC8F9ABFFF961FFF0E6FFF6CD19C00080021F9235FAB87407553740034455B
1175FD13750481E1051243000EED9F9A9FFF963FFF0E6FFF6CE18C00080021F9235FAB87407543750034455B
1175E913B09581E1101242E70F0A169A8FFF963FFF0E6FFF6CD18200080021F9235FAB87407553760034455B
1175CA13E16781E1091242DA0EF9B69A8FFD964FFF0E6FFF6CD1800007FE21F9235FAB87407553770034455B
1175A7139B6281E1051242E00ED2E39A9FF5965FFF0E7FFF6CD18B00080021F9235FAB87407553780034455B
11757A1316C281E1011242E70EAE8E9AAFF1965FFF0E7FFF6CD1930007FE21F9235FAB87407553790034455B
11754E12D48081E10D1242DA0EB6669ABFE9966FFF0E7FFF6CD19400080021F9235FAB874075537A0034455B
117522136F8381E1091242B90F0AAD9ABFE4967FFF0E7FFF6CD18F0007FE21F9235FAB874075437B0034455B
1174EA14868C81E1101242950F8C469AAFEB967FFF0E6FFF6CD1880007FE21F9235FAB874075537C0034455B
1174BB158B7F81E10D1242900FD2379A9FF4967FFF0E6FFF6CD18700080021F9235FAB874075537D0034455B
1174871632E681E1171242B50FAA199A9FFD967FFF0E6FFF6CD18B00080021F9235FAB874075537E0034455B
117450168AD781E10D1242E30F6F0E9A8FF7968FFF0E6FFF6CD19000080021F9235FAB874075537F0034455B
11742816B35A81E1101243040F4B569A8FEB968FFF0E6FFF6CD19100080021F9235FAB87407553800034455B
1173F416B99481E1101243120F2BED9A9FDE967FFF0E6FFF6CD18F0007FE21F9235FAB87407553810034455B
1173C916AC9C81E1051243190EFFB59A9FDC966FFF0E5FFF6CD18C00080021F9235FAB87407553820034455B
117395168F7D81E1091243140ED5B59ABFE2966FFF0EAFFF6CD18B0007FE21F9235FAB87417553830034455B
11736116734981E1091243080EBCC59AAFEA965FFF0ECFFF6CD18D0007FE21F9235FAB87407553840134455B
117332168A3681E10D1242EF0EBF319AAFE7965FFF0EBFFF6CD1930007FE21F9235FAB87407553850134455B
1172F216B4A481E1091242D40EDFCB9A9FD9965FFF0EAFFF6CD1960007FE21F9235FAB87407553860134455B
11729F16E08381E1051242C10EEF4D9A9FD6963FFF0EAFFF6CE1960007FE21F9235FAB87407553870134455B
1171FC170E8D81E1101242B10EF5379A9FDB963FFF0EAFFF6CE19900080021F9235FAB87407553880134455B
1171511739DB81E1101242B10EFB319A9FE9962FFF0EAFFF6CD19B0007FE21F9235FAB87407553890134455B
1170CA175E5581E10D1242B20EFFF09AAFE7962FFF0EBFFF6CE19A00080021F9235FAB874075538A0134455B
11704F17818181E1091242B90F01519AAFE4961FFF0EBFFF6CE1920007FE21F9235FAB874075538B0134455B
116FF8179F9781E1101242B90F01779A9FFF960FFF0EBFFF6CE18D00080021F9235FAB874075538C0134455B
116FC417A45F81E10D1242B10EFB5C9A9FFF95FFFF0EBFFF6CD18D00080021F9235FAB874075538D0134455B
116F491720D881E1101242B50EEFDC9A9FFF95EFFF0EBFFF6CE19200080021F9235FAB874075538E0134455B
116E8315DE2081E10D1242B20EE1D69A9FFF95DFFF0ECFFF6CE1950007FE21F9235FAB874075538F0134455B
116E2814C24381E1091242A40ED33E9A9FFF95CFFF0EBFFF6CE19500080021F9235FAB87407553900134455B
116E2C14250981E1101242980EC34C9AAFEE95BFFF0EBFFF6CE19500080021F9235FAB87407553910134455B
116E4B14060A81E1051242870EB5D59AAFDE95BFFF0EBFFF6CE19500080021F9235FAB87407553920134455B
116E67140CD181E1101242740EB0179AAFDC95AFFF0EBFFF6CE1950007FE21F9235FAB87407553930134455B
116E73141F0681E1091242550EB5DA9A8FEC959FFF0EBFFF6CE1960007FE21F9235FAB87407553940134455B
116E73142AB881E10D1242410EC2629A8FF4959FFF0EBFFF6CE19600080021F9235FAB87407553950134455B
116E6B142CFA81E1091242280EC9049A8FF4958FFF0EBFFF6CE19600080021F9235FAB87407553960134455B
116E4B14335281E10D1242200EC84C9A7FFF957FFF0EBFFF6CF19300080021F9235FAB87407553970134455B
116E1814528981E11012420F0EC3129A8FFF957FFF0EBFFF6CE18D0007FE21F9235FAB87417553980134455B
116E0814709E81E1091241FA0EC2659A9FF6956FFF0EBFFF6CF18C0007FE21F9235FAB87407553990134455B
116E14143CCC81E10D1241EE0ECAAA9AAFE2955FFF0EAFFF6CF18F0007FE21F9235FAB874075539A0134455B
116E1C13EA4E81E1101241D50ED4C69A9FD9955FFF0EAFFF6CE19500080021F9235FAB874075539B0134455B
116E0C13ACB681E1101241C40ED4DB9A9FD9955FFF0EBFFF6CF1980007FE21F9235FAB874075539C0234455B
116DF413861C81E10D1241B40ECC379A8FDB954FFF0EBFFF6CF1970007FE21F9235FAB874075539D0234455B
116DBD136F1D81E1091241A70EC0E59A8FDD953FFF0EAFFF6CF19700080021F9235FAB874075539E0234455B
116DA51361C481E10D12418E0EBADE9A7FEB953FFF0EBFFF6CF19700080021F9235FAB874075539F0234455B
116D8D1360F981E1091241750EBA209A7FE4953FFF0EBFFF6CF19800080021F9235FAB87407553A00234455B
116D85136D6D81E1091241540EBA709A8FE1952FFF0EBFFF6CF19A00080021F9235FAB87407553A10234455B
116D8113804581E10D12413B0EBB5C9A8FDF952FFF0EBFFF6CF19B0007FE21F9235FAB87407553A20234455B
116D751392AE81E11012411A0EBD6C9A9FDF952FFF0EBFFF6CF19B0007FE21F9235FAB87407553A30234455B
116D7113A17A81E1091241010EC5859A8FDD952FFF0EBFFF6CF19800080021F9235FAB87407553A40234455B
116D6413A67E81E10D1240E80ECFE89A7FD7951FFF0EAFFF6CF19800080021F9235FAB87407553A50234455B
116D61139DDF81E1091240CF0ED8E79A7FE8952FFF0EBFFF6CF19700080021F9235FAB87407553A60234455B
116D55138BB581E1141240BB0EDCFC9A7FED951FFF0EBFFF6CF1980007FE21F9235FAB87407553A70234455B
116D5513763E81E1091240A60EDDB59A7FE3951FFF0EAFFF6CF1980007FE21F9235FAB87407553A80234455B
116D4E1362E281E1091240900EDA7B9A7FE2952FFF0EAFFF6CF19800080021F9235FAB87407553A90234455B
116D4A13549681E10D12407D0ECFFC9A8FE7952FFF0EAFFF6CF1980007FE21F9235FAB87407553AA0234455B
116D46134B7281E1101240600EBFB59A7FE9952FFF0EAFFF6CF19700080021F9235FAB87407553AB0234455B
116D4213479C81E1091240470EB0109A7FEB952FFF0EAFFF6CF1970007FE21F9235FAB87407553AC0234455B
116D42134B0E81E10D12401B0EA5109A7FE7952FFF0EAFFF6D019900080021F9235FAB87407553AD0234455B
116D3C1353DD81E109123FF00EA0F39A7FE4952FFF0E9FFF6CF19B00080021F9235FAB87407553AE0234455B
116D36135E0481E10D123FBE0EA67E9A7FEF953FFF0E9FFF6D019B00080021F9235FAB87407553AF0234455B
116D3213663081E109123F920EB6209A7FFB953FFF0E9FFF6D019B0007FE21F9235FAB87407553B00234455B
116D2A136C1381E110123F6B0EC5909A7FEE953FFF0E9FFF6D01990007FE21F9235FAB87407553B10234455B
116D1E136F4681E10D123F4F0ECB089A8FE0953FFF0E9FFF6CF19900080021F9235FAB87407553B20234455B
116D22136DEA81E109123F390EC5B69A8FFF954FFF0E9FFF6D01970007FE21F9235FAB87407553B30234455B
116D221365F281E117123F290EBD6A9A8FFF954FFF0E9FFF6D01930007FE21F9235FAB87407563B40334455B
116D2A13597881E105123F110EB7A79A8FFF955FFF0E9FFF6D01920007FE21F9235FAB87407553B50334455B
116D24134CDE81E110123EF70EB4FF9A7FFF955FFF0E9FFF6D019200080021F9235FAB87407553B60334455B
116D261341D481E10D123EDA0EB46E9A7FFF955FFF0EAFFF6D01920007FE21F9235FAB87407553B70334455B
116D2613394581E109123EBE0EB4919A6FFF956FFF0EAFFF6D01920007FE21F9235FAB87417553B80334455B
116D2613337781E110123EA80EB7639A5FFF957FFF0EAFFF6D01930007FE21F9235FAB87407553B90334455B
116D26132FC881E10D123E8C0EBD4C9A4FFF957FFF0EAFFF6D01920007FE21F9235FAB87407553BA0334455B
116D22132E5A81E109123E7F0EC2EF9A4FFF958FFF0EAFFF6D01910007FE21F9235FAB87407553BB0334455B
116D22132EFC81E109123E620EC5399A5FFF959FFF0EAFFF6D01920007FE21F9235FAB87407553BC0334455B
116D1E1330D881E114123E510EC9BF9A5FF495AFFF0E9FFF6D019900080021F9235FAB87407553BD0334455B
116D121331F781E110123E410ED18E9A6FE895AFFF0EAFFF6D019D00080021F9235FAB87407553BE0334455B
116D0D13328581E10D123E300ED4F49A6FEA95BFFF0EAFFF6D019D0007FE21F9235FAB87407553BF0334455B
116CFE1332F381E110123E1B0ED3329A6FEA95BFFF0EAFFF6D01990007FE21F9235FAB87407553C00334455B
116CFE13323A81E109123E0F0ED2D19A5FEC95CFFF0E9FFF6D019600080021F9235FAB87407553C10334455B
116CF613305481E10D123DFA0ED5F69A4FE595EFFF0EAFFF6D019600080021F9235FAB87407553C20334455B
116CEE132E0781E110123DEE0EDA449A4FE895EFFF0E9FFF6D01980007FE21F9235FAB87407553C30334455B
116CEA132C1281E10D123DD80EDC4F9A4FEA95FFFF0EAFFF6D019B0007FE21F9235FAB87407553C40334455B
116CE7132B3181E110123DC80ED7909A4FFF960FFF0EAFFF6D019B0007FE21F9235FAB87407553C50334455B
116CE7132D7F81E109123DB70ECB699A5FFF960FFF0EAFFF6D119B0007FE21F9235FAB87407553C60334455B
116CD91333D981E10D123DA70EBC229A5FFF962FFF0EAFFF6D11990007FE21F9235FAB87407553C70334455B
116CD7133C5281E110123D8E0EAF3F9A5FFF963FFF0EAFFF6D11990007FE21F9235FAB87407553C80334455B
116CD71344C581E109123D750EA7719A5FFF963FFF0E9FFF6D119800080021F9235FAB87407553C90334455B
116CD3134D8881E10D123D550EA3CE9A4FFF964FFF0E9FFF6D11960007FE21F9235FAB87407553CA0334455B
116CC313566081E109123D320EA1B19A4FFF965FFF0E9FFF6D11960007FE21F9235FAB87417553CB0334455B
116CBF135E5781E114123D1B0E9DD49A4FFF966FFF0E9FFF6D11950007FE21F9235FAB87407553CC0434455B
116CBB1363A381E109123CFC0E9BCF9A4FFF967FFF0E9FFF6D11950007FE21F9235FAB87407553CD0434455B
116CC11362CA81E109123CE10EA1139A5FFA968FFF0E8FFF6D119500080021F9235FAB87407563CE0434455B
116CCB135B7B81E114123CCA0EA93D9A6FE9969FFF0E8FFF6D11950007FE21F9235FAB87407553CF0434455B
116CCB1350DB81E109123CAF0EAC7F9A5FD996AFFF0E8FFF6D119A0007FE21F9235FAB87407553D00434455B
116CCB13465781E109123C9C0EA9979A5FD296BFFF0E8FFF6D219B00080021F9235FAB87407553D10434455B
116CCF133CFD81E10D123C810EA3619A4FC996CFFF0E8FFF6D219C00080021F9235FAB87407553D20434455B
116CD31335E281E110123C710E9D209A3FE396DFFF0E8FFF6D219B00080021F9235FAB87407553D30434455B
116CCF1331C081E10D123C550E95CC9A4FEF96EFFF0E8FFF6D219B0007FE21F9235FAB87407553D40434455B
116CCF1330A681E110123C3B0E8D109A3FEB96FFFF0E7FFF6D219B00080021F9235FAB87407553D50434455B
116CC91332D481E109123C1B0E86259A4FFE96FFFF0E7FFF6D219C0007FE21F9235FAB87407553D60434455B
116CC713372881E10D123BFD0E864F9A4FFF970FFF0E8FFF6D219D00080021F9235FAB87407553D70434455B
116CBF133C4381E109123BDD0E8E1F9A4FFF972FFF0E7FFF6D219D0007FE21F9235FAB87407553D80434455B
116CBF13400181E110123BBB0E98FB9A4FF6973FFF0E7FFF6D219600080021F9235FAB87407553D90434455B
116CBB13415881E10D123BA70E9EF89A4FE5974FFF0E8FFF6D21900007FE21F9235FAB87407553DA0434455B
116CB3133F7E81E110123B8A0EA2169A4FF7975FFF0E8FFF6D218F0007FE21F9235FAB87407553DB0434455B
116CBB133AD881E105123B740EA32A9A3FFF976FFF0E7FFF6D21930007FE21F9235FAB87407553DC0434455B
116CBD1335B281E110123B600EA18F9A4FF9977FFF0E8FFF6D21970007FE21F9235FAB87407553DD0434455B
116CBB13313681E110123B470E9F579A4FFE978FFF0E7FFF6D31970007FE21F9235FAB87407553DE0434455B
116CBF132D0681E10D123B320E9E969A4FFF979FFF0E7FFF6D31980007FE21F9235FAB87407553DF0434455B
116CBF13297A81E109123B150E9E939A5FFF97AFFF0E7FFF6D319A0007FE21F9235FAB87417553E00434455B
116CBF13276381E110123AFC0E9DB29A5FFF97BFFF0E7FFF6D319A0007FE21F9235FAB87407553E10434455B
116CBB1326E381E10D123ADB0E9D349A5FFF97DFFF0E7FFF6D319B00080021F9235FAB87407553E20434455B
116CB713287C81E101123AC60E9D0D9A5FFF97EFFF0E7FFF6D319B00080021F9235FAB87407553E30434455B
116CB5132BFA81E11B123AAA0E9D429A3FF797FFFF0E7FFF6D319B00080021F9235FAB87407553E40534455B
116CB3132F3781E109123A880E9BAF9A3FD3980FFF0E7FFF6D319900080021F9235FAB87407553E50534455B
116CAF13308081E110123A6C0E9BF19A2FC2981FFF0E7FFF6D31940007FE21F9235FAB87407553E60534455B
116CAF132FEC81E10D123A490EAC889A2FCF982FFF0E6FFF6D319200080021F9235FAB87407553E70534455B
116CAB132DFC81E110123A2C0EE7779A2FDB983FFF0E6FFF6D31930007FE21F9235FAB87407553E80534455B
116CAB132B7681E109123A0C0F3F3A9A2FDB984FFF0E7FFF6D319600080021F9235FAB87407543E90534455B
116CA313285981E10D1239F60F5C4C9A1FE6985FFF0E7FFF6D419800080021F9235FAB87407553EA0534455B
116CA71326A781E1091239E30F26589A1FDD986FFF0E7FFF6D419800080021F9235FAB87407553EB0534455B
116CA1132F3A81E1141239D5094F0C9A1FD7987FFF0E7FFF6D419900080021F9235FAB87407553EC0534455B
116C9B135B7681E1101239B8020D029A1FD7988FFF0E7FFF6D419B00080021F9235FAB87407543ED0534455B
116C9B13E55F81E1011239A1073EE89A2FED989FFF0E7FFF6D419A00080021F9235FAB87407553EE0534455B
116C9314159481E10D12397A0D23519A2FEE98BFFF0E7FFF6D419B0007FE21F9235FAB87407543EF0534455B
116C9313FABA81E11012393E09E2FB9A1FE898BFFF0E6FFF6D419B00080021F9235FAB87407553F00534455B
116C9313D2AA81E1171238F0072F339A1FF298DFFF0E6FFF6D419B0007FE21F9235FAB87407553F10534455B
116C8713B80A81E1051238BA08720A9A0FF898EFFF0E6FFF6D419800080021F9235FAB87407553F20534455B
116C8913A8B481E1091238AD0ED63A9A0FF398FFFF0EDFFF6D419600080021F9235FAB87407543F30534455B
116C8713965381E10D12389910518E99FFEA990FFF0F7FFF6D419500080021F9235FAB87407553F40534455B
116C7F13817881E11012387410AD359A0FFC992FFF0F8FFF6D419900080021F9235FAB87407553F50534455B
116C7F13726281E11012383E0DD48E9A1FFF993FFF0F6FFF6D419D00080021F9235FAB87407553F60534455B
116C7C136F1F81E10D1238080FD7FF9A2FEE994FFF0F4FFF6D419E0007FE21F9235FAB87407553F70534455B
116C741377D081E1091237E7102ECF9A2FD9995FFF0F4FFF6D419A00080021F9235FAB87407553F80534455B
116C7113811781E10D1237C20FA0059A1FDA996FFF0F4FFF6D419500080021F9235FAB87407553F90534455B
116C7013855281E1101237830F6E969A0FE0997FFF0F4FFF6D519300080021F9235FAB87407553FA0534455B
116C6813859081E1091237380F69FF99FFE7998FFF0F4FFF6D419500080021F9235FAB87407553FB0534455B
116C641384A181E1141236E70F62709A0FFF999FFF0F4FFF6D519800080021F9235FAB87407543FC0634455B
116C60137E0981E1091236AB0F713099FFFF99AFFF0F2FFF6D419A00080021F9235FAB87407553FD0634455B
116C60136E5981E1101236750FE8739A0FFF99CFFF0F3FFF6D41990007FE21F9235FAB87407553FE0634455B
116C58135E5081E10D12364810AE1D9A0FFF99DFFF0F2FFF6D519800080021F9235FAB87407553FF0634455B
116C5513547A81E11012362010EDE69A1FFF99DFFF0F2FFF6D519700080021F9235FAB87417553000634455B
116C581350DF81E10D1235FD10B09B9A1FFF99FFFF0F1FFF6D51970007FE21F9235FAB87407553010634455B
116C4813506781E1101235E410A4F99A0FFF99FFFF0F1FFF6D519700080021F9235FAB87407553020634455B
116C4C13526081E1091235BF11486299FFF89A0FFF0F0FFF6D51960007FE21F9235FAB87407553030634455B
116C4013582C81E114123590120AAF99FFFF9A1FFF0EFFFF6D519600080021F9235FAB87407553040634455B
116C3C13618081E109123570124B2E99FFFF9A2FFF0EEFFF6D519100080021F9235FAB87407553050634455B
116C351367D081E10912354F1275E09A0FFF9A2FFF0EEFFF6D518E00080021F9235FAB87407553060634455B
116C2C13670181E11412353A12ACE79A1FF49A3FFF0EDFFF6D518E00080021F9235FAB87407553070634455B
116C2813619481E11012351C1276D99A1FFA9A4FFF0EDFFF6D519300080021F9235FAB87407553080634455B
116C24135CC781E10512350011AAE69A1FFF9A5FFF0ECFFF6D519600080021F9235FAB87407553090634455B
116C20135A9C81E1101234E710AD8C99FFFF9A5FFF0ECFFF6D519600080021F9235FAB874075530A0634455B
116C1C1359DA81E1101234C60FF84799EFFF9A6FFF0ECFFF6D51950007FE21F9235FAB874075530B0634455B
116C19135A1181E10D12349C0FAEBA99DFFF9A7FFF0EDFFF6D51950007FE21F9235FAB874075530C0634455B
116C12135CB081E1091234630FCF8799DFFF9A7FFF0EDFFF6D51950007FE21F9235FAB874075530D0634455B
116C0D1362AB81E10912342C10C7DF99DFFF9A8FFF0ECFFF6D519700080021F9235FAB874075530E0634455B
116C0913680B81E10D12340311E0F299FFFF9A9FFF0ECFFF6D519A0007FE21F9235FAB874075430F0634455B
116C0113691D81E1101233DE1270379A0FFF9A9FFF0ECFFF6D519B00080021F9235FAB87407553100634455B
116C011364BD81E10D1233C912B19C99FFFF9AAFFF0ECFFF6D519A0007FE21F9235FAB87407553110634455B
116BF9135DD781E1101233B012891199FFFF9ABFFF0ECFFF6D51990007FE21F9235FAB87407553120634455B
116BF213570A81E1091233A511EB3C99EFFF9ABFFF0EDFFF6D61980007FE21F9235FAB87417553130634455B
116BED13524181E10D12338B11239999DFFF9ACFFF0ECFFF6D51990007FE21F9235FAB87407553140734455B
116BE9134FCF81E1101233721083C799CFFF9ADFFF0EBFFF6D61990007FE21F9235FAB87407553150734455B
116BE11350D481E10912334C104F2699DFFF9ADFFF0EBFFF6D61990007FE21F9235FAB87407553160734455B
116BDD13544181E10D123327108B6A99EFFF9AEFFF0ECFFF6D61980007FE21F9235FAB87407553170734455B
116BD513585C81E11012330211009B99FFFF9AFFFF0EBFFF6D61910007FE21F9235FAB87407553180734455B
116BD21359C081E1051232E11181A29A0FFF9AFFFF0EBFFF6D618F00080021F9235FAB87407553190734455B
116BC913564C81E1101232C01247AF9A0FFF9B0FFF0EBFFF6D618F0007FE21F9235FAB874075531A0734455B
116BC1134F0C81E1101232AA12E48199FFFF9B1FFF0EBFFF6D619100080021F9235FAB874075431B0734455B
116BB913469C81E10D12329612F20299EFFF9B2FFF0ECFFF6D619200080021F9235FAB874075531C0734455B
116BB9133E7081E110123286130C8F99DFF29B2FFF0EDFFF6D619200080021F9235FAB874075531D0734455B
116BAE1337CD81E110123279133F8399DFE89B3FFF0EDFFF6D619500080021F9235FAB874075531E0734455B
116BA61333D281E1051232691355AC99EFF19B4FFF0EDFFF6D61970007FE21F9235FAB874075431F0734455B
116B9E1332C781E1101232581341B999FFFC9B5FFF0EDFFF6D619700080021F9235FAB87407553200734455B
116B9213351E81E10D12324C1321E099EFFF9B5FFF0EDFFF6D619700080021F9235FAB87407553210734455B
116B8A133A5281E11012323B13795C99FFFF9B6FFF0EDFFF6D619800080021F9235FAB87407553220734455B
116B821340D381E1091232261404C899DFF79B6FFF0EEFFF6D61980007FE21F9235FAB87407553230734455B
116B761346FD81E10D123216141F9D99DFED9B7FFF0EEFFF6D619900080021F9235FAB87407553240734455B
116B66134B2081E110123201139F5299CFE69B8FFF0EEFFF6D619900080021F9235FAB87407553250734455B
116B6A134BE281E1101231F912E7E599BFE49B9FFF0EDFFF6D619900080021F9235FAB87407553260734455B
116B5A134A0881E10D1231E81258FA99BFE79BAFFF0EDFFF6D619600080021F9235FAB87407553270734455B
116B5213470A81E1091231CB123DE099DFD89BBFFF0EDFFF6D619200080021F9235FAB87407553280734455B
116B4E13451081E10D1231AE125DEA99DFD99BCFFF0ECFFF6D61910007FE21F9235FAB87417553290734455B
116B4713456B81E110123191124E7099DFED9BDFFF0EBFFF6D71930007FE21F9235FAB874075532A0734455B
116B3F13480F81E10912316C12182699CFEF9BDFFF0EBFFF6D719600080021F9235FAB874075532B0734455B
116B37134E2281E10D12315711BBB899CFE89BEFFF0EBFFF6D71970007FE21F9235FAB874075532C0834455B
116B2F13569281E1091231361141E199CFE79BFFFF0EBFFF6D719600080021F9235FAB874075432D0834455B
116B23135E5C81E11712311511119899CFE99BFFFF0EBFFF6D719500080021F9235FAB874075632E0834455B
116B1F1361F581E1051230F0118DCB99CFED9C0FFF0EAFFF6D71940007FE21F9235FAB874075532F0834455B
116B131360D481E1101230C611F76999CFE99C1FFF0EAFFF6D719400080021F9235FAB87407553300834455B
116B0F135C5381E1051230A511955B99DFEE9C1FFF0EAFFF6D719300080021F9235FAB87407553310834455B
116B0313554781E11012308C10CBBB99DFED9C3FFF0E9FFF6D719300080021F9235FAB87407553320834455B
116AFF134C8B81E11012306F1046D099EFE89C3FFF0E9FFF6D719400080021F9235FAB87407553330834455B
116AF313442481E10D12304A0FF82199DFC99C5FFF0E9FFF6D719B00080021F9235FAB87407553340834455B
116AEC133D6381E1091230250FD66599DFB39C5FFF0E9FFF6D719F0007FE21F9235FAB87407553350834455B
116AE01338EC81E10D122FFB0FD16D99DFBB9C6FFF0E8FFF6D719F00080021F9235FAB87407553360834455B
116ADB13365581E110122FD610234199DFC99C6FFF0E8FFF6D719B0007FE21F9235FAB87407553370834455B
116AD013344E81E109122FB110F6CB99CFD79C8FFF0E8FFF6D71980007FE21F9235FAB87407553380834455B
116AC813320D81E10D122F941223ED99CFDA9C9FFF0E9FFF6D719700080021F9235FAB87407553390834455B
116ABC132F8B81E110122F7713105799DFE09CAFFF0E9FFF6D819900080021F9235FAB874075533A0834455B
116AB4132D1081E109122F6F1349AF99CFE59CAFFF0E9FFF6D819B0007FE21F9235FAB874075533B0834455B
116AA7132AA881E10D122F62135D9399CFED9CBFFF0E9FFF6D719B00080021F9235FAB874075533C0834455B
116A9C1328A181E110122F561379E799CFFF9CCFFF0E9FFF6D819A00080021F9235FAB874075533D0834455B
116A9413278781E10D122F521338C799BFF39CDFFF0E9FFF6D819800080021F9235FAB874075533E0834455B
116A8113283B81E110122F4512C6E599AFDF9CEFFF0E9FFF6D819800080021F9235FAB874075533F0834455B
116A7C132B5E81E109122F39128AA699AFD89CFFFF0E9FFF6D81990007FE21F9225FAB87417553400834455B
116A71132F5681E114122F2412D9C299AFFF9CFFFF0E9FFF6D819A0007FE21F9225FAB87407553410834455B
116A651332BC81E109122F1813966099BFFF9D0FFF0E9FFF6D819B00080021F9225FAB87407553420834455B
116A5D13343881E110122F03140F4D99BFFF9D1FFF0E8FFF6D819A0007FE21F9225FAB87407553430834455B
116A4D1332FB81E10D122EEE141B1399AFFF9D3FFF0E8FFF6D819A00080021F9225FAB87407553440934455B
116A44132FC281E109122EEA13EECD99AFFF9D4FFF0E7FFF6D819A00080021F9225FAB87407553450934455B
116A39132C7A81E114122EDE1388AE99AFFF9D4FFF0E7FFF6D819A00080021F9225FAB87407553460934455B
116A35132AC781E109122ED2134FB7999FFF9D5FFF0E7FFF6D819B0007FE21F9225FAB87407553470934455B
116A26132BF881E109122EC1135D7099AFFF9D6FFF0E7FFF6D819B00080021F9225FAB87407553480934455B
116A1813318381E10D122EB0134905999FF19D6FFF0E7FFF6D819B00080021F9225FAB87407553490934455B
116A12133C6F81E110122E93131735999FFF9D8FFF0E7FFF6D819A00080021F9225FAB874075534A0934455B
116A0A1348D581E109122E83132DF9999FFF9D8FFF0E7FFF6D819A00080021F9225FAB874075534B0934455B
1169FA13524081E10D122E62136E3C999FFF9D9FFF0E6FFF6D819900080021F9225FAB874075534C0934455B
1169EC13561A81E109122E5113CD4E999FFF9DAFFF0E6FFF6D819700080021F9225FAB874075534D0934455B
1169E613531081E114122E34141BF2998FFF9DBFFF0E6FFF6D819500080021F9225FAB874075534E0934455B
1169D6134BA181E109122E2813EDC4998FD39DCFFF0E6FFF6D91950007FE21F9225FAB874075534F0934455B
1169CF1342D781E110122E1313501D997FAA9DCFFF0E6FFF6D919800080021F9225FAB87407553500934455B
1169C4133A6E81E10D122E0B12E30E997FAF9DDFFF0E5FFF6D919A00080021F9225FAB87407553510934455B
1169BB13338381E109122DEE12E984997FC49DDFFF0E6FFF6D919B00080021F9225FAB87407553520934455B
1169AF132ED381E110122DD5133792997FD99DFFFF0E6FFF6D919800080021F9225FAB87407553530934455B
1169A3132CFF81E105122DBC138BCC998FDF9E0FFF0E6FFF6D919500080021F9225FAB87407553540934455B
116999132E1981E110122D9B13DC72998FE99E1FFF0E6FFF6D919500080021F9225FAB87407553550934455B
11698F13305881E10D122D87144127998FEF9E2FFF0E5FFF6D919400080021F9225FAB87407553560934455B
1169831331A781E110122D75149AAC997FF29E2FFF0E5FFF6D91920007FE21F9225FAB87407553570934455B
11697513315D81E109122D5D14BC06996FFB9E3FFF0E5FFF6D919200080021F9225FAB87417553580934455B
116968132F8581E10D122D5113F069997FF49E4FFF0E5FFF6D91960007FE21F9225FAB87407553590934455B
11695C132BF581E110122D4512C357996FF19E5FFF0E5FFF6D919D0007FE21F9225FAB874075535A0934455B
1169541327A981E109122D301260F7996FF69E5FFF0E5FFF6D919E0007FE21F9225FAB874075535B0934455B
1169491323E181E10D122D0F1332A2996FFF9E6FFF0E5FFF6D919D0007FE21F9225FAB874075535C0A34455B
11693C13214381E110122CEE148C66996FFF9E7FFF0E5FFF6D919A00080021F9225FAB874075535D0A34455B
11692C13207781E10D122CCD155BC1997FFF9E8FFF0E5FFF6D919A0007FE21F9225FAB874075535E0A34455B
11692513216C81E109122CB6157D5B996FFF9E9FFF0E5FFF6D919B00080021F9225FAB874075535F0A34455B
1169191324BD81E110122CAC153E8B997FFF9E9FFF0E4FFF6D919D00080021F9225FAB87407553600A34455B
1169091329D581E10D122CA314D893996FFF9EAFFF0E5FFF6D919D00080021F9225FAB87407553610A34455B
116901132F0D81E110122C8F147787996FFF9EBFFF0E5FFF6D919E00080021F9225FAB87407553620A34455B
1168F21332A881E109122C7A14445C996FFF9ECFFF0E4FFF6D919C0007FE21F9225FAB87407553630A34455B
1168E51334A281E10D122C6114593B996FFF9ECFFF0E4FFF6D919B00080021F9225FAB87407553640A34455B
1168D913357381E110122C38142B91996FFF9EDFFF0E5FFF6D919B0007FE21F9225FAB87407553650A34455B
1168CA13353481E10D122C18139976997FFF9EEFFF0E4FFF6D919C00080021F9225FAB87407553660A34455B
1168BE13341081E109122BF6131C26996FFA9EFFFF0E4FFF6D919B0007FE21F9225FAB87407553670A34455B
1168B21331DF81E110122BD113523A996FFC9EFFFF0E4FFF6D919C00080021F9225FAB87407553680A34455B
1168AE132F0581E105122BAB140298996FFF9F0FFF0E4FFF6D919C00080021F9225FAB87407553690A34455B
116896132C7381E110122B7E149502995FFF9F0FFF0E5FFF6DA19D0007FE21F9225FAB874075536A0A34455B
1168921329D781E110122B5514C44F995FFF9F1FFF0E4FFF6D919D0007FE21F9225FAB874075536B0A34455B
11688213274481E105122B3C148707996FFF9F2FFF0E4FFF6D919D0007FE21F9225FAB874075536C0A34455B
11687613254C81E110122B17142129996FFF9F3FFF0E4FFF6D919D00080021F9225FAB874075536D0A34455B
11686B1324BF81E10D122AFE14067E997FFF9F4FFF0E4FFF6D919D00080021F9225FAB874075436E0A34455B
11685F13259C81E109122ADD144115996FF79F4FFF0E4FFF6D919D00080021F9225FAB874075536F0A34455B
11684F1326AC81E110122AB314DF0B996FEE9F5FFF0E4FFF6DA19C0007FE21F9225FAB87407553700A34455B
1168431325F481E10D122A8A159A72996FE89F5FFF0E4FFF6DA19C00080021F9225FAB87417553710A34455B
1168371322F481E109122A691617D3996FE39F6FFF0E3FFF6D919C00080021F9225FAB87407553720A34455B
116827131F4681E10D122A4C16228A996FE49F7FFF0E4FFF6D919C0007FE21F9225FAB87407553730A34455B
11681B131BF281E110122A4015E7E9996FE59F8FFF0E4FFF6D919B00080021F9225FAB87407553740B34455B
11681013195B81E110122A2A15C1FB995FE69F9FFF0E3FFF6D919B00080021F9225FAB87407553750B34455B
11680713178B81E105122A1315CE1C995FEA9F9FFF0E3FFF6D919B00080021F9225FAB87407553760B34455B
1167F813168981E1101229FA15DCD8995FEC9FAFFF0E3FFF6D919B0007FE21F9225FAB87407553770B34455B
1167EC1316A981E1101229DD15E76B994FED9FAFFF0E3FFF6D919B00080021F9225FAB87407553780B34455B
1167DB1317E381E10D1229BA1611D1994FEC9FBFFF0E3FFF6D919D00080021F9225FAB87407553790B34455B
1167D41319FC81E10912299F166A66995FE29FCFFF0E3FFF6D919D0007FE21F9225FAB874075537A0B34455B
1167C4131BC981E10D12298216CD9C995FEB9FCFFF0E2FFF6D919D0007FE21F9225FAB874075437B0B34455B
1167B8131CB081E11012296316EBC1995FF79FDFFF0E3FFF6DA19C00080021F9225FAB874075537C0B34455B
1167A9131CEE81E10912294C169E1A996FFA9FEFFF0E2FFF6D919C0007FE21F9225FAB874075537D0B34455B
116799131CEB81E10D12293C164369995FF49FEFFF0E2FFF6D919C0007FE21F9225FAB874075537E0B34455B
11678C131CA381E11012291F163600996FEE9FFFFF0E2FFF6D919C0007FE21F9225FAB874075537F0B34455B
116781131CCE81E109122903164BE5995FE8A00FFF0E2FFF6D919C00080021F9225FAB87407553800B34455B
116779131DAB81E1141228DD165E40995FE8A01FFF0E2FFF6D919C0007FE21F9225FAB87407553810B34455B
116764131EB181E1091228B8166CFB996FEDA02FFF0E2FFF6D919B0007FE21F9225FAB87407553820B34455B
11675A131FF081E10D12289316769B995FEBA02FFF0E2FFF6D919B00080021F9225FAB87407553830B34455B
11674C13222381E109122872165C5E995FEAA03FFF0E1FFF6DA19B00080021F9225FAB87407553840B34455B
11673E13256181E11012284D162AF6995FE7A03FFF0E1FFF6D919D0007FE21F9225FAB87407553850B34455B
11672E1328DC81E105122827161A88996FEAA04FFF0E2FFF6D919F00080021F9225FAB87407553860B34455B
116721132CF281E110122802166261996FE9A05FFF0E1FFF6D919F0007FE21F9225FAB87407553870B34455B
116713132F8B81E1101227D516B40B995FE4A05FFF0E2FFF6D919D0007FE21F9225FAB87407553880B34455B
1166FF132F5481E0FE1227B316B9C4995FE3A06FFF0E1FFF6D919B0007FE21F9225FAB87417553890B34455B
1166F9132D7181E11712278B16AFC5995FFBA07FFF0E1FFF6D919B0007FE21F9225FAB874075538A0B34455B
1166E3132A6981E10D12276E16DE47995FFFA08FFF0E1FFF6D919B0007FE21F9225FAB874075538B0B34455B
1166D513269981E11012274C1721BF995FFFA08FFF0E1FFF6D919C00080021F9225FAB874075538C0C34455B
1166CB13228481E109122728173138995FFCA09FFF0E1FFF6D919C00080021F9225FAB874075438D0C34455B
1166BC131EF681E10D12270F170A7D995FEFA09FFF0E1FFF6D919C0007FE21F9225FAB874075538E0C34455B
1166A9131C3381E1101226FD16EAC4995FEBA0AFFF0E1FFF6D919B00080021F9225FAB874075538F0C34455B
11669C131A5781E1091226E216DC21995FFFA0BFFF0E1FFF6D919B00080021F9225FAB87407553900C34455B
11669013194C81E10D1226C516E77D995FFFA0BFFF0E1FFF6D919B00080021F9225FAB87407553910C34455B
1166821318D681E1101226AA173085996FFFA0CFFF0E1FFF6D919A00080021F9225FAB87407553920C34455B
11667113187281E10D12268F177A15996FEEA0DFFF0E1FFF6D919900080021F9225FAB87407553930C34455B
11666A1317B181E110122674179279996FE7A0DFFF0E0FFF6D919900080021F9225FAB87407553940C34455B
1166591316C281E109122666178E75996FE2A0EFFF0E0FFF6D91980007FE21F9225FAB87407553950C34455B
11664913160481E11412265A176E22996FE8A0FFFF0E1FFF6D919700080021F9225FAB87407553960C34455B
11663A1315D781E10912264F1740FB995FF3A0FFFF0E0FFF6D919700080021F9225FAB87407553970C34455B
11662D13165F81E11012264516FFE4995FE3A10FFF0E0FFF6D91990007FE21F9225FAB87407563980C34455B
11661E1317C881E10D1226361697C0996FE5A10FFF0E0FFF6D819A0007FE21F9225FAB87407553990C34455B
11660E13196581E109122624167923996FF3A11FFF0E0FFF6D919B0007FE21F9225FAB874075539A0C34455B
116603131A4F81E11412260816C310996FEBA12FFF0E0FFF6D919A0007FE21F9225FAB874075539B0C34455B
1165F2131A3981E1091225EA171744995FD7A12FFF0E0FFF6D919900080021F9225FAB874075539C0C34455B
1165DE1319FF81E1101225CE173CDE995FCDA13FFF0DFFFF6D919900080021F9225FAB874075539D0C34455B
1165D3131A9681E10D1225BA16F7C3995FCEA13FFF0DFFFF6D91990007FE21F9225FAB874075539E0C34455B
1165C7131D4681E1101225AD168735995FD7A15FFF0E5FFF6D919A00080021F9225FAB874075539F0C34455B
1165B313217E81E10912259D1661C0995FE7A15FFF0EFFFF6D919A0007FE21F9225FAB87407553A00C34455B
1165A713258681E10D12257B1673E5995FE3A15FFF0F1FFF6D91990007FE21F9225FAB87417553A10C34455B
11659313282381E11012255F16B0D1995FDDA16FFF0EFFFF6D919800080021F9225FAB87407553A20C34455B
11658713296D81E10D12253D16E8B0995FDEA17FFF0EEFFF6D91980007FE21F9225FAB87407553A30C34455B
1165741328BF81E10912251C170AEF995FE8A17FFF0EDFFF6D91980007FE21F9225FAB87407553A40D34455B
1165601326C081E110122504171F78995FEEA18FFF0ECFFF6D919900080021F9225FAB87407553A50D34455B
11654C13241481E10D1224F3170CE5995FEFA18FFF0EAFFF6D91990007FE21F9225FAB87407553A60D34455B
11654013214681E1091224DA16E029994FF6A19FFF0EAFFF6D919800080021F9225FAB87407553A70D34455B
116529131EAC81E1101224C616DF08994FFFA19FFF0EAFFF6D919700080021F9225FAB87407553A80D34455B
116520131C7F81E10D1224AD1705BC992FFFA1AFFF0EBFFF6D91970009A621F9225FAB87407553A90D34455B
11650D131AB981E1101224901737B3993FFFA1BFFF0EBFFF6D9196000D0021F9225FAB87407553AA0D34455B
