#fields: DAQ.lowering,DAQ.type,EIC.time,EIC.lat,EIC.lon,EIC.x,EIC.y,DAQ.g,DAQ.p,DAQ.r,DAQ.a,EIC.depth,DAQ.da,MAG.src,MAG.x,MAG.y,MAG.z,MAG.m,CTD.src,CTD.tp,CTD.c,CTD.dp,CTD.s,CTD.svel,CTD.p,DAQ.cruiseid,DAQ.etype,DAQ.evt
J2-1369,EVT,2021/08/22 20:39:05,44.5266864,-125.3810446,2189.86,2766.72,0.00,0.0,0.0,0.00,0.00,0,JAS2,0.0,115072.4,-102929.8,154389.8,,,,,,,,TN393,DLG,Biology Type: 
J2-1369,EVT,2021/08/22 20:39:19,44.5266864,-125.3810446,2189.86,2766.72,0.00,0.0,0.0,0.00,0.00,0,JAS2,0.0,115072.4,-102929.8,154389.8,,,,,,,,TN393,DLG,Biology Type: test type Clams
J2-1369,EVT,2021/08/22 20:43:57,44.5266864,-125.3810446,2189.86,2766.72,0.00,0.0,0.0,0.00,0.00,0,JAS2,0.0,115072.4,-102929.8,154389.8,,,,,,,,TN393,DLG,Geologic Formations: 
J2-1369,EVT,2021/08/22 20:44:07,44.5266864,-125.3810446,2189.86,2766.72,0.00,0.0,0.0,0.00,0.00,0,JAS2,0.0,115072.4,-102929.8,154389.8,,,,,,,,TN393,DLG,Biology Type: 
J2-1369,EVT,2021/08/22 20:44:43,44.5266864,-125.3810446,2189.86,2766.72,0.00,0.0,0.0,0.00,0.00,0,JAS2,0.0,115072.4,-102929.8,154389.8,,,,,,,,TN393,DLG,Geologic Formations: 
J2-1369,EVT,2021/08/22 20:46:25,44.5266864,-125.3810446,2189.86,2766.72,0.00,0.0,0.0,0.00,0.00,0,JAS2,0.0,115072.4,-102929.8,154389.8,,,,,,,,TN393,DLG,Sample: 
J2-1369,EVT,2021/08/23 00:54:22,44.5017960,-125.4085550,1.97,0.87,104.53,-0.8,2.2,0.00,1.03,1.03,JAS2,0.0,92302.6,-112238.8,145318.0,,,,,,,,TN393,DLG,TXT: test 
J2-1369,EVT,2021/08/23 01:03:49,44.52653776,-125.38075510,-19945139.410790,2750.199292,109.09,-2.0,1.3,0.00,1.27,1.27,JAS2,0.0,91181.9,-113138.9,145308.4,,,,,,,,TN393,DLG,WATCH_CHANGE: new_watchstander Trina Litchendorf
J2-1369,EVT,2021/08/23 01:14:58,44.52653776,-125.38075510,-19945139.410790,2750.199292,118.84,-0.4,0.2,0.00,1.33,1.33,JAS2,0.0,152342.9,-149516.3,213456.1,,,,,,,,TN393,DLG,VEHICLE: milestone Jason off deck
J2-1369,EVT,2021/08/23 01:17:50,44.52653776,-125.38075510,-19945139.410790,2750.199292,269.04,-8.7,-3.4,0.00,3.23,3.23,JAS2,0.0,134461.3,116054.9,177619.2,,,,,,,,TN393,DLG,VEHICLE: milestone Jason in water
J2-1369,EVT,2021/08/23 01:22:29,44.52653776,-125.38075510,-19945139.410790,2750.199292,282.98,-1.7,4.8,0.00,8.87,8.87,JAS2,0.0,185799.0,148370.7,237771.2,,,,,,,,TN393,DLG,ROV Actions: . actions First Football on
J2-1369,EVT,2021/08/23 01:27:20,44.52653776,-125.38075510,-19945139.410790,2750.199292,281.47,-2.6,2.8,0.00,32.66,32.66,JAS2,0.0,183042.1,145645.7,233916.8,,,,,,,,TN393,DLG,ROV Actions: actions Last Football on
J2-1369,ASNAP,2021/08/23 01:30:14,44.52653776,-125.38075510,-19945139.410790,2750.199292,271.66,-5.5,1.5,0.00,103.65,103.65,JAS2,0.0,193629.1,137805.0,237660.4,,,,,,,,TN393,,
J2-1369,ASNAP,2021/08/23 01:30:44,44.52653776,-125.38075510,-19945139.410790,2750.199292,281.58,-3.5,2.0,0.00,107.33,107.33,JAS2,0.0,179006.2,143118.3,229185.7,,,,,,,,TN393,,
J2-1369,ASNAP,2021/08/23 01:31:14,44.52653776,-125.38075510,-19945139.410790,2750.199292,281.65,-4.2,0.1,0.00,124.82,124.82,JAS2,0.0,174742.3,127483.1,216302.7,,,,,,,,TN393,,
J2-1369,ASNAP,2021/08/23 01:31:44,44.52653776,-125.38075510,-19945139.410790,2750.199292,282.04,-4.9,2.3,0.00,123.94,123.94,JAS2,0.0,170200.3,144626.4,223349.4,,,,,,,,TN393,,
J2-1369,ASNAP,2021/08/23 01:32:14,44.52653776,-125.38075510,-19945139.410790,2750.199292,282.08,-4.7,2.2,0.00,124.51,124.51,JAS2,0.0,171025.7,144193.5,223699.7,,,,,,,,TN393,,
J2-1369,EVT,2021/08/23 01:32:43,44.52653776,-125.38075510,-19945139.410790,2750.199292,282.04,-4.7,1.9,0.00,124.64,124.64,JAS2,0.0,171783.1,142664.4,223299.3,,,,,,,,TN393,DLG,ROV Actions: actions Transponder on
J2-1369,ASNAP,2021/08/23 01:32:44,44.52653776,-125.38075510,-19945139.410790,2750.199292,282.07,-4.7,2.0,0.00,124.63,124.63,JAS2,0.0,170916.0,143492.9,223164.8,,,,,,,,TN393,,
J2-1369,ASNAP,2021/08/23 01:33:14,44.52653776,-125.38075510,-19945139.410790,2750.199292,280.82,-5.5,2.2,0.00,124.78,124.78,JAS2,0.0,169692.0,143720.3,222375.6,,,,,,,,TN393,,
J2-1369,ASNAP,2021/08/23 01:33:44,44.52653776,-125.38075510,-19945139.410790,2750.199292,281.79,-4.5,2.1,0.00,124.67,124.67,JAS2,0.0,172815.8,143897.1,224881.5,,,,,,,,TN393,,
J2-1369,ASNAP,2021/08/23 01:34:14,44.52653776,-125.38075510,-19945139.410790,2750.199292,282.18,-4.7,2.2,0.00,124.71,124.71,JAS2,0.0,171147.7,144371.1,223907.5,,,,,,,,TN393,,
J2-1369,ASNAP,2021/08/23 01:34:44,44.52653776,-125.38075510,-19945139.410790,2750.199292,281.51,-4.2,2.3,0.00,128.00,128,JAS2,0.0,175422.2,144575.5,227321.4,,,,,,,,TN393,,
J2-1369,ASNAP,2021/08/23 01:35:14,44.52653776,-125.38075510,-19945139.410790,2750.199292,281.98,-4.2,2.1,0.00,144.50,144.5,JAS2,0.0,174011.2,143541.1,225574.7,,,,,,,,TN393,,
J2-1369,ASNAP,2021/08/23 01:35:44,44.52653776,-125.38075510,-19945139.410790,2750.199292,282.00,-4.7,2.1,0.00,144.07,144.07,JAS2,0.0,171904.1,143242.8,223762.2,,,,,,,,TN393,,
J2-1369,ASNAP,2021/08/23 01:36:14,44.52653776,-125.38075510,-19945139.410790,2750.199292,280.34,-5.3,1.7,0.00,144.27,144.27,JAS2,0.0,171970.0,141339.5,222599.5,,,,,,,,TN393,,
J2-1369,ASNAP,2021/08/23 01:36:44,44.52653776,-125.38075510,-19945139.410790,2750.199292,281.41,-3.7,2.4,0.00,146.70,146.7,JAS2,0.0,178234.5,145677.7,230194.6,,,,,,,,TN393,,
J2-1369,ASNAP,2021/08/23 01:37:14,44.52653776,-125.38075510,-19945139.410790,2750.199292,281.80,-3.8,2.3,0.00,158.77,158.77,JAS2,0.0,177223.3,144863.0,228896.1,,,,,,,,TN393,,
J2-1369,ASNAP,2021/08/23 01:37:44,44.52653776,-125.38075510,-19945139.410790,2750.199292,281.25,-3.1,2.9,0.00,175.00,175,JAS2,0.0,181383.6,147757.5,233949.4,,,,,,,,TN393,,
J2-1369,ASNAP,2021/08/23 01:38:14,44.52653776,-125.38075510,-19945139.410790,2750.199292,281.57,-3.6,2.4,0.00,190.56,190.56,JAS2,0.0,178444.9,145430.4,230201.2,,,,,,,,TN393,,
J2-1369,ASNAP,2021/08/23 01:38:44,44.52653776,-125.38075510,-19945139.410790,2750.199292,281.82,-4.0,2.3,0.00,205.37,205.37,JAS2,0.0,175064.6,144904.2,227255.0,,,,,,,,TN393,,
J2-1369,ASNAP,2021/08/23 01:39:14,44.52653776,-125.38075510,-19945139.410790,2750.199292,281.39,-4.1,2.7,0.00,218.81,218.81,JAS2,0.0,176532.1,146887.3,229650.7,,,,,,,,TN393,,
J2-1369,ASNAP,2021/08/23 01:39:44,44.52653776,-125.38075510,-19945139.410790,2750.199292,281.72,-4.1,1.9,0.00,232.26,232.26,JAS2,0.0,175355.1,142440.2,225917.3,,,,,,,,TN393,,
J2-1369,ASNAP,2021/08/23 01:40:14,44.52653776,-125.38075510,-19945139.410790,2750.199292,281.32,-3.9,2.2,0.00,245.74,245.74,JAS2,0.0,177647.8,144396.3,228930.2,,,,,,,,TN393,,
J2-1369,ASNAP,2021/08/23 01:40:44,44.52653776,-125.38075510,-19945139.410790,2750.199292,281.72,-3.8,2.5,0.00,259.45,259.45,JAS2,0.0,176908.3,146104.5,229440.8,,,,,,,,TN393,,
J2-1369,ASNAP,2021/08/23 01:41:14,44.52653776,-125.38075510,-19945139.410790,2750.199292,281.67,-3.9,2.0,0.00,273.21,273.21,JAS2,0.0,176780.7,142819.8,227264.0,,,,,,,,TN393,,
J2-1369,ASNAP,2021/08/23 01:41:44,44.52653776,-125.38075510,-19945139.410790,2750.199292,281.16,-3.9,2.4,0.00,286.90,286.9,JAS2,0.0,177536.7,145385.1,229469.2,,,,,,,,TN393,,
J2-1369,ASNAP,2021/08/23 01:42:14,44.52653776,-125.38075510,-19945139.410790,2750.199292,281.62,-3.7,2.3,0.00,300.92,300.92,JAS2,0.0,177989.9,144962.5,229552.9,,,,,,,,TN393,,
J2-1369,ASNAP,2021/08/23 01:42:44,44.52653776,-125.38075510,-19945139.410790,2750.199292,281.75,-3.8,2.1,0.00,315.40,315.4,JAS2,0.0,177209.1,143875.0,228261.0,,,,,,,,TN393,,
J2-1369,ASNAP,2021/08/23 01:43:14,44.52653776,-125.38075510,-19945139.410790,2750.199292,281.33,-3.8,2.5,0.00,330.12,330.12,JAS2,0.0,178167.4,145701.8,230157.9,,,,,,,,TN393,,
J2-1369,ASNAP,2021/08/23 01:43:44,44.52653776,-125.38075510,-19945139.410790,2750.199292,281.80,-3.9,2.0,0.00,344.73,344.73,JAS2,0.0,176159.7,143299.7,227083.8,,,,,,,,TN393,,
J2-1369,ASNAP,2021/08/23 01:44:14,44.52653776,-125.38075510,-19945139.410790,2750.199292,281.29,-3.7,2.5,0.00,359.37,359.37,JAS2,0.0,178265.3,145617.5,230180.3,,,,,,,,TN393,,
J2-1369,ASNAP,2021/08/23 01:44:44,44.52653776,-125.38075510,-19945139.410790,2750.199292,281.60,-4.0,2.1,0.00,373.76,373.76,JAS2,0.0,176223.1,143665.5,227363.9,,,,,,,,TN393,,
J2-1369,ASNAP,2021/08/23 01:45:14,44.52653776,-125.38075510,-19945139.410790,2750.199292,281.41,-4.4,2.5,0.00,387.59,387.59,JAS2,0.0,174653.1,146039.7,227664.9,,,,,,,,TN393,,
J2-1369,ASNAP,2021/08/23 01:45:44,44.52653776,-125.38075510,-19945139.410790,2750.199292,281.46,-4.4,2.2,0.00,400.99,400.99,JAS2,0.0,174631.5,144439.5,226625.1,,,,,,,,TN393,,
J2-1369,ASNAP,2021/08/23 01:46:14,44.52653776,-125.38075510,-19945139.410790,2750.199292,281.58,-3.9,2.2,0.00,415.10,415.1,JAS2,0.0,176812.1,144209.3,228164.1,,,,,,,,TN393,,
J2-1369,ASNAP,2021/08/23 01:46:44,44.52653776,-125.38075510,-19945139.410790,2750.199292,281.60,-3.6,2.4,0.00,429.53,429.53,JAS2,0.0,178181.6,145286.8,229906.4,,,,,,,,TN393,,
J2-1369,ASNAP,2021/08/23 01:47:14,44.52653776,-125.38075510,-19945139.410790,2750.199292,281.63,-3.6,2.1,0.00,444.17,444.17,JAS2,0.0,178224.5,144018.5,229140.4,,,,,,,,TN393,,
J2-1369,ASNAP,2021/08/23 01:47:44,44.52653776,-125.38075510,-19945139.410790,2750.199292,281.40,-3.7,2.4,0.00,458.59,458.59,JAS2,0.0,178317.3,145092.5,229888.9,,,,,,,,TN393,,
J2-1369,ASNAP,2021/08/23 01:48:14,44.52653776,-125.38075510,-19945139.410790,2750.199292,281.59,-3.6,2.6,0.00,473.09,473.09,JAS2,0.0,178437.5,145747.7,230396.0,,,,,,,,TN393,,
J2-1369,ASNAP,2021/08/23 01:48:44,44.52653776,-125.38075510,-19945139.410790,2750.199292,281.37,-3.7,2.3,0.00,487.70,487.7,JAS2,0.0,178544.4,144746.1,229846.8,,,,,,,,TN393,,
J2-1369,ASNAP,2021/08/23 01:49:14,44.52653776,-125.38075510,-19945139.410790,2750.199292,281.59,-3.6,2.2,0.00,502.04,502.04,JAS2,0.0,178980.5,143642.6,229493.4,,,,,,,,TN393,,
J2-1369,ASNAP,2021/08/23 01:49:44,44.52653776,-125.38075510,-19945139.410790,2750.199292,281.58,-3.7,2.4,0.00,516.48,516.48,JAS2,0.0,177933.7,145108.1,229601.3,,,,,,,,TN393,,
J2-1369,ASNAP,2021/08/23 01:50:14,44.52653776,-125.38075510,-19945139.410790,2750.199292,281.74,-3.8,2.3,0.00,530.51,530.51,JAS2,0.0,177512.0,144610.5,228960.1,,,,,,,,TN393,,
J2-1369,ASNAP,2021/08/23 01:50:44,44.52653776,-125.38075510,-19945139.410790,2750.199292,281.44,-3.7,2.4,0.00,544.76,544.76,JAS2,0.0,178414.6,144703.7,229719.3,,,,,,,,TN393,,
J2-1369,ASNAP,2021/08/23 01:51:14,44.52653776,-125.38075510,-19945139.410790,2750.199292,281.49,-3.7,2.2,0.00,559.02,559.02,JAS2,0.0,178448.5,144189.5,229422.1,,,,,,,,TN393,,
J2-1369,ASNAP,2021/08/23 01:51:44,44.52653776,-125.38075510,-19945139.410790,2750.199292,281.67,-3.6,2.4,0.00,573.16,573.16,JAS2,0.0,178345.7,145444.1,230132.9,,,,,,,,TN393,,
J2-1369,ASNAP,2021/08/23 01:52:14,44.52653776,-125.38075510,-19945139.410790,2750.199292,281.48,-3.9,2.3,0.00,587.37,587.37,JAS2,0.0,177201.9,144832.5,228860.2,,,,,,,,TN393,,
J2-1369,ASNAP,2021/08/23 01:52:44,44.52653776,-125.38075510,-19945139.410790,2750.199292,281.65,-4.3,2.4,0.00,601.80,601.8,JAS2,0.0,174862.8,145234.5,227310.5,,,,,,,,TN393,,
J2-1369,ASNAP,2021/08/23 01:53:14,44.52653776,-125.38075510,-19945139.410790,2750.199292,281.17,-4.4,2.2,0.00,616.13,616.13,JAS2,0.0,175116.7,144312.7,226918.5,,,,,,,,TN393,,
J2-1369,ASNAP,2021/08/23 01:53:44,44.52653776,-125.38075510,-19945139.410790,2750.199292,281.52,-4.4,2.1,0.00,630.17,630.17,JAS2,0.0,174592.5,143835.1,226210.3,,,,,,,,TN393,,
J2-1369,ASNAP,2021/08/23 01:54:14,44.52653776,-125.38075510,-19945139.410790,2750.199292,281.21,-4.1,2.7,0.00,643.89,643.89,JAS2,0.0,177122.5,146910.3,230119.6,,,,,,,,TN393,,
J2-1369,ASNAP,2021/08/23 01:54:44,44.52653776,-125.38075510,-19945139.410790,2750.199292,281.74,-3.8,2.1,0.00,657.87,657.87,JAS2,0.0,177859.6,143752.7,228689.5,,,,,,,,TN393,,
J2-1369,ASNAP,2021/08/23 01:55:14,44.52653776,-125.38075510,-19945139.410790,2750.199292,281.50,-3.7,2.2,0.00,672.24,672.24,JAS2,0.0,178358.6,144388.2,229477.1,,,,,,,,TN393,,
J2-1369,ASNAP,2021/08/23 01:55:44,44.52653776,-125.38075510,-19945139.410790,2750.199292,281.46,-3.6,2.3,0.00,686.73,686.73,JAS2,0.0,179037.8,144318.4,229961.6,,,,,,,,TN393,,
J2-1369,ASNAP,2021/08/23 01:56:14,44.52653776,-125.38075510,-19945139.410790,2750.199292,281.28,-2.8,2.5,0.00,701.56,701.56,JAS2,0.0,184112.8,146099.9,235037.7,,,,,,,,TN393,,
J2-1369,ASNAP,2021/08/23 01:56:44,44.52653776,-125.38075510,-19945139.410790,2750.199292,282.46,-2.6,2.3,0.00,719.53,719.53,JAS2,0.0,182024.3,145119.1,232792.6,,,,,,,,TN393,,
J2-1369,ASNAP,2021/08/23 01:57:14,44.52653776,-125.38075510,-19945139.410790,2750.199292,213.62,-4.3,1.3,0.00,734.71,734.71,JAS2,0.0,296426.8,44505.3,299749.2,,,,,,,,TN393,,
J2-1369,ASNAP,2021/08/23 01:57:44,44.52653776,-125.38075510,-19945139.410790,2750.199292,150.77,-4.3,1.2,0.00,749.91,749.91,JAS2,0.0,262797.3,-91311.7,278209.1,,,,,,,,TN393,,
J2-1369,ASNAP,2021/08/23 01:58:14,44.52653776,-125.38075510,-19945139.410790,2750.199292,286.59,-4.1,2.5,0.00,763.54,763.54,JAS2,0.0,164669.5,145754.4,219910.0,,,,,,,,TN393,,
J2-1369,ASNAP,2021/08/23 01:58:44,44.52653776,-125.38075510,-19945139.410790,2750.199292,285.73,-4.1,2.4,0.00,779.69,779.69,JAS2,0.0,166820.3,145364.2,221268.5,,,,,,,,TN393,,
J2-1369,ASNAP,2021/08/23 01:59:14,44.52653776,-125.38075510,-19945139.410790,2750.199292,285.76,-4.0,2.4,0.00,794.28,794.28,JAS2,0.0,167587.9,145723.7,222083.6,,,,,,,,TN393,,
J2-1369,ASNAP,2021/08/23 01:59:44,44.52653776,-125.38075510,-19945139.410790,2750.199292,285.49,-3.7,2.5,0.00,809.11,809.11,JAS2,0.0,169626.1,146590.9,224191.7,,,,,,,,TN393,,
J2-1369,ASNAP,2021/08/23 02:00:14,44.52653776,-125.38075510,-19945139.410790,2750.199292,285.76,-3.7,2.4,0.00,824.00,824,JAS2,0.0,168719.8,146058.4,223157.9,,,,,,,,TN393,,
J2-1369,ASNAP,2021/08/23 02:00:44,44.52653776,-125.38075510,-19945139.410790,2750.199292,285.41,-3.6,2.3,0.00,838.97,838.97,JAS2,0.0,170447.0,145128.9,223862.8,,,,,,,,TN393,,
J2-1369,ASNAP,2021/08/23 02:01:14,44.52653776,-125.38075510,-19945139.410790,2750.199292,285.82,-3.7,2.5,0.00,853.80,853.8,JAS2,0.0,168705.6,146650.3,223535.0,,,,,,,,TN393,,
J2-1369,ASNAP,2021/08/23 02:01:44,44.52653776,-125.38075510,-19945139.410790,2750.199292,285.74,-3.7,2.3,0.00,868.80,868.8,JAS2,0.0,169171.6,145071.6,222856.0,,,,,,,,TN393,,
J2-1369,ASNAP,2021/08/23 02:02:14,44.52653776,-125.38075510,-19945139.410790,2750.199292,285.76,-3.7,2.4,0.00,883.86,883.86,JAS2,0.0,169057.8,146235.2,223529.1,,,,,,,,TN393,,
J2-1369,ASNAP,2021/08/23 02:02:44,44.52653776,-125.38075510,-19945139.410790,2750.199292,285.69,-3.6,2.4,0.00,898.91,898.91,JAS2,0.0,169460.0,145750.4,223517.1,,,,,,,,TN393,,
J2-1369,ASNAP,2021/08/23 02:03:14,44.52653776,-125.38075510,-19945139.410790,2750.199292,285.70,-3.5,2.4,0.00,913.80,913.8,JAS2,0.0,170272.5,145538.8,223996.2,,,,,,,,TN393,,
J2-1369,ASNAP,2021/08/23 02:03:44,44.52653776,-125.38075510,-19945139.410790,2750.199292,285.60,-3.7,2.5,0.00,928.56,928.56,JAS2,0.0,169452.1,146262.3,223845.2,,,,,,,,TN393,,
J2-1369,ASNAP,2021/08/23 02:04:14,44.52653776,-125.38075510,-19945139.410790,2750.199292,16.22,-5.4,2.0,0.00,936.04,936.04,JAS2,0.0,22477.6,5975.0,23258.2,,,,,,,,TN393,,
J2-1369,ASNAP,2021/08/23 02:04:44,44.52653776,-125.38075510,-19945139.410790,2750.199292,347.12,-3.6,2.2,0.00,945.05,945.05,JAS2,0.0,49333.0,73137.4,88220.3,,,,,,,,TN393,,
J2-1369,ASNAP,2021/08/23 02:05:14,44.52653776,-125.38075510,-19945139.410790,2750.199292,346.39,-2.6,2.1,0.00,958.29,958.29,JAS2,0.0,55497.7,73745.2,92294.9,,,,,,,,TN393,,
J2-1369,ASNAP,2021/08/23 02:05:44,44.52653776,-125.38075510,-19945139.410790,2750.199292,346.28,-2.3,2.2,0.00,974.93,974.93,JAS2,0.0,56908.9,74384.1,93656.9,,,,,,,,TN393,,
J2-1369,ASNAP,2021/08/23 02:06:14,44.52653776,-125.38075510,-19945139.410790,2750.199292,347.09,-3.0,2.8,0.00,990.98,990.98,JAS2,0.0,52601.0,76399.9,92756.7,,,,,,,,TN393,,
J2-1369,ASNAP,2021/08/23 02:06:44,44.52653776,-125.38075510,-19945139.410790,2750.199292,347.29,-3.4,2.6,0.00,1005.39,1005.39,JAS2,0.0,50076.8,74657.5,89896.8,,,,,,,,TN393,,
J2-1369,ASNAP,2021/08/23 02:07:14,44.52653776,-125.38075510,-19945139.410790,2750.199292,347.13,-3.1,2.5,0.00,1019.46,1019.46,JAS2,0.0,51936.1,74483.8,90803.1,,,,,,,,TN393,,
J2-1369,ASNAP,2021/08/23 02:07:44,44.52653776,-125.38075510,-19945139.410790,2750.199292,346.92,-2.8,2.2,0.00,1033.35,1033.35,JAS2,0.0,53765.1,73720.3,91243.5,,,,,,,,TN393,,
J2-1369,ASNAP,2021/08/23 02:08:14,44.52653776,-125.38075510,-19945139.410790,2750.199292,346.50,-3.0,2.2,0.00,1047.12,1047.12,JAS2,0.0,52905.6,74353.7,91255.0,,,,,,,,TN393,,
J2-1369,ASNAP,2021/08/23 02:08:44,44.52653776,-125.38075510,-19945139.410790,2750.199292,346.49,-2.5,2.4,0.00,1061.07,1061.07,JAS2,0.0,55780.4,75257.2,93675.5,,,,,,,,TN393,,
J2-1369,ASNAP,2021/08/23 02:09:14,44.52653776,-125.38075510,-19945139.410790,2750.199292,346.48,-3.0,2.4,0.00,1075.15,1075.15,JAS2,0.0,53155.8,75653.7,92461.0,,,,,,,,TN393,,
J2-1369,ASNAP,2021/08/23 02:09:44,44.52653776,-125.38075510,-19945139.410790,2750.199292,356.61,-4.1,2.6,0.00,1088.97,1088.97,JAS2,0.0,37514.7,55258.6,66789.7,,,,,,,,TN393,,
J2-1369,ASNAP,2021/08/23 02:10:14,44.52653776,-125.38075510,-19945139.410790,2750.199292,356.36,-3.6,2.5,0.00,1104.35,1104.35,JAS2,0.0,39953.5,54871.7,67876.2,,,,,,,,TN393,,
J2-1369,ASNAP,2021/08/23 02:10:44,44.52653776,-125.38075510,-19945139.410790,2750.199292,356.47,-3.4,2.4,0.00,1119.74,1119.74,JAS2,0.0,41249.4,53591.9,67628.5,,,,,,,,TN393,,
J2-1369,ASNAP,2021/08/23 02:11:14,44.52653776,-125.38075510,-19945139.410790,2750.199292,356.20,-3.3,2.4,0.00,1135.32,1135.32,JAS2,0.0,41938.4,54672.5,68905.1,,,,,,,,TN393,,
J2-1369,ASNAP,2021/08/23 02:11:44,44.52653776,-125.38075510,-19945139.410790,2750.199292,356.51,-3.4,2.4,0.00,1150.77,1150.77,JAS2,0.0,41412.7,53669.0,67789.2,,,,,,,,TN393,,
J2-1369,ASNAP,2021/08/23 02:12:14,44.52653776,-125.38075510,-19945139.410790,2750.199292,356.13,-3.6,2.4,0.00,1166.24,1166.24,JAS2,0.0,40837.5,54635.8,68211.3,,,,,,,,TN393,,
J2-1369,ASNAP,2021/08/23 02:12:44,44.52653776,-125.38075510,-19945139.410790,2750.199292,356.31,-3.3,2.4,0.00,1181.88,1181.88,JAS2,0.0,42104.1,54492.9,68863.9,,,,,,,,TN393,,
J2-1369,ASNAP,2021/08/23 02:13:14,44.52653776,-125.38075510,-19945139.410790,2750.199292,356.48,-3.4,2.4,0.00,1197.20,1197.2,JAS2,0.0,41270.6,53975.0,67945.3,,,,,,,,TN393,,
J2-1369,ASNAP,2021/08/23 02:13:44,44.52653776,-125.38075510,-19945139.410790,2750.199292,356.55,-3.4,2.3,0.00,1212.38,1212.38,JAS2,0.0,41338.5,53305.0,67455.9,,,,,,,,TN393,,
J2-1369,ASNAP,2021/08/23 02:14:14,44.52653776,-125.38075510,-19945139.410790,2750.199292,356.13,-3.3,2.6,0.00,1227.74,1227.74,JAS2,0.0,42092.7,55792.2,69889.6,,,,,,,,TN393,,
J2-1369,ASNAP,2021/08/23 02:14:44,44.52653776,-125.38075510,-19945139.410790,2750.199292,356.32,-3.5,2.3,0.00,1243.19,1243.19,JAS2,0.0,40960.1,53821.9,67635.3,,,,,,,,TN393,,
J2-1369,ASNAP,2021/08/23 02:15:14,44.52653776,-125.38075510,-19945139.410790,2750.199292,356.58,-3.5,2.5,0.00,1258.31,1258.31,JAS2,0.0,40632.8,54342.3,67853.6,,,,,,,,TN393,,
J2-1369,ASNAP,2021/08/23 02:15:44,44.52653776,-125.38075510,-19945139.410790,2750.199292,356.37,-3.4,2.4,0.00,1273.52,1273.52,JAS2,0.0,41372.9,53904.4,67951.4,,,,,,,,TN393,,
J2-1369,ASNAP,2021/08/23 02:16:14,44.52653776,-125.38075510,-19945139.410790,2750.199292,354.56,-5.6,2.6,0.00,1283.46,1283.46,JAS2,0.0,31850.7,59704.5,67669.0,,,,,,,,TN393,,
J2-1369,ASNAP,2021/08/23 02:16:44,44.52653776,-125.38075510,-19945139.410790,2750.199292,244.48,-4.2,2.6,0.00,1289.41,1289.41,JAS2,0.0,256728.3,114281.1,281015.3,,,,,,,,TN393,,
J2-1369,ASNAP,2021/08/23 02:17:14,44.52653776,-125.38075510,-19945139.410790,2750.199292,255.51,-2.8,1.9,0.00,1302.63,1302.63,JAS2,0.0,242643.7,125851.0,273339.5,,,,,,,,TN393,,
J2-1369,ASNAP,2021/08/23 02:17:44,44.52653776,-125.38075510,-19945139.410790,2750.199292,257.09,-4.1,2.0,0.00,1316.28,1316.28,JAS2,0.0,232687.7,127713.7,265432.4,,,,,,,,TN393,,
J2-1369,ASNAP,2021/08/23 02:18:14,44.52653776,-125.38075510,-19945139.410790,2750.199292,256.53,-3.7,2.8,0.00,1331.53,1331.53,JAS2,0.0,235560.1,131797.3,269924.3,,,,,,,,TN393,,
J2-1369,ASNAP,2021/08/23 02:18:44,44.52653776,-125.38075510,-19945139.410790,2750.199292,256.51,-3.2,2.8,0.00,1349.73,1349.73,JAS2,0.0,238399.7,131904.1,272457.5,,,,,,,,TN393,,
J2-1369,ASNAP,2021/08/23 02:19:14,44.52653776,-125.38075510,-19945139.410790,2750.199292,256.88,-3.1,2.1,0.00,1368.16,1368.16,JAS2,0.0,237953.8,128546.3,270455.5,,,,,,,,TN393,,
J2-1369,ASNAP,2021/08/23 02:19:44,44.52653776,-125.38075510,-19945139.410790,2750.199292,256.67,-2.9,2.3,0.00,1386.46,1386.46,JAS2,0.0,239385.9,129433.6,272137.2,,,,,,,,TN393,,
J2-1369,ASNAP,2021/08/23 02:20:14,44.52653776,-125.38075510,-19945139.410790,2750.199292,249.86,-3.0,2.1,0.00,1404.64,1404.64,JAS2,0.0,252541.3,120349.3,279751.8,,,,,,,,TN393,,
J2-1369,ASNAP,2021/08/23 02:20:44,44.52653776,-125.38075510,-19945139.410790,2750.199292,308.92,-5.6,2.0,0.00,1421.66,1421.66,JAS2,0.0,103768.1,132386.6,168208.3,,,,,,,,TN393,,
J2-1369,ASNAP,2021/08/23 02:21:14,44.52653776,-125.38075510,-19945139.410790,2750.199292,171.67,-5.8,1.3,0.00,1428.39,1428.39,JAS2,0.0,281710.7,-49730.8,286066.6,,,,,,,,TN393,,
J2-1369,ASNAP,2021/08/23 02:21:44,44.52653776,-125.38075510,-19945139.410790,2750.199292,272.66,-3.8,2.5,0.00,1441.16,1441.16,JAS2,0.0,199389.0,143756.3,245808.6,,,,,,,,TN393,,
J2-1369,ASNAP,2021/08/23 02:22:14,44.52653776,-125.38075510,-19945139.410790,2750.199292,272.33,-3.8,2.5,0.00,1456.96,1456.96,JAS2,0.0,200762.7,143597.3,246831.6,,,,,,,,TN393,,
J2-1369,ASNAP,2021/08/23 02:22:44,44.52653776,-125.38075510,-19945139.410790,2750.199292,272.67,-3.8,2.5,0.00,1471.92,1471.92,JAS2,0.0,199673.3,143475.5,245875.3,,,,,,,,TN393,,
J2-1369,ASNAP,2021/08/23 02:23:14,44.52653776,-125.38075510,-19945139.410790,2750.199292,272.66,-3.9,2.1,0.00,1486.87,1486.87,JAS2,0.0,198967.3,141043.7,243887.9,,,,,,,,TN393,,
J2-1369,ASNAP,2021/08/23 02:23:44,44.52653776,-125.38075510,-19945139.410790,2750.199292,272.16,-4.5,2.6,0.00,1501.86,1501.86,JAS2,0.0,197012.9,144185.1,244138.2,,,,,,,,TN393,,
J2-1369,ASNAP,2021/08/23 02:24:14,44.52653776,-125.38075510,-19945139.410790,2750.199292,272.75,-4.4,2.3,0.00,1516.10,1516.1,JAS2,0.0,196228.0,142279.5,242381.7,,,,,,,,TN393,,
J2-1369,ASNAP,2021/08/23 02:24:44,44.52653776,-125.38075510,-19945139.410790,2750.199292,272.86,-4.4,2.5,0.00,1530.16,1530.16,JAS2,0.0,196061.7,143909.1,243207.8,,,,,,,,TN393,,
J2-1369,ASNAP,2021/08/23 02:25:14,44.52653776,-125.38075510,-19945139.410790,2750.199292,272.86,-4.0,2.3,0.00,1544.94,1544.94,JAS2,0.0,198147.7,143037.3,244381.2,,,,,,,,TN393,,
J2-1369,ASNAP,2021/08/23 02:25:44,44.52653776,-125.38075510,-19945139.410790,2750.199292,272.73,-3.2,2.2,0.00,1559.75,1559.75,JAS2,0.0,202284.8,142405.6,247383.3,,,,,,,,TN393,,
J2-1369,ASNAP,2021/08/23 02:26:14,44.52653776,-125.38075510,-19945139.410790,2750.199292,272.73,-3.3,2.2,0.00,1575.03,1575.03,JAS2,0.0,202011.3,141819.9,246822.7,,,,,,,,TN393,,
J2-1369,ASNAP,2021/08/23 02:26:44,44.52653776,-125.38075510,-19945139.410790,2750.199292,272.70,-3.3,2.3,0.00,1590.28,1590.28,JAS2,0.0,202162.4,142685.7,247444.6,,,,,,,,TN393,,
J2-1369,ASNAP,2021/08/23 02:27:14,44.52653776,-125.38075510,-19945139.410790,2750.199292,272.63,-3.3,2.2,0.00,1605.46,1605.46,JAS2,0.0,202372.7,142264.9,247374.2,,,,,,,,TN393,,
J2-1369,ASNAP,2021/08/23 02:27:44,44.52653776,-125.38075510,-19945139.410790,2750.199292,272.83,-3.4,2.2,0.00,1620.68,1620.68,JAS2,0.0,201225.8,142252.9,246429.9,,,,,,,,TN393,,
J2-1369,ASNAP,2021/08/23 02:28:14,44.52653776,-125.38075510,-19945139.410790,2750.199292,272.69,-3.3,2.1,0.00,1635.90,1635.9,JAS2,0.0,201936.5,141801.7,246751.1,,,,,,,,TN393,,
J2-1369,ASNAP,2021/08/23 02:28:44,44.52653776,-125.38075510,-19945139.410790,2750.199292,272.79,-3.8,2.1,0.00,1650.97,1650.97,JAS2,0.0,198935.8,141814.6,244308.9,,,,,,,,TN393,,
J2-1369,ASNAP,2021/08/23 02:29:14,44.52653776,-125.38075510,-19945139.410790,2750.199292,272.97,-4.0,2.2,0.00,1666.06,1666.06,JAS2,0.0,197708.8,142205.3,243538.7,,,,,,,,TN393,,
J2-1369,ASNAP,2021/08/23 02:29:44,44.52653776,-125.38075510,-19945139.410790,2750.199292,272.36,-4.2,2.7,0.00,1680.34,1680.34,JAS2,0.0,198133.0,144710.8,245352.6,,,,,,,,TN393,,
J2-1369,ASNAP,2021/08/23 02:30:14,44.52653776,-125.38075510,-19945139.410790,2750.199292,272.50,-3.9,2.4,0.00,1694.64,1694.64,JAS2,0.0,199414.7,142926.4,245345.1,,,,,,,,TN393,,
J2-1369,ASNAP,2021/08/23 02:30:44,44.52653776,-125.38075510,-19945139.410790,2750.199292,272.88,-4.2,2.1,0.00,1708.92,1708.92,JAS2,0.0,197103.5,141562.3,242672.0,,,,,,,,TN393,,
J2-1369,ASNAP,2021/08/23 02:31:14,44.52653776,-125.38075510,-19945139.410790,2750.199292,272.52,-4.8,2.3,0.00,1722.39,1722.39,JAS2,0.0,194501.4,142262.9,240976.2,,,,,,,,TN393,,
J2-1369,ASNAP,2021/08/23 02:31:44,44.52653776,-125.38075510,-19945139.410790,2750.199292,272.71,-4.1,2.3,0.00,1735.77,1735.77,JAS2,0.0,198034.3,142467.1,243955.8,,,,,,,,TN393,,
J2-1369,ASNAP,2021/08/23 02:32:14,44.52653776,-125.38075510,-19945139.410790,2750.199292,272.48,-4.1,2.3,0.00,1750.69,1750.69,JAS2,0.0,198327.1,142540.1,244236.3,,,,,,,,TN393,,
J2-1369,ASNAP,2021/08/23 02:32:44,44.52653776,-125.38075510,-19945139.410790,2750.199292,272.43,-4.2,2.2,0.00,1765.87,1765.87,JAS2,0.0,198195.0,141988.1,243807.1,,,,,,,,TN393,,
J2-1369,ASNAP,2021/08/23 02:33:14,44.52653776,-125.38075510,-19945139.410790,2750.199292,272.51,-4.0,2.7,0.00,1780.73,1780.73,JAS2,0.0,198828.3,144917.8,246036.3,,,,,,,,TN393,,
J2-1369,ASNAP,2021/08/23 02:33:44,44.52653776,-125.38075510,-19945139.410790,2750.199292,272.69,-3.7,2.1,0.00,1795.56,1795.56,JAS2,0.0,199593.3,141431.5,244622.9,,,,,,,,TN393,,
J2-1369,ASNAP,2021/08/23 02:34:14,44.52653776,-125.38075510,-19945139.410790,2750.199292,272.76,-3.9,2.1,0.00,1810.71,1810.71,JAS2,0.0,199051.5,141220.3,244058.7,,,,,,,,TN393,,
J2-1369,ASNAP,2021/08/23 02:34:44,44.52653776,-125.38075510,-19945139.410790,2750.199292,272.49,-4.1,2.7,0.00,1826.03,1826.03,JAS2,0.0,198067.5,144845.9,245379.4,,,,,,,,TN393,,
J2-1369,ASNAP,2021/08/23 02:35:14,44.52653776,-125.38075510,-19945139.410790,2750.199292,273.09,-4.0,2.1,0.00,1840.78,1840.78,JAS2,0.0,197475.1,142119.4,243298.9,,,,,,,,TN393,,
J2-1369,ASNAP,2021/08/23 02:35:44,44.52653776,-125.38075510,-19945139.410790,2750.199292,272.28,-4.1,2.6,0.00,1855.18,1855.18,JAS2,0.0,198624.4,144081.1,245379.3,,,,,,,,TN393,,
J2-1369,ASNAP,2021/08/23 02:36:14,44.52653776,-125.38075510,-19945139.410790,2750.199292,272.68,-3.8,2.5,0.00,1870.31,1870.31,JAS2,0.0,199598.1,143663.5,245923.9,,,,,,,,TN393,,
J2-1369,ASNAP,2021/08/23 02:36:44,44.52653776,-125.38075510,-19945139.410790,2750.199292,272.75,-3.8,2.2,0.00,1885.27,1885.27,JAS2,0.0,199117.1,141852.9,244478.7,,,,,,,,TN393,,
J2-1369,ASNAP,2021/08/23 02:37:14,44.52653776,-125.38075510,-19945139.410790,2750.199292,272.23,-4.4,2.5,0.00,1900.47,1900.47,JAS2,0.0,197402.7,143513.9,244057.5,,,,,,,,TN393,,
J2-1369,ASNAP,2021/08/23 02:37:44,44.52653776,-125.38075510,-19945139.410790,2750.199292,272.74,-4.5,2.6,0.00,1915.19,1915.19,JAS2,0.0,195803.5,144171.9,243155.4,,,,,,,,TN393,,
J2-1369,ASNAP,2021/08/23 02:38:14,44.52653776,-125.38075510,-19945139.410790,2750.199292,272.76,-4.8,2.2,0.00,1928.73,1928.73,JAS2,0.0,194048.1,141936.5,240417.6,,,,,,,,TN393,,
J2-1369,ASNAP,2021/08/23 02:38:44,44.52653776,-125.38075510,-19945139.410790,2750.199292,272.60,-4.1,2.3,0.00,1942.42,1942.42,JAS2,0.0,197886.0,142405.9,243799.7,,,,,,,,TN393,,
J2-1369,ASNAP,2021/08/23 02:39:14,44.52653776,-125.38075510,-19945139.410790,2750.199292,272.45,-4.1,1.9,0.00,1953.67,1953.67,JAS2,0.0,198746.3,140032.2,243123.6,,,,,,,,TN393,,
J2-1369,ASNAP,2021/08/23 02:39:44,44.52653776,-125.38075510,-19945139.410790,2750.199292,272.48,-3.0,2.5,0.00,1965.39,1965.39,JAS2,0.0,204073.9,143712.2,249598.4,,,,,,,,TN393,,
J2-1369,ASNAP,2021/08/23 02:40:14,44.52653776,-125.38075510,-19945139.410790,2750.199292,272.50,-2.7,2.6,0.00,1982.66,1982.66,JAS2,0.0,205668.1,144549.2,251383.9,,,,,,,,TN393,,
J2-1369,ASNAP,2021/08/23 02:40:44,44.52653776,-125.38075510,-19945139.410790,2750.199292,272.02,-2.8,2.2,0.00,1998.84,1998.84,JAS2,0.0,206205.5,142235.3,250502.7,,,,,,,,TN393,,
J2-1369,ASNAP,2021/08/23 02:41:14,44.52653776,-125.38075510,-19945139.410790,2750.199292,272.48,-2.4,2.4,0.00,2015.71,2015.71,JAS2,0.0,207300.4,142980.3,251827.0,,,,,,,,TN393,,
J2-1369,ASNAP,2021/08/23 02:41:44,44.52653776,-125.38075510,-19945139.410790,2750.199292,272.71,-2.5,2.2,0.00,2032.33,2032.33,JAS2,0.0,206577.6,142146.4,250758.7,,,,,,,,TN393,,
J2-1369,ASNAP,2021/08/23 02:42:14,44.52653776,-125.38075510,-19945139.410790,2750.199292,272.49,-2.7,2.3,0.00,2048.14,2048.14,JAS2,0.0,205795.0,143037.7,250622.0,,,,,,,,TN393,,
J2-1369,ASNAP,2021/08/23 02:42:44,44.52653776,-125.38075510,-19945139.410790,2750.199292,120.95,-5.7,0.8,0.00,2061.25,2061.25,JAS2,0.0,186419.7,-130347.5,227470.3,,,,,,,,TN393,,
J2-1369,ASNAP,2021/08/23 02:43:14,44.52653776,-125.38075510,-19945139.410790,2750.199292,349.18,-5.6,2.3,0.00,2066.87,2066.87,JAS2,0.0,40695.9,77730.9,87739.7,,,,,,,,TN393,,
J2-1369,ASNAP,2021/08/23 02:43:44,44.52653776,-125.38075510,-19945139.410790,2750.199292,267.62,-3.8,2.6,0.00,2075.24,2075.24,JAS2,0.0,211339.0,141337.3,254244.8,,,,,,,,TN393,,
J2-1369,ASNAP,2021/08/23 02:44:14,44.52653776,-125.38075510,-19945139.410790,2750.199292,267.93,-3.1,2.4,0.00,2091.73,2091.73,JAS2,0.0,214685.3,140303.4,256466.1,,,,,,,,TN393,,
J2-1369,ASNAP,2021/08/23 02:44:44,44.52653776,-125.38075510,-19945139.410790,2750.199292,268.29,-2.9,2.1,0.00,2106.63,2106.63,JAS2,0.0,215104.0,139186.9,256208.4,,,,,,,,TN393,,
J2-1369,ASNAP,2021/08/23 02:45:14,44.52653776,-125.38075510,-19945139.410790,2750.199292,268.16,-3.0,2.2,0.00,2121.47,2121.47,JAS2,0.0,214666.1,139397.0,255955.2,,,,,,,,TN393,,
J2-1369,ASNAP,2021/08/23 02:45:44,44.52653776,-125.38075510,-19945139.410790,2750.199292,268.02,-3.0,2.2,0.00,2136.58,2136.58,JAS2,0.0,214966.7,139538.6,256284.5,,,,,,,,TN393,,
J2-1369,ASNAP,2021/08/23 02:46:14,44.52653776,-125.38075510,-19945139.410790,2750.199292,268.47,-2.9,2.2,0.00,2151.76,2151.76,JAS2,0.0,214259.5,140009.2,255948.7,,,,,,,,TN393,,
J2-1369,ASNAP,2021/08/23 02:46:44,44.52653776,-125.38075510,-19945139.410790,2750.199292,268.56,-2.8,2.3,0.00,2166.04,2166.04,JAS2,0.0,214792.1,140470.2,256646.7,,,,,,,,TN393,,
J2-1369,ASNAP,2021/08/23 02:47:14,44.52653776,-125.38075510,-19945139.410790,2750.199292,268.39,-4.0,2.3,0.00,2180.91,2180.91,JAS2,0.0,208822.4,139714.1,251250.5,,,,,,,,TN393,,
J2-1369,ASNAP,2021/08/23 02:47:44,44.52653776,-125.38075510,-19945139.410790,2750.199292,268.64,-4.7,2.4,0.00,2195.21,2195.21,JAS2,0.0,204928.1,140242.5,248321.4,,,,,,,,TN393,,
J2-1369,ASNAP,2021/08/23 02:48:14,44.52653776,-125.38075510,-19945139.410790,2750.199292,268.30,-4.3,2.4,0.00,2207.61,2207.61,JAS2,0.0,207186.4,140788.3,250494.6,,,,,,,,TN393,,
J2-1369,ASNAP,2021/08/23 02:48:44,44.52653776,-125.38075510,-19945139.410790,2750.199292,268.69,-3.8,2.0,0.00,2222.14,2222.14,JAS2,0.0,208917.1,138797.1,250820.6,,,,,,,,TN393,,
J2-1369,ASNAP,2021/08/23 02:49:14,44.52653776,-125.38075510,-19945139.410790,2750.199292,268.52,-3.8,2.4,0.00,2237.35,2237.35,JAS2,0.0,209586.1,140926.3,252560.0,,,,,,,,TN393,,
J2-1369,ASNAP,2021/08/23 02:49:44,44.52653776,-125.38075510,-19945139.410790,2750.199292,268.48,-3.4,2.4,0.00,2253.26,2253.26,JAS2,0.0,211588.5,140471.0,253972.1,,,,,,,,TN393,,
J2-1369,ASNAP,2021/08/23 02:50:14,44.52653776,-125.38075510,-19945139.410790,2750.199292,268.66,-3.6,2.3,0.00,2269.34,2269.34,JAS2,0.0,210071.5,140751.3,252865.5,,,,,,,,TN393,,
J2-1369,ASNAP,2021/08/23 02:50:44,44.52653776,-125.38075510,-19945139.410790,2750.199292,268.72,-3.6,2.0,0.00,2285.29,2285.29,JAS2,0.0,210099.7,138585.7,251690.0,,,,,,,,TN393,,
J2-1369,ASNAP,2021/08/23 02:51:14,44.52653776,-125.38075510,-19945139.410790,2750.199292,268.64,-3.9,2.2,0.00,2299.88,2299.88,JAS2,0.0,207877.5,139597.5,250400.7,,,,,,,,TN393,,
J2-1369,ASNAP,2021/08/23 02:51:44,44.52653776,-125.38075510,-19945139.410790,2750.199292,268.43,-4.1,2.3,0.00,2314.15,2314.15,JAS2,0.0,207895.1,140310.7,250813.6,,,,,,,,TN393,,
J2-1369,ASNAP,2021/08/23 02:52:14,44.52653776,-125.38075510,-19945139.410790,2750.199292,268.67,-3.9,2.1,0.00,2328.53,2328.53,JAS2,0.0,208609.5,138841.9,250589.3,,,,,,,,TN393,,
J2-1369,ASNAP,2021/08/23 02:52:44,44.52653776,-125.38075510,-19945139.410790,2750.199292,268.55,-4.0,2.0,0.00,2342.90,2342.9,JAS2,0.0,208763.5,139170.5,250899.6,,,,,,,,TN393,,
J2-1369,ASNAP,2021/08/23 02:53:14,44.52653776,-125.38075510,-19945139.410790,2750.199292,268.38,-4.2,2.1,0.00,2357.44,2357.44,JAS2,0.0,208425.9,138645.1,250327.4,,,,,,,,TN393,,
J2-1369,ASNAP,2021/08/23 02:53:44,44.52653776,-125.38075510,-19945139.410790,2750.199292,268.56,-3.9,2.1,0.00,2371.95,2371.95,JAS2,0.0,208927.4,139707.4,251334.1,,,,,,,,TN393,,
J2-1369,ASNAP,2021/08/23 02:54:14,44.52653776,-125.38075510,-19945139.410790,2750.199292,268.57,-4.1,2.0,0.00,2386.55,2386.55,JAS2,0.0,208366.7,138787.0,250356.8,,,,,,,,TN393,,
J2-1369,ASNAP,2021/08/23 02:54:44,44.52653776,-125.38075510,-19945139.410790,2750.199292,268.67,-4.0,2.2,0.00,2401.11,2401.11,JAS2,0.0,208109.2,139703.3,250652.1,,,,,,,,TN393,,
J2-1369,ASNAP,2021/08/23 02:55:14,44.52653776,-125.38075510,-19945139.410790,2750.199292,268.53,-4.0,2.2,0.00,2415.67,2415.67,JAS2,0.0,208667.5,139745.7,251139.4,,,,,,,,TN393,,
J2-1369,ASNAP,2021/08/23 02:55:44,44.52653776,-125.38075510,-19945139.410790,2750.199292,268.54,-4.1,2.0,0.00,2430.18,2430.18,JAS2,0.0,208105.5,139240.9,250391.6,,,,,,,,TN393,,
J2-1369,ASNAP,2021/08/23 02:56:14,44.52653776,-125.38075510,-19945139.410790,2750.199292,268.61,-4.2,2.1,0.00,2444.63,2444.63,JAS2,0.0,207712.9,138817.2,249829.7,,,,,,,,TN393,,
J2-1369,ASNAP,2021/08/23 02:56:44,44.52653776,-125.38075510,-19945139.410790,2750.199292,268.57,-4.3,2.1,0.00,2458.97,2458.97,JAS2,0.0,206549.0,139255.1,249107.4,,,,,,,,TN393,,
J2-1369,ASNAP,2021/08/23 02:57:14,44.52653776,-125.38075510,-19945139.410790,2750.199292,268.47,-4.2,2.2,0.00,2473.30,2473.3,JAS2,0.0,207353.3,140383.7,250405.7,,,,,,,,TN393,,
J2-1369,ASNAP,2021/08/23 02:57:44,44.52653776,-125.38075510,-19945139.410790,2750.199292,268.58,-4.1,2.0,0.00,2487.97,2487.97,JAS2,0.0,208087.7,138054.0,249718.6,,,,,,,,TN393,,
J2-1369,ASNAP,2021/08/23 02:58:14,44.52653776,-125.38075510,-19945139.410790,2750.199292,268.66,-4.1,2.1,0.00,2502.84,2502.84,JAS2,0.0,207958.8,139498.1,250412.9,,,,,,,,TN393,,
J2-1369,ASNAP,2021/08/23 02:58:44,44.52653776,-125.38075510,-19945139.410790,2750.199292,268.49,-4.1,2.2,0.00,2517.74,2517.74,JAS2,0.0,208342.7,139764.3,250880.0,,,,,,,,TN393,,
J2-1369,ASNAP,2021/08/23 02:59:14,44.52653776,-125.38075510,-19945139.410790,2750.199292,268.48,-4.1,2.2,0.00,2532.59,2532.59,JAS2,0.0,208335.3,139538.6,250748.2,,,,,,,,TN393,,
J2-1369,ASNAP,2021/08/23 02:59:44,44.52653776,-125.38075510,-19945139.410790,2750.199292,268.53,-4.0,2.3,0.00,2547.52,2547.52,JAS2,0.0,208641.5,139148.8,250786.1,,,,,,,,TN393,,
J2-1369,ASNAP,2021/08/23 03:00:14,44.52653776,-125.38075510,-19945139.410790,2750.199292,268.61,-4.1,2.0,0.00,2562.41,2562.41,JAS2,0.0,208014.2,139670.7,250555.0,,,,,,,,TN393,,
J2-1369,ASNAP,2021/08/23 03:00:44,44.52653776,-125.38075510,-19945139.410790,2750.199292,268.53,-4.0,2.2,0.00,2577.28,2577.28,JAS2,0.0,207846.8,138946.9,250013.1,,,,,,,,TN393,,
J2-1369,ASNAP,2021/08/23 03:01:14,44.52653776,-125.38075510,-19945139.410790,2750.199292,268.55,-4.0,2.2,0.00,2592.25,2592.25,JAS2,0.0,208396.3,140027.7,251071.2,,,,,,,,TN393,,
J2-1369,ASNAP,2021/08/23 03:01:44,44.52653776,-125.38075510,-19945139.410790,2750.199292,268.75,-4.1,2.0,0.00,2607.06,2607.06,JAS2,0.0,207324.7,138393.3,249271.4,,,,,,,,TN393,,
J2-1369,ASNAP,2021/08/23 03:02:14,44.52653776,-125.38075510,-19945139.410790,2750.199292,268.51,-4.1,2.1,0.00,2621.86,2621.86,JAS2,0.0,207749.7,139547.9,250267.0,,,,,,,,TN393,,
J2-1369,ASNAP,2021/08/23 03:02:44,44.52653776,-125.38075510,-19945139.410790,2750.199292,268.67,-4.0,2.1,0.00,2636.73,2636.73,JAS2,0.0,208272.6,138865.5,250322.0,,,,,,,,TN393,,
J2-1369,ASNAP,2021/08/23 03:03:14,44.52653776,-125.38075510,-19945139.410790,2750.199292,268.63,-4.1,2.3,0.00,2651.65,2651.65,JAS2,0.0,207951.3,140151.7,250771.3,,,,,,,,TN393,,
J2-1369,ASNAP,2021/08/23 03:03:44,44.52653776,-125.38075510,-19945139.410790,2750.199292,268.57,-4.0,2.1,0.00,2666.33,2666.33,JAS2,0.0,208470.5,139133.0,250635.1,,,,,,,,TN393,,
J2-1369,ASNAP,2021/08/23 03:04:14,44.52653776,-125.38075510,-19945139.410790,2750.199292,268.52,-4.1,2.2,0.00,2680.96,2680.96,JAS2,0.0,208135.7,139653.2,250646.1,,,,,,,,TN393,,
J2-1369,ASNAP,2021/08/23 03:04:44,44.52653776,-125.38075510,-19945139.410790,2750.199292,268.55,-4.1,2.3,0.00,2695.52,2695.52,JAS2,0.0,207482.0,140157.0,250385.2,,,,,,,,TN393,,
J2-1369,ASNAP,2021/08/23 03:05:14,44.52653776,-125.38075510,-19945139.410790,2750.199292,268.57,-4.2,2.3,0.00,2710.09,2710.09,JAS2,0.0,207346.4,139597.2,249959.8,,,,,,,,TN393,,
J2-1369,ASNAP,2021/08/23 03:05:44,44.52653776,-125.38075510,-19945139.410790,2750.199292,268.64,-4.0,2.1,0.00,2724.60,2724.6,JAS2,0.0,207917.5,139697.7,250489.8,,,,,,,,TN393,,
J2-1369,ASNAP,2021/08/23 03:06:14,44.52653776,-125.38075510,-19945139.410790,2750.199292,268.49,-3.9,2.2,0.00,2739.27,2739.27,JAS2,0.0,206182.9,140062.0,249256.4,,,,,,,,TN393,,
J2-1369,ASNAP,2021/08/23 03:06:44,44.52653776,-125.38075510,-19945139.410790,2750.199292,268.01,-5.1,2.0,0.00,2746.89,2746.89,JAS2,0.0,203596.8,137539.5,245700.6,,,,,,,,TN393,,
J2-1369,ASNAP,2021/08/23 03:07:14,44.52653776,-125.38075510,-19945139.410790,2750.199292,263.86,-5.8,1.6,0.00,2757.30,2757.3,JAS2,0.0,208122.7,132152.9,246534.9,,,,,,,,TN393,,
J2-1369,ASNAP,2021/08/23 03:07:44,44.52653776,-125.38075510,-19945139.410790,2750.199292,267.61,-4.0,0.8,0.00,2764.74,2764.74,JAS2,0.0,213679.5,129433.1,249823.6,,,,,,,,TN393,,
J2-1369,ASNAP,2021/08/23 03:08:14,44.52653776,-125.38075510,-19945139.410790,2750.199292,71.98,-4.4,2.2,0.00,2764.55,2764.55,JAS2,0.0,103688.9,-109322.1,150674.1,,,,,,,,TN393,,
J2-1369,ASNAP,2021/08/23 03:08:44,44.52653776,-125.38075510,-19945139.410790,2750.199292,9.99,-5.5,1.9,0.00,2766.71,2766.71,JAS2,0.0,22827.2,7539.7,24040.1,,,,,,,,TN393,,
J2-1369,ASNAP,2021/08/23 03:09:14,44.52653776,-125.38075510,-19945139.410790,2750.199292,307.06,-4.2,2.5,0.00,2766.64,2766.64,JAS2,0.0,99022.5,131065.1,164266.6,,,,,,,,TN393,,
J2-1369,ASNAP,2021/08/23 03:09:44,44.52653776,-125.38075510,-19945139.410790,2750.199292,246.65,-4.4,1.3,0.00,2767.87,2767.87,JAS2,0.0,239914.3,120166.2,268325.9,,,,,,,,TN393,,
J2-1369,ASNAP,2021/08/23 03:10:14,44.52653776,-125.38075510,-19945139.410790,2750.199292,183.37,-4.6,2.0,0.00,2766.71,2766.71,JAS2,0.0,298956.3,-1762.1,298961.5,,,,,,,,TN393,,
J2-1369,ASNAP,2021/08/23 03:10:44,44.52653776,-125.38075510,-19945139.410790,2750.199292,355.54,-7.8,1.5,0.00,2765.22,2765.22,JAS2,0.0,24900.1,64734.1,69357.9,,,,,,,,TN393,,
J2-1369,ASNAP,2021/08/23 03:11:14,44.52653776,-125.38075510,-19945139.410790,2750.199292,294.00,-4.5,2.1,0.00,2762.28,2762.28,JAS2,0.0,149734.7,142603.1,206775.6,,,,,,,,TN393,,
J2-1369,ASNAP,2021/08/23 03:11:44,44.52653776,-125.38075510,-19945139.410790,2750.199292,294.21,-5.2,1.6,0.00,2755.40,2755.4,JAS2,0.0,133835.3,142101.0,195203.9,,,,,,,,TN393,,
J2-1369,ASNAP,2021/08/23 03:12:14,44.52653776,-125.38075510,-19945139.410790,2750.199292,294.44,-3.9,2.6,0.00,2758.89,2758.89,JAS2,0.0,148561.3,146540.0,208673.1,,,,,,,,TN393,,
J2-1369,ASNAP,2021/08/23 03:12:44,44.52653776,-125.38075510,-19945139.410790,2750.199292,294.47,-3.5,2.1,0.00,2774.81,2774.81,JAS2,0.0,149998.7,144256.1,208109.2,,,,,,,,TN393,,
J2-1369,ASNAP,2021/08/23 03:13:14,44.52653776,-125.38075510,-19945139.410790,2750.199292,294.33,-4.6,2.3,0.00,2785.55,2785.55,JAS2,0.0,145405.5,145076.2,205401.7,,,,,,,,TN393,,
J2-1369,ASNAP,2021/08/23 03:13:44,44.52653776,-125.38075510,-19945139.410790,2750.199292,292.11,-3.1,2.0,0.00,2797.65,2797.65,JAS2,0.0,158516.8,144231.5,214313.6,,,,,,,,TN393,,
J2-1369,ASNAP,2021/08/23 03:14:14,44.52653776,-125.38075510,-19945139.410790,2750.199292,293.99,-2.7,2.5,0.00,2807.92,2807.92,JAS2,0.0,155484.7,146734.8,213791.0,,,,,,,,TN393,,
J2-1369,ASNAP,2021/08/23 03:14:44,44.52653776,-125.38075510,-19945139.410790,2750.199292,294.72,-4.4,2.5,0.00,2821.39,2821.39,JAS2,0.0,145253.6,145867.5,205854.1,,,,,,,,TN393,,
J2-1369,ASNAP,2021/08/23 03:15:14,44.52653776,-125.38075510,-19945139.410790,2750.199292,294.59,-4.4,2.5,0.00,2835.39,2835.39,JAS2,0.0,145745.9,146053.9,206333.7,,,,,,,,TN393,,
J2-1369,ASNAP,2021/08/23 03:15:44,44.52653776,-125.38075510,-19945139.410790,2750.199292,294.45,-4.4,2.0,0.00,2849.56,2849.56,JAS2,0.0,144248.0,142932.6,203069.5,,,,,,,,TN393,,
J2-1369,ASNAP,2021/08/23 03:16:14,44.52653776,-125.38075510,-19945139.410790,2750.199292,294.95,-3.8,2.4,0.00,2863.58,2863.58,JAS2,0.0,147776.1,145980.8,207721.4,,,,,,,,TN393,,
J2-1369,ASNAP,2021/08/23 03:16:44,44.52653776,-125.38075510,-19945139.410790,2750.199292,294.71,-4.3,2.2,0.00,2877.47,2877.47,JAS2,0.0,144999.4,144305.8,204570.3,,,,,,,,TN393,,
J2-1369,ASNAP,2021/08/23 03:17:14,44.52653704,-125.38075479,-19945139.385937,2750.118978,294.62,-4.4,2.4,0.00,2886.58,2886.58,JAS2,0.0,144344.3,144885.5,204516.7,,,,,,,,TN393,,
J2-1369,ASNAP,2021/08/23 03:17:44,44.52651520,-125.38072050,-19945136.658497,2747.692894,294.92,-4.6,2.6,0.00,2896.03,2896.03,JAS2,0.0,143100.0,145064.1,203767.5,,,,,,,,TN393,,
J2-1369,EVT,2021/08/23 03:17:54,44.52651394,-125.38071288,-19945136.052390,2747.552264,330.28,-4.5,2.1,0.00,2897.34,2897.34,JAS2,0.0,52871.9,91303.5,105507.2,,,,,,,,TN393,DLG,TXT: Bottom in sight 
J2-1369,ASNAP,2021/08/23 03:18:14,44.52651422,-125.38066731,-19945132.428838,2747.583128,38.41,-5.5,2.1,0.00,2898.49,2898.49,JAS2,0.0,32852.4,-42019.5,53337.8,,,,,,,,TN393,,
J2-1369,ASNAP,2021/08/23 03:18:44,44.52655325,-125.38060023,-19945127.093624,2751.921156,34.89,-5.0,1.9,0.00,2897.36,2897.36,JAS2,0.0,31569.1,-34445.4,46723.6,,,,,,,,TN393,,
J2-1369,EVT,2021/08/23 03:18:50,44.52656998,-125.38058959,-19945126.247333,2753.780006,35.34,-4.5,2.7,0.00,2897.80,2897.8,JAS2,0.0,35724.6,-31979.6,47947.3,,,,,,,,TN393,DLG,VEHICLE: Bottom in siht milestone On bottom
J2-1369,ASNAP,2021/08/23 03:19:14,44.52664349,-125.38055087,-19945123.168249,2761.948162,33.27,-6.1,2.6,0.00,2898.86,2898.86,JAS2,0.0,27070.0,-23054.8,35557.1,,,,,,,,TN393,,
J2-1369,ASNAP,2021/08/23 03:19:44,44.52675126,-125.38047704,-19945117.296548,2773.923243,28.55,-5.2,2.4,0.00,2899.22,2899.22,JAS2,0.0,27442.5,-19835.1,33860.4,,,,,,,,TN393,,
J2-1369,ASNAP,2021/08/23 03:20:14,44.52680027,-125.38040201,-19945111.329178,2779.369712,29.11,-4.7,2.2,0.00,2899.26,2899.26,JAS2,0.0,28925.0,-20636.5,35532.0,,,,,,,,TN393,,
J2-1369,ASNAP,2021/08/23 03:20:44,44.52679475,-125.38034966,-19945107.165955,2778.756875,30.69,-4.5,2.0,0.00,2897.74,2897.74,JAS2,0.0,33987.9,-25727.9,42627.5,,,,,,,,TN393,,
J2-1369,EVT,2021/08/23 03:21:02,44.52680203,-125.38034474,-19945106.774983,2779.565371,24.59,-5.1,2.3,0.00,2897.72,2897.72,JAS2,0.0,27800.9,-9113.6,29256.6,,,,,,,,TN393,DLG,TXT: Cable in view 
J2-1369,ASNAP,2021/08/23 03:21:14,44.52682279,-125.38034631,-19945106.899938,2781.871680,24.53,-5.2,2.3,0.00,2898.89,2898.89,JAS2,0.0,26467.3,-8467.2,27788.7,,,,,,,,TN393,,
J2-1369,ASNAP,2021/08/23 03:21:44,44.52689272,-125.38034764,-19945107.005264,2789.643100,16.07,-5.0,3.8,0.00,2898.52,2898.52,JAS2,0.0,27949.1,28650.3,40024.8,,,,,,,,TN393,,
J2-1369,ASNAP,2021/08/23 03:22:14,44.52695156,-125.38033297,-19945105.838967,2796.180885,4.17,-4.4,2.3,0.00,2898.98,2898.98,JAS2,0.0,29820.9,38975.6,49075.3,,,,,,,,TN393,,
J2-1369,EVT,2021/08/23 03:22:25,44.52696442,-125.38032409,-19945105.132171,2797.610315,2.20,-4.5,1.9,0.00,2899.54,2899.54,JAS2,0.0,31067.2,40743.6,51236.8,,,,,,,,TN393,DLG,TXT: Anchor in view 
J2-1369,EVT,2021/08/23 03:22:28,44.52696719,-125.38032183,-19945104.952594,2797.918228,3.45,-4.8,2.5,0.00,2899.58,2899.58,JAS2,0.0,28937.1,39005.6,48567.4,,,,,,,,TN393,DLG,Biology Type: 
J2-1369,EVT,2021/08/23 03:22:43,44.52697546,-125.38031479,-19945104.392887,2798.837346,4.17,-5.1,2.6,0.00,2899.67,2899.67,JAS2,0.0,27364.1,39616.0,48147.9,,,,,,,,TN393,DLG,Biology Type: octo type Octopus
J2-1369,ASNAP,2021/08/23 03:22:44,44.52697573,-125.38031457,-19945104.375426,2798.867558,3.44,-5.0,2.1,0.00,2899.67,2899.67,JAS2,0.0,29532.9,39658.9,49447.1,,,,,,,,TN393,,
J2-1369,ASNAP,2021/08/23 03:23:14,44.52698978,-125.38030934,-19945103.959136,2800.428688,2.48,-4.7,2.3,0.00,2899.79,2899.79,JAS2,0.0,30155.9,42551.3,52153.5,,,,,,,,TN393,,
J2-1369,ASNAP,2021/08/23 03:23:44,44.52701789,-125.38031120,-19945104.107108,2803.552231,3.65,-5.0,2.9,0.00,2900.02,2900.02,JAS2,0.0,28176.5,43628.9,51936.5,,,,,,,,TN393,,
J2-1369,ASNAP,2021/08/23 03:24:14,44.52705338,-125.38032440,-19945105.157422,2807.495861,357.07,-4.9,2.0,0.00,2898.51,2898.51,JAS2,0.0,30855.5,51186.1,59766.8,,,,,,,,TN393,,
J2-1369,EVT,2021/08/23 03:24:32,44.52707390,-125.38033686,-19945106.147743,2809.775906,357.98,-4.6,2.6,0.00,2897.98,2897.98,JAS2,0.0,34001.0,54134.6,63926.7,,,,,,,,TN393,DLG,TXT: Looking at anchor and releases 
J2-1369,ASNAP,2021/08/23 03:24:44,44.52708316,-125.38034527,-19945106.817212,2810.804315,356.83,-4.1,3.5,0.00,2898.27,2898.27,JAS2,0.0,36621.7,61251.9,71364.8,,,,,,,,TN393,,
J2-1369,ASNAP,2021/08/23 03:25:14,44.52708695,-125.38035802,-19945107.830864,2811.226447,356.66,-3.8,2.7,0.00,2898.23,2898.23,JAS2,0.0,38293.3,56884.3,68572.6,,,,,,,,TN393,,
J2-1369,ASNAP,2021/08/23 03:25:44,44.52707530,-125.38036792,-19945108.618633,2809.930915,357.78,-4.4,2.5,0.00,2897.73,2897.73,JAS2,0.0,34925.1,53174.4,63618.2,,,,,,,,TN393,,
J2-1369,ASNAP,2021/08/23 03:26:14,44.52705887,-125.38037428,-19945109.123926,2808.105723,356.78,-4.0,2.6,0.00,2894.34,2894.34,JAS2,0.0,37714.6,55630.5,67209.7,,,,,,,,TN393,,
J2-1369,EVT,2021/08/23 03:26:24,44.52706020,-125.38037190,-19945108.934829,2808.253291,357.03,-3.9,3.5,0.00,2892.67,2892.67,JAS2,0.0,37810.5,64845.2,75063.6,,,,,,,,TN393,DLG,TXT: Dock in view 
J2-1369,ASNAP,2021/08/23 03:26:44,44.52706777,-125.38036356,-19945108.271571,2809.095080,345.65,-4.3,2.9,0.00,2892.54,2892.54,JAS2,0.0,47252.1,80417.3,93272.2,,,,,,,,TN393,,
J2-1369,ASNAP,2021/08/23 03:27:14,44.52707363,-125.38035211,-19945107.361023,2809.745712,344.06,-3.6,2.5,0.00,2891.43,2891.43,JAS2,0.0,52962.4,81478.4,97178.9,,,,,,,,TN393,,
J2-1369,ASNAP,2021/08/23 03:27:44,44.52706687,-125.38035828,-19945107.851752,2808.994429,343.56,-4.0,2.5,0.00,2891.17,2891.17,JAS2,0.0,51389.9,83894.6,98383.0,,,,,,,,TN393,,
J2-1369,ASNAP,2021/08/23 03:28:14,44.52706603,-125.38034793,-19945107.028631,2808.901634,343.58,-3.9,2.4,0.00,2891.12,2891.12,JAS2,0.0,51685.3,83601.1,98287.9,,,,,,,,TN393,,
J2-1369,ASNAP,2021/08/23 03:28:44,44.52704979,-125.38031804,-19945104.651662,2807.096746,343.19,-3.8,2.7,0.00,2896.41,2896.41,JAS2,0.0,52233.6,85758.0,100413.1,,,,,,,,TN393,,
J2-1369,ASNAP,2021/08/23 03:29:14,44.52701587,-125.38030900,-19945103.932638,2803.327626,182.74,-4.2,1.9,0.00,2897.39,2897.39,JAS2,0.0,299677.2,-7121.9,299761.8,,,,,,,,TN393,,
J2-1369,ASNAP,2021/08/23 03:29:44,44.52694753,-125.38035342,-19945107.464754,2795.733028,196.45,-4.9,1.8,0.00,2898.25,2898.25,JAS2,0.0,297622.5,9572.7,297776.4,,,,,,,,TN393,,
J2-1369,EVT,2021/08/23 03:29:45,44.52694463,-125.38035490,-19945107.583098,2795.411329,195.98,-5.1,1.9,0.00,2898.27,2898.27,JAS2,0.0,297365.1,8662.7,297491.3,,,,,,,,TN393,DLG,TXT: Approaching flange box 
J2-1369,ASNAP,2021/08/23 03:30:14,44.52688535,-125.38036935,-19945108.732151,2788.824195,32.33,-4.0,2.8,0.00,2899.27,2899.27,JAS2,0.0,31603.5,-20228.8,37523.2,,,,,,,,TN393,,
J2-1369,ASNAP,2021/08/23 03:30:44,44.52685829,-125.38036074,-19945108.046882,2785.816902,0.29,-4.2,2.5,0.00,2900.02,2900.02,JAS2,0.0,33670.9,47996.7,58629.5,,,,,,,,TN393,,
J2-1369,ASNAP,2021/08/23 03:31:14,44.52686482,-125.38036194,-19945108.142495,2786.542156,0.61,-5.1,0.2,0.00,2900.05,2900.05,JAS2,0.0,30070.1,35565.4,46573.7,,,,,,,,TN393,,
J2-1369,ASNAP,2021/08/23 03:31:44,44.52686743,-125.38036826,-19945108.645642,2786.832098,0.25,-6.8,2.3,0.00,2900.13,2900.13,JAS2,0.0,20166.4,47107.2,51242.3,,,,,,,,TN393,,
J2-1369,EVT,2021/08/23 03:31:54,44.52686783,-125.38036945,-19945108.740098,2786.876634,0.26,-7.7,2.6,0.00,2900.11,2900.11,JAS2,0.0,15851.8,49223.1,51712.6,,,,,,,,TN393,DLG,ROV Actions: Lifting flange box actions (Starboard) Manipulator in use
J2-1369,ASNAP,2021/08/23 03:32:14,44.52687531,-125.38037067,-19945108.836636,2787.708566,0.29,-8.0,3.0,0.00,2900.10,2900.1,JAS2,0.0,14508.2,50620.4,52658.5,,,,,,,,TN393,,
J2-1369,EVT,2021/08/23 03:32:34,44.52688270,-125.38037112,-19945108.873043,2788.529705,0.18,-7.6,2.9,0.00,2900.11,2900.11,JAS2,0.0,16784.8,50423.4,53143.7,,,,,,,,TN393,DLG,ROV Actions: Lifting connector/cable actions (Port) Manipulator in use
J2-1369,ASNAP,2021/08/23 03:32:44,44.52688520,-125.38037133,-19945108.889104,2788.807250,0.22,-7.5,2.9,0.00,2900.12,2900.12,JAS2,0.0,17076.4,50545.2,53351.9,,,,,,,,TN393,,
J2-1369,ASNAP,2021/08/23 03:33:14,44.52688899,-125.38036901,-19945108.705227,2789.228329,1.16,-8.2,2.6,0.00,2898.11,2898.11,JAS2,0.0,13625.7,45215.5,47223.9,,,,,,,,TN393,,
J2-1369,EVT,2021/08/23 03:33:33,44.52692857,-125.38035592,-19945107.663636,2793.626517,0.46,-8.4,2.9,0.00,2897.91,2897.91,JAS2,0.0,11675.4,50505.5,51837.5,,,,,,,,TN393,DLG,TXT: moving toward anchor 
J2-1369,ASNAP,2021/08/23 03:33:44,44.52697134,-125.38034314,-19945106.647631,2798.378720,1.00,-8.4,2.9,0.00,2897.79,2897.79,JAS2,0.0,11657.2,48553.0,49932.8,,,,,,,,TN393,,
J2-1369,ASNAP,2021/08/23 03:34:14,44.52709070,-125.38031663,-19945104.539076,2811.643002,359.75,-8.2,3.0,0.00,2896.92,2896.92,JAS2,0.0,14249.5,50160.9,52145.6,,,,,,,,TN393,,
J2-1369,ASNAP,2021/08/23 03:34:44,44.52712476,-125.38033454,-19945105.963576,2815.427657,359.58,-8.0,3.3,0.00,2899.56,2899.56,JAS2,0.0,14245.7,51281.3,53223.3,,,,,,,,TN393,,
J2-1369,ASNAP,2021/08/23 03:35:14,44.52710404,-125.38034873,-19945107.092326,2813.125349,359.14,-9.3,2.0,0.00,2899.61,2899.61,JAS2,0.0,7077.1,45917.4,46459.6,,,,,,,,TN393,,
J2-1369,EVT,2021/08/23 03:35:34,44.52709431,-125.38034983,-19945107.179825,2812.043511,356.08,-8.1,2.5,0.00,2899.52,2899.52,JAS2,0.0,16964.8,59434.7,61808.4,,,,,,,,TN393,DLG,TXT: Setting flange box down at anchor 
J2-1369,ASNAP,2021/08/23 03:35:44,44.52709095,-125.38035008,-19945107.199247,2811.670750,357.06,-8.7,3.8,0.00,2899.41,2899.41,JAS2,0.0,12663.5,62463.6,63734.3,,,,,,,,TN393,,
J2-1369,ASNAP,2021/08/23 03:36:14,44.52707985,-125.38033320,-19945105.857283,2810.436708,359.33,-5.4,4.7,0.00,2899.33,2899.33,JAS2,0.0,27770.4,64418.5,70149.4,,,,,,,,TN393,,
J2-1369,ASNAP,2021/08/23 03:36:44,44.52707655,-125.38030813,-19945103.862899,2810.070416,344.51,-4.5,3.0,0.00,2899.22,2899.22,JAS2,0.0,45111.1,84299.6,95610.9,,,,,,,,TN393,,
J2-1369,ASNAP,2021/08/23 03:37:14,44.52708187,-125.38031313,-19945104.260502,2810.661208,347.48,-4.5,3.2,0.00,2899.33,2899.33,JAS2,0.0,43767.7,80657.3,91767.2,,,,,,,,TN393,,
J2-1369,ASNAP,2021/08/23 03:37:44,44.52709242,-125.38032976,-19945105.583138,2811.833814,344.89,-5.0,3.4,0.00,2897.84,2897.84,JAS2,0.0,43580.8,86368.3,96740.8,,,,,,,,TN393,,
J2-1369,EVT,2021/08/23 03:38:12,44.52710250,-125.38033720,-19945106.175019,2812.953504,345.57,-5.1,3.4,0.00,2897.98,2897.98,JAS2,0.0,42422.7,84928.6,94934.5,,,,,,,,TN393,DLG,TXT: Inspecting connector 
J2-1369,ASNAP,2021/08/23 03:38:14,44.52710261,-125.38033685,-19945106.147045,2812.966597,345.46,-5.2,3.5,0.00,2897.98,2897.98,JAS2,0.0,42253.5,84966.1,94892.5,,,,,,,,TN393,,
J2-1369,ASNAP,2021/08/23 03:38:44,44.52709486,-125.38033193,-19945105.755680,2812.105204,345.63,-5.2,0.5,0.00,2897.94,2897.94,JAS2,0.0,41916.7,69676.1,81312.7,,,,,,,,TN393,,
J2-1369,EVT,2021/08/23 03:38:55,44.52708956,-125.38033369,-19945105.895821,2811.516411,345.55,-5.5,1.0,0.00,2897.96,2897.96,JAS2,0.0,40524.7,72086.6,82696.6,,,,,,,,TN393,DLG,ROV Actions: Grabbing cleaning brush actions (Starboard) Manipulator in use
J2-1369,ASNAP,2021/08/23 03:39:14,44.52708315,-125.38033721,-19945106.176255,2810.804151,345.66,-5.4,1.2,0.00,2897.96,2897.96,JAS2,0.0,40982.9,72560.7,83334.6,,,,,,,,TN393,,
J2-1369,ASNAP,2021/08/23 03:39:44,44.52708817,-125.38033265,-19945105.813625,2811.361540,345.63,-5.4,0.5,0.00,2897.95,2897.95,JAS2,0.0,40843.0,69393.7,80521.0,,,,,,,,TN393,,
J2-1369,EVT,2021/08/23 03:39:53,44.52709122,-125.38033011,-19945105.611681,2811.700632,345.63,-5.7,0.1,0.00,2897.96,2897.96,JAS2,0.0,39361.8,67795.5,78393.8,,,,,,,,TN393,DLG,TXT: Cleaning connector 
J2-1369,ASNAP,2021/08/23 03:40:14,44.52709218,-125.38032815,-19945105.455092,2811.807397,345.51,-5.6,0.1,0.00,2897.96,2897.96,JAS2,0.0,39953.0,68342.8,79164.3,,,,,,,,TN393,,
J2-1369,ASNAP,2021/08/23 03:40:44,44.52708771,-125.38033266,-19945105.813763,2811.310760,345.47,-6.3,1.5,0.00,2897.95,2897.95,JAS2,0.0,35363.2,75084.7,82995.6,,,,,,,,TN393,,
J2-1369,ASNAP,2021/08/23 03:41:14,44.52709387,-125.38033254,-19945105.804211,2811.994579,345.59,-7.5,0.2,0.00,2897.96,2897.96,JAS2,0.0,29823.3,67955.5,74211.7,,,,,,,,TN393,,
J2-1369,ASNAP,2021/08/23 03:41:44,44.52710201,-125.38033096,-19945105.678692,2812.898993,345.46,-7.7,0.1,0.00,2897.95,2897.95,JAS2,0.0,28394.5,68260.1,73930.3,,,,,,,,TN393,,
J2-1369,ASNAP,2021/08/23 03:42:14,44.52710468,-125.38034166,-19945106.529465,2813.195818,345.55,-7.2,1.3,0.00,2897.96,2897.96,JAS2,0.0,30692.5,75164.3,81189.3,,,,,,,,TN393,,
J2-1369,EVT,2021/08/23 03:42:27,44.52710165,-125.38035055,-19945107.237228,2812.859499,345.56,-7.1,1.7,0.00,2897.96,2897.96,JAS2,0.0,31724.0,75964.1,82322.3,,,,,,,,TN393,DLG,Biology Type: 
J2-1369,ASNAP,2021/08/23 03:42:44,44.52709691,-125.38035196,-19945107.348705,2812.333074,345.55,-7.1,0.8,0.00,2897.96,2897.96,JAS2,0.0,30802.2,71153.4,77534.4,,,,,,,,TN393,,
J2-1369,EVT,2021/08/23 03:42:45,44.52709649,-125.38035165,-19945107.324691,2812.285865,345.51,-7.4,0.8,0.00,2897.96,2897.96,JAS2,0.0,30087.1,71352.8,77436.8,,,,,,,,TN393,DLG,Biology Type: ratfish? type Fish
J2-1369,ASNAP,2021/08/23 03:43:14,44.52709476,-125.38032041,-19945104.839520,2812.093900,345.63,-7.4,0.7,0.00,2897.96,2897.96,JAS2,0.0,29476.8,70444.5,76363.0,,,,,,,,TN393,,
J2-1369,ASNAP,2021/08/23 03:43:44,44.52710344,-125.38030115,-19945103.308152,2813.058788,345.53,-7.8,0.7,0.00,2897.95,2897.95,JAS2,0.0,28801.7,70237.9,75913.8,,,,,,,,TN393,,
J2-1369,ASNAP,2021/08/23 03:44:14,44.52709878,-125.38033429,-19945105.943891,2812.540332,345.57,-7.9,0.8,0.00,2897.95,2897.95,JAS2,0.0,27468.6,71238.7,76351.0,,,,,,,,TN393,,
J2-1369,ASNAP,2021/08/23 03:44:44,44.52709390,-125.38035222,-19945107.369708,2811.998766,345.63,-7.2,1.1,0.00,2897.96,2897.96,JAS2,0.0,32809.7,72891.4,79935.2,,,,,,,,TN393,,
J2-1369,EVT,2021/08/23 03:44:48,44.52709333,-125.38035259,-19945107.399172,2811.934408,345.60,-7.3,1.2,0.00,2897.96,2897.96,JAS2,0.0,30777.7,73217.5,79423.4,,,,,,,,TN393,DLG,TXT: Done cleaning connector 
J2-1369,ASNAP,2021/08/23 03:45:14,44.52708990,-125.38033910,-19945106.325930,2811.554132,345.57,-6.7,0.5,0.00,2897.96,2897.96,JAS2,0.0,33187.3,70346.6,77782.0,,,,,,,,TN393,,
J2-1369,ASNAP,2021/08/23 03:45:44,44.52708311,-125.38032957,-19945105.568495,2810.799718,345.60,-6.9,2.4,0.00,2897.94,2897.94,JAS2,0.0,33101.3,79733.0,86331.1,,,,,,,,TN393,,
J2-1369,EVT,2021/08/23 03:45:52,44.52708263,-125.38032995,-19945105.598441,2810.746341,345.63,-6.3,2.4,0.00,2897.96,2897.96,JAS2,0.0,35812.5,78996.8,86735.4,,,,,,,,TN393,DLG,Biology Type: 
J2-1369,EVT,2021/08/23 03:46:00,44.52708274,-125.38033052,-19945105.643616,2810.757635,345.60,-6.5,2.3,0.00,2897.94,2897.94,JAS2,0.0,34508.3,79332.9,86513.2,,,,,,,,TN393,DLG,Biology Type: type Fish
J2-1369,ASNAP,2021/08/23 03:46:14,44.52708562,-125.38033300,-19945105.841295,2811.078492,345.72,-6.1,2.7,0.00,2897.96,2897.96,JAS2,0.0,38564.7,80137.7,88934.2,,,,,,,,TN393,,
J2-1369,ASNAP,2021/08/23 03:46:44,44.52709779,-125.38034753,-19945106.996592,2812.430460,345.65,-5.6,2.8,0.00,2897.95,2897.95,JAS2,0.0,39755.5,80732.2,89989.9,,,,,,,,TN393,,
J2-1369,ASNAP,2021/08/23 03:47:14,44.52710137,-125.38035964,-19945107.959975,2812.828567,345.53,-6.4,1.2,0.00,2897.94,2897.94,JAS2,0.0,35098.7,73649.0,81584.9,,,,,,,,TN393,,
J2-1369,ASNAP,2021/08/23 03:47:44,44.52710237,-125.38036691,-19945108.538099,2812.939648,345.63,-5.6,1.9,0.00,2897.97,2897.97,JAS2,0.0,39959.5,76358.5,86182.2,,,,,,,,TN393,,
J2-1369,ASNAP,2021/08/23 03:48:14,44.52710176,-125.38038542,-19945110.010322,2812.871216,345.59,-5.4,1.8,0.00,2897.94,2897.94,JAS2,0.0,41590.7,75598.3,86283.8,,,,,,,,TN393,,
J2-1369,EVT,2021/08/23 03:48:35,44.52709982,-125.38038358,-19945109.863922,2812.655870,345.64,-4.7,2.1,0.00,2897.96,2897.96,JAS2,0.0,45059.2,77752.7,89865.5,,,,,,,,TN393,DLG,ROV Actions: Grabbing carabiner on cable actions (Starboard) Manipulator in use
J2-1369,ASNAP,2021/08/23 03:48:44,44.52709962,-125.38037997,-19945109.576790,2812.633779,345.70,-4.8,2.2,0.00,2897.95,2897.95,JAS2,0.0,43938.3,77878.5,89418.3,,,,,,,,TN393,,
J2-1369,ASNAP,2021/08/23 03:49:14,44.52710432,-125.38036263,-19945108.197879,2813.156023,345.61,-4.4,2.6,0.00,2897.95,2897.95,JAS2,0.0,46310.8,80090.5,92515.9,,,,,,,,TN393,,
J2-1369,ASNAP,2021/08/23 03:49:44,44.52714263,-125.38038631,-19945110.080910,2817.412949,345.65,-4.6,2.7,0.00,2897.96,2897.96,JAS2,0.0,44970.6,80076.7,91840.3,,,,,,,,TN393,,
J2-1369,ASNAP,2021/08/23 03:50:14,44.52715899,-125.38040269,-19945111.383877,2819.230705,345.78,-5.8,1.6,0.00,2897.96,2897.96,JAS2,0.0,39623.1,74187.0,84105.3,,,,,,,,TN393,,
J2-1369,ASNAP,2021/08/23 03:50:44,44.52711893,-125.38036879,-19945108.687526,2814.779902,345.72,-4.8,1.1,0.00,2896.65,2896.65,JAS2,0.0,44069.1,71611.2,84084.8,,,,,,,,TN393,,
J2-1369,ASNAP,2021/08/23 03:51:14,44.52710556,-125.38035911,-19945107.918005,2813.294359,310.95,-5.2,0.9,0.00,2893.64,2893.64,JAS2,0.0,100475.4,127381.1,162238.3,,,,,,,,TN393,,
J2-1369,EVT,2021/08/23 03:51:37,44.52711523,-125.38036875,-19945108.683927,2814.368750,314.46,-5.2,0.6,0.00,2893.56,2893.56,JAS2,0.0,94260.9,120776.8,153206.2,,,,,,,,TN393,DLG,TXT: Approaching dock to attach caribiner 
J2-1369,ASNAP,2021/08/23 03:51:44,44.52711922,-125.38036768,-19945108.599054,2814.811982,314.69,-5.2,0.7,0.00,2893.58,2893.58,JAS2,0.0,93960.8,120617.4,152896.0,,,,,,,,TN393,,
J2-1369,ASNAP,2021/08/23 03:52:14,44.52712899,-125.38034481,-19945106.780545,2815.897773,314.57,-5.5,0.3,0.00,2893.51,2893.51,JAS2,0.0,92035.1,119377.9,150736.7,,,,,,,,TN393,,
J2-1369,ASNAP,2021/08/23 03:52:44,44.52712006,-125.38033664,-19945106.130547,2814.905142,314.62,-5.4,0.1,0.00,2893.59,2893.59,JAS2,0.0,92591.7,117892.5,149906.2,,,,,,,,TN393,,
J2-1369,ASNAP,2021/08/23 03:53:14,44.52711393,-125.38036138,-19945108.098321,2814.224244,314.80,-5.4,0.3,0.00,2893.42,2893.42,JAS2,0.0,92499.5,118146.7,150049.3,,,,,,,,TN393,,
J2-1369,ASNAP,2021/08/23 03:53:44,44.52710658,-125.38035615,-19945107.682310,2813.406992,314.41,-6.4,0.1,0.00,2893.55,2893.55,JAS2,0.0,87171.1,118314.1,146959.3,,,,,,,,TN393,,
J2-1369,ASNAP,2021/08/23 03:54:14,44.52709835,-125.38033417,-19945105.933975,2812.492187,314.63,-6.8,0.4,0.00,2893.58,2893.58,JAS2,0.0,85151.9,119809.3,146986.8,,,,,,,,TN393,,
J2-1369,ASNAP,2021/08/23 03:54:44,44.52710510,-125.38032945,-19945105.558841,2813.243318,314.66,-6.6,0.5,0.00,2893.54,2893.54,JAS2,0.0,87081.7,119776.7,148086.8,,,,,,,,TN393,,
J2-1369,EVT,2021/08/23 03:54:47,44.52710621,-125.38032997,-19945105.600177,2813.366242,314.68,-6.2,0.6,0.00,2893.56,2893.56,JAS2,0.0,88372.9,120524.9,149452.4,,,,,,,,TN393,DLG,TXT: Caribiner attached to dock 
J2-1369,ASNAP,2021/08/23 03:55:14,44.52712851,-125.38035221,-19945107.368532,2815.843674,314.86,-5.4,1.1,0.00,2893.56,2893.56,JAS2,0.0,93076.3,122103.1,153532.9,,,,,,,,TN393,,
J2-1369,ASNAP,2021/08/23 03:55:44,44.52713051,-125.38036652,-19945108.506995,2816.066160,314.87,-5.2,0.5,0.00,2893.52,2893.52,JAS2,0.0,94163.3,119731.9,152323.5,,,,,,,,TN393,,
J2-1369,EVT,2021/08/23 03:55:54,44.52712200,-125.38036401,-19945108.307402,2815.120989,314.84,-4.7,-0.2,0.00,2893.59,2893.59,JAS2,0.0,96000.3,115724.3,150360.2,,,,,,,,TN393,DLG,ROV Actions: removed dummy from dock plug actions (Starboard) Manipulator in use
J2-1369,ASNAP,2021/08/23 03:56:14,44.52710323,-125.38035479,-19945107.574202,2813.034775,314.76,-5.7,0.9,0.00,2893.58,2893.58,JAS2,0.0,90458.2,120131.6,150380.5,,,,,,,,TN393,,
J2-1369,ASNAP,2021/08/23 03:56:44,44.52708238,-125.38035414,-19945107.522539,2810.717885,314.65,-6.7,1.8,0.00,2893.54,2893.54,JAS2,0.0,86296.3,126047.9,152758.3,,,,,,,,TN393,,
J2-1369,ASNAP,2021/08/23 03:57:14,44.52709549,-125.38036802,-19945108.626282,2812.174543,314.77,-5.6,1.7,0.00,2893.54,2893.54,JAS2,0.0,91161.3,126732.9,156114.1,,,,,,,,TN393,,
J2-1369,ASNAP,2021/08/23 03:57:44,44.52711027,-125.38035469,-19945107.565728,2813.817678,314.69,-5.4,1.7,0.00,2893.56,2893.56,JAS2,0.0,89765.8,127611.0,156020.7,,,,,,,,TN393,,
J2-1369,EVT,2021/08/23 03:57:47,44.52711055,-125.38035231,-19945107.376476,2813.848532,315.11,-7.4,1.9,0.00,2893.51,2893.51,JAS2,0.0,80555.3,126818.8,150240.3,,,,,,,,TN393,DLG,ROV Actions: Dummy plug removed from cable SBVWW4 actions (Starboard) Manipulator in use
J2-1369,ASNAP,2021/08/23 03:58:14,44.52710587,-125.38034700,-19945106.954633,2813.327926,315.27,-5.7,2.2,0.00,2893.52,2893.52,JAS2,0.0,85123.7,127668.0,153444.4,,,,,,,,TN393,,
J2-1369,EVT,2021/08/23 03:58:31,44.52709728,-125.38035700,-19945107.750040,2812.373687,310.87,-6.9,1.8,0.00,2893.53,2893.53,JAS2,0.0,92518.1,130530.9,159993.4,,,,,,,,TN393,DLG,ROV Actions: Grasping grab bar on dock actions (Starboard) Manipulator in use
J2-1369,ASNAP,2021/08/23 03:58:44,44.52709050,-125.38036228,-19945108.169652,2811.620666,284.94,-6.8,1.6,0.00,2893.51,2893.51,JAS2,0.0,155248.5,141209.1,209862.1,,,,,,,,TN393,,
J2-1369,ASNAP,2021/08/23 03:59:14,44.52707374,-125.38035451,-19945107.552099,2809.758184,291.44,-6.0,2.1,0.00,2893.55,2893.55,JAS2,0.0,141718.9,145085.9,202815.7,,,,,,,,TN393,,
J2-1369,EVT,2021/08/23 03:59:19,44.52707137,-125.38035200,-19945107.351888,2809.494473,291.70,-6.3,2.2,0.00,2893.53,2893.53,JAS2,0.0,139475.2,145200.7,201337.0,,,,,,,,TN393,DLG,TXT: Examining connector 
J2-1369,ASNAP,2021/08/23 03:59:44,44.52707201,-125.38034145,-19945106.513317,2809.565632,292.30,-6.1,3.1,0.00,2893.52,2893.52,JAS2,0.0,139222.7,149480.2,204272.6,,,,,,,,TN393,,
J2-1369,ASNAP,2021/08/23 04:00:14,44.52710637,-125.38030904,-19945103.935877,2813.383353,291.81,-6.2,2.7,0.00,2893.53,2893.53,JAS2,0.0,139966.3,148451.2,204030.2,,,,,,,,TN393,,
J2-1369,ASNAP,2021/08/23 04:00:44,44.52711421,-125.38029353,-19945102.701798,2814.255210,291.03,-6.2,3.2,0.00,2893.51,2893.51,JAS2,0.0,141226.1,150308.3,206245.9,,,,,,,,TN393,,
J2-1369,ASNAP,2021/08/23 04:01:14,44.52709170,-125.38031672,-19945104.546281,2811.753205,291.65,-6.6,2.6,0.00,2893.51,2893.51,JAS2,0.0,137826.7,147683.2,202006.2,,,,,,,,TN393,,
J2-1369,EVT,2021/08/23 04:01:32,44.52709370,-125.38032730,-19945105.387835,2811.976494,292.05,-5.9,1.0,0.00,2893.59,2893.59,JAS2,0.0,141219.7,138106.9,197526.0,,,,,,,,TN393,DLG,Connection Status: SBVMW4-P2 connected to dock cabled_plug Connected
J2-1369,ASNAP,2021/08/23 04:01:44,44.52709752,-125.38033370,-19945105.896948,2812.400906,292.07,-6.1,0.8,0.00,2893.58,2893.58,JAS2,0.0,139857.7,137555.8,196167.8,,,,,,,,TN393,,
J2-1369,ASNAP,2021/08/23 04:02:14,44.52709327,-125.38034175,-19945106.536835,2811.927658,292.15,-5.8,0.9,0.00,2893.53,2893.53,JAS2,0.0,141232.5,137780.0,197306.8,,,,,,,,TN393,,
J2-1369,EVT,2021/08/23 04:02:17,44.52709185,-125.38034156,-19945106.522121,2811.770577,292.24,-5.6,0.8,0.00,2893.54,2893.54,JAS2,0.0,142319.1,137431.0,197843.4,,,,,,,,TN393,DLG,TXT: Examine connection 
J2-1369,ASNAP,2021/08/23 04:02:44,44.52708490,-125.38033403,-19945105.922825,2810.997736,291.24,-5.7,1.0,0.00,2893.53,2893.53,JAS2,0.0,143637.1,137700.1,198979.7,,,,,,,,TN393,,
J2-1369,ASNAP,2021/08/23 04:03:14,44.52709040,-125.38033435,-19945105.948112,2811.609821,290.67,-5.9,0.9,0.00,2893.55,2893.55,JAS2,0.0,144281.6,138252.5,199827.3,,,,,,,,TN393,,
J2-1369,ASNAP,2021/08/23 04:03:44,44.52709409,-125.38034141,-19945106.509785,2812.019041,281.98,-4.9,0.2,0.00,2893.44,2893.44,JAS2,0.0,171660.7,135780.5,218869.2,,,,,,,,TN393,,
J2-1369,ASNAP,2021/08/23 04:04:14,44.52710490,-125.38033137,-19945105.711688,2813.221093,283.08,-4.7,0.9,0.00,2893.42,2893.42,JAS2,0.0,168891.9,138556.9,218454.7,,,,,,,,TN393,,
J2-1369,ASNAP,2021/08/23 04:04:44,44.52711775,-125.38032441,-19945105.157643,2814.647910,311.70,-4.9,0.8,0.00,2893.50,2893.5,JAS2,0.0,102159.6,125421.8,161762.8,,,,,,,,TN393,,
J2-1369,ASNAP,2021/08/23 04:05:14,44.52711433,-125.38033236,-19945105.790532,2814.268273,311.67,-6.0,0.7,0.00,2893.39,2893.39,JAS2,0.0,95699.8,124206.5,156798.3,,,,,,,,TN393,,
J2-1369,EVT,2021/08/23 04:05:43,44.52711441,-125.38034391,-19945106.708927,2814.276974,311.94,-4.5,1.9,0.00,2893.36,2893.36,JAS2,0.0,103954.9,131344.1,167504.9,,,,,,,,TN393,DLG,ROV Actions: Using stbd manip camera to inspect latches actions (Starboard) Manipulator in use
J2-1369,ASNAP,2021/08/23 04:05:44,44.52711442,-125.38034418,-19945106.730218,2814.278393,311.91,-4.6,2.1,0.00,2893.36,2893.36,JAS2,0.0,102533.5,129699.1,165332.9,,,,,,,,TN393,,
J2-1369,ASNAP,2021/08/23 04:06:14,44.52710103,-125.38033871,-19945106.295190,2812.790535,311.98,-4.0,2.6,0.00,2893.42,2893.42,JAS2,0.0,105718.2,133949.5,170642.3,,,,,,,,TN393,,
J2-1369,ASNAP,2021/08/23 04:06:44,44.52707607,-125.38030933,-19945103.958417,2810.017316,312.03,-4.1,2.6,0.00,2893.39,2893.39,JAS2,0.0,105351.5,133744.9,170254.7,,,,,,,,TN393,,
J2-1369,ASNAP,2021/08/23 04:07:14,44.52709258,-125.38030380,-19945103.518575,2811.851177,301.14,-4.1,2.6,0.00,2893.29,2893.29,JAS2,0.0,129757.5,142868.2,192998.3,,,,,,,,TN393,,
J2-1369,ASNAP,2021/08/23 04:07:44,44.52710231,-125.38031564,-19945104.460522,2812.933275,300.75,-5.2,4.2,0.00,2893.31,2893.31,JAS2,0.0,124684.4,151838.5,196471.7,,,,,,,,TN393,,
J2-1369,EVT,2021/08/23 04:08:08,44.52709319,-125.38033436,-19945105.949171,2811.919545,301.03,-3.3,4.5,0.00,2893.25,2893.25,JAS2,0.0,133552.9,153554.6,203507.8,,,,,,,,TN393,DLG,ROV Actions: grabbing grab bar actions (Port) Manipulator in use
J2-1369,ASNAP,2021/08/23 04:08:14,44.52709178,-125.38033826,-19945106.259646,2811.762484,302.99,-4.4,4.4,0.00,2893.19,2893.19,JAS2,0.0,123701.1,151509.8,195594.5,,,,,,,,TN393,,
J2-1369,ASNAP,2021/08/23 04:08:44,44.52710029,-125.38034497,-19945106.793377,2812.708707,302.65,-6.6,2.9,0.00,2892.83,2892.83,JAS2,0.0,113438.8,143759.1,183125.8,,,,,,,,TN393,,
J2-1369,ASNAP,2021/08/23 04:09:14,44.52711678,-125.38033962,-19945106.367283,2814.540575,302.61,-6.9,1.9,0.00,2892.84,2892.84,JAS2,0.0,111116.1,138887.1,177866.3,,,,,,,,TN393,,
J2-1369,EVT,2021/08/23 04:09:31,44.52712140,-125.38034205,-19945106.561111,2815.053671,302.53,-6.5,2.5,0.00,2892.85,2892.85,JAS2,0.0,113992.3,141909.9,182023.8,,,,,,,,TN393,DLG,ROV Actions: releasing bungee on actions (Starboard) Manipulator in use
J2-1369,ASNAP,2021/08/23 04:09:44,44.52711743,-125.38034657,-19945106.919964,2814.612356,302.67,-6.4,2.4,0.00,2892.86,2892.86,JAS2,0.0,114242.5,141330.2,181729.4,,,,,,,,TN393,,
J2-1369,EVT,2021/08/23 04:09:54,44.52711097,-125.38034839,-19945107.065347,2813.895464,302.67,-6.2,2.3,0.00,2892.87,2892.87,JAS2,0.0,115177.8,141021.9,182079.9,,,,,,,,TN393,DLG,ROV Actions: retrieving beacon actions (Starboard) Manipulator in use
J2-1369,ASNAP,2021/08/23 04:10:14,44.52709638,-125.38034347,-19945106.673560,2812.274203,302.59,-6.4,2.7,0.00,2892.86,2892.86,JAS2,0.0,113946.4,143421.7,183176.3,,,,,,,,TN393,,
J2-1369,ASNAP,2021/08/23 04:10:44,44.52709244,-125.38032597,-19945105.281827,2811.835643,302.50,-6.2,3.0,0.00,2892.86,2892.86,JAS2,0.0,115124.9,145872.1,185829.0,,,,,,,,TN393,,
J2-1369,ASNAP,2021/08/23 04:11:14,44.52707319,-125.38032778,-19945105.426195,2809.697215,301.23,-5.7,4.3,0.00,2892.67,2892.67,JAS2,0.0,119300.9,152090.5,193298.3,,,,,,,,TN393,,
J2-1369,ASNAP,2021/08/23 04:11:44,44.52706127,-125.38032328,-19945105.068086,2808.372058,301.41,-4.7,2.3,0.00,2892.76,2892.76,JAS2,0.0,125920.0,141645.0,189523.5,,,,,,,,TN393,,
J2-1369,ASNAP,2021/08/23 04:12:14,44.52708523,-125.38032258,-19945105.012247,2811.034648,301.33,-4.7,2.2,0.00,2892.73,2892.73,JAS2,0.0,126777.1,141656.5,190102.7,,,,,,,,TN393,,
J2-1369,ASNAP,2021/08/23 04:12:44,44.52710393,-125.38032794,-19945105.438327,2813.112799,301.43,-4.7,2.4,0.00,2892.74,2892.74,JAS2,0.0,126070.3,141438.6,189469.3,,,,,,,,TN393,,
J2-1369,ASNAP,2021/08/23 04:13:14,44.52710599,-125.38033052,-19945105.644276,2813.341204,297.49,-4.1,2.6,0.00,2892.41,2892.41,JAS2,0.0,142593.5,144979.5,203351.8,,,,,,,,TN393,,
J2-1369,ASNAP,2021/08/23 04:13:44,44.52710788,-125.38033247,-19945105.798754,2813.552244,265.07,-4.3,2.5,0.00,2891.27,2891.27,JAS2,0.0,213628.7,139032.3,254886.6,,,,,,,,TN393,,
J2-1369,EVT,2021/08/23 04:13:54,44.52710906,-125.38033137,-19945105.711234,2813.682709,265.11,-4.3,2.4,0.00,2891.47,2891.47,JAS2,0.0,213601.2,138665.0,254663.4,,,,,,,,TN393,DLG,TXT: Setting up for photo survey 
J2-1369,ASNAP,2021/08/23 04:14:14,44.52710802,-125.38032558,-19945105.251385,2813.567596,265.23,-4.2,2.3,0.00,2891.41,2891.41,JAS2,0.0,213718.2,137994.7,254397.3,,,,,,,,TN393,,
J2-1369,EVT,2021/08/23 04:14:28,44.52710227,-125.38032033,-19945104.833376,2812.928354,265.17,-4.3,2.4,0.00,2891.37,2891.37,JAS2,0.0,213196.9,138937.1,254472.9,,,,,,,,TN393,DLG,HIGHLIGHTS: Surveying dock highlights 4K highlights start
J2-1369,ASNAP,2021/08/23 04:14:44,44.52709238,-125.38031936,-19945104.756315,2811.829810,286.43,-3.9,2.8,0.00,2891.39,2891.39,JAS2,0.0,163490.8,147680.1,220314.9,,,,,,,,TN393,,
J2-1369,ASNAP,2021/08/23 04:15:14,44.52708468,-125.38034857,-19945107.079733,2810.973723,17.20,-3.9,3.3,0.00,2891.34,2891.34,JAS2,0.0,29967.7,7990.8,31014.7,,,,,,,,TN393,,
J2-1369,ASNAP,2021/08/23 04:15:44,44.52710481,-125.38038330,-19945109.841386,2813.210801,84.59,-4.9,3.3,0.00,2891.63,2891.63,JAS2,0.0,111303.3,-110967.2,157169.1,,,,,,,,TN393,,
J2-1369,ASNAP,2021/08/23 04:16:14,44.52711647,-125.38038242,-19945109.771215,2814.506289,83.28,-4.6,2.9,0.00,2893.05,2893.05,JAS2,0.0,104433.3,-110530.5,152063.5,,,,,,,,TN393,,
J2-1369,ASNAP,2021/08/23 04:16:44,44.52710370,-125.38035329,-19945107.454734,2813.087612,346.59,-4.0,3.5,0.00,2892.76,2892.76,JAS2,0.0,49358.9,86092.7,99238.4,,,,,,,,TN393,,
J2-1369,ASNAP,2021/08/23 04:17:14,44.52710422,-125.38031535,-19945104.437627,2813.144541,253.99,-4.0,2.6,0.00,2892.37,2892.37,JAS2,0.0,243688.7,126512.3,274571.5,,,,,,,,TN393,,
J2-1369,ASNAP,2021/08/23 04:17:44,44.52711886,-125.38030367,-19945103.508849,2814.771768,233.09,-4.5,2.2,0.00,2893.03,2893.03,JAS2,0.0,273511.5,94271.0,289301.8,,,,,,,,TN393,,
J2-1369,ASNAP,2021/08/23 04:18:14,44.52711742,-125.38029172,-19945102.558530,2814.611935,245.10,-4.3,2.3,0.00,2892.11,2892.11,JAS2,0.0,255251.3,113763.6,279455.6,,,,,,,,TN393,,
J2-1369,ASNAP,2021/08/23 04:18:44,44.52710802,-125.38027623,-19945101.326557,2813.566900,259.64,-4.3,2.8,0.00,2892.29,2892.29,JAS2,0.0,225933.2,134239.7,262804.3,,,,,,,,TN393,,
J2-1369,ASNAP,2021/08/23 04:19:14,44.52708645,-125.38030382,-19945103.520251,2811.170156,308.32,-4.0,2.7,0.00,2892.26,2892.26,JAS2,0.0,110468.1,136014.6,175223.2,,,,,,,,TN393,,
J2-1369,ASNAP,2021/08/23 04:19:44,44.52707373,-125.38034126,-19945106.498368,2809.757436,332.36,-4.1,3.3,0.00,2892.25,2892.25,JAS2,0.0,66672.9,109387.3,128104.8,,,,,,,,TN393,,
J2-1369,ASNAP,2021/08/23 04:20:14,44.52707284,-125.38033606,-19945106.084221,2809.658336,332.08,-4.3,3.0,0.00,2892.38,2892.38,JAS2,0.0,66406.4,108240.5,126987.5,,,,,,,,TN393,,
J2-1369,ASNAP,2021/08/23 04:20:44,44.52709791,-125.38033708,-19945106.165306,2812.443638,39.89,-4.2,3.4,0.00,2892.27,2892.27,JAS2,0.0,41508.5,-43765.4,60318.9,,,,,,,,TN393,,
J2-1369,ASNAP,2021/08/23 04:21:14,44.52712206,-125.38035557,-19945107.635800,2815.127520,73.13,-4.6,3.2,0.00,2892.30,2892.3,JAS2,0.0,88685.4,-100916.1,134347.1,,,,,,,,TN393,,
J2-1369,EVT,2021/08/23 04:21:32,44.52712532,-125.38037225,-19945108.962848,2815.489786,73.75,-4.9,3.4,0.00,2892.32,2892.32,JAS2,0.0,88890.9,-99969.3,133773.9,,,,,,,,TN393,DLG,HIGHLIGHTS: complete highlights 4K highlights stop
J2-1369,ASNAP,2021/08/23 04:21:44,44.52712028,-125.38038497,-19945109.974056,2814.929091,73.47,-4.9,3.4,0.00,2892.34,2892.34,JAS2,0.0,88230.9,-99791.7,133203.1,,,,,,,,TN393,,
J2-1369,ASNAP,2021/08/23 04:22:14,44.52710664,-125.38039458,-19945110.738629,2813.413762,73.37,-4.8,3.3,0.00,2892.34,2892.34,JAS2,0.0,87832.2,-100508.7,133478.5,,,,,,,,TN393,,
J2-1369,ASNAP,2021/08/23 04:22:44,44.52709768,-125.38038767,-19945110.189355,2812.418242,73.54,-4.7,3.4,0.00,2892.35,2892.35,JAS2,0.0,88607.7,-99489.3,133227.0,,,,,,,,TN393,,
J2-1369,ASNAP,2021/08/23 04:23:14,44.52708288,-125.38037722,-19945109.357971,2810.773437,73.85,-5.7,1.2,0.00,2892.33,2892.33,JAS2,0.0,84176.5,-110395.1,138826.4,,,,,,,,TN393,,
J2-1369,ASNAP,2021/08/23 04:23:44,44.52708890,-125.38037474,-19945109.160842,2811.442256,74.01,-5.1,1.2,0.00,2892.32,2892.32,JAS2,0.0,87335.8,-109380.1,139969.8,,,,,,,,TN393,,
J2-1369,EVT,2021/08/23 04:23:57,44.52710158,-125.38037518,-19945109.195822,2812.851691,74.08,-5.5,1.2,0.00,2892.34,2892.34,JAS2,0.0,85232.1,-110133.4,139261.9,,,,,,,,TN393,DLG,Sample: 
J2-1369,ASNAP,2021/08/23 04:24:14,44.52711733,-125.38037899,-19945109.498423,2814.602046,74.02,-5.3,2.1,0.00,2892.32,2892.32,JAS2,0.0,86042.7,-105072.8,135807.3,,,,,,,,TN393,,
J2-1369,ASNAP,2021/08/23 04:24:44,44.52713257,-125.38039268,-19945110.587269,2816.295024,69.66,-5.5,2.6,0.00,2892.32,2892.32,JAS2,0.0,72930.1,-94212.4,119141.8,,,,,,,,TN393,,
J2-1369,ASNAP,2021/08/23 04:25:14,44.52709107,-125.38039379,-19945110.675992,2811.683649,359.66,-4.3,2.5,0.00,2889.87,2889.87,JAS2,0.0,33952.3,51020.2,61284.8,,,,,,,,TN393,,
J2-1369,EVT,2021/08/23 04:25:32,44.52702636,-125.38038934,-19945110.321719,2804.492550,224.67,-5.2,1.8,0.00,2889.33,2889.33,JAS2,0.0,283388.1,67795.9,291384.8,,,,,,,,TN393,DLG,Sample: Aft Niskin bottle triggered at 2892m type Niskin sample_name Deep Profiler Dock Sample sample_description Sample taken near DP dock
J2-1369,ASNAP,2021/08/23 04:25:44,44.52698107,-125.38038930,-19945110.318866,2799.460216,189.75,-6.1,1.2,0.00,2889.77,2889.77,JAS2,0.0,290043.7,-7789.9,290148.3,,,,,,,,TN393,,
J2-1369,ASNAP,2021/08/23 04:26:14,44.52679030,-125.38046561,-19945116.387417,2778.262198,228.47,-5.5,1.8,0.00,2889.89,2889.89,JAS2,0.0,273238.0,81064.9,285009.7,,,,,,,,TN393,,
J2-1369,ASNAP,2021/08/23 04:26:44,44.52667893,-125.38065028,-19945131.074335,2765.886457,11.91,-7.0,3.6,0.00,2889.02,2889.02,JAS2,0.0,18235.9,47337.3,50728.4,,,,,,,,TN393,,
J2-1369,ASNAP,2021/08/23 04:27:14,44.52666821,-125.38070502,-19945135.427903,2764.695395,268.21,-4.6,2.9,0.00,2874.97,2874.97,JAS2,0.0,205540.0,143533.5,250696.2,,,,,,,,TN393,,
J2-1369,ASNAP,2021/08/23 04:27:44,44.52667657,-125.38063524,-19945129.877752,2765.624316,268.16,-4.0,2.5,0.00,2857.64,2857.64,JAS2,0.0,208629.3,141835.5,252276.6,,,,,,,,TN393,,
J2-1369,ASNAP,2021/08/23 04:28:14,44.52671180,-125.38055381,-19945123.402208,2769.539328,268.17,-4.2,2.4,0.00,2841.45,2841.45,JAS2,0.0,207675.2,141115.1,251082.6,,,,,,,,TN393,,
J2-1369,ASNAP,2021/08/23 04:28:44,44.52673798,-125.38053481,-19945121.890873,2772.448465,268.16,-4.3,2.2,0.00,2826.03,2826.03,JAS2,0.0,206998.3,140119.4,249963.5,,,,,,,,TN393,,
J2-1369,ASNAP,2021/08/23 04:29:14,44.52673614,-125.38052855,-19945121.392987,2772.243440,268.12,-4.3,2.2,0.00,2810.93,2810.93,JAS2,0.0,207291.1,139981.4,250128.8,,,,,,,,TN393,,
J2-1369,ASNAP,2021/08/23 04:29:44,44.52673913,-125.38049954,-19945119.085598,2772.575858,267.98,-4.3,1.8,0.00,2796.26,2796.26,JAS2,0.0,208006.5,137023.1,249082.4,,,,,,,,TN393,,
J2-1369,ASNAP,2021/08/23 04:30:14,44.52675537,-125.38042559,-19945113.204948,2774.380853,268.08,-3.6,2.1,0.00,2788.18,2788.18,JAS2,0.0,211044.9,139478.3,252970.7,,,,,,,,TN393,,
J2-1369,ASNAP,2021/08/23 04:30:44,44.52675977,-125.38034977,-19945107.174605,2774.868824,48.92,-4.5,3.5,0.00,2789.83,2789.83,JAS2,0.0,32145.5,-22967.2,39507.3,,,,,,,,TN393,,
J2-1369,ASNAP,2021/08/23 04:31:14,44.52676010,-125.38031769,-19945104.623725,2774.905900,271.92,-1.8,0.9,0.00,2777.45,2777.45,JAS2,0.0,228384.3,125995.6,260833.8,,,,,,,,TN393,,
J2-1369,ASNAP,2021/08/23 04:31:44,44.52676503,-125.38030220,-19945103.391707,2775.453935,277.92,-6.2,2.5,0.00,2760.99,2760.99,JAS2,0.0,173436.7,145865.9,226621.2,,,,,,,,TN393,,
J2-1369,ASNAP,2021/08/23 04:32:14,44.52678791,-125.38029051,-19945102.462160,2777.996722,319.63,-6.4,2.7,0.00,2739.99,2739.99,JAS2,0.0,78456.9,125203.1,147754.2,,,,,,,,TN393,,
J2-1369,ASNAP,2021/08/23 04:32:44,44.52681490,-125.38025343,-19945099.512857,2780.995834,319.39,-6.0,3.0,0.00,2717.87,2717.87,JAS2,0.0,80951.5,126758.8,150402.6,,,,,,,,TN393,,
J2-1369,ASNAP,2021/08/23 04:33:14,44.52681426,-125.38021565,-19945096.508409,2780.924543,318.79,-4.6,2.4,0.00,2700.99,2700.99,JAS2,0.0,89801.9,124019.5,153118.3,,,,,,,,TN393,,
J2-1369,ASNAP,2021/08/23 04:33:44,44.52684826,-125.38023450,-19945098.007633,2784.702942,319.01,-5.0,2.1,0.00,2688.03,2688.03,JAS2,0.0,88309.5,120911.6,149727.0,,,,,,,,TN393,,
J2-1369,ASNAP,2021/08/23 04:34:14,44.52691580,-125.38029038,-19945102.451275,2792.207988,318.85,-4.6,2.4,0.00,2676.50,2676.5,JAS2,0.0,88587.3,123166.7,151716.0,,,,,,,,TN393,,
J2-1369,ASNAP,2021/08/23 04:34:44,44.52691519,-125.38026710,-19945100.600105,2792.139269,318.97,-4.7,2.5,0.00,2658.62,2658.62,JAS2,0.0,88448.4,124553.4,152763.4,,,,,,,,TN393,,
J2-1369,ASNAP,2021/08/23 04:35:14,44.52690418,-125.38022064,-19945096.905375,2790.915832,319.40,-5.4,2.6,0.00,2639.94,2639.94,JAS2,0.0,85645.5,123914.9,150632.2,,,,,,,,TN393,,
J2-1369,ASNAP,2021/08/23 04:35:44,44.52691628,-125.38019043,-19945094.502274,2792.260775,318.94,-4.6,2.3,0.00,2621.19,2621.19,JAS2,0.0,88497.2,123687.3,152086.5,,,,,,,,TN393,,
J2-1369,ASNAP,2021/08/23 04:36:14,44.52692829,-125.38016127,-19945092.183503,2793.595313,318.84,-4.1,2.3,0.00,2605.03,2605.03,JAS2,0.0,91802.7,123987.7,154274.7,,,,,,,,TN393,,
J2-1369,ASNAP,2021/08/23 04:36:44,44.52692071,-125.38013646,-19945090.210020,2792.752840,318.84,-4.1,2.3,0.00,2590.06,2590.06,JAS2,0.0,92424.5,123677.3,154396.8,,,,,,,,TN393,,
J2-1369,ASNAP,2021/08/23 04:37:14,44.52691898,-125.38010115,-19945087.402389,2792.560414,319.02,-4.4,2.2,0.00,2575.04,2575.04,JAS2,0.0,90202.1,123095.7,152607.3,,,,,,,,TN393,,
J2-1369,ASNAP,2021/08/23 04:37:44,44.52692919,-125.38007315,-19945085.175276,2793.695220,318.88,-4.5,2.2,0.00,2559.70,2559.7,JAS2,0.0,88978.0,122880.6,151712.7,,,,,,,,TN393,,
J2-1369,ASNAP,2021/08/23 04:38:14,44.52691997,-125.38005597,-19945083.809433,2792.671072,318.95,-4.8,2.2,0.00,2544.39,2544.39,JAS2,0.0,87829.6,122569.4,150788.9,,,,,,,,TN393,,
J2-1369,ASNAP,2021/08/23 04:38:44,44.52691582,-125.38002050,-19945080.987886,2792.210028,318.95,-4.5,2.1,0.00,2529.71,2529.71,JAS2,0.0,89217.1,122351.4,151425.1,,,,,,,,TN393,,
J2-1369,ASNAP,2021/08/23 04:39:14,44.52692819,-125.37996941,-19945076.925196,2793.584174,319.06,-4.4,1.8,0.00,2515.18,2515.18,JAS2,0.0,89887.9,120747.0,150531.3,,,,,,,,TN393,,
J2-1369,ASNAP,2021/08/23 04:39:44,44.52693403,-125.37994231,-19945074.769713,2794.233328,319.11,-4.5,1.8,0.00,2500.64,2500.64,JAS2,0.0,89280.1,120737.5,150161.5,,,,,,,,TN393,,
J2-1369,ASNAP,2021/08/23 04:40:14,44.52693577,-125.37992564,-19945073.444057,2794.427196,319.02,-4.3,1.7,0.00,2486.04,2486.04,JAS2,0.0,89934.6,119709.0,149728.0,,,,,,,,TN393,,
J2-1369,ASNAP,2021/08/23 04:40:44,44.52694019,-125.37990992,-19945072.193667,2794.917325,319.11,-4.3,1.7,0.00,2471.60,2471.6,JAS2,0.0,90381.1,119858.5,150116.0,,,,,,,,TN393,,
J2-1369,ASNAP,2021/08/23 04:41:14,44.52695002,-125.37988284,-19945070.040041,2796.009725,319.06,-4.4,1.4,0.00,2457.15,2457.15,JAS2,0.0,89782.9,117579.5,147938.9,,,,,,,,TN393,,
J2-1369,ASNAP,2021/08/23 04:41:44,44.52693704,-125.37986041,-19945068.256648,2794.568022,319.17,-4.2,1.7,0.00,2442.81,2442.81,JAS2,0.0,90317.7,119184.4,149540.0,,,,,,,,TN393,,
J2-1369,ASNAP,2021/08/23 04:42:14,44.52688576,-125.37987777,-19945069.637249,2788.869698,217.17,-6.8,1.2,0.00,2432.75,2432.75,JAS2,0.0,279339.9,54533.6,284613.3,,,,,,,,TN393,,
J2-1369,ASNAP,2021/08/23 04:42:44,44.52680817,-125.37994715,-19945075.154413,2780.247616,219.39,-5.3,0.8,0.00,2420.06,2420.06,JAS2,0.0,285386.3,58677.4,291356.1,,,,,,,,TN393,,
J2-1369,ASNAP,2021/08/23 04:43:14,44.52672347,-125.38004488,-19945082.926781,2770.835386,220.43,-5.4,1.1,0.00,2406.02,2406.02,JAS2,0.0,283839.3,62099.0,290553.0,,,,,,,,TN393,,
J2-1369,ASNAP,2021/08/23 04:43:44,44.52665514,-125.38011443,-19945088.458425,2763.242735,220.14,-5.2,1.1,0.00,2391.67,2391.67,JAS2,0.0,284978.7,60987.8,291431.6,,,,,,,,TN393,,
J2-1369,ASNAP,2021/08/23 04:44:14,44.52658911,-125.38015673,-19945091.822372,2755.905185,220.05,-4.6,0.8,0.00,2377.15,2377.15,JAS2,0.0,288459.6,60393.6,294714.0,,,,,,,,TN393,,
J2-1369,ASNAP,2021/08/23 04:44:44,44.52652109,-125.38019761,-19945095.073969,2748.347336,219.72,-4.5,0.8,0.00,2362.70,2362.7,JAS2,0.0,289206.1,58769.1,295116.9,,,,,,,,TN393,,
J2-1369,ASNAP,2021/08/23 04:45:14,44.52645849,-125.38024939,-19945099.191655,2741.390899,219.58,-4.3,1.1,0.00,2348.33,2348.33,JAS2,0.0,290444.5,60912.7,296763.2,,,,,,,,TN393,,
J2-1369,ASNAP,2021/08/23 04:45:44,44.52639449,-125.38030576,-19945103.674946,2734.278643,219.83,-4.3,1.0,0.00,2333.72,2333.72,JAS2,0.0,290105.8,60010.9,296247.7,,,,,,,,TN393,,
J2-1369,ASNAP,2021/08/23 04:46:14,44.52631654,-125.38036607,-19945108.471121,2725.617137,219.32,-4.1,1.0,0.00,2319.22,2319.22,JAS2,0.0,291654.5,59223.4,297606.7,,,,,,,,TN393,,
J2-1369,ASNAP,2021/08/23 04:46:44,44.52626359,-125.38041915,-19945112.692851,2719.732897,219.55,-3.8,0.7,0.00,2304.76,2304.76,JAS2,0.0,292597.7,58106.9,298311.7,,,,,,,,TN393,,
J2-1369,ASNAP,2021/08/23 04:47:14,44.52623059,-125.38045558,-19945115.589968,2716.066002,164.46,-5.4,0.0,0.00,2290.65,2290.65,JAS2,0.0,274484.3,-76121.5,284844.1,,,,,,,,TN393,,
J2-1369,ASNAP,2021/08/23 04:47:44,44.52622860,-125.38044710,-19945114.915616,2715.844706,179.68,-7.3,1.8,0.00,2274.53,2274.53,JAS2,0.0,280434.1,-29614.9,281993.5,,,,,,,,TN393,,
J2-1369,ASNAP,2021/08/23 04:48:14,44.52621920,-125.38042924,-19945113.495157,2714.800918,179.57,-7.2,1.4,0.00,2255.86,2255.86,JAS2,0.0,280733.9,-31081.7,282449.3,,,,,,,,TN393,,
J2-1369,ASNAP,2021/08/23 04:48:44,44.52619751,-125.38041987,-19945112.749527,2712.390849,179.30,-7.0,1.7,0.00,2236.94,2236.94,JAS2,0.0,281438.9,-30154.0,283049.7,,,,,,,,TN393,,
J2-1369,ASNAP,2021/08/23 04:49:14,44.52617923,-125.38040312,-19945111.417914,2710.359496,198.89,-5.7,1.5,0.00,2222.41,2222.41,JAS2,0.0,294137.3,14879.9,294513.5,,,,,,,,TN393,,
J2-1369,ASNAP,2021/08/23 04:49:44,44.52615229,-125.38040118,-19945111.263692,2707.365157,198.66,-6.3,0.4,0.00,2210.01,2210.01,JAS2,0.0,291187.2,9640.1,291346.7,,,,,,,,TN393,,
J2-1369,ASNAP,2021/08/23 04:50:14,44.52608724,-125.38044730,-19945114.931692,2700.137420,210.44,-2.7,1.8,0.00,2205.18,2205.18,JAS2,0.0,305655.3,45093.6,308963.7,,,,,,,,TN393,,
J2-1369,ASNAP,2021/08/23 04:50:44,44.52603335,-125.38048873,-19945118.226417,2694.148783,211.41,-5.4,1.6,0.00,2191.88,2191.88,JAS2,0.0,290558.1,44530.9,293950.7,,,,,,,,TN393,,
J2-1369,ASNAP,2021/08/23 04:51:14,44.52601806,-125.38049402,-19945118.646628,2692.449570,211.45,-5.5,1.6,0.00,2176.25,2176.25,JAS2,0.0,289932.3,45045.6,293410.8,,,,,,,,TN393,,
J2-1369,ASNAP,2021/08/23 04:51:44,44.52601441,-125.38050519,-19945119.535276,2692.044444,211.41,-5.6,1.3,0.00,2160.44,2160.44,JAS2,0.0,289881.8,43090.0,293066.9,,,,,,,,TN393,,
J2-1369,ASNAP,2021/08/23 04:52:14,44.52599961,-125.38051764,-19945120.525212,2690.399901,211.30,-5.5,1.4,0.00,2144.74,2144.74,JAS2,0.0,290433.7,43211.2,293630.6,,,,,,,,TN393,,
J2-1369,EVT,2021/08/23 04:52:24,44.52599458,-125.38051789,-19945120.545726,2689.841017,211.29,-5.5,1.7,0.00,2139.93,2139.93,JAS2,0.0,289692.1,44019.2,293017.5,,,,,,,,TN393,DLG,Name: Julie Nelson 
J2-1369,ASNAP,2021/08/23 04:52:44,44.52597552,-125.38051470,-19945120.291261,2687.723181,211.16,-5.6,1.6,0.00,2128.95,2128.95,JAS2,0.0,289782.8,44129.2,293123.6,,,,,,,,TN393,,
J2-1369,ASNAP,2021/08/23 04:53:14,44.52594507,-125.38050995,-19945119.913681,2684.338563,211.12,-5.5,1.5,0.00,2113.25,2113.25,JAS2,0.0,290695.3,42967.5,293853.6,,,,,,,,TN393,,
J2-1369,ASNAP,2021/08/23 04:53:44,44.52593873,-125.38050623,-19945119.617733,2683.634013,191.18,-4.1,-0.1,0.00,2098.26,2098.26,JAS2,0.0,302089.0,-12175.7,302334.3,,,,,,,,TN393,,
J2-1369,ASNAP,2021/08/23 04:54:14,44.52596855,-125.38045852,-19945115.823790,2686.948491,18.52,-6.5,4.5,0.00,2100.65,2100.65,JAS2,0.0,19484.1,25945.0,32446.4,,,,,,,,TN393,,
J2-1369,ASNAP,2021/08/23 04:54:44,44.52598582,-125.38038630,-19945110.079885,2688.867096,178.96,-4.3,3.8,0.00,2090.73,2090.73,JAS2,0.0,291951.4,-33481.7,293865.0,,,,,,,,TN393,,
J2-1369,ASNAP,2021/08/23 04:55:14,44.52599250,-125.38033685,-19945106.147621,2689.609427,296.40,-3.6,1.4,0.00,2077.20,2077.2,JAS2,0.0,153115.3,141616.5,208565.4,,,,,,,,TN393,,
J2-1369,ASNAP,2021/08/23 04:55:44,44.52600392,-125.38034138,-19945106.507816,2690.878257,275.04,-6.0,2.3,0.00,2062.75,2062.75,JAS2,0.0,181856.1,143745.7,231807.0,,,,,,,,TN393,,
J2-1369,ASNAP,2021/08/23 04:56:14,44.52601572,-125.38035018,-19945107.207437,2692.190085,272.83,-6.0,1.9,0.00,2043.10,2043.1,JAS2,0.0,186838.0,140942.5,234036.8,,,,,,,,TN393,,
J2-1369,ASNAP,2021/08/23 04:56:44,44.52603515,-125.38033763,-19945106.209726,2694.349098,272.67,-4.7,1.8,0.00,2027.03,2027.03,JAS2,0.0,194350.2,139194.5,239054.6,,,,,,,,TN393,,
J2-1369,ASNAP,2021/08/23 04:57:14,44.52607144,-125.38031675,-19945104.548815,2698.381248,272.71,-4.6,1.7,0.00,2011.54,2011.54,JAS2,0.0,194528.3,139717.5,239504.2,,,,,,,,TN393,,
J2-1369,ASNAP,2021/08/23 04:57:44,44.52609568,-125.38028342,-19945101.898006,2701.075115,272.62,-4.6,1.7,0.00,1996.55,1996.55,JAS2,0.0,194600.3,139528.6,239452.6,,,,,,,,TN393,,
J2-1369,ASNAP,2021/08/23 04:58:14,44.52610227,-125.38025114,-19945099.331139,2701.807539,272.79,-4.7,1.7,0.00,1981.61,1981.61,JAS2,0.0,194237.9,139278.0,239012.0,,,,,,,,TN393,,
J2-1369,ASNAP,2021/08/23 04:58:44,44.52610760,-125.38022794,-19945097.485521,2702.399918,272.70,-4.4,1.6,0.00,1966.79,1966.79,JAS2,0.0,195460.7,139389.1,240071.3,,,,,,,,TN393,,
J2-1369,ASNAP,2021/08/23 04:59:14,44.52612355,-125.38021227,-19945096.239343,2704.171365,272.83,-4.7,1.7,0.00,1951.99,1951.99,JAS2,0.0,193641.0,139502.7,238658.4,,,,,,,,TN393,,
J2-1369,ASNAP,2021/08/23 04:59:44,44.52614092,-125.38020021,-19945095.280233,2706.102412,272.83,-4.7,1.6,0.00,1937.23,1937.23,JAS2,0.0,193919.2,138864.1,238511.9,,,,,,,,TN393,,
J2-1369,ASNAP,2021/08/23 05:00:14,44.52615356,-125.38018782,-19945094.294815,2707.506150,272.89,-4.8,1.5,0.00,1922.47,1922.47,JAS2,0.0,193300.3,138482.9,237786.7,,,,,,,,TN393,,
J2-1369,ASNAP,2021/08/23 05:00:44,44.52616355,-125.38017819,-19945093.528877,2708.617147,272.84,-4.8,1.6,0.00,1907.78,1907.78,JAS2,0.0,193103.9,138706.5,237757.5,,,,,,,,TN393,,
J2-1369,ASNAP,2021/08/23 05:01:14,44.52617926,-125.38016593,-19945092.554209,2710.362118,272.81,-4.7,1.4,0.00,1893.01,1893.01,JAS2,0.0,193823.7,137887.9,237867.0,,,,,,,,TN393,,
J2-1369,ASNAP,2021/08/23 05:01:44,44.52619550,-125.38014594,-19945090.964266,2712.166773,272.82,-4.8,1.4,0.00,1878.23,1878.23,JAS2,0.0,193844.8,138009.5,237954.7,,,,,,,,TN393,,
J2-1369,ASNAP,2021/08/23 05:02:14,44.52620781,-125.38010820,-19945087.962570,2713.535017,272.93,-4.8,1.4,0.00,1863.68,1863.68,JAS2,0.0,192825.5,137570.0,236869.6,,,,,,,,TN393,,
J2-1369,ASNAP,2021/08/23 05:02:44,44.52622129,-125.38007525,-19945085.342291,2715.032936,272.87,-5.0,1.5,0.00,1848.97,1848.97,JAS2,0.0,192015.5,138129.0,236536.7,,,,,,,,TN393,,
J2-1369,ASNAP,2021/08/23 05:03:14,44.52623378,-125.38005440,-19945083.684604,2716.420610,272.85,-5.0,1.4,0.00,1834.10,1834.1,JAS2,0.0,191723.3,137858.5,236141.5,,,,,,,,TN393,,
J2-1369,ASNAP,2021/08/23 05:03:44,44.52624525,-125.38003823,-19945082.397846,2717.694788,272.86,-5.1,1.3,0.00,1819.20,1819.2,JAS2,0.0,191463.8,137389.5,235657.1,,,,,,,,TN393,,
J2-1369,ASNAP,2021/08/23 05:04:14,44.52624955,-125.38003530,-19945082.165500,2718.173063,272.83,-4.9,1.5,0.00,1804.47,1804.47,JAS2,0.0,192924.0,137982.2,237189.3,,,,,,,,TN393,,
J2-1369,ASNAP,2021/08/23 05:04:44,44.52625532,-125.38003550,-19945082.181220,2718.814140,272.85,-4.9,1.5,0.00,1789.66,1789.66,JAS2,0.0,192817.8,138040.9,237137.1,,,,,,,,TN393,,
J2-1369,ASNAP,2021/08/23 05:05:14,44.52626710,-125.38002820,-19945081.600618,2720.123059,272.87,-5.1,1.3,0.00,1774.89,1774.89,JAS2,0.0,191435.9,136991.3,235402.4,,,,,,,,TN393,,
J2-1369,ASNAP,2021/08/23 05:05:44,44.52627895,-125.38000773,-19945079.972955,2721.440169,273.00,-5.2,1.4,0.00,1760.18,1760.18,JAS2,0.0,190361.7,137663.1,234922.7,,,,,,,,TN393,,
J2-1369,ASNAP,2021/08/23 05:06:14,44.52628966,-125.38000234,-19945079.544075,2722.630754,273.22,-6.9,1.8,0.00,1745.49,1745.49,JAS2,0.0,181080.4,139959.3,228864.0,,,,,,,,TN393,,
J2-1369,ASNAP,2021/08/23 05:06:44,44.52629730,-125.38003702,-19945082.302279,2723.478637,273.32,-6.3,1.9,0.00,1730.10,1730.1,JAS2,0.0,184367.8,140214.5,231628.1,,,,,,,,TN393,,
J2-1369,ASNAP,2021/08/23 05:07:14,44.52630910,-125.38010148,-19945087.428568,2724.790255,273.17,-6.2,1.7,0.00,1714.34,1714.34,JAS2,0.0,184711.0,139425.2,231425.0,,,,,,,,TN393,,
J2-1369,ASNAP,2021/08/23 05:07:44,44.52632689,-125.38016221,-19945092.258034,2726.767219,273.13,-5.6,1.7,0.00,1698.71,1698.71,JAS2,0.0,188554.6,139388.4,234482.3,,,,,,,,TN393,,
J2-1369,ASNAP,2021/08/23 05:08:14,44.52634099,-125.38019207,-19945094.633392,2728.333808,272.81,-5.3,1.3,0.00,1683.48,1683.48,JAS2,0.0,190428.7,137168.1,234687.4,,,,,,,,TN393,,
J2-1369,ASNAP,2021/08/23 05:08:44,44.52635737,-125.38019418,-19945094.801052,2730.153879,272.85,-5.2,1.3,0.00,1668.49,1668.49,JAS2,0.0,190789.0,137174.5,234983.6,,,,,,,,TN393,,
J2-1369,ASNAP,2021/08/23 05:09:14,44.52638154,-125.38020744,-19945095.855744,2732.839666,272.77,-5.2,1.2,0.00,1653.56,1653.56,JAS2,0.0,191288.0,136543.9,235022.0,,,,,,,,TN393,,
J2-1369,ASNAP,2021/08/23 05:09:44,44.52639576,-125.38023169,-19945097.783671,2734.419829,272.85,-4.9,1.0,0.00,1638.62,1638.62,JAS2,0.0,193068.6,135706.4,235990.9,,,,,,,,TN393,,
J2-1369,ASNAP,2021/08/23 05:10:14,44.52640673,-125.38024923,-19945099.178755,2735.639609,272.77,-5.1,1.1,0.00,1623.63,1623.63,JAS2,0.0,191959.0,135643.1,235047.5,,,,,,,,TN393,,
J2-1369,ASNAP,2021/08/23 05:10:44,44.52641873,-125.38026493,-19945100.427492,2736.972917,272.76,-4.8,1.0,0.00,1608.71,1608.71,JAS2,0.0,193135.3,135345.2,235838.0,,,,,,,,TN393,,
J2-1369,ASNAP,2021/08/23 05:11:14,44.52643262,-125.38028567,-19945102.077309,2738.515917,272.67,-4.8,0.8,0.00,1593.98,1593.98,JAS2,0.0,193587.2,134286.1,235603.0,,,,,,,,TN393,,
J2-1369,ASNAP,2021/08/23 05:11:44,44.52644243,-125.38029736,-19945103.006838,2739.606407,272.71,-5.0,1.0,0.00,1579.28,1579.28,JAS2,0.0,192570.2,135695.3,235576.9,,,,,,,,TN393,,
J2-1369,ASNAP,2021/08/23 05:12:14,44.52644489,-125.38030487,-19945103.604318,2739.879330,272.72,-4.8,1.0,0.00,1564.64,1564.64,JAS2,0.0,193087.8,135458.1,235863.9,,,,,,,,TN393,,
J2-1369,ASNAP,2021/08/23 05:12:44,44.52644833,-125.38032417,-19945105.139090,2740.261944,272.60,-4.7,0.9,0.00,1549.88,1549.88,JAS2,0.0,194595.8,134457.6,236529.9,,,,,,,,TN393,,
J2-1369,ASNAP,2021/08/23 05:13:14,44.52645734,-125.38033753,-19945106.201723,2741.263108,272.65,-4.7,-0.3,0.00,1535.17,1535.17,JAS2,0.0,194060.4,128579.7,232792.1,,,,,,,,TN393,,
J2-1369,ASNAP,2021/08/23 05:13:44,44.52645865,-125.38035557,-19945107.636508,2741.408545,272.59,-4.2,-0.4,0.00,1520.39,1520.39,JAS2,0.0,196562.8,128210.1,234680.1,,,,,,,,TN393,,
J2-1369,EVT,2021/08/23 05:14:10,44.52646346,-125.38036855,-19945108.668161,2741.942596,272.57,-4.3,-0.6,0.00,1508.08,1508.08,JAS2,0.0,196679.5,126710.7,233962.5,,,,,,,,TN393,DLG,Sample: 
J2-1369,ASNAP,2021/08/23 05:14:14,44.52646452,-125.38036930,-19945108.728430,2742.060997,272.68,-4.4,-0.6,0.00,1505.63,1505.63,JAS2,0.0,195537.3,127091.3,233210.3,,,,,,,,TN393,,
J2-1369,ASNAP,2021/08/23 05:14:44,44.52647208,-125.38035942,-19945107.941968,2742.900960,273.14,-5.0,-0.3,0.00,1501.06,1501.06,JAS2,0.0,191331.3,128911.1,230707.1,,,,,,,,TN393,,
J2-1369,ASNAP,2021/08/23 05:15:14,44.52647193,-125.38032018,-19945104.821212,2742.884344,272.43,-4.4,-0.2,0.00,1499.99,1499.99,JAS2,0.0,195169.8,129778.5,234379.4,,,,,,,,TN393,,
J2-1369,EVT,2021/08/23 05:15:37,44.52647178,-125.38027398,-19945101.147177,2742.867678,272.36,-5.1,0.3,0.00,1499.99,1499.99,JAS2,0.0,193127.5,132382.0,234143.6,,,,,,,,TN393,DLG,Sample: 
J2-1369,ASNAP,2021/08/23 05:15:44,44.52647340,-125.38025938,-19945099.986090,2743.047745,272.06,-5.0,0.6,0.00,1499.96,1499.96,JAS2,0.0,194356.7,134766.5,236509.1,,,,,,,,TN393,,
J2-1369,EVT,2021/08/23 05:16:01,44.52647932,-125.38023314,-19945097.899542,2743.705244,272.55,-5.1,1.4,0.00,1499.86,1499.86,JAS2,0.0,192659.9,137836.8,236889.9,,,,,,,,TN393,DLG,Sample: type Niskin sample_description Forward Niskin 1500 m
J2-1369,ASNAP,2021/08/23 05:16:14,44.52648065,-125.38023306,-19945097.892605,2743.853701,272.66,-4.8,1.4,0.00,1497.10,1497.1,JAS2,0.0,195465.3,137294.1,238864.8,,,,,,,,TN393,,
J2-1369,ASNAP,2021/08/23 05:16:44,44.52644514,-125.38031199,-19945104.170125,2739.907882,227.49,-5.5,0.7,0.00,1492.16,1492.16,JAS2,0.0,274715.9,73730.5,284438.0,,,,,,,,TN393,,
J2-1369,ASNAP,2021/08/23 05:17:14,44.52639527,-125.38039231,-19945110.558401,2734.365762,234.00,-4.9,1.4,0.00,1485.36,1485.36,JAS2,0.0,268639.3,91398.8,283761.9,,,,,,,,TN393,,
J2-1369,ASNAP,2021/08/23 05:17:44,44.52640652,-125.38038484,-19945109.963687,2735.616314,292.92,-4.6,2.2,0.00,1473.12,1473.12,JAS2,0.0,146933.1,143913.7,205670.9,,,,,,,,TN393,,
J2-1369,ASNAP,2021/08/23 05:18:14,44.52643111,-125.38036565,-19945108.437572,2738.348667,293.05,-4.3,1.8,0.00,1456.63,1456.63,JAS2,0.0,148389.1,141927.1,205335.4,,,,,,,,TN393,,
J2-1369,ASNAP,2021/08/23 05:18:44,44.52645133,-125.38034407,-19945106.721568,2740.595130,292.93,-3.9,1.7,0.00,1439.38,1439.38,JAS2,0.0,150965.1,141483.9,206901.4,,,,,,,,TN393,,
J2-1369,ASNAP,2021/08/23 05:19:14,44.52646782,-125.38032630,-19945105.308536,2742.427888,293.06,-3.7,1.7,0.00,1423.46,1423.46,JAS2,0.0,151620.9,140918.9,206995.3,,,,,,,,TN393,,
J2-1369,ASNAP,2021/08/23 05:19:44,44.52649136,-125.38030669,-19945103.748971,2745.043659,292.99,-3.9,1.7,0.00,1408.07,1408.07,JAS2,0.0,151113.1,140791.3,206536.6,,,,,,,,TN393,,
J2-1369,ASNAP,2021/08/23 05:20:14,44.52650130,-125.38025282,-19945099.464584,2746.147560,291.03,-3.9,1.6,0.00,1398.72,1398.72,JAS2,0.0,157722.3,141448.5,211858.5,,,,,,,,TN393,,
J2-1369,ASNAP,2021/08/23 05:20:44,44.52648869,-125.38018114,-19945093.763559,2744.746711,290.99,-2.8,1.9,0.00,1392.39,1392.39,JAS2,0.0,164064.9,146010.9,219628.1,,,,,,,,TN393,,
J2-1369,ASNAP,2021/08/23 05:21:14,44.52647931,-125.38015730,-19945091.867452,2743.704152,264.36,-4.0,-0.9,0.00,1379.85,1379.85,JAS2,0.0,220182.7,114568.3,248206.3,,,,,,,,TN393,,
J2-1369,ASNAP,2021/08/23 05:21:44,44.52648605,-125.38017705,-19945093.438218,2744.453788,265.26,-6.3,1.6,0.00,1361.60,1361.6,JAS2,0.0,202201.7,133696.1,242405.0,,,,,,,,TN393,,
J2-1369,ASNAP,2021/08/23 05:22:14,44.52651469,-125.38017893,-19945093.588275,2747.635706,265.94,-5.8,0.9,0.00,1339.86,1339.86,JAS2,0.0,204002.5,130400.3,242118.3,,,,,,,,TN393,,
J2-1369,ASNAP,2021/08/23 05:22:44,44.52654364,-125.38015668,-19945091.818625,2750.853241,265.30,-5.0,1.0,0.00,1323.34,1323.34,JAS2,0.0,209503.1,130768.9,246965.7,,,,,,,,TN393,,
J2-1369,ASNAP,2021/08/23 05:23:14,44.52656841,-125.38014303,-19945090.732531,2753.605239,265.39,-5.0,0.8,0.00,1308.40,1308.4,JAS2,0.0,209120.5,128985.9,245700.5,,,,,,,,TN393,,
J2-1369,ASNAP,2021/08/23 05:23:44,44.52659062,-125.38013620,-19945090.190080,2756.073576,265.47,-4.9,0.5,0.00,1293.63,1293.63,JAS2,0.0,209601.8,128197.9,245698.2,,,,,,,,TN393,,
J2-1369,ASNAP,2021/08/23 05:24:14,44.52659732,-125.38012238,-19945089.090956,2756.818007,231.49,-5.8,0.7,0.00,1278.95,1278.95,JAS2,0.0,272327.5,75907.8,282708.8,,,,,,,,TN393,,
J2-1369,ASNAP,2021/08/23 05:24:44,44.52658536,-125.38012669,-19945089.433266,2755.488540,221.64,-6.9,0.3,0.00,1264.69,1264.69,JAS2,0.0,274820.9,58680.8,281016.0,,,,,,,,TN393,,
J2-1369,ASNAP,2021/08/23 05:25:14,44.52656895,-125.38015533,-19945091.710910,2753.665365,222.00,-6.8,-0.2,0.00,1250.24,1250.24,JAS2,0.0,274177.9,56331.9,279905.0,,,,,,,,TN393,,
J2-1369,ASNAP,2021/08/23 05:25:44,44.52655686,-125.38018295,-19945093.907727,2752.321607,222.02,-6.8,-0.3,0.00,1235.28,1235.28,JAS2,0.0,274421.7,56135.7,280104.5,,,,,,,,TN393,,
J2-1369,ASNAP,2021/08/23 05:26:14,44.52655334,-125.38020489,-19945095.652494,2751.930312,221.96,-6.7,-0.3,0.00,1220.22,1220.22,JAS2,0.0,275139.3,54638.1,280511.9,,,,,,,,TN393,,
J2-1369,ASNAP,2021/08/23 05:26:44,44.52655904,-125.38022137,-19945096.963633,2752.564449,222.17,-6.8,-0.6,0.00,1205.21,1205.21,JAS2,0.0,274400.0,54562.7,279772.2,,,,,,,,TN393,,
J2-1369,ASNAP,2021/08/23 05:27:14,44.52654210,-125.38023534,-19945098.074396,2750.681879,221.95,-6.6,-0.7,0.00,1190.31,1190.31,JAS2,0.0,276043.9,52642.4,281018.6,,,,,,,,TN393,,
J2-1369,ASNAP,2021/08/23 05:27:44,44.52651178,-125.38024474,-19945098.821497,2747.312310,222.11,-6.5,-0.1,0.00,1175.54,1175.54,JAS2,0.0,276435.1,57160.5,282283.0,,,,,,,,TN393,,
J2-1369,ASNAP,2021/08/23 05:28:14,44.52650709,-125.38024867,-19945099.134028,2746.791144,222.29,-6.6,0.0,0.00,1160.77,1160.77,JAS2,0.0,275484.5,57670.1,281456.2,,,,,,,,TN393,,
J2-1369,ASNAP,2021/08/23 05:28:44,44.52650451,-125.38025998,-19945100.033863,2746.504107,222.31,-6.5,0.2,0.00,1145.92,1145.92,JAS2,0.0,275393.1,59427.2,281732.1,,,,,,,,TN393,,
J2-1369,ASNAP,2021/08/23 05:29:14,44.52649385,-125.38027688,-19945101.377724,2745.319642,222.42,-6.5,0.6,0.00,1131.31,1131.31,JAS2,0.0,275631.9,62095.8,282539.9,,,,,,,,TN393,,
J2-1369,ASNAP,2021/08/23 05:29:44,44.52647439,-125.38030401,-19945103.535722,2743.158142,222.88,-6.5,0.9,0.00,1115.90,1115.9,JAS2,0.0,275192.0,64012.3,282538.9,,,,,,,,TN393,,
J2-1369,ASNAP,2021/08/23 05:30:14,44.52643647,-125.38034591,-19945106.867790,2738.943640,212.40,-5.3,1.0,0.00,1103.52,1103.52,JAS2,0.0,291066.3,42228.3,294113.7,,,,,,,,TN393,,
J2-1369,ASNAP,2021/08/23 05:30:44,44.52639841,-125.38034235,-19945106.585104,2734.714147,213.12,-6.4,0.3,0.00,1091.63,1091.63,JAS2,0.0,284640.4,39908.1,287424.5,,,,,,,,TN393,,
J2-1369,ASNAP,2021/08/23 05:31:14,44.52636563,-125.38027491,-19945101.221587,2731.072319,172.94,-6.6,2.4,0.00,1079.14,1079.14,JAS2,0.0,279038.7,-40828.9,282010.0,,,,,,,,TN393,,
J2-1369,ASNAP,2021/08/23 05:31:44,44.52630203,-125.38022954,-19945097.612776,2724.004364,176.51,-5.4,-0.3,0.00,1065.93,1065.93,JAS2,0.0,289425.1,-46699.0,293168.3,,,,,,,,TN393,,
J2-1369,ASNAP,2021/08/23 05:32:14,44.52621474,-125.38024445,-19945098.798917,2714.305481,193.10,-5.3,1.4,0.00,1052.24,1052.24,JAS2,0.0,296840.0,-203.2,296840.1,,,,,,,,TN393,,
J2-1369,ASNAP,2021/08/23 05:32:44,44.52614916,-125.38026762,-19945100.641281,2707.017665,193.28,-5.3,1.3,0.00,1038.17,1038.17,JAS2,0.0,296534.8,-82.7,296534.8,,,,,,,,TN393,,
J2-1369,ASNAP,2021/08/23 05:33:14,44.52608760,-125.38027735,-19945101.415020,2700.177374,193.17,-5.1,1.8,0.00,1023.82,1023.82,JAS2,0.0,297280.5,1984.7,297287.2,,,,,,,,TN393,,
J2-1369,ASNAP,2021/08/23 05:33:44,44.52603472,-125.38027747,-19945101.425208,2694.300882,193.01,-4.6,1.3,0.00,1009.37,1009.37,JAS2,0.0,300123.4,-806.2,300124.5,,,,,,,,TN393,,
J2-1369,ASNAP,2021/08/23 05:34:14,44.52597456,-125.38028141,-19945101.737895,2687.615680,192.73,-4.6,1.2,0.00,994.97,994.97,JAS2,0.0,300254.1,-3032.1,300269.5,,,,,,,,TN393,,
J2-1369,ASNAP,2021/08/23 05:34:44,44.52596499,-125.38030333,-19945103.481110,2686.552480,278.76,-5.2,3.4,0.00,980.49,980.49,JAS2,0.0,170803.4,150215.2,227460.8,,,,,,,,TN393,,
J2-1369,ASNAP,2021/08/23 05:35:14,44.52600877,-125.38031469,-19945104.384896,2691.417476,272.92,-4.2,1.6,0.00,967.29,967.29,JAS2,0.0,197227.7,138422.5,240955.5,,,,,,,,TN393,,
J2-1369,ASNAP,2021/08/23 05:35:44,44.52603598,-125.38028736,-19945102.211158,2694.440657,274.63,-5.2,1.5,0.00,952.52,952.52,JAS2,0.0,187695.1,138838.0,233464.0,,,,,,,,TN393,,
J2-1369,ASNAP,2021/08/23 05:36:14,44.52602987,-125.38026437,-19945100.382893,2693.762175,274.34,-4.9,1.4,0.00,938.42,938.42,JAS2,0.0,190091.4,137727.1,234741.4,,,,,,,,TN393,,
J2-1369,ASNAP,2021/08/23 05:36:44,44.52601638,-125.38025486,-19945099.626629,2692.263487,274.28,-5.1,1.7,0.00,924.45,924.45,JAS2,0.0,189100.9,139224.9,234824.9,,,,,,,,TN393,,
J2-1369,ASNAP,2021/08/23 05:37:14,44.52600377,-125.38024633,-19945098.948490,2690.862132,273.78,-5.1,1.5,0.00,910.44,910.44,JAS2,0.0,190767.3,137917.8,235400.7,,,,,,,,TN393,,
J2-1369,ASNAP,2021/08/23 05:37:44,44.52599789,-125.38023582,-19945098.112783,2690.208634,274.36,-5.3,1.6,0.00,896.40,896.4,JAS2,0.0,188384.1,138928.3,234071.8,,,,,,,,TN393,,
J2-1369,ASNAP,2021/08/23 05:38:14,44.52599809,-125.38022115,-19945096.945970,2690.230452,274.37,-5.5,1.6,0.00,882.18,882.18,JAS2,0.0,187027.1,138752.7,232876.4,,,,,,,,TN393,,
J2-1369,ASNAP,2021/08/23 05:38:44,44.52599640,-125.38020020,-19945095.279485,2690.042448,274.41,-5.3,1.6,0.00,868.04,868.04,JAS2,0.0,187923.1,138872.3,233667.7,,,,,,,,TN393,,
J2-1369,ASNAP,2021/08/23 05:39:14,44.52598717,-125.38017602,-19945093.356623,2689.016958,274.41,-5.5,1.4,0.00,853.88,853.88,JAS2,0.0,186920.7,138059.9,232378.8,,,,,,,,TN393,,
J2-1369,ASNAP,2021/08/23 05:39:44,44.52597685,-125.38015892,-19945091.997010,2687.870919,274.46,-5.5,1.5,0.00,839.67,839.67,JAS2,0.0,186844.7,138463.5,232557.7,,,,,,,,TN393,,
J2-1369,ASNAP,2021/08/23 05:40:14,44.52596604,-125.38014955,-19945091.251122,2686.669724,274.02,-5.5,1.5,0.00,825.49,825.49,JAS2,0.0,187960.9,138514.0,233485.4,,,,,,,,TN393,,
J2-1369,ASNAP,2021/08/23 05:40:44,44.52594639,-125.38014401,-19945090.811180,2684.485197,274.31,-5.4,2.4,0.00,813.57,813.57,JAS2,0.0,188156.8,143409.2,236578.1,,,,,,,,TN393,,
J2-1369,ASNAP,2021/08/23 05:41:14,44.52591358,-125.38013301,-19945089.936344,2680.840123,276.19,-5.1,2.3,0.00,802.14,802.14,JAS2,0.0,185681.8,144069.7,235018.8,,,,,,,,TN393,,
J2-1369,ASNAP,2021/08/23 05:41:44,44.52590067,-125.38011357,-19945088.390229,2679.405430,201.88,-3.9,-0.7,0.00,787.92,787.92,JAS2,0.0,302873.9,4050.5,302901.0,,,,,,,,TN393,,
J2-1369,ASNAP,2021/08/23 05:42:14,44.52591782,-125.38009550,-19945086.953281,2681.311066,264.16,-4.6,1.9,0.00,773.76,773.76,JAS2,0.0,220314.5,131945.1,256803.4,,,,,,,,TN393,,
J2-1369,ASNAP,2021/08/23 05:42:44,44.52593212,-125.38007923,-19945085.658959,2682.899657,148.20,-8.4,1.4,0.00,759.90,759.9,JAS2,0.0,233123.6,-95944.6,252095.2,,,,,,,,TN393,,
J2-1369,ASNAP,2021/08/23 05:43:14,44.52595661,-125.38010443,-19945087.663187,2685.621802,277.89,-6.7,0.8,0.00,744.80,744.8,JAS2,0.0,170687.5,135959.5,218218.3,,,,,,,,TN393,,
J2-1369,ASNAP,2021/08/23 05:43:44,44.52596903,-125.38016880,-19945092.782113,2687.001769,277.34,-5.4,1.0,0.00,728.26,728.26,JAS2,0.0,180693.2,137071.8,226801.0,,,,,,,,TN393,,
J2-1369,ASNAP,2021/08/23 05:44:14,44.52595744,-125.38019679,-19945095.008395,2685.713388,280.29,-5.3,1.2,0.00,713.09,713.09,JAS2,0.0,174723.6,138812.7,223153.1,,,,,,,,TN393,,
J2-1369,ASNAP,2021/08/23 05:44:44,44.52594305,-125.38019911,-19945095.193037,2684.114630,280.44,-5.5,1.7,0.00,698.30,698.3,JAS2,0.0,172913.3,141810.6,223627.5,,,,,,,,TN393,,
J2-1369,ASNAP,2021/08/23 05:45:14,44.52593218,-125.38019658,-19945094.991822,2682.906843,277.86,-5.2,0.8,0.00,680.26,680.26,JAS2,0.0,180765.7,135833.1,226112.5,,,,,,,,TN393,,
J2-1369,ASNAP,2021/08/23 05:45:44,44.52592646,-125.38021881,-19945096.759841,2682.271240,276.83,-5.3,1.4,0.00,662.65,662.65,JAS2,0.0,182480.4,138477.3,229074.4,,,,,,,,TN393,,
J2-1369,ASNAP,2021/08/23 05:46:14,44.52594116,-125.38030615,-19945103.705384,2683.904327,275.54,-4.8,0.8,0.00,647.67,647.67,JAS2,0.0,187745.9,134843.3,231151.9,,,,,,,,TN393,,
J2-1369,ASNAP,2021/08/23 05:46:44,44.52596027,-125.38040945,-19945111.921450,2686.028486,275.98,-5.2,0.7,0.00,631.22,631.22,JAS2,0.0,184861.0,134835.6,228810.5,,,,,,,,TN393,,
J2-1369,ASNAP,2021/08/23 05:47:14,44.52596075,-125.38047959,-19945117.499271,2686.081769,276.61,-5.4,1.2,0.00,614.67,614.67,JAS2,0.0,182280.9,137573.1,228369.7,,,,,,,,TN393,,
J2-1369,ASNAP,2021/08/23 05:47:44,44.52594621,-125.38051567,-19945120.368717,2684.465974,276.87,-4.0,0.8,0.00,600.73,600.73,JAS2,0.0,189074.5,135534.7,232634.6,,,,,,,,TN393,,
J2-1369,ASNAP,2021/08/23 05:48:14,44.52592127,-125.38052944,-19945121.464080,2681.693824,277.13,-4.7,1.4,0.00,586.25,586.25,JAS2,0.0,184996.7,139015.8,231406.9,,,,,,,,TN393,,
J2-1369,ASNAP,2021/08/23 05:48:44,44.52589701,-125.38054911,-19945123.028446,2678.998827,276.96,-4.8,1.4,0.00,571.66,571.66,JAS2,0.0,184879.8,138824.1,231198.3,,,,,,,,TN393,,
J2-1369,ASNAP,2021/08/23 05:49:14,44.52587643,-125.38057412,-19945125.017001,2676.711944,277.11,-4.9,1.1,0.00,557.05,557.05,JAS2,0.0,183718.1,137510.5,229480.9,,,,,,,,TN393,,
J2-1369,ASNAP,2021/08/23 05:49:44,44.52585755,-125.38059606,-19945126.762468,2674.613819,277.03,-4.8,1.3,0.00,542.22,542.22,JAS2,0.0,184708.0,138377.9,230793.2,,,,,,,,TN393,,
J2-1369,ASNAP,2021/08/23 05:50:14,44.52583691,-125.38061946,-19945128.622817,2672.320527,277.48,-5.0,1.4,0.00,527.47,527.47,JAS2,0.0,182136.0,139277.3,229285.2,,,,,,,,TN393,,
J2-1369,ASNAP,2021/08/23 05:50:44,44.52581607,-125.38065337,-19945131.320288,2670.004175,277.16,-4.4,1.4,0.00,512.43,512.43,JAS2,0.0,186427.8,139114.7,232611.7,,,,,,,,TN393,,
J2-1369,ASNAP,2021/08/23 05:51:14,44.52580228,-125.38067877,-19945133.340242,2668.471675,277.28,-4.5,1.4,0.00,497.16,497.16,JAS2,0.0,185631.5,139034.2,231925.8,,,,,,,,TN393,,
J2-1369,ASNAP,2021/08/23 05:51:44,44.52581291,-125.38067732,-19945133.224931,2669.653130,276.63,-4.3,2.5,0.00,480.34,480.34,JAS2,0.0,188671.0,144525.2,237664.2,,,,,,,,TN393,,
J2-1369,ASNAP,2021/08/23 05:52:14,44.52584050,-125.38068039,-19945133.468670,2672.718727,276.58,-4.3,2.6,0.00,461.31,461.31,JAS2,0.0,188659.0,145337.7,238149.7,,,,,,,,TN393,,
J2-1369,ASNAP,2021/08/23 05:52:44,44.52585411,-125.38068701,-19945133.995227,2674.231040,277.74,-3.7,1.5,0.00,444.09,444.09,JAS2,0.0,189135.5,140002.4,235314.5,,,,,,,,TN393,,
J2-1369,ASNAP,2021/08/23 05:53:14,44.52587022,-125.38067857,-19945133.324033,2676.021784,276.45,-3.9,2.3,0.00,429.48,429.48,JAS2,0.0,190707.7,143661.1,238763.4,,,,,,,,TN393,,
J2-1369,ASNAP,2021/08/23 05:53:44,44.52588101,-125.38066182,-19945131.992314,2677.220641,278.14,-3.2,1.3,0.00,414.47,414.47,JAS2,0.0,191032.8,138432.7,235917.7,,,,,,,,TN393,,
J2-1369,ASNAP,2021/08/23 05:54:14,44.52587393,-125.38064412,-19945130.584581,2676.433558,276.42,-4.8,2.3,0.00,406.15,406.15,JAS2,0.0,186432.5,143296.4,235140.2,,,,,,,,TN393,,
J2-1369,ASNAP,2021/08/23 05:54:44,44.52588568,-125.38063528,-19945129.881465,2677.739033,276.34,-4.3,2.0,0.00,391.32,391.32,JAS2,0.0,189048.9,141448.9,236108.6,,,,,,,,TN393,,
J2-1369,ASNAP,2021/08/23 05:55:14,44.52591189,-125.38063870,-19945130.153678,2680.652578,276.51,-3.7,1.9,0.00,375.21,375.21,JAS2,0.0,192092.3,140983.9,238277.0,,,,,,,,TN393,,
J2-1369,ASNAP,2021/08/23 05:55:44,44.52593486,-125.38063525,-19945129.878901,2683.204226,276.31,-3.7,2.1,0.00,359.20,359.2,JAS2,0.0,192571.5,142154.2,239356.6,,,,,,,,TN393,,
J2-1369,ASNAP,2021/08/23 05:56:14,44.52595168,-125.38062721,-19945129.239719,2685.073740,276.46,-3.9,2.0,0.00,343.46,343.46,JAS2,0.0,190952.1,141762.5,237822.0,,,,,,,,TN393,,
J2-1369,ASNAP,2021/08/23 05:56:44,44.52593338,-125.38063222,-19945129.637631,2683.039904,281.82,-3.9,2.4,0.00,329.86,329.86,JAS2,0.0,178954.5,145682.7,230755.7,,,,,,,,TN393,,
J2-1369,ASNAP,2021/08/23 05:57:14,44.52587625,-125.38064899,-19945130.971981,2676.691598,281.24,-3.9,3.0,0.00,321.63,321.63,JAS2,0.0,180004.9,148659.2,233455.2,,,,,,,,TN393,,
J2-1369,ASNAP,2021/08/23 05:57:44,44.52584247,-125.38060716,-19945127.644834,2672.937701,279.59,-2.9,1.5,0.00,309.63,309.63,JAS2,0.0,189050.9,139734.0,235086.9,,,,,,,,TN393,,
J2-1369,ASNAP,2021/08/23 05:58:14,44.52583814,-125.38049571,-19945118.781097,2672.457388,281.32,-3.7,1.2,0.00,297.80,297.8,JAS2,0.0,183805.5,139638.1,230831.6,,,,,,,,TN393,,
J2-1369,ASNAP,2021/08/23 05:58:44,44.52584223,-125.38044639,-19945114.859094,2672.911226,277.67,-5.4,2.5,0.00,283.79,283.79,JAS2,0.0,182270.1,144932.5,232868.6,,,,,,,,TN393,,
J2-1369,ASNAP,2021/08/23 05:59:14,44.52586968,-125.38052081,-19945120.777844,2675.961215,276.84,-5.4,1.7,0.00,266.37,266.37,JAS2,0.0,183907.7,140127.0,231209.1,,,,,,,,TN393,,
J2-1369,ASNAP,2021/08/23 05:59:44,44.52590508,-125.38063119,-19945129.555896,2679.895816,277.59,-5.5,1.8,0.00,250.54,250.54,JAS2,0.0,181766.6,140858.7,229957.1,,,,,,,,TN393,,
J2-1369,EVT,2021/08/23 06:00:05,44.52592182,-125.38066968,-19945132.616953,2681.755228,276.99,-2.1,2.9,0.00,237.87,237.87,JAS2,0.0,200672.5,145335.8,247774.0,,,,,,,,TN393,DLG,NAV: nav Ship moving
J2-1369,ASNAP,2021/08/23 06:00:14,44.52592720,-125.38067645,-19945133.155376,2682.352829,276.70,-3.9,1.7,0.00,232.72,232.72,JAS2,0.0,191904.0,139873.9,237469.7,,,,,,,,TN393,,
J2-1369,ASNAP,2021/08/23 06:00:44,44.52594200,-125.38068855,-19945134.118087,2683.997592,276.65,-3.6,1.7,0.00,214.95,214.95,JAS2,0.0,193515.2,140107.3,238910.4,,,,,,,,TN393,,
J2-1369,ASNAP,2021/08/23 06:01:14,44.52594760,-125.38069952,-19945134.990067,2684.620327,276.53,-3.4,1.6,0.00,197.29,197.29,JAS2,0.0,195143.9,139374.3,239804.8,,,,,,,,TN393,,
J2-1369,ASNAP,2021/08/23 06:01:44,44.52592570,-125.38068803,-19945134.076610,2682.186108,280.07,-2.2,1.1,0.00,187.52,187.52,JAS2,0.0,192505.3,138171.0,236958.9,,,,,,,,TN393,,
J2-1369,ASNAP,2021/08/23 06:02:14,44.52590416,-125.38066787,-19945132.472974,2679.793031,276.21,-4.0,1.7,0.00,175.17,175.17,JAS2,0.0,192717.9,139278.1,237778.4,,,,,,,,TN393,,
J2-1369,ASNAP,2021/08/23 06:02:44,44.52591555,-125.38067889,-19945133.349277,2681.059125,276.42,-4.2,2.2,0.00,157.67,157.67,JAS2,0.0,190714.5,142041.3,237797.7,,,,,,,,TN393,,
J2-1369,ASNAP,2021/08/23 06:03:14,44.52594078,-125.38069047,-19945134.270655,2683.862374,276.60,-3.8,2.0,0.00,140.44,140.44,JAS2,0.0,192427.8,141164.7,238654.4,,,,,,,,TN393,,
J2-1369,ASNAP,2021/08/23 06:03:44,44.52595810,-125.38066923,-19945132.581017,2685.787416,277.53,-4.2,2.4,0.00,132.46,132.46,JAS2,0.0,188139.1,143400.1,236558.4,,,,,,,,TN393,,
J2-1369,ASNAP,2021/08/23 06:04:14,44.52597215,-125.38065181,-19945131.195987,2687.348113,276.17,-4.2,1.9,0.00,137.56,137.56,JAS2,0.0,191316.7,140878.9,237589.9,,,,,,,,TN393,,
J2-1369,ASNAP,2021/08/23 06:04:44,44.52599799,-125.38063751,-19945130.058740,2690.219682,276.10,-4.6,2.1,0.00,137.34,137.34,JAS2,0.0,189450.4,141475.7,236446.2,,,,,,,,TN393,,
J2-1369,ASNAP,2021/08/23 06:05:14,44.52603108,-125.38057536,-19945125.116239,2693.896238,27.76,-5.6,3.3,0.00,137.32,137.32,JAS2,0.0,27566.4,-15818.5,31782.6,,,,,,,,TN393,,
J2-1369,ASNAP,2021/08/23 06:05:44,44.52606294,-125.38045500,-19945115.543856,2697.436616,23.84,-6.1,2.2,0.00,137.26,137.26,JAS2,0.0,23976.1,-11874.7,26755.6,,,,,,,,TN393,,
J2-1369,ASNAP,2021/08/23 06:06:14,44.52615987,-125.38034018,-19945106.411885,2708.207621,30.97,-4.9,1.8,0.00,137.47,137.47,JAS2,0.0,32907.5,-30754.0,45041.3,,,,,,,,TN393,,
J2-1369,ASNAP,2021/08/23 06:06:44,44.52632288,-125.38030629,-19945103.716558,2726.321595,358.15,-4.3,1.3,0.00,136.96,136.96,JAS2,0.0,37828.3,43331.4,57520.3,,,,,,,,TN393,,
J2-1369,ASNAP,2021/08/23 06:07:14,44.52639150,-125.38030779,-19945103.836579,2733.946993,4.18,-5.0,1.8,0.00,137.25,137.25,JAS2,0.0,30481.6,32261.1,44383.7,,,,,,,,TN393,,
J2-1369,ASNAP,2021/08/23 06:07:44,44.52651808,-125.38034471,-19945106.772055,2748.012800,3.77,-4.2,2.4,0.00,136.94,136.94,JAS2,0.0,34713.6,35865.3,49913.5,,,,,,,,TN393,,
J2-1369,ASNAP,2021/08/23 06:08:14,44.52649303,-125.38040265,-19945111.380212,2745.228714,2.96,-4.6,2.7,0.00,136.91,136.91,JAS2,0.0,32874.7,39325.6,51256.7,,,,,,,,TN393,,
J2-1369,ASNAP,2021/08/23 06:08:44,44.52645596,-125.38045254,-19945115.347993,2741.109397,2.01,-4.8,2.6,0.00,136.99,136.99,JAS2,0.0,32805.7,41337.6,52773.2,,,,,,,,TN393,,
J2-1369,ASNAP,2021/08/23 06:09:14,44.52645659,-125.38045461,-19945115.513106,2741.179810,19.62,-4.8,2.5,0.00,136.96,136.96,JAS2,0.0,28920.3,-1114.3,28941.7,,,,,,,,TN393,,
J2-1369,ASNAP,2021/08/23 06:09:44,44.52648184,-125.38041271,-19945112.180204,2743.985583,30.67,-4.5,2.3,0.00,137.17,137.17,JAS2,0.0,35052.3,-27364.6,44468.9,,,,,,,,TN393,,
J2-1369,ASNAP,2021/08/23 06:10:14,44.52652369,-125.38038530,-19945110.000561,2748.635639,32.48,-4.9,2.6,0.00,137.01,137.01,JAS2,0.0,33782.5,-30022.1,45195.0,,,,,,,,TN393,,
J2-1369,ASNAP,2021/08/23 06:10:44,44.52661615,-125.38035715,-19945107.761599,2758.910557,31.46,-4.8,2.6,0.00,136.98,136.98,JAS2,0.0,33630.4,-28235.7,43911.9,,,,,,,,TN393,,
J2-1369,ASNAP,2021/08/23 06:11:14,44.52667235,-125.38030237,-19945103.405417,2765.155613,30.95,-4.0,2.5,0.00,136.92,136.92,JAS2,0.0,37282.5,-27293.0,46204.9,,,,,,,,TN393,,
J2-1369,ASNAP,2021/08/23 06:11:44,44.52664330,-125.38025761,-19945099.845435,2761.926765,24.02,-4.7,1.8,0.00,136.90,136.9,JAS2,0.0,30041.7,-14757.2,33470.5,,,,,,,,TN393,,
J2-1369,ASNAP,2021/08/23 06:12:14,44.52662556,-125.38025701,-19945099.797519,2759.955300,24.72,-4.7,2.3,0.00,136.97,136.97,JAS2,0.0,30987.9,-14049.5,34024.1,,,,,,,,TN393,,
J2-1369,ASNAP,2021/08/23 06:12:44,44.52665575,-125.38024722,-19945099.019053,2763.310003,24.12,-4.3,1.8,0.00,137.06,137.06,JAS2,0.0,32664.7,-15157.1,36010.0,,,,,,,,TN393,,
J2-1369,ASNAP,2021/08/23 06:13:14,44.52669421,-125.38020859,-19945095.946903,2767.584246,23.69,-4.7,2.2,0.00,136.80,136.8,JAS2,0.0,30491.3,-11768.9,32683.8,,,,,,,,TN393,,
J2-1369,ASNAP,2021/08/23 06:13:44,44.52669625,-125.38022134,-19945096.961182,2767.810827,24.82,-4.9,2.5,0.00,136.93,136.93,JAS2,0.0,29853.1,-13072.7,32589.9,,,,,,,,TN393,,
J2-1369,ASNAP,2021/08/23 06:14:14,44.52667785,-125.38027810,-19945101.475056,2765.765932,24.19,-5.0,2.6,0.00,136.95,136.95,JAS2,0.0,29314.1,-11186.8,31376.2,,,,,,,,TN393,,
J2-1369,ASNAP,2021/08/23 06:14:44,44.52666264,-125.38032507,-19945105.210389,2764.075961,23.73,-4.9,2.7,0.00,136.91,136.91,JAS2,0.0,29774.3,-9883.7,31371.9,,,,,,,,TN393,,
J2-1369,ASNAP,2021/08/23 06:15:14,44.52665906,-125.38036534,-19945108.412945,2763.678218,23.53,-5.0,2.9,0.00,132.12,132.12,JAS2,0.0,28701.9,-7224.5,29597.2,,,,,,,,TN393,,
J2-1369,ASNAP,2021/08/23 06:15:44,44.52665223,-125.38039916,-19945111.102494,2762.919530,14.07,-3.4,4.1,0.00,123.84,123.84,JAS2,0.0,35957.6,21593.3,41943.1,,,,,,,,TN393,,
J2-1369,ASNAP,2021/08/23 06:16:14,44.52661349,-125.38038479,-19945109.960223,2758.614691,15.82,-5.1,3.3,0.00,124.35,124.35,JAS2,0.0,27393.7,11866.9,29853.6,,,,,,,,TN393,,
J2-1369,ASNAP,2021/08/23 06:16:44,44.52656629,-125.38033745,-19945106.194850,2753.369298,9.55,-5.1,2.7,0.00,124.20,124.2,JAS2,0.0,27877.1,24472.5,37095.0,,,,,,,,TN393,,
J2-1369,ASNAP,2021/08/23 06:17:14,44.52656375,-125.38032234,-19945104.993245,2753.087212,348.56,-4.1,2.7,0.00,124.75,124.75,JAS2,0.0,47681.1,70873.6,85419.9,,,,,,,,TN393,,
J2-1369,EVT,2021/08/23 06:17:21,44.52656806,-125.38032424,-19945105.144717,2753.566201,348.61,-4.3,2.6,0.00,124.68,124.68,JAS2,0.0,46413.7,69984.5,83976.6,,,,,,,,TN393,DLG,ROV Actions: actions Transponder off
J2-1369,ASNAP,2021/08/23 06:17:44,44.52657600,-125.38033694,-19945106.154642,2754.449020,351.05,-4.8,2.2,0.00,124.75,124.75,JAS2,0.0,40912.9,63076.5,75183.2,,,,,,,,TN393,,
J2-1369,ASNAP,2021/08/23 06:18:14,44.52655673,-125.38037107,-19945108.869138,2752.307495,350.94,-4.8,2.7,0.00,124.84,124.84,JAS2,0.0,41042.1,65776.6,77530.7,,,,,,,,TN393,,
J2-1369,ASNAP,2021/08/23 06:18:44,44.52653502,-125.38041539,-19945112.393271,2749.895219,350.40,-5.7,3.0,0.00,117.51,117.51,JAS2,0.0,37297.0,68832.8,78288.1,,,,,,,,TN393,,
J2-1369,ASNAP,2021/08/23 06:19:14,44.52655630,-125.38045740,-19945115.734383,2752.259057,350.44,-5.7,2.8,0.00,102.55,102.55,JAS2,0.0,36938.9,67353.8,76818.1,,,,,,,,TN393,,
J2-1369,ASNAP,2021/08/23 06:19:44,44.52663708,-125.38047884,-19945117.439399,2761.236403,347.78,-4.7,2.6,0.00,100.46,100.46,JAS2,0.0,43967.9,73261.0,85442.1,,,,,,,,TN393,,
J2-1369,ASNAP,2021/08/23 06:20:44,44.52667762,-125.38039758,-19945110.977138,2765.741247,349.24,-3.9,2.8,0.00,100.10,100.1,JAS2,0.0,47124.6,70314.8,84645.7,,,,,,,,TN393,,
J2-1369,ASNAP,2021/08/23 06:21:44,44.52673218,-125.38023392,-19945097.961698,2771.803117,345.72,-5.3,1.7,0.00,100.33,100.33,JAS2,0.0,43913.2,71451.9,83867.4,,,,,,,,TN393,,
J2-1369,ASNAP,2021/08/23 06:22:14,44.52681110,-125.38020941,-19945096.012139,2780.573332,348.58,-4.5,1.8,0.00,100.05,100.05,JAS2,0.0,44555.1,65668.7,79357.1,,,,,,,,TN393,,
J2-1369,ASNAP,2021/08/23 06:22:44,44.52689055,-125.38023701,-19945098.207382,2789.402271,347.45,-4.3,2.0,0.00,100.06,100.06,JAS2,0.0,46936.9,68985.7,83439.2,,,,,,,,TN393,,
J2-1369,EVT,2021/08/23 06:23:06,44.52692157,-125.38025143,-19945099.353553,2792.848404,347.52,-4.7,2.1,0.00,100.06,100.06,JAS2,0.0,44806.4,69819.1,82959.8,,,,,,,,TN393,DLG,TXT: Flying oveer to float 
J2-1369,ASNAP,2021/08/23 06:23:14,44.52693221,-125.38025319,-19945099.494004,2794.031211,347.59,-4.4,2.2,0.00,100.09,100.09,JAS2,0.0,46022.6,69753.8,83568.4,,,,,,,,TN393,,
J2-1369,ASNAP,2021/08/23 06:23:44,44.52695097,-125.38025138,-19945099.350233,2796.115490,349.40,-4.8,2.0,0.00,100.08,100.08,JAS2,0.0,42518.0,65207.1,77844.3,,,,,,,,TN393,,
J2-1369,EVT,2021/08/23 06:27:13,44.52715316,-125.38034567,-19945106.848821,2818.582806,342.61,-4.4,2.5,0.00,99.99,99.99,JAS2,0.0,47927.5,84175.4,96863.5,,,,,,,,TN393,DLG,Biology Type: 
J2-1369,ASNAP,2021/08/23 06:27:44,44.52714586,-125.38034151,-19945106.518311,2817.772103,343.94,-4.8,2.3,0.00,100.03,100.03,JAS2,0.0,48546.9,77896.3,91785.8,,,,,,,,TN393,,
J2-1369,EVT,2021/08/23 06:27:57,44.52714274,-125.38033007,-19945105.607765,2817.425757,342.41,-4.1,2.5,0.00,99.91,99.91,JAS2,0.0,54140.7,82057.5,98309.0,,,,,,,,TN393,DLG,Biology Type: Perished the turbines type Squid
J2-1369,ASNAP,2021/08/23 06:28:14,44.52714639,-125.38031749,-19945104.607264,2817.831023,344.16,-4.8,2.0,0.00,100.21,100.21,JAS2,0.0,48019.9,75562.2,89529.6,,,,,,,,TN393,,
J2-1369,ASNAP,2021/08/23 06:28:44,44.52715634,-125.38031833,-19945104.674646,2818.936880,344.80,-4.7,2.0,0.00,100.08,100.08,JAS2,0.0,47922.3,74638.9,88699.0,,,,,,,,TN393,,
J2-1369,ASNAP,2021/08/23 06:29:14,44.52715815,-125.38034189,-19945106.548103,2819.138272,343.47,-4.8,2.3,0.00,100.08,100.08,JAS2,0.0,48921.8,78789.0,92741.8,,,,,,,,TN393,,
J2-1369,ASNAP,2021/08/23 06:29:44,44.52718231,-125.38036255,-19945108.191042,2821.822109,342.96,-4.5,2.0,0.00,100.11,100.11,JAS2,0.0,51191.5,78100.8,93382.6,,,,,,,,TN393,,
J2-1369,ASNAP,2021/08/23 06:30:14,44.52726380,-125.38038713,-19945110.146453,2830.877861,343.06,-3.9,2.0,0.00,100.19,100.19,JAS2,0.0,54093.3,77838.9,94789.2,,,,,,,,TN393,,
J2-1369,ASNAP,2021/08/23 06:31:14,44.52730363,-125.38044125,-19945114.450340,2835.303085,342.74,-4.7,2.3,0.00,100.05,100.05,JAS2,0.0,50799.2,80350.9,95062.2,,,,,,,,TN393,,
J2-1369,EVT,2021/08/23 06:35:33,44.52761507,-125.38063579,-19945129.922045,2869.911246,336.95,-4.5,2.1,0.00,95.78,95.78,JAS2,0.0,60199.7,90641.1,108810.9,,,,,,,,TN393,DLG,Biology Type: 
J2-1369,EVT,2021/08/23 06:35:54,44.52762533,-125.38063607,-19945129.944149,2871.051575,6.92,-5.1,2.8,0.00,95.48,95.48,JAS2,0.0,30304.3,25130.3,39368.5,,,,,,,,TN393,DLG,HIGHLIGHTS: highlights 4K highlights start
J2-1369,EVT,2021/08/23 06:36:35,44.52766801,-125.38066692,-19945132.397740,2875.793617,336.70,-5.3,2.3,0.00,96.53,96.53,JAS2,0.0,52269.9,91410.5,105299.6,,,,,,,,TN393,DLG,HIGHLIGHTS: Shark gone highlights 4K highlights stop
J2-1369,EVT,2021/08/23 06:36:58,44.52770996,-125.38069991,-19945135.021019,2880.455374,338.71,-3.3,2.4,0.00,95.46,95.46,JAS2,0.0,66138.9,89346.9,111163.1,,,,,,,,TN393,DLG,Biology Type: 
J2-1369,EVT,2021/08/23 06:37:24,44.52772835,-125.38071339,-19945136.093148,2882.498583,334.25,-1.9,2.7,0.00,95.09,95.09,JAS2,0.0,77276.3,97588.5,124479.5,,,,,,,,TN393,DLG,Biology Type: Blue shark type Shark
J2-1369,EVT,2021/08/23 06:40:42,44.52781531,-125.38079092,-19945142.259457,2892.161872,334.44,-4.3,2.2,0.00,95.57,95.57,JAS2,0.0,64491.3,95799.3,115484.3,,,,,,,,TN393,DLG,TXT: Float in sight 
J2-1369,EVT,2021/08/23 06:42:40,44.52788743,-125.38087735,-19945149.132931,2900.175821,335.21,-3.7,2.2,0.00,93.69,93.69,JAS2,0.0,66536.5,95038.7,116015.0,,,,,,,,TN393,DLG,WATCH_CHANGE: new_watchstander Jason Watchchange
J2-1369,EVT,2021/08/23 06:47:37,44.52794166,-125.38090199,-19945151.092472,2906.202411,191.24,-6.6,0.2,0.00,94.15,94.15,JAS2,0.0,292555.4,-12597.3,292826.5,,,,,,,,TN393,DLG,ROV Actions: Grasping beacon bungee actions (Starboard) Manipulator in use
J2-1369,EVT,2021/08/23 06:48:14,44.52794558,-125.38089780,-19945150.759130,2906.638179,191.36,-5.3,-0.1,0.00,92.65,92.65,JAS2,0.0,298732.6,-11627.8,298958.8,,,,,,,,TN393,DLG,TXT: Placing beacon in basket 
J2-1369,EVT,2021/08/23 06:50:35,44.52780559,-125.38088036,-19945149.372118,2891.082036,277.14,-4.8,2.0,0.00,92.85,92.85,JAS2,0.0,184459.8,141326.5,232376.0,,,,,,,,TN393,DLG,TXT: Both manipulators are being used to secure beacons in the basket 
J2-1369,EVT,2021/08/23 07:10:02,44.52746401,-125.38099104,-19945158.174839,2853.125553,277.66,-5.4,3.7,0.00,89.81,89.81,JAS2,0.0,184874.7,150839.9,238602.9,,,,,,,,TN393,DLG,TXT: Ship securing port Z drive 
J2-1369,EVT,2021/08/23 07:10:27,44.52746401,-125.38099104,-19945158.174839,2853.125553,277.07,-4.4,2.7,0.00,86.83,86.83,JAS2,0.0,189470.5,146247.8,239348.1,,,,,,,,TN393,DLG,TXT: Recovery beginning 
J2-1369,EVT,2021/08/23 07:13:58,44.52746401,-125.38099104,-19945158.174839,2853.125553,277.54,-5.2,2.3,0.00,33.01,33.01,JAS2,0.0,180996.8,141699.7,229866.6,,,,,,,,TN393,DLG,ROV Actions: actions First Football off
J2-1369,EVT,2021/08/23 07:17:55,44.52746401,-125.38099104,-19945158.174839,2853.125553,276.66,-3.7,4.8,0.00,4.00,4,JAS2,0.0,192369.1,167945.5,255365.5,,,,,,,,TN393,DLG,ROV Actions: actions Last Football off
J2-1369,EVT,2021/08/23 07:20:39,44.52746401,-125.38099104,-19945158.174839,2853.125553,236.51,-0.5,1.9,0.00,1.74,1.74,JAS2,0.0,311543.1,85157.3,322971.9,,,,,,,,TN393,DLG,TXT: Jason out of the water 
J2-1369,EVT,2021/08/23 07:22:26,44.52746401,-125.38099104,-19945158.174839,2853.125553,131.66,-1.8,1.5,0.00,1.82,1.82,JAS2,0.0,189700.8,-147863.3,240520.2,,,,,,,,TN393,DLG,TXT: Releasing Beacons from the maanipulators 
J2-1369,EVT,2021/08/23 07:22:49,44.52746401,-125.38099104,-19945158.174839,2853.125553,127.40,-1.0,1.4,0.00,1.79,1.79,JAS2,0.0,174300.9,-150312.5,230162.2,,,,,,,,TN393,DLG,TXT: Arms secure 
J2-1369,EVT,2021/08/23 07:23:53,44.52746401,-125.38099104,-19945158.174839,2853.125553,94.51,-0.9,1.2,0.00,1.74,1.74,JAS2,0.0,80272.3,-120951.9,145165.5,,,,,,,,TN393,DLG,VEHICLE: milestone Jason on deck
