Cruise,Station,Target Asset,Start Latitude [degrees],Start Longitude [degrees],Start Time [UTC],Cast,Cast Flag,Bottom Depth at Start Position [m],CTD File,CTD File Flag,Niskin/Bottle Position,Niskin Flag,CTD Bottle Closure Time [UTC],CTD Pressure [db],CTD Pressure Flag,CTD Depth [m],CTD Latitude [deg],CTD Longitude [deg],CTD Temperature 1 [deg C],CTD Temperature 1 Flag,CTD Temperature 2 [deg C],CTD Temperature 2 Flag,CTD Conductivity 1 [S/m],CTD Conductivity 1 Flag,CTD Conductivity 2 [S/m],CTD Conductivity 2 Flag,CTD Salinity 1 [psu],CTD Salinity 2 [psu],CTD Oxygen [mL/L],CTD Oxygen Flag,CTD Oxygen Saturation [mL/L],CTD Fluorescence [mg/m^3],CTD Fluorescence Flag,CTD Beam Attenuation [1/m],CTD Beam Transmission [%],CTD Transmissometer Flag,CTD pH,CTD pH Flag,Discrete Oxygen [mL/L],Discrete Oxygen Flag,Discrete Oxygen Replicate Flag,Discrete Chlorophyll [ug/L],Discrete Phaeopigment [ug/L],Discrete Fo/Fa Ratio,Discrete Fluorescence Flag,Discrete Fluorescence Replicate Flag,Discrete Phosphate [uM],Discrete Silicate [uM],Discrete Nitrate [uM],Discrete Nitrite [uM],Discrete Ammonium [uM],Discrete Nutrients Flag,Discrete Nutrients Replicate Flag,Discrete Salinity [psu],Discrete Salinity Flag,Discrete Salinity Replicate Flag,Discrete Alkalinity [umol/kg],Discrete Alkalinity Flag,Discrete Alkalinity Replicate Flag,Discrete DIC [umol/kg],Discrete DIC Flag,Discrete DIC Replicate Flag,Discrete pCO2 [uatm],pCO2 Analysis Temp [deg C],Discrete pCO2 Flag,Discrete pCO2 Replicate Flag,Discrete pH [Total scale],pH Analysis Temp [deg C],Discrete pH Flag,Discrete pH Replicate Flag,Calculated Alkalinity [umol/kg],Calculated DIC [umol/kg],Calculated pCO2 [uatm],Calculated pH,Calculated CO2aq [umol/kg],Calculated Bicarb [umol/kg],Calculated CO3 [umol/kg],Calculated Omega-C,Calculated Omega-A
AT50-41,Oregon Offshore Shallow Profiler,CE04OSPS,44.35850,-124.95133,2025-08-04T22:16:52.000Z,CTD-001,*0000000000000100,600.0,AT50-41_CTD-001,*0000000000000100,1,*0000000000000100,2025-08-04T22:17:00.000Z,103.626,*0000000001000100,102.765,44.35842,-124.95131,8.4158,*0000000001000100,8.4118,*0000000001000100,3.56066,*0000000001000100,3.55528,*0000000001000100,33.8963,33.8431,2.8800,*0000000001000100,6.58564,-0.0337,*0000000001000100,55.2620,-0.1472,*0000000000000100,7.605,*0000000011000100,-9999999,-9999999,-9999999,-9999999,-9999999,-9999999,-9999999,-9999999,2.69973,48.27812,35.51947,0.27559,0.59265,-9999999,*0000000000000100,-9999999,-9999999,-9999999,-9999999,-9999999,-9999999,2334.25,-9999999,*0000000000000100,2049.47,18.2,-9999999,-9999999,-9999999,-9999999,-9999999,-9999999,2283.18,-9999999,-9999999,7.369,95.42,2209.64,29.2,0.65,0.422
AT50-41,Oregon Offshore Shallow Profiler,CE04OSPS,44.35850,-124.95133,2025-08-04T22:16:52.000Z,CTD-001,*0000000000000100,600.0,AT50-41_CTD-001,*0000000000000100,3,*0000000000000100,2025-08-04T22:17:19.000Z,103.734,*0000000001000100,102.872,44.35842,-124.95132,8.3877,*0000000001000100,8.3816,*0000000001000100,3.55859,*0000000011000100,3.55311,*0000000011000100,33.9013,33.8491,2.8728,*0000000011000100,6.58956,-0.0357,*0000000001000100,55.2620,-0.1461,*0000000000000100,7.605,*0000000011000100,1.37774,*0000000000000100,*0000000000001000,-9999999,-9999999,-9999999,-9999999,-9999999,2.70073,48.06971,35.44129,0.31062,1.27347,-9999999,*0000000000000100,33.96952,-9999999,*0000000000000100,-9999999,-9999999,-9999999,2353.68,-9999999,*0000000000000100,2641.67,18.5,-9999999,-9999999,-9999999,-9999999,-9999999,-9999999,2264.97,-9999999,-9999999,7.259,123.11,2207.97,22.6,0.505,0.328
AT50-41,Oregon Offshore Shallow Profiler,CE04OSPS,44.35850,-124.95133,2025-08-04T22:16:52.000Z,CTD-001,*0000000000000100,600.0,AT50-41_CTD-001,*0000000000000100,3,*0000000000000100,2025-08-04T22:17:19.000Z,103.734,*0000000001000100,102.872,44.35842,-124.95132,8.3877,*0000000001000100,8.3816,*0000000001000100,3.55859,*0000000001000100,3.55311,*0000000001000100,33.9013,33.8491,2.8728,*0000000011000100,6.58956,-0.0357,*0000000001000100,55.2620,-0.1461,*0000000000000100,7.605,*0000000001000100,1.38049,*0000000000000100,*0000000000001000,-9999999,-9999999,-9999999,-9999999,-9999999,-9999999,-9999999,-9999999,-9999999,-9999999,-9999999,-9999999,-9999999,-9999999,-9999999,-9999999,-9999999,-9999999,-9999999,-9999999,-9999999,-9999999,-9999999,-9999999,-9999999,-9999999,-9999999,-9999999,-9999999,-9999999,-9999999,-9999999,-9999999,-9999999,-9999999,-9999999,-9999999,-9999999
AT50-41,Oregon Offshore Shallow Profiler,CE04OSPS,44.35850,-124.95133,2025-08-04T22:16:52.000Z,CTD-001,*0000000000000100,600.0,AT50-41_CTD-001,*0000000000000100,5,*0000000000000100,2025-08-04T22:17:36.000Z,103.785,*0000000001000100,102.923,44.35842,-124.95133,8.3565,*0000000001000100,8.3617,*0000000001000100,3.55634,*0000000001000100,3.55151,*0000000001000100,33.9075,33.8513,2.8351,*0000000001000100,6.59390,-0.0379,*0000000001000100,55.2620,-0.1469,*0000000000000100,7.605,*0000000011000100,-9999999,-9999999,-9999999,-9999999,-9999999,-9999999,-9999999,-9999999,2.73664,47.73748,35.23590,0.33959,1.53086,-9999999,-9999999,-9999999,-9999999,-9999999,-9999999,-9999999,-9999999,2282.95,-9999999,*0000000000000100,1292.31,20.5,-9999999,-9999999,-9999999,-9999999,-9999999,-9999999,2290.78,-9999999,-9999999,7.565,60.28,2177.73,44.93,1.008,0.654
AT50-41,Oregon Offshore Shallow Profiler,CE04OSPS,44.35850,-124.95133,2025-08-04T22:16:52.000Z,CTD-001,*0000000000000100,600.0,AT50-41_CTD-001,*0000000000000100,6,*0000000000000100,2025-08-04T22:17:43.000Z,103.827,*0000000001000100,102.965,44.35842,-124.95134,8.3402,*0000000001000100,8.3441,*0000000001000100,3.55510,*0000000001000100,3.55060,*0000000001000100,33.9101,33.8585,2.8318,*0000000001000100,6.59621,-0.0423,*0000000011000100,55.2620,-0.1478,*0000000000000100,7.605,*0000000001000100,-9999999,-9999999,-9999999,0.03140,0.23981,1.10950,*0000000000000100,*0000000000000100,-9999999,-9999999,-9999999,-9999999,-9999999,-9999999,-9999999,-9999999,-9999999,-9999999,-9999999,-9999999,-9999999,-9999999,-9999999,-9999999,-9999999,-9999999,-9999999,-9999999,-9999999,-9999999,-9999999,-9999999,-9999999,-9999999,-9999999,-9999999,-9999999,-9999999,-9999999,-9999999,-9999999
AT50-41,Oregon Offshore Shallow Profiler,CE04OSPS,44.35850,-124.95133,2025-08-04T22:16:52.000Z,CTD-001,*0000000000000100,600.0,AT50-41_CTD-001,*0000000000000100,7,*0000000000000100,2025-08-04T22:17:51.000Z,103.541,*0000000001000100,102.681,44.35842,-124.95134,8.3816,*0000000001000100,8.3853,*0000000001000100,3.55803,*0000000001000100,3.55321,*0000000001000100,33.9013,33.8468,2.8408,*0000000011000100,6.59047,-0.0448,*0000000001000100,55.2620,-0.1464,*0000000000000100,7.605,*0000000011000100,1.40994,*0000000000000100,*0000000000001000,-9999999,-9999999,-9999999,-9999999,-9999999,2.75696,46.62916,35.29591,0.36249,2.20075,-9999999,*0000000000000100,-9999999,-9999999,-9999999,-9999999,-9999999,-9999999,2353.33,-9999999,*0000000000000100,2567.34,20.4,-9999999,-9999999,-9999999,-9999999,-9999999,-9999999,2269.1,-9999999,-9999999,7.274,119.69,2210.31,23.33,0.526,0.341
AT50-41,Oregon Offshore Shallow Profiler,CE04OSPS,44.35850,-124.95133,2025-08-04T22:16:52.000Z,CTD-001,*0000000000000100,600.0,AT50-41_CTD-001,*0000000000000100,7,*0000000000000100,2025-08-04T22:17:51.000Z,103.541,*0000000001000100,102.681,44.35842,-124.95134,8.3816,*0000000001000100,8.3853,*0000000001000100,3.55803,*0000000001000100,3.55321,*0000000001000100,33.9013,33.8468,2.8408,*0000000011000100,6.59047,-0.0448,*0000000001000100,55.2620,-0.1464,*0000000000000100,7.605,*0000000001000100,1.41072,*0000000000000100,*0000000000001000,-9999999,-9999999,-9999999,-9999999,-9999999,-9999999,-9999999,-9999999,-9999999,-9999999,-9999999,-9999999,-9999999,-9999999,-9999999,-9999999,-9999999,-9999999,-9999999,-9999999,-9999999,-9999999,-9999999,-9999999,-9999999,-9999999,-9999999,-9999999,-9999999,-9999999,-9999999,-9999999,-9999999,-9999999,-9999999,-9999999,-9999999,-9999999
AT50-41,Oregon Offshore Shallow Profiler,CE04OSPS,44.35850,-124.95133,2025-08-04T22:16:52.000Z,CTD-001,*0000000000000100,600.0,AT50-41_CTD-001,*0000000000000100,8,*0000000000000100,2025-08-04T22:17:59.000Z,103.965,*0000000001000100,103.101,44.35842,-124.95134,8.3028,*0000000001000100,8.2934,*0000000001000100,3.55241,*0000000001000100,3.54670,*0000000001000100,33.9175,33.8659,2.7672,*0000000001000100,6.60141,-0.0411,*0000000011000100,55.2620,-0.1442,*0000000000000100,7.605,*0000000001000100,-9999999,-9999999,-9999999,0.01481,0.14993,1.08503,*0000000000000100,*0000000000000100,-9999999,-9999999,-9999999,-9999999,-9999999,-9999999,-9999999,-9999999,-9999999,-9999999,-9999999,-9999999,-9999999,-9999999,-9999999,-9999999,-9999999,-9999999,-9999999,-9999999,-9999999,-9999999,-9999999,-9999999,-9999999,-9999999,-9999999,-9999999,-9999999,-9999999,-9999999,-9999999,-9999999
AT50-41,Oregon Offshore Shallow Profiler,CE04OSPS,44.35850,-124.95133,2025-08-04T22:16:52.000Z,CTD-001,*0000000000000100,600.0,AT50-41_CTD-001,*0000000000000100,9,*0000000000000100,2025-08-04T22:18:08.000Z,103.564,*0000000001000100,102.704,44.35843,-124.95136,8.3189,*0000000001000100,8.3129,*0000000001000100,3.55340,*0000000001000100,3.54793,*0000000001000100,33.9127,33.8603,2.7817,*0000000001000100,6.59923,-0.0411,*0000000001000100,55.2620,-0.1483,*0000000000000100,7.603,*0000000011000100,-9999999,-9999999,-9999999,-9999999,-9999999,-9999999,-9999999,-9999999,2.73267,45.10968,34.84546,0.36902,2.06775,-9999999,*0000000000000100,-9999999,-9999999,-9999999,-9999999,-9999999,-9999999,2292.28,-9999999,*0000000000000100,1304.19,20.4,-9999999,-9999999,-9999999,-9999999,-9999999,-9999999,2299.24,-9999999,-9999999,7.564,60.92,2186.5,44.86,1.014,0.658
AT50-41,Oregon Offshore Shallow Profiler,CE04OSPS,44.35850,-124.95133,2025-08-04T22:16:52.000Z,CTD-001,*0000000000000100,600.0,AT50-41_CTD-001,*0000000000000100,11,*0000000000000100,2025-08-04T22:18:26.000Z,103.542,*0000000001000100,102.682,44.35844,-124.95137,8.2941,*0000000001000100,8.2864,*0000000001000100,3.55164,*0000000011000100,3.54603,*0000000011000100,33.9179,33.8657,2.7320,*0000000011000100,6.60269,-0.0441,*0000000011000100,55.2620,-0.1486,*0000000000000100,7.601,*0000000011000100,2.19215,*0000000000000100,*0000000000001000,0.01540,0.09555,1.13131,*0000000000000100,*0000000000000100,2.43587,39.41331,34.00902,0.24631,0.13211,-9999999,*0000000000000100,33.92702,-9999999,*0000000000000100,-9999999,-9999999,-9999999,2292.8,-9999999,*0000000000000100,1628.17,20.5,-9999999,-9999999,-9999999,-9999999,-9999999,-9999999,2270.97,-9999999,-9999999,7.467,76.13,2180.94,35.73,0.811,0.526
AT50-41,Oregon Offshore Shallow Profiler,CE04OSPS,44.35850,-124.95133,2025-08-04T22:16:52.000Z,CTD-001,*0000000000000100,600.0,AT50-41_CTD-001,*0000000000000100,11,*0000000000000100,2025-08-04T22:18:26.000Z,103.542,*0000000001000100,102.682,44.35844,-124.95137,8.2941,*0000000001000100,8.2864,*0000000001000100,3.55164,*0000000001000100,3.54603,*0000000001000100,33.9179,33.8657,2.7320,*0000000011000100,6.60269,-0.0441,*0000000001000100,55.2620,-0.1486,*0000000000000100,7.601,*0000000001000100,2.18778,*0000000000000100,*0000000000001000,-9999999,-9999999,-9999999,-9999999,-9999999,-9999999,-9999999,-9999999,-9999999,-9999999,-9999999,-9999999,-9999999,-9999999,-9999999,-9999999,-9999999,-9999999,-9999999,-9999999,-9999999,-9999999,-9999999,-9999999,-9999999,-9999999,-9999999,-9999999,-9999999,-9999999,-9999999,-9999999,-9999999,-9999999,-9999999,-9999999,-9999999,-9999999
AT50-41,Oregon Offshore Shallow Profiler,CE04OSPS,44.35850,-124.95133,2025-08-04T22:16:52.000Z,CTD-001,*0000000000000100,600.0,AT50-41_CTD-001,*0000000000000100,13,*0000000000000100,2025-08-04T22:18:44.000Z,103.741,*0000000001000100,102.879,44.35844,-124.95138,8.2530,*0000000001000100,8.2486,*0000000001000100,3.54876,*0000000001000100,3.54337,*0000000001000100,33.9269,33.8737,2.6791,*0000000001000100,6.60839,-0.0464,*0000000001000100,55.2620,-0.1491,*0000000000000100,7.596,*0000000011000100,-9999999,-9999999,-9999999,-9999999,-9999999,-9999999,-9999999,-9999999,2.25285,34.57536,31.71197,0.02232,0.03089,-9999999,-9999999,-9999999,-9999999,-9999999,-9999999,-9999999,-9999999,2227.68,-9999999,*0000000000000100,976.53,21.0,-9999999,-9999999,-9999999,-9999999,-9999999,-9999999,2267.85,-9999999,-9999999,7.679,45.72,2125.43,56.53,1.288,0.835
AT50-41,Oregon Offshore Shallow Profiler,CE04OSPS,44.35850,-124.95133,2025-08-04T22:16:52.000Z,CTD-001,*0000000000000100,600.0,AT50-41_CTD-001,*0000000000000100,14,*0000000000000100,2025-08-04T22:19:07.000Z,103.908,*0000000001000100,103.045,44.35844,-124.95140,8.2360,*0000000001000100,8.2352,*0000000001000100,3.54762,*0000000001000100,3.54248,*0000000001000100,33.9311,33.8772,2.5786,*0000000011000100,6.61073,-0.0448,*0000000001000100,55.2620,-0.1491,*0000000000000100,7.590,*0000000001000100,2.80076,*0000000000000100,*0000000000001000,-9999999,-9999999,-9999999,-9999999,-9999999,-9999999,-9999999,-9999999,-9999999,-9999999,-9999999,-9999999,-9999999,-9999999,-9999999,-9999999,-9999999,-9999999,-9999999,-9999999,-9999999,-9999999,-9999999,-9999999,-9999999,-9999999,-9999999,-9999999,-9999999,-9999999,-9999999,-9999999,-9999999,-9999999,-9999999,-9999999,-9999999,-9999999
AT50-41,Oregon Offshore Shallow Profiler,CE04OSPS,44.35850,-124.95133,2025-08-04T22:16:52.000Z,CTD-001,*0000000000000100,600.0,AT50-41_CTD-001,*0000000000000100,14,*0000000000000100,2025-08-04T22:19:07.000Z,103.908,*0000000001000100,103.045,44.35844,-124.95140,8.2360,*0000000001000100,8.2352,*0000000001000100,3.54762,*0000000001000100,3.54248,*0000000001000100,33.9311,33.8772,2.5786,*0000000011000100,6.61073,-0.0448,*0000000001000100,55.2620,-0.1491,*0000000000000100,7.590,*0000000001000100,2.80549,*0000000000000100,-9999999,-9999999,-9999999,-9999999,-9999999,-9999999,-9999999,-9999999,-9999999,-9999999,-9999999,-9999999,-9999999,-9999999,-9999999,-9999999,-9999999,-9999999,-9999999,-9999999,-9999999,-9999999,-9999999,-9999999,-9999999,-9999999,-9999999,-9999999,-9999999,-9999999,-9999999,-9999999,-9999999,-9999999,-9999999,-9999999,-9999999,-9999999,-9999999
AT50-41,Oregon Offshore Shallow Profiler,CE04OSPS,44.35850,-124.95133,2025-08-04T22:16:52.000Z,CTD-001,*0000000000000100,600.0,AT50-41_CTD-001,*0000000000000100,15,*0000000000000100,2025-08-04T22:21:44.000Z,83.734,*0000000001000100,83.042,44.35846,-124.95154,8.7433,*0000000001000100,8.7415,*0000000001000100,3.58241,*0000000011000100,3.57713,*0000000011000100,33.8211,33.7672,3.3921,*0000000001000100,6.54092,-0.0283,*0000000001000100,55.2620,-0.1491,*0000000000000100,7.642,*0000000011000100,-9999999,-9999999,-9999999,-9999999,-9999999,-9999999,-9999999,-9999999,2.13476,29.09230,29.58378,0.02815,0.06076,-9999999,*0000000000000100,33.76607,-9999999,*0000000000000100,-9999999,-9999999,-9999999,2215.67,-9999999,*0000000000000100,912.65,20.6,-9999999,-9999999,-9999999,-9999999,-9999999,-9999999,2266.15,-9999999,-9999999,7.708,42.05,2112.6,61.02,1.397,0.906
AT50-41,Oregon Offshore Shallow Profiler,CE04OSPS,44.35850,-124.95133,2025-08-04T22:16:52.000Z,CTD-001,*0000000000000100,600.0,AT50-41_CTD-001,*0000000000000100,16,*0000000000000100,2025-08-04T22:22:09.000Z,83.673,*0000000001000100,82.982,44.35846,-124.95156,8.7517,*0000000001000100,8.7502,*0000000001000100,3.58319,*0000000001000100,3.57793,*0000000001000100,33.8212,33.7674,3.4101,*0000000011000100,6.53969,-0.0326,*0000000011000100,55.2620,-0.1469,*0000000000000100,7.642,*0000000001000100,3.42288,*0000000000000100,*0000000000001000,0.03910,0.07745,1.31731,*0000000000000100,*0000000000000100,-9999999,-9999999,-9999999,-9999999,-9999999,-9999999,-9999999,-9999999,-9999999,-9999999,-9999999,-9999999,-9999999,-9999999,-9999999,-9999999,-9999999,-9999999,-9999999,-9999999,-9999999,-9999999,-9999999,-9999999,-9999999,-9999999,-9999999,-9999999,-9999999,-9999999,-9999999,-9999999,-9999999
AT50-41,Oregon Offshore Shallow Profiler,CE04OSPS,44.35850,-124.95133,2025-08-04T22:16:52.000Z,CTD-001,*0000000000000100,600.0,AT50-41_CTD-001,*0000000000000100,16,*0000000000000100,2025-08-04T22:22:09.000Z,83.673,*0000000001000100,82.982,44.35846,-124.95156,8.7517,*0000000001000100,8.7502,*0000000001000100,3.58319,*0000000001000100,3.57793,*0000000001000100,33.8212,33.7674,3.4101,*0000000011000100,6.53969,-0.0326,*0000000001000100,55.2620,-0.1469,*0000000000000100,7.642,*0000000001000100,3.43286,*0000000000000100,-9999999,-9999999,-9999999,-9999999,-9999999,-9999999,-9999999,-9999999,-9999999,-9999999,-9999999,-9999999,-9999999,-9999999,-9999999,-9999999,-9999999,-9999999,-9999999,-9999999,-9999999,-9999999,-9999999,-9999999,-9999999,-9999999,-9999999,-9999999,-9999999,-9999999,-9999999,-9999999,-9999999,-9999999,-9999999,-9999999,-9999999,-9999999,-9999999
AT50-41,Oregon Offshore Shallow Profiler,CE04OSPS,44.35850,-124.95133,2025-08-04T22:16:52.000Z,CTD-001,*0000000000000100,600.0,AT50-41_CTD-001,*0000000000000100,17,*0000000000000100,2025-08-04T22:24:48.000Z,63.934,*0000000001000100,63.409,44.35848,-124.95164,9.2319,*0000000001000100,9.2333,*0000000001000100,3.62163,*0000000001000100,3.61679,*0000000001000100,33.7751,33.7236,4.0808,*0000000001000100,6.47247,-0.0420,*0000000001000100,55.2620,-0.1494,*0000000000000100,7.702,*0000000011000100,-9999999,-9999999,-9999999,-9999999,-9999999,-9999999,-9999999,-9999999,1.96925,25.07780,26.55805,0.01063,0.00576,-9999999,*0000000000000100,-9999999,-9999999,-9999999,-9999999,-9999999,-9999999,2189.21,-9999999,*0000000000000100,785.24,20.6,-9999999,-9999999,-9999999,-9999999,-9999999,-9999999,2260.41,-9999999,-9999999,7.77,35.6,2083.11,70.5,1.621,1.052
AT50-41,Oregon Offshore Shallow Profiler,CE04OSPS,44.35850,-124.95133,2025-08-04T22:16:52.000Z,CTD-001,*0000000000000100,600.0,AT50-41_CTD-001,*0000000000000100,18,*0000000000000100,2025-08-04T22:25:14.000Z,63.727,*0000000001000100,63.204,44.35848,-124.95164,9.2234,*0000000001000100,9.2218,*0000000001000100,3.61859,*0000000001000100,3.61410,*0000000001000100,33.7516,33.7066,4.0495,*0000000011000100,6.47466,-0.0379,*0000000011000100,55.2620,-0.1489,*0000000000000100,7.702,*0000000001000100,4.06823,*0000000000000100,*0000000000001000,0.02607,0.05743,1.29530,*0000000000000100,*0000000000000100,-9999999,-9999999,-9999999,-9999999,-9999999,-9999999,-9999999,-9999999,-9999999,-9999999,-9999999,-9999999,-9999999,-9999999,-9999999,-9999999,-9999999,-9999999,-9999999,-9999999,-9999999,-9999999,-9999999,-9999999,-9999999,-9999999,-9999999,-9999999,-9999999,-9999999,-9999999,-9999999,-9999999
AT50-41,Oregon Offshore Shallow Profiler,CE04OSPS,44.35850,-124.95133,2025-08-04T22:16:52.000Z,CTD-001,*0000000000000100,600.0,AT50-41_CTD-001,*0000000000000100,18,*0000000000000100,2025-08-04T22:25:14.000Z,63.727,*0000000001000100,63.204,44.35848,-124.95164,9.2234,*0000000001000100,9.2218,*0000000001000100,3.61859,*0000000001000100,3.61410,*0000000001000100,33.7516,33.7066,4.0495,*0000000011000100,6.47466,-0.0379,*0000000001000100,55.2620,-0.1489,*0000000000000100,7.702,*0000000001000100,4.07520,*0000000000000100,*0000000000001000,-9999999,-9999999,-9999999,-9999999,-9999999,-9999999,-9999999,-9999999,-9999999,-9999999,-9999999,-9999999,-9999999,-9999999,-9999999,-9999999,-9999999,-9999999,-9999999,-9999999,-9999999,-9999999,-9999999,-9999999,-9999999,-9999999,-9999999,-9999999,-9999999,-9999999,-9999999,-9999999,-9999999,-9999999,-9999999,-9999999,-9999999,-9999999
AT50-41,Oregon Offshore Shallow Profiler,CE04OSPS,44.35850,-124.95133,2025-08-04T22:16:52.000Z,CTD-001,*0000000000000100,600.0,AT50-41_CTD-001,*0000000000000100,19,*0000000000000100,2025-08-04T22:27:43.000Z,43.819,*0000000001000100,43.462,44.35846,-124.95154,8.9360,*0000000001000100,8.9346,*0000000001000100,3.55652,*0000000011000100,3.55120,*0000000011000100,33.3858,33.3316,3.7524,*0000000001000100,6.53136,-0.0164,*0000000001000100,55.2620,-0.1494,*0000000000000100,7.702,*0000000011000100,-9999999,-9999999,-9999999,-9999999,-9999999,-9999999,-9999999,-9999999,1.91982,20.98084,22.50851,0.29854,1.80083,-9999999,*0000000000000100,33.37050,-9999999,*0000000000000100,-9999999,-9999999,-9999999,2277.33,-9999999,*0000000000000100,1908.45,20.6,-9999999,-9999999,-9999999,-9999999,-9999999,-9999999,2236.13,-9999999,-9999999,7.401,87.56,2159.24,30.53,0.707,0.459
AT50-41,Oregon Offshore Shallow Profiler,CE04OSPS,44.35850,-124.95133,2025-08-04T22:16:52.000Z,CTD-001,*0000000000000100,600.0,AT50-41_CTD-001,*0000000000000100,20,*0000000000000100,2025-08-04T22:28:07.000Z,43.577,*0000000001000100,43.221,44.35846,-124.95153,8.9318,*0000000001000100,8.9316,*0000000001000100,3.55574,*0000000001000100,3.55060,*0000000001000100,33.3818,33.3283,3.7475,*0000000001000100,6.53214,-0.0180,*0000000011000100,55.2620,-0.1486,*0000000000000100,7.702,*0000000001000100,-9999999,-9999999,-9999999,0.07939,0.04893,1.58515,*0000000000000100,*0000000000000100,-9999999,-9999999,-9999999,-9999999,-9999999,-9999999,-9999999,-9999999,-9999999,-9999999,-9999999,-9999999,-9999999,-9999999,-9999999,-9999999,-9999999,-9999999,-9999999,-9999999,-9999999,-9999999,-9999999,-9999999,-9999999,-9999999,-9999999,-9999999,-9999999,-9999999,-9999999,-9999999,-9999999
AT50-41,Oregon Offshore Shallow Profiler,CE04OSPS,44.35850,-124.95133,2025-08-04T22:16:52.000Z,CTD-001,*0000000000000100,600.0,AT50-41_CTD-001,*0000000000000100,21,*0000000000001000,2025-08-04T22:30:28.000Z,24.117,*0000000001000100,23.921,44.35846,-124.95148,9.3216,*0000000001000100,9.3115,*0000000001000100,3.52457,*0000000001000100,3.51881,*0000000001000100,32.7057,32.6555,5.2210,*0000000011000100,6.50439,1.0136,*0000000001000100,55.2620,-0.1502,*0000000000000100,7.870,*0000000011000100,5.28035,*0000000000000100,*0000000000001000,-9999999,-9999999,-9999999,-9999999,-9999999,1.23622,11.82760,13.04290,0.30549,0.21272,-9999999,*0000000000000100,-9999999,-9999999,-9999999,-9999999,-9999999,-9999999,2107.2,-9999999,*0000000000000100,578.84,20.6,-9999999,-9999999,-9999999,-9999999,-9999999,-9999999,2211.41,-9999999,-9999999,7.887,26.32,1994.62,86.26,2.017,1.309
AT50-41,Oregon Offshore Shallow Profiler,CE04OSPS,44.35850,-124.95133,2025-08-04T22:16:52.000Z,CTD-001,*0000000000000100,600.0,AT50-41_CTD-001,*0000000000000100,21,*0000000000001000,2025-08-04T22:30:28.000Z,24.117,*0000000001000100,23.921,44.35846,-124.95148,9.3216,*0000000001000100,9.3115,*0000000001000100,3.52457,*0000000001000100,3.51881,*0000000001000100,32.7057,32.6555,5.2210,*0000000011000100,6.50439,1.0136,*0000000001000100,55.2620,-0.1502,*0000000000000100,7.870,*0000000001000100,5.31120,*0000000000000100,*0000000000001000,-9999999,-9999999,-9999999,-9999999,-9999999,-9999999,-9999999,-9999999,-9999999,-9999999,-9999999,-9999999,-9999999,-9999999,-9999999,-9999999,-9999999,-9999999,-9999999,-9999999,-9999999,-9999999,-9999999,-9999999,-9999999,-9999999,-9999999,-9999999,-9999999,-9999999,-9999999,-9999999,-9999999,-9999999,-9999999,-9999999,-9999999,-9999999
AT50-41,Oregon Offshore Shallow Profiler,CE04OSPS,44.35850,-124.95133,2025-08-04T22:16:52.000Z,CTD-001,*0000000000000100,600.0,AT50-41_CTD-001,*0000000000000100,22,*0000000000000100,2025-08-04T22:31:22.000Z,24.111,*0000000001000100,23.916,44.35844,-124.95148,9.1950,*0000000001000100,9.2037,*0000000001000100,3.51926,*0000000001000100,3.51457,*0000000001000100,32.7670,32.7104,4.9336,*0000000001000100,6.52003,0.9423,*0000000011000100,55.2620,-0.1469,*0000000000000100,7.856,*0000000001000100,-9999999,-9999999,-9999999,1.01902,0.56008,1.61036,*0000000000000100,*0000000000000100,-9999999,-9999999,-9999999,-9999999,-9999999,-9999999,-9999999,-9999999,-9999999,-9999999,-9999999,-9999999,-9999999,-9999999,-9999999,-9999999,-9999999,-9999999,-9999999,-9999999,-9999999,-9999999,-9999999,-9999999,-9999999,-9999999,-9999999,-9999999,-9999999,-9999999,-9999999,-9999999,-9999999
AT50-41,Oregon Offshore Shallow Profiler,CE04OSPS,44.35850,-124.95133,2025-08-04T22:16:52.000Z,CTD-001,*0000000000000100,600.0,AT50-41_CTD-001,*0000000000000100,23,*0000000000000100,2025-08-04T22:33:32.000Z,13.635,*0000000001000100,13.525,44.35846,-124.95156,11.2852,*0000000001000100,11.3065,*0000000001000100,3.69420,*0000000011000100,3.69123,*0000000011000100,32.6504,32.6024,6.5832,*0000000011000100,6.23546,1.0254,*0000000001000100,55.2620,-0.1489,*0000000000000100,8.060,*0000000011000100,6.71785,*0000000000000100,*0000000000001000,-9999999,-9999999,-9999999,-9999999,-9999999,0.69100,4.56535,4.12285,0.19811,0.63677,-9999999,*0000000000000100,33.42764,-9999999,*0000000000000100,-9999999,-9999999,-9999999,2104.31,-9999999,*0000000000000100,659.54,20.6,-9999999,-9999999,-9999999,-9999999,-9999999,-9999999,2200.84,-9999999,-9999999,7.837,28.12,1993.56,82.63,1.938,1.262
AT50-41,Oregon Offshore Shallow Profiler,CE04OSPS,44.35850,-124.95133,2025-08-04T22:16:52.000Z,CTD-001,*0000000000000100,600.0,AT50-41_CTD-001,*0000000000000100,23,*0000000000000100,2025-08-04T22:33:32.000Z,13.635,*0000000001000100,13.525,44.35846,-124.95156,11.2852,*0000000001000100,11.3065,*0000000001000100,3.69420,*0000000001000100,3.69123,*0000000001000100,32.6504,32.6024,6.5832,*0000000011000100,6.23546,1.0254,*0000000001000100,55.2620,-0.1489,*0000000000000100,8.060,*0000000001000100,6.74124,*0000000000000100,*0000000000001000,-9999999,-9999999,-9999999,-9999999,-9999999,-9999999,-9999999,-9999999,-9999999,-9999999,-9999999,-9999999,-9999999,-9999999,-9999999,-9999999,-9999999,-9999999,-9999999,-9999999,-9999999,-9999999,-9999999,-9999999,-9999999,-9999999,-9999999,-9999999,-9999999,-9999999,-9999999,-9999999,-9999999,-9999999,-9999999,-9999999,-9999999,-9999999
AT50-41,Oregon Offshore Shallow Profiler,CE04OSPS,44.35850,-124.95133,2025-08-04T22:16:52.000Z,CTD-001,*0000000000000100,600.0,AT50-41_CTD-001,*0000000000000100,24,*0000000000000100,2025-08-04T22:33:53.000Z,13.653,*0000000001000100,13.542,44.35848,-124.95158,11.2275,*0000000001000100,11.2503,*0000000001000100,3.68816,*0000000001000100,3.68548,*0000000001000100,32.6420,32.5955,6.5186,*0000000001000100,6.24346,0.9958,*0000000011000100,55.2620,-0.1478,*0000000000000100,8.058,*0000000001000100,-9999999,-9999999,-9999999,0.88454,0.56120,1.57868,*0000000000000100,*0000000000000100,-9999999,-9999999,-9999999,-9999999,-9999999,-9999999,-9999999,-9999999,-9999999,-9999999,-9999999,-9999999,-9999999,-9999999,-9999999,-9999999,-9999999,-9999999,-9999999,-9999999,-9999999,-9999999,-9999999,-9999999,-9999999,-9999999,-9999999,-9999999,-9999999,-9999999,-9999999,-9999999,-9999999
AT50-41,Slope Base Shallow Profiler,RS01SBPS,44.52750,-125.38150,2025-08-05T14:52:49.000Z,CTD-002,*0000000000000100,2907.0,AT50-41_CTD-002,*0000000000000100,1,*0000000000000100,2025-08-05T15:02:16.000Z,222.334,*0000000001000100,220.420,44.52728,-125.37981,6.5453,*0000000001000100,6.5434,*0000000001000100,3.40299,*0000000001000100,3.39744,*0000000001000100,33.9587,33.8989,2.3980,*0000000011000100,6.86905,-0.0502,*0000000001000100,55.2620,-0.1486,*0000000000000100,7.511,*0000000011000100,2.44603,*0000000000000100,*0000000000001000,-9999999,-9999999,-9999999,-9999999,-9999999,2.33882,47.18514,33.41608,0.01041,0.00003,-9999999,*0000000000000100,-9999999,-9999999,-9999999,-9999999,-9999999,-9999999,2313.95,-9999999,*0000000000000100,2103.05,20.5,-9999999,-9999999,-9999999,-9999999,-9999999,-9999999,2248.72,-9999999,-9999999,7.346,104.4,2184.02,25.53,0.568,0.367
AT50-41,Slope Base Shallow Profiler,RS01SBPS,44.52750,-125.38150,2025-08-05T14:52:49.000Z,CTD-002,*0000000000000100,2907.0,AT50-41_CTD-002,*0000000000000100,1,*0000000000000100,2025-08-05T15:02:16.000Z,222.334,*0000000001000100,220.420,44.52728,-125.37981,6.5453,*0000000001000100,6.5434,*0000000001000100,3.40299,*0000000001000100,3.39744,*0000000001000100,33.9587,33.8989,2.3980,*0000000011000100,6.86905,-0.0502,*0000000001000100,55.2620,-0.1486,*0000000000000100,7.511,*0000000001000100,2.43546,*0000000000000100,*0000000000001000,-9999999,-9999999,-9999999,-9999999,-9999999,-9999999,-9999999,-9999999,-9999999,-9999999,-9999999,-9999999,-9999999,-9999999,-9999999,-9999999,-9999999,-9999999,-9999999,-9999999,-9999999,-9999999,-9999999,-9999999,-9999999,-9999999,-9999999,-9999999,-9999999,-9999999,-9999999,-9999999,-9999999,-9999999,-9999999,-9999999,-9999999,-9999999
AT50-41,Slope Base Shallow Profiler,RS01SBPS,44.52750,-125.38150,2025-08-05T14:52:49.000Z,CTD-002,*0000000000000100,2907.0,AT50-41_CTD-002,*0000000000000100,3,*0000000000000100,2025-08-05T15:05:46.000Z,202.527,*0000000001000100,200.793,44.52717,-125.37921,6.6814,*0000000001000100,6.6811,*0000000001000100,3.41038,*0000000011000100,3.40494,*0000000011000100,33.9154,33.8555,2.8628,*0000000001000100,6.84944,-0.0563,*0000000001000100,55.2620,-0.1472,*0000000000000100,7.557,*0000000011000100,-9999999,-9999999,-9999999,-9999999,-9999999,-9999999,-9999999,-9999999,2.21506,42.69549,31.80180,0.01159,0.04618,-9999999,*0000000000000100,33.86026,-9999999,*0000000000000100,-9999999,-9999999,-9999999,2326.1,-9999999,*0000000000000100,2239.78,20.7,-9999999,-9999999,-9999999,-9999999,-9999999,-9999999,2252.57,-9999999,-9999999,7.322,110.71,2191.13,24.27,0.542,0.351
AT50-41,Slope Base Shallow Profiler,RS01SBPS,44.52750,-125.38150,2025-08-05T14:52:49.000Z,CTD-002,*0000000000000100,2907.0,AT50-41_CTD-002,*0000000000000100,5,*0000000000000100,2025-08-05T15:08:56.000Z,182.746,*0000000001000100,181.190,44.52708,-125.37871,6.8591,*0000000001000100,6.8579,*0000000001000100,3.42389,*0000000001000100,3.41840,*0000000001000100,33.8984,33.8393,3.0628,*0000000001000100,6.82221,-0.0543,*0000000001000100,55.2620,-0.1513,*0000000000000100,7.581,*0000000011000100,-9999999,-9999999,-9999999,-9999999,-9999999,-9999999,-9999999,-9999999,2.09451,39.48450,30.68309,0.01361,0.14178,-9999999,*0000000000000100,-9999999,-9999999,-9999999,-9999999,-9999999,-9999999,2283.17,-9999999,*0000000000000100,1744.45,20.6,-9999999,-9999999,-9999999,-9999999,-9999999,-9999999,2244.58,-9999999,-9999999,7.427,85.69,2166.74,30.74,0.69,0.446
AT50-41,Slope Base Shallow Profiler,RS01SBPS,44.52750,-125.38150,2025-08-05T14:52:49.000Z,CTD-002,*0000000000000100,2907.0,AT50-41_CTD-002,*0000000000000100,6,*0000000000000100,2025-08-05T15:09:16.000Z,182.620,*0000000001000100,181.065,44.52707,-125.37865,6.8602,*0000000001000100,6.8604,*0000000001000100,3.42397,*0000000001000100,3.41860,*0000000001000100,33.8984,33.8391,3.0646,*0000000001000100,6.82205,-0.0538,*0000000011000100,55.2620,-0.1469,*0000000000000100,7.583,*0000000001000100,-9999999,-9999999,-9999999,0.00296,0.02113,1.11628,*0000000000000100,*0000000000000100,-9999999,-9999999,-9999999,-9999999,-9999999,-9999999,-9999999,-9999999,-9999999,-9999999,-9999999,-9999999,-9999999,-9999999,-9999999,-9999999,-9999999,-9999999,-9999999,-9999999,-9999999,-9999999,-9999999,-9999999,-9999999,-9999999,-9999999,-9999999,-9999999,-9999999,-9999999,-9999999,-9999999
AT50-41,Slope Base Shallow Profiler,RS01SBPS,44.52750,-125.38150,2025-08-05T14:52:49.000Z,CTD-002,*0000000000000100,2907.0,AT50-41_CTD-002,*0000000000000100,7,*0000000000000100,2025-08-05T15:11:46.000Z,163.024,*0000000001000100,161.644,44.52700,-125.37821,7.0296,*0000000001000100,7.0282,*0000000001000100,3.43591,*0000000001000100,3.43040,*0000000001000100,33.8722,33.8132,3.2870,*0000000011000100,6.79672,-0.0520,*0000000001000100,55.2620,-0.1519,*0000000000000100,7.606,*0000000011000100,3.28063,*0000000000000001,*0000000000001000,-9999999,-9999999,-9999999,-9999999,-9999999,2.05387,36.69120,29.55250,0.01027,0.03461,-9999999,*0000000000000100,-9999999,-9999999,-9999999,-9999999,-9999999,-9999999,2202.91,-9999999,*0000000000000100,826.49,20.5,-9999999,-9999999,-9999999,-9999999,-9999999,-9999999,2256.44,-9999999,-9999999,7.74,40.37,2101.05,61.49,1.385,0.897
AT50-41,Slope Base Shallow Profiler,RS01SBPS,44.52750,-125.38150,2025-08-05T14:52:49.000Z,CTD-002,*0000000000000100,2907.0,AT50-41_CTD-002,*0000000000000100,7,*0000000000000100,2025-08-05T15:11:46.000Z,163.024,*0000000001000100,161.644,44.52700,-125.37821,7.0296,*0000000001000100,7.0282,*0000000001000100,3.43591,*0000000001000100,3.43040,*0000000001000100,33.8722,33.8132,3.2870,*0000000011000100,6.79672,-0.0520,*0000000001000100,55.2620,-0.1519,*0000000000000100,7.606,*0000000001000100,3.27742,*0000000000000100,*0000000000001000,-9999999,-9999999,-9999999,-9999999,-9999999,-9999999,-9999999,-9999999,-9999999,-9999999,-9999999,-9999999,-9999999,-9999999,-9999999,-9999999,-9999999,-9999999,-9999999,-9999999,-9999999,-9999999,-9999999,-9999999,-9999999,-9999999,-9999999,-9999999,-9999999,-9999999,-9999999,-9999999,-9999999,-9999999,-9999999,-9999999,-9999999,-9999999
AT50-41,Slope Base Shallow Profiler,RS01SBPS,44.52750,-125.38150,2025-08-05T14:52:49.000Z,CTD-002,*0000000000000100,2907.0,AT50-41_CTD-002,*0000000000000100,8,*0000000000000100,2025-08-05T15:12:06.000Z,162.829,*0000000001000100,161.451,44.52698,-125.37814,7.0303,*0000000001000100,7.0294,*0000000001000100,3.43596,*0000000001000100,3.43049,*0000000001000100,33.8721,33.8132,3.2866,*0000000001000100,6.79662,-0.0548,*0000000011000100,55.2620,-0.1541,*0000000000000100,7.606,*0000000001000100,-9999999,-9999999,-9999999,0.00355,0.00989,1.25,*0000000000000100,*0000000000000100,-9999999,-9999999,-9999999,-9999999,-9999999,-9999999,-9999999,-9999999,-9999999,-9999999,-9999999,-9999999,-9999999,-9999999,-9999999,-9999999,-9999999,-9999999,-9999999,-9999999,-9999999,-9999999,-9999999,-9999999,-9999999,-9999999,-9999999,-9999999,-9999999,-9999999,-9999999,-9999999,-9999999
AT50-41,Slope Base Shallow Profiler,RS01SBPS,44.52750,-125.38150,2025-08-05T14:52:49.000Z,CTD-002,*0000000000000100,2907.0,AT50-41_CTD-002,*0000000000000100,9,*0000000000000100,2025-08-05T15:14:28.000Z,142.999,*0000000001000100,141.795,44.52690,-125.37770,7.2988,*0000000001000100,7.2908,*0000000001000100,3.45453,*0000000001000100,3.44842,*0000000001000100,33.8214,33.7628,3.5303,*0000000001000100,6.75724,-0.0597,*0000000001000100,55.2620,-0.1489,*0000000000000100,7.630,*0000000011000100,-9999999,-9999999,-9999999,-9999999,-9999999,-9999999,-9999999,-9999999,1.96616,32.96411,28.10933,0.01342,0.12683,-9999999,*0000000000000100,-9999999,-9999999,-9999999,-9999999,-9999999,-9999999,2259.74,-9999999,*0000000000000100,1562.42,20.5,-9999999,-9999999,-9999999,-9999999,-9999999,-9999999,2236.88,-9999999,-9999999,7.475,75.62,2149.65,34.47,0.78,0.505
AT50-41,Slope Base Shallow Profiler,RS01SBPS,44.52750,-125.38150,2025-08-05T14:52:49.000Z,CTD-002,*0000000000000100,2907.0,AT50-41_CTD-002,*0000000000000100,11,*0000000000000100,2025-08-05T15:17:17.000Z,123.003,*0000000001000100,121.973,44.52682,-125.37720,7.9264,*0000000001000100,7.9267,*0000000001000100,3.50626,*0000000011000100,3.50072,*0000000011000100,33.7796,33.7201,3.0071,*0000000011000100,6.66350,-0.0541,*0000000011000100,55.2620,-0.1500,*0000000000000100,7.583,*0000000011000100,3.96612,*0000000000000100,*0000000000001000,0.03259,0.03354,1.46610,*0000000000000100,*0000000000000100,1.74012,23.08238,23.63614,0.01390,0.00003,-9999999,*0000000000000100,33.35780,-9999999,*0000000000000100,-9999999,-9999999,-9999999,2196.55,-9999999,*0000000000000100,1136.23,20.8,-9999999,-9999999,-9999999,-9999999,-9999999,-9999999,2213.84,-9999999,-9999999,7.605,53.83,2096.32,46.4,1.054,0.683
AT50-41,Slope Base Shallow Profiler,RS01SBPS,44.52750,-125.38150,2025-08-05T14:52:49.000Z,CTD-002,*0000000000000100,2907.0,AT50-41_CTD-002,*0000000000000100,11,*0000000000000100,2025-08-05T15:17:17.000Z,123.003,*0000000001000100,121.973,44.52682,-125.37720,7.9264,*0000000001000100,7.9267,*0000000001000100,3.50626,*0000000001000100,3.50072,*0000000001000100,33.7796,33.7201,3.0071,*0000000011000100,6.66350,-0.0541,*0000000001000100,55.2620,-0.1500,*0000000000000100,7.583,*0000000001000100,3.96738,*0000000000000100,*0000000000001000,-9999999,-9999999,-9999999,-9999999,-9999999,-9999999,-9999999,-9999999,-9999999,-9999999,-9999999,-9999999,-9999999,-9999999,-9999999,-9999999,-9999999,-9999999,-9999999,-9999999,-9999999,-9999999,-9999999,-9999999,-9999999,-9999999,-9999999,-9999999,-9999999,-9999999,-9999999,-9999999,-9999999,-9999999,-9999999,-9999999,-9999999,-9999999
AT50-41,Slope Base Shallow Profiler,RS01SBPS,44.52750,-125.38150,2025-08-05T14:52:49.000Z,CTD-002,*0000000000000100,2907.0,AT50-41_CTD-002,*0000000000000100,13,*0000000000000100,2025-08-05T15:20:05.000Z,102.594,*0000000001000100,101.740,44.52672,-125.37670,8.0639,*0000000001000100,8.0628,*0000000001000100,3.50306,*0000000001000100,3.49750,*0000000001000100,33.6227,33.5644,3.5093,*0000000001000100,6.64968,-0.0499,*0000000001000100,55.2620,-0.1486,*0000000000000100,7.630,*0000000011000100,-9999999,-9999999,-9999999,-9999999,-9999999,-9999999,-9999999,-9999999,1.93346,27.72359,26.85278,0.01013,0.10224,-9999999,-9999999,-9999999,-9999999,-9999999,-9999999,-9999999,-9999999,2265.78,-9999999,*0000000000000100,1685.47,20.9,-9999999,-9999999,-9999999,-9999999,-9999999,-9999999,2236.7,-9999999,-9999999,7.447,79.57,2153.1,33.11,0.756,0.49
AT50-41,Slope Base Shallow Profiler,RS01SBPS,44.52750,-125.38150,2025-08-05T14:52:49.000Z,CTD-002,*0000000000000100,2907.0,AT50-41_CTD-002,*0000000000000100,14,*0000000000000100,2025-08-05T15:20:24.000Z,103.234,*0000000001000100,102.375,44.52672,-125.37664,8.0645,*0000000001000100,8.0632,*0000000001000100,3.50354,*0000000001000100,3.49797,*0000000001000100,33.6269,33.5688,3.4956,*0000000011000100,6.64941,-0.0467,*0000000001000100,55.2620,-0.1497,*0000000000000100,7.629,*0000000001000100,3.50809,*0000000000000100,*0000000000001000,-9999999,-9999999,-9999999,-9999999,-9999999,-9999999,-9999999,-9999999,-9999999,-9999999,-9999999,-9999999,-9999999,-9999999,-9999999,-9999999,-9999999,-9999999,-9999999,-9999999,-9999999,-9999999,-9999999,-9999999,-9999999,-9999999,-9999999,-9999999,-9999999,-9999999,-9999999,-9999999,-9999999,-9999999,-9999999,-9999999,-9999999,-9999999
AT50-41,Slope Base Shallow Profiler,RS01SBPS,44.52750,-125.38150,2025-08-05T14:52:49.000Z,CTD-002,*0000000000000100,2907.0,AT50-41_CTD-002,*0000000000000100,14,*0000000000000100,2025-08-05T15:20:24.000Z,103.234,*0000000001000100,102.375,44.52672,-125.37664,8.0645,*0000000001000100,8.0632,*0000000001000100,3.50354,*0000000001000100,3.49797,*0000000001000100,33.6269,33.5688,3.4956,*0000000011000100,6.64941,-0.0467,*0000000001000100,55.2620,-0.1497,*0000000000000100,7.629,*0000000001000100,3.49945,*0000000000000100,*0000000000001000,-9999999,-9999999,-9999999,-9999999,-9999999,-9999999,-9999999,-9999999,-9999999,-9999999,-9999999,-9999999,-9999999,-9999999,-9999999,-9999999,-9999999,-9999999,-9999999,-9999999,-9999999,-9999999,-9999999,-9999999,-9999999,-9999999,-9999999,-9999999,-9999999,-9999999,-9999999,-9999999,-9999999,-9999999,-9999999,-9999999,-9999999,-9999999
AT50-41,Slope Base Shallow Profiler,RS01SBPS,44.52750,-125.38150,2025-08-05T14:52:49.000Z,CTD-002,*0000000000000100,2907.0,AT50-41_CTD-002,*0000000000000100,15,*0000000000000100,2025-08-05T15:22:51.000Z,83.045,*0000000001000100,82.358,44.52664,-125.37622,8.3558,*0000000001000100,8.3551,*0000000001000100,3.50916,*0000000011000100,3.50363,*0000000011000100,33.4181,33.3602,3.9394,*0000000001000100,6.61502,-0.0312,*0000000001000100,55.2620,-0.1500,*0000000000000100,7.676,*0000000011000100,-9999999,-9999999,-9999999,-9999999,-9999999,-9999999,-9999999,-9999999,1.76473,22.99018,23.78459,0.01159,0.00004,-9999999,*0000000000000100,33.44370,-9999999,*0000000000000100,-9999999,-9999999,-9999999,2240.78,-9999999,*0000000000000100,1562.34,20.8,-9999999,-9999999,-9999999,-9999999,-9999999,-9999999,2221.67,-9999999,-9999999,7.478,73.09,2132.3,35.39,0.813,0.527
AT50-41,Slope Base Shallow Profiler,RS01SBPS,44.52750,-125.38150,2025-08-05T14:52:49.000Z,CTD-002,*0000000000000100,2907.0,AT50-41_CTD-002,*0000000000000100,16,*0000000000000100,2025-08-05T15:23:11.000Z,82.845,*0000000001000100,82.160,44.52662,-125.37617,8.3568,*0000000001000100,8.3555,*0000000001000100,3.50921,*0000000001000100,3.50364,*0000000001000100,33.4178,33.3600,3.9423,*0000000011000100,6.61489,-0.0338,*0000000001000100,55.2620,-0.1475,*0000000000000100,7.676,*0000000001000100,3.94872,*0000000000000100,*0000000000001000,-9999999,-9999999,-9999999,-9999999,-9999999,-9999999,-9999999,-9999999,-9999999,-9999999,-9999999,-9999999,-9999999,-9999999,-9999999,-9999999,-9999999,-9999999,-9999999,-9999999,-9999999,-9999999,-9999999,-9999999,-9999999,-9999999,-9999999,-9999999,-9999999,-9999999,-9999999,-9999999,-9999999,-9999999,-9999999,-9999999,-9999999,-9999999
AT50-41,Slope Base Shallow Profiler,RS01SBPS,44.52750,-125.38150,2025-08-05T14:52:49.000Z,CTD-002,*0000000000000100,2907.0,AT50-41_CTD-002,*0000000000000100,16,*0000000000000100,2025-08-05T15:23:11.000Z,82.845,*0000000001000100,82.160,44.52662,-125.37617,8.3568,*0000000001000100,8.3555,*0000000001000100,3.50921,*0000000001000100,3.50364,*0000000001000100,33.4178,33.3600,3.9423,*0000000011000100,6.61489,-0.0338,*0000000011000100,55.2620,-0.1475,*0000000000000100,7.676,*0000000001000100,3.95534,*0000000000000100,*0000000000001000,0.03614,0.03222,1.5,*0000000000000100,*0000000000000100,-9999999,-9999999,-9999999,-9999999,-9999999,-9999999,-9999999,-9999999,-9999999,-9999999,-9999999,-9999999,-9999999,-9999999,-9999999,-9999999,-9999999,-9999999,-9999999,-9999999,-9999999,-9999999,-9999999,-9999999,-9999999,-9999999,-9999999,-9999999,-9999999,-9999999,-9999999,-9999999,-9999999
AT50-41,Slope Base Shallow Profiler,RS01SBPS,44.52750,-125.38150,2025-08-05T14:52:49.000Z,CTD-002,*0000000000000100,2907.0,AT50-41_CTD-002,*0000000000000100,17,*0000000000000100,2025-08-05T15:25:36.000Z,63.026,*0000000001000100,62.507,44.52656,-125.37579,8.8152,*0000000001000100,8.8136,*0000000001000100,3.49638,*0000000001000100,3.49078,*0000000001000100,32.8621,32.8050,4.2929,*0000000001000100,6.57116,0.0035,*0000000001000100,55.2620,-0.1497,*0000000000000100,7.708,*0000000011000100,-9999999,-9999999,-9999999,-9999999,-9999999,-9999999,-9999999,-9999999,1.54777,18.10366,19.40584,0.06406,0.00004,-9999999,*0000000000000100,-9999999,-9999999,-9999999,-9999999,-9999999,-9999999,2216.57,-9999999,*0000000000000100,1791.13,20.8,-9999999,-9999999,-9999999,-9999999,-9999999,-9999999,2180.16,-9999999,-9999999,7.416,82.76,2103.45,30.36,0.703,0.456
AT50-41,Slope Base Shallow Profiler,RS01SBPS,44.52750,-125.38150,2025-08-05T14:52:49.000Z,CTD-002,*0000000000000100,2907.0,AT50-41_CTD-002,*0000000000000100,18,*0000000000000100,2025-08-05T15:25:54.000Z,63.046,*0000000001000100,62.527,44.52656,-125.37574,8.8139,*0000000001000100,8.8127,*0000000001000100,3.49669,*0000000001000100,3.49104,*0000000001000100,32.8665,32.8086,4.3007,*0000000011000100,6.57116,0.0056,*0000000011000100,55.2620,-0.1494,*0000000000000100,7.707,*0000000001000100,4.33045,*0000000000000100,*0000000000001000,0.11849,0.03561,1.72727,*0000000000000100,*0000000000000100,-9999999,-9999999,-9999999,-9999999,-9999999,-9999999,-9999999,-9999999,-9999999,-9999999,-9999999,-9999999,-9999999,-9999999,-9999999,-9999999,-9999999,-9999999,-9999999,-9999999,-9999999,-9999999,-9999999,-9999999,-9999999,-9999999,-9999999,-9999999,-9999999,-9999999,-9999999,-9999999,-9999999
AT50-41,Slope Base Shallow Profiler,RS01SBPS,44.52750,-125.38150,2025-08-05T14:52:49.000Z,CTD-002,*0000000000000100,2907.0,AT50-41_CTD-002,*0000000000000100,18,*0000000000000100,2025-08-05T15:25:54.000Z,63.046,*0000000001000100,62.527,44.52656,-125.37574,8.8139,*0000000001000100,8.8127,*0000000001000100,3.49669,*0000000001000100,3.49104,*0000000001000100,32.8665,32.8086,4.3007,*0000000011000100,6.57116,0.0056,*0000000001000100,55.2620,-0.1494,*0000000000000100,7.707,*0000000001000100,4.33954,*0000000000000100,*0000000000001000,-9999999,-9999999,-9999999,-9999999,-9999999,-9999999,-9999999,-9999999,-9999999,-9999999,-9999999,-9999999,-9999999,-9999999,-9999999,-9999999,-9999999,-9999999,-9999999,-9999999,-9999999,-9999999,-9999999,-9999999,-9999999,-9999999,-9999999,-9999999,-9999999,-9999999,-9999999,-9999999,-9999999,-9999999,-9999999,-9999999,-9999999,-9999999
AT50-41,Slope Base Shallow Profiler,RS01SBPS,44.52750,-125.38150,2025-08-05T14:52:49.000Z,CTD-002,*0000000000000100,2907.0,AT50-41_CTD-002,*0000000000000100,19,*0000000000000100,2025-08-05T15:28:33.000Z,42.839,*0000000001000100,42.489,44.52648,-125.37537,9.4537,*0000000001000100,9.4508,*0000000001000100,3.51712,*0000000011000100,3.51131,*0000000011000100,32.5004,32.4433,5.2334,*0000000001000100,6.49406,0.0840,*0000000001000100,55.2620,-0.1480,*0000000000000100,7.809,*0000000011000100,-9999999,-9999999,-9999999,-9999999,-9999999,-9999999,-9999999,-9999999,1.19443,10.63973,11.92539,0.50388,0.00004,-9999999,*0000000000000100,33.51167,-9999999,*0000000000000100,-9999999,-9999999,-9999999,2075.83,-9999999,*0000000000000100,603.66,21.1,-9999999,-9999999,-9999999,-9999999,-9999999,-9999999,2171.05,-9999999,-9999999,7.863,27.37,1967.86,80.6,1.881,1.221
AT50-41,Slope Base Shallow Profiler,RS01SBPS,44.52750,-125.38150,2025-08-05T14:52:49.000Z,CTD-002,*0000000000000100,2907.0,AT50-41_CTD-002,*0000000000000100,20,*0000000000000100,2025-08-05T15:28:53.000Z,43.060,*0000000001000100,42.708,44.52648,-125.37532,9.4405,*0000000001000100,9.4398,*0000000001000100,3.51629,*0000000001000100,3.51062,*0000000001000100,32.5037,32.4462,5.2327,*0000000001000100,6.49581,0.1016,*0000000011000100,55.2620,-0.1475,*0000000000000100,7.811,*0000000001000100,-9999999,-9999999,-9999999,0.25772,0.10988,1.66311,*0000000000000100,*0000000000000100,-9999999,-9999999,-9999999,-9999999,-9999999,-9999999,-9999999,-9999999,-9999999,-9999999,-9999999,-9999999,-9999999,-9999999,-9999999,-9999999,-9999999,-9999999,-9999999,-9999999,-9999999,-9999999,-9999999,-9999999,-9999999,-9999999,-9999999,-9999999,-9999999,-9999999,-9999999,-9999999,-9999999
AT50-41,Slope Base Shallow Profiler,RS01SBPS,44.52750,-125.38150,2025-08-05T14:52:49.000Z,CTD-002,*0000000000000100,2907.0,AT50-41_CTD-002,*0000000000000100,21,*0000000000000100,2025-08-05T15:31:28.000Z,23.009,*0000000001000100,22.822,44.52640,-125.37490,13.1683,*0000000001000100,13.0797,*0000000001000100,3.83566,*0000000001000100,3.82154,*0000000001000100,32.3705,32.3133,6.3128,*0000000011000100,6.00461,0.4022,*0000000001000100,55.2620,-0.1475,*0000000000000100,7.998,*0000000011000100,6.43418,*0000000000000100,*0000000000001000,-9999999,-9999999,-9999999,-9999999,-9999999,0.41853,2.08564,0.75212,0.04842,0.67296,-9999999,*0000000000000100,-9999999,-9999999,-9999999,-9999999,-9999999,-9999999,2019.56,-9999999,*0000000000000100,440.92,21.8,-9999999,-9999999,-9999999,-9999999,-9999999,-9999999,2181.04,-9999999,-9999999,7.993,17.73,1882.59,119.23,2.801,1.83
AT50-41,Slope Base Shallow Profiler,RS01SBPS,44.52750,-125.38150,2025-08-05T14:52:49.000Z,CTD-002,*0000000000000100,2907.0,AT50-41_CTD-002,*0000000000000100,21,*0000000000000100,2025-08-05T15:31:28.000Z,23.009,*0000000001000100,22.822,44.52640,-125.37490,13.1683,*0000000001000100,13.0797,*0000000001000100,3.83566,*0000000001000100,3.82154,*0000000001000100,32.3705,32.3133,6.3128,*0000000011000100,6.00461,0.4022,*0000000001000100,55.2620,-0.1475,*0000000000000100,7.998,*0000000001000100,6.43884,*0000000000000001,*0000000000001000,-9999999,-9999999,-9999999,-9999999,-9999999,-9999999,-9999999,-9999999,-9999999,-9999999,-9999999,-9999999,-9999999,-9999999,-9999999,-9999999,-9999999,-9999999,-9999999,-9999999,-9999999,-9999999,-9999999,-9999999,-9999999,-9999999,-9999999,-9999999,-9999999,-9999999,-9999999,-9999999,-9999999,-9999999,-9999999,-9999999,-9999999,-9999999
AT50-41,Slope Base Shallow Profiler,RS01SBPS,44.52750,-125.38150,2025-08-05T14:52:49.000Z,CTD-002,*0000000000000100,2907.0,AT50-41_CTD-002,*0000000000000100,22,*0000000000000100,2025-08-05T15:31:48.000Z,22.738,*0000000001000100,22.553,44.52640,-125.37484,13.3598,*0000000001000100,13.2985,*0000000001000100,3.85068,*0000000001000100,3.83987,*0000000001000100,32.3486,32.2995,6.3882,*0000000001000100,5.98178,0.3578,*0000000011000100,55.2620,-0.1461,*0000000000000100,8.009,*0000000001000100,-9999999,-9999999,-9999999,0.64459,0.23069,1.69654,*0000000000000100,*0000000000000100,-9999999,-9999999,-9999999,-9999999,-9999999,-9999999,-9999999,-9999999,-9999999,-9999999,-9999999,-9999999,-9999999,-9999999,-9999999,-9999999,-9999999,-9999999,-9999999,-9999999,-9999999,-9999999,-9999999,-9999999,-9999999,-9999999,-9999999,-9999999,-9999999,-9999999,-9999999,-9999999,-9999999
AT50-41,Slope Base Shallow Profiler,RS01SBPS,44.52750,-125.38150,2025-08-05T14:52:49.000Z,CTD-002,*0000000000000100,2907.0,AT50-41_CTD-002,*0000000000000100,23,*0000000000000100,2025-08-05T15:34:09.000Z,13.378,*0000000001000100,13.269,44.52632,-125.37442,15.6467,*0000000001000100,15.4825,*0000000001000100,4.02861,*0000000011000100,4.00943,*0000000011000100,32.0738,32.0368,6.0896,*0000000011000100,5.72177,0.0743,*0000000001000100,55.2620,-0.1497,*0000000000000100,8.059,*0000000011000100,6.14463,*0000000000000100,*0000000000001000,-9999999,-9999999,-9999999,-9999999,-9999999,0.35962,1.12334,0.26282,0.01157,2.28761,-9999999,*0000000000000100,34.03878,-9999999,*0000000000000100,-9999999,-9999999,-9999999,1971.99,-9999999,*0000000000000100,356.18,21.7,-9999999,-9999999,-9999999,-9999999,-9999999,-9999999,2183.92,-9999999,-9999999,8.076,13.3,1807.65,151.05,3.571,2.343
AT50-41,Slope Base Shallow Profiler,RS01SBPS,44.52750,-125.38150,2025-08-05T14:52:49.000Z,CTD-002,*0000000000000100,2907.0,AT50-41_CTD-002,*0000000000000100,23,*0000000000000100,2025-08-05T15:34:09.000Z,13.378,*0000000001000100,13.269,44.52632,-125.37442,15.6467,*0000000001000100,15.4825,*0000000001000100,4.02861,*0000000001000100,4.00943,*0000000001000100,32.0738,32.0368,6.0896,*0000000011000100,5.72177,0.0743,*0000000001000100,55.2620,-0.1497,*0000000000000100,8.059,*0000000001000100,6.14491,*0000000000000100,*0000000000001000,-9999999,-9999999,-9999999,-9999999,-9999999,-9999999,-9999999,-9999999,-9999999,-9999999,-9999999,-9999999,-9999999,-9999999,-9999999,-9999999,-9999999,-9999999,-9999999,-9999999,-9999999,-9999999,-9999999,-9999999,-9999999,-9999999,-9999999,-9999999,-9999999,-9999999,-9999999,-9999999,-9999999,-9999999,-9999999,-9999999,-9999999,-9999999
AT50-41,Slope Base Shallow Profiler,RS01SBPS,44.52750,-125.38150,2025-08-05T14:52:49.000Z,CTD-002,*0000000000000100,2907.0,AT50-41_CTD-002,*0000000000000100,24,*0000000000000100,2025-08-05T15:34:29.000Z,13.072,*0000000001000100,12.966,44.52630,-125.37435,15.6849,*0000000001000100,15.5841,*0000000001000100,4.03197,*0000000001000100,4.01863,*0000000001000100,32.0727,32.0361,6.0575,*0000000001000100,5.71749,0.0746,*0000000011000100,55.2620,-0.1486,*0000000000000100,8.062,*0000000001000100,-9999999,-9999999,-9999999,0.33592,0.09500,1.73732,*0000000000000100,*0000000000000100,-9999999,-9999999,-9999999,-9999999,-9999999,-9999999,-9999999,-9999999,-9999999,-9999999,-9999999,-9999999,-9999999,-9999999,-9999999,-9999999,-9999999,-9999999,-9999999,-9999999,-9999999,-9999999,-9999999,-9999999,-9999999,-9999999,-9999999,-9999999,-9999999,-9999999,-9999999,-9999999,-9999999
AT50-41,Axial Base Deep Profiler,RS03AXPD,45.82633,-129.76217,2025-08-07T22:25:12.000Z,CTD-004,*0000000000000100,2586.0,AT50-41_CTD-004,*0000000000000100,1,*0000000000000100,2025-08-07T23:21:33.000Z,2611.460,*0000000001000100,2574.066,45.82732,-129.76198,1.7957,*0000000001000100,1.7933,*0000000001000100,3.14661,*0000000001000100,3.14077,*0000000001000100,34.7015,34.6322,1.6928,*0000000011000100,7.66560,-0.0337,*0000000001000100,55.2620,-0.1439,*0000000000000100,-2.606,*0000000001000100,1.71554,*0000000000000100,*0000000000001000,-9999999,-9999999,-9999999,-9999999,-9999999,-9999999,-9999999,-9999999,-9999999,-9999999,-9999999,-9999999,-9999999,-9999999,-9999999,-9999999,-9999999,-9999999,-9999999,-9999999,-9999999,-9999999,-9999999,-9999999,-9999999,-9999999,-9999999,-9999999,-9999999,-9999999,-9999999,-9999999,-9999999,-9999999,-9999999,-9999999,-9999999,-9999999
AT50-41,Axial Base Deep Profiler,RS03AXPD,45.82633,-129.76217,2025-08-07T22:25:12.000Z,CTD-004,*0000000000000100,2586.0,AT50-41_CTD-004,*0000000000000100,1,*0000000000000100,2025-08-07T23:21:33.000Z,2611.460,*0000000001000100,2574.066,45.82732,-129.76198,1.7957,*0000000001000100,1.7933,*0000000001000100,3.14661,*0000000001000100,3.14077,*0000000001000100,34.7015,34.6322,1.6928,*0000000011000100,7.66560,-0.0337,*0000000001000100,55.2620,-0.1439,*0000000000000100,-2.606,*0000000001000100,1.72072,*0000000000000100,*0000000000001000,-9999999,-9999999,-9999999,-9999999,-9999999,-9999999,-9999999,-9999999,-9999999,-9999999,-9999999,-9999999,-9999999,-9999999,-9999999,-9999999,-9999999,-9999999,-9999999,-9999999,-9999999,-9999999,-9999999,-9999999,-9999999,-9999999,-9999999,-9999999,-9999999,-9999999,-9999999,-9999999,-9999999,-9999999,-9999999,-9999999,-9999999,-9999999
AT50-41,Axial Base Deep Profiler,RS03AXPD,45.82633,-129.76217,2025-08-07T22:25:12.000Z,CTD-004,*0000000000000100,2586.0,AT50-41_CTD-004,*0000000000000100,3,*0000000000000100,2025-08-07T23:29:26.000Z,2435.428,*0000000001000100,2401.537,45.82720,-129.76196,1.8107,*0000000001000100,1.8087,*0000000001000100,3.14039,*0000000011000100,3.13473,*0000000011000100,34.6928,34.6253,1.6340,*0000000001000100,7.66316,-0.0359,*0000000001000100,55.2620,-0.1494,*0000000000000100,-2.608,*0000000001000100,-9999999,-9999999,-9999999,-9999999,-9999999,-9999999,-9999999,-9999999,-9999999,-9999999,-9999999,-9999999,-9999999,-9999999,-9999999,34.62168,-9999999,*0000000000000100,-9999999,-9999999,-9999999,-9999999,-9999999,-9999999,-9999999,-9999999,-9999999,-9999999,-9999999,-9999999,-9999999,-9999999,-9999999,-9999999,-9999999,-9999999,-9999999,-9999999,-9999999,-9999999,-9999999
AT50-41,Axial Base Deep Profiler,RS03AXPD,45.82633,-129.76217,2025-08-07T22:25:12.000Z,CTD-004,*0000000000000100,2586.0,AT50-41_CTD-004,*0000000000000100,5,*0000000000000100,2025-08-07T23:36:15.000Z,2282.873,*0000000001000100,2251.905,45.82710,-129.76196,1.8627,*0000000001000100,1.8609,*0000000001000100,3.13794,*0000000001000100,3.13252,*0000000001000100,34.6805,34.6157,1.5368,*0000000011000100,7.65377,-0.0363,*0000000001000100,55.2620,-0.1494,*0000000000000100,-2.605,*0000000001000100,1.56619,*0000000000000100,*0000000000001000,-9999999,-9999999,-9999999,-9999999,-9999999,-9999999,-9999999,-9999999,-9999999,-9999999,-9999999,-9999999,-9999999,-9999999,-9999999,-9999999,-9999999,-9999999,-9999999,-9999999,-9999999,-9999999,-9999999,-9999999,-9999999,-9999999,-9999999,-9999999,-9999999,-9999999,-9999999,-9999999,-9999999,-9999999,-9999999,-9999999,-9999999,-9999999
AT50-41,Axial Base Deep Profiler,RS03AXPD,45.82633,-129.76217,2025-08-07T22:25:12.000Z,CTD-004,*0000000000000100,2586.0,AT50-41_CTD-004,*0000000000000100,5,*0000000000000100,2025-08-07T23:36:15.000Z,2282.873,*0000000001000100,2251.905,45.82710,-129.76196,1.8627,*0000000001000100,1.8609,*0000000001000100,3.13794,*0000000001000100,3.13252,*0000000001000100,34.6805,34.6157,1.5368,*0000000011000100,7.65377,-0.0363,*0000000001000100,55.2620,-0.1494,*0000000000000100,-2.605,*0000000001000100,1.55687,*0000000000000100,*0000000000001000,-9999999,-9999999,-9999999,-9999999,-9999999,-9999999,-9999999,-9999999,-9999999,-9999999,-9999999,-9999999,-9999999,-9999999,-9999999,-9999999,-9999999,-9999999,-9999999,-9999999,-9999999,-9999999,-9999999,-9999999,-9999999,-9999999,-9999999,-9999999,-9999999,-9999999,-9999999,-9999999,-9999999,-9999999,-9999999,-9999999,-9999999,-9999999
AT50-41,Axial Base Deep Profiler,RS03AXPD,45.82633,-129.76217,2025-08-07T22:25:12.000Z,CTD-004,*0000000000000100,2586.0,AT50-41_CTD-004,*0000000000000100,7,*0000000000000100,2025-08-07T23:45:02.000Z,2029.863,*0000000001000100,2003.512,45.82704,-129.76194,1.9305,*0000000001000100,1.9289,*0000000001000100,3.13248,*0000000011000100,3.12737,*0000000011000100,34.6645,34.6031,1.3856,*0000000001000100,7.64157,-0.0328,*0000000001000100,55.2620,-0.1502,*0000000000000100,-2.604,*0000000001000100,-9999999,-9999999,-9999999,-9999999,-9999999,-9999999,-9999999,-9999999,-9999999,-9999999,-9999999,-9999999,-9999999,-9999999,-9999999,34.60243,-9999999,*0000000000000100,-9999999,-9999999,-9999999,-9999999,-9999999,-9999999,-9999999,-9999999,-9999999,-9999999,-9999999,-9999999,-9999999,-9999999,-9999999,-9999999,-9999999,-9999999,-9999999,-9999999,-9999999,-9999999,-9999999
AT50-41,Axial Base Deep Profiler,RS03AXPD,45.82633,-129.76217,2025-08-07T22:25:12.000Z,CTD-004,*0000000000000100,2586.0,AT50-41_CTD-004,*0000000000000100,10,*0000000000000100,2025-08-07T23:53:17.000Z,1772.479,*0000000001000100,1750.527,45.82714,-129.76196,2.0779,*0000000001000100,2.0764,*0000000001000100,3.13215,*0000000001000100,3.12732,*0000000001000100,34.6308,34.5729,1.0620,*0000000011000100,7.61509,-0.0264,*0000000001000100,55.2620,-0.1497,*0000000000000100,-2.599,*0000000001000100,1.08812,*0000000000000100,*0000000000001000,-9999999,-9999999,-9999999,-9999999,-9999999,-9999999,-9999999,-9999999,-9999999,-9999999,-9999999,-9999999,-9999999,-9999999,-9999999,-9999999,-9999999,-9999999,-9999999,-9999999,-9999999,-9999999,-9999999,-9999999,-9999999,-9999999,-9999999,-9999999,-9999999,-9999999,-9999999,-9999999,-9999999,-9999999,-9999999,-9999999,-9999999,-9999999
AT50-41,Axial Base Deep Profiler,RS03AXPD,45.82633,-129.76217,2025-08-07T22:25:12.000Z,CTD-004,*0000000000000100,2586.0,AT50-41_CTD-004,*0000000000000100,10,*0000000000000100,2025-08-07T23:53:17.000Z,1772.479,*0000000001000100,1750.527,45.82714,-129.76196,2.0779,*0000000001000100,2.0764,*0000000001000100,3.13215,*0000000001000100,3.12732,*0000000001000100,34.6308,34.5729,1.0620,*0000000011000100,7.61509,-0.0264,*0000000001000100,55.2620,-0.1497,*0000000000000100,-2.599,*0000000001000100,1.09409,*0000000000000001,*0000000000001000,-9999999,-9999999,-9999999,-9999999,-9999999,-9999999,-9999999,-9999999,-9999999,-9999999,-9999999,-9999999,-9999999,-9999999,-9999999,-9999999,-9999999,-9999999,-9999999,-9999999,-9999999,-9999999,-9999999,-9999999,-9999999,-9999999,-9999999,-9999999,-9999999,-9999999,-9999999,-9999999,-9999999,-9999999,-9999999,-9999999,-9999999,-9999999
AT50-41,Axial Base Deep Profiler,RS03AXPD,45.82633,-129.76217,2025-08-07T22:25:12.000Z,CTD-004,*0000000000000100,2586.0,AT50-41_CTD-004,*0000000000000100,12,*0000000000000100,2025-08-08T00:01:17.000Z,1520.483,*0000000001000100,1502.545,45.82746,-129.76200,2.3736,*0000000001000100,2.3726,*0000000001000100,3.14413,*0000000001000100,3.13939,*0000000001000100,34.5888,34.5318,0.6993,*0000000011000100,7.56114,-0.0256,*0000000001000100,55.2620,-0.1524,*0000000000000100,-2.590,*0000000001000100,0.71823,*0000000000000100,*0000000000001000,-9999999,-9999999,-9999999,-9999999,-9999999,-9999999,-9999999,-9999999,-9999999,-9999999,-9999999,-9999999,-9999999,-9999999,-9999999,-9999999,-9999999,-9999999,-9999999,-9999999,-9999999,-9999999,-9999999,-9999999,-9999999,-9999999,-9999999,-9999999,-9999999,-9999999,-9999999,-9999999,-9999999,-9999999,-9999999,-9999999,-9999999,-9999999
AT50-41,Axial Base Deep Profiler,RS03AXPD,45.82633,-129.76217,2025-08-07T22:25:12.000Z,CTD-004,*0000000000000100,2586.0,AT50-41_CTD-004,*0000000000000100,12,*0000000000000100,2025-08-08T00:01:17.000Z,1520.483,*0000000001000100,1502.545,45.82746,-129.76200,2.3736,*0000000001000100,2.3726,*0000000001000100,3.14413,*0000000001000100,3.13939,*0000000001000100,34.5888,34.5318,0.6993,*0000000011000100,7.56114,-0.0256,*0000000001000100,55.2620,-0.1524,*0000000000000100,-2.590,*0000000001000100,0.72447,*0000000000000100,*0000000000001000,-9999999,-9999999,-9999999,-9999999,-9999999,-9999999,-9999999,-9999999,-9999999,-9999999,-9999999,-9999999,-9999999,-9999999,-9999999,-9999999,-9999999,-9999999,-9999999,-9999999,-9999999,-9999999,-9999999,-9999999,-9999999,-9999999,-9999999,-9999999,-9999999,-9999999,-9999999,-9999999,-9999999,-9999999,-9999999,-9999999,-9999999,-9999999
AT50-41,Axial Base Deep Profiler,RS03AXPD,45.82633,-129.76217,2025-08-07T22:25:12.000Z,CTD-004,*0000000000000100,2586.0,AT50-41_CTD-004,*0000000000000100,14,*0000000000000100,2025-08-08T00:08:56.000Z,1268.223,*0000000001000100,1254.010,45.82776,-129.76206,2.8883,*0000000001000100,2.8874,*0000000001000100,3.17372,*0000000001000100,3.16902,*0000000001000100,34.5298,34.4739,0.3764,*0000000011000100,7.46812,-0.0267,*0000000001000100,55.2620,-0.1489,*0000000000000100,-2.569,*0000000001000100,0.38172,*0000000000000100,*0000000000001000,-9999999,-9999999,-9999999,-9999999,-9999999,-9999999,-9999999,-9999999,-9999999,-9999999,-9999999,-9999999,-9999999,-9999999,-9999999,-9999999,-9999999,-9999999,-9999999,-9999999,-9999999,-9999999,-9999999,-9999999,-9999999,-9999999,-9999999,-9999999,-9999999,-9999999,-9999999,-9999999,-9999999,-9999999,-9999999,-9999999,-9999999,-9999999
AT50-41,Axial Base Deep Profiler,RS03AXPD,45.82633,-129.76217,2025-08-07T22:25:12.000Z,CTD-004,*0000000000000100,2586.0,AT50-41_CTD-004,*0000000000000100,14,*0000000000000100,2025-08-08T00:08:56.000Z,1268.223,*0000000001000100,1254.010,45.82776,-129.76206,2.8883,*0000000001000100,2.8874,*0000000001000100,3.17372,*0000000001000100,3.16902,*0000000001000100,34.5298,34.4739,0.3764,*0000000011000100,7.46812,-0.0267,*0000000001000100,55.2620,-0.1489,*0000000000000100,-2.569,*0000000001000100,0.37447,*0000000000000100,*0000000000001000,-9999999,-9999999,-9999999,-9999999,-9999999,-9999999,-9999999,-9999999,-9999999,-9999999,-9999999,-9999999,-9999999,-9999999,-9999999,-9999999,-9999999,-9999999,-9999999,-9999999,-9999999,-9999999,-9999999,-9999999,-9999999,-9999999,-9999999,-9999999,-9999999,-9999999,-9999999,-9999999,-9999999,-9999999,-9999999,-9999999,-9999999,-9999999
AT50-41,Axial Base Deep Profiler,RS03AXPD,45.82633,-129.76217,2025-08-07T22:25:12.000Z,CTD-004,*0000000000000100,2586.0,AT50-41_CTD-004,*0000000000000100,15,*0000000000000100,2025-08-08T00:16:35.000Z,1013.113,*0000000001000100,1002.367,45.82798,-129.76210,3.3862,*0000000001000100,3.3852,*0000000001000100,3.20063,*0000000011000100,3.19609,*0000000011000100,34.4584,34.4052,0.2173,*0000000001000100,7.38078,-0.0269,*0000000001000100,55.2620,-0.1467,*0000000000000100,-2.552,*0000000001000100,-9999999,-9999999,-9999999,-9999999,-9999999,-9999999,-9999999,-9999999,-9999999,-9999999,-9999999,-9999999,-9999999,-9999999,-9999999,34.45024,-9999999,*0000000000000100,-9999999,-9999999,-9999999,-9999999,-9999999,-9999999,-9999999,-9999999,-9999999,-9999999,-9999999,-9999999,-9999999,-9999999,-9999999,-9999999,-9999999,-9999999,-9999999,-9999999,-9999999,-9999999,-9999999
AT50-41,Axial Base Deep Profiler,RS03AXPD,45.82633,-129.76217,2025-08-07T22:25:12.000Z,CTD-004,*0000000000000100,2586.0,AT50-41_CTD-004,*0000000000000100,17,*0000000000000100,2025-08-08T00:24:06.000Z,756.028,*0000000001000100,748.469,45.82810,-129.76212,3.9992,*0000000001000100,3.9985,*0000000001000100,3.23243,*0000000001000100,3.22784,*0000000001000100,34.3268,34.2734,0.2036,*0000000011000100,7.27787,-0.0272,*0000000001000100,55.2620,-0.1475,*0000000000000100,-2.533,*0000000001000100,0.19800,*0000000000000100,*0000000000001000,-9999999,-9999999,-9999999,-9999999,-9999999,-9999999,-9999999,-9999999,-9999999,-9999999,-9999999,-9999999,-9999999,-9999999,-9999999,-9999999,-9999999,-9999999,-9999999,-9999999,-9999999,-9999999,-9999999,-9999999,-9999999,-9999999,-9999999,-9999999,-9999999,-9999999,-9999999,-9999999,-9999999,-9999999,-9999999,-9999999,-9999999,-9999999
AT50-41,Axial Base Deep Profiler,RS03AXPD,45.82633,-129.76217,2025-08-07T22:25:12.000Z,CTD-004,*0000000000000100,2586.0,AT50-41_CTD-004,*0000000000000100,17,*0000000000000100,2025-08-08T00:24:06.000Z,756.028,*0000000001000100,748.469,45.82810,-129.76212,3.9992,*0000000001000100,3.9985,*0000000001000100,3.23243,*0000000001000100,3.22784,*0000000001000100,34.3268,34.2734,0.2036,*0000000011000100,7.27787,-0.0272,*0000000001000100,55.2620,-0.1475,*0000000000000100,-2.533,*0000000001000100,0.19768,*0000000000000100,*0000000000001000,-9999999,-9999999,-9999999,-9999999,-9999999,-9999999,-9999999,-9999999,-9999999,-9999999,-9999999,-9999999,-9999999,-9999999,-9999999,-9999999,-9999999,-9999999,-9999999,-9999999,-9999999,-9999999,-9999999,-9999999,-9999999,-9999999,-9999999,-9999999,-9999999,-9999999,-9999999,-9999999,-9999999,-9999999,-9999999,-9999999,-9999999,-9999999
AT50-41,Axial Base Deep Profiler,RS03AXPD,45.82633,-129.76217,2025-08-07T22:25:12.000Z,CTD-004,*0000000000000100,2586.0,AT50-41_CTD-004,*0000000000000100,19,*0000000000000100,2025-08-08T00:30:38.000Z,505.371,*0000000001000100,500.619,45.82796,-129.76210,4.6250,*0000000001000100,4.6265,*0000000001000100,3.26026,*0000000011000100,3.25513,*0000000011000100,34.1345,34.0733,0.7245,*0000000011000100,7.17828,-0.0271,*0000000001000100,55.2620,-0.1464,*0000000000000100,-2.511,*0000000001000100,0.73707,*0000000000000100,*0000000000001000,-9999999,-9999999,-9999999,-9999999,-9999999,-9999999,-9999999,-9999999,-9999999,-9999999,-9999999,-9999999,34.06738,-9999999,*0000000000000100,-9999999,-9999999,-9999999,-9999999,-9999999,-9999999,-9999999,-9999999,-9999999,-9999999,-9999999,-9999999,-9999999,-9999999,-9999999,-9999999,-9999999,-9999999,-9999999,-9999999,-9999999,-9999999,-9999999
AT50-41,Axial Base Deep Profiler,RS03AXPD,45.82633,-129.76217,2025-08-07T22:25:12.000Z,CTD-004,*0000000000000100,2586.0,AT50-41_CTD-004,*0000000000000100,19,*0000000000000100,2025-08-08T00:30:38.000Z,505.371,*0000000001000100,500.619,45.82796,-129.76210,4.6250,*0000000001000100,4.6265,*0000000001000100,3.26026,*0000000001000100,3.25513,*0000000001000100,34.1345,34.0733,0.7245,*0000000011000100,7.17828,-0.0271,*0000000001000100,55.2620,-0.1464,*0000000000000100,-2.511,*0000000001000100,0.74534,*0000000000000100,*0000000000001000,-9999999,-9999999,-9999999,-9999999,-9999999,-9999999,-9999999,-9999999,-9999999,-9999999,-9999999,-9999999,-9999999,-9999999,-9999999,-9999999,-9999999,-9999999,-9999999,-9999999,-9999999,-9999999,-9999999,-9999999,-9999999,-9999999,-9999999,-9999999,-9999999,-9999999,-9999999,-9999999,-9999999,-9999999,-9999999,-9999999,-9999999,-9999999
AT50-41,Axial Base Deep Profiler,RS03AXPD,45.82633,-129.76217,2025-08-07T22:25:12.000Z,CTD-004,*0000000000000100,2586.0,AT50-41_CTD-004,*0000000000000100,21,*0000000000000100,2025-08-08T00:36:31.000Z,304.816,*0000000001000100,302.096,45.82808,-129.76212,5.4903,*0000000001000100,5.4897,*0000000001000100,3.30799,*0000000001000100,3.30276,*0000000001000100,33.9054,33.8464,2.4267,*0000000011000100,7.04293,-0.0352,*0000000001000100,55.2620,-0.1494,*0000000000000100,-2.481,*0000000001000100,2.27674,*0000000000000100,*0000000000001000,-9999999,-9999999,-9999999,-9999999,-9999999,-9999999,-9999999,-9999999,-9999999,-9999999,-9999999,-9999999,-9999999,-9999999,-9999999,-9999999,-9999999,-9999999,-9999999,-9999999,-9999999,-9999999,-9999999,-9999999,-9999999,-9999999,-9999999,-9999999,-9999999,-9999999,-9999999,-9999999,-9999999,-9999999,-9999999,-9999999,-9999999,-9999999
AT50-41,Axial Base Deep Profiler,RS03AXPD,45.82633,-129.76217,2025-08-07T22:25:12.000Z,CTD-004,*0000000000000100,2586.0,AT50-41_CTD-004,*0000000000000100,21,*0000000000000100,2025-08-08T00:36:31.000Z,304.816,*0000000001000100,302.096,45.82808,-129.76212,5.4903,*0000000001000100,5.4897,*0000000001000100,3.30799,*0000000001000100,3.30276,*0000000001000100,33.9054,33.8464,2.4267,*0000000011000100,7.04293,-0.0352,*0000000001000100,55.2620,-0.1494,*0000000000000100,-2.481,*0000000001000100,2.44284,*0000000000000100,*0000000000001000,-9999999,-9999999,-9999999,-9999999,-9999999,-9999999,-9999999,-9999999,-9999999,-9999999,-9999999,-9999999,-9999999,-9999999,-9999999,-9999999,-9999999,-9999999,-9999999,-9999999,-9999999,-9999999,-9999999,-9999999,-9999999,-9999999,-9999999,-9999999,-9999999,-9999999,-9999999,-9999999,-9999999,-9999999,-9999999,-9999999,-9999999,-9999999
AT50-41,Axial Base Deep Profiler,RS03AXPD,45.82633,-129.76217,2025-08-07T22:25:12.000Z,CTD-004,*0000000000000100,2586.0,AT50-41_CTD-004,*0000000000000100,22,*0000000000000100,2025-08-08T00:36:51.000Z,304.883,*0000000001000100,302.162,45.82808,-129.76212,5.4903,*0000000001000100,5.4910,*0000000001000100,3.30800,*0000000011000100,3.30287,*0000000011000100,33.9054,33.8464,2.4290,*0000000001000100,7.04293,-0.0357,*0000000001000100,55.2620,-0.1489,*0000000000000100,-2.482,*0000000001000100,-9999999,-9999999,-9999999,-9999999,-9999999,-9999999,-9999999,-9999999,-9999999,-9999999,-9999999,-9999999,-9999999,-9999999,-9999999,33.84430,-9999999,*0000000000000100,-9999999,-9999999,-9999999,-9999999,-9999999,-9999999,-9999999,-9999999,-9999999,-9999999,-9999999,-9999999,-9999999,-9999999,-9999999,-9999999,-9999999,-9999999,-9999999,-9999999,-9999999,-9999999,-9999999
AT50-41,Axial Base Deep Profiler,RS03AXPD,45.82633,-129.76217,2025-08-07T22:25:12.000Z,CTD-004,*0000000000000100,2586.0,AT50-41_CTD-004,*0000000000000100,23,*0000000000000100,2025-08-08T00:40:41.000Z,204.825,*0000000001000100,203.046,45.82808,-129.76212,6.5381,*0000000001000100,6.5385,*0000000001000100,3.39080,*0000000001000100,3.38565,*0000000001000100,33.8393,33.7818,3.4628,*0000000011000100,6.87562,-0.0317,*0000000001000100,55.2620,-0.1508,*0000000000000100,-2.446,*0000000001000100,3.53295,*0000000000000100,*0000000000001000,-9999999,-9999999,-9999999,-9999999,-9999999,-9999999,-9999999,-9999999,-9999999,-9999999,-9999999,-9999999,-9999999,-9999999,-9999999,-9999999,-9999999,-9999999,-9999999,-9999999,-9999999,-9999999,-9999999,-9999999,-9999999,-9999999,-9999999,-9999999,-9999999,-9999999,-9999999,-9999999,-9999999,-9999999,-9999999,-9999999,-9999999,-9999999
AT50-41,Axial Base Deep Profiler,RS03AXPD,45.82633,-129.76217,2025-08-07T22:25:12.000Z,CTD-004,*0000000000000100,2586.0,AT50-41_CTD-004,*0000000000000100,23,*0000000000000100,2025-08-08T00:40:41.000Z,204.825,*0000000001000100,203.046,45.82808,-129.76212,6.5381,*0000000001000100,6.5385,*0000000001000100,3.39080,*0000000001000100,3.38565,*0000000001000100,33.8393,33.7818,3.4628,*0000000011000100,6.87562,-0.0317,*0000000001000100,55.2620,-0.1508,*0000000000000100,-2.446,*0000000001000100,3.56818,*0000000000000100,*0000000000001000,-9999999,-9999999,-9999999,-9999999,-9999999,-9999999,-9999999,-9999999,-9999999,-9999999,-9999999,-9999999,-9999999,-9999999,-9999999,-9999999,-9999999,-9999999,-9999999,-9999999,-9999999,-9999999,-9999999,-9999999,-9999999,-9999999,-9999999,-9999999,-9999999,-9999999,-9999999,-9999999,-9999999,-9999999,-9999999,-9999999,-9999999,-9999999
AT50-41,Axial Base Shallow Profiler,RS03AXPS,45.83350,-129.75583,2025-08-18T15:43:31.000Z,CTD-007,*0000000000000100,2613.0,AT50-41_CTD-007,*0000000000000100,1,*0000000000000100,2025-08-18T15:52:39.000Z,223.743,*0000000001000100,221.790,45.83344,-129.75578,6.5455,*0000000001000100,6.5436,*0000000001000100,3.39213,*0000000001000100,3.39170,*0000000001000100,33.8374,33.8345,2.9187,*0000000001000100,6.87453,-0.0486,*0000000001000100,55.2620,-0.1502,*0000000000000100,7.553,*0000000011000100,-9999999,-9999999,-9999999,-9999999,-9999999,-9999999,-9999999,-9999999,2.20777,42.61606,31.96679,0.01459,0.85822,-9999999,*0000000000000100,-9999999,-9999999,-9999999,-9999999,-9999999,-9999999,2227.55,-9999999,*0000000000000100,863.1,21.6,-9999999,-9999999,-9999999,-9999999,-9999999,-9999999,2274.39,-9999999,-9999999,7.721,42.88,2125.89,58.79,1.309,0.847
AT50-41,Axial Base Shallow Profiler,RS03AXPS,45.83350,-129.75583,2025-08-18T15:43:31.000Z,CTD-007,*0000000000000100,2613.0,AT50-41_CTD-007,*0000000000000100,3,*0000000000000100,2025-08-18T15:56:38.000Z,203.104,*0000000001000100,201.341,45.83344,-129.75578,6.8450,*0000000001000100,6.8498,*0000000001000100,3.41695,*0000000011000100,3.41700,*0000000011000100,33.8261,33.8219,3.0016,*0000000011000100,6.82768,-0.0526,*0000000001000100,55.2620,-0.1456,*0000000000000100,7.580,*0000000011000100,3.04247,*0000000000000100,*0000000000001000,-9999999,-9999999,-9999999,-9999999,-9999999,2.17221,39.54602,31.12580,0.01768,0.09667,-9999999,*0000000000000100,33.81827,-9999999,*0000000000000100,-9999999,-9999999,-9999999,2212.06,-9999999,*0000000000000100,858.72,21.4,-9999999,-9999999,-9999999,-9999999,-9999999,-9999999,2260.13,-9999999,-9999999,7.723,42.22,2110.74,59.1,1.321,0.855
AT50-41,Axial Base Shallow Profiler,RS03AXPS,45.83350,-129.75583,2025-08-18T15:43:31.000Z,CTD-007,*0000000000000100,2613.0,AT50-41_CTD-007,*0000000000000100,3,*0000000000000100,2025-08-18T15:56:38.000Z,203.104,*0000000001000100,201.341,45.83344,-129.75578,6.8450,*0000000001000100,6.8498,*0000000001000100,3.41695,*0000000001000100,3.41700,*0000000001000100,33.8261,33.8219,3.0016,*0000000011000100,6.82768,-0.0526,*0000000001000100,55.2620,-0.1456,*0000000000000100,7.580,*0000000001000100,3.03414,*0000000000000100,*0000000000001000,-9999999,-9999999,-9999999,-9999999,-9999999,-9999999,-9999999,-9999999,-9999999,-9999999,-9999999,-9999999,-9999999,-9999999,-9999999,-9999999,-9999999,-9999999,-9999999,-9999999,-9999999,-9999999,-9999999,-9999999,-9999999,-9999999,-9999999,-9999999,-9999999,-9999999,-9999999,-9999999,-9999999,-9999999,-9999999,-9999999,-9999999,-9999999
AT50-41,Axial Base Shallow Profiler,RS03AXPS,45.83350,-129.75583,2025-08-18T15:43:31.000Z,CTD-007,*0000000000000100,2613.0,AT50-41_CTD-007,*0000000000000100,5,*0000000000000100,2025-08-18T16:01:01.000Z,183.413,*0000000001000100,181.829,45.83344,-129.75577,7.0774,*0000000001000100,7.0402,*0000000001000100,3.43331,*0000000001000100,3.42934,*0000000001000100,33.7870,33.7800,3.2021,*0000000001000100,6.79308,-0.0572,*0000000001000100,55.2620,-0.1527,*0000000000000100,7.605,*0000000011000100,-9999999,-9999999,-9999999,-9999999,-9999999,-9999999,-9999999,-9999999,2.06202,36.30862,30.35507,0.01871,1.69641,-9999999,*0000000000000100,-9999999,-9999999,-9999999,-9999999,-9999999,-9999999,2212.85,-9999999,*0000000000000100,826.75,21.4,-9999999,-9999999,-9999999,-9999999,-9999999,-9999999,2267.05,-9999999,-9999999,7.741,40.33,2110.5,62.02,1.393,0.902
AT50-41,Axial Base Shallow Profiler,RS03AXPS,45.83350,-129.75583,2025-08-18T15:43:31.000Z,CTD-007,*0000000000000100,2613.0,AT50-41_CTD-007,*0000000000000100,6,*0000000000000100,2025-08-18T16:01:50.000Z,183.184,*0000000001000100,181.602,45.83344,-129.75576,7.0582,*0000000001000100,7.0557,*0000000001000100,3.43139,*0000000001000100,3.43075,*0000000001000100,33.7849,33.7804,3.1935,*0000000001000100,6.79617,-0.0557,*0000000011000100,55.2620,-0.1483,*0000000000000100,7.608,*0000000001000100,-9999999,-9999999,-9999999,0.00829,0.01468,1.34146,*0000000000000100,*0000000000000100,-9999999,-9999999,-9999999,-9999999,-9999999,-9999999,-9999999,-9999999,-9999999,-9999999,-9999999,-9999999,-9999999,-9999999,-9999999,-9999999,-9999999,-9999999,-9999999,-9999999,-9999999,-9999999,-9999999,-9999999,-9999999,-9999999,-9999999,-9999999,-9999999,-9999999,-9999999,-9999999,-9999999
AT50-41,Axial Base Shallow Profiler,RS03AXPS,45.83350,-129.75583,2025-08-18T15:43:31.000Z,CTD-007,*0000000000000100,2613.0,AT50-41_CTD-007,*0000000000000100,7,*0000000000000100,2025-08-18T16:05:27.000Z,162.877,*0000000001000100,161.479,45.83346,-129.75576,7.2906,*0000000001000100,7.2888,*0000000001000100,3.44595,*0000000001000100,3.44540,*0000000001000100,33.7266,33.7223,3.3142,*0000000011000100,6.76272,-0.0545,*0000000001000100,55.2620,-0.1532,*0000000000000100,7.623,*0000000011000100,3.34387,*0000000000000100,*0000000000001000,-9999999,-9999999,-9999999,-9999999,-9999999,2.04828,33.73570,28.94501,0.02610,0.00002,-9999999,*0000000000000100,-9999999,-9999999,-9999999,-9999999,-9999999,-9999999,2201.42,-9999999,*0000000000000100,775.82,21.3,-9999999,-9999999,-9999999,-9999999,-9999999,-9999999,2264.2,-9999999,-9999999,7.767,37.58,2097.92,65.91,1.487,0.963
AT50-41,Axial Base Shallow Profiler,RS03AXPS,45.83350,-129.75583,2025-08-18T15:43:31.000Z,CTD-007,*0000000000000100,2613.0,AT50-41_CTD-007,*0000000000000100,7,*0000000000000100,2025-08-18T16:05:27.000Z,162.877,*0000000001000100,161.479,45.83346,-129.75576,7.2906,*0000000001000100,7.2888,*0000000001000100,3.44595,*0000000001000100,3.44540,*0000000001000100,33.7266,33.7223,3.3142,*0000000011000100,6.76272,-0.0545,*0000000001000100,55.2620,-0.1532,*0000000000000100,7.623,*0000000001000100,3.36093,*0000000000000100,*0000000000001000,-9999999,-9999999,-9999999,-9999999,-9999999,-9999999,-9999999,-9999999,-9999999,-9999999,-9999999,-9999999,-9999999,-9999999,-9999999,-9999999,-9999999,-9999999,-9999999,-9999999,-9999999,-9999999,-9999999,-9999999,-9999999,-9999999,-9999999,-9999999,-9999999,-9999999,-9999999,-9999999,-9999999,-9999999,-9999999,-9999999,-9999999,-9999999
AT50-41,Axial Base Shallow Profiler,RS03AXPS,45.83350,-129.75583,2025-08-18T15:43:31.000Z,CTD-007,*0000000000000100,2613.0,AT50-41_CTD-007,*0000000000000100,8,*0000000000000100,2025-08-18T16:06:01.000Z,163.171,*0000000001000100,161.770,45.83344,-129.75576,7.2921,*0000000001000100,7.2901,*0000000001000100,3.44610,*0000000001000100,3.44553,*0000000001000100,33.7265,33.7223,3.3128,*0000000001000100,6.76249,-0.0483,*0000000011000100,55.2620,-0.1461,*0000000000000100,7.623,*0000000001000100,-9999999,-9999999,-9999999,0.00770,0.01807,1.28261,*0000000000000100,*0000000000000100,-9999999,-9999999,-9999999,-9999999,-9999999,-9999999,-9999999,-9999999,-9999999,-9999999,-9999999,-9999999,-9999999,-9999999,-9999999,-9999999,-9999999,-9999999,-9999999,-9999999,-9999999,-9999999,-9999999,-9999999,-9999999,-9999999,-9999999,-9999999,-9999999,-9999999,-9999999,-9999999,-9999999
AT50-41,Axial Base Shallow Profiler,RS03AXPS,45.83350,-129.75583,2025-08-18T15:43:31.000Z,CTD-007,*0000000000000100,2613.0,AT50-41_CTD-007,*0000000000000100,9,*0000000000000100,2025-08-18T16:11:18.000Z,144.303,*0000000001000100,143.071,45.83344,-129.75578,7.5323,*0000000001000100,7.5315,*0000000001000100,3.45774,*0000000001000100,3.45721,*0000000001000100,33.6286,33.6236,3.4748,*0000000001000100,6.72990,-0.0503,*0000000001000100,55.2620,-0.1450,*0000000000000100,7.645,*0000000011000100,-9999999,-9999999,-9999999,-9999999,-9999999,-9999999,-9999999,-9999999,0.39010,0.79059,0.26729,0.00377,0.10710,-9999999,*0000000000000100,-9999999,-9999999,-9999999,-9999999,-9999999,-9999999,1986.4,-9999999,*0000000000000100,272.82,21.5,-9999999,-9999999,-9999999,-9999999,-9999999,-9999999,2193.81,-9999999,-9999999,8.164,13.11,1829.37,143.92,3.262,2.112
AT50-41,Axial Base Shallow Profiler,RS03AXPS,45.83350,-129.75583,2025-08-18T15:43:31.000Z,CTD-007,*0000000000000100,2613.0,AT50-41_CTD-007,*0000000000000100,11,*0000000000000100,2025-08-18T16:15:16.000Z,123.670,*0000000001000100,122.620,45.83344,-129.75578,7.6045,*0000000001000100,7.6027,*0000000001000100,3.42633,*0000000011000100,3.42581,*0000000011000100,33.2301,33.2262,4.7539,*0000000011000100,6.73641,-0.0411,*0000000011000100,55.2620,-0.1483,*0000000000000100,7.758,*0000000011000100,4.81807,*0000000000000100,*0000000000001000,0.01955,0.00903,1.64706,*0000000000000100,*0000000000000100,1.62549,20.95282,21.16287,0.02140,0.00002,-9999999,*0000000000000100,33.22835,-9999999,*0000000000000100,-9999999,-9999999,-9999999,2145.37,-9999999,*0000000000000100,586.92,21.3,-9999999,-9999999,-9999999,-9999999,-9999999,-9999999,2242.39,-9999999,-9999999,7.879,28.21,2034.76,82.4,1.881,1.218
AT50-41,Axial Base Shallow Profiler,RS03AXPS,45.83350,-129.75583,2025-08-18T15:43:31.000Z,CTD-007,*0000000000000100,2613.0,AT50-41_CTD-007,*0000000000000100,11,*0000000000000100,2025-08-18T16:15:16.000Z,123.670,*0000000001000100,122.620,45.83344,-129.75578,7.6045,*0000000001000100,7.6027,*0000000001000100,3.42633,*0000000001000100,3.42581,*0000000001000100,33.2301,33.2262,4.7539,*0000000011000100,6.73641,-0.0411,*0000000001000100,55.2620,-0.1483,*0000000000000100,7.758,*0000000001000100,4.82206,*0000000000000100,*0000000000001000,-9999999,-9999999,-9999999,-9999999,-9999999,-9999999,-9999999,-9999999,-9999999,-9999999,-9999999,-9999999,-9999999,-9999999,-9999999,-9999999,-9999999,-9999999,-9999999,-9999999,-9999999,-9999999,-9999999,-9999999,-9999999,-9999999,-9999999,-9999999,-9999999,-9999999,-9999999,-9999999,-9999999,-9999999,-9999999,-9999999,-9999999,-9999999
AT50-41,Axial Base Shallow Profiler,RS03AXPS,45.83350,-129.75583,2025-08-18T15:43:31.000Z,CTD-007,*0000000000000100,2613.0,AT50-41_CTD-007,*0000000000000100,13,*0000000000000100,2025-08-18T16:19:13.000Z,103.381,*0000000001000100,102.508,45.83344,-129.75578,8.3090,*0000000001000100,8.3043,*0000000001000100,3.43503,*0000000001000100,3.43442,*0000000001000100,32.6689,32.6669,5.6690,*0000000001000100,6.65431,-0.0278,*0000000001000100,55.2620,-0.1472,*0000000000000100,7.868,*0000000011000100,-9999999,-9999999,-9999999,-9999999,-9999999,-9999999,-9999999,-9999999,1.16430,10.07888,12.97460,0.02116,0.07670,-9999999,*0000000000000100,-9999999,-9999999,-9999999,-9999999,-9999999,-9999999,2091.26,-9999999,*0000000000000100,445.91,21.3,-9999999,-9999999,-9999999,-9999999,-9999999,-9999999,2227.02,-9999999,-9999999,7.988,20.99,1966.69,103.59,2.386,1.547
AT50-41,Axial Base Shallow Profiler,RS03AXPS,45.83350,-129.75583,2025-08-18T15:43:31.000Z,CTD-007,*0000000000000100,2613.0,AT50-41_CTD-007,*0000000000000100,14,*0000000000000100,2025-08-18T16:19:40.000Z,103.301,*0000000001000100,102.429,45.83344,-129.75578,8.3131,*0000000001000100,8.3140,*0000000001000100,3.43519,*0000000001000100,3.43472,*0000000001000100,32.6669,32.6610,5.6740,*0000000011000100,6.65379,-0.0323,*0000000001000100,55.2620,-0.1494,*0000000000000100,7.869,*0000000001000100,5.78013,*0000000000000100,*0000000000001000,-9999999,-9999999,-9999999,-9999999,-9999999,-9999999,-9999999,-9999999,-9999999,-9999999,-9999999,-9999999,-9999999,-9999999,-9999999,-9999999,-9999999,-9999999,-9999999,-9999999,-9999999,-9999999,-9999999,-9999999,-9999999,-9999999,-9999999,-9999999,-9999999,-9999999,-9999999,-9999999,-9999999,-9999999,-9999999,-9999999,-9999999,-9999999
AT50-41,Axial Base Shallow Profiler,RS03AXPS,45.83350,-129.75583,2025-08-18T15:43:31.000Z,CTD-007,*0000000000000100,2613.0,AT50-41_CTD-007,*0000000000000100,14,*0000000000000100,2025-08-18T16:19:40.000Z,103.301,*0000000001000100,102.429,45.83344,-129.75578,8.3131,*0000000001000100,8.3140,*0000000001000100,3.43519,*0000000001000100,3.43472,*0000000001000100,32.6669,32.6610,5.6740,*0000000011000100,6.65379,-0.0323,*0000000001000100,55.2620,-0.1494,*0000000000000100,7.869,*0000000001000100,5.79653,*0000000000000100,*0000000000001000,-9999999,-9999999,-9999999,-9999999,-9999999,-9999999,-9999999,-9999999,-9999999,-9999999,-9999999,-9999999,-9999999,-9999999,-9999999,-9999999,-9999999,-9999999,-9999999,-9999999,-9999999,-9999999,-9999999,-9999999,-9999999,-9999999,-9999999,-9999999,-9999999,-9999999,-9999999,-9999999,-9999999,-9999999,-9999999,-9999999,-9999999,-9999999
AT50-41,Axial Base Shallow Profiler,RS03AXPS,45.83350,-129.75583,2025-08-18T15:43:31.000Z,CTD-007,*0000000000000100,2613.0,AT50-41_CTD-007,*0000000000000100,15,*0000000000000100,2025-08-18T16:23:39.000Z,83.569,*0000000001000100,82.868,45.83345,-129.75578,8.7150,*0000000001000100,8.7131,*0000000001000100,3.44366,*0000000011000100,3.44303,*0000000011000100,32.3945,32.3896,6.2761,*0000000001000100,6.60583,-0.0038,*0000000001000100,55.2620,-0.1467,*0000000000000100,7.939,*0000000011000100,-9999999,-9999999,-9999999,-9999999,-9999999,-9999999,-9999999,-9999999,0.90315,5.84795,6.74108,0.45158,0.87083,-9999999,*0000000000000100,32.41241,-9999999,*0000000000000100,-9999999,-9999999,-9999999,2067.73,-9999999,*0000000000000100,388.19,21.4,-9999999,-9999999,-9999999,-9999999,-9999999,-9999999,2225.45,-9999999,-9999999,8.043,18.05,1933.11,116.57,2.702,1.753
AT50-41,Axial Base Shallow Profiler,RS03AXPS,45.83350,-129.75583,2025-08-18T15:43:31.000Z,CTD-007,*0000000000000100,2613.0,AT50-41_CTD-007,*0000000000000100,16,*0000000000000100,2025-08-18T16:24:17.000Z,83.437,*0000000001000100,82.737,45.83346,-129.75577,8.7094,*0000000001000100,8.7154,*0000000001000100,3.44327,*0000000001000100,3.44324,*0000000001000100,32.3955,32.3898,6.2878,*0000000011000100,6.60661,0.0029,*0000000001000100,55.2620,-0.1491,*0000000000000100,7.939,*0000000001000100,6.40750,*0000000000000100,*0000000000001000,-9999999,-9999999,-9999999,-9999999,-9999999,-9999999,-9999999,-9999999,-9999999,-9999999,-9999999,-9999999,-9999999,-9999999,-9999999,-9999999,-9999999,-9999999,-9999999,-9999999,-9999999,-9999999,-9999999,-9999999,-9999999,-9999999,-9999999,-9999999,-9999999,-9999999,-9999999,-9999999,-9999999,-9999999,-9999999,-9999999,-9999999,-9999999
AT50-41,Axial Base Shallow Profiler,RS03AXPS,45.83350,-129.75583,2025-08-18T15:43:31.000Z,CTD-007,*0000000000000100,2613.0,AT50-41_CTD-007,*0000000000000100,16,*0000000000000100,2025-08-18T16:24:17.000Z,83.437,*0000000001000100,82.737,45.83346,-129.75577,8.7094,*0000000001000100,8.7154,*0000000001000100,3.44327,*0000000001000100,3.44324,*0000000001000100,32.3955,32.3898,6.2878,*0000000011000100,6.60661,0.0029,*0000000011000100,55.2620,-0.1491,*0000000000000100,7.939,*0000000001000100,6.40550,*0000000000000100,*0000000000001000,0.08354,0.05431,1.57317,*0000000000000100,*0000000000000100,-9999999,-9999999,-9999999,-9999999,-9999999,-9999999,-9999999,-9999999,-9999999,-9999999,-9999999,-9999999,-9999999,-9999999,-9999999,-9999999,-9999999,-9999999,-9999999,-9999999,-9999999,-9999999,-9999999,-9999999,-9999999,-9999999,-9999999,-9999999,-9999999,-9999999,-9999999,-9999999,-9999999
AT50-41,Axial Base Shallow Profiler,RS03AXPS,45.83350,-129.75583,2025-08-18T15:43:31.000Z,CTD-007,*0000000000000100,2613.0,AT50-41_CTD-007,*0000000000000100,17,*0000000000000100,2025-08-18T16:27:44.000Z,63.836,*0000000001000100,63.304,45.83345,-129.75576,9.9793,*0000000001000100,9.9730,*0000000001000100,3.54960,*0000000001000100,3.54846,*0000000001000100,32.3487,32.3428,6.3939,*0000000001000100,6.42591,0.4112,*0000000001000100,55.2620,-0.1472,*0000000000000100,7.963,*0000000011000100,-9999999,-9999999,-9999999,-9999999,-9999999,-9999999,-9999999,-9999999,0.79575,3.73643,5.00254,0.19014,0.92447,-9999999,*0000000000000100,-9999999,-9999999,-9999999,-9999999,-9999999,-9999999,2051.39,-9999999,*0000000000000100,398.43,21.5,-9999999,-9999999,-9999999,-9999999,-9999999,-9999999,2211.54,-9999999,-9999999,8.033,17.76,1915.51,118.12,2.751,1.788
AT50-41,Axial Base Shallow Profiler,RS03AXPS,45.83350,-129.75583,2025-08-18T15:43:31.000Z,CTD-007,*0000000000000100,2613.0,AT50-41_CTD-007,*0000000000000100,18,*0000000000000100,2025-08-18T16:28:31.000Z,64.042,*0000000001000100,63.507,45.83345,-129.75578,9.9834,*0000000001000100,9.9890,*0000000001000100,3.55005,*0000000001000100,3.54994,*0000000001000100,32.3495,32.3434,6.3971,*0000000011000100,6.42531,0.3942,*0000000011000100,55.2620,-0.1486,*0000000000000100,7.964,*0000000001000100,6.49250,*0000000000000100,*0000000000001000,0.24824,0.19725,1.52704,*0000000000000100,*0000000000000100,-9999999,-9999999,-9999999,-9999999,-9999999,-9999999,-9999999,-9999999,-9999999,-9999999,-9999999,-9999999,-9999999,-9999999,-9999999,-9999999,-9999999,-9999999,-9999999,-9999999,-9999999,-9999999,-9999999,-9999999,-9999999,-9999999,-9999999,-9999999,-9999999,-9999999,-9999999,-9999999,-9999999
AT50-41,Axial Base Shallow Profiler,RS03AXPS,45.83350,-129.75583,2025-08-18T15:43:31.000Z,CTD-007,*0000000000000100,2613.0,AT50-41_CTD-007,*0000000000000100,18,*0000000000000100,2025-08-18T16:28:31.000Z,64.042,*0000000001000100,63.507,45.83345,-129.75578,9.9834,*0000000001000100,9.9890,*0000000001000100,3.55005,*0000000001000100,3.54994,*0000000001000100,32.3495,32.3434,6.3971,*0000000011000100,6.42531,0.3942,*0000000001000100,55.2620,-0.1486,*0000000000000100,7.964,*0000000001000100,6.50121,*0000000000000100,*0000000000001000,-9999999,-9999999,-9999999,-9999999,-9999999,-9999999,-9999999,-9999999,-9999999,-9999999,-9999999,-9999999,-9999999,-9999999,-9999999,-9999999,-9999999,-9999999,-9999999,-9999999,-9999999,-9999999,-9999999,-9999999,-9999999,-9999999,-9999999,-9999999,-9999999,-9999999,-9999999,-9999999,-9999999,-9999999,-9999999,-9999999,-9999999,-9999999
AT50-41,Axial Base Shallow Profiler,RS03AXPS,45.83350,-129.75583,2025-08-18T15:43:31.000Z,CTD-007,*0000000000000100,2613.0,AT50-41_CTD-007,*0000000000000100,19,*0000000000000100,2025-08-18T16:32:23.000Z,43.411,*0000000001000100,43.051,45.83345,-129.75576,12.3639,*0000000001000100,12.3754,*0000000001000100,3.76276,*0000000011000100,3.76273,*0000000011000100,32.3605,32.3503,6.5926,*0000000001000100,6.10621,0.9577,*0000000001000100,55.2620,-0.1510,*0000000000000100,8.018,*0000000011000100,-9999999,-9999999,-9999999,-9999999,-9999999,-9999999,-9999999,-9999999,0.54230,0.68332,0.33064,0.02264,0.85150,-9999999,*0000000000000100,32.34922,-9999999,*0000000000000100,-9999999,-9999999,-9999999,2014.84,-9999999,*0000000000000100,358.28,21.2,-9999999,-9999999,-9999999,-9999999,-9999999,-9999999,2207.36,-9999999,-9999999,8.075,14.78,1861.76,138.3,3.236,2.111
AT50-41,Axial Base Shallow Profiler,RS03AXPS,45.83350,-129.75583,2025-08-18T15:43:31.000Z,CTD-007,*0000000000000100,2613.0,AT50-41_CTD-007,*0000000000000100,20,*0000000000000100,2025-08-18T16:33:04.000Z,43.454,*0000000001000100,43.093,45.83344,-129.75576,12.2802,*0000000001000100,12.3108,*0000000001000100,3.75561,*0000000001000100,3.75765,*0000000001000100,32.3642,32.3574,6.6107,*0000000001000100,6.11676,0.9723,*0000000011000100,55.2620,-0.1478,*0000000000000100,8.018,*0000000001000100,-9999999,-9999999,-9999999,0.54861,0.27960,1.62652,*0000000000000100,*0000000000000100,-9999999,-9999999,-9999999,-9999999,-9999999,-9999999,-9999999,-9999999,-9999999,-9999999,-9999999,-9999999,-9999999,-9999999,-9999999,-9999999,-9999999,-9999999,-9999999,-9999999,-9999999,-9999999,-9999999,-9999999,-9999999,-9999999,-9999999,-9999999,-9999999,-9999999,-9999999,-9999999,-9999999
AT50-41,Axial Base Shallow Profiler,RS03AXPS,45.83350,-129.75583,2025-08-18T15:43:31.000Z,CTD-007,*0000000000000100,2613.0,AT50-41_CTD-007,*0000000000000100,21,*0000000000000100,2025-08-18T16:36:49.000Z,24.054,*0000000001000100,23.856,45.83344,-129.75578,17.5576,*0000000001000100,17.5549,*0000000001000100,4.22514,*0000000001000100,4.22399,*0000000001000100,32.2440,32.2364,5.5876,*0000000011000100,5.50703,0.1535,*0000000001000100,55.2620,-0.1502,*0000000000000100,8.023,*0000000011000100,5.71089,*0000000000000100,*0000000000001000,-9999999,-9999999,-9999999,-9999999,-9999999,0.41358,0.73108,0.28641,0.00166,0.44656,-9999999,*0000000000000100,-9999999,-9999999,-9999999,-9999999,-9999999,-9999999,1999.16,-9999999,*0000000000000100,411.65,21.3,-9999999,-9999999,-9999999,-9999999,-9999999,-9999999,2203.1,-9999999,-9999999,8.025,14.51,1837.42,147.23,3.476,2.289
AT50-41,Axial Base Shallow Profiler,RS03AXPS,45.83350,-129.75583,2025-08-18T15:43:31.000Z,CTD-007,*0000000000000100,2613.0,AT50-41_CTD-007,*0000000000000100,21,*0000000000000100,2025-08-18T16:36:49.000Z,24.054,*0000000001000100,23.856,45.83344,-129.75578,17.5576,*0000000001000100,17.5549,*0000000001000100,4.22514,*0000000001000100,4.22399,*0000000001000100,32.2440,32.2364,5.5876,*0000000011000100,5.50703,0.1535,*0000000001000100,55.2620,-0.1502,*0000000000000100,8.023,*0000000001000100,5.71033,*0000000000000100,*0000000000001000,-9999999,-9999999,-9999999,-9999999,-9999999,-9999999,-9999999,-9999999,-9999999,-9999999,-9999999,-9999999,-9999999,-9999999,-9999999,-9999999,-9999999,-9999999,-9999999,-9999999,-9999999,-9999999,-9999999,-9999999,-9999999,-9999999,-9999999,-9999999,-9999999,-9999999,-9999999,-9999999,-9999999,-9999999,-9999999,-9999999,-9999999,-9999999
AT50-41,Axial Base Shallow Profiler,RS03AXPS,45.83350,-129.75583,2025-08-18T15:43:31.000Z,CTD-007,*0000000000000100,2613.0,AT50-41_CTD-007,*0000000000000100,22,*0000000000000100,2025-08-18T16:37:15.000Z,23.714,*0000000001000100,23.519,45.83344,-129.75578,17.6112,*0000000001000100,17.6075,*0000000001000100,4.23001,*0000000001000100,4.22886,*0000000001000100,32.2431,32.2362,5.5888,*0000000001000100,5.50141,0.1573,*0000000011000100,55.2620,-0.1480,*0000000000000100,8.023,*0000000001000100,-9999999,-9999999,-9999999,0.23224,0.03505,1.82180,*0000000000000100,*0000000000000100,-9999999,-9999999,-9999999,-9999999,-9999999,-9999999,-9999999,-9999999,-9999999,-9999999,-9999999,-9999999,-9999999,-9999999,-9999999,-9999999,-9999999,-9999999,-9999999,-9999999,-9999999,-9999999,-9999999,-9999999,-9999999,-9999999,-9999999,-9999999,-9999999,-9999999,-9999999,-9999999,-9999999
AT50-41,Axial Base Shallow Profiler,RS03AXPS,45.83350,-129.75583,2025-08-18T15:43:31.000Z,CTD-007,*0000000000000100,2613.0,AT50-41_CTD-007,*0000000000000100,23,*0000000000000100,2025-08-18T16:40:07.000Z,13.725,*0000000001000100,13.612,45.83344,-129.75577,17.8368,*0000000001000100,17.8361,*0000000001000100,4.23974,*0000000011000100,4.23898,*0000000011000100,32.1508,32.1449,5.4503,*0000000011000100,5.48078,0.0438,*0000000001000100,55.2620,-0.1464,*0000000000000100,8.021,*0000000001000100,5.59922,*0000000000000100,*0000000000001000,-9999999,-9999999,-9999999,-9999999,-9999999,0.37063,0.73582,0.23533,0.00820,0.18877,-9999999,*0000000000000100,32.14316,-9999999,*0000000000000100,-9999999,-9999999,-9999999,-9999999,-9999999,-9999999,-9999999,-9999999,-9999999,-9999999,-9999999,-9999999,-9999999,-9999999,-9999999,-9999999,-9999999,-9999999,-9999999,-9999999,-9999999,-9999999,-9999999
AT50-41,Axial Base Shallow Profiler,RS03AXPS,45.83350,-129.75583,2025-08-18T15:43:31.000Z,CTD-007,*0000000000000100,2613.0,AT50-41_CTD-007,*0000000000000100,23,*0000000000000100,2025-08-18T16:40:07.000Z,13.725,*0000000001000100,13.612,45.83344,-129.75577,17.8368,*0000000001000100,17.8361,*0000000001000100,4.23974,*0000000001000100,4.23898,*0000000001000100,32.1508,32.1449,5.4503,*0000000011000100,5.48078,0.0438,*0000000001000100,55.2620,-0.1464,*0000000000000100,8.021,*0000000011000100,5.56163,*0000000000000100,*0000000000001000,-9999999,-9999999,-9999999,-9999999,-9999999,-9999999,-9999999,-9999999,-9999999,-9999999,-9999999,-9999999,-9999999,-9999999,-9999999,-9999999,-9999999,-9999999,2005.1,-9999999,*0000000000000100,416.51,21.0,-9999999,-9999999,-9999999,-9999999,-9999999,-9999999,2209.51,-9999999,-9999999,8.022,14.57,1842.62,147.91,3.502,2.307
AT50-41,Axial Base Shallow Profiler,RS03AXPS,45.83350,-129.75583,2025-08-18T15:43:31.000Z,CTD-007,*0000000000000100,2613.0,AT50-41_CTD-007,*0000000000000100,24,*0000000000000100,2025-08-18T16:40:34.000Z,13.783,*0000000001000100,13.670,45.83344,-129.75578,17.8364,*0000000001000100,17.8335,*0000000001000100,4.23976,*0000000001000100,4.23879,*0000000001000100,32.1513,32.1454,5.4445,*0000000001000100,5.48080,0.0365,*0000000011000100,55.2620,-0.1472,*0000000000000100,8.021,*0000000001000100,-9999999,-9999999,-9999999,0.16174,0.02094,1.83742,*0000000000000100,*0000000000000100,-9999999,-9999999,-9999999,-9999999,-9999999,-9999999,-9999999,-9999999,-9999999,-9999999,-9999999,-9999999,-9999999,-9999999,-9999999,-9999999,-9999999,-9999999,-9999999,-9999999,-9999999,-9999999,-9999999,-9999999,-9999999,-9999999,-9999999,-9999999,-9999999,-9999999,-9999999,-9999999,-9999999
AT50-41,Slope Base Shallow Profiler,RS01SBPS,44.52467,-125.39167,2025-08-25T15:21:13.000Z,CTD-008,*0000000000000100,2908.0,AT50-41_CTD-008,*0000000000000100,1,*0000000000000100,2025-08-25T15:29:37.000Z,223.840,*0000000001000100,221.912,44.52472,-125.39168,6.8456,*0000000001000100,6.8424,*0000000001000100,3.43257,*0000000001000100,3.43232,*0000000001000100,33.9873,33.9876,1.5940,*0000000001000100,6.82035,-0.0482,*0000000001000100,55.2620,-0.1497,*0000000000000100,7.496,*0000000011000100,-9999999,-9999999,-9999999,-9999999,-9999999,-9999999,-9999999,-9999999,2.54396,50.45436,35.99328,0.01706,0.15191,-9999999,*0000000000000100,-9999999,-9999999,-9999999,-9999999,-9999999,-9999999,2329.1,-9999999,*0000000000000100,1112.45,21.3,-9999999,-9999999,-9999999,-9999999,-9999999,-9999999,2351.09,-9999999,-9999999,7.632,54.64,2223.69,50.77,1.129,0.731
AT50-41,Slope Base Shallow Profiler,RS01SBPS,44.52467,-125.39167,2025-08-25T15:21:13.000Z,CTD-008,*0000000000000100,2908.0,AT50-41_CTD-008,*0000000000000100,3,*0000000000000100,2025-08-25T15:33:26.000Z,203.810,*0000000001000100,202.064,44.52472,-125.39170,7.0869,*0000000001000100,7.0847,*0000000001000100,3.45123,*0000000011000100,3.45103,*0000000011000100,33.9637,33.9637,1.7341,*0000000011000100,6.78372,-0.0471,*0000000001000100,55.2620,-0.1500,*0000000000000100,7.509,*0000000011000100,1.77664,*0000000000000100,*0000000000001000,-9999999,-9999999,-9999999,-9999999,-9999999,2.48444,46.89064,35.35271,0.01948,0.26572,-9999999,*0000000000000100,33.95973,-9999999,*0000000000000100,-9999999,-9999999,-9999999,2329.28,-9999999,*0000000000000100,1442.57,21.4,-9999999,-9999999,-9999999,-9999999,-9999999,-9999999,2318.78,-9999999,-9999999,7.52,70.28,2219.56,39.44,0.881,0.571
AT50-41,Slope Base Shallow Profiler,RS01SBPS,44.52467,-125.39167,2025-08-25T15:21:13.000Z,CTD-008,*0000000000000100,2908.0,AT50-41_CTD-008,*0000000000000100,3,*0000000000000100,2025-08-25T15:33:26.000Z,203.810,*0000000001000100,202.064,44.52472,-125.39170,7.0869,*0000000001000100,7.0847,*0000000001000100,3.45123,*0000000001000100,3.45103,*0000000001000100,33.9637,33.9637,1.7341,*0000000011000100,6.78372,-0.0471,*0000000001000100,55.2620,-0.1500,*0000000000000100,7.509,*0000000001000100,1.76321,*0000000000000100,*0000000000001000,-9999999,-9999999,-9999999,-9999999,-9999999,-9999999,-9999999,-9999999,-9999999,-9999999,-9999999,-9999999,-9999999,-9999999,-9999999,-9999999,-9999999,-9999999,-9999999,-9999999,-9999999,-9999999,-9999999,-9999999,-9999999,-9999999,-9999999,-9999999,-9999999,-9999999,-9999999,-9999999,-9999999,-9999999,-9999999,-9999999,-9999999,-9999999
AT50-41,Slope Base Shallow Profiler,RS01SBPS,44.52467,-125.39167,2025-08-25T15:21:13.000Z,CTD-008,*0000000000000100,2908.0,AT50-41_CTD-008,*0000000000000100,5,*0000000000000100,2025-08-25T15:38:20.000Z,184.044,*0000000001000100,182.477,44.52472,-125.39170,7.3482,*0000000001000100,7.3481,*0000000001000100,3.47078,*0000000001000100,3.47071,*0000000001000100,33.9300,33.9293,1.9494,*0000000001000100,6.74483,-0.0450,*0000000001000100,55.2620,-0.1524,*0000000000000100,7.528,*0000000011000100,-9999999,-9999999,-9999999,-9999999,-9999999,-9999999,-9999999,-9999999,2.37422,43.06302,33.94477,0.02196,0.36177,-9999999,*0000000000000100,-9999999,-9999999,-9999999,-9999999,-9999999,-9999999,2261.95,-9999999,*0000000000000100,1032.22,21.6,-9999999,-9999999,-9999999,-9999999,-9999999,-9999999,2292.33,-9999999,-9999999,7.655,49.84,2159.3,52.81,1.184,0.767
AT50-41,Slope Base Shallow Profiler,RS01SBPS,44.52467,-125.39167,2025-08-25T15:21:13.000Z,CTD-008,*0000000000000100,2908.0,AT50-41_CTD-008,*0000000000000100,6,*0000000000000100,2025-08-25T15:38:52.000Z,184.110,*0000000001000100,182.542,44.52472,-125.39170,7.3479,*0000000001000100,7.3469,*0000000001000100,3.47075,*0000000001000100,3.47060,*0000000001000100,33.9299,33.9293,1.9474,*0000000001000100,6.74488,-0.0539,*0000000011000100,55.2620,-0.1475,*0000000000000100,7.528,*0000000001000100,-9999999,-9999999,-9999999,0.00474,0.02104,1.17391,*0000000000000100,*0000000000000100,-9999999,-9999999,-9999999,-9999999,-9999999,-9999999,-9999999,-9999999,-9999999,-9999999,-9999999,-9999999,-9999999,-9999999,-9999999,-9999999,-9999999,-9999999,-9999999,-9999999,-9999999,-9999999,-9999999,-9999999,-9999999,-9999999,-9999999,-9999999,-9999999,-9999999,-9999999,-9999999,-9999999
AT50-41,Slope Base Shallow Profiler,RS01SBPS,44.52467,-125.39167,2025-08-25T15:21:13.000Z,CTD-008,*0000000000000100,2908.0,AT50-41_CTD-008,*0000000000000100,7,*0000000000000100,2025-08-25T15:42:59.000Z,164.133,*0000000001000100,162.743,44.52472,-125.39170,7.5857,*0000000001000100,7.5899,*0000000001000100,3.48673,*0000000001000100,3.48681,*0000000001000100,33.8804,33.8773,2.2657,*0000000011000100,6.71066,-0.0492,*0000000001000100,55.2620,-0.1472,*0000000000000100,7.555,*0000000011000100,2.30749,*0000000000000100,*0000000000001000,-9999999,-9999999,-9999999,-9999999,-9999999,2.28889,39.18303,32.20992,0.03105,0.39575,-9999999,*0000000000000100,-9999999,-9999999,-9999999,-9999999,-9999999,-9999999,2244.42,-9999999,*0000000000000100,983.51,21.4,-9999999,-9999999,-9999999,-9999999,-9999999,-9999999,2282.96,-9999999,-9999999,7.675,46.53,2141.84,56.04,1.263,0.819
AT50-41,Slope Base Shallow Profiler,RS01SBPS,44.52467,-125.39167,2025-08-25T15:21:13.000Z,CTD-008,*0000000000000100,2908.0,AT50-41_CTD-008,*0000000000000100,7,*0000000000000100,2025-08-25T15:42:59.000Z,164.133,*0000000001000100,162.743,44.52472,-125.39170,7.5857,*0000000001000100,7.5899,*0000000001000100,3.48673,*0000000001000100,3.48681,*0000000001000100,33.8804,33.8773,2.2657,*0000000011000100,6.71066,-0.0492,*0000000001000100,55.2620,-0.1472,*0000000000000100,7.555,*0000000001000100,2.30038,*0000000000000100,*0000000000001000,-9999999,-9999999,-9999999,-9999999,-9999999,-9999999,-9999999,-9999999,-9999999,-9999999,-9999999,-9999999,-9999999,-9999999,-9999999,-9999999,-9999999,-9999999,-9999999,-9999999,-9999999,-9999999,-9999999,-9999999,-9999999,-9999999,-9999999,-9999999,-9999999,-9999999,-9999999,-9999999,-9999999,-9999999,-9999999,-9999999,-9999999,-9999999
AT50-41,Slope Base Shallow Profiler,RS01SBPS,44.52467,-125.39167,2025-08-25T15:21:13.000Z,CTD-008,*0000000000000100,2908.0,AT50-41_CTD-008,*0000000000000100,8,*0000000000000100,2025-08-25T15:43:35.000Z,164.196,*0000000001000100,162.806,44.52473,-125.39170,7.5805,*0000000001000100,7.5793,*0000000001000100,3.48638,*0000000001000100,3.48622,*0000000001000100,33.8817,33.8812,2.2495,*0000000001000100,6.71140,-0.0483,*0000000011000100,55.2620,-0.1467,*0000000000000100,7.555,*0000000001000100,-9999999,-9999999,-9999999,0.00770,0.03040,1.19118,*0000000000000100,*0000000000000100,-9999999,-9999999,-9999999,-9999999,-9999999,-9999999,-9999999,-9999999,-9999999,-9999999,-9999999,-9999999,-9999999,-9999999,-9999999,-9999999,-9999999,-9999999,-9999999,-9999999,-9999999,-9999999,-9999999,-9999999,-9999999,-9999999,-9999999,-9999999,-9999999,-9999999,-9999999,-9999999,-9999999
AT50-41,Slope Base Shallow Profiler,RS01SBPS,44.52467,-125.39167,2025-08-25T15:21:13.000Z,CTD-008,*0000000000000100,2908.0,AT50-41_CTD-008,*0000000000000100,9,*0000000000000100,2025-08-25T15:47:00.000Z,144.105,*0000000001000100,142.892,44.52472,-125.39170,7.6760,*0000000001000100,7.6788,*0000000001000100,3.48420,*0000000001000100,3.48434,*0000000001000100,33.7751,33.7738,2.9271,*0000000001000100,6.70156,-0.0514,*0000000001000100,55.2620,-0.1513,*0000000000000100,7.612,*0000000011000100,-9999999,-9999999,-9999999,-9999999,-9999999,-9999999,-9999999,-9999999,2.08712,33.83675,29.75324,0.02249,0.26306,-9999999,*0000000000000100,-9999999,-9999999,-9999999,-9999999,-9999999,-9999999,2219.8,-9999999,*0000000000000100,913.42,21.5,-9999999,-9999999,-9999999,-9999999,-9999999,-9999999,2264.71,-9999999,-9999999,7.703,43.65,2117.96,58.2,1.317,0.853
AT50-41,Slope Base Shallow Profiler,RS01SBPS,44.52467,-125.39167,2025-08-25T15:21:13.000Z,CTD-008,*0000000000000100,2908.0,AT50-41_CTD-008,*0000000000000100,11,*0000000000000100,2025-08-25T15:50:19.000Z,124.134,*0000000001000100,123.095,44.52472,-125.39170,7.8929,*0000000001000100,7.8898,*0000000001000100,3.48765,*0000000011000100,3.48754,*0000000011000100,33.6120,33.6139,3.6444,*0000000011000100,6.67584,-0.0540,*0000000011000100,55.2620,-0.1491,*0000000000000100,7.678,*0000000011000100,3.71797,*0000000000000100,*0000000000001000,0.00889,0.01913,1.3,*0000000000000100,*0000000000000100,1.65764,23.53049,22.44550,0.03271,0.26237,-9999999,*0000000000000100,33.60825,-9999999,*0000000000000100,-9999999,-9999999,-9999999,2195.57,-9999999,*0000000000000100,752.22,18.6,-9999999,-9999999,-9999999,-9999999,-9999999,-9999999,2264.76,-9999999,-9999999,7.783,35.79,2090.64,69.14,1.573,1.019
AT50-41,Slope Base Shallow Profiler,RS01SBPS,44.52467,-125.39167,2025-08-25T15:21:13.000Z,CTD-008,*0000000000000100,2908.0,AT50-41_CTD-008,*0000000000000100,11,*0000000000000100,2025-08-25T15:50:19.000Z,124.134,*0000000001000100,123.095,44.52472,-125.39170,7.8929,*0000000001000100,7.8898,*0000000001000100,3.48765,*0000000001000100,3.48754,*0000000001000100,33.6120,33.6139,3.6444,*0000000011000100,6.67584,-0.0540,*0000000001000100,55.2620,-0.1491,*0000000000000100,7.678,*0000000001000100,3.68877,*0000000000000100,*0000000000001000,-9999999,-9999999,-9999999,-9999999,-9999999,-9999999,-9999999,-9999999,-9999999,-9999999,-9999999,-9999999,-9999999,-9999999,-9999999,-9999999,-9999999,-9999999,-9999999,-9999999,-9999999,-9999999,-9999999,-9999999,-9999999,-9999999,-9999999,-9999999,-9999999,-9999999,-9999999,-9999999,-9999999,-9999999,-9999999,-9999999,-9999999,-9999999
AT50-41,Slope Base Shallow Profiler,RS01SBPS,44.52467,-125.39167,2025-08-25T15:21:13.000Z,CTD-008,*0000000000000100,2908.0,AT50-41_CTD-008,*0000000000000100,13,*0000000000000100,2025-08-25T15:54:09.000Z,103.823,*0000000001000100,102.959,44.52472,-125.39170,8.4011,*0000000001000100,8.3981,*0000000001000100,3.50723,*0000000001000100,3.50692,*0000000001000100,33.3451,33.3446,3.6471,*0000000001000100,6.61145,-0.0382,*0000000001000100,55.2620,-0.1494,*0000000000000100,7.684,*0000000011000100,-9999999,-9999999,-9999999,-9999999,-9999999,-9999999,-9999999,-9999999,1.82999,24.02767,24.80473,0.04461,0.17100,-9999999,*0000000000000100,-9999999,-9999999,-9999999,-9999999,-9999999,-9999999,2182.04,-9999999,*0000000000000100,744.84,19.0,-9999999,-9999999,-9999999,-9999999,-9999999,-9999999,2253.95,-9999999,-9999999,7.788,34.81,2076.82,70.41,1.612,1.045
AT50-41,Slope Base Shallow Profiler,RS01SBPS,44.52467,-125.39167,2025-08-25T15:21:13.000Z,CTD-008,*0000000000000100,2908.0,AT50-41_CTD-008,*0000000000000100,14,*0000000000000100,2025-08-25T15:54:51.000Z,104.080,*0000000001000100,103.214,44.52472,-125.39170,8.3999,*0000000001000100,8.3964,*0000000001000100,3.50725,*0000000001000100,3.50687,*0000000001000100,33.3463,33.3456,3.6461,*0000000011000100,6.61157,-0.0384,*0000000001000100,55.2620,-0.1494,*0000000000000100,7.680,*0000000001000100,3.68166,*0000000000000100,*0000000000001000,-9999999,-9999999,-9999999,-9999999,-9999999,-9999999,-9999999,-9999999,-9999999,-9999999,-9999999,-9999999,-9999999,-9999999,-9999999,-9999999,-9999999,-9999999,-9999999,-9999999,-9999999,-9999999,-9999999,-9999999,-9999999,-9999999,-9999999,-9999999,-9999999,-9999999,-9999999,-9999999,-9999999,-9999999,-9999999,-9999999,-9999999,-9999999
AT50-41,Slope Base Shallow Profiler,RS01SBPS,44.52467,-125.39167,2025-08-25T15:21:13.000Z,CTD-008,*0000000000000100,2908.0,AT50-41_CTD-008,*0000000000000100,14,*0000000000000100,2025-08-25T15:54:51.000Z,104.080,*0000000001000100,103.214,44.52472,-125.39170,8.3999,*0000000001000100,8.3964,*0000000001000100,3.50725,*0000000001000100,3.50687,*0000000001000100,33.3463,33.3456,3.6461,*0000000011000100,6.61157,-0.0384,*0000000001000100,55.2620,-0.1494,*0000000000000100,7.680,*0000000001000100,3.70416,*0000000000000100,*0000000000001000,-9999999,-9999999,-9999999,-9999999,-9999999,-9999999,-9999999,-9999999,-9999999,-9999999,-9999999,-9999999,-9999999,-9999999,-9999999,-9999999,-9999999,-9999999,-9999999,-9999999,-9999999,-9999999,-9999999,-9999999,-9999999,-9999999,-9999999,-9999999,-9999999,-9999999,-9999999,-9999999,-9999999,-9999999,-9999999,-9999999,-9999999,-9999999
AT50-41,Slope Base Shallow Profiler,RS01SBPS,44.52467,-125.39167,2025-08-25T15:21:13.000Z,CTD-008,*0000000000000100,2908.0,AT50-41_CTD-008,*0000000000000100,15,*0000000000000100,2025-08-25T15:58:02.000Z,82.199,*0000000001000100,81.519,44.52472,-125.39169,8.7722,*0000000001000100,8.7698,*0000000001000100,3.51047,*0000000011000100,3.51032,*0000000011000100,33.0406,33.0412,3.8667,*0000000001000100,6.56986,-0.0220,*0000000001000100,55.2620,-0.1475,*0000000000000100,7.712,*0000000011000100,-9999999,-9999999,-9999999,-9999999,-9999999,-9999999,-9999999,-9999999,1.67333,19.94018,21.97443,0.04055,0.32511,-9999999,*0000000000000100,33.00194,-9999999,*0000000000000100,-9999999,-9999999,-9999999,2161.07,-9999999,*0000000000000100,683.27,19.2,-9999999,-9999999,-9999999,-9999999,-9999999,-9999999,2244.29,-9999999,-9999999,7.823,31.59,2053.58,75.89,1.749,1.135
AT50-41,Slope Base Shallow Profiler,RS01SBPS,44.52467,-125.39167,2025-08-25T15:21:13.000Z,CTD-008,*0000000000000100,2908.0,AT50-41_CTD-008,*0000000000000100,16,*0000000000000100,2025-08-25T15:58:34.000Z,81.813,*0000000001000100,81.136,44.52471,-125.39170,8.7730,*0000000001000100,8.7775,*0000000001000100,3.51055,*0000000001000100,3.50999,*0000000001000100,33.0408,33.0308,3.8810,*0000000011000100,6.56972,-0.0236,*0000000011000100,55.2620,-0.1472,*0000000000000100,7.708,*0000000001000100,3.97289,*0000000000000100,*0000000000001000,0.06102,0.05105,1.515,*0000000000000100,*0000000000000100,-9999999,-9999999,-9999999,-9999999,-9999999,-9999999,-9999999,-9999999,-9999999,-9999999,-9999999,-9999999,-9999999,-9999999,-9999999,-9999999,-9999999,-9999999,-9999999,-9999999,-9999999,-9999999,-9999999,-9999999,-9999999,-9999999,-9999999,-9999999,-9999999,-9999999,-9999999,-9999999,-9999999
AT50-41,Slope Base Shallow Profiler,RS01SBPS,44.52467,-125.39167,2025-08-25T15:21:13.000Z,CTD-008,*0000000000000100,2908.0,AT50-41_CTD-008,*0000000000000100,16,*0000000000000100,2025-08-25T15:58:34.000Z,81.813,*0000000001000100,81.136,44.52471,-125.39170,8.7730,*0000000001000100,8.7775,*0000000001000100,3.51055,*0000000001000100,3.50999,*0000000001000100,33.0408,33.0308,3.8810,*0000000011000100,6.56972,-0.0236,*0000000001000100,55.2620,-0.1472,*0000000000000100,7.708,*0000000001000100,3.95999,*0000000000000100,*0000000000001000,-9999999,-9999999,-9999999,-9999999,-9999999,-9999999,-9999999,-9999999,-9999999,-9999999,-9999999,-9999999,-9999999,-9999999,-9999999,-9999999,-9999999,-9999999,-9999999,-9999999,-9999999,-9999999,-9999999,-9999999,-9999999,-9999999,-9999999,-9999999,-9999999,-9999999,-9999999,-9999999,-9999999,-9999999,-9999999,-9999999,-9999999,-9999999
AT50-41,Slope Base Shallow Profiler,RS01SBPS,44.52467,-125.39167,2025-08-25T15:21:13.000Z,CTD-008,*0000000000000100,2908.0,AT50-41_CTD-008,*0000000000000100,17,*0000000000000100,2025-08-25T16:02:48.000Z,60.760,*0000000001000100,60.260,44.52472,-125.39170,9.5195,*0000000001000100,9.5167,*0000000001000100,3.53190,*0000000001000100,3.53162,*0000000001000100,32.5843,32.5840,5.0379,*0000000001000100,6.48116,0.0450,*0000000001000100,55.2620,-0.1489,*0000000000000100,7.835,*0000000011000100,-9999999,-9999999,-9999999,-9999999,-9999999,-9999999,-9999999,-9999999,1.24275,10.83443,14.05218,0.04683,0.22922,-9999999,*0000000000000100,-9999999,-9999999,-9999999,-9999999,-9999999,-9999999,2035.68,-9999999,*0000000000000100,335.09,18.9,-9999999,-9999999,-9999999,-9999999,-9999999,-9999999,2222.47,-9999999,-9999999,8.1,15.15,1886.52,134.02,3.114,2.022
AT50-41,Slope Base Shallow Profiler,RS01SBPS,44.52467,-125.39167,2025-08-25T15:21:13.000Z,CTD-008,*0000000000000100,2908.0,AT50-41_CTD-008,*0000000000000100,18,*0000000000000100,2025-08-25T16:03:19.000Z,61.277,*0000000001000100,60.773,44.52472,-125.39170,9.5132,*0000000001000100,9.5088,*0000000001000100,3.53164,*0000000001000100,3.53121,*0000000001000100,32.5871,32.5867,5.0422,*0000000011000100,6.48194,0.0380,*0000000011000100,55.2620,-0.1472,*0000000000000100,7.836,*0000000001000100,5.12375,*0000000000000100,*0000000000001000,0.12916,0.05520,1.66261,*0000000000000100,*0000000000000100,-9999999,-9999999,-9999999,-9999999,-9999999,-9999999,-9999999,-9999999,-9999999,-9999999,-9999999,-9999999,-9999999,-9999999,-9999999,-9999999,-9999999,-9999999,-9999999,-9999999,-9999999,-9999999,-9999999,-9999999,-9999999,-9999999,-9999999,-9999999,-9999999,-9999999,-9999999,-9999999,-9999999
AT50-41,Slope Base Shallow Profiler,RS01SBPS,44.52467,-125.39167,2025-08-25T15:21:13.000Z,CTD-008,*0000000000000100,2908.0,AT50-41_CTD-008,*0000000000000100,18,*0000000000000100,2025-08-25T16:03:19.000Z,61.277,*0000000001000100,60.773,44.52472,-125.39170,9.5132,*0000000001000100,9.5088,*0000000001000100,3.53164,*0000000001000100,3.53121,*0000000001000100,32.5871,32.5867,5.0422,*0000000011000100,6.48194,0.0380,*0000000001000100,55.2620,-0.1472,*0000000000000100,7.836,*0000000001000100,5.13243,*0000000000000100,*0000000000001000,-9999999,-9999999,-9999999,-9999999,-9999999,-9999999,-9999999,-9999999,-9999999,-9999999,-9999999,-9999999,-9999999,-9999999,-9999999,-9999999,-9999999,-9999999,-9999999,-9999999,-9999999,-9999999,-9999999,-9999999,-9999999,-9999999,-9999999,-9999999,-9999999,-9999999,-9999999,-9999999,-9999999,-9999999,-9999999,-9999999,-9999999,-9999999
AT50-41,Slope Base Shallow Profiler,RS01SBPS,44.52467,-125.39167,2025-08-25T15:21:13.000Z,CTD-008,*0000000000000100,2908.0,AT50-41_CTD-008,*0000000000000100,19,*0000000000000100,2025-08-25T16:06:23.000Z,41.217,*0000000001000100,40.880,44.52472,-125.39169,11.1075,*0000000001000100,11.0781,*0000000001000100,3.65140,*0000000011000100,3.64906,*0000000011000100,32.3742,32.3770,6.4085,*0000000001000100,6.27014,0.8951,*0000000001000100,55.2620,-0.1478,*0000000000000100,8.001,*0000000011000100,-9999999,-9999999,-9999999,-9999999,-9999999,-9999999,-9999999,-9999999,0.71010,3.73929,2.39766,0.33140,1.11726,-9999999,*0000000000000100,32.37401,-9999999,*0000000000000100,-9999999,-9999999,-9999999,2072.87,-9999999,*0000000000000100,404.6,19.5,-9999999,-9999999,-9999999,-9999999,-9999999,-9999999,2241.73,-9999999,-9999999,8.034,17.38,1930.94,124.55,2.912,1.896
AT50-41,Slope Base Shallow Profiler,RS01SBPS,44.52467,-125.39167,2025-08-25T15:21:13.000Z,CTD-008,*0000000000000100,2908.0,AT50-41_CTD-008,*0000000000000100,20,*0000000000000100,2025-08-25T16:07:04.000Z,41.556,*0000000001000100,41.216,44.52473,-125.39170,11.0522,*0000000001000100,11.0495,*0000000001000100,3.64701,*0000000001000100,3.64660,*0000000001000100,32.3794,32.3778,6.4407,*0000000001000100,6.27736,0.8332,*0000000011000100,55.2620,-0.1483,*0000000000000100,8.003,*0000000001000100,-9999999,-9999999,-9999999,1.22460,0.53605,1.65786,*0000000000000100,*0000000000000100,-9999999,-9999999,-9999999,-9999999,-9999999,-9999999,-9999999,-9999999,-9999999,-9999999,-9999999,-9999999,-9999999,-9999999,-9999999,-9999999,-9999999,-9999999,-9999999,-9999999,-9999999,-9999999,-9999999,-9999999,-9999999,-9999999,-9999999,-9999999,-9999999,-9999999,-9999999,-9999999,-9999999
AT50-41,Slope Base Shallow Profiler,RS01SBPS,44.52467,-125.39167,2025-08-25T15:21:13.000Z,CTD-008,*0000000000000100,2908.0,AT50-41_CTD-008,*0000000000000100,21,*0000000000000100,2025-08-25T16:10:11.000Z,21.330,*0000000001000100,21.157,44.52471,-125.39170,16.7371,*0000000001000100,16.7332,*0000000001000100,4.10811,*0000000001000100,4.10714,*0000000001000100,31.8915,31.8862,5.6618,*0000000011000100,5.60690,0.1155,*0000000001000100,55.2620,-0.1497,*0000000000000100,8.120,*0000000011000100,5.78504,*0000000000000100,*0000000000001000,-9999999,-9999999,-9999999,-9999999,-9999999,0.30758,8.53419,0.04872,0.01770,0.48406,-9999999,*0000000000000100,-9999999,-9999999,-9999999,-9999999,-9999999,-9999999,1985.48,-9999999,*0000000000000100,344.76,19.0,-9999999,-9999999,-9999999,-9999999,-9999999,-9999999,2214.75,-9999999,-9999999,8.093,12.47,1809.58,163.43,3.868,2.543
AT50-41,Slope Base Shallow Profiler,RS01SBPS,44.52467,-125.39167,2025-08-25T15:21:13.000Z,CTD-008,*0000000000000100,2908.0,AT50-41_CTD-008,*0000000000000100,21,*0000000000000100,2025-08-25T16:10:11.000Z,21.330,*0000000001000100,21.157,44.52471,-125.39170,16.7371,*0000000001000100,16.7332,*0000000001000100,4.10811,*0000000001000100,4.10714,*0000000001000100,31.8915,31.8862,5.6618,*0000000011000100,5.60690,0.1155,*0000000001000100,55.2620,-0.1497,*0000000000000100,8.120,*0000000001000100,5.78396,*0000000000000100,*0000000000001000,-9999999,-9999999,-9999999,-9999999,-9999999,-9999999,-9999999,-9999999,-9999999,-9999999,-9999999,-9999999,-9999999,-9999999,-9999999,-9999999,-9999999,-9999999,-9999999,-9999999,-9999999,-9999999,-9999999,-9999999,-9999999,-9999999,-9999999,-9999999,-9999999,-9999999,-9999999,-9999999,-9999999,-9999999,-9999999,-9999999,-9999999,-9999999
AT50-41,Slope Base Shallow Profiler,RS01SBPS,44.52467,-125.39167,2025-08-25T15:21:13.000Z,CTD-008,*0000000000000100,2908.0,AT50-41_CTD-008,*0000000000000100,22,*0000000000000100,2025-08-25T16:10:47.000Z,21.187,*0000000001000100,21.015,44.52472,-125.39168,16.8389,*0000000001000100,16.8344,*0000000001000100,4.11414,*0000000001000100,4.11333,*0000000001000100,31.8629,31.8595,5.6238,*0000000001000100,5.59679,0.1179,*0000000011000100,55.2620,-0.1489,*0000000000000100,8.122,*0000000001000100,-9999999,-9999999,-9999999,0.36495,0.15058,1.66957,*0000000000000100,*0000000000000100,-9999999,-9999999,-9999999,-9999999,-9999999,-9999999,-9999999,-9999999,-9999999,-9999999,-9999999,-9999999,-9999999,-9999999,-9999999,-9999999,-9999999,-9999999,-9999999,-9999999,-9999999,-9999999,-9999999,-9999999,-9999999,-9999999,-9999999,-9999999,-9999999,-9999999,-9999999,-9999999,-9999999
AT50-41,Slope Base Shallow Profiler,RS01SBPS,44.52467,-125.39167,2025-08-25T15:21:13.000Z,CTD-008,*0000000000000100,2908.0,AT50-41_CTD-008,*0000000000000100,23,*0000000000000100,2025-08-25T16:13:42.000Z,11.366,*0000000001000100,11.274,44.52472,-125.39171,16.8273,*0000000001000100,16.8533,*0000000001000100,4.11333,*0000000011000100,4.11417,*0000000011000100,31.8686,31.8553,5.6197,*0000000011000100,5.59786,0.1134,*0000000001000100,55.2620,-0.1475,*0000000000000100,8.120,*0000000011000100,5.72997,*0000000000000100,*0000000000001000,-9999999,-9999999,-9999999,-9999999,-9999999,0.30123,8.59974,0.17810,0.01498,0.62685,-9999999,*0000000000000100,31.85419,-9999999,*0000000000000100,-9999999,-9999999,-9999999,1995.59,-9999999,*0000000000000100,348.93,19.4,-9999999,-9999999,-9999999,-9999999,-9999999,-9999999,2224.86,-9999999,-9999999,8.091,12.59,1819.18,163.82,3.885,2.555
AT50-41,Slope Base Shallow Profiler,RS01SBPS,44.52467,-125.39167,2025-08-25T15:21:13.000Z,CTD-008,*0000000000000100,2908.0,AT50-41_CTD-008,*0000000000000100,23,*0000000000000100,2025-08-25T16:13:42.000Z,11.366,*0000000001000100,11.274,44.52472,-125.39171,16.8273,*0000000001000100,16.8533,*0000000001000100,4.11333,*0000000001000100,4.11417,*0000000001000100,31.8686,31.8553,5.6197,*0000000011000100,5.59786,0.1134,*0000000001000100,55.2620,-0.1475,*0000000000000100,8.120,*0000000001000100,5.73519,*0000000000000100,*0000000000001000,-9999999,-9999999,-9999999,-9999999,-9999999,-9999999,-9999999,-9999999,-9999999,-9999999,-9999999,-9999999,-9999999,-9999999,-9999999,-9999999,-9999999,-9999999,-9999999,-9999999,-9999999,-9999999,-9999999,-9999999,-9999999,-9999999,-9999999,-9999999,-9999999,-9999999,-9999999,-9999999,-9999999,-9999999,-9999999,-9999999,-9999999,-9999999
AT50-41,Slope Base Shallow Profiler,RS01SBPS,44.52467,-125.39167,2025-08-25T15:21:13.000Z,CTD-008,*0000000000000100,2908.0,AT50-41_CTD-008,*0000000000000100,24,*0000000000000100,2025-08-25T16:14:35.000Z,11.290,*0000000001000100,11.199,44.52472,-125.39171,16.8802,*0000000001000100,16.8773,*0000000001000100,4.11650,*0000000001000100,4.11557,*0000000001000100,31.8540,31.8484,5.6144,*0000000001000100,5.59260,0.1169,*0000000011000100,55.2620,-0.1510,*0000000000000100,8.119,*0000000001000100,-9999999,-9999999,-9999999,0.27490,0.11175,1.67246,*0000000000000100,*0000000000000100,-9999999,-9999999,-9999999,-9999999,-9999999,-9999999,-9999999,-9999999,-9999999,-9999999,-9999999,-9999999,-9999999,-9999999,-9999999,-9999999,-9999999,-9999999,-9999999,-9999999,-9999999,-9999999,-9999999,-9999999,-9999999,-9999999,-9999999,-9999999,-9999999,-9999999,-9999999,-9999999,-9999999
AT50-41,Oregon Offshore Shallow Profiler,CE04OSPS,44.37650,-124.95117,2025-08-26T20:14:08.000Z,CTD-010,*0000000000000100,572.0,AT50-41_CTD-010,*0000000000000100,1,*0000000000000100,2025-08-26T20:24:03.000Z,224.101,*0000000001000100,222.174,44.37658,-124.95125,7.3673,*0000000001000100,7.3721,*0000000001000100,3.47961,*0000000001000100,3.47929,*0000000001000100,33.9880,33.9798,1.8694,*0000000001000100,6.73933,-0.0447,*0000000001000100,55.2620,-0.1469,*0000000000000100,7.510,*0000000011000100,-9999999,-9999999,-9999999,-9999999,-9999999,-9999999,-9999999,-9999999,2.41088,43.50976,34.07614,0.02757,0.23189,-9999999,*0000000000000100,-9999999,-9999999,-9999999,-9999999,-9999999,-9999999,2287.26,-9999999,*0000000000000100,1078.5,19.2,-9999999,-9999999,-9999999,-9999999,-9999999,-9999999,2313.91,-9999999,-9999999,7.648,52.02,2183.17,52.07,1.204,0.778
AT50-41,Oregon Offshore Shallow Profiler,CE04OSPS,44.37650,-124.95117,2025-08-26T20:14:08.000Z,CTD-010,*0000000000000100,572.0,AT50-41_CTD-010,*0000000000000100,3,*0000000000000100,2025-08-26T20:28:07.000Z,203.976,*0000000001000100,202.232,44.37658,-124.95125,7.3937,*0000000001000100,7.3905,*0000000001000100,3.47941,*0000000011000100,3.47809,*0000000011000100,33.9696,33.9584,2.0025,*0000000011000100,6.73609,-0.0475,*0000000001000100,55.2620,-0.1464,*0000000000000100,7.520,*0000000011000100,2.08263,*0000000000000100,*0000000000001000,-9999999,-9999999,-9999999,-9999999,-9999999,2.38361,42.44087,33.61185,0.02822,0.26855,-9999999,*0000000000000100,33.95905,-9999999,*0000000000000100,-9999999,-9999999,-9999999,2281.96,-9999999,*0000000000000100,1016.3,19.2,-9999999,-9999999,-9999999,-9999999,-9999999,-9999999,2315.8,-9999999,-9999999,7.665,48.99,2178.28,54.69,1.222,0.791
AT50-41,Oregon Offshore Shallow Profiler,CE04OSPS,44.37650,-124.95117,2025-08-26T20:14:08.000Z,CTD-010,*0000000000000100,572.0,AT50-41_CTD-010,*0000000000000100,3,*0000000000000100,2025-08-26T20:28:07.000Z,203.976,*0000000001000100,202.232,44.37658,-124.95125,7.3937,*0000000001000100,7.3905,*0000000001000100,3.47941,*0000000001000100,3.47809,*0000000001000100,33.9696,33.9584,2.0025,*0000000011000100,6.73609,-0.0475,*0000000001000100,55.2620,-0.1464,*0000000000000100,7.520,*0000000001000100,2.07926,*0000000000000100,*0000000000001000,-9999999,-9999999,-9999999,-9999999,-9999999,-9999999,-9999999,-9999999,-9999999,-9999999,-9999999,-9999999,-9999999,-9999999,-9999999,-9999999,-9999999,-9999999,-9999999,-9999999,-9999999,-9999999,-9999999,-9999999,-9999999,-9999999,-9999999,-9999999,-9999999,-9999999,-9999999,-9999999,-9999999,-9999999,-9999999,-9999999,-9999999,-9999999
AT50-41,Oregon Offshore Shallow Profiler,CE04OSPS,44.37650,-124.95117,2025-08-26T20:14:08.000Z,CTD-010,*0000000000000100,572.0,AT50-41_CTD-010,*0000000000000100,5,*0000000000000100,2025-08-26T20:31:53.000Z,183.965,*0000000001000100,182.400,44.37658,-124.95125,7.5850,*0000000001000100,7.5840,*0000000001000100,3.49708,*0000000001000100,3.49412,*0000000001000100,33.9834,33.9524,2.0625,*0000000001000100,6.70624,-0.0485,*0000000001000100,55.2620,-0.1486,*0000000000000100,7.527,*0000000011000100,-9999999,-9999999,-9999999,-9999999,-9999999,-9999999,-9999999,-9999999,2.34762,40.88094,33.30243,0.02944,0.39023,-9999999,*0000000000000100,-9999999,-9999999,-9999999,-9999999,-9999999,-9999999,2283.01,-9999999,*0000000000000100,1033.85,19.5,-9999999,-9999999,-9999999,-9999999,-9999999,-9999999,2315.78,-9999999,-9999999,7.659,49.49,2179.16,54.36,1.219,0.79
AT50-41,Oregon Offshore Shallow Profiler,CE04OSPS,44.37650,-124.95117,2025-08-26T20:14:08.000Z,CTD-010,*0000000000000100,572.0,AT50-41_CTD-010,*0000000000000100,6,*0000000000000100,2025-08-26T20:32:14.000Z,184.374,*0000000001000100,182.806,44.37658,-124.95124,7.5857,*0000000001000100,7.5846,*0000000001000100,3.49730,*0000000001000100,3.49423,*0000000001000100,33.9850,33.9528,2.0610,*0000000001000100,6.70607,-0.0524,*0000000011000100,55.2620,-0.1489,*0000000000000100,7.527,*0000000001000100,-9999999,-9999999,-9999999,0.00652,0.03047,1.16667,*0000000000000100,*0000000000000100,-9999999,-9999999,-9999999,-9999999,-9999999,-9999999,-9999999,-9999999,-9999999,-9999999,-9999999,-9999999,-9999999,-9999999,-9999999,-9999999,-9999999,-9999999,-9999999,-9999999,-9999999,-9999999,-9999999,-9999999,-9999999,-9999999,-9999999,-9999999,-9999999,-9999999,-9999999,-9999999,-9999999
AT50-41,Oregon Offshore Shallow Profiler,CE04OSPS,44.37650,-124.95117,2025-08-26T20:14:08.000Z,CTD-010,*0000000000000100,572.0,AT50-41_CTD-010,*0000000000000100,7,*0000000000000100,2025-08-26T20:35:42.000Z,164.438,*0000000001000100,163.048,44.37658,-124.95124,7.6571,*0000000001000100,7.6559,*0000000001000100,3.49832,*0000000001000100,3.49525,*0000000001000100,33.9359,33.9039,2.1971,*0000000011000100,6.69737,-0.0492,*0000000001000100,55.2620,-0.1447,*0000000000000100,7.532,*0000000011000100,2.24667,*0000000000000100,*0000000000001000,-9999999,-9999999,-9999999,-9999999,-9999999,2.29462,39.56795,32.64129,0.02812,0.16753,-9999999,*0000000000000100,-9999999,-9999999,-9999999,-9999999,-9999999,-9999999,2276.56,-9999999,*0000000000000100,1028.91,19.3,-9999999,-9999999,-9999999,-9999999,-9999999,-9999999,2309.86,-9999999,-9999999,7.661,49.15,2172.94,54.47,1.227,0.795
AT50-41,Oregon Offshore Shallow Profiler,CE04OSPS,44.37650,-124.95117,2025-08-26T20:14:08.000Z,CTD-010,*0000000000000100,572.0,AT50-41_CTD-010,*0000000000000100,7,*0000000000000100,2025-08-26T20:35:42.000Z,164.438,*0000000001000100,163.048,44.37658,-124.95124,7.6571,*0000000001000100,7.6559,*0000000001000100,3.49832,*0000000001000100,3.49525,*0000000001000100,33.9359,33.9039,2.1971,*0000000011000100,6.69737,-0.0492,*0000000001000100,55.2620,-0.1447,*0000000000000100,7.532,*0000000001000100,2.26872,*0000000000000001,*0000000000001000,-9999999,-9999999,-9999999,-9999999,-9999999,-9999999,-9999999,-9999999,-9999999,-9999999,-9999999,-9999999,-9999999,-9999999,-9999999,-9999999,-9999999,-9999999,-9999999,-9999999,-9999999,-9999999,-9999999,-9999999,-9999999,-9999999,-9999999,-9999999,-9999999,-9999999,-9999999,-9999999,-9999999,-9999999,-9999999,-9999999,-9999999,-9999999
AT50-41,Oregon Offshore Shallow Profiler,CE04OSPS,44.37650,-124.95117,2025-08-26T20:14:08.000Z,CTD-010,*0000000000000100,572.0,AT50-41_CTD-010,*0000000000000100,8,*0000000000000100,2025-08-26T20:35:57.000Z,164.155,*0000000001000100,162.768,44.37658,-124.95124,7.6612,*0000000001000100,7.6601,*0000000001000100,3.49859,*0000000001000100,3.49555,*0000000001000100,33.9350,33.9032,2.1950,*0000000001000100,6.69680,-0.0511,*0000000011000100,55.2620,-0.1478,*0000000000000100,7.532,*0000000001000100,-9999999,-9999999,-9999999,0.00770,0.03433,1.17333,*0000000000000100,*0000000000000100,-9999999,-9999999,-9999999,-9999999,-9999999,-9999999,-9999999,-9999999,-9999999,-9999999,-9999999,-9999999,-9999999,-9999999,-9999999,-9999999,-9999999,-9999999,-9999999,-9999999,-9999999,-9999999,-9999999,-9999999,-9999999,-9999999,-9999999,-9999999,-9999999,-9999999,-9999999,-9999999,-9999999
AT50-41,Oregon Offshore Shallow Profiler,CE04OSPS,44.37650,-124.95117,2025-08-26T20:14:08.000Z,CTD-010,*0000000000000100,572.0,AT50-41_CTD-010,*0000000000000100,9,*0000000000000100,2025-08-26T20:38:42.000Z,144.716,*0000000001000100,143.499,44.37656,-124.95124,7.7476,*0000000001000100,7.7470,*0000000001000100,3.50082,*0000000001000100,3.49781,*0000000001000100,33.8842,33.8524,2.3635,*0000000001000100,6.68592,-0.0495,*0000000001000100,55.2620,-0.1472,*0000000000000100,7.547,*0000000011000100,-9999999,-9999999,-9999999,-9999999,-9999999,-9999999,-9999999,-9999999,2.24600,37.47177,31.75536,0.03131,0.23188,-9999999,*0000000000000100,-9999999,-9999999,-9999999,-9999999,-9999999,-9999999,2251.54,-9999999,*0000000000000100,974.21,19.2,-9999999,-9999999,-9999999,-9999999,-9999999,-9999999,2290.75,-9999999,-9999999,7.681,46.41,2148.68,56.46,1.277,0.827
AT50-41,Oregon Offshore Shallow Profiler,CE04OSPS,44.37650,-124.95117,2025-08-26T20:14:08.000Z,CTD-010,*0000000000000100,572.0,AT50-41_CTD-010,*0000000000000100,11,*0000000000000100,2025-08-26T20:42:08.000Z,124.471,*0000000001000100,123.431,44.37658,-124.95126,7.9791,*0000000001000100,7.9782,*0000000001000100,3.51346,*0000000011000100,3.51042,*0000000011000100,33.8051,33.7735,2.7875,*0000000011000100,6.65448,-0.0502,*0000000011000100,55.2620,-0.1497,*0000000000000100,7.581,*0000000011000100,2.83589,*0000000000000100,*0000000000001000,0.00829,0.03261,1.19178,*0000000000000100,*0000000000000100,2.13846,33.99033,29.93792,0.02724,0.25948,-9999999,*0000000000000100,33.77120,-9999999,*0000000000000100,-9999999,-9999999,-9999999,2262.73,-9999999,*0000000000000100,868.92,19.4,-9999999,-9999999,-9999999,-9999999,-9999999,-9999999,2318.79,-9999999,-9999999,7.734,41.09,2157.21,64.43,1.464,0.949
AT50-41,Oregon Offshore Shallow Profiler,CE04OSPS,44.37650,-124.95117,2025-08-26T20:14:08.000Z,CTD-010,*0000000000000100,572.0,AT50-41_CTD-010,*0000000000000100,11,*0000000000000100,2025-08-26T20:42:08.000Z,124.471,*0000000001000100,123.431,44.37658,-124.95126,7.9791,*0000000001000100,7.9782,*0000000001000100,3.51346,*0000000001000100,3.51042,*0000000001000100,33.8051,33.7735,2.7875,*0000000011000100,6.65448,-0.0502,*0000000001000100,55.2620,-0.1497,*0000000000000100,7.581,*0000000001000100,2.84553,*0000000000000100,*0000000000001000,-9999999,-9999999,-9999999,-9999999,-9999999,-9999999,-9999999,-9999999,-9999999,-9999999,-9999999,-9999999,-9999999,-9999999,-9999999,-9999999,-9999999,-9999999,-9999999,-9999999,-9999999,-9999999,-9999999,-9999999,-9999999,-9999999,-9999999,-9999999,-9999999,-9999999,-9999999,-9999999,-9999999,-9999999,-9999999,-9999999,-9999999,-9999999
AT50-41,Oregon Offshore Shallow Profiler,CE04OSPS,44.37650,-124.95117,2025-08-26T20:14:08.000Z,CTD-010,*0000000000000100,572.0,AT50-41_CTD-010,*0000000000000100,13,*0000000000000100,2025-08-26T20:45:57.000Z,99.228,*0000000001000100,98.405,44.37656,-124.95126,8.2457,*0000000001000100,8.2444,*0000000001000100,3.52755,*0000000001000100,3.52444,*0000000001000100,33.7105,33.6788,3.0752,*0000000001000100,6.61877,-0.0474,*0000000001000100,55.2620,-0.1491,*0000000000000100,7.601,*0000000011000100,-9999999,-9999999,-9999999,-9999999,-9999999,-9999999,-9999999,-9999999,2.04890,29.29163,28.30058,0.02769,0.55150,-9999999,*0000000000000100,-9999999,-9999999,-9999999,-9999999,-9999999,-9999999,2228.38,-9999999,*0000000000000100,859.65,18.7,-9999999,-9999999,-9999999,-9999999,-9999999,-9999999,2284.7,-9999999,-9999999,7.734,40.3,2124.23,63.85,1.458,0.945
AT50-41,Oregon Offshore Shallow Profiler,CE04OSPS,44.37650,-124.95117,2025-08-26T20:14:08.000Z,CTD-010,*0000000000000100,572.0,AT50-41_CTD-010,*0000000000000100,14,*0000000000000100,2025-08-26T20:46:31.000Z,99.270,*0000000001000100,98.446,44.37658,-124.95126,8.2475,*0000000001000100,8.2478,*0000000001000100,3.52764,*0000000001000100,3.52453,*0000000001000100,33.7097,33.6764,3.0094,*0000000011000100,6.61854,-0.0430,*0000000001000100,55.2620,-0.1483,*0000000000000100,7.601,*0000000001000100,3.34980,*0000000000000100,*0000000000001000,-9999999,-9999999,-9999999,-9999999,-9999999,-9999999,-9999999,-9999999,-9999999,-9999999,-9999999,-9999999,-9999999,-9999999,-9999999,-9999999,-9999999,-9999999,-9999999,-9999999,-9999999,-9999999,-9999999,-9999999,-9999999,-9999999,-9999999,-9999999,-9999999,-9999999,-9999999,-9999999,-9999999,-9999999,-9999999,-9999999,-9999999,-9999999
AT50-41,Oregon Offshore Shallow Profiler,CE04OSPS,44.37650,-124.95117,2025-08-26T20:14:08.000Z,CTD-010,*0000000000000100,572.0,AT50-41_CTD-010,*0000000000000100,14,*0000000000000100,2025-08-26T20:46:31.000Z,99.270,*0000000001000100,98.446,44.37658,-124.95126,8.2475,*0000000001000100,8.2478,*0000000001000100,3.52764,*0000000001000100,3.52453,*0000000001000100,33.7097,33.6764,3.0094,*0000000011000100,6.61854,-0.0430,*0000000001000100,55.2620,-0.1483,*0000000000000100,7.601,*0000000001000100,3.35230,*0000000000000100,*0000000000001000,-9999999,-9999999,-9999999,-9999999,-9999999,-9999999,-9999999,-9999999,-9999999,-9999999,-9999999,-9999999,-9999999,-9999999,-9999999,-9999999,-9999999,-9999999,-9999999,-9999999,-9999999,-9999999,-9999999,-9999999,-9999999,-9999999,-9999999,-9999999,-9999999,-9999999,-9999999,-9999999,-9999999,-9999999,-9999999,-9999999,-9999999,-9999999
AT50-41,Oregon Offshore Shallow Profiler,CE04OSPS,44.37650,-124.95117,2025-08-26T20:14:08.000Z,CTD-010,*0000000000000100,572.0,AT50-41_CTD-010,*0000000000000100,15,*0000000000000100,2025-08-26T20:49:44.000Z,79.679,*0000000001000100,79.022,44.37658,-124.95125,8.1436,*0000000001000100,8.1430,*0000000001000100,3.48850,*0000000011000100,3.48557,*0000000011000100,33.4022,33.3716,4.1691,*0000000001000100,6.64731,-0.0333,*0000000001000100,55.2620,-0.1478,*0000000000000100,7.719,*0000000011000100,-9999999,-9999999,-9999999,-9999999,-9999999,-9999999,-9999999,-9999999,1.69138,22.34068,22.77442,0.02700,0.31956,-9999999,*0000000000000100,33.36122,-9999999,*0000000000000100,-9999999,-9999999,-9999999,2191.35,-9999999,*0000000000000100,666.86,19.5,-9999999,-9999999,-9999999,-9999999,-9999999,-9999999,2278.06,-9999999,-9999999,7.837,31.44,2081.72,78.2,1.797,1.164
AT50-41,Oregon Offshore Shallow Profiler,CE04OSPS,44.37650,-124.95117,2025-08-26T20:14:08.000Z,CTD-010,*0000000000000100,572.0,AT50-41_CTD-010,*0000000000000100,16,*0000000000000100,2025-08-26T20:50:10.000Z,79.538,*0000000001000100,78.881,44.37658,-124.95126,8.1454,*0000000001000100,8.1442,*0000000001000100,3.48835,*0000000001000100,3.48545,*0000000001000100,33.3989,33.3692,4.1718,*0000000011000100,6.64718,-0.0227,*0000000011000100,55.2620,-0.1489,*0000000000000100,7.719,*0000000001000100,4.24516,*0000000000000100,*0000000000001000,0.03673,0.03611,1.47692,*0000000000000100,*0000000000000100,-9999999,-9999999,-9999999,-9999999,-9999999,-9999999,-9999999,-9999999,-9999999,-9999999,-9999999,-9999999,-9999999,-9999999,-9999999,-9999999,-9999999,-9999999,-9999999,-9999999,-9999999,-9999999,-9999999,-9999999,-9999999,-9999999,-9999999,-9999999,-9999999,-9999999,-9999999,-9999999,-9999999
AT50-41,Oregon Offshore Shallow Profiler,CE04OSPS,44.37650,-124.95117,2025-08-26T20:14:08.000Z,CTD-010,*0000000000000100,572.0,AT50-41_CTD-010,*0000000000000100,16,*0000000000000100,2025-08-26T20:50:10.000Z,79.538,*0000000001000100,78.881,44.37658,-124.95126,8.1454,*0000000001000100,8.1442,*0000000001000100,3.48835,*0000000001000100,3.48545,*0000000001000100,33.3989,33.3692,4.1718,*0000000011000100,6.64718,-0.0227,*0000000001000100,55.2620,-0.1489,*0000000000000100,7.719,*0000000001000100,4.24554,*0000000000000001,*0000000000001000,-9999999,-9999999,-9999999,-9999999,-9999999,-9999999,-9999999,-9999999,-9999999,-9999999,-9999999,-9999999,-9999999,-9999999,-9999999,-9999999,-9999999,-9999999,-9999999,-9999999,-9999999,-9999999,-9999999,-9999999,-9999999,-9999999,-9999999,-9999999,-9999999,-9999999,-9999999,-9999999,-9999999,-9999999,-9999999,-9999999,-9999999,-9999999
AT50-41,Oregon Offshore Shallow Profiler,CE04OSPS,44.37650,-124.95117,2025-08-26T20:14:08.000Z,CTD-010,*0000000000000100,572.0,AT50-41_CTD-010,*0000000000000100,17,*0000000000000100,2025-08-26T20:53:02.000Z,59.435,*0000000001000100,58.948,44.37656,-124.95125,8.4756,*0000000001000100,8.4748,*0000000001000100,3.48690,*0000000001000100,3.48400,*0000000001000100,33.0808,33.0511,4.7836,*0000000001000100,6.61177,0.0011,*0000000001000100,55.2620,-0.1486,*0000000000000100,7.791,*0000000011000100,-9999999,-9999999,-9999999,-9999999,-9999999,-9999999,-9999999,-9999999,1.43745,16.39274,17.87606,0.03040,0.17315,-9999999,*0000000000000100,-9999999,-9999999,-9999999,-9999999,-9999999,-9999999,2154.68,-9999999,*0000000000000100,584.79,19.2,-9999999,-9999999,-9999999,-9999999,-9999999,-9999999,2258.07,-9999999,-9999999,7.888,27.3,2040.83,86.55,2.002,1.297
AT50-41,Oregon Offshore Shallow Profiler,CE04OSPS,44.37650,-124.95117,2025-08-26T20:14:08.000Z,CTD-010,*0000000000000100,572.0,AT50-41_CTD-010,*0000000000000100,18,*0000000000000100,2025-08-26T20:53:31.000Z,59.270,*0000000001000100,58.784,44.37656,-124.95125,8.4703,*0000000001000100,8.4692,*0000000001000100,3.48705,*0000000001000100,3.48409,*0000000001000100,33.0875,33.0573,4.7557,*0000000011000100,6.61227,-0.0069,*0000000011000100,55.2620,-0.1497,*0000000000000100,7.791,*0000000001000100,4.85914,*0000000000000100,*0000000000001000,0.07583,0.06594,1.50593,*0000000000000100,*0000000000000100,-9999999,-9999999,-9999999,-9999999,-9999999,-9999999,-9999999,-9999999,-9999999,-9999999,-9999999,-9999999,-9999999,-9999999,-9999999,-9999999,-9999999,-9999999,-9999999,-9999999,-9999999,-9999999,-9999999,-9999999,-9999999,-9999999,-9999999,-9999999,-9999999,-9999999,-9999999,-9999999,-9999999
AT50-41,Oregon Offshore Shallow Profiler,CE04OSPS,44.37650,-124.95117,2025-08-26T20:14:08.000Z,CTD-010,*0000000000000100,572.0,AT50-41_CTD-010,*0000000000000100,18,*0000000000000100,2025-08-26T20:53:31.000Z,59.270,*0000000001000100,58.784,44.37656,-124.95125,8.4703,*0000000001000100,8.4692,*0000000001000100,3.48705,*0000000001000100,3.48409,*0000000001000100,33.0875,33.0573,4.7557,*0000000011000100,6.61227,-0.0069,*0000000001000100,55.2620,-0.1497,*0000000000000100,7.791,*0000000001000100,4.84227,*0000000000000100,*0000000000001000,-9999999,-9999999,-9999999,-9999999,-9999999,-9999999,-9999999,-9999999,-9999999,-9999999,-9999999,-9999999,-9999999,-9999999,-9999999,-9999999,-9999999,-9999999,-9999999,-9999999,-9999999,-9999999,-9999999,-9999999,-9999999,-9999999,-9999999,-9999999,-9999999,-9999999,-9999999,-9999999,-9999999,-9999999,-9999999,-9999999,-9999999,-9999999
AT50-41,Oregon Offshore Shallow Profiler,CE04OSPS,44.37650,-124.95117,2025-08-26T20:14:08.000Z,CTD-010,*0000000000000100,572.0,AT50-41_CTD-010,*0000000000000100,19,*0000000000000100,2025-08-26T20:56:38.000Z,39.585,*0000000001000100,39.263,44.37656,-124.95125,9.7206,*0000000001000100,9.7198,*0000000001000100,3.54584,*0000000011000100,3.54273,*0000000011000100,32.5538,32.5230,5.4692,*0000000001000100,6.45387,0.0822,*0000000001000100,55.2620,-0.1467,*0000000000000100,7.869,*0000000011000100,-9999999,-9999999,-9999999,-9999999,-9999999,-9999999,-9999999,-9999999,1.08370,8.63403,10.82949,0.14643,0.34646,-9999999,*0000000000000100,32.52931,-9999999,*0000000000000100,-9999999,-9999999,-9999999,2115.03,-9999999,*0000000000000100,507.98,19.6,-9999999,-9999999,-9999999,-9999999,-9999999,-9999999,2241.79,-9999999,-9999999,7.944,22.82,1992.68,99.53,2.322,1.508
AT50-41,Oregon Offshore Shallow Profiler,CE04OSPS,44.37650,-124.95117,2025-08-26T20:14:08.000Z,CTD-010,*0000000000000100,572.0,AT50-41_CTD-010,*0000000000000100,20,*0000000000000100,2025-08-26T20:56:55.000Z,39.746,*0000000001000100,39.422,44.37657,-124.95125,9.7194,*0000000001000100,9.7184,*0000000001000100,3.54549,*0000000001000100,3.54245,*0000000001000100,32.5513,32.5212,5.4711,*0000000001000100,6.45414,0.0776,*0000000011000100,55.2620,-0.1494,*0000000000000100,7.869,*0000000001000100,-9999999,-9999999,-9999999,0.15048,0.10784,1.55098,*0000000000000100,*0000000000000100,-9999999,-9999999,-9999999,-9999999,-9999999,-9999999,-9999999,-9999999,-9999999,-9999999,-9999999,-9999999,-9999999,-9999999,-9999999,-9999999,-9999999,-9999999,-9999999,-9999999,-9999999,-9999999,-9999999,-9999999,-9999999,-9999999,-9999999,-9999999,-9999999,-9999999,-9999999,-9999999,-9999999
AT50-41,Oregon Offshore Shallow Profiler,CE04OSPS,44.37650,-124.95117,2025-08-26T20:14:08.000Z,CTD-010,*0000000000000100,572.0,AT50-41_CTD-010,*0000000000000100,21,*0000000000000100,2025-08-26T20:59:47.000Z,19.738,*0000000001000100,19.578,44.37658,-124.95125,11.0803,*0000000001000100,11.0718,*0000000001000100,3.64828,*0000000001000100,3.64456,*0000000001000100,32.3765,32.3472,6.6434,*0000000011000100,6.27370,0.8346,*0000000001000100,55.2620,-0.1458,*0000000000000100,8.004,*0000000011000100,6.70598,*0000000000000100,*0000000000001000,-9999999,-9999999,-9999999,-9999999,-9999999,0.68146,3.58864,2.00215,0.13644,1.18848,-9999999,*0000000000000100,-9999999,-9999999,-9999999,-9999999,-9999999,-9999999,2068.19,-9999999,*0000000000000100,382.96,19.6,-9999999,-9999999,-9999999,-9999999,-9999999,-9999999,2246.26,-9999999,-9999999,8.056,16.46,1921.51,130.22,3.055,1.989
AT50-41,Oregon Offshore Shallow Profiler,CE04OSPS,44.37650,-124.95117,2025-08-26T20:14:08.000Z,CTD-010,*0000000000000100,572.0,AT50-41_CTD-010,*0000000000000100,21,*0000000000000100,2025-08-26T20:59:47.000Z,19.738,*0000000001000100,19.578,44.37658,-124.95125,11.0803,*0000000001000100,11.0718,*0000000001000100,3.64828,*0000000001000100,3.64456,*0000000001000100,32.3765,32.3472,6.6434,*0000000011000100,6.27370,0.8346,*0000000001000100,55.2620,-0.1458,*0000000000000100,8.004,*0000000001000100,6.69945,*0000000000000100,*0000000000001000,-9999999,-9999999,-9999999,-9999999,-9999999,-9999999,-9999999,-9999999,-9999999,-9999999,-9999999,-9999999,-9999999,-9999999,-9999999,-9999999,-9999999,-9999999,-9999999,-9999999,-9999999,-9999999,-9999999,-9999999,-9999999,-9999999,-9999999,-9999999,-9999999,-9999999,-9999999,-9999999,-9999999,-9999999,-9999999,-9999999,-9999999,-9999999
AT50-41,Oregon Offshore Shallow Profiler,CE04OSPS,44.37650,-124.95117,2025-08-26T20:14:08.000Z,CTD-010,*0000000000000100,572.0,AT50-41_CTD-010,*0000000000000100,22,*0000000000000100,2025-08-26T21:00:08.000Z,19.778,*0000000001000100,19.618,44.37658,-124.95124,11.0559,*0000000001000100,11.0528,*0000000001000100,3.64624,*0000000001000100,3.64286,*0000000001000100,32.3777,32.3471,6.6239,*0000000001000100,6.27692,0.8050,*0000000011000100,55.2620,-0.1478,*0000000000000100,8.004,*0000000001000100,-9999999,-9999999,-9999999,1.04983,0.36620,1.70123,*0000000000000100,*0000000000000100,-9999999,-9999999,-9999999,-9999999,-9999999,-9999999,-9999999,-9999999,-9999999,-9999999,-9999999,-9999999,-9999999,-9999999,-9999999,-9999999,-9999999,-9999999,-9999999,-9999999,-9999999,-9999999,-9999999,-9999999,-9999999,-9999999,-9999999,-9999999,-9999999,-9999999,-9999999,-9999999,-9999999
AT50-41,Oregon Offshore Shallow Profiler,CE04OSPS,44.37650,-124.95117,2025-08-26T20:14:08.000Z,CTD-010,*0000000000000100,572.0,AT50-41_CTD-010,*0000000000000100,23,*0000000000000100,2025-08-26T21:02:30.000Z,9.559,*0000000001000100,9.482,44.37656,-124.95125,15.9852,*0000000001000100,15.9845,*0000000001000100,4.05485,*0000000011000100,4.05155,*0000000011000100,32.0330,32.0045,5.8766,*0000000011000100,5.68509,0.2505,*0000000001000100,55.2620,-0.1500,*0000000000000100,8.101,*0000000011000100,6.03656,*0000000000000100,*0000000000001000,-9999999,-9999999,-9999999,-9999999,-9999999,0.32367,6.86420,0.29941,0.01723,0.33510,-9999999,*0000000000000100,32.01658,-9999999,*0000000000000100,-9999999,-9999999,-9999999,2013.98,-9999999,*0000000000000100,342.62,19.3,-9999999,-9999999,-9999999,-9999999,-9999999,-9999999,2244.05,-9999999,-9999999,8.101,12.67,1836.85,164.46,3.891,2.555
AT50-41,Oregon Offshore Shallow Profiler,CE04OSPS,44.37650,-124.95117,2025-08-26T20:14:08.000Z,CTD-010,*0000000000000100,572.0,AT50-41_CTD-010,*0000000000000100,23,*0000000000000100,2025-08-26T21:02:30.000Z,9.559,*0000000001000100,9.482,44.37656,-124.95125,15.9852,*0000000001000100,15.9845,*0000000001000100,4.05485,*0000000001000100,4.05155,*0000000001000100,32.0330,32.0045,5.8766,*0000000011000100,5.68509,0.2505,*0000000001000100,55.2620,-0.1500,*0000000000000100,8.101,*0000000001000100,6.03185,*0000000000000100,*0000000000001000,-9999999,-9999999,-9999999,-9999999,-9999999,-9999999,-9999999,-9999999,-9999999,-9999999,-9999999,-9999999,-9999999,-9999999,-9999999,-9999999,-9999999,-9999999,-9999999,-9999999,-9999999,-9999999,-9999999,-9999999,-9999999,-9999999,-9999999,-9999999,-9999999,-9999999,-9999999,-9999999,-9999999,-9999999,-9999999,-9999999,-9999999,-9999999
AT50-41,Oregon Offshore Shallow Profiler,CE04OSPS,44.37650,-124.95117,2025-08-26T20:14:08.000Z,CTD-010,*0000000000000100,572.0,AT50-41_CTD-010,*0000000000000100,24,*0000000000000100,2025-08-26T21:02:56.000Z,9.542,*0000000001000100,9.465,44.37658,-124.95126,15.2665,*0000000001000100,15.5043,*0000000001000100,3.99810,*0000000001000100,4.01329,*0000000001000100,32.1134,32.0549,6.3565,*0000000001000100,5.76424,0.3452,*0000000011000100,55.2620,-0.1450,*0000000000000100,8.104,*0000000001000100,-9999999,-9999999,-9999999,0.36910,0.16829,1.64964,*0000000000000100,*0000000000000100,-9999999,-9999999,-9999999,-9999999,-9999999,-9999999,-9999999,-9999999,-9999999,-9999999,-9999999,-9999999,-9999999,-9999999,-9999999,-9999999,-9999999,-9999999,-9999999,-9999999,-9999999,-9999999,-9999999,-9999999,-9999999,-9999999,-9999999,-9999999,-9999999,-9999999,-9999999,-9999999,-9999999
AT50-41,Oregon Offshore Shallow Profiler,CE04OSPS,44.37426,-124.95627,2025-08-05T03:57:04.146Z,J2-1696,*0010000000000000,600.0,AT50-41_J2-1696,*0000000000000100,Aft,*0000000000000100,2025-08-05T03:58:04.146Z,197.53697,*0000000000000100,-9999999,-9999999,-9999999,7.75250,*0000000000000100,-9999999,-9999999,3.51072,*0000000010000100,-9999999,-9999999,33.96077,-9999999,-9999999,-9999999,-9999999,-9999999,-9999999,-9999999,-9999999,-9999999,-9999999,-9999999,1.55487,*0000000000000100,*0000000000001000,0.02311,0.16574,1.11573,*0000000000000100,*0000000000000100,2.73744,47.55375,35.15519,0.34536,1.54602,-9999999,*0000000000000100,33.96159,-9999999,*0000000000000100,-9999999,-9999999,-9999999,2276.21,-9999999,*0000000000000100,1301.97,20.6,-9999999,-9999999,-9999999,-9999999,-9999999,-9999999,2279.83,-9999999,-9999999,7.557,62.0,2171.1,43.12,0.964,0.625
AT50-41,Oregon Offshore Shallow Profiler,CE04OSPS,44.37426,-124.95627,2025-08-05T03:57:04.146Z,J2-1696,*0010000000000000,600.0,AT50-41_J2-1696,*0000000000000100,Aft,*0000000000000100,2025-08-05T03:58:04.146Z,197.53697,*0000000000000100,-9999999,-9999999,-9999999,7.75250,*0000000000000100,-9999999,-9999999,3.51072,*0000000000000100,-9999999,-9999999,33.96077,-9999999,-9999999,-9999999,-9999999,-9999999,-9999999,-9999999,-9999999,-9999999,-9999999,-9999999,1.45610,*0000000000000100,*0000000000001000,-9999999,-9999999,-9999999,-9999999,-9999999,-9999999,-9999999,-9999999,-9999999,-9999999,-9999999,-9999999,-9999999,-9999999,-9999999,-9999999,-9999999,-9999999,-9999999,-9999999,-9999999,-9999999,-9999999,-9999999,-9999999,-9999999,-9999999,-9999999,-9999999,-9999999,-9999999,-9999999,-9999999,-9999999,-9999999,-9999999,-9999999,-9999999
AT50-41,Oregon Offshore Shallow Profiler,CE04OSPS,44.37423,-124.95641,2025-08-05T09:52:29.966Z,J2-1698,*0010000000000000,600.0,AT50-41_J2-1698,*0000000000000100,Forward,*0000000000000100,2025-08-05T09:53:29.966Z,197.69861,*0000000000000100,-9999999,-9999999,-9999999,7.72421,*0000000000000100,-9999999,-9999999,3.50793,*0000000010000100,-9999999,-9999999,33.95818,-9999999,-9999999,-9999999,-9999999,-9999999,-9999999,-9999999,-9999999,-9999999,-9999999,-9999999,1.47417,*0000000000000100,*0000000000001000,-9999999,-9999999,-9999999,*0000000000000010,*0000000000000100,2.32808,37.34054,27.94667,0.28046,1.17103,-9999999,*0000000000000100,33.96659,-9999999,*0000000000000100,-9999999,-9999999,-9999999,2307.14,-9999999,*0000000000000100,1583.58,20.5,-9999999,-9999999,-9999999,-9999999,-9999999,-9999999,2286.7,-9999999,-9999999,7.477,75.48,2195.46,36.2,0.809,0.525
AT50-41,Oregon Offshore Shallow Profiler,CE04OSPS,44.37423,-124.95641,2025-08-05T09:52:29.966Z,J2-1698,*0010000000000000,600.0,AT50-41_J2-1698,*0000000000000100,Forward,*0000000000000100,2025-08-05T09:53:29.966Z,197.69861,*0000000000000100,-9999999,-9999999,-9999999,7.72421,*0000000000000100,-9999999,-9999999,3.50793,*0000000000000100,-9999999,-9999999,33.95818,-9999999,-9999999,-9999999,-9999999,-9999999,-9999999,-9999999,-9999999,-9999999,-9999999,-9999999,1.48004,*0000000000000100,*0000000000001000,-9999999,-9999999,-9999999,-9999999,-9999999,-9999999,-9999999,-9999999,-9999999,-9999999,-9999999,-9999999,-9999999,-9999999,-9999999,-9999999,-9999999,-9999999,-9999999,-9999999,-9999999,-9999999,-9999999,-9999999,-9999999,-9999999,-9999999,-9999999,-9999999,-9999999,-9999999,-9999999,-9999999,-9999999,-9999999,-9999999,-9999999,-9999999
AT50-41,Slope Base Shallow Profiler,RS01SBPS,44.52893,-125.38907,2025-08-05T18:45:21.319Z,J2-1699,*0010000000000000,2907.0,AT50-41_J2-1699,*0000000000000100,Aft,*0000000000000100,2025-08-05T18:46:21.319Z,189.84946,*0000000000000100,-9999999,-9999999,-9999999,6.70972,*0000000000000100,-9999999,-9999999,3.40621,*0000000010000100,-9999999,-9999999,33.84757,-9999999,-9999999,-9999999,-9999999,-9999999,-9999999,-9999999,-9999999,-9999999,-9999999,-9999999,-9999999,-9999999,-9999999,0.00592,0.02153,1.20408,*0000000000000100,*0000000000000100,2.16122,41.73313,31.14625,0.02227,0.26982,-9999999,*0000000000000100,34.03456,-9999999,*0000000000000100,-9999999,-9999999,-9999999,2212.38,-9999999,*0000000000000100,903.68,21.6,-9999999,-9999999,-9999999,-9999999,-9999999,-9999999,2253.25,-9999999,-9999999,7.7,44.64,2111.86,55.88,1.249,0.808
AT50-41,Slope Base Shallow Profiler,RS01SBPS,44.52894,-125.38907,2025-08-05T18:46:22.149Z,J2-1699,*0010000000000000,2907.0,AT50-41_J2-1699,*0000000000000100,Forward,*0000000000000100,2025-08-05T18:47:22.149Z,189.83089,*0000000000000100,-9999999,-9999999,-9999999,6.71224,*0000000000000100,-9999999,-9999999,3.40643,*0000000000000100,-9999999,-9999999,33.84742,-9999999,-9999999,-9999999,-9999999,-9999999,-9999999,-9999999,-9999999,-9999999,-9999999,-9999999,3.16321,*0000000000000100,*0000000000001000,-9999999,-9999999,-9999999,-9999999,-9999999,-9999999,-9999999,-9999999,-9999999,-9999999,-9999999,-9999999,-9999999,-9999999,-9999999,-9999999,-9999999,-9999999,-9999999,-9999999,-9999999,-9999999,-9999999,-9999999,-9999999,-9999999,-9999999,-9999999,-9999999,-9999999,-9999999,-9999999,-9999999,-9999999,-9999999,-9999999,-9999999,-9999999
AT50-41,Slope Base Shallow Profiler,RS01SBPS,44.52894,-125.38907,2025-08-05T18:46:22.149Z,J2-1699,*0010000000000000,2907.0,AT50-41_J2-1699,*0000000000000100,Forward,*0000000000000100,2025-08-05T18:47:22.149Z,189.83089,*0000000000000100,-9999999,-9999999,-9999999,6.71224,*0000000000000100,-9999999,-9999999,3.40643,*0000000000000100,-9999999,-9999999,33.84742,-9999999,-9999999,-9999999,-9999999,-9999999,-9999999,-9999999,-9999999,-9999999,-9999999,-9999999,3.18196,*0000000000000100,*0000000000001000,-9999999,-9999999,-9999999,-9999999,-9999999,-9999999,-9999999,-9999999,-9999999,-9999999,-9999999,-9999999,-9999999,-9999999,-9999999,-9999999,-9999999,-9999999,-9999999,-9999999,-9999999,-9999999,-9999999,-9999999,-9999999,-9999999,-9999999,-9999999,-9999999,-9999999,-9999999,-9999999,-9999999,-9999999,-9999999,-9999999,-9999999,-9999999
AT50-41,Axial Base Shallow Profiler,RS03AXPS,45.83047,-129.75383,2025-08-07T05:55:21.076Z,J2-1702,*0010000000000000,2600.0,AT50-41_J2-1702,*0000000000000100,Aft,*0000000000000100,2025-08-07T05:56:21.076Z,190.25456,*0000000000000100,-9999999,-9999999,-9999999,6.55288,*0000000000000100,-9999999,-9999999,3.38317,*0000000000000100,-9999999,-9999999,33.74729,-9999999,-9999999,-9999999,-9999999,-9999999,-9999999,-9999999,-9999999,-9999999,-9999999,-9999999,3.86420,*0000000000000100,*0000000000001000,0.00474,0.01487,1.22857,*0000000000000100,*0000000000000100,-9999999,-9999999,-9999999,-9999999,-9999999,-9999999,-9999999,-9999999,-9999999,-9999999,-9999999,-9999999,-9999999,-9999999,-9999999,-9999999,-9999999,-9999999,-9999999,-9999999,-9999999,-9999999,-9999999,-9999999,-9999999,-9999999,-9999999,-9999999,-9999999,-9999999,-9999999,-9999999,-9999999
AT50-41,Axial Base Shallow Profiler,RS03AXPS,45.83047,-129.75383,2025-08-07T05:55:21.076Z,J2-1702,*0010000000000000,2600.0,AT50-41_J2-1702,*0000000000000100,Aft,*0000000000000100,2025-08-07T05:56:21.076Z,190.25456,*0000000000000100,-9999999,-9999999,-9999999,6.55288,*0000000000000100,-9999999,-9999999,3.38317,*0000000000000100,-9999999,-9999999,33.74729,-9999999,-9999999,-9999999,-9999999,-9999999,-9999999,-9999999,-9999999,-9999999,-9999999,-9999999,3.84754,*0000000000000100,-9999999,-9999999,-9999999,-9999999,-9999999,-9999999,-9999999,-9999999,-9999999,-9999999,-9999999,-9999999,-9999999,-9999999,-9999999,-9999999,-9999999,-9999999,-9999999,-9999999,-9999999,-9999999,-9999999,-9999999,-9999999,-9999999,-9999999,-9999999,-9999999,-9999999,-9999999,-9999999,-9999999,-9999999,-9999999,-9999999,-9999999,-9999999,-9999999
AT50-41,Axial Base Shallow Profiler,RS03AXPS,45.83046,-129.75383,2025-08-07T05:55:36.882Z,J2-1702,*0010000000000000,2600.0,AT50-41_J2-1702,*0000000000000100,Forward,*0000000000000100,2025-08-07T05:56:36.882Z,190.25367,*0000000000000100,-9999999,-9999999,-9999999,6.55362,*0000000000000100,-9999999,-9999999,3.38323,*0000000010000100,-9999999,-9999999,33.74721,-9999999,-9999999,-9999999,-9999999,-9999999,-9999999,-9999999,-9999999,-9999999,-9999999,-9999999,-9999999,-9999999,-9999999,-9999999,-9999999,-9999999,-9999999,-9999999,1.99243,37.02960,28.48357,0.03233,0.32270,-9999999,*0000000000000100,33.75456,-9999999,*0000000000000100,-9999999,-9999999,-9999999,2187.99,-9999999,*0000000000000100,748.16,21.4,-9999999,-9999999,-9999999,-9999999,-9999999,-9999999,2250.55,-9999999,-9999999,7.776,37.19,2085.61,65.2,1.459,0.944
AT50-41,Axial Base Shallow Profiler,RS03AXPS,45.83043,-129.75301,2025-08-07T12:24:32.544Z,J2-1704,*0010000000000000,2600.0,AT50-41_J2-1704,*0000000000000100,Aft,*0000000000000100,2025-08-07T12:25:32.544Z,187.25242,*0000000000000100,-9999999,-9999999,-9999999,6.64168,*0000000000000100,-9999999,-9999999,3.38949,*0000000000000100,-9999999,-9999999,33.73122,-9999999,-9999999,-9999999,-9999999,-9999999,-9999999,-9999999,-9999999,-9999999,-9999999,-9999999,3.93683,*0000000000000100,*0000000000001000,0.00296,0.00993,1.21739,*0000000000000100,*0000000000000100,-9999999,-9999999,-9999999,-9999999,-9999999,-9999999,-9999999,-9999999,-9999999,-9999999,-9999999,-9999999,-9999999,-9999999,-9999999,-9999999,-9999999,-9999999,-9999999,-9999999,-9999999,-9999999,-9999999,-9999999,-9999999,-9999999,-9999999,-9999999,-9999999,-9999999,-9999999,-9999999,-9999999
AT50-41,Axial Base Shallow Profiler,RS03AXPS,45.83043,-129.75301,2025-08-07T12:24:32.544Z,J2-1704,*0010000000000000,2600.0,AT50-41_J2-1704,*0000000000000100,Aft,*0000000000000100,2025-08-07T12:25:32.544Z,187.25242,*0000000000000100,-9999999,-9999999,-9999999,6.64168,*0000000000000100,-9999999,-9999999,3.38949,*0000000000000100,-9999999,-9999999,33.73122,-9999999,-9999999,-9999999,-9999999,-9999999,-9999999,-9999999,-9999999,-9999999,-9999999,-9999999,3.93156,*0000000000000100,*0000000000001000,-9999999,-9999999,-9999999,-9999999,-9999999,-9999999,-9999999,-9999999,-9999999,-9999999,-9999999,-9999999,-9999999,-9999999,-9999999,-9999999,-9999999,-9999999,-9999999,-9999999,-9999999,-9999999,-9999999,-9999999,-9999999,-9999999,-9999999,-9999999,-9999999,-9999999,-9999999,-9999999,-9999999,-9999999,-9999999,-9999999,-9999999,-9999999
AT50-41,Axial Base Shallow Profiler,RS03AXPS,45.83043,-129.75302,2025-08-07T12:25:37.891Z,J2-1704,*0010000000000000,2600.0,AT50-41_J2-1704,*0000000000000100,Forward,*0000000000000100,2025-08-07T12:26:37.891Z,185.41799,*0000000000000100,-9999999,-9999999,-9999999,6.65715,*0000000000000100,-9999999,-9999999,3.39039,*0000000010000100,-9999999,-9999999,33.72681,-9999999,-9999999,-9999999,-9999999,-9999999,-9999999,-9999999,-9999999,-9999999,-9999999,-9999999,-9999999,-9999999,-9999999,-9999999,-9999999,-9999999,-9999999,-9999999,1.94507,35.56026,27.56885,0.02688,1.22052,-9999999,*0000000000000100,33.72727,-9999999,*0000000000000100,-9999999,-9999999,-9999999,2198.55,-9999999,*0000000000000100,720.34,21.7,-9999999,-9999999,-9999999,-9999999,-9999999,-9999999,2267.53,-9999999,-9999999,7.796,35.67,2094.24,68.65,1.541,0.997
AT50-41,Axial Base Junction Box LJ03A,"CTDPFB301,DOSTAD301",45.81692,-129.75411,2025-08-08T06:10:44.065Z,J2-1706,*0010000000000000,2607.0,AT50-41_J2-1706,*0000000000000100,Aft,*0000000000000100,2025-08-08T06:11:44.065Z,2648.54445,*0000000000000100,-9999999,-9999999,-9999999,1.79757,*0000000000000100,-9999999,-9999999,3.14205,*0000000000000100,-9999999,-9999999,34.62600,-9999999,-9999999,-9999999,-9999999,-9999999,-9999999,-9999999,-9999999,-9999999,-9999999,-9999999,1.73875,*0000000000000100,*0000000000001000,-9999999,-9999999,-9999999,-9999999,-9999999,-9999999,-9999999,-9999999,-9999999,-9999999,-9999999,-9999999,-9999999,-9999999,-9999999,-9999999,-9999999,-9999999,-9999999,-9999999,-9999999,-9999999,-9999999,-9999999,-9999999,-9999999,-9999999,-9999999,-9999999,-9999999,-9999999,-9999999,-9999999,-9999999,-9999999,-9999999,-9999999,-9999999
AT50-41,Axial Base Junction Box LJ03A,"CTDPFB301,DOSTAD301",45.81692,-129.75411,2025-08-08T06:10:44.065Z,J2-1706,*0010000000000000,2607.0,AT50-41_J2-1706,*0000000000000100,Aft,*0000000000000100,2025-08-08T06:11:44.065Z,2648.54445,*0000000000000100,-9999999,-9999999,-9999999,1.79757,*0000000000000100,-9999999,-9999999,3.14205,*0000000000000100,-9999999,-9999999,34.62600,-9999999,-9999999,-9999999,-9999999,-9999999,-9999999,-9999999,-9999999,-9999999,-9999999,-9999999,1.73842,*0000000000000100,*0000000000001000,-9999999,-9999999,-9999999,-9999999,-9999999,-9999999,-9999999,-9999999,-9999999,-9999999,-9999999,-9999999,-9999999,-9999999,-9999999,-9999999,-9999999,-9999999,-9999999,-9999999,-9999999,-9999999,-9999999,-9999999,-9999999,-9999999,-9999999,-9999999,-9999999,-9999999,-9999999,-9999999,-9999999,-9999999,-9999999,-9999999,-9999999,-9999999
AT50-41,Axial Base Junction Box LJ03A,"CTDPFB301,DOSTAD301",45.81692,-129.75411,2025-08-08T06:10:06.324Z,J2-1706,*0010000000000000,2607.0,AT50-41_J2-1706,*0000000000000100,Forward,*0000000000000100,2025-08-08T06:11:06.324Z,2648.53961,*0000000000000100,-9999999,-9999999,-9999999,1.79765,*0000000000000100,-9999999,-9999999,3.14205,*0000000010000100,-9999999,-9999999,34.62600,-9999999,-9999999,-9999999,-9999999,-9999999,-9999999,-9999999,-9999999,-9999999,-9999999,-9999999,-9999999,-9999999,-9999999,0.00415,-0.00191,2.75,*0000000000000100,*0000000000000100,-9999999,-9999999,-9999999,-9999999,-9999999,-9999999,-9999999,34.61736,-9999999,*0000000000000100,-9999999,-9999999,-9999999,-9999999,-9999999,-9999999,-9999999,-9999999,-9999999,-9999999,-9999999,-9999999,-9999999,-9999999,-9999999,-9999999,-9999999,-9999999,-9999999,-9999999,-9999999,-9999999,-9999999
AT50-41,Axial ASHES Vent Field,CTDPFB304,45.93363,-130.01377,2025-08-09T04:16:48.081Z,J2-1708,*0010000000000000,1537.0,AT50-41_J2-1708,*0000000000000100,Aft,*0000000000000100,2025-08-09T04:17:48.081Z,1556.24303,*0000000000000100,-9999999,-9999999,-9999999,2.45128,*0000000000000100,-9999999,-9999999,3.14713,*0000000010000100,-9999999,-9999999,34.52457,-9999999,-9999999,-9999999,-9999999,-9999999,-9999999,-9999999,-9999999,-9999999,-9999999,-9999999,-9999999,-9999999,-9999999,-9999999,-9999999,-9999999,-9999999,-9999999,-9999999,-9999999,-9999999,-9999999,-9999999,-9999999,-9999999,34.52927,-9999999,*0000000000000100,-9999999,-9999999,-9999999,-9999999,-9999999,-9999999,-9999999,-9999999,-9999999,-9999999,-9999999,-9999999,-9999999,-9999999,-9999999,-9999999,-9999999,-9999999,-9999999,-9999999,-9999999,-9999999,-9999999
AT50-41,Slope Base Shallow Profiler,RS01SBPS,44.52901,-125.38937,2025-08-12T04:03:46.482Z,J2-1713,*0010000000000000,2900.0,AT50-41_J2-1713,*0000000000000100,Aft,*0000000000000100,2025-08-12T04:04:46.482Z,191.22698,*0000000000000100,-9999999,-9999999,-9999999,6.76896,*0000000000000100,-9999999,-9999999,3.41134,*0000000000000100,-9999999,-9999999,33.84499,-9999999,-9999999,-9999999,-9999999,-9999999,-9999999,-9999999,-9999999,-9999999,-9999999,-9999999,-9999999,*0000000000000100,*0000000000001000,-9999999,-9999999,-9999999,-9999999,-9999999,-9999999,-9999999,-9999999,-9999999,-9999999,-9999999,-9999999,-9999999,-9999999,-9999999,-9999999,-9999999,-9999999,-9999999,-9999999,-9999999,-9999999,-9999999,-9999999,-9999999,-9999999,-9999999,-9999999,-9999999,-9999999,-9999999,-9999999,-9999999,-9999999,-9999999,-9999999,-9999999,-9999999
AT50-41,Slope Base Shallow Profiler,RS01SBPS,44.52901,-125.38937,2025-08-12T04:03:46.482Z,J2-1713,*0010000000000000,2900.0,AT50-41_J2-1713,*0000000000000100,Aft,*0000000000000100,2025-08-12T04:04:46.482Z,191.22698,*0000000000000100,-9999999,-9999999,-9999999,6.76896,*0000000000000100,-9999999,-9999999,3.41134,*0000000000000100,-9999999,-9999999,33.84499,-9999999,-9999999,-9999999,-9999999,-9999999,-9999999,-9999999,-9999999,-9999999,-9999999,-9999999,-9999999,*0000000000000100,*0000000000001000,-9999999,-9999999,-9999999,-9999999,-9999999,-9999999,-9999999,-9999999,-9999999,-9999999,-9999999,-9999999,-9999999,-9999999,-9999999,-9999999,-9999999,-9999999,-9999999,-9999999,-9999999,-9999999,-9999999,-9999999,-9999999,-9999999,-9999999,-9999999,-9999999,-9999999,-9999999,-9999999,-9999999,-9999999,-9999999,-9999999,-9999999,-9999999
AT50-41,Slope Base Shallow Profiler,RS01SBPS,44.52901,-125.38937,2025-08-12T04:03:20.399Z,J2-1713,*0010000000000000,2900.0,AT50-41_J2-1713,*0000000000000100,Forward,*0000000000000100,2025-08-12T04:04:20.399Z,191.22556,*0000000000000100,-9999999,-9999999,-9999999,6.76820,*0000000000000100,-9999999,-9999999,3.41128,*0000000010000100,-9999999,-9999999,33.84510,-9999999,-9999999,-9999999,-9999999,-9999999,-9999999,-9999999,-9999999,-9999999,-9999999,-9999999,-9999999,-9999999,-9999999,0.00474,0.02440,1.15385,*0000000000000100,*0000000000000100,2.15798,40.92746,30.96212,0.02453,0.15587,-9999999,*0000000000000100,33.84636,-9999999,*0000000000000100,-9999999,-9999999,-9999999,2223.57,-9999999,*0000000000000100,966.61,21.4,-9999999,-9999999,-9999999,-9999999,-9999999,-9999999,2256.89,-9999999,-9999999,7.674,47.65,2122.97,52.96,1.186,0.767
AT50-41,Oregon Offshore Deep Profiler,CE04OSPD,44.15943,-124.76900,2025-08-12T19:06:55.380Z,J2-1714,*0010000000000000,585.0,AT50-41_J2-1714,*0000000000000100,Aft,*0000000000000100,2025-08-12T19:07:55.380Z,579.48427,*0000000000000100,-9999999,-9999999,-9999999,5.21613,*0000000000000100,-9999999,-9999999,3.32031,*0000000000000100,-9999999,-9999999,34.18565,-9999999,-9999999,-9999999,-9999999,-9999999,-9999999,-9999999,-9999999,-9999999,-9999999,-9999999,-9999999,*0000000000000100,*0000000000001000,-9999999,-9999999,-9999999,-9999999,-9999999,-9999999,-9999999,-9999999,-9999999,-9999999,-9999999,-9999999,-9999999,-9999999,-9999999,-9999999,-9999999,-9999999,-9999999,-9999999,-9999999,-9999999,-9999999,-9999999,-9999999,-9999999,-9999999,-9999999,-9999999,-9999999,-9999999,-9999999,-9999999,-9999999,-9999999,-9999999,-9999999,-9999999
AT50-41,Oregon Offshore Deep Profiler,CE04OSPD,44.15943,-124.76900,2025-08-12T19:06:55.380Z,J2-1714,*0010000000000000,585.0,AT50-41_J2-1714,*0000000000000100,Aft,*0000000000000100,2025-08-12T19:07:55.380Z,579.48427,*0000000000000100,-9999999,-9999999,-9999999,5.21613,*0000000000000100,-9999999,-9999999,3.32031,*0000000000000100,-9999999,-9999999,34.18565,-9999999,-9999999,-9999999,-9999999,-9999999,-9999999,-9999999,-9999999,-9999999,-9999999,-9999999,-9999999,*0000000000000100,*0000000000001000,-9999999,-9999999,-9999999,-9999999,-9999999,-9999999,-9999999,-9999999,-9999999,-9999999,-9999999,-9999999,-9999999,-9999999,-9999999,-9999999,-9999999,-9999999,-9999999,-9999999,-9999999,-9999999,-9999999,-9999999,-9999999,-9999999,-9999999,-9999999,-9999999,-9999999,-9999999,-9999999,-9999999,-9999999,-9999999,-9999999,-9999999,-9999999
AT50-41,Oregon Offshore Deep Profiler,CE04OSPD,44.15943,-124.76900,2025-08-12T19:08:07.580Z,J2-1714,*0010000000000000,585.0,AT50-41_J2-1714,*0000000000000100,Forward,*0000000000000100,2025-08-12T19:09:07.580Z,579.50218,*0000000000000100,-9999999,-9999999,-9999999,5.20960,*0000000000000100,-9999999,-9999999,3.31985,*0000000010000100,-9999999,-9999999,34.18705,-9999999,-9999999,-9999999,-9999999,-9999999,-9999999,-9999999,-9999999,-9999999,-9999999,-9999999,-9999999,-9999999,-9999999,0.01422,0.09561,1.12245,*0000000000000100,*0000000000000100,-9999999,-9999999,-9999999,-9999999,-9999999,-9999999,-9999999,34.19048,-9999999,*0000000000000100,-9999999,-9999999,-9999999,-9999999,-9999999,-9999999,-9999999,-9999999,-9999999,-9999999,-9999999,-9999999,-9999999,-9999999,-9999999,-9999999,-9999999,-9999999,-9999999,-9999999,-9999999,-9999999,-9999999
AT50-41,Oregon Shelf BEP,CE02SHBP,44.63704,-124.30484,2025-08-15T11:44:17.544Z,J2-1723,*0010000000000000,80.0,AT50-41_J2-1723,*0000000000000100,Aft,*0000000000000100,2025-08-15T11:45:17.544Z,79.46325,*0000000000000100,-9999999,-9999999,-9999999,7.59062,*0000000000000100,-9999999,-9999999,3.36032,*0000000000000100,-9999999,-9999999,32.55384,-9999999,-9999999,-9999999,-9999999,-9999999,-9999999,-9999999,-9999999,-9999999,-9999999,-9999999,0.85924,*0000000000000100,*0000000000001000,-9999999,-9999999,-9999999,-9999999,-9999999,-9999999,-9999999,-9999999,-9999999,-9999999,-9999999,-9999999,-9999999,-9999999,-9999999,-9999999,-9999999,-9999999,-9999999,-9999999,-9999999,-9999999,-9999999,-9999999,-9999999,-9999999,-9999999,-9999999,-9999999,-9999999,-9999999,-9999999,-9999999,-9999999,-9999999,-9999999,-9999999,-9999999
AT50-41,Oregon Shelf BEP,CE02SHBP,44.63704,-124.30484,2025-08-15T11:44:17.544Z,J2-1723,*0010000000000000,80.0,AT50-41_J2-1723,*0000000000000100,Aft,*0000000000000100,2025-08-15T11:45:17.544Z,79.46325,*0000000000000100,-9999999,-9999999,-9999999,7.59062,*0000000000000100,-9999999,-9999999,3.36032,*0000000000000100,-9999999,-9999999,32.55384,-9999999,-9999999,-9999999,-9999999,-9999999,-9999999,-9999999,-9999999,-9999999,-9999999,-9999999,0.90205,*0000000000000100,*0000000000001000,-9999999,-9999999,-9999999,-9999999,-9999999,-9999999,-9999999,-9999999,-9999999,-9999999,-9999999,-9999999,-9999999,-9999999,-9999999,-9999999,-9999999,-9999999,-9999999,-9999999,-9999999,-9999999,-9999999,-9999999,-9999999,-9999999,-9999999,-9999999,-9999999,-9999999,-9999999,-9999999,-9999999,-9999999,-9999999,-9999999,-9999999,-9999999
AT50-41,Oregon Shelf BEP,CE02SHBP,44.63704,-124.30484,2025-08-15T11:45:06.096Z,J2-1723,*0010000000000000,80.0,AT50-41_J2-1723,*0000000000000100,Forward,*0000000000000100,2025-08-15T11:46:06.096Z,79.46261,*0000000000000100,-9999999,-9999999,-9999999,7.59042,*0000000000000100,-9999999,-9999999,3.32257,*0000000010000100,-9999999,-9999999,32.14882,-9999999,-9999999,-9999999,-9999999,-9999999,-9999999,-9999999,-9999999,-9999999,-9999999,-9999999,-9999999,-9999999,-9999999,0.55450,0.46621,1.48294,*0000000000001001,*0000000000000100,-9999999,-9999999,-9999999,-9999999,-9999999,-9999999,-9999999,33.90343,-9999999,*0000000000000100,-9999999,-9999999,-9999999,2341.5,-9999999,*0000000000000100,2261.73,21.5,-9999999,-9999999,-9999999,-9999999,-9999999,-9999999,2269.13,-9999999,-9999999,7.332,109.44,2207.42,24.65,0.572,0.37
AT50-41,Axial Seamount International District 2,CTDPFB307,45.92586,-129.97766,2025-08-24T00:54:06.919Z,J2-1735,*0010000000000000,1526.0,AT50-41_J2-1735,*0000000000000100,Forward,*0000000000000100,2025-08-24T00:55:06.919Z,1545.12438,*0000000000000100,-9999999,-9999999,-9999999,2.37803,*0000000000000100,-9999999,-9999999,3.13980,*0000000010000100,-9999999,-9999999,34.51860,-9999999,-9999999,-9999999,-9999999,-9999999,-9999999,-9999999,-9999999,-9999999,-9999999,-9999999,-9999999,-9999999,-9999999,-9999999,-9999999,-9999999,-9999999,-9999999,-9999999,-9999999,-9999999,-9999999,-9999999,-9999999,-9999999,34.52962,-9999999,*0000000000000100,-9999999,-9999999,-9999999,-9999999,-9999999,-9999999,-9999999,-9999999,-9999999,-9999999,-9999999,-9999999,-9999999,-9999999,-9999999,-9999999,-9999999,-9999999,-9999999,-9999999,-9999999,-9999999,-9999999
AT50-41,Axial Central Caldera,CTDPFB305,45.95494,-130.00876,2025-08-24T05:19:33.784Z,J2-1736,*0010000000000000,1524.0,AT50-41_J2-1736,*0000000000000100,Forward,*0000000000000100,2025-08-24T05:20:33.784Z,1527.47919,*0000000000000100,-9999999,-9999999,-9999999,2.41532,*0000000000000100,-9999999,-9999999,3.14202,*0000000010000100,-9999999,-9999999,34.51493,-9999999,-9999999,-9999999,-9999999,-9999999,-9999999,-9999999,-9999999,-9999999,-9999999,-9999999,-9999999,-9999999,-9999999,-9999999,-9999999,-9999999,-9999999,-9999999,-9999999,-9999999,-9999999,-9999999,-9999999,-9999999,-9999999,34.52917,-9999999,*0000000000000100,-9999999,-9999999,-9999999,-9999999,-9999999,-9999999,-9999999,-9999999,-9999999,-9999999,-9999999,-9999999,-9999999,-9999999,-9999999,-9999999,-9999999,-9999999,-9999999,-9999999,-9999999,-9999999,-9999999
AT50-41,Oregon Offshore BEP,CE04OSBP,44.36929,-124.95367,2025-08-28T04:02:16.310Z,J2-1741,*0010000000000000,578.0,AT50-41_J2-1741,*0000000000000100,Aft,*0000000000000100,2025-08-28T04:03:16.310Z,582.53873,*0000000000000100,-9999999,-9999999,-9999999,5.22161,*0000000000000100,-9999999,-9999999,3.31769,*0000000000000100,-9999999,-9999999,34.14861,-9999999,-9999999,-9999999,-9999999,-9999999,-9999999,-9999999,-9999999,-9999999,-9999999,-9999999,0.83773,*0000000000000001,*0000000000001000,-9999999,-9999999,-9999999,-9999999,-9999999,-9999999,-9999999,-9999999,-9999999,-9999999,-9999999,-9999999,-9999999,-9999999,-9999999,-9999999,-9999999,-9999999,-9999999,-9999999,-9999999,-9999999,-9999999,-9999999,-9999999,-9999999,-9999999,-9999999,-9999999,-9999999,-9999999,-9999999,-9999999,-9999999,-9999999,-9999999,-9999999,-9999999
AT50-41,Oregon Offshore BEP,CE04OSBP,44.36929,-124.95367,2025-08-28T04:02:16.310Z,J2-1741,*0010000000000000,578.0,AT50-41_J2-1741,*0000000000000100,Aft,*0000000000000100,2025-08-28T04:03:16.310Z,582.53873,*0000000000000100,-9999999,-9999999,-9999999,5.22161,*0000000000000100,-9999999,-9999999,3.31769,*0000000000000100,-9999999,-9999999,34.14861,-9999999,-9999999,-9999999,-9999999,-9999999,-9999999,-9999999,-9999999,-9999999,-9999999,-9999999,0.85586,*0000000000000001,*0000000000001000,-9999999,-9999999,-9999999,-9999999,-9999999,-9999999,-9999999,-9999999,-9999999,-9999999,-9999999,-9999999,-9999999,-9999999,-9999999,-9999999,-9999999,-9999999,-9999999,-9999999,-9999999,-9999999,-9999999,-9999999,-9999999,-9999999,-9999999,-9999999,-9999999,-9999999,-9999999,-9999999,-9999999,-9999999,-9999999,-9999999,-9999999,-9999999
AT50-41,Oregon Offshore BEP,CE04OSBP,44.36929,-124.95367,2025-08-28T04:01:48.045Z,J2-1741,*0010000000000000,578.0,AT50-41_J2-1741,*0000000000000100,Forward,*0000000000000100,2025-08-28T04:02:48.045Z,582.5309,*0000000000000100,-9999999,-9999999,-9999999,5.22062,*0000000000000100,-9999999,-9999999,3.31761,*0000000010000100,-9999999,-9999999,34.14867,-9999999,-9999999,-9999999,-9999999,-9999999,-9999999,-9999999,-9999999,-9999999,-9999999,-9999999,-9999999,-9999999,-9999999,0.01422,0.20096,1.0625,*0000000000000100,*0000000000000100,-9999999,-9999999,-9999999,-9999999,-9999999,-9999999,-9999999,34.15980,-9999999,*0000000000000100,-9999999,-9999999,-9999999,2380.79,-9999999,*0000000000000100,1188.26,18.9,-9999999,-9999999,-9999999,-9999999,-9999999,-9999999,2388.23,-9999999,-9999999,7.59,61.76,2273.44,45.59,0.942,0.611
AT50-41,Oregon Shelf BEP,CE02SHBP,44.63723,-124.30566,2025-08-28T15:20:37.406Z,J2-1743,*0010000000000000,80.6,AT50-41_J2-1743,*0000000000000100,Aft,*0000000000000100,2025-08-28T15:21:37.406Z,78.38859,*0000000000000100,-9999999,-9999999,-9999999,7.90302,*0000000000000100,-9999999,-9999999,3.51216,*0000000000000100,-9999999,-9999999,33.88671,-9999999,-9999999,-9999999,-9999999,-9999999,-9999999,-9999999,-9999999,-9999999,-9999999,-9999999,1.19833,*0000000000000001,*0000000000001000,-9999999,-9999999,-9999999,-9999999,-9999999,-9999999,-9999999,-9999999,-9999999,-9999999,-9999999,-9999999,-9999999,-9999999,-9999999,-9999999,-9999999,-9999999,-9999999,-9999999,-9999999,-9999999,-9999999,-9999999,-9999999,-9999999,-9999999,-9999999,-9999999,-9999999,-9999999,-9999999,-9999999,-9999999,-9999999,-9999999,-9999999,-9999999
AT50-41,Oregon Shelf BEP,CE02SHBP,44.63723,-124.30566,2025-08-28T15:20:37.406Z,J2-1743,*0010000000000000,80.6,AT50-41_J2-1743,*0000000000000100,Aft,*0000000000000100,2025-08-28T15:21:37.406Z,78.38859,*0000000000000100,-9999999,-9999999,-9999999,7.90302,*0000000000000100,-9999999,-9999999,3.51216,*0000000000000100,-9999999,-9999999,33.88671,-9999999,-9999999,-9999999,-9999999,-9999999,-9999999,-9999999,-9999999,-9999999,-9999999,-9999999,1.26057,*0000000000000001,*0000000000001000,-9999999,-9999999,-9999999,-9999999,-9999999,-9999999,-9999999,-9999999,-9999999,-9999999,-9999999,-9999999,-9999999,-9999999,-9999999,-9999999,-9999999,-9999999,-9999999,-9999999,-9999999,-9999999,-9999999,-9999999,-9999999,-9999999,-9999999,-9999999,-9999999,-9999999,-9999999,-9999999,-9999999,-9999999,-9999999,-9999999,-9999999,-9999999
AT50-41,Oregon Shelf BEP,CE02SHBP,44.63723,-124.30566,2025-08-28T15:19:33.184Z,J2-1743,*0010000000000000,80.6,AT50-41_J2-1743,*0000000000000100,Forward,*0000000000000100,2025-08-28T15:20:33.184Z,78.40183,*0000000000000100,-9999999,-9999999,-9999999,7.90309,*0000000000000100,-9999999,-9999999,3.51217,*0000000010000100,-9999999,-9999999,33.88676,-9999999,-9999999,-9999999,-9999999,-9999999,-9999999,-9999999,-9999999,-9999999,-9999999,-9999999,-9999999,-9999999,-9999999,0.94378,2.07993,1.29522,*0000000000000100,*0000000000000100,-9999999,-9999999,-9999999,-9999999,-9999999,-9999999,-9999999,33.90225,-9999999,*0000000000000100,-9999999,-9999999,-9999999,2345.78,-9999999,*0000000000000100,1578.08,18.9,-9999999,-9999999,-9999999,-9999999,-9999999,-9999999,2328.23,-9999999,-9999999,7.492,74.79,2233.0,37.99,0.869,0.563
