* Sea-Bird SBE 9 Data File:
* FileName = C:\data\ctd\at5041_006x.hex
* Software Version Seasave V 7.26.7.121
* Temperature SN = 4973
* Conductivity SN = 3522
* Number of Bytes Per Scan = 40
* Number of Voltage Words = 5
* Number of Scans Averaged by the Deck Unit = 1
* System UpLoad Time = Aug 18 2025 15:04:55
* NMEA Latitude = 45 49.80 N
* NMEA Longitude = 129 45.12 W
* NMEA UTC (Time) = Aug 18 2025  15:04:54
* Store Lat/Lon Data = Append to Every Scan
** Ship: 
** Station: 
** Operator: 
* System UTC = Aug 18 2025 15:04:55
*END*
12489E163DC281142011C3CF18857E92BFFF014FFE6FE6E5FB6FB100000122F72C62FE3040808298
124899163DC281142A11C3D318858492AFFF014FFE6FE6E6FB6FB100000122F72C62FE3040808299
1248A2163DBD81142011C3CB18857E92AFFF014FFE6FD6E9FB6FB100000122F72C62FE304080829A
12489E163DBE81142811C3C718858992AFFF014FFE6FE6EBFB6FB100000222F72C62FE304080829B
1248A2163DBD81142811C3C718858F92AFFF014FFE6FD6ECFB6FB100000122F72C62FE304080829C
12489E163DBE81142F11C3C7188594929FFF014FFE6FD6EFFB6FB100000122F72C62FE304080829D
12489E163DBD81142811C3C718859492AFFF014FFE6FD6F1FB6FB100000122F72C62FE304080829E
12489E163DBE81143111C3BF18859492AFFF014FFE6FE6F2FB6FB100000222F72C62FE304080829F
12489E163DBD81142F11C3BF18859F929FFF014FFE6FD6F4FB6FB100000122F72C62FE30408082A0
12489E163DB881142F11C3C318859A929FFF014FFE6FD6F7FB6FB100000122F72C62FE30408082A1
1248A2163DB981142F11C3C71885A5929FFF014FFE6FD6F8FB6FB100000222F72C62FE30408082A2
12489E163DB881143611C3C318859F927FFF014FFE6FD6FBFB6FB100000222F72C62FE30408082A3
12489E163DBD81143611C3C3188599926FFF014FFE6FD6FFFB6FB100000222F72C62FE30408082A4
12489E163DB981142F11C3BF1885A5925FFF014FFE6FD700FB6FB100000122F72C62FE30408082A5
124899163DB981143811C3BF18859F923FFF014FFE6FD701FB6FB100000222F72C62FE30408082A6
124899163DB881143611C3C318859F922FFF014FFE6FE705FB6FB100000022F72C62FE30408082A7
12489E163DB981143611C3BB18859F920FFF014FFE6FD706FB6FB100000222F72C62FE30408082A8
124898163DB881143E11C3C31885A591EFFF014FFE6FD707FB6FB100000122F72C62FE30408082A9
12489E163DB681143E11C3BF18859F91CFFF014FFE6FD70BFB6FB100000122F72C62FE30408082AA
124899163DB681143E11C3BF1885A5919FFF013FFE6FD70DFB5FB200000122F72C62FE30408082AB
124895163DB381143811C3BB18859F916FFF013FFE6FD70EFB4FB300000222F72C62FE30408082AC
124895163DAE81143E11C3BF18859F913FFF013FFE6FB70FFB3FB300000222F72C62FE30408082AD
124899163DAF81143E11C3BB18859F910FFF013FFE6FD710FB4FB300000222F72C62FE30408082AE
124899163DAA81143E11C3BF18859A90CFFF013FFE6FD711FB4FB300000222F72C62FE30408082AF
124899163DAE81143E11C3BB18859F908FFF013FFE6FD712FB4FB300000222F72C62FE30408082B0
124899163DAA81144511C3BB18859A904FFF012FFE6FD713FB4FB300000222F72C62FE30408082B1
124895163DA781143E11C3BB18859F900FFF012FFE6FD713FB4FB300000222F72C62FE30408082B2
124899163DA481144711C3BF18859A8FDFFF012FFE6FD714FB4FB300000122F72C62FE30408082B3
124895163DA581144511C3BF1885948F8FFF012FFE6FD715FB4FB300000122F72C62FE30408082B4
124891163D9C81143E11C3BB18859A8F3FFF012FFE6FD715FB4FB300000222F72C62FE30408082B5
124891163D9B81144C11C3BF1885948EFFFF011FFE6FD716FB4FB300000122F72C62FE30408082B6
12488D163D9D81144511C3BF18859A8EBFFF011FFE6FD718FB4FB300000122F72C62FE30408082B7
124889163D9681144511C3BB1885948E6FFF011FFE6FD719FB4FB300000122F72C62FE30408082B8
12488D163D8C81144711C3BB1885998E2FFF011FFE6FD71AFB4FB300000222F72D62FE30418082B9
12488D163D8981144C11C3BF18858F8DDFFF011FFE6FD71CFB4FB300000122F72D62FE30408082BA
124885163D8981144C11C3BB18858E8D8FFF010FFE6FD71DFB4FB300000122F72D62FE30408082BB
124885163D8981144C11C3BB1885948D4FFF010FFE6FD71EFB4FB300000122F72D62FE30408082BC
124885163D8181144C11C3BF1885898D0FFF010FFE6FD721FB4FB300000122F72D62FE30408082BD
124880163D7B81145411C3BB1885948CBFFF00FFFE6FD723FB4FB300000122F72D62FE30408082BE
124885163D7681144E11C3B71885898C7FFF00FFFE6FB723FB4FB300000222F72D62FE30408082BF
124880163D7481145411C3BB1885898C3FFF00FFFE6FD725FB4FB300000222F72D62FE30408082C0
124880163D7181145411C3BB1885898BFFFF00FFFE6FC726FB4FB300000122F72D62FE30408082C1
124880163D6C81145B11C3B71885838BBFFF00FFFE6FD726FB4FB300000122F72D62FE30408082C2
124880163D6A81145411C3BB1885848B8FFF00FFFE6FD728FB4FB300000122F72D62FE30408082C3
12487C163D5F81145B11C3B71885898B4FFF00FFFE6FD729FB5FB400000122F72D62FE30408082C4
124880163D5B81145B11C3B71885898B0FFF00EFFE6FD72AFB6FB400000122F72D62FE30408082C5
124880163D5B81146511C3B31885848ADFFF00EFFE6FD72AFB6FB400000222F72D62FE30408082C6
12487C163D5081145B11C3BB1885838A9FFF00EFFE6FD729FB6FB400000122F72D62FE30408082C7
12487C163D4F81146211C3B318857E8A6FFF00DFFE6FD729FB6FB400000122F72D62FE30408082C8
124880163D4E81146A11C3B318857E8A3FFF00DFFE6FD729FB6FB400000222F72D62FE30408082C9
124880163D4981146A11C3B21885788A0FFF00DFFE6FD729FB6FB400000222F72D62FE30408082CA
12487C163D4481146A11C3B318857889DFFF00EFFE6FD729FB6FB400000122F72D62FE30408082CB
12487C163D3681146A11C3B218857889BFFF00DFFE6FD729FB6FB400000122F72D62FE30408082CC
124880163D3281146C11C3AF188572899FFF00DFFE6FD728FB6FB400000222F72D62FE30408082CD
12487C163D2F81147111C3B2188573896FFF00DFFE6FD728FB6FB400000222F72D62FE30408082CE
12487C163D2681147811C3AF188573894FFF00DFFE6FD728FB6FB400000222F72D62FE30408082CF
12487C163D2081147111C3B218856D892FFF00DFFE6FD728FB5FB400000222F72D62FE30408082D0
124885163D1781147811C3B318857388FFFF00DFFE6FD728FB6FB400000222F72D62FE30408082D1
12487C163D1181148011C3B218856D88EFFF00DFFE6FD727FB6FB400000222F72D62FE30408082D2
124880163D0481147311C3B318856288CFFF00DFFE6FD727FB6FB400000122F72D62FE30408082D3
12487C163CF981148711C3B718856288AFFF00DFFF6FD727FB6FB400000222F72D62FE30408082D4
124880163CEA81148011C3AF188562889FFF00CFFE6FD727FB6FB400000222F72D62FE30408072D5
124884163CDB81148711C3B218855C888FFF00CFFE6FD726FB6FB400000222F72D62FE30408082D6
124880163CCD81148711C3B318855D886FFF00CFFE6FD725FB6FB400000122F72D62FE30408082D7
124889163CC581148711C3B7188557886FFF00CFFE6FD725FB6FB400000022F72D62FE30408082D8
124880163CC081148E11C3AF188556885FFF00DFFE6FD725FB6FB400000122F72D62FE30408082D9
124885163CB381149111C3B7188551883FFF00CFFF6FD725FB6FB400000122F72D62FE30408082DA
124885163CA881148E11C3B318855C883FFF00DFFE6FD725FB6FB400000022F72D62FE30408082DB
124889163CA281149611C3B2188557882FFF00DFFE6FB724FB5FB200000122F72D62FE30408082DC
124889163C9881149611C3B718855C881FFF00CFFE6FD724FB5FB100000122F72D62FE30408082DD
124889163C8E81149611C3B7188557881FFF00CFFE6FC724FB5FB100000122F72D62FE30408082DE
12488D163C8B81149D11C3B318855C881FFF00CFFE6FD724FB5FB100000122F72D62FE30408082DF
12488D163C8081149D11C3B2188557880FFF00CFFE6FD724FB5FB100000222F72D62FE30408082E0
12488D163C7981149F11C3B7188562880FFF00CFFE6FD724FB5FB100000222F72D62FE30408082E1
124889163C7481149D11C3BB18855C87FFFF00CFFE6FD723FB5FB100000222F72D62FE30408082E2
12488D163C6B8114A411C3B718856887FFFF00CFFE6FD723FB5FB100000222F72D62FE30408082E3
124889163C5D8114A411C3BB18856287FFFF00CFFE6FD723FB5FB100000122F72D62FE30408082E4
124891163C568114A411C3B718856887FFFF00CFFE6FD723FB5FB100000222F72D62FE30408082E5
12488D163C4A8114AC11C3BB18856787FFFF00CFFF6FD724FB5FB100000122F72D62FE30408082E6
124889163C458114AC11C3B318856887FFFF00CFFE6FC724FB5FB100000222F72D62FE30408082E7
12488D163C3D8114AC11C3B2188572880FFF00CFFE6FD724FB5FB100000122F72D62FE30408082E8
124889163C2F8114B511C3B718856D880FFF00CFFE6FD724FB5FB100000122F72D62FE30408082E9
124889163C2E8114B311C3B7188578880FFF00CFFF6FD724FB5FB100000122F72D62FE30408082EA
12488D163C258114B311C3BB188572881FFF00CFFE6FC724FB5FB100000122F72D62FE30408082EB
124889163C1B8114B311C3B7188578881FFF00CFFE6FD725FB5FB100000222F72D62FE30408082EC
12488D163C108114BA11C3BB188572881FFF00CFFE6FD726FB4FB100000222F72D62FE30408082ED
12488D163C0D8114BA11C3BB188573882FFF00CFFE6FD726FB5FB100000222F72D62FE30408082EE
124889163C0A8114C211C3BF18857E882FFF00CFFE6FD727FB5FB100000222F72D62FE30408082EF
124889163C018114BD11C3BB18857E882FFF00CFFE6FD727FB5FB100000122F72D62FE30408082F0
124891163BF68114C211C3B718857E884FFF00CFFF6FD728FB4FB100000222F72D62FE30408082F1
12488D163BF48114C211C3BB188578884FFF00CFFF6FD728FB5FB100000222F72D62FE30408082F2
12488D163BF08114C211C3BB188584885FFF00CFFE6FD729FB5FB100000222F72D62FE30408082F3
12488D163BE78114C911C3B718857E885FFF00CFFE6FD729FB5FB100000122F72D62FE30408082F4
12488D163BE78114C911C3B718857E886FFF00CFFE6FD72AFB5FB100000122F72D62FE30408082F5
12488D163BE98114C911C3B7188583887FFF00CFFE6FD72BFB5FB100000122F72D62FE30408082F6
124891163BE28114CB11C3B7188584888FFF00CFFE6FD72BFB5FB100000122F72D62FE30408082F7
124889163BE48114D011C3B7188583889FFF00CFFE6FD72CFB5FB100000222F72D62FE30408082F8
124891163BE58114C911C3B718858988AFFF00CFFE6FD72FFB5FB100000222F72D62FE30408082F9
12488D163BDD8114D811C3B318858488BFFF00DFFE6FD72FFB5FB100000122F72D62FE30408082FA
12488D163BE18114D011C3B718857E88CFFF00DFFE6FD72FFB5FB100000222F72D62FE30408082FB
12488D163BE78114D811C3B318858F88DFFF00DFFF6FD732FB5FB100000222F72D62FE30408082FC
124889163BEC8114D811C3B218858388FFFF00DFFE6FD732FB5FB100000122F72D62FE30408082FD
124891163BF78114D811C3B318858988FFFF00CFFF6FD732FB5FB100000222F72D62FE30408082FE
12488D163BF98114DA11C3B2188583890FFF00DFFE6FD734FB5FB100000122F72D62FE30408082FF
12488D163BF88114DF11C3B3188589892FFF00DFFE6FD735FB5FB100000122F72D62FE3040808200
12488D163C008114DF11C3B7188584893FFF00DFFE6FD735FB5FB100000122F72D62FE3040808201
124890163C068114DF11C3B3188589894FFF00DFFE6FD737FB5FB100000122F72D62FE3040808202
124889163C0B8114DF11C3AE18857E896FFF00DFFE6FD738FB5FB100000222F72D62FE3040808203
124889163C0A8114E611C3B3188583896FFF00DFFF6FD738FB5FB100000122F72D62FE3040808204
12488D163C0C8114E611C3B2188584898FFF00DFFE6FD73AFB5FB100000122F72D62FE3040808205
12488D163C148114E611C3BB188583899FFF00DFFE6FD73BFB5FB100000222F72D62FE3040808206
12488D163C148114E911C3AE18857E89AFFF00DFFF6FD73BFB5FB100000122F72D62FE3040808207
124891163C158114E611C3B318858389BFFF00DFFE6FD73DFB5FB100000122F72D62FE3040808208
124889163C148114EE11C3AE18858489DFFF00DFFE6FD73FFB5FB100000122F72D62FE3040808209
124891163C128114EE11C3B318858989FFFF00DFFE6FD73FFB5FB100000122F72D62FE304080820A
12488D163C138114EE11C3B21885838A0FFF00DFFE6FD740FB4FB100000122F72D62FE304080820B
12488D163C158114EE11C3AF1885848A1FFF00DFFE6FD741FB5FB200000222F72D62FE304080820C
124889163C108114F511C3B218857E8A3FFF00EFFE6FD741FB5FB200000122F72D62FE304080820D
12488D163C108114F011C3B718857E8A4FFF00EFFE6FC742FB5FB200000122F72D62FE304080820E
124889163C158114F511C3B21885788A6FFF00EFFF6FD743FB5FB200000122F72D62FE304080820F
12488D163C148114F511C3AF1885848A8FFF00EFFE6FC744FB5FB300000122F72D62FE3040808210
12488D163C168114F511C3B21885788A9FFF00EFFE6FD744FB5FB200000222F72D62FE3040808211
12488D163C178114F511C3B318857E8AAFFF00EFFE6FC746FB5FB200000222F72D62FE3040808212
124889163C178114FC11C3B218857E8ACFFF00FFFE6FC747FB5FB200000122F72D62FE3040808213
124889163C148114FC11C3AF18857E8AEFFF00EFFF6FD747FB5FB200000222F72D62FE3040808214
124889163C198114FC11C3B71885788AFFFF00EFFE6FC749FB5FB200000222F72D62FE3040808215
124889163C1981150611C3B31885728B1FFF00EFFE6FD74AFB5FB200000222F72D62FE3040808216
124889163C188114FC11C3B21885788B3FFF00EFFE6FC74AFB5FB200000222F72D62FE3040808217
12488D163C1481150411C3B31885728B4FFF00EFFE6FC74CFB5FB200000122F72D62FE3040808218
124889163C1581150411C3AE1885738B6FFF00FFFE70074CFB5FB200000122F72D62FE3040808219
124889163C1081150411C3B31885738B7FFF00FFFF6FD74DFB5FB200000222F72D62FE304080821A
124889163C1881151211C3B31885788B9FFF00FFFF6FE74EFB5FB200000222F72D62FE304080821B
124889163C1681150411C3AE18856D8BBFFF00FFFE6FD74FFB5FB200000122F72D62FE304080821C
124885163C1681150B11C3AF18856D8BDFFF00FFFE6FD750FB5FB200000122F72D62FE304080821D
124889163C1781150E11C3AE1885738BEFFF00FFFE6FD751FB5FB200000122F72D62FE304080821E
124889163C1481151211C3B31885678C0FFF00FFFE6FD752FB5FB200000222F72D62FE304080821F
124889163C1281151211C3B21885738C2FFF00FFFE6FC752FB5FB200000222F72D62FE3040808220
124880163C1281151211C3B31885688C3FFF00FFFE6FC754FB5FB200000122F72D62FE3040808221
124885163C1681151211C3AE18856D8C6FFF00FFFE6FD755FB5FB200000222F72D62FE3040808222
124885163C0C81151A11C3B71885628C7FFF00FFFE6FC756FB5FB200000222F72D62FE3040808223
124885163C0F81151A11C3B21885678C8FFF00FFFE6FC756FB5FB200000122F72D62FE3040808224
124889163C1281151A11C3B31885628CBFFF010FFF6FC757FB5FB200000122F72D62FE3040808225
124885163C1281152111C3B21885678CCFFF00FFFE6FD758FB5FB200000122F72D62FE3040808226
124885163C0F81151C11C3B31885628CEFFF010FFE6FD758FB5FB200000122F72D62FE3040808227
124885163C0A81152111C3B218855C8D0FFF010FFF6FD759FB5FB200000122F72D62FE3040808228
124885163C0F81152911C3B318855D8D1FFF010FFE6FC759FB5FB200000222F72D62FE3040808229
124885163C0B81152111C3B21885628D3FFF010FFE6FC759FB5FB200000222F72D62FE304080822A
124889163C0881152911C3B318855C8D5FFF010FFE6FC75AFB5FB200000222F72D62FE304080822B
124885163C0881152911C3B718855D8D7FFF010FFE6FC75BFB5FB300000122F72D62FE304080822C
124885163C0881153011C3B318855C8D9FFF010FFF6FC75BFB5FB200000022F72D62FE304080822D
12487C163C0881153011C3B218855D8DBFFF010FFE6FC75CFB5FB200000222F72D62FE304080822E
124884163C0581153211C3B31885568DCFFF010FFE6FC75DFB5FB200000122F72D62FE304080822F
124885163C0A81153011C3B21885578DEFFF010FFE6FC75CFB5FB200000122F72D62FE3040808230
124880163C0A81153711C3B718855C8E0FFF011FFE6FC75CFB5FB200000122F72D62FE3040808231
124885163C0581153711C3B21885518E2FFF011FFE6FC75BFB5FB200000222F72D62FE3040808232
124880163C0681153711C3B31885578E3FFF011FFF6FC75BFB5FB200000122F72D62FE3040808233
124885163C0C81153F11C3AE1885568E5FFF011FFF6FC75BFB5FB200000122F72D62FE3040808234
124880163C0E81153F11C3B31885518E7FFF011FFE6FC75BFB5FB200000222F72D62FE3040808235
124889163C0D81153F11C3B71885518E8FFF011FFE6FD75BFB5FB200000222F72D62FE3040808236
124880163C0D81154611C3B31885578EAFFF010FFE6FC75AFB5FB200000322F72D62FE3040808237
124880163C0D81154111C3B21885568EBFFF011FFF6FC75BFB5FB200000222F72D62FE3040808238
124885163C0A81154611C3B31885578EDFFF011FFF6FC75BFB5FB200000222F72D62FE3040808239
124880163C0581154611C3B21885568EFFFF012FFE6FD75AFB5FB200000122F72D62FE304080823A
124885163C0781154D11C3B31885518F1FFF011FFE6FC75AFB5FB200000222F72D62FE304080823B
124885163C0581154D11C3B71885518F2FFF012FFE6FD75AFB5FB300000222F72D62FE304080823C
124880163C0681154D11C3B71885518F4FFF012FFE6FD75AFB4FB300000122F72D62FE304080823D
124885163C0181155511C3B21885578F5FFF012FFF6FC75AFB4FB200000122F72D62FE304080823E
124885163C0181155511C3B718854B8F7FFF012FFE6FC759FB4FB200000222F72D62FE304080823F
124885163C0381155511C3B21885518F9FFF012FFF6FC759FB4FB200000222F72D62FE3040808240
124880163C0481155711C3B31885568FAFFF012FFE6FC759FB3FB200000222F72D62FE3040808241
124885163C0681155C11C3BB1885518FCFFF012FFE6FC759FB4FB200000222F72D62FE3040808242
124880163C0581155C11C3B31885518FDFFF012FFE6FC759FB4FB200000222F72D62FE3040808243
124880163BFB81155C11C3B718854C8FFFFF012FFF6FC759FB4FB200000222F72D62FE3040808244
124885163BFC81156311C3B2188557901FFF012FFE6FC759FB4FB200000122F72D62FE3040808245
124880163BFE81155C11C3B7188551902FFF012FFF6FC759FB4FB200000122F72D62FE3040808246
124880163BFF81156311C3B2188546904FFF012FFE6FC75AFB4FB200000122F72D62FE3040808247
124880163BF681156311C3B3188551905FFF012FFE6FD75BFB4FB200000122F72D62FE3040808248
124880163BFB81156B11C3B2188551907FFF012FFE6FC75BFB4FB200000122F72D62FE3040808249
124880163BFA81156D11C3BB188546908FFF013FFF6FB75CFB4FB200000222F72D62FE304080824A
124880163BF581156311C3B218854C90AFFF012FFF6FC75DFB4FB200000122F72D62FE304080824B
124880163BF181156B11C3B318855190BFFF013FFE6FD75DFB4FB200000022F72D62FE304080824C
124885163BF281157211C3BB18854C90DFFF013FFE6FC75DFB4FB200000222F72D62FE304080824D
124880163BF081156B11C3AF18854C90EFFF013FFE6FC75EFB4FB200000222F72D62FE304080824E
124885163BEE81157211C3B218854B90FFFF013FFE6FC75FFB4FB200000122F72D62FE304080824F
124885163BE781157911C3B318854C911FFF013FFF6FC75FFB4FB200000122F72D62FE3040808250
12487C163BE481156B11C3B7188546913FFF013FFF6FC760FB4FB200000122F72D62FE3040808251
124885163BE981157911C3B3188546914FFF013FFF6FC761FB4FB200000222F72D62FE3040808252
124880163BDF81157411C3B7188546916FFF013FFE6FC761FB4FB200000122F72D62FE3040808253
12487C163BE181157911C3B7188541917FFF013FFE6FC762FB4FB200000122F72D62FE3040808254
124880163BE181157911C3B2188546918FFF013FFE6FC761FB4FB200000122F72D62FE3040808255
124885163BDC81157911C3B318854691AFFF013FFE6FC762FB5FB200000122F72D62FE3040808256
124880163BD781158111C3B718854191BFFF013FFE6FC763FB5FB200000122F72D62FE3040808257
124880163BDA81157911C3B318854091CFFF014FFE6FC764FB5FB200000222F72D62FE3040808258
124880163BD781157911C3AE18854191EFFF014FFE6FC764FB5FB200000222F72D62FE3040808259
124880163BD281158111C3B318854B91FFFF014FFE6FC765FB5FB200000222F72D62FE304080825A
12487C163BD381158111C3B218853B921FFF014FFE6FC766FB5FB200000122F72D62FE304080825B
12487C163BD281158111C3AF188540923FFF013FFF6FC766FB5FB200000122F72D62FE304080825C
124880163BCD81158311C3B2188541924FFF014FFF6FC766FB5FB200000122F72D62FE304080825D
124884163BCC81158111C3AF18853A925FFF014FFF6FC767FB5FB200000122F72D62FE304080825E
12487C163BC881158111C3B218853B927FFF014FFF6FD767FB5FB200000222F72D62FE304080825F
12487C163BCD81158811C3AF18853A928FFF014FFE6FC768FB5FB200000122F72D62FE3040808260
124880163BC981158811C3B218853B929FFF014FFF6FC769FB5FB200000222F72D62FE3040808261
124880163BC981158111C3AF18853B92BFFF014FFE6FC769FB5FB200000122F72D62FE3040808262
124880163BC481158811C3B218853A92CFFF014FFF6FC769FB5FB200000122F72D62FE3040808263
124880163BCA81158111C3AF18853092DFFF014FFF6FC76AFB5FB200000122F72D62FE3040808264
12487C163BC481158F11C3AE18854092FFFF014FFF6FC76BFB5FB200000222F72D62FE3040808265
12487C163BC181157C11C3B3188536930FFF015FFE6FC76BFB5FB200000122F72D62FE3040808266
124880163BC181159711C3AE18853A931FFF015FFE6FC76CFB5FB200000122F72D62FE3040808267
12487C163BC181158111C3AF18853B933FFF014FFF6FC76DFB4FB200000122F72D62FE3040808268
12487C163BBE81158F11C3AE18852A934FFF014FFF6FC76DFB5FB200000222F72D62FE3040808269
124885163BB981158811C3B318853B935FFF015FFF6FC76EFB5FB200000222F72D62FE304080826A
124880163BB581158F11C3AF188536937FFF015FFE6FC76FFB5FB300000222F72D62FE304080826B
124878163BAF81158811C3B218852A938FFF015FFE6FC76FFB5FB200000122F72D62FE304080826C
124878163BAD81158811C3AF18853093AFFF015FFF6FC76FFB5FB200000122F72D62FE304080826D
12487C163BA981158F11C3B218852F93AFFF015FFF6FC76FFB5FB200000122F72D62FE304080826E
124878163BA781158811C3B318853093CFFF015FFF6FC76FFB6FB200000122F72D62FE304080826F
12487C163BA481158A11C3B218852F93DFFF015FFF6FC770FB6FB200000122F72D62FE3040808270
12487C163B9981158F11C3AF18852A93FFFF015FFE6FC770FB6FB200000122F72D62FE3040808271
124880163B8581158811C3AE18852A940FFF015FFE6FC770FB6FB200000122F72D62FE3040808272
12487C163B7F81158811C3B3188530941FFF015FFF6FC771FB6FB200000222F72D62FE3040808273
124880163B7481158F11C3AE188535943FFF015FFF6FC772FB6FB200000122F72D62FE3040808274
124878163B5D81158811C3B3188525944FFF015FFE6FC772FB6FB200000122F72D62FE3040808275
12487C163B4781158F11C3B2188525944FFF016FFF6FC772FB5FB200000122F72D62FE3040808276
124878163B3781158F11C3B718852A946FFF015FFE6FC773FB6FB200000222F72D62FE3040808277
124878163B2181158811C3AE18852A949FFF015FFE6FC773FB6FB200000122F72D62FE3040808278
12487C163B1481158811C3B718852494AFFF015FFE6FC773FB6FB200000222F72D62FE3040808279
12487C163B0981159211C3B218852594AFFF016FFF6FC773FB6FB200000122F72D62FE304080827A
124878163AF681158811C3AF18852494DFFF016FFE6FC773FB6FB200000122F72D62FE304080827B
124880163AEE81158811C3B718851F94DFFF015FFF6FB774FB6FB200000122F72D62FE304080827C
12487C163ADD81158F11C3B318851E94EFFF016FFE6FC773FB6FB200000122F72D62FE304080827D
12487C163AD581158811C3B218851F950FFF016FFE6FC773FB6FB200000122F72D62FE304080827E
124880163AD081158F11C3B318851A951FFF016FFF6FC774FB6FB200000122F72D62FE304080827F
12487C163AC381158811C3B7188519952FFF016FFF6FC773FB6FB200000022F72D62FE3040808280
12487C163ABA81158811C3B3188514954FFF016FFF6FC773FB6FB200000122F72D62FE3040808281
12487C163AAA81158F11C3B2188513956FFF016FFF6FC773FB6FB200000222F72D62FE3040808282
12487C163AA581158811C3B7188514957FFF016FFE6FC774FB6FB200000022F72D62FE3040808283
12487C163A9A81158A11C3B2188508958FFF016FFE6FC775FB6FB300000122F72D62FE3040808284
12487C163A8F81158811C3B318850F95AFFF016FFF6FC775FB6FB200000122F72D62FE3040808285
12487C163A8981158811C3AE18850395BFFF016FFE6FC775FB6FB300000322F72D62FE3040808286
12487C163A7C81158811C3B318850395DFFF016FFF6FC776FB6FB300000222F72D62FE3040808287
124880163A7581158811C3B21884FD95EFFF016FFF6FC776FB6FB300000122F72D62FE3040808288
124880163A6C81158811C3B318850395FFFF017FFF6FC776FB6FB300000122F72D62FE3040808289
124880163A6881158F11C3B71884FD961FFF017FFE6FC776FB6FB300000122F72D62FE304080828A
124880163A5D81158811C3B71884F8962FFF016FFF6FC776FB6FB300000122F72D62FE304080828B
12487C163A5681158F11C3B21884F3964FFF017FFF6FC776FB6FB300000222F72D62FE304080828C
124880163A5181158111C3B31884F7965FFF017FFF6FC776FB6FB300000322F72D62FE304080828D
124880163A4881158A11C3B21884F3967FFF017FFE6FC776FB6FB300000122F72D62FE304080828E
12487F163A4581158811C3B31884E7968FFF016FFF6FC776FB6FB300000122F72D62FE304080828F
124885163A4281158F11C3B71884ED969FFF017FFE6FC776FB6FB300000222F72D62FE3040808290
124880163A3D81158811C3B31884F296BFFF017FFE6FC776FB6FB300000122F72C62FE3041808291
124880163A4281158811C3B71884ED96CFFF017FFF6FC776FB6FB300000122F72C62FE3040808292
124880163A4281158F11C3B71884F796DFFF017FFF6FC775FB6FB300000222F72C62FE3040808293
124885163A3981158811C3B31884E896EFFF017FFF6FC775FB6FB300000122F72C62FE3040808294
124885163A4081158811C3B71884F2970FFF017FFF6FD775FB6FB300000122F72C62FE3040808295
124880163A3A81158F11C3B31884ED972FFF017FFE6FC775FB6FB300000122F72C62FE3040808296
124880163A3981158A11C3B21884EC972FFF017FFF6FB775FB6FB300000122F72C62FE3040808297
124889163A3E81158F11C3B31884ED974FFF017FFF6FC774FB6FB300000222F72C62FE3040808298
124885163A3981158F11C3B21884E8975FFF017FFF6FD774FB5FB300000222F72C62FE3040808299
124885163A3681158F11C3B71884EC977FFF017FFF6FC774FB6FB300000122F72C62FE304080829A
124885163A3981158811C3B71884F3978FFF017FFF6FC774FB6FB300000122F72C62FE304080829B
124880163A3E81158F11C3B31884E7979FFF017FFE6FC774FB6FB300000122F72C62FE304080829C
124885163A4081158F11C3B21884E297CFFF018FFE6FC774FB6FB300000122F72C62FE304080829D
124885163A4381158F11C3B31884EC97CFFF017FFF6FC774FB5FB300000122F72C62FE304080829E
124885163A4581159711C3B21884E297DFFF017FFF6FC774FB4FB200000022F72C62FE304080829F
124885163A4581158F11C3B71884E797FFFF017FFE6FC773FB5FB200000222F72C62FE30408082A0
124889163A4481159211C3AE1884E8980FFF018FFE6FC773FB5FB200000222F72C62FE30408082A1
124885163A4581158F11C3B31884E7981FFF018FFE6FC773FB5FB200000122F72C62FE30408082A2
124880163A4581159711C3B21884E2983FFF018FFF6FC773FB5FB200000222F72C62FE30408082A3
124885163A4581159711C3B71884E1984FFF018FFF6FC773FB5FB200000222F72C62FE30408082A4
124885163A4581159711C3AE1884E2985FFF018FFF6FC773FB4FB200000222F72C62FE30408082A5
124880163A4281159E11C3B71884E2986FFF018FFF6FC772FB5FB200000122F72C62FE30408082A6
12487C163A4381159711C3AE1884DB987FFF018FFF6FC772FB5FB200000122F72C62FE30408082A7
124874163A4281159E11C3B71884DC989FFF018FFE6FC772FB5FB200000122F72C62FE30408082A8
124874163A4381159E11C3B21884D698BFFF018FFE6FC771FB5FB200000222F72C62FE30408082A9
124868163A4581159E11C3B71884D798BFFF018FFF6FC771FB5FB200000122F72C62FE30408082AA
12485F163A488115A011C3B21884DB98DFFF018FFF6FC771FB5FB200000122F72C62FE30408082AB
124857163A4D81159E11C3B31884DC98EFFF018FFF6FC770FB5FB200000122F72C62FE30408082AC
12484A163A528115AD11C3B71884D698FFFF018FFF6FC770FB5FB200000222F72C62FE30408082AD
12483E163A5181159E11C3B31884D7991FFF018FFE6FC770FB5FB200000222F72C62FE30408082AE
12483A163A4F8115AD11C3B21884D6992FFF018FFF6FC770FB5FB200000122F72C62FE30408082AF
124825163A448115A511C3B71884D7993FFF018FFF6FC770FB5FB200000122F72C62FE30408082B0
124814163A3D8115AD11C3B21884DB995FFF018FFF6FC76FFB5FB200000122F72C62FE30408082B1
12480C163A308115AD11C3B71884DC996FFF019FFE6FC76FFB5FB200000122F72C62FE30408082B2
124804163A298115B411C3B21884D7997FFF019FFE6FC76FFB4FB300000122F72C62FE30408082B3
1247FB163A2A8115AD11C3B31884DB997FFF018FFE6FC76FFB5FB200000122F72C62FE30408082B4
1247F7163A2B8115AF11C3B71884DC999FFF018FFF6FC76FFB5FB200000122F72C62FE30408082B5
1247EF163A338115BB11C3AF1884E199CFFF019FFF6FC76FFB5FB200000122F72C62FE30408082B6
1247EB163A2F8115BB11C3B71884E299CFFF018FFF6FC76FFB5FB100000222F72C62FE30408082B7
1247E7163A338115BB11C3AF1884E799EFFF019FFF6FC76FFB5FB100000122F72C62FE30408082B8
1247E2163A3D8115BB11C3B21884DC99FFFF019FFE6FC770FB5FB100000122F72C62FE30408082B9
1247DE163A4B8115C311C3B71884E799FFFF018FFE6FC770FB5FB100000122F72C62FE30408082BA
1247D6163A528115C311C3B21884E29A0FFF019FFF6FC771FB5FB100000122F72C62FE30408082BB
1247D6163A5B8115C311C3AF1884E19A2FFF019FFF6FC771FB5FB100000122F72C62FE30408082BC
1247C9163A5E8115CA11C3B31884E29A3FFF019FFF6FC772FB5FB100000122F72C62FE30408082BD
1247C5163A6A8115CA11C3B21884E79A4FFF019FFE6FC772FB5FB100000122F72C62FE30408082BE
1247C1163A778115D111C3B71884E29A5FFF019FFE6FC773FB5FB100000222F72C62FE30408082BF
1247C1163A798115D411C3B21884DB9A6FFF019FFE6FC773FB5FB100000122F72C62FE30408082C0
1247B9163A7F8115D111C3BB1884E29A8FFF019FFE6FC773FB5FB100000222F72C62FE30408082C1
1247B0163A858115D911C3B21884E29A9FFF019FFF6FC775FB5FB100000122F72C62FE30408082C2
1247AC163A878115D911C3BB1884E19AAFFF019FFF6FC776FB5FB100000222F72C62FE30408082C3
1247A4163A8E8115E011C3B71884ED9ABFFF019FFF6FC776FB5FB100000222F72C62FE30408082C4
1247A4163A8E8115E711C3BF1884EC9ACFFF019FFE6FC778FB5FB100000222F72C62FE30408082C5
12479C163A8F8115E011C3B71884F39ADFFF019FFE6FC77AFB5FB100000222F72C62FE30408082C6
124798163A918115E711C3BB1884F29AEFFF019FFF6FC77AFB5FB100000222F72C62FE30408082C7
12478F163A8E8115EF11C3BF1884F89B0FFF019FFF6FC77BFB5FB100000222F72C62FE30408082C8
12478F163A8B8115EF11C3BF1884F79B0FFF019FFF6FC77CFB5FB100000122F72C62FE30408082C9
124787163A888115F611C3BB1885099B1FFF019FFF6FC77CFB5FB100000122F72C62FE30408082CA
124783163A878115FD11C3BB1885089B3FFF019FFE6FC77DFB5FB100000222F72C62FE30408082CB
124783163A878115F911C3BB1885149B4FFF019FFE6FC77EFB5FB100000122F72C62FE30408082CC
124776163A7C8115FD11C3BB18851F9B4FFF01AFFE6FC77FFB5FB100000122F72C62FE30408082CD
124772163A7881160511C3BB18851E9B6FFF01AFFF6FC780FB5FB100000022F72C62FE30408082CE
124772163A7181160511C3BB1885309B6FFF019FFF6FC781FB5FB200000122F72C62FE30408082CF
124772163A6B81160C11C3BB1885359B8FFF01AFFF6FC782FB5FB100000222F72C62FE30408082D0
12476A163A5D81161311C3B718853B9B9FFF019FFF6FC782FB5FB100000222F72C62FE30408082D1
124766163A4E81161311C3BB1885409BAFFF019FFE6FC784FB5FB100000222F72C62FE30408082D2
124761163A4281161311C3BB18854C9BAFFF019FFF6FB784FB5FB100000122F72C62FE30408082D3
124766163A3181162211C3B21885569BCFFF01AFFF6FC785FB5FB200000122F72C62FE30408082D4
124761163A1A81162211C3BB1885579BDFFF01AFFF6FC786FB5FB100000122F72C62FE30408082D5
124761163A0481162211C3B71885629BDFFF019FFF6FC787FB5FB100000122F72C62FE30408082D6
12475D1639EF81162A11C3BB18856D9BEFFF01AFFE6FC787FB5FB100000222F72C62FE30408082D7
1247661639DB81163311C3B21885739BFFFF01AFFE6FC789FB5FB100000222F72C62FE30408082D8
1247661639B881163111C3B71885729BFFFF01AFFF6FC78AFB5FB100000122F72C62FE30408082D9
12476E16398F81163811C3B218857E9C0FFF01AFFF6FC78AFB5FB100000222F72C62FE30408082DA
12477616397681164011C3B71885899C1FFF01AFFF6FC78CFB5FB100000222F72C62FE30408082DB
12478316395381164011C3B71885949C1FFF01AFFF6FC78EFB5FB100000122F72C62FE30408082DC
12479316392E81164711C3B71885949C2FFF01AFFE6FC78EFB5FB100000222F72C62FE30408082DD
1247A416390A81164711C3B71885A59C1FFF01AFFE6FC78FFB5FB100000122F72C62FE30408082DE
1247B51638E081164E11C3BF18859F9C2FFF01AFFF6FC791FB5FB100000222F72C62FE30408082DF
1247C51638B981165611C3C31885BB9C3FFF01AFFF6FC791FB5FB100000122F72C62FE30408082E0
1247D616388B81165D11C3C71885C69C2FFF01AFFF6FC793FB5FB100000122F72C62FE30408082E1
1247EB16386881165D11C3CB1885D19C1FFF01AFFF6FC795FB5FB100000122F72C62FE30408082E2
1247FB16383A81165D11C3CF1885C69C2FFF019FFF6FC795FB5FB100000022F72C62FE30408082E3
12480416381381166C11C3D71885CC9C1FFF01AFFE6FC796FB5FB100000122F72C62FE30408082E4
1248141637EC81166C11C3DB1885E29C0FFF01AFFF6FB798FB5FB100000122F72C62FE30408082E5
12481D1637C081166E11C3E31885ED9C0FFF01AFFF6FC799FB5FB100000122F72C62FE30408082E6
12482516379681167311C3F01885ED9BFFFF01AFFF6FC79AFB6FB100000222F72C62FE30408082E7
12483116377181167A11C3EF1885FE9BEFFF01AFFE6FB79DFB6FB100000122F72C62FE30408082E8
12483A16374A81167A11C3F81885FE9BDFFF01AFFF6FC79DFB6FB100000222F72C62FE30408082E9
12484616372D81168211C3F71886049BCFFF01AFFE6FC79EFB6FB100000222F72C62FE30408082EA
12484F16370881169011C3FC1886099BBFFF01AFFF6FC7A1FB6FB100000222F72C62FE30408082EB
1248631636EF81168911C3FB1886159BAFFF01AFFF6FB7A2FB6FB100000122F72C62FE30408082EC
1248741636CF81169011C4041886149B9FFF019FFF6FC7A2FB6FB100000122F72C62FE30408082ED
1248851636B081169011C40318862B9B7FFF019FFF6FC7A5FB5FB100000122F72C62FE30408082EE
12489116369681169F11C4001886309B7FFF01AFFF6FC7A7FB6FB100000122F72C62FE30408082EF
12489E16368081169F11C3FF1886309B5FFF019FFE6FC7A7FB6FB100000122F72D62FE30418082F0
1248A61636648116A611C4001886479B4FFF01AFFE6FC7A9FB6FB100000122F72D62FE30408082F1
1248B21636518116A611C3FF1886579B2FFF019FFF6FC7ABFB6FB100000222F72D62FE30408082F2
1248B716363E8116AE11C3FC18865D9B1FFF019FFF6FC7ABFB6FB100000222F72D62FE30408082F3
1248BF16362D8116AE11C3FF1886629AFFFF019FFF6FB7ADFB6FB100000122F72D62FE30408082F4
1248BF1636228116B511C4041886639AEFFF019FFF6FB7AFFB6FB100000222F72D62FE30408082F5
1248C316360D8116BC11C3FB18866E9ADFFF019FFE6FC7AFFB6FB100000122F72D62FE30408082F6
1248CB1635FD8116BC11C40018867E9ABFFF019FFF6FC7B1FB6FB100000122F72D62FE30408082F7
1248C71635F08116C611C3FB1886849AAFFF019FFF6FB7B4FB6FB100000222F72D62FE30408082F8
1248CB1635EA8116CB11C3FC1886959A8FFF019FFF6F97B4FB6FB100000122F72D62FE30408082F9
1248C31635E88116CB11C3F71886959A7FFF019FFF6FB7B5FB6FB100000122F72D62FE30408082FA
1248C71635E88116CB11C3F41886959A5FFF019FFF6FB7B7FB6FB100000122F72D62FE30408082FB
1248CB1635F38116DA11C3F71886B09A4FFF019FFE6FB7B8FB6FB100000122F72D62FE30408082FC
1248C71635F78116D211C3F41886AC9A3FFF019FFE6FB7B8FB6FB100000122F72D62FE30408082FD
1248CB1635FE8116E111C3EF1886AB9A0FFF019FFF6FB7BAFB6FB100000222F72D62FE30408082FE
1248C31636138116E111C3F01886B699FFFF019FFF6FB7BBFB5FB200000122F72D62FE30408082FF
1248C316362D8116E111C3F31886B799DFFF019FFF6FB7BBFB5FB200000222F72D62FE3040808200
1248BB1636438116E811C3F41886B699BFFF019FFF6FB7BDFB5FB200000222F72D62FE3040808201
1248BF1636628116F011C3F31886B1999FFF018FFE6FB7BEFB5FB200000122F72D62FE3040808202
1248B216367D8116E811C3FC1886B0997FFF018FFE6FB7BEFB5FB200000222F72D62FE3040808203
1248BF1636958116F711C3FB1886B6994FFF018FFF6FB7BFFB5FB200000222F72D62FE3040808204
1248BF1636B38116F711C4001886AC992FFF019FFF6FB7C0FB5FB200000222F72D62FE3040808205
1248BB1636CE8116F711C4031886B698FFFF018FFF6FB7C0FB5FB200000222F72D62FE3040808206
1248B21636E48116FE11C4081886B198BFFF018FFE6FB7C2FB5FB200000122F72D62FE3040808207
1248AE1636FC81170611C4071886BC988FFF018FFE6FB7C3FB5FB200000222F72D62FE3040808208
1248A616370A81170611C4081886B6984FFF018FFE6FB7C4FB5FB200000122F72D62FE3040808209
1248A216371F81170611C4071886B1980FFF018FFF6FB7C5FB5FB200000122F72D62FE304080820A
12489916373C81170611C4041886B697CFFF017FFF6FB7C6FB5FB200000222F72D62FE304080820B
12489E16374C81170D11C4031886BC976FFF017FFF6FB7C6FB5FB200000122F72D62FE304080820C
12489916375E81171411C4041886BC971FFF017FFF6FB7C7FB5FB200000222F72D62FE304080820D
12489C16376E81171011C3FF1886C196BFFF017FFE6FB7C8FB5FB200000122F72D62FE304080820E
1248A216377981171411C4001886C8965FFF017FFE6FB7C8FB5FB200000222F72D62FE304080820F
12489E16378781171C11C3F71886CC95EFFF016FFF6FB7C9FB5FB200000222F72D62FE3040808210
1248A216378E81171411C3FC1886D2958FFF016FFF6FB7CAFB5FB200000122F72D62FE3040808211
1248A216379381172311C3FB1886D3951FFF016FFF6FB7CAFB5FB200000122F72D62FE3040808212
12489E16379881171411C3F81886D294AFFF015FFE6FB7CAFB5FB200000122F72D62FE3040808213
12489E1637A681172311C3F71886D3943FFF015FFE6FB7CCFB5FB200000122F72D62FE3040808214
1248A61637AD81172311C3F41886D293BFFF015FFE6FB7CCFB5FB200000122F72D62FE3040808215
12489E1637B281172311C3F71886D2933FFF015FFF6FB7CDFB5FB200000222F72D62FE3040808216
1248A21637BB81172B11C3F41886D392CFFF014FFF6FB7CEFB5FB200000122F72D62FE3040808217
1248A21637C181172311C3F01886D2924FFF014FFF6FB7CEFB6FB000000222F72D62FE3040808218
1248A61637CE81172B11C3F31886CC91BFFF014FFF6FB7CFFB6FB000000122F72D62FE3040808219
1248A61637D281172B11C3F01886D3914FFF013FFE6FC7D0FB6FB000000122F72D62FE304080821A
1248A61637DD81173211C3F31886D290CFFF013FFE6FB7D0FB6FB000000022F72D62FE304080821B
1248A61637E481173211C3F01886D3904FFF013FFF6FB7D0FB6FB000000222F72D62FE304080821C
1248A61637ED81172B11C3EF1886CC8FCFFF012FFF6FB7D1FB6FB000000022F72D62FE304080821D
1248AA1637F081173211C3F01886D28F4FFF011FFF6FB7D2FB6FB000000122F72D62FE304080821E
1248AA1637FC81173211C3EF1886D38ECFFF011FFF6FB7D2FB6FB000000122F72D62FE304080821F
1248AA16380781173911C3EC1886CC8E4FFF010FFF6FB7D2FB6FB000000122F72D62FE3040808220
1248AA16381181173211C3EB1886CD8DEFFF011FFF6FB7D3FB6FB000000122F72D62FE3040808221
1248AE16381B81173211C3F01886CC8D7FFF011FFF6FB7D3FB6FB000000122F72D62FE3040808222
1248AE16382581173911C3EB1886D28CFFFF010FFF6FB7D4FB6FB000000222F72D62FE3040808223
1248AE16383381173911C3EC1886C88C8FFF010FFF6FB7D4FB6FB000000222F72D62FE3040808224
1248B216383781173911C3EB1886C78C1FFF00FFFF6FB7D5FB6FB000000222F72D62FE3040808225
1248B716384681173911C3E81886C78BBFFF00FFFE6FB7D4FB6FB000000222F72D62FE3040808226
1248AE16384E81173911C3EB1886C28B5FFF00FFFF6FB7D5FB6FB000000322F72D62FE3040808227
1248B716385881173911C3E81886C78AFFFF00EFFF6FB7D5FB6FB000000222F72D62FE3040808228
1248BB16386281173911C3EB1886C88A9FFF00EFFF6F97D5FB6FB000000222F72D62FE3040808229
1248B716387481173911C3E81886C78A4FFF00EFFF6FB7D6FB6FB000000222F72D62FE304080822A
1248AE16387981174311C3EB1886C789EFFF00EFFF6FB7D6FB6FB000000222F72D62FE304080822B
1248B216388081173911C3E81886C2899FFF00EFFE6FB7D6FB6FB000000122F72D62FE304080822C
1248B216388E81173911C3E31886C1895FFF00DFFE6FB7D7FB6FB000000222F72D62FE304080822D
1248B216389D81173911C3E01886C288FFFF00DFFF6FB7D7FB6FB000000222F72D62FE304080822E
1248AE1638A181174111C3E31886C788BFFF00DFFF6FB7D7FB6FB100000222F72D62FE304080822F
1248B21638AC81173911C3E81886C7887FFF00DFFF6FB7D7FB5FB100000222F72D62FE3040808230
1248AE1638B881174111C3DB1886C2883FFF00CFFE6FB7D8FB5FB100000222F72D62FE3040808231
1248B91638C281173911C3E01886C187FFFF00CFFF6FB7D8FB5FB100000222F72D62FE3040808232
1248B21638C881173911C3DB1886BC87DFFF00CFFE6FB7D8FB5FB100000222F72D62FE3040808233
1248BB1638D581174111C3DB1886C8878FFF00CFFF6FB7D9FB5FB100000222F72D62FE3040808234
1248B21638D981174111C3DB1886C1875FFF00CFFF6FB7D8FB5FB100000122F72D62FE3040808235
1248BB1638E081173911C3D71886BC872FFF00BFFF6FB7D9FB5FB100000222F72D62FE3040808236
1248B71638EA81174111C3D71886B686FFFF00CFFF6FB7D9FB5FB100000222F72D62FE3040808237
1248B71638F081174111C3DB1886B086CFFF00BFFE6FB7D9FB5FB100000122F72D62FE3040808238
1248BB1638F581173911C3D71886B186AFFF00BFFE6FB7D9FB5FB100000222F72D62FE3040808239
1248B71638F781174111C3D71886AB867FFF00BFFF6FA7D9FB5FB100000122F72D62FE304080823A
1248B71638F781174111C3D71886AC865FFF00BFFF6FB7DAFB5FB100000122F72D62FE304080823B
1248BB1638FE81173911C3DB1886A5863FFF00AFFE6FB7DAFB5FB100000222F72D62FE304080823C
1248B71638FA81174111C3D31886AB861FFF00AFFE6FB7DAFB5FB100000222F72D62FE304080823D
1248BB1638F781173911C3D71886A085FFFF00BFFF6FB7DAFB5FB100000222F72D62FE304080823E
1248BB1638E881174111C3D71886A085EFFF00BFFF6FB7DAFB5FB100000222F72D62FE304080823F
1248B71638E081173211C3D718869B85DFFF00BFFF6FB7DAFB5FB100000122F72D62FE3040808240
1248B71638D381173911C3D71886A085CFFF00BFFF6FB7DAFB5FB100000122F72D62FE3040808241
1248BB1638C881173911C3D718869585BFFF00AFFF6FB7DAFB5FB100000122F72D62FE3040808242
1248B71638BE81173211C3D318869B859FFF00AFFF6FB7DBFB5FB100000222F72D62FE3040808243
1248B71638AC81173211C3D718868F859FFF00AFFE6FB7DBFB5FB100000122F72D62FE3040808244
1248AE16389781173211C3D3188689858FFF00AFFE6FB7DBFB5FB100000122F72D62FE3040808245
1248B216388781173911C3D3188684857FFF00AFFF6FB7DBFB5FB100000122F72D62FE3040808246
1248B216387181173211C3D318867E857FFF00AFFF6FB7DBFB5FB100000122F72D62FE3040808247
1248B216385B81173211C3D3188674857FFF00AFFF6FB7DBFB5FB200000122F72D62FE3040808248
1248B216384381172B11C3D7188668857FFF00AFFE6FB7DBFB5FB200000222F72D62FE3040808249
1248AE16382681173511C3CF188662856FFF00AFFE6FB7DCFB5FB200000222F72D62FE304080824A
1248AA16380C81172B11C3D3188658856FFF00BFFF6FB7DCFB5FB200000122F72D62FE304080824B
1248AE1637EE81172B11C3D318864C856FFF00AFFF6FB7DCFB5FB200000122F72D62FE304080824C
1248AE1637CC81172B11C3D7188636857FFF00AFFF6FB7DCFB5FB200000122F72D62FE304080824D
1248AA1637AC81172B11C3D7188636856FFF00AFFF6FB7DCFB5FB200000122F72D62FE304080824E
1248AE16378E81172B11C3D318862B857FFF00AFFF6FB7DCFB5FB200000122F72D62FE304080824F
1248AA16376C81172311C3D718862B857FFF00AFFF6FB7DCFB5FB200000122F72D62FE3040808250
1248AA16374881172B11C3D3188620858FFF00AFFF6FB7DCFB4FB200000022F72D62FE3040808251
1248AE16372D81172311C3D718861A859FFF00AFFF6FB7DCFB5FB200000222F72D62FE3040808252
1248B216370C81172311C3D318861A859FFF00AFFF6FB7DBFB5FB200000122F72D62FE3040808253
1248B11636E581172311C3D718860985AFFF00BFFF6FB7DBFB5FB200000122F72D62FE3040808254
1248AE1636C881172311C3D318860F85BFFF00BFFF6FB7DBFB5FB200000122F72D62FE3040808255
1248B21636AF81172311C3D718860F85CFFF00BFFE6FB7DBFB5FB200000122F72D62FE3040808256
1248B216369981171C11C3D318860485DFFF00AFFF6FB7DBFB5FB200000122F72D62FE3040808257
1248AE16368C81172311C3D318860485EFFF00AFFF6F97DBFB5FB200000022F72D62FE3040808258
1248AE16368081171C11C3D718860485FFFF00AFFF6FB7DBFB5FB200000122F72D62FE3040808259
1248B216367E81171C11C3D7188604860FFF00AFFF6FB7DBFB5FB200000222F72D62FE304080825A
1248AA16368281171C11C3D71885FE862FFF00BFFF6FB7DBFB5FB200000022F72D62FE304080825B
1248A616369081171C11C3D71885F9863FFF00AFFE6FB7DAFB5FB200000122F72D62FE304080825C
12489E1636A681171C11C3DB1885FE864FFF00AFFF6FB7D9FB5FB200000122F72D62FE304080825D
1248951636B881171411C3DB188604866FFF00BFFF6FB7D9FB5FB200000122F72D62FE304080825E
1248951636BF81171C11C3D71885F9868FFF00BFFF6FB7D9FB5FB200000122F72D62FE304080825F
12488D1636BE81171411C3DB1885FE868FFF00BFFF6FB7D8FB4FB300000122F72D62FE3040808260
1248911636B181171411C3D71885F986BFFF00BFFF6FB7D8FB4FB300000222F72D62FE3040808261
12488916369E81171411C3DB1885F986CFFF00BFFE6FB7D7FB4FB300000122F72D62FE3040808262
12488D16368A81171411C3D71885FE86DFFF00BFFF6FA7D7FB4FB300000122F72D62FE3040808263
12488516367981171411C3DB1885FE86FFFF00BFFF6FB7D7FB4FB300000122F72D62FE3040808264
12488916366A81171411C3D71885F9871FFF00BFFF6FB7D7FB4FB300000222F72D62FE3040808265
12488916366381171711C3D71885F3872FFF00CFFF6FB7D6FB4FB300000122F72D62FE3040808266
12488516365681171411C3D71885F3874FFF00CFFF6FB7D6FB4FB300000222F72D62FE3040808267
12488016364B81171C11C3DB1885ED877FFF00BFFE6FB7D5FB4FB300000122F72D62FE3040808268
12487C16364681171C11C3DF1885ED878FFF00BFFF6FB7D4FB4FB300000222F72D62FE3040808269
12487C16364081171411C3D71885E8879FFF00CFFF6FB7D5FB4FB300000122F72D62FE304080826A
12487416363E81171411C3DB1885E887BFFF00CFFF6FB7D4FB4FB300000222F72D62FE304080826B
12487416364181170611C3DB1885E287DFFF00CFFF6FA7D3FB4FB300000122F72D62FE304080826C
1248631636468116FE11C3DB1885E887FFFF00CFFE6FB7D3FB4FB300000222F72D62FE304080826D
12485F16364B8116F011C3DB1885E2881FFF00CFFE6FB7D3FB4FB300000222F72D62FE304080826E
12484F1636588116F011C3DB1885ED883FFF00CFFF6FB7D1FB4FB300000122F72D62FE304080826F
12484216365C8116F711C3DB1885E2885FFF00CFFE6FB7D0FB4FB300000122F72D62FE3040808270
12483116366B8116F011C3E01885E8887FFF00CFFF6FB7CFFB4FB300000122F72D62FE3040808271
12482D1636778116F011C3DB1885E8889FFF00CFFF6FB7CEFB4FB300000222F72D62FE3040808272
12481816368D8116F711C3E01885DD88BFFF00CFFF6FB7CDFB4FB300000222F72D62FE3040808273
12480816369B8116F711C3DB1885E888DFFF00CFFF6FB7CCFB4FB300000122F72D62FE3040808274
1248001636A58116F011C3E01885DD88FFFF00DFFF6FB7CBFB4FB300000222F72D62FE3040808275
1247EF1636B78116F711C3DB1885D7891FFF00DFFF6FB7CAFB4FB300000222F72D62FE3040808276
1247DE1636C38116E811C3DB1885CC893FFF00DFFF6FB7CAFB4FB300000222F72D62FE3040808277
1247D21636CD8116F011C3DB1885CC895FFF00DFFF6FB7C9FB3FB300000122F72D62FE3040808278
1247C51636CF8116E111C3E01885C6898FFF00EFFE6FB7C7FB3FB200000122F72D62FE3040808279
1247B51636D38116DA11C3DF1885C1899FFF00EFFF6FB7C7FB3FB200000222F72D62FE304080827A
1247A41636D58116E111C3DB1885B589BFFF00DFFF6FB7C6FB3FB200000222F72D62FE304080827B
12479C1636DC8116DA11C3DF1885AB89DFFF00DFFF6FB7C4FB3FB200000222F72D62FE304080827C
12478B1636DC8116D511C3E018859F8A0FFF00EFFF6FB7C4FB3FB200000222F72D62FE304080827D
1247761636E18116E111C3DF1885948A2FFF00EFFF6FB7C3FB3FB200000222F72D62FE304080827E
1247661636E48116DA11C3DB1885898A3FFF00EFFE6FB7C2FB3FB200000222F72D62FE304080827F
1247511636E18116DA11C3E318857E8A6FFF00EFFE6FB7C1FB3FB200000222F72C62FE3041808280
1247401636E28116DA11C3DB1885728A8FFF00EFFF6FB7C1FB3FB200000122F72C62FE3040808281
1247301636E18116D211C3DF1885628AAFFF00FFFE6FB7C0FB3FB200000122F72C62FE3040808282
12471B1636EB8116D211C3E01885518ACFFF00EFFF6FB7BFFB3FB200000222F72C62FE3040808283
1247121636F68116CB11C3DB18854B8AFFFF00EFFF6FB7BFFB3FB200000122F72C62FE3040808284
1246FE1636F68116D211C3E01885368B0FFF00EFFF6FB7BDFB3FB200000122F72C62FE3040808285
1246ED1636FB8116C411C3DF18852A8B3FFF00FFFF6FB7BCFB3FB200000122F72C62FE3040808286
1246DC1636FE8116C411C3E01885258B5FFF00FFFF6FB7BCFB3FB200000122F72C62FE3040808287
1246CC1637098116C411C3DF1885138B6FFF00FFFF6FB7BBFB3FB200000122F72C62FE3040808288
1246BB16370D8116CB11C3E41885038B9FFF00FFFF6FB7BAFB3FB200000222F72C62FE3040808289
1246AA16370D8116BC11C3DF1884FD8BBFFF00FFFF6FB7BAFB3FB200000122F72C62FE304080828A
12469E1637108116CB11C3DB1884FE8BDFFF00FFFF6FA7BAFB3FB200000122F72C62FE304080828B
1246901637158116BC11C3DF1884E78BFFFF00FFFF6FB7B9FB3FB200000222F72C62FE304080828C
12468116371A8116C411C3E01884E28C2FFF00FFFF6FE7B9FB3FB200000122F72C62FE304080828D
1246741637198116BC11C3DF1884E28C4FFF00FFFF6FB7B8FB3FB200000222F72C62FE304080828E
12466C16371E8116BC11C3DB1884D68C6FFF010FFF6FB7B7FB3FB200000222F72C62FE304080828F
12466416371C8116BC11C3DF1884DC8C8FFF00FFFF6FB7B8FB3FB200000122F72C62FE3040808290
12465B16371F8116B811C3E01884CB8CAFFF00FFFE6FB7B7FB4FB200000222F72C62FE3040808291
1246531637248116B511C3DB1884D18CCFFF010FFF6FB7B6FB4FB200000122F72C62FE3040808292
12464F1637238116AE11C3E01884D08CFFFF00FFFF6FB7B6FB4FB200000222F72C62FE3040808293
12464B1637248116B511C3DB1884CC8D1FFF010FFF6FA7B6FB4FB200000122F72C62FE3040808294
1246431637318116B511C3E01884D08D4FFF011FFF6FB7B5FB4FB200000122F72C62FE3040808295
12463E1637358116B511C3DF1884CC8D5FFF010FFF6FB7B5FB4FB200000122F72C62FE3040808296
12463A1637388116B511C3DB1884CB8D7FFF010FFF6FB7B5FB4FB200000122F72C62FE3040808297
1246321637378116B511C3DF1884CC8DAFFF011FFE6FB7B5FB4FB200000122F72C62FE2F41808298
1246321637358116AE11C3E41884C58DCFFF011FFE6FB7B4FB4FB200000222F72C62FE2F40808299
1246281637358116B511C3DB1884CC8DEFFF011FFF6FB7B4FB4FB200000122F72C62FE2F4080829A
12462E1637328116AE11C3DB1884CC8E0FFF010FFF6FB7B4FB4FB200000122F72C62FE2F4080829B
12462A1637338116AE11C3DF1884CB8E3FFF011FFF6FB7B4FB3FB200000222F72C62FE2F4080829C
12462E1637328116A611C3E01884C68E4FFF011FFE6FA7B4FB4FB200000222F72C62FE2F4080829D
1246361637338116AE11C3DB1884CB8E6FFF011FFF6FB7B4FB4FB200000022F72C62FE2F4080829E
12463A1637328116AE11C3E01884CC8E8FFF010FFF6F97B4FB4FB200000122F72C62FE2F4080829F
12464B1637338116A611C3DF1884D08EBFFF011FFF6FB7B4FB4FB200000122F72C62FE2F408082A0
1246531637328116AE11C3E01884D18EDFFF012FFF6FB7B3FB4FB200000122F72C62FE2F408082A1
1246531637298116B511C3DF1884CB8EFFFF011FFF6FB7B3FB4FB200000222F72C62FE2F408082A2
12464B1637238116A911C3E01884D78F1FFF011FFF6FB7B3FB4FB200000122F72C62FE2F408082A3
12464B16371E8116AE11C3DF1884DB8F4FFF011FFF6FB7B3FB4FB200000122F72C62FE2F408082A4
1246471637198116AE11C3E01884E28F6FFF011FFF6FB7B3FB4FB200000122F72C62FE2F408082A5
12465716370C8116AE11C3DB1884EC8F7FFF012FFF6FB7B3FB4FB200000022F72C62FE2F408082A6
1246701636F98116A611C3E01884F88F9FFF012FFF6FB7B3FB4FB200000122F72C62FE2F408082A7
1246901636D98116AE11C3DF1885088FCFFF012FFF6FB7B2FB4FB200000222F72C62FE2F408082A8
12469E1636BA8116AE11C3E418851A8FEFFF012FFE6FB7B2FB4FB300000122F72C62FE2F408082A9
1246961636948116AE11C3DF1885308FFFFF012FFE6FB7B3FB5FB300000122F72C62FE2F408082AA
1246BB1636718116AE11C3DB188540902FFF012FFE6FB7B2FB5FB300000022F72C62FE2F408082AB
1246F11636498116AE11C3DB188562904FFF012FFF6FB7B2FB5FB300000122F72C62FE2F408082AC
12471716362B8116A611C3E4188578905FFF012FFF6FB7B2FB5FB300000022F72C62FE2F408082AD
1247441636068116B511C3DF188594908FFF013FFF6FB7B3FB5FB300000122F72C62FE2F408082AE
1247661635E28116AE11C3E01885B090AFFF012FFF6FB7B3FB5FB300000022F72C62FE2F408082AF
12478B1635B78116AE11C3DB1885CC90CFFF013FFE6FB7B3FB5FB300000022F72C62FE2F408082B0
1247AC16357E8116B511C3E01885E890DFFF013FFF6FB7B3FB5FB300000122F72C62FE2F408082B1
1247BD1635458116AE11C3DF1885F990FFFF013FFF6FB7B3FB5FB300000122F72C62FE2F408082B2
1247D616350D8116AE11C3DB1885FE911FFF013FFF6FB7B3FB5FB300000222F72C62FE2F408082B3
1247EB1634DA8116B511C3DF188615913FFF013FFF6FB7B3FB5FB300000122F72C62FE2F408082B4
1247DE1634A48116B011C3DB188625915FFF013FFF6FB7B2FB5FB300000222F72C62FE2F408082B5
1247C91634708116BC11C3DF188625917FFF013FFE6FB7B2FB5FB300000122F72C62FE2F408082B6
1247C91634398116B511C3DB188620919FFF014FFF6FB7B2FB4FB300000022F72C62FE2F408082B7
1247D61634028116BC11C3DB18862591BFFF013FFF6FB7B2FB5FB300000122F72C62FE2F408082B8
1247D21633BF8116B511C3DB18862B91DFFF013FFF6FB7B2FB5FB300000122F72C62FE2F408082B9
1247E71633888116BC11C3DF18862B91FFFF014FFF6FB7B2FB5FB300000022F72C62FE2F408082BA
1248081633548116BC11C3DB18862B920FFF014FFE6FB7B1FB5FB300000222F72C62FE2F408082BB
12481D1633398116C411C3DB18862B922FFF014FFE6FB7B2FB5FB300000222F72C62FE2F408082BC
12482D16333B8116C411C3DB188630924FFF014FFF6FB7B1FB5FB300000122F72C62FE2F408082BD
1248361633498116C411C3DB18863C926FFF014FFF6FB7B1FB5FB300000022F72C62FE2F408082BE
12484616335C8116C411C3DB188641927FFF014FFF6FA7B1FB5FB300000122F72C62FE2F408082BF
1248461633618116CB11C3D7188652929FFF014FFF6FB7B1FB5FB300000122F72C62FE2F408082C0
12484F1633648116CB11C3DB18865292BFFF014FFE6FB7B0FB4FB300000122F72C62FE2F408082C1
12485B1633698116CB11C3D718865D92CFFF014FFE6FB7AFFB4FB200000022F72C62FE2F408082C2
12485B16336F8116D211C3D718866392EFFF014FFF6FB7AFFB4FB200000122F72C62FE2F408082C3
12485B1633788116D211C3D318866892FFFF014FFF6FB7AEFB3FB200000122F72C62FE2F408082C4
1248571633898116DA11C3D718866E930FFF015FFF6FB7AEFB4FB200000122F72C62FE2F408082C5
12485B1633A98116D211C3D3188668932FFF015FFF6FB7AEFB4FB200000222F72C62FE2F408082C6
1248571633DC8116DA11C3D3188679933FFF014FFE6FB7ADFB4FB200000122F72C62FE2F408082C7
12485316340F8116E111C3CF188674934FFF014FFE6FA7ADFB4FB200000222F72C62FE2F408082C8
12485716342E8116E411C3D318867E935FFF015FFF6FB7ADFB4FB200000222F72C62FE30418082C9
12485316342E8116E111C3D3188679936FFF014FFF6FB7ACFB3FB200000222F72C62FE30408082CA
1248531634118116E111C3CB18867E937FFF015FFF6FA7ACFB4FB200000222F72C62FE30408082CB
1248571633F68116F011C3CF188684938FFF015FFF6FB7ACFB4FB200000122F72C62FE30408082CC
12485F1633EF8116E811C3CF18868A939FFF015FFE6FB7ACFB4FB200000122F72C62FE30408082CD
12486C1633EF8116F011C3CB188689939FFF014FFE6FA7ACFB4FB200000122F72C62FE30408082CE
1248681633EC8116F711C3CF18868A939FFF015FFF6FB7ACFB4FB200000222F72C62FE30408082CF
1248701633F98116F711C3CB18868993AFFF015FFF6FA7ACFB4FB200000122F72C62FE30408082D0
12487016341C8116F711C3CB18868F93AFFF015FFF6FB7ADFB4FB200000122F72C62FE30408092D1
12487416344C8116F711C3D318869093AFFF015FFF6FA7ADFB4FB200000222F72C62FE30408082D2
1248801634A181170611C3CF18868F93BFFF015FFF6FA7ADFB4FB200000222F72C62FE30408082D3
12487C1635138116FE11C3CB18869093BFFF015FFE6F97AEFB4FB200000122F72C62FE30408082D4
12487C16358981170611C3CB18868F93BFFF015FFF6FB7AEFB4FB200000122F72C62FE30408082D5
12487C1635F581170D11C3CB18868F93BFFF015FFF6FB7AFFB4FB200000122F72C62FE30408082D6
12488016366381170D11C3CF18869093BFFF015FFF6FA7B0FB4FB200000222F72C62FE30408082D7
1248841636D681170D11C3C718868F93BFFF015FFF6FA7B0FB4FB200000222F72C62FE30408082D8
12488916374781171411C3CF18869B93BFFF015FFE6FA7B1FB4FB300000122F72C62FE30408082D9
12488D1637AE81171411C3C718868F93BFFF015FFF6FA7B2FB5FB300000122F72C62FE30408082DA
12488D16381081171C11C3CB18869A93AFFF015FFF6FB7B3FB5FB300000222F72C62FE30408082DB
12489516386881171C11C3CF18869B93BFFF015FFF6FB7B3FB5FB300000222F72C62FE30408082DC
1248951638C281172311C3CF18869593BFFF015FFF6FA7B5FB5FB300000222F72C62FE30408082DD
12489116391D81171C11C3C718869A93BFFF015FFF6FA7B6FB5FB300000122F72C62FE30408082DE
12489516397081172B11C3CB18869B93BFFF014FFF6FB7B6FB5FB300000222F72C62FE30408082DF
1248951639C181172311C3CF1886A093BFFF015FFF6FA7B7FB5FB300000122F72C62FE30408082E0
124899163A1281173211C3CF1886A693AFFF015FFF6FA7B9FB5FB300000122F72C62FE30408082E1
124899163A5C81173511C3CB1886AB93BFFF015FFF6FB7B9FB5FB300000122F72C62FE30408082E2
12489E163A9E81173211C3CF1886B093AFFF015FFF6FA7BAFB5FB300000222F72C62FE30408092E3
1248A2163AE081173911C3CF1886AC939FFF015FFF6FA7BBFB5FB300000322F72C62FE30408082E4
1248A6163B1581173911C3CB1886AB93AFFF015FFF6FB7BCFB5FB300000122F72C62FE30408082E5
1248A2163B3681173911C3CF1886B1939FFF015FFE6FA7BDFB5FB300000122F72C62FE30408082E6
1248AA163B5B81174811C3CB1886B6938FFF015FFF6FA7BFFB5FB300000222F72C62FE30408082E7
1248A6163B8081174111C3D31886B0937FFF015FFF6FA7BFFB5FB300000222F72C62FE30408082E8
1248AE163B9B81174811C3CF1886B7936FFF015FFF6FA7C0FB5FB300000122F72C62FE30408082E9
1248AE163BB981174F11C3CF1886C1935FFF015FFF6FA7C2FB5FB300000122F72C62FE30408082EA
1248AE163BD781174F11C3D31886C8934FFF015FFF6FA7C3FB5FB300000222F72C62FE30408082EB
1248B2163BFA81174F11C3D71886D2932FFF014FFE6FA7C3FB5FB300000122F72C62FE30408082EC
1248AE163C2181175711C3D31886D2930FFF015FFF6FA7C5FB5FB300000222F72C62FE30408082ED
1248AE163C4181175711C3D71886DE92EFFF014FFF6FB7C7FB5FB300000222F72C62FE30408082EE
1248B2163C6081175E11C3D71886E392CFFF014FFF6FA7C7FB5FB300000222F72C62FE30408082EF
1248B2163C7781175E11C3D71886E8929FFF014FFF6FA7C8FB5FB300000122F72C62FE30408082F0
1248B2163C8781176511C3DB1886E9927FFF014FFE6FA7C9FB5FB300000122F72C62FE30408082F1
1248AA163C8B81176D11C3E01886E8924FFF014FFF6FA7CAFB5FB200000222F72C62FE30408082F2
1248B2163C9281176511C3DB1886EF920FFF014FFF6F97CCFB5FB200000122F72C62FE30408092F3
1248AE163C9581176D11C3DB1886F391DFFF013FFF6FB7CDFB5FB200000122F72C62FE30408082F4
1248AE163C9981176D11C3DF1886F991AFFF013FFF6FA7CDFB5FB200000222F72C62FE30408082F5
1248AA163CA681177B11C3DB1886F4916FFF014FFF6FA7CFFB5FB200000122F72C62FE30408082F6
1248AE163CB681177411C3DB1886F3912FFF013FFE6FA7D0FB5FB200000122F72C62FE30408082F7
1248B2163CC481177B11C3E01886F390FFFF013FFE6FB7D1FB5FB200000222F72D62FE30418082F8
1248B2163CCB81177B11C3DF1886F490BFFF013FFF6FA7D3FB5FB200000122F72D62FE30408082F9
1248AE163CD881178311C3E01886F9906FFF013FFF6FA7D4FB5FB200000122F72D62FE30408082FA
1248B7163CDF81178311C3DB1886FF902FFF013FFF6FB7D5FB5FB200000122F72D62FE30408082FB
1248B2163CE581178A11C3DB1887048FEFFF012FFF6FA7D6FB5FB200000122F72D62FE30408082FC
1248B5163CF281178A11C3DB1887048F9FFF012FFF6FA7D8FB5FB200000222F72D62FE30408082FD
1248B7163CFD81178A11C3DB1886FF8F6FFF012FFF6FA7D8FB5FB200000222F72D62FE30408082FE
1248B2163D0B81179111C3DB1886FE8F1FFF011FFF6FA7D9FB5FB200000122F72D62FE30408082FF
1248AE163D1281179911C3DB18870A8ECFFF011FFF6FA7DCFB5FB200000222F72D62FE3040808200
1248B2163D1C81179911C3DF1887058E8FFF011FFF6FA7DDFB5FB200000222F72D62FE3040808201
1248B2163D2581179911C3E018870A8E3FFF011FFF6FA7DDFB5FB200000122F72D62FE3040808202
1248AE163D2881179911C3DB18870B8DFFFF011FFF6FA7E0FB5FB200000222F72D62FE3040808203
1248B2163D2B8117A011C3E01886FE8DBFFF010FFE6FA7E0FB5FB200000122F72D62FE3040808204
1248B2163D358117A711C3E71886FE8D6FFF010FFF6FA7E1FB5FB200000122F72D62FE3040808205
1248AE163D438117A011C3E41886FA8D1FFF010FFF6FA7E3FB5FB200000222F72D62FE3040808206
1248B2163D4A8117AF11C3DF1887048CDFFF010FFF6FA7E5FB5FB200000122F72D62FE3040808207
1248AE163D5E8117A711C3E41886F98C9FFF010FFF6FA7E4FB5FB200000122F72D62FE3040808208
1248AE163D6C8117AF11C3E71886FF8C4FFF00FFFF6FA7E6FB5FB200000222F72D62FE3040808209
1248B2163D7E8117AF11C3E81886FE8C0FFF00FFFF6FA7E8FB4FB300000122F72D62FE304080820A
1248B2163D8F8117AF11C3EB1886F48BCFFF00FFFF6FA7E8FB4FB400000222F72D62FE304080820B
1248B2163D9A8117B611C3E81886FE8B7FFF00EFFF6FA7EAFB3FB400000122F72D62FE304080920C
1248B7163DA88117B611C3EB1886F98B3FFF00FFFF6FA7EBFB4FB400000022F72D62FE304080820D
1248B7163DAF8117B611C3E81886F48AFFFF00EFFF6FA7ECFB4FB400000222F72D62FE304080820E
1248B7163DB88117BD11C3E71886F38AAFFF00EFFF6FA7EDFB4FB400000222F72D62FE304080820F
1248B7163DC68117BD11C3EC1886F98A6FFF00EFFF6FC7EEFB4FB400000122F72D62FE3040808210
1248B7163DD28117C011C3EB1886FA8A2FFF00EFFF6FA7EFFB4FB400000222F72D62FE3040808211
1248B2163DDB8117C511C3E81886F389EFFF00DFFF6FA7EFFB4FB400000122F72D62FE3040809212
1248B7163DEA8117BD11C3EB1886F489AFFF00DFFF6FA7F1FB3FB400000022F72D62FE3040808213
1248B7163DEE8117C511C3E81886F3896FFF00DFFF6FA7F1FB4FB400000122F72D62FE3040809214
1248B7163DFD8117C511C3EB1886EE892FFF00DFFF6FA7F2FB4FB400000122F72D62FE3040808215
1248BB163E028117C511C3E81886F488FFFF00DFFE6FA7F4FB4FB400000122F72D62FE3040808216
1248B7163E0D8117CC11C3EB1886F388BFFF00CFFF6FA7F4FB4FB400000122F72D62FE3040808217
1248B7163E118117CC11C3E81886EE886FFF00CFFF6FA7F5FB4FB400000122F72D62FE3040809218
1248B7163E148117CC11C3EC1886EF883FFF00CFFF6FA7F6FB4FB400000122F72D62FE3040808219
1248B7163E218117C511C3EB1886EE880FFF00CFFF6FA7F7FB4FB400000222F72D62FE304080821A
1248B2163E2D8117D311C3EC1886EF87DFFF00CFFF6FA7F7FB3FB400000022F72D62FE304080821B
1248B7163E2D8117CC11C3E71886EE87AFFF00CFFF6FA7F8FB4FB400000122F72D62FE304080821C
1248B7163E328117CC11C3EC1886E3876FFF00BFFF6FA7F9FB4FB400000122F72D62FE304080821D
1248B7163E388117D311C3E71886E9873FFF00BFFF6FA7F9FB4FB400000122F72D62FE304080821E
1248B5163E398117CC11C3E41886E8870FFF00BFFF6FA7FAFB4FB400000222F72D62FE304080821F
1248BF163E418117DB11C3EB1886DE86EFFF00BFFF6FA7FBFB4FB400000222F72D62FE3040809220
1248B7163E448117CC11C3E81886E386BFFF00BFFF6FA7FBFB4FB400000122F72D62FE3040808221
1248B2163E4A8117D311C3E71886E8868FFF00BFFE6FA7FCFB4FAB00000222F72D62FE3040808222
1248BB163E4D8117D311C3E81886DE866FFF00BFFF6FA7FDFB4FA200000122F72D62FE3040808223
1248B7163E518117D311C3E71886DD863FFF00BFFF6FA7FDFB4FA000000122F72D62FE3040808224
1248B7163E538117D311C3E81886E3862FFF00BFFF6FA7FEFB4FA000000122F72D62FE3040808225
1248B7163E448117CC11C3E71886DE860FFF00BFFF6FA7FFFB4FA100000122F72D62FE3040808226
1248B2163E3B8117D311C3E81886E385EFFF00BFFF6FA7FFFB4FA100000222F72D62FE3040808227
1248B7163E2F8117D311C3EB1886DE85BFFF00AFFE6FA7FFFB4FA100000122F72D62FE3040808228
1248B7163E1F8117CC11C3E81886E385BFFF00AFFF6FA800FB4FA100000222F72D62FE3141808229
1248B7163E188117D311C3E71886E3859FFF00AFFF6FA801FB4FA100000122F72D62FE314080822A
1248BB163E0B8117D311C3E41886DE857FFF00AFFF6FA801FB3FA100000222F72D62FE314080822B
1248BB163E048117D311C3E31886D7857FFF00AFFF6FB802FB4FA100000122F72D62FE314080922C
1248BB163DF78117CC11C3E81886DD855FFF00AFFF6FA802FB4FA100000222F72D62FE314080822D
1248BB163DF08117CC11C3E31886CD854FFF00AFFE6FA802FB4FA100000122F72D62FE314080822E
1248BF163DE38117CC11C3E81886D2853FFF00AFFF6FA802FB4FA100000022F72D62FE314080822F
1248BF163DD38117CC11C3E31886C8853FFF00AFFF6FA803FB4FA100000222F72D62FE3140808230
1248C7163DB58117CC11C3E41886BC852FFF00AFFF6FA803FB4FA100000122F72D62FE3140809231
1248BF163D9D8117CC11C3E31886B0852FFF00AFFF6FA802FB4FA100000122F72D62FE3140809232
1248C7163D728117C511C3E41886A0852FFF44AFFF6FA802FB4FA100000122F72D62FE3140808233
1248CB163D3B8117C511C3E7188684851FFFD99FFF6FA802FB4FA100000122F72D62FE3140808234
1248C7163CF48117C511C3E8188668851FFFFFFFFF6FA802FB3FA100000122F72D62FE3140809235
1248C7163CAA8117C511C3E7188652852FFFFFFFFF6F9801FB4FA100000122F72D62FE3140808236
1248CB163C618117B611C3EC188630851FFFFE4FFF6FA801FB4FA100000122F72D62FE3140809237
1248CB163C138117BD11C3E7188625852FFFFC1FFF6FA801FB4FA100000122F72D62FE3140808238
1248D0163BC28117B611C3E8188604852FFFAF9FFF6FA800FB4FA100000022F72D62FE3140808239
1248C7163B6C8117B611C3EB1885F9852FFF1E7FFF6FA800FB4FA700000122F72D62FE314080823A
1248CB163B0E8117AF11C3E81885F3853FFF000FFF6F8800FB4FB100000122F72D62FE314080823B
1248C7163A9F8117AF11C3EB1885E2853FFF000FFF6FA7FFFB4FB400000122F72D62FE314080823C
1248C7163A2E8117A711C3EC1885E2853FFF000FFF6FA7FFFB4FB400000122F72D62FE314080823D
1248C31639D68117A711C3EB1885D7855FFF00FFFF6F97FEFB4FB300000122F72D62FE314080823E
1248C216398D8117A011C3E81885CC855FFF008FFF6FA7FEFB4FB300000022F72D62FE314080823F
1248C716394E8117A011C3E71885CC856FFF009FFE6FA7FDFB4FB300000122F72D62FE3041808240
1248BF16390D81179911C3E81885BB857FFF00AFFF6FA7FDFB4FB300000122F72D62FE3040808241
1248B71638DE81179911C3E71885B0858FFF00AFFF6FA7FCFB4FB300000022F72D62FE3040809242
1248AA1638C281178A11C3E81885AB859FFF00AFFF6F97FCFB4FB300000022F72D62FE3040808243
1248AA1638BB81178A11C3EB1885A585BFFF00AFFF6FA7FCFB4FB400000022F72D62FE3040808244
1248A616389D81178A11C3E418859A85BFFF00BFFF6FA7FAFB4FB300000022F72D62FE3040808245
1248A616387881178311C3EB18859485DFFF00BFFE6FA7FAFB4FB300000122F72D62FE3040808246
12489E16385481177B11C3E818858985EFFF00BFFF6FA7FAFB4FB300000122F72D62FE3040808247
1248A216383C81177B11C3E718858E85FFFF00AFFF6FA7F9FB4FB300000222F72D62FE3040808248
1248A216382C81176D11C3E8188589861FFF00AFFF6FA7F8FB4FB300000222F72D62FE3040808249
1248A216383781176D11C3E3188584863FFF00BFFF6FA7F7FB4FB300000222F72D62FE304080824A
12489E16384381176D11C3E818858E864FFF00AFFF6FA7F6FB4FB300000222F72D62FE304080824B
12489E16385181175E11C3E7188589865FFF00BFFE6FA7F4FB4FB300000122F72D62FE304080824C
12489E16385981175E11C3E818858E868FFF00BFFF6FA7F4FB4FB300000122F72D62FE304080824D
12489916385B81175711C3E318858F86AFFF00AFFF6FA7F3FB4FB300000222F72D62FE304080924E
12489516385B81174F11C3E418859486BFFF00BFFF6FA7F1FB3FB300000122F72D62FE304080924F
12489916385781174811C3E318859A86DFFF00CFFF6FB7F1FB4FB300000222F72D62FE3040808250
12489916385281174811C3E418858E86FFFF00BFFF6FA7EFFB3FB300000222F72D62FE3040808251
12488D16385381174111C3DF188594870FFF00BFFE6FA7EDFB4FB300000122F72D62FE3040809252
12488D16385281174111C3E818858F872FFF00BFFF6FA7EDFB5FB300000122F72D62FE3040808253
12488D16385081173211C3DF18858E874FFF00CFFF6FA7ECFB6FB300000122F72D62FE3040808254
12488D16385081173211C3E4188584876FFF00BFFF6F97E9FB6FB300000122F72D62FE3040808255
12488516385381172611C3DF18857E878FFF00BFFF6FA7E8FB6FB300000122F72D62FE3040809256
12488016384E81172B11C3E018857E87AFFF00BFFF6FA7E7FB6FB300000122F72D62FE3040808257
12487816384E81171C11C3DF18857887CFFF00CFFF6FA7E5FB6FB300000122F72D62FE3040808258
12487816385081171411C3E018856D87EFFF00CFFF6FA7E4FB6FB300000122F72D62FE3040808259
12487016384D81171411C3DF188568880FFF00CFFE6FA7E4FB6FB300000122F72D62FE304080825A
12486816383C81170D11C3E0188562882FFF00DFFF6FA7E1FB6FB300000122F72D62FE304080825B
12486816382181170611C3DF18855D884FFF00DFFF6FA7DFFB6FB300000122F72D62FE304080825C
12485B16380281170611C3E0188556886FFF00CFFF6FA7DFFB5FB300000222F72D62FE304080825D
12485B1637E08116F711C3DF188546888FFF00DFFE6FA7DCFB5FB300000122F72D62FE304080825E
1248571637C18116F711C3E018854B88AFFF00DFFF6FA7DAFB6FB300000122F72D62FE304080825F
12484F1637AA8116F011C3DB18854188DFFF00CFFF6FA7DAFB5FB300000022F72D62FE3040808260
12484A1637998116E811C3E018854088EFFF00DFFF6FA7D8FB6FB300000122F72D62FE3040808261
12484616378E8116E111C3DF188541890FFF00DFFF6FA7D5FB6FB300000122F72D62FE3040808262
12483E16378B8116E111C3DB188541893FFF00DFFF6FA7D5FB5FB300000122F72D62FE3040808263
1248361637888116DA11C3DB188540895FFF00DFFE6FA7D3FB6FB300000122F72D62FE3040808264
12483A16378D8116D211C3E018853B897FFF00EFFF6FA7D0FB6FB300000222F72D62FE3040808265
12483616378D8116CB11C3DB18853A89AFFF00DFFF6FA7CFFB6FB300000222F72D62FE3040808266
1248421637888116C411C3DB18853689BFFF00EFFF6FA7CDFB6FB300000222F72D62FE3040808267
12484616377F8116C411C3DB18852A89DFFF00DFFF6FA7CAFB6FB300000222F72D62FE3040808268
12485B1637758116BC11C3D71885368A0FFF00DFFF6FA7C9FB6FB300000122F72D62FE3040808269
12486C16376B8116B511C3DF1885358A2FFF00EFFE6FA7C8FB6FB300000122F72D62FE304080826A
1248701637618116AE11C3DB1885368A4FFF00EFFF6FA7C4FB5FB200000122F72D62FE304080826B
12487016374B8116B811C3D71885358A6FFF00EFFF6FA7C2FB4FB100000122F72D62FE304080826C
1248701637358116A611C3D71885308A9FFF00EFFF6FA7C2FB4FB100000222F72D62FE304080826D
12487416372181169811C3D718852A8ABFFF00EFFF6FA7BEFB4FB100000122F72D62FE304080826E
12487016370A81169F11C3D718852A8AEFFF00EFFE6FA7BDFB4FB100000122F72D62FE304080826F
12486B1636F481169811C3D71885258AFFFF00EFFE6FA7BCFB4FB100000122F72D62FE3040808270
1248701636DC81169011C3D718851E8B1FFF00EFFF6FA7B9FB4FB100000222F72C62FE2F41808271
1248681636CE81168911C3D718851F8B4FFF00EFFF6FA7B7FB4FB100000222F72C62FE2F40809272
1248631636C881168911C3D71885198B6FFF00FFFF6FA7B7FB4FB100000122F72C62FE2F40808273
12485B1636CC81168911C3D718851A8B8FFF00EFFF6FA7B3FB4FB100000122F72C62FE2F40808274
12484F1636CC81167A11C3D718850E8BBFFF00EFFF6FA7B2FB3FB100000222F72C62FE2F40808275
1248421636D681167A11C3D718850F8BCFFF00FFFF6FA7B2FB4FB100000222F72C62FE2F40808276
1248421636E581167311C3D71885138BFFFF00FFFF6FA7AFFB4FB100000122F72C62FE2F40809277
12483A1636F581166C11C3D318850F8C1FFF00FFFF6FA7ADFB4FB100000122F72C62FE2F40809278
12483A16370481167311C3D71885148C3FFF00FFFF6FA7ADFB4FB100000222F72C62FE2F40808279
12482916370B81166C11C3D318851E8C5FFF00FFFF6FA7ABFB4FB100000122F72C62FE2F4080827A
12482116371081166411C3D318851F8C7FFF00FFFF6FA7A8FB4FB100000122F72C62FE2F4080827B
12482116371281165811C3D31885248CAFFF010FFE6FA7A7FB4FB100000122F72C62FE2F4080927C
12482116370381166411C3CF1885308CBFFF00FFFF6F97A6FB4FB100000122F72C62FE2F4080827D
12481D1636F381165D11C3D71885468CEFFF00FFFF6FA7A4FB4FB100000122F72C62FE2F4080827E
12480C1636DC81165611C3CF1885578CFFFF010FFF6FA7A3FB3FB100000222F72C62FE2F4080827F
1247FB1636D281165611C3D31885728D2FFF010FFF6FA7A2FB4FB100000222F72C62FE2F40808280
1247E21636C581165611C3CF18859A8D3FFF010FFF6FA7A0FB4FB100000222F72C62FE2F40808281
1247C11636BE81165611C3CF1885D28D6FFF010FFF6FA79FFB4FB100000222F72C62FE2F40808282
1247AC1636AA81164711C3D31886158D8FFF010FFF6FA79FFB4FB200000122F72C62FE2F40808283
1247B016369C81164E11C3CF18864C8DAFFF010FFF6FA79DFB4FB300000122F72C62FE2F40809284
1247A816368681164711C3CB18865D8DDFFF011FFF6FA79DFB5FB300000222F72C62FE2F40808285
1247A016367081164E11C3CF18864C8DFFFF011FFF6FA79CFB5FB300000122F72C62FE2F40809286
1247A816366481164711C3CB1886578E1FFF011FFF6FA79BFB5FB300000122F72C62FE2F40808287
12479C16365081164011C3CB18864C8E3FFF011FFE6FA79AFB5FB300000222F72C62FE2F40809288
12477F16364181164711C3C71886528E5FFF010FFF6FA79AFB5FB300000122F72C62FE2F40808289
12475D16363281164011C3C71886478E6FFF011FFF6FA799FB5FB300000222F72C62FE2F4080828A
12473B16361F81164911C3C318864C8E9FFF011FFF6FA798FB5FB300000122F72C62FE2F4080828B
12472B16361381164011C3C71886528EBFFF011FFF6FA798FB5FB300000222F72C62FE2F4080928C
12471B16360181164011C3C31886588EDFFF011FFF6FA797FB5FB300000222F72C62FE2F4080828D
12471B1635F181164711C3C718865D8EFFFF012FFE6FA797FB5FB300000122F72C62FE2F4080928E
1247171635E281164011C3BB18866E8F1FFF011FFE6FA796FB5FB300000122F72C62FE2F4080928F
1247061635DB81164711C3BF1886798F3FFF011FFF6FA796FB5FB300000122F72C62FE2F40809290
1246E91635CD81164011C3BF18867E8F5FFF012FFF6FA795FB5FB300000122F72C62FE2F40808291
1246C81635C281164711C3BF1886848F7FFF011FFF6FA795FB5FB300000122F72C62FE2F40808292
1246A61635A981164711C3BB18867E8F8FFF012FFF6F9795FB5FB300000222F72C62FE2F40808293
12469A16357D81164711C3BF18867F8F9FFF012FFF6FA795FB5FB300000122F72C62FE2F40808294
1246BB16354D81164711C3B71886898FBFFF012FFF6FA795FB5FB300000122F72C62FE2F40808295
1246E116351081164711C3BB1886898FCFFF012FFF6F9794FB5FB300000222F72C62FE2F40808296
1246F91634E181164711C3BB1886908FFFFF012FFF6FA794FB5FB300000222F72C62FE2F40808297
12472B1634B681164E11C3BF18868F8FFFFF012FFF6FA794FB5FB300000122F72C62FE2F40808298
12474416349E81164911C3BB188695900FFF012FFF6FA794FB5FB300000122F72C62FE2F40808299
12476A16348B81165611C3BB188689901FFF012FFE6FA794FB5FB300000122F72C62FE2F4080829A
1247A416348A81164E11C3BB188684901FFF013FFF6FA794FB4FB300000222F72C62FE2F4080829B
1247C516349681165611C3BB18867F902FFF012FFF6FA794FB4FB200000122F72C62FE2F4080829C
1247DE1634D681165D11C3BF188689903FFF013FFF6FA795FB4FB200000222F72C62FE2F4080929D
1247FB16356081165D11C3BF188690903FFF012FFF6FA795FB4FB200000222F72C62FE2F4080829E
12480816359E81165D11C3BF188695903FFF012FFF6FA795FB4FB200000122F72C62FE2F4080829F
1248101635B881166411C3BF1886A5904FFF012FFE6FA795FB4FB200000222F72C62FE2F408082A0
12480C1635E581166C11C3BF1886A6904FFF013FFF6FB795FB4FB200000122F72B62FE2F418082A1
12482116361381166C11C3C71886A5904FFF013FFF6FA795FB4FB200000222F72B62FE2F408092A2
12483116365F81167311C3C31886B1904FFF013FFF6FA795FB4FB200000122F72B62FE2F408082A3
12483E1636D881167311C3C31886BC905FFF013FFF6FD796FB4FB200000222F72B62FE2F408082A4
12484616375F81167A11C3BF1886C1905FFF013FFF6FA796FB4FB200000122F72B62FE2F408082A5
1248531637FE81167A11C3BB1886CD905FFF012FFF6FA796FB4FB200000222F72B62FE2F408082A6
12485316389A81168911C3BF1886DD905FFF012FFF6FA797FB4FB200000222F72B62FE2F408082A7
12485B16393181168411C3BB1886E3905FFF012FFF6FA797FB4FB200000122F72B62FE2F408082A8
1248631639AB81169011C3BF1886EF905FFF013FFF6FA798FB4FB200000222F72B62FE2F408082A9
124868163A0F81169011C3BF1886FE906FFF012FFF6FA798FB4FB200000122F72B62FE2F408082AA
12486C163A5881169F11C3BB1886FF905FFF013FFF6FA799FB4FB200000122F72B62FE2F408082AB
12486C163AB881169811C3B718870F905FFF012FFE6FA799FB4FB200000122F72B62FE2F408092AC
12486C163B008116A611C3BB18871A905FFF013FFF6FA79AFB4FB200000222F72B62FE2F408082AD
124870163B548116A611C3BB18871B904FFF013FFF6FA79AFB4FB200000222F72B62FE2F408092AE
124874163BB48116AE11C3BF188720904FFF012FFF6FA79BFB4FB200000222F72B62FE2F408082AF
124870163C0C8116B511C3BB188725903FFF012FF46FA79CFB4FB200000222F72B62FE2F4080A3B0
12487C163C698116BC11C3B7188727902FFF012FD16FA79DFB3FB200000122F72B62FE2F4080A3B1
124878163D3B8116C411C3BB18872B901FFF012FC56F979DFB3FB200000122F72B62FE2F4080A3B2
124878163E748116C411C3BB188710901FFF012FC66F979FFB3FB200000222F72B62FE2F4080A3B3
124878163EFF8116CB11C3B71886EE8FFFFF012FC86FA7A0FB4FB300000122F72B62FE2F4080A3B4
12487C163E9A8116D211C3B31886E88FEFFF012FC86FA7A0FB4FB300000222F72B62FE2F4080A3B5
12487C1640238116D211C3B71886CD8FCFFF012FC86FA7A2FB4FB300000122F72B62FE2F4080A3B6
12487C16428B8116E111C3B318854C8FAFFF012FC86F97A3FB4FB300000122F72B62FE2F4080A3B7
1248891643708116E111C3B21885C18F7FFF012FC86FB7A4FB4FB300000222F72B62FE2F4080A3B8
1248951643B58116E811C3AF1886D78F5FFF012FC96FA7A5FB5FB300000122F72C62FE2F4180A3B9
1248951643DC8116EB11C3B21888208F2FFF011FCA6FB7A7FB4FB300000222F72C62FE2F4080A3BA
1248991643FD8116FE11C3AF18883E8EFFFF012FCB6FA7A7FB4FB300000222F72C62FE2F4080A3BB
12488D16440B8116F711C3AE18885E8ECFFF011FD06FA7A9FB5FB300000122F72C62FE2F4080A3BC
12489116440C81170611C3AB18885E8E7FFF011FD76FA7ABFB5FB300000122F72C62FE2F4080A3BD
12489116442781170611C3B218885A8E4FFF011FDD6FA7ACFB4FB300000122F72C62FE2F4080A3BE
12489516443A81170611C3B71888798E0FFF011FDF6FA7ADFB4FB300000222F72C62FE2F4080A3BF
12488916443F81171411C3BF18888A8DBFFF010FD96FB7AFFB5FB300000122F72C62FE2F4080A3C0
12488516445181171C11C3BB1888958D7FFF010FD56FA7B0FB4FB300000222F72C62FE2F4080A3C1
12487816445881172311C3B21888988D2FFF010FD96FA7B1FB4FB300000222F72C62FE2F4080A3C2
12488516447181172311C3B31888958CCFFF010FDC6FA7B4FB4FB300000222F72C62FE2F4080A3C3
12489516448781172B11C3B71888858C6FFF00FFDA6FA7B5FB5FB300000222F72C62FE2F4080A3C4
1248941644A181173211C3B31888878BFFFF00FFD86FA7B5FB4FB300000222F72C62FE2F4080A3C5
12488D16449F81173211C3B21888908B7FFF00FFD96F97B8FB4FB300000122F72C62FE2F4080A3C6
12488D16449D81173911C3B718889B8AFFFF00FFDA6FA7BAFB5FB300000122F72C62FE2F4080B3C7
12488D16449F81174811C3B21888A98A6FFF00EFDB6FA7BAFB5FB300000222F72C62FE2F4080A3C8
1248911644B181174111C3B718889B89CFFF00DFDA6FA7BDFB4FB300000122F72C62FE2F4080A3C9
1248911644A881174F11C3B71888A1893FFF00DFD96FA7BFFB4FB300000222F72C62FE2F4080A3CA
12488916449D81175711C3BB1888A3887FFF00CFDA6F97BFFB4FB300000122F72C62FE2F4080A3CB
1248891644A881175711C3C31888AC87DFFF00CFDB6FA7C2FB5FB200000222F72C62FE2F4080A3CC
1248891644BA81175711C3C71888B7872FFF00CFDD6FA7C4FB4FB200000122F72C62FE2F4080A3CD
12488D1644B981175E11C3CF1888B7866FFF00BFDD6F97C4FB4FB200000222F72C62FE2F4080A3CE
12488D1644B981176511C3D71888BF85AFFF00BFDA6FA7C6FB4FB200000122F72C62FE2F4080A3CF
1248951644C681176D11C3D71888BC84EFFF00AFD96FA7C9FB4FB200000222F72C62FE304180A3D0
1248991644D481176D11C3D71888C8843FFF009FDA6F97C9FB4FB200000222F72C62FE304080A3D1
1248A21644E581177411C3DF1888D0837FFF009FDC6FA7CBFB4FB200000222F72C62FE304080A3D2
1248AE1644F781177411C3E41888C882DFFF008FDC6FD7CDFB5FB200000122F72C62FE304080A3D3
1248BF1644F381177B11C3DF1888C8821FFF008FDD6FA7CDFB4FB200000222F72C62FE304080A3D4
1248C31644EE81177B11C3E41888D0816FFF008FDD6F97CEFB4FB200000222F72C62FE304080A3D5
1248B71644E781178311C3DF1888CD80BFFF007FDC6F97D0FB4FB200000122F72C62FE304080A3D6
1248BB1644EB81178A11C3E01888D3801FFF007FDD6FA7D1FB4FB200000122F72C62FE304080A3D7
1248BF1644E481178A11C3DF1888D37F7FFF007FDE6F97D2FB4FB200000122F72C62FE304080A3D8
1248BB1644E081178311C3E01888CA7ECFFF006FDE6FA7D4FB4FB200000222F72C62FE304080A3D9
1248B71644F581179911C3E31888CD7E2FFF006FDD6F87D5FB5FB200000122F72C62FE304080A3DA
1248BB1644FD81179111C3DB1888CD7D9FFF006FDD6F87D5FB4FB200000122F72C62FE304080A3DB
1248BB1644FD81179111C3DF1888CA7CFFFF005FDE6F97D8FB5FB200000222F72C62FE304080A3DC
1248BB1644EB81179911C3E41888CD7C6FFF005FDE6F97D9FB4FB200000222F72C62FE304080A3DD
1248BB1644E38117A311C3DF1888CD7BEFFF004FDD6FA7D9FB4FB200000222F72C62FE304080A3DE
1248BF1644E481179111C3E41888D67B5FFF005FDE6FA7DBFB4FB200000122F72C62FE304080B3DF
1248B71644F68117A711C3E31888D37ADFFF004FDE6F97DDFB4FB200000222F72C62FE304080A3E0
1248BB1645018117A011C3E01888D87A5FFF004FDD6FA7DDFB4FB200000122F72C62FE304080A3E1
1248BB1645028117A011C3DB1888D879DFFF004FDD6F97DFFB4FB200000122F72C62FE304080A3E2
1248BB1645028117A711C3DB1888C5795FFF004FDE6F97E0FB5FB200000122F72C62FE304080A3E3
1248B71644FA8117AF11C3D71888C878FFFF003FDE6F97E1FB5FB200000122F72C62FE304080A3E4
1248B21644F18117A711C3D31888CD788FFF003FDD6F97E2FB5FB200000122F72C62FE304080A3E5
1248B21644EC8117A711C3D71888CA780FFF003FDC6F97E3FB5FB200000222F72C62FE304080A3E6
1248B71644F08117AF11C3D71888C877CFFF003FDE6F97E4FB5FB200000122F72C62FE304080A3E7
1248B21644FB8117AF11C3D31888C2775FFF003FE06F97E5FB6FB200000122F72C62FE304080A3E8
1248B91644F58117AF11C3D71888CA76FFFF003FE16F97E7FB5FB200000122F72D62FE304180A3E9
1248B71644F38117AF11C3D71888C276AFFF003FDF6FA7E7FB5FB200000122F72D62FE304080A3EA
1248B21645018117B611C3D71888CD764FFF003FDE6F97E8FB5FB200000122F72D62FE304080A3EB
1248B716450B8117AF11C3D71888CD75EFFF003FDF6F97E9FB5FB200000122F72D62FE304080A3EC
1248BB1645048117AF11C3DB1888D075AFFF002FDF6FA7EAFB5FB200000222F72D62FE304080A3ED
1248BB16450A8117B611C3DB1888CD754FFF003FDF6F97EAFB5FB200000222F72D62FE304080A3EE
1248BB16450C8117B611C3DB1888CD750FFF002FE06F97ECFB5FB200000022F72D62FE304080A3EF
1248BB1644F38117AF11C3DB1888D074CFFF002FE06F97ECFB5FB200000122F72D62FE304080A3F0
1248B71644F18117B611C3DF1888CD747FFF002FE06F97ECFB5FB200000222F72D62FE304080A3F1
1248B21644FD8117B611C3E01888D8742FFF002FE16F97EEFB5FB200000222F72D62FE304080A3F2
1248B21644FF8117B611C3DB1888D673FFFF002FE16F97EEFB5FB200000222F72D62FE304080A3F3
1248B71644F98117AF11C3DB1888CD73BFFF002FE16F97EEFB5FB200000122F72D62FE304080A3F4
1248B21644FC8117AF11C3D31888D3737FFF002FE16F97EFFB6FB200000122F72D62FE304080A3F5
1248AE1645048117B611C3DB1888CD734FFF002FE06F97EFFB5FB200000122F72D62FE304080A3F6
1248B21645078117B611C3D71888D0730FFF002FE06F97F0FB5FB200000122F72D62FE304080A3F7
1248B71644F88117AF11C3DB1888CD72DFFF002FE26F97F0FB5FB200000122F72D62FE304080A3F8
1248B71644F08117B611C3D31888D372AFFF002FE26F97F0FB5FB200000122F72D62FE304080A3F9
1248B21644EE8117AF11C3CF1888D0727FFF001FE06F97F0FB6FB200000122F72D62FE304080A3FA
1248AA1644DB8117AF11C3D31888CD723FFF002FE16F97F0FB5FB200000122F72D62FE304080A3FB
1248B21644DE8117B611C3D31888B1720FFF002FE26F97F1FB5FB300000122F72D62FE304080A3FC
1248A61644EF8117AF11C3CF1888B471DFFF002FE36F97F1FB5FB300000022F72D62FE304080A3FD
12489E1644F18117AF11C3CF1888C271BFFF002FE16F97F1FB4FB300000222F72D62FE304080A3FE
1248991644F88117AF11C3D31888C8718FFF002FE16FB7F1FB4FB300000022F72D62FE304080A3FF
12489E1644FD8117AF11C3CB1888C8716FFF002FE36F97F1FB4FB300000122F72D62FE304080A300
12489E1644FD8117AF11C3CF1888CA713FFF001FE36F97F1FB4FB300000122F72D62FE304080A301
1248991644EB8117A711C3CB1888C8711FFF002FE26F97F1FB4FB300000122F72D62FE304080A302
1248A21644E68117AF11C3D31888C270FFFF001FE26F97F0FB4FB300000122F72D62FE304080A303
1248A21644FC8117A711C3CF1888BF70DFFF002FE36F97F1FB4FB300000022F72D62FE304080A304
1248A61644FA8117AF11C3CF1888C870BFFF001FE46F97F0FB4FB300000022F72D62FE304080A305
1248AA1645008117A011C3D31888C8709FFF001FE46FB7F0FB4FB300000122F72D62FE304080A306
1248A21645028117A711C3D31888C5707FFF002FE36F97F0FB4FB300000222F72D62FE304080A307
12489E1644FF8117A011C3CF1888CD706FFF001FE26F97EFFB4FB300000022F72D62FE304080A308
12489E1644F28117A711C3CB1888C2704FFF001FE16F97EFFB4FB300000122F72D62FE304080A309
1248A21644EE8117A011C3CF1888C2702FFF002FE26F97EFFB5FB300000122F72D62FE304080A30A
1248A61644FA8117A011C3CF1888C5700FFF001FE36F97EFFB4FB300000022F72D62FE304080A30B
1248A21645008117A011C3CB1888BC6FFFFF002FE26F97EEFB5FB300000022F72D62FE304080A30C
1248A51644F881179911C3CB1888C86FEFFF001FE26F97EEFB4FB300000222F72D62FE304080A30D
1248A21644F681179911C3CB1888BF6FDFFF001FE46F97EDFB4FB300000222F72D62FE304080A30E
1248A61644F581179911C3CB1888BC6FBFFF001FE56F97EDFB4FB300000122F72D62FE304080A30F
1248A21644F681179111C3CB1888C26FAFFF002FE46F97EDFB5FB300000122F72D62FE304080A310
1248A21644F881179111C3D31888BA6F9FFF001FE36F97EDFB4FB300000122F72D62FE304080A311
1248A21644EC81179111C3CF1888C26F8FFF001FE36F97ECFB5FB300000022F72D62FE304080A312
1248991644F481179111C3D31888B76F7FFF002FE56F97ECFB4FB300000122F72D62FE304080A313
12489E1644FF81178A11C3D31888C56F5FFF002FE46F97ECFB5FB300000222F72D62FE304080A314
1248A616450A81178A11C3CF1888C26F5FFF002FE56F97ECFB4FB300000122F72D62FE304080A315
1248B216451081178A11C3CF1888C26F4FFF002FE56F97EBFB4FB300000222F72D62FE304080A316
1248B216450281178311C3D31888C26F3FFF001FE36F97EBFB4FB300000122F72D62FE304080A317
1248B21644FD81178A11C3D31888C56F1FFF001FE36F97EBFB5FB300000222F72D62FE304080A318
1248B216450481178311C3D31888C86F1FFF001FE46F97EBFB4FB300000122F72D62FE304080A319
1248AE16450B81177B11C3D31888C86F0FFF002FE46F97EBFB4FB300000022F72D62FE304080A31A
1248AE16451381177B11C3D71888C56EFFFF002FE46F97EBFB4FB300000122F72D62FE304080A31B
1248AE16450F81177B11C3DB1888C86EFFFF001FE46F97EBFB4FB300000222F72D62FE304080A31C
1248AE16450481177411C3D71888C86EEFFF001FE56F97EBFB4FB300000122F72D62FE304080A31D
1248AE16450681177B11C3DB1888CA6EDFFF001FE46F97EBFB4FB300000122F72D62FE304080A31E
1248B216450781176F11C3D31888CD6EDFFF002FE56F97EBFB4FB300000122F72D62FE304080B31F
1248AE16450F81176D11C3D71888C86ECFFF001FE56F97EBFB4FB300000222F72D62FE304080B320
1248AE16451181177411C3DB1888D36EBFFF001FE56F97EBFB4FB300000122F72D62FE304080A321
1248AE16450A81176511C3D71888C56EBFFF001FE46F97EAFB5FB300000122F72D62FE304080A322
1248AE1644F681176D11C3D71888CD6EAFFF001FE46F97EAFB4FB300000222F72D62FE304080A323
1248AA1644EE81176511C3D31888C86E9FFF001FE56F97EAFB5FB300000122F72D62FE304080A324
1248AA1644EB81175E11C3D71888D06E9FFF001FE66F97E9FB5FB300000122F72D62FE304080A325
1248AA1644E881176511C3CF1888C86E8FFF001FE66FA7E9FB4FB300000022F72D62FE304080B326
1248A61644F081175E11C3D31888C26E7FFF001FE56F97E9FB4FB300000222F72D62FE304080A327
1248A616450581175E11C3CF1888C56E8FFF001FE46F97E8FB4FB300000222F72D62FE304080A328
1248AA16450981175711C3CF1888C86E7FFF001FE46F97E8FB5FB300000222F72D62FE304080A329
1248AA16450A81175711C3CB1888C86E6FFF001FE56F97E8FB5FB300000122F72D62FE304080B32A
1248AE16450C81175711C3CF1888C26E7FFF001FE76F97E7FB4FB300000122F72D62FE304080B32B
1248A616450C81174F11C3CB1888BF6E6FFF001FE76F97E7FB4FB300000222F72D62FE304080A32C
1248A616450C81174F11C3CB1888C26E5FFF001FE66F97E6FB5FB300000122F72D62FE304080A32D
1248A616450A81174F11C3CF1888BC6E5FFF001FE76F97E6FB5FB300000222F72D62FE304080A32E
1248A616450A81174811C3CB1888C56E5FFF001FE66F97E5FB5FB300000122F72D62FE304080A32F
1248AA16450C81174811C3CB1888BC6E4FFF001FE66F97E5FB5FB300000222F72D62FE304080A330
1248A916450C81174111C3CF1888C26E4FFF001FE76F97E4FB5FB300000122F72D62FE304080A331
1248A61644FA81174111C3CB1888BF6E4FFF001FE76F97E3FB5FB300000222F72D62FE304080A332
1248A61644FA81174111C3CB1888BC6E3FFF001FE76F97E3FB6FB300000122F72D62FE304080B333
1248A616450181174111C3CF1888B76E3FFF001FE76F97E1FB5FB300000122F72D62FE304080A334
1248A616450981173911C3C71888C26E3FFF001FE66F97E0FB5FB300000122F72D62FE304080A335
1248A216451081173911C3CB1888BA6E2FFF001FE66F97E0FB5FB300000122F72D62FE304080A336
1248A616450981173211C3CB1888C26E2FFF001FE76F97DFFB5FB300000122F72D62FE304080A337
1248A616450781173211C3CB1888B76E1FFF001FE86F97DEFB5FB300000122F72D62FE304080A338
1248A616450581173211C3C71888BF6E2FFF001FE66F97DDFB6FB300000222F72D62FE304080A339
1248A616450581172311C3CB1888BC6E1FFF001FE66F97DCFB5FB300000122F72D62FE304080A33A
1248A216450481173211C3C71888B76E1FFF001FE76F97DBFB6FB300000122F72D62FE304080A33B
1248A616450581172311C3CB1888BA6E1FFF001FE86F97DBFB5FB300000122F72D62FE304080A33C
1248A216450481172311C3C71888BC6E0FFF001FE76F97DAFB5FB300000122F72D62FE304080B33D
12489E1644FA81172311C3CB1888C26E0FFF001FE66F97D8FB5FB300000222F72D62FE304080A33E
1248A21644F881172311C3C71888BC6E0FFF001FE76F97D8FB5FB300000122F72D62FE304080A33F
1248AA1644F081171711C3CB1888BA6DFFFF001FEA6F97D7FB5FB300000122F72D62FE304080A340
12489E1644EB81171C11C3CB1888B76DFFFF001FEA6F97D6FB5FB300000122F72D62FE304080B341
1248A21644F381171C11C3C71888C26DFFFF001FE66F97D5FB6FB300000122F72D62FE304080A342
1248A21644F881171411C3C31888BA6DEFFF001FE66F97D5FB5FB300000122F72D62FE304080A343
1248991644FB81171411C3C71888B76DEFFF001FE76F97D3FB5FB300000122F72D62FE304080A344
1248A216450181170D11C3C31888B76DEFFF001FEA6F97D3FB5FB300000122F72D62FE304080A345
1248A616450081170D11C3C31888B46DDFFF001FE96F97D2FB5FB300000122F72D62FE304080A346
12489E1644F981170611C3BF1888B76DEFFF001FE86F97D0FB4FB300000122F72D62FE304080A347
1248A616450081170D11C3C31888B76DDFFF001FE66F97CFFB4FB300000222F72C62FE304180A348
1248A21644FE81170611C3C31888B46DDFFF001FE66F97CFFB4FB300000122F72C62FE304080A349
1248991644F68116FE11C3C31888BC6DEFFF001FE96FB7CEFB4FB300000122F72C62FE304080A34A
1248A21644FD8116FE11C3C71888B76DDFFF001FEB6F97CCFB4FB300000122F72C62FE304080A34B
1248A21645028116FE11C3C31888BC6DCFFF001FE96F97CCFB4FB300000122F72C62FE304080A34C
12489E1645028116FE11C3C31888B46DCFFF001FE76F97CBFB4FB300000122F72C62FE304080A34D
1248A21644FF8116F711C3C71888B76DEFFF001FE86F97CAFB4FB300000122F72C62FE304080A34E
12489E1645048116F711C3C31888BC6DCFFF001FEA6F97CAFB5FB300000122F72C62FE304080A34F
1248991645008116F711C3C71888BA6DCFFF001FEA6F97C9FB4FB300000122F72C62FE304080A350
1248A21645048116F011C3BF1888B76DCFFF001FE96F97C8FB4FB300000122F72C62FE304080A351
12489E1644FD8116E811C3BF1888B76DCFFF001FE96F97C7FB4FB300000222F72C62FE304080A352
12489E1644FC8116F011C3BF1888BA6DBFFF001FE96F97C7FB4FB300000122F72C62FE304080B353
1248991644F98116F011C3C31888BC6DAFFF001FE86F97C5FB4FB300000222F72C62FE304080A354
1248991644F88116E811C3BF1888B76DCFFF001FE96F97C5FB5FB300000222F72C62FE304080B355
1248A21644F48116E811C3C31888B16DBFFF001FEB6F97C4FB5FB300000122F72C62FE304080A356
1248A11644F78116E111C3BB1888B46DCFFF001FEA6F97C3FB4FB300000122F72C62FE304080A357
12489E1644F48116EB11C3BF1888BC6DBFFF001FEA6F97C2FB5FB300000122F72C62FE304080B358
1248A21644FB8116DA11C3C31888B16D9FFF2F2FE96F97C2FB4FB300000122F72C62FE304080B359
12489E1645078116E111C3BF1888B46DCFFFCC1FE96F97C0FB4FB300000222F72C62FE304080A35A
12489E1645028116DA11C3C31888B76DBFFFFFFFEB6F97C0FB4FB300000222F72C62FE304080A35B
1248A21644FD8116E111C3BF1888BC6DAFFFFFFFEB6F97C0FB4FB300000122F72C62FE304080A35C
1248A21644FD8116D211C3C31888BA6DCFFFFE2FEA6F97BFFB5FB300000022F72C62FE304080A35D
12489E1644FE8116DA11C3BF1888B76DAFFFFBAFE96F97BEFB5FB100000122F72C62FE304080A35E
12489E1644FD8116D211C3C71888B16DAFFFD51FE86F97BEFB5FB100000222F72C62FE304080A35F
1248A21645018116DA11C3C31888B76D9FFF35EFE96F97BDFB5FB100000122F72C62FE304080A360
12489E1644FE8116CB11C3C31888B46DBFFF000FEB6F87BCFB5FB100000122F72C62FE304080A361
12489E1645018116D211C3C31888B76D9FFF000FEB6F97BCFB5FB100000122F72C62FE304080A362
12489E1644FA8116D211C3C71888B76DBFFF000FEB6FC7BBFB5FB100000122F72C62FE304080A363
12489E1644F58116CB11C3C31888AE6D9FFF002FEA6F87BAFB5FB100000122F72C62FE304080B364
1248991644EF8116CB11C3C31888B76DBFFF32AFEB6F97BAFB5FB100000122F72C62FE304080B365
12489E1644EE8116CB11C3C31888B16DAFFFCEAFEA6F97BAFB5FB100000122F72C62FE304080A366
1248A21644F18116CB11C3C31888B46DBFFFFFFFEB6F97BAFB5FB100000222F72C62FE304080A367
12489E1644F08116CB11C3C31888B16DAFFFFFFFE96F97B9FB6FB100000222F72C62FE304080A368
1248991644F58116C411C3BF1888B16DBFFFFE7FE96F97B9FB6FB100000222F72C62FE304080B369
1248991645008116C411C3C31888BA6D9FFFFBFFEB6F97B9FB5FB100000122F72C62FE304080A36A
1248A21645038116C411C3C71888B16DBFFFFB5FEC6F97B9FB5FB100000122F72C62FE304080A36B
1248991645028116C411C3BF1888B76DAFFFFB3FEC6F97B9FB5FB100000122F72C62FE304080A36C
12489E1644FF8116BF11C3C31888B76DAFFFFB4FEA6F97B8FB5FB100000222F72C62FE304080A36D
12489E1644F98116C411C3C31888AE6DAFFFFB4FEC6F97B8FB5FB100000222F72C62FE304080A36E
1248991645008116C411C3BF1888B16D9FFFFB4FEC6F97B8FB6FB100000122F72C62FE304080A36F
1248991644FE8116BC11C3BF1888B16DAFFFFB4FEB6F97B8FB5FB100000222F72C62FE304080B370
12489E1644FA8116BC11C3C31888BA6DAFFFC4DFE86F97B8FB5FB100000222F72C62FE304080A371
1248991644F48116C411C3BB1888B76DAFFF2A9FE86F97B7FB5FB100000222F72C62FE304080A372
1248A21644EC8116BC11C3BF1888B16D9FFF000FE96F97B7FB5FB100000222F72C62FE304080B373
12489E1644F38116BC11C3C31888AE6DAFFF000FEB6F97B7FB5FB100000222F72C62FE304080A374
12489E1644FC8116BC11C3BF1888B16D9FFF000FEE6F97B7FB5FB100000222F72C62FE304080A375
1248991644FE8116BC11C3BB1888B76D9FFF000FEE6F97B7FB4FB200000222F72C62FE304080A376
1248991644FD8116BC11C3C31888BC6DAFFF004FEB6F97B7FB3FB200000222F72C62FE304080A377
1248A21644FD8116BC11C3BF1888B46D9FFF003FEA6F97B6FB4FB200000222F72C62FE304080A378
12489E1645008116BC11C3C31888B76D9FFF001FED6F97B6FB3FB200000122F72C62FE2F4180B379
1248991644FB8116B511C3C31888B16DAFFF001FEE6F97B5FB3FB200000122F72C62FE2F4080A37A
12489E1644FB8116BC11C3C31888BA6D9FFF001FEC6FA7B5FB4FB200000222F72C62FE2F4080A37B
12489E1644FA8116BC11C3C31888B16D9FFF001FED6F87B6FB4FB200000122F72C62FE2F4080A37C
12489E1644F48116BC11C3C31888B76D9FFF001FEE6F97B5FB3FB200000122F72C62FE2F4080A37D
12489C1644E98116BC11C3C71888AE6D9FFF001FEE6F97B5FB4FB200000122F72C62FE2F4080A37E
12489E1644E68116B511C3BF1888BC6D8FFF001FEE6F97B5FB4FB200000122F72C62FE2F4080A37F
12489E1644E98116C611C3C71888B16D9FFF001FED6F97B5FB3FB200000122F72C62FE2F4080B380
1248A21644F08116B511C3C31888B46D9FFF001FED6F97B5FB3FB200000122F72C62FE2F4080A381
12489E1644F78116BC11C3BF1888B76D9FFF001FEE6F97B5FB4FB200000222F72C62FE2F4080B382
12489E1644F28116BC11C3C71888BC6D9FFF001FED6FA7B5FB3FB200000122F72C62FE2F4080B383
1248A21644F88116C411C3C71888B76D9FFF001FED6F97B5FB4FB200000122F72C62FE2F4080A384
1248991644FD8116BC11C3C31888BA6D8FFF001FED6F97B5FB4FB200000122F72C62FE2F4080B385
12489E1644F58116BC11C3C71888B16D8FFF001FEF6F97B5FB3FB200000222F72C62FE2F4080A386
12489E1644F08116BC11C3C31888BC6D8FFF001FF06FA7B5FB3FB200000122F72C62FE2F4080A387
12489E1644F18116BC11C3C31888BA6D8FFF001FF06F97B5FB3FB200000122F72C62FE2F4080A388
1248991644F38116C411C3C71888B16D9FFF001FEE6FA7B5FB3FB200000222F72C62FE2F4080A389
1248991644F68116BC11C3CB1888B76D9FFF001FED6F97B5FB4FB200000122F72C62FE2F4080A38A
12489E1644F58116C411C3C71888B46D9FFF001FEF6F97B5FB4FB200000122F72C62FE2F4080A38B
12489E1644F68116C411C3C71888B76D9FFF001FEF6F97B6FB3FB200000122F72C62FE2F4080B38C
1248951644FC8116C411C3CB1888B76D9FFF001FEE6F97B7FB4FB200000022F72C62FE2F4080B38D
12489E1644FD8116C411C3C71888B76D9FFF001FED6F97B7FB4FB200000222F72C62FE2F4080A38E
12489E1645088116CB11C3C71888BF6DAFFF001FED6F97B8FB4FB200000122F72C62FE2F4080A38F
12489E1645068116CB11C3C71888BC6D9FFF001FEE6F97B8FB5FB200000122F72C62FE2F4080A390
12489E1644FE8116CB11C3C71888B76D9FFF001FEF6F97B9FB4FB200000122F72C62FE2F4080B391
1248A21644FD8116CB11C3C31888BA6D9FFF001FEF6F97B9FB4FB200000222F72C62FE2F4080A392
1248A21644F58116CE11C3C71888BC6D9FFF001FF16F97BBFB4FB200000122F72C62FE2F4080B393
12489E1644EC8116D211C3C31888B76D9FFF001FEF6F97BBFB4FB200000122F72C62FE2F4080B394
12489E1644F38116DA11C3C31888B46DAFFF001FEB6F97BBFB4FB200000122F72C62FE2F4080A395
1248A21645008116D211C3C71888B76D9FFF001FEB6F97BCFB4FB200000022F72C62FE2F4080A396
12489E1645028116E111C3C31888B16D9FFF001FEF6FA7BDFB4FB200000122F72C62FE2F4080A397
1248991644FF8116DA11C3C71888BC6D9FFF001FF06F97BDFB4FB200000222F72C62FE2F4080A398
12489E1644FD8116DA11C3C31888BA6D9FFF001FEF6F97BFFB4FB200000122F72C62FE2F4080A399
12489E1645058116E111C3C71888B76D9FFF001FEF6F97BFFB4FB200000122F72C62FE2F4080A39A
12489E1645018116E111C3C31888B16D9FFF001FEF6F97BFFB4FB200000122F72C62FE2F4080A39B
1248A21645048116E811C3C71888BA6D9FFF001FEF6F97C0FB4FB200000122F72C62FE2F4080B39C
12489E1644FD8116F011C3C71888BC6DAFFF001FF16F97C1FB4FB200000122F72C62FE2F4080B39D
12489E1644F88116E811C3CF1888BC6DAFFF001FF06FA7C1FB5FB200000222F72C62FE2F4080A39E
1248A21644FC8116F011C3C71888BA6D9FFF001FEE6F97C1FB5FB200000122F72C62FE2F4080B39F
12489E1645048116F011C3CB1888BC6D9FFF001FEF6F97C2FB4FB200000122F72C62FE2F4080A3A0
12489E1645048116F711C3C71888BC6D9FFF001FF06F97C2FB4FB200000122F72C62FE2F4080A3A1
1248991644FE8116F711C3CB1888BA6D9FFF001FF26F97C3FB4FB200000122F72C62FE2F4080A3A2
1248A21644F68116FE11C3C71888BC6D9FFF001FF36F97C3FB4FB200000122F72C62FE2F4080A3A3
1248991644F68116F711C3C31888BC6D9FFF001FF16F97C3FB5FB200000122F72C62FE2F4080A3A4
12489C1644F881170D11C3BF1888BC6D9FFF001FEF6F97C4FB4FB200000222F72C62FE2F4080B3A5
1248991644FB8116FE11C3C31888B46D9FFF001FF06FA7C4FB4FB300000122F72C62FE2F4080A3A6
12489E16450181170611C3BF1888B16D9FFF001FF16F97C5FB4FB300000122F72C62FE2F4080A3A7
1248A21644FC81170D11C3C31888B16D9FFF001FF06F97C5FB4FB300000222F72C62FE2F4080A3A8
1248991644F881170911C3BF1888AE6D9FFF001FF06F97C6FB3FB300000122F72C62FE2F4080A3A9
12489E1644FC81171411C3BF1888B76D9FFF001FF16F87C6FB3FB300000122F72C62FE2F4080B3AA
12489E16450081171411C3BF1888B76D9FFF002FF26F97C6FB3FB300000122F72C62FE2F4080A3AB
1248951644F881171411C3BF1888BA6D9FFF001FF16F97C7FB3FB300000122F72C62FE2F4080A3AC
12489E1644F681171C11C3BF1888AC6D9FFF001FEF6F97C7FB4FB300000222F72C62FE2F4080A3AD
12489916450081171C11C3C31888B76D8FFF001FF06F97C8FB3FB300000122F72C62FE2F4080B3AE
12489E16450581172311C3BF1888B16D9FFF001FF26F97C9FB4FB300000222F72C62FE2F4080B3AF
12489E16450081172311C3C31888BA6D9FFF001FF16F97C9FB3FB300000122F72C62FE2F4080A3B0
1248991644FD81172311C3BF1888BC6D8FFF001FF16F97C9FB4FB300000122F72C62FE2F4080A3B1
12489916450181172311C3C31888B76D9FFF001FF26F97CAFB3FB300000122F72C62FE2F4080A3B2
12489E1644FE81172B11C3C31888B46D9FFF001FF26F97CAFB3FB300000122F72C62FE2F4080B3B3
12489E1644FD81173211C3C31888BC6D8FFF001FF26F97CAFB4FB300000122F72C62FE2F4080B3B4
1248A216450181173211C3C31888B76D9FFF001FF16F97CBFB3FB300000122F72C62FE2F4080A3B5
1248991644FE81173211C3BF1888B46D8FFF001FF06F97CBFB3FB300000122F72C62FE2F4080A3B6
12489E16450181173211C3C31888BC6D8FFF001FF16F97CBFB4FB300000122F72C62FE2F4080B3B7
12489916450281174111C3C31888BC6D8FFF001FF36F97CCFB3FB300000122F72C62FE2F4080A3B8
12489916450281173911C3CB1888C26D8FFF001FF46F97CDFB4FB300000222F72C62FE2F4080A3B9
1248991644FA81173911C3C71888BA6D7FFF001FF26F97CEFB4FB300000122F72C62FE2F4080B3BA
12489E1644FC81174111C3C71888BC6D8FFF001FF16F97CEFB3FB300000122F72C62FE2F4080A3BB
12489916450481174111C3CB1888C26D8FFF001FF26F97CFFB3FB300000122F72C62FE2F4080A3BC
12489916450481174811C3C71888BF6D8FFF001FF36F97D0FB4FB300000222F72C62FE2F4080A3BD
12489916450281174811C3C71888C26D8FFF001FF46F97D0FB4FB300000122F72C62FE2F4080B3BE
12489E16450281174811C3C71888BC6D8FFF001FF36F97D1FB3FB200000122F72C62FE2F4080A3BF
12489916450081174811C3C31888BA6D8FFF001FF46F97D1FB4FB200000022F72C62FE304180A3C0
12489E1644F981174F11C3C71888BC6D8FFF001FF36FA7D2FB3FB200000222F72C62FE304080A3C1
1248991644F581174F11C3C71888BC6D8FFF001FF36F97D3FB3FB200000222F72C62FE304080A3C2
12489E1644F381174F11C3C71888C56D8FFF001FF26F97D3FB4FB200000222F72C62FE304080A3C3
1248951644FB81174F11C3C31888BC6D8FFF001FF36F97D4FB3FB200000022F72C62FE304080B3C4
12489516450481175711C3C71888C26D7FFF001FF36F97D5FB4FB200000122F72C62FE304080B3C5
1248991644FD81175711C3C71888C26D8FFF001FF36F77D5FB3FB200000222F72C62FE304080B3C6
12489E16450681175711C3C31888BA6D8FFF001FF36FC7D5FB3FB200000222F72C62FE304080A3C7
12489516450281175911C3C71888C26D8FFF001FF26F97D6FB3FB200000222F72C62FE304080B3C8
12489516450081175711C3C31888BC6D9FFF001FF46F97D7FB3FB200000122F72C62FE304080A3C9
1248991644FF81175E11C3BF1888BF6D9FFF001FF56F97D7FB3FB200000122F72C62FE304080B3CA
1248951644F981175E11C3BF1888C26D8FFF001FF46F97D8FB3FB200000222F72C62FE304080A3CB
1248941644F881175E11C3C31888BC6D9FFF001FF36F97D8FB3FB200000122F72C62FE304080A3CC
12489916450081175E11C3BF1888BA6D9FFF001FF36FA7D9FB3FB200000222F72C62FE304080A3CD
1248951644FE81175E11C3BF1888B76D8FFF001FF36F97D9FB4FB200000222F72C62FE304080A3CE
12489516450181175E11C3B71888B76D9FFF001FF26F87DAFB3FB200000322F72C62FE304080A3CF
12489516450981176511C3BF1888B76D9FFF001FF16F97DAFB3FB200000122F72C62FE304080B3D0
12489916450581175E11C3BF1888BF6D9FFF001FF36F97DBFB4FB200000122F72C62FE304080A3D1
12489916450281176511C3B71888BC6D9FFF001FF56F97DBFB3FB200000122F72C62FE304080A3D2
1248991644FB81175E11C3BF1888B16D9FFF001FF56F97DBFB3FB200000122F72C62FE304080A3D3
1248951644F881176511C3BB1888B46D9FFF001FF46F97DCFB3FB200000222F72C62FE304080A3D4
1248991644F581176511C3BF1888B76DAFFF001FF36F87DDFB3FB200000122F72C62FE304080B3D5
1248951644F681176511C3BB1888B76D9FFF001FF26F97DCFB4FB200000122F72C62FE304080A3D6
12489516450081175E11C3BB1888BA6DAFFF001FF46F97DDFB5FB300000222F72C62FE304080A3D7
12489516450381176511C3B71888BC6DAFFF001FF66F97DEFB5FB400000222F72C62FE304080A3D8
12489916450581176511C3BF1888B76D9FFF001FF66F97DEFB5FB400000122F72C62FE304080A3D9
1248991644F981176511C3BF1888BC6DAFFF001FF36F97DEFB5FB400000122F72C62FE304080A3DA
1248911644F681176511C3C31888BF6DAFFF002FF36F97DFFB6FB400000222F72C62FE304080A3DB
12489916450381176511C3C31888BC6DAFFF001FF46F97E0FB5FB400000222F72C62FE304080B3DC
1248991644FF81175E11C3C31888BC6D9FFF001FF36F97E0FB6FB400000222F72C62FE304080A3DD
12489916450581176511C3BF1888BA6D9FFF001FF46F97E1FB6FB400000122F72C62FE304080A3DE
12489916450381176511C3C71888BC6DAFFF001FF56F97E1FB5FB400000222F72C62FE304080A3DF
12489516450281175E11C3BF1888BC6D9FFF001FF66F97E1FB6FB400000222F72C62FE304080A3E0
12489516450581176511C3C31888BA6DBFFF001FF56F97E2FB5FB400000222F72C62FE304080B3E1
1248951644FD81175E11C3C71888C26DAFFF001FF26F87E2FB6FB400000122F72C62FE304080A3E2
1248951644FF81176511C3C71888C26DAFFF001FF26F97E3FB5FB400000122F72C62FE304080B3E3
1248991644FB81175E11C3C71888BA6DAFFF001FF46F97E3FB6FB400000122F72C62FE304080A3E4
1248991644F281176511C3C71888C26DBFFF001FF56F97E4FB5FB400000122F72C62FE304080A3E5
1248991644F581175E11C3CB1888BC6D9FFF001FF36F97E4FB6FB400000122F72C62FE304080B3E6
12489916450081175E11C3C31888BC6DAFFF001FF36F97E4FB5FB400000122F72C62FE304080A3E7
12489916450981175E11C3CB1888BF6DAFFF001FF56F97E5FB5FB400000122F72C62FE304080A3E8
12489916450981175E11C3C71888C26DAFFF001FF56F97E5FB6FB400000122F72C62FE304080B3E9
12489916450781175E11C3C71888C26DAFFF001FF46F97E5FB5FB400000122F72C62FE304080B3EA
12489E16450B81175E11C3CB1888BF6DAFFF001FF46FA7E6FB5FB400000122F72C62FE304080A3EB
12489916450F81175E11C3CB1888BC6DAFFF001FF56F87E6FB5FB400000222F72C62FE304080A3EC
12489916450A81175E11C3C71888BC6D9FFF001FF56F97E6FB5FB400000122F72C62FE304080A3ED
12489E16450781175711C3CB1888BF6D9FFF001FF56F97E8FB5FB400000222F72C62FE304080A3EE
12489E16450781175911C3CF1888C26DAFFF002FF56F97E8FB5FB400000222F72C62FE304080B3EF
12489E16450581175711C3C71888BC6DAFFF001FF46F97E8FB4FB400000122F72C62FE304080B3F0
12489E16450981175711C3CF1888BC6D9FFF001FF46F97E8FB4FB400000222F72D62FE304180A3F1
1248991644FE81174F11C3C71888BF6DAFFF001FF56F97E9FB5FB400000022F72D62FE304080A3F2
1248991644FB81174F11C3CB1888B76D9FFF001FF66F97E9FB5FB400000122F72D62FE304080B3F3
12489E16450581175711C3C71888C26D9FFF001FF76F97E9FB4FB400000222F72D62FE304080B3F4
1248A11644FF81174811C3C71888BF6D9FFF001FF56F97EAFB4FB400000122F72D62FE304080A3F5
12489E1644FA81174F11C3C71888C26D9FFF001FF46F97EAFB4FB400000122F72D62FE304080A3F6
12489916450281174811C3C71888BC6D9FFF001FF46F97EBFB4FB400000122F72D62FE304080A3F7
12489E16450781174F11C3C71888BF6D9FFF001FF56F97EBFB5FB400000122F72D62FE304080A3F8
12489E16450E81174811C3CB1888BC6D9FFF001FF66F97EBFB4FB400000122F72D62FE304080A3F9
12489916450781174811C3C31888BC6D8FFF001FF76F87EBFB5FB400000122F72D62FE304080B3FA
1248A216450A81174811C3CB1888C26D9FFF001FF76F97ECFB4FB400000122F72D62FE304080A3FB
1248A216450F81174111C3C71888BA6D8FFF001FF66F97ECFB4FB400000122F72D62FE304080B3FC
12489916450E81174811C3C71888BC6D8FFF001FF56F97ECFB4FB400000222F72D62FE304080B3FD
12489E16450481173911C3CB1888BC6D9FFF001FF46F97EDFB5FB400000022F72D62FE304080A3FE
12489916450281174111C3C31888BF6D8FFF002FF66F97EDFB4FB400000122F72D62FE304080A3FF
12489E16451081174111C3C31888B76D8FFF001FF76F97EDFB5FB400000122F72D62FE304080A300
12489916450F81173911C3C71888BC6D8FFF001FF76F97EEFB4FB400000122F72D62FE304080A301
12489916450481174111C3C71888B46D8FFF001FF66F97EEFB4FB400000222F72D62FE304080A302
12489916450281173911C3C31888BC6D8FFF001FF66F97EEFB4FB400000122F72D62FE304080A303
1248991644FE81173211C3C31888BC6D9FFF001FF56F97EEFB5FB400000122F72D62FE304080B304
12489516450181173911C3C71888BC6D9FFF001FF56F97EEFB5FB400000122F72D62FE304080B305
12489916450281173911C3C31888BF6D8FFF001FF66F97EEFB4FB400000022F72D62FE304080B306
12489916450681173211C3C31888B76D9FFF001FF66F97EEFB4FB300000122F72D62FE304080B307
12489916450881173211C3C31888BC6D9FFF001FF66F97EEFB3FB200000122F72D62FE304080A308
12489916450781173211C3C31888BA6D9FFF001FF56F97EEFB2FB200000122F72D62FE304080A309
12489916450B81173211C3C31888BC6D9FFF001FF56F97EEFB2FB200000122F72D62FE304080B30A
12489916450881173211C3BF1888BC6D9FFF001FF66F97EEFB3FB200000122F72D62FE304080A30B
12489916450781173211C3C31888BA6D9FFF001FF86F97EDFB3FB200000122F72D62FE304080A30C
12489E16450381172B11C3C31888BC6DAFFF001FF76F97EDFB3FB200000122F72D62FE304080A30D
12489E16450A81173211C3C31888B76DAFFF001FF76F97EDFB3FB200000122F72D62FE304080B30E
12489916450881172D11C3BF1888BA6D9FFF001FF76F97EDFB2FB200000122F72D62FE304080B30F
12489916450781172311C3BF1888B76D9FFF001FF76F97ECFB2FB200000122F72D62FE304080A310
12489916450A81173211C3C31888BC6D9FFF001FF76F97EBFB3FB200000222F72D62FE304080A311
12489916450C81172311C3C71888BC6D9FFF001FF56F97EBFB3FB200000122F72D62FE304080B312
12489916450A81173211C3BF1888BF6DAFFF001FF56F97EAFB3FB200000222F72D62FE304080A313
12489E1644FF81172311C3C31888B76D9FFF001FF86F97EAFB2FB200000122F72D62FE304080A314
1248951644FD81172B11C3BF1888BC6D9FFF001FF96F97EAFB3FB200000122F72D62FE304080B315
12489916450481172B11C3C31888BF6DAFFF001FF66F97E9FB3FB200000122F72D62FE304080A316
12489E16450481172B11C3C31888BC6D9FFF001FF36F97E8FB2FB200000122F72D62FE304080B317
12489916450581172311C3C31888B76D9FFF001FF46F97E8FB3FB200000122F72D62FE304080B318
12489916450481172311C3C71888BA6DAFFF001FF76F97E8FB3FB200000222F72D62FE304080B319
12489E16450281172311C3C31888B76D9FFF001FF86F97E7FB3FB200000122F72D62FE304080B31A
12489916450A81172B11C3C31888C26D9FFF001FF86F97E7FB2FB200000222F72D62FE304080A31B
12489816450F81171C11C3C31888B76D9FFF001FF76F97E6FB3FB200000122F72D62FE304080A31C
12489916450E81172B11C3C31888BA6D9FFF001FF76F97E5FB3FB200000222F72D62FE304080A31D
12489516450D81172311C3BF1888BC6D9FFF001FF76F97E5FB3FB200000222F72D62FE304080A31E
12489916450F81172311C3C31888BC6D9FFF001FF76F97E4FB3FB200000222F72D62FE304080A31F
12489516450E81172311C3BF1888BA6D9FFF001FF66F97E3FB4FB300000222F72D62FE304080A320
12489916450C81171C11C3C31888BC6D9FFF001FF76F97E2FB4FB300000222F72D62FE304080A321
12489916451081172311C3BB1888B76D9FFF001FF86F97E2FB4FB300000222F72D62FE304080B322
12489916450D81172311C3BB1888B46D9FFF001FF86F97E0FB5FB300000222F72D62FE304080B323
12489516450C81171C11C3BF1888B16D9FFF001FF76F97DFFB4FB300000122F72D62FE304080B324
12489916450481172311C3BB1888B16D9FFF001FF46F97DFFB4FB300000022F72D62FE304080A325
1248991644FF81172311C3BB1888B76D8FFF001FF46F97DEFB4FB300000122F72D62FE304080B326
12489916450481172311C3BB1888B46D9FFF001FF66F97DDFB5FB300000122F72D62FE304080B327
12489916450781171C11C3BB1888B16D9FFF001FF86F97DCFB4FB300000122F72D62FE304080A328
12489916450781172311C3B71888B76D8FFF001FF86F97DBFB5FB300000122F72D62FE304080B329
12489516450781171C11C3BB1888AE6D9FFF001FF76F97DAFB4FB300000222F72D62FE304080A32A
12489E16450B81172611C3BB1888AC6D9FFF001FF66F97DAFB5FB300000122F72D62FE304080B32B
12489516450C81171C11C3BB1888B16D8FFF001FF76F97D9FB4FB300000222F72D62FE304080B32C
12489916450C81171C11C3B71888B46D9FFF001FF86F97D8FB5FB300000122F72D62FE304080A32D
12489516450C81172311C3BF1888B76D9FFF001FF76F97D7FB4FB300000122F72D62FE304080A32E
12489916450C81171C11C3B71888BC6D9FFF001FF76F97D7FB4FB300000122F72D62FE304080A32F
12489516450881171C11C3B71888B46D9FFF001FF86F97D5FB5FB300000122F72D62FE304080A330
1248991644FD81172311C3B71888B76D9FFF001FF76F97D5FB4FB300000122F72D62FE304080B331
1248991644FB81171C11C3B71888B16D8FFF001FF76F97D4FB4FB300000122F72D62FE304080A332
12489516450181171C11C3B71888B16D9FFF001FF76F97D3FB4FB300000122F72D62FE304080A333
12489116450581171C11C3B31888BA6D9FFF001FF96F97D3FB5FB300000022F72D62FE304080B334
12489516450781171C11C3B71888AC6D9FFF001FF86F97D2FB5FB300000222F72D62FE304080A335
12488D16450581171C11C3B31888AC6D9FFF001FF76F97D1FB5FB300000122F72D62FE304080B336
12488D16450281172311C3B71888AE6D9FFF002FF86F97D0FB5FB300000122F72D62FE304080A337
12489516450681171411C3BB1888AC6D9FFF001FF96F87D0FB5FB300000122F72D62FE304080A338
12489116450781171C11C3B71888B16D9FFF001FF96F97CFFB5FB300000122F72C62FE2F4180A339
12489516450781171C11C3BF1888AE6D9FFF001FF86F97CEFB6FB300000122F72C62FE2F4080B33A
12489516450A81171C11C3BB1888BC6D8FFF001FF86F97CEFB5FB300000022F72C62FE2F4080A33B
12489E16450581171C11C3BB1888B76D9FFF001FF86F97CDFB6FB300000122F72C62FE2F4080A33C
12489516450981171C11C3BF1888B76D9FFF001FF96FA7CCFB5FB300000122F72C62FE2F4080A33D
12489516450981171C11C3C31888AE6D9FFF001FF96F97CCFB5FB300000122F72C62FE2F4080A33E
12489116450A81171C11C3BF1888B76D9FFF001FF76F97CBFB6FB300000122F72C62FE2F4080B33F
12489916450581171C11C3BB1888B76D9FFF001FF86F97CAFB5FB300000222F72C62FE2F4080A340
12489516450381171411C3BF1888BA6D9FFF001FFA6F97CAFB6FB300000122F72C62FE2F4080B341
12489516450C81171C11C3C31888B76D9FFF001FFA6F97CAFB5FB300000222F72C62FE2F4080B342
12489916450781171411C3BF1888B16D9FFF001FF86F97C9FB6FB300000122F72C62FE2F4080B343
12489916450981171C11C3BB1888BA6DAFFF001FF76F97C9FB5FB300000122F72C62FE2F4080B344
12489416450581171C11C3BB1888B76D9FFF001FF86F97C9FB5FB300000122F72C62FE2F4080B345
12489516450981171711C3BB1888B76D9FFF001FF96F87C8FB5FB300000122F72C62FE2F4080A346
12489516450981171411C3BB1888AE6DAFFF001FFA6F97C8FB5FB300000122F72C62FE2F4080B347
12489916450A81171411C3BF1888B76DAFFF001FF96F97C8FB6FB300000222F72C62FE2F4080A348
12489516450981170D11C3C31888B76D9FFF001FF76F97C9FB5FB300000122F72C62FE2F4080B349
12489516450A81171C11C3C71888B16D9FFF001FF86F97C9FB5FB300000122F72C62FE2F4080A34A
12489916450C81171411C3C31888BA6D9FFF001FF86F97C9FB5FB300000122F72C62FE2F4080B34B
12489E16450F81171411C3C31888BC6D9FFF001FF86F97CAFB5FB300000122F72C62FE2F4080A34C
12489E16451981171411C3C31888BC6D9FFF001FF86F97CAFB5FB300000222F72C62FE2F4080B34D
1248A216451581171411C3C71888BA6D9FFF001FF96F97CAFB5FB300000122F72C62FE2F4080A34E
1248A616451181170D11C3CF1888C26D9FFF001FF96F97CBFB6FB300000122F72C62FE2F4080A34F
1248A216451581171411C3CF1888B76D9FFF001FF96F97CBFB5FB300000122F72C62FE2F4080B350
1248A616451681170D11C3CF1888C56D9FFF001FF96F97CBFB5FB300000122F72C62FE2F4080A351
1248A616451681170D11C3CB1888CD6D8FFF001FFA6F97CCFB6FB300000122F72C62FE2F4080B352
1248A616451981171411C3C71888C86D9FFF001FF96F97CDFB5FB300000122F72C62FE2F4080B353
1248AA16451481170D11C3C71888C26D9FFF001FF86F97CDFB5FB300000122F72C62FE2F4080B354
1248A616451181170D11C3C31888BA6D9FFF001FF76F97CDFB6FB300000222F72C62FE2F4080B355
1248A616450A81170D11C3BB1888BC6D9FFF001FF96F97CEFB5FB300000222F72C62FE2F4080A356
12489E1644FF81170D11C3BF1888B76D8FFF001FFB6F97CFFB5FB300000222F72C62FE2F4080B357
12489916450181170D11C3BB1888A96D8FFF001FFA6F97CFFB6FB300000222F72C62FE2F4080B358
12489516450381170611C3BB1888B76D9FFF001FFA6F97D0FB5FB300000122F72C62FE2F4080A359
12489116450581170D11C3C31888B76D8FFF001FF96F97D0FB5FB300000122F72C62FE2F4080A35A
12489116450481170611C3C31888B46D9FFF001FF96F97D0FB5FB300000222F72C62FE2F4080A35B
12488916450581170611C3CB1888BC6D9FFF001FF96F97D0FB5FB300000122F72C62FE2F4080B35C
12489116450781170611C3D31888C26D9FFF001FF86F97D0FB5FB300000122F72C62FE2F4080B35D
12489516450381170D11C3D31888C26D9FFF001FF76F97D0FB6FB300000222F72C62FE2F4080A35E
1248911645028116FE11C3D71888D06D9FFF001FF86F97D0FB5FB300000122F72C62FE2F4080B35F
1248991644FE81170911C3DB1888C86D9FFF001FFA6F97CFFB6FB300000122F72C62FE2F4080B360
12489516450181170611C3DB1888C86D8FFF001FFA6F97D0FB5FB300000122F72C62FE2F4080B361
12488D1645058116FE11C3D71888D66D9FFF001FF96F97CFFB5FB300000122F72C62FE2F4080B362
12489516450781170611C3DB1888D36D9FFF001FF96F87CEFB5FB300000122F72C62FE2F4080B363
12488D1645058116FE11C3DF1888D86D9FFF001FFA6F97CEFB6FB300000222F72C62FE2F4080B364
1248911644FE8116FE11C3E81888DB6D9FFF001FFA6F97CDFB5FB300000122F72C62FE2F4080A365
12488D1645018116FE11C3F31888D86D9FFF001FF86F97CCFB6FB300000222F72C62FE2F4080B366
1248911645098116FE11C3F41888DE6D8FFF001FF76F97CCFB5FB300000122F72C62FE2F4080B367
1248911645098116FE11C3FF1888E96D9FFF001FF96F97CBFB5FB300000122F72C62FE2F4080A368
1248951645078116FE11C3FC1888E66D9FFF001FFA6F97CAFB5FB400000222F72C62FE2F4080B369
12489516450F8116FE11C3FB1888E96D8FFF001FFA6F97CAFB4FB400000122F72C62FE2F4080A36A
1248A216451B8116FE11C3FC1888E96D9FFF001FF96F97C9FB5FB400000122F72C62FE2F4080A36B
1248B71645248116F711C3FF1888EC6D9FFF001FF96F97C8FB4FB400000122F72C62FE2F4080A36C
1248BE1645258116F711C4001888F46D8FFF001FF96F97C8FB5FB400000122F72C62FE2F4080A36D
1248B216451E8116FE11C4031888FA6D9FFF001FF86F97C7FB5FB400000122F72C62FE2F4080B36E
1248AE1645198116FE11C4041888F76D9FFF001FF96F97C6FB5FB400000122F72C62FE2F4080B36F
1248A61645198116F011C3FF1888F46D9FFF001FFA6F97C5FB4FB400000022F72C62FE2F4080B370
1248AA1645148116FE11C4001888FA6D9FFF001FF96F97C5FB4FB400000122F72C62FE2F4080B371
12489E1645118116F711C3FF1888F46D9FFF001FF86F97C4FB4FB400000122F72C62FE2F4080A372
12489E1645118116F711C3F41888EC6D9FFF001FF96F97C3FB4FB400000222F72C62FE2F4080B373
12489E1645148116F711C3E71888E36D9FFF001FFA6F97C3FB4FB400000122F72C62FE2F4080B374
1248991645138116F711C3D31888D86D9FFF001FFA6F97C2FB4FB400000122F72C62FE2F4080A375
12489916450D8116F711C3CF1888D06D9FFF001FF86F97C2FB4FB400000122F72C62FE2F4080B376
1248951645108116FA11C3C71888C86D9FFF001FF96F97C2FB4FB400000222F72C62FE2F4080B377
12489916450D8116F711C3C71888C26D8FFF001FFA6F97C1FB4FB400000122F72C62FE2F4080B378
1248951645058116F711C3CB1888C56D9FFF001FFA6F97C0FB4FB400000122F72C62FE2F4080B379
12489516450E8116F711C3CB1888C26D9FFF001FF96F97C0FB4FB400000122F72C62FE2F4080A37A
12489E1645098116F711C3CB1888C26D8FFF001FFA6F97BFFB4FB400000122F72C62FE2F4080B37B
1248951645048116F711C3D71888C86D9FFF001FFA6F97BFFB5FB400000222F72C62FE2F4080B37C
12489E1645058116F711C3CF1888D06D9FFF001FFB6F87BFFB4FB400000222F72C62FE2F4080A37D
1248991645078116F711C3D31888C26D8FFF001FFA6F97BEFB4FB400000122F72C62FE2F4080B37E
1248951645078116FE11C3CF1888C86D9FFF001FF86F87BDFB4FB400000122F72C62FE2F4080A37F
12489E1645078116F711C3D71888C56D9FFF001FF86F97BDFB4FB400000122F72C62FE2F4080A380
1248991645078116F711C3D31888C86D9FFF001FFA6F97BDFB4FB200000122F72C62FE2F4080A381
12489E16450B8116F711C3DB1888D36D9FFF001FFB6F97BCFB4FB200000122F72C62FE2F4080B382
1248991645088116F711C3E01888D06D9FFF001FFA6F97BBFB4FB200000222F72C62FE2F4080A383
1248951645078116F711C3EB1888D86D8FFF001FF96F97BBFB5FB200000122F72C62FE2F4080B384
1248951644FF8116F711C3F41888E36D9FFF001FF96F97BBFB4FB200000022F72C62FE2F4080B385
1248991645018116FE11C3FB1888E36D8FFF001FF96F97BAFB4FB200000122F72C62FE2F4080B386
1248951645068116FE11C4041888F26D8FFF001FFA6F97BAFB4FB200000122F72C62FE2F4080B387
12489916450A8116F711C4071888F46D8FFF001FFB6F97BAFB4FB200000122F72C62FE2F4080A388
1248951645098116F711C4101888FF6D8FFF001FFB6F97BAFB4FB200000222F72C62FE2F4080B389
12489516450E8116FE11C40B1888FD6D8FFF001FF96F97BAFB4FB200000122F72C62FE2F4080A38A
1248991645078116FE11C4081888FF6D8FFF001FF86F97B9FB5FB200000222F72C62FE2F4080A38B
1248991645058116F711C4031888FF6D8FFF001FF96F97B9FB4FB200000222F72C62FE2F4080B38C
12489916450B8116FE11C4041888FA6D7FFF001FF96F97B9FB4FB200000122F72C62FE2F4080B38D
12489916450C8116FE11C3FF1888F26D7FFF001FF96F97BAFB5FB200000122F72C62FE2F4080A38E
12489516450C8116FA11C4041888EF6D7FFF001FFA6F97BAFB4FB200000222F72C62FE2F4080B38F
12489916450F81170611C3FB1888EF6D7FFF001FFB6F97BAFB4FB200000222F72C62FE2F4080A390
1248A216450E8116FE11C3FC1888EC6D8FFF001FFB6F97BAFB5FB200000222F72C62FE2F4080A391
1248A216450D81170611C3FB1888E96D7FFF001FFA6F97BAFB4FB200000222F72C62FE2F4080A392
1248AA16451381170611C3FC1888F46D7FFF001FF86F97BAFB4FB200000222F72C62FE2F4080B393
1248A916451A81170611C3FF1888F76D7FFF001FF96F97BAFB5FB200000122F72C62FE2F4080B394
1248AA16451B8116FE11C4081888F46D7FFF001FFA6F97BAFB4FB200000122F72C62FE2F4080B395
1248AE16451F81170611C40B1888FF6D7FFF001FFB6F97BBFB4FB200000122F72C62FE2F4080A396
1248AE16452081170D11C40C1888FF6D8FFF001FFA6F97BBFB4FB200000222F72C62FE2F4080A397
1248AE16452481170611C40B1888FD6D8FFF001FF96F97BCFB4FB200000122F72C62FE2F4080A398
1248B216451D81170D11C40C1888FF6D8FFF001FF96F97BCFB4FB300000222F72C62FE2F4080A399
1248BB16451B81170D11C40B1888FF6D7FFF001FFB6F97BCFB3FB300000122F72C62FE2F4080A39A
1248BF16452281170D11C4101888F76D7FFF001FFB6F97BEFB3FB300000122F72C62FE2F4080A39B
1248BB16452281170D11C40B1888FF6D8FFF001FFC6F97BEFB3FB300000122F72C62FE2F4080B39C
1248BB16452881170D11C4041888FA6D8FFF001FFA6F97BEFB3FB300000122F72C62FE2F4080A39D
1248BB16452B81170D11C4031888F46D8FFF001FFA6F97C0FB3FB300000122F72C62FE2F4080B39E
1248BB16452F81171C11C4001888FD6D8FFF001FFA6F97C0FB4FB300000222F72C62FE2F4080B39F
1248BF16452C81170D11C3FF1888FA6D8FFF001FFA6FA7C0FB3FB300000122F72C62FE2F4080A3A0
1248BF16452F81171411C4081888FA6D7FFF001FFA6F97C1FB4FB300000122F72C62FE2F4080B3A1
1248C716452C81171C11C40B1888FD6D8FFF001FFA6F97C2FB3FB300000222F72C62FE2F4080B3A2
1248CB16452F81171411C40C1889056D8FFF001FFB6F97C2FB3FB300000122F72C62FE2F4080B3A3
1248D016453381171C11C40B1888FA6D8FFF001FFB6F97C3FB3FB300000122F72C62FE2F4080B3A4
1248D416453281171C11C4101889056D8FFF001FFB6FA7C4FB3FB300000122F72C62FE2F4080A3A5
1248C716452981171C11C40F1889026D8FFF001FFA6F77C4FB4FB300000122F72C62FE2F4080B3A6
1248C716452981171C11C4101889056D8FFF001FFA6F97C4FB3FB300000122F72C62FE2F4080A3A7
1248CB16452A81171F11C40B18890A6D9FFF001FFB6F97C5FB4FB300000122F72C62FE2F4080B3A8
1248D016453581172311C4101889086D9FFF001FFB6F97C5FB3FB300000022F72C62FE2F4080B3A9
1248CB16452F81171C11C4171888FF6D9FFF001FFA6F97C6FB3FB300000122F72C62FE2F4080A3AA
1248C716452E81172311C41818890A6D9FFF001FFA6F97C7FB4FB300000122F72C62FE2F4080A3AB
1248CB16453081172311C41F18890E6D9FFF001FFA6F97C7FB4FB300000022F72C62FE2F4080B3AC
1248CB16453781172B11C4201889106D8FFF001FFB6F97C7FB3FB300000222F72C62FE2F4080B3AD
1248D016453A81172311C41B1889106D9FFF001FFB6F97C8FB3FB300000122F72C62FE2F4080B3AE
1248D416454481172B11C41C18890A6D9FFF001FFA6F97C9FB4FB300000122F72C62FE2F4080B3AF
1248E016454681172311C41B1889136D9FFF001FFA6F97C9FB4FB300000122F72C62FE2F4080A3B0
1248E016454581172B11C41C18890A6DAFFF001FFB6F97C9FB4FB200000122F72C62FE2F4080B3B1
1248E416454B81173211C41B1889106D9FFF001FFC6F97CAFB4FB200000122F72C62FE2F4080A3B2
1248EB16454481172B11C41818890E6D9FFF001FFB6F97CAFB4FB200000122F72C62FE2F4080B3B3
1248ED16454681172B11C41718890A6D9FFF001FF96F77CBFB4FB200000122F72C62FE2F4080B3B4
1248F516454981173211C41C1889056D9FFF001FF96F97CBFB4FB200000122F72C62FE2F4080B3B5
1248F116454C81172B11C41B1889056D9FFF001FFB6F97CCFB4FB200000122F72C62FE2F4080A3B6
1248F116454E81173211C4201889026DAFFF001FFB6F97CDFB5FB200000222F72C62FE2F4080B3B7
1248F116454E81173211C4131889056D9FFF001FFB6F97CDFB4FB200000122F72C62FE2F4080A3B8
1248F116455281173211C4181889056D8FFF001FF96F97CDFB5FB200000122F72C62FE2F4080B3B9
1248F516454981173211C4131889086D9FFF001FFA6F97CEFB4FB200000022F72C62FE2F4080A3BA
1248F116454481173211C4141889056D9FFF001FFA6F97CFFB4FB200000122F72C62FE2F4080A3BB
1248ED16454481173911C41318890A6D8FFF001FFA6F97CFFB4FB200000222F72C62FE2F4080B3BC
1248F516454781173211C4141889056D9FFF001FFC6F97CFFB4FB200000122F72C62FE2F4080A3BD
1248F116454981173211C4171889086D9FFF001FFD6F97D0FB4FB200000022F72C62FE2F4080B3BE
1248F116454981173911C4181889056D8FFF001FFB6F97D1FB4FB200000222F72C62FE2F4080B3BF
1248F116454681173211C41718890A6D9FFF001FFA6F97D1FB5FB200000222F72C62FE2F4080B3C0
1248ED16454781173911C41C1889026D8FFF001FFB6F97D2FB4FB200000222F72C62FE2F4080B3C1
1248F116454281173211C4231889106D9FFF001FFC6F97D2FB4FB200000122F72C62FE2F4080A3C2
1248F116454381173911C4241889106D9FFF001FFB6F97D3FB4FB200000222F72C62FE2F4080B3C3
1248F116454481173911C4271889166D9FFF001FFB6F97D3FB4FB200000222F72C62FE2F4080B3C4
1248F116454C81173911C41C1889136D8FFF001FF96F97D3FB5FB200000222F72C62FE2F4080A3C5
1248F516455181173511C4131889166D9FFF001FFA6F97D3FB5FB200000222F72C62FE2F4080B3C6
1248ED16455381173911C4141889106D9FFF001FFC6F97D4FB5FB200000122F72C62FE2F4080B3C7
1248F116454B81173911C41B18890E6D9FFF001FFC6F97D4FB5FB200000222F72C62FE2F4080A3C8
1248ED16454981173911C41F18890A6D8FFF001FFC6F97D4FB4FB200000222F72C62FE2F4080B3C9
1248F116455081173911C4201889166D8FFF001FFB6F87D5FB3FB300000222F72C62FE2F4080B3CA
1248ED16454981173211C41B1889166D9FFF001FFB6F97D5FB3FB300000122F72C62FE2F4080B3CB
1248EF16454581173911C42018890E6D9FFF001FFC6F97D5FB2FB300000122F72C62FE2F4080B3CC
1248F116454E81173911C41F18890A6D8FFF001FFB6F97D6FB3FB300000122F72C62FE2F4080B3CD
1248ED16455081173911C4241889106D9FFF001FFA6F97D6FB3FB300000222F72C62FE2F4080B3CE
1248ED16455181173911C4271889136D9FFF001FFB6F97D6FB3FB300000122F72C62FE2F4080B3CF
1248E916454C81173211C42D1889166D9FFF001FFB6F97D6FB3FB300000122F72C62FE2F4080B3D0
1248ED16454981173911C41F1889216D8FFF001FFB6F97D7FB3FB300000122F72C62FE2F4080B3D1
1248ED16454D81173911C41C18890E6D9FFF001FFB6F97D7FB3FB300000022F72C62FE2F4080A3D2
1248ED16454A81173211C41B18890A6D8FFF001FFB6F97D7FB3FB300000222F72C62FE2F4080B3D3
1248E916454681173911C4101888FF6D8FFF001FFA6F97D7FB3FB300000122F72C62FE2F4080B3D4
1248E416454481173211C40B1888FF6D8FFF001FFB6F97D8FB2FB300000022F72C62FE2F4080A3D5
1248D816453A81174111C4081889026D8FFF001FFB6F97D8FB3FB300000122F72C62FE2F4080B3D6
1248D416453981173211C3FF1888EF6D9FFF001FFB6F97D8FB3FB300000122F72C62FE2F4080B3D7
1248D416453D81173911C3F81888E36D8FFF001FFB6F97D8FB3FB300000222F72C62FE2F4080A3D8
1248D816453581173211C3F31888E66D8FFF001FFA6F97D8FB2FB300000222F72C62FE2F4080A3D9
1248D816453081173211C3E41888E96D8FFF001FFB6F97D9FB3FB300000122F72C62FE2F4080B3DA
1248D816453481173911C3DB1888DE6D8FFF001FFC6F97D8FB3FB300000122F72C62FE2F4080B3DB
1248DC16453F81173211C3D71888D36D8FFF002FFC6F97D9FB2FB300000122F72C62FE2F4080A3DC
1248DC16454881173211C3DF1888D06D8FFF001FFB6F97D9FB3FB300000122F72C62FE2F4080B3DD
1248E416454581173211C3E01888D36D8FFF001FFB6F97D9FB2FB300000122F72C62FE2F4080B3DE
1248E416454881173911C3E31888DE6D8FFF001FFA6F87D9FB2FB300000122F72C62FE2F4080B3DF
1248E916454381172B11C3E41888DB6D8FFF001FFB6F97D9FB3FB300000022F72C62FE2F4080B3E0
1248E416453F81173211C3DB1888D86D8FFF001FFC6F97D8FB3FB300000222F72D62FE2F4180B3E1
1248E016453581173211C3DB1888CD6D8FFF001FFC6F97D8FB5FB400000122F72D62FE2F4080B3E2
1248E016453781173211C3DB1888D06D8FFF001FFB6F97D8FB5FB400000022F72D62FE2F4080B3E3
1248D816453781172D11C3E01888CD6D8FFF001FFB6F97D8FB6FB400000122F72D62FE2F4080B3E4
1248CB16453581172B11C3DB1888D36D8FFF001FFC6F97D7FB5FB400000022F72D62FE2F4080B3E5
1248CB16453281173211C3DB1888D36D8FFF001FFC6F97D7FB5FB400000222F72D62FE2F4080A3E6
1248C316452C81172B11C3D71888D06D8FFF001FFC6F97D6FB6FB400000222F72D62FE2F4080A3E7
1248C616452A81172B11C3E71888D36D8FFF001FFC6F97D6FB5FB400000122F72D62FE2F4080A3E8
1248C716452B81172311C3E81888D86D8FFF001FFB6F97D6FB5FB400000222F72D62FE2F4080B3E9
1248C716452E81172B11C3EF1888DB6D8FFF001FFC6F97D5FB5FB400000222F72D62FE2F4080B3EA
1248CB16453481172311C3F81888DE6D8FFF001FFC6F97D5FB5FB400000222F72D62FE2F4080B3EB
1248CB16453581172B11C3EF1888DE6D8FFF001FFC6FB7D4FB5FB400000122F72D62FE2F4080A3EC
1248D416453281172311C3F01888DB6D8FFF001FFC6F97D4FB5FB400000222F72D62FE2F4080B3ED
1248D016453381172311C3F31888E36D8FFF001FFB6F97D4FB5FB400000122F72D62FE2F4080B3EE
1248C716453281172311C3F01888DE6D8FFF001FFB6F97D3FB5FB400000122F72D62FE2F4080A3EF
1248C716452C81171C11C3EB1888DE6D8FFF001FFA6F97D2FB6FB400000222F72D62FE2F4080B3F0
1248C316452781172311C3F01888E16D9FFF001FF96F97D2FB5FB400000222F72D62FE2F4080A3F1
1248BF16452981171C11C3EB1888DE6D8FFF001FFB6F97D2FB5FB400000222F72D62FE2F4080A3F2
1248BF16452481171C11C3EC1888DE6D8FFF001FFC6F97D1FB5FB400000122F72D62FE2F4080A3F3
1248BB16452481171C11C3E71888E16D8FFF001FFC6F97D0FB5FB400000022F72D62FE2F4080B3F4
1248BF16452981171C11C3EC1888DE6D8FFF001FFC6F97D0FB6FB400000122F72D62FE2F4080A3F5
1248BB16452781171C11C3EF1888D86D8FFF001FFC6F97CFFB5FB400000122F72D62FE2F4080B3F6
1248B716452981171411C3EC1888D86D8FFF001FFB6FB7CEFB5FB400000222F72D62FE2F4080A3F7
1248B716452481171C11C3EB1888E16D8FFF001FFB6F97CEFB5FB400000122F72D62FE2F4080B3F8
1248BB16452081171411C3F01888D86D8FFF001FFB6F87CDFB5FB400000122F72C62FE2F4180B3F9
1248B716452081171411C3EF1888E36D8FFF001FFC6F97CDFB4FB300000222F72C62FE2F4080A3FA
1248BF16452381171411C3EC1888E66D8FFF001FFD6F97CDFB4FB200000122F72C62FE2F4080B3FB
1248BB16452981171411C3EB1888DE6D7FFF001FFC6F97CCFB3FB200000122F72C62FE2F4080B3FC
1248BF16452681170D11C3F01888E96D8FFF001FFB6F97CBFB3FB200000022F72C62FE2F4080B3FD
1248BF16452581170D11C3EB1888E16D8FFF001FFB6F97CBFB4FB200000222F72C62FE2F4080B3FE
1248C716452E81171011C3EC1888DE6D8FFF001FFC6F97CBFB4FB200000122F72C62FE2F4080B3FF
1248BF16452C81171411C3EB1888DE6D8FFF001FFC6F97CAFB3FB200000222F72C62FE2F4080B300
1248B716452781170D11C3EC1888E36D8FFF001FFC6F97CAFB3FB200000122F72C62FE2F4080B301
1248C716452C81170D11C3EB1888E16D8FFF001FFC6F97CAFB3FB200000122F72C62FE2F4080B302
1248BB16452981170D11C3EC1888DE6D8FFF001FFC6F97C9FB4FB200000122F72C62FE2F4080B303
1248BB16452C81170611C3E71888D86D8FFF001FFB6F77C9FB3FB200000122F72C62FE2F4080B304
1248BB16452981170D11C3E81888DB6D7FFF001FFB6F87C9FB4FB200000122F72C62FE2F4080B305
1248BB16452581170611C3E71888DE6D8FFF001FFB6F97C8FB3FB200000222F72C62FE2F4080B306
1248BF16451E81170611C3EC1888DE6D8FFF001FFC6F97C7FB4FB200000022F72C62FE2F4080B307
1248BE16451C81170D11C3E71888DB6D8FFF001FFC6F97C7FB4FB200000122F72C62FE2F4080B308
1248BF16452681170611C3E81888E36D9FFF001FFB6F97C7FB3FB200000122F72C62FE2F4080B309
1248BB16452A81170611C3EB1888D86D8FFF001FFC6F97C6FB3FB200000222F72C62FE2F4080B30A
1248BB16452681170611C3E41888E36D8FFF001FFD6F97C6FB4FB200000022F72C62FE2F4080B30B
1248BF1645298116FE11C3EB1888E16D8FFF001FFC6F97C6FB3FB200000022F72C62FE2F4080B30C
1248BB16452681170611C3E81888D86D8FFF001FFC6F97C5FB4FB200000122F72C62FE2F4080B30D
1248BF16452281170611C3E71888D86D8FFF001FFC6F97C5FB3FB200000122F72C62FE2F4080A30E
1248BB16452381170611C3E41888E16D8FFF001FFC6F97C5FB3FB200000222F72C62FE2F4080B30F
1248BF16452581170611C3EB1888E36D8FFF001FFC6F97C4FB3FB200000122F72C62FE2F4080B310
1248BF1645298116FE11C3E81888E36D8FFF001FFD6F97C4FB4FB200000122F72C62FE2F4080B311
1248BF16452781170611C3EB1888E16D8FFF001FFB6F97C3FB3FB200000122F72C62FE2F4080B312
1248BF1645298116FE11C3E81888DE6D8FFF001FFB6F97C3FB3FB200000122F72C62FE2F4080B313
1248BB16452281170611C3EB1888DE6D8FFF001FFB6F97C3FB3FB200000222F72C62FE2F4080B314
1248BB1645288116FE11C3EC1888DE6D8FFF001FFC6F97C3FB3FB200000222F72C62FE2F4080B315
1248BB16452681170611C3EB1888DB6D8FFF001FFB6F97C3FB3FB200000122F72C62FE2F4080A316
1248BB1645228116FE11C3EC1888E36D8FFF001FFB6F97C3FB3FB200000222F72C62FE2F4080B317
1248BF16451881170111C3EF1888E36D8FFF001FFB6F97C3FB4FB200000122F72C62FE2F4080B318
1248B716451A81170611C3EC1888E16D7FFF001FFD6FA7C3FB4FB200000122F72C62FE2F4080B319
1248BB1645228116FE11C3EB1888E36D8FFF001FFC6F97C3FB4FB200000122F72C62FE2F4080B31A
1248BF1645228116FE11C3EC1888DE6D8FFF001FFB6F77C3FB3FB200000122F72C62FE2F4080B31B
1248BB16452381170611C3E71888E36D8FFF001FFA6F87C3FB4FB200000122F72C62FE2F4080B31C
1248BF1645258116FE11C3E81888DB6D8FFF001FFC6F97C3FB4FB200000122F72C62FE2F4080B31D
1248B716452681170611C3EB1888E36D8FFF001FFD6F97C4FB3FB200000122F72C62FE2F4080B31E
1248B71645298116FE11C3E81888D86D8FFF001FFC6F97C4FB3FB200000122F72C62FE2F4080B31F
1248BB16452481170611C3EB1888E16D8FFF001FFC6F97C4FB3FB200000022F72C62FE2F4080B320
1248B21645238116FE11C3EC1888E36D7FFF001FFB6F97C4FB3FB200000022F72C62FE2F4080A321
1248AE16451E81170611C3EB1888DE6D7FFF001FFC6F97C4FB4FB200000122F72C62FE2F4080B322
1248B216451B8116FE11C3F01888E16D8FFF001FFD6F97C4FB3FB200000122F72C62FE2F4080B323
1248B216451F81170611C3E71888DE6D8FFF001FFC6F97C4FB3FB200000122F72C62FE2F4080B324
1248AE16452381170611C3E81888E36D8FFF001FFC6F97C5FB3FB200000122F72C62FE2F4080B325
1248B21645258116FE11C3E71888E96D8FFF001FFB6F97C5FB4FB200000122F72C62FE2F4080B326
1248AE16452181170611C3E81888E16D8FFF001FFC6F97C5FB3FB200000122F72C62FE2F4080B327
1248AE16452481170611C3EB1888E36D7FFF001FFC6F97C5FB4FB200000122F72C62FE2F4080B328
1248B11645238116FE11C3E81888D86D8FFF001FFB6F97C5FB3FB200000122F72C62FE2F4080B329
1248AE16451C81170611C3EB1888E16D8FFF001FFA6F97C5FB4FB200000122F72C62FE2F4080A32A
1248B71645238116FE11C3E81888DE6D7FFF001FFC6F97C5FB5FB300000222F72C62FE2F4080B32B
1248BB16452581170D11C3E71888DE6D7FFF001FFD6F97C6FB6FB300000122F72C62FE2F4080B32C
1248B716452581170611C3E81888DB6D7FFF001FFC6F97C6FB6FB300000122F72C62FE2F4080B32D
1248BB1645218116FE11C3E71888DE6D7FFF001FFC6F97C6FB5FB300000222F72C62FE2F4080B32E
1248BB16452481170611C3EC1888DE6D8FFF001FFC6F97C5FB5FB300000222F72C62FE2F4080B32F
1248BB16452581170911C3E71888E36D7FFF001FFD6F97C6FB5FB300000122F72C62FE2F4080B330
1248BB16452581170611C3E81888E16D7FFF001FFD6F97C6FB5FB300000122F72C62FE2F4080B331
1248BB1645268116FE11C3EB1888E36D7FFF001FFD6F97C5FB5FB300000122F72C62FE2F4080B332
1248B716452581170D11C3E81888DE6D7FFF001FFB6F97C6FB6FB300000122F72C62FE2F4080A333
1248B716452D81170611C3F31888E66D7FFF001FFB6F97C5FB5FB300000122F72C62FE2F4080B334
1248B716452881170611C3F41888E96D7FFF001FFD6F97C5FB5FB300000222F72C62FE2F4080A335
1248BF16452981170611C3FB1888E96D7FFF001FFE6F97C5FB5FB300000122F72C62FE2F4080B336
1248BB16452681170D11C3F81888EF6D7FFF001FFD6F97C5FB5FB300000222F72C62FE2F4080B337
1248BB16451E81170D11C3FB1888EC6D8FFF001FFC6F97C5FB5FB300000122F72C62FE2F4080B338
1248B716451B81170611C4041888EF6D7FFF001FFC6F97C5FB5FB300000122F72C62FE2F4080B339
1248BB16452381170D11C4031888F46D7FFF001FFC6F97C5FB5FB300000322F72C62FE2F4080B33A
1248C316452581170D11C4081888EC6D8FFF001FFC6FA7C5FB5FB300000122F72C62FE2F4080B33B
1248BB16452D81170611C40B1888FA6D7FFF001FFC6F97C5FB5FB300000122F72C62FE2F4080B33C
1248C716452981171411C4101888FF6D7FFF001FFC6F97C5FB5FB300000222F72C62FE2F4080B33D
1248D016452981170611C40F1888FD6D7FFF001FFC6F97C5FB5FB300000322F72C62FE2F4080B33E
1248CB16453381171411C4141889056D7FFF001FFC6F97C5FB5FB300000122F72C62FE2F4080B33F
1248D016453C81170D11C4171889056D7FFF001FFB6F97C5FB6FB300000222F72C62FE2F4080B340
1248D816453F81170D11C41418890A6D7FFF001FFC6F97C5FB5FB300000122F72C62FE2F4080B341
1248E016454681171411C4171889026D7FFF001FFC6F97C5FB5FB300000122F72C62FE2F4080B342
1248E416454981171411C41818890A6D8FFF001FFD6F97C5FB5FB300000122F72C62FE2F4080B343
1248E916454981171411C41B18890A6D8FFF001FFC6F97C5FB5FB300000122F72C62FE2F4080B344
1248E416454681170611C4141889026D7FFF001FFC6F97C4FB4FB300000222F72C62FE2F4080B345
1248E916454281172311C41B1889056D8FFF001FFB6F97C4FB4FB300000122F72C62FE2F4080B346
1248E916454281170D11C4181889106D8FFF002FFC6F97C4FB4FB300000122F72C62FE2F4080B347
1248EB16454881171C11C41B1889106D7FFF001FFD6F97C3FB4FB300000022F72C62FE2F4080B348
1248E416454981171411C42418890E6D8FFF001FFD6F97C3FB4FB300000122F72C62FE2F4080B349
1248F116454981171711C41F18890A6D8FFF001FFD6F97C3FB4FB300000122F72C62FE2F4080B34A
1248E916454981171C11C41C1889106D7FFF001FFC6F97C2FB4FB300000122F72C62FE2F4080B34B
1248E916454981171411C41B1889136D8FFF001FFC6F97C2FB4FB300000222F72C62FE2F4080B34C
1248E016454181171C11C41C18890A6D8FFF001FFC6F97C2FB4FB300000122F72C62FE2F4080B34D
1248E016454381171411C41B1889106D8FFF001FFC6F97C2FB4FB300000122F72C62FE2F4080B34E
1248E416454781171C11C41C18890A6D8FFF001FFC6F97C1FB5FB300000222F72C62FE2F4080B34F
1248E916454681171C11C41B1889086D8FFF001FFC6F97C1FB4FB300000122F72C62FE2F4080A350
1248ED16454881171C11C41C1888FF6D7FFF001FFC6F97C1FB4FB300000122F72C62FE2F4080B351
1248ED16454C81171C11C41318890A6D8FFF001FFB6F97C0FB4FB300000122F72C62FE2F4080B352
1248ED16454E81172311C4101889026D8FFF001FFC6F97C0FB4FB300000122F72C62FE2F4080B353
1248F116455181171C11C40B1888FA6D8FFF001FFC6F87C0FB4FB300000122F72C62FE2F4080B354
1248F516455381171C11C40C1888FF6D8FFF001FFC6F97C0FB4FB300000222F72C62FE2F4080B355
1248F516455381172311C40B1888FD6D8FFF001FFC6F97C0FB5FB300000122F72C62FE2F4080B356
1248F516455381171C11C40C1888FF6D8FFF001FFC6F97C0FB4FB300000222F72C62FE2F4080B357
1248F516455A81172311C40F1888FF6D8FFF001FFC6F97BFFB4FB300000122F72C62FE2F4080B358
1248F516455681171C11C4081888F46D8FFF001FFD6F97C0FB4FB300000222F72C62FE2F4080B359
1248F516454981172311C40B1888F76D8FFF001FFD6F97C0FB4FB300000122F72C62FE2F4080B35A
1248ED16454481172311C4081888FA6D9FFF001FFC6F87BFFB5FB200000122F72C62FE2F4080B35B
1248DC16454181172311C40F1888FA6D8FFF001FFD6F97C0FB5FB200000222F72C62FE2F4080B35C
1248E016453481172311C4081888FD6D8FFF001FFD6F97C0FB5FB200000122F72C62FE2F4080B35D
1248DC16453481172311C40F1888FF6D8FFF001FFC6F97C0FB5FB200000222F72C62FE2F4080B35E
1248D016453581172311C40C1888FA6D8FFF001FFC6F97C0FB6FB200000122F72C62FE2F4080B35F
1248D416453D81172311C40B1888FF6D8FFF001FFC6F97C0FB5FB200000222F72C62FE2F4080B360
1248DC16454281172B11C40C1888F76D8FFF001FFE6F87C0FB5FB200000222F72C62FE2F4080B361
1248EB16454481171C11C4131888FF6D8FFF001FFD6F97C0FB5FB200000222F72C62FE2F4080B362
1248E016454881172B11C4141888FF6D8FFF001FFD6F97C0FB5FB200000122F72C62FE2F4080B363
1248E416454981172311C4131889086D9FFF001FFC6F97C0FB5FB200000222F72C62FE2F4080B364
1248E016453F81172D11C4141889056D8FFF001FFC6F97C0FB5FB200000222F72C62FE2F4080B365
1248DC16454181171C11C40F1889056D8FFF001FFC6F97C0FB5FB200000222F72C62FE2F4080B366
1248DC16453D81172B11C40C1888FF6D9FFF001FFC6F97C0FB5FB200000122F72C62FE2F4080B367
1248E016453A81172B11C41B1888F76D9FFF001FFC6F97C0FB6FB200000222F72C62FE2F4080B368
1248D416453E81172B11C4201888FF6D9FFF001FFC6F97C0FB5FB200000122F72C62FE2F4080B369
1248D816453B81172311C41B1888FF6D9FFF001FFC6F97C0FB5FB200000122F72C62FE2F4080A36A
1248DC16454581172B11C4141889086D8FFF001FFD6F97C1FB6FB200000122F72C62FE2F4080A36B
1248E916454781172B11C4031888FF6D9FFF001FFC6F97C1FB5FB200000122F72C62FE2F4080B36C
1248ED16454481172B11C4081888F46D9FFF001FFD6FA7C1FB6FB200000122F72C62FE2F4080B36D
1248E416454881172B11C40F1888EC6D8FFF001FFE6F97C1FB6FB200000122F72C62FE2F4080B36E
1248E416454981172311C4181888FA6D8FFF001FFC6F97C1FB5FB200000122F72C62FE2F4080B36F
1248E416454681173211C42318890A6D8FFF001FFB6F97C1FB5FB200000122F72C62FE2F4080B370
1248ED16454B81172B11C4311889166D7FFF001FFC6F97C2FB5FB200000122F72C62FE2F4080A371
1248F916454B81172B11C42B1889196D8FFF001FFD6F97C2FB5FB200000222F72C62FE2F4080B372
1248F916454C81172B11C41C1889166D8FFF001FFD6F97C2FB6FB200000122F72C62FE2F4080A373
1248E916454B81172B11C4031889056D8FFF001FFC6F97C3FB5FB200000122F72C62FE2F4080B374
1248E016453F81173211C3F41888F26D8FFF001FFC6F97C3FB5FB200000222F72C62FE2F4080B375
1248DC16453A81172B11C3EF1888DE6D8FFF001FFD6F97C3FB6FB200000122F72C62FE2F4080B376
1248D816453381173211C3F81888DE6D7FFF001FFD6F97C4FB5FB200000122F72C62FE2F4080B377
1248E016453781172B11C4031888E36D8FFF001FFD6F97C5FB6FB200000122F72C62FE2F4080A378
1248E016454281173211C4141888F26D8FFF001FFC6F97C5FB5FB200000222F72C62FE2F4080B379
1248E416454781172B11C4231889056D8FFF001FFC6F97C5FB5FB200000122F72C62FE2F4080B37A
1248E916454981173211C4241889106D8FFF001FFD6F97C6FB5FB200000122F72C62FE2F4080B37B
1248E916455081173211C42F1889196D8FFF001FFD6F97C6FB5FB200000122F72C62FE2F4080B37C
1248F816455E81173211C43518891B6D8FFF001FFD6F97C6FB5FB200000122F72C62FE2F4080B37D
12490A16456581172B11C4331889266D9FFF001FFD6F97C7FB5FB200000222F72C62FE2F4080B37E
12491216456081173911C4351889266D8FFF001FFD6F97C7FB5FB200000222F72C62FE2F4080B37F
1248FD16455381173211C43318892A6D8FFF001FFD6F97C8FB5FB200000222F72C62FE2F4080B380
1248E916454E81173211C4311889266D8FFF001FFC6F97C8FB5FB200000122F72C62FE2F4080B381
1248D416453081173511C42F1889266D8FFF001FFC6F97C8FB5FB200000222F72C62FE2F4080B382
1248CB16452581173211C43518891E6D7FFF001FFD6F97C9FB5FB200000122F72C62FE2F4080B383
1248B716452981173911C4331889266D9FFF001FFC6F97C9FB6FB200000122F72C62FE2F4080B384
1248D016453181173211C42F1889216D8FFF001FFD6F97CAFB5FB200000222F72C62FE2F4080B385
1248D416453981173911C4351889216D8FFF001FFD6F97C9FB6FB200000122F72C62FE2F4080B386
1248D816453681173211C42F1889246D8FFF001FFD6F97CAFB6FB200000022F72C62FE2F4080B387
1248E416454881174111C4311889216D8FFF001FFE6F97CAFB5FB200000122F72C62FE2F4080B388
1248ED16454F81173211C4331889216D8FFF001FFE6F97CAFB5FB200000122F72D62FE2F4180B389
1248F916455881174111C43118891E6D9FFF001FFC6F97CAFB5FB200000122F72D62FE2F4080B38A
12490E16456581173911C43318891B6D9FFF001FFD6F97CBFB6FB300000122F72D62FE2F4080B38B
12490616455C81173911C4311889266D9FFF001FFE6F97CBFB6FB400000122F72D62FE2F4080B38C
1248F916455581173911C42F1889216D9FFF001FFE6F97CBFB6FB400000122F72D62FE2F4080B38D
1248F516455681174111C4311889246D9FFF001FFD6F97CBFB5FB400000222F72D62FE2F4080B38E
1248FD16456081174111C4381889216DAFFF001FFE6F97CBFB5FB400000222F72D62FE2F4080B38F
12490E16456281173911C4311889266DAFFF001FFD6F97CBFB5FB400000122F72D62FE2F4080B390
12490E16456D81174111C43818891E6D9FFF001FFD6F97CBFB6FB400000122F72D62FE2F4080B391
12490E16456B81174111C4391889266D9FFF001FFC6F97CBFB5FB400000022F72D62FE2F4080B392
12491616456B81173911C42F1889216D9FFF001FFB6F97CBFB6FB400000122F72D62FE2F4080B393
12491616456C81174811C4351889216D9FFF001FFC6F97CBFB6FB400000222F72D62FE2F4080B394
12491216456D81174111C42F18892A6DAFFF001FFD6FA7CBFB5FB400000122F72D62FE2F4080B395
12491916456981174111C43118891B6D9FFF001FFD6F97CCFB6FB400000122F72D62FE2F4080B396
12491A16456781174811C42F1889266D9FFF001FFD6F97CBFB6FB400000022F72D62FE2F4080B397
12491216456081174111C43118891E6D9FFF001FFD6F97CBFB5FB400000122F72D62FE2F4080B398
12490E16456081174111C43318891B6D9FFF001FFC6F97CBFB6FB300000122F72D62FE2F4080B399
12490A16456281174811C4311889216D8FFF001FFB6F97CCFB5FB400000122F72D62FE2F4080A39A
12490E16456E81174811C42F1889216D9FFF001FFC6F97CCFB5FB400000122F72D62FE2F4080B39B
12490E16456681174111C43918891E6D9FFF001FFD6F97CCFB6FB400000222F72D62FE2F4080B39C
12490116455F81174811C43C1889266D8FFF001FFD6F97CCFB5FB400000122F72D62FE2F4080B39D
12490116456081174811C43D18892C6D9FFF001FFC6F97CCFB5FB400000222F72D62FE2F4080B39E
1248FD16455F81174111C4331889246D8FFF001FFB6F97CCFB6FB400000122F72D62FE2F4080B39F
12490116456081174811C4391889266D8FFF001FFD6F97CCFB5FB400000122F72D62FE2F4080B3A0
12490116456281174811C43C18892C6D9FFF001FFD6F97CCFB5FB400000122F72D62FE2F4080B3A1
12490616456381174B11C4351889266D8FFF001FFD6F97CCFB6FB400000122F72D62FE2F4080B3A2
12490E16456281174111C43C18892A6D8FFF001FFC6F97CCFB6FB400000122F72D62FE2F4080B3A3
12490A16456A81174811C43D1889266D9FFF001FFD6F97CCFB5FB400000122F72D62FE2F4080B3A4
12490A16456881174811C43818892C6D8FFF001FFD6F97CDFB4FB400000222F72D62FE2F4080B3A5
12490A16456781174811C43918892A6D8FFF001FFC6F97CDFB5FB400000122F72D62FE2F4080B3A6
12490E16456E81174811C43818892C6D8FFF001FFC6F97CDFB4FB400000122F72D62FE2F4080B3A7
12490E16456781174811C4391889266D8FFF001FFC6F97CDFB4FB400000222F72D62FE2F4080B3A8
12491216456581174811C44018892C6D8FFF001FFD6F87CEFB4FB400000122F72D62FE2F4080B3A9
12491216456781174811C43518891E6D8FFF001FFD6F97CEFB5FB400000122F72D62FE2F4080B3AA
12491216456581174811C4331889266D8FFF001FFD6F97CEFB4FB400000122F72D62FE2F4080B3AB
12491216456981174811C43D18892C6D7FFF001FFC6F87CEFB5FB400000122F72D62FE2F4080B3AC
12491016456681174111C42F1889246D8FFF001FFD6F97CEFB4FB400000122F72D62FE2F4080B3AD
12491216456581174F11C4311889266D7FFF001FFD6F97CEFB4FB400000122F72D62FE2F4080B3AE
12490E16456081174111C4331889266D7FFF001FFD6F97CEFB5FB400000022F72D62FE2F4080B3AF
12490A16456881174811C4351889216D7FFF001FFC6F97CEFB4FB400000122F72D62FE2F4080A3B0
12490A16456981174111C4331889246D7FFF001FFD6F97CEFB4FB400000122F72D62FE2F4080B3B1
12490A16455C81174811C4411889216D7FFF001FFD6F97CEFB4FB400000122F72D62FE2F4080B3B2
12490A16456081174811C4401889216D7FFF001FFD6FA7CEFB4FB400000122F72D62FE2F4080B3B3
12490116456381174111C43518892A6D7FFF001FFC6F97CEFB4FB400000122F72D62FE2F4080B3B4
12490616456281174111C43318891B6D7FFF001FFC6F97CEFB5FB400000122F72D62FE2F4080B3B5
12490616456281174111C42D18891B6D7FFF001FFD6F87CFFB4FB400000222F72D62FE2F4080B3B6
12490616456281174111C42B18891B6D7FFF001FFD6F97CEFB4FB400000122F72D62FE2F4080B3B7
12490116456281174811C4391889196D7FFF001FFD6F97CEFB4FB400000122F72D62FE2F4080B3B8
12490616456281173911C42F18891B6D7FFF001FFE6F97CFFB4FB400000122F72D62FE2F4080B3B9
12490A16456281173911C43118891B6D7FFF001FFE6F97CFFB5FB400000122F72D62FE2F4080B3BA
12490616456281174111C42B1889196D7FFF001FFD6F77CEFB5FB400000222F72D62FE2F4080B3BB
12490616456281173911C43518891B6D7FFF001FFC6F97CEFB5FB400000122F72D62FE2F4080B3BC
12490616456081173911C43318891B6D7FFF001FFC6F97CEFB5FB300000222F72D62FE2F4080A3BD
12490A16455D81173911C42F1889216D7FFF001FFE6F97CEFB5FB300000222F72D62FE2F4080B3BE
12490A16455D81173211C4351889196D7FFF001FFE6F97CEFB5FB300000222F72D62FE2F4080B3BF
12490E16456481173211C44818891B6D7FFF002FFD6F97CEFB6FB300000222F72D62FE2F4080B3C0
12491216456481173211C4551889266D7FFF001FFE6F97CEFB5FB300000022F72D62FE2F4080B3C1
12491F16456D81173211C4441889356D7FFF001FFD6F97CEFB5FB300000222F72D62FE2F4080B3C2
12492316457181172D11C43D1889376D6FFF001FFD6F97CDFB5FB300000122F72D62FE2F4080B3C3
12492116457881172B11C42F18892C6D7FFF001FFE6F97CDFB5FB300000122F72D62FE2F4080B3C4
12491F16457181172B11C42D18891B6D7FFF001FFD6FB7CDFB5FB300000122F72D62FE2F4080B3C5
12491216456681172B11C42B1889196D7FFF001FFD6F97CCFB6FB300000122F72D62FE2F4080B3C6
12490A16456281172311C4201889166D7FFF001FFD6F97CBFB5FB300000122F72D62FE2F4080B3C7
12490116456281172311C4271889166D7FFF001FFD6F97CCFB5FB300000122F72D62FE2F4080B3C8
1248FD16455E81172311C42818891E6D6FFF001FFD6F97CAFB5FB300000122F72D62FE2F4080B3C9
1248FD16455D81171C11C42B1889166D7FFF001FFD6F97C9FB6FB300000122F72D62FE2F4080B3CA
1248FD16455981171C11C4391889216D7FFF001FFD6F97CAFB5FB300000122F72D62FE2F4080B3CB
1248FD16455881171C11C4331889266D6FFF001FFD6F97C9FB6FB300000122F72D62FE2F4080B3CC
12490616455C81171411C44118892A6D7FFF001FFC6F97C7FB6FB300000122F72D62FE2F4080B3CD
1248FD16455981171411C4401889266D6FFF001FFD6F97C8FB5FB300000122F72D62FE2F4080B3CE
12490616455881171411C4391889376D6FFF001FFD6F97C6FB5FB300000122F72D62FE2F4080B3CF
12490116455B81171411C42F18892A6D6FFF001FFD6F97C5FB5FB300000122F72C62FE2F4180B3D0
1248FD16455A81170611C4281889266D6FFF001FFD6F97C5FB6FB300000222F72C62FE2F4080B3D1
1248F916455881170611C4271889216D6FFF001FFE6F97C4FB5FB300000122F72C62FE2F4080B3D2
1248F516455181170D11C4241889216D7FFF001FFD6F97C3FB6FB300000222F72C62FE2F4080B3D3
1248F116454A81170611C41F1889136D6FFF001FFE6F97C3FB5FB200000122F72C62FE2F4080B3D4
1248E016453B81170611C41C1889106D5FFF001FFD6F97C1FB4FB100000122F72C62FE2F4080B3D5
1248D81645388116FE11C41B1889166D6FFF001FFD6F97C0FB3FB100000222F72C62FE2F4080B3D6
1248DC16453E8116FE11C4141889086D6FFF001FFD6F97C0FB3FB100000122F72C62FE2F4080B3D7
1248D81645408116F711C40F1889056D5FFF001FFD6F97BFFB3FB100000222F72C62FE2F4080B3D8
1248E01645428116F711C40C1889056D6FFF001FFE6F97BDFB4FB100000122F72C62FE2F4080B3D9
1248DC1645448116F711C40B1889026D6FFF001FFD6F97BDFB3FB100000122F72C62FE2F4080B3DA
1248E01645448116F711C4001888FA6D5FFF001FFC6F97BCFB3FB100000122F72C62FE2F4080B3DB
1248E01645448116F311C4031888FA6D6FFF001FFC6F97BBFB4FB100000222F72C62FE2F4080B3DC
1248E31645478116F011C4001888F46D5FFF001FFD6F97BAFB3FB100000222F72C62FE2F4080B3DD
1248E016453F8116E811C4031888F76D5FFF001FFD6F97BAFB3FB100000222F72C62FE2F4080B3DE
1248DC16453D8116E811C4041888EF6D5FFF001FFD6FC7B9FB4FB100000222F72C62FE2F4080B3DF
1248DC16453C8116E811C4031888FF6D6FFF001FFD6FA7B8FB3FB100000222F72C62FE2F4080B3E0
1248D416453B8116E111C40C1888F26D6FFF001FFD6F97B8FB3FB100000222F72C62FE2F4080B3E1
1248D816453A8116E811C40B1888FF6D7FFF001FFD6F97B6FB4FB100000222F72C62FE2F4080B3E2
1248D81645338116E111C4081888F46D6FFF001FFE6F97B6FB3FB100000122F72C62FE2F4080B3E3
1248D01645338116DA11C40F1888FF6D6FFF001FFD6F97B5FB4FB100000222F72C62FE2F4080B3E4
1248D016452A8116E111C4101888FD6D6FFF001FFD6F87B4FB3FB100000122F72C62FE2F4080B3E5
1248C71645298116DA11C40B1888FF6D6FFF001FFE6F97B3FB3FB100000122F72C62FE2F4080B3E6
1248C31645248116DA11C40C1888FA6D6FFF001FFD6F97B2FB3FB100000222F72C62FE2F4080B3E7
1248C71645238116D211C40B1889026D6FFF001FFD6F97B1FB4FB100000122F72C62FE2F4080B3E8
1248C71645298116D211C4081888FA6D6FFF001FFD6F97B0FB3FB100000122F72C62FE2F4080B3E9
1248BF16452B8116DA11C40F1888FF6D6FFF001FFE6F97B0FB3FB100000122F72C62FE2F4080B3EA
1248BF16452B8116CB11C40C1888F46D6FFF001FFE6F97AFFB4FB100000122F72C62FE2F4080B3EB
1248C31645208116D211C40B1889026D6FFF001FFD6F97AEFB4FB100000222F72C62FE2F4080B3EC
1248C31645268116CB11C40C1888FA6D6FFF001FFD6F97ADFB3FB200000122F72C62FE2F4080B3ED
1248C31645248116D211C4031888FF6D7FFF001FFD6F97ADFB3FB300000122F72C62FE2F4080B3EE
1248BB1645208116CB11C4041888F26D6FFF001FFD6F97ABFB3FB300000222F72C62FE2F4080B3EF
1248BF1645248116C411C4031888FA6D7FFF001FFD6F87ABFB4FB300000122F72C62FE2F4080B3F0
1248B71645258116D511C4001888FA6D7FFF001FFD6F97ABFB4FB300000222F72C62FE2F4080B3F1
1248B216451E8116BC11C4031888EC6D6FFF001FFD6F97AAFB3FB300000122F72C62FE2F4080B3F2
1248B216451E8116CB11C4041888FA6D6FFF001FFD6F97A9FB3FB300000122F72C62FE2F4080B3F3
1248AE1645208116CB11C4031888F46D7FFF001FFD6F97A9FB3FB300000122F72C62FE2F4080B3F4
1248B716451E8116C411C4041888FA6D6FFF001FFD6F97A8FB3FB300000122F72C62FE2F4080B3F5
1248AE1645228116C411C3FF1888F76D7FFF001FFD6F97A7FB4FB300000122F72C62FE2F4080B3F6
1248B71645258116C411C4001888F46D7FFF001FFE6F97A7FB4FB300000222F72C62FE2F4080B3F7
1248AE16451A8116C411C3FF1888F46D7FFF002FFE6F97A7FB4FB300000022F72C62FE2F4080B3F8
1248AE1645168116C411C4081888F26D7FFF001FFC6F97A6FB4FB300000122F72C62FE2F4080B3F9
1248A21645128116CB11C4031888FA6D7FFF001FFC6F97A6FB4FB300000122F72C62FE2F4080B3FA
1248A216450E8116BC11C4001888EF6D7FFF001FFE6F97A6FB3FB300000222F72C62FE2F4080B3FB
12489C1645088116CB11C4031888F46D7FFF001FFF6F87A6FB3FB300000322F72C62FE2F4080B3FC
12489916450B8116BC11C4001888F26D7FFF001FFD6F97A6FB4FB300000222F72C62FE2F4080B3FD
12489516450C8116C411C3F71888EF6D7FFF001FFC6F97A6FB3FB300000222F72C62FE2F4080B3FE
1248991645098116C411C3F01888E96D8FFF001FFD6F77A6FB3FB300000122F72C62FE2F4080B3FF
1248911645058116CB11C3F31888E66D7FFF001FFE6F97A6FB4FB300000122F72C62FE2F4080B300
1248911645058116C411C3F01888E36D7FFF001FFD6F97A6FB3FB300000122F72C62FE2F4080B301
1248911645078116C411C3EF1888E36D7FFF001FFD6F97A6FB4FB300000222F72C62FE2F4080B302
1248911645078116C411C3F41888E16D7FFF001FFE6F97A7FB4FB300000122F72C62FE2F4080B303
12488D16450F8116C411C3F31888E96D7FFF001FFE6F97A7FB4FB300000222F72C62FE2F4080B304
1248951645068116C611C3FC1888E96D8FFF001FFD6F97A7FB3FB100000122F72C62FE2F4080B305
1248951645068116C411C3EF1888EF6D7FFF001FFD6F87A7FB3FB100000022F72C62FE2F4080B306
1248951645038116CB11C3F01888E66D7FFF001FFD6F77A8FB2FB100000122F72C62FE2F4080B307
1248911645028116C411C3F71888DE6D7FFF001FFD6F97A8FB2FB100000022F72C62FE2F4080B308
12488D1645058116CB11C3F81888EF6D7FFF001FFE6F97A9FB3FB100000122F72C62FE2F4080B309
1248951645078116C411C3F31888E66D7FFF001FFD6F97A9FB2FB100000022F72C62FE2F4080B30A
12489516450A8116CB11C3F81888E36D7FFF001FFC6F97AAFB2FB100000222F72C62FE2F4080B30B
12489916450C8116CB11C3F71888E36D7FFF001FFD6F97ABFB3FB100000122F72C62FE2F4080B30C
1248951645108116D211C3FC1888EF6D7FFF001FFE6F97ABFB3FB100000122F72C62FE2F4080B30D
12489E1645118116CB11C3FF1888F76D7FFF001FFD6F97ACFB3FB100000222F72C62FE2F4080B30E
12489516450E8116CB11C3F81888EF6D7FFF001FFE6F97ACFB3FB100000222F72C62FE2F4080B30F
12489516450C8116D211C3F31888EF6D7FFF001FFD6F97ACFB3FB100000222F72C62FE2F4080B310
12489E16450C8116DA11C3F41888EC6D7FFF001FFC6F97ADFB3FB100000122F72C62FE2F4080B311
1248AA1645228116D211C3F31888E96D6FFF001FFC6F97AEFB2FB100000222F72C62FE2F4080B312
1248C31645368116DA11C3F41888E96D7FFF001FFD6F97AEFB3FB100000122F72C62FE2F4080B313
1248CB16453D8116E111C3F71888F26D6FFF001FFE6F97AEFB3FB100000122F72C62FE2F4080B314
1248D416453C8116DA11C3FC1888F46D6FFF001FFE6F97AEFB2FB100000122F72C62FE2F4080B315
1248CB16452F8116E111C3FB1888FA6D6FFF001FFE6F97AFFB2FB100000122F72C62FE2F4080B316
1248BB1645268116E111C3F01888EF6D6FFF001FFD6F97AFFB3FB100000222F72C62FE2F4080B317
1248B716451E8116E811C3FF1888E16D6FFF001FFD6F97AFFB2FB100000122F72C62FE2F4080B318
1248AE16451E8116EB11C3FC1888F46D7FFF001FFE6F97AFFB3FB100000222F72C62FE2F4080B319
1248B21645168116E811C4031888F46D6FFF001FFE6F97AFFB3FB100000122F72C62FE2F4080B31A
1248A61645188116E811C3FC1888F26D6FFF001FFD6F97B0FB3FB100000122F72C62FE2F4080B31B
1248A21645188116F711C3FF1888EF6D7FFF001FFD6F97B0FB2FB100000122F72C62FE2F4080B31C
1248A61645198116F011C4001888E96D6FFF001FFD6F97B0FB4FB100000122F72C62FE2F4080B31D
1248AA1645238116F711C4031888FA6D7FFF001FFD6F97B1FB5FB100000222F72C62FE2F4080B31E
1248BF16452C8116FE11C4081888F26D7FFF001FFD6F87B1FB5FB100000122F72C62FE2F4080B31F
1248BB16453B8116F711C4071888FF6D7FFF001FFD6F97B1FB5FB100000122F72C62FE2F4080B320
1248CB16453D81170611C4101888FF6D7FFF001FFE6F97B1FB4FB100000222F72C62FE2F4080B321
1248CE16453A81170611C40B1889026D7FFF001FFD6FA7B2FB4FB100000122F72C62FE2F4080B322
1248D416453781170611C4101889056D7FFF001FFD6F87B2FB5FB100000122F72C62FE2F4080B323
1248D416453181170D11C40F1889106D7FFF001FFD6F97B2FB4FB100000122F72C62FE2F4080B324
1248C716453481170D11C40C1889086D7FFF001FFD6F97B3FB5FB100000122F72C62FE2F4080B325
1248C316453581170D11C40B1889056D8FFF001FFD6F97B3FB4FB100000122F72C62FE2F4080B326
1248CB16453281171411C4141888FA6D7FFF001FFE6F97B3FB4FB100000122F72C62FE2F4080B327
1248D416453E81171411C41718890A6D8FFF001FFE6F97B4FB5FB100000222F72C62FE2F4080B328
1248DC16454881172311C41818890E6D8FFF001FFD6F97B4FB4FB100000022F72C62FE2F4080B329
1248E416455081171C11C41F1889106D7FFF001FFD6F87B5FB5FB100000122F72C62FE2F4080B32A
1248E916455B81172311C42418891B6D9FFF001FFD6F97B6FB4FB100000222F72C62FE2F4080B32B
1248F116455B81172311C42318891E6D8FFF001FFD6F97B6FB5FB100000122F72C62FE2F4080B32C
1248F116455B81172B11C4241889166D8FFF001FFE6F97B7FB4FB100000122F72C62FE2F4080B32D
1248F516455A81172B11C42318891B6D8FFF001FFD6F97B8FB4FB100000222F72C62FE2F4080B32E
1248F516455B81172B11C42D18891B6D9FFF001FFC6F87B8FB5FB100000122F72C62FE2F4080B32F
1248F516455681173911C4331889246D9FFF001FFD6F97B9FB4FB100000122F72C62FE304180B330
1248E916455A81173211C4351889266D9FFF001FFE6F97BAFB5FB100000122F72C62FE304080B331
1248F916455A81173911C43C1889376D9FFF001FFE6F97BAFB5FB100000222F72C62FE304080B332
1248FD16456881173C11C43D1889356D9FFF001FFD6F97BBFB4FB100000222F72C62FE304080B333
12490A16457081173911C44418893D6D9FFF001FFD6F97BCFB5FB100000222F72C62FE304080B334
12490A16456E81174811C43D18893D6D8FFF001FFD6F97BDFB5FB200000122F72C62FE304080B335
12490E16456D81174811C4401889376D9FFF001FFD6F97BDFB5FB200000122F72C62FE304080B336
12490A16457081174811C44518893A6D9FFF001FFE6F97BFFB5FB200000222F72C62FE304080B337
12490A16457581174811C4401889326D9FFF001FFE6F87BFFB5FB200000122F72C62FE304080B338
12490E16457381174F11C44518893D6D9FFF001FFD6F97C0FB4FB200000122F72C62FE304080B339
12490E16457581174F11C44C1889406D8FFF001FFD6F97C2FB4FB200000122F72C62FE304080B33A
12491516457681175711C44D18894D6D9FFF001FFE6F87C3FB5FB200000222F72C62FE304080B33B
12491216457781175711C44C18894D6D9FFF001FFE6F97C3FB4FB200000122F72C62FE304080B33C
12491216457D81175E11C44D18894D6D8FFF001FFE6F97C4FB5FB200000222F72C62FE304080B33D
12491F16458581175E11C45018894B6D9FFF001FFE6F87C5FB5FB200000122F72C62FE304080B33E
12492716458681175E11C44918894D6D9FFF001FFD6F97C6FB5FB200000122F72C62FE304080B33F
12492716458A81176511C44C1889486D9FFF001FFD6F87C7FB4FB200000122F72C62FE304080B340
12492316458381176511C4491889486D8FFF001FFE6F87C9FB5FB200000022F72C62FE304080B341
12492716458081176511C4481889466D9FFF001FFE6F87C9FB4FB200000122F72C62FE304080B342
12492B16458481176D11C4491889426D8FFF001FFD6F97CAFB4FB200000222F72C62FE304080B343
12492716458A81176D11C44418893D6D8FFF001FFD6F87CCFB4FB200000122F72C62FE304080B344
12492716458C81176511C44018893A6D9FFF001FFE6F87CDFB4FB200000122F72C62FE304080B345
12491F16458B81177411C43918892C6D9FFF001FFD6F97CDFB4FB200000222F72C62FE304080B346
12492716458B81177411C4381889266D8FFF001FFD6F97D0FB4FB200000022F72C62FE304080B347
12492B16458B81177411C43D1889266D9FFF001FFD6FA7D0FB4FB200000122F72C62FE304080B348
12493316458F81177B11C4381889196D8FFF001FFE6F97D1FB4FB200000122F72D62FE304180B349
12492F16459381177B11C44518892C6D8FFF001FFD6F87D3FB4FB200000222F72D62FE304080B34A
12493316459981177B11C43818893D6D8FFF001FFC6F97D4FB5FB200000122F72D62FE304080B34B
12493316459B81177B11C43918893A6D8FFF001FFD6F97D4FB4FB200000122F72D62FE304080B34C
12493C16459A81177B11C43C1889216D8FFF001FFD6F87D7FB4FB200000222F72D62FE304080B34D
12493316458C81177B11C44518892C6D8FFF001FFD6F97D8FB4FB100000222F72D62FE304080B34E
12492F16458981178311C4441889426D8FFF001FFD6F97D8FB4FB100000222F72D62FE304080B34F
12493216458481178311C43D18893A6D8FFF001FFD6F87DAFB3FB100000222F72D62FE304080B350
12492F16458481178A11C43C1889376D9FFF001FFD6F97DBFB3FB100000222F72D62FE304080B351
12492B16458281178311C4411889266D8FFF001FFD6F87DBFB3FB100000122F72D62FE304080B352
12492716458181178311C44018892F6D9FFF001FFD6F97DCFB3FB100000022F72D62FE304080B353
12492B16458481178A11C4451889326D9FFF001FFD6F97DDFB4FB100000122F72D62FE304080B354
12492B16458281178A11C4401889376D8FFF001FFD6F97DEFB4FB100000122F72D62FE304080B355
12492F16458181178A11C4391889376D9FFF001FFE6F97DEFB4FB100000122F72D62FE304080B356
12492F16457D81178A11C43818892F6D9FFF001FFE6F97DFFB4FB100000122F72D62FE304080B357
12492B16457F81178A11C42818892C6D8FFF001FFD6F87DFFB3FB100000122F72D62FE304080B358
12492B16457D81178A11C4271889216D9FFF001FFD6F97DFFB4FB100000122F72D62FE304080B359
12492716457C81178A11C4241889196D9FFF001FFD6F97E0FB3FB100000122F72D62FE304080B35A
12492316457881178A11C42B1889166D8FFF001FFD6F87E0FB4FB100000122F72D62FE304080B35B
12492B16457781178A11C42818891B6D9FFF001FFE6F87E1FB3FB100000122F72D62FE304080B35C
12492316457A81178A11C4271889216D9FFF001FFE6F87E1FB3FB100000022F72D62FE304080B35D
12492316457B81178D11C4241889196D9FFF001FFE6F87E1FB3FB100000222F72D62FE304080B35E
12491F16457881178311C42718891B6D9FFF001FFE6F77E1FB4FB100000222F72D62FE304080B35F
12491A16457081179111C4201889106D9FFF001FFE6F87E2FB3FB100000122F72D62FE304080B360
12491A16457081178A11C4231889136D8FFF001FFE6F97E2FB3FB100000122F72D62FE304080B361
12491F16457581178A11C4281889166D9FFF001FFE6F97E2FB4FB100000122F72D62FE304080B362
12491A16457781178A11C4271889166D8FFF001FFF6F87E2FB3FB100000122F72D62FE304080B363
12491A16457A81178A11C4281889106D8FFF001FFE6F97E2FB3FB100000222F72D62FE304080B364
12492116457B81178A11C4271889196D8FFF001FFE6F77E2FB4FB100000222F72D62FE304080B365
12491A16457881178311C42818891B6D8FFF001FFD6F87E2FB4FB200000122F72D62FE304080B366
12491F16457681178A11C43318891B6D8FFF001FFD6F87E2FB5FB300000122F72D62FE304080B367
12491A16457781178A11C4411889246D8FFF001FFD6F97E2FB4FB300000122F72D62FE304080B368
12490A16457381178311C43C1889266D8FFF001FFE6F87E2FB4FB300000122F72D62FE304080B369
12490E16457881178A11C43D1889326D8FFF001FFE6F87E1FB4FB300000122F72D62FE304080B36A
12490E16457581178311C43C1889326D8FFF001FFE6F87E1FB4FB300000222F72D62FE304080B36B
12491216456B81178311C4391889246D8FFF001FFE6F87E1FB4FB300000122F72D62FE304080B36C
12490A16456381178A11C43C1889266D8FFF001FFE6F87E0FB5FB300000122F72D62FE304080B36D
12490E16457581177B11C4411889216D8FFF001FFE6F87E0FB5FB300000122F72D62FE304080B36E
12491216457081177B11C44018892F6D8FFF001FFE6F87DFFB5FB300000122F72D62FE304080B36F
12491216456C81178311C4411889326D8FFF001FFE6F87DFFB4FB300000122F72D62FE304080B370
12490E16456481177B11C43C1889326D8FFF001FFD6F97DEFB4FB300000122F72D62FE304080B371
12490E16456681177411C43D18892C6D8FFF001FFE6F97DEFB4FB300000122F72D62FE304080B372
12491216456781177411C43318892A6D7FFF001FFE6F87DDFB4FB300000122F72D62FE304080B373
12491216456F81177411C4311889216D7FFF001FFE6F87DDFB4FB300000122F72D62FE304080B374
12491216456781177411C42F18891B6D7FFF001FFE6F97DDFB4FB300000122F72D62FE304080B375
12491216457181176D11C43118891E6D8FFF001FFE6F87DBFB4FB300000022F72D62FE304080B376
12491616456C81176D11C43318891B6D8FFF001FFE6F87DBFB4FB300000022F72D62FE304080B377
12491216456781176D11C42D1889216D8FFF001FFC6F87DBFB4FB300000122F72D62FE304080B378
12491616456481176511C4271889216D8FFF001FFD6F97DAFB4FB300000122F72D62FE304080B379
12491616456981176511C42818891E6D8FFF001FFD6F87D9FB4FB300000222F72D62FE304080B37A
12491516456681175E11C4271889166D7FFF001FFE6F97D9FB4FB300000122F72D62FE304080B37B
12491216456D81175E11C42418891B6D7FFF002FFE6F87D8FB4FB300000122F72D62FE304080B37C
12491216456E81175E11C42B18891E6D8FFF001FFE6F97D7FB5FB300000122F72D62FE304080B37D
12491616456D81175711C4281889166D7FFF001FFE6F87D7FB5FB300000122F72D62FE304080B37E
12491616457081175711C42718891B6D7FFF001FFE6F87D7FB4FB400000122F72D62FE304080B37F
12490E16456E81174F11C42B1889216D7FFF001FFE6F97D6FB5FB400000122F72D62FE304080B380
12491616456D81174811C42D18891E6D7FFF001FFE6F87D6FB4FB400000122F72D62FE304080B381
12490A16457081174F11C42F1889216D7FFF001FFE6F87D6FB4FB400000122F72D62FE304080B382
12490A16456E81174811C42D1889216D7FFF001FFE6F87D5FB5FB400000122F72D62FE304080B383
12490E16456981174811C42B1889196D7FFF001FFE6F97D5FB4FB400000122F72D62FE304080B384
12490616456881173911C42D1889216D7FFF001FFE6F97D5FB4FB400000222F72D62FE304080B385
12490616456381174111C4271889166D6FFF001FFE6F87D4FB4FB400000122F72D62FE304080B386
1248FD16455B81173911C4281889216D6FFF001FFE6FA7D3FB4FB400000222F72D62FE304080B387
1248F116455881173C11C42B1889196D7FFF001FFE6F87D3FB4FB400000122F72D62FE304080B388
1248F116455181172B11C4241889216D6FFF001FFE6F97D2FB5FB400000222F72D62FE304080B389
1248E416455181173211C41718891B6D6FFF001FFD6F97D2FB4FB400000122F72D62FE304080B38A
1248E416455081172B11C4141889136D7FFF001FFC6F87D2FB4FB400000122F72D62FE304080B38B
1248DC16454E81172B11C40F18890A6D7FFF001FFD6F97D0FB5FB400000122F72D62FE304080B38C
1248E016454B81172311C40C1888FF6D6FFF001FFE6F87D0FB4FB400000122F72D62FE304080B38D
1248DC16454A81172311C40F1889056D6FFF001FFE6FB7D0FB4FB400000122F72D62FE304080B38E
1248E416454C81171C11C4081889026D6FFF001FFD6F87CEFB4FB400000222F72D62FE304080B38F
1248E916454B81171411C4071888FF6D6FFF001FFD6F87CDFB4FB400000122F72D62FE304080B390
1248ED16454C81171C11C4041888FA6D6FFF001FFD6F97CDFB4FB400000122F72D62FE304080B391
1248ED16454E81171411C4031888F26D6FFF001FFE6F97CBFB5FB400000122F72D62FE304080B392
1248ED16455181170D11C4041888F46D5FFF001FFE6F87CAFB4FB400000122F72D62FE304080B393
1248EF16455381170D11C3FF1888F46D6FFF001FFE6F87C9FB5FB400000122F72D62FE304080B394
1248F116455A81170611C4001888E66D6FFF001FFE6F87C7FB5FB400000122F72D62FE304080B395
1248F116455A81170611C3FF1888EF6D5FFF001FFE6F87C6FB4FB400000122F72D62FE304080B396
1248ED16455681170611C3F81888F46D6FFF001FFE6F87C6FB4FB300000122F72D62FE304080B397
1248F516454B8116FE11C3FB1888F46D6FFF001FFE6F87C4FB4FB300000222F72D62FE304080B398
1248E91645518116FE11C3FC1888EC6D6FFF001FFD6F97C2FB4FB300000022F72D62FE304080B399
1248ED16454F8116F711C3F71888FA6D6FFF001FFD6F87C1FB4FB300000222F72D62FE304080B39A
1248E416454B8116F711C3F81888E96D6FFF001FFD6F87C1FB4FB300000122F72D62FE304080B39B
1248E91645498116F011C3F71888F76D5FFF001FFE6F97BFFB3FB300000122F72D62FE304080B39C
1248E01645468116F011C3FC1888F46D6FFF001FFE6F87BEFB4FB300000122F72D62FE304080B39D
1248D81645398116E811C3F71888EF6D5FFF001FFE6F87BDFB3FB300000122F72D62FE304080B39E
1248D01645328116F011C3FC1888F46D6FFF001FFD6F87BAFB3FB300000122F72D62FE304080B39F
1248D016452C8116E111C3F71888EC6D5FFF001FFD6F87BAFB3FB300000022F72D62FE304080B3A0
1248C716452A8116EB11C3FC1888EF6D5FFF001FFD6F97B9FB4FB300000222F72D62FE304080B3A1
1248C316452F8116DA11C3FB1888EF6D6FFF001FFE6F87B7FB3FB300000122F72D62FE304080B3A2
1248C71645308116E111C3FC1888EC6D6FFF001FFF6F87B6FB3FB300000222F72D62FE304080B3A3
1248C71645348116E111C3FB1888F46D5FFF001FFF6F97B6FB3FB300000122F72D62FE304080B3A4
1248C71645318116DA11C4001888EF6D6FFF001FFD6F87B4FB4FB300000122F72D62FE304080B3A5
1248C31645298116D211C3FB1888F26D6FFF001FFD6F87B3FB3FB300000122F72D62FE304080B3A6
1248C31645298116DA11C3FC1888EF6D6FFF001FFD6F87B2FB4FB300000022F72D62FE304080B3A7
1248BF16451C8116CB11C3FF1888F46D6FFF001FFE6F87B1FB3FB300000222F72D62FE304080B3A8
1248C316451D8116D211C4001888F46D6FFF001FFE6F87B0FB4FB300000122F72C62FE2F4180B3A9
1248BF1645208116D211C3FF1888F76D6FFF001FFE6F87AFFB3FB300000222F72C62FE2F4080B3AA
1248C31645288116CB11C4041888F46D7FFF001FFD6F97AEFB4FB300000122F72C62FE2F4080B3AB
1248C71645268116CB11C4031888F46D6FFF001FFE6F87ADFB3FB300000122F72C62FE2F4080B3AC
1248C71645228116CB11C4041888FD6D6FFF001FFE6F87ADFB3FB300000122F72C62FE2F4080B3AD
1248C31645278116C411C4031888F46D7FFF001FFE6F87ACFB4FB300000122F72C62FE2F4080B3AE
1248BF1645278116C411C4001888F46D7FFF001FFE6F97ABFB4FB200000122F72C62FE2F4080C3AF
1248BF1645218116C411C3FB1888EF6D6FFF001FFD6F87ABFB5FB200000122F72C62FE2F4080B3B0
1248C21645248116C411C3FC1888F26D7FFF001FFD6F87ABFB5FB100000222F72C62FE2F4080B3B1
1248B71645298116C411C3FB1888EF6D7FFF001FFE6F87AAFB5FB200000222F72C62FE2F4080B3B2
1248B21645248116C411C3F81888E96D6FFF001FFE6F87AAFB5FB200000122F72C62FE2F4080B3B3
1248B21645208116BC11C3F71888EC6D7FFF001FFD6F87AAFB4FB200000222F72C62FE2F4080C3B4
1248B71645248116C611C3F01888E96D6FFF001FFE6F87AAFB4FB200000222F72C62FE2F4080B3B5
1248B71645268116BC11C3F31888E36D6FFF001FFE6F87AAFB4FB200000222F72C62FE2F4080B3B6
1248BB1645298116B511C3F01888E66D7FFF001FFE6F97AAFB5FB200000122F72C62FE2F4080B3B7
1248B71645248116BC11C3EB1888E36D6FFF001FFF6F87AAFB4FB200000122F72C62FE2F4080B3B8
1248B21645208116BC11C3EC1888DE6D6FFF001FFE6F87A9FB4FB200000222F72C62FE2F4080B3B9
1248B21645208116BC11C3EB1888D36D6FFF001FFD6F87A9FB4FB200000022F72C62FE2F4080B3BA
1248BB1645188116BC11C3E81888B46D6FFF001FFD6F97A9FB4FB200000022F72C62FE2F4080B3BB
1248B716451E8116BC11C3E718871A6D6FFF001FFE6F87A9FB5FB200000222F72C62FE2F4080B3BC
1248BB16451C8116BC11C3E41887D86D7FFF001FFF6F87A9FB5FB200000122F72C62FE2F4080B3BD
1248B716451F8116BC11C3EB1888BA6D7FFF001FFE6F87A9FB4FB200000122F72C62FE2F4080B3BE
1248B716451C8116BC11C3E81888D86D7FFF001FFD6F87A9FB4FB200000122F72C62FE2F4080B3BF
1248B716451F8116B511C3EB1888E36D7FFF001FFD6F87A9FB4FB200000022F72C62FE2F4080B3C0
1248B71645218116BC11C3EC1888DB6D7FFF001FFE6F87A9FB5FB200000222F72C62FE2F4080B3C1
1248B71645208116BC11C3EB1888DE6D8FFF001FFF6F87A9FB4FB200000122F72C62FE2F4080B3C2
1248B71645208116BC11C3E81888DE6D8FFF001FFD6F97A9FB4FB200000122F72C62FE2F4080B3C3
1248B216451C8116BC11C3E71888DB6D8FFF001FFC6F87A8FB5FB200000222F72C62FE2F4080B3C4
1248B716451F8116BC11C3E41888DE6D8FFF001FFD6F97A8FB4FB200000122F72C62FE2F4080B3C5
1248AE1645188116BC11C3EB1888DE6D8FFF001FFF6F97A8FB5FB200000122F72C62FE2F4080B3C6
1248AE1645168116BC11C3E41888DE6D8FFF001FFF6F87A7FB4FB300000222F72C62FE2F4080B3C7
1248AA1645168116BF11C3E81888DB6D8FFF001FFE6F87A7FB5FB300000222F72C62FE2F4080C3C8
1248AE1645168116BC11C3E71888D86D8FFF001FFE6F87A7FB5FB300000122F72C62FE2F4080B3C9
1248AA1645168116BC11C3E41888D86D8FFF001FFE6F97A7FB5FB300000222F72C62FE2F4080B3CA
1248AA16451A8116BC11C3DF1888DB6D8FFF001FFE6F97A6FB4FB300000122F72C62FE2F4080B3CB
1248AA1645158116BC11C3E01888D86D8FFF001FFE6F87A6FB4FB300000122F72C62FE2F4080B3CC
1248AA1645188116BC11C3DF1888D86D8FFF001FFE6F87A6FB4FB300000122F72C62FE2F4080B3CD
1248AE16451B8116CB11C3DB1888DB6D8FFF001FFE6F87A6FB4FB300000222F72C62FE2F4080B3CE
1248AE16451B8116B511C3DB1888CD6D8FFF001FFE6F87A5FB4FB300000122F72C62FE2F4080B3CF
1248AE16451B8116C411C3DB1888CD6D8FFF001FFD6F87A6FB5FB300000122F72C62FE2F4080B3D0
1248AE16451B8116C411C3D71888D36D8FFF001FFD6F87A5FB4FB300000222F72C62FE2F4080B3D1
1248AA1645188116C411C3DB1888D06D8FFF001FFE6F97A6FB4FB300000222F72C62FE2F4080B3D2
1248B11645168116C411C3DB1888CD6D7FFF001FFF6F97A6FB4FB300000222F72C62FE2F4080B3D3
1248AA1645168116CB11C3D71888D36D8FFF001FFE6F87A6FB4FB300000122F72C62FE2F4080B3D4
1248AA1645198116C411C3D71888D06D8FFF001FFD6F87A6FB5FB300000122F72C62FE2F4080C3D5
1248A61645148116CB11C3D31888D36D7FFF001FFD6F87A6FB5FB300000122F72C62FE2F4080B3D6
1248A61645158116C411C3D71888CD6D8FFF001FFD6F87A6FB4FB300000122F72C62FE2F4080B3D7
1248AA1645168116D211C3CF1888C56D8FFF001FFE6F87A6FB5FB300000222F72C62FE2F4080B3D8
1248AA1645168116CB11C3D31888CD6D7FFF001FFF6F87A6FB5FB300000122F72C62FE2F4080B3D9
1248AA1645198116D211C3D71888D36D8FFF001FFF6F87A7FB4FB300000122F72C62FE2F4080B3DA
1248A61645188116D211C3D71888CD6D7FFF001FFE6F87A7FB4FB300000122F72C62FE2F4080B3DB
1248A616451D8116D511C3E01888D66D7FFF001FFE6F77A7FB5FB300000122F72C62FE2F4080B3DC
1248A61645198116D211C3DF1888D36D7FFF001FFD6F87A7FB4FB300000222F72C62FE2F4080B3DD
1248A61645198116DA11C3DB1888DE6D7FFF001FFD6F97A7FB5FB300000122F72C62FE2F4080B3DE
1248AA1645148116DA11C3DF1888DB6D7FFF001FFD6F87A7FB4FB300000122F72C62FE2F4080B3DF
1248AE1645118116DA11C3DB1888D86D7FFF001FFE6F97A7FB3FB300000122F72C62FE2F4080B3E0
1248A21645158116DA11C3DF1888D36D7FFF001FFF6F87A6FB3FB300000222F72C62FE2F4080B3E1
1248AA16451A8116E111C3D71888D36D7FFF001FFF6F87A6FB4FB300000222F72C62FE2F4080B3E2
1248AE16451E8116E111C3DF1888CA6D7FFF001FFF6F87A7FB3FB300000222F72C62FE2F4080B3E3
1248AA16451D8116E111C3DB1888D36D7FFF001FFE6F87A6FB4FB300000222F72C62FE2F4080B3E4
1248AE16451B8116E811C3DB1888D36D7FFF001FFE6F97A6FB4FB300000122F72C62FE2F4080B3E5
1248A61645188116E811C3DB1888CA6D7FFF001FFE6F87A7FB3FB300000122F72C62FE2F4080B3E6
1248AA1645168116E811C3DB1888D86D7FFF001FFE6F87A7FB3FB300000122F72C62FE2F4080B3E7
1248AA16451A8116E811C3E01888D86D7FFF001FFE6F87A6FB3FB300000122F72C62FE2F4080B3E8
1248AA1645228116F011C3DB1888D06D7FFF001FFD6F87A7FB3FB300000122F72C62FE2F4080C3E9
1248B21645258116F011C3D71888D86D7FFF001FFD6F87A7FB3FB300000122F72C62FE2F4080B3EA
1248B21645258116F711C3D71888CD6D7FFF001FFD6F97A7FB4FB300000122F72C62FE2F4080B3EB
1248BB16452D8116F011C3DB1888D36D7FFF001FFE6F87A7FB3FB300000022F72C62FE2F4080B3EC
1248D01645408116F711C3DB1888D06D7FFF001FFE6F97A7FB3FB300000222F72C62FE2F4080B3ED
1248D41645448116F711C3D71888D36D7FFF001FFE6F97A8FB3FB300000022F72C62FE2F4080B3EE
1248DC16453D8116FE11C3D71888CD6D7FFF001FFD6F77A8FB3FB300000122F72C62FE2F4080B3EF
1248DC16453D8116FE11C3D31888D06D7FFF001FFD6F87A9FB4FB300000122F72C62FE2F4080B3F0
1248DC16453F8116FE11C3DB1888D36D7FFF001FFF6F87A9FB4FB300000122F72C62FE2F4080B3F1
1248D816453B81170111C3DB1888D36D7FFF001FFF6F87AAFB3FB300000122F72C62FE2F4080B3F2
1248D016452F81170611C3DB1888D66D7FFF001FFE6F87AAFB3FB300000222F72C62FE2F4080B3F3
1248D416452E81170611C3E01888D86D8FFF001FFE6F87ABFB4FB300000222F72C62FE2F4080B3F4
1248C216453081170611C3E71888DE6D8FFF001FFD6F87ABFB4FB300000122F72C62FE2F4080B3F5
1248C316452981170D11C3E81888E36D8FFF001FFE6F87ACFB4FB300000222F72C62FE2F4080B3F6
1248B716451D81170D11C3EB1888E66D8FFF001FFE6F87ACFB4FB200000122F72C62FE2F4080B3F7
1248B716451881170D11C3EC1888E36D7FFF001FFE6F87ADFB4FB100000222F72C62FE2F4080B3F8
1248B216452081171411C3EB1888E36D7FFF001FFE6F87ADFB4FB100000222F72C62FE2F4080B3F9
1248BB16452D81171411C3EC1888E66D8FFF001FFE6F87AFFB4FB100000122F72C62FE2F4080B3FA
1248BF16453081171411C3EF1888EF6D8FFF001FFE6F87AFFB5FB100000122F72C62FE2F4080B3FB
1248C716452C81171411C3F01888E36D8FFF001FFD6F87AFFB5FB100000122F72C62FE2F4080B3FC
1248BF16452B81171C11C3EF1888E66D8FFF002FFD6F97B0FB5FB100000222F72C62FE2F4080B3FD
1248BB16452781171C11C3E81888DE6D8FFF001FFE6F87B1FB4FB100000222F72C62FE2F4080B3FE
1248BB16452181172311C3EB1888E96D8FFF001FFE6F87B1FB5FB100000222F72C62FE2F4080B3FF
1248B716452481172311C3E81888E36D8FFF001FFE6F87B2FB4FB100000222F72C62FE2F4080B300
1248B716452681172311C3EB1888E16D8FFF001FFE6F87B3FB4FB100000122F72C62FE2F4080B301
1248BB16452981172311C3E81888E36D8FFF001FFD6F87B3FB4FB100000222F72C62FE2F4080B302
1248B216452F81173211C3E71888E36D8FFF001FFE6F87B4FB5FB100000222F72C62FE2F4080B303
1248B716452C81172311C3E41888DB6D8FFF001FFE6F87B6FB4FB100000022F72C62FE2F4080B304
1248BF16453381173211C3E71888DE6D8FFF001FFE6F87B6FB4FB100000122F72C62FE2F4080B305
1248BB16453181172B11C3E81888E36D8FFF001FFF6F87B6FB4FB100000122F72C62FE2F4080B306
1248BF16452C81173211C3EB1888E16D8FFF001FFE6F87B8FB4FB100000122F72C62FE2F4080B307
1248BB16453181173911C3EC1888E96D8FFF001FFD6F87B8FB4FB100000022F72C62FE2F4080B308
1248C316453581173211C3EB1888E96D8FFF001FFE6F87B8FB4FB100000122F72C62FE2F4080B309
1248C316453681173911C3F01888E96D8FFF001FFE6F87BAFB4FB100000122F72C62FE2F4080B30A
1248BF16452D81173911C3F71888EC6D9FFF001FFE6F87BAFB4FB100000122F72C62FE2F4080B30B
1248C316452F81173911C3F81888EF6D8FFF001FFE6F77BAFB5FB100000022F72C62FE2F4080C30C
1248BB16453081174811C3FB1888F46D8FFF001FFD6F97BBFB4FB100000022F72C62FE2F4080B30D
1248C716453881173C11C3F81888F26D8FFF001FFE6F87BCFB5FB100000122F72C62FE2F4080B30E
1248C716453681174111C3F71888EF6D8FFF001FFF6F87BCFB5FB100000122F72C62FE2F4080B30F
1248C716453981174811C3F01888EF6D8FFF001FFF6F87BEFB5FB200000122F72C62FE2F4080B310
1248D016454181174811C3F71888EF6D8FFF001FFE6F87BFFB5FB200000122F72C62FE2F4080B311
1248CB16453D81174111C3F41888F26D8FFF001FFD6F77BFFB5FB200000122F72C62FE2F4080B312
1248D816454181174F11C3F71888EF6D7FFF001FFD6F87C0FB5FB200000122F72C62FE2F4080B313
1248E416454C81174811C3F41888E96D8FFF001FFE6F87C1FB5FB200000022F72C62FE2F4080B314
1248E716454C81174F11C3F71888F26D8FFF001FFE6F87C1FB5FB200000222F72C62FE2F4080B315
1248E416455081174F11C4041888F46D7FFF001FFE6F87C2FB5FB200000222F72C62FE2F4080B316
1248E916455081175711C40B1888FF6D8FFF001FFE6F87C3FB6FB200000222F72C62FE2F4080B317
1248ED16455581174F11C4081889026D7FFF001FFE6F87C4FB5FB200000122F72C62FE2F4080B318
1248F116455C81174F11C40B1889056D7FFF001FFE6F87C5FB5FB200000222F72C62FE2F4080B319
1248E916455581175E11C4101889056D8FFF001FFE6F87C6FB5FB200000122F72C62FE2F4080B31A
1248ED16455381175711C41318890A6D7FFF001FFF6F87C6FB5FB200000122F72C62FE2F4080B31B
1248E916454F81175711C4101889026D7FFF001FFF6F87C7FB5FB200000122F72C62FE2F4080B31C
1248E916454E81175E11C40F1889056D7FFF001FFF6F87C8FB5FB200000122F72C62FE2F4080B31D
1248F116455681175711C4141889056D7FFF001FFD6F87C9FB5FB200000122F72C62FE2F4080B31E
1248F516455881175E11C4171889086D7FFF001FFC6F87CAFB5FB200000122F72C62FE2F4080C31F
1248F116455881176511C4141889106D8FFF001FFC6F87CBFB6FB200000122F72C62FE2F4080C320
1248F516455B81175E11C41B1889106D7FFF001FFD6F87CBFB5FB200000122F72D62FE304180B321
1248F916456181176511C4201889106D7FFF001FFE6F87CBFB5FB200000222F72D62FE304080B322
1248F516455E81175E11C4231889136D8FFF001FFE6F87CDFB5FB200000122F72D62FE304080B323
1248F116455A81176511C42818891B6D7FFF001FFF6F87CDFB5FB200000122F72D62FE304080B324
1248F916455881176511C43318891B6D7FFF001FFE6F87CDFB5FB200000022F72D62FE304080B325
1248F516455881175E11C43918892F6D7FFF001FFE6F87CEFB6FB200000222F72D62FE304080B326
1248F516455681176D11C4401889326D7FFF001FFE6F87CFFB5FB200000122F72D62FE304080B327
1248F916455681176511C43D1889376D7FFF001FFE6F87CFFB6FB000000122F72D62FE304080B328
1248F116455181176D11C4401889326D7FFF001FFE6F97D0FB5FB000000122F72D62FE304080B329
1248F116455581176D11C4411889356D6FFF001FFE6F77D1FB6FB000000122F72D62FE304080B32A
1248ED16455181176511C4441889326D7FFF001FFD6F87D2FB5FB000000322F72D62FE304080B32B
1248F116455881176D11C43918892C6D7FFF001FFD6F87D2FB6FB000000222F72D62FE304080B32C
1248F116455A81176D11C43C18892A6D7FFF001FFE6F87D3FB5FB000000022F72D62FE304080B32D
1248F816455B81176D11C43918892C6D7FFF001FFE6F87D3FB5FB000000222F72D62FE304080B32E
1248FD16456181176D11C4331889266D7FFF001FFE6F87D4FB5FB000000022F72D62FE304080B32F
1248FD16456681176D11C4311889266D7FFF001FFE6F87D5FB5FB000000122F72D62FE304080B330
1248FD16456381176D11C42F1889246D7FFF001FFE6F67D5FB5FB000000122F72D62FE304080B331
12490116455F81176D11C42D1889266D7FFF001FFF6F87D5FB5FB000000122F72D62FE304080B332
1248FD16455981176811C42F1889216D7FFF001FFE6F97D6FB5FB000000222F72D62FE304080C333
1248F916455881177411C42D18891E6D7FFF001FFD6F87D6FB6FB000000222F72D62FE304080C334
1248FD16455B81176D11C42B1889266D7FFF001FFE6F87D6FB5FB000000122F72D62FE304080B335
12490116455D81176D11C4241889216D6FFF001FFE6F87D7FB6FB000000222F72D62FE304080B336
12490116456181176D11C42718891B6D7FFF001FFE6F87D7FB5FB000000122F72D62FE304080B337
12490116455A81176D11C4241889196D6FFF001FFE6F87D7FB5FB000000122F72D62FE304080B338
12490116455181176D11C42318891B6D7FFF001FFE6F87D7FB6FB000000122F72D62FE304080B339
12490116455881177411C41C1889166D7FFF001FFE6F87D7FB6FB000000122F72D62FE304080C33A
12490616456181176D11C4171889196D7FFF001FFE6F87D7FB6FB000000122F72D62FE304080B33B
12490116456281176D11C41418890A6D6FFF001FFE6F87D7FB5FB000000222F72D62FE304080B33C
12490116455F81176D11C41318890A6D7FFF001FFE6F87D7FB5FB000000222F72D62FE304080B33D
1248FD16456081176D11C41418890A6D7FFF001FFD6F87D7FB5FB000000222F72D62FE304080B33E
1248F916455881176D11C41B1889086D7FFF001FFD6F87D7FB5FB000000122F72D62FE304080B33F
1248F516455481176D11C41818890A6D7FFF001FFD6F87D7FB5FB200000122F72D62FE304080B340
1248F116455381176D11C41B18890A6D6FFF001FFF6F87D7FB6FB400000122F72D62FE304080B341
1248E916455781176511C41C1889086D6FFF001FFF6F87D7FB5FB400000122F72D62FE304080B342
1248E916454D81177411C41B18890A6D7FFF001FFE6F77D7FB5FB400000122F72D62FE304080B343
1248E416454681176511C41C1889106D7FFF001FFD6F87D7FB5FB400000122F72D62FE304080B344
1248E016454481176D11C4231889166D6FFF001FFF6F87D7FB5FB400000022F72D62FE304080B345
1248D816453D81176D11C41C1889136D7FFF001FFF6F87D7FB6FB400000022F72D62FE304080B346
1248CE16454181176511C4171889106D6FFF001FFF6F87D7FB6FB400000122F72D62FE304080B347
1248C716453A81176511C41418890A6D7FFF001FFE6F87D7FB6FB400000222F72D62FE304080B348
1248C716453C81176D11C4131889086D7FFF001FFD6F87D6FB5FB400000122F72D62FE304080C349
1248D016453C81176511C4181889056D7FFF001FFD6F87D6FB5FB400000122F72D62FE304080B34A
1248DC16454281176511C41B1889056D7FFF001FFE6FB7D6FB5FB400000122F72D62FE304080B34B
1248D416454781176511C41418890A6D7FFF001FFF6F87D6FB5FB400000122F72D62FE304080B34C
1248DC16454981176511C41B1889136D7FFF001FFE6F87D6FB6FB400000122F72D62FE304080B34D
1248E416454981176511C4241889106D7FFF001FFE6F87D6FB5FB400000122F72D62FE304080B34E
1248E416454981175E11C4231889106D6FFF001FFD6F87D6FB6FB400000222F72D62FE304080B34F
1248E416454C81175E11C42418890E6D6FFF001FFD6F87D5FB5FB400000122F72D62FE304080B350
1248F116454E81175E11C41F1889166D6FFF001FFD6F97D5FB5FB400000122F72D62FE304080C351
1248F116455581175E11C4201889166D7FFF001FFE6F87D5FB6FB400000122F72D62FE304080C352
1248F916455181175711C4231889106D6FFF001FFE6F87D4FB6FB400000122F72D62FE304080B353
1248F516454F81175711C4241889196D6FFF001FFE6F87D4FB5FB400000122F72D62FE304080B354
1248ED16455181175711C4271889166D6FFF001FFD6F87D4FB5FB400000222F72D62FE304080B355
1248ED16454C81175711C42B1889166D6FFF001FFD6F87D3FB5FB400000222F72D62FE304080B356
1248E916454C81174F11C42818891E6D6FFF001FFD6F87D3FB5FB400000122F72D62FE304080C357
1248E916454E81174F11C4171889166D6FFF001FFD6F87D3FB5FB300000122F72D62FE304080B358
1248E916455181175711C4181889106D6FFF001FFF6F87D2FB5FB300000122F72D62FE304080B359
1248E416455081174811C41B1889136D6FFF001FFE6F87D2FB5FB300000122F72D62FE304080C35A
1248E016454E81175211C42018890A6D6FFF001FFD6F87D2FB5FB300000122F72D62FE304080C35B
1248E416454781174111C4171889106D6FFF001FFD6F87D1FB5FB300000122F72D62FE304080B35C
1248DC16454581174811C41818890A6D6FFF001FFE6F87D1FB5FB300000122F72D62FE304080B35D
1248E016454481174811C41B18890E6D6FFF001FFE6F87D1FB5FB300000122F72D62FE304080B35E
1248E416454481174111C41C18890A6D6FFF001FFE6F87CFFB5FB300000122F72D62FE304080B35F
1248E016454781174111C41318890A6D6FFF001FFE6F87CFFB5FB300000122F72D62FE304080B360
1248E016454681173911C4101889026D6FFF001FFE6F87CFFB5FB300000122F72D62FE304080C361
1248DF16454481173911C40B1888FF6D5FFF001FFD6F87CEFB6FB300000122F72D62FE304080B362
1248E416453D81173911C4081888FF6D6FFF001FFD6F87CEFB5FB300000122F72D62FE304080C363
1248DC16454181173911C40B1888FA6D6FFF001FFD6F87CEFB6FB300000122F72D62FE304080B364
1248E016454881173211C4081888FD6D5FFF001FFE6F87CDFB5FB300000122F72D62FE304080B365
1248E016454781173911C40B1889056D6FFF001FFF6F87CCFB5FB300000222F72D62FE304080B366
1248E416454481172B11C40C1888FF6D5FFF001FFE6F87CDFB5FB300000222F72D62FE304080B367
1248E416454881172B11C4071889026D5FFF001FFD6F87CCFB6FB300000222F72D62FE304080B368
1248E016454581173211C4081888FF6D6FFF001FFD6F87CBFB5FB300000222F72D62FE304080B369
1248DC16454481172B11C40B1888FF6D6FFF001FFE6F87CBFB5FB300000122F72D62FE304080B36A
1248DC16454081172B11C40C1888FF6D6FFF001FFF6F87CAFB5FB300000122F72D62FE304080C36B
1248D816453C81172311C4071888FD6D6FFF001FFF6F87C9FB5FB300000222F72D62FE304080B36C
1248D816453D81172311C40C1888FF6D5FFF001FFE6F87C9FB5FB300000122F72D62FE304080B36D
1248DC16453C81171C11C40F1888FA6D5FFF001FFD6F87C8FB5FB300000122F72D62FE304080B36E
1248DC16453B81172311C4081888FD6D5FFF001FFE6F87C7FB5FB300000022F72D62FE304080B36F
1248D416453D81171C11C40B1888FA6D5FFF001FFD6F87C7FB5FB300000122F72D62FE304080B370
1248D416454381171C11C4081888FA6D6FFF001FFE6F87C6FB5FB400000122F72D62FE304080B371
1248D816453C81171C11C4031888F76D6FFF001FFF6F87C5FB6FB400000122F72D62FE304080B372
1248D416453A81171411C4041888FF6D5FFF001FFF6F87C5FB5FB400000122F72D62FE304080B373
1248D016453D81170D11C4031888F46D6FFF001FFD6F97C5FB6FB400000122F72D62FE304080B374
1248D416453C81171411C4041888FF6D5FFF001FFE6F87C4FB5FB400000122F72D62FE304080B375
1248D416453D81170D11C3FF1888F26D5FFF001FFE6F87C4FB5FB400000022F72D62FE304080B376
1248D416453881170D11C4041888FA6D6FFF001FFD6F87C3FB5FB400000122F72D62FE304080B377
1248D016453881171011C3FF1888F46D6FFF001FFD6F87C2FB5FB400000222F72D62FE304080C378
1248D016453A81170611C4041888F76D5FFF001FFE6F87C1FB6FB300000222F72D62FE304080B379
1248D016453481170611C3FF1888F46D6FFF001FFE6F87C1FB5FB400000122F72D62FE304080B37A
1248CB16453381170611C3FC1888EF6D6FFF001FFE6F97C0FB5FB400000222F72D62FE304080B37B
1248D016453581170611C3FF1888F46D5FFF001FFE6F87C0FB5FB400000122F72D62FE304080C37C
1248C716452D81170611C3F81888F76D6FFF001FFF6F87C0FB5FB400000122F72D62FE304080B37D
1248C71645338116FE11C3FF1888F46D6FFF001FFE6F87BEFB5FB400000222F72D62FE304080B37E
1248C616452D8116FE11C3FC1888F46D5FFF001FFE6F87BDFB5FB400000122F72D62FE304080B37F
1248C71645338116FE11C3FB1888F26D6FFF001FFD6F87BDFB5FB400000122F72C62FE304180C380
1248C316452D8116FE11C3FC1888EF6D6FFF001FFD6F87BCFB5FB400000022F72C62FE304080B381
1248C316452A8116F711C3FB1888EF6D5FFF001FFE6F87BAFB5FB400000122F72C62FE304080C382
1248C316452F8116F711C3F81888F46D6FFF001FFE6F77BAFB6FB400000022F72C62FE304080C383
1248C71645308116F711C3F71888EC6D5FFF001FFF6F87B9FB5FB400000222F72C62FE304080B384
1248C31645308116F711C3F81888F46D5FFF001FFE6F87B7FB5FB400000122F72C62FE304080C385
1248C316452C8116F011C3FB1888E96D6FFF001FFD6F87B7FB5FB400000122F72C62FE304080B386
1248C716452F8116F711C3F41888EC6D6FFF001FFE6F87B6FB5FB400000122F72C62FE304080B387
1248C71645308116F011C3F71888EF6D5FFF001FFE6F87B4FB5FB400000122F72C62FE304080C388
1248C716452C8116F011C3F41888E96D6FFF001FFE6F87B3FB5FB400000122F72C62FE304080B389
1248C31645268116F011C3F31888EC6D5FFF001FFE6F87B3FB5FB400000122F72C62FE304080B38A
1248C71645258116F011C3F41888EF6D6FFF001FFF6F87B1FB5FB400000122F72C62FE304080B38B
1248C31645308116F011C3F31888E96D6FFF001FFF6F87B0FB5FB400000122F72C62FE304080B38C
1248C31645328116E811C3F81888F46D6FFF001FFD6F87B0FB5FB400000122F72C62FE304080B38D
1248C316452D8116E111C3F71888EC6D6FFF001FFD6F87AEFB5FB400000122F72C62FE304080B38E
1248BF16452B8116FA11C3F41888E36D6FFF001FFE6F87AEFB5FB400000122F72C62FE304080B38F
1248C316452A8116E811C3F31888E96D6FFF001FFE6F87AEFB5FB400000122F72C62FE304080B390
1248BF16452B8116E811C3F41888EC6D6FFF001FFE6F87ACFB5FB400000122F72C62FE304080B391
1248BF16452F8116E811C3F31888EF6D6FFF001FFE6F87ABFB5FB400000222F72C62FE304080B392
1248C71645308116E811C3F41888E36D6FFF001FFE6F87ABFB5FB400000122F72C62FE304080B393
1248C316452C8116E811C3EF1888E66D6FFF001FFE6F87AAFB5FB400000122F72C62FE304080C394
1248C31645318116E811C3EC1888E36D7FFF001FFE6F87A9FB6FB400000022F72C62FE304080B395
1248C31645268116E811C3EF1888E36D6FFF001FFF6F87A9FB6FB400000122F72C62FE304080B396
1248BB1645248116E111C3F01888E36D6FFF001FFE6F87A9FB6FB400000122F72C62FE304080C397
1248C31645298116E811C3F31888E16D7FFF001FFD6F87A8FB5FB400000022F72C62FE304080B398
1248BF1645278116E811C3F41888E96D6FFF001FFD6F87A7FB6FB400000122F72C62FE304080B399
1248C31645258116E811C3F31888EF6D6FFF001FFE6F87A8FB5FB400000122F72C62FE304080B39A
1248BF1645258116E811C3F81888F26D6FFF001FFF6F77A8FB5FB400000122F72C62FE304080B39B
1248C31645298116E111C3F31888E96D6FFF001FFF6F87A8FB5FB400000122F72C62FE304080B39C
1248BF1645248116E811C3F41888E96D7FFF001FFE6F87A8FB5FB400000122F72C62FE304080C39D
1248C21645238116E811C3F31888E96D7FFF001FFE6F87A7FB5FB400000122F72C62FE304080B39E
1248BF1645298116E811C3F01888E16D6FFF001FFE6F87A7FB5FB400000122F72C62FE304080C39F
1248BF16452B8116E811C3EB1888E96D6FFF001FFE6F87A7FB5FB400000122F72C62FE304080B3A0
1248BB16452A8116E811C3EC1888E36D6FFF001FFE6F87A7FB5FB300000222F72C62FE304080B3A1
1248C31645288116E811C3EF1888E16D6FFF001FFE6F87A8FB5FB200000222F72C62FE304080B3A2
1248BF16452C8116E111C3EC1888DE6D6FFF002FFE6F87A8FB4FB200000122F72C62FE304080B3A3
1248BF16452C8116E811C3EF1888DE6D6FFF001FFE6F87A8FB4FB200000122F72C62FE304080B3A4
1248C316452E8116EB11C3F01888E66D6FFF001FFE6F87A8FB5FB200000122F72C62FE304080C3A5
1248BF16452C8116E811C3F31888E96D6FFF001FFE6F87A9FB4FB200000122F72C62FE304080B3A6
1248C31645268116E811C3F01888E96D6FFF001FFE6F87A9FB5FB200000222F72C62FE304080C3A7
1248BF1645258116E811C3EC1888EF6D6FFF001FFD6F87A9FB4FB200000122F72C62FE304080C3A8
1248BF1645298116E811C3EB1888E16D6FFF001FFE6F87A9FB5FB200000122F72C62FE304080B3A9
1248C31645278116E811C3E81888DE6D6FFF001FFF6F87AAFB4FB200000022F72C62FE304080B3AA
1248C316452C8116E811C3EB1888DE6D6FFF001FFE6F87AAFB5FB200000022F72C62FE304080B3AB
1248BF16452C8116E811C3F01888E16D6FFF001FFE6F87AAFB4FB200000122F72C62FE304080B3AC
1248BF16452B8116F011C3EB1888DE6D6FFF001FFF6F87AAFB4FB200000022F72C62FE304080B3AD
1248C316452B8116E811C3E81888E36D6FFF001FFE6F87ABFB5FB200000122F72C62FE304080B3AE
1248C316452A8116E811C3EB1888E36D6FFF001FFE6F87ABFB5FB200000122F72C62FE304080B3AF
1248C716452B8116F011C3E81888E16D7FFF001FFE6F87ABFB5FB200000122F72C62FE304080C3B0
1248BF1645278116F011C3EF1888DE6D6FFF001FFD6F87ADFB4FB200000122F72C62FE304080B3B1
1248C31645298116F011C3EC1888E36D7FFF001FFE6F87ADFB5FB200000122F72C62FE304080B3B2
1248C31645278116E811C3EF1888E16D7FFF001FFF6F87AEFB5FB200000222F72C62FE304080B3B3
1248C316452C8116F011C3F01888DE6D7FFF001FFF6F87AFFB4FB200000122F72C62FE304080B3B4
1248C31645258116F011C3F31888E36D7FFF001FFE6F87B0FB4FB200000222F72C62FE304080B3B5
1248C31645248116F711C3F81888E66D7FFF001FFE6F87B0FB4FB200000222F72C62FE304080C3B6
1248BF16452C8116F011C3F71888E96D7FFF001FFE6F87B2FB5FB200000222F72C62FE304080C3B7
1248BF1645298116F711C4001888E96D7FFF001FFE6F87B3FB5FB200000222F72C62FE304080B3B8
1248BB16452C8116F711C3FF1888F46D7FFF001FFE6F87B3FB5FB200000122F72C62FE304080B3B9
1248BB16452C8116F011C4001888F26D8FFF001FFE6F87B5FB5FB300000122F72C62FE304080B3BA
1248BF16452E8116F711C3FB1888F46D8FFF001FFE6F87B6FB6FB300000222F72C62FE304080B3BB
1248BF1645348116FA11C4001888FA6D7FFF001FFE6F77B6FB5FB300000122F72C62FE304080B3BC
1248C31645358116FE11C3F71888F26D8FFF001FFE6F97B7FB5FB300000022F72C62FE304080B3BD
1248CE1645328116F711C3FC1888EF6D7FFF001FFF6F87B9FB5FB300000122F72C62FE304080B3BE
1248C71645308116FE11C3EF1888E96D7FFF001FFF6F87B9FB6FB300000222F72C62FE304080B3BF
1248D01645308116FE11C3F41888E66D7FFF001FFE6F87BAFB6FB300000122F72C62FE304080B3C0
1248D01645388116FE11C3F71888E36D8FFF001FFD6F87BBFB5FB300000122F72C62FE304080C3C1
1248D416453D8116FE11C3F41888EF6D7FFF001FFD6F87BBFB5FB300000122F72C62FE304080C3C2
1248D016453C8116FE11C3F71888E36D7FFF001FFE6F87BCFB5FB300000122F72C62FE304080B3C3
1248D816453281170611C3F01888EC6D8FFF001FFF6F87BDFB6FB300000122F72C62FE304080B3C4
1248CB16453881170611C3EF1888E36D7FFF001FFF6F87BDFB5FB300000122F72C62FE304080B3C5
1248D01645368116FE11C3F01888E96D7FFF001FFE6F97BDFB5FB300000222F72C62FE304080B3C6
1248C316453281170D11C3F31888EC6D7FFF001FFD6F87BEFB5FB300000122F72C62FE304080B3C7
1248C71645308116FE11C3F41888EF6D7FFF001FFE6F87BDFB6FB300000122F72C62FE2F4180B3C8
1248C716453481170611C3F71888F46D7FFF001FFF6F87BEFB5FB300000122F72C62FE2F4080B3C9
1248C316452E81170D11C3FC1888E96D7FFF001FFF6F87BEFB5FB300000222F72C62FE2F4080B3CA
1248C716452E81170D11C3FF1888F26D7FFF001FFF6F87BEFB6FB300000122F72C62FE2F4080B3CB
1248C716452C81170D11C3FC1888F46D7FFF001FFF6F87BEFB5FB300000122F72C62FE2F4080B3CC
1248C716452681170611C4071888FA6D6FFF001FFE6F87BDFB6FB300000122F72C62FE2F4080B3CD
1248C716452981170D11C3FC1888F76D6FFF001FFD6F87BEFB5FB300000122F72C62FE2F4080C3CE
1248C316453181170D11C4031888F46D7FFF001FFD6F87BDFB5FB300000022F72C62FE2F4080B3CF
1248C316453281171411C4001888EF6D6FFF001FFF6F87BDFB6FB300000122F72C62FE2F4080C3D0
1248C316453381170D11C3FF1888F26D6FFF001FFE6F67BDFB5FB300000222F72C62FE2F4080B3D1
1248C316453281171411C3FC1888FF6D6FFF001FFD6F87BDFB6FB200000122F72C62FE2F4080C3D2
1248C316452C81170D11C4031888F46D6FFF001FFD6F87BCFB5FB200000122F72C62FE2F4080B3D3
1248C716452A81171711C4001888FF6D6FFF001FFD6F87BCFB5FB200000122F72C62FE2F4080C3D4
1248BF16452B81171411C4031888F76D6FFF001FFE6F87BCFB5FB200000122F72C62FE2F4080B3D5
1248C316452B81171411C4001888FA6D5FFF001FFE6F87BBFB5FB200000222F72C62FE2F4080B3D6
1248BF16452A81171411C4071888FA6D6FFF001FFE6F87BBFB5FB200000122F72C62FE2F4080B3D7
1248C316452E81171411C4041888F76D6FFF001FFE6F87BBFB5FB200000122F72C62FE2F4080B3D8
1248C316453481171C11C4031888FA6D5FFF001FFE6F87BBFB5FB200000122F72C62FE2F4080C3D9
1248BF16453181171411C4081888FF6D6FFF001FFE6F87BBFB5FB200000222F72C62FE2F4080B3DA
1248C316453481171C11C4071888FF6D5FFF001FFE6F87BBFB6FB200000222F72C62FE2F4080B3DB
1248CB16453181171C11C4081888F26D5FFF001FFE6F87BBFB5FB200000222F72C62FE2F4080B3DC
1248CA16453081171411C40B1888FF6D6FFF001FFE6F87BBFB5FB200000222F72C62FE2F4080B3DD
1248CB16453781172311C4081888F46D5FFF001FFF6F87BAFB5FB200000122F72C62FE2F4080B3DE
1248D816453E81171411C4071888FD6D5FFF001FFE6F87BAFB5FB200000122F72C62FE2F4080B3DF
1248E016454081171C11C4081888F46D5FFF001FFD6F87BAFB5FB200000122F72C62FE304180B3E0
1248E016453B81172311C4071888FF6D5FFF001FFE6F87BBFB5FB200000122F72C62FE304080B3E1
1248D416453781171C11C4081888FA6D5FFF001FFE6F87BAFB5FB200000122F72C62FE304080C3E2
1248D016453881171C11C4071888FD6D5FFF001FFE6F87BBFB5FB200000022F72C62FE304080C3E3
1248D416453381172311C40C1888FF6D5FFF001FFD6F87BBFB5FB200000222F72C62FE304080B3E4
1248CB16453A81171C11C4071888FA6D5FFF001FFE6F87BAFB6FB200000222F72C62FE304080B3E5
1248C316453881171C11C4081888FD6D6FFF001FFF6F87BBFB5FB200000122F72C62FE304080C3E6
1248CB16453881172311C40B1888FF6D5FFF001FFE6F87BBFB5FB200000122F72C62FE304080B3E7
1248D416453A81172311C4081888FA6D5FFF001FFE6F87BBFB5FB200000122F72C62FE304080C3E8
1248D816453E81171C11C40F1888FD6D6FFF001FFD6F87BAFB5FB200000122F72C62FE304080C3E9
1248E416454281171C11C4041888FF6D6FFF001FFD6F87BAFB6FB300000122F72C62FE304080C3EA
1248E016454181172311C40B1888FA6D5FFF001FFD6F87BAFB5FB300000222F72C62FE304080C3EB
1248ED16454681171C11C40C1888FF6D6FFF001FFE6F87BAFB5FB300000122F72C62FE304080B3EC
1248E416454681172311C40B1888FD6D6FFF001FFF6F87BAFB5FB300000222F72C62FE304080C3ED
1248E416454481172311C4081888FA6D6FFF001FFE6F87BAFB6FB300000122F72C62FE304080C3EE
1248E416454881171F11C40B1888FF6D6FFF001FFE6F87BAFB5FB300000222F72C62FE304080C3EF
1248E016454581172311C4081888FD6D6FFF001FFF6F87BAFB5FB300000122F72C62FE304080B3F0
1248DC16454481171C11C40B1888FF6D6FFF001FFF6F87BAFB5FB300000222F72C62FE304080B3F1
1248DC16454581172311C40C1888FA6D6FFF001FFF6F87BAFB5FB300000122F72C62FE304080B3F2
1248E016454781172311C40B1888FA6D6FFF001FFD6F87BAFB5FB300000122F72C62FE304080B3F3
1248E016454D81171C11C40C1888FD6D7FFF001FFD6F97BAFB5FB300000122F72C62FE304080C3F4
1248E416454681172311C40B1888FA6D7FFF001FFE6F77BAFB5FB300000122F72C62FE304080B3F5
1248E416454481171C11C4081889056D6FFF001FFF6F77BAFB5FB300000122F72C62FE304080B3F6
1248E016454481172311C4071888F76D7FFF001FFF6F87BAFB5FB300000122F72C62FE304080B3F7
1248E016454481171C11C4081888FA6D7FFF001FFF6F87BAFB5FB300000122F72C62FE304080B3F8
1248E316454481171C11C4071888FF6D7FFF001FFF6F87BBFB5FB300000122F72C62FE304080B3F9
1248E416454181172311C4081888FD6D7FFF001FFE6F87BBFB5FB300000222F72C62FE304080B3FA
1248D816454081171C11C4071888FA6D7FFF001FFE6F87BBFB5FB300000122F72C62FE304080B3FB
1248D816453F81172311C4081888FF6D7FFF001FFD6F97BBFB6FB300000022F72C62FE304080B3FC
1248D816453F81171C11C4071888FA6D7FFF001FFD6F87BBFB5FB300000122F72C62FE304080C3FD
1248DC16454281172311C4041889026D7FFF001FFE6F87BBFB5FB300000122F72C62FE304080B3FE
1248D416453D81171C11C40B1888F46D7FFF001FFF6F87BBFB5FB300000122F72C62FE304080B3FF
1248D016453A81171C11C4041888F46D7FFF001FFE6F87BBFB5FB300000222F72C62FE304080B300
1248D016453A81171C11C4031888F76D7FFF001FFE6F87BBFB5FB300000222F72C62FE304080C301
1248D016453A81171C11C4081889056D6FFF001FFE6F87BBFB5FB300000222F72C62FE304080B302
1248D416453A81171C11C4071888FA6D7FFF001FFF6F87BBFB4FB400000222F72C62FE304080B303
1248D016453D81172311C4081888F46D7FFF001FFE6F87BBFB3FB400000122F72C62FE304080C304
1248D416453F81171C11C4031888FD6D6FFF001FFE6F87BBFB3FB400000222F72C62FE304080C305
1248D416453981171C11C40C1888FA6D7FFF001FFE6F87BBFB4FB400000122F72C62FE304080C306
1248D016453881171C11C4071888FA6D7FFF001FFE6F87BBFB3FB400000022F72C62FE304080B307
1248D016453A81171C11C4071888FD6D6FFF001FFE6F87BBFB4FB400000122F72C62FE304080B308
1248D016453D81171C11C4081888FA6D6FFF001FFF6F87BBFB3FB400000122F72C62FE304080B309
1248D016453C81171C11C4071888FA6D6FFF001FFE6F87BBFB3FB400000122F72C62FE304080C30A
1248CB16453D81171711C40C1888F46D6FFF001FFD6F87BBFB4FB400000122F72C62FE304080B30B
1248D016453881171C11C4031888FD6D7FFF001FFD6F87BBFB3FB400000122F72C62FE304080C30C
1248CB16453181171411C4041888F46D6FFF001FFE6F87BCFB4FB400000122F72C62FE304080B30D
1248CB16453081171C11C4071889056D6FFF001FFF6F97BBFB4FB400000122F72C62FE304080C30E
1248C716452981171411C4081888F76D7FFF001FFE6F87BBFB4FB400000122F72C62FE304080C30F
1248CB16452C81171C11C4071888FA6D6FFF001FFE6F87BCFB3FB400000122F72C62FE304080C310
1248BF16453081171411C4041888FA6D6FFF001FFE6F87BCFB3FB400000122F72C62FE304080C311
1248C716453081171411C4071888F76D6FFF001FFF6F87BBFB4FB400000122F72C62FE304080C312
1248C716453481171C11C4081888FA6D6FFF001FFF6F87BBFB4FB400000222F72C62FE304080B313
1248C716453881171411C4071888FF6D6FFF001FFF6F87BBFB4FB400000222F72C62FE304080B314
1248CB16453381171411C4081888FA6D5FFF001FFE6F87BBFB3FB400000222F72C62FE304080C315
1248CE16453A81171411C4071888FD6D6FFF001FFD6F87BCFB3FB400000222F72C62FE304080C316
1248D016453881171411C4081888FA6D6FFF001FFE6F87BBFB4FB400000022F72C62FE304080B317
1248D416453881171411C40F1888FF6D6FFF001FFF6F87BCFB4FB400000122F72C62FE304080C318
1248D016453A81170D11C4041888FD6D6FFF001FFF6F87BCFB3FB400000122F72C62FE304080B319
1248D016453881171411C40B1888FA6D5FFF001FFF6F87BBFB4FB400000122F72C62FE304080B31A
1248D416453C81170D11C40C1888FA6D5FFF001FFF6F87BCFB4FB400000122F72C62FE304080B31B
1248D016453581171411C4071888FA6D5FFF001FFE6F87BCFB4FB400000122F72C62FE304080C31C
1248D016453381170D11C4081888FD6D6FFF001FFE6F87BCFB5FB400000122F72C62FE304080B31D
1248D416453981171411C4071888FF6D6FFF001FFF6F87BCFB4FB400000122F72C62FE304080C31E
1248D016454181171411C4081888FA6D6FFF001FFF6F87BDFB4FB400000322F72C62FE304080B31F
1248D416453D81170D11C3FF1888FD6D6FFF001FFF6F87BEFB5FB400000122F72C62FE304080C320
1248D416453A81171411C4041888EF6D6FFF001FFE6F87BEFB4FB400000222F72C62FE304080B321
1248D416453A81170D11C4031888FA6D5FFF001FFE6F87BEFB4FB400000222F72C62FE304080B322
1248D416453B81170D11C4041888F46D6FFF001FFF6F87BFFB4FB400000122F72C62FE304080C323
1248D016453D81170D11C4071888FD6D6FFF001FFF6F87BFFB5FB400000022F72C62FE304080B324
1248D016453C81171011C4081888F46D6FFF001FFE6F87C0FB4FB400000222F72C62FE304080C325
1248D416454181170D11C4071888FF6D6FFF001FFE6F87C0FB5FB400000122F72C62FE304080B326
1248D416453A81171411C4081888F26D6FFF001FFE6F77C0FB4FB400000222F72C62FE304080C327
1248D416453C81170D11C40B1888FA6D6FFF001FFE6F87C0FB4FB400000122F72C62FE304080C328
1248D816453F81170D11C4041888FF6D7FFF001FFE6F87C0FB5FB400000222F72C62FE304080B329
1248DC16453F81171411C4031888F76D7FFF001FFE6F87C0FB4FB400000222F72C62FE304080B32A
1248DC16453F81170D11C4041888EF6D6FFF001FFE6F87C0FB4FB400000122F72C62FE304080B32B
1248D816453981170D11C40B1888F46D7FFF001FFE6FB7C1FB4FB400000122F72C62FE304080B32C
1248D016453C81170D11C4081888FA6D7FFF001FFE6F67C1FB5FB400000122F72C62FE304080B32D
1248D816454381170D11C4071888F76D7FFF001FFE6F87C0FB5FB400000222F72C62FE304080B32E
1248D416454081171411C4041888FF6D7FFF001FFF6F87C0FB5FB400000022F72C62FE304080B32F
1248E016453C81170D11C40B1888FA6D7FFF001FFE6F87C0FB5FB400000122F72C62FE304080B330
1248DC16453D81171411C4041888F76D7FFF001FFE6F87C0FB4FB400000122F72C62FE304080C331
1248D816453F81170D11C40B1889056D7FFF001FFE6F97C0FB5FB400000122F72C62FE304080C332
1248DF16453F81170D11C4041888FA6D7FFF001FFE6F87C0FB5FB400000122F72C62FE304080B333
1248D816453F81171411C40B1888FF6D8FFF001FFE6F87C0FB5FB400000122F72C62FE304080B334
1248DC16453F81170D11C4101888FD6D8FFF001FFF6F87C0FB6FB400000122F72C62FE304080C335
1248D816454781170D11C40B1888FF6D7FFF001FFF6F97C0FB5FB400000122F72C62FE304080C336
1248D816454781170D11C40C1888FF6D8FFF001FFD6F87C0FB5FB400000222F72C62FE304080B337
1248D816454481171411C4131888FD6D7FFF001FFE6F87BFFB5FB400000122F72C62FE304080B338
1248D816453D81170D11C4141889056D7FFF001FFE6F87BFFB6FB400000122F72C62FE304080B339
1248D816453D81171411C4171888FA6D8FFF001FFF6F87BFFB5FB400000222F72C62FE304080C33A
1248D016453881170D11C4101889026D7FFF001FFF6F87BFFB6FB400000122F72C62FE304080C33B
1248D416453881171411C40B1888FF6D6FFF001FFE6F87BFFB5FB400000222F72C62FE304080B33C
1248D816453A81171411C4081888FA6D7FFF001FFE6F87BFFB5FB400000222F72C62FE304080C33D
1248D816453681171011C4071888FA6D7FFF001FFF6F87BEFB5FB400000022F72C62FE304080C33E
1248D816453D81171411C4081888F76D7FFF001FFF6F87BEFB5FB400000022F72C62FE304080B33F
1248DC16454081171411C4071888FA6D7FFF001FFE6F87BEFB5FB400000122F72C62FE304080B340
1248E016454281171411C4041888FA6D7FFF001FFD6F87BDFB6FB400000122F72C62FE304080C341
1248DC16454181171411C3FF1888F76D6FFF001FFE6F87BDFB5FB400000122F72C62FE304080C342
1248D816453F81171C11C4041888EF6D7FFF001FFF6F87BDFB5FB400000122F72C62FE304080C343
1248D816453F81171411C4031888FA6D6FFF001FFF6F87BDFB5FB400000022F72C62FE304080C344
1248D816453B81171411C4081889056D6FFF001FFE6F87BCFB5FB400000222F72C62FE304080C345
1248D816453E81171C11C40B1888FD6D6FFF001FFD6F87BCFB5FB400000122F72C62FE304080C346
1248DC16453F81171411C4041888FA6D6FFF001FFE6F87BCFB6FB400000122F72C62FE304080C347
1248D416453C81171C11C4071888FF6D6FFF001FFF6F77BCFB6FB400000122F72C62FE304080C348
1248D416453881171C11C4101888FD6D6FFF002FFF6F87BCFB5FB400000222F72C62FE304080B349
1248D016453881171C11C40F1888FA6D6FFF001FFE6F87BBFB6FB400000122F72C62FE304080C34A
1248D016453781171C11C4141889056D5FFF001FFE6F87BBFB5FB300000222F72C62FE304080C34B
1248D416453881172311C40F1889056D6FFF001FFE6F87BBFB5FB200000122F72C62FE304080C34C
1248D016453A81171C11C4141889026D6FFF001FFF6F97BBFB4FB200000222F72C62FE304080C34D
1248D016453A81172311C40F1889056D6FFF001FFE6F87BAFB4FB200000122F72C62FE304080C34E
1248CB16453381171C11C4141889056D5FFF001FFD6F87BAFB4FB200000122F72C62FE304080C34F
1248CA16453781172B11C40F1889026D5FFF001FFE6F87BAFB4FB200000122F72C62FE304080B350
1248BF16453381172311C4101888FF6D6FFF001FFF6F67B9FB4FB200000122F72C62FE304080C351
1248C316453081172311C40F1888FF6D5FFF001FFE6F87B9FB4FB200000122F72C62FE304080B352
1248C716453481172311C40C1888FD6D5FFF001FFE6F87B9FB4FB200000122F72C62FE304080C353
1248BF16453381172B11C40F1889056D5FFF001FFE6F87B8FB4FB200000222F72C62FE304080C354
1248C316453381172311C40C1888FF6D5FFF001FFE6F87B8FB4FB200000222F72C62FE304080C355
1248C316453581172B11C40B1888FF6D5FFF001FFE6F87B8FB5FB200000022F72C62FE304080C356
1248CB16453581172B11C4101888FD6D5FFF001FFE6F87B7FB4FB200000122F72C62FE304080C357
1248C316453281172B11C40F1888FA6D5FFF001FFE6F87B7FB4FB200000122F72C62FE304080C358
1248C716453381172B11C4181888FA6D5FFF001FFE6F87B7FB4FB200000222F72C62FE304080C359
1248CB16453581172D11C41B1889026D6FFF001FFE6F87B6FB4FB200000122F72C62FE304080B35A
1248C316453181173211C4201889106D5FFF001FFE6F87B6FB4FB200000122F72C62FE304080C35B
1248C316453081172B11C42318891B6D5FFF001FFE6F87B6FB5FB200000122F72C62FE304080C35C
1248C316453C81173211C41C1889166D5FFF001FFD6F87B6FB4FB200000122F72C62FE304080C35D
1248C716453F81172B11C4231889136D5FFF001FFD6F87B6FB4FB200000122F72C62FE304080B35E
1248E016454781173911C4241889166D5FFF001FFE6F87B6FB4FB200000122F72C62FE304080C35F
1248E916454C81173211C41F1889106D5FFF001FFE6F87B6FB4FB200000122F72C62FE304080B360
1248F116455281173211C4241889136D5FFF001FFD6F87B6FB4FB200000122F72C62FE304080C361
1248F516455A81173911C4231889106D5FFF001FFE6F87B6FB4FB200000022F72C62FE304080C362
1248F516455A81173211C41C1889106D5FFF001FFF6F87B6FB4FB200000122F72C62FE304080B363
1248F516455881173911C4231889106D5FFF001FFF6F87B7FB4FB300000122F72C62FE304080B364
1248F916455181173911C4201889136D5FFF001FFE6F87B7FB4FB300000122F72C62FE304080C365
1248F116455281173211C4231889106D5FFF001FFE6F87B7FB4FB300000122F72C62FE304080C366
1248E416455381174111C4201889106D5FFF001FFE6F87B7FB5FB300000122F72C62FE304080C367
1248E416454C81173911C41F1889136D5FFF001FFF6F87B8FB4FB300000122F72C62FE304080B368
1248E016454981173911C4201889106D6FFF001FFF6F87B8FB4FB300000122F72C62FE304080C369
1248ED16455181173911C41B1889166D6FFF001FFF6F87B9FB5FB300000122F72C62FE304080C36A
1248ED16455A81174111C42018890A6D5FFF001FFF6F87B9FB4FB300000122F72C62FE304080C36B
1248EF16454F81174111C41F1889086D6FFF001FFE6F77BAFB4FB300000122F72C62FE304080B36C
1248ED16454981173911C4241889166D6FFF001FFE6F87BAFB4FB300000222F72C62FE304080B36D
1248E916455181174111C41B1889106D7FFF001FFE6F87BAFB4FB300000122F72C62FE304080C36E
1248F516455181174111C42018890E6D7FFF001FFF6F87BAFB4FB300000122F72C62FE304080B36F
1248F516455181174811C41B1889106D6FFF001FFF6F87BBFB5FB300000122F72C62FE304080B370
1248F116455381173911C42018890A6D7FFF001FFF6F87BBFB4FB300000122F72C62FE304080C371
1248F916455381174811C41B1889106D7FFF001FFE6F87BCFB4FB300000122F72C62FE304080C372
1248F916455781174111C41818890E6D7FFF001FFE6F87BCFB4FB300000122F72C62FE304080C373
1248F916455B81174111C41318890A6D7FFF001FFE6F87BDFB4FB300000222F72C62FE304080B374
12490116455A81174811C41418890A6D7FFF001FFF6F87BDFB4FB300000122F72C62FE304080B375
1248FD16455481174111C40B1889086D7FFF001FFE6F87BDFB4FB300000122F72C62FE304080C376
1248F516455381174F11C3FC1888FA6D7FFF001FFD6F87BEFB5FB300000122F72C62FE304080C377
1248F916455481174111C3EF1888F46D7FFF001FFE6F87BEFB5FB300000222F72C62FE304080B378
1248F916455681174B11C3EC1888E66D7FFF001FFF6F87BEFB4FB300000222F72C62FE304080C379
1248F916455881174111C3E71888DE6D7FFF001FFF6F87BFFB5FB300000222F72C62FE304080B37A
1248FD16455881174F11C3DB1888D86D7FFF001FFF6F87BFFB5FB300000222F72C62FE304080C37B
1248FD16455581174811C3DB1888D36D7FFF001FFE6F87C0FB5FB200000122F72C62FE304080C37C
1248F916455A81174811C3CF1888D06D7FFF001FFF6F77C0FB5FB200000222F72C62FE304080C37D
1248FD16455A81174811C3CF1888C26D7FFF001FFE6F87C0FB5FB200000122F72C62FE304080B37E
1248FD16455B81174F11C3CF1888C86D7FFF001FFF6F87C1FB6FB200000122F72C62FE304080C37F
1248FD16455A81174111C3CF1888C56D7FFF001FFF6F87C2FB5FB200000222F72C62FE304080C380
1248FD16455981174F11C3D31888C26D7FFF001FFE6F87C2FB6FB200000122F72C62FE304080B381
1248FD16455881174F11C3D31888CD6D7FFF001FFE6F87C2FB5FB200000122F72C62FE304080C382
1248F916455C81174811C3D71888C56D7FFF001FFE6F87C3FB5FB200000122F72C62FE304080C383
1248FD16455581174811C3D31888CD6D7FFF001FFE6F87C4FB5FB200000122F72C62FE304080B384
1248FC16455781174F11C3CF1888CD6D7FFF001FFE6F77C4FB6FB200000122F72C62FE304080B385
1248F916455B81174811C3CB1888C86D8FFF001FFE6F87C4FB5FB200000122F72C62FE304080C386
1248F516455681174F11C3CF1888CA6D7FFF001FFF6F87C5FB5FB200000122F72C62FE304080B387
1248F916455A81174F11C3D31888C26D7FFF001FFE6F87C5FB5FB200000122F72C62FE304080B388
1248F516455681174811C3E01888C86D8FFF001FFD6FA7C6FB5FB200000222F72C62FE304080C389
1248F916455781174F11C3DF1888D66D8FFF001FFE6F87C7FB5FB200000122F72C62FE304080C38A
1248F116455481174F11C3E41888DE6D7FFF001FFE6F87C8FB5FB200000122F72C62FE304080C38B
1248F116454C81174811C3E71888DE6D8FFF001FFE6F87C7FB5FB200000122F72C62FE304080C38C
1248E416454C81174F11C3E41888D66D8FFF001FFF6F87C8FB5FB200000122F72C62FE304080C38D
1248E016454781174F11C3EB1888D86D8FFF001FFE6F87C8FB5FB200000122F72C62FE304080C38E
1248DC16454081174F11C3E81888D86D8FFF001FFD6F87C8FB5FB200000122F72C62FE304080C38F
1248D416453881174811C3E31888DE6D7FFF001FFD6F87C9FB5FB200000122F72C62FE304080B390
1248D416453181174F11C3E41888DB6D8FFF001FFE6F87C9FB5FB200000122F72C62FE304080B391
1248C716452981174F11C3E31888DE6D9FFF001FFF6F87C9FB6FB200000122F72C62FE304080C392
1248BF16452181174F11C3E01888DE6D8FFF001FFE6F77CAFB5FB200000222F72C62FE304080C393
1248BB16452881174811C3E31888D66D8FFF001FFD6F87CAFB5FB200000122F72C62FE304080C394
1248BF16452B81174811C3E01888DE6D8FFF001FFD6F87CAFB4FB200000122F72C62FE304080C395
1248BF16452B81175711C3E31888D86D8FFF001FFE6F87CBFB4FB200000222F72C62FE304080C396
1248C316452A81174811C3EC1888DB6D8FFF001FFF6F87CBFB4FB200000122F72C62FE304080C397
1248C316453181174F11C3EF1888DE6D8FFF001FFF6F87CBFB5FB200000122F72C62FE304080C398
1248BF16452E81174811C3F01888E36D8FFF001FFE6F87CBFB4FB200000122F72C62FE304080B399
1248BF16453181174F11C3FB1888DE6D8FFF001FFE6F87CBFB4FB200000122F72C62FE304080C39A
1248BF16453581175211C4001888E66D8FFF001FFD6F87CBFB4FB200000122F72C62FE304080C39B
1248BF16453581174811C4071888F46D8FFF001FFF6F87CBFB4FB200000122F72C62FE304080B39C
1248C716453981174811C4041888FA6D8FFF001FFF6F87CBFB5FB200000122F72C62FE304080C39D
1248CB16453881174F11C40B1888F76D8FFF001FFF6F87CBFB4FB200000022F72C62FE304080C39E
1248CB16453881174811C4081888FF6D8FFF001FFE6F87CCFB5FB200000222F72C62FE304080C39F
1248C716453781174F11C3FF1888FF6D8FFF001FFD6F87CBFB5FB200000222F72C62FE304080B3A0
1248CA16453C81174811C3F01888F46D8FFF001FFE6F77CBFB5FB200000122F72C62FE304080B3A1
1248CB16453C81174F11C3F31888EC6D8FFF001FFF6F87CBFB4FB200000122F72C62FE304080C3A2
1248D016453D81174811C3FC1888F46D8FFF001FFF6F87CBFB4FB200000122F72C62FE304080B3A3
1248D016453F81174811C3F71888EF6D8FFF001FFF6F87CAFB5FB200000122F72C62FE304080C3A4
1248D416453B81174811C3F41888F26D8FFF001FFF6F87CAFB4FB200000222F72C62FE304080B3A5
1248D416453A81174811C3F31888E96D8FFF001FFE6F87CAFB4FB200000222F72C62FE304080C3A6
1248D016453D81174F11C3F81888EF6D8FFF001FFE6F87CAFB4FB200000122F72C62FE304080B3A7
1248D416453F81174111C3F71888EC6D8FFF001FFE6F87CAFB4FB200000222F72C62FE304080C3A8
1248D016454381174811C3FC1888EF6D8FFF001FFE6F87C9FB4FB200000122F72C62FE304080C3A9
1248D816454481174811C3FB1888EF6D8FFF001FFE6F87C9FB4FB200000122F72C62FE304080C3AA
1248DC16454481174111C3F81888F46D8FFF001FFE6F87C9FB5FB200000122F72C62FE304080B3AB
1248E016454781174811C3F71888F26D8FFF001FFE6F87C8FB5FB300000222F72C62FE304080C3AC
1248DC16454681174111C3FC1888EF6D8FFF001FFE6F87C8FB4FB400000222F72C62FE304080B3AD
1248E016454481174111C3EF1888EF6D8FFF001FFF6F87C8FB4FB400000222F72C62FE304080C3AE
1248DC16453D81174111C3F41888EC6D8FFF001FFF6F87C8FB4FB400000122F72C62FE304080C3AF
1248DC16453D81174111C3EF1888E96D8FFF001FFF6F87C8FB4FB400000222F72C62FE304080C3B0
1248D416453F81173911C3F01888EF6D7FFF001FFE6F87C7FB4FB400000122F72C62FE304080C3B1
1248D016453981174111C3EF1888E36D8FFF001FFE6F87C8FB5FB400000222F72C62FE304080B3B2
1248D816453C81173911C3F41888E16D8FFF001FFF6F87C7FB5FB400000122F72C62FE304080B3B3
1248D416453C81173911C3EF1888E36D8FFF001FFE6F87C7FB4FB400000122F72C62FE304080C3B4
1248D016453681173211C3F01888DE6D8FFF001FFD6F87C7FB4FB400000122F72C62FE304080C3B5
1248CB16453981173911C3EF1888DB6D7FFF001FFD6F87C7FB5FB400000122F72C62FE304080C3B6
1248D016453A81173211C3EC1888DE6D7FFF001FFE6F87C7FB4FB400000222F72C62FE304080B3B7
1248CB16453781173211C3EB1888DE6D7FFF001FFF6F87C7FB4FB400000122F72C62FE304080C3B8
1248CB16453581173211C3EC1888DB6D8FFF001FFF6F87C6FB4FB400000222F72C62FE304080C3B9
1248CB16453581173211C3EF1888E36D7FFF001FFD6F87C6FB4FB400000022F72C62FE304080C3BA
1248C716453981172611C3F41888DE6D7FFF001FFD6F87C5FB5FB400000122F72C62FE304080C3BB
1248D016453A81173911C3FB1888E36D7FFF001FFE6F87C4FB4FB400000222F72C62FE304080B3BC
1248D016453A81172311C3FC1888E66D8FFF001FFE6F87C4FB5FB400000222F72C62FE304080B3BD
1248CE16453D81172B11C3F71888E36D7FFF001FFF6F87C4FB4FB400000122F72C62FE304080C3BE
1248D416453F81172311C3FC1888E36D7FFF001FFE6F87C2FB5FB400000122F72C62FE304080C3BF
1248D016453B81172B11C3FF1888E66D7FFF001FFE6F87C2FB4FB400000222F72C62FE304080C3C0
1248D416453A81171C11C3FC1888E36D7FFF001FFE6F87C1FB5FB400000222F72C62FE304080C3C1
1248D816453A81172311C3FB1888E36D7FFF001FFE6F87C0FB4FB400000222F72C62FE304080C3C2
1248D816453A81171C11C3F81888E96D7FFF001FFE6F87BFFB5FB400000222F72C62FE304080C3C3
1248D416453D81171C11C3F31888E66D7FFF001FFE6F87BFFB5FB400000022F72C62FE304080C3C4
1248DC16453F81171411C3F41888E36D6FFF001FFE6F87BEFB5FB400000122F72C62FE304080C3C5
1248D816454081171411C3F31888E36D7FFF001FFF6F87BDFB5FB400000222F72C62FE304080C3C6
1248D816454281171C11C3F01888EC6D7FFF001FFF6F87BDFB4FB400000122F72C62FE304080C3C7
1248D816454181170D11C3EF1888E36D6FFF001FFF6F87BCFB5FB400000122F72C62FE304080B3C8
1248DC16453B81171411C3F01888E96D6FFF001FFE6F87BBFB4FB400000222F72C62FE304080C3C9
1248D816453E81170D11C3EF1888E16D7FFF001FFF6F87BBFB4FB400000122F72C62FE304080C3CA
1248D816453B81170D11C3F01888E36D7FFF001FFE6F87BAFB5FB400000222F72C62FE304080C3CB
1248D416453381170611C3F31888E36D6FFF001FFE6F87B9FB4FB400000122F72C62FE304080C3CC
1248D416453781170611C3F01888E96D6FFF001FFD6F87B8FB4FB400000122F72C62FE304080C3CD
1248D416453A8116FE11C3F31888E16D6FFF001FFE6F87B8FB4FB400000122F72C62FE304080B3CE
1248D816453E81170611C3F01888EF6D7FFF001FFE6F87B7FB4FB300000222F72C62FE304080B3CF
1248D416453B8116FE11C3F31888E36D6FFF001FFF6F87B7FB4FB400000122F72C62FE304080C3D0
1248D816453E8116F711C3F41888E66D6FFF001FFF6F87B6FB4FB400000222F72C62FE2F4180C3D1
1248D416453B8116F711C3F71888E96D7FFF001FFD6F87B5FB4FB400000222F72C62FE2F4080C3D2
1248D41645378116F711C3F01888E36D7FFF001FFE6F87B5FB4FB400000122F72C62FE2F4080C3D3
1248D81645388116F711C3F71888E66D7FFF001FFE6F87B5FB5FB400000122F72C62FE2F4080C3D4
1248DC1645428116F311C3F41888EF6D7FFF001FFE6F87B3FB5FB400000022F72C62FE2F4080C3D5
1248DC16453C8116E811C3F41888EF6D7FFF001FFD6F87B2FB4FB400000022F72C62FE2F4080C3D6
1248D416453A8116F011C3F71888E96D7FFF001FFE6F87B2FB4FB400000022F72C62FE2F4080C3D7
1248D816453B8116E811C3F01888E16D6FFF001FFF6F87B1FB4FB400000122F72C62FE2F4080B3D8
1248D816453A8116E811C3F31888EF6D7FFF001FFF6F87B0FB4FB400000122F72C62FE2F4080C3D9
1248D816453E8116E111C3F01888E36D7FFF001FFE6F87AFFB4FB400000222F72C62FE2F4080C3DA
1248D616453B8116E111C3F31888E16D6FFF001FFE6F87AFFB4FB400000222F72C62FE2F4080B3DB
1248D41645378116E111C3F01888E36D6FFF001FFF6F87AEFB5FB400000122F72C62FE2F4080C3DC
1248D81645358116DA11C3EF1888E36D7FFF001FFF6F87ADFB5FB300000122F72C62FE2F4080C3DD
1248D41645398116DA11C3F41888E36D7FFF001FFE6F87ADFB5FB300000122F72C62FE2F4080C3DE
1248D816453A8116DA11C3F31888E66D6FFF001FFE6F87ABFB6FB300000222F72C62FE2F4080C3DF
1248D416453A8116DA11C3F01888E36D7FFF001FFE6F87ABFB5FB300000222F72C62FE2F4080C3E0
1248DC16453D8116D211C3EF1888E36D6FFF001FFE6F87AAFB5FB300000222F72C62FE2F4080C3E1
1248D416453C8116D211C3F41888EC6D6FFF001FFE6F87A8FB6FB300000222F72C62FE2F4080C3E2
1248D816453B8116D211C3EF1888E36D7FFF001FFF6F87A8FB5FB300000122F72C62FE2F4080B3E3
1248D81645328116C411C3F41888E36D6FFF001FFF6F87A7FB6FB300000222F72C62FE2F4080C3E4
1248D41645348116D211C3F31888E66D6FFF001FFF6F87A6FB6FB300000122F72C62FE2F4080C3E5
1248D01645358116CB11C3F01888E36D6FFF001FFE6F87A6FB5FB300000122F72C62FE2F4080C3E6
1248D41645358116C411C3EF1888E96D6FFF001FFE6F87A6FB5FB300000122F72C62FE2F4080C3E7
1248D01645318116C411C3F01888E36D6FFF001FFE6F87A4FB6FB300000222F72C62FE2F4080B3E8
1248CB16452C8116C411C3F71888E66D6FFF001FFE6F87A4FB5FB300000222F72C62FE2F4080C3E9
1248D01645358116C611C3F01888E96D6FFF001FFE6F87A4FB5FB300000122F72C62FE2F4080C3EA
1248CB1645338116C411C3F31888E96D6FFF001FFE6F87A3FB6FB300000122F72C62FE2F4080C3EB
1248D01645348116BC11C3F01888E66D6FFF001FFE6F87A2FB5FB300000122F72C62FE2F4080C3EC
1248C71645318116BC11C3F31888E36D6FFF001FFE6F87A2FB5FB300000122F72C62FE2F4080C3ED
1248CB1645348116BC11C3F01888EF6D6FFF001FFD6F87A1FB5FB300000222F72C62FE2F4080C3EE
1248D01645318116BC11C3F31888E66D6FFF001FFE6F87A1FB5FB300000122F72C62FE2F4080C3EF
1248CB1645308116BC11C3F01888E36D6FFF001FFE6F87A1FB5FB300000222F72C62FE2F4080C3F0
1248D01645308116B511C3F31888DE6D7FFF001FFE6F87A0FB5FB300000122F72C62FE2F4080C3F1
1248C716452C8116B511C3F01888E96D6FFF001FFE6F87A0FB5FB300000122F72C62FE2F4080C3F2
1248CB16452E8116BC11C3EF1888E16D6FFF001FFD6F87A0FB5FB300000122F72C62FE2F4080C3F3
1248C31645308116B511C3F01888DE6D7FFF001FFE6F87A0FB6FB300000122F72C62FE2F4080B3F4
1248C71645308116B511C3EF1888E36D7FFF001FFE6F87A0FB5FB200000122F72C62FE2F4080C3F5
1248CB16452C8116B511C3F41888DB6D6FFF001FFE6F87A0FB4FB200000022F72C62FE2F4080C3F6
1248C71645288116B511C3F31888E36D7FFF001FFE6F879FFB4FB200000122F72C62FE2F4080C3F7
1248C716452C8116AE11C3F01888E36D7FFF001FFE6F879FFB4FB200000222F72C62FE2F4080B3F8
1248C61645298116B511C3F31888E36D6FFF001FFD6F879FFB4FB200000122F72C62FE2F4080C3F9
1248C716452C8116AE11C3F01888E66D7FFF001FFD6F879FFB5FB200000122F72C62FE2F4080C3FA
1248C716452C8116B511C3F31888E96D7FFF001FFE6F879FFB5FB200000122F72C62FE2F4080C3FB
1248C716452B8116B511C3F01888E36D7FFF001FFE6F879FFB4FB200000122F72C62FE2F4080C3FC
1248C71645278116B011C3F71888E66D7FFF001FFE6F879FFB5FB200000222F72C62FE2F4080C3FD
1248CB16452C8116AE11C3F01888E36D7FFF001FFE6F879FFB5FB200000122F72C62FE2F4080B3FE
1248C716452C8116AE11C3F71888EF6D7FFF001FFD6F879FFB4FB200000122F72C62FE2F4080C3FF
1248C316452F8116B511C3F01888E66D8FFF001FFD6F879FFB5FB200000222F72C62FE2F4080C300
1248C71645308116AE11C3EF1888E36D7FFF001FFE6F879FFB4FB200000122F72C62FE304180C301
1248CB1645308116B511C3F41888E36D7FFF001FFF6F879FFB4FB200000222F72C62FE304080C302
1248C716452C8116B511C3F31888E36D7FFF001FFF6F879FFB5FB200000122F72C62FE304080C303
1248CB16452F8116B511C3F01888E66D7FFF001FFE6F879FFB4FB200000122F72C62FE304080C304
1248CB16452C8116A611C3F31888DE6D7FFF001FFE6F879FFB4FB200000022F72C62FE304080C305
1248C316452A8116BC11C3F01888DE6D8FFF001FFE6F879FFB4FB200000122F72C62FE304080C306
1248C716452B8116B511C3EF1888E16D8FFF001FFE6F879FFB4FB200000122F72C62FE304080C307
1248C71645338116AE11C3F01888E36D8FFF001FFF6F879FFB4FB200000122F72C62FE304080C308
1248C316452D8116B511C3F31888E36D8FFF001FFF6F979FFB4FB200000122F72C62FE304080C309
1248C716452A8116BC11C3F01888DB6D8FFF001FFF6F879FFB5FB200000222F72C62FE304080C30A
1248C71645288116B511C3EF1888E96D8FFF001FFF6F879FFB4FB200000122F72C62FE304080C30B
1248C716452C8116B511C3F01888E36D9FFF001FFD6F879FFB5FB200000022F72C62FE304080C30C
1248C71645308116B511C3F31888DE6D8FFF001FFE6F87A0FB5FB200000122F72C62FE304080C30D
1248C71645308116BC11C3F41888E66D8FFF001FFF6F87A0FB5FB200000122F72C62FE304080B30E
1248C716452C8116C611C3EB1888D86D8FFF001FFE6F97A0FB5FB200000222F72C62FE304080C30F
1248C716452E8116B511C3EC1888DE6D8FFF001FFD6F87A1FB4FB200000122F72C62FE304080C310
1248C716452C8116C411C3EB1888E16D8FFF001FFD6F87A1FB5FB200000122F72C62FE304080C311
1248C716452E8116C411C3F01888DE6D8FFF001FFF6F87A1FB4FB200000022F72C62FE304080C312
1248C71645308116C411C3EB1888E36D8FFF001FFF6F87A1FB4FB200000122F72C62FE304080C313
1248C71645308116C411C3F01888E36D8FFF001FFF6F87A2FB4FB200000022F72C62FE304080C314
1248CB1645308116CB11C3EB1888DB6D7FFF001FFE6F87A2FB4FB200000222F72C62FE304080C315
1248C316452D8116D211C3E81888DE6D7FFF001FFE6F87A2FB4FB200000122F72C62FE304080C316
1248C616452E8116CB11C3E71888DE6D8FFF001FFF6F87A3FB4FB200000122F72C62FE304080C317
1248BF16452C8116D211C3E81888E66D7FFF001FFF6F87A3FB5FB200000122F72C62FE304080C318
1248C716452E8116D211C3EB1888DE6D7FFF001FFF6F87A3FB4FB200000222F72C62FE304080C319
1248C71645308116D211C3EC1888D86D7FFF001FFF6F87A4FB5FB200000022F72C62FE304080C31A
1248C31645308116DA11C3EB1888E66D7FFF001FFE6F87A3FB5FB200000122F72C62FE304080C31B
1248C71645308116DA11C3F01888DE6D6FFF001FFE6F87A4FB4FB200000122F72C62FE304080C31C
1248C31645338116E111C3EF1888E36D7FFF001FFE6F87A4FB4FB200000222F72C62FE304080C31D
1248C71645328116E111C3F01888E36D7FFF001FFE6F87A4FB5FB200000322F72C62FE304080C31E
1248C71645318116E811C3F31888E16D6FFF001FFF6F87A5FB4FB200000122F72C62FE304080C31F
1248C716452C8116E811C3F01888E36D7FFF001FFE6F87A5FB4FB200000122F72C62FE304080C320
1248C71645338116E811C3F31888E96D7FFF001FFE6F87A5FB4FB200000122F72C62FE304080C321
1248C31645388116F011C3F41888E66D6FFF001FFE6F87A6FB4FB200000122F72C62FE304080C322
1248CB1645378116F011C3F31888E96D7FFF001FFF6F87A6FB5FB200000122F72C62FE304080C323
1248C716453C8116F311C3FC1888EF6D6FFF001FFE6F87A6FB4FB200000022F72C62FE304080C324
1248D41645388116F711C3F71888EC6D6FFF001FFD6F87A6FB5FB300000122F72C62FE304080C325
1248CB1645388116FE11C3F41888E96D6FFF001FFD6F87A7FB6FB400000222F72C62FE304080C326
1248D416453A8116FE11C3F71888EF6D6FFF001FFE6F87A7FB6FB400000222F72C62FE304080C327
1248D816453D81170611C3F81888EF6D6FFF001FFE6F77A8FB6FB400000122F72C62FE304080C328
1248D41645438116FE11C3FB1888EC6D6FFF001FFE6F87A8FB6FB400000022F72C62FE304080C329
1248D016453E81170611C3F81888EF6D6FFF001FFE6F87A9FB6FB400000222F72C62FE304080C32A
1248D816453A81170D11C3FB1888E96D6FFF001FFF6F87ABFB6FB400000122F72C62FE304080B32B
1248D016453A81170D11C3FC1888EC6D6FFF001FFF6F87ABFB6FB400000122F72C62FE304080C32C
1248D416454481171411C3FB1888EF6D6FFF001FFF6F87ACFB6FB400000222F72C62FE304080C32D
1248D416454281171411C3FC1888F46D6FFF001FFF6F87ADFB6FB400000122F72C62FE304080B32E
1248D816453B81171411C3F71888EF6D6FFF001FFF6F87ADFB6FB400000222F72C62FE304080C32F
1248D416453E81171C11C3FC1888EC6D6FFF001FFF6F87AEFB6FB400000122F72C62FE304080C330
1248D416453F81172311C3FB1888E96D7FFF001FFF6F77B0FB6FB400000122F72C62FE304080C331
1248D416453C81171C11C4001888E96D7FFF001FFF6F87B0FB6FB400000122F72C62FE304080C332
1248D416453E81172B11C3FF1888F26D7FFF001FFE6F87B1FB7FB400000122F72C62FE304080C333
1248D416454681172311C3FC1888EF6D6FFF001FFF6F87B4FB6FB400000122F72C62FE304080C334
1248D216454281172B11C3F71888EF6D7FFF001FFF6F87B4FB6FB400000122F72C62FE304080C335
1248D816454281173211C4001888F26D6FFF001FFE6F87B5FB6FB400000122F72C62FE304080C336
1248D016454481172B11C3FB1888EF6D7FFF001FFD6F87B7FB7FB400000222F72C62FE304080C337
1248D416453C81173911C4001888E36D6FFF001FFE6F87B8FB7FB400000122F72C62FE304080C338
1248D816453A81173211C3F71888E96D6FFF001FFF6F87B8FB7FB400000122F72C62FE304080C339
1248D416453D81173911C3FC1888E66D7FFF001FFF6F87BAFB7FB400000222F72C62FE304080C33A
1248D816453F81174111C3F71888E96D7FFF001FFE6F87BBFB6FB400000222F72C62FE304080C33B
1248D816454081173911C3F81888EF6D6FFF001FFE6F87BBFB6FB400000122F72C62FE304080C33C
1248D816454281174811C3F71888EC6D7FFF001FFF6F87BDFB7FB400000122F72C62FE304080C33D
1248D416453D81174111C3F81888E36D7FFF001FFF6F87BEFB7FB300000122F72C62FE304080C33E
1248D416453D81174B11C3FB1888EF6D6FFF001FFE6F87BFFB7FB300000222F72C62FE304080C33F
1248D816454381174111C3FC1888F46D7FFF001FFD6F87C0FB7FB300000122F72C62FE304080C340
1248D416453C81174F11C3F71888EC6D6FFF001FFF6F87C1FB7FB300000122F72C62FE304080C341
1248D416453781174F11C3FC1888EF6D6FFF002FFF6F87C2FB7FB300000122F72C62FE304080C342
1248D016453581174F11C3FB1888E96D6FFF001FFF6F87C3FB7FB300000122F72C62FE304080C343
1248D016453581174F11C3FC1888EC6D6FFF001FFE6F87C5FB7FB300000122F72C62FE304080C344
1248CB16453881175711C3FB1888EF6D6FFF001FFE6F87C5FB7FB300000222F72C62FE304080B345
1248D016453781175711C3FC1888F46D6FFF001FFF6F77C7FB7FB300000122F72C62FE304080C346
1248D016453981175711C3FB1888F26D6FFF001FFF6F87C9FB7FB300000222F72C62FE304080B347
1248D416453A81175711C3FC1888EF6D6FFF001FFE6F87C9FB7FB300000122F72C62FE304080B348
1248D416453A81175E11C3F31888E36D6FFF001FFE6F87CAFB7FB300000122F72D62FE304180C349
1248D416453A81175E11C3FC1888E96D6FFF001FFE6F87CCFB7FB300000122F72D62FE304080C34A
1248D416453A81176511C3F71888E66D7FFF001FFD6F87CDFB8FB300000222F72D62FE304080C34B
1248D416453A81175E11C3F81888EF6D6FFF001FFE6F87CEFB7FB300000122F72D62FE304080C34C
1248D016453A81176511C3FF1888E96D6FFF001FFF6F87D0FB7FB300000122F72D62FE304080C34D
1248D416453A81176511C4041888F26D6FFF001FFF6F87D1FB7FB300000122F72D62FE304080C34E
1248D416453A81176511C4031889056D7FFF001FFF6F87D2FB7FB300000122F72D62FE304080C34F
1248D416453881176511C4041888FF6D6FFF001FFF6F87D3FB7FB300000022F72D62FE304080C350
1248D016453881176D11C4031888FA6D7FFF001FFF6F87D4FB7FB300000122F72D62FE304080C351
1248D616453A81176D11C3FC1888F76D7FFF001FFE6F87D5FB7FB300000122F72D62FE304080C352
1248D016453681176511C3F31888EF6D7FFF001FFE6F87D6FB7FB300000122F72D62FE304080C353
1248D416453981177411C3F01888E96D7FFF001FFE6F87D7FB7FB300000122F72D62FE304080C354
1248D816453A81176511C3F71888E66D7FFF001FFF6F87D7FB7FB300000122F72D62FE304080C355
1248D416453A81176D11C3FC1888EF6D7FFF001FFF6F87D8FB6FB300000122F72D62FE304080C356
1248D016453681177411C3FF1889056D7FFF001FFF6F87D9FB5FB300000122F72D62FE304080C357
1248D016453581176D11C3FC1888FD6D7FFF001FFE6F87D9FB5FB300000122F72D62FE304080B358
1248C716453381176D11C3FF1888FA6D7FFF001FFE6F87D9FB6FB300000122F72D62FE304080C359
1248C316453081177411C4001888F46D7FFF001FFD6F87DAFB6FB300000222F72D62FE304080C35A
1248C316452C81176D11C3FB1888F46D7FFF001FFF6F87DAFB5FB300000122F72D62FE304080C35B
1248C316452B81177411C3F41888F76D7FFF001FFF6F87DAFB5FB300000122F72D62FE304080C35C
1248D016452F81176D11C3F71888E96D8FFF001FFF6F87DAFB5FB300000122F72D62FE304080C35D
1248CB16453081177411C3F41888E96D7FFF001FFD6F87DAFB5FB300000222F72D62FE304080C35E
1248CB16452C81176D11C3F71888EC6D7FFF001FFE6F87DAFB5FB300000122F72D62FE304080C35F
1248D016452B81177411C3F81888DE6D8FFF001FFF6F87DAFB5FB300000222F72D62FE304080B360
1248CB16452F81177411C3FB1888E96D8FFF001FFF6F87DAFB5FB300000122F72D62FE304080C361
1248D416453781176D11C3F81888E36D8FFF001FFF6F87DAFB5FB300000222F72D62FE304080C362
1248D416453381177411C3FB1888E66D8FFF001FFE6F87DAFB5FB300000222F72D62FE304080C363
1248D416453481177411C3F81888E96D7FFF001FFF6F87DAFB5FB300000122F72D62FE304080C364
1248D416453C81176D11C3FB1888E36D8FFF001FFE6F87D9FB5FB300000122F72D62FE304080C365
1248DC16453881176D11C4001888E66D8FFF001FFD6F87D9FB5FB300000122F72D62FE304080C366
1248D816453881177711C3FF1888E96D8FFF001FFE6F87D9FB5FB300000122F72D62FE304080C367
1248DC16453781176D11C4081888EF6D8FFF001FFF6F87D9FB5FB300000222F72D62FE304080C368
1248D416453581176D11C40B1888EC6D7FFF001FFF6F87D8FB5FB300000122F72D62FE304080C369
1248D816453281176D11C4181888F46D7FFF001FFE6F87D8FB5FB300000122F72D62FE304080C36A
1248D816453781176D11C4171888F46D8FFF001FFE6F87D8FB5FB300000122F72D62FE304080C36B
1248D416453781176D11C4181888FF6D8FFF001FFE6F87D7FB5FB300000122F72D62FE304080C36C
1248CB16453981177411C4171888F76D7FFF001FFE6F87D7FB6FB300000122F72D62FE304080C36D
1248D416453D81176D11C4101888F46D8FFF001FFE6F87D7FB5FB300000222F72D62FE304080C36E
1248D416453581176511C40B1888FA6D8FFF001FFF6F87D6FB4FB300000122F72D62FE304080B36F
1248D616453781176D11C4101888F76D8FFF001FFF6F87D5FB4FB300000122F72D62FE304080C370
1248D416453A81176D11C4131888F46D8FFF001FFF6F87D5FB5FB300000022F72D62FE304080C371
1248D816453A81176D11C4101888FA6D8FFF001FFE6F97D4FB4FB300000122F72D62FE304080C372
1248D416453E81176511C40F1888F46D7FFF001FFF6F87D4FB4FB300000122F72D62FE304080C373
1248D416453781176511C4101888F76D8FFF001FFE6F87D3FB4FB300000122F72D62FE304080C374
1248D816453581176511C4071888F46D8FFF001FFF6F87D3FB4FB300000122F72D62FE304080C375
1248D416453C81176511C40C1888F46D7FFF001FFF6F87D1FB4FB300000122F72D62FE304080C376
1248D816453F81175E11C4071888F26D8FFF001FFF6F87D1FB4FB300000122F72D62FE304080C377
1248D816453981176511C4001888F46D8FFF001FFE6F87D1FB4FB300000222F72D62FE304080B378
1248D416453881175E11C4031888E96D7FFF001FFF6F87CFFB4FB300000122F72D62FE304080C379
1248D816453A81175711C4081888E66D8FFF001FFE6F87CFFB4FB300000222F72D62FE304080C37A
1248D416453D81175E11C4031888EF6D7FFF001FFE6F87CFFB4FB300000122F72D62FE304080C37B
1248D816453F81175E11C40C1888EF6D8FFF001FFF6F87CEFB5FB300000122F72D62FE304080C37C
1248DC16453B81174F11C4031888FA6D7FFF001FFE6F87CDFB5FB300000222F72D62FE304080C37D
1248D416453A81175711C4041888EC6D7FFF001FFF6F87CDFB4FB300000222F72D62FE304080B37E
1248D816453681175711C3FF1888EF6D7FFF001FFF6F87CCFB4FB300000122F72D62FE304080C37F
1248D416453981174F11C4001888E96D7FFF001FFF6F87CBFB4FB300000022F72D62FE304080C380
1248D416453481174F11C3FB1888E66D7FFF001FFF6F87CBFB5FB300000122F72D62FE304080C381
1248D416453781174811C3FC1888E96D6FFF001FFE6F87CBFB4FB300000022F72D62FE304080C382
1248D816453381174811C3F71888E96D6FFF001FFE6F87CAFB4FB300000122F72D62FE304080C383
1248D816453381174811C4001888E36D6FFF001FFF6F87CAFB4FB300000122F72D62FE304080C384
1248D416453981174811C3FF1888E66D6FFF001FFF6F87C9FB5FB300000222F72D62FE304080C385
1248D416453681174811C3F81888E96D6FFF001FFE6F87C8FB5FB300000122F72D62FE304080C386
1248D016453581173911C3F71888E96D6FFF001FFE6F87C8FB4FB300000122F72D62FE304080C387
1248D416453581174111C3F81888E66D6FFF001FFE6F87C8FB5FB300000122F72D62FE304080C388
1248D016453581173911C3FB1888EF6D6FFF001FFE6F87C7FB4FB300000222F72D62FE304080B389
1248D416453181174111C3F41888E96D5FFF001FFF6F87C7FB4FB300000122F72D62FE304080C38A
1248D416453881173211C3F71888EC6D6FFF001FFF6F87C6FB4FB300000122F72D62FE304080C38B
1248D616453481173511C3FC1888E36D6FFF001FFF6F87C4FB5FB300000222F72D62FE304080C38C
1248D016453381173211C3F71888E36D5FFF001FFE6F87C4FB4FB300000122F72D62FE304080C38D
1248D416453581172B11C3F81888E96D6FFF001FFE6F87C4FB4FB300000122F72D62FE304080C38E
1248D416453581173211C3FB1888E16D5FFF001FFE6F87C2FB4FB300000122F72D62FE304080C38F
1248D416453581172311C3F81888E96D5FFF001FFE6F87C2FB4FB300000122F72D62FE304080C390
1248CB16453881172B11C3F71888E36D6FFF001FFE6F87C2FB5FB300000222F72D62FE304080C391
1248D016453781172B11C3FC1888E66D5FFF001FFF6F87C1FB5FB300000222F72D62FE304080C392
1248D416453581171C11C3F71888E36D5FFF001FFF6F87C1FB4FB300000022F72D62FE304080C393
1248D016453981172311C3FC1888E96D6FFF001FFE6F87C1FB4FB300000122F72D62FE304080C394
1248D016453881171C11C3FB1888E66D6FFF001FFD6F87C0FB4FB300000222F72D62FE304080C395
1248D016453881171C11C3FC1888E96D6FFF001FFE6F87C0FB5FB300000222F72D62FE304080C396
1248D416453781171411C3FB1888E36D6FFF001FFE6F87C0FB4FB300000122F72D62FE304080C397
1248D416453181171411C3F41888E96D5FFF001FFF6F87BFFB5FB300000122F72D62FE304080C398
1248CB16453481171411C3FB1888E16D5FFF001FFE6F87BFFB4FB300000222F72D62FE304080C399
1248D016453181170D11C3FC1888E96D5FFF001FFE6F87BFFB5FB300000122F72D62FE304080C39A
1248D016453481170D11C3F31888E36D6FFF001FFE6F87BFFB4FB300000122F72D62FE304080C39B
1248D416453581170D11C3F81888E16D6FFF001FFE6F87BEFB4FB300000122F72D62FE304080C39C
1248CB16453581170D11C3FB1888E96D6FFF001FFE6F87BEFB5FB300000122F72D62FE304080C39D
1248D016453881170611C3F81888E96D5FFF001FFF6F87BEFB5FB300000122F72D62FE304080C39E
1248D416453A81170611C3F71888E36D6FFF001FFE6F87BEFB5FB400000122F72D62FE304080C39F
1248D41645348116FE11C3F81888E16D6FFF001FFF6F87BDFB6FB400000222F72D62FE304080C3A0
1248D01645378116FE11C3F71888E36D5FFF001FFF6F87BDFB6FB400000122F72D62FE304080C3A1
1248D01645378116FE11C3F41888E96D6FFF001FFE6F87BDFB5FB400000122F72D62FE304080C3A2
1248CB1645318116FE11C3FB1888DB6D6FFF001FFE6F97BCFB5FB400000222F72D62FE304080C3A3
1248D01645348116F711C3F41888E96D6FFF001FFE6F87BCFB5FB400000222F72D62FE304080C3A4
1248D01645388116F711C3F71888E36D6FFF001FFE6F87BBFB5FB400000122F72D62FE304080C3A5
1248D01645378116FA11C3F81888E66D6FFF001FFE6F87BBFB5FB400000022F72D62FE304080C3A6
1248CB1645358116F011C3F31888E96D6FFF001FFF6F87BBFB6FB400000122F72D62FE304080C3A7
1248D016452E8116F711C3F81888E36D6FFF001FFF6F87BAFB5FB400000122F72D62FE304080C3A8
1248CB16452F8116E811C3F31888E96D7FFF001FFF6F87B9FB5FB400000122F72C62FE304180B3A9
1248D21645338116F011C3F81888E16D6FFF001FFF6F87B9FB5FB400000122F72C62FE304080C3AA
1248D41645358116F011C3EF1888E36D7FFF001FFF6F87B8FB5FB400000122F72C62FE304080C3AB
1248D01645358116F011C3F41888E36D6FFF001FFE6F87B7FB5FB400000122F72C62FE304080C3AC
1248D01645328116E811C3F31888E66D6FFF001FFD6F87B7FB6FB400000122F72C62FE304080C3AD
1248D01645308116E111C3F41888E36D6FFF001FFF6F87B6FB5FB400000122F72C62FE304080C3AE
1248D01645308116E811C3F31888E36D6FFF001FFF6F87B5FB6FB400000122F72C62FE304080C3AF
1248CB1645308116F011C3F81888E66D6FFF001FFE6F87B5FB5FB400000222F72C62FE304080C3B0
1248CB1645308116E111C3F31888E36D7FFF001FFE6F87B4FB5FB400000122F72C62FE304080C3B1
1248CB1645338116E111C3F41888E96D7FFF001FFF6F87B4FB5FB400000222F72C62FE304080C3B2
1248D01645328116E811C3F31888E36D7FFF001FFF6F87B3FB6FB400000122F72C62FE304080C3B3
1248CB1645318116E111C3F01888DB6D6FFF001FFE6F87B3FB5FB400000222F72C62FE304080C3B4
1248D01645338116E111C3F31888E96D7FFF002FFE6F87B2FB5FB400000122F72C62FE304080C3B5
1248CB1645328116DA11C3F41888E36D7FFF001FFF6F87B1FB5FB400000122F72C62FE304080C3B6
1248CB1645338116E811C3F31888E16D7FFF002FFF6F87B1FB4FB300000122F72C62FE304080C3B7
1248D01645358116E111C3EC1888E36D6FFF001FFF6F87B0FB3FB300000222F72C62FE304080C3B8
1248CB1645318116DA11C3F31888DE6D7FFF001FFE6F87B0FB3FB300000122F72C62FE304080C3B9
1248CB1645308116E111C3F01888E36D6FFF001FFE6F87B0FB3FB300000022F72C62FE304080C3BA
1248CB1645308116E111C3F31888E16D6FFF001FFF6F87AFFB4FB300000222F72C62FE304080C3BB
1248CB16452C8116DC11C3F01888DE6D6FFF001FFF6F87AFFB4FB300000122F72C62FE304080C3BC
1248CB16452F8116E111C3F31888DE6D6FFF001FFE6F87AFFB3FB300000222F72C62FE304080C3BD
1248D01645308116E111C3F01888E16D6FFF001FFD6F87AFFB3FB300000222F72C62FE304080C3BE
1248C71645308116E111C3EF1888DE6D7FFF001FFD6F77AEFB3FB300000222F72C62FE304080C3BF
1248CB1645338116DA11C3F01888DE6D7FFF001FFE6F87AEFB3FB300000222F72C62FE304080C3C0
1248CB16452E8116E111C3EF1888E16D6FFF001FFF6F87AEFB4FB300000222F72C62FE304080C3C1
1248C71645358116E111C3F01888DE6D6FFF001FFE6F87ADFB3FB300000122F72C62FE304080C3C2
1248C716452F8116E111C3EF1888E36D6FFF001FFE6F87ADFB3FB300000122F72C62FE304080C3C3
1248C716452E8116E111C3F01888E36D6FFF001FFD6F87ADFB4FB300000122F72C62FE304080C3C4
1248C71645348116E111C3EF1888DB6D7FFF001FFE6F87ADFB3FB300000122F72C62FE304080C3C5
1248CB16452D8116D211C3F41888DE6D7FFF001FFE6F87ADFB3FB300000122F72C62FE304080C3C6
1248C71645338116F011C3EF1888E36D7FFF001FFF6F87ADFB3FB300000222F72C62FE304080C3C7
1248C61645338116E111C3F41888E66D7FFF001FFF6F87ADFB3FB300000122F72C62FE304080C3C8
1248C71645338116E111C3F71888DE6D7FFF001FFE6F87ADFB4FB300000122F72C62FE304080C3C9
1248CB1645328116E111C3F01888E96D7FFF001FFE6FB7ACFB3FB300000122F72C62FE304080C3CA
1248C716452C8116E111C3EF1888E16D8FFF001FFF6F87ACFB3FB300000122F72C62FE304080C3CB
1248CB16452A8116E111C3F41888E36D8FFF001FFF6F87ACFB3FB300000222F72C62FE304080C3CC
1248CB16452E8116E811C3F31888E36D7FFF001FFE6F87ACFB3FB300000122F72C62FE304080C3CD
1248C31645308116E111C3F41888DE6D8FFF001FFE6F87ABFB4FB300000122F72C62FE304080C3CE
1248CB1645308116E811C3F31888DB6D8FFF002FFE6F87ABFB4FB200000222F72C62FE304080C3CF
1248C71645308116E111C3F41888E36D7FFF001FFE6F87ABFB5FB100000222F72C62FE304080C3D0
1248C71645318116E811C3F31888DE6D8FFF001FFE6F87AAFB4FB100000122F72C62FE304080C3D1
1248C716452C8116EB11C3F41888E16D8FFF001FFD6F77ABFB5FB100000122F72C62FE304080D3D2
1248C716452F8116E811C3F31888DE6D8FFF001FFE6F87AAFB4FB100000022F72C62FE304080C3D3
1248C71645308116F011C3F81888E36D8FFF001FFE6F87AAFB4FB100000022F72C62FE304080C3D4
1248CB1645308116E811C3F31888E36D7FFF001FFF6F87AAFB4FB100000122F72C62FE304080C3D5
1248C71645338116F011C3F81888E16D8FFF001FFE6F87A9FB4FB100000222F72C62FE304080C3D6
1248C716452E8116F011C3FB1888E36D8FFF001FFE6F87A9FB4FB100000222F72C62FE304080C3D7
1248CB16452B8116F011C3F81888E96D7FFF001FFE6F87A9FB4FB100000122F72C62FE304080C3D8
1248CB16452A8116F711C3F31888E66D8FFF001FFF6F87A9FB4FB100000022F72C62FE304080C3D9
1248C71645318116F011C3F81888E96D8FFF001FFF6F87A9FB4FB100000122F72C62FE304080C3DA
1248C71645358116F711C3F31888E36D7FFF001FFE6F87A9FB4FB100000222F72C62FE304080C3DB
1248C716452A8116F711C3F41888E16D8FFF001FFE6F87A8FB4FB100000222F72C62FE304080C3DC
1248C716452C8116F711C3F31888E36D7FFF001FFF6F87A9FB4FB100000122F72C62FE304080C3DD
1248C71645308116FE11C3F81888E96D7FFF001FFF6F87A8FB4FB100000022F72C62FE304080C3DE
1248C71645338116F711C3F31888E36D7FFF001FFF6F87A8FB4FB100000122F72C62FE304080C3DF
1248C71645328116FE11C3F81888E66D7FFF001FFF6F87A8FB4FB100000122F72C62FE304080C3E0
1248CB16453781170611C3FB1888E96D7FFF001FFF6F87A7FB5FB100000022F72C62FE304080C3E1
1248CB1645378116FE11C3F41888EF6D7FFF001FFF6F87A7FB5FB100000122F72C62FE304080C3E2
1248C71645318116FE11C3F31888E16D7FFF001FFE6F87A7FB4FB100000122F72C62FE304080C3E3
1248C716453081170611C3F81888E36D6FFF001FFD6F87A7FB4FB100000122F72C62FE304080C3E4
1248C716453481170611C3F71888E36D7FFF001FFE6F87A7FB4FB100000222F72C62FE304080C3E5
1248CA16453181170611C3F01888E66D7FFF001FFF6F87A7FB4FB100000222F72C62FE304080C3E6
1248CB16453481170611C3F31888E96D6FFF001FFF6F87A7FB5FB200000022F72C62FE304080C3E7
1248C716453181170D11C3F41888E96D7FFF001FFF6F87A7FB6FB400000222F72C62FE304080C3E8
1248CB16453081171011C3F31888E36D7FFF001FFE6F87A7FB5FB400000122F72C62FE304080C3E9
1248CB16453081170611C3F01888E16D6FFF001FFE6F87A8FB5FB400000222F72C62FE304080C3EA
1248C316453081170D11C3EF1888E96D7FFF001FFE6F87A8FB5FB400000222F72C62FE304080C3EB
1248C716453381171411C3F41888E36D6FFF001FFE6F87A8FB5FB400000022F72C62FE304080C3EC
1248CB16453581170D11C3F31888E66D7FFF001FFF6F67A9FB5FB400000022F72C62FE304080C3ED
1248CB16453581171411C3F41888E36D7FFF001FFF6F87A9FB5FB400000122F72C62FE304080C3EE
1248C716453581171411C3F31888E36D6FFF001FFF6F87AAFB5FB400000022F72C62FE304080C3EF
1248D016453681171411C3F01888E36D7FFF001FFF6F87AAFB5FB400000122F72C62FE2F4180C3F0
1248C316453581171411C3EF1888E16D7FFF001FFE6F87ABFB6FB400000022F72C62FE2F4080C3F1
1248CB16453281171C11C3F01888E96D6FFF001FFE6F87ABFB6FB400000022F72C62FE2F4080C3F2
1248C316453381171C11C3EF1888DE6D6FFF001FFF6F77ACFB6FB400000122F72C62FE2F4080C3F3
1248C716453581171411C3F41888DB6D7FFF001FFF6F87ADFB6FB400000122F72C62FE2F4080C3F4
1248C716453181171C11C3EF1888E36D6FFF001FFE6F87ADFB5FB400000222F72C62FE2F4080C3F5
1248CB16453081172311C3F41888E36D7FFF001FFD6F87ADFB5FB400000222F72C62FE2F4080C3F6
1248CB16453381171C11C3EB1888E16D6FFF001FFF6F87AFFB5FB400000222F72C62FE2F4080C3F7
1248CB16453581171C11C3F01888E96D7FFF001FFF6F87AFFB5FB400000222F72C62FE2F4080C3F8
1248C716453681172311C3F31888DE6D7FFF001FFE6F87B0FB6FB400000122F72C62FE2F4080C3F9
1248C716453881172311C3F01888E96D7FFF001FFE6F87B1FB5FB400000122F72C62FE2F4080C3FA
1248CB16453381172311C3EF1888E16D6FFF001FFE6F87B1FB5FB400000122F72C62FE2F4080C3FB
1248CB16453781172311C3F41888E36D7FFF001FFD6F87B1FB5FB400000022F72C62FE2F4080C3FC
1248D016453781172311C3F31888E96D7FFF001FFE6F87B3FB5FB400000122F72C62FE2F4080C3FD
1248C716453581172B11C3F01888E16D6FFF001FFF6F87B4FB5FB400000122F72C62FE2F4080C3FE
1248CB16453581172311C3EB1888EF6D7FFF001FFF6F87B4FB6FB400000222F72C62FE2F4080C3FF
1248CB16453581172311C3F01888DE6D7FFF001FFF6F87B6FB5FB300000122F72C62FE2F4080C300
1248CB16453981172B11C3EF1888E66D6FFF001FFF6F87B6FB5FB200000122F72C62FE2F4080C301
1248D016453A81172311C3F01888DE6D7FFF001FFE6F87B7FB6FB200000122F72C62FE2F4080C302
1248D016453A81172B11C3EF1888E36D6FFF001FFE6F87B8FB5FB200000122F72C62FE2F4080C303
1248CB16453881172D11C3F01888E36D7FFF001FFE6F87B9FB5FB200000122F72C62FE2F4080C304
1248CE16453581172311C3EF1888E66D7FFF001FFE6F87B9FB6FB200000122F72C62FE2F4080C305
1248D016453981172B11C3EC1888E36D6FFF001FFF6F87BAFB5FB200000122F72C62FE2F4080C306
1248D016453A81173211C3F31888E36D7FFF001FFF6F87BBFB5FB200000122F72C62FE2F4080C307
1248CB16453A81172B11C3F01888EC6D7FFF001FFF6F87BBFB5FB200000222F72C62FE2F4080C308
1248D016453681172311C3F31888E36D7FFF001FFE6F87BCFB6FB200000122F72C62FE2F4080C309
1248D016453981173211C3F01888DE6D7FFF001FFD6F87BDFB5FB200000122F72C62FE2F4080C30A
1248CB16453A81172B11C3EB1888E36D6FFF001FFE6F87BDFB5FB200000122F72C62FE2F4080C30B
1248D016453A81172B11C3F01888EC6D6FFF001FFE6F87BDFB5FB200000122F72C62FE2F4080C30C
1248D016453B81173211C3F31888E96D6FFF001FFF6F87BEFB5FB200000122F72C62FE2F4080C30D
1248D016453A81172B11C3F01888E36D6FFF001FFE6F87BEFB5FB200000122F72C62FE2F4080C30E
1248D016453A81172B11C3EF1888E66D6FFF001FFF6F87BEFB5FB200000122F72C62FE2F4080C30F
1248CB16453A81172B11C3F41888E96D7FFF001FFE6F87BFFB5FB200000222F72C62FE2F4080C310
1248D016453381173211C3F31888DE6D7FFF001FFE6F87BFFB5FB200000122F72C62FE2F4080C311
1248CB16453781172B11C3F01888E16D6FFF001FFE6F77BFFB5FB200000122F72C62FE2F4080C312
1248D016453781172B11C3EF1888E96D6FFF001FFD6F87C0FB5FB200000022F72C62FE2F4080C313
1248CB16453881172B11C3F01888E36D6FFF001FFD6F87C0FB5FB200000222F72C62FE2F4080C314
1248D416453781173211C3F31888E96D6FFF001FFF6F87C0FB6FB200000122F72C62FE2F4080C315
1248D016453881172B11C3F01888E66D6FFF001FFF6F87C1FB5FB200000122F72C62FE2F4080C316
1248CB16453781172B11C3EF1888E96D6FFF001FFF6F87C1FB5FB200000122F72C62FE2F4080C317
1248D016453381173211C3F01888E96D5FFF001FFF6F87C1FB5FB300000122F72C62FE2F4080C318
1248CB16453081172311C3EF1888EC6D6FFF001FFE6F87C1FB5FB400000122F72C62FE2F4080C319
1248D016453481172B11C3F01888E36D6FFF001FFF6F87C2FB5FB400000022F72C62FE2F4080C31A
1248C716453581173211C3F31888EF6D5FFF001FFF6F87C2FB5FB400000122F72C62FE2F4080C31B
1248C716453281172B11C3EC1888E36D6FFF001FFF6F87C2FB5FB400000122F72C62FE2F4080C31C
1248D016453081172B11C3F41888EC6D5FFF001FFF6F87C2FB5FB400000122F72C62FE2F4080C31D
1248D016453081172B11C3EF1888E96D5FFF001FFE6F87C2FB5FB400000122F72C62FE2F4080C31E
1248CB16453381172B11C3F41888E96D6FFF001FFE6F87C2FB5FB400000222F72C62FE2F4080C31F
1248CB16453581172B11C3F31888E66D6FFF001FFF6F87C2FB5FB400000222F72C62FE2F4080C320
1248CB16453681172D11C3F41888E96D5FFF001FFF6F97C2FB5FB400000022F72C62FE304180C321
1248CB16453581172311C3F71888E96D6FFF001FFE6F87C2FB5FB300000122F72C62FE304080C322
1248CA16453281172B11C3F01888E16D5FFF001FFE6F87C1FB6FB400000122F72C62FE304080C323
1248CB16453381172B11C3F31888E96D5FFF001FFF6F87C1FB5FB400000022F72C62FE304080C324
1248CB16452E81172B11C3F01888E96D6FFF001FFE6F87C1FB5FB400000122F72C62FE304080C325
1248CB16453181172B11C3F31888E36D5FFF001FFE6F87C1FB5FB400000122F72C62FE304080C326
1248CB16453281172B11C3F41888E66D6FFF001FFE6F87C0FB5FB400000122F72C62FE304080C327
1248CB16453081172311C3F31888E96D6FFF001FFE6F87C0FB5FB400000022F72C62FE304080C328
1248D016453881172B11C3F41888EF6D5FFF001FFF6F87BFFB6FB400000222F72C62FE304080C329
1248C716452F81172B11C3F31888E66D6FFF001FFF6F87BFFB6FB400000122F72C62FE304080C32A
1248CB16452F81172311C3F81888E96D6FFF001FFE6F87BFFB6FB400000122F72C62FE304080C32B
1248C716453881172B11C3F31888E96D6FFF001FFD6F77BEFB5FB400000222F72C62FE304080C32C
1248CB16453681172311C3F81888EC6D6FFF001FFE6F87BDFB5FB400000122F72C62FE304080C32D
1248D016453281172311C3F71888E96D6FFF001FFE6F87BCFB5FB400000122F72C62FE304080C32E
1248CB16453381172B11C3F81888E96D6FFF001FFE6F87BBFB6FB400000222F72C62FE304080C32F
1248CB16453581172311C3F71888EF6D6FFF001FFF6F87BAFB5FB400000222F72C62FE304080C330
1248CB16453181172311C3FC1888EC6D6FFF001FFF6F87B9FB5FB300000122F72C62FE304080C331
1248D016453881172311C3FB1888E96D6FFF001FFE6F87B8FB5FB300000122F72C62FE304080C332
1248C716454181172311C3F81888E96D6FFF001FFE6F87B7FB4FB300000122F72C62FE304080C333
1248D016453D81172311C3F31888E66D7FFF001FFE6F87B6FB4FB300000022F72C62FE304080C334
1248CB16453881172311C3F81888EF6D6FFF001FFF6F87B6FB4FB300000122F72C62FE304080C335
1248CB16453581171C11C3F71888E36D7FFF001FFE6F87B4FB4FB300000122F72C62FE304080C336
1248CB16453581172311C3F81888E96D7FFF001FFD6F87B4FB4FB300000122F72C62FE304080C337
1248D016453881171C11C3F71888EC6D6FFF001FFE6F77B3FB4FB300000122F72C62FE304080C338
1248C716453381171C11C3FC1888E96D7FFF001FFF6F87B2FB4FB300000222F72C62FE304080C339
1248C716453781171C11C3FB1888E36D7FFF001FFF6F87B1FB4FB300000122F72C62FE304080C33A
1248CB16453A81171C11C4001888EC6D7FFF001FFE6F87B1FB4FB300000222F72C62FE304080C33B
1248D016453681171C11C3FF1888EF6D7FFF001FFD6F87B0FB4FB300000122F72C62FE304080C33C
1248CB16453981171F11C3F81888EF6D7FFF001FFE6F87AFFB4FB300000122F72C62FE304080C33D
1248D016453681171411C3FB1888E66D7FFF001FFE6F87AFFB4FB300000122F72C62FE304080C33E
1248CB16452E81171411C3FC1888EF6D7FFF001FFE6F87AEFB4FB300000122F72C62FE304080C33F
1248D016453381171C11C3FF1888EF6D7FFF001FFE6F87ADFB4FB300000122F72C62FE304080C340
1248CA16453881171411C4001888E96D7FFF001FFF6F87ADFB5FB300000122F72C62FE304080C341
1248CB16453781171411C3FF1888E66D7FFF001FFF6F87ACFB4FB300000122F72C62FE304080C342
1248CB16453581170D11C3FC1888E96D7FFF001FFE6F87ACFB4FB300000122F72C62FE304080C343
1248D416453281171411C3FB1888E96D7FFF001FFE6F87ACFB5FB300000122F72C62FE304080C344
1248CB16453781171411C3FC1888E66D7FFF001FFE6F87ABFB4FB300000122F72C62FE304080C345
1248D416453381171411C3FB1888E96D7FFF001FFE6F87ABFB4FB300000122F72C62FE304080C346
1248CB16453381170D11C4001888E96D7FFF001FFE6F87ABFB5FB300000222F72C62FE304080C347
1248D016453981170D11C3FF1888E96D7FFF001FFF6F87ABFB4FB300000122F72C62FE304080C348
1248D416453881171411C4041888EC6D6FFF001FFF6F87ABFB4FB300000222F72C62FE304080C349
1248D016453581170D11C3FF1888E96D7FFF001FFE6F87AAFB3FB300000122F72C62FE304080C34A
1248CB16453981170D11C3FC1888E96D7FFF001FFE6F87AAFB3FB300000122F72C62FE304080C34B
1248D416453681170D11C4031888EC6D6FFF001FFE6F87AAFB4FB300000122F72C62FE304080C34C
1248D016453581170D11C4041888EF6D6FFF001FFF6F87AAFB3FB300000022F72C62FE304080C34D
1248D016453581170D11C4031888EF6D6FFF001FFE6F87AAFB3FB300000122F72C62FE304080C34E
1248D016453281170611C4081888F26D6FFF001FFE6F87AAFB3FB300000122F72C62FE304080C34F
1248D016453781170611C4031888F46D7FFF001FFE6F87A9FB4FB300000122F72C62FE304080C350
1248CB16453781170D11C4041888F46D7FFF001FFE6F87AAFB3FB300000122F72C62FE304080C351
1248D016453381170611C4031888F46D6FFF001FFE6F87A9FB3FB300000122F72C62FE304080C352
1248D016453381170611C4001888F26D7FFF001FFF6F87A9FB3FB300000222F72C62FE304080C353
1248CB16453281170611C40B1888EF6D6FFF001FFF6F87AAFB3FB300000222F72C62FE304080C354
1248D416453781170611C4081888F46D6FFF001FFE6F87AAFB4FB300000122F72C62FE304080C355
1248D016453381170611C40B1888F76D6FFF001FFE6F87ABFB4FB300000222F72C62FE304080C356
1248CB16453781170911C4081888F46D6FFF001FFE6F87ABFB3FB300000222F72C62FE304080C357
1248D01645378116FE11C4071888E96D6FFF001FFE6F87ACFB3FB300000122F72C62FE304080C358
1248D016453581170611C4041888F46D6FFF001FFF6F87ACFB3FB300000022F72C62FE304080C359
1248D016453581170611C4071888F76D6FFF001FFE6F87ACFB3FB300000122F72C62FE304080C35A
1248D01645358116FE11C40C1888EF6D6FFF001FFE6FB7ADFB4FB300000122F72C62FE304080C35B
1248D016453581170611C40B1888F46D6FFF001FFD6F87AEFB3FB300000122F72C62FE304080C35C
1248D016453381170611C4041888F26D6FFF001FFE6F87AFFB3FB300000022F72C62FE304080C35D
1248CE1645378116FE11C4071888F46D6FFF001FFE6F87AFFB3FB300000122F72C62FE304080C35E
1248D016453781170611C4041888F46D6FFF001FFF6F87B0FB3FB300000122F72C62FE304080C35F
1248D01645388116FE11C4031888EC6D6FFF001FFF6F87B1FB4FB300000122F72C62FE304080C360
1248D01645378116FE11C4041888EF6D6FFF001FFE6F87B2FB3FB400000222F72C62FE304080C361
1248CB16453C8116FE11C4071888F46D6FFF001FFE6F97B3FB3FB400000122F72C62FE304080C362
1248D41645388116FE11C4041888EF6D5FFF001FFE6F87B4FB3FB400000122F72C62FE304080C363
1248CB16453881170611C4071888F26D6FFF001FFF6F77B5FB3FB400000122F72C62FE304080C364
1248CB1645378116FE11C4041888F46D6FFF001FFE6F87B6FB3FB400000122F72C62FE304080C365
1248CB1645338116FE11C4071888E96D5FFF001FFE6F87B7FB3FB400000022F72C62FE304080C366
1248D01645338116FE11C4081888F76D6FFF001FFE6F87B7FB4FB400000222F72C62FE304080C367
1248D01645328116FE11C4031888EF6D5FFF001FFE6F87B8FB4FB400000222F72C62FE304080C368
1248D01645338116FE11C4041888F46D5FFF001FFE6F87B9FB3FB400000122F72C62FE304080C369
1248D01645358116FE11C4071888F46D5FFF001FFF6F87B9FB3FB400000022F72C62FE304080C36A
1248D41645388116FE11C4041888EC6D5FFF001FFF6F87BBFB4FB400000122F72C62FE304080C36B
1248D01645338116FE11C4071888E96D5FFF001FFF6F87BCFB3FB400000022F72C62FE304080C36C
1248D016453781170611C4041888EF6D6FFF001FFF6F87BCFB4FB400000222F72C62FE304080C36D
1248CB1645338116FE11C3FF1888EC6D5FFF001FFF6F87BDFB4FB400000122F72C62FE304080C36E
1248D01645338116FA11C4041888E96D5FFF001FFF6F87BFFB3FB400000222F72C62FE304080C36F
1248D016453281170611C4031888E96D5FFF001FFF6F87BFFB3FB400000222F72C62FE304080C370
1248D01645348116FE11C4041888EC6D5FFF001FFF6F87C0FB3FB400000122F72C62FE304080C371
1248D01645318116FE11C4031888EF6D5FFF001FFE6F87C1FB4FB400000022F72C62FE304080C372
1248D016453881170611C4001888E96D5FFF001FFE6F87C1FB3FB400000022F72C62FE304080C373
1248CB1645368116FE11C4071888EF6D4FFF001FFF6F87C1FB4FB400000122F72C62FE304080C374
1248CB16453581170611C4041888EC6D5FFF001FFF6F87C3FB3FB400000122F72C62FE304080C375
1248CB1645388116FE11C4031888EF6D5FFF001FFE6F87C3FB3FB400000122F72C62FE304080C376
1248D016453A81170611C4041888EF6D5FFF001FFF6F87C3FB4FB400000122F72C62FE304080C377
1248D816453A81170611C4031888EC6D5FFF001FFF6F87C4FB4FB400000122F72C62FE304080C378
1248D41645378116FE11C4041888EF6D5FFF001FFF6F87C4FB4FB300000122F72C62FE304080C379
1248D816453D81170611C4031888E96D5FFF001FFD6F87C4FB4FB300000222F72C62FE304080C37A
1248D816453F81170611C4041888E36D5FFF001FFD6F87C4FB3FB300000122F72C62FE304080C37B
1248D216453F81170D11C4031888EC6D5FFF001FFF6F87C4FB4FB300000222F72C62FE304080C37C
1248DC16453F81170D11C4001888EF6D5FFF001FFF6F87C4FB4FB300000122F72C62FE304080C37D
1248DC16453881170611C3FF1888E96D6FFF001FFF6F87C4FB3FB300000222F72C62FE304080C37E
1248DC16453C81170D11C4041888F26D6FFF001FFE6F87C4FB3FB300000122F72C62FE304080C37F
1248D816453C81170D11C4071888EF6D5FFF001FFD6F87C4FB4FB300000122F72C62FE304080C380
1248D816453D81170D11C4001888E96D5FFF001FFE6F87C3FB3FB300000122F72C62FE304080C381
1248D816453F81171411C4031888EC6D6FFF001FFF6F87C3FB3FB300000122F72C62FE304080C382
1248DC16453B81170D11C4001888EF6D6FFF001FFF6F87C3FB3FB300000122F72C62FE304080C383
1248DC16453E81171411C4031888E96D6FFF002FFF6F87C2FB4FB300000122F72C62FE304080C384
1248DC16454081171411C4041888EF6D6FFF001FFE6F87C1FB3FB300000122F72C62FE304080C385
1248D816454281171411C4071888FD6D6FFF001FFE6F87C1FB3FB300000222F72C62FE304080C386
1248DC16454181171C11C4041888F46D6FFF001FFE6F87C1FB3FB300000222F72C62FE304080C387
1248DC16453F81171711C3FF1888EF6D6FFF001FFE6F67C0FB3FB300000122F72C62FE304080C388
1248DC16453F81171411C4001888E66D6FFF001FFE6F87C0FB3FB300000122F72C62FE304080C389
1248E016453B81172311C3FF1888F46D6FFF001FFE6F87C0FB4FB300000122F72C62FE304080C38A
1248D816453E81171C11C4001888EF6D6FFF001FFE6F87BFFB4FB300000222F72C62FE304080C38B
1248D816453B81172311C4071888F26D6FFF001FFE6F87BFFB3FB300000122F72C62FE304080C38C
1248DC16453E81172311C4081888EF6D7FFF001FFE6F87BFFB4FB300000222F72C62FE304080C38D
1248D416453981172311C4071888F46D6FFF001FFE6F87BFFB4FB300000122F72C62FE304080C38E
1248D016453581172311C4071888F46D6FFF001FFE6F87BFFB3FB300000122F72C62FE304080C38F
1248D416453581172311C4041888F26D6FFF001FFE6F87BFFB3FB300000122F72C62FE304080C390
1248D016453C81172B11C4071888EF6D6FFF001FFE6F87BEFB5FB300000122F72C62FE304080C391
1248D016453881172B11C4081888F46D6FFF001FFE6F97BEFB5FB300000122F72C62FE304080C392
1248D016453881172B11C40B1888F26D7FFF001FFD6F77BEFB6FB300000122F72C62FE304080C393
1248D016453A81172B11C4081888E96D7FFF001FFD6F87BDFB6FB300000222F72C62FE304080C394
1248D016453681173211C40B1888FA6D6FFF001FFF6F87BDFB5FB300000222F72C62FE304080C395
1248CB16453981172B11C4041888F46D6FFF001FFF6F87BDFB5FB300000222F72C62FE304080C396
1248D016453E81173211C4071888F26D6FFF001FFE6F87BCFB6FB300000122F72C62FE304080C397
1248DF16453B81173211C4081888EF6D7FFF001FFD6F97BBFB5FB300000122F72C62FE304080C398
1248D816453A81173211C4031888FA6D7FFF001FFF6F87BBFB5FB300000122F72C62FE304080C399
1248E016453D81173211C4041888F26D6FFF001FFF6F87BAFB5FB300000222F72C62FE304080C39A
1248DC16454381173911C3FF1888EF6D6FFF001FFE6F87B9FB5FB300000222F72C62FE304080C39B
1248E016454081173911C4041888F46D6FFF001FFE6F87B9FB6FB300000222F72C62FE304080C39C
1248D816453F81173911C4031888EF6D6FFF001FFE6F87B8FB5FB300000122F72C62FE304080C39D
1248E016453F81173911C4041888F26D6FFF001FFD6F87B8FB5FB300000122F72C62FE304080C39E
1248DC16453F81173911C4031888EF6D6FFF001FFE6F87B8FB5FB300000122F72C62FE304080C39F
1248E416454281174111C4081888FA6D5FFF001FFF6F87B8FB5FB300000222F72C62FE304080C3A0
1248E416454481173911C4071888F26D6FFF001FFF6F87B7FB5FB300000122F72C62FE304080C3A1
1248E416453E81174111C4041888EF6D7FFF001FFF6F87B7FB5FB300000122F72C62FE304080C3A2
1248E416454181174111C4071888F46D6FFF001FFE6F87B7FB6FB300000122F72C62FE304080C3A3
1248E416454481173911C4081888F76D6FFF001FFE6F87B7FB5FB300000122F72C62FE304080C3A4
1248E416454081174B11C4031888F46D6FFF001FFF6F87B7FB6FB300000122F72C62FE304080D3A5
1248E416453C81173911C40C1888F46D7FFF001FFF6F87B7FB6FB300000122F72C62FE304080C3A6
1248E416454181174111C4071888F46D7FFF001FFF6F87B7FB5FB300000022F72C62FE304080C3A7
1248E416454481174111C40C1888F76D6FFF001FFF6F87B7FB5FB300000122F72C62FE304080C3A8
1248E416454481174811C40B1888EF6D7FFF001FFE6F87B7FB6FB300000122F72C62FE304080C3A9
1248E916454181174111C40C1888F46D7FFF001FFE6F87B7FB6FB300000122F72C62FE304080C3AA
1248E416454081174811C40B1888F76D7FFF001FFF6F87B8FB6FB300000122F72C62FE304080C3AB
1248E016454281174111C40C1888FA6D7FFF001FFE6F87B8FB5FB300000222F72C62FE304080C3AC
1248E416454481174111C4071888EF6D7FFF001FFD6F87B8FB6FB300000122F72C62FE304080C3AD
1248E416453C81174811C4081888EF6D7FFF001FFE6F87B8FB6FB300000122F72C62FE304080C3AE
1248E416453A81174111C4071888F26D7FFF001FFF6F87B8FB5FB300000122F72C62FE304080C3AF
1248E016453D81174811C4041888EF6D7FFF001FFF6F87B9FB5FB300000122F72C62FE304080C3B0
1248E016453881174811C4071888F46D7FFF001FFF6F87B9FB5FB300000122F72C62FE304080C3B1
1248E416453F81174111C4041888F76D7FFF001FFF6FA7B9FB5FB300000122F72C62FE304080C3B2
1248E716454181174811C4071888F46D7FFF001FFF6F87B9FB5FB300000122F72C62FE304080C3B3
1248E016453D81174811C4041888F46D7FFF001FFF6F87B9FB5FB300000222F72C62FE304080C3B4
1248E016454181174111C4071888F26D7FFF001FFE6F87B9FB5FB300000122F72C62FE304080C3B5
1248E416454181174811C4081888EF6D7FFF001FFE6F87B9FB5FB300000222F72C62FE304080C3B6
1248E016454281174111C40B1888F46D7FFF001FFF6F87B9FB5FB300000122F72C62FE304080C3B7
1248E416453D81174111C4041888EF6D8FFF001FFF6F87B9FB5FB300000122F72C62FE304080C3B8
1248E016454181174811C4071888F76D7FFF001FFF6F97B9FB5FB300000222F72C62FE304080C3B9
1248E016453D81174111C40C1888FA6D6FFF001FFE6F87B9FB5FB300000222F72C62FE304080C3BA
1248DC16453D81174811C40B1888F46D7FFF001FFE6F87B9FB5FB300000022F72C62FE304080C3BB
1248E016453C81174111C4081888F76D7FFF001FFF6F87B9FB5FB300000122F72C62FE304080C3BC
1248DC16454181174111C40B1888F46D7FFF001FFF6F87B9FB5FB300000122F72C62FE304080C3BD
1248E016454181174111C4081888EF6D7FFF001FFE6F87B9FB5FB300000122F72C62FE304080C3BE
1248E416454381174811C40B1888F46D7FFF001FFE6F87B9FB5FB300000222F72C62FE304080C3BF
1248E016454081173911C4081888EC6D7FFF001FFF6F87B9FB6FB300000222F72C62FE304080C3C0
1248E016453C81174111C4071888EF6D7FFF001FFF6F87BAFB5FB300000122F72C62FE304080C3C1
1248E016454181174811C4081888EF6D7FFF001FFE6F97BAFB4FB300000122F72C62FE304080C3C2
1248E416453D81173911C4071888F76D7FFF001FFE6F87BAFB3FB400000122F72C62FE304080C3C3
1248E016453A81173911C4041888EF6D7FFF001FFE6F87BBFB3FB400000122F72C62FE304080D3C4
1248E016453E81174111C4071888EF6D6FFF001FFF6F87BBFB3FB400000222F72C62FE304080C3C5
1248E416453F81173C11C4081888F76D7FFF001FFE6F87BCFB3FB400000222F72C62FE304080C3C6
1248E016453F81173911C4071888EF6D7FFF001FFE6F87BDFB4FB400000122F72C62FE304080C3C7
1248E016454381173911C40C1888EF6D6FFF001FFD6F87BDFB3FB400000122F72C62FE304080C3C8
1248E016453C81173911C40B1888FA6D7FFF001FFD6F87BDFB3FB400000022F72C62FE304080C3C9
1248E016453A81173211C40C1888F26D6FFF001FFF6F87BEFB4FB400000122F72C62FE304080C3CA
1248E016453D81173911C40B1888EF6D7FFF001FFF6F87BEFB3FB400000222F72C62FE304080C3CB
1248E016453F81173211C40C1888F46D7FFF001FFF6F87BEFB3FB400000122F72C62FE304080C3CC
1248DC16453F81173211C40F1888F26D7FFF001FFE6F87BFFB3FB400000122F72C62FE304080C3CD
1248E416454381173211C40C1888F46D7FFF001FFE6F87BFFB4FB400000122F72C62FE304080C3CE
1248E316454481172B11C40B1888FA6D7FFF001FFE6F87BFFB3FB400000122F72C62FE304080C3CF
1248E416453D81173211C40C1888F46D7FFF001FFF6F87C0FB3FB400000122F72C62FE304080C3D0
1248E416453E81172B11C4071888F76D7FFF001FFF6F87C0FB3FB400000122F72C62FE304080C3D1
1248E916454281172B11C4041888F46D7FFF001FFF6F87C0FB3FB400000122F72C62FE304080C3D2
1248E416454181172B11C4071888F46D8FFF001FFE6F87C0FB4FB400000222F72C62FE304080C3D3
1248E016453F81172311C40C1888F76D7FFF001FFE6F87C0FB3FB400000122F72C62FE304080C3D4
1248E916454381172311C40B1888EF6D8FFF001FFF6F87C0FB3FB400000122F72C62FE304080C3D5
1248E016454081172B11C4081888F46D8FFF001FFF6F87C0FB3FB400000122F72C62FE304080C3D6
1248E916453C81172311C4071888F26D7FFF001FFF6F87C0FB3FB400000222F72C62FE304080C3D7
1248E016453D81171C11C40C1888FA6D8FFF001FFF6F87C0FB3FB400000122F72C62FE304080C3D8
1248E416453F81172311C4071888F46D7FFF001FFF6F87C0FB4FB400000122F72C62FE304080C3D9
1248E016453D81172311C4081888F46D8FFF001FFE6F87C0FB5FB400000122F72C62FE304080C3DA
1248DC16453A81171C11C4071888F26D7FFF001FFE6F77C0FB5FB400000122F72C62FE304080C3DB
1248DC16453A81171C11C4081888F46D8FFF001FFE6F87BFFB5FB400000122F72C62FE304080C3DC
1248DC16453681171C11C4071888F46D8FFF001FFD6F87BFFB6FB400000122F72C62FE304080C3DD
1248DC16453D81171411C4041888EC6D8FFF001FFE6F87BFFB5FB400000222F72C62FE304080C3DE
1248D816453B81171411C4031888EF6D8FFF001FFE6F87BFFB6FB400000222F72C62FE304080C3DF
1248DC16453A81171C11C4041888F46D8FFF001FFE6F87BFFB5FB400000122F72C62FE304080C3E0
1248D816453A81171411C4071888EF6D8FFF001FFE6F87BFFB6FB400000022F72C62FE304080C3E1
1248DC16453E81171711C4001888F26D8FFF001FFE6F87BEFB5FB400000022F72C62FE304080D3E2
1248DC16453B81170D11C4071888EF6D9FFF001FFF6F87BEFB5FB400000122F72C62FE304080C3E3
1248D416453781171411C4001888F46D9FFF001FFF6F87BEFB5FB400000122F72C62FE304080C3E4
1248DC16453981171411C4071888F26D9FFF001FFF6F87BEFB6FB400000122F72C62FE304080C3E5
1248D816453D81170D11C4001888EF6D9FFF001FFF6F97BDFB5FB400000122F72C62FE304080C3E6
1248D816453881170D11C3FF1888EF6D9FFF001FFF6F87BDFB6FB400000122F72C62FE304080C3E7
1248DC16453581171411C4041888EC6D9FFF001FFF6F87BDFB5FB400000122F72C62FE304080C3E8
1248D816453981170D11C3FF1888EF6D9FFF001FFD6F87BCFB6FB400000122F72C62FE304080C3E9
1248DB16453A81170D11C4041888EF6DAFFF001FFE6F87BCFB5FB400000122F72C62FE304080C3EA
1248D416453E81170D11C3FF1888EF6D9FFF001FFF6F87BCFB6FB400000222F72C62FE304080C3EB
1248D416453B81170D11C4041888EC6D9FFF001FFF6F87BBFB6FB400000122F72C62FE304080C3EC
1248DC16453781170611C4031888E96D9FFF001FFF6F87BBFB5FB400000122F72C62FE304080C3ED
1248D816453681170D11C4001888E96D9FFF001FFE6F87BBFB5FB400000122F72C62FE304080C3EE
1248DC16453881170D11C3FF1888F26D9FFF001FFE6F87BAFB5FB400000122F72C62FE304080C3EF
1248D816453781170611C4001888E96D9FFF001FFE6F87BAFB6FB400000122F72C62FE304080C3F0
1248D816454381170D11C4031888EF6D9FFF001FFF6F87BAFB5FB400000122F72C62FE304080C3F1
1248D816453B81170611C4001888E96D9FFF001FFE6F87BAFB5FB300000122F72C62FE304080C3F2
1248E416453881170D11C4031888EC6D9FFF001FFE6F87BAFB5FB300000122F72C62FE304080C3F3
1248D816453A81170D11C3FC1888E96D9FFF001FFE6F87B9FB4FB300000122F72C62FE304080C3F4
1248D816453A81170611C3FF1888E96D9FFF001FFE6F87BAFB4FB300000122F72C62FE304080C3F5
1248DC16453A81170611C4041888EC6D8FFF001FFF6F87B9FB5FB300000222F72C62FE304080C3F6
1248DC16453D81170D11C3FF1888EF6D8FFF001FFE6F87B9FB4FB300000122F72C62FE304080C3F7
1248D816453881170611C4041888F46D8FFF001FFD6F87B9FB4FB300000122F72C62FE304080C3F8
1248E016453981170D11C3FB1888EC6D8FFF001FFE6F87B8FB5FB300000122F72C62FE2F4180C3F9
1248DC16453A81170611C3FC1888E36D8FFF001FFE6F87B8FB4FB300000122F72C62FE2F4080C3FA
1248D816453781170911C3FF1888E96D7FFF001FFF6F87B7FB4FB200000122F72C62FE2F4080C3FB
1248DC16453C81170611C4001888EF6D7FFF001FFF6F87B7FB4FB300000122F72C62FE2F4080C3FC
1248E016453881170D11C3FB1888E16D8FFF001FFE6F87B6FB4FB300000122F72C62FE2F4080C3FD
1248DC16453881170611C4041888E36D7FFF001FFF6F87B6FB4FB300000122F72C62FE2F4080C3FE
1248DC16453E81170D11C3FB1888EF6D7FFF001FFF6F87B5FB4FB300000122F72C62FE2F4080C3FF
1248E016453B81170D11C3FC1888E66D7FFF001FFF6F87B5FB4FB300000122F72C62FE2F4080C300
1248D816453781170611C3FF1888E36D7FFF001FFF6F87B4FB4FB300000222F72C62FE2F4080C301
1248E01645338116FE11C3FC1888E36D6FFF001FFE6F87B3FB4FB300000122F72C62FE2F4080C302
1248DC16453381171411C3FF1888E36D7FFF001FFE6F87B3FB4FB300000322F72C62FE2F4080C303
1248DC16453981170D11C3FC1888E16D7FFF001FFF6F87B3FB4FB300000122F72C62FE2F4080C304
1248DC16453681170611C3F71888E36D6FFF001FFF6F87B2FB4FB300000122F72C62FE2F4080C305
1248DB16453D81170D11C3FC1888E96D6FFF001FFF6F87B1FB4FB300000122F72C62FE2F4080C306
1248DC16453B81170611C3FF1888E66D6FFF001FFF6F87B0FB5FB300000222F72C62FE2F4080C307
1248DC16453A81170D11C4001888DE6D6FFF001FFE6F87B0FB4FB300000122F72C62FE2F4080C308
1248DC16453D81170D11C3FF1888E96D6FFF001FFE6F87AEFB5FB300000122F72C62FE2F4080C309
1248D816453C81170D11C3FC1888E66D6FFF001FFE6F87AEFB5FB300000122F72C62FE2F4080C30A
1248DC16453B81170611C3FB1888E96D6FFF001FFE6F87ADFB4FB300000022F72C62FE2F4080C30B
1248DC16453681170D11C3FC1888E36D6FFF001FFE6F97ACFB4FB300000122F72C62FE2F4080C30C
1248DC16453D81170D11C3FF1888E96D5FFF001FFF6F87ACFB4FB300000122F72C62FE2F4080C30D
1248D816453F81170D11C3FC1888E66D6FFF001FFF6F87ABFB4FB300000122F72C62FE2F4080C30E
1248DC16453C81170D11C3FB1888E96D6FFF001FFF6F87AAFB4FB300000222F72C62FE2F4080C30F
1248D416453D81170D11C3F41888DE6D6FFF001FFF6F87AAFB4FB300000122F72C62FE2F4080C310
1248D416453C81170D11C3F71888D66D6FFF001FFF6F87A9FB5FB300000122F72C62FE2F4080C311
1248DC16453A81170D11C3F41888DE6D6FFF001FFF6F87A9FB4FB300000022F72C62FE2F4080C312
1248DC16453A81170D11C3F31888D86D6FFF001FFE6F87A8FB4FB300000222F72C62FE2F4080C313
1248D816453681170911C3F81888D66D6FFF001FFE6F97A8FB4FB300000122F72C62FE2F4080D314
1248D416453581171411C3F31888DE6D5FFF001FFE6F87A7FB4FB300000122F72C62FE2F4080C315
1248D016452A81171411C3F01888D86D6FFF001FFE6F87A7FB4FB300000222F72C62FE2F4080C316
1248CB16452981170D11C3F71888D86D6FFF001FFE6F87A6FB4FB300000122F72C62FE2F4080C317
1248C716452A81171411C3F41888DB6D5FFF001FFE6F87A6FB4FB300000222F72C62FE2F4080C318
1248D016452B81170D11C3F31888E36D6FFF001FFE6F87A5FB5FB300000122F72C62FE2F4080C319
1248D416452F81171411C3F81888DE6D6FFF001FFE6F87A5FB5FB300000222F72C62FE2F4080C31A
1248D416452C81170D11C3F71888E16D5FFF001FFE6F87A5FB5FB300000122F72C62FE2F4080C31B
1248D016452A81171411C3F41888D86D5FFF001FFF6F87A5FB4FB300000122F72C62FE2F4080C31C
1248CB16452681171411C3F31888DE6D6FFF001FFF6F87A5FB5FB300000122F72C62FE2F4080C31D
1248D016453181171411C3F01888E16D5FFF001FFF6F87A5FB4FB300000022F72C62FE2F4080C31E
1248D416452A81171411C3F71888DE6D5FFF001FFF6F77A5FB5FB300000122F72C62FE2F4080C31F
1248D016452981171411C3F81888DE6D5FFF001FFE6F87A5FB4FB300000122F72C62FE2F4080C320
1248CB16452A81171411C3F71888DE6D5FFF001FFE6F87A5FB4FB300000122F72C62FE2F4080C321
1248D416452E81171411C3F81888E16D5FFF001FFE6F87A5FB4FB300000122F72C62FE2F4080C322
1248D216453081171411C3F71888DE6D5FFF001FFF6F87A5FB5FB300000122F72C62FE2F4080C323
1248D016452C81171C11C3FC1888DE6D5FFF001FFF6F87A5FB4FB300000222F72C62FE2F4080C324
1248D016452A81170D11C3FB1888E66D5FFF001FFE6F77A5FB5FB300000122F72C62FE2F4080C325
1248D416452B81171C11C3FC1888DE6D6FFF001FFE6F87A5FB4FB300000122F72C62FE2F4080C326
1248D416452A81171411C3F71888EF6D5FFF001FFF6F87A5FB5FB300000122F72C62FE2F4080C327
1248D816452B81171411C3F81888E36D6FFF001FFE6F87A6FB4FB300000222F72C62FE2F4080C328
1248D416452A81171C11C3F71888DB6D6FFF001FFD6F87A6FB4FB300000122F72C62FE2F4080C329
1248D816452F81171411C3F41888E36D5FFF001FFD6F87A6FB5FB300000122F72C62FE2F4080C32A
1248D416453081171411C3F71888D86D6FFF001FFF6F87A6FB5FB300000122F72C62FE2F4080C32B
1248D416453081171C11C3F81888DB6D6FFF001FFF6F87A7FB5FB300000122F72C62FE2F4080C32C
1248D816453381171411C3F71888DE6D5FFF001FFF6F87A7FB4FB300000222F72C62FE2F4080C32D
1248D416453581171411C3F01888D36D6FFF001FFE6F87A7FB4FB300000222F72C62FE2F4080C32E
1248D416453581171711C3F71888E16D6FFF001FFE6F87A8FB5FB300000222F72C62FE2F4080C32F
1248D416453281171C11C3F41888E36D5FFF001FFF6F87A8FB5FB300000122F72C62FE2F4080C330
1248D816453081171411C3F71888D86D6FFF001FFF6F87A9FB4FB300000122F72C62FE2F4080C331
1248D416453481171411C3F81888DE6D6FFF001FFF6F87A9FB4FB300000122F72C62FE2F4080C332
1248D416453181171411C3F31888DB6D6FFF001FFE6F87A9FB5FB300000122F72C62FE2F4080C333
1248D816453481171C11C3F41888DE6D7FFF001FFE6F87AAFB4FB300000022F72C62FE2F4080C334
1248D816453681171411C3F31888DE6D6FFF001FFF6F87AAFB5FB300000122F72C62FE2F4080C335
1248D416453581171411C3F01888D66D6FFF001FFF6F87AAFB4FB300000122F72C62FE2F4080C336
1248D416452E81171411C3EF1888D86D6FFF001FFF6F87AAFB4FB300000122F72C62FE2F4080C337
1248D416452E81171C11C3F41888DE6D7FFF001FFF6F87ABFB4FB300000122F72C62FE2F4080C338
1248D816453481171C11C3F31888D66D6FFF001FFF6F87ABFB4FB300000222F72C62FE2F4080C339
1248D816453581170D11C3F01888D86D6FFF001FFF6F87ABFB5FB300000122F72C62FE2F4080C33A
1248D416453281171411C3F31888D36D7FFF001FFE6F87ACFB4FB300000122F72C62FE2F4080C33B
1248D416453081171411C3F81888D86D7FFF001FFE6F87ACFB4FB300000122F72C62FE2F4080C33C
1248D416453081171C11C3EF1888D66D7FFF001FFE6F87ACFB4FB300000122F72C62FE2F4080C33D
1248D016452D81171411C3F81888DE6D7FFF001FFF6F87ADFB5FB300000122F72C62FE2F4080C33E
1248D016452E81171411C3F71888DE6D7FFF001FFF6F87ADFB5FB300000122F72C62FE2F4080C33F
1248D216453081170D11C3F81888E16D7FFF001FFE6F87ADFB4FB300000122F72C62FE2F4080C340
1248D816453381171411C3F31888DE6D7FFF001FFE6F87ADFB5FB300000022F72C62FE304180C341
1248D416453281171411C3F81888DE6D7FFF001FFF6F87AEFB4FB300000222F72C62FE304080C342
1248D416453081171411C3F31888D66D7FFF001FFE6F87AEFB4FB300000122F72C62FE304080C343
1248D016452981170D11C3F41888D86D7FFF001FFE6F87AEFB4FB300000122F72C62FE304080D344
1248D416453081171411C3F31888D86D7FFF001FFF6F77AFFB5FB300000122F72C62FE304080C345
1248D416453281170D11C3F81888D36D7FFF001FFE6F87AFFB4FB300000122F72C62FE304080C346
1248D016453081170D11C3F31888DB6D6FFF001FFD6F87AFFB5FB300000222F72C62FE304080C347
1248D016452981170D11C3F41888D86D7FFF001FFE6F87AFFB4FB300000122F72C62FE304080C348
1248D016452E81171011C3F71888D86D6FFF001FFE6F87B0FB5FB300000122F72C62FE304080D349
1248D416452C81170D11C3F81888D66D6FFF001FFF6F87B0FB5FB300000222F72C62FE304080C34A
1248CB16452A81170611C3F31888DE6D7FFF001FFF6F87B1FB4FB300000122F72C62FE304080C34B
1248D416453181170D11C3F81888DE6D7FFF001FFE6F87B1FB4FB300000122F72C62FE304080D34C
1248D016453281170611C3F31888D86D6FFF001FFE6F97B2FB4FB300000222F72C62FE304080C34D
1248D016453081170D11C3F81888E16D6FFF001FFE6F87B4FB4FB300000122F72C62FE304080C34E
1248D016453081170611C3F71888D36D6FFF001FFF6F87B4FB4FB300000122F72C62FE304080C34F
1248D416453381170611C3F41888DE6D6FFF001FFF6F87B4FB4FB300000222F72C62FE304080C350
1248D416453281170611C3F01888DB6D7FFF001FFF6F87B6FB4FB300000022F72C62FE304080C351
1248D816453181170D11C3F71888D86D6FFF001FFF6F87B6FB5FB300000222F72C62FE304080C352
1248D41645308116FE11C3F41888DE6D6FFF001FFF6F87B7FB4FB300000122F72C62FE304080C353
1248D416453081170611C3F31888E16D7FFF001FFE6F87B8FB4FB300000122F72C62FE304080C354
1248D016453081170611C3F81888DE6D6FFF001FFE6F87B9FB3FB300000122F72C62FE304080C355
1248D41645308116FE11C3EF1888D86D7FFF001FFE6F87B9FB3FB300000022F72C62FE304080C356
1248CB16453081170611C3F41888DE6D7FFF001FFE6F87BAFB3FB300000122F72C62FE304080C357
1248D41645308116FE11C3F31888D66D7FFF001FFF6F87BAFB3FB300000122F72C62FE2F4180C358
1248D016453081170611C3F81888D86D7FFF001FFE6F87BBFB3FB300000122F72C62FE2F4080C359
1248D416452C8116FE11C3F31888DE6D7FFF001FFE6F87BBFB3FB300000122F72C62FE2F4080C35A
1248D016452E8116FE11C3F41888D66D6FFF001FFF6F87BCFB4FB300000222F72C62FE2F4080C35B
1248D416452C81170611C3F71888D86D7FFF001FFF6F87BCFB3FB300000122F72C62FE2F4080C35C
1248CE1645338116FE11C3FC1888DE6D7FFF001FFE6F87BCFB3FB300000122F72C62FE2F4080C35D
1248D41645358116FE11C3F71888DB6D7FFF001FFE6F87BDFB3FB300000122F72C62FE2F4080D35E
1248D01645328116FE11C3F41888DE6D7FFF001FFF6F87BDFB3FB300000222F72C62FE2F4080C35F
1248D81645308116FE11C3F31888D36D7FFF001FFF6F87BDFB4FB300000122F72C62FE2F4080C360
1248D016453081170911C3F81888DE6D6FFF001FFE6F87BDFB3FB300000022F72C62FE2F4080D361
1248D81645308116F711C3F31888DB6D7FFF001FFD6F87BDFB3FB300000022F72C62FE2F4080C362
1248D81645298116FE11C3F81888D86D6FFF001FFE6F87BEFB3FB300000122F72C62FE2F4080C363
1248D016452C8116FE11C3F31888D86D6FFF001FFF6F87BEFB3FB300000122F72C62FE2F4080C364
1248D81645308116FE11C3F41888E16D6FFF001FFE6F87BEFB3FB300000122F72C62FE2F4080C365
1248D816453181170611C3F31888DE6D6FFF001FFE6F87BEFB3FB300000122F72C62FE2F4080C366
1248D41645308116FE11C3F41888D86D6FFF001FFE6F97BEFB3FB300000122F72C62FE2F4080C367
1248D41645308116FE11C3F31888E16D6FFF001FFF6F87BEFB4FB300000122F72C62FE2F4080D368
1248D416452C8116FE11C3F41888D86D6FFF001FFF6F87BEFB3FB300000122F72C62FE2F4080D369
1248D016452F8116FE11C3EF1888D86D6FFF001FFF6F87BEFB3FB300000222F72C62FE2F4080C36A
1248D01645338116FE11C3EC1888D36D6FFF001FFE6F87BEFB4FB300000122F72C62FE2F4080C36B
1248D416452E8116FE11C3F71888DB6D6FFF001FFE6F87BDFB5FB400000222F72C62FE2F4080C36C
1248D416452E81170611C3F01888D36D6FFF001FFF6F87BCFB6FB400000122F72C62FE2F4080C36D
1248D41645348116FE11C3F31888D36D6FFF001FFF6F87BCFB5FB400000122F72C62FE2F4080C36E
1248D016452D8116FE11C3F41888DB6D6FFF001FFF6F77BCFB5FB400000122F72C62FE2F4080D36F
1248D416452F81170611C3F31888D86D5FFF001FFE6F87BBFB5FB400000122F72C62FE2F4080C370
1248D416452D8116FE11C3EC1888D86D6FFF001FFE6F87BAFB5FB400000222F72C62FE2F4080C371
1248D016452E8116FE11C3F71888DB6D5FFF001FFF6F87BAFB5FB400000122F72C62FE2F4080C372
1248D01645348116FE11C3F01888D86D6FFF001FFE6F87B8FB5FB400000222F72C62FE2F4080C373
1248D016453881170611C3EF1888DE6D5FFF001FFF6F87B8FB5FB400000122F72C62FE2F4080C374
1248D81645378116FE11C3F41888D36D5FFF001FFE6F87B7FB5FB400000122F72C62FE2F4080C375
1248D416453581170611C3F31888DB6D6FFF001FFF6F87B7FB5FB400000122F72C62FE2F4080C376
1248D81645398116FE11C3F41888D36D5FFF001FFF6F87B6FB5FB400000222F72C62FE2F4080C377
1248D416453A81170611C3F31888D36D5FFF001FFF6F87B6FB5FB400000122F72C62FE2F4080D378
1248D416453381170111C3F01888D66D5FFF001FFF6F97B5FB5FB400000122F72C62FE2F4080C379
1248D61645348116FE11C3F71888DE6D6FFF001FFE6F97B5FB5FB400000122F72C62FE2F4080D37A
1248D016452D81170611C3F41888D36D5FFF001FFE6F87B5FB5FB400000222F72C62FE2F4080C37B
1248D016452A81170D11C3EF1888D86D5FFF001FFF6F87B4FB5FB400000122F72C62FE2F4080C37C
1248D016452B8116FE11C3F01888DB6D5FFF001FFF6F87B4FB5FB400000122F72C62FE2F4080D37D
1248CB16452781170611C3F71888D36D5FFF001FFF6F87B4FB5FB400000222F72C62FE2F4080C37E
1248CB16452581170611C3F01888D86D5FFF001FFD6F87B4FB5FB400000222F72C62FE2F4080C37F
1248CB16452D81170611C3EF1888D66D4FFF001FFD6F77B3FB5FB400000122F72C62FE2F4080C380
1248D016452881170611C3F41888D86D4FFF001FFD6F87B3FB5FB400000122F72C62FE2F4080C381
1248D416452981170611C3EF1888D36D5FFF001FFF6F87B3FB5FB400000222F72C62FE2F4080D382
1248CB16452B81170611C3F41888D66D4FFF001FFF6F87B2FB6FB400000222F72C62FE2F4080C383
1248CB16452A81170D11C3F31888D86D4FFF001FFE6F87B2FB6FB200000122F72C62FE2F4080C384
1248C716452881170611C3F41888DE6D5FFF001FFD6F87B2FB5FB200000122F72C62FE2F4080C385
1248CB16452981170D11C3F31888D36D4FFF001FFE6F87B1FB5FB200000122F72C62FE2F4080C386
1248C716452781170611C3F01888D66D4FFF001FFF6F87B1FB5FB200000122F72C62FE2F4080C387
1248C716452181170D11C3F31888D36D5FFF001FFF6F87B0FB6FB200000122F72C62FE2F4080C388
1248D016452481170611C3F41888D36D4FFF001FFE6F87B0FB5FB200000122F72C62FE2F4080C389
1248CB16452581170D11C3F31888D66D5FFF001FFE6F87B0FB5FB200000222F72C62FE2F4080C38A
1248CB16452281170D11C3F01888D36D4FFF001FFE6F87AFFB5FB200000222F72C62FE2F4080C38B
1248D016452081170D11C3EF1888D86D5FFF001FFF6F87AFFB5FB200000122F72C62FE2F4080C38C
1248CB16452481170D11C3F41888D06D5FFF001FFF6F87AEFB6FB200000122F72C62FE2F4080C38D
1248C716452C81170D11C3F31888CD6D5FFF001FFE6F87AEFB5FB200000122F72C62FE2F4080C38E
1248CB16452981170D11C3F01888D36D4FFF001FFE6F87AEFB5FB200000122F72C62FE2F4080C38F
1248CB16452681170D11C3F31888DE6D5FFF001FFE6F87ADFB5FB200000122F72C62FE2F4080C390
1248C716452581170D11C3F41888D66D5FFF001FFF6F87ADFB5FB200000122F72C62FE2F4080C391
1248C716452581171011C3F31888D36D5FFF001FFE6F87ADFB5FB200000122F72C62FE2F4080D392
1248CB16452581170D11C3F41888D86D6FFF001FFE6F87ACFB5FB200000122F72C62FE2F4080D393
1248C716452581170D11C3EF1888D66D5FFF001FFE6F87ACFB6FB200000122F72C62FE2F4080C394
1248CB16452581170D11C3F01888D86D5FFF001FFF6F87ACFB5FB200000122F72C62FE2F4080D395
1248CB16452581171411C3F71888D36D6FFF001FFF6F87ACFB5FB200000322F72C62FE2F4080C396
1248D016452981170D11C3F41888D66D5FFF001FFE6F87ACFB5FB200000222F72C62FE2F4080C397
1248CE16452A81171411C3EF1888D36D5FFF001FFF6F87ACFB5FB200000122F72C62FE2F4080C398
1248D416452B81170D11C3F01888DE6D6FFF001FFF6F87ABFB6FB200000022F72C62FE2F4080C399
1248D016452E81171411C3F31888D86D6FFF001FFE6F87ABFB5FB200000122F72C62FE2F4080C39A
1248D416453081170D11C3F01888D06D5FFF001FFE6F87ABFB5FB200000122F72C62FE2F4080D39B
1248D416452C81171411C3EB1888D36D6FFF001FFE6F77ABFB6FB300000122F72C62FE2F4080D39C
1248D016452A81170D11C3F01888D86D6FFF001FFF6F87ABFB6FB400000122F72C62FE2F4080C39D
1248D416452E81171411C3EF1888CA6D6FFF001FFF6F87ABFB6FB400000122F72C62FE2F4080C39E
1248D016452981171411C3F01888D36D6FFF001FFF6F97ABFB7FB400000122F72C62FE2F4080D39F
1248D416452C81170D11C3EF1888D36D5FFF001FFF6F87AAFB6FB400000122F72C62FE2F4080C3A0
1248D016452981171411C3F01888D06D5FFF001FFF6F87AAFB6FB400000122F72C62FE2F4080C3A1
1248D416452981171411C3EB1888CD6D5FFF001FFF6FB7AAFB6FB400000122F72C62FE2F4080C3A2
1248CB16452F81171411C3F01888CD6D5FFF001FFE6F77AAFB7FB400000222F72C62FE2F4080C3A3
1248CB16452D81170D11C3EB1888D86D6FFF001FFE6F87AAFB6FB400000122F72C62FE2F4080C3A4
1248D016452E81171411C3F01888D06D5FFF001FFF6F87AAFB6FB400000022F72C62FE2F4080C3A5
1248D016452981171411C3EF1888D36D5FFF001FFF6F87AAFB6FB400000122F72C62FE2F4080D3A6
1248D016452C81171411C3EC1888D36D5FFF001FFF6F87AAFB6FB400000222F72C62FE2F4080C3A7
1248D016452981170D11C3EF1888D06D5FFF001FFF6F87AAFB7FB400000122F72C62FE2F4080D3A8
1248D016452C81171411C3F01888D36D5FFF001FFF6F87AAFB6FB400000222F72C62FE2F4080C3A9
1248D416452C81171411C3EB1888D36D5FFF001FFE6F87ABFB6FB400000122F72C62FE2F4080C3AA
1248D016452681171411C3F81888CA6D5FFF001FFF6F87ABFB6FB400000122F72C62FE2F4080C3AB
1248D016452981171011C3F31888D86D5FFF001FFE6F87ABFB6FB400000122F72C62FE2F4080D3AC
1248D016452B81171411C3F41888CD6D6FFF001FFD6F87ACFB6FB400000222F72C62FE2F4080D3AD
1248D016452781171411C3F31888DE6D5FFF001FFD6F87ACFB6FB400000122F72C62FE2F4080C3AE
1248D016452681171411C3F41888D66D5FFF001FFE6F87ACFB6FB400000222F72C62FE2F4080C3AF
1248CB16452981170D11C3F31888DE6D6FFF001FFF6F87ACFB6FB400000222F72C62FE2F4080C3B0
1248D416452781171411C3F81888D36D6FFF001FFF6F87ACFB6FB400000022F72C62FE2F4080C3B1
1248D016452981171411C3F71888E16D5FFF001FFE6F87ADFB6FB400000222F72C62FE2F4080C3B2
1248D016452A81170D11C3FC1888D36D5FFF001FFD6F87ADFB6FB400000222F72C62FE2F4080C3B3
1248D016452681171411C3F71888D36D5FFF001FFD6F87ADFB5FB300000122F72C62FE2F4080C3B4
1248CB16452581171411C3F81888DB6D5FFF001FFF6F87ACFB4FB200000122F72C62FE2F4080C3B5
1248CA16452C81171411C3F31888D86D5FFF001FFF6F87ADFB3FB200000122F72C62FE2F4080C3B6
1248D016452C81171411C3F81888DE6D5FFF001FFF6F87ADFB3FB200000222F72C62FE2F4080C3B7
1248CB16452B81170D11C3F71888D86D5FFF001FFE6F87ADFB3FB200000222F72C62FE2F4080C3B8
1248D016452681171411C3F81888DB6D6FFF001FFE6F77ADFB3FB200000122F72C62FE2F4080C3B9
1248CB16452581171411C3F71888DE6D5FFF001FFE6F87ADFB4FB200000122F72C62FE2F4080C3BA
1248CB16452581170D11C3F81888E36D5FFF001FFF6F87ADFB3FB200000122F72C62FE2F4080C3BB
1248D016452981171411C3F71888DB6D5FFF001FFF6F87AEFB4FB200000022F72C62FE2F4080C3BC
1248D016452681171411C3FC1888E36D5FFF001FFD6F87AEFB4FB200000122F72C62FE2F4080C3BD
1248CB16452281170D11C3FB1888DE6D5FFF001FFD6F87AEFB4FB200000122F72C62FE2F4080C3BE
1248D016452B81171411C3FC1888E36D5FFF001FFF6F87AEFB3FB200000322F72C62FE2F4080C3BF
1248CB16452981170D11C3F31888E16D5FFF001FFF6F87AFFB3FB200000122F72C62FE2F4080C3C0
1248D016452581171411C3FC1888D86D5FFF001FFF6F87AEFB3FB200000122F72C62FE2F4080C3C1
1248CB16452581170D11C3F71888D86D5FFF001FFF6F87AFFB4FB200000122F72C62FE2F4080D3C2
1248D016452381171411C3F81888E16D5FFF002FFF6F87B0FB3FB200000222F72C62FE2F4080C3C3
1248CB16452781170D11C3F71888D86D5FFF001FFF6F87AFFB3FB200000222F72C62FE2F4080C3C4
1248D016452A81171411C3F41888DE6D5FFF001FFE6F87B0FB3FB200000122F72C62FE2F4080D3C5
1248CB16452B81171011C3EF1888DB6D5FFF001FFE6F87B1FB4FB200000022F72C62FE2F4080D3C6
1248D016452A81171411C3F41888D36D5FFF001FFE6F87B1FB3FB200000122F72C62FE2F4080D3C7
1248D016452E81170D11C3F31888D86D5FFF001FFE6F87B1FB4FB200000222F72C62FE2F4080D3C8
1248D016452C81170D11C3F41888D86D5FFF001FFE6F87B1FB3FB200000122F72C62FE2F4080D3C9
1248D016452B81171411C3F31888D66D5FFF001FFE6F87B1FB3FB200000122F72C62FE2F4080D3CA
1248CB16452781170D11C3F81888D86D5FFF001FFF6F87B1FB4FB200000222F72C62FE2F4080D3CB
1248CB16452581171411C3EF1888D86D5FFF001FFF6F87B2FB4FB200000122F72C62FE2F4080C3CC
1248C716452581170D11C3F41888D66D5FFF001FFF6F87B2FB5FB400000122F72C62FE2F4080C3CD
1248CB16452981170D11C3F31888DE6D5FFF001FFF6F87B1FB5FB400000222F72C62FE2F4080C3CE
1248CB16452B81170D11C3F41888DE6D6FFF001FFE6F87B1FB6FB400000122F72C62FE2F4080C3CF
1248CB16452781171411C3F31888D66D5FFF001FFE6F87B1FB5FB400000122F72C62FE2F4080C3D0
1248C716452581170D11C3F01888D86D6FFF001FFF6F87B1FB5FB400000022F72C62FE2F4080C3D1
1248D016452581170D11C3F31888DE6D5FFF001FFF6F87B0FB6FB400000222F72C62FE2F4080C3D2
1248CB16452981171411C3F41888D36D6FFF001FFF6F87B1FB5FB400000222F72C62FE2F4080C3D3
1248CA16452A81170D11C3EF1888D66D5FFF001FFE6F87B0FB6FB400000222F72C62FE2F4080C3D4
1248CB16452281170D11C3F41888D36D6FFF001FFE6F87AFFB5FB400000122F72C62FE2F4080D3D5
1248CB16452481171411C3EF1888D86D6FFF001FFF6F87AFFB5FB400000222F72C62FE2F4080C3D6
1248C716452681170611C3F41888D66D6FFF001FFF6F87AFFB6FB400000122F72C62FE2F4080C3D7
1248CB16452581171411C3EF1888D86D6FFF001FFF6F87AFFB5FB400000222F72C62FE2F4080C3D8
1248CB16452581170D11C3F01888D36D5FFF001FFF6F87AEFB5FB400000122F72C62FE2F4080D3D9
1248CB16452981171411C3EF1888D66D5FFF001FFF6F87AEFB5FB400000222F72C62FE2F4080D3DA
1248D016452781171411C3F41888D86D6FFF001FFF6F87ADFB5FB400000122F72C62FE2F4080C3DB
1248C716452981170D11C3EF1888D36D6FFF001FFF6F87ADFB6FB400000022F72C62FE2F4080C3DC
1248D016452781170D11C3F01888D86D5FFF001FFF6F87ADFB5FB400000122F72C62FE2F4080C3DD
1248CB16452981171411C3EF1888D66D6FFF001FFF6F87ACFB5FB400000222F72C62FE2F4080D3DE
1248CB16452A81170D11C3F41888CD6D6FFF001FFE6F87ACFB5FB400000122F72C62FE2F4080C3DF
1248C716452B81171711C3EB1888D86D6FFF001FFE6F87ABFB6FB400000122F72C62FE2F4080D3E0
1248CB16452781170D11C3F41888DB6D6FFF001FFE6F87AAFB5FB400000122F72C62FE2F4080C3E1
1248D016452981171411C3EF1888D36D6FFF001FFF6F87AAFB5FB400000222F72C62FE2F4080D3E2
1248CB16452E81171411C3F41888D86D6FFF001FFF6F87AAFB5FB400000222F72C62FE2F4080C3E3
1248D016452981171411C3F31888DB6D6FFF001FFE6F87AAFB6FB400000122F72C62FE2F4080C3E4
1248C716452981171411C3F01888D36D6FFF001FFF6F87A9FB5FB300000122F72C62FE2F4080C3E5
1248CB16452A81171411C3F31888DE6D6FFF001FFF6F87A9FB5FB200000122F72C62FE2F4080D3E6
1248D016452B81171411C3F41888D86D6FFF001FFF6F87A9FB4FB200000122F72C62FE2F4080D3E7
1248CB16452481171C11C3F31888DB6D6FFF001FFE6F67A9FB4FB200000022F72C62FE304180C3E8
1248CB16452781171C11C3F81888D86D6FFF001FFF6F87A9FB5FB200000122F72C62FE304080C3E9
1248CB16452781171C11C3EF1888D86D6FFF001FFF6F87A9FB4FB200000222F72C62FE304080C3EA
1248CB16452C81171C11C3F41888D66D6FFF001FFE6F87A9FB5FB200000122F72C62FE304080C3EB
1248CB16452C81171C11C3EF1888D36D6FFF001FFE6F87A9FB5FB200000122F72C62FE304080C3EC
1248CB16452F81172311C3F01888D36D6FFF001FFF6F87A9FB5FB200000222F72C62FE304080C3ED
1248D016452C81171C11C3F31888D36D5FFF001FFE6F87AAFB5FB200000122F72C62FE304080C3EE
1248D416452A81172B11C3F41888DB6D6FFF001FFF6F87AAFB4FB200000122F72C62FE304080C3EF
1248D016453181172311C3EF1888D36D5FFF001FFF6F87AAFB4FB200000222F72C62FE304080C3F0
1248D416452E81172311C3F41888D86D5FFF001FFF6F87ABFB5FB200000122F72C62FE304080D3F1
1248D616453181172B11C3F31888D66D6FFF001FFF6F87ABFB5FB200000122F72C62FE304080C3F2
1248D016452E81172311C3F81888D86D5FFF001FFF6F87ABFB5FB200000222F72C62FE304080C3F3
1248CB16453181173211C3F71888E36D5FFF001FFE6F87ABFB4FB200000122F72C62FE304080C3F4
1248D416452E81172B11C3F41888E16D5FFF001FFE6F87ACFB4FB200000222F72C62FE304080C3F5
1248D016452881172B11C3F31888D86D5FFF001FFF6F87ACFB5FB200000222F72C62FE304080D3F6
1248D016452981173211C3F81888DE6D5FFF001FFF6F87ACFB4FB200000222F72C62FE304080C3F7
1248D016452A81173211C3F71888DE6D6FFF001FFF6F87ADFB4FB200000222F72C62FE304080C3F8
1248D016452B81173911C3F41888D66D5FFF001FFF6F87ADFB4FB200000122F72C62FE304080C3F9
1248D016452F81173211C3F31888DE6D5FFF001FFE6F87ADFB4FB200000222F72C62FE304080C3FA
1248CB16452C81173C11C3F41888DE6D6FFF001FFD6F87AEFB4FB200000122F72C62FE304080D3FB
1248D416452F81173911C3F31888E16D5FFF001FFE6F87AEFB4FB200000022F72C62FE304080D3FC
1248D416453081173911C3F41888D86D5FFF001FFF6F87AFFB5FAF00000122F72C62FE304080C3FD
1248D416453081174111C3F31888DE6D5FFF002FFF6F87AFFB4FAC00000122F72C62FE304080C3FE
1248D016452C81174111C3F41888E16D5FFF001FFF6F87AFFB4FAB00000122F72C62FE304080C3FF
1248D016452F81174111C3F71888D86D5FFF001FFF6F87AFFB4FAC00000122F72C62FE304080D300
1248CB16452D81174111C3FC1888E36D5FFF001FFE6F87B0FB4FAB00000222F72C62FE304080C301
1248D816453581174811C3F31888E36D5FFF001FFE6F87B0FB4FAC00000122F72C62FE304080C302
1248D416452F81174811C3FC1888E16D4FFF001FFF6F87B0FB4FAC00000222F72C62FE304080D303
1248D016452E81174811C3FF1888E36D5FFF001FFF6F97B1FB4FAC00000122F72C62FE304080C304
1248D416452C81174811C3FC1888E96D5FFF001FFE6F87B0FB5FAC00000222F72C62FE304080C305
1248D016452E81174F11C4031888EC6D4FFF001FFE6F87B1FB5FAC00000122F72C62FE304080C306
1248D016453481174F11C3FC1888E96D4FFF001FFF6F77B1FB5FAC00000022F72C62FE304080C307
1248D416452D81175711C3FF1888E36D4FFF001FFF6F87B1FB5FAC00000022F72C62FE304080C308
1248D416452F81174F11C3FC1888E16D4FFF001FFE6F87B1FB4FAC00000122F72C62FE304080C309
1248D416452C81175711C3FF1888E96D5FFF001FFE6F87B2FB4FAC00000122F72C62FE304080C30A
1248D016453381175711C3F81888E36D4FFF001FFE6F87B2FB4FAC00000122F72C62FE304080D30B
1248D416452E81175711C3F71888D86D5FFF001FFE6F87B2FB4FAC00000122F72C62FE304080C30C
1248D016453181175711C3F81888DB6D4FFF001FFF6F87B3FB4FAC00000222F72C62FE304080C30D
1248E016454481175711C3FB1888DE6D4FFF001FFF6F87B4FB4FAC00000122F72C62FE304080C30E
1248E716454C81175E11C3F81888DE6D5FFF001FFF6F87B4FB4FAC00000122F72C62FE304080C30F
1248E016454081175E11C3F71888E66D4FFF001FFF6F87B4FB4FAC00000122F72C62FE304080C310
1248E016453D81176511C3F81888E36D4FFF001FFE6F87B5FB4FAC00000122F72C62FE304080D311
1248E016453F81175E11C3F31888E36D5FFF001FFE6F87B5FB4FAC00000122F72C62FE304080C312
1248E416453F81176511C3FC1888DE6D4FFF001FFE6F87B6FB4FAC00000122F72C62FE304080C313
1248E416453F81175E11C3F71888DB6D5FFF001FFF6F87B7FB4FAC00000122F72C62FE304080C314
1248E016453D81176511C3F81888DE6D5FFF001FFF6F87B7FB5FAE00000122F72C62FE304080C315
1248DC16452F81176511C3FB1888E96D5FFF001FFF6F87B7FB5FB100000122F72C62FE304080C316
1248D816452781176511C4041888E16D6FFF001FFE6F87B8FB5FB200000122F72C62FE304080C317
1248D816453481176511C3FB1888E96D5FFF001FFF6F87B9FB5FB200000222F72C62FE304080C318
1248D816453781176D11C4001888EF6D5FFF001FFE6F87B9FB6FB200000122F72D62FE304180C319
1248DC16453581176511C3FB1888EC6D5FFF001FFF6F87BBFB5FB200000122F72D62FE304080C31A
1248D816453581176511C4001888DE6D6FFF001FFF6F87BBFB5FB200000122F72D62FE304080C31B
1248DC16453581176D11C40B1888E96D5FFF001FFF6F87BCFB6FB200000122F72D62FE304080D31C
1248D816453981176511C4181888FA6D6FFF001FFF6F87BDFB5FB200000122F72D62FE304080C31D
1248DC16453481176D11C4231889196D6FFF001FFE6F87BEFB5FB200000122F72D62FE304080C31E
1248D816453381176D11C4281889266D5FFF001FFE6F87BEFB5FB200000222F72D62FE304080C31F
1248D816453281176811C4331889326D6FFF001FFF6F87BFFB5FB200000122F72D62FE304080D320
1248D016452C81176511C43918892F6D6FFF001FFF6F97C1FB5FB200000122F72D62FE304080C321
1248D416452F81176D11C4331889326D6FFF001FFF6F87C1FB5FB200000122F72D62FE304080D322
1248D416452C81176511C43D18893D6D6FFF001FFE6F87C1FB5FB200000022F72D62FE304080C323
1248D816452A81176D11C43C18892C6D6FFF001FFF6F87C2FB6FB200000222F72D62FE304080D324
1248D016452B81176511C43518892F6D6FFF001FFF6FB7C3FB6FB200000122F72D62FE304080C325
1248D816453381176D11C42F1889326D6FFF001FFE6FA7C3FB6FB200000122F72D62FE304080D326
1248D016453581176D11C4391889216D6FFF001FFE6F87C4FB5FB200000122F72D62FE304080C327
1248D816452E81176511C42F1889136D6FFF001FFF6F87C4FB5FB200000222F72D62FE304080C328
1248D416452F81176511C4181889056D6FFF001FFF6F87C4FB5FB200000122F72D62FE304080C329
1248D816453381176511C4031888EF6D7FFF001FFE6F87C5FB5FB200000122F72D62FE304080C32A
1248DB16453581176D11C4001888E96D6FFF001FFE6F67C6FB5FB200000122F72D62FE304080C32B
1248DC16453581176511C3F31888F26D7FFF001FFF6F87C6FB5FB200000222F72D62FE304080C32C
1248DC16453281176511C3FC1888DE6D7FFF001FFF6F87C7FB6FB200000122F72D62FE304080C32D
1248D416453781176511C3FF1888E96D7FFF001FFF6F87C7FB5FB300000122F72D62FE304080C32E
1248D816453A81176511C4081888F26D7FFF001FFF6F87C7FB5FB300000022F72D62FE304080C32F
1248D816453281176511C4131888FF6D7FFF001FFE6F87C8FB5FB300000122F72D62FE304080C330
1248D816453481175E11C4181888FF6D7FFF001FFD6F87C8FB5FB300000222F72C62FE2F4180C331
1248D816452E81175E11C41F1889026D7FFF001FFF6F87C8FB5FB300000022F72C62FE2F4080C332
1248D816453181175E11C4201888FF6D7FFF001FFF6F87C9FB5FB300000122F72C62FE2F4080C333
1248DC16453281175E11C4131889056D7FFF001FFF6F87C9FB5FB300000122F72C62FE2F4080C334
1248D816453781175E11C4141888FF6D8FFF001FFE6F87C9FB5FB300000022F72C62FE2F4080C335
1248DC16453381175711C4131888FD6D7FFF001FFE6F87C9FB6FB300000222F72C62FE2F4080C336
1248DC16453781175711C4081888FA6D8FFF001FFF6F87C9FB5FB300000122F72C62FE2F4080C337
1248DC16453381175711C40B1888FA6D8FFF001FFE6F87CAFB5FB300000222F72C62FE2F4080C338
1248D816453081175711C4081888EC6D8FFF001FFE6F67CAFB5FB300000122F72C62FE2F4080C339
1248DC16453481174F11C4031888E36D8FFF001FFF6F87C9FB5FB300000122F72C62FE2F4080C33A
1248DC16453C81174F11C4041888EF6D8FFF001FFE6F87C9FB5FB300000022F72C62FE2F4080C33B
1248D816453881174811C4031888E96D8FFF001FFE6F87C9FB6FB300000122F72C62FE2F4080C33C
1248DC16453381174811C4041888EC6D8FFF001FFE6F87C8FB5FB300000122F72C62FE2F4080C33D
1248D416453381174811C4031888E96D9FFF001FFD6F97C8FB5FB300000222F72C62FE2F4080C33E
1248D816453281174111C4081888E96D8FFF001FFE6F87C8FB5FB300000122F72C62FE2F4080C33F
1248DC16453081174111C4031888EC6D8FFF001FFF6F87C6FB5FB300000122F72C62FE2F4080D340
1248D816453481174111C4081888E96D8FFF001FFF6F87C6FB5FB300000122F72C62FE2F4080D341
1248D416452981173911C4031888E96D7FFF001FFD6F87C6FB5FB300000122F72C62FE2F4080C342
1248DC16453181173911C4081888EC6D8FFF001FFE6F87C4FB5FB300000222F72C62FE2F4080C343
1248DC16453181173211C4031888EF6D8FFF001FFF6F87C4FB5FB300000122F72C62FE2F4080C344
1248D816452C81173511C4001888E36D8FFF001FFF6F87C4FB6FB300000122F72C62FE2F4080D345
1248D816452B81173211C3FF1888E36D8FFF001FFF6F87C2FB4FB300000022F72C62FE2F4080D346
1248D616452B81172B11C4041888EC6D8FFF001FFF6F87C1FB3FB300000122F72C62FE2F4080C347
1248D816452A81172311C3FF1888E36D8FFF001FFE6F87C1FB3FB300000022F72C62FE2F4080C348
1248D416452B81172311C4001888E96D8FFF002FFF6F87C0FB3FB300000222F72C62FE2F4080C349
1248D816452781172311C3FF1888E66D8FFF001FFF6F87BFFB4FB300000122F72C62FE2F4080D34A
1248D416452C81171C11C3FC1888E96D8FFF001FFF6F87BFFB4FB300000222F72C62FE2F4080C34B
1248D416452981171C11C3FF1888E96D7FFF002FFF6F87BEFB3FB300000122F72C62FE2F4080C34C
1248D416452581171C11C3F81888DE6D7FFF001FFF6F87BDFB3FB300000022F72C62FE2F4080C34D
1248D016452D81171411C3FF1888E66D8FFF001FFF6F87BDFB3FB300000222F72C62FE2F4080C34E
1248D816453381170D11C3FC1888DE6D7FFF001FFE6F87BCFB3FB300000122F72C62FE2F4080C34F
1248D416452A81170D11C3FF1888DE6D7FFF001FFE6F87BBFB3FB300000122F72C62FE2F4080C350
1248D416452981170D11C3FC1888EC6D8FFF001FFF6F87BBFB3FB300000022F72C62FE2F4080D351
1248D416452B81170611C3FF1888E36D7FFF001FFF6F87BBFB4FB300000122F72C62FE2F4080C352
1248D416452781170611C3FC1888E36D7FFF001FFF6F87BAFB4FB300000122F72C62FE2F4080C353
1248D01645298116FE11C3FB1888DB6D7FFF001FFD6F87B9FB3FB300000122F72C62FE2F4080D354
1248D416452A8116FE11C3F81888DE6D7FFF001FFE6F87B9FB3FB300000122F72C62FE2F4080D355
1248D416452E8116F711C3FF1888DE6D7FFF001FFF6F97B8FB3FB300000122F72C62FE2F4080C356
1248D016452C8116F711C3F81888DE6D8FFF001FFE6F87B7FB4FB300000222F72C62FE2F4080C357
1248D41645268116F711C3F71888DB6D7FFF001FFE6F87B7FB4FB300000122F72C62FE2F4080C358
1248D01645258116F011C3FC1888D86D7FFF001FFF6F87B6FB3FB300000122F72C62FE2F4080C359
1248D416452C8116F011C3FB1888DE6D7FFF001FFF6F87B5FB3FB300000022F72C62FE2F4080C35A
1248D016452C8116E811C3F81888D66D7FFF001FFE6F87B4FB3FB300000122F72C62FE2F4080C35B
1248D416452F8116E811C3F71888E36D7FFF001FFE6F87B3FB3FB300000222F72C62FE2F4080C35C
1248D01645288116E111C3F41888D86D7FFF001FFF6F87B3FB4FB300000122F72C62FE2F4080C35D
1248D41645258116DC11C3F71888D66D7FFF001FFF6F87B3FB4FB400000222F72C62FE2F4080D35E
1248D41645258116E111C3F81888DE6D7FFF001FFF6F87B2FB4FB400000122F72C62FE2F4080C35F
1248D01645298116E111C3F31888D86D7FFF001FFE6F87B0FB5FB400000222F72C62FE2F4080C360
1248D01645268116D211C3F81888D86D6FFF001FFE6F87B0FB5FB400000122F72C62FE2F4080C361
1248D41645228116DA11C3F71888DB6D7FFF001FFE6F87AFFB5FB400000122F72C62FE2F4080C362
1248D41645238116D211C3F81888D36D6FFF001FFF6F87AEFB4FB400000222F72C62FE2F4080C363
1248CE1645258116D211C3F31888D86D6FFF001FFF6F87ADFB4FB400000122F72C62FE2F4080C364
1248D41645298116CB11C3F01888DB6D6FFF001FFE6F87ACFB5FB400000122F72C62FE2F4080C365
1248D41645268116CB11C3F31888DE6D6FFF001FFE6F87AAFB4FB400000122F72C62FE2F4080C366
1248D01645298116C411C3F41888D86D6FFF001FFF6F87AAFB5FB400000122F72C62FE2F4080C367
1248D416452E8116CB11C3F31888D86D6FFF001FFF6F87A9FB5FB400000122F72C62FE2F4080C368
1248D41645258116C411C3F41888D06D6FFF001FFF6F87A7FB5FB400000122F72C62FE2F4080D369
1248D016452B8116C411C3F31888D36D6FFF001FFE6F87A6FB4FB400000122F72C62FE2F4080C36A
1248D816452C8116C411C3F41888D86D6FFF001FFE6F87A6FB5FB400000122F72C62FE2F4080C36B
1248D416452B8116BC11C3F31888D66D6FFF001FFF6F87A4FB4FB400000222F72C62FE2F4080C36C
1248D01645278116BC11C3F81888D86D6FFF001FFF6F87A3FB5FB400000222F72C62FE2F4080C36D
1248D416452C8116BC11C3F31888D86D6FFF001FFF6F87A3FB4FB400000122F72C62FE2F4080C36E
1248D016452C8116BC11C3F41888DB6D6FFF001FFE6F87A2FB4FB400000122F72C62FE2F4080C36F
1248CB1645288116B511C3F31888D36D6FFF001FFE6F87A1FB4FB400000122F72C62FE2F4080D370
1248D416452C8116B811C3F41888D86D6FFF001FFF6F77A1FB4FB400000122F72C62FE2F4080D371
1248D016452C8116BC11C3F31888D86D7FFF001FFF6F879FFB4FB400000122F72C62FE2F4080D372
1248D01645268116B511C3F01888D06D7FFF001FFF6F879EFB4FB400000122F72C62FE2F4080C373
1248CB1645258116B511C3F71888D86D7FFF001FFE6F879EFB5FB400000122F72C62FE2F4080C374
1248D416452C8116B511C3F01888DE6D6FFF001FFE6F879DFB4FB400000022F72C62FE2F4080C375
1248D41645308116B511C3EF1888D06D7FFF001FFF6F879CFB5FB300000122F72C62FE2F4080D376
1248D416452C8116AE11C3F41888D36D7FFF001FFF6F879CFB5FB200000122F72C62FE2F4080D377
1248D416452A8116B511C3F71888D86D7FFF001FFE6F879BFB4FB200000122F72C62FE2F4080C378
1248D416452E8116AE11C3F01888D66D7FFF001FFD6F879AFB4FB200000122F72C62FE2F4080C379
1248D01645298116B511C3F31888D86D7FFF001FFD6F8799FB5FB200000022F72C62FE2F4080C37A
1248D01645298116B511C3F41888D86D6FFF001FFF6F6799FB4FB200000122F72C62FE2F4080D37B
1248D416452B8116AE11C3F71888D86D6FFF001FFF6F8797FB4FB200000222F72C62FE2F4080C37C
1248D416452A8116B511C3F41888E16D7FFF001FFE6F8797FB4FB200000122F72C62FE2F4080C37D
1248D416452E8116AE11C3F31888DE6D7FFF001FFE6F8797FB4FB200000122F72C62FE2F4080C37E
1248D01645298116AE11C3F01888D86D6FFF001FFE6F8796FB4FB200000222F72C62FE2F4080C37F
1248D41645298116B511C3F31888DB6D6FFF001FFE6F8795FB4FB200000122F72C62FE2F4080C380
1248D21645278116B511C3F41888D86D6FFF001FFF6F8795FB5FB200000122F72C62FE2F4080D381
1248D41645308116AE11C3EF1888D86D6FFF001FFF6F8794FB4FB200000122F72C62FE2F4080C382
1248D41645328116B511C3F41888DB6D7FFF001FFF6F8793FB4FB200000222F72C62FE2F4080D383
1248D416452D8116B011C3EF1888D86D6FFF001FFE6F8793FB4FB200000122F72C62FE2F4080C384
1248D81645318116AE11C3F41888D86D6FFF001FFE6F8792FB4FB200000122F72C62FE2F4080C385
1248D41645328116BC11C3F31888D86D6FFF001FFE6F7792FB4FB200000122F72C62FE2F4080D386
1248D41645338116AE11C3F01888DB6D6FFF001FFF6F8792FB4FB200000122F72C62FE2F4080C387
1248D41645328116B511C3F31888D86D6FFF001FFF6F8791FB4FB200000122F72C62FE2F4080C388
1248D41645338116B511C3F01888D86D5FFF001FFE6F8791FB4FB100000022F72C62FE2F4080C389
1248D01645328116B511C3F31888DB6D6FFF001FFD6F8791FB4FB200000022F72C62FE2F4080C38A
1248D416452C8116B511C3F41888D86D6FFF001FFD6F8791FB4FB200000122F72C62FE2F4080D38B
1248D41645338116B511C3F31888D86D5FFF001FFF6F8790FB4FB200000122F72C62FE2F4080C38C
1248D41645318116BC11C3F41888D66D6FFF001FFF6F8790FB4FB200000122F72C62FE2F4080C38D
1248D81645308116B511C3F31888DE6D5FFF001FFF6F878FFB4FB200000122F72C62FE2F4080C38E
1248D81645318116BC11C3F01888D86D5FFF001FFE6F878FFB4FB300000222F72C62FE2F4080C38F
1248CB1645378116BC11C3F31888D86D6FFF001FFE6F878FFB4FB300000222F72B62FE2F4180C390
1248D016452F8116C411C3F41888DB6D5FFF001FFF6F878FFB3FB300000122F72B62FE2F4080C391
1248D016452E8116BC11C3F71888DE6D5FFF001FFE6FB78FFB4FB300000122F72B62FE2F4080D392
1248D01645308116C411C3F41888DE6D5FFF001FFD6F878FFB3FB300000222F72B62FE2F4080C393
1248CB1645308116C411C3F71888E66D5FFF001FFE6F778FFB3FB300000122F72B62FE2F4080C394
1248D81645308116C411C3FC1888DE6D5FFF001FFF6F878FFB3FB300000222F72B62FE2F4080C395
1248D01645338116CB11C3F31888E36D6FFF001FFD6F878FFB4FB300000222F72B62FE2F4080C396
1248CB16452E8116C611C3F41888E36D6FFF001FFE6F8790FB3FB300000122F72B62FE2F4080D397
1248D016452B8116D211C3F71888DB6D5FFF001FFE6F8791FB3FB300000022F72B62FE2F4080D398
1248D01645318116CB11C3F81888E36D5FFF001FFF6F8791FB3FB300000222F72B62FE2F4080C399
1248D41645328116D211C3F71888D86D5FFF001FFF6F8791FB3FB300000222F72B62FE2F4080C39A
1248D41645338116D211C3F81888D66D5FFF001FFE6F8792FB3FB300000022F72B62FE2F4080C39B
1248D01645328116D211C3F71888D86D6FFF001FFE6F8793FB3FB300000122F72B62FE2F4080C39C
1248D41645338116DA11C3FC1888E36D5FFF001FFF6F8793FB3FB300000022F72B62FE2F4080D39D
1248D016452E8116DA11C3F71888DB6D5FFF001FFF6F8794FB4FB300000122F72B62FE2F4080C39E
1248D216452E8116DA11C3F41888DE6D6FFF001FFF6F8795FB4FB300000222F72B62FE2F4080C39F
1248D416452C8116E111C3FB1888DE6D5FFF001FFF6F8796FB3FB300000122F72B62FE2F4080C3A0
1248CB16452B8116E111C3F81888E96D6FFF001FFF6F8796FB4FB300000122F72B62FE2F4080C3A1
1248D41645368116E111C3F71888E16D7FFF001FFF6F8797FB4FB300000122F72B62FE2F4080D3A2
1248D01645348116E811C3F81888DE6D6FFF001FFE6F8798FB4FB300000122F72B62FE2F4080C3A3
1248D01645308116E111C3F31888E36D6FFF001FFE6F8798FB3FB300000122F72B62FE2F4080C3A4
1248CB16452C8116E811C3F41888E16D7FFF001FFF6F8798FB3FB300000222F72B62FE2F4080C3A5
1248D416452E8116F011C3F71888E36D6FFF001FFF6F7798FB4FB300000022F72B62FE2F4080C3A6
1248D41645298116F011C3F81888E36D7FFF001FFD6F8799FB4FB100000122F72B62FE2F4080C3A7
1248D016452C8116F011C3F71888DB6D6FFF001FFE6F879AFB4FB000000222F72B62FE2F4080C3A8
1248CB1645308116F011C3F41888E36D7FFF001FFF6F879AFB5FB000000122F72C62FE2F4180C3A9
1248D01645308116F711C3F71888DE6D7FFF001FFF6F879BFB5FB000000122F72C62FE2F4080D3AA
1248D016452C8116FE11C3F41888E36D7FFF001FFF6F879CFB4FB000000122F72C62FE2F4080C3AB
1248CB16452B8116F311C3F71888E66D6FFF001FFF6F879DFB4FB000000122F72C62FE2F4080D3AC
1248D416452A8116FE11C3F01888DE6D7FFF001FFF6F879DFB4FB000000222F72C62FE2F4080D3AD
1248D016452B8116FE11C3F71888E96D7FFF001FFF6F879FFB4FB000000022F72C62FE2F4080D3AE
1248CB16452E8116FE11C3F81888E16D7FFF001FFF6F879FFB4FB000000222F72C62FE2F4080C3AF
1248D016452981170611C3F31888E36D6FFF002FFF6F87A0FB5FB000000122F72C62FE2F4080C3B0
1248C716452981170611C3F41888E36D6FFF001FFF6F87A1FB5FB000000022F72C62FE2F4080D3B1
1248D016452A81170611C3FB1888DB6D6FFF001FFF6F87A3FB5FB000000122F72C62FE2F4080C3B2
1248D016452681170D11C3F81888DE6D6FFF001FFF6F87A3FB5FB000000122F72C62FE2F4080C3B3
1248CB16452581170611C3F31888E36D6FFF001FFE6F87A4FB4FB000000222F72C62FE2F4080C3B4
1248CB16452C81170D11C3F81888E36D6FFF001FFE6F87A6FB4FB000000122F72C62FE2F4080C3B5
1248CB16453081170D11C3FB1888E66D6FFF001FFE6F87A6FB4FB000000022F72C62FE2F4080C3B6
1248CB16452981170D11C3FC1888E96D6FFF001FFE6F87A7FB4FB000000222F72C62FE2F4080C3B7
1248CB16452981171411C3F71888E36D6FFF001FFE6F87A9FB5FB000000122F72C62FE2F4080C3B8
1248D016452A81171411C3F81888E16D6FFF001FFF6F77AAFB4FB000000122F72C62FE2F4080C3B9
1248CB16452E81171411C3FB1888E36D6FFF001FFF6F87ABFB5FB000000122F72C62FE2F4080D3BA
1248CB16452C81171C11C3FC1888E36D6FFF001FFF6F87ADFB4FB000000222F72C62FE2F4080C3BB
1248CE16452E81171411C3F71888E36D6FFF001FFF6F87ADFB5FB000000222F72C62FE2F4080D3BC
1248D016453081171C11C3FC1888E16D6FFF001FFE6F87AEFB4FB000000122F72C62FE2F4080C3BD
1248CB16452C81171C11C3F71888DE6D6FFF001FFF6F87B0FB5FB000000222F72C62FE2F4080C3BE
1248CB16452F81172311C3FC1888E36D6FFF001FFF6F87B0FB5FB100000122F72C62FE2F4080C3BF
1248CB16452C81171C11C3FB1888E66D6FFF001FFF6F87B1FB5FB200000122F72C62FE2F4080D3C0
1248D416453381172311C3FC1888E36D6FFF001FFF6F87B3FB5FB200000122F72C62FE2F4080C3C1
1248D416452E81172311C3F71888E36D7FFF001FFE6F87B4FB5FB200000122F72C62FE2F4080C3C2
1248D416452E81172311C4001888E66D6FFF001FFE6F87B4FB6FB200000122F72C62FE2F4080C3C3
1248D816453081172B11C3FF1888E96D7FFF001FFF6F87B5FB5FB200000122F72C62FE2F4080C3C4
1248D016453381171C11C4001888EF6D7FFF001FFF6F87B6FB6FB200000122F72C62FE2F4080C3C5
1248D816452E81172D11C3FB1888E36D6FFF001FFD6F87B6FB6FB200000122F72C62FE2F4080D3C6
1248D816453181172B11C3FC1888EC6D7FFF001FFD6F87B7FB6FB200000022F72C62FE2F4080D3C7
1248D416453981172B11C3FF1888E96D7FFF001FFE6F87B8FB6FB200000122F72C62FE2F4080D3C8
1248D016453681172B11C3FC1888EF6D6FFF001FFF6F87B8FB5FB200000122F72C62FE2F4080C3C9
1248D416452E81173211C3FF1888F76D7FFF001FFF6F87B9FB6FB200000022F72C62FE2F4080C3CA
1248D416453381172B11C4041888F46D7FFF001FFE6F87B9FB6FB200000122F72C62FE2F4080D3CB
1248D416453881173211C3FF1888EF6D6FFF001FFE6F87B9FB5FB200000122F72C62FE2F4080C3CC
1248D816453A81172B11C4041888FA6D7FFF001FFF6F87B9FB5FB200000222F72C62FE2F4080C3CD
1248D816453A81173211C4031888F26D7FFF001FFF6F87BAFB5FB200000122F72C62FE2F4080D3CE
1248DC16453781173211C4041888F46D6FFF001FFE6F87BAFB5FB200000122F72C62FE2F4080C3CF
1248DC16453881173211C3FF1888F46D6FFF001FFF6F77BAFB5FB200000222F72C62FE2F4080C3D0
1248DC16453A81172B11C3FC1888F26D6FFF001FFF6F87BAFB6FB200000222F72C62FE2F4080D3D1
1248DC16453681173911C4031888EF6D7FFF001FFE6F87BAFB5FB200000122F72C62FE2F4080D3D2
1248E016453D81173211C4001888EF6D7FFF001FFE6F87BBFB5FB200000022F72C62FE2F4080C3D3
1248DC16453B81173211C4031888EC6D6FFF001FFF6F77BBFB5FB200000122F72C62FE2F4080C3D4
1248DC16453E81173211C4001888EF6D7FFF001FFF6F87BBFB5FB200000122F72C62FE2F4080C3D5
1248DC16454081173911C3FF1888EF6D7FFF001FFF6F87BBFB5FB200000122F72C62FE2F4080C3D6
1248E016453781173211C4001888F46D6FFF001FFE6F87BBFB5FB200000022F72C62FE2F4080C3D7
1248E016453D81173911C4031888F26D7FFF001FFE6F87BBFB4FB300000122F72C62FE2F4080D3D8
1248DB16453B81173211C4041888EF6D7FFF001FFE6F87BBFB5FB300000122F72C62FE2F4080D3D9
1248DC16453A81173911C4031888E96D7FFF001FFE6F77BBFB4FB300000122F72C62FE2F4080C3DA
1248E016453D81173911C3FC1888F26D7FFF001FFF6F87BBFB4FB300000022F72C62FE2F4080C3DB
1248E016453881173211C3FF1888EF6D7FFF001FFF6F87BBFB4FB300000222F72C62FE2F4080C3DC
1248E016453C81173911C3FC1888EF6D7FFF001FFF6F77BBFB5FB300000122F72C62FE2F4080D3DD
1248DC16453C81173211C3FF1888EF6D8FFF001FFE6F87BAFB4FB300000122F72C62FE2F4080C3DE
1248DC16453B81173911C3FC1888EC6D7FFF001FFF6F87BAFB4FB300000022F72C62FE2F4080C3DF
1248E416454181173911C3FB1888E96D7FFF001FFF6F77BAFB4FB300000122F72C62FE2F4080D3E0
1248E016454181173211C3F81888DE6D7FFF001FFE6F87BAFB4FB300000122F72C62FE2F4080D3E1
1248E016453F81173911C3FF1888EC6D7FFF001FFE6F87BAFB4FB300000122F72C62FE2F4080D3E2
1248E016453F81173211C3FC1888E36D7FFF001FFE6F87B9FB5FB300000122F72C62FE2F4080D3E3
1248DC16453F81173511C3FB1888E36D7FFF001FFE6F87B9FB4FB300000122F72C62FE2F4080D3E4
1248E016453C81173911C4001888E66D7FFF001FFE6F87B9FB4FB300000222F72C62FE2F4080D3E5
1248DC16453A81173911C3FB1888E96D8FFF001FFE6F87B9FB4FB300000122F72C62FE2F4080C3E6
1248DC16453A81173911C3F81888E96D8FFF001FFF6F87B8FB4FB300000122F72C62FE2F4080C3E7
1248E016453E81173211C3FB1888EF6D7FFF001FFF6F87B8FB4FB300000022F72C62FE2F4080D3E8
1248DC16453B81173911C3FC1888E16D7FFF001FFE6F87B7FB4FB300000122F72C62FE2F4080C3E9
1248DC16454281173211C3FB1888E36D8FFF001FFD6F87B6FB4FB300000122F72C62FE2F4080D3EA
1248DC16453C81173211C3F81888E96D7FFF001FFF6F87B6FB4FB300000122F72C62FE2F4080C3EB
1248D816453A81173911C3FB1888E66D7FFF001FFF6F87B6FB5FB300000222F72C62FE2F4080C3EC
1248DC16453A81173211C3FC1888E96D7FFF001FFF6F87B6FB4FB300000022F72C62FE2F4080C3ED
1248DC16453E81173911C3FB1888E96D7FFF001FFE6F87B5FB5FB300000222F72C62FE2F4080D3EE
1248DC16453781173211C3FC1888E16D8FFF001FFE6F87B5FB5FB300000122F72C62FE2F4080C3EF
1248DC16453981173211C3F71888E36D7FFF001FFF6F77B5FB5FB300000222F72C62FE2F4080D3F0
1248D816453A81173911C3FC1888E36D7FFF001FFF6F87B3FB5FB300000122F72C62FE2F4080C3F1
1248DC16453781173211C3FB1888E36D7FFF001FFE6F87B4FB4FB300000122F72C62FE2F4080C3F2
1248DC16453981173911C3FC1888E66D7FFF001FFF6F87B2FB4FB300000122F72C62FE2F4080C3F3
1248DC16453681173211C3FB1888E36D7FFF001FFF6F97B2FB4FB300000022F72C62FE2F4080C3F4
1248DF16453581173911C3FC1888E96D7FFF001FFE6F97B1FB4FB300000222F72C62FE2F4080D3F5
1248D816453181173211C3FB1888E66D8FFF001FFD6F87B1FB4FB300000122F72C62FE2F4080D3F6
1248DC16453481173211C3FC1888E36D7FFF001FFE6F77B0FB4FB300000122F72C62FE2F4080C3F7
1248DC16453581173211C3F71888EF6D8FFF001FFF6F87B0FB4FB300000222F72C62FE2F4080D3F8
1248D416453581173211C3FC1888E96D8FFF001FFF6F87B0FB4FB300000122F72C62FE2F4080C3F9
1248D816453881173211C3F71888E66D8FFF001FFE6F87AFFB4FB300000222F72C62FE2F4080C3FA
1248D416453381173911C3FC1888EF6D8FFF001FFE6F87AFFB4FB300000122F72C62FE2F4080C3FB
1248D816453481173211C3FB1888E36D8FFF001FFF6F87AFFB4FB300000022F72C62FE2F4080D3FC
1248D416453581173211C3FC1888EC6D8FFF001FFF6F87AEFB5FB300000122F72C62FE2F4080C3FD
1248D816453581173211C3FB1888E36D8FFF001FFF6F87AEFB4FB300000222F72C62FE2F4080D3FE
1248D416453881173211C3FC1888E96D7FFF001FFE6F87AEFB4FB300000122F72C62FE2F4080C3FF
1248D816453781173211C3FB1888E66D8FFF001FFE6F97ADFB4FB300000122F72C62FE2F4080D300
1248D416453181173211C3F81888E36D8FFF001FFE6F87ADFB5FB300000222F72C62FE2F4080C301
1248DC16453881173211C3FB1888E96D7FFF001FFF6F87ADFB4FB300000222F72C62FE2F4080D302
1248D416453681173511C3FC1888DE6D7FFF001FFF6F87ADFB5FB300000122F72C62FE2F4080D303
1248D816453581173211C3F71888EC6D7FFF001FFF6F87ADFB4FB300000122F72C62FE2F4080D304
1248D816453881173211C3FC1888E36D7FFF001FFE6F77ADFB4FB300000122F72C62FE2F4080D305
1248D816453781173211C3FB1888DE6D8FFF001FFE6F87ADFB4FB300000122F72C62FE2F4080D306
1248D416453681173211C4001888E66D7FFF001FFF6F87ACFB5FB300000122F72C62FE2F4080C307
1248D816453881173211C3FF1888E96D7FFF001FFE6F87ACFB5FB300000222F72C62FE2F4080D308
1248D416453A81173211C3F81888DE6D7FFF001FFE6F87ADFB6FB300000222F72C62FE304180D309
1248D816453681173211C3FF1888E66D7FFF001FFF6F87ACFB6FB300000122F72C62FE304080D30A
1248D816453581173211C3F81888E36D7FFF001FFF6F87ADFB5FB300000122F72C62FE304080D30B
1248DC16453581173211C3FF1888E36D7FFF001FFE6F87ADFB6FB300000222F72C62FE304080D30C
1248D416453281173211C3FC1888E36D7FFF001FFF6F87ADFB5FB300000122F72C62FE304080C30D
1248D816453381172B11C3FF1888E66D6FFF001FFF6F87ADFB5FB300000122F72C62FE304080C30E
1248D816453581173911C3FC1888E96D7FFF001FFF6F87ADFB6FB300000122F72C62FE304080C30F
1248DC16453981173211C3FB1888E96D6FFF001FFE6F87ADFB5FB300000122F72C62FE304080C310
1248D616453A81173211C3FC1888E66D6FFF001FFE6F77ADFB5FB300000122F72C62FE304080D311
1248D816453381173211C3FB1888E96D6FFF001FFF6F87ADFB6FB300000122F72C62FE304080D312
1248D416453381173211C3FC1888E36D6FFF001FFF6F87ADFB5FB300000122F72C62FE304080C313
1248DC16453581173211C3FF1888E36D6FFF001FFF6F87AEFB5FB300000122F72C62FE304080D314
1248D816453581173211C3FC1888EC6D6FFF001FFF6F87AEFB5FB300000122F72C62FE304080D315
1248D416453581172B11C3FB1888E96D6FFF001FFE6F87AEFB5FB300000122F72C62FE304080D316
1248DC16453581173911C3FC1888E96D6FFF001FFE6F87AEFB5FB300000122F72C62FE304080D317
1248D816453981173211C3F71888E16D6FFF001FFF6F87AEFB6FB300000122F72C62FE304080D318
1248D416453681173211C4001888E96D6FFF001FFF6F87AEFB5FB300000222F72C62FE304080D319
1248D816453581173211C3FF1888DE6D6FFF001FFE6F87AEFB5FB300000222F72C62FE304080C31A
1248D816453381173211C3FC1888E66D6FFF001FFE6F87AEFB5FB300000122F72C62FE304080C31B
1248D816453781173211C3FB1888DE6D5FFF001FFE6F87AEFB5FB300000122F72C62FE304080D31C
1248D816453A81173911C4001888EF6D6FFF001FFF6F87AFFB6FB300000122F72C62FE304080C31D
1248DC16453A81173211C3FB1888E96D6FFF001FFF6F87AFFB5FB300000222F72C62FE304080D31E
1248D416453781173211C3FC1888E16D6FFF001FFF6F87AFFB6FB300000122F72C62FE304080C31F
1248D816453C81173211C3FB1888EF6D6FFF001FFF6F87B0FB5FB300000122F72C62FE304080D320
1248D816453881173511C3FC1888E96D6FFF001FFF6F77B0FB5FB300000122F72C62FE304080D321
1248D416453581173211C3F31888E16D5FFF001FFF6F87B0FB4FB300000122F72C62FE304080D322
1248DC16453281173911C3F81888E36D6FFF001FFF6F87B1FB4FB300000122F72C62FE304080D323
1248D816453881173211C3FB1888E36D6FFF001FFF6F87B1FB4FB300000122F72C62FE304080D324
1248D416453A81173911C3F41888DE6D6FFF001FFE6F87B1FB5FB300000122F72C62FE304080D325
1248DC16453381172B11C3F31888E16D6FFF001FFE6F87B2FB4FB300000222F72C62FE304080D326
1248D816453781173911C3F41888E36D6FFF001FFF6F87B2FB4FB300000122F72C62FE304080C327
1248D816453781173911C3F71888E36D6FFF001FFF6F87B2FB4FB300000222F72C62FE304080D328
1248D816453881173911C3FC1888EC6D6FFF001FFE6F87B3FB5FB300000222F72C62FE304080C329
1248D816453781173211C3FB1888E36D6FFF001FFE6F87B3FB5FB300000122F72C62FE304080D32A
1248D416453C81173911C3FC1888EF6D6FFF001FFE6F87B3FB4FB300000122F72C62FE304080D32B
1248D416453881173211C3FB1888EC6D6FFF001FFF6F87B4FB4FB300000122F72C62FE304080D32C
1248D816453681173911C3F81888EF6D6FFF001FFF6F87B5FB4FB300000122F72C62FE304080D32D
1248D616453581173911C3EB1888EF6D6FFF001FFE6F87B5FB4FB300000122F72C62FE304080D32E
1248D816453D81173911C3EC1888EF6D6FFF001FFE6F87B6FB4FB300000122F72C62FE304080C32F
1248D416453781173911C3E71888E16D6FFF001FFF6F87B6FB5FB300000222F72C62FE304080D330
1248D416453981173911C3E81888DE6D6FFF001FFF6F87B6FB4FB300000122F72C62FE304080D331
1248D416453A81173911C3EB1888DE6D6FFF001FFE6F87B7FB5FB300000222F72C62FE304080D332
1248D816453781173911C3E81888DB6D6FFF001FFF6F87B7FB5FB300000122F72C62FE304080D333
1248D816453581173911C3E81888DE6D6FFF001FFF6F87B7FB4FB300000122F72C62FE304080D334
1248D016453581173911C3E31888DE6D7FFF001FFE6F87B7FB5FB300000122F72C62FE304080D335
1248D416453881174111C3E41888D66D6FFF001FFE6F87B8FB4FB300000222F72C62FE304080D336
1248D416453A81173211C3E31888DE6D6FFF001FFF6F87B7FB5FB300000122F72C62FE304080C337
1248D416453B81174111C3E81888DE6D6FFF001FFE6F87B8FB5FB300000222F72C62FE304080C338
1248D016453681173911C3E31888E36D5FFF001FFE6F87B8FB5FB200000022F72C62FE304080D339
1248D016453581173911C3E01888E16D6FFF001FFE6F87B8FB5FB300000022F72C62FE304080D33A
1248D816453581173911C3DF1888D86D6FFF001FFE6F97B8FB5FB300000222F72C62FE304080D33B
1248D016453981174111C3E01888DE6D6FFF001FFE6F87B8FB5FB300000222F72C62FE304080D33C
1248D416453681173911C3E31888DB6D7FFF001FFD6F87B8FB5FB300000022F72C62FE304080C33D
1248D416453581173911C3E01888D86D6FFF001FFE6F87B8FB5FB300000122F72C62FE304080D33E
1248D016453881173C11C3DB1888D86D7FFF001FFF6F87B9FB5FB300000022F72C62FE304080D33F
1248CB16453381174111C3DB1888D86D7FFF001FFF6F87B9FB5FB300000122F72C62FE304080D340
1248CB16453481173911C3DB1888D66D6FFF001FFF6F87B9FB5FB300000122F72C62FE304080D341
1248C716453181174111C3E41888D86D6FFF001FFF6F87B9FB5FB300000022F72C62FE304080D342
1248C716452C81173911C3E31888D36D6FFF001FFF6F87B9FB5FB300000222F72C62FE304080D343
1248C316453181173911C3E81888DB6D6FFF001FFF6F87B9FB5FB300000122F72C62FE304080D344
1248C316452E81173911C3E71888E36D6FFF001FFE6F67B9FB6FB300000122F72C62FE304080C345
1248C716453181174111C3E41888E36D6FFF001FFE6F87B9FB5FB300000122F72C62FE304080D346
1248C716452E81173911C3E31888DB6D6FFF001FFE6F87B9FB5FB300000122F72C62FE304080D347
1248BF16452E81173911C3E01888D86D6FFF001FFF6F87B9FB5FB300000122F72C62FE304080C348
1248C316452C81174111C3E71888D86D7FFF001FFF6F87B9FB5FB300000122F72C62FE304080C349
1248C316452E81173911C3E41888DE6D6FFF001FFE6F87BAFB5FB300000122F72C62FE304080D34A
1248C616453081173911C3DF1888DB6D6FFF001FFF6F87BAFB5FB300000122F72C62FE304080D34B
1248D016453181174111C3D71888D86D7FFF001FFF6F87BAFB5FB300000122F72C62FE304080D34C
1248C716452C81173911C3D31888C86D6FFF001FFF6F87BAFB5FB300000122F72C62FE304080D34D
1248CB16452F81173911C3D71888CA6D6FFF001FFF6F87B9FB5FB300000222F72C62FE304080C34E
1248CB16453081173911C3DB1888C86D6FFF001FFE6F87BAFB5FB300000122F72C62FE304080D34F
1248C316453881173911C3D71888D36D6FFF001FFE6F87B9FB6FB300000122F72C62FE304080D350
1248C716453281174111C3DB1888D06D6FFF001FFF6F87B9FB5FB300000122F72C62FE304080C351
1248C316453081173911C3D71888D36D6FFF001FFF6F87B9FB5FB300000022F72C62FE304080D352
1248C716453081173911C3DF1888CD6D6FFF001FFE6F87B9FB5FB300000122F72C62FE304080D353
1248C316453481173911C3DB1888CD6D7FFF001FFE6F87B9FB5FB300000122F72C62FE304080D354
1248C316453381173911C3DF1888D06D6FFF001FFE6F87B8FB5FB300000122F72C62FE304080C355
1248C316453381173911C3E01888D36D7FFF001FFE6F87B8FB5FB300000122F72C62FE304080C356
1248BF16453281173911C3E31888D36D7FFF001FFF6F87B8FB5FB300000122F72C62FE304080D357
1248BF16452C81173911C3E01888D66D6FFF001FFF6F87B8FB5FB300000222F72C62FE304080C358
1248C316452781173211C3E31888D36D7FFF001FFF6F87B7FB6FB300000122F72C62FE304080D359
1248BB16452C81173911C3E41888D86D7FFF001FFF6F87B7FB5FB300000122F72C62FE304080D35A
1248BF16452981173211C3E71888D06D6FFF001FFE6FB7B7FB5FB300000122F72C62FE304080D35B
1248BF16452981173211C3E01888D86D7FFF001FFD6F87B6FB5FB300000122F72C62FE304080D35C
1248BF16452781173911C3E71888D86D7FFF001FFE6F87B6FB5FB300000122F72C62FE304080D35D
1248BF16452981173211C3E01888D36D6FFF001FFF6F87B5FB5FB300000222F72C62FE304080D35E
1248BF16452781172D11C3E31888D66D7FFF001FFE6F87B5FB6FB300000222F72C62FE304080D35F
1248BB16452981173211C3E41888CD6D7FFF001FFE6F87B5FB5FB300000122F72C62FE304080D360
1248BB16452B81173211C3DF1888D36D7FFF001FFE6F87B4FB5FB300000122F72C62FE304080D361
1248BB16452A81173211C3DB1888D06D7FFF001FFD6F87B4FB5FB300000122F72C62FE304080D362
1248C316452B81172B11C3DB1888CD6D7FFF001FFE6F87B4FB5FB300000122F72C62FE304080D363
1248BF16452A81172B11C3D71888C86D7FFF001FFF6F87B3FB6FB300000022F72C62FE304080C364
1248BF16452B81172B11C3CF1888CA6D7FFF001FFF6F87B2FB5FB300000022F72C62FE304080D365
1248C316452A81172B11C3D31888C26D6FFF001FFE6F87B2FB5FB300000222F72C62FE304080D366
1248C316452E81172311C3CF1888C26D6FFF001FFD6F87B2FB5FB300000122F72C62FE304080D367
1248C316453081172B11C3D31888C86D7FFF001FFE6F87B1FB6FB300000022F72C62FE304080D368
1248BF16453081172311C3D31888BF6D7FFF001FFF6F87B1FB5FB300000122F72C62FE2F4180D369
1248BF16452981172311C3CF1888C86D7FFF001FFF6F87B1FB5FB300000122F72C62FE2F4080D36A
1248C216452681172B11C3D31888C86D7FFF001FFF6F87B0FB5FB300000122F72C62FE2F4080D36B
1248BB16452981171C11C3C71888BF6D7FFF001FFF6F77AFFB5FB300000022F72C62FE2F4080D36C
1248BB16452F81172311C3CF1888BC6D7FFF001FFF6F87AFFB5FB300000122F72C62FE2F4080C36D
1248BF16452C81171C11C3CB1888B76D7FFF001FFF6F87AEFB4FB300000122F72C62FE2F4080D36E
1248C316452A81171C11C3D31888BA6D7FFF001FFE6F87ADFB5FB300000122F72C62FE2F4080D36F
1248BF16452B81171C11C3D31888BC6D7FFF001FFE6F87ADFB4FB300000122F72C62FE2F4080D370
1248BF16452A81171C11C3D31888C26D7FFF001FFF6F87ACFB4FB300000122F72C62FE2F4080D371
1248BB16451F81171C11C3D71888C86D7FFF001FFF6F77ABFB5FB300000122F72C62FE2F4080D372
1248B716451B81171411C3D31888C56D7FFF001FFE6F87ABFB4FB300000122F72C62FE2F4080C373
1248B716451F81171411C3D71888C86D8FFF001FFD6F77AAFB5FB300000122F72C62FE2F4080D374
1248BB16452781171411C3DF1888C86D7FFF001FFE6F87A9FB5FB300000222F72C62FE2F4080D375
1248BF16452481170D11C3DB1888CA6D8FFF001FFF6F87A9FB4FB300000122F72C62FE2F4080D376
1248BF16452781171C11C3DB1888BC6D8FFF001FFF6F87A8FB4FB300000022F72C62FE2F4080D377
1248BF16452781170D11C3DB1888CD6D7FFF001FFF6F87A7FB4FB300000122F72C62FE2F4080D378
1248BF16452981170D11C3DF1888CA6D7FFF001FFF6F87A7FB4FB300000122F72C62FE2F4080D379
1248C716452781171011C3DB1888CD6D8FFF001FFE6F87A6FB4FB300000122F72C62FE2F4080D37A
1248C316452581170611C3DB1888CD6D8FFF001FFE6F87A5FB4FB300000122F72C62FE2F4080D37B
1248BF16452281170D11C3DB1888D36D7FFF001FFE6F87A4FB4FB300000222F72C62FE2F4080C37C
1248C316452781170611C3DB1888D06D7FFF001FFE6F87A3FB4FB300000222F72C62FE2F4080D37D
1248BB16452A81170611C3E41888CD6D8FFF001FFE6F87A2FB4FB300000122F72C62FE2F4080C37E
1248C31645248116FE11C3DF1888C86D7FFF001FFD6F87A2FB4FB300000122F72C62FE2F4080C37F
1248BF16452781170611C3E01888D66D7FFF001FFD6F77A1FB5FB300000122F72C62FE2F4080D380
1248C316452A8116FE11C3DF1888D36D7FFF001FFE6F77A0FB4FB300000122F72C62FE2F4080D381
1248BF16452B81170611C3E01888CD6D7FFF001FFF6F879FFB4FB300000122F72C62FE2F4080D382
1248C31645278116F711C3DF1888D06D7FFF001FFF6F879FFB4FB300000122F72C62FE2F4080D383
1248C31645298116FE11C3E41888D36D7FFF001FFF6F879EFB5FB300000022F72C62FE2F4080C384
1248C316452A8116F711C3DF1888CD6D7FFF001FFE6F879EFB4FB300000122F72C62FE2F4080D385
1248C316452E8116FE11C3E41888D36D7FFF001FFF6F879EFB5FB300000122F72C62FE2F4080D386
1248C71645298116F011C3E31888D06D7FFF001FFF6F879DFB4FB300000122F72C62FE2F4080D387
1248C31645298116F711C3E41888D36D7FFF001FFF6F879CFB5FB300000122F72C62FE2F4080D388
1248CB16452F8116F711C3E31888D36D7FFF001FFE6F879CFB4FB300000122F72C62FE2F4080C389
1248C31645298116F011C3E41888D06D8FFF001FFE6F879CFB4FB300000122F72C62FE2F4080D38A
1248CE16452C8116F711C3DF1888CD6D7FFF001FFF6F879CFB4FB300000122F72C62FE2F4080D38B
1248D01645298116F011C3E41888CD6D7FFF001FFF6F879CFB5FB300000222F72C62FE2F4080C38C
1248CB1645258116F011C3E41888D06D7FFF001FFE6F879CFB4FB300000122F72C62FE2F4080D38D
1248CB16452D8116E811C3E31888D36D7FFF001FFE6F879CFB5FB300000122F72C62FE2F4080D38E
1248CB16452C8116F011C3E81888D86D6FFF001FFF6F879CFB4FB300000122F72C62FE2F4080C38F
1248CB16452A8116E811C3E71888D36D7FFF001FFF6F879CFB4FB300000122F72C62FE2F4080C390
1248D016452B8116E811C3E81888D66D7FFF001FFF6F879CFB5FB300000222F72C62FE2F4080D391
1248CB16452A8116E411C3E71888D86D8FFF001FFE6F879CFB5FB300000122F72C62FE2F4080D392
1248CB16452F8116E811C3EC1888DE6D8FFF001FFE6F879CFB4FB300000022F72C62FE2F4080D393
1248C716452C8116E811C3E71888D06D7FFF001FFE6F879DFB5FB300000122F72C62FE2F4080D394
1248CB16452A8116E111C3E41888CD6D8FFF001FFF6F879DFB4FB300000122F72C62FE2F4080D395
1248C71645318116E811C3EF1888D86D8FFF001FFF6F879DFB4FB300000022F72C62FE2F4080D396
1248D016452A8116DA11C3E81888D66D8FFF001FFE6F879EFB4FB300000122F72C62FE2F4080D397
1248D016452C8116E111C3E71888DE6D8FFF001FFE6F979EFB5FB300000222F72C62FE2F4080D398
1248D416452C8116E111C3E81888D36D8FFF001FFF6F879FFB5FB300000122F72C62FE2F4080D399
1248D016452B8116E111C3EF1888D36D8FFF001FFF6F879FFB5FB300000122F72C62FE2F4080D39A
1248D016452A8116DA11C3E81888D66D8FFF001FFF6F879FFB4FB400000122F72C62FE2F4080D39B
1248D016452B8116E111C3EB1888D86D9FFF001FFE6F87A0FB4FB400000122F72C62FE2F4080C39C
1248D416452F8116DA11C3E81888D86D8FFF001FFE6F87A0FB4FB400000222F72C62FE2F4080D39D
1248D01645298116DA11C3E71888D66D8FFF001FFF6F87A1FB4FB400000122F72C62FE2F4080C39E
1248D416452C8116DA11C3EC1888DE6D8FFF001FFF6F87A1FB4FB400000122F72C62FE2F4080D39F
1248D41645308116DA11C3E71888D36D8FFF001FFF6F87A1FB4FB400000122F72C62FE2F4080D3A0
1248D41645308116DA11C3E81888D66D8FFF001FFE6F87A1FB4FB400000222F72C62FE2F4080D3A1
1248D41645308116D211C3E71888D36D8FFF001FFE6F87A1FB4FB400000122F72C62FE2F4080D3A2
1248D41645288116DA11C3E81888D86D7FFF001FFF6F87A1FB4FB400000122F72C62FE2F4080D3A3
1248D41645298116D211C3E71888D86D8FFF001FFF6F87A0FB4FB400000122F72C62FE2F4080D3A4
1248D416452B8116DA11C3EC1888DB6D7FFF001FFF6F87A1FB4FB400000122F72C62FE2F4080C3A5
1248D416452F8116D211C3E71888D86D8FFF001FFE6F87A0FB5FB400000222F72C62FE2F4080D3A6
1248D416452C8116D511C3E81888D36D7FFF001FFE6F879FFB5FB400000122F72C62FE2F4080D3A7
1248D616452A8116D211C3EB1888DB6D8FFF001FFF6F879FFB4FB400000122F72C62FE2F4080D3A8
1248D416452B8116D211C3E81888DE6D8FFF001FFF6F879FFB5FB400000122F72C62FE2F4080C3A9
1248D016452B8116D211C3EB1888D36D8FFF001FFE6F879EFB4FB400000122F72C62FE2F4080D3AA
1248D01645248116D211C3EC1888DB6D7FFF001FFE6F879EFB4FB400000122F72C62FE2F4080D3AB
1248D01645278116D211C3EB1888D36D7FFF001FFE6F879EFB4FB400000222F72C62FE2F4080D3AC
1248D416452F8116D211C3F01888D36D8FFF001FFE6F879DFB4FB400000122F72C62FE2F4080C3AD
1248CB1645288116D211C3EB1888DE6D7FFF001FFF6F879DFB4FB400000122F72C62FE2F4080D3AE
1248D016452D8116CB11C3F01888D66D7FFF001FFE6F879DFB5FB400000122F72C62FE2F4080C3AF
1248CB16452C8116DA11C3EF1888D36D7FFF001FFE6F879CFB4FB400000122F72C62FE2F4080D3B0
1248CB16452A8116CB11C3F01888D86D7FFF001FFF6F879CFB4FB400000122F72C62FE2F4080D3B1
1248CB1645288116D211C3EF1888DB6D7FFF001FFF6F879CFB4FB300000222F72C62FE2F4080D3B2
1248CB1645298116D211C3EC1888CD6D7FFF001FFF6F879CFB4FB300000222F72C62FE2F4080C3B3
1248D016452F8116D211C3EB1888DE6D6FFF001FFE6F879CFB3FB300000022F72C62FE2F4080D3B4
1248D01645308116D211C3F01888DB6D7FFF001FFE6F879CFB3FB300000122F72C62FE2F4080D3B5
1248D016452C8116D211C3F31888D86D7FFF001FFE6F879CFB4FB300000122F72C62FE2F4080D3B6
1248CB16452B8116D211C3F41888D86D7FFF001FFF6F879CFB3FB300000122F72C62FE2F4080D3B7
1248D416452A8116CB11C3EF1888D36D7FFF001FFF6F879CFB3FB300000222F72C62FE2F4080D3B8
1248D41645268116DA11C3F41888DB6D7FFF001FFF6F879CFB3FB300000122F72C62FE2F4080D3B9
1248D01645258116D211C3F31888DE6D7FFF001FFE6F879BFB3FB300000122F72C62FE2F4080D3BA
1248CB1645298116D511C3F81888DE6D8FFF001FFE6F979BFB3FB300000122F72C62FE2F4080D3BB
1248D41645278116CB11C3F31888DB6D7FFF001FFD6F879BFB4FB300000022F72C62FE2F4080D3BC
1248D01645298116D211C3F41888D36D7FFF001FFE6F879BFB3FB300000122F72C62FE2F4080D3BD
1248D016452E8116D211C3F31888D86D8FFF001FFF6F879BFB4FB300000122F72C62FE2F4080D3BE
1248D01645298116D211C3F81888D86D8FFF001FFF6F879BFB4FB300000222F72C62FE2F4080D3BF
1248D01645298116D211C3F71888E66D8FFF001FFF6F879BFB4FB300000022F72C62FE2F4080D3C0
1248CB1645278116DA11C3F81888DE6D8FFF001FFF6F879BFB3FB300000022F72C62FE2F4080D3C1
1248CB16452C8116D211C3F71888D86D7FFF001FFF6F879AFB3FB300000222F72C62FE2F4080D3C2
1248D01645298116D211C3F41888DB6D8FFF001FFE6F879AFB3FB300000122F72C62FE2F4080D3C3
1248CB16452C8116D211C3FB1888D86D8FFF001FFE6F879AFB3FB300000122F72C62FE2F4080D3C4
1248CB16452C8116DA11C3F41888DE6D7FFF001FFE6F879AFB3FB300000222F72C62FE2F4080D3C5
1248CE1645268116DA11C3FB1888DB6D8FFF001FFF6F8799FB3FB300000122F72C62FE2F4080D3C6
1248D01645298116D211C3F41888DE6D8FFF001FFF6F7799FB3FB300000222F72C62FE2F4080D3C7
1248D01645288116DA11C3F71888DE6D8FFF001FFE6F8799FB3FB300000122F72C62FE2F4080D3C8
1248CB1645298116D211C3F41888D86D8FFF001FFE6F8799FB3FB300000222F72C62FE2F4080C3C9
1248C71645248116E111C3EF1888E16D8FFF001FFF6F8799FB4FB300000122F72C62FE2F4080D3CA
1248C31645278116DA11C3FC1888DE6D8FFF001FFF6F8799FB3FB300000122F72C62FE2F4080D3CB
1248C31645278116DA11C3F31888D86D9FFF001FFF6F8798FB4FB300000122F72C62FE2F4080D3CC
1248C71645258116DA11C3F81888D66D8FFF001FFE6F8798FB3FB300000122F72C62FE2F4080D3CD
1248CB1645258116E111C3F31888DE6D8FFF001FFE6F8799FB3FB300000122F72C62FE2F4080C3CE
1248C31645258116E111C3F41888DE6D8FFF001FFF6F8798FB3FB300000222F72C62FE2F4080D3CF
1248CB1645258116DC11C3F71888D66D8FFF001FFF6F8799FB3FB300000122F72C62FE2F4080D3D0
1248C31645298116E111C3FC1888DE6D8FFF001FFF6F8799FB3FB300000122F72C62FE2F4080C3D1
1248D01645268116E811C3F71888DE6D9FFF001FFE6F9799FB3FB300000122F72C62FE2F4080D3D2
1248C71645298116E111C3F41888D86D9FFF001FFE6F8799FB3FB300000022F72C62FE2F4080D3D3
1248C716452B8116E111C3F71888DB6D8FFF001FFE6F8799FB3FB300000222F72C62FE2F4080C3D4
1248C71645278116E811C3F41888D86D8FFF001FFE6F8799FB3FB300000122F72C62FE2F4080D3D5
1248C71645258116E811C3F31888DE6D8FFF001FFE6F879AFB3FB300000222F72C62FE2F4080D3D6
1248C71645258116E811C3F81888DB6D8FFF001FFF6F879BFB3FB300000122F72C62FE2F4080D3D7
1248C71645298116E811C3F71888D86D8FFF001FFE6F879AFB3FB300000122F72C62FE2F4080C3D8
1248C71645278116E111C3F81888DE6D7FFF001FFF6F879BFB3FB300000122F72C62FE2F4080D3D9
1248C71645298116FE11C3F71888E16D8FFF001FFF6F879BFB3FB300000022F72C62FE2F4080D3DA
1248CB16452A8116E811C3F81888DE6D8FFF001FFF6F879BFB3FB300000122F72C62FE2F4080D3DB
1248C716452B8116F011C3F31888D86D7FFF001FFE6F879CFB3FB300000122F72C62FE2F4080D3DC
1248C316452B8116F011C3F41888DE6D8FFF001FFE6F879CFB3FB300000022F72C62FE2F4080D3DD
1248C31645208116F011C3F31888D66D7FFF001FFF6F879CFB3FB300000222F72C62FE2F4080C3DE
1248C31645268116F711C3F41888DE6D7FFF001FFF6F879DFB3FB300000222F72C62FE2F4080D3DF
1248BF16452A8116F011C3EF1888DE6D8FFF001FFE6F879EFB3FB300000122F72C62FE304180D3E0
1248C316452E8116F711C3F41888DB6D8FFF001FFD6F879EFB3FB300000122F72C62FE304080D3E1
1248C31645298116F711C3EB1888E36D7FFF001FFE6F879FFB4FB200000122F72C62FE304080D3E2
1248C31645258116F711C3F41888D86D7FFF001FFF6F87A0FB4FB100000122F72C62FE304080D3E3
1248C31645258116FE11C3F31888D86D8FFF001FFF6F87A0FB4FB100000122F72C62FE304080D3E4
1248C216452C8116F711C3EC1888DB6D7FFF001FFE6F87A0FB5FB100000122F72C62FE304080D3E5
1248C316452C81170111C3F31888DE6D8FFF001FFE6F87A1FB4FB100000122F72C62FE304080D3E6
1248C316452B8116F711C3F41888D86D7FFF001FFE6F87A2FB4FB100000122F72C62FE304080D3E7
1248C316452681170611C3F31888DB6D8FFF001FFF6F87A2FB4FB100000122F72C62FE304080D3E8
1248C31645298116FE11C3F01888DE6D8FFF001FFF6F87A3FB5FB100000122F72C62FE304080C3E9
1248C31645268116FE11C3EF1888DE6D8FFF001FFF6F87A3FB4FB100000122F72C62FE304080D3EA
1248BF16452581170611C3F01888DB6D8FFF001FFF6F87A4FB5FB100000222F72C62FE304080C3EB
1248C31645298116FE11C3EF1888D86D8FFF001FFD6F87A4FB4FB100000222F72C62FE304080D3EC
1248C316452A81170D11C3F41888DE6D7FFF001FFE6F87A5FB4FB100000022F72C62FE304080C3ED
1248BF16452681170611C3EF1888D86D7FFF001FFF6F87A5FB5FB100000022F72C62FE304080D3EE
1248C316452981170611C3F41888E16D7FFF001FFF6F87A6FB4FB100000122F72C62FE304080C3EF
1248C316452881170611C3F31888DE6D7FFF001FFF6F77A7FB4FB100000122F72C62FE304080D3F0
1248C716452981170D11C3F41888E36D8FFF001FFE6F87A6FB4FB100000122F72C62FE304080C3F1
1248BF16452481170D11C3F31888D66D7FFF001FFE6F87A7FB4FB100000122F72C62FE304080D3F2
1248C316452381170D11C3EC1888E36D7FFF001FFF6F87A8FB4FB100000122F72C62FE304080D3F3
1248BB16452981171411C3EF1888D86D8FFF001FFE6F87A8FB4FB100000122F72C62FE304080D3F4
1248BF16452B81170D11C3F01888E16D8FFF001FFE6F87A9FB4FB100000122F72C62FE304080D3F5
1248BF16452781170D11C3EB1888D86D7FFF001FFF6F77AAFB4FB100000122F72C62FE304080D3F6
1248BF16452581171411C3EC1888E36D7FFF001FFF6F87AAFB4FB100000122F72C62FE304080D3F7
1248BF16452281171411C3EF1888E36D7FFF001FFE6F87ABFB4FB100000122F72C62FE304080D3F8
1248BB16452781171411C3F41888DB6D8FFF001FFE6F87ABFB5FB100000222F72C62FE304080D3F9
1248BF16452A81171411C3EF1888E36D8FFF001FFF6F87ABFB5FB100000222F72C62FE304080D3FA
1248C316452B81171C11C3F01888DE6D8FFF001FFF6F87ACFB5FB200000122F72C62FE304080D3FB
1248BF16452E81171411C3EB1888E16D8FFF001FFE6F87ACFB5FB200000222F72C62FE304080D3FC
1248BF16452981171C11C3E81888D36D8FFF001FFE6F87ADFB5FB200000022F72C62FE304080D3FD
1248BF16452981171C11C3E71888D86D7FFF001FFE6F87ADFB5FB200000122F72C62FE304080D3FE
1248C316452A81171C11C3E41888D66D8FFF001FFF6F87AEFB5FB200000022F72C62FE304080D3FF
1248CB16452E81171F11C3DF1888CD6D7FFF001FFF6F87AEFB5FB200000222F72C62FE304080D300
1248C316452C81171C11C3DB1888C26D7FFF001FFF6F67AEFB5FB200000222F72C62FE304080D301
1248C716452E81172311C3D71888C86D7FFF001FFE6F87AFFB6FB200000122F72C62FE304080D302
1248C316452C81172311C3E01888CA6D8FFF001FFE6F87AFFB6FB200000122F72C62FE304080D303
1248C216452681172311C3D71888CD6D7FFF001FFF6F77B0FB5FB200000222F72C62FE304080D304
1248C316452581172311C3E01888CD6D7FFF001FFF6F87B1FB5FB200000122F72C62FE304080C305
1248BB16452381172B11C3D71888CA6D7FFF001FFE6F97B1FB5FB200000122F72C62FE304080D306
1248B716451C81172311C3E01888D36D6FFF001FFE6F87B1FB5FB200000222F72C62FE304080D307
1248BB16451B81172B11C3DB1888C86D7FFF001FFF6F87B2FB5FB200000122F72C62FE304080D308
1248B216451B81172311C3E01888D06D7FFF001FFF6F87B4FB5FB200000122F72C62FE304080D309
1248AA16451481173211C3DF1888C86D6FFF001FFF6F87B3FB5FB200000222F72C62FE304080D30A
1248AA16451181172B11C3DB1888CD6D7FFF001FFE6F77B5FB6FB200000122F72C62FE304080D30B
1248A616451581172B11C3DF1888D36D7FFF001FFE6F87B5FB5FB200000222F72C62FE304080D30C
1248AA16451681172B11C3D71888CA6D7FFF001FFE6F87B5FB5FB200000222F72C62FE304080D30D
1248AA16451A81173211C3D31888C86D6FFF001FFF6F87B7FB5FB200000222F72C62FE304080D30E
1248AE16451C81173211C3CF1888C26D6FFF001FFF6F87B8FB5FB200000122F72C62FE304080D30F
1248AE16451E81173211C3CB1888BF6D7FFF001FFE6F87B8FB6FB200000122F72C62FE304080D310
1248B216452081173211C3C71888B76D7FFF001FFF6F87B8FB5FB200000122F72C62FE304080D311
1248B716451881173211C3CB1888B76D6FFF001FFF6F87B9FB5FB200000122F72C62FE304080D312
1248A616450F81173911C3CF1888BF6D6FFF001FFF6F87BAFB4FB200000122F72C62FE304080D313
1248A216450F81173211C3CF1888C86D7FFF001FFF6F87BAFB3FB300000122F72C62FE304080D314
1248A216450E81173911C3CB1888C26D7FFF001FFE6F77BBFB3FB300000022F72C62FE304080D315
12489916450F81174111C3C31888B16D7FFF001FFD6F87BBFB3FB300000122F72C62FE304080D316
12489916450E81173911C3BB1888A96D6FFF001FFE6F87BBFB3FB300000222F72C62FE304080D317
12489916450881173911C3BB1888A66D6FFF001FFF6F87BCFB3FB300000122F72C62FE304080D318
12489916450B81174111C3BF1888B16D6FFF001FFF6F87BDFB3FB300000122F72C62FE304080D319
12489916450881173911C3C71888AE6D6FFF001FFF6F87BDFB3FB300000122F72C62FE304080D31A
12489916450481174111C3C31888B76D6FFF001FFD6F87BEFB3FB300000022F72C62FE304080D31B
1248911644FC81174111C3BF1888B16D6FFF001FFE6F87BEFB3FB300000122F72C62FE304080D31C
1248911644FF81174B11C3C71888AE6D6FFF001FFE6F87BEFB3FB300000222F72C62FE304080D31D
12488D1644FF81173911C3BF1888B16D6FFF001FFE6F87BFFB3FB300000122F72C62FE304080D31E
12489116450081174811C3BB1888B16D6FFF001FFE6F87BFFB3FB300000222F72C62FE304080D31F
1248951644FF81174811C3B71888B16D6FFF001FFF6F87BFFB3FB300000122F72C62FE304080D320
12489116450081174111C3BF1888AE6D7FFF001FFF6F87BFFB3FB300000122F72C62FE304080D321
12488D1644FF81174811C3B71888A66D6FFF001FFE6F87C0FB3FB300000022F72C62FE304080D322
1248891644FD81174F11C3BB1888AC6D6FFF001FFE6F87C0FB3FB300000122F72C62FE304080D323
12488D1644FA81174811C3BB1888AE6D6FFF001FFE6F87C0FB3FB300000122F72C62FE304080D324
1248891644F881174F11C3B71888A66D7FFF001FFF6F87C0FB3FB300000122F72C62FE304080C325
1248891644FC81174811C3BB1888AC6D6FFF001FFF6F87C0FB3FB300000222F72C62FE304080D326
12488D16450181175711C3B21888A96D7FFF001FFF6F87C0FB4FB300000222F72C62FE304080D327
12488916450281174811C3B71888AC6D6FFF001FFF6F87C1FB3FB300000122F72D62FE304180D328
1248911644FF81175711C3B71888A16D6FFF001FFF6F87C1FB4FB300000222F72D62FE304080D329
1248891644FD81174F11C3B71888A96D7FFF001FFF6F87C1FB3FB300000122F72D62FE304080D32A
1248901644FD81174F11C3B21888A66D7FFF001FFF6F77C1FB4FB200000022F72D62FE304080D32B
12488D16450081175711C3B71888AC6D7FFF001FFF6F77C2FB4FB200000022F72D62FE304080C32C
1248911644FF81174F11C3B71888A66D7FFF001FFF6F87C1FB4FB200000122F72D62FE304080C32D
12488D1644FD81175711C3BF1888A96D6FFF001FFE6F87C2FB4FB200000222F72D62FE304080D32E
12488D1644FA81175711C3BB1888AC6D7FFF001FFF6F77C2FB4FB200000122F72D62FE304080D32F
12488D1644FF81175E11C3B71888B16D7FFF001FFF6F87C2FB4FB200000022F72D62FE304080D330
1248911644FF81174F11C3B71888AE6D7FFF001FFF6F87C2FB4FB200000222F72D62FE304080D331
12488D1644FD81175E11C3B71888A66D7FFF001FFF6F87C2FB4FB200000122F72D62FE304080D332
12489516450581175711C3B71888A66D8FFF001FFE6F87C2FB4FB200000122F72D62FE304080D333
12489516450581175E11C3B71888AE6D7FFF001FFD6F87C3FB4FB200000122F72D62FE304080D334
1248911644FE81175E11C3B71888AC6D7FFF001FFE6F77C3FB4FB200000222F72D62FE304080D335
1248951644FD81175E11C3B71888AC6D7FFF001FFF6F87C3FB4FB200000122F72D62FE304080D336
12489916450081175711C3B71888A96D7FFF001FFF6F87C3FB5FB200000222F72D62FE304080D337
12489516450281175E11C3B71888AC6D8FFF001FFF6F87C4FB4FB200000122F72D62FE304080D338
12489516450281175E11C3BB1888AC6D7FFF001FFD6F87C4FB4FB200000122F72D62FE304080D339
1248951644FF81175E11C3BB1888B16D7FFF001FFE6F87C4FB4FB200000222F72D62FE304080D33A
12489516450481176511C3B71888AE6D8FFF001FFF6F87C4FB5FB200000122F72D62FE304080D33B
12489116450081175711C3BB1888AC6D7FFF001FFF6F87C4FB4FB200000122F72D62FE304080D33C
12488D1644FD81176511C3B71888AC6D7FFF001FFF6F87C4FB4FB200000122F72D62FE304080D33D
12489116450181175E11C3B31888AE6D7FFF001FFF6F77C5FB4FB200000122F72D62FE304080D33E
12488D16450381176511C3AE1888A66D7FFF001FFE6F87C4FB4FB200000122F72D62FE304080C33F
12489516450281175E11C3B31888A66D7FFF001FFE6F87C4FB5FB200000022F72D62FE304080D340
1248911644FB81176111C3B71888A96D8FFF001FFE6F87C5FB5FB200000122F72D62FE304080D341
1248911644FF81176511C3B31888A66D7FFF001FFF6F87C5FB4FB200000122F72D62FE304080D342
12489116450281175E11C3B71888A66D7FFF001FFF6F87C4FB5FB300000222F72D62FE304080D343
12489916450581176511C3B71888A66D8FFF001FFF6F87C4FB5FB400000122F72D62FE304080D344
12489116450481175E11C3B71888A96D8FFF001FFE6F87C4FB5FB400000122F72D62FE304080D345
12488D16450581175E11C3B31888A66D7FFF001FFE6F87C4FB5FB400000222F72D62FE304080D346
12489916450081176511C3B71888B16D8FFF001FFF6F87C4FB5FB400000122F72D62FE304080D347
12489116450081175E11C3BB1888A96D7FFF001FFE6F87C4FB5FB400000122F72D62FE304080D348
1248911644FB81176511C3B71888A66D7FFF001FFE6F87C4FB6FB400000122F72D62FE304080C349
12489916450681175E11C3BB1888B16D8FFF001FFE6F87C3FB5FB400000122F72D62FE304080D34A
12489916450981175E11C3B31888AE6D7FFF001FFF6F87C3FB6FB400000222F72D62FE304080D34B
12489916450881176511C3B71888AC6D7FFF001FFF6F87C3FB6FB300000222F72D62FE304080C34C
12489916450781175E11C3BF1888AC6D8FFF001FFF6F87C2FB5FB400000122F72D62FE304080D34D
12489916450781175E11C3BF1888AE6D7FFF001FFE6F87C2FB5FB400000022F72D62FE304080D34E
12489116450781175E11C3BF1888AC6D7FFF001FFD6F87C2FB5FB400000122F72D62FE304080D34F
12489916450081176511C3B71888AC6D8FFF001FFD6F87C1FB6FB400000122F72D62FE304080D350
12489916450481175E11C3BB1888A66D7FFF001FFF6F87C1FB5FB400000122F72D62FE304080D351
12489516450781175E11C3B71888AE6D8FFF001FFF6F87C1FB5FB400000122F72D62FE304080D352
12489E16450781175711C3BF1888A66D7FFF001FFF6F87C0FB5FB400000122F72D62FE304080C353
12489E16450481175E11C3BF1888AC6D7FFF001FFE6F97C0FB5FB400000222F72D62FE304080D354
12489C16450581175E11C3BF1888A96D7FFF002FFF6F87C0FB5FB400000222F72D62FE304080D355
12489E16450B81175E11C3C31888AC6D7FFF001FFF6F87C0FB5FB400000122F72D62FE304080C356
12489E16450D81175711C3BF1888AC6D7FFF001FFE6F87C0FB5FB400000122F72D62FE304080D357
12489E16450881175711C3BB1888B46D8FFF001FFD6F87BFFB5FB400000122F72D62FE304080D358
12489516450781175711C3B71888B16D8FFF001FFD6F87BFFB5FB400000122F72D62FE304080D359
12489916450781175711C3BB1888AC6D7FFF001FFF6F87BFFB5FB400000122F72D62FE304080D35A
12489916450781174F11C3B71888A96D8FFF001FFF6F87BFFB6FB400000222F72D62FE304080D35B
12489916450A81175711C3BB1888A66D8FFF001FFF6F97BEFB5FB400000122F72D62FE304080D35C
12489516450981174F11C3BF1888A66D8FFF001FFE6F77BEFB4FB400000122F72D62FE304080D35D
12489916450A81174811C3BB1888B16D8FFF001FFE6F87BDFB4FB400000122F72D62FE304080D35E
12489E16450981174F11C3BB1888AE6D8FFF001FFF6F87BEFB4FB400000022F72D62FE304080D35F
1248A216450A81174F11C3BF1888A66D8FFF001FFF6F87BDFB4FB400000022F72D62FE304080D360
1248A616451081174811C3BB1888A66D8FFF001FFF6F87BCFB4FB400000122F72D62FE304080D361
12489E16450F81174811C3BB1888A96D8FFF001FFF6F87BCFB4FB400000122F72D62FE304080D362
1248A616450C81174111C3BB1888A66D9FFF001FFE6F87BBFB4FB400000122F72D62FE304080D363
1248AA16451081174811C3BB1888A66D8FFF001FFE6F77BBFB5FB400000122F72D62FE304080D364
1248A216450981174111C3B71888AE6D8FFF001FFE6F87BBFB5FB400000122F72D62FE304080D365
1248A216450781174311C3B71888A66D9FFF001FFE6F87BAFB4FB400000122F72D62FE304080D366
12489916450381173911C3B71888A66D9FFF001FFF6F87BAFB4FB400000122F72D62FE304080D367
12489E16450A81174111C3B71888A66D9FFF001FFF6F77B9FB4FB400000122F72D62FE304080D368
12489916450881173211C3BB1888A96D9FFF001FFE6F87B9FB5FB400000122F72D62FE304080D369
12489E16450781173911C3BB1888B16D9FFF001FFD6F87B9FB5FB400000122F72D62FE304080D36A
12489E16450A81173911C3BF1888A66D9FFF001FFE6F87B8FB4FB400000122F72D62FE304080D36B
12489516450C81173211C3BB1888A96D9FFF001FFF6F87B8FB4FB400000122F72D62FE304080D36C
12489516450881172B11C3BF1888A66D9FFF001FFF6F87B8FB4FB400000122F72D62FE304080D36D
1248A216450781173211C3BF1888AC6D9FFF001FFF6F87B7FB4FB400000222F72D62FE304080D36E
1248A216450B81172B11C3BF1888AE6D9FFF001FFF6F87B8FB4FB400000122F72D62FE304080D36F
1248A216450881172B11C3BF1888A66D9FFF001FFE6F87B8FB5FB400000022F72D62FE304080D370
1248A616450B81172B11C3BF1888A66D9FFF001FFE6F87B8FB4FB400000122F72C62FE304180D371
1248A616450F81172311C3BF1888AE6D9FFF001FFE6F87B7FB4FB400000122F72C62FE304080D372
1248A616450A81171C11C3BB1888B16D9FFF001FFF6F87B8FB5FB400000222F72C62FE304080D373
1248A616450E81172311C3BF1888A66D9FFF001FFF6F87B8FB5FB300000122F72C62FE304080D374
1248AA16450E81172311C3BF1888AC6D9FFF001FFF6F87B8FB5FB300000122F72C62FE304080D375
12489E16450F81171C11C3C31888B46D9FFF001FFF6F77B8FB5FB300000022F72C62FE304080D376
1248A616450E81171C11C3BF1888B16D9FFF001FFF6F97B8FB5FB300000222F72C62FE304080D377
1248AA16451681171411C3BF1888AC6D8FFF001FFF6F87B9FB5FB300000122F72C62FE304080D378
1248AA16451881171C11C3C31888AE6D8FFF001FFE6F77B9FB6FB300000122F72C62FE304080D379
1248B216451781171411C3BF1888B16D8FFF001FFF6F87B9FB5FB300000022F72C62FE304080D37A
1248B116451281170D11C3C31888B16D8FFF001FFF6F87B9FB5FB300000122F72C62FE304080D37B
1248B716451581171411C3BF1888AE6D8FFF001FFE6F77B9FB6FB300000222F72C62FE304080D37C
1248BF16451D81170D11C3C31888AC6D8FFF001FFE6F77B9FB5FB300000122F72C62FE304080C37D
1248C316451D81170D11C3C31888B16D8FFF001FFE6F87B9FB5FB300000122F72C62FE304080D37E
1248C716452281170611C3C71888B46D8FFF001FFF6F77B9FB5FB300000122F72C62FE304080C37F
1248C716452281170D11C3BF1888AC6D7FFF001FFF6F87B9FB5FB300000122F72C62FE304080D380
1248D016452081170611C3C71888B16D7FFF001FFF6F87B9FB6FB300000122F72C62FE304080D381
1248C716452081170111C3C31888AC6D7FFF001FFE6F87B9FB5FB300000122F72C62FE304080D382
1248C716452381170611C3CB1888B46D8FFF001FFF6F87B8FB5FB300000122F72C62FE304080D383
1248C71645258116FE11C3C31888B76D7FFF001FFF6F87B8FB5FB300000022F72C62FE304080D384
1248C71645238116FE11C3C71888B76D7FFF001FFF6F87B8FB5FB300000122F72C62FE304080D385
1248C71645278116FE11C3C71888B46D7FFF001FFE6F87B7FB5FB300000122F72C62FE304080D386
1248C71645278116FE11C3C71888B16D7FFF001FFD6F87B7FB5FB300000122F72C62FE304080D387
1248C71645218116F711C3C71888B16D7FFF001FFE6F87B6FB5FB300000222F72C62FE304080D388
1248C716452C8116F711C3C31888AE6D7FFF001FFF6F87B5FB5FB300000222F72C62FE304080D389
1248CB16452C8116FE11C3C31888B16D7FFF001FFF6F87B4FB5FB300000022F72C62FE304080D38A
1248C31645248116F011C3C71888B16D7FFF001FFD6F87B4FB5FB300000022F72C62FE304080D38B
1248C71645208116F711C3CF1888B76D7FFF001FFD6F87B3FB5FB300000122F72C62FE304080C38C
1248C31645248116F011C3C71888B46D7FFF001FFF6F87B2FB5FB400000122F72C62FE304080D38D
1248C31645238116F711C3CF1888BC6D7FFF001FFF6F87B1FB5FB400000122F72C62FE304080D38E
1248BF1645208116F011C3CF1888B16D7FFF001FFF6F87B1FB5FB400000222F72C62FE304080D38F
1248BB16451D8116F011C3CB1888BA6D7FFF001FFE6F87B0FB5FB400000122F72C62FE304080D390
1248BF16451E8116F011C3CB1888B76D7FFF001FFE6F87B0FB5FB400000322F72C62FE304080D391
1248BB1645208116F011C3CF1888BC6D7FFF001FFF6F87AFFB5FB400000122F72C62FE304080D392
1248C31645238116E811C3CF1888BF6D7FFF001FFF6F87AEFB5FB400000122F72C62FE304080D393
1248BF16451E8116E811C3CB1888BC6D7FFF001FFF6F87AEFB5FB400000122F72C62FE304080D394
1248BF16451B8116F011C3CB1888B16D6FFF001FFF6F87AEFB5FB400000122F72C62FE304080D395
1248C316451B8116E811C3C71888BC6D7FFF001FFF6F87ADFB6FB400000222F72C62FE304080D396
1248BB16451E8116E811C3CF1888BF6D7FFF001FFF6F87ADFB6FB400000222F72C62FE304080D397
1248BF1645208116F011C3C71888BC6D7FFF001FFF6F97ADFB5FB400000122F72C62FE304080D398
1248C31645248116E411C3CB1888B16D6FFF001FFF6F87ACFB5FB400000122F72C62FE304080D399
1248C21645218116E811C3CF1888BA6D7FFF001FFE6F87ACFB5FB400000222F72C62FE304080D39A
1248BF16451D8116E811C3CF1888B76D7FFF001FFE6F77ACFB5FB400000122F72C62FE304080D39B
1248C31645268116E111C3C71888B76D7FFF001FFF6F87ABFB6FB400000022F72C62FE304080D39C
1248BF1645248116E811C3CB1888BA6D7FFF001FFF6F87AAFB5FB400000122F72C62FE304080D39D
1248C31645208116E111C3CB1888B16D7FFF001FFF6F87AAFB5FB400000122F72C62FE304080D39E
1248C31645248116E811C3CF1888BC6D7FFF001FFF6F87AAFB5FB400000122F72C62FE304080D39F
1248C31645298116E111C3CB1888BF6D7FFF001FFE6F87A9FB6FB400000122F72C62FE2F4180D3A0
1248C31645278116E811C3CF1888B76D7FFF001FFE6F87A9FB5FB400000222F72C62FE2F4080D3A1
1248C71645218116E111C3D31888B76D8FFF001FFF6F87A8FB5FB400000122F72C62FE2F4080D3A2
1248C71645248116E111C3CF1888C26D7FFF001FFF6F77A8FB5FB400000122F72C62FE2F4080D3A3
1248C71645298116E811C3D31888BA6D7FFF001FFF6FB7A8FB5FB400000022F72C62FE2F4080C3A4
1248C316452B8116E111C3CF1888C26D8FFF001FFD6F87A7FB6FB300000122F72C62FE2F4080D3A5
1248CB1645278116E811C3CB1888BC6D7FFF002FFE6F87A6FB5FB300000122F72C62FE2F4080D3A6
1248CB1645298116E111C3CF1888BA6D7FFF001FFF6F77A6FB5FB300000222F72C62FE2F4080D3A7
1248C71645278116E111C3CF1888BC6D7FFF001FFF6F87A6FB5FB300000222F72C62FE2F4080D3A8
1248C716452C8116E111C3D31888C26D7FFF001FFF6F87A5FB5FB300000222F72C62FE2F4080D3A9
1248CB16452C8116E111C3D31888BA6D7FFF001FFF6F87A5FB5FB300000222F72C62FE2F4080D3AA
1248CB1645268116E811C3D71888C26D7FFF001FFF6F87A5FB5FB300000222F72C62FE2F4080D3AB
1248C71645258116E111C3D71888C26D7FFF001FFE6F87A5FB5FB300000022F72C62FE2F4080D3AC
1248C71645258116E111C3CF1888C86D7FFF001FFF6F77A5FB6FB300000022F72C62FE2F4080D3AD
1248CB1645298116E411C3D71888BF6D7FFF001FFF6F87A5FB5FB300000122F72C62FE2F4080D3AE
1248C316452B8116E111C3D31888C26D7FFF001FFF6F87A4FB5FB300000122F72C62FE2F4080D3AF
1248CB1645268116E811C3CF1888C26D7FFF001FFF6F87A4FB5FB300000022F72C62FE2F4080D3B0
1248C316451E8116E111C3D71888CA6D8FFF001FFF6F87A4FB6FB300000222F72C62FE2F4080D3B1
1248C71645268116E111C3D71888C26D7FFF001FFF6F87A4FB5FB300000122F72C62FE2F4080D3B2
1248C716452A8116E811C3D71888C86D7FFF001FFE6F87A3FB5FB300000122F72C62FE2F4080D3B3
1248C71645268116E111C3D31888BF6D7FFF001FFF6F77A3FB5FB300000122F72C62FE2F4080D3B4
1248CB1645258116E811C3D31888BC6D7FFF001FFF6F87A3FB5FB300000022F72C62FE2F4080D3B5
1248C71645258116E111C3D31888C26D7FFF001FFF6F87A3FB6FB300000122F72C62FE2F4080D3B6
1248C71645258116E811C3D71888BC6D7FFF001FFF6F87A3FB6FB300000222F72C62FE2F4080D3B7
1248C71645268116E111C3D71888C56D7FFF001FFF6F87A3FB6FB300000122F72C62FE2F4080D3B8
1248C61645298116E111C3D71888BC6D7FFF001FFF6F77A3FB5FB300000222F72C62FE2F4080D3B9
1248C71645278116E811C3DB1888C26D7FFF001FFE6F87A4FB5FB300000122F72C62FE2F4080D3BA
1248C71645298116E811C3D31888C56D7FFF001FFE6F87A4FB5FB300000122F72C62FE2F4080D3BB
1248C31645278116E111C3D31888C26D7FFF001FFE6F87A3FB5FB300000222F72C62FE2F4080D3BC
1248BF1645298116E811C3CF1888BC6D7FFF001FFE6F87A4FB5FB300000122F72C62FE2F4080D3BD
1248C31645248116E111C3CF1888BA6D7FFF001FFF6F87A3FB5FB300000022F72C62FE2F4080D3BE
1248C71645238116E811C3CB1888C26D7FFF001FFE6F87A4FB5FB300000122F72C62FE2F4080D3BF
1248C31645258116E111C3CF1888BC6D7FFF001FFE6F77A4FB4FB300000122F72C62FE2F4080D3C0
1248CB1645258116E811C3CF1888B76D6FFF001FFE6F87A4FB5FB300000122F72C62FE2F4080D3C1
1248C71645258116E811C3CB1888B46D7FFF001FFE6F87A4FB4FB300000122F72C62FE2F4080D3C2
1248C31645268116E811C3CB1888BC6D6FFF001FFE6F87A4FB4FB300000122F72C62FE2F4080D3C3
1248C31645258116E411C3CB1888B76D7FFF001FFF6F87A4FB4FB300000122F72C62FE2F4080D3C4
1248C71645258116E811C3CB1888BA6D7FFF001FFF6F87A4FB5FB300000122F72C62FE2F4080D3C5
1248C71645258116E811C3CF1888BC6D6FFF001FFF6F87A4FB5FB300000122F72C62FE2F4080D3C6
1248C31645228116E811C3CB1888BC6D6FFF001FFF6F97A4FB4FB300000222F72C62FE2F4080D3C7
1248C71645278116E111C3CB1888BA6D6FFF001FFE6F87A5FB4FB300000022F72C62FE2F4080C3C8
1248C71645278116F011C3CB1888BC6D6FFF001FFF6F87A4FB4FB300000222F72C62FE2F4080D3C9
1248C31645298116E811C3CB1888B76D6FFF001FFE6F77A4FB5FB300000122F72C62FE2F4080D3CA
1248C31645278116E111C3CB1888BA6D6FFF001FFE6F87A5FB5FB300000222F72C62FE2F4080D3CB
1248CB1645298116E811C3CB1888B76D6FFF001FFF6F87A5FB4FB300000122F72C62FE2F4080D3CC
1248C31645278116F011C3CB1888BC6D6FFF001FFF6F87A5FB4FB300000222F72C62FE2F4080D3CD
1248CB1645268116E811C3CB1888BC6D6FFF001FFF6F87A6FB4FB300000122F72C62FE2F4080D3CE
1248C31645258116E811C3CB1888BF6D5FFF001FFF6F87A7FB4FB300000222F72C62FE2F4080D3CF
1248C71645258116E811C3CF1888B76D6FFF001FFE6F87A7FB4FB300000122F72C62FE2F4080D3D0
1248C31645298116E811C3CF1888C26D6FFF001FFE6F87A7FB4FB300000122F72C62FE2F4080D3D1
1248CB1645278116F011C3D71888C56D5FFF001FFE6F87A8FB5FB300000222F72C62FE2F4080D3D2
1248C71645298116E811C3D71888C26D6FFF001FFF6F87A8FB4FB300000122F72C62FE2F4080C3D3
1248C31645208116F011C3DF1888CD6D6FFF001FFF6F87A9FB5FB300000122F72C62FE2F4080D3D4
1248C31645268116E811C3DB1888CA6D5FFF001FFF6F87AAFB5FB200000222F72C62FE2F4080D3D5
1248C31645278116F011C3DF1888CD6D6FFF001FFF6F77AAFB4FB200000222F72C62FE2F4080D3D6
1248BF1645268116F011C3E01888CD6D6FFF001FFF6F87AAFB5FB200000022F72C62FE2F4080D3D7
1248C21645258116E811C3E71888D36D6FFF001FFF6F87AAFB4FB200000122F72C62FE2F4080D3D8
1248C31645228116F011C3E41888D06D6FFF001FFE6F87ABFB5FB200000122F72C62FE2F4080D3D9
1248C31645238116F311C3E71888D36D6FFF001FFE6F77ABFB5FB200000222F72C62FE2F4080D3DA
1248C31645258116E811C3E41888CD6D6FFF001FFE6F87ACFB5FB200000122F72C62FE2F4080D3DB
1248C31645218116F011C3E71888D06D6FFF001FFF6F87ACFB4FB200000222F72C62FE2F4080D3DC
1248C31645208116F011C3E01888CD6D5FFF001FFF6F87ADFB4FB200000122F72C62FE2F4080D3DD
1248BF1645238116F011C3DF1888CD6D6FFF001FFF6F87ADFB4FB200000122F72C62FE2F4080D3DE
1248BF1645258116F711C3E01888C56D6FFF001FFF6F87AEFB4FB200000122F72C62FE2F4080D3DF
1248BF1645218116F011C3DF1888C86D5FFF001FFF6F87AEFB5FB200000022F72C62FE2F4080D3E0
1248BF1645248116F011C3E01888C86D5FFF001FFF6F87AEFB4FB200000222F72C62FE2F4080C3E1
1248C31645238116F011C3DB1888C86D5FFF001FFE6F87AFFB5FB200000222F72C62FE2F4080D3E2
1248BB1645238116F711C3DB1888BF6D5FFF001FFE6F87AFFB4FB200000122F72C62FE2F4080D3E3
1248BF16451E8116F711C3DB1888C26D5FFF001FFF6F87AFFB4FB200000122F72C62FE2F4080D3E4
1248BF16451E8116F711C3E01888C26D5FFF001FFF6F87B0FB4FB200000122F72C62FE2F4080D3E5
1248BB16451D8116F011C3DF1888C56D4FFF001FFF6F87B0FB4FB200000122F72C62FE2F4080D3E6
1248BB16451B8116F711C3E01888C86D5FFF001FFE6F87B0FB4FB200000122F72C62FE2F4080D3E7
1248BF16451B8116F011C3E31888C86D5FFF001FFD6F87B0FB5FB200000122F72C62FE2F4080D3E8
1248BF16451E8116FE11C3E01888C56D5FFF001FFE6F87B0FB4FB200000122F72C62FE2F4080D3E9
1248BF1645248116F011C3DF1888CD6D5FFF001FFF6F87B0FB4FB200000122F72C62FE2F4080D3EA
1248BF1645218116F711C3D31888C86D5FFF001FFF6F77B1FB4FB200000122F72C62FE2F4080D3EB
1248BB1645208116FE11C3D71888C26D5FFF001FFE6F77B0FB5FB200000122F72C62FE2F4080D3EC
1248BF16451E8116F711C3CF1888BF6D5FFF001FFE6F87B1FB4FB200000122F72C62FE2F4080D3ED
1248BF1645228116F711C3CF1888BC6D5FFF001FFF6F87B1FB4FB200000022F72C62FE2F4080D3EE
1248BF1645258116FE11C3CF1888BC6D6FFF001FFE6F87B1FB3FB200000122F72C62FE2F4080D3EF
1248C31645218116F711C3CF1888BF6D5FFF001FFF6F87B1FB3FB200000222F72C62FE2F4080D3F0
1248BB16452481170111C3CB1888B76D5FFF001FFF6F87B1FB3FB200000122F72C62FE2F4080D3F1
1248BF1645218116F711C3CF1888BC6D5FFF001FFF6F77B0FB4FB200000122F72C62FE2F4080D3F2
1248BB1645208116F711C3CF1888C56D5FFF001FFE6F87B0FB3FB200000122F72C62FE2F4080D3F3
1248BB1645238116FE11C3D31888B76D5FFF001FFE6F87B0FB3FB200000122F72C62FE2F4080D3F4
1248BF1645228116FE11C3D31888C26D6FFF001FFF6F97B0FB3FB200000222F72C62FE2F4080D3F5
1248BB1645238116FE11C3D31888BC6D5FFF001FFF6F87B0FB3FB200000222F72C62FE2F4080D3F6
1248BF16451E8116FE11C3D31888BF6D6FFF001FFF6F87AFFB4FB200000222F72C62FE2F4080D3F7
1248C616451F8116FE11C3CF1888C26D6FFF001FFE6F77AFFB4FB200000122F72C62FE2F4080D3F8
1248BB1645208116FE11C3D31888BC6D6FFF001FFE6F87AFFB3FB200000122F72C62FE2F4080D3F9
1248C31645248116FE11C3C71888BA6D6FFF001FFE6F87AFFB3FB200000122F72C62FE2F4080D3FA
1248BF1645258116FE11C3CB1888BC6D6FFF001FFF6F87AFFB3FB200000222F72C62FE2F4080D3FB
1248BF16452981170611C3CB1888B76D7FFF001FFF6F87AEFB3FB200000122F72C62FE2F4080D3FC
1248C31645228116FE11C3CB1888BA6D7FFF001FFF6F87AEFB3FB200000122F72C62FE2F4080D3FD
1248C316452481170611C3CB1888B76D7FFF001FFE6F87AEFB4FB200000222F72C62FE2F4080D3FE
1248BF1645298116FE11C3CB1888B16D7FFF001FFE6F87AEFB3FB200000122F72C62FE2F4080D3FF
1248BF16452481170611C3CB1888B46D7FFF001FFE6F87ADFB3FB200000122F72C62FE2F4080D300
1248C316452781170611C3CB1888B76D7FFF001FFE6F87ADFB3FB200000222F72C62FE2F4080D301
1248C316452781170611C3C71888B16D6FFF001FFF6F87ADFB3FB200000122F72C62FE2F4080D302
1248C316452381170611C3CB1888B76D7FFF001FFF6F87ADFB3FB200000222F72C62FE2F4080D303
1248C316452381170611C3CB1888BA6D7FFF001FFF6F87ADFB4FB200000122F72C62FE2F4080D304
1248BF16452581170611C3CB1888B76D7FFF3BDFFE6F87ACFB4FB200000222F72C62FE2F4080D305
1248C316452981170611C3CB1888BC6D7FFFD46FFD6F67ADFB4FB300000222F72C62FE2F4080D306
1248C316452481170611C3CF1888BA6D7FFFFFFFFB6F77ACFB4FB300000122F72C62FE2F4080D307
1248BF16452781170D11C3C71888BC6D7FFFFFFFFE6F87ACFB5FB300000222F72C62FE2F4080D308
1248C316452481170111C3CF1888BC6D7FFFFE3FFF6F87ACFB4FB300000022F72C62FE2F4080D309
1248BF16452781170D11C3CB1888B46D7FFFFBFFFF6F87ABFB5FB300000122F72C62FE2F4080D30A
1248BF16452781170D11C3CB1888BC6D6FFFBE8FFD6F87AAFB4FB300000222F72C62FE2F4080D30B
1248BF16452681170D11C3CB1888C26D7FFF269FFD6F87ABFB5FB300000122F72C62FE2F4080D30C
1248C316452581170D11C3CF1888BC6D7FFF000FFE6F87AAFB4FB300000122F72C62FE2F4080C30D
1248C316452281170611C3CB1888BA6D7FFF000FFF6F87AAFB5FB300000122F72C62FE2F4080D30E
1248C316452781171411C3CB1888BC6D7FFF000FFE6F87AAFB4FB300000122F72C62FE2F4080D30F
1248BF16452781170D11C3CF1888BC6D7FFF000FFF6F87AAFB4FB300000122F72C62FE2F4080D310
1248BF16451D81170D11C3CB1888BF6D7FFF004FFF6F87A9FB4FB300000122F72C62FE2F4080D311
1248BF16451F81170D11C3C31888B16D7FFF003FFF6F87A9FB5FB300000122F72C62FE2F4080D312
1248C316452081171411C3C71888BC6D8FFF001FFE6F67A8FB5FB300000122F72C62FE2F4080D313
1248BB16452081170D11C3CB1888AE6D8FFF001FFE6F87A8FB4FB300000222F72C62FE2F4080D314
1248BB16451C81171411C3C71888B76D8FFF001FFF6F87A8FB5FB300000122F72C62FE2F4080D315
1248BB16451B81171411C3C71888B16D8FFF001FFE6F87A8FB4FB300000222F72C62FE2F4080D316
1248BB16451F81171411C3BB1888AC6D9FFF001FFE6F87A7FB4FB300000222F72C62FE2F4080D317
1248B516451181171411C3BB1888AE6D8FFF001FFE6F77A7FB5FB300000122F72C62FE304180D318
1248B716451781171411C3BF1888A66D9FFF001FFF6F87A7FB4FB300000122F72C62FE304080D319
1248B216451B81171411C3BB1888B76D9FFF001FFF6F87A6FB5FB300000122F72C62FE304080D31A
1248B216451881171C11C3C71888AE6DAFFF001FFF6F87A6FB5FB300000122F72C62FE304080D31B
1248B716451281171411C3C31888B16D9FFF001FFF6F87A6FB4FB300000122F72C62FE304080D31C
1248AE16451981171C11C3C71888B76DAFFF001FFF6F87A6FB4FB300000122F72C62FE304080D31D
1248AE16451781171C11C3C31888B46DAFFF001FFE6F87A6FB4FB200000222F72C62FE304080D31E
1248AA16451A81171C11C3CF1888B76D9FFF001FFF6F77A6FB4FB200000122F72C62FE304080D31F
1248AE16451381171C11C3CB1888B76DAFFF001FFE6F87A6FB4FB200000122F72C62FE304080D320
12489E16450A81172311C3C71888B46DAFFF001FFE6F87A6FB4FB200000122F72C62FE304080D321
12489E16450581171C11C3C71888BC6D9FFF001FFE6F77A6FB4FB200000122F72C62FE304080D322
12489E16450581172311C3CF1888B76DBFFF001FFF6F87A6FB5FB200000222F72C62FE304080D323
12489E16450781171F11C3C31888BC6DAFFF001FFF6F87A6FB5FB200000122F72C62FE304080D324
12489916450781172311C3C71888B46DAFFF001FFF6F87A6FB4FB200000222F72C62FE304080D325
12489E16450481172B11C3BF1888B16DAFFF001FFF6F87A6FB4FB200000222F72C62FE304080D326
1248A216450981172311C3C31888AC6D9FFF001FFE6F87A7FB4FB200000122F72C62FE304080D327
12489916450581172311C3BB1888AE6D9FFF001FFE6F87A6FB5FB200000122F72C62FE304080D328
12489E16450281172B11C3B21888AC6D9FFF001FFE6F87A7FB4FB200000022F72C62FE304080D329
12489516450681172B11C3AB18889B6D9FFF001FFE6F87A7FB5FB200000122F72C62FE304080D32A
1248991644F881172B11C3A318889E6D9FFF001FFE6F87A8FB5FB200000122F72C62FE304080D32B
1248991644FE81172B11C3A61888906D9FFF001FFE6F87A8FB4FB200000122F72C62FE304080D32C
12489E16450381173211C39F1888906D9FFF001FFF6F87AAFB4FB200000122F72C62FE304080D32D
12489916450281173211C3A61888986D9FFF001FFF6F87AAFB4FB200000322F72C62FE304080D32E
12489916450681173211C3A31888906D9FFF001FFF6F87AAFB4FB200000122F72C62FE304080D32F
12489E16450A81173211C3AE1888906D8FFF001FFE6F67ACFB4FB200000122F72C62FE304080D330
1248A216451081173211C3AB1888A16D8FFF001FFF6F87ACFB4FB200000022F72C62FE304080D331
12489916450D81173911C3AA1888986D8FFF001FFF6F87ADFB4FB200000122F72C62FE304080D332
12489916450981173911C3A31888956D7FFF001FFF6F77AEFB4FB200000222F72C62FE304080D333
12489916450781173911C3A21888956D8FFF001FFE6F87AEFB4FB200000122F72C62FE304080D334
12489516450481173911C39F18888D6D8FFF001FFD6F87AFFB5FB200000222F72C62FE304080D335
12489516450281174111C39A18888A6D7FFF001FFD6F77B1FB5FB200000222F72C62FE304080D336
12489916450681174111C39F1888956D7FFF001FFF6F87B1FB6FB300000122F72C62FE304080D337
12489516450781174111C39A1888876D7FFF001FFF6F87B2FB5FB300000122F72C62FE304080D338
12488D1644FD81174111C39F1888906D7FFF001FFE6F87B3FB5FB300000122F72C62FE304080D339
12488D1644F981174111C39A1888906D7FFF001FFF6F87B4FB5FB300000122F72C62FE304080D33A
12488D1644F881174811C39B18888D6D7FFF001FFF6F87B5FB5FB300000122F72C62FE304080D33B
1248891644F581174811C39A1888906D7FFF001FFF6F87B6FB5FB300000022F72C62FE304080D33C
12487C1644EB81174811C39B1888906D8FFF001FFF6F87B7FB5FB300000222F72C62FE304080D33D
12487C1644ED81174811C39A1888906D7FFF001FFF6F67B8FB5FB300000122F72C62FE304080D33E
1248781644E981174F11C39B1888876D7FFF001FFE6F77B9FB5FB300000122F72C62FE304080D33F
1248771644E681174F11C39618888A6D7FFF001FFF6F87BBFB5FB300000122F72C62FE304080D340
1248741644EB81174F11C39F18888A6D7FFF001FFF6F87BCFB5FB300000122F72C62FE304080D341
12487C1644E781174F11C3921888986D7FFF001FFF6F87BDFB6FB300000222F72C62FE304080D342
1248701644E381175211C38E18887F6D7FFF001FFF6F87BFFB6FB300000122F72C62FE304080D343
1248741644E481175711C3961888856D8FFF001FFF6F87C0FB6FB300000122F72C62FE304080D344
12486C1644E681174F11C39218888D6D8FFF001FFF6F87C0FB5FB300000122F72C62FE304080D345
1248701644E281175E11C39A18888A6D8FFF001FFE6F77C2FB5FB300000122F72C62FE304080D346
1248701644E781175711C3921888856D7FFF001FFE6F87C3FB5FB300000222F72C62FE304080D347
1248701644E881175711C3961888876D8FFF001FFE6F77C3FB6FB300000222F72C62FE304080D348
1248701644E281175711C39718888A6D8FFF001FFE6F87C5FB6FB300000122F72C62FE304080D349
1248781644E581176511C39218887F6D8FFF001FFE6F77C6FB5FB300000122F72C62FE304080D34A
1248741644E281175711C3921888876D8FFF001FFF6F87C6FB5FB300000122F72C62FE304080D34B
1248741644E581175E11C39718888A6D8FFF001FFF6F87C8FB6FB300000122F72C62FE304080D34C
1248701644E281175E11C39218888A6D8FFF001FFF6F87C9FB5FB300000122F72C62FE304080D34D
1248681644DA81175E11C39718888A6D9FFF001FFE6F87C9FB6FB300000122F72C62FE304080D34E
1248681644D681176511C39218888D6D8FFF001FFF6F87CAFB7FB400000222F72C62FE304080D34F
12485F1644D481175E11C3971888906D8FFF001FFF6F87CBFB7FB400000122F72C62FE304080D350
12485B1644D981176D11C39618888A6D8FFF001FFF6F87CBFB7FB400000022F72C62FE304080D351
12485F1644DC81175E11C39718888D6D8FFF001FFF6F87CCFB7FB400000122F72C62FE304080D352
12485F1644DC81176511C3961888906D8FFF001FFD6F87CDFB7FB400000022F72C62FE304080D353
12485F1644D381176511C3971888956D8FFF001FFD6F87CDFB7FB400000022F72C62FE304080D354
12485B1644D681176511C39618888D6D8FFF001FFF6F87CDFB7FB400000122F72C62FE304080D355
1248631644DA81176511C39218888A6D8FFF001FFF6F87CEFB7FB400000222F72C62FE304080D356
12485F1644D981176511C3921888856D9FFF001FFF6F87CFFB7FB400000122F72C62FE304080D357
12486C1644E181176511C39718888D6D8FFF001FFF6F87CFFB7FB400000222F72C62FE304080D358
1248681644E381176511C38E18888A6D8FFF001FFF6F87D0FB7FB400000122F72C62FE304080D359
12486C1644E481176511C3921888856D8FFF001FFE6F77D0FB7FB400000022F72C62FE304080D35A
12486C1644DF81176511C39218888A6D7FFF001FFE6F87D0FB7FB400000222F72C62FE304080D35B
12486C1644DF81176D11C39218888D6D8FFF001FFE6F67D0FB7FB400000222F72C62FE304080D35C
1248701644E581176511C39618888A6D7FFF001FFF6F87D0FB7FB400000122F72C62FE304080D35D
1248681644E281176511C39218888A6D8FFF001FFF6F87D0FB7FB400000122F72C62FE304080D35E
12486C1644E181176511C39218888D6D8FFF001FFF6F87CFFB7FB400000122F72C62FE304080D35F
1248681644E181176511C38A18888A6D7FFF001FFE6F87CFFB7FB400000122F72D62FE304180D360
12486C1644DE81176D11C3861888856D8FFF001FFE6F87CFFB7FB400000122F72D62FE304080D361
1248681644E381176511C38E1888826D8FFF001FFF6F87CFFB7FB400000222F72D62FE304080D362
12486C1644E581176511C39A18888A6D8FFF001FFF6F87CFFB7FB400000122F72D62FE304080D363
1248681644E381176511C3971888856D8FFF001FFF6F87CFFB7FB400000122F72D62FE304080D364
1248681644E481175E11C3861888876D8FFF001FFF6F87CEFB7FB400000122F72D62FE304080D365
1248681644E381176D11C38618887F6D8FFF001FFE6F87CEFB7FB400000122F72D62FE304080D366
12486C1644E481175E11C3921888796D8FFF001FFE6F87CEFB5FB300000222F72D62FE304080D367
1248701644E681176511C39A1888826D9FFF001FFF6F87CDFB4FB300000122F72D62FE304080D368
12486C1644E981175911C38E18888A6D8FFF001FFF6F87CCFB4FB300000122F72D62FE304080D369
12486C1644EC81176D11C39E18887F6D9FFF001FFF6F87CCFB4FB300000122F72D62FE304080D36A
1248741644E781175E11C3A318888A6D9FFF001FFE6F77CCFB4FB300000222F72D62FE304080D36B
1248781644E681176511C3AE1888926D9FFF001FFD6F77CCFB5FB300000122F72D62FE304080D36C
1248741644E681175E11C3B318889B6DAFFF001FFE6F97CBFB4FB300000122F72D62FE304080D36D
1248741644E681175711C3BB1888A16D9FFF001FFF6F87CAFB4FB300000122F72D62FE304080D36E
1248781644ED81176511C3B71888A96D9FFF002FFF6F87CAFB4FB300000122F72D62FE304080D36F
1248741644EC81175711C3B71888AC6D9FFF001FFE6F87CAFB4FB300000122F72D62FE304080D370
1248781644E881175E11C3BF1888A66D9FFF001FFF6F87C9FB4FB300000122F72D62FE304080D371
1248741644E681174F11C3C31888B46D9FFF001FFF6F87C8FB5FB300000222F72D62FE304080D372
1248701644EE81175711C3CB1888B76D9FFF002FFE6F87C8FB4FB300000122F72D62FE304080D373
1248741644EC81174F11C3CB1888C86D9FFF001FFE6F97C8FB4FB300000022F72D62FE304080D374
1248781644EC81175711C3C71888C56D9FFF001FFF6F87C6FB4FB300000122F72D62FE304080D375
12487C1644F281174F11C3C31888C86D9FFF001FFF6F87C6FB4FB300000122F72D62FE304080D376
12487B1644EF81174811C3BF1888BC6D8FFF001FFE6F87C6FB4FB300000122F72D62FE304080D377
1248801644F681174F11C3C71888BC6D9FFF001FFE6F87C5FB4FB300000122F72D62FE304080D378
1248851644F881174811C3C71888BA6D9FFF001FFF6F87C4FB4FB300000122F72C62FE304180D379
1248851644F581174111C3D31888BC6D8FFF001FFF6F87C4FB4FB300000022F72C62FE304080D37A
1248801644F381174811C3CF1888C86D9FFF001FFF6F87C2FB4FB300000122F72C62FE304080D37B
1248851644F781174111C3CB1888CA6D9FFF001FFF6F87C1FB5FB300000122F72C62FE304080D37C
12488D1644F981174111C3BF1888C26D8FFF001FFF6F87C1FB4FB300000122F72C62FE304080D37D
12488916450281173911C3BB1888BC6D8FFF001FFF6F87C0FB4FB300000022F72C62FE304080D37E
1248851644FD81173911C3BB1888BA6D8FFF001FFF6F87BFFB3FB100000222F72C62FE304080D37F
1248891644F481173911C3BB1888B16D8FFF001FFF6F87BEFB3FB100000122F72C62FE304080D380
1248801644F081173211C3BB1888B16D8FFF001FFF6F87BEFB3FB100000022F72C62FE304080D381
12487C1644F581173211C3B71888B16D8FFF001FFF6F87BCFB3FB100000222F72C62FE304080D382
1248801644F881172B11C3B31888A36D8FFF001FFF6F87BCFB3FB100000122F72C62FE304080D383
1248801644F481173211C3B21888B16D8FFF001FFE6F87BBFB3FB100000222F72C62FE304080D384
1248891644F381172311C3AF1888A66D7FFF001FFE6F77BAFB3FB100000222F72C62FE304080D385
1248851644F381172B11C3AE1888A96D8FFF001FFF6F77B9FB3FB100000122F72C62FE304080D386
1248851644F781172311C3B31888A66D7FFF001FFF6F87B9FB3FB100000122F72C62FE304080D387
1248801644F681171C11C3B21888AC6D7FFF001FFF6F87B7FB3FB100000122F72C62FE304080D388
1248801644EF81172311C3B31888A36D8FFF001FFE6F87B6FB4FB100000222F72C62FE304080D389
12487C1644EE81171711C3B21888A66D7FFF001FFD6F87B6FB3FB100000022F72C62FE304080D38A
1248891644F181171411C3B31888A66D7FFF001FFD6F87B4FB3FB100000022F72C62FE304080D38B
12487C1644F781171411C3B71888A66D7FFF001FFF6F87B3FB4FB100000222F72C62FE304080D38C
1248851644F481171411C3B318889E6D7FFF001FFF6F87B3FB4FB100000222F72C62FE304080D38D
1248891644F081170D11C3B71888AC6D7FFF001FFF6F87B1FB3FB100000022F72C62FE304080D38E
1248891644F881170D11C3B31888A66D8FFF001FFE6F87B0FB3FB100000122F72C62FE304080D38F
12488D1644FA81170D11C3B71888A96D7FFF001FFE6F87B0FB3FB100000222F72C62FE304080D390
1248891644F881170611C3B71888A66D7FFF001FFF6F87AEFB3FB100000122F72C62FE304080D391
12488D1644F58116FE11C3B71888A16D8FFF001FFF6F97ADFB4FB100000122F72C62FE304080D392
1248911644FA8116FE11C3B71888A96D7FFF001FFF6F87ACFB3FB100000122F72C62FE304080D393
1248991644FD8116FE11C3AF1888A66D7FFF001FFF6F87ACFB3FB100000022F72C62FE304080D394
1248951645058116FE11C3B71888A16D8FFF001FFE6F87AAFB4FB100000122F72C62FE304080D395
12489E1645038116F011C3B31888A36D7FFF001FFF6F87AAFB4FB100000122F72C62FE304080D396
1248991644FF8116F711C3AE1888A16D8FFF001FFF6F87A9FB4FB200000222F72C62FE304080D397
1248991645008116F011C3B71888AC6D8FFF001FFF6F87A7FB5FB300000222F72C62FE304080D398
12489E1645068116F011C3B21888A66D7FFF001FFF6F87A7FB4FB300000122F72C62FE304080D399
1248991645078116F011C3BB1888A36D7FFF001FFE6F87A7FB4FB300000122F72C62FE304080D39A
12489E1645048116E811C3BB1888A66D8FFF001FFD6F87A5FB4FB300000022F72C62FE304080D39B
12489E1645028116E111C3C71888AC6D7FFF001FFD6F87A5FB4FB300000022F72C62FE304080D39C
1248A21645028116E811C3C31888A36D7FFF001FFE6F87A5FB4FB300000122F72C62FE304080D39D
1248A21645058116E111C3BF1888A66D7FFF001FFF6F87A3FB5FB300000122F72C62FE304080D39E
1248A61645078116E111C3BF1888B16D7FFF001FFF6F87A2FB4FB300000122F72C62FE304080D39F
1248A616450E8116DA11C3C31888AE6D7FFF001FFE6F87A2FB4FB300000122F72C62FE304080D3A0
1248AA16450E8116D511C3C31888B16D7FFF001FFF6F87A0FB4FB300000222F72C62FE304080D3A1
1248A616450A8116E111C3BF1888B16D7FFF001FFF6F879FFB4FB300000122F72C62FE304080D3A2
1248A516450A8116D211C3C71888AE6D7FFF001FFF6F879FFB5FB300000122F72C62FE304080D3A3
1248A61645058116D211C3C31888AC6D7FFF001FFE6F879EFB5FB300000122F72C62FE304080D3A4
1248A21645098116D211C3BF1888B16D6FFF001FFE6FA79DFB5FB300000122F72C62FE304080D3A5
1248A616450C8116D211C3BF1888AC6D7FFF001FFF6F879CFB4FB300000222F72C62FE304080D3A6
1248A216450C8116CB11C3BF1888A96D7FFF001FFF6F879CFB4FB300000122F72C62FE304080D3A7
1248A616450C8116C411C3BF1888AC6D6FFF001FFE6F879BFB4FB300000222F72C62FE304080D3A8
1248A616450C8116CB11C3BF1888B16D7FFF001FFF6F879AFB4FB300000122F72C62FE304080D3A9
1248A21645098116CB11C3BF1888A96D7FFF001FFF6F879AFB5FB300000122F72C62FE304080D3AA
1248AA1645078116C411C3C31888B16D7FFF001FFE6F779AFB4FB300000022F72C62FE304080D3AB
1248AA16450F8116C411C3BB1888AC6D6FFF001FFD6F879AFB4FB300000222F72C62FE304080D3AC
1248A616450F8116C411C3BF1888A96D6FFF001FFF6F7799FB4FB300000122F72C62FE304080D3AD
1248AA16450F8116BC11C3BB1888A66D6FFF001FFF6F7799FB4FB300000122F72C62FE304080D3AE
1248AE16450E8116BC11C3BF1888AC6D6FFF001FFF6F8798FB5FB300000122F72C62FE304080D3AF
1248AA16450C8116C411C3C31888AE6D6FFF001FFF6F7798FB4FB300000222F72C62FE304080D3B0
1248AA1645098116BC11C3C31888A66D6FFF001FFF6F8799FB4FB300000222F72C62FE304080D3B1
1248A616450E8116BC11C3C71888A66D6FFF001FFF6F8799FB4FB300000122F72C62FE304080D3B2
1248AE16450A8116BC11C3CB1888B16D6FFF001FFE6F8799FB5FB300000122F72C62FE304080D3B3
1248AE1645078116BC11C3CF1888BA6D6FFF001FFE6F879AFB4FB300000122F72C62FE304080D3B4
1248AE16450F8116B811C3CF1888B16D6FFF001FFF6F879AFB4FB300000122F72C62FE304080D3B5
1248AE16450D8116BC11C3CF1888BC6D6FFF001FFF6F879AFB4FB300000122F72C62FE304080D3B6
1248AE1645098116B511C3CF1888BA6D6FFF001FFF6F879BFB4FB300000222F72C62FE304080D3B7
1248AA16450F8116BC11C3D31888BC6D6FFF001FFF6F879BFB4FB300000122F72C62FE304080D3B8
1248B216450D8116B511C3CF1888BC6D6FFF001FFF6F879CFB4FB300000222F72C62FE304080D3B9
1248B21645108116B511C3CF1888B46D7FFF001FFE6F879DFB4FB300000122F72C62FE304080D3BA
1248AE1645118116BC11C3CF1888BC6D6FFF001FFE6F779EFB4FB300000022F72C62FE304080D3BB
1248B71645118116B511C3D31888B76D6FFF001FFE6F879EFB4FB300000222F72C62FE304080D3BC
1248B71645148116BC11C3CF1888B76D7FFF001FFF6F879FFB4FB300000122F72C62FE304080D3BD
1248AE1645168116BC11C3CF1888BA6D7FFF001FFF6F87A0FB4FB300000122F72C62FE304080D3BE
1248B216450E8116B511C3D31888B76D7FFF001FFE6F87A1FB4FB300000222F72C62FE304080D3BF
1248B71645108116BC11C3CF1888B16D7FFF001FFF6F87A1FB5FB300000222F72C62FE304080D3C0
1248B71645148116B511C3CB1888BA6D6FFF001FFF6F87A2FB4FB300000122F72C62FE304080D3C1
1248B71645168116BC11C3D31888B76D7FFF001FFF6F87A2FB4FB300000122F72C62FE304080D3C2
1248BB1645178116BC11C3D71888BC6D7FFF001FFE6F87A3FB4FB300000022F72C62FE304080D3C3
1248BB1645198116BC11C3D31888C56D6FFF001FFE6F87A4FB4FB300000022F72C62FE304080D3C4
1248BB1645188116BC11C3DB1888C26D7FFF001FFE6F87A4FB5FB300000222F72C62FE304080D3C5
1248B91645168116BC11C3D71888C26D6FFF001FFF6F97A4FB4FB300000122F72C62FE304080D3C6
1248BB1645168116BC11C3D71888BC6D6FFF001FFF6F87A5FB5FB300000022F72C62FE304080D3C7
1248BB1645168116B811C3D71888C56D7FFF001FFE6F87A5FB5FB100000122F72C62FE304080D3C8
1248BB16451A8116C411C3E01888C26D7FFF001FFF6F87A6FB4FB100000022F72C62FE304080D3C9
1248BB1645178116BC11C3DF1888C86D6FFF001FFE6F87A7FB4FB100000222F72C62FE304080D3CA
1248B71645168116C411C3DB1888C56D7FFF001FFE6F87A7FB5FB100000122F72C62FE304080C3CB
1248B21645128116C411C3DB1888CD6D7FFF001FFE6F87A7FB5FB100000122F72C62FE304080D3CC
1248B216451C8116C411C3E01888C86D7FFF001FFF6F87A8FB5FB100000122F72C62FE304080D3CD
1248B21645168116C411C3DB1888CA6D7FFF001FFF6F87A8FB4FB100000222F72C62FE304080D3CE
1248B21645188116CB11C3DB1888C86D7FFF001FFF6F87A8FB4FB100000222F72C62FE304080D3CF
1248AA1645188116CB11C3DB1888C86D6FFF001FFF6F87A9FB4FB100000122F72C62FE304080D3D0
1248AE16450E8116CB11C3CF1888C26D7FFF001FFF6F87A9FB4FB100000122F72C62FE304080D3D1
1248B21645108116D211C3D31888BF6D7FFF001FFF6F87A9FB4FB100000122F72C62FE304080D3D2
1248AE1645118116CB11C3CF1888BC6D7FFF001FFF6F87A9FB4FB100000122F72C62FE304080D3D3
1248B21645158116DA11C3CF1888B16D7FFF001FFE6F87A9FB4FB100000122F72C62FE304080D3D4
1248AE1645168116D211C3D31888BF6D7FFF001FFE6F87A9FB4FB100000122F72C62FE304080D3D5
1248AE1645168116DA11C3CF1888BC6D7FFF001FFE6F87A9FB5FB100000122F72C62FE304080D3D6
1248AE1645128116DA11C3D31888C26D7FFF001FFE6F87A9FB4FB100000022F72C62FE304080D3D7
1248AA1645158116DA11C3D31888C56D7FFF001FFE6F87A9FB4FB100000122F72C62FE304080E3D8
1248AE1645148116E111C3D31888BC6D8FFF001FFF6F87A9FB5FB100000122F72C62FE304080D3D9
1248AA1645148116E111C3D31888C26D7FFF001FFF6F87A8FB4FB100000022F72C62FE304080D3DA
1248AE1645168116E811C3D31888BF6D7FFF001FFF6F87A8FB4FB100000122F72C62FE304080D3DB
1248AE1645198116EB11C3CF1888C26D8FFF001FFE6F87A8FB5FB100000122F72C62FE304080D3DC
1248AE1645148116E111C3D71888C26D7FFF001FFD6F87A8FB5FB100000122F72C62FE304080D3DD
1248AE1645188116F011C3D71888C26D7FFF001FFE6F87A8FB4FB100000122F72C62FE304080D3DE
1248AE1645118116F011C3D71888C56D7FFF001FFE6F87A8FB5FB100000122F72C62FE304080D3DF
1248AE16450F8116F011C3DB1888BC6D7FFF001FFF6F87A8FB5FB200000122F72C62FE304080D3E0
1248AA1645158116F711C3D71888C26D7FFF001FFE6F87A7FB5FB200000122F72C62FE304080D3E1
1248AA16450E8116F711C3DB1888BF6D7FFF001FFF6F87A8FB5FB200000122F72C62FE304080D3E2
1248A61645098116F711C3DB1888C86D7FFF001FFE6F87A7FB5FB200000022F72C62FE304080D3E3
1248A616450B8116FE11C3D71888C86D7FFF001FFC6F87A7FB5FB200000122F72C62FE304080D3E4
1248A616450F8116F711C3DB1888BF6D7FFF001FFE6F87A7FB5FB200000122F72C62FE304080D3E5
1248A616451181170611C3DB1888C86D7FFF001FFF6F87A6FB6FB200000122F72C62FE304080D3E6
1248A61645118116FE11C3D71888CD6D7FFF001FFF6F87A6FB5FB200000122F72C62FE304080D3E7
1248A616451181170611C3D71888C26D7FFF001FFE6F87A6FB6FB200000122F72C62FE304080D3E8
1248A916450D81170611C3DB1888CA6D7FFF001FFF6F87A6FB5FB200000122F72C62FE304080D3E9
1248A216450C81170D11C3D71888C86D7FFF001FFF6F87A6FB5FB200000022F72C62FE304080D3EA
1248A616450C81170611C3D71888C86D7FFF001FFF6F77A6FB5FB200000122F72C62FE304080D3EB
1248A216450C81171411C3D71888C56D7FFF001FFD6F87A6FB5FB200000122F72C62FE304080D3EC
1248A216450F81170D11C3D71888C86D7FFF001FFD6F87A6FB5FB200000122F72C62FE304080D3ED
1248A216451181171411C3D71888CD6D7FFF001FFF6F77A6FB5FB200000222F72C62FE304080D3EE
1248A616451281170D11C3D71888C56D7FFF001FFF6F87A5FB5FB200000122F72C62FE304080D3EF
1248A216451181171411C3D71888C26D7FFF001FFF6F87A5FB6FB200000122F72C62FE304080D3F0
1248A216451181171C11C3D31888C86D7FFF001FFF6F87A5FB5FB200000122F72C62FE304080D3F1
1248AA16451481171C11C3D31888C26D6FFF001FFF6F87A5FB5FB200000222F72C62FE304080D3F2
1248A616450F81171C11C3D31888BF6D7FFF001FFF6F87A5FB5FB200000222F72C62FE304080D3F3
1248A216451381171C11C3CB1888BC6D7FFF001FFF6F87A5FB5FB200000222F72C62FE304080D3F4
1248A616450F81171F11C3CB1888C26D7FFF001FFF6F87A5FB5FB200000222F72C62FE304080D3F5
1248AA16451381171C11C3C71888BF6D7FFF001FFF6F87A5FB5FB200000222F72C62FE304080D3F6
1248AA16451381172B11C3C71888BC6D7FFF001FFF6F77A5FB5FB200000122F72C62FE304080D3F7
1248A616450D81172311C3C71888BC6D7FFF001FFE6F87A5FB5FB200000122F72C62FE304080D3F8
1248A216450C81172311C3C71888BA6D7FFF001FFE6F87A5FB6FB300000122F72C62FE304080D3F9
12489E16450A81172311C3CB1888C26D7FFF001FFF6F87A5FB5FB300000122F72C62FE304080D3FA
12489916450A81172B11C3CB1888C26D7FFF001FFE6F87A5FB5FB300000122F72C62FE304080D3FB
12489916450581172B11C3CB1888C86D7FFF001FFE6F87A6FB5FB300000122F72C62FE304080D3FC
12489916451081173211C3CF1888CA6D7FFF001FFF6F87A6FB5FB300000122F72C62FE304080D3FD
12489E16450F81172B11C3CF1888C26D7FFF000FFF6F87A6FB5FB300000122F72C62FE304080D3FE
12489916450F81172B11C3D31888C86D7FFF001FFF6F87A6FB5FB300000122F72C62FE304080D3FF
12489916450E81173211C3D71888D06D7FFF001FFF6F87A7FB6FB300000022F72C62FE304080D300
12489E16450F81173211C3D31888D86D7FFF001FFE6F77A7FB5FB300000122F72C62FE304080D301
12489E16451581173211C3D31888D36D7FFF001FFE6F87A7FB5FB300000222F72C62FE304080D302
1248A616451681172B11C3D71888D66D7FFF001FFE6F77A8FB6FB300000122F72C62FE304080D303
1248A216451A81173911C3D71888D36D7FFF001FFF6F87A8FB5FB300000122F72C62FE304080D304
1248A616451381173211C3D71888D86D7FFF001FFF6F87A8FB5FB300000222F72C62FE304080D305
1248A216451581173211C3D71888D36D7FFF001FFE6F87A8FB5FB300000122F72C62FE304080D306
1248A216451781173911C3D71888D06D8FFF001FFD6F87A8FB5FB300000122F72C62FE304080D307
1248A616451681173911C3D31888D36D7FFF001FFF6F87A8FB5FB300000122F72C62FE304080D308
1248A616451681173211C3E41888D86D8FFF001FFF6F77A9FB5FB300000022F72C62FE304080D309
1248A616451681173911C3DF1888DB6D8FFF001FFF6F77A9FB5FB300000022F72C62FE304080D30A
1248A616451681173911C3DB1888DE6D7FFF001FFF6F87A9FB6FB300000222F72C62FE304080D30B
1248AA16451681173911C3E01888D86D8FFF001FFE6F87AAFB6FB300000122F72C62FE304080D30C
1248A616451381173911C3DB1888DB6D8FFF001FFF6F87ABFB5FB300000122F72C62FE304080D30D
1248A216451881173911C3D71888D86D8FFF001FFF6F87ABFB5FB300000222F72C62FE304080D30E
1248A116451481174111C3DF1888D36D8FFF001FFE6F87ABFB6FB300000122F72C62FE304080D30F
1248A216450D81173911C3D71888D36D8FFF001FFF6F87ACFB5FB300000022F72C62FE304080D310
1248A616451481173911C3E31888DB6D8FFF001FFF6F87ACFB6FB400000122F72C62FE304080D311
1248A616451781173911C3E01888DE6D8FFF001FFF6F87ADFB5FB400000022F72C62FE304080D312
1248A616451681173C11C3E31888E36D8FFF001FFE6F87AEFB5FB400000122F72C62FE304080D313
1248A616451A81174111C3E41888E16D8FFF001FFD6F87ADFB5FB400000122F72C62FE304080D314
1248AE16451B81173211C3DF1888E96D9FFF001FFE6F77AEFB5FB400000222F72C62FE304080D315
1248B216451881174111C3D71888D86D8FFF001FFE6F87AFFB5FB400000122F72C62FE304080D316
1248B716451D81173911C3DB1888DB6D8FFF001FFE6F87AFFB6FB300000122F72C62FE304080D317
1248B216451D81173911C3DB1888D86D8FFF001FFE6F87AFFB5FB400000122F72C62FE304080D318
1248B216452281174111C3DB1888C86D8FFF001FFF6F87B1FB5FB400000122F72C62FE304080D319
1248AE16452281173911C3D71888D36D8FFF001FFF6F87B1FB6FB400000122F72C62FE304080D31A
1248B216452381173911C3D71888CA6D8FFF001FFF6F87B1FB5FB400000122F72C62FE304080D31B
1248B716452281173911C3CF1888C26D8FFF001FFF6F87B2FB5FB400000122F72C62FE304080D31C
1248B216452481173911C3CB1888C86D8FFF001FFF6F77B2FB5FB400000122F72C62FE304080D31D
1248B216452181174111C3CB1888BF6D7FFF001FFF6F87B2FB6FB400000022F72C62FE304080D31E
1248B216451D81173911C3CB1888BC6D7FFF001FFF6F87B3FB5FB400000122F72C62FE304080D31F
1248AE16451E81173911C3D31888C26D7FFF001FFF6F77B4FB5FB400000122F72C62FE304080D320
1248B216451981173911C3D31888BA6D7FFF001FFF6F87B4FB5FB400000122F72C62FE304080D321
1248B216451981173911C3CF1888C26D7FFF001FFE6F87B5FB6FB400000022F72C62FE304080D322
1248AE16451881173911C3D71888C26D8FFF001FFD6F77B5FB5FB400000222F72C62FE304080D323
1248AE16451681173911C3D31888C86D8FFF001FFF6F87B5FB5FB400000222F72C62FE304080E324
1248B216451681173911C3D71888D06D8FFF001FFF6F77B6FB5FB400000222F72C62FE304080D325
1248B216451481173911C3D31888CD6D8FFF001FFF6F87B7FB6FB400000122F72C62FE304080D326
1248B216451481173911C3D71888CD6D8FFF001FFE6F87B7FB5FB400000122F72C62FE304080D327
1248AE16451A81173911C3D31888BF6D7FFF001FFD6FA7B7FB5FB400000122F72C62FE304080E328
1248B216451781173911C3D31888CD6D8FFF001FFE6F87B8FB5FB400000122F72C62FE304080D329
1248B216451381173911C3CF1888D36D8FFF001FFF6F87B9FB4FB400000122F72C62FE304080D32A
1248B216451B81173911C3CF1888CA6D8FFF001FFF6F87B9FB4FB400000122F72C62FE304080D32B
1248B216451981173211C3C31888CD6D8FFF001FFD6F77B9FB4FB400000222F72C62FE304080D32C
1248B216451681173911C3BF1888B76D8FFF001FFE6F87BAFB4FB400000122F72C62FE304080D32D
1248AE16451681173911C3BB1888B76D8FFF001FFF6F87BAFB4FB400000122F72C62FE304080D32E
1248AE16451681173211C3BF1888BA6D8FFF001FFF6F87BAFB5FB400000122F72C62FE304080D32F
1248B216451681173911C3BF1888B76D7FFF001FFF6F87BAFB4FB400000122F72C62FE304080D330
1248B216451481173911C3BF1888AC6D8FFF001FFF6F87BAFB5FB400000122F72C62FE304080D331
1248AD16451B81173511C3C31888B46D8FFF001FFE6F77BBFB4FB400000122F72C62FE304080D332
1248B216451981173211C3C71888B16D8FFF001FFF6F87BBFB4FB400000122F72C62FE304080D333
1248AA16451281173911C3C31888B76D8FFF001FFF6F87BBFB5FB400000122F72C62FE304080D334
1248AA16451181173211C3C31888BA6D8FFF001FFF6F77BAFB4FB400000222F72C62FE304080D335
1248AE16451881173211C3C31888B16D8FFF001FFF6F77BAFB4FB400000122F72C62FE304080D336
1248AE16451881173911C3C71888B76D8FFF001FFE6F87BAFB4FB400000122F72C62FE304080D337
1248AE16451681173211C3C31888B16D8FFF001FFE6F87BAFB4FB400000122F72C62FE304080D338
1248AE16451381173211C3CB1888BA6D8FFF001FFF6F87B9FB4FB400000022F72C62FE304080D339
1248AE16451481173211C3C71888BC6D8FFF001FFF6F87B9FB4FB400000122F72C62FE304080D33A
1248AE16450F81172B11C3CB1888B76D8FFF001FFF6F77B8FB4FB400000122F72C62FE304080D33B
1248AA16451081173211C3C71888BA6D7FFF001FFE6F87B8FB5FB400000222F72C62FE304080D33C
1248A616450D81173211C3CB1888B76D8FFF001FFE6F87B8FB4FB400000122F72C62FE304080D33D
1248A616450C81173211C3C31888B76D7FFF001FFF6F87B7FB4FB400000122F72C62FE304080D33E
1248A616450F81173211C3C71888BA6D7FFF001FFF6F87B7FB4FB400000022F72C62FE304080D33F
1248AA16451581172B11C3C71888B76D7FFF001FFF6F87B6FB5FB400000122F72C62FE304080D340
1248A616451281172B11C3C71888BC6D7FFF001FFF6F87B6FB4FB300000022F72C62FE304080D341
1248AA16450E81173211C3BB1888B46D7FFF001FFE6F87B6FB4FB300000222F72C62FE304080D342
1248AA16451381172B11C3C31888B76D7FFF001FFF6F87B5FB4FB300000222F72C62FE304080D343
1248A216451381173211C3BF1888AC6D7FFF001FFF6F87B5FB4FB300000122F72C62FE304080D344
1248A616451181172B11C3C31888B16D7FFF001FFF6F87B5FB4FB300000122F72C62FE304080D345
1248A616450E81173211C3C71888B46D6FFF001FFE6F87B5FB5FB300000122F72C62FE304080D346
12489E16450C81172B11C3C31888B76D6FFF001FFD6F87B5FB4FB300000122F72C62FE304080D347
1248A616451481172B11C3C31888B76D6FFF001FFF6F87B4FB4FB300000222F72C62FE304080D348
1248A216451081172B11C3C71888AE6D7FFF001FFF6F77B4FB4FB300000222F72C62FE304080D349
1248A216451381172B11C3C71888BC6D6FFF001FFF6F87B3FB4FB300000222F72C62FE304080D34A
1248A216450F81172B11C3C31888B16D7FFF001FFF6F97B3FB4FB300000122F72C62FE304080D34B
1248AA16451381172B11C3C31888BA6D7FFF001FFF6F87B3FB4FB300000122F72C62FE304080D34C
1248A616450F81172B11C3C71888B16D6FFF001FFF6F87B3FB4FB300000122F72C62FE304080D34D
1248A616450C81172B11C3C31888B16D6FFF001FFF6F87B2FB4FB300000222F72C62FE304080D34E
1248A616451481172D11C3C31888B16D6FFF001FFF6F87B2FB4FB300000122F72C62FE304080D34F
1248A216451281172311C3C31888BA6D6FFF001FFE6F87B2FB4FB300000122F72C62FE304080D350
1248A616451581172B11C3C71888AC6D6FFF001FFF6F87B1FB4FB300000122F72C62FE304080D351
1248A616451281172B11C3BF1888B16D6FFF001FFF6F87B1FB5FB300000122F72C62FE304080D352
1248AA16451181172B11C3C31888AE6D6FFF001FFF6F67B2FB4FB300000122F72C62FE304080D353
1248AA16450F81172B11C3BF1888B16D6FFF001FFF6F77B2FB4FB300000022F72C62FE304080D354
1248A616451381172311C3C31888B16D5FFF001FFF6F87B1FB4FB300000222F72C62FE304080D355
1248A916450F81172B11C3C31888B46D5FFF001FFF6F87B1FB4FB300000122F72C62FE304080D356
1248A616450C81172B11C3BF1888B16D6FFF001FFF6F87B1FB4FB300000122F72C62FE304080D357
1248A616451081172311C3BF1888B16D6FFF001FFE6F87B1FB4FB300000222F72C62FE304080D358
1248AE16450D81172B11C3BF1888B46D5FFF001FFE6F87B1FB5FB200000122F72C62FE304080D359
1248AA16450C81172311C3BB1888B16D6FFF001FFF6F87B1FB5FB200000122F72C62FE304080D35A
1248A616450F81172B11C3BF1888B16D5FFF001FFF6F87B1FB5FB200000122F72C62FE304080D35B
1248A616451181172311C3BF1888B16D6FFF001FFF6F87B1FB5FB200000122F72C62FE304080D35C
1248A216450D81172311C3BF1888AE6D6FFF001FFF6F77B1FB5FB200000122F72C62FE304080D35D
1248A616451081172B11C3BF1888B16D6FFF001FFF6F87B0FB5FB200000122F72C62FE304080D35E
1248A616451281172311C3BB1888AC6D6FFF001FFF6F87B0FB6FB200000022F72C62FE304080D35F
12489E16450D81172311C3BF1888A96D6FFF001FFF6F87B0FB5FB200000122F72C62FE304080D360
1248A216450581172B11C3BF1888AC6D6FFF001FFE6F87B0FB5FB200000122F72C62FE304080D361
12489E16450581172311C3BB1888B16D6FFF001FFE6F77B0FB5FB200000122F72C62FE304080D362
12489E16450B81172311C3BB1888AE6D6FFF001FFF6F87B0FB5FB200000022F72C62FE304080D363
12489E16450881172311C3B21888A66D7FFF001FFE6F77B0FB6FB200000122F72C62FE304080D364
12489916450481172B11C3BB1888A66D7FFF001FFF6F87AFFB6FB200000222F72C62FE304080D365
12489916450C81172311C3C31888AC6D7FFF001FFF6F87AFFB5FB200000122F72C62FE304080D366
12489916450A81172311C3C71888B46D7FFF001FFF6F77AFFB5FB200000122F72C62FE304080D367
12489E16450A81172311C3CB1888C26D7FFF001FFF6F87AFFB6FB200000222F72C62FE304080D368
12489916450981172311C3C71888C86D6FFF001FFE6F77AFFB5FB200000222F72C62FE304080D369
12489916450581172311C3BF1888BF6D6FFF001FFE6F87AFFB5FB200000122F72C62FE304080D36A
12489E16450581172611C3C31888C26D6FFF001FFE6F87AFFB6FB200000122F72C62FE304080D36B
12489516450781171C11C3C31888B76D7FFF001FFF6F77AFFB5FB200000122F72C62FE304080D36C
12489916450781172311C3C31888BA6D7FFF001FFF6F87AFFB5FB200000122F72C62FE304080D36D
12489916450B81172311C3C31888BC6D7FFF001FFF6F87AFFB6FB200000122F72C62FE304080D36E
12489916450881172311C3BF1888B76D6FFF001FFF6F87AFFB6FB200000122F72C62FE304080D36F
12489516450481172311C3BF1888B76D7FFF001FFE6F87AFFB5FB200000122F72C62FE304080D370
12489516450581171C11C3C31888BA6D6FFF001FFE6F87AEFB5FB200000122F72C62FE304080D371
12489516450781172311C3C31888B76D6FFF001FFF6F77AEFB5FB300000022F72C62FE304080D372
12489516450A81172B11C3BF1888BC6D6FFF001FFF6F97ADFB4FB300000222F72C62FE304080D373
12489916450581171411C3BF1888B46D6FFF001FFF6F87ADFB4FB300000122F72C62FE304080D374
12489116450581172311C3BB1888B76D6FFF001FFE6F87ACFB4FB300000122F72C62FE304080D375
12489516450481172311C3BF1888B16D6FFF001FFE6F87ACFB5FB300000122F72C62FE304080D376
12489916450A81171C11C3BB1888BA6D6FFF001FFF6F77ABFB4FB300000222F72C62FE304080D377
12489516450881172311C3B71888B16D5FFF001FFE6F87AAFB4FB300000222F72C62FE304080D378
12489916450781171C11C3B71888AC6D6FFF002FFE6F87AAFB5FB300000122F72C62FE304080D379
12489916450A81172311C3AF1888A96D6FFF001FFE6F87A9FB5FB300000122F72C62FE304080D37A
12489916450981171C11C3AE1888AC6D6FFF001FFF6F87A8FB5FB300000122F72C62FE304080D37B
12489916450E81171C11C3AB1888A16D6FFF001FFF6F77A8FB4FB300000122F72C62FE304080D37C
12489816451181171C11C3AE1888A16D6FFF001FFF6F87A8FB4FB300000122F72C62FE304080D37D
12489916450D81172311C3AF1888A96D6FFF001FFF6F87A7FB4FB300000222F72C62FE304080D37E
12489916450981171C11C3B21888A66D6FFF001FFF6F77A6FB5FB300000122F72C62FE304080D37F
12489916450A81171C11C3AF1888A16D5FFF001FFE6F87A6FB4FB300000122F72C62FE304080D380
12489916450C81171C11C3B21888A36D6FFF001FFF6F87A5FB4FB300000222F72C62FE304080D381
12489916450A81171C11C3AF18889B6D6FFF001FFF6FB7A5FB4FB300000122F72C62FE304080D382
12489916450381171C11C3AE1888AC6D5FFF001FFF6F87A5FB5FB300000122F72C62FE304080D383
12489516450A81171C11C3B31888A36D6FFF001FFF6F87A5FB4FB300000122F72C62FE304080D384
12489916450881171C11C3AE1888A66D6FFF001FFF6F87A4FB4FB300000022F72C62FE304080D385
12489916450781171C11C3AF1888A66D6FFF001FFF6F87A4FB4FB300000222F72C62FE304080D386
12489516450781171011C3AA18889E6D6FFF001FFE6F87A4FB4FB300000122F72C62FE304080E387
12489916450781171C11C3AB18889B6D6FFF001FFE6F67A4FB5FB300000122F72C62FE304080D388
12489516450781171C11C3AA1888A16D6FFF001FFE6F87A4FB5FB300000122F72C62FE304080D389
12489516450481171411C3AB1888A16D6FFF001FFF6F87A4FB4FB400000122F72C62FE304080D38A
12489116450281171C11C3AE18889E6D6FFF001FFF6F77A3FB4FB400000122F72C62FE304080D38B
12488D16450281171411C3AB1888A16D6FFF001FFE6F87A3FB5FB400000122F72C62FE304080D38C
12488D16450081171C11C3AE1888956D6FFF001FFE6F87A3FB4FB400000122F72C62FE304080D38D
1248911644FD81171411C3AB18889E6D6FFF001FFE6F87A3FB4FB400000122F72C62FE304080D38E
12488D16450181171411C3AE1888956D6FFF001FFF6F87A3FB4FB400000122F72C62FE304080D38F
1248911644FE81171411C3AF1888956D6FFF001FFF6F87A3FB4FB400000222F72C62FE304080D390
1248911644FD81171411C3AE18889E6D5FFF001FFE6F77A3FB4FB400000222F72C62FE304080D391
12489116450481171411C3A71888A16D6FFF001FFD6F87A3FB4FB400000022F72C62FE304080D392
12489116450481171411C3AE18889B6D6FFF001FFE6F87A3FB4FB400000122F72C62FE304080D393
12489116450581171411C3AF18888D6D6FFF001FFF6F77A3FB5FB400000122F72C62FE304080D394
12489116450481170D11C3AE1888A16D6FFF001FFF6F87A3FB5FB400000222F72C62FE304080D395
12489116450281171411C3B718889B6D6FFF001FFF6F87A3FB4FB400000222F72C62FE304080D396
1248911644FF81170D11C3AE1888A16D5FFF001FFE6F67A4FB5FB400000122F72C62FE304080D397
12489516450081171411C3B318889E6D6FFF001FFE6F87A3FB4FB400000122F72C62FE304080D398
12488D16450281170D11C3AE1888A66D6FFF001FFE6F77A4FB4FB400000122F72C62FE304080D399
1248911644FC81171411C3B31888A16D6FFF001FFE6F87A4FB4FB400000122F72C62FE304080D39A
1248891644F881170D11C3B218889E6D6FFF001FFF6F87A4FB4FB400000122F72C62FE304080D39B
1248891644F581170D11C3B31888A16D6FFF001FFF6F87A4FB4FB400000222F72C62FE304080D39C
1248891644FA81171411C3AE1888A66D6FFF001FFF6F87A5FB4FB400000122F72C62FE304080D39D
12488D1644FA81170D11C3B318889E6D6FFF001FFF6F87A5FB4FB400000222F72C62FE304080D39E
1248891644F881170D11C3B21888A16D6FFF001FFF6F87A4FB4FB400000122F72C62FE304080D39F
1248891644FC81170D11C3B31888A16D6FFF001FFF6F87A4FB4FB400000022F72C62FE304080D3A0
12488D1644F981171011C3B718889E6D7FFF001FFE6F87A4FB4FB400000122F72C62FE304080D3A1
1248911644F881170D11C3B21888A16D6FFF001FFE6F87A5FB4FB400000122F72C62FE304080D3A2
12488D1644FB81170611C3B71888A66D7FFF001FFF6F87A4FB4FB400000122F72C62FE304080D3A3
1248911644FD81171411C3BB1888A66D7FFF001FFF6F87A4FB4FB400000222F72C62FE304080D3A4
12488D16450181170611C3B71888AE6D6FFF001FFF6F87A4FB4FB400000122F72C62FE304080D3A5
1248911644FE81170D11C3BB1888AC6D7FFF001FFE6F87A4FB4FB400000122F72C62FE304080D3A6
12489416450181170D11C3BB1888A66D6FFF001FFE6F87A5FB4FB400000122F72C62FE304080D3A7
1248911644FE81170611C3B71888A96D6FFF001FFE6F67A5FB4FB400000122F72C62FE304080D3A8
12489116443181170611C3B71888A66D7FFF001FFF6F87A5FB4FB400000122F72C62FE304080D3A9
1248911644B481170D11C3BB1888AC6D7FFF001FFE6F87A5FB5FB400000222F72C62FE304080D3AA
1248911644F881170611C3B71888A96D6FFF001FFE6F87A5FB4FB400000222F72C62FE304080D3AB
1248891644FF81170D11C3B71888AC6D6FFF001FFE6F87A5FB4FB400000122F72C62FE304080D3AC
1248951644FF81170D11C3B71888A16D6FFF001FFF6F87A5FB5FB400000022F72C62FE304080D3AD
12488D16450081170611C3AE1888A66D7FFF001FFF6F87A5FB4FB400000122F72C62FE304080D3AE
1248911644FF81170611C3B31888A96D7FFF001FFF6F87A5FB4FB400000122F72C62FE304080D3AF
12488D16450081170D11C3AA1888A66D6FFF001FFE6F87A5FB4FB400000122F72C62FE304080D3B0
1248911644FF81170611C3B31888956D6FFF001FFF6F87A5FB4FB400000122F72C62FE304080D3B1
12488D1644FB81170611C3AE1888A36D6FFF001FFF6F87A5FB4FB400000122F72C62FE304080D3B2
1248911644FF81170611C3B71888A16D6FFF001FFF6F87A5FB4FB400000222F72C62FE304080D3B3
1248911644FF81170611C3B21888A16D6FFF001FFF6F87A5FB5FB400000222F72C62FE304080D3B4
1248911644F981170611C3B318889E6D7FFF001FFF6F87A6FB4FB400000122F72C62FE304080D3B5
12488D16450081170611C3AE18889B6D6FFF001FFF6F87A5FB4FB400000022F72C62FE304080D3B6
12489116450281170611C3B318889B6D6FFF001FFF6F87A5FB4FB400000122F72C62FE304080D3B7
12488D1644FF81170611C3AA18889E6D7FFF001FFF6F87A5FB4FB400000122F72C62FE304080D3B8
12488D1644FD81170611C3AF18889B6D6FFF001FFF6F87A5FB4FB400000122F72C62FE304080D3B9
1248951644FA81170911C3B218889B6D7FFF001FFF6F87A5FB5FB200000222F72C62FE304080E3BA
1248891644FF81170611C3B31888A16D7FFF001FFF6F97A5FB4FB100000122F72C62FE304080D3BB
12488D1644FB81170611C3AA18889E6D6FFF001FFE6F87A5FB4FB100000122F72C62FE304080D3BC
1248891644FB81170611C3AF18889B6D7FFF001FFE6F87A5FB4FB100000122F72C62FE304080D3BD
12488D1644FD81170611C3AE1888A16D6FFF001FFF6F87A5FB4FB100000222F72C62FE304080D3BE
12488D1644FB81170611C3AF18889E6D7FFF001FFF6F87A5FB5FB100000122F72C62FE304080D3BF
12488D1644FF81170611C3AE18889B6D7FFF001FFF6F87A5FB4FB100000122F72C62FE304080D3C0
1248951644FB81170611C3AF1888A16D7FFF001FFE6F97A5FB4FB100000122F72C62FE304080D3C1
12488D1644F881170611C3AE18889E6D7FFF001FFE6F87A4FB4FB100000222F72C62FE304080D3C2
1248911644F881170611C3B31888A16D7FFF001FFE6F87A3FB4FB100000122F72C62FE304080D3C3
1248911644FF81170611C3AE1888A16D7FFF001FFE6F87A3FB4FB100000222F72C62FE304080D3C4
12488D1644FF81170611C3B31888A36D7FFF001FFE6F87A3FB4FB100000122F72C62FE304080D3C5
1248911644FD81170611C3AE1888A16D7FFF001FFE6F87A3FB5FB100000022F72C62FE304080D3C6
12489116450181170611C3AF18889B6D7FFF001FFF6F87A3FB5FB100000122F72C62FE304080D3C7
1248911644FE81170611C3AF18889B6D7FFF001FFF6F87A3FB4FB100000222F72C62FE304080D3C8
12489516450181170611C3B218889E6D7FFF001FFE6F87A3FB5FB100000222F72C62FE304080E3C9
12489516450381170611C3B31888A16D7FFF001FFE6F77A3FB4FB100000122F72C62FE304080D3CA
12489516450281170611C3AE1888A16D7FFF001FFF6F77A3FB4FB100000122F72C62FE304080D3CB
12489116450281170611C3AF1888A36D7FFF001FFF6F87A3FB5FB100000222F72C62FE304080D3CC
12489516450281170D11C3AE1888A16D7FFF001FFE6F87A3FB4FB100000122F72C62FE304080D3CD
12488D1644FF81170611C3AF1888A16D7FFF001FFD6F87A2FB4FB100000222F72C62FE304080D3CE
1248911644FD81170611C3AE1888986D7FFF001FFF6F87A3FB5FB100000222F72C62FE304080D3CF
1248891644FA81170611C3B31888A66D7FFF001FFF6F87A2FB4FB100000122F72C62FE304080D3D0
12488D1644F881170611C3AE1888A16D7FFF001FFF6F87A2FB4FB100000122F72C62FE304080D3D1
1248901644F881171011C3AF1888A36D7FFF001FFF6F87A2FB4FB200000122F72C62FE304080E3D2
12488D1644FB8116FE11C3AE1888A66D7FFF001FFF6F87A2FB3FB300000122F72C62FE304080D3D3
12488D1644FD81170611C3AF1888A16D8FFF001FFE6F87A2FB3FB300000122F72C62FE304080D3D4
1248951644FD81170D11C3AE1888A16D7FFF001FFF6F67A2FB3FB300000122F72C62FE304080D3D5
12489516450181170611C3AF18889E6D7FFF001FFF6F87A2FB3FB300000122F72C62FE304080D3D6
12489E16450A81170611C3B21888A16D7FFF001FFF6F87A2FB3FB300000222F72C62FE304080D3D7
12489E16450881170D11C3B31888A16D7FFF001FFF6F97A2FB3FB300000122F72C62FE304080D3D8
12489E16450781170D11C3AE1888A36D7FFF001FFF6F87A2FB3FB300000022F72C62FE304080D3D9
12489916450A81170611C3AF1888A16D7FFF001FFE6F87A2FB3FB300000222F72C62FE304080D3DA
1248A216450981170D11C3AE18889B6D7FFF001FFF6F87A2FB3FB300000122F72C62FE304080D3DB
1248A216450A81170611C3AB18889E6D7FFF001FFF6F87A2FB3FB300000222F72C62FE304080D3DC
1248A216450C81170D11C3AE1888A16D7FFF001FFF6F87A2FB3FB300000222F72C62FE304080D3DD
12489916450C81170611C3B31888A16D7FFF001FFF6F87A2FB3FB300000122F72C62FE304080D3DE
1248A216450C81170D11C3B218889E6D8FFF001FFF6F87A2FB3FB300000122F72C62FE304080D3DF
1248A216450881170D11C3AB1888A16D7FFF001FFE6F87A2FB3FB300000122F72C62FE304080D3E0
12489916450481170D11C3B21888A16D8FFF001FFF6F87A2FB3FB300000222F72C62FE304080D3E1
12489E16450681170D11C3B31888A16D7FFF001FFF6F87A3FB3FB300000122F72C62FE304080D3E2
12489E16450781170D11C3AA1888A36D7FFF001FFE6F77A3FB3FB300000122F72C62FE304080D3E3
12489516450481170D11C3AF18889B6D7FFF001FFE6F87A3FB3FB300000122F72C62FE304080D3E4
12489116450581170D11C3B218889B6D8FFF001FFE6F87A3FB3FB300000022F72C62FE304080D3E5
1248911644FD81170D11C3B31888A36D7FFF001FFF6F87A4FB3FB300000222F72C62FE304080D3E6
12488D1644FF81170D11C3B21888A16D8FFF001FFF6F87A4FB3FB300000022F72C62FE304080D3E7
12488D1644FB81171411C3AF1888A16D7FFF001FFF6F87A4FB4FB300000122F72C62FE304080D3E8
12488D1644FF81171411C3AE1888A36D7FFF001FFF6F87A5FB4FB300000122F72C62FE304080D3E9
12488D1644FF81170D11C3AF1888A16D7FFF001FFF6F87A5FB4FB300000122F72C62FE304080D3EA
12488D1644FD81171011C3B21888A66D7FFF001FFE6F87A5FB5FB300000022F72C62FE304080D3EB
1248911644FA81171C11C3B318889E6D7FFF001FFD6F87A6FB6FB300000022F72C62FE304080D3EC
1248911644F881170D11C3AE1888A66D7FFF001FFE6F87A6FB5FB300000222F72C62FE304080D3ED
1248911644FC81171411C3AF1888A16D7FFF001FFF6F87A6FB5FB300000122F72C62FE304080D3EE
12488D1644FB81171411C3B31888A16D7FFF001FFF6F87A7FB5FB300000122F72C62FE304080D3EF
12488D1644FF81171411C3B718889E6D7FFF001FFE6F87A6FB6FB300000222F72C62FE304080D3F0
12488D16450281171411C3B31888A16D6FFF001FFD6F87A7FB5FB300000122F72C62FE304080D3F1
12488D16450281171411C3B21888A16D7FFF001FFD6F87A7FB5FB300000122F72C62FE304080D3F2
12488D1644FB81171C11C3B31888A36D7FFF001FFF6F87A7FB5FB300000122F72C62FE304080D3F3
12488D1644FF81171411C3B21888A66D6FFF001FFF6F87A7FB5FB300000122F72C62FE304080D3F4
12488D1644FF81171411C3B71888A16D6FFF001FFF6F87A7FB5FB300000122F72C62FE304080D3F5
12488D16450481171411C3B21888A96D6FFF001FFF6F87A7FB5FB300000022F72C62FE304080D3F6
1248911644FD81171C11C3B71888A16D6FFF001FFE6F87A8FB5FB300000122F72C62FE304080D3F7
1248891644FB81171C11C3B21888A66D6FFF001FFD6F87A8FB5FB300000222F72C62FE304080D3F8
12488D1644FA81171C11C3B31888A96D6FFF001FFE6F87A8FB5FB300000222F72C62FE304080D3F9
12488D16450081171411C3B21888A16D6FFF001FFF6F87A8FB5FB300000222F72C62FE304080D3FA
1248901644FE81171C11C3AF1888A16D6FFF001FFF6F87A8FB5FB300000122F72C62FE304080D3FB
12489516450181171C11C3B218889B6D7FFF001FFD6F87A8FB5FB300000122F72C62FE304080D3FC
1248951644FE81171411C3AB1888A36D6FFF001FFD6F87A8FB6FB300000222F72C62FE304080D3FD
1248951644FD81172311C3B218889B6D6FFF001FFD6F87A8FB6FB300000122F72C62FE304080D3FE
12488D16450081171C11C3AF1888A66D7FFF001FFE6F87A9FB5FB300000122F72C62FE304080D3FF
12489116450281171C11C3AE1888A36D6FFF001FFF6F87A9FB5FB300000122F72C62FE304080D300
12488D1644FE81171C11C3B71888A16D6FFF001FFF6F87A9FB6FB300000122F72C62FE304080D301
1248951644FD81171C11C3B71888A66D5FFF001FFE6F77A9FB5FB300000122F72C62FE304080D302
1248951644FD81171C11C3B71888A36D6FFF001FFE6F87A9FB5FB300000122F72C62FE304080D303
1248911644FD81172311C3B71888A66D6FFF001FFE6F87A9FB5FB300000122F72C62FE304080D304
12488D1644FD81171C11C3B31888A66D5FFF001FFF6F87A9FB5FB300000022F72C62FE304080D305
1248911644FA81172611C3B71888A96D6FFF001FFF6F87A9FB5FB300000122F72C62FE304080D306
1248911644FC81171C11C3B31888A66D6FFF001FFF6F87A9FB5FB300000122F72C62FE304080D307
1248891644F981171C11C3B71888A66D6FFF001FFF6F87A9FB5FB300000122F72C62FE304080D308
1248911644F881171C11C3B71888A16D6FFF001FFF6F87A9FB5FB300000122F72C62FE304080D309
12488D1644FB81172311C3B71888A96D7FFF001FFE6F87A9FB5FB300000122F72C62FE304080E30A
1248891644FA81172311C3B31888AC6D6FFF001FFE6F87A9FB5FB300000122F72C62FE304080D30B
1248891644FB81171C11C3B71888A66D7FFF001FFE6F87A9FB5FB300000122F72C62FE304080D30C
1248911644FA81172311C3B71888AE6D7FFF001FFF6F87A9FB5FB300000222F72C62FE304080D30D
12488D1644FB81171C11C3AE1888A66D6FFF001FFF6F87AAFB5FB300000122F72C62FE304080D30E
1248891644FA81172311C3BB1888A66D7FFF001FFF6F87AAFB5FB300000222F72C62FE304080D30F
12488D1644FB81172311C3BB1888A96D7FFF001FFE6F87AAFB5FB300000222F72C62FE304080D310
