#fields: DAQ.lowering,DAQ.type,EIC.time,EIC.lat,EIC.lon,EIC.x,EIC.y,DAQ.g,DAQ.p,DAQ.r,DAQ.a,EIC.depth,DAQ.da,MAG.src,MAG.x,MAG.y,MAG.z,MAG.m,CTD.src,CTD.tp,CTD.c,CTD.dp,CTD.s,CTD.svel,CTD.p,DAQ.cruiseid,DAQ.etype,DAQ.evt
J2-1011,EVT,2017/08/25 21:49:09,44.3692150,-124.9541000,833.16,1056.27,73.04,1.7,0.1,0.00,0.70,0.7,HMR2300,-21853.3,44660.0,28673.3,57395.5,,,,,,,,RR1715,DLG,TXT: Jason off the deck USR:eventlogger
J2-1011,EVT,2017/08/25 21:50:49,44.3692150,-124.9541000,833.16,1056.27,159.48,0.5,-0.0,0.00,1.87,1.87,HMR2300,12653.3,12453.3,35160.0,39388.0,,,,,,,,RR1715,DLG,JASON: Jason in water USR:eventlogger
J2-1011,ASNAP,2017/08/25 21:59:10,44.3688669,-124.9516572,1027.91,1017.59,267.16,0.3,4.8,0.00,50.95,50.95,HMR2300,4540.0,-14486.7,48773.3,51081.4,,,,,,,,RR1715,,
J2-1011,ASNAP,2017/08/25 21:59:15,44.3688712,-124.9516697,1026.91,1018.07,267.54,-0.0,1.6,0.00,53.73,53.73,HMR2300,5373.3,-9333.3,49153.3,50319.3,,,,,,,,RR1715,,
J2-1011,ASNAP,2017/08/25 21:59:20,44.3688714,-124.9516612,1027.59,1018.09,267.33,0.8,1.2,0.00,56.65,56.65,HMR2300,5546.7,-11273.3,48906.7,50494.7,,,,,,,,RR1715,,
J2-1011,ASNAP,2017/08/25 21:59:25,44.3688904,-124.9516590,1027.76,1020.21,267.47,-0.0,1.6,0.00,59.93,59.93,HMR2300,4726.7,-12080.0,48840.0,50533.3,,,,,,,,RR1715,,
J2-1011,ASNAP,2017/08/25 21:59:30,44.3688940,-124.9516595,1027.72,1020.61,267.81,0.6,0.9,0.00,62.32,62.32,HMR2300,5780.0,-9706.7,49140.0,50421.9,,,,,,,,RR1715,,
J2-1011,ASNAP,2017/08/25 21:59:35,44.3689003,-124.9516590,1027.76,1021.31,267.94,-1.4,2.8,0.00,64.75,64.75,HMR2300,4400.0,-12013.3,48880.0,50526.6,,,,,,,,RR1715,,
J2-1011,ASNAP,2017/08/25 21:59:40,44.3689122,-124.9516746,1026.52,1022.63,267.73,0.3,1.2,0.00,67.25,67.25,HMR2300,5400.0,-10773.3,49073.3,50531.3,,,,,,,,RR1715,,
J2-1011,ASNAP,2017/08/25 21:59:45,44.3689121,-124.9516163,1031.17,1022.62,267.49,-0.8,2.3,0.00,69.69,69.69,HMR2300,4640.0,-11880.0,48913.3,50548.8,,,,,,,,RR1715,,
J2-1011,ASNAP,2017/08/25 21:59:50,44.3689108,-124.9516081,1031.82,1022.47,267.57,-0.4,1.0,0.00,71.85,71.85,HMR2300,4553.3,-11026.7,49060.0,50489.6,,,,,,,,RR1715,,
J2-1011,ASNAP,2017/08/25 21:59:55,44.3689169,-124.9515979,1032.63,1023.15,267.49,-0.8,1.6,0.00,74.62,74.62,HMR2300,4466.7,-11660.0,48973.3,50540.0,,,,,,,,RR1715,,
J2-1011,ASNAP,2017/08/25 22:00:00,44.3689204,-124.9515854,1033.63,1023.54,267.92,-0.2,0.5,0.00,77.47,77.47,HMR2300,4686.7,-10360.0,49166.7,50464.4,,,,,,,,RR1715,,
J2-1011,ASNAP,2017/08/25 22:00:05,44.3689381,-124.9515544,1036.10,1025.51,267.90,-1.7,2.6,0.00,79.63,79.63,HMR2300,3973.3,-12280.0,48913.3,50587.5,,,,,,,,RR1715,,
J2-1011,ASNAP,2017/08/25 22:00:10,44.3689400,-124.9515468,1036.71,1025.72,267.58,-0.2,0.8,0.00,81.24,81.24,HMR2300,4880.0,-10333.3,49106.7,50418.8,,,,,,,,RR1715,,
J2-1011,ASNAP,2017/08/25 22:00:15,44.3689344,-124.9515187,1038.95,1025.09,268.21,-1.7,1.3,0.00,82.72,82.72,HMR2300,4180.0,-11740.0,48940.0,50501.7,,,,,,,,RR1715,,
J2-1011,ASNAP,2017/08/25 22:00:20,44.3689521,-124.9515293,1038.10,1027.06,268.33,-1.2,1.0,0.00,83.81,83.81,HMR2300,3946.7,-11746.7,49073.3,50613.8,,,,,,,,RR1715,,
J2-1011,ASNAP,2017/08/25 22:00:25,44.3689593,-124.9515114,1039.53,1027.86,267.81,-0.8,1.0,0.00,85.32,85.32,HMR2300,4300.0,-11646.7,49060.0,50606.5,,,,,,,,RR1715,,
J2-1011,ASNAP,2017/08/25 22:00:30,44.3689597,-124.9515113,1039.54,1027.91,267.56,-1.1,1.1,0.00,86.60,86.6,HMR2300,3606.7,-11446.7,49233.3,50675.0,,,,,,,,RR1715,,
J2-1011,ASNAP,2017/08/25 22:00:35,44.3689695,-124.9515030,1040.20,1028.99,267.43,-0.9,1.7,0.00,87.93,87.93,HMR2300,4480.0,-12506.7,48893.3,50666.0,,,,,,,,RR1715,,
J2-1011,ASNAP,2017/08/25 22:00:40,44.3689759,-124.9514768,1042.29,1029.70,267.16,-0.8,1.5,0.00,89.42,89.42,HMR2300,4620.0,-11720.0,49073.3,50664.5,,,,,,,,RR1715,,
J2-1011,ASNAP,2017/08/25 22:00:45,44.3689794,-124.9514767,1042.30,1030.09,267.02,-0.9,1.3,0.00,91.36,91.36,HMR2300,4526.7,-11540.0,49066.7,50608.3,,,,,,,,RR1715,,
J2-1011,ASNAP,2017/08/25 22:00:50,44.3689874,-124.9514719,1042.68,1030.98,267.19,-0.8,2.7,0.00,93.44,93.44,HMR2300,5233.3,-12606.7,48846.7,50718.0,,,,,,,,RR1715,,
J2-1011,ASNAP,2017/08/25 22:00:55,44.3689998,-124.9514859,1041.56,1032.36,265.07,0.0,2.6,0.00,94.76,94.76,HMR2300,5460.0,-12446.7,48726.7,50586.7,,,,,,,,RR1715,,
J2-1011,ASNAP,2017/08/25 22:01:00,44.3689932,-124.9514962,1040.74,1031.63,269.02,-1.2,1.7,0.00,95.77,95.77,HMR2300,3313.3,-12340.0,48820.0,50464.3,,,,,,,,RR1715,,
J2-1011,ASNAP,2017/08/25 22:01:05,44.3689975,-124.9515187,1038.95,1032.10,270.79,-1.6,1.6,0.00,96.42,96.42,HMR2300,2740.0,-12553.3,48926.7,50585.7,,,,,,,,RR1715,,
J2-1011,ASNAP,2017/08/25 22:01:10,44.3689941,-124.9515303,1038.02,1031.73,269.18,-1.0,1.6,0.00,97.09,97.09,HMR2300,3886.7,-12060.0,48860.0,50476.2,,,,,,,,RR1715,,
J2-1011,ASNAP,2017/08/25 22:01:15,44.3689876,-124.9515354,1037.62,1031.00,268.80,-1.3,1.4,0.00,97.73,97.73,HMR2300,3646.7,-12006.7,48946.7,50529.5,,,,,,,,RR1715,,
J2-1011,ASNAP,2017/08/25 22:01:20,44.3689903,-124.9515445,1036.89,1031.30,268.70,-0.9,1.7,0.00,98.75,98.75,HMR2300,3860.0,-12406.7,48760.0,50461.5,,,,,,,,RR1715,,
J2-1011,ASNAP,2017/08/25 22:01:25,44.3689838,-124.9515459,1036.78,1030.58,268.92,-0.7,1.6,0.00,99.88,99.88,HMR2300,4006.7,-12360.0,48893.3,50590.3,,,,,,,,RR1715,,
J2-1011,ASNAP,2017/08/25 22:01:30,44.3689800,-124.9515483,1036.59,1030.16,269.31,-0.7,1.9,0.00,101.03,101.03,HMR2300,4013.3,-12680.0,48766.7,50547.8,,,,,,,,RR1715,,
J2-1011,ASNAP,2017/08/25 22:01:35,44.3689800,-124.9515483,1036.59,1030.16,270.04,-0.6,2.3,0.00,101.92,101.92,HMR2300,3886.7,-13053.3,48706.7,50575.0,,,,,,,,RR1715,,
J2-1011,ASNAP,2017/08/25 22:01:40,44.3689777,-124.9515517,1036.32,1029.90,273.30,-0.4,2.2,0.00,103.27,103.27,HMR2300,2433.3,-13520.0,48673.3,50574.7,,,,,,,,RR1715,,
J2-1011,ASNAP,2017/08/25 22:01:45,44.3689785,-124.9515492,1036.52,1029.99,272.96,0.5,2.6,0.00,104.68,104.68,HMR2300,3840.0,-13300.0,48653.3,50584.4,,,,,,,,RR1715,,
J2-1011,ASNAP,2017/08/25 22:01:50,44.3689833,-124.9515607,1035.60,1030.53,269.94,0.1,2.3,0.00,106.28,106.28,HMR2300,4660.0,-12926.7,48740.0,50639.9,,,,,,,,RR1715,,
J2-1011,ASNAP,2017/08/25 22:01:55,44.3689893,-124.9515834,1033.79,1031.19,267.54,0.0,2.3,0.00,107.50,107.5,HMR2300,5173.3,-12820.0,48753.3,50675.5,,,,,,,,RR1715,,
J2-1011,ASNAP,2017/08/25 22:02:00,44.3689905,-124.9515840,1033.74,1031.33,267.77,-0.1,2.3,0.00,109.18,109.18,HMR2300,4953.3,-12933.3,48693.3,50624.6,,,,,,,,RR1715,,
J2-1011,ASNAP,2017/08/25 22:02:05,44.3689940,-124.9515922,1033.09,1031.72,270.54,-1.1,1.8,0.00,110.83,110.83,HMR2300,2486.7,-11913.3,48940.0,50430.5,,,,,,,,RR1715,,
J2-1011,ASNAP,2017/08/25 22:02:10,44.3689966,-124.9515843,1033.72,1032.00,274.45,-1.0,1.9,0.00,111.12,111.12,HMR2300,1580.0,-12900.0,48753.3,50455.9,,,,,,,,RR1715,,
J2-1011,ASNAP,2017/08/25 22:02:15,44.3690006,-124.9515821,1033.89,1032.45,273.42,-1.0,1.6,0.00,110.70,110.7,HMR2300,2293.3,-12780.0,48900.0,50594.4,,,,,,,,RR1715,,
J2-1011,ASNAP,2017/08/25 22:02:20,44.3689996,-124.9515957,1032.81,1032.34,271.62,-0.9,2.0,0.00,110.01,110.01,HMR2300,3066.7,-12933.3,48813.3,50590.7,,,,,,,,RR1715,,
J2-1011,ASNAP,2017/08/25 22:02:25,44.3689996,-124.9515957,1032.81,1032.34,271.26,-1.2,1.9,0.00,109.66,109.66,HMR2300,2920.0,-12820.0,48593.3,50340.7,,,,,,,,RR1715,,
J2-1011,ASNAP,2017/08/25 22:02:30,44.3689996,-124.9515957,1032.81,1032.34,272.76,-1.4,1.9,0.00,109.58,109.58,HMR2300,2300.0,-12893.3,48680.0,50411.0,,,,,,,,RR1715,,
J2-1011,ASNAP,2017/08/25 22:02:35,44.3689679,-124.9515534,1036.18,1028.82,272.92,-1.3,1.7,0.00,109.66,109.66,HMR2300,2240.0,-12833.3,48680.0,50393.0,,,,,,,,RR1715,,
J2-1011,ASNAP,2017/08/25 22:02:40,44.3689590,-124.9515402,1037.23,1027.83,272.58,-1.2,1.7,0.00,109.80,109.8,HMR2300,2326.7,-12900.0,48580.0,50317.4,,,,,,,,RR1715,,
J2-1011,ASNAP,2017/08/25 22:02:45,44.3689590,-124.9515402,1037.23,1027.83,274.18,-1.3,1.9,0.00,109.84,109.84,HMR2300,1620.0,-12873.3,48713.3,50411.7,,,,,,,,RR1715,,
J2-1011,ASNAP,2017/08/25 22:02:50,44.3689422,-124.9515165,1039.12,1025.96,282.06,-1.3,1.9,0.00,109.84,109.84,HMR2300,-1413.3,-13586.7,48480.0,50367.7,,,,,,,,RR1715,,
J2-1011,ASNAP,2017/08/25 22:02:55,44.3689422,-124.9515165,1039.12,1025.96,286.37,-1.9,1.6,0.00,109.84,109.84,HMR2300,-3386.7,-13106.7,48546.7,50398.7,,,,,,,,RR1715,,
J2-1011,ASNAP,2017/08/25 22:03:00,44.3689422,-124.9515165,1039.12,1025.96,287.93,-1.9,2.1,0.00,109.92,109.92,HMR2300,-3440.0,-13526.7,48453.3,50423.5,,,,,,,,RR1715,,
J2-1011,ASNAP,2017/08/25 22:03:05,44.3689181,-124.9515263,1038.34,1023.28,288.12,-1.8,2.2,0.00,109.94,109.94,HMR2300,-3793.3,-13560.0,48400.0,50406.6,,,,,,,,RR1715,,
J2-1011,ASNAP,2017/08/25 22:03:10,44.3689130,-124.9515239,1038.53,1022.72,294.08,-1.3,1.8,0.00,109.88,109.88,HMR2300,-5413.3,-13100.0,48106.7,50151.4,,,,,,,,RR1715,,
J2-1011,ASNAP,2017/08/25 22:03:15,44.3689054,-124.9515212,1038.75,1021.87,291.96,-1.3,1.8,0.00,109.80,109.8,HMR2300,-2953.3,-13700.0,48680.0,50657.2,,,,,,,,RR1715,,
J2-1011,ASNAP,2017/08/25 22:03:20,44.3688948,-124.9515254,1038.41,1020.69,246.74,-1.1,1.4,0.00,109.82,109.82,HMR2300,11746.7,-8193.3,48333.3,50410.6,,,,,,,,RR1715,,
J2-1011,ASNAP,2017/08/25 22:03:25,44.3688948,-124.9515254,1038.41,1020.69,261.51,-1.1,1.2,0.00,109.94,109.94,HMR2300,6013.3,-11540.0,48953.3,50653.3,,,,,,,,RR1715,,
J2-1011,ASNAP,2017/08/25 22:03:30,44.3688904,-124.9515066,1039.91,1020.20,265.51,-1.1,1.4,0.00,109.89,109.89,HMR2300,5286.7,-11606.7,49040.0,50671.3,,,,,,,,RR1715,,
J2-1011,ASNAP,2017/08/25 22:03:35,44.3688814,-124.9514903,1041.21,1019.20,268.95,-1.1,1.2,0.00,109.84,109.84,HMR2300,3213.3,-12186.7,48840.0,50439.9,,,,,,,,RR1715,,
J2-1011,ASNAP,2017/08/25 22:03:40,44.3688814,-124.9514903,1041.21,1019.20,273.89,-1.4,1.4,0.00,109.94,109.94,HMR2300,1933.3,-12640.0,48953.3,50595.8,,,,,,,,RR1715,,
J2-1011,ASNAP,2017/08/25 22:03:45,44.3688683,-124.9514922,1041.06,1017.75,273.50,-1.3,2.1,0.00,109.98,109.98,HMR2300,2146.7,-14580.0,48586.7,50772.5,,,,,,,,RR1715,,
J2-1011,ASNAP,2017/08/25 22:03:50,44.3688683,-124.9514922,1041.06,1017.75,271.42,-0.4,2.3,0.00,110.31,110.31,HMR2300,3880.0,-13186.7,48833.3,50731.0,,,,,,,,RR1715,,
J2-1011,ASNAP,2017/08/25 22:03:55,44.3688614,-124.9514832,1041.78,1016.98,268.79,-0.9,2.7,0.00,111.60,111.6,HMR2300,4566.7,-13193.3,48806.7,50764.3,,,,,,,,RR1715,,
J2-1011,ASNAP,2017/08/25 22:04:00,44.3688615,-124.9514711,1042.74,1016.99,267.27,-1.0,2.7,0.00,113.21,113.21,HMR2300,4866.7,-12786.7,48806.7,50688.0,,,,,,,,RR1715,,
J2-1011,ASNAP,2017/08/25 22:04:05,44.3688615,-124.9514711,1042.74,1016.99,267.47,-0.8,2.7,0.00,114.89,114.89,HMR2300,4686.7,-13106.7,48820.0,50765.6,,,,,,,,RR1715,,
J2-1011,ASNAP,2017/08/25 22:04:10,44.3688594,-124.9514373,1045.44,1016.76,267.94,-0.8,3.0,0.00,116.23,116.23,HMR2300,4466.7,-13433.3,48760.0,50773.4,,,,,,,,RR1715,,
J2-1011,ASNAP,2017/08/25 22:04:15,44.3688594,-124.9514373,1045.44,1016.76,269.24,-0.8,2.3,0.00,118.02,118.02,HMR2300,4173.3,-13006.7,48846.7,50720.7,,,,,,,,RR1715,,
J2-1011,ASNAP,2017/08/25 22:04:20,44.3688590,-124.9514267,1046.28,1016.72,268.20,-1.2,2.3,0.00,119.69,119.69,HMR2300,4780.0,-12820.0,48833.3,50713.9,,,,,,,,RR1715,,
J2-1011,ASNAP,2017/08/25 22:04:25,44.3688524,-124.9514149,1047.22,1015.98,266.52,0.4,2.7,0.00,121.12,121.12,HMR2300,6073.3,-13000.0,48673.3,50744.2,,,,,,,,RR1715,,
J2-1011,ASNAP,2017/08/25 22:04:30,44.3688581,-124.9514340,1045.70,1016.61,266.80,-0.1,2.2,0.00,122.23,122.23,HMR2300,5833.3,-12500.0,48840.0,50750.6,,,,,,,,RR1715,,
J2-1011,ASNAP,2017/08/25 22:04:35,44.3688610,-124.9514573,1043.84,1016.94,263.74,0.1,1.8,0.00,123.59,123.59,HMR2300,6513.3,-11360.0,48946.7,50668.0,,,,,,,,RR1715,,
J2-1011,ASNAP,2017/08/25 22:04:40,44.3688703,-124.9514593,1043.68,1017.97,266.56,0.5,1.2,0.00,124.09,124.09,HMR2300,6226.7,-11793.3,48853.3,50640.9,,,,,,,,RR1715,,
J2-1011,ASNAP,2017/08/25 22:04:45,44.3688777,-124.9514950,1040.84,1018.79,267.21,0.2,1.2,0.00,123.59,123.59,HMR2300,5933.3,-11526.7,48706.7,50402.5,,,,,,,,RR1715,,
J2-1011,ASNAP,2017/08/25 22:04:50,44.3688912,-124.9515505,1036.41,1020.29,265.04,-1.5,1.4,0.00,123.20,123.2,HMR2300,5060.0,-11306.7,49020.0,50560.9,,,,,,,,RR1715,,
J2-1011,ASNAP,2017/08/25 22:04:55,44.3688931,-124.9515786,1034.17,1020.50,265.24,-1.7,1.1,0.00,123.05,123.05,HMR2300,5086.7,-11586.7,49320.0,50917.5,,,,,,,,RR1715,,
J2-1011,ASNAP,2017/08/25 22:05:00,44.3689046,-124.9516180,1031.03,1021.78,265.39,-1.0,1.3,0.00,123.25,123.25,HMR2300,4933.3,-11833.3,48993.3,50643.0,,,,,,,,RR1715,,
J2-1011,ASNAP,2017/08/25 22:05:05,44.3689059,-124.9516466,1028.75,1021.93,265.58,-1.3,1.3,0.00,123.56,123.56,HMR2300,4933.3,-11560.0,49106.7,50689.6,,,,,,,,RR1715,,
J2-1011,ASNAP,2017/08/25 22:05:10,44.3689272,-124.9517128,1023.47,1024.29,267.06,-0.4,1.1,0.00,123.70,123.7,HMR2300,5213.3,-11560.0,49126.7,50737.0,,,,,,,,RR1715,,
J2-1011,ASNAP,2017/08/25 22:05:15,44.3689323,-124.9517407,1021.25,1024.86,266.49,-0.2,1.0,0.00,123.57,123.57,HMR2300,6073.3,-11460.0,49046.7,50732.6,,,,,,,,RR1715,,
J2-1011,ASNAP,2017/08/25 22:05:20,44.3689288,-124.9517752,1018.50,1024.47,266.10,-0.0,1.5,0.00,123.22,123.22,HMR2300,5753.3,-11773.3,48973.3,50696.2,,,,,,,,RR1715,,
J2-1011,ASNAP,2017/08/25 22:05:25,44.3689366,-124.9518510,1012.46,1025.34,266.11,0.1,1.1,0.00,122.99,122.99,HMR2300,6680.0,-11513.3,49233.3,51001.0,,,,,,,,RR1715,,
J2-1011,ASNAP,2017/08/25 22:05:30,44.3689491,-124.9518688,1011.04,1026.73,261.61,1.3,-1.7,0.00,123.05,123.05,HMR2300,8866.7,-9980.0,48866.7,50657.4,,,,,,,,RR1715,,
J2-1011,ASNAP,2017/08/25 22:05:35,44.3689476,-124.9519049,1008.16,1026.56,263.19,1.0,1.3,0.00,124.17,124.17,HMR2300,7800.0,-11460.0,48813.3,50743.6,,,,,,,,RR1715,,
J2-1011,ASNAP,2017/08/25 22:05:40,44.3689626,-124.9518898,1009.36,1028.23,264.95,1.6,1.7,0.00,126.65,126.65,HMR2300,7413.3,-11960.0,48800.0,50788.2,,,,,,,,RR1715,,
J2-1011,ASNAP,2017/08/25 22:05:45,44.3689767,-124.9519036,1008.26,1029.79,265.91,1.5,1.3,0.00,129.55,129.55,HMR2300,7146.7,-11760.0,48846.7,50748.1,,,,,,,,RR1715,,
J2-1011,ASNAP,2017/08/25 22:05:50,44.3689901,-124.9518974,1008.76,1031.28,266.12,1.5,1.4,0.00,131.93,131.93,HMR2300,7226.7,-11946.7,48806.7,50764.5,,,,,,,,RR1715,,
J2-1011,ASNAP,2017/08/25 22:05:55,44.3689996,-124.9519014,1008.44,1032.34,266.31,1.8,1.6,0.00,135.18,135.18,HMR2300,7400.0,-12100.0,48740.0,50761.8,,,,,,,,RR1715,,
J2-1011,ASNAP,2017/08/25 22:06:00,44.3690075,-124.9519191,1007.03,1033.22,266.37,1.5,1.6,0.00,138.31,138.31,HMR2300,7093.3,-11886.7,48840.0,50763.7,,,,,,,,RR1715,,
J2-1011,ASNAP,2017/08/25 22:06:05,44.3690158,-124.9519423,1005.18,1034.14,265.73,1.3,1.1,0.00,141.06,141.06,HMR2300,7200.0,-11500.0,48893.3,50741.0,,,,,,,,RR1715,,
J2-1011,ASNAP,2017/08/25 22:06:10,44.3690150,-124.9519403,1005.34,1034.05,266.03,1.4,1.4,0.00,142.98,142.98,HMR2300,7140.0,-11900.0,48800.0,50734.9,,,,,,,,RR1715,,
J2-1011,ASNAP,2017/08/25 22:06:15,44.3690224,-124.9519464,1004.85,1034.87,266.01,1.2,1.4,0.00,145.44,145.44,HMR2300,6973.3,-11760.0,48833.3,50711.1,,,,,,,,RR1715,,
J2-1011,ASNAP,2017/08/25 22:06:20,44.3690306,-124.9519569,1004.01,1035.78,265.90,1.1,1.3,0.00,147.79,147.79,HMR2300,7006.7,-11660.0,48846.7,50705.5,,,,,,,,RR1715,,
J2-1011,ASNAP,2017/08/25 22:06:25,44.3690413,-124.9519547,1004.19,1036.97,265.78,1.1,1.2,0.00,150.15,150.15,HMR2300,6926.7,-11593.3,48853.3,50685.6,,,,,,,,RR1715,,
J2-1011,ASNAP,2017/08/25 22:06:30,44.3690459,-124.9519616,1003.64,1037.48,265.66,0.9,1.3,0.00,151.94,151.94,HMR2300,7026.7,-11653.3,48846.7,50706.7,,,,,,,,RR1715,,
J2-1011,ASNAP,2017/08/25 22:06:35,44.3690576,-124.9519592,1003.83,1038.78,265.61,1.0,1.4,0.00,154.40,154.4,HMR2300,6993.3,-11806.7,48866.7,50756.8,,,,,,,,RR1715,,
J2-1011,ASNAP,2017/08/25 22:06:40,44.3690686,-124.9519679,1003.14,1040.01,265.61,1.2,1.2,0.00,156.98,156.98,HMR2300,7146.7,-11586.7,48860.0,50721.1,,,,,,,,RR1715,,
J2-1011,ASNAP,2017/08/25 22:06:45,44.3690733,-124.9519656,1003.32,1040.53,265.68,1.4,1.4,0.00,159.64,159.64,HMR2300,7353.3,-11820.0,48820.0,50765.9,,,,,,,,RR1715,,
J2-1011,ASNAP,2017/08/25 22:06:50,44.3690829,-124.9519669,1003.22,1041.59,265.74,1.2,1.4,0.00,161.61,161.61,HMR2300,7060.0,-11860.0,48846.7,50759.2,,,,,,,,RR1715,,
J2-1011,ASNAP,2017/08/25 22:06:55,44.3690980,-124.9519798,1002.19,1043.27,265.81,1.4,1.4,0.00,164.18,164.18,HMR2300,7273.3,-11786.7,48813.3,50740.2,,,,,,,,RR1715,,
J2-1011,ASNAP,2017/08/25 22:07:00,44.3691105,-124.9519893,1001.43,1044.66,265.75,1.2,1.3,0.00,166.69,166.69,HMR2300,7193.3,-11733.3,48860.0,50761.4,,,,,,,,RR1715,,
J2-1011,ASNAP,2017/08/25 22:07:05,44.3691156,-124.9519906,1001.33,1045.23,265.62,1.4,1.3,0.00,169.21,169.21,HMR2300,7273.3,-11813.3,48820.0,50752.8,,,,,,,,RR1715,,
J2-1011,ASNAP,2017/08/25 22:07:10,44.3691232,-124.9519973,1000.79,1046.07,266.04,1.1,1.4,0.00,171.08,171.08,HMR2300,6960.0,-11800.0,48846.7,50731.4,,,,,,,,RR1715,,
J2-1011,ASNAP,2017/08/25 22:07:15,44.3691363,-124.9520036,1000.29,1047.53,265.99,1.3,1.2,0.00,173.61,173.61,HMR2300,7106.7,-11660.0,48880.0,50751.5,,,,,,,,RR1715,,
J2-1011,ASNAP,2017/08/25 22:07:20,44.3691450,-124.9520215,998.86,1048.49,265.76,1.1,1.3,0.00,176.13,176.13,HMR2300,6980.0,-11760.0,48860.0,50737.7,,,,,,,,RR1715,,
J2-1011,ASNAP,2017/08/25 22:07:25,44.3691572,-124.9520274,998.39,1049.85,266.07,1.5,1.3,0.00,178.68,178.68,HMR2300,7153.3,-11806.7,48860.0,50772.7,,,,,,,,RR1715,,
J2-1011,ASNAP,2017/08/25 22:07:30,44.3691675,-124.9520429,997.16,1051.00,265.96,1.0,1.4,0.00,180.53,180.53,HMR2300,6926.7,-11793.3,48853.3,50731.7,,,,,,,,RR1715,,
J2-1011,ASNAP,2017/08/25 22:07:35,44.3691732,-124.9520450,996.99,1051.63,265.82,1.3,1.1,0.00,183.00,183,HMR2300,7153.3,-11546.7,48900.0,50751.4,,,,,,,,RR1715,,
J2-1011,ASNAP,2017/08/25 22:07:40,44.3691885,-124.9520624,995.60,1053.33,265.88,1.2,1.2,0.00,185.48,185.48,HMR2300,6993.3,-11733.3,48820.0,50694.9,,,,,,,,RR1715,,
J2-1011,ASNAP,2017/08/25 22:07:45,44.3691955,-124.9520676,995.19,1054.11,266.22,1.2,1.2,0.00,187.99,187.99,HMR2300,6946.7,-11706.7,48860.0,50720.8,,,,,,,,RR1715,,
J2-1011,ASNAP,2017/08/25 22:07:50,44.3692053,-124.9520754,994.57,1055.20,266.21,1.0,1.2,0.00,189.86,189.86,HMR2300,6820.0,-11693.3,48906.7,50745.5,,,,,,,,RR1715,,
J2-1011,ASNAP,2017/08/25 22:07:55,44.3692247,-124.9520963,992.90,1057.35,266.12,1.3,1.2,0.00,192.35,192.35,HMR2300,7080.0,-11706.7,48840.0,50720.0,,,,,,,,RR1715,,
J2-1011,ASNAP,2017/08/25 22:08:00,44.3692339,-124.9521043,992.26,1058.37,266.25,0.9,1.3,0.00,194.74,194.74,HMR2300,6840.0,-11713.3,48906.7,50752.8,,,,,,,,RR1715,,
J2-1011,ASNAP,2017/08/25 22:08:05,44.3692497,-124.9521199,991.02,1060.13,266.29,1.1,1.0,0.00,197.11,197.11,HMR2300,6840.0,-11520.0,48913.3,50715.0,,,,,,,,RR1715,,
J2-1011,ASNAP,2017/08/25 22:08:10,44.3692592,-124.9521317,990.08,1061.19,266.04,1.4,1.0,0.00,198.86,198.86,HMR2300,7266.7,-11420.0,48866.7,50706.7,,,,,,,,RR1715,,
J2-1011,ASNAP,2017/08/25 22:08:15,44.3692827,-124.9521654,987.39,1063.80,266.16,1.2,1.4,0.00,201.23,201.23,HMR2300,6860.0,-11820.0,48860.0,50735.3,,,,,,,,RR1715,,
J2-1011,ASNAP,2017/08/25 22:08:20,44.3692858,-124.9521738,986.72,1064.14,266.07,1.5,1.2,0.00,203.58,203.58,HMR2300,7333.3,-11473.3,48886.7,50747.6,,,,,,,,RR1715,,
J2-1011,ASNAP,2017/08/25 22:08:25,44.3692974,-124.9522002,984.62,1065.43,266.21,0.9,1.2,0.00,205.91,205.91,HMR2300,6806.7,-11540.0,48926.7,50727.9,,,,,,,,RR1715,,
J2-1011,ASNAP,2017/08/25 22:08:30,44.3693007,-124.9522023,984.45,1065.80,266.05,1.4,0.9,0.00,207.71,207.71,HMR2300,7126.7,-11493.3,48866.7,50703.4,,,,,,,,RR1715,,
J2-1011,ASNAP,2017/08/25 22:08:35,44.3693243,-124.9522162,983.34,1068.42,266.05,1.4,1.0,0.00,210.10,210.1,HMR2300,7140.0,-11526.7,48893.3,50738.6,,,,,,,,RR1715,,
J2-1011,ASNAP,2017/08/25 22:08:40,44.3693301,-124.9522279,982.41,1069.06,266.00,1.1,1.2,0.00,212.58,212.58,HMR2300,6853.3,-11633.3,48906.7,50736.2,,,,,,,,RR1715,,
J2-1011,ASNAP,2017/08/25 22:08:45,44.3693452,-124.9522231,982.79,1070.74,267.35,0.6,1.7,0.00,215.14,215.14,HMR2300,5853.3,-12473.3,48833.3,50739.9,,,,,,,,RR1715,,
J2-1011,ASNAP,2017/08/25 22:08:50,44.3693488,-124.9522283,982.38,1071.14,267.70,-0.3,3.0,0.00,216.95,216.95,HMR2300,5420.0,-13240.0,48773.3,50828.3,,,,,,,,RR1715,,
J2-1011,ASNAP,2017/08/25 22:08:55,44.3693510,-124.9522300,982.24,1071.39,267.82,-0.7,3.3,0.00,219.03,219.03,HMR2300,4800.0,-13740.0,48680.0,50809.2,,,,,,,,RR1715,,
J2-1011,ASNAP,2017/08/25 22:09:00,44.3693495,-124.9522138,983.53,1071.22,267.97,-0.0,2.8,0.00,220.78,220.78,HMR2300,5200.0,-13246.7,48806.7,50839.0,,,,,,,,RR1715,,
J2-1011,ASNAP,2017/08/25 22:09:05,44.3693466,-124.9522190,983.12,1070.90,267.62,-0.8,2.6,0.00,222.44,222.44,HMR2300,4826.7,-13033.3,48840.0,50779.0,,,,,,,,RR1715,,
J2-1011,ASNAP,2017/08/25 22:09:10,44.3693481,-124.9522221,982.87,1071.06,266.53,-0.6,1.8,0.00,223.74,223.74,HMR2300,5580.0,-11933.3,48986.7,50727.1,,,,,,,,RR1715,,
J2-1011,ASNAP,2017/08/25 22:09:15,44.3693567,-124.9522255,982.60,1072.02,266.23,-0.2,1.8,0.00,225.71,225.71,HMR2300,5813.3,-12100.0,48886.7,50696.3,,,,,,,,RR1715,,
J2-1011,ASNAP,2017/08/25 22:09:20,44.3693598,-124.9522122,983.66,1072.36,274.65,-0.4,1.0,0.00,228.17,228.17,HMR2300,326.7,-12153.3,49033.3,50518.1,,,,,,,,RR1715,,
J2-1011,ASNAP,2017/08/25 22:09:25,44.3693742,-124.9522005,984.59,1073.96,322.87,-1.5,1.1,0.00,230.58,230.58,HMR2300,-15320.0,-8513.3,46526.7,49718.3,,,,,,,,RR1715,,
J2-1011,ASNAP,2017/08/25 22:09:30,44.3693751,-124.9521923,985.25,1074.06,313.50,-1.4,1.6,0.00,232.28,232.28,HMR2300,-11206.7,-11013.3,47513.3,50044.0,,,,,,,,RR1715,,
J2-1011,ASNAP,2017/08/25 22:09:35,44.3693968,-124.9521672,987.25,1076.47,311.23,-0.8,1.6,0.00,234.63,234.63,HMR2300,-10946.7,-11320.0,47540.0,50080.2,,,,,,,,RR1715,,
J2-1011,ASNAP,2017/08/25 22:09:40,44.3694029,-124.9521649,987.43,1077.15,311.22,-1.7,2.3,0.00,237.25,237.25,HMR2300,-11520.0,-11893.3,47293.3,50108.1,,,,,,,,RR1715,,
J2-1011,ASNAP,2017/08/25 22:09:45,44.3694085,-124.9521486,988.73,1077.77,310.45,-2.3,2.1,0.00,239.82,239.82,HMR2300,-11886.7,-11840.0,47193.3,50086.8,,,,,,,,RR1715,,
J2-1011,ASNAP,2017/08/25 22:09:50,44.3694120,-124.9521507,988.56,1078.16,311.04,-2.1,2.0,0.00,241.70,241.7,HMR2300,-11906.7,-11566.7,47233.3,50065.4,,,,,,,,RR1715,,
J2-1011,ASNAP,2017/08/25 22:09:55,44.3694188,-124.9521317,990.08,1078.92,312.08,-2.4,1.7,0.00,244.06,244.06,HMR2300,-12286.7,-11220.0,47206.7,50053.2,,,,,,,,RR1715,,
J2-1011,ASNAP,2017/08/25 22:10:00,44.3694167,-124.9521080,991.97,1078.69,311.46,-2.3,2.0,0.00,246.38,246.38,HMR2300,-12013.3,-11560.0,47246.7,50101.9,,,,,,,,RR1715,,
J2-1011,ASNAP,2017/08/25 22:10:05,44.3694244,-124.9521003,992.58,1079.54,310.48,-2.3,1.9,0.00,248.63,248.63,HMR2300,-11846.7,-11573.3,47280.0,50096.7,,,,,,,,RR1715,,
J2-1011,ASNAP,2017/08/25 22:10:10,44.3694326,-124.9520819,994.05,1080.45,311.17,-2.1,1.8,0.00,250.36,250.36,HMR2300,-11973.3,-11413.3,47273.3,50083.9,,,,,,,,RR1715,,
J2-1011,ASNAP,2017/08/25 22:10:15,44.3694449,-124.9520510,996.51,1081.82,311.68,-2.4,1.8,0.00,252.70,252.7,HMR2300,-12146.7,-11453.3,47240.0,50103.3,,,,,,,,RR1715,,
J2-1011,ASNAP,2017/08/25 22:10:20,44.3694447,-124.9520386,997.50,1081.80,310.64,-2.4,1.9,0.00,255.10,255.1,HMR2300,-11926.7,-11553.3,47246.7,50079.7,,,,,,,,RR1715,,
J2-1011,ASNAP,2017/08/25 22:10:25,44.3694509,-124.9520203,998.96,1082.49,311.02,-2.3,1.8,0.00,257.53,257.53,HMR2300,-11973.3,-11393.3,47280.0,50085.6,,,,,,,,RR1715,,
J2-1011,ASNAP,2017/08/25 22:10:30,44.3694523,-124.9519927,1001.16,1082.64,311.35,-2.3,1.8,0.00,259.36,259.36,HMR2300,-12000.0,-11306.7,47293.3,50084.9,,,,,,,,RR1715,,
J2-1011,ASNAP,2017/08/25 22:10:35,44.3694589,-124.9519731,1002.72,1083.37,311.57,-2.5,1.8,0.00,261.84,261.84,HMR2300,-12300.0,-11406.7,47160.0,50054.6,,,,,,,,RR1715,,
J2-1011,ASNAP,2017/08/25 22:10:40,44.3694525,-124.9519581,1003.92,1082.66,311.56,-2.5,1.7,0.00,264.30,264.3,HMR2300,-12320.0,-11206.7,47240.0,50089.8,,,,,,,,RR1715,,
J2-1011,ASNAP,2017/08/25 22:10:45,44.3694558,-124.9519329,1005.93,1083.03,311.25,-2.6,1.9,0.00,266.81,266.81,HMR2300,-12180.0,-11466.7,47240.0,50114.4,,,,,,,,RR1715,,
J2-1011,ASNAP,2017/08/25 22:10:50,44.3694593,-124.9519110,1007.67,1083.42,311.01,-2.4,1.7,0.00,268.68,268.68,HMR2300,-12053.3,-11460.0,47253.3,50094.8,,,,,,,,RR1715,,
J2-1011,ASNAP,2017/08/25 22:10:55,44.3694631,-124.9519040,1008.23,1083.84,311.42,-2.5,1.7,0.00,271.19,271.19,HMR2300,-12280.0,-11206.7,47233.3,50073.7,,,,,,,,RR1715,,
J2-1011,ASNAP,2017/08/25 22:11:00,44.3694610,-124.9518949,1008.96,1083.61,311.68,-2.5,1.8,0.00,273.72,273.72,HMR2300,-12360.0,-11400.0,47160.0,50067.9,,,,,,,,RR1715,,
J2-1011,ASNAP,2017/08/25 22:11:05,44.3694617,-124.9518821,1009.98,1083.69,311.26,-2.6,1.8,0.00,276.25,276.25,HMR2300,-12233.3,-11386.7,47246.7,50115.4,,,,,,,,RR1715,,
J2-1011,ASNAP,2017/08/25 22:11:10,44.3694690,-124.9518561,1012.05,1084.50,311.18,-2.5,1.9,0.00,278.15,278.15,HMR2300,-12073.3,-11326.7,47260.0,50075.6,,,,,,,,RR1715,,
J2-1011,ASNAP,2017/08/25 22:11:15,44.3694720,-124.9518457,1012.88,1084.83,311.47,-2.5,1.9,0.00,280.71,280.71,HMR2300,-12286.7,-11440.0,47173.3,50071.5,,,,,,,,RR1715,,
J2-1011,ASNAP,2017/08/25 22:11:20,44.3694701,-124.9518324,1013.94,1084.62,311.43,-2.4,1.9,0.00,283.32,283.32,HMR2300,-12186.7,-11446.7,47213.3,50086.3,,,,,,,,RR1715,,
J2-1011,ASNAP,2017/08/25 22:11:25,44.3694663,-124.9518254,1014.50,1084.20,311.16,-2.4,2.0,0.00,285.94,285.94,HMR2300,-12086.7,-11566.7,47206.7,50083.4,,,,,,,,RR1715,,
J2-1011,ASNAP,2017/08/25 22:11:30,44.3694640,-124.9518062,1016.03,1083.94,311.32,-2.6,1.8,0.00,287.88,287.88,HMR2300,-12126.7,-11386.7,47246.7,50089.5,,,,,,,,RR1715,,
J2-1011,ASNAP,2017/08/25 22:11:35,44.3694632,-124.9517881,1017.47,1083.85,311.84,-2.8,1.8,0.00,290.47,290.47,HMR2300,-12440.0,-11193.3,47186.7,50066.2,,,,,,,,RR1715,,
J2-1011,ASNAP,2017/08/25 22:11:40,44.3694666,-124.9517700,1018.91,1084.23,311.33,-2.7,1.6,0.00,293.05,293.05,HMR2300,-12220.0,-11160.0,47220.0,50036.0,,,,,,,,RR1715,,
J2-1011,ASNAP,2017/08/25 22:11:45,44.3694670,-124.9517588,1019.81,1084.27,311.23,-2.7,1.8,0.00,295.66,295.66,HMR2300,-12246.7,-11360.0,47193.3,50062.4,,,,,,,,RR1715,,
J2-1011,ASNAP,2017/08/25 22:11:50,44.3694648,-124.9517285,1022.22,1084.03,311.71,-2.6,1.7,0.00,297.61,297.61,HMR2300,-12273.3,-11146.7,47186.7,50014.6,,,,,,,,RR1715,,
J2-1011,ASNAP,2017/08/25 22:11:55,44.3694687,-124.9517194,1022.95,1084.46,311.47,-2.6,1.7,0.00,300.28,300.28,HMR2300,-12226.7,-11253.3,47206.7,50046.0,,,,,,,,RR1715,,
J2-1011,ASNAP,2017/08/25 22:12:00,44.3694734,-124.9517067,1023.96,1084.99,311.60,-2.7,1.8,0.00,302.93,302.93,HMR2300,-12333.3,-11440.0,47160.0,50070.5,,,,,,,,RR1715,,
J2-1011,ASNAP,2017/08/25 22:12:05,44.3694712,-124.9516921,1025.12,1084.74,311.48,-2.7,1.8,0.00,305.56,305.56,HMR2300,-12300.0,-11293.3,47153.3,50022.7,,,,,,,,RR1715,,
J2-1011,ASNAP,2017/08/25 22:12:10,44.3694695,-124.9516573,1027.90,1084.55,311.36,-2.7,1.8,0.00,307.53,307.53,HMR2300,-12220.0,-11353.3,47153.3,50016.6,,,,,,,,RR1715,,
J2-1011,ASNAP,2017/08/25 22:12:15,44.3694616,-124.9516450,1028.88,1083.68,312.13,-2.9,1.9,0.00,310.13,310.13,HMR2300,-12680.0,-11173.3,47046.7,49990.1,,,,,,,,RR1715,,
J2-1011,ASNAP,2017/08/25 22:12:20,44.3694652,-124.9516263,1030.37,1084.08,311.45,-2.8,1.8,0.00,312.73,312.73,HMR2300,-12366.7,-11173.3,47153.3,50012.1,,,,,,,,RR1715,,
J2-1011,ASNAP,2017/08/25 22:12:25,44.3694573,-124.9516111,1031.58,1083.20,311.12,-2.6,2.0,0.00,315.32,315.32,HMR2300,-12160.0,-11406.7,47153.3,50014.1,,,,,,,,RR1715,,
J2-1011,ASNAP,2017/08/25 22:12:30,44.3694555,-124.9515929,1033.03,1083.00,311.46,-2.8,1.7,0.00,317.27,317.27,HMR2300,-12366.7,-11126.7,47153.3,50001.7,,,,,,,,RR1715,,
J2-1011,ASNAP,2017/08/25 22:12:35,44.3694481,-124.9515800,1034.06,1082.18,312.21,-2.8,1.6,0.00,319.89,319.89,HMR2300,-12553.3,-10993.3,47100.0,49968.5,,,,,,,,RR1715,,
J2-1011,ASNAP,2017/08/25 22:12:40,44.3694454,-124.9515562,1035.96,1081.87,311.98,-2.2,1.7,0.00,322.54,322.54,HMR2300,-11786.7,-10833.3,47366.7,49998.9,,,,,,,,RR1715,,
J2-1011,ASNAP,2017/08/25 22:12:45,44.3694476,-124.9515606,1035.61,1082.12,311.06,-1.2,1.4,0.00,325.33,325.33,HMR2300,-10966.7,-10926.7,47553.3,50009.8,,,,,,,,RR1715,,
J2-1011,ASNAP,2017/08/25 22:12:50,44.3694391,-124.9515147,1039.27,1081.17,310.50,-1.1,1.5,0.00,327.53,327.53,HMR2300,-10526.7,-11033.3,47700.0,50078.3,,,,,,,,RR1715,,
J2-1011,ASNAP,2017/08/25 22:12:55,44.3694413,-124.9515015,1040.32,1081.42,310.91,-1.2,2.0,0.00,330.63,330.63,HMR2300,-10686.7,-11693.3,47560.0,50128.8,,,,,,,,RR1715,,
J2-1011,ASNAP,2017/08/25 22:13:00,44.3694554,-124.9514940,1040.92,1082.99,310.48,-0.6,2.1,0.00,333.81,333.81,HMR2300,-10286.7,-12046.7,47606.7,50173.0,,,,,,,,RR1715,,
J2-1011,ASNAP,2017/08/25 22:13:05,44.3694526,-124.9514904,1041.20,1082.68,312.93,0.3,3.3,0.00,336.44,336.44,HMR2300,-10480.0,-12226.7,47513.3,50168.1,,,,,,,,RR1715,,
J2-1011,ASNAP,2017/08/25 22:13:10,44.3694640,-124.9515011,1040.35,1083.94,314.21,-0.4,2.5,0.00,337.78,337.78,HMR2300,-11260.0,-11393.3,47493.3,50122.0,,,,,,,,RR1715,,
J2-1011,ASNAP,2017/08/25 22:13:15,44.3694664,-124.9515076,1039.83,1084.21,310.52,-0.8,2.4,0.00,339.21,339.21,HMR2300,-10053.3,-12180.0,47686.7,50233.9,,,,,,,,RR1715,,
J2-1011,ASNAP,2017/08/25 22:13:20,44.3694816,-124.9515385,1037.37,1085.90,309.81,0.3,1.5,0.00,340.93,340.93,HMR2300,-9306.7,-11460.0,47940.0,50161.6,,,,,,,,RR1715,,
J2-1011,ASNAP,2017/08/25 22:13:25,44.3694856,-124.9515545,1036.09,1086.34,309.87,-0.1,1.5,0.00,343.52,343.52,HMR2300,-9826.7,-11260.0,47853.3,50132.7,,,,,,,,RR1715,,
J2-1011,ASNAP,2017/08/25 22:13:30,44.3695046,-124.9515433,1036.99,1088.45,310.80,-0.1,1.6,0.00,345.83,345.83,HMR2300,-10006.7,-11240.0,47826.7,50138.4,,,,,,,,RR1715,,
J2-1011,ASNAP,2017/08/25 22:13:35,44.3695030,-124.9515455,1036.81,1088.28,311.21,-0.0,1.6,0.00,349.06,349.06,HMR2300,-10126.7,-11220.0,47826.7,50158.0,,,,,,,,RR1715,,
J2-1011,ASNAP,2017/08/25 22:13:40,44.3695042,-124.9515433,1036.99,1088.41,310.75,0.1,1.9,0.00,352.29,352.29,HMR2300,-9786.7,-11593.3,47840.0,50188.1,,,,,,,,RR1715,,
J2-1011,ASNAP,2017/08/25 22:13:45,44.3695072,-124.9515344,1037.70,1088.74,310.50,-0.0,1.9,0.00,355.47,355.47,HMR2300,-9720.0,-11653.3,47806.7,50157.3,,,,,,,,RR1715,,
J2-1011,ASNAP,2017/08/25 22:13:50,44.3695026,-124.9515313,1037.94,1088.23,310.41,0.1,1.8,0.00,357.85,357.85,HMR2300,-9660.0,-11446.7,47860.0,50149.0,,,,,,,,RR1715,,
J2-1011,ASNAP,2017/08/25 22:13:55,44.3695066,-124.9515207,1038.79,1088.68,310.31,0.3,1.7,0.00,361.04,361.04,HMR2300,-9480.0,-11253.3,47933.3,50140.9,,,,,,,,RR1715,,
J2-1011,ASNAP,2017/08/25 22:14:00,44.3695073,-124.9515318,1037.90,1088.75,310.66,0.4,1.3,0.00,364.26,364.26,HMR2300,-9500.0,-11013.3,47973.3,50129.7,,,,,,,,RR1715,,
J2-1011,ASNAP,2017/08/25 22:14:05,44.3695139,-124.9515469,1036.70,1089.49,310.70,0.4,1.4,0.00,367.43,367.43,HMR2300,-9566.7,-11060.0,47933.3,50114.4,,,,,,,,RR1715,,
J2-1011,ASNAP,2017/08/25 22:14:10,44.3695169,-124.9515479,1036.62,1089.82,310.69,0.4,1.6,0.00,369.80,369.8,HMR2300,-9526.7,-11220.0,47933.3,50142.3,,,,,,,,RR1715,,
J2-1011,ASNAP,2017/08/25 22:14:15,44.3695167,-124.9515401,1037.24,1089.80,310.57,0.5,1.5,0.00,372.92,372.92,HMR2300,-9333.3,-11306.7,47966.7,50157.3,,,,,,,,RR1715,,
J2-1011,ASNAP,2017/08/25 22:14:20,44.3695252,-124.9515331,1037.80,1090.74,310.31,0.6,1.5,0.00,376.08,376.08,HMR2300,-9326.7,-11100.0,48013.3,50154.5,,,,,,,,RR1715,,
J2-1011,ASNAP,2017/08/25 22:14:25,44.3695353,-124.9515451,1036.84,1091.86,310.53,0.6,1.6,0.00,379.30,379.3,HMR2300,-9306.7,-11213.3,47986.7,50150.5,,,,,,,,RR1715,,
J2-1011,ASNAP,2017/08/25 22:14:30,44.3695421,-124.9515411,1037.16,1092.62,310.50,0.6,1.6,0.00,381.71,381.71,HMR2300,-9333.3,-11346.7,47966.7,50166.3,,,,,,,,RR1715,,
J2-1011,ASNAP,2017/08/25 22:14:35,44.3695459,-124.9515549,1036.06,1093.04,310.48,0.3,1.5,0.00,384.91,384.91,HMR2300,-9480.0,-11266.7,47926.7,50137.5,,,,,,,,RR1715,,
J2-1011,ASNAP,2017/08/25 22:14:40,44.3695459,-124.9515660,1035.18,1093.04,310.43,0.6,1.5,0.00,388.17,388.17,HMR2300,-9400.0,-11193.3,47973.3,50150.7,,,,,,,,RR1715,,
J2-1011,ASNAP,2017/08/25 22:14:45,44.3695581,-124.9515612,1035.56,1094.40,310.52,0.4,1.6,0.00,391.42,391.42,HMR2300,-9393.3,-11246.7,47973.3,50161.4,,,,,,,,RR1715,,
J2-1011,ASNAP,2017/08/25 22:14:50,44.3695666,-124.9515656,1035.21,1095.34,310.59,0.5,1.7,0.00,393.88,393.88,HMR2300,-9460.0,-11293.3,47946.7,50158.9,,,,,,,,RR1715,,
J2-1011,ASNAP,2017/08/25 22:14:55,44.3695753,-124.9515633,1035.39,1096.31,310.64,0.7,1.5,0.00,397.16,397.16,HMR2300,-9306.7,-11146.7,47973.3,50122.9,,,,,,,,RR1715,,
J2-1011,ASNAP,2017/08/25 22:15:00,44.3695903,-124.9515755,1034.42,1097.98,310.71,0.4,1.5,0.00,400.43,400.43,HMR2300,-9653.3,-11120.0,47900.0,50112.4,,,,,,,,RR1715,,
J2-1011,ASNAP,2017/08/25 22:15:05,44.3695943,-124.9515808,1034.00,1098.42,310.68,0.4,1.6,0.00,403.66,403.66,HMR2300,-9473.3,-11273.3,47926.7,50137.8,,,,,,,,RR1715,,
J2-1011,ASNAP,2017/08/25 22:15:10,44.3696016,-124.9515776,1034.25,1099.23,310.58,0.5,1.5,0.00,406.07,406.07,HMR2300,-9466.7,-11146.7,47960.0,50140.1,,,,,,,,RR1715,,
J2-1011,ASNAP,2017/08/25 22:15:15,44.3695950,-124.9515887,1033.37,1098.50,310.60,0.5,1.6,0.00,409.22,409.22,HMR2300,-9480.0,-11240.0,47933.3,50137.9,,,,,,,,RR1715,,
J2-1011,ASNAP,2017/08/25 22:15:20,44.3695962,-124.9515885,1033.38,1098.63,310.36,0.6,1.7,0.00,412.36,412.36,HMR2300,-9313.3,-11393.3,47960.0,50166.8,,,,,,,,RR1715,,
J2-1011,ASNAP,2017/08/25 22:15:25,44.3695939,-124.9515969,1032.71,1098.38,310.50,0.6,1.5,0.00,415.52,415.52,HMR2300,-9313.3,-11166.7,47973.3,50128.6,,,,,,,,RR1715,,
J2-1011,ASNAP,2017/08/25 22:15:30,44.3695990,-124.9515958,1032.80,1098.94,310.48,0.6,1.6,0.00,417.89,417.89,HMR2300,-9366.7,-11273.3,47980.0,50168.7,,,,,,,,RR1715,,
J2-1011,ASNAP,2017/08/25 22:15:35,44.3695996,-124.9515828,1033.84,1099.01,310.50,0.7,1.5,0.00,421.07,421.07,HMR2300,-9226.7,-11140.0,48033.3,50164.1,,,,,,,,RR1715,,
J2-1011,ASNAP,2017/08/25 22:15:40,44.3696044,-124.9515903,1033.24,1099.54,310.79,0.2,1.4,0.00,424.27,424.27,HMR2300,-9740.0,-11060.0,47940.0,50154.1,,,,,,,,RR1715,,
J2-1011,ASNAP,2017/08/25 22:15:45,44.3696109,-124.9515951,1032.86,1100.26,310.65,0.6,1.5,0.00,427.46,427.46,HMR2300,-9353.3,-11140.0,47986.7,50142.8,,,,,,,,RR1715,,
J2-1011,ASNAP,2017/08/25 22:15:50,44.3696152,-124.9515863,1033.56,1100.74,310.81,0.3,1.5,0.00,429.86,429.86,HMR2300,-9680.0,-11206.7,47906.7,50143.2,,,,,,,,RR1715,,
J2-1011,ASNAP,2017/08/25 22:15:55,44.3696097,-124.9515791,1034.13,1100.13,310.64,0.4,1.6,0.00,433.03,433.03,HMR2300,-9440.0,-11306.7,47973.3,50183.6,,,,,,,,RR1715,,
J2-1011,ASNAP,2017/08/25 22:16:00,44.3696034,-124.9515853,1033.64,1099.43,310.69,0.2,1.6,0.00,436.20,436.2,HMR2300,-9566.7,-11300.0,47933.3,50167.9,,,,,,,,RR1715,,
J2-1011,ASNAP,2017/08/25 22:16:05,44.3695934,-124.9516074,1031.88,1098.32,310.42,0.4,1.5,0.00,439.33,439.33,HMR2300,-9466.7,-11300.0,47966.7,50180.8,,,,,,,,RR1715,,
J2-1011,ASNAP,2017/08/25 22:16:10,44.3696190,-124.9515978,1032.64,1101.17,310.42,0.4,1.6,0.00,441.69,441.69,HMR2300,-9533.3,-11353.3,47940.0,50179.9,,,,,,,,RR1715,,
J2-1011,ASNAP,2017/08/25 22:16:15,44.3696193,-124.9516028,1032.24,1101.20,310.38,0.4,1.5,0.00,444.83,444.83,HMR2300,-9393.3,-11053.3,47986.7,50131.1,,,,,,,,RR1715,,
J2-1011,ASNAP,2017/08/25 22:16:20,44.3696265,-124.9516060,1031.99,1102.00,310.57,0.2,1.5,0.00,448.03,448.03,HMR2300,-9700.0,-11120.0,47946.7,50166.0,,,,,,,,RR1715,,
J2-1011,ASNAP,2017/08/25 22:16:25,44.3696298,-124.9516026,1032.26,1102.36,310.82,0.4,1.5,0.00,451.18,451.18,HMR2300,-9500.0,-11080.0,48006.7,50176.3,,,,,,,,RR1715,,
J2-1011,ASNAP,2017/08/25 22:16:30,44.3696380,-124.9516015,1032.35,1103.28,310.74,0.4,1.4,0.00,453.52,453.52,HMR2300,-9686.7,-11000.0,47966.7,50156.1,,,,,,,,RR1715,,
J2-1011,ASNAP,2017/08/25 22:16:35,44.3696247,-124.9516199,1030.88,1101.80,310.92,-1.3,1.5,0.00,456.51,456.51,HMR2300,-12026.7,-11713.3,47486.7,50366.9,,,,,,,,RR1715,,
J2-1011,ASNAP,2017/08/25 22:16:40,44.3696298,-124.9516233,1030.61,1102.37,310.89,-0.6,1.4,0.00,458.13,458.13,HMR2300,-11066.7,-11373.3,47800.0,50365.3,,,,,,,,RR1715,,
J2-1011,ASNAP,2017/08/25 22:16:45,44.3696349,-124.9516376,1029.47,1102.93,287.00,0.4,0.8,0.00,458.72,458.72,HMR2300,766.7,-12653.3,49153.3,50761.6,,,,,,,,RR1715,,
J2-1011,ASNAP,2017/08/25 22:16:50,44.3696370,-124.9516267,1030.34,1103.17,234.51,-1.7,0.4,0.00,459.10,459.1,HMR2300,15206.7,-2173.3,48006.7,50404.4,,,,,,,,RR1715,,
J2-1011,ASNAP,2017/08/25 22:16:55,44.3696089,-124.9516173,1031.09,1100.04,225.41,-1.8,0.2,0.00,459.32,459.32,HMR2300,14740.0,-2100.0,48133.3,50383.5,,,,,,,,RR1715,,
J2-1011,ASNAP,2017/08/25 22:17:00,44.3696117,-124.9516356,1029.63,1100.35,228.98,-1.9,0.4,0.00,459.46,459.46,HMR2300,15106.7,-2546.7,47993.3,50379.1,,,,,,,,RR1715,,
J2-1011,ASNAP,2017/08/25 22:17:05,44.3695999,-124.9516253,1030.45,1099.04,229.61,-1.6,0.5,0.00,459.33,459.33,HMR2300,14926.7,-3100.0,48106.7,50464.5,,,,,,,,RR1715,,
J2-1011,ASNAP,2017/08/25 22:17:10,44.3695868,-124.9516439,1028.97,1097.59,229.33,-2.9,0.5,0.00,459.13,459.13,HMR2300,14240.0,-2820.0,48133.3,50274.7,,,,,,,,RR1715,,
J2-1011,ASNAP,2017/08/25 22:17:15,44.3695580,-124.9516518,1028.34,1094.39,228.17,-2.1,0.5,0.00,458.98,458.98,HMR2300,15346.7,-2346.7,48086.7,50530.7,,,,,,,,RR1715,,
J2-1011,ASNAP,2017/08/25 22:17:20,44.3695207,-124.9516776,1026.28,1090.24,225.96,-1.8,0.7,0.00,459.06,459.06,HMR2300,15773.3,-1960.0,47840.0,50411.4,,,,,,,,RR1715,,
J2-1011,ASNAP,2017/08/25 22:17:25,44.3695074,-124.9517070,1023.94,1088.76,226.71,-2.2,0.6,0.00,459.30,459.3,HMR2300,15213.3,-2366.7,48166.7,50567.5,,,,,,,,RR1715,,
J2-1011,ASNAP,2017/08/25 22:17:30,44.3694897,-124.9517209,1022.83,1086.80,228.78,-1.8,0.7,0.00,459.43,459.43,HMR2300,15326.7,-2726.7,47960.0,50423.2,,,,,,,,RR1715,,
J2-1011,ASNAP,2017/08/25 22:17:35,44.3694744,-124.9517386,1021.42,1085.10,227.98,-1.9,0.8,0.00,459.48,459.48,HMR2300,15266.7,-2553.3,47946.7,50383.3,,,,,,,,RR1715,,
J2-1011,ASNAP,2017/08/25 22:17:40,44.3694335,-124.9517965,1016.80,1080.55,228.02,-1.8,0.8,0.00,459.39,459.39,HMR2300,15133.3,-2773.3,48060.0,50462.6,,,,,,,,RR1715,,
J2-1011,ASNAP,2017/08/25 22:17:45,44.3694068,-124.9518127,1015.51,1077.59,228.39,-1.0,0.4,0.00,459.35,459.35,HMR2300,16000.0,-2473.3,47833.3,50499.0,,,,,,,,RR1715,,
J2-1011,ASNAP,2017/08/25 22:17:50,44.3693771,-124.9518458,1012.87,1074.29,227.95,-2.1,0.5,0.00,459.31,459.31,HMR2300,15553.3,-2380.0,47813.3,50335.7,,,,,,,,RR1715,,
J2-1011,ASNAP,2017/08/25 22:17:55,44.3693711,-124.9518380,1013.49,1073.62,227.83,-0.5,0.1,0.00,459.50,459.5,HMR2300,15800.0,-2346.7,47853.3,50448.9,,,,,,,,RR1715,,
J2-1011,ASNAP,2017/08/25 22:18:00,44.3693711,-124.9518380,1013.49,1073.62,228.16,-1.0,0.4,0.00,459.48,459.48,HMR2300,16120.0,-2606.7,47706.7,50424.0,,,,,,,,RR1715,,
J2-1011,ASNAP,2017/08/25 22:18:05,44.3693177,-124.9518982,1008.69,1067.69,227.86,-0.4,0.2,0.00,459.49,459.49,HMR2300,16420.0,-2520.0,47653.3,50465.9,,,,,,,,RR1715,,
J2-1011,ASNAP,2017/08/25 22:18:10,44.3693074,-124.9519129,1007.52,1066.54,228.15,-1.1,0.8,0.00,459.30,459.3,HMR2300,16326.7,-2713.3,47880.0,50659.8,,,,,,,,RR1715,,
J2-1011,ASNAP,2017/08/25 22:18:15,44.3692979,-124.9519306,1006.11,1065.48,228.00,-0.0,0.7,0.00,459.28,459.28,HMR2300,16073.3,-3100.0,48006.7,50720.8,,,,,,,,RR1715,,
J2-1011,ASNAP,2017/08/25 22:18:20,44.3692485,-124.9519818,1002.03,1060.00,227.93,1.6,0.3,0.00,459.16,459.16,HMR2300,19006.7,-2313.3,46746.7,50515.9,,,,,,,,RR1715,,
J2-1011,ASNAP,2017/08/25 22:18:25,44.3692280,-124.9520021,1000.41,1057.72,227.37,-1.7,0.2,0.00,459.15,459.15,HMR2300,15993.3,-2400.0,47613.3,50285.0,,,,,,,,RR1715,,
J2-1011,ASNAP,2017/08/25 22:18:30,44.3691945,-124.9520199,998.99,1054.00,227.20,2.2,-0.6,0.00,459.32,459.32,HMR2300,19226.7,-1513.3,46480.0,50322.4,,,,,,,,RR1715,,
J2-1011,ASNAP,2017/08/25 22:18:35,44.3691931,-124.9520407,997.33,1053.84,227.42,-2.0,0.5,0.00,459.15,459.15,HMR2300,16093.3,-2366.7,47966.7,50649.8,,,,,,,,RR1715,,
J2-1011,ASNAP,2017/08/25 22:18:40,44.3691615,-124.9520771,994.43,1050.33,228.47,4.2,-0.7,0.00,459.24,459.24,HMR2300,19666.7,-2413.3,46980.0,50987.5,,,,,,,,RR1715,,
J2-1011,ASNAP,2017/08/25 22:18:45,44.3691428,-124.9521081,991.96,1048.25,229.84,-1.2,0.6,0.00,458.92,458.92,HMR2300,16226.7,-3400.0,47780.0,50574.6,,,,,,,,RR1715,,
J2-1011,ASNAP,2017/08/25 22:18:50,44.3691261,-124.9520953,992.98,1046.39,193.50,0.7,-4.1,0.00,459.12,459.12,HMR2300,20240.0,12680.0,43246.7,49403.6,,,,,,,,RR1715,,
J2-1011,ASNAP,2017/08/25 22:18:55,44.3691132,-124.9521032,992.35,1044.96,204.67,-2.0,-0.0,0.00,459.00,459,HMR2300,18586.7,4033.3,46453.3,50196.1,,,,,,,,RR1715,,
J2-1011,ASNAP,2017/08/25 22:19:00,44.3690826,-124.9520696,995.03,1041.56,211.24,1.8,-1.3,0.00,459.16,459.16,HMR2300,21113.3,4360.0,45453.3,50306.9,,,,,,,,RR1715,,
J2-1011,ASNAP,2017/08/25 22:19:05,44.3690424,-124.9520675,995.20,1037.10,207.42,-1.8,0.2,0.00,459.00,459,HMR2300,18880.0,4053.3,46153.3,50030.1,,,,,,,,RR1715,,
J2-1011,ASNAP,2017/08/25 22:19:10,44.3690169,-124.9520657,995.34,1034.26,207.10,1.1,-1.1,0.00,459.09,459.09,HMR2300,21240.0,5186.7,45500.0,50480.6,,,,,,,,RR1715,,
J2-1011,ASNAP,2017/08/25 22:19:15,44.3689684,-124.9520756,994.55,1028.87,207.14,-1.5,0.1,0.00,458.90,458.9,HMR2300,19133.3,4720.0,46100.0,50135.5,,,,,,,,RR1715,,
J2-1011,ASNAP,2017/08/25 22:19:20,44.3689466,-124.9520759,994.53,1026.45,206.66,0.9,-0.8,0.00,459.05,459.05,HMR2300,21740.0,5860.0,44593.3,49955.3,,,,,,,,RR1715,,
J2-1011,ASNAP,2017/08/25 22:19:25,44.3689335,-124.9520843,993.86,1024.99,206.87,-2.7,0.9,0.00,458.78,458.78,HMR2300,17906.7,5006.7,46473.3,50054.8,,,,,,,,RR1715,,
J2-1011,ASNAP,2017/08/25 22:19:30,44.3689098,-124.9521036,992.32,1022.36,206.62,1.4,-0.4,0.00,458.90,458.9,HMR2300,22613.3,5893.3,44746.7,50481.3,,,,,,,,RR1715,,
J2-1011,ASNAP,2017/08/25 22:19:35,44.3688712,-124.9521203,990.99,1018.07,207.26,-3.6,1.9,0.00,458.74,458.74,HMR2300,15900.0,4000.0,47186.7,49953.9,,,,,,,,RR1715,,
J2-1011,ASNAP,2017/08/25 22:19:40,44.3688530,-124.9521252,990.60,1016.05,207.03,2.2,0.7,0.00,458.64,458.64,HMR2300,23293.3,5173.3,44280.0,50299.7,,,,,,,,RR1715,,
J2-1011,ASNAP,2017/08/25 22:19:45,44.3688329,-124.9521083,991.94,1013.81,206.36,-5.6,2.4,0.00,458.39,458.39,HMR2300,14506.7,4926.7,47393.3,49808.1,,,,,,,,RR1715,,
J2-1011,ASNAP,2017/08/25 22:19:50,44.3688073,-124.9521091,991.88,1010.97,206.19,1.8,0.2,0.00,458.25,458.25,HMR2300,20713.3,4786.7,45480.0,50203.4,,,,,,,,RR1715,,
J2-1011,ASNAP,2017/08/25 22:19:55,44.3687867,-124.9521294,990.26,1008.68,218.15,-0.5,0.6,0.00,459.75,459.75,HMR2300,16880.0,-1713.3,47520.0,50458.1,,,,,,,,RR1715,,
J2-1011,ASNAP,2017/08/25 22:20:00,44.3687871,-124.9521285,990.33,1008.73,264.23,-0.9,1.8,0.00,461.85,461.85,HMR2300,6020.0,-12040.0,48960.0,50776.8,,,,,,,,RR1715,,
J2-1011,ASNAP,2017/08/25 22:20:05,44.3688003,-124.9521053,992.18,1010.19,255.16,-1.1,0.8,0.00,464.20,464.2,HMR2300,9060.0,-9560.0,48960.0,50700.7,,,,,,,,RR1715,,
J2-1011,ASNAP,2017/08/25 22:20:10,44.3688167,-124.9520992,992.67,1012.02,254.37,-0.2,1.4,0.00,466.09,466.09,HMR2300,9893.3,-10080.0,48800.0,50802.8,,,,,,,,RR1715,,
J2-1011,ASNAP,2017/08/25 22:20:15,44.3688313,-124.9520711,994.91,1013.64,254.37,-1.6,1.6,0.00,468.67,468.67,HMR2300,8720.0,-9726.7,48993.3,50705.0,,,,,,,,RR1715,,
J2-1011,ASNAP,2017/08/25 22:20:20,44.3688283,-124.9520555,996.15,1013.30,254.12,-1.0,1.7,0.00,470.93,470.93,HMR2300,9286.7,-10180.0,48926.7,50830.0,,,,,,,,RR1715,,
J2-1011,ASNAP,2017/08/25 22:20:25,44.3688297,-124.9520356,997.74,1013.46,253.93,-1.0,1.7,0.00,473.21,473.21,HMR2300,9340.0,-10080.0,48906.7,50800.6,,,,,,,,RR1715,,
J2-1011,ASNAP,2017/08/25 22:20:30,44.3688447,-124.9520189,999.07,1015.13,253.99,-1.1,1.8,0.00,474.99,474.99,HMR2300,9213.3,-10306.7,48846.7,50765.2,,,,,,,,RR1715,,
J2-1011,ASNAP,2017/08/25 22:20:35,44.3688382,-124.9520197,999.01,1014.40,253.96,-1.3,1.5,0.00,477.13,477.13,HMR2300,9253.3,-9886.7,48980.0,50817.4,,,,,,,,RR1715,,
J2-1011,ASNAP,2017/08/25 22:20:40,44.3688330,-124.9520232,998.73,1013.83,254.30,-1.1,1.4,0.00,479.28,479.28,HMR2300,9286.7,-9840.0,48926.7,50763.0,,,,,,,,RR1715,,
J2-1011,ASNAP,2017/08/25 22:20:45,44.3688311,-124.9520303,998.16,1013.62,254.25,-1.3,1.1,0.00,481.57,481.57,HMR2300,9046.7,-9760.0,49013.3,50787.9,,,,,,,,RR1715,,
J2-1011,ASNAP,2017/08/25 22:20:50,44.3688344,-124.9520003,1000.55,1013.98,254.53,-1.1,1.3,0.00,483.26,483.26,HMR2300,9066.7,-9926.7,48933.3,50746.6,,,,,,,,RR1715,,
J2-1011,ASNAP,2017/08/25 22:20:55,44.3688286,-124.9519909,1001.30,1013.34,254.19,-1.0,1.2,0.00,485.38,485.38,HMR2300,9340.0,-9693.3,49013.3,50828.2,,,,,,,,RR1715,,
J2-1011,ASNAP,2017/08/25 22:21:00,44.3688304,-124.9519855,1001.73,1013.54,254.49,-0.8,1.1,0.00,487.41,487.41,HMR2300,9466.7,-9600.0,48986.7,50808.2,,,,,,,,RR1715,,
J2-1011,ASNAP,2017/08/25 22:21:05,44.3688365,-124.9519824,1001.98,1014.22,254.09,-0.6,1.3,0.00,489.27,489.27,HMR2300,9473.3,-9313.3,48946.7,50717.4,,,,,,,,RR1715,,
J2-1011,ASNAP,2017/08/25 22:21:10,44.3688407,-124.9519822,1002.00,1014.68,254.37,-1.6,1.3,0.00,490.42,490.42,HMR2300,9086.7,-9680.0,49760.0,51500.8,,,,,,,,RR1715,,
J2-1011,ASNAP,2017/08/25 22:21:15,44.3688261,-124.9519913,1001.27,1013.06,253.98,-0.5,1.2,0.00,491.35,491.35,HMR2300,9780.0,-9813.3,48786.7,50715.8,,,,,,,,RR1715,,
J2-1011,ASNAP,2017/08/25 22:21:20,44.3688261,-124.9519929,1001.14,1013.06,254.37,-0.4,1.3,0.00,492.75,492.75,HMR2300,9873.3,-9973.3,48760.0,50739.4,,,,,,,,RR1715,,
J2-1011,ASNAP,2017/08/25 22:21:25,44.3688337,-124.9519888,1001.47,1013.90,254.18,-0.4,1.2,0.00,494.38,494.38,HMR2300,9853.3,-9793.3,48913.3,50847.9,,,,,,,,RR1715,,
J2-1011,ASNAP,2017/08/25 22:21:30,44.3688356,-124.9519948,1000.99,1014.11,254.21,-0.4,1.2,0.00,495.69,495.69,HMR2300,9766.7,-9820.0,48866.7,50791.4,,,,,,,,RR1715,,
J2-1011,ASNAP,2017/08/25 22:21:35,44.3688411,-124.9520024,1000.39,1014.73,254.20,-0.5,1.2,0.00,497.51,497.51,HMR2300,9726.7,-9780.0,48960.0,50865.9,,,,,,,,RR1715,,
J2-1011,ASNAP,2017/08/25 22:21:40,44.3688410,-124.9520025,1000.38,1014.72,254.21,-0.5,1.3,0.00,499.43,499.43,HMR2300,9646.7,-9940.0,48880.0,50804.7,,,,,,,,RR1715,,
J2-1011,ASNAP,2017/08/25 22:21:45,44.3688358,-124.9520267,998.45,1014.14,254.27,-0.5,1.5,0.00,501.32,501.32,HMR2300,9673.3,-10020.0,48866.7,50812.6,,,,,,,,RR1715,,
J2-1011,ASNAP,2017/08/25 22:21:50,44.3688397,-124.9520299,998.19,1014.57,254.29,-0.5,1.5,0.00,502.73,502.73,HMR2300,9593.3,-10020.0,48800.0,50733.3,,,,,,,,RR1715,,
J2-1011,ASNAP,2017/08/25 22:21:55,44.3688399,-124.9520282,998.33,1014.59,254.29,-0.4,1.3,0.00,504.58,504.58,HMR2300,9733.3,-9933.3,48886.7,50826.3,,,,,,,,RR1715,,
J2-1011,ASNAP,2017/08/25 22:22:00,44.3688467,-124.9520179,999.15,1015.35,254.34,-0.4,1.2,0.00,506.44,506.44,HMR2300,9693.3,-9780.0,48820.0,50724.8,,,,,,,,RR1715,,
J2-1011,ASNAP,2017/08/25 22:22:05,44.3688537,-124.9520241,998.66,1016.13,254.41,-0.2,1.2,0.00,508.33,508.33,HMR2300,9853.3,-9780.0,48860.0,50794.1,,,,,,,,RR1715,,
J2-1011,ASNAP,2017/08/25 22:22:10,44.3688366,-124.9520286,998.30,1014.23,254.27,-0.3,1.3,0.00,509.75,509.75,HMR2300,9746.7,-9966.7,48900.0,50848.2,,,,,,,,RR1715,,
J2-1011,ASNAP,2017/08/25 22:22:15,44.3688169,-124.9520435,997.11,1012.04,254.51,-0.6,1.3,0.00,511.56,511.56,HMR2300,9500.0,-9980.0,48933.3,50836.2,,,,,,,,RR1715,,
J2-1011,ASNAP,2017/08/25 22:22:20,44.3688246,-124.9520241,998.66,1012.89,254.45,-0.7,1.2,0.00,513.28,513.28,HMR2300,9433.3,-9886.7,48853.3,50728.5,,,,,,,,RR1715,,
J2-1011,ASNAP,2017/08/25 22:22:25,44.3688111,-124.9520474,996.80,1011.39,254.41,-0.6,1.1,0.00,515.01,515.01,HMR2300,9500.0,-9786.7,48893.3,50760.1,,,,,,,,RR1715,,
J2-1011,ASNAP,2017/08/25 22:22:30,44.3688016,-124.9520451,996.98,1010.34,254.35,-0.5,1.2,0.00,516.26,516.26,HMR2300,9746.7,-9833.3,48913.3,50835.1,,,,,,,,RR1715,,
J2-1011,ASNAP,2017/08/25 22:22:35,44.3688164,-124.9520747,994.62,1011.98,254.36,-0.4,1.3,0.00,517.98,517.98,HMR2300,9746.7,-9926.7,48940.0,50878.9,,,,,,,,RR1715,,
J2-1011,ASNAP,2017/08/25 22:22:40,44.3688095,-124.9520821,994.03,1011.21,254.42,-0.5,1.4,0.00,519.68,519.68,HMR2300,9586.7,-9946.7,48820.0,50736.9,,,,,,,,RR1715,,
J2-1011,ASNAP,2017/08/25 22:22:45,44.3688217,-124.9520953,992.98,1012.57,254.51,-0.6,1.4,0.00,521.37,521.37,HMR2300,9466.7,-10006.7,48846.7,50751.8,,,,,,,,RR1715,,
J2-1011,ASNAP,2017/08/25 22:22:50,44.3688107,-124.9520810,994.12,1011.35,254.45,-0.5,1.2,0.00,522.61,522.61,HMR2300,9600.0,-9820.0,48900.0,50791.8,,,,,,,,RR1715,,
J2-1011,ASNAP,2017/08/25 22:22:55,44.3688110,-124.9520940,993.08,1011.38,254.31,-0.6,0.9,0.00,524.28,524.28,HMR2300,9613.3,-9633.3,48973.3,50829.2,,,,,,,,RR1715,,
J2-1011,ASNAP,2017/08/25 22:23:00,44.3688075,-124.9520986,992.72,1010.99,254.26,-0.7,1.0,0.00,525.94,525.94,HMR2300,9466.7,-9560.0,48860.0,50678.5,,,,,,,,RR1715,,
J2-1011,ASNAP,2017/08/25 22:23:05,44.3688286,-124.9520932,993.15,1013.34,254.17,-0.6,1.1,0.00,527.59,527.59,HMR2300,9520.0,-9693.3,48866.7,50720.2,,,,,,,,RR1715,,
J2-1011,ASNAP,2017/08/25 22:23:10,44.3688296,-124.9520961,992.92,1013.45,254.19,-0.7,1.2,0.00,528.86,528.86,HMR2300,9533.3,-9833.3,48900.0,50781.8,,,,,,,,RR1715,,
J2-1011,ASNAP,2017/08/25 22:23:15,44.3688213,-124.9520693,995.05,1012.53,254.26,-0.7,1.4,0.00,530.57,530.57,HMR2300,9513.3,-9933.3,48933.3,50829.6,,,,,,,,RR1715,,
J2-1011,ASNAP,2017/08/25 22:23:20,44.3688319,-124.9520618,995.65,1013.70,254.41,-0.5,1.4,0.00,532.27,532.27,HMR2300,9646.7,-9960.0,48773.3,50706.0,,,,,,,,RR1715,,
J2-1011,ASNAP,2017/08/25 22:23:25,44.3688216,-124.9520705,994.96,1012.56,254.51,-0.6,1.4,0.00,533.94,533.94,HMR2300,9546.7,-9926.7,48806.7,50712.6,,,,,,,,RR1715,,
J2-1011,ASNAP,2017/08/25 22:23:30,44.3688221,-124.9520527,996.38,1012.62,254.45,-0.4,1.3,0.00,535.19,535.19,HMR2300,9660.0,-9826.7,48846.7,50753.1,,,,,,,,RR1715,,
J2-1011,ASNAP,2017/08/25 22:23:35,44.3688073,-124.9520553,996.17,1010.97,254.37,-0.4,1.1,0.00,536.85,536.85,HMR2300,9806.7,-9640.0,48840.0,50739.0,,,,,,,,RR1715,,
J2-1011,ASNAP,2017/08/25 22:23:40,44.3688045,-124.9520752,994.58,1010.66,254.23,-0.4,1.1,0.00,538.51,538.51,HMR2300,9773.3,-9680.0,48800.0,50701.7,,,,,,,,RR1715,,
J2-1011,ASNAP,2017/08/25 22:23:45,44.3688072,-124.9521080,991.97,1010.96,254.17,-0.3,1.2,0.00,540.16,540.16,HMR2300,9853.3,-9773.3,48800.0,50735.1,,,,,,,,RR1715,,
J2-1011,ASNAP,2017/08/25 22:23:50,44.3688042,-124.9521070,992.05,1010.63,254.27,-0.3,1.3,0.00,541.40,541.4,HMR2300,9780.0,-9833.3,48806.7,50738.9,,,,,,,,RR1715,,
J2-1011,ASNAP,2017/08/25 22:23:55,44.3688238,-124.9521416,989.29,1012.80,254.30,-0.4,1.4,0.00,543.02,543.02,HMR2300,9820.0,-9846.7,48840.0,50781.2,,,,,,,,RR1715,,
J2-1011,ASNAP,2017/08/25 22:24:00,44.3687979,-124.9521558,988.16,1009.93,254.31,-0.2,1.2,0.00,544.65,544.65,HMR2300,9926.7,-9726.7,48820.0,50759.6,,,,,,,,RR1715,,
J2-1011,ASNAP,2017/08/25 22:24:05,44.3687971,-124.9521194,991.06,1009.84,254.27,-0.3,1.2,0.00,546.23,546.23,HMR2300,9900.0,-9746.7,48786.7,50726.2,,,,,,,,RR1715,,
J2-1011,ASNAP,2017/08/25 22:24:10,44.3687999,-124.9521268,990.47,1010.15,254.30,-0.3,1.1,0.00,547.46,547.46,HMR2300,9773.3,-9780.0,48853.3,50772.2,,,,,,,,RR1715,,
J2-1011,ASNAP,2017/08/25 22:24:15,44.3687958,-124.9521382,989.56,1009.69,254.34,-0.3,1.3,0.00,549.06,549.06,HMR2300,9900.0,-9793.3,48886.7,50831.3,,,,,,,,RR1715,,
J2-1011,ASNAP,2017/08/25 22:24:20,44.3687968,-124.9521543,988.28,1009.80,254.30,-0.2,1.3,0.00,550.69,550.69,HMR2300,9833.3,-9820.0,48786.7,50727.4,,,,,,,,RR1715,,
J2-1011,ASNAP,2017/08/25 22:24:25,44.3688049,-124.9521517,988.48,1010.70,254.36,-0.2,1.4,0.00,552.31,552.31,HMR2300,9840.0,-9886.7,48760.0,50716.0,,,,,,,,RR1715,,
J2-1011,ASNAP,2017/08/25 22:24:30,44.3687950,-124.9521600,987.82,1009.60,254.27,-0.3,1.3,0.00,553.53,553.53,HMR2300,9813.3,-9860.0,48813.3,50756.9,,,,,,,,RR1715,,
J2-1011,ASNAP,2017/08/25 22:24:35,44.3688041,-124.9521356,989.77,1010.62,254.22,-0.2,1.3,0.00,555.17,555.17,HMR2300,10006.7,-9720.0,48866.7,50818.9,,,,,,,,RR1715,,
J2-1011,ASNAP,2017/08/25 22:24:40,44.3687674,-124.9521489,988.71,1006.54,254.22,-0.2,1.2,0.00,556.86,556.86,HMR2300,9966.7,-9740.0,48820.0,50770.0,,,,,,,,RR1715,,
J2-1011,ASNAP,2017/08/25 22:24:45,44.3687486,-124.9521683,987.16,1004.45,254.14,-0.2,1.3,0.00,558.54,558.54,HMR2300,10066.7,-9780.0,48760.0,50739.8,,,,,,,,RR1715,,
J2-1011,ASNAP,2017/08/25 22:24:50,44.3687610,-124.9522039,984.32,1005.83,254.18,-0.2,1.3,0.00,559.84,559.84,HMR2300,9953.3,-9846.7,48926.7,50890.5,,,,,,,,RR1715,,
J2-1011,ASNAP,2017/08/25 22:24:55,44.3687600,-124.9521870,985.67,1005.71,254.23,-0.1,1.2,0.00,561.53,561.53,HMR2300,10073.3,-9773.3,48853.3,50829.5,,,,,,,,RR1715,,
J2-1011,ASNAP,2017/08/25 22:25:00,44.3687772,-124.9521916,985.30,1007.63,254.27,-0.2,1.3,0.00,563.23,563.23,HMR2300,10013.3,-9893.3,48820.0,50808.8,,,,,,,,RR1715,,
J2-1011,ASNAP,2017/08/25 22:25:05,44.3687789,-124.9521968,984.89,1007.82,254.25,-0.3,1.3,0.00,564.92,564.92,HMR2300,9873.3,-9873.3,48806.7,50764.7,,,,,,,,RR1715,,
J2-1011,ASNAP,2017/08/25 22:25:10,44.3687682,-124.9521992,984.70,1006.63,254.29,-0.2,1.3,0.00,566.17,566.17,HMR2300,10013.3,-9933.3,48940.0,50931.9,,,,,,,,RR1715,,
J2-1011,ASNAP,2017/08/25 22:25:15,44.3687701,-124.9522046,984.27,1006.84,254.29,-0.3,1.3,0.00,567.80,567.8,HMR2300,9986.7,-9846.7,48913.3,50884.2,,,,,,,,RR1715,,
J2-1011,ASNAP,2017/08/25 22:25:20,44.3687489,-124.9522413,981.34,1004.48,254.31,-0.3,1.3,0.00,569.43,569.43,HMR2300,9900.0,-9813.3,48880.0,50828.8,,,,,,,,RR1715,,
J2-1011,ASNAP,2017/08/25 22:25:25,44.3687436,-124.9522477,980.83,1003.89,254.34,-0.9,1.3,0.00,570.98,570.98,HMR2300,9226.7,-9266.7,48993.3,50708.5,,,,,,,,RR1715,,
J2-1011,ASNAP,2017/08/25 22:25:30,44.3687360,-124.9522444,981.09,1003.05,253.99,-0.3,1.1,0.00,571.83,571.83,HMR2300,9893.3,-9580.0,48986.7,50885.6,,,,,,,,RR1715,,
J2-1011,ASNAP,2017/08/25 22:25:35,44.3687340,-124.9522654,979.42,1002.83,254.06,-1.2,2.2,0.00,573.28,573.28,HMR2300,8973.3,-10760.0,49313.3,51265.0,,,,,,,,RR1715,,
J2-1011,ASNAP,2017/08/25 22:25:40,44.3687368,-124.9522655,979.41,1003.14,254.23,-1.4,0.6,0.00,574.08,574.08,HMR2300,8920.0,-9473.3,48946.7,50646.7,,,,,,,,RR1715,,
J2-1011,ASNAP,2017/08/25 22:25:45,44.3687214,-124.9522695,979.09,1001.43,254.36,-1.5,1.3,0.00,574.69,574.69,HMR2300,8980.0,-9773.3,49046.7,50810.8,,,,,,,,RR1715,,
J2-1011,ASNAP,2017/08/25 22:25:50,44.3687177,-124.9522505,980.61,1001.02,254.23,-1.1,1.3,0.00,575.28,575.28,HMR2300,9226.7,-9840.0,49020.0,50842.1,,,,,,,,RR1715,,
J2-1011,ASNAP,2017/08/25 22:25:55,44.3687234,-124.9522308,982.18,1001.65,254.29,-0.8,0.6,0.00,576.30,576.3,HMR2300,9506.7,-9240.0,48960.0,50723.1,,,,,,,,RR1715,,
J2-1011,ASNAP,2017/08/25 22:26:00,44.3687106,-124.9522285,982.36,1000.23,254.22,-1.4,1.5,0.00,577.60,577.6,HMR2300,8273.3,-9313.3,48480.0,50054.9,,,,,,,,RR1715,,
J2-1011,ASNAP,2017/08/25 22:26:05,44.36869792,-124.95224277,981.223397,998.816060,254.31,-1.6,1.0,0.00,578.41,578.41,HMR2300,8493.3,-10180.0,49493.3,51238.3,,,,,,,,RR1715,,
J2-1011,ASNAP,2017/08/25 22:26:10,44.36869718,-124.95224344,981.169599,998.734487,254.14,-1.7,1.2,0.00,578.61,578.61,HMR2300,8466.7,-10440.0,49473.3,51266.8,,,,,,,,RR1715,,
J2-1011,ASNAP,2017/08/25 22:26:15,44.36869636,-124.95224411,981.116762,998.643675,254.33,-2.0,1.4,0.00,578.49,578.49,HMR2300,8366.7,-10066.7,49066.7,50782.6,,,,,,,,RR1715,,
J2-1011,ASNAP,2017/08/25 22:26:20,44.36869548,-124.95224473,981.066902,998.545340,254.33,-1.4,1.4,0.00,577.98,577.98,HMR2300,8833.3,-9693.3,48673.3,50409.1,,,,,,,,RR1715,,
J2-1011,EVT,2017/08/25 22:26:24,44.36869470,-124.95224522,981.028167,998.458662,254.26,-1.2,1.3,0.00,577.58,577.58,HMR2300,9686.7,-9513.3,48853.3,50704.9,,,,,,,,RR1715,DLG,TXT: bottom in sight USR:eventlogger
J2-1011,ASNAP,2017/08/25 22:26:25,44.36869450,-124.95224533,981.018764,998.436064,253.88,-0.6,1.1,0.00,577.44,577.44,HMR2300,9780.0,-9686.7,48866.7,50768.4,,,,,,,,RR1715,,
J2-1011,ASNAP,2017/08/25 22:26:30,44.36869344,-124.95224589,980.974395,998.319256,255.10,-1.3,0.9,0.00,577.26,577.26,HMR2300,8686.7,-9633.3,49153.3,50836.1,,,,,,,,RR1715,,
J2-1011,ASNAP,2017/08/25 22:26:35,44.36869230,-124.95224641,980.933260,998.191728,256.47,-1.7,1.6,0.00,577.56,577.56,HMR2300,7966.7,-11073.3,48880.0,50747.8,,,,,,,,RR1715,,
J2-1011,ASNAP,2017/08/25 22:26:40,44.36869106,-124.95224687,980.896057,998.054626,254.50,-1.2,1.5,0.00,577.82,577.82,HMR2300,8933.3,-9840.0,48726.7,50506.6,,,,,,,,RR1715,,
J2-1011,ASNAP,2017/08/25 22:26:45,44.36868975,-124.95224728,980.863478,997.908531,254.45,-0.9,1.5,0.00,577.65,577.65,HMR2300,9220.0,-9720.0,48960.0,50759.9,,,,,,,,RR1715,,
J2-1011,ASNAP,2017/08/25 22:26:50,44.36868832,-124.95224764,980.834923,997.750181,254.41,-0.8,0.9,0.00,577.47,577.47,HMR2300,9613.3,-9660.0,49186.7,51039.8,,,,,,,,RR1715,,
J2-1011,ASNAP,2017/08/25 22:26:55,44.36868683,-124.95224794,980.811388,997.584413,254.35,-0.8,1.2,0.00,577.34,577.34,HMR2300,9286.7,-9820.0,48693.3,50534.3,,,,,,,,RR1715,,
J2-1011,ASNAP,2017/08/25 22:27:00,44.36868521,-124.95224818,980.791851,997.404651,254.29,-0.9,1.3,0.00,577.49,577.49,HMR2300,9266.7,-10006.7,49000.0,50862.6,,,,,,,,RR1715,,
J2-1011,ASNAP,2017/08/25 22:27:05,44.36868352,-124.95224837,980.776460,997.216080,254.31,-1.0,1.3,0.00,577.64,577.64,HMR2300,9386.7,-9766.7,49133.3,50966.5,,,,,,,,RR1715,,
J2-1011,ASNAP,2017/08/25 22:27:10,44.36868171,-124.95224852,980.764435,997.015275,254.42,-1.0,1.2,0.00,577.58,577.58,HMR2300,9260.0,-9680.0,48866.7,50669.5,,,,,,,,RR1715,,
J2-1011,ASNAP,2017/08/25 22:27:15,44.36867978,-124.95224865,980.754743,996.801174,254.47,-1.1,1.2,0.00,577.41,577.41,HMR2300,9120.0,-9880.0,48860.0,50676.3,,,,,,,,RR1715,,
J2-1011,ASNAP,2017/08/25 22:27:20,44.36867777,-124.95224875,980.746452,996.577766,254.58,-1.0,1.4,0.00,577.54,577.54,HMR2300,9306.7,-9906.7,49280.0,51120.2,,,,,,,,RR1715,,
J2-1011,EVT,2017/08/25 22:27:22,44.36867692,-124.95224879,980.743115,996.483263,254.59,-1.1,1.3,0.00,577.61,577.61,HMR2300,9240.0,-10080.0,49273.3,51135.6,,,,,,,,RR1715,DLG,NAV: Doppler Reset USR:eventlogger
J2-1011,ASNAP,2017/08/25 22:27:25,44.36867561,-124.95224886,980.737810,996.337114,254.54,-1.1,1.4,0.00,577.84,577.84,HMR2300,9346.7,-9860.0,49046.7,50893.6,,,,,,,,RR1715,,
J2-1011,ASNAP,2017/08/25 22:27:30,44.36867335,-124.95224899,980.727409,996.086765,254.59,-1.2,1.1,0.00,577.86,577.86,HMR2300,9020.0,-9713.3,49020.0,50780.6,,,,,,,,RR1715,,
J2-1011,ASNAP,2017/08/25 22:27:35,44.36867094,-124.95224917,980.712918,995.818032,254.47,-1.0,1.3,0.00,577.65,577.65,HMR2300,9300.0,-9986.7,49300.0,51153.8,,,,,,,,RR1715,,
J2-1011,ASNAP,2017/08/25 22:27:40,44.36866839,-124.95224943,980.692535,995.534872,254.39,-1.1,1.4,0.00,577.47,577.47,HMR2300,9180.0,-9726.7,49040.0,50831.1,,,,,,,,RR1715,,
J2-1011,ASNAP,2017/08/25 22:27:45,44.36866569,-124.95224979,980.663718,995.235616,254.50,-1.1,0.9,0.00,577.39,577.39,HMR2300,9060.0,-9560.0,49026.7,50765.1,,,,,,,,RR1715,,
J2-1011,ASNAP,2017/08/25 22:27:50,44.36866280,-124.95225029,980.623678,994.913957,254.37,-1.1,1.1,0.00,577.39,577.39,HMR2300,9160.0,-9773.3,48833.3,50637.1,,,,,,,,RR1715,,
J2-1011,ASNAP,2017/08/25 22:27:55,44.36865978,-124.95225095,980.571044,994.578701,254.33,-1.2,1.4,0.00,577.42,577.42,HMR2300,9266.7,-10060.0,49273.3,51136.4,,,,,,,,RR1715,,
J2-1011,ASNAP,2017/08/25 22:28:00,44.36865651,-124.95225183,980.501261,994.215604,254.27,-1.2,2.3,0.00,577.46,577.46,HMR2300,9300.0,-10433.3,48926.7,50883.8,,,,,,,,RR1715,,
J2-1011,ASNAP,2017/08/25 22:28:05,44.36865309,-124.95225292,980.414208,993.834816,254.15,-1.0,1.6,0.00,578.12,578.12,HMR2300,9280.0,-9773.3,48953.3,50774.7,,,,,,,,RR1715,,
J2-1011,ASNAP,2017/08/25 22:28:10,44.36864941,-124.95225429,980.305177,993.426213,256.45,-1.1,1.4,0.00,578.90,578.9,HMR2300,8566.7,-10320.0,49266.7,51059.7,,,,,,,,RR1715,,
J2-1011,ASNAP,2017/08/25 22:28:15,44.36864548,-124.95225595,980.172753,992.990029,253.96,-1.5,1.5,0.00,579.44,579.44,HMR2300,9306.7,-9986.7,49306.7,51161.5,,,,,,,,RR1715,,
J2-1011,ASNAP,2017/08/25 22:28:20,44.36864135,-124.95225791,980.016487,992.531044,253.79,-0.7,1.5,0.00,579.60,579.6,HMR2300,9806.7,-9826.7,49026.7,50954.4,,,,,,,,RR1715,,
J2-1011,ASNAP,2017/08/25 22:28:25,44.36863689,-124.95226024,979.830354,992.034458,252.69,-0.7,1.3,0.00,579.84,579.84,HMR2300,9946.7,-9773.3,48946.7,50894.3,,,,,,,,RR1715,,
J2-1011,ASNAP,2017/08/25 22:28:30,44.36863221,-124.95226289,979.618994,991.515367,253.64,-0.8,1.2,0.00,580.04,580.04,HMR2300,9353.3,-9820.0,48720.0,50572.3,,,,,,,,RR1715,,
J2-1011,ASNAP,2017/08/25 22:28:35,44.36862716,-124.95226597,979.373386,990.953790,253.69,-0.9,1.3,0.00,580.29,580.29,HMR2300,9500.0,-9893.3,49046.7,50928.4,,,,,,,,RR1715,,
J2-1011,ASNAP,2017/08/25 22:28:40,44.36862183,-124.95226942,979.098792,990.362081,253.67,-1.1,1.3,0.00,580.53,580.53,HMR2300,9553.3,-9713.3,49033.3,50890.9,,,,,,,,RR1715,,
J2-1011,ASNAP,2017/08/25 22:28:45,44.36861619,-124.95227326,978.792387,989.735308,253.59,-1.1,1.5,0.00,580.66,580.66,HMR2300,9226.7,-9720.0,48720.0,50529.7,,,,,,,,RR1715,,
J2-1011,ASNAP,2017/08/25 22:28:50,44.36861016,-124.95227755,978.450443,989.064980,253.75,-1.1,1.3,0.00,580.53,580.53,HMR2300,9573.3,-9526.7,48880.0,50711.5,,,,,,,,RR1715,,
J2-1011,ASNAP,2017/08/25 22:28:55,44.36860389,-124.95228218,978.081685,988.368114,253.94,-1.3,1.2,0.00,580.34,580.34,HMR2300,9173.3,-9960.0,49093.3,50926.5,,,,,,,,RR1715,,
J2-1011,ASNAP,2017/08/25 22:29:00,44.36859716,-124.95228730,977.673413,987.619823,254.35,-1.1,1.2,0.00,580.16,580.16,HMR2300,9133.3,-9760.0,49273.3,51054.3,,,,,,,,RR1715,,
J2-1011,ASNAP,2017/08/25 22:29:05,44.36859019,-124.95229273,977.240074,986.845413,251.23,-0.8,1.3,0.00,580.03,580.03,HMR2300,11233.3,-8553.3,48660.0,50667.0,,,,,,,,RR1715,,
J2-1011,ASNAP,2017/08/25 22:29:10,44.36858286,-124.95229857,976.774731,986.031418,231.68,-0.8,0.7,0.00,579.93,579.93,HMR2300,15373.3,-4253.3,48326.7,50891.0,,,,,,,,RR1715,,
J2-1011,ASNAP,2017/08/25 22:29:15,44.36857522,-124.95230476,976.280941,985.182480,238.57,-1.3,1.0,0.00,579.92,579.92,HMR2300,13426.7,-5926.7,48353.3,50531.6,,,,,,,,RR1715,,
J2-1011,ASNAP,2017/08/25 22:29:20,44.36856720,-124.95231136,975.755005,984.291283,239.19,-1.2,1.3,0.00,579.88,579.88,HMR2300,13366.7,-6340.0,48346.7,50559.5,,,,,,,,RR1715,,
J2-1011,ASNAP,2017/08/25 22:29:25,44.36855882,-124.95231834,975.198695,983.359482,239.19,-0.7,1.3,0.00,579.82,579.82,HMR2300,13760.0,-6180.0,48666.7,50950.7,,,,,,,,RR1715,,
J2-1011,ASNAP,2017/08/25 22:29:30,44.36855033,-124.95232546,974.630623,982.416896,230.73,-0.7,1.0,0.00,579.80,579.8,HMR2300,16086.7,-3160.0,47740.0,50476.5,,,,,,,,RR1715,,
J2-1011,ASNAP,2017/08/25 22:29:35,44.36854144,-124.95233299,974.030510,981.428599,219.00,-0.5,0.7,0.00,579.76,579.76,HMR2300,17686.7,-333.3,47480.0,50668.3,,,,,,,,RR1715,,
J2-1011,ASNAP,2017/08/25 22:29:40,44.36853241,-124.95234068,973.417849,980.425481,224.73,-1.3,1.0,0.00,579.79,579.79,HMR2300,16720.0,-1720.0,47640.0,50518.2,,,,,,,,RR1715,,
J2-1011,ASNAP,2017/08/25 22:29:45,44.36852317,-124.95234858,972.787522,979.398306,223.92,-1.5,1.0,0.00,579.79,579.79,HMR2300,16293.3,-1526.7,47460.0,50202.1,,,,,,,,RR1715,,
J2-1011,ASNAP,2017/08/25 22:29:50,44.36851370,-124.95235671,972.139343,978.345858,223.08,-0.3,0.9,0.00,579.79,579.79,HMR2300,17846.7,-1233.3,47220.0,50495.1,,,,,,,,RR1715,,
J2-1011,ASNAP,2017/08/25 22:29:55,44.36850425,-124.95236485,971.490732,977.295889,223.09,-1.1,0.9,0.00,579.77,579.77,HMR2300,16993.3,-1413.3,47260.0,50242.2,,,,,,,,RR1715,,
J2-1011,ASNAP,2017/08/25 22:30:00,44.36849452,-124.95237325,970.821060,976.214604,222.77,-1.3,1.2,0.00,579.79,579.79,HMR2300,16860.0,-1613.3,47706.7,50624.0,,,,,,,,RR1715,,
J2-1011,ASNAP,2017/08/25 22:30:05,44.36848491,-124.95238156,970.158751,975.147780,222.67,-1.0,1.0,0.00,579.77,579.77,HMR2300,16966.7,-1200.0,47786.7,50723.5,,,,,,,,RR1715,,
J2-1011,ASNAP,2017/08/25 22:30:10,44.36847524,-124.95238995,969.489516,974.072552,223.20,-0.9,1.0,0.00,579.73,579.73,HMR2300,17026.7,-1580.0,47713.3,50685.0,,,,,,,,RR1715,,
J2-1011,ASNAP,2017/08/25 22:30:15,44.36846562,-124.95239832,968.822187,973.003489,223.13,-0.7,0.9,0.00,579.68,579.68,HMR2300,17486.7,-1413.3,47640.0,50767.6,,,,,,,,RR1715,,
J2-1011,ASNAP,2017/08/25 22:30:20,44.36845599,-124.95240673,968.151713,971.933283,223.18,-0.6,1.0,0.00,579.62,579.62,HMR2300,17306.7,-1446.7,47273.3,50362.5,,,,,,,,RR1715,,
J2-1011,ASNAP,2017/08/25 22:30:25,44.36844641,-124.95241513,967.482035,970.869139,223.48,-0.6,0.9,0.00,579.58,579.58,HMR2300,17473.3,-1380.0,47393.3,50530.7,,,,,,,,RR1715,,
J2-1011,ASNAP,2017/08/25 22:30:30,44.36843717,-124.95242328,966.832349,969.842703,223.04,-0.8,0.7,0.00,579.80,579.8,HMR2300,17073.3,-1393.3,47473.3,50469.4,,,,,,,,RR1715,,
J2-1011,ASNAP,2017/08/25 22:30:35,44.36842794,-124.95243149,966.178265,968.816755,222.55,-0.9,0.9,0.00,580.21,580.21,HMR2300,17146.7,-1260.0,47640.0,50647.5,,,,,,,,RR1715,,
J2-1011,ASNAP,2017/08/25 22:30:40,44.36841903,-124.95243948,965.541373,967.826527,222.98,-0.5,1.1,0.00,580.47,580.47,HMR2300,17626.7,-1360.0,47486.7,50670.8,,,,,,,,RR1715,,
J2-1011,ASNAP,2017/08/25 22:30:45,44.36841031,-124.95244738,964.911492,966.858002,225.06,-0.7,1.1,0.00,580.67,580.67,HMR2300,16780.0,-1973.3,47800.0,50698.2,,,,,,,,RR1715,,
J2-1011,ASNAP,2017/08/25 22:30:50,44.36840182,-124.95245517,964.289989,965.914574,243.66,-0.5,1.0,0.00,580.77,580.77,HMR2300,12946.7,-7693.3,48613.3,50892.6,,,,,,,,RR1715,,
J2-1011,ASNAP,2017/08/25 22:30:55,44.36839373,-124.95246272,963.688547,965.015879,235.62,-0.9,1.4,0.00,580.87,580.87,HMR2300,14706.7,-5373.3,47940.0,50432.2,,,,,,,,RR1715,,
J2-1011,ASNAP,2017/08/25 22:31:00,44.36838580,-124.95247025,963.087671,964.134127,235.11,-0.4,1.1,0.00,580.93,580.93,HMR2300,15060.0,-5046.7,47986.7,50546.9,,,,,,,,RR1715,,
J2-1011,ASNAP,2017/08/25 22:31:05,44.36837832,-124.95247751,962.509504,963.303387,235.18,0.0,1.1,0.00,580.86,580.86,HMR2300,15733.3,-5473.3,48206.7,51003.7,,,,,,,,RR1715,,
J2-1011,ASNAP,2017/08/25 22:31:10,44.36837107,-124.95248471,961.934877,962.497783,235.18,-0.3,1.5,0.00,580.80,580.8,HMR2300,15146.7,-5326.7,47973.3,50588.9,,,,,,,,RR1715,,
J2-1011,ASNAP,2017/08/25 22:31:15,44.36836420,-124.95249174,961.374769,961.733655,235.63,0.0,1.2,0.00,580.66,580.66,HMR2300,15420.0,-5626.7,47880.0,50615.5,,,,,,,,RR1715,,
J2-1011,ASNAP,2017/08/25 22:31:20,44.36835768,-124.95249861,960.827203,961.010107,235.39,-0.4,1.1,0.00,580.63,580.63,HMR2300,15280.0,-5380.0,47966.7,50628.3,,,,,,,,RR1715,,
J2-1011,ASNAP,2017/08/25 22:31:25,44.36835143,-124.95250544,960.282688,960.315114,234.88,-0.4,1.3,0.00,580.53,580.53,HMR2300,15626.7,-5360.0,48260.0,51009.3,,,,,,,,RR1715,,
J2-1011,ASNAP,2017/08/25 22:31:30,44.36834563,-124.95251203,959.757159,959.670185,236.28,-0.6,1.2,0.00,580.42,580.42,HMR2300,14300.0,-5966.7,48133.3,50565.9,,,,,,,,RR1715,,
J2-1011,ASNAP,2017/08/25 22:31:35,44.36834005,-124.95251864,959.230408,959.050957,240.05,-0.7,1.1,0.00,580.26,580.26,HMR2300,14186.7,-6413.3,48593.3,51026.5,,,,,,,,RR1715,,
J2-1011,ASNAP,2017/08/25 22:31:40,44.36833488,-124.95252506,958.718177,958.476009,238.51,-0.6,1.2,0.00,580.21,580.21,HMR2300,13980.0,-6413.3,48166.7,50562.8,,,,,,,,RR1715,,
J2-1011,ASNAP,2017/08/25 22:31:45,44.36832997,-124.95253147,958.207122,957.930952,239.66,-0.6,1.3,0.00,580.27,580.27,HMR2300,13986.7,-6400.0,48393.3,50778.9,,,,,,,,RR1715,,
J2-1011,ASNAP,2017/08/25 22:31:50,44.36832536,-124.95253782,957.700853,957.418711,239.43,-0.8,1.3,0.00,580.33,580.33,HMR2300,13593.3,-6553.3,48160.0,50468.9,,,,,,,,RR1715,,
J2-1011,ASNAP,2017/08/25 22:31:55,44.36832108,-124.95254408,957.202332,956.942373,239.32,-0.7,1.3,0.00,580.33,580.33,HMR2300,13706.7,-6673.3,48326.7,50674.2,,,,,,,,RR1715,,
J2-1011,ASNAP,2017/08/25 22:32:00,44.36831698,-124.95255041,956.697398,956.487208,239.32,-0.8,1.3,0.00,580.28,580.28,HMR2300,13886.7,-6280.0,48266.7,50615.7,,,,,,,,RR1715,,
J2-1011,ASNAP,2017/08/25 22:32:05,44.36831321,-124.95255661,956.203521,956.068021,239.32,-0.7,1.3,0.00,580.29,580.29,HMR2300,13973.3,-6366.7,48453.3,50828.3,,,,,,,,RR1715,,
J2-1011,ASNAP,2017/08/25 22:32:10,44.36830961,-124.95256290,955.701943,955.667856,239.49,-0.7,2.2,0.00,580.33,580.33,HMR2300,14040.0,-7306.7,48346.7,50871.5,,,,,,,,RR1715,,
J2-1011,ASNAP,2017/08/25 22:32:15,44.36830624,-124.95256915,955.203765,955.293707,239.30,-0.7,2.3,0.00,580.39,580.39,HMR2300,13853.3,-7373.3,48220.0,50709.5,,,,,,,,RR1715,,
J2-1011,ASNAP,2017/08/25 22:32:20,44.36830308,-124.95257538,954.707107,954.942953,239.26,-0.7,2.2,0.00,580.33,580.33,HMR2300,14126.7,-7173.3,48566.7,51085.6,,,,,,,,RR1715,,
J2-1011,ASNAP,2017/08/25 22:32:25,44.36830009,-124.95258163,954.208089,954.610563,239.40,-0.8,2.0,0.00,580.27,580.27,HMR2300,13760.0,-6960.0,48393.3,50790.7,,,,,,,,RR1715,,
J2-1011,ASNAP,2017/08/25 22:32:30,44.36829725,-124.95258793,953.706516,954.295221,239.77,-0.7,2.4,0.00,580.40,580.4,HMR2300,13713.3,-6946.7,48340.0,50725.4,,,,,,,,RR1715,,
J2-1011,ASNAP,2017/08/25 22:32:35,44.36829453,-124.95259430,953.198424,953.992844,243.58,-0.7,2.1,0.00,580.82,580.82,HMR2300,12900.0,-7920.0,48740.0,51036.5,,,,,,,,RR1715,,
J2-1011,ASNAP,2017/08/25 22:32:40,44.36829198,-124.95260060,952.696503,953.709654,241.70,-0.9,2.1,0.00,580.99,580.99,HMR2300,13526.7,-7326.7,48286.7,50677.9,,,,,,,,RR1715,,
J2-1011,ASNAP,2017/08/25 22:32:45,44.36828954,-124.95260695,952.190009,953.437830,241.36,-1.1,2.0,0.00,580.97,580.97,HMR2300,12966.7,-7560.0,48286.7,50565.7,,,,,,,,RR1715,,
J2-1011,ASNAP,2017/08/25 22:32:50,44.36828759,-124.95261219,951.772486,953.221203,239.67,-0.8,1.9,0.00,580.88,580.88,HMR2300,13946.7,-7320.0,48493.3,50987.2,,,,,,,,RR1715,,
J2-1011,ASNAP,2017/08/25 22:32:55,44.36828611,-124.95261636,951.439779,953.056598,242.10,-0.4,2.1,0.00,580.73,580.73,HMR2300,13000.0,-8160.0,48220.0,50603.9,,,,,,,,RR1715,,
J2-1011,ASNAP,2017/08/25 22:33:00,44.36828370,-124.95262345,950.874690,952.788924,243.63,-0.9,2.2,0.00,580.56,580.56,HMR2300,12700.0,-8493.3,48726.7,51065.8,,,,,,,,RR1715,,
J2-1011,ASNAP,2017/08/25 22:33:05,44.36828149,-124.95263021,950.335173,952.543254,241.07,0.0,1.9,0.00,580.41,580.41,HMR2300,13986.7,-7453.3,48486.7,51011.1,,,,,,,,RR1715,,
J2-1011,ASNAP,2017/08/25 22:33:10,44.36827961,-124.95263630,949.850387,952.334111,241.81,0.0,2.6,0.00,580.30,580.3,HMR2300,13966.7,-8553.3,48166.7,50874.9,,,,,,,,RR1715,,
J2-1011,ASNAP,2017/08/25 22:33:15,44.36827785,-124.95264226,949.374909,952.139406,241.29,0.2,2.0,0.00,580.63,580.63,HMR2300,14200.0,-7326.7,48433.3,51001.1,,,,,,,,RR1715,,
J2-1011,ASNAP,2017/08/25 22:33:20,44.36827623,-124.95264811,948.908425,951.959175,242.68,-0.3,2.2,0.00,581.13,581.13,HMR2300,13273.3,-8193.3,48106.7,50572.4,,,,,,,,RR1715,,
J2-1011,ASNAP,2017/08/25 22:33:25,44.36827476,-124.95265381,948.454131,951.795568,241.96,0.3,1.7,0.00,581.70,581.7,HMR2300,13466.7,-7786.7,48353.3,50794.0,,,,,,,,RR1715,,
J2-1011,EVT,2017/08/25 22:33:27,44.36827422,-124.95265604,948.276301,951.735182,242.47,-0.9,2.0,0.00,581.83,581.83,HMR2300,13186.7,-7980.0,48660.0,51042.8,,,,,,,,RR1715,DLG,TXT: deep profiler in sight USR:eventlogger
J2-1011,ASNAP,2017/08/25 22:33:30,44.36827345,-124.95265933,948.014162,951.650384,242.25,-0.1,1.9,0.00,582.00,582,HMR2300,13406.7,-7960.0,48386.7,50836.7,,,,,,,,RR1715,,
J2-1011,ASNAP,2017/08/25 22:33:35,44.36827233,-124.95266462,947.592237,951.525926,241.83,0.1,1.9,0.00,582.28,582.28,HMR2300,13673.3,-7593.3,48086.7,50566.3,,,,,,,,RR1715,,
J2-1011,ASNAP,2017/08/25 22:33:40,44.36827141,-124.95266972,947.185675,951.423039,241.99,-0.7,2.0,0.00,582.33,582.33,HMR2300,13233.3,-8066.7,48440.0,50858.9,,,,,,,,RR1715,,
J2-1011,ASNAP,2017/08/25 22:33:45,44.36827068,-124.95267467,946.790717,951.342626,241.50,0.1,2.1,0.00,582.28,582.28,HMR2300,13973.3,-7693.3,48500.0,51055.8,,,,,,,,RR1715,,
J2-1011,ASNAP,2017/08/25 22:33:50,44.36827019,-124.95267941,946.413284,951.287953,242.56,-0.5,2.1,0.00,582.18,582.18,HMR2300,13393.3,-8033.3,48466.7,50920.9,,,,,,,,RR1715,,
J2-1011,ASNAP,2017/08/25 22:33:55,44.36826995,-124.95268394,946.052295,951.260990,241.37,-0.5,1.9,0.00,582.02,582.02,HMR2300,13620.0,-7646.7,48680.0,51124.5,,,,,,,,RR1715,,
J2-1011,ASNAP,2017/08/25 22:34:00,44.36826997,-124.95268834,945.701192,951.263453,241.97,-0.4,2.2,0.00,581.85,581.85,HMR2300,13553.3,-8186.7,48573.3,51089.0,,,,,,,,RR1715,,
J2-1011,ASNAP,2017/08/25 22:34:05,44.36827028,-124.95269259,945.362398,951.298043,241.85,-0.5,2.2,0.00,581.92,581.92,HMR2300,13593.3,-7920.0,48680.0,51159.0,,,,,,,,RR1715,,
J2-1011,ASNAP,2017/08/25 22:34:10,44.36827090,-124.95269669,945.035525,951.366976,241.98,-0.6,2.2,0.00,582.07,582.07,HMR2300,13286.7,-7933.3,48393.3,50807.4,,,,,,,,RR1715,,
J2-1011,ASNAP,2017/08/25 22:34:15,44.36827185,-124.95270066,944.718879,951.472260,241.54,-0.7,2.2,0.00,582.13,582.13,HMR2300,13406.7,-7740.0,48480.0,50891.6,,,,,,,,RR1715,,
J2-1011,ASNAP,2017/08/25 22:34:20,44.36827314,-124.95270454,944.410185,951.615959,241.79,-0.5,2.3,0.00,582.00,582,HMR2300,13326.7,-7753.3,48166.7,50574.1,,,,,,,,RR1715,,
J2-1011,ASNAP,2017/08/25 22:34:25,44.36827478,-124.95270831,944.109576,951.798228,241.73,-0.8,2.2,0.00,581.89,581.89,HMR2300,12980.0,-7860.0,48206.7,50538.5,,,,,,,,RR1715,,
J2-1011,ASNAP,2017/08/25 22:34:30,44.36827679,-124.95271201,943.814551,952.020757,241.86,-0.5,2.2,0.00,581.95,581.95,HMR2300,13226.7,-8000.0,48420.0,50827.6,,,,,,,,RR1715,,
J2-1011,ASNAP,2017/08/25 22:34:35,44.36827918,-124.95271571,943.519099,952.287084,241.73,-0.7,2.2,0.00,582.08,582.08,HMR2300,13413.3,-7986.7,48626.7,51071.1,,,,,,,,RR1715,,
J2-1011,ASNAP,2017/08/25 22:34:40,44.36828191,-124.95271935,943.229104,952.590605,241.70,-0.6,2.2,0.00,582.08,582.08,HMR2300,13540.0,-7793.3,48586.7,51036.6,,,,,,,,RR1715,,
J2-1011,ASNAP,2017/08/25 22:34:45,44.36828509,-124.95272308,942.931380,952.943893,241.73,-0.8,2.1,0.00,581.96,581.96,HMR2300,13153.3,-7453.3,48273.3,50585.3,,,,,,,,RR1715,,
J2-1011,ASNAP,2017/08/25 22:34:50,44.36828864,-124.95272685,942.631109,953.338319,241.81,-0.7,2.0,0.00,581.91,581.91,HMR2300,13280.0,-7940.0,48486.7,50895.6,,,,,,,,RR1715,,
J2-1011,ASNAP,2017/08/25 22:34:55,44.36829261,-124.95273071,942.323417,953.778885,241.70,-1.0,2.1,0.00,581.96,581.96,HMR2300,13240.0,-7660.0,48486.7,50842.2,,,,,,,,RR1715,,
J2-1011,ASNAP,2017/08/25 22:35:00,44.36829701,-124.95273472,942.003692,954.268582,241.85,-0.7,2.2,0.00,582.04,582.04,HMR2300,13306.7,-7980.0,48640.0,51054.8,,,,,,,,RR1715,,
J2-1011,ASNAP,2017/08/25 22:35:05,44.36830175,-124.95273880,941.678251,954.795044,241.79,-0.8,2.2,0.00,582.04,582.04,HMR2300,13140.0,-7700.0,48240.0,50587.0,,,,,,,,RR1715,,
J2-1011,ASNAP,2017/08/25 22:35:10,44.36830699,-124.95274313,941.333294,955.376906,241.20,-0.8,1.8,0.00,582.02,582.02,HMR2300,13220.0,-7373.3,48253.3,50571.9,,,,,,,,RR1715,,
J2-1011,ASNAP,2017/08/25 22:35:15,44.36831253,-124.95274757,940.979371,955.992651,231.98,-0.6,1.9,0.00,581.98,581.98,HMR2300,16460.0,-4186.7,47766.7,50696.3,,,,,,,,RR1715,,
J2-1011,ASNAP,2017/08/25 22:35:20,44.36831851,-124.95275226,940.605770,956.657407,222.74,-0.7,1.7,0.00,581.93,581.93,HMR2300,17500.0,-1986.7,47280.0,50453.9,,,,,,,,RR1715,,
J2-1011,ASNAP,2017/08/25 22:35:25,44.36832485,-124.95275715,940.215286,957.362127,227.17,-0.7,2.3,0.00,581.91,581.91,HMR2300,16460.0,-3433.3,47400.0,50293.9,,,,,,,,RR1715,,
J2-1011,ASNAP,2017/08/25 22:35:30,44.36833149,-124.95276224,939.809810,958.099831,242.17,-0.7,2.1,0.00,581.93,581.93,HMR2300,12893.3,-8726.7,48706.7,51134.5,,,,,,,,RR1715,,
J2-1011,ASNAP,2017/08/25 22:35:35,44.36833856,-124.95276764,939.379296,958.885057,234.17,-0.8,2.1,0.00,582.02,582.02,HMR2300,15373.3,-5640.0,48353.3,51050.9,,,,,,,,RR1715,,
J2-1011,ASNAP,2017/08/25 22:35:40,44.36834579,-124.95277318,938.937650,959.688974,233.61,-0.7,2.1,0.00,582.06,582.06,HMR2300,15113.3,-5773.3,48160.0,50804.8,,,,,,,,RR1715,,
J2-1011,ASNAP,2017/08/25 22:35:45,44.36835344,-124.95277907,938.468332,960.538351,246.40,-1.0,2.1,0.00,582.06,582.06,HMR2300,9813.3,-10260.0,48886.7,50906.5,,,,,,,,RR1715,,
J2-1011,ASNAP,2017/08/25 22:35:50,44.36836124,-124.95278512,937.985393,961.404781,294.80,-0.9,2.7,0.00,582.04,582.04,HMR2300,-5626.7,-13886.7,48446.7,50710.7,,,,,,,,RR1715,,
J2-1011,ASNAP,2017/08/25 22:35:55,44.36836924,-124.95279142,937.483598,962.294740,289.06,-1.1,2.5,0.00,582.11,582.11,HMR2300,-2146.7,-13813.3,48753.3,50717.9,,,,,,,,RR1715,,
J2-1011,ASNAP,2017/08/25 22:36:00,44.36837744,-124.95279795,936.963068,963.205760,285.25,-1.0,2.7,0.00,582.17,582.17,HMR2300,-1513.3,-14046.7,48720.0,50727.1,,,,,,,,RR1715,,
J2-1011,ASNAP,2017/08/25 22:36:05,44.36838581,-124.95280472,936.423470,964.135860,289.05,-1.1,2.4,0.00,582.09,582.09,HMR2300,-3013.3,-13880.0,48720.0,50748.1,,,,,,,,RR1715,,
J2-1011,ASNAP,2017/08/25 22:36:10,44.36839439,-124.95281176,935.861811,965.088360,294.62,-0.9,2.4,0.00,582.00,582,HMR2300,-5346.7,-13840.0,48193.3,50425.5,,,,,,,,RR1715,,
J2-1011,ASNAP,2017/08/25 22:36:15,44.36840286,-124.95281885,935.296915,966.029825,300.22,-1.1,2.5,0.00,581.96,581.96,HMR2300,-7300.0,-13600.0,48240.0,50649.3,,,,,,,,RR1715,,
J2-1011,ASNAP,2017/08/25 22:36:20,44.36841160,-124.95282630,934.702990,967.001041,302.88,-1.2,2.7,0.00,582.00,582,HMR2300,-7426.7,-13633.3,48260.0,50695.7,,,,,,,,RR1715,,
J2-1011,ASNAP,2017/08/25 22:36:25,44.36842020,-124.95283376,934.107771,967.957180,276.26,-0.8,2.3,0.00,582.04,582.04,HMR2300,2806.7,-13366.7,48846.7,50720.2,,,,,,,,RR1715,,
J2-1011,ASNAP,2017/08/25 22:36:30,44.36842646,-124.95283926,933.669678,968.652081,307.58,-1.9,3.3,0.00,582.08,582.08,HMR2300,-10713.3,-12920.0,47513.3,50390.7,,,,,,,,RR1715,,
J2-1011,ASNAP,2017/08/25 22:36:35,44.36843124,-124.95284354,933.328518,969.183321,305.67,-1.5,2.6,0.00,582.13,582.13,HMR2300,-9300.0,-12920.0,47793.3,50374.8,,,,,,,,RR1715,,
J2-1011,ASNAP,2017/08/25 22:36:40,44.36843865,-124.95285027,932.792194,970.006747,312.88,-1.1,2.7,0.00,582.18,582.18,HMR2300,-11533.3,-11946.7,47326.7,50155.3,,,,,,,,RR1715,,
J2-1011,ASNAP,2017/08/25 22:36:45,44.36844725,-124.95285820,932.159630,970.962877,311.74,-1.1,2.6,0.00,582.15,582.15,HMR2300,-10786.7,-12200.0,47466.7,50182.4,,,,,,,,RR1715,,
J2-1011,ASNAP,2017/08/25 22:36:50,44.36845548,-124.95286594,931.542960,971.876748,311.51,-0.8,2.5,0.00,582.08,582.08,HMR2300,-10420.0,-12440.0,47800.0,50479.4,,,,,,,,RR1715,,
J2-1011,ASNAP,2017/08/25 22:36:55,44.36846340,-124.95287354,930.936901,972.756974,311.69,-1.0,2.8,0.00,582.00,582,HMR2300,-10820.0,-12213.3,47293.3,50029.0,,,,,,,,RR1715,,
J2-1011,ASNAP,2017/08/25 22:37:00,44.36847125,-124.95288122,930.324747,973.628815,310.54,-0.9,2.6,0.00,581.95,581.95,HMR2300,-10186.7,-12193.3,47900.0,50466.4,,,,,,,,RR1715,,
J2-1011,ASNAP,2017/08/25 22:37:05,44.36847900,-124.95288896,929.707547,974.490404,305.14,-0.8,2.4,0.00,581.95,581.95,HMR2300,-8733.3,-12900.0,47973.3,50439.3,,,,,,,,RR1715,,
J2-1011,ASNAP,2017/08/25 22:37:10,44.36848648,-124.95289658,929.100084,975.321338,308.99,-0.9,2.8,0.00,582.02,582.02,HMR2300,-9646.7,-13040.0,47713.3,50395.1,,,,,,,,RR1715,,
J2-1011,ASNAP,2017/08/25 22:37:15,44.36849350,-124.95290388,928.517890,976.101371,307.66,-1.4,2.9,0.00,582.11,582.11,HMR2300,-9680.0,-13073.3,47780.0,50473.2,,,,,,,,RR1715,,
J2-1011,ASNAP,2017/08/25 22:37:20,44.36850032,-124.95291113,927.939617,976.859818,305.19,-1.1,2.6,0.00,582.10,582.1,HMR2300,-8066.7,-12833.3,48053.3,50387.4,,,,,,,,RR1715,,
J2-1011,ASNAP,2017/08/25 22:37:25,44.36850677,-124.95291814,927.381177,977.576703,302.32,-1.5,2.3,0.00,582.00,582,HMR2300,-8080.0,-13220.0,48080.0,50514.8,,,,,,,,RR1715,,
J2-1011,ASNAP,2017/08/25 22:37:30,44.36851286,-124.95292490,926.842136,978.252800,289.73,-0.8,2.7,0.00,581.97,581.97,HMR2300,-1520.0,-14093.3,48906.7,50919.5,,,,,,,,RR1715,,
J2-1011,ASNAP,2017/08/25 22:37:35,44.36851865,-124.95293149,926.316706,978.896378,276.41,-0.5,2.4,0.00,582.00,582,HMR2300,3286.7,-13473.3,48840.0,50770.8,,,,,,,,RR1715,,
J2-1011,ASNAP,2017/08/25 22:37:40,44.36852395,-124.95293768,925.822978,979.485740,256.00,-0.5,1.9,0.00,582.10,582.1,HMR2300,10133.3,-10206.7,48746.7,50824.2,,,,,,,,RR1715,,
J2-1011,ASNAP,2017/08/25 22:37:45,44.36852893,-124.95294366,925.346963,980.038500,235.65,-0.3,1.5,0.00,582.10,582.1,HMR2300,15653.3,-5200.0,47926.7,50685.6,,,,,,,,RR1715,,
J2-1011,EVT,2017/08/25 22:37:47,44.36853080,-124.95294594,925.164450,980.246063,232.16,-0.8,1.4,0.00,582.10,582.1,HMR2300,15213.3,-4546.7,48213.3,50760.6,,,,,,,,RR1715,DLG,TXT: cable connector in sight USR:eventlogger
J2-1011,ASNAP,2017/08/25 22:37:50,44.36853348,-124.95294928,924.898423,980.543778,224.47,-0.6,0.9,0.00,582.17,582.17,HMR2300,17513.3,-940.0,47486.7,50622.0,,,,,,,,RR1715,,
J2-1011,ASNAP,2017/08/25 22:37:55,44.36853767,-124.95295465,924.470604,981.009466,227.05,-1.1,0.1,0.00,582.37,582.37,HMR2300,16773.3,-1740.0,47893.3,50775.4,,,,,,,,RR1715,,
J2-1011,ASNAP,2017/08/25 22:38:00,44.36854141,-124.95295963,924.073706,981.425244,216.85,-1.3,0.5,0.00,582.68,582.68,HMR2300,17706.7,786.7,47193.3,50411.9,,,,,,,,RR1715,,
J2-1011,ASNAP,2017/08/25 22:38:05,44.36854468,-124.95296418,923.710443,981.788693,212.01,-1.6,1.4,0.00,582.89,582.89,HMR2300,17833.3,1560.0,47000.0,50293.8,,,,,,,,RR1715,,
J2-1011,ASNAP,2017/08/25 22:38:10,44.36854757,-124.95296844,923.371446,982.110146,215.99,-1.3,2.2,0.00,582.95,582.95,HMR2300,17520.0,146.7,47206.7,50353.2,,,,,,,,RR1715,,
J2-1011,ASNAP,2017/08/25 22:38:15,44.36854998,-124.95297222,923.069901,982.377502,215.42,-1.0,1.6,0.00,582.86,582.86,HMR2300,17773.3,940.0,46733.3,50007.8,,,,,,,,RR1715,,
J2-1011,ASNAP,2017/08/25 22:38:20,44.36855198,-124.95297565,922.795992,982.599866,215.07,-0.8,1.3,0.00,582.80,582.8,HMR2300,18320.0,1193.3,46866.7,50334.2,,,,,,,,RR1715,,
J2-1011,ASNAP,2017/08/25 22:38:25,44.36855353,-124.95297864,922.557661,982.771674,215.01,-0.9,1.5,0.00,582.86,582.86,HMR2300,18006.7,646.7,46880.0,50223.4,,,,,,,,RR1715,,
J2-1011,ASNAP,2017/08/25 22:38:30,44.36855462,-124.95298120,922.353620,982.893735,214.68,-1.4,3.7,0.00,582.88,582.88,HMR2300,17440.0,-933.3,47200.0,50327.6,,,,,,,,RR1715,,
J2-1011,ASNAP,2017/08/25 22:38:35,44.36855529,-124.95298335,922.182335,982.968116,214.99,-1.4,3.3,0.00,582.90,582.9,HMR2300,17760.0,-493.3,47373.3,50595.4,,,,,,,,RR1715,,
J2-1011,ASNAP,2017/08/25 22:38:40,44.36855551,-124.95298502,922.049291,982.992089,214.96,-1.4,3.2,0.00,582.89,582.89,HMR2300,17673.3,-420.0,47000.0,50214.8,,,,,,,,RR1715,,
J2-1011,ASNAP,2017/08/25 22:38:45,44.36855528,-124.95298627,921.949927,982.967056,214.88,-1.4,3.4,0.00,582.87,582.87,HMR2300,17640.0,-706.7,47166.7,50362.3,,,,,,,,RR1715,,
J2-1011,ASNAP,2017/08/25 22:38:50,44.36855463,-124.95298704,921.888506,982.894092,214.99,-1.4,3.2,0.00,582.86,582.86,HMR2300,17873.3,-633.3,47366.7,50630.6,,,,,,,,RR1715,,
J2-1011,ASNAP,2017/08/25 22:38:55,44.36855351,-124.95298734,921.864290,982.770294,214.89,-1.4,3.4,0.00,582.94,582.94,HMR2300,17586.7,-673.3,46933.3,50124.7,,,,,,,,RR1715,,
J2-1011,ASNAP,2017/08/25 22:39:00,44.36855197,-124.95298718,921.877277,982.598798,215.04,-1.4,3.4,0.00,582.99,582.99,HMR2300,17700.0,-846.7,47280.0,50491.6,,,,,,,,RR1715,,
J2-1011,ASNAP,2017/08/25 22:39:05,44.36854999,-124.95298653,921.928830,982.378832,215.15,-2.1,3.3,0.00,582.99,582.99,HMR2300,17213.3,-933.3,47340.0,50381.0,,,,,,,,RR1715,,
J2-1011,EVT,2017/08/25 22:39:06,44.36854953,-124.95298634,921.943933,982.328244,215.15,-1.8,3.4,0.00,582.99,582.99,HMR2300,17266.7,-946.7,47120.0,50192.9,,,,,,,,RR1715,DLG,TXT: no strain relief on the cable USR:eventlogger
J2-1011,ASNAP,2017/08/25 22:39:10,44.36854755,-124.95298539,922.019491,982.107129,214.94,-2.0,3.5,0.00,582.95,582.95,HMR2300,17273.3,-633.3,47213.3,50277.9,,,,,,,,RR1715,,
J2-1011,ASNAP,2017/08/25 22:39:15,44.36854471,-124.95298380,922.146909,981.792406,214.93,-2.1,3.5,0.00,582.89,582.89,HMR2300,17220.0,-866.7,47660.0,50682.9,,,,,,,,RR1715,,
J2-1011,ASNAP,2017/08/25 22:39:20,44.36854139,-124.95298167,922.316226,981.422651,214.86,-2.8,3.2,0.00,582.96,582.96,HMR2300,16633.3,-486.7,47740.0,50557.0,,,,,,,,RR1715,,
J2-1011,ASNAP,2017/08/25 22:39:25,44.36853768,-124.95297910,922.521605,981.010674,214.95,-2.5,2.3,0.00,583.04,583.04,HMR2300,16873.3,246.7,47386.7,50301.8,,,,,,,,RR1715,,
J2-1011,ASNAP,2017/08/25 22:39:30,44.36853351,-124.95297601,922.767809,980.548087,214.75,-1.0,1.7,0.00,583.02,583.02,HMR2300,17973.3,720.0,46853.3,50187.6,,,,,,,,RR1715,,
J2-1011,ASNAP,2017/08/25 22:39:35,44.36852891,-124.95297242,923.053667,980.036867,214.77,-1.2,2.1,0.00,582.94,582.94,HMR2300,18200.0,406.7,47233.3,50620.1,,,,,,,,RR1715,,
J2-1011,EVT,2017/08/25 22:39:39,44.36852499,-124.95296925,923.306687,979.601043,214.60,-1.6,2.2,0.00,582.92,582.92,HMR2300,17946.7,193.3,47293.3,50584.4,,,,,,,,RR1715,DLG,TXT: grabbed connector USR:eventlogger
J2-1011,ASNAP,2017/08/25 22:39:40,44.36852396,-124.95296839,923.374745,979.485936,214.72,-1.5,2.4,0.00,582.91,582.91,HMR2300,17686.7,226.7,47013.3,50230.7,,,,,,,,RR1715,,
J2-1011,ASNAP,2017/08/25 22:39:45,44.36851850,-124.95296381,923.740402,978.879447,214.64,-1.5,2.2,0.00,582.86,582.86,HMR2300,17793.3,620.0,46873.3,50140.8,,,,,,,,RR1715,,
J2-1011,ASNAP,2017/08/25 22:39:50,44.36851278,-124.95295886,924.134458,978.244551,204.64,-1.4,2.0,0.00,582.79,582.79,HMR2300,18780.0,5326.7,45926.7,49903.1,,,,,,,,RR1715,,
J2-1011,ASNAP,2017/08/25 22:39:55,44.36850666,-124.95295343,924.567692,977.564488,175.94,-1.9,2.0,0.00,582.70,582.7,HMR2300,17040.0,15480.0,43800.0,49481.6,,,,,,,,RR1715,,
J2-1011,ASNAP,2017/08/25 22:40:00,44.36850010,-124.95294746,925.043379,976.834760,159.17,-2.1,1.5,0.00,582.58,582.58,HMR2300,14826.7,19840.0,42300.0,49017.8,,,,,,,,RR1715,,
J2-1011,ASNAP,2017/08/25 22:40:05,44.36849317,-124.95294103,925.556404,976.064596,163.04,-2.0,2.0,0.00,582.42,582.42,HMR2300,15440.0,18700.0,42860.0,49244.9,,,,,,,,RR1715,,
J2-1011,ASNAP,2017/08/25 22:40:10,44.36848591,-124.95293416,926.104010,975.258626,162.41,-2.3,1.7,0.00,582.06,582.06,HMR2300,14446.7,19613.3,42286.7,48801.1,,,,,,,,RR1715,,
J2-1011,ASNAP,2017/08/25 22:40:15,44.36847851,-124.95292702,926.673406,974.436265,161.84,-2.4,1.9,0.00,581.63,581.63,HMR2300,14620.0,18666.7,42760.0,48893.8,,,,,,,,RR1715,,
J2-1011,ASNAP,2017/08/25 22:40:20,44.36847070,-124.95291935,927.285002,973.568556,163.86,-2.5,1.8,0.00,581.32,581.32,HMR2300,15100.0,18206.7,43266.7,49310.2,,,,,,,,RR1715,,
J2-1011,ASNAP,2017/08/25 22:40:25,44.36846278,-124.95291143,927.915969,972.688379,164.89,-2.7,1.8,0.00,581.08,581.08,HMR2300,14973.3,17860.0,42986.7,48898.2,,,,,,,,RR1715,,
J2-1011,ASNAP,2017/08/25 22:40:30,44.36845460,-124.95290312,928.578838,971.779076,162.90,-2.1,1.6,0.00,580.93,580.93,HMR2300,15166.7,18466.7,42633.3,48873.8,,,,,,,,RR1715,,
J2-1011,ASNAP,2017/08/25 22:40:35,44.36844625,-124.95289450,929.265391,970.851946,162.59,-2.3,1.7,0.00,580.80,580.8,HMR2300,15046.7,18973.3,42386.7,48816.2,,,,,,,,RR1715,,
J2-1011,ASNAP,2017/08/25 22:40:40,44.36843788,-124.95288573,929.965232,969.921619,162.28,-2.2,1.8,0.00,580.82,580.82,HMR2300,15293.3,18760.0,42946.7,49297.5,,,,,,,,RR1715,,
J2-1011,ASNAP,2017/08/25 22:40:45,44.36842929,-124.95287658,930.694132,968.966968,162.78,-2.2,1.8,0.00,580.92,580.92,HMR2300,15133.3,18753.3,42620.0,48960.9,,,,,,,,RR1715,,
J2-1011,ASNAP,2017/08/25 22:40:50,44.36842083,-124.95286744,931.422767,968.026406,159.27,-2.2,1.9,0.00,580.97,580.97,HMR2300,14013.3,20033.3,42366.7,48914.6,,,,,,,,RR1715,,
J2-1011,ASNAP,2017/08/25 22:40:55,44.36841222,-124.95285802,932.174269,967.069897,149.54,-2.5,1.6,0.00,580.97,580.97,HMR2300,11846.7,22293.3,41506.7,48581.3,,,,,,,,RR1715,,
J2-1011,ASNAP,2017/08/25 22:41:00,44.36840373,-124.95284860,932.924655,966.127194,151.77,-2.6,1.8,0.00,580.95,580.95,HMR2300,12153.3,21493.3,41720.0,48479.1,,,,,,,,RR1715,,
J2-1011,ASNAP,2017/08/25 22:41:05,44.36839536,-124.95283920,933.674667,965.196830,154.70,-2.3,1.6,0.00,580.97,580.97,HMR2300,13280.0,20553.3,42320.0,48885.4,,,,,,,,RR1715,,
J2-1011,ASNAP,2017/08/25 22:41:10,44.36838695,-124.95282963,934.437142,964.262109,155.45,-2.3,2.0,0.00,580.99,580.99,HMR2300,13226.7,20633.3,42046.7,48668.3,,,,,,,,RR1715,,
J2-1011,ASNAP,2017/08/25 22:41:15,44.36837870,-124.95282016,935.192271,963.345828,154.65,-2.1,1.8,0.00,581.01,581.01,HMR2300,13313.3,20980.0,41933.3,48742.3,,,,,,,,RR1715,,
J2-1011,ASNAP,2017/08/25 22:41:20,44.36837326,-124.95281388,935.692608,962.741024,153.70,-1.9,1.7,0.00,580.99,580.99,HMR2300,13313.3,21246.7,41786.7,48731.8,,,,,,,,RR1715,,
J2-1011,ASNAP,2017/08/25 22:41:25,44.36837163,-124.95281201,935.841952,962.560239,153.34,-1.8,1.7,0.00,580.90,580.9,HMR2300,13493.3,21520.0,41466.7,48627.8,,,,,,,,RR1715,,
J2-1011,ASNAP,2017/08/25 22:41:30,44.36836898,-124.95280890,936.090114,962.265090,153.04,-1.6,1.5,0.00,580.87,580.87,HMR2300,13340.0,21286.7,41466.7,48482.6,,,,,,,,RR1715,,
J2-1011,ASNAP,2017/08/25 22:41:35,44.36836103,-124.95279958,936.832804,961.381925,154.29,-1.8,2.0,0.00,580.89,580.89,HMR2300,13593.3,20733.3,41680.0,48496.1,,,,,,,,RR1715,,
J2-1011,ASNAP,2017/08/25 22:41:40,44.36835270,-124.95278980,937.612789,960.456424,160.07,-1.9,1.8,0.00,580.97,580.97,HMR2300,15153.3,19053.3,42340.0,48839.8,,,,,,,,RR1715,,
J2-1011,ASNAP,2017/08/25 22:41:45,44.36834556,-124.95278139,938.283342,959.663365,168.89,-1.8,2.1,0.00,580.95,580.95,HMR2300,16793.3,16233.3,43080.0,49004.3,,,,,,,,RR1715,,
J2-1011,ASNAP,2017/08/25 22:41:50,44.36833862,-124.95277320,938.935855,958.891695,177.61,-1.6,2.1,0.00,580.91,580.91,HMR2300,17893.3,13073.3,43873.3,49152.3,,,,,,,,RR1715,,
J2-1011,ASNAP,2017/08/25 22:41:55,44.36833195,-124.95276537,939.560288,958.151011,182.31,-1.7,2.1,0.00,580.84,580.84,HMR2300,18546.7,11440.0,44286.7,49357.5,,,,,,,,RR1715,,
J2-1011,ASNAP,2017/08/25 22:42:00,44.36832562,-124.95275797,940.150319,957.446839,193.10,-1.7,2.0,0.00,580.87,580.87,HMR2300,18866.7,8040.0,45473.3,49884.0,,,,,,,,RR1715,,
J2-1011,ASNAP,2017/08/25 22:42:05,44.36831963,-124.95275105,940.702214,956.781879,201.52,-1.8,2.4,0.00,580.93,580.93,HMR2300,18926.7,4826.7,45833.3,49821.8,,,,,,,,RR1715,,
J2-1011,ASNAP,2017/08/25 22:42:10,44.36831403,-124.95274465,941.212407,956.159088,207.38,-1.8,2.2,0.00,580.97,580.97,HMR2300,18300.0,2360.0,46653.3,50169.6,,,,,,,,RR1715,,
J2-1011,EVT,2017/08/25 22:42:13,44.36831086,-124.95274108,941.496539,955.807637,210.92,-1.6,2.5,0.00,580.99,580.99,HMR2300,18366.7,1366.7,46926.7,50411.4,,,,,,,,RR1715,DLG,TXT: now back to deep profiler site USR:eventlogger
J2-1011,ASNAP,2017/08/25 22:42:15,44.36830882,-124.95273880,941.678539,955.580358,211.58,-1.4,2.4,0.00,580.96,580.96,HMR2300,18200.0,820.0,46773.3,50196.2,,,,,,,,RR1715,,
J2-1011,ASNAP,2017/08/25 22:42:20,44.36830397,-124.95273347,942.103713,955.041378,221.78,-2.1,2.2,0.00,580.90,580.9,HMR2300,16333.3,-2566.7,47640.0,50427.5,,,,,,,,RR1715,,
J2-1011,ASNAP,2017/08/25 22:42:25,44.36829946,-124.95272864,942.488846,954.540531,230.66,-2.0,2.2,0.00,580.92,580.92,HMR2300,15373.3,-4560.0,47966.7,50576.0,,,,,,,,RR1715,,
J2-1011,ASNAP,2017/08/25 22:42:30,44.36829532,-124.95272433,942.832351,954.080050,231.03,-2.6,3.3,0.00,580.99,580.99,HMR2300,14460.0,-5400.0,48240.0,50649.3,,,,,,,,RR1715,,
J2-1011,ASNAP,2017/08/25 22:42:35,44.36829156,-124.95272056,943.132816,953.662330,228.76,-1.5,2.5,0.00,581.03,581.03,HMR2300,15480.0,-4353.3,48133.3,50748.4,,,,,,,,RR1715,,
J2-1011,ASNAP,2017/08/25 22:42:40,44.36828819,-124.95271732,943.390910,953.287630,228.50,-1.4,2.6,0.00,580.98,580.98,HMR2300,15540.0,-4506.7,47800.0,50464.3,,,,,,,,RR1715,,
J2-1011,ASNAP,2017/08/25 22:42:45,44.36828521,-124.95271461,943.606818,952.957269,229.99,-1.2,2.6,0.00,580.86,580.86,HMR2300,15873.3,-4826.7,48180.0,50956.6,,,,,,,,RR1715,,
J2-1011,ASNAP,2017/08/25 22:42:50,44.36828264,-124.95271242,943.781910,952.671253,229.10,-2.0,2.7,0.00,580.83,580.83,HMR2300,15380.0,-4646.7,48213.3,50819.9,,,,,,,,RR1715,,
J2-1011,ASNAP,2017/08/25 22:42:55,44.36828047,-124.95271072,943.917211,952.430422,228.30,-1.7,2.5,0.00,580.91,580.91,HMR2300,15466.7,-4326.7,47733.3,50362.8,,,,,,,,RR1715,,
J2-1011,ASNAP,2017/08/25 22:43:00,44.36827872,-124.95270950,944.014182,952.235287,228.12,-1.8,2.6,0.00,581.03,581.03,HMR2300,15626.7,-4393.3,48100.0,50765.2,,,,,,,,RR1715,,
J2-1011,ASNAP,2017/08/25 22:43:05,44.36827738,-124.95270875,944.074345,952.086379,228.35,-1.8,2.4,0.00,581.01,581.01,HMR2300,15606.7,-4500.0,47933.3,50610.5,,,,,,,,RR1715,,
J2-1011,ASNAP,2017/08/25 22:43:10,44.36827644,-124.95270843,944.099739,951.982948,228.45,-2.1,3.0,0.00,580.91,580.91,HMR2300,15240.0,-4786.7,47933.3,50525.0,,,,,,,,RR1715,,
J2-1011,ASNAP,2017/08/25 22:43:15,44.36827593,-124.95270853,944.091656,951.926163,231.12,-1.6,2.1,0.00,580.90,580.9,HMR2300,14773.3,-4766.7,47860.0,50314.5,,,,,,,,RR1715,,
J2-1011,ASNAP,2017/08/25 22:43:20,44.36827585,-124.95270903,944.051492,951.916630,229.71,-1.9,2.8,0.00,580.96,580.96,HMR2300,15040.0,-4773.3,48246.7,50761.5,,,,,,,,RR1715,,
J2-1011,ASNAP,2017/08/25 22:43:25,44.36827619,-124.95270992,943.980640,951.954819,228.76,-1.8,3.0,0.00,581.01,581.01,HMR2300,15046.7,-4973.3,48033.3,50580.0,,,,,,,,RR1715,,
J2-1011,ASNAP,2017/08/25 22:43:30,44.36827696,-124.95271117,943.881005,952.040683,228.11,-1.8,3.3,0.00,580.97,580.97,HMR2300,15486.7,-5100.0,48060.0,50750.5,,,,,,,,RR1715,,
J2-1011,ASNAP,2017/08/25 22:43:35,44.36827816,-124.95271275,943.754971,952.173257,227.34,-1.8,3.5,0.00,581.40,581.4,HMR2300,15420.0,-4840.0,48100.0,50742.6,,,,,,,,RR1715,,
J2-1011,ASNAP,2017/08/25 22:43:40,44.36827980,-124.95271468,943.601107,952.355710,226.81,-2.1,2.9,0.00,582.06,582.06,HMR2300,15600.0,-4346.7,48193.3,50841.4,,,,,,,,RR1715,,
J2-1011,ASNAP,2017/08/25 22:43:45,44.36828189,-124.95271695,943.420785,952.587882,227.01,-2.1,3.1,0.00,582.57,582.57,HMR2300,15346.7,-4553.3,47926.7,50529.4,,,,,,,,RR1715,,
J2-1011,ASNAP,2017/08/25 22:43:50,44.36828436,-124.95271946,943.220083,952.862823,226.57,-2.2,3.3,0.00,582.78,582.78,HMR2300,15480.0,-4240.0,47893.3,50511.2,,,,,,,,RR1715,,
J2-1011,ASNAP,2017/08/25 22:43:55,44.36828729,-124.95272230,942.994276,953.187888,226.32,-2.5,3.1,0.00,582.92,582.92,HMR2300,15373.3,-4400.0,47693.3,50302.6,,,,,,,,RR1715,,
J2-1011,ASNAP,2017/08/25 22:44:00,44.36829065,-124.95272542,942.745052,953.560937,226.38,-1.2,2.0,0.00,582.90,582.9,HMR2300,16213.3,-3606.7,47966.7,50761.0,,,,,,,,RR1715,,
J2-1011,ASNAP,2017/08/25 22:44:05,44.36829443,-124.95272883,942.473026,953.981702,226.39,-0.9,2.1,0.00,582.83,582.83,HMR2300,16620.0,-3066.7,47946.7,50838.1,,,,,,,,RR1715,,
J2-1011,ASNAP,2017/08/25 22:44:10,44.36829872,-124.95273260,942.172823,954.458403,226.38,-0.8,1.8,0.00,582.77,582.77,HMR2300,16620.0,-3166.7,47873.3,50775.1,,,,,,,,RR1715,,
J2-1011,ASNAP,2017/08/25 22:44:15,44.36830338,-124.95273660,941.853919,954.975642,226.45,-0.7,1.7,0.00,582.69,582.69,HMR2300,16853.3,-3053.3,47853.3,50826.2,,,,,,,,RR1715,,
J2-1011,ASNAP,2017/08/25 22:44:20,44.36830855,-124.95274097,941.505346,955.550575,226.33,-0.7,1.9,0.00,582.60,582.6,HMR2300,16640.0,-3100.0,47480.0,50406.8,,,,,,,,RR1715,,
J2-1011,ASNAP,2017/08/25 22:44:25,44.36831419,-124.95274568,941.129834,956.177652,225.52,-0.5,2.1,0.00,582.56,582.56,HMR2300,17266.7,-2906.7,47693.3,50805.9,,,,,,,,RR1715,,
J2-1011,ASNAP,2017/08/25 22:44:30,44.36832022,-124.95275066,940.732676,956.846637,225.77,-0.5,2.1,0.00,582.54,582.54,HMR2300,16786.7,-3440.0,47366.7,50370.9,,,,,,,,RR1715,,
J2-1011,ASNAP,2017/08/25 22:44:35,44.36832657,-124.95275590,940.315561,957.552869,234.74,-0.7,2.3,0.00,582.42,582.42,HMR2300,15280.0,-6206.7,48260.0,51000.3,,,,,,,,RR1715,,
J2-1011,EVT,2017/08/25 22:44:40,44.36833337,-124.95276148,939.870020,958.308745,239.48,-0.6,1.7,0.00,582.28,582.28,HMR2300,13400.0,-7386.7,48466.7,50824.6,,,,,,,,RR1715,DLG,TXT: will go back to pull about 50m more of slack to help with later connection of cable USR:eventlogger
J2-1011,ASNAP,2017/08/25 22:44:40,44.36833337,-124.95276148,939.870020,958.308745,239.48,-0.6,1.7,0.00,582.28,582.28,HMR2300,12626.7,-8133.3,48560.0,50829.7,,,,,,,,RR1715,,
J2-1011,ASNAP,2017/08/25 22:44:45,44.36834058,-124.95276741,939.397927,959.109015,245.35,-0.6,2.0,0.00,582.15,582.15,HMR2300,12860.0,-8326.7,48806.7,51154.7,,,,,,,,RR1715,,
J2-1011,ASNAP,2017/08/25 22:44:50,44.36834814,-124.95277365,938.900545,959.949341,242.41,-0.6,1.9,0.00,582.11,582.11,HMR2300,13200.0,-7660.0,48446.7,50793.7,,,,,,,,RR1715,,
J2-1011,ASNAP,2017/08/25 22:44:55,44.36835602,-124.95278018,938.379299,960.825059,248.86,-0.7,2.4,0.00,582.11,582.11,HMR2300,10646.7,-9993.3,48540.0,50688.8,,,,,,,,RR1715,,
J2-1011,ASNAP,2017/08/25 22:45:00,44.36836419,-124.95278702,937.834426,961.733523,262.68,-1.0,1.6,0.00,582.00,582,HMR2300,5460.0,-12586.7,49206.7,51083.6,,,,,,,,RR1715,,
J2-1011,ASNAP,2017/08/25 22:45:05,44.36837262,-124.95279413,937.267460,962.670013,263.64,-1.0,2.0,0.00,581.89,581.89,HMR2300,5486.7,-12533.3,48886.7,50765.1,,,,,,,,RR1715,,
J2-1011,ASNAP,2017/08/25 22:45:10,44.36838121,-124.95280145,936.683679,963.623830,266.58,-1.3,2.1,0.00,581.87,581.87,HMR2300,4540.0,-12733.3,49353.3,51171.3,,,,,,,,RR1715,,
J2-1011,ASNAP,2017/08/25 22:45:15,44.36839005,-124.95280909,936.074754,964.606483,275.72,-0.5,2.1,0.00,581.89,581.89,HMR2300,2586.7,-13440.0,49073.3,50946.2,,,,,,,,RR1715,,
J2-1011,ASNAP,2017/08/25 22:45:20,44.36839911,-124.95281702,935.442338,965.613169,271.15,-0.9,2.1,0.00,581.95,581.95,HMR2300,3813.3,-12993.3,49080.0,50913.8,,,,,,,,RR1715,,
J2-1011,ASNAP,2017/08/25 22:45:25,44.36840833,-124.95282522,934.788847,966.637905,270.51,-0.7,2.0,0.00,581.96,581.96,HMR2300,4393.3,-12746.7,49033.3,50853.2,,,,,,,,RR1715,,
J2-1011,ASNAP,2017/08/25 22:45:30,44.36841765,-124.95283364,934.117856,967.673189,271.26,-0.8,1.7,0.00,581.90,581.9,HMR2300,4146.7,-12346.7,49133.3,50830.3,,,,,,,,RR1715,,
J2-1011,ASNAP,2017/08/25 22:45:35,44.36842703,-124.95284226,933.430372,968.715717,271.77,-0.7,1.9,0.00,581.86,581.86,HMR2300,4013.3,-12933.3,49266.7,51093.9,,,,,,,,RR1715,,
J2-1011,ASNAP,2017/08/25 22:45:40,44.36843648,-124.95285110,932.725428,969.765244,273.41,-0.6,2.3,0.00,581.89,581.89,HMR2300,3046.7,-13440.0,49086.7,50984.5,,,,,,,,RR1715,,
J2-1011,ASNAP,2017/08/25 22:45:45,44.36844595,-124.95286014,932.004629,970.817806,272.10,-1.0,2.0,0.00,581.93,581.93,HMR2300,3240.0,-12980.0,49060.0,50851.4,,,,,,,,RR1715,,
J2-1011,ASNAP,2017/08/25 22:45:50,44.36845538,-124.95286933,931.272494,971.865484,271.94,-0.8,1.9,0.00,581.96,581.96,HMR2300,3393.3,-12933.3,49093.3,50881.6,,,,,,,,RR1715,,
J2-1011,ASNAP,2017/08/25 22:45:55,44.36846475,-124.95287865,930.528983,972.907229,271.50,-0.9,1.9,0.00,581.96,581.96,HMR2300,3493.3,-12926.7,49086.7,50880.3,,,,,,,,RR1715,,
J2-1011,ASNAP,2017/08/25 22:46:00,44.36847409,-124.95288815,929.771874,973.945210,269.89,-0.6,2.1,0.00,581.92,581.92,HMR2300,4386.7,-12906.7,49126.7,50982.9,,,,,,,,RR1715,,
J2-1011,ASNAP,2017/08/25 22:46:05,44.36848334,-124.95289776,929.005667,974.972465,270.99,-0.0,1.9,0.00,581.87,581.87,HMR2300,4466.7,-12806.7,49253.3,51086.7,,,,,,,,RR1715,,
J2-1011,ASNAP,2017/08/25 22:46:10,44.36849247,-124.95290748,928.231299,975.987280,272.96,-0.8,1.7,0.00,581.86,581.86,HMR2300,3260.0,-12853.3,49346.7,51097.3,,,,,,,,RR1715,,
J2-1011,ASNAP,2017/08/25 22:46:15,44.36850147,-124.95291727,927.450643,976.987097,271.19,-0.7,2.0,0.00,581.91,581.91,HMR2300,3873.3,-12753.3,49000.0,50780.4,,,,,,,,RR1715,,
J2-1011,ASNAP,2017/08/25 22:46:20,44.36851031,-124.95292712,926.665536,977.969732,271.14,-0.1,1.5,0.00,581.88,581.88,HMR2300,4653.3,-12686.7,49273.3,51092.7,,,,,,,,RR1715,,
J2-1011,ASNAP,2017/08/25 22:46:25,44.36851895,-124.95293696,925.881040,978.929636,272.08,-0.3,2.0,0.00,581.88,581.88,HMR2300,4000.0,-12846.7,48913.3,50730.2,,,,,,,,RR1715,,
J2-1011,ASNAP,2017/08/25 22:46:30,44.36852736,-124.95294675,925.100436,979.863688,272.53,-0.9,1.9,0.00,581.88,581.88,HMR2300,3180.0,-12820.0,48893.3,50646.1,,,,,,,,RR1715,,
J2-1011,ASNAP,2017/08/25 22:46:35,44.36853565,-124.95295662,924.313735,980.785227,272.10,-0.8,1.8,0.00,581.89,581.89,HMR2300,3326.7,-12946.7,49080.0,50867.8,,,,,,,,RR1715,,
J2-1011,ASNAP,2017/08/25 22:46:40,44.36854360,-124.95296627,923.544412,981.668424,271.52,-0.9,1.9,0.00,581.89,581.89,HMR2300,3653.3,-12680.0,48893.3,50642.7,,,,,,,,RR1715,,
J2-1011,ASNAP,2017/08/25 22:46:45,44.36855145,-124.95297599,922.769464,982.541401,283.76,-0.4,2.1,0.00,581.87,581.87,HMR2300,-3046.7,-13766.7,48606.7,50610.4,,,,,,,,RR1715,,
J2-1011,ASNAP,2017/08/25 22:46:50,44.36855910,-124.95298561,922.002020,983.391551,296.05,-0.7,2.1,0.00,581.87,581.87,HMR2300,-5240.0,-13526.7,48560.0,50680.4,,,,,,,,RR1715,,
J2-1011,ASNAP,2017/08/25 22:46:55,44.36856662,-124.95299522,921.236434,984.227034,302.05,-0.7,2.4,0.00,581.95,581.95,HMR2300,-7213.3,-13433.3,48146.7,50503.3,,,,,,,,RR1715,,
J2-1011,ASNAP,2017/08/25 22:47:00,44.36857407,-124.95300484,920.468815,985.054717,308.47,-0.9,2.9,0.00,581.98,581.98,HMR2300,-10040.0,-12833.3,47506.7,50223.3,,,,,,,,RR1715,,
J2-1011,ASNAP,2017/08/25 22:47:05,44.36858129,-124.95301425,919.718615,985.856352,311.75,-0.4,2.6,0.00,581.95,581.95,HMR2300,-10833.3,-12226.7,47473.3,50205.3,,,,,,,,RR1715,,
J2-1011,ASNAP,2017/08/25 22:47:10,44.36858852,-124.95302374,918.962438,986.660121,311.78,-0.3,2.5,0.00,581.86,581.86,HMR2300,-10346.7,-12240.0,47920.0,50529.2,,,,,,,,RR1715,,
J2-1011,ASNAP,2017/08/25 22:47:15,44.36859565,-124.95303310,918.216075,987.452707,312.66,-0.4,2.6,0.00,581.70,581.7,HMR2300,-10933.3,-12013.3,47293.3,50005.2,,,,,,,,RR1715,,
J2-1011,ASNAP,2017/08/25 22:47:20,44.36860268,-124.95304228,917.484007,988.233153,312.40,-0.6,2.5,0.00,581.70,581.7,HMR2300,-10626.7,-11860.0,47580.0,50174.1,,,,,,,,RR1715,,
J2-1011,ASNAP,2017/08/25 22:47:25,44.36860964,-124.95305131,916.764881,989.006965,312.05,-0.6,2.6,0.00,581.82,581.82,HMR2300,-10700.0,-12286.7,47493.3,50210.2,,,,,,,,RR1715,,
J2-1011,ASNAP,2017/08/25 22:47:30,44.36861656,-124.95306013,916.061221,989.775622,311.63,-1.0,2.4,0.00,581.85,581.85,HMR2300,-10653.3,-11846.7,47620.0,50214.6,,,,,,,,RR1715,,
J2-1011,ASNAP,2017/08/25 22:47:35,44.36862346,-124.95306875,915.374218,990.542120,311.42,-0.8,2.6,0.00,581.79,581.79,HMR2300,-10306.7,-12160.0,47733.3,50324.6,,,,,,,,RR1715,,
J2-1011,ASNAP,2017/08/25 22:47:40,44.36863039,-124.95307717,914.702976,991.312383,311.32,-1.0,2.4,0.00,581.72,581.72,HMR2300,-10753.3,-11966.7,47346.7,50005.4,,,,,,,,RR1715,,
J2-1011,ASNAP,2017/08/25 22:47:45,44.36863750,-124.95308550,914.038636,992.103195,311.09,-0.7,2.7,0.00,581.73,581.73,HMR2300,-10053.3,-12513.3,47906.7,50524.3,,,,,,,,RR1715,,
J2-1011,ASNAP,2017/08/25 22:47:50,44.36864430,-124.95309317,913.427270,992.857968,310.80,-0.9,2.6,0.00,581.79,581.79,HMR2300,-10793.3,-12400.0,47506.7,50270.7,,,,,,,,RR1715,,
J2-1011,ASNAP,2017/08/25 22:47:55,44.36864821,-124.95309752,913.080311,993.293291,310.82,-1.0,2.6,0.00,581.82,581.82,HMR2300,-10426.7,-12393.3,47780.0,50450.4,,,,,,,,RR1715,,
J2-1011,ASNAP,2017/08/25 22:48:00,44.36865069,-124.95310013,912.872060,993.568962,309.54,-1.2,2.3,0.00,581.73,581.73,HMR2300,-10380.0,-12080.0,47420.0,50023.3,,,,,,,,RR1715,,
J2-1011,ASNAP,2017/08/25 22:48:05,44.36865582,-124.95310534,912.456834,994.138702,309.81,-0.7,2.8,0.00,581.65,581.65,HMR2300,-9920.0,-12933.3,47760.0,50464.8,,,,,,,,RR1715,,
J2-1011,ASNAP,2017/08/25 22:48:10,44.36866312,-124.95311251,911.885287,994.949901,318.08,-1.3,2.6,0.00,581.59,581.59,HMR2300,-13000.0,-11300.0,47273.3,50313.6,,,,,,,,RR1715,,
J2-1011,ASNAP,2017/08/25 22:48:15,44.36867048,-124.95311930,911.344275,995.767164,314.78,-0.3,3.0,0.00,581.64,581.64,HMR2300,-11320.0,-12206.7,47326.7,50169.3,,,,,,,,RR1715,,
J2-1011,ASNAP,2017/08/25 22:48:20,44.36867780,-124.95312558,910.843861,996.580649,322.26,-0.6,2.8,0.00,581.73,581.73,HMR2300,-13713.3,-9980.0,46893.3,49866.2,,,,,,,,RR1715,,
J2-1011,ASNAP,2017/08/25 22:48:25,44.36868535,-124.95313158,910.364829,997.420056,320.82,-0.9,2.7,0.00,581.78,581.78,HMR2300,-13560.0,-10760.0,47006.7,50092.7,,,,,,,,RR1715,,
J2-1011,ASNAP,2017/08/25 22:48:30,44.36869285,-124.95313708,909.926759,998.252988,320.19,-1.0,2.3,0.00,581.77,581.77,HMR2300,-13526.7,-10253.3,47060.0,50027.4,,,,,,,,RR1715,,
J2-1011,ASNAP,2017/08/25 22:48:35,44.36870057,-124.95314225,909.514235,999.110972,319.87,-0.5,2.2,0.00,581.72,581.72,HMR2300,-13006.7,-10106.7,47113.3,49909.8,,,,,,,,RR1715,,
J2-1011,ASNAP,2017/08/25 22:48:40,44.36870838,-124.95314701,909.134662,999.978614,321.81,-0.8,2.3,0.00,581.71,581.71,HMR2300,-13833.3,-9960.0,47066.7,50058.3,,,,,,,,RR1715,,
J2-1011,ASNAP,2017/08/25 22:48:45,44.36871625,-124.95315133,908.790699,1000.852950,321.27,-0.6,2.5,0.00,581.72,581.72,HMR2300,-13233.3,-10920.0,47293.3,50309.3,,,,,,,,RR1715,,
J2-1011,ASNAP,2017/08/25 22:48:50,44.36872419,-124.95315523,908.480049,1001.736076,319.80,-1.0,2.2,0.00,581.74,581.74,HMR2300,-13773.3,-10580.0,46660.0,49787.5,,,,,,,,RR1715,,
J2-1011,ASNAP,2017/08/25 22:48:55,44.36873206,-124.95315863,908.208816,1002.610476,325.18,-0.3,3.0,0.00,581.76,581.76,HMR2300,-14506.7,-9833.3,46640.0,49824.0,,,,,,,,RR1715,,
J2-1011,ASNAP,2017/08/25 22:49:00,44.36874007,-124.95316165,907.968015,1003.500537,327.94,-0.7,2.6,0.00,581.71,581.71,HMR2300,-15613.3,-9086.7,46726.7,50097.2,,,,,,,,RR1715,,
J2-1011,ASNAP,2017/08/25 22:49:05,44.36874784,-124.95316416,907.767462,1004.363928,338.61,-0.6,3.1,0.00,581.70,581.7,HMR2300,-18660.0,-5913.3,45326.7,49372.8,,,,,,,,RR1715,,
J2-1011,ASNAP,2017/08/25 22:49:10,44.36875568,-124.95316629,907.598275,1005.234904,343.49,-1.1,2.8,0.00,581.70,581.7,HMR2300,-19493.3,-4653.3,45306.7,49541.3,,,,,,,,RR1715,,
J2-1011,ASNAP,2017/08/25 22:49:15,44.36876344,-124.95316800,907.461501,1006.096668,347.17,-0.9,2.9,0.00,581.76,581.76,HMR2300,-19806.7,-4686.7,45113.3,49492.2,,,,,,,,RR1715,,
J2-1011,ASNAP,2017/08/25 22:49:20,44.36877100,-124.95316930,907.358279,1006.937017,346.06,-1.5,2.7,0.00,581.85,581.85,HMR2300,-20140.0,-4400.0,44820.0,49333.7,,,,,,,,RR1715,,
J2-1011,ASNAP,2017/08/25 22:49:25,44.36877851,-124.95317023,907.283979,1007.771632,345.84,-0.6,3.2,0.00,581.89,581.89,HMR2300,-19660.0,-4553.3,44953.3,49275.3,,,,,,,,RR1715,,
J2-1011,ASNAP,2017/08/25 22:49:30,44.36878565,-124.95317079,907.239530,1008.565160,346.07,-0.9,2.8,0.00,581.88,581.88,HMR2300,-19993.3,-4200.0,44900.0,49329.3,,,,,,,,RR1715,,
J2-1011,ASNAP,2017/08/25 22:49:35,44.36879268,-124.95317102,907.221069,1009.346487,345.56,-1.0,2.9,0.00,581.80,581.8,HMR2300,-20026.7,-4300.0,44713.3,49181.7,,,,,,,,RR1715,,
J2-1011,ASNAP,2017/08/25 22:49:40,44.36879945,-124.95317095,907.226301,1010.098150,345.60,-0.9,2.8,0.00,581.74,581.74,HMR2300,-19706.7,-4646.7,44793.3,49156.8,,,,,,,,RR1715,,
J2-1011,ASNAP,2017/08/25 22:49:45,44.36880592,-124.95317061,907.253448,1010.817181,329.71,-0.4,1.9,0.00,581.70,581.7,HMR2300,-15760.0,-8333.3,46726.7,50012.0,,,,,,,,RR1715,,
J2-1011,ASNAP,2017/08/25 22:49:50,44.36881211,-124.95317004,907.299259,1011.504878,322.35,-0.8,2.6,0.00,581.70,581.7,HMR2300,-13133.3,-11206.7,47240.0,50296.0,,,,,,,,RR1715,,
J2-1011,ASNAP,2017/08/25 22:49:55,44.36881785,-124.95316928,907.359872,1012.142857,321.32,-0.7,2.4,0.00,581.74,581.74,HMR2300,-14106.7,-10333.3,46693.3,49860.2,,,,,,,,RR1715,,
J2-1011,ASNAP,2017/08/25 22:50:00,44.36882335,-124.95316834,907.434622,1012.754288,318.10,-0.5,2.4,0.00,581.76,581.76,HMR2300,-12500.0,-10813.3,47393.3,50192.7,,,,,,,,RR1715,,
J2-1011,ASNAP,2017/08/25 22:50:05,44.36882850,-124.95316728,907.519470,1013.326386,344.07,-1.4,2.5,0.00,581.78,581.78,HMR2300,-19833.3,-4580.0,45200.0,49571.9,,,,,,,,RR1715,,
J2-1011,ASNAP,2017/08/25 22:50:10,44.36883336,-124.95316610,907.613381,1013.866661,333.41,-0.8,2.9,0.00,581.75,581.75,HMR2300,-16953.3,-7980.0,45900.0,49577.3,,,,,,,,RR1715,,
J2-1011,ASNAP,2017/08/25 22:50:15,44.36883784,-124.95316487,907.711549,1014.363979,330.25,-1.0,3.0,0.00,581.78,581.78,HMR2300,-16340.0,-8866.7,46333.3,49923.9,,,,,,,,RR1715,,
J2-1011,ASNAP,2017/08/25 22:50:20,44.36884194,-124.95316361,907.811769,1014.819579,327.19,-1.1,2.6,0.00,581.81,581.81,HMR2300,-15640.0,-9153.3,46280.0,49701.4,,,,,,,,RR1715,,
J2-1011,ASNAP,2017/08/25 22:50:25,44.36884575,-124.95316233,907.913380,1015.243331,325.09,-1.1,2.2,0.00,581.76,581.76,HMR2300,-15253.3,-9326.7,46593.3,49905.8,,,,,,,,RR1715,,
J2-1011,ASNAP,2017/08/25 22:50:30,44.36884915,-124.95316111,908.010643,1015.621459,319.17,-0.4,2.2,0.00,581.74,581.74,HMR2300,-12773.3,-10913.3,47426.7,50314.5,,,,,,,,RR1715,,
J2-1011,ASNAP,2017/08/25 22:50:35,44.36885230,-124.95315992,908.105563,1015.971193,321.24,-0.7,2.6,0.00,581.70,581.7,HMR2300,-14246.7,-10020.0,46686.7,49829.8,,,,,,,,RR1715,,
J2-1011,ASNAP,2017/08/25 22:50:40,44.36885514,-124.95315881,908.194013,1016.286000,323.92,-0.7,2.2,0.00,581.74,581.74,HMR2300,-14653.3,-9380.0,46566.7,49710.8,,,,,,,,RR1715,,
J2-1011,ASNAP,2017/08/25 22:50:45,44.36885768,-124.95315780,908.274732,1016.569034,298.73,-0.1,2.0,0.00,581.78,581.78,HMR2300,-3693.3,-13513.3,48533.3,50514.7,,,,,,,,RR1715,,
J2-1011,ASNAP,2017/08/25 22:50:50,44.36885996,-124.95315690,908.346272,1016.822613,288.90,-0.2,2.1,0.00,581.76,581.76,HMR2300,-2893.3,-13720.0,48720.0,50697.6,,,,,,,,RR1715,,
J2-1011,ASNAP,2017/08/25 22:50:55,44.36886197,-124.95315615,908.406324,1017.045472,290.60,-0.6,1.8,0.00,581.61,581.61,HMR2300,-3426.7,-13326.7,48486.7,50401.4,,,,,,,,RR1715,,
J2-1011,ASNAP,2017/08/25 22:51:00,44.36886378,-124.95315553,908.455626,1017.246339,305.75,-0.4,3.0,0.00,581.62,581.62,HMR2300,-8560.0,-13513.3,47786.7,50392.9,,,,,,,,RR1715,,
J2-1011,ASNAP,2017/08/25 22:51:05,44.36886533,-124.95315509,908.491260,1017.418885,310.21,-0.7,2.7,0.00,581.55,581.55,HMR2300,-10553.3,-12146.7,47573.3,50220.9,,,,,,,,RR1715,,
J2-1011,ASNAP,2017/08/25 22:51:10,44.36886672,-124.95315480,908.514120,1017.573464,316.32,0.4,2.1,0.00,581.64,581.64,HMR2300,-12486.7,-11566.7,47153.3,50131.2,,,,,,,,RR1715,,
J2-1011,ASNAP,2017/08/25 22:51:15,44.36886794,-124.95315468,908.523298,1017.708503,320.14,-1.0,1.8,0.00,582.22,582.22,HMR2300,-13773.3,-11126.7,46613.3,49862.9,,,,,,,,RR1715,,
J2-1011,ASNAP,2017/08/25 22:51:20,44.36886899,-124.95315475,908.518009,1017.825019,319.36,-0.8,2.4,0.00,582.04,582.04,HMR2300,-13280.0,-11073.3,47013.3,50092.2,,,,,,,,RR1715,,
J2-1011,ASNAP,2017/08/25 22:51:25,44.36886990,-124.95315500,908.498457,1017.926907,320.03,-0.6,2.6,0.00,581.78,581.78,HMR2300,-13153.3,-10353.3,46973.3,49866.8,,,,,,,,RR1715,,
J2-1011,ASNAP,2017/08/25 22:51:30,44.36887067,-124.95315541,908.465372,1018.012254,320.67,-1.2,2.3,0.00,581.69,581.69,HMR2300,-14406.7,-10666.7,46740.0,50059.5,,,,,,,,RR1715,,
J2-1011,ASNAP,2017/08/25 22:51:35,44.36887133,-124.95315601,908.417648,1018.086066,319.67,-2.0,1.4,0.00,581.83,581.83,HMR2300,-14280.0,-10126.7,46926.7,50085.7,,,,,,,,RR1715,,
J2-1011,ASNAP,2017/08/25 22:51:40,44.36887189,-124.95315677,908.357190,1018.147657,318.93,-2.9,1.7,0.00,581.98,581.98,HMR2300,-14760.0,-10426.7,46753.3,50124.3,,,,,,,,RR1715,,
J2-1011,ASNAP,2017/08/25 22:51:45,44.36887234,-124.95315769,908.283730,1018.198301,319.48,-3.0,1.9,0.00,581.93,581.93,HMR2300,-15066.7,-10133.3,46286.7,49720.7,,,,,,,,RR1715,,
J2-1011,ASNAP,2017/08/25 22:51:50,44.36887271,-124.95315875,908.198837,1018.238950,319.62,-2.6,0.6,0.00,581.89,581.89,HMR2300,-14586.7,-9073.3,46800.0,49853.1,,,,,,,,RR1715,,
J2-1011,ASNAP,2017/08/25 22:51:55,44.36887299,-124.95315994,908.103971,1018.269724,319.68,-2.6,0.6,0.00,581.82,581.82,HMR2300,-14826.7,-9153.3,46800.0,49938.5,,,,,,,,RR1715,,
J2-1011,ASNAP,2017/08/25 22:52:00,44.36887319,-124.95316125,908.000088,1018.291916,319.01,-2.8,0.2,0.00,581.76,581.76,HMR2300,-14633.3,-8993.3,46853.3,49902.4,,,,,,,,RR1715,,
J2-1011,ASNAP,2017/08/25 22:52:05,44.36887330,-124.95316254,907.896825,1018.304812,317.50,-3.0,0.3,0.00,581.60,581.6,HMR2300,-14380.0,-9573.3,46966.7,50043.0,,,,,,,,RR1715,,
J2-1011,ASNAP,2017/08/25 22:52:10,44.36887335,-124.95316400,907.780874,1018.310266,318.29,-2.7,0.5,0.00,581.50,581.5,HMR2300,-14420.0,-9273.3,47046.7,50073.1,,,,,,,,RR1715,,
J2-1011,ASNAP,2017/08/25 22:52:15,44.36887333,-124.95316554,907.657498,1018.307863,318.28,-2.8,1.1,0.00,581.51,581.51,HMR2300,-14540.0,-9833.3,46686.7,49877.4,,,,,,,,RR1715,,
J2-1011,ASNAP,2017/08/25 22:52:20,44.36887323,-124.95316713,907.530942,1018.296804,318.85,-2.9,0.9,0.00,581.59,581.59,HMR2300,-14773.3,-9580.0,46960.0,50152.5,,,,,,,,RR1715,,
J2-1011,ASNAP,2017/08/25 22:52:25,44.36887305,-124.95316877,907.400540,1018.276912,318.38,-2.9,1.0,0.00,581.68,581.68,HMR2300,-14446.7,-9573.3,46680.0,49793.3,,,,,,,,RR1715,,
J2-1011,ASNAP,2017/08/25 22:52:30,44.36887280,-124.95317038,907.272005,1018.248580,317.83,-3.4,1.2,0.00,581.68,581.68,HMR2300,-14480.0,-9906.7,46806.7,49986.8,,,,,,,,RR1715,,
J2-1011,ASNAP,2017/08/25 22:52:35,44.36887245,-124.95317202,907.141107,1018.210213,317.73,-2.7,1.8,0.00,581.65,581.65,HMR2300,-14320.0,-10760.0,46793.3,50104.5,,,,,,,,RR1715,,
J2-1011,ASNAP,2017/08/25 22:52:40,44.36887202,-124.95317364,907.012136,1018.162418,319.19,-2.6,1.7,0.00,581.61,581.61,HMR2300,-14493.3,-9826.7,46660.0,49837.5,,,,,,,,RR1715,,
J2-1011,ASNAP,2017/08/25 22:52:45,44.36887150,-124.95317523,906.885193,1018.104079,314.04,-2.9,1.7,0.00,581.65,581.65,HMR2300,-11713.3,-11806.7,47640.0,50459.6,,,,,,,,RR1715,,
J2-1011,ASNAP,2017/08/25 22:52:50,44.36887088,-124.95317679,906.761269,1018.035164,276.39,-2.3,3.0,0.00,581.69,581.69,HMR2300,866.7,-13726.7,48946.7,50842.4,,,,,,,,RR1715,,
J2-1011,ASNAP,2017/08/25 22:52:55,44.36887016,-124.95317827,906.642663,1017.955861,281.63,-2.6,2.8,0.00,581.74,581.74,HMR2300,-1700.0,-14253.3,48480.0,50560.4,,,,,,,,RR1715,,
J2-1011,ASNAP,2017/08/25 22:53:00,44.36886934,-124.95317973,906.526866,1017.864007,283.55,-0.8,1.9,0.00,581.67,581.67,HMR2300,-626.7,-13100.0,48713.3,50447.9,,,,,,,,RR1715,,
J2-1011,ASNAP,2017/08/25 22:53:05,44.36886843,-124.95318108,906.419223,1017.763282,286.34,-1.3,2.0,0.00,581.53,581.53,HMR2300,-1913.3,-13613.3,48900.0,50795.6,,,,,,,,RR1715,,
J2-1011,ASNAP,2017/08/25 22:53:10,44.36886740,-124.95318238,906.314935,1017.648495,286.35,-0.8,2.1,0.00,581.54,581.54,HMR2300,-1960.0,-13906.7,48726.7,50710.2,,,,,,,,RR1715,,
J2-1011,ASNAP,2017/08/25 22:53:15,44.36886626,-124.95318361,906.216908,1017.522724,284.06,-1.0,2.0,0.00,581.59,581.59,HMR2300,-980.0,-13466.7,48786.7,50620.7,,,,,,,,RR1715,,
J2-1011,ASNAP,2017/08/25 22:53:20,44.36886503,-124.95318476,906.125335,1017.385521,284.38,-1.3,2.1,0.00,581.72,581.72,HMR2300,-1766.7,-13660.0,48580.0,50494.9,,,,,,,,RR1715,,
J2-1011,ASNAP,2017/08/25 22:53:25,44.36886368,-124.95318585,906.038870,1017.235628,285.04,-1.1,2.0,0.00,581.68,581.68,HMR2300,-1620.0,-13820.0,48840.0,50783.5,,,,,,,,RR1715,,
J2-1011,ASNAP,2017/08/25 22:53:30,44.36886226,-124.95318684,905.959949,1017.077659,284.59,-1.3,2.0,0.00,581.65,581.65,HMR2300,-1693.3,-13520.0,48533.3,50409.7,,,,,,,,RR1715,,
J2-1011,ASNAP,2017/08/25 22:53:35,44.36886071,-124.95318778,905.885049,1016.905403,284.34,-1.1,2.2,0.00,581.61,581.61,HMR2300,-1300.0,-13566.7,48613.3,50487.6,,,,,,,,RR1715,,
J2-1011,ASNAP,2017/08/25 22:53:40,44.36885908,-124.95318864,905.815856,1016.724114,283.82,-1.3,2.2,0.00,581.68,581.68,HMR2300,-1393.3,-13780.0,48580.0,50515.8,,,,,,,,RR1715,,
J2-1011,ASNAP,2017/08/25 22:53:45,44.36885735,-124.95318946,905.751172,1016.531639,284.14,-1.2,2.1,0.00,581.70,581.7,HMR2300,-1433.3,-13673.3,48533.3,50443.0,,,,,,,,RR1715,,
J2-1011,ASNAP,2017/08/25 22:53:50,44.36885553,-124.95319021,905.690774,1016.330164,284.73,-1.2,2.1,0.00,581.68,581.68,HMR2300,-1680.0,-13873.3,48760.0,50723.1,,,,,,,,RR1715,,
J2-1011,ASNAP,2017/08/25 22:53:55,44.36885365,-124.95319092,905.634517,1016.121207,284.94,-1.2,2.3,0.00,581.66,581.66,HMR2300,-1853.3,-14026.7,48453.3,50476.8,,,,,,,,RR1715,,
J2-1011,ASNAP,2017/08/25 22:54:00,44.36885166,-124.95319160,905.580322,1015.900302,284.26,-1.4,2.4,0.00,581.71,581.71,HMR2300,-1406.7,-13933.3,48840.0,50808.1,,,,,,,,RR1715,,
J2-1011,ASNAP,2017/08/25 22:54:05,44.36884966,-124.95319223,905.529892,1015.677340,284.80,-1.4,1.5,0.00,581.71,581.71,HMR2300,-1673.3,-13180.0,48913.3,50685.6,,,,,,,,RR1715,,
J2-1011,ASNAP,2017/08/25 22:54:10,44.36884753,-124.95319286,905.480001,1015.440965,285.52,-1.0,2.3,0.00,581.94,581.94,HMR2300,-1826.7,-13333.3,48520.0,50351.8,,,,,,,,RR1715,,
J2-1011,ASNAP,2017/08/25 22:54:15,44.36884535,-124.95319346,905.431673,1015.199133,283.43,-0.4,1.8,0.00,582.19,582.19,HMR2300,-866.7,-13366.7,49166.7,50958.6,,,,,,,,RR1715,,
J2-1011,ASNAP,2017/08/25 22:54:20,44.36884312,-124.95319406,905.384199,1014.950701,284.30,-0.8,1.8,0.00,582.15,582.15,HMR2300,-1026.7,-13893.3,49120.0,51057.4,,,,,,,,RR1715,,
J2-1011,ASNAP,2017/08/25 22:54:25,44.36884080,-124.95319466,905.336631,1014.693465,284.47,-0.9,2.3,0.00,582.02,582.02,HMR2300,-1360.0,-13960.0,48726.7,50705.2,,,,,,,,RR1715,,
J2-1011,ASNAP,2017/08/25 22:54:30,44.36883848,-124.95319524,905.290124,1014.435623,285.00,-0.9,2.1,0.00,582.01,582.01,HMR2300,-1366.7,-13520.0,48720.0,50579.6,,,,,,,,RR1715,,
J2-1011,ASNAP,2017/08/25 22:54:35,44.36883607,-124.95319584,905.242580,1014.167052,284.69,-1.1,2.0,0.00,582.11,582.11,HMR2300,-1100.0,-13546.7,49120.0,50965.6,,,,,,,,RR1715,,
J2-1011,ASNAP,2017/08/25 22:54:40,44.36883363,-124.95319643,905.195357,1013.896330,284.29,-1.1,2.1,0.00,582.17,582.17,HMR2300,-1213.3,-13846.7,48973.3,50907.7,,,,,,,,RR1715,,
J2-1011,ASNAP,2017/08/25 22:54:45,44.36883114,-124.95319702,905.147791,1013.619746,284.53,-1.0,2.1,0.00,582.10,582.1,HMR2300,-1160.0,-13840.0,49133.3,51058.6,,,,,,,,RR1715,,
J2-1011,ASNAP,2017/08/25 22:54:50,44.36882863,-124.95319762,905.100457,1013.340287,284.62,-1.0,2.1,0.00,582.06,582.06,HMR2300,-1500.0,-13820.0,48640.0,50587.5,,,,,,,,RR1715,,
J2-1011,ASNAP,2017/08/25 22:54:55,44.36882610,-124.95319820,905.053786,1013.059209,284.58,-1.3,1.9,0.00,582.04,582.04,HMR2300,-1893.3,-13593.3,48626.7,50526.4,,,,,,,,RR1715,,
J2-1011,ASNAP,2017/08/25 22:55:00,44.36882351,-124.95319879,905.007364,1012.772401,284.21,-1.5,1.6,0.00,582.13,582.13,HMR2300,-1533.3,-13073.3,49020.0,50756.5,,,,,,,,RR1715,,
J2-1011,ASNAP,2017/08/25 22:55:05,44.36882099,-124.95319934,904.963555,1012.492241,284.43,-2.0,1.7,0.00,582.11,582.11,HMR2300,-2240.0,-13393.3,48900.0,50750.5,,,,,,,,RR1715,,
J2-1011,ASNAP,2017/08/25 22:55:10,44.36881842,-124.95319987,904.920760,1012.205844,284.31,-2.3,1.6,0.00,582.13,582.13,HMR2300,-2246.7,-13206.7,48573.3,50386.8,,,,,,,,RR1715,,
J2-1011,ASNAP,2017/08/25 22:55:15,44.36881584,-124.95320038,904.880445,1011.919683,284.51,-2.5,1.8,0.00,582.11,582.11,HMR2300,-2380.0,-13320.0,49013.3,50846.8,,,,,,,,RR1715,,
J2-1011,ASNAP,2017/08/25 22:55:20,44.36881324,-124.95320085,904.842845,1011.631242,285.81,-2.7,1.6,0.00,581.81,581.81,HMR2300,-3546.7,-12460.0,48926.7,50612.7,,,,,,,,RR1715,,
J2-1011,ASNAP,2017/08/25 22:55:25,44.36881067,-124.95320127,904.808979,1011.344822,295.83,-2.7,1.5,0.00,581.48,581.48,HMR2300,-7280.0,-12933.3,48080.0,50318.5,,,,,,,,RR1715,,
J2-1011,ASNAP,2017/08/25 22:55:30,44.36880817,-124.95320164,904.780104,1011.067248,311.68,-2.4,1.8,0.00,581.38,581.38,HMR2300,-12873.3,-11573.3,46953.3,50042.8,,,,,,,,RR1715,,
J2-1011,ASNAP,2017/08/25 22:55:35,44.36880565,-124.95320195,904.755466,1010.787413,322.30,-2.6,2.1,0.00,581.21,581.21,HMR2300,-15746.7,-9713.3,46500.0,50045.5,,,,,,,,RR1715,,
J2-1011,ASNAP,2017/08/25 22:55:40,44.36880320,-124.95320219,904.736296,1010.515234,324.62,-2.2,2.1,0.00,581.18,581.18,HMR2300,-15300.0,-10280.0,46486.7,50007.8,,,,,,,,RR1715,,
J2-1011,ASNAP,2017/08/25 22:55:45,44.36880078,-124.95320236,904.722711,1010.246341,320.58,-3.5,2.6,0.00,581.70,581.7,HMR2300,-15720.0,-10680.0,46246.7,49999.3,,,,,,,,RR1715,,
J2-1011,ASNAP,2017/08/25 22:55:50,44.36879844,-124.95320245,904.714998,1009.985614,322.50,-2.7,2.4,0.00,581.84,581.84,HMR2300,-16086.7,-10320.0,45933.3,49750.9,,,,,,,,RR1715,,
J2-1011,ASNAP,2017/08/25 22:55:55,44.36879617,-124.95320247,904.713382,1009.733982,320.58,-2.9,2.4,0.00,581.85,581.85,HMR2300,-15406.7,-10626.7,46380.0,50014.0,,,,,,,,RR1715,,
J2-1011,ASNAP,2017/08/25 22:56:00,44.36879396,-124.95320242,904.717615,1009.488068,322.82,-2.0,2.4,0.00,581.61,581.61,HMR2300,-14926.7,-9693.3,46420.0,49715.0,,,,,,,,RR1715,,
J2-1011,ASNAP,2017/08/25 22:56:05,44.36879189,-124.95320230,904.727330,1009.258057,322.25,-1.2,2.4,0.00,581.29,581.29,HMR2300,-14593.3,-9980.0,46480.0,49728.8,,,,,,,,RR1715,,
J2-1011,ASNAP,2017/08/25 22:56:10,44.36878986,-124.95320211,904.742688,1009.032408,321.29,0.1,4.7,0.00,581.35,581.35,HMR2300,-13500.0,-12193.3,46886.7,50292.0,,,,,,,,RR1715,,
J2-1011,ASNAP,2017/08/25 22:56:15,44.36878794,-124.95320186,904.762655,1008.819599,320.32,-0.3,2.9,0.00,582.26,582.26,HMR2300,-13006.7,-11906.7,47260.0,50442.5,,,,,,,,RR1715,,
J2-1011,ASNAP,2017/08/25 22:56:20,44.36878612,-124.95320155,904.787088,1008.617327,316.75,-0.7,2.3,0.00,582.39,582.39,HMR2300,-12073.3,-11493.3,47433.3,50277.1,,,,,,,,RR1715,,
J2-1011,ASNAP,2017/08/25 22:56:25,44.36878440,-124.95320120,904.815182,1008.425849,304.83,-0.4,1.3,0.00,582.18,582.18,HMR2300,-8033.3,-12186.7,48213.3,50374.3,,,,,,,,RR1715,,
J2-1011,ASNAP,2017/08/25 22:56:30,44.36878282,-124.95320082,904.845552,1008.250329,304.92,-0.5,1.9,0.00,581.93,581.93,HMR2300,-7933.3,-12600.0,48246.7,50492.0,,,,,,,,RR1715,,
J2-1011,ASNAP,2017/08/25 22:56:35,44.36878132,-124.95320040,904.878695,1008.083520,305.07,-1.3,0.9,0.00,581.72,581.72,HMR2300,-9206.7,-12606.7,47886.7,50366.9,,,,,,,,RR1715,,
J2-1011,ASNAP,2017/08/25 22:56:40,44.36877995,-124.95319997,904.912715,1007.931416,305.12,-0.5,2.7,0.00,580.89,580.89,HMR2300,-8100.0,-13826.7,48180.0,50775.0,,,,,,,,RR1715,,
J2-1011,ASNAP,2017/08/25 22:56:45,44.36877869,-124.95319953,904.947682,1007.791009,305.48,-0.5,2.7,0.00,580.23,580.23,HMR2300,-8480.0,-12720.0,48066.7,50439.2,,,,,,,,RR1715,,
J2-1011,ASNAP,2017/08/25 22:56:50,44.36877755,-124.95319910,904.982279,1007.664639,306.14,-0.4,1.7,0.00,580.27,580.27,HMR2300,-8613.3,-11893.3,48106.7,50298.0,,,,,,,,RR1715,,
J2-1011,ASNAP,2017/08/25 22:56:55,44.36877653,-124.95319868,905.016099,1007.552009,305.88,-0.6,1.8,0.00,580.80,580.8,HMR2300,-8740.0,-12140.0,47833.3,50117.8,,,,,,,,RR1715,,
J2-1011,ASNAP,2017/08/25 22:57:00,44.36877563,-124.95319826,905.049163,1007.451256,305.01,-0.9,1.8,0.00,581.10,581.1,HMR2300,-8726.7,-12513.3,47993.3,50359.7,,,,,,,,RR1715,,
J2-1011,ASNAP,2017/08/25 22:57:05,44.36877486,-124.95319787,905.079984,1007.365940,305.39,-0.8,1.9,0.00,580.88,580.88,HMR2300,-8553.3,-12353.3,47920.0,50220.4,,,,,,,,RR1715,,
J2-1011,ASNAP,2017/08/25 22:57:10,44.36877419,-124.95319750,905.109934,1007.291613,305.11,-0.9,2.0,0.00,580.67,580.67,HMR2300,-8733.3,-12506.7,47886.7,50257.5,,,,,,,,RR1715,,
J2-1011,ASNAP,2017/08/25 22:57:15,44.36877364,-124.95319715,905.137850,1007.230890,305.34,-0.6,2.0,0.00,580.57,580.57,HMR2300,-8433.3,-12546.7,48166.7,50483.3,,,,,,,,RR1715,,
J2-1011,ASNAP,2017/08/25 22:57:20,44.36877321,-124.95319682,905.164321,1007.182745,305.06,-0.9,2.0,0.00,580.81,580.81,HMR2300,-8493.3,-12640.0,48360.0,50701.0,,,,,,,,RR1715,,
J2-1011,ASNAP,2017/08/25 22:57:25,44.36877289,-124.95319650,905.189466,1007.146863,305.14,-0.9,2.1,0.00,580.97,580.97,HMR2300,-8540.0,-12760.0,48080.0,50472.1,,,,,,,,RR1715,,
J2-1011,ASNAP,2017/08/25 22:57:30,44.36877268,-124.95319620,905.213291,1007.123722,305.14,-0.8,2.0,0.00,580.91,580.91,HMR2300,-8393.3,-12340.0,48020.0,50285.6,,,,,,,,RR1715,,
J2-1011,ASNAP,2017/08/25 22:57:35,44.36877258,-124.95319591,905.236981,1007.112282,305.24,-0.8,2.1,0.00,580.73,580.73,HMR2300,-8566.7,-12740.0,48193.3,50579.6,,,,,,,,RR1715,,
J2-1011,ASNAP,2017/08/25 22:57:40,44.36877258,-124.95319561,905.260168,1007.112722,305.08,-0.7,2.1,0.00,580.69,580.69,HMR2300,-8373.3,-12453.3,48180.0,50463.0,,,,,,,,RR1715,,
J2-1011,ASNAP,2017/08/25 22:57:45,44.36877268,-124.95319533,905.282803,1007.123461,305.23,-0.7,2.0,0.00,580.80,580.8,HMR2300,-8626.7,-12426.7,47766.7,50104.8,,,,,,,,RR1715,,
J2-1011,ASNAP,2017/08/25 22:57:50,44.36877286,-124.95319505,905.305196,1007.143686,305.02,-0.8,2.0,0.00,580.90,580.9,HMR2300,-8760.0,-12560.0,47800.0,50192.9,,,,,,,,RR1715,,
J2-1011,ASNAP,2017/08/25 22:57:55,44.36877316,-124.95319472,905.331876,1007.177048,305.45,-0.8,2.1,0.00,580.85,580.85,HMR2300,-8506.7,-12726.7,48273.3,50642.3,,,,,,,,RR1715,,
J2-1011,ASNAP,2017/08/25 22:58:00,44.36877356,-124.95319435,905.361284,1007.221923,305.19,-0.9,2.1,0.00,580.75,580.75,HMR2300,-8500.0,-12573.3,48286.7,50615.6,,,,,,,,RR1715,,
J2-1011,ASNAP,2017/08/25 22:58:05,44.36877405,-124.95319395,905.392615,1007.276382,305.35,-0.9,2.1,0.00,580.72,580.72,HMR2300,-8720.0,-12633.3,47740.0,50147.3,,,,,,,,RR1715,,
J2-1011,ASNAP,2017/08/25 22:58:10,44.36877466,-124.95319350,905.428545,1007.343983,305.12,-1.1,1.9,0.00,580.79,580.79,HMR2300,-8653.3,-12500.0,48193.3,50534.4,,,,,,,,RR1715,,
J2-1011,ASNAP,2017/08/25 22:58:15,44.36877537,-124.95319300,905.468349,1007.422516,306.71,-0.4,2.5,0.00,580.81,580.81,HMR2300,-9340.0,-12660.0,47660.0,50189.5,,,,,,,,RR1715,,
J2-1011,ASNAP,2017/08/25 22:58:20,44.36877618,-124.95319245,905.512870,1007.513124,307.44,-1.3,2.1,0.00,580.79,580.79,HMR2300,-9486.7,-12206.7,47813.3,50250.5,,,,,,,,RR1715,,
J2-1011,ASNAP,2017/08/25 22:58:25,44.36877711,-124.95319182,905.562583,1007.616321,305.05,-0.8,2.3,0.00,580.64,580.64,HMR2300,-8693.3,-12946.7,47793.3,50273.2,,,,,,,,RR1715,,
J2-1011,ASNAP,2017/08/25 22:58:30,44.36877814,-124.95319114,905.616602,1007.730214,304.71,-0.6,2.2,0.00,580.62,580.62,HMR2300,-8420.0,-12653.3,47860.0,50215.4,,,,,,,,RR1715,,
J2-1011,ASNAP,2017/08/25 22:58:35,44.36877929,-124.95319039,905.676636,1007.858618,305.23,-0.7,2.3,0.00,580.77,580.77,HMR2300,-8746.7,-12726.7,47846.7,50277.0,,,,,,,,RR1715,,
J2-1011,ASNAP,2017/08/25 22:58:40,44.36878054,-124.95318959,905.740384,1007.997165,304.96,-1.0,2.1,0.00,580.86,580.86,HMR2300,-8613.3,-12806.7,48113.3,50528.1,,,,,,,,RR1715,,
J2-1011,ASNAP,2017/08/25 22:58:45,44.36878191,-124.95318873,905.809223,1008.149733,305.04,-0.7,2.2,0.00,580.71,580.71,HMR2300,-8233.3,-12760.0,48313.3,50643.7,,,,,,,,RR1715,,
J2-1011,ASNAP,2017/08/25 22:58:50,44.36878339,-124.95318782,905.881550,1008.313876,305.30,-0.8,2.1,0.00,580.56,580.56,HMR2300,-8693.3,-12746.7,48086.7,50501.3,,,,,,,,RR1715,,
J2-1011,ASNAP,2017/08/25 22:58:55,44.36878499,-124.95318687,905.957424,1008.491290,305.66,-0.7,2.2,0.00,580.59,580.59,HMR2300,-8440.0,-12773.3,48253.3,50623.9,,,,,,,,RR1715,,
J2-1011,ASNAP,2017/08/25 22:59:00,44.36878671,-124.95318588,906.036649,1008.683162,305.05,-0.9,2.1,0.00,580.77,580.77,HMR2300,-8340.0,-12560.0,48193.3,50496.6,,,,,,,,RR1715,,
J2-1011,ASNAP,2017/08/25 22:59:05,44.36878852,-124.95318488,906.116246,1008.884291,305.03,-0.8,2.2,0.00,580.84,580.84,HMR2300,-8433.3,-12953.3,48053.3,50478.0,,,,,,,,RR1715,,
J2-1011,ASNAP,2017/08/25 22:59:10,44.36879048,-124.95318385,906.198188,1009.101894,304.62,-0.8,2.1,0.00,580.78,580.78,HMR2300,-8106.7,-12660.0,48380.0,50661.8,,,,,,,,RR1715,,
J2-1011,ASNAP,2017/08/25 22:59:15,44.36879255,-124.95318283,906.279713,1009.331191,305.13,-0.8,2.0,0.00,580.69,580.69,HMR2300,-8366.7,-12760.0,48326.7,50678.3,,,,,,,,RR1715,,
J2-1011,ASNAP,2017/08/25 22:59:20,44.36879470,-124.95318183,906.359221,1009.570235,304.57,-0.9,2.2,0.00,580.70,580.7,HMR2300,-8600.0,-12920.0,47920.0,50370.8,,,,,,,,RR1715,,
J2-1011,ASNAP,2017/08/25 22:59:25,44.36879694,-124.95318087,906.435968,1009.819269,304.96,-0.7,2.1,0.00,580.71,580.71,HMR2300,-8366.7,-12833.3,48253.3,50626.9,,,,,,,,RR1715,,
J2-1011,ASNAP,2017/08/25 22:59:30,44.36879925,-124.95317995,906.508660,1010.076649,305.04,-0.7,2.1,0.00,580.74,580.74,HMR2300,-8373.3,-12393.3,47946.7,50225.4,,,,,,,,RR1715,,
J2-1011,ASNAP,2017/08/25 22:59:35,44.36880163,-124.95317911,906.576207,1010.341144,305.12,-0.7,2.1,0.00,580.78,580.78,HMR2300,-8633.3,-12606.7,47786.7,50170.0,,,,,,,,RR1715,,
J2-1011,ASNAP,2017/08/25 22:59:40,44.36880407,-124.95317834,906.637727,1010.611838,305.05,-0.8,2.0,0.00,580.78,580.78,HMR2300,-8673.3,-12546.7,47793.3,50168.2,,,,,,,,RR1715,,
J2-1011,ASNAP,2017/08/25 22:59:45,44.36880655,-124.95317765,906.692344,1010.887446,305.06,-0.7,2.0,0.00,580.70,580.7,HMR2300,-8440.0,-12306.7,47886.7,50158.0,,,,,,,,RR1715,,
J2-1011,ASNAP,2017/08/25 22:59:50,44.36880906,-124.95317706,906.739162,1011.165797,305.30,-0.8,1.9,0.00,580.64,580.64,HMR2300,-8680.0,-12360.0,47806.7,50135.7,,,,,,,,RR1715,,
J2-1011,ASNAP,2017/08/25 22:59:55,44.36881158,-124.95317658,906.777615,1011.445746,304.70,-0.7,1.9,0.00,580.67,580.67,HMR2300,-8546.7,-12586.7,47920.0,50277.2,,,,,,,,RR1715,,
J2-1011,ASNAP,2017/08/25 23:00:00,44.36881410,-124.95317621,906.807250,1011.725815,305.91,-0.6,2.0,0.00,580.75,580.75,HMR2300,-8833.3,-12606.7,47906.7,50319.0,,,,,,,,RR1715,,
J2-1011,ASNAP,2017/08/25 23:00:05,44.36881658,-124.95317595,906.827599,1012.002196,304.64,-0.9,1.8,0.00,580.76,580.76,HMR2300,-8613.3,-12446.7,47800.0,50139.3,,,,,,,,RR1715,,
J2-1011,ASNAP,2017/08/25 23:00:10,44.36881904,-124.95317582,906.838609,1012.275122,304.36,-0.6,1.9,0.00,580.76,580.76,HMR2300,-8020.0,-12333.3,48153.3,50350.5,,,,,,,,RR1715,,
J2-1011,ASNAP,2017/08/25 23:00:15,44.36882147,-124.95317579,906.840296,1012.545037,304.64,-0.7,2.0,0.00,580.75,580.75,HMR2300,-8133.3,-12553.3,48426.7,50684.1,,,,,,,,RR1715,,
J2-1011,ASNAP,2017/08/25 23:00:20,44.36882384,-124.95317589,906.832593,1012.808224,302.84,-0.8,2.0,0.00,580.77,580.77,HMR2300,-7113.3,-12960.0,48020.0,50244.2,,,,,,,,RR1715,,
J2-1011,ASNAP,2017/08/25 23:00:25,44.36882614,-124.95317610,906.815631,1013.063575,281.96,-0.2,1.4,0.00,580.76,580.76,HMR2300,1286.7,-13133.3,49360.0,51093.5,,,,,,,,RR1715,,
J2-1011,ASNAP,2017/08/25 23:00:30,44.36882835,-124.95317643,906.789625,1013.310130,274.41,-0.3,1.6,0.00,580.77,580.77,HMR2300,2913.3,-12800.0,48913.3,50644.3,,,,,,,,RR1715,,
J2-1011,ASNAP,2017/08/25 23:00:35,44.36883048,-124.95317686,906.754999,1013.546099,274.63,-0.4,1.3,0.00,580.73,580.73,HMR2300,2813.3,-11426.7,49353.3,50736.9,,,,,,,,RR1715,,
J2-1011,ASNAP,2017/08/25 23:00:40,44.36883248,-124.95317739,906.712728,1013.768087,274.93,-0.6,0.8,0.00,581.00,581,HMR2300,2506.7,-11426.7,49453.3,50818.1,,,,,,,,RR1715,,
J2-1011,ASNAP,2017/08/25 23:00:45,44.36883436,-124.95317802,906.662912,1013.977515,275.41,-0.6,0.9,0.00,581.40,581.4,HMR2300,2266.7,-12606.7,48933.3,50582.0,,,,,,,,RR1715,,
J2-1011,ASNAP,2017/08/25 23:00:50,44.36883615,-124.95317874,906.605475,1014.176291,275.01,-0.6,1.6,0.00,581.54,581.54,HMR2300,2460.0,-13086.7,49013.3,50790.0,,,,,,,,RR1715,,
J2-1011,ASNAP,2017/08/25 23:00:55,44.36883781,-124.95317954,906.541633,1014.361046,274.64,-0.5,1.8,0.00,581.55,581.55,HMR2300,2900.0,-12893.3,49160.0,50905.3,,,,,,,,RR1715,,
J2-1011,ASNAP,2017/08/25 23:01:00,44.36883934,-124.95318041,906.472156,1014.530994,274.51,-1.2,0.8,0.00,581.40,581.4,HMR2300,1666.7,-11713.3,49013.3,50421.1,,,,,,,,RR1715,,
J2-1011,ASNAP,2017/08/25 23:01:05,44.36884074,-124.95318135,906.397628,1014.686196,274.94,-2.2,0.4,0.00,581.31,581.31,HMR2300,1086.7,-11786.7,49506.7,50902.0,,,,,,,,RR1715,,
J2-1011,ASNAP,2017/08/25 23:01:10,44.36884200,-124.95318233,906.318997,1014.826072,275.43,-2.2,0.0,0.00,581.35,581.35,HMR2300,853.3,-11326.7,49113.3,50409.7,,,,,,,,RR1715,,
J2-1011,ASNAP,2017/08/25 23:01:15,44.36884311,-124.95318335,906.237708,1014.949666,274.95,-1.8,-0.1,0.00,581.55,581.55,HMR2300,1460.0,-11213.3,49293.3,50573.7,,,,,,,,RR1715,,
J2-1011,ASNAP,2017/08/25 23:01:20,44.36884408,-124.95318440,906.154108,1015.057674,274.94,-1.8,0.1,0.00,581.78,581.78,HMR2300,1380.0,-11500.0,49246.7,50590.4,,,,,,,,RR1715,,
J2-1011,ASNAP,2017/08/25 23:01:25,44.36884492,-124.95318548,906.068491,1015.151158,275.36,-1.9,0.1,0.00,581.78,581.78,HMR2300,1346.7,-11300.0,49440.0,50732.8,,,,,,,,RR1715,,
J2-1011,ASNAP,2017/08/25 23:01:30,44.36884562,-124.95318654,905.983591,1015.228218,275.16,-1.7,-0.1,0.00,581.87,581.87,HMR2300,1506.7,-12046.7,49306.7,50779.3,,,,,,,,RR1715,,
J2-1011,ASNAP,2017/08/25 23:01:35,44.36884619,-124.95318763,905.897122,1015.291976,276.17,-2.3,0.4,0.00,582.17,582.17,HMR2300,273.3,-11800.0,49226.7,50621.9,,,,,,,,RR1715,,
J2-1011,ASNAP,2017/08/25 23:01:40,44.36884663,-124.95318870,905.811691,1015.341300,274.79,-1.0,-0.8,0.00,581.98,581.98,HMR2300,1820.0,-10673.3,49446.7,50618.2,,,,,,,,RR1715,,
J2-1011,ASNAP,2017/08/25 23:01:45,44.36884696,-124.95318977,905.726143,1015.377225,274.85,-1.2,-0.1,0.00,581.64,581.64,HMR2300,1620.0,-11386.7,49386.7,50708.2,,,,,,,,RR1715,,
J2-1011,ASNAP,2017/08/25 23:01:50,44.36884716,-124.95319083,905.641614,1015.400003,275.23,-1.2,0.1,0.00,581.61,581.61,HMR2300,1466.7,-11486.7,49133.3,50479.5,,,,,,,,RR1715,,
J2-1011,ASNAP,2017/08/25 23:01:55,44.36884725,-124.95319186,905.559586,1015.409486,275.35,-1.4,-0.2,0.00,581.77,581.77,HMR2300,1886.7,-11293.3,49713.3,51014.8,,,,,,,,RR1715,,
J2-1011,ASNAP,2017/08/25 23:02:00,44.36884722,-124.95319288,905.477895,1015.406417,274.93,-1.7,-0.2,0.00,581.93,581.93,HMR2300,1473.3,-11173.3,49140.0,50415.8,,,,,,,,RR1715,,
J2-1011,ASNAP,2017/08/25 23:02:05,44.36884708,-124.95319387,905.398876,1015.390987,275.48,-1.4,-0.3,0.00,582.00,582,HMR2300,1706.7,-11206.7,49440.0,50722.9,,,,,,,,RR1715,,
J2-1011,ASNAP,2017/08/25 23:02:10,44.36884683,-124.95319483,905.322837,1015.363689,275.51,-1.8,-0.6,0.00,581.93,581.93,HMR2300,1320.0,-10400.0,49346.7,50448.0,,,,,,,,RR1715,,
J2-1011,ASNAP,2017/08/25 23:02:15,44.36884649,-124.95319575,905.249688,1015.325010,274.59,-1.7,-0.9,0.00,581.79,581.79,HMR2300,1680.0,-10206.7,49340.0,50412.6,,,,,,,,RR1715,,
J2-1011,ASNAP,2017/08/25 23:02:20,44.36884604,-124.95319662,905.179758,1015.275614,274.91,-1.1,-0.9,0.00,581.76,581.76,HMR2300,1886.7,-10306.7,49280.0,50381.6,,,,,,,,RR1715,,
J2-1011,ASNAP,2017/08/25 23:02:25,44.36884550,-124.95319746,905.112950,1015.215898,275.58,-1.2,-0.8,0.00,581.87,581.87,HMR2300,1600.0,-10646.7,49460.0,50618.2,,,,,,,,RR1715,,
J2-1011,ASNAP,2017/08/25 23:02:30,44.36884488,-124.95319826,905.049202,1015.146323,274.85,-1.2,-1.1,0.00,581.95,581.95,HMR2300,1846.7,-10586.7,49446.7,50601.0,,,,,,,,RR1715,,
J2-1011,ASNAP,2017/08/25 23:02:35,44.36884417,-124.95319902,904.988493,1015.067466,275.49,-0.9,-0.9,0.00,581.89,581.89,HMR2300,2253.3,-10386.7,49580.0,50706.4,,,,,,,,RR1715,,
J2-1011,ASNAP,2017/08/25 23:02:40,44.36884339,-124.95319974,904.931150,1014.980479,275.31,-1.2,-1.0,0.00,581.82,581.82,HMR2300,2166.7,-10353.3,49380.0,50500.2,,,,,,,,RR1715,,
J2-1011,ASNAP,2017/08/25 23:02:45,44.36884252,-124.95320043,904.876029,1014.883921,275.43,-1.5,-0.9,0.00,581.79,581.79,HMR2300,1733.3,-10466.7,49780.0,50898.0,,,,,,,,RR1715,,
J2-1011,ASNAP,2017/08/25 23:02:50,44.36884159,-124.95320109,904.823778,1014.780414,275.00,-1.9,0.3,0.00,581.81,581.81,HMR2300,1780.0,-11520.0,49506.7,50860.5,,,,,,,,RR1715,,
J2-1011,ASNAP,2017/08/25 23:02:55,44.36884082,-124.95320158,904.784591,1014.695504,275.62,-2.1,0.5,0.00,581.85,581.85,HMR2300,1406.7,-11800.0,49473.3,50880.5,,,,,,,,RR1715,,
J2-1011,ASNAP,2017/08/25 23:03:00,44.36884007,-124.95320201,904.750225,1014.612246,274.99,-1.6,1.1,0.00,581.90,581.9,HMR2300,2106.7,-12740.0,49366.7,51027.6,,,,,,,,RR1715,,
J2-1011,ASNAP,2017/08/25 23:03:05,44.36883904,-124.95320256,904.706164,1014.497191,275.09,-2.0,2.6,0.00,581.83,581.83,HMR2300,1500.0,-13846.7,49200.0,51133.4,,,,,,,,RR1715,,
J2-1011,ASNAP,2017/08/25 23:03:10,44.36883788,-124.95320313,904.661283,1014.369084,274.60,-1.0,2.6,0.00,581.87,581.87,HMR2300,2653.3,-13926.7,48586.7,50612.8,,,,,,,,RR1715,,
J2-1011,ASNAP,2017/08/25 23:03:15,44.36883666,-124.95320367,904.617887,1014.233439,275.45,-1.3,3.4,0.00,581.89,581.89,HMR2300,2566.7,-14440.0,49046.7,51192.5,,,,,,,,RR1715,,
J2-1011,ASNAP,2017/08/25 23:03:20,44.36883541,-124.95320418,904.576993,1014.094069,275.59,-0.2,3.0,0.00,581.91,581.91,HMR2300,2713.3,-13726.7,48633.3,50606.2,,,,,,,,RR1715,,
J2-1011,ASNAP,2017/08/25 23:03:25,44.36883408,-124.95320469,904.536895,1013.945958,275.47,-0.0,1.9,0.00,581.85,581.85,HMR2300,3000.0,-13033.3,48926.7,50721.7,,,,,,,,RR1715,,
J2-1011,ASNAP,2017/08/25 23:03:30,44.36883272,-124.95320516,904.498956,1013.794770,275.26,-0.3,2.2,0.00,581.81,581.81,HMR2300,2960.0,-13353.3,49180.0,51046.5,,,,,,,,RR1715,,
J2-1011,ASNAP,2017/08/25 23:03:35,44.36883136,-124.95320560,904.463758,1013.644423,274.50,-0.2,2.1,0.00,581.81,581.81,HMR2300,3333.3,-13340.0,49313.3,51194.4,,,,,,,,RR1715,,
J2-1011,ASNAP,2017/08/25 23:03:40,44.36883008,-124.95320600,904.432466,1013.501520,273.99,0.2,2.2,0.00,581.83,581.83,HMR2300,3433.3,-13593.3,49233.3,51190.7,,,,,,,,RR1715,,
J2-1011,ASNAP,2017/08/25 23:03:45,44.36882862,-124.95320641,904.399174,1013.339454,274.83,-0.1,2.3,0.00,581.84,581.84,HMR2300,2866.7,-13573.3,49020.0,50945.2,,,,,,,,RR1715,,
J2-1011,ASNAP,2017/08/25 23:03:50,44.36882710,-124.95320682,904.366477,1013.170430,273.97,-0.3,2.2,0.00,581.85,581.85,HMR2300,3386.7,-13426.7,49300.0,51207.8,,,,,,,,RR1715,,
J2-1011,ASNAP,2017/08/25 23:03:55,44.36882562,-124.95320720,904.336567,1013.006318,274.16,-0.3,2.1,0.00,581.86,581.86,HMR2300,3160.0,-13073.3,48833.3,50651.7,,,,,,,,RR1715,,
J2-1011,ASNAP,2017/08/25 23:04:00,44.36882410,-124.95320756,904.307512,1012.837799,273.48,0.1,1.9,0.00,581.85,581.85,HMR2300,3826.7,-13066.7,49340.0,51184.1,,,,,,,,RR1715,,
J2-1011,ASNAP,2017/08/25 23:04:05,44.36882259,-124.95320791,904.279793,1012.669164,275.50,-0.3,2.1,0.00,581.90,581.9,HMR2300,2486.7,-13746.7,49040.0,50990.9,,,,,,,,RR1715,,
J2-1011,ASNAP,2017/08/25 23:04:10,44.36882109,-124.95320824,904.253575,1012.502626,275.74,0.2,2.9,0.00,581.91,581.91,HMR2300,3086.7,-13480.0,49086.7,50997.4,,,,,,,,RR1715,,
J2-1011,EVT,2017/08/25 23:04:11,44.36882078,-124.95320831,904.248403,1012.469053,276.02,0.1,2.0,0.00,581.90,581.9,HMR2300,2640.0,-13273.3,49253.3,51078.8,,,,,,,,RR1715,DLG,TXT: Managing cable slack USR:eventlogger
J2-1011,ASNAP,2017/08/25 23:04:15,44.36881959,-124.95320856,904.228256,1012.336296,275.81,-0.0,2.1,0.00,581.90,581.9,HMR2300,2846.7,-13500.0,49173.3,51072.2,,,,,,,,RR1715,,
J2-1011,ASNAP,2017/08/25 23:04:20,44.36881815,-124.95320886,904.204504,1012.176408,274.32,0.1,2.2,0.00,581.86,581.86,HMR2300,3340.0,-13666.7,49026.7,51005.4,,,,,,,,RR1715,,
J2-1011,ASNAP,2017/08/25 23:04:25,44.36881672,-124.95320915,904.181270,1012.017866,274.82,-0.0,2.4,0.00,581.91,581.91,HMR2300,3006.7,-13720.0,49060.0,51031.0,,,,,,,,RR1715,,
J2-1011,ASNAP,2017/08/25 23:04:30,44.36881536,-124.95320943,904.159121,1011.866399,275.44,-0.0,2.4,0.00,581.91,581.91,HMR2300,2960.0,-13733.3,49200.0,51166.5,,,,,,,,RR1715,,
J2-1011,ASNAP,2017/08/25 23:04:35,44.36881404,-124.95320970,904.137492,1011.719820,275.60,-0.2,2.3,0.00,581.83,581.83,HMR2300,2893.3,-13426.7,49180.0,51061.9,,,,,,,,RR1715,,
J2-1011,ASNAP,2017/08/25 23:04:40,44.36881278,-124.95320996,904.116394,1011.579530,275.85,-0.0,2.2,0.00,581.76,581.76,HMR2300,2940.0,-13373.3,49186.7,51057.0,,,,,,,,RR1715,,
J2-1011,ASNAP,2017/08/25 23:04:45,44.36881158,-124.95321022,904.095744,1011.446099,275.97,-0.1,2.3,0.00,581.80,581.8,HMR2300,2780.0,-13393.3,49000.0,50873.5,,,,,,,,RR1715,,
J2-1011,ASNAP,2017/08/25 23:04:50,44.36881042,-124.95321048,904.075103,1011.317368,275.59,-0.1,2.3,0.00,581.91,581.91,HMR2300,2606.7,-13600.0,48840.0,50765.1,,,,,,,,RR1715,,
J2-1011,ASNAP,2017/08/25 23:04:55,44.36880933,-124.95321073,904.054872,1011.196261,275.63,-0.2,2.2,0.00,581.97,581.97,HMR2300,2760.0,-13400.0,48900.0,50777.8,,,,,,,,RR1715,,
J2-1011,ASNAP,2017/08/25 23:05:00,44.36880829,-124.95321099,904.034735,1011.080883,275.45,-0.1,2.2,0.00,581.88,581.88,HMR2300,2700.0,-13333.3,48680.0,50545.1,,,,,,,,RR1715,,
J2-1011,ASNAP,2017/08/25 23:05:05,44.36880732,-124.95321123,904.015014,1010.972686,275.59,-0.1,2.1,0.00,581.81,581.81,HMR2300,2520.0,-13326.7,48746.7,50598.3,,,,,,,,RR1715,,
J2-1011,ASNAP,2017/08/25 23:05:10,44.36880641,-124.95321147,903.995784,1010.871388,275.22,-0.1,2.0,0.00,581.84,581.84,HMR2300,3166.7,-13146.7,49066.7,50896.0,,,,,,,,RR1715,,
J2-1011,ASNAP,2017/08/25 23:05:15,44.36880555,-124.95321171,903.977080,1010.776200,274.86,-0.0,2.1,0.00,581.89,581.89,HMR2300,3326.7,-13253.3,48980.0,50850.3,,,,,,,,RR1715,,
J2-1011,ASNAP,2017/08/25 23:05:20,44.36880474,-124.95321194,903.959041,1010.686712,275.15,-0.2,2.3,0.00,581.89,581.89,HMR2300,2786.7,-13540.0,49300.0,51201.4,,,,,,,,RR1715,,
J2-1011,ASNAP,2017/08/25 23:05:25,44.36880399,-124.95321215,903.941808,1010.602356,275.97,0.0,2.2,0.00,581.83,581.83,HMR2300,2526.7,-13420.0,48693.3,50571.9,,,,,,,,RR1715,,
J2-1011,ASNAP,2017/08/25 23:05:30,44.36880326,-124.95321236,903.925479,1010.522252,275.43,-0.3,2.2,0.00,581.73,581.73,HMR2300,2420.0,-13426.7,48700.0,50574.9,,,,,,,,RR1715,,
J2-1011,ASNAP,2017/08/25 23:05:35,44.36880258,-124.95321255,903.910200,1010.445671,275.45,-0.1,2.3,0.00,581.69,581.69,HMR2300,2693.3,-13640.0,48933.3,50870.2,,,,,,,,RR1715,,
J2-1011,ASNAP,2017/08/25 23:05:40,44.36880192,-124.95321272,903.896250,1010.372537,275.03,0.1,2.1,0.00,581.74,581.74,HMR2300,3053.3,-13133.3,48766.7,50596.4,,,,,,,,RR1715,,
J2-1011,ASNAP,2017/08/25 23:05:45,44.36880128,-124.95321288,903.883670,1010.301475,275.83,0.1,2.2,0.00,581.78,581.78,HMR2300,2700.0,-13686.7,48980.0,50927.9,,,,,,,,RR1715,,
J2-1011,ASNAP,2017/08/25 23:05:50,44.36880065,-124.95321302,903.872679,1010.232147,275.94,0.0,2.3,0.00,581.81,581.81,HMR2300,2946.7,-13340.0,49126.7,50990.9,,,,,,,,RR1715,,
J2-1011,ASNAP,2017/08/25 23:05:55,44.36880005,-124.95321313,903.863577,1010.164976,276.38,-0.9,1.4,0.00,581.78,581.78,HMR2300,1240.0,-12200.0,48953.3,50465.9,,,,,,,,RR1715,,
J2-1011,ASNAP,2017/08/25 23:06:00,44.36879946,-124.95321322,903.856496,1010.099773,275.44,-0.9,0.0,0.00,581.78,581.78,HMR2300,1900.0,-11306.7,49166.7,50485.8,,,,,,,,RR1715,,
J2-1011,ASNAP,2017/08/25 23:06:05,44.36879888,-124.95321329,903.851404,1010.035114,275.70,-1.6,0.4,0.00,581.73,581.73,HMR2300,1286.7,-11706.7,49080.0,50473.2,,,,,,,,RR1715,,
J2-1011,ASNAP,2017/08/25 23:06:10,44.36879830,-124.95321332,903.848420,1009.970874,275.79,-1.5,0.6,0.00,581.73,581.73,HMR2300,1513.3,-11860.0,49306.7,50735.6,,,,,,,,RR1715,,
J2-1011,ASNAP,2017/08/25 23:06:15,44.36879771,-124.95321333,903.847584,1009.905399,275.73,-2.1,0.8,0.00,581.78,581.78,HMR2300,1200.0,-11820.0,49186.7,50601.2,,,,,,,,RR1715,,
J2-1011,ASNAP,2017/08/25 23:06:20,44.36879714,-124.95321332,903.848920,1009.841146,275.72,-2.1,0.5,0.00,581.86,581.86,HMR2300,1100.0,-11933.3,49213.3,50651.4,,,,,,,,RR1715,,
J2-1011,ASNAP,2017/08/25 23:06:25,44.36879658,-124.95321328,903.852254,1009.778935,275.70,-1.6,0.7,0.00,582.10,582.1,HMR2300,1253.3,-11953.3,49153.3,50601.4,,,,,,,,RR1715,,
J2-1011,ASNAP,2017/08/25 23:06:30,44.36879601,-124.95321321,903.857638,1009.715706,275.54,-2.7,1.1,0.00,582.02,582.02,HMR2300,273.3,-12246.7,49266.7,50766.7,,,,,,,,RR1715,,
J2-1011,ASNAP,2017/08/25 23:06:35,44.36879543,-124.95321312,903.864997,1009.651670,274.80,-2.1,0.9,0.00,581.82,581.82,HMR2300,1073.3,-11913.3,49320.0,50749.8,,,,,,,,RR1715,,
J2-1011,ASNAP,2017/08/25 23:06:40,44.36879486,-124.95321300,903.874159,1009.587920,275.60,-2.5,0.9,0.00,581.67,581.67,HMR2300,860.0,-12260.0,49326.7,50834.7,,,,,,,,RR1715,,
J2-1011,ASNAP,2017/08/25 23:06:45,44.36879429,-124.95321286,903.884979,1009.524754,275.78,-2.3,1.2,0.00,581.81,581.81,HMR2300,60.0,-12646.7,48866.7,50476.7,,,,,,,,RR1715,,
J2-1011,EVT,2017/08/25 23:06:50,44.36879372,-124.95321271,903.897486,1009.461606,277.21,-2.3,1.3,0.00,581.91,581.91,HMR2300,166.7,-12853.3,49113.3,50767.7,,,,,,,,RR1715,DLG,Biology: Fish USR:eventlogger
J2-1011,ASNAP,2017/08/25 23:06:50,44.36879372,-124.95321271,903.897486,1009.461606,277.21,-2.3,1.3,0.00,581.91,581.91,HMR2300,133.3,-12806.7,49160.0,50800.9,,,,,,,,RR1715,,
J2-1011,EVT,2017/08/25 23:06:52,44.36879349,-124.95321264,903.902960,1009.436338,276.78,-2.3,1.1,0.00,581.97,581.97,HMR2300,673.3,-12486.7,49200.0,50764.3,,,,,,,,RR1715,DLG,Biology: Cnidaria USR:eventlogger
J2-1011,ASNAP,2017/08/25 23:06:55,44.36879315,-124.95321253,903.911655,1009.398538,276.38,-2.5,1.0,0.00,581.98,581.98,HMR2300,380.0,-12446.7,49260.0,50809.6,,,,,,,,RR1715,,
J2-1011,ASNAP,2017/08/25 23:07:00,44.36879259,-124.95321233,903.927477,1009.335733,276.09,-2.5,1.1,0.00,581.82,581.82,HMR2300,486.7,-12246.7,48953.3,50464.3,,,,,,,,RR1715,,
J2-1011,ASNAP,2017/08/25 23:07:05,44.36879202,-124.95321211,903.945058,1009.273036,275.89,-2.3,0.9,0.00,581.77,581.77,HMR2300,866.7,-12166.7,49473.3,50954.8,,,,,,,,RR1715,,
J2-1011,ASNAP,2017/08/25 23:07:10,44.36879146,-124.95321187,903.964570,1009.210234,276.18,-2.5,1.0,0.00,581.85,581.85,HMR2300,626.7,-12160.0,49160.0,50645.5,,,,,,,,RR1715,,
J2-1011,ASNAP,2017/08/25 23:07:15,44.36879089,-124.95321159,903.986201,1009.147147,275.59,-2.2,1.1,0.00,581.94,581.94,HMR2300,926.7,-12280.0,49106.7,50627.3,,,,,,,,RR1715,,
J2-1011,ASNAP,2017/08/25 23:07:20,44.36879032,-124.95321130,904.010007,1009.084018,275.81,-2.4,1.1,0.00,581.81,581.81,HMR2300,753.3,-12246.7,49080.0,50590.5,,,,,,,,RR1715,,
J2-1011,ASNAP,2017/08/25 23:07:25,44.36878974,-124.95321096,904.036733,1009.019282,275.88,-2.0,1.1,0.00,581.75,581.75,HMR2300,860.0,-12233.3,49093.3,50601.9,,,,,,,,RR1715,,
J2-1011,ASNAP,2017/08/25 23:07:30,44.36878915,-124.95321059,904.066162,1008.953710,276.12,-2.2,0.9,0.00,581.73,581.73,HMR2300,666.7,-12493.3,49266.7,50830.4,,,,,,,,RR1715,,
J2-1011,ASNAP,2017/08/25 23:07:35,44.36878854,-124.95321018,904.099080,1008.885873,275.82,-2.3,1.0,0.00,581.93,581.93,HMR2300,686.7,-12413.3,49293.3,50836.9,,,,,,,,RR1715,,
J2-1011,ASNAP,2017/08/25 23:07:40,44.36878790,-124.95320972,904.135921,1008.814941,275.71,-2.4,1.0,0.00,581.96,581.96,HMR2300,753.3,-12446.7,49273.3,50826.7,,,,,,,,RR1715,,
J2-1011,ASNAP,2017/08/25 23:07:45,44.36878723,-124.95320920,904.176814,1008.740862,275.88,-2.4,1.0,0.00,581.89,581.89,HMR2300,893.3,-12306.7,49400.0,50917.7,,,,,,,,RR1715,,
J2-1011,ASNAP,2017/08/25 23:07:50,44.36878651,-124.95320862,904.223282,1008.660913,276.05,-2.6,1.1,0.00,581.76,581.76,HMR2300,493.3,-12526.7,49366.7,50933.6,,,,,,,,RR1715,,
J2-1011,ASNAP,2017/08/25 23:07:55,44.36878575,-124.95320798,904.274728,1008.576097,275.92,-2.2,1.0,0.00,581.82,581.82,HMR2300,993.3,-12380.0,49480.0,51014.9,,,,,,,,RR1715,,
J2-1011,ASNAP,2017/08/25 23:08:00,44.36878493,-124.95320725,904.332221,1008.484479,275.70,-2.5,1.0,0.00,581.87,581.87,HMR2300,1233.3,-12200.0,49320.0,50821.5,,,,,,,,RR1715,,
J2-1011,ASNAP,2017/08/25 23:08:05,44.36878404,-124.95320646,904.395560,1008.385986,246.45,-2.7,0.4,0.00,581.91,581.91,HMR2300,10513.3,-6466.7,49220.0,50744.0,,,,,,,,RR1715,,
J2-1011,ASNAP,2017/08/25 23:08:10,44.36878309,-124.95320559,904.464761,1008.280048,238.49,-2.5,0.3,0.00,581.82,581.82,HMR2300,13206.7,-3906.7,48300.0,50225.2,,,,,,,,RR1715,,
J2-1011,ASNAP,2017/08/25 23:08:15,44.36878206,-124.95320465,904.539908,1008.165782,237.35,-2.4,0.6,0.00,581.76,581.76,HMR2300,12553.3,-5200.0,48573.3,50438.0,,,,,,,,RR1715,,
J2-1011,ASNAP,2017/08/25 23:08:20,44.36878095,-124.95320363,904.620787,1008.042594,239.34,-2.8,0.5,0.00,581.78,581.78,HMR2300,11886.7,-5713.3,48653.3,50409.1,,,,,,,,RR1715,,
J2-1011,ASNAP,2017/08/25 23:08:25,44.36877976,-124.95320256,904.706858,1007.910246,238.85,-2.7,0.8,0.00,581.91,581.91,HMR2300,12313.3,-5673.3,48846.7,50693.2,,,,,,,,RR1715,,
J2-1011,ASNAP,2017/08/25 23:08:30,44.36877847,-124.95320141,904.798097,1007.767569,239.33,-2.7,1.0,0.00,581.95,581.95,HMR2300,11953.3,-5913.3,48593.3,50390.1,,,,,,,,RR1715,,
J2-1011,ASNAP,2017/08/25 23:08:35,44.36877709,-124.95320021,904.894088,1007.613916,239.27,-2.5,0.9,0.00,581.81,581.81,HMR2300,12193.3,-6006.7,48773.3,50632.0,,,,,,,,RR1715,,
J2-1011,ASNAP,2017/08/25 23:08:40,44.36877562,-124.95319896,904.993335,1007.450386,238.68,-2.6,0.8,0.00,581.74,581.74,HMR2300,12406.7,-5906.7,49066.7,50954.4,,,,,,,,RR1715,,
J2-1011,ASNAP,2017/08/25 23:08:45,44.36877405,-124.95319768,905.095720,1007.275806,238.83,-2.6,0.8,0.00,581.80,581.8,HMR2300,11940.0,-5973.3,48540.0,50342.6,,,,,,,,RR1715,,
J2-1011,ASNAP,2017/08/25 23:08:50,44.36877237,-124.95319635,905.201249,1007.088880,239.23,-2.8,1.3,0.00,581.53,581.53,HMR2300,12220.0,-6093.3,48940.0,50809.3,,,,,,,,RR1715,,
J2-1011,ASNAP,2017/08/25 23:08:55,44.36877060,-124.95319502,905.307552,1006.892611,239.11,-2.3,-0.2,0.00,580.91,580.91,HMR2300,12593.3,-4593.3,48913.3,50716.9,,,,,,,,RR1715,,
J2-1011,ASNAP,2017/08/25 23:09:00,44.36876875,-124.95319369,905.413932,1006.687282,239.55,-1.9,-0.5,0.00,580.23,580.23,HMR2300,12506.7,-5213.3,48666.7,50517.7,,,,,,,,RR1715,,
J2-1011,ASNAP,2017/08/25 23:09:05,44.36876680,-124.95319234,905.521178,1006.470450,239.47,-2.1,-0.2,0.00,579.88,579.88,HMR2300,12500.0,-5486.7,48953.3,50821.1,,,,,,,,RR1715,,
J2-1011,ASNAP,2017/08/25 23:09:10,44.36876476,-124.95319100,905.627836,1006.244097,239.27,-2.1,0.0,0.00,579.63,579.63,HMR2300,12693.3,-5333.3,48786.7,50692.2,,,,,,,,RR1715,,
J2-1011,ASNAP,2017/08/25 23:09:15,44.36876265,-124.95318968,905.733148,1006.009064,238.78,-2.3,0.0,0.00,579.32,579.32,HMR2300,12440.0,-5126.7,48746.7,50569.5,,,,,,,,RR1715,,
J2-1011,ASNAP,2017/08/25 23:09:20,44.36876046,-124.95318839,905.836441,1005.766257,239.18,-2.2,-0.3,0.00,578.84,578.84,HMR2300,12506.7,-5046.7,48493.3,50333.8,,,,,,,,RR1715,,
J2-1011,ASNAP,2017/08/25 23:09:25,44.36875822,-124.95318712,905.937047,1005.516836,239.59,-2.1,0.1,0.00,578.60,578.6,HMR2300,12546.7,-5433.3,48820.0,50698.4,,,,,,,,RR1715,,
J2-1011,ASNAP,2017/08/25 23:09:30,44.36875594,-124.95318591,906.033745,1005.263809,238.99,-1.8,0.1,0.00,578.71,578.71,HMR2300,12700.0,-5193.3,48440.0,50345.7,,,,,,,,RR1715,,
J2-1011,ASNAP,2017/08/25 23:09:35,44.36875365,-124.95318476,906.125766,1005.009398,239.00,-2.2,0.0,0.00,579.02,579.02,HMR2300,12466.7,-5126.7,48540.0,50376.9,,,,,,,,RR1715,,
J2-1011,ASNAP,2017/08/25 23:09:40,44.36875132,-124.95318364,906.214614,1004.749729,239.10,-2.4,0.1,0.00,579.08,579.08,HMR2300,12446.7,-4993.3,48753.3,50564.2,,,,,,,,RR1715,,
J2-1011,ASNAP,2017/08/25 23:09:45,44.36874896,-124.95318258,906.299273,1004.488100,239.05,-2.3,0.0,0.00,578.96,578.96,HMR2300,12580.0,-5273.3,49046.7,50908.2,,,,,,,,RR1715,,
J2-1011,ASNAP,2017/08/25 23:09:50,44.36874661,-124.95318158,906.379128,1004.227159,239.14,-2.3,-0.0,0.00,578.79,578.79,HMR2300,12400.0,-5266.7,49093.3,50908.3,,,,,,,,RR1715,,
J2-1011,ASNAP,2017/08/25 23:09:55,44.36874429,-124.95318064,906.454074,1003.968592,239.03,-2.3,-0.1,0.00,578.80,578.8,HMR2300,12606.7,-4800.0,48740.0,50572.3,,,,,,,,RR1715,,
J2-1011,ASNAP,2017/08/25 23:10:00,44.36874199,-124.95317976,906.524175,1003.713926,238.92,-2.6,-0.1,0.00,578.96,578.96,HMR2300,12213.3,-5113.3,48913.3,50673.7,,,,,,,,RR1715,,
J2-1011,ASNAP,2017/08/25 23:10:05,44.36873975,-124.95317894,906.589508,1003.465156,239.00,-2.3,-0.2,0.00,579.00,579,HMR2300,12453.3,-5006.7,48706.7,50522.2,,,,,,,,RR1715,,
J2-1011,ASNAP,2017/08/25 23:10:10,44.36873759,-124.95317818,906.650058,1003.224964,239.06,-2.4,-0.0,0.00,578.93,578.93,HMR2300,12360.0,-5093.3,48560.0,50366.5,,,,,,,,RR1715,,
J2-1011,ASNAP,2017/08/25 23:10:15,44.36873548,-124.95317746,906.707370,1002.990174,239.03,-2.4,0.0,0.00,578.80,578.8,HMR2300,12193.3,-5146.7,48520.0,50292.7,,,,,,,,RR1715,,
J2-1011,ASNAP,2017/08/25 23:10:20,44.36873348,-124.95317680,906.760521,1002.767819,238.92,-2.4,-0.0,0.00,578.82,578.82,HMR2300,12553.3,-5000.0,49026.7,50854.7,,,,,,,,RR1715,,
J2-1011,ASNAP,2017/08/25 23:10:25,44.36873154,-124.95317616,906.811524,1002.552853,239.15,-2.3,-0.0,0.00,578.91,578.91,HMR2300,12386.7,-5233.3,48866.7,50683.0,,,,,,,,RR1715,,
J2-1011,ASNAP,2017/08/25 23:10:30,44.36872970,-124.95317554,906.860691,1002.347523,239.26,-2.4,0.1,0.00,578.99,578.99,HMR2300,12333.3,-5233.3,48893.3,50695.7,,,,,,,,RR1715,,
J2-1011,ASNAP,2017/08/25 23:10:35,44.36872794,-124.95317493,906.908902,1002.151882,239.20,-2.4,-0.0,0.00,578.90,578.9,HMR2300,12486.7,-5193.3,49086.7,50915.5,,,,,,,,RR1715,,
J2-1011,ASNAP,2017/08/25 23:10:40,44.36872624,-124.95317432,906.957770,1001.962945,239.33,-2.4,0.0,0.00,578.82,578.82,HMR2300,12480.0,-5140.0,48926.7,50754.2,,,,,,,,RR1715,,
J2-1011,ASNAP,2017/08/25 23:10:45,44.36872464,-124.95317370,907.006890,1001.785811,239.20,-2.4,0.1,0.00,578.82,578.82,HMR2300,12546.7,-5133.3,48953.3,50795.7,,,,,,,,RR1715,,
J2-1011,ASNAP,2017/08/25 23:10:50,44.36872309,-124.95317305,907.059018,1001.613867,239.05,-2.7,0.4,0.00,578.91,578.91,HMR2300,11960.0,-5840.0,49033.3,50807.6,,,,,,,,RR1715,,
J2-1011,ASNAP,2017/08/25 23:10:55,44.36872161,-124.95317235,907.114530,1001.448848,239.35,-2.6,0.3,0.00,578.93,578.93,HMR2300,12093.3,-5626.7,48946.7,50731.5,,,,,,,,RR1715,,
J2-1011,ASNAP,2017/08/25 23:11:00,44.36872018,-124.95317160,907.174295,1001.290444,239.53,-2.9,0.2,0.00,578.90,578.9,HMR2300,11673.3,-5466.7,48633.3,50312.5,,,,,,,,RR1715,,
J2-1011,ASNAP,2017/08/25 23:11:05,44.36871880,-124.95317078,907.239670,1001.136376,239.43,-2.9,0.2,0.00,578.85,578.85,HMR2300,11893.3,-5213.3,48713.3,50414.5,,,,,,,,RR1715,,
J2-1011,ASNAP,2017/08/25 23:11:10,44.36871743,-124.95316988,907.311814,1000.984592,239.46,-3.0,0.3,0.00,578.85,578.85,HMR2300,11893.3,-5326.7,48960.0,50664.6,,,,,,,,RR1715,,
J2-1011,ASNAP,2017/08/25 23:11:15,44.36871605,-124.95316886,907.392990,1000.830987,239.50,-2.8,0.2,0.00,578.91,578.91,HMR2300,11953.3,-5586.7,49066.7,50809.8,,,,,,,,RR1715,,
J2-1011,ASNAP,2017/08/25 23:11:20,44.36871462,-124.95316771,907.484763,1000.672229,239.45,-2.9,0.3,0.00,578.95,578.95,HMR2300,12106.7,-5333.3,49020.0,50773.8,,,,,,,,RR1715,,
J2-1011,ASNAP,2017/08/25 23:11:25,44.36871339,-124.95316666,907.568552,1000.535241,239.50,-2.9,0.2,0.00,578.92,578.92,HMR2300,11993.3,-5540.0,49113.3,50859.1,,,,,,,,RR1715,,
J2-1011,ASNAP,2017/08/25 23:11:30,44.36871256,-124.95316592,907.627614,1000.443097,239.71,-3.0,0.3,0.00,578.88,578.88,HMR2300,11933.3,-5533.3,49120.0,50850.7,,,,,,,,RR1715,,
J2-1011,ASNAP,2017/08/25 23:11:35,44.36871132,-124.95316476,907.719650,1000.305063,239.64,-2.9,0.3,0.00,578.89,578.89,HMR2300,11606.7,-5733.3,48746.7,50436.3,,,,,,,,RR1715,,
J2-1011,ASNAP,2017/08/25 23:11:40,44.36870960,-124.95316314,907.849396,1000.114209,239.87,-2.9,0.3,0.00,578.93,578.93,HMR2300,11480.0,-5706.7,48706.7,50365.6,,,,,,,,RR1715,,
J2-1011,ASNAP,2017/08/25 23:11:45,44.36870770,-124.95316130,907.995558,999.903043,239.18,-2.8,0.5,0.00,578.93,578.93,HMR2300,12000.0,-5540.0,48640.0,50403.8,,,,,,,,RR1715,,
J2-1011,ASNAP,2017/08/25 23:11:50,44.36870561,-124.95315927,908.157620,999.670610,239.16,-2.6,0.9,0.00,578.93,578.93,HMR2300,12160.0,-5886.7,48806.7,50642.0,,,,,,,,RR1715,,
J2-1011,ASNAP,2017/08/25 23:11:55,44.36870327,-124.95315700,908.338532,999.410638,239.18,-2.8,1.0,0.00,578.95,578.95,HMR2300,12093.3,-5986.7,49000.0,50824.1,,,,,,,,RR1715,,
J2-1011,ASNAP,2017/08/25 23:12:00,44.36870065,-124.95315448,908.539508,999.119601,239.02,-2.6,0.7,0.00,578.93,578.93,HMR2300,12060.0,-5760.0,48566.7,50372.0,,,,,,,,RR1715,,
J2-1011,ASNAP,2017/08/25 23:12:05,44.36869771,-124.95315168,908.762757,998.792707,239.11,-2.7,0.8,0.00,578.93,578.93,HMR2300,12140.0,-5880.0,48640.0,50475.8,,,,,,,,RR1715,,
J2-1011,ASNAP,2017/08/25 23:12:10,44.36869440,-124.95314858,909.010093,998.425918,238.71,-2.7,1.1,0.00,578.89,578.89,HMR2300,12153.3,-6080.0,48866.7,50721.0,,,,,,,,RR1715,,
J2-1011,ASNAP,2017/08/25 23:12:15,44.36869071,-124.95314515,909.283330,998.015447,237.92,-2.3,0.2,0.00,579.29,579.29,HMR2300,12760.0,-4606.7,48746.7,50599.2,,,,,,,,RR1715,,
J2-1011,ASNAP,2017/08/25 23:12:20,44.36868661,-124.95314139,909.582960,997.559837,238.48,-3.0,1.1,0.00,580.39,580.39,HMR2300,12086.7,-5780.0,48880.0,50682.8,,,,,,,,RR1715,,
J2-1011,ASNAP,2017/08/25 23:12:25,44.36868206,-124.95313727,909.911742,997.054494,238.36,-3.2,1.4,0.00,580.90,580.9,HMR2300,11746.7,-6080.0,48626.7,50393.5,,,,,,,,RR1715,,
J2-1011,ASNAP,2017/08/25 23:12:30,44.36867701,-124.95313272,910.274136,996.492533,239.46,-2.7,-0.7,0.00,581.28,581.28,HMR2300,12320.0,-4060.0,48840.0,50533.3,,,,,,,,RR1715,,
J2-1011,ASNAP,2017/08/25 23:12:35,44.36867144,-124.95312776,910.669958,995.874546,238.61,-2.3,0.3,0.00,581.43,581.43,HMR2300,12346.7,-5940.0,48520.0,50417.4,,,,,,,,RR1715,,
J2-1011,ASNAP,2017/08/25 23:12:40,44.36866535,-124.95312234,911.101483,995.197693,238.61,-2.4,1.2,0.00,581.36,581.36,HMR2300,12713.3,-6406.7,48800.0,50834.2,,,,,,,,RR1715,,
J2-1011,ASNAP,2017/08/25 23:12:45,44.36865872,-124.95311646,911.570378,994.460424,238.80,-2.1,1.1,0.00,581.21,581.21,HMR2300,13020.0,-5973.3,48660.0,50724.7,,,,,,,,RR1715,,
J2-1011,ASNAP,2017/08/25 23:12:50,44.36865154,-124.95311011,912.077114,993.663380,241.71,-2.4,0.6,0.00,580.99,580.99,HMR2300,11953.3,-6413.3,48840.0,50688.8,,,,,,,,RR1715,,
J2-1011,ASNAP,2017/08/25 23:12:55,44.36864388,-124.95310330,912.619404,992.811779,240.92,-1.3,0.8,0.00,581.16,581.16,HMR2300,12740.0,-6760.0,48713.3,50803.5,,,,,,,,RR1715,,
J2-1011,ASNAP,2017/08/25 23:13:00,44.36863571,-124.95309603,913.199379,991.904159,241.53,-1.7,1.2,0.00,581.64,581.64,HMR2300,12420.0,-6973.3,48820.0,50855.4,,,,,,,,RR1715,,
J2-1011,ASNAP,2017/08/25 23:13:05,44.36862696,-124.95308819,913.824364,990.931094,241.82,-1.9,0.7,0.00,581.91,581.91,HMR2300,11780.0,-6153.3,48886.7,50661.0,,,,,,,,RR1715,,
J2-1011,ASNAP,2017/08/25 23:13:10,44.36861788,-124.95308002,914.476019,989.923114,231.99,-1.3,0.8,0.00,581.59,581.59,HMR2300,15586.7,-2900.0,47786.7,50348.0,,,,,,,,RR1715,,
J2-1011,ASNAP,2017/08/25 23:13:15,44.36860878,-124.95307175,915.134831,988.911323,223.98,-1.8,0.9,0.00,581.23,581.23,HMR2300,16866.7,-733.3,47626.7,50530.4,,,,,,,,RR1715,,
J2-1011,ASNAP,2017/08/25 23:13:20,44.36859973,-124.95306346,915.795509,987.905417,184.60,-2.3,0.3,0.00,580.93,580.93,HMR2300,17053.3,14500.0,43840.0,49224.1,,,,,,,,RR1715,,
J2-1011,ASNAP,2017/08/25 23:13:25,44.36858923,-124.95305377,916.568755,986.738887,154.71,-3.8,1.5,0.00,580.84,580.84,HMR2300,12440.0,21846.7,41760.0,48743.5,,,,,,,,RR1715,,
J2-1011,ASNAP,2017/08/25 23:13:30,44.36857823,-124.95304350,917.387178,985.516413,153.40,-1.8,0.2,0.00,581.49,581.49,HMR2300,12840.0,22753.3,41146.7,48740.4,,,,,,,,RR1715,,
J2-1011,ASNAP,2017/08/25 23:13:35,44.36856728,-124.95303317,918.210280,984.300295,142.55,-2.5,0.5,0.00,582.14,582.14,HMR2300,9166.7,24980.0,40526.7,48481.3,,,,,,,,RR1715,,
J2-1011,ASNAP,2017/08/25 23:13:40,44.36855566,-124.95302209,919.094176,983.008838,140.00,-2.8,0.1,0.00,581.94,581.94,HMR2300,8233.3,25753.3,39893.3,48192.3,,,,,,,,RR1715,,
J2-1011,ASNAP,2017/08/25 23:13:45,44.36854382,-124.95301067,920.004605,981.693278,137.90,-2.9,0.2,0.00,581.71,581.71,HMR2300,8406.7,26000.0,40160.0,48574.7,,,,,,,,RR1715,,
J2-1011,ASNAP,2017/08/25 23:13:50,44.36853169,-124.95299883,920.948337,980.345317,139.58,-3.2,0.4,0.00,581.57,581.57,HMR2300,8653.3,25826.7,39940.0,48343.6,,,,,,,,RR1715,,
J2-1011,ASNAP,2017/08/25 23:13:55,44.36851929,-124.95298659,921.924169,978.966932,143.14,-2.1,-0.4,0.00,581.85,581.85,HMR2300,10126.7,25400.0,39860.0,48337.7,,,,,,,,RR1715,,
J2-1011,ASNAP,2017/08/25 23:14:00,44.36850689,-124.95297422,922.910121,977.589873,147.09,-2.4,0.3,0.00,582.18,582.18,HMR2300,11033.3,23693.3,40660.0,48335.7,,,,,,,,RR1715,,
J2-1011,ASNAP,2017/08/25 23:14:05,44.36849415,-124.95296137,923.934745,976.174267,147.68,-2.6,0.5,0.00,582.21,582.21,HMR2300,11666.7,23186.7,40826.7,48379.2,,,,,,,,RR1715,,
J2-1011,ASNAP,2017/08/25 23:14:10,44.36848157,-124.95294854,924.957252,974.776484,155.80,-2.1,0.4,0.00,582.28,582.28,HMR2300,13766.7,21700.0,41860.0,49118.9,,,,,,,,RR1715,,
J2-1011,ASNAP,2017/08/25 23:14:15,44.36846884,-124.95293542,926.003190,973.361561,153.79,-3.2,0.9,0.00,582.20,582.2,HMR2300,12713.3,21973.3,41886.7,48979.1,,,,,,,,RR1715,,
J2-1011,ASNAP,2017/08/25 23:14:20,44.36845621,-124.95292228,927.051007,971.958176,154.16,-2.9,0.7,0.00,582.19,582.19,HMR2300,12573.3,21880.0,41600.0,48655.8,,,,,,,,RR1715,,
J2-1011,ASNAP,2017/08/25 23:14:25,44.36844362,-124.95290905,928.105975,970.559334,154.16,-2.8,0.2,0.00,582.17,582.17,HMR2300,12800.0,22433.3,41606.7,48971.5,,,,,,,,RR1715,,
J2-1011,ASNAP,2017/08/25 23:14:30,44.36843097,-124.95289562,929.176556,969.153557,152.81,-2.6,0.3,0.00,582.20,582.2,HMR2300,12433.3,22593.3,41380.0,48758.1,,,,,,,,RR1715,,
J2-1011,ASNAP,2017/08/25 23:14:35,44.36841855,-124.95288230,930.238021,967.773447,151.79,-2.6,0.7,0.00,582.26,582.26,HMR2300,12286.7,22433.3,41186.7,48482.6,,,,,,,,RR1715,,
J2-1011,ASNAP,2017/08/25 23:14:40,44.36840624,-124.95286897,931.300736,966.405403,152.22,-2.5,0.8,0.00,582.32,582.32,HMR2300,12606.7,22626.7,41246.7,48705.0,,,,,,,,RR1715,,
J2-1011,ASNAP,2017/08/25 23:14:45,44.36839426,-124.95285587,932.345693,965.073819,151.62,-2.0,0.0,0.00,582.34,582.34,HMR2300,12533.3,22866.7,40853.3,48466.1,,,,,,,,RR1715,,
J2-1011,ASNAP,2017/08/25 23:14:50,44.36838266,-124.95284304,933.367920,963.784885,153.18,-2.6,0.3,0.00,582.36,582.36,HMR2300,12806.7,22280.0,41526.7,48835.2,,,,,,,,RR1715,,
J2-1011,ASNAP,2017/08/25 23:14:55,44.36837144,-124.95283051,934.367507,962.538405,153.77,-2.3,0.5,0.00,582.42,582.42,HMR2300,13240.0,22333.3,41346.7,48822.4,,,,,,,,RR1715,,
J2-1011,ASNAP,2017/08/25 23:15:00,44.36836067,-124.95281832,935.338644,961.341663,154.03,-1.9,0.9,0.00,582.34,582.34,HMR2300,13406.7,22046.7,41353.3,48743.1,,,,,,,,RR1715,,
J2-1011,ASNAP,2017/08/25 23:15:05,44.36835040,-124.95280656,936.276683,960.200446,152.69,-2.2,0.6,0.00,582.37,582.37,HMR2300,12780.0,22213.3,41266.7,48576.7,,,,,,,,RR1715,,
J2-1011,ASNAP,2017/08/25 23:15:10,44.36834064,-124.95279522,937.180562,959.116135,154.13,-1.8,1.0,0.00,582.40,582.4,HMR2300,13906.7,21800.0,41353.3,48772.3,,,,,,,,RR1715,,
J2-1011,ASNAP,2017/08/25 23:15:15,44.36833142,-124.95278434,938.048054,958.091451,159.64,-2.2,1.1,0.00,582.28,582.28,HMR2300,14586.7,19606.7,42193.3,48759.3,,,,,,,,RR1715,,
J2-1011,ASNAP,2017/08/25 23:15:20,44.36832282,-124.95277402,938.870547,957.136317,168.48,-1.8,0.9,0.00,582.30,582.3,HMR2300,16780.0,17053.3,42900.0,49120.2,,,,,,,,RR1715,,
J2-1011,ASNAP,2017/08/25 23:15:25,44.36831492,-124.95276435,939.641392,956.257876,179.68,-1.7,1.1,0.00,582.34,582.34,HMR2300,18353.3,13440.0,44080.0,49603.7,,,,,,,,RR1715,,
J2-1011,ASNAP,2017/08/25 23:15:30,44.36830755,-124.95275515,940.375312,955.438926,193.88,-1.5,1.8,0.00,582.26,582.26,HMR2300,19280.0,7093.3,45913.3,50299.8,,,,,,,,RR1715,,
J2-1011,ASNAP,2017/08/25 23:15:35,44.36830076,-124.95274647,941.066811,954.685167,228.35,-2.3,1.5,0.00,582.03,582.03,HMR2300,13893.3,-4546.7,48200.0,50368.0,,,,,,,,RR1715,,
J2-1011,ASNAP,2017/08/25 23:15:40,44.36829461,-124.95273839,941.711343,954.001069,274.66,-2.1,1.5,0.00,581.87,581.87,HMR2300,-366.7,-12960.0,48720.0,50415.6,,,,,,,,RR1715,,
J2-1011,ASNAP,2017/08/25 23:15:45,44.36828906,-124.95273088,942.310097,953.384392,306.20,-2.6,1.6,0.00,581.93,581.93,HMR2300,-11146.7,-11420.0,47526.7,50134.3,,,,,,,,RR1715,,
J2-1011,ASNAP,2017/08/25 23:15:50,44.36828412,-124.95272397,942.860918,952.836218,319.10,-2.7,0.9,0.00,582.48,582.48,HMR2300,-14786.7,-9420.0,46793.3,49970.0,,,,,,,,RR1715,,
J2-1011,ASNAP,2017/08/25 23:15:55,44.36827978,-124.95271763,943.365931,952.353075,318.34,-3.2,1.8,0.00,582.81,582.81,HMR2300,-14406.7,-10193.3,46713.3,49935.9,,,,,,,,RR1715,,
J2-1011,ASNAP,2017/08/25 23:16:00,44.36827598,-124.95271185,943.827011,951.931655,315.33,-3.1,2.3,0.00,582.64,582.64,HMR2300,-13333.3,-11173.3,46900.0,50022.3,,,,,,,,RR1715,,
J2-1011,ASNAP,2017/08/25 23:16:05,44.36827272,-124.95270660,944.245222,951.569244,316.70,-1.7,3.2,0.00,582.43,582.43,HMR2300,-13220.0,-11980.0,47013.3,50284.6,,,,,,,,RR1715,,
J2-1011,ASNAP,2017/08/25 23:16:10,44.36826997,-124.95270189,944.621333,951.263075,317.16,-1.4,3.2,0.00,582.28,582.28,HMR2300,-13000.0,-11613.3,47146.7,50266.1,,,,,,,,RR1715,,
J2-1011,ASNAP,2017/08/25 23:16:15,44.36826767,-124.95269764,944.959560,951.007426,316.69,-2.3,4.3,0.00,582.32,582.32,HMR2300,-13513.3,-12506.7,46453.3,49969.4,,,,,,,,RR1715,,
J2-1011,ASNAP,2017/08/25 23:16:20,44.36826577,-124.95269384,945.263058,950.797341,316.88,-2.0,4.1,0.00,582.51,582.51,HMR2300,-13373.3,-12360.0,46726.7,50149.7,,,,,,,,RR1715,,
J2-1011,ASNAP,2017/08/25 23:16:25,44.36826426,-124.95269045,945.533348,950.628993,317.72,-2.3,3.7,0.00,582.58,582.58,HMR2300,-13853.3,-11986.7,46740.0,50201.8,,,,,,,,RR1715,,
J2-1011,ASNAP,2017/08/25 23:16:30,44.36826307,-124.95268742,945.774904,950.496466,317.64,-2.5,3.7,0.00,582.49,582.49,HMR2300,-14113.3,-11966.7,46320.0,49879.2,,,,,,,,RR1715,,
J2-1011,ASNAP,2017/08/25 23:16:35,44.36826215,-124.95268471,945.990432,950.394860,317.61,-2.5,3.7,0.00,582.33,582.33,HMR2300,-13906.7,-11980.0,46520.0,50010.3,,,,,,,,RR1715,,
J2-1011,ASNAP,2017/08/25 23:16:40,44.36826147,-124.95268230,946.182908,950.319094,317.50,-2.4,3.8,0.00,582.35,582.35,HMR2300,-13973.3,-12206.7,46480.0,50046.4,,,,,,,,RR1715,,
J2-1011,ASNAP,2017/08/25 23:16:45,44.36826097,-124.95268014,946.355390,950.263916,317.54,-2.4,3.6,0.00,582.53,582.53,HMR2300,-13940.0,-11866.7,46600.0,50067.0,,,,,,,,RR1715,,
J2-1011,ASNAP,2017/08/25 23:16:50,44.36826062,-124.95267817,946.512245,950.224069,317.96,-2.6,3.5,0.00,582.51,582.51,HMR2300,-14126.7,-11606.7,46546.7,50008.7,,,,,,,,RR1715,,
J2-1011,ASNAP,2017/08/25 23:16:55,44.36826035,-124.95267635,946.657538,950.194549,317.44,-2.5,3.6,0.00,582.32,582.32,HMR2300,-13853.3,-12360.0,46806.7,50354.2,,,,,,,,RR1715,,
J2-1011,ASNAP,2017/08/25 23:17:00,44.36826015,-124.95267468,946.790339,950.171833,317.53,-2.3,4.1,0.00,582.20,582.2,HMR2300,-13973.3,-12593.3,46406.7,50074.2,,,,,,,,RR1715,,
J2-1011,ASNAP,2017/08/25 23:17:05,44.36825997,-124.95267318,946.910030,950.152624,317.86,-1.3,1.8,0.00,582.31,582.31,HMR2300,-12840.0,-10013.3,47280.0,50005.3,,,,,,,,RR1715,,
J2-1011,ASNAP,2017/08/25 23:17:10,44.36825980,-124.95267177,947.022370,950.133175,320.54,-1.0,2.8,0.00,582.53,582.53,HMR2300,-14146.7,-10573.3,46833.3,50052.8,,,,,,,,RR1715,,
J2-1011,ASNAP,2017/08/25 23:17:15,44.36825957,-124.95267024,947.144398,950.108047,321.65,-1.3,-1.2,0.00,583.10,583.1,HMR2300,-14286.7,-6906.7,47033.3,49638.1,,,,,,,,RR1715,,
J2-1011,ASNAP,2017/08/25 23:17:20,44.36825929,-124.95266872,947.265219,950.076958,320.30,-1.1,-0.2,0.00,583.04,583.04,HMR2300,-13773.3,-7780.0,47300.0,49875.1,,,,,,,,RR1715,,
J2-1011,ASNAP,2017/08/25 23:17:25,44.36825895,-124.95266725,947.382302,950.038789,319.51,-1.2,0.5,0.00,583.05,583.05,HMR2300,-13733.3,-9093.3,47033.3,49834.0,,,,,,,,RR1715,,
J2-1011,ASNAP,2017/08/25 23:17:30,44.36825851,-124.95266573,947.504052,949.989741,319.12,-1.3,1.8,0.00,582.94,582.94,HMR2300,-13593.3,-9813.3,47106.7,50001.2,,,,,,,,RR1715,,
J2-1011,ASNAP,2017/08/25 23:17:35,44.36825798,-124.95266420,947.625577,949.930914,319.13,-1.2,1.2,0.00,582.99,582.99,HMR2300,-13613.3,-9580.0,47113.3,49967.6,,,,,,,,RR1715,,
J2-1011,ASNAP,2017/08/25 23:17:40,44.36825734,-124.95266264,947.750123,949.859853,318.91,-1.3,1.7,0.00,582.95,582.95,HMR2300,-13580.0,-9693.3,47006.7,49879.9,,,,,,,,RR1715,,
J2-1011,ASNAP,2017/08/25 23:17:45,44.36825658,-124.95266104,947.878122,949.775767,318.47,-1.4,1.6,0.00,582.98,582.98,HMR2300,-13473.3,-10013.3,47120.0,50020.9,,,,,,,,RR1715,,
J2-1011,ASNAP,2017/08/25 23:17:50,44.36825577,-124.95265949,948.001491,949.685182,318.42,-1.4,1.6,0.00,582.96,582.96,HMR2300,-13533.3,-9780.0,47106.7,49978.4,,,,,,,,RR1715,,
J2-1011,ASNAP,2017/08/25 23:17:55,44.36825523,-124.95265851,948.079338,949.625364,318.42,-1.3,2.2,0.00,582.95,582.95,HMR2300,-13420.0,-10460.0,47013.3,49997.6,,,,,,,,RR1715,,
J2-1011,ASNAP,2017/08/25 23:18:00,44.36825491,-124.95265799,948.120930,949.590475,318.44,-1.3,2.0,0.00,582.95,582.95,HMR2300,-13440.0,-10193.3,47126.7,50054.6,,,,,,,,RR1715,,
J2-1011,ASNAP,2017/08/25 23:18:05,44.36825427,-124.95265700,948.199653,949.519359,318.30,-1.3,2.4,0.00,582.95,582.95,HMR2300,-13400.0,-10580.0,47073.3,50073.9,,,,,,,,RR1715,,
J2-1011,ASNAP,2017/08/25 23:18:10,44.36825324,-124.95265546,948.322282,949.404442,318.29,-1.3,1.7,0.00,582.96,582.96,HMR2300,-13333.3,-10040.0,47146.7,50013.9,,,,,,,,RR1715,,
J2-1011,ASNAP,2017/08/25 23:18:15,44.36825213,-124.95265393,948.444501,949.280824,318.25,-1.4,2.9,0.00,582.92,582.92,HMR2300,-13440.0,-10973.3,46966.7,50069.1,,,,,,,,RR1715,,
J2-1011,ASNAP,2017/08/25 23:18:20,44.36825100,-124.95265250,948.558389,949.155724,318.49,-1.3,0.2,0.00,583.01,583.01,HMR2300,-13406.7,-8480.0,47246.7,49838.7,,,,,,,,RR1715,,
J2-1011,ASNAP,2017/08/25 23:18:25,44.36824988,-124.95265119,948.662871,949.031227,317.75,-1.4,4.9,0.00,582.87,582.87,HMR2300,-13673.3,-11553.3,46553.3,49876.4,,,,,,,,RR1715,,
J2-1011,ASNAP,2017/08/25 23:18:30,44.36824880,-124.95265003,948.755093,948.911164,318.58,-2.2,3.0,0.00,582.59,582.59,HMR2300,-13973.3,-10960.0,46773.3,50031.2,,,,,,,,RR1715,,
J2-1011,ASNAP,2017/08/25 23:18:35,44.36824777,-124.95264905,948.833723,948.797187,316.11,-2.0,3.1,0.00,581.90,581.9,HMR2300,-13226.7,-11866.7,46893.3,50147.3,,,,,,,,RR1715,,
J2-1011,ASNAP,2017/08/25 23:18:40,44.36824681,-124.95264825,948.897705,948.689896,317.16,-1.2,2.9,0.00,581.14,581.14,HMR2300,-12480.0,-11766.7,47106.7,50132.3,,,,,,,,RR1715,,
J2-1011,ASNAP,2017/08/25 23:18:45,44.36824593,-124.95264767,948.944012,948.592596,314.37,-1.9,3.6,0.00,580.82,580.82,HMR2300,-12546.7,-12760.0,46786.7,50092.2,,,,,,,,RR1715,,
J2-1011,EVT,2017/08/25 23:18:45,44.36824593,-124.95264767,948.944012,948.592596,314.37,-1.9,3.6,0.00,580.82,580.82,HMR2300,-12620.0,-12880.0,46840.0,50191.1,,,,,,,,RR1715,DLG,TXT: Picked-up the connector and pulling it past the mooring USR:eventlogger
J2-1011,ASNAP,2017/08/25 23:18:50,44.36824520,-124.95264735,948.969171,948.510586,315.07,-2.8,3.8,0.00,580.24,580.24,HMR2300,-13440.0,-12440.0,46666.7,50131.5,,,,,,,,RR1715,,
J2-1011,ASNAP,2017/08/25 23:18:55,44.36824462,-124.95264732,948.971712,948.446183,316.27,-2.1,3.3,0.00,579.38,579.38,HMR2300,-13420.0,-12153.3,46593.3,49987.4,,,,,,,,RR1715,,
J2-1011,ASNAP,2017/08/25 23:19:00,44.36824419,-124.95264759,948.950146,948.398704,313.79,-2.5,3.5,0.00,578.72,578.72,HMR2300,-12460.0,-12680.0,47200.0,50436.8,,,,,,,,RR1715,,
J2-1011,ASNAP,2017/08/25 23:19:05,44.36824394,-124.95264818,948.902740,948.371227,313.55,-2.7,3.8,0.00,578.27,578.27,HMR2300,-13493.3,-12580.0,46593.3,50112.5,,,,,,,,RR1715,,
J2-1011,ASNAP,2017/08/25 23:19:10,44.36824389,-124.95264911,948.828571,948.365681,320.75,-2.7,3.7,0.00,577.96,577.96,HMR2300,-15060.0,-11173.3,46200.0,49860.7,,,,,,,,RR1715,,
J2-1011,ASNAP,2017/08/25 23:19:15,44.36824405,-124.95265039,948.727163,948.382976,317.36,-2.9,3.5,0.00,578.02,578.02,HMR2300,-14420.0,-12000.0,46293.3,49950.1,,,,,,,,RR1715,,
J2-1011,ASNAP,2017/08/25 23:19:20,44.36824441,-124.95265199,948.598880,948.423511,317.67,-2.6,3.5,0.00,578.21,578.21,HMR2300,-13980.0,-11520.0,46413.3,49823.2,,,,,,,,RR1715,,
J2-1011,ASNAP,2017/08/25 23:19:25,44.36824498,-124.95265393,948.444663,948.487188,316.75,-2.3,3.4,0.00,578.28,578.28,HMR2300,-13726.7,-12120.0,46620.0,50087.3,,,,,,,,RR1715,,
J2-1011,ASNAP,2017/08/25 23:19:30,44.36824576,-124.95265617,948.265588,948.573562,318.99,-2.2,3.3,0.00,578.29,578.29,HMR2300,-14233.3,-11660.0,46533.3,50038.9,,,,,,,,RR1715,,
J2-1011,ASNAP,2017/08/25 23:19:35,44.36824673,-124.95265871,948.063655,948.681542,319.71,-2.3,3.6,0.00,578.24,578.24,HMR2300,-14260.0,-12020.0,46273.3,49890.4,,,,,,,,RR1715,,
J2-1011,ASNAP,2017/08/25 23:19:40,44.36824789,-124.95266149,947.841475,948.809486,282.57,-1.5,3.5,0.00,578.29,578.29,HMR2300,66.7,-14753.3,48700.0,50885.7,,,,,,,,RR1715,,
J2-1011,ASNAP,2017/08/25 23:19:45,44.36824919,-124.95266449,947.602690,948.954894,274.03,-2.2,3.7,0.00,578.46,578.46,HMR2300,1980.0,-14466.7,48846.7,50982.4,,,,,,,,RR1715,,
J2-1011,ASNAP,2017/08/25 23:19:50,44.36825064,-124.95266765,947.350648,949.115340,273.70,-2.1,2.9,0.00,578.60,578.6,HMR2300,1900.0,-14040.0,48886.7,50898.3,,,,,,,,RR1715,,
J2-1011,ASNAP,2017/08/25 23:19:55,44.36825222,-124.95267098,947.084983,949.290634,270.23,-1.6,3.1,0.00,578.23,578.23,HMR2300,3406.7,-13806.7,48906.7,50932.2,,,,,,,,RR1715,,
J2-1011,ASNAP,2017/08/25 23:20:00,44.36825386,-124.95267435,946.816474,949.473190,271.82,-1.7,3.0,0.00,577.36,577.36,HMR2300,2773.3,-14066.7,48840.0,50901.0,,,,,,,,RR1715,,
J2-1011,ASNAP,2017/08/25 23:20:05,44.36825559,-124.95267781,946.540753,949.665610,270.00,-1.7,2.8,0.00,576.40,576.4,HMR2300,3506.7,-13766.7,48660.0,50691.4,,,,,,,,RR1715,,
J2-1011,ASNAP,2017/08/25 23:20:10,44.36825737,-124.95268129,946.263745,949.863308,264.94,-1.1,3.9,0.00,575.52,575.52,HMR2300,5320.0,-13986.7,48740.0,50985.5,,,,,,,,RR1715,,
J2-1011,ASNAP,2017/08/25 23:20:15,44.36825918,-124.95268475,945.987538,950.064565,263.45,-1.5,3.3,0.00,575.20,575.2,HMR2300,5760.0,-13100.0,48946.7,50995.7,,,,,,,,RR1715,,
J2-1011,ASNAP,2017/08/25 23:20:20,44.36826103,-124.95268822,945.710941,950.269899,266.85,-1.4,3.3,0.00,575.14,575.14,HMR2300,3986.7,-14046.7,48720.0,50861.0,,,,,,,,RR1715,,
J2-1011,ASNAP,2017/08/25 23:20:25,44.36826284,-124.95269155,945.445034,950.470790,266.00,-1.7,3.4,0.00,575.20,575.2,HMR2300,5006.7,-13513.3,48940.0,51017.6,,,,,,,,RR1715,,
J2-1011,ASNAP,2017/08/25 23:20:30,44.36826463,-124.95269482,945.185089,950.670462,265.33,-1.2,3.2,0.00,575.22,575.22,HMR2300,5360.0,-13466.7,48746.7,50855.9,,,,,,,,RR1715,,
J2-1011,ASNAP,2017/08/25 23:20:35,44.36826638,-124.95269794,944.936181,950.864712,265.19,-1.2,3.4,0.00,575.16,575.16,HMR2300,5506.7,-13540.0,48653.3,50801.6,,,,,,,,RR1715,,
J2-1011,ASNAP,2017/08/25 23:20:40,44.36826808,-124.95270092,944.698705,951.052920,265.57,-1.4,3.3,0.00,575.14,575.14,HMR2300,5033.3,-13286.7,48753.3,50781.5,,,,,,,,RR1715,,
J2-1011,ASNAP,2017/08/25 23:20:45,44.36826969,-124.95270372,944.475123,951.232825,265.37,-1.9,1.9,0.00,575.18,575.18,HMR2300,4966.7,-11993.3,49186.7,50870.8,,,,,,,,RR1715,,
J2-1011,ASNAP,2017/08/25 23:20:50,44.36827122,-124.95270633,944.267306,951.402576,265.34,-2.3,0.7,0.00,575.20,575.2,HMR2300,4586.7,-11320.0,49233.3,50725.7,,,,,,,,RR1715,,
J2-1011,ASNAP,2017/08/25 23:20:55,44.36827265,-124.95270873,944.076045,951.561189,265.33,-2.6,1.1,0.00,575.16,575.16,HMR2300,4333.3,-11800.0,49246.7,50825.7,,,,,,,,RR1715,,
J2-1011,ASNAP,2017/08/25 23:21:00,44.36827397,-124.95271091,943.901796,951.707934,265.19,-1.9,1.8,0.00,575.09,575.09,HMR2300,4800.0,-12046.7,48906.7,50596.7,,,,,,,,RR1715,,
J2-1011,ASNAP,2017/08/25 23:21:05,44.36827518,-124.95271288,943.744553,951.842499,265.17,-2.0,1.6,0.00,575.11,575.11,HMR2300,5020.0,-11740.0,49226.7,50855.6,,,,,,,,RR1715,,
J2-1011,EVT,2017/08/25 23:21:06,44.36827541,-124.95271325,943.715213,951.867863,265.23,-2.0,1.6,0.00,575.13,575.13,HMR2300,5046.7,-11933.3,49266.7,50941.9,,,,,,,,RR1715,DLG,TXT: Removing dummy plug from connector USR:eventlogger
J2-1011,ASNAP,2017/08/25 23:21:10,44.36827627,-124.95271463,943.605187,951.963805,265.47,-1.6,1.9,0.00,575.19,575.19,HMR2300,5066.7,-12333.3,49120.0,50897.5,,,,,,,,RR1715,,
J2-1011,ASNAP,2017/08/25 23:21:15,44.36827724,-124.95271615,943.484208,952.071081,265.25,-1.7,1.7,0.00,575.20,575.2,HMR2300,5100.0,-11980.0,49153.3,50848.6,,,,,,,,RR1715,,
J2-1011,ASNAP,2017/08/25 23:21:20,44.36827810,-124.95271747,943.378987,952.166398,265.29,-1.5,1.3,0.00,575.14,575.14,HMR2300,5100.0,-11746.7,49020.0,50665.1,,,,,,,,RR1715,,
J2-1011,ASNAP,2017/08/25 23:21:25,44.36827885,-124.95271860,943.289006,952.250010,265.43,-1.8,1.3,0.00,575.11,575.11,HMR2300,5040.0,-11853.3,49433.3,51083.8,,,,,,,,RR1715,,
J2-1011,ASNAP,2017/08/25 23:21:30,44.36827949,-124.95271954,943.214170,952.321845,265.55,-2.1,1.8,0.00,575.12,575.12,HMR2300,4860.0,-11866.7,49293.3,50934.0,,,,,,,,RR1715,,
J2-1011,ASNAP,2017/08/25 23:21:35,44.36828004,-124.95272030,943.153366,952.382779,265.46,-2.0,1.7,0.00,575.18,575.18,HMR2300,4820.0,-12260.0,49206.7,50939.5,,,,,,,,RR1715,,
J2-1011,ASNAP,2017/08/25 23:21:40,44.36828050,-124.95272090,943.105680,952.433515,265.72,-2.0,2.0,0.00,575.23,575.23,HMR2300,4653.3,-12533.3,48953.3,50746.1,,,,,,,,RR1715,,
J2-1011,ASNAP,2017/08/25 23:21:45,44.36828087,-124.95272135,943.069834,952.475142,267.32,-2.0,1.9,0.00,575.22,575.22,HMR2300,3900.0,-12533.3,49126.7,50850.0,,,,,,,,RR1715,,
J2-1011,ASNAP,2017/08/25 23:21:50,44.36828118,-124.95272166,943.044567,952.508732,272.63,-2.2,1.8,0.00,575.15,575.15,HMR2300,1806.7,-13086.7,48880.0,50633.8,,,,,,,,RR1715,,
J2-1011,ASNAP,2017/08/25 23:21:55,44.36828142,-124.95272186,943.028648,952.535316,270.79,-1.9,1.9,0.00,575.18,575.18,HMR2300,3153.3,-12720.0,49080.0,50799.5,,,,,,,,RR1715,,
J2-1011,ASNAP,2017/08/25 23:22:00,44.36828160,-124.95272196,943.020807,952.555920,271.27,-2.1,1.7,0.00,575.52,575.52,HMR2300,2780.0,-12860.0,49446.7,51167.2,,,,,,,,RR1715,,
J2-1011,ASNAP,2017/08/25 23:22:05,44.36828174,-124.95272198,943.019779,952.571598,273.18,-2.2,1.8,0.00,575.55,575.55,HMR2300,1653.3,-12953.3,48846.7,50562.0,,,,,,,,RR1715,,
J2-1011,ASNAP,2017/08/25 23:22:10,44.36828185,-124.95272192,943.024372,952.583368,273.27,-1.8,1.6,0.00,575.43,575.43,HMR2300,2206.7,-13120.0,49080.0,50851.3,,,,,,,,RR1715,,
J2-1011,ASNAP,2017/08/25 23:22:15,44.36828193,-124.95272180,943.033474,952.592021,272.75,-2.0,2.3,0.00,575.70,575.7,HMR2300,2040.0,-13840.0,48906.7,50868.2,,,,,,,,RR1715,,
J2-1011,ASNAP,2017/08/25 23:22:20,44.36828198,-124.95272165,943.046059,952.598301,273.11,-2.1,2.4,0.00,575.79,575.79,HMR2300,1773.3,-13386.7,49013.3,50839.5,,,,,,,,RR1715,,
J2-1011,ASNAP,2017/08/25 23:22:25,44.36828202,-124.95272146,943.061149,952.602816,273.02,-2.3,1.3,0.00,575.65,575.65,HMR2300,1906.7,-12200.0,49253.3,50777.6,,,,,,,,RR1715,,
J2-1011,ASNAP,2017/08/25 23:22:30,44.36828205,-124.95272125,943.077885,952.606048,272.93,-2.2,0.9,0.00,575.41,575.41,HMR2300,1606.7,-12213.3,49033.3,50557.0,,,,,,,,RR1715,,
J2-1011,ASNAP,2017/08/25 23:22:35,44.36828207,-124.95272103,943.095397,952.608330,273.02,-2.1,0.9,0.00,575.34,575.34,HMR2300,2000.0,-11933.3,49246.7,50711.3,,,,,,,,RR1715,,
J2-1011,ASNAP,2017/08/25 23:22:40,44.36828209,-124.95272081,943.113063,952.609862,273.12,-2.1,1.0,0.00,575.59,575.59,HMR2300,2033.3,-12106.7,49260.0,50766.7,,,,,,,,RR1715,,
J2-1011,ASNAP,2017/08/25 23:22:45,44.36828209,-124.95272059,943.130553,952.610739,272.92,-2.2,1.4,0.00,576.01,576.01,HMR2300,2253.3,-12740.0,49353.3,51020.9,,,,,,,,RR1715,,
J2-1011,ASNAP,2017/08/25 23:22:50,44.36828210,-124.95272038,943.146946,952.610891,273.15,-2.2,1.5,0.00,576.40,576.4,HMR2300,2066.7,-12586.7,49133.3,50762.0,,,,,,,,RR1715,,
J2-1011,ASNAP,2017/08/25 23:22:55,44.36828209,-124.95272019,943.162472,952.610184,273.18,-2.1,1.3,0.00,576.23,576.23,HMR2300,1893.3,-12560.0,49140.0,50755.1,,,,,,,,RR1715,,
J2-1011,ASNAP,2017/08/25 23:23:00,44.36828207,-124.95272001,943.176537,952.608432,273.20,-2.2,0.9,0.00,575.95,575.95,HMR2300,1820.0,-12480.0,49426.7,51010.4,,,,,,,,RR1715,,
J2-1011,ASNAP,2017/08/25 23:23:05,44.36828205,-124.95271985,943.189110,952.605321,273.17,-2.9,1.2,0.00,575.82,575.82,HMR2300,1546.7,-12346.7,49426.7,50968.9,,,,,,,,RR1715,,
J2-1011,ASNAP,2017/08/25 23:23:10,44.36828200,-124.95271971,943.200076,952.600585,273.50,-1.7,1.0,0.00,575.91,575.91,HMR2300,2093.3,-12280.0,48860.0,50423.0,,,,,,,,RR1715,,
J2-1011,ASNAP,2017/08/25 23:23:15,44.36828194,-124.95271960,943.209108,952.593981,273.03,-2.9,1.3,0.00,575.99,575.99,HMR2300,1246.7,-12153.3,49220.0,50713.6,,,,,,,,RR1715,,
J2-1011,ASNAP,2017/08/25 23:23:20,44.36828186,-124.95271951,943.216434,952.585040,273.08,-4.2,1.3,0.00,575.97,575.97,HMR2300,-300.0,-12413.3,49140.0,50684.5,,,,,,,,RR1715,,
J2-1011,ASNAP,2017/08/25 23:23:25,44.36828176,-124.95271944,943.221787,952.573787,273.70,-4.0,1.2,0.00,576.12,576.12,HMR2300,240.0,-12366.7,48993.3,50530.6,,,,,,,,RR1715,,
J2-1011,ASNAP,2017/08/25 23:23:30,44.36828164,-124.95271940,943.225264,952.559804,274.63,-4.1,1.2,0.00,576.25,576.25,HMR2300,-806.7,-12626.7,49246.7,50846.0,,,,,,,,RR1715,,
J2-1011,ASNAP,2017/08/25 23:23:35,44.36828148,-124.95271938,943.226906,952.542809,274.70,-5.1,0.9,0.00,576.19,576.19,HMR2300,-1140.0,-12233.3,49013.3,50529.8,,,,,,,,RR1715,,
J2-1011,ASNAP,2017/08/25 23:23:40,44.36828130,-124.95271938,943.226698,952.522785,273.01,-2.5,1.3,0.00,576.14,576.14,HMR2300,1506.7,-12553.3,50040.0,51612.6,,,,,,,,RR1715,,
J2-1011,ASNAP,2017/08/25 23:23:45,44.36828109,-124.95271941,943.224660,952.499600,273.49,-1.9,1.3,0.00,576.00,576,HMR2300,1766.7,-12573.3,49406.7,51012.0,,,,,,,,RR1715,,
J2-1011,ASNAP,2017/08/25 23:23:50,44.36828086,-124.95271945,943.220808,952.473244,273.18,-2.1,1.8,0.00,575.84,575.84,HMR2300,1946.7,-13520.0,49233.3,51093.1,,,,,,,,RR1715,,
J2-1011,ASNAP,2017/08/25 23:23:55,44.36828059,-124.95271953,943.215112,952.443604,273.50,-1.7,2.4,0.00,575.89,575.89,HMR2300,1873.3,-13420.0,48660.0,50511.4,,,,,,,,RR1715,,
J2-1011,EVT,2017/08/25 23:24:00,44.36828030,-124.95271962,943.207591,952.410931,273.26,-1.4,1.8,0.00,576.13,576.13,HMR2300,2246.7,-12733.3,48900.0,50580.6,,,,,,,,RR1715,DLG,TXT: Removed dust cap from docking station connector USR:eventlogger
J2-1011,ASNAP,2017/08/25 23:24:00,44.36828030,-124.95271962,943.207591,952.410931,273.26,-1.4,1.8,0.00,576.13,576.13,HMR2300,2246.7,-12733.3,48900.0,50580.6,,,,,,,,RR1715,,
J2-1011,ASNAP,2017/08/25 23:24:05,44.36827998,-124.95271974,943.198255,952.375520,273.16,-1.5,1.3,0.00,576.16,576.16,HMR2300,2793.3,-12340.0,49366.7,50962.2,,,,,,,,RR1715,,
J2-1011,ASNAP,2017/08/25 23:24:10,44.36827963,-124.95271988,943.186873,952.336903,273.27,-1.4,1.9,0.00,575.99,575.99,HMR2300,2386.7,-13153.3,49120.0,50906.6,,,,,,,,RR1715,,
J2-1011,ASNAP,2017/08/25 23:24:15,44.36827926,-124.95272005,943.173405,952.295478,273.31,-2.3,1.2,0.00,575.89,575.89,HMR2300,1866.7,-12533.3,49446.7,51044.5,,,,,,,,RR1715,,
J2-1011,ASNAP,2017/08/25 23:24:20,44.36827886,-124.95272025,943.157681,952.251388,273.32,-2.8,1.2,0.00,575.96,575.96,HMR2300,1873.3,-12180.0,48880.0,50409.5,,,,,,,,RR1715,,
J2-1011,ASNAP,2017/08/25 23:24:25,44.36827844,-124.95272047,943.139493,952.204766,273.54,-4.5,1.4,0.00,575.99,575.99,HMR2300,-680.0,-12653.3,49133.3,50741.0,,,,,,,,RR1715,,
J2-1011,ASNAP,2017/08/25 23:24:30,44.36827800,-124.95272074,943.118667,952.155968,273.24,-2.3,1.0,0.00,575.97,575.97,HMR2300,1973.3,-12146.7,49433.3,50942.0,,,,,,,,RR1715,,
J2-1011,ASNAP,2017/08/25 23:24:35,44.36827754,-124.95272103,943.094894,952.105097,273.31,-2.8,1.2,0.00,575.95,575.95,HMR2300,1520.0,-12500.0,49400.0,50979.6,,,,,,,,RR1715,,
J2-1011,ASNAP,2017/08/25 23:24:40,44.36827707,-124.95272137,943.067883,952.052371,273.24,-2.5,1.2,0.00,575.95,575.95,HMR2300,1466.7,-12480.0,49066.7,50650.2,,,,,,,,RR1715,,
J2-1011,ASNAP,2017/08/25 23:24:45,44.36827658,-124.95272176,943.037345,951.998021,273.15,-2.4,1.2,0.00,575.96,575.96,HMR2300,1960.0,-12293.3,49426.7,50970.2,,,,,,,,RR1715,,
J2-1011,ASNAP,2017/08/25 23:24:50,44.36827608,-124.95272219,943.003096,951.942409,273.20,-2.5,1.2,0.00,575.95,575.95,HMR2300,1580.0,-12153.3,49000.0,50509.4,,,,,,,,RR1715,,
J2-1011,ASNAP,2017/08/25 23:24:55,44.36827557,-124.95272267,942.964745,951.885504,273.11,-3.1,0.8,0.00,575.93,575.93,HMR2300,1253.3,-12186.7,49406.7,50902.9,,,,,,,,RR1715,,
J2-1011,ASNAP,2017/08/25 23:25:00,44.36827505,-124.95272320,942.922051,951.827420,272.90,-1.9,0.8,0.00,576.03,576.03,HMR2300,2380.0,-12053.3,49206.7,50717.3,,,,,,,,RR1715,,
J2-1011,ASNAP,2017/08/25 23:25:05,44.36827452,-124.95272379,942.875024,951.768527,272.26,-2.8,1.1,0.00,576.01,576.01,HMR2300,1480.0,-12400.0,49280.0,50837.7,,,,,,,,RR1715,,
J2-1011,ASNAP,2017/08/25 23:25:10,44.36827398,-124.95272444,942.823607,951.708957,272.37,-2.9,1.0,0.00,575.97,575.97,HMR2300,1820.0,-12180.0,49473.3,50983.1,,,,,,,,RR1715,,
J2-1011,ASNAP,2017/08/25 23:25:15,44.36827344,-124.95272513,942.767958,951.649007,272.48,-2.1,1.2,0.00,576.02,576.02,HMR2300,2073.3,-12406.7,49033.3,50621.1,,,,,,,,RR1715,,
J2-1011,ASNAP,2017/08/25 23:25:20,44.36827290,-124.95272588,942.708274,951.588915,272.60,-2.7,2.2,0.00,575.96,575.96,HMR2300,1566.7,-13000.0,48833.3,50558.4,,,,,,,,RR1715,,
J2-1011,ASNAP,2017/08/25 23:25:25,44.36827236,-124.95272667,942.645398,951.529461,272.53,-2.0,1.9,0.00,575.97,575.97,HMR2300,2060.0,-12886.7,48860.0,50572.8,,,,,,,,RR1715,,
J2-1011,ASNAP,2017/08/25 23:25:30,44.36827183,-124.95272750,942.579186,951.470492,272.91,-2.0,2.1,0.00,575.99,575.99,HMR2300,2153.3,-13253.3,49086.7,50890.0,,,,,,,,RR1715,,
J2-1011,ASNAP,2017/08/25 23:25:35,44.36827131,-124.95272837,942.510030,951.412257,272.89,-2.7,2.4,0.00,575.95,575.95,HMR2300,1520.0,-13286.7,48820.0,50618.6,,,,,,,,RR1715,,
J2-1011,ASNAP,2017/08/25 23:25:40,44.36827080,-124.95272925,942.439709,951.356221,271.90,-2.3,2.3,0.00,575.95,575.95,HMR2300,2220.0,-13420.0,49233.3,51077.8,,,,,,,,RR1715,,
J2-1011,ASNAP,2017/08/25 23:25:45,44.36827031,-124.95273017,942.366402,951.300855,271.47,-1.8,2.2,0.00,575.97,575.97,HMR2300,2673.3,-13073.3,49120.0,50900.2,,,,,,,,RR1715,,
J2-1011,ASNAP,2017/08/25 23:25:50,44.36826983,-124.95273110,942.292527,951.247955,271.58,-2.5,2.1,0.00,575.96,575.96,HMR2300,2166.7,-12740.0,49226.7,50894.7,,,,,,,,RR1715,,
J2-1011,ASNAP,2017/08/25 23:25:55,44.36826937,-124.95273205,942.216839,951.196633,271.38,-2.5,1.8,0.00,575.96,575.96,HMR2300,2513.3,-12673.3,49280.0,50945.5,,,,,,,,RR1715,,
J2-1011,ASNAP,2017/08/25 23:26:00,44.36826893,-124.95273300,942.140965,951.147888,270.95,-2.4,2.5,0.00,575.96,575.96,HMR2300,2126.7,-13293.3,49140.0,50950.7,,,,,,,,RR1715,,
J2-1011,ASNAP,2017/08/25 23:26:05,44.36826852,-124.95273394,942.065918,951.102337,270.71,-2.5,1.9,0.00,575.96,575.96,HMR2300,2426.7,-12626.7,48893.3,50555.7,,,,,,,,RR1715,,
J2-1011,ASNAP,2017/08/25 23:26:10,44.36826813,-124.95273489,941.990607,951.059187,270.61,-2.4,1.9,0.00,575.99,575.99,HMR2300,2813.3,-12806.7,49046.7,50769.1,,,,,,,,RR1715,,
J2-1011,ASNAP,2017/08/25 23:26:15,44.36826778,-124.95273580,941.917366,951.019693,271.57,-2.1,3.2,0.00,575.89,575.89,HMR2300,2253.3,-13986.7,49233.3,51231.1,,,,,,,,RR1715,,
J2-1011,ASNAP,2017/08/25 23:26:20,44.36826746,-124.95273669,941.846944,950.984078,271.58,-2.6,2.6,0.00,575.91,575.91,HMR2300,2320.0,-12980.0,49120.0,50859.0,,,,,,,,RR1715,,
J2-1011,EVT,2017/08/25 23:26:21,44.36826740,-124.95273686,941.833233,950.977419,271.53,-2.3,1.8,0.00,575.91,575.91,HMR2300,2486.7,-12406.7,48980.0,50588.0,,,,,,,,RR1715,DLG,TXT: Cable connected to docking station USR:eventlogger
J2-1011,ASNAP,2017/08/25 23:26:25,44.36826717,-124.95273753,941.779888,950.952397,271.34,-1.4,1.7,0.00,575.99,575.99,HMR2300,2953.3,-12700.0,49246.7,50943.6,,,,,,,,RR1715,,
J2-1011,ASNAP,2017/08/25 23:26:30,44.36826692,-124.95273832,941.717014,950.924813,271.70,-3.0,1.9,0.00,575.95,575.95,HMR2300,1720.0,-12973.3,49340.0,51046.1,,,,,,,,RR1715,,
J2-1011,ASNAP,2017/08/25 23:26:35,44.36826671,-124.95273905,941.658629,950.901242,271.90,-2.4,2.0,0.00,575.95,575.95,HMR2300,2400.0,-12846.7,49166.7,50873.9,,,,,,,,RR1715,,
J2-1011,ASNAP,2017/08/25 23:26:40,44.36826653,-124.95273972,941.605371,950.881737,271.80,-2.0,1.9,0.00,575.98,575.98,HMR2300,2526.7,-12786.7,49200.0,50897.2,,,,,,,,RR1715,,
J2-1011,ASNAP,2017/08/25 23:26:45,44.36826640,-124.95274032,941.557639,950.866252,271.86,-2.7,2.2,0.00,575.95,575.95,HMR2300,1753.3,-13426.7,49173.3,51003.6,,,,,,,,RR1715,,
J2-1011,ASNAP,2017/08/25 23:26:50,44.36826629,-124.95274084,941.516116,950.854817,271.82,-2.0,2.2,0.00,575.95,575.95,HMR2300,2560.0,-13093.3,48973.3,50758.0,,,,,,,,RR1715,,
J2-1011,ASNAP,2017/08/25 23:26:55,44.36826622,-124.95274128,941.480964,950.847319,271.74,-2.1,2.4,0.00,575.97,575.97,HMR2300,2106.7,-13326.7,48766.7,50598.7,,,,,,,,RR1715,,
J2-1011,ASNAP,2017/08/25 23:27:00,44.36826619,-124.95274165,941.451619,950.843542,271.17,-2.6,2.2,0.00,575.93,575.93,HMR2300,2353.3,-12980.0,49346.7,51079.5,,,,,,,,RR1715,,
J2-1011,ASNAP,2017/08/25 23:27:05,44.36826619,-124.95274194,941.428489,950.843533,271.71,-1.9,2.1,0.00,575.96,575.96,HMR2300,2713.3,-13386.7,49166.7,51028.7,,,,,,,,RR1715,,
J2-1011,ASNAP,2017/08/25 23:27:10,44.36826622,-124.95274215,941.411526,950.847302,271.69,-2.5,2.4,0.00,575.97,575.97,HMR2300,2200.0,-13200.0,49266.7,51051.8,,,,,,,,RR1715,,
J2-1011,ASNAP,2017/08/25 23:27:15,44.36826629,-124.95274229,941.400509,950.854861,271.78,-2.5,2.0,0.00,575.95,575.95,HMR2300,1993.3,-12606.7,48813.3,50454.4,,,,,,,,RR1715,,
J2-1011,ASNAP,2017/08/25 23:27:20,44.36826640,-124.95274235,941.395156,950.866257,271.70,-2.2,0.9,0.00,575.99,575.99,HMR2300,2420.0,-11540.0,49413.3,50800.6,,,,,,,,RR1715,,
J2-1011,ASNAP,2017/08/25 23:27:25,44.36826653,-124.95274236,941.395034,950.881631,271.73,-2.4,0.2,0.00,576.02,576.02,HMR2300,1960.0,-11226.7,49266.7,50567.6,,,,,,,,RR1715,,
J2-1011,ASNAP,2017/08/25 23:27:30,44.36826671,-124.95274230,941.399644,950.901150,271.83,-2.5,0.2,0.00,575.99,575.99,HMR2300,1986.7,-11506.7,49446.7,50806.7,,,,,,,,RR1715,,
J2-1011,ASNAP,2017/08/25 23:27:35,44.36826692,-124.95274219,941.408396,950.925000,271.85,-2.2,0.2,0.00,576.02,576.02,HMR2300,2213.3,-11326.7,49353.3,50684.7,,,,,,,,RR1715,,
J2-1011,ASNAP,2017/08/25 23:27:40,44.36826718,-124.95274204,941.420606,950.953328,271.80,-2.6,0.2,0.00,576.00,576,HMR2300,2060.0,-11400.0,49573.3,50908.9,,,,,,,,RR1715,,
J2-1011,ASNAP,2017/08/25 23:27:45,44.36826748,-124.95274185,941.435691,950.986610,271.81,-2.3,0.2,0.00,576.01,576.01,HMR2300,2240.0,-11426.7,49600.0,50948.5,,,,,,,,RR1715,,
J2-1011,ASNAP,2017/08/25 23:27:50,44.36826782,-124.95274163,941.452951,951.025083,271.85,-2.5,0.2,0.00,576.00,576,HMR2300,1953.3,-11540.0,49400.0,50767.6,,,,,,,,RR1715,,
J2-1011,ASNAP,2017/08/25 23:27:55,44.36826822,-124.95274139,941.471679,951.068927,271.82,-2.2,0.2,0.00,576.02,576.02,HMR2300,2106.7,-11326.7,49266.7,50595.8,,,,,,,,RR1715,,
J2-1011,ASNAP,2017/08/25 23:28:00,44.36826866,-124.95274115,941.491233,951.118342,272.03,-2.5,0.2,0.00,576.00,576,HMR2300,1820.0,-11500.0,49366.7,50721.1,,,,,,,,RR1715,,
J2-1011,ASNAP,2017/08/25 23:28:05,44.36826916,-124.95274090,941.510969,951.173310,272.27,-2.2,0.2,0.00,576.01,576.01,HMR2300,2200.0,-11406.7,49533.3,50877.3,,,,,,,,RR1715,,
J2-1011,ASNAP,2017/08/25 23:28:10,44.36826970,-124.95274066,941.530361,951.233823,272.08,-0.6,-0.2,0.00,576.02,576.02,HMR2300,4160.0,-11120.0,49686.7,51085.5,,,,,,,,RR1715,,
J2-1011,ASNAP,2017/08/25 23:28:15,44.36827029,-124.95274043,941.548781,951.299110,274.23,-0.7,-0.1,0.00,575.89,575.89,HMR2300,2180.0,-11160.0,49386.7,50678.8,,,,,,,,RR1715,,
J2-1011,ASNAP,2017/08/25 23:28:20,44.36827093,-124.95274021,941.566117,951.369891,273.36,0.4,-0.1,0.00,575.66,575.66,HMR2300,4366.7,-11153.3,49220.0,50656.4,,,,,,,,RR1715,,
J2-1011,ASNAP,2017/08/25 23:28:25,44.36827160,-124.95274001,941.581903,951.444830,272.63,-3.5,0.1,0.00,575.44,575.44,HMR2300,666.7,-11453.3,49326.7,50643.3,,,,,,,,RR1715,,
J2-1011,ASNAP,2017/08/25 23:28:30,44.36827231,-124.95273984,941.595887,951.523323,273.05,0.7,-0.2,0.00,575.46,575.46,HMR2300,4793.3,-11153.3,49733.3,51193.5,,,,,,,,RR1715,,
J2-1011,ASNAP,2017/08/25 23:28:35,44.36827306,-124.95273968,941.608316,951.606585,273.69,0.4,-0.2,0.00,575.56,575.56,HMR2300,3246.7,-11140.0,49166.7,50517.3,,,,,,,,RR1715,,
J2-1011,ASNAP,2017/08/25 23:28:40,44.36827383,-124.95273955,941.618819,951.692089,273.91,-1.5,0.3,0.00,575.43,575.43,HMR2300,2300.0,-11420.0,49186.7,50547.3,,,,,,,,RR1715,,
J2-1011,ASNAP,2017/08/25 23:28:45,44.36827463,-124.95273944,941.627710,951.781703,273.95,0.3,1.1,0.00,575.47,575.47,HMR2300,3606.7,-12473.3,48913.3,50607.4,,,,,,,,RR1715,,
J2-1011,ASNAP,2017/08/25 23:28:50,44.36827545,-124.95273935,941.634855,951.872400,274.00,-0.1,1.9,0.00,575.46,575.46,HMR2300,3326.7,-13020.0,49200.0,51002.2,,,,,,,,RR1715,,
J2-1011,ASNAP,2017/08/25 23:28:55,44.36827628,-124.95273928,941.640438,951.964579,273.93,-0.6,1.9,0.00,575.43,575.43,HMR2300,2726.7,-13000.0,48893.3,50665.5,,,,,,,,RR1715,,
J2-1011,ASNAP,2017/08/25 23:29:00,44.36827712,-124.95273922,941.644675,952.058139,273.70,-0.2,1.8,0.00,575.43,575.43,HMR2300,3160.0,-13026.7,48813.3,50620.4,,,,,,,,RR1715,,
J2-1011,ASNAP,2017/08/25 23:29:05,44.36827795,-124.95273919,941.647644,952.150328,273.97,0.7,2.5,0.00,575.44,575.44,HMR2300,4046.7,-13246.7,48866.7,50791.7,,,,,,,,RR1715,,
J2-1011,ASNAP,2017/08/25 23:29:10,44.36827876,-124.95273916,941.649569,952.240314,274.08,1.8,2.4,0.00,575.50,575.5,HMR2300,4613.3,-12826.7,49393.3,51239.7,,,,,,,,RR1715,,
J2-1011,ASNAP,2017/08/25 23:29:15,44.36827954,-124.95273915,941.650690,952.327112,274.08,-2.1,1.7,0.00,575.37,575.37,HMR2300,1800.0,-12580.0,49093.3,50711.5,,,,,,,,RR1715,,
J2-1011,ASNAP,2017/08/25 23:29:20,44.36828028,-124.95273914,941.651250,952.409173,274.00,1.1,0.8,0.00,575.49,575.49,HMR2300,4333.3,-12360.0,48840.0,50565.7,,,,,,,,RR1715,,
J2-1011,ASNAP,2017/08/25 23:29:25,44.36828097,-124.95273914,941.651516,952.485514,273.87,-0.4,1.5,0.00,575.49,575.49,HMR2300,3080.0,-12926.7,49326.7,51085.3,,,,,,,,RR1715,,
J2-1011,ASNAP,2017/08/25 23:29:30,44.36828159,-124.95273914,941.651776,952.554625,273.36,-0.5,1.7,0.00,575.42,575.42,HMR2300,3226.7,-12686.7,48866.7,50589.7,,,,,,,,RR1715,,
J2-1011,ASNAP,2017/08/25 23:29:35,44.36828214,-124.95273913,941.652338,952.615264,272.66,-0.2,1.6,0.00,575.44,575.44,HMR2300,3720.0,-12480.0,48833.3,50539.9,,,,,,,,RR1715,,
J2-1011,ASNAP,2017/08/25 23:29:40,44.36828259,-124.95273911,941.653514,952.665676,272.37,-0.6,0.1,0.00,575.47,575.47,HMR2300,3360.0,-11106.7,49173.3,50523.9,,,,,,,,RR1715,,
J2-1011,ASNAP,2017/08/25 23:29:45,44.36828294,-124.95273909,941.655654,952.705178,272.72,-1.0,0.3,0.00,575.44,575.44,HMR2300,3100.0,-11486.7,49166.7,50585.7,,,,,,,,RR1715,,
J2-1011,EVT,2017/08/25 23:29:45,44.36828294,-124.95273909,941.655654,952.705178,272.72,-1.0,0.3,0.00,575.44,575.44,HMR2300,3126.7,-11540.0,49140.0,50573.6,,,,,,,,RR1715,DLG,TXT: Removed beacon USR:eventlogger
J2-1011,ASNAP,2017/08/25 23:29:50,44.36828320,-124.95273904,941.659146,952.733226,272.68,-0.5,0.4,0.00,575.47,575.47,HMR2300,3460.0,-11860.0,49506.7,51024.9,,,,,,,,RR1715,,
J2-1011,ASNAP,2017/08/25 23:29:55,44.36828333,-124.95273898,941.664338,952.748350,273.15,-0.7,1.1,0.00,575.45,575.45,HMR2300,3386.7,-12300.0,49400.0,51020.8,,,,,,,,RR1715,,
J2-1011,ASNAP,2017/08/25 23:30:00,44.36828334,-124.95273889,941.671592,952.749644,273.33,0.0,1.6,0.00,575.46,575.46,HMR2300,3840.0,-12686.7,48906.7,50671.1,,,,,,,,RR1715,,
J2-1011,ASNAP,2017/08/25 23:30:05,44.36828323,-124.95273877,941.681207,952.736411,273.54,-0.0,2.4,0.00,575.44,575.44,HMR2300,3726.7,-13300.0,49033.3,50941.6,,,,,,,,RR1715,,
J2-1011,ASNAP,2017/08/25 23:30:10,44.36828297,-124.95273861,941.693428,952.708112,273.62,0.5,2.3,0.00,575.44,575.44,HMR2300,3866.7,-13546.7,49106.7,51087.5,,,,,,,,RR1715,,
J2-1011,ASNAP,2017/08/25 23:30:15,44.36828258,-124.95273842,941.708461,952.664300,274.41,-0.0,2.2,0.00,575.44,575.44,HMR2300,3166.7,-13126.7,48986.7,50813.7,,,,,,,,RR1715,,
J2-1011,ASNAP,2017/08/25 23:30:20,44.36828204,-124.95273820,941.726401,952.604740,275.84,-0.1,2.4,0.00,575.42,575.42,HMR2300,2460.0,-13566.7,48660.0,50575.7,,,,,,,,RR1715,,
J2-1011,ASNAP,2017/08/25 23:30:25,44.36828137,-124.95273794,941.747124,952.529863,276.49,-0.1,2.4,0.00,575.44,575.44,HMR2300,1933.3,-13640.0,48653.3,50566.1,,,,,,,,RR1715,,
J2-1011,ASNAP,2017/08/25 23:30:30,44.36828056,-124.95273765,941.770429,952.440283,276.73,-0.3,2.3,0.00,575.39,575.39,HMR2300,1860.0,-13500.0,48766.7,50634.9,,,,,,,,RR1715,,
J2-1011,ASNAP,2017/08/25 23:30:35,44.36827962,-124.95273732,941.796357,952.335528,276.79,0.4,2.2,0.00,575.44,575.44,HMR2300,2460.0,-13613.3,48700.0,50626.7,,,,,,,,RR1715,,
J2-1011,ASNAP,2017/08/25 23:30:40,44.36827855,-124.95273697,941.824492,952.216753,276.44,-0.6,2.1,0.00,575.41,575.41,HMR2300,1653.3,-13433.3,48746.7,50590.8,,,,,,,,RR1715,,
J2-1011,EVT,2017/08/25 23:30:42,44.36827809,-124.95273682,941.836265,952.165567,276.51,-0.9,2.0,0.00,575.41,575.41,HMR2300,1533.3,-13200.0,48706.7,50486.9,,,,,,,,RR1715,DLG,TXT: Set beacon in stow basket USR:eventlogger
J2-1011,ASNAP,2017/08/25 23:30:45,44.36827736,-124.95273659,941.854408,952.084990,276.30,-0.7,1.3,0.00,575.41,575.41,HMR2300,1926.7,-12846.7,48886.7,50583.2,,,,,,,,RR1715,,
J2-1011,ASNAP,2017/08/25 23:30:50,44.36827607,-124.95273620,941.885661,951.941199,276.26,-0.6,-0.2,0.00,575.48,575.48,HMR2300,2153.3,-11353.3,49613.3,50941.3,,,,,,,,RR1715,,
J2-1011,ASNAP,2017/08/25 23:30:55,44.36827468,-124.95273580,941.917612,951.787019,276.64,-1.3,-0.0,0.00,575.44,575.44,HMR2300,1166.7,-11513.3,49253.3,50594.6,,,,,,,,RR1715,,
J2-1011,ASNAP,2017/08/25 23:31:00,44.36827322,-124.95273540,941.949503,951.624566,276.24,-0.3,-0.2,0.00,575.48,575.48,HMR2300,2486.7,-11193.3,49660.0,50966.6,,,,,,,,RR1715,,
J2-1011,ASNAP,2017/08/25 23:31:05,44.36827171,-124.95273501,941.980393,951.456825,276.07,-1.1,-0.1,0.00,575.46,575.46,HMR2300,1466.7,-11566.7,49366.7,50724.8,,,,,,,,RR1715,,
J2-1011,ASNAP,2017/08/25 23:31:10,44.36827014,-124.95273464,942.010085,951.282574,273.40,1.5,-0.3,0.00,575.45,575.45,HMR2300,5986.7,-10933.3,49106.7,50664.0,,,,,,,,RR1715,,
J2-1011,ASNAP,2017/08/25 23:31:15,44.36826857,-124.95273430,942.037203,951.107555,275.99,-4.0,0.8,0.00,575.24,575.24,HMR2300,-846.7,-12253.3,49260.0,50768.2,,,,,,,,RR1715,,
J2-1011,ASNAP,2017/08/25 23:31:20,44.36826698,-124.95273400,942.061282,950.931418,273.90,-3.1,1.3,0.00,575.40,575.4,HMR2300,140.0,-12626.7,48980.0,50581.5,,,,,,,,RR1715,,
J2-1011,ASNAP,2017/08/25 23:31:25,44.36826540,-124.95273374,942.081768,950.755182,277.17,-3.1,1.4,0.00,575.71,575.71,HMR2300,-273.3,-13313.3,49020.0,50796.5,,,,,,,,RR1715,,
J2-1011,ASNAP,2017/08/25 23:31:30,44.36826385,-124.95273354,942.097571,950.583121,276.58,-2.3,3.0,0.00,575.79,575.79,HMR2300,753.3,-14160.0,48726.7,50748.0,,,,,,,,RR1715,,
J2-1011,ASNAP,2017/08/25 23:31:35,44.36826231,-124.95273341,942.108391,950.412496,276.08,-0.7,2.3,0.00,575.68,575.68,HMR2300,1860.0,-13840.0,48993.3,50944.6,,,,,,,,RR1715,,
J2-1011,ASNAP,2017/08/25 23:31:40,44.36826084,-124.95273335,942.113241,950.249124,276.31,-0.9,2.5,0.00,575.53,575.53,HMR2300,1906.7,-13533.3,49040.0,50908.8,,,,,,,,RR1715,,
J2-1011,ASNAP,2017/08/25 23:31:45,44.36825944,-124.95273337,942.111495,950.093500,276.31,-1.1,2.5,0.00,575.50,575.5,HMR2300,1666.7,-13766.7,48986.7,50911.6,,,,,,,,RR1715,,
J2-1011,ASNAP,2017/08/25 23:31:50,44.36825814,-124.95273348,942.102728,949.948730,276.54,-1.9,2.8,0.00,575.29,575.29,HMR2300,846.7,-13920.0,48953.3,50901.0,,,,,,,,RR1715,,
J2-1011,ASNAP,2017/08/25 23:31:55,44.36825695,-124.95273368,942.086666,949.817237,276.27,-0.8,2.6,0.00,574.56,574.56,HMR2300,1813.3,-13940.0,49066.7,51040.7,,,,,,,,RR1715,,
J2-1011,ASNAP,2017/08/25 23:32:00,44.36825590,-124.95273398,942.063109,949.699998,276.84,-2.0,2.5,0.00,573.98,573.98,HMR2300,646.7,-13586.7,48960.0,50814.3,,,,,,,,RR1715,,
J2-1011,ASNAP,2017/08/25 23:32:05,44.36825498,-124.95273437,942.032040,949.598373,278.29,-1.6,2.0,0.00,573.31,573.31,HMR2300,893.3,-13020.0,49113.3,50817.7,,,,,,,,RR1715,,
J2-1011,ASNAP,2017/08/25 23:32:10,44.36825422,-124.95273485,941.993663,949.513774,275.75,-1.1,2.6,0.00,572.68,572.68,HMR2300,1633.3,-14006.7,48913.3,50905.5,,,,,,,,RR1715,,
J2-1011,ASNAP,2017/08/25 23:32:15,44.36825362,-124.95273542,941.948152,949.446914,269.89,-0.6,2.2,0.00,572.46,572.46,HMR2300,5166.7,-13066.7,49226.7,51192.7,,,,,,,,RR1715,,
J2-1011,ASNAP,2017/08/25 23:32:20,44.36825318,-124.95273608,941.895508,949.398145,266.65,-1.2,3.9,0.00,572.45,572.45,HMR2300,5406.7,-14473.3,48740.0,51130.2,,,,,,,,RR1715,,
J2-1011,ASNAP,2017/08/25 23:32:25,44.36825291,-124.95273682,941.836477,949.368141,266.41,-1.3,3.5,0.00,572.95,572.95,HMR2300,4906.7,-12993.3,48846.7,50782.9,,,,,,,,RR1715,,
J2-1011,ASNAP,2017/08/25 23:32:30,44.36825281,-124.95273763,941.772172,949.357021,267.10,-1.1,1.9,0.00,573.53,573.53,HMR2300,5200.0,-12353.3,49353.3,51140.9,,,,,,,,RR1715,,
J2-1011,ASNAP,2017/08/25 23:32:35,44.36825288,-124.95273850,941.702384,949.364427,264.44,-1.3,2.0,0.00,573.66,573.66,HMR2300,5880.0,-12060.0,48946.7,50752.3,,,,,,,,RR1715,,
J2-1011,ASNAP,2017/08/25 23:32:40,44.36825311,-124.95273944,941.627213,949.390313,266.25,-1.3,2.2,0.00,573.48,573.48,HMR2300,4840.0,-12626.7,48886.7,50722.4,,,,,,,,RR1715,,
J2-1011,ASNAP,2017/08/25 23:32:45,44.36825352,-124.95274045,941.546924,949.435265,266.53,-1.1,2.3,0.00,573.29,573.29,HMR2300,5326.7,-12806.7,49313.3,51226.8,,,,,,,,RR1715,,
J2-1011,ASNAP,2017/08/25 23:32:50,44.36825405,-124.95274146,941.466450,949.494536,266.63,-1.2,2.2,0.00,573.18,573.18,HMR2300,5180.0,-12840.0,49353.3,51258.7,,,,,,,,RR1715,,
J2-1011,ASNAP,2017/08/25 23:32:55,44.36825450,-124.95274219,941.408051,949.544888,266.52,-1.1,2.4,0.00,573.33,573.33,HMR2300,5186.7,-12546.7,49120.0,50961.7,,,,,,,,RR1715,,
J2-1011,ASNAP,2017/08/25 23:33:00,44.36825495,-124.95274281,941.359135,949.594019,259.87,-1.1,2.6,0.00,573.49,573.49,HMR2300,7926.7,-11446.7,48986.7,50926.9,,,,,,,,RR1715,,
J2-1011,ASNAP,2017/08/25 23:33:05,44.36825562,-124.95274365,941.292042,949.668664,246.57,-0.9,2.4,0.00,573.48,573.48,HMR2300,12693.3,-8806.7,49153.3,51524.1,,,,,,,,RR1715,,
J2-1011,ASNAP,2017/08/25 23:33:10,44.36825657,-124.95274472,941.206375,949.774736,225.18,-1.0,1.9,0.00,573.38,573.38,HMR2300,16926.7,-2553.3,47760.0,50735.1,,,,,,,,RR1715,,
J2-1011,ASNAP,2017/08/25 23:33:15,44.36825764,-124.95274580,941.120764,949.893659,211.73,-0.8,2.0,0.00,573.34,573.34,HMR2300,19020.0,2220.0,46746.7,50516.7,,,,,,,,RR1715,,
J2-1011,ASNAP,2017/08/25 23:33:20,44.36825883,-124.95274686,941.036104,950.025144,195.84,-1.0,1.7,0.00,573.31,573.31,HMR2300,19113.3,8046.7,45240.0,49766.7,,,,,,,,RR1715,,
J2-1011,ASNAP,2017/08/25 23:33:25,44.36826012,-124.95274791,940.952193,950.169159,184.17,-1.2,1.3,0.00,573.32,573.32,HMR2300,18806.7,12140.0,44440.0,49759.3,,,,,,,,RR1715,,
J2-1011,ASNAP,2017/08/25 23:33:30,44.36826151,-124.95274893,940.870820,950.322871,179.37,-1.2,1.7,0.00,573.36,573.36,HMR2300,18186.7,13080.0,43886.7,49273.5,,,,,,,,RR1715,,
J2-1011,ASNAP,2017/08/25 23:33:35,44.36826296,-124.95274991,940.792536,950.484917,181.24,-0.9,1.8,0.00,573.28,573.28,HMR2300,18920.0,12513.3,44326.7,49793.6,,,,,,,,RR1715,,
J2-1011,ASNAP,2017/08/25 23:33:40,44.36826447,-124.95275084,940.718375,950.652292,180.47,-1.3,1.4,0.00,573.28,573.28,HMR2300,18446.7,13140.0,43826.7,49332.7,,,,,,,,RR1715,,
J2-1011,ASNAP,2017/08/25 23:33:45,44.36826600,-124.95275171,940.648980,950.822251,180.64,-1.2,1.3,0.00,573.31,573.31,HMR2300,18500.0,13120.0,43853.3,49371.0,,,,,,,,RR1715,,
J2-1011,ASNAP,2017/08/25 23:33:50,44.36826758,-124.95275254,940.582736,950.997415,180.72,-1.3,1.5,0.00,573.40,573.4,HMR2300,18500.0,12886.7,44100.0,49529.0,,,,,,,,RR1715,,
J2-1011,ASNAP,2017/08/25 23:33:55,44.36826919,-124.95275334,940.519463,951.176907,180.65,-1.2,1.4,0.00,573.44,573.44,HMR2300,18460.0,13033.3,43953.3,49422.0,,,,,,,,RR1715,,
J2-1011,ASNAP,2017/08/25 23:34:00,44.36827082,-124.95275409,940.459651,951.357750,180.62,-1.3,1.5,0.00,573.44,573.44,HMR2300,18533.3,13053.3,44146.7,49626.6,,,,,,,,RR1715,,
J2-1011,ASNAP,2017/08/25 23:34:05,44.36827244,-124.95275480,940.403229,951.538032,180.14,-1.4,1.5,0.00,573.40,573.4,HMR2300,18566.7,13166.7,44306.7,49811.3,,,,,,,,RR1715,,
J2-1011,ASNAP,2017/08/25 23:34:10,44.36827405,-124.95275547,940.349687,951.717042,180.01,-1.3,1.4,0.00,573.33,573.33,HMR2300,18606.7,13266.7,44306.7,49852.7,,,,,,,,RR1715,,
J2-1011,ASNAP,2017/08/25 23:34:15,44.36827564,-124.95275611,940.298694,951.893458,180.29,-1.3,1.5,0.00,573.38,573.38,HMR2300,18546.7,13046.7,44300.0,49766.3,,,,,,,,RR1715,,
J2-1011,ASNAP,2017/08/25 23:34:20,44.36827719,-124.95275672,940.249973,952.065813,180.31,-1.3,1.4,0.00,573.44,573.44,HMR2300,18546.7,13100.0,44193.3,49685.4,,,,,,,,RR1715,,
J2-1011,ASNAP,2017/08/25 23:34:25,44.36827870,-124.95275731,940.202949,952.233734,180.22,-1.3,1.5,0.00,573.46,573.46,HMR2300,18373.3,13133.3,43993.3,49451.8,,,,,,,,RR1715,,
J2-1011,ASNAP,2017/08/25 23:34:30,44.36828016,-124.95275788,940.157300,952.396058,180.10,-1.2,1.5,0.00,573.42,573.42,HMR2300,18593.3,13140.0,44146.7,49671.9,,,,,,,,RR1715,,
J2-1011,ASNAP,2017/08/25 23:34:35,44.36828156,-124.95275844,940.112764,952.551569,180.26,-1.2,1.5,0.00,573.37,573.37,HMR2300,18453.3,13146.7,43913.3,49414.0,,,,,,,,RR1715,,
J2-1011,ASNAP,2017/08/25 23:34:40,44.36828289,-124.95275899,940.069274,952.698636,180.30,-1.2,1.5,0.00,573.38,573.38,HMR2300,18660.0,13140.0,44213.3,49756.1,,,,,,,,RR1715,,
J2-1011,ASNAP,2017/08/25 23:34:45,44.36828414,-124.95275953,940.026193,952.837725,180.21,-1.3,1.5,0.00,573.42,573.42,HMR2300,18453.3,13020.0,44093.3,49540.6,,,,,,,,RR1715,,
J2-1011,ASNAP,2017/08/25 23:34:50,44.36828532,-124.95276007,939.982931,952.969338,180.21,-1.2,1.5,0.00,573.43,573.43,HMR2300,18500.0,13080.0,44033.3,49520.4,,,,,,,,RR1715,,
J2-1011,ASNAP,2017/08/25 23:34:55,44.36828643,-124.95276061,939.939486,953.092206,180.29,-1.2,1.6,0.00,573.40,573.4,HMR2300,18646.7,13046.7,44206.7,49720.7,,,,,,,,RR1715,,
J2-1011,ASNAP,2017/08/25 23:35:00,44.36828745,-124.95276116,939.895783,953.205656,180.32,-1.2,1.5,0.00,573.37,573.37,HMR2300,18533.3,12980.0,44213.3,49666.7,,,,,,,,RR1715,,
J2-1011,ASNAP,2017/08/25 23:35:05,44.36828838,-124.95276171,939.851729,953.309358,180.19,-1.3,1.5,0.00,573.39,573.39,HMR2300,18580.0,13100.0,44186.7,49691.9,,,,,,,,RR1715,,
J2-1011,ASNAP,2017/08/25 23:35:10,44.36828923,-124.95276228,939.807027,953.403621,180.09,-1.2,1.5,0.00,573.43,573.43,HMR2300,18486.7,13146.7,44013.3,49515.3,,,,,,,,RR1715,,
J2-1011,ASNAP,2017/08/25 23:35:15,44.36828999,-124.95276284,939.762061,953.487607,180.09,-1.2,1.6,0.00,573.42,573.42,HMR2300,18713.3,13173.3,44060.0,49648.9,,,,,,,,RR1715,,
J2-1011,ASNAP,2017/08/25 23:35:20,44.36829066,-124.95276341,939.716447,953.561965,180.56,-1.4,1.7,0.00,573.23,573.23,HMR2300,18220.0,12806.7,44173.3,49469.8,,,,,,,,RR1715,,
J2-1011,ASNAP,2017/08/25 23:35:25,44.36829125,-124.95276400,939.669804,953.627557,180.37,-1.5,1.5,0.00,572.89,572.89,HMR2300,18146.7,12880.0,44180.0,49467.9,,,,,,,,RR1715,,
J2-1011,ASNAP,2017/08/25 23:35:30,44.36829174,-124.95276458,939.623382,953.682896,180.30,-1.4,1.5,0.00,572.30,572.3,HMR2300,18620.0,12886.7,44460.0,49894.5,,,,,,,,RR1715,,
J2-1011,ASNAP,2017/08/25 23:35:35,44.36829217,-124.95276518,939.575186,953.730567,180.41,-1.2,1.6,0.00,571.77,571.77,HMR2300,18546.7,12793.3,44140.0,49557.9,,,,,,,,RR1715,,
J2-1011,ASNAP,2017/08/25 23:35:40,44.36829253,-124.95276580,939.526225,953.769888,180.34,-1.2,1.5,0.00,571.33,571.33,HMR2300,18426.7,12873.3,44033.3,49438.8,,,,,,,,RR1715,,
J2-1011,ASNAP,2017/08/25 23:35:45,44.36829281,-124.95276643,939.476136,953.801131,180.33,-1.1,1.5,0.00,571.13,571.13,HMR2300,18766.7,13120.0,44213.3,49791.0,,,,,,,,RR1715,,
J2-1011,ASNAP,2017/08/25 23:35:50,44.36829302,-124.95276707,939.425156,953.824716,180.02,-1.1,1.4,0.00,571.23,571.23,HMR2300,18740.0,13520.0,44073.3,49763.8,,,,,,,,RR1715,,
J2-1011,ASNAP,2017/08/25 23:35:55,44.36829316,-124.95276771,939.374003,953.840501,180.06,-1.3,1.6,0.00,571.55,571.55,HMR2300,18280.0,13326.7,43846.7,49338.5,,,,,,,,RR1715,,
J2-1011,ASNAP,2017/08/25 23:36:00,44.36829324,-124.95276837,939.321439,953.849370,180.17,-1.5,1.2,0.00,571.60,571.6,HMR2300,18180.0,13340.0,43866.7,49322.9,,,,,,,,RR1715,,
J2-1011,ASNAP,2017/08/25 23:36:05,44.36829326,-124.95276901,939.270042,953.851278,180.30,-1.3,1.4,0.00,571.47,571.47,HMR2300,18446.7,13106.7,44073.3,49543.1,,,,,,,,RR1715,,
J2-1011,ASNAP,2017/08/25 23:36:10,44.36829322,-124.95276967,939.217312,953.846518,180.05,-2.7,2.1,0.00,571.34,571.34,HMR2300,17366.7,12286.7,44853.3,49642.6,,,,,,,,RR1715,,
J2-1011,ASNAP,2017/08/25 23:36:15,44.36829312,-124.95277033,939.165002,953.835573,180.33,-2.2,3.3,0.00,571.31,571.31,HMR2300,17880.0,11466.7,45060.0,49815.5,,,,,,,,RR1715,,
J2-1011,ASNAP,2017/08/25 23:36:20,44.36829296,-124.95277097,939.113601,953.818535,180.18,-1.8,3.7,0.00,571.47,571.47,HMR2300,17906.7,11526.7,44653.3,49471.5,,,,,,,,RR1715,,
J2-1011,ASNAP,2017/08/25 23:36:25,44.36829276,-124.95277161,939.062725,953.795600,180.38,-1.7,3.7,0.00,571.53,571.53,HMR2300,18013.3,11293.3,44733.3,49528.7,,,,,,,,RR1715,,
J2-1011,ASNAP,2017/08/25 23:36:30,44.36829251,-124.95277222,939.014564,953.767844,180.40,-1.7,3.7,0.00,571.45,571.45,HMR2300,18060.0,11380.0,44813.3,49637.7,,,,,,,,RR1715,,
J2-1011,ASNAP,2017/08/25 23:36:35,44.36829221,-124.95277280,938.967587,953.734434,180.36,-1.5,3.5,0.00,571.36,571.36,HMR2300,17993.3,11313.3,44466.7,49285.3,,,,,,,,RR1715,,
J2-1011,ASNAP,2017/08/25 23:36:40,44.36829187,-124.95277336,938.923514,953.696647,180.42,-1.5,3.6,0.00,571.35,571.35,HMR2300,18080.0,11206.7,44560.0,49376.8,,,,,,,,RR1715,,
J2-1011,ASNAP,2017/08/25 23:36:45,44.36829149,-124.95277387,938.882536,953.654409,180.41,-1.5,3.7,0.00,571.43,571.43,HMR2300,18086.7,11473.3,44513.3,49398.4,,,,,,,,RR1715,,
J2-1011,ASNAP,2017/08/25 23:36:50,44.36829107,-124.95277434,938.845314,953.608585,180.19,-1.5,3.5,0.00,571.49,571.49,HMR2300,17933.3,11300.0,44473.3,49266.3,,,,,,,,RR1715,,
J2-1011,ASNAP,2017/08/25 23:36:55,44.36829064,-124.95277475,938.812721,953.560024,180.35,-1.5,3.5,0.00,571.43,571.43,HMR2300,18286.7,11440.0,44573.3,49518.3,,,,,,,,RR1715,,
J2-1011,ASNAP,2017/08/25 23:37:00,44.36829017,-124.95277510,938.784322,953.508238,180.44,-1.3,3.6,0.00,571.35,571.35,HMR2300,18400.0,11540.0,44380.0,49409.7,,,,,,,,RR1715,,
J2-1011,EVT,2017/08/25 23:37:04,44.36828980,-124.95277534,938.765769,953.466622,180.49,-1.5,3.4,0.00,571.35,571.35,HMR2300,18286.7,11413.3,44760.0,49680.2,,,,,,,,RR1715,DLG,TXT: Tripping two Niskins on porch at 2 meters above dock USR:eventlogger
J2-1011,ASNAP,2017/08/25 23:37:05,44.36828970,-124.95277539,938.761668,953.456082,180.67,-1.7,2.8,0.00,571.35,571.35,HMR2300,17893.3,12306.7,44446.7,49468.5,,,,,,,,RR1715,,
J2-1011,ASNAP,2017/08/25 23:37:10,44.36828921,-124.95277561,938.743941,953.401595,180.14,-1.0,1.6,0.00,571.47,571.47,HMR2300,18180.0,13380.0,43933.3,49393.1,,,,,,,,RR1715,,
J2-1011,ASNAP,2017/08/25 23:37:15,44.36828872,-124.95277576,938.731783,953.347011,180.28,-1.2,2.4,0.00,571.38,571.38,HMR2300,18060.0,12326.7,44500.0,49581.9,,,,,,,,RR1715,,
J2-1011,ASNAP,2017/08/25 23:37:20,44.36828824,-124.95277584,938.725422,953.293089,180.61,-1.7,2.1,0.00,570.42,570.42,HMR2300,18086.7,12593.3,44486.7,49646.6,,,,,,,,RR1715,,
J2-1011,ASNAP,2017/08/25 23:37:25,44.36828776,-124.95277585,938.724651,953.240233,180.53,-1.7,2.1,0.00,569.34,569.34,HMR2300,17993.3,12840.0,44053.3,49288.2,,,,,,,,RR1715,,
J2-1011,ASNAP,2017/08/25 23:37:30,44.36828730,-124.95277579,938.729472,953.189583,180.64,-0.8,1.2,0.00,568.17,568.17,HMR2300,19000.0,13173.3,43960.0,49669.1,,,,,,,,RR1715,,
J2-1011,ASNAP,2017/08/25 23:37:35,44.36828687,-124.95277566,938.739837,953.141167,180.77,-0.2,1.0,0.00,567.95,567.95,HMR2300,19540.0,13206.7,43666.7,49628.7,,,,,,,,RR1715,,
J2-1011,ASNAP,2017/08/25 23:37:40,44.36828647,-124.95277547,938.755163,953.097035,180.30,-0.9,1.2,0.00,568.64,568.64,HMR2300,18853.3,13493.3,44060.0,49787.6,,,,,,,,RR1715,,
J2-1011,ASNAP,2017/08/25 23:37:45,44.36828611,-124.95277521,938.775491,953.057278,180.10,-1.5,1.1,0.00,569.13,569.13,HMR2300,18266.7,13320.0,44260.0,49699.5,,,,,,,,RR1715,,
J2-1011,ASNAP,2017/08/25 23:37:50,44.36828580,-124.95277491,938.800092,953.022921,179.77,-2.3,1.1,0.00,569.26,569.26,HMR2300,17000.0,13493.3,44333.3,49361.1,,,,,,,,RR1715,,
J2-1011,EVT,2017/08/25 23:37:53,44.36828565,-124.95277470,938.816575,953.005496,179.42,-2.8,3.0,0.00,569.15,569.15,HMR2300,16746.7,12040.0,44693.3,49223.0,,,,,,,,RR1715,DLG,TXT: 568 meters depth tripping other two niskins USR:eventlogger
J2-1011,ASNAP,2017/08/25 23:37:55,44.36828555,-124.95277455,938.828467,952.995026,180.08,-2.0,3.8,0.00,568.92,568.92,HMR2300,18000.0,11440.0,44720.0,49545.5,,,,,,,,RR1715,,
J2-1011,ASNAP,2017/08/25 23:38:00,44.36828536,-124.95277415,938.860599,952.973536,180.30,-1.7,3.5,0.00,568.67,568.67,HMR2300,17973.3,11253.3,44513.3,49306.3,,,,,,,,RR1715,,
J2-1011,ASNAP,2017/08/25 23:38:05,44.36828524,-124.95277372,938.894631,952.959884,180.48,-1.0,4.0,0.00,568.59,568.59,HMR2300,18706.7,11100.0,44413.3,49454.0,,,,,,,,RR1715,,
J2-1011,ASNAP,2017/08/25 23:38:10,44.36828518,-124.95277325,938.931699,952.953905,180.22,-0.8,4.1,0.00,568.71,568.71,HMR2300,18680.0,10980.0,44466.7,49465.0,,,,,,,,RR1715,,
J2-1011,ASNAP,2017/08/25 23:38:15,44.36828520,-124.95277277,938.970015,952.956091,180.15,-0.8,4.0,0.00,568.86,568.86,HMR2300,18633.3,10973.3,44473.3,49451.9,,,,,,,,RR1715,,
J2-1011,ASNAP,2017/08/25 23:38:20,44.36828530,-124.95277228,939.009303,952.966985,180.28,-0.9,4.1,0.00,568.83,568.83,HMR2300,19226.7,10813.3,45326.7,50409.3,,,,,,,,RR1715,,
J2-1011,ASNAP,2017/08/25 23:38:25,44.36828548,-124.95277178,939.049105,952.986541,180.33,-0.9,3.9,0.00,568.74,568.74,HMR2300,18666.7,10960.0,44466.7,49455.5,,,,,,,,RR1715,,
J2-1011,ASNAP,2017/08/25 23:38:30,44.36828573,-124.95277130,939.087668,953.014293,180.41,-0.8,4.2,0.00,568.68,568.68,HMR2300,18893.3,10786.7,44853.3,49851.1,,,,,,,,RR1715,,
J2-1011,ASNAP,2017/08/25 23:38:35,44.36828606,-124.95277082,939.125912,953.051184,180.40,-1.2,3.9,0.00,568.72,568.72,HMR2300,18400.0,11313.3,44560.0,49519.1,,,,,,,,RR1715,,
J2-1011,ASNAP,2017/08/25 23:38:40,44.36828646,-124.95277037,939.161966,953.095698,180.32,-1.3,3.6,0.00,568.79,568.79,HMR2300,18266.7,11200.0,44366.7,49269.8,,,,,,,,RR1715,,
J2-1011,ASNAP,2017/08/25 23:38:45,44.36828693,-124.95276994,939.195902,953.148487,180.38,-1.0,3.9,0.00,568.80,568.8,HMR2300,18453.3,11066.7,44220.0,49177.3,,,,,,,,RR1715,,
J2-1011,ASNAP,2017/08/25 23:38:50,44.36828747,-124.95276955,939.226815,953.208130,180.33,-0.8,4.2,0.00,568.74,568.74,HMR2300,18820.0,10853.3,44600.0,49610.0,,,,,,,,RR1715,,
J2-1011,ASNAP,2017/08/25 23:38:55,44.36828806,-124.95276921,939.254142,953.274126,180.39,-0.6,4.2,0.00,568.70,568.7,HMR2300,18866.7,10786.7,44580.0,49595.2,,,,,,,,RR1715,,
J2-1011,ASNAP,2017/08/25 23:39:00,44.36828872,-124.95276891,939.278012,953.346653,180.52,-0.8,4.1,0.00,568.74,568.74,HMR2300,18680.0,10846.7,44546.7,49507.6,,,,,,,,RR1715,,
J2-1011,ASNAP,2017/08/25 23:39:05,44.36828940,-124.95276867,939.297217,953.422271,180.29,-1.0,3.9,0.00,568.81,568.81,HMR2300,18506.7,11306.7,44253.3,49281.8,,,,,,,,RR1715,,
J2-1011,ASNAP,2017/08/25 23:39:10,44.36829013,-124.95276848,939.312465,953.503848,180.24,-1.0,3.8,0.00,568.77,568.77,HMR2300,18893.3,11426.7,44553.3,49724.5,,,,,,,,RR1715,,
J2-1011,ASNAP,2017/08/25 23:39:15,44.36829089,-124.95276835,939.323112,953.587660,180.52,-1.4,3.3,0.00,568.72,568.72,HMR2300,18326.7,11713.3,44553.3,49578.9,,,,,,,,RR1715,,
J2-1011,ASNAP,2017/08/25 23:39:20,44.36829166,-124.95276827,939.329126,953.674046,181.03,-1.7,0.8,0.00,568.75,568.75,HMR2300,18300.0,13480.0,44033.3,49553.4,,,,,,,,RR1715,,
J2-1011,ASNAP,2017/08/25 23:39:25,44.36829246,-124.95276825,939.330673,953.762187,180.37,-1.4,1.1,0.00,568.74,568.74,HMR2300,18540.0,13266.7,44106.7,49650.1,,,,,,,,RR1715,,
J2-1011,ASNAP,2017/08/25 23:39:30,44.36829324,-124.95276829,939.327774,953.849152,180.13,-1.2,1.3,0.00,568.74,568.74,HMR2300,18620.0,13386.7,43993.3,49611.7,,,,,,,,RR1715,,
J2-1011,ASNAP,2017/08/25 23:39:35,44.36829403,-124.95276838,939.320515,953.937519,180.42,-1.1,1.1,0.00,568.74,568.74,HMR2300,18780.0,13426.7,44013.3,49700.5,,,,,,,,RR1715,,
J2-1011,ASNAP,2017/08/25 23:39:40,44.36829481,-124.95276852,939.309395,954.023422,180.49,-1.0,1.0,0.00,568.76,568.76,HMR2300,18753.3,13306.7,44100.0,49734.9,,,,,,,,RR1715,,
J2-1011,ASNAP,2017/08/25 23:39:45,44.36829557,-124.95276871,939.294388,954.107982,180.25,-1.0,1.2,0.00,568.76,568.76,HMR2300,18673.3,13326.7,43993.3,49615.6,,,,,,,,RR1715,,
J2-1011,ASNAP,2017/08/25 23:39:50,44.36829630,-124.95276893,939.276174,954.189282,180.17,-1.0,1.2,0.00,568.74,568.74,HMR2300,18780.0,13340.0,44026.7,49688.9,,,,,,,,RR1715,,
J2-1011,ASNAP,2017/08/25 23:39:55,44.36829700,-124.95276920,939.255001,954.266951,180.45,-1.0,1.1,0.00,568.74,568.74,HMR2300,18733.3,13300.0,43993.3,49631.1,,,,,,,,RR1715,,
J2-1011,ASNAP,2017/08/25 23:40:00,44.36829767,-124.95276950,939.231149,954.341393,180.41,-1.0,1.1,0.00,568.75,568.75,HMR2300,18733.3,13300.0,44026.7,49660.6,,,,,,,,RR1715,,
J2-1011,ASNAP,2017/08/25 23:40:05,44.36829828,-124.95276982,939.205866,954.409576,180.34,-1.0,1.1,0.00,568.77,568.77,HMR2300,18706.7,13306.7,43986.7,49616.9,,,,,,,,RR1715,,
J2-1011,ASNAP,2017/08/25 23:40:10,44.36829887,-124.95277016,939.178347,954.474553,180.25,-0.9,1.1,0.00,568.74,568.74,HMR2300,18826.7,13353.3,43953.3,49645.2,,,,,,,,RR1715,,
J2-1011,ASNAP,2017/08/25 23:40:15,44.36829940,-124.95277052,939.150114,954.533481,180.44,-0.8,1.2,0.00,568.74,568.74,HMR2300,18886.7,13280.0,44013.3,49701.5,,,,,,,,RR1715,,
J2-1011,ASNAP,2017/08/25 23:40:20,44.36829988,-124.95277088,939.121102,954.586956,180.37,-0.8,1.2,0.00,568.74,568.74,HMR2300,18873.3,13273.3,44080.0,49753.7,,,,,,,,RR1715,,
J2-1011,ASNAP,2017/08/25 23:40:25,44.36830031,-124.95277125,939.091844,954.634727,180.32,-0.9,1.1,0.00,568.75,568.75,HMR2300,18800.0,13286.7,43966.7,49629.1,,,,,,,,RR1715,,
J2-1011,ASNAP,2017/08/25 23:40:30,44.36830068,-124.95277160,939.063312,954.675569,180.30,-0.8,1.2,0.00,568.77,568.77,HMR2300,18900.0,13273.3,44060.0,49746.1,,,,,,,,RR1715,,
J2-1011,ASNAP,2017/08/25 23:40:35,44.36830099,-124.95277196,939.034803,954.710889,180.55,-0.9,1.2,0.00,568.76,568.76,HMR2300,18833.3,13186.7,44093.3,49727.3,,,,,,,,RR1715,,
J2-1011,ASNAP,2017/08/25 23:40:40,44.36830125,-124.95277230,939.007685,954.739251,180.30,-0.9,1.1,0.00,568.73,568.73,HMR2300,18753.3,13400.0,43946.7,49624.2,,,,,,,,RR1715,,
J2-1011,ASNAP,2017/08/25 23:40:45,44.36830145,-124.95277263,938.981577,954.761159,180.22,-0.9,1.1,0.00,568.72,568.72,HMR2300,18886.7,13473.3,44053.3,49788.9,,,,,,,,RR1715,,
J2-1011,ASNAP,2017/08/25 23:40:50,44.36830158,-124.95277293,938.957250,954.776234,180.36,-0.9,1.1,0.00,568.74,568.74,HMR2300,18793.3,13280.0,44033.3,49683.8,,,,,,,,RR1715,,
J2-1011,ASNAP,2017/08/25 23:40:55,44.36830166,-124.95277322,938.934794,954.784362,180.37,-0.9,1.1,0.00,568.76,568.76,HMR2300,18786.7,13320.0,44026.7,49686.1,,,,,,,,RR1715,,
J2-1011,ASNAP,2017/08/25 23:41:00,44.36830167,-124.95277347,938.914238,954.785746,180.32,-0.9,1.1,0.00,568.74,568.74,HMR2300,18793.3,13346.7,44000.0,49672.2,,,,,,,,RR1715,,
J2-1011,ASNAP,2017/08/25 23:41:05,44.36830162,-124.95277370,938.896511,954.780238,180.24,-0.9,1.2,0.00,568.73,568.73,HMR2300,18706.7,13366.7,43913.3,49568.0,,,,,,,,RR1715,,
J2-1011,ASNAP,2017/08/25 23:41:10,44.36830150,-124.95277389,938.880918,954.767526,180.33,-0.9,1.1,0.00,568.72,568.72,HMR2300,18746.7,13266.7,43920.0,49562.2,,,,,,,,RR1715,,
J2-1011,ASNAP,2017/08/25 23:41:15,44.36830133,-124.95277405,938.868393,954.748020,180.35,-0.9,1.1,0.00,568.74,568.74,HMR2300,18780.0,13346.7,44033.3,49696.6,,,,,,,,RR1715,,
J2-1011,ASNAP,2017/08/25 23:41:20,44.36830109,-124.95277417,938.859100,954.721017,180.17,-0.9,1.1,0.00,568.77,568.77,HMR2300,18780.0,13493.3,43860.0,49582.8,,,,,,,,RR1715,,
J2-1011,ASNAP,2017/08/25 23:41:25,44.36830078,-124.95277424,938.853403,954.686825,180.14,-0.9,1.1,0.00,568.76,568.76,HMR2300,18840.0,13333.3,44080.0,49757.1,,,,,,,,RR1715,,
J2-1011,ASNAP,2017/08/25 23:41:30,44.36830041,-124.95277426,938.851854,954.645762,180.37,-0.9,1.2,0.00,568.73,568.73,HMR2300,18806.7,13246.7,44080.0,49721.3,,,,,,,,RR1715,,
J2-1011,ASNAP,2017/08/25 23:41:35,44.36829996,-124.95277422,938.854784,954.596171,180.37,-0.9,1.1,0.00,568.72,568.72,HMR2300,18653.3,13346.7,43853.3,49489.3,,,,,,,,RR1715,,
J2-1011,ASNAP,2017/08/25 23:41:40,44.36829945,-124.95277412,938.862529,954.539638,180.29,-0.9,1.1,0.00,568.74,568.74,HMR2300,18800.0,13393.3,43986.7,49675.4,,,,,,,,RR1715,,
J2-1011,ASNAP,2017/08/25 23:41:45,44.36829887,-124.95277396,938.875760,954.474333,180.26,-0.9,1.1,0.00,568.76,568.76,HMR2300,18786.7,13366.7,43953.3,49633.7,,,,,,,,RR1715,,
J2-1011,ASNAP,2017/08/25 23:41:50,44.36829821,-124.95277372,938.894412,954.401696,180.37,-0.9,1.1,0.00,568.75,568.75,HMR2300,18866.7,13300.0,44053.3,49734.7,,,,,,,,RR1715,,
J2-1011,ASNAP,2017/08/25 23:41:55,44.36829748,-124.95277341,938.919204,954.320234,180.31,-0.8,1.1,0.00,568.72,568.72,HMR2300,18846.7,13373.3,43913.3,49622.8,,,,,,,,RR1715,,
J2-1011,ASNAP,2017/08/25 23:42:00,44.36829667,-124.95277302,938.950198,954.229950,180.32,-0.9,1.1,0.00,568.72,568.72,HMR2300,18920.0,13340.0,44140.0,49842.4,,,,,,,,RR1715,,
J2-1011,ASNAP,2017/08/25 23:42:05,44.36829580,-124.95277256,938.986728,954.133136,180.43,-0.8,1.2,0.00,568.74,568.74,HMR2300,18840.0,13180.0,44000.0,49645.3,,,,,,,,RR1715,,
J2-1011,ASNAP,2017/08/25 23:42:10,44.36829482,-124.95277201,939.030658,954.024802,180.33,-0.9,1.1,0.00,568.75,568.75,HMR2300,18786.7,13393.3,43940.0,49629.1,,,,,,,,RR1715,,
J2-1011,ASNAP,2017/08/25 23:42:15,44.36829378,-124.95277139,939.080138,953.909405,180.06,-0.8,1.1,0.00,568.74,568.74,HMR2300,18793.3,13433.3,43933.3,49636.5,,,,,,,,RR1715,,
J2-1011,ASNAP,2017/08/25 23:42:20,44.36829265,-124.95277069,939.136426,953.783863,180.06,-0.8,1.1,0.00,568.73,568.73,HMR2300,18873.3,13393.3,44026.7,49738.6,,,,,,,,RR1715,,
J2-1011,ASNAP,2017/08/25 23:42:25,44.36829145,-124.95276991,939.198322,953.650331,180.39,-0.8,1.1,0.00,568.72,568.72,HMR2300,18866.7,13240.0,44060.0,49724.6,,,,,,,,RR1715,,
J2-1011,ASNAP,2017/08/25 23:42:30,44.36829019,-124.95276908,939.264746,953.510733,180.41,-0.9,1.1,0.00,568.74,568.74,HMR2300,18793.3,13306.7,44040.0,49696.9,,,,,,,,RR1715,,
J2-1011,ASNAP,2017/08/25 23:42:35,44.36828884,-124.95276816,939.337719,953.360300,180.22,-0.9,1.1,0.00,568.75,568.75,HMR2300,18753.3,13326.7,44000.0,49651.7,,,,,,,,RR1715,,
J2-1011,ASNAP,2017/08/25 23:42:40,44.36828744,-124.95276720,939.414100,953.205034,180.14,-0.8,1.1,0.00,568.75,568.75,HMR2300,18893.3,13400.0,44040.0,49759.8,,,,,,,,RR1715,,
J2-1011,ASNAP,2017/08/25 23:42:45,44.36828597,-124.95276618,939.495512,953.041161,180.40,-0.8,1.1,0.00,568.74,568.74,HMR2300,18880.0,13320.0,43980.0,49680.1,,,,,,,,RR1715,,
J2-1011,ASNAP,2017/08/25 23:42:50,44.36828446,-124.95276513,939.579113,952.873871,180.41,-0.9,1.1,0.00,568.74,568.74,HMR2300,18846.7,13346.7,43966.7,49662.8,,,,,,,,RR1715,,
J2-1011,ASNAP,2017/08/25 23:42:55,44.36828291,-124.95276405,939.665416,952.701652,180.24,-0.9,1.1,0.00,568.74,568.74,HMR2300,18840.0,13420.0,44013.3,49721.4,,,,,,,,RR1715,,
J2-1011,ASNAP,2017/08/25 23:43:00,44.36828133,-124.95276295,939.753572,952.525705,180.24,-0.8,1.1,0.00,568.75,568.75,HMR2300,18820.0,13333.3,43980.0,49661.0,,,,,,,,RR1715,,
J2-1011,ASNAP,2017/08/25 23:43:05,44.36827976,-124.95276185,939.840734,952.351235,180.38,-0.8,1.1,0.00,568.74,568.74,HMR2300,18806.7,13300.0,43946.7,49617.4,,,,,,,,RR1715,,
J2-1011,ASNAP,2017/08/25 23:43:10,44.36827814,-124.95276073,939.930037,952.171510,180.35,-0.9,1.1,0.00,568.74,568.74,HMR2300,18853.3,13400.0,43953.3,49667.9,,,,,,,,RR1715,,
J2-1011,ASNAP,2017/08/25 23:43:15,44.36827656,-124.95275964,940.016854,951.995392,180.29,-0.9,1.1,0.00,568.74,568.74,HMR2300,18793.3,13340.0,43986.7,49658.6,,,,,,,,RR1715,,
J2-1011,ASNAP,2017/08/25 23:43:20,44.36827497,-124.95275857,940.102711,951.819308,180.28,-0.9,1.1,0.00,568.74,568.74,HMR2300,18840.0,13333.3,43980.0,49668.5,,,,,,,,RR1715,,
J2-1011,ASNAP,2017/08/25 23:43:25,44.36827342,-124.95275753,940.185525,951.647160,180.32,-0.8,1.2,0.00,568.76,568.76,HMR2300,18933.3,13346.7,44040.0,49760.7,,,,,,,,RR1715,,
J2-1011,ASNAP,2017/08/25 23:43:30,44.36827193,-124.95275655,940.263834,951.481540,180.34,-0.8,1.1,0.00,568.74,568.74,HMR2300,18840.0,13346.7,43940.0,49636.7,,,,,,,,RR1715,,
J2-1011,ASNAP,2017/08/25 23:43:35,44.36827047,-124.95275560,940.339257,951.318679,180.32,-0.9,1.1,0.00,568.74,568.74,HMR2300,18913.3,13373.3,44006.7,49730.7,,,,,,,,RR1715,,
J2-1011,ASNAP,2017/08/25 23:43:40,44.36826909,-124.95275473,940.408350,951.165643,180.32,-0.9,1.1,0.00,568.74,568.74,HMR2300,18826.7,13326.7,43946.7,49632.2,,,,,,,,RR1715,,
J2-1011,ASNAP,2017/08/25 23:43:45,44.36826777,-124.95275393,940.472714,951.018568,180.29,-0.8,1.1,0.00,568.75,568.75,HMR2300,18840.0,13320.0,43986.7,49670.9,,,,,,,,RR1715,,
J2-1011,ASNAP,2017/08/25 23:43:50,44.36826654,-124.95275321,940.530093,950.882475,180.27,-0.9,1.2,0.00,568.75,568.75,HMR2300,18826.7,13353.3,43920.0,49615.7,,,,,,,,RR1715,,
J2-1011,ASNAP,2017/08/25 23:43:55,44.36826540,-124.95275257,940.581109,950.755650,180.41,-0.9,1.1,0.00,568.75,568.75,HMR2300,18920.0,13306.7,44046.7,49750.8,,,,,,,,RR1715,,
J2-1011,ASNAP,2017/08/25 23:44:00,44.36826435,-124.95275201,940.625548,950.638844,180.29,-0.9,1.1,0.00,568.74,568.74,HMR2300,18780.0,13306.7,44013.3,49668.2,,,,,,,,RR1715,,
J2-1011,ASNAP,2017/08/25 23:44:05,44.36826341,-124.95275155,940.662368,950.534864,180.24,-0.8,1.1,0.00,568.75,568.75,HMR2300,18886.7,13393.3,43900.0,49631.6,,,,,,,,RR1715,,
J2-1011,ASNAP,2017/08/25 23:44:10,44.36826255,-124.95275116,940.693446,950.438919,180.46,-0.8,1.1,0.00,568.76,568.76,HMR2300,18953.3,13300.0,44033.3,49749.9,,,,,,,,RR1715,,
J2-1011,ASNAP,2017/08/25 23:44:15,44.36826180,-124.95275085,940.717582,950.355276,180.53,-0.9,1.1,0.00,568.76,568.76,HMR2300,18820.0,13280.0,43993.3,49658.5,,,,,,,,RR1715,,
J2-1011,ASNAP,2017/08/25 23:44:20,44.36826113,-124.95275063,940.735769,950.281352,180.34,-0.9,1.1,0.00,568.74,568.74,HMR2300,18786.7,13373.3,43980.0,49659.1,,,,,,,,RR1715,,
J2-1011,ASNAP,2017/08/25 23:44:25,44.36826056,-124.95275047,940.748292,950.217916,180.16,-0.8,1.1,0.00,568.74,568.74,HMR2300,18913.3,13413.3,44026.7,49759.2,,,,,,,,RR1715,,
J2-1011,ASNAP,2017/08/25 23:44:30,44.36826008,-124.95275038,940.755603,950.164770,180.41,-0.9,1.1,0.00,568.77,568.77,HMR2300,18786.7,13393.3,43940.0,49629.1,,,,,,,,RR1715,,
J2-1011,ASNAP,2017/08/25 23:44:35,44.36825968,-124.95275034,940.758636,950.119548,180.57,-0.9,1.1,0.00,568.77,568.77,HMR2300,18953.3,13226.7,44160.0,49842.5,,,,,,,,RR1715,,
J2-1011,ASNAP,2017/08/25 23:44:40,44.36825935,-124.95275035,940.757901,950.083209,180.53,-0.9,1.1,0.00,568.76,568.76,HMR2300,18786.7,13240.0,44013.3,49652.9,,,,,,,,RR1715,,
J2-1011,ASNAP,2017/08/25 23:44:45,44.36825908,-124.95275040,940.754059,950.053670,180.27,-0.9,1.1,0.00,568.74,568.74,HMR2300,18826.7,13400.0,43980.0,49681.4,,,,,,,,RR1715,,
J2-1011,ASNAP,2017/08/25 23:44:50,44.36825888,-124.95275047,940.747938,950.030806,180.29,-0.9,1.1,0.00,568.74,568.74,HMR2300,18866.7,13340.0,44046.7,49739.5,,,,,,,,RR1715,,
J2-1011,ASNAP,2017/08/25 23:44:55,44.36825872,-124.95275057,940.739989,950.013245,180.43,-0.8,1.1,0.00,568.76,568.76,HMR2300,18846.7,13293.3,44000.0,49678.1,,,,,,,,RR1715,,
J2-1011,ASNAP,2017/08/25 23:45:00,44.36825860,-124.95275069,940.730920,950.000102,180.53,-0.9,1.1,0.00,568.76,568.76,HMR2300,18900.0,13280.0,44100.0,49783.3,,,,,,,,RR1715,,
J2-1011,ASNAP,2017/08/25 23:45:05,44.36825852,-124.95275081,940.721358,949.990778,180.32,-0.9,1.1,0.00,568.75,568.75,HMR2300,18846.7,13366.7,44060.0,49750.9,,,,,,,,RR1715,,
J2-1011,ASNAP,2017/08/25 23:45:10,44.36825846,-124.95275093,940.711403,949.984074,180.33,-0.8,1.1,0.00,568.73,568.73,HMR2300,18926.7,13340.0,44053.3,49768.2,,,,,,,,RR1715,,
J2-1011,ASNAP,2017/08/25 23:45:15,44.36825842,-124.95275105,940.701596,949.979533,180.44,-0.8,1.2,0.00,568.74,568.74,HMR2300,18900.0,13273.3,44040.0,49728.4,,,,,,,,RR1715,,
J2-1011,ASNAP,2017/08/25 23:45:20,44.36825839,-124.95275117,940.692068,949.976538,180.45,-0.9,1.2,0.00,568.75,568.75,HMR2300,18820.0,13273.3,43960.0,49627.2,,,,,,,,RR1715,,
J2-1011,ASNAP,2017/08/25 23:45:25,44.36825837,-124.95275128,940.683294,949.974680,180.36,-0.9,1.1,0.00,568.75,568.75,HMR2300,18806.7,13320.0,44046.7,49711.4,,,,,,,,RR1715,,
J2-1011,ASNAP,2017/08/25 23:45:30,44.36825836,-124.95275138,940.675375,949.973570,180.30,-0.9,1.1,0.00,568.74,568.74,HMR2300,18826.7,13346.7,43986.7,49673.0,,,,,,,,RR1715,,
J2-1011,ASNAP,2017/08/25 23:45:35,44.36825836,-124.95275147,940.668191,949.972881,180.43,-0.9,1.1,0.00,568.72,568.72,HMR2300,18853.3,13340.0,43920.0,49622.3,,,,,,,,RR1715,,
J2-1011,ASNAP,2017/08/25 23:45:40,44.36825835,-124.95275155,940.662064,949.972441,180.40,-0.9,1.2,0.00,568.74,568.74,HMR2300,18800.0,13240.0,44026.7,49669.8,,,,,,,,RR1715,,
J2-1011,ASNAP,2017/08/25 23:45:45,44.36825835,-124.95275162,940.656812,949.972103,180.36,-0.8,1.1,0.00,568.76,568.76,HMR2300,18886.7,13346.7,43986.7,49695.7,,,,,,,,RR1715,,
J2-1011,ASNAP,2017/08/25 23:45:50,44.36825835,-124.95275167,940.652568,949.971802,180.29,-0.9,1.1,0.00,568.75,568.75,HMR2300,18880.0,13393.3,44053.3,49764.8,,,,,,,,RR1715,,
J2-1011,ASNAP,2017/08/25 23:45:55,44.36825834,-124.95275171,940.649193,949.971502,180.34,-0.8,1.1,0.00,568.72,568.72,HMR2300,18920.0,13273.3,44073.3,49765.5,,,,,,,,RR1715,,
J2-1011,ASNAP,2017/08/25 23:46:00,44.3682849,-124.9528051,936.39,952.92,180.36,-0.9,1.1,0.00,568.71,568.71,HMR2300,18886.7,13373.3,43993.3,49708.8,,,,,,,,RR1715,,
J2-1011,ASNAP,2017/08/25 23:46:05,44.3682847,-124.9528045,936.44,952.90,180.25,-0.9,1.1,0.00,568.74,568.74,HMR2300,18880.0,13426.7,43966.7,49697.1,,,,,,,,RR1715,,
J2-1011,EVT,2017/08/25 23:46:08,44.3682849,-124.9528044,936.45,952.92,180.49,-1.4,1.9,0.00,568.70,568.7,HMR2300,18393.3,12860.0,44346.7,49702.3,,,,,,,,RR1715,DLG,TXT: Power from shore enabled USR:eventlogger
J2-1011,ASNAP,2017/08/25 23:46:10,44.3682849,-124.9528043,936.46,952.92,180.45,-1.4,1.6,0.00,568.32,568.32,HMR2300,18373.3,12953.3,44320.0,49695.4,,,,,,,,RR1715,,
J2-1011,ASNAP,2017/08/25 23:46:15,44.3682847,-124.9528060,936.32,952.90,180.39,-1.5,1.9,0.00,567.03,567.03,HMR2300,18240.0,12753.3,44353.3,49624.2,,,,,,,,RR1715,,
J2-1011,EVT,2017/08/25 23:46:16,44.3682848,-124.9528063,936.30,952.91,180.40,-1.5,1.7,0.00,567.03,567.03,HMR2300,18266.7,13000.0,44280.0,49632.5,,,,,,,,RR1715,DLG,TXT: Profiler ascending USR:eventlogger
J2-1011,ASNAP,2017/08/25 23:46:20,44.3682853,-124.9528074,936.21,952.97,180.75,-0.6,1.1,0.00,565.77,565.77,HMR2300,19333.3,13420.0,43906.7,49816.4,,,,,,,,RR1715,,
J2-1011,ASNAP,2017/08/25 23:46:25,44.3682863,-124.9528060,936.32,953.08,180.79,-0.6,0.7,0.00,564.48,564.48,HMR2300,19320.0,13473.3,44180.0,50066.6,,,,,,,,RR1715,,
J2-1011,ASNAP,2017/08/25 23:46:30,44.3682851,-124.9528058,936.34,952.94,180.71,-0.9,1.1,0.00,563.40,563.4,HMR2300,18653.3,13220.0,43780.0,49390.3,,,,,,,,RR1715,,
J2-1011,ASNAP,2017/08/25 23:46:35,44.3682841,-124.9528064,936.29,952.83,180.69,-0.9,1.2,0.00,562.26,562.26,HMR2300,18740.0,13306.7,43773.3,49440.5,,,,,,,,RR1715,,
J2-1011,ASNAP,2017/08/25 23:46:40,44.3682846,-124.9528066,936.27,952.89,180.74,-0.9,1.0,0.00,561.37,561.37,HMR2300,18653.3,13200.0,43966.7,49550.5,,,,,,,,RR1715,,
J2-1011,ASNAP,2017/08/25 23:46:45,44.3682851,-124.9528060,936.32,952.94,180.91,-1.0,1.1,0.00,560.15,560.15,HMR2300,18780.0,13273.3,43900.0,49558.9,,,,,,,,RR1715,,
J2-1011,ASNAP,2017/08/25 23:46:50,44.3682851,-124.9528058,936.34,952.95,180.61,-0.8,1.2,0.00,558.91,558.91,HMR2300,19060.0,13266.7,44126.7,49864.3,,,,,,,,RR1715,,
J2-1011,ASNAP,2017/08/25 23:46:55,44.3682845,-124.9528066,936.27,952.88,180.98,-1.0,1.2,0.00,557.68,557.68,HMR2300,18766.7,12986.7,44326.7,49856.7,,,,,,,,RR1715,,
J2-1011,ASNAP,2017/08/25 23:47:00,44.3682850,-124.9528055,936.36,952.93,180.73,-1.0,1.1,0.00,556.75,556.75,HMR2300,18766.7,13320.0,43893.3,49560.4,,,,,,,,RR1715,,
J2-1011,ASNAP,2017/08/25 23:47:05,44.3682850,-124.9528054,936.37,952.93,180.84,-0.9,1.2,0.00,555.51,555.51,HMR2300,18960.0,13300.0,43946.7,49675.8,,,,,,,,RR1715,,
J2-1011,ASNAP,2017/08/25 23:47:10,44.3682851,-124.9528050,936.40,952.95,180.73,-0.8,1.0,0.00,554.63,554.63,HMR2300,18913.3,13366.7,43906.7,49640.5,,,,,,,,RR1715,,
J2-1011,ASNAP,2017/08/25 23:47:15,44.3682851,-124.9528046,936.43,952.95,180.90,-0.9,1.4,0.00,553.67,553.67,HMR2300,18880.0,12893.3,44213.3,49774.6,,,,,,,,RR1715,,
J2-1011,ASNAP,2017/08/25 23:47:20,44.3682850,-124.9528048,936.42,952.93,180.97,-0.9,1.8,0.00,552.70,552.7,HMR2300,18826.7,12700.0,44226.7,49716.5,,,,,,,,RR1715,,
J2-1011,ASNAP,2017/08/25 23:47:25,44.3682851,-124.9528049,936.41,952.94,180.83,-1.3,1.5,0.00,551.25,551.25,HMR2300,18426.7,13093.3,44100.0,49555.9,,,,,,,,RR1715,,
J2-1011,ASNAP,2017/08/25 23:47:30,44.3682853,-124.9528053,936.38,952.97,180.59,-1.4,0.9,0.00,549.66,549.66,HMR2300,18460.0,13473.3,44160.0,49723.3,,,,,,,,RR1715,,
J2-1011,ASNAP,2017/08/25 23:47:35,44.3682869,-124.9528173,935.42,953.14,180.89,-1.1,1.3,0.00,548.02,548.02,HMR2300,18673.3,13133.3,44140.0,49694.2,,,,,,,,RR1715,,
J2-1011,ASNAP,2017/08/25 23:47:40,44.3682888,-124.9528174,935.41,953.36,180.79,-1.0,1.2,0.00,546.86,546.86,HMR2300,18806.7,13186.7,44133.3,49752.7,,,,,,,,RR1715,,
J2-1011,ASNAP,2017/08/25 23:47:45,44.3682908,-124.9528169,935.45,953.58,180.76,-0.9,1.2,0.00,545.32,545.32,HMR2300,18886.7,13200.0,44106.7,49762.9,,,,,,,,RR1715,,
J2-1011,ASNAP,2017/08/25 23:47:50,44.3682928,-124.9528163,935.50,953.80,180.73,-0.9,1.2,0.00,543.80,543.8,HMR2300,18826.7,13166.7,43966.7,49607.2,,,,,,,,RR1715,,
J2-1011,ASNAP,2017/08/25 23:47:55,44.3682947,-124.9528158,935.54,954.01,180.79,-0.8,1.2,0.00,542.26,542.26,HMR2300,18920.0,13133.3,44106.7,49757.9,,,,,,,,RR1715,,
J2-1011,ASNAP,2017/08/25 23:48:00,44.3682965,-124.9528155,935.56,954.21,180.76,-0.8,1.1,0.00,541.09,541.09,HMR2300,18986.7,13286.7,44026.7,49753.2,,,,,,,,RR1715,,
J2-1011,ASNAP,2017/08/25 23:48:05,44.3682989,-124.9528148,935.62,954.48,180.95,-0.6,1.0,0.00,539.50,539.5,HMR2300,19093.3,13300.0,43980.0,49756.3,,,,,,,,RR1715,,
J2-1011,ASNAP,2017/08/25 23:48:10,44.3683036,-124.9528124,935.81,955.00,183.88,0.3,0.9,0.00,537.85,537.85,HMR2300,20606.7,12286.7,43580.0,49747.5,,,,,,,,RR1715,,
J2-1011,ASNAP,2017/08/25 23:48:15,44.3683108,-124.9527979,936.97,955.80,200.13,0.8,0.4,0.00,536.91,536.91,HMR2300,20520.0,6533.3,45233.3,50098.0,,,,,,,,RR1715,,
J2-1011,ASNAP,2017/08/25 23:48:20,44.3683132,-124.9527753,938.77,956.07,211.77,-0.3,0.5,0.00,536.69,536.69,HMR2300,18820.0,1713.3,46866.7,50533.3,,,,,,,,RR1715,,
J2-1011,ASNAP,2017/08/25 23:48:25,44.3683117,-124.9527523,940.60,955.90,234.94,-1.1,1.7,0.00,536.53,536.53,HMR2300,14473.3,-6073.3,48466.7,50944.9,,,,,,,,RR1715,,
J2-1011,ASNAP,2017/08/25 23:48:30,44.3683062,-124.9527348,942.00,955.29,231.03,-1.2,2.1,0.00,535.94,535.94,HMR2300,15693.3,-4573.3,48173.3,50871.1,,,,,,,,RR1715,,
J2-1011,ASNAP,2017/08/25 23:48:35,44.3683036,-124.9527237,942.88,955.00,233.47,-1.1,2.4,0.00,534.80,534.8,HMR2300,14846.7,-6006.7,48346.7,50930.4,,,,,,,,RR1715,,
J2-1011,ASNAP,2017/08/25 23:48:40,44.3683046,-124.9527205,943.14,955.11,230.64,-1.7,2.7,0.00,533.68,533.68,HMR2300,14853.3,-5266.7,48306.7,50812.3,,,,,,,,RR1715,,
J2-1011,ASNAP,2017/08/25 23:48:45,44.3683073,-124.9527186,943.29,955.41,232.13,-1.1,2.4,0.00,531.90,531.9,HMR2300,15320.0,-5413.3,48206.7,50871.3,,,,,,,,RR1715,,
J2-1011,ASNAP,2017/08/25 23:48:50,44.3683112,-124.9527173,943.39,955.85,231.58,0.2,2.2,0.00,530.02,530.02,HMR2300,16386.7,-5366.7,47993.3,50996.9,,,,,,,,RR1715,,
J2-1011,ASNAP,2017/08/25 23:48:55,44.3683117,-124.9527271,942.61,955.90,234.29,-1.7,1.7,0.00,528.64,528.64,HMR2300,14126.7,-5366.7,48533.3,50831.6,,,,,,,,RR1715,,
J2-1011,ASNAP,2017/08/25 23:49:00,44.3683071,-124.9527377,941.77,955.39,231.52,-0.9,1.2,0.00,527.72,527.72,HMR2300,15546.7,-4333.3,48293.3,50918.8,,,,,,,,RR1715,,
J2-1011,ASNAP,2017/08/25 23:49:05,44.3683052,-124.9527414,941.47,955.18,231.77,-0.9,1.3,0.00,526.42,526.42,HMR2300,15560.0,-4400.0,48220.0,50859.0,,,,,,,,RR1715,,
J2-1011,ASNAP,2017/08/25 23:49:10,44.3683050,-124.9527409,941.51,955.16,231.81,-0.9,1.8,0.00,524.90,524.9,HMR2300,15593.3,-4786.7,48260.0,50942.0,,,,,,,,RR1715,,
J2-1011,ASNAP,2017/08/25 23:49:15,44.3683067,-124.9527382,941.73,955.35,231.90,-0.7,1.9,0.00,523.27,523.27,HMR2300,15680.0,-5026.7,48253.3,50985.4,,,,,,,,RR1715,,
J2-1011,ASNAP,2017/08/25 23:49:20,44.3683095,-124.9527341,942.05,955.66,231.99,-0.5,1.9,0.00,522.01,522.01,HMR2300,15780.0,-5026.7,48080.0,50852.4,,,,,,,,RR1715,,
J2-1011,ASNAP,2017/08/25 23:49:25,44.3683124,-124.9527294,942.43,955.98,231.96,-0.5,2.0,0.00,520.35,520.35,HMR2300,15740.0,-5053.3,47993.3,50760.7,,,,,,,,RR1715,,
J2-1011,ASNAP,2017/08/25 23:49:30,44.3683147,-124.9527245,942.82,956.23,231.82,-0.7,2.0,0.00,518.67,518.67,HMR2300,15613.3,-5053.3,48020.0,50746.8,,,,,,,,RR1715,,
J2-1011,ASNAP,2017/08/25 23:49:35,44.3683162,-124.9527203,943.15,956.40,231.70,-0.7,2.1,0.00,516.93,516.93,HMR2300,15766.7,-5093.3,48160.0,50930.5,,,,,,,,RR1715,,
J2-1011,ASNAP,2017/08/25 23:49:40,44.3683174,-124.9527175,943.38,956.53,231.68,-0.8,2.1,0.00,515.57,515.57,HMR2300,15520.0,-5080.0,48086.7,50783.9,,,,,,,,RR1715,,
J2-1011,ASNAP,2017/08/25 23:49:45,44.3683182,-124.9527152,943.56,956.62,231.76,-1.0,2.0,0.00,513.68,513.68,HMR2300,15500.0,-5086.7,48300.0,50980.5,,,,,,,,RR1715,,
J2-1011,ASNAP,2017/08/25 23:49:50,44.3683191,-124.9527133,943.71,956.72,231.88,-0.8,2.0,0.00,511.75,511.75,HMR2300,15460.0,-5080.0,48240.0,50910.9,,,,,,,,RR1715,,
J2-1011,ASNAP,2017/08/25 23:49:55,44.3683200,-124.9527111,943.89,956.82,231.73,-0.5,1.3,0.00,509.99,509.99,HMR2300,15766.7,-4806.7,48020.0,50770.2,,,,,,,,RR1715,,
J2-1011,ASNAP,2017/08/25 23:50:00,44.3683208,-124.9527082,944.12,956.91,231.78,-0.4,1.7,0.00,509.05,509.05,HMR2300,15800.0,-4780.0,47846.7,50614.1,,,,,,,,RR1715,,
J2-1011,ASNAP,2017/08/25 23:50:05,44.3683218,-124.9527058,944.31,957.02,231.79,-0.9,2.4,0.00,507.97,507.97,HMR2300,15546.7,-5393.3,48033.3,50773.9,,,,,,,,RR1715,,
J2-1011,ASNAP,2017/08/25 23:50:10,44.3683234,-124.9527028,944.55,957.20,231.64,-0.9,2.1,0.00,506.51,506.51,HMR2300,15460.0,-5266.7,48200.0,50891.9,,,,,,,,RR1715,,
J2-1011,ASNAP,2017/08/25 23:50:15,44.3683252,-124.9527003,944.75,957.40,231.78,-0.8,2.0,0.00,504.88,504.88,HMR2300,15540.0,-4993.3,48293.3,50977.2,,,,,,,,RR1715,,
J2-1011,ASNAP,2017/08/25 23:50:20,44.3683271,-124.9526978,944.95,957.61,231.76,-0.7,1.6,0.00,503.63,503.63,HMR2300,15766.7,-4480.0,47980.0,50702.5,,,,,,,,RR1715,,
J2-1011,ASNAP,2017/08/25 23:50:25,44.3683287,-124.9526956,945.12,957.79,231.84,-0.4,1.5,0.00,502.44,502.44,HMR2300,15726.7,-4793.3,47893.3,50636.7,,,,,,,,RR1715,,
J2-1011,ASNAP,2017/08/25 23:50:30,44.3683304,-124.9526927,945.35,957.98,231.84,-0.4,1.6,0.00,501.64,501.64,HMR2300,15993.3,-4840.0,48313.3,51121.3,,,,,,,,RR1715,,
J2-1011,ASNAP,2017/08/25 23:50:35,44.3683321,-124.9526894,945.62,958.17,231.75,-0.4,1.6,0.00,501.08,501.08,HMR2300,15766.7,-4866.7,47966.7,50725.5,,,,,,,,RR1715,,
J2-1011,ASNAP,2017/08/25 23:50:40,44.3683340,-124.9526851,945.96,958.38,231.67,-0.4,1.6,0.00,500.80,500.8,HMR2300,16006.7,-4826.7,48306.7,51117.9,,,,,,,,RR1715,,
J2-1011,ASNAP,2017/08/25 23:50:45,44.3683360,-124.9526806,946.32,958.60,231.80,-0.5,0.2,0.00,500.56,500.56,HMR2300,15726.7,-3400.0,48133.3,50751.4,,,,,,,,RR1715,,
J2-1011,ASNAP,2017/08/25 23:50:50,44.3683382,-124.9526768,946.62,958.84,232.16,-1.3,1.4,0.00,499.81,499.81,HMR2300,14986.7,-4753.3,48313.3,50807.2,,,,,,,,RR1715,,
J2-1011,ASNAP,2017/08/25 23:50:55,44.3683398,-124.9526744,946.81,959.02,231.80,-1.4,1.5,0.00,498.20,498.2,HMR2300,14853.3,-4680.0,48286.7,50735.8,,,,,,,,RR1715,,
J2-1011,ASNAP,2017/08/25 23:51:00,44.3683401,-124.9526724,946.97,959.06,231.97,0.2,1.0,0.00,496.88,496.88,HMR2300,16440.0,-3706.7,47980.0,50853.6,,,,,,,,RR1715,,
J2-1011,ASNAP,2017/08/25 23:51:05,44.3683387,-124.9526744,946.81,958.90,232.07,-0.3,0.6,0.00,496.40,496.4,HMR2300,15773.3,-4346.7,48106.7,50812.8,,,,,,,,RR1715,,
J2-1011,ASNAP,2017/08/25 23:51:10,44.3683348,-124.9526817,946.23,958.47,232.05,-0.7,1.6,0.00,495.70,495.7,HMR2300,15486.7,-4853.3,48113.3,50776.8,,,,,,,,RR1715,,
J2-1011,ASNAP,2017/08/25 23:51:15,44.3683308,-124.9526910,945.49,958.02,232.45,-0.7,2.0,0.00,494.15,494.15,HMR2300,15513.3,-5226.7,48146.7,50853.5,,,,,,,,RR1715,,
J2-1011,ASNAP,2017/08/25 23:51:20,44.3683251,-124.9527032,944.52,957.39,232.69,-0.6,1.3,0.00,492.83,492.83,HMR2300,15100.0,-4833.3,48053.3,50601.3,,,,,,,,RR1715,,
J2-1011,ASNAP,2017/08/25 23:51:25,44.3682965,-124.9526355,949.91,954.21,230.97,-0.8,1.6,0.00,491.53,491.53,HMR2300,15646.7,-4806.7,48400.0,51092.9,,,,,,,,RR1715,,
J2-1011,ASNAP,2017/08/25 23:51:30,44.3682926,-124.9526436,949.27,953.78,231.37,-0.5,1.3,0.00,490.28,490.28,HMR2300,15733.3,-4626.7,48053.3,50774.7,,,,,,,,RR1715,,
J2-1011,ASNAP,2017/08/25 23:51:35,44.3682914,-124.9526550,948.36,953.65,231.69,-1.1,1.8,0.00,488.72,488.72,HMR2300,15393.3,-4786.7,48260.0,50881.2,,,,,,,,RR1715,,
J2-1011,ASNAP,2017/08/25 23:51:40,44.3682946,-124.9526623,947.78,954.00,231.96,-0.8,1.8,0.00,487.31,487.31,HMR2300,15460.0,-4966.7,48126.7,50792.3,,,,,,,,RR1715,,
J2-1011,ASNAP,2017/08/25 23:51:45,44.3682947,-124.9526446,949.19,954.01,231.69,-0.3,2.1,0.00,485.33,485.33,HMR2300,16353.3,-5113.3,48226.7,51180.0,,,,,,,,RR1715,,
J2-1011,ASNAP,2017/08/25 23:51:50,44.3682860,-124.9526503,948.73,953.04,230.44,-0.1,3.2,0.00,483.96,483.96,HMR2300,16040.0,-5300.0,47780.0,50678.4,,,,,,,,RR1715,,
J2-1011,ASNAP,2017/08/25 23:51:55,44.3682888,-124.9526343,950.01,953.36,231.66,-0.4,1.6,0.00,483.06,483.06,HMR2300,15846.7,-4506.7,48086.7,50830.6,,,,,,,,RR1715,,
J2-1011,ASNAP,2017/08/25 23:52:00,44.3682970,-124.9526138,951.64,954.27,231.81,-0.6,1.8,0.00,482.27,482.27,HMR2300,15733.3,-4886.7,48066.7,50811.6,,,,,,,,RR1715,,
J2-1011,ASNAP,2017/08/25 23:52:05,44.3682959,-124.9526118,951.80,954.15,230.54,-0.5,2.0,0.00,480.96,480.96,HMR2300,16006.7,-4660.0,48040.0,50850.5,,,,,,,,RR1715,,
J2-1011,ASNAP,2017/08/25 23:52:10,44.3683080,-124.9526125,951.75,955.49,230.30,-0.4,2.4,0.00,479.61,479.61,HMR2300,16520.0,-4846.7,47800.0,50805.9,,,,,,,,RR1715,,
J2-1011,ASNAP,2017/08/25 23:52:15,44.3683094,-124.9525967,953.01,955.64,232.70,-2.2,2.1,0.00,478.06,478.06,HMR2300,13633.3,-5240.0,48333.3,50491.9,,,,,,,,RR1715,,
J2-1011,ASNAP,2017/08/25 23:52:20,44.3682919,-124.9526166,951.42,953.70,232.16,-0.4,1.9,0.00,477.14,477.14,HMR2300,15633.3,-5020.0,48273.3,50989.4,,,,,,,,RR1715,,
J2-1011,ASNAP,2017/08/25 23:52:25,44.3682895,-124.9526196,951.18,953.43,231.74,-0.7,1.8,0.00,476.00,476,HMR2300,15526.7,-4873.3,48100.0,50778.3,,,,,,,,RR1715,,
J2-1011,ASNAP,2017/08/25 23:52:30,44.3682878,-124.9526167,951.41,953.25,231.75,-0.7,1.8,0.00,474.73,474.73,HMR2300,15606.7,-4826.7,48173.3,50867.8,,,,,,,,RR1715,,
J2-1011,ASNAP,2017/08/25 23:52:35,44.3682819,-124.9525987,952.85,952.59,231.65,-0.4,1.6,0.00,473.34,473.34,HMR2300,16186.7,-4700.0,48080.0,50948.8,,,,,,,,RR1715,,
J2-1011,ASNAP,2017/08/25 23:52:40,44.3682558,-124.9526068,952.20,949.69,231.62,-0.1,1.8,0.00,472.37,472.37,HMR2300,16120.0,-4840.0,48113.3,50972.3,,,,,,,,RR1715,,
J2-1011,ASNAP,2017/08/25 23:52:45,44.3682711,-124.9526092,952.01,951.39,231.77,-0.2,1.6,0.00,471.03,471.03,HMR2300,16080.0,-4746.7,47980.0,50825.0,,,,,,,,RR1715,,
J2-1011,ASNAP,2017/08/25 23:52:50,44.3682863,-124.9526240,950.83,953.08,231.75,-0.3,1.8,0.00,469.58,469.58,HMR2300,16026.7,-4886.7,48133.3,50966.2,,,,,,,,RR1715,,
J2-1011,ASNAP,2017/08/25 23:52:55,44.3682892,-124.9525985,952.86,953.40,231.75,-0.3,1.8,0.00,468.05,468.05,HMR2300,15900.0,-4866.7,48020.0,50817.5,,,,,,,,RR1715,,
J2-1011,ASNAP,2017/08/25 23:53:00,44.3683054,-124.9525579,956.10,955.20,231.65,-0.2,1.8,0.00,466.89,466.89,HMR2300,16080.0,-4933.3,48060.0,50918.2,,,,,,,,RR1715,,
J2-1011,ASNAP,2017/08/25 23:53:05,44.3682840,-124.9525477,956.91,952.82,231.69,-0.4,2.0,0.00,465.21,465.21,HMR2300,15900.0,-5080.0,48100.0,50913.9,,,,,,,,RR1715,,
J2-1011,ASNAP,2017/08/25 23:53:10,44.3682851,-124.9525486,956.84,952.95,231.60,-0.4,2.1,0.00,463.33,463.33,HMR2300,15966.7,-5126.7,48006.7,50851.3,,,,,,,,RR1715,,
J2-1011,ASNAP,2017/08/25 23:53:15,44.3682994,-124.9525462,957.03,954.53,231.42,-0.4,2.1,0.00,461.32,461.32,HMR2300,15880.0,-5000.0,48073.3,50874.6,,,,,,,,RR1715,,
J2-1011,ASNAP,2017/08/25 23:53:20,44.3683067,-124.9525318,958.18,955.34,231.44,-0.4,2.4,0.00,459.76,459.76,HMR2300,16206.7,-5046.7,48180.0,51082.7,,,,,,,,RR1715,,
J2-1011,ASNAP,2017/08/25 23:53:25,44.3682896,-124.9525342,957.99,953.44,231.43,-0.3,1.8,0.00,457.84,457.84,HMR2300,16153.3,-4493.3,47980.0,50825.2,,,,,,,,RR1715,,
J2-1011,ASNAP,2017/08/25 23:53:30,44.3683037,-124.9525334,958.05,955.01,231.60,-0.0,1.8,0.00,456.19,456.19,HMR2300,15913.3,-4893.3,47760.0,50578.6,,,,,,,,RR1715,,
J2-1011,ASNAP,2017/08/25 23:53:35,44.3683038,-124.9525431,957.28,955.02,231.40,0.2,1.8,0.00,454.81,454.81,HMR2300,16386.7,-4966.7,48060.0,51019.2,,,,,,,,RR1715,,
J2-1011,ASNAP,2017/08/25 23:53:40,44.3682930,-124.9525319,958.17,953.82,231.50,-0.3,1.8,0.00,454.02,454.02,HMR2300,15773.3,-4780.0,48086.7,50832.8,,,,,,,,RR1715,,
J2-1011,ASNAP,2017/08/25 23:53:45,44.3683120,-124.9525190,959.20,955.93,231.80,-0.5,2.0,0.00,452.34,452.34,HMR2300,15713.3,-5086.7,48146.7,50900.7,,,,,,,,RR1715,,
J2-1011,ASNAP,2017/08/25 23:53:50,44.3683082,-124.9525219,958.97,955.51,232.05,-0.7,2.0,0.00,450.13,450.13,HMR2300,15560.0,-5093.3,48180.0,50885.8,,,,,,,,RR1715,,
J2-1011,ASNAP,2017/08/25 23:53:55,44.3683161,-124.9525161,959.43,956.39,232.08,-0.7,2.0,0.00,447.72,447.72,HMR2300,15440.0,-5226.7,48173.3,50856.5,,,,,,,,RR1715,,
J2-1011,ASNAP,2017/08/25 23:54:00,44.3683326,-124.9525223,958.94,958.22,231.48,-0.8,2.1,0.00,445.73,445.73,HMR2300,15566.7,-5046.7,48200.0,50902.2,,,,,,,,RR1715,,
J2-1011,ASNAP,2017/08/25 23:54:05,44.3683255,-124.9525112,959.82,957.43,231.42,-0.4,2.0,0.00,443.25,443.25,HMR2300,15960.0,-4946.7,48120.0,50938.4,,,,,,,,RR1715,,
J2-1011,ASNAP,2017/08/25 23:54:10,44.3683255,-124.9525090,960.00,957.43,231.66,-0.5,2.1,0.00,440.92,440.92,HMR2300,15800.0,-4820.0,48126.7,50882.7,,,,,,,,RR1715,,
J2-1011,ASNAP,2017/08/25 23:54:15,44.3683414,-124.9524910,961.43,959.20,231.63,0.3,1.9,0.00,438.70,438.7,HMR2300,16446.7,-5026.7,47873.3,50868.6,,,,,,,,RR1715,,
J2-1011,ASNAP,2017/08/25 23:54:20,44.3683433,-124.9525003,960.69,959.41,231.76,0.0,2.0,0.00,437.11,437.11,HMR2300,16220.0,-5020.0,48013.3,50927.1,,,,,,,,RR1715,,
J2-1011,ASNAP,2017/08/25 23:54:25,44.3683519,-124.9524879,961.68,960.37,231.73,0.7,2.1,0.00,435.04,435.04,HMR2300,16940.0,-5133.3,47800.0,50972.1,,,,,,,,RR1715,,
J2-1011,ASNAP,2017/08/25 23:54:30,44.3683538,-124.9524749,962.72,960.58,231.75,-0.2,2.1,0.00,433.00,433,HMR2300,16126.7,-5166.7,48060.0,50956.1,,,,,,,,RR1715,,
J2-1011,ASNAP,2017/08/25 23:54:35,44.3683751,-124.9524673,963.32,962.94,231.66,0.8,2.1,0.00,431.04,431.04,HMR2300,16753.3,-5213.3,47840.0,50956.0,,,,,,,,RR1715,,
J2-1011,ASNAP,2017/08/25 23:54:40,44.3683633,-124.9524710,963.03,961.63,231.59,0.0,2.0,0.00,429.56,429.56,HMR2300,16373.3,-4980.0,47886.7,50852.9,,,,,,,,RR1715,,
J2-1011,ASNAP,2017/08/25 23:54:45,44.3683471,-124.9524631,963.66,959.83,231.73,0.4,2.1,0.00,427.63,427.63,HMR2300,16600.0,-5140.0,47873.3,50929.7,,,,,,,,RR1715,,
J2-1011,ASNAP,2017/08/25 23:54:50,44.3683474,-124.9524416,965.37,959.87,231.73,0.1,2.4,0.00,425.69,425.69,HMR2300,16293.3,-5393.3,48040.0,51013.7,,,,,,,,RR1715,,
J2-1011,ASNAP,2017/08/25 23:54:55,44.3683692,-124.9524381,965.65,962.29,231.74,0.4,2.2,0.00,423.68,423.68,HMR2300,16446.7,-5146.7,47966.7,50968.4,,,,,,,,RR1715,,
J2-1011,ASNAP,2017/08/25 23:55:00,44.3683724,-124.9524318,966.15,962.64,231.69,0.1,2.2,0.00,422.14,422.14,HMR2300,16420.0,-5146.7,47980.0,50972.4,,,,,,,,RR1715,,
J2-1011,ASNAP,2017/08/25 23:55:05,44.3683724,-124.9524183,967.23,962.64,231.73,0.3,2.3,0.00,420.06,420.06,HMR2300,16486.7,-5313.3,48006.7,51036.1,,,,,,,,RR1715,,
J2-1011,ASNAP,2017/08/25 23:55:10,44.3683656,-124.9524232,966.84,961.89,231.74,0.1,2.2,0.00,417.93,417.93,HMR2300,16373.3,-5220.0,48026.7,51008.8,,,,,,,,RR1715,,
J2-1011,ASNAP,2017/08/25 23:55:15,44.3683598,-124.9524055,968.25,961.25,231.67,0.3,2.1,0.00,415.80,415.8,HMR2300,16413.3,-5066.7,47966.7,50949.7,,,,,,,,RR1715,,
J2-1011,ASNAP,2017/08/25 23:55:20,44.3683595,-124.9524066,968.16,961.21,231.79,-0.3,2.2,0.00,414.02,414.02,HMR2300,15986.7,-5273.3,48026.7,50891.5,,,,,,,,RR1715,,
J2-1011,ASNAP,2017/08/25 23:55:25,44.3683612,-124.9523907,969.43,961.40,231.68,-0.2,2.5,0.00,411.31,411.31,HMR2300,16026.7,-5440.0,48033.3,50927.9,,,,,,,,RR1715,,
J2-1011,ASNAP,2017/08/25 23:55:30,44.3683603,-124.9523913,969.38,961.30,231.50,-0.1,2.4,0.00,408.43,408.43,HMR2300,16460.0,-5413.3,47873.3,50912.6,,,,,,,,RR1715,,
J2-1011,ASNAP,2017/08/25 23:55:35,44.3683613,-124.9524050,968.29,961.41,231.73,-0.7,2.5,0.00,405.47,405.47,HMR2300,15646.7,-5413.3,48100.0,50869.8,,,,,,,,RR1715,,
J2-1011,ASNAP,2017/08/25 23:55:40,44.3683771,-124.9523891,969.56,963.17,231.48,0.7,2.5,0.00,403.23,403.23,HMR2300,16920.0,-5446.7,47826.7,51023.0,,,,,,,,RR1715,,
J2-1011,ASNAP,2017/08/25 23:55:45,44.3683770,-124.9523719,970.93,963.16,231.73,-0.1,2.3,0.00,400.29,400.29,HMR2300,16173.3,-5326.7,47946.7,50880.6,,,,,,,,RR1715,,
J2-1011,ASNAP,2017/08/25 23:55:50,44.3683848,-124.9523659,971.41,964.02,231.65,0.8,2.4,0.00,397.35,397.35,HMR2300,16886.7,-5293.3,47806.7,50977.0,,,,,,,,RR1715,,
J2-1011,ASNAP,2017/08/25 23:55:55,44.3683910,-124.9523684,971.21,964.71,231.81,-0.0,2.3,0.00,394.40,394.4,HMR2300,16220.0,-5493.3,48013.3,50975.9,,,,,,,,RR1715,,
J2-1011,ASNAP,2017/08/25 23:56:00,44.3683890,-124.9523735,970.80,964.49,231.70,0.5,2.3,0.00,392.19,392.19,HMR2300,16640.0,-5393.3,47840.0,50937.6,,,,,,,,RR1715,,
J2-1011,ASNAP,2017/08/25 23:56:05,44.3683779,-124.9523591,971.95,963.26,231.85,0.0,2.5,0.00,389.27,389.27,HMR2300,16273.3,-5480.0,47980.0,50960.1,,,,,,,,RR1715,,
J2-1011,ASNAP,2017/08/25 23:56:10,44.3683863,-124.9523493,972.73,964.19,231.84,0.6,2.3,0.00,386.36,386.36,HMR2300,16613.3,-5373.3,47833.3,50920.6,,,,,,,,RR1715,,
J2-1011,ASNAP,2017/08/25 23:56:15,44.3683889,-124.9523432,973.22,964.48,231.77,0.1,2.3,0.00,383.45,383.45,HMR2300,16393.3,-5413.3,47880.0,50897.3,,,,,,,,RR1715,,
J2-1011,ASNAP,2017/08/25 23:56:20,44.3684021,-124.9523282,974.41,965.94,231.74,0.5,2.3,0.00,381.27,381.27,HMR2300,16620.0,-5360.0,47906.7,50990.2,,,,,,,,RR1715,,
J2-1011,ASNAP,2017/08/25 23:56:25,44.3683967,-124.9523200,975.07,965.34,231.71,0.1,2.2,0.00,378.35,378.35,HMR2300,16333.3,-5440.0,47933.3,50931.1,,,,,,,,RR1715,,
J2-1011,ASNAP,2017/08/25 23:56:30,44.3684102,-124.9523134,975.59,966.85,231.81,0.5,2.4,0.00,375.43,375.43,HMR2300,16480.0,-5513.3,47880.0,50936.1,,,,,,,,RR1715,,
J2-1011,ASNAP,2017/08/25 23:56:35,44.3684174,-124.9523225,974.87,967.65,231.79,0.2,2.4,0.00,372.51,372.51,HMR2300,16460.0,-5333.3,47933.3,50960.6,,,,,,,,RR1715,,
J2-1011,ASNAP,2017/08/25 23:56:40,44.3684290,-124.9523299,974.28,968.94,231.84,0.3,2.3,0.00,370.34,370.34,HMR2300,16386.7,-5346.7,47933.3,50938.3,,,,,,,,RR1715,,
J2-1011,ASNAP,2017/08/25 23:56:45,44.3684401,-124.9523325,974.07,970.17,232.00,0.3,2.3,0.00,367.44,367.44,HMR2300,16566.7,-5386.7,47906.7,50975.7,,,,,,,,RR1715,,
J2-1011,ASNAP,2017/08/25 23:56:50,44.3684380,-124.9523338,973.97,969.94,231.89,0.1,2.1,0.00,364.52,364.52,HMR2300,16386.7,-5180.0,47973.3,50958.8,,,,,,,,RR1715,,
J2-1011,ASNAP,2017/08/25 23:56:55,44.3684477,-124.9523108,975.80,971.01,231.82,0.4,2.1,0.00,361.62,361.62,HMR2300,16420.0,-5266.7,47893.3,50903.1,,,,,,,,RR1715,,
J2-1011,ASNAP,2017/08/25 23:57:00,44.3684421,-124.9522994,976.71,970.39,231.78,0.6,2.4,0.00,359.45,359.45,HMR2300,16740.0,-5386.7,47853.3,50982.2,,,,,,,,RR1715,,
J2-1011,ASNAP,2017/08/25 23:57:05,44.3684553,-124.9523020,976.50,971.86,231.73,0.8,2.4,0.00,356.62,356.62,HMR2300,17320.0,-5420.0,47646.7,50985.9,,,,,,,,RR1715,,
J2-1011,ASNAP,2017/08/25 23:57:10,44.3684773,-124.9522816,978.13,974.30,230.13,1.8,2.0,0.00,354.15,354.15,HMR2300,17973.3,-4573.3,47426.7,50923.9,,,,,,,,RR1715,,
J2-1011,ASNAP,2017/08/25 23:57:15,44.3684947,-124.9522507,980.59,976.23,231.44,-0.5,1.7,0.00,352.22,352.22,HMR2300,15820.0,-4820.0,48060.0,50825.9,,,,,,,,RR1715,,
J2-1011,ASNAP,2017/08/25 23:57:20,44.3685055,-124.9522472,980.87,977.44,231.92,-0.5,2.3,0.00,350.74,350.74,HMR2300,15566.7,-5240.0,48180.0,50902.8,,,,,,,,RR1715,,
J2-1011,ASNAP,2017/08/25 23:57:25,44.3685136,-124.9522340,981.92,978.34,232.29,-0.5,2.0,0.00,348.69,348.69,HMR2300,15586.7,-5180.0,48113.3,50839.6,,,,,,,,RR1715,,
J2-1011,ASNAP,2017/08/25 23:57:30,44.3685105,-124.9522071,984.07,977.99,232.50,-0.4,2.1,0.00,346.41,346.41,HMR2300,15653.3,-5286.7,48073.3,50833.3,,,,,,,,RR1715,,
J2-1011,ASNAP,2017/08/25 23:57:35,44.3685234,-124.9521925,985.23,979.42,231.98,-0.9,2.1,0.00,343.91,343.91,HMR2300,15386.7,-5126.7,48246.7,50899.6,,,,,,,,RR1715,,
J2-1011,ASNAP,2017/08/25 23:57:40,44.3685276,-124.9521905,985.39,979.89,231.77,-1.0,2.3,0.00,341.94,341.94,HMR2300,15413.3,-5320.0,48153.3,50839.1,,,,,,,,RR1715,,
J2-1011,ASNAP,2017/08/25 23:57:45,44.3685234,-124.9521805,986.19,979.42,231.72,-1.0,2.4,0.00,339.29,339.29,HMR2300,15386.7,-5273.3,48180.0,50851.4,,,,,,,,RR1715,,
J2-1011,ASNAP,2017/08/25 23:57:50,44.3685430,-124.9521871,985.66,981.60,231.51,-0.3,2.6,0.00,336.57,336.57,HMR2300,16080.0,-5540.0,48026.7,50949.2,,,,,,,,RR1715,,
J2-1011,ASNAP,2017/08/25 23:57:55,44.3685386,-124.9521721,986.86,981.11,231.75,-0.6,2.6,0.00,333.80,333.8,HMR2300,15713.3,-5433.3,48113.3,50905.0,,,,,,,,RR1715,,
J2-1011,ASNAP,2017/08/25 23:58:00,44.3685383,-124.9521609,987.75,981.08,231.75,-0.4,2.4,0.00,331.71,331.71,HMR2300,15880.0,-5420.0,48053.3,50898.7,,,,,,,,RR1715,,
J2-1011,ASNAP,2017/08/25 23:58:05,44.3685439,-124.9521585,987.94,981.70,231.76,-0.3,2.5,0.00,328.92,328.92,HMR2300,15960.0,-5513.3,48020.0,50902.2,,,,,,,,RR1715,,
J2-1011,ASNAP,2017/08/25 23:58:10,44.3685587,-124.9521532,988.36,983.35,231.73,-0.1,2.5,0.00,326.12,326.12,HMR2300,16106.7,-5433.3,48013.3,50933.5,,,,,,,,RR1715,,
J2-1011,ASNAP,2017/08/25 23:58:15,44.3685626,-124.9521480,988.78,983.78,231.74,-0.1,2.4,0.00,323.32,323.32,HMR2300,16140.0,-5426.7,47966.7,50899.4,,,,,,,,RR1715,,
J2-1011,ASNAP,2017/08/25 23:58:20,44.3685698,-124.9521430,989.18,984.58,231.73,-0.2,2.5,0.00,321.20,321.2,HMR2300,16073.3,-5393.3,48053.3,50956.5,,,,,,,,RR1715,,
J2-1011,ASNAP,2017/08/25 23:58:25,44.3685827,-124.9521367,989.68,986.01,231.74,-0.2,2.5,0.00,318.36,318.36,HMR2300,15966.7,-5486.7,48066.7,50945.5,,,,,,,,RR1715,,
J2-1011,ASNAP,2017/08/25 23:58:30,44.3685754,-124.9521466,988.89,985.20,231.31,-0.0,2.4,0.00,315.51,315.51,HMR2300,16173.3,-5300.0,47966.7,50896.6,,,,,,,,RR1715,,
J2-1011,ASNAP,2017/08/25 23:58:35,44.3685973,-124.9521457,988.96,987.64,232.75,-0.8,2.4,0.00,312.66,312.66,HMR2300,15353.3,-5660.0,48213.3,50914.5,,,,,,,,RR1715,,
J2-1011,ASNAP,2017/08/25 23:58:40,44.3685970,-124.9521560,988.14,987.60,232.63,-1.3,2.5,0.00,310.58,310.58,HMR2300,14953.3,-5740.0,48293.3,50880.2,,,,,,,,RR1715,,
J2-1011,ASNAP,2017/08/25 23:58:45,44.3686021,-124.9521612,987.73,988.17,232.65,-1.2,2.5,0.00,307.95,307.95,HMR2300,14993.3,-5680.0,48293.3,50885.2,,,,,,,,RR1715,,
J2-1011,ASNAP,2017/08/25 23:58:50,44.3686039,-124.9521605,987.78,988.37,232.43,-1.1,2.6,0.00,305.42,305.42,HMR2300,15080.0,-5613.3,48260.0,50871.8,,,,,,,,RR1715,,
J2-1011,ASNAP,2017/08/25 23:58:55,44.3686219,-124.9521681,987.18,990.37,232.55,-0.8,2.4,0.00,302.93,302.93,HMR2300,15420.0,-5640.0,48193.3,50913.5,,,,,,,,RR1715,,
J2-1011,ASNAP,2017/08/25 23:59:00,44.3686188,-124.9521664,987.31,990.03,232.62,-0.8,2.4,0.00,301.06,301.06,HMR2300,15333.3,-5726.7,48240.0,50941.2,,,,,,,,RR1715,,
J2-1011,ASNAP,2017/08/25 23:59:05,44.3686199,-124.9521655,987.38,990.15,232.55,-0.4,2.4,0.00,298.59,298.59,HMR2300,15820.0,-5666.7,48040.0,50894.3,,,,,,,,RR1715,,
J2-1011,ASNAP,2017/08/25 23:59:10,44.3686303,-124.9521584,987.95,991.30,232.70,-0.7,2.6,0.00,296.14,296.14,HMR2300,15406.7,-5826.7,48220.0,50955.7,,,,,,,,RR1715,,
J2-1011,ASNAP,2017/08/25 23:59:15,44.3686422,-124.9521723,986.84,992.63,232.76,-0.5,2.3,0.00,293.70,293.7,HMR2300,15546.7,-5626.7,48120.0,50881.2,,,,,,,,RR1715,,
J2-1011,ASNAP,2017/08/25 23:59:20,44.3686396,-124.9521712,986.93,992.34,232.79,-0.8,2.5,0.00,291.87,291.87,HMR2300,15340.0,-5726.7,48160.0,50867.4,,,,,,,,RR1715,,
J2-1011,ASNAP,2017/08/25 23:59:25,44.3686467,-124.9521807,986.17,993.13,232.86,-0.7,2.6,0.00,289.41,289.41,HMR2300,15333.3,-5813.3,48213.3,50925.7,,,,,,,,RR1715,,
J2-1011,ASNAP,2017/08/25 23:59:30,44.3686544,-124.9521732,986.77,993.98,232.87,-0.4,2.5,0.00,286.94,286.94,HMR2300,15593.3,-5840.0,48126.7,50925.8,,,,,,,,RR1715,,
J2-1011,ASNAP,2017/08/25 23:59:35,44.3686528,-124.9521688,987.12,993.80,232.67,-0.7,2.5,0.00,284.45,284.45,HMR2300,15520.0,-5740.0,48146.7,50910.9,,,,,,,,RR1715,,
J2-1011,ASNAP,2017/08/25 23:59:40,44.3686548,-124.9521834,985.96,994.02,232.69,-0.6,2.5,0.00,282.57,282.57,HMR2300,15426.7,-5726.7,48166.7,50899.9,,,,,,,,RR1715,,
J2-1011,ASNAP,2017/08/25 23:59:45,44.3686650,-124.9521707,986.97,995.16,232.82,-0.0,2.7,0.00,280.05,280.05,HMR2300,15913.3,-5933.3,48060.0,50972.6,,,,,,,,RR1715,,
J2-1011,ASNAP,2017/08/25 23:59:50,44.3686794,-124.9521811,986.14,996.76,232.88,-0.8,2.4,0.00,277.54,277.54,HMR2300,15393.3,-5646.7,48153.3,50868.3,,,,,,,,RR1715,,
J2-1011,ASNAP,2017/08/25 23:59:55,44.3686954,-124.9521817,986.09,998.54,232.89,-0.7,2.5,0.00,275.05,275.05,HMR2300,15406.7,-5713.3,48240.0,50961.8,,,,,,,,RR1715,,
J2-1011,ASNAP,2017/08/26 00:00:00,44.3687011,-124.9521910,985.35,999.17,232.93,-0.7,2.5,0.00,273.17,273.17,HMR2300,15453.3,-5746.7,48206.7,50948.1,,,,,,,,RR1715,,
J2-1011,ASNAP,2017/08/26 00:00:05,44.3687184,-124.9522008,984.57,1001.09,233.07,-0.9,2.4,0.00,270.67,270.67,HMR2300,15160.0,-5760.0,48200.0,50855.1,,,,,,,,RR1715,,
J2-1011,ASNAP,2017/08/26 00:00:10,44.3687546,-124.9521966,984.90,1005.12,233.03,-0.5,2.4,0.00,268.15,268.15,HMR2300,15626.7,-5766.7,48146.7,50946.5,,,,,,,,RR1715,,
J2-1011,ASNAP,2017/08/26 00:00:15,44.3687581,-124.9522009,984.56,1005.50,233.34,-0.9,2.5,0.00,265.61,265.61,HMR2300,15073.3,-5966.7,48246.7,50897.4,,,,,,,,RR1715,,
J2-1011,ASNAP,2017/08/26 00:00:20,44.3687569,-124.9522078,984.01,1005.37,233.28,-0.4,2.3,0.00,263.67,263.67,HMR2300,15466.7,-5726.7,48113.3,50861.6,,,,,,,,RR1715,,
J2-1011,ASNAP,2017/08/26 00:00:25,44.3687677,-124.9521894,985.48,1006.57,233.02,-0.8,2.3,0.00,261.06,261.06,HMR2300,15286.7,-5633.3,48226.7,50904.1,,,,,,,,RR1715,,
J2-1011,ASNAP,2017/08/26 00:00:30,44.3687866,-124.9521958,984.97,1008.67,233.10,-0.7,2.3,0.00,258.47,258.47,HMR2300,15206.7,-5720.0,48193.3,50858.2,,,,,,,,RR1715,,
J2-1011,ASNAP,2017/08/26 00:00:35,44.3687861,-124.9522068,984.09,1008.61,233.10,-0.7,2.3,0.00,255.86,255.86,HMR2300,15266.7,-5666.7,48200.0,50876.5,,,,,,,,RR1715,,
J2-1011,ASNAP,2017/08/26 00:00:40,44.3687980,-124.9522074,984.04,1009.94,233.04,-0.6,2.4,0.00,253.90,253.9,HMR2300,15366.7,-5713.3,48160.0,50874.0,,,,,,,,RR1715,,
J2-1011,ASNAP,2017/08/26 00:00:45,44.3687966,-124.9522135,983.56,1009.78,233.03,-0.9,2.3,0.00,251.28,251.28,HMR2300,15173.3,-5620.0,48226.7,50868.7,,,,,,,,RR1715,,
J2-1011,ASNAP,2017/08/26 00:00:50,44.3688135,-124.9522226,982.83,1011.66,232.99,-0.6,2.1,0.00,248.67,248.67,HMR2300,15160.0,-5500.0,48206.7,50832.7,,,,,,,,RR1715,,
J2-1011,ASNAP,2017/08/26 00:00:55,44.3688271,-124.9522194,983.09,1013.17,232.93,-0.6,2.1,0.00,246.03,246.03,HMR2300,15466.7,-5393.3,48133.3,50844.1,,,,,,,,RR1715,,
J2-1011,ASNAP,2017/08/26 00:01:00,44.3688225,-124.9522118,983.69,1012.66,232.79,-1.1,2.2,0.00,244.06,244.06,HMR2300,14980.0,-5473.3,48273.3,50839.7,,,,,,,,RR1715,,
J2-1011,ASNAP,2017/08/26 00:01:05,44.3688373,-124.9522072,984.06,1014.30,232.76,-0.8,1.9,0.00,241.43,241.43,HMR2300,15373.3,-5320.0,48193.3,50864.9,,,,,,,,RR1715,,
J2-1011,ASNAP,2017/08/26 00:01:10,44.3688692,-124.9522017,984.50,1017.85,232.80,-1.3,2.2,0.00,238.81,238.81,HMR2300,14793.3,-5420.0,48293.3,50798.3,,,,,,,,RR1715,,
J2-1011,ASNAP,2017/08/26 00:01:15,44.3688699,-124.9522034,984.36,1017.93,232.66,-0.7,2.0,0.00,236.19,236.19,HMR2300,15413.3,-5220.0,48160.0,50835.1,,,,,,,,RR1715,,
J2-1011,ASNAP,2017/08/26 00:01:20,44.3688883,-124.9522162,983.34,1019.97,232.71,-1.2,2.1,0.00,234.21,234.21,HMR2300,14980.0,-5326.7,48306.7,50855.8,,,,,,,,RR1715,,
J2-1011,ASNAP,2017/08/26 00:01:25,44.3689118,-124.9521950,985.03,1022.58,232.62,-0.9,2.0,0.00,231.57,231.57,HMR2300,15153.3,-5180.0,48213.3,50803.4,,,,,,,,RR1715,,
J2-1011,ASNAP,2017/08/26 00:01:30,44.3689044,-124.9522163,983.33,1021.76,232.74,-1.1,2.0,0.00,228.92,228.92,HMR2300,14940.0,-5286.7,48246.7,50782.8,,,,,,,,RR1715,,
J2-1011,ASNAP,2017/08/26 00:01:35,44.3689070,-124.9522265,982.52,1022.05,232.76,-0.9,2.0,0.00,226.24,226.24,HMR2300,15166.7,-5200.0,48253.3,50847.3,,,,,,,,RR1715,,
J2-1011,ASNAP,2017/08/26 00:01:40,44.3689125,-124.9522155,983.40,1022.66,232.72,-1.0,2.1,0.00,224.23,224.23,HMR2300,15040.0,-5333.3,48253.3,50823.5,,,,,,,,RR1715,,
J2-1011,ASNAP,2017/08/26 00:01:45,44.3689180,-124.9522176,983.23,1023.27,232.73,-0.9,1.9,0.00,221.55,221.55,HMR2300,15133.3,-5153.3,48206.7,50788.4,,,,,,,,RR1715,,
J2-1011,ASNAP,2017/08/26 00:01:50,44.3689227,-124.9522211,982.95,1023.79,232.79,-0.9,1.8,0.00,218.85,218.85,HMR2300,15066.7,-5273.3,48246.7,50818.8,,,,,,,,RR1715,,
J2-1011,ASNAP,2017/08/26 00:01:55,44.3689408,-124.9522157,983.38,1025.81,232.93,-0.5,1.8,0.00,216.13,216.13,HMR2300,15426.7,-5220.0,48193.3,50870.7,,,,,,,,RR1715,,
J2-1011,ASNAP,2017/08/26 00:02:00,44.3689399,-124.9522273,982.46,1025.71,232.98,-1.1,2.1,0.00,214.07,214.07,HMR2300,14893.3,-5360.0,48266.7,50795.8,,,,,,,,RR1715,,
J2-1011,ASNAP,2017/08/26 00:02:05,44.3689492,-124.9522328,982.02,1026.74,232.99,-0.6,1.7,0.00,211.34,211.34,HMR2300,15246.7,-5093.3,48226.7,50835.2,,,,,,,,RR1715,,
J2-1011,ASNAP,2017/08/26 00:02:10,44.3689641,-124.9522398,981.46,1028.39,232.91,-0.7,1.4,0.00,208.63,208.63,HMR2300,15173.3,-4880.0,48226.7,50792.3,,,,,,,,RR1715,,
J2-1011,ASNAP,2017/08/26 00:02:15,44.3689778,-124.9522318,982.10,1029.92,232.71,-0.5,1.3,0.00,205.93,205.93,HMR2300,15466.7,-4733.3,48146.7,50791.0,,,,,,,,RR1715,,
J2-1011,ASNAP,2017/08/26 00:02:20,44.3689975,-124.9522284,982.37,1032.10,232.78,-0.6,1.8,0.00,203.86,203.86,HMR2300,15300.0,-5006.7,48160.0,50779.3,,,,,,,,RR1715,,
J2-1011,ASNAP,2017/08/26 00:02:25,44.3690110,-124.9522452,981.03,1033.60,232.79,-0.6,1.3,0.00,201.13,201.13,HMR2300,15460.0,-4653.3,48166.7,50800.5,,,,,,,,RR1715,,
J2-1011,ASNAP,2017/08/26 00:02:30,44.3690198,-124.9522421,981.28,1034.58,232.55,-0.8,1.4,0.00,198.40,198.4,HMR2300,15293.3,-4693.3,48206.7,50791.7,,,,,,,,RR1715,,
J2-1011,ASNAP,2017/08/26 00:02:35,44.3690280,-124.9522362,981.75,1035.49,232.79,-1.1,1.5,0.00,195.66,195.66,HMR2300,15033.3,-4740.0,48253.3,50762.7,,,,,,,,RR1715,,
J2-1011,ASNAP,2017/08/26 00:02:40,44.3690374,-124.9522352,981.83,1036.54,232.93,-0.8,1.3,0.00,193.64,193.64,HMR2300,15013.3,-4753.3,48266.7,50770.7,,,,,,,,RR1715,,
J2-1011,ASNAP,2017/08/26 00:02:45,44.3690385,-124.9522363,981.74,1036.66,232.89,-0.9,1.4,0.00,190.93,190.93,HMR2300,15173.3,-4620.0,48213.3,50755.3,,,,,,,,RR1715,,
J2-1011,ASNAP,2017/08/26 00:02:50,44.3690473,-124.9522301,982.23,1037.64,232.74,-1.2,1.7,0.00,188.27,188.27,HMR2300,14666.7,-4993.3,48353.3,50774.9,,,,,,,,RR1715,,
J2-1011,ASNAP,2017/08/26 00:02:55,44.3690581,-124.9522264,982.53,1038.84,233.06,-0.5,1.2,0.00,185.62,185.62,HMR2300,15566.7,-4500.0,48086.7,50743.5,,,,,,,,RR1715,,
J2-1011,ASNAP,2017/08/26 00:03:00,44.3690598,-124.9522171,983.27,1039.03,233.03,-1.5,1.7,0.00,183.64,183.64,HMR2300,14560.0,-4926.7,48393.3,50775.8,,,,,,,,RR1715,,
J2-1011,ASNAP,2017/08/26 00:03:05,44.3690801,-124.9522251,982.63,1041.28,233.29,-0.6,0.9,0.00,181.04,181.04,HMR2300,15113.3,-4493.3,48253.3,50764.0,,,,,,,,RR1715,,
J2-1011,ASNAP,2017/08/26 00:03:10,44.3690798,-124.9522163,983.33,1041.25,233.19,-1.5,1.3,0.00,178.43,178.43,HMR2300,14420.0,-4853.3,48386.7,50722.4,,,,,,,,RR1715,,
J2-1011,ASNAP,2017/08/26 00:03:15,44.3690883,-124.9522181,983.19,1042.19,233.42,-0.9,0.8,0.00,175.86,175.86,HMR2300,15066.7,-4346.7,48266.7,50750.1,,,,,,,,RR1715,,
J2-1011,ASNAP,2017/08/26 00:03:20,44.3691022,-124.9522140,983.52,1043.74,233.34,-1.8,1.5,0.00,173.90,173.9,HMR2300,14226.7,-4840.0,48453.3,50730.2,,,,,,,,RR1715,,
J2-1011,ASNAP,2017/08/26 00:03:25,44.3690991,-124.9522278,982.42,1043.40,233.63,-0.7,0.6,0.00,171.33,171.33,HMR2300,14986.7,-4500.0,48273.3,50746.1,,,,,,,,RR1715,,
J2-1011,ASNAP,2017/08/26 00:03:30,44.3691113,-124.9522089,983.92,1044.75,233.49,-1.4,1.4,0.00,168.71,168.71,HMR2300,14493.3,-4953.3,48373.3,50740.2,,,,,,,,RR1715,,
J2-1011,ASNAP,2017/08/26 00:03:35,44.3691241,-124.9522002,984.62,1046.17,233.81,-0.7,0.1,0.00,166.13,166.13,HMR2300,15200.0,-3720.0,48226.7,50702.0,,,,,,,,RR1715,,
J2-1011,ASNAP,2017/08/26 00:03:40,44.3691467,-124.9521901,985.42,1048.68,233.47,-1.8,1.4,0.00,164.14,164.14,HMR2300,14280.0,-4693.3,48433.3,50712.3,,,,,,,,RR1715,,
J2-1011,ASNAP,2017/08/26 00:03:45,44.3691429,-124.9522010,984.55,1048.26,233.80,-1.0,0.5,0.00,161.57,161.57,HMR2300,14780.0,-4180.0,48326.7,50708.9,,,,,,,,RR1715,,
J2-1011,ASNAP,2017/08/26 00:03:50,44.3691441,-124.9521820,986.07,1048.39,233.76,-1.7,1.7,0.00,158.96,158.96,HMR2300,14020.0,-5220.0,48480.0,50735.8,,,,,,,,RR1715,,
J2-1011,ASNAP,2017/08/26 00:03:55,44.3691400,-124.9522046,984.27,1047.94,233.91,-0.5,-0.7,0.00,156.39,156.39,HMR2300,15280.0,-3026.7,48220.0,50673.5,,,,,,,,RR1715,,
J2-1011,ASNAP,2017/08/26 00:04:00,44.3691577,-124.9521875,985.63,1049.91,233.62,-1.7,1.3,0.00,154.38,154.38,HMR2300,14226.7,-4806.7,48473.3,50746.1,,,,,,,,RR1715,,
J2-1011,ASNAP,2017/08/26 00:04:05,44.3691653,-124.9522133,983.57,1050.75,234.27,-0.6,-0.8,0.00,151.81,151.81,HMR2300,14953.3,-3240.0,48240.0,50608.3,,,,,,,,RR1715,,
J2-1011,ASNAP,2017/08/26 00:04:10,44.3691811,-124.9521956,984.98,1052.51,233.72,-1.9,1.1,0.00,149.17,149.17,HMR2300,14066.7,-4740.0,48533.3,50752.6,,,,,,,,RR1715,,
J2-1011,ASNAP,2017/08/26 00:04:15,44.3691896,-124.9521984,984.76,1053.45,234.27,-0.9,-0.3,0.00,146.60,146.6,HMR2300,14753.3,-3473.3,48340.0,50660.4,,,,,,,,RR1715,,
J2-1011,ASNAP,2017/08/26 00:04:20,44.3691927,-124.9521687,987.13,1053.80,233.90,-1.9,1.3,0.00,144.60,144.6,HMR2300,13993.3,-4893.3,48500.0,50715.0,,,,,,,,RR1715,,
J2-1011,ASNAP,2017/08/26 00:04:25,44.3691639,-124.9521675,987.22,1050.59,234.26,-0.6,-1.0,0.00,142.01,142.01,HMR2300,15066.7,-2773.3,48240.0,50614.2,,,,,,,,RR1715,,
J2-1011,ASNAP,2017/08/26 00:04:30,44.3691747,-124.9521305,990.17,1051.79,233.91,-1.9,1.1,0.00,139.38,139.38,HMR2300,14120.0,-4740.0,48500.0,50735.5,,,,,,,,RR1715,,
J2-1011,ASNAP,2017/08/26 00:04:35,44.3691821,-124.9521519,988.47,1052.62,233.70,-1.4,1.0,0.00,136.86,136.86,HMR2300,14406.7,-4706.7,48393.3,50711.1,,,,,,,,RR1715,,
J2-1011,ASNAP,2017/08/26 00:04:40,44.3691934,-124.9521308,990.15,1053.87,233.89,-1.9,1.3,0.00,135.00,135,HMR2300,13920.0,-4933.3,48526.7,50724.2,,,,,,,,RR1715,,
J2-1011,ASNAP,2017/08/26 00:04:45,44.3692014,-124.9521359,989.74,1054.76,233.60,-1.8,1.4,0.00,132.56,132.56,HMR2300,14066.7,-4886.7,48520.0,50753.7,,,,,,,,RR1715,,
J2-1011,ASNAP,2017/08/26 00:04:50,44.3691983,-124.9521170,991.25,1054.42,233.56,-1.9,1.4,0.00,130.16,130.16,HMR2300,14020.0,-4840.0,48520.0,50736.3,,,,,,,,RR1715,,
J2-1011,ASNAP,2017/08/26 00:04:55,44.3691899,-124.9521258,990.55,1053.48,232.60,-0.7,-0.2,0.00,128.02,128.02,HMR2300,14726.7,-3546.7,47326.7,49691.7,,,,,,,,RR1715,,
J2-1011,ASNAP,2017/08/26 00:05:00,44.3692043,-124.9521066,992.08,1055.09,232.27,-0.6,0.6,0.00,126.94,126.94,HMR2300,14813.3,-3893.3,47286.7,49705.3,,,,,,,,RR1715,,
J2-1011,ASNAP,2017/08/26 00:05:05,44.3692091,-124.9520986,992.72,1055.62,232.32,-0.4,0.7,0.00,125.86,125.86,HMR2300,14946.7,-3866.7,47253.3,49711.5,,,,,,,,RR1715,,
J2-1011,ASNAP,2017/08/26 00:05:10,44.3692134,-124.9520839,993.89,1056.10,234.48,0.1,0.8,0.00,125.06,125.06,HMR2300,14760.0,-4600.0,47326.7,49787.9,,,,,,,,RR1715,,
J2-1011,ASNAP,2017/08/26 00:05:15,44.3692097,-124.9520871,993.63,1055.69,240.64,-0.6,0.5,0.00,124.70,124.7,HMR2300,12480.0,-6233.3,47806.7,49800.4,,,,,,,,RR1715,,
J2-1011,ASNAP,2017/08/26 00:05:20,44.3692116,-124.9520509,996.52,1055.90,248.51,-0.6,1.0,0.00,124.64,124.64,HMR2300,10453.3,-8426.7,48086.7,49926.0,,,,,,,,RR1715,,
J2-1011,ASNAP,2017/08/26 00:05:25,44.3691865,-124.9520159,999.31,1053.11,249.19,-0.5,1.2,0.00,124.68,124.68,HMR2300,10420.0,-8646.7,48066.7,49937.4,,,,,,,,RR1715,,
J2-1011,ASNAP,2017/08/26 00:05:30,44.3691805,-124.9519595,1003.81,1052.44,249.35,-0.6,1.0,0.00,124.72,124.72,HMR2300,10306.7,-8880.0,48720.0,50583.8,,,,,,,,RR1715,,
J2-1011,ASNAP,2017/08/26 00:05:35,44.3691805,-124.9519595,1003.81,1052.44,256.80,-0.5,2.2,0.00,124.72,124.72,HMR2300,8393.3,-10953.3,48613.3,50533.9,,,,,,,,RR1715,,
J2-1011,EVT,2017/08/26 00:05:38,44.3691875,-124.9520021,1000.41,1053.22,256.04,-0.5,1.7,0.00,124.74,124.74,HMR2300,9033.3,-10533.3,49080.0,51003.9,,,,,,,,RR1715,DLG,TXT: Pausing at 160 meters USR:eventlogger
J2-1011,ASNAP,2017/08/26 00:05:40,44.3691875,-124.9520021,1000.41,1053.22,253.57,-0.8,1.5,0.00,124.74,124.74,HMR2300,9566.7,-9713.3,49120.0,50976.9,,,,,,,,RR1715,,
J2-1011,ASNAP,2017/08/26 00:05:45,44.3691652,-124.9520736,994.71,1050.74,247.51,-0.5,1.0,0.00,124.78,124.78,HMR2300,11773.3,-8100.0,48906.7,50951.8,,,,,,,,RR1715,,
J2-1011,ASNAP,2017/08/26 00:05:50,44.3691546,-124.9521145,991.45,1049.56,247.55,-0.7,1.0,0.00,124.82,124.82,HMR2300,11226.7,-8386.7,48893.3,50861.9,,,,,,,,RR1715,,
J2-1011,ASNAP,2017/08/26 00:05:55,44.3691458,-124.9521368,989.67,1048.58,249.11,-0.6,1.3,0.00,124.84,124.84,HMR2300,11293.3,-8653.3,48946.7,50972.5,,,,,,,,RR1715,,
J2-1011,ASNAP,2017/08/26 00:06:00,44.3691330,-124.9521674,987.23,1047.16,248.66,-0.2,1.4,0.00,124.81,124.81,HMR2300,11706.7,-8780.0,48933.3,51074.5,,,,,,,,RR1715,,
J2-1011,ASNAP,2017/08/26 00:06:05,44.3691160,-124.9522194,983.09,1045.27,248.50,-0.4,1.2,0.00,124.75,124.75,HMR2300,11226.7,-8626.7,48806.7,50818.8,,,,,,,,RR1715,,
J2-1011,ASNAP,2017/08/26 00:06:10,44.3691079,-124.9522394,981.49,1044.37,250.14,-0.2,1.3,0.00,124.70,124.7,HMR2300,11693.3,-8806.7,49113.3,51248.5,,,,,,,,RR1715,,
J2-1011,ASNAP,2017/08/26 00:06:15,44.3690996,-124.9522692,979.12,1043.45,247.71,-0.4,1.3,0.00,124.81,124.81,HMR2300,12020.0,-8113.3,48493.3,50615.3,,,,,,,,RR1715,,
J2-1011,ASNAP,2017/08/26 00:06:20,44.3690738,-124.9523173,975.28,1040.58,203.76,-0.5,0.5,0.00,124.94,124.94,HMR2300,19686.7,6733.3,45386.7,49928.5,,,,,,,,RR1715,,
J2-1011,ASNAP,2017/08/26 00:06:25,44.3690677,-124.9523272,974.49,1039.91,200.94,0.3,-0.1,0.00,125.02,125.02,HMR2300,20606.7,6380.0,45613.3,50457.1,,,,,,,,RR1715,,
J2-1011,ASNAP,2017/08/26 00:06:30,44.3690557,-124.9523396,973.50,1038.57,212.37,0.7,1.3,0.00,125.02,125.02,HMR2300,19753.3,1493.3,46240.0,50304.7,,,,,,,,RR1715,,
J2-1011,ASNAP,2017/08/26 00:06:35,44.3690449,-124.9523632,971.62,1037.37,212.24,0.2,0.9,0.00,124.83,124.83,HMR2300,19393.3,2260.0,46773.3,50684.8,,,,,,,,RR1715,,
J2-1011,ASNAP,2017/08/26 00:06:40,44.3690094,-124.9523685,971.20,1033.43,209.58,-0.4,0.6,0.00,124.69,124.69,HMR2300,19293.3,3246.7,46473.3,50423.6,,,,,,,,RR1715,,
J2-1011,ASNAP,2017/08/26 00:06:45,44.3689954,-124.9523844,969.93,1031.87,209.96,0.1,0.7,0.00,124.67,124.67,HMR2300,19486.7,2933.3,46366.7,50380.6,,,,,,,,RR1715,,
J2-1011,ASNAP,2017/08/26 00:06:50,44.3689759,-124.9524000,968.69,1029.70,210.06,-0.2,0.6,0.00,124.91,124.91,HMR2300,19626.7,3080.0,46746.7,50793.1,,,,,,,,RR1715,,
J2-1011,ASNAP,2017/08/26 00:06:55,44.3689347,-124.9524189,967.18,1025.13,210.98,0.5,0.4,0.00,125.19,125.19,HMR2300,19980.0,2866.7,46193.3,50410.7,,,,,,,,RR1715,,
J2-1011,ASNAP,2017/08/26 00:07:00,44.3689190,-124.9524331,966.05,1023.38,211.25,-0.0,0.9,0.00,125.22,125.22,HMR2300,19500.0,2553.3,46553.3,50536.9,,,,,,,,RR1715,,
J2-1011,ASNAP,2017/08/26 00:07:05,44.3688979,-124.9524461,965.01,1021.04,211.61,1.4,0.2,0.00,125.07,125.07,HMR2300,20586.7,2726.7,46146.7,50604.0,,,,,,,,RR1715,,
J2-1011,ASNAP,2017/08/26 00:07:10,44.3688913,-124.9524651,963.50,1020.31,210.84,0.6,0.5,0.00,124.71,124.71,HMR2300,19980.0,2586.7,46433.3,50615.7,,,,,,,,RR1715,,
J2-1011,ASNAP,2017/08/26 00:07:15,44.3688421,-124.9524727,962.89,1014.84,210.14,1.1,0.4,0.00,124.48,124.48,HMR2300,20533.3,3053.3,45726.7,50218.2,,,,,,,,RR1715,,
J2-1011,ASNAP,2017/08/26 00:07:20,44.3688256,-124.9524775,962.51,1013.00,209.94,0.5,0.6,0.00,124.50,124.5,HMR2300,20200.0,2980.0,46433.3,50724.5,,,,,,,,RR1715,,
J2-1011,ASNAP,2017/08/26 00:07:25,44.3688021,-124.9524867,961.78,1010.39,209.08,2.3,0.3,0.00,124.79,124.79,HMR2300,22046.7,4000.0,45540.0,50753.8,,,,,,,,RR1715,,
J2-1011,ASNAP,2017/08/26 00:07:30,44.3687877,-124.9524968,960.97,1008.79,211.00,-0.6,1.0,0.00,125.04,125.04,HMR2300,19180.0,2500.0,46473.3,50337.8,,,,,,,,RR1715,,
J2-1011,ASNAP,2017/08/26 00:07:35,44.3687816,-124.9524845,961.95,1008.12,211.96,0.9,1.4,0.00,125.15,125.15,HMR2300,20206.7,1473.3,46413.3,50642.6,,,,,,,,RR1715,,
J2-1011,ASNAP,2017/08/26 00:07:40,44.3687822,-124.9524566,964.18,1008.18,219.46,0.2,2.4,0.00,125.02,125.02,HMR2300,18720.0,-1873.3,47433.3,51028.1,,,,,,,,RR1715,,
J2-1011,ASNAP,2017/08/26 00:07:45,44.3687787,-124.9524455,965.06,1007.79,226.16,0.1,2.2,0.00,124.84,124.84,HMR2300,17180.0,-3880.0,47693.3,50841.5,,,,,,,,RR1715,,
J2-1011,ASNAP,2017/08/26 00:07:50,44.3687861,-124.9524248,966.71,1008.61,233.97,-0.2,2.5,0.00,124.70,124.7,HMR2300,15060.0,-6480.0,48040.0,50760.6,,,,,,,,RR1715,,
J2-1011,ASNAP,2017/08/26 00:07:55,44.3687819,-124.9523887,969.59,1008.15,242.17,0.7,2.1,0.00,124.64,124.64,HMR2300,14286.7,-8200.0,48473.3,51195.8,,,,,,,,RR1715,,
J2-1011,ASNAP,2017/08/26 00:08:00,44.3687726,-124.9523521,972.51,1007.11,245.69,-1.5,1.8,0.00,124.71,124.71,HMR2300,11493.3,-8820.0,48946.7,51045.7,,,,,,,,RR1715,,
J2-1011,ASNAP,2017/08/26 00:08:05,44.3687564,-124.9523527,972.46,1005.32,253.20,-0.2,2.5,0.00,124.72,124.72,HMR2300,10260.0,-10573.3,48586.7,50771.3,,,,,,,,RR1715,,
J2-1011,ASNAP,2017/08/26 00:08:10,44.3687357,-124.9523281,974.42,1003.02,255.65,-0.0,2.5,0.00,124.71,124.71,HMR2300,8693.3,-11440.0,48246.7,50340.7,,,,,,,,RR1715,,
J2-1011,ASNAP,2017/08/26 00:08:15,44.3687246,-124.9523210,974.99,1001.78,250.70,-0.4,2.3,0.00,124.68,124.68,HMR2300,12093.3,-9566.7,49073.3,51438.9,,,,,,,,RR1715,,
J2-1011,ASNAP,2017/08/26 00:08:20,44.3687115,-124.9523093,975.92,1000.32,219.40,-0.3,1.9,0.00,124.65,124.65,HMR2300,18286.7,-686.7,47080.0,50511.4,,,,,,,,RR1715,,
J2-1011,ASNAP,2017/08/26 00:08:25,44.3687097,-124.9523117,975.73,1000.12,211.93,0.1,1.5,0.00,124.69,124.69,HMR2300,19626.7,1973.3,46573.3,50578.4,,,,,,,,RR1715,,
J2-1011,ASNAP,2017/08/26 00:08:30,44.3686925,-124.9523083,976.00,998.21,218.30,-0.1,1.4,0.00,124.68,124.68,HMR2300,18740.0,-626.7,47493.3,51060.7,,,,,,,,RR1715,,
J2-1011,ASNAP,2017/08/26 00:08:35,44.3686755,-124.9523141,975.54,996.33,217.05,-1.0,1.5,0.00,124.72,124.72,HMR2300,18233.3,106.7,47386.7,50773.6,,,,,,,,RR1715,,
J2-1011,ASNAP,2017/08/26 00:08:40,44.3686614,-124.9523251,974.66,994.76,213.62,-0.4,1.4,0.00,124.77,124.77,HMR2300,18900.0,1300.0,46806.7,50495.2,,,,,,,,RR1715,,
J2-1011,ASNAP,2017/08/26 00:08:45,44.3686298,-124.9523563,972.17,991.25,214.48,0.2,1.4,0.00,124.85,124.85,HMR2300,19086.7,753.3,46613.3,50375.3,,,,,,,,RR1715,,
J2-1011,ASNAP,2017/08/26 00:08:50,44.3686234,-124.9523652,971.46,990.54,215.06,0.0,1.4,0.00,124.87,124.87,HMR2300,19373.3,820.0,46733.3,50596.5,,,,,,,,RR1715,,
J2-1011,ASNAP,2017/08/26 00:08:55,44.3686003,-124.9523841,969.96,987.97,214.48,0.4,1.3,0.00,124.82,124.82,HMR2300,19720.0,966.7,46713.3,50714.4,,,,,,,,RR1715,,
J2-1011,ASNAP,2017/08/26 00:09:00,44.3685811,-124.9523927,969.27,985.84,214.60,0.6,1.3,0.00,124.75,124.75,HMR2300,19580.0,980.0,46573.3,50531.3,,,,,,,,RR1715,,
J2-1011,ASNAP,2017/08/26 00:09:05,44.3685545,-124.9524234,966.82,982.88,212.91,0.2,1.3,0.00,124.72,124.72,HMR2300,19686.7,1766.7,46866.7,50864.2,,,,,,,,RR1715,,
J2-1011,ASNAP,2017/08/26 00:09:10,44.3685424,-124.9524381,965.65,981.53,213.39,0.5,1.1,0.00,124.74,124.74,HMR2300,19553.3,1280.0,46700.0,50644.5,,,,,,,,RR1715,,
J2-1011,ASNAP,2017/08/26 00:09:15,44.3685396,-124.9524410,965.42,981.22,214.56,0.2,1.3,0.00,124.77,124.77,HMR2300,19333.3,900.0,46820.0,50662.6,,,,,,,,RR1715,,
J2-1011,ASNAP,2017/08/26 00:09:20,44.3685327,-124.9524448,965.12,980.46,214.02,0.1,1.3,0.00,124.74,124.74,HMR2300,19486.7,1140.0,46826.7,50732.3,,,,,,,,RR1715,,
J2-1011,ASNAP,2017/08/26 00:09:25,44.3685347,-124.9524576,964.10,980.68,213.60,0.1,1.3,0.00,124.69,124.69,HMR2300,19226.7,1086.7,46680.0,50496.2,,,,,,,,RR1715,,
J2-1011,ASNAP,2017/08/26 00:09:30,44.3685303,-124.9524443,965.16,980.19,213.66,0.2,1.2,0.00,124.67,124.67,HMR2300,19206.7,1226.7,46513.3,50337.8,,,,,,,,RR1715,,
J2-1011,ASNAP,2017/08/26 00:09:35,44.3685212,-124.9524430,965.26,979.18,213.98,-0.1,1.3,0.00,124.68,124.68,HMR2300,18920.0,993.3,46666.7,50366.0,,,,,,,,RR1715,,
J2-1011,ASNAP,2017/08/26 00:09:40,44.3685271,-124.9524433,965.24,979.83,213.53,-0.0,1.2,0.00,124.67,124.67,HMR2300,19306.7,1213.3,46873.3,50708.3,,,,,,,,RR1715,,
J2-1011,ASNAP,2017/08/26 00:09:45,44.3685376,-124.9524426,965.29,981.00,213.46,0.1,1.3,0.00,124.69,124.69,HMR2300,18913.3,1220.0,46480.0,50195.5,,,,,,,,RR1715,,
J2-1011,ASNAP,2017/08/26 00:09:50,44.3685455,-124.9524475,964.90,981.88,209.46,-0.2,1.4,0.00,124.70,124.7,HMR2300,19600.0,3006.7,46700.0,50735.5,,,,,,,,RR1715,,
J2-1011,ASNAP,2017/08/26 00:09:55,44.3685579,-124.9524555,964.26,983.26,171.65,-0.6,0.8,0.00,124.71,124.71,HMR2300,17780.0,17633.3,42380.0,49225.3,,,,,,,,RR1715,,
J2-1011,ASNAP,2017/08/26 00:10:00,44.3685469,-124.9524340,965.98,982.04,168.53,-0.5,0.6,0.00,124.71,124.71,HMR2300,18133.3,17813.3,42560.0,49573.0,,,,,,,,RR1715,,
J2-1011,ASNAP,2017/08/26 00:10:05,44.3685418,-124.9524086,968.00,981.47,169.98,-0.8,0.8,0.00,124.66,124.66,HMR2300,17573.3,16906.7,42860.0,49311.6,,,,,,,,RR1715,,
J2-1011,ASNAP,2017/08/26 00:10:10,44.3685301,-124.9523983,968.82,980.17,170.74,-0.8,0.7,0.00,124.63,124.63,HMR2300,17693.3,16793.3,42960.0,49402.8,,,,,,,,RR1715,,
J2-1011,ASNAP,2017/08/26 00:10:15,44.3685377,-124.9523916,969.36,981.01,171.04,-0.9,0.8,0.00,124.62,124.62,HMR2300,17666.7,16653.3,43046.7,49421.3,,,,,,,,RR1715,,
J2-1011,ASNAP,2017/08/26 00:10:20,44.3685334,-124.9523795,970.32,980.54,170.72,-0.9,0.8,0.00,124.65,124.65,HMR2300,17513.3,16746.7,42833.3,49212.4,,,,,,,,RR1715,,
J2-1011,ASNAP,2017/08/26 00:10:25,44.3685229,-124.9523580,972.04,979.37,170.30,-0.8,1.0,0.00,124.66,124.66,HMR2300,17820.0,16713.3,43220.0,49647.3,,,,,,,,RR1715,,
J2-1011,ASNAP,2017/08/26 00:10:30,44.3685182,-124.9523591,971.95,978.85,170.08,-0.8,1.0,0.00,124.70,124.7,HMR2300,17293.3,17180.0,42086.7,48636.4,,,,,,,,RR1715,,
J2-1011,ASNAP,2017/08/26 00:10:35,44.3685030,-124.9523449,973.08,977.16,169.97,-0.7,1.0,0.00,124.72,124.72,HMR2300,17813.3,16980.0,42926.7,49480.6,,,,,,,,RR1715,,
J2-1011,ASNAP,2017/08/26 00:10:40,44.3685002,-124.9523231,974.82,976.85,169.88,-0.7,1.0,0.00,124.71,124.71,HMR2300,17646.7,17233.3,42453.3,49098.7,,,,,,,,RR1715,,
J2-1011,ASNAP,2017/08/26 00:10:45,44.3684910,-124.9523146,975.50,975.82,169.72,-0.7,1.1,0.00,124.68,124.68,HMR2300,17726.7,16646.7,43166.7,49545.0,,,,,,,,RR1715,,
J2-1011,ASNAP,2017/08/26 00:10:50,44.3684855,-124.9522984,976.79,975.21,173.52,-0.8,1.1,0.00,124.66,124.66,HMR2300,18340.0,15113.3,43340.0,49428.0,,,,,,,,RR1715,,
J2-1011,ASNAP,2017/08/26 00:10:55,44.3684895,-124.9522798,978.27,975.66,204.83,-0.7,1.4,0.00,124.65,124.65,HMR2300,19100.0,3253.3,46286.7,50178.2,,,,,,,,RR1715,,
J2-1011,ASNAP,2017/08/26 00:11:00,44.3684992,-124.9522722,978.88,976.73,240.64,-0.6,2.2,0.00,124.68,124.68,HMR2300,13406.7,-7493.3,48226.7,50613.2,,,,,,,,RR1715,,
J2-1011,ASNAP,2017/08/26 00:11:05,44.3685053,-124.9522631,979.60,977.41,228.80,-0.5,1.7,0.00,124.66,124.66,HMR2300,16386.7,-3946.7,47760.0,50647.0,,,,,,,,RR1715,,
J2-1011,ASNAP,2017/08/26 00:11:10,44.3685074,-124.9522581,980.00,977.65,230.36,-1.0,1.6,0.00,124.66,124.66,HMR2300,15826.7,-4206.7,48160.0,50868.1,,,,,,,,RR1715,,
J2-1011,ASNAP,2017/08/26 00:11:15,44.3685047,-124.9522562,980.15,977.35,230.64,-0.8,1.6,0.00,124.65,124.65,HMR2300,15813.3,-4333.3,48040.0,50761.0,,,,,,,,RR1715,,
J2-1011,ASNAP,2017/08/26 00:11:20,44.3684965,-124.9522552,980.23,976.44,231.31,-0.5,1.7,0.00,124.67,124.67,HMR2300,16113.3,-4546.7,48253.3,51075.4,,,,,,,,RR1715,,
J2-1011,ASNAP,2017/08/26 00:11:25,44.3685004,-124.9522582,979.99,976.87,231.14,-0.5,1.7,0.00,124.68,124.68,HMR2300,15726.7,-4506.7,47673.3,50402.2,,,,,,,,RR1715,,
J2-1011,ASNAP,2017/08/26 00:11:30,44.3684861,-124.9522807,978.20,975.28,231.10,-0.6,1.6,0.00,124.67,124.67,HMR2300,15993.3,-4580.0,48306.7,51091.1,,,,,,,,RR1715,,
J2-1011,ASNAP,2017/08/26 00:11:35,44.3684854,-124.9522904,977.43,975.20,230.54,-0.5,1.6,0.00,124.69,124.69,HMR2300,16106.7,-4140.0,47960.0,50761.5,,,,,,,,RR1715,,
J2-1011,ASNAP,2017/08/26 00:11:40,44.3684839,-124.9522947,977.08,975.04,230.51,-0.4,1.5,0.00,124.72,124.72,HMR2300,16373.3,-4246.7,48153.3,51037.9,,,,,,,,RR1715,,
J2-1011,ASNAP,2017/08/26 00:11:45,44.3684726,-124.9523058,976.20,973.78,230.63,-0.4,1.5,0.00,124.75,124.75,HMR2300,16173.3,-4306.7,48013.3,50846.9,,,,,,,,RR1715,,
J2-1011,ASNAP,2017/08/26 00:11:50,44.3684685,-124.9523163,975.36,973.32,230.62,-0.2,1.5,0.00,124.74,124.74,HMR2300,16113.3,-4393.3,47860.0,50690.4,,,,,,,,RR1715,,
J2-1011,ASNAP,2017/08/26 00:11:55,44.3684641,-124.9523389,973.56,972.83,230.45,-0.1,1.5,0.00,124.72,124.72,HMR2300,16726.7,-4260.0,48253.3,51247.6,,,,,,,,RR1715,,
J2-1011,ASNAP,2017/08/26 00:12:00,44.3684635,-124.9523339,973.96,972.77,230.51,-0.2,1.5,0.00,124.69,124.69,HMR2300,16120.0,-4453.3,47860.0,50697.8,,,,,,,,RR1715,,
J2-1011,ASNAP,2017/08/26 00:12:05,44.3684542,-124.9523450,973.07,971.73,230.74,-0.1,1.5,0.00,124.67,124.67,HMR2300,16293.3,-4226.7,47906.7,50777.8,,,,,,,,RR1715,,
J2-1011,ASNAP,2017/08/26 00:12:10,44.3684534,-124.9523429,973.24,971.65,230.75,-0.2,1.5,0.00,124.65,124.65,HMR2300,16293.3,-4426.7,48060.0,50939.5,,,,,,,,RR1715,,
J2-1011,ASNAP,2017/08/26 00:12:15,44.3684515,-124.9523532,972.42,971.44,230.79,-0.2,1.5,0.00,124.66,124.66,HMR2300,16140.0,-4500.0,47980.0,50821.6,,,,,,,,RR1715,,
J2-1011,ASNAP,2017/08/26 00:12:20,44.3684530,-124.9523435,973.19,971.60,230.82,-0.2,1.5,0.00,124.67,124.67,HMR2300,16086.7,-4533.3,47946.7,50776.1,,,,,,,,RR1715,,
J2-1011,ASNAP,2017/08/26 00:12:25,44.3684579,-124.9523557,972.22,972.15,230.74,-0.3,1.5,0.00,124.67,124.67,HMR2300,16093.3,-4520.0,48006.7,50833.7,,,,,,,,RR1715,,
J2-1011,ASNAP,2017/08/26 00:12:30,44.3684573,-124.9523501,972.67,972.08,230.69,-0.3,1.5,0.00,124.65,124.65,HMR2300,16026.7,-4346.7,47846.7,50646.3,,,,,,,,RR1715,,
J2-1011,ASNAP,2017/08/26 00:12:35,44.3684670,-124.9523580,972.04,973.16,230.62,-0.3,1.5,0.00,124.65,124.65,HMR2300,16240.0,-4300.0,48086.7,50936.8,,,,,,,,RR1715,,
J2-1011,ASNAP,2017/08/26 00:12:40,44.3684705,-124.9523689,971.17,973.55,230.66,-0.3,1.5,0.00,124.63,124.63,HMR2300,16113.3,-4313.3,47993.3,50809.5,,,,,,,,RR1715,,
J2-1011,ASNAP,2017/08/26 00:12:45,44.3684710,-124.9523759,970.61,973.60,230.55,-0.4,1.5,0.00,124.64,124.64,HMR2300,15993.3,-4253.3,47886.7,50665.7,,,,,,,,RR1715,,
J2-1011,ASNAP,2017/08/26 00:12:50,44.3684688,-124.9523779,970.45,973.36,230.62,-0.4,1.4,0.00,124.63,124.63,HMR2300,16126.7,-4260.0,48013.3,50828.1,,,,,,,,RR1715,,
J2-1011,ASNAP,2017/08/26 00:12:55,44.3684783,-124.9523788,970.38,974.41,230.61,-0.5,1.4,0.00,124.63,124.63,HMR2300,15986.7,-4186.7,47933.3,50702.1,,,,,,,,RR1715,,
J2-1011,ASNAP,2017/08/26 00:13:00,44.3684711,-124.9523942,969.15,973.61,230.61,-0.4,1.4,0.00,124.63,124.63,HMR2300,16106.7,-4286.7,48020.0,50830.3,,,,,,,,RR1715,,
J2-1011,ASNAP,2017/08/26 00:13:05,44.3684989,-124.9523689,971.17,976.70,230.58,-0.5,1.5,0.00,124.64,124.64,HMR2300,16000.0,-4253.3,48006.7,50781.2,,,,,,,,RR1715,,
J2-1011,ASNAP,2017/08/26 00:13:10,44.3685080,-124.9523726,970.87,977.71,230.55,-0.4,1.4,0.00,124.63,124.63,HMR2300,16113.3,-4233.3,47986.7,50796.5,,,,,,,,RR1715,,
J2-1011,ASNAP,2017/08/26 00:13:15,44.3684927,-124.9523689,971.17,976.01,230.52,-0.5,1.4,0.00,124.63,124.63,HMR2300,16020.0,-4160.0,47926.7,50704.2,,,,,,,,RR1715,,
J2-1011,ASNAP,2017/08/26 00:13:20,44.3685037,-124.9523721,970.91,977.23,230.51,-0.4,1.4,0.00,124.61,124.61,HMR2300,16106.7,-4273.3,48066.7,50873.3,,,,,,,,RR1715,,
J2-1011,ASNAP,2017/08/26 00:13:25,44.3685056,-124.9523718,970.94,977.45,230.54,-0.5,1.4,0.00,124.63,124.63,HMR2300,16033.3,-4233.3,48020.0,50802.7,,,,,,,,RR1715,,
J2-1011,ASNAP,2017/08/26 00:13:30,44.3685080,-124.9523573,972.09,977.71,230.52,-0.4,1.4,0.00,124.64,124.64,HMR2300,16053.3,-4206.7,47973.3,50762.6,,,,,,,,RR1715,,
J2-1011,ASNAP,2017/08/26 00:13:35,44.3685143,-124.9523667,971.34,978.41,230.52,-0.5,1.4,0.00,124.64,124.64,HMR2300,16006.7,-4213.3,48033.3,50805.2,,,,,,,,RR1715,,
J2-1011,ASNAP,2017/08/26 00:13:40,44.3685106,-124.9523669,971.33,978.00,230.52,-0.4,1.4,0.00,124.62,124.62,HMR2300,16140.0,-4180.0,48053.3,50863.5,,,,,,,,RR1715,,
J2-1011,ASNAP,2017/08/26 00:13:45,44.3685181,-124.9523660,971.40,978.83,230.48,-0.5,1.4,0.00,124.62,124.62,HMR2300,16073.3,-4160.0,48073.3,50859.6,,,,,,,,RR1715,,
J2-1011,ASNAP,2017/08/26 00:13:50,44.3685134,-124.9523542,972.34,978.31,230.54,-0.4,1.4,0.00,124.63,124.63,HMR2300,16173.3,-4200.0,48060.0,50882.0,,,,,,,,RR1715,,
J2-1011,ASNAP,2017/08/26 00:13:55,44.3685322,-124.9523583,972.01,980.40,230.47,-0.4,1.4,0.00,124.64,124.64,HMR2300,15993.3,-4213.3,47873.3,50649.7,,,,,,,,RR1715,,
J2-1011,ASNAP,2017/08/26 00:14:00,44.3685351,-124.9523736,970.79,980.72,230.52,-0.4,1.4,0.00,124.65,124.65,HMR2300,16186.7,-4186.7,48100.0,50922.9,,,,,,,,RR1715,,
J2-1011,ASNAP,2017/08/26 00:14:05,44.3685192,-124.9523691,971.15,978.96,230.44,-0.4,1.4,0.00,124.63,124.63,HMR2300,16126.7,-4186.7,48073.3,50878.7,,,,,,,,RR1715,,
J2-1011,ASNAP,2017/08/26 00:14:10,44.3685316,-124.9523664,971.37,980.34,230.46,-0.5,1.4,0.00,124.63,124.63,HMR2300,15960.0,-4200.0,47946.7,50707.4,,,,,,,,RR1715,,
J2-1011,ASNAP,2017/08/26 00:14:15,44.3685242,-124.9523517,972.54,979.51,230.43,-0.5,1.4,0.00,124.64,124.64,HMR2300,16020.0,-4213.3,48040.0,50815.7,,,,,,,,RR1715,,
J2-1011,ASNAP,2017/08/26 00:14:20,44.3685335,-124.9523395,973.51,980.55,230.45,-0.5,1.4,0.00,124.65,124.65,HMR2300,16026.7,-4066.7,47973.3,50742.8,,,,,,,,RR1715,,
J2-1011,ASNAP,2017/08/26 00:14:25,44.3685383,-124.9523432,973.22,981.08,230.46,-0.5,1.4,0.00,124.65,124.65,HMR2300,16033.3,-4233.3,48040.0,50821.6,,,,,,,,RR1715,,
J2-1011,ASNAP,2017/08/26 00:14:30,44.3685370,-124.9523267,974.53,980.93,230.46,-0.5,1.4,0.00,124.65,124.65,HMR2300,16133.3,-4186.7,48146.7,50950.1,,,,,,,,RR1715,,
J2-1011,ASNAP,2017/08/26 00:14:35,44.3685374,-124.9523227,974.85,980.98,230.43,-0.5,1.5,0.00,124.65,124.65,HMR2300,15960.0,-4126.7,47880.0,50638.4,,,,,,,,RR1715,,
J2-1011,ASNAP,2017/08/26 00:14:40,44.3685358,-124.9523188,975.16,980.80,230.39,-0.5,1.4,0.00,124.65,124.65,HMR2300,16160.0,-4100.0,48153.3,50957.8,,,,,,,,RR1715,,
J2-1011,ASNAP,2017/08/26 00:14:45,44.3685402,-124.9523134,975.59,981.29,230.41,-0.6,1.4,0.00,124.66,124.66,HMR2300,15960.0,-4066.7,47926.7,50677.7,,,,,,,,RR1715,,
J2-1011,ASNAP,2017/08/26 00:14:50,44.3685400,-124.9523178,975.24,981.27,230.42,-0.6,1.4,0.00,124.65,124.65,HMR2300,15993.3,-4133.3,48040.0,50800.7,,,,,,,,RR1715,,
J2-1011,ASNAP,2017/08/26 00:14:55,44.3685388,-124.9523200,975.07,981.14,230.42,-0.6,1.4,0.00,124.66,124.66,HMR2300,15893.3,-4060.0,47780.0,50517.4,,,,,,,,RR1715,,
J2-1011,ASNAP,2017/08/26 00:15:00,44.3685361,-124.9523164,975.35,980.83,230.44,-0.6,1.4,0.00,124.65,124.65,HMR2300,15980.0,-4206.7,48086.7,50846.7,,,,,,,,RR1715,,
J2-1011,ASNAP,2017/08/26 00:15:05,44.3685352,-124.9523131,975.62,980.74,230.44,-0.6,1.4,0.00,124.65,124.65,HMR2300,16033.3,-4193.3,48146.7,50919.1,,,,,,,,RR1715,,
J2-1011,ASNAP,2017/08/26 00:15:10,44.3685339,-124.9523141,975.54,980.59,230.43,-0.6,1.4,0.00,124.65,124.65,HMR2300,15846.7,-4206.7,47940.0,50666.1,,,,,,,,RR1715,,
J2-1011,ASNAP,2017/08/26 00:15:15,44.3685394,-124.9523183,975.20,981.20,230.44,-0.6,1.4,0.00,124.65,124.65,HMR2300,15746.7,-4133.3,47753.3,50452.2,,,,,,,,RR1715,,
J2-1011,ASNAP,2017/08/26 00:15:20,44.3685433,-124.9523186,975.18,981.63,230.41,-0.6,1.5,0.00,124.65,124.65,HMR2300,15966.7,-4253.3,48146.7,50903.1,,,,,,,,RR1715,,
J2-1011,ASNAP,2017/08/26 00:15:25,44.3685431,-124.9523260,974.59,981.61,230.39,-0.6,1.4,0.00,124.65,124.65,HMR2300,15946.7,-4153.3,48006.7,50756.1,,,,,,,,RR1715,,
J2-1011,ASNAP,2017/08/26 00:15:30,44.3685418,-124.9523151,975.46,981.47,230.42,-0.6,1.4,0.00,124.63,124.63,HMR2300,15946.7,-4206.7,48033.3,50785.8,,,,,,,,RR1715,,
J2-1011,ASNAP,2017/08/26 00:15:35,44.3685415,-124.9523184,975.19,981.43,230.41,-0.5,1.4,0.00,124.63,124.63,HMR2300,15966.7,-4180.0,48040.0,50796.1,,,,,,,,RR1715,,
J2-1011,ASNAP,2017/08/26 00:15:40,44.3685338,-124.9523420,973.31,980.58,230.40,-0.5,1.5,0.00,124.63,124.63,HMR2300,15960.0,-4233.3,48006.7,50766.9,,,,,,,,RR1715,,
J2-1011,ASNAP,2017/08/26 00:15:45,44.3685523,-124.9523272,974.49,982.63,230.40,-0.6,1.5,0.00,124.63,124.63,HMR2300,15906.7,-4186.7,48006.7,50746.3,,,,,,,,RR1715,,
J2-1011,ASNAP,2017/08/26 00:15:50,44.3685533,-124.9523149,975.47,982.75,230.97,-0.2,1.4,0.00,124.54,124.54,HMR2300,16206.7,-4160.0,48220.0,51040.5,,,,,,,,RR1715,,
J2-1011,ASNAP,2017/08/26 00:15:55,44.3685538,-124.9523156,975.42,982.80,231.65,-0.4,1.7,0.00,124.29,124.29,HMR2300,15766.7,-4540.0,48126.7,50846.6,,,,,,,,RR1715,,
J2-1011,ASNAP,2017/08/26 00:16:00,44.3685659,-124.9523046,976.29,984.15,231.50,-0.8,1.4,0.00,123.38,123.38,HMR2300,15553.3,-4433.3,48040.0,50689.3,,,,,,,,RR1715,,
J2-1011,ASNAP,2017/08/26 00:16:05,44.3685747,-124.9523207,975.01,985.12,231.13,-0.9,1.4,0.00,122.15,122.15,HMR2300,15420.0,-4313.3,48066.7,50663.5,,,,,,,,RR1715,,
J2-1011,ASNAP,2017/08/26 00:16:10,44.3685817,-124.9522983,976.80,985.90,232.31,-0.4,1.7,0.00,120.70,120.7,HMR2300,15646.7,-4886.7,48060.0,50778.6,,,,,,,,RR1715,,
J2-1011,ASNAP,2017/08/26 00:16:15,44.3685855,-124.9522890,977.54,986.32,230.64,-0.4,0.7,0.00,119.58,119.58,HMR2300,16086.7,-3693.3,48006.7,50764.8,,,,,,,,RR1715,,
J2-1011,ASNAP,2017/08/26 00:16:20,44.3685875,-124.9522757,978.60,986.55,230.82,-1.0,1.2,0.00,118.11,118.11,HMR2300,15486.7,-4026.7,48146.7,50736.1,,,,,,,,RR1715,,
J2-1011,ASNAP,2017/08/26 00:16:25,44.3685876,-124.9522801,978.25,986.56,230.50,-0.9,1.5,0.00,116.57,116.57,HMR2300,15653.3,-4353.3,48106.7,50776.3,,,,,,,,RR1715,,
J2-1011,ASNAP,2017/08/26 00:16:30,44.3685836,-124.9522852,977.84,986.11,231.80,-0.8,2.2,0.00,114.97,114.97,HMR2300,15433.3,-5073.3,48146.7,50813.7,,,,,,,,RR1715,,
J2-1011,ASNAP,2017/08/26 00:16:35,44.3685883,-124.9523069,976.11,986.64,231.53,-0.3,2.0,0.00,113.90,113.9,HMR2300,15873.3,-5446.7,48026.7,50874.3,,,,,,,,RR1715,,
J2-1011,ASNAP,2017/08/26 00:16:40,44.3685883,-124.9523069,976.11,986.64,230.56,-0.4,1.8,0.00,112.84,112.84,HMR2300,16706.7,-4506.7,48666.7,51651.4,,,,,,,,RR1715,,
J2-1011,ASNAP,2017/08/26 00:16:45,44.3685639,-124.9523195,975.11,983.92,229.95,-0.6,1.4,0.00,112.23,112.23,HMR2300,16693.3,-4080.0,48640.0,51586.5,,,,,,,,RR1715,,
J2-1011,ASNAP,2017/08/26 00:16:50,44.3685615,-124.9523384,973.60,983.66,230.43,-0.2,1.4,0.00,111.82,111.82,HMR2300,16840.0,-4280.0,48620.0,51631.5,,,,,,,,RR1715,,
J2-1011,ASNAP,2017/08/26 00:16:55,44.3685396,-124.9523639,971.57,981.22,230.35,0.2,1.4,0.00,111.61,111.61,HMR2300,17226.7,-4333.3,48520.0,51669.4,,,,,,,,RR1715,,
J2-1011,ASNAP,2017/08/26 00:17:00,44.3685276,-124.9523828,970.06,979.89,230.13,-0.4,1.4,0.00,111.44,111.44,HMR2300,16886.7,-4213.3,48586.7,51609.8,,,,,,,,RR1715,,
J2-1011,ASNAP,2017/08/26 00:17:05,44.3685158,-124.9524009,968.62,978.58,230.32,0.1,1.5,0.00,111.37,111.37,HMR2300,17133.3,-4340.0,48533.3,51651.4,,,,,,,,RR1715,,
J2-1011,ASNAP,2017/08/26 00:17:10,44.3685055,-124.9524089,967.98,977.43,230.32,-0.2,1.5,0.00,111.35,111.35,HMR2300,16873.3,-4313.3,48593.3,51620.0,,,,,,,,RR1715,,
J2-1011,ASNAP,2017/08/26 00:17:15,44.3684878,-124.9524377,965.68,975.47,230.30,-0.0,1.4,0.00,111.39,111.39,HMR2300,16986.7,-4286.7,48560.0,51623.6,,,,,,,,RR1715,,
J2-1011,ASNAP,2017/08/26 00:17:20,44.3684778,-124.9524512,964.61,974.36,230.38,0.4,1.3,0.00,111.40,111.4,HMR2300,17293.3,-4246.7,48513.3,51678.2,,,,,,,,RR1715,,
J2-1011,ASNAP,2017/08/26 00:17:25,44.3684662,-124.9524678,963.28,973.07,230.74,3.7,0.9,0.00,111.23,111.23,HMR2300,19966.7,-4306.7,47620.0,51815.8,,,,,,,,RR1715,,
J2-1011,ASNAP,2017/08/26 00:17:30,44.3684546,-124.9524769,962.56,971.78,230.73,1.8,0.9,0.00,110.36,110.36,HMR2300,18226.7,-3933.3,47253.3,50799.2,,,,,,,,RR1715,,
J2-1011,ASNAP,2017/08/26 00:17:35,44.3684501,-124.9524790,962.39,971.28,230.48,-0.2,2.2,0.00,109.00,109,HMR2300,16480.0,-4946.7,47800.0,50802.6,,,,,,,,RR1715,,
J2-1011,ASNAP,2017/08/26 00:17:40,44.3684529,-124.9524685,963.23,971.59,231.61,1.5,2.0,0.00,106.90,106.9,HMR2300,17186.7,-5213.3,47586.7,50863.1,,,,,,,,RR1715,,
J2-1011,ASNAP,2017/08/26 00:17:45,44.3684652,-124.9524574,964.11,972.96,231.28,-0.4,2.0,0.00,104.82,104.82,HMR2300,15933.3,-4786.7,47966.7,50769.9,,,,,,,,RR1715,,
J2-1011,ASNAP,2017/08/26 00:17:50,44.3684892,-124.9524285,966.42,975.62,230.90,0.9,2.0,0.00,102.84,102.84,HMR2300,16926.7,-4833.3,47660.0,50807.0,,,,,,,,RR1715,,
J2-1011,ASNAP,2017/08/26 00:17:55,44.3685006,-124.9524201,967.09,976.89,231.40,-0.0,2.0,0.00,101.25,101.25,HMR2300,16173.3,-5120.0,48026.7,50934.8,,,,,,,,RR1715,,
J2-1011,ASNAP,2017/08/26 00:18:00,44.3685125,-124.9523996,968.72,978.21,231.52,1.8,1.9,0.00,99.12,99.12,HMR2300,17706.7,-5033.3,47540.0,50979.5,,,,,,,,RR1715,,
J2-1011,ASNAP,2017/08/26 00:18:05,44.3685190,-124.9523828,970.06,978.94,231.17,-0.5,2.2,0.00,96.81,96.81,HMR2300,15900.0,-5046.7,48033.3,50847.6,,,,,,,,RR1715,,
J2-1011,ASNAP,2017/08/26 00:18:10,44.3685326,-124.9523925,969.29,980.45,231.05,1.0,2.0,0.00,94.50,94.5,HMR2300,16786.7,-4920.0,47753.3,50856.5,,,,,,,,RR1715,,
J2-1011,ASNAP,2017/08/26 00:18:15,44.3685307,-124.9523662,971.38,980.23,231.25,-0.4,2.1,0.00,92.74,92.74,HMR2300,15740.0,-4946.7,47993.3,50750.1,,,,,,,,RR1715,,
J2-1011,ASNAP,2017/08/26 00:18:20,44.3685369,-124.9523662,971.38,980.92,231.07,-0.6,1.9,0.00,90.44,90.44,HMR2300,15686.7,-4753.3,47993.3,50715.1,,,,,,,,RR1715,,
J2-1011,ASNAP,2017/08/26 00:18:25,44.3685370,-124.9523517,972.54,980.94,231.13,-1.0,2.0,0.00,88.19,88.19,HMR2300,15420.0,-4853.3,48026.7,50674.4,,,,,,,,RR1715,,
J2-1011,ASNAP,2017/08/26 00:18:30,44.3685405,-124.9523514,972.56,981.32,231.12,-0.6,3.0,0.00,86.05,86.05,HMR2300,16006.7,-5166.7,47980.0,50842.8,,,,,,,,RR1715,,
J2-1011,ASNAP,2017/08/26 00:18:35,44.3685470,-124.9523459,973.00,982.05,231.19,0.5,1.4,0.00,85.34,85.34,HMR2300,16680.0,-4380.0,47740.0,50759.4,,,,,,,,RR1715,,
J2-1011,ASNAP,2017/08/26 00:18:40,44.3685363,-124.9523493,972.73,980.86,230.53,0.5,1.0,0.00,85.96,85.96,HMR2300,16940.0,-3606.7,47693.3,50740.8,,,,,,,,RR1715,,
J2-1011,ASNAP,2017/08/26 00:18:45,44.3685298,-124.9523588,971.97,980.13,229.89,0.7,1.8,0.00,87.19,87.19,HMR2300,16986.7,-4440.0,47660.0,50791.1,,,,,,,,RR1715,,
J2-1011,ASNAP,2017/08/26 00:18:50,44.3685238,-124.9523704,971.05,979.47,229.95,0.1,1.0,0.00,87.65,87.65,HMR2300,16680.0,-3660.0,47860.0,50815.3,,,,,,,,RR1715,,
J2-1011,ASNAP,2017/08/26 00:18:55,44.3685081,-124.9523828,970.06,977.72,230.76,0.7,1.4,0.00,87.48,87.48,HMR2300,16733.3,-4233.3,47420.0,50463.7,,,,,,,,RR1715,,
J2-1011,ASNAP,2017/08/26 00:19:00,44.3685000,-124.9523926,969.28,976.82,230.83,0.7,1.6,0.00,87.02,87.02,HMR2300,16886.7,-4380.0,47620.0,50715.0,,,,,,,,RR1715,,
J2-1011,ASNAP,2017/08/26 00:19:05,44.3684934,-124.9524019,968.54,976.09,230.08,-0.2,1.3,0.00,86.85,86.85,HMR2300,16513.3,-4106.7,48126.7,51046.4,,,,,,,,RR1715,,
J2-1011,ASNAP,2017/08/26 00:19:10,44.3684907,-124.9524103,967.87,975.79,230.11,0.2,1.3,0.00,86.90,86.9,HMR2300,16606.7,-4126.7,47900.0,50864.7,,,,,,,,RR1715,,
J2-1011,ASNAP,2017/08/26 00:19:15,44.3684690,-124.9524449,965.11,973.38,230.36,0.6,1.4,0.00,87.00,87,HMR2300,16900.0,-4186.7,47653.3,50734.4,,,,,,,,RR1715,,
J2-1011,ASNAP,2017/08/26 00:19:20,44.3684610,-124.9524539,964.39,972.49,230.36,0.1,1.5,0.00,87.13,87.13,HMR2300,16720.0,-4280.0,47900.0,50914.5,,,,,,,,RR1715,,
J2-1011,ASNAP,2017/08/26 00:19:25,44.3684536,-124.9524670,963.35,971.67,230.52,0.4,1.5,0.00,87.11,87.11,HMR2300,16546.7,-4433.3,47793.3,50770.6,,,,,,,,RR1715,,
J2-1011,ASNAP,2017/08/26 00:19:30,44.3684340,-124.9524855,961.87,969.49,230.47,1.5,1.4,0.00,87.04,87.04,HMR2300,17666.7,-4240.0,47520.0,50874.7,,,,,,,,RR1715,,
J2-1011,ASNAP,2017/08/26 00:19:35,44.3684338,-124.9524962,961.02,969.47,230.59,0.8,1.4,0.00,86.92,86.92,HMR2300,17273.3,-4413.3,47813.3,51029.0,,,,,,,,RR1715,,
J2-1011,ASNAP,2017/08/26 00:19:40,44.3684287,-124.9525138,959.62,968.90,230.50,3.4,1.3,0.00,86.78,86.78,HMR2300,19366.7,-4353.3,47240.0,51241.0,,,,,,,,RR1715,,
J2-1011,ASNAP,2017/08/26 00:19:45,44.3684192,-124.9525115,959.80,967.85,230.45,1.8,1.3,0.00,86.52,86.52,HMR2300,18253.3,-4160.0,47326.7,50895.0,,,,,,,,RR1715,,
J2-1011,ASNAP,2017/08/26 00:19:50,44.3684138,-124.9525196,959.15,967.25,230.31,4.2,1.1,0.00,86.45,86.45,HMR2300,19486.7,-4153.3,46886.7,50944.5,,,,,,,,RR1715,,
J2-1011,ASNAP,2017/08/26 00:19:55,44.3684098,-124.9525112,959.82,966.80,230.55,3.0,1.1,0.00,86.30,86.3,HMR2300,19240.0,-4313.3,47013.3,50980.7,,,,,,,,RR1715,,
J2-1011,ASNAP,2017/08/26 00:20:00,44.3684034,-124.9525166,959.39,966.09,230.12,3.1,1.3,0.00,86.47,86.47,HMR2300,18626.7,-4226.7,47186.7,50905.8,,,,,,,,RR1715,,
J2-1011,ASNAP,2017/08/26 00:20:05,44.3683971,-124.9525070,960.16,965.39,230.39,3.7,1.4,0.00,86.55,86.55,HMR2300,19840.0,-4386.7,46686.7,50916.7,,,,,,,,RR1715,,
J2-1011,ASNAP,2017/08/26 00:20:10,44.3684014,-124.9525058,960.25,965.87,230.17,1.3,1.2,0.00,86.60,86.6,HMR2300,17933.3,-4106.7,47533.3,50969.5,,,,,,,,RR1715,,
J2-1011,ASNAP,2017/08/26 00:20:15,44.3684097,-124.9525110,959.84,966.79,230.43,2.4,1.4,0.00,86.63,86.63,HMR2300,18546.7,-4360.0,47393.3,51079.5,,,,,,,,RR1715,,
J2-1011,ASNAP,2017/08/26 00:20:20,44.3683967,-124.9525040,960.40,965.34,230.56,1.5,1.3,0.00,86.59,86.59,HMR2300,17820.0,-4240.0,47386.7,50803.8,,,,,,,,RR1715,,
J2-1011,ASNAP,2017/08/26 00:20:25,44.3683942,-124.9525072,960.14,965.07,230.50,1.0,1.4,0.00,86.56,86.56,HMR2300,17120.0,-4213.3,47600.0,50760.3,,,,,,,,RR1715,,
J2-1011,ASNAP,2017/08/26 00:20:30,44.3683979,-124.9525020,960.56,965.48,230.58,2.3,1.3,0.00,86.56,86.56,HMR2300,18386.7,-4346.7,47413.3,51039.1,,,,,,,,RR1715,,
J2-1011,ASNAP,2017/08/26 00:20:35,44.3684020,-124.9525115,959.80,965.93,230.71,1.2,1.2,0.00,86.47,86.47,HMR2300,17453.3,-4086.7,47540.0,50807.2,,,,,,,,RR1715,,
J2-1011,ASNAP,2017/08/26 00:20:40,44.3683983,-124.9525180,959.28,965.52,230.58,3.4,1.1,0.00,86.54,86.54,HMR2300,19273.3,-4193.3,46913.3,50891.1,,,,,,,,RR1715,,
J2-1011,ASNAP,2017/08/26 00:20:45,44.3684013,-124.9525163,959.42,965.86,230.81,1.6,1.2,0.00,86.42,86.42,HMR2300,17933.3,-4260.0,47386.7,50845.3,,,,,,,,RR1715,,
J2-1011,ASNAP,2017/08/26 00:20:50,44.3684051,-124.9525126,959.71,966.28,230.64,3.1,1.2,0.00,86.57,86.57,HMR2300,19440.0,-4300.0,47053.3,51092.3,,,,,,,,RR1715,,
J2-1011,ASNAP,2017/08/26 00:20:55,44.3684069,-124.9525166,959.39,966.48,230.76,0.1,1.3,0.00,86.47,86.47,HMR2300,16726.7,-4140.0,47766.7,50779.7,,,,,,,,RR1715,,
J2-1011,ASNAP,2017/08/26 00:21:00,44.3684074,-124.9525169,959.37,966.53,230.62,3.0,1.2,0.00,86.59,86.59,HMR2300,18000.0,-4206.7,47420.0,50895.5,,,,,,,,RR1715,,
J2-1011,ASNAP,2017/08/26 00:21:05,44.3683953,-124.9525198,959.14,965.19,230.73,1.8,1.4,0.00,86.48,86.48,HMR2300,17926.7,-4480.0,47480.0,50948.9,,,,,,,,RR1715,,
J2-1011,ASNAP,2017/08/26 00:21:10,44.3683925,-124.9525265,958.60,964.88,230.68,1.7,1.2,0.00,86.62,86.62,HMR2300,17540.0,-4006.7,47493.3,50787.0,,,,,,,,RR1715,,
J2-1011,ASNAP,2017/08/26 00:21:15,44.3683892,-124.9525212,959.03,964.51,230.77,0.8,1.2,0.00,86.59,86.59,HMR2300,17080.0,-4286.7,47580.0,50734.2,,,,,,,,RR1715,,
J2-1011,ASNAP,2017/08/26 00:21:20,44.3683863,-124.9525296,958.36,964.19,231.10,2.9,1.3,0.00,86.71,86.71,HMR2300,17686.7,-4560.0,47260.0,50666.7,,,,,,,,RR1715,,
J2-1011,ASNAP,2017/08/26 00:21:25,44.3683696,-124.9525554,956.30,962.33,230.75,0.7,1.6,0.00,86.45,86.45,HMR2300,17073.3,-4506.7,47766.7,50926.1,,,,,,,,RR1715,,
J2-1011,ASNAP,2017/08/26 00:21:30,44.3683787,-124.9525370,957.77,963.35,230.41,0.2,1.7,0.00,86.59,86.59,HMR2300,16106.7,-5053.3,47966.7,50850.4,,,,,,,,RR1715,,
J2-1011,ASNAP,2017/08/26 00:21:35,44.3683724,-124.9525127,959.70,962.64,229.26,0.1,1.9,0.00,86.01,86.01,HMR2300,16833.3,-4313.3,47733.3,50798.0,,,,,,,,RR1715,,
J2-1011,ASNAP,2017/08/26 00:21:40,44.3683984,-124.9525002,960.70,965.53,229.86,-1.1,2.3,0.00,84.88,84.88,HMR2300,15593.3,-5100.0,48220.0,50934.6,,,,,,,,RR1715,,
J2-1011,ASNAP,2017/08/26 00:21:45,44.3684135,-124.9524870,961.75,967.21,229.95,0.5,1.5,0.00,83.63,83.63,HMR2300,16746.7,-4240.0,47806.7,50832.1,,,,,,,,RR1715,,
J2-1011,ASNAP,2017/08/26 00:21:50,44.3684244,-124.9524910,961.43,968.42,229.91,1.0,1.9,0.00,83.61,83.61,HMR2300,17280.0,-4473.3,47666.7,50899.1,,,,,,,,RR1715,,
J2-1011,ASNAP,2017/08/26 00:21:55,44.3684209,-124.9524681,963.26,968.04,229.90,-0.1,1.4,0.00,84.24,84.24,HMR2300,16786.7,-4133.3,48240.0,51244.3,,,,,,,,RR1715,,
J2-1011,ASNAP,2017/08/26 00:22:00,44.3684424,-124.9524400,965.50,970.42,230.22,-1.1,1.6,0.00,84.87,84.87,HMR2300,15500.0,-4300.0,48026.7,50648.8,,,,,,,,RR1715,,
J2-1011,ASNAP,2017/08/26 00:22:05,44.3684550,-124.9524343,965.95,971.82,230.39,-0.9,1.7,0.00,84.75,84.75,HMR2300,15540.0,-4246.7,47786.7,50429.1,,,,,,,,RR1715,,
J2-1011,ASNAP,2017/08/26 00:22:10,44.3684638,-124.9524172,967.32,972.80,231.46,-0.8,1.4,0.00,84.37,84.37,HMR2300,15560.0,-4373.3,48120.0,50761.9,,,,,,,,RR1715,,
J2-1011,ASNAP,2017/08/26 00:22:15,44.3684711,-124.9524159,967.42,973.61,230.54,-0.7,1.5,0.00,84.23,84.23,HMR2300,15673.3,-4360.0,48013.3,50694.6,,,,,,,,RR1715,,
J2-1011,ASNAP,2017/08/26 00:22:20,44.3684650,-124.9524006,968.64,972.94,230.54,-0.5,1.5,0.00,84.28,84.28,HMR2300,15820.0,-4433.3,47966.7,50702.3,,,,,,,,RR1715,,
J2-1011,ASNAP,2017/08/26 00:22:25,44.3684621,-124.9524005,968.65,972.61,229.92,-0.4,1.4,0.00,84.50,84.5,HMR2300,16140.0,-4006.7,47793.3,50603.9,,,,,,,,RR1715,,
J2-1011,ASNAP,2017/08/26 00:22:30,44.3684639,-124.9523912,969.39,972.81,230.03,-0.5,1.5,0.00,84.54,84.54,HMR2300,16126.7,-4033.3,47900.0,50702.5,,,,,,,,RR1715,,
J2-1011,ASNAP,2017/08/26 00:22:35,44.3684755,-124.9524244,966.74,974.10,230.38,-0.1,1.5,0.00,84.45,84.45,HMR2300,16286.7,-4226.7,47880.0,50750.5,,,,,,,,RR1715,,
J2-1011,ASNAP,2017/08/26 00:22:40,44.3684723,-124.9524177,967.28,973.75,230.70,-0.4,1.5,0.00,84.34,84.34,HMR2300,16140.0,-4226.7,48133.3,50942.9,,,,,,,,RR1715,,
J2-1011,ASNAP,2017/08/26 00:22:45,44.3684731,-124.9524239,966.78,973.84,230.54,-0.5,1.4,0.00,84.30,84.3,HMR2300,15833.3,-4100.0,47700.0,50426.1,,,,,,,,RR1715,,
J2-1011,ASNAP,2017/08/26 00:22:50,44.3684629,-124.9524335,966.02,972.70,230.67,-0.3,1.4,0.00,84.30,84.3,HMR2300,16206.7,-4053.3,47793.3,50628.9,,,,,,,,RR1715,,
J2-1011,ASNAP,2017/08/26 00:22:55,44.3684570,-124.9524264,966.58,972.05,230.61,-0.3,1.5,0.00,84.32,84.32,HMR2300,16260.0,-4260.0,48166.7,51015.3,,,,,,,,RR1715,,
J2-1011,ASNAP,2017/08/26 00:23:00,44.3684519,-124.9524469,964.95,971.48,230.47,-0.1,1.5,0.00,84.38,84.38,HMR2300,16373.3,-4166.7,47880.0,50773.4,,,,,,,,RR1715,,
J2-1011,ASNAP,2017/08/26 00:23:05,44.3684437,-124.9524486,964.81,970.57,230.14,-0.8,1.6,0.00,84.41,84.41,HMR2300,16166.7,-4140.0,48053.3,50868.7,,,,,,,,RR1715,,
J2-1011,ASNAP,2017/08/26 00:23:10,44.3684405,-124.9524675,963.31,970.21,230.37,-0.4,1.5,0.00,84.41,84.41,HMR2300,16000.0,-4180.0,47960.0,50731.0,,,,,,,,RR1715,,
J2-1011,ASNAP,2017/08/26 00:23:15,44.3684403,-124.9524701,963.10,970.19,230.47,-0.2,1.5,0.00,84.40,84.4,HMR2300,16286.7,-4233.3,47920.0,50788.8,,,,,,,,RR1715,,
J2-1011,ASNAP,2017/08/26 00:23:20,44.3684453,-124.9524813,962.21,970.75,230.36,-0.3,1.5,0.00,84.41,84.41,HMR2300,16213.3,-4213.3,47960.0,50801.4,,,,,,,,RR1715,,
J2-1011,ASNAP,2017/08/26 00:23:25,44.3684380,-124.9524781,962.46,969.93,230.47,-0.4,1.5,0.00,84.43,84.43,HMR2300,16000.0,-4326.7,47846.7,50636.2,,,,,,,,RR1715,,
J2-1011,ASNAP,2017/08/26 00:23:30,44.3684276,-124.9525005,960.68,968.78,230.30,-0.1,1.5,0.00,84.45,84.45,HMR2300,16580.0,-4206.7,48180.0,51126.4,,,,,,,,RR1715,,
J2-1011,ASNAP,2017/08/26 00:23:35,44.3684247,-124.9525057,960.26,968.46,230.47,0.1,1.6,0.00,84.45,84.45,HMR2300,16700.0,-3813.3,47280.0,50287.5,,,,,,,,RR1715,,
J2-1011,ASNAP,2017/08/26 00:23:40,44.3684222,-124.9525296,958.36,968.18,230.58,-0.3,1.5,0.00,84.46,84.46,HMR2300,15920.0,-4353.3,47826.7,50594.3,,,,,,,,RR1715,,
J2-1011,ASNAP,2017/08/26 00:23:45,44.3684140,-124.9525471,956.96,967.27,230.16,0.1,1.4,0.00,84.45,84.45,HMR2300,16386.7,-4233.3,47626.7,50544.5,,,,,,,,RR1715,,
J2-1011,ASNAP,2017/08/26 00:23:50,44.3684123,-124.9525495,956.77,967.08,230.35,-0.2,1.5,0.00,84.47,84.47,HMR2300,15733.3,-4080.0,47286.7,50002.1,,,,,,,,RR1715,,
J2-1011,ASNAP,2017/08/26 00:23:55,44.3684068,-124.9525673,955.35,966.47,230.46,-0.1,1.5,0.00,84.47,84.47,HMR2300,15726.7,-4113.3,47260.0,49977.5,,,,,,,,RR1715,,
J2-1011,ASNAP,2017/08/26 00:24:00,44.3684024,-124.9525727,954.92,965.98,230.43,0.0,1.5,0.00,84.47,84.47,HMR2300,16880.0,-4193.3,48180.0,51223.3,,,,,,,,RR1715,,
J2-1011,ASNAP,2017/08/26 00:24:05,44.3683828,-124.9525878,953.72,963.80,230.43,-0.4,1.9,0.00,84.47,84.47,HMR2300,16426.7,-4240.0,47433.3,50375.9,,,,,,,,RR1715,,
J2-1011,ASNAP,2017/08/26 00:24:10,44.3683763,-124.9525979,952.91,963.08,230.26,0.1,1.2,0.00,84.46,84.46,HMR2300,16140.0,-4006.7,47640.0,50459.1,,,,,,,,RR1715,,
J2-1011,ASNAP,2017/08/26 00:24:15,44.3683668,-124.9525812,954.24,962.02,229.93,0.1,1.2,0.00,84.43,84.43,HMR2300,16593.3,-4126.7,47800.0,50766.2,,,,,,,,RR1715,,
J2-1011,ASNAP,2017/08/26 00:24:20,44.3683529,-124.9525807,954.28,960.48,231.17,-0.2,1.5,0.00,84.39,84.39,HMR2300,16093.3,-4593.3,47873.3,50714.4,,,,,,,,RR1715,,
J2-1011,EVT,2017/08/26 00:24:21,44.3683529,-124.9525807,954.28,960.48,231.17,-0.2,1.5,0.00,84.39,84.39,HMR2300,16480.0,-4213.3,47700.0,50642.2,,,,,,,,RR1715,DLG,TXT: float in sight USR:eventlogger
J2-1011,ASNAP,2017/08/26 00:24:25,44.3683400,-124.9525954,953.11,959.05,232.27,0.5,1.8,0.00,84.30,84.3,HMR2300,16833.3,-4573.3,47566.7,50664.2,,,,,,,,RR1715,,
J2-1011,ASNAP,2017/08/26 00:24:30,44.3683370,-124.9525914,953.43,958.71,231.72,0.2,1.6,0.00,84.17,84.17,HMR2300,16706.7,-4166.7,47613.3,50631.1,,,,,,,,RR1715,,
J2-1011,ASNAP,2017/08/26 00:24:35,44.3683331,-124.9526117,951.81,958.28,230.57,0.8,1.7,0.00,84.04,84.04,HMR2300,17600.0,-3960.0,47346.7,50667.0,,,,,,,,RR1715,,
J2-1011,ASNAP,2017/08/26 00:24:40,44.3683094,-124.9526180,951.31,955.64,230.32,0.4,0.4,0.00,83.89,83.89,HMR2300,17173.3,-4160.0,47660.0,50830.2,,,,,,,,RR1715,,
J2-1011,ASNAP,2017/08/26 00:24:45,44.3683041,-124.9526427,949.34,955.06,230.81,2.1,2.0,0.00,84.49,84.49,HMR2300,17480.0,-4820.0,47540.0,50880.6,,,,,,,,RR1715,,
J2-1011,ASNAP,2017/08/26 00:24:50,44.3683065,-124.9526497,948.78,955.32,230.61,2.8,1.2,0.00,85.04,85.04,HMR2300,18700.0,-4393.3,46520.0,50329.9,,,,,,,,RR1715,,
J2-1011,ASNAP,2017/08/26 00:24:55,44.3683007,-124.9526744,946.81,954.68,231.06,0.2,1.2,0.00,84.97,84.97,HMR2300,15613.3,-4426.7,47486.7,50183.2,,,,,,,,RR1715,,
J2-1011,ASNAP,2017/08/26 00:25:00,44.3683002,-124.9526998,944.79,954.62,231.02,3.3,1.5,0.00,84.55,84.55,HMR2300,18933.3,-4853.3,46440.0,50385.5,,,,,,,,RR1715,,
J2-1011,ASNAP,2017/08/26 00:25:05,44.3682948,-124.9526994,944.82,954.02,230.97,-0.6,1.8,0.00,83.81,83.81,HMR2300,16133.3,-4726.7,47933.3,50796.0,,,,,,,,RR1715,,
J2-1011,ASNAP,2017/08/26 00:25:10,44.3682979,-124.9527050,944.37,954.37,230.21,0.8,1.4,0.00,83.52,83.52,HMR2300,16526.7,-3026.7,47813.3,50679.4,,,,,,,,RR1715,,
J2-1011,ASNAP,2017/08/26 00:25:15,44.3682940,-124.9526818,946.22,953.93,230.58,1.2,0.6,0.00,83.63,83.63,HMR2300,17666.7,-3900.0,48306.7,51583.5,,,,,,,,RR1715,,
J2-1011,ASNAP,2017/08/26 00:25:20,44.3682899,-124.9526749,946.77,953.48,230.11,0.5,1.4,0.00,83.52,83.52,HMR2300,16993.3,-4373.3,47853.3,50969.0,,,,,,,,RR1715,,
J2-1011,ASNAP,2017/08/26 00:25:25,44.3683085,-124.9526655,947.52,955.55,230.04,0.3,1.6,0.00,83.39,83.39,HMR2300,17013.3,-4280.0,47993.3,51099.2,,,,,,,,RR1715,,
J2-1011,ASNAP,2017/08/26 00:25:30,44.3683130,-124.9526517,948.62,956.05,230.56,0.1,1.4,0.00,83.50,83.5,HMR2300,16446.7,-4326.7,48033.3,50955.0,,,,,,,,RR1715,,
J2-1011,ASNAP,2017/08/26 00:25:35,44.3683184,-124.9526529,948.53,956.65,230.58,-0.1,1.6,0.00,83.61,83.61,HMR2300,16573.3,-4093.3,47986.7,50932.8,,,,,,,,RR1715,,
J2-1011,ASNAP,2017/08/26 00:25:40,44.3683142,-124.9526598,947.98,956.18,228.06,-0.1,1.2,0.00,83.62,83.62,HMR2300,16853.3,-3073.3,47560.0,50551.3,,,,,,,,RR1715,,
J2-1011,ASNAP,2017/08/26 00:25:45,44.3683088,-124.9526771,946.60,955.58,229.00,-0.2,1.1,0.00,83.51,83.51,HMR2300,16413.3,-3733.3,47766.7,50645.7,,,,,,,,RR1715,,
J2-1011,ASNAP,2017/08/26 00:25:50,44.3682992,-124.9526931,945.32,954.51,231.54,0.5,1.5,0.00,83.61,83.61,HMR2300,16793.3,-4560.0,47746.7,50818.8,,,,,,,,RR1715,,
J2-1011,ASNAP,2017/08/26 00:25:55,44.3682895,-124.9527014,944.66,953.43,230.79,0.5,1.4,0.00,83.92,83.92,HMR2300,16886.7,-4453.3,47960.0,51040.7,,,,,,,,RR1715,,
J2-1011,ASNAP,2017/08/26 00:26:00,44.3682905,-124.9527070,944.21,953.54,230.16,1.5,1.7,0.00,84.56,84.56,HMR2300,17980.0,-4306.7,47673.3,51132.9,,,,,,,,RR1715,,
J2-1011,ASNAP,2017/08/26 00:26:05,44.3682775,-124.9527054,944.34,952.10,230.60,0.5,1.0,0.00,84.60,84.6,HMR2300,16873.3,-4146.7,47733.3,50797.4,,,,,,,,RR1715,,
J2-1011,ASNAP,2017/08/26 00:26:10,44.3682890,-124.9527270,942.62,953.38,255.30,0.5,2.6,0.00,84.59,84.59,HMR2300,9133.3,-11913.3,48473.3,50744.6,,,,,,,,RR1715,,
J2-1011,ASNAP,2017/08/26 00:26:15,44.3682794,-124.9527244,942.83,952.31,267.41,-0.8,1.9,0.00,84.60,84.6,HMR2300,4086.7,-12753.3,48993.3,50790.7,,,,,,,,RR1715,,
J2-1011,ASNAP,2017/08/26 00:26:20,44.3682743,-124.9527181,943.33,951.75,291.37,-0.7,4.7,0.00,84.70,84.7,HMR2300,-3953.3,-15566.7,48053.3,50666.3,,,,,,,,RR1715,,
J2-1011,ASNAP,2017/08/26 00:26:25,44.3682751,-124.9527202,943.16,951.83,300.73,-1.7,2.5,0.00,84.88,84.88,HMR2300,-7853.3,-12806.7,48260.0,50544.2,,,,,,,,RR1715,,
J2-1011,ASNAP,2017/08/26 00:26:30,44.3682674,-124.9527370,941.82,950.98,304.74,-1.9,6.4,0.00,84.86,84.86,HMR2300,-9960.0,-16153.3,47060.0,50742.2,,,,,,,,RR1715,,
J2-1011,ASNAP,2017/08/26 00:26:35,44.3682694,-124.9527163,943.47,951.20,325.68,-2.4,3.1,0.00,84.69,84.69,HMR2300,-16606.7,-9713.3,46053.3,49910.3,,,,,,,,RR1715,,
J2-1011,ASNAP,2017/08/26 00:26:40,44.3682676,-124.9527438,941.28,951.00,344.89,-3.5,3.1,0.00,84.59,84.59,HMR2300,-21713.3,-3886.7,44000.0,49219.7,,,,,,,,RR1715,,
J2-1011,ASNAP,2017/08/26 00:26:45,44.3682707,-124.9527328,942.16,951.34,343.51,-2.3,2.7,0.00,84.56,84.56,HMR2300,-20333.3,-4700.0,44853.3,49470.8,,,,,,,,RR1715,,
J2-1011,ASNAP,2017/08/26 00:26:50,44.3682678,-124.9527320,942.22,951.02,347.53,-2.8,2.1,0.00,84.53,84.53,HMR2300,-21613.3,-2866.7,44326.7,49398.5,,,,,,,,RR1715,,
J2-1011,ASNAP,2017/08/26 00:26:55,44.3682733,-124.9527256,942.73,951.63,7.90,-3.2,2.2,0.00,84.67,84.67,HMR2300,-24353.3,4100.0,41760.0,48515.9,,,,,,,,RR1715,,
J2-1011,ASNAP,2017/08/26 00:27:00,44.3682775,-124.9527346,942.01,952.10,38.58,-3.8,1.1,0.00,84.80,84.8,HMR2300,-22646.7,15766.7,39400.0,48102.2,,,,,,,,RR1715,,
J2-1011,ASNAP,2017/08/26 00:27:05,44.3682707,-124.9527404,941.55,951.35,53.34,-3.5,0.9,0.00,84.77,84.77,HMR2300,-19800.0,20626.7,38273.3,47773.9,,,,,,,,RR1715,,
J2-1011,ASNAP,2017/08/26 00:27:10,44.3682821,-124.9527568,940.24,952.61,65.33,-3.8,0.1,0.00,84.88,84.88,HMR2300,-17446.7,23926.7,37433.3,47729.7,,,,,,,,RR1715,,
J2-1011,ASNAP,2017/08/26 00:27:15,44.3683070,-124.9527595,940.03,955.38,84.94,-3.6,0.6,0.00,84.93,84.93,HMR2300,-11020.0,27740.0,37400.0,47850.9,,,,,,,,RR1715,,
J2-1011,ASNAP,2017/08/26 00:27:20,44.3682679,-124.9527464,941.07,951.03,79.59,-3.4,0.6,0.00,84.97,84.97,HMR2300,-12740.0,26440.0,37620.0,47714.2,,,,,,,,RR1715,,
J2-1011,ASNAP,2017/08/26 00:27:25,44.3682860,-124.9527704,939.16,953.05,74.77,-2.7,1.0,0.00,84.79,84.79,HMR2300,-14100.0,25520.0,38013.3,47907.1,,,,,,,,RR1715,,
J2-1011,ASNAP,2017/08/26 00:27:30,44.3682946,-124.9527780,938.55,954.00,65.52,-3.5,1.4,0.00,84.65,84.65,HMR2300,-16646.7,23313.3,38513.3,47999.0,,,,,,,,RR1715,,
J2-1011,ASNAP,2017/08/26 00:27:35,44.3682635,-124.9527767,938.66,950.55,53.88,-3.6,1.5,0.00,84.59,84.59,HMR2300,-20660.0,19153.3,38686.7,47857.5,,,,,,,,RR1715,,
J2-1011,ASNAP,2017/08/26 00:27:40,44.3682824,-124.9527725,938.99,952.65,40.51,-4.2,1.4,0.00,84.57,84.57,HMR2300,-23253.3,15786.7,38806.7,47915.5,,,,,,,,RR1715,,
J2-1011,ASNAP,2017/08/26 00:27:45,44.3682703,-124.9527656,939.54,951.30,28.72,-3.5,1.6,0.00,84.67,84.67,HMR2300,-24153.3,10660.0,40560.0,48395.6,,,,,,,,RR1715,,
J2-1011,ASNAP,2017/08/26 00:27:50,44.3682681,-124.9527575,940.19,951.06,8.17,-3.4,2.0,0.00,84.73,84.73,HMR2300,-24000.0,3566.7,42133.3,48620.4,,,,,,,,RR1715,,
J2-1011,ASNAP,2017/08/26 00:27:55,44.3682642,-124.9527231,942.93,950.62,329.14,-2.1,2.4,0.00,84.73,84.73,HMR2300,-16020.0,-9633.3,46293.3,49925.1,,,,,,,,RR1715,,
J2-1011,ASNAP,2017/08/26 00:28:00,44.3682766,-124.9527291,942.45,952.00,312.58,-3.0,3.1,0.00,84.98,84.98,HMR2300,-12666.7,-12086.7,47146.7,50292.5,,,,,,,,RR1715,,
J2-1011,ASNAP,2017/08/26 00:28:05,44.3682688,-124.9527141,943.65,951.13,315.42,-2.7,0.4,0.00,85.18,85.18,HMR2300,-13473.3,-9666.7,46606.7,49468.7,,,,,,,,RR1715,,
J2-1011,ASNAP,2017/08/26 00:28:10,44.3682712,-124.9527236,942.89,951.40,317.25,-2.5,0.1,0.00,85.41,85.41,HMR2300,-13993.3,-8313.3,47106.7,49839.4,,,,,,,,RR1715,,
J2-1011,ASNAP,2017/08/26 00:28:15,44.3682735,-124.9527215,943.06,951.66,312.93,-2.7,2.1,0.00,85.55,85.55,HMR2300,-12486.7,-11426.7,48013.3,50909.4,,,,,,,,RR1715,,
J2-1011,ASNAP,2017/08/26 00:28:20,44.3682797,-124.9527387,941.69,952.34,319.64,-1.3,1.9,0.00,85.65,85.65,HMR2300,-13720.0,-9680.0,46880.0,49796.3,,,,,,,,RR1715,,
J2-1011,ASNAP,2017/08/26 00:28:25,44.3682794,-124.9527272,942.60,952.31,313.55,-1.8,0.5,0.00,85.65,85.65,HMR2300,-12486.7,-9446.7,47293.3,49817.8,,,,,,,,RR1715,,
J2-1011,ASNAP,2017/08/26 00:28:30,44.3682712,-124.9527329,942.15,951.40,317.20,-2.2,0.6,0.00,85.84,85.84,HMR2300,-12973.3,-10193.3,47946.7,50706.0,,,,,,,,RR1715,,
J2-1011,ASNAP,2017/08/26 00:28:35,44.3682676,-124.9527185,943.30,951.00,313.32,-1.8,1.6,0.00,85.79,85.79,HMR2300,-11973.3,-11120.0,48120.0,50818.8,,,,,,,,RR1715,,
J2-1011,ASNAP,2017/08/26 00:28:40,44.3682787,-124.9527121,943.81,952.23,315.98,-1.9,1.0,0.00,85.66,85.66,HMR2300,-13046.7,-10040.0,47906.7,50656.4,,,,,,,,RR1715,,
J2-1011,ASNAP,2017/08/26 00:28:45,44.3682819,-124.9527212,943.08,952.59,319.99,-2.1,0.5,0.00,85.49,85.49,HMR2300,-14420.0,-8473.3,47100.0,49981.4,,,,,,,,RR1715,,
J2-1011,ASNAP,2017/08/26 00:28:50,44.3682749,-124.9527197,943.20,951.81,306.73,-1.8,-0.1,0.00,85.80,85.8,HMR2300,-9720.0,-11266.7,48080.0,50329.9,,,,,,,,RR1715,,
J2-1011,ASNAP,2017/08/26 00:28:55,44.3682742,-124.9527113,943.87,951.73,300.83,-1.8,2.4,0.00,85.76,85.76,HMR2300,-8073.3,-13413.3,48060.0,50545.6,,,,,,,,RR1715,,
J2-1011,ASNAP,2017/08/26 00:29:00,44.3682758,-124.9527279,942.55,951.91,304.14,-2.6,-0.4,0.00,85.86,85.86,HMR2300,-10220.0,-10406.7,48100.0,50262.9,,,,,,,,RR1715,,
J2-1011,ASNAP,2017/08/26 00:29:05,44.3682716,-124.9527208,943.11,951.44,307.34,-3.6,-0.5,0.00,86.01,86.01,HMR2300,-12006.7,-10060.0,47480.0,49997.1,,,,,,,,RR1715,,
J2-1011,ASNAP,2017/08/26 00:29:10,44.3682740,-124.9527244,942.83,951.71,298.48,-1.3,0.6,0.00,85.92,85.92,HMR2300,-6746.7,-12153.3,48440.0,50395.0,,,,,,,,RR1715,,
J2-1011,EVT,2017/08/26 00:29:15,44.3682721,-124.9527178,943.35,951.50,301.32,-2.0,1.8,0.00,85.41,85.41,HMR2300,-9073.3,-12333.3,47806.7,50198.7,,,,,,,,RR1715,DLG,TXT: beacon removed from float USR:eventlogger
J2-1011,ASNAP,2017/08/26 00:29:15,44.3682779,-124.9527161,943.49,952.15,303.10,-2.1,1.3,0.00,85.41,85.41,HMR2300,-9080.0,-11840.0,48113.3,50373.9,,,,,,,,RR1715,,
J2-1011,ASNAP,2017/08/26 00:29:20,44.3682834,-124.9527058,944.31,952.76,286.09,-0.1,0.4,0.00,85.16,85.16,HMR2300,-53.3,-12106.7,49293.3,50758.3,,,,,,,,RR1715,,
J2-1011,ASNAP,2017/08/26 00:29:25,44.3683013,-124.9526793,946.42,954.75,254.29,0.2,-3.6,0.00,86.11,86.11,HMR2300,9966.7,-5493.3,49020.0,50323.7,,,,,,,,RR1715,,
J2-1011,EVT,2017/08/26 00:29:26,44.3683013,-124.9526793,946.42,954.75,256.30,0.3,-2.6,0.00,86.36,86.36,HMR2300,9420.0,-8773.3,49500.0,51146.4,,,,,,,,RR1715,DLG,TXT: transponder placed in port milk crate on basket USR:eventlogger
J2-1011,ASNAP,2017/08/26 00:29:30,44.3682952,-124.9526929,945.34,954.07,263.77,-0.6,-1.8,0.00,86.80,86.8,HMR2300,7146.7,-8760.0,49720.0,50989.1,,,,,,,,RR1715,,
J2-1011,ASNAP,2017/08/26 00:29:35,44.3683065,-124.9526718,947.02,955.32,259.47,-1.5,-0.5,0.00,87.13,87.13,HMR2300,8500.0,-8620.0,49593.3,51049.5,,,,,,,,RR1715,,
J2-1011,ASNAP,2017/08/26 00:29:40,44.3683053,-124.9526670,947.40,955.19,231.48,-0.4,-1.6,0.00,87.29,87.29,HMR2300,15626.7,-2466.7,47906.7,50451.2,,,,,,,,RR1715,,
J2-1011,ASNAP,2017/08/26 00:29:45,44.3683146,-124.9526498,948.77,956.22,246.88,-0.6,-1.3,0.00,87.53,87.53,HMR2300,11846.7,-6226.7,49273.3,51058.6,,,,,,,,RR1715,,
J2-1011,ASNAP,2017/08/26 00:29:50,44.3683146,-124.9526498,948.77,956.22,246.66,-0.8,-0.9,0.00,87.82,87.82,HMR2300,11173.3,-5793.3,48393.3,50003.2,,,,,,,,RR1715,,
J2-1011,ASNAP,2017/08/26 00:29:55,44.3683146,-124.9526498,948.77,956.22,245.63,-1.0,-1.7,0.00,87.95,87.95,HMR2300,12046.7,-5380.0,49160.0,50899.6,,,,,,,,RR1715,,
J2-1011,ASNAP,2017/08/26 00:30:00,44.3683517,-124.9525787,954.44,960.34,244.64,-0.9,-1.6,0.00,87.83,87.83,HMR2300,12700.0,-5660.0,49633.3,51544.1,,,,,,,,RR1715,,
J2-1011,ASNAP,2017/08/26 00:30:05,44.3683558,-124.9525681,955.29,960.80,244.06,-2.1,0.3,0.00,87.71,87.71,HMR2300,11173.3,-7400.0,48740.0,50548.9,,,,,,,,RR1715,,
J2-1011,ASNAP,2017/08/26 00:30:10,44.3683558,-124.9525681,955.29,960.80,244.50,-2.1,0.8,0.00,87.73,87.73,HMR2300,11226.7,-7633.3,48973.3,50820.2,,,,,,,,RR1715,,
J2-1011,ASNAP,2017/08/26 00:30:15,44.3683800,-124.9525332,958.07,963.49,244.31,-1.8,1.4,0.00,87.84,87.84,HMR2300,11413.3,-8040.0,48593.3,50559.1,,,,,,,,RR1715,,
J2-1011,ASNAP,2017/08/26 00:30:20,44.3683881,-124.9525220,958.96,964.39,244.53,-1.5,1.4,0.00,87.87,87.87,HMR2300,11633.3,-7986.7,48793.3,50792.8,,,,,,,,RR1715,,
J2-1011,ASNAP,2017/08/26 00:30:25,44.3683881,-124.9525220,958.96,964.39,244.40,-1.3,1.2,0.00,87.84,87.84,HMR2300,12113.3,-7633.3,48660.0,50722.7,,,,,,,,RR1715,,
J2-1011,ASNAP,2017/08/26 00:30:30,44.3684025,-124.9525150,959.52,965.99,244.41,-1.2,1.3,0.00,87.82,87.82,HMR2300,11633.3,-8080.0,48493.3,50519.5,,,,,,,,RR1715,,
J2-1011,ASNAP,2017/08/26 00:30:35,44.3684080,-124.9525025,960.52,966.60,244.40,-1.0,1.3,0.00,87.82,87.82,HMR2300,12406.7,-7920.0,48953.3,51118.3,,,,,,,,RR1715,,
J2-1011,ASNAP,2017/08/26 00:30:40,44.3684080,-124.9525025,960.52,966.60,244.50,-0.8,1.4,0.00,87.84,87.84,HMR2300,11880.0,-8053.3,48260.0,50349.0,,,,,,,,RR1715,,
J2-1011,ASNAP,2017/08/26 00:30:45,44.3684181,-124.9524818,962.17,967.72,244.53,-0.8,1.4,0.00,87.83,87.83,HMR2300,11700.0,-7760.0,47713.3,49736.0,,,,,,,,RR1715,,
J2-1011,ASNAP,2017/08/26 00:30:50,44.3684256,-124.9524624,963.71,968.56,244.53,-0.9,1.4,0.00,87.84,87.84,HMR2300,12286.7,-8160.0,48953.3,51127.1,,,,,,,,RR1715,,
J2-1011,ASNAP,2017/08/26 00:30:55,44.3684403,-124.9524486,964.81,970.19,246.14,-0.7,1.7,0.00,87.78,87.78,HMR2300,11913.3,-9233.3,49266.7,51520.7,,,,,,,,RR1715,,
J2-1011,ASNAP,2017/08/26 00:31:00,44.3684479,-124.9524485,964.82,971.04,246.05,-0.7,1.4,0.00,87.79,87.79,HMR2300,12060.0,-8206.7,48693.3,50831.4,,,,,,,,RR1715,,
J2-1011,ASNAP,2017/08/26 00:31:05,44.3684513,-124.9524678,963.28,971.41,245.10,-0.6,1.3,0.00,87.81,87.81,HMR2300,11993.3,-8020.0,48513.3,50613.3,,,,,,,,RR1715,,
J2-1011,ASNAP,2017/08/26 00:31:10,44.3684641,-124.9525173,959.34,972.83,246.48,-0.6,1.3,0.00,87.77,87.77,HMR2300,11646.7,-8186.7,48273.3,50328.7,,,,,,,,RR1715,,
J2-1011,ASNAP,2017/08/26 00:31:15,44.3684739,-124.9525338,958.02,973.92,249.19,-1.0,1.3,0.00,87.73,87.73,HMR2300,10753.3,-9026.7,49133.3,51099.9,,,,,,,,RR1715,,
J2-1011,ASNAP,2017/08/26 00:31:20,44.3684823,-124.9525610,955.85,974.86,250.00,-0.8,1.5,0.00,87.76,87.76,HMR2300,10426.7,-9720.0,49300.0,51319.4,,,,,,,,RR1715,,
J2-1011,ASNAP,2017/08/26 00:31:25,44.3684883,-124.9525757,954.68,975.52,250.20,-0.4,1.0,0.00,87.86,87.86,HMR2300,10880.0,-8833.3,48753.3,50727.6,,,,,,,,RR1715,,
J2-1011,ASNAP,2017/08/26 00:31:30,44.3685029,-124.9526259,950.68,977.15,250.31,-0.2,0.9,0.00,87.99,87.99,HMR2300,11293.3,-8820.0,48860.0,50917.9,,,,,,,,RR1715,,
J2-1011,ASNAP,2017/08/26 00:31:35,44.3685053,-124.9526475,948.96,977.41,249.55,-0.2,0.8,0.00,88.04,88.04,HMR2300,11213.3,-8560.0,48693.3,50695.7,,,,,,,,RR1715,,
J2-1011,ASNAP,2017/08/26 00:31:40,44.3685100,-124.9526695,947.20,977.94,248.56,-0.3,1.2,0.00,88.10,88.1,HMR2300,11433.3,-8746.7,48433.3,50527.3,,,,,,,,RR1715,,
J2-1011,ASNAP,2017/08/26 00:31:45,44.3685433,-124.9527054,944.34,981.64,246.91,-0.5,1.5,0.00,88.08,88.08,HMR2300,11786.7,-8506.7,48660.0,50784.7,,,,,,,,RR1715,,
J2-1011,ASNAP,2017/08/26 00:31:50,44.3685631,-124.9527122,943.80,983.84,256.91,-0.1,1.1,0.00,88.05,88.05,HMR2300,8253.3,-10533.3,49013.3,50807.2,,,,,,,,RR1715,,
J2-1011,ASNAP,2017/08/26 00:31:55,44.3685811,-124.9527078,944.15,985.84,263.11,0.1,0.9,0.00,87.99,87.99,HMR2300,7113.3,-11060.0,48973.3,50708.1,,,,,,,,RR1715,,
J2-1011,ASNAP,2017/08/26 00:32:00,44.3686094,-124.9527163,943.47,988.98,265.21,-0.9,0.6,0.00,87.95,87.95,HMR2300,5653.3,-10933.3,49326.7,50839.1,,,,,,,,RR1715,,
J2-1011,ASNAP,2017/08/26 00:32:05,44.3686404,-124.9527494,940.83,992.42,259.86,-0.2,0.9,0.00,87.98,87.98,HMR2300,7806.7,-10900.0,49246.7,51039.1,,,,,,,,RR1715,,
J2-1011,ASNAP,2017/08/26 00:32:10,44.3686483,-124.9527654,939.56,993.30,265.07,-0.0,0.7,0.00,88.08,88.08,HMR2300,6113.3,-11126.7,49086.7,50701.8,,,,,,,,RR1715,,
J2-1011,ASNAP,2017/08/26 00:32:15,44.3686455,-124.9528017,936.66,992.99,268.45,0.1,0.7,0.00,88.10,88.1,HMR2300,5200.0,-11646.7,49233.3,50858.7,,,,,,,,RR1715,,
J2-1011,ASNAP,2017/08/26 00:32:20,44.3686579,-124.9528283,934.54,994.37,266.18,0.2,0.8,0.00,88.06,88.06,HMR2300,6146.7,-11420.0,49220.0,50900.0,,,,,,,,RR1715,,
J2-1011,ASNAP,2017/08/26 00:32:25,44.3686691,-124.9528850,930.02,995.61,265.73,0.8,0.6,0.00,88.05,88.05,HMR2300,6600.0,-11153.3,48926.7,50614.0,,,,,,,,RR1715,,
J2-1011,ASNAP,2017/08/26 00:32:30,44.3686762,-124.9529051,928.42,996.40,266.26,1.1,0.7,0.00,88.08,88.08,HMR2300,6920.0,-11366.7,49106.7,50877.8,,,,,,,,RR1715,,
J2-1011,ASNAP,2017/08/26 00:32:35,44.3686833,-124.9529348,926.05,997.19,266.98,2.9,0.6,0.00,87.98,87.98,HMR2300,8153.3,-11353.3,48926.7,50884.1,,,,,,,,RR1715,,
J2-1011,ASNAP,2017/08/26 00:32:40,44.3686967,-124.9529725,923.05,998.68,267.57,3.7,0.9,0.00,87.66,87.66,HMR2300,8593.3,-11740.0,49153.3,51261.3,,,,,,,,RR1715,,
J2-1011,ASNAP,2017/08/26 00:32:45,44.3687043,-124.9529743,922.90,999.53,263.40,5.6,-0.1,0.00,87.10,87.1,HMR2300,11080.0,-10980.0,48700.0,51137.2,,,,,,,,RR1715,,
J2-1011,ASNAP,2017/08/26 00:32:50,44.3687124,-124.9529727,923.03,1000.43,262.63,1.3,1.6,0.00,86.52,86.52,HMR2300,8393.3,-11940.0,48853.3,50986.9,,,,,,,,RR1715,,
J2-1011,ASNAP,2017/08/26 00:32:55,44.3687160,-124.9529545,924.48,1000.82,262.70,0.9,1.1,0.00,86.29,86.29,HMR2300,7633.3,-11253.3,48906.7,50761.9,,,,,,,,RR1715,,
J2-1011,ASNAP,2017/08/26 00:33:00,44.3687230,-124.9529449,925.25,1001.60,262.20,0.6,1.0,0.00,86.10,86.1,HMR2300,7733.3,-11166.7,48806.7,50661.5,,,,,,,,RR1715,,
J2-1011,ASNAP,2017/08/26 00:33:05,44.3687276,-124.9529096,928.06,1002.11,261.79,-0.1,1.3,0.00,86.33,86.33,HMR2300,7433.3,-11420.0,49300.0,51148.4,,,,,,,,RR1715,,
J2-1011,ASNAP,2017/08/26 00:33:10,44.3687328,-124.9528879,929.79,1002.69,261.62,-0.1,1.1,0.00,86.53,86.53,HMR2300,7426.7,-11213.3,49180.0,50985.9,,,,,,,,RR1715,,
J2-1011,ASNAP,2017/08/26 00:33:15,44.3687371,-124.9528707,931.16,1003.17,262.07,-0.5,1.2,0.00,86.53,86.53,HMR2300,7200.0,-11213.3,49380.0,51146.5,,,,,,,,RR1715,,
J2-1011,ASNAP,2017/08/26 00:33:20,44.3687419,-124.9528612,931.92,1003.70,262.36,-0.4,1.0,0.00,86.44,86.44,HMR2300,6980.0,-11093.3,49073.3,50793.4,,,,,,,,RR1715,,
J2-1011,ASNAP,2017/08/26 00:33:25,44.3687447,-124.9528761,930.73,1004.01,263.46,-0.3,1.3,0.00,86.38,86.38,HMR2300,6533.3,-11653.3,49033.3,50820.8,,,,,,,,RR1715,,
J2-1011,ASNAP,2017/08/26 00:33:30,44.3687441,-124.9528776,930.61,1003.95,262.60,-0.0,0.9,0.00,86.37,86.37,HMR2300,7126.7,-11213.3,49106.7,50872.3,,,,,,,,RR1715,,
J2-1011,ASNAP,2017/08/26 00:33:35,44.3687479,-124.9528953,929.20,1004.37,260.91,-0.1,1.2,0.00,86.32,86.32,HMR2300,7633.3,-11080.0,48680.0,50505.2,,,,,,,,RR1715,,
J2-1011,ASNAP,2017/08/26 00:33:40,44.3687555,-124.9529153,927.61,1005.21,260.58,0.0,1.0,0.00,86.26,86.26,HMR2300,7926.7,-10920.0,49306.7,51119.7,,,,,,,,RR1715,,
J2-1011,ASNAP,2017/08/26 00:33:45,44.3687574,-124.9529139,927.72,1005.43,261.48,0.5,1.0,0.00,86.32,86.32,HMR2300,8286.7,-10966.7,49233.3,51116.1,,,,,,,,RR1715,,
J2-1011,ASNAP,2017/08/26 00:33:50,44.3687594,-124.9529199,927.24,1005.65,261.32,-0.1,1.1,0.00,86.36,86.36,HMR2300,7680.0,-11226.7,49260.0,51103.5,,,,,,,,RR1715,,
J2-1011,ASNAP,2017/08/26 00:33:55,44.3687568,-124.9529061,928.34,1005.36,261.34,0.1,1.2,0.00,86.38,86.38,HMR2300,7546.7,-11160.0,48806.7,50631.9,,,,,,,,RR1715,,
J2-1011,ASNAP,2017/08/26 00:34:00,44.3687687,-124.9528887,929.73,1006.68,261.09,-0.0,1.1,0.00,86.37,86.37,HMR2300,7780.0,-11153.3,49133.3,50980.5,,,,,,,,RR1715,,
J2-1011,ASNAP,2017/08/26 00:34:05,44.3687706,-124.9528736,930.93,1006.89,261.50,-0.4,1.2,0.00,86.39,86.39,HMR2300,7253.3,-10973.3,49040.0,50773.5,,,,,,,,RR1715,,
J2-1011,ASNAP,2017/08/26 00:34:10,44.3687701,-124.9528623,931.83,1006.84,262.01,0.0,1.1,0.00,86.42,86.42,HMR2300,7473.3,-11093.3,49033.3,50825.0,,,,,,,,RR1715,,
J2-1011,ASNAP,2017/08/26 00:34:15,44.3687781,-124.9528483,932.95,1007.73,261.58,-0.1,1.1,0.00,86.46,86.46,HMR2300,7420.0,-11093.3,49106.7,50887.9,,,,,,,,RR1715,,
J2-1011,ASNAP,2017/08/26 00:34:20,44.3687779,-124.9528531,932.57,1007.70,261.20,-0.2,1.2,0.00,86.46,86.46,HMR2300,7560.0,-11153.3,49020.0,50838.1,,,,,,,,RR1715,,
J2-1011,ASNAP,2017/08/26 00:34:25,44.3687767,-124.9528477,933.00,1007.57,261.30,-0.2,1.2,0.00,86.44,86.44,HMR2300,7506.7,-11020.0,49013.3,50794.7,,,,,,,,RR1715,,
J2-1011,ASNAP,2017/08/26 00:34:30,44.3687753,-124.9528374,933.82,1007.41,261.66,-0.6,1.1,0.00,86.44,86.44,HMR2300,6933.3,-11046.7,49040.0,50744.7,,,,,,,,RR1715,,
J2-1011,ASNAP,2017/08/26 00:34:35,44.3687707,-124.9528339,934.10,1006.90,261.57,-0.3,1.1,0.00,86.45,86.45,HMR2300,7146.7,-11113.3,49080.0,50827.4,,,,,,,,RR1715,,
J2-1011,ASNAP,2017/08/26 00:34:40,44.3687658,-124.9528351,934.00,1006.36,261.73,-0.0,1.1,0.00,86.44,86.44,HMR2300,7253.3,-11260.0,49113.3,50907.0,,,,,,,,RR1715,,
J2-1011,ASNAP,2017/08/26 00:34:45,44.3687726,-124.9528117,935.87,1007.12,262.88,-0.1,1.1,0.00,86.41,86.41,HMR2300,6893.3,-11246.7,48940.0,50686.6,,,,,,,,RR1715,,
J2-1011,ASNAP,2017/08/26 00:34:50,44.3687587,-124.9528810,930.34,1005.57,261.99,-0.2,1.3,0.00,86.35,86.35,HMR2300,7580.0,-11140.0,49213.3,51024.6,,,,,,,,RR1715,,
J2-1011,ASNAP,2017/08/26 00:34:55,44.3687564,-124.9529039,928.52,1005.32,261.61,-0.4,1.1,0.00,86.31,86.31,HMR2300,6966.7,-11113.3,48800.0,50532.0,,,,,,,,RR1715,,
J2-1011,ASNAP,2017/08/26 00:35:00,44.3687525,-124.9529076,928.22,1004.88,261.97,0.2,0.9,0.00,86.32,86.32,HMR2300,7673.3,-11140.0,49026.7,50858.6,,,,,,,,RR1715,,
J2-1011,ASNAP,2017/08/26 00:35:05,44.3687601,-124.9529195,927.27,1005.73,262.06,-0.7,1.0,0.00,86.32,86.32,HMR2300,7093.3,-10966.7,49313.3,51013.6,,,,,,,,RR1715,,
J2-1011,ASNAP,2017/08/26 00:35:10,44.3687585,-124.9529390,925.72,1005.55,261.26,0.8,0.6,0.00,86.34,86.34,HMR2300,8233.3,-10900.0,48813.3,50688.7,,,,,,,,RR1715,,
J2-1011,ASNAP,2017/08/26 00:35:15,44.3687582,-124.9529376,925.83,1005.52,261.21,-1.2,1.3,0.00,86.25,86.25,HMR2300,6840.0,-11153.3,48860.0,50581.4,,,,,,,,RR1715,,
J2-1011,ASNAP,2017/08/26 00:35:20,44.3687534,-124.9529441,925.31,1004.98,261.25,3.4,0.6,0.00,85.98,85.98,HMR2300,9913.3,-10666.7,48806.7,50932.7,,,,,,,,RR1715,,
J2-1011,ASNAP,2017/08/26 00:35:25,44.3687583,-124.9529144,927.68,1005.53,260.40,1.3,1.7,0.00,84.68,84.68,HMR2300,9340.0,-11660.0,48753.3,50991.0,,,,,,,,RR1715,,
J2-1011,ASNAP,2017/08/26 00:35:30,44.3687620,-124.9529076,928.22,1005.94,261.34,0.9,1.7,0.00,83.31,83.31,HMR2300,8213.3,-11406.7,48886.7,50867.2,,,,,,,,RR1715,,
J2-1011,ASNAP,2017/08/26 00:35:35,44.3687658,-124.9528714,931.11,1006.36,262.08,-0.5,1.3,0.00,82.23,82.23,HMR2300,7126.7,-11220.0,49000.0,50770.8,,,,,,,,RR1715,,
J2-1011,ASNAP,2017/08/26 00:35:40,44.3687720,-124.9528543,932.47,1007.05,261.93,-0.7,1.5,0.00,80.41,80.41,HMR2300,6793.3,-11366.7,49026.7,50783.5,,,,,,,,RR1715,,
J2-1011,ASNAP,2017/08/26 00:35:45,44.3687891,-124.9528247,934.83,1008.95,262.66,1.5,0.6,0.00,78.40,78.4,HMR2300,9200.0,-10773.3,49400.0,51391.3,,,,,,,,RR1715,,
J2-1011,ASNAP,2017/08/26 00:35:50,44.3687948,-124.9528202,935.19,1009.58,262.37,-0.6,1.1,0.00,76.98,76.98,HMR2300,7593.3,-11053.3,49540.0,51323.0,,,,,,,,RR1715,,
J2-1011,ASNAP,2017/08/26 00:35:55,44.3688015,-124.9528201,935.20,1010.33,262.16,0.6,0.7,0.00,76.14,76.14,HMR2300,8260.0,-10866.7,49520.0,51366.7,,,,,,,,RR1715,,
J2-1011,ASNAP,2017/08/26 00:36:00,44.3688034,-124.9528119,935.85,1010.54,262.15,-0.0,-0.0,0.00,74.97,74.97,HMR2300,7186.7,-9860.0,49000.0,50496.2,,,,,,,,RR1715,,
J2-1011,ASNAP,2017/08/26 00:36:05,44.3688216,-124.9528040,936.48,1012.56,261.72,0.8,0.5,0.00,74.26,74.26,HMR2300,7813.3,-10820.0,49013.3,50797.9,,,,,,,,RR1715,,
J2-1011,ASNAP,2017/08/26 00:36:10,44.3688103,-124.9527869,937.84,1011.30,261.90,0.6,1.5,0.00,74.13,74.13,HMR2300,8133.3,-11373.3,48900.0,50859.7,,,,,,,,RR1715,,
J2-1011,ASNAP,2017/08/26 00:36:15,44.3688136,-124.9527660,939.51,1011.67,265.54,0.8,1.3,0.00,74.45,74.45,HMR2300,6486.7,-11793.3,49066.7,50879.2,,,,,,,,RR1715,,
J2-1011,ASNAP,2017/08/26 00:36:20,44.3688125,-124.9527350,941.98,1011.55,262.69,1.0,0.3,0.00,74.62,74.62,HMR2300,7780.0,-11080.0,49553.3,51369.5,,,,,,,,RR1715,,
J2-1011,ASNAP,2017/08/26 00:36:25,44.3688062,-124.9527152,943.56,1010.85,261.87,3.5,0.1,0.00,74.31,74.31,HMR2300,10766.7,-10546.7,48766.7,51042.5,,,,,,,,RR1715,,
J2-1011,ASNAP,2017/08/26 00:36:30,44.3687962,-124.9526978,944.95,1009.74,256.15,-0.4,1.2,0.00,73.03,73.03,HMR2300,9166.7,-10240.0,48866.7,50762.6,,,,,,,,RR1715,,
J2-1011,ASNAP,2017/08/26 00:36:35,44.3688013,-124.9526634,947.69,1010.30,254.47,2.1,0.4,0.00,71.94,71.94,HMR2300,11780.0,-9533.3,48626.7,50933.3,,,,,,,,RR1715,,
J2-1011,ASNAP,2017/08/26 00:36:40,44.3688124,-124.9526216,951.02,1011.54,259.78,-0.2,0.9,0.00,70.33,70.33,HMR2300,8013.3,-11000.0,49213.3,51060.4,,,,,,,,RR1715,,
J2-1011,ASNAP,2017/08/26 00:36:45,44.3688194,-124.9526166,951.42,1012.31,260.28,0.8,1.8,0.00,69.21,69.21,HMR2300,8246.7,-11313.3,48900.0,50864.6,,,,,,,,RR1715,,
J2-1011,ASNAP,2017/08/26 00:36:50,44.3688260,-124.9525871,953.77,1013.05,264.31,-0.6,0.6,0.00,68.27,68.27,HMR2300,5986.7,-10993.3,49166.7,50735.1,,,,,,,,RR1715,,
J2-1011,ASNAP,2017/08/26 00:36:55,44.3688222,-124.9525386,957.64,1012.63,260.47,-0.9,1.0,0.00,67.57,67.57,HMR2300,7020.0,-10686.7,49000.0,50640.7,,,,,,,,RR1715,,
J2-1011,ASNAP,2017/08/26 00:37:00,44.3688298,-124.9525150,959.52,1013.47,260.70,-1.1,1.2,0.00,66.63,66.63,HMR2300,6706.7,-11020.0,49180.0,50843.8,,,,,,,,RR1715,,
J2-1011,ASNAP,2017/08/26 00:37:05,44.3688386,-124.9524800,962.31,1014.45,262.46,-1.3,1.0,0.00,65.77,65.77,HMR2300,5920.0,-10926.7,49173.3,50719.4,,,,,,,,RR1715,,
J2-1011,ASNAP,2017/08/26 00:37:10,44.3688535,-124.9524576,964.10,1016.10,260.67,-1.4,1.0,0.00,64.88,64.88,HMR2300,6453.3,-10766.7,49186.7,50763.1,,,,,,,,RR1715,,
J2-1011,ASNAP,2017/08/26 00:37:15,44.3688572,-124.9523782,970.43,1016.52,261.70,-0.2,0.8,0.00,64.26,64.26,HMR2300,6906.7,-10713.3,49133.3,50759.8,,,,,,,,RR1715,,
J2-1011,ASNAP,2017/08/26 00:37:20,44.3688609,-124.9523699,971.09,1016.93,261.88,-1.2,0.6,0.00,63.10,63.1,HMR2300,5886.7,-9913.3,48493.3,49845.1,,,,,,,,RR1715,,
J2-1011,ASNAP,2017/08/26 00:37:25,44.3688690,-124.9523607,971.82,1017.83,260.54,-1.3,0.4,0.00,62.02,62.02,HMR2300,6233.3,-10366.7,49366.7,50827.1,,,,,,,,RR1715,,
J2-1011,ASNAP,2017/08/26 00:37:30,44.3688672,-124.9523251,974.66,1017.63,261.32,-1.5,1.0,0.00,60.35,60.35,HMR2300,6146.7,-10653.3,49353.3,50862.8,,,,,,,,RR1715,,
J2-1011,ASNAP,2017/08/26 00:37:35,44.3688841,-124.9522955,977.02,1019.50,261.26,-1.9,1.2,0.00,58.64,58.64,HMR2300,5806.7,-10926.7,49366.7,50893.8,,,,,,,,RR1715,,
J2-1011,ASNAP,2017/08/26 00:37:40,44.3688896,-124.9522826,978.05,1020.12,261.24,-2.9,1.8,0.00,55.92,55.92,HMR2300,4760.0,-11313.3,49353.3,50856.7,,,,,,,,RR1715,,
J2-1011,ASNAP,2017/08/26 00:37:45,44.3688932,-124.9522883,977.59,1020.52,261.43,-2.8,1.3,0.00,52.96,52.96,HMR2300,4913.3,-10980.0,49366.7,50811.1,,,,,,,,RR1715,,
J2-1011,EVT,2017/08/26 00:39:42,44.3687192,-124.9521433,989.15,1001.18,278.59,-0.2,0.5,0.00,34.77,34.77,HMR2300,933.3,-11660.0,49153.3,50526.0,,,,,,,,RR1715,DLG,TXT: Removing syntactic floats from line USR:eventlogger
J2-1011,EVT,2017/08/26 00:41:44,44.3687574,-124.9520745,994.64,1005.43,285.10,0.6,1.8,0.00,6.74,6.74,HMR2300,-4006.7,-10800.0,46840.0,48235.7,,,,,,,,RR1715,DLG,TXT: Last float off USR:eventlogger
J2-1011,EVT,2017/08/26 00:43:14,44.3687574,-124.9520745,994.64,1005.43,139.53,-12.4,1.2,0.00,0.35,0.35,HMR2300,1100.0,36600.0,31100.0,48041.4,,,,,,,,RR1715,DLG,TXT: Jason out of water USR:eventlogger
J2-1011,EVT,2017/08/26 00:45:28,44.3687574,-124.9520745,994.64,1005.43,79.04,-0.8,1.1,0.00,0.77,0.77,HMR2300,-14100.0,32720.0,27680.0,45117.5,,,,,,,,RR1715,DLG,TXT: Jason on deck USR:eventlogger
J2-1011,EVT,2017/08/26 01:07:05,44.3687574,-124.9520745,994.64,1005.43,4.95,1.2,1.5,0.00,0.61,0.61,HMR2300,-19366.7,24740.0,29466.7,43074.6,,,,,,,,RR1715,DLG,TXT: USR:eventlogger
