#fields: DAQ.lowering,DAQ.type,EIC.time,EIC.lat,EIC.lon,EIC.x,EIC.y,DAQ.g,DAQ.p,DAQ.r,DAQ.a,EIC.depth,DAQ.da,MAG.src,MAG.x,MAG.y,MAG.z,MAG.m,CTD.src,CTD.tp,CTD.c,CTD.dp,CTD.s,CTD.svel,CTD.p,DAQ.cruiseid,DAQ.etype,DAQ.evt
J2-970,EVT,2017/07/27 21:01:37,44.3597091,-124.9645508,0.00,0.00,0.00,0.0,0.0,0.00,0.00,0,HMR2300,12013.3,24486.7,33460.0,43168.1,,,,,,,,RR1713,DLG,TXT: test USR:eventlogger
J2-970,EVT,2017/07/27 21:13:12,44.3597091,-124.9645508,0.00,0.00,0.00,0.0,0.0,0.00,0.00,0,HMR2300,12013.3,24486.7,33460.0,43168.1,,,,,,,,RR1713,DLG,TXT: test USR:eventlogger
J2-970,EVT,2017/07/27 22:00:09,44.3597189,-124.9645264,1.94,1.08,262.72,-2.0,1.5,0.00,0.64,0.64,HMR2300,9206.7,-5333.3,40373.3,41751.8,,,,,,,,RR1713,DLG,TXT: test USR:eventlogger
J2-970,EVT,2017/07/27 22:00:09,44.3597189,-124.9645264,1.94,1.08,263.15,-2.1,0.4,0.00,0.64,0.64,HMR2300,9180.0,-5253.3,40386.7,41748.7,,,,,,,,RR1713,DLG,VERSION 4.01
J2-970,EVT,2017/07/27 22:00:16,44.3597189,-124.9645264,1.94,1.08,259.81,-1.5,1.6,0.00,0.64,0.64,HMR2300,9586.7,-6120.0,40306.7,41880.6,,,,,,,,RR1713,DLG,TXT: USR:eventlogger
J2-970,EVT,2017/07/27 22:50:11,44.3597091,-124.9645508,0.00,0.00,272.82,-6.6,0.2,0.00,1.36,1.36,HMR2300,-2033.3,-12193.3,42680.0,44434.2,,,,,,,,RR1713,DLG,TXT: Jason in the water USR:eventlogger
J2-970,ASNAP,2017/07/27 23:02:54,44.3597091,-124.9645508,0.00,0.00,274.99,-8.9,1.3,0.00,102.17,102.17,HMR2300,-4533.3,-14273.3,48760.0,51008.0,,,,,,,,RR1713,,
J2-970,ASNAP,2017/07/27 23:03:09,44.3597091,-124.9645508,0.00,0.00,274.96,-9.0,2.1,0.00,106.79,106.79,HMR2300,-5280.0,-14226.7,48653.3,50964.9,,,,,,,,RR1713,,
J2-970,ASNAP,2017/07/27 23:03:24,44.3597091,-124.9645508,0.00,0.00,274.97,-7.9,2.8,0.00,112.73,112.73,HMR2300,-4133.3,-14066.7,48693.3,50852.7,,,,,,,,RR1713,,
J2-970,ASNAP,2017/07/27 23:03:39,44.3597091,-124.9645508,0.00,0.00,274.98,-8.0,2.2,0.00,118.63,118.63,HMR2300,-4253.3,-13106.7,49040.0,50939.2,,,,,,,,RR1713,,
J2-970,ASNAP,2017/07/27 23:03:54,44.3597091,-124.9645508,0.00,0.00,275.98,-9.1,4.3,0.00,121.59,121.59,HMR2300,-5566.7,-14860.0,48493.3,51023.6,,,,,,,,RR1713,,
J2-970,ASNAP,2017/07/27 23:04:09,44.3597167,-124.9645785,-2.21,0.84,274.96,-9.4,2.6,0.00,119.81,119.81,HMR2300,-5200.0,-13786.7,48520.0,50708.0,,,,,,,,RR1713,,
J2-970,ASNAP,2017/07/27 23:04:24,44.3597201,-124.9645838,-2.63,1.22,275.11,-9.1,3.0,0.00,120.38,120.38,HMR2300,-5186.7,-14133.3,48720.0,50993.0,,,,,,,,RR1713,,
J2-970,ASNAP,2017/07/27 23:04:39,44.3597201,-124.9645838,-2.63,1.22,275.36,-9.2,3.1,0.00,119.70,119.7,HMR2300,-5346.7,-14253.3,48626.7,50953.9,,,,,,,,RR1713,,
J2-970,ASNAP,2017/07/27 23:04:54,44.3597201,-124.9645838,-2.63,1.22,276.32,-9.0,3.0,0.00,116.63,116.63,HMR2300,-6173.3,-14120.0,48540.0,50927.6,,,,,,,,RR1713,,
J2-970,ASNAP,2017/07/27 23:05:09,44.3597201,-124.9645838,-2.63,1.22,275.31,-9.0,3.3,0.00,114.42,114.42,HMR2300,-5180.0,-14466.7,48640.0,51009.5,,,,,,,,RR1713,,
J2-970,ASNAP,2017/07/27 23:05:24,44.3597201,-124.9645838,-2.63,1.22,275.83,-8.8,3.2,0.00,110.40,110.4,HMR2300,-5166.7,-14046.7,48740.0,50986.2,,,,,,,,RR1713,,
J2-970,ASNAP,2017/07/27 23:05:39,44.3597201,-124.9645838,-2.63,1.22,282.88,-10.1,3.3,0.00,110.85,110.85,HMR2300,-9000.0,-14913.3,47906.7,50975.1,,,,,,,,RR1713,,
J2-970,ASNAP,2017/07/27 23:05:54,44.3597201,-124.9645838,-2.63,1.22,294.64,-9.0,3.8,0.00,107.61,107.61,HMR2300,-12626.7,-14220.0,46880.0,50590.3,,,,,,,,RR1713,,
J2-970,ASNAP,2017/07/27 23:06:09,44.3597201,-124.9645838,-2.63,1.22,294.70,-8.6,3.1,0.00,105.67,105.67,HMR2300,-12706.7,-15053.3,46300.0,50316.5,,,,,,,,RR1713,,
J2-970,EVT,2017/07/27 23:06:16,44.3597201,-124.9645838,-2.63,1.22,294.85,-8.8,2.2,0.00,105.67,105.67,HMR2300,-11820.0,-14326.7,47440.0,50946.2,,,,,,,,RR1713,DLG,TXT: Beacon on USR:eventlogger
J2-970,ASNAP,2017/07/27 23:06:24,44.3597201,-124.9645838,-2.63,1.22,294.93,-8.8,2.7,0.00,106.75,106.75,HMR2300,-11893.3,-14293.3,47280.0,50805.0,,,,,,,,RR1713,,
J2-970,ASNAP,2017/07/27 23:06:39,44.3597201,-124.9645838,-2.63,1.22,294.86,-9.0,2.6,0.00,108.80,108.8,HMR2300,-12133.3,-13573.3,47446.7,50819.7,,,,,,,,RR1713,,
J2-970,ASNAP,2017/07/27 23:06:54,44.3597201,-124.9645838,-2.63,1.22,297.56,-9.5,2.1,0.00,111.92,111.92,HMR2300,-12700.0,-14580.0,47653.3,51426.7,,,,,,,,RR1713,,
J2-970,ASNAP,2017/07/27 23:07:09,44.3597201,-124.9645838,-2.63,1.22,301.34,-8.9,2.7,0.00,115.37,115.37,HMR2300,-14820.0,-13726.7,45866.7,50117.9,,,,,,,,RR1713,,
J2-970,ASNAP,2017/07/27 23:07:24,44.3597201,-124.9645838,-2.63,1.22,299.72,-9.0,2.5,0.00,118.49,118.49,HMR2300,-14013.3,-14453.3,46726.7,50878.8,,,,,,,,RR1713,,
J2-970,ASNAP,2017/07/27 23:07:39,44.3597201,-124.9645838,-2.63,1.22,299.96,-9.1,3.1,0.00,120.66,120.66,HMR2300,-14126.7,-14746.7,46733.3,51000.3,,,,,,,,RR1713,,
J2-970,ASNAP,2017/07/27 23:07:54,44.3597201,-124.9645838,-2.63,1.22,300.05,-9.1,2.9,0.00,120.07,120.07,HMR2300,-13620.0,-14120.0,46933.3,50868.6,,,,,,,,RR1713,,
J2-970,EVT,2017/07/27 23:07:59,44.3597201,-124.9645838,-2.63,1.22,300.16,-8.1,2.9,0.00,120.72,120.72,HMR2300,-13106.7,-14140.0,47380.0,51152.6,,,,,,,,RR1713,DLG,TXT: Descending USR:eventlogger
J2-970,ASNAP,2017/07/27 23:08:09,44.3597201,-124.9645838,-2.63,1.22,299.97,-8.6,4.0,0.00,122.90,122.9,HMR2300,-13666.7,-14613.3,46866.7,50958.9,,,,,,,,RR1713,,
J2-970,ASNAP,2017/07/27 23:08:24,44.3597201,-124.9645838,-2.63,1.22,300.02,-8.4,3.0,0.00,127.18,127.18,HMR2300,-12833.3,-14406.7,47853.3,51596.4,,,,,,,,RR1713,,
J2-970,ASNAP,2017/07/27 23:08:39,44.3597201,-124.9645838,-2.63,1.22,302.88,-7.8,2.6,0.00,131.95,131.95,HMR2300,-15080.0,-14560.0,46460.0,50969.9,,,,,,,,RR1713,,
J2-970,ASNAP,2017/07/27 23:08:54,44.3597201,-124.9645838,-2.63,1.22,312.29,-8.8,3.6,0.00,137.46,137.46,HMR2300,-17293.3,-13500.0,46573.3,51481.9,,,,,,,,RR1713,,
J2-970,ASNAP,2017/07/27 23:09:09,44.3597201,-124.9645838,-2.63,1.22,309.46,-8.7,2.5,0.00,140.74,140.74,HMR2300,-17233.3,-12580.0,45360.0,50127.6,,,,,,,,RR1713,,
J2-970,ASNAP,2017/07/27 23:09:24,44.3597201,-124.9645838,-2.63,1.22,309.15,-8.8,2.8,0.00,144.33,144.33,HMR2300,-17013.3,-13326.7,45973.3,50799.6,,,,,,,,RR1713,,
J2-970,ASNAP,2017/07/27 23:09:39,44.3597201,-124.9645838,-2.63,1.22,309.25,-8.4,2.8,0.00,147.89,147.89,HMR2300,-16606.7,-13220.0,46153.3,50800.4,,,,,,,,RR1713,,
J2-970,ASNAP,2017/07/27 23:09:54,44.3597201,-124.9645838,-2.63,1.22,309.34,-8.3,3.0,0.00,154.13,154.13,HMR2300,-17400.0,-13906.7,45800.0,50929.3,,,,,,,,RR1713,,
J2-970,ASNAP,2017/07/27 23:10:09,44.3735488,-374.8863578,-19924354.51,1537.84,309.50,-9.0,2.8,0.00,158.75,158.75,HMR2300,-17400.0,-13226.7,45780.0,50729.8,,,,,,,,RR1713,,
J2-970,ASNAP,2017/07/27 23:10:24,44.3735634,-374.8863488,-19924353.79,1539.46,309.47,-7.5,2.9,0.00,162.84,162.84,HMR2300,-16073.3,-13000.0,46340.0,50742.0,,,,,,,,RR1713,,
J2-970,ASNAP,2017/07/27 23:10:39,44.3735865,-374.8863557,-19924354.34,1542.03,309.25,-8.1,2.8,0.00,169.84,169.84,HMR2300,-16066.7,-14126.7,46893.3,51543.0,,,,,,,,RR1713,,
J2-970,ASNAP,2017/07/27 23:10:54,44.3736006,-374.8863698,-19924355.47,1543.59,309.25,-8.7,3.0,0.00,176.17,176.17,HMR2300,-17060.0,-13106.7,45926.7,50715.7,,,,,,,,RR1713,,
J2-970,ASNAP,2017/07/27 23:11:09,44.3735969,-374.8863673,-19924355.27,1543.18,309.17,-8.2,3.2,0.00,181.72,181.72,HMR2300,-17313.3,-13520.0,45320.0,50363.1,,,,,,,,RR1713,,
J2-970,ASNAP,2017/07/27 23:11:24,44.3736187,-374.8863439,-19924353.40,1545.60,309.10,-7.5,2.9,0.00,187.84,187.84,HMR2300,-15860.0,-13440.0,46280.0,50734.7,,,,,,,,RR1713,,
J2-970,ASNAP,2017/07/27 23:11:39,44.3736341,-374.8863471,-19924353.66,1547.32,309.36,-8.1,2.3,0.00,193.59,193.59,HMR2300,-16440.0,-13373.3,46146.7,50780.3,,,,,,,,RR1713,,
J2-970,ASNAP,2017/07/27 23:11:54,44.3736395,-374.8863372,-19924352.87,1547.92,309.48,-9.7,3.0,0.00,199.99,199.99,HMR2300,-17533.3,-13806.7,45613.3,50780.1,,,,,,,,RR1713,,
J2-970,ASNAP,2017/07/27 23:12:09,44.3736291,-374.8863080,-19924350.54,1546.76,327.11,-9.4,2.7,0.00,199.58,199.58,HMR2300,-23493.3,-9640.0,43413.3,50295.0,,,,,,,,RR1713,,
J2-970,ASNAP,2017/07/27 23:12:24,44.3736278,-374.8862768,-19924348.05,1546.62,323.46,-8.4,2.8,0.00,198.23,198.23,HMR2300,-20986.7,-11360.0,44586.7,50571.3,,,,,,,,RR1713,,
J2-970,ASNAP,2017/07/27 23:12:39,44.3736106,-374.8862719,-19924347.66,1544.71,316.83,-9.3,3.0,0.00,199.01,199.01,HMR2300,-19666.7,-12426.7,44973.3,50634.0,,,,,,,,RR1713,,
J2-970,ASNAP,2017/07/27 23:12:54,44.3736177,-374.8862541,-19924346.24,1545.49,310.86,-8.9,2.9,0.00,198.74,198.74,HMR2300,-17246.7,-13100.0,46013.3,50855.5,,,,,,,,RR1713,,
J2-970,ASNAP,2017/07/27 23:13:09,44.3736772,-374.8862766,-19924348.04,1552.10,311.21,-8.2,2.9,0.00,199.09,199.09,HMR2300,-17293.3,-13033.3,45953.3,50800.0,,,,,,,,RR1713,,
J2-970,ASNAP,2017/07/27 23:13:24,44.3736858,-374.8863022,-19924350.08,1553.06,310.93,-8.5,2.6,0.00,198.68,198.68,HMR2300,-17220.0,-12953.3,45800.0,50615.8,,,,,,,,RR1713,,
J2-970,ASNAP,2017/07/27 23:13:39,44.3737106,-374.8862933,-19924349.37,1555.82,350.71,-8.7,2.8,0.00,198.70,198.7,HMR2300,-28180.0,-1140.0,40826.7,49620.8,,,,,,,,RR1713,,
J2-970,ASNAP,2017/07/27 23:13:54,44.3736955,-374.8862818,-19924348.45,1554.14,14.87,-8.9,4.5,0.00,198.85,198.85,HMR2300,-28713.3,200.0,40046.7,49277.1,,,,,,,,RR1713,,
J2-970,ASNAP,2017/07/27 23:14:09,44.3737455,-374.8862960,-19924349.58,1559.69,303.45,-9.3,3.1,0.00,199.23,199.23,HMR2300,-14986.7,-13600.0,46640.0,50841.4,,,,,,,,RR1713,,
J2-970,ASNAP,2017/07/27 23:14:24,44.3737443,-374.8862858,-19924348.77,1559.56,303.03,-8.7,3.0,0.00,199.59,199.59,HMR2300,-14906.7,-13920.0,46653.3,50916.7,,,,,,,,RR1713,,
J2-970,ASNAP,2017/07/27 23:14:39,44.3737613,-374.8862992,-19924349.84,1561.45,330.33,-8.7,2.8,0.00,199.13,199.13,HMR2300,-24180.0,-8473.3,42993.3,50048.9,,,,,,,,RR1713,,
J2-970,ASNAP,2017/07/27 23:14:54,44.3737716,-374.8862656,-19924347.16,1562.60,0.19,-8.8,3.1,0.00,199.34,199.34,HMR2300,-28213.3,-853.3,40626.7,49469.7,,,,,,,,RR1713,,
J2-970,ASNAP,2017/07/27 23:15:09,44.3737716,-374.8862411,-19924345.21,1562.60,0.30,-8.6,3.1,0.00,199.29,199.29,HMR2300,-28120.0,-1020.0,40886.7,49633.6,,,,,,,,RR1713,,
J2-970,ASNAP,2017/07/27 23:15:24,44.3737988,-374.8862292,-19924344.26,1565.62,359.72,-9.0,3.2,0.00,199.21,199.21,HMR2300,-28613.3,-1020.0,40140.0,49305.0,,,,,,,,RR1713,,
J2-970,ASNAP,2017/07/27 23:15:39,44.3737833,-374.8861876,-19924340.94,1563.90,359.82,-9.0,3.2,0.00,199.27,199.27,HMR2300,-28700.0,-993.3,40160.0,49371.1,,,,,,,,RR1713,,
J2-970,ASNAP,2017/07/27 23:15:54,44.3738063,-374.8861521,-19924338.11,1566.45,359.69,-8.9,3.3,0.00,199.29,199.29,HMR2300,-28833.3,-966.7,40086.7,49388.6,,,,,,,,RR1713,,
J2-970,ASNAP,2017/07/27 23:16:09,44.3737998,-374.8861326,-19924336.56,1565.73,359.92,-8.9,3.1,0.00,199.20,199.2,HMR2300,-28613.3,-1080.0,40553.3,49643.3,,,,,,,,RR1713,,
J2-970,ASNAP,2017/07/27 23:16:24,44.3737990,-374.8860689,-19924331.48,1565.64,1.74,-8.7,3.0,0.00,199.22,199.22,HMR2300,-28660.0,-193.3,40440.0,49566.4,,,,,,,,RR1713,,
J2-970,ASNAP,2017/07/27 23:16:39,44.3737963,-374.8860517,-19924330.11,1565.34,359.88,-9.0,3.1,0.00,199.26,199.26,HMR2300,-28713.3,-980.0,40320.0,49508.8,,,,,,,,RR1713,,
J2-970,ASNAP,2017/07/27 23:16:54,44.3737926,-374.8860392,-19924329.11,1564.93,0.34,-8.9,3.0,0.00,199.25,199.25,HMR2300,-28320.0,-360.0,40533.3,49448.0,,,,,,,,RR1713,,
J2-970,ASNAP,2017/07/27 23:17:09,44.3737946,-374.8860312,-19924328.47,1565.15,359.71,-9.0,3.1,0.00,199.29,199.29,HMR2300,-28473.3,-800.0,40240.0,49301.4,,,,,,,,RR1713,,
J2-970,ASNAP,2017/07/27 23:17:24,44.3737799,-374.8859944,-19924325.54,1563.52,0.56,-9.2,3.4,0.00,199.27,199.27,HMR2300,-28820.0,-693.3,39980.0,49289.7,,,,,,,,RR1713,,
J2-970,ASNAP,2017/07/27 23:17:39,44.3737936,-374.8859934,-19924325.46,1565.04,359.72,-8.8,3.3,0.00,199.44,199.44,HMR2300,-28346.7,-1080.0,40453.3,49408.2,,,,,,,,RR1713,,
J2-970,ASNAP,2017/07/27 23:17:54,44.3737937,-374.8860085,-19924326.66,1565.05,3.17,-8.5,2.9,0.00,199.21,199.21,HMR2300,-28853.3,26.7,40086.7,49390.9,,,,,,,,RR1713,,
J2-970,ASNAP,2017/07/27 23:18:09,44.3738271,-374.8860033,-19924326.25,1568.76,0.76,-8.1,3.6,0.00,199.46,199.46,HMR2300,-28086.7,-680.0,40773.3,49515.5,,,,,,,,RR1713,,
J2-970,EVT,2017/07/27 23:18:17,44.3738410,-374.8859984,-19924325.86,1570.31,2.88,-8.7,3.8,0.00,199.29,199.29,HMR2300,-28640.0,-406.7,40406.7,49528.9,,,,,,,,RR1713,DLG,Biology: Fish Fish USR:eventlogger
J2-970,ASNAP,2017/07/27 23:18:24,44.3738720,-374.8860268,-19924328.12,1573.75,3.98,-8.6,3.6,0.00,199.36,199.36,HMR2300,-28426.7,153.3,40280.0,49300.9,,,,,,,,RR1713,,
J2-970,ASNAP,2017/07/27 23:18:39,44.3738858,-374.8860501,-19924329.98,1575.29,2.22,-8.5,3.7,0.00,199.29,199.29,HMR2300,-28300.0,-260.0,40580.0,49474.2,,,,,,,,RR1713,,
J2-970,ASNAP,2017/07/27 23:18:54,44.3738924,-374.8860627,-19924330.98,1576.02,1.59,-9.2,3.4,0.00,199.20,199.2,HMR2300,-28606.7,-720.0,40113.3,49274.1,,,,,,,,RR1713,,
J2-970,ASNAP,2017/07/27 23:19:09,44.3738840,-374.8860509,-19924330.04,1575.08,3.57,-8.7,3.6,0.00,199.38,199.38,HMR2300,-28553.3,0.0,40226.7,49330.3,,,,,,,,RR1713,,
J2-970,ASNAP,2017/07/27 23:19:24,44.3738936,-374.8860496,-19924329.94,1576.15,2.32,-8.9,3.4,0.00,199.21,199.21,HMR2300,-28453.3,-386.7,40613.3,49590.2,,,,,,,,RR1713,,
J2-970,ASNAP,2017/07/27 23:19:39,44.3738850,-374.8860496,-19924329.94,1575.20,2.61,-9.1,3.2,0.00,199.24,199.24,HMR2300,-28980.0,-173.3,40060.0,49443.6,,,,,,,,RR1713,,
J2-970,ASNAP,2017/07/27 23:19:54,44.3738850,-374.8860068,-19924326.53,1575.20,3.96,-8.6,3.4,0.00,199.38,199.38,HMR2300,-28560.0,206.7,40293.3,49389.0,,,,,,,,RR1713,,
J2-970,ASNAP,2017/07/27 23:20:09,44.3739000,-374.8860071,-19924326.55,1576.86,3.97,-8.8,3.4,0.00,199.31,199.31,HMR2300,-28680.0,273.3,40346.7,49502.2,,,,,,,,RR1713,,
J2-970,ASNAP,2017/07/27 23:20:24,44.3739301,-374.8860013,-19924326.09,1580.21,2.71,-8.6,3.4,0.00,199.35,199.35,HMR2300,-28460.0,-146.7,40553.3,49543.6,,,,,,,,RR1713,,
J2-970,ASNAP,2017/07/27 23:20:39,44.3739241,-374.8860077,-19924326.60,1579.54,3.80,-8.8,3.4,0.00,199.22,199.22,HMR2300,-28493.3,446.7,40106.7,49199.7,,,,,,,,RR1713,,
J2-970,ASNAP,2017/07/27 23:20:54,44.3739353,-374.8859944,-19924325.54,1580.78,3.33,-8.8,3.3,0.00,199.29,199.29,HMR2300,-28553.3,40.0,40480.0,49537.1,,,,,,,,RR1713,,
J2-970,ASNAP,2017/07/27 23:21:09,44.3739260,-374.8860093,-19924326.73,1579.75,2.64,-9.1,3.3,0.00,199.20,199.2,HMR2300,-29033.3,133.3,40013.3,49437.0,,,,,,,,RR1713,,
J2-970,ASNAP,2017/07/27 23:21:24,44.3739218,-374.8860318,-19924328.52,1579.28,22.20,-9.3,3.3,0.00,199.04,199.04,HMR2300,-29246.7,6060.0,38833.3,48991.0,,,,,,,,RR1713,,
J2-970,ASNAP,2017/07/27 23:21:39,44.3739243,-374.8860408,-19924329.24,1579.56,24.21,-9.2,3.7,0.00,199.20,199.2,HMR2300,-28913.3,7360.0,38766.7,48918.3,,,,,,,,RR1713,,
J2-970,ASNAP,2017/07/27 23:21:54,44.3739313,-374.8861014,-19924334.07,1580.34,19.00,-9.3,3.1,0.00,198.85,198.85,HMR2300,-29160.0,6160.0,38720.0,48861.9,,,,,,,,RR1713,,
J2-970,ASNAP,2017/07/27 23:22:09,44.3738958,-374.8861276,-19924336.16,1576.40,24.38,-9.3,3.4,0.00,198.86,198.86,HMR2300,-29093.3,7113.3,38520.0,48793.6,,,,,,,,RR1713,,
J2-970,ASNAP,2017/07/27 23:22:24,44.3738722,-374.8861513,-19924338.05,1573.77,19.61,-9.3,3.6,0.00,199.28,199.28,HMR2300,-29386.7,5560.0,38886.7,49057.7,,,,,,,,RR1713,,
J2-970,ASNAP,2017/07/27 23:22:39,44.3738838,-374.8861301,-19924336.36,1575.06,20.20,-9.2,3.8,0.00,199.29,199.29,HMR2300,-29260.0,5933.3,38546.7,48756.5,,,,,,,,RR1713,,
J2-970,ASNAP,2017/07/27 23:22:54,44.3739004,-374.8861523,-19924338.13,1576.91,22.05,-9.2,3.9,0.00,199.21,199.21,HMR2300,-29126.7,6500.0,38466.7,48685.7,,,,,,,,RR1713,,
J2-970,ASNAP,2017/07/27 23:23:09,44.3739041,-374.8861546,-19924338.31,1577.32,20.91,-9.1,3.9,0.00,199.17,199.17,HMR2300,-29373.3,5733.3,38866.7,49053.9,,,,,,,,RR1713,,
J2-970,ASNAP,2017/07/27 23:23:24,44.3738923,-374.8861671,-19924339.31,1576.01,21.22,-9.2,3.4,0.00,199.26,199.26,HMR2300,-29333.3,7500.0,38186.7,48733.1,,,,,,,,RR1713,,
J2-970,ASNAP,2017/07/27 23:23:39,44.3738849,-374.8861536,-19924338.23,1575.18,60.59,-9.7,3.1,0.00,199.26,199.26,HMR2300,-23880.0,19080.0,36806.7,47843.8,,,,,,,,RR1713,,
J2-970,ASNAP,2017/07/27 23:23:54,44.3738960,-374.8861331,-19924336.60,1576.42,59.19,-9.5,3.5,0.00,199.23,199.23,HMR2300,-24040.0,18886.7,36780.0,47826.7,,,,,,,,RR1713,,
J2-970,ASNAP,2017/07/27 23:24:09,44.3738873,-374.8861099,-19924334.75,1575.45,33.13,-9.2,3.5,0.00,199.24,199.24,HMR2300,-28260.0,10720.0,37773.3,48377.4,,,,,,,,RR1713,,
J2-970,ASNAP,2017/07/27 23:24:24,44.3738845,-374.8860539,-19924330.28,1575.14,32.65,-9.3,3.5,0.00,199.21,199.21,HMR2300,-28413.3,10413.3,38213.3,48744.4,,,,,,,,RR1713,,
J2-970,ASNAP,2017/07/27 23:24:39,44.3738639,-374.8860309,-19924328.45,1572.85,32.70,-9.3,3.4,0.00,199.24,199.24,HMR2300,-28220.0,10526.7,38173.3,48624.9,,,,,,,,RR1713,,
J2-970,ASNAP,2017/07/27 23:24:54,44.3738553,-374.8859754,-19924324.02,1571.90,32.72,-9.2,3.3,0.00,199.22,199.22,HMR2300,-28613.3,10400.0,37940.0,48644.9,,,,,,,,RR1713,,
J2-970,ASNAP,2017/07/27 23:25:09,44.3738647,-374.8859479,-19924321.83,1572.94,32.89,-9.2,3.4,0.00,199.25,199.25,HMR2300,-28293.3,10780.0,37753.3,48394.6,,,,,,,,RR1713,,
J2-970,ASNAP,2017/07/27 23:25:24,44.3738606,-374.8858938,-19924317.52,1572.49,32.89,-9.2,3.3,0.00,199.24,199.24,HMR2300,-28493.3,10466.7,38040.0,48666.9,,,,,,,,RR1713,,
J2-970,ASNAP,2017/07/27 23:25:39,44.3738533,-374.8858592,-19924314.76,1571.67,33.42,-9.4,3.5,0.00,199.30,199.3,HMR2300,-28280.0,10913.3,37753.3,48416.7,,,,,,,,RR1713,,
J2-970,ASNAP,2017/07/27 23:25:54,44.3738430,-374.8858349,-19924312.82,1570.53,33.44,-9.2,3.5,0.00,199.37,199.37,HMR2300,-28326.7,10826.7,37786.7,48450.5,,,,,,,,RR1713,,
J2-970,ASNAP,2017/07/27 23:26:09,44.3738498,-374.8858316,-19924312.56,1571.28,32.62,-9.2,3.4,0.00,199.24,199.24,HMR2300,-28526.7,10680.0,37586.7,48379.7,,,,,,,,RR1713,,
J2-970,ASNAP,2017/07/27 23:26:24,44.3738598,-374.8858004,-19924310.07,1572.40,32.80,-9.3,3.6,0.00,199.29,199.29,HMR2300,-28386.7,10566.7,38053.3,48636.5,,,,,,,,RR1713,,
J2-970,ASNAP,2017/07/27 23:26:39,44.3738404,-374.8858112,-19924310.93,1570.24,39.25,-9.2,3.4,0.00,198.96,198.96,HMR2300,-27493.3,12413.3,38000.0,48517.8,,,,,,,,RR1713,,
J2-970,ASNAP,2017/07/27 23:26:54,44.3738553,-374.8858364,-19924312.94,1571.89,33.91,-9.3,3.7,0.00,199.16,199.16,HMR2300,-28673.3,10760.0,37493.3,48411.6,,,,,,,,RR1713,,
J2-970,ASNAP,2017/07/27 23:27:09,44.3738605,-374.8858360,-19924312.91,1572.47,37.42,-9.3,3.8,0.00,199.19,199.19,HMR2300,-27940.0,11640.0,38013.3,48591.6,,,,,,,,RR1713,,
J2-970,ASNAP,2017/07/27 23:27:24,44.3738948,-374.8858754,-19924316.05,1576.28,37.76,-9.2,4.0,0.00,199.09,199.09,HMR2300,-27886.7,11746.7,37826.7,48440.8,,,,,,,,RR1713,,
J2-970,ASNAP,2017/07/27 23:27:39,44.3739380,-374.8859548,-19924322.38,1581.09,13.91,-9.2,3.1,0.00,199.01,199.01,HMR2300,-30060.0,3813.3,38500.0,48993.8,,,,,,,,RR1713,,
J2-970,ASNAP,2017/07/27 23:27:54,44.3738750,-374.8858852,-19924316.83,1574.09,33.07,-9.4,3.8,0.00,198.66,198.66,HMR2300,-28380.0,10440.0,37980.0,48547.9,,,,,,,,RR1713,,
J2-970,ASNAP,2017/07/27 23:28:09,44.3737850,-374.8859431,-19924321.45,1564.08,38.10,-10.0,3.7,0.00,198.75,198.75,HMR2300,-28133.3,12380.0,37326.7,48353.2,,,,,,,,RR1713,,
J2-970,ASNAP,2017/07/27 23:28:24,44.3737575,-374.8859760,-19924324.07,1561.03,35.91,-10.2,3.8,0.00,198.77,198.77,HMR2300,-29006.7,11133.3,37126.7,48412.1,,,,,,,,RR1713,,
J2-970,ASNAP,2017/07/27 23:28:39,44.3737365,-374.8859850,-19924324.79,1558.69,31.31,-10.5,3.6,0.00,199.39,199.39,HMR2300,-29360.0,9846.7,37366.7,48530.8,,,,,,,,RR1713,,
J2-970,ASNAP,2017/07/27 23:28:54,44.3737126,-374.8859639,-19924323.11,1556.04,30.87,-10.3,3.6,0.00,199.29,199.29,HMR2300,-29313.3,9980.0,37186.7,48391.3,,,,,,,,RR1713,,
J2-970,ASNAP,2017/07/27 23:29:09,44.3737057,-374.8859036,-19924318.30,1555.27,30.71,-10.1,3.4,0.00,199.28,199.28,HMR2300,-29080.0,9986.7,37726.7,48669.1,,,,,,,,RR1713,,
J2-970,ASNAP,2017/07/27 23:29:24,44.3737099,-374.8858627,-19924315.04,1555.74,31.12,-9.5,3.4,0.00,199.33,199.33,HMR2300,-28473.3,10153.3,37933.3,48505.2,,,,,,,,RR1713,,
J2-970,ASNAP,2017/07/27 23:29:39,44.3737508,-374.8857989,-19924309.95,1560.28,29.36,-9.4,4.0,0.00,199.55,199.55,HMR2300,-29086.7,8260.0,38140.0,48671.6,,,,,,,,RR1713,,
J2-970,ASNAP,2017/07/27 23:29:54,44.3737725,-374.8857612,-19924306.95,1562.70,352.24,-9.3,2.6,0.00,199.34,199.34,HMR2300,-27826.7,-2013.3,40793.3,49421.4,,,,,,,,RR1713,,
J2-970,ASNAP,2017/07/27 23:30:09,44.3738004,-374.8857049,-19924302.46,1565.79,1.05,-9.5,2.9,0.00,199.29,199.29,HMR2300,-28526.7,-353.3,40140.0,49245.5,,,,,,,,RR1713,,
J2-970,ASNAP,2017/07/27 23:30:24,44.3738198,-374.8857109,-19924302.94,1567.95,2.58,-9.6,3.5,0.00,199.24,199.24,HMR2300,-29266.7,-213.3,39726.7,49343.6,,,,,,,,RR1713,,
J2-970,ASNAP,2017/07/27 23:30:39,44.3738139,-374.8856515,-19924298.20,1567.30,6.81,-9.5,3.2,0.00,199.33,199.33,HMR2300,-29266.7,1473.3,39513.3,49193.6,,,,,,,,RR1713,,
J2-970,ASNAP,2017/07/27 23:30:54,44.3738094,-374.8856641,-19924299.21,1566.79,4.69,-9.5,3.4,0.00,199.31,199.31,HMR2300,-29126.7,700.0,39893.3,49399.7,,,,,,,,RR1713,,
J2-970,ASNAP,2017/07/27 23:31:09,44.3738193,-374.8856157,-19924295.35,1567.90,8.87,-9.6,3.6,0.00,199.40,199.4,HMR2300,-29260.0,2300.0,39380.0,49114.4,,,,,,,,RR1713,,
J2-970,ASNAP,2017/07/27 23:31:24,44.3738309,-374.8856350,-19924296.89,1569.18,23.66,-9.7,3.7,0.00,199.14,199.14,HMR2300,-29353.3,7226.7,38126.7,48656.8,,,,,,,,RR1713,,
J2-970,ASNAP,2017/07/27 23:31:39,44.3737927,-374.8856771,-19924300.24,1564.94,24.00,-10.1,3.7,0.00,199.24,199.24,HMR2300,-29400.0,7180.0,38346.7,48850.6,,,,,,,,RR1713,,
J2-970,ASNAP,2017/07/27 23:31:54,44.3738536,-374.8856966,-19924301.80,1571.71,24.54,-9.8,3.8,0.00,199.13,199.13,HMR2300,-29460.0,7240.0,38373.3,48916.5,,,,,,,,RR1713,,
J2-970,ASNAP,2017/07/27 23:32:09,44.3738264,-374.8857301,-19924304.47,1568.68,23.58,-9.7,3.8,0.00,199.39,199.39,HMR2300,-29353.3,6566.7,38380.0,48762.3,,,,,,,,RR1713,,
J2-970,ASNAP,2017/07/27 23:32:24,44.3738524,-374.8857462,-19924305.75,1571.57,12.73,-9.6,3.7,0.00,199.34,199.34,HMR2300,-29720.0,3046.7,38953.3,49091.0,,,,,,,,RR1713,,
J2-970,ASNAP,2017/07/27 23:32:39,44.3738878,-374.8856915,-19924301.39,1575.51,13.04,-9.6,3.7,0.00,199.95,199.95,HMR2300,-29560.0,3420.0,38960.0,49024.2,,,,,,,,RR1713,,
J2-970,ASNAP,2017/07/27 23:32:54,44.3738683,-374.8856582,-19924298.74,1573.34,12.28,-9.8,3.9,0.00,200.10,200.1,HMR2300,-29640.0,3226.7,38973.3,49070.0,,,,,,,,RR1713,,
J2-970,ASNAP,2017/07/27 23:33:09,44.3738649,-374.8856342,-19924296.82,1572.96,12.66,-10.1,3.6,0.00,198.81,198.81,HMR2300,-29913.3,3346.7,38780.0,49090.7,,,,,,,,RR1713,,
J2-970,ASNAP,2017/07/27 23:33:24,44.3738424,-374.8856127,-19924295.11,1570.46,12.88,-10.0,4.2,0.00,199.33,199.33,HMR2300,-29886.7,3080.0,38813.3,49083.3,,,,,,,,RR1713,,
J2-970,ASNAP,2017/07/27 23:33:39,44.3738868,-374.8855193,-19924287.66,1575.40,12.65,-10.4,4.0,0.00,196.81,196.81,HMR2300,-30026.7,2880.0,38673.3,49046.1,,,,,,,,RR1713,,
J2-970,EVT,2017/07/27 23:33:53,44.3738703,-374.8855548,-19924290.49,1573.56,22.01,-10.1,3.3,0.00,193.98,193.98,HMR2300,-29860.0,6820.0,37966.7,48781.1,,,,,,,,RR1713,DLG,TXT: Cable on SONAR USR:eventlogger
J2-970,ASNAP,2017/07/27 23:33:54,44.3738703,-374.8855548,-19924290.49,1573.56,21.38,-10.3,3.6,0.00,193.98,193.98,HMR2300,-30080.0,6133.3,38006.7,48856.2,,,,,,,,RR1713,,
J2-970,EVT,2017/07/27 23:34:04,44.3738355,-374.8855644,-19924291.26,1569.69,17.03,-9.7,3.5,0.00,193.40,193.4,HMR2300,-29913.3,5153.3,38146.7,48749.7,,,,,,,,RR1713,DLG,TXT: Target is in the SONAR USR:eventlogger
J2-970,ASNAP,2017/07/27 23:34:09,44.3738364,-374.8855666,-19924291.43,1569.79,18.63,-9.4,3.4,0.00,193.85,193.85,HMR2300,-29780.0,5880.0,38140.0,48745.1,,,,,,,,RR1713,,
J2-970,ASNAP,2017/07/27 23:34:24,44.3738454,-374.8856083,-19924294.76,1570.79,15.41,-9.7,3.7,0.00,194.25,194.25,HMR2300,-29446.7,4340.0,38973.3,49039.4,,,,,,,,RR1713,,
J2-970,ASNAP,2017/07/27 23:34:39,44.3738832,-374.8856525,-19924298.28,1575.00,16.51,-9.9,4.0,0.00,195.86,195.86,HMR2300,-29706.7,4760.0,38500.0,48861.0,,,,,,,,RR1713,,
J2-970,ASNAP,2017/07/27 23:34:54,44.3738883,-374.8856300,-19924296.49,1575.56,20.09,-9.6,3.9,0.00,197.39,197.39,HMR2300,-29613.3,6180.0,38140.0,48680.6,,,,,,,,RR1713,,
J2-970,ASNAP,2017/07/27 23:35:09,44.3739044,-374.8856791,-19924300.40,1577.35,18.77,-10.3,4.9,0.00,196.44,196.44,HMR2300,-30053.3,4626.7,38353.3,48944.7,,,,,,,,RR1713,,
J2-970,ASNAP,2017/07/27 23:35:24,44.3739246,-374.8856853,-19924300.90,1579.60,17.75,-10.3,4.4,0.00,192.42,192.42,HMR2300,-29986.7,4526.7,38553.3,49051.5,,,,,,,,RR1713,,
J2-970,ASNAP,2017/07/27 23:35:39,44.3739121,-374.8856304,-19924296.52,1578.21,17.19,-9.5,3.5,0.00,191.86,191.86,HMR2300,-29386.7,5226.7,38540.0,48746.5,,,,,,,,RR1713,,
J2-970,ASNAP,2017/07/27 23:35:54,44.3739364,-374.8855957,-19924293.75,1580.91,16.39,-9.5,3.4,0.00,193.12,193.12,HMR2300,-29393.3,4933.3,38813.3,48936.5,,,,,,,,RR1713,,
J2-970,ASNAP,2017/07/27 23:36:09,44.37400004,-124.95632940,655.427109,1587.978572,17.96,-9.3,4.3,0.00,192.60,192.6,HMR2300,-29160.0,4953.3,39133.3,49053.6,,,,,,,,RR1713,,
J2-970,EVT,2017/07/27 23:36:10,44.37400059,-124.95632959,655.412378,1588.039637,18.20,-9.3,4.0,0.00,192.60,192.6,HMR2300,-29113.3,5240.0,38973.3,48928.2,,,,,,,,RR1713,DLG,TXT: Visual on the target USR:eventlogger
J2-970,ASNAP,2017/07/27 23:36:24,44.37400827,-124.95633205,655.215836,1588.893042,18.63,-9.9,4.1,0.00,192.62,192.62,HMR2300,-29813.3,4800.0,38640.0,49040.0,,,,,,,,RR1713,,
J2-970,ASNAP,2017/07/27 23:36:39,44.37401636,-124.95633430,655.036497,1589.792503,20.08,-8.6,4.0,0.00,193.01,193.01,HMR2300,-28726.7,5946.7,39226.7,48982.8,,,,,,,,RR1713,,
J2-970,ASNAP,2017/07/27 23:36:54,44.37402417,-124.95633605,654.896921,1590.660104,17.58,-9.4,3.1,0.00,194.20,194.2,HMR2300,-29480.0,5240.0,38993.3,49163.1,,,,,,,,RR1713,,
J2-970,ASNAP,2017/07/27 23:37:09,44.37403160,-124.95633725,654.801239,1591.485709,5.33,-9.6,3.5,0.00,194.07,194.07,HMR2300,-29253.3,233.3,39940.0,49507.7,,,,,,,,RR1713,,
J2-970,ASNAP,2017/07/27 23:37:24,44.37403860,-124.95633786,654.752907,1592.263464,354.20,-9.2,4.4,0.00,194.42,194.42,HMR2300,-27740.0,-3253.3,41193.3,49769.3,,,,,,,,RR1713,,
J2-970,ASNAP,2017/07/27 23:37:39,44.37404515,-124.95633784,654.754607,1592.991612,354.15,-9.7,3.3,0.00,195.76,195.76,HMR2300,-28266.7,-3160.0,40686.7,49642.7,,,,,,,,RR1713,,
J2-970,ASNAP,2017/07/27 23:37:54,44.37405116,-124.95633716,654.808706,1593.659004,358.45,-9.5,4.6,0.00,194.44,194.44,HMR2300,-28380.0,-2100.0,40533.3,49525.6,,,,,,,,RR1713,,
J2-970,ASNAP,2017/07/27 23:38:09,44.37405656,-124.95633582,654.915551,1594.259396,355.30,-9.2,2.9,0.00,194.66,194.66,HMR2300,-28286.7,-2680.0,40613.3,49565.7,,,,,,,,RR1713,,
J2-970,ASNAP,2017/07/27 23:38:24,44.37406135,-124.95633382,655.075426,1594.791312,1.41,-9.5,4.2,0.00,193.40,193.4,HMR2300,-29046.7,-480.0,39786.7,49263.8,,,,,,,,RR1713,,
J2-970,ASNAP,2017/07/27 23:38:39,44.37406552,-124.95633115,655.288291,1595.255140,2.97,-9.9,3.8,0.00,193.99,193.99,HMR2300,-29306.7,-420.0,39746.7,49384.8,,,,,,,,RR1713,,
J2-970,ASNAP,2017/07/27 23:38:54,44.37406905,-124.95632785,655.551399,1595.646550,2.36,-9.8,3.6,0.00,193.56,193.56,HMR2300,-29313.3,-306.7,39566.7,49243.1,,,,,,,,RR1713,,
J2-970,ASNAP,2017/07/27 23:39:09,44.37407191,-124.95632397,655.860710,1595.965110,4.53,-9.7,3.6,0.00,193.74,193.74,HMR2300,-29093.3,326.7,39913.3,49392.3,,,,,,,,RR1713,,
J2-970,ASNAP,2017/07/27 23:39:24,44.37407415,-124.95631954,656.213816,1596.213582,2.47,-9.5,3.9,0.00,193.92,193.92,HMR2300,-28420.0,-1620.0,40560.0,49552.3,,,,,,,,RR1713,,
J2-970,ASNAP,2017/07/27 23:39:39,44.37407579,-124.95631459,656.608280,1596.395438,352.59,-9.9,3.7,0.00,194.02,194.02,HMR2300,-27806.7,-3533.3,40946.7,49621.8,,,,,,,,RR1713,,
J2-970,ASNAP,2017/07/27 23:39:54,44.37407684,-124.95630921,657.036946,1596.512383,350.22,-9.8,3.6,0.00,193.89,193.89,HMR2300,-27500.0,-4226.7,41186.7,49703.7,,,,,,,,RR1713,,
J2-970,ASNAP,2017/07/27 23:40:09,44.37407735,-124.95630350,657.492311,1596.568790,350.32,-9.9,3.5,0.00,194.10,194.1,HMR2300,-27760.0,-4280.0,40933.3,49643.5,,,,,,,,RR1713,,
J2-970,ASNAP,2017/07/27 23:40:24,44.37407735,-124.95629751,657.970115,1596.569857,353.45,-9.9,3.4,0.00,193.98,193.98,HMR2300,-28613.3,-3026.7,40280.0,49501.1,,,,,,,,RR1713,,
J2-970,ASNAP,2017/07/27 23:40:39,44.37407691,-124.95629128,658.466641,1596.520808,350.43,-9.7,3.4,0.00,194.02,194.02,HMR2300,-27520.0,-4206.7,41306.7,49812.5,,,,,,,,RR1713,,
J2-970,ASNAP,2017/07/27 23:40:54,44.37407607,-124.95628494,658.971797,1596.427305,350.39,-9.7,4.4,0.00,194.05,194.05,HMR2300,-27420.0,-4733.3,41246.7,49754.9,,,,,,,,RR1713,,
J2-970,ASNAP,2017/07/27 23:41:09,44.37407489,-124.95627861,659.476377,1596.296210,350.44,-9.3,5.1,0.00,194.02,194.02,HMR2300,-27633.3,-5326.7,40893.3,49641.1,,,,,,,,RR1713,,
J2-970,ASNAP,2017/07/27 23:41:24,44.37407343,-124.95627235,659.975435,1596.133290,352.54,-9.4,5.0,0.00,194.02,194.02,HMR2300,-28000.0,-4506.7,40660.0,49573.6,,,,,,,,RR1713,,
J2-970,ASNAP,2017/07/27 23:41:39,44.37407172,-124.95626621,660.464972,1595.943702,349.38,-9.5,5.0,0.00,193.68,193.68,HMR2300,-27553.3,-5720.0,41193.3,49887.8,,,,,,,,RR1713,,
J2-970,ASNAP,2017/07/27 23:41:54,44.37406984,-124.95626032,660.934446,1595.734763,348.32,-9.5,4.5,0.00,193.73,193.73,HMR2300,-27540.0,-5793.3,40926.7,49669.0,,,,,,,,RR1713,,
J2-970,ASNAP,2017/07/27 23:42:09,44.37406785,-124.95625479,661.375521,1595.513438,349.53,-9.5,5.5,0.00,194.09,194.09,HMR2300,-27733.3,-5893.3,40933.3,49793.6,,,,,,,,RR1713,,
J2-970,ASNAP,2017/07/27 23:42:24,44.37406579,-124.95624967,661.784031,1595.284331,350.19,-9.3,5.0,0.00,194.09,194.09,HMR2300,-27386.7,-5426.7,41313.3,49862.5,,,,,,,,RR1713,,
J2-970,ASNAP,2017/07/27 23:42:39,44.37406369,-124.95624500,662.155616,1595.051681,350.29,-9.5,5.1,0.00,194.03,194.03,HMR2300,-27840.0,-5466.7,40866.7,49749.7,,,,,,,,RR1713,,
J2-970,EVT,2017/07/27 23:42:48,44.37406244,-124.95624247,662.357361,1594.913016,350.36,-9.0,5.3,0.00,194.01,194.01,HMR2300,-27146.7,-5393.3,41193.3,49627.8,,,,,,,,RR1713,DLG,Sample: Niskin Tripped one USR:eventlogger
J2-970,ASNAP,2017/07/27 23:42:54,44.37406162,-124.95624091,662.482252,1594.821631,350.33,-9.0,5.4,0.00,193.99,193.99,HMR2300,-27386.7,-5806.7,41366.7,49949.5,,,,,,,,RR1713,,
J2-970,ASNAP,2017/07/27 23:43:09,44.37405962,-124.95623745,662.758021,1594.599542,350.28,-8.7,5.4,0.00,194.02,194.02,HMR2300,-26933.3,-5500.0,41286.7,49600.8,,,,,,,,RR1713,,
J2-970,EVT,2017/07/27 23:43:14,44.37405898,-124.95623644,662.838067,1594.527841,350.28,-8.7,5.4,0.00,194.02,194.02,HMR2300,-27193.3,-5680.0,41293.3,49768.3,,,,,,,,RR1713,DLG,Sample: Niskin Two tripped USR:eventlogger
J2-970,ASNAP,2017/07/27 23:43:24,44.37405771,-124.95623466,662.980527,1594.387480,350.37,-8.7,5.4,0.00,194.00,194,HMR2300,-26773.3,-5400.0,41386.7,49586.6,,,,,,,,RR1713,,
J2-970,ASNAP,2017/07/27 23:43:39,44.37405590,-124.95623256,663.147625,1594.185749,350.50,-8.6,5.6,0.00,194.02,194.02,HMR2300,-26793.3,-5493.3,41560.0,49752.3,,,,,,,,RR1713,,
J2-970,ASNAP,2017/07/27 23:43:54,44.37405446,-124.95623129,663.248984,1594.025533,350.35,-8.7,5.5,0.00,194.04,194.04,HMR2300,-26820.0,-5533.3,41393.3,49632.0,,,,,,,,RR1713,,
J2-970,ASNAP,2017/07/27 23:44:09,44.37405371,-124.95623085,663.284268,1593.942809,350.38,-8.8,5.5,0.00,194.03,194.03,HMR2300,-27073.3,-5420.0,41046.7,49468.9,,,,,,,,RR1713,,
J2-970,ASNAP,2017/07/27 23:44:24,44.37405263,-124.95623064,663.300445,1593.822295,7.39,-8.5,5.8,0.00,194.05,194.05,HMR2300,-28473.3,446.7,40113.3,49193.6,,,,,,,,RR1713,,
J2-970,ASNAP,2017/07/27 23:44:39,44.37405138,-124.95623093,663.277975,1593.683773,7.66,-9.0,4.9,0.00,193.72,193.72,HMR2300,-28833.3,646.7,39586.7,48978.4,,,,,,,,RR1713,,
J2-970,ASNAP,2017/07/27 23:44:54,44.37405038,-124.95623196,663.195504,1593.572109,9.99,-8.8,5.3,0.00,193.67,193.67,HMR2300,-28986.7,1073.3,39546.7,49044.0,,,,,,,,RR1713,,
J2-970,ASNAP,2017/07/27 23:45:09,44.37404962,-124.95623370,663.056982,1593.488021,12.22,-8.5,5.4,0.00,193.66,193.66,HMR2300,-28720.0,2206.7,39526.7,48908.7,,,,,,,,RR1713,,
J2-970,ASNAP,2017/07/27 23:45:24,44.37404912,-124.95623608,662.866744,1593.432137,8.55,-9.1,5.4,0.00,193.68,193.68,HMR2300,-29086.7,660.0,39546.7,49095.9,,,,,,,,RR1713,,
J2-970,ASNAP,2017/07/27 23:45:39,44.37404888,-124.95623908,662.628060,1593.405854,12.82,-9.2,5.4,0.00,193.81,193.81,HMR2300,-29420.0,2373.3,39093.3,48984.3,,,,,,,,RR1713,,
J2-970,ASNAP,2017/07/27 23:45:54,44.37404892,-124.95624263,662.345273,1593.410443,8.18,-9.4,5.6,0.00,193.69,193.69,HMR2300,-29186.7,186.7,39606.7,49199.4,,,,,,,,RR1713,,
J2-970,ASNAP,2017/07/27 23:46:09,44.37404925,-124.95624665,662.024175,1593.446747,9.01,-9.1,5.8,0.00,194.11,194.11,HMR2300,-28966.7,680.0,39733.3,49175.9,,,,,,,,RR1713,,
J2-970,ASNAP,2017/07/27 23:46:24,44.37404986,-124.95625108,661.671108,1593.514804,9.27,-9.3,5.5,0.00,194.12,194.12,HMR2300,-29326.7,933.3,39340.0,49077.1,,,,,,,,RR1713,,
J2-970,EVT,2017/07/27 23:46:29,44.37405013,-124.95625265,661.546492,1593.544702,9.60,-9.0,5.6,0.00,194.02,194.02,HMR2300,-28866.7,866.7,39913.3,49265.7,,,,,,,,RR1713,DLG,Sample: Niskin Three tripped USR:eventlogger
J2-970,ASNAP,2017/07/27 23:46:39,44.37405077,-124.95625590,661.287279,1593.615503,9.90,-8.9,6.1,0.00,194.00,194,HMR2300,-29040.0,560.0,40020.0,49449.3,,,,,,,,RR1713,,
J2-970,ASNAP,2017/07/27 23:46:54,44.37405197,-124.95626103,660.878021,1593.748685,10.06,-8.9,6.0,0.00,194.06,194.06,HMR2300,-29153.3,826.7,39626.7,49202.4,,,,,,,,RR1713,,
J2-970,EVT,2017/07/27 23:46:59,44.37405243,-124.95626280,660.737093,1593.800143,10.00,-9.1,5.9,0.00,194.02,194.02,HMR2300,-29273.3,833.3,39633.3,49279.0,,,,,,,,RR1713,DLG,Sample: Niskin Four tripped USR:eventlogger
J2-970,ASNAP,2017/07/27 23:47:09,44.37405345,-124.95626640,660.449814,1593.913339,10.06,-8.7,6.2,0.00,193.98,193.98,HMR2300,-29206.7,440.0,39773.3,49347.1,,,,,,,,RR1713,,
J2-970,ASNAP,2017/07/27 23:47:24,44.37405520,-124.95627193,660.009014,1594.107774,10.26,-9.0,3.8,0.00,194.09,194.09,HMR2300,-29553.3,2646.7,39160.0,49131.6,,,,,,,,RR1713,,
J2-970,ASNAP,2017/07/27 23:47:39,44.37405723,-124.95627762,659.555517,1594.333108,19.82,-9.1,2.7,0.00,193.96,193.96,HMR2300,-29140.0,7006.7,38886.7,49095.9,,,,,,,,RR1713,,
J2-970,ASNAP,2017/07/27 23:47:54,44.37405952,-124.95628339,659.095103,1594.587765,16.62,-9.3,2.8,0.00,193.69,193.69,HMR2300,-29246.7,5966.7,38793.3,48947.8,,,,,,,,RR1713,,
J2-970,ASNAP,2017/07/27 23:48:09,44.37406205,-124.95628917,658.634660,1594.869128,21.22,-9.2,3.2,0.00,193.59,193.59,HMR2300,-29340.0,6013.3,38666.7,48909.2,,,,,,,,RR1713,,
J2-970,ASNAP,2017/07/27 23:48:24,44.37406479,-124.95629486,658.180754,1595.174025,4.97,-9.3,2.8,0.00,193.80,193.8,HMR2300,-29053.3,1280.0,39866.7,49346.6,,,,,,,,RR1713,,
J2-970,ASNAP,2017/07/27 23:48:39,44.37406776,-124.95630047,657.733446,1595.503490,7.39,-9.4,3.5,0.00,193.85,193.85,HMR2300,-29253.3,1673.3,39600.0,49261.7,,,,,,,,RR1713,,
J2-970,ASNAP,2017/07/27 23:48:54,44.37407091,-124.95630593,657.298920,1595.854021,8.22,-9.5,3.6,0.00,193.38,193.38,HMR2300,-29373.3,2646.7,38880.0,48800.1,,,,,,,,RR1713,,
J2-970,ASNAP,2017/07/27 23:49:09,44.37407421,-124.95631113,656.884005,1596.220686,10.41,-9.6,3.5,0.00,193.99,193.99,HMR2300,-29313.3,1620.0,39653.3,49338.5,,,,,,,,RR1713,,
J2-970,ASNAP,2017/07/27 23:49:24,44.37407762,-124.95631603,656.493442,1596.599141,359.12,-9.2,4.4,0.00,194.34,194.34,HMR2300,-28020.0,-1973.3,40520.0,49304.0,,,,,,,,RR1713,,
J2-970,ASNAP,2017/07/27 23:49:39,44.37408113,-124.95632063,656.126605,1596.989821,351.79,-9.3,2.4,0.00,194.95,194.95,HMR2300,-27706.7,-2953.3,41366.7,49875.7,,,,,,,,RR1713,,
J2-970,ASNAP,2017/07/27 23:49:54,44.37408472,-124.95632488,655.787779,1597.387817,358.48,-9.1,2.4,0.00,194.95,194.95,HMR2300,-29240.0,-1020.0,39860.0,49445.3,,,,,,,,RR1713,,
J2-970,ASNAP,2017/07/27 23:50:09,44.37408832,-124.95632873,655.480467,1597.787871,355.53,-9.3,3.2,0.00,195.65,195.65,HMR2300,-28253.3,-2186.7,40806.7,49681.1,,,,,,,,RR1713,,
J2-970,ASNAP,2017/07/27 23:50:24,44.37409190,-124.95633218,655.206198,1598.185893,354.35,-9.2,2.6,0.00,194.37,194.37,HMR2300,-27913.3,-2066.7,41033.3,49670.5,,,,,,,,RR1713,,
J2-970,ASNAP,2017/07/27 23:50:39,44.37409547,-124.95633523,654.962980,1598.582380,354.20,-9.3,2.8,0.00,194.87,194.87,HMR2300,-28086.7,-1740.0,40806.7,49568.9,,,,,,,,RR1713,,
J2-970,ASNAP,2017/07/27 23:50:54,44.37409898,-124.95633788,654.751567,1598.973151,357.27,-8.7,3.2,0.00,194.07,194.07,HMR2300,-27706.7,-400.0,41053.3,49529.7,,,,,,,,RR1713,,
J2-970,ASNAP,2017/07/27 23:51:09,44.37410241,-124.95634013,654.571723,1599.354266,357.85,-9.2,3.8,0.00,195.04,195.04,HMR2300,-28453.3,-1773.3,40646.7,49647.6,,,,,,,,RR1713,,
J2-970,ASNAP,2017/07/27 23:51:24,44.37410573,-124.95634201,654.422084,1599.722394,357.18,-9.2,2.9,0.00,194.75,194.75,HMR2300,-28606.7,-1226.7,40280.0,49419.9,,,,,,,,RR1713,,
J2-970,ASNAP,2017/07/27 23:51:39,44.37410894,-124.95634356,654.298833,1600.079598,358.87,-9.7,3.6,0.00,194.54,194.54,HMR2300,-28933.3,-1420.0,40280.0,49614.8,,,,,,,,RR1713,,
J2-970,ASNAP,2017/07/27 23:51:54,44.37411203,-124.95634480,654.199861,1600.422903,350.71,-9.5,3.5,0.00,194.36,194.36,HMR2300,-27913.3,-3693.3,41113.3,49830.7,,,,,,,,RR1713,,
J2-970,ASNAP,2017/07/27 23:52:09,44.37411497,-124.95634577,654.122369,1600.749607,352.35,-9.3,3.8,0.00,195.03,195.03,HMR2300,-27913.3,-3546.7,41153.3,49853.1,,,,,,,,RR1713,,
J2-970,ASNAP,2017/07/27 23:52:24,44.37411775,-124.95634652,654.062666,1601.058619,351.75,-9.2,2.9,0.00,194.86,194.86,HMR2300,-27486.7,-3253.3,41626.7,49988.8,,,,,,,,RR1713,,
J2-970,ASNAP,2017/07/27 23:52:39,44.37412039,-124.95634710,654.016261,1601.352412,354.03,-9.6,3.2,0.00,194.94,194.94,HMR2300,-27906.7,-2780.0,41193.3,49833.7,,,,,,,,RR1713,,
J2-970,ASNAP,2017/07/27 23:52:54,44.37412289,-124.95634756,653.979343,1601.629142,352.27,-9.3,3.3,0.00,194.76,194.76,HMR2300,-27866.7,-3326.7,41100.0,49767.7,,,,,,,,RR1713,,
J2-970,ASNAP,2017/07/27 23:53:09,44.37412522,-124.95634796,653.947771,1601.888011,351.44,-8.7,3.2,0.00,193.36,193.36,HMR2300,-27240.0,-3473.3,41566.7,49818.4,,,,,,,,RR1713,,
J2-970,ASNAP,2017/07/27 23:53:24,44.37412738,-124.95634834,653.917361,1602.128703,351.11,-9.3,3.2,0.00,193.27,193.27,HMR2300,-27820.0,-3213.3,41200.0,49816.8,,,,,,,,RR1713,,
J2-970,ASNAP,2017/07/27 23:53:39,44.37412940,-124.95634876,653.883767,1602.353422,352.96,-9.0,3.3,0.00,192.61,192.61,HMR2300,-27600.0,-2533.3,41240.0,49688.2,,,,,,,,RR1713,,
J2-970,ASNAP,2017/07/27 23:53:54,44.37413128,-124.95634927,653.843199,1602.561764,353.13,-9.4,3.3,0.00,192.66,192.66,HMR2300,-27893.3,-3120.0,41173.3,49829.9,,,,,,,,RR1713,,
J2-970,ASNAP,2017/07/27 23:54:09,44.37413300,-124.95634991,653.792316,1602.753469,352.25,-9.5,2.9,0.00,193.03,193.03,HMR2300,-27993.3,-2853.3,41006.7,49732.4,,,,,,,,RR1713,,
J2-970,ASNAP,2017/07/27 23:54:24,44.37413458,-124.95635071,653.728338,1602.928606,351.67,-9.1,3.7,0.00,192.23,192.23,HMR2300,-27666.7,-4166.7,41293.3,49879.3,,,,,,,,RR1713,,
J2-970,EVT,2017/07/27 23:54:34,44.37413556,-124.95635136,653.676793,1603.037452,349.00,-9.5,3.4,0.00,191.44,191.44,HMR2300,-27513.3,-4526.7,41433.3,49941.9,,,,,,,,RR1713,DLG,TXT: Sent message to turn off power USR:eventlogger
J2-970,ASNAP,2017/07/27 23:54:39,44.37413603,-124.95635172,653.648104,1603.089571,351.91,-9.4,3.7,0.00,191.39,191.39,HMR2300,-27820.0,-3593.3,41206.7,49848.3,,,,,,,,RR1713,,
J2-970,ASNAP,2017/07/27 23:54:54,44.37413735,-124.95635295,653.550004,1603.236218,352.98,-9.3,3.2,0.00,191.46,191.46,HMR2300,-27913.3,-2873.3,41066.7,49738.1,,,,,,,,RR1713,,
J2-970,ASNAP,2017/07/27 23:55:09,44.37413854,-124.95635441,653.433361,1603.368645,351.83,-9.3,3.4,0.00,191.65,191.65,HMR2300,-27813.3,-3706.7,41340.0,49963.2,,,,,,,,RR1713,,
J2-970,ASNAP,2017/07/27 23:55:24,44.37413961,-124.95635611,653.298162,1603.487483,350.92,-9.1,2.9,0.00,191.07,191.07,HMR2300,-27726.7,-3486.7,41060.0,49667.4,,,,,,,,RR1713,,
J2-970,ASNAP,2017/07/27 23:55:39,44.37414057,-124.95635805,653.143510,1603.594622,349.75,-9.2,3.2,0.00,191.11,191.11,HMR2300,-27466.7,-3506.7,41340.0,49756.5,,,,,,,,RR1713,,
J2-970,EVT,2017/07/27 23:55:52,44.37414132,-124.95635991,652.995261,1603.678024,349.73,-9.1,3.1,0.00,191.72,191.72,HMR2300,-27360.0,-4026.7,41600.0,49953.4,,,,,,,,RR1713,DLG,TXT: Waiting for power to come down USR:eventlogger
J2-970,ASNAP,2017/07/27 23:55:54,44.37414143,-124.95636021,652.971388,1603.690092,350.74,-9.4,3.3,0.00,191.76,191.76,HMR2300,-27800.0,-3566.7,41206.7,49835.2,,,,,,,,RR1713,,
J2-970,ASNAP,2017/07/27 23:56:09,44.37414219,-124.95636255,652.784359,1603.774346,357.39,-9.2,3.5,0.00,192.08,192.08,HMR2300,-28720.0,-1313.3,40360.0,49552.9,,,,,,,,RR1713,,
J2-970,ASNAP,2017/07/27 23:56:24,44.37414285,-124.95636505,652.585428,1603.848016,8.38,-9.3,3.2,0.00,192.26,192.26,HMR2300,-29273.3,2366.7,39606.7,49307.4,,,,,,,,RR1713,,
J2-970,ASNAP,2017/07/27 23:56:39,44.37414343,-124.95636768,652.375920,1603.912334,31.78,-9.8,2.9,0.00,192.51,192.51,HMR2300,-29166.7,10933.3,37386.7,48662.1,,,,,,,,RR1713,,
J2-970,ASNAP,2017/07/27 23:56:54,44.37414393,-124.95637038,652.160474,1603.967334,27.29,-9.1,3.8,0.00,192.63,192.63,HMR2300,-28700.0,8853.3,38346.7,48708.7,,,,,,,,RR1713,,
J2-970,ASNAP,2017/07/27 23:57:09,44.37414434,-124.95637310,651.943613,1604.013158,27.26,-8.8,3.9,0.00,192.73,192.73,HMR2300,-28453.3,8873.3,38713.3,48857.4,,,,,,,,RR1713,,
J2-970,ASNAP,2017/07/27 23:57:24,44.37414467,-124.95637578,651.729678,1604.049914,30.43,-9.2,3.9,0.00,193.25,193.25,HMR2300,-28573.3,9760.0,38373.3,48828.3,,,,,,,,RR1713,,
J2-970,ASNAP,2017/07/27 23:57:39,44.37414492,-124.95637841,651.520390,1604.077931,42.39,-9.2,4.1,0.00,193.15,193.15,HMR2300,-27173.3,13593.3,37706.7,48424.8,,,,,,,,RR1713,,
J2-970,ASNAP,2017/07/27 23:57:54,44.37414509,-124.95638091,651.320848,1604.096798,63.01,-9.2,4.0,0.00,193.14,193.14,HMR2300,-22240.0,19906.7,37893.3,48236.9,,,,,,,,RR1713,,
J2-970,ASNAP,2017/07/27 23:58:09,44.37414518,-124.95638324,651.135215,1604.106269,82.83,-9.3,4.1,0.00,193.16,193.16,HMR2300,-16100.0,23946.7,38360.0,48001.5,,,,,,,,RR1713,,
J2-970,ASNAP,2017/07/27 23:58:24,44.37414518,-124.95638535,650.966627,1604.106190,78.42,-9.3,3.8,0.00,193.23,193.23,HMR2300,-17806.7,23186.7,38173.3,48082.2,,,,,,,,RR1713,,
J2-970,ASNAP,2017/07/27 23:58:39,44.37414509,-124.95638724,650.816448,1604.096470,77.71,-9.4,3.6,0.00,193.74,193.74,HMR2300,-18266.7,22520.0,38400.0,48118.4,,,,,,,,RR1713,,
J2-970,EVT,2017/07/27 23:58:45,44.37414503,-124.95638792,650.762306,1604.089891,77.30,-9.4,4.0,0.00,194.06,194.06,HMR2300,-18240.0,23560.0,37480.0,47880.3,,,,,,,,RR1713,DLG,TXT: Photo survey of the whole platform USR:eventlogger
J2-970,ASNAP,2017/07/27 23:58:54,44.37414492,-124.95638885,650.687985,1604.077217,79.44,-9.5,3.5,0.00,193.94,193.94,HMR2300,-17693.3,23820.0,37506.7,47824.6,,,,,,,,RR1713,,
J2-970,ASNAP,2017/07/27 23:59:09,44.37414466,-124.95639016,650.583671,1604.049048,79.77,-9.0,3.8,0.00,193.80,193.8,HMR2300,-16926.7,23520.0,38380.0,48090.8,,,,,,,,RR1713,,
J2-970,ASNAP,2017/07/27 23:59:24,44.37414433,-124.95639116,650.503948,1604.012487,79.89,-9.2,3.5,0.00,193.88,193.88,HMR2300,-16860.0,23753.3,38260.0,48086.5,,,,,,,,RR1713,,
J2-970,EVT,2017/07/27 23:59:31,44.37414416,-124.95639152,650.475246,1603.992702,80.25,-8.9,3.7,0.00,193.88,193.88,HMR2300,-16946.7,23800.0,38060.0,47981.2,,,,,,,,RR1713,DLG,TXT: Change of pilot USR:eventlogger
J2-970,ASNAP,2017/07/27 23:59:39,44.37414394,-124.95639184,650.449340,1603.968210,80.15,-9.4,3.1,0.00,194.65,194.65,HMR2300,-17360.0,23940.0,37706.7,47919.6,,,,,,,,RR1713,,
J2-970,ASNAP,2017/07/27 23:59:54,44.37414348,-124.95639220,650.421125,1603.917811,96.58,-9.3,3.4,0.00,195.48,195.48,HMR2300,-11693.3,25840.0,38713.3,47991.3,,,,,,,,RR1713,,
J2-970,ASNAP,2017/07/28 00:00:09,44.37414299,-124.95639222,650.419488,1603.863146,77.86,-9.2,3.8,0.00,195.29,195.29,HMR2300,-18326.7,23100.0,37773.3,47919.7,,,,,,,,RR1713,,
J2-970,ASNAP,2017/07/28 00:00:24,44.37414248,-124.95639191,650.444243,1603.806187,65.27,-8.5,4.8,0.00,196.05,196.05,HMR2300,-21346.7,19753.3,38313.3,48101.8,,,,,,,,RR1713,,
J2-970,EVT,2017/07/28 00:00:37,44.37414203,-124.95639137,650.486974,1603.756353,57.66,-9.5,4.5,0.00,196.27,196.27,HMR2300,-24126.7,17926.7,37546.7,48095.9,,,,,,,,RR1713,DLG,TXT: Science pod wench USR:eventlogger
J2-970,ASNAP,2017/07/28 00:00:39,44.37414196,-124.95639127,650.495272,1603.748779,52.00,-8.6,2.5,0.00,196.07,196.07,HMR2300,-24466.7,17646.7,37733.3,48309.7,,,,,,,,RR1713,,
J2-970,ASNAP,2017/07/28 00:00:54,44.37414147,-124.95639031,650.571879,1603.693774,56.14,-9.3,3.9,0.00,196.78,196.78,HMR2300,-24053.3,18020.0,37573.3,48114.8,,,,,,,,RR1713,,
J2-970,ASNAP,2017/07/28 00:01:09,44.37414102,-124.95638904,650.672896,1603.643883,64.45,-9.2,3.0,0.00,196.54,196.54,HMR2300,-21040.0,21386.7,37393.3,47940.9,,,,,,,,RR1713,,
J2-970,ASNAP,2017/07/28 00:01:24,44.37414064,-124.95638748,650.797171,1603.601742,72.11,-9.0,3.2,0.00,196.68,196.68,HMR2300,-19546.7,22440.0,37460.0,47842.2,,,,,,,,RR1713,,
J2-970,ASNAP,2017/07/28 00:01:39,44.37414035,-124.95638563,650.944494,1603.569650,74.46,-8.7,3.5,0.00,196.14,196.14,HMR2300,-18560.0,23113.3,37573.3,47858.7,,,,,,,,RR1713,,
J2-970,ASNAP,2017/07/28 00:01:54,44.37414018,-124.95638352,651.112550,1603.550422,75.65,-9.1,3.4,0.00,196.27,196.27,HMR2300,-18766.7,22900.0,37580.0,47842.0,,,,,,,,RR1713,,
J2-970,ASNAP,2017/07/28 00:02:09,44.37414014,-124.95638119,651.298858,1603.546340,77.33,-9.2,3.5,0.00,196.24,196.24,HMR2300,-18006.7,23220.0,37966.7,48009.1,,,,,,,,RR1713,,
J2-970,ASNAP,2017/07/28 00:02:24,44.37414026,-124.95637864,651.501663,1603.559357,75.92,-9.1,3.4,0.00,196.27,196.27,HMR2300,-18533.3,23153.3,37580.0,47872.9,,,,,,,,RR1713,,
J2-970,ASNAP,2017/07/28 00:02:39,44.37414054,-124.95637590,651.720275,1603.591283,76.04,-8.5,3.9,0.00,196.18,196.18,HMR2300,-17700.0,23153.3,38106.7,47973.8,,,,,,,,RR1713,,
J2-970,ASNAP,2017/07/28 00:02:54,44.37414101,-124.95637300,651.951160,1603.643373,76.16,-8.9,3.7,0.00,196.14,196.14,HMR2300,-18500.0,23033.3,37386.7,47650.3,,,,,,,,RR1713,,
J2-970,ASNAP,2017/07/28 00:03:09,44.37414167,-124.95637000,652.191020,1603.716179,77.19,-9.3,3.4,0.00,196.35,196.35,HMR2300,-17933.3,23426.7,37800.0,47950.5,,,,,,,,RR1713,,
J2-970,EVT,2017/07/28 00:03:10,44.37414172,-124.95636979,652.207235,1603.721768,77.39,-9.2,3.4,0.00,196.34,196.34,HMR2300,-18426.7,23366.7,37340.0,47747.4,,,,,,,,RR1713,DLG,TXT: Power is off USR:eventlogger
J2-970,ASNAP,2017/07/28 00:03:24,44.37414251,-124.95636690,652.437542,1603.810109,71.36,-9.3,3.1,0.00,196.28,196.28,HMR2300,-20273.3,22233.3,37393.3,47995.7,,,,,,,,RR1713,,
J2-970,EVT,2017/07/28 00:03:26,44.37414264,-124.95636649,652.470918,1603.824285,70.18,-9.0,3.4,0.00,196.30,196.3,HMR2300,-20286.7,21986.7,37306.7,47820.0,,,,,,,,RR1713,DLG,TXT: There are five holes visible on the compensation rod USR:eventlogger
J2-970,ASNAP,2017/07/28 00:03:39,44.37414355,-124.95636374,652.689545,1603.925672,46.58,-9.2,3.5,0.00,196.28,196.28,HMR2300,-26366.7,15113.3,37673.3,48403.5,,,,,,,,RR1713,,
J2-970,ASNAP,2017/07/28 00:03:54,44.37414478,-124.95636057,652.942839,1604.061760,12.48,-8.9,3.6,0.00,196.44,196.44,HMR2300,-29020.0,3426.7,39793.3,49370.2,,,,,,,,RR1713,,
J2-970,ASNAP,2017/07/28 00:04:09,44.37414617,-124.95635742,653.193822,1604.216696,342.79,-8.6,3.9,0.00,196.41,196.41,HMR2300,-25613.3,-6340.0,42626.7,50132.5,,,,,,,,RR1713,,
J2-970,ASNAP,2017/07/28 00:04:24,44.37414772,-124.95635432,653.440398,1604.389248,315.11,-8.3,3.7,0.00,196.51,196.51,HMR2300,-18186.7,-12860.0,45433.3,50599.6,,,,,,,,RR1713,,
J2-970,ASNAP,2017/07/28 00:04:39,44.37414943,-124.95635130,653.681577,1604.578601,305.60,-8.1,3.8,0.00,196.59,196.59,HMR2300,-14973.3,-14260.0,46646.7,51024.1,,,,,,,,RR1713,,
J2-970,EVT,2017/07/28 00:04:41,44.37414967,-124.95635090,653.713099,1604.604933,307.58,-8.1,3.6,0.00,196.59,196.59,HMR2300,-15960.0,-14373.3,46193.3,50942.5,,,,,,,,RR1713,DLG,TXT: The Scorpio camera has compensation inside the lense USR:eventlogger
J2-970,ASNAP,2017/07/28 00:04:54,44.37415126,-124.95634839,653.913649,1604.781561,287.04,-8.4,4.1,0.00,196.61,196.61,HMR2300,-8133.3,-15653.3,48120.0,51251.5,,,,,,,,RR1713,,
J2-970,ASNAP,2017/07/28 00:05:09,44.37415318,-124.95634562,654.133971,1604.994945,271.02,-8.4,3.2,0.00,196.42,196.42,HMR2300,-2480.0,-14406.7,49346.7,51466.5,,,,,,,,RR1713,,
J2-970,ASNAP,2017/07/28 00:05:24,44.37415517,-124.95634302,654.341523,1605.216726,252.85,-8.3,3.7,0.00,196.46,196.46,HMR2300,3126.7,-11920.0,49900.0,51399.1,,,,,,,,RR1713,,
J2-970,ASNAP,2017/07/28 00:05:39,44.37415723,-124.95634058,654.535955,1605.445309,229.99,-8.2,3.9,0.00,196.53,196.53,HMR2300,9333.3,-5646.7,49600.0,50785.4,,,,,,,,RR1713,,
J2-970,ASNAP,2017/07/28 00:05:54,44.37415931,-124.95633834,654.715020,1605.676708,210.50,-8.2,3.3,0.00,196.53,196.53,HMR2300,11960.0,1313.3,48793.3,50254.9,,,,,,,,RR1713,,
J2-970,EVT,2017/07/28 00:06:05,44.37416084,-124.95633682,654.835950,1605.846309,195.96,-8.4,3.4,0.00,196.53,196.53,HMR2300,12333.3,6993.3,47753.3,49813.6,,,,,,,,RR1713,DLG,TXT: Doing a fly around the platform to image the growth and the status of it USR:eventlogger
J2-970,ASNAP,2017/07/28 00:06:09,44.37416139,-124.95633630,654.877618,1605.907596,193.12,-8.1,3.5,0.00,196.51,196.51,HMR2300,12980.0,7200.0,47946.7,50191.7,,,,,,,,RR1713,,
J2-970,ASNAP,2017/07/28 00:06:24,44.37416344,-124.95633446,655.023699,1606.135904,195.08,-8.4,3.2,0.00,196.76,196.76,HMR2300,12806.7,6300.0,48160.0,50230.3,,,,,,,,RR1713,,
J2-970,ASNAP,2017/07/28 00:06:39,44.37416547,-124.95633283,655.153959,1606.360665,194.93,-8.8,3.2,0.00,196.83,196.83,HMR2300,12480.0,6406.7,48160.0,50161.6,,,,,,,,RR1713,,
J2-970,ASNAP,2017/07/28 00:06:54,44.37416742,-124.95633141,655.267436,1606.578103,194.33,-8.3,2.7,0.00,197.13,197.13,HMR2300,12680.0,7353.3,47780.0,49977.8,,,,,,,,RR1713,,
J2-970,ASNAP,2017/07/28 00:07:09,44.37416929,-124.95633020,655.363993,1606.785222,195.24,-8.6,3.6,0.00,197.77,197.77,HMR2300,12566.7,5613.3,48180.0,50107.3,,,,,,,,RR1713,,
J2-970,ASNAP,2017/07/28 00:07:24,44.37417105,-124.95632919,655.444408,1606.980756,196.64,-8.2,3.0,0.00,197.06,197.06,HMR2300,12873.3,6033.3,48106.7,50163.5,,,,,,,,RR1713,,
J2-970,ASNAP,2017/07/28 00:07:39,44.37417269,-124.95632837,655.509676,1607.163841,216.12,-8.0,4.5,0.00,196.63,196.63,HMR2300,11673.3,-2026.7,49340.0,50742.6,,,,,,,,RR1713,,
J2-970,ASNAP,2017/07/28 00:07:54,44.37417420,-124.95632774,655.560126,1607.331630,224.19,-8.2,3.7,0.00,197.19,197.19,HMR2300,10040.0,-4273.3,49553.3,50740.5,,,,,,,,RR1713,,
J2-970,ASNAP,2017/07/28 00:08:09,44.37417556,-124.95632728,655.596719,1607.482080,228.08,-8.4,3.3,0.00,197.16,197.16,HMR2300,9526.7,-4846.7,49613.3,50751.7,,,,,,,,RR1713,,
J2-970,ASNAP,2017/07/28 00:08:24,44.37417675,-124.95632697,655.620843,1607.614213,234.03,-8.3,3.2,0.00,197.08,197.08,HMR2300,8233.3,-6906.7,50066.7,51207.0,,,,,,,,RR1713,,
J2-970,ASNAP,2017/07/28 00:08:39,44.37417776,-124.95632681,655.634035,1607.727105,233.38,-8.4,3.5,0.00,197.14,197.14,HMR2300,8240.0,-6920.0,49886.7,51033.9,,,,,,,,RR1713,,
J2-970,ASNAP,2017/07/28 00:08:54,44.37417859,-124.95632676,655.637828,1607.818746,235.86,-8.4,3.5,0.00,197.26,197.26,HMR2300,7606.7,-7700.0,50173.3,51327.5,,,,,,,,RR1713,,
J2-970,ASNAP,2017/07/28 00:09:09,44.37417921,-124.95632681,655.634124,1607.887803,236.13,-8.1,4.0,0.00,196.96,196.96,HMR2300,7826.7,-8106.7,49840.0,51097.9,,,,,,,,RR1713,,
J2-970,EVT,2017/07/28 00:09:12,44.37417931,-124.95632683,655.632659,1607.898816,237.02,-8.3,3.8,0.00,196.66,196.66,HMR2300,7420.0,-8140.0,49800.0,51003.5,,,,,,,,RR1713,DLG,TXT: Coming up to look down upon the PIA USR:eventlogger
J2-970,ASNAP,2017/07/28 00:09:24,44.37417962,-124.95632692,655.624893,1607.933515,235.33,-8.4,3.7,0.00,195.36,195.36,HMR2300,7640.0,-7493.3,49953.3,51086.7,,,,,,,,RR1713,,
J2-970,ASNAP,2017/07/28 00:09:39,44.37417981,-124.95632708,655.612145,1607.955042,251.98,-8.2,3.5,0.00,194.79,194.79,HMR2300,3646.7,-11520.0,49980.0,51419.9,,,,,,,,RR1713,,
J2-970,ASNAP,2017/07/28 00:09:54,44.37417978,-124.95632726,655.597989,1607.951344,223.34,-7.7,3.6,0.00,195.15,195.15,HMR2300,10786.7,-3546.7,49500.0,50785.6,,,,,,,,RR1713,,
J2-970,ASNAP,2017/07/28 00:10:09,44.37417952,-124.95632743,655.584497,1607.922069,215.16,-7.9,4.0,0.00,195.21,195.21,HMR2300,12246.7,-766.7,49153.3,50661.8,,,,,,,,RR1713,,
J2-970,EVT,2017/07/28 00:10:24,44.37417902,-124.95632757,655.573548,1607.866982,200.55,-8.4,3.1,0.00,195.17,195.17,HMR2300,12766.7,4373.3,48433.3,50278.2,,,,,,,,RR1713,DLG,TXT: Continueing to image the platform USR:eventlogger
J2-970,ASNAP,2017/07/28 00:10:24,44.37417902,-124.95632757,655.573548,1607.866982,200.55,-8.4,3.1,0.00,195.17,195.17,HMR2300,12766.7,4373.3,48433.3,50278.2,,,,,,,,RR1713,,
J2-970,ASNAP,2017/07/28 00:10:39,44.37417829,-124.95632765,655.566908,1607.786025,201.21,-8.7,3.3,0.00,195.12,195.12,HMR2300,12346.7,4040.0,48560.0,50267.6,,,,,,,,RR1713,,
J2-970,ASNAP,2017/07/28 00:10:54,44.37417733,-124.95632766,655.566191,1607.679124,202.39,-8.5,3.7,0.00,194.95,194.95,HMR2300,12373.3,3353.3,48633.3,50294.6,,,,,,,,RR1713,,
J2-970,ASNAP,2017/07/28 00:11:09,44.37417615,-124.95632758,655.572827,1607.547508,201.91,-8.2,3.0,0.00,194.91,194.91,HMR2300,12620.0,4206.7,48433.3,50227.0,,,,,,,,RR1713,,
J2-970,ASNAP,2017/07/28 00:11:24,44.37417475,-124.95632739,655.587996,1607.392217,202.40,-8.6,3.6,0.00,194.25,194.25,HMR2300,12526.7,3340.0,48606.7,50305.9,,,,,,,,RR1713,,
J2-970,ASNAP,2017/07/28 00:11:39,44.37417315,-124.95632708,655.612686,1607.214427,200.60,-8.4,2.5,0.00,193.70,193.7,HMR2300,12653.3,5240.0,48266.7,50172.1,,,,,,,,RR1713,,
J2-970,ASNAP,2017/07/28 00:11:54,44.37417137,-124.95632664,655.647509,1607.016841,201.73,-8.5,3.6,0.00,193.40,193.4,HMR2300,12453.3,3800.0,48680.0,50391.1,,,,,,,,RR1713,,
J2-970,ASNAP,2017/07/28 00:12:09,44.37416945,-124.95632607,655.692687,1606.802823,196.54,-8.2,3.5,0.00,193.43,193.43,HMR2300,12913.3,5626.7,48286.7,50299.3,,,,,,,,RR1713,,
J2-970,ASNAP,2017/07/28 00:12:24,44.37416738,-124.95632537,655.748785,1606.573682,191.21,-8.5,3.3,0.00,193.55,193.55,HMR2300,12573.3,7820.0,47766.7,50009.0,,,,,,,,RR1713,,
J2-970,ASNAP,2017/07/28 00:12:39,44.37416521,-124.95632453,655.815974,1606.332222,195.43,-8.6,3.2,0.00,193.39,193.39,HMR2300,12433.3,5820.0,47900.0,49828.4,,,,,,,,RR1713,,
J2-970,ASNAP,2017/07/28 00:12:54,44.37416297,-124.95632355,655.893722,1606.083535,219.40,-9.1,3.8,0.00,193.57,193.57,HMR2300,10040.0,-2906.7,49540.0,50630.6,,,,,,,,RR1713,,
J2-970,ASNAP,2017/07/28 00:13:09,44.37416071,-124.95632245,655.981339,1605.832378,278.39,-8.5,4.2,0.00,193.70,193.7,HMR2300,-6053.3,-15846.7,48453.3,51337.0,,,,,,,,RR1713,,
J2-970,ASNAP,2017/07/28 00:13:24,44.37415844,-124.95632122,656.079514,1605.580286,301.92,-8.3,2.7,0.00,193.98,193.98,HMR2300,-14726.7,-14420.0,46486.7,50851.0,,,,,,,,RR1713,,
J2-970,EVT,2017/07/28 00:13:30,44.37415753,-124.95632068,656.122335,1605.478858,318.57,-8.3,3.9,0.00,194.47,194.47,HMR2300,-19686.7,-12506.7,44960.0,50649.6,,,,,,,,RR1713,DLG,TXT: Moving to observe the anchor chain USR:eventlogger
J2-970,ASNAP,2017/07/28 00:13:39,44.37415617,-124.95631984,656.189861,1605.327941,310.62,-8.0,3.2,0.00,195.47,195.47,HMR2300,-16746.7,-13780.0,46026.7,50880.2,,,,,,,,RR1713,,
J2-970,ASNAP,2017/07/28 00:13:54,44.37415433,-124.95631861,656.287473,1605.123659,312.62,-8.0,4.1,0.00,196.80,196.8,HMR2300,-17340.0,-13713.3,45580.0,50658.3,,,,,,,,RR1713,,
J2-970,ASNAP,2017/07/28 00:14:09,44.37415338,-124.95631792,656.343022,1605.017330,321.77,-8.3,3.3,0.00,197.08,197.08,HMR2300,-20626.7,-11513.3,44806.7,50652.3,,,,,,,,RR1713,,
J2-970,ASNAP,2017/07/28 00:14:24,44.37415186,-124.95631668,656.441126,1604.849125,330.96,-7.9,3.8,0.00,197.65,197.65,HMR2300,-22586.7,-9593.3,43900.0,50293.1,,,,,,,,RR1713,,
J2-970,ASNAP,2017/07/28 00:14:39,44.37415002,-124.95631503,656.572794,1604.644277,334.95,-8.8,3.6,0.00,198.39,198.39,HMR2300,-24273.3,-8880.0,42953.3,50130.2,,,,,,,,RR1713,,
J2-970,ASNAP,2017/07/28 00:14:54,44.37414830,-124.95631323,656.716544,1604.452841,335.12,-8.3,4.1,0.00,198.62,198.62,HMR2300,-23746.7,-8966.7,43393.3,50272.1,,,,,,,,RR1713,,
J2-970,ASNAP,2017/07/28 00:15:09,44.37414677,-124.95631132,656.868619,1604.283121,353.62,-8.6,3.8,0.00,198.81,198.81,HMR2300,-27280.0,-3620.0,41540.0,49828.4,,,,,,,,RR1713,,
J2-970,EVT,2017/07/28 00:15:11,44.37414658,-124.95631106,656.889479,1604.262272,351.82,-8.7,3.6,0.00,198.76,198.76,HMR2300,-27326.7,-3606.7,41513.3,49830.8,,,,,,,,RR1713,DLG,TXT: Cleaning off the biological debris from anchor chain to assess erosion USR:eventlogger
J2-970,ASNAP,2017/07/28 00:15:24,44.37414546,-124.95630932,657.028199,1604.137459,341.04,-8.2,4.9,0.00,199.14,199.14,HMR2300,-25093.3,-7766.7,42806.7,50223.6,,,,,,,,RR1713,,
J2-970,ASNAP,2017/07/28 00:15:39,44.37414438,-124.95630723,657.194723,1604.017290,343.80,-8.5,4.8,0.00,198.68,198.68,HMR2300,-25353.3,-8033.3,42546.7,50175.1,,,,,,,,RR1713,,
J2-970,ASNAP,2017/07/28 00:15:54,44.37414352,-124.95630504,657.369839,1603.922174,298.97,-8.6,3.6,0.00,198.71,198.71,HMR2300,-13986.7,-15673.3,46560.0,51079.5,,,,,,,,RR1713,,
J2-970,ASNAP,2017/07/28 00:16:09,44.37414290,-124.95630275,657.552355,1603.853146,298.06,-8.2,2.7,0.00,197.73,197.73,HMR2300,-12913.3,-13993.3,47420.0,51100.1,,,,,,,,RR1713,,
J2-970,ASNAP,2017/07/28 00:16:24,44.37414251,-124.95630037,657.741479,1603.810091,293.01,-7.6,3.1,0.00,198.40,198.4,HMR2300,-10286.7,-14380.0,47946.7,51102.7,,,,,,,,RR1713,,
J2-970,ASNAP,2017/07/28 00:16:39,44.37414235,-124.95629793,657.936505,1603.792158,285.33,-7.6,2.9,0.00,198.18,198.18,HMR2300,-7533.3,-14806.7,48566.7,51329.4,,,,,,,,RR1713,,
J2-970,ASNAP,2017/07/28 00:16:54,44.37414240,-124.95629539,658.138780,1603.798041,271.38,-8.3,3.7,0.00,198.16,198.16,HMR2300,-2913.3,-14566.7,49140.0,51336.3,,,,,,,,RR1713,,
J2-970,ASNAP,2017/07/28 00:17:09,44.37414266,-124.95629278,658.346742,1603.826329,294.55,-7.8,3.7,0.00,198.25,198.25,HMR2300,-10926.7,-15280.0,47506.7,51085.8,,,,,,,,RR1713,,
J2-970,ASNAP,2017/07/28 00:17:24,44.37414310,-124.95629012,658.559097,1603.875001,304.64,-9.8,4.7,0.00,198.42,198.42,HMR2300,-16380.0,-15486.7,45600.0,50867.5,,,,,,,,RR1713,,
J2-970,ASNAP,2017/07/28 00:17:39,44.37414370,-124.95628741,658.774698,1603.941703,318.58,-10.4,5.3,0.00,198.05,198.05,HMR2300,-21126.7,-13966.7,43966.7,50739.3,,,,,,,,RR1713,,
J2-970,ASNAP,2017/07/28 00:17:54,44.37414445,-124.95628465,658.995075,1604.024896,311.79,-9.8,5.7,0.00,198.21,198.21,HMR2300,-18806.7,-15713.3,44640.0,50924.7,,,,,,,,RR1713,,
J2-970,ASNAP,2017/07/28 00:18:09,44.37414532,-124.95628185,659.218243,1604.121886,313.09,-7.8,5.7,0.00,198.42,198.42,HMR2300,-17473.3,-15133.3,45226.7,50791.6,,,,,,,,RR1713,,
J2-970,ASNAP,2017/07/28 00:18:24,44.37414629,-124.95627904,659.442283,1604.229764,312.84,-8.4,5.6,0.00,198.38,198.38,HMR2300,-17560.0,-15273.3,45473.3,51082.8,,,,,,,,RR1713,,
J2-970,EVT,2017/07/28 00:18:25,44.37414636,-124.95627885,659.457187,1604.237261,312.84,-8.4,5.6,0.00,198.38,198.38,HMR2300,-17980.0,-15306.7,45046.7,50860.4,,,,,,,,RR1713,DLG,TXT: watch change for jason USR:eventlogger
J2-970,ASNAP,2017/07/28 00:18:39,44.37414734,-124.95627623,659.666081,1604.345966,312.60,-8.6,5.6,0.00,198.39,198.39,HMR2300,-17626.7,-15200.0,45233.3,50870.4,,,,,,,,RR1713,,
J2-970,ASNAP,2017/07/28 00:18:54,44.37414845,-124.95627341,659.890943,1604.469356,312.60,-9.6,4.1,0.00,198.39,198.39,HMR2300,-18520.0,-14180.0,45420.0,51059.2,,,,,,,,RR1713,,
J2-970,ASNAP,2017/07/28 00:19:09,44.37414959,-124.95627061,660.114449,1604.596998,312.69,-9.4,3.0,0.00,198.42,198.42,HMR2300,-18620.0,-13253.3,45273.3,50715.2,,,,,,,,RR1713,,
J2-970,ASNAP,2017/07/28 00:19:24,44.37415076,-124.95626785,660.334667,1604.726273,312.50,-9.2,2.8,0.00,198.45,198.45,HMR2300,-18373.3,-13186.7,45740.0,51025.6,,,,,,,,RR1713,,
J2-970,ASNAP,2017/07/28 00:19:39,44.37415192,-124.95626514,660.550345,1604.855106,312.27,-9.3,2.8,0.00,198.45,198.45,HMR2300,-18426.7,-13040.0,45460.0,50756.2,,,,,,,,RR1713,,
J2-970,ASNAP,2017/07/28 00:19:54,44.37415307,-124.95626248,660.762495,1604.982970,312.16,-9.3,3.2,0.00,198.46,198.46,HMR2300,-18426.7,-13546.7,45420.0,50853.0,,,,,,,,RR1713,,
J2-970,ASNAP,2017/07/28 00:20:09,44.37415419,-124.95625990,660.968488,1605.107362,312.30,-9.6,2.8,0.00,198.45,198.45,HMR2300,-18500.0,-13166.7,45646.7,50982.6,,,,,,,,RR1713,,
J2-970,ASNAP,2017/07/28 00:20:24,44.37415526,-124.95625741,661.166491,1605.226467,312.15,-9.7,2.7,0.00,198.47,198.47,HMR2300,-18746.7,-13140.0,45426.7,50869.2,,,,,,,,RR1713,,
J2-970,ASNAP,2017/07/28 00:20:39,44.37415627,-124.95625505,661.354993,1605.338911,311.94,-9.7,2.8,0.00,198.49,198.49,HMR2300,-18573.3,-13266.7,45580.0,50975.6,,,,,,,,RR1713,,
J2-970,ASNAP,2017/07/28 00:20:54,44.37415722,-124.95625280,661.534369,1605.444705,312.09,-9.6,2.7,0.00,198.49,198.49,HMR2300,-18493.3,-13126.7,45640.0,50963.9,,,,,,,,RR1713,,
J2-970,ASNAP,2017/07/28 00:21:09,44.37415810,-124.95625069,661.702014,1605.542357,312.17,-9.5,2.7,0.00,198.50,198.5,HMR2300,-18480.0,-13193.3,45600.0,50940.5,,,,,,,,RR1713,,
J2-970,ASNAP,2017/07/28 00:21:24,44.37415890,-124.95624876,661.856005,1605.631056,312.13,-9.5,2.8,0.00,198.51,198.51,HMR2300,-18480.0,-13186.7,45500.0,50849.3,,,,,,,,RR1713,,
J2-970,ASNAP,2017/07/28 00:21:39,44.37415962,-124.95624702,661.995120,1605.710611,311.79,-10.2,4.6,0.00,198.47,198.47,HMR2300,-18806.7,-14620.0,44813.3,50751.1,,,,,,,,RR1713,,
J2-970,ASNAP,2017/07/28 00:21:54,44.37416025,-124.95624546,662.119123,1605.781558,312.25,-10.4,4.4,0.00,198.47,198.47,HMR2300,-19073.3,-14586.7,44953.3,50964.4,,,,,,,,RR1713,,
J2-970,ASNAP,2017/07/28 00:22:09,44.37416081,-124.95624412,662.225879,1605.843447,312.15,-10.2,4.6,0.00,198.49,198.49,HMR2300,-18966.7,-14726.7,44986.7,50994.2,,,,,,,,RR1713,,
J2-970,ASNAP,2017/07/28 00:22:40,44.37416171,-124.95624209,662.387614,1605.943670,312.25,-10.4,4.6,0.00,198.49,198.49,HMR2300,-19186.7,-14686.7,44813.3,50912.3,,,,,,,,RR1713,,
J2-970,ASNAP,2017/07/28 00:22:45,44.37416183,-124.95624186,662.406153,1605.956642,312.01,-10.4,4.5,0.00,198.49,198.49,HMR2300,-18893.3,-14613.3,44920.0,50875.5,,,,,,,,RR1713,,
J2-970,ASNAP,2017/07/28 00:22:50,44.37416194,-124.95624166,662.422565,1605.968786,312.00,-10.4,4.5,0.00,198.50,198.5,HMR2300,-19093.3,-14626.7,44866.7,50906.9,,,,,,,,RR1713,,
J2-970,ASNAP,2017/07/28 00:22:55,44.37416204,-124.95624148,662.436813,1605.980102,311.95,-10.5,4.4,0.00,198.50,198.5,HMR2300,-19006.7,-14566.7,44993.3,50969.0,,,,,,,,RR1713,,
J2-970,ASNAP,2017/07/28 00:23:00,44.37416214,-124.95624133,662.448886,1605.990605,312.00,-10.6,4.5,0.00,198.49,198.49,HMR2300,-19306.7,-14573.3,44726.7,50848.8,,,,,,,,RR1713,,
J2-970,ASNAP,2017/07/28 00:23:05,44.37416222,-124.95624120,662.458786,1606.000316,312.06,-10.5,4.6,0.00,198.49,198.49,HMR2300,-19020.0,-14573.3,44833.3,50834.7,,,,,,,,RR1713,,
J2-970,ASNAP,2017/07/28 00:23:10,44.37416230,-124.95624110,662.466527,1606.009257,312.17,-10.5,4.5,0.00,198.49,198.49,HMR2300,-19260.0,-14713.3,44846.7,50977.0,,,,,,,,RR1713,,
J2-970,ASNAP,2017/07/28 00:23:15,44.37416238,-124.95624103,662.472126,1606.017451,312.47,-10.5,4.6,0.00,198.50,198.5,HMR2300,-19360.0,-14526.7,44773.3,50896.8,,,,,,,,RR1713,,
J2-970,ASNAP,2017/07/28 00:23:20,44.37416244,-124.95624099,662.475608,1606.024917,311.97,-10.0,3.6,0.00,198.52,198.52,HMR2300,-18620.0,-13820.0,45340.0,50925.6,,,,,,,,RR1713,,
J2-970,ASNAP,2017/07/28 00:23:25,44.37416251,-124.95624097,662.477001,1606.031673,312.15,-10.1,3.9,0.00,198.52,198.52,HMR2300,-19513.3,-14580.0,44606.7,50824.2,,,,,,,,RR1713,,
J2-970,ASNAP,2017/07/28 00:23:30,44.37416256,-124.95624098,662.476333,1606.037756,312.23,-10.3,4.6,0.00,198.52,198.52,HMR2300,-19206.7,-15046.7,44720.0,50942.9,,,,,,,,RR1713,,
J2-970,ASNAP,2017/07/28 00:23:35,44.37416261,-124.95624102,662.473635,1606.043206,311.99,-9.8,4.8,0.00,198.51,198.51,HMR2300,-18660.0,-14933.3,45020.0,50970.6,,,,,,,,RR1713,,
J2-970,ASNAP,2017/07/28 00:23:40,44.37416265,-124.95624107,662.468936,1606.048049,312.07,-9.9,4.7,0.00,198.51,198.51,HMR2300,-18653.3,-14773.3,45046.7,50945.1,,,,,,,,RR1713,,
J2-970,ASNAP,2017/07/28 00:23:45,44.37416269,-124.95624116,662.462265,1606.052301,312.14,-10.0,4.6,0.00,198.50,198.5,HMR2300,-18713.3,-14686.7,45000.0,50900.8,,,,,,,,RR1713,,
J2-970,ASNAP,2017/07/28 00:23:50,44.37416272,-124.95624127,662.453668,1606.055975,312.33,-9.9,4.7,0.00,198.51,198.51,HMR2300,-18866.7,-14713.3,44866.7,50847.3,,,,,,,,RR1713,,
J2-970,ASNAP,2017/07/28 00:23:55,44.37416275,-124.95624140,662.443196,1606.059084,312.35,-10.0,4.6,0.00,198.51,198.51,HMR2300,-18880.0,-14646.7,44820.0,50791.8,,,,,,,,RR1713,,
J2-970,ASNAP,2017/07/28 00:24:00,44.37416278,-124.95624155,662.430906,1606.061644,312.29,-9.9,4.7,0.00,198.51,198.51,HMR2300,-18840.0,-14720.0,44946.7,50910.0,,,,,,,,RR1713,,
J2-970,ASNAP,2017/07/28 00:24:05,44.37416279,-124.95624173,662.416857,1606.063674,312.11,-10.0,4.6,0.00,198.51,198.51,HMR2300,-18913.3,-14726.7,44906.7,50903.8,,,,,,,,RR1713,,
J2-970,ASNAP,2017/07/28 00:24:10,44.37416281,-124.95624193,662.401119,1606.065191,312.02,-9.9,4.6,0.00,198.51,198.51,HMR2300,-18646.7,-14800.0,45106.7,51003.4,,,,,,,,RR1713,,
J2-970,ASNAP,2017/07/28 00:24:15,44.37416282,-124.95624214,662.383768,1606.066212,312.19,-9.8,4.7,0.00,198.52,198.52,HMR2300,-18693.3,-14826.7,45013.3,50945.8,,,,,,,,RR1713,,
J2-970,ASNAP,2017/07/28 00:24:20,44.37416282,-124.95624238,662.364905,1606.066751,312.14,-9.8,4.7,0.00,198.51,198.51,HMR2300,-18666.7,-14786.7,45040.0,50947.9,,,,,,,,RR1713,,
J2-970,ASNAP,2017/07/28 00:24:25,44.37416282,-124.95624263,662.344625,1606.066824,312.06,-10.0,4.8,0.00,198.51,198.51,HMR2300,-18813.3,-14800.0,44826.7,50817.4,,,,,,,,RR1713,,
J2-970,ASNAP,2017/07/28 00:24:30,44.37416282,-124.95624291,662.322963,1606.066440,312.06,-9.9,4.6,0.00,198.51,198.51,HMR2300,-18653.3,-14720.0,44960.0,50853.0,,,,,,,,RR1713,,
J2-970,ASNAP,2017/07/28 00:24:35,44.37416281,-124.95624319,662.299936,1606.065610,312.09,-9.9,4.7,0.00,198.51,198.51,HMR2300,-18693.3,-14853.3,45066.7,51000.7,,,,,,,,RR1713,,
J2-970,ASNAP,2017/07/28 00:24:40,44.37416280,-124.95624350,662.275608,1606.064339,312.14,-9.8,4.8,0.00,198.51,198.51,HMR2300,-18720.0,-14766.7,44926.7,50861.6,,,,,,,,RR1713,,
J2-970,ASNAP,2017/07/28 00:24:45,44.37416278,-124.95624382,662.250067,1606.062635,312.00,-10.0,4.7,0.00,198.51,198.51,HMR2300,-18753.3,-14853.3,45053.3,51010.9,,,,,,,,RR1713,,
J2-970,EVT,2017/07/28 00:24:45,44.37416278,-124.95624382,662.250067,1606.062635,311.97,-10.1,4.7,0.00,198.50,198.5,HMR2300,-18700.0,-14813.3,44993.3,50926.7,,,,,,,,RR1713,DLG,TXT: Holding onto chain to look at possible corrosion USR:eventlogger
J2-970,ASNAP,2017/07/28 00:24:50,44.37416277,-124.95624415,662.223432,1606.060503,312.03,-10.0,4.7,0.00,198.50,198.5,HMR2300,-18833.3,-14773.3,44966.7,50940.6,,,,,,,,RR1713,,
J2-970,ASNAP,2017/07/28 00:24:55,44.37416274,-124.95624450,662.195826,1606.057950,312.12,-10.2,3.8,0.00,198.53,198.53,HMR2300,-19086.7,-13980.0,45013.3,50852.2,,,,,,,,RR1713,,
J2-970,ASNAP,2017/07/28 00:25:00,44.37416272,-124.95624486,662.167344,1606.054981,311.98,-10.7,2.9,0.00,198.51,198.51,HMR2300,-19373.3,-13280.0,44986.7,50749.2,,,,,,,,RR1713,,
J2-970,ASNAP,2017/07/28 00:25:05,44.37416268,-124.95624522,662.138077,1606.051597,312.33,-10.9,2.7,0.00,198.48,198.48,HMR2300,-19680.0,-13140.0,44973.3,50818.9,,,,,,,,RR1713,,
J2-970,ASNAP,2017/07/28 00:25:10,44.37416265,-124.95624560,662.108137,1606.047804,312.84,-10.8,3.2,0.00,198.50,198.5,HMR2300,-19720.0,-13540.0,44726.7,50721.6,,,,,,,,RR1713,,
J2-970,ASNAP,2017/07/28 00:25:15,44.37416261,-124.95624598,662.077648,1606.043608,312.60,-10.8,3.8,0.00,198.48,198.48,HMR2300,-19320.0,-13920.0,44866.7,50794.2,,,,,,,,RR1713,,
J2-970,ASNAP,2017/07/28 00:25:20,44.37416257,-124.95624637,662.046762,1606.039020,312.14,-10.6,3.9,0.00,198.49,198.49,HMR2300,-19286.7,-14160.0,44946.7,50918.4,,,,,,,,RR1713,,
J2-970,ASNAP,2017/07/28 00:25:25,44.37416253,-124.95624676,662.015609,1606.034044,312.17,-10.4,3.8,0.00,198.51,198.51,HMR2300,-19120.0,-14033.3,44833.3,50720.2,,,,,,,,RR1713,,
J2-970,ASNAP,2017/07/28 00:25:30,44.37416248,-124.95624716,661.984199,1606.028666,311.13,-9.7,4.1,0.00,198.50,198.5,HMR2300,-18106.7,-14566.7,45360.0,50966.3,,,,,,,,RR1713,,
J2-970,ASNAP,2017/07/28 00:25:35,44.37416243,-124.95624755,661.952525,1606.022865,309.58,-9.8,4.2,0.00,198.46,198.46,HMR2300,-17686.7,-14426.7,45340.0,50760.8,,,,,,,,RR1713,,
J2-970,ASNAP,2017/07/28 00:25:40,44.37416237,-124.95624795,661.920681,1606.016637,309.69,-10.2,4.4,0.00,198.44,198.44,HMR2300,-18406.7,-14613.3,44953.3,50726.3,,,,,,,,RR1713,,
J2-970,ASNAP,2017/07/28 00:25:45,44.37416231,-124.95624835,661.888795,1606.009982,312.30,-10.7,4.2,0.00,198.45,198.45,HMR2300,-19226.7,-14426.7,44926.7,50952.9,,,,,,,,RR1713,,
J2-970,ASNAP,2017/07/28 00:25:50,44.37416225,-124.95624875,661.857027,1606.002909,311.72,-10.4,4.2,0.00,198.44,198.44,HMR2300,-19020.0,-14526.7,44813.3,50803.7,,,,,,,,RR1713,,
J2-970,ASNAP,2017/07/28 00:25:55,44.37416218,-124.95624915,661.825530,1605.995424,310.81,-10.4,4.4,0.00,198.45,198.45,HMR2300,-18753.3,-14700.0,44846.7,50783.9,,,,,,,,RR1713,,
J2-970,ASNAP,2017/07/28 00:26:00,44.37416211,-124.95624954,661.794409,1605.987526,310.64,-10.4,4.5,0.00,198.47,198.47,HMR2300,-18713.3,-14900.0,45040.0,50998.0,,,,,,,,RR1713,,
J2-970,ASNAP,2017/07/28 00:26:05,44.37416203,-124.95624992,661.763758,1605.979211,311.08,-10.5,4.1,0.00,198.46,198.46,HMR2300,-18673.3,-14240.0,45266.7,50995.5,,,,,,,,RR1713,,
J2-970,ASNAP,2017/07/28 00:26:10,44.37416195,-124.95625030,661.733688,1605.970484,311.59,-10.7,4.0,0.00,198.45,198.45,HMR2300,-19506.7,-14560.0,44806.7,50991.6,,,,,,,,RR1713,,
J2-970,ASNAP,2017/07/28 00:26:15,44.37416187,-124.95625067,661.704316,1605.961351,311.98,-10.3,4.2,0.00,198.45,198.45,HMR2300,-19020.0,-14386.7,45046.7,50970.0,,,,,,,,RR1713,,
J2-970,ASNAP,2017/07/28 00:26:20,44.37416179,-124.95625102,661.675769,1605.951825,311.36,-10.4,3.9,0.00,198.47,198.47,HMR2300,-18880.0,-14233.3,44826.7,50680.1,,,,,,,,RR1713,,
J2-970,ASNAP,2017/07/28 00:26:25,44.37416170,-124.95625137,661.648158,1605.941914,310.70,-10.2,3.7,0.00,198.45,198.45,HMR2300,-18286.7,-14106.7,45160.0,50723.0,,,,,,,,RR1713,,
J2-970,ASNAP,2017/07/28 00:26:30,44.37416161,-124.95625170,661.621519,1605.931601,310.89,-10.3,4.1,0.00,198.44,198.44,HMR2300,-18740.0,-14420.0,44860.0,50710.4,,,,,,,,RR1713,,
J2-970,ASNAP,2017/07/28 00:26:35,44.37416151,-124.95625203,661.595885,1605.920867,311.03,-10.5,4.2,0.00,198.45,198.45,HMR2300,-18940.0,-14526.7,45033.3,50968.1,,,,,,,,RR1713,,
J2-970,ASNAP,2017/07/28 00:26:40,44.37416141,-124.95625233,661.571333,1605.909708,311.06,-10.6,3.9,0.00,198.45,198.45,HMR2300,-18846.7,-14273.3,45160.0,50974.0,,,,,,,,RR1713,,
J2-970,ASNAP,2017/07/28 00:26:45,44.37416130,-124.95625263,661.547960,1605.898131,311.36,-9.6,3.1,0.00,198.45,198.45,HMR2300,-18533.3,-13833.3,45246.7,50814.4,,,,,,,,RR1713,,
J2-970,ASNAP,2017/07/28 00:26:50,44.37416120,-124.95625290,661.525882,1605.886158,311.98,-10.8,4.0,0.00,198.44,198.44,HMR2300,-18826.7,-13680.0,44940.0,50608.2,,,,,,,,RR1713,,
J2-970,ASNAP,2017/07/28 00:26:55,44.37416108,-124.95625316,661.505215,1605.873811,311.66,-11.1,4.4,0.00,198.44,198.44,HMR2300,-19240.0,-14400.0,44960.0,50979.8,,,,,,,,RR1713,,
J2-970,ASNAP,2017/07/28 00:27:00,44.37416097,-124.95625340,661.486046,1605.861106,310.92,-10.3,4.0,0.00,198.46,198.46,HMR2300,-18780.0,-14286.7,44926.7,50746.5,,,,,,,,RR1713,,
J2-970,ASNAP,2017/07/28 00:27:05,44.37416085,-124.95625362,661.468455,1605.848062,310.87,-10.6,3.9,0.00,198.45,198.45,HMR2300,-18866.7,-14373.3,45140.0,50991.8,,,,,,,,RR1713,,
J2-970,ASNAP,2017/07/28 00:27:10,44.37416073,-124.95625382,661.452515,1605.834699,310.40,-10.6,3.5,0.00,198.45,198.45,HMR2300,-18766.7,-14226.7,44940.0,50736.5,,,,,,,,RR1713,,
J2-970,ASNAP,2017/07/28 00:27:15,44.37416061,-124.95625400,661.438294,1605.821045,311.44,-10.6,4.1,0.00,198.44,198.44,HMR2300,-19040.0,-14253.3,44740.0,50669.0,,,,,,,,RR1713,,
J2-970,ASNAP,2017/07/28 00:27:20,44.37416048,-124.95625416,661.425865,1605.807137,311.18,-10.4,3.9,0.00,198.45,198.45,HMR2300,-18660.0,-14306.7,45153.3,50908.7,,,,,,,,RR1713,,
J2-970,ASNAP,2017/07/28 00:27:25,44.37416036,-124.95625429,661.415286,1605.793000,311.28,-10.2,4.1,0.00,198.44,198.44,HMR2300,-18593.3,-14373.3,45246.7,50985.9,,,,,,,,RR1713,,
J2-970,ASNAP,2017/07/28 00:27:30,44.37416023,-124.95625440,661.406585,1605.778623,311.25,-10.7,4.0,0.00,198.42,198.42,HMR2300,-19120.0,-14486.7,44673.3,50706.5,,,,,,,,RR1713,,
J2-970,ASNAP,2017/07/28 00:27:35,44.37416010,-124.95625449,661.399794,1605.763997,311.34,-10.5,4.3,0.00,198.45,198.45,HMR2300,-18813.3,-14433.3,44826.7,50711.9,,,,,,,,RR1713,,
J2-970,ASNAP,2017/07/28 00:27:40,44.37415996,-124.95625455,661.394966,1605.749144,311.05,-9.4,3.8,0.00,198.45,198.45,HMR2300,-18393.3,-13893.3,45100.0,50649.3,,,,,,,,RR1713,,
J2-970,ASNAP,2017/07/28 00:27:45,44.37415983,-124.95625458,661.392158,1605.734094,312.50,-10.1,4.2,0.00,198.42,198.42,HMR2300,-20026.7,-15173.3,44420.0,51033.7,,,,,,,,RR1713,,
J2-970,ASNAP,2017/07/28 00:27:50,44.37415969,-124.95625459,661.391419,1605.718899,311.32,-10.5,4.2,0.00,198.43,198.43,HMR2300,-18893.3,-14386.7,44786.7,50693.0,,,,,,,,RR1713,,
J2-970,ASNAP,2017/07/28 00:27:55,44.37415955,-124.95625457,661.392795,1605.703607,311.29,-10.1,3.8,0.00,198.45,198.45,HMR2300,-18653.3,-14213.3,45160.0,50886.1,,,,,,,,RR1713,,
J2-970,ASNAP,2017/07/28 00:28:00,44.37415942,-124.95625453,661.396315,1605.688257,311.48,-10.8,4.2,0.00,198.44,198.44,HMR2300,-19220.0,-14313.3,44633.3,50659.8,,,,,,,,RR1713,,
J2-970,ASNAP,2017/07/28 00:28:05,44.37415928,-124.95625446,661.402002,1605.672890,312.23,-10.2,4.7,0.00,198.43,198.43,HMR2300,-18606.7,-14320.0,45053.3,50804.3,,,,,,,,RR1713,,
J2-970,ASNAP,2017/07/28 00:28:10,44.37415914,-124.95625436,661.409866,1605.657551,311.82,-10.5,4.4,0.00,198.45,198.45,HMR2300,-19140.0,-14366.7,44913.3,50891.5,,,,,,,,RR1713,,
J2-970,ASNAP,2017/07/28 00:28:15,44.37415900,-124.95625423,661.419910,1605.642288,311.51,-10.9,4.4,0.00,198.42,198.42,HMR2300,-19320.0,-14746.7,44526.7,50728.2,,,,,,,,RR1713,,
J2-970,ASNAP,2017/07/28 00:28:20,44.37415887,-124.95625408,661.432126,1605.627154,311.35,-10.7,4.7,0.00,198.42,198.42,HMR2300,-18933.3,-14933.3,44973.3,51030.2,,,,,,,,RR1713,,
J2-970,ASNAP,2017/07/28 00:28:25,44.37415873,-124.95625390,661.446518,1605.612190,311.32,-10.6,4.5,0.00,198.42,198.42,HMR2300,-18866.7,-14746.7,45053.3,51021.7,,,,,,,,RR1713,,
J2-970,ASNAP,2017/07/28 00:28:30,44.37415860,-124.95625369,661.463120,1605.597408,311.20,-10.2,4.2,0.00,198.45,198.45,HMR2300,-18753.3,-14633.3,45133.3,51018.0,,,,,,,,RR1713,,
J2-970,ASNAP,2017/07/28 00:28:35,44.37415847,-124.95625345,661.481961,1605.582827,311.55,-11.0,4.6,0.00,198.40,198.4,HMR2300,-19226.7,-14606.7,44560.0,50681.5,,,,,,,,RR1713,,
J2-970,ASNAP,2017/07/28 00:28:40,44.37415834,-124.95625319,661.503041,1605.568497,311.23,-10.5,4.2,0.00,198.42,198.42,HMR2300,-18900.0,-14466.7,44866.7,50788.9,,,,,,,,RR1713,,
J2-970,ASNAP,2017/07/28 00:28:45,44.37415821,-124.95625290,661.526348,1605.554477,311.79,-10.6,4.6,0.00,198.44,198.44,HMR2300,-18933.3,-14533.3,45013.3,50949.9,,,,,,,,RR1713,,
J2-970,ASNAP,2017/07/28 00:28:50,44.37415809,-124.95625258,661.551846,1605.540836,311.36,-10.5,4.5,0.00,198.42,198.42,HMR2300,-18673.3,-14646.7,45126.7,50986.6,,,,,,,,RR1713,,
J2-970,ASNAP,2017/07/28 00:28:55,44.37415797,-124.95625223,661.579484,1605.527645,311.29,-10.2,4.5,0.00,198.44,198.44,HMR2300,-18566.7,-14780.0,45186.7,51039.2,,,,,,,,RR1713,,
J2-970,ASNAP,2017/07/28 00:29:00,44.37415786,-124.95625186,661.609196,1605.514972,311.11,-10.5,4.6,0.00,198.42,198.42,HMR2300,-18666.7,-14866.7,45086.7,51012.4,,,,,,,,RR1713,,
J2-970,ASNAP,2017/07/28 00:29:05,44.37415775,-124.95625146,661.640903,1605.502879,310.96,-10.5,4.5,0.00,198.42,198.42,HMR2300,-18646.7,-14700.0,44893.3,50785.8,,,,,,,,RR1713,,
J2-970,ASNAP,2017/07/28 00:29:10,44.37415764,-124.95625104,661.674510,1605.491415,311.23,-10.3,4.5,0.00,198.43,198.43,HMR2300,-18693.3,-14653.3,44846.7,50748.2,,,,,,,,RR1713,,
J2-970,ASNAP,2017/07/28 00:29:15,44.37415755,-124.95625060,661.709787,1605.480663,311.52,-10.2,4.5,0.00,198.44,198.44,HMR2300,-18900.0,-14673.3,44793.3,50783.5,,,,,,,,RR1713,,
J2-970,ASNAP,2017/07/28 00:29:20,44.37415746,-124.95625014,661.746253,1605.470765,311.32,-10.5,4.6,0.00,198.40,198.4,HMR2300,-19006.7,-14826.7,44893.3,50955.8,,,,,,,,RR1713,,
J2-970,ASNAP,2017/07/28 00:29:25,44.37415738,-124.95624967,661.783867,1605.461765,311.20,-10.3,4.5,0.00,198.41,198.41,HMR2300,-18713.3,-14780.0,45113.3,51027.9,,,,,,,,RR1713,,
J2-970,ASNAP,2017/07/28 00:29:30,44.37415730,-124.95624917,661.823447,1605.453517,311.03,-10.3,4.6,0.00,198.42,198.42,HMR2300,-18833.3,-14920.0,44940.0,50959.8,,,,,,,,RR1713,,
J2-970,ASNAP,2017/07/28 00:29:35,44.37415723,-124.95624864,661.865594,1605.445932,310.95,-10.3,4.5,0.00,198.42,198.42,HMR2300,-18753.3,-14853.3,44940.0,50910.8,,,,,,,,RR1713,,
J2-970,ASNAP,2017/07/28 00:29:40,44.37415717,-124.95624808,661.910064,1605.439127,311.35,-10.3,4.5,0.00,198.41,198.41,HMR2300,-18753.3,-14820.0,45126.7,51066.0,,,,,,,,RR1713,,
J2-970,ASNAP,2017/07/28 00:29:45,44.37415712,-124.95624750,661.956501,1605.433239,311.01,-10.3,4.5,0.00,198.41,198.41,HMR2300,-18780.0,-14686.7,44860.0,50801.6,,,,,,,,RR1713,,
J2-970,ASNAP,2017/07/28 00:29:50,44.37415708,-124.95624690,662.004625,1605.428375,310.97,-9.6,4.1,0.00,198.43,198.43,HMR2300,-17893.3,-14320.0,45446.7,50898.3,,,,,,,,RR1713,,
J2-970,ASNAP,2017/07/28 00:29:55,44.37415704,-124.95624628,662.054215,1605.424621,311.31,-9.5,4.2,0.00,198.45,198.45,HMR2300,-18020.0,-14433.3,45453.3,50980.8,,,,,,,,RR1713,,
J2-970,ASNAP,2017/07/28 00:30:00,44.37415702,-124.95624564,662.105165,1605.422035,311.08,-9.7,4.1,0.00,198.44,198.44,HMR2300,-18193.3,-14566.7,45460.0,51086.2,,,,,,,,RR1713,,
J2-970,ASNAP,2017/07/28 00:30:05,44.37415701,-124.95624498,662.157382,1605.420664,311.31,-10.0,4.8,0.00,198.42,198.42,HMR2300,-18260.0,-14906.7,45280.0,51048.2,,,,,,,,RR1713,,
J2-970,ASNAP,2017/07/28 00:30:10,44.37415701,-124.95624431,662.210760,1605.420552,311.24,-9.8,5.2,0.00,198.42,198.42,HMR2300,-18180.0,-15426.7,45220.0,51120.9,,,,,,,,RR1713,,
J2-970,ASNAP,2017/07/28 00:30:15,44.37415702,-124.95624363,662.265175,1605.421740,311.09,-9.2,5.2,0.00,198.43,198.43,HMR2300,-17626.7,-15080.0,45293.3,50888.0,,,,,,,,RR1713,,
J2-970,ASNAP,2017/07/28 00:30:20,44.37415704,-124.95624294,662.320465,1605.424267,311.24,-9.2,4.8,0.00,198.45,198.45,HMR2300,-17973.3,-14800.0,45160.0,50808.5,,,,,,,,RR1713,,
J2-970,ASNAP,2017/07/28 00:30:25,44.37415707,-124.95624223,662.376537,1605.428177,311.21,-9.5,4.4,0.00,198.44,198.44,HMR2300,-17973.3,-14646.7,45433.3,51007.4,,,,,,,,RR1713,,
J2-970,ASNAP,2017/07/28 00:30:30,44.37415712,-124.95624152,662.433445,1605.433524,311.13,-9.6,4.3,0.00,198.43,198.43,HMR2300,-18053.3,-14380.0,45220.0,50769.6,,,,,,,,RR1713,,
J2-970,ASNAP,2017/07/28 00:30:35,44.37415718,-124.95624080,662.491185,1605.440362,311.31,-9.3,4.2,0.00,198.45,198.45,HMR2300,-18113.3,-14533.3,45333.3,50935.5,,,,,,,,RR1713,,
J2-970,ASNAP,2017/07/28 00:30:40,44.37415726,-124.95624006,662.549589,1605.448727,311.19,-9.5,4.4,0.00,198.42,198.42,HMR2300,-18166.7,-14713.3,45446.7,51106.8,,,,,,,,RR1713,,
J2-970,ASNAP,2017/07/28 00:30:45,44.37415735,-124.95623932,662.608467,1605.458653,310.96,-9.8,4.3,0.00,198.41,198.41,HMR2300,-18046.7,-14606.7,45446.7,51033.7,,,,,,,,RR1713,,
J2-970,ASNAP,2017/07/28 00:30:50,44.37415745,-124.95623858,662.667640,1605.470167,311.32,-9.7,5.0,0.00,198.41,198.41,HMR2300,-18133.3,-15200.0,45326.7,51130.9,,,,,,,,RR1713,,
J2-970,ASNAP,2017/07/28 00:30:55,44.37415757,-124.95623784,662.726953,1605.483300,311.25,-9.5,5.2,0.00,198.43,198.43,HMR2300,-18100.0,-15300.0,44906.7,50777.0,,,,,,,,RR1713,,
J2-970,ASNAP,2017/07/28 00:31:00,44.37415770,-124.95623709,662.786305,1605.498089,310.68,-9.0,5.4,0.00,198.42,198.42,HMR2300,-17573.3,-15713.3,45273.3,51043.2,,,,,,,,RR1713,,
J2-970,ASNAP,2017/07/28 00:31:05,44.37415785,-124.95623635,662.845570,1605.514559,310.86,-8.6,5.9,0.00,198.42,198.42,HMR2300,-17140.0,-15933.3,45473.3,51141.7,,,,,,,,RR1713,,
J2-970,ASNAP,2017/07/28 00:31:10,44.37415802,-124.95623561,662.904572,1605.532720,311.01,-8.6,6.0,0.00,198.43,198.43,HMR2300,-17120.0,-15766.7,45293.3,50923.2,,,,,,,,RR1713,,
J2-970,ASNAP,2017/07/28 00:31:15,44.37415819,-124.95623488,662.963120,1605.552573,310.91,-8.8,5.9,0.00,198.42,198.42,HMR2300,-17346.7,-15833.3,45113.3,50860.7,,,,,,,,RR1713,,
J2-970,ASNAP,2017/07/28 00:31:20,44.37415839,-124.95623415,663.021017,1605.574110,310.99,-8.8,6.0,0.00,198.42,198.42,HMR2300,-17566.7,-15986.7,45180.0,51043.1,,,,,,,,RR1713,,
J2-970,ASNAP,2017/07/28 00:31:25,44.37415860,-124.95623343,663.078138,1605.597353,311.01,-8.7,5.9,0.00,198.42,198.42,HMR2300,-17526.7,-15893.3,45013.3,50852.6,,,,,,,,RR1713,,
J2-970,ASNAP,2017/07/28 00:31:30,44.37415882,-124.95623273,663.134481,1605.622377,310.88,-8.9,5.9,0.00,198.42,198.42,HMR2300,-17426.7,-15793.3,45020.0,50792.9,,,,,,,,RR1713,,
J2-970,ASNAP,2017/07/28 00:31:35,44.37415906,-124.95623203,663.189988,1605.649231,310.80,-8.7,5.9,0.00,198.42,198.42,HMR2300,-17293.3,-15806.7,45100.0,50822.4,,,,,,,,RR1713,,
J2-970,ASNAP,2017/07/28 00:31:40,44.37415932,-124.95623135,663.244475,1605.677921,310.95,-8.6,5.9,0.00,198.43,198.43,HMR2300,-17400.0,-15933.3,45180.0,50969.2,,,,,,,,RR1713,,
J2-970,ASNAP,2017/07/28 00:31:45,44.37415960,-124.95623068,663.297746,1605.708438,311.09,-8.7,5.9,0.00,198.43,198.43,HMR2300,-17420.0,-15806.7,45013.3,50788.8,,,,,,,,RR1713,,
J2-970,ASNAP,2017/07/28 00:31:50,44.37415989,-124.95623003,663.349601,1605.740770,311.04,-8.8,6.0,0.00,198.41,198.41,HMR2300,-17420.0,-15846.7,45020.0,50807.2,,,,,,,,RR1713,,
J2-970,ASNAP,2017/07/28 00:31:55,44.37416019,-124.95622940,663.399851,1605.774905,311.02,-8.5,6.0,0.00,198.42,198.42,HMR2300,-17186.7,-15973.3,45460.0,51158.0,,,,,,,,RR1713,,
J2-970,ASNAP,2017/07/28 00:32:00,44.37416052,-124.95622879,663.448325,1605.810836,310.93,-8.6,6.1,0.00,198.43,198.43,HMR2300,-17140.0,-16033.3,45466.7,51167.0,,,,,,,,RR1713,,
J2-970,ASNAP,2017/07/28 00:32:05,44.37416086,-124.95622821,663.494855,1605.848545,310.84,-8.9,6.0,0.00,198.42,198.42,HMR2300,-17213.3,-15866.7,45406.7,51086.4,,,,,,,,RR1713,,
J2-970,ASNAP,2017/07/28 00:32:10,44.37416121,-124.95622765,663.539262,1605.888002,311.08,-8.7,6.0,0.00,198.41,198.41,HMR2300,-17206.7,-15960.0,45480.0,51178.3,,,,,,,,RR1713,,
J2-970,ASNAP,2017/07/28 00:32:15,44.37416158,-124.95622712,663.581358,1605.929156,311.12,-8.7,6.0,0.00,198.42,198.42,HMR2300,-17226.7,-15773.3,45226.7,50901.9,,,,,,,,RR1713,,
J2-970,ASNAP,2017/07/28 00:32:20,44.37416197,-124.95622662,663.620939,1605.971930,310.89,-8.8,6.0,0.00,198.42,198.42,HMR2300,-17586.7,-16020.0,45066.7,50960.1,,,,,,,,RR1713,,
J2-970,ASNAP,2017/07/28 00:32:25,44.37416237,-124.95622616,663.657871,1606.016332,310.90,-8.7,6.0,0.00,198.42,198.42,HMR2300,-17126.7,-15920.0,45433.3,51097.5,,,,,,,,RR1713,,
J2-970,ASNAP,2017/07/28 00:32:30,44.37416278,-124.95622573,663.692112,1606.062473,310.96,-8.6,6.0,0.00,198.43,198.43,HMR2300,-17366.7,-15886.7,45046.7,50825.1,,,,,,,,RR1713,,
J2-970,ASNAP,2017/07/28 00:32:35,44.37416321,-124.95622534,663.723546,1606.110376,310.92,-8.7,6.0,0.00,198.42,198.42,HMR2300,-17166.7,-15940.0,45413.3,51099.4,,,,,,,,RR1713,,
J2-970,ASNAP,2017/07/28 00:32:40,44.37416366,-124.95622498,663.751952,1606.159929,310.88,-8.8,6.0,0.00,198.41,198.41,HMR2300,-17473.3,-15966.7,45146.7,50975.2,,,,,,,,RR1713,,
J2-970,ASNAP,2017/07/28 00:32:45,44.37416412,-124.95622467,663.777150,1606.211097,311.09,-8.7,6.0,0.00,198.42,198.42,HMR2300,-17206.7,-15846.7,45220.0,50912.0,,,,,,,,RR1713,,
J2-970,ASNAP,2017/07/28 00:32:50,44.37416460,-124.95622439,663.799021,1606.263959,310.93,-8.7,6.0,0.00,198.42,198.42,HMR2300,-17440.0,-16020.0,45180.0,51010.1,,,,,,,,RR1713,,
J2-970,ASNAP,2017/07/28 00:32:55,44.37416509,-124.95622416,663.817420,1606.318527,311.04,-8.8,6.0,0.00,198.42,198.42,HMR2300,-17273.3,-15773.3,45140.0,50840.8,,,,,,,,RR1713,,
J2-970,ASNAP,2017/07/28 00:33:00,44.37416559,-124.95622398,663.832164,1606.374719,310.99,-9.0,6.0,0.00,198.41,198.41,HMR2300,-17313.3,-15860.0,45333.3,51052.9,,,,,,,,RR1713,,
J2-970,ASNAP,2017/07/28 00:33:05,44.37416611,-124.95622384,663.843079,1606.432450,310.97,-8.8,6.0,0.00,198.40,198.4,HMR2300,-17126.7,-15840.0,45380.0,51025.2,,,,,,,,RR1713,,
J2-970,ASNAP,2017/07/28 00:33:10,44.37416665,-124.95622375,663.850007,1606.491641,311.08,-8.5,5.9,0.00,198.44,198.44,HMR2300,-17140.0,-15873.3,45466.7,51117.1,,,,,,,,RR1713,,
J2-970,ASNAP,2017/07/28 00:33:15,44.37416719,-124.95622372,663.852801,1606.552235,310.94,-8.6,6.0,0.00,198.44,198.44,HMR2300,-17100.0,-15966.7,45446.7,51115.0,,,,,,,,RR1713,,
J2-970,ASNAP,2017/07/28 00:33:20,44.37416775,-124.95622373,663.851325,1606.614202,310.92,-9.5,5.9,0.00,198.41,198.41,HMR2300,-18086.7,-15573.3,45066.7,50996.7,,,,,,,,RR1713,,
J2-970,ASNAP,2017/07/28 00:33:25,44.37416832,-124.95622381,663.845444,1606.677506,316.08,-9.4,6.0,0.00,198.45,198.45,HMR2300,-19673.3,-15020.0,44420.0,50850.5,,,,,,,,RR1713,,
J2-970,ASNAP,2017/07/28 00:33:30,44.37416890,-124.95622394,663.835025,1606.742106,314.81,-9.2,5.2,0.00,198.49,198.49,HMR2300,-19020.0,-14773.3,44633.3,50716.3,,,,,,,,RR1713,,
J2-970,ASNAP,2017/07/28 00:33:35,44.37416949,-124.95622413,663.819934,1606.807967,315.09,-9.8,5.9,0.00,198.24,198.24,HMR2300,-19533.3,-14700.0,44500.0,50772.9,,,,,,,,RR1713,,
J2-970,ASNAP,2017/07/28 00:33:40,44.37417010,-124.95622438,663.800032,1606.875067,316.19,-9.7,5.0,0.00,197.65,197.65,HMR2300,-19666.7,-14080.0,44586.7,50724.7,,,,,,,,RR1713,,
J2-970,ASNAP,2017/07/28 00:33:45,44.37417071,-124.95622469,663.775208,1606.943327,315.81,-9.7,4.9,0.00,196.52,196.52,HMR2300,-19580.0,-14266.7,44526.7,50690.6,,,,,,,,RR1713,,
J2-970,ASNAP,2017/07/28 00:33:50,44.37417133,-124.95622506,663.745371,1607.012614,316.23,-9.5,5.3,0.00,195.17,195.17,HMR2300,-19273.3,-13746.7,44780.0,50652.5,,,,,,,,RR1713,,
J2-970,ASNAP,2017/07/28 00:33:55,44.37417197,-124.95622550,663.710431,1607.082826,314.26,-9.8,4.8,0.00,194.41,194.41,HMR2300,-18933.3,-14440.0,44813.3,50746.6,,,,,,,,RR1713,,
J2-970,EVT,2017/07/28 00:33:56,44.37417209,-124.95622560,663.702822,1607.096974,314.17,-9.4,4.9,0.00,194.41,194.41,HMR2300,-18626.7,-14513.3,44906.7,50736.6,,,,,,,,RR1713,DLG,TXT: released chain going to unplug electrical cable USR:eventlogger
J2-970,ASNAP,2017/07/28 00:34:00,44.37417260,-124.95622601,663.670292,1607.153900,314.58,-9.6,4.9,0.00,194.12,194.12,HMR2300,-18966.7,-14426.7,44813.3,50755.3,,,,,,,,RR1713,,
J2-970,ASNAP,2017/07/28 00:34:05,44.37417325,-124.95622658,663.624887,1607.225745,314.81,-8.1,3.4,0.00,194.07,194.07,HMR2300,-17806.7,-13293.3,45660.0,50780.2,,,,,,,,RR1713,,
J2-970,ASNAP,2017/07/28 00:34:10,44.37417390,-124.95622721,663.574178,1607.298249,314.37,-8.4,3.8,0.00,194.19,194.19,HMR2300,-18000.0,-13300.0,45580.0,50778.2,,,,,,,,RR1713,,
J2-970,ASNAP,2017/07/28 00:34:15,44.37417456,-124.95622791,663.518187,1607.371244,314.51,-8.5,3.6,0.00,194.45,194.45,HMR2300,-18260.0,-13166.7,45506.7,50770.5,,,,,,,,RR1713,,
J2-970,ASNAP,2017/07/28 00:34:20,44.37417522,-124.95622868,663.456982,1607.444524,314.65,-8.2,3.2,0.00,194.69,194.69,HMR2300,-18046.7,-14106.7,45433.3,50880.9,,,,,,,,RR1713,,
J2-970,ASNAP,2017/07/28 00:34:25,44.37417588,-124.95622951,663.390539,1607.517996,316.23,-8.7,4.2,0.00,194.99,194.99,HMR2300,-18840.0,-13513.3,45373.3,50953.9,,,,,,,,RR1713,,
J2-970,ASNAP,2017/07/28 00:34:30,44.37417654,-124.95623042,663.318743,1607.591674,319.17,-8.1,3.9,0.00,195.18,195.18,HMR2300,-19580.0,-12646.7,44953.3,50637.1,,,,,,,,RR1713,,
J2-970,ASNAP,2017/07/28 00:34:35,44.37417721,-124.95623139,663.241361,1607.665655,318.80,-8.2,4.1,0.00,195.35,195.35,HMR2300,-19360.0,-12593.3,45213.3,50770.5,,,,,,,,RR1713,,
J2-970,ASNAP,2017/07/28 00:34:40,44.37417788,-124.95623243,663.158080,1607.740091,320.12,-8.3,3.6,0.00,195.41,195.41,HMR2300,-19746.7,-12453.3,44960.0,50659.8,,,,,,,,RR1713,,
J2-970,ASNAP,2017/07/28 00:34:45,44.37417855,-124.95623355,663.068874,1607.814870,318.43,-8.2,4.1,0.00,195.25,195.25,HMR2300,-19240.0,-13206.7,45100.0,50780.0,,,,,,,,RR1713,,
J2-970,ASNAP,2017/07/28 00:34:50,44.37417923,-124.95623474,662.973972,1607.889654,316.93,-8.0,4.2,0.00,195.32,195.32,HMR2300,-18506.7,-13200.0,45326.7,50707.4,,,,,,,,RR1713,,
J2-970,ASNAP,2017/07/28 00:34:55,44.37417990,-124.95623600,662.873522,1607.964199,316.90,-8.0,4.2,0.00,195.26,195.26,HMR2300,-18786.7,-13320.0,45260.0,50782.2,,,,,,,,RR1713,,
J2-970,ASNAP,2017/07/28 00:35:00,44.37418056,-124.95623733,662.767595,1608.038342,314.89,-8.4,3.4,0.00,195.11,195.11,HMR2300,-18040.0,-13046.7,45653.3,50792.6,,,,,,,,RR1713,,
J2-970,ASNAP,2017/07/28 00:35:05,44.37418123,-124.95623873,662.656249,1608.111952,317.38,-8.6,5.1,0.00,195.08,195.08,HMR2300,-19053.3,-13220.0,45160.0,50766.4,,,,,,,,RR1713,,
J2-970,ASNAP,2017/07/28 00:35:10,44.37418188,-124.95624019,662.539532,1608.184914,318.62,-8.1,4.1,0.00,195.20,195.2,HMR2300,-19326.7,-12946.7,45100.0,50745.9,,,,,,,,RR1713,,
J2-970,ASNAP,2017/07/28 00:35:15,44.37418253,-124.95624172,662.417554,1608.257083,320.33,-7.7,4.4,0.00,195.25,195.25,HMR2300,-19346.7,-12946.7,45093.3,50747.6,,,,,,,,RR1713,,
J2-970,ASNAP,2017/07/28 00:35:20,44.37418317,-124.95624331,662.290460,1608.328298,318.58,-8.2,4.2,0.00,195.27,195.27,HMR2300,-19160.0,-12986.7,45220.0,50799.7,,,,,,,,RR1713,,
J2-970,ASNAP,2017/07/28 00:35:25,44.37418381,-124.95624497,662.158272,1608.398465,324.12,-8.1,4.7,0.00,195.31,195.31,HMR2300,-21073.3,-11560.0,44506.7,50582.2,,,,,,,,RR1713,,
J2-970,ASNAP,2017/07/28 00:35:30,44.37418443,-124.95624669,662.020934,1608.467532,323.53,-8.5,4.5,0.00,195.24,195.24,HMR2300,-20280.0,-12093.3,44893.3,50724.1,,,,,,,,RR1713,,
J2-970,ASNAP,2017/07/28 00:35:35,44.37418504,-124.95624848,661.878458,1608.535413,324.84,-8.8,5.2,0.00,195.19,195.19,HMR2300,-21740.0,-11320.0,44206.7,50547.0,,,,,,,,RR1713,,
J2-970,ASNAP,2017/07/28 00:35:40,44.37418564,-124.95625033,661.730915,1608.601988,315.22,-8.6,2.9,0.00,195.08,195.08,HMR2300,-18253.3,-12726.7,45553.3,50697.7,,,,,,,,RR1713,,
J2-970,ASNAP,2017/07/28 00:35:45,44.37418622,-124.95625224,661.578533,1608.667079,308.38,-8.1,2.9,0.00,194.99,194.99,HMR2300,-16133.3,-13693.3,46240.0,50852.0,,,,,,,,RR1713,,
J2-970,ASNAP,2017/07/28 00:35:50,44.37418679,-124.95625421,661.421628,1608.730475,290.37,-7.7,3.2,0.00,195.00,195,HMR2300,-7100.0,-15673.3,48226.7,51204.2,,,,,,,,RR1713,,
J2-970,ASNAP,2017/07/28 00:35:55,44.37418735,-124.95625623,661.260409,1608.792028,276.48,-8.4,3.9,0.00,195.00,195,HMR2300,-4660.0,-15340.0,48700.0,51271.1,,,,,,,,RR1713,,
J2-970,ASNAP,2017/07/28 00:36:00,44.37418788,-124.95625831,661.095014,1608.851625,272.16,-8.6,4.1,0.00,194.91,194.91,HMR2300,-3353.3,-14920.0,49093.3,51419.9,,,,,,,,RR1713,,
J2-970,ASNAP,2017/07/28 00:36:05,44.37418840,-124.95626043,660.925634,1608.909151,267.25,-8.2,2.8,0.00,195.02,195.02,HMR2300,-1566.7,-13633.3,49306.7,51180.8,,,,,,,,RR1713,,
J2-970,ASNAP,2017/07/28 00:36:10,44.37418890,-124.95626260,660.752501,1608.964486,261.49,-8.0,3.1,0.00,195.07,195.07,HMR2300,666.7,-12526.7,49553.3,51116.5,,,,,,,,RR1713,,
J2-970,ASNAP,2017/07/28 00:36:15,44.37418938,-124.95626482,660.575993,1609.017480,261.93,-7.8,3.5,0.00,195.08,195.08,HMR2300,1160.0,-12920.0,49633.3,51300.5,,,,,,,,RR1713,,
J2-970,ASNAP,2017/07/28 00:36:20,44.37418983,-124.95626707,660.396512,1609.067979,249.11,-8.2,4.0,0.00,195.17,195.17,HMR2300,5366.7,-10706.7,49793.3,51213.4,,,,,,,,RR1713,,
J2-970,ASNAP,2017/07/28 00:36:25,44.37419026,-124.95626936,660.213978,1609.115965,243.86,-8.1,3.8,0.00,195.21,195.21,HMR2300,6666.7,-8900.0,49540.0,50772.7,,,,,,,,RR1713,,
J2-970,ASNAP,2017/07/28 00:36:30,44.37419067,-124.95627169,660.028084,1609.161487,236.89,-8.7,2.8,0.00,195.40,195.4,HMR2300,7426.7,-7553.3,49886.7,50998.9,,,,,,,,RR1713,,
J2-970,ASNAP,2017/07/28 00:36:35,44.37419106,-124.95627407,659.838825,1609.204507,237.14,-8.0,3.9,0.00,195.63,195.63,HMR2300,7773.3,-8333.3,49780.0,51067.8,,,,,,,,RR1713,,
J2-970,ASNAP,2017/07/28 00:36:40,44.37419142,-124.95627648,659.646394,1609.244936,242.31,-7.5,3.4,0.00,195.78,195.78,HMR2300,6266.7,-9786.7,49506.7,50852.3,,,,,,,,RR1713,,
J2-970,ASNAP,2017/07/28 00:36:45,44.37419176,-124.95627893,659.451202,1609.282656,233.56,-8.7,3.8,0.00,195.99,195.99,HMR2300,8133.3,-6140.0,49873.3,50903.8,,,,,,,,RR1713,,
J2-970,ASNAP,2017/07/28 00:36:50,44.37419208,-124.95628140,659.253755,1609.317539,230.36,-8.5,3.4,0.00,195.86,195.86,HMR2300,8993.3,-5806.7,49760.0,50898.5,,,,,,,,RR1713,,
J2-970,ASNAP,2017/07/28 00:36:55,44.37419236,-124.95628391,659.054389,1609.349513,231.47,-8.4,1.8,0.00,195.81,195.81,HMR2300,8646.7,-5420.0,49940.0,50972.0,,,,,,,,RR1713,,
J2-970,ASNAP,2017/07/28 00:37:00,44.37419263,-124.95628643,658.853355,1609.378532,232.01,-8.4,2.4,0.00,195.71,195.71,HMR2300,8413.3,-6920.0,49720.0,50899.4,,,,,,,,RR1713,,
J2-970,ASNAP,2017/07/28 00:37:05,44.37419286,-124.95628897,658.650898,1609.404574,234.74,-8.1,4.4,0.00,195.83,195.83,HMR2300,7980.0,-7820.0,49573.3,50816.8,,,,,,,,RR1713,,
J2-970,ASNAP,2017/07/28 00:37:10,44.37419307,-124.95629152,658.447279,1609.427620,239.89,-8.0,2.8,0.00,195.84,195.84,HMR2300,6426.7,-9193.3,49586.7,50839.5,,,,,,,,RR1713,,
J2-970,ASNAP,2017/07/28 00:37:15,44.37419325,-124.95629408,658.242918,1609.447651,247.91,-8.4,3.7,0.00,195.81,195.81,HMR2300,3833.3,-11246.7,50033.3,51424.9,,,,,,,,RR1713,,
J2-970,ASNAP,2017/07/28 00:37:20,44.37419340,-124.95629665,658.038225,1609.464652,256.43,-8.6,2.9,0.00,195.91,195.91,HMR2300,2146.7,-12246.7,49980.0,51503.3,,,,,,,,RR1713,,
J2-970,ASNAP,2017/07/28 00:37:25,44.37419353,-124.95629923,657.833052,1609.478655,254.45,-8.5,3.6,0.00,196.12,196.12,HMR2300,2526.7,-11940.0,49593.3,51073.0,,,,,,,,RR1713,,
J2-970,EVT,2017/07/28 00:37:27,44.37419357,-124.95630026,657.750762,1609.483428,254.30,-8.6,3.4,0.00,196.19,196.19,HMR2300,2453.3,-11866.7,49706.7,51162.4,,,,,,,,RR1713,DLG,TXT: going to clear off dummy for storing cable USR:eventlogger
J2-970,ASNAP,2017/07/28 00:37:30,44.37419363,-124.95630181,657.627067,1609.489706,254.44,-8.6,3.6,0.00,196.22,196.22,HMR2300,2353.3,-11953.3,49773.3,51242.6,,,,,,,,RR1713,,
J2-970,ASNAP,2017/07/28 00:37:35,44.37419370,-124.95630440,657.420353,1609.497824,254.07,-7.8,3.3,0.00,196.21,196.21,HMR2300,3313.3,-11646.7,50053.3,51497.2,,,,,,,,RR1713,,
J2-970,ASNAP,2017/07/28 00:37:40,44.37419375,-124.95630700,657.213209,1609.503015,248.34,-8.1,3.8,0.00,196.45,196.45,HMR2300,4913.3,-10580.0,49800.0,51148.0,,,,,,,,RR1713,,
J2-970,ASNAP,2017/07/28 00:37:45,44.37419377,-124.95630960,657.006139,1609.505296,251.28,-8.8,3.5,0.00,196.31,196.31,HMR2300,3506.7,-10900.0,49793.3,51092.9,,,,,,,,RR1713,,
J2-970,ASNAP,2017/07/28 00:37:50,44.37419376,-124.95631219,656.799695,1609.504693,251.18,-8.8,3.2,0.00,195.94,195.94,HMR2300,3100.0,-11180.0,49826.7,51159.5,,,,,,,,RR1713,,
J2-970,EVT,2017/07/28 00:37:51,44.37419376,-124.95631270,656.758510,1609.504231,251.64,-8.1,3.6,0.00,195.90,195.9,HMR2300,3960.0,-11346.7,49753.3,51184.2,,,,,,,,RR1713,DLG,TXT: strach that dummy already cleared USR:eventlogger
J2-970,ASNAP,2017/07/28 00:37:55,44.37419373,-124.95631477,656.594163,1609.501255,246.34,-8.4,2.6,0.00,195.73,195.73,HMR2300,4846.7,-9246.7,49980.0,51058.7,,,,,,,,RR1713,,
J2-970,ASNAP,2017/07/28 00:38:00,44.37419367,-124.95631733,656.389756,1609.495043,241.13,-8.3,2.7,0.00,195.68,195.68,HMR2300,7240.0,-7593.3,50093.3,51180.3,,,,,,,,RR1713,,
J2-970,ASNAP,2017/07/28 00:38:05,44.37419359,-124.95631987,656.186846,1609.486138,228.39,-8.3,2.8,0.00,195.79,195.79,HMR2300,9446.7,-4926.7,49760.0,50887.8,,,,,,,,RR1713,,
J2-970,ASNAP,2017/07/28 00:38:10,44.37419349,-124.95632240,655.985857,1609.474634,229.54,-8.1,3.4,0.00,195.79,195.79,HMR2300,9526.7,-5146.7,49713.3,50878.9,,,,,,,,RR1713,,
J2-970,ASNAP,2017/07/28 00:38:15,44.37419336,-124.95632489,655.787135,1609.460629,224.35,-8.3,2.6,0.00,195.87,195.87,HMR2300,10140.0,-3286.7,49673.3,50804.2,,,,,,,,RR1713,,
J2-970,ASNAP,2017/07/28 00:38:20,44.37419322,-124.95632735,655.590915,1609.444222,220.88,-8.1,2.5,0.00,195.90,195.9,HMR2300,10773.3,-2233.3,49526.7,50734.0,,,,,,,,RR1713,,
J2-970,ASNAP,2017/07/28 00:38:25,44.37419305,-124.95632978,655.396986,1609.425465,216.22,-8.0,2.7,0.00,195.94,195.94,HMR2300,11513.3,-606.7,49233.3,50565.3,,,,,,,,RR1713,,
J2-970,ASNAP,2017/07/28 00:38:30,44.37419286,-124.95633219,655.205066,1609.404406,211.46,-7.8,2.8,0.00,195.95,195.95,HMR2300,12466.7,1680.0,48813.3,50408.2,,,,,,,,RR1713,,
J2-970,ASNAP,2017/07/28 00:38:35,44.37419265,-124.95633457,655.015306,1609.381131,206.14,-8.1,2.4,0.00,196.04,196.04,HMR2300,12720.0,2900.0,48706.7,50423.7,,,,,,,,RR1713,,
J2-970,ASNAP,2017/07/28 00:38:40,44.37419242,-124.95633692,654.828035,1609.355748,201.66,-8.1,3.0,0.00,196.06,196.06,HMR2300,12860.0,5026.7,48226.7,50164.3,,,,,,,,RR1713,,
J2-970,ASNAP,2017/07/28 00:38:45,44.37419217,-124.95633923,654.643745,1609.328399,199.30,-8.2,3.0,0.00,195.99,195.99,HMR2300,12920.0,4906.7,48333.3,50270.4,,,,,,,,RR1713,,
J2-970,ASNAP,2017/07/28 00:38:50,44.37419191,-124.95634150,654.462931,1609.299236,195.90,-8.4,3.5,0.00,195.73,195.73,HMR2300,12760.0,6573.3,48106.7,50202.4,,,,,,,,RR1713,,
J2-970,ASNAP,2017/07/28 00:38:55,44.37419163,-124.95634372,654.285850,1609.268388,186.52,-8.5,2.9,0.00,195.51,195.51,HMR2300,12440.0,10093.3,47260.0,49901.3,,,,,,,,RR1713,,
J2-970,ASNAP,2017/07/28 00:39:00,44.37419134,-124.95634589,654.112690,1609.235985,181.30,-8.8,3.5,0.00,195.49,195.49,HMR2300,11580.0,11593.3,46873.3,49654.9,,,,,,,,RR1713,,
J2-970,ASNAP,2017/07/28 00:39:05,44.37419104,-124.95634801,653.943668,1609.202169,153.28,-8.7,3.5,0.00,195.56,195.56,HMR2300,6460.0,20946.7,43713.3,48901.4,,,,,,,,RR1713,,
J2-970,ASNAP,2017/07/28 00:39:10,44.37419072,-124.95635008,653.779033,1609.167093,140.18,-8.6,3.7,0.00,195.64,195.64,HMR2300,2720.0,23113.3,42586.7,48530.9,,,,,,,,RR1713,,
J2-970,ASNAP,2017/07/28 00:39:15,44.37419040,-124.95635208,653.619143,1609.130943,123.79,-9.0,2.9,0.00,195.76,195.76,HMR2300,-1360.0,25640.0,40746.7,48161.7,,,,,,,,RR1713,,
J2-970,ASNAP,2017/07/28 00:39:20,44.37419006,-124.95635403,653.464267,1609.093884,130.27,-8.9,3.2,0.00,195.79,195.79,HMR2300,666.7,25000.0,41460.0,48418.8,,,,,,,,RR1713,,
J2-970,ASNAP,2017/07/28 00:39:25,44.37418972,-124.95635591,653.314177,1609.055957,130.38,-8.9,3.4,0.00,195.77,195.77,HMR2300,193.3,24666.7,41313.3,48117.3,,,,,,,,RR1713,,
J2-970,ASNAP,2017/07/28 00:39:30,44.37418937,-124.95635773,653.168617,1609.017199,130.19,-9.0,3.4,0.00,195.72,195.72,HMR2300,253.3,24653.3,41620.0,48374.3,,,,,,,,RR1713,,
J2-970,ASNAP,2017/07/28 00:39:35,44.37418902,-124.95635950,653.027777,1608.977754,122.04,-9.3,4.8,0.00,195.67,195.67,HMR2300,-3033.3,25600.0,40706.7,48182.9,,,,,,,,RR1713,,
J2-970,ASNAP,2017/07/28 00:39:40,44.37418866,-124.95636120,652.891951,1608.937792,116.53,-9.0,3.8,0.00,195.60,195.6,HMR2300,-5106.7,25940.0,40226.7,48136.7,,,,,,,,RR1713,,
J2-970,ASNAP,2017/07/28 00:39:45,44.37418830,-124.95636284,652.761392,1608.897479,116.34,-8.9,3.3,0.00,195.61,195.61,HMR2300,-4073.3,26193.3,40053.3,48030.7,,,,,,,,RR1713,,
J2-970,ASNAP,2017/07/28 00:39:50,44.37418793,-124.95636441,652.636324,1608.856974,121.17,-9.4,2.7,0.00,195.81,195.81,HMR2300,-2960.0,25340.0,40786.7,48108.5,,,,,,,,RR1713,,
J2-970,ASNAP,2017/07/28 00:39:55,44.37418757,-124.95636591,652.516918,1608.816430,125.83,-9.1,4.7,0.00,195.67,195.67,HMR2300,-933.3,24446.7,41653.3,48306.4,,,,,,,,RR1713,,
J2-970,ASNAP,2017/07/28 00:40:00,44.37418720,-124.95636733,652.403327,1608.775996,121.88,-9.0,3.6,0.00,195.68,195.68,HMR2300,-3140.0,25680.0,40600.0,48142.3,,,,,,,,RR1713,,
J2-970,ASNAP,2017/07/28 00:40:05,44.37418684,-124.95636868,652.295688,1608.735821,104.93,-9.4,4.7,0.00,195.73,195.73,HMR2300,-9920.0,25280.0,39646.7,48055.6,,,,,,,,RR1713,,
J2-970,ASNAP,2017/07/28 00:40:10,44.37418648,-124.95636996,652.194147,1608.696063,90.41,-8.8,4.1,0.00,195.61,195.61,HMR2300,-13660.0,24406.7,39153.3,48117.2,,,,,,,,RR1713,,
J2-970,ASNAP,2017/07/28 00:40:15,44.37418613,-124.95637115,652.098877,1608.656892,97.64,-8.1,4.5,0.00,195.64,195.64,HMR2300,-10186.7,25840.0,39133.3,47988.5,,,,,,,,RR1713,,
J2-970,ASNAP,2017/07/28 00:40:20,44.37418579,-124.95637227,652.009974,1608.618442,102.79,-8.9,3.5,0.00,195.75,195.75,HMR2300,-9220.0,26426.7,38920.0,47939.0,,,,,,,,RR1713,,
J2-970,ASNAP,2017/07/28 00:40:25,44.37418545,-124.95637330,651.927250,1608.580722,103.20,-8.9,3.4,0.00,195.84,195.84,HMR2300,-8406.7,26266.7,39333.3,48038.7,,,,,,,,RR1713,,
J2-970,ASNAP,2017/07/28 00:40:30,44.37418511,-124.95637427,651.850536,1608.543741,105.67,-8.9,3.3,0.00,195.90,195.9,HMR2300,-7933.3,26393.3,39200.0,47918.5,,,,,,,,RR1713,,
J2-970,ASNAP,2017/07/28 00:40:35,44.37418479,-124.95637515,651.779901,1608.507608,106.19,-9.0,3.6,0.00,196.10,196.1,HMR2300,-7846.7,26093.3,39413.3,47915.0,,,,,,,,RR1713,,
J2-970,ASNAP,2017/07/28 00:40:40,44.37418447,-124.95637596,651.715470,1608.472458,109.85,-9.6,3.7,0.00,196.16,196.16,HMR2300,-6980.0,26220.0,39520.0,47937.9,,,,,,,,RR1713,,
J2-970,ASNAP,2017/07/28 00:40:45,44.37418417,-124.95637669,651.657384,1608.438440,106.59,-8.8,2.7,0.00,196.02,196.02,HMR2300,-7560.0,26866.7,39046.7,47996.0,,,,,,,,RR1713,,
J2-970,ASNAP,2017/07/28 00:40:50,44.37418387,-124.95637734,651.605761,1608.405695,113.15,-9.8,2.5,0.00,196.03,196.03,HMR2300,-5720.0,26433.3,39673.3,48014.7,,,,,,,,RR1713,,
J2-970,ASNAP,2017/07/28 00:40:55,44.37418359,-124.95637790,651.560629,1608.374318,120.40,-9.2,1.5,0.00,196.10,196.1,HMR2300,-2693.3,27033.3,39693.3,48100.1,,,,,,,,RR1713,,
J2-970,ASNAP,2017/07/28 00:41:00,44.37418332,-124.95637839,651.521994,1608.344398,111.46,-9.7,1.9,0.00,196.21,196.21,HMR2300,-6273.3,27126.7,39126.7,48021.9,,,,,,,,RR1713,,
J2-970,ASNAP,2017/07/28 00:41:05,44.37418306,-124.95637879,651.489841,1608.316016,111.28,-9.7,1.4,0.00,196.14,196.14,HMR2300,-5933.3,27513.3,38826.7,47955.2,,,,,,,,RR1713,,
J2-970,ASNAP,2017/07/28 00:41:10,44.37418282,-124.95637911,651.464154,1608.289257,114.47,-9.9,1.0,0.00,196.21,196.21,HMR2300,-5493.3,27366.7,39153.3,48084.2,,,,,,,,RR1713,,
J2-970,ASNAP,2017/07/28 00:41:15,44.37418260,-124.95637935,651.444915,1608.264214,108.02,-10.3,2.2,0.00,196.29,196.29,HMR2300,-8273.3,26706.7,38760.0,47791.5,,,,,,,,RR1713,,
J2-970,ASNAP,2017/07/28 00:41:20,44.37418239,-124.95637952,651.432091,1608.240953,112.04,-9.9,3.0,0.00,196.34,196.34,HMR2300,-6153.3,27360.0,38913.3,47965.4,,,,,,,,RR1713,,
J2-970,ASNAP,2017/07/28 00:41:25,44.37418219,-124.95637960,651.425619,1608.219461,114.96,-10.0,2.0,0.00,196.29,196.29,HMR2300,-5960.0,26526.7,39466.7,47925.0,,,,,,,,RR1713,,
J2-970,ASNAP,2017/07/28 00:41:30,44.37418202,-124.95637960,651.425440,1608.199741,106.78,-10.0,3.0,0.00,196.10,196.1,HMR2300,-8460.0,26926.7,38780.0,47963.6,,,,,,,,RR1713,,
J2-970,ASNAP,2017/07/28 00:41:35,44.37418186,-124.95637952,651.431531,1608.181852,113.15,-8.8,1.8,0.00,195.99,195.99,HMR2300,-5573.3,27333.3,39040.0,47982.2,,,,,,,,RR1713,,
J2-970,ASNAP,2017/07/28 00:41:40,44.37418171,-124.95637937,651.443864,1608.165866,111.89,-11.0,1.6,0.00,195.92,195.92,HMR2300,-6933.3,27373.3,38693.3,47901.4,,,,,,,,RR1713,,
J2-970,ASNAP,2017/07/28 00:41:45,44.37418159,-124.95637914,651.462376,1608.151841,111.68,-9.2,1.4,0.00,195.90,195.9,HMR2300,-6193.3,27520.0,38860.0,48018.8,,,,,,,,RR1713,,
J2-970,ASNAP,2017/07/28 00:41:50,44.37418148,-124.95637883,651.486996,1608.139823,102.04,-8.4,1.1,0.00,195.82,195.82,HMR2300,-9900.0,27560.0,37860.0,47863.8,,,,,,,,RR1713,,
J2-970,ASNAP,2017/07/28 00:41:55,44.37418139,-124.95637844,651.517638,1608.129831,92.60,-10.3,2.4,0.00,195.70,195.7,HMR2300,-14606.7,26013.3,37626.7,48018.9,,,,,,,,RR1713,,
J2-970,ASNAP,2017/07/28 00:42:00,44.37418132,-124.95637798,651.554195,1608.121877,75.41,-10.4,2.4,0.00,195.76,195.76,HMR2300,-19720.0,22246.7,37086.7,47531.2,,,,,,,,RR1713,,
J2-970,ASNAP,2017/07/28 00:42:05,44.37418126,-124.95637745,651.596518,1608.115964,78.55,-9.9,1.9,0.00,195.87,195.87,HMR2300,-16220.0,24840.0,36720.0,47206.7,,,,,,,,RR1713,,
J2-970,ASNAP,2017/07/28 00:42:10,44.37418123,-124.95637685,651.644456,1608.112094,113.96,-9.5,1.7,0.00,195.75,195.75,HMR2300,-4560.0,26940.0,39680.0,48177.4,,,,,,,,RR1713,,
J2-970,ASNAP,2017/07/28 00:42:15,44.37418121,-124.95637618,651.697863,1608.110265,116.35,-9.5,1.9,0.00,195.56,195.56,HMR2300,-5440.0,26773.3,39446.7,47983.8,,,,,,,,RR1713,,
J2-970,ASNAP,2017/07/28 00:42:20,44.37418121,-124.95637544,651.756741,1608.110489,106.19,-9.5,2.3,0.00,195.40,195.4,HMR2300,-8940.0,27166.7,38533.3,47987.2,,,,,,,,RR1713,,
J2-970,ASNAP,2017/07/28 00:42:25,44.37418123,-124.95637463,651.821393,1608.112805,82.54,-9.8,3.0,0.00,195.26,195.26,HMR2300,-17186.7,26140.0,37960.0,49189.9,,,,,,,,RR1713,,
J2-970,ASNAP,2017/07/28 00:42:30,44.37418127,-124.95637375,651.892086,1608.117250,73.95,-9.9,2.3,0.00,195.38,195.38,HMR2300,-18746.7,25386.7,37206.7,48787.9,,,,,,,,RR1713,,
J2-970,ASNAP,2017/07/28 00:42:35,44.37418133,-124.95637278,651.968935,1608.123854,88.89,-9.7,2.6,0.00,195.64,195.64,HMR2300,-14726.7,26313.3,38220.0,48683.0,,,,,,,,RR1713,,
J2-970,ASNAP,2017/07/28 00:42:40,44.37418141,-124.95637175,652.051031,1608.132470,90.13,-9.5,1.3,0.00,195.87,195.87,HMR2300,-13746.7,28746.7,36973.3,48809.5,,,,,,,,RR1713,,
J2-970,ASNAP,2017/07/28 00:42:45,44.37418150,-124.95637069,652.135481,1608.142599,96.84,-10.5,0.1,0.00,196.21,196.21,HMR2300,-10873.3,28953.3,37893.3,48912.5,,,,,,,,RR1713,,
J2-970,ASNAP,2017/07/28 00:42:50,44.37418160,-124.95636967,652.217125,1608.153324,108.27,-15.1,1.1,0.00,196.34,196.34,HMR2300,-11513.3,27660.0,37313.3,47853.1,,,,,,,,RR1713,,
J2-970,ASNAP,2017/07/28 00:42:55,44.37418169,-124.95636879,652.287128,1608.163045,116.84,-14.8,0.4,0.00,196.46,196.46,HMR2300,-7680.0,27053.3,38866.7,47973.8,,,,,,,,RR1713,,
J2-970,EVT,2017/07/28 00:42:59,44.37418175,-124.95636822,652.332568,1608.169659,121.96,-10.0,0.1,0.00,196.59,196.59,HMR2300,-3220.0,27326.7,39286.7,47964.1,,,,,,,,RR1713,DLG,TXT: Grabbing SC01B with starboard manipulator USR:eventlogger
J2-970,ASNAP,2017/07/28 00:43:00,44.37418176,-124.95636809,652.343034,1608.171243,121.93,-9.7,1.2,0.00,196.59,196.59,HMR2300,-3033.3,26860.0,39780.0,48094.8,,,,,,,,RR1713,,
J2-970,ASNAP,2017/07/28 00:43:05,44.37418183,-124.95636745,652.394243,1608.179423,122.41,-7.0,1.8,0.00,196.68,196.68,HMR2300,-60.0,26860.0,40046.7,48220.3,,,,,,,,RR1713,,
J2-970,ASNAP,2017/07/28 00:43:10,44.37418192,-124.95636673,652.451355,1608.189297,127.11,-10.3,1.0,0.00,196.47,196.47,HMR2300,-2866.7,26980.0,39613.3,48014.1,,,,,,,,RR1713,,
J2-970,ASNAP,2017/07/28 00:43:15,44.37418204,-124.95636581,652.524866,1608.202557,142.49,-9.9,0.7,0.00,196.48,196.48,HMR2300,4160.0,24153.3,41886.7,48530.2,,,,,,,,RR1713,,
J2-970,ASNAP,2017/07/28 00:43:20,44.37418220,-124.95636463,652.618750,1608.219907,152.15,-7.1,2.2,0.00,196.63,196.63,HMR2300,8120.0,21000.0,43433.3,48922.3,,,,,,,,RR1713,,
J2-970,ASNAP,2017/07/28 00:43:25,44.37418238,-124.95636328,652.726621,1608.240476,150.34,-7.9,1.5,0.00,196.68,196.68,HMR2300,6900.0,22386.7,42800.0,48791.5,,,,,,,,RR1713,,
J2-970,ASNAP,2017/07/28 00:43:30,44.37418259,-124.95636182,652.842970,1608.263496,137.85,-11.1,0.7,0.00,196.51,196.51,HMR2300,206.7,25666.7,40773.3,48179.7,,,,,,,,RR1713,,
J2-970,ASNAP,2017/07/28 00:43:35,44.37418282,-124.95636029,652.965177,1608.288585,129.71,-9.4,0.9,0.00,196.39,196.39,HMR2300,-160.0,26586.7,40233.3,48224.4,,,,,,,,RR1713,,
J2-970,ASNAP,2017/07/28 00:43:40,44.37418306,-124.95635872,653.090227,1608.315149,123.23,-9.7,0.8,0.00,196.29,196.29,HMR2300,-3133.3,27213.3,39560.0,48118.4,,,,,,,,RR1713,,
J2-970,ASNAP,2017/07/28 00:43:45,44.37418330,-124.95635716,653.214028,1608.342183,119.89,-12.3,0.8,0.00,196.08,196.08,HMR2300,-5666.7,27420.0,39020.0,48026.3,,,,,,,,RR1713,,
J2-970,ASNAP,2017/07/28 00:43:50,44.37418353,-124.95635572,653.329106,1608.367835,117.95,-12.2,0.7,0.00,196.07,196.07,HMR2300,-6620.0,27706.7,38466.7,47866.1,,,,,,,,RR1713,,
J2-970,ASNAP,2017/07/28 00:43:55,44.37418372,-124.95635454,653.423402,1608.389121,113.88,-11.0,0.9,0.00,196.14,196.14,HMR2300,-6653.3,27713.3,38593.3,47976.5,,,,,,,,RR1713,,
J2-970,ASNAP,2017/07/28 00:44:00,44.37418387,-124.95635364,653.495075,1608.405514,114.07,-10.1,1.1,0.00,196.20,196.2,HMR2300,-6086.7,27766.7,38680.0,48001.9,,,,,,,,RR1713,,
J2-970,ASNAP,2017/07/28 00:44:05,44.37418400,-124.95635286,653.557080,1608.420053,114.96,-10.6,1.5,0.00,196.22,196.22,HMR2300,-5933.3,27086.7,39053.3,47896.3,,,,,,,,RR1713,,
J2-970,ASNAP,2017/07/28 00:44:10,44.37418414,-124.95635203,653.623474,1608.436042,115.82,-10.9,1.9,0.00,196.20,196.2,HMR2300,-6013.3,27053.3,38860.0,47729.9,,,,,,,,RR1713,,
J2-970,ASNAP,2017/07/28 00:44:15,44.37418433,-124.95635096,653.708308,1608.456786,117.15,-11.2,2.3,0.00,196.15,196.15,HMR2300,-5326.7,26620.0,39226.7,47704.6,,,,,,,,RR1713,,
J2-970,ASNAP,2017/07/28 00:44:20,44.37418458,-124.95634956,653.820083,1608.484295,120.26,-10.7,2.7,0.00,196.16,196.16,HMR2300,-3820.0,25973.3,39906.7,47767.7,,,,,,,,RR1713,,
J2-970,ASNAP,2017/07/28 00:44:25,44.37418487,-124.95634794,653.949375,1608.516401,120.03,-10.0,3.1,0.00,196.22,196.22,HMR2300,-3706.7,25913.3,40113.3,47899.1,,,,,,,,RR1713,,
J2-970,ASNAP,2017/07/28 00:44:30,44.37418518,-124.95634623,654.085568,1608.550663,120.55,-10.8,3.1,0.00,196.21,196.21,HMR2300,-4293.3,26033.3,39873.3,47812.7,,,,,,,,RR1713,,
J2-970,ASNAP,2017/07/28 00:44:35,44.37418550,-124.95634448,654.225551,1608.586391,119.92,-11.7,3.0,0.00,196.17,196.17,HMR2300,-5186.7,26073.3,39733.3,47806.5,,,,,,,,RR1713,,
J2-970,ASNAP,2017/07/28 00:44:40,44.37418583,-124.95634269,654.367864,1608.623268,123.04,-11.8,2.3,0.00,196.16,196.16,HMR2300,-3960.0,26333.3,39840.0,47920.3,,,,,,,,RR1713,,
J2-970,EVT,2017/07/28 00:44:42,44.37418596,-124.95634197,654.425273,1608.638298,125.20,-11.2,2.1,0.00,196.19,196.19,HMR2300,-3186.7,26240.0,40060.0,47994.8,,,,,,,,RR1713,DLG,TXT: Unplugging the electrical ROV mate USR:eventlogger
J2-970,ASNAP,2017/07/28 00:44:45,44.37418617,-124.95634089,654.511802,1608.661112,123.59,-11.3,1.3,0.00,196.20,196.2,HMR2300,-3600.0,26826.7,39573.3,47944.5,,,,,,,,RR1713,,
J2-970,ASNAP,2017/07/28 00:44:50,44.37418652,-124.95633907,654.656871,1608.699781,123.57,-10.9,1.6,0.00,196.23,196.23,HMR2300,-3426.7,26613.3,39606.7,47840.4,,,,,,,,RR1713,,
J2-970,ASNAP,2017/07/28 00:44:55,44.37418687,-124.95633724,654.802672,1608.739148,125.63,-11.3,1.6,0.00,196.23,196.23,HMR2300,-3100.0,26446.7,39866.7,47941.5,,,,,,,,RR1713,,
J2-970,ASNAP,2017/07/28 00:45:00,44.37418723,-124.95633540,654.948883,1608.779110,122.35,-12.6,2.8,0.00,196.22,196.22,HMR2300,-5873.3,25973.3,39866.7,47942.3,,,,,,,,RR1713,,
J2-970,ASNAP,2017/07/28 00:45:05,44.37418760,-124.95633357,655.095373,1608.819618,120.31,-10.6,2.4,0.00,195.92,195.92,HMR2300,-4786.7,26273.3,39793.3,47924.0,,,,,,,,RR1713,,
J2-970,ASNAP,2017/07/28 00:45:10,44.37418796,-124.95633173,655.242016,1608.860626,139.50,-10.0,3.2,0.00,195.51,195.51,HMR2300,3633.3,22760.0,42620.0,48452.9,,,,,,,,RR1713,,
J2-970,ASNAP,2017/07/28 00:45:15,44.37418834,-124.95632989,655.388568,1608.902060,165.64,-9.9,3.2,0.00,195.32,195.32,HMR2300,8666.7,16560.0,45146.7,48862.7,,,,,,,,RR1713,,
J2-970,ASNAP,2017/07/28 00:45:20,44.37418871,-124.95632805,655.534739,1608.943828,183.27,-10.2,2.8,0.00,195.30,195.3,HMR2300,10620.0,10820.0,47046.7,49429.2,,,,,,,,RR1713,,
J2-970,ASNAP,2017/07/28 00:45:25,44.37418909,-124.95632623,655.680169,1608.985822,211.98,-10.5,2.6,0.00,195.38,195.38,HMR2300,9506.7,-1040.0,49506.7,50421.9,,,,,,,,RR1713,,
J2-970,ASNAP,2017/07/28 00:45:30,44.37418947,-124.95632442,655.824622,1609.027970,227.92,-10.4,3.5,0.00,195.58,195.58,HMR2300,7680.0,-4273.3,49840.0,50609.0,,,,,,,,RR1713,,
J2-970,ASNAP,2017/07/28 00:45:35,44.37418985,-124.95632262,655.968281,1609.070324,233.23,-9.9,2.5,0.00,195.94,195.94,HMR2300,6353.3,-6486.7,49913.3,50732.5,,,,,,,,RR1713,,
J2-970,ASNAP,2017/07/28 00:45:40,44.37419024,-124.95632082,656.111318,1609.112934,252.94,-9.7,3.0,0.00,196.20,196.2,HMR2300,1040.0,-12440.0,49446.7,50998.1,,,,,,,,RR1713,,
J2-970,ASNAP,2017/07/28 00:45:45,44.37419062,-124.95631904,656.253627,1609.155771,263.84,-10.7,3.5,0.00,196.12,196.12,HMR2300,-2320.0,-14233.3,49113.3,51186.8,,,,,,,,RR1713,,
J2-970,ASNAP,2017/07/28 00:45:50,44.37419101,-124.95631726,656.394998,1609.198777,249.48,-10.6,3.0,0.00,196.13,196.13,HMR2300,2726.7,-10933.3,49733.3,50993.9,,,,,,,,RR1713,,
J2-970,ASNAP,2017/07/28 00:45:55,44.37419140,-124.95631551,656.535069,1609.241845,250.46,-10.5,2.9,0.00,195.82,195.82,HMR2300,1820.0,-10933.3,49820.0,51038.1,,,,,,,,RR1713,,
J2-970,ASNAP,2017/07/28 00:46:00,44.37419178,-124.95631377,656.673509,1609.284881,266.85,-10.5,3.6,0.00,195.66,195.66,HMR2300,-4006.7,-14333.3,48900.0,51114.7,,,,,,,,RR1713,,
J2-970,ASNAP,2017/07/28 00:46:05,44.37419217,-124.95631206,656.810157,1609.327840,278.46,-9.9,3.0,0.00,195.69,195.69,HMR2300,-6193.3,-14360.0,48613.3,51066.8,,,,,,,,RR1713,,
J2-970,ASNAP,2017/07/28 00:46:10,44.37419255,-124.95631037,656.944853,1609.370674,274.05,-10.2,2.8,0.00,195.87,195.87,HMR2300,-5700.0,-15093.3,48513.3,51125.7,,,,,,,,RR1713,,
J2-970,ASNAP,2017/07/28 00:46:15,44.37419294,-124.95630870,657.077363,1609.413314,273.85,-11.0,3.7,0.00,195.77,195.77,HMR2300,-6206.7,-14566.7,48520.0,51038.2,,,,,,,,RR1713,,
J2-970,ASNAP,2017/07/28 00:46:20,44.37419332,-124.95630707,657.207444,1609.455684,269.69,-9.7,5.0,0.00,195.73,195.73,HMR2300,-1886.7,-14500.0,49133.3,51263.0,,,,,,,,RR1713,,
J2-970,ASNAP,2017/07/28 00:46:25,44.37419370,-124.95630547,657.334859,1609.497709,254.23,-9.3,3.7,0.00,195.92,195.92,HMR2300,1900.0,-11993.3,49600.0,51064.8,,,,,,,,RR1713,,
J2-970,ASNAP,2017/07/28 00:46:30,44.37419407,-124.95630391,657.459508,1609.539358,263.01,-9.6,4.1,0.00,196.12,196.12,HMR2300,-1726.7,-14320.0,49040.0,51117.2,,,,,,,,RR1713,,
J2-970,ASNAP,2017/07/28 00:46:35,44.37419444,-124.95630238,657.581623,1609.580714,273.57,-9.5,5.5,0.00,196.15,196.15,HMR2300,-4386.7,-16460.0,48473.3,51379.4,,,,,,,,RR1713,,
J2-970,ASNAP,2017/07/28 00:46:40,44.37419482,-124.95630088,657.701383,1609.621841,251.84,-10.0,4.5,0.00,196.26,196.26,HMR2300,2960.0,-12426.7,49413.3,51037.8,,,,,,,,RR1713,,
J2-970,ASNAP,2017/07/28 00:46:45,44.37419518,-124.95629940,657.818732,1609.662724,256.03,-10.0,5.7,0.00,196.33,196.33,HMR2300,460.0,-14980.0,48933.3,51177.0,,,,,,,,RR1713,,
J2-970,ASNAP,2017/07/28 00:46:50,44.37419555,-124.95629796,657.933528,1609.703319,267.80,-10.6,5.0,0.00,196.31,196.31,HMR2300,-3446.7,-15193.3,48640.0,51074.1,,,,,,,,RR1713,,
J2-970,ASNAP,2017/07/28 00:46:55,44.37419591,-124.95629656,658.045510,1609.743536,275.82,-10.3,4.6,0.00,196.16,196.16,HMR2300,-6753.3,-16540.0,47993.3,51210.7,,,,,,,,RR1713,,
J2-970,ASNAP,2017/07/28 00:47:00,44.37419627,-124.95629519,658.154449,1609.783294,275.45,-9.9,4.7,0.00,196.07,196.07,HMR2300,-5313.3,-16020.0,47993.3,50874.7,,,,,,,,RR1713,,
J2-970,ASNAP,2017/07/28 00:47:05,44.37419662,-124.95629387,658.260230,1609.822548,269.97,-9.6,5.2,0.00,196.15,196.15,HMR2300,-3286.7,-15006.7,48813.3,51173.7,,,,,,,,RR1713,,
J2-970,ASNAP,2017/07/28 00:47:10,44.37419697,-124.95629258,658.362763,1609.861258,268.91,-9.5,5.1,0.00,196.12,196.12,HMR2300,-2566.7,-15606.7,48760.0,51261.0,,,,,,,,RR1713,,
J2-970,ASNAP,2017/07/28 00:47:15,44.37419731,-124.95629134,658.461980,1609.899389,273.69,-9.1,4.3,0.00,195.97,195.97,HMR2300,-4693.3,-15520.0,48520.0,51157.5,,,,,,,,RR1713,,
J2-970,ASNAP,2017/07/28 00:47:20,44.37419765,-124.95629013,658.557807,1609.936901,262.88,-9.1,5.3,0.00,196.03,196.03,HMR2300,-413.3,-14686.7,49086.7,51238.4,,,,,,,,RR1713,,
J2-970,ASNAP,2017/07/28 00:47:25,44.37419798,-124.95628898,658.650155,1609.973744,264.99,-9.7,3.0,0.00,196.08,196.08,HMR2300,-3186.7,-13880.0,49133.3,51155.6,,,,,,,,RR1713,,
J2-970,ASNAP,2017/07/28 00:47:30,44.37419831,-124.95628786,658.739032,1610.009909,277.51,-9.5,4.4,0.00,196.18,196.18,HMR2300,-6193.3,-15600.0,48446.7,51271.8,,,,,,,,RR1713,,
J2-970,ASNAP,2017/07/28 00:47:35,44.37419863,-124.95628679,658.824641,1610.045465,273.35,-10.3,4.2,0.00,196.15,196.15,HMR2300,-5446.7,-15646.7,48373.3,51131.8,,,,,,,,RR1713,,
J2-970,ASNAP,2017/07/28 00:47:40,44.37419894,-124.95628575,658.907128,1610.080455,269.46,-10.0,4.7,0.00,195.88,195.88,HMR2300,-3906.7,-14833.3,48560.0,50925.1,,,,,,,,RR1713,,
J2-970,ASNAP,2017/07/28 00:47:45,44.37419925,-124.95628476,658.986478,1610.114862,271.08,-9.6,3.4,0.00,195.47,195.47,HMR2300,-4280.0,-15246.7,48666.7,51178.4,,,,,,,,RR1713,,
J2-970,ASNAP,2017/07/28 00:47:50,44.37419956,-124.95628380,659.062626,1610.148639,273.57,-9.6,4.5,0.00,195.43,195.43,HMR2300,-4613.3,-16093.3,48340.0,51157.0,,,,,,,,RR1713,,
J2-970,EVT,2017/07/28 00:47:54,44.37419979,-124.95628307,659.121154,1610.175157,278.05,-10.3,5.6,0.00,195.35,195.35,HMR2300,-7806.7,-16133.3,47840.0,51087.1,,,,,,,,RR1713,DLG,TXT: Preparing to plug the connector into dummy plug USR:eventlogger
J2-970,ASNAP,2017/07/28 00:47:55,44.37419985,-124.95628289,659.135446,1610.181712,280.20,-10.8,4.2,0.00,195.34,195.34,HMR2300,-8340.0,-15340.0,47966.7,51045.8,,,,,,,,RR1713,,
J2-970,ASNAP,2017/07/28 00:48:00,44.37420014,-124.95628202,659.204867,1610.214028,261.72,-9.1,3.8,0.00,195.41,195.41,HMR2300,1820.0,-12413.3,49460.0,51026.4,,,,,,,,RR1713,,
J2-970,ASNAP,2017/07/28 00:48:05,44.37420043,-124.95628119,659.270933,1610.245581,248.69,-10.2,4.6,0.00,195.81,195.81,HMR2300,2173.3,-12500.0,49460.0,51061.4,,,,,,,,RR1713,,
J2-970,ASNAP,2017/07/28 00:48:10,44.37420071,-124.95628040,659.333682,1610.276360,265.78,-9.9,5.6,0.00,195.97,195.97,HMR2300,-2780.0,-15900.0,48580.0,51191.4,,,,,,,,RR1713,,
J2-970,ASNAP,2017/07/28 00:48:15,44.37420098,-124.95627966,659.393129,1610.306340,266.59,-10.1,6.2,0.00,196.14,196.14,HMR2300,-1646.7,-16220.0,48706.7,51362.8,,,,,,,,RR1713,,
J2-970,ASNAP,2017/07/28 00:48:20,44.37420124,-124.95627895,659.449274,1610.335483,258.63,-9.6,5.9,0.00,196.13,196.13,HMR2300,380.0,-14726.7,49180.0,51339.0,,,,,,,,RR1713,,
J2-970,ASNAP,2017/07/28 00:48:25,44.37420149,-124.95627829,659.502104,1610.363745,261.17,-9.7,5.6,0.00,195.92,195.92,HMR2300,-626.7,-15020.0,49246.7,51490.1,,,,,,,,RR1713,,
J2-970,ASNAP,2017/07/28 00:48:30,44.37420174,-124.95627767,659.551693,1610.391128,263.00,-9.9,5.5,0.00,195.90,195.9,HMR2300,-1626.7,-15173.3,48940.0,51264.0,,,,,,,,RR1713,,
J2-970,ASNAP,2017/07/28 00:48:35,44.37420198,-124.95627708,659.598257,1610.417709,269.97,-10.0,5.1,0.00,196.00,196,HMR2300,-4040.0,-15460.0,48680.0,51235.5,,,,,,,,RR1713,,
J2-970,ASNAP,2017/07/28 00:48:40,44.37420221,-124.95627654,659.641950,1610.443536,281.64,-10.9,5.4,0.00,196.12,196.12,HMR2300,-9373.3,-17646.7,47186.7,51243.0,,,,,,,,RR1713,,
J2-970,ASNAP,2017/07/28 00:48:45,44.37420244,-124.95627602,659.682814,1610.468593,286.91,-11.8,5.1,0.00,196.22,196.22,HMR2300,-11560.0,-16826.7,46886.7,51138.3,,,,,,,,RR1713,,
J2-970,ASNAP,2017/07/28 00:48:50,44.37420265,-124.95627555,659.720869,1610.492846,298.09,-10.9,4.7,0.00,196.11,196.11,HMR2300,-14506.7,-15820.0,46273.3,51009.2,,,,,,,,RR1713,,
J2-970,ASNAP,2017/07/28 00:48:55,44.37420286,-124.95627510,659.756108,1610.516243,300.77,-11.4,4.3,0.00,196.17,196.17,HMR2300,-15640.0,-15860.0,45880.0,51001.2,,,,,,,,RR1713,,
J2-970,ASNAP,2017/07/28 00:49:00,44.37420307,-124.95627470,659.788563,1610.538751,289.72,-11.9,5.6,0.00,196.16,196.16,HMR2300,-11446.7,-16926.7,46960.0,51213.1,,,,,,,,RR1713,,
J2-970,ASNAP,2017/07/28 00:49:05,44.37420326,-124.95627432,659.818323,1610.560368,285.34,-12.1,5.0,0.00,196.12,196.12,HMR2300,-10386.7,-16840.0,46940.0,50939.5,,,,,,,,RR1713,,
J2-970,ASNAP,2017/07/28 00:49:10,44.37420345,-124.95627398,659.845476,1610.581092,279.70,-11.6,4.8,0.00,196.17,196.17,HMR2300,-8493.3,-16360.0,47873.3,51299.5,,,,,,,,RR1713,,
J2-970,ASNAP,2017/07/28 00:49:15,44.37420363,-124.95627367,659.870110,1610.600911,284.09,-10.6,3.8,0.00,196.14,196.14,HMR2300,-8853.3,-15833.3,47740.0,51070.4,,,,,,,,RR1713,,
J2-970,ASNAP,2017/07/28 00:49:20,44.37420380,-124.95627339,659.892307,1610.619811,283.33,-10.4,3.3,0.00,196.18,196.18,HMR2300,-8960.0,-15873.3,47926.7,51275.8,,,,,,,,RR1713,,
J2-970,ASNAP,2017/07/28 00:49:25,44.37420396,-124.95627315,659.912147,1610.637771,279.04,-10.6,2.3,0.00,196.27,196.27,HMR2300,-7713.3,-14166.7,48446.7,51061.4,,,,,,,,RR1713,,
J2-970,ASNAP,2017/07/28 00:49:30,44.37420411,-124.95627293,659.929747,1610.654807,282.38,-11.1,1.6,0.00,196.50,196.5,HMR2300,-8846.7,-13166.7,48246.7,50787.5,,,,,,,,RR1713,,
J2-970,ASNAP,2017/07/28 00:49:35,44.37420426,-124.95627273,659.945268,1610.670978,283.34,-12.6,1.2,0.00,196.48,196.48,HMR2300,-11000.0,-14273.3,47733.3,51021.6,,,,,,,,RR1713,,
J2-970,ASNAP,2017/07/28 00:49:40,44.37420439,-124.95627256,659.958833,1610.686305,290.83,-11.7,1.1,0.00,196.38,196.38,HMR2300,-12973.3,-13546.7,47393.3,50970.1,,,,,,,,RR1713,,
J2-970,ASNAP,2017/07/28 00:49:45,44.37420452,-124.95627241,659.970517,1610.700765,297.60,-11.0,0.6,0.00,196.42,196.42,HMR2300,-14480.0,-12746.7,47053.3,50854.3,,,,,,,,RR1713,,
J2-970,ASNAP,2017/07/28 00:49:50,44.37420465,-124.95627229,659.980401,1610.714335,300.69,-11.7,0.3,0.00,196.55,196.55,HMR2300,-16226.7,-11900.0,46513.3,50679.4,,,,,,,,RR1713,,
J2-970,ASNAP,2017/07/28 00:49:55,44.37420476,-124.95627219,659.988572,1610.726995,296.59,-10.8,-0.3,0.00,196.63,196.63,HMR2300,-14153.3,-11866.7,47233.3,50716.1,,,,,,,,RR1713,,
J2-970,ASNAP,2017/07/28 00:50:00,44.37420487,-124.95627211,659.995129,1610.738736,296.80,-11.0,0.5,0.00,196.86,196.86,HMR2300,-14673.3,-13233.3,46793.3,50794.1,,,,,,,,RR1713,,
J2-970,ASNAP,2017/07/28 00:50:05,44.37420496,-124.95627204,660.000177,1610.749551,297.97,-11.0,1.5,0.00,197.16,197.16,HMR2300,-14480.0,-13833.3,46773.3,50880.0,,,,,,,,RR1713,,
J2-970,ASNAP,2017/07/28 00:50:10,44.37420505,-124.95627200,660.003822,1610.759439,297.79,-10.9,1.0,0.00,197.04,197.04,HMR2300,-14780.0,-13246.7,46780.0,50816.2,,,,,,,,RR1713,,
J2-970,EVT,2017/07/28 00:50:13,44.37420510,-124.95627198,660.005382,1610.764925,302.73,-10.6,1.0,0.00,196.85,196.85,HMR2300,-15966.7,-12413.3,46586.7,50787.2,,,,,,,,RR1713,DLG,TXT: No fouling on regular chain signifigant fouling on chain with spectra USR:eventlogger
J2-970,ASNAP,2017/07/28 00:50:15,44.37420513,-124.95627197,660.006174,1610.768396,302.04,-10.5,1.6,0.00,196.78,196.78,HMR2300,-14600.0,-14160.0,46666.7,50906.2,,,,,,,,RR1713,,
J2-970,ASNAP,2017/07/28 00:50:20,44.37420521,-124.95627195,660.007342,1610.776416,293.30,-10.5,2.3,0.00,196.76,196.76,HMR2300,-12926.7,-13573.3,47273.3,50853.7,,,,,,,,RR1713,,
J2-970,ASNAP,2017/07/28 00:50:25,44.37420527,-124.95627195,660.007433,1610.783489,300.44,-10.7,0.4,0.00,196.28,196.28,HMR2300,-15353.3,-12300.0,46666.7,50643.8,,,,,,,,RR1713,,
J2-970,ASNAP,2017/07/28 00:50:30,44.37420532,-124.95627196,660.006550,1610.789614,299.67,-11.0,1.9,0.00,196.25,196.25,HMR2300,-14293.3,-13733.3,46826.7,50849.2,,,,,,,,RR1713,,
J2-970,ASNAP,2017/07/28 00:50:35,44.37420537,-124.95627198,660.004796,1610.794803,299.14,-10.1,2.3,0.00,196.12,196.12,HMR2300,-14280.0,-12833.3,46900.0,50677.6,,,,,,,,RR1713,,
J2-970,ASNAP,2017/07/28 00:50:40,44.37420541,-124.95627202,660.002267,1610.799056,308.72,-10.6,-0.8,0.00,196.18,196.18,HMR2300,-17773.3,-10060.0,46086.7,50409.1,,,,,,,,RR1713,,
J2-970,ASNAP,2017/07/28 00:50:45,44.37420544,-124.95627206,659.999062,1610.802363,300.21,-11.5,-0.8,0.00,196.17,196.17,HMR2300,-15473.3,-10620.0,46920.0,50534.1,,,,,,,,RR1713,,
J2-970,ASNAP,2017/07/28 00:50:50,44.37420546,-124.95627210,659.995279,1610.804713,300.00,-7.9,1.4,0.00,196.32,196.32,HMR2300,-12660.0,-13000.0,47613.3,50954.0,,,,,,,,RR1713,,
J2-970,ASNAP,2017/07/28 00:50:55,44.37420547,-124.95627216,659.991021,1610.806092,297.76,-7.1,1.5,0.00,196.45,196.45,HMR2300,-11393.3,-12920.0,47926.7,50928.4,,,,,,,,RR1713,,
J2-970,ASNAP,2017/07/28 00:51:00,44.37420548,-124.95627221,659.986385,1610.806490,297.63,-9.0,0.3,0.00,196.39,196.39,HMR2300,-13733.3,-12280.0,47293.3,50754.9,,,,,,,,RR1713,,
J2-970,ASNAP,2017/07/28 00:51:05,44.37420547,-124.95627228,659.981461,1610.805903,304.95,-10.2,0.8,0.00,196.28,196.28,HMR2300,-16773.3,-12040.0,46280.0,50676.9,,,,,,,,RR1713,,
J2-970,ASNAP,2017/07/28 00:51:10,44.37420546,-124.95627234,659.976342,1610.804327,303.54,-9.7,0.2,0.00,196.35,196.35,HMR2300,-15966.7,-11833.3,46553.3,50617.9,,,,,,,,RR1713,,
J2-970,ASNAP,2017/07/28 00:51:15,44.37420543,-124.95627241,659.971123,1610.801760,298.53,-10.6,0.9,0.00,196.62,196.62,HMR2300,-14726.7,-13226.7,46793.3,50807.8,,,,,,,,RR1713,,
J2-970,ASNAP,2017/07/28 00:51:20,44.37420540,-124.95627247,659.965894,1610.798204,305.89,-10.4,2.6,0.00,196.59,196.59,HMR2300,-15940.0,-14020.0,46200.0,50843.7,,,,,,,,RR1713,,
J2-970,ASNAP,2017/07/28 00:51:25,44.37420536,-124.95627254,659.960742,1610.793658,278.99,-11.0,1.4,0.00,196.62,196.62,HMR2300,-7146.7,-13053.3,48806.7,51025.0,,,,,,,,RR1713,,
J2-970,ASNAP,2017/07/28 00:51:30,44.37420531,-124.95627260,659.955741,1610.788114,271.20,-11.0,1.2,0.00,196.74,196.74,HMR2300,-5220.0,-12680.0,49066.7,50946.7,,,,,,,,RR1713,,
J2-970,ASNAP,2017/07/28 00:51:35,44.37420525,-124.95627266,659.950956,1610.781553,273.36,-10.3,0.8,0.00,196.53,196.53,HMR2300,-5233.3,-13500.0,48986.7,51081.6,,,,,,,,RR1713,,
J2-970,ASNAP,2017/07/28 00:51:40,44.37420518,-124.95627272,659.946461,1610.773972,264.10,-10.1,3.0,0.00,196.41,196.41,HMR2300,-773.3,-12413.3,49540.0,51077.4,,,,,,,,RR1713,,
J2-970,ASNAP,2017/07/28 00:51:45,44.37420511,-124.95627277,659.942336,1610.765378,257.80,-10.5,3.3,0.00,196.09,196.09,HMR2300,-333.3,-12540.0,49526.7,51090.6,,,,,,,,RR1713,,
J2-970,ASNAP,2017/07/28 00:51:50,44.37420502,-124.95627281,659.938652,1610.755760,264.44,-10.3,2.0,0.00,195.75,195.75,HMR2300,-2400.0,-12260.0,49566.7,51116.7,,,,,,,,RR1713,,
J2-970,ASNAP,2017/07/28 00:51:55,44.37420492,-124.95627285,659.935471,1610.745094,264.03,-10.7,1.8,0.00,195.83,195.83,HMR2300,-1893.3,-11206.7,49733.3,51015.5,,,,,,,,RR1713,,
J2-970,ASNAP,2017/07/28 00:52:00,44.37420482,-124.95627289,659.932857,1610.733371,253.99,-12.0,2.5,0.00,196.07,196.07,HMR2300,226.7,-10726.7,50160.0,51294.6,,,,,,,,RR1713,,
J2-970,ASNAP,2017/07/28 00:52:05,44.37420470,-124.95627291,659.930877,1610.720593,249.39,-11.1,3.1,0.00,196.14,196.14,HMR2300,1586.7,-9886.7,49893.3,50888.2,,,,,,,,RR1713,,
J2-970,ASNAP,2017/07/28 00:52:10,44.37420458,-124.95627293,659.929592,1610.706761,258.56,-10.6,1.3,0.00,195.79,195.79,HMR2300,-746.7,-10306.7,49860.0,50919.6,,,,,,,,RR1713,,
J2-970,ASNAP,2017/07/28 00:52:15,44.37420444,-124.95627293,659.929059,1610.691876,275.38,-12.2,1.6,0.00,195.80,195.8,HMR2300,-9333.3,-12933.3,48266.7,50833.6,,,,,,,,RR1713,,
J2-970,ASNAP,2017/07/28 00:52:20,44.37420430,-124.95627293,659.929332,1610.675943,267.43,-10.0,2.9,0.00,195.84,195.84,HMR2300,-2540.0,-11413.3,49500.0,50862.2,,,,,,,,RR1713,,
J2-970,ASNAP,2017/07/28 00:52:25,44.37420415,-124.95627292,659.930459,1610.658975,251.91,-6.4,1.1,0.00,195.99,195.99,HMR2300,5106.7,-8393.3,49993.3,50949.6,,,,,,,,RR1713,,
J2-970,ASNAP,2017/07/28 00:52:30,44.37420399,-124.95627289,659.932487,1610.640973,245.97,-11.6,3.3,0.00,195.85,195.85,HMR2300,2526.7,-9386.7,50066.7,51001.6,,,,,,,,RR1713,,
J2-970,ASNAP,2017/07/28 00:52:35,44.37420382,-124.95627285,659.935456,1610.621935,236.06,-10.3,3.4,0.00,195.79,195.79,HMR2300,6360.0,-6920.0,49840.0,50718.5,,,,,,,,RR1713,,
J2-970,ASNAP,2017/07/28 00:52:40,44.37420363,-124.95627280,659.939405,1610.601870,243.15,-10.6,2.7,0.00,195.89,195.89,HMR2300,3433.3,-9626.7,49920.0,50955.5,,,,,,,,RR1713,,
J2-970,ASNAP,2017/07/28 00:52:45,44.37420345,-124.95627274,659.944366,1610.580792,266.05,-10.7,2.5,0.00,196.08,196.08,HMR2300,-4480.0,-13226.7,49066.7,51015.2,,,,,,,,RR1713,,
J2-970,ASNAP,2017/07/28 00:52:50,44.37420325,-124.95627267,659.950383,1610.558682,273.16,-9.9,1.9,0.00,196.35,196.35,HMR2300,-5140.0,-12833.3,49120.0,51028.3,,,,,,,,RR1713,,
J2-970,ASNAP,2017/07/28 00:52:55,44.37420304,-124.95627258,659.957497,1610.535506,275.47,-9.7,1.7,0.00,196.21,196.21,HMR2300,-5766.7,-13593.3,48786.7,50972.3,,,,,,,,RR1713,,
J2-970,ASNAP,2017/07/28 00:53:00,44.37420282,-124.95627247,659.965744,1610.511257,277.19,-10.6,0.9,0.00,196.07,196.07,HMR2300,-6706.7,-13386.7,49060.0,51293.9,,,,,,,,RR1713,,
J2-970,ASNAP,2017/07/28 00:53:05,44.37420259,-124.95627236,659.975152,1610.485947,280.05,-10.7,1.3,0.00,196.27,196.27,HMR2300,-7666.7,-13986.7,48493.3,51049.1,,,,,,,,RR1713,,
J2-970,ASNAP,2017/07/28 00:53:10,44.37420235,-124.95627222,659.985743,1610.459594,283.92,-7.8,1.9,0.00,196.44,196.44,HMR2300,-6993.3,-13726.7,48746.7,51123.0,,,,,,,,RR1713,,
J2-970,ASNAP,2017/07/28 00:53:15,44.37420211,-124.95627207,659.997534,1610.432221,287.21,-7.8,1.3,0.00,196.48,196.48,HMR2300,-8453.3,-13280.0,48420.0,50914.8,,,,,,,,RR1713,,
J2-970,ASNAP,2017/07/28 00:53:20,44.37420185,-124.95627191,660.010538,1610.403854,289.37,-9.4,1.2,0.00,196.40,196.4,HMR2300,-10580.0,-13420.0,47920.0,50875.9,,,,,,,,RR1713,,
J2-970,ASNAP,2017/07/28 00:53:25,44.37420159,-124.95627173,660.024762,1610.374521,291.09,-9.7,1.3,0.00,196.36,196.36,HMR2300,-11280.0,-13560.0,47746.7,50900.5,,,,,,,,RR1713,,
J2-970,ASNAP,2017/07/28 00:53:30,44.37420132,-124.95627154,660.040221,1610.344229,292.43,-8.9,1.4,0.00,196.41,196.41,HMR2300,-11060.0,-13486.7,47906.7,50983.0,,,,,,,,RR1713,,
J2-970,ASNAP,2017/07/28 00:53:35,44.37420103,-124.95627133,660.056937,1610.312973,293.26,-8.6,1.4,0.00,196.44,196.44,HMR2300,-11180.0,-13513.3,47733.3,50853.5,,,,,,,,RR1713,,
J2-970,ASNAP,2017/07/28 00:53:40,44.37420074,-124.95627110,660.074934,1610.280739,293.06,-9.1,2.1,0.00,196.41,196.41,HMR2300,-11400.0,-14206.7,47413.3,50791.9,,,,,,,,RR1713,,
J2-970,ASNAP,2017/07/28 00:53:45,44.37420045,-124.95627086,660.094237,1610.247515,293.03,-9.1,2.6,0.00,196.40,196.4,HMR2300,-11320.0,-14673.3,47333.3,50832.0,,,,,,,,RR1713,,
J2-970,ASNAP,2017/07/28 00:53:50,44.37420014,-124.95627060,660.114834,1610.213343,293.51,-8.6,3.0,0.00,196.42,196.42,HMR2300,-11000.0,-14666.7,47413.3,50834.4,,,,,,,,RR1713,,
J2-970,ASNAP,2017/07/28 00:53:55,44.37419982,-124.95627033,660.136699,1610.178291,293.24,-8.5,2.8,0.00,196.42,196.42,HMR2300,-10780.0,-14606.7,47306.7,50670.3,,,,,,,,RR1713,,
J2-970,ASNAP,2017/07/28 00:54:00,44.37419950,-124.95627004,660.159825,1610.142392,292.64,-8.5,2.8,0.00,196.43,196.43,HMR2300,-10480.0,-14700.0,47300.0,50628.2,,,,,,,,RR1713,,
J2-970,ASNAP,2017/07/28 00:54:05,44.37419917,-124.95626973,660.184209,1610.105664,292.25,-8.5,3.1,0.00,196.44,196.44,HMR2300,-10506.7,-14800.0,47460.0,50812.2,,,,,,,,RR1713,,
J2-970,ASNAP,2017/07/28 00:54:10,44.37419883,-124.95626941,660.209836,1610.068141,291.57,-8.9,2.8,0.00,196.43,196.43,HMR2300,-10666.7,-14766.7,47573.3,50941.7,,,,,,,,RR1713,,
J2-970,ASNAP,2017/07/28 00:54:15,44.37419849,-124.95626908,660.236681,1610.029870,290.98,-9.1,2.8,0.00,196.43,196.43,HMR2300,-10520.0,-14626.7,47520.0,50820.9,,,,,,,,RR1713,,
J2-970,ASNAP,2017/07/28 00:54:20,44.37419814,-124.95626872,660.264693,1609.990931,290.31,-8.9,3.2,0.00,196.43,196.43,HMR2300,-10333.3,-15046.7,47573.3,50954.9,,,,,,,,RR1713,,
J2-970,ASNAP,2017/07/28 00:54:25,44.37419778,-124.95626836,660.293822,1609.951397,290.43,-8.8,3.6,0.00,196.41,196.41,HMR2300,-10606.7,-15446.7,47446.7,51012.6,,,,,,,,RR1713,,
J2-970,ASNAP,2017/07/28 00:54:30,44.37419742,-124.95626798,660.324111,1609.911221,290.58,-9.1,3.2,0.00,196.42,196.42,HMR2300,-10526.7,-15053.3,47580.0,51002.6,,,,,,,,RR1713,,
J2-970,ASNAP,2017/07/28 00:54:35,44.37419705,-124.95626758,660.355628,1609.870323,290.32,-8.8,3.1,0.00,196.43,196.43,HMR2300,-9880.0,-14920.0,47600.0,50852.5,,,,,,,,RR1713,,
J2-970,ASNAP,2017/07/28 00:54:40,44.37419668,-124.95626717,660.388376,1609.828708,288.61,-8.8,3.3,0.00,196.44,196.44,HMR2300,-9553.3,-15000.0,47640.0,50851.1,,,,,,,,RR1713,,
J2-970,ASNAP,2017/07/28 00:54:45,44.37419630,-124.95626675,660.422327,1609.786422,288.32,-8.9,3.2,0.00,196.44,196.44,HMR2300,-9413.3,-14980.0,47793.3,50962.9,,,,,,,,RR1713,,
J2-970,ASNAP,2017/07/28 00:54:50,44.37419591,-124.95626631,660.457413,1609.743561,296.59,-11.3,3.4,0.00,196.48,196.48,HMR2300,-14646.7,-14846.7,46193.3,50683.1,,,,,,,,RR1713,,
J2-970,ASNAP,2017/07/28 00:54:55,44.37419552,-124.95626585,660.493552,1609.700234,292.77,-11.7,2.4,0.00,196.59,196.59,HMR2300,-12540.0,-13920.0,47153.3,50739.1,,,,,,,,RR1713,,
J2-970,ASNAP,2017/07/28 00:55:00,44.37419513,-124.95626539,660.530688,1609.656514,274.54,-11.5,1.8,0.00,196.80,196.8,HMR2300,-6173.3,-12940.0,48746.7,50811.3,,,,,,,,RR1713,,
J2-970,ASNAP,2017/07/28 00:55:05,44.37419473,-124.95626491,660.568777,1609.612458,273.69,-11.0,1.8,0.00,196.71,196.71,HMR2300,-6320.0,-13566.7,48626.7,50877.8,,,,,,,,RR1713,,
J2-970,ASNAP,2017/07/28 00:55:10,44.37419433,-124.95626442,660.607774,1609.568119,254.49,-10.7,1.0,0.00,196.57,196.57,HMR2300,1293.3,-9746.7,49920.0,50879.0,,,,,,,,RR1713,,
J2-970,ASNAP,2017/07/28 00:55:15,44.37419393,-124.95626392,660.647631,1609.523555,254.51,-10.8,1.4,0.00,196.58,196.58,HMR2300,53.3,-10906.7,49700.0,50882.7,,,,,,,,RR1713,,
J2-970,ASNAP,2017/07/28 00:55:20,44.37419353,-124.95626341,660.688264,1609.478862,269.29,-11.1,2.6,0.00,196.59,196.59,HMR2300,-4513.3,-13680.0,48866.7,50945.7,,,,,,,,RR1713,,
J2-970,ASNAP,2017/07/28 00:55:25,44.37419313,-124.95626289,660.729599,1609.434122,279.49,-11.3,2.5,0.00,196.60,196.6,HMR2300,-7500.0,-14413.3,48220.0,50883.8,,,,,,,,RR1713,,
J2-970,ASNAP,2017/07/28 00:55:30,44.37419272,-124.95626236,660.771670,1609.389306,282.33,-11.1,2.4,0.00,196.48,196.48,HMR2300,-9640.0,-13980.0,48013.3,50927.9,,,,,,,,RR1713,,
J2-970,ASNAP,2017/07/28 00:55:35,44.37419232,-124.95626183,660.814526,1609.344368,288.33,-10.8,1.2,0.00,196.60,196.6,HMR2300,-11600.0,-13200.0,47586.7,50727.6,,,,,,,,RR1713,,
J2-970,ASNAP,2017/07/28 00:55:40,44.37419191,-124.95626128,660.858119,1609.299365,296.76,-9.8,2.6,0.00,196.80,196.8,HMR2300,-13186.7,-14386.7,47033.3,50921.5,,,,,,,,RR1713,,
J2-970,ASNAP,2017/07/28 00:55:45,44.37419151,-124.95626073,660.902371,1609.254390,303.28,-9.9,1.4,0.00,196.89,196.89,HMR2300,-15173.3,-13880.0,46393.3,50746.7,,,,,,,,RR1713,,
J2-970,ASNAP,2017/07/28 00:55:50,44.37419110,-124.95626016,660.947187,1609.209548,292.09,-10.9,1.7,0.00,196.91,196.91,HMR2300,-11660.0,-14673.3,47306.7,50884.0,,,,,,,,RR1713,,
J2-970,ASNAP,2017/07/28 00:55:55,44.37419070,-124.95625959,660.992476,1609.164942,284.76,-10.1,2.3,0.00,196.76,196.76,HMR2300,-9393.3,-14320.0,47966.7,50932.3,,,,,,,,RR1713,,
J2-970,ASNAP,2017/07/28 00:56:00,44.37419030,-124.95625902,661.038167,1609.120650,286.00,-13.0,1.5,0.00,196.50,196.5,HMR2300,-12000.0,-14033.3,47366.7,50838.3,,,,,,,,RR1713,,
J2-970,ASNAP,2017/07/28 00:56:05,44.37418991,-124.95625844,661.084196,1609.076745,281.99,-9.8,2.2,0.00,196.53,196.53,HMR2300,-7426.7,-14126.7,48240.0,50811.6,,,,,,,,RR1713,,
J2-970,ASNAP,2017/07/28 00:56:10,44.37418952,-124.95625786,661.130488,1609.033307,276.02,-6.7,2.1,0.00,196.78,196.78,HMR2300,-2826.7,-13540.0,49120.0,51030.3,,,,,,,,RR1713,,
J2-970,ASNAP,2017/07/28 00:56:15,44.37418913,-124.95625728,661.176956,1608.990427,274.69,-9.3,1.9,0.00,196.82,196.82,HMR2300,-4913.3,-13640.0,48880.0,50984.8,,,,,,,,RR1713,,
J2-970,ASNAP,2017/07/28 00:56:20,44.37418875,-124.95625670,661.223484,1608.948221,277.04,-9.0,2.2,0.00,196.82,196.82,HMR2300,-5486.7,-13926.7,48760.0,51005.8,,,,,,,,RR1713,,
J2-970,ASNAP,2017/07/28 00:56:25,44.37418838,-124.95625611,661.269983,1608.906782,277.62,-8.9,2.3,0.00,196.84,196.84,HMR2300,-5766.7,-13960.0,48566.7,50861.2,,,,,,,,RR1713,,
J2-970,ASNAP,2017/07/28 00:56:30,44.37418801,-124.95625553,661.316498,1608.866085,278.31,-9.0,2.3,0.00,196.83,196.83,HMR2300,-5940.0,-13966.7,48640.0,50952.9,,,,,,,,RR1713,,
J2-970,ASNAP,2017/07/28 00:56:35,44.37418765,-124.95625495,661.363078,1608.826103,278.74,-8.9,2.2,0.00,196.84,196.84,HMR2300,-6013.3,-14026.7,48626.7,50965.3,,,,,,,,RR1713,,
J2-970,ASNAP,2017/07/28 00:56:40,44.37418730,-124.95625436,661.409673,1608.786897,278.40,-9.0,2.7,0.00,196.84,196.84,HMR2300,-5853.3,-14406.7,48540.0,50970.0,,,,,,,,RR1713,,
J2-970,ASNAP,2017/07/28 00:56:45,44.37418696,-124.95625378,661.456204,1608.748558,278.01,-8.7,2.8,0.00,196.86,196.86,HMR2300,-5540.0,-14460.0,48346.7,50766.0,,,,,,,,RR1713,,
J2-970,ASNAP,2017/07/28 00:56:50,44.37418662,-124.95625320,661.502558,1608.711203,277.66,-8.5,3.0,0.00,196.87,196.87,HMR2300,-5260.0,-14426.7,48586.7,50955.5,,,,,,,,RR1713,,
J2-970,ASNAP,2017/07/28 00:56:55,44.37418629,-124.95625262,661.548627,1608.674940,277.27,-9.0,2.7,0.00,196.86,196.86,HMR2300,-5560.0,-14340.0,48586.7,50962.9,,,,,,,,RR1713,,
J2-970,ASNAP,2017/07/28 00:57:00,44.37418598,-124.95625205,661.594343,1608.639847,277.08,-9.6,2.6,0.00,196.83,196.83,HMR2300,-5920.0,-14166.7,48653.3,51018.5,,,,,,,,RR1713,,
J2-970,ASNAP,2017/07/28 00:57:05,44.37418567,-124.95625148,661.639639,1608.605997,276.65,-9.5,2.6,0.00,196.84,196.84,HMR2300,-5873.3,-14286.7,48446.7,50849.6,,,,,,,,RR1713,,
J2-970,ASNAP,2017/07/28 00:57:10,44.37418538,-124.95625092,661.684426,1608.573477,276.74,-9.5,2.8,0.00,196.83,196.83,HMR2300,-5873.3,-14460.0,48540.0,50987.4,,,,,,,,RR1713,,
J2-970,ASNAP,2017/07/28 00:57:15,44.37418510,-124.95625036,661.728615,1608.542373,276.81,-9.7,2.7,0.00,196.83,196.83,HMR2300,-5986.7,-14313.3,48593.3,51010.0,,,,,,,,RR1713,,
J2-970,ASNAP,2017/07/28 00:57:20,44.37418483,-124.95624982,661.772133,1608.512755,276.93,-9.3,2.9,0.00,196.83,196.83,HMR2300,-5813.3,-14533.3,48606.7,51064.9,,,,,,,,RR1713,,
J2-970,ASNAP,2017/07/28 00:57:25,44.37418458,-124.95624928,661.814943,1608.484672,277.35,-9.3,2.7,0.00,196.85,196.85,HMR2300,-5873.3,-14326.7,48466.7,50879.9,,,,,,,,RR1713,,
J2-970,ASNAP,2017/07/28 00:57:30,44.37418434,-124.95624875,661.857106,1608.458109,277.94,-9.1,2.7,0.00,196.86,196.86,HMR2300,-5973.3,-14386.7,48526.7,50965.6,,,,,,,,RR1713,,
J2-970,ASNAP,2017/07/28 00:57:35,44.37418412,-124.95624823,661.898668,1608.433067,278.37,-9.0,2.8,0.00,196.87,196.87,HMR2300,-5973.3,-14426.7,48540.0,50989.6,,,,,,,,RR1713,,
J2-970,ASNAP,2017/07/28 00:57:40,44.37418391,-124.95624771,661.939579,1608.409605,278.33,-9.5,2.7,0.00,196.85,196.85,HMR2300,-6306.7,-14333.3,48593.3,51054.2,,,,,,,,RR1713,,
J2-970,ASNAP,2017/07/28 00:57:45,44.37418371,-124.95624721,661.979767,1608.387798,278.49,-9.6,2.5,0.00,196.85,196.85,HMR2300,-6406.7,-14460.0,48346.7,50867.8,,,,,,,,RR1713,,
J2-970,ASNAP,2017/07/28 00:57:50,44.37418353,-124.95624672,662.019149,1608.367722,277.45,-9.1,2.9,0.00,196.87,196.87,HMR2300,-5760.0,-14600.0,48526.7,51001.7,,,,,,,,RR1713,,
J2-970,ASNAP,2017/07/28 00:57:55,44.37418336,-124.95624623,662.057652,1608.349443,277.61,-9.2,3.0,0.00,196.87,196.87,HMR2300,-5813.3,-14600.0,48526.7,51007.8,,,,,,,,RR1713,,
J2-970,ASNAP,2017/07/28 00:58:00,44.37418322,-124.95624576,662.095240,1608.333003,277.56,-9.5,2.9,0.00,196.85,196.85,HMR2300,-6053.3,-14406.7,48580.0,51031.5,,,,,,,,RR1713,,
J2-970,ASNAP,2017/07/28 00:58:05,44.37418309,-124.95624530,662.131881,1608.318437,277.33,-9.5,2.7,0.00,196.85,196.85,HMR2300,-6066.7,-14460.0,48420.0,50895.9,,,,,,,,RR1713,,
J2-970,ASNAP,2017/07/28 00:58:10,44.37418297,-124.95624486,662.167540,1608.305776,277.30,-9.3,2.8,0.00,196.86,196.86,HMR2300,-5886.7,-14500.0,48546.7,51006.7,,,,,,,,RR1713,,
J2-970,ASNAP,2017/07/28 00:58:15,44.37418287,-124.95624442,662.202177,1608.295046,277.07,-9.4,3.0,0.00,196.86,196.86,HMR2300,-5713.3,-14413.3,48633.3,51045.0,,,,,,,,RR1713,,
J2-970,ASNAP,2017/07/28 00:58:20,44.37418280,-124.95624400,662.235741,1608.286274,277.48,-9.4,2.8,0.00,196.85,196.85,HMR2300,-5900.0,-14426.7,48613.3,51050.9,,,,,,,,RR1713,,
J2-970,ASNAP,2017/07/28 00:58:25,44.37418273,-124.95624359,662.268221,1608.279473,276.06,-9.0,3.0,0.00,196.88,196.88,HMR2300,-4880.0,-14513.3,48620.0,50974.1,,,,,,,,RR1713,,
J2-970,ASNAP,2017/07/28 00:58:30,44.37418269,-124.95624320,662.299694,1608.274642,274.36,-9.0,2.7,0.00,196.91,196.91,HMR2300,-4753.3,-14173.3,48766.7,51006.5,,,,,,,,RR1713,,
J2-970,ASNAP,2017/07/28 00:58:35,44.37418267,-124.95624281,662.330224,1608.271782,275.05,-9.6,2.7,0.00,196.88,196.88,HMR2300,-5286.7,-14193.3,48700.0,51000.9,,,,,,,,RR1713,,
J2-970,ASNAP,2017/07/28 00:58:40,44.37418266,-124.95624244,662.359815,1608.270910,274.32,-9.8,2.6,0.00,196.85,196.85,HMR2300,-5146.7,-14013.3,48793.3,51026.0,,,,,,,,RR1713,,
J2-970,ASNAP,2017/07/28 00:58:45,44.37418267,-124.95624208,662.388445,1608.272037,275.24,-9.6,2.5,0.00,196.87,196.87,HMR2300,-5193.3,-14166.7,48673.3,50958.4,,,,,,,,RR1713,,
J2-970,ASNAP,2017/07/28 00:58:50,44.37418270,-124.95624174,662.416058,1608.275164,274.93,-9.1,3.1,0.00,196.89,196.89,HMR2300,-4846.7,-14420.0,48680.0,51001.7,,,,,,,,RR1713,,
J2-970,ASNAP,2017/07/28 00:58:55,44.37418274,-124.95624141,662.442606,1608.280283,274.89,-9.4,2.5,0.00,196.88,196.88,HMR2300,-5053.3,-14026.7,48773.3,51001.2,,,,,,,,RR1713,,
J2-970,ASNAP,2017/07/28 00:59:00,44.37418281,-124.95624109,662.468072,1608.287369,274.91,-9.7,2.8,0.00,196.87,196.87,HMR2300,-5226.7,-14320.0,48726.7,51055.5,,,,,,,,RR1713,,
J2-970,ASNAP,2017/07/28 00:59:05,44.37418289,-124.95624078,662.492475,1608.296408,275.21,-9.6,2.2,0.00,196.89,196.89,HMR2300,-5266.7,-13660.0,48766.7,50916.8,,,,,,,,RR1713,,
J2-970,ASNAP,2017/07/28 00:59:10,44.37418299,-124.95624049,662.515901,1608.307404,275.28,-8.9,2.6,0.00,196.94,196.94,HMR2300,-4720.0,-14280.0,48740.0,51007.7,,,,,,,,RR1713,,
J2-970,ASNAP,2017/07/28 00:59:15,44.37418310,-124.95624020,662.538413,1608.320351,275.36,-8.9,2.7,0.00,196.94,196.94,HMR2300,-4793.3,-14093.3,48800.0,51020.0,,,,,,,,RR1713,,
J2-970,ASNAP,2017/07/28 00:59:20,44.37418324,-124.95623993,662.560010,1608.335215,275.07,-9.3,2.7,0.00,196.90,196.9,HMR2300,-4960.0,-13986.7,48833.3,51038.4,,,,,,,,RR1713,,
J2-970,ASNAP,2017/07/28 00:59:25,44.37418339,-124.95623967,662.580701,1608.351967,275.49,-10.9,3.0,0.00,196.91,196.91,HMR2300,-7080.0,-13906.7,48433.3,50885.3,,,,,,,,RR1713,,
J2-970,ASNAP,2017/07/28 00:59:30,44.37418355,-124.95623942,662.600528,1608.370594,276.83,-11.2,2.2,0.00,197.11,197.11,HMR2300,-7413.3,-13920.0,48440.0,50942.7,,,,,,,,RR1713,,
J2-970,ASNAP,2017/07/28 00:59:35,44.37418374,-124.95623919,662.619522,1608.391068,274.58,-11.9,1.7,0.00,197.31,197.31,HMR2300,-6820.0,-12920.0,48740.0,50882.5,,,,,,,,RR1713,,
J2-970,ASNAP,2017/07/28 00:59:40,44.37418394,-124.95623896,662.637693,1608.413324,276.00,-11.5,0.8,0.00,197.27,197.27,HMR2300,-7740.0,-12706.7,48640.0,50864.7,,,,,,,,RR1713,,
J2-970,ASNAP,2017/07/28 00:59:45,44.37418415,-124.95623874,662.655060,1608.437305,275.57,-10.6,1.1,0.00,197.11,197.11,HMR2300,-6493.3,-13173.3,48633.3,50802.6,,,,,,,,RR1713,,
J2-970,ASNAP,2017/07/28 00:59:50,44.37418439,-124.95623853,662.671665,1608.462967,276.13,-10.2,1.7,0.00,196.98,196.98,HMR2300,-6580.0,-13353.3,48866.7,51083.8,,,,,,,,RR1713,,
J2-970,ASNAP,2017/07/28 00:59:55,44.37418463,-124.95623833,662.687550,1608.490259,276.09,-10.6,2.0,0.00,196.96,196.96,HMR2300,-6480.0,-13500.0,48726.7,50975.8,,,,,,,,RR1713,,
J2-970,ASNAP,2017/07/28 01:00:00,44.37418489,-124.95623814,662.702753,1608.519117,275.59,-11.2,2.2,0.00,196.84,196.84,HMR2300,-6793.3,-13320.0,48626.7,50873.6,,,,,,,,RR1713,,
J2-970,ASNAP,2017/07/28 01:00:05,44.37418516,-124.95623796,662.717316,1608.549481,274.74,-11.8,1.8,0.00,196.76,196.76,HMR2300,-6680.0,-12973.3,48626.7,50768.9,,,,,,,,RR1713,,
J2-970,ASNAP,2017/07/28 01:00:10,44.37418545,-124.95623778,662.731285,1608.581295,276.14,-11.8,1.8,0.00,196.81,196.81,HMR2300,-7460.0,-13780.0,48453.3,50924.1,,,,,,,,RR1713,,
J2-970,ASNAP,2017/07/28 01:00:15,44.37418575,-124.95623762,662.744706,1608.614495,276.75,-11.0,2.2,0.00,196.73,196.73,HMR2300,-7226.7,-14206.7,48333.3,50893.7,,,,,,,,RR1713,,
J2-970,ASNAP,2017/07/28 01:00:20,44.37418606,-124.95623745,662.757618,1608.649003,281.13,-10.5,3.4,0.00,196.66,196.66,HMR2300,-8746.7,-15280.0,48133.3,51252.3,,,,,,,,RR1713,,
J2-970,ASNAP,2017/07/28 01:00:25,44.37418638,-124.95623730,662.770070,1608.684770,280.45,-12.2,3.8,0.00,196.69,196.69,HMR2300,-10060.0,-15066.7,47640.0,50968.4,,,,,,,,RR1713,,
J2-970,ASNAP,2017/07/28 01:00:30,44.37418672,-124.95623715,662.782126,1608.721784,278.82,-13.1,2.7,0.00,196.74,196.74,HMR2300,-9513.3,-14600.0,47893.3,50965.0,,,,,,,,RR1713,,
J2-970,ASNAP,2017/07/28 01:00:35,44.37418706,-124.95623700,662.793833,1608.759988,278.40,-11.1,2.8,0.00,196.79,196.79,HMR2300,-7386.7,-14646.7,48286.7,50997.0,,,,,,,,RR1713,,
J2-970,ASNAP,2017/07/28 01:00:40,44.37418741,-124.95623686,662.805219,1608.799256,279.44,-10.6,3.3,0.00,196.70,196.7,HMR2300,-7893.3,-15046.7,48166.7,51075.8,,,,,,,,RR1713,,
J2-970,ASNAP,2017/07/28 01:00:45,44.37418777,-124.95623672,662.816315,1608.839487,281.22,-10.4,2.5,0.00,196.59,196.59,HMR2300,-8060.0,-14286.7,48333.3,51041.0,,,,,,,,RR1713,,
J2-970,ASNAP,2017/07/28 01:00:50,44.37418814,-124.95623658,662.827171,1608.880622,283.10,-9.7,2.3,0.00,196.68,196.68,HMR2300,-8206.7,-14333.3,48160.0,50913.5,,,,,,,,RR1713,,
J2-970,ASNAP,2017/07/28 01:00:55,44.37418852,-124.95623645,662.837825,1608.922583,283.22,-8.9,2.4,0.00,196.74,196.74,HMR2300,-7713.3,-14473.3,48340.0,51046.3,,,,,,,,RR1713,,
J2-970,ASNAP,2017/07/28 01:01:00,44.37418891,-124.95623632,662.848315,1608.965270,283.48,-9.2,2.4,0.00,196.74,196.74,HMR2300,-7993.3,-14333.3,48313.3,51024.7,,,,,,,,RR1713,,
J2-970,ASNAP,2017/07/28 01:01:05,44.37418930,-124.95623619,662.858669,1609.008563,283.60,-9.5,2.4,0.00,196.71,196.71,HMR2300,-8240.0,-14366.7,48266.7,51029.1,,,,,,,,RR1713,,
J2-970,ASNAP,2017/07/28 01:01:10,44.37418969,-124.95623606,662.868912,1609.052329,283.23,-9.6,2.2,0.00,196.72,196.72,HMR2300,-8273.3,-14280.0,48153.3,50902.9,,,,,,,,RR1713,,
J2-970,ASNAP,2017/07/28 01:01:15,44.37419009,-124.95623593,662.879091,1609.096533,283.03,-9.3,2.8,0.00,196.72,196.72,HMR2300,-7973.3,-15006.7,48113.3,51026.1,,,,,,,,RR1713,,
J2-970,ASNAP,2017/07/28 01:01:20,44.37419049,-124.95623580,662.889272,1609.141241,282.95,-9.6,3.1,0.00,196.71,196.71,HMR2300,-8046.7,-14880.0,48146.7,51032.0,,,,,,,,RR1713,,
J2-970,ASNAP,2017/07/28 01:01:25,44.37419090,-124.95623567,662.899502,1609.186435,282.09,-9.8,3.0,0.00,196.69,196.69,HMR2300,-7626.7,-14820.0,48206.7,51006.7,,,,,,,,RR1713,,
J2-970,ASNAP,2017/07/28 01:01:30,44.37419131,-124.95623554,662.909801,1609.231985,279.42,-9.1,3.1,0.00,196.72,196.72,HMR2300,-6233.3,-14813.3,48313.3,50916.3,,,,,,,,RR1713,,
J2-970,ASNAP,2017/07/28 01:01:35,44.37419172,-124.95623541,662.920183,1609.277755,275.57,-8.7,2.9,0.00,196.75,196.75,HMR2300,-4733.3,-14260.0,48740.0,51003.3,,,,,,,,RR1713,,
J2-970,ASNAP,2017/07/28 01:01:40,44.37419213,-124.95623528,662.930664,1609.323608,273.91,-9.2,2.9,0.00,196.76,196.76,HMR2300,-4206.7,-14180.0,48833.3,51024.1,,,,,,,,RR1713,,
J2-970,ASNAP,2017/07/28 01:01:45,44.37419254,-124.95623515,662.941262,1609.369440,268.04,-9.0,2.9,0.00,196.76,196.76,HMR2300,-1993.3,-13573.3,49200.0,51076.9,,,,,,,,RR1713,,
J2-970,ASNAP,2017/07/28 01:01:50,44.37419296,-124.95623502,662.952002,1609.415180,266.04,-9.1,2.8,0.00,196.76,196.76,HMR2300,-1906.7,-13280.0,49086.7,50887.1,,,,,,,,RR1713,,
J2-970,ASNAP,2017/07/28 01:01:55,44.37419337,-124.95623488,662.962902,1609.460733,267.21,-9.9,2.5,0.00,196.74,196.74,HMR2300,-2900.0,-13480.0,49140.0,51037.8,,,,,,,,RR1713,,
J2-970,ASNAP,2017/07/28 01:02:00,44.37419377,-124.95623474,662.973969,1609.505979,267.97,-10.1,3.4,0.00,196.70,196.7,HMR2300,-3266.7,-13726.7,49086.7,51074.4,,,,,,,,RR1713,,
J2-970,ASNAP,2017/07/28 01:02:05,44.37419418,-124.95623460,662.985204,1609.550783,268.29,-9.8,2.2,0.00,196.70,196.7,HMR2300,-2980.0,-13126.7,49273.3,51078.9,,,,,,,,RR1713,,
J2-970,ASNAP,2017/07/28 01:02:10,44.37419457,-124.95623446,662.996605,1609.595000,268.25,-9.4,2.6,0.00,196.74,196.74,HMR2300,-2720.0,-13513.3,49133.3,51030.3,,,,,,,,RR1713,,
J2-970,ASNAP,2017/07/28 01:02:15,44.37419497,-124.95623431,663.008196,1609.638601,267.10,-9.8,1.1,0.00,196.76,196.76,HMR2300,-2706.7,-12753.3,49280.0,50975.4,,,,,,,,RR1713,,
J2-970,ASNAP,2017/07/28 01:02:20,44.37419535,-124.95623416,663.020025,1609.681648,267.76,-9.6,2.9,0.00,196.76,196.76,HMR2300,-2606.7,-13926.7,49126.7,51129.0,,,,,,,,RR1713,,
J2-970,ASNAP,2017/07/28 01:02:25,44.37419574,-124.95623401,663.032115,1609.724109,267.72,-9.5,3.2,0.00,196.74,196.74,HMR2300,-2633.3,-13066.7,49293.3,51063.7,,,,,,,,RR1713,,
J2-970,ASNAP,2017/07/28 01:02:30,44.37419611,-124.95623386,663.044461,1609.765858,265.02,-9.7,1.2,0.00,196.74,196.74,HMR2300,-1893.3,-11653.3,49520.0,50907.9,,,,,,,,RR1713,,
J2-970,ASNAP,2017/07/28 01:02:35,44.37419648,-124.95623370,663.057052,1609.806753,265.71,-9.8,1.8,0.00,196.75,196.75,HMR2300,-2260.0,-12900.0,49320.0,51029.2,,,,,,,,RR1713,,
J2-970,ASNAP,2017/07/28 01:02:40,44.37419684,-124.95623354,663.069870,1609.846642,266.33,-9.9,2.0,0.00,196.75,196.75,HMR2300,-2586.7,-12926.7,49320.0,51051.5,,,,,,,,RR1713,,
J2-970,ASNAP,2017/07/28 01:02:45,44.37419719,-124.95623337,663.082906,1609.885405,266.53,-10.0,2.3,0.00,196.75,196.75,HMR2300,-2680.0,-12786.7,49380.0,51079.0,,,,,,,,RR1713,,
J2-970,ASNAP,2017/07/28 01:02:50,44.37419752,-124.95623321,663.096155,1609.922954,266.85,-10.0,2.2,0.00,196.73,196.73,HMR2300,-3033.3,-12640.0,49273.3,50959.1,,,,,,,,RR1713,,
J2-970,ASNAP,2017/07/28 01:02:55,44.37419785,-124.95623304,663.109607,1609.959189,268.41,-9.7,2.1,0.00,196.74,196.74,HMR2300,-3160.0,-13333.3,49180.0,51053.3,,,,,,,,RR1713,,
J2-970,ASNAP,2017/07/28 01:03:00,44.37419816,-124.95623287,663.123249,1609.994009,268.63,-9.6,2.6,0.00,196.76,196.76,HMR2300,-3080.0,-13193.3,49233.3,51063.4,,,,,,,,RR1713,,
J2-970,ASNAP,2017/07/28 01:03:05,44.37419846,-124.95623269,663.137056,1610.027292,267.69,-9.8,2.1,0.00,196.74,196.74,HMR2300,-2853.3,-12786.7,49346.7,51056.2,,,,,,,,RR1713,,
J2-970,EVT,2017/07/28 01:03:07,44.37419858,-124.95623262,663.142618,1610.040145,267.30,-9.9,2.3,0.00,196.75,196.75,HMR2300,-2746.7,-13126.7,49266.7,51059.4,,,,,,,,RR1713,DLG,TXT: Plug is connected now USR:eventlogger
J2-970,ASNAP,2017/07/28 01:03:10,44.37419875,-124.95623252,663.150999,1610.058912,267.17,-9.9,1.4,0.00,196.76,196.76,HMR2300,-2760.0,-12293.3,49366.7,50949.1,,,,,,,,RR1713,,
J2-970,ASNAP,2017/07/28 01:03:15,44.37419902,-124.95623234,663.165083,1610.088818,267.35,-11.4,2.3,0.00,196.74,196.74,HMR2300,-4360.0,-13620.0,49353.3,51383.5,,,,,,,,RR1713,,
J2-970,ASNAP,2017/07/28 01:03:20,44.37419927,-124.95623216,663.179336,1610.117004,268.42,-14.5,3.1,0.00,196.46,196.46,HMR2300,-7353.3,-13880.0,48480.0,50961.1,,,,,,,,RR1713,,
J2-970,ASNAP,2017/07/28 01:03:25,44.37419951,-124.95623198,663.193762,1610.143410,267.61,-14.6,3.1,0.00,196.35,196.35,HMR2300,-6700.0,-13713.3,48633.3,50972.0,,,,,,,,RR1713,,
J2-970,ASNAP,2017/07/28 01:03:30,44.37419973,-124.95623180,663.208346,1610.167934,267.73,-12.3,2.4,0.00,196.50,196.5,HMR2300,-4866.7,-13293.3,49060.0,51061.5,,,,,,,,RR1713,,
J2-970,ASNAP,2017/07/28 01:03:35,44.37419993,-124.95623162,663.223057,1610.190449,267.33,-11.5,2.4,0.00,196.59,196.59,HMR2300,-4133.3,-13453.3,49126.7,51102.9,,,,,,,,RR1713,,
J2-970,ASNAP,2017/07/28 01:03:40,44.37420012,-124.95623143,663.237851,1610.210810,267.34,-12.0,3.1,0.00,196.57,196.57,HMR2300,-4993.3,-13873.3,48853.3,51029.9,,,,,,,,RR1713,,
J2-970,ASNAP,2017/07/28 01:03:45,44.37420028,-124.95623124,663.252703,1610.228910,268.99,-10.6,2.3,0.00,196.60,196.6,HMR2300,-3773.3,-13033.3,49140.0,50978.9,,,,,,,,RR1713,,
J2-970,ASNAP,2017/07/28 01:03:50,44.37420042,-124.95623106,663.267596,1610.244659,268.05,-8.7,1.9,0.00,196.79,196.79,HMR2300,-2060.0,-12886.7,49340.0,51036.7,,,,,,,,RR1713,,
J2-970,ASNAP,2017/07/28 01:03:55,44.37420054,-124.95623087,663.282503,1610.257967,267.46,-9.2,2.2,0.00,196.79,196.79,HMR2300,-2373.3,-13153.3,49280.0,51060.4,,,,,,,,RR1713,,
J2-970,ASNAP,2017/07/28 01:04:00,44.37420064,-124.95623068,663.297391,1610.268738,267.59,-10.4,2.3,0.00,196.71,196.71,HMR2300,-3440.0,-12840.0,49266.7,51028.5,,,,,,,,RR1713,,
J2-970,ASNAP,2017/07/28 01:04:05,44.37420071,-124.95623050,663.312227,1610.276886,267.86,-10.2,1.3,0.00,196.72,196.72,HMR2300,-3246.7,-12333.3,49280.0,50903.5,,,,,,,,RR1713,,
J2-970,ASNAP,2017/07/28 01:04:10,44.37420076,-124.95623031,663.326983,1610.282328,268.17,-9.4,1.6,0.00,196.78,196.78,HMR2300,-2846.7,-12553.3,49326.7,50978.5,,,,,,,,RR1713,,
J2-970,ASNAP,2017/07/28 01:04:15,44.37420078,-124.95623013,663.341669,1610.284983,268.20,-9.4,0.8,0.00,196.83,196.83,HMR2300,-2673.3,-11793.3,49486.7,50942.7,,,,,,,,RR1713,,
J2-970,ASNAP,2017/07/28 01:04:20,44.37420078,-124.95622994,663.356310,1610.284772,267.68,-8.6,2.6,0.00,196.87,196.87,HMR2300,-1686.7,-13600.0,49280.0,51150.0,,,,,,,,RR1713,,
J2-970,ASNAP,2017/07/28 01:04:25,44.37420075,-124.95622976,663.370895,1610.281599,268.06,-9.6,2.6,0.00,196.76,196.76,HMR2300,-3040.0,-13080.0,49200.0,50999.7,,,,,,,,RR1713,,
J2-970,ASNAP,2017/07/28 01:04:30,44.37420070,-124.95622958,663.385388,1610.275364,268.19,-10.4,1.9,0.00,196.71,196.71,HMR2300,-3640.0,-12886.7,49173.3,50964.0,,,,,,,,RR1713,,
J2-970,ASNAP,2017/07/28 01:04:35,44.37420061,-124.95622940,663.399756,1610.265977,267.71,-10.0,1.6,0.00,196.72,196.72,HMR2300,-2933.3,-12633.3,49326.7,51003.2,,,,,,,,RR1713,,
J2-970,ASNAP,2017/07/28 01:04:40,44.37420050,-124.95622922,663.413963,1610.253351,266.92,-9.5,2.2,0.00,196.76,196.76,HMR2300,-2346.7,-12826.7,49320.0,51014.6,,,,,,,,RR1713,,
J2-970,EVT,2017/07/28 01:04:41,44.37420047,-124.95622919,663.416783,1610.250431,266.92,-9.6,2.2,0.00,196.77,196.77,HMR2300,-2466.7,-13026.7,49306.7,51058.1,,,,,,,,RR1713,DLG,TXT: Still attempting to connect cable to dummy plug USR:eventlogger
J2-970,ASNAP,2017/07/28 01:04:45,44.37420035,-124.95622904,663.427984,1610.237410,266.21,-9.9,1.6,0.00,196.76,196.76,HMR2300,-2540.0,-12313.3,49386.7,50961.9,,,,,,,,RR1713,,
J2-970,ASNAP,2017/07/28 01:04:50,44.37420018,-124.95622887,663.441798,1610.218081,267.83,-10.2,2.1,0.00,196.73,196.73,HMR2300,-3440.0,-12986.7,49206.7,51007.7,,,,,,,,RR1713,,
J2-970,ASNAP,2017/07/28 01:04:55,44.37419998,-124.95622870,663.455385,1610.195303,268.92,-9.7,2.2,0.00,196.74,196.74,HMR2300,-3100.0,-13273.3,49206.7,51059.6,,,,,,,,RR1713,,
J2-970,ASNAP,2017/07/28 01:05:00,44.37419974,-124.95622853,663.468724,1610.169029,267.57,-9.2,2.4,0.00,196.79,196.79,HMR2300,-2246.7,-13120.0,49260.0,51026.8,,,,,,,,RR1713,,
J2-970,ASNAP,2017/07/28 01:05:05,44.37419947,-124.95622837,663.481786,1610.139231,267.14,-9.4,2.3,0.00,196.78,196.78,HMR2300,-2380.0,-12993.3,49260.0,51000.4,,,,,,,,RR1713,,
J2-970,ASNAP,2017/07/28 01:05:10,44.37419917,-124.95622821,663.494546,1610.105881,267.42,-9.8,2.4,0.00,196.75,196.75,HMR2300,-2866.7,-13200.0,49226.7,51046.3,,,,,,,,RR1713,,
J2-970,ASNAP,2017/07/28 01:05:15,44.37419884,-124.95622805,663.507015,1610.068844,267.54,-9.7,2.3,0.00,196.74,196.74,HMR2300,-2733.3,-12893.3,49326.7,51057.1,,,,,,,,RR1713,,
J2-970,ASNAP,2017/07/28 01:05:20,44.37419847,-124.95622790,663.519216,1610.027949,267.66,-9.6,2.0,0.00,196.76,196.76,HMR2300,-2680.0,-12820.0,49306.7,51016.5,,,,,,,,RR1713,,
J2-970,ASNAP,2017/07/28 01:05:25,44.37419807,-124.95622775,663.531143,1609.983088,267.68,-9.7,2.3,0.00,196.76,196.76,HMR2300,-2780.0,-13033.3,49246.7,51017.9,,,,,,,,RR1713,,
J2-970,ASNAP,2017/07/28 01:05:30,44.37419763,-124.95622760,663.542780,1609.934194,267.73,-10.1,1.3,0.00,196.76,196.76,HMR2300,-3160.0,-12013.3,49380.0,50918.5,,,,,,,,RR1713,,
J2-970,ASNAP,2017/07/28 01:05:35,44.37419715,-124.95622746,663.554095,1609.881281,266.38,-9.7,2.1,0.00,196.75,196.75,HMR2300,-2413.3,-12680.0,49400.0,51058.5,,,,,,,,RR1713,,
J2-970,ASNAP,2017/07/28 01:05:40,44.37419664,-124.95622733,663.565053,1609.824388,266.86,-9.6,3.0,0.00,196.76,196.76,HMR2300,-2573.3,-13566.7,49173.3,51075.4,,,,,,,,RR1713,,
J2-970,ASNAP,2017/07/28 01:05:45,44.37419609,-124.95622719,663.575640,1609.763497,269.31,-9.7,2.4,0.00,196.74,196.74,HMR2300,-3380.0,-13126.7,49160.0,50994.5,,,,,,,,RR1713,,
J2-970,ASNAP,2017/07/28 01:05:50,44.37419551,-124.95622706,663.585847,1609.698567,267.93,-9.5,2.2,0.00,196.76,196.76,HMR2300,-2780.0,-13246.7,49220.0,51047.1,,,,,,,,RR1713,,
J2-970,ASNAP,2017/07/28 01:05:55,44.37419488,-124.95622694,663.595668,1609.629567,267.80,-9.5,2.3,0.00,196.79,196.79,HMR2300,-2773.3,-13033.3,49413.3,51178.5,,,,,,,,RR1713,,
J2-970,ASNAP,2017/07/28 01:06:00,44.37419423,-124.95622682,663.605098,1609.556487,267.88,-9.3,1.7,0.00,196.77,196.77,HMR2300,-2500.0,-12160.0,49680.0,51207.6,,,,,,,,RR1713,,
J2-970,ASNAP,2017/07/28 01:06:05,44.37419353,-124.95622671,663.614117,1609.479433,267.38,-8.6,1.3,0.00,196.82,196.82,HMR2300,-1780.0,-12100.0,49733.3,51215.1,,,,,,,,RR1713,,
J2-970,ASNAP,2017/07/28 01:06:10,44.37419281,-124.95622660,663.622708,1609.398505,267.39,-8.4,1.4,0.00,196.85,196.85,HMR2300,-1813.3,-12340.0,49713.3,51254.1,,,,,,,,RR1713,,
J2-970,EVT,2017/07/28 01:06:13,44.37419235,-124.95622654,663.627662,1609.348022,267.44,-8.6,1.4,0.00,196.83,196.83,HMR2300,-1993.3,-12266.7,49620.0,51152.6,,,,,,,,RR1713,DLG,TXT: Electrical cable is latched into the holding point USR:eventlogger
J2-970,ASNAP,2017/07/28 01:06:15,44.37419204,-124.95622650,663.630883,1609.313528,267.39,-8.7,1.5,0.00,196.83,196.83,HMR2300,-1980.0,-12326.7,49780.0,51321.7,,,,,,,,RR1713,,
J2-970,ASNAP,2017/07/28 01:06:20,44.37419124,-124.95622640,663.638659,1609.224262,267.44,-8.8,1.5,0.00,196.81,196.81,HMR2300,-1993.3,-12253.3,49720.0,51246.4,,,,,,,,RR1713,,
J2-970,ASNAP,2017/07/28 01:06:25,44.37419039,-124.95622631,663.646035,1609.130650,267.54,-8.7,1.5,0.00,196.81,196.81,HMR2300,-2020.0,-12226.7,49686.7,51208.8,,,,,,,,RR1713,,
J2-970,ASNAP,2017/07/28 01:06:30,44.37418951,-124.95622622,663.653003,1609.032717,267.54,-8.8,1.5,0.00,196.81,196.81,HMR2300,-2220.0,-12353.3,49680.0,51241.0,,,,,,,,RR1713,,
J2-970,ASNAP,2017/07/28 01:06:35,44.37418859,-124.95622614,663.659547,1608.930599,267.59,-8.8,1.5,0.00,196.81,196.81,HMR2300,-2106.7,-12333.3,49773.3,51321.9,,,,,,,,RR1713,,
J2-970,ASNAP,2017/07/28 01:06:40,44.37418764,-124.95622606,663.665654,1608.824449,267.64,-8.5,1.5,0.00,196.83,196.83,HMR2300,-1820.0,-12240.0,49733.3,51249.7,,,,,,,,RR1713,,
J2-970,ASNAP,2017/07/28 01:06:45,44.37418665,-124.95622599,663.671322,1608.714327,267.66,-8.4,1.5,0.00,196.84,196.84,HMR2300,-1840.0,-12240.0,49700.0,51218.1,,,,,,,,RR1713,,
J2-970,ASNAP,2017/07/28 01:06:50,44.37418562,-124.95622593,663.676547,1608.600273,267.85,-8.6,1.5,0.00,196.83,196.83,HMR2300,-2160.0,-12326.7,49660.0,51212.6,,,,,,,,RR1713,,
J2-970,ASNAP,2017/07/28 01:06:55,44.37418456,-124.95622587,663.681331,1608.482402,267.93,-8.6,1.5,0.00,196.83,196.83,HMR2300,-2113.3,-12346.7,49760.0,51312.4,,,,,,,,RR1713,,
J2-970,ASNAP,2017/07/28 01:07:00,44.37418347,-124.95622581,663.685671,1608.360863,267.89,-8.6,1.5,0.00,196.83,196.83,HMR2300,-2006.7,-12246.7,49713.3,51238.9,,,,,,,,RR1713,,
J2-970,ASNAP,2017/07/28 01:07:05,44.37418234,-124.95622576,663.689567,1608.235860,267.80,-8.7,1.5,0.00,196.83,196.83,HMR2300,-2066.7,-12246.7,49666.7,51196.0,,,,,,,,RR1713,,
J2-970,ASNAP,2017/07/28 01:07:10,44.37418119,-124.95622572,663.693021,1608.107536,267.81,-8.8,1.5,0.00,196.83,196.83,HMR2300,-2166.7,-12306.7,49666.7,51214.5,,,,,,,,RR1713,,
J2-970,ASNAP,2017/07/28 01:07:15,44.37418000,-124.95622568,663.696045,1607.975704,268.19,-8.8,1.4,0.00,196.82,196.82,HMR2300,-2420.0,-12326.7,49726.7,51288.8,,,,,,,,RR1713,,
J2-970,ASNAP,2017/07/28 01:07:20,44.37417878,-124.95622565,663.698649,1607.840160,270.06,-11.0,2.1,0.00,196.80,196.8,HMR2300,-4873.3,-13873.3,49113.3,51267.3,,,,,,,,RR1713,,
J2-970,ASNAP,2017/07/28 01:07:25,44.37417753,-124.95622562,663.700840,1607.701011,263.17,-9.7,3.7,0.00,196.46,196.46,HMR2300,-1240.0,-13720.0,49500.0,51381.2,,,,,,,,RR1713,,
J2-970,ASNAP,2017/07/28 01:07:30,44.37417625,-124.95622560,663.702622,1607.558448,262.38,-8.8,3.1,0.00,196.22,196.22,HMR2300,-53.3,-12926.7,49806.7,51456.8,,,,,,,,RR1713,,
J2-970,ASNAP,2017/07/28 01:07:35,44.37417493,-124.95622558,663.704003,1607.412684,264.75,-8.7,2.9,0.00,196.26,196.26,HMR2300,-993.3,-13020.0,49640.0,51328.7,,,,,,,,RR1713,,
J2-970,ASNAP,2017/07/28 01:07:40,44.37417360,-124.95622557,663.704990,1607.263933,264.19,-8.7,3.6,0.00,196.44,196.44,HMR2300,-753.3,-14080.0,49480.0,51449.8,,,,,,,,RR1713,,
J2-970,ASNAP,2017/07/28 01:07:45,44.37417223,-124.95622556,663.705599,1607.112401,264.04,-8.8,3.9,0.00,196.27,196.27,HMR2300,-426.7,-13526.7,49700.0,51509.6,,,,,,,,RR1713,,
J2-970,ASNAP,2017/07/28 01:07:50,44.37417084,-124.95622556,663.705843,1606.958290,266.12,-9.0,3.2,0.00,196.32,196.32,HMR2300,-1406.7,-13580.0,49546.7,51393.3,,,,,,,,RR1713,,
J2-970,ASNAP,2017/07/28 01:07:55,44.37416944,-124.95622556,663.705742,1606.801786,265.06,-9.1,3.1,0.00,196.55,196.55,HMR2300,-1146.7,-13493.3,49566.7,51383.3,,,,,,,,RR1713,,
J2-970,ASNAP,2017/07/28 01:08:00,44.37416801,-124.95622557,663.705317,1606.643114,265.50,-8.5,3.1,0.00,196.89,196.89,HMR2300,-1260.0,-13393.3,49546.7,51340.4,,,,,,,,RR1713,,
J2-970,ASNAP,2017/07/28 01:08:05,44.37416656,-124.95622558,663.704593,1606.482644,265.58,-8.9,3.2,0.00,197.32,197.32,HMR2300,-1346.7,-13546.7,49520.0,51357.1,,,,,,,,RR1713,,
J2-970,EVT,2017/07/28 01:08:09,44.37416540,-124.95622559,663.703815,1606.353164,265.30,-8.2,3.1,0.00,197.61,197.61,HMR2300,-1320.0,-13513.3,49666.7,51489.1,,,,,,,,RR1713,DLG,TXT: Cable is moving strongly in current USR:eventlogger
J2-970,ASNAP,2017/07/28 01:08:10,44.37416511,-124.95622559,663.703595,1606.320628,266.00,-8.9,3.0,0.00,197.73,197.73,HMR2300,-1686.7,-13533.3,49593.3,51434.4,,,,,,,,RR1713,,
J2-970,ASNAP,2017/07/28 01:08:15,44.37416363,-124.95622560,663.702348,1606.156819,264.99,-8.8,3.1,0.00,198.08,198.08,HMR2300,-1460.0,-13206.7,49573.3,51323.1,,,,,,,,RR1713,,
J2-970,ASNAP,2017/07/28 01:08:20,44.37416214,-124.95622562,663.700878,1605.990960,277.27,-8.9,3.0,0.00,198.53,198.53,HMR2300,-5853.3,-14240.0,48900.0,51266.5,,,,,,,,RR1713,,
J2-970,ASNAP,2017/07/28 01:08:25,44.37416063,-124.95622564,663.699216,1605.823110,280.15,-8.9,2.5,0.00,198.86,198.86,HMR2300,-6546.7,-14340.0,48800.0,51282.9,,,,,,,,RR1713,,
J2-970,ASNAP,2017/07/28 01:08:30,44.37415910,-124.95622567,663.697395,1605.653481,282.41,-8.7,2.6,0.00,199.22,199.22,HMR2300,-7593.3,-14920.0,48486.7,51295.4,,,,,,,,RR1713,,
J2-970,ASNAP,2017/07/28 01:08:35,44.37415756,-124.95622569,663.695455,1605.482565,290.87,-8.6,3.9,0.00,199.37,199.37,HMR2300,-10180.0,-15833.3,47693.3,51273.6,,,,,,,,RR1713,,
J2-970,ASNAP,2017/07/28 01:08:40,44.37415602,-124.95622572,663.693438,1605.310816,294.55,-8.0,2.9,0.00,199.45,199.45,HMR2300,-11526.7,-14773.3,47620.0,51174.0,,,,,,,,RR1713,,
J2-970,ASNAP,2017/07/28 01:08:45,44.37415447,-124.95622574,663.691387,1605.138384,297.93,-8.4,3.4,0.00,199.69,199.69,HMR2300,-12606.7,-15026.7,47193.3,51107.1,,,,,,,,RR1713,,
J2-970,ASNAP,2017/07/28 01:08:50,44.37415291,-124.95622577,663.689343,1604.965397,302.23,-9.0,3.5,0.00,200.08,200.08,HMR2300,-14500.0,-14760.0,46746.7,51121.0,,,,,,,,RR1713,,
J2-970,ASNAP,2017/07/28 01:08:55,44.37415135,-124.95622579,663.687354,1604.792064,302.14,-8.9,3.5,0.00,200.32,200.32,HMR2300,-14233.3,-14753.3,46840.0,51129.6,,,,,,,,RR1713,,
J2-970,ASNAP,2017/07/28 01:09:00,44.37414979,-124.95622582,663.685468,1604.618662,300.71,-8.2,3.7,0.00,200.70,200.7,HMR2300,-13580.0,-14653.3,47193.3,51247.9,,,,,,,,RR1713,,
J2-970,ASNAP,2017/07/28 01:09:05,44.37414823,-124.95622584,663.683738,1604.445598,300.59,-8.5,3.3,0.00,200.98,200.98,HMR2300,-13766.7,-13786.7,47420.0,51266.5,,,,,,,,RR1713,,
J2-970,ASNAP,2017/07/28 01:09:10,44.37414668,-124.95622586,663.682213,1604.273087,303.33,-8.7,1.9,0.00,201.23,201.23,HMR2300,-14373.3,-13493.3,47053.3,51016.5,,,,,,,,RR1713,,
J2-970,ASNAP,2017/07/28 01:09:15,44.37414513,-124.95622587,663.680945,1604.100775,304.00,-9.5,2.8,0.00,201.10,201.1,HMR2300,-15166.7,-15033.3,46713.3,51363.1,,,,,,,,RR1713,,
J2-970,ASNAP,2017/07/28 01:09:20,44.37414358,-124.95622588,663.679983,1603.928398,303.49,-8.5,3.8,0.00,200.92,200.92,HMR2300,-14953.3,-14880.0,46793.3,51328.7,,,,,,,,RR1713,,
J2-970,ASNAP,2017/07/28 01:09:25,44.37414203,-124.95622589,663.679386,1603.756155,306.21,-8.5,3.4,0.00,200.98,200.98,HMR2300,-15146.7,-14126.7,46966.7,51330.8,,,,,,,,RR1713,,
J2-970,ASNAP,2017/07/28 01:09:30,44.37414048,-124.95622589,663.679213,1603.584359,304.08,-8.3,3.1,0.00,201.12,201.12,HMR2300,-14506.7,-14500.0,47113.3,51384.4,,,,,,,,RR1713,,
J2-970,ASNAP,2017/07/28 01:09:35,44.37413894,-124.95622589,663.679524,1603.413411,303.09,-8.7,3.3,0.00,201.27,201.27,HMR2300,-13926.7,-15066.7,47153.3,51423.7,,,,,,,,RR1713,,
J2-970,ASNAP,2017/07/28 01:09:40,44.37413741,-124.95622588,663.680379,1603.243635,298.20,-8.7,2.8,0.00,201.42,201.42,HMR2300,-13133.3,-14646.7,47513.3,51425.0,,,,,,,,RR1713,,
J2-970,ASNAP,2017/07/28 01:09:45,44.37413590,-124.95622586,663.681837,1603.075144,304.00,-8.5,3.5,0.00,201.70,201.7,HMR2300,-14413.3,-14686.7,47100.0,51399.0,,,,,,,,RR1713,,
J2-970,ASNAP,2017/07/28 01:09:50,44.37413439,-124.95622583,663.683958,1602.908060,306.60,-8.6,4.5,0.00,201.97,201.97,HMR2300,-15793.3,-14966.7,46213.3,51079.4,,,,,,,,RR1713,,
J2-970,ASNAP,2017/07/28 01:09:55,44.37413291,-124.95622580,663.686798,1602.742593,307.39,-8.7,4.4,0.00,201.96,201.96,HMR2300,-15893.3,-14586.7,46280.0,51060.8,,,,,,,,RR1713,,
J2-970,ASNAP,2017/07/28 01:10:00,44.37413143,-124.95622575,663.690411,1602.578998,309.53,-8.1,3.8,0.00,201.88,201.88,HMR2300,-16513.3,-14180.0,46040.0,50925.9,,,,,,,,RR1713,,
J2-970,ASNAP,2017/07/28 01:10:05,44.37412998,-124.95622570,663.694846,1602.417594,305.56,-8.9,3.4,0.00,201.87,201.87,HMR2300,-15286.7,-14086.7,46360.0,50807.1,,,,,,,,RR1713,,
J2-970,ASNAP,2017/07/28 01:10:10,44.37412855,-124.95622563,663.700159,1602.258514,304.98,-8.4,3.2,0.00,201.95,201.95,HMR2300,-14653.3,-14386.7,46986.7,51278.1,,,,,,,,RR1713,,
J2-970,ASNAP,2017/07/28 01:10:15,44.37412714,-124.95622555,663.706421,1602.101487,307.26,-8.8,3.3,0.00,202.11,202.11,HMR2300,-16253.3,-14233.3,46360.0,51146.9,,,,,,,,RR1713,,
J2-970,ASNAP,2017/07/28 01:10:20,44.37412574,-124.95622546,663.713699,1601.946324,307.85,-8.6,3.4,0.00,202.27,202.27,HMR2300,-16240.0,-13866.7,46100.0,50805.8,,,,,,,,RR1713,,
J2-970,ASNAP,2017/07/28 01:10:25,44.37412436,-124.95622536,663.722054,1601.793096,313.21,-7.8,3.1,0.00,202.43,202.43,HMR2300,-17473.3,-12780.0,46273.3,51086.9,,,,,,,,RR1713,,
J2-970,ASNAP,2017/07/28 01:10:30,44.37412300,-124.95622524,663.731541,1601.641982,314.74,-8.4,3.4,0.00,202.62,202.62,HMR2300,-18433.3,-13046.7,45660.0,50939.6,,,,,,,,RR1713,,
J2-970,ASNAP,2017/07/28 01:10:35,44.37412166,-124.95622510,663.742202,1601.493301,316.54,-8.6,3.2,0.00,202.72,202.72,HMR2300,-19180.0,-12740.0,45066.7,50608.1,,,,,,,,RR1713,,
J2-970,ASNAP,2017/07/28 01:10:40,44.37412035,-124.95622495,663.754080,1601.347321,317.83,-8.8,3.6,0.00,202.86,202.86,HMR2300,-19413.3,-12493.3,45533.3,51051.4,,,,,,,,RR1713,,
J2-970,ASNAP,2017/07/28 01:10:45,44.37411906,-124.95622479,663.767219,1601.204180,319.14,-8.7,3.0,0.00,202.96,202.96,HMR2300,-20300.0,-12060.0,44966.7,50789.1,,,,,,,,RR1713,,
J2-970,ASNAP,2017/07/28 01:10:50,44.37411780,-124.95622461,663.781658,1601.063990,323.83,-8.0,2.1,0.00,203.13,203.13,HMR2300,-21060.0,-10613.3,44813.3,50639.9,,,,,,,,RR1713,,
J2-970,ASNAP,2017/07/28 01:10:55,44.37411657,-124.95622441,663.797434,1600.926851,327.03,-8.4,3.6,0.00,202.99,202.99,HMR2300,-21900.0,-10966.7,44333.3,50649.0,,,,,,,,RR1713,,
J2-970,ASNAP,2017/07/28 01:11:00,44.37411536,-124.95622420,663.814566,1600.792925,326.17,-8.6,3.8,0.00,202.67,202.67,HMR2300,-21460.0,-11106.7,44553.3,50684.2,,,,,,,,RR1713,,
J2-970,ASNAP,2017/07/28 01:11:05,44.37411419,-124.95622396,663.833058,1600.662480,328.38,-9.0,3.6,0.00,202.57,202.57,HMR2300,-22466.7,-10386.7,44086.7,50559.6,,,,,,,,RR1713,,
J2-970,ASNAP,2017/07/28 01:11:10,44.37411304,-124.95622371,663.852945,1600.535551,326.42,-8.6,3.3,0.00,202.48,202.48,HMR2300,-21460.0,-10680.0,44600.0,50633.5,,,,,,,,RR1713,,
J2-970,ASNAP,2017/07/28 01:11:15,44.37411193,-124.95622345,663.874327,1600.411780,324.80,-8.1,3.3,0.00,202.42,202.42,HMR2300,-21060.0,-10746.7,45013.3,50845.0,,,,,,,,RR1713,,
J2-970,ASNAP,2017/07/28 01:11:20,44.37411084,-124.95622316,663.897275,1600.290970,326.75,-8.7,3.8,0.00,202.22,202.22,HMR2300,-22026.7,-11100.0,44306.7,50709.6,,,,,,,,RR1713,,
J2-970,ASNAP,2017/07/28 01:11:25,44.37410978,-124.95622285,663.921808,1600.173255,326.28,-9.1,4.1,0.00,201.93,201.93,HMR2300,-22206.7,-11273.3,43900.0,50472.1,,,,,,,,RR1713,,
J2-970,ASNAP,2017/07/28 01:11:30,44.37410875,-124.95622252,663.947923,1600.058851,329.31,-8.5,4.0,0.00,201.83,201.83,HMR2300,-22633.3,-10140.0,44033.3,50537.3,,,,,,,,RR1713,,
J2-970,ASNAP,2017/07/28 01:11:35,44.37410776,-124.95622218,663.975586,1599.948049,333.07,-8.8,3.5,0.00,201.77,201.77,HMR2300,-23886.7,-9560.0,43566.7,50596.6,,,,,,,,RR1713,,
J2-970,ASNAP,2017/07/28 01:11:40,44.37410679,-124.95622181,664.004783,1599.841024,331.12,-8.4,3.6,0.00,201.75,201.75,HMR2300,-23126.7,-9466.7,43600.0,50253.6,,,,,,,,RR1713,,
J2-970,ASNAP,2017/07/28 01:11:45,44.37410586,-124.95622142,664.035531,1599.737773,336.58,-8.7,3.7,0.00,201.83,201.83,HMR2300,-24073.3,-8493.3,43500.0,50437.2,,,,,,,,RR1713,,
J2-970,ASNAP,2017/07/28 01:11:50,44.37410497,-124.95622102,664.067828,1599.638318,339.76,-10.8,3.5,0.00,201.94,201.94,HMR2300,-26833.3,-7993.3,41746.7,50266.3,,,,,,,,RR1713,,
J2-970,ASNAP,2017/07/28 01:11:55,44.37410411,-124.95622059,664.101645,1599.542742,344.96,-10.1,5.1,0.00,201.92,201.92,HMR2300,-27153.3,-7073.3,41093.3,49759.4,,,,,,,,RR1713,,
J2-970,ASNAP,2017/07/28 01:12:00,44.37410328,-124.95622015,664.136931,1599.451162,348.38,-10.1,4.8,0.00,201.89,201.89,HMR2300,-27773.3,-6366.7,41080.0,49994.6,,,,,,,,RR1713,,
J2-970,ASNAP,2017/07/28 01:12:05,44.37410250,-124.95621969,664.173609,1599.363727,347.56,-10.9,5.4,0.00,201.85,201.85,HMR2300,-27780.0,-6973.3,40733.3,49795.2,,,,,,,,RR1713,,
J2-970,ASNAP,2017/07/28 01:12:10,44.37410175,-124.95621921,664.211680,1599.280419,346.45,-11.1,5.1,0.00,201.88,201.88,HMR2300,-28013.3,-7193.3,40966.7,50147.4,,,,,,,,RR1713,,
J2-970,ASNAP,2017/07/28 01:12:15,44.37410103,-124.95621872,664.251242,1599.200991,353.29,-11.4,4.9,0.00,201.93,201.93,HMR2300,-29940.0,-4140.0,39553.3,49779.6,,,,,,,,RR1713,,
J2-970,ASNAP,2017/07/28 01:12:20,44.37410035,-124.95621820,664.292341,1599.125328,0.64,-10.6,4.8,0.00,201.88,201.88,HMR2300,-29853.3,-2060.0,39240.0,49348.2,,,,,,,,RR1713,,
J2-970,ASNAP,2017/07/28 01:12:25,44.37409971,-124.95621767,664.334934,1599.053499,358.41,-10.2,5.0,0.00,201.81,201.81,HMR2300,-29113.3,-2760.0,40106.7,49636.2,,,,,,,,RR1713,,
J2-970,ASNAP,2017/07/28 01:12:30,44.37409910,-124.95621712,664.378952,1598.985611,0.00,-8.9,5.2,0.00,202.05,202.05,HMR2300,-28233.3,-2426.7,40773.3,49653.5,,,,,,,,RR1713,,
J2-970,ASNAP,2017/07/28 01:12:35,44.37409852,-124.95621655,664.424288,1598.921803,2.38,-10.4,5.4,0.00,202.17,202.17,HMR2300,-29186.7,-1873.3,39780.0,49374.3,,,,,,,,RR1713,,
J2-970,ASNAP,2017/07/28 01:12:40,44.37409798,-124.95621596,664.470858,1598.862160,3.66,-10.6,5.2,0.00,202.53,202.53,HMR2300,-29733.3,-973.3,39293.3,49284.7,,,,,,,,RR1713,,
J2-970,ASNAP,2017/07/28 01:12:45,44.37409749,-124.95621536,664.518601,1598.806703,359.33,-7.4,5.5,0.00,202.55,202.55,HMR2300,-26920.0,-2566.7,41766.7,49756.7,,,,,,,,RR1713,,
J2-970,EVT,2017/07/28 01:12:46,44.37409739,-124.95621524,664.528284,1598.796115,358.42,-6.8,4.9,0.00,202.51,202.51,HMR2300,-27593.3,-2746.7,41306.7,49751.2,,,,,,,,RR1713,DLG,TXT: Port manipulator grabbing EOM strong back USR:eventlogger
J2-970,ASNAP,2017/07/28 01:12:50,44.37409702,-124.95621475,664.567443,1598.755447,355.35,-12.3,4.1,0.00,202.35,202.35,HMR2300,-31120.0,-3660.0,38400.0,49562.2,,,,,,,,RR1713,,
J2-970,ASNAP,2017/07/28 01:12:55,44.37409660,-124.95621413,664.617290,1598.708410,351.69,-11.2,4.6,0.00,202.22,202.22,HMR2300,-28373.3,-4733.3,40506.7,49681.4,,,,,,,,RR1713,,
J2-970,ASNAP,2017/07/28 01:13:00,44.37409622,-124.95621349,664.668018,1598.665620,357.09,-11.4,5.3,0.00,202.07,202.07,HMR2300,-29160.0,-4293.3,40273.3,49906.7,,,,,,,,RR1713,,
J2-970,ASNAP,2017/07/28 01:13:05,44.37409587,-124.95621285,664.719474,1598.627115,356.36,-11.3,5.1,0.00,202.04,202.04,HMR2300,-29766.7,-3913.3,39513.3,49625.3,,,,,,,,RR1713,,
J2-970,ASNAP,2017/07/28 01:13:10,44.37409556,-124.95621219,664.771628,1598.592869,358.76,-10.8,4.4,0.00,201.98,201.98,HMR2300,-29693.3,-1420.0,39493.3,49431.1,,,,,,,,RR1713,,
J2-970,ASNAP,2017/07/28 01:13:15,44.37409529,-124.95621153,664.824578,1598.562789,3.51,-10.1,4.4,0.00,201.89,201.89,HMR2300,-29660.0,-1280.0,39820.0,49668.8,,,,,,,,RR1713,,
J2-970,ASNAP,2017/07/28 01:13:20,44.37409506,-124.95621085,664.878413,1598.536864,1.21,-10.2,4.1,0.00,201.78,201.78,HMR2300,-29560.0,-1620.0,39540.0,49394.6,,,,,,,,RR1713,,
J2-970,ASNAP,2017/07/28 01:13:25,44.37409486,-124.95621016,664.933201,1598.515169,3.25,-10.9,4.8,0.00,201.73,201.73,HMR2300,-29946.7,-726.7,39333.3,49441.3,,,,,,,,RR1713,,
J2-970,ASNAP,2017/07/28 01:13:30,44.37409471,-124.95620946,664.988952,1598.497794,5.63,-4.5,4.8,0.00,201.92,201.92,HMR2300,-25753.3,646.7,41886.7,49174.6,,,,,,,,RR1713,,
J2-970,ASNAP,2017/07/28 01:13:35,44.37409459,-124.95620875,665.045584,1598.484826,359.39,-14.0,4.0,0.00,202.07,202.07,HMR2300,-31713.3,-2813.3,38040.0,49605.4,,,,,,,,RR1713,,
J2-970,ASNAP,2017/07/28 01:13:40,44.37409451,-124.95620804,665.102192,1598.476117,355.97,-12.4,5.7,0.00,202.11,202.11,HMR2300,-30960.0,-4706.7,38880.0,49923.2,,,,,,,,RR1713,,
J2-970,ASNAP,2017/07/28 01:13:45,44.37409447,-124.95620736,665.156986,1598.471264,354.99,-9.2,5.8,0.00,202.15,202.15,HMR2300,-27100.0,-4473.3,41280.0,49582.9,,,,,,,,RR1713,,
J2-970,ASNAP,2017/07/28 01:13:50,44.37409445,-124.95620674,665.206246,1598.469304,359.12,-9.7,6.0,0.00,202.00,202,HMR2300,-28820.0,-3533.3,40406.7,49757.2,,,,,,,,RR1713,,
J2-970,ASNAP,2017/07/28 01:13:55,44.37409444,-124.95620626,665.244813,1598.468825,351.95,-11.4,5.6,0.00,201.77,201.77,HMR2300,-28953.3,-5873.3,40346.7,50006.5,,,,,,,,RR1713,,
J2-970,ASNAP,2017/07/28 01:14:00,44.37409445,-124.95620590,665.273260,1598.469573,350.12,-10.3,5.5,0.00,201.56,201.56,HMR2300,-28566.7,-6066.7,40246.7,49725.8,,,,,,,,RR1713,,
J2-970,ASNAP,2017/07/28 01:14:05,44.37409448,-124.95620560,665.297286,1598.472329,352.07,-12.5,5.3,0.00,201.56,201.56,HMR2300,-29833.3,-5580.0,39680.0,49956.6,,,,,,,,RR1713,,
J2-970,ASNAP,2017/07/28 01:14:10,44.37409453,-124.95620528,665.322769,1598.477912,353.22,-10.6,5.4,0.00,201.69,201.69,HMR2300,-28933.3,-5226.7,40340.0,49917.6,,,,,,,,RR1713,,
J2-970,ASNAP,2017/07/28 01:14:15,44.37409461,-124.95620487,665.355585,1598.487141,353.44,-10.0,4.8,0.00,201.79,201.79,HMR2300,-28633.3,-4406.7,40233.3,49578.3,,,,,,,,RR1713,,
J2-970,ASNAP,2017/07/28 01:14:20,44.37409473,-124.95620431,665.399669,1598.500693,353.78,-10.6,4.1,0.00,201.85,201.85,HMR2300,-28733.3,-3846.7,40466.7,49779.0,,,,,,,,RR1713,,
J2-970,ASNAP,2017/07/28 01:14:25,44.37409489,-124.95620367,665.451292,1598.518686,353.94,-10.8,4.1,0.00,201.85,201.85,HMR2300,-29306.7,-3893.3,40053.3,49782.6,,,,,,,,RR1713,,
J2-970,ASNAP,2017/07/28 01:14:30,44.37409509,-124.95620298,665.505547,1598.541122,353.84,-11.1,4.0,0.00,201.81,201.81,HMR2300,-29346.7,-3693.3,39720.0,49523.2,,,,,,,,RR1713,,
J2-970,ASNAP,2017/07/28 01:14:35,44.37409534,-124.95620230,665.560176,1598.568089,353.65,-11.5,4.1,0.00,201.77,201.77,HMR2300,-29393.3,-4026.7,40020.0,49817.5,,,,,,,,RR1713,,
J2-970,EVT,2017/07/28 01:14:37,44.37409545,-124.95620203,665.581790,1598.580168,353.43,-11.7,4.0,0.00,201.74,201.74,HMR2300,-29486.7,-4066.7,40006.7,49865.2,,,,,,,,RR1713,DLG,TXT: Starboard manipulator also grabs EOM strong back USR:eventlogger
J2-970,ASNAP,2017/07/28 01:14:40,44.37409562,-124.95620163,665.613860,1598.599692,353.41,-11.7,4.1,0.00,201.73,201.73,HMR2300,-29913.3,-4166.7,39560.0,49771.1,,,,,,,,RR1713,,
J2-970,ASNAP,2017/07/28 01:14:45,44.37409595,-124.95620097,665.666413,1598.636030,353.08,-11.7,3.9,0.00,201.72,201.72,HMR2300,-29566.7,-3980.0,39560.0,49548.2,,,,,,,,RR1713,,
J2-970,ASNAP,2017/07/28 01:14:50,44.37409632,-124.95620032,665.717669,1598.676843,353.07,-11.8,4.1,0.00,201.72,201.72,HMR2300,-29393.3,-4193.3,40053.3,49858.0,,,,,,,,RR1713,,
J2-970,ASNAP,2017/07/28 01:14:55,44.37409671,-124.95619971,665.766691,1598.720667,353.52,-11.9,3.8,0.00,201.73,201.73,HMR2300,-30053.3,-4060.0,39500.0,49799.0,,,,,,,,RR1713,,
J2-970,ASNAP,2017/07/28 01:15:00,44.37409711,-124.95619914,665.811855,1598.764986,352.66,-11.7,3.7,0.00,201.78,201.78,HMR2300,-29413.3,-3966.7,39686.7,49557.1,,,,,,,,RR1713,,
J2-970,ASNAP,2017/07/28 01:15:05,44.37409747,-124.95619867,665.849855,1598.804730,353.37,-11.2,4.0,0.00,201.85,201.85,HMR2300,-29086.7,-4046.7,40326.7,49886.4,,,,,,,,RR1713,,
J2-970,ASNAP,2017/07/28 01:15:10,44.37409776,-124.95619830,665.878874,1598.836891,353.65,-10.3,4.4,0.00,201.89,201.89,HMR2300,-28940.0,-4040.0,40273.3,49757.3,,,,,,,,RR1713,,
J2-970,ASNAP,2017/07/28 01:15:15,44.37409802,-124.95619800,665.902591,1598.866242,353.30,-11.2,4.1,0.00,201.87,201.87,HMR2300,-29300.0,-3946.7,39746.7,49536.5,,,,,,,,RR1713,,
J2-970,ASNAP,2017/07/28 01:15:20,44.37409832,-124.95619771,665.925724,1598.899026,353.37,-11.3,4.2,0.00,201.83,201.83,HMR2300,-29246.7,-4140.0,40206.7,49890.7,,,,,,,,RR1713,,
J2-970,ASNAP,2017/07/28 01:15:25,44.37409870,-124.95619737,665.952990,1598.941478,353.41,-11.2,3.9,0.00,201.85,201.85,HMR2300,-29533.3,-4053.3,39786.7,49715.5,,,,,,,,RR1713,,
J2-970,ASNAP,2017/07/28 01:15:30,44.37409920,-124.95619695,665.987010,1598.997323,353.31,-11.3,4.1,0.00,201.83,201.83,HMR2300,-29306.7,-3940.0,39766.7,49555.9,,,,,,,,RR1713,,
J2-970,ASNAP,2017/07/28 01:15:35,44.37409979,-124.95619647,666.024651,1599.063365,354.63,-12.2,4.5,0.00,201.79,201.79,HMR2300,-30040.0,-3700.0,39566.7,49815.8,,,,,,,,RR1713,,
J2-970,ASNAP,2017/07/28 01:15:40,44.37410045,-124.95619600,666.062476,1599.135934,354.55,-12.3,3.3,0.00,201.81,201.81,HMR2300,-30393.3,-3106.7,39080.0,49605.0,,,,,,,,RR1713,,
J2-970,ASNAP,2017/07/28 01:15:45,44.37410114,-124.95619554,666.098837,1599.213224,354.73,-11.7,2.7,0.00,201.88,201.88,HMR2300,-29693.3,-2460.0,39460.0,49445.3,,,,,,,,RR1713,,
J2-970,ASNAP,2017/07/28 01:15:50,44.37410187,-124.95619512,666.132727,1599.294126,354.90,-11.6,3.2,0.00,201.92,201.92,HMR2300,-29706.7,-2926.7,39860.0,49798.3,,,,,,,,RR1713,,
J2-970,ASNAP,2017/07/28 01:15:55,44.37410263,-124.95619473,666.164023,1599.378524,355.00,-11.9,3.3,0.00,201.94,201.94,HMR2300,-30233.3,-3006.7,39160.0,49564.1,,,,,,,,RR1713,,
J2-970,ASNAP,2017/07/28 01:16:00,44.37410342,-124.95619436,666.192748,1599.466460,355.80,-11.9,3.2,0.00,201.96,201.96,HMR2300,-30026.7,-2206.7,39253.3,49470.1,,,,,,,,RR1713,,
J2-970,ASNAP,2017/07/28 01:16:05,44.37410425,-124.95619404,666.218956,1599.557991,355.53,-12.0,2.4,0.00,202.03,202.03,HMR2300,-30033.3,-2326.7,39606.7,49760.5,,,,,,,,RR1713,,
J2-970,ASNAP,2017/07/28 01:16:10,44.37410510,-124.95619374,666.242669,1599.653102,355.74,-11.8,2.3,0.00,202.04,202.04,HMR2300,-30273.3,-2000.0,39146.7,49527.1,,,,,,,,RR1713,,
J2-970,EVT,2017/07/28 01:16:13,44.37410563,-124.95619358,666.255678,1599.711814,355.69,-11.9,1.8,0.00,202.04,202.04,HMR2300,-30146.7,-2080.0,39500.0,49733.3,,,,,,,,RR1713,DLG,TXT: Port manipulator disconnects cable from EOM USR:eventlogger
J2-970,ASNAP,2017/07/28 01:16:15,44.37410599,-124.95619347,666.263833,1599.751615,355.33,-12.2,2.5,0.00,202.02,202.02,HMR2300,-30093.3,-2233.3,39193.3,49464.3,,,,,,,,RR1713,,
J2-970,ASNAP,2017/07/28 01:16:20,44.37410691,-124.95619324,666.282403,1599.853464,355.26,-13.2,3.5,0.00,201.90,201.9,HMR2300,-30886.7,-3500.0,38966.7,49846.1,,,,,,,,RR1713,,
J2-970,ASNAP,2017/07/28 01:16:25,44.37410785,-124.95619304,666.298376,1599.958872,354.87,-12.8,4.1,0.00,201.87,201.87,HMR2300,-30733.3,-3740.0,38786.7,49627.9,,,,,,,,RR1713,,
J2-970,ASNAP,2017/07/28 01:16:30,44.37410884,-124.95619287,666.311736,1600.068001,354.51,-11.2,4.0,0.00,201.96,201.96,HMR2300,-29200.0,-3420.0,39880.0,49545.4,,,,,,,,RR1713,,
J2-970,ASNAP,2017/07/28 01:16:35,44.37410985,-124.95619274,666.322430,1600.180792,354.73,-11.1,3.8,0.00,202.03,202.03,HMR2300,-29426.7,-3420.0,40093.3,49850.8,,,,,,,,RR1713,,
J2-970,ASNAP,2017/07/28 01:16:40,44.37411090,-124.95619264,666.330403,1600.297113,355.11,-11.7,3.6,0.00,202.04,202.04,HMR2300,-30033.3,-3053.3,39226.7,49498.0,,,,,,,,RR1713,,
J2-970,ASNAP,2017/07/28 01:16:45,44.37411197,-124.95619257,666.335607,1600.416724,354.94,-11.4,3.4,0.00,202.02,202.02,HMR2300,-29393.3,-2820.0,39693.3,49472.0,,,,,,,,RR1713,,
J2-970,ASNAP,2017/07/28 01:16:50,44.37411308,-124.95619254,666.338006,1600.539427,354.51,-11.0,3.5,0.00,201.98,201.98,HMR2300,-29200.0,-3353.3,40213.3,49809.6,,,,,,,,RR1713,,
J2-970,ASNAP,2017/07/28 01:16:55,44.37411421,-124.95619255,666.337586,1600.665124,353.84,-11.1,3.8,0.00,201.96,201.96,HMR2300,-29420.0,-3660.0,39680.0,49532.2,,,,,,,,RR1713,,
J2-970,ASNAP,2017/07/28 01:17:00,44.37411537,-124.95619259,666.334345,1600.793704,353.35,-11.1,3.4,0.00,201.96,201.96,HMR2300,-28786.7,-3266.7,40213.3,49562.6,,,,,,,,RR1713,,
J2-970,ASNAP,2017/07/28 01:17:05,44.37411655,-124.95619266,666.328292,1600.925005,356.51,-12.1,3.3,0.00,201.98,201.98,HMR2300,-30433.3,-2626.7,39020.0,49554.5,,,,,,,,RR1713,,
J2-970,ASNAP,2017/07/28 01:17:10,44.37411775,-124.95619278,666.319446,1601.058828,353.36,-10.6,4.7,0.00,201.77,201.77,HMR2300,-28653.3,-5020.0,40393.3,49777.9,,,,,,,,RR1713,,
J2-970,ASNAP,2017/07/28 01:17:15,44.37411898,-124.95619292,666.307842,1601.194916,346.31,-10.5,4.1,0.00,201.60,201.6,HMR2300,-27973.3,-6180.0,40820.0,49869.6,,,,,,,,RR1713,,
J2-970,ASNAP,2017/07/28 01:17:20,44.37412022,-124.95619310,666.293495,1601.333196,347.99,-10.3,5.4,0.00,201.10,201.1,HMR2300,-27733.3,-6766.7,40973.3,49937.4,,,,,,,,RR1713,,
J2-970,ASNAP,2017/07/28 01:17:25,44.37412149,-124.95619332,666.276389,1601.473916,350.61,-10.5,5.5,0.00,200.54,200.54,HMR2300,-28386.7,-5880.0,40580.0,49871.0,,,,,,,,RR1713,,
J2-970,ASNAP,2017/07/28 01:17:30,44.37412278,-124.95619357,666.256524,1601.617192,350.12,-10.8,4.4,0.00,199.85,199.85,HMR2300,-28653.3,-5373.3,40346.7,49776.9,,,,,,,,RR1713,,
J2-970,ASNAP,2017/07/28 01:17:35,44.37412409,-124.95619385,666.233929,1601.762862,350.62,-10.5,4.9,0.00,199.30,199.3,HMR2300,-28613.3,-5493.3,40386.7,49799.4,,,,,,,,RR1713,,
J2-970,ASNAP,2017/07/28 01:17:40,44.37412542,-124.95619417,666.208654,1601.910679,351.44,-11.0,5.1,0.00,198.61,198.61,HMR2300,-29293.3,-5213.3,39866.7,49745.6,,,,,,,,RR1713,,
J2-970,ASNAP,2017/07/28 01:17:45,44.37412677,-124.95619452,666.180774,1602.060302,350.51,-11.1,6.2,0.00,198.17,198.17,HMR2300,-28626.7,-7153.3,40333.3,49974.3,,,,,,,,RR1713,,
J2-970,ASNAP,2017/07/28 01:17:50,44.37412813,-124.95619490,666.150360,1602.211472,351.18,-11.4,5.6,0.00,197.63,197.63,HMR2300,-29066.7,-5493.3,40066.7,49803.5,,,,,,,,RR1713,,
J2-970,ASNAP,2017/07/28 01:17:55,44.37412950,-124.95619531,666.117464,1602.364073,354.64,-11.6,5.6,0.00,196.99,196.99,HMR2300,-29693.3,-4846.7,39653.3,49775.2,,,,,,,,RR1713,,
J2-970,ASNAP,2017/07/28 01:18:00,44.37413088,-124.95619575,666.082152,1602.517965,335.50,-10.9,5.3,0.00,196.01,196.01,HMR2300,-25420.0,-10466.7,42066.7,50252.7,,,,,,,,RR1713,,
J2-970,ASNAP,2017/07/28 01:18:05,44.37413228,-124.95619622,666.044509,1602.672963,330.79,-11.2,6.8,0.00,195.19,195.19,HMR2300,-24266.7,-13000.0,42500.0,50637.2,,,,,,,,RR1713,,
J2-970,ASNAP,2017/07/28 01:18:10,44.37413368,-124.95619672,666.004647,1602.828786,334.81,-11.5,6.0,0.00,195.19,195.19,HMR2300,-25913.3,-10560.0,41853.3,50346.0,,,,,,,,RR1713,,
J2-970,ASNAP,2017/07/28 01:18:15,44.37413509,-124.95619725,665.962718,1602.985035,316.51,-11.1,3.3,0.00,195.38,195.38,HMR2300,-20820.0,-12806.7,44360.0,50648.7,,,,,,,,RR1713,,
J2-970,ASNAP,2017/07/28 01:18:20,44.37413650,-124.95619780,665.918793,1603.141602,318.80,-10.3,6.4,0.00,195.81,195.81,HMR2300,-19653.3,-15693.3,44413.3,51040.0,,,,,,,,RR1713,,
J2-970,ASNAP,2017/07/28 01:18:25,44.37413791,-124.95619838,665.872834,1603.298777,308.29,-10.7,4.0,0.00,196.06,196.06,HMR2300,-18360.0,-15166.7,44960.0,50877.5,,,,,,,,RR1713,,
J2-970,ASNAP,2017/07/28 01:18:30,44.37413933,-124.95619898,665.824849,1603.456686,308.94,-10.6,6.3,0.00,195.71,195.71,HMR2300,-17280.0,-16480.0,45213.3,51131.5,,,,,,,,RR1713,,
J2-970,ASNAP,2017/07/28 01:18:35,44.37414076,-124.95619961,665.774918,1603.615189,298.17,-10.1,5.2,0.00,195.73,195.73,HMR2300,-12980.0,-16600.0,46760.0,51288.8,,,,,,,,RR1713,,
J2-970,ASNAP,2017/07/28 01:18:40,44.37414219,-124.95620026,665.723167,1603.774019,296.60,-9.9,5.7,0.00,196.17,196.17,HMR2300,-13586.7,-17106.7,46280.0,51176.9,,,,,,,,RR1713,,
J2-970,ASNAP,2017/07/28 01:18:45,44.37414362,-124.95620092,665.669771,1603.932767,288.35,-10.1,2.8,0.00,196.10,196.1,HMR2300,-10746.7,-14813.3,47520.0,50922.3,,,,,,,,RR1713,,
J2-970,ASNAP,2017/07/28 01:18:50,44.37414504,-124.95620161,665.614880,1604.091133,282.59,-10.0,2.9,0.00,196.03,196.03,HMR2300,-8740.0,-15920.0,48073.3,51389.5,,,,,,,,RR1713,,
J2-970,ASNAP,2017/07/28 01:18:55,44.37414646,-124.95620232,665.558600,1604.248963,267.97,-10.3,4.5,0.00,195.94,195.94,HMR2300,-3393.3,-15420.0,48713.3,51208.2,,,,,,,,RR1713,,
J2-970,ASNAP,2017/07/28 01:19:00,44.37414788,-124.95620304,665.501045,1604.406092,259.12,-10.7,5.6,0.00,195.97,195.97,HMR2300,846.7,-13813.3,49580.0,51475.3,,,,,,,,RR1713,,
J2-970,ASNAP,2017/07/28 01:19:05,44.37414928,-124.95620378,665.442344,1604.562335,252.02,-10.3,4.9,0.00,196.03,196.03,HMR2300,940.0,-13033.3,49306.7,51008.8,,,,,,,,RR1713,,
J2-970,ASNAP,2017/07/28 01:19:10,44.37415068,-124.95620453,665.382644,1604.717461,265.27,-11.7,3.8,0.00,196.11,196.11,HMR2300,-3913.3,-14206.7,48913.3,51084.8,,,,,,,,RR1713,,
J2-970,ASNAP,2017/07/28 01:19:15,44.37415206,-124.95620529,665.322109,1604.871202,269.69,-11.6,4.2,0.00,195.97,195.97,HMR2300,-4833.3,-14646.7,48500.0,50893.4,,,,,,,,RR1713,,
J2-970,ASNAP,2017/07/28 01:19:20,44.37415343,-124.95620605,665.260811,1605.023522,267.62,-12.4,3.7,0.00,195.84,195.84,HMR2300,-5313.3,-14213.3,49020.0,51314.8,,,,,,,,RR1713,,
J2-970,ASNAP,2017/07/28 01:19:25,44.37415479,-124.95620683,665.198725,1605.174628,267.83,-10.6,4.4,0.00,195.92,195.92,HMR2300,-4206.7,-14773.3,48566.7,50937.9,,,,,,,,RR1713,,
J2-970,ASNAP,2017/07/28 01:19:30,44.37415614,-124.95620762,665.135929,1605.324470,270.37,-10.8,5.0,0.00,195.92,195.92,HMR2300,-4733.3,-15666.7,48666.7,51344.8,,,,,,,,RR1713,,
J2-970,ASNAP,2017/07/28 01:19:35,44.37415748,-124.95620842,665.072618,1605.472717,258.03,-11.4,5.4,0.00,195.93,195.93,HMR2300,-1633.3,-14306.7,49173.3,51238.3,,,,,,,,RR1713,,
J2-970,ASNAP,2017/07/28 01:19:40,44.37415879,-124.95620921,665.008887,1605.619259,269.80,-12.1,4.0,0.00,196.07,196.07,HMR2300,-5113.3,-14666.7,48480.0,50907.4,,,,,,,,RR1713,,
J2-970,ASNAP,2017/07/28 01:19:45,44.37416010,-124.95621002,664.944737,1605.764218,267.06,-10.9,3.2,0.00,196.24,196.24,HMR2300,-4133.3,-13040.0,48973.3,50847.9,,,,,,,,RR1713,,
J2-970,ASNAP,2017/07/28 01:19:50,44.37416139,-124.95621083,664.880240,1605.907545,270.79,-11.6,5.0,0.00,196.21,196.21,HMR2300,-4500.0,-14686.7,48500.0,50874.3,,,,,,,,RR1713,,
J2-970,ASNAP,2017/07/28 01:19:55,44.37416266,-124.95621164,664.815551,1606.049009,250.04,-11.1,4.2,0.00,196.25,196.25,HMR2300,1693.3,-11933.3,49613.3,51056.4,,,,,,,,RR1713,,
J2-970,ASNAP,2017/07/28 01:20:00,44.37416392,-124.95621245,664.750811,1606.188412,258.78,-11.6,3.2,0.00,196.25,196.25,HMR2300,-1926.7,-13026.7,49400.0,51125.0,,,,,,,,RR1713,,
J2-970,ASNAP,2017/07/28 01:20:05,44.37416515,-124.95621326,664.686142,1606.325601,257.16,-12.0,5.5,0.00,196.01,196.01,HMR2300,-1480.0,-13713.3,49226.7,51122.5,,,,,,,,RR1713,,
J2-970,ASNAP,2017/07/28 01:20:10,44.37416636,-124.95621407,664.621652,1606.460453,268.32,-13.3,4.4,0.00,196.01,196.01,HMR2300,-6246.7,-15340.0,48353.3,51111.5,,,,,,,,RR1713,,
J2-970,ASNAP,2017/07/28 01:20:15,44.37416756,-124.95621488,664.557434,1606.592880,268.49,-12.0,4.0,0.00,196.15,196.15,HMR2300,-4960.0,-14586.7,48513.3,50901.0,,,,,,,,RR1713,,
J2-970,ASNAP,2017/07/28 01:20:20,44.37416873,-124.95621568,664.493556,1606.722840,264.24,-9.0,2.4,0.00,196.31,196.31,HMR2300,-1140.0,-13313.3,49406.7,51181.7,,,,,,,,RR1713,,
J2-970,ASNAP,2017/07/28 01:20:25,44.37416987,-124.95621648,664.430066,1606.850333,264.55,-14.1,4.4,0.00,196.08,196.08,HMR2300,-5880.0,-15060.0,48520.0,51142.6,,,,,,,,RR1713,,
J2-970,ASNAP,2017/07/28 01:20:30,44.37417100,-124.95621727,664.367029,1606.975320,265.29,-12.2,3.8,0.00,196.15,196.15,HMR2300,-4060.0,-13826.7,48726.7,50812.9,,,,,,,,RR1713,,
J2-970,ASNAP,2017/07/28 01:20:35,44.37417210,-124.95621805,664.304525,1607.097729,265.85,-10.1,3.1,0.00,196.31,196.31,HMR2300,-2293.3,-13486.7,49473.3,51329.9,,,,,,,,RR1713,,
J2-970,ASNAP,2017/07/28 01:20:40,44.37417318,-124.95621883,664.242633,1607.217483,266.12,-9.9,3.1,0.00,196.38,196.38,HMR2300,-2853.3,-13713.3,49040.0,51001.2,,,,,,,,RR1713,,
J2-970,ASNAP,2017/07/28 01:20:45,44.37417423,-124.95621959,664.181435,1607.334508,266.09,-11.1,3.9,0.00,196.30,196.3,HMR2300,-3526.7,-14266.7,48726.7,50894.6,,,,,,,,RR1713,,
J2-970,ASNAP,2017/07/28 01:20:50,44.37417526,-124.95622035,664.121002,1607.448742,265.94,-11.6,4.0,0.00,196.25,196.25,HMR2300,-3606.7,-14486.7,49186.7,51402.3,,,,,,,,RR1713,,
J2-970,ASNAP,2017/07/28 01:20:55,44.37417626,-124.95622110,664.061402,1607.560134,265.62,-11.3,3.9,0.00,196.25,196.25,HMR2300,-3713.3,-14266.7,48813.3,50990.9,,,,,,,,RR1713,,
J2-970,ASNAP,2017/07/28 01:21:00,44.37417724,-124.95622184,664.002702,1607.668627,265.22,-11.1,3.8,0.00,196.27,196.27,HMR2300,-3066.7,-14013.3,48886.7,50947.9,,,,,,,,RR1713,,
J2-970,ASNAP,2017/07/28 01:21:05,44.37417819,-124.95622256,663.944976,1607.774157,265.19,-11.1,4.2,0.00,196.27,196.27,HMR2300,-2946.7,-14686.7,49213.3,51442.5,,,,,,,,RR1713,,
J2-970,ASNAP,2017/07/28 01:21:10,44.37417911,-124.95622327,663.888306,1607.876644,265.27,-11.3,4.8,0.00,196.24,196.24,HMR2300,-3606.7,-15280.0,48700.0,51168.1,,,,,,,,RR1713,,
J2-970,ASNAP,2017/07/28 01:21:15,44.37418000,-124.95622397,663.832771,1607.976010,265.53,-11.2,5.1,0.00,196.25,196.25,HMR2300,-3333.3,-15073.3,48680.0,51069.2,,,,,,,,RR1713,,
J2-970,ASNAP,2017/07/28 01:21:20,44.37418087,-124.95622465,663.778344,1608.072362,265.69,-11.2,4.8,0.00,196.24,196.24,HMR2300,-3313.3,-15126.7,49086.7,51471.3,,,,,,,,RR1713,,
J2-970,ASNAP,2017/07/28 01:21:25,44.37418171,-124.95622532,663.724933,1608.165922,265.74,-10.9,4.0,0.00,196.27,196.27,HMR2300,-3226.7,-14333.3,48746.7,50912.6,,,,,,,,RR1713,,
J2-970,ASNAP,2017/07/28 01:21:30,44.37418253,-124.95622598,663.672506,1608.256796,265.30,-10.4,3.8,0.00,196.31,196.31,HMR2300,-2373.3,-13846.7,48853.3,50833.2,,,,,,,,RR1713,,
J2-970,ASNAP,2017/07/28 01:21:35,44.37418332,-124.95622662,663.621082,1608.345001,265.06,-10.4,3.6,0.00,196.33,196.33,HMR2300,-2306.7,-13946.7,49320.0,51305.9,,,,,,,,RR1713,,
J2-970,ASNAP,2017/07/28 01:21:40,44.37418409,-124.95622725,663.570745,1608.430443,265.19,-10.7,3.7,0.00,196.31,196.31,HMR2300,-2946.7,-14066.7,48786.7,50859.5,,,,,,,,RR1713,,
J2-970,ASNAP,2017/07/28 01:21:45,44.37418484,-124.95622787,663.521612,1608.512968,264.94,-10.7,3.5,0.00,196.28,196.28,HMR2300,-1993.3,-13493.3,48986.7,50850.1,,,,,,,,RR1713,,
J2-970,ASNAP,2017/07/28 01:21:50,44.37418555,-124.95622847,663.473739,1608.592531,264.71,-9.6,3.6,0.00,196.24,196.24,HMR2300,-1086.7,-13740.0,49460.0,51344.5,,,,,,,,RR1713,,
J2-970,ASNAP,2017/07/28 01:21:55,44.37418624,-124.95622906,663.427139,1608.669160,266.00,-9.9,3.8,0.00,196.12,196.12,HMR2300,-2333.3,-14020.0,48800.0,50827.6,,,,,,,,RR1713,,
J2-970,ASNAP,2017/07/28 01:22:00,44.37418690,-124.95622962,663.381830,1608.742876,267.02,-10.4,3.7,0.00,195.99,195.99,HMR2300,-3113.3,-14060.0,48853.3,50931.6,,,,,,,,RR1713,,
J2-970,ASNAP,2017/07/28 01:22:05,44.37418754,-124.95623018,663.337833,1608.813694,264.75,-11.3,4.0,0.00,195.96,195.96,HMR2300,-2826.7,-14173.3,49246.7,51323.6,,,,,,,,RR1713,,
J2-970,ASNAP,2017/07/28 01:22:10,44.37418815,-124.95623071,663.295198,1608.881586,264.91,-9.9,3.8,0.00,196.03,196.03,HMR2300,-2126.7,-13920.0,48766.7,50759.0,,,,,,,,RR1713,,
J2-970,ASNAP,2017/07/28 01:22:15,44.37418874,-124.95623123,663.253975,1608.946519,264.88,-9.7,3.6,0.00,196.09,196.09,HMR2300,-1593.3,-13726.7,49086.7,50994.7,,,,,,,,RR1713,,
J2-970,ASNAP,2017/07/28 01:22:20,44.37418930,-124.95623173,663.214089,1609.008653,265.48,-10.3,3.8,0.00,196.06,196.06,HMR2300,-2440.0,-14153.3,49246.7,51298.2,,,,,,,,RR1713,,
J2-970,ASNAP,2017/07/28 01:22:25,44.37418983,-124.95623221,663.175413,1609.068233,266.05,-10.1,4.9,0.00,196.01,196.01,HMR2300,-2706.7,-15013.3,48500.0,50842.7,,,,,,,,RR1713,,
J2-970,ASNAP,2017/07/28 01:22:30,44.37419035,-124.95623268,663.137912,1609.125352,266.05,-9.8,5.1,0.00,196.01,196.01,HMR2300,-2113.3,-15206.7,48880.0,51234.4,,,,,,,,RR1713,,
J2-970,ASNAP,2017/07/28 01:22:35,44.37419084,-124.95623314,663.101606,1609.180019,265.23,-9.7,5.0,0.00,196.05,196.05,HMR2300,-2020.0,-15340.0,49126.7,51505.6,,,,,,,,RR1713,,
J2-970,ASNAP,2017/07/28 01:22:40,44.37419131,-124.95623358,663.066543,1609.232198,264.82,-10.1,5.3,0.00,196.03,196.03,HMR2300,-2500.0,-15453.3,48566.7,51027.2,,,,,,,,RR1713,,
J2-970,ASNAP,2017/07/28 01:22:45,44.37419176,-124.95623400,663.032780,1609.281844,264.78,-10.9,5.3,0.00,195.97,195.97,HMR2300,-2720.0,-15300.0,48766.7,51182.8,,,,,,,,RR1713,,
J2-970,ASNAP,2017/07/28 01:22:50,44.37419218,-124.95623441,663.000334,1609.328972,265.03,-10.7,5.4,0.00,195.96,195.96,HMR2300,-2833.3,-15660.0,48953.3,51475.2,,,,,,,,RR1713,,
J2-970,ASNAP,2017/07/28 01:22:55,44.37419258,-124.95623480,662.969200,1609.373626,265.25,-10.0,5.0,0.00,196.00,196,HMR2300,-2500.0,-15220.0,48573.3,50963.4,,,,,,,,RR1713,,
J2-970,ASNAP,2017/07/28 01:23:00,44.37419296,-124.95623517,662.939373,1609.415858,265.48,-10.0,5.2,0.00,196.01,196.01,HMR2300,-2206.7,-15426.7,48866.7,51291.3,,,,,,,,RR1713,,
J2-970,ASNAP,2017/07/28 01:23:05,44.37419332,-124.95623553,662.910847,1609.455715,264.22,-9.7,5.6,0.00,195.97,195.97,HMR2300,-1426.7,-15606.7,49153.3,51591.2,,,,,,,,RR1713,,
J2-970,ASNAP,2017/07/28 01:23:10,44.37419366,-124.95623587,662.883626,1609.493234,261.97,-9.5,4.9,0.00,196.00,196,HMR2300,-973.3,-14453.3,48840.0,50943.0,,,,,,,,RR1713,,
J2-970,ASNAP,2017/07/28 01:23:15,44.37419397,-124.95623620,662.857706,1609.528457,266.67,-9.6,4.8,0.00,196.05,196.05,HMR2300,-2333.3,-15166.7,48940.0,51289.3,,,,,,,,RR1713,,
J2-970,ASNAP,2017/07/28 01:23:20,44.37419427,-124.95623651,662.833020,1609.561513,266.86,-10.1,5.0,0.00,196.02,196.02,HMR2300,-2846.7,-15600.0,48980.0,51483.0,,,,,,,,RR1713,,
J2-970,ASNAP,2017/07/28 01:23:25,44.37419455,-124.95623680,662.809479,1609.592557,265.01,-10.2,5.2,0.00,195.99,195.99,HMR2300,-2546.7,-15280.0,48540.0,50951.9,,,,,,,,RR1713,,
J2-970,ASNAP,2017/07/28 01:23:30,44.37419481,-124.95623708,662.787052,1609.621661,264.55,-10.1,5.3,0.00,195.99,195.99,HMR2300,-2000.0,-15260.0,49026.7,51385.6,,,,,,,,RR1713,,
J2-970,ASNAP,2017/07/28 01:23:35,44.37419506,-124.95623735,662.765735,1609.648863,265.01,-10.4,5.4,0.00,195.97,195.97,HMR2300,-2706.7,-15613.3,48953.3,51454.2,,,,,,,,RR1713,,
J2-970,ASNAP,2017/07/28 01:23:40,44.37419529,-124.95623761,662.745539,1609.674183,265.58,-10.5,5.4,0.00,195.95,195.95,HMR2300,-3013.3,-15600.0,48453.3,50991.8,,,,,,,,RR1713,,
J2-970,ASNAP,2017/07/28 01:23:45,44.37419550,-124.95623784,662.726475,1609.697637,265.82,-9.9,5.3,0.00,195.99,195.99,HMR2300,-2200.0,-15573.3,49000.0,51462.3,,,,,,,,RR1713,,
J2-970,ASNAP,2017/07/28 01:23:50,44.37419569,-124.95623807,662.708529,1609.719277,265.43,-9.8,5.2,0.00,196.00,196,HMR2300,-2366.7,-15560.0,48973.3,51440.3,,,,,,,,RR1713,,
J2-970,ASNAP,2017/07/28 01:23:55,44.37419587,-124.95623828,662.691673,1609.739167,265.13,-10.3,5.2,0.00,195.99,195.99,HMR2300,-2673.3,-15373.3,48533.3,50980.1,,,,,,,,RR1713,,
J2-970,ASNAP,2017/07/28 01:24:00,44.37419603,-124.95623848,662.675879,1609.757375,264.45,-10.2,5.1,0.00,195.97,195.97,HMR2300,-1666.7,-14626.7,49040.0,51201.9,,,,,,,,RR1713,,
J2-970,ASNAP,2017/07/28 01:24:05,44.37419618,-124.95623866,662.661117,1609.773969,263.31,-9.5,3.9,0.00,196.03,196.03,HMR2300,-1260.0,-13746.7,49140.0,51042.1,,,,,,,,RR1713,,
J2-970,ASNAP,2017/07/28 01:24:10,44.37419632,-124.95623884,662.647369,1609.789001,264.48,-9.7,3.9,0.00,196.04,196.04,HMR2300,-1786.7,-13893.3,48713.3,50687.3,,,,,,,,RR1713,,
J2-970,ASNAP,2017/07/28 01:24:15,44.37419644,-124.95623900,662.634614,1609.802526,265.69,-10.2,4.1,0.00,196.01,196.01,HMR2300,-2133.3,-14293.3,49073.3,51157.0,,,,,,,,RR1713,,
J2-970,ASNAP,2017/07/28 01:24:20,44.37419655,-124.95623914,662.622800,1609.814625,267.08,-10.1,4.1,0.00,195.99,195.99,HMR2300,-3166.7,-14733.3,48893.3,51163.0,,,,,,,,RR1713,,
J2-970,ASNAP,2017/07/28 01:24:25,44.37419665,-124.95623928,662.611871,1609.825386,268.49,-9.8,4.3,0.00,196.03,196.03,HMR2300,-3073.3,-14700.0,48466.7,50740.1,,,,,,,,RR1713,,
J2-970,ASNAP,2017/07/28 01:24:30,44.37419673,-124.95623941,662.601792,1609.834868,267.53,-8.1,3.6,0.00,196.12,196.12,HMR2300,-1040.0,-13973.3,49280.0,51233.3,,,,,,,,RR1713,,
J2-970,ASNAP,2017/07/28 01:24:35,44.37419681,-124.95623952,662.592539,1609.843119,264.92,-9.1,3.6,0.00,196.09,196.09,HMR2300,-1460.0,-13940.0,49113.3,51074.2,,,,,,,,RR1713,,
J2-970,ASNAP,2017/07/28 01:24:40,44.37419687,-124.95623963,662.584100,1609.850173,264.99,-10.2,3.8,0.00,196.00,196,HMR2300,-2266.7,-13886.7,48666.7,50659.9,,,,,,,,RR1713,,
J2-970,ASNAP,2017/07/28 01:24:45,44.37419692,-124.95623973,662.576466,1609.856062,265.75,-9.7,3.6,0.00,196.02,196.02,HMR2300,-1760.0,-13833.3,49300.0,51234.3,,,,,,,,RR1713,,
J2-970,ASNAP,2017/07/28 01:24:50,44.37419697,-124.95623981,662.569613,1609.860831,266.21,-9.2,3.7,0.00,196.05,196.05,HMR2300,-1860.0,-14186.7,48946.7,50995.1,,,,,,,,RR1713,,
J2-970,ASNAP,2017/07/28 01:24:55,44.37419700,-124.95623989,662.563512,1609.864527,266.29,-9.2,4.0,0.00,196.05,196.05,HMR2300,-1893.3,-14293.3,48693.3,50783.1,,,,,,,,RR1713,,
J2-970,ASNAP,2017/07/28 01:25:00,44.37419702,-124.95623996,662.558135,1609.867195,266.21,-9.6,4.5,0.00,196.02,196.02,HMR2300,-2000.0,-14726.7,49273.3,51465.9,,,,,,,,RR1713,,
J2-970,ASNAP,2017/07/28 01:25:05,44.37419704,-124.95624001,662.553455,1609.868878,264.21,-9.2,4.0,0.00,196.01,196.01,HMR2300,-1560.0,-14213.3,49073.3,51114.0,,,,,,,,RR1713,,
J2-970,ASNAP,2017/07/28 01:25:10,44.37419704,-124.95624006,662.549450,1609.869617,264.97,-9.2,4.4,0.00,196.04,196.04,HMR2300,-1820.0,-14613.3,48753.3,50928.9,,,,,,,,RR1713,,
J2-970,ASNAP,2017/07/28 01:25:15,44.37419704,-124.95624011,662.546094,1609.869449,267.57,-9.2,4.2,0.00,196.03,196.03,HMR2300,-2046.7,-14613.3,49153.3,51320.4,,,,,,,,RR1713,,
J2-970,ASNAP,2017/07/28 01:25:20,44.37419703,-124.95624014,662.543357,1609.868404,265.86,-8.8,4.3,0.00,196.05,196.05,HMR2300,-1646.7,-14653.3,48886.7,51062.1,,,,,,,,RR1713,,
J2-970,ASNAP,2017/07/28 01:25:25,44.37419702,-124.95624017,662.541209,1609.866508,265.08,-9.6,4.4,0.00,196.03,196.03,HMR2300,-1873.3,-14486.7,48806.7,50945.7,,,,,,,,RR1713,,
J2-970,ASNAP,2017/07/28 01:25:30,44.37419699,-124.95624019,662.539628,1609.863782,263.34,-8.9,4.4,0.00,195.99,195.99,HMR2300,-380.0,-14280.0,49480.0,51500.8,,,,,,,,RR1713,,
J2-970,ASNAP,2017/07/28 01:25:35,44.37419696,-124.95624020,662.538599,1609.860246,266.24,-9.4,4.4,0.00,196.04,196.04,HMR2300,-2300.0,-15093.3,48900.0,51228.0,,,,,,,,RR1713,,
J2-970,ASNAP,2017/07/28 01:25:40,44.37419692,-124.95624021,662.538105,1609.855924,266.74,-9.9,4.5,0.00,196.01,196.01,HMR2300,-2573.3,-14746.7,48726.7,50974.3,,,,,,,,RR1713,,
J2-970,ASNAP,2017/07/28 01:25:45,44.37419688,-124.95624021,662.538129,1609.850837,264.42,-9.5,4.2,0.00,195.99,195.99,HMR2300,-1120.0,-14186.7,49446.7,51453.8,,,,,,,,RR1713,,
J2-970,ASNAP,2017/07/28 01:25:50,44.37419682,-124.95624020,662.538653,1609.844997,265.09,-12.2,4.4,0.00,196.03,196.03,HMR2300,-4000.0,-14673.3,48706.7,51025.9,,,,,,,,RR1713,,
J2-970,ASNAP,2017/07/28 01:25:55,44.37419676,-124.95624019,662.539659,1609.838419,264.91,-11.5,3.8,0.00,196.02,196.02,HMR2300,-2440.0,-13773.3,49093.3,51047.2,,,,,,,,RR1713,,
J2-970,ASNAP,2017/07/28 01:26:00,44.37419670,-124.95624017,662.541127,1609.831119,260.96,-10.7,4.4,0.00,195.90,195.9,HMR2300,-940.0,-13293.3,49040.0,50818.5,,,,,,,,RR1713,,
J2-970,ASNAP,2017/07/28 01:26:05,44.37419663,-124.95624015,662.543037,1609.823116,264.89,-10.3,3.2,0.00,195.80,195.8,HMR2300,-2393.3,-13520.0,49093.3,50977.2,,,,,,,,RR1713,,
J2-970,ASNAP,2017/07/28 01:26:10,44.37419655,-124.95624012,662.545368,1609.814432,265.08,-10.4,3.6,0.00,195.75,195.75,HMR2300,-2653.3,-13960.0,48926.7,50948.4,,,,,,,,RR1713,,
J2-970,ASNAP,2017/07/28 01:26:15,44.37419646,-124.95624008,662.548102,1609.805077,265.21,-9.7,2.8,0.00,195.63,195.63,HMR2300,-1733.3,-13300.0,49526.7,51310.7,,,,,,,,RR1713,,
J2-970,ASNAP,2017/07/28 01:26:20,44.37419637,-124.95624004,662.551229,1609.795030,257.16,-9.8,3.8,0.00,195.81,195.81,HMR2300,1020.0,-12206.7,49380.0,50876.6,,,,,,,,RR1713,,
J2-970,ASNAP,2017/07/28 01:26:25,44.37419628,-124.95624000,662.554744,1609.784269,262.19,-9.6,3.8,0.00,196.07,196.07,HMR2300,-1073.3,-13593.3,49000.0,50861.9,,,,,,,,RR1713,,
J2-970,ASNAP,2017/07/28 01:26:30,44.37419617,-124.95623995,662.558634,1609.772784,263.66,-10.5,3.7,0.00,196.19,196.19,HMR2300,-2046.7,-13960.0,49213.3,51195.9,,,,,,,,RR1713,,
J2-970,ASNAP,2017/07/28 01:26:35,44.37419606,-124.95623990,662.562887,1609.760574,264.49,-11.0,4.7,0.00,196.28,196.28,HMR2300,-3186.7,-14673.3,48926.7,51178.9,,,,,,,,RR1713,,
J2-970,ASNAP,2017/07/28 01:26:40,44.37419595,-124.95623984,662.567481,1609.747655,268.90,-10.6,4.3,0.00,196.22,196.22,HMR2300,-3566.7,-15220.0,49153.3,51579.3,,,,,,,,RR1713,,
J2-970,ASNAP,2017/07/28 01:26:45,44.37419582,-124.95623978,662.572397,1609.734042,266.30,-10.1,3.9,0.00,196.29,196.29,HMR2300,-2606.7,-14426.7,49020.0,51165.3,,,,,,,,RR1713,,
J2-970,ASNAP,2017/07/28 01:26:50,44.37419570,-124.95623971,662.577617,1609.719740,265.78,-9.8,3.9,0.00,196.34,196.34,HMR2300,-2160.0,-14273.3,48940.0,51024.7,,,,,,,,RR1713,,
J2-970,ASNAP,2017/07/28 01:26:55,44.37419556,-124.95623964,662.583125,1609.704751,266.17,-10.1,3.9,0.00,196.33,196.33,HMR2300,-2566.7,-14540.0,49360.0,51521.0,,,,,,,,RR1713,,
J2-970,ASNAP,2017/07/28 01:27:00,44.37419542,-124.95623957,662.588904,1609.689075,266.80,-10.3,2.8,0.00,196.33,196.33,HMR2300,-3480.0,-13586.7,49040.0,51006.2,,,,,,,,RR1713,,
J2-970,ASNAP,2017/07/28 01:27:05,44.37419527,-124.95623949,662.594937,1609.672718,267.41,-11.0,2.7,0.00,196.30,196.3,HMR2300,-3966.7,-13493.3,48946.7,50927.2,,,,,,,,RR1713,,
J2-970,ASNAP,2017/07/28 01:27:10,44.37419512,-124.95623942,662.601202,1609.655697,269.65,-10.5,2.8,0.00,196.29,196.29,HMR2300,-4073.3,-13993.3,49340.0,51447.5,,,,,,,,RR1713,,
J2-970,ASNAP,2017/07/28 01:27:15,44.37419496,-124.95623933,662.607681,1609.638012,269.39,-9.9,3.2,0.00,196.33,196.33,HMR2300,-3866.7,-14286.7,48820.0,51014.2,,,,,,,,RR1713,,
J2-970,EVT,2017/07/28 01:27:18,44.37419486,-124.95623928,662.611672,1609.627066,269.19,-9.6,3.3,0.00,196.33,196.33,HMR2300,-3173.3,-14233.3,49173.3,51290.1,,,,,,,,RR1713,DLG,TXT: Port manipulator holds handle on platform to stabalize USR:eventlogger
J2-970,ASNAP,2017/07/28 01:27:20,44.37419480,-124.95623925,662.614375,1609.619622,268.47,-9.8,3.1,0.00,196.35,196.35,HMR2300,-3226.7,-13646.7,49060.0,51024.8,,,,,,,,RR1713,,
J2-970,ASNAP,2017/07/28 01:27:25,44.37419462,-124.95623916,662.621283,1609.600488,265.38,-10.6,2.2,0.00,196.31,196.31,HMR2300,-2900.0,-13020.0,49660.0,51420.3,,,,,,,,RR1713,,
J2-970,ASNAP,2017/07/28 01:27:30,44.37419444,-124.95623907,662.628391,1609.580599,269.05,-10.7,2.7,0.00,196.29,196.29,HMR2300,-4620.0,-13780.0,48766.7,50886.3,,,,,,,,RR1713,,
J2-970,ASNAP,2017/07/28 01:27:35,44.37419426,-124.95623898,662.635681,1609.559963,267.25,-10.2,2.9,0.00,196.33,196.33,HMR2300,-2966.7,-13566.7,49126.7,51051.8,,,,,,,,RR1713,,
J2-970,ASNAP,2017/07/28 01:27:40,44.37419407,-124.95623889,662.643127,1609.538616,268.34,-10.1,3.0,0.00,196.35,196.35,HMR2300,-3460.0,-14006.7,49393.3,51457.4,,,,,,,,RR1713,,
J2-970,ASNAP,2017/07/28 01:27:45,44.37419387,-124.95623879,662.650702,1609.516590,267.39,-10.3,2.8,0.00,196.35,196.35,HMR2300,-3640.0,-13700.0,48980.0,50990.0,,,,,,,,RR1713,,
J2-970,ASNAP,2017/07/28 01:27:50,44.37419366,-124.95623870,662.658389,1609.493893,267.62,-10.8,2.9,0.00,196.34,196.34,HMR2300,-3600.0,-13673.3,49126.7,51120.9,,,,,,,,RR1713,,
J2-970,ASNAP,2017/07/28 01:27:55,44.37419345,-124.95623860,662.666174,1609.470531,268.85,-10.0,3.2,0.00,196.36,196.36,HMR2300,-3493.3,-14240.0,49340.0,51472.5,,,,,,,,RR1713,,
J2-970,ASNAP,2017/07/28 01:28:00,44.37419324,-124.95623850,662.674043,1609.446513,267.84,-10.2,3.2,0.00,196.40,196.4,HMR2300,-3460.0,-13920.0,48900.0,50960.3,,,,,,,,RR1713,,
J2-970,ASNAP,2017/07/28 01:28:05,44.37419302,-124.95623840,662.681976,1609.421862,265.39,-10.2,2.7,0.00,196.38,196.38,HMR2300,-2646.7,-13140.0,49233.3,51025.3,,,,,,,,RR1713,,
J2-970,ASNAP,2017/07/28 01:28:10,44.37419279,-124.95623830,662.689946,1609.396635,269.95,-10.4,3.4,0.00,196.35,196.35,HMR2300,-4253.3,-14580.0,49160.0,51452.6,,,,,,,,RR1713,,
J2-970,ASNAP,2017/07/28 01:28:15,44.37419256,-124.95623820,662.697937,1609.370845,271.62,-10.0,3.2,0.00,196.36,196.36,HMR2300,-4866.7,-14233.3,48653.3,50925.6,,,,,,,,RR1713,,
J2-970,ASNAP,2017/07/28 01:28:20,44.37419232,-124.95623810,662.705962,1609.344426,272.36,-10.5,2.9,0.00,196.37,196.37,HMR2300,-5146.7,-14080.0,48840.0,51088.9,,,,,,,,RR1713,,
J2-970,ASNAP,2017/07/28 01:28:25,44.37419207,-124.95623800,662.714024,1609.317335,272.76,-11.7,3.3,0.00,196.33,196.33,HMR2300,-6180.0,-14760.0,48866.7,51419.9,,,,,,,,RR1713,,
J2-970,ASNAP,2017/07/28 01:28:30,44.37419183,-124.95623790,662.722108,1609.289596,273.45,-11.4,3.2,0.00,196.30,196.3,HMR2300,-6493.3,-14560.0,48300.0,50863.0,,,,,,,,RR1713,,
J2-970,ASNAP,2017/07/28 01:28:35,44.37419157,-124.95623780,662.730192,1609.261248,274.04,-10.4,2.9,0.00,196.35,196.35,HMR2300,-5460.0,-14286.7,48833.3,51172.4,,,,,,,,RR1713,,
J2-970,ASNAP,2017/07/28 01:28:40,44.37419131,-124.95623770,662.738255,1609.232342,273.63,-10.1,3.0,0.00,196.39,196.39,HMR2300,-5266.7,-14573.3,49066.7,51455.4,,,,,,,,RR1713,,
J2-970,ASNAP,2017/07/28 01:28:45,44.37419104,-124.95623760,662.746277,1609.202919,274.31,-10.1,3.0,0.00,196.38,196.38,HMR2300,-5833.3,-14460.0,48433.3,50881.3,,,,,,,,RR1713,,
J2-970,ASNAP,2017/07/28 01:28:50,44.37419078,-124.95623750,662.754245,1609.173001,273.35,-10.7,3.1,0.00,196.35,196.35,HMR2300,-5393.3,-14413.3,48880.0,51245.4,,,,,,,,RR1713,,
J2-970,ASNAP,2017/07/28 01:28:55,44.37419050,-124.95623740,662.762144,1609.142623,274.21,-10.0,3.3,0.00,196.35,196.35,HMR2300,-5573.3,-14766.7,48906.7,51390.5,,,,,,,,RR1713,,
J2-970,ASNAP,2017/07/28 01:29:00,44.37419023,-124.95623730,662.769953,1609.111846,274.28,-10.1,3.4,0.00,196.36,196.36,HMR2300,-5653.3,-15066.7,48346.7,50954.5,,,,,,,,RR1713,,
J2-970,ASNAP,2017/07/28 01:29:05,44.37418995,-124.95623720,662.777650,1609.080727,273.12,-11.2,3.5,0.00,196.38,196.38,HMR2300,-5540.0,-14726.7,48820.0,51292.9,,,,,,,,RR1713,,
J2-970,ASNAP,2017/07/28 01:29:10,44.37418966,-124.95623711,662.785217,1609.049316,271.79,-11.4,2.7,0.00,196.34,196.34,HMR2300,-5973.3,-14060.0,48960.0,51287.9,,,,,,,,RR1713,,
J2-970,ASNAP,2017/07/28 01:29:15,44.37418938,-124.95623701,662.792648,1609.017620,273.52,-11.0,2.7,0.00,196.33,196.33,HMR2300,-6306.7,-14293.3,48386.7,50846.3,,,,,,,,RR1713,,
J2-970,ASNAP,2017/07/28 01:29:20,44.37418909,-124.95623692,662.799949,1608.985579,275.35,-10.3,3.3,0.00,196.36,196.36,HMR2300,-5746.7,-14886.7,48713.3,51260.4,,,,,,,,RR1713,,
J2-970,ASNAP,2017/07/28 01:29:25,44.37418880,-124.95623683,662.807119,1608.953160,267.04,-8.5,4.2,0.00,196.42,196.42,HMR2300,-2006.7,-14220.0,49046.7,51105.9,,,,,,,,RR1713,,
J2-970,ASNAP,2017/07/28 01:29:30,44.37418850,-124.95623674,662.814146,1608.920385,267.88,-9.3,2.9,0.00,196.39,196.39,HMR2300,-2893.3,-13620.0,49293.3,51222.1,,,,,,,,RR1713,,
J2-970,ASNAP,2017/07/28 01:29:35,44.37418820,-124.95623666,662.821008,1608.887303,273.18,-10.6,2.3,0.00,196.18,196.18,HMR2300,-5266.7,-14240.0,48806.7,51113.7,,,,,,,,RR1713,,
J2-970,ASNAP,2017/07/28 01:29:40,44.37418790,-124.95623657,662.827680,1608.853995,274.37,-10.3,3.3,0.00,196.11,196.11,HMR2300,-6446.7,-14660.0,48626.7,51196.0,,,,,,,,RR1713,,
J2-970,ASNAP,2017/07/28 01:29:45,44.37418760,-124.95623649,662.834137,1608.820530,275.42,-10.4,3.2,0.00,196.10,196.1,HMR2300,-5953.3,-15046.7,48340.0,50976.5,,,,,,,,RR1713,,
J2-970,ASNAP,2017/07/28 01:29:50,44.37418730,-124.95623642,662.840363,1608.786952,278.79,-11.4,4.5,0.00,196.16,196.16,HMR2300,-8040.0,-16313.3,48166.7,51485.9,,,,,,,,RR1713,,
J2-970,ASNAP,2017/07/28 01:29:55,44.37418700,-124.95623634,662.846340,1608.753298,279.31,-10.8,4.5,0.00,196.35,196.35,HMR2300,-7513.3,-16680.0,47920.0,51293.3,,,,,,,,RR1713,,
J2-970,ASNAP,2017/07/28 01:30:00,44.37418670,-124.95623627,662.852054,1608.719602,278.97,-11.2,3.6,0.00,196.41,196.41,HMR2300,-8506.7,-15253.3,47940.0,51022.3,,,,,,,,RR1713,,
J2-970,ASNAP,2017/07/28 01:30:05,44.37418639,-124.95623620,662.857487,1608.685915,279.42,-11.5,3.2,0.00,196.42,196.42,HMR2300,-8020.0,-14953.3,48193.3,51093.2,,,,,,,,RR1713,,
J2-970,EVT,2017/07/28 01:30:10,44.37418609,-124.95623614,662.862615,1608.652318,280.88,-12.0,3.6,0.00,196.47,196.47,HMR2300,-9940.0,-15486.7,47906.7,51319.5,,,,,,,,RR1713,DLG,TXT: Cabel is more difficult to secure than usual USR:eventlogger
J2-970,ASNAP,2017/07/28 01:30:10,44.37418609,-124.95623614,662.862615,1608.652318,280.88,-12.0,3.6,0.00,196.47,196.47,HMR2300,-9880.0,-15420.0,48033.3,51406.1,,,,,,,,RR1713,,
J2-970,ASNAP,2017/07/28 01:30:15,44.37418579,-124.95623608,662.867427,1608.618823,276.66,-11.7,2.7,0.00,196.62,196.62,HMR2300,-8173.3,-14280.0,48120.0,50855.2,,,,,,,,RR1713,,
J2-970,ASNAP,2017/07/28 01:30:20,44.37418549,-124.95623602,662.871921,1608.585357,278.15,-7.8,4.3,0.00,196.78,196.78,HMR2300,-4913.3,-15486.7,48726.7,51364.1,,,,,,,,RR1713,,
J2-970,ASNAP,2017/07/28 01:30:25,44.37418519,-124.95623597,662.876091,1608.551878,279.59,-7.8,3.9,0.00,196.68,196.68,HMR2300,-5813.3,-15626.7,48700.0,51475.0,,,,,,,,RR1713,,
J2-970,ASNAP,2017/07/28 01:30:30,44.37418488,-124.95623592,662.879922,1608.518388,280.49,-11.1,2.7,0.00,196.52,196.52,HMR2300,-8940.0,-14600.0,47840.0,50810.9,,,,,,,,RR1713,,
J2-970,ASNAP,2017/07/28 01:30:35,44.37418458,-124.95623588,662.883394,1608.484941,280.76,-11.5,2.4,0.00,196.42,196.42,HMR2300,-8586.7,-14433.3,48226.7,51067.2,,,,,,,,RR1713,,
J2-970,ASNAP,2017/07/28 01:30:40,44.37418428,-124.95623584,662.886483,1608.451648,280.52,-9.9,3.2,0.00,196.51,196.51,HMR2300,-7546.7,-15300.0,48446.7,51362.6,,,,,,,,RR1713,,
J2-970,ASNAP,2017/07/28 01:30:45,44.37418399,-124.95623580,662.889169,1608.418575,279.99,-9.4,3.4,0.00,196.57,196.57,HMR2300,-7120.0,-15173.3,48066.7,50905.1,,,,,,,,RR1713,,
J2-970,ASNAP,2017/07/28 01:30:50,44.37418369,-124.95623578,662.891441,1608.385726,279.95,-10.0,1.9,0.00,196.57,196.57,HMR2300,-7380.0,-14006.7,48706.7,51215.1,,,,,,,,RR1713,,
J2-970,ASNAP,2017/07/28 01:30:55,44.37418340,-124.95623575,662.893288,1608.353120,279.99,-10.6,1.2,0.00,196.52,196.52,HMR2300,-8120.0,-13640.0,48833.3,51348.6,,,,,,,,RR1713,,
J2-970,ASNAP,2017/07/28 01:31:00,44.37418311,-124.95623573,662.894700,1608.320785,280.31,-10.5,1.4,0.00,196.53,196.53,HMR2300,-8233.3,-13446.7,48246.7,50757.7,,,,,,,,RR1713,,
J2-970,ASNAP,2017/07/28 01:31:05,44.37418282,-124.95623572,662.895667,1608.288779,280.46,-11.0,2.6,0.00,196.51,196.51,HMR2300,-8133.3,-14526.7,48406.7,51189.7,,,,,,,,RR1713,,
J2-970,ASNAP,2017/07/28 01:31:10,44.37418253,-124.95623572,662.896181,1608.257185,280.53,-10.4,3.1,0.00,196.52,196.52,HMR2300,-7946.7,-15113.3,48380.0,51304.8,,,,,,,,RR1713,,
J2-970,ASNAP,2017/07/28 01:31:15,44.37418225,-124.95623571,662.896236,1608.225990,280.10,-9.9,3.3,0.00,196.56,196.56,HMR2300,-7413.3,-15106.7,48020.0,50883.1,,,,,,,,RR1713,,
J2-970,ASNAP,2017/07/28 01:31:20,44.37418198,-124.95623572,662.895825,1608.195091,278.18,-9.8,3.6,0.00,196.55,196.55,HMR2300,-6000.0,-15273.3,48700.0,51390.3,,,,,,,,RR1713,,
J2-970,ASNAP,2017/07/28 01:31:25,44.37418170,-124.95623573,662.894944,1608.164448,276.13,-9.6,4.0,0.00,196.46,196.46,HMR2300,-6140.0,-15486.7,48566.7,51344.5,,,,,,,,RR1713,,
J2-970,ASNAP,2017/07/28 01:31:30,44.37418143,-124.95623575,662.893585,1608.134089,277.87,-11.2,4.0,0.00,196.35,196.35,HMR2300,-8020.0,-15646.7,47740.0,50874.8,,,,,,,,RR1713,,
J2-970,ASNAP,2017/07/28 01:31:35,44.37418116,-124.95623577,662.891749,1608.104068,281.30,-11.9,4.2,0.00,196.29,196.29,HMR2300,-8733.3,-16186.7,48013.3,51415.6,,,,,,,,RR1713,,
J2-970,ASNAP,2017/07/28 01:31:40,44.37418089,-124.95623580,662.889436,1608.074461,279.55,-10.2,4.4,0.00,196.33,196.33,HMR2300,-7553.3,-15993.3,48166.7,51311.5,,,,,,,,RR1713,,
J2-970,ASNAP,2017/07/28 01:31:45,44.37418063,-124.95623584,662.886651,1608.045306,279.33,-9.8,4.4,0.00,196.38,196.38,HMR2300,-7126.7,-15946.7,47860.0,50947.7,,,,,,,,RR1713,,
J2-970,ASNAP,2017/07/28 01:31:50,44.37418037,-124.95623588,662.883396,1608.016608,278.83,-10.1,4.4,0.00,196.38,196.38,HMR2300,-6846.7,-16033.3,48353.3,51400.3,,,,,,,,RR1713,,
J2-970,ASNAP,2017/07/28 01:31:55,44.37418011,-124.95623592,662.879682,1607.988382,278.32,-10.6,4.3,0.00,196.35,196.35,HMR2300,-7586.7,-15986.7,48100.0,51251.7,,,,,,,,RR1713,,
J2-970,ASNAP,2017/07/28 01:32:00,44.37417987,-124.95623597,662.875519,1607.960652,278.40,-11.0,3.8,0.00,196.30,196.3,HMR2300,-7760.0,-15180.0,47960.0,50900.0,,,,,,,,RR1713,,
J2-970,ASNAP,2017/07/28 01:32:05,44.37417962,-124.95623603,662.870926,1607.933456,278.51,-10.8,2.7,0.00,196.33,196.33,HMR2300,-7406.7,-14326.7,48753.3,51351.7,,,,,,,,RR1713,,
J2-970,ASNAP,2017/07/28 01:32:10,44.37417938,-124.95623610,662.865923,1607.906832,278.72,-11.0,2.5,0.00,196.33,196.33,HMR2300,-8020.0,-14460.0,48446.7,51190.7,,,,,,,,RR1713,,
J2-970,ASNAP,2017/07/28 01:32:15,44.37417915,-124.95623616,662.860519,1607.880757,278.95,-11.5,2.8,0.00,196.31,196.31,HMR2300,-8420.0,-14573.3,47966.7,50833.8,,,,,,,,RR1713,,
J2-970,ASNAP,2017/07/28 01:32:20,44.37417892,-124.95623624,662.854712,1607.855153,280.09,-11.4,3.3,0.00,196.27,196.27,HMR2300,-8460.0,-14873.3,48386.7,51323.1,,,,,,,,RR1713,,
J2-970,ASNAP,2017/07/28 01:32:25,44.37417869,-124.95623631,662.848513,1607.829992,278.78,-11.2,3.1,0.00,196.30,196.3,HMR2300,-8173.3,-15006.7,48193.3,51133.2,,,,,,,,RR1713,,
J2-970,ASNAP,2017/07/28 01:32:30,44.37417847,-124.95623640,662.841939,1607.805281,278.41,-11.6,3.5,0.00,196.29,196.29,HMR2300,-8253.3,-15173.3,47886.7,50906.6,,,,,,,,RR1713,,
J2-970,ASNAP,2017/07/28 01:32:35,44.37417825,-124.95623648,662.835019,1607.781059,278.59,-12.0,3.8,0.00,196.25,196.25,HMR2300,-8320.0,-15326.7,48340.0,51389.5,,,,,,,,RR1713,,
J2-970,ASNAP,2017/07/28 01:32:40,44.37417804,-124.95623657,662.827789,1607.757382,278.65,-11.7,3.7,0.00,196.25,196.25,HMR2300,-8613.3,-15446.7,47966.7,51123.3,,,,,,,,RR1713,,
J2-970,ASNAP,2017/07/28 01:32:45,44.37417783,-124.95623667,662.820277,1607.734259,278.89,-11.6,3.7,0.00,196.27,196.27,HMR2300,-8440.0,-15153.3,47813.3,50862.3,,,,,,,,RR1713,,
J2-970,ASNAP,2017/07/28 01:32:50,44.37417762,-124.95623677,662.812501,1607.711667,279.13,-11.4,3.6,0.00,196.26,196.26,HMR2300,-8106.7,-15246.7,48420.0,51407.0,,,,,,,,RR1713,,
J2-970,ASNAP,2017/07/28 01:32:55,44.37417743,-124.95623687,662.804491,1607.689610,279.15,-11.1,4.2,0.00,196.26,196.26,HMR2300,-8273.3,-16000.0,47833.3,51112.4,,,,,,,,RR1713,,
J2-970,ASNAP,2017/07/28 01:33:00,44.37417723,-124.95623697,662.796288,1607.668111,278.90,-11.2,4.8,0.00,196.27,196.27,HMR2300,-7993.3,-16240.0,47653.3,50975.2,,,,,,,,RR1713,,
J2-970,EVT,2017/07/28 01:33:01,44.37417719,-124.95623699,662.794628,1607.663880,278.82,-11.2,4.9,0.00,196.27,196.27,HMR2300,-8186.7,-16020.0,47626.7,50911.3,,,,,,,,RR1713,DLG,TXT: Starboard manipulator moves cable looped under base of plug USR:eventlogger
J2-970,ASNAP,2017/07/28 01:33:05,44.37417704,-124.95623707,662.787933,1607.647192,275.94,-9.9,5.1,0.00,196.25,196.25,HMR2300,-5093.3,-16400.0,48613.3,51557.3,,,,,,,,RR1713,,
J2-970,ASNAP,2017/07/28 01:33:10,44.37417686,-124.95623718,662.779467,1607.626868,277.93,-10.6,5.1,0.00,196.21,196.21,HMR2300,-7320.0,-16480.0,47826.7,51113.2,,,,,,,,RR1713,,
J2-970,ASNAP,2017/07/28 01:33:15,44.37417668,-124.95623729,662.770909,1607.607102,278.02,-11.4,5.0,0.00,196.13,196.13,HMR2300,-7660.0,-16440.0,47760.0,51087.8,,,,,,,,RR1713,,
J2-970,ASNAP,2017/07/28 01:33:20,44.37417651,-124.95623740,662.762266,1607.587823,278.36,-11.9,5.2,0.00,196.07,196.07,HMR2300,-8186.7,-16786.7,48060.0,51561.4,,,,,,,,RR1713,,
J2-970,ASNAP,2017/07/28 01:33:25,44.37417634,-124.95623750,662.753563,1607.569007,278.69,-11.1,5.2,0.00,196.10,196.1,HMR2300,-8060.0,-16860.0,47700.0,51230.0,,,,,,,,RR1713,,
J2-970,ASNAP,2017/07/28 01:33:30,44.37417618,-124.95623761,662.744841,1607.550659,278.21,-10.7,5.1,0.00,196.12,196.12,HMR2300,-7213.3,-16446.7,47873.3,51131.0,,,,,,,,RR1713,,
J2-970,ASNAP,2017/07/28 01:33:35,44.37417601,-124.95623772,662.736142,1607.532786,277.75,-10.6,4.2,0.00,196.14,196.14,HMR2300,-7020.0,-15886.7,48513.3,51528.7,,,,,,,,RR1713,,
J2-970,ASNAP,2017/07/28 01:33:40,44.37417586,-124.95623783,662.727511,1607.515397,277.74,-10.7,4.0,0.00,196.14,196.14,HMR2300,-7553.3,-15793.3,48026.7,51117.9,,,,,,,,RR1713,,
J2-970,ASNAP,2017/07/28 01:33:45,44.37417571,-124.95623794,662.718991,1607.498495,277.82,-10.5,4.3,0.00,196.12,196.12,HMR2300,-6966.7,-15840.0,48166.7,51180.7,,,,,,,,RR1713,,
J2-970,ASNAP,2017/07/28 01:33:50,44.37417556,-124.95623804,662.710627,1607.482076,277.69,-10.3,4.9,0.00,196.13,196.13,HMR2300,-6773.3,-16593.3,48386.7,51599.3,,,,,,,,RR1713,,
J2-970,ASNAP,2017/07/28 01:33:55,44.37417541,-124.95623815,662.702458,1607.466137,277.56,-9.9,4.5,0.00,196.15,196.15,HMR2300,-6726.7,-16053.3,48033.3,51089.7,,,,,,,,RR1713,,
J2-970,ASNAP,2017/07/28 01:34:00,44.37417528,-124.95623825,662.694528,1607.450668,277.71,-10.1,4.3,0.00,196.15,196.15,HMR2300,-6680.0,-15813.3,48126.7,51096.6,,,,,,,,RR1713,,
J2-970,ASNAP,2017/07/28 01:34:05,44.37417514,-124.95623834,662.686879,1607.435666,278.69,-10.9,4.6,0.00,196.08,196.08,HMR2300,-7753.3,-16346.7,48240.0,51521.1,,,,,,,,RR1713,,
J2-970,ASNAP,2017/07/28 01:34:10,44.37417501,-124.95623843,662.679557,1607.421129,279.58,-10.6,4.6,0.00,196.07,196.07,HMR2300,-8000.0,-16260.0,47720.0,51044.9,,,,,,,,RR1713,,
J2-970,ASNAP,2017/07/28 01:34:15,44.37417488,-124.95623852,662.672590,1607.407021,280.57,-10.4,5.1,0.00,196.14,196.14,HMR2300,-7673.3,-17193.3,47693.3,51275.2,,,,,,,,RR1713,,
J2-970,ASNAP,2017/07/28 01:34:20,44.37417476,-124.95623860,662.666001,1607.393290,278.30,-10.5,5.3,0.00,196.16,196.16,HMR2300,-6966.7,-16713.3,48313.3,51595.0,,,,,,,,RR1713,,
J2-970,ASNAP,2017/07/28 01:34:25,44.37417464,-124.95623868,662.659824,1607.379906,277.35,-11.2,4.2,0.00,196.12,196.12,HMR2300,-7913.3,-16033.3,47740.0,50978.4,,,,,,,,RR1713,,
J2-970,ASNAP,2017/07/28 01:34:30,44.37417452,-124.95623875,662.654098,1607.366850,277.98,-10.9,5.3,0.00,196.07,196.07,HMR2300,-7406.7,-16646.7,47920.0,51266.9,,,,,,,,RR1713,,
J2-970,ASNAP,2017/07/28 01:34:35,44.37417441,-124.95623882,662.648874,1607.354122,282.04,-10.0,5.4,0.00,196.02,196.02,HMR2300,-8173.3,-16853.3,48033.3,51556.2,,,,,,,,RR1713,,
J2-970,ASNAP,2017/07/28 01:34:40,44.37417430,-124.95623888,662.644205,1607.341733,283.32,-9.1,5.5,0.00,196.11,196.11,HMR2300,-8000.0,-17253.3,47486.7,51153.3,,,,,,,,RR1713,,
J2-970,ASNAP,2017/07/28 01:34:45,44.37417419,-124.95623893,662.640137,1607.329676,279.40,-9.0,4.8,0.00,196.18,196.18,HMR2300,-6093.3,-16240.0,48293.3,51313.9,,,,,,,,RR1713,,
J2-970,ASNAP,2017/07/28 01:34:50,44.37417408,-124.95623897,662.636711,1607.317933,275.19,-10.4,4.7,0.00,196.14,196.14,HMR2300,-6153.3,-16220.0,48526.7,51534.4,,,,,,,,RR1713,,
J2-970,ASNAP,2017/07/28 01:34:55,44.37417398,-124.95623900,662.633969,1607.306491,277.06,-10.7,4.5,0.00,196.07,196.07,HMR2300,-7213.3,-16033.3,47886.7,51012.1,,,,,,,,RR1713,,
J2-970,ASNAP,2017/07/28 01:35:00,44.37417388,-124.95623903,662.631949,1607.295338,278.30,-9.9,4.1,0.00,196.14,196.14,HMR2300,-6546.7,-15753.3,48406.7,51324.8,,,,,,,,RR1713,,
J2-970,ASNAP,2017/07/28 01:35:05,44.37417378,-124.95623905,662.630693,1607.284469,278.52,-10.2,4.5,0.00,196.15,196.15,HMR2300,-7180.0,-16306.7,48293.3,51475.3,,,,,,,,RR1713,,
J2-970,ASNAP,2017/07/28 01:35:10,44.37417368,-124.95623905,662.630240,1607.273880,278.53,-10.6,4.4,0.00,196.14,196.14,HMR2300,-7660.0,-16040.0,47786.7,50985.5,,,,,,,,RR1713,,
J2-970,ASNAP,2017/07/28 01:35:15,44.37417359,-124.95623905,662.630630,1607.263540,278.49,-10.9,4.4,0.00,196.11,196.11,HMR2300,-7460.0,-15940.0,48126.7,51243.6,,,,,,,,RR1713,,
J2-970,ASNAP,2017/07/28 01:35:20,44.37417350,-124.95623903,662.631905,1607.253410,277.79,-10.9,3.7,0.00,196.10,196.1,HMR2300,-7506.7,-15493.3,48346.7,51320.5,,,,,,,,RR1713,,
J2-970,ASNAP,2017/07/28 01:35:25,44.37417341,-124.95623900,662.634110,1607.243473,277.57,-11.0,5.3,0.00,196.09,196.09,HMR2300,-7413.3,-16746.7,47640.0,51039.0,,,,,,,,RR1713,,
J2-970,ASNAP,2017/07/28 01:35:30,44.37417332,-124.95623896,662.637288,1607.233720,278.65,-10.5,4.6,0.00,196.11,196.11,HMR2300,-7040.0,-15993.3,48226.7,51294.8,,,,,,,,RR1713,,
J2-970,ASNAP,2017/07/28 01:35:35,44.37417324,-124.95623891,662.641482,1607.224152,278.32,-10.2,4.6,0.00,196.12,196.12,HMR2300,-7100.0,-16453.3,48293.3,51510.9,,,,,,,,RR1713,,
J2-970,EVT,2017/07/28 01:35:40,44.37417315,-124.95623884,662.646728,1607.214777,278.16,-10.7,4.9,0.00,196.10,196.1,HMR2300,-7406.7,-16340.0,47760.0,51018.3,,,,,,,,RR1713,DLG,TXT: Starboard manipulator removes cable to see if anything is prohibiting cable from being pluggede USR:eventlogger
J2-970,ASNAP,2017/07/28 01:35:40,44.37417315,-124.95623884,662.646728,1607.214777,278.16,-10.7,4.9,0.00,196.10,196.1,HMR2300,-7533.3,-16366.7,47693.3,50983.1,,,,,,,,RR1713,,
J2-970,ASNAP,2017/07/28 01:35:45,44.37417307,-124.95623877,662.653065,1607.205593,278.43,-11.0,4.7,0.00,196.07,196.07,HMR2300,-7426.7,-16233.3,48180.0,51380.8,,,,,,,,RR1713,,
J2-970,ASNAP,2017/07/28 01:35:50,44.37417299,-124.95623867,662.660529,1607.196596,278.57,-10.9,4.8,0.00,196.07,196.07,HMR2300,-7793.3,-16593.3,48086.7,51462.6,,,,,,,,RR1713,,
J2-970,ASNAP,2017/07/28 01:35:55,44.37417291,-124.95623856,662.669148,1607.187789,278.48,-10.5,4.8,0.00,196.09,196.09,HMR2300,-7446.7,-16333.3,47733.3,50997.1,,,,,,,,RR1713,,
J2-970,ASNAP,2017/07/28 01:36:00,44.37417283,-124.95623844,662.678945,1607.179178,278.61,-10.1,5.4,0.00,196.10,196.1,HMR2300,-6713.3,-16873.3,48206.7,51513.7,,,,,,,,RR1713,,
J2-970,ASNAP,2017/07/28 01:36:05,44.37417276,-124.95623830,662.689931,1607.170774,278.46,-10.1,5.3,0.00,196.11,196.11,HMR2300,-7093.3,-16946.7,48073.3,51464.1,,,,,,,,RR1713,,
J2-970,ASNAP,2017/07/28 01:36:10,44.37417268,-124.95623815,662.702123,1607.162587,278.19,-10.3,5.5,0.00,196.08,196.08,HMR2300,-7180.0,-16853.3,47646.7,51047.0,,,,,,,,RR1713,,
J2-970,ASNAP,2017/07/28 01:36:15,44.37417261,-124.95623798,662.715578,1607.154604,278.11,-10.3,5.5,0.00,196.07,196.07,HMR2300,-6733.3,-17026.7,48200.0,51560.5,,,,,,,,RR1713,,
J2-970,ASNAP,2017/07/28 01:36:20,44.37417254,-124.95623780,662.730361,1607.146809,278.06,-10.2,5.5,0.00,196.08,196.08,HMR2300,-7033.3,-17140.0,47966.7,51420.3,,,,,,,,RR1713,,
J2-970,EVT,2017/07/28 01:36:22,44.37417251,-124.95623772,662.736655,1607.143745,278.14,-10.2,5.5,0.00,196.08,196.08,HMR2300,-6633.3,-16986.7,48180.0,51515.6,,,,,,,,RR1713,DLG,TXT: Plug has material inside of it USR:eventlogger
J2-970,ASNAP,2017/07/28 01:36:25,44.37417247,-124.95623759,662.746512,1607.139208,279.22,-10.5,5.2,0.00,196.08,196.08,HMR2300,-7560.0,-16600.0,47553.3,50931.7,,,,,,,,RR1713,,
J2-970,ASNAP,2017/07/28 01:36:30,44.37417241,-124.95623737,662.764058,1607.131815,281.27,-10.8,4.3,0.00,196.10,196.1,HMR2300,-8413.3,-16146.7,47986.7,51324.6,,,,,,,,RR1713,,
J2-970,ASNAP,2017/07/28 01:36:35,44.37417234,-124.95623714,662.782991,1607.124657,278.89,-10.2,5.2,0.00,196.23,196.23,HMR2300,-7253.3,-16853.3,47920.0,51312.5,,,,,,,,RR1713,,
J2-970,ASNAP,2017/07/28 01:36:40,44.37417228,-124.95623688,662.803296,1607.117766,277.07,-9.0,5.1,0.00,196.39,196.39,HMR2300,-5480.0,-16200.0,48060.0,51012.1,,,,,,,,RR1713,,
J2-970,ASNAP,2017/07/28 01:36:45,44.37417222,-124.95623661,662.824979,1607.111164,277.61,-9.7,4.8,0.00,196.38,196.38,HMR2300,-6160.0,-16186.7,48440.0,51443.1,,,,,,,,RR1713,,
J2-970,ASNAP,2017/07/28 01:36:50,44.37417216,-124.95623632,662.848048,1607.104867,278.49,-11.2,4.8,0.00,196.31,196.31,HMR2300,-8040.0,-16466.7,47920.0,51304.2,,,,,,,,RR1713,,
J2-970,ASNAP,2017/07/28 01:36:55,44.37417211,-124.95623601,662.872498,1607.098899,279.17,-11.0,4.6,0.00,196.29,196.29,HMR2300,-7893.3,-16053.3,47686.7,50931.6,,,,,,,,RR1713,,
J2-970,ASNAP,2017/07/28 01:37:00,44.37417206,-124.95623569,662.898312,1607.093284,279.40,-10.1,4.8,0.00,196.34,196.34,HMR2300,-7006.7,-16386.7,48300.0,51483.1,,,,,,,,RR1713,,
J2-970,ASNAP,2017/07/28 01:37:05,44.37417201,-124.95623535,662.925452,1607.088051,279.09,-9.8,5.1,0.00,196.37,196.37,HMR2300,-7040.0,-16680.0,47993.3,51294.7,,,,,,,,RR1713,,
J2-970,ASNAP,2017/07/28 01:37:10,44.37417197,-124.95623499,662.953894,1607.083227,278.64,-9.9,5.0,0.00,196.37,196.37,HMR2300,-6893.3,-16340.0,47780.0,50965.1,,,,,,,,RR1713,,
J2-970,ASNAP,2017/07/28 01:37:15,44.37417193,-124.95623462,662.983694,1607.078829,278.38,-10.1,5.1,0.00,196.36,196.36,HMR2300,-6686.7,-16526.7,48360.0,51541.6,,,,,,,,RR1713,,
J2-970,ASNAP,2017/07/28 01:37:20,44.37417189,-124.95623423,663.014913,1607.074872,278.30,-10.1,4.8,0.00,196.36,196.36,HMR2300,-7106.7,-16440.0,48006.7,51238.8,,,,,,,,RR1713,,
J2-970,ASNAP,2017/07/28 01:37:25,44.37417186,-124.95623382,663.047553,1607.071387,278.47,-10.2,4.9,0.00,196.35,196.35,HMR2300,-6993.3,-16240.0,47800.0,50965.5,,,,,,,,RR1713,,
J2-970,ASNAP,2017/07/28 01:37:30,44.37417184,-124.95623339,663.081591,1607.068405,278.45,-10.6,4.9,0.00,196.34,196.34,HMR2300,-7140.0,-16413.3,48300.0,51509.9,,,,,,,,RR1713,,
J2-970,ASNAP,2017/07/28 01:37:35,44.37417181,-124.95623295,663.116949,1607.065964,278.10,-9.2,5.1,0.00,196.33,196.33,HMR2300,-6020.0,-16700.0,48013.3,51189.9,,,,,,,,RR1713,,
J2-970,ASNAP,2017/07/28 01:37:40,44.37417180,-124.95623249,663.153552,1607.064098,278.13,-10.2,5.2,0.00,196.23,196.23,HMR2300,-6966.7,-16493.3,47760.0,51005.7,,,,,,,,RR1713,,
J2-970,ASNAP,2017/07/28 01:37:45,44.37417179,-124.95623201,663.191368,1607.062838,278.91,-10.1,5.2,0.00,196.13,196.13,HMR2300,-6940.0,-16686.7,48253.3,51526.6,,,,,,,,RR1713,,
J2-970,ASNAP,2017/07/28 01:37:50,44.37417178,-124.95623152,663.230367,1607.062211,278.76,-10.3,5.2,0.00,196.12,196.12,HMR2300,-7453.3,-16713.3,47733.3,51121.0,,,,,,,,RR1713,,
J2-970,ASNAP,2017/07/28 01:37:55,44.37417178,-124.95623102,663.270490,1607.062245,278.50,-10.1,5.3,0.00,196.13,196.13,HMR2300,-6746.7,-16560.0,47853.3,51085.2,,,,,,,,RR1713,,
J2-970,ASNAP,2017/07/28 01:38:00,44.37417179,-124.95623050,663.311660,1607.062964,278.22,-10.2,4.6,0.00,196.14,196.14,HMR2300,-6706.7,-15900.0,48513.3,51491.1,,,,,,,,RR1713,,
J2-970,ASNAP,2017/07/28 01:38:05,44.37417180,-124.95622998,663.353775,1607.064391,278.15,-10.3,3.7,0.00,196.12,196.12,HMR2300,-7400.0,-15113.3,48206.7,51059.3,,,,,,,,RR1713,,
J2-970,ASNAP,2017/07/28 01:38:10,44.37417182,-124.95622944,663.396767,1607.066549,278.21,-10.5,3.8,0.00,196.13,196.13,HMR2300,-7066.7,-15340.0,48146.7,51023.1,,,,,,,,RR1713,,
J2-970,ASNAP,2017/07/28 01:38:15,44.37417185,-124.95622889,663.440692,1607.069469,278.22,-10.5,4.0,0.00,196.13,196.13,HMR2300,-7020.0,-15660.0,48526.7,51471.9,,,,,,,,RR1713,,
J2-970,ASNAP,2017/07/28 01:38:20,44.37417188,-124.95622832,663.485603,1607.073182,278.18,-10.2,3.9,0.00,196.15,196.15,HMR2300,-7200.0,-15566.7,48053.3,51022.4,,,,,,,,RR1713,,
J2-970,ASNAP,2017/07/28 01:38:25,44.37417192,-124.95622775,663.531454,1607.077714,278.09,-10.1,3.9,0.00,196.15,196.15,HMR2300,-6753.3,-15240.0,48146.7,50950.6,,,,,,,,RR1713,,
J2-970,ASNAP,2017/07/28 01:38:30,44.37417197,-124.95622716,663.578159,1607.083087,278.23,-9.9,3.8,0.00,196.16,196.16,HMR2300,-6660.0,-15486.7,48613.3,51453.4,,,,,,,,RR1713,,
J2-970,ASNAP,2017/07/28 01:38:35,44.37417202,-124.95622657,663.625581,1607.089316,278.61,-10.2,3.9,0.00,196.16,196.16,HMR2300,-7380.0,-15493.3,48013.3,50988.1,,,,,,,,RR1713,,
J2-970,ASNAP,2017/07/28 01:38:40,44.37417209,-124.95622596,663.673589,1607.096412,279.16,-10.4,4.1,0.00,196.15,196.15,HMR2300,-7286.7,-15453.3,48086.7,51031.6,,,,,,,,RR1713,,
J2-970,EVT,2017/07/28 01:38:41,44.37417210,-124.95622584,663.683254,1607.097937,279.20,-10.4,3.7,0.00,196.14,196.14,HMR2300,-7233.3,-15293.3,48493.3,51359.6,,,,,,,,RR1713,DLG,TXT: Starboard manipulator attempts to re-attach cable to plug USR:eventlogger
J2-970,ASNAP,2017/07/28 01:38:45,44.37417216,-124.95622536,663.722109,1607.104391,280.27,-9.7,4.2,0.00,196.14,196.14,HMR2300,-7246.7,-16113.3,48360.0,51486.3,,,,,,,,RR1713,,
J2-970,ASNAP,2017/07/28 01:38:50,44.37417224,-124.95622474,663.771063,1607.113267,278.70,-9.4,4.0,0.00,196.17,196.17,HMR2300,-6733.3,-15486.7,48060.0,50940.5,,,,,,,,RR1713,,
J2-970,ASNAP,2017/07/28 01:38:55,44.37417233,-124.95622412,663.820348,1607.123044,278.05,-10.7,4.0,0.00,196.17,196.17,HMR2300,-7360.0,-15593.3,48106.7,51103.6,,,,,,,,RR1713,,
J2-970,ASNAP,2017/07/28 01:39:00,44.37417242,-124.95622350,663.869847,1607.133722,279.46,-10.8,4.1,0.00,196.12,196.12,HMR2300,-7793.3,-16046.7,48300.0,51489.0,,,,,,,,RR1713,,
J2-970,ASNAP,2017/07/28 01:39:05,44.37417253,-124.95622288,663.919414,1607.145292,279.27,-9.3,3.7,0.00,196.18,196.18,HMR2300,-6753.3,-15180.0,48120.0,50907.5,,,,,,,,RR1713,,
J2-970,ASNAP,2017/07/28 01:39:10,44.37417264,-124.95622226,663.968954,1607.157756,277.68,-10.5,3.6,0.00,196.18,196.18,HMR2300,-6853.3,-15153.3,48373.3,51152.4,,,,,,,,RR1713,,
J2-970,ASNAP,2017/07/28 01:39:15,44.37417276,-124.95622164,664.018497,1607.171148,277.99,-11.0,3.7,0.00,196.14,196.14,HMR2300,-7500.0,-15620.0,48446.7,51452.1,,,,,,,,RR1713,,
J2-970,ASNAP,2017/07/28 01:39:20,44.37417289,-124.95622102,664.068059,1607.185501,278.48,-10.4,3.7,0.00,196.16,196.16,HMR2300,-7453.3,-15366.7,48013.3,50960.4,,,,,,,,RR1713,,
J2-970,ASNAP,2017/07/28 01:39:25,44.37417303,-124.95622039,664.117577,1607.200829,279.07,-9.8,4.0,0.00,196.20,196.2,HMR2300,-6746.7,-15700.0,48306.7,51240.0,,,,,,,,RR1713,,
J2-970,ASNAP,2017/07/28 01:39:30,44.37417317,-124.95621978,664.166945,1607.217133,278.41,-9.4,4.2,0.00,196.20,196.2,HMR2300,-6426.7,-15700.0,48566.7,51444.3,,,,,,,,RR1713,,
J2-970,ASNAP,2017/07/28 01:39:35,44.37417333,-124.95621916,664.215977,1607.234384,277.87,-10.2,3.9,0.00,196.19,196.19,HMR2300,-7126.7,-15520.0,47986.7,50935.1,,,,,,,,RR1713,,
J2-970,ASNAP,2017/07/28 01:39:40,44.37417349,-124.95621855,664.264512,1607.252558,278.15,-10.5,3.8,0.00,196.16,196.16,HMR2300,-6993.3,-15320.0,48286.7,51139.1,,,,,,,,RR1713,,
J2-970,ASNAP,2017/07/28 01:39:45,44.37417366,-124.95621795,664.312457,1607.271653,278.66,-10.2,3.7,0.00,196.18,196.18,HMR2300,-7180.0,-15593.3,48440.0,51392.0,,,,,,,,RR1713,,
J2-970,ASNAP,2017/07/28 01:39:50,44.37417384,-124.95621736,664.359721,1607.291659,278.92,-10.2,3.6,0.00,196.18,196.18,HMR2300,-7460.0,-15393.3,47933.3,50894.1,,,,,,,,RR1713,,
J2-970,ASNAP,2017/07/28 01:39:55,44.37417403,-124.95621677,664.406191,1607.312555,279.40,-10.3,4.1,0.00,196.18,196.18,HMR2300,-7226.7,-15706.7,48213.3,51219.6,,,,,,,,RR1713,,
J2-970,ASNAP,2017/07/28 01:40:00,44.37417423,-124.95621620,664.451744,1607.334311,280.33,-8.8,4.7,0.00,196.19,196.19,HMR2300,-6660.0,-16446.7,48306.7,51462.4,,,,,,,,RR1713,,
J2-970,ASNAP,2017/07/28 01:40:05,44.37417443,-124.95621565,664.496249,1607.356887,279.75,-8.1,4.7,0.00,196.25,196.25,HMR2300,-5920.0,-16260.0,47980.0,51005.0,,,,,,,,RR1713,,
J2-970,ASNAP,2017/07/28 01:40:10,44.37417464,-124.95621510,664.539624,1607.380271,279.47,-8.9,4.7,0.00,196.24,196.24,HMR2300,-6106.7,-16280.0,48360.0,51390.8,,,,,,,,RR1713,,
J2-970,ASNAP,2017/07/28 01:40:15,44.37417486,-124.95621457,664.581885,1607.404501,277.68,-9.4,4.6,0.00,196.21,196.21,HMR2300,-6106.7,-16040.0,48533.3,51478.7,,,,,,,,RR1713,,
J2-970,ASNAP,2017/07/28 01:40:20,44.37417509,-124.95621405,664.623029,1607.429606,276.89,-10.4,4.1,0.00,196.19,196.19,HMR2300,-6706.7,-15493.3,48006.7,50888.7,,,,,,,,RR1713,,
J2-970,ASNAP,2017/07/28 01:40:25,44.37417532,-124.95621355,664.662986,1607.455581,278.49,-10.8,3.9,0.00,196.17,196.17,HMR2300,-7246.7,-15486.7,48346.7,51281.1,,,,,,,,RR1713,,
J2-970,ASNAP,2017/07/28 01:40:30,44.37417556,-124.95621307,664.701653,1607.482393,279.16,-10.7,4.1,0.00,196.17,196.17,HMR2300,-7780.0,-15973.3,48193.3,51364.1,,,,,,,,RR1713,,
J2-970,ASNAP,2017/07/28 01:40:35,44.37417581,-124.95621260,664.738869,1607.509966,279.08,-10.2,4.7,0.00,196.18,196.18,HMR2300,-7340.0,-16220.0,47746.7,50957.9,,,,,,,,RR1713,,
J2-970,ASNAP,2017/07/28 01:40:40,44.37417606,-124.95621215,664.774508,1607.538238,278.64,-9.5,5.0,0.00,196.20,196.2,HMR2300,-6140.0,-16546.7,48340.0,51461.1,,,,,,,,RR1713,,
J2-970,ASNAP,2017/07/28 01:40:45,44.37417632,-124.95621173,664.808514,1607.567189,278.84,-8.7,5.5,0.00,196.23,196.23,HMR2300,-5966.7,-17120.0,48133.3,51434.6,,,,,,,,RR1713,,
J2-970,EVT,2017/07/28 01:40:48,44.37417648,-124.95621148,664.828109,1607.584875,278.71,-8.4,5.5,0.00,196.25,196.25,HMR2300,-5573.3,-16853.3,47840.0,51027.1,,,,,,,,RR1713,DLG,TXT: Cable is left not fully attached to dummy plug USR:eventlogger
J2-970,ASNAP,2017/07/28 01:40:50,44.37417659,-124.95621132,664.840826,1607.596788,278.72,-8.4,5.7,0.00,196.25,196.25,HMR2300,-5673.3,-17026.7,47760.0,51020.7,,,,,,,,RR1713,,
J2-970,ASNAP,2017/07/28 01:40:55,44.37417686,-124.95621094,664.871368,1607.626975,278.88,-8.8,5.6,0.00,196.23,196.23,HMR2300,-5753.3,-16953.3,48200.0,51417.5,,,,,,,,RR1713,,
J2-970,ASNAP,2017/07/28 01:41:00,44.37417714,-124.95621058,664.900061,1607.657683,278.76,-9.3,5.5,0.00,196.21,196.21,HMR2300,-6500.0,-17093.3,47986.7,51353.2,,,,,,,,RR1713,,
J2-970,ASNAP,2017/07/28 01:41:05,44.37417742,-124.95621024,664.926832,1607.688835,278.55,-9.2,5.5,0.00,196.21,196.21,HMR2300,-6246.7,-16773.3,47746.7,50991.3,,,,,,,,RR1713,,
J2-970,ASNAP,2017/07/28 01:41:10,44.37417770,-124.95620993,664.951651,1607.720408,278.44,-9.2,5.5,0.00,196.21,196.21,HMR2300,-5840.0,-16893.3,48266.7,51470.0,,,,,,,,RR1713,,
J2-970,ASNAP,2017/07/28 01:41:15,44.37417799,-124.95620965,664.974551,1607.752459,278.51,-9.3,5.5,0.00,196.21,196.21,HMR2300,-6426.7,-17026.7,47966.7,51303.1,,,,,,,,RR1713,,
J2-970,ASNAP,2017/07/28 01:41:20,44.37417828,-124.95620938,664.995533,1607.785000,278.61,-9.2,5.5,0.00,196.21,196.21,HMR2300,-6233.3,-16873.3,47746.7,51022.6,,,,,,,,RR1713,,
J2-970,ASNAP,2017/07/28 01:41:25,44.37417858,-124.95620914,665.014543,1607.817969,278.57,-9.2,5.5,0.00,196.21,196.21,HMR2300,-5966.7,-16946.7,48293.3,51527.0,,,,,,,,RR1713,,
J2-970,ASNAP,2017/07/28 01:41:30,44.37417888,-124.95620893,665.031520,1607.851282,278.53,-9.3,5.5,0.00,196.20,196.2,HMR2300,-6440.0,-17033.3,48040.0,51375.6,,,,,,,,RR1713,,
J2-970,ASNAP,2017/07/28 01:41:35,44.37417918,-124.95620874,665.046402,1607.884833,278.64,-9.4,5.4,0.00,196.20,196.2,HMR2300,-6320.0,-16660.0,47813.3,51025.6,,,,,,,,RR1713,,
J2-970,ASNAP,2017/07/28 01:41:40,44.37417949,-124.95620858,665.059150,1607.918536,278.76,-9.2,5.4,0.00,196.21,196.21,HMR2300,-6013.3,-16886.7,48326.7,51544.0,,,,,,,,RR1713,,
J2-970,ASNAP,2017/07/28 01:41:45,44.37417979,-124.95620845,665.069749,1607.952342,278.75,-8.9,5.6,0.00,196.24,196.24,HMR2300,-6173.3,-17140.0,47980.0,51322.2,,,,,,,,RR1713,,
J2-970,ASNAP,2017/07/28 01:41:50,44.37418010,-124.95620835,665.078191,1607.986189,278.53,-9.1,5.6,0.00,196.22,196.22,HMR2300,-6106.7,-16886.7,47740.0,51005.5,,,,,,,,RR1713,,
J2-970,ASNAP,2017/07/28 01:41:55,44.37418040,-124.95620827,665.084470,1608.020005,278.59,-9.4,5.4,0.00,196.20,196.2,HMR2300,-6133.3,-16860.0,48340.0,51561.9,,,,,,,,RR1713,,
J2-970,ASNAP,2017/07/28 01:42:00,44.37418070,-124.95620822,665.088585,1608.053699,279.01,-9.0,5.4,0.00,196.22,196.22,HMR2300,-6400.0,-16980.0,47926.7,51246.9,,,,,,,,RR1713,,
J2-970,ASNAP,2017/07/28 01:42:05,44.37418100,-124.95620819,665.090540,1608.087167,279.13,-8.8,5.5,0.00,196.25,196.25,HMR2300,-5980.0,-16880.0,47806.7,51050.7,,,,,,,,RR1713,,
J2-970,ASNAP,2017/07/28 01:42:10,44.37418130,-124.95620819,665.090339,1608.120366,279.01,-9.0,5.6,0.00,196.23,196.23,HMR2300,-5893.3,-17000.0,48306.7,51548.7,,,,,,,,RR1713,,
J2-970,ASNAP,2017/07/28 01:42:15,44.37418160,-124.95620822,665.087986,1608.153326,278.62,-9.2,5.6,0.00,196.22,196.22,HMR2300,-6393.3,-17073.3,47833.3,51189.9,,,,,,,,RR1713,,
J2-970,ASNAP,2017/07/28 01:42:20,44.37418189,-124.95620828,665.083481,1608.186039,278.34,-9.2,5.4,0.00,196.22,196.22,HMR2300,-6000.0,-16693.3,47860.0,51041.6,,,,,,,,RR1713,,
J2-970,ASNAP,2017/07/28 01:42:25,44.37418219,-124.95620836,665.076822,1608.218451,278.22,-9.2,5.4,0.00,196.22,196.22,HMR2300,-5853.3,-16860.0,48380.0,51566.9,,,,,,,,RR1713,,
J2-970,ASNAP,2017/07/28 01:42:30,44.37418247,-124.95620847,665.068020,1608.250464,278.21,-9.4,5.5,0.00,196.21,196.21,HMR2300,-6440.0,-16906.7,47833.3,51140.4,,,,,,,,RR1713,,
J2-970,ASNAP,2017/07/28 01:42:35,44.37418276,-124.95620861,665.057104,1608.281939,278.17,-9.4,5.5,0.00,196.20,196.2,HMR2300,-6073.3,-16740.0,47933.3,51134.3,,,,,,,,RR1713,,
J2-970,ASNAP,2017/07/28 01:42:40,44.37418303,-124.95620877,665.044096,1608.312781,277.93,-9.6,5.5,0.00,196.20,196.2,HMR2300,-6086.7,-17026.7,48313.3,51586.2,,,,,,,,RR1713,,
J2-970,ASNAP,2017/07/28 01:42:45,44.37418331,-124.95620896,665.029010,1608.342946,277.96,-9.6,5.5,0.00,196.20,196.2,HMR2300,-6513.3,-16980.0,47846.7,51186.4,,,,,,,,RR1713,,
J2-970,ASNAP,2017/07/28 01:42:50,44.37418357,-124.95620918,665.011875,1608.372380,278.57,-9.3,5.4,0.00,196.20,196.2,HMR2300,-6100.0,-16693.3,47960.0,51147.2,,,,,,,,RR1713,,
J2-970,ASNAP,2017/07/28 01:42:55,44.37418383,-124.95620942,664.992732,1608.401012,279.35,-9.3,5.5,0.00,196.20,196.2,HMR2300,-6453.3,-17086.7,48246.7,51588.2,,,,,,,,RR1713,,
J2-970,ASNAP,2017/07/28 01:43:00,44.37418408,-124.95620968,664.971642,1608.428761,279.61,-9.6,5.4,0.00,196.19,196.19,HMR2300,-7120.0,-16986.7,47713.3,51144.9,,,,,,,,RR1713,,
J2-970,ASNAP,2017/07/28 01:43:05,44.37418432,-124.95620997,664.948678,1608.455533,279.40,-9.8,5.1,0.00,196.19,196.19,HMR2300,-6886.7,-16400.0,47873.3,51071.0,,,,,,,,RR1713,,
J2-970,ASNAP,2017/07/28 01:43:10,44.37418455,-124.95621028,664.923845,1608.481303,278.68,-10.4,4.2,0.00,196.19,196.19,HMR2300,-7166.7,-15820.0,48453.3,51471.9,,,,,,,,RR1713,,
J2-970,ASNAP,2017/07/28 01:43:15,44.37418477,-124.95621062,664.897076,1608.506104,278.38,-11.0,3.8,0.00,196.16,196.16,HMR2300,-7953.3,-15460.0,47900.0,50957.6,,,,,,,,RR1713,,
J2-970,ASNAP,2017/07/28 01:43:20,44.37418499,-124.95621098,664.868274,1608.529947,278.26,-11.3,3.7,0.00,196.15,196.15,HMR2300,-7713.3,-15320.0,48040.0,51010.2,,,,,,,,RR1713,,
J2-970,ASNAP,2017/07/28 01:43:25,44.37418519,-124.95621137,664.837321,1608.552819,278.87,-10.3,3.7,0.00,196.17,196.17,HMR2300,-7180.0,-15546.7,48520.0,51453.3,,,,,,,,RR1713,,
J2-970,ASNAP,2017/07/28 01:43:30,44.37418539,-124.95621178,664.804140,1608.574680,278.76,-9.9,3.6,0.00,196.22,196.22,HMR2300,-7193.3,-15453.3,48006.7,50943.0,,,,,,,,RR1713,,
J2-970,ASNAP,2017/07/28 01:43:35,44.37418558,-124.95621223,664.768736,1608.595461,278.74,-10.5,4.9,0.00,196.16,196.16,HMR2300,-7073.3,-16266.7,48013.3,51185.1,,,,,,,,RR1713,,
J2-970,ASNAP,2017/07/28 01:43:40,44.37418575,-124.95621269,664.731828,1608.614911,278.51,-10.1,4.9,0.00,196.16,196.16,HMR2300,-6820.0,-16586.7,48333.3,51553.3,,,,,,,,RR1713,,
J2-970,ASNAP,2017/07/28 01:43:45,44.37418591,-124.95621315,664.694859,1608.632601,278.20,-9.5,5.1,0.00,196.20,196.2,HMR2300,-6493.3,-16586.7,47806.7,51017.2,,,,,,,,RR1713,,
J2-970,EVT,2017/07/28 01:43:47,44.37418597,-124.95621333,664.680678,1608.639014,278.17,-9.4,4.9,0.00,196.20,196.2,HMR2300,-6400.0,-16333.3,47853.3,50967.4,,,,,,,,RR1713,DLG,TXT: Starboard manipulator moves cable out of the way to access exterder pole USR:eventlogger
J2-970,ASNAP,2017/07/28 01:43:50,44.37418605,-124.95621358,664.660941,1608.647689,278.21,-9.5,5.0,0.00,196.21,196.21,HMR2300,-6106.7,-16440.0,48193.3,51285.1,,,,,,,,RR1713,,
J2-970,ASNAP,2017/07/28 01:43:55,44.37418615,-124.95621391,664.634243,1608.659090,278.62,-10.0,4.9,0.00,196.18,196.18,HMR2300,-6906.7,-16593.3,48293.3,51529.5,,,,,,,,RR1713,,
J2-970,ASNAP,2017/07/28 01:44:00,44.37418622,-124.95621417,664.614226,1608.667123,278.90,-10.3,4.9,0.00,196.16,196.16,HMR2300,-7560.0,-16400.0,47720.0,51022.7,,,,,,,,RR1713,,
J2-970,ASNAP,2017/07/28 01:44:05,44.37418628,-124.95621439,664.596582,1608.673231,282.25,-12.5,4.2,0.00,196.20,196.2,HMR2300,-10306.7,-15953.3,47533.3,51187.4,,,,,,,,RR1713,,
J2-970,ASNAP,2017/07/28 01:44:10,44.37418633,-124.95621463,664.576903,1608.678890,279.78,-10.4,4.3,0.00,196.45,196.45,HMR2300,-7466.7,-16213.3,48266.7,51461.6,,,,,,,,RR1713,,
J2-970,ASNAP,2017/07/28 01:44:15,44.37418639,-124.95621496,664.550779,1608.685574,279.29,-9.2,3.7,0.00,196.76,196.76,HMR2300,-6493.3,-15920.0,48246.7,51218.7,,,,,,,,RR1713,,
J2-970,ASNAP,2017/07/28 01:44:20,44.37418647,-124.95621541,664.515065,1608.694301,282.42,-9.5,4.7,0.00,196.65,196.65,HMR2300,-7940.0,-16380.0,47920.0,51260.8,,,,,,,,RR1713,,
J2-970,ASNAP,2017/07/28 01:44:25,44.37418655,-124.95621594,664.472509,1608.703967,283.95,-9.5,3.7,0.00,196.35,196.35,HMR2300,-8100.0,-15346.7,48260.0,51285.1,,,,,,,,RR1713,,
J2-970,ASNAP,2017/07/28 01:44:30,44.37418664,-124.95621651,664.426933,1608.713067,284.65,-9.5,3.1,0.00,196.08,196.08,HMR2300,-8713.3,-15260.0,48146.7,51253.2,,,,,,,,RR1713,,
J2-970,ASNAP,2017/07/28 01:44:35,44.37418671,-124.95621711,664.379330,1608.721056,283.55,-9.5,4.1,0.00,195.95,195.95,HMR2300,-7880.0,-16086.7,47973.3,51208.6,,,,,,,,RR1713,,
J2-970,ASNAP,2017/07/28 01:44:40,44.37418677,-124.95621773,664.329918,1608.727679,287.44,-10.0,4.2,0.00,195.67,195.67,HMR2300,-10046.7,-16006.7,47560.0,51177.2,,,,,,,,RR1713,,
J2-970,ASNAP,2017/07/28 01:44:45,44.37418681,-124.95621837,664.278987,1608.732838,282.62,-9.3,5.4,0.00,195.36,195.36,HMR2300,-7240.0,-17060.0,48013.3,51465.9,,,,,,,,RR1713,,
J2-970,ASNAP,2017/07/28 01:44:50,44.37418685,-124.95621902,664.226822,1608.736499,274.02,-9.9,3.6,0.00,195.06,195.06,HMR2300,-5066.7,-14993.3,48980.0,51473.4,,,,,,,,RR1713,,
J2-970,ASNAP,2017/07/28 01:44:55,44.37418687,-124.95621969,664.173495,1608.738666,277.78,-9.7,3.4,0.00,194.96,194.96,HMR2300,-6513.3,-15226.7,48353.3,51110.9,,,,,,,,RR1713,,
J2-970,ASNAP,2017/07/28 01:45:00,44.37418687,-124.95622038,664.119009,1608.739357,276.97,-9.4,3.9,0.00,194.80,194.8,HMR2300,-5653.3,-15526.7,48473.3,51212.3,,,,,,,,RR1713,,
J2-970,ASNAP,2017/07/28 01:45:05,44.37418687,-124.95622107,664.063433,1608.738579,276.14,-9.6,3.8,0.00,194.37,194.37,HMR2300,-5873.3,-15146.7,48313.3,50971.5,,,,,,,,RR1713,,
J2-970,ASNAP,2017/07/28 01:45:10,44.37418685,-124.95622178,664.006862,1608.736340,277.54,-9.4,3.5,0.00,194.18,194.18,HMR2300,-6146.7,-14980.0,48706.7,51327.6,,,,,,,,RR1713,,
J2-970,ASNAP,2017/07/28 01:45:15,44.37418681,-124.95622250,663.949385,1608.732646,276.64,-8.8,2.9,0.00,194.31,194.31,HMR2300,-5133.3,-14360.0,48800.0,51127.3,,,,,,,,RR1713,,
J2-970,ASNAP,2017/07/28 01:45:20,44.37418677,-124.95622324,663.891089,1608.727509,278.36,-9.1,3.6,0.00,194.37,194.37,HMR2300,-5913.3,-15226.7,48440.0,51120.0,,,,,,,,RR1713,,
J2-970,ASNAP,2017/07/28 01:45:25,44.37418671,-124.95622398,663.832056,1608.720946,276.88,-9.2,3.5,0.00,194.40,194.4,HMR2300,-5546.7,-15013.3,48560.0,51129.6,,,,,,,,RR1713,,
J2-970,ASNAP,2017/07/28 01:45:30,44.37418664,-124.95622473,663.772365,1608.712975,278.21,-9.3,4.2,0.00,194.43,194.43,HMR2300,-6060.0,-15733.3,48373.3,51227.3,,,,,,,,RR1713,,
J2-970,ASNAP,2017/07/28 01:45:35,44.37418655,-124.95622548,663.712064,1608.703612,278.24,-9.2,4.6,0.00,194.43,194.43,HMR2300,-5646.7,-15973.3,48706.7,51569.1,,,,,,,,RR1713,,
J2-970,ASNAP,2017/07/28 01:45:40,44.37418645,-124.95622625,663.651191,1608.692875,277.23,-8.8,3.1,0.00,194.45,194.45,HMR2300,-5480.0,-14720.0,48666.7,51138.6,,,,,,,,RR1713,,
J2-970,ASNAP,2017/07/28 01:45:45,44.37418635,-124.95622702,663.589771,1608.680779,279.20,-9.2,3.6,0.00,194.46,194.46,HMR2300,-6313.3,-15393.3,48680.0,51444.7,,,,,,,,RR1713,,
J2-970,ASNAP,2017/07/28 01:45:50,44.37418623,-124.95622779,663.527840,1608.667340,278.23,-9.7,3.4,0.00,194.55,194.55,HMR2300,-6653.3,-15093.3,48246.7,50988.4,,,,,,,,RR1713,,
J2-970,ASNAP,2017/07/28 01:45:55,44.37418609,-124.95622857,663.465515,1608.652598,277.49,-10.2,2.7,0.00,194.66,194.66,HMR2300,-6500.0,-14233.3,48593.3,51050.5,,,,,,,,RR1713,,
J2-970,ASNAP,2017/07/28 01:46:00,44.37418595,-124.95622936,663.402921,1608.636595,278.68,-10.4,3.3,0.00,194.79,194.79,HMR2300,-7253.3,-15180.0,48286.7,51133.6,,,,,,,,RR1713,,
J2-970,ASNAP,2017/07/28 01:46:05,44.37418579,-124.95623015,663.340124,1608.619361,278.54,-9.9,2.2,0.00,194.41,194.41,HMR2300,-6506.7,-13993.3,48580.0,50972.2,,,,,,,,RR1713,,
J2-970,ASNAP,2017/07/28 01:46:10,44.37418563,-124.95623094,663.277180,1608.600930,280.36,-10.2,2.0,0.00,194.23,194.23,HMR2300,-7460.0,-14026.7,48513.3,51048.4,,,,,,,,RR1713,,
J2-970,ASNAP,2017/07/28 01:46:15,44.37418545,-124.95623173,663.214184,1608.581352,277.77,-9.9,2.5,0.00,194.59,194.59,HMR2300,-6733.3,-14466.7,48373.3,50937.2,,,,,,,,RR1713,,
J2-970,ASNAP,2017/07/28 01:46:20,44.37418527,-124.95623252,663.151247,1608.560680,279.90,-9.4,2.9,0.00,194.84,194.84,HMR2300,-7006.7,-14966.7,48440.0,51181.3,,,,,,,,RR1713,,
J2-970,ASNAP,2017/07/28 01:46:25,44.37418507,-124.95623330,663.088497,1608.538983,285.14,-9.9,3.3,0.00,194.97,194.97,HMR2300,-9300.0,-15320.0,47926.7,51167.9,,,,,,,,RR1713,,
J2-970,ASNAP,2017/07/28 01:46:30,44.37418487,-124.95623409,663.026025,1608.516312,282.98,-10.3,3.4,0.00,194.91,194.91,HMR2300,-8640.0,-15293.3,47966.7,51081.7,,,,,,,,RR1713,,
J2-970,ASNAP,2017/07/28 01:46:35,44.37418465,-124.95623487,662.963767,1608.492666,285.25,-10.6,4.1,0.00,194.71,194.71,HMR2300,-9833.3,-16146.7,47613.3,51229.3,,,,,,,,RR1713,,
J2-970,ASNAP,2017/07/28 01:46:40,44.37418443,-124.95623565,662.901646,1608.468035,289.26,-10.7,4.0,0.00,194.56,194.56,HMR2300,-11480.0,-16053.3,47473.3,51412.2,,,,,,,,RR1713,,
J2-970,ASNAP,2017/07/28 01:46:45,44.37418420,-124.95623642,662.839680,1608.442443,294.56,-10.3,2.9,0.00,194.54,194.54,HMR2300,-13053.3,-14713.3,46773.3,50740.7,,,,,,,,RR1713,,
J2-970,ASNAP,2017/07/28 01:46:50,44.37418396,-124.95623720,662.777936,1608.415934,297.41,-9.7,3.1,0.00,194.63,194.63,HMR2300,-13486.7,-15113.3,47000.0,51179.1,,,,,,,,RR1713,,
J2-970,ASNAP,2017/07/28 01:46:55,44.37418372,-124.95623797,662.716571,1608.388595,303.44,-10.5,3.6,0.00,194.71,194.71,HMR2300,-16206.7,-15166.7,45913.3,50997.2,,,,,,,,RR1713,,
J2-970,ASNAP,2017/07/28 01:47:00,44.37418346,-124.95623873,662.655742,1608.360512,303.85,-10.5,3.7,0.00,194.74,194.74,HMR2300,-16186.7,-14886.7,45973.3,50962.4,,,,,,,,RR1713,,
J2-970,ASNAP,2017/07/28 01:47:05,44.37418320,-124.95623949,662.595525,1608.331744,302.92,-9.7,3.8,0.00,194.80,194.8,HMR2300,-15420.0,-15000.0,46166.7,50932.7,,,,,,,,RR1713,,
J2-970,ASNAP,2017/07/28 01:47:10,44.37418294,-124.95624023,662.535980,1608.302344,304.76,-10.0,3.3,0.00,194.78,194.78,HMR2300,-16286.7,-14606.7,45973.3,50913.2,,,,,,,,RR1713,,
J2-970,ASNAP,2017/07/28 01:47:15,44.37418267,-124.95624097,662.477175,1608.272373,304.38,-9.8,2.7,0.00,194.75,194.75,HMR2300,-15980.0,-14026.7,46186.7,50846.0,,,,,,,,RR1713,,
J2-970,ASNAP,2017/07/28 01:47:20,44.37418240,-124.95624170,662.419195,1608.241903,308.60,-10.2,2.9,0.00,194.72,194.72,HMR2300,-17500.0,-13940.0,45613.3,50805.0,,,,,,,,RR1713,,
J2-970,ASNAP,2017/07/28 01:47:25,44.37418212,-124.95624241,662.362173,1608.211035,308.07,-10.2,3.2,0.00,194.69,194.69,HMR2300,-17500.0,-14280.0,45533.3,50827.7,,,,,,,,RR1713,,
J2-970,ASNAP,2017/07/28 01:47:30,44.37418184,-124.95624312,662.306180,1608.179832,308.41,-10.1,3.3,0.00,194.61,194.61,HMR2300,-17313.3,-13960.0,45506.7,50650.7,,,,,,,,RR1713,,
J2-970,ASNAP,2017/07/28 01:47:35,44.37418155,-124.95624381,662.251068,1608.148235,306.49,-10.5,3.3,0.00,194.73,194.73,HMR2300,-16960.0,-14413.3,45860.0,50975.7,,,,,,,,RR1713,,
J2-970,ASNAP,2017/07/28 01:47:40,44.37418127,-124.95624449,662.196711,1608.116198,309.90,-10.8,2.9,0.00,194.75,194.75,HMR2300,-18700.0,-13420.0,45326.7,50835.9,,,,,,,,RR1713,,
J2-970,ASNAP,2017/07/28 01:47:45,44.37418097,-124.95624516,662.143172,1608.083778,307.76,-10.5,3.1,0.00,194.78,194.78,HMR2300,-17540.0,-14173.3,45613.3,50883.3,,,,,,,,RR1713,,
J2-970,ASNAP,2017/07/28 01:47:50,44.37418068,-124.95624582,662.090561,1608.051060,310.06,-7.3,4.4,0.00,194.79,194.79,HMR2300,-16240.0,-14073.3,46093.3,50856.6,,,,,,,,RR1713,,
J2-970,ASNAP,2017/07/28 01:47:55,44.37418038,-124.95624647,662.039009,1608.018151,308.49,-8.6,2.1,0.00,194.70,194.7,HMR2300,-16286.7,-12953.3,46453.3,50901.4,,,,,,,,RR1713,,
J2-970,ASNAP,2017/07/28 01:48:00,44.37418009,-124.95624710,661.988632,1607.985145,313.18,-10.0,2.2,0.00,194.76,194.76,HMR2300,-18693.3,-12626.7,45326.7,50629.8,,,,,,,,RR1713,,
J2-970,ASNAP,2017/07/28 01:48:05,44.37417979,-124.95624772,661.939469,1607.952097,312.58,-9.3,2.7,0.00,194.74,194.74,HMR2300,-17473.3,-13313.3,45740.0,50741.6,,,,,,,,RR1713,,
J2-970,ASNAP,2017/07/28 01:48:10,44.37417949,-124.95624832,661.891550,1607.919055,296.60,-10.1,2.3,0.00,194.73,194.73,HMR2300,-13946.7,-14540.0,46760.0,50915.8,,,,,,,,RR1713,,
J2-970,ASNAP,2017/07/28 01:48:15,44.37417919,-124.95624890,661.844898,1607.886066,306.45,-10.5,2.9,0.00,194.70,194.7,HMR2300,-17186.7,-14106.7,45586.7,50720.1,,,,,,,,RR1713,,
J2-970,ASNAP,2017/07/28 01:48:20,44.37417890,-124.95624947,661.799553,1607.853191,293.95,-9.9,2.1,0.00,194.69,194.69,HMR2300,-12553.3,-14086.7,47506.7,51116.6,,,,,,,,RR1713,,
J2-970,ASNAP,2017/07/28 01:48:25,44.37417860,-124.95625002,661.755607,1607.820528,298.31,-9.4,2.2,0.00,194.81,194.81,HMR2300,-13413.3,-14186.7,47013.3,50906.1,,,,,,,,RR1713,,
J2-970,ASNAP,2017/07/28 01:48:30,44.37417831,-124.95625056,661.713093,1607.788132,300.19,-9.9,3.5,0.00,194.80,194.8,HMR2300,-14346.7,-14933.3,46653.3,51042.8,,,,,,,,RR1713,,
J2-970,ASNAP,2017/07/28 01:48:35,44.37417802,-124.95625107,661.671894,1607.755944,295.05,-9.3,1.9,0.00,194.79,194.79,HMR2300,-12360.0,-14120.0,47366.7,50948.5,,,,,,,,RR1713,,
J2-970,ASNAP,2017/07/28 01:48:40,44.37417773,-124.95625157,661.631918,1607.723921,296.32,-9.7,3.2,0.00,194.81,194.81,HMR2300,-12973.3,-15160.0,46933.3,50998.7,,,,,,,,RR1713,,
J2-970,ASNAP,2017/07/28 01:48:45,44.37417745,-124.95625206,661.593181,1607.692105,296.58,-10.5,3.3,0.00,194.74,194.74,HMR2300,-13646.7,-15240.0,46686.7,50971.9,,,,,,,,RR1713,,
J2-970,ASNAP,2017/07/28 01:48:50,44.37417716,-124.95625253,661.555732,1607.660561,294.12,-11.3,3.6,0.00,194.65,194.65,HMR2300,-13613.3,-15373.3,46573.3,50899.3,,,,,,,,RR1713,,
J2-970,EVT,2017/07/28 01:48:50,44.37417716,-124.95625253,661.555732,1607.660561,294.12,-11.3,3.6,0.00,194.65,194.65,HMR2300,-13140.0,-15426.7,46986.7,51170.2,,,,,,,,RR1713,DLG,TXT: Port manipulator grabs handle USR:eventlogger
J2-970,ASNAP,2017/07/28 01:48:55,44.37417688,-124.95625298,661.519650,1607.629389,298.35,-10.5,3.4,0.00,194.59,194.59,HMR2300,-14020.0,-15060.0,46613.3,50952.6,,,,,,,,RR1713,,
J2-970,ASNAP,2017/07/28 01:49:00,44.37417661,-124.95625342,661.484994,1607.598668,300.00,-9.1,3.6,0.00,194.57,194.57,HMR2300,-13806.7,-15066.7,47000.0,51250.6,,,,,,,,RR1713,,
J2-970,ASNAP,2017/07/28 01:49:05,44.37417634,-124.95625383,661.451754,1607.568429,302.85,-8.8,3.3,0.00,194.56,194.56,HMR2300,-14633.3,-14540.0,46593.3,50955.7,,,,,,,,RR1713,,
J2-970,ASNAP,2017/07/28 01:49:10,44.37417607,-124.95625423,661.419920,1607.538700,305.39,-9.0,3.6,0.00,194.45,194.45,HMR2300,-15520.0,-14680.0,46460.0,51136.1,,,,,,,,RR1713,,
J2-970,ASNAP,2017/07/28 01:49:15,44.37417581,-124.95625461,661.389493,1607.509524,308.40,-10.4,2.7,0.00,194.39,194.39,HMR2300,-17946.7,-13726.7,45566.7,50860.8,,,,,,,,RR1713,,
J2-970,ASNAP,2017/07/28 01:49:20,44.37417555,-124.95625498,661.360475,1607.480947,303.77,-8.9,4.0,0.00,194.36,194.36,HMR2300,-14900.0,-15093.3,46106.7,50750.8,,,,,,,,RR1713,,
J2-970,ASNAP,2017/07/28 01:49:25,44.37417530,-124.95625532,661.332877,1607.453026,304.21,-9.1,4.1,0.00,194.35,194.35,HMR2300,-15220.0,-14966.7,46513.3,51177.5,,,,,,,,RR1713,,
J2-970,ASNAP,2017/07/28 01:49:30,44.37417505,-124.95625565,661.306677,1607.425784,308.36,-8.9,4.3,0.00,194.35,194.35,HMR2300,-16333.3,-14900.0,46093.3,51121.3,,,,,,,,RR1713,,
J2-970,ASNAP,2017/07/28 01:49:35,44.37417481,-124.95625597,661.281793,1607.399181,308.29,-9.1,4.4,0.00,194.35,194.35,HMR2300,-16480.0,-14866.7,46060.0,51128.6,,,,,,,,RR1713,,
J2-970,ASNAP,2017/07/28 01:49:40,44.37417458,-124.95625626,661.258151,1607.373183,309.54,-8.6,4.4,0.00,194.34,194.34,HMR2300,-16520.0,-14466.7,45846.7,50834.2,,,,,,,,RR1713,,
J2-970,ASNAP,2017/07/28 01:49:45,44.37417435,-124.95625654,661.235703,1607.347783,310.31,-8.6,4.5,0.00,194.29,194.29,HMR2300,-16973.3,-14326.7,45493.3,50626.0,,,,,,,,RR1713,,
J2-970,ASNAP,2017/07/28 01:49:50,44.37417413,-124.95625681,661.214428,1607.323004,309.12,-9.2,3.9,0.00,194.26,194.26,HMR2300,-16740.0,-14460.0,45686.7,50760.1,,,,,,,,RR1713,,
J2-970,ASNAP,2017/07/28 01:49:55,44.37417391,-124.95625706,661.194345,1607.298917,306.98,-9.3,4.2,0.00,194.26,194.26,HMR2300,-16333.3,-15060.0,46020.0,51102.1,,,,,,,,RR1713,,
J2-970,ASNAP,2017/07/28 01:50:00,44.37417370,-124.95625730,661.175454,1607.275574,306.21,-9.4,4.2,0.00,194.28,194.28,HMR2300,-16260.0,-14980.0,45633.3,50706.9,,,,,,,,RR1713,,
J2-970,ASNAP,2017/07/28 01:50:05,44.37417350,-124.95625752,661.157711,1607.252977,305.39,-9.2,4.2,0.00,194.27,194.27,HMR2300,-15686.7,-14846.7,45746.7,50589.1,,,,,,,,RR1713,,
J2-970,ASNAP,2017/07/28 01:50:10,44.37417330,-124.95625773,661.141070,1607.231126,303.35,-9.3,4.1,0.00,194.25,194.25,HMR2300,-15073.3,-15260.0,46346.7,51069.4,,,,,,,,RR1713,,
J2-970,ASNAP,2017/07/28 01:50:15,44.37417311,-124.95625793,661.125486,1607.210028,302.35,-9.1,4.3,0.00,194.26,194.26,HMR2300,-14760.0,-15473.3,46186.7,50896.9,,,,,,,,RR1713,,
J2-970,ASNAP,2017/07/28 01:50:20,44.37417293,-124.95625811,661.110916,1607.189691,300.91,-9.1,4.2,0.00,194.27,194.27,HMR2300,-13986.7,-15593.3,46753.3,51231.4,,,,,,,,RR1713,,
J2-970,ASNAP,2017/07/28 01:50:25,44.37417275,-124.95625828,661.097320,1607.170126,299.97,-9.0,4.2,0.00,194.26,194.26,HMR2300,-13780.0,-15600.0,46633.3,51067.8,,,,,,,,RR1713,,
J2-970,ASNAP,2017/07/28 01:50:30,44.37417258,-124.95625844,661.084637,1607.151315,299.66,-8.9,4.2,0.00,194.27,194.27,HMR2300,-13660.0,-15673.3,46666.7,51088.4,,,,,,,,RR1713,,
J2-970,ASNAP,2017/07/28 01:50:35,44.37417242,-124.95625859,661.072779,1607.133198,299.36,-10.4,3.7,0.00,194.28,194.28,HMR2300,-14853.3,-15000.0,46086.7,50691.2,,,,,,,,RR1713,,
J2-970,ASNAP,2017/07/28 01:50:40,44.37417226,-124.95625873,661.061675,1607.115741,297.94,-11.6,4.0,0.00,194.39,194.39,HMR2300,-14713.3,-15753.3,46440.0,51198.9,,,,,,,,RR1713,,
J2-970,ASNAP,2017/07/28 01:50:45,44.37417211,-124.95625886,661.051282,1607.098955,297.62,-10.5,4.4,0.00,194.66,194.66,HMR2300,-13920.0,-15793.3,46300.0,50861.4,,,,,,,,RR1713,,
J2-970,ASNAP,2017/07/28 01:50:50,44.37417197,-124.95625898,661.041547,1607.082826,294.15,-6.6,4.9,0.00,194.93,194.93,HMR2300,-9213.3,-16153.3,47413.3,50929.8,,,,,,,,RR1713,,
J2-970,ASNAP,2017/07/28 01:50:55,44.37417183,-124.95625909,661.032394,1607.067309,290.28,-9.2,4.2,0.00,194.83,194.83,HMR2300,-10353.3,-15973.3,47646.7,51308.3,,,,,,,,RR1713,,
J2-970,ASNAP,2017/07/28 01:51:00,44.37417169,-124.95625920,661.023753,1607.052368,290.94,-11.4,3.8,0.00,194.65,194.65,HMR2300,-12566.7,-15660.0,46660.0,50796.8,,,,,,,,RR1713,,
J2-970,ASNAP,2017/07/28 01:51:05,44.37417156,-124.95625931,661.015568,1607.037986,290.95,-10.3,4.1,0.00,194.68,194.68,HMR2300,-11186.7,-15646.7,47093.3,50869.9,,,,,,,,RR1713,,
J2-970,ASNAP,2017/07/28 01:51:10,44.37417144,-124.95625940,661.007778,1607.024144,290.98,-10.1,3.5,0.00,194.75,194.75,HMR2300,-11233.3,-15320.0,47566.7,51219.9,,,,,,,,RR1713,,
J2-970,ASNAP,2017/07/28 01:51:15,44.37417132,-124.95625950,661.000323,1607.010817,291.65,-11.6,3.5,0.00,194.69,194.69,HMR2300,-13020.0,-15253.3,46573.3,50707.6,,,,,,,,RR1713,,
J2-970,ASNAP,2017/07/28 01:51:20,44.37417120,-124.95625959,660.993140,1606.997977,291.97,-11.8,3.1,0.00,194.65,194.65,HMR2300,-12766.7,-14866.7,46880.0,50810.8,,,,,,,,RR1713,,
J2-970,ASNAP,2017/07/28 01:51:25,44.37417109,-124.95625967,660.986162,1606.985586,291.64,-11.2,3.4,0.00,194.67,194.67,HMR2300,-12306.7,-15306.7,47273.3,51191.0,,,,,,,,RR1713,,
J2-970,ASNAP,2017/07/28 01:51:30,44.37417098,-124.95625976,660.979322,1606.973603,291.12,-11.6,4.1,0.00,194.68,194.68,HMR2300,-12773.3,-16180.0,46486.7,50852.3,,,,,,,,RR1713,,
J2-970,ASNAP,2017/07/28 01:51:35,44.37417088,-124.95625984,660.972549,1606.961979,290.08,-11.4,3.6,0.00,194.67,194.67,HMR2300,-11800.0,-15446.7,47060.0,50916.4,,,,,,,,RR1713,,
J2-970,ASNAP,2017/07/28 01:51:40,44.37417078,-124.95625993,660.965776,1606.950665,289.97,-11.8,3.8,0.00,194.63,194.63,HMR2300,-12260.0,-15586.7,47193.3,51190.5,,,,,,,,RR1713,,
J2-970,EVT,2017/07/28 01:51:42,44.37417074,-124.95625996,660.963052,1606.946216,290.17,-11.4,3.6,0.00,194.64,194.64,HMR2300,-12093.3,-16000.0,47106.7,51198.5,,,,,,,,RR1713,DLG,TXT: Starboard manipulator drops one mast USR:eventlogger
J2-970,ASNAP,2017/07/28 01:51:45,44.37417068,-124.95626002,660.958937,1606.939614,289.96,-11.0,3.2,0.00,194.65,194.65,HMR2300,-11780.0,-15133.3,46966.7,50731.2,,,,,,,,RR1713,,
J2-970,ASNAP,2017/07/28 01:51:50,44.37417058,-124.95626010,660.951969,1606.928781,288.79,-10.5,2.9,0.00,194.69,194.69,HMR2300,-10693.3,-14900.0,47433.3,50855.5,,,,,,,,RR1713,,
J2-970,ASNAP,2017/07/28 01:51:55,44.37417048,-124.95626019,660.944816,1606.918127,288.58,-10.8,3.4,0.00,194.69,194.69,HMR2300,-11060.0,-15446.7,47553.3,51207.8,,,,,,,,RR1713,,
J2-970,ASNAP,2017/07/28 01:52:00,44.37417039,-124.95626029,660.937423,1606.907609,288.50,-10.1,2.1,0.00,194.72,194.72,HMR2300,-10646.7,-14086.7,47540.0,50713.3,,,,,,,,RR1713,,
J2-970,ASNAP,2017/07/28 01:52:05,44.37417029,-124.95626038,660.929734,1606.897179,288.72,-10.1,2.1,0.00,194.74,194.74,HMR2300,-10340.0,-13993.3,47833.3,50899.5,,,,,,,,RR1713,,
J2-970,ASNAP,2017/07/28 01:52:10,44.37417020,-124.95626048,660.921698,1606.886790,289.64,-10.8,2.2,0.00,194.71,194.71,HMR2300,-11406.7,-14260.0,47786.7,51156.9,,,,,,,,RR1713,,
J2-970,ASNAP,2017/07/28 01:52:15,44.37417011,-124.95626059,660.913269,1606.876399,289.63,-10.5,1.8,0.00,194.69,194.69,HMR2300,-11340.0,-13786.7,47386.7,50637.6,,,,,,,,RR1713,,
J2-970,ASNAP,2017/07/28 01:52:20,44.37417001,-124.95626070,660.904408,1606.865967,290.30,-9.9,1.7,0.00,194.74,194.74,HMR2300,-10746.7,-13666.7,47886.7,50945.1,,,,,,,,RR1713,,
J2-970,ASNAP,2017/07/28 01:52:25,44.37416992,-124.95626082,660.895086,1606.855458,290.58,-10.4,1.9,0.00,194.73,194.73,HMR2300,-11500.0,-13993.3,47800.0,51116.6,,,,,,,,RR1713,,
J2-970,EVT,2017/07/28 01:52:26,44.37416990,-124.95626084,660.893162,1606.853343,290.79,-10.3,1.5,0.00,194.71,194.71,HMR2300,-11273.3,-13486.7,47846.7,50973.3,,,,,,,,RR1713,DLG,TXT: Starboard manipulator releases second mast USR:eventlogger
J2-970,ASNAP,2017/07/28 01:52:30,44.37416982,-124.95626094,660.885251,1606.844816,290.99,-10.3,1.8,0.00,194.69,194.69,HMR2300,-11666.7,-13773.3,47306.7,50633.4,,,,,,,,RR1713,,
J2-970,ASNAP,2017/07/28 01:52:35,44.37416973,-124.95626107,660.874840,1606.833963,290.62,-10.0,3.3,0.00,194.70,194.7,HMR2300,-10826.7,-15320.0,47486.7,51057.8,,,,,,,,RR1713,,
J2-970,ASNAP,2017/07/28 01:52:40,44.37416963,-124.95626121,660.863800,1606.822838,290.64,-9.8,4.1,0.00,194.69,194.69,HMR2300,-11053.3,-15960.0,47393.3,51215.5,,,,,,,,RR1713,,
J2-970,ASNAP,2017/07/28 01:52:45,44.37416952,-124.95626136,660.852095,1606.811390,290.23,-10.1,4.2,0.00,194.67,194.67,HMR2300,-11133.3,-15853.3,46940.0,50780.3,,,,,,,,RR1713,,
J2-970,ASNAP,2017/07/28 01:52:50,44.37416942,-124.95626151,660.839708,1606.799587,289.91,-9.7,4.4,0.00,194.67,194.67,HMR2300,-10306.7,-16040.0,47506.7,51189.8,,,,,,,,RR1713,,
J2-970,ASNAP,2017/07/28 01:52:55,44.37416931,-124.95626167,660.826638,1606.787411,289.38,-9.7,4.5,0.00,194.69,194.69,HMR2300,-10466.7,-16220.0,47420.0,51198.6,,,,,,,,RR1713,,
J2-970,ASNAP,2017/07/28 01:53:00,44.37416919,-124.95626185,660.812877,1606.774833,288.94,-9.9,4.2,0.00,194.67,194.67,HMR2300,-10493.3,-15866.7,47053.3,50753.1,,,,,,,,RR1713,,
J2-970,ASNAP,2017/07/28 01:53:05,44.37416908,-124.95626203,660.798410,1606.761815,288.71,-9.9,4.3,0.00,194.66,194.66,HMR2300,-10033.3,-15860.0,47540.0,51110.3,,,,,,,,RR1713,,
J2-970,ASNAP,2017/07/28 01:53:10,44.37416896,-124.95626222,660.783231,1606.748327,288.47,-9.7,4.3,0.00,194.67,194.67,HMR2300,-10206.7,-16160.0,47493.3,51195.1,,,,,,,,RR1713,,
J2-970,ASNAP,2017/07/28 01:53:15,44.37416883,-124.95626242,660.767342,1606.734345,288.67,-9.3,4.4,0.00,194.69,194.69,HMR2300,-9833.3,-16120.0,47300.0,50929.7,,,,,,,,RR1713,,
J2-970,ASNAP,2017/07/28 01:53:20,44.37416870,-124.95626263,660.750761,1606.719859,290.87,-8.2,5.1,0.00,194.51,194.51,HMR2300,-10033.3,-16453.3,47513.3,51272.8,,,,,,,,RR1713,,
J2-970,ASNAP,2017/07/28 01:53:25,44.37416856,-124.95626284,660.733514,1606.704865,291.20,-11.1,3.2,0.00,194.41,194.41,HMR2300,-12040.0,-15273.3,47386.7,51222.4,,,,,,,,RR1713,,
J2-970,ASNAP,2017/07/28 01:53:30,44.37416842,-124.95626307,660.715585,1606.689323,290.69,-10.3,3.2,0.00,194.54,194.54,HMR2300,-11066.7,-15360.0,47553.3,51183.2,,,,,,,,RR1713,,
J2-970,ASNAP,2017/07/28 01:53:35,44.37416828,-124.95626330,660.696930,1606.673171,290.09,-9.6,3.7,0.00,194.72,194.72,HMR2300,-10793.3,-15720.0,47326.7,51023.8,,,,,,,,RR1713,,
J2-970,ASNAP,2017/07/28 01:53:40,44.37416813,-124.95626355,660.677533,1606.656368,289.99,-9.8,3.0,0.00,194.86,194.86,HMR2300,-10733.3,-15160.0,47606.7,51102.1,,,,,,,,RR1713,,
J2-970,ASNAP,2017/07/28 01:53:45,44.37416797,-124.95626380,660.657402,1606.638899,289.94,-9.9,3.4,0.00,194.87,194.87,HMR2300,-11080.0,-15653.3,47553.3,51274.9,,,,,,,,RR1713,,
J2-970,ASNAP,2017/07/28 01:53:50,44.37416781,-124.95626406,660.636582,1606.620779,290.83,-10.0,3.7,0.00,195.03,195.03,HMR2300,-11253.3,-15346.7,47460.0,51133.3,,,,,,,,RR1713,,
J2-970,ASNAP,2017/07/28 01:53:55,44.37416764,-124.95626433,660.615142,1606.602046,292.34,-9.2,3.3,0.00,195.50,195.5,HMR2300,-11293.3,-15380.0,47666.7,51343.9,,,,,,,,RR1713,,
J2-970,ASNAP,2017/07/28 01:54:00,44.37416746,-124.95626460,660.593123,1606.582715,291.99,-9.0,2.9,0.00,195.81,195.81,HMR2300,-10986.7,-14933.3,47553.3,51039.5,,,,,,,,RR1713,,
J2-970,ASNAP,2017/07/28 01:54:05,44.37416729,-124.95626489,660.570542,1606.562783,290.94,-9.3,3.4,0.00,195.91,195.91,HMR2300,-11013.3,-15400.0,47273.3,50923.7,,,,,,,,RR1713,,
J2-970,ASNAP,2017/07/28 01:54:10,44.37416710,-124.95626518,660.547439,1606.542266,291.29,-9.2,3.9,0.00,195.97,195.97,HMR2300,-11140.0,-15966.7,47280.0,51131.5,,,,,,,,RR1713,,
J2-970,ASNAP,2017/07/28 01:54:15,44.37416691,-124.95626547,660.523860,1606.521191,290.81,-9.7,3.5,0.00,196.03,196.03,HMR2300,-11173.3,-15240.0,47206.7,50848.5,,,,,,,,RR1713,,
J2-970,ASNAP,2017/07/28 01:54:20,44.37416672,-124.95626577,660.499871,1606.499604,290.43,-10.4,3.2,0.00,196.18,196.18,HMR2300,-11380.0,-15506.7,47606.7,51345.5,,,,,,,,RR1713,,
J2-970,ASNAP,2017/07/28 01:54:25,44.37416652,-124.95626608,660.475538,1606.477554,290.10,-11.0,2.9,0.00,196.31,196.31,HMR2300,-12113.3,-15173.3,47106.7,50951.0,,,,,,,,RR1713,,
J2-970,ASNAP,2017/07/28 01:54:30,44.37416632,-124.95626639,660.450861,1606.455032,290.77,-10.5,1.9,0.00,196.48,196.48,HMR2300,-11613.3,-13833.3,47413.3,50737.1,,,,,,,,RR1713,,
J2-970,ASNAP,2017/07/28 01:54:35,44.37416611,-124.95626670,660.425807,1606.432000,290.01,-9.5,1.9,0.00,196.74,196.74,HMR2300,-10660.0,-14273.3,47880.0,51086.8,,,,,,,,RR1713,,
J2-970,ASNAP,2017/07/28 01:54:40,44.37416590,-124.95626702,660.400396,1606.408471,292.95,-10.2,2.7,0.00,196.81,196.81,HMR2300,-12373.3,-15266.7,47126.7,51059.7,,,,,,,,RR1713,,
J2-970,ASNAP,2017/07/28 01:54:45,44.37416568,-124.95626734,660.374683,1606.384496,293.80,-9.9,3.0,0.00,196.50,196.5,HMR2300,-12280.0,-15220.0,47146.7,51041.7,,,,,,,,RR1713,,
J2-970,ASNAP,2017/07/28 01:54:50,44.37416546,-124.95626767,660.348754,1606.360151,286.68,-10.1,2.3,0.00,196.07,196.07,HMR2300,-10360.0,-14753.3,47920.0,51198.8,,,,,,,,RR1713,,
J2-970,ASNAP,2017/07/28 01:54:55,44.37416524,-124.95626800,660.322700,1606.335529,283.01,-9.6,2.4,0.00,196.07,196.07,HMR2300,-8720.0,-14746.7,47840.0,50815.0,,,,,,,,RR1713,,
J2-970,ASNAP,2017/07/28 01:55:00,44.37416502,-124.95626832,660.296588,1606.310695,288.20,-10.1,2.9,0.00,196.05,196.05,HMR2300,-10700.0,-15013.3,47426.7,50884.0,,,,,,,,RR1713,,
J2-970,ASNAP,2017/07/28 01:55:05,44.37416479,-124.95626865,660.270464,1606.285705,286.78,-10.1,2.1,0.00,195.86,195.86,HMR2300,-9826.7,-14266.7,48086.7,51111.9,,,,,,,,RR1713,,
J2-970,ASNAP,2017/07/28 01:55:10,44.37416457,-124.95626898,660.244377,1606.260616,286.98,-9.8,3.3,0.00,195.79,195.79,HMR2300,-10053.3,-15760.0,47806.7,51331.5,,,,,,,,RR1713,,
J2-970,ASNAP,2017/07/28 01:55:15,44.37416434,-124.95626930,660.218381,1606.235494,287.54,-7.7,4.4,0.00,195.81,195.81,HMR2300,-8120.0,-16066.7,47660.0,50946.5,,,,,,,,RR1713,,
J2-970,ASNAP,2017/07/28 01:55:20,44.37416411,-124.95626963,660.192548,1606.210427,286.92,-9.5,4.1,0.00,195.79,195.79,HMR2300,-9253.3,-15686.7,47980.0,51320.3,,,,,,,,RR1713,,
J2-970,ASNAP,2017/07/28 01:55:25,44.37416389,-124.95626995,660.166953,1606.185507,283.89,-9.6,3.9,0.00,195.75,195.75,HMR2300,-8320.0,-15620.0,48166.7,51315.1,,,,,,,,RR1713,,
J2-970,EVT,2017/07/28 01:55:25,44.37416389,-124.95626995,660.166953,1606.185507,283.89,-9.6,3.9,0.00,195.75,195.75,HMR2300,-7720.0,-15306.7,48473.3,51415.5,,,,,,,,RR1713,DLG,TXT: Port manipulator grabs handle USR:eventlogger
J2-970,ASNAP,2017/07/28 01:55:30,44.37416367,-124.95627027,660.141598,1606.160755,280.31,-8.7,3.6,0.00,195.62,195.62,HMR2300,-6946.7,-15280.0,48033.3,50881.6,,,,,,,,RR1713,,
J2-970,ASNAP,2017/07/28 01:55:35,44.37416345,-124.95627058,660.116453,1606.136168,277.57,-12.7,3.3,0.00,195.45,195.45,HMR2300,-8806.7,-15026.7,48113.3,51168.8,,,,,,,,RR1713,,
J2-970,ASNAP,2017/07/28 01:55:40,44.37416323,-124.95627090,660.091541,1606.111795,278.18,-10.0,4.2,0.00,195.51,195.51,HMR2300,-6240.0,-16300.0,48326.7,51381.8,,,,,,,,RR1713,,
J2-970,ASNAP,2017/07/28 01:55:45,44.37416301,-124.95627120,660.066915,1606.087712,282.28,-7.9,5.0,0.00,195.56,195.56,HMR2300,-6900.0,-16660.0,47733.3,51025.8,,,,,,,,RR1713,,
J2-970,ASNAP,2017/07/28 01:55:50,44.37416280,-124.95627151,660.042659,1606.064034,286.24,-10.9,4.6,0.00,195.41,195.41,HMR2300,-10346.7,-16460.0,47513.3,51337.1,,,,,,,,RR1713,,
J2-970,ASNAP,2017/07/28 01:55:55,44.37416259,-124.95627181,660.018867,1606.040886,289.21,-11.5,4.7,0.00,195.33,195.33,HMR2300,-12060.0,-16760.0,47020.0,51353.9,,,,,,,,RR1713,,
J2-970,ASNAP,2017/07/28 01:56:00,44.37416239,-124.95627210,659.995593,1606.018350,291.36,-10.2,4.9,0.00,195.40,195.4,HMR2300,-11700.0,-16533.3,46706.7,50909.3,,,,,,,,RR1713,,
J2-970,ASNAP,2017/07/28 01:56:05,44.37416219,-124.95627238,659.972868,1605.996496,289.64,-9.6,4.9,0.00,195.45,195.45,HMR2300,-10120.0,-16693.3,47526.7,51379.6,,,,,,,,RR1713,,
J2-970,ASNAP,2017/07/28 01:56:10,44.37416200,-124.95627266,659.950737,1605.975398,287.41,-8.8,4.8,0.00,195.40,195.4,HMR2300,-9520.0,-16706.7,47626.7,51361.9,,,,,,,,RR1713,,
J2-970,ASNAP,2017/07/28 01:56:15,44.37416182,-124.95627293,659.929245,1605.955140,286.43,-11.3,5.2,0.00,195.33,195.33,HMR2300,-10873.3,-16980.0,46826.7,50983.2,,,,,,,,RR1713,,
J2-970,ASNAP,2017/07/28 01:56:20,44.37416164,-124.95627319,659.908451,1605.935811,294.27,-9.6,5.5,0.00,195.28,195.28,HMR2300,-11740.0,-17286.7,47033.3,51466.4,,,,,,,,RR1713,,
J2-970,ASNAP,2017/07/28 01:56:25,44.37416148,-124.95627344,659.888403,1605.917496,293.62,-11.6,4.1,0.00,195.20,195.2,HMR2300,-14160.0,-16180.0,46453.3,51188.0,,,,,,,,RR1713,,
J2-970,ASNAP,2017/07/28 01:56:30,44.37416132,-124.95627369,659.869089,1605.900222,291.85,-9.5,4.6,0.00,195.20,195.2,HMR2300,-11720.0,-16013.3,46840.0,50870.1,,,,,,,,RR1713,,
J2-970,ASNAP,2017/07/28 01:56:35,44.37416118,-124.95627392,659.850481,1605.884007,290.71,-10.1,4.4,0.00,195.26,195.26,HMR2300,-11126.7,-16400.0,47446.7,51419.3,,,,,,,,RR1713,,
J2-970,ASNAP,2017/07/28 01:56:40,44.37416104,-124.95627414,659.832608,1605.868917,290.31,-10.3,4.7,0.00,195.28,195.28,HMR2300,-11626.7,-16700.0,47000.0,51215.9,,,,,,,,RR1713,,
J2-970,ASNAP,2017/07/28 01:56:45,44.37416092,-124.95627436,659.815522,1605.855039,287.38,-12.3,4.1,0.00,195.28,195.28,HMR2300,-11866.7,-16093.3,46786.7,50880.3,,,,,,,,RR1713,,
J2-970,ASNAP,2017/07/28 01:56:50,44.37416080,-124.95627456,659.799274,1605.842459,280.45,-10.2,5.0,0.00,195.43,195.43,HMR2300,-7246.7,-16786.7,48160.0,51514.0,,,,,,,,RR1713,,
J2-970,ASNAP,2017/07/28 01:56:55,44.37416070,-124.95627475,659.783916,1605.831260,278.57,-8.9,5.4,0.00,195.53,195.53,HMR2300,-6380.0,-16926.7,47973.3,51270.4,,,,,,,,RR1713,,
J2-970,ASNAP,2017/07/28 01:57:00,44.37416061,-124.95627494,659.769478,1605.821504,279.32,-10.2,5.0,0.00,195.45,195.45,HMR2300,-7373.3,-16400.0,47760.0,51032.8,,,,,,,,RR1713,,
J2-970,ASNAP,2017/07/28 01:57:05,44.37416054,-124.95627510,659.755985,1605.813247,279.24,-10.6,4.9,0.00,195.42,195.42,HMR2300,-7460.0,-16513.3,48240.0,51531.0,,,,,,,,RR1713,,
J2-970,ASNAP,2017/07/28 01:57:10,44.37416048,-124.95627526,659.743463,1605.806540,279.44,-10.1,5.0,0.00,195.45,195.45,HMR2300,-7520.0,-16660.0,47933.3,51300.2,,,,,,,,RR1713,,
J2-970,ASNAP,2017/07/28 01:57:15,44.37416043,-124.95627541,659.731937,1605.801432,279.60,-9.9,5.2,0.00,195.48,195.48,HMR2300,-7166.7,-16586.7,47786.7,51088.6,,,,,,,,RR1713,,
J2-970,ASNAP,2017/07/28 01:57:20,44.37416040,-124.95627554,659.721435,1605.797965,279.46,-10.9,4.5,0.00,195.45,195.45,HMR2300,-7866.7,-16006.7,48300.0,51487.7,,,,,,,,RR1713,,
J2-970,ASNAP,2017/07/28 01:57:25,44.37416039,-124.95627566,659.711981,1605.796179,278.97,-11.6,3.7,0.00,195.42,195.42,HMR2300,-8633.3,-15420.0,47960.0,51112.4,,,,,,,,RR1713,,
J2-970,ASNAP,2017/07/28 01:57:30,44.37416039,-124.95627576,659.703576,1605.796110,278.70,-11.3,3.7,0.00,195.43,195.43,HMR2300,-8020.0,-15320.0,47893.3,50919.5,,,,,,,,RR1713,,
J2-970,ASNAP,2017/07/28 01:57:35,44.37416040,-124.95627585,659.696221,1605.797791,278.61,-11.0,4.0,0.00,195.45,195.45,HMR2300,-7693.3,-15773.3,48420.0,51502.3,,,,,,,,RR1713,,
J2-970,ASNAP,2017/07/28 01:57:40,44.37416043,-124.95627593,659.689933,1605.801261,278.50,-11.5,4.3,0.00,195.43,195.43,HMR2300,-8420.0,-15873.3,47786.7,51053.2,,,,,,,,RR1713,,
J2-970,ASNAP,2017/07/28 01:57:45,44.37416048,-124.95627600,659.684736,1605.806555,278.45,-11.8,4.1,0.00,195.41,195.41,HMR2300,-8273.3,-15620.0,47786.7,50950.9,,,,,,,,RR1713,,
J2-970,ASNAP,2017/07/28 01:57:50,44.37416054,-124.95627605,659.680659,1605.813692,278.65,-11.5,4.2,0.00,195.41,195.41,HMR2300,-8113.3,-15873.3,48266.7,51453.5,,,,,,,,RR1713,,
J2-970,ASNAP,2017/07/28 01:57:55,44.37416062,-124.95627609,659.677729,1605.822688,278.77,-11.7,4.2,0.00,195.41,195.41,HMR2300,-8713.3,-15993.3,47666.7,51027.6,,,,,,,,RR1713,,
J2-970,ASNAP,2017/07/28 01:58:00,44.37416072,-124.95627611,659.675964,1605.833549,278.53,-11.4,3.9,0.00,195.41,195.41,HMR2300,-7913.3,-15106.7,48013.3,50952.1,,,,,,,,RR1713,,
J2-970,ASNAP,2017/07/28 01:58:05,44.37416084,-124.95627612,659.675381,1605.846276,278.99,-11.9,4.6,0.00,195.40,195.4,HMR2300,-8460.0,-16326.7,48113.3,51507.5,,,,,,,,RR1713,,
J2-970,ASNAP,2017/07/28 01:58:10,44.37416097,-124.95627611,659.675989,1605.860854,278.96,-11.5,4.4,0.00,195.43,195.43,HMR2300,-8513.3,-15953.3,47693.3,51006.3,,,,,,,,RR1713,,
J2-970,ASNAP,2017/07/28 01:58:15,44.37416112,-124.95627609,659.677799,1605.877258,279.30,-11.6,4.9,0.00,195.42,195.42,HMR2300,-8360.0,-16426.7,47706.7,51143.4,,,,,,,,RR1713,,
J2-970,ASNAP,2017/07/28 01:58:20,44.37416128,-124.95627605,659.680817,1605.895446,278.97,-11.5,4.5,0.00,195.40,195.4,HMR2300,-8193.3,-16080.0,48206.7,51474.1,,,,,,,,RR1713,,
J2-970,ASNAP,2017/07/28 01:58:25,44.37416146,-124.95627599,659.685051,1605.915386,279.92,-11.3,4.1,0.00,195.41,195.41,HMR2300,-8680.0,-15773.3,47740.0,51022.0,,,,,,,,RR1713,,
J2-970,ASNAP,2017/07/28 01:58:30,44.37416165,-124.95627593,659.690530,1605.937105,279.23,-11.4,4.4,0.00,195.42,195.42,HMR2300,-8040.0,-15846.7,47946.7,51133.6,,,,,,,,RR1713,,
J2-970,ASNAP,2017/07/28 01:58:35,44.37416187,-124.95627584,659.697280,1605.960627,279.25,-11.5,4.5,0.00,195.40,195.4,HMR2300,-8240.0,-15933.3,48220.0,51448.4,,,,,,,,RR1713,,
J2-970,ASNAP,2017/07/28 01:58:40,44.37416209,-124.95627574,659.705325,1605.985931,280.73,-11.5,4.8,0.00,195.40,195.4,HMR2300,-8980.0,-16206.7,47513.3,50998.2,,,,,,,,RR1713,,
J2-970,ASNAP,2017/07/28 01:58:45,44.37416234,-124.95627562,659.714680,1606.012967,278.68,-11.8,4.8,0.00,195.41,195.41,HMR2300,-8200.0,-16333.3,47720.0,51100.1,,,,,,,,RR1713,,
J2-970,ASNAP,2017/07/28 01:58:50,44.37416260,-124.95627549,659.725341,1606.041631,278.75,-11.8,4.6,0.00,195.40,195.4,HMR2300,-8366.7,-16253.3,48080.0,51437.9,,,,,,,,RR1713,,
J2-970,ASNAP,2017/07/28 01:58:55,44.37416287,-124.95627534,659.737299,1606.071808,278.66,-11.7,4.6,0.00,195.40,195.4,HMR2300,-8560.0,-16206.7,47533.3,50944.6,,,,,,,,RR1713,,
J2-970,ASNAP,2017/07/28 01:59:00,44.37416315,-124.95627517,659.750548,1606.103401,278.26,-11.6,4.3,0.00,195.40,195.4,HMR2300,-7953.3,-15706.7,47980.0,51108.1,,,,,,,,RR1713,,
J2-970,ASNAP,2017/07/28 01:59:05,44.37416345,-124.95627499,659.765096,1606.136336,278.33,-11.6,4.3,0.00,195.40,195.4,HMR2300,-8193.3,-15973.3,48173.3,51409.6,,,,,,,,RR1713,,
J2-970,ASNAP,2017/07/28 01:59:10,44.37416376,-124.95627479,659.780979,1606.170609,278.61,-11.5,4.1,0.00,195.40,195.4,HMR2300,-8373.3,-15640.0,47706.7,50898.4,,,,,,,,RR1713,,
J2-970,ASNAP,2017/07/28 01:59:15,44.37416408,-124.95627457,659.798228,1606.206195,278.68,-11.3,3.7,0.00,195.43,195.43,HMR2300,-7813.3,-15353.3,48200.0,51186.1,,,,,,,,RR1713,,
J2-970,EVT,2017/07/28 01:59:17,44.37416421,-124.95627448,659.805507,1606.220770,278.85,-11.4,4.0,0.00,195.43,195.43,HMR2300,-7866.7,-15420.0,48380.0,51383.7,,,,,,,,RR1713,DLG,TXT: Starboard manipulator removes living matter from around pin USR:eventlogger
J2-970,ASNAP,2017/07/28 01:59:20,44.37416441,-124.95627434,659.816827,1606.242966,279.09,-11.2,4.0,0.00,195.44,195.44,HMR2300,-8106.7,-15793.3,48273.3,51434.1,,,,,,,,RR1713,,
J2-970,ASNAP,2017/07/28 01:59:25,44.37416475,-124.95627409,659.836778,1606.280819,279.41,-11.2,4.1,0.00,195.43,195.43,HMR2300,-8393.3,-15686.7,47653.3,50866.1,,,,,,,,RR1713,,
J2-970,ASNAP,2017/07/28 01:59:30,44.37416510,-124.95627382,659.858149,1606.319779,279.35,-11.0,4.1,0.00,195.43,195.43,HMR2300,-7773.3,-15620.0,48180.0,51241.8,,,,,,,,RR1713,,
J2-970,ASNAP,2017/07/28 01:59:35,44.37416546,-124.95627354,659.880992,1606.359835,279.46,-10.8,3.9,0.00,195.45,195.45,HMR2300,-7980.0,-15660.0,48306.7,51404.8,,,,,,,,RR1713,,
J2-970,ASNAP,2017/07/28 01:59:40,44.37416583,-124.95627323,659.905265,1606.400811,279.44,-11.1,3.9,0.00,195.44,195.44,HMR2300,-8346.7,-15546.7,47753.3,50909.2,,,,,,,,RR1713,,
J2-970,ASNAP,2017/07/28 01:59:45,44.37416620,-124.95627291,659.930927,1606.442529,279.24,-11.2,4.0,0.00,195.43,195.43,HMR2300,-7886.7,-15566.7,48240.0,51299.3,,,,,,,,RR1713,,
J2-970,ASNAP,2017/07/28 01:59:50,44.37416658,-124.95627257,659.957978,1606.484892,278.85,-11.2,3.9,0.00,195.43,195.43,HMR2300,-8166.7,-15686.7,48206.7,51348.3,,,,,,,,RR1713,,
J2-970,ASNAP,2017/07/28 01:59:55,44.37416697,-124.95627221,659.986423,1606.527811,278.66,-11.3,3.9,0.00,195.43,195.43,HMR2300,-8220.0,-15466.7,47753.3,50864.2,,,,,,,,RR1713,,
J2-970,ASNAP,2017/07/28 02:00:00,44.37416736,-124.95627184,660.016262,1606.571193,278.49,-11.2,4.3,0.00,195.43,195.43,HMR2300,-7620.0,-15713.3,48133.3,51203.4,,,,,,,,RR1713,,
J2-970,ASNAP,2017/07/28 02:00:05,44.37416775,-124.95627145,660.047492,1606.614944,278.76,-11.6,4.5,0.00,195.42,195.42,HMR2300,-8473.3,-16220.0,47980.0,51351.4,,,,,,,,RR1713,,
J2-970,ASNAP,2017/07/28 02:00:10,44.37416815,-124.95627104,660.080106,1606.658965,278.40,-10.6,1.8,0.00,195.40,195.4,HMR2300,-7506.7,-13313.3,48326.7,50685.9,,,,,,,,RR1713,,
J2-970,ASNAP,2017/07/28 02:00:15,44.37416855,-124.95627061,660.114096,1606.703159,278.00,-11.5,3.0,0.00,195.40,195.4,HMR2300,-7706.7,-14713.3,48446.7,51214.8,,,,,,,,RR1713,,
J2-970,ASNAP,2017/07/28 02:00:20,44.37416895,-124.95627017,660.149450,1606.747426,279.00,-11.0,3.7,0.00,195.43,195.43,HMR2300,-8126.7,-15546.7,48173.3,51268.0,,,,,,,,RR1713,,
J2-970,EVT,2017/07/28 02:00:21,44.37416903,-124.95627008,660.156683,1606.756280,278.97,-10.8,3.3,0.00,195.43,195.43,HMR2300,-7726.7,-14886.7,48580.0,51393.9,,,,,,,,RR1713,DLG,TXT: Starboard manipulator slides pin port and down USR:eventlogger
J2-970,ASNAP,2017/07/28 02:00:25,44.37416935,-124.95626971,660.186168,1606.791684,279.13,-10.8,3.3,0.00,195.45,195.45,HMR2300,-7900.0,-14960.0,47946.7,50843.8,,,,,,,,RR1713,,
J2-970,ASNAP,2017/07/28 02:00:30,44.37416974,-124.95626923,660.224283,1606.835888,279.25,-10.7,3.2,0.00,195.45,195.45,HMR2300,-7546.7,-14946.7,48480.0,51290.0,,,,,,,,RR1713,,
J2-970,ASNAP,2017/07/28 02:00:35,44.37417014,-124.95626873,660.263805,1606.879969,279.25,-10.6,3.3,0.00,195.46,195.46,HMR2300,-7886.7,-15193.3,48380.0,51319.2,,,,,,,,RR1713,,
J2-970,ASNAP,2017/07/28 02:00:40,44.37417053,-124.95626822,660.304689,1606.923803,279.24,-10.6,3.0,0.00,195.47,195.47,HMR2300,-7773.3,-14580.0,48086.7,50846.1,,,,,,,,RR1713,,
J2-970,ASNAP,2017/07/28 02:00:45,44.37417093,-124.95626769,660.346891,1606.967266,279.31,-11.0,3.0,0.00,195.46,195.46,HMR2300,-7780.0,-14746.7,48540.0,51323.7,,,,,,,,RR1713,,
J2-970,ASNAP,2017/07/28 02:00:50,44.37417131,-124.95626715,660.390372,1607.010250,279.23,-11.4,3.0,0.00,195.44,195.44,HMR2300,-8480.0,-15020.0,48240.0,51230.9,,,,,,,,RR1713,,
J2-970,ASNAP,2017/07/28 02:00:55,44.37417169,-124.95626659,660.435100,1607.052658,278.72,-11.0,3.4,0.00,195.45,195.45,HMR2300,-7853.3,-14920.0,47933.3,50812.3,,,,,,,,RR1713,,
J2-970,EVT,2017/07/28 02:00:58,44.37417192,-124.95626624,660.462525,1607.077794,278.73,-11.0,3.5,0.00,195.46,195.46,HMR2300,-8100.0,-15313.3,48086.7,51112.0,,,,,,,,RR1713,DLG,TXT: Port pin has been released USR:eventlogger
J2-970,ASNAP,2017/07/28 02:01:00,44.37417207,-124.95626601,660.481051,1607.094411,278.60,-11.1,3.0,0.00,195.45,195.45,HMR2300,-7680.0,-14706.7,48613.3,51366.6,,,,,,,,RR1713,,
J2-970,ASNAP,2017/07/28 02:01:05,44.37417244,-124.95626542,660.528190,1607.135421,278.40,-11.3,3.4,0.00,195.43,195.43,HMR2300,-8173.3,-15226.7,48220.0,51223.3,,,,,,,,RR1713,,
J2-970,ASNAP,2017/07/28 02:01:10,44.37417280,-124.95626481,660.576461,1607.175589,278.41,-10.7,4.3,0.00,195.41,195.41,HMR2300,-7500.0,-15733.3,47853.3,50928.7,,,,,,,,RR1713,,
J2-970,ASNAP,2017/07/28 02:01:15,44.37417315,-124.95626419,660.625831,1607.214834,278.56,-10.2,4.5,0.00,195.46,195.46,HMR2300,-6840.0,-16106.7,48380.0,51447.4,,,,,,,,RR1713,,
J2-970,ASNAP,2017/07/28 02:01:20,44.37417350,-124.95626356,660.676310,1607.253115,278.87,-9.8,5.4,0.00,195.46,195.46,HMR2300,-7066.7,-16993.3,47873.3,51289.1,,,,,,,,RR1713,,
J2-970,ASNAP,2017/07/28 02:01:25,44.37417383,-124.95626291,660.727903,1607.290387,278.87,-10.0,5.4,0.00,195.46,195.46,HMR2300,-6960.0,-16746.7,47713.3,51043.7,,,,,,,,RR1713,,
J2-970,ASNAP,2017/07/28 02:01:30,44.37417416,-124.95626225,660.780599,1607.326593,278.77,-10.1,5.2,0.00,195.45,195.45,HMR2300,-6813.3,-16660.0,48240.0,51488.6,,,,,,,,RR1713,,
J2-970,ASNAP,2017/07/28 02:01:35,44.37417447,-124.95626158,660.834349,1607.361654,278.73,-10.0,5.3,0.00,195.45,195.45,HMR2300,-7233.3,-16860.0,47826.7,51224.7,,,,,,,,RR1713,,
J2-970,ASNAP,2017/07/28 02:01:40,44.37417478,-124.95626089,660.889050,1607.395458,278.91,-9.9,5.3,0.00,195.45,195.45,HMR2300,-6853.3,-16586.7,47806.7,51064.3,,,,,,,,RR1713,,
J2-970,ASNAP,2017/07/28 02:01:45,44.37417507,-124.95626020,660.944615,1607.427911,279.03,-9.8,5.3,0.00,195.46,195.46,HMR2300,-6726.7,-16780.0,48300.0,51572.3,,,,,,,,RR1713,,
J2-970,ASNAP,2017/07/28 02:01:50,44.37417535,-124.95625949,661.000991,1607.458948,279.04,-10.0,5.3,0.00,195.45,195.45,HMR2300,-7240.0,-16920.0,47860.0,51276.5,,,,,,,,RR1713,,
J2-970,ASNAP,2017/07/28 02:01:55,44.37417562,-124.95625877,661.058120,1607.488505,278.96,-9.8,5.3,0.00,195.45,195.45,HMR2300,-6786.7,-16646.7,47840.0,51106.1,,,,,,,,RR1713,,
J2-970,ASNAP,2017/07/28 02:02:00,44.37417587,-124.95625805,661.115932,1607.516522,279.00,-9.9,5.3,0.00,195.45,195.45,HMR2300,-6786.7,-16853.3,48266.7,51572.9,,,,,,,,RR1713,,
J2-970,ASNAP,2017/07/28 02:02:05,44.37417611,-124.95625731,661.174333,1607.542931,278.82,-10.0,5.3,0.00,195.45,195.45,HMR2300,-7193.3,-16860.0,47846.7,51237.8,,,,,,,,RR1713,,
J2-970,ASNAP,2017/07/28 02:02:10,44.37417633,-124.95625658,661.233198,1607.567652,279.05,-10.4,7.0,0.00,195.43,195.43,HMR2300,-7340.0,-18186.7,47293.3,51198.5,,,,,,,,RR1713,,
J2-970,ASNAP,2017/07/28 02:02:15,44.37417654,-124.95625583,661.292505,1607.590649,278.80,-10.5,6.3,0.00,195.41,195.41,HMR2300,-7200.0,-17686.7,48040.0,51696.2,,,,,,,,RR1713,,
J2-970,ASNAP,2017/07/28 02:02:20,44.37417673,-124.95625508,661.352370,1607.611937,278.74,-10.3,5.9,0.00,195.41,195.41,HMR2300,-7446.7,-17386.7,47586.7,51207.8,,,,,,,,RR1713,,
J2-970,ASNAP,2017/07/28 02:02:25,44.37417690,-124.95625432,661.412821,1607.631498,278.74,-10.3,6.1,0.00,195.42,195.42,HMR2300,-7026.7,-17220.0,47626.7,51129.3,,,,,,,,RR1713,,
J2-970,ASNAP,2017/07/28 02:02:30,44.37417706,-124.95625356,661.473747,1607.649261,278.50,-10.3,5.1,0.00,195.44,195.44,HMR2300,-6993.3,-16693.3,48273.3,51554.7,,,,,,,,RR1713,,
J2-970,ASNAP,2017/07/28 02:02:35,44.37417721,-124.95625279,661.535011,1607.665152,278.53,-10.6,5.5,0.00,195.42,195.42,HMR2300,-7626.7,-17006.7,47613.3,51131.4,,,,,,,,RR1713,,
J2-970,ASNAP,2017/07/28 02:02:40,44.37417733,-124.95625202,661.596454,1607.679101,278.71,-9.7,5.5,0.00,195.45,195.45,HMR2300,-6553.3,-16706.7,47900.0,51151.4,,,,,,,,RR1713,,
J2-970,ASNAP,2017/07/28 02:02:45,44.37417744,-124.95625125,661.657956,1607.691052,278.92,-9.5,5.4,0.00,195.47,195.47,HMR2300,-6486.7,-16886.7,48313.3,51588.9,,,,,,,,RR1713,,
J2-970,ASNAP,2017/07/28 02:02:50,44.37417753,-124.95625048,661.719446,1607.700971,278.90,-10.0,5.4,0.00,195.44,195.44,HMR2300,-7226.7,-16833.3,47660.0,51059.4,,,,,,,,RR1713,,
J2-970,ASNAP,2017/07/28 02:02:55,44.37417760,-124.95624971,661.780844,1607.708826,278.74,-9.7,5.4,0.00,195.45,195.45,HMR2300,-6500.0,-16713.3,47966.7,51209.2,,,,,,,,RR1713,,
J2-970,ASNAP,2017/07/28 02:03:00,44.37417765,-124.95624894,661.842054,1607.714591,278.80,-9.6,5.5,0.00,195.45,195.45,HMR2300,-6586.7,-17033.3,48286.7,51624.8,,,,,,,,RR1713,,
J2-970,ASNAP,2017/07/28 02:03:05,44.37417768,-124.95624817,661.902947,1607.718239,279.07,-9.8,5.5,0.00,195.44,195.44,HMR2300,-7213.3,-16980.0,47693.3,51137.1,,,,,,,,RR1713,,
J2-970,ASNAP,2017/07/28 02:03:10,44.37417770,-124.95624742,661.963361,1607.719750,278.88,-9.8,5.5,0.00,195.44,195.44,HMR2300,-6566.7,-16820.0,48033.3,51315.1,,,,,,,,RR1713,,
J2-970,ASNAP,2017/07/28 02:03:15,44.37417769,-124.95624667,662.023256,1607.719098,278.70,-9.7,5.5,0.00,195.45,195.45,HMR2300,-6620.0,-17060.0,48226.7,51581.8,,,,,,,,RR1713,,
J2-970,ASNAP,2017/07/28 02:03:20,44.37417767,-124.95624592,662.082721,1607.716261,278.65,-9.9,5.5,0.00,195.45,195.45,HMR2300,-7226.7,-16880.0,47666.7,51081.0,,,,,,,,RR1713,,
J2-970,ASNAP,2017/07/28 02:03:25,44.37417762,-124.95624518,662.141770,1607.711209,279.91,-11.3,5.4,0.00,195.39,195.39,HMR2300,-8273.3,-16746.7,47626.7,51158.6,,,,,,,,RR1713,,
J2-970,ASNAP,2017/07/28 02:03:30,44.37417755,-124.95624444,662.200329,1607.703911,280.40,-9.7,5.3,0.00,195.32,195.32,HMR2300,-7293.3,-16940.0,48133.3,51545.8,,,,,,,,RR1713,,
J2-970,ASNAP,2017/07/28 02:03:35,44.37417747,-124.95624372,662.258252,1607.694351,280.96,-9.7,3.9,0.00,195.39,195.39,HMR2300,-7533.3,-15686.7,47880.0,50944.3,,,,,,,,RR1713,,
J2-970,ASNAP,2017/07/28 02:03:40,44.37417736,-124.95624300,662.315333,1607.682525,280.38,-9.3,4.7,0.00,195.47,195.47,HMR2300,-6760.0,-16313.3,48060.0,51201.4,,,,,,,,RR1713,,
J2-970,ASNAP,2017/07/28 02:03:45,44.37417724,-124.95624230,662.371439,1607.668426,283.21,-9.2,4.3,0.00,195.19,195.19,HMR2300,-7753.3,-16000.0,47946.7,51137.0,,,,,,,,RR1713,,
J2-970,ASNAP,2017/07/28 02:03:50,44.37417709,-124.95624161,662.426511,1607.652042,278.47,-9.2,4.8,0.00,194.63,194.63,HMR2300,-6013.3,-16133.3,48193.3,51176.6,,,,,,,,RR1713,,
J2-970,ASNAP,2017/07/28 02:03:55,44.37417692,-124.95624093,662.480462,1607.633375,281.12,-9.4,4.0,0.00,194.13,194.13,HMR2300,-6973.3,-15600.0,48480.0,51403.3,,,,,,,,RR1713,,
J2-970,ASNAP,2017/07/28 02:04:00,44.37417673,-124.95624027,662.533175,1607.612446,283.49,-8.8,3.8,0.00,193.92,193.92,HMR2300,-7460.0,-15653.3,48400.0,51412.4,,,,,,,,RR1713,,
J2-970,ASNAP,2017/07/28 02:04:05,44.37417652,-124.95623962,662.584527,1607.589284,291.42,-9.0,4.4,0.00,193.99,193.99,HMR2300,-10580.0,-16193.3,47373.3,51170.2,,,,,,,,RR1713,,
J2-970,ASNAP,2017/07/28 02:04:10,44.37417629,-124.95623900,662.634400,1607.563921,291.60,-8.9,4.8,0.00,193.89,193.89,HMR2300,-10753.3,-16586.7,47020.0,51006.2,,,,,,,,RR1713,,
J2-970,ASNAP,2017/07/28 02:04:15,44.37417605,-124.95623839,662.682769,1607.536337,292.35,-8.5,5.1,0.00,193.92,193.92,HMR2300,-10646.7,-16920.0,47253.3,51308.0,,,,,,,,RR1713,,
J2-970,ASNAP,2017/07/28 02:04:20,44.37417578,-124.95623780,662.729683,1607.506470,289.54,-8.8,4.7,0.00,193.94,193.94,HMR2300,-9786.7,-16346.7,47560.0,51234.2,,,,,,,,RR1713,,
J2-970,ASNAP,2017/07/28 02:04:25,44.37417549,-124.95623723,662.775120,1607.474291,290.05,-9.7,5.0,0.00,193.98,193.98,HMR2300,-10600.0,-16893.3,47433.3,51455.5,,,,,,,,RR1713,,
J2-970,ASNAP,2017/07/28 02:04:30,44.37417518,-124.95623668,662.818989,1607.439808,289.21,-10.3,4.8,0.00,194.11,194.11,HMR2300,-11140.0,-16693.3,46966.7,51074.8,,,,,,,,RR1713,,
J2-970,ASNAP,2017/07/28 02:04:35,44.37417485,-124.95623615,662.861165,1607.403070,288.86,-9.8,5.2,0.00,194.26,194.26,HMR2300,-10253.3,-16820.0,47100.0,51053.4,,,,,,,,RR1713,,
J2-970,ASNAP,2017/07/28 02:04:40,44.37417450,-124.95623565,662.901495,1607.364155,286.37,-9.6,5.7,0.00,194.24,194.24,HMR2300,-9106.7,-17300.0,47353.3,51230.5,,,,,,,,RR1713,,
J2-970,ASNAP,2017/07/28 02:04:45,44.37417413,-124.95623517,662.939881,1607.323110,289.46,-9.7,6.4,0.00,194.55,194.55,HMR2300,-10453.3,-17900.0,46920.0,51294.9,,,,,,,,RR1713,,
J2-970,ASNAP,2017/07/28 02:04:50,44.37417374,-124.95623471,662.976271,1607.279953,295.38,-9.6,6.2,0.00,194.60,194.6,HMR2300,-12520.0,-17640.0,46406.7,51200.6,,,,,,,,RR1713,,
J2-970,ASNAP,2017/07/28 02:04:55,44.37417333,-124.95623428,663.010598,1607.234734,295.10,-10.1,5.2,0.00,194.52,194.52,HMR2300,-13120.0,-16980.0,46346.7,51073.2,,,,,,,,RR1713,,
J2-970,ASNAP,2017/07/28 02:05:00,44.37417291,-124.95623388,663.042788,1607.187527,296.63,-9.5,5.1,0.00,194.52,194.52,HMR2300,-12746.7,-16206.7,46506.7,50872.4,,,,,,,,RR1713,,
J2-970,ASNAP,2017/07/28 02:05:05,44.37417247,-124.95623350,663.072764,1607.138424,298.15,-9.4,5.5,0.00,194.51,194.51,HMR2300,-13320.0,-16873.3,46380.0,51119.8,,,,,,,,RR1713,,
J2-970,ASNAP,2017/07/28 02:05:10,44.37417201,-124.95623315,663.100454,1607.087522,294.77,-9.5,5.9,0.00,194.41,194.41,HMR2300,-12046.7,-17393.3,46566.7,51147.9,,,,,,,,RR1713,,
J2-970,ASNAP,2017/07/28 02:05:15,44.37417153,-124.95623283,663.125848,1607.034790,297.51,-9.7,5.2,0.00,194.24,194.24,HMR2300,-13193.3,-16780.0,46473.3,51141.0,,,,,,,,RR1713,,
J2-970,ASNAP,2017/07/28 02:05:20,44.37417104,-124.95623254,663.148976,1606.980117,297.82,-10.4,5.0,0.00,194.09,194.09,HMR2300,-14120.0,-16573.3,46320.0,51182.0,,,,,,,,RR1713,,
J2-970,ASNAP,2017/07/28 02:05:25,44.37417053,-124.95623228,663.169807,1606.923505,303.91,-9.5,5.2,0.00,194.21,194.21,HMR2300,-15320.0,-16213.3,45946.7,51075.1,,,,,,,,RR1713,,
J2-970,ASNAP,2017/07/28 02:05:30,44.37417001,-124.95623205,663.188275,1606.865035,302.84,-9.4,6.3,0.00,194.42,194.42,HMR2300,-15073.3,-16833.3,45846.7,51112.5,,,,,,,,RR1713,,
J2-970,ASNAP,2017/07/28 02:05:35,44.37416946,-124.95623185,663.204310,1606.804832,309.25,-9.5,5.8,0.00,194.61,194.61,HMR2300,-17213.3,-15973.3,45220.0,50953.8,,,,,,,,RR1713,,
J2-970,ASNAP,2017/07/28 02:05:40,44.37416891,-124.95623168,663.217844,1606.743045,305.95,-11.5,5.2,0.00,194.32,194.32,HMR2300,-17713.3,-16000.0,44960.0,50903.5,,,,,,,,RR1713,,
J2-970,ASNAP,2017/07/28 02:05:45,44.37416834,-124.95623154,663.228835,1606.679767,305.42,-10.8,5.6,0.00,193.75,193.75,HMR2300,-16766.7,-16413.3,45226.7,50950.7,,,,,,,,RR1713,,
J2-970,ASNAP,2017/07/28 02:05:50,44.37416776,-124.95623144,663.237260,1606.615065,304.21,-8.6,4.8,0.00,193.25,193.25,HMR2300,-14773.3,-15586.7,46140.0,50893.0,,,,,,,,RR1713,,
J2-970,ASNAP,2017/07/28 02:05:55,44.37416716,-124.95623136,663.243099,1606.549028,309.21,-9.8,5.4,0.00,193.84,193.84,HMR2300,-17406.7,-15920.0,45106.7,50902.4,,,,,,,,RR1713,,
J2-970,ASNAP,2017/07/28 02:06:00,44.37416656,-124.95623132,663.246338,1606.481765,308.89,-9.4,5.6,0.00,194.13,194.13,HMR2300,-17013.3,-15993.3,45020.0,50715.3,,,,,,,,RR1713,,
J2-970,ASNAP,2017/07/28 02:06:05,44.37416594,-124.95623132,663.246968,1606.413429,305.60,-9.0,5.4,0.00,194.39,194.39,HMR2300,-15426.7,-15840.0,45786.7,50845.9,,,,,,,,RR1713,,
J2-970,ASNAP,2017/07/28 02:06:10,44.37416532,-124.95623134,663.244984,1606.344173,306.41,-9.2,4.6,0.00,194.44,194.44,HMR2300,-16093.3,-15266.7,45813.3,50901.2,,,,,,,,RR1713,,
J2-970,ASNAP,2017/07/28 02:06:15,44.37416469,-124.95623140,663.240368,1606.273965,305.74,-11.9,4.9,0.00,194.17,194.17,HMR2300,-17920.0,-15906.7,44946.7,50934.8,,,,,,,,RR1713,,
J2-970,ASNAP,2017/07/28 02:06:20,44.37416404,-124.95623149,663.233098,1606.202692,303.12,-11.9,5.1,0.00,193.94,193.94,HMR2300,-16993.3,-16140.0,45233.3,50944.4,,,,,,,,RR1713,,
J2-970,ASNAP,2017/07/28 02:06:25,44.37416339,-124.95623161,663.223158,1606.130389,307.90,-9.5,5.7,0.00,193.54,193.54,HMR2300,-16726.7,-15846.7,45413.3,50924.2,,,,,,,,RR1713,,
J2-970,ASNAP,2017/07/28 02:06:30,44.37416274,-124.95623177,663.210536,1606.057182,314.74,-9.3,5.5,0.00,193.46,193.46,HMR2300,-18806.7,-14633.3,44733.3,50684.3,,,,,,,,RR1713,,
J2-970,ASNAP,2017/07/28 02:06:35,44.37416207,-124.95623196,663.195243,1605.983263,337.08,-11.0,6.3,0.00,193.38,193.38,HMR2300,-26240.0,-10880.0,41766.7,50511.1,,,,,,,,RR1713,,
J2-970,ASNAP,2017/07/28 02:06:40,44.37416140,-124.95623219,663.177298,1605.908844,325.14,-10.4,4.5,0.00,193.18,193.18,HMR2300,-22773.3,-12193.3,43200.0,50334.3,,,,,,,,RR1713,,
J2-970,ASNAP,2017/07/28 02:06:45,44.37416073,-124.95623245,663.156711,1605.834038,325.27,-10.3,5.3,0.00,193.16,193.16,HMR2300,-22820.0,-12653.3,43040.0,50331.9,,,,,,,,RR1713,,
J2-970,ASNAP,2017/07/28 02:06:50,44.37416005,-124.95623274,663.133489,1605.758921,326.72,-9.9,5.1,0.00,193.68,193.68,HMR2300,-22686.7,-12006.7,43206.7,50256.0,,,,,,,,RR1713,,
J2-970,ASNAP,2017/07/28 02:06:55,44.37415937,-124.95623306,663.107659,1605.683607,327.25,-9.3,4.9,0.00,194.05,194.05,HMR2300,-22206.7,-12053.3,43913.3,50663.6,,,,,,,,RR1713,,
J2-970,ASNAP,2017/07/28 02:07:00,44.37415869,-124.95623342,663.079262,1605.608239,325.49,-10.1,5.6,0.00,194.28,194.28,HMR2300,-22900.0,-13006.7,43200.0,50594.7,,,,,,,,RR1713,,
J2-970,ASNAP,2017/07/28 02:07:05,44.37415802,-124.95623381,663.048360,1605.532995,329.53,-9.7,4.9,0.00,194.58,194.58,HMR2300,-23266.7,-11400.0,43020.0,50219.7,,,,,,,,RR1713,,
J2-970,ASNAP,2017/07/28 02:07:10,44.37415734,-124.95623422,663.015014,1605.458041,326.27,-9.8,5.1,0.00,194.80,194.8,HMR2300,-22560.0,-12426.7,43486.7,50541.7,,,,,,,,RR1713,,
J2-970,ASNAP,2017/07/28 02:07:15,44.37415667,-124.95623467,662.979194,1605.383345,328.56,-9.9,4.8,0.00,194.11,194.11,HMR2300,-23253.3,-11593.3,43220.0,50429.1,,,,,,,,RR1713,,
J2-970,ASNAP,2017/07/28 02:07:20,44.37415600,-124.95623516,662.940847,1605.308821,328.67,-9.1,4.2,0.00,193.47,193.47,HMR2300,-22693.3,-11280.0,43593.3,50424.2,,,,,,,,RR1713,,
J2-970,ASNAP,2017/07/28 02:07:25,44.37415533,-124.95623567,662.900024,1605.234600,310.03,-10.0,3.9,0.00,193.59,193.59,HMR2300,-17820.0,-14380.0,45626.7,51050.3,,,,,,,,RR1713,,
J2-970,ASNAP,2017/07/28 02:07:30,44.37415467,-124.95623621,662.856804,1605.160877,302.57,-9.1,4.9,0.00,194.21,194.21,HMR2300,-14186.7,-16240.0,46113.3,50906.2,,,,,,,,RR1713,,
J2-970,ASNAP,2017/07/28 02:07:35,44.37415401,-124.95623678,662.811182,1605.087698,301.94,-9.3,4.1,0.00,194.51,194.51,HMR2300,-14640.0,-15406.7,46380.0,51017.6,,,,,,,,RR1713,,
J2-970,ASNAP,2017/07/28 02:07:40,44.37415336,-124.95623738,662.763129,1605.015066,303.64,-9.3,4.5,0.00,194.51,194.51,HMR2300,-15106.7,-15500.0,46153.3,50976.4,,,,,,,,RR1713,,
J2-970,ASNAP,2017/07/28 02:07:45,44.37415271,-124.95623802,662.712685,1604.943087,309.46,-9.1,4.5,0.00,194.44,194.44,HMR2300,-16946.7,-14760.0,45566.7,50807.2,,,,,,,,RR1713,,
J2-970,ASNAP,2017/07/28 02:07:50,44.37415207,-124.95623868,662.659921,1604.871912,308.24,-10.2,3.7,0.00,194.27,194.27,HMR2300,-17320.0,-14340.0,45560.0,50806.8,,,,,,,,RR1713,,
J2-970,ASNAP,2017/07/28 02:07:55,44.37415144,-124.95623937,662.604902,1604.801673,305.98,-9.7,3.6,0.00,194.13,194.13,HMR2300,-16140.0,-14480.0,45880.0,50745.9,,,,,,,,RR1713,,
J2-970,ASNAP,2017/07/28 02:08:00,44.37415081,-124.95624009,662.547697,1604.732493,305.88,-9.7,5.0,0.00,194.18,194.18,HMR2300,-16000.0,-16040.0,45946.7,51228.7,,,,,,,,RR1713,,
J2-970,ASNAP,2017/07/28 02:08:05,44.37415020,-124.95624083,662.488375,1604.664490,309.98,-9.6,4.8,0.00,194.32,194.32,HMR2300,-17586.7,-15133.3,45333.3,50925.6,,,,,,,,RR1713,,
J2-970,ASNAP,2017/07/28 02:08:10,44.37414960,-124.95624160,662.427000,1604.597768,309.17,-9.2,4.5,0.00,194.32,194.32,HMR2300,-17060.0,-14980.0,45680.0,51010.8,,,,,,,,RR1713,,
J2-970,ASNAP,2017/07/28 02:08:15,44.37414901,-124.95624240,662.363590,1604.532383,311.90,-9.6,4.6,0.00,194.44,194.44,HMR2300,-18193.3,-14666.7,45100.0,50794.9,,,,,,,,RR1713,,
J2-970,ASNAP,2017/07/28 02:08:20,44.37414844,-124.95624322,662.298147,1604.468369,307.83,-9.6,3.9,0.00,194.50,194.5,HMR2300,-16820.0,-14526.7,45660.0,50781.6,,,,,,,,RR1713,,
J2-970,ASNAP,2017/07/28 02:08:25,44.37414787,-124.95624406,662.230662,1604.405764,309.97,-9.4,4.3,0.00,194.44,194.44,HMR2300,-17520.0,-14526.7,45160.0,50570.7,,,,,,,,RR1713,,
J2-970,ASNAP,2017/07/28 02:08:30,44.37414732,-124.95624494,662.161149,1604.344618,309.08,-9.1,4.0,0.00,194.42,194.42,HMR2300,-17040.0,-14626.7,45646.7,50871.6,,,,,,,,RR1713,,
J2-970,ASNAP,2017/07/28 02:08:35,44.37414679,-124.95624583,662.089721,1604.285072,308.63,-9.5,4.9,0.00,194.46,194.46,HMR2300,-17033.3,-15366.7,45473.3,50932.2,,,,,,,,RR1713,,
J2-970,ASNAP,2017/07/28 02:08:40,44.37414627,-124.95624675,662.016506,1604.227274,309.43,-9.1,4.7,0.00,194.46,194.46,HMR2300,-16786.7,-14866.7,45446.7,50677.5,,,,,,,,RR1713,,
J2-970,ASNAP,2017/07/28 02:08:45,44.37414576,-124.95624769,661.941543,1604.171291,308.02,-9.2,4.2,0.00,194.57,194.57,HMR2300,-16560.0,-14780.0,45680.0,50787.2,,,,,,,,RR1713,,
J2-970,ASNAP,2017/07/28 02:08:50,44.37414528,-124.95624865,661.864855,1604.117173,309.11,-9.1,4.7,0.00,194.54,194.54,HMR2300,-16793.3,-15026.7,45580.0,50846.4,,,,,,,,RR1713,,
J2-970,ASNAP,2017/07/28 02:08:55,44.37414481,-124.95624963,661.786530,1604.065005,308.71,-10.4,4.2,0.00,194.37,194.37,HMR2300,-17733.3,-14700.0,45240.0,50766.3,,,,,,,,RR1713,,
J2-970,ASNAP,2017/07/28 02:09:00,44.37414436,-124.95625064,661.706681,1604.014883,305.55,-11.8,3.2,0.00,194.09,194.09,HMR2300,-17686.7,-14293.3,45373.3,50752.9,,,,,,,,RR1713,,
J2-970,ASNAP,2017/07/28 02:09:05,44.37414392,-124.95625166,661.625451,1603.966916,305.62,-11.7,4.4,0.00,193.64,193.64,HMR2300,-16926.7,-15586.7,45546.7,51029.0,,,,,,,,RR1713,,
J2-970,ASNAP,2017/07/28 02:09:10,44.37414351,-124.95625269,661.542940,1603.921182,307.32,-11.2,6.2,0.00,193.37,193.37,HMR2300,-17786.7,-16973.3,44760.0,51067.8,,,,,,,,RR1713,,
J2-970,ASNAP,2017/07/28 02:09:15,44.37414312,-124.95625374,661.459031,1603.877647,312.43,-10.5,7.0,0.00,193.46,193.46,HMR2300,-18760.0,-16773.3,44620.0,51227.2,,,,,,,,RR1713,,
J2-970,ASNAP,2017/07/28 02:09:20,44.37414275,-124.95625481,661.373576,1603.836261,305.88,-10.1,5.3,0.00,193.62,193.62,HMR2300,-16580.0,-16186.7,45606.7,51155.4,,,,,,,,RR1713,,
J2-970,ASNAP,2017/07/28 02:09:25,44.37414240,-124.95625591,661.286530,1603.797043,287.96,-10.4,4.3,0.00,193.70,193.7,HMR2300,-10466.7,-16093.3,47186.7,50942.4,,,,,,,,RR1713,,
J2-970,ASNAP,2017/07/28 02:09:30,44.37414206,-124.95625702,661.197920,1603.760045,291.34,-9.8,4.2,0.00,193.77,193.77,HMR2300,-11366.7,-16053.3,47160.0,51097.7,,,,,,,,RR1713,,
J2-970,ASNAP,2017/07/28 02:09:35,44.37414175,-124.95625815,661.107957,1603.725389,292.54,-10.4,5.0,0.00,193.74,193.74,HMR2300,-12386.7,-16926.7,46666.7,51163.7,,,,,,,,RR1713,,
J2-970,ASNAP,2017/07/28 02:09:40,44.37414146,-124.95625929,661.016856,1603.693192,290.12,-9.4,5.0,0.00,193.92,193.92,HMR2300,-10400.0,-16746.7,47260.0,51206.6,,,,,,,,RR1713,,
J2-970,ASNAP,2017/07/28 02:09:45,44.37414119,-124.95626045,660.924693,1603.663502,291.41,-9.4,6.9,0.00,194.25,194.25,HMR2300,-10913.3,-18520.0,46686.7,51397.8,,,,,,,,RR1713,,
J2-970,ASNAP,2017/07/28 02:09:50,44.37414095,-124.95626161,660.831519,1603.636348,292.28,-10.1,6.2,0.00,194.37,194.37,HMR2300,-11686.7,-17620.0,46660.0,51226.9,,,,,,,,RR1713,,
J2-970,ASNAP,2017/07/28 02:09:55,44.37414073,-124.95626279,660.737419,1603.611755,291.60,-9.6,5.9,0.00,194.28,194.28,HMR2300,-11280.0,-17340.0,46960.0,51314.3,,,,,,,,RR1713,,
J2-970,ASNAP,2017/07/28 02:10:00,44.37414053,-124.95626398,660.642501,1603.589750,288.30,-12.5,5.6,0.00,194.03,194.03,HMR2300,-12306.7,-17200.0,46620.0,51193.0,,,,,,,,RR1713,,
J2-970,ASNAP,2017/07/28 02:10:05,44.37414036,-124.95626518,660.546939,1603.570366,288.29,-12.1,4.9,0.00,193.78,193.78,HMR2300,-12093.3,-16580.0,46833.3,51132.2,,,,,,,,RR1713,,
J2-970,ASNAP,2017/07/28 02:10:10,44.37414020,-124.95626639,660.450827,1603.553620,288.22,-9.4,3.3,0.00,193.57,193.57,HMR2300,-9633.3,-15360.0,47806.7,51129.3,,,,,,,,RR1713,,
J2-970,ASNAP,2017/07/28 02:10:15,44.37414008,-124.95626760,660.353971,1603.539481,293.67,-10.5,5.8,0.00,193.67,193.67,HMR2300,-12553.3,-16980.0,46620.0,51179.4,,,,,,,,RR1713,,
J2-970,ASNAP,2017/07/28 02:10:20,44.37413997,-124.95626883,660.256187,1603.527923,307.08,-12.7,4.4,0.00,193.57,193.57,HMR2300,-19280.0,-15200.0,44540.0,50858.3,,,,,,,,RR1713,,
J2-970,ASNAP,2017/07/28 02:10:25,44.37413989,-124.95627007,660.157501,1603.518955,320.50,-13.1,5.8,0.00,193.46,193.46,HMR2300,-23313.3,-14500.0,42753.3,50809.5,,,,,,,,RR1713,,
J2-970,ASNAP,2017/07/28 02:10:30,44.37413984,-124.95627132,660.058018,1603.512594,328.98,-10.5,7.3,0.00,193.54,193.54,HMR2300,-23820.0,-13880.0,42440.0,50608.3,,,,,,,,RR1713,,
J2-970,EVT,2017/07/28 02:10:32,44.37413982,-124.95627182,660.018056,1603.510783,325.81,-10.3,6.8,0.00,193.47,193.47,HMR2300,-22773.3,-13793.3,43080.0,50643.5,,,,,,,,RR1713,DLG,TXT: Port manipulator pushes bale over PIA USR:eventlogger
J2-970,ASNAP,2017/07/28 02:10:35,44.37413980,-124.95627257,659.957982,1603.508854,320.05,-10.4,6.5,0.00,193.14,193.14,HMR2300,-21520.0,-14886.7,43306.7,50598.3,,,,,,,,RR1713,,
J2-970,ASNAP,2017/07/28 02:10:40,44.37413979,-124.95627383,659.857607,1603.507738,313.79,-9.7,5.8,0.00,192.90,192.9,HMR2300,-18786.7,-15393.3,44760.0,50925.0,,,,,,,,RR1713,,
J2-970,ASNAP,2017/07/28 02:10:45,44.37413981,-124.95627509,659.756962,1603.509226,321.44,-9.4,4.1,0.00,192.92,192.92,HMR2300,-21240.0,-12606.7,44360.0,50772.8,,,,,,,,RR1713,,
J2-970,ASNAP,2017/07/28 02:10:50,44.37413984,-124.95627636,659.656109,1603.513291,327.17,-8.7,4.4,0.00,193.33,193.33,HMR2300,-22113.3,-11420.0,43706.7,50296.0,,,,,,,,RR1713,,
J2-970,ASNAP,2017/07/28 02:10:55,44.37413990,-124.95627762,659.555152,1603.519893,300.80,-8.6,3.5,0.00,193.79,193.79,HMR2300,-13533.3,-14720.0,46893.3,50978.6,,,,,,,,RR1713,,
J2-970,ASNAP,2017/07/28 02:11:00,44.37413998,-124.95627889,659.454225,1603.528981,284.57,-8.7,4.5,0.00,193.98,193.98,HMR2300,-7620.0,-16326.7,48013.3,51282.6,,,,,,,,RR1713,,
J2-970,ASNAP,2017/07/28 02:11:05,44.37414009,-124.95628015,659.353523,1603.540492,262.41,-9.0,3.7,0.00,194.07,194.07,HMR2300,-466.7,-13713.3,49380.0,51250.9,,,,,,,,RR1713,,
J2-970,ASNAP,2017/07/28 02:11:10,44.37414021,-124.95628141,659.253143,1603.554374,261.45,-8.6,2.8,0.00,194.06,194.06,HMR2300,146.7,-12680.0,49520.0,51117.8,,,,,,,,RR1713,,
J2-970,ASNAP,2017/07/28 02:11:15,44.37414036,-124.95628267,659.152915,1603.570609,247.20,-8.7,2.6,0.00,193.98,193.98,HMR2300,4773.3,-9546.7,49746.7,50878.8,,,,,,,,RR1713,,
J2-970,ASNAP,2017/07/28 02:11:20,44.37414052,-124.95628393,659.052709,1603.589177,233.46,-8.6,3.5,0.00,194.06,194.06,HMR2300,8240.0,-6580.0,49720.0,50825.9,,,,,,,,RR1713,,
J2-970,ASNAP,2017/07/28 02:11:25,44.37414071,-124.95628518,658.952591,1603.610030,224.91,-8.8,2.3,0.00,194.02,194.02,HMR2300,9333.3,-3286.7,49473.3,50453.2,,,,,,,,RR1713,,
J2-970,ASNAP,2017/07/28 02:11:30,44.37414092,-124.95628644,658.852698,1603.633103,227.57,-8.8,4.4,0.00,193.94,193.94,HMR2300,8986.7,-5680.0,49660.0,50785.2,,,,,,,,RR1713,,
J2-970,ASNAP,2017/07/28 02:11:35,44.37414115,-124.95628768,658.753269,1603.658298,226.24,-9.4,3.6,0.00,193.74,193.74,HMR2300,8860.0,-4500.0,49686.7,50670.6,,,,,,,,RR1713,,
J2-970,ASNAP,2017/07/28 02:11:40,44.37414139,-124.95628892,658.654509,1603.685518,224.96,-9.3,2.9,0.00,193.68,193.68,HMR2300,9133.3,-3466.7,49613.3,50566.0,,,,,,,,RR1713,,
J2-970,ASNAP,2017/07/28 02:11:45,44.37414165,-124.95629015,658.556524,1603.714681,214.14,-9.9,3.3,0.00,193.75,193.75,HMR2300,10140.0,-546.7,49566.7,50596.2,,,,,,,,RR1713,,
J2-970,ASNAP,2017/07/28 02:11:50,44.37414193,-124.95629137,658.459418,1603.745694,212.84,-8.4,3.9,0.00,193.87,193.87,HMR2300,11846.7,-86.7,48980.0,50392.4,,,,,,,,RR1713,,
J2-970,ASNAP,2017/07/28 02:11:55,44.37414223,-124.95629257,658.363318,1603.778453,208.47,-8.9,4.9,0.00,193.90,193.9,HMR2300,11846.7,333.3,48933.3,50348.0,,,,,,,,RR1713,,
J2-970,ASNAP,2017/07/28 02:12:00,44.37414254,-124.95629376,658.268377,1603.812835,205.95,-9.3,4.4,0.00,193.74,193.74,HMR2300,11620.0,1640.0,48846.7,50236.5,,,,,,,,RR1713,,
J2-970,ASNAP,2017/07/28 02:12:05,44.37414286,-124.95629494,658.174796,1603.848698,202.05,-8.9,5.8,0.00,193.62,193.62,HMR2300,12193.3,2040.0,48433.3,49986.3,,,,,,,,RR1713,,
J2-970,ASNAP,2017/07/28 02:12:10,44.37414320,-124.95629609,658.082661,1603.885943,204.54,-9.4,5.8,0.00,193.59,193.59,HMR2300,11426.7,1026.7,48880.0,50208.3,,,,,,,,RR1713,,
J2-970,ASNAP,2017/07/28 02:12:15,44.37414354,-124.95629723,657.991831,1603.924566,203.85,-9.9,5.2,0.00,193.62,193.62,HMR2300,11240.0,1840.0,48906.7,50215.4,,,,,,,,RR1713,,
J2-970,ASNAP,2017/07/28 02:12:20,44.37414390,-124.95629836,657.902205,1603.964548,203.74,-10.3,5.2,0.00,193.79,193.79,HMR2300,11020.0,1766.7,49300.0,50547.5,,,,,,,,RR1713,,
J2-970,ASNAP,2017/07/28 02:12:25,44.37414427,-124.95629947,657.813821,1604.005822,203.07,-8.4,5.3,0.00,194.00,194,HMR2300,12233.3,1793.3,48606.7,50154.5,,,,,,,,RR1713,,
J2-970,ASNAP,2017/07/28 02:12:30,44.37414466,-124.95630056,657.726808,1604.048275,203.99,-9.4,5.6,0.00,194.13,194.13,HMR2300,11566.7,1580.0,48580.0,49963.0,,,,,,,,RR1713,,
J2-970,ASNAP,2017/07/28 02:12:35,44.37414505,-124.95630163,657.641448,1604.091716,203.03,-10.1,4.9,0.00,194.23,194.23,HMR2300,11006.7,2080.0,49160.0,50420.0,,,,,,,,RR1713,,
J2-970,ASNAP,2017/07/28 02:12:40,44.37414545,-124.95630268,657.557967,1604.135976,204.92,-9.8,4.4,0.00,194.28,194.28,HMR2300,11213.3,2273.3,48900.0,50220.7,,,,,,,,RR1713,,
J2-970,ASNAP,2017/07/28 02:12:45,44.37414585,-124.95630370,657.476461,1604.180944,197.33,-8.6,5.0,0.00,194.42,194.42,HMR2300,12633.3,4260.0,48406.7,50209.1,,,,,,,,RR1713,,
J2-970,ASNAP,2017/07/28 02:12:50,44.37414626,-124.95630469,657.397025,1604.226504,206.99,-9.4,5.4,0.00,194.39,194.39,HMR2300,11686.7,826.7,48746.7,50134.8,,,,,,,,RR1713,,
J2-970,ASNAP,2017/07/28 02:12:55,44.37414667,-124.95630566,657.319771,1604.272526,206.25,-8.7,5.0,0.00,194.22,194.22,HMR2300,12200.0,1166.7,48573.3,50095.6,,,,,,,,RR1713,,
J2-970,ASNAP,2017/07/28 02:13:00,44.37414709,-124.95630660,657.244826,1604.318869,207.14,-8.9,4.5,0.00,194.09,194.09,HMR2300,11953.3,1220.0,48813.3,50270.4,,,,,,,,RR1713,,
J2-970,ASNAP,2017/07/28 02:13:05,44.37414751,-124.95630751,657.172341,1604.365375,209.69,-9.3,5.3,0.00,193.79,193.79,HMR2300,11446.7,-933.3,49160.0,50483.7,,,,,,,,RR1713,,
J2-970,ASNAP,2017/07/28 02:13:10,44.37414793,-124.95630839,657.102358,1604.411968,206.45,-9.0,5.5,0.00,193.87,193.87,HMR2300,11653.3,580.0,48633.3,50013.4,,,,,,,,RR1713,,
J2-970,ASNAP,2017/07/28 02:13:15,44.37414835,-124.95630924,657.034750,1604.458692,207.62,-9.0,5.5,0.00,193.96,193.96,HMR2300,11713.3,213.3,49060.0,50439.4,,,,,,,,RR1713,,
J2-970,EVT,2017/07/28 02:13:19,44.37414869,-124.95630990,656.982313,1604.496195,198.36,-8.9,5.1,0.00,193.96,193.96,HMR2300,12506.7,3153.3,48300.0,49992.5,,,,,,,,RR1713,DLG,TXT: Port manipulator moves pintel lactch block ooutward to allow removal USR:eventlogger
J2-970,ASNAP,2017/07/28 02:13:20,44.37414877,-124.95631006,656.969434,1604.505589,200.01,-8.6,5.2,0.00,193.96,193.96,HMR2300,12546.7,3040.0,48433.3,50124.3,,,,,,,,RR1713,,
J2-970,ASNAP,2017/07/28 02:13:25,44.37414920,-124.95631085,656.906419,1604.552669,203.06,-8.9,5.2,0.00,193.95,193.95,HMR2300,12160.0,1986.7,48773.3,50305.6,,,,,,,,RR1713,,
J2-970,ASNAP,2017/07/28 02:13:30,44.37414962,-124.95631161,656.845748,1604.599921,202.97,-9.3,3.8,0.00,193.73,193.73,HMR2300,11713.3,3460.0,48580.0,50091.8,,,,,,,,RR1713,,
J2-970,ASNAP,2017/07/28 02:13:35,44.37415005,-124.95631234,656.787514,1604.647287,202.68,-9.1,3.3,0.00,193.45,193.45,HMR2300,11993.3,3913.3,48626.7,50236.5,,,,,,,,RR1713,,
J2-970,ASNAP,2017/07/28 02:13:40,44.37415047,-124.95631303,656.732257,1604.694188,201.58,-8.8,3.0,0.00,193.31,193.31,HMR2300,12480.0,4453.3,48740.0,50509.1,,,,,,,,RR1713,,
J2-970,ASNAP,2017/07/28 02:13:45,44.37415087,-124.95631367,656.681169,1604.739295,202.75,-8.4,3.3,0.00,193.18,193.18,HMR2300,12520.0,3833.3,48760.0,50487.4,,,,,,,,RR1713,,
J2-970,ASNAP,2017/07/28 02:13:50,44.37415124,-124.95631423,656.636478,1604.780049,203.10,-8.8,2.9,0.00,193.00,193,HMR2300,12226.7,3946.7,48840.0,50501.6,,,,,,,,RR1713,,
J2-970,ASNAP,2017/07/28 02:13:55,44.37415153,-124.95631467,656.601643,1604.812433,199.32,-8.7,3.7,0.00,193.06,193.06,HMR2300,12180.0,4533.3,48406.7,50120.9,,,,,,,,RR1713,,
J2-970,ASNAP,2017/07/28 02:14:00,44.37415175,-124.95631498,656.576800,1604.836052,191.64,-8.9,3.6,0.00,193.01,193.01,HMR2300,12180.0,7440.0,47840.0,49923.7,,,,,,,,RR1713,,
J2-970,ASNAP,2017/07/28 02:14:05,44.37415192,-124.95631522,656.557773,1604.855225,198.48,-8.8,3.9,0.00,192.85,192.85,HMR2300,12453.3,4806.7,48333.3,50142.8,,,,,,,,RR1713,,
J2-970,ASNAP,2017/07/28 02:14:10,44.37415209,-124.95631544,656.540110,1604.874578,195.74,-9.2,4.3,0.00,192.58,192.58,HMR2300,11966.7,5613.3,48273.3,50050.2,,,,,,,,RR1713,,
J2-970,ASNAP,2017/07/28 02:14:15,44.37415231,-124.95631570,656.519355,1604.898731,195.20,-8.9,3.2,0.00,192.23,192.23,HMR2300,12126.7,6726.7,47746.7,49719.7,,,,,,,,RR1713,,
J2-970,ASNAP,2017/07/28 02:14:20,44.37415260,-124.95631605,656.492072,1604.931307,197.18,-8.8,4.0,0.00,192.15,192.15,HMR2300,12306.7,4980.0,48633.3,50412.9,,,,,,,,RR1713,,
J2-970,ASNAP,2017/07/28 02:14:25,44.37415295,-124.95631644,656.460817,1604.969995,196.40,-8.8,3.0,0.00,191.99,191.99,HMR2300,12366.7,6480.0,47993.3,49982.8,,,,,,,,RR1713,,
J2-970,ASNAP,2017/07/28 02:14:30,44.37415332,-124.95631683,656.429943,1605.010690,195.05,-9.0,3.1,0.00,192.03,192.03,HMR2300,12286.7,6733.3,48053.3,50054.2,,,,,,,,RR1713,,
J2-970,ASNAP,2017/07/28 02:14:35,44.37415368,-124.95631718,656.401606,1605.051359,195.94,-9.1,3.4,0.00,191.97,191.97,HMR2300,12346.7,6313.3,48353.3,50302.5,,,,,,,,RR1713,,
J2-970,ASNAP,2017/07/28 02:14:40,44.37415404,-124.95631749,656.377020,1605.090850,185.72,-8.9,3.4,0.00,191.93,191.93,HMR2300,12053.3,9993.3,47206.7,49735.5,,,,,,,,RR1713,,
J2-970,ASNAP,2017/07/28 02:14:45,44.37415438,-124.95631775,656.356467,1605.128882,171.75,-8.9,3.5,0.00,191.89,191.89,HMR2300,10453.3,14533.3,46273.3,49615.6,,,,,,,,RR1713,,
J2-970,ASNAP,2017/07/28 02:14:50,44.37415471,-124.95631795,656.339905,1605.165483,168.23,-8.6,2.1,0.00,191.94,191.94,HMR2300,10266.7,16786.7,45133.3,49236.3,,,,,,,,RR1713,,
J2-970,ASNAP,2017/07/28 02:14:55,44.37415503,-124.95631811,656.327246,1605.200751,169.20,-8.8,2.7,0.00,192.22,192.22,HMR2300,10053.3,15740.0,45500.0,49184.0,,,,,,,,RR1713,,
J2-970,ASNAP,2017/07/28 02:15:00,44.37415533,-124.95631822,656.318405,1605.234791,170.07,-9.3,3.4,0.00,192.35,192.35,HMR2300,9946.7,15306.7,45606.7,49124.3,,,,,,,,RR1713,,
J2-970,ASNAP,2017/07/28 02:15:05,44.37415563,-124.95631829,656.313383,1605.267624,169.72,-9.0,4.5,0.00,192.45,192.45,HMR2300,10340.0,14093.3,46466.7,49645.6,,,,,,,,RR1713,,
J2-970,ASNAP,2017/07/28 02:15:10,44.37415591,-124.95631830,656.312207,1605.299242,172.24,-9.2,2.6,0.00,192.38,192.38,HMR2300,10146.7,15126.7,45646.7,49146.6,,,,,,,,RR1713,,
J2-970,ASNAP,2017/07/28 02:15:15,44.37415619,-124.95631827,656.314919,1605.329618,170.55,-9.2,3.5,0.00,192.33,192.33,HMR2300,10100.0,14920.0,45926.7,49334.3,,,,,,,,RR1713,,
J2-970,ASNAP,2017/07/28 02:15:20,44.37415645,-124.95631818,656.321566,1605.358721,171.45,-9.6,3.2,0.00,192.38,192.38,HMR2300,9840.0,14760.0,46140.0,49432.6,,,,,,,,RR1713,,
J2-970,ASNAP,2017/07/28 02:15:25,44.37415670,-124.95631805,656.332190,1605.386532,170.58,-9.2,3.0,0.00,192.41,192.41,HMR2300,10200.0,15153.3,46200.0,49680.0,,,,,,,,RR1713,,
J2-970,ASNAP,2017/07/28 02:15:30,44.37415694,-124.95631787,656.346834,1605.413045,173.49,-9.1,3.5,0.00,192.38,192.38,HMR2300,10373.3,13933.3,46106.7,49270.4,,,,,,,,RR1713,,
J2-970,ASNAP,2017/07/28 02:15:35,44.37415717,-124.95631763,656.365556,1605.438272,172.05,-8.8,5.0,0.00,192.32,192.32,HMR2300,10886.7,12600.0,47080.0,49938.0,,,,,,,,RR1713,,
J2-970,ASNAP,2017/07/28 02:15:40,44.37415738,-124.95631735,656.388407,1605.462224,173.36,-9.1,3.6,0.00,192.41,192.41,HMR2300,10580.0,13973.3,46193.3,49406.6,,,,,,,,RR1713,,
J2-970,ASNAP,2017/07/28 02:15:45,44.37415758,-124.95631701,656.415399,1605.484870,170.63,-9.1,2.4,0.00,192.24,192.24,HMR2300,10300.0,15653.3,45626.7,49324.5,,,,,,,,RR1713,,
J2-970,ASNAP,2017/07/28 02:15:50,44.37415778,-124.95631662,656.446538,1605.506177,172.65,-9.4,1.7,0.00,192.32,192.32,HMR2300,10266.7,15766.7,45566.7,49298.2,,,,,,,,RR1713,,
J2-970,ASNAP,2017/07/28 02:15:55,44.37415796,-124.95631617,656.481846,1605.526140,174.75,-9.5,1.9,0.00,192.51,192.51,HMR2300,10220.0,14880.0,45973.3,49390.4,,,,,,,,RR1713,,
J2-970,ASNAP,2017/07/28 02:16:00,44.37415812,-124.95631568,656.521341,1605.544760,172.88,-9.1,2.8,0.00,192.27,192.27,HMR2300,10473.3,14766.7,45860.0,49304.0,,,,,,,,RR1713,,
J2-970,ASNAP,2017/07/28 02:16:05,44.37415828,-124.95631513,656.565008,1605.562031,171.35,-9.3,3.8,0.00,192.20,192.2,HMR2300,9833.3,14473.3,45833.3,49059.8,,,,,,,,RR1713,,
J2-970,ASNAP,2017/07/28 02:16:10,44.37415842,-124.95631453,656.612808,1605.577948,172.09,-9.2,3.4,0.00,192.24,192.24,HMR2300,10033.3,14406.7,45826.7,49074.5,,,,,,,,RR1713,,
J2-970,ASNAP,2017/07/28 02:16:15,44.37415855,-124.95631388,656.664658,1605.592498,173.69,-8.9,1.7,0.00,192.32,192.32,HMR2300,10653.3,15320.0,45400.0,49085.2,,,,,,,,RR1713,,
J2-970,ASNAP,2017/07/28 02:16:20,44.37415867,-124.95631318,656.720521,1605.605680,173.62,-9.7,3.6,0.00,192.42,192.42,HMR2300,10113.3,13973.3,46280.0,49390.0,,,,,,,,RR1713,,
J2-970,ASNAP,2017/07/28 02:16:25,44.37415878,-124.95631243,656.780532,1605.617531,174.27,-8.3,3.2,0.00,192.42,192.42,HMR2300,11413.3,13826.7,46113.3,49476.1,,,,,,,,RR1713,,
J2-970,ASNAP,2017/07/28 02:16:30,44.37415887,-124.95631162,656.844832,1605.628085,174.97,-9.9,5.9,0.00,192.44,192.44,HMR2300,10133.3,11513.3,47080.0,49515.3,,,,,,,,RR1713,,
J2-970,ASNAP,2017/07/28 02:16:35,44.37415896,-124.95631076,656.913484,1605.637350,171.78,-9.4,4.6,0.00,192.23,192.23,HMR2300,10266.7,14186.7,46246.7,49451.2,,,,,,,,RR1713,,
J2-970,ASNAP,2017/07/28 02:16:40,44.37415903,-124.95630984,656.986493,1605.645325,171.95,-9.1,3.6,0.00,192.14,192.14,HMR2300,10186.7,14333.3,46060.0,49302.5,,,,,,,,RR1713,,
J2-970,ASNAP,2017/07/28 02:16:45,44.37415909,-124.95630887,657.063749,1605.651996,171.94,-8.7,3.1,0.00,192.28,192.28,HMR2300,10773.3,14760.0,45766.7,49279.9,,,,,,,,RR1713,,
J2-970,ASNAP,2017/07/28 02:16:50,44.37415914,-124.95630785,657.145138,1605.657356,171.84,-8.9,4.0,0.00,192.43,192.43,HMR2300,10320.0,13993.3,46040.0,49213.8,,,,,,,,RR1713,,
J2-970,ASNAP,2017/07/28 02:16:55,44.37415917,-124.95630678,657.230602,1605.661410,176.38,-8.6,2.9,0.00,192.43,192.43,HMR2300,11366.7,13533.3,46233.3,49496.2,,,,,,,,RR1713,,
J2-970,ASNAP,2017/07/28 02:17:00,44.37415920,-124.95630566,657.320082,1605.664165,175.38,-5.7,2.6,0.00,192.38,192.38,HMR2300,13933.3,13886.7,45453.3,49527.6,,,,,,,,RR1713,,
J2-970,ASNAP,2017/07/28 02:17:05,44.37415921,-124.95630449,657.413487,1605.665637,175.58,-9.7,3.4,0.00,192.43,192.43,HMR2300,10373.3,13546.7,46280.0,49325.0,,,,,,,,RR1713,,
J2-970,ASNAP,2017/07/28 02:17:10,44.37415921,-124.95630327,657.510694,1605.665840,175.25,-8.6,4.1,0.00,192.36,192.36,HMR2300,11293.3,12960.0,46680.0,49744.6,,,,,,,,RR1713,,
J2-970,ASNAP,2017/07/28 02:17:15,44.37415920,-124.95630200,657.611511,1605.664795,173.48,-9.2,4.9,0.00,192.41,192.41,HMR2300,10486.7,12920.0,46440.0,49331.2,,,,,,,,RR1713,,
J2-970,ASNAP,2017/07/28 02:17:20,44.37415918,-124.95630070,657.715862,1605.662517,172.85,-9.3,3.4,0.00,192.33,192.33,HMR2300,10426.7,14273.3,46380.0,49634.1,,,,,,,,RR1713,,
J2-970,ASNAP,2017/07/28 02:17:25,44.37415915,-124.95629934,657.823979,1605.659012,174.54,-9.1,3.5,0.00,192.20,192.2,HMR2300,10480.0,13746.7,46013.3,49153.1,,,,,,,,RR1713,,
J2-970,ASNAP,2017/07/28 02:17:30,44.37415911,-124.95629793,657.936057,1605.654288,173.52,-9.1,3.1,0.00,192.28,192.28,HMR2300,10786.7,14326.7,46166.7,49527.4,,,,,,,,RR1713,,
J2-970,ASNAP,2017/07/28 02:17:35,44.37415906,-124.95629648,658.052086,1605.648350,173.78,-9.5,4.0,0.00,192.37,192.37,HMR2300,10393.3,13466.7,46386.7,49407.4,,,,,,,,RR1713,,
J2-970,ASNAP,2017/07/28 02:17:40,44.37415899,-124.95629497,658.171946,1605.641213,180.60,-9.5,3.1,0.00,192.43,192.43,HMR2300,11033.3,11746.7,47026.7,49711.4,,,,,,,,RR1713,,
J2-970,ASNAP,2017/07/28 02:17:45,44.37415892,-124.95629343,658.295337,1605.632903,178.16,-10.2,3.9,0.00,192.45,192.45,HMR2300,10166.7,12206.7,46806.7,49429.0,,,,,,,,RR1713,,
J2-970,ASNAP,2017/07/28 02:17:50,44.37415883,-124.95629184,658.422012,1605.623444,174.10,-9.1,3.6,0.00,192.38,192.38,HMR2300,10580.0,13380.0,46553.3,49580.0,,,,,,,,RR1713,,
J2-970,ASNAP,2017/07/28 02:17:55,44.37415874,-124.95629021,658.551908,1605.612854,175.81,-8.7,3.5,0.00,192.23,192.23,HMR2300,11100.0,13166.7,46153.3,49261.6,,,,,,,,RR1713,,
J2-970,ASNAP,2017/07/28 02:18:00,44.37415863,-124.95628854,658.684945,1605.601153,175.80,-8.9,4.0,0.00,192.24,192.24,HMR2300,10906.7,12640.0,46560.0,49462.7,,,,,,,,RR1713,,
J2-970,ASNAP,2017/07/28 02:18:05,44.37415852,-124.95628683,658.820948,1605.588370,177.73,-9.1,3.3,0.00,192.36,192.36,HMR2300,11086.7,12920.0,46253.3,49287.0,,,,,,,,RR1713,,
J2-970,ASNAP,2017/07/28 02:18:10,44.37415839,-124.95628509,658.959688,1605.574543,178.47,-8.8,1.6,0.00,192.42,192.42,HMR2300,11666.7,13646.7,46300.0,49659.2,,,,,,,,RR1713,,
J2-970,ASNAP,2017/07/28 02:18:15,44.37415826,-124.95628332,659.100853,1605.559719,184.15,-9.0,2.6,0.00,192.45,192.45,HMR2300,11806.7,11373.3,46866.7,49651.1,,,,,,,,RR1713,,
J2-970,ASNAP,2017/07/28 02:18:20,44.37415812,-124.95628152,659.244322,1605.543923,185.13,-10.5,1.5,0.00,192.58,192.58,HMR2300,10606.7,11606.7,47280.0,49825.8,,,,,,,,RR1713,,
J2-970,ASNAP,2017/07/28 02:18:25,44.37415797,-124.95627969,659.390378,1605.527136,184.69,-9.7,4.1,0.00,192.56,192.56,HMR2300,11013.3,9293.3,47700.0,49829.2,,,,,,,,RR1713,,
J2-970,ASNAP,2017/07/28 02:18:30,44.37415780,-124.95627782,659.539204,1605.509348,171.39,-7.8,2.1,0.00,192.54,192.54,HMR2300,11353.3,15760.0,45333.3,49319.2,,,,,,,,RR1713,,
J2-970,ASNAP,2017/07/28 02:18:35,44.37415764,-124.95627592,659.690693,1605.490583,149.73,-7.8,3.6,0.00,192.62,192.62,HMR2300,6513.3,20893.3,43600.0,48784.4,,,,,,,,RR1713,,
J2-970,ASNAP,2017/07/28 02:18:40,44.37415746,-124.95627399,659.844618,1605.470876,144.94,-5.5,2.9,0.00,192.73,192.73,HMR2300,7846.7,22160.0,42786.7,48819.4,,,,,,,,RR1713,,
J2-970,ASNAP,2017/07/28 02:18:45,44.37415727,-124.95627204,660.000594,1605.450290,145.16,-9.0,1.4,0.00,192.75,192.75,HMR2300,4833.3,23213.3,42480.0,48649.5,,,,,,,,RR1713,,
J2-970,ASNAP,2017/07/28 02:18:50,44.37415708,-124.95627006,660.158302,1605.428876,153.00,-9.3,2.4,0.00,192.72,192.72,HMR2300,6466.7,20973.3,43520.0,48741.0,,,,,,,,RR1713,,
J2-970,ASNAP,2017/07/28 02:18:55,44.37415688,-124.95626806,660.317572,1605.406675,153.20,-9.5,2.2,0.00,192.77,192.77,HMR2300,6440.0,21080.0,43566.7,48825.1,,,,,,,,RR1713,,
J2-970,ASNAP,2017/07/28 02:19:00,44.37415667,-124.95626605,660.478231,1605.383727,150.30,-8.1,0.5,0.00,192.97,192.97,HMR2300,6893.3,23020.0,42360.0,48701.2,,,,,,,,RR1713,,
J2-970,ASNAP,2017/07/28 02:19:05,44.37415646,-124.95626402,660.640077,1605.360081,151.81,-6.5,3.0,0.00,192.90,192.9,HMR2300,8600.0,20553.3,43553.3,48921.3,,,,,,,,RR1713,,
J2-970,ASNAP,2017/07/28 02:19:10,44.37415624,-124.95626197,660.802847,1605.335795,152.87,-7.9,3.4,0.00,192.84,192.84,HMR2300,7660.0,20066.7,43993.3,48956.7,,,,,,,,RR1713,,
J2-970,ASNAP,2017/07/28 02:19:15,44.37415602,-124.95625992,660.966186,1605.310945,154.45,-6.8,1.5,0.00,192.95,192.95,HMR2300,9180.0,21286.7,43073.3,48915.3,,,,,,,,RR1713,,
J2-970,ASNAP,2017/07/28 02:19:20,44.37415579,-124.95625787,661.129956,1605.285576,156.06,-7.4,1.1,0.00,193.09,193.09,HMR2300,8973.3,20953.3,43220.0,48862.4,,,,,,,,RR1713,,
J2-970,ASNAP,2017/07/28 02:19:25,44.37415556,-124.95625581,661.294373,1605.259679,155.04,-7.0,1.3,0.00,192.99,192.99,HMR2300,9040.0,21220.0,43160.0,48936.6,,,,,,,,RR1713,,
J2-970,ASNAP,2017/07/28 02:19:30,44.37415532,-124.95625374,661.459579,1605.233257,153.39,-7.5,2.8,0.00,192.89,192.89,HMR2300,8086.7,20480.0,43706.7,48939.7,,,,,,,,RR1713,,
J2-970,ASNAP,2017/07/28 02:19:35,44.37415508,-124.95625165,661.625552,1605.206342,155.06,-7.2,0.5,0.00,193.10,193.1,HMR2300,8860.0,21726.7,42880.0,48879.9,,,,,,,,RR1713,,
J2-970,ASNAP,2017/07/28 02:19:40,44.37415483,-124.95624957,661.792066,1605.178999,156.27,-7.4,1.7,0.00,193.10,193.1,HMR2300,8906.7,20553.3,43500.0,48928.7,,,,,,,,RR1713,,
J2-970,ASNAP,2017/07/28 02:19:45,44.37415458,-124.95624748,661.958619,1605.151346,162.53,-11.3,1.6,0.00,193.12,193.12,HMR2300,6893.3,18860.0,44626.7,48936.3,,,,,,,,RR1713,,
J2-970,ASNAP,2017/07/28 02:19:50,44.37415433,-124.95624539,662.124823,1605.123482,177.93,-11.9,2.1,0.00,193.17,193.17,HMR2300,8606.7,13713.3,46606.7,49338.7,,,,,,,,RR1713,,
J2-970,ASNAP,2017/07/28 02:19:55,44.37415408,-124.95624331,662.290498,1605.095480,174.11,-9.4,2.5,0.00,193.14,193.14,HMR2300,10393.3,14813.3,46006.7,49437.5,,,,,,,,RR1713,,
J2-970,ASNAP,2017/07/28 02:20:00,44.37415383,-124.95624124,662.455455,1605.067418,157.44,-10.1,1.3,0.00,193.06,193.06,HMR2300,6973.3,20440.0,43866.7,48894.8,,,,,,,,RR1713,,
J2-970,ASNAP,2017/07/28 02:20:05,44.37415358,-124.95623919,662.619478,1605.039380,157.97,-8.0,5.1,0.00,193.08,193.08,HMR2300,8766.7,17566.7,45000.0,49096.3,,,,,,,,RR1713,,
J2-970,ASNAP,2017/07/28 02:20:10,44.37415332,-124.95623714,662.782291,1605.011465,151.78,-8.1,3.6,0.00,193.16,193.16,HMR2300,7266.7,20293.3,43906.7,48912.4,,,,,,,,RR1713,,
J2-970,ASNAP,2017/07/28 02:20:15,44.37415308,-124.95623512,662.943551,1604.983789,156.38,-7.1,1.3,0.00,193.25,193.25,HMR2300,9373.3,20793.3,43346.7,48981.2,,,,,,,,RR1713,,
J2-970,ASNAP,2017/07/28 02:20:20,44.37415283,-124.95623312,663.103194,1604.956422,157.06,-7.4,2.1,0.00,193.27,193.27,HMR2300,9133.3,20013.3,43793.3,49008.2,,,,,,,,RR1713,,
J2-970,ASNAP,2017/07/28 02:20:25,44.37415259,-124.95623113,663.261503,1604.929377,156.89,-7.2,1.6,0.00,193.29,193.29,HMR2300,9313.3,20486.7,43493.3,48970.5,,,,,,,,RR1713,,
J2-970,ASNAP,2017/07/28 02:20:30,44.37415235,-124.95622916,663.418611,1604.902699,157.07,-7.3,1.8,0.00,193.31,193.31,HMR2300,9240.0,20246.7,43666.7,49011.0,,,,,,,,RR1713,,
J2-970,ASNAP,2017/07/28 02:20:35,44.37415211,-124.95622721,663.574426,1604.876475,157.83,-7.3,2.1,0.00,193.33,193.33,HMR2300,9420.0,19786.7,43853.3,49024.1,,,,,,,,RR1713,,
J2-970,ASNAP,2017/07/28 02:20:40,44.37415188,-124.95622527,663.728695,1604.850824,154.87,-10.0,2.6,0.00,193.14,193.14,HMR2300,6286.7,20260.0,44040.0,48882.6,,,,,,,,RR1713,,
J2-970,ASNAP,2017/07/28 02:20:45,44.37415165,-124.95622336,663.880991,1604.825896,169.77,-5.9,2.6,0.00,193.39,193.39,HMR2300,12880.0,15620.0,45133.3,49466.1,,,,,,,,RR1713,,
J2-970,ASNAP,2017/07/28 02:20:50,44.37415144,-124.95622148,664.031013,1604.801824,163.58,-8.1,1.8,0.00,193.31,193.31,HMR2300,9946.7,18560.0,44400.0,49140.3,,,,,,,,RR1713,,
J2-970,ASNAP,2017/07/28 02:20:55,44.37415123,-124.95621963,664.178615,1604.778718,157.01,-7.5,2.2,0.00,193.43,193.43,HMR2300,8766.7,20193.3,43713.3,48943.6,,,,,,,,RR1713,,
J2-970,ASNAP,2017/07/28 02:21:00,44.37415103,-124.95621781,664.323663,1604.756686,155.81,-6.7,1.1,0.00,193.38,193.38,HMR2300,9586.7,21126.7,43126.7,48970.9,,,,,,,,RR1713,,
J2-970,ASNAP,2017/07/28 02:21:05,44.37415084,-124.95621602,664.466023,1604.735841,156.73,-7.9,1.3,0.00,193.45,193.45,HMR2300,8653.3,20700.0,43500.0,48945.1,,,,,,,,RR1713,,
J2-970,ASNAP,2017/07/28 02:21:10,44.37415067,-124.95621427,664.605490,1604.716303,159.58,-8.7,1.7,0.00,193.42,193.42,HMR2300,8460.0,19640.0,44073.3,48987.3,,,,,,,,RR1713,,
J2-970,ASNAP,2017/07/28 02:21:15,44.37415051,-124.95621257,664.741794,1604.698205,177.34,-12.5,1.3,0.00,193.52,193.52,HMR2300,8153.3,14440.0,46460.0,49330.7,,,,,,,,RR1713,,
J2-970,ASNAP,2017/07/28 02:21:20,44.37415036,-124.95621090,664.874932,1604.681646,191.70,-11.5,1.3,0.00,193.62,193.62,HMR2300,9873.3,9620.0,47746.7,49696.8,,,,,,,,RR1713,,
J2-970,ASNAP,2017/07/28 02:21:25,44.37415022,-124.95620926,665.005164,1604.666697,187.31,-11.4,2.3,0.00,193.57,193.57,HMR2300,9760.0,10466.7,47526.7,49634.6,,,,,,,,RR1713,,
J2-970,ASNAP,2017/07/28 02:21:30,44.37415010,-124.95620766,665.132504,1604.653459,181.69,-12.0,1.9,0.00,193.63,193.63,HMR2300,8873.3,12753.3,46980.0,49482.4,,,,,,,,RR1713,,
J2-970,ASNAP,2017/07/28 02:21:35,44.37415000,-124.95620611,665.256720,1604.642069,180.10,-11.0,2.5,0.00,193.66,193.66,HMR2300,9940.0,12746.7,46820.0,49531.7,,,,,,,,RR1713,,
J2-970,ASNAP,2017/07/28 02:21:40,44.37414992,-124.95620459,665.377755,1604.632651,168.55,-6.8,1.0,0.00,193.55,193.55,HMR2300,11720.0,17573.3,44493.3,49252.8,,,,,,,,RR1713,,
J2-970,ASNAP,2017/07/28 02:21:45,44.37414985,-124.95620311,665.495728,1604.625318,170.07,-13.0,1.5,0.00,193.59,193.59,HMR2300,6620.0,16706.7,45686.7,49093.9,,,,,,,,RR1713,,
J2-970,ASNAP,2017/07/28 02:21:50,44.37414980,-124.95620167,665.610607,1604.620192,189.13,-11.8,0.9,0.00,193.76,193.76,HMR2300,9520.0,10773.3,47460.0,49589.8,,,,,,,,RR1713,,
J2-970,ASNAP,2017/07/28 02:21:55,44.37414978,-124.95620027,665.722205,1604.617408,187.54,-11.1,2.5,0.00,193.67,193.67,HMR2300,10133.3,10153.3,47580.0,49695.4,,,,,,,,RR1713,,
J2-970,ASNAP,2017/07/28 02:22:00,44.37414978,-124.95619891,665.830387,1604.617093,166.81,-8.2,2.1,0.00,193.57,193.57,HMR2300,10273.3,17520.0,44786.7,49176.6,,,,,,,,RR1713,,
J2-970,ASNAP,2017/07/28 02:22:05,44.37414980,-124.95619760,665.935068,1604.619369,155.54,-6.9,0.8,0.00,193.66,193.66,HMR2300,9253.3,21480.0,42980.0,48931.5,,,,,,,,RR1713,,
J2-970,ASNAP,2017/07/28 02:22:10,44.37414984,-124.95619633,666.036222,1604.624355,154.67,-6.9,1.0,0.00,193.63,193.63,HMR2300,9060.0,21506.7,42980.0,48907.1,,,,,,,,RR1713,,
J2-970,ASNAP,2017/07/28 02:22:15,44.37414991,-124.95619510,666.133873,1604.632168,156.01,-6.4,1.9,0.00,193.61,193.61,HMR2300,9840.0,20393.3,43433.3,48981.3,,,,,,,,RR1713,,
J2-970,ASNAP,2017/07/28 02:22:20,44.37415001,-124.95619392,666.228035,1604.642927,148.26,-6.9,1.5,0.00,193.45,193.45,HMR2300,7380.0,22740.0,42466.7,48733.9,,,,,,,,RR1713,,
J2-970,ASNAP,2017/07/28 02:22:25,44.37415013,-124.95619278,666.318714,1604.656746,145.53,-6.8,2.3,0.00,193.44,193.44,HMR2300,6700.0,22733.3,42540.0,48696.5,,,,,,,,RR1713,,
J2-970,ASNAP,2017/07/28 02:22:30,44.37415029,-124.95619169,666.405966,1604.673754,149.34,-8.2,2.8,0.00,193.34,193.34,HMR2300,6640.0,21520.0,43313.3,48818.5,,,,,,,,RR1713,,
J2-970,ASNAP,2017/07/28 02:22:35,44.37415047,-124.95619064,666.489881,1604.694082,155.66,-8.0,4.0,0.00,193.31,193.31,HMR2300,8206.7,18960.0,44466.7,49031.8,,,,,,,,RR1713,,
J2-970,ASNAP,2017/07/28 02:22:40,44.37415068,-124.95618963,666.570468,1604.717839,156.34,-8.6,1.0,0.00,193.30,193.3,HMR2300,7886.7,21120.0,43406.7,48912.1,,,,,,,,RR1713,,
J2-970,ASNAP,2017/07/28 02:22:45,44.37415093,-124.95618866,666.647678,1604.745111,162.58,-9.1,2.9,0.00,193.33,193.33,HMR2300,8733.3,17866.7,44926.7,49131.4,,,,,,,,RR1713,,
J2-970,ASNAP,2017/07/28 02:22:50,44.37415121,-124.95618773,666.721521,1604.775993,161.50,-9.0,1.8,0.00,193.33,193.33,HMR2300,8686.7,19060.0,44326.7,49026.5,,,,,,,,RR1713,,
J2-970,ASNAP,2017/07/28 02:22:55,44.37415152,-124.95618685,666.792058,1604.810584,160.84,-9.5,1.8,0.00,193.33,193.33,HMR2300,7953.3,19406.7,44026.7,48767.0,,,,,,,,RR1713,,
J2-970,ASNAP,2017/07/28 02:23:00,44.37415186,-124.95618600,666.859358,1604.848969,160.90,-9.4,2.0,0.00,193.27,193.27,HMR2300,8200.0,19000.0,44460.0,49040.1,,,,,,,,RR1713,,
J2-970,ASNAP,2017/07/28 02:23:05,44.37415224,-124.95618520,666.923489,1604.891217,160.27,-9.2,1.9,0.00,193.27,193.27,HMR2300,8206.7,19440.0,44093.3,48882.4,,,,,,,,RR1713,,
J2-970,ASNAP,2017/07/28 02:23:10,44.37415266,-124.95618443,666.984485,1604.937359,159.45,-8.9,1.8,0.00,193.32,193.32,HMR2300,8320.0,19706.7,43986.7,48912.2,,,,,,,,RR1713,,
J2-970,ASNAP,2017/07/28 02:23:15,44.37415311,-124.95618371,667.042374,1604.987405,158.72,-8.1,2.9,0.00,193.35,193.35,HMR2300,8980.0,18826.7,44406.7,49061.6,,,,,,,,RR1713,,
J2-970,ASNAP,2017/07/28 02:23:20,44.37415359,-124.95618302,667.097324,1605.041498,156.64,-7.1,-1.0,0.00,193.66,193.66,HMR2300,9280.0,22540.0,42313.3,48832.2,,,,,,,,RR1713,,
J2-970,ASNAP,2017/07/28 02:23:25,44.37415412,-124.95618236,667.149587,1605.099862,156.53,-6.8,1.4,0.00,193.61,193.61,HMR2300,9513.3,20726.7,43346.7,48979.9,,,,,,,,RR1713,,
J2-970,ASNAP,2017/07/28 02:23:30,44.37415468,-124.95618174,667.199325,1605.162640,170.46,-12.4,0.5,0.00,193.72,193.72,HMR2300,7333.3,17353.3,45353.3,49110.5,,,,,,,,RR1713,,
J2-970,ASNAP,2017/07/28 02:23:35,44.37415529,-124.95618115,667.246635,1605.229917,190.74,-11.7,0.2,0.00,193.82,193.82,HMR2300,9660.0,10806.7,47473.3,49636.9,,,,,,,,RR1713,,
J2-970,ASNAP,2017/07/28 02:23:40,44.37415594,-124.95618058,667.291565,1605.301676,190.25,-12.1,1.9,0.00,193.77,193.77,HMR2300,9326.7,9713.3,47840.0,49699.1,,,,,,,,RR1713,,
J2-970,ASNAP,2017/07/28 02:23:45,44.37415662,-124.95618005,667.334140,1605.377844,183.57,-12.2,2.3,0.00,193.74,193.74,HMR2300,8786.7,11733.3,47306.7,49525.7,,,,,,,,RR1713,,
J2-970,ASNAP,2017/07/28 02:23:50,44.37415735,-124.95617954,667.374454,1605.458413,178.73,-8.3,2.0,0.00,193.74,193.74,HMR2300,12186.7,13593.3,46073.3,49558.5,,,,,,,,RR1713,,
J2-970,ASNAP,2017/07/28 02:23:55,44.37415811,-124.95617906,667.412642,1605.543411,161.93,-5.9,1.2,0.00,193.70,193.7,HMR2300,11366.7,19326.7,43733.3,49146.0,,,,,,,,RR1713,,
J2-970,EVT,2017/07/28 02:23:56,44.37415827,-124.95617897,667.420036,1605.560942,158.13,-6.0,2.1,0.00,193.67,193.67,HMR2300,9926.7,19893.3,43706.7,49036.3,,,,,,,,RR1713,DLG,TXT: Having diffculty locking the aft latch USR:eventlogger
J2-970,ASNAP,2017/07/28 02:24:00,44.37415892,-124.95617861,667.448835,1605.632828,151.90,-8.9,5.6,0.00,193.42,193.42,HMR2300,6586.7,18653.3,44820.0,48991.5,,,,,,,,RR1713,,
J2-970,ASNAP,2017/07/28 02:24:05,44.37415976,-124.95617818,667.483165,1605.726622,159.05,-7.2,4.0,0.00,193.51,193.51,HMR2300,9786.7,17913.3,44733.3,49170.5,,,,,,,,RR1713,,
J2-970,ASNAP,2017/07/28 02:24:10,44.37416064,-124.95617777,667.515742,1605.824676,159.57,-7.0,4.5,0.00,193.46,193.46,HMR2300,9953.3,17433.3,44920.0,49201.6,,,,,,,,RR1713,,
J2-970,ASNAP,2017/07/28 02:24:15,44.37416156,-124.95617738,667.546678,1605.926863,155.74,-7.1,3.7,0.00,193.46,193.46,HMR2300,9000.0,19153.3,44233.3,49035.1,,,,,,,,RR1713,,
J2-970,ASNAP,2017/07/28 02:24:20,44.37416252,-124.95617701,667.576170,1606.033353,155.36,-7.0,4.0,0.00,193.40,193.4,HMR2300,8960.0,19033.3,44280.0,49023.1,,,,,,,,RR1713,,
J2-970,ASNAP,2017/07/28 02:24:25,44.37416352,-124.95617666,667.604446,1606.144439,155.66,-7.5,5.0,0.00,193.20,193.2,HMR2300,8640.0,18093.3,44806.7,49088.2,,,,,,,,RR1713,,
J2-970,ASNAP,2017/07/28 02:24:30,44.37416456,-124.95617632,667.631666,1606.260169,154.09,-7.9,0.1,0.00,193.48,193.48,HMR2300,7993.3,22413.3,42580.0,48778.1,,,,,,,,RR1713,,
J2-970,ASNAP,2017/07/28 02:24:35,44.37416564,-124.95617599,667.657951,1606.380457,177.54,-12.3,0.5,0.00,193.57,193.57,HMR2300,8340.0,15126.7,46133.3,49261.1,,,,,,,,RR1713,,
J2-970,ASNAP,2017/07/28 02:24:40,44.37416677,-124.95617567,667.683404,1606.505100,194.61,-11.3,0.9,0.00,193.70,193.7,HMR2300,10113.3,8920.0,47940.0,49800.5,,,,,,,,RR1713,,
J2-970,ASNAP,2017/07/28 02:24:45,44.37416792,-124.95617536,667.708123,1606.633853,187.91,-11.2,1.9,0.00,193.63,193.63,HMR2300,9980.0,10500.0,47480.0,49640.7,,,,,,,,RR1713,,
J2-970,ASNAP,2017/07/28 02:24:50,44.37416912,-124.95617505,667.732238,1606.766577,179.78,-11.4,2.4,0.00,193.61,193.61,HMR2300,9226.7,12900.0,46826.7,49439.6,,,,,,,,RR1713,,
J2-970,ASNAP,2017/07/28 02:24:55,44.37417035,-124.95617476,667.755889,1606.903176,177.45,-11.6,2.9,0.00,193.61,193.61,HMR2300,8806.7,13220.0,46793.3,49416.0,,,,,,,,RR1713,,
J2-970,ASNAP,2017/07/28 02:25:00,44.37417161,-124.95617447,667.779208,1607.043509,166.29,-12.7,2.6,0.00,193.42,193.42,HMR2300,6246.7,16853.3,45673.3,49082.7,,,,,,,,RR1713,,
J2-970,ASNAP,2017/07/28 02:25:05,44.37417291,-124.95617418,667.802322,1607.187396,179.59,-8.8,0.3,0.00,193.77,193.77,HMR2300,11586.7,14533.3,45846.7,49471.1,,,,,,,,RR1713,,
J2-970,ASNAP,2017/07/28 02:25:10,44.37417423,-124.95617389,667.825337,1607.334541,197.23,-12.1,0.4,0.00,193.75,193.75,HMR2300,9386.7,8433.3,48173.3,49798.6,,,,,,,,RR1713,,
J2-970,ASNAP,2017/07/28 02:25:15,44.37417558,-124.95617360,667.848359,1607.484661,192.63,-9.9,2.9,0.00,193.74,193.74,HMR2300,11393.3,7993.3,47933.3,49913.0,,,,,,,,RR1713,,
J2-970,ASNAP,2017/07/28 02:25:20,44.37417696,-124.95617331,667.871552,1607.637883,177.43,-9.3,4.3,0.00,193.53,193.53,HMR2300,10966.7,12040.0,46880.0,49628.3,,,,,,,,RR1713,,
J2-970,ASNAP,2017/07/28 02:25:25,44.37417837,-124.95617301,667.895096,1607.794450,167.67,-6.6,0.6,0.00,193.72,193.72,HMR2300,11926.7,18106.7,44233.3,49261.4,,,,,,,,RR1713,,
J2-970,ASNAP,2017/07/28 02:25:30,44.37417981,-124.95617271,667.919121,1607.954299,159.34,-8.4,3.8,0.00,193.44,193.44,HMR2300,8700.0,18106.7,44826.7,49122.0,,,,,,,,RR1713,,
J2-970,ASNAP,2017/07/28 02:25:35,44.37418127,-124.95617240,667.943730,1608.117212,153.74,-6.8,1.8,0.00,193.41,193.41,HMR2300,8893.3,21186.7,43213.3,48942.4,,,,,,,,RR1713,,
J2-970,ASNAP,2017/07/28 02:25:40,44.37418276,-124.95617208,667.968991,1608.282758,149.54,-7.3,3.3,0.00,193.38,193.38,HMR2300,7293.3,20993.3,43506.7,48854.3,,,,,,,,RR1713,,
J2-970,ASNAP,2017/07/28 02:25:45,44.37418427,-124.95617176,667.994963,1608.450468,153.47,-7.7,3.2,0.00,193.27,193.27,HMR2300,7986.7,20106.7,43906.7,48947.5,,,,,,,,RR1713,,
J2-970,ASNAP,2017/07/28 02:25:50,44.37418580,-124.95617142,668.021734,1608.620112,155.86,-7.8,3.2,0.00,193.24,193.24,HMR2300,8480.0,19526.7,44033.3,48909.5,,,,,,,,RR1713,,
J2-970,ASNAP,2017/07/28 02:25:55,44.37418734,-124.95617108,668.049400,1608.791525,154.76,-7.6,3.1,0.00,193.23,193.23,HMR2300,8426.7,19893.3,44026.7,49041.8,,,,,,,,RR1713,,
J2-970,ASNAP,2017/07/28 02:26:00,44.37418890,-124.95617072,668.078028,1608.964425,153.44,-7.9,3.3,0.00,193.16,193.16,HMR2300,7820.0,20066.7,43946.7,48940.1,,,,,,,,RR1713,,
J2-970,ASNAP,2017/07/28 02:26:05,44.37419046,-124.95617035,668.107668,1609.138462,154.22,-7.5,2.5,0.00,193.25,193.25,HMR2300,8373.3,20493.3,43666.7,48957.8,,,,,,,,RR1713,,
J2-970,ASNAP,2017/07/28 02:26:10,44.37419204,-124.95616996,668.138336,1609.313142,159.79,-10.0,1.1,0.00,193.33,193.33,HMR2300,7460.0,20120.0,43933.3,48893.8,,,,,,,,RR1713,,
J2-970,ASNAP,2017/07/28 02:26:15,44.37419361,-124.95616956,668.170055,1609.488039,189.08,-12.7,-1.2,0.00,193.67,193.67,HMR2300,8866.7,12553.3,47033.3,49480.7,,,,,,,,RR1713,,
J2-970,ASNAP,2017/07/28 02:26:20,44.37419519,-124.95616915,668.202939,1609.663275,199.93,-11.3,0.6,0.00,193.72,193.72,HMR2300,10126.7,7266.7,48380.0,49959.8,,,,,,,,RR1713,,
J2-970,ASNAP,2017/07/28 02:26:25,44.37419677,-124.95616872,668.237121,1609.839064,191.76,-11.3,1.7,0.00,193.64,193.64,HMR2300,10073.3,9333.3,47793.3,49727.1,,,,,,,,RR1713,,
J2-970,ASNAP,2017/07/28 02:26:30,44.37419836,-124.95616828,668.272658,1610.015268,185.56,-11.7,1.5,0.00,193.67,193.67,HMR2300,9440.0,11693.3,47213.3,49547.4,,,,,,,,RR1713,,
J2-970,ASNAP,2017/07/28 02:26:35,44.37419994,-124.95616781,668.309576,1610.191580,182.04,-12.1,1.1,0.00,193.68,193.68,HMR2300,8626.7,13366.7,46520.0,49165.0,,,,,,,,RR1713,,
J2-970,ASNAP,2017/07/28 02:26:40,44.37420152,-124.95616733,668.347825,1610.367411,166.07,-8.3,3.5,0.00,192.95,192.95,HMR2300,9953.3,16280.0,45313.3,49167.1,,,,,,,,RR1713,,
J2-970,ASNAP,2017/07/28 02:26:45,44.37420310,-124.95616684,668.387345,1610.542152,179.02,-8.8,1.6,0.00,192.79,192.79,HMR2300,11453.3,13680.0,46013.3,49351.3,,,,,,,,RR1713,,
J2-970,ASNAP,2017/07/28 02:26:50,44.37420466,-124.95616633,668.428117,1610.715460,180.05,-9.6,2.4,0.00,193.52,193.52,HMR2300,11320.0,12600.0,46800.0,49770.9,,,,,,,,RR1713,,
J2-970,ASNAP,2017/07/28 02:26:55,44.37420620,-124.95616580,668.470124,1610.887053,205.21,-9.1,3.9,0.00,193.87,193.87,HMR2300,11560.0,2386.7,48586.7,49999.9,,,,,,,,RR1713,,
J2-970,ASNAP,2017/07/28 02:27:00,44.37420773,-124.95616526,668.513317,1611.056583,198.16,-8.6,3.2,0.00,194.18,194.18,HMR2300,12753.3,5546.7,48480.0,50435.3,,,,,,,,RR1713,,
J2-970,ASNAP,2017/07/28 02:27:05,44.37420923,-124.95616470,668.557629,1611.223669,200.58,-8.7,3.4,0.00,194.52,194.52,HMR2300,12100.0,4426.7,48353.3,50040.5,,,,,,,,RR1713,,
J2-970,ASNAP,2017/07/28 02:27:10,44.37421071,-124.95616413,668.602954,1611.387847,199.54,-9.1,3.6,0.00,194.89,194.89,HMR2300,12406.7,4873.3,48593.3,50388.4,,,,,,,,RR1713,,
J2-970,ASNAP,2017/07/28 02:27:15,44.37421216,-124.95616355,668.649204,1611.548744,197.85,-9.0,3.8,0.00,195.18,195.18,HMR2300,12446.7,5380.0,48313.3,50180.1,,,,,,,,RR1713,,
J2-970,ASNAP,2017/07/28 02:27:20,44.37421357,-124.95616296,668.696396,1611.706392,197.46,-9.0,3.6,0.00,195.54,195.54,HMR2300,12146.7,5320.0,48426.7,50209.4,,,,,,,,RR1713,,
J2-970,EVT,2017/07/28 02:27:22,44.37421413,-124.95616272,668.715545,1611.768566,197.49,-9.0,3.5,0.00,195.62,195.62,HMR2300,12066.7,5620.0,48100.0,49907.9,,,,,,,,RR1713,DLG,TXT: Unlatched from bale USR:eventlogger
J2-970,ASNAP,2017/07/28 02:27:25,44.37421496,-124.95616236,668.744550,1611.860850,197.53,-9.2,3.6,0.00,195.83,195.83,HMR2300,11966.7,5573.3,48120.0,49897.9,,,,,,,,RR1713,,
J2-970,ASNAP,2017/07/28 02:27:30,44.37421632,-124.95616174,668.793598,1612.011911,198.71,-9.2,3.4,0.00,196.11,196.11,HMR2300,12346.7,5100.0,48793.3,50588.9,,,,,,,,RR1713,,
J2-970,ASNAP,2017/07/28 02:27:35,44.37421765,-124.95616112,668.843426,1612.159253,198.44,-9.1,3.4,0.00,196.35,196.35,HMR2300,12433.3,5280.0,48726.7,50564.4,,,,,,,,RR1713,,
J2-970,ASNAP,2017/07/28 02:27:40,44.37421894,-124.95616048,668.893839,1612.302372,198.50,-8.9,3.3,0.00,196.68,196.68,HMR2300,12013.3,5366.7,48053.3,49822.1,,,,,,,,RR1713,,
J2-970,ASNAP,2017/07/28 02:27:45,44.37422018,-124.95615985,668.944634,1612.440787,198.33,-8.8,3.2,0.00,197.04,197.04,HMR2300,12573.3,5640.0,48326.7,50253.0,,,,,,,,RR1713,,
J2-970,ASNAP,2017/07/28 02:27:50,44.37422139,-124.95615921,668.995667,1612.574249,197.76,-9.0,3.2,0.00,197.37,197.37,HMR2300,12100.0,5546.7,48433.3,50229.1,,,,,,,,RR1713,,
J2-970,ASNAP,2017/07/28 02:27:55,44.37422254,-124.95615857,669.046788,1612.702543,200.23,-8.8,2.6,0.00,197.52,197.52,HMR2300,12246.7,5093.3,48486.7,50268.1,,,,,,,,RR1713,,
J2-970,ASNAP,2017/07/28 02:28:00,44.37422365,-124.95615793,669.097801,1612.825400,202.15,-9.1,3.4,0.00,197.80,197.8,HMR2300,12153.3,4153.3,48473.3,50146.0,,,,,,,,RR1713,,
J2-970,ASNAP,2017/07/28 02:28:05,44.37422470,-124.95615729,669.148489,1612.942530,201.84,-9.1,3.6,0.00,198.12,198.12,HMR2300,11966.7,3706.7,48800.0,50382.3,,,,,,,,RR1713,,
J2-970,ASNAP,2017/07/28 02:28:10,44.37422570,-124.95615666,669.198600,1613.053631,204.20,-9.0,3.3,0.00,198.37,198.37,HMR2300,11913.3,3366.7,48453.3,50009.9,,,,,,,,RR1713,,
J2-970,ASNAP,2017/07/28 02:28:15,44.37422664,-124.95615604,669.247920,1613.158497,204.67,-8.9,3.3,0.00,198.49,198.49,HMR2300,12013.3,3046.7,48773.3,50323.4,,,,,,,,RR1713,,
J2-970,ASNAP,2017/07/28 02:28:20,44.37422753,-124.95615543,669.296360,1613.257228,204.50,-10.4,1.8,0.00,198.55,198.55,HMR2300,10706.7,4560.0,48846.7,50213.8,,,,,,,,RR1713,,
J2-970,ASNAP,2017/07/28 02:28:25,44.37422837,-124.95615484,669.343812,1613.349903,203.49,-10.1,1.5,0.00,198.54,198.54,HMR2300,10986.7,5180.0,48673.3,50166.1,,,,,,,,RR1713,,
J2-970,ASNAP,2017/07/28 02:28:30,44.37422914,-124.95615426,669.390045,1613.436377,202.47,-9.9,1.9,0.00,198.43,198.43,HMR2300,11053.3,5153.3,48420.0,49932.2,,,,,,,,RR1713,,
J2-970,ASNAP,2017/07/28 02:28:35,44.37422986,-124.95615370,669.434785,1613.516445,202.49,-8.9,1.7,0.00,198.34,198.34,HMR2300,11880.0,5186.7,48206.7,49919.1,,,,,,,,RR1713,,
J2-970,ASNAP,2017/07/28 02:28:40,44.37423052,-124.95615316,669.477698,1613.589845,202.09,-8.8,1.6,0.00,198.28,198.28,HMR2300,12100.0,5526.7,48020.0,49828.4,,,,,,,,RR1713,,
J2-970,ASNAP,2017/07/28 02:28:45,44.37423112,-124.95615265,669.518461,1613.656360,201.23,-8.9,1.1,0.00,198.27,198.27,HMR2300,12413.3,6186.7,48433.3,50380.1,,,,,,,,RR1713,,
J2-970,ASNAP,2017/07/28 02:28:50,44.37423166,-124.95615217,669.556804,1613.715917,201.43,-9.5,1.6,0.00,198.27,198.27,HMR2300,11646.7,5880.0,48160.0,49895.9,,,,,,,,RR1713,,
J2-970,ASNAP,2017/07/28 02:28:55,44.37423213,-124.95615172,669.592459,1613.768468,200.98,-8.2,1.7,0.00,198.25,198.25,HMR2300,13106.7,5873.3,48126.7,50224.1,,,,,,,,RR1713,,
J2-970,ASNAP,2017/07/28 02:29:00,44.37423254,-124.95615131,669.625128,1613.813953,200.74,-8.5,1.0,0.00,198.18,198.18,HMR2300,12640.0,6400.0,48166.7,50207.1,,,,,,,,RR1713,,
J2-970,ASNAP,2017/07/28 02:29:05,44.37423289,-124.95615094,669.654536,1613.852356,200.51,-8.3,1.0,0.00,198.01,198.01,HMR2300,12800.0,6553.3,47833.3,49948.1,,,,,,,,RR1713,,
J2-970,EVT,2017/07/28 02:29:05,44.37423289,-124.95615094,669.654536,1613.852356,200.51,-8.3,1.0,0.00,198.01,198.01,HMR2300,13100.0,6400.0,48080.0,50242.0,,,,,,,,RR1713,DLG,TXT: Starboard manipulator pitches weights from the front of the ROV to balance it better USR:eventlogger
J2-970,ASNAP,2017/07/28 02:29:10,44.37423317,-124.95615062,669.680465,1613.883753,200.75,-9.2,1.5,0.00,197.97,197.97,HMR2300,11720.0,6073.3,48073.3,49852.7,,,,,,,,RR1713,,
J2-970,ASNAP,2017/07/28 02:29:15,44.37423339,-124.95615034,669.702703,1613.908226,200.31,-7.1,1.4,0.00,198.02,198.02,HMR2300,13720.0,6186.7,47813.3,50126.1,,,,,,,,RR1713,,
J2-970,ASNAP,2017/07/28 02:29:20,44.37423355,-124.95615011,669.721019,1613.925835,200.15,-6.7,1.1,0.00,198.06,198.06,HMR2300,14293.3,6573.3,47906.7,50423.8,,,,,,,,RR1713,,
J2-970,ASNAP,2017/07/28 02:29:25,44.37423365,-124.95614993,669.735169,1613.936624,200.04,-6.8,0.6,0.00,197.99,197.99,HMR2300,13953.3,6920.0,47566.7,50051.7,,,,,,,,RR1713,,
J2-970,ASNAP,2017/07/28 02:29:30,44.37423368,-124.95614981,669.744869,1613.940607,200.23,-7.8,1.1,0.00,197.91,197.91,HMR2300,13186.7,6726.7,47846.7,50084.3,,,,,,,,RR1713,,
J2-970,ASNAP,2017/07/28 02:29:35,44.37423366,-124.95614975,669.749841,1613.937814,199.97,-5.2,0.7,0.00,197.91,197.91,HMR2300,15526.7,6546.7,47600.0,50494.5,,,,,,,,RR1713,,
J2-970,ASNAP,2017/07/28 02:29:40,44.37423357,-124.95614975,669.749829,1613.928318,199.58,-6.1,1.1,0.00,197.93,197.93,HMR2300,14866.7,6620.0,47826.7,50519.6,,,,,,,,RR1713,,
J2-970,ASNAP,2017/07/28 02:29:45,44.37423343,-124.95614981,669.744595,1613.912216,199.57,-5.2,1.7,0.00,197.86,197.86,HMR2300,15746.7,6266.7,47460.0,50395.2,,,,,,,,RR1713,,
J2-970,ASNAP,2017/07/28 02:29:50,44.37423322,-124.95614995,669.733936,1613.889632,199.69,-5.6,1.8,0.00,197.67,197.67,HMR2300,15280.0,6120.0,47446.7,50220.7,,,,,,,,RR1713,,
J2-970,ASNAP,2017/07/28 02:29:55,44.37423296,-124.95615015,669.717670,1613.860716,199.71,-5.8,1.9,0.00,197.62,197.62,HMR2300,15060.0,5933.3,47673.3,50346.3,,,,,,,,RR1713,,
J2-970,ASNAP,2017/07/28 02:30:00,44.37423265,-124.95615043,669.695653,1613.825647,200.48,-5.0,1.8,0.00,197.67,197.67,HMR2300,15913.3,5580.0,47720.0,50611.9,,,,,,,,RR1713,,
J2-970,ASNAP,2017/07/28 02:30:05,44.37423228,-124.95615078,669.667767,1613.784631,213.70,-7.1,1.9,0.00,197.62,197.62,HMR2300,12833.3,980.0,48960.0,50623.5,,,,,,,,RR1713,,
J2-970,ASNAP,2017/07/28 02:30:10,44.37423186,-124.95615120,669.633938,1613.737911,218.48,-6.1,2.6,0.00,197.31,197.31,HMR2300,13000.0,-1240.0,48800.0,50517.1,,,,,,,,RR1713,,
J2-970,ASNAP,2017/07/28 02:30:15,44.37423139,-124.95615170,669.594041,1613.685656,224.70,-6.6,2.4,0.00,197.13,197.13,HMR2300,11873.3,-3120.0,49733.3,51226.1,,,,,,,,RR1713,,
J2-970,ASNAP,2017/07/28 02:30:20,44.37423087,-124.95615228,669.547850,1613.627883,244.57,-7.0,3.0,0.00,196.79,196.79,HMR2300,6706.7,-9246.7,49893.3,51184.2,,,,,,,,RR1713,,
J2-970,ASNAP,2017/07/28 02:30:25,44.37423030,-124.95615294,669.495169,1613.564643,256.00,-5.5,2.8,0.00,196.25,196.25,HMR2300,4466.7,-11706.7,49473.3,51035.4,,,,,,,,RR1713,,
J2-970,ASNAP,2017/07/28 02:30:30,44.37422968,-124.95615368,669.435882,1613.496082,248.31,-5.8,3.0,0.00,195.21,195.21,HMR2300,6800.0,-10173.3,49773.3,51255.5,,,,,,,,RR1713,,
J2-970,ASNAP,2017/07/28 02:30:35,44.37422902,-124.95615451,669.369947,1613.422414,251.25,-6.3,2.3,0.00,193.96,193.96,HMR2300,5613.3,-10266.7,50046.7,51396.3,,,,,,,,RR1713,,
J2-970,ASNAP,2017/07/28 02:30:40,44.37422831,-124.95615542,669.297437,1613.343956,252.97,-6.8,2.6,0.00,192.67,192.67,HMR2300,4800.0,-10926.7,50013.3,51417.6,,,,,,,,RR1713,,
J2-970,ASNAP,2017/07/28 02:30:45,44.37422757,-124.95615641,669.218420,1613.261002,252.41,-7.4,2.4,0.00,192.03,192.03,HMR2300,4006.7,-10720.0,49940.0,51234.5,,,,,,,,RR1713,,
J2-970,ASNAP,2017/07/28 02:30:50,44.37422678,-124.95615748,669.132936,1613.173781,248.96,-6.3,2.1,0.00,191.76,191.76,HMR2300,6200.0,-9713.3,49853.3,51167.8,,,,,,,,RR1713,,
J2-970,ASNAP,2017/07/28 02:30:55,44.37422596,-124.95615864,669.041043,1613.082523,249.62,-3.6,0.6,0.00,191.61,191.61,HMR2300,8366.7,-8600.0,49780.0,51205.6,,,,,,,,RR1713,,
J2-970,ASNAP,2017/07/28 02:31:00,44.37422510,-124.95615987,668.942840,1612.987469,249.45,-6.4,2.8,0.00,192.58,192.58,HMR2300,6100.0,-10186.7,49806.7,51202.4,,,,,,,,RR1713,,
J2-970,ASNAP,2017/07/28 02:31:05,44.37422422,-124.95616118,668.838474,1612.888890,250.98,-6.9,2.2,0.00,193.10,193.1,HMR2300,5086.7,-9960.0,49780.0,51020.8,,,,,,,,RR1713,,
J2-970,ASNAP,2017/07/28 02:31:10,44.37422330,-124.95616256,668.728166,1612.787107,253.40,-6.7,0.7,0.00,193.46,193.46,HMR2300,4433.3,-9373.3,50080.0,51142.2,,,,,,,,RR1713,,
J2-970,ASNAP,2017/07/28 02:31:15,44.37422236,-124.95616402,668.611978,1612.682281,256.63,-6.7,2.0,0.00,193.78,193.78,HMR2300,3906.7,-11200.0,50240.0,51621.3,,,,,,,,RR1713,,
J2-970,ASNAP,2017/07/28 02:31:20,44.37422139,-124.95616555,668.489720,1612.574338,253.72,-6.1,2.3,0.00,194.07,194.07,HMR2300,4640.0,-10920.0,49700.0,51096.6,,,,,,,,RR1713,,
J2-970,ASNAP,2017/07/28 02:31:25,44.37422039,-124.95616716,668.361286,1612.463272,253.02,-5.0,2.6,0.00,194.15,194.15,HMR2300,6280.0,-10780.0,49800.0,51338.9,,,,,,,,RR1713,,
J2-970,ASNAP,2017/07/28 02:31:30,44.37421936,-124.95616885,668.226739,1612.349221,251.02,-5.5,2.2,0.00,194.13,194.13,HMR2300,6400.0,-10253.3,50073.3,51511.5,,,,,,,,RR1713,,
J2-970,ASNAP,2017/07/28 02:31:35,44.37421831,-124.95617061,668.086298,1612.232441,249.41,-4.6,2.5,0.00,193.98,193.98,HMR2300,7573.3,-10060.0,49793.3,51360.8,,,,,,,,RR1713,,
J2-970,ASNAP,2017/07/28 02:31:40,44.37421724,-124.95617244,667.940387,1612.113343,228.83,-5.1,1.2,0.00,193.41,193.41,HMR2300,12053.3,-3460.0,49126.7,50701.9,,,,,,,,RR1713,,
J2-970,ASNAP,2017/07/28 02:31:45,44.37421615,-124.95617434,667.789314,1611.992227,223.75,-5.6,1.3,0.00,192.90,192.9,HMR2300,12660.0,-1720.0,48786.7,50431.9,,,,,,,,RR1713,,
J2-970,ASNAP,2017/07/28 02:31:50,44.37421504,-124.95617630,667.633210,1611.869229,217.15,-5.8,1.3,0.00,192.49,192.49,HMR2300,13613.3,660.0,48493.3,50372.2,,,,,,,,RR1713,,
J2-970,ASNAP,2017/07/28 02:31:55,44.37421392,-124.95617832,667.472284,1611.744533,207.82,-6.0,2.1,0.00,192.27,192.27,HMR2300,14466.7,2693.3,48493.3,50676.8,,,,,,,,RR1713,,
J2-970,ASNAP,2017/07/28 02:32:00,44.37421278,-124.95618039,667.306870,1611.618405,189.76,-5.1,1.8,0.00,191.97,191.97,HMR2300,15346.7,9613.3,46300.0,49715.5,,,,,,,,RR1713,,
J2-970,ASNAP,2017/07/28 02:32:05,44.37421164,-124.95618252,667.137346,1611.491130,190.29,-4.6,2.1,0.00,191.72,191.72,HMR2300,16066.7,8953.3,46560.0,50061.3,,,,,,,,RR1713,,
J2-970,ASNAP,2017/07/28 02:32:10,44.37421048,-124.95618469,666.964121,1611.363007,202.17,-6.5,0.5,0.00,192.43,192.43,HMR2300,14320.0,6286.7,47506.7,50014.7,,,,,,,,RR1713,,
J2-970,ASNAP,2017/07/28 02:32:15,44.37420932,-124.95618691,666.787295,1611.234101,202.03,-5.6,1.7,0.00,192.43,192.43,HMR2300,14846.7,5400.0,47280.0,49849.6,,,,,,,,RR1713,,
J2-970,ASNAP,2017/07/28 02:32:20,44.37420816,-124.95618917,666.606595,1611.104202,216.71,-5.3,2.3,0.00,192.07,192.07,HMR2300,14080.0,-526.7,48766.7,50761.3,,,,,,,,RR1713,,
J2-970,ASNAP,2017/07/28 02:32:25,44.37420698,-124.95619149,666.421893,1610.973203,227.68,-5.0,1.2,0.00,192.40,192.4,HMR2300,12366.7,-3413.3,49433.3,51070.9,,,,,,,,RR1713,,
J2-970,ASNAP,2017/07/28 02:32:30,44.37420579,-124.95619386,666.233280,1610.841158,230.08,-5.9,1.1,0.00,192.92,192.92,HMR2300,11586.7,-3493.3,49473.3,50932.0,,,,,,,,RR1713,,
J2-970,ASNAP,2017/07/28 02:32:35,44.37420459,-124.95619627,666.041119,1610.708301,235.27,-6.2,2.5,0.00,192.84,192.84,HMR2300,10226.7,-6433.3,50013.3,51452.0,,,,,,,,RR1713,,
J2-970,ASNAP,2017/07/28 02:32:40,44.37420339,-124.95619871,665.846075,1610.575067,240.09,-5.4,2.2,0.00,192.38,192.38,HMR2300,9073.3,-7613.3,49520.0,50916.8,,,,,,,,RR1713,,
J2-970,ASNAP,2017/07/28 02:32:45,44.37420219,-124.95620119,665.648624,1610.441750,258.44,-5.3,1.2,0.00,191.71,191.71,HMR2300,3640.0,-10853.3,49626.7,50929.9,,,,,,,,RR1713,,
J2-970,ASNAP,2017/07/28 02:32:50,44.37420099,-124.95620369,665.449005,1610.308468,261.62,-4.8,1.6,0.00,191.20,191.2,HMR2300,3406.7,-11593.3,49760.0,51206.1,,,,,,,,RR1713,,
J2-970,ASNAP,2017/07/28 02:32:55,44.37419980,-124.95620622,665.247488,1610.175353,256.52,-5.9,1.8,0.00,191.23,191.23,HMR2300,4166.7,-10766.7,49886.7,51205.1,,,,,,,,RR1713,,
J2-970,ASNAP,2017/07/28 02:33:00,44.37419860,-124.95620877,665.044392,1610.042563,260.88,-6.2,1.7,0.00,191.54,191.54,HMR2300,2400.0,-11593.3,49800.0,51187.9,,,,,,,,RR1713,,
J2-970,ASNAP,2017/07/28 02:33:05,44.37419741,-124.95621133,664.840164,1609.910329,259.38,-6.6,2.0,0.00,191.93,191.93,HMR2300,2680.0,-11546.7,50113.3,51496.2,,,,,,,,RR1713,,
J2-970,ASNAP,2017/07/28 02:33:10,44.37419623,-124.95621390,664.635353,1609.778950,261.76,-6.4,1.8,0.00,192.15,192.15,HMR2300,2000.0,-11520.0,49533.3,50894.6,,,,,,,,RR1713,,
J2-970,ASNAP,2017/07/28 02:33:15,44.37419505,-124.95621648,664.430046,1609.648423,259.97,-6.3,1.8,0.00,192.11,192.11,HMR2300,2806.7,-11666.7,50160.0,51575.3,,,,,,,,RR1713,,
J2-970,ASNAP,2017/07/28 02:33:20,44.37419388,-124.95621906,664.223884,1609.518465,258.52,-6.6,2.1,0.00,191.88,191.88,HMR2300,2853.3,-11306.7,49506.7,50861.5,,,,,,,,RR1713,,
J2-970,ASNAP,2017/07/28 02:33:25,44.37419272,-124.95622166,664.016754,1609.388949,258.62,-5.2,2.2,0.00,191.39,191.39,HMR2300,4253.3,-11773.3,50066.7,51607.9,,,,,,,,RR1713,,
J2-970,ASNAP,2017/07/28 02:33:30,44.37419156,-124.95622427,663.808821,1609.259926,259.49,-5.0,2.1,0.00,190.66,190.66,HMR2300,4253.3,-11740.0,50053.3,51587.3,,,,,,,,RR1713,,
J2-970,ASNAP,2017/07/28 02:33:35,44.37419040,-124.95622688,663.600517,1609.131612,262.22,-5.8,2.4,0.00,190.01,190.01,HMR2300,1946.7,-12433.3,49540.0,51113.5,,,,,,,,RR1713,,
J2-970,ASNAP,2017/07/28 02:33:40,44.37418926,-124.95622949,663.392512,1609.004366,265.78,-6.7,2.7,0.00,189.40,189.4,HMR2300,720.0,-13233.3,49313.3,51063.1,,,,,,,,RR1713,,
J2-970,ASNAP,2017/07/28 02:33:45,44.37418812,-124.95623209,663.185227,1608.878392,237.61,-4.8,2.7,0.00,189.03,189.03,HMR2300,10566.7,-7146.7,49566.7,51181.9,,,,,,,,RR1713,,
J2-970,ASNAP,2017/07/28 02:33:50,44.37418700,-124.95623468,662.978862,1608.753755,232.43,-5.9,2.5,0.00,189.40,189.4,HMR2300,10960.0,-5646.7,49853.3,51355.2,,,,,,,,RR1713,,
J2-970,ASNAP,2017/07/28 02:33:55,44.37418589,-124.95623725,662.773746,1608.630594,224.96,-5.5,-0.3,0.00,189.62,189.62,HMR2300,12300.0,-753.3,48666.7,50202.6,,,,,,,,RR1713,,
J2-970,ASNAP,2017/07/28 02:34:00,44.37418480,-124.95623980,662.570324,1608.509119,214.64,-5.8,2.6,0.00,189.71,189.71,HMR2300,14160.0,253.3,48673.3,50691.8,,,,,,,,RR1713,,
J2-970,ASNAP,2017/07/28 02:34:05,44.37418372,-124.95624233,662.369010,1608.389521,184.53,-5.1,2.2,0.00,189.46,189.46,HMR2300,15306.7,11280.0,46140.0,49904.2,,,,,,,,RR1713,,
J2-970,ASNAP,2017/07/28 02:34:10,44.37418267,-124.95624482,662.170159,1608.271953,176.53,-5.4,1.6,0.00,189.56,189.56,HMR2300,14253.3,14386.7,45220.0,49547.8,,,,,,,,RR1713,,
J2-970,ASNAP,2017/07/28 02:34:15,44.37418163,-124.95624729,661.973693,1608.156318,167.91,-5.6,3.0,0.00,189.93,189.93,HMR2300,12860.0,15840.0,45080.0,49482.2,,,,,,,,RR1713,,
J2-970,ASNAP,2017/07/28 02:34:20,44.37418060,-124.95624973,661.779213,1608.042333,175.30,-5.3,3.6,0.00,189.48,189.48,HMR2300,14340.0,13373.3,45720.0,49747.4,,,,,,,,RR1713,,
J2-970,ASNAP,2017/07/28 02:34:25,44.37417959,-124.95625214,661.586651,1607.929907,174.26,-5.7,-0.2,0.00,189.09,189.09,HMR2300,13706.7,16566.7,44413.3,49344.4,,,,,,,,RR1713,,
J2-970,ASNAP,2017/07/28 02:34:30,44.37417859,-124.95625453,661.396215,1607.819119,176.52,-5.7,0.9,0.00,189.41,189.41,HMR2300,14006.7,14846.7,45140.0,49540.2,,,,,,,,RR1713,,
J2-970,ASNAP,2017/07/28 02:34:35,44.37417761,-124.95625689,661.208318,1607.710162,173.73,-6.0,2.8,0.00,189.86,189.86,HMR2300,13353.3,14313.3,45553.3,49581.1,,,,,,,,RR1713,,
J2-970,ASNAP,2017/07/28 02:34:40,44.37417665,-124.95625921,661.023504,1607.603309,176.17,-6.2,1.9,0.00,190.52,190.52,HMR2300,13546.7,14366.7,45480.0,49581.7,,,,,,,,RR1713,,
J2-970,ASNAP,2017/07/28 02:34:45,44.37417571,-124.95626148,660.842065,1607.498685,179.16,-6.7,2.2,0.00,191.52,191.52,HMR2300,13646.7,12900.0,46160.0,49833.6,,,,,,,,RR1713,,
J2-970,ASNAP,2017/07/28 02:34:50,44.37417479,-124.95626371,660.664113,1607.396310,165.00,-5.9,2.0,0.00,191.59,191.59,HMR2300,11960.0,17533.3,44393.3,49206.0,,,,,,,,RR1713,,
J2-970,ASNAP,2017/07/28 02:34:55,44.37417389,-124.95626590,660.489815,1607.296236,173.34,-5.3,1.7,0.00,191.63,191.63,HMR2300,13800.0,15340.0,44740.0,49268.9,,,,,,,,RR1713,,
J2-970,ASNAP,2017/07/28 02:35:00,44.37417301,-124.95626804,660.319384,1607.198542,173.27,-5.7,0.7,0.00,192.01,192.01,HMR2300,13553.3,16286.7,44553.3,49335.1,,,,,,,,RR1713,,
J2-970,ASNAP,2017/07/28 02:35:05,44.37417215,-124.95627012,660.153090,1607.103340,171.28,-6.5,2.6,0.00,192.16,192.16,HMR2300,12406.7,15260.0,44993.3,49103.9,,,,,,,,RR1713,,
J2-970,ASNAP,2017/07/28 02:35:10,44.37417132,-124.95627215,659.991200,1607.010742,173.07,-5.5,0.2,0.00,192.09,192.09,HMR2300,14113.3,16206.7,45006.7,49874.3,,,,,,,,RR1713,,
J2-970,ASNAP,2017/07/28 02:35:15,44.37417051,-124.95627413,659.833609,1606.920647,175.00,-5.4,2.8,0.00,191.97,191.97,HMR2300,14073.3,13820.0,45540.0,49628.0,,,,,,,,RR1713,,
J2-970,ASNAP,2017/07/28 02:35:20,44.37416972,-124.95627606,659.679994,1606.832830,173.06,-5.3,2.1,0.00,192.13,192.13,HMR2300,13846.7,14853.3,45180.0,49533.7,,,,,,,,RR1713,,
J2-970,ASNAP,2017/07/28 02:35:25,44.37416894,-124.95627794,659.530251,1606.747190,172.84,-5.5,1.2,0.00,192.12,192.12,HMR2300,13766.7,15860.0,44780.0,49460.2,,,,,,,,RR1713,,
J2-970,ASNAP,2017/07/28 02:35:30,44.37416819,-124.95627977,659.384433,1606.663718,171.54,-6.5,2.5,0.00,192.33,192.33,HMR2300,12346.7,15060.0,45046.7,49075.9,,,,,,,,RR1713,,
J2-970,ASNAP,2017/07/28 02:35:35,44.37416746,-124.95628154,659.242801,1606.582521,173.90,-5.8,0.8,0.00,192.33,192.33,HMR2300,13753.3,15746.7,44913.3,49541.1,,,,,,,,RR1713,,
J2-970,ASNAP,2017/07/28 02:35:40,44.37416675,-124.95628326,659.105720,1606.503769,174.92,-5.2,2.8,0.00,192.28,192.28,HMR2300,14300.0,13986.7,45433.3,49641.8,,,,,,,,RR1713,,
J2-970,ASNAP,2017/07/28 02:35:45,44.37416607,-124.95628492,658.973340,1606.427507,181.12,-5.2,1.1,0.00,192.55,192.55,HMR2300,14826.7,13306.7,45380.0,49560.5,,,,,,,,RR1713,,
J2-970,ASNAP,2017/07/28 02:35:50,44.37416540,-124.95628652,658.845692,1606.353712,176.50,-5.5,1.4,0.00,192.29,192.29,HMR2300,14113.3,14173.3,45266.7,49488.8,,,,,,,,RR1713,,
J2-970,ASNAP,2017/07/28 02:35:55,44.37416476,-124.95628806,658.722823,1606.282372,183.04,-5.2,2.5,0.00,191.97,191.97,HMR2300,15000.0,11313.3,46113.3,49793.9,,,,,,,,RR1713,,
J2-970,ASNAP,2017/07/28 02:36:00,44.37416414,-124.95628954,658.604794,1606.213485,179.28,-6.0,2.0,0.00,192.17,192.17,HMR2300,14560.0,13140.0,46120.0,50116.9,,,,,,,,RR1713,,
J2-970,ASNAP,2017/07/28 02:36:05,44.37416354,-124.95629096,658.491720,1606.147078,180.72,-5.3,3.4,0.00,192.14,192.14,HMR2300,14753.3,11493.3,46026.7,49681.1,,,,,,,,RR1713,,
J2-970,ASNAP,2017/07/28 02:36:10,44.37416297,-124.95629232,658.383704,1606.083174,183.01,-5.7,1.2,0.00,192.23,192.23,HMR2300,14466.7,12380.0,45613.3,49428.0,,,,,,,,RR1713,,
J2-970,ASNAP,2017/07/28 02:36:15,44.37416242,-124.95629361,658.280553,1606.021619,181.58,-5.2,1.8,0.00,192.22,192.22,HMR2300,14780.0,12453.3,45546.7,49477.6,,,,,,,,RR1713,,
J2-970,ASNAP,2017/07/28 02:36:20,44.37416188,-124.95629485,658.181957,1605.962188,181.62,-5.2,4.3,0.00,192.23,192.23,HMR2300,14673.3,10206.7,46406.7,49729.9,,,,,,,,RR1713,,
J2-970,ASNAP,2017/07/28 02:36:25,44.37416136,-124.95629603,658.087850,1605.904800,183.48,-6.7,2.3,0.00,192.35,192.35,HMR2300,13806.7,11493.3,46440.0,49793.5,,,,,,,,RR1713,,
J2-970,ASNAP,2017/07/28 02:36:30,44.37416087,-124.95629715,657.998291,1605.849449,185.98,-6.4,-0.2,0.00,192.57,192.57,HMR2300,14600.0,12826.7,46000.0,49936.8,,,,,,,,RR1713,,
J2-970,ASNAP,2017/07/28 02:36:35,44.37416039,-124.95629822,657.913384,1605.796155,181.30,-5.6,1.1,0.00,192.23,192.23,HMR2300,14626.7,13166.7,45680.0,49738.9,,,,,,,,RR1713,,
J2-970,ASNAP,2017/07/28 02:36:40,44.37415993,-124.95629922,657.833237,1605.744947,185.09,-5.8,3.2,0.00,192.34,192.34,HMR2300,14693.3,9813.3,46700.0,49930.8,,,,,,,,RR1713,,
J2-970,ASNAP,2017/07/28 02:36:45,44.37415948,-124.95630017,657.757846,1605.695783,181.62,-5.5,4.2,0.00,192.10,192.1,HMR2300,14633.3,10426.7,46586.7,49931.6,,,,,,,,RR1713,,
J2-970,ASNAP,2017/07/28 02:36:50,44.37415906,-124.95630106,657.687160,1605.648594,187.21,-5.0,-0.1,0.00,192.17,192.17,HMR2300,15553.3,12140.0,45660.0,49740.5,,,,,,,,RR1713,,
J2-970,ASNAP,2017/07/28 02:36:55,44.37415865,-124.95630188,657.621146,1605.603326,179.79,-6.0,2.6,0.00,192.23,192.23,HMR2300,13866.7,12540.0,46026.7,49678.9,,,,,,,,RR1713,,
J2-970,ASNAP,2017/07/28 02:37:00,44.37415826,-124.95630265,657.559781,1605.559935,176.24,-6.0,1.5,0.00,192.06,192.06,HMR2300,13713.3,14440.0,45380.0,49557.2,,,,,,,,RR1713,,
J2-970,ASNAP,2017/07/28 02:37:05,44.37415789,-124.95630336,657.503058,1605.518395,175.89,-5.7,2.2,0.00,192.28,192.28,HMR2300,13973.3,13826.7,45800.0,49840.5,,,,,,,,RR1713,,
J2-970,ASNAP,2017/07/28 02:37:10,44.37415753,-124.95630402,657.450954,1605.478666,176.90,-5.0,1.0,0.00,192.15,192.15,HMR2300,14820.0,14766.7,45013.3,49637.6,,,,,,,,RR1713,,
J2-970,ASNAP,2017/07/28 02:37:15,44.37415719,-124.95630462,657.403289,1605.440581,180.39,-5.9,2.0,0.00,192.40,192.4,HMR2300,13973.3,12713.3,45480.0,49247.5,,,,,,,,RR1713,,
J2-970,ASNAP,2017/07/28 02:37:20,44.37415686,-124.95630516,657.359842,1605.403945,177.43,-5.6,2.6,0.00,192.21,192.21,HMR2300,14106.7,12986.7,45746.7,49602.5,,,,,,,,RR1713,,
J2-970,ASNAP,2017/07/28 02:37:25,44.37415654,-124.95630565,657.320539,1605.368669,177.27,-5.5,2.9,0.00,191.71,191.71,HMR2300,14313.3,12933.3,45846.7,49739.9,,,,,,,,RR1713,,
J2-970,ASNAP,2017/07/28 02:37:30,44.37415623,-124.95630610,657.285363,1605.334714,181.64,-6.3,3.0,0.00,191.91,191.91,HMR2300,14166.7,11620.0,46613.3,50085.1,,,,,,,,RR1713,,
J2-970,ASNAP,2017/07/28 02:37:35,44.37415594,-124.95630648,657.254307,1605.302057,178.99,-5.5,2.2,0.00,192.05,192.05,HMR2300,14626.7,12946.7,46053.3,50024.6,,,,,,,,RR1713,,
J2-970,ASNAP,2017/07/28 02:37:40,44.37415566,-124.95630682,657.227355,1605.270674,179.74,-5.3,2.6,0.00,192.11,192.11,HMR2300,14840.0,12213.3,46193.3,50032.1,,,,,,,,RR1713,,
J2-970,ASNAP,2017/07/28 02:37:45,44.37415539,-124.95630711,657.204430,1605.240485,183.55,-5.1,1.9,0.00,192.29,192.29,HMR2300,15233.3,11600.0,46053.3,49875.1,,,,,,,,RR1713,,
J2-970,ASNAP,2017/07/28 02:37:50,44.37415512,-124.95630735,657.185433,1605.211395,186.61,-6.8,0.6,0.00,192.45,192.45,HMR2300,13833.3,11753.3,46313.3,49743.6,,,,,,,,RR1713,,
J2-970,ASNAP,2017/07/28 02:37:55,44.37415487,-124.95630754,657.170274,1605.183331,189.74,-5.9,1.7,0.00,192.59,192.59,HMR2300,14973.3,9986.7,46620.0,49973.6,,,,,,,,RR1713,,
J2-970,ASNAP,2017/07/28 02:38:00,44.37415463,-124.95630768,657.158866,1605.156230,184.50,-5.5,2.8,0.00,192.51,192.51,HMR2300,15000.0,10720.0,46453.3,49978.3,,,,,,,,RR1713,,
J2-970,ASNAP,2017/07/28 02:38:05,44.37415439,-124.95630778,657.151115,1605.130042,181.82,-4.8,2.2,0.00,192.45,192.45,HMR2300,15353.3,12160.0,45686.7,49707.8,,,,,,,,RR1713,,
J2-970,ASNAP,2017/07/28 02:38:10,44.37415416,-124.95630783,657.146929,1605.104704,177.38,-6.0,2.5,0.00,192.43,192.43,HMR2300,13966.7,13326.7,45860.0,49757.5,,,,,,,,RR1713,,
J2-970,ASNAP,2017/07/28 02:38:15,44.37415394,-124.95630784,657.146211,1605.080092,182.69,-6.9,2.8,0.00,192.57,192.57,HMR2300,13886.7,10993.3,47160.0,50376.2,,,,,,,,RR1713,,
J2-970,ASNAP,2017/07/28 02:38:20,44.37415373,-124.95630781,657.148869,1605.056070,180.90,-5.3,1.2,0.00,192.19,192.19,HMR2300,14873.3,13073.3,45680.0,49787.5,,,,,,,,RR1713,,
J2-970,ASNAP,2017/07/28 02:38:25,44.37415351,-124.95630773,657.154831,1605.032546,183.42,-5.8,2.1,0.00,192.29,192.29,HMR2300,14606.7,11520.0,46226.7,49829.4,,,,,,,,RR1713,,
J2-970,ASNAP,2017/07/28 02:38:30,44.37415331,-124.95630762,657.164026,1605.009450,182.93,-5.1,1.2,0.00,192.31,192.31,HMR2300,15153.3,12413.3,45673.3,49696.8,,,,,,,,RR1713,,
J2-970,ASNAP,2017/07/28 02:38:35,44.37415310,-124.95630746,657.176365,1604.986753,181.36,-6.2,1.1,0.00,192.42,192.42,HMR2300,13886.7,13106.7,45566.7,49405.9,,,,,,,,RR1713,,
J2-970,ASNAP,2017/07/28 02:38:40,44.37415290,-124.95630727,657.191755,1604.964428,182.69,-6.3,2.7,0.00,192.40,192.4,HMR2300,14006.7,11360.0,46266.7,49657.2,,,,,,,,RR1713,,
J2-970,ASNAP,2017/07/28 02:38:45,44.37415270,-124.95630704,657.210110,1604.942419,182.03,-6.3,3.2,0.00,192.37,192.37,HMR2300,14026.7,11053.3,46713.3,50010.6,,,,,,,,RR1713,,
J2-970,ASNAP,2017/07/28 02:38:50,44.37415251,-124.95630677,657.231343,1604.920663,184.99,-6.1,0.9,0.00,192.51,192.51,HMR2300,14600.0,12120.0,46106.7,49858.6,,,,,,,,RR1713,,
J2-970,ASNAP,2017/07/28 02:38:55,44.37415231,-124.95630647,657.255351,1604.899114,185.70,-5.5,1.9,0.00,192.47,192.47,HMR2300,14840.0,10760.0,46160.0,49666.4,,,,,,,,RR1713,,
J2-970,ASNAP,2017/07/28 02:39:00,44.37415212,-124.95630614,657.282023,1604.877733,181.42,-5.4,3.9,0.00,192.23,192.23,HMR2300,14933.3,10833.3,46566.7,50088.1,,,,,,,,RR1713,,
J2-970,ASNAP,2017/07/28 02:39:05,44.37415193,-124.95630577,657.311233,1604.856498,186.01,-5.7,1.2,0.00,192.20,192.2,HMR2300,14946.7,11413.3,46253.3,49930.3,,,,,,,,RR1713,,
J2-970,ASNAP,2017/07/28 02:39:10,44.37415174,-124.95630537,657.342881,1604.835375,186.94,-5.9,1.8,0.00,192.21,192.21,HMR2300,14666.7,10700.0,46206.7,49645.3,,,,,,,,RR1713,,
J2-970,ASNAP,2017/07/28 02:39:15,44.37415155,-124.95630495,657.376980,1604.814267,188.47,-5.6,2.2,0.00,192.15,192.15,HMR2300,14993.3,9746.7,46426.7,49751.7,,,,,,,,RR1713,,
J2-970,ASNAP,2017/07/28 02:39:20,44.37415136,-124.95630449,657.413555,1604.793077,178.71,-5.6,2.7,0.00,191.99,191.99,HMR2300,14413.3,12546.7,46166.7,49965.2,,,,,,,,RR1713,,
J2-970,ASNAP,2017/07/28 02:39:25,44.37415117,-124.95630400,657.452582,1604.771757,181.71,-5.5,1.2,0.00,192.10,192.1,HMR2300,14540.0,12606.7,45680.0,49568.2,,,,,,,,RR1713,,
J2-970,ASNAP,2017/07/28 02:39:30,44.37415097,-124.95630348,657.494001,1604.750285,181.67,-5.5,2.7,0.00,192.21,192.21,HMR2300,14640.0,11760.0,45946.7,49635.9,,,,,,,,RR1713,,
J2-970,ASNAP,2017/07/28 02:39:35,44.37415078,-124.95630293,657.537678,1604.728680,184.55,-6.2,2.2,0.00,192.36,192.36,HMR2300,14493.3,11093.3,46693.3,50133.7,,,,,,,,RR1713,,
J2-970,ASNAP,2017/07/28 02:39:40,44.37415058,-124.95630236,657.583482,1604.706965,181.06,-5.7,1.9,0.00,192.26,192.26,HMR2300,14286.7,12426.7,45706.7,49473.5,,,,,,,,RR1713,,
J2-970,ASNAP,2017/07/28 02:39:45,44.37415039,-124.95630176,657.631356,1604.685129,183.96,-6.3,2.0,0.00,192.12,192.12,HMR2300,14140.0,11446.7,46386.7,49826.6,,,,,,,,RR1713,,
J2-970,ASNAP,2017/07/28 02:39:50,44.37415019,-124.95630113,657.681254,1604.663159,181.68,-5.9,1.6,0.00,192.21,192.21,HMR2300,14386.7,12486.7,45993.3,49782.3,,,,,,,,RR1713,,
J2-970,ASNAP,2017/07/28 02:39:55,44.37414999,-124.95630048,657.733101,1604.641060,188.32,-5.2,-1.3,0.00,192.49,192.49,HMR2300,15560.0,12733.3,45586.7,49823.6,,,,,,,,RR1713,,
J2-970,ASNAP,2017/07/28 02:40:00,44.37414979,-124.95629981,657.786807,1604.618849,190.20,-5.5,1.7,0.00,192.36,192.36,HMR2300,15173.3,9440.0,46693.3,49996.1,,,,,,,,RR1713,,
J2-970,ASNAP,2017/07/28 02:40:05,44.37414959,-124.95629911,657.842259,1604.596557,197.81,-6.4,2.1,0.00,192.43,192.43,HMR2300,14386.7,6240.0,47660.0,50173.6,,,,,,,,RR1713,,
J2-970,ASNAP,2017/07/28 02:40:10,44.37414939,-124.95629839,657.899397,1604.574202,176.99,-5.9,1.4,0.00,192.30,192.3,HMR2300,13886.7,14273.3,45406.7,49581.6,,,,,,,,RR1713,,
J2-970,ASNAP,2017/07/28 02:40:15,44.37414919,-124.95629765,657.958349,1604.551736,184.99,-6.1,1.1,0.00,192.22,192.22,HMR2300,14540.0,11813.3,46206.7,49860.0,,,,,,,,RR1713,,
J2-970,ASNAP,2017/07/28 02:40:20,44.37414898,-124.95629689,658.019235,1604.529118,187.21,-5.4,1.7,0.00,192.26,192.26,HMR2300,15033.3,10566.7,46106.7,49633.5,,,,,,,,RR1713,,
J2-970,ASNAP,2017/07/28 02:40:25,44.37414878,-124.95629610,658.082066,1604.506363,185.39,-5.5,2.1,0.00,192.49,192.49,HMR2300,14913.3,10653.3,46313.3,49807.9,,,,,,,,RR1713,,
J2-970,ASNAP,2017/07/28 02:40:30,44.37414857,-124.95629529,658.146803,1604.483503,185.99,-5.4,2.7,0.00,192.45,192.45,HMR2300,15086.7,10080.0,46546.7,49958.0,,,,,,,,RR1713,,
J2-970,ASNAP,2017/07/28 02:40:35,44.37414837,-124.95629446,658.213332,1604.460607,186.10,-5.5,2.9,0.00,192.36,192.36,HMR2300,15153.3,10026.7,46666.7,50079.3,,,,,,,,RR1713,,
J2-970,ASNAP,2017/07/28 02:40:40,44.37414816,-124.95629360,658.281554,1604.437739,188.44,-5.3,1.4,0.00,192.25,192.25,HMR2300,15193.3,10186.7,46200.0,49689.5,,,,,,,,RR1713,,
J2-970,ASNAP,2017/07/28 02:40:45,44.37414796,-124.95629272,658.351455,1604.414938,191.99,-5.4,1.2,0.00,192.36,192.36,HMR2300,15260.0,9233.3,46513.3,49815.8,,,,,,,,RR1713,,
J2-970,ASNAP,2017/07/28 02:40:50,44.37414775,-124.95629182,658.423023,1604.392243,195.49,-5.3,1.4,0.00,192.54,192.54,HMR2300,15633.3,7700.0,47353.3,50458.2,,,,,,,,RR1713,,
J2-970,ASNAP,2017/07/28 02:40:55,44.37414755,-124.95629091,658.496202,1604.369712,193.47,-5.6,1.2,0.00,192.33,192.33,HMR2300,15380.0,8540.0,47173.3,50346.8,,,,,,,,RR1713,,
J2-970,ASNAP,2017/07/28 02:41:00,44.37414735,-124.95628997,658.570924,1604.347405,195.84,-5.1,1.4,0.00,192.36,192.36,HMR2300,15566.7,7713.3,47066.7,50170.6,,,,,,,,RR1713,,
J2-970,ASNAP,2017/07/28 02:41:05,44.37414715,-124.95628901,658.647105,1604.325394,193.55,-5.5,1.4,0.00,192.56,192.56,HMR2300,15166.7,8426.7,46953.3,50056.5,,,,,,,,RR1713,,
J2-970,ASNAP,2017/07/28 02:41:10,44.37414696,-124.95628804,658.724743,1604.303725,191.83,-5.8,3.3,0.00,192.38,192.38,HMR2300,14873.3,7640.0,46920.0,49810.4,,,,,,,,RR1713,,
J2-970,ASNAP,2017/07/28 02:41:15,44.37414676,-124.95628705,658.804049,1604.282395,191.94,-5.6,3.5,0.00,192.03,192.03,HMR2300,15026.7,7113.3,47146.7,49992.1,,,,,,,,RR1713,,
J2-970,ASNAP,2017/07/28 02:41:20,44.37414657,-124.95628603,658.885197,1604.261410,184.18,-5.3,2.7,0.00,192.00,192,HMR2300,15020.0,10746.7,46246.7,49798.0,,,,,,,,RR1713,,
J2-970,ASNAP,2017/07/28 02:41:25,44.37414639,-124.95628499,658.968207,1604.240829,179.10,-5.3,2.8,0.00,192.10,192.1,HMR2300,14453.3,12293.3,45660.0,49445.5,,,,,,,,RR1713,,
J2-970,ASNAP,2017/07/28 02:41:30,44.37414621,-124.95628392,659.053046,1604.220720,175.46,-5.0,2.3,0.00,192.11,192.11,HMR2300,14533.3,14046.7,45246.7,49555.9,,,,,,,,RR1713,,
J2-970,ASNAP,2017/07/28 02:41:35,44.37414603,-124.95628284,659.139595,1604.201177,173.49,-5.3,1.2,0.00,192.32,192.32,HMR2300,13953.3,15573.3,44700.0,49348.9,,,,,,,,RR1713,,
J2-970,ASNAP,2017/07/28 02:41:40,44.37414586,-124.95628173,659.227768,1604.182281,179.06,-5.4,1.2,0.00,192.37,192.37,HMR2300,14400.0,13786.7,45160.0,49364.5,,,,,,,,RR1713,,
J2-970,ASNAP,2017/07/28 02:41:45,44.37414570,-124.95628060,659.317558,1604.164096,176.88,-6.2,2.8,0.00,192.40,192.4,HMR2300,13673.3,13340.0,45840.0,49661.1,,,,,,,,RR1713,,
J2-970,ASNAP,2017/07/28 02:41:50,44.37414554,-124.95627946,659.408959,1604.146682,177.00,-5.4,0.8,0.00,192.19,192.19,HMR2300,14380.0,14733.3,45140.0,49613.3,,,,,,,,RR1713,,
J2-970,ASNAP,2017/07/28 02:41:55,44.37414539,-124.95627829,659.501933,1604.130102,179.15,-5.8,2.3,0.00,192.33,192.33,HMR2300,14160.0,12986.7,45680.0,49556.2,,,,,,,,RR1713,,
J2-970,ASNAP,2017/07/28 02:42:00,44.37414525,-124.95627711,659.596412,1604.114423,175.42,-5.4,2.3,0.00,192.27,192.27,HMR2300,14173.3,14046.7,45406.7,49598.0,,,,,,,,RR1713,,
J2-970,ASNAP,2017/07/28 02:42:05,44.37414512,-124.95627590,659.692265,1604.099718,177.81,-4.6,2.2,0.00,192.56,192.56,HMR2300,14986.7,13146.7,45333.3,49523.2,,,,,,,,RR1713,,
J2-970,ASNAP,2017/07/28 02:42:10,44.37414500,-124.95627468,659.789514,1604.086039,177.21,-6.1,4.7,0.00,192.38,192.38,HMR2300,13753.3,11566.7,46440.0,49795.7,,,,,,,,RR1713,,
J2-970,ASNAP,2017/07/28 02:42:15,44.37414488,-124.95627344,659.888459,1604.073402,165.73,-7.0,2.6,0.00,192.50,192.5,HMR2300,11180.0,17073.3,44866.7,49290.0,,,,,,,,RR1713,,
J2-970,ASNAP,2017/07/28 02:42:20,44.37414478,-124.95627218,659.989315,1604.061834,142.95,-5.5,1.3,0.00,192.41,192.41,HMR2300,7200.0,23926.7,41780.0,48681.6,,,,,,,,RR1713,,
J2-970,ASNAP,2017/07/28 02:42:25,44.37414468,-124.95627089,660.092084,1604.051394,152.10,-4.1,-0.4,0.00,192.76,192.76,HMR2300,10920.0,23046.7,41720.0,48897.4,,,,,,,,RR1713,,
J2-970,ASNAP,2017/07/28 02:42:30,44.37414460,-124.95626958,660.196683,1604.042148,154.95,-5.0,1.2,0.00,192.68,192.68,HMR2300,10786.7,21093.3,42926.7,49030.4,,,,,,,,RR1713,,
J2-970,ASNAP,2017/07/28 02:42:35,44.37414453,-124.95626824,660.302924,1604.034166,154.24,-4.7,-0.1,0.00,192.71,192.71,HMR2300,10966.7,22380.0,42126.7,48946.8,,,,,,,,RR1713,,
J2-970,ASNAP,2017/07/28 02:42:40,44.37414447,-124.95626689,660.410681,1604.027506,156.83,-5.2,-0.0,0.00,192.80,192.8,HMR2300,11073.3,21600.0,42560.0,48995.2,,,,,,,,RR1713,,
J2-970,ASNAP,2017/07/28 02:42:45,44.37414442,-124.95626552,660.519943,1604.022211,157.79,-5.3,0.4,0.00,192.79,192.79,HMR2300,11213.3,20986.7,42893.3,49051.2,,,,,,,,RR1713,,
J2-970,ASNAP,2017/07/28 02:42:50,44.37414439,-124.95626413,660.630687,1604.018318,157.44,-5.3,0.1,0.00,192.82,192.82,HMR2300,11166.7,21340.0,42700.0,49024.3,,,,,,,,RR1713,,
J2-970,ASNAP,2017/07/28 02:42:55,44.37414436,-124.95626273,660.742845,1604.015856,159.56,-7.0,0.3,0.00,192.82,192.82,HMR2300,10140.0,20693.3,43233.3,48991.4,,,,,,,,RR1713,,
J2-970,ASNAP,2017/07/28 02:43:00,44.37414436,-124.95626130,660.856282,1604.014849,178.28,-7.9,0.4,0.00,192.86,192.86,HMR2300,12306.7,14833.3,45673.3,49573.5,,,,,,,,RR1713,,
J2-970,ASNAP,2017/07/28 02:43:05,44.37414436,-124.95625987,660.970766,1604.015316,173.94,-6.0,1.2,0.00,192.78,192.78,HMR2300,13500.0,15520.0,45060.0,49533.1,,,,,,,,RR1713,,
J2-970,ASNAP,2017/07/28 02:43:10,44.37414438,-124.95625842,661.086327,1604.017282,161.46,-5.5,-0.0,0.00,192.84,192.84,HMR2300,11840.0,20353.3,43093.3,49106.8,,,,,,,,RR1713,,
J2-970,ASNAP,2017/07/28 02:43:15,44.37414441,-124.95625695,661.203375,1604.020781,161.98,-3.3,-1.1,0.00,193.03,193.03,HMR2300,13866.7,20813.3,42346.7,49180.5,,,,,,,,RR1713,,
J2-970,ASNAP,2017/07/28 02:43:20,44.37414445,-124.95625546,661.322324,1604.025869,165.12,-5.7,0.0,0.00,192.97,192.97,HMR2300,12326.7,19173.3,43580.0,49181.1,,,,,,,,RR1713,,
J2-970,ASNAP,2017/07/28 02:43:25,44.37414452,-124.95625394,661.443541,1604.032628,174.41,-6.7,0.1,0.00,193.01,193.01,HMR2300,13726.7,15620.0,44900.0,49481.5,,,,,,,,RR1713,,
J2-970,ASNAP,2017/07/28 02:43:30,44.37414459,-124.95625238,661.567267,1604.041130,172.38,-3.5,0.6,0.00,192.95,192.95,HMR2300,15520.0,17280.0,43733.3,49518.4,,,,,,,,RR1713,,
J2-970,ASNAP,2017/07/28 02:43:35,44.37414468,-124.95625080,661.693525,1604.051421,161.31,-4.8,0.1,0.00,192.91,192.91,HMR2300,12000.0,20533.3,43006.7,49144.6,,,,,,,,RR1713,,
J2-970,ASNAP,2017/07/28 02:43:40,44.37414479,-124.95624921,661.820719,1604.063284,175.88,-9.3,-0.1,0.00,193.03,193.03,HMR2300,11666.7,14566.7,45826.7,49481.1,,,,,,,,RR1713,,
J2-970,ASNAP,2017/07/28 02:43:45,44.37414491,-124.95624765,661.945020,1604.076141,194.08,-7.2,-0.3,0.00,193.14,193.14,HMR2300,14233.3,9626.7,46893.3,49942.4,,,,,,,,RR1713,,
J2-970,ASNAP,2017/07/28 02:43:50,44.37414502,-124.95624622,662.058649,1604.088783,175.06,-6.5,-0.2,0.00,192.90,192.9,HMR2300,12673.3,17453.3,43453.3,48512.1,,,,,,,,RR1713,,
J2-970,ASNAP,2017/07/28 02:43:55,44.37414512,-124.95624508,662.149333,1604.099276,163.03,-3.7,-0.4,0.00,192.84,192.84,HMR2300,13246.7,20353.3,42453.3,48908.3,,,,,,,,RR1713,,
J2-970,ASNAP,2017/07/28 02:44:00,44.37414519,-124.95624425,662.215817,1604.107303,161.88,-5.1,-0.3,0.00,192.85,192.85,HMR2300,12486.7,19946.7,43166.7,49164.5,,,,,,,,RR1713,,
J2-970,ASNAP,2017/07/28 02:44:05,44.37414525,-124.95624356,662.270686,1604.114578,162.74,-3.8,-2.3,0.00,193.17,193.17,HMR2300,13186.7,21373.3,42200.0,49107.5,,,,,,,,RR1713,,
J2-970,ASNAP,2017/07/28 02:44:10,44.37414533,-124.95624285,662.327365,1604.122938,163.62,-4.7,-1.4,0.00,193.03,193.03,HMR2300,13580.0,20046.7,43860.0,50099.7,,,,,,,,RR1713,,
J2-970,ASNAP,2017/07/28 02:44:15,44.37414543,-124.95624195,662.399280,1604.134223,167.94,-4.6,1.1,0.00,192.73,192.73,HMR2300,14740.0,17846.7,44686.7,50325.6,,,,,,,,RR1713,,
J2-970,ASNAP,2017/07/28 02:44:20,44.37414557,-124.95624072,662.497520,1604.149961,166.89,-4.7,0.0,0.00,192.85,192.85,HMR2300,13506.7,18506.7,43766.7,49400.9,,,,,,,,RR1713,,
J2-970,ASNAP,2017/07/28 02:44:25,44.37414575,-124.95623923,662.615776,1604.169381,165.85,-4.9,1.1,0.00,192.84,192.84,HMR2300,13446.7,18686.7,43573.3,49281.2,,,,,,,,RR1713,,
J2-970,ASNAP,2017/07/28 02:44:30,44.37414594,-124.95623766,662.741160,1604.190849,171.44,-9.2,0.1,0.00,192.99,192.99,HMR2300,11273.3,15473.3,45540.0,49400.4,,,,,,,,RR1713,,
J2-970,ASNAP,2017/07/28 02:44:35,44.37414615,-124.95623605,662.869467,1604.213930,180.71,-5.8,-0.7,0.00,193.11,193.11,HMR2300,14120.0,15026.7,45086.7,49578.0,,,,,,,,RR1713,,
J2-970,ASNAP,2017/07/28 02:44:40,44.37414637,-124.95623441,663.000184,1604.238685,169.87,-2.8,0.0,0.00,193.01,193.01,HMR2300,15740.0,18326.7,43113.3,49420.4,,,,,,,,RR1713,,
J2-970,ASNAP,2017/07/28 02:44:45,44.37414661,-124.95623275,663.132542,1604.265011,159.94,-2.4,-0.3,0.00,193.02,193.02,HMR2300,13893.3,21106.7,42180.0,49169.8,,,,,,,,RR1713,,
J2-970,ASNAP,2017/07/28 02:44:50,44.37414686,-124.95623108,663.265661,1604.292710,157.75,-2.7,-0.0,0.00,193.02,193.02,HMR2300,13406.7,21093.3,42273.3,49109.1,,,,,,,,RR1713,,
J2-970,ASNAP,2017/07/28 02:44:55,44.37414712,-124.95622941,663.399250,1604.321685,158.94,-2.8,-0.1,0.00,193.00,193,HMR2300,13673.3,20813.3,42446.7,49212.5,,,,,,,,RR1713,,
J2-970,ASNAP,2017/07/28 02:45:00,44.37414739,-124.95622772,663.533370,1604.351903,159.95,-2.9,-0.1,0.00,193.01,193.01,HMR2300,13800.0,20513.3,42520.0,49185.2,,,,,,,,RR1713,,
J2-970,ASNAP,2017/07/28 02:45:05,44.37414767,-124.95622603,663.667968,1604.383306,161.43,-3.2,-0.2,0.00,193.01,193.01,HMR2300,13600.0,20106.7,42786.7,49192.9,,,,,,,,RR1713,,
J2-970,ASNAP,2017/07/28 02:45:10,44.37414796,-124.95622434,663.802928,1604.415827,177.30,-10.1,-0.8,0.00,193.12,193.12,HMR2300,10780.0,14700.0,46006.7,49486.5,,,,,,,,RR1713,,
J2-970,ASNAP,2017/07/28 02:45:15,44.37414827,-124.95622265,663.938137,1604.449396,196.79,-9.8,-0.5,0.00,193.26,193.26,HMR2300,11233.3,8960.0,47740.0,49855.6,,,,,,,,RR1713,,
J2-970,ASNAP,2017/07/28 02:45:20,44.37414858,-124.95622095,664.073490,1604.483942,195.63,-7.8,0.6,0.00,193.14,193.14,HMR2300,13686.7,9733.3,47006.7,49916.8,,,,,,,,RR1713,,
J2-970,ASNAP,2017/07/28 02:45:25,44.37414890,-124.95621925,664.208915,1604.519402,178.99,-8.3,0.1,0.00,193.14,193.14,HMR2300,12260.0,16546.7,44873.3,49373.2,,,,,,,,RR1713,,
J2-970,ASNAP,2017/07/28 02:45:30,44.37414922,-124.95621755,664.344356,1604.555711,165.22,-2.2,-1.1,0.00,193.17,193.17,HMR2300,15026.7,21300.0,41740.0,49211.0,,,,,,,,RR1713,,
J2-970,ASNAP,2017/07/28 02:45:35,44.37414956,-124.95621585,664.479733,1604.592795,159.00,-3.4,-1.1,0.00,193.31,193.31,HMR2300,13273.3,21253.3,42293.3,49159.0,,,,,,,,RR1713,,
J2-970,ASNAP,2017/07/28 02:45:40,44.37414990,-124.95621416,664.614970,1604.630582,163.43,-5.4,1.0,0.00,193.00,193,HMR2300,11606.7,17946.7,43633.3,48586.7,,,,,,,,RR1713,,
J2-970,ASNAP,2017/07/28 02:45:45,44.37415024,-124.95621246,664.750129,1604.669033,169.24,-5.1,0.3,0.00,192.90,192.9,HMR2300,13553.3,18313.3,43753.3,49329.8,,,,,,,,RR1713,,
J2-970,ASNAP,2017/07/28 02:45:50,44.37415059,-124.95621076,664.885314,1604.708121,165.50,-2.6,-2.0,0.00,193.19,193.19,HMR2300,14073.3,20393.3,42520.0,49212.8,,,,,,,,RR1713,,
J2-970,ASNAP,2017/07/28 02:45:55,44.37415095,-124.95620907,665.020393,1604.747751,162.67,-4.4,-1.2,0.00,193.20,193.2,HMR2300,13180.0,20646.7,42626.7,49163.3,,,,,,,,RR1713,,
J2-970,ASNAP,2017/07/28 02:46:00,44.37415131,-124.95620738,665.155140,1604.787796,164.53,-3.9,-1.1,0.00,193.23,193.23,HMR2300,13313.3,20706.7,41826.7,48533.3,,,,,,,,RR1713,,
J2-970,ASNAP,2017/07/28 02:46:05,44.37415167,-124.95620570,665.289468,1604.828169,165.94,-6.8,4.1,0.00,192.88,192.88,HMR2300,12986.7,17206.7,44406.7,49362.7,,,,,,,,RR1713,,
J2-970,ASNAP,2017/07/28 02:46:10,44.37415204,-124.95620402,665.423345,1604.868796,164.28,-3.9,-3.5,0.00,193.37,193.37,HMR2300,13153.3,21793.3,41953.3,49071.8,,,,,,,,RR1713,,
J2-970,ASNAP,2017/07/28 02:46:15,44.37415241,-124.95620234,665.556694,1604.909588,164.38,-3.8,-0.0,0.00,193.23,193.23,HMR2300,14100.0,19546.7,42986.7,49282.2,,,,,,,,RR1713,,
J2-970,ASNAP,2017/07/28 02:46:20,44.37415278,-124.95620068,665.689400,1604.950444,164.19,-3.9,-0.9,0.00,193.26,193.26,HMR2300,13460.0,19333.3,43320.0,49311.0,,,,,,,,RR1713,,
J2-970,ASNAP,2017/07/28 02:46:25,44.37415314,-124.95619902,665.821250,1604.991230,165.16,-6.2,1.0,0.00,193.02,193.02,HMR2300,11260.0,17693.3,44620.0,49303.0,,,,,,,,RR1713,,
J2-970,ASNAP,2017/07/28 02:46:30,44.37415351,-124.95619738,665.952052,1605.031820,184.71,-9.7,-1.1,0.00,193.26,193.26,HMR2300,12346.7,12853.3,46240.0,49555.9,,,,,,,,RR1713,,
J2-970,ASNAP,2017/07/28 02:46:35,44.37415387,-124.95619575,666.082033,1605.072216,184.28,-4.9,1.5,0.00,193.23,193.23,HMR2300,14253.3,12860.0,45873.3,49728.3,,,,,,,,RR1713,,
J2-970,ASNAP,2017/07/28 02:46:40,44.37415423,-124.95619413,666.211544,1605.112459,167.47,-5.3,0.9,0.00,193.10,193.1,HMR2300,13446.7,18180.0,43846.7,49334.1,,,,,,,,RR1713,,
J2-970,ASNAP,2017/07/28 02:46:45,44.37415459,-124.95619251,666.340689,1605.152511,162.33,-3.9,-2.8,0.00,193.35,193.35,HMR2300,12546.7,21580.0,42246.7,49070.3,,,,,,,,RR1713,,
J2-970,ASNAP,2017/07/28 02:46:50,44.37415495,-124.95619089,666.469440,1605.192294,176.73,-8.8,0.6,0.00,193.22,193.22,HMR2300,12113.3,13960.0,45993.3,49568.1,,,,,,,,RR1713,,
J2-970,ASNAP,2017/07/28 02:46:55,44.37415531,-124.95618929,666.597545,1605.231659,193.88,-7.7,-0.8,0.00,193.36,193.36,HMR2300,13193.3,9773.3,47126.7,49905.0,,,,,,,,RR1713,,
J2-970,ASNAP,2017/07/28 02:47:00,44.37415565,-124.95618769,666.724698,1605.270441,191.70,-7.5,0.4,0.00,193.29,193.29,HMR2300,13500.0,10713.3,46820.0,49891.3,,,,,,,,RR1713,,
J2-970,ASNAP,2017/07/28 02:47:05,44.37415600,-124.95618611,666.850787,1605.308535,185.03,-7.7,0.5,0.00,193.28,193.28,HMR2300,12920.0,12646.7,46273.3,49679.8,,,,,,,,RR1713,,
J2-970,ASNAP,2017/07/28 02:47:10,44.37415633,-124.95618454,666.975764,1605.345856,183.96,-7.8,0.4,0.00,193.27,193.27,HMR2300,13113.3,12800.0,46146.7,49651.9,,,,,,,,RR1713,,
J2-970,ASNAP,2017/07/28 02:47:15,44.37415666,-124.95618299,667.099547,1605.382311,182.33,-7.4,0.5,0.00,193.25,193.25,HMR2300,12813.3,13380.0,46046.7,49633.7,,,,,,,,RR1713,,
J2-970,ASNAP,2017/07/28 02:47:20,44.37415698,-124.95618145,667.222029,1605.417803,180.00,-6.8,0.9,0.00,193.25,193.25,HMR2300,14053.3,14513.3,45320.0,49618.9,,,,,,,,RR1713,,
J2-970,ASNAP,2017/07/28 02:47:25,44.37415729,-124.95617994,667.343010,1605.452206,167.12,-3.8,-0.3,0.00,193.23,193.23,HMR2300,14106.7,19646.7,42886.7,49236.7,,,,,,,,RR1713,,
J2-970,ASNAP,2017/07/28 02:47:30,44.37415759,-124.95617844,667.462334,1605.485412,168.83,-8.4,-1.9,0.00,193.23,193.23,HMR2300,10993.3,17913.3,44513.3,49225.8,,,,,,,,RR1713,,
J2-970,ASNAP,2017/07/28 02:47:35,44.37415788,-124.95617696,667.580210,1605.517411,173.63,-3.8,-0.5,0.00,193.13,193.13,HMR2300,14600.0,17286.7,43133.3,48708.0,,,,,,,,RR1713,,
J2-970,ASNAP,2017/07/28 02:47:40,44.37415815,-124.95617550,667.696901,1605.548206,164.78,-6.6,0.1,0.00,193.00,193,HMR2300,12580.0,17373.3,44420.0,49327.7,,,,,,,,RR1713,,
J2-970,ASNAP,2017/07/28 02:47:45,44.37415842,-124.95617405,667.812398,1605.577725,161.87,-3.5,-1.8,0.00,193.29,193.29,HMR2300,13180.0,22060.0,41800.0,49067.3,,,,,,,,RR1713,,
J2-970,ASNAP,2017/07/28 02:47:50,44.37415867,-124.95617262,667.926579,1605.605868,162.21,-4.6,0.8,0.00,193.26,193.26,HMR2300,12793.3,19086.7,43540.0,49231.1,,,,,,,,RR1713,,
J2-970,ASNAP,2017/07/28 02:47:55,44.37415891,-124.95617120,668.039176,1605.632499,164.27,-4.7,-0.2,0.00,193.27,193.27,HMR2300,13046.7,19546.7,43246.7,49219.5,,,,,,,,RR1713,,
J2-970,ASNAP,2017/07/28 02:48:00,44.37415914,-124.95616982,668.149922,1605.657488,163.48,-4.6,0.4,0.00,193.29,193.29,HMR2300,13020.0,19373.3,43340.0,49226.0,,,,,,,,RR1713,,
J2-970,ASNAP,2017/07/28 02:48:05,44.37415935,-124.95616845,668.258708,1605.680747,163.00,-4.4,0.2,0.00,193.31,193.31,HMR2300,13026.7,19546.7,43253.3,49220.1,,,,,,,,RR1713,,
J2-970,ASNAP,2017/07/28 02:48:10,44.37415954,-124.95616711,668.365470,1605.702203,163.08,-4.5,0.2,0.00,193.30,193.3,HMR2300,12973.3,19573.3,43253.3,49216.6,,,,,,,,RR1713,,
J2-970,ASNAP,2017/07/28 02:48:15,44.37415972,-124.95616580,668.470125,1605.721786,163.18,-4.6,0.2,0.00,193.30,193.3,HMR2300,13020.0,19493.3,43300.0,49238.2,,,,,,,,RR1713,,
J2-970,ASNAP,2017/07/28 02:48:20,44.37415988,-124.95616451,668.572560,1605.739421,163.20,-4.5,0.2,0.00,193.31,193.31,HMR2300,13026.7,19546.7,43246.7,49214.2,,,,,,,,RR1713,,
J2-970,ASNAP,2017/07/28 02:48:25,44.37416002,-124.95616326,668.672566,1605.755026,163.19,-4.6,0.3,0.00,193.33,193.33,HMR2300,13000.0,19513.3,43280.0,49223.3,,,,,,,,RR1713,,
J2-970,ASNAP,2017/07/28 02:48:30,44.37416014,-124.95616204,668.769987,1605.768524,163.46,-4.6,0.4,0.00,193.31,193.31,HMR2300,13026.7,19333.3,43373.3,49241.4,,,,,,,,RR1713,,
J2-970,ASNAP,2017/07/28 02:48:35,44.37416024,-124.95616085,668.864961,1605.779881,163.40,-4.5,0.3,0.00,193.31,193.31,HMR2300,13046.7,19473.3,43293.3,49231.5,,,,,,,,RR1713,,
J2-970,ASNAP,2017/07/28 02:48:40,44.37416032,-124.95615968,668.957642,1605.789061,163.14,-4.6,0.3,0.00,193.33,193.33,HMR2300,13000.0,19506.7,43273.3,49214.7,,,,,,,,RR1713,,
J2-970,ASNAP,2017/07/28 02:48:45,44.37416038,-124.95615855,669.047978,1605.796001,163.06,-4.5,0.2,0.00,193.33,193.33,HMR2300,13033.3,19546.7,43273.3,49239.4,,,,,,,,RR1713,,
J2-970,ASNAP,2017/07/28 02:48:50,44.37416043,-124.95615745,669.135831,1605.800629,163.16,-4.6,0.2,0.00,193.33,193.33,HMR2300,13000.0,19566.7,43253.3,49221.0,,,,,,,,RR1713,,
J2-970,ASNAP,2017/07/28 02:48:55,44.37416045,-124.95615638,669.220927,1605.802876,163.19,-4.5,0.2,0.00,193.33,193.33,HMR2300,13053.3,19513.3,43260.0,49219.8,,,,,,,,RR1713,,
J2-970,ASNAP,2017/07/28 02:49:00,44.37416044,-124.95615535,669.303006,1605.802681,162.94,-4.5,0.1,0.00,193.33,193.33,HMR2300,12973.3,19666.7,43206.7,49212.8,,,,,,,,RR1713,,
J2-970,ASNAP,2017/07/28 02:49:05,44.37416042,-124.95615436,669.381969,1605.799999,162.92,-4.6,0.2,0.00,193.33,193.33,HMR2300,12946.7,19666.7,43213.3,49211.6,,,,,,,,RR1713,,
J2-970,ASNAP,2017/07/28 02:49:10,44.37416037,-124.95615341,669.457744,1605.794794,165.60,-7.8,-1.4,0.00,193.25,193.25,HMR2300,10200.0,21280.0,42886.7,48950.4,,,,,,,,RR1713,,
J2-970,ASNAP,2017/07/28 02:49:15,44.37416030,-124.95615250,669.530251,1605.787039,179.44,-7.5,-0.8,0.00,193.26,193.26,HMR2300,12193.3,14233.3,45813.3,49498.8,,,,,,,,RR1713,,
J2-970,ASNAP,2017/07/28 02:49:20,44.37416021,-124.95615163,669.599386,1605.776716,201.95,-6.7,-1.2,0.00,193.37,193.37,HMR2300,15333.3,6813.3,47340.0,50225.6,,,,,,,,RR1713,,
J2-970,ASNAP,2017/07/28 02:49:25,44.37416010,-124.95615081,669.664979,1605.763827,194.19,-7.9,1.6,0.00,193.16,193.16,HMR2300,13060.0,10366.7,46953.3,49826.2,,,,,,,,RR1713,,
J2-970,ASNAP,2017/07/28 02:49:30,44.37415996,-124.95615003,669.726917,1605.748360,184.54,-5.5,0.4,0.00,193.25,193.25,HMR2300,15853.3,13480.0,44820.0,49415.3,,,,,,,,RR1713,,
J2-970,ASNAP,2017/07/28 02:49:35,44.37415979,-124.95614930,669.785289,1605.730247,185.15,-6.3,4.9,0.00,193.02,193.02,HMR2300,14960.0,9386.7,46820.0,50040.2,,,,,,,,RR1713,,
J2-970,ASNAP,2017/07/28 02:49:40,44.37415961,-124.95614861,669.840168,1605.709421,187.93,-5.9,2.0,0.00,192.75,192.75,HMR2300,14413.3,12160.0,45293.3,49062.2,,,,,,,,RR1713,,
J2-970,EVT,2017/07/28 02:49:45,44.37415939,-124.95614797,669.891484,1605.685843,190.26,-4.6,0.9,0.00,192.06,192.06,HMR2300,15486.7,9886.7,45706.7,49261.4,,,,,,,,RR1713,DLG,TXT: Unlatched from bale again USR:eventlogger
J2-970,ASNAP,2017/07/28 02:49:45,44.37415939,-124.95614797,669.891484,1605.685843,190.26,-4.6,0.9,0.00,192.06,192.06,HMR2300,15420.0,9646.7,45786.7,49267.2,,,,,,,,RR1713,,
J2-970,ASNAP,2017/07/28 02:49:50,44.37415916,-124.95614737,669.939116,1605.659496,192.82,-5.5,1.6,0.00,191.38,191.38,HMR2300,15166.7,8313.3,46213.3,49343.8,,,,,,,,RR1713,,
J2-970,ASNAP,2017/07/28 02:49:55,44.37415889,-124.95614682,669.982879,1605.630418,208.37,-5.1,1.0,0.00,190.68,190.68,HMR2300,14773.3,793.3,48420.0,50629.8,,,,,,,,RR1713,,
J2-970,ASNAP,2017/07/28 02:50:00,44.37415861,-124.95614632,670.022609,1605.598645,233.41,-5.1,1.3,0.00,190.79,190.79,HMR2300,9806.7,-6520.0,49453.3,50836.1,,,,,,,,RR1713,,
J2-970,ASNAP,2017/07/28 02:50:05,44.37415830,-124.95614588,670.058225,1605.564198,261.72,-5.6,1.4,0.00,191.35,191.35,HMR2300,-153.3,-12946.7,49460.0,51126.6,,,,,,,,RR1713,,
J2-970,ASNAP,2017/07/28 02:50:10,44.37415796,-124.95614548,670.089664,1605.527095,311.25,-5.9,1.8,0.00,191.29,191.29,HMR2300,-18373.3,-10813.3,46000.0,50700.2,,,,,,,,RR1713,,
J2-970,ASNAP,2017/07/28 02:50:15,44.37415761,-124.95614514,670.116885,1605.487367,349.13,-5.6,1.7,0.00,191.04,191.04,HMR2300,-24933.3,-2100.0,42900.0,49663.8,,,,,,,,RR1713,,
J2-970,ASNAP,2017/07/28 02:50:20,44.37415723,-124.95614485,670.139841,1605.445068,356.31,-5.5,1.9,0.00,190.90,190.9,HMR2300,-25880.0,-1440.0,42573.3,49843.1,,,,,,,,RR1713,,
J2-970,ASNAP,2017/07/28 02:50:25,44.37415682,-124.95614462,670.158479,1605.400307,351.73,-5.6,2.5,0.00,190.73,190.73,HMR2300,-24353.3,-3360.0,43913.3,50326.5,,,,,,,,RR1713,,
J2-970,ASNAP,2017/07/28 02:50:30,44.37415640,-124.95614444,670.172758,1605.353138,351.38,-5.5,2.6,0.00,190.39,190.39,HMR2300,-24820.0,-2806.7,43073.3,49791.8,,,,,,,,RR1713,,
J2-970,ASNAP,2017/07/28 02:50:35,44.37415595,-124.95614432,670.182678,1605.303481,350.31,-4.7,2.3,0.00,190.29,190.29,HMR2300,-24533.3,-1620.0,43140.0,49654.5,,,,,,,,RR1713,,
J2-970,ASNAP,2017/07/28 02:50:40,44.37415548,-124.95614425,670.188226,1605.251260,355.35,-5.0,2.4,0.00,191.22,191.22,HMR2300,-26106.7,100.0,41666.7,49169.9,,,,,,,,RR1713,,
J2-970,ASNAP,2017/07/28 02:50:45,44.37415499,-124.95614423,670.189356,1605.196451,0.83,-5.8,1.5,0.00,191.82,191.82,HMR2300,-25480.0,653.3,42753.3,49774.5,,,,,,,,RR1713,,
J2-970,ASNAP,2017/07/28 02:50:50,44.37415447,-124.95614428,670.186020,1605.139101,358.94,-4.8,3.1,0.00,191.86,191.86,HMR2300,-24586.7,-626.7,43273.3,49774.3,,,,,,,,RR1713,,
J2-970,ASNAP,2017/07/28 02:50:55,44.37415394,-124.95614437,670.178188,1605.079397,347.48,-5.8,2.8,0.00,192.07,192.07,HMR2300,-24153.3,-1346.7,43306.7,49605.1,,,,,,,,RR1713,,
J2-970,ASNAP,2017/07/28 02:51:00,44.37415338,-124.95614453,670.165835,1605.017499,353.76,-5.8,2.5,0.00,192.17,192.17,HMR2300,-24466.7,-3500.0,43573.3,50094.9,,,,,,,,RR1713,,
J2-970,ASNAP,2017/07/28 02:51:05,44.37415280,-124.95614474,670.148945,1604.953461,352.28,-6.1,4.7,0.00,192.59,192.59,HMR2300,-24500.0,-2566.7,43233.3,49759.0,,,,,,,,RR1713,,
J2-970,ASNAP,2017/07/28 02:51:10,44.37415221,-124.95614501,670.127514,1604.887351,358.84,-6.1,3.3,0.00,192.28,192.28,HMR2300,-26393.3,-793.3,42213.3,49791.6,,,,,,,,RR1713,,
J2-970,ASNAP,2017/07/28 02:51:15,44.37415159,-124.95614533,670.101564,1604.819281,0.59,-4.8,2.3,0.00,191.81,191.81,HMR2300,-25566.7,1073.3,42353.3,49483.4,,,,,,,,RR1713,,
J2-970,ASNAP,2017/07/28 02:51:20,44.37415097,-124.95614572,670.071132,1604.749390,0.71,-4.7,3.4,0.00,191.32,191.32,HMR2300,-25313.3,573.3,42533.3,49499.3,,,,,,,,RR1713,,
J2-970,ASNAP,2017/07/28 02:51:25,44.37415032,-124.95614615,670.036281,1604.677860,359.22,-5.7,2.8,0.00,191.22,191.22,HMR2300,-25420.0,-546.7,42573.3,49587.9,,,,,,,,RR1713,,
J2-970,ASNAP,2017/07/28 02:51:30,44.37414966,-124.95614665,669.997025,1604.604786,354.99,-5.5,1.9,0.00,191.22,191.22,HMR2300,-25793.3,-1686.7,42606.7,49834.4,,,,,,,,RR1713,,
J2-970,ASNAP,2017/07/28 02:51:35,44.37414899,-124.95614719,669.953288,1604.530101,345.04,-5.0,1.5,0.00,191.37,191.37,HMR2300,-23426.7,-4906.7,43913.3,50012.6,,,,,,,,RR1713,,
J2-970,ASNAP,2017/07/28 02:51:40,44.37414831,-124.95614780,669.905004,1604.453775,352.93,-4.5,3.3,0.00,191.76,191.76,HMR2300,-24406.7,-2053.3,43326.7,49770.5,,,,,,,,RR1713,,
J2-970,ASNAP,2017/07/28 02:51:45,44.37414760,-124.95614846,669.852155,1604.375884,356.70,-5.9,3.0,0.00,192.20,192.2,HMR2300,-25306.7,-1360.0,42493.3,49476.9,,,,,,,,RR1713,,
J2-970,ASNAP,2017/07/28 02:51:50,44.37414689,-124.95614918,669.794765,1604.296570,355.50,-5.9,2.9,0.00,192.24,192.24,HMR2300,-24793.3,-1773.3,43053.3,49713.6,,,,,,,,RR1713,,
J2-970,ASNAP,2017/07/28 02:51:55,44.37414617,-124.95614996,669.732929,1604.216069,354.59,-5.7,1.8,0.00,192.23,192.23,HMR2300,-26866.7,-40.0,41506.7,49443.1,,,,,,,,RR1713,,
J2-970,ASNAP,2017/07/28 02:52:00,44.37414543,-124.95615079,669.666726,1604.134589,0.53,-5.7,1.8,0.00,192.35,192.35,HMR2300,-26013.3,-1740.0,42306.7,49694.8,,,,,,,,RR1713,,
J2-970,ASNAP,2017/07/28 02:52:05,44.37414469,-124.95615167,669.596191,1604.052268,4.02,-5.3,3.7,0.00,192.33,192.33,HMR2300,-25946.7,1200.0,41746.7,49167.6,,,,,,,,RR1713,,
J2-970,ASNAP,2017/07/28 02:52:10,44.37414394,-124.95615261,669.521367,1603.969248,6.01,-4.9,4.5,0.00,192.35,192.35,HMR2300,-25620.0,453.3,42700.0,49798.4,,,,,,,,RR1713,,
J2-970,ASNAP,2017/07/28 02:52:15,44.37414319,-124.95615360,669.442321,1603.885689,351.24,-6.1,2.7,0.00,192.38,192.38,HMR2300,-25273.3,-1953.3,42680.0,49640.1,,,,,,,,RR1713,,
J2-970,ASNAP,2017/07/28 02:52:20,44.37414244,-124.95615465,669.359166,1603.801795,354.99,-5.1,2.2,0.00,192.09,192.09,HMR2300,-24886.7,-2026.7,43006.7,49729.5,,,,,,,,RR1713,,
J2-970,ASNAP,2017/07/28 02:52:25,44.37414168,-124.95615574,669.272083,1603.717835,358.30,-6.3,2.3,0.00,192.13,192.13,HMR2300,-25833.3,-1966.7,42620.0,49876.8,,,,,,,,RR1713,,
J2-970,ASNAP,2017/07/28 02:52:30,44.37414093,-124.95615688,669.181100,1603.633937,354.55,-6.1,3.2,0.00,191.57,191.57,HMR2300,-25786.7,-1893.3,42426.7,49684.6,,,,,,,,RR1713,,
J2-970,ASNAP,2017/07/28 02:52:35,44.37414017,-124.95615807,669.086017,1603.550021,357.71,-6.0,3.1,0.00,190.68,190.68,HMR2300,-25353.3,233.3,42526.7,49511.2,,,,,,,,RR1713,,
J2-970,ASNAP,2017/07/28 02:52:40,44.37413942,-124.95615932,668.986773,1603.466134,357.82,-6.5,1.0,0.00,189.90,189.9,HMR2300,-25973.3,-653.3,42266.7,49613.6,,,,,,,,RR1713,,
J2-970,ASNAP,2017/07/28 02:52:45,44.37413866,-124.95616061,668.883535,1603.382537,354.62,-4.5,2.2,0.00,189.30,189.3,HMR2300,-24820.0,-1753.3,43006.7,49685.8,,,,,,,,RR1713,,
J2-970,ASNAP,2017/07/28 02:52:50,44.37413792,-124.95616196,668.776384,1603.299422,354.69,-5.0,2.6,0.00,189.97,189.97,HMR2300,-25453.3,-2000.0,42580.0,49648.0,,,,,,,,RR1713,,
J2-970,ASNAP,2017/07/28 02:52:55,44.37413717,-124.95616335,668.665250,1603.216864,341.02,-5.4,2.7,0.00,190.41,190.41,HMR2300,-22926.7,-6300.0,43980.0,49995.6,,,,,,,,RR1713,,
J2-970,ASNAP,2017/07/28 02:53:00,44.37413644,-124.95616480,668.550137,1603.134989,345.65,-5.5,2.2,0.00,190.18,190.18,HMR2300,-24453.3,-4246.7,43280.0,49891.5,,,,,,,,RR1713,,
J2-970,ASNAP,2017/07/28 02:53:05,44.37413571,-124.95616629,668.431167,1603.054009,348.88,-6.0,2.5,0.00,189.33,189.33,HMR2300,-24806.7,-3993.3,43073.3,49866.1,,,,,,,,RR1713,,
J2-970,ASNAP,2017/07/28 02:53:10,44.37413499,-124.95616783,668.308465,1602.974131,348.15,-6.4,3.3,0.00,187.83,187.83,HMR2300,-24966.7,-4520.0,42960.0,49893.2,,,,,,,,RR1713,,
J2-970,ASNAP,2017/07/28 02:53:15,44.37413428,-124.95616941,668.182143,1602.895545,348.35,-6.4,3.0,0.00,186.39,186.39,HMR2300,-25053.3,-3806.7,43073.3,49974.7,,,,,,,,RR1713,,
J2-970,ASNAP,2017/07/28 02:53:20,44.37413359,-124.95617104,668.052304,1602.818426,342.65,-4.6,1.9,0.00,184.74,184.74,HMR2300,-22166.7,-5866.7,44466.7,50030.6,,,,,,,,RR1713,,
J2-970,ASNAP,2017/07/28 02:53:25,44.37413291,-124.95617271,667.919041,1602.742932,341.70,-4.6,2.2,0.00,184.53,184.53,HMR2300,-22313.3,-5213.3,44473.3,50029.4,,,,,,,,RR1713,,
J2-970,ASNAP,2017/07/28 02:53:30,44.37413225,-124.95617442,667.782462,1602.669225,345.83,-6.0,1.1,0.00,185.29,185.29,HMR2300,-24353.3,-3093.3,43346.7,49815.5,,,,,,,,RR1713,,
J2-970,ASNAP,2017/07/28 02:53:35,44.37413160,-124.95617618,667.642696,1602.597473,351.71,-5.4,1.2,0.00,185.75,185.75,HMR2300,-25286.7,-2206.7,42746.7,49714.8,,,,,,,,RR1713,,
J2-970,ASNAP,2017/07/28 02:53:40,44.37413097,-124.95617797,667.499752,1602.527780,355.73,-4.9,2.0,0.00,186.75,186.75,HMR2300,-24913.3,-240.0,42433.3,49206.9,,,,,,,,RR1713,,
J2-970,ASNAP,2017/07/28 02:53:45,44.37413036,-124.95617980,667.353508,1602.460185,350.93,-5.8,2.3,0.00,187.70,187.7,HMR2300,-24686.7,-4060.0,43326.7,50031.1,,,,,,,,RR1713,,
J2-970,ASNAP,2017/07/28 02:53:50,44.37412978,-124.95618168,667.204036,1602.394811,315.56,-5.4,2.5,0.00,187.83,187.83,HMR2300,-12853.3,-13693.3,47213.3,50811.6,,,,,,,,RR1713,,
J2-970,ASNAP,2017/07/28 02:53:55,44.37412921,-124.95618359,667.051628,1602.331874,300.41,-6.3,1.7,0.00,187.85,187.85,HMR2300,-11360.0,-12893.3,48013.3,50995.8,,,,,,,,RR1713,,
J2-970,ASNAP,2017/07/28 02:54:00,44.37412867,-124.95618554,666.896497,1602.271546,301.54,-5.8,1.5,0.00,188.20,188.2,HMR2300,-10986.7,-13640.0,48006.7,51101.8,,,,,,,,RR1713,,
J2-970,ASNAP,2017/07/28 02:54:05,44.37412815,-124.95618752,666.738757,1602.213943,300.18,-6.1,2.3,0.00,188.72,188.72,HMR2300,-12040.0,-13840.0,47766.7,51168.0,,,,,,,,RR1713,,
J2-970,ASNAP,2017/07/28 02:54:10,44.37412766,-124.95618953,666.578555,1602.159177,301.22,-6.0,2.2,0.00,188.91,188.91,HMR2300,-11940.0,-13226.7,47966.7,51169.4,,,,,,,,RR1713,,
J2-970,ASNAP,2017/07/28 02:54:15,44.37412719,-124.95619156,666.416077,1602.107358,300.80,-6.2,1.6,0.00,189.02,189.02,HMR2300,-11673.3,-13380.0,47813.3,51004.0,,,,,,,,RR1713,,
J2-970,ASNAP,2017/07/28 02:54:20,44.37412675,-124.95619363,666.251617,1602.058618,299.74,-6.7,2.2,0.00,189.02,189.02,HMR2300,-12106.7,-12780.0,47780.0,50919.8,,,,,,,,RR1713,,
J2-970,ASNAP,2017/07/28 02:54:25,44.37412634,-124.95619571,666.085550,1602.013096,308.39,-4.6,2.8,0.00,189.45,189.45,HMR2300,-15453.3,-12726.7,46680.0,50791.7,,,,,,,,RR1713,,
J2-970,ASNAP,2017/07/28 02:54:30,44.37412596,-124.95619781,665.917864,1601.970833,316.54,-5.4,2.2,0.00,190.37,190.37,HMR2300,-16420.0,-11593.3,46553.3,50707.3,,,,,,,,RR1713,,
J2-970,ASNAP,2017/07/28 02:54:35,44.37412561,-124.95619994,665.748196,1601.931775,307.41,-5.9,3.5,0.00,190.70,190.7,HMR2300,-14040.0,-13180.0,47120.0,50903.1,,,,,,,,RR1713,,
J2-970,ASNAP,2017/07/28 02:54:40,44.37412529,-124.95620210,665.576380,1601.895927,308.79,-6.0,2.6,0.00,190.06,190.06,HMR2300,-14426.7,-12973.3,47046.7,50890.3,,,,,,,,RR1713,,
J2-970,ASNAP,2017/07/28 02:54:45,44.37412499,-124.95620428,665.402466,1601.863352,308.50,-4.5,2.1,0.00,189.64,189.64,HMR2300,-13180.0,-13053.3,47400.0,50900.5,,,,,,,,RR1713,,
J2-970,ASNAP,2017/07/28 02:54:50,44.37412473,-124.95620648,665.226795,1601.834156,309.36,-4.8,0.7,0.00,191.18,191.18,HMR2300,-13273.3,-11300.0,47766.7,50848.1,,,,,,,,RR1713,,
J2-970,ASNAP,2017/07/28 02:54:55,44.37412450,-124.95620870,665.049955,1601.808475,309.30,-4.6,0.9,0.00,192.47,192.47,HMR2300,-14260.0,-12286.7,47200.0,50814.9,,,,,,,,RR1713,,
J2-970,ASNAP,2017/07/28 02:55:00,44.37412430,-124.95621093,664.872253,1601.786384,316.38,-4.7,2.7,0.00,193.86,193.86,HMR2300,-16380.0,-11766.7,46660.0,50832.2,,,,,,,,RR1713,,
J2-970,ASNAP,2017/07/28 02:55:05,44.37412413,-124.95621317,664.693759,1601.767902,318.44,-4.9,3.4,0.00,194.63,194.63,HMR2300,-15660.0,-11913.3,46753.3,50725.1,,,,,,,,RR1713,,
J2-970,ASNAP,2017/07/28 02:55:10,44.37412400,-124.95621541,664.514650,1601.753046,314.88,-5.1,2.3,0.00,195.15,195.15,HMR2300,-15933.3,-11866.7,46733.3,50780.8,,,,,,,,RR1713,,
J2-970,ASNAP,2017/07/28 02:55:15,44.37412390,-124.95621767,664.335203,1601.741828,313.63,-6.8,1.6,0.00,195.28,195.28,HMR2300,-16526.7,-11400.0,46566.7,50710.4,,,,,,,,RR1713,,
J2-970,ASNAP,2017/07/28 02:55:20,44.37412383,-124.95621992,664.155804,1601.734253,317.95,-6.3,1.6,0.00,195.24,195.24,HMR2300,-17300.0,-11240.0,46286.7,50676.3,,,,,,,,RR1713,,
J2-970,ASNAP,2017/07/28 02:55:25,44.37412380,-124.95622216,663.976892,1601.730314,322.85,-5.0,2.8,0.00,194.84,194.84,HMR2300,-18180.0,-10953.3,45886.7,50557.6,,,,,,,,RR1713,,
J2-970,ASNAP,2017/07/28 02:55:30,44.37412379,-124.95622440,663.798408,1601.730004,326.85,-5.6,3.5,0.00,194.13,194.13,HMR2300,-19673.3,-9226.7,44860.0,49845.7,,,,,,,,RR1713,,
J2-970,ASNAP,2017/07/28 02:55:35,44.37412382,-124.95622664,663.619942,1601.733306,328.90,-5.9,3.9,0.00,193.72,193.72,HMR2300,-21020.0,-9620.0,44573.3,50211.2,,,,,,,,RR1713,,
J2-970,ASNAP,2017/07/28 02:55:40,44.37412389,-124.95622888,663.441355,1601.740220,327.82,-6.2,2.6,0.00,193.27,193.27,HMR2300,-19920.0,-9646.7,45473.3,50573.6,,,,,,,,RR1713,,
J2-970,ASNAP,2017/07/28 02:55:45,44.37412398,-124.95623112,663.262735,1601.750749,324.25,-5.6,2.5,0.00,192.77,192.77,HMR2300,-18920.0,-10220.0,45673.3,50482.4,,,,,,,,RR1713,,
J2-970,ASNAP,2017/07/28 02:55:50,44.37412411,-124.95623335,663.084489,1601.764861,324.20,-5.4,2.4,0.00,192.73,192.73,HMR2300,-18926.7,-10253.3,45740.0,50551.9,,,,,,,,RR1713,,
J2-970,ASNAP,2017/07/28 02:55:55,44.37412427,-124.95623558,662.907228,1601.782505,324.52,-5.4,2.9,0.00,192.93,192.93,HMR2300,-18973.3,-9833.3,45813.3,50552.4,,,,,,,,RR1713,,
J2-970,ASNAP,2017/07/28 02:56:00,44.37412446,-124.95623778,662.731290,1601.803626,323.94,-5.4,2.1,0.00,193.41,193.41,HMR2300,-18253.3,-9926.7,46073.3,50541.8,,,,,,,,RR1713,,
J2-970,ASNAP,2017/07/28 02:56:05,44.37412468,-124.95623997,662.556824,1601.828170,325.48,-5.7,2.0,0.00,194.07,194.07,HMR2300,-19260.0,-10213.3,45586.7,50531.2,,,,,,,,RR1713,,
J2-970,ASNAP,2017/07/28 02:56:10,44.37412493,-124.95624214,662.384030,1601.856059,328.63,-5.3,2.7,0.00,194.20,194.2,HMR2300,-20060.0,-9340.0,45280.0,50397.6,,,,,,,,RR1713,,
J2-970,ASNAP,2017/07/28 02:56:15,44.37412521,-124.95624428,662.213148,1601.887198,326.13,-5.7,2.5,0.00,193.68,193.68,HMR2300,-19493.3,-9993.3,45406.7,50414.5,,,,,,,,RR1713,,
J2-970,ASNAP,2017/07/28 02:56:20,44.37412552,-124.95624640,662.044465,1601.921471,332.52,-6.1,2.7,0.00,193.16,193.16,HMR2300,-21786.7,-8906.7,44686.7,50506.3,,,,,,,,RR1713,,
J2-970,ASNAP,2017/07/28 02:56:25,44.37412585,-124.95624848,661.878263,1601.958757,328.73,-6.2,2.7,0.00,192.81,192.81,HMR2300,-20493.3,-8440.0,45180.0,50323.4,,,,,,,,RR1713,,
J2-970,ASNAP,2017/07/28 02:56:30,44.37412621,-124.95625054,661.714430,1601.999032,337.99,-5.7,3.0,0.00,192.84,192.84,HMR2300,-21953.3,-6273.3,44560.0,50068.9,,,,,,,,RR1713,,
J2-970,ASNAP,2017/07/28 02:56:35,44.37412660,-124.95625257,661.552649,1602.042321,341.97,-6.0,2.7,0.00,193.05,193.05,HMR2300,-21900.0,-6513.3,44726.7,50224.6,,,,,,,,RR1713,,
J2-970,ASNAP,2017/07/28 02:56:40,44.37412702,-124.95625457,661.392913,1602.088575,342.83,-6.8,2.7,0.00,193.37,193.37,HMR2300,-24213.3,-5586.7,43433.3,50039.5,,,,,,,,RR1713,,
J2-970,ASNAP,2017/07/28 02:56:45,44.37412746,-124.95625655,661.235420,1602.137701,342.43,-6.2,2.8,0.00,193.55,193.55,HMR2300,-23666.7,-5073.3,43726.7,49978.7,,,,,,,,RR1713,,
J2-970,ASNAP,2017/07/28 02:56:50,44.37412793,-124.95625849,661.080489,1602.189549,339.21,-6.1,4.0,0.00,193.16,193.16,HMR2300,-23346.7,-6206.7,43806.7,50026.1,,,,,,,,RR1713,,
J2-970,ASNAP,2017/07/28 02:56:55,44.37412842,-124.95626040,660.928489,1602.243946,347.74,-5.4,3.2,0.00,193.20,193.2,HMR2300,-24146.7,-3573.3,43400.0,49793.5,,,,,,,,RR1713,,
J2-970,ASNAP,2017/07/28 02:57:00,44.37412893,-124.95626226,660.779619,1602.300757,353.90,-6.4,2.6,0.00,193.36,193.36,HMR2300,-25846.7,-1833.3,42353.3,49650.9,,,,,,,,RR1713,,
J2-970,ASNAP,2017/07/28 02:57:05,44.37412946,-124.95626409,660.633990,1602.359866,351.95,-5.0,2.1,0.00,193.48,193.48,HMR2300,-24953.3,-306.7,42813.3,49555.5,,,,,,,,RR1713,,
J2-970,ASNAP,2017/07/28 02:57:10,44.37413001,-124.95626588,660.491741,1602.421130,358.63,-5.1,2.3,0.00,193.13,193.13,HMR2300,-25546.7,-2000.0,42566.7,49684.5,,,,,,,,RR1713,,
J2-970,ASNAP,2017/07/28 02:57:15,44.37413058,-124.95626762,660.353037,1602.484388,351.95,-5.0,3.6,0.00,192.66,192.66,HMR2300,-24560.0,-1913.3,43213.3,49741.8,,,,,,,,RR1713,,
J2-970,ASNAP,2017/07/28 02:57:20,44.37413117,-124.95626931,660.218102,1602.549438,357.11,-6.0,2.5,0.00,192.53,192.53,HMR2300,-26153.3,-546.7,42013.3,49491.6,,,,,,,,RR1713,,
J2-970,ASNAP,2017/07/28 02:57:25,44.37413177,-124.95627095,660.087145,1602.616083,0.97,-6.0,2.4,0.00,192.53,192.53,HMR2300,-25973.3,-980.0,42446.7,49772.4,,,,,,,,RR1713,,
J2-970,ASNAP,2017/07/28 02:57:30,44.37413238,-124.95627255,659.959966,1602.684344,4.17,-6.1,3.1,0.00,192.29,192.29,HMR2300,-26186.7,1686.7,41806.7,49359.7,,,,,,,,RR1713,,
J2-970,ASNAP,2017/07/28 02:57:35,44.37413301,-124.95627410,659.836213,1602.754323,7.80,-6.5,2.2,0.00,191.95,191.95,HMR2300,-26660.0,3786.7,41173.3,49196.9,,,,,,,,RR1713,,
J2-970,ASNAP,2017/07/28 02:57:40,44.37413366,-124.95627561,659.715888,1602.825942,12.31,-6.4,4.0,0.00,191.53,191.53,HMR2300,-26820.0,3020.0,41140.0,49203.0,,,,,,,,RR1713,,
J2-970,ASNAP,2017/07/28 02:57:45,44.37413431,-124.95627707,659.599167,1602.899027,3.23,-5.5,2.2,0.00,191.68,191.68,HMR2300,-26706.7,2166.7,41460.0,49364.7,,,,,,,,RR1713,,
J2-970,ASNAP,2017/07/28 02:57:50,44.37413498,-124.95627849,659.486261,1602.973371,3.92,-5.1,2.7,0.00,192.03,192.03,HMR2300,-25626.7,1866.7,42086.7,49310.2,,,,,,,,RR1713,,
J2-970,ASNAP,2017/07/28 02:57:55,44.37413566,-124.95627985,659.377376,1603.048760,5.23,-6.5,1.3,0.00,192.10,192.1,HMR2300,-26800.0,3500.0,41160.0,49240.6,,,,,,,,RR1713,,
J2-970,ASNAP,2017/07/28 02:58:00,44.37413635,-124.95628117,659.272586,1603.125052,5.64,-5.2,1.5,0.00,191.65,191.65,HMR2300,-26306.7,1773.3,41753.3,49381.4,,,,,,,,RR1713,,
J2-970,ASNAP,2017/07/28 02:58:05,44.37413704,-124.95628243,659.171910,1603.202136,0.88,-5.3,3.5,0.00,191.82,191.82,HMR2300,-25640.0,-973.3,42426.7,49582.0,,,,,,,,RR1713,,
J2-970,ASNAP,2017/07/28 02:58:10,44.37413774,-124.95628364,659.075385,1603.279873,0.37,-5.4,2.5,0.00,192.16,192.16,HMR2300,-25393.3,620.0,42466.7,49483.6,,,,,,,,RR1713,,
J2-970,ASNAP,2017/07/28 02:58:15,44.37413845,-124.95628480,658.983062,1603.358109,2.77,-6.4,2.6,0.00,191.83,191.83,HMR2300,-26200.0,333.3,41813.3,49344.8,,,,,,,,RR1713,,
J2-970,ASNAP,2017/07/28 02:58:20,44.37413915,-124.95628590,658.895031,1603.436647,3.79,-6.3,2.4,0.00,191.16,191.16,HMR2300,-25920.0,386.7,42066.7,49412.6,,,,,,,,RR1713,,
J2-970,ASNAP,2017/07/28 02:58:25,44.37413986,-124.95628695,658.811367,1603.515304,2.80,-6.3,3.7,0.00,191.35,191.35,HMR2300,-26060.0,380.0,42080.0,49497.4,,,,,,,,RR1713,,
J2-970,ASNAP,2017/07/28 02:58:30,44.37414057,-124.95628795,658.731929,1603.594108,5.07,-5.9,3.5,0.00,191.85,191.85,HMR2300,-26240.0,3040.0,41506.7,49199.4,,,,,,,,RR1713,,
J2-970,ASNAP,2017/07/28 02:58:35,44.37414128,-124.95628890,658.656520,1603.673147,359.73,-5.6,3.1,0.00,191.77,191.77,HMR2300,-25833.3,-886.7,42246.7,49527.0,,,,,,,,RR1713,,
J2-970,ASNAP,2017/07/28 02:58:40,44.37414199,-124.95628979,658.585061,1603.752420,5.97,-5.6,3.4,0.00,191.49,191.49,HMR2300,-26426.7,2553.3,41540.0,49299.7,,,,,,,,RR1713,,
J2-970,ASNAP,2017/07/28 02:58:45,44.37414271,-124.95629064,658.517533,1603.831865,11.49,-5.9,3.0,0.00,191.65,191.65,HMR2300,-26973.3,4553.3,40833.3,49149.3,,,,,,,,RR1713,,
J2-970,ASNAP,2017/07/28 02:58:50,44.37414342,-124.95629144,658.454030,1603.911287,2.23,-5.4,2.0,0.00,191.76,191.76,HMR2300,-26253.3,1153.3,41813.3,49385.4,,,,,,,,RR1713,,
J2-970,ASNAP,2017/07/28 02:58:55,44.37414414,-124.95629218,658.394673,1603.990453,5.60,-5.2,2.6,0.00,191.69,191.69,HMR2300,-26013.3,1986.7,41840.0,49307.5,,,,,,,,RR1713,,
J2-970,ASNAP,2017/07/28 02:59:00,44.37414484,-124.95629287,658.339501,1604.069194,357.68,-5.0,1.7,0.00,191.67,191.67,HMR2300,-25920.0,1006.7,42040.0,49398.6,,,,,,,,RR1713,,
J2-970,ASNAP,2017/07/28 02:59:05,44.37414555,-124.95629351,658.288522,1604.147360,12.07,-5.1,1.8,0.00,192.01,192.01,HMR2300,-26413.3,5340.0,40886.7,48968.3,,,,,,,,RR1713,,
J2-970,ASNAP,2017/07/28 02:59:10,44.37414624,-124.95629410,658.241705,1604.224783,19.01,-5.3,1.1,0.00,192.10,192.1,HMR2300,-26146.7,7613.3,40653.3,48931.6,,,,,,,,RR1713,,
J2-970,ASNAP,2017/07/28 02:59:15,44.37414693,-124.95629463,658.199046,1604.301205,15.89,-5.4,0.8,0.00,191.93,191.93,HMR2300,-26133.3,6473.3,40893.3,48960.4,,,,,,,,RR1713,,
J2-970,ASNAP,2017/07/28 02:59:20,44.37414760,-124.95629511,658.160739,1604.375929,21.42,-6.5,3.7,0.00,192.06,192.06,HMR2300,-26853.3,5040.0,40746.7,49059.1,,,,,,,,RR1713,,
J2-970,ASNAP,2017/07/28 02:59:25,44.37414826,-124.95629554,658.126894,1604.448468,15.04,-6.8,2.6,0.00,192.28,192.28,HMR2300,-27213.3,5480.0,40433.3,49045.4,,,,,,,,RR1713,,
J2-970,ASNAP,2017/07/28 02:59:30,44.37414890,-124.95629592,658.096908,1604.520043,12.73,-5.7,2.5,0.00,192.06,192.06,HMR2300,-27346.7,3946.7,40520.0,49043.7,,,,,,,,RR1713,,
J2-970,ASNAP,2017/07/28 02:59:35,44.37414955,-124.95629625,658.070053,1604.592205,1.23,-5.2,2.5,0.00,192.00,192,HMR2300,-25640.0,-980.0,42520.0,49662.1,,,,,,,,RR1713,,
J2-970,ASNAP,2017/07/28 02:59:40,44.37415021,-124.95629655,658.046298,1604.664995,2.42,-5.3,2.7,0.00,191.74,191.74,HMR2300,-25706.7,733.3,42293.3,49498.4,,,,,,,,RR1713,,
J2-970,ASNAP,2017/07/28 02:59:45,44.37415086,-124.95629681,658.025920,1604.737778,2.84,-5.3,1.9,0.00,191.48,191.48,HMR2300,-25853.3,2166.7,41953.3,49327.2,,,,,,,,RR1713,,
J2-970,ASNAP,2017/07/28 02:59:50,44.37415151,-124.95629702,658.009088,1604.810050,0.63,-5.7,2.6,0.00,191.73,191.73,HMR2300,-25333.3,-1020.0,42380.0,49385.0,,,,,,,,RR1713,,
J2-970,ASNAP,2017/07/28 02:59:55,44.37415215,-124.95629718,657.995906,1604.881412,352.48,-6.0,1.8,0.00,191.44,191.44,HMR2300,-25053.3,-1153.3,42833.3,49635.6,,,,,,,,RR1713,,
J2-970,ASNAP,2017/07/28 03:00:00,44.37415279,-124.95629730,657.986353,1604.951742,356.32,-5.2,2.0,0.00,191.28,191.28,HMR2300,-25353.3,-873.3,42560.0,49547.0,,,,,,,,RR1713,,
J2-970,ASNAP,2017/07/28 03:00:05,44.37415341,-124.95629738,657.980358,1605.021040,359.38,-4.0,2.6,0.00,192.06,192.06,HMR2300,-24966.7,-1100.0,42753.3,49521.6,,,,,,,,RR1713,,
J2-970,ASNAP,2017/07/28 03:00:10,44.37415402,-124.95629741,657.977832,1605.089303,3.57,-5.3,2.4,0.00,192.21,192.21,HMR2300,-26146.7,1973.3,41673.3,49236.3,,,,,,,,RR1713,,
J2-970,ASNAP,2017/07/28 03:00:15,44.37415463,-124.95629740,657.978682,1605.156523,8.42,-5.4,2.0,0.00,191.87,191.87,HMR2300,-26113.3,2720.0,41666.7,49248.5,,,,,,,,RR1713,,
J2-970,ASNAP,2017/07/28 03:00:20,44.37415522,-124.95629735,657.982814,1605.222640,4.14,-5.5,2.7,0.00,191.60,191.6,HMR2300,-26253.3,1613.3,41793.3,49381.4,,,,,,,,RR1713,,
J2-970,ASNAP,2017/07/28 03:00:25,44.37415581,-124.95629725,657.990135,1605.287613,4.22,-1.6,1.8,0.00,192.13,192.13,HMR2300,-22240.0,2120.0,44166.7,49495.5,,,,,,,,RR1713,,
J2-970,ASNAP,2017/07/28 03:00:30,44.37415639,-124.95629712,658.000590,1605.351603,6.27,-7.5,0.9,0.00,192.11,192.11,HMR2300,-27246.7,3000.0,40880.0,49219.5,,,,,,,,RR1713,,
J2-970,EVT,2017/07/28 03:00:34,44.37415684,-124.95629699,658.011178,1605.402228,348.42,-6.1,2.2,0.00,191.81,191.81,HMR2300,-25060.0,-3400.0,42880.0,49782.1,,,,,,,,RR1713,DLG,TXT: Lowering onto bale agin USR:eventlogger
J2-970,ASNAP,2017/07/28 03:00:35,44.37415695,-124.95629695,658.014130,1605.414810,346.27,-6.9,1.4,0.00,191.70,191.7,HMR2300,-24613.3,-3646.7,43126.7,49789.8,,,,,,,,RR1713,,
J2-970,ASNAP,2017/07/28 03:00:40,44.37415752,-124.95629675,658.030689,1605.477273,356.11,-5.3,2.9,0.00,191.61,191.61,HMR2300,-25780.0,-440.0,42353.3,49584.3,,,,,,,,RR1713,,
J2-970,ASNAP,2017/07/28 03:00:45,44.37415807,-124.95629650,658.050190,1605.538962,0.09,-5.5,2.3,0.00,192.08,192.08,HMR2300,-25706.7,586.7,42180.0,49399.7,,,,,,,,RR1713,,
J2-970,ASNAP,2017/07/28 03:00:50,44.37415862,-124.95629622,658.072543,1605.599839,2.93,-6.3,3.4,0.00,191.91,191.91,HMR2300,-25833.3,1240.0,42113.3,49421.0,,,,,,,,RR1713,,
J2-970,ASNAP,2017/07/28 03:00:55,44.37415916,-124.95629591,658.097652,1605.659867,9.43,-6.2,3.1,0.00,191.72,191.72,HMR2300,-26660.0,2726.7,41386.7,49305.6,,,,,,,,RR1713,,
J2-970,ASNAP,2017/07/28 03:01:00,44.37415969,-124.95629556,658.125428,1605.719061,11.18,-1.7,3.5,0.00,192.26,192.26,HMR2300,-24720.0,3113.3,42540.0,49299.3,,,,,,,,RR1713,,
J2-970,ASNAP,2017/07/28 03:01:05,44.37416022,-124.95629518,658.155778,1605.777451,346.44,-6.0,2.1,0.00,191.74,191.74,HMR2300,-23580.0,-3760.0,43800.0,49885.8,,,,,,,,RR1713,,
J2-970,ASNAP,2017/07/28 03:01:10,44.37416074,-124.95629477,658.188599,1605.835057,347.07,-5.1,2.9,0.00,191.18,191.18,HMR2300,-23533.3,-3140.0,43806.7,49826.7,,,,,,,,RR1713,,
J2-970,ASNAP,2017/07/28 03:01:15,44.37416125,-124.95629432,658.223777,1605.891891,350.62,-5.7,1.2,0.00,191.27,191.27,HMR2300,-25626.7,-2106.7,42466.7,49644.6,,,,,,,,RR1713,,
J2-970,ASNAP,2017/07/28 03:01:20,44.37416175,-124.95629386,658.261169,1605.947931,351.70,-4.8,2.4,0.00,191.20,191.2,HMR2300,-24786.7,-3400.0,43093.3,49829.5,,,,,,,,RR1713,,
J2-970,ASNAP,2017/07/28 03:01:25,44.37416225,-124.95629336,658.300655,1606.003183,348.79,-4.6,4.7,0.00,191.54,191.54,HMR2300,-24573.3,-2133.3,43000.0,49572.2,,,,,,,,RR1713,,
J2-970,ASNAP,2017/07/28 03:01:30,44.37416274,-124.95629284,658.342237,1606.057816,356.47,-6.2,2.1,0.00,191.70,191.7,HMR2300,-26046.7,-200.0,42286.7,49665.2,,,,,,,,RR1713,,
J2-970,ASNAP,2017/07/28 03:01:35,44.37416323,-124.95629229,658.385940,1606.112022,358.70,-6.0,1.7,0.00,191.59,191.59,HMR2300,-25853.3,-40.0,42253.3,49535.2,,,,,,,,RR1713,,
J2-970,ASNAP,2017/07/28 03:01:40,44.37416371,-124.95629172,658.431711,1606.165879,358.99,-2.1,2.8,0.00,192.08,192.08,HMR2300,-23200.0,-573.3,43853.3,49615.4,,,,,,,,RR1713,,
J2-970,ASNAP,2017/07/28 03:01:45,44.37416420,-124.95629112,658.479466,1606.219418,357.99,-6.5,0.7,0.00,192.10,192.1,HMR2300,-26406.7,306.7,41860.0,49494.1,,,,,,,,RR1713,,
J2-970,ASNAP,2017/07/28 03:01:50,44.37416467,-124.95629049,658.529055,1606.272603,359.60,-6.7,1.6,0.00,191.97,191.97,HMR2300,-26586.7,806.7,41680.0,49444.2,,,,,,,,RR1713,,
J2-970,ASNAP,2017/07/28 03:01:55,44.37416515,-124.95628985,658.580323,1606.325395,4.65,-5.5,3.0,0.00,191.92,191.92,HMR2300,-26560.0,780.0,41573.3,49339.5,,,,,,,,RR1713,,
J2-970,ASNAP,2017/07/28 03:02:00,44.37416562,-124.95628919,658.633168,1606.377822,3.24,-5.1,2.5,0.00,192.06,192.06,HMR2300,-26066.7,1386.7,41973.3,49428.3,,,,,,,,RR1713,,
J2-970,ASNAP,2017/07/28 03:02:05,44.37416609,-124.95628851,658.687499,1606.429921,353.56,-5.7,0.8,0.00,192.09,192.09,HMR2300,-25020.0,-1473.3,42813.3,49610.0,,,,,,,,RR1713,,
J2-970,ASNAP,2017/07/28 03:02:10,44.37416656,-124.95628781,658.743205,1606.481719,346.96,-4.6,1.7,0.00,191.86,191.86,HMR2300,-24060.0,-3446.7,43526.7,49853.1,,,,,,,,RR1713,,
J2-970,ASNAP,2017/07/28 03:02:15,44.37416702,-124.95628709,658.800164,1606.533228,353.23,-4.3,2.3,0.00,192.02,192.02,HMR2300,-24966.7,-993.3,42853.3,49605.7,,,,,,,,RR1713,,
J2-970,ASNAP,2017/07/28 03:02:20,44.37416748,-124.95628637,658.858213,1606.584421,1.93,-6.2,1.9,0.00,192.14,192.14,HMR2300,-26166.7,1546.7,41753.3,49299.4,,,,,,,,RR1713,,
J2-970,ASNAP,2017/07/28 03:02:25,44.37416794,-124.95628563,658.917224,1606.635303,3.74,-5.1,2.0,0.00,191.63,191.63,HMR2300,-25713.3,1953.3,42133.3,49398.5,,,,,,,,RR1713,,
J2-970,ASNAP,2017/07/28 03:02:30,44.37416839,-124.95628487,658.977234,1606.686014,3.78,-5.4,3.2,0.00,191.51,191.51,HMR2300,-26020.0,2233.3,41746.7,49242.4,,,,,,,,RR1713,,
J2-970,ASNAP,2017/07/28 03:02:35,44.37416885,-124.95628411,659.038290,1606.736698,4.15,-5.6,2.4,0.00,191.72,191.72,HMR2300,-26100.0,1673.3,41973.3,49454.7,,,,,,,,RR1713,,
J2-970,ASNAP,2017/07/28 03:02:40,44.37416931,-124.95628333,659.100353,1606.787419,354.67,-5.6,2.2,0.00,191.72,191.72,HMR2300,-25520.0,-306.7,42620.0,49677.2,,,,,,,,RR1713,,
J2-970,ASNAP,2017/07/28 03:02:45,44.37416976,-124.95628254,659.163337,1606.838199,346.02,-5.1,2.2,0.00,191.74,191.74,HMR2300,-22966.7,-5540.0,44126.7,50053.2,,,,,,,,RR1713,,
J2-970,ASNAP,2017/07/28 03:02:50,44.37417022,-124.95628174,659.227055,1606.888978,347.08,-5.8,2.7,0.00,191.84,191.84,HMR2300,-24513.3,-3820.0,43186.7,49805.5,,,,,,,,RR1713,,
J2-970,ASNAP,2017/07/28 03:02:55,44.37417068,-124.95628093,659.291323,1606.939695,350.34,-5.6,3.9,0.00,192.06,192.06,HMR2300,-24500.0,-3046.7,43260.0,49809.2,,,,,,,,RR1713,,
J2-970,ASNAP,2017/07/28 03:03:00,44.37417113,-124.95628012,659.356029,1606.990348,354.21,-6.0,1.9,0.00,192.26,192.26,HMR2300,-25660.0,-2260.0,42526.7,49719.8,,,,,,,,RR1713,,
J2-970,ASNAP,2017/07/28 03:03:05,44.37417159,-124.95627931,659.421072,1607.040940,354.20,-5.5,1.3,0.00,191.89,191.89,HMR2300,-25140.0,-2353.3,42860.0,49744.7,,,,,,,,RR1713,,
J2-970,ASNAP,2017/07/28 03:03:10,44.37417204,-124.95627849,659.486338,1607.091461,354.01,-5.1,3.2,0.00,191.76,191.76,HMR2300,-25086.7,-3346.7,42986.7,49883.8,,,,,,,,RR1713,,
J2-970,ASNAP,2017/07/28 03:03:15,44.37417250,-124.95627767,659.551693,1607.141881,350.56,-6.4,3.1,0.00,192.16,192.16,HMR2300,-25680.0,-3553.3,42440.0,49731.7,,,,,,,,RR1713,,
J2-970,ASNAP,2017/07/28 03:03:20,44.37417295,-124.95627685,659.616947,1607.192127,357.15,-5.6,2.7,0.00,192.09,192.09,HMR2300,-26633.3,-753.3,41833.3,49597.7,,,,,,,,RR1713,,
J2-970,ASNAP,2017/07/28 03:03:25,44.37417340,-124.95627603,659.681976,1607.242168,3.56,-5.0,1.2,0.00,192.13,192.13,HMR2300,-25400.0,3240.0,42046.7,49229.9,,,,,,,,RR1713,,
J2-970,ASNAP,2017/07/28 03:03:30,44.37417385,-124.95627522,659.746860,1607.292133,2.18,-5.8,0.7,0.00,191.98,191.98,HMR2300,-25653.3,2086.7,42160.0,49395.5,,,,,,,,RR1713,,
J2-970,ASNAP,2017/07/28 03:03:35,44.37417430,-124.95627441,659.811667,1607.342130,8.53,-6.8,2.9,0.00,192.03,192.03,HMR2300,-26846.7,3300.0,41246.7,49324.6,,,,,,,,RR1713,,
J2-970,ASNAP,2017/07/28 03:03:40,44.37417475,-124.95627360,659.876320,1607.392160,13.71,-4.2,-0.1,0.00,192.13,192.13,HMR2300,-25386.7,6440.0,41413.3,49000.2,,,,,,,,RR1713,,
J2-970,ASNAP,2017/07/28 03:03:45,44.37417520,-124.95627279,659.940691,1607.442176,14.24,-5.8,1.9,0.00,192.05,192.05,HMR2300,-26206.7,4726.7,41340.0,49174.4,,,,,,,,RR1713,,
J2-970,ASNAP,2017/07/28 03:03:50,44.37417565,-124.95627199,660.004567,1607.492066,15.10,-4.0,4.0,0.00,192.15,192.15,HMR2300,-25806.7,4400.0,41633.3,49180.1,,,,,,,,RR1713,,
J2-970,ASNAP,2017/07/28 03:03:55,44.37417610,-124.95627119,660.067757,1607.541728,0.46,-4.0,3.0,0.00,192.19,192.19,HMR2300,-24866.7,-2793.3,43093.3,49831.6,,,,,,,,RR1713,,
J2-970,ASNAP,2017/07/28 03:04:00,44.37417654,-124.95627041,660.130155,1607.591123,346.85,-6.1,2.6,0.00,192.10,192.1,HMR2300,-25446.7,-3366.7,42673.3,49798.4,,,,,,,,RR1713,,
J2-970,ASNAP,2017/07/28 03:04:05,44.37417698,-124.95626964,660.191659,1607.640211,348.98,-5.7,0.9,0.00,192.13,192.13,HMR2300,-24713.3,-2320.0,43053.3,49696.3,,,,,,,,RR1713,,
J2-970,ASNAP,2017/07/28 03:04:10,44.37417742,-124.95626888,660.252146,1607.688932,352.64,-5.7,1.1,0.00,192.15,192.15,HMR2300,-25500.0,-2120.0,42606.7,49699.8,,,,,,,,RR1713,,
J2-970,ASNAP,2017/07/28 03:04:15,44.37417785,-124.95626814,660.311476,1607.737206,352.77,-5.6,2.4,0.00,192.26,192.26,HMR2300,-25460.0,-1753.3,42500.0,49573.5,,,,,,,,RR1713,,
J2-970,ASNAP,2017/07/28 03:04:20,44.37417828,-124.95626741,660.369473,1607.784918,355.03,-5.7,2.5,0.00,192.17,192.17,HMR2300,-25386.7,-560.0,42573.3,49571.0,,,,,,,,RR1713,,
J2-970,ASNAP,2017/07/28 03:04:25,44.37417871,-124.95626670,660.426034,1607.832014,357.17,-5.9,1.8,0.00,192.18,192.18,HMR2300,-25586.7,1546.7,42160.0,49341.0,,,,,,,,RR1713,,
J2-970,ASNAP,2017/07/28 03:04:30,44.37417913,-124.95626601,660.481218,1607.878571,354.95,-6.2,1.4,0.00,192.19,192.19,HMR2300,-25780.0,-680.0,42320.0,49558.6,,,,,,,,RR1713,,
J2-970,ASNAP,2017/07/28 03:04:35,44.37417954,-124.95626533,660.535055,1607.924638,354.83,-5.9,1.8,0.00,192.15,192.15,HMR2300,-25346.7,-1886.7,42626.7,49629.1,,,,,,,,RR1713,,
J2-970,ASNAP,2017/07/28 03:04:40,44.37417995,-124.95626468,660.587456,1607.970168,358.62,-6.3,3.2,0.00,192.08,192.08,HMR2300,-26986.7,-573.3,41633.3,49618.0,,,,,,,,RR1713,,
J2-970,ASNAP,2017/07/28 03:04:45,44.37418036,-124.95626404,660.638291,1608.015072,10.49,-5.7,2.2,0.00,192.07,192.07,HMR2300,-27053.3,3886.7,40826.7,49130.5,,,,,,,,RR1713,,
J2-970,ASNAP,2017/07/28 03:04:50,44.37418075,-124.95626342,660.687368,1608.059203,356.37,-5.1,2.2,0.00,191.93,191.93,HMR2300,-25520.0,-893.3,42540.0,49615.7,,,,,,,,RR1713,,
J2-970,ASNAP,2017/07/28 03:04:55,44.37418114,-124.95626283,660.734522,1608.102433,359.65,-5.7,4.0,0.00,192.07,192.07,HMR2300,-26546.7,-593.3,41826.7,49543.4,,,,,,,,RR1713,,
J2-970,ASNAP,2017/07/28 03:05:00,44.37418152,-124.95626226,660.779650,1608.144685,0.44,-5.6,1.6,0.00,192.25,192.25,HMR2300,-25626.7,2040.0,42040.0,49277.3,,,,,,,,RR1713,,
J2-970,ASNAP,2017/07/28 03:05:05,44.37418189,-124.95626172,660.822659,1608.185887,2.06,-6.2,2.9,0.00,191.91,191.91,HMR2300,-25926.7,1326.7,42073.3,49438.0,,,,,,,,RR1713,,
J2-970,ASNAP,2017/07/28 03:05:10,44.37418225,-124.95626121,660.863463,1608.225965,350.91,-5.6,1.4,0.00,191.73,191.73,HMR2300,-25500.0,-160.0,42366.7,49449.1,,,,,,,,RR1713,,
J2-970,ASNAP,2017/07/28 03:05:15,44.37418260,-124.95626073,660.901959,1608.264826,358.10,-5.9,2.3,0.00,191.82,191.82,HMR2300,-26053.3,-726.7,42213.3,49611.2,,,,,,,,RR1713,,
J2-970,ASNAP,2017/07/28 03:05:20,44.37418294,-124.95626028,660.938019,1608.302347,0.63,-5.4,2.6,0.00,191.89,191.89,HMR2300,-26220.0,680.0,41873.3,49409.8,,,,,,,,RR1713,,
J2-970,ASNAP,2017/07/28 03:05:25,44.37418327,-124.95625986,660.971567,1608.338456,4.05,-5.4,2.4,0.00,191.84,191.84,HMR2300,-25726.7,1366.7,42166.7,49414.1,,,,,,,,RR1713,,
J2-970,ASNAP,2017/07/28 03:05:30,44.37418358,-124.95625947,661.002612,1608.373176,8.54,-6.4,2.2,0.00,192.13,192.13,HMR2300,-27233.3,4433.3,40526.7,49027.7,,,,,,,,RR1713,,
J2-970,ASNAP,2017/07/28 03:05:35,44.37418388,-124.95625911,661.031143,1608.406502,358.19,-5.6,2.3,0.00,192.17,192.17,HMR2300,-25320.0,-753.3,42593.3,49556.7,,,,,,,,RR1713,,
J2-970,ASNAP,2017/07/28 03:05:40,44.37418416,-124.95625878,661.057091,1608.438375,345.60,-6.0,2.4,0.00,191.93,191.93,HMR2300,-24533.3,-3606.7,43266.7,49868.8,,,,,,,,RR1713,,
J2-970,ASNAP,2017/07/28 03:05:45,44.37418444,-124.95625849,661.080368,1608.468701,342.05,-4.6,2.4,0.00,192.17,192.17,HMR2300,-23140.0,-7113.3,44180.0,50377.9,,,,,,,,RR1713,,
J2-970,ASNAP,2017/07/28 03:05:50,44.37418470,-124.95625824,661.100854,1608.497346,351.33,-4.6,2.3,0.00,192.08,192.08,HMR2300,-24833.3,-1813.3,43026.7,49711.9,,,,,,,,RR1713,,
J2-970,ASNAP,2017/07/28 03:05:55,44.37418494,-124.95625801,661.118456,1608.524197,357.41,-7.0,2.6,0.00,192.13,192.13,HMR2300,-28166.7,-1660.0,40640.0,49474.5,,,,,,,,RR1713,,
J2-970,ASNAP,2017/07/28 03:06:00,44.37418516,-124.95625783,661.133121,1608.549188,357.45,-4.8,3.5,0.00,192.19,192.19,HMR2300,-25353.3,-966.7,42453.3,49457.2,,,,,,,,RR1713,,
J2-970,ASNAP,2017/07/28 03:06:05,44.37418537,-124.95625768,661.144810,1608.572257,5.72,-5.4,2.7,0.00,192.00,192,HMR2300,-26140.0,2406.7,41793.3,49353.6,,,,,,,,RR1713,,
J2-970,ASNAP,2017/07/28 03:06:10,44.37418556,-124.95625758,661.153489,1608.593343,6.12,-5.5,3.7,0.00,191.88,191.88,HMR2300,-25766.7,400.0,42293.3,49525.8,,,,,,,,RR1713,,
J2-970,ASNAP,2017/07/28 03:06:15,44.37418573,-124.95625750,661.159134,1608.612385,359.73,-4.5,4.3,0.00,192.06,192.06,HMR2300,-23780.0,-1646.7,43626.7,49714.0,,,,,,,,RR1713,,
J2-970,ASNAP,2017/07/28 03:06:20,44.37418588,-124.95625747,661.161731,1608.629319,344.81,-4.9,2.9,0.00,192.12,192.12,HMR2300,-23593.3,-3813.3,43780.0,49878.6,,,,,,,,RR1713,,
J2-970,ASNAP,2017/07/28 03:06:25,44.37418602,-124.95625748,661.161264,1608.644107,351.25,-5.1,3.3,0.00,192.06,192.06,HMR2300,-24253.3,-2953.3,43393.3,49798.9,,,,,,,,RR1713,,
J2-970,ASNAP,2017/07/28 03:06:30,44.37418613,-124.95625752,661.157722,1608.656745,354.94,-5.1,2.8,0.00,192.11,192.11,HMR2300,-25213.3,-1326.7,42793.3,49686.4,,,,,,,,RR1713,,
J2-970,ASNAP,2017/07/28 03:06:35,44.37418622,-124.95625761,661.151089,1608.667214,347.10,-5.5,2.2,0.00,192.09,192.09,HMR2300,-24133.3,-3346.7,43566.7,49916.7,,,,,,,,RR1713,,
J2-970,ASNAP,2017/07/28 03:06:40,44.37418630,-124.95625773,661.141346,1608.675472,351.51,-5.7,2.1,0.00,192.13,192.13,HMR2300,-25060.0,-2726.7,42960.0,49809.6,,,,,,,,RR1713,,
J2-970,ASNAP,2017/07/28 03:06:45,44.37418635,-124.95625789,661.128492,1608.681475,357.98,-5.9,-0.2,0.00,192.15,192.15,HMR2300,-25573.3,1706.7,42200.0,49373.6,,,,,,,,RR1713,,
J2-970,ASNAP,2017/07/28 03:06:50,44.37418639,-124.95625809,661.112552,1608.685177,358.56,-5.4,0.8,0.00,191.93,191.93,HMR2300,-25680.0,-1033.3,42466.7,49638.2,,,,,,,,RR1713,,
J2-970,ASNAP,2017/07/28 03:06:55,44.37418640,-124.95625833,661.093554,1608.686545,1.35,-5.7,3.4,0.00,191.93,191.93,HMR2300,-26426.7,-226.7,41900.0,49538.2,,,,,,,,RR1713,,
J2-970,ASNAP,2017/07/28 03:07:00,44.37418639,-124.95625860,661.071534,1608.685566,1.47,-5.7,3.0,0.00,192.05,192.05,HMR2300,-26820.0,753.3,41473.3,49395.5,,,,,,,,RR1713,,
J2-970,ASNAP,2017/07/28 03:07:05,44.37418636,-124.95625892,661.046542,1608.682235,3.61,-6.1,2.9,0.00,192.10,192.1,HMR2300,-26360.0,1280.0,41760.0,49400.3,,,,,,,,RR1713,,
J2-970,ASNAP,2017/07/28 03:07:10,44.37418631,-124.95625927,661.018648,1608.676564,6.39,-6.3,1.9,0.00,192.09,192.09,HMR2300,-26440.0,2720.0,41566.7,49338.2,,,,,,,,RR1713,,
J2-970,ASNAP,2017/07/28 03:07:15,44.37418624,-124.95625965,660.987943,1608.668572,354.74,-5.4,3.0,0.00,191.87,191.87,HMR2300,-24966.7,-2160.0,43046.7,49809.8,,,,,,,,RR1713,,
J2-970,ASNAP,2017/07/28 03:07:20,44.37418614,-124.95626007,660.954544,1608.658295,353.20,-5.4,2.6,0.00,191.91,191.91,HMR2300,-24833.3,-2333.3,42986.7,49699.0,,,,,,,,RR1713,,
J2-970,ASNAP,2017/07/28 03:07:25,44.37418603,-124.95626052,660.918499,1608.645744,357.76,-6.4,3.4,0.00,192.04,192.04,HMR2300,-26613.3,-193.3,41933.3,49666.0,,,,,,,,RR1713,,
J2-970,ASNAP,2017/07/28 03:07:30,44.37418590,-124.95626101,660.879781,1608.630908,358.00,-5.8,2.5,0.00,192.13,192.13,HMR2300,-25180.0,-106.7,42653.3,49531.3,,,,,,,,RR1713,,
J2-970,ASNAP,2017/07/28 03:07:35,44.37418574,-124.95626153,660.838407,1608.613791,1.79,-6.7,3.6,0.00,192.01,192.01,HMR2300,-26340.0,833.3,41813.3,49425.1,,,,,,,,RR1713,,
J2-970,ASNAP,2017/07/28 03:07:40,44.37418557,-124.95626208,660.794445,1608.594410,355.34,-5.4,2.4,0.00,192.05,192.05,HMR2300,-25986.7,-1433.3,42360.0,49716.5,,,,,,,,RR1713,,
J2-970,ASNAP,2017/07/28 03:07:45,44.37418537,-124.95626266,660.748017,1608.572816,3.23,-5.6,3.5,0.00,191.92,191.92,HMR2300,-26400.0,460.0,41813.3,49452.3,,,,,,,,RR1713,,
J2-970,ASNAP,2017/07/28 03:07:50,44.37418516,-124.95626327,660.699297,1608.549082,3.62,-6.2,2.3,0.00,192.04,192.04,HMR2300,-26600.0,1633.3,41673.3,49466.1,,,,,,,,RR1713,,
J2-970,ASNAP,2017/07/28 03:07:55,44.37418493,-124.95626391,660.648435,1608.523278,357.26,-5.8,3.5,0.00,191.97,191.97,HMR2300,-25446.7,-3393.3,42686.7,49811.6,,,,,,,,RR1713,,
J2-970,ASNAP,2017/07/28 03:08:00,44.37418468,-124.95626457,660.595552,1608.495467,356.48,-6.3,3.7,0.00,192.13,192.13,HMR2300,-26206.7,-1180.0,42213.3,49700.6,,,,,,,,RR1713,,
J2-970,ASNAP,2017/07/28 03:08:05,44.37418441,-124.95626526,660.540785,1608.465721,343.21,-5.7,2.3,0.00,192.04,192.04,HMR2300,-23686.7,-4926.7,43753.3,49996.8,,,,,,,,RR1713,,
J2-970,ASNAP,2017/07/28 03:08:10,44.37418413,-124.95626597,660.484283,1608.434125,349.97,-6.0,2.2,0.00,192.02,192.02,HMR2300,-25333.3,-933.3,42606.7,49578.0,,,,,,,,RR1713,,
J2-970,ASNAP,2017/07/28 03:08:15,44.37418383,-124.95626670,660.426232,1608.400785,354.88,-5.1,1.4,0.00,191.99,191.99,HMR2300,-25533.3,-226.7,42593.3,49660.8,,,,,,,,RR1713,,
J2-970,ASNAP,2017/07/28 03:08:20,44.37418351,-124.95626744,660.366842,1608.365827,358.55,-5.0,1.8,0.00,192.07,192.07,HMR2300,-25453.3,-113.3,42266.7,49339.2,,,,,,,,RR1713,,
J2-970,ASNAP,2017/07/28 03:08:25,44.37418318,-124.95626820,660.306192,1608.329292,356.41,-5.3,2.9,0.00,191.87,191.87,HMR2300,-25040.0,-1026.7,42793.3,49591.6,,,,,,,,RR1713,,
J2-970,ASNAP,2017/07/28 03:08:30,44.37418284,-124.95626898,660.244249,1608.291160,359.50,-6.4,3.4,0.00,191.95,191.95,HMR2300,-26153.3,2066.7,41800.0,49350.9,,,,,,,,RR1713,,
J2-970,ASNAP,2017/07/28 03:08:35,44.37418248,-124.95626977,660.181075,1608.251462,6.78,-6.2,1.7,0.00,192.08,192.08,HMR2300,-26660.0,3273.3,41380.0,49333.3,,,,,,,,RR1713,,
J2-970,ASNAP,2017/07/28 03:08:40,44.37418211,-124.95627058,660.116815,1608.210279,2.13,-5.8,2.4,0.00,191.89,191.89,HMR2300,-25933.3,-700.0,42320.0,49638.8,,,,,,,,RR1713,,
J2-970,ASNAP,2017/07/28 03:08:45,44.37418173,-124.95627140,660.051678,1608.167736,357.89,-6.4,3.3,0.00,191.91,191.91,HMR2300,-26226.7,500.0,41933.3,49462.0,,,,,,,,RR1713,,
J2-970,ASNAP,2017/07/28 03:08:50,44.37418134,-124.95627222,659.985915,1608.123985,6.91,-6.1,1.5,0.00,192.00,192,HMR2300,-26506.7,3500.0,41306.7,49204.6,,,,,,,,RR1713,,
J2-970,ASNAP,2017/07/28 03:08:55,44.37418093,-124.95627305,659.919720,1608.079142,10.67,-6.5,3.3,0.00,192.10,192.1,HMR2300,-27413.3,3300.0,40786.7,49253.8,,,,,,,,RR1713,,
J2-970,ASNAP,2017/07/28 03:09:00,44.37418052,-124.95627388,659.853243,1608.033297,3.77,-5.6,3.0,0.00,192.30,192.3,HMR2300,-25633.3,-433.3,42313.3,49474.0,,,,,,,,RR1713,,
J2-970,ASNAP,2017/07/28 03:09:05,44.37418010,-124.95627472,659.786639,1607.986544,0.06,-6.2,1.2,0.00,192.23,192.23,HMR2300,-26313.3,166.7,42013.3,49573.6,,,,,,,,RR1713,,
J2-970,ASNAP,2017/07/28 03:09:10,44.37417967,-124.95627556,659.720070,1607.938985,353.42,-5.2,1.9,0.00,192.18,192.18,HMR2300,-24820.0,-1040.0,43033.3,49688.8,,,,,,,,RR1713,,
J2-970,ASNAP,2017/07/28 03:09:15,44.37417924,-124.95627639,659.653743,1607.890752,354.36,-5.4,2.6,0.00,192.14,192.14,HMR2300,-24740.0,-2206.7,43040.0,49692.8,,,,,,,,RR1713,,
J2-970,ASNAP,2017/07/28 03:09:20,44.37417880,-124.95627721,659.587879,1607.841990,340.07,-5.6,0.7,0.00,192.17,192.17,HMR2300,-23566.7,-5226.7,43933.3,50128.3,,,,,,,,RR1713,,
J2-970,ASNAP,2017/07/28 03:09:25,44.37417835,-124.95627803,659.522519,1607.792704,351.17,-5.6,1.9,0.00,192.30,192.3,HMR2300,-23493.3,-4026.7,43893.3,49947.7,,,,,,,,RR1713,,
J2-970,ASNAP,2017/07/28 03:09:30,44.37417790,-124.95627885,659.457587,1607.742814,350.19,-7.0,2.0,0.00,192.26,192.26,HMR2300,-25413.3,-3253.3,42520.0,49642.4,,,,,,,,RR1713,,
J2-970,ASNAP,2017/07/28 03:09:35,44.37417745,-124.95627966,659.393162,1607.692351,348.95,-5.9,1.5,0.00,192.10,192.1,HMR2300,-24226.7,-3126.7,43453.3,49848.8,,,,,,,,RR1713,,
J2-970,ASNAP,2017/07/28 03:09:40,44.37417699,-124.95628046,659.329429,1607.641426,347.81,-6.3,2.5,0.00,191.98,191.98,HMR2300,-24466.7,-3760.0,43213.3,49801.1,,,,,,,,RR1713,,
J2-970,ASNAP,2017/07/28 03:09:45,44.37417653,-124.95628124,659.266604,1607.590177,352.33,-6.5,3.6,0.00,192.05,192.05,HMR2300,-25740.0,-3220.0,42346.7,49660.4,,,,,,,,RR1713,,
J2-970,ASNAP,2017/07/28 03:09:50,44.37417607,-124.95628202,659.204912,1607.538753,348.09,-5.7,2.3,0.00,192.09,192.09,HMR2300,-23433.3,-6026.7,43860.0,50091.3,,,,,,,,RR1713,,
J2-970,ASNAP,2017/07/28 03:09:55,44.37417560,-124.95628277,659.144507,1607.487248,351.83,-5.6,3.4,0.00,192.01,192.01,HMR2300,-24820.0,-3113.3,43040.0,49781.2,,,,,,,,RR1713,,
J2-970,ASNAP,2017/07/28 03:10:00,44.37417514,-124.95628352,659.085497,1607.435719,349.51,-8.4,3.6,0.00,192.08,192.08,HMR2300,-25700.0,-2326.7,42493.3,49715.1,,,,,,,,RR1713,,
J2-970,ASNAP,2017/07/28 03:10:05,44.37417468,-124.95628424,659.028002,1607.384240,354.86,-6.3,2.6,0.00,192.03,192.03,HMR2300,-25700.0,-306.7,42426.7,49604.5,,,,,,,,RR1713,,
J2-970,ASNAP,2017/07/28 03:10:10,44.37417422,-124.95628494,658.972151,1607.332893,2.77,-6.4,1.5,0.00,191.96,191.96,HMR2300,-26513.3,1913.3,41560.0,49334.1,,,,,,,,RR1713,,
J2-970,ASNAP,2017/07/28 03:10:15,44.37417376,-124.95628561,658.918086,1607.281776,3.03,-5.3,2.7,0.00,191.97,191.97,HMR2300,-25880.0,-1000.0,42213.3,49525.1,,,,,,,,RR1713,,
J2-970,ASNAP,2017/07/28 03:10:20,44.37417330,-124.95628627,658.865948,1607.230988,346.73,-6.1,1.7,0.00,192.26,192.26,HMR2300,-24880.0,-3846.7,43033.3,49856.6,,,,,,,,RR1713,,
J2-970,ASNAP,2017/07/28 03:10:25,44.37417284,-124.95628690,658.815760,1607.180508,353.34,-5.4,0.8,0.00,192.20,192.2,HMR2300,-25566.7,-1660.0,42586.7,49699.4,,,,,,,,RR1713,,
J2-970,ASNAP,2017/07/28 03:10:30,44.37417239,-124.95628750,658.767490,1607.130260,354.47,-4.8,3.4,0.00,192.17,192.17,HMR2300,-24473.3,-2140.0,43140.0,49644.6,,,,,,,,RR1713,,
J2-970,ASNAP,2017/07/28 03:10:35,44.37417194,-124.95628808,658.721192,1607.080253,336.14,-5.4,2.3,0.00,192.21,192.21,HMR2300,-22693.3,-5933.3,44313.3,50138.4,,,,,,,,RR1713,,
J2-970,ASNAP,2017/07/28 03:10:40,44.37417149,-124.95628864,658.676973,1607.030544,344.39,-5.3,2.8,0.00,192.10,192.1,HMR2300,-24360.0,-4720.0,43280.0,49888.3,,,,,,,,RR1713,,
J2-970,ASNAP,2017/07/28 03:10:45,44.37417105,-124.95628917,658.634973,1606.981235,346.76,-5.4,2.9,0.00,192.11,192.11,HMR2300,-23346.7,-3960.0,44000.0,49967.5,,,,,,,,RR1713,,
J2-970,ASNAP,2017/07/28 03:10:50,44.37417061,-124.95628966,658.595342,1606.932446,350.61,-4.1,1.0,0.00,192.10,192.1,HMR2300,-24300.0,-2666.7,43326.7,49747.4,,,,,,,,RR1713,,
J2-970,ASNAP,2017/07/28 03:10:55,44.37417018,-124.95629013,658.558174,1606.884238,345.02,-4.4,1.9,0.00,191.89,191.89,HMR2300,-23646.7,-4446.7,43820.0,49991.3,,,,,,,,RR1713,,
J2-970,ASNAP,2017/07/28 03:11:00,44.37416975,-124.95629056,658.523536,1606.836646,347.56,-5.3,2.6,0.00,192.02,192.02,HMR2300,-24540.0,-4786.7,43320.0,50017.5,,,,,,,,RR1713,,
J2-970,ASNAP,2017/07/28 03:11:05,44.37416933,-124.95629097,658.491494,1606.789719,350.56,-5.6,2.1,0.00,192.05,192.05,HMR2300,-25226.7,-720.0,42800.0,49686.4,,,,,,,,RR1713,,
J2-970,ASNAP,2017/07/28 03:11:10,44.37416891,-124.95629133,658.462114,1606.743512,355.42,-5.4,1.8,0.00,191.86,191.86,HMR2300,-25640.0,-453.3,42366.7,49523.2,,,,,,,,RR1713,,
J2-970,ASNAP,2017/07/28 03:11:15,44.37416850,-124.95629167,658.435471,1606.698106,359.50,-6.0,2.4,0.00,191.80,191.8,HMR2300,-26253.3,-306.7,41966.7,49502.9,,,,,,,,RR1713,,
J2-970,ASNAP,2017/07/28 03:11:20,44.37416810,-124.95629197,658.411633,1606.653579,356.41,-5.7,2.2,0.00,191.95,191.95,HMR2300,-25613.3,-666.7,42533.3,49654.5,,,,,,,,RR1713,,
J2-970,ASNAP,2017/07/28 03:11:25,44.37416771,-124.95629223,658.390600,1606.609865,0.23,-6.1,2.0,0.00,191.97,191.97,HMR2300,-26046.7,386.7,41953.3,49382.8,,,,,,,,RR1713,,
J2-970,ASNAP,2017/07/28 03:11:30,44.37416732,-124.95629246,658.372345,1606.566853,347.16,-5.5,1.7,0.00,191.90,191.9,HMR2300,-24306.7,-2853.3,43413.3,49836.5,,,,,,,,RR1713,,
J2-970,ASNAP,2017/07/28 03:11:35,44.37416694,-124.95629265,658.356897,1606.524515,359.51,-6.4,2.5,0.00,192.03,192.03,HMR2300,-26206.7,1673.3,41900.0,49449.0,,,,,,,,RR1713,,
J2-970,ASNAP,2017/07/28 03:11:40,44.37416657,-124.95629281,658.344305,1606.482870,357.73,-6.1,2.5,0.00,191.87,191.87,HMR2300,-26086.7,-486.7,42100.0,49529.4,,,,,,,,RR1713,,
J2-970,ASNAP,2017/07/28 03:11:45,44.37416620,-124.95629293,658.334629,1606.441996,348.21,-5.6,2.4,0.00,191.76,191.76,HMR2300,-24633.3,-3406.7,43260.0,49898.2,,,,,,,,RR1713,,
J2-970,ASNAP,2017/07/28 03:11:50,44.37416584,-124.95629302,658.327929,1606.401985,357.97,-5.3,2.2,0.00,191.86,191.86,HMR2300,-25360.0,-720.0,42540.0,49530.8,,,,,,,,RR1713,,
J2-970,ASNAP,2017/07/28 03:11:55,44.37416549,-124.95629306,658.324235,1606.362863,358.49,-4.2,2.6,0.00,192.17,192.17,HMR2300,-23573.3,700.0,43533.3,49511.0,,,,,,,,RR1713,,
J2-970,ASNAP,2017/07/28 03:12:00,44.37416514,-124.95629307,658.323563,1606.324633,357.76,-3.6,4.7,0.00,192.31,192.31,HMR2300,-23813.3,-913.3,43546.7,49640.9,,,,,,,,RR1713,,
J2-970,ASNAP,2017/07/28 03:12:05,44.37416481,-124.95629304,658.325917,1606.287308,358.41,-3.8,3.1,0.00,192.43,192.43,HMR2300,-24133.3,-580.0,43353.3,49621.2,,,,,,,,RR1713,,
J2-970,ASNAP,2017/07/28 03:12:10,44.37416448,-124.95629298,658.331292,1606.250912,358.36,-2.9,2.7,0.00,192.50,192.5,HMR2300,-23740.0,-306.7,43553.3,49604.2,,,,,,,,RR1713,,
J2-970,ASNAP,2017/07/28 03:12:15,44.37416416,-124.95629287,658.339671,1606.215479,357.88,-3.0,2.7,0.00,192.54,192.54,HMR2300,-23700.0,-473.3,43580.0,49609.8,,,,,,,,RR1713,,
J2-970,ASNAP,2017/07/28 03:12:20,44.37416385,-124.95629273,658.351038,1606.181029,357.51,-3.2,2.6,0.00,192.56,192.56,HMR2300,-23726.7,-520.0,43580.0,49623.0,,,,,,,,RR1713,,
J2-970,ASNAP,2017/07/28 03:12:25,44.37416355,-124.95629255,658.365422,1606.147473,357.25,-3.0,2.7,0.00,192.58,192.58,HMR2300,-23733.3,-526.7,43533.3,49585.3,,,,,,,,RR1713,,
J2-970,ASNAP,2017/07/28 03:12:30,44.37416325,-124.95629233,658.382858,1606.114702,357.90,-4.8,2.6,0.00,192.34,192.34,HMR2300,-25393.3,313.3,42433.3,49452.1,,,,,,,,RR1713,,
J2-970,ASNAP,2017/07/28 03:12:35,44.37416296,-124.95629207,658.403353,1606.082697,356.89,-7.0,4.4,0.00,192.22,192.22,HMR2300,-26773.3,-3100.0,41780.0,49719.1,,,,,,,,RR1713,,
J2-970,ASNAP,2017/07/28 03:12:40,44.37416268,-124.95629178,658.426900,1606.051469,356.36,-6.2,2.3,0.00,192.23,192.23,HMR2300,-25660.0,-893.3,42366.7,49539.6,,,,,,,,RR1713,,
J2-970,ASNAP,2017/07/28 03:12:45,44.37416241,-124.95629144,658.453460,1606.021049,354.71,-5.6,2.2,0.00,192.16,192.16,HMR2300,-24760.0,-1020.0,42993.3,49623.8,,,,,,,,RR1713,,
J2-970,ASNAP,2017/07/28 03:12:50,44.37416214,-124.95629107,658.482987,1605.991466,0.87,-5.9,1.8,0.00,192.27,192.27,HMR2300,-25793.3,300.0,42386.7,49618.7,,,,,,,,RR1713,,
J2-970,ASNAP,2017/07/28 03:12:55,44.37416188,-124.95629067,658.515448,1605.962708,341.84,-5.8,2.4,0.00,192.23,192.23,HMR2300,-22020.0,-7906.7,44580.0,50346.5,,,,,,,,RR1713,,
J2-970,ASNAP,2017/07/28 03:13:00,44.37416163,-124.95629022,658.550810,1605.934754,342.55,-4.5,-0.3,0.00,192.26,192.26,HMR2300,-23293.3,-3780.0,44033.3,49958.0,,,,,,,,RR1713,,
J2-970,ASNAP,2017/07/28 03:13:05,44.37416139,-124.95628974,658.589012,1605.907587,342.70,-5.6,2.3,0.00,192.21,192.21,HMR2300,-23013.3,-5873.3,43986.7,49989.4,,,,,,,,RR1713,,
J2-970,ASNAP,2017/07/28 03:13:10,44.37416115,-124.95628923,658.629984,1605.881196,348.41,-5.0,2.4,0.00,192.15,192.15,HMR2300,-24413.3,-4186.7,43280.0,49866.8,,,,,,,,RR1713,,
J2-970,ASNAP,2017/07/28 03:13:15,44.37416092,-124.95628868,658.673643,1605.855581,355.12,-5.7,4.0,0.00,192.15,192.15,HMR2300,-25493.3,-1906.7,42660.0,49733.5,,,,,,,,RR1713,,
J2-970,ASNAP,2017/07/28 03:13:20,44.37416070,-124.95628810,658.719969,1605.830715,356.64,-6.2,2.5,0.00,192.26,192.26,HMR2300,-25926.7,-1133.3,42480.0,49779.8,,,,,,,,RR1713,,
J2-970,ASNAP,2017/07/28 03:13:25,44.37416048,-124.95628748,658.769211,1605.806466,355.02,-6.3,2.4,0.00,192.23,192.23,HMR2300,-26033.3,-1473.3,42193.3,49600.2,,,,,,,,RR1713,,
J2-970,ASNAP,2017/07/28 03:13:30,44.37416026,-124.95628682,658.821660,1605.782687,359.54,-5.1,3.1,0.00,191.93,191.93,HMR2300,-25813.3,260.0,42273.3,49532.1,,,,,,,,RR1713,,
J2-970,ASNAP,2017/07/28 03:13:35,44.37416005,-124.95628612,658.877494,1605.759291,359.32,-7.3,1.7,0.00,192.26,192.26,HMR2300,-26206.7,-893.3,42086.7,49587.0,,,,,,,,RR1713,,
J2-970,ASNAP,2017/07/28 03:13:40,44.37415985,-124.95628538,658.936479,1605.736315,351.75,-6.3,2.2,0.00,192.10,192.1,HMR2300,-25440.0,-2346.7,42666.7,49730.7,,,,,,,,RR1713,,
J2-970,ASNAP,2017/07/28 03:13:45,44.37415965,-124.95628463,658.996818,1605.714232,350.91,-5.8,2.3,0.00,191.89,191.89,HMR2300,-24933.3,-2373.3,43006.7,49768.2,,,,,,,,RR1713,,
J2-970,ASNAP,2017/07/28 03:13:50,44.37415947,-124.95628389,659.055511,1605.693836,353.79,-5.6,2.3,0.00,191.82,191.82,HMR2300,-25093.3,-1166.7,42806.7,49633.1,,,,,,,,RR1713,,
J2-970,ASNAP,2017/07/28 03:13:55,44.37415931,-124.95628325,659.106497,1605.676728,356.41,-4.6,1.9,0.00,192.06,192.06,HMR2300,-24953.3,-786.7,42713.3,49474.4,,,,,,,,RR1713,,
J2-970,ASNAP,2017/07/28 03:14:00,44.37415920,-124.95628276,659.145595,1605.663958,355.99,-5.3,3.1,0.00,191.98,191.98,HMR2300,-25086.7,-546.7,42633.3,49469.6,,,,,,,,RR1713,,
J2-970,ASNAP,2017/07/28 03:14:05,44.37415911,-124.95628236,659.177940,1605.653945,356.68,-6.3,2.1,0.00,191.95,191.95,HMR2300,-25606.7,-1046.7,42360.0,49509.3,,,,,,,,RR1713,,
J2-970,ASNAP,2017/07/28 03:14:10,44.37415902,-124.95628194,659.210751,1605.644514,343.31,-5.5,1.4,0.00,191.83,191.83,HMR2300,-23860.0,-4673.3,43733.3,50037.4,,,,,,,,RR1713,,
J2-970,ASNAP,2017/07/28 03:14:15,44.37415892,-124.95628144,659.251249,1605.633493,351.95,-5.8,2.4,0.00,191.95,191.95,HMR2300,-24886.7,-2940.0,42906.7,49688.8,,,,,,,,RR1713,,
J2-970,ASNAP,2017/07/28 03:14:20,44.37415879,-124.95628075,659.305741,1605.618986,348.98,-5.9,3.0,0.00,192.00,192,HMR2300,-24526.7,-4080.0,43366.7,49988.7,,,,,,,,RR1713,,
J2-970,ASNAP,2017/07/28 03:14:25,44.37415864,-124.95627992,659.372201,1605.601655,351.38,-6.5,2.8,0.00,192.04,192.04,HMR2300,-25453.3,-2713.3,42686.7,49773.3,,,,,,,,RR1713,,
J2-970,ASNAP,2017/07/28 03:14:30,44.37415847,-124.95627901,659.444532,1605.583406,353.30,-6.1,2.8,0.00,191.99,191.99,HMR2300,-25740.0,-1826.7,42420.0,49652.2,,,,,,,,RR1713,,
J2-970,ASNAP,2017/07/28 03:14:35,44.37415831,-124.95627806,659.520173,1605.565066,359.10,-6.1,3.0,0.00,191.98,191.98,HMR2300,-26586.7,-73.3,41660.0,49420.8,,,,,,,,RR1713,,
J2-970,ASNAP,2017/07/28 03:14:40,44.37415814,-124.95627708,659.598437,1605.546883,0.75,-5.6,2.3,0.00,192.06,192.06,HMR2300,-26186.7,820.0,41953.3,49462.1,,,,,,,,RR1713,,
J2-970,ASNAP,2017/07/28 03:14:45,44.37415798,-124.95627607,659.678869,1605.528968,7.82,-5.5,2.7,0.00,192.04,192.04,HMR2300,-26666.7,3253.3,41293.3,49262.9,,,,,,,,RR1713,,
J2-970,ASNAP,2017/07/28 03:14:50,44.37415782,-124.95627504,659.761159,1605.511343,11.84,-4.5,2.5,0.00,192.10,192.1,HMR2300,-25786.7,3073.3,41893.3,49289.4,,,,,,,,RR1713,,
J2-970,ASNAP,2017/07/28 03:14:55,44.37415767,-124.95627399,659.845060,1605.494007,7.73,-5.5,4.1,0.00,192.34,192.34,HMR2300,-27246.7,1366.7,41033.3,49274.6,,,,,,,,RR1713,,
J2-970,ASNAP,2017/07/28 03:15:00,44.37415751,-124.95627292,659.930376,1605.476947,5.97,-3.9,2.3,0.00,192.15,192.15,HMR2300,-25806.7,2073.3,42033.3,49366.8,,,,,,,,RR1713,,
J2-970,ASNAP,2017/07/28 03:15:05,44.37415736,-124.95627183,660.016997,1605.460134,357.23,-4.7,3.9,0.00,192.23,192.23,HMR2300,-24393.3,-1033.3,43200.0,49622.0,,,,,,,,RR1713,,
J2-970,ASNAP,2017/07/28 03:15:10,44.37415721,-124.95627073,660.104862,1605.443536,358.50,-4.0,3.3,0.00,192.39,192.39,HMR2300,-24426.7,-773.3,43180.0,49616.3,,,,,,,,RR1713,,
J2-970,ASNAP,2017/07/28 03:15:15,44.37415707,-124.95626961,660.193845,1605.427134,357.47,-4.5,4.3,0.00,192.44,192.44,HMR2300,-24220.0,-1933.3,43393.3,49732.6,,,,,,,,RR1713,,
J2-970,ASNAP,2017/07/28 03:15:20,44.37415692,-124.95626848,660.283782,1605.410919,358.96,-3.3,4.2,0.00,192.45,192.45,HMR2300,-23753.3,-1213.3,43593.3,49659.6,,,,,,,,RR1713,,
J2-970,ASNAP,2017/07/28 03:15:25,44.37415677,-124.95626735,660.374489,1605.394887,2.06,-4.5,3.0,0.00,192.47,192.47,HMR2300,-25486.7,246.7,42453.3,49516.8,,,,,,,,RR1713,,
J2-970,ASNAP,2017/07/28 03:15:30,44.37415663,-124.95626620,660.465795,1605.379031,358.60,-3.9,4.6,0.00,192.47,192.47,HMR2300,-24313.3,-1340.0,43293.3,49671.4,,,,,,,,RR1713,,
J2-970,ASNAP,2017/07/28 03:15:35,44.37415649,-124.95626505,660.557750,1605.363310,1.70,-3.9,4.5,0.00,192.51,192.51,HMR2300,-24573.3,-720.0,43140.0,49653.1,,,,,,,,RR1713,,
J2-970,ASNAP,2017/07/28 03:15:40,44.37415635,-124.95626388,660.650491,1605.347668,359.90,-5.0,3.3,0.00,192.51,192.51,HMR2300,-25726.7,-526.7,42380.0,49580.3,,,,,,,,RR1713,,
J2-970,ASNAP,2017/07/28 03:15:45,44.37415621,-124.95626271,660.743983,1605.332083,354.31,-4.6,4.1,0.00,192.50,192.5,HMR2300,-24253.3,-2473.3,43386.7,49766.9,,,,,,,,RR1713,,
J2-970,ASNAP,2017/07/28 03:15:50,44.37415607,-124.95626153,660.838086,1605.316550,1.82,-3.1,4.1,0.00,192.52,192.52,HMR2300,-23613.3,200.0,43553.3,49543.1,,,,,,,,RR1713,,
J2-970,ASNAP,2017/07/28 03:15:55,44.37415593,-124.95626035,660.932561,1605.301083,8.15,-5.0,4.5,0.00,192.51,192.51,HMR2300,-25966.7,2580.0,41853.3,49321.7,,,,,,,,RR1713,,
J2-970,ASNAP,2017/07/28 03:16:00,44.37415579,-124.95625916,661.027136,1605.285702,3.86,-4.0,4.6,0.00,192.51,192.51,HMR2300,-25153.3,-686.7,42753.3,49608.6,,,,,,,,RR1713,,
J2-970,ASNAP,2017/07/28 03:16:05,44.37415565,-124.95625797,661.121650,1605.270413,3.32,-4.6,3.7,0.00,192.51,192.51,HMR2300,-25926.7,-420.0,42273.3,49592.4,,,,,,,,RR1713,,
J2-970,ASNAP,2017/07/28 03:16:10,44.37415552,-124.95625679,661.215992,1605.255212,357.56,-4.9,3.2,0.00,192.52,192.52,HMR2300,-25000.0,-1173.3,42866.7,49638.0,,,,,,,,RR1713,,
J2-970,ASNAP,2017/07/28 03:16:15,44.37415538,-124.95625561,661.310029,1605.240102,5.63,-2.6,5.9,0.00,192.45,192.45,HMR2300,-24913.3,626.7,42793.3,49521.1,,,,,,,,RR1713,,
J2-970,ASNAP,2017/07/28 03:16:20,44.37415525,-124.95625444,661.403610,1605.225093,9.68,-2.6,3.2,0.00,192.49,192.49,HMR2300,-24406.7,3840.0,42620.0,49263.5,,,,,,,,RR1713,,
J2-970,ASNAP,2017/07/28 03:16:25,44.37415511,-124.95625327,661.496508,1605.210205,8.29,-6.1,2.5,0.00,192.51,192.51,HMR2300,-25900.0,1966.7,41953.3,49343.3,,,,,,,,RR1713,,
J2-970,ASNAP,2017/07/28 03:16:30,44.37415498,-124.95625212,661.588508,1605.195462,0.56,-4.8,3.7,0.00,192.49,192.49,HMR2300,-25533.3,-253.3,42473.3,49558.0,,,,,,,,RR1713,,
J2-970,ASNAP,2017/07/28 03:16:35,44.37415485,-124.95625097,661.679679,1605.180844,6.75,-4.0,4.6,0.00,192.56,192.56,HMR2300,-25060.0,1493.3,42586.7,49435.4,,,,,,,,RR1713,,
J2-970,ASNAP,2017/07/28 03:16:40,44.37415472,-124.95624984,661.770177,1605.166318,12.08,-2.7,4.4,0.00,192.56,192.56,HMR2300,-24960.0,2173.3,42586.7,49410.0,,,,,,,,RR1713,,
J2-970,ASNAP,2017/07/28 03:16:45,44.37415459,-124.95624871,661.859966,1605.151884,8.86,-3.2,3.7,0.00,192.63,192.63,HMR2300,-24953.3,2173.3,42540.0,49366.4,,,,,,,,RR1713,,
J2-970,ASNAP,2017/07/28 03:16:50,44.37415446,-124.95624760,661.948938,1605.137554,1.21,-2.3,6.0,0.00,192.60,192.6,HMR2300,-24000.0,-60.0,43353.3,49553.2,,,,,,,,RR1713,,
J2-970,ASNAP,2017/07/28 03:16:55,44.37415433,-124.95624649,662.037026,1605.123339,4.93,-4.7,3.7,0.00,192.60,192.6,HMR2300,-25386.7,500.0,42480.0,49490.2,,,,,,,,RR1713,,
J2-970,ASNAP,2017/07/28 03:17:00,44.37415420,-124.95624540,662.124189,1605.109243,1.51,-4.5,2.6,0.00,192.43,192.43,HMR2300,-24960.0,1200.0,42653.3,49434.3,,,,,,,,RR1713,,
J2-970,ASNAP,2017/07/28 03:17:05,44.37415408,-124.95624432,662.210450,1605.095264,0.00,-3.7,6.9,0.00,192.66,192.66,HMR2300,-24046.7,-3093.3,43506.7,49806.0,,,,,,,,RR1713,,
J2-970,ASNAP,2017/07/28 03:17:10,44.37415395,-124.95624325,662.295606,1605.081438,1.62,-3.3,4.2,0.00,192.63,192.63,HMR2300,-24380.0,-446.7,43180.0,49589.3,,,,,,,,RR1713,,
J2-970,ASNAP,2017/07/28 03:17:15,44.37415383,-124.95624221,662.378047,1605.068033,3.52,-3.1,5.5,0.00,192.65,192.65,HMR2300,-24260.0,-460.0,43233.3,49577.0,,,,,,,,RR1713,,
J2-970,ASNAP,2017/07/28 03:17:20,44.37415372,-124.95624125,662.455149,1605.055479,5.87,-3.2,5.0,0.00,192.67,192.67,HMR2300,-24500.0,553.3,43006.7,49498.8,,,,,,,,RR1713,,
J2-970,ASNAP,2017/07/28 03:17:25,44.37415362,-124.95624042,662.521491,1605.044668,6.01,-3.2,5.0,0.00,192.68,192.68,HMR2300,-24480.0,480.0,43040.0,49517.1,,,,,,,,RR1713,,
J2-970,ASNAP,2017/07/28 03:17:30,44.37415355,-124.95623977,662.572620,1605.036330,4.59,-3.2,5.0,0.00,192.68,192.68,HMR2300,-24426.7,-46.7,43113.3,49552.2,,,,,,,,RR1713,,
J2-970,ASNAP,2017/07/28 03:17:35,44.37415349,-124.95623926,662.613678,1605.029632,3.46,-3.2,5.0,0.00,192.69,192.69,HMR2300,-24360.0,-400.0,43173.3,49573.2,,,,,,,,RR1713,,
J2-970,ASNAP,2017/07/28 03:17:40,44.37415343,-124.95623877,662.652834,1605.023248,2.80,-3.3,5.3,0.00,192.69,192.69,HMR2300,-24346.7,-846.7,43233.3,49624.6,,,,,,,,RR1713,,
J2-970,ASNAP,2017/07/28 03:17:45,44.37415336,-124.95623820,662.698261,1605.015849,2.62,-3.2,5.1,0.00,192.69,192.69,HMR2300,-24306.7,-680.0,43246.7,49614.0,,,,,,,,RR1713,,
J2-970,ASNAP,2017/07/28 03:17:50,44.37415328,-124.95623747,662.756072,1605.006445,2.95,-3.3,5.2,0.00,192.69,192.69,HMR2300,-24380.0,-640.0,43180.0,49591.4,,,,,,,,RR1713,,
J2-970,ASNAP,2017/07/28 03:17:55,44.37415318,-124.95623664,662.822323,1604.995687,3.22,-3.2,5.0,0.00,192.70,192.7,HMR2300,-24353.3,-393.3,43180.0,49575.7,,,,,,,,RR1713,,
J2-970,ASNAP,2017/07/28 03:18:00,44.37415308,-124.95623578,662.890697,1604.984616,3.39,-3.3,5.2,0.00,192.70,192.7,HMR2300,-24360.0,-486.7,43200.0,49597.2,,,,,,,,RR1713,,
J2-970,ASNAP,2017/07/28 03:18:05,44.37415298,-124.95623494,662.958089,1604.973749,3.55,-3.2,5.1,0.00,192.71,192.71,HMR2300,-24366.7,-380.0,43173.3,49576.4,,,,,,,,RR1713,,
J2-970,ASNAP,2017/07/28 03:18:10,44.37415289,-124.95623413,663.022653,1604.963397,3.71,-3.2,5.1,0.00,192.71,192.71,HMR2300,-24380.0,-313.3,43166.7,49576.6,,,,,,,,RR1713,,
J2-970,ASNAP,2017/07/28 03:18:15,44.37415280,-124.95623336,663.084053,1604.953625,3.35,-3.2,5.2,0.00,192.71,192.71,HMR2300,-24326.7,-573.3,43220.0,49599.2,,,,,,,,RR1713,,
J2-970,ASNAP,2017/07/28 03:18:20,44.37415272,-124.95623263,663.142370,1604.944432,3.45,-3.2,5.1,0.00,192.71,192.71,HMR2300,-24346.7,-420.0,43173.3,49566.9,,,,,,,,RR1713,,
J2-970,ASNAP,2017/07/28 03:18:25,44.37415264,-124.95623193,663.197716,1604.935808,4.25,-3.2,4.5,0.00,192.73,192.73,HMR2300,-24426.7,260.0,43033.3,49483.3,,,,,,,,RR1713,,
J2-970,ASNAP,2017/07/28 03:18:30,44.37415257,-124.95623127,663.250215,1604.927741,4.63,-3.3,4.6,0.00,192.73,192.73,HMR2300,-24540.0,293.3,42960.0,49475.8,,,,,,,,RR1713,,
J2-970,ASNAP,2017/07/28 03:18:35,44.37415250,-124.95623065,663.299983,1604.920224,4.69,-3.2,4.7,0.00,192.73,192.73,HMR2300,-24486.7,306.7,42993.3,49478.5,,,,,,,,RR1713,,
J2-970,ASNAP,2017/07/28 03:18:40,44.37415244,-124.95623006,663.347113,1604.913253,4.70,-3.3,4.6,0.00,192.73,192.73,HMR2300,-24580.0,286.7,42946.7,49484.1,,,,,,,,RR1713,,
J2-970,ASNAP,2017/07/28 03:18:45,44.37415238,-124.95622950,663.391593,1604.906837,3.81,-3.2,4.4,0.00,192.73,192.73,HMR2300,-24433.3,40.0,43066.7,49514.9,,,,,,,,RR1713,,
J2-970,ASNAP,2017/07/28 03:18:50,44.37415233,-124.95622898,663.433366,1604.900994,3.49,-3.4,4.6,0.00,192.73,192.73,HMR2300,-24513.3,-133.3,43033.3,49525.6,,,,,,,,RR1713,,
J2-970,ASNAP,2017/07/28 03:18:55,44.37415228,-124.95622849,663.472299,1604.895752,3.62,-3.3,4.6,0.00,192.73,192.73,HMR2300,-24500.0,-60.0,43033.3,49518.9,,,,,,,,RR1713,,
J2-970,ASNAP,2017/07/28 03:19:00,44.37415224,-124.95622804,663.508262,1604.891134,3.85,-3.3,4.7,0.00,192.74,192.74,HMR2300,-24493.3,-66.7,43033.3,49515.6,,,,,,,,RR1713,,
J2-970,ASNAP,2017/07/28 03:19:05,44.37415221,-124.95622762,663.541225,1604.887148,4.15,-3.3,4.8,0.00,192.74,192.74,HMR2300,-24526.7,13.3,43020.0,49520.5,,,,,,,,RR1713,,
J2-970,ASNAP,2017/07/28 03:19:10,44.37415218,-124.95622725,663.571177,1604.883801,4.14,-3.3,4.8,0.00,192.74,192.74,HMR2300,-24540.0,-53.3,43006.7,49515.5,,,,,,,,RR1713,,
J2-970,ASNAP,2017/07/28 03:19:15,44.37415215,-124.95622691,663.598113,1604.881091,4.19,-3.3,4.7,0.00,192.75,192.75,HMR2300,-24493.3,80.0,43020.0,49504.0,,,,,,,,RR1713,,
J2-970,ASNAP,2017/07/28 03:19:20,44.37415213,-124.95622661,663.622024,1604.879019,4.29,-3.3,4.8,0.00,192.75,192.75,HMR2300,-24533.3,-13.3,42993.3,49500.6,,,,,,,,RR1713,,
J2-970,ASNAP,2017/07/28 03:19:25,44.37415212,-124.95622635,663.642892,1604.877582,4.15,-3.3,4.6,0.00,192.75,192.75,HMR2300,-24540.0,46.7,43000.0,49509.7,,,,,,,,RR1713,,
J2-970,ASNAP,2017/07/28 03:19:30,44.37415211,-124.95622613,663.660716,1604.876775,3.66,-3.4,4.8,0.00,192.75,192.75,HMR2300,-24540.0,-180.0,42946.7,49463.7,,,,,,,,RR1713,,
J2-970,ASNAP,2017/07/28 03:19:35,44.37415211,-124.95622594,663.675559,1604.876591,3.38,-3.3,4.7,0.00,192.75,192.75,HMR2300,-24480.0,-213.3,42980.0,49463.1,,,,,,,,RR1713,,
J2-970,ASNAP,2017/07/28 03:19:40,44.37415211,-124.95622579,663.687478,1604.877021,3.85,-3.4,4.7,0.00,192.75,192.75,HMR2300,-24573.3,-46.7,42926.7,49462.6,,,,,,,,RR1713,,
J2-970,ASNAP,2017/07/28 03:19:45,44.37415212,-124.95622568,663.696478,1604.878055,3.87,-3.4,4.7,0.00,192.75,192.75,HMR2300,-24560.0,-46.7,42933.3,49461.8,,,,,,,,RR1713,,
J2-970,ASNAP,2017/07/28 03:19:50,44.37415214,-124.95622560,663.702559,1604.879683,3.79,-3.3,4.7,0.00,192.75,192.75,HMR2300,-24573.3,-73.3,42906.7,49445.3,,,,,,,,RR1713,,
J2-970,ASNAP,2017/07/28 03:19:55,44.37415216,-124.95622556,663.705730,1604.881889,3.58,-3.4,4.7,0.00,192.76,192.76,HMR2300,-24540.0,-133.3,42940.0,49457.8,,,,,,,,RR1713,,
J2-970,ASNAP,2017/07/28 03:20:00,44.37415218,-124.95622556,663.706014,1604.884654,3.48,-3.4,4.6,0.00,192.76,192.76,HMR2300,-24533.3,-146.7,43026.7,49529.8,,,,,,,,RR1713,,
J2-970,ASNAP,2017/07/28 03:20:05,44.37415221,-124.95622559,663.703452,1604.887960,3.35,-3.3,4.7,0.00,192.76,192.76,HMR2300,-24453.3,-246.7,43086.7,49542.8,,,,,,,,RR1713,,
J2-970,ASNAP,2017/07/28 03:20:10,44.37415225,-124.95622566,663.698096,1604.891785,3.74,-3.3,4.8,0.00,192.75,192.75,HMR2300,-24513.3,-186.7,43026.7,49520.0,,,,,,,,RR1713,,
J2-970,ASNAP,2017/07/28 03:20:15,44.37415229,-124.95622576,663.690012,1604.896102,4.11,-3.3,4.7,0.00,192.75,192.75,HMR2300,-24586.7,53.3,42973.3,49509.7,,,,,,,,RR1713,,
J2-970,ASNAP,2017/07/28 03:20:20,44.37415233,-124.95622589,663.679274,1604.900882,3.64,-3.3,4.6,0.00,192.75,192.75,HMR2300,-24546.7,-66.7,43020.0,49530.4,,,,,,,,RR1713,,
J2-970,ASNAP,2017/07/28 03:20:25,44.37415238,-124.95622606,663.665973,1604.906091,2.35,-3.0,4.5,0.00,192.76,192.76,HMR2300,-24326.7,-486.7,43180.0,49563.5,,,,,,,,RR1713,,
J2-970,ASNAP,2017/07/28 03:20:30,44.37415243,-124.95622626,663.650182,1604.911700,2.61,-3.2,4.4,0.00,192.76,192.76,HMR2300,-24206.7,-273.3,43246.7,49561.2,,,,,,,,RR1713,,
J2-970,ASNAP,2017/07/28 03:20:35,44.37415248,-124.95622649,663.631930,1604.917695,3.20,-3.4,4.6,0.00,192.76,192.76,HMR2300,-24533.3,-206.7,43026.7,49530.0,,,,,,,,RR1713,,
J2-970,ASNAP,2017/07/28 03:20:40,44.37415254,-124.95622675,663.611252,1604.924063,3.56,-2.8,4.3,0.00,192.77,192.77,HMR2300,-24040.0,113.3,43273.3,49502.7,,,,,,,,RR1713,,
J2-970,ASNAP,2017/07/28 03:20:45,44.37415260,-124.95622704,663.588217,1604.930775,2.99,-2.5,4.3,0.00,192.77,192.77,HMR2300,-24033.3,-86.7,43280.0,49505.2,,,,,,,,RR1713,,
J2-970,ASNAP,2017/07/28 03:20:50,44.37415266,-124.95622735,663.562910,1604.937800,2.49,-3.0,4.3,0.00,192.77,192.77,HMR2300,-24313.3,-180.0,43133.3,49514.2,,,,,,,,RR1713,,
J2-970,ASNAP,2017/07/28 03:20:55,44.37415273,-124.95622770,663.535456,1604.945095,2.77,-3.5,4.8,0.00,192.77,192.77,HMR2300,-24520.0,-560.0,43046.7,49543.5,,,,,,,,RR1713,,
J2-970,ASNAP,2017/07/28 03:21:00,44.37415279,-124.95622807,663.505979,1604.952623,3.52,-3.4,5.0,0.00,192.77,192.77,HMR2300,-24393.3,-393.3,43006.7,49444.5,,,,,,,,RR1713,,
J2-970,ASNAP,2017/07/28 03:21:05,44.37415286,-124.95622846,663.474580,1604.960350,3.85,-3.2,5.4,0.00,192.77,192.77,HMR2300,-24300.0,-446.7,43000.0,49393.2,,,,,,,,RR1713,,
J2-970,ASNAP,2017/07/28 03:21:10,44.37415294,-124.95622888,663.441370,1604.968245,3.98,-3.2,5.3,0.00,192.77,192.77,HMR2300,-24273.3,-333.3,43006.7,49385.0,,,,,,,,RR1713,,
J2-970,ASNAP,2017/07/28 03:21:15,44.37415301,-124.95622931,663.406479,1604.976272,5.65,-2.6,2.7,0.00,192.69,192.69,HMR2300,-24846.7,2673.3,42333.3,49159.1,,,,,,,,RR1713,,
J2-970,ASNAP,2017/07/28 03:21:20,44.37415308,-124.95622977,663.370055,1604.984394,1.78,-3.4,4.1,0.00,192.64,192.64,HMR2300,-24393.3,-886.7,43040.0,49479.9,,,,,,,,RR1713,,
J2-970,ASNAP,2017/07/28 03:21:25,44.37415315,-124.95623025,663.332279,1604.992569,352.97,-6.1,6.4,0.00,192.69,192.69,HMR2300,-24926.7,-5660.0,42813.3,49863.4,,,,,,,,RR1713,,
J2-970,ASNAP,2017/07/28 03:21:30,44.37415323,-124.95623073,663.293271,1605.000767,345.84,-1.8,5.2,0.00,192.62,192.62,HMR2300,-21273.3,-5686.7,44806.7,49925.2,,,,,,,,RR1713,,
J2-970,ASNAP,2017/07/28 03:21:35,44.37415330,-124.95623124,663.253028,1605.008987,349.81,-5.9,7.1,0.00,192.69,192.69,HMR2300,-24486.7,-7026.7,42973.3,49956.8,,,,,,,,RR1713,,
J2-970,ASNAP,2017/07/28 03:21:40,44.37415338,-124.95623176,663.211572,1605.017221,349.49,-6.1,0.7,0.00,192.48,192.48,HMR2300,-24293.3,-1813.3,43113.3,49519.8,,,,,,,,RR1713,,
J2-970,ASNAP,2017/07/28 03:21:45,44.37415345,-124.95623229,663.168998,1605.025449,355.48,-3.5,7.5,0.00,192.68,192.68,HMR2300,-23646.7,-5566.7,43540.0,49858.6,,,,,,,,RR1713,,
J2-970,ASNAP,2017/07/28 03:21:50,44.37415352,-124.95623284,663.125449,1605.033641,358.39,-3.2,4.4,0.00,192.70,192.7,HMR2300,-24126.7,-1520.0,43206.7,49509.8,,,,,,,,RR1713,,
J2-970,ASNAP,2017/07/28 03:21:55,44.37415360,-124.95623340,663.081152,1605.041756,359.48,-3.5,7.0,0.00,192.67,192.67,HMR2300,-23740.0,-2453.3,43460.0,49582.0,,,,,,,,RR1713,,
J2-970,ASNAP,2017/07/28 03:22:00,44.37415367,-124.95623396,663.036299,1605.049758,359.52,-4.0,6.2,0.00,192.73,192.73,HMR2300,-24280.0,-3020.0,43173.3,49624.3,,,,,,,,RR1713,,
J2-970,ASNAP,2017/07/28 03:22:05,44.37415374,-124.95623453,662.991021,1605.057628,358.53,-3.6,5.6,0.00,192.73,192.73,HMR2300,-24133.3,-2533.3,43253.3,49595.2,,,,,,,,RR1713,,
J2-970,ASNAP,2017/07/28 03:22:10,44.37415381,-124.95623510,662.945453,1605.065346,358.86,-3.5,5.7,0.00,192.73,192.73,HMR2300,-24106.7,-2546.7,43253.3,49582.9,,,,,,,,RR1713,,
J2-970,ASNAP,2017/07/28 03:22:15,44.37415388,-124.95623567,662.899758,1605.072891,359.42,-3.4,5.7,0.00,192.73,192.73,HMR2300,-24126.7,-2333.3,43233.3,49564.7,,,,,,,,RR1713,,
J2-970,ASNAP,2017/07/28 03:22:20,44.37415394,-124.95623624,662.854110,1605.080241,359.17,-3.6,5.8,0.00,192.73,192.73,HMR2300,-24186.7,-2473.3,43226.7,49594.9,,,,,,,,RR1713,,
J2-970,ASNAP,2017/07/28 03:22:25,44.37415401,-124.95623681,662.808699,1605.087373,358.84,-3.8,5.8,0.00,192.74,192.74,HMR2300,-24266.7,-2700.0,43166.7,49593.6,,,,,,,,RR1713,,
J2-970,ASNAP,2017/07/28 03:22:30,44.37415407,-124.95623738,662.763645,1605.094277,358.56,-3.6,5.7,0.00,192.74,192.74,HMR2300,-24120.0,-2580.0,43253.3,49591.1,,,,,,,,RR1713,,
J2-970,ASNAP,2017/07/28 03:22:35,44.37415413,-124.95623794,662.718967,1605.100957,359.03,-3.5,5.7,0.00,192.73,192.73,HMR2300,-24086.7,-2513.3,43273.3,49589.0,,,,,,,,RR1713,,
J2-970,ASNAP,2017/07/28 03:22:40,44.37415419,-124.95623849,662.674713,1605.107417,359.11,-3.6,5.7,0.00,192.74,192.74,HMR2300,-24166.7,-2526.7,43233.3,49593.7,,,,,,,,RR1713,,
J2-970,ASNAP,2017/07/28 03:22:45,44.37415424,-124.95623904,662.630999,1605.113649,358.84,-3.7,5.8,0.00,192.75,192.75,HMR2300,-24180.0,-2653.3,43226.7,49601.0,,,,,,,,RR1713,,
J2-970,ASNAP,2017/07/28 03:22:50,44.37415430,-124.95623958,662.587978,1605.119640,358.80,-3.5,5.7,0.00,192.74,192.74,HMR2300,-24100.0,-2460.0,43273.3,49592.8,,,,,,,,RR1713,,
J2-970,ASNAP,2017/07/28 03:22:55,44.37415435,-124.95624011,662.545856,1605.125371,359.06,-3.4,5.7,0.00,192.73,192.73,HMR2300,-24053.3,-2420.0,43306.7,49597.2,,,,,,,,RR1713,,
J2-970,ASNAP,2017/07/28 03:23:00,44.37415440,-124.95624062,662.504809,1605.130831,358.86,-3.6,5.8,0.00,192.73,192.73,HMR2300,-24186.7,-2646.7,43246.7,49621.3,,,,,,,,RR1713,,
J2-970,ASNAP,2017/07/28 03:23:05,44.37415445,-124.95624112,662.464973,1605.136012,358.66,-3.5,5.6,0.00,192.73,192.73,HMR2300,-24120.0,-2520.0,43266.7,49599.7,,,,,,,,RR1713,,
J2-970,ASNAP,2017/07/28 03:23:10,44.37415449,-124.95624161,662.426473,1605.140910,358.81,-3.6,5.2,0.00,192.74,192.74,HMR2300,-24186.7,-2100.0,43233.3,49583.5,,,,,,,,RR1713,,
J2-970,ASNAP,2017/07/28 03:23:15,44.37415453,-124.95624207,662.389427,1605.145521,358.72,-3.4,4.9,0.00,192.75,192.75,HMR2300,-23973.3,-1940.0,43373.3,49595.7,,,,,,,,RR1713,,
J2-970,ASNAP,2017/07/28 03:23:20,44.37415457,-124.95624252,662.353968,1605.149843,358.95,-3.4,5.0,0.00,192.75,192.75,HMR2300,-24073.3,-2033.3,43280.0,49566.3,,,,,,,,RR1713,,
J2-970,ASNAP,2017/07/28 03:23:25,44.37415461,-124.95624294,662.320247,1605.153868,359.64,-3.7,5.7,0.00,192.75,192.75,HMR2300,-24400.0,-2280.0,43040.0,49527.8,,,,,,,,RR1713,,
J2-970,ASNAP,2017/07/28 03:23:30,44.37415464,-124.95624334,662.288344,1605.157597,359.12,-4.0,7.3,0.00,192.75,192.75,HMR2300,-24520.0,-4233.3,42986.7,49669.0,,,,,,,,RR1713,,
J2-970,ASNAP,2017/07/28 03:23:35,44.37415467,-124.95624372,662.258263,1605.161041,359.04,-3.9,7.7,0.00,192.71,192.71,HMR2300,-24260.0,-3813.3,43140.0,49640.2,,,,,,,,RR1713,,
J2-970,ASNAP,2017/07/28 03:23:40,44.37415470,-124.95624407,662.230041,1605.164206,0.73,-3.4,5.3,0.00,192.72,192.72,HMR2300,-24120.0,-1326.7,43180.0,49477.7,,,,,,,,RR1713,,
J2-970,ASNAP,2017/07/28 03:23:45,44.37415472,-124.95624440,662.203765,1605.167092,359.67,-3.5,4.8,0.00,192.73,192.73,HMR2300,-24213.3,-1646.7,43206.7,49556.2,,,,,,,,RR1713,,
J2-970,ASNAP,2017/07/28 03:23:50,44.37415475,-124.95624470,662.179544,1605.169695,357.69,-3.5,4.3,0.00,192.75,192.75,HMR2300,-23913.3,-1866.7,43400.0,49587.2,,,,,,,,RR1713,,
J2-970,ASNAP,2017/07/28 03:23:55,44.37415477,-124.95624498,662.157497,1605.172011,358.45,-3.0,4.3,0.00,192.75,192.75,HMR2300,-23653.3,-1440.0,43533.3,49565.2,,,,,,,,RR1713,,
J2-970,ASNAP,2017/07/28 03:24:00,44.37415479,-124.95624523,662.137717,1605.174037,359.78,-2.8,4.3,0.00,192.75,192.75,HMR2300,-23686.7,-1013.3,43473.3,49517.8,,,,,,,,RR1713,,
J2-970,ASNAP,2017/07/28 03:24:05,44.37415480,-124.95624545,662.120259,1605.175775,359.48,-3.9,5.6,0.00,192.75,192.75,HMR2300,-24486.7,-2626.7,42993.3,49547.2,,,,,,,,RR1713,,
J2-970,EVT,2017/07/28 03:24:09,44.37415481,-124.95624560,662.107998,1605.176958,358.02,-3.5,8.2,0.00,192.67,192.67,HMR2300,-23800.0,-4553.3,43400.0,49706.5,,,,,,,,RR1713,DLG,TXT: Starboard manipulator drops more weight off starboard side USR:eventlogger
J2-970,ASNAP,2017/07/28 03:24:10,44.37415482,-124.95624564,662.105172,1605.177225,358.02,-3.5,8.2,0.00,192.67,192.67,HMR2300,-23606.7,-3780.0,43520.0,49654.3,,,,,,,,RR1713,,
J2-970,ASNAP,2017/07/28 03:24:15,44.37415483,-124.95624580,662.092499,1605.178389,359.80,-3.1,5.5,0.00,192.70,192.7,HMR2300,-23813.3,-1886.7,43366.7,49510.6,,,,,,,,RR1713,,
J2-970,ASNAP,2017/07/28 03:24:20,44.37415483,-124.95624592,662.082275,1605.179269,359.19,-3.0,5.2,0.00,192.71,192.71,HMR2300,-23753.3,-2026.7,43406.7,49522.4,,,,,,,,RR1713,,
J2-970,ASNAP,2017/07/28 03:24:25,44.37415484,-124.95624602,662.074525,1605.179865,358.15,-3.1,5.3,0.00,192.70,192.7,HMR2300,-23660.0,-2420.0,43460.0,49542.1,,,,,,,,RR1713,,
J2-970,ASNAP,2017/07/28 03:24:30,44.37415484,-124.95624609,662.069259,1605.180180,358.40,-2.9,5.3,0.00,192.70,192.7,HMR2300,-23526.7,-2206.7,43533.3,49533.1,,,,,,,,RR1713,,
J2-970,ASNAP,2017/07/28 03:24:35,44.37415484,-124.95624612,662.066472,1605.180215,359.33,-2.8,5.6,0.00,192.69,192.69,HMR2300,-23520.0,-1853.3,43520.0,49503.7,,,,,,,,RR1713,,
J2-970,ASNAP,2017/07/28 03:24:40,44.37415484,-124.95624613,662.066166,1605.179972,359.43,-3.3,3.9,0.00,192.54,192.54,HMR2300,-23733.3,300.0,43246.7,49331.9,,,,,,,,RR1713,,
J2-970,ASNAP,2017/07/28 03:24:45,44.37415484,-124.95624610,662.068350,1605.179450,350.59,-1.3,5.6,0.00,192.62,192.62,HMR2300,-20853.3,-5073.3,44913.3,49777.6,,,,,,,,RR1713,,
J2-970,ASNAP,2017/07/28 03:24:50,44.37415483,-124.95624604,662.073020,1605.178650,337.24,-2.1,4.3,0.00,192.55,192.55,HMR2300,-19073.3,-8386.7,45606.7,50140.8,,,,,,,,RR1713,,
J2-970,ASNAP,2017/07/28 03:24:55,44.37415482,-124.95624595,662.080156,1605.177575,335.76,-4.8,5.2,0.00,192.56,192.56,HMR2300,-20913.3,-8740.0,44640.0,50064.8,,,,,,,,RR1713,,
J2-970,ASNAP,2017/07/28 03:25:00,44.37415481,-124.95624583,662.089727,1605.176226,340.74,-2.3,3.6,0.00,192.47,192.47,HMR2300,-20340.0,-6646.7,45066.7,49888.9,,,,,,,,RR1713,,
J2-970,ASNAP,2017/07/28 03:25:05,44.37415479,-124.95624568,662.101696,1605.174606,344.55,-1.9,3.9,0.00,192.48,192.48,HMR2300,-20800.0,-5440.0,44920.0,49800.0,,,,,,,,RR1713,,
J2-970,ASNAP,2017/07/28 03:25:10,44.37415478,-124.95624550,662.116010,1605.172719,343.59,-2.3,3.6,0.00,192.48,192.48,HMR2300,-20853.3,-5693.3,44926.7,49856.6,,,,,,,,RR1713,,
J2-970,ASNAP,2017/07/28 03:25:15,44.37415476,-124.95624529,662.132602,1605.170571,342.40,-2.9,4.5,0.00,192.54,192.54,HMR2300,-21306.7,-7800.0,44600.0,50039.7,,,,,,,,RR1713,,
J2-970,ASNAP,2017/07/28 03:25:20,44.37415473,-124.95624506,662.151384,1605.168168,342.22,-2.7,5.1,0.00,192.65,192.65,HMR2300,-21000.0,-7393.3,44813.3,50038.9,,,,,,,,RR1713,,
J2-970,ASNAP,2017/07/28 03:25:25,44.37415471,-124.95624480,662.172253,1605.165521,343.67,-2.4,4.5,0.00,192.63,192.63,HMR2300,-20973.3,-6320.0,44866.7,49928.4,,,,,,,,RR1713,,
J2-970,ASNAP,2017/07/28 03:25:30,44.37415468,-124.95624451,662.195164,1605.162633,343.87,-2.3,4.8,0.00,192.62,192.62,HMR2300,-20866.7,-6326.7,44873.3,49890.5,,,,,,,,RR1713,,
J2-970,ASNAP,2017/07/28 03:25:35,44.37415466,-124.95624420,662.220110,1605.159499,341.75,-5.0,2.5,0.00,192.45,192.45,HMR2300,-22173.3,-5726.7,44306.7,49875.2,,,,,,,,RR1713,,
J2-970,ASNAP,2017/07/28 03:25:40,44.37415463,-124.95624386,662.247049,1605.156125,348.27,-3.4,6.1,0.00,192.69,192.69,HMR2300,-22246.7,-6480.0,44220.0,49923.1,,,,,,,,RR1713,,
J2-970,ASNAP,2017/07/28 03:25:45,44.37415459,-124.95624350,662.275908,1605.152515,354.31,-1.8,2.5,0.00,192.62,192.62,HMR2300,-22913.3,226.7,43680.0,49325.6,,,,,,,,RR1713,,
J2-970,ASNAP,2017/07/28 03:25:50,44.37415456,-124.95624311,662.306565,1605.148684,1.44,-4.7,5.8,0.00,192.66,192.66,HMR2300,-25233.3,-2346.7,42480.0,49464.9,,,,,,,,RR1713,,
J2-970,ASNAP,2017/07/28 03:25:55,44.37415452,-124.95624271,662.338866,1605.144650,7.99,-1.7,4.6,0.00,192.56,192.56,HMR2300,-24000.0,3006.7,42720.0,49092.1,,,,,,,,RR1713,,
J2-970,ASNAP,2017/07/28 03:26:00,44.37415448,-124.95624228,662.372688,1605.140428,10.29,-3.5,2.9,0.00,192.64,192.64,HMR2300,-24533.3,3553.3,42266.7,48999.8,,,,,,,,RR1713,,
J2-970,ASNAP,2017/07/28 03:26:05,44.37415445,-124.95624184,662.407927,1605.136033,9.90,-2.7,6.0,0.00,192.58,192.58,HMR2300,-23493.3,1380.0,43246.7,49235.3,,,,,,,,RR1713,,
J2-970,ASNAP,2017/07/28 03:26:10,44.37415440,-124.95624138,662.444467,1605.131479,7.01,-4.2,7.9,0.00,192.55,192.55,HMR2300,-25153.3,-453.3,42513.3,49399.2,,,,,,,,RR1713,,
J2-970,ASNAP,2017/07/28 03:26:15,44.37415436,-124.95624091,662.482184,1605.126786,358.42,-3.2,7.1,0.00,192.60,192.6,HMR2300,-23026.7,-3946.7,43886.7,49717.6,,,,,,,,RR1713,,
J2-970,ASNAP,2017/07/28 03:26:20,44.37415432,-124.95624042,662.520917,1605.121978,355.49,-4.8,4.1,0.00,192.52,192.52,HMR2300,-24626.7,-1726.7,42926.7,49519.2,,,,,,,,RR1713,,
J2-970,ASNAP,2017/07/28 03:26:25,44.37415427,-124.95623993,662.560496,1605.117082,355.44,-3.0,7.1,0.00,192.69,192.69,HMR2300,-23073.3,-4820.0,43866.7,49798.6,,,,,,,,RR1713,,
J2-970,ASNAP,2017/07/28 03:26:30,44.37415423,-124.95623942,662.600871,1605.112110,358.44,-4.4,4.7,0.00,192.50,192.5,HMR2300,-24233.3,-540.0,43053.3,49407.8,,,,,,,,RR1713,,
J2-970,ASNAP,2017/07/28 03:26:35,44.37415418,-124.95623890,662.642063,1605.107069,1.62,-3.1,6.4,0.00,192.74,192.74,HMR2300,-23320.0,-2580.0,43660.0,49564.9,,,,,,,,RR1713,,
J2-970,ASNAP,2017/07/28 03:26:40,44.37415414,-124.95623838,662.684017,1605.101975,9.52,-3.7,3.5,0.00,192.57,192.57,HMR2300,-25660.0,2433.3,41833.3,49136.4,,,,,,,,RR1713,,
J2-970,ASNAP,2017/07/28 03:26:45,44.37415409,-124.95623784,662.726631,1605.096854,7.85,-3.3,5.6,0.00,192.72,192.72,HMR2300,-23740.0,-60.0,43266.7,49351.8,,,,,,,,RR1713,,
J2-970,ASNAP,2017/07/28 03:26:50,44.37415405,-124.95623730,662.769742,1605.091739,1.87,-2.1,5.2,0.00,192.73,192.73,HMR2300,-23486.7,-786.7,43433.3,49383.2,,,,,,,,RR1713,,
J2-970,ASNAP,2017/07/28 03:26:55,44.37415400,-124.95623676,662.813157,1605.086668,2.41,-2.5,2.6,0.00,192.62,192.62,HMR2300,-23753.3,1500.0,43086.7,49223.3,,,,,,,,RR1713,,
J2-970,ASNAP,2017/07/28 03:27:00,44.37415396,-124.95623621,662.856744,1605.081674,2.17,-4.5,2.8,0.00,192.56,192.56,HMR2300,-25080.0,386.7,42440.0,49298.2,,,,,,,,RR1713,,
J2-970,ASNAP,2017/07/28 03:27:05,44.37415391,-124.95623566,662.900405,1605.076788,0.01,-3.0,7.0,0.00,192.66,192.66,HMR2300,-23740.0,-2386.7,43420.0,49543.7,,,,,,,,RR1713,,
J2-970,ASNAP,2017/07/28 03:27:10,44.37415387,-124.95623512,662.944026,1605.072042,1.61,-3.0,4.3,0.00,192.60,192.6,HMR2300,-23960.0,-753.3,43200.0,49405.4,,,,,,,,RR1713,,
J2-970,ASNAP,2017/07/28 03:27:15,44.37415383,-124.95623457,662.987484,1605.067472,2.90,-3.7,7.0,0.00,192.64,192.64,HMR2300,-24846.7,-2326.7,42793.3,49538.3,,,,,,,,RR1713,,
J2-970,ASNAP,2017/07/28 03:27:20,44.37415379,-124.95623403,663.030642,1605.063115,1.66,-2.4,4.2,0.00,192.51,192.51,HMR2300,-24206.7,-260.0,43040.0,49380.9,,,,,,,,RR1713,,
J2-970,ASNAP,2017/07/28 03:27:25,44.37415375,-124.95623349,663.073370,1605.059011,358.14,-3.0,6.4,0.00,192.66,192.66,HMR2300,-22746.7,-3113.3,43986.7,49617.8,,,,,,,,RR1713,,
J2-970,ASNAP,2017/07/28 03:27:30,44.37415372,-124.95623296,663.115643,1605.055189,0.57,-3.8,4.3,0.00,192.67,192.67,HMR2300,-24253.3,-1280.0,43073.3,49448.7,,,,,,,,RR1713,,
J2-970,ASNAP,2017/07/28 03:27:35,44.37415369,-124.95623244,663.157479,1605.051677,1.79,-2.9,5.2,0.00,192.66,192.66,HMR2300,-23933.3,-886.7,43180.0,49377.2,,,,,,,,RR1713,,
J2-970,ASNAP,2017/07/28 03:27:40,44.37415366,-124.95623192,663.198822,1605.048511,3.94,-2.5,4.1,0.00,192.56,192.56,HMR2300,-23846.7,853.3,43093.3,49258.8,,,,,,,,RR1713,,
J2-970,ASNAP,2017/07/28 03:27:45,44.37415363,-124.95623141,663.239577,1605.045734,3.12,-4.0,5.0,0.00,192.55,192.55,HMR2300,-25013.3,-93.3,42513.3,49326.0,,,,,,,,RR1713,,
J2-970,ASNAP,2017/07/28 03:27:50,44.37415361,-124.95623091,663.279606,1605.043389,1.01,-2.6,6.6,0.00,192.70,192.7,HMR2300,-23580.0,-2873.3,43500.0,49563.3,,,,,,,,RR1713,,
J2-970,ASNAP,2017/07/28 03:27:55,44.37415359,-124.95623041,663.318760,1605.041523,1.08,-2.3,5.5,0.00,192.64,192.64,HMR2300,-23446.7,-1173.3,43500.0,49430.5,,,,,,,,RR1713,,
J2-970,ASNAP,2017/07/28 03:28:00,44.37415358,-124.95622994,663.356952,1605.040177,2.08,-2.1,4.7,0.00,192.55,192.55,HMR2300,-22893.3,280.0,43726.7,49357.9,,,,,,,,RR1713,,
J2-970,ASNAP,2017/07/28 03:28:05,44.37415358,-124.95622947,663.394118,1605.039393,0.12,-2.8,5.1,0.00,192.50,192.5,HMR2300,-22833.3,-2306.7,43893.3,49530.9,,,,,,,,RR1713,,
J2-970,ASNAP,2017/07/28 03:28:10,44.37415357,-124.95622902,663.430178,1605.039209,2.89,-2.4,4.3,0.00,192.48,192.48,HMR2300,-23753.3,906.7,43326.7,49419.1,,,,,,,,RR1713,,
J2-970,ASNAP,2017/07/28 03:28:15,44.37415358,-124.95622858,663.465044,1605.039663,5.13,-1.2,4.4,0.00,192.47,192.47,HMR2300,-22780.0,200.0,43840.0,49405.6,,,,,,,,RR1713,,
J2-970,ASNAP,2017/07/28 03:28:20,44.37415359,-124.95622816,663.498614,1605.040793,359.65,-1.3,4.6,0.00,192.45,192.45,HMR2300,-22486.7,-1246.7,43953.3,49387.2,,,,,,,,RR1713,,
J2-970,EVT,2017/07/28 03:28:24,44.37415360,-124.95622783,663.524474,1605.042206,356.59,-1.6,4.4,0.00,192.45,192.45,HMR2300,-22306.7,-2286.7,44253.3,49610.2,,,,,,,,RR1713,DLG,JASON: Latch Latched on to PIA USR:eventlogger
J2-970,ASNAP,2017/07/28 03:28:25,44.37415360,-124.95622776,663.530799,1605.042634,355.95,-1.6,4.4,0.00,192.45,192.45,HMR2300,-22140.0,-2466.7,44186.7,49484.6,,,,,,,,RR1713,,
J2-970,ASNAP,2017/07/28 03:28:30,44.37415363,-124.95622737,663.561602,1605.045230,355.33,-1.5,4.3,0.00,192.45,192.45,HMR2300,-22086.7,-2333.3,44213.3,49478.1,,,,,,,,RR1713,,
J2-970,ASNAP,2017/07/28 03:28:35,44.37415366,-124.95622700,663.591054,1605.048627,357.04,-1.4,4.4,0.00,192.45,192.45,HMR2300,-22140.0,-1780.0,44253.3,49514.7,,,,,,,,RR1713,,
J2-970,ASNAP,2017/07/28 03:28:40,44.37415370,-124.95622665,663.619130,1605.052874,358.44,-1.3,4.5,0.00,192.43,192.43,HMR2300,-22246.7,-1400.0,44160.0,49467.0,,,,,,,,RR1713,,
J2-970,ASNAP,2017/07/28 03:28:45,44.37415374,-124.95622631,663.645778,1605.058013,359.19,-1.4,4.5,0.00,192.44,192.44,HMR2300,-22373.3,-1213.3,44073.3,49441.9,,,,,,,,RR1713,,
J2-970,ASNAP,2017/07/28 03:28:50,44.37415380,-124.95622600,663.670898,1605.064075,358.81,-1.4,4.6,0.00,192.44,192.44,HMR2300,-22346.7,-1413.3,44086.7,49447.0,,,,,,,,RR1713,,
J2-970,ASNAP,2017/07/28 03:28:55,44.37415386,-124.95622570,663.694383,1605.071086,358.15,-1.4,4.6,0.00,192.43,192.43,HMR2300,-22366.7,-1760.0,44206.7,49574.1,,,,,,,,RR1713,,
J2-970,ASNAP,2017/07/28 03:29:00,44.37415393,-124.95622543,663.716161,1605.079071,357.98,-1.5,4.6,0.00,192.43,192.43,HMR2300,-22373.3,-1806.7,44186.7,49561.0,,,,,,,,RR1713,,
J2-970,ASNAP,2017/07/28 03:29:05,44.37415401,-124.95622518,663.736190,1605.088058,358.09,-1.5,4.6,0.00,192.43,192.43,HMR2300,-22386.7,-1780.0,44186.7,49566.0,,,,,,,,RR1713,,
J2-970,ASNAP,2017/07/28 03:29:10,44.37415410,-124.95622495,663.754470,1605.098095,358.19,-1.5,4.6,0.00,192.43,192.43,HMR2300,-22400.0,-1726.7,44186.7,49570.2,,,,,,,,RR1713,,
J2-970,ASNAP,2017/07/28 03:29:15,44.37415420,-124.95622474,663.771012,1605.109230,358.12,-1.5,4.6,0.00,192.43,192.43,HMR2300,-22413.3,-1706.7,44013.3,49421.1,,,,,,,,RR1713,,
J2-970,ASNAP,2017/07/28 03:29:20,44.37415431,-124.95622456,663.785785,1605.121492,358.14,-1.5,4.6,0.00,192.43,192.43,HMR2300,-22413.3,-1680.0,44000.0,49408.3,,,,,,,,RR1713,,
J2-970,ASNAP,2017/07/28 03:29:25,44.37415444,-124.95622439,663.798749,1605.134906,358.02,-1.5,4.6,0.00,192.43,192.43,HMR2300,-22400.0,-1753.3,44033.3,49434.5,,,,,,,,RR1713,,
J2-970,ASNAP,2017/07/28 03:29:30,44.37415457,-124.95622425,663.809888,1605.149517,357.84,-1.5,4.5,0.00,192.43,192.43,HMR2300,-22400.0,-1760.0,44033.3,49434.7,,,,,,,,RR1713,,
J2-970,ASNAP,2017/07/28 03:29:35,44.37415471,-124.95622414,663.819192,1605.165368,357.88,-1.5,4.5,0.00,192.42,192.42,HMR2300,-22306.7,-1640.0,44120.0,49465.7,,,,,,,,RR1713,,
J2-970,ASNAP,2017/07/28 03:29:40,44.37415486,-124.95622404,663.826637,1605.182466,358.05,-1.5,4.5,0.00,192.42,192.42,HMR2300,-22313.3,-1593.3,44093.3,49443.4,,,,,,,,RR1713,,
J2-970,ASNAP,2017/07/28 03:29:45,44.37415503,-124.95622397,663.832199,1605.200808,358.17,-1.5,4.6,0.00,192.43,192.43,HMR2300,-22353.3,-1580.0,44080.0,49449.1,,,,,,,,RR1713,,
J2-970,ASNAP,2017/07/28 03:29:50,44.37415520,-124.95622393,663.835877,1605.220413,358.01,-1.5,4.5,0.00,192.43,192.43,HMR2300,-22373.3,-1766.7,44193.3,49565.5,,,,,,,,RR1713,,
J2-970,ASNAP,2017/07/28 03:29:55,44.37415539,-124.95622391,663.837674,1605.241303,357.94,-1.5,4.5,0.00,192.42,192.42,HMR2300,-22353.3,-1773.3,44206.7,49568.6,,,,,,,,RR1713,,
J2-970,ASNAP,2017/07/28 03:30:00,44.37415559,-124.95622391,663.837602,1605.263497,358.02,-1.5,4.5,0.00,192.41,192.41,HMR2300,-22366.7,-1760.0,44220.0,49586.0,,,,,,,,RR1713,,
J2-970,ASNAP,2017/07/28 03:30:05,44.37415580,-124.95622393,663.835674,1605.287009,358.01,-1.5,4.5,0.00,192.42,192.42,HMR2300,-22346.7,-1740.0,44233.3,49588.2,,,,,,,,RR1713,,
J2-970,ASNAP,2017/07/28 03:30:10,44.37415603,-124.95622398,663.831911,1605.311847,358.06,-1.5,4.5,0.00,192.42,192.42,HMR2300,-22420.0,-1693.3,44000.0,49411.8,,,,,,,,RR1713,,
J2-970,ASNAP,2017/07/28 03:30:15,44.37415626,-124.95622405,663.826335,1605.338014,358.05,-1.5,4.6,0.00,192.41,192.41,HMR2300,-22386.7,-1713.3,44026.7,49421.1,,,,,,,,RR1713,,
J2-970,ASNAP,2017/07/28 03:30:20,44.37415651,-124.95622414,663.818978,1605.365505,358.05,-1.5,4.6,0.00,192.41,192.41,HMR2300,-22420.0,-1733.3,44013.3,49425.0,,,,,,,,RR1713,,
J2-970,ASNAP,2017/07/28 03:30:25,44.37415677,-124.95622425,663.809871,1605.394320,357.85,-1.5,4.6,0.00,192.41,192.41,HMR2300,-22426.7,-1826.7,44033.3,49449.2,,,,,,,,RR1713,,
J2-970,ASNAP,2017/07/28 03:30:30,44.37415704,-124.95622439,663.799041,1605.424489,357.77,-1.5,4.6,0.00,192.41,192.41,HMR2300,-22313.3,-1713.3,44086.7,49441.4,,,,,,,,RR1713,,
J2-970,ASNAP,2017/07/28 03:30:35,44.37415733,-124.95622455,663.786520,1605.456033,358.06,-1.5,4.5,0.00,192.40,192.4,HMR2300,-22366.7,-1586.7,44060.0,49437.5,,,,,,,,RR1713,,
J2-970,ASNAP,2017/07/28 03:30:40,44.37415762,-124.95622473,663.772363,1605.488925,358.12,-1.5,4.5,0.00,192.41,192.41,HMR2300,-22366.7,-1593.3,44053.3,49431.8,,,,,,,,RR1713,,
J2-970,ASNAP,2017/07/28 03:30:45,44.37415793,-124.95622492,663.756631,1605.523131,357.93,-1.5,4.5,0.00,192.41,192.41,HMR2300,-22346.7,-1680.0,44053.3,49425.6,,,,,,,,RR1713,,
J2-970,ASNAP,2017/07/28 03:30:50,44.37415825,-124.95622514,663.739382,1605.558637,357.80,-1.5,4.6,0.00,192.41,192.41,HMR2300,-22340.0,-1840.0,44226.7,49582.9,,,,,,,,RR1713,,
J2-970,ASNAP,2017/07/28 03:30:55,44.37415858,-124.95622537,663.720679,1605.595423,357.90,-1.5,4.5,0.00,192.41,192.41,HMR2300,-22326.7,-1780.0,44253.3,49598.4,,,,,,,,RR1713,,
J2-970,ASNAP,2017/07/28 03:31:00,44.37415892,-124.95622563,663.700607,1605.633443,358.03,-1.5,4.5,0.00,192.40,192.4,HMR2300,-22340.0,-1726.7,44233.3,49584.7,,,,,,,,RR1713,,
J2-970,ASNAP,2017/07/28 03:31:05,44.37415927,-124.95622589,663.679258,1605.672642,357.98,-1.5,4.6,0.00,192.41,192.41,HMR2300,-22393.3,-1740.0,44026.7,49425.1,,,,,,,,RR1713,,
J2-970,ASNAP,2017/07/28 03:31:10,44.37415964,-124.95622618,663.656738,1605.712947,357.98,-1.5,4.6,0.00,192.40,192.4,HMR2300,-22393.3,-1760.0,44033.3,49431.7,,,,,,,,RR1713,,
J2-970,ASNAP,2017/07/28 03:31:15,44.37416001,-124.95622647,663.633136,1605.754319,357.92,-1.5,4.6,0.00,192.39,192.39,HMR2300,-22366.7,-1786.7,44073.3,49456.2,,,,,,,,RR1713,,
J2-970,ASNAP,2017/07/28 03:31:20,44.37416039,-124.95622678,663.608487,1605.796820,357.95,-1.5,4.6,0.00,192.39,192.39,HMR2300,-22413.3,-1793.3,44040.0,49447.9,,,,,,,,RR1713,,
J2-970,ASNAP,2017/07/28 03:31:25,44.37416079,-124.95622710,663.582829,1605.840506,357.91,-1.5,4.6,0.00,192.40,192.4,HMR2300,-22333.3,-1680.0,44060.0,49425.5,,,,,,,,RR1713,,
J2-970,ASNAP,2017/07/28 03:31:30,44.37416119,-124.95622744,663.556245,1605.885364,357.94,-1.5,4.6,0.00,192.39,192.39,HMR2300,-22313.3,-1693.3,44073.3,49428.8,,,,,,,,RR1713,,
J2-970,ASNAP,2017/07/28 03:31:35,44.37416160,-124.95622778,663.528841,1605.931341,358.24,-1.4,4.6,0.00,192.38,192.38,HMR2300,-22366.7,-1560.0,44033.3,49412.9,,,,,,,,RR1713,,
J2-970,ASNAP,2017/07/28 03:31:40,44.37416203,-124.95622813,663.500771,1605.978317,358.47,-1.5,4.6,0.00,192.38,192.38,HMR2300,-22420.0,-1506.7,43986.7,49393.9,,,,,,,,RR1713,,
J2-970,ASNAP,2017/07/28 03:31:45,44.37416246,-124.95622849,663.472186,1606.026179,358.26,-1.5,4.6,0.00,192.39,192.39,HMR2300,-22346.7,-1726.7,44226.7,49581.8,,,,,,,,RR1713,,
J2-970,ASNAP,2017/07/28 03:31:50,44.37416289,-124.95622885,663.443209,1606.074865,357.90,-1.4,4.6,0.00,192.39,192.39,HMR2300,-22266.7,-1840.0,44286.7,49603.4,,,,,,,,RR1713,,
J2-970,ASNAP,2017/07/28 03:31:55,44.37416334,-124.95622922,663.413967,1606.124315,358.05,-1.4,4.6,0.00,192.38,192.38,HMR2300,-22306.7,-1733.3,44253.3,49587.8,,,,,,,,RR1713,,
J2-970,ASNAP,2017/07/28 03:32:00,44.37416379,-124.95622959,663.384600,1606.174450,358.24,-1.5,4.6,0.00,192.38,192.38,HMR2300,-22346.7,-1720.0,44226.7,49581.5,,,,,,,,RR1713,,
J2-970,ASNAP,2017/07/28 03:32:05,44.37416425,-124.95622996,663.355260,1606.225170,358.19,-1.5,4.6,0.00,192.39,192.39,HMR2300,-22413.3,-1760.0,44040.0,49446.7,,,,,,,,RR1713,,
J2-970,ASNAP,2017/07/28 03:32:10,44.37416471,-124.95623032,663.326125,1606.276338,358.00,-1.5,4.6,0.00,192.38,192.38,HMR2300,-22386.7,-1806.7,44060.0,49454.1,,,,,,,,RR1713,,
J2-970,ASNAP,2017/07/28 03:32:15,44.37416517,-124.95623068,663.297345,1606.327867,357.98,-1.5,4.6,0.00,192.38,192.38,HMR2300,-22400.0,-1820.0,44060.0,49460.7,,,,,,,,RR1713,,
J2-970,ASNAP,2017/07/28 03:32:20,44.37416564,-124.95623104,663.269003,1606.379803,358.04,-1.5,4.6,0.00,192.38,192.38,HMR2300,-22373.3,-1793.3,44080.0,49465.4,,,,,,,,RR1713,,
J2-970,ASNAP,2017/07/28 03:32:25,44.37416611,-124.95623139,663.241191,1606.432182,358.10,-1.5,4.7,0.00,192.38,192.38,HMR2300,-22380.0,-1686.7,44033.3,49423.1,,,,,,,,RR1713,,
J2-970,ASNAP,2017/07/28 03:32:30,44.37416659,-124.95623173,663.214049,1606.484970,357.97,-1.5,4.7,0.00,192.39,192.39,HMR2300,-22346.7,-1760.0,44033.3,49410.6,,,,,,,,RR1713,,
J2-970,ASNAP,2017/07/28 03:32:35,44.37416706,-124.95623206,663.187749,1606.538071,358.00,-1.5,4.7,0.00,192.39,192.39,HMR2300,-22366.7,-1733.3,44006.7,49394.9,,,,,,,,RR1713,,
J2-970,ASNAP,2017/07/28 03:32:40,44.37416754,-124.95623237,663.162529,1606.591270,358.06,-1.5,4.7,0.00,192.39,192.39,HMR2300,-22306.7,-1813.3,44253.3,49590.7,,,,,,,,RR1713,,
J2-970,ASNAP,2017/07/28 03:32:45,44.37416802,-124.95623267,663.138611,1606.644387,358.02,-1.5,4.6,0.00,192.39,192.39,HMR2300,-22293.3,-1806.7,44273.3,49602.3,,,,,,,,RR1713,,
J2-970,ASNAP,2017/07/28 03:32:50,44.37416850,-124.95623296,663.116165,1606.697349,358.16,-1.5,4.7,0.00,192.39,192.39,HMR2300,-22300.0,-1766.7,44253.3,49586.0,,,,,,,,RR1713,,
J2-970,ASNAP,2017/07/28 03:32:55,44.37416897,-124.95623322,663.095366,1606.750074,358.08,-1.5,4.7,0.00,192.39,192.39,HMR2300,-22306.7,-1820.0,44253.3,49590.9,,,,,,,,RR1713,,
J2-970,ASNAP,2017/07/28 03:33:00,44.37416944,-124.95623345,663.076410,1606.802433,357.76,-1.5,4.7,0.00,192.38,192.38,HMR2300,-22353.3,-1933.3,44100.0,49479.5,,,,,,,,RR1713,,
J2-970,ASNAP,2017/07/28 03:33:05,44.37416991,-124.95623367,663.059497,1606.854279,357.77,-1.5,4.7,0.00,192.38,192.38,HMR2300,-22373.3,-1933.3,44100.0,49488.5,,,,,,,,RR1713,,
J2-970,ASNAP,2017/07/28 03:33:10,44.37417037,-124.95623385,663.044835,1606.905441,357.78,-1.5,4.7,0.00,192.39,192.39,HMR2300,-22386.7,-1940.0,44086.7,49482.9,,,,,,,,RR1713,,
J2-970,ASNAP,2017/07/28 03:33:15,44.37417082,-124.95623400,663.032620,1606.955823,357.69,-1.5,4.7,0.00,192.39,192.39,HMR2300,-22340.0,-2000.0,44126.7,49499.9,,,,,,,,RR1713,,
J2-970,ASNAP,2017/07/28 03:33:20,44.37417127,-124.95623412,663.023026,1607.005459,357.77,-1.5,4.7,0.00,192.39,192.39,HMR2300,-22373.3,-1853.3,44033.3,49426.1,,,,,,,,RR1713,,
J2-970,ASNAP,2017/07/28 03:33:25,44.37417171,-124.95623421,663.016242,1607.054339,357.88,-1.5,4.7,0.00,192.39,192.39,HMR2300,-22393.3,-1820.0,44000.0,49404.2,,,,,,,,RR1713,,
J2-970,ASNAP,2017/07/28 03:33:30,44.37417214,-124.95623426,663.012501,1607.102350,357.82,-1.5,4.7,0.00,192.39,192.39,HMR2300,-22386.7,-1813.3,43986.7,49389.0,,,,,,,,RR1713,,
J2-970,ASNAP,2017/07/28 03:33:35,44.37417256,-124.95623426,663.012037,1607.149330,357.76,-1.5,4.7,0.00,192.39,192.39,HMR2300,-22380.0,-1866.7,44006.7,49405.8,,,,,,,,RR1713,,
J2-970,ASNAP,2017/07/28 03:33:40,44.37417298,-124.95623422,663.015088,1607.195055,357.72,-1.5,4.7,0.00,192.39,192.39,HMR2300,-22266.7,-1940.0,44280.0,49601.3,,,,,,,,RR1713,,
J2-970,ASNAP,2017/07/28 03:33:45,44.37417337,-124.95623414,663.021884,1607.239339,357.66,-1.5,4.7,0.00,192.40,192.4,HMR2300,-22260.0,-1966.7,44280.0,49599.3,,,,,,,,RR1713,,
J2-970,ASNAP,2017/07/28 03:33:50,44.37417376,-124.95623400,663.032655,1607.282059,357.76,-1.5,4.7,0.00,192.40,192.4,HMR2300,-22260.0,-1920.0,44273.3,49591.6,,,,,,,,RR1713,,
J2-970,ASNAP,2017/07/28 03:33:55,44.37417413,-124.95623382,663.047621,1607.323091,357.78,-1.5,4.7,0.00,192.40,192.4,HMR2300,-22353.3,-1960.0,44120.0,49498.4,,,,,,,,RR1713,,
J2-970,ASNAP,2017/07/28 03:34:00,44.37417448,-124.95623357,663.066989,1607.362301,357.66,-1.5,4.7,0.00,192.41,192.41,HMR2300,-22346.7,-2006.7,44126.7,49503.2,,,,,,,,RR1713,,
J2-970,ASNAP,2017/07/28 03:34:05,44.37417482,-124.95623327,663.090953,1607.399533,357.61,-1.5,4.7,0.00,192.41,192.41,HMR2300,-22346.7,-2020.0,44126.7,49503.7,,,,,,,,RR1713,,
J2-970,ASNAP,2017/07/28 03:34:10,44.37417513,-124.95623291,663.119681,1607.434607,357.45,-1.5,4.7,0.00,192.41,192.41,HMR2300,-22306.7,-2080.0,44166.7,49523.8,,,,,,,,RR1713,,
J2-970,ASNAP,2017/07/28 03:34:15,44.37417543,-124.95623249,663.153421,1607.467409,357.43,-1.5,4.7,0.00,192.41,192.41,HMR2300,-22346.7,-1966.7,44040.0,49424.3,,,,,,,,RR1713,,
J2-970,ASNAP,2017/07/28 03:34:20,44.37417570,-124.95623200,663.192533,1607.497916,357.51,-1.5,4.7,0.00,192.41,192.41,HMR2300,-22393.3,-1953.3,43993.3,49403.3,,,,,,,,RR1713,,
J2-970,ASNAP,2017/07/28 03:34:25,44.37417595,-124.95623144,663.237346,1607.526055,357.54,-1.5,4.7,0.00,192.41,192.41,HMR2300,-22333.3,-1913.3,44026.7,49404.3,,,,,,,,RR1713,,
J2-970,ASNAP,2017/07/28 03:34:30,44.37417618,-124.95623080,663.288130,1607.551668,357.89,-1.5,4.7,0.00,192.41,192.41,HMR2300,-22393.3,-1786.7,44000.0,49403.0,,,,,,,,RR1713,,
J2-970,ASNAP,2017/07/28 03:34:35,44.37417639,-124.95623008,663.345095,1607.574574,357.91,-1.5,4.7,0.00,192.41,192.41,HMR2300,-22286.7,-1880.0,44260.0,49590.1,,,,,,,,RR1713,,
J2-970,ASNAP,2017/07/28 03:34:40,44.37417657,-124.95622929,663.408379,1607.594570,357.67,-1.5,4.7,0.00,192.41,192.41,HMR2300,-22246.7,-1933.3,44266.7,49580.1,,,,,,,,RR1713,,
J2-970,ASNAP,2017/07/28 03:34:45,44.37417672,-124.95622842,663.478169,1607.611486,357.72,-1.5,4.7,0.00,192.42,192.42,HMR2300,-22260.0,-1913.3,44266.7,49585.3,,,,,,,,RR1713,,
J2-970,ASNAP,2017/07/28 03:34:50,44.37417685,-124.95622746,663.554722,1607.625189,357.78,-1.5,4.7,0.00,192.42,192.42,HMR2300,-22260.0,-1893.3,44253.3,49572.7,,,,,,,,RR1713,,
J2-970,ASNAP,2017/07/28 03:34:55,44.37417694,-124.95622641,663.638257,1607.635550,357.89,-1.5,4.7,0.00,192.41,192.41,HMR2300,-22346.7,-1920.0,44126.7,49499.7,,,,,,,,RR1713,,
J2-970,ASNAP,2017/07/28 03:35:00,44.37417700,-124.95622527,663.728943,1607.642440,357.95,-1.5,4.7,0.00,192.41,192.41,HMR2300,-22353.3,-1893.3,44133.3,49507.6,,,,,,,,RR1713,,
J2-970,ASNAP,2017/07/28 03:35:05,44.37417703,-124.95622404,663.826891,1607.645735,357.74,-1.5,4.7,0.00,192.42,192.42,HMR2300,-22293.3,-1960.0,44186.7,49530.8,,,,,,,,RR1713,,
J2-970,ASNAP,2017/07/28 03:35:10,44.37417703,-124.95622272,663.932161,1607.645318,357.79,-1.4,4.6,0.00,192.41,192.41,HMR2300,-22346.7,-1813.3,44006.7,49388.7,,,,,,,,RR1713,,
J2-970,ASNAP,2017/07/28 03:35:15,44.37417699,-124.95622131,664.045009,1607.641060,358.02,-1.4,4.7,0.00,192.41,192.41,HMR2300,-22386.7,-1740.0,43986.7,49386.4,,,,,,,,RR1713,,
J2-970,ASNAP,2017/07/28 03:35:20,44.37417692,-124.95621979,664.165915,1607.632826,358.02,-1.4,4.6,0.00,192.42,192.42,HMR2300,-22380.0,-1766.7,43993.3,49390.3,,,,,,,,RR1713,,
J2-970,ASNAP,2017/07/28 03:35:25,44.37417680,-124.95621817,664.295322,1607.620466,357.98,-1.4,4.6,0.00,192.42,192.42,HMR2300,-22353.3,-1760.0,44006.7,49389.8,,,,,,,,RR1713,,
J2-970,ASNAP,2017/07/28 03:35:30,44.37417665,-124.95621643,664.433605,1607.603821,358.24,-1.4,4.6,0.00,192.42,192.42,HMR2300,-22246.7,-1673.3,44253.3,49558.8,,,,,,,,RR1713,,
J2-970,ASNAP,2017/07/28 03:35:35,44.37417646,-124.95621458,664.580910,1607.582761,358.27,-1.4,4.6,0.00,192.42,192.42,HMR2300,-22246.7,-1666.7,44233.3,49540.7,,,,,,,,RR1713,,
J2-970,ASNAP,2017/07/28 03:35:40,44.37417623,-124.95621262,664.737137,1607.557194,358.09,-1.4,4.6,0.00,192.42,192.42,HMR2300,-22220.0,-1726.7,44260.0,49554.6,,,,,,,,RR1713,,
J2-970,ASNAP,2017/07/28 03:35:45,44.37417596,-124.95621055,664.902331,1607.527016,358.00,-1.4,4.6,0.00,192.42,192.42,HMR2300,-22206.7,-1726.7,44260.0,49548.6,,,,,,,,RR1713,,
J2-970,ASNAP,2017/07/28 03:35:50,44.37417565,-124.95620836,665.076697,1607.492109,358.07,-1.4,4.7,0.00,192.42,192.42,HMR2300,-22313.3,-1833.3,44160.0,49511.1,,,,,,,,RR1713,,
J2-970,ASNAP,2017/07/28 03:35:55,44.37417529,-124.95620606,665.260383,1607.452377,358.00,-1.4,4.6,0.00,192.42,192.42,HMR2300,-22300.0,-1860.0,44180.0,49524.0,,,,,,,,RR1713,,
J2-970,ASNAP,2017/07/28 03:36:00,44.37417489,-124.95620364,665.453462,1607.407741,358.00,-1.4,4.7,0.00,192.42,192.42,HMR2300,-22286.7,-1840.0,44206.7,49541.0,,,,,,,,RR1713,,
J2-970,ASNAP,2017/07/28 03:36:05,44.37417444,-124.95620110,665.655935,1607.358151,358.26,-1.4,4.7,0.00,192.42,192.42,HMR2300,-22300.0,-1760.0,44180.0,49520.3,,,,,,,,RR1713,,
J2-970,ASNAP,2017/07/28 03:36:10,44.37417395,-124.95619844,665.867749,1607.303570,358.42,-1.4,4.7,0.00,192.41,192.41,HMR2300,-22413.3,-1646.7,43960.0,49371.6,,,,,,,,RR1713,,
J2-970,ASNAP,2017/07/28 03:36:15,44.37417341,-124.95619566,666.089164,1607.243882,358.37,-1.4,4.7,0.00,192.42,192.42,HMR2300,-22426.7,-1706.7,43980.0,49397.5,,,,,,,,RR1713,,
J2-970,ASNAP,2017/07/28 03:36:20,44.37417283,-124.95619276,666.320701,1607.178902,358.16,-1.4,4.7,0.00,192.43,192.43,HMR2300,-22386.7,-1780.0,44000.0,49399.7,,,,,,,,RR1713,,
J2-970,ASNAP,2017/07/28 03:36:25,44.37417220,-124.95618973,666.562467,1607.108565,358.19,-1.4,4.7,0.00,192.42,192.42,HMR2300,-22240.0,-1733.3,44240.0,49545.9,,,,,,,,RR1713,,
J2-970,ASNAP,2017/07/28 03:36:30,44.37417152,-124.95618657,666.814208,1607.032902,358.28,-1.4,4.7,0.00,192.42,192.42,HMR2300,-22260.0,-1713.3,44220.0,49536.4,,,,,,,,RR1713,,
J2-970,ASNAP,2017/07/28 03:36:35,44.37417079,-124.95618328,667.076107,1606.951816,358.29,-1.4,4.7,0.00,192.43,192.43,HMR2300,-22260.0,-1720.0,44213.3,49530.6,,,,,,,,RR1713,,
J2-970,ASNAP,2017/07/28 03:36:40,44.37417001,-124.95617987,667.348711,1606.865101,357.88,-1.4,4.8,0.00,192.43,192.43,HMR2300,-22200.0,-1980.0,44240.0,49537.2,,,,,,,,RR1713,,
J2-970,ASNAP,2017/07/28 03:36:45,44.37416917,-124.95617631,667.632191,1606.772672,357.43,-1.4,4.8,0.00,192.43,192.43,HMR2300,-22206.7,-2113.3,44240.0,49545.7,,,,,,,,RR1713,,
J2-970,ASNAP,2017/07/28 03:36:50,44.37416829,-124.95617262,667.926376,1606.674556,357.42,-1.4,4.8,0.00,192.43,192.43,HMR2300,-22220.0,-2126.7,44253.3,49564.2,,,,,,,,RR1713,,
J2-970,ASNAP,2017/07/28 03:36:55,44.37416736,-124.95616880,668.230983,1606.570830,357.33,-1.4,4.8,0.00,192.44,192.44,HMR2300,-22213.3,-2166.7,44260.0,49568.9,,,,,,,,RR1713,,
J2-970,ASNAP,2017/07/28 03:37:00,44.37416637,-124.95616485,668.545631,1606.461614,357.25,-1.4,4.8,0.00,192.44,192.44,HMR2300,-22173.3,-2166.7,44280.0,49568.8,,,,,,,,RR1713,,
J2-970,ASNAP,2017/07/28 03:37:05,44.37416534,-124.95616079,668.869743,1606.347111,357.50,-1.4,4.7,0.00,192.44,192.44,HMR2300,-22286.7,-2000.0,44053.3,49410.4,,,,,,,,RR1713,,
J2-970,ASNAP,2017/07/28 03:37:10,44.37416427,-124.95615661,669.202684,1606.227549,357.74,-1.4,4.8,0.00,192.45,192.45,HMR2300,-22326.7,-1973.3,44046.7,49421.5,,,,,,,,RR1713,,
J2-970,ASNAP,2017/07/28 03:37:15,44.37416314,-124.95615231,669.545159,1606.102675,357.66,-1.3,4.7,0.00,192.45,192.45,HMR2300,-22306.7,-1980.0,44053.3,49418.7,,,,,,,,RR1713,,
J2-970,ASNAP,2017/07/28 03:37:20,44.37416197,-124.95614788,669.898761,1605.971911,357.68,-1.4,4.8,0.00,192.45,192.45,HMR2300,-22346.7,-2020.0,44046.7,49432.4,,,,,,,,RR1713,,
J2-970,ASNAP,2017/07/28 03:37:25,44.37416074,-124.95614330,670.263633,1605.835212,357.51,-1.3,4.7,0.00,192.45,192.45,HMR2300,-22113.3,-1960.0,44300.0,49551.3,,,,,,,,RR1713,,
J2-970,ASNAP,2017/07/28 03:37:30,44.37415946,-124.95613860,670.638848,1605.692923,357.50,-1.4,4.8,0.00,192.45,192.45,HMR2300,-22133.3,-1986.7,44273.3,49537.5,,,,,,,,RR1713,,
J2-970,ASNAP,2017/07/28 03:37:35,44.37415813,-124.95613376,671.024235,1605.545107,357.59,-1.3,4.7,0.00,192.45,192.45,HMR2300,-22153.3,-1933.3,44240.0,49514.5,,,,,,,,RR1713,,
J2-970,ASNAP,2017/07/28 03:37:40,44.37415675,-124.95612879,671.420171,1605.391627,357.73,-1.4,4.7,0.00,192.46,192.46,HMR2300,-22200.0,-1980.0,44253.3,49549.1,,,,,,,,RR1713,,
J2-970,ASNAP,2017/07/28 03:37:45,44.37415531,-124.95612370,671.826585,1605.232523,357.72,-1.3,4.7,0.00,192.45,192.45,HMR2300,-22180.0,-2006.7,44273.3,49559.1,,,,,,,,RR1713,,
J2-970,ASNAP,2017/07/28 03:37:50,44.37415383,-124.95611847,672.243065,1605.067971,357.69,-1.3,4.8,0.00,192.45,192.45,HMR2300,-22173.3,-2020.0,44280.0,49562.6,,,,,,,,RR1713,,
J2-970,ASNAP,2017/07/28 03:37:55,44.37415231,-124.95611313,672.669066,1604.898211,357.64,-1.3,4.8,0.00,192.45,192.45,HMR2300,-22160.0,-2026.7,44280.0,49557.0,,,,,,,,RR1713,,
J2-970,ASNAP,2017/07/28 03:38:00,44.37415073,-124.95610767,673.103938,1604.723532,357.90,-1.3,4.8,0.00,192.45,192.45,HMR2300,-22366.7,-2120.0,44106.7,49499.1,,,,,,,,RR1713,,
J2-970,ASNAP,2017/07/28 03:38:05,44.37414912,-124.95610212,673.546849,1604.544303,356.30,-0.8,5.9,0.00,192.43,192.43,HMR2300,-21646.7,-3693.3,44580.0,49695.0,,,,,,,,RR1713,,
J2-970,ASNAP,2017/07/28 03:38:10,44.37414747,-124.95609647,673.996989,1604.360891,356.16,-1.6,5.8,0.00,192.18,192.18,HMR2300,-23013.3,-2953.3,43873.3,49630.7,,,,,,,,RR1713,,
J2-970,ASNAP,2017/07/28 03:38:15,44.37414578,-124.95609073,674.455139,1604.173012,357.53,-2.5,8.7,0.00,190.81,190.81,HMR2300,-23480.0,-4333.3,43660.0,49762.3,,,,,,,,RR1713,,
J2-970,ASNAP,2017/07/28 03:38:20,44.37414404,-124.95608486,674.922933,1603.980036,358.67,-2.7,7.8,0.00,189.64,189.64,HMR2300,-23626.7,-4033.3,43680.0,49824.0,,,,,,,,RR1713,,
J2-970,ASNAP,2017/07/28 03:38:25,44.37414226,-124.95607887,675.400295,1603.782034,355.55,-3.0,6.0,0.00,187.08,187.08,HMR2300,-22946.7,-3460.0,43960.0,49709.2,,,,,,,,RR1713,,
J2-970,ASNAP,2017/07/28 03:38:30,44.37414044,-124.95607278,675.886115,1603.579503,355.84,-4.1,3.3,0.00,184.55,184.55,HMR2300,-24406.7,-753.3,43040.0,49484.3,,,,,,,,RR1713,,
J2-970,ASNAP,2017/07/28 03:38:35,44.37413858,-124.95606658,676.380075,1603.372617,355.74,-2.9,3.9,0.00,181.62,181.62,HMR2300,-23493.3,-1526.7,43593.3,49544.4,,,,,,,,RR1713,,
J2-970,EVT,2017/07/28 03:38:39,44.37413706,-124.95606155,676.781211,1603.203954,356.32,-3.6,0.8,0.00,179.82,179.82,HMR2300,-23900.0,433.3,43386.7,49535.9,,,,,,,,RR1713,DLG,TXT: Separated the package (PIA) from the float USR:eventlogger
J2-970,ASNAP,2017/07/28 03:38:40,44.37413667,-124.95606028,676.882314,1603.161358,356.31,-3.4,1.4,0.00,179.82,179.82,HMR2300,-23740.0,-400.0,43393.3,49464.4,,,,,,,,RR1713,,
J2-970,ASNAP,2017/07/28 03:38:45,44.37413474,-124.95605388,677.392506,1602.945914,356.17,-3.9,0.5,0.00,176.94,176.94,HMR2300,-24173.3,793.3,43006.7,49341.2,,,,,,,,RR1713,,
J2-970,ASNAP,2017/07/28 03:38:50,44.37413276,-124.95604739,677.910024,1602.726601,355.40,-3.6,2.5,0.00,174.18,174.18,HMR2300,-24166.7,-493.3,43126.7,49438.7,,,,,,,,RR1713,,
J2-970,ASNAP,2017/07/28 03:38:55,44.37413076,-124.95604082,678.434084,1602.503807,355.31,-3.3,4.0,0.00,171.49,171.49,HMR2300,-23566.7,-2053.3,43646.7,49645.1,,,,,,,,RR1713,,
J2-970,ASNAP,2017/07/28 03:39:00,44.37412872,-124.95603417,678.963804,1602.277968,355.62,-4.1,2.8,0.00,170.14,170.14,HMR2300,-24033.3,-900.0,43420.0,49635.7,,,,,,,,RR1713,,
J2-970,ASNAP,2017/07/28 03:39:05,44.37412667,-124.95602747,679.498235,1602.049551,355.68,-3.8,3.0,0.00,169.11,169.11,HMR2300,-24040.0,-1033.3,43413.3,49635.7,,,,,,,,RR1713,,
J2-970,ASNAP,2017/07/28 03:39:10,44.37412459,-124.95602071,680.036593,1601.818956,355.93,-3.9,3.1,0.00,168.75,168.75,HMR2300,-24140.0,-1046.7,43420.0,49690.4,,,,,,,,RR1713,,
J2-970,ASNAP,2017/07/28 03:39:15,44.37412250,-124.95601390,680.579860,1601.585828,356.34,-3.9,3.1,0.00,168.87,168.87,HMR2300,-24153.3,-853.3,43133.3,49442.9,,,,,,,,RR1713,,
J2-970,ASNAP,2017/07/28 03:39:20,44.37412037,-124.95600700,681.129711,1601.349516,356.64,-3.9,2.4,0.00,169.22,169.22,HMR2300,-24360.0,-700.0,43106.7,49518.5,,,,,,,,RR1713,,
J2-970,ASNAP,2017/07/28 03:39:25,44.37411822,-124.95600003,681.685840,1601.110218,356.59,-4.4,1.6,0.00,169.71,169.71,HMR2300,-24780.0,-186.7,42800.0,49456.3,,,,,,,,RR1713,,
J2-970,ASNAP,2017/07/28 03:39:30,44.37411604,-124.95599299,682.246987,1600.868549,356.35,-3.8,1.7,0.00,169.92,169.92,HMR2300,-25333.3,1480.0,42266.7,49299.5,,,,,,,,RR1713,,
J2-970,ASNAP,2017/07/28 03:39:35,44.37411385,-124.95598589,682.812655,1600.624792,356.52,-2.4,4.8,0.00,168.63,168.63,HMR2300,-22820.0,-1460.0,43853.3,49457.0,,,,,,,,RR1713,,
J2-970,ASNAP,2017/07/28 03:39:40,44.37411164,-124.95597874,683.382691,1600.379090,356.13,-4.3,3.2,0.00,168.17,168.17,HMR2300,-24046.7,-1093.3,43173.3,49430.5,,,,,,,,RR1713,,
J2-970,ASNAP,2017/07/28 03:39:45,44.37410941,-124.95597154,683.956604,1600.131729,356.13,-4.1,2.7,0.00,168.14,168.14,HMR2300,-24313.3,-746.7,42980.0,49386.0,,,,,,,,RR1713,,
J2-970,ASNAP,2017/07/28 03:39:50,44.37410717,-124.95596430,684.533733,1599.883075,355.92,-4.2,1.8,0.00,168.66,168.66,HMR2300,-24566.7,-280.0,42880.0,49419.6,,,,,,,,RR1713,,
J2-970,ASNAP,2017/07/28 03:39:55,44.37410493,-124.95595703,685.113341,1599.633523,356.11,-3.6,2.7,0.00,169.32,169.32,HMR2300,-24013.3,-726.7,43440.0,49640.7,,,,,,,,RR1713,,
J2-970,ASNAP,2017/07/28 03:40:00,44.37410268,-124.95594974,685.694650,1599.383489,355.37,-6.4,1.5,0.00,169.52,169.52,HMR2300,-24620.0,-1486.7,43040.0,49606.4,,,,,,,,RR1713,,
J2-970,ASNAP,2017/07/28 03:40:05,44.37410043,-124.95594244,686.276804,1599.133422,356.36,-4.6,1.9,0.00,168.20,168.2,HMR2300,-24806.7,-233.3,42840.0,49504.5,,,,,,,,RR1713,,
J2-970,ASNAP,2017/07/28 03:40:10,44.37409818,-124.95593513,686.859186,1598.883669,356.18,-3.4,2.6,0.00,168.13,168.13,HMR2300,-24013.3,-440.0,43186.7,49415.8,,,,,,,,RR1713,,
J2-970,ASNAP,2017/07/28 03:40:15,44.37409593,-124.95592781,687.443037,1598.633781,355.95,-4.9,1.2,0.00,168.55,168.55,HMR2300,-24833.3,-240.0,42760.0,49448.7,,,,,,,,RR1713,,
J2-970,ASNAP,2017/07/28 03:40:20,44.37409367,-124.95592045,688.030038,1598.383124,356.33,-3.9,2.5,0.00,168.67,168.67,HMR2300,-24666.7,-280.0,42880.0,49469.4,,,,,,,,RR1713,,
J2-970,ASNAP,2017/07/28 03:40:25,44.37409141,-124.95591305,688.619585,1598.132042,355.70,-3.5,3.7,0.00,168.80,168.8,HMR2300,-23246.7,-1720.0,43686.7,49516.6,,,,,,,,RR1713,,
J2-970,ASNAP,2017/07/28 03:40:30,44.37408916,-124.95590564,689.210264,1597.881228,356.11,-5.6,1.1,0.00,168.90,168.9,HMR2300,-25493.3,86.7,42300.0,49388.3,,,,,,,,RR1713,,
J2-970,ASNAP,2017/07/28 03:40:35,44.37408690,-124.95589823,689.801674,1597.630940,356.38,-3.8,2.3,0.00,168.99,168.99,HMR2300,-24973.3,240.0,42613.3,49392.5,,,,,,,,RR1713,,
J2-970,ASNAP,2017/07/28 03:40:40,44.37408466,-124.95589080,690.393783,1597.381281,356.17,-3.0,3.5,0.00,169.08,169.08,HMR2300,-23560.0,-840.0,43453.3,49436.5,,,,,,,,RR1713,,
J2-970,ASNAP,2017/07/28 03:40:45,44.37408242,-124.95588337,690.986296,1597.132465,355.69,-7.3,0.6,0.00,169.04,169.04,HMR2300,-25286.7,-1053.3,42420.0,49396.2,,,,,,,,RR1713,,
J2-970,ASNAP,2017/07/28 03:40:50,44.37408019,-124.95587593,691.578776,1596.884763,356.39,-4.3,2.0,0.00,167.41,167.41,HMR2300,-24760.0,-153.3,42900.0,49532.7,,,,,,,,RR1713,,
J2-970,ASNAP,2017/07/28 03:40:55,44.37407797,-124.95586851,692.170552,1596.638537,356.01,-2.6,3.5,0.00,167.13,167.13,HMR2300,-23086.7,-700.0,43800.0,49516.9,,,,,,,,RR1713,,
J2-970,ASNAP,2017/07/28 03:41:00,44.37407577,-124.95586111,692.760827,1596.394200,355.46,-5.1,0.3,0.00,168.22,168.22,HMR2300,-26180.0,1393.3,41786.7,49330.1,,,,,,,,RR1713,,
J2-970,ASNAP,2017/07/28 03:41:05,44.37407360,-124.95585373,693.348583,1596.152250,356.09,-1.7,3.6,0.00,169.11,169.11,HMR2300,-23186.7,-80.0,43740.0,49505.7,,,,,,,,RR1713,,
J2-970,ASNAP,2017/07/28 03:41:10,44.37407144,-124.95584640,693.933140,1595.913044,355.35,-4.5,2.7,0.00,169.51,169.51,HMR2300,-23253.3,-1666.7,43820.0,49635.5,,,,,,,,RR1713,,
J2-970,ASNAP,2017/07/28 03:41:15,44.37406931,-124.95583909,694.516067,1595.676023,356.50,-4.2,1.4,0.00,169.86,169.86,HMR2300,-25066.7,413.3,42626.7,49452.4,,,,,,,,RR1713,,
J2-970,ASNAP,2017/07/28 03:41:20,44.37406719,-124.95583178,695.099236,1595.440504,354.59,-4.9,2.3,0.00,169.77,169.77,HMR2300,-23493.3,-2253.3,43686.7,49654.2,,,,,,,,RR1713,,
J2-970,ASNAP,2017/07/28 03:41:25,44.37406509,-124.95582446,695.682067,1595.206798,356.13,-3.4,1.6,0.00,169.25,169.25,HMR2300,-24300.0,66.7,43113.3,49489.9,,,,,,,,RR1713,,
J2-970,ASNAP,2017/07/28 03:41:30,44.37406301,-124.95581717,696.263307,1594.975496,354.27,-3.9,3.6,0.00,169.38,169.38,HMR2300,-23046.7,-2373.3,43960.0,49691.7,,,,,,,,RR1713,,
J2-970,ASNAP,2017/07/28 03:41:35,44.37406095,-124.95580991,696.842555,1594.746835,356.15,-4.4,1.1,0.00,170.18,170.18,HMR2300,-25766.7,1173.3,42086.7,49361.8,,,,,,,,RR1713,,
J2-970,ASNAP,2017/07/28 03:41:40,44.37405892,-124.95580267,697.419660,1594.520953,354.46,-1.5,5.0,0.00,169.06,169.06,HMR2300,-21253.3,-2506.7,44806.7,49655.1,,,,,,,,RR1713,,
J2-970,ASNAP,2017/07/28 03:41:45,44.37405691,-124.95579546,697.994360,1594.298019,355.40,-4.5,1.7,0.00,168.99,168.99,HMR2300,-25386.7,193.3,42440.0,49453.8,,,,,,,,RR1713,,
J2-970,ASNAP,2017/07/28 03:41:50,44.37405493,-124.95578829,698.566310,1594.078232,354.48,-2.0,3.7,0.00,169.33,169.33,HMR2300,-22706.7,-1233.3,44086.7,49605.9,,,,,,,,RR1713,,
J2-970,ASNAP,2017/07/28 03:41:55,44.37405298,-124.95578115,699.134943,1593.861861,354.14,-4.0,3.7,0.00,169.68,169.68,HMR2300,-22980.0,-2220.0,43993.3,49683.2,,,,,,,,RR1713,,
J2-970,ASNAP,2017/07/28 03:42:00,44.37405107,-124.95577407,699.699574,1593.649214,354.96,-6.4,1.1,0.00,170.00,170,HMR2300,-25360.0,-633.3,42526.7,49518.2,,,,,,,,RR1713,,
J2-970,ASNAP,2017/07/28 03:42:05,44.37404919,-124.95576705,700.259279,1593.440675,356.28,-3.8,1.3,0.00,169.90,169.9,HMR2300,-26233.3,1860.0,41706.7,49306.1,,,,,,,,RR1713,,
J2-970,ASNAP,2017/07/28 03:42:10,44.37404736,-124.95576010,700.813580,1593.236460,355.57,-0.5,4.8,0.00,168.70,168.7,HMR2300,-21106.7,-1520.0,44813.3,49558.4,,,,,,,,RR1713,,
J2-970,ASNAP,2017/07/28 03:42:15,44.37404555,-124.95575319,701.364168,1593.035986,355.65,-5.5,1.3,0.00,169.32,169.32,HMR2300,-25693.3,-126.7,42273.3,49469.2,,,,,,,,RR1713,,
J2-970,ASNAP,2017/07/28 03:42:20,44.37404378,-124.95574631,701.912753,1592.838662,355.72,-4.4,1.3,0.00,169.88,169.88,HMR2300,-25220.0,353.3,42540.0,49455.3,,,,,,,,RR1713,,
J2-970,ASNAP,2017/07/28 03:42:25,44.37404203,-124.95573946,702.458586,1592.644789,355.35,-3.7,1.7,0.00,170.08,170.08,HMR2300,-24413.3,300.0,43000.0,49448.0,,,,,,,,RR1713,,
J2-970,ASNAP,2017/07/28 03:42:30,44.37404032,-124.95573267,703.000487,1592.454822,355.62,-2.8,4.0,0.00,169.43,169.43,HMR2300,-22880.0,-1446.7,43986.7,49602.6,,,,,,,,RR1713,,
J2-970,ASNAP,2017/07/28 03:42:35,44.37403865,-124.95572592,703.538280,1592.268851,354.99,-6.1,2.7,0.00,169.55,169.55,HMR2300,-24013.3,-2360.0,43373.3,49633.2,,,,,,,,RR1713,,
J2-970,ASNAP,2017/07/28 03:42:40,44.37403701,-124.95571923,704.071986,1592.086887,355.33,-8.5,-0.1,0.00,169.74,169.74,HMR2300,-26586.7,-980.0,41746.7,49503.5,,,,,,,,RR1713,,
J2-970,ASNAP,2017/07/28 03:42:45,44.37403541,-124.95571258,704.601387,1591.909009,356.08,-7.3,-1.8,0.00,169.63,169.63,HMR2300,-28820.0,1926.7,39920.0,49273.8,,,,,,,,RR1713,,
J2-970,ASNAP,2017/07/28 03:42:50,44.37403385,-124.95570600,705.126134,1591.735333,356.08,-0.2,3.4,0.00,168.51,168.51,HMR2300,-21833.3,-213.3,44366.7,49448.4,,,,,,,,RR1713,,
J2-970,ASNAP,2017/07/28 03:42:55,44.37403232,-124.95569949,705.645607,1591.566043,355.12,-6.5,1.9,0.00,169.30,169.3,HMR2300,-24753.3,-1580.0,42933.3,49583.2,,,,,,,,RR1713,,
J2-970,ASNAP,2017/07/28 03:43:00,44.37403084,-124.95569305,706.159116,1591.401335,355.80,-8.7,-0.5,0.00,170.03,170.03,HMR2300,-27300.0,-300.0,41240.0,49458.2,,,,,,,,RR1713,,
J2-970,ASNAP,2017/07/28 03:43:05,44.37402940,-124.95568669,706.665945,1591.241394,355.60,-5.6,0.5,0.00,169.62,169.62,HMR2300,-25406.7,-480.0,42480.0,49500.3,,,,,,,,RR1713,,
J2-970,ASNAP,2017/07/28 03:43:10,44.37402801,-124.95568042,707.165898,1591.086245,356.28,-8.3,-1.9,0.00,170.00,170,HMR2300,-28280.0,1400.0,40393.3,49328.9,,,,,,,,RR1713,,
J2-970,ASNAP,2017/07/28 03:43:15,44.37402665,-124.95567421,707.660584,1590.935358,356.45,-1.2,2.6,0.00,169.09,169.09,HMR2300,-22733.3,326.7,43860.0,49402.5,,,,,,,,RR1713,,
J2-970,ASNAP,2017/07/28 03:43:20,44.37402532,-124.95566805,708.151642,1590.788209,354.74,-7.7,2.8,0.00,169.16,169.16,HMR2300,-24180.0,-2480.0,43213.3,49580.4,,,,,,,,RR1713,,
J2-970,ASNAP,2017/07/28 03:43:25,44.37402403,-124.95566193,708.639463,1590.644697,356.62,-3.4,2.0,0.00,167.91,167.91,HMR2300,-24313.3,-360.0,43066.7,49457.1,,,,,,,,RR1713,,
J2-970,ASNAP,2017/07/28 03:43:30,44.37402277,-124.95565585,709.124372,1590.504747,357.06,-3.1,2.4,0.00,169.28,169.28,HMR2300,-24193.3,0.0,43173.3,49489.9,,,,,,,,RR1713,,
J2-970,ASNAP,2017/07/28 03:43:35,44.37402154,-124.95564979,709.607385,1590.368061,355.81,-5.5,2.5,0.00,169.47,169.47,HMR2300,-23966.7,-1080.0,43400.0,49589.6,,,,,,,,RR1713,,
J2-970,ASNAP,2017/07/28 03:43:40,44.37402034,-124.95564378,710.086696,1590.235035,356.76,-3.6,2.5,0.00,169.42,169.42,HMR2300,-24266.7,-393.3,43180.0,49533.2,,,,,,,,RR1713,,
J2-970,ASNAP,2017/07/28 03:43:45,44.37401921,-124.95563796,710.551034,1590.108408,355.36,-4.5,4.0,0.00,169.23,169.23,HMR2300,-22426.7,-2386.7,44220.0,49639.3,,,,,,,,RR1713,,
J2-970,ASNAP,2017/07/28 03:43:50,44.37401817,-124.95563256,710.981059,1589.992897,356.70,-4.0,2.0,0.00,168.95,168.95,HMR2300,-24933.3,-353.3,42753.3,49493.9,,,,,,,,RR1713,,
J2-970,ASNAP,2017/07/28 03:43:55,44.37401731,-124.95562807,711.338784,1589.897770,356.60,-4.1,1.7,0.00,170.10,170.1,HMR2300,-25360.0,546.7,42433.3,49437.0,,,,,,,,RR1713,,
J2-970,ASNAP,2017/07/28 03:44:00,44.37401668,-124.95562476,711.602959,1589.828082,355.82,-2.3,3.4,0.00,169.71,169.71,HMR2300,-22680.0,-953.3,44100.0,49599.4,,,,,,,,RR1713,,
J2-970,ASNAP,2017/07/28 03:44:05,44.37401620,-124.95562216,711.810526,1589.774313,356.10,-7.2,0.7,0.00,170.23,170.23,HMR2300,-26686.7,100.0,41620.0,49441.0,,,,,,,,RR1713,,
J2-970,ASNAP,2017/07/28 03:44:10,44.37401575,-124.95561967,712.008823,1589.724343,355.97,-3.5,1.6,0.00,170.02,170.02,HMR2300,-25760.0,826.7,42153.3,49408.1,,,,,,,,RR1713,,
J2-970,ASNAP,2017/07/28 03:44:15,44.37401522,-124.95561670,712.245184,1589.666053,355.49,-1.5,4.1,0.00,169.18,169.18,HMR2300,-21640.0,-1580.0,44560.0,49561.9,,,,,,,,RR1713,,
J2-970,ASNAP,2017/07/28 03:44:20,44.37401453,-124.95561273,712.562134,1589.588565,356.00,-9.7,-0.5,0.00,169.79,169.79,HMR2300,-28773.3,213.3,40153.3,49398.8,,,,,,,,RR1713,,
J2-970,ASNAP,2017/07/28 03:44:25,44.37401368,-124.95560788,712.949012,1589.494757,356.53,-1.0,2.8,0.00,168.93,168.93,HMR2300,-22820.0,-46.7,43860.0,49441.4,,,,,,,,RR1713,,
J2-970,ASNAP,2017/07/28 03:44:30,44.37401279,-124.95560267,713.363944,1589.395569,355.31,-10.4,1.2,0.00,169.23,169.23,HMR2300,-26233.3,-1853.3,42000.0,49554.2,,,,,,,,RR1713,,
J2-970,ASNAP,2017/07/28 03:44:35,44.37401190,-124.95559741,713.783626,1589.297041,356.82,-2.5,2.2,0.00,168.06,168.06,HMR2300,-23966.7,-213.3,43246.7,49444.1,,,,,,,,RR1713,,
J2-970,ASNAP,2017/07/28 03:44:40,44.37401105,-124.95559223,714.196676,1589.202064,356.65,-3.2,2.4,0.00,168.99,168.99,HMR2300,-24006.7,-420.0,43320.0,49529.0,,,,,,,,RR1713,,
J2-970,ASNAP,2017/07/28 03:44:45,44.37401024,-124.95558718,714.598770,1589.111633,355.52,-7.0,2.4,0.00,169.77,169.77,HMR2300,-24353.3,-1826.7,43166.7,49596.2,,,,,,,,RR1713,,
J2-970,ASNAP,2017/07/28 03:44:50,44.37400946,-124.95558228,714.989742,1589.025629,356.57,-5.1,0.8,0.00,169.70,169.7,HMR2300,-27313.3,900.0,41113.3,49367.3,,,,,,,,RR1713,,
J2-970,ASNAP,2017/07/28 03:44:55,44.37400872,-124.95557750,715.370491,1588.943684,355.72,-0.7,3.6,0.00,169.21,169.21,HMR2300,-21500.0,-826.7,44606.7,49524.6,,,,,,,,RR1713,,
J2-970,ASNAP,2017/07/28 03:45:00,44.37400802,-124.95557284,715.742378,1588.865327,355.30,-7.4,2.4,0.00,169.56,169.56,HMR2300,-24313.3,-1886.7,43140.0,49555.6,,,,,,,,RR1713,,
J2-970,ASNAP,2017/07/28 03:45:05,44.37400734,-124.95556828,716.106000,1588.790286,356.17,-7.9,0.0,0.00,169.49,169.49,HMR2300,-27906.7,-46.7,40800.0,49431.0,,,,,,,,RR1713,,
J2-970,ASNAP,2017/07/28 03:45:10,44.37400670,-124.95556382,716.461540,1588.718397,356.05,-4.7,0.4,0.00,170.10,170.1,HMR2300,-26986.7,1040.0,41340.0,49379.7,,,,,,,,RR1713,,
J2-970,ASNAP,2017/07/28 03:45:15,44.37400608,-124.95555946,716.809006,1588.649545,355.57,-2.3,2.5,0.00,169.73,169.73,HMR2300,-23566.7,-240.0,43553.3,49521.1,,,,,,,,RR1713,,
J2-970,ASNAP,2017/07/28 03:45:20,44.37400548,-124.95555520,717.148308,1588.583641,356.19,-6.8,0.1,0.00,170.21,170.21,HMR2300,-27340.0,1040.0,41080.0,49357.1,,,,,,,,RR1713,,
J2-970,ASNAP,2017/07/28 03:45:25,44.37400492,-124.95555105,717.479286,1588.520610,356.16,-1.3,3.4,0.00,169.18,169.18,HMR2300,-22560.0,-406.7,44033.3,49477.8,,,,,,,,RR1713,,
J2-970,ASNAP,2017/07/28 03:45:30,44.37400437,-124.95554701,717.801765,1588.460378,355.19,-5.0,3.6,0.00,169.17,169.17,HMR2300,-23006.7,-2080.0,43893.3,49601.0,,,,,,,,RR1713,,
J2-970,ASNAP,2017/07/28 03:45:35,44.37400386,-124.95554307,718.115756,1588.402838,356.43,-9.7,-0.5,0.00,169.80,169.8,HMR2300,-29706.7,373.3,39460.0,49393.5,,,,,,,,RR1713,,
J2-970,ASNAP,2017/07/28 03:45:40,44.37400336,-124.95553923,718.421322,1588.347874,356.43,-0.4,2.8,0.00,168.74,168.74,HMR2300,-22266.7,-100.0,44133.3,49432.4,,,,,,,,RR1713,,
J2-970,ASNAP,2017/07/28 03:45:45,44.37400289,-124.95553551,718.718315,1588.295412,355.70,-8.2,1.1,0.00,169.64,169.64,HMR2300,-25920.0,-1100.0,42200.0,49536.8,,,,,,,,RR1713,,
J2-970,ASNAP,2017/07/28 03:45:50,44.37400244,-124.95553189,719.006524,1588.245388,356.19,-6.5,0.2,0.00,169.91,169.91,HMR2300,-28026.7,680.0,40680.0,49404.6,,,,,,,,RR1713,,
J2-970,ASNAP,2017/07/28 03:45:55,44.37400201,-124.95552839,719.285899,1588.197715,355.34,-4.8,0.3,0.00,169.96,169.96,HMR2300,-25613.3,480.0,42286.7,49441.2,,,,,,,,RR1713,,
J2-970,ASNAP,2017/07/28 03:46:00,44.37400160,-124.95552500,719.556435,1588.152298,356.26,-4.6,0.9,0.00,170.01,170.01,HMR2300,-27300.0,1480.0,41053.3,49324.0,,,,,,,,RR1713,,
J2-970,ASNAP,2017/07/28 03:46:05,44.37400121,-124.95552171,719.818018,1588.109067,355.68,-0.5,3.9,0.00,169.19,169.19,HMR2300,-21473.3,-740.0,44580.0,49487.7,,,,,,,,RR1713,,
J2-970,ASNAP,2017/07/28 03:46:10,44.37400084,-124.95551855,720.070483,1588.067959,355.66,-7.0,1.9,0.00,170.02,170.02,HMR2300,-25840.0,-1186.7,42273.3,49559.5,,,,,,,,RR1713,,
J2-970,ASNAP,2017/07/28 03:46:15,44.37400049,-124.95551550,720.313596,1588.028929,355.19,-8.2,0.4,0.00,170.40,170.4,HMR2300,-27140.0,-700.0,41400.0,49507.9,,,,,,,,RR1713,,
J2-970,ASNAP,2017/07/28 03:46:20,44.37400016,-124.95551257,720.547233,1587.991918,356.12,-2.1,2.3,0.00,169.84,169.84,HMR2300,-23526.7,-106.7,43586.7,49530.9,,,,,,,,RR1713,,
J2-970,ASNAP,2017/07/28 03:46:25,44.37399984,-124.95550975,720.771995,1587.956756,355.11,-6.9,1.4,0.00,170.47,170.47,HMR2300,-25200.0,-866.7,42640.0,49537.5,,,,,,,,RR1713,,
J2-970,ASNAP,2017/07/28 03:46:30,44.37399954,-124.95550703,720.988592,1587.923264,356.12,-2.9,2.7,0.00,169.75,169.75,HMR2300,-23653.3,-426.7,43440.0,49464.1,,,,,,,,RR1713,,
J2-970,ASNAP,2017/07/28 03:46:35,44.37399925,-124.95550442,721.196931,1587.891392,354.60,-6.4,3.1,0.00,169.31,169.31,HMR2300,-23540.0,-2426.7,43660.0,49661.0,,,,,,,,RR1713,,
J2-970,ASNAP,2017/07/28 03:46:40,44.37399898,-124.95550191,721.396713,1587.861129,356.48,-3.6,2.1,0.00,168.98,168.98,HMR2300,-24493.3,-653.3,43160.0,49630.0,,,,,,,,RR1713,,
J2-970,ASNAP,2017/07/28 03:46:45,44.37399872,-124.95549951,721.588041,1587.832405,355.47,-4.2,2.4,0.00,169.99,169.99,HMR2300,-24366.7,-646.7,43220.0,49619.8,,,,,,,,RR1713,,
J2-970,ASNAP,2017/07/28 03:46:50,44.37399848,-124.95549722,721.771109,1587.805141,354.70,-4.9,1.8,0.00,170.33,170.33,HMR2300,-24513.3,-1120.0,43173.3,49659.8,,,,,,,,RR1713,,
J2-970,ASNAP,2017/07/28 03:46:55,44.37399824,-124.95549502,721.945873,1587.779299,354.45,-4.9,2.6,0.00,169.88,169.88,HMR2300,-24086.7,-2140.0,43460.0,49734.5,,,,,,,,RR1713,,
J2-970,ASNAP,2017/07/28 03:47:00,44.37399802,-124.95549294,722.112232,1587.754851,354.99,-7.6,0.0,0.00,170.22,170.22,HMR2300,-25960.0,-1233.3,42300.0,49646.1,,,,,,,,RR1713,,
J2-970,ASNAP,2017/07/28 03:47:05,44.37399782,-124.95549096,722.270182,1587.731761,355.33,-6.9,-1.2,0.00,170.01,170.01,HMR2300,-27286.7,686.7,41293.3,49499.2,,,,,,,,RR1713,,
J2-970,ASNAP,2017/07/28 03:47:10,44.37399762,-124.95548908,722.419748,1587.709992,355.31,-1.7,2.1,0.00,169.64,169.64,HMR2300,-23933.3,546.7,43346.7,49518.0,,,,,,,,RR1713,,
J2-970,ASNAP,2017/07/28 03:47:15,44.37399744,-124.95548731,722.560951,1587.689512,353.96,-2.1,4.4,0.00,169.34,169.34,HMR2300,-21720.0,-2280.0,44746.7,49791.8,,,,,,,,RR1713,,
J2-970,ASNAP,2017/07/28 03:47:20,44.37399726,-124.95548564,722.693906,1587.670278,353.68,-6.6,2.4,0.00,169.73,169.73,HMR2300,-24500.0,-2560.0,43260.0,49781.8,,,,,,,,RR1713,,
J2-970,ASNAP,2017/07/28 03:47:25,44.37399710,-124.95548407,722.819132,1587.652195,354.45,-5.7,2.0,0.00,169.49,169.49,HMR2300,-24853.3,-1920.0,43020.0,49720.2,,,,,,,,RR1713,,
J2-970,ASNAP,2017/07/28 03:47:30,44.37399695,-124.95548259,722.937162,1587.635167,355.42,-7.1,-0.1,0.00,169.60,169.6,HMR2300,-26033.3,-600.0,42180.0,49570.6,,,,,,,,RR1713,,
J2-970,ASNAP,2017/07/28 03:47:35,44.37399680,-124.95548120,723.048078,1587.619169,355.34,-9.2,-2.7,0.00,169.28,169.28,HMR2300,-28100.0,980.0,40660.0,49434.9,,,,,,,,RR1713,,
J2-970,ASNAP,2017/07/28 03:47:40,44.37399667,-124.95547990,723.151875,1587.604191,356.55,-1.3,2.4,0.00,168.00,168,HMR2300,-23013.3,346.7,43853.3,49526.2,,,,,,,,RR1713,,
J2-970,ASNAP,2017/07/28 03:47:45,44.37399654,-124.95547868,723.248710,1587.590199,355.27,-4.4,2.7,0.00,168.82,168.82,HMR2300,-24120.0,-746.7,43366.7,49628.6,,,,,,,,RR1713,,
J2-970,ASNAP,2017/07/28 03:47:50,44.37399643,-124.95547755,723.338780,1587.577161,355.09,-4.1,2.4,0.00,169.08,169.08,HMR2300,-24580.0,-13.3,43040.0,49564.3,,,,,,,,RR1713,,
J2-970,ASNAP,2017/07/28 03:47:55,44.37399632,-124.95547650,723.422264,1587.565046,355.49,-3.8,2.3,0.00,168.90,168.9,HMR2300,-24440.0,-113.3,43153.3,49593.7,,,,,,,,RR1713,,
J2-970,ASNAP,2017/07/28 03:48:00,44.37399622,-124.95547554,723.499344,1587.553825,355.65,-5.2,0.6,0.00,169.13,169.13,HMR2300,-25720.0,933.3,42253.3,49474.6,,,,,,,,RR1713,,
J2-970,ASNAP,2017/07/28 03:48:05,44.37399612,-124.95547465,723.570222,1587.543470,355.27,-2.9,3.2,0.00,168.68,168.68,HMR2300,-23046.7,-1266.7,43980.0,49668.8,,,,,,,,RR1713,,
J2-970,ASNAP,2017/07/28 03:48:10,44.37399604,-124.95547383,723.635104,1587.533951,355.16,-8.3,1.1,0.00,168.48,168.48,HMR2300,-25080.0,-1833.3,42840.0,49675.3,,,,,,,,RR1713,,
J2-970,ASNAP,2017/07/28 03:48:15,44.37399596,-124.95547309,723.694180,1587.525244,357.32,-3.0,1.6,0.00,167.86,167.86,HMR2300,-24780.0,626.7,42900.0,49546.5,,,,,,,,RR1713,,
J2-970,ASNAP,2017/07/28 03:48:20,44.37399589,-124.95547242,723.747684,1587.517318,355.99,-2.5,3.0,0.00,168.35,168.35,HMR2300,-23066.7,-493.3,43953.3,49640.8,,,,,,,,RR1713,,
J2-970,ASNAP,2017/07/28 03:48:25,44.37399582,-124.95547182,723.796008,1587.510119,355.86,-6.8,1.5,0.00,168.86,168.86,HMR2300,-24653.3,-1146.7,43093.3,49660.2,,,,,,,,RR1713,,
J2-970,ASNAP,2017/07/28 03:48:30,44.37399576,-124.95547127,723.839521,1587.503599,356.30,-6.5,0.3,0.00,168.76,168.76,HMR2300,-26626.7,160.0,41780.0,49543.7,,,,,,,,RR1713,,
J2-970,ASNAP,2017/07/28 03:48:35,44.37399571,-124.95547078,723.878386,1587.497738,355.55,-2.9,2.7,0.00,168.77,168.77,HMR2300,-24233.3,-93.3,43260.0,49585.2,,,,,,,,RR1713,,
J2-970,ASNAP,2017/07/28 03:48:40,44.37399566,-124.95547035,723.912812,1587.492511,354.98,-2.9,4.3,0.00,168.18,168.18,HMR2300,-22286.7,-2313.3,44406.7,49739.3,,,,,,,,RR1713,,
J2-970,ASNAP,2017/07/28 03:48:45,44.37399562,-124.95546997,723.943327,1587.487847,355.90,-12.1,-2.2,0.00,168.39,168.39,HMR2300,-29180.0,33.3,39993.3,49507.0,,,,,,,,RR1713,,
J2-970,ASNAP,2017/07/28 03:48:50,44.37399558,-124.95546962,723.970749,1587.483630,356.69,-1.1,2.8,0.00,166.50,166.5,HMR2300,-23306.7,-153.3,43806.7,49621.0,,,,,,,,RR1713,,
J2-970,ASNAP,2017/07/28 03:48:55,44.3739826,-374.8845147,-19924207.57,1586.04,355.21,-7.5,0.3,0.00,166.14,166.14,HMR2300,-25406.7,-540.0,42593.3,49598.2,,,,,,,,RR1713,,
J2-970,ASNAP,2017/07/28 03:49:00,44.3739760,-374.8845143,-19924207.54,1585.31,355.96,-3.0,2.5,0.00,165.07,165.07,HMR2300,-25240.0,500.0,42606.7,49524.1,,,,,,,,RR1713,,
J2-970,ASNAP,2017/07/28 03:49:05,44.3739741,-374.8845078,-19924207.02,1585.10,354.59,-0.9,5.5,0.00,163.36,163.36,HMR2300,-20333.3,-3026.7,45333.3,49776.7,,,,,,,,RR1713,,
J2-970,ASNAP,2017/07/28 03:49:10,44.3739741,-374.8845078,-19924207.02,1585.10,355.71,-8.4,-0.8,0.00,162.71,162.71,HMR2300,-28266.7,940.0,40573.3,49457.9,,,,,,,,RR1713,,
J2-970,ASNAP,2017/07/28 03:49:15,44.3739734,-374.8844867,-19924205.34,1585.02,355.06,-6.6,-1.4,0.00,161.38,161.38,HMR2300,-28080.0,2040.0,40553.3,49368.2,,,,,,,,RR1713,,
J2-970,ASNAP,2017/07/28 03:49:20,44.3739734,-374.8844867,-19924205.34,1585.02,355.61,-0.5,4.3,0.00,159.48,159.48,HMR2300,-21960.0,-986.7,44500.0,49633.3,,,,,,,,RR1713,,
J2-970,EVT,2017/07/28 03:49:21,44.3739734,-374.8844867,-19924205.34,1585.02,355.89,-1.6,2.7,0.00,159.35,159.35,HMR2300,-23733.3,53.3,43553.3,49600.1,,,,,,,,RR1713,DLG,TXT: Begin surfacing USR:eventlogger
J2-970,ASNAP,2017/07/28 03:49:25,44.3739680,-374.8845007,-19924206.46,1584.42,353.80,-8.0,2.4,0.00,158.76,158.76,HMR2300,-24326.7,-3146.7,43373.3,49829.1,,,,,,,,RR1713,,
J2-970,ASNAP,2017/07/28 03:49:30,44.3739680,-374.8845007,-19924206.46,1584.42,355.27,-5.0,1.0,0.00,157.60,157.6,HMR2300,-27213.3,1000.0,41286.7,49458.6,,,,,,,,RR1713,,
J2-970,ASNAP,2017/07/28 03:49:35,44.3739707,-374.8844764,-19924204.52,1584.72,353.93,-0.4,5.0,0.00,155.33,155.33,HMR2300,-20426.7,-2900.0,45273.3,49752.7,,,,,,,,RR1713,,
J2-970,ASNAP,2017/07/28 03:49:40,44.3739707,-374.8844764,-19924204.52,1584.72,354.18,-11.6,-2.5,0.00,155.02,155.02,HMR2300,-29460.0,593.3,39733.3,49467.0,,,,,,,,RR1713,,
J2-970,ASNAP,2017/07/28 03:49:45,44.3739707,-374.8844764,-19924204.52,1584.72,351.76,-3.4,3.7,0.00,152.85,152.85,HMR2300,-24306.7,-3446.7,43446.7,49903.0,,,,,,,,RR1713,,
J2-970,ASNAP,2017/07/28 03:49:50,44.3739707,-374.8844764,-19924204.52,1584.72,344.64,-4.6,2.5,0.00,151.89,151.89,HMR2300,-21760.0,-4953.3,44740.0,49997.0,,,,,,,,RR1713,,
J2-970,ASNAP,2017/07/28 03:49:55,44.3739707,-374.8844764,-19924204.52,1584.72,338.48,-9.8,0.4,0.00,151.40,151.4,HMR2300,-24433.3,-6900.0,43246.7,50148.5,,,,,,,,RR1713,,
J2-970,ASNAP,2017/07/28 03:50:00,44.3739822,-374.8844590,-19924203.13,1586.00,328.11,-3.6,1.9,0.00,150.56,150.56,HMR2300,-21280.0,-8540.0,44806.7,50333.0,,,,,,,,RR1713,,
J2-970,ASNAP,2017/07/28 03:50:05,44.3739940,-374.8844644,-19924203.56,1587.31,302.29,-1.2,2.8,0.00,149.27,149.27,HMR2300,-6233.3,-13426.7,48813.3,51008.5,,,,,,,,RR1713,,
J2-970,ASNAP,2017/07/28 03:50:10,44.3739940,-374.8844644,-19924203.56,1587.31,269.17,-7.3,5.0,0.00,149.32,149.32,HMR2300,-720.0,-15700.0,49020.0,51477.8,,,,,,,,RR1713,,
J2-970,ASNAP,2017/07/28 03:50:15,44.3740098,-374.8844827,-19924205.02,1589.06,262.51,-4.3,3.0,0.00,149.20,149.2,HMR2300,1953.3,-15066.7,49206.7,51498.7,,,,,,,,RR1713,,
J2-970,ASNAP,2017/07/28 03:50:20,44.3740098,-374.8844827,-19924205.02,1589.06,265.92,-3.6,1.3,0.00,148.24,148.24,HMR2300,2893.3,-12360.0,49626.7,51224.5,,,,,,,,RR1713,,
J2-970,ASNAP,2017/07/28 03:50:25,44.3740023,-374.8844777,-19924204.62,1588.23,269.67,-6.7,4.4,0.00,148.50,148.5,HMR2300,-840.0,-14553.3,49220.0,51333.4,,,,,,,,RR1713,,
J2-970,ASNAP,2017/07/28 03:50:30,44.3740023,-374.8844777,-19924204.62,1588.23,268.45,-6.7,5.9,0.00,149.18,149.18,HMR2300,-693.3,-15326.7,49080.0,51422.1,,,,,,,,RR1713,,
J2-970,ASNAP,2017/07/28 03:50:35,44.3739976,-374.8844925,-19924205.80,1587.71,268.26,-5.4,5.8,0.00,149.21,149.21,HMR2300,-53.3,-16053.3,48953.3,51518.4,,,,,,,,RR1713,,
J2-970,ASNAP,2017/07/28 03:50:40,44.3739976,-374.8844925,-19924205.80,1587.71,267.78,-6.1,4.9,0.00,149.31,149.31,HMR2300,6.7,-14566.7,49260.0,51368.6,,,,,,,,RR1713,,
J2-970,ASNAP,2017/07/28 03:50:45,44.3739976,-374.8844925,-19924205.80,1587.71,267.81,-6.4,6.0,0.00,149.28,149.28,HMR2300,-1113.3,-16133.3,48886.7,51492.0,,,,,,,,RR1713,,
J2-970,ASNAP,2017/07/28 03:50:50,44.3739908,-374.8845022,-19924206.58,1586.95,267.93,-4.2,4.6,0.00,149.03,149.03,HMR2300,460.0,-16213.3,48926.7,51545.2,,,,,,,,RR1713,,
J2-970,ASNAP,2017/07/28 03:50:55,44.3739908,-374.8845022,-19924206.58,1586.95,268.27,-4.4,4.4,0.00,149.22,149.22,HMR2300,60.0,-16246.7,48933.3,51560.0,,,,,,,,RR1713,,
J2-970,ASNAP,2017/07/28 03:51:00,44.3739840,-374.8844967,-19924206.14,1586.20,268.93,-3.2,2.7,0.00,148.45,148.45,HMR2300,1260.0,-15406.7,49153.3,51526.7,,,,,,,,RR1713,,
J2-970,ASNAP,2017/07/28 03:51:05,44.3739840,-374.8844967,-19924206.14,1586.20,269.06,-3.4,2.2,0.00,147.82,147.82,HMR2300,1753.3,-14386.7,49340.0,51424.6,,,,,,,,RR1713,,
J2-970,ASNAP,2017/07/28 03:51:10,44.3739837,-374.8844956,-19924206.05,1586.16,269.49,-4.0,1.7,0.00,146.81,146.81,HMR2300,2040.0,-12540.0,49666.7,51265.9,,,,,,,,RR1713,,
J2-970,ASNAP,2017/07/28 03:51:15,44.3739837,-374.8844956,-19924206.05,1586.16,269.52,-8.3,4.4,0.00,145.97,145.97,HMR2300,-1160.0,-13693.3,49353.3,51230.9,,,,,,,,RR1713,,
J2-970,ASNAP,2017/07/28 03:51:20,44.3739837,-374.8844956,-19924206.05,1586.16,268.91,-7.0,4.7,0.00,144.84,144.84,HMR2300,-426.7,-13920.0,49380.0,51306.3,,,,,,,,RR1713,,
J2-970,ASNAP,2017/07/28 03:51:25,44.3739838,-374.8844869,-19924205.36,1586.17,268.67,-10.3,6.7,0.00,143.73,143.73,HMR2300,-4993.3,-15700.0,48613.3,51329.1,,,,,,,,RR1713,,
J2-970,ASNAP,2017/07/28 03:51:30,44.3739838,-374.8844869,-19924205.36,1586.17,270.77,-0.2,2.3,0.00,140.48,140.48,HMR2300,2693.3,-13613.3,49433.3,51344.2,,,,,,,,RR1713,,
J2-970,ASNAP,2017/07/28 03:51:35,44.3739933,-374.8844854,-19924205.24,1587.23,270.06,-9.4,6.0,0.00,139.27,139.27,HMR2300,-2980.0,-15346.7,48933.3,51369.9,,,,,,,,RR1713,,
J2-970,ASNAP,2017/07/28 03:51:40,44.3739933,-374.8844854,-19924205.24,1587.23,267.94,-4.0,3.3,0.00,137.74,137.74,HMR2300,933.3,-14366.7,49293.3,51352.8,,,,,,,,RR1713,,
J2-970,ASNAP,2017/07/28 03:51:45,44.3739933,-374.8844854,-19924205.24,1587.23,267.98,-7.3,3.9,0.00,136.84,136.84,HMR2300,-733.3,-13426.7,49440.0,51236.0,,,,,,,,RR1713,,
J2-970,ASNAP,2017/07/28 03:51:50,44.3739978,-374.8844980,-19924206.24,1587.73,267.31,-4.5,3.5,0.00,135.41,135.41,HMR2300,953.3,-15106.7,49206.7,51482.2,,,,,,,,RR1713,,
J2-970,ASNAP,2017/07/28 03:51:55,44.3739978,-374.8844980,-19924206.24,1587.73,269.25,-3.7,0.9,0.00,133.05,133.05,HMR2300,2500.0,-11946.7,49780.0,51254.5,,,,,,,,RR1713,,
J2-970,ASNAP,2017/07/28 03:52:00,44.3740069,-374.8845336,-19924209.08,1588.74,269.11,-5.5,4.3,0.00,132.09,132.09,HMR2300,-126.7,-15246.7,49160.0,51470.2,,,,,,,,RR1713,,
J2-970,ASNAP,2017/07/28 03:52:05,44.3740069,-374.8845336,-19924209.08,1588.74,269.88,-6.4,2.1,0.00,130.48,130.48,HMR2300,-66.7,-12506.7,49700.0,51249.5,,,,,,,,RR1713,,
J2-970,ASNAP,2017/07/28 03:52:10,44.3740128,-374.8845612,-19924211.28,1589.40,268.10,-4.9,4.3,0.00,129.10,129.1,HMR2300,80.0,-15393.3,49160.0,51513.8,,,,,,,,RR1713,,
J2-970,ASNAP,2017/07/28 03:52:15,44.3740128,-374.8845612,-19924211.28,1589.40,269.00,-3.1,1.7,0.00,126.98,126.98,HMR2300,2086.7,-13560.0,49526.7,51391.8,,,,,,,,RR1713,,
J2-970,ASNAP,2017/07/28 03:52:20,44.3740128,-374.8845612,-19924211.28,1589.40,269.41,-4.4,2.8,0.00,125.61,125.61,HMR2300,846.7,-14433.3,49393.3,51465.9,,,,,,,,RR1713,,
J2-970,ASNAP,2017/07/28 03:52:25,44.3740177,-374.8845736,-19924212.27,1589.94,269.56,-5.6,1.5,0.00,123.33,123.33,HMR2300,933.3,-11913.3,49773.3,51187.7,,,,,,,,RR1713,,
J2-970,ASNAP,2017/07/28 03:52:30,44.3740177,-374.8845736,-19924212.27,1589.94,267.84,-7.6,5.8,0.00,121.77,121.77,HMR2300,-1160.0,-14926.7,49220.0,51446.7,,,,,,,,RR1713,,
J2-970,ASNAP,2017/07/28 03:52:35,44.3740277,-374.8846027,-19924214.59,1591.05,267.59,-4.6,4.6,0.00,119.81,119.81,HMR2300,153.3,-15540.0,49133.3,51532.5,,,,,,,,RR1713,,
J2-970,ASNAP,2017/07/28 03:52:40,44.3740277,-374.8846027,-19924214.59,1591.05,268.98,-6.7,6.5,0.00,118.89,118.89,HMR2300,-1740.0,-16406.7,48840.0,51551.4,,,,,,,,RR1713,,
J2-970,ASNAP,2017/07/28 03:52:45,44.3740277,-374.8846027,-19924214.59,1591.05,270.68,-2.7,3.3,0.00,116.03,116.03,HMR2300,1360.0,-14933.3,49253.3,51485.4,,,,,,,,RR1713,,
J2-970,ASNAP,2017/07/28 03:52:50,44.3740288,-374.8846233,-19924216.23,1591.17,269.64,-7.8,3.5,0.00,113.90,113.9,HMR2300,-880.0,-13120.0,49573.3,51287.7,,,,,,,,RR1713,,
J2-970,ASNAP,2017/07/28 03:52:55,44.3740288,-374.8846233,-19924216.23,1591.17,267.76,-3.9,2.9,0.00,111.76,111.76,HMR2300,1086.7,-13600.0,49573.3,51416.5,,,,,,,,RR1713,,
J2-970,ASNAP,2017/07/28 03:53:00,44.3740335,-374.8846510,-19924218.44,1591.70,268.26,-5.3,2.9,0.00,111.23,111.23,HMR2300,106.7,-14006.7,49473.3,51418.0,,,,,,,,RR1713,,
J2-970,ASNAP,2017/07/28 03:53:05,44.3740335,-374.8846510,-19924218.44,1591.70,270.31,-5.5,3.4,0.00,109.12,109.12,HMR2300,-100.0,-14026.7,49453.3,51404.2,,,,,,,,RR1713,,
J2-970,ASNAP,2017/07/28 03:53:10,44.3740410,-374.8846663,-19924219.66,1592.53,270.70,-4.8,4.4,0.00,107.58,107.58,HMR2300,-300.0,-15606.7,49140.0,51559.7,,,,,,,,RR1713,,
J2-970,ASNAP,2017/07/28 03:53:15,44.3740410,-374.8846663,-19924219.66,1592.53,268.78,-5.0,1.2,0.00,103.98,103.98,HMR2300,1860.0,-11806.7,49813.3,51227.2,,,,,,,,RR1713,,
J2-970,ASNAP,2017/07/28 03:53:20,44.3740410,-374.8846663,-19924219.66,1592.53,267.32,-5.2,2.3,0.00,102.63,102.63,HMR2300,886.7,-13266.7,49626.7,51377.0,,,,,,,,RR1713,,
J2-970,ASNAP,2017/07/28 03:53:25,44.3740571,-374.8846959,-19924222.02,1594.32,267.45,-5.9,4.0,0.00,102.45,102.45,HMR2300,646.7,-14960.0,49320.0,51543.0,,,,,,,,RR1713,,
J2-970,ASNAP,2017/07/28 03:53:30,44.3740571,-374.8846959,-19924222.02,1594.32,268.45,-4.2,2.1,0.00,100.01,100.01,HMR2300,1193.3,-13513.3,49573.3,51396.0,,,,,,,,RR1713,,
J2-970,EVT,2017/07/28 04:01:57,44.3741306,-374.8848078,-19924230.94,1602.49,229.04,-5.0,3.4,0.00,0.51,0.51,HMR2300,9960.0,4640.0,40046.7,41526.7,,,,,,,,RR1713,DLG,JASON: Jason out of water Successfully surfaced USR:eventlogger
J2-970,EVT,2017/07/28 04:08:57,44.3741306,-374.8848078,-19924230.94,1602.49,174.36,0.4,1.8,0.00,0.60,0.6,HMR2300,16720.0,21060.0,40793.3,48858.8,,,,,,,,RR1713,DLG,JASON: Jason on deck Unlatch PIA on deck USR:eventlogger
J2-970,EVT,2017/07/28 04:12:33,44.3741306,-374.8848078,-19924230.94,1602.49,250.87,-1.5,1.3,0.00,0.64,0.64,HMR2300,7600.0,333.3,37866.7,38623.3,,,,,,,,RR1713,DLG,JASON: Jason on deck Dive completed Jason on ground USR:eventlogger
