#fields: DAQ.lowering,DAQ.type,EIC.time,EIC.lat,EIC.lon,EIC.x,EIC.y,DAQ.g,DAQ.p,DAQ.r,DAQ.a,EIC.depth,DAQ.da,MAG.src,MAG.x,MAG.y,MAG.z,MAG.m,CTD.src,CTD.tp,CTD.c,CTD.dp,CTD.s,CTD.svel,CTD.p,DAQ.cruiseid,DAQ.etype,DAQ.evt
J2-1008,EVT,2017/08/23 06:54:41,45.9285091,-129.9791522,3556.96,1316.27,75.48,-1.3,0.3,0.00,0.72,0.72,HMR2300,-16900.0,32293.3,28253.3,46116.4,,,,,,,,RR1715,DLG,TXT: ready for launch USR:eventlogger
J2-1008,EVT,2017/08/23 06:55:01,45.9285091,-129.9791522,3556.96,1316.27,56.61,0.4,2.1,0.00,0.68,0.68,HMR2300,-24393.3,38680.0,26326.7,52766.2,,,,,,,,RR1715,DLG,TXT: jason in air USR:eventlogger
J2-1008,EVT,2017/08/23 06:55:36,45.9285091,-129.9791522,3556.96,1316.27,137.22,0.7,-0.1,0.00,0.70,0.7,HMR2300,4320.0,51813.3,29940.0,59997.4,,,,,,,,RR1715,DLG,TXT: jason over the side USR:eventlogger
J2-1008,EVT,2017/08/23 06:55:45,45.9285091,-129.9791522,3556.96,1316.27,163.54,1.3,2.6,0.00,0.70,0.7,HMR2300,14500.0,45120.0,32106.7,57244.2,,,,,,,,RR1715,DLG,TXT: jason over the water USR:eventlogger
J2-1008,EVT,2017/08/23 06:57:02,45.9285091,-129.9791522,3556.96,1316.27,161.91,0.9,-0.3,0.00,0.68,0.68,HMR2300,18153.3,16240.0,31760.0,40024.7,,,,,,,,RR1715,DLG,TXT: jason lowering USR:eventlogger
J2-1008,EVT,2017/08/23 06:57:12,45.9285091,-129.9791522,3556.96,1316.27,163.69,-4.2,2.1,0.00,1.54,1.54,HMR2300,12946.7,12806.7,33920.0,38499.3,,,,,,,,RR1715,DLG,TXT: jason in water!!!!!!!!!!!!!! USR:eventlogger
J2-1008,EVT,2017/08/23 06:57:22,45.9285091,-129.9791522,3556.96,1316.27,231.02,-10.8,1.8,0.00,2.41,2.41,HMR2300,6853.3,-6826.7,41460.0,42573.5,,,,,,,,RR1715,DLG,TXT: jason submerged USR:eventlogger
J2-1008,EVT,2017/08/23 06:58:59,45.9285091,-129.9791522,3556.96,1316.27,262.28,-0.2,3.3,0.00,6.13,6.13,HMR2300,6486.7,-12453.3,47366.7,49404.1,,,,,,,,RR1715,DLG,TXT: pickle USR:eventlogger
J2-1008,EVT,2017/08/23 06:59:57,45.9285091,-129.9791522,3556.96,1316.27,260.60,0.2,1.1,0.00,5.33,5.33,HMR2300,7713.3,-10253.3,48086.7,49769.0,,,,,,,,RR1715,DLG,TXT: 5 meters below water USR:eventlogger
J2-1008,EVT,2017/08/23 07:00:02,45.9285091,-129.9791522,3556.96,1316.27,258.75,-1.8,3.3,0.00,5.27,5.27,HMR2300,7953.3,-11760.0,47553.3,49627.3,,,,,,,,RR1715,DLG,TXT: fish USR:eventlogger
J2-1008,EVT,2017/08/23 07:00:10,45.9285091,-129.9791522,3556.96,1316.27,261.99,-2.8,1.0,0.00,5.21,5.21,HMR2300,5153.3,-11513.3,47900.0,49533.1,,,,,,,,RR1715,DLG,TXT: jelleyfish USR:eventlogger
J2-1008,EVT,2017/08/23 07:01:25,45.9285091,-129.9791522,3556.96,1316.27,262.74,0.7,0.4,0.00,5.51,5.51,HMR2300,8040.0,-11840.0,48360.0,50433.3,,,,,,,,RR1715,DLG,TXT: jelleyfish was killed by Jason): USR:eventlogger
J2-1008,EVT,2017/08/23 07:01:39,45.9285091,-129.9791522,3556.96,1316.27,262.62,2.7,3.1,0.00,5.50,5.5,HMR2300,10580.0,-11600.0,48273.3,50762.3,,,,,,,,RR1715,DLG,TXT: putting on floaties USR:eventlogger
J2-1008,EVT,2017/08/23 07:05:53,45.8301972,-129.7581895,20699.65,-9610.99,279.40,-1.9,2.0,0.00,19.98,19.98,HMR2300,-240.0,-12726.7,49280.0,50897.4,,,,,,,,RR1715,DLG,Biology: Fish USR:eventlogger
J2-1008,EVT,2017/08/23 07:06:30,45.8302653,-129.7582221,20697.12,-9603.43,281.95,0.3,2.2,0.00,29.41,29.41,HMR2300,660.0,-12960.0,49253.3,50934.2,,,,,,,,RR1715,DLG,TXT: last float deployed USR:eventlogger
J2-1008,EVT,2017/08/23 07:07:04,45.8303262,-129.7581960,20699.15,-9596.66,281.98,-0.3,2.4,0.00,49.87,49.87,HMR2300,320.0,-13206.7,49386.7,51123.0,,,,,,,,RR1715,DLG,Biology: Fish USR:eventlogger
J2-1008,ASNAP,2017/08/23 07:09:12,45.8302259,-129.7580785,20708.26,-9607.81,283.06,-0.4,4.2,0.00,100.32,100.32,HMR2300,-33.3,-15546.7,48913.3,51324.6,,,,,,,,RR1715,,
J2-1008,ASNAP,2017/08/23 07:09:17,45.8302259,-129.7580785,20708.26,-9607.81,286.57,-0.1,4.1,0.00,102.02,102.02,HMR2300,-1340.0,-14873.3,48993.3,51218.7,,,,,,,,RR1715,,
J2-1008,ASNAP,2017/08/23 07:09:22,45.8301890,-129.7581070,20706.05,-9611.91,288.72,-0.9,4.2,0.00,103.81,103.81,HMR2300,-2293.3,-15013.3,48880.0,51185.1,,,,,,,,RR1715,,
J2-1008,ASNAP,2017/08/23 07:09:27,45.8301890,-129.7581070,20706.05,-9611.91,279.73,-0.3,2.5,0.00,105.43,105.43,HMR2300,3620.0,-13106.7,49406.7,51243.6,,,,,,,,RR1715,,
J2-1008,ASNAP,2017/08/23 07:09:32,45.8301861,-129.7581090,20705.90,-9612.23,264.75,-1.8,3.5,0.00,107.58,107.58,HMR2300,4573.3,-13546.7,49366.7,51395.5,,,,,,,,RR1715,,
J2-1008,ASNAP,2017/08/23 07:09:37,45.8301657,-129.7581269,20704.51,-9614.50,273.30,-1.2,3.9,0.00,109.38,109.38,HMR2300,2726.7,-14013.3,49266.7,51293.4,,,,,,,,RR1715,,
J2-1008,ASNAP,2017/08/23 07:09:42,45.8301707,-129.7581313,20704.17,-9613.94,272.29,-1.5,4.4,0.00,111.71,111.71,HMR2300,2993.3,-13986.7,49280.0,51313.8,,,,,,,,RR1715,,
J2-1008,ASNAP,2017/08/23 07:09:47,45.8301488,-129.7581309,20704.20,-9616.38,273.22,-2.1,3.9,0.00,113.76,113.76,HMR2300,2266.7,-14020.0,49260.0,51266.4,,,,,,,,RR1715,,
J2-1008,ASNAP,2017/08/23 07:09:52,45.8301488,-129.7581309,20704.20,-9616.38,273.81,-2.2,3.4,0.00,115.59,115.59,HMR2300,2153.3,-13720.0,49380.0,51295.8,,,,,,,,RR1715,,
J2-1008,ASNAP,2017/08/23 07:09:57,45.8301486,-129.7581332,20704.02,-9616.40,273.01,-3.3,2.6,0.00,116.84,116.84,HMR2300,1246.7,-12986.7,49520.0,51209.7,,,,,,,,RR1715,,
J2-1008,ASNAP,2017/08/23 07:10:02,45.8301316,-129.7581163,20705.33,-9618.29,272.16,-2.6,2.8,0.00,117.13,117.13,HMR2300,2460.0,-12760.0,49613.3,51287.0,,,,,,,,RR1715,,
J2-1008,ASNAP,2017/08/23 07:10:07,45.8301252,-129.7581230,20704.81,-9619.00,273.11,-1.5,2.8,0.00,116.46,116.46,HMR2300,2986.7,-13066.7,49506.7,51289.1,,,,,,,,RR1715,,
J2-1008,ASNAP,2017/08/23 07:10:12,45.8301043,-129.7581066,20706.08,-9621.32,272.62,-1.5,2.2,0.00,116.07,116.07,HMR2300,2940.0,-12900.0,49526.7,51263.5,,,,,,,,RR1715,,
J2-1008,ASNAP,2017/08/23 07:10:17,45.8301043,-129.7581066,20706.08,-9621.32,271.96,-1.5,2.4,0.00,115.98,115.98,HMR2300,3100.0,-12686.7,49626.7,51316.3,,,,,,,,RR1715,,
J2-1008,ASNAP,2017/08/23 07:10:22,45.8300976,-129.7581124,20705.63,-9622.06,272.21,-1.8,2.2,0.00,116.05,116.05,HMR2300,2866.7,-12506.7,49313.3,50955.3,,,,,,,,RR1715,,
J2-1008,ASNAP,2017/08/23 07:10:27,45.8300704,-129.7580984,20706.72,-9625.09,270.81,-1.9,2.3,0.00,116.19,116.19,HMR2300,3573.3,-12433.3,49620.0,51278.7,,,,,,,,RR1715,,
J2-1008,EVT,2017/08/23 07:10:31,45.8300644,-129.7581023,20706.42,-9625.75,271.17,-1.8,2.0,0.00,116.24,116.24,HMR2300,3300.0,-12146.7,49580.0,51152.8,,,,,,,,RR1715,DLG,TXT: crane back to ship USR:eventlogger
J2-1008,ASNAP,2017/08/23 07:10:32,45.8300644,-129.7581023,20706.42,-9625.75,271.17,-1.8,2.0,0.00,116.24,116.24,HMR2300,3126.7,-12546.7,49493.3,51154.5,,,,,,,,RR1715,,
J2-1008,ASNAP,2017/08/23 07:10:37,45.8300385,-129.7580770,20708.38,-9628.63,269.29,-1.8,2.5,0.00,116.20,116.2,HMR2300,4160.0,-12540.0,49726.7,51451.9,,,,,,,,RR1715,,
J2-1008,ASNAP,2017/08/23 07:10:42,45.8300385,-129.7580770,20708.38,-9628.63,270.72,-1.8,2.6,0.00,116.22,116.22,HMR2300,3653.3,-12660.0,49760.0,51475.0,,,,,,,,RR1715,,
J2-1008,ASNAP,2017/08/23 07:10:47,45.8300307,-129.7580863,20707.66,-9629.50,271.07,-1.4,2.2,0.00,116.25,116.25,HMR2300,3786.7,-12266.7,49480.0,51118.3,,,,,,,,RR1715,,
J2-1008,ASNAP,2017/08/23 07:10:52,45.8300087,-129.7580744,20708.58,-9631.95,269.02,-2.1,2.6,0.00,116.20,116.2,HMR2300,3740.0,-12460.0,49733.3,51406.7,,,,,,,,RR1715,,
J2-1008,ASNAP,2017/08/23 07:10:57,45.8300059,-129.7580785,20708.26,-9632.26,270.84,-1.8,2.3,0.00,116.19,116.19,HMR2300,3266.7,-12753.3,49806.7,51517.2,,,,,,,,RR1715,,
J2-1008,ASNAP,2017/08/23 07:11:02,45.8300059,-129.7580785,20708.26,-9632.26,270.90,-1.6,2.4,0.00,116.27,116.27,HMR2300,3326.7,-12873.3,49533.3,51286.8,,,,,,,,RR1715,,
J2-1008,ASNAP,2017/08/23 07:11:07,45.8300059,-129.7580785,20708.26,-9632.26,270.69,-1.7,2.5,0.00,116.34,116.34,HMR2300,3533.3,-12740.0,49666.7,51396.2,,,,,,,,RR1715,,
J2-1008,ASNAP,2017/08/23 07:11:12,45.8300082,-129.7580932,20707.12,-9632.00,270.60,-1.7,2.4,0.00,116.30,116.3,HMR2300,3433.3,-12646.7,49380.0,51089.2,,,,,,,,RR1715,,
J2-1008,ASNAP,2017/08/23 07:11:17,45.8300036,-129.7580883,20707.50,-9632.51,269.74,-1.7,2.1,0.00,116.27,116.27,HMR2300,4000.0,-11906.7,49113.3,50694.1,,,,,,,,RR1715,,
J2-1008,EVT,2017/08/23 07:11:21,45.8299974,-129.7580773,20708.36,-9633.20,260.97,-1.3,2.0,0.00,116.24,116.24,HMR2300,7380.0,-10993.3,49666.7,51401.3,,,,,,,,RR1715,DLG,Biology: Fish USR:eventlogger
J2-1008,ASNAP,2017/08/23 07:11:22,45.8299974,-129.7580773,20708.36,-9633.20,260.97,-1.3,2.0,0.00,116.24,116.24,HMR2300,7973.3,-11066.7,49413.3,51261.3,,,,,,,,RR1715,,
J2-1008,ASNAP,2017/08/23 07:11:27,45.8300303,-129.7580771,20708.37,-9629.55,251.99,-1.4,1.8,0.00,116.18,116.18,HMR2300,10406.7,-9286.7,49780.0,51697.1,,,,,,,,RR1715,,
J2-1008,ASNAP,2017/08/23 07:11:32,45.8300303,-129.7580771,20708.37,-9629.55,252.66,-1.5,2.2,0.00,115.92,115.92,HMR2300,9606.7,-9793.3,49280.0,51153.8,,,,,,,,RR1715,,
J2-1008,ASNAP,2017/08/23 07:11:37,45.8300416,-129.7580684,20709.05,-9628.29,252.98,-1.5,2.2,0.00,115.81,115.81,HMR2300,9686.7,-9826.7,49500.0,51387.2,,,,,,,,RR1715,,
J2-1008,ASNAP,2017/08/23 07:11:42,45.8300701,-129.7580546,20710.12,-9625.12,253.14,-1.6,2.1,0.00,116.21,116.21,HMR2300,9173.3,-9633.3,49400.0,51159.7,,,,,,,,RR1715,,
J2-1008,ASNAP,2017/08/23 07:11:47,45.8300709,-129.7580511,20710.39,-9625.03,253.32,-1.9,2.2,0.00,116.48,116.48,HMR2300,9040.0,-9600.0,49320.0,51052.4,,,,,,,,RR1715,,
J2-1008,ASNAP,2017/08/23 07:11:52,45.8300885,-129.7580546,20710.12,-9623.08,253.13,-1.8,1.9,0.00,116.34,116.34,HMR2300,9560.0,-9640.0,49820.0,51636.8,,,,,,,,RR1715,,
J2-1008,ASNAP,2017/08/23 07:11:57,45.8300885,-129.7580546,20710.12,-9623.08,253.05,-1.9,2.0,0.00,116.30,116.3,HMR2300,9286.7,-9786.7,49520.0,51325.0,,,,,,,,RR1715,,
J2-1008,ASNAP,2017/08/23 07:12:02,45.8300857,-129.7580457,20710.81,-9623.39,253.17,-1.6,2.1,0.00,116.67,116.67,HMR2300,9506.7,-9846.7,49793.3,51640.2,,,,,,,,RR1715,,
J2-1008,ASNAP,2017/08/23 07:12:07,45.8301007,-129.7580418,20711.11,-9621.72,253.13,-1.8,2.0,0.00,117.40,117.4,HMR2300,9300.0,-9846.7,49733.3,51544.7,,,,,,,,RR1715,,
J2-1008,ASNAP,2017/08/23 07:12:12,45.8301183,-129.7580417,20711.12,-9619.77,253.18,-2.0,2.0,0.00,117.86,117.86,HMR2300,8980.0,-9626.7,49500.0,51220.7,,,,,,,,RR1715,,
J2-1008,ASNAP,2017/08/23 07:12:17,45.8301171,-129.7580404,20711.22,-9619.90,252.90,-1.7,1.9,0.00,117.92,117.92,HMR2300,9780.0,-9386.7,49380.0,51206.9,,,,,,,,RR1715,,
J2-1008,ASNAP,2017/08/23 07:12:22,45.8301185,-129.7580261,20712.33,-9619.74,254.54,-2.2,1.9,0.00,118.06,118.06,HMR2300,8860.0,-9686.7,49406.7,51120.9,,,,,,,,RR1715,,
J2-1008,EVT,2017/08/23 07:12:23,45.8301185,-129.7580261,20712.33,-9619.74,254.56,-1.7,1.9,0.00,118.16,118.16,HMR2300,9373.3,-9886.7,49746.7,51578.4,,,,,,,,RR1715,DLG,Biology: Cnidaria Biology: squid USR:eventlogger
J2-1008,ASNAP,2017/08/23 07:12:27,45.8301215,-129.7580624,20709.51,-9619.41,252.62,-1.5,2.0,0.00,118.49,118.49,HMR2300,10286.7,-9366.7,49706.7,51616.9,,,,,,,,RR1715,,
J2-1008,ASNAP,2017/08/23 07:12:32,45.8301202,-129.7581008,20706.53,-9619.55,253.74,-1.9,1.8,0.00,118.88,118.88,HMR2300,9473.3,-9340.0,49426.7,51185.7,,,,,,,,RR1715,,
J2-1008,ASNAP,2017/08/23 07:12:37,45.8301202,-129.7581008,20706.53,-9619.55,254.35,-1.5,1.7,0.00,119.13,119.13,HMR2300,9200.0,-10033.3,49380.0,51222.0,,,,,,,,RR1715,,
J2-1008,ASNAP,2017/08/23 07:12:42,45.8301247,-129.7581170,20705.28,-9619.05,254.54,-1.7,1.9,0.00,119.61,119.61,HMR2300,9260.0,-9826.7,49780.0,51578.7,,,,,,,,RR1715,,
J2-1008,ASNAP,2017/08/23 07:12:47,45.8301209,-129.7581454,20703.07,-9619.48,252.74,-1.3,1.9,0.00,120.19,120.19,HMR2300,9740.0,-9540.0,49780.0,51613.2,,,,,,,,RR1715,,
J2-1008,ASNAP,2017/08/23 07:12:52,45.8301220,-129.7581650,20701.55,-9619.35,252.68,-1.4,1.7,0.00,120.80,120.8,HMR2300,9760.0,-9220.0,49593.3,51378.6,,,,,,,,RR1715,,
J2-1008,ASNAP,2017/08/23 07:12:57,45.8301225,-129.7581779,20700.55,-9619.30,252.69,-1.4,1.9,0.00,121.16,121.16,HMR2300,9593.3,-9466.7,49313.3,51122.0,,,,,,,,RR1715,,
J2-1008,ASNAP,2017/08/23 07:13:02,45.8301219,-129.7581777,20700.57,-9619.36,252.78,-1.5,2.0,0.00,121.57,121.57,HMR2300,9633.3,-9806.7,49733.3,51598.2,,,,,,,,RR1715,,
J2-1008,ASNAP,2017/08/23 07:13:07,45.8301272,-129.7581828,20700.17,-9618.78,252.81,-1.6,2.0,0.00,121.96,121.96,HMR2300,9760.0,-9400.0,49706.7,51520.6,,,,,,,,RR1715,,
J2-1008,ASNAP,2017/08/23 07:13:12,45.8301277,-129.7581866,20699.88,-9618.72,252.93,-1.6,1.9,0.00,122.44,122.44,HMR2300,9300.0,-9706.7,49473.3,51267.1,,,,,,,,RR1715,,
J2-1008,ASNAP,2017/08/23 07:13:17,45.8301296,-129.7581882,20699.75,-9618.51,252.92,-1.7,2.0,0.00,122.76,122.76,HMR2300,9240.0,-9680.0,49353.3,51135.4,,,,,,,,RR1715,,
J2-1008,ASNAP,2017/08/23 07:13:22,45.8301369,-129.7581913,20699.51,-9617.70,252.92,-1.7,2.0,0.00,123.13,123.13,HMR2300,9386.7,-9480.0,49266.7,51041.0,,,,,,,,RR1715,,
J2-1008,ASNAP,2017/08/23 07:13:27,45.8301433,-129.7581860,20699.92,-9616.99,252.73,-0.6,1.9,0.00,123.65,123.65,HMR2300,10560.0,-9540.0,49366.7,51377.0,,,,,,,,RR1715,,
J2-1008,ASNAP,2017/08/23 07:13:32,45.8301514,-129.7581829,20700.16,-9616.09,251.02,-0.1,2.3,0.00,125.68,125.68,HMR2300,10886.7,-9526.7,49353.3,51429.8,,,,,,,,RR1715,,
J2-1008,ASNAP,2017/08/23 07:13:37,45.8301521,-129.7581820,20700.23,-9616.01,252.31,0.4,2.0,0.00,127.88,127.88,HMR2300,11620.0,-9540.0,49220.0,51465.0,,,,,,,,RR1715,,
J2-1008,ASNAP,2017/08/23 07:13:42,45.8301589,-129.7581934,20699.35,-9615.25,252.81,1.6,1.9,0.00,131.11,131.11,HMR2300,12433.3,-9633.3,49060.0,51519.6,,,,,,,,RR1715,,
J2-1008,ASNAP,2017/08/23 07:13:47,45.8301631,-129.7582047,20698.47,-9614.79,252.91,1.8,1.9,0.00,134.36,134.36,HMR2300,12333.3,-9433.3,49093.3,51490.3,,,,,,,,RR1715,,
J2-1008,ASNAP,2017/08/23 07:13:52,45.8301641,-129.7582242,20696.96,-9614.67,252.94,1.5,2.0,0.00,137.47,137.47,HMR2300,12186.7,-9706.7,49106.7,51518.9,,,,,,,,RR1715,,
J2-1008,EVT,2017/08/23 07:13:57,45.8301602,-129.7582402,20695.72,-9615.11,252.92,0.2,2.4,0.00,139.79,139.79,HMR2300,11226.7,-10093.3,49246.7,51508.7,,,,,,,,RR1715,DLG,TXT: line out begin launch USR:eventlogger
J2-1008,ASNAP,2017/08/23 07:13:57,45.8301602,-129.7582402,20695.72,-9615.11,252.92,0.2,2.4,0.00,139.79,139.79,HMR2300,11273.3,-10066.7,49213.3,51481.8,,,,,,,,RR1715,,
J2-1008,ASNAP,2017/08/23 07:14:02,45.8301696,-129.7582419,20695.59,-9614.06,252.49,0.2,2.5,0.00,143.03,143.03,HMR2300,11380.0,-10013.3,49206.7,51488.5,,,,,,,,RR1715,,
J2-1008,ASNAP,2017/08/23 07:14:07,45.8301701,-129.7582510,20694.88,-9614.01,253.23,1.0,2.3,0.00,146.31,146.31,HMR2300,11793.3,-9946.7,49140.0,51504.9,,,,,,,,RR1715,,
J2-1008,ASNAP,2017/08/23 07:14:12,45.8301650,-129.7582645,20693.83,-9614.57,253.05,1.5,1.8,0.00,149.57,149.57,HMR2300,12160.0,-9633.3,49126.7,51517.9,,,,,,,,RR1715,,
J2-1008,ASNAP,2017/08/23 07:14:17,45.8301629,-129.7582778,20692.80,-9614.81,253.25,1.6,1.8,0.00,151.96,151.96,HMR2300,12246.7,-9640.0,49120.0,51533.3,,,,,,,,RR1715,,
J2-1008,ASNAP,2017/08/23 07:14:22,45.8301594,-129.7582912,20691.76,-9615.20,252.95,0.6,2.1,0.00,155.15,155.15,HMR2300,11106.7,-10006.7,49293.3,51510.4,,,,,,,,RR1715,,
J2-1008,ASNAP,2017/08/23 07:14:27,45.8301534,-129.7583086,20690.41,-9615.86,253.31,1.4,2.3,0.00,158.39,158.39,HMR2300,11966.7,-10166.7,49093.3,51543.4,,,,,,,,RR1715,,
J2-1008,ASNAP,2017/08/23 07:14:32,45.8301492,-129.7583282,20688.89,-9616.33,253.39,1.6,1.9,0.00,161.35,161.35,HMR2300,12093.3,-9566.7,49133.3,51496.2,,,,,,,,RR1715,,
J2-1008,ASNAP,2017/08/23 07:14:37,45.8301449,-129.7583478,20687.37,-9616.81,252.59,1.2,1.9,0.00,163.41,163.41,HMR2300,11953.3,-9673.3,49113.3,51464.3,,,,,,,,RR1715,,
J2-1008,ASNAP,2017/08/23 07:14:42,45.8301362,-129.7583737,20685.36,-9617.77,252.90,0.2,2.5,0.00,166.18,166.18,HMR2300,11006.7,-10166.7,49226.7,51456.5,,,,,,,,RR1715,,
J2-1008,ASNAP,2017/08/23 07:14:47,45.8301374,-129.7583959,20683.64,-9617.64,252.88,0.2,2.5,0.00,169.19,169.19,HMR2300,11220.0,-9960.0,49226.7,51462.2,,,,,,,,RR1715,,
J2-1008,EVT,2017/08/23 07:14:50,45.8301374,-129.7583959,20683.64,-9617.64,252.65,0.3,2.2,0.00,170.75,170.75,HMR2300,11386.7,-9673.3,49246.7,51463.2,,,,,,,,RR1715,DLG,TXT: set length 2500m length 210 m USR:eventlogger
J2-1008,ASNAP,2017/08/23 07:14:52,45.8301358,-129.7584019,20683.17,-9617.82,252.66,0.5,1.9,0.00,172.34,172.34,HMR2300,11453.3,-9440.0,49253.3,51441.1,,,,,,,,RR1715,,
J2-1008,ASNAP,2017/08/23 07:14:57,45.8301380,-129.7584112,20682.45,-9617.57,252.51,0.7,1.8,0.00,174.74,174.74,HMR2300,11806.7,-9366.7,49213.3,51469.3,,,,,,,,RR1715,,
J2-1008,ASNAP,2017/08/23 07:15:02,45.8301412,-129.7584161,20682.07,-9617.22,252.46,0.6,2.2,0.00,177.98,177.98,HMR2300,11686.7,-9920.0,49180.0,51513.7,,,,,,,,RR1715,,
J2-1008,ASNAP,2017/08/23 07:15:07,45.8301403,-129.7584260,20681.30,-9617.32,252.83,0.6,2.4,0.00,181.25,181.25,HMR2300,11446.7,-10086.7,49173.3,51485.8,,,,,,,,RR1715,,
J2-1008,ASNAP,2017/08/23 07:15:12,45.8301300,-129.7584393,20680.27,-9618.46,252.98,0.6,2.2,0.00,184.51,184.51,HMR2300,11460.0,-9793.3,49233.3,51489.4,,,,,,,,RR1715,,
J2-1008,ASNAP,2017/08/23 07:15:17,45.8301344,-129.7584477,20679.62,-9617.97,252.75,1.0,2.0,0.00,186.97,186.97,HMR2300,11866.7,-9773.3,49153.3,51501.3,,,,,,,,RR1715,,
J2-1008,ASNAP,2017/08/23 07:15:22,45.8301353,-129.7584714,20677.78,-9617.88,252.90,0.8,1.9,0.00,190.15,190.15,HMR2300,11633.3,-9713.3,49206.7,51487.7,,,,,,,,RR1715,,
J2-1008,ASNAP,2017/08/23 07:15:27,45.8301353,-129.7584714,20677.78,-9617.88,252.72,0.6,2.0,0.00,193.01,193.01,HMR2300,11626.7,-9546.7,49233.3,51480.5,,,,,,,,RR1715,,
J2-1008,ASNAP,2017/08/23 07:15:32,45.8301326,-129.7585062,20675.08,-9618.17,252.64,0.7,1.9,0.00,195.65,195.65,HMR2300,11626.7,-9520.0,49220.0,51462.8,,,,,,,,RR1715,,
J2-1008,EVT,2017/08/23 07:15:34,45.8301410,-129.7585039,20675.26,-9617.24,252.89,0.6,2.0,0.00,196.93,196.93,HMR2300,11513.3,-9620.0,49253.3,51487.8,,,,,,,,RR1715,DLG,TXT: depth 210 m USR:eventlogger
J2-1008,ASNAP,2017/08/23 07:15:37,45.8301344,-129.7585359,20672.78,-9617.97,252.77,0.5,2.0,0.00,197.58,197.58,HMR2300,11580.0,-9746.7,49226.7,51501.1,,,,,,,,RR1715,,
J2-1008,ASNAP,2017/08/23 07:15:42,45.8301227,-129.7585471,20671.91,-9619.27,252.88,0.7,2.0,0.00,200.24,200.24,HMR2300,11426.7,-9740.0,49233.3,51471.9,,,,,,,,RR1715,,
J2-1008,ASNAP,2017/08/23 07:15:47,45.8301212,-129.7585584,20671.03,-9619.44,252.59,0.4,2.0,0.00,203.06,203.06,HMR2300,11386.7,-9666.7,49246.7,51462.0,,,,,,,,RR1715,,
J2-1008,ASNAP,2017/08/23 07:15:52,45.8301245,-129.7585660,20670.44,-9619.07,252.78,0.5,1.9,0.00,205.99,205.99,HMR2300,11460.0,-9633.3,49233.3,51459.2,,,,,,,,RR1715,,
J2-1008,ASNAP,2017/08/23 07:15:57,45.8301277,-129.7585766,20669.62,-9618.72,252.78,0.6,1.9,0.00,208.23,208.23,HMR2300,11613.3,-9626.7,49166.7,51428.6,,,,,,,,RR1715,,
J2-1008,ASNAP,2017/08/23 07:16:02,45.8301344,-129.7585961,20668.11,-9617.98,253.03,0.8,2.1,0.00,211.18,211.18,HMR2300,11626.7,-9840.0,49153.3,51459.3,,,,,,,,RR1715,,
J2-1008,ASNAP,2017/08/23 07:16:07,45.8301322,-129.7585895,20668.62,-9618.22,253.09,0.6,2.0,0.00,214.05,214.05,HMR2300,11546.7,-9713.3,49260.0,51519.1,,,,,,,,RR1715,,
J2-1008,ASNAP,2017/08/23 07:16:12,45.8301261,-129.7586163,20666.54,-9618.90,252.91,0.4,2.0,0.00,216.77,216.77,HMR2300,11273.3,-9586.7,49226.7,51402.9,,,,,,,,RR1715,,
J2-1008,ASNAP,2017/08/23 07:16:17,45.8301279,-129.7586296,20665.51,-9618.70,252.99,0.3,2.1,0.00,218.71,218.71,HMR2300,11326.7,-9746.7,49260.0,51476.6,,,,,,,,RR1715,,
J2-1008,ASNAP,2017/08/23 07:16:22,45.8301380,-129.7586410,20664.62,-9617.58,252.89,0.4,2.0,0.00,221.25,221.25,HMR2300,11386.7,-9746.7,49246.7,51477.1,,,,,,,,RR1715,,
J2-1008,ASNAP,2017/08/23 07:16:27,45.8301380,-129.7586410,20664.62,-9617.58,252.86,0.3,2.0,0.00,223.88,223.88,HMR2300,11266.7,-9666.7,49300.0,51486.6,,,,,,,,RR1715,,
J2-1008,ASNAP,2017/08/23 07:16:32,45.8301457,-129.7586556,20663.49,-9616.72,252.98,0.3,2.1,0.00,226.61,226.61,HMR2300,11220.0,-9780.0,49300.0,51497.8,,,,,,,,RR1715,,
J2-1008,ASNAP,2017/08/23 07:16:37,45.8301469,-129.7586586,20663.26,-9616.59,253.02,0.2,2.1,0.00,228.72,228.72,HMR2300,11153.3,-9806.7,49233.3,51424.6,,,,,,,,RR1715,,
J2-1008,ASNAP,2017/08/23 07:16:42,45.8301526,-129.7586700,20662.37,-9615.95,253.06,0.3,2.0,0.00,231.54,231.54,HMR2300,11173.3,-9713.3,49260.0,51436.8,,,,,,,,RR1715,,
J2-1008,ASNAP,2017/08/23 07:16:47,45.8301417,-129.7586747,20662.01,-9617.16,252.91,0.2,2.1,0.00,234.34,234.34,HMR2300,11100.0,-9686.7,49233.3,51390.3,,,,,,,,RR1715,,
J2-1008,ASNAP,2017/08/23 07:16:52,45.8301558,-129.7586916,20660.70,-9615.60,252.96,0.3,2.0,0.00,237.13,237.13,HMR2300,11180.0,-9740.0,49273.3,51456.0,,,,,,,,RR1715,,
J2-1008,ASNAP,2017/08/23 07:16:57,45.8301511,-129.7587011,20659.96,-9616.12,253.08,0.4,2.0,0.00,239.19,239.19,HMR2300,11306.7,-9846.7,49300.0,51529.5,,,,,,,,RR1715,,
J2-1008,ASNAP,2017/08/23 07:17:02,45.8301512,-129.7587201,20658.49,-9616.11,252.97,0.4,2.1,0.00,241.92,241.92,HMR2300,11240.0,-9793.3,49300.0,51504.7,,,,,,,,RR1715,,
J2-1008,ASNAP,2017/08/23 07:17:07,45.8301494,-129.7587195,20658.53,-9616.31,252.98,0.3,2.0,0.00,244.60,244.6,HMR2300,11320.0,-9626.7,49273.3,51465.3,,,,,,,,RR1715,,
J2-1008,ASNAP,2017/08/23 07:17:12,45.8301483,-129.7587349,20657.34,-9616.43,252.69,-0.0,2.0,0.00,247.30,247.3,HMR2300,11060.0,-9680.0,49280.0,51425.1,,,,,,,,RR1715,,
J2-1008,ASNAP,2017/08/23 07:17:17,45.8301506,-129.7587457,20656.50,-9616.17,252.77,0.2,2.0,0.00,249.39,249.39,HMR2300,11233.3,-9660.0,49233.3,51414.2,,,,,,,,RR1715,,
J2-1008,ASNAP,2017/08/23 07:17:22,45.8301538,-129.7587665,20654.89,-9615.82,252.65,0.1,2.0,0.00,252.18,252.18,HMR2300,11206.7,-9660.0,49260.0,51434.0,,,,,,,,RR1715,,
J2-1008,ASNAP,2017/08/23 07:17:27,45.8301622,-129.7587836,20653.56,-9614.88,252.83,0.4,1.9,0.00,255.00,255,HMR2300,11346.7,-9640.0,49273.3,51473.7,,,,,,,,RR1715,,
J2-1008,ASNAP,2017/08/23 07:17:32,45.8301674,-129.7587796,20653.87,-9614.31,252.87,0.5,2.1,0.00,257.78,257.78,HMR2300,11526.7,-9773.3,49266.7,51532.4,,,,,,,,RR1715,,
J2-1008,ASNAP,2017/08/23 07:17:37,45.8301653,-129.7587810,20653.76,-9614.54,252.89,0.4,2.1,0.00,259.86,259.86,HMR2300,11320.0,-9793.3,49260.0,51484.0,,,,,,,,RR1715,,
J2-1008,ASNAP,2017/08/23 07:17:42,45.8301695,-129.7587988,20652.38,-9614.07,252.78,0.6,2.1,0.00,262.60,262.6,HMR2300,11566.7,-9693.3,49226.7,51488.0,,,,,,,,RR1715,,
J2-1008,ASNAP,2017/08/23 07:17:47,45.8301717,-129.7588053,20651.88,-9613.83,252.96,0.3,2.0,0.00,265.29,265.29,HMR2300,11326.7,-9813.3,49280.0,51508.4,,,,,,,,RR1715,,
J2-1008,ASNAP,2017/08/23 07:17:52,45.8301728,-129.7588148,20651.14,-9613.71,252.81,0.3,2.2,0.00,267.96,267.96,HMR2300,11313.3,-9786.7,49266.7,51487.6,,,,,,,,RR1715,,
J2-1008,ASNAP,2017/08/23 07:17:57,45.8301744,-129.7588163,20651.02,-9613.53,252.72,0.2,2.0,0.00,269.95,269.95,HMR2300,11166.7,-9720.0,49320.0,51494.0,,,,,,,,RR1715,,
J2-1008,ASNAP,2017/08/23 07:18:02,45.8301793,-129.7588366,20649.45,-9612.98,252.70,0.3,2.0,0.00,272.64,272.64,HMR2300,11400.0,-9593.3,49280.0,51483.1,,,,,,,,RR1715,,
J2-1008,ASNAP,2017/08/23 07:18:07,45.8301776,-129.7588424,20649.00,-9613.17,252.72,0.3,2.0,0.00,275.33,275.33,HMR2300,11326.7,-9773.3,49293.3,51513.5,,,,,,,,RR1715,,
J2-1008,ASNAP,2017/08/23 07:18:12,45.8301764,-129.7588514,20648.30,-9613.31,252.94,0.3,2.2,0.00,278.05,278.05,HMR2300,11346.7,-9746.7,49293.3,51512.9,,,,,,,,RR1715,,
J2-1008,ASNAP,2017/08/23 07:18:17,45.8301732,-129.7588621,20647.47,-9613.66,252.92,0.4,2.1,0.00,280.11,280.11,HMR2300,11326.7,-9920.0,49273.3,51522.4,,,,,,,,RR1715,,
J2-1008,ASNAP,2017/08/23 07:18:22,45.8301749,-129.7588667,20647.11,-9613.47,252.72,0.1,2.1,0.00,282.96,282.96,HMR2300,11020.0,-9686.7,49360.0,51494.5,,,,,,,,RR1715,,
J2-1008,ASNAP,2017/08/23 07:18:27,45.8301739,-129.7588794,20646.13,-9613.59,252.66,-0.2,2.0,0.00,285.82,285.82,HMR2300,10986.7,-9560.0,49300.0,51406.1,,,,,,,,RR1715,,
J2-1008,ASNAP,2017/08/23 07:18:32,45.8301782,-129.7588750,20646.47,-9613.11,252.66,0.2,1.9,0.00,288.71,288.71,HMR2300,11153.3,-9580.0,49340.0,51484.1,,,,,,,,RR1715,,
J2-1008,ASNAP,2017/08/23 07:18:37,45.8301802,-129.7588972,20644.75,-9612.88,252.50,-0.1,2.1,0.00,290.86,290.86,HMR2300,11140.0,-9640.0,49326.7,51479.6,,,,,,,,RR1715,,
J2-1008,ASNAP,2017/08/23 07:18:42,45.8301702,-129.7589121,20643.59,-9614.00,252.65,-0.0,2.2,0.00,293.77,293.77,HMR2300,10900.0,-9760.0,49346.7,51470.0,,,,,,,,RR1715,,
J2-1008,ASNAP,2017/08/23 07:18:47,45.8301685,-129.7589019,20644.38,-9614.19,252.74,0.1,2.0,0.00,296.68,296.68,HMR2300,11166.7,-9600.0,49300.0,51452.4,,,,,,,,RR1715,,
J2-1008,ASNAP,2017/08/23 07:18:52,45.8301739,-129.7589106,20643.71,-9613.58,252.54,0.1,2.0,0.00,299.60,299.6,HMR2300,11226.7,-9546.7,49280.0,51436.3,,,,,,,,RR1715,,
J2-1008,ASNAP,2017/08/23 07:18:57,45.8301750,-129.7589446,20641.07,-9613.46,252.57,0.3,2.0,0.00,301.82,301.82,HMR2300,11306.7,-9640.0,49266.7,51458.5,,,,,,,,RR1715,,
J2-1008,EVT,2017/08/23 07:18:58,45.8301750,-129.7589446,20641.07,-9613.46,252.57,0.2,2.1,0.00,302.56,302.56,HMR2300,11193.3,-9733.3,49280.0,51464.0,,,,,,,,RR1715,DLG,TXT: depth 300 m temp 6.09 C USR:eventlogger
J2-1008,ASNAP,2017/08/23 07:19:02,45.8301772,-129.7589385,20641.54,-9613.22,252.55,-0.0,2.2,0.00,304.74,304.74,HMR2300,11300.0,-9740.0,49260.0,51469.5,,,,,,,,RR1715,,
J2-1008,ASNAP,2017/08/23 07:19:07,45.8301811,-129.7589624,20639.69,-9612.78,252.62,-0.0,2.2,0.00,307.65,307.65,HMR2300,11100.0,-9746.7,49346.7,51510.2,,,,,,,,RR1715,,
J2-1008,ASNAP,2017/08/23 07:19:12,45.8301791,-129.7589660,20639.41,-9613.01,252.66,0.2,2.2,0.00,310.57,310.57,HMR2300,11293.3,-9713.3,49313.3,51514.0,,,,,,,,RR1715,,
J2-1008,ASNAP,2017/08/23 07:19:17,45.8301826,-129.7589668,20639.35,-9612.62,252.48,-0.1,2.2,0.00,312.76,312.76,HMR2300,11106.7,-9706.7,49340.0,51497.7,,,,,,,,RR1715,,
J2-1008,ASNAP,2017/08/23 07:19:22,45.8301800,-129.7589996,20636.80,-9612.91,252.56,0.1,2.2,0.00,315.67,315.67,HMR2300,11193.3,-9733.3,49280.0,51464.0,,,,,,,,RR1715,,
J2-1008,ASNAP,2017/08/23 07:19:27,45.8301823,-129.7589950,20637.16,-9612.65,252.57,0.4,2.3,0.00,318.59,318.59,HMR2300,11446.7,-9813.3,49313.3,51566.8,,,,,,,,RR1715,,
J2-1008,ASNAP,2017/08/23 07:19:32,45.8301834,-129.7590047,20636.41,-9612.53,252.68,0.0,2.2,0.00,321.44,321.44,HMR2300,11273.3,-9806.7,49340.0,51552.8,,,,,,,,RR1715,,
J2-1008,ASNAP,2017/08/23 07:19:37,45.8301708,-129.7590017,20636.64,-9613.93,252.66,0.4,2.2,0.00,323.59,323.59,HMR2300,11353.3,-9760.0,49320.0,51542.4,,,,,,,,RR1715,,
J2-1008,ASNAP,2017/08/23 07:19:42,45.8301631,-129.7590032,20636.52,-9614.78,252.65,0.0,2.2,0.00,326.40,326.4,HMR2300,11426.7,-9773.3,49266.7,51510.1,,,,,,,,RR1715,,
J2-1008,ASNAP,2017/08/23 07:19:47,45.8301757,-129.7590087,20636.10,-9613.38,252.65,0.0,2.1,0.00,329.26,329.26,HMR2300,10913.3,-9673.3,49380.0,51488.4,,,,,,,,RR1715,,
J2-1008,ASNAP,2017/08/23 07:19:52,45.8301704,-129.7590150,20635.61,-9613.97,252.65,0.4,2.0,0.00,332.14,332.14,HMR2300,11480.0,-9580.0,49273.3,51492.0,,,,,,,,RR1715,,
J2-1008,ASNAP,2017/08/23 07:19:57,45.8301834,-129.7590369,20633.91,-9612.53,252.77,-0.1,2.1,0.00,334.29,334.29,HMR2300,11086.7,-9780.0,49326.7,51494.5,,,,,,,,RR1715,,
J2-1008,ASNAP,2017/08/23 07:20:02,45.8301779,-129.7590417,20633.54,-9613.14,252.72,0.0,2.1,0.00,337.15,337.15,HMR2300,11146.7,-9646.7,49300.0,51456.7,,,,,,,,RR1715,,
J2-1008,ASNAP,2017/08/23 07:20:07,45.8301776,-129.7590398,20633.68,-9613.17,252.52,-0.2,2.1,0.00,340.00,340,HMR2300,10780.0,-9686.7,49360.0,51443.7,,,,,,,,RR1715,,
J2-1008,ASNAP,2017/08/23 07:20:12,45.8301748,-129.7590572,20632.33,-9613.48,252.65,0.1,2.0,0.00,342.85,342.85,HMR2300,11413.3,-9546.7,49273.3,51471.0,,,,,,,,RR1715,,
J2-1008,ASNAP,2017/08/23 07:20:17,45.8301682,-129.7590607,20632.06,-9614.22,252.67,-0.8,2.2,0.00,344.97,344.97,HMR2300,10660.0,-9626.7,49380.0,51426.6,,,,,,,,RR1715,,
J2-1008,ASNAP,2017/08/23 07:20:22,45.8301731,-129.7590614,20632.01,-9613.67,252.74,-0.0,2.1,0.00,347.83,347.83,HMR2300,10840.0,-9613.3,49446.7,51525.7,,,,,,,,RR1715,,
J2-1008,ASNAP,2017/08/23 07:20:27,45.8301686,-129.7590723,20631.16,-9614.17,252.76,-0.2,2.0,0.00,350.66,350.66,HMR2300,10786.7,-9500.0,49433.3,51480.6,,,,,,,,RR1715,,
J2-1008,ASNAP,2017/08/23 07:20:32,45.8301712,-129.7590730,20631.11,-9613.88,252.70,-0.1,1.9,0.00,353.35,353.35,HMR2300,10960.0,-9473.3,49386.7,51467.5,,,,,,,,RR1715,,
J2-1008,ASNAP,2017/08/23 07:20:37,45.8301718,-129.7590799,20630.57,-9613.82,252.60,-0.6,1.9,0.00,355.43,355.43,HMR2300,10286.7,-9500.0,49473.3,51416.7,,,,,,,,RR1715,,
J2-1008,ASNAP,2017/08/23 07:20:42,45.8301727,-129.7590761,20630.87,-9613.72,252.64,-2.4,2.4,0.00,358.11,358.11,HMR2300,9180.0,-9880.0,49660.0,51458.7,,,,,,,,RR1715,,
J2-1008,ASNAP,2017/08/23 07:20:47,45.8301822,-129.7590754,20630.92,-9612.66,252.02,-3.0,2.3,0.00,360.47,360.47,HMR2300,8853.3,-9493.3,49700.0,51367.3,,,,,,,,RR1715,,
J2-1008,ASNAP,2017/08/23 07:20:52,45.8301931,-129.7590513,20632.79,-9611.45,252.07,-2.7,2.2,0.00,362.49,362.49,HMR2300,8993.3,-9633.3,49646.7,51366.1,,,,,,,,RR1715,,
J2-1008,ASNAP,2017/08/23 07:20:57,45.8301885,-129.7590310,20634.37,-9611.96,252.06,-2.8,2.2,0.00,363.91,363.91,HMR2300,8946.7,-9513.3,49680.0,51367.8,,,,,,,,RR1715,,
J2-1008,ASNAP,2017/08/23 07:21:02,45.8302085,-129.7590120,20635.84,-9609.74,252.10,-1.7,1.9,0.00,365.82,365.82,HMR2300,10086.7,-9640.0,49540.0,51467.3,,,,,,,,RR1715,,
J2-1008,ASNAP,2017/08/23 07:21:07,45.8302034,-129.7589915,20637.43,-9610.31,252.62,-1.5,1.9,0.00,367.91,367.91,HMR2300,9820.0,-9480.0,49633.3,51475.9,,,,,,,,RR1715,,
J2-1008,ASNAP,2017/08/23 07:21:12,45.8302035,-129.7589795,20638.36,-9610.30,252.69,-1.3,2.1,0.00,370.23,370.23,HMR2300,10046.7,-9586.7,49540.0,51449.5,,,,,,,,RR1715,,
J2-1008,ASNAP,2017/08/23 07:21:17,45.8302128,-129.7589811,20638.24,-9609.26,252.57,-1.0,2.1,0.00,372.10,372.1,HMR2300,10340.0,-9593.3,49486.7,51457.5,,,,,,,,RR1715,,
J2-1008,ASNAP,2017/08/23 07:21:22,45.8302138,-129.7589674,20639.30,-9609.15,252.50,-1.1,2.2,0.00,374.71,374.71,HMR2300,10293.3,-9733.3,49493.3,51480.9,,,,,,,,RR1715,,
J2-1008,ASNAP,2017/08/23 07:21:27,45.8302114,-129.7589580,20640.03,-9609.42,252.57,-1.0,2.1,0.00,377.44,377.44,HMR2300,10306.7,-9720.0,49520.0,51506.7,,,,,,,,RR1715,,
J2-1008,ASNAP,2017/08/23 07:21:32,45.8302094,-129.7589456,20640.99,-9609.64,252.69,-0.7,2.1,0.00,380.22,380.22,HMR2300,10513.3,-9613.3,49486.7,51496.4,,,,,,,,RR1715,,
J2-1008,ASNAP,2017/08/23 07:21:37,45.8302125,-129.7589597,20639.90,-9609.29,252.55,-1.0,2.2,0.00,382.31,382.31,HMR2300,10353.3,-9526.7,49480.0,51441.4,,,,,,,,RR1715,,
J2-1008,ASNAP,2017/08/23 07:21:42,45.8302106,-129.7589483,20640.78,-9609.50,252.39,-0.7,2.2,0.00,385.05,385.05,HMR2300,10573.3,-9726.7,49426.7,51472.3,,,,,,,,RR1715,,
J2-1008,ASNAP,2017/08/23 07:21:47,45.8302169,-129.7589357,20641.76,-9608.80,252.15,-0.7,2.4,0.00,387.81,387.81,HMR2300,10766.7,-9966.7,49386.7,51519.9,,,,,,,,RR1715,,
J2-1008,ASNAP,2017/08/23 07:21:52,45.8302169,-129.7589477,20640.83,-9608.81,251.88,-0.6,2.5,0.00,390.52,390.52,HMR2300,10906.7,-9933.3,49386.7,51542.9,,,,,,,,RR1715,,
J2-1008,ASNAP,2017/08/23 07:21:57,45.8302169,-129.7589554,20640.23,-9608.81,252.38,-0.7,2.4,0.00,392.55,392.55,HMR2300,10573.3,-9886.7,49400.0,51477.2,,,,,,,,RR1715,,
J2-1008,ASNAP,2017/08/23 07:22:02,45.8302187,-129.7589432,20641.18,-9608.60,252.21,-0.6,2.6,0.00,395.24,395.24,HMR2300,10780.0,-9966.7,49360.0,51497.1,,,,,,,,RR1715,,
J2-1008,ASNAP,2017/08/23 07:22:07,45.8302203,-129.7589381,20641.57,-9608.43,252.55,-0.7,2.3,0.00,398.03,398.03,HMR2300,10653.3,-9740.0,49413.3,51478.5,,,,,,,,RR1715,,
J2-1008,ASNAP,2017/08/23 07:22:12,45.8302155,-129.7589369,20641.67,-9608.96,252.50,-0.8,2.3,0.00,400.86,400.86,HMR2300,10620.0,-9713.3,49473.3,51524.2,,,,,,,,RR1715,,
J2-1008,ASNAP,2017/08/23 07:22:17,45.8302242,-129.7589321,20642.04,-9607.99,252.50,-0.8,2.2,0.00,403.00,403,HMR2300,10533.3,-9733.3,49493.3,51529.4,,,,,,,,RR1715,,
J2-1008,ASNAP,2017/08/23 07:22:22,45.8302193,-129.7589411,20641.34,-9608.54,252.35,-0.8,2.2,0.00,405.87,405.87,HMR2300,10600.0,-9726.7,49460.0,51509.8,,,,,,,,RR1715,,
J2-1008,ASNAP,2017/08/23 07:22:27,45.8302231,-129.7589326,20642.00,-9608.12,252.31,-0.6,2.1,0.00,408.69,408.69,HMR2300,10746.7,-9620.0,49433.3,51494.6,,,,,,,,RR1715,,
J2-1008,ASNAP,2017/08/23 07:22:32,45.8302270,-129.7589339,20641.90,-9607.68,252.38,-1.0,2.4,0.00,411.41,411.41,HMR2300,10433.3,-9760.0,49480.0,51501.3,,,,,,,,RR1715,,
J2-1008,ASNAP,2017/08/23 07:22:37,45.8302238,-129.7589215,20642.86,-9608.04,252.59,-1.1,2.3,0.00,413.45,413.45,HMR2300,10333.3,-9760.0,49493.3,51493.9,,,,,,,,RR1715,,
J2-1008,ASNAP,2017/08/23 07:22:42,45.8302284,-129.7589039,20644.23,-9607.53,252.77,-0.9,2.3,0.00,416.10,416.1,HMR2300,10373.3,-9833.3,49500.0,51522.3,,,,,,,,RR1715,,
J2-1008,ASNAP,2017/08/23 07:22:47,45.8302305,-129.7589139,20643.45,-9607.29,252.74,-1.0,2.4,0.00,418.76,418.76,HMR2300,10273.3,-9860.0,49540.0,51545.8,,,,,,,,RR1715,,
J2-1008,ASNAP,2017/08/23 07:22:52,45.8302269,-129.7589062,20644.05,-9607.69,252.58,-0.9,2.3,0.00,421.34,421.34,HMR2300,10393.3,-9746.7,49473.3,51484.3,,,,,,,,RR1715,,
J2-1008,ASNAP,2017/08/23 07:22:57,45.8302231,-129.7589037,20644.24,-9608.12,252.65,-1.1,2.2,0.00,423.25,423.25,HMR2300,10300.0,-9733.3,49480.0,51469.4,,,,,,,,RR1715,,
J2-1008,ASNAP,2017/08/23 07:23:02,45.8302240,-129.7588894,20645.35,-9608.02,252.70,-1.0,2.3,0.00,425.80,425.8,HMR2300,10346.7,-9806.7,49473.3,51486.3,,,,,,,,RR1715,,
J2-1008,ASNAP,2017/08/23 07:23:07,45.8302127,-129.7588822,20645.91,-9609.27,252.66,-1.0,2.2,0.00,428.41,428.41,HMR2300,10386.7,-9680.0,49493.3,51489.6,,,,,,,,RR1715,,
J2-1008,ASNAP,2017/08/23 07:23:12,45.8302192,-129.7588617,20647.50,-9608.55,252.39,-1.0,2.3,0.00,431.08,431.08,HMR2300,10473.3,-9640.0,49460.0,51467.6,,,,,,,,RR1715,,
J2-1008,ASNAP,2017/08/23 07:23:17,45.8302228,-129.7588587,20647.73,-9608.15,252.66,-0.8,2.0,0.00,433.18,433.18,HMR2300,10446.7,-9486.7,49500.0,51472.1,,,,,,,,RR1715,,
J2-1008,ASNAP,2017/08/23 07:23:22,45.8302157,-129.7588490,20648.49,-9608.94,252.55,-0.8,2.1,0.00,435.94,435.94,HMR2300,10493.3,-9433.3,49480.0,51452.6,,,,,,,,RR1715,,
J2-1008,ASNAP,2017/08/23 07:23:27,45.8302256,-129.7588509,20648.34,-9607.84,252.62,-0.9,2.1,0.00,438.72,438.72,HMR2300,10393.3,-9593.3,49533.3,51513.1,,,,,,,,RR1715,,
J2-1008,ASNAP,2017/08/23 07:23:32,45.8302184,-129.7588450,20648.80,-9608.64,252.59,-0.7,2.0,0.00,441.52,441.52,HMR2300,10686.7,-9486.7,49526.7,51547.0,,,,,,,,RR1715,,
J2-1008,ASNAP,2017/08/23 07:23:37,45.8302299,-129.7588490,20648.49,-9607.36,252.57,-0.6,1.9,0.00,443.63,443.63,HMR2300,10686.7,-9526.7,49480.0,51509.5,,,,,,,,RR1715,,
J2-1008,ASNAP,2017/08/23 07:23:42,45.8302287,-129.7588488,20648.50,-9607.49,252.33,-0.6,2.3,0.00,446.47,446.47,HMR2300,10786.7,-9680.0,49440.0,51520.6,,,,,,,,RR1715,,
J2-1008,EVT,2017/08/23 07:23:45,45.8302320,-129.7588625,20647.44,-9607.13,252.15,-0.4,2.4,0.00,447.86,447.86,HMR2300,10973.3,-9826.7,49340.0,51491.9,,,,,,,,RR1715,DLG,Biology: Fish USR:eventlogger
J2-1008,ASNAP,2017/08/23 07:23:47,45.8302320,-129.7588625,20647.44,-9607.13,252.21,-0.4,2.4,0.00,449.28,449.28,HMR2300,11040.0,-9773.3,49386.7,51540.7,,,,,,,,RR1715,,
J2-1008,ASNAP,2017/08/23 07:23:52,45.8302286,-129.7588675,20647.05,-9607.51,252.06,-0.6,2.3,0.00,452.07,452.07,HMR2300,10846.7,-9733.3,49433.3,51536.8,,,,,,,,RR1715,,
J2-1008,ASNAP,2017/08/23 07:23:57,45.8302322,-129.7588616,20647.51,-9607.11,251.94,-0.4,2.4,0.00,454.13,454.13,HMR2300,11133.3,-9693.3,49426.7,51584.0,,,,,,,,RR1715,,
J2-1008,ASNAP,2017/08/23 07:24:02,45.8302203,-129.7588575,20647.83,-9608.43,251.87,-0.4,2.5,0.00,456.88,456.88,HMR2300,11180.0,-9773.3,49340.0,51526.2,,,,,,,,RR1715,,
J2-1008,ASNAP,2017/08/23 07:24:07,45.8302177,-129.7588517,20648.28,-9608.72,253.91,-0.8,2.2,0.00,459.65,459.65,HMR2300,8740.0,-10546.7,49613.3,51469.4,,,,,,,,RR1715,,
J2-1008,ASNAP,2017/08/23 07:24:12,45.8302174,-129.7588532,20648.16,-9608.75,295.96,-1.5,2.0,0.00,462.38,462.38,HMR2300,-8493.3,-12253.3,48613.3,50848.2,,,,,,,,RR1715,,
J2-1008,ASNAP,2017/08/23 07:24:17,45.8302142,-129.7588233,20650.48,-9609.11,339.56,-1.5,2.5,0.00,464.16,464.16,HMR2300,-17946.7,-6080.0,46346.7,50070.6,,,,,,,,RR1715,,
J2-1008,ASNAP,2017/08/23 07:24:22,45.8302178,-129.7588160,20651.05,-9608.70,312.70,-2.3,2.3,0.00,466.51,466.51,HMR2300,-11366.7,-11440.0,48026.7,50662.0,,,,,,,,RR1715,,
J2-1008,ASNAP,2017/08/23 07:24:27,45.8302245,-129.7588132,20651.26,-9607.96,322.50,-2.7,2.5,0.00,468.79,468.79,HMR2300,-15460.0,-9873.3,47000.0,50452.9,,,,,,,,RR1715,,
J2-1008,ASNAP,2017/08/23 07:24:32,45.8302153,-129.7587979,20652.45,-9608.98,321.54,-3.0,2.8,0.00,471.04,471.04,HMR2300,-14826.7,-10473.3,47153.3,50526.8,,,,,,,,RR1715,,
J2-1008,ASNAP,2017/08/23 07:24:37,45.8302184,-129.7588125,20651.32,-9608.64,320.86,-3.1,2.5,0.00,472.63,472.63,HMR2300,-14813.3,-10300.0,47173.3,50505.9,,,,,,,,RR1715,,
J2-1008,ASNAP,2017/08/23 07:24:42,45.8302061,-129.7587881,20653.21,-9610.01,321.03,-3.3,2.5,0.00,474.64,474.64,HMR2300,-14886.7,-10266.7,47113.3,50464.7,,,,,,,,RR1715,,
J2-1008,ASNAP,2017/08/23 07:24:47,45.8301754,-129.7587193,20658.55,-9613.42,321.50,-3.2,2.4,0.00,476.58,476.58,HMR2300,-14986.7,-10060.0,47080.0,50421.5,,,,,,,,RR1715,,
J2-1008,ASNAP,2017/08/23 07:24:52,45.8301768,-129.7587192,20658.56,-9613.26,321.16,-3.2,2.4,0.00,478.52,478.52,HMR2300,-14820.0,-10066.7,47186.7,50473.3,,,,,,,,RR1715,,
J2-1008,ASNAP,2017/08/23 07:24:57,45.8301656,-129.7587032,20659.80,-9614.51,320.89,-3.3,2.5,0.00,480.01,480.01,HMR2300,-14993.3,-10126.7,47120.0,50474.2,,,,,,,,RR1715,,
J2-1008,ASNAP,2017/08/23 07:25:02,45.8301587,-129.7586967,20660.30,-9615.27,321.29,-3.2,2.3,0.00,482.03,482.03,HMR2300,-15060.0,-10053.3,47093.3,50454.5,,,,,,,,RR1715,,
J2-1008,ASNAP,2017/08/23 07:25:07,45.8301587,-129.7586967,20660.30,-9615.27,321.45,-2.2,2.2,0.00,484.24,484.24,HMR2300,-14406.7,-10026.7,47320.0,50470.5,,,,,,,,RR1715,,
J2-1008,ASNAP,2017/08/23 07:25:12,45.8301587,-129.7586967,20660.30,-9615.27,322.40,-2.7,2.7,0.00,486.75,486.75,HMR2300,-14840.0,-10166.7,47160.0,50474.3,,,,,,,,RR1715,,
J2-1008,ASNAP,2017/08/23 07:25:17,45.8301085,-129.7586728,20662.16,-9620.85,322.17,-3.0,2.9,0.00,488.79,488.79,HMR2300,-15146.7,-10466.7,47006.7,50483.7,,,,,,,,RR1715,,
J2-1008,ASNAP,2017/08/23 07:25:22,45.8301087,-129.7586633,20662.89,-9620.83,321.98,-2.8,2.6,0.00,491.54,491.54,HMR2300,-15020.0,-10240.0,47100.0,50486.3,,,,,,,,RR1715,,
J2-1008,ASNAP,2017/08/23 07:25:27,45.8300849,-129.7586579,20663.31,-9623.48,321.95,-3.1,2.6,0.00,494.31,494.31,HMR2300,-15153.3,-10313.3,47046.7,50491.4,,,,,,,,RR1715,,
J2-1008,ASNAP,2017/08/23 07:25:32,45.8300824,-129.7586318,20665.34,-9623.75,322.39,-3.1,2.7,0.00,497.06,497.06,HMR2300,-15366.7,-10226.7,46973.3,50469.9,,,,,,,,RR1715,,
J2-1008,ASNAP,2017/08/23 07:25:37,45.8300722,-129.7586341,20665.16,-9624.89,322.36,-3.1,2.6,0.00,499.10,499.1,HMR2300,-15320.0,-10093.3,46980.0,50435.1,,,,,,,,RR1715,,
J2-1008,ASNAP,2017/08/23 07:25:42,45.8300663,-129.7586327,20665.27,-9625.54,321.15,-3.2,2.7,0.00,501.80,501.8,HMR2300,-14980.0,-10486.7,47080.0,50506.4,,,,,,,,RR1715,,
J2-1008,EVT,2017/08/23 07:25:43,45.8300697,-129.7586181,20666.40,-9625.17,321.10,-3.2,2.7,0.00,502.47,502.47,HMR2300,-14933.3,-10633.3,47066.7,50510.8,,,,,,,,RR1715,DLG,TXT: depth 500 m temp 4.79 C USR:eventlogger
J2-1008,ASNAP,2017/08/23 07:25:47,45.8300636,-129.7586062,20667.32,-9625.84,321.57,-3.3,2.8,0.00,504.46,504.46,HMR2300,-15260.0,-10386.7,46960.0,50457.8,,,,,,,,RR1715,,
J2-1008,ASNAP,2017/08/23 07:25:52,45.8300545,-129.7585842,20669.03,-9626.86,322.56,-3.2,2.9,0.00,507.13,507.13,HMR2300,-15526.7,-10126.7,46913.3,50442.9,,,,,,,,RR1715,,
J2-1008,ASNAP,2017/08/23 07:25:57,45.8300528,-129.7585887,20668.68,-9627.05,321.97,-3.0,2.7,0.00,509.17,509.17,HMR2300,-15013.3,-10513.3,47013.3,50459.7,,,,,,,,RR1715,,
J2-1008,ASNAP,2017/08/23 07:26:02,45.8300541,-129.7585619,20670.76,-9626.90,321.64,-3.1,3.0,0.00,511.90,511.9,HMR2300,-15120.0,-10753.3,46980.0,50511.1,,,,,,,,RR1715,,
J2-1008,ASNAP,2017/08/23 07:26:07,45.8300272,-129.7585620,20670.75,-9629.89,322.32,-3.1,2.7,0.00,514.59,514.59,HMR2300,-15353.3,-10233.3,46973.3,50467.2,,,,,,,,RR1715,,
J2-1008,ASNAP,2017/08/23 07:26:12,45.8300298,-129.7585513,20671.58,-9629.60,322.42,-3.3,2.6,0.00,517.26,517.26,HMR2300,-15453.3,-10106.7,46926.7,50428.8,,,,,,,,RR1715,,
J2-1008,ASNAP,2017/08/23 07:26:17,45.8300516,-129.7585277,20673.41,-9627.18,322.27,-3.1,2.7,0.00,519.26,519.26,HMR2300,-15286.7,-10320.0,46966.7,50458.4,,,,,,,,RR1715,,
J2-1008,ASNAP,2017/08/23 07:26:22,45.8300474,-129.7584955,20675.91,-9627.65,321.84,-3.1,2.7,0.00,521.95,521.95,HMR2300,-15266.7,-10440.0,46933.3,50446.0,,,,,,,,RR1715,,
J2-1008,ASNAP,2017/08/23 07:26:27,45.8300370,-129.7584995,20675.60,-9628.80,322.12,-2.9,2.8,0.00,524.65,524.65,HMR2300,-15233.3,-10500.0,46953.3,50467.0,,,,,,,,RR1715,,
J2-1008,ASNAP,2017/08/23 07:26:32,45.8300160,-129.7585071,20675.01,-9631.14,322.85,-3.0,2.6,0.00,527.40,527.4,HMR2300,-15286.7,-10173.3,46973.3,50434.8,,,,,,,,RR1715,,
J2-1008,ASNAP,2017/08/23 07:26:37,45.8300107,-129.7585143,20674.45,-9631.72,321.60,-3.0,2.8,0.00,529.48,529.48,HMR2300,-14893.3,-10460.0,47100.0,50493.9,,,,,,,,RR1715,,
J2-1008,ASNAP,2017/08/23 07:26:42,45.8300166,-129.7585040,20675.25,-9631.07,321.36,-3.2,2.8,0.00,532.27,532.27,HMR2300,-15113.3,-10686.7,47000.0,50513.5,,,,,,,,RR1715,,
J2-1008,ASNAP,2017/08/23 07:26:47,45.8300099,-129.7585062,20675.08,-9631.81,322.13,-3.1,2.8,0.00,535.03,535.03,HMR2300,-15393.3,-10400.0,46900.0,50445.3,,,,,,,,RR1715,,
J2-1008,ASNAP,2017/08/23 07:26:52,45.8299990,-129.7585027,20675.35,-9633.03,322.27,-3.2,2.7,0.00,537.75,537.75,HMR2300,-15326.7,-10460.0,46926.7,50462.2,,,,,,,,RR1715,,
J2-1008,ASNAP,2017/08/23 07:26:57,45.8299884,-129.7584914,20676.23,-9634.20,321.68,-3.2,2.9,0.00,539.75,539.75,HMR2300,-15193.3,-10620.0,46926.7,50455.3,,,,,,,,RR1715,,
J2-1008,ASNAP,2017/08/23 07:27:02,45.8299814,-129.7584993,20675.62,-9634.98,322.05,-3.0,2.3,0.00,542.43,542.43,HMR2300,-15300.0,-10253.3,46973.3,50455.1,,,,,,,,RR1715,,
J2-1008,ASNAP,2017/08/23 07:27:07,45.8299628,-129.7584865,20676.61,-9637.05,322.68,-3.1,2.4,0.00,545.14,545.14,HMR2300,-15426.7,-10060.0,46940.0,50423.7,,,,,,,,RR1715,,
J2-1008,ASNAP,2017/08/23 07:27:12,45.8299632,-129.7584766,20677.38,-9637.00,322.23,-3.2,2.3,0.00,547.88,547.88,HMR2300,-15180.0,-10140.0,47000.0,50420.8,,,,,,,,RR1715,,
J2-1008,ASNAP,2017/08/23 07:27:17,45.8299604,-129.7584672,20678.11,-9637.31,321.68,-3.0,3.0,0.00,549.94,549.94,HMR2300,-15046.7,-10566.7,46980.0,50449.7,,,,,,,,RR1715,,
J2-1008,ASNAP,2017/08/23 07:27:22,45.8299646,-129.7584688,20677.98,-9636.85,322.36,-3.2,2.6,0.00,552.66,552.66,HMR2300,-15393.3,-10193.3,46913.3,50415.5,,,,,,,,RR1715,,
J2-1008,ASNAP,2017/08/23 07:27:27,45.8299607,-129.7584556,20679.01,-9637.28,322.34,-3.0,2.7,0.00,555.36,555.36,HMR2300,-15200.0,-10406.7,47000.0,50481.1,,,,,,,,RR1715,,
J2-1008,ASNAP,2017/08/23 07:27:32,45.8299479,-129.7584579,20678.83,-9638.70,321.84,-3.2,3.0,0.00,558.06,558.06,HMR2300,-15200.0,-10586.7,46980.0,50499.9,,,,,,,,RR1715,,
J2-1008,ASNAP,2017/08/23 07:27:37,45.8299389,-129.7584579,20678.83,-9639.71,321.97,-3.1,2.7,0.00,560.08,560.08,HMR2300,-15206.7,-10333.3,46973.3,50443.2,,,,,,,,RR1715,,
J2-1008,ASNAP,2017/08/23 07:27:42,45.8299407,-129.7584477,20679.62,-9639.51,322.38,-3.1,2.7,0.00,562.83,562.83,HMR2300,-15326.7,-10206.7,46973.3,50453.7,,,,,,,,RR1715,,
J2-1008,ASNAP,2017/08/23 07:27:47,45.8299402,-129.7584204,20681.74,-9639.56,322.17,-3.2,2.7,0.00,565.60,565.6,HMR2300,-15260.0,-10413.3,46973.3,50475.7,,,,,,,,RR1715,,
J2-1008,ASNAP,2017/08/23 07:27:52,45.8299405,-129.7584206,20681.72,-9639.53,321.98,-3.2,3.0,0.00,568.35,568.35,HMR2300,-15300.0,-10433.3,46953.3,50473.4,,,,,,,,RR1715,,
J2-1008,ASNAP,2017/08/23 07:27:57,45.8299227,-129.7584141,20682.23,-9641.50,322.82,-3.1,2.7,0.00,570.39,570.39,HMR2300,-15393.3,-10206.7,46920.0,50424.4,,,,,,,,RR1715,,
J2-1008,ASNAP,2017/08/23 07:28:02,45.8299111,-129.7584267,20681.25,-9642.80,322.05,-3.1,2.9,0.00,573.12,573.12,HMR2300,-15120.0,-10680.0,46920.0,50439.7,,,,,,,,RR1715,,
J2-1008,ASNAP,2017/08/23 07:28:07,45.8299014,-129.7584233,20681.51,-9643.87,321.88,-3.2,2.9,0.00,575.81,575.81,HMR2300,-15246.7,-10633.3,46833.3,50387.4,,,,,,,,RR1715,,
J2-1008,ASNAP,2017/08/23 07:28:12,45.8298877,-129.7584276,20681.18,-9645.40,322.82,-3.1,2.9,0.00,578.48,578.48,HMR2300,-15466.7,-10206.7,46740.0,50279.4,,,,,,,,RR1715,,
J2-1008,ASNAP,2017/08/23 07:28:17,45.8298882,-129.7584173,20681.98,-9645.34,322.55,-3.3,2.6,0.00,580.46,580.46,HMR2300,-15386.7,-10073.3,46800.0,50283.8,,,,,,,,RR1715,,
J2-1008,ASNAP,2017/08/23 07:28:22,45.8298767,-129.7584248,20681.40,-9646.62,321.87,-3.2,2.7,0.00,583.12,583.12,HMR2300,-15126.7,-10460.0,46840.0,50321.1,,,,,,,,RR1715,,
J2-1008,ASNAP,2017/08/23 07:28:27,45.8298768,-129.7584104,20682.51,-9646.61,322.32,-3.2,2.4,0.00,585.81,585.81,HMR2300,-15340.0,-10140.0,46780.0,50264.3,,,,,,,,RR1715,,
J2-1008,ASNAP,2017/08/23 07:28:32,45.8298553,-129.7584090,20682.62,-9649.00,322.49,-3.2,2.6,0.00,588.49,588.49,HMR2300,-15440.0,-10220.0,46740.0,50273.9,,,,,,,,RR1715,,
J2-1008,ASNAP,2017/08/23 07:28:37,45.8298592,-129.7584146,20682.19,-9648.56,322.18,-3.3,2.8,0.00,590.47,590.47,HMR2300,-15406.7,-10426.7,46746.7,50312.3,,,,,,,,RR1715,,
J2-1008,ASNAP,2017/08/23 07:28:42,45.8298385,-129.7584254,20681.35,-9650.86,322.17,-3.3,2.8,0.00,593.14,593.14,HMR2300,-15426.7,-10413.3,46726.7,50297.1,,,,,,,,RR1715,,
J2-1008,ASNAP,2017/08/23 07:28:47,45.8298137,-129.7584102,20682.53,-9653.62,322.38,-3.2,2.7,0.00,595.80,595.8,HMR2300,-15340.0,-10286.7,46753.3,50269.3,,,,,,,,RR1715,,
J2-1008,ASNAP,2017/08/23 07:28:52,45.8298256,-129.7583999,20683.33,-9652.30,322.28,-3.1,2.7,0.00,598.47,598.47,HMR2300,-15366.7,-10413.3,46760.0,50309.7,,,,,,,,RR1715,,
J2-1008,ASNAP,2017/08/23 07:28:57,45.8298124,-129.7584005,20683.28,-9653.76,322.13,-3.2,2.9,0.00,600.49,600.49,HMR2300,-15286.7,-10633.3,46753.3,50325.2,,,,,,,,RR1715,,
J2-1008,ASNAP,2017/08/23 07:29:02,45.8298120,-129.7583902,20684.08,-9653.81,321.86,-3.2,2.8,0.00,603.21,603.21,HMR2300,-15146.7,-10506.7,46800.0,50299.6,,,,,,,,RR1715,,
J2-1008,ASNAP,2017/08/23 07:29:07,45.8298103,-129.7583881,20684.24,-9654.00,322.08,-3.3,2.8,0.00,605.95,605.95,HMR2300,-15386.7,-10300.0,46753.3,50286.3,,,,,,,,RR1715,,
J2-1008,ASNAP,2017/08/23 07:29:12,45.8297989,-129.7583925,20683.90,-9655.26,322.04,-3.2,2.6,0.00,608.70,608.7,HMR2300,-15246.7,-10300.0,46820.0,50305.7,,,,,,,,RR1715,,
J2-1008,ASNAP,2017/08/23 07:29:17,45.8298162,-129.7583884,20684.22,-9653.34,322.16,-3.2,2.6,0.00,610.78,610.78,HMR2300,-15213.3,-10400.0,46780.0,50279.0,,,,,,,,RR1715,,
J2-1008,ASNAP,2017/08/23 07:29:22,45.8298205,-129.7583347,20688.39,-9652.86,322.47,-3.2,2.7,0.00,613.54,613.54,HMR2300,-15346.7,-10140.0,46773.3,50260.2,,,,,,,,RR1715,,
J2-1008,ASNAP,2017/08/23 07:29:27,45.8298119,-129.7583256,20689.09,-9653.82,321.84,-3.4,2.7,0.00,616.29,616.29,HMR2300,-15240.0,-10546.7,46753.3,50292.8,,,,,,,,RR1715,,
J2-1008,ASNAP,2017/08/23 07:29:32,45.8297853,-129.7583473,20687.41,-9656.78,322.26,-3.3,2.8,0.00,618.98,618.98,HMR2300,-15426.7,-10286.7,46713.3,50258.7,,,,,,,,RR1715,,
J2-1008,ASNAP,2017/08/23 07:29:37,45.8297774,-129.7583629,20686.20,-9657.65,322.20,-3.3,2.9,0.00,620.97,620.97,HMR2300,-15280.0,-10406.7,46740.0,50263.4,,,,,,,,RR1715,,
J2-1008,ASNAP,2017/08/23 07:29:42,45.8297586,-129.7583687,20685.75,-9659.75,321.95,-3.2,2.7,0.00,623.68,623.68,HMR2300,-15246.7,-10413.3,46746.7,50260.8,,,,,,,,RR1715,,
J2-1008,ASNAP,2017/08/23 07:29:47,45.8297538,-129.7583817,20684.74,-9660.28,322.53,-3.2,2.7,0.00,626.42,626.42,HMR2300,-15380.0,-10240.0,46740.0,50259.6,,,,,,,,RR1715,,
J2-1008,ASNAP,2017/08/23 07:29:52,45.8297382,-129.7583780,20685.03,-9662.01,322.43,-3.3,2.6,0.00,629.20,629.2,HMR2300,-15366.7,-10486.7,46726.7,50294.0,,,,,,,,RR1715,,
J2-1008,ASNAP,2017/08/23 07:29:57,45.8297487,-129.7583771,20685.10,-9660.85,321.62,-3.2,2.6,0.00,631.27,631.27,HMR2300,-15106.7,-10573.3,46786.7,50289.2,,,,,,,,RR1715,,
J2-1008,ASNAP,2017/08/23 07:30:02,45.8297326,-129.7583772,20685.09,-9662.63,322.04,-3.1,2.7,0.00,633.98,633.98,HMR2300,-15240.0,-10366.7,46780.0,50280.2,,,,,,,,RR1715,,
J2-1008,ASNAP,2017/08/23 07:30:07,45.8297119,-129.7583719,20685.50,-9664.93,322.55,-3.2,2.4,0.00,636.68,636.68,HMR2300,-15420.0,-10120.0,46733.3,50241.4,,,,,,,,RR1715,,
J2-1008,ASNAP,2017/08/23 07:30:12,45.8297138,-129.7583776,20685.06,-9664.72,321.88,-3.2,2.7,0.00,639.42,639.42,HMR2300,-15160.0,-10340.0,46773.3,50244.3,,,,,,,,RR1715,,
J2-1008,ASNAP,2017/08/23 07:30:17,45.8297129,-129.7583593,20686.48,-9664.82,322.24,-3.3,2.6,0.00,641.47,641.47,HMR2300,-15433.3,-10166.7,46740.0,50261.1,,,,,,,,RR1715,,
J2-1008,ASNAP,2017/08/23 07:30:22,45.8297129,-129.7583593,20686.48,-9664.82,322.28,-3.2,2.4,0.00,644.16,644.16,HMR2300,-15300.0,-10113.3,46773.3,50240.6,,,,,,,,RR1715,,
J2-1008,ASNAP,2017/08/23 07:30:27,45.8296912,-129.7583589,20686.51,-9667.24,321.96,-3.3,2.8,0.00,646.83,646.83,HMR2300,-15233.3,-10520.0,46753.3,50285.2,,,,,,,,RR1715,,
J2-1008,ASNAP,2017/08/23 07:30:32,45.8296836,-129.7583513,20687.10,-9668.08,322.17,-3.3,2.7,0.00,649.52,649.52,HMR2300,-15473.3,-10360.0,46693.3,50269.5,,,,,,,,RR1715,,
J2-1008,ASNAP,2017/08/23 07:30:37,45.8296838,-129.7583612,20686.33,-9668.06,322.21,-3.3,2.8,0.00,651.52,651.52,HMR2300,-15266.7,-10386.7,46773.3,50286.2,,,,,,,,RR1715,,
J2-1008,ASNAP,2017/08/23 07:30:42,45.8296761,-129.7583528,20686.98,-9668.91,322.00,-3.3,2.8,0.00,654.19,654.19,HMR2300,-15266.7,-10413.3,46746.7,50266.9,,,,,,,,RR1715,,
J2-1008,ASNAP,2017/08/23 07:30:47,45.8296671,-129.7583407,20687.92,-9669.91,321.90,-3.2,2.6,0.00,656.93,656.93,HMR2300,-15306.7,-10486.7,46713.3,50263.3,,,,,,,,RR1715,,
J2-1008,ASNAP,2017/08/23 07:30:52,45.8296513,-129.7583490,20687.28,-9671.67,322.21,-3.2,2.7,0.00,659.69,659.69,HMR2300,-15253.3,-10333.3,46753.3,50252.5,,,,,,,,RR1715,,
J2-1008,ASNAP,2017/08/23 07:30:57,45.8296536,-129.7583463,20687.49,-9671.42,321.74,-3.2,2.7,0.00,661.78,661.78,HMR2300,-15193.3,-10406.7,46786.7,50280.5,,,,,,,,RR1715,,
J2-1008,EVT,2017/08/23 07:30:57,45.8296557,-129.7583283,20688.88,-9671.18,321.78,-3.3,2.7,0.00,662.48,662.48,HMR2300,-15240.0,-10466.7,46760.0,50282.3,,,,,,,,RR1715,DLG,Biology: Cnidaria USR:eventlogger
J2-1008,ASNAP,2017/08/23 07:31:02,45.8296411,-129.7583455,20687.55,-9672.80,322.35,-3.4,3.1,0.00,664.56,664.56,HMR2300,-15520.0,-10433.3,46620.0,50231.0,,,,,,,,RR1715,,
J2-1008,ASNAP,2017/08/23 07:31:07,45.8296260,-129.7583368,20688.22,-9674.48,322.98,-3.4,2.7,0.00,667.34,667.34,HMR2300,-15500.0,-10320.0,46693.3,50269.5,,,,,,,,RR1715,,
J2-1008,EVT,2017/08/23 07:31:12,45.8296220,-129.7583254,20689.11,-9674.93,321.61,-3.5,2.8,0.00,670.08,670.08,HMR2300,-15266.7,-10586.7,46706.7,50265.9,,,,,,,,RR1715,DLG,Biology: Cnidaria USR:eventlogger
J2-1008,ASNAP,2017/08/23 07:31:12,45.8296220,-129.7583254,20689.11,-9674.93,321.61,-3.5,2.8,0.00,670.08,670.08,HMR2300,-15246.7,-10566.7,46733.3,50280.4,,,,,,,,RR1715,,
J2-1008,ASNAP,2017/08/23 07:31:17,45.8296111,-129.7583402,20687.96,-9676.14,322.23,-3.6,2.7,0.00,672.09,672.09,HMR2300,-15686.7,-10360.0,46566.7,50218.1,,,,,,,,RR1715,,
J2-1008,ASNAP,2017/08/23 07:31:22,45.8296041,-129.7583158,20689.85,-9676.92,322.56,-3.4,2.6,0.00,674.69,674.69,HMR2300,-15393.3,-10213.3,46726.7,50245.9,,,,,,,,RR1715,,
J2-1008,ASNAP,2017/08/23 07:31:27,45.8295837,-129.7583310,20688.67,-9679.18,322.17,-3.3,2.4,0.00,677.31,677.31,HMR2300,-15293.3,-10400.0,46733.3,50259.8,,,,,,,,RR1715,,
J2-1008,ASNAP,2017/08/23 07:31:32,45.8295837,-129.7583318,20688.61,-9679.18,322.40,-3.4,2.7,0.00,679.96,679.96,HMR2300,-15373.3,-10333.3,46693.3,50233.3,,,,,,,,RR1715,,
J2-1008,ASNAP,2017/08/23 07:31:37,45.8295703,-129.7583307,20688.70,-9680.67,322.19,-3.3,2.5,0.00,681.96,681.96,HMR2300,-15233.3,-10153.3,46780.0,50234.6,,,,,,,,RR1715,,
J2-1008,EVT,2017/08/23 07:31:41,45.8295563,-129.7583149,20689.92,-9682.23,321.66,-3.2,3.1,0.00,684.67,684.67,HMR2300,-15113.3,-10726.7,46753.3,50292.6,,,,,,,,RR1715,DLG,Biology: Cnidaria USR:eventlogger
J2-1008,ASNAP,2017/08/23 07:31:42,45.8295563,-129.7583149,20689.92,-9682.23,321.66,-3.2,3.1,0.00,684.67,684.67,HMR2300,-15206.7,-10453.3,46760.0,50269.4,,,,,,,,RR1715,,
J2-1008,ASNAP,2017/08/23 07:31:47,45.8295408,-129.7583238,20689.23,-9683.95,322.63,-3.2,2.6,0.00,687.41,687.41,HMR2300,-15426.7,-10073.3,46706.7,50209.2,,,,,,,,RR1715,,
J2-1008,ASNAP,2017/08/23 07:31:52,45.8295364,-129.7583077,20690.48,-9684.44,322.73,-3.4,2.8,0.00,690.16,690.16,HMR2300,-15586.7,-10033.3,46653.3,50201.1,,,,,,,,RR1715,,
J2-1008,ASNAP,2017/08/23 07:31:57,45.8295254,-129.7582827,20692.42,-9685.66,322.18,-3.3,2.8,0.00,692.20,692.2,HMR2300,-15260.0,-10266.7,46746.7,50234.7,,,,,,,,RR1715,,
J2-1008,ASNAP,2017/08/23 07:32:02,45.8295074,-129.7582898,20691.87,-9687.66,321.68,-3.4,2.6,0.00,694.85,694.85,HMR2300,-15233.3,-10353.3,46786.7,50281.6,,,,,,,,RR1715,,
J2-1008,ASNAP,2017/08/23 07:32:07,45.8295163,-129.7583013,20690.98,-9686.68,322.36,-3.5,2.7,0.00,697.47,697.47,HMR2300,-15566.7,-10173.3,46646.7,50216.8,,,,,,,,RR1715,,
J2-1008,ASNAP,2017/08/23 07:32:12,45.8294919,-129.7583029,20690.85,-9689.39,322.36,-3.4,2.6,0.00,700.12,700.12,HMR2300,-15393.3,-10353.3,46660.0,50212.6,,,,,,,,RR1715,,
J2-1008,ASNAP,2017/08/23 07:32:17,45.8294913,-129.7583020,20690.92,-9689.46,321.68,-3.2,2.7,0.00,702.10,702.1,HMR2300,-15086.7,-10673.3,46746.7,50267.1,,,,,,,,RR1715,,
J2-1008,ASNAP,2017/08/23 07:32:22,45.8294651,-129.7583006,20691.03,-9692.37,322.30,-3.4,2.5,0.00,704.76,704.76,HMR2300,-15346.7,-10060.0,46733.3,50206.9,,,,,,,,RR1715,,
J2-1008,EVT,2017/08/23 07:32:25,45.8294604,-129.7582898,20691.87,-9692.89,322.95,-3.3,2.7,0.00,706.77,706.77,HMR2300,-15553.3,-10073.3,46653.3,50198.7,,,,,,,,RR1715,DLG,TXT: Biology: squid eating fish USR:eventlogger
J2-1008,ASNAP,2017/08/23 07:32:27,45.8294604,-129.7582898,20691.87,-9692.89,323.07,-3.4,2.3,0.00,707.44,707.44,HMR2300,-15660.0,-10053.3,46620.0,50196.9,,,,,,,,RR1715,,
J2-1008,ASNAP,2017/08/23 07:32:32,45.8294406,-129.7582849,20692.25,-9695.09,322.54,-3.4,2.7,0.00,710.14,710.14,HMR2300,-15373.3,-10233.3,46700.0,50219.0,,,,,,,,RR1715,,
J2-1008,ASNAP,2017/08/23 07:32:37,45.8294460,-129.7582709,20693.34,-9694.49,321.63,-3.2,3.0,0.00,712.16,712.16,HMR2300,-15093.3,-10473.3,46786.7,50264.2,,,,,,,,RR1715,,
J2-1008,ASNAP,2017/08/23 07:32:42,45.8294265,-129.7582821,20692.47,-9696.66,322.32,-3.4,2.6,0.00,714.84,714.84,HMR2300,-15426.7,-10166.7,46700.0,50221.8,,,,,,,,RR1715,,
J2-1008,ASNAP,2017/08/23 07:32:47,45.8294168,-129.7582769,20692.87,-9697.74,322.76,-3.4,2.6,0.00,717.56,717.56,HMR2300,-15586.7,-10273.3,46633.3,50231.0,,,,,,,,RR1715,,
J2-1008,ASNAP,2017/08/23 07:32:52,45.8294115,-129.7582621,20694.02,-9698.32,321.76,-3.5,2.7,0.00,720.24,720.24,HMR2300,-15153.3,-10406.7,46800.0,50280.8,,,,,,,,RR1715,,
J2-1008,ASNAP,2017/08/23 07:32:57,45.8293950,-129.7582626,20693.98,-9700.16,322.05,-3.5,2.7,0.00,722.22,722.22,HMR2300,-15426.7,-10313.3,46693.3,50245.5,,,,,,,,RR1715,,
J2-1008,ASNAP,2017/08/23 07:33:02,45.8293758,-129.7582689,20693.49,-9702.29,322.14,-3.5,2.6,0.00,724.86,724.86,HMR2300,-15426.7,-10240.0,46666.7,50205.8,,,,,,,,RR1715,,
J2-1008,ASNAP,2017/08/23 07:33:07,45.8293790,-129.7582527,20694.75,-9701.94,322.42,-3.5,2.8,0.00,727.55,727.55,HMR2300,-15566.7,-10220.0,46660.0,50238.7,,,,,,,,RR1715,,
J2-1008,ASNAP,2017/08/23 07:33:12,45.8293639,-129.7582564,20694.46,-9703.61,321.99,-3.3,2.5,0.00,730.20,730.2,HMR2300,-15200.0,-10226.7,46793.3,50251.8,,,,,,,,RR1715,,
J2-1008,ASNAP,2017/08/23 07:33:17,45.8293494,-129.7582546,20694.60,-9705.23,321.87,-3.4,2.7,0.00,732.18,732.18,HMR2300,-15253.3,-10360.0,46706.7,50214.6,,,,,,,,RR1715,,
J2-1008,ASNAP,2017/08/23 07:33:22,45.8293442,-129.7582437,20695.45,-9705.80,322.30,-3.3,2.4,0.00,734.82,734.82,HMR2300,-15333.3,-9960.0,46786.7,50232.5,,,,,,,,RR1715,,
J2-1008,ASNAP,2017/08/23 07:33:27,45.8293439,-129.7582362,20696.03,-9705.84,322.04,-3.2,2.6,0.00,737.54,737.54,HMR2300,-15180.0,-10260.0,46793.3,50252.5,,,,,,,,RR1715,,
J2-1008,ASNAP,2017/08/23 07:33:32,45.8293388,-129.7582297,20696.53,-9706.40,321.96,-3.2,2.5,0.00,740.32,740.32,HMR2300,-15160.0,-10080.0,46800.0,50216.3,,,,,,,,RR1715,,
J2-1008,ASNAP,2017/08/23 07:33:37,45.8293347,-129.7582134,20697.80,-9706.86,321.85,-3.1,2.4,0.00,742.41,742.41,HMR2300,-15060.0,-10186.7,46840.0,50245.0,,,,,,,,RR1715,,
J2-1008,ASNAP,2017/08/23 07:33:42,45.8293255,-129.7582229,20697.06,-9707.88,322.46,-3.2,2.7,0.00,745.24,745.24,HMR2300,-15193.3,-10166.7,46793.3,50237.6,,,,,,,,RR1715,,
J2-1008,ASNAP,2017/08/23 07:33:47,45.8293299,-129.7582087,20698.16,-9707.39,322.31,-3.2,2.6,0.00,748.07,748.07,HMR2300,-15113.3,-10180.0,46800.0,50222.4,,,,,,,,RR1715,,
J2-1008,ASNAP,2017/08/23 07:33:52,45.8293195,-129.7581922,20699.44,-9708.55,321.83,-2.9,2.7,0.00,750.88,750.88,HMR2300,-14380.0,-10553.3,47033.3,50302.0,,,,,,,,RR1715,,
J2-1008,ASNAP,2017/08/23 07:33:57,45.8293173,-129.7581987,20698.94,-9708.80,296.49,-3.0,2.6,0.00,753.00,753,HMR2300,-3826.7,-13746.7,48933.3,50971.4,,,,,,,,RR1715,,
J2-1008,ASNAP,2017/08/23 07:34:02,45.8293155,-129.7582082,20698.20,-9708.99,245.91,-1.2,3.2,0.00,755.32,755.32,HMR2300,14446.7,-6533.3,48720.0,51235.0,,,,,,,,RR1715,,
J2-1008,ASNAP,2017/08/23 07:34:07,45.8292999,-129.7582328,20696.29,-9710.73,239.35,-2.6,3.1,0.00,757.53,757.53,HMR2300,12626.7,-7686.7,49066.7,51245.1,,,,,,,,RR1715,,
J2-1008,ASNAP,2017/08/23 07:34:12,45.8292891,-129.7582219,20697.14,-9711.93,247.09,-0.1,2.5,0.00,760.18,760.18,HMR2300,12880.0,-8886.7,48906.7,51349.1,,,,,,,,RR1715,,
J2-1008,ASNAP,2017/08/23 07:34:17,45.8292919,-129.7582323,20696.33,-9711.62,246.69,0.3,1.6,0.00,762.43,762.43,HMR2300,13166.7,-7986.7,48933.3,51299.3,,,,,,,,RR1715,,
J2-1008,ASNAP,2017/08/23 07:34:22,45.8293011,-129.7582446,20695.38,-9710.59,246.38,0.3,2.3,0.00,765.47,765.47,HMR2300,13320.0,-8626.7,48840.0,51353.6,,,,,,,,RR1715,,
J2-1008,ASNAP,2017/08/23 07:34:27,45.8292830,-129.7582596,20694.21,-9712.61,246.56,0.8,2.6,0.00,768.60,768.6,HMR2300,13620.0,-8833.3,48720.0,51353.4,,,,,,,,RR1715,,
J2-1008,ASNAP,2017/08/23 07:34:32,45.8292858,-129.7582857,20692.19,-9712.30,246.76,0.7,2.2,0.00,771.73,771.73,HMR2300,13673.3,-8500.0,48760.0,51349.3,,,,,,,,RR1715,,
J2-1008,ASNAP,2017/08/23 07:34:37,45.8292792,-129.7583002,20691.06,-9713.03,246.49,1.2,2.2,0.00,774.08,774.08,HMR2300,14060.0,-8526.7,48673.3,51375.9,,,,,,,,RR1715,,
J2-1008,ASNAP,2017/08/23 07:34:42,45.8292715,-129.7583115,20690.19,-9713.88,246.66,1.1,2.1,0.00,777.18,777.18,HMR2300,13866.7,-8546.7,48713.3,51364.6,,,,,,,,RR1715,,
J2-1008,ASNAP,2017/08/23 07:34:47,45.8292765,-129.7583555,20686.77,-9713.33,246.70,1.2,2.2,0.00,780.27,780.27,HMR2300,13953.3,-8606.7,48653.3,51341.2,,,,,,,,RR1715,,
J2-1008,ASNAP,2017/08/23 07:34:52,45.8292726,-129.7583664,20685.93,-9713.76,246.69,1.2,2.1,0.00,783.33,783.33,HMR2300,14053.3,-8500.0,48653.3,51350.7,,,,,,,,RR1715,,
J2-1008,ASNAP,2017/08/23 07:34:57,45.8292807,-129.7583925,20683.90,-9712.86,246.71,1.2,2.2,0.00,785.57,785.57,HMR2300,13906.7,-8640.0,48700.0,51378.4,,,,,,,,RR1715,,
J2-1008,ASNAP,2017/08/23 07:35:02,45.8292715,-129.7583992,20683.38,-9713.88,246.58,1.2,2.2,0.00,788.54,788.54,HMR2300,14013.3,-8580.0,48666.7,51365.7,,,,,,,,RR1715,,
J2-1008,ASNAP,2017/08/23 07:35:07,45.8292753,-129.7584253,20681.36,-9713.46,246.84,1.2,2.3,0.00,791.50,791.5,HMR2300,13906.7,-8693.3,48653.3,51343.1,,,,,,,,RR1715,,
J2-1008,ASNAP,2017/08/23 07:35:12,45.8292815,-129.7584398,20680.23,-9712.77,246.63,0.8,2.2,0.00,794.40,794.4,HMR2300,13686.7,-8493.3,48753.3,51345.4,,,,,,,,RR1715,,
J2-1008,ASNAP,2017/08/23 07:35:17,45.8292731,-129.7584527,20679.23,-9713.71,246.80,0.8,2.2,0.00,796.49,796.49,HMR2300,13613.3,-8540.0,48766.7,51346.3,,,,,,,,RR1715,,
J2-1008,ASNAP,2017/08/23 07:35:22,45.8292661,-129.7584719,20677.74,-9714.49,246.92,0.9,2.1,0.00,799.23,799.23,HMR2300,13593.3,-8573.3,48786.7,51365.5,,,,,,,,RR1715,,
J2-1008,ASNAP,2017/08/23 07:35:27,45.8292566,-129.7585063,20675.07,-9715.54,247.01,0.9,2.3,0.00,802.00,802,HMR2300,13633.3,-8673.3,48700.0,51310.7,,,,,,,,RR1715,,
J2-1008,ASNAP,2017/08/23 07:35:32,45.8292476,-129.7584993,20675.62,-9716.54,246.83,0.8,2.1,0.00,804.85,804.85,HMR2300,13626.7,-8540.0,48740.0,51324.5,,,,,,,,RR1715,,
J2-1008,ASNAP,2017/08/23 07:35:37,45.8292418,-129.7585173,20674.22,-9717.19,247.04,0.8,2.2,0.00,807.02,807.02,HMR2300,13540.0,-8653.3,48773.3,51352.2,,,,,,,,RR1715,,
J2-1008,ASNAP,2017/08/23 07:35:42,45.8292475,-129.7585330,20673.00,-9716.55,246.83,0.6,2.2,0.00,809.93,809.93,HMR2300,13440.0,-8560.0,48806.7,51342.0,,,,,,,,RR1715,,
J2-1008,ASNAP,2017/08/23 07:35:47,45.8292322,-129.7585574,20671.11,-9718.25,246.79,0.7,2.1,0.00,812.84,812.84,HMR2300,13573.3,-8593.3,48766.7,51344.6,,,,,,,,RR1715,,
J2-1008,ASNAP,2017/08/23 07:35:52,45.8292370,-129.7585642,20670.58,-9717.72,246.84,0.7,2.2,0.00,815.74,815.74,HMR2300,13513.3,-8620.0,48760.0,51326.9,,,,,,,,RR1715,,
J2-1008,ASNAP,2017/08/23 07:35:57,45.8292280,-129.7585775,20669.55,-9718.72,246.77,0.8,2.2,0.00,817.92,817.92,HMR2300,13553.3,-8513.3,48800.0,51357.7,,,,,,,,RR1715,,
J2-1008,ASNAP,2017/08/23 07:36:02,45.8292285,-129.7586120,20666.87,-9718.67,246.77,0.8,2.1,0.00,820.81,820.81,HMR2300,13646.7,-8593.3,48746.7,51345.1,,,,,,,,RR1715,,
J2-1008,ASNAP,2017/08/23 07:36:07,45.8292293,-129.7586238,20665.96,-9718.58,246.96,0.7,2.1,0.00,823.74,823.74,HMR2300,13486.7,-8620.0,48766.7,51326.2,,,,,,,,RR1715,,
J2-1008,ASNAP,2017/08/23 07:36:12,45.8292319,-129.7586328,20665.26,-9718.29,246.83,0.7,2.2,0.00,826.67,826.67,HMR2300,13586.7,-8540.0,48786.7,51358.2,,,,,,,,RR1715,,
J2-1008,ASNAP,2017/08/23 07:36:17,45.8292367,-129.7586394,20664.75,-9717.75,246.80,0.7,2.1,0.00,828.86,828.86,HMR2300,13500.0,-8493.3,48806.7,51346.6,,,,,,,,RR1715,,
J2-1008,ASNAP,2017/08/23 07:36:22,45.8292396,-129.7586697,20662.40,-9717.43,246.84,0.7,2.0,0.00,831.78,831.78,HMR2300,13540.0,-8473.3,48773.3,51322.2,,,,,,,,RR1715,,
J2-1008,ASNAP,2017/08/23 07:36:27,45.8292383,-129.7586749,20661.99,-9717.58,246.68,0.8,2.1,0.00,834.69,834.69,HMR2300,13706.7,-8553.3,48726.7,51335.4,,,,,,,,RR1715,,
J2-1008,ASNAP,2017/08/23 07:36:32,45.8292301,-129.7587003,20660.02,-9718.49,246.87,0.8,2.2,0.00,837.60,837.6,HMR2300,13686.7,-8626.7,48766.7,51380.3,,,,,,,,RR1715,,
J2-1008,ASNAP,2017/08/23 07:36:37,45.8292270,-129.7587136,20658.99,-9718.83,247.05,0.6,2.2,0.00,839.76,839.76,HMR2300,13513.3,-8746.7,48766.7,51354.7,,,,,,,,RR1715,,
J2-1008,ASNAP,2017/08/23 07:36:42,45.8292287,-129.7587215,20658.38,-9718.64,246.84,0.7,2.2,0.00,842.60,842.6,HMR2300,13453.3,-8460.0,48793.3,51316.2,,,,,,,,RR1715,,
J2-1008,ASNAP,2017/08/23 07:36:47,45.8292177,-129.7587366,20657.21,-9719.87,246.72,0.8,2.3,0.00,845.39,845.39,HMR2300,13746.7,-8580.0,48720.0,51344.2,,,,,,,,RR1715,,
J2-1008,ASNAP,2017/08/23 07:36:52,45.8292327,-129.7587518,20656.03,-9718.20,246.96,0.6,2.3,0.00,848.22,848.22,HMR2300,13420.0,-8686.7,48786.7,51339.0,,,,,,,,RR1715,,
J2-1008,ASNAP,2017/08/23 07:36:57,45.8292285,-129.7587681,20654.76,-9718.67,246.84,0.5,2.2,0.00,850.38,850.38,HMR2300,13293.3,-8540.0,48800.0,51294.1,,,,,,,,RR1715,,
J2-1008,ASNAP,2017/08/23 07:37:02,45.8292334,-129.7587779,20654.00,-9718.12,246.94,0.7,2.3,0.00,853.30,853.3,HMR2300,13493.3,-8626.7,48773.3,51335.4,,,,,,,,RR1715,,
J2-1008,ASNAP,2017/08/23 07:37:07,45.8292330,-129.7587799,20653.85,-9718.17,247.00,0.5,2.3,0.00,856.28,856.28,HMR2300,13320.0,-8746.7,48820.0,51354.8,,,,,,,,RR1715,,
J2-1008,ASNAP,2017/08/23 07:37:12,45.8292300,-129.7587917,20652.93,-9718.50,247.23,0.7,2.2,0.00,859.26,859.26,HMR2300,13440.0,-8646.7,48806.7,51356.5,,,,,,,,RR1715,,
J2-1008,ASNAP,2017/08/23 07:37:17,45.8292202,-129.7588015,20652.17,-9719.59,246.99,0.6,2.1,0.00,861.46,861.46,HMR2300,13446.7,-8513.3,48773.3,51304.3,,,,,,,,RR1715,,
J2-1008,ASNAP,2017/08/23 07:37:22,45.8292238,-129.7587948,20652.69,-9719.19,246.91,0.8,2.0,0.00,864.42,864.42,HMR2300,13540.0,-8446.7,48760.0,51305.1,,,,,,,,RR1715,,
J2-1008,ASNAP,2017/08/23 07:37:27,45.8292061,-129.7588055,20651.86,-9721.15,246.91,0.6,2.0,0.00,867.31,867.31,HMR2300,13660.0,-8560.0,48760.0,51355.7,,,,,,,,RR1715,,
J2-1008,ASNAP,2017/08/23 07:37:32,45.8291981,-129.7588371,20649.41,-9722.04,246.87,0.8,2.2,0.00,870.21,870.21,HMR2300,13700.0,-8586.7,48713.3,51326.5,,,,,,,,RR1715,,
J2-1008,ASNAP,2017/08/23 07:37:37,45.8291931,-129.7588536,20648.13,-9722.60,247.40,0.7,2.2,0.00,872.34,872.34,HMR2300,13526.7,-8560.0,48800.0,51358.4,,,,,,,,RR1715,,
J2-1008,ASNAP,2017/08/23 07:37:42,45.8291850,-129.7588857,20645.64,-9723.50,246.83,0.5,2.3,0.00,875.21,875.21,HMR2300,13540.0,-8686.7,48786.7,51370.5,,,,,,,,RR1715,,
J2-1008,EVT,2017/08/23 07:37:45,45.8291984,-129.7588801,20646.07,-9722.01,246.96,0.3,2.1,0.00,877.47,877.47,HMR2300,13093.3,-8580.0,48900.0,51344.5,,,,,,,,RR1715,DLG,Biology: Cnidaria USR:eventlogger
J2-1008,ASNAP,2017/08/23 07:37:47,45.8291984,-129.7588801,20646.07,-9722.01,246.91,-0.0,2.2,0.00,878.23,878.23,HMR2300,12766.7,-8646.7,48946.7,51317.9,,,,,,,,RR1715,,
J2-1008,ASNAP,2017/08/23 07:37:52,45.8291705,-129.7589071,20643.98,-9725.11,246.91,-0.1,2.3,0.00,881.32,881.32,HMR2300,12613.3,-8673.3,48933.3,51271.8,,,,,,,,RR1715,,
J2-1008,ASNAP,2017/08/23 07:37:57,45.8291706,-129.7589085,20643.87,-9725.10,246.80,-0.4,2.3,0.00,883.63,883.63,HMR2300,12713.3,-8640.0,48986.7,51341.7,,,,,,,,RR1715,,
J2-1008,EVT,2017/08/23 07:37:57,45.8291706,-129.7589085,20643.87,-9725.10,246.80,-0.4,2.3,0.00,883.63,883.63,HMR2300,12746.7,-8620.0,48940.0,51302.1,,,,,,,,RR1715,DLG,Biology: Cnidaria USR:eventlogger
J2-1008,EVT,2017/08/23 07:37:59,45.8291706,-129.7589085,20643.87,-9725.10,246.79,-0.2,2.4,0.00,885.18,885.18,HMR2300,12786.7,-8773.3,48900.0,51299.9,,,,,,,,RR1715,DLG,Biology: Cnidaria USR:eventlogger
J2-1008,ASNAP,2017/08/23 07:38:02,45.8291773,-129.7589122,20643.58,-9724.36,246.75,-0.3,2.3,0.00,886.72,886.72,HMR2300,12700.0,-8526.7,48986.7,51319.5,,,,,,,,RR1715,,
J2-1008,EVT,2017/08/23 07:38:06,45.8291727,-129.7589106,20643.71,-9724.87,246.83,-0.3,2.3,0.00,889.03,889.03,HMR2300,12680.0,-8486.7,48946.7,51269.7,,,,,,,,RR1715,DLG,TXT: Biology: shrimp USR:eventlogger
J2-1008,ASNAP,2017/08/23 07:38:07,45.8291727,-129.7589106,20643.71,-9724.87,246.87,-0.3,2.2,0.00,889.80,889.8,HMR2300,12713.3,-8406.7,48946.7,51264.8,,,,,,,,RR1715,,
J2-1008,ASNAP,2017/08/23 07:38:12,45.8291890,-129.7588970,20644.76,-9723.05,246.91,-0.9,2.2,0.00,892.85,892.85,HMR2300,12326.7,-8506.7,49026.7,51263.3,,,,,,,,RR1715,,
J2-1008,ASNAP,2017/08/23 07:38:17,45.8291990,-129.7588859,20645.62,-9721.94,246.83,-0.2,2.3,0.00,895.19,895.19,HMR2300,12660.0,-8593.3,48973.3,51308.0,,,,,,,,RR1715,,
J2-1008,EVT,2017/08/23 07:38:21,45.8291842,-129.7588992,20644.59,-9723.59,246.69,-0.3,2.4,0.00,897.52,897.52,HMR2300,12780.0,-8653.3,48940.0,51316.0,,,,,,,,RR1715,DLG,Biology: Fish USR:eventlogger
J2-1008,ASNAP,2017/08/23 07:38:22,45.8291842,-129.7588992,20644.59,-9723.59,246.64,-0.2,2.4,0.00,898.31,898.31,HMR2300,12853.3,-8546.7,48953.3,51329.2,,,,,,,,RR1715,,
J2-1008,ASNAP,2017/08/23 07:38:27,45.8292042,-129.7588870,20645.54,-9721.37,246.40,-0.2,2.4,0.00,901.42,901.42,HMR2300,12980.0,-8700.0,48866.7,51304.2,,,,,,,,RR1715,,
J2-1008,ASNAP,2017/08/23 07:38:32,45.8292182,-129.7588924,20645.12,-9719.81,246.22,-0.2,2.6,0.00,904.49,904.49,HMR2300,12913.3,-8833.3,48926.7,51367.3,,,,,,,,RR1715,,
J2-1008,ASNAP,2017/08/23 07:38:37,45.8292087,-129.7588935,20645.03,-9720.87,246.01,-0.0,2.9,0.00,906.75,906.75,HMR2300,13286.7,-8820.0,48853.3,51390.4,,,,,,,,RR1715,,
J2-1008,ASNAP,2017/08/23 07:38:42,45.8292159,-129.7588981,20644.68,-9720.07,246.17,-0.2,2.7,0.00,909.77,909.77,HMR2300,13053.3,-8660.0,48886.7,51335.1,,,,,,,,RR1715,,
J2-1008,ASNAP,2017/08/23 07:38:47,45.8292298,-129.7588885,20645.42,-9718.52,246.30,-0.2,2.3,0.00,912.86,912.86,HMR2300,12780.0,-8413.3,48933.3,51269.7,,,,,,,,RR1715,,
J2-1008,ASNAP,2017/08/23 07:38:52,45.8292359,-129.7588755,20646.43,-9717.84,246.69,-0.1,2.2,0.00,915.96,915.96,HMR2300,12800.0,-8513.3,49000.0,51354.8,,,,,,,,RR1715,,
J2-1008,ASNAP,2017/08/23 07:38:57,45.8292496,-129.7588767,20646.34,-9716.32,246.58,-0.0,1.9,0.00,918.29,918.29,HMR2300,12946.7,-8326.7,48953.3,51316.5,,,,,,,,RR1715,,
J2-1008,ASNAP,2017/08/23 07:39:02,45.8292408,-129.7588758,20646.41,-9717.30,246.79,-0.8,2.2,0.00,921.37,921.37,HMR2300,12220.0,-8546.7,49046.7,51263.5,,,,,,,,RR1715,,
J2-1008,ASNAP,2017/08/23 07:39:07,45.8292202,-129.7588861,20645.61,-9719.59,246.45,-0.5,2.3,0.00,924.28,924.28,HMR2300,12566.7,-8533.3,49020.0,51319.6,,,,,,,,RR1715,,
J2-1008,ASNAP,2017/08/23 07:39:12,45.8292132,-129.7588947,20644.94,-9720.36,246.46,-0.3,2.6,0.00,927.10,927.1,HMR2300,12920.0,-8720.0,48946.7,51368.7,,,,,,,,RR1715,,
J2-1008,ASNAP,2017/08/23 07:39:17,45.8292056,-129.7589036,20644.25,-9721.21,246.34,-0.8,2.6,0.00,929.17,929.17,HMR2300,12520.0,-8740.0,48973.3,51298.4,,,,,,,,RR1715,,
J2-1008,ASNAP,2017/08/23 07:39:22,45.8292051,-129.7589075,20643.95,-9721.27,245.88,-0.5,2.6,0.00,931.88,931.88,HMR2300,12720.0,-8686.7,48946.7,51313.1,,,,,,,,RR1715,,
J2-1008,ASNAP,2017/08/23 07:39:27,45.8292050,-129.7589091,20643.82,-9721.28,245.95,-0.8,2.6,0.00,934.60,934.6,HMR2300,12540.0,-8640.0,48980.0,51292.7,,,,,,,,RR1715,,
J2-1008,EVT,2017/08/23 07:39:28,45.8292050,-129.7589091,20643.82,-9721.28,246.06,-0.7,2.5,0.00,935.29,935.29,HMR2300,12586.7,-8500.0,49033.3,51331.7,,,,,,,,RR1715,DLG,TXT: Biology: shrimp USR:eventlogger
J2-1008,ASNAP,2017/08/23 07:39:32,45.8292202,-129.7589022,20644.36,-9719.59,246.40,-0.8,2.5,0.00,937.40,937.4,HMR2300,12313.3,-8560.0,49040.0,51281.7,,,,,,,,RR1715,,
J2-1008,ASNAP,2017/08/23 07:39:37,45.8292195,-129.7589156,20643.32,-9719.66,246.70,-0.7,2.3,0.00,939.49,939.49,HMR2300,12393.3,-8473.3,49026.7,51273.8,,,,,,,,RR1715,,
J2-1008,ASNAP,2017/08/23 07:39:42,45.8292249,-129.7588969,20644.77,-9719.07,246.79,-1.0,2.1,0.00,942.31,942.31,HMR2300,12093.3,-8333.3,49080.0,51230.3,,,,,,,,RR1715,,
J2-1008,ASNAP,2017/08/23 07:39:47,45.8292280,-129.7589004,20644.50,-9718.72,246.86,-0.9,2.1,0.00,945.09,945.09,HMR2300,12133.3,-8313.3,49086.7,51242.9,,,,,,,,RR1715,,
J2-1008,ASNAP,2017/08/23 07:39:52,45.8292402,-129.7588839,20645.78,-9717.37,246.88,-0.9,2.0,0.00,947.88,947.88,HMR2300,12106.7,-8206.7,49160.0,51289.6,,,,,,,,RR1715,,
J2-1008,ASNAP,2017/08/23 07:39:57,45.8292446,-129.7588812,20645.99,-9716.88,246.90,-1.1,1.9,0.00,949.92,949.92,HMR2300,12006.7,-8166.7,49153.3,51253.3,,,,,,,,RR1715,,
J2-1008,ASNAP,2017/08/23 07:40:02,45.8292437,-129.7588792,20646.14,-9716.97,246.83,-1.1,2.1,0.00,952.64,952.64,HMR2300,12026.7,-8280.0,49140.0,51263.4,,,,,,,,RR1715,,
J2-1008,ASNAP,2017/08/23 07:40:07,45.8292500,-129.7588742,20646.53,-9716.28,246.75,-1.1,2.2,0.00,955.32,955.32,HMR2300,12086.7,-8380.0,49093.3,51249.1,,,,,,,,RR1715,,
J2-1008,ASNAP,2017/08/23 07:40:12,45.8292594,-129.7588723,20646.68,-9715.23,246.53,-1.0,2.2,0.00,957.94,957.94,HMR2300,12046.7,-8393.3,49153.3,51299.3,,,,,,,,RR1715,,
J2-1008,ASNAP,2017/08/23 07:40:17,45.8292725,-129.7588569,20647.87,-9713.77,246.72,-1.1,2.5,0.00,959.85,959.85,HMR2300,11953.3,-8660.0,49166.7,51334.6,,,,,,,,RR1715,,
J2-1008,ASNAP,2017/08/23 07:40:22,45.8292590,-129.7588647,20647.27,-9715.27,246.84,-1.2,2.3,0.00,962.42,962.42,HMR2300,11993.3,-8540.0,49140.0,51298.3,,,,,,,,RR1715,,
J2-1008,ASNAP,2017/08/23 07:40:27,45.8292650,-129.7588475,20648.60,-9714.61,246.87,-1.2,2.4,0.00,964.99,964.99,HMR2300,11886.7,-8540.0,49140.0,51273.4,,,,,,,,RR1715,,
J2-1008,ASNAP,2017/08/23 07:40:32,45.8292706,-129.7588480,20648.56,-9713.98,246.87,-1.1,2.3,0.00,967.61,967.61,HMR2300,12020.0,-8573.3,49173.3,51342.0,,,,,,,,RR1715,,
J2-1008,ASNAP,2017/08/23 07:40:37,45.8292566,-129.7588413,20649.08,-9715.54,246.82,-1.1,2.2,0.00,969.61,969.61,HMR2300,12080.0,-8460.0,49153.3,51318.1,,,,,,,,RR1715,,
J2-1008,EVT,2017/08/23 07:40:41,45.8292736,-129.7588392,20649.25,-9713.65,246.71,-1.1,2.3,0.00,971.63,971.63,HMR2300,12093.3,-8446.7,49120.0,51287.1,,,,,,,,RR1715,DLG,Biology: Crustacean USR:eventlogger
J2-1008,ASNAP,2017/08/23 07:40:42,45.8292736,-129.7588392,20649.25,-9713.65,246.64,-1.1,2.3,0.00,972.31,972.31,HMR2300,12193.3,-8486.7,49166.7,51362.1,,,,,,,,RR1715,,
J2-1008,ASNAP,2017/08/23 07:40:47,45.8292721,-129.7588166,20651.00,-9713.82,246.65,-1.0,2.3,0.00,975.08,975.08,HMR2300,12160.0,-8593.3,49086.7,51295.3,,,,,,,,RR1715,,
J2-1008,ASNAP,2017/08/23 07:40:52,45.8292699,-129.7588139,20651.21,-9714.06,246.64,-0.9,2.4,0.00,977.15,977.15,HMR2300,12246.7,-8660.0,49080.0,51320.8,,,,,,,,RR1715,,
J2-1008,ASNAP,2017/08/23 07:40:57,45.8292699,-129.7588118,20651.37,-9714.06,246.50,-0.8,2.5,0.00,979.95,979.95,HMR2300,12393.3,-8513.3,49080.0,51331.5,,,,,,,,RR1715,,
J2-1008,ASNAP,2017/08/23 07:41:02,45.8292823,-129.7588006,20652.24,-9712.69,246.45,-1.0,2.3,0.00,982.72,982.72,HMR2300,12286.7,-8446.7,49113.3,51326.7,,,,,,,,RR1715,,
J2-1008,ASNAP,2017/08/23 07:41:07,45.8292751,-129.7588165,20651.01,-9713.49,246.53,-0.9,2.3,0.00,985.52,985.52,HMR2300,12180.0,-8446.7,49073.3,51263.0,,,,,,,,RR1715,,
J2-1008,ASNAP,2017/08/23 07:41:12,45.8292748,-129.7588174,20650.94,-9713.52,246.64,-0.8,2.2,0.00,987.63,987.63,HMR2300,12280.0,-8486.7,49060.0,51280.7,,,,,,,,RR1715,,
J2-1008,ASNAP,2017/08/23 07:41:17,45.8292719,-129.7588047,20651.92,-9713.84,246.73,-0.8,2.2,0.00,990.47,990.47,HMR2300,12233.3,-8393.3,49073.3,51266.9,,,,,,,,RR1715,,
J2-1008,ASNAP,2017/08/23 07:41:22,45.8292814,-129.7587962,20652.58,-9712.78,246.87,-0.9,2.2,0.00,993.24,993.24,HMR2300,12106.7,-8373.3,49153.3,51310.2,,,,,,,,RR1715,,
J2-1008,ASNAP,2017/08/23 07:41:27,45.8292859,-129.7588201,20650.73,-9712.28,247.06,-1.0,2.1,0.00,996.03,996.03,HMR2300,11993.3,-8280.0,49166.7,51281.2,,,,,,,,RR1715,,
J2-1008,ASNAP,2017/08/23 07:41:32,45.8292809,-129.7588056,20651.85,-9712.84,246.91,-1.0,1.9,0.00,998.05,998.05,HMR2300,12013.3,-8213.3,49153.3,51262.4,,,,,,,,RR1715,,
J2-1008,ASNAP,2017/08/23 07:41:37,45.8292943,-129.7587987,20652.39,-9711.35,246.91,-1.5,1.8,0.00,1000.72,1000.72,HMR2300,11653.3,-8040.0,49206.7,51202.9,,,,,,,,RR1715,,
J2-1008,EVT,2017/08/23 07:41:37,45.8292943,-129.7587987,20652.39,-9711.35,246.83,-1.5,1.8,0.00,1001.38,1001.38,HMR2300,11693.3,-8040.0,49226.7,51231.2,,,,,,,,RR1715,DLG,Biology: Cnidaria USR:eventlogger
J2-1008,ASNAP,2017/08/23 07:41:42,45.8293018,-129.7587955,20652.64,-9710.52,246.68,-1.4,2.0,0.00,1003.35,1003.35,HMR2300,11746.7,-8126.7,49246.7,51276.3,,,,,,,,RR1715,,
J2-1008,ASNAP,2017/08/23 07:41:47,45.8293183,-129.7587837,20653.55,-9708.68,246.70,-1.4,2.0,0.00,1005.98,1005.98,HMR2300,11826.7,-8200.0,49200.0,51261.6,,,,,,,,RR1715,,
J2-1008,ASNAP,2017/08/23 07:41:52,45.8293173,-129.7587833,20653.58,-9708.79,246.78,-1.1,2.3,0.00,1007.94,1007.94,HMR2300,12113.3,-8540.0,49113.3,51300.9,,,,,,,,RR1715,,
J2-1008,ASNAP,2017/08/23 07:41:57,45.8293188,-129.7587812,20653.75,-9708.63,246.71,-0.9,2.4,0.00,1010.55,1010.55,HMR2300,12186.7,-8553.3,49093.3,51301.4,,,,,,,,RR1715,,
J2-1008,ASNAP,2017/08/23 07:42:02,45.8293067,-129.7587551,20655.77,-9709.97,246.59,-0.7,2.5,0.00,1013.14,1013.14,HMR2300,12446.7,-8700.0,49060.0,51356.5,,,,,,,,RR1715,,
J2-1008,ASNAP,2017/08/23 07:42:07,45.8293195,-129.7587376,20657.13,-9708.55,246.54,-0.5,2.5,0.00,1015.80,1015.8,HMR2300,12533.3,-8533.3,49066.7,51356.0,,,,,,,,RR1715,,
J2-1008,ASNAP,2017/08/23 07:42:12,45.8293218,-129.7587403,20656.92,-9708.29,246.59,-0.6,2.3,0.00,1017.86,1017.86,HMR2300,12680.0,-8446.7,49033.3,51345.9,,,,,,,,RR1715,,
J2-1008,ASNAP,2017/08/23 07:42:17,45.8293173,-129.7587511,20656.08,-9708.79,246.46,-0.5,2.4,0.00,1020.68,1020.68,HMR2300,12586.7,-8473.3,49026.7,51320.9,,,,,,,,RR1715,,
J2-1008,ASNAP,2017/08/23 07:42:22,45.8293061,-129.7587408,20656.88,-9710.04,246.40,-0.5,2.3,0.00,1023.50,1023.5,HMR2300,12706.7,-8460.0,49040.0,51361.0,,,,,,,,RR1715,,
J2-1008,ASNAP,2017/08/23 07:42:27,45.8292931,-129.7587598,20655.41,-9711.49,246.44,-0.9,2.4,0.00,1026.19,1026.19,HMR2300,12353.3,-8726.7,48980.0,51262.1,,,,,,,,RR1715,,
J2-1008,ASNAP,2017/08/23 07:42:32,45.8293117,-129.7587585,20655.51,-9709.42,246.44,-0.7,2.4,0.00,1028.12,1028.12,HMR2300,12480.0,-8560.0,49073.3,51353.8,,,,,,,,RR1715,,
J2-1008,ASNAP,2017/08/23 07:42:37,45.8292945,-129.7587707,20654.56,-9711.33,246.32,-0.6,2.4,0.00,1030.60,1030.6,HMR2300,12620.0,-8480.0,48973.3,51279.3,,,,,,,,RR1715,,
J2-1008,ASNAP,2017/08/23 07:42:42,45.8293100,-129.7587707,20654.56,-9709.61,246.34,-0.7,2.3,0.00,1033.10,1033.1,HMR2300,12433.3,-8453.3,49026.7,51280.2,,,,,,,,RR1715,,
J2-1008,ASNAP,2017/08/23 07:42:47,45.8292937,-129.7587979,20652.45,-9711.42,246.42,-0.5,2.2,0.00,1035.66,1035.66,HMR2300,12666.7,-8426.7,49040.0,51345.6,,,,,,,,RR1715,,
J2-1008,ASNAP,2017/08/23 07:42:52,45.8292657,-129.7587986,20652.40,-9714.53,246.68,-0.8,2.2,0.00,1037.56,1037.56,HMR2300,12413.3,-8446.7,49060.0,51306.1,,,,,,,,RR1715,,
J2-1008,ASNAP,2017/08/23 07:42:57,45.8292742,-129.7588002,20652.27,-9713.58,246.70,-0.7,2.2,0.00,1040.15,1040.15,HMR2300,12446.7,-8426.7,49086.7,51336.4,,,,,,,,RR1715,,
J2-1008,ASNAP,2017/08/23 07:43:02,45.8292739,-129.7588042,20651.96,-9713.62,246.75,-0.7,2.1,0.00,1042.72,1042.72,HMR2300,12433.3,-8346.7,49086.7,51320.1,,,,,,,,RR1715,,
J2-1008,ASNAP,2017/08/23 07:43:07,45.8292909,-129.7588108,20651.45,-9711.73,246.78,-0.7,2.1,0.00,1045.31,1045.31,HMR2300,12353.3,-8473.3,49033.3,51270.6,,,,,,,,RR1715,,
J2-1008,ASNAP,2017/08/23 07:43:12,45.8292758,-129.7588239,20650.43,-9713.41,246.77,-0.7,2.2,0.00,1047.24,1047.24,HMR2300,12440.0,-8606.7,49073.3,51351.9,,,,,,,,RR1715,,
J2-1008,ASNAP,2017/08/23 07:43:17,45.8292665,-129.7588178,20650.91,-9714.44,246.66,-0.8,2.4,0.00,1049.79,1049.79,HMR2300,12333.3,-8500.0,49033.3,51270.2,,,,,,,,RR1715,,
J2-1008,ASNAP,2017/08/23 07:43:22,45.8292638,-129.7588130,20651.28,-9714.74,246.39,-0.9,2.4,0.00,1052.32,1052.32,HMR2300,12266.7,-8500.0,49093.3,51311.6,,,,,,,,RR1715,,
J2-1008,ASNAP,2017/08/23 07:43:27,45.8292697,-129.7588263,20650.25,-9714.09,246.30,-0.8,2.3,0.00,1054.87,1054.87,HMR2300,12386.7,-8486.7,49113.3,51357.3,,,,,,,,RR1715,,
J2-1008,ASNAP,2017/08/23 07:43:32,45.8292657,-129.7588395,20649.22,-9714.53,246.43,-1.0,2.3,0.00,1056.76,1056.76,HMR2300,12246.7,-8480.0,49040.0,51252.4,,,,,,,,RR1715,,
J2-1008,ASNAP,2017/08/23 07:43:37,45.8292810,-129.7588398,20649.20,-9712.83,246.25,-1.3,2.4,0.00,1059.28,1059.28,HMR2300,12053.3,-8433.3,49160.0,51313.8,,,,,,,,RR1715,,
J2-1008,EVT,2017/08/23 07:43:38,45.8292734,-129.7588408,20649.12,-9713.67,246.18,-1.3,2.5,0.00,1060.52,1060.52,HMR2300,12106.7,-8560.0,49093.3,51283.5,,,,,,,,RR1715,DLG,Biology: Crustacean USR:eventlogger
J2-1008,ASNAP,2017/08/23 07:43:42,45.8292734,-129.7588408,20649.12,-9713.67,246.39,-1.3,2.3,0.00,1061.75,1061.75,HMR2300,11846.7,-8306.7,49173.3,51257.8,,,,,,,,RR1715,,
J2-1008,ASNAP,2017/08/23 07:43:47,45.8292731,-129.7588372,20649.40,-9713.71,246.49,-1.3,2.2,0.00,1064.21,1064.21,HMR2300,11920.0,-8406.7,49126.7,51246.3,,,,,,,,RR1715,,
J2-1008,ASNAP,2017/08/23 07:43:52,45.8292810,-129.7588453,20648.77,-9712.83,246.84,-1.5,2.1,0.00,1066.02,1066.02,HMR2300,11753.3,-8413.3,49220.0,51298.5,,,,,,,,RR1715,,
J2-1008,ASNAP,2017/08/23 07:43:57,45.8292762,-129.7588205,20650.70,-9713.36,246.84,-1.3,2.0,0.00,1068.39,1068.39,HMR2300,11746.7,-8233.3,49140.0,51190.9,,,,,,,,RR1715,,
J2-1008,ASNAP,2017/08/23 07:44:02,45.8292831,-129.7588006,20652.24,-9712.60,246.73,-1.5,2.0,0.00,1070.71,1070.71,HMR2300,11713.3,-8206.7,49266.7,51300.6,,,,,,,,RR1715,,
J2-1008,ASNAP,2017/08/23 07:44:07,45.8293017,-129.7587937,20652.78,-9710.53,246.72,-1.5,2.1,0.00,1073.01,1073.01,HMR2300,11753.3,-8226.7,49226.7,51274.6,,,,,,,,RR1715,,
J2-1008,ASNAP,2017/08/23 07:44:12,45.8293003,-129.7587755,20654.19,-9710.68,246.70,-1.4,2.1,0.00,1074.73,1074.73,HMR2300,11786.7,-8280.0,49226.7,51290.8,,,,,,,,RR1715,,
J2-1008,ASNAP,2017/08/23 07:44:17,45.8293154,-129.7587618,20655.25,-9709.01,246.50,-1.4,2.3,0.00,1077.07,1077.07,HMR2300,11993.3,-8306.7,49206.7,51323.8,,,,,,,,RR1715,,
J2-1008,EVT,2017/08/23 07:44:18,45.8293154,-129.7587618,20655.25,-9709.01,246.51,-1.3,2.2,0.00,1077.65,1077.65,HMR2300,12020.0,-8260.0,49206.7,51322.5,,,,,,,,RR1715,DLG,Biology: Fish USR:eventlogger
J2-1008,ASNAP,2017/08/23 07:44:22,45.8292999,-129.7587430,20656.71,-9710.73,246.66,-1.3,2.1,0.00,1079.46,1079.46,HMR2300,12060.0,-8313.3,49166.7,51302.2,,,,,,,,RR1715,,
J2-1008,ASNAP,2017/08/23 07:44:27,45.8293202,-129.7587647,20655.03,-9708.47,246.79,-1.2,2.1,0.00,1081.88,1081.88,HMR2300,11993.3,-8440.0,49113.3,51256.2,,,,,,,,RR1715,,
J2-1008,ASNAP,2017/08/23 07:44:32,45.8293143,-129.7587769,20654.08,-9709.13,246.61,-1.0,2.3,0.00,1083.70,1083.7,HMR2300,12300.0,-8440.0,49126.7,51341.5,,,,,,,,RR1715,,
J2-1008,ASNAP,2017/08/23 07:44:37,45.8293244,-129.7587717,20654.48,-9708.01,246.69,-1.0,2.4,0.00,1086.15,1086.15,HMR2300,12160.0,-8593.3,49060.0,51269.8,,,,,,,,RR1715,,
J2-1008,ASNAP,2017/08/23 07:44:42,45.8293200,-129.7587845,20653.49,-9708.50,246.54,-0.9,2.5,0.00,1088.62,1088.62,HMR2300,12353.3,-8633.3,49106.7,51367.3,,,,,,,,RR1715,,
J2-1008,ASNAP,2017/08/23 07:44:47,45.8293048,-129.7587712,20654.52,-9710.18,246.32,-0.7,2.4,0.00,1091.13,1091.13,HMR2300,12480.0,-8440.0,49026.7,51289.4,,,,,,,,RR1715,,
J2-1008,ASNAP,2017/08/23 07:44:52,45.8293061,-129.7587812,20653.75,-9710.04,246.28,-1.0,2.2,0.00,1093.04,1093.04,HMR2300,12326.7,-8426.7,49093.3,51313.8,,,,,,,,RR1715,,
J2-1008,ASNAP,2017/08/23 07:44:57,45.8292990,-129.7587699,20654.62,-9710.83,246.73,-0.9,2.1,0.00,1095.61,1095.61,HMR2300,12286.7,-8280.0,49120.0,51305.9,,,,,,,,RR1715,,
J2-1008,ASNAP,2017/08/23 07:45:02,45.8293109,-129.7587630,20655.16,-9709.51,246.75,-0.8,2.2,0.00,1098.21,1098.21,HMR2300,12346.7,-8413.3,49046.7,51271.8,,,,,,,,RR1715,,
J2-1008,ASNAP,2017/08/23 07:45:07,45.8293276,-129.7587815,20653.72,-9707.65,246.71,-0.8,2.2,0.00,1100.80,1100.8,HMR2300,12366.7,-8353.3,49120.0,51337.0,,,,,,,,RR1715,,
J2-1008,ASNAP,2017/08/23 07:45:12,45.8293184,-129.7587779,20654.00,-9708.67,246.62,-0.9,2.2,0.00,1102.73,1102.73,HMR2300,12266.7,-8386.7,49113.3,51312.1,,,,,,,,RR1715,,
J2-1008,ASNAP,2017/08/23 07:45:17,45.8293083,-129.7587958,20652.61,-9709.80,246.47,-0.8,2.1,0.00,1105.25,1105.25,HMR2300,12453.3,-8386.7,49020.0,51267.7,,,,,,,,RR1715,,
J2-1008,ASNAP,2017/08/23 07:45:22,45.8293083,-129.7587897,20653.09,-9709.80,246.53,-0.8,2.3,0.00,1107.77,1107.77,HMR2300,12486.7,-8586.7,49093.3,51379.0,,,,,,,,RR1715,,
J2-1008,ASNAP,2017/08/23 07:45:27,45.8292898,-129.7588118,20651.37,-9711.85,246.36,-0.6,2.4,0.00,1110.28,1110.28,HMR2300,12626.7,-8533.3,48960.0,51277.0,,,,,,,,RR1715,,
J2-1008,ASNAP,2017/08/23 07:45:32,45.8292740,-129.7588256,20650.30,-9713.61,246.40,-0.7,2.5,0.00,1112.17,1112.17,HMR2300,12466.7,-8480.0,49066.7,51330.9,,,,,,,,RR1715,,
J2-1008,ASNAP,2017/08/23 07:45:37,45.8292766,-129.7588339,20649.66,-9713.32,246.51,-0.8,2.3,0.00,1114.70,1114.7,HMR2300,12460.0,-8433.3,49080.0,51334.4,,,,,,,,RR1715,,
J2-1008,ASNAP,2017/08/23 07:45:42,45.8292931,-129.7588397,20649.21,-9711.49,246.57,-0.7,2.1,0.00,1117.29,1117.29,HMR2300,12373.3,-8346.7,49040.0,51261.0,,,,,,,,RR1715,,
J2-1008,ASNAP,2017/08/23 07:45:47,45.8292875,-129.7588366,20649.45,-9712.11,246.68,-0.8,2.1,0.00,1119.89,1119.89,HMR2300,12333.3,-8373.3,49120.0,51332.2,,,,,,,,RR1715,,
J2-1008,ASNAP,2017/08/23 07:45:52,45.8292781,-129.7588508,20648.35,-9713.15,246.75,-0.9,2.1,0.00,1121.84,1121.84,HMR2300,12300.0,-8353.3,49086.7,51289.1,,,,,,,,RR1715,,
J2-1008,ASNAP,2017/08/23 07:45:57,45.8292671,-129.7588520,20648.25,-9714.38,246.68,-0.8,2.0,0.00,1124.44,1124.44,HMR2300,12280.0,-8353.3,49046.7,51246.0,,,,,,,,RR1715,,
J2-1008,ASNAP,2017/08/23 07:46:02,45.8292574,-129.7588554,20647.99,-9715.45,246.58,-0.9,2.2,0.00,1127.03,1127.03,HMR2300,12333.3,-8393.3,49126.7,51341.9,,,,,,,,RR1715,,
J2-1008,ASNAP,2017/08/23 07:46:07,45.8292575,-129.7588581,20647.78,-9715.44,246.59,-0.8,2.2,0.00,1129.63,1129.63,HMR2300,12353.3,-8406.7,49020.0,51246.8,,,,,,,,RR1715,,
J2-1008,ASNAP,2017/08/23 07:46:12,45.8292644,-129.7588691,20646.93,-9714.67,246.46,-0.9,2.3,0.00,1131.56,1131.56,HMR2300,12373.3,-8426.7,49113.3,51344.2,,,,,,,,RR1715,,
J2-1008,ASNAP,2017/08/23 07:46:17,45.8292447,-129.7588620,20647.48,-9716.86,246.36,-1.0,2.3,0.00,1134.15,1134.15,HMR2300,12300.0,-8426.7,49126.7,51339.3,,,,,,,,RR1715,,
J2-1008,ASNAP,2017/08/23 07:46:22,45.8292464,-129.7588536,20648.13,-9716.68,246.38,-0.9,2.4,0.00,1136.69,1136.69,HMR2300,12280.0,-8533.3,49066.7,51294.8,,,,,,,,RR1715,,
J2-1008,ASNAP,2017/08/23 07:46:27,45.8292635,-129.7588402,20649.17,-9714.77,246.37,-1.0,2.4,0.00,1139.23,1139.23,HMR2300,12273.3,-8540.0,49120.0,51345.3,,,,,,,,RR1715,,
J2-1008,ASNAP,2017/08/23 07:46:32,45.8292661,-129.7588593,20647.69,-9714.49,246.26,-0.9,2.5,0.00,1141.13,1141.13,HMR2300,12386.7,-8486.7,49066.7,51312.7,,,,,,,,RR1715,,
J2-1008,ASNAP,2017/08/23 07:46:37,45.8292573,-129.7588585,20647.75,-9715.46,246.38,-1.1,2.5,0.00,1143.66,1143.66,HMR2300,12246.7,-8620.0,49066.7,51301.3,,,,,,,,RR1715,,
J2-1008,ASNAP,2017/08/23 07:46:42,45.8292648,-129.7588554,20647.99,-9714.63,246.56,-1.0,2.3,0.00,1146.22,1146.22,HMR2300,12260.0,-8480.0,49126.7,51338.6,,,,,,,,RR1715,,
J2-1008,ASNAP,2017/08/23 07:46:47,45.8292687,-129.7588401,20649.18,-9714.20,246.63,-1.0,2.2,0.00,1148.76,1148.76,HMR2300,12186.7,-8346.7,49060.0,51235.4,,,,,,,,RR1715,,
J2-1008,ASNAP,2017/08/23 07:46:52,45.8292726,-129.7588312,20649.87,-9713.76,246.76,-1.0,2.0,0.00,1150.65,1150.65,HMR2300,12193.3,-8253.3,49166.7,51324.0,,,,,,,,RR1715,,
J2-1008,ASNAP,2017/08/23 07:46:57,45.8292732,-129.7588296,20649.99,-9713.70,246.79,-0.9,1.9,0.00,1153.18,1153.18,HMR2300,12193.3,-8146.7,49113.3,51255.9,,,,,,,,RR1715,,
J2-1008,ASNAP,2017/08/23 07:47:02,45.8292822,-129.7588252,20650.33,-9712.70,247.03,-1.0,1.9,0.00,1155.68,1155.68,HMR2300,12106.7,-8286.7,49126.7,51270.6,,,,,,,,RR1715,,
J2-1008,ASNAP,2017/08/23 07:47:07,45.8292729,-129.7588093,20651.57,-9713.73,247.12,-0.9,1.8,0.00,1158.21,1158.21,HMR2300,12160.0,-8246.7,49186.7,51334.2,,,,,,,,RR1715,,
J2-1008,ASNAP,2017/08/23 07:47:12,45.8292744,-129.7588096,20651.54,-9713.56,247.17,-0.9,2.0,0.00,1160.09,1160.09,HMR2300,12186.7,-8246.7,49106.7,51263.9,,,,,,,,RR1715,,
J2-1008,ASNAP,2017/08/23 07:47:17,45.8292848,-129.7588537,20648.12,-9712.41,247.11,-1.1,1.9,0.00,1162.61,1162.61,HMR2300,12026.7,-8340.0,49173.3,51305.1,,,,,,,,RR1715,,
J2-1008,ASNAP,2017/08/23 07:47:22,45.8292731,-129.7588590,20647.71,-9713.71,247.12,-1.0,2.0,0.00,1165.12,1165.12,HMR2300,12126.7,-8353.3,49153.3,51311.6,,,,,,,,RR1715,,
J2-1008,ASNAP,2017/08/23 07:47:27,45.8292655,-129.7588701,20646.85,-9714.55,246.84,-0.9,2.2,0.00,1167.63,1167.63,HMR2300,12186.7,-8486.7,49046.7,51245.6,,,,,,,,RR1715,,
J2-1008,ASNAP,2017/08/23 07:47:32,45.8292784,-129.7588661,20647.16,-9713.12,246.79,-0.9,2.5,0.00,1169.49,1169.49,HMR2300,12280.0,-8786.7,49106.7,51375.8,,,,,,,,RR1715,,
J2-1008,ASNAP,2017/08/23 07:47:37,45.8292659,-129.7588558,20647.96,-9714.51,246.76,-0.5,2.5,0.00,1171.94,1171.94,HMR2300,12553.3,-8633.3,48980.0,51294.8,,,,,,,,RR1715,,
J2-1008,ASNAP,2017/08/23 07:47:42,45.8292713,-129.7588532,20648.16,-9713.91,246.66,-0.7,2.4,0.00,1174.41,1174.41,HMR2300,12506.7,-8600.0,49066.7,51360.6,,,,,,,,RR1715,,
J2-1008,ASNAP,2017/08/23 07:47:47,45.8292646,-129.7588569,20647.87,-9714.65,246.64,-0.6,2.4,0.00,1176.91,1176.91,HMR2300,12593.3,-8526.7,49013.3,51318.6,,,,,,,,RR1715,,
J2-1008,ASNAP,2017/08/23 07:47:52,45.8292789,-129.7588586,20647.74,-9713.06,246.50,-0.4,2.4,0.00,1178.83,1178.83,HMR2300,12766.7,-8553.3,49000.0,51353.2,,,,,,,,RR1715,,
J2-1008,ASNAP,2017/08/23 07:47:57,45.8292631,-129.7588620,20647.48,-9714.82,246.50,-0.4,2.3,0.00,1181.52,1181.52,HMR2300,12760.0,-8620.0,49013.3,51375.4,,,,,,,,RR1715,,
J2-1008,ASNAP,2017/08/23 07:48:02,45.8292567,-129.7588555,20647.98,-9715.53,246.51,-0.6,2.4,0.00,1184.28,1184.28,HMR2300,12620.0,-8606.7,48986.7,51313.1,,,,,,,,RR1715,,
J2-1008,ASNAP,2017/08/23 07:48:07,45.8292481,-129.7588772,20646.30,-9716.49,246.81,-0.4,2.3,0.00,1187.08,1187.08,HMR2300,12680.0,-8540.0,48980.0,51310.4,,,,,,,,RR1715,,
J2-1008,ASNAP,2017/08/23 07:48:12,45.8292362,-129.7588863,20645.59,-9717.81,246.77,-0.5,2.2,0.00,1189.18,1189.18,HMR2300,12506.7,-8400.0,49000.0,51263.8,,,,,,,,RR1715,,
J2-1008,ASNAP,2017/08/23 07:48:17,45.8292525,-129.7588883,20645.44,-9716.00,246.85,-0.4,2.1,0.00,1191.99,1191.99,HMR2300,12673.3,-8433.3,49026.7,51335.6,,,,,,,,RR1715,,
J2-1008,ASNAP,2017/08/23 07:48:22,45.8292464,-129.7589165,20643.25,-9716.68,246.88,-0.5,2.2,0.00,1194.81,1194.81,HMR2300,12540.0,-8593.3,49020.0,51323.1,,,,,,,,RR1715,,
J2-1008,ASNAP,2017/08/23 07:48:27,45.8292644,-129.7589175,20643.17,-9714.68,246.84,-0.5,2.2,0.00,1197.60,1197.6,HMR2300,12493.3,-8513.3,48953.3,51234.6,,,,,,,,RR1715,,
J2-1008,ASNAP,2017/08/23 07:48:32,45.8292564,-129.7589209,20642.91,-9715.56,246.69,-0.5,2.4,0.00,1199.68,1199.68,HMR2300,12606.7,-8593.3,48980.0,51301.2,,,,,,,,RR1715,,
J2-1008,EVT,2017/08/23 07:48:33,45.8292564,-129.7589209,20642.91,-9715.56,246.64,-0.5,2.4,0.00,1200.38,1200.38,HMR2300,12620.0,-8540.0,48986.7,51301.9,,,,,,,,RR1715,DLG,TXT: depth 1200 m temp 3.04 C USR:eventlogger
J2-1008,ASNAP,2017/08/23 07:48:37,45.8292652,-129.7589100,20643.75,-9714.59,246.64,-0.7,2.4,0.00,1202.44,1202.44,HMR2300,12520.0,-8653.3,48960.0,51271.0,,,,,,,,RR1715,,
J2-1008,ASNAP,2017/08/23 07:48:42,45.8292446,-129.7589158,20643.30,-9716.88,246.49,-0.3,2.6,0.00,1205.16,1205.16,HMR2300,12786.7,-8753.3,48973.3,51366.4,,,,,,,,RR1715,,
J2-1008,ASNAP,2017/08/23 07:48:47,45.8292453,-129.7589037,20644.24,-9716.80,246.65,-0.5,2.6,0.00,1207.84,1207.84,HMR2300,12620.0,-8733.3,48973.3,51321.8,,,,,,,,RR1715,,
J2-1008,ASNAP,2017/08/23 07:48:52,45.8292285,-129.7589186,20643.09,-9718.67,246.29,-0.6,2.5,0.00,1209.87,1209.87,HMR2300,12673.3,-8600.0,49000.0,51337.8,,,,,,,,RR1715,,
J2-1008,ASNAP,2017/08/23 07:48:57,45.8292243,-129.7588930,20645.07,-9719.13,246.39,-0.8,2.4,0.00,1212.61,1212.61,HMR2300,12440.0,-8446.7,49013.3,51268.0,,,,,,,,RR1715,,
J2-1008,ASNAP,2017/08/23 07:49:02,45.8292111,-129.7589143,20643.42,-9720.60,246.67,-0.9,2.2,0.00,1215.37,1215.37,HMR2300,12393.3,-8400.0,49086.7,51319.2,,,,,,,,RR1715,,
J2-1008,ASNAP,2017/08/23 07:49:07,45.8292127,-129.7588993,20644.58,-9720.42,246.83,-1.1,2.1,0.00,1218.15,1218.15,HMR2300,12140.0,-8380.0,49093.3,51261.7,,,,,,,,RR1715,,
J2-1008,ASNAP,2017/08/23 07:49:12,45.8292303,-129.7588880,20645.46,-9718.46,246.76,-0.9,2.1,0.00,1220.21,1220.21,HMR2300,12193.3,-8306.7,49133.3,51300.7,,,,,,,,RR1715,,
J2-1008,ASNAP,2017/08/23 07:49:17,45.8292363,-129.7588856,20645.65,-9717.80,246.84,-1.0,2.2,0.00,1222.94,1222.94,HMR2300,12060.0,-8360.0,49093.3,51239.5,,,,,,,,RR1715,,
J2-1008,ASNAP,2017/08/23 07:49:22,45.8292366,-129.7588666,20647.12,-9717.76,247.17,-1.0,2.1,0.00,1225.63,1225.63,HMR2300,11933.3,-8353.3,49126.7,51240.7,,,,,,,,RR1715,,
J2-1008,ASNAP,2017/08/23 07:49:27,45.8292354,-129.7588540,20648.10,-9717.90,246.88,-1.3,1.9,0.00,1228.28,1228.28,HMR2300,11866.7,-8066.7,49153.3,51204.9,,,,,,,,RR1715,,
J2-1008,ASNAP,2017/08/23 07:49:32,45.8292317,-129.7588545,20648.06,-9718.31,246.93,-1.5,1.9,0.00,1230.24,1230.24,HMR2300,11826.7,-8133.3,49200.0,51251.0,,,,,,,,RR1715,,
J2-1008,EVT,2017/08/23 07:49:34,45.8292399,-129.7588465,20648.68,-9717.40,246.83,-1.3,2.0,0.00,1231.51,1231.51,HMR2300,11833.3,-8193.3,49180.0,51242.9,,,,,,,,RR1715,DLG,Biology: Cnidaria USR:eventlogger
J2-1008,ASNAP,2017/08/23 07:49:37,45.8292399,-129.7588465,20648.68,-9717.40,246.86,-1.4,1.9,0.00,1232.76,1232.76,HMR2300,11760.0,-8113.3,49233.3,51264.5,,,,,,,,RR1715,,
J2-1008,ASNAP,2017/08/23 07:49:42,45.8292439,-129.7588308,20649.90,-9716.95,246.94,-1.3,1.9,0.00,1235.28,1235.28,HMR2300,11800.0,-8240.0,49126.7,51191.5,,,,,,,,RR1715,,
J2-1008,ASNAP,2017/08/23 07:49:47,45.8292450,-129.7588437,20648.90,-9716.83,246.86,-1.1,2.1,0.00,1237.84,1237.84,HMR2300,12060.0,-8300.0,49093.3,51229.8,,,,,,,,RR1715,,
J2-1008,ASNAP,2017/08/23 07:49:52,45.8292362,-129.7588487,20648.51,-9717.81,246.80,-1.0,2.3,0.00,1239.78,1239.78,HMR2300,12200.0,-8433.3,49066.7,51259.1,,,,,,,,RR1715,,
J2-1008,ASNAP,2017/08/23 07:49:57,45.8292433,-129.7588261,20650.26,-9717.02,246.73,-1.0,2.4,0.00,1242.40,1242.4,HMR2300,12260.0,-8593.3,49113.3,51344.6,,,,,,,,RR1715,,
J2-1008,ASNAP,2017/08/23 07:50:02,45.8292425,-129.7588202,20650.72,-9717.11,246.75,-0.8,2.5,0.00,1245.01,1245.01,HMR2300,12333.3,-8706.7,49033.3,51304.8,,,,,,,,RR1715,,
J2-1008,ASNAP,2017/08/23 07:50:07,45.8292430,-129.7588267,20650.22,-9717.05,246.80,-0.9,2.5,0.00,1247.64,1247.64,HMR2300,12240.0,-8693.3,49073.3,51318.5,,,,,,,,RR1715,,
J2-1008,ASNAP,2017/08/23 07:50:12,45.8292418,-129.7588432,20648.94,-9717.19,246.78,-0.8,2.3,0.00,1249.63,1249.63,HMR2300,12286.7,-8506.7,49026.7,51253.7,,,,,,,,RR1715,,
J2-1008,EVT,2017/08/23 07:50:15,45.8292391,-129.7588571,20647.86,-9717.49,246.69,-0.9,2.5,0.00,1251.65,1251.65,HMR2300,12333.3,-8673.3,49073.3,51337.4,,,,,,,,RR1715,DLG,Biology: Cnidaria USR:eventlogger
J2-1008,ASNAP,2017/08/23 07:50:17,45.8292381,-129.7588428,20648.97,-9717.60,246.66,-0.9,2.5,0.00,1252.33,1252.33,HMR2300,12366.7,-8573.3,49073.3,51328.6,,,,,,,,RR1715,,
J2-1008,ASNAP,2017/08/23 07:50:22,45.8292223,-129.7588422,20649.01,-9719.35,246.40,-0.8,2.4,0.00,1255.06,1255.06,HMR2300,12566.7,-8526.7,49040.0,51337.6,,,,,,,,RR1715,,
J2-1008,EVT,2017/08/23 07:50:25,45.8292346,-129.7588367,20649.44,-9717.99,246.52,-0.7,2.3,0.00,1256.46,1256.46,HMR2300,12500.0,-8640.0,49066.7,51365.7,,,,,,,,RR1715,DLG,Biology: Cnidaria USR:eventlogger
J2-1008,ASNAP,2017/08/23 07:50:27,45.8292346,-129.7588367,20649.44,-9717.99,246.74,-0.7,2.6,0.00,1257.82,1257.82,HMR2300,12433.3,-8680.0,49080.0,51369.0,,,,,,,,RR1715,,
J2-1008,ASNAP,2017/08/23 07:50:32,45.8292281,-129.7588589,20647.72,-9718.71,246.62,-0.8,2.3,0.00,1259.90,1259.9,HMR2300,12360.0,-8440.0,49040.0,51273.0,,,,,,,,RR1715,,
J2-1008,ASNAP,2017/08/23 07:50:37,45.8292140,-129.7588587,20647.73,-9720.28,246.58,-0.6,2.3,0.00,1262.68,1262.68,HMR2300,12633.3,-8393.3,49013.3,51306.5,,,,,,,,RR1715,,
J2-1008,ASNAP,2017/08/23 07:50:42,45.8292300,-129.7588634,20647.37,-9718.50,246.65,-0.7,2.1,0.00,1265.47,1265.47,HMR2300,12420.0,-8313.3,49000.0,51228.6,,,,,,,,RR1715,,
J2-1008,ASNAP,2017/08/23 07:50:47,45.8292223,-129.7588537,20648.12,-9719.35,246.55,-0.8,2.2,0.00,1268.24,1268.24,HMR2300,12453.3,-8293.3,49086.7,51316.3,,,,,,,,RR1715,,
J2-1008,ASNAP,2017/08/23 07:50:52,45.8292054,-129.7588511,20648.32,-9721.23,246.55,-0.7,2.3,0.00,1270.32,1270.32,HMR2300,12533.3,-8500.0,49060.0,51344.1,,,,,,,,RR1715,,
J2-1008,ASNAP,2017/08/23 07:50:57,45.8292285,-129.7588291,20650.03,-9718.66,246.53,-0.8,2.3,0.00,1273.10,1273.1,HMR2300,12413.3,-8393.3,48993.3,51233.6,,,,,,,,RR1715,,
J2-1008,ASNAP,2017/08/23 07:51:02,45.8291988,-129.7588346,20649.60,-9721.97,246.45,-0.5,2.3,0.00,1275.84,1275.84,HMR2300,12673.3,-8433.3,48993.3,51303.8,,,,,,,,RR1715,,
J2-1008,ASNAP,2017/08/23 07:51:07,45.8292011,-129.7588379,20649.35,-9721.71,246.44,-0.7,2.3,0.00,1278.57,1278.57,HMR2300,12533.3,-8440.0,49013.3,51289.6,,,,,,,,RR1715,,
J2-1008,ASNAP,2017/08/23 07:51:12,45.8292085,-129.7588523,20648.23,-9720.89,246.44,-0.7,2.4,0.00,1280.61,1280.61,HMR2300,12486.7,-8500.0,49066.7,51339.1,,,,,,,,RR1715,,
J2-1008,ASNAP,2017/08/23 07:51:17,45.8292075,-129.7588611,20647.55,-9721.00,246.55,-0.5,2.4,0.00,1283.33,1283.33,HMR2300,12653.3,-8606.7,49026.7,51359.5,,,,,,,,RR1715,,
J2-1008,ASNAP,2017/08/23 07:51:22,45.8292159,-129.7588384,20649.31,-9720.07,246.56,-0.7,2.4,0.00,1286.09,1286.09,HMR2300,12466.7,-8540.0,49046.7,51321.8,,,,,,,,RR1715,,
J2-1008,ASNAP,2017/08/23 07:51:27,45.8292015,-129.7588670,20647.09,-9721.67,246.51,-0.8,2.4,0.00,1288.86,1288.86,HMR2300,12440.0,-8560.0,49000.0,51274.0,,,,,,,,RR1715,,
J2-1008,ASNAP,2017/08/23 07:51:32,45.8292008,-129.7588630,20647.40,-9721.74,246.81,-0.7,2.5,0.00,1290.94,1290.94,HMR2300,12500.0,-8606.7,49073.3,51366.5,,,,,,,,RR1715,,
J2-1008,ASNAP,2017/08/23 07:51:37,45.8292052,-129.7588711,20646.77,-9721.26,246.70,-0.7,2.3,0.00,1293.70,1293.7,HMR2300,12493.3,-8486.7,49040.0,51313.0,,,,,,,,RR1715,,
J2-1008,ASNAP,2017/08/23 07:51:42,45.8292145,-129.7588491,20648.48,-9720.22,246.48,-0.8,2.4,0.00,1296.44,1296.44,HMR2300,12440.0,-8560.0,49060.0,51331.4,,,,,,,,RR1715,,
J2-1008,ASNAP,2017/08/23 07:51:47,45.8292028,-129.7588533,20648.15,-9721.52,246.37,-0.9,2.4,0.00,1299.17,1299.17,HMR2300,12326.7,-8440.0,49066.7,51290.5,,,,,,,,RR1715,,
J2-1008,ASNAP,2017/08/23 07:51:52,45.8291895,-129.7588370,20649.42,-9723.00,246.30,-0.9,2.3,0.00,1301.22,1301.22,HMR2300,12420.0,-8393.3,49013.3,51254.4,,,,,,,,RR1715,,
J2-1008,ASNAP,2017/08/23 07:51:57,45.8291660,-129.7588309,20649.89,-9725.61,246.65,-0.9,2.3,0.00,1303.98,1303.98,HMR2300,12266.7,-8406.7,49046.7,51251.5,,,,,,,,RR1715,,
J2-1008,ASNAP,2017/08/23 07:52:02,45.8291652,-129.7588254,20650.32,-9725.70,246.57,-1.0,2.3,0.00,1306.71,1306.71,HMR2300,12320.0,-8413.3,49093.3,51310.1,,,,,,,,RR1715,,
J2-1008,ASNAP,2017/08/23 07:52:07,45.8291393,-129.7588203,20650.71,-9728.58,246.73,-1.1,2.3,0.00,1309.45,1309.45,HMR2300,12060.0,-8446.7,49140.0,51298.4,,,,,,,,RR1715,,
J2-1008,ASNAP,2017/08/23 07:52:12,45.8291315,-129.7588141,20651.19,-9729.45,246.79,-1.0,2.3,0.00,1311.50,1311.5,HMR2300,12093.3,-8440.0,49106.7,51273.3,,,,,,,,RR1715,,
J2-1008,ASNAP,2017/08/23 07:52:17,45.8291564,-129.7587974,20652.49,-9726.68,246.86,-1.1,2.1,0.00,1314.24,1314.24,HMR2300,11993.3,-8280.0,49153.3,51268.4,,,,,,,,RR1715,,
J2-1008,ASNAP,2017/08/23 07:52:22,45.8291625,-129.7588287,20650.06,-9726.00,246.83,-1.0,2.2,0.00,1316.95,1316.95,HMR2300,12106.7,-8306.7,49120.0,51267.4,,,,,,,,RR1715,,
J2-1008,EVT,2017/08/23 07:52:26,45.8291617,-129.7588264,20650.24,-9726.09,246.86,-1.2,2.1,0.00,1318.97,1318.97,HMR2300,12000.0,-8280.0,49160.0,51276.3,,,,,,,,RR1715,DLG,Biology: Fish USR:eventlogger
J2-1008,ASNAP,2017/08/23 07:52:27,45.8291599,-129.7588448,20648.81,-9726.29,246.79,-1.2,2.1,0.00,1319.63,1319.63,HMR2300,12000.0,-8260.0,49186.7,51298.7,,,,,,,,RR1715,,
J2-1008,ASNAP,2017/08/23 07:52:32,45.8291512,-129.7588346,20649.60,-9727.26,246.89,-1.1,2.1,0.00,1321.61,1321.61,HMR2300,12086.7,-8280.0,49186.7,51322.3,,,,,,,,RR1715,,
J2-1008,ASNAP,2017/08/23 07:52:37,45.8291508,-129.7588185,20650.85,-9727.30,246.94,-1.2,2.1,0.00,1324.25,1324.25,HMR2300,11940.0,-8260.0,49166.7,51265.5,,,,,,,,RR1715,,
J2-1008,ASNAP,2017/08/23 07:52:42,45.8291721,-129.7588260,20650.27,-9724.93,247.12,-1.2,2.0,0.00,1326.86,1326.86,HMR2300,11846.7,-8346.7,49153.3,51245.1,,,,,,,,RR1715,,
J2-1008,ASNAP,2017/08/23 07:52:47,45.8291730,-129.7588337,20649.67,-9724.83,247.00,-1.3,2.0,0.00,1329.44,1329.44,HMR2300,11913.3,-8200.0,49206.7,51288.0,,,,,,,,RR1715,,
J2-1008,EVT,2017/08/23 07:52:51,45.8291639,-129.7588322,20649.79,-9725.84,246.81,-1.2,2.0,0.00,1331.37,1331.37,HMR2300,11966.7,-8213.3,49133.3,51232.3,,,,,,,,RR1715,DLG,Biology: Cnidaria USR:eventlogger
J2-1008,ASNAP,2017/08/23 07:52:52,45.8291639,-129.7588322,20649.79,-9725.84,246.80,-1.2,2.1,0.00,1331.37,1331.37,HMR2300,12040.0,-8286.7,49140.0,51267.6,,,,,,,,RR1715,,
J2-1008,EVT,2017/08/23 07:52:56,45.8291453,-129.7588040,20651.98,-9727.91,246.97,-1.1,2.2,0.00,1333.30,1333.3,HMR2300,12093.3,-8300.0,49173.3,51314.3,,,,,,,,RR1715,DLG,Biology: Fish USR:eventlogger
J2-1008,ASNAP,2017/08/23 07:52:57,45.8291453,-129.7588040,20651.98,-9727.91,246.84,-1.1,2.1,0.00,1333.95,1333.95,HMR2300,12093.3,-8306.7,49180.0,51321.7,,,,,,,,RR1715,,
J2-1008,ASNAP,2017/08/23 07:53:02,45.8291727,-129.7587996,20652.32,-9724.87,246.84,-1.1,2.2,0.00,1336.58,1336.58,HMR2300,12153.3,-8353.3,49120.0,51286.0,,,,,,,,RR1715,,
J2-1008,ASNAP,2017/08/23 07:53:07,45.8291998,-129.7587846,20653.48,-9721.85,246.99,-1.0,2.2,0.00,1339.23,1339.23,HMR2300,12106.7,-8440.0,49086.7,51257.3,,,,,,,,RR1715,,
J2-1008,ASNAP,2017/08/23 07:53:12,45.8292079,-129.7587790,20653.92,-9720.95,247.14,-0.9,2.4,0.00,1341.24,1341.24,HMR2300,12153.3,-8673.3,49060.0,51281.7,,,,,,,,RR1715,,
J2-1008,ASNAP,2017/08/23 07:53:17,45.8292232,-129.7587836,20653.56,-9719.25,246.88,-1.0,2.5,0.00,1343.89,1343.89,HMR2300,12240.0,-8646.7,49120.0,51355.2,,,,,,,,RR1715,,
J2-1008,ASNAP,2017/08/23 07:53:22,45.8292213,-129.7587786,20653.95,-9719.46,246.83,-1.0,2.6,0.00,1346.52,1346.52,HMR2300,12200.0,-8753.3,49106.7,51351.0,,,,,,,,RR1715,,
J2-1008,ASNAP,2017/08/23 07:53:27,45.8292101,-129.7587748,20654.24,-9720.71,246.73,-0.7,2.6,0.00,1349.16,1349.16,HMR2300,12393.3,-8720.0,49086.7,51372.5,,,,,,,,RR1715,,
J2-1008,ASNAP,2017/08/23 07:53:32,45.8291945,-129.7587632,20655.14,-9722.44,246.87,-0.7,2.6,0.00,1351.14,1351.14,HMR2300,12393.3,-8773.3,49033.3,51330.6,,,,,,,,RR1715,,
J2-1008,ASNAP,2017/08/23 07:53:37,45.8291908,-129.7587511,20656.08,-9722.86,246.79,-0.8,2.5,0.00,1353.87,1353.87,HMR2300,12346.7,-8506.7,49046.7,51287.2,,,,,,,,RR1715,,
J2-1008,ASNAP,2017/08/23 07:53:42,45.8291971,-129.7587395,20656.98,-9722.16,246.76,-0.8,2.2,0.00,1356.66,1356.66,HMR2300,12433.3,-8280.0,49120.0,51341.2,,,,,,,,RR1715,,
J2-1008,ASNAP,2017/08/23 07:53:47,45.8291947,-129.7587237,20658.21,-9722.42,246.77,-0.8,2.2,0.00,1359.43,1359.43,HMR2300,12386.7,-8326.7,49106.7,51324.7,,,,,,,,RR1715,,
J2-1008,ASNAP,2017/08/23 07:53:52,45.8291831,-129.7587308,20657.66,-9723.71,246.81,-0.8,2.1,0.00,1361.49,1361.49,HMR2300,12353.3,-8360.0,49106.7,51322.1,,,,,,,,RR1715,,
J2-1008,ASNAP,2017/08/23 07:53:57,45.8291843,-129.7587243,20658.16,-9723.58,246.80,-0.7,2.1,0.00,1364.27,1364.27,HMR2300,12406.7,-8340.0,49046.7,51274.3,,,,,,,,RR1715,,
J2-1008,ASNAP,2017/08/23 07:54:02,45.8291926,-129.7587097,20659.29,-9722.66,246.78,-0.7,2.2,0.00,1367.06,1367.06,HMR2300,12480.0,-8406.7,49060.0,51315.7,,,,,,,,RR1715,,
J2-1008,ASNAP,2017/08/23 07:54:07,45.8291954,-129.7586983,20660.18,-9722.34,246.64,-0.7,2.3,0.00,1369.85,1369.85,HMR2300,12493.3,-8406.7,49026.7,51287.1,,,,,,,,RR1715,,
J2-1008,EVT,2017/08/23 07:54:08,45.8291954,-129.7586983,20660.18,-9722.34,246.62,-0.7,2.3,0.00,1369.85,1369.85,HMR2300,12546.7,-8413.3,49073.3,51345.8,,,,,,,,RR1715,DLG,Biology: Cnidaria USR:eventlogger
J2-1008,ASNAP,2017/08/23 07:54:12,45.8291936,-129.7586990,20660.12,-9722.54,246.56,-0.6,2.3,0.00,1371.94,1371.94,HMR2300,12660.0,-8446.7,49066.7,51372.8,,,,,,,,RR1715,,
J2-1008,ASNAP,2017/08/23 07:54:17,45.8291975,-129.7587110,20659.19,-9722.11,246.49,-0.5,2.3,0.00,1374.70,1374.7,HMR2300,12700.0,-8360.0,49000.0,51304.8,,,,,,,,RR1715,,
J2-1008,ASNAP,2017/08/23 07:54:22,45.8291987,-129.7587033,20659.79,-9721.98,246.57,-0.5,2.3,0.00,1377.48,1377.48,HMR2300,12700.0,-8426.7,48993.3,51309.3,,,,,,,,RR1715,,
J2-1008,ASNAP,2017/08/23 07:54:27,45.8291830,-129.7587201,20658.49,-9723.72,246.80,-0.4,2.1,0.00,1380.26,1380.26,HMR2300,12700.0,-8380.0,48986.7,51295.3,,,,,,,,RR1715,,
J2-1008,ASNAP,2017/08/23 07:54:32,45.8291840,-129.7587403,20656.92,-9723.61,246.77,-0.3,2.2,0.00,1382.36,1382.36,HMR2300,12840.0,-8360.0,48986.7,51326.9,,,,,,,,RR1715,,
J2-1008,ASNAP,2017/08/23 07:54:37,45.8292240,-129.7588073,20651.72,-9719.17,246.79,-0.5,2.1,0.00,1385.17,1385.17,HMR2300,12580.0,-8340.0,49060.0,51329.3,,,,,,,,RR1715,,
J2-1008,ASNAP,2017/08/23 07:54:42,45.8292096,-129.7588028,20652.07,-9720.77,246.77,-0.4,2.2,0.00,1387.97,1387.97,HMR2300,12760.0,-8360.0,49020.0,51338.8,,,,,,,,RR1715,,
J2-1008,ASNAP,2017/08/23 07:54:47,45.8292089,-129.7588053,20651.88,-9720.84,246.79,-0.4,2.1,0.00,1390.76,1390.76,HMR2300,12640.0,-8326.7,48986.7,51271.8,,,,,,,,RR1715,,
J2-1008,ASNAP,2017/08/23 07:54:52,45.8292087,-129.7588147,20651.15,-9720.87,246.85,-0.4,2.1,0.00,1392.86,1392.86,HMR2300,12726.7,-8380.0,48960.0,51276.4,,,,,,,,RR1715,,
J2-1008,ASNAP,2017/08/23 07:54:57,45.8292111,-129.7587912,20652.97,-9720.60,246.81,-0.3,2.3,0.00,1395.63,1395.63,HMR2300,12880.0,-8526.7,48953.3,51332.5,,,,,,,,RR1715,,
J2-1008,ASNAP,2017/08/23 07:55:02,45.8291966,-129.7587806,20653.79,-9722.21,246.81,-0.4,2.4,0.00,1398.36,1398.36,HMR2300,12793.3,-8533.3,48986.7,51343.8,,,,,,,,RR1715,,
J2-1008,ASNAP,2017/08/23 07:55:07,45.8291987,-129.7587793,20653.89,-9721.98,246.68,-0.4,2.3,0.00,1401.06,1401.06,HMR2300,12726.7,-8540.0,49000.0,51341.0,,,,,,,,RR1715,,
J2-1008,ASNAP,2017/08/23 07:55:12,45.8291846,-129.7587690,20654.69,-9723.54,246.58,-0.3,2.4,0.00,1403.10,1403.1,HMR2300,12813.3,-8586.7,48886.7,51262.3,,,,,,,,RR1715,,
J2-1008,ASNAP,2017/08/23 07:55:17,45.8291645,-129.7587969,20652.53,-9725.78,246.56,-0.5,2.3,0.00,1405.84,1405.84,HMR2300,12726.7,-8493.3,48980.0,51314.2,,,,,,,,RR1715,,
J2-1008,ASNAP,2017/08/23 07:55:22,45.8291762,-129.7587899,20653.07,-9724.48,246.45,-0.4,2.3,0.00,1408.61,1408.61,HMR2300,12740.0,-8433.3,48980.0,51307.6,,,,,,,,RR1715,,
J2-1008,ASNAP,2017/08/23 07:55:27,45.8291651,-129.7588050,20651.90,-9725.71,246.68,-0.5,2.2,0.00,1411.41,1411.41,HMR2300,12620.0,-8380.0,49046.7,51332.9,,,,,,,,RR1715,,
J2-1008,ASNAP,2017/08/23 07:55:32,45.8291701,-129.7588067,20651.77,-9725.16,246.78,-0.7,2.2,0.00,1413.51,1413.51,HMR2300,12453.3,-8460.0,49060.0,51318.0,,,,,,,,RR1715,,
J2-1008,ASNAP,2017/08/23 07:55:37,45.8291600,-129.7588421,20649.02,-9726.28,246.78,-0.6,2.2,0.00,1416.31,1416.31,HMR2300,12586.7,-8380.0,48980.0,51261.0,,,,,,,,RR1715,,
J2-1008,ASNAP,2017/08/23 07:55:42,45.8291780,-129.7588483,20648.54,-9724.28,246.60,-0.6,2.3,0.00,1419.09,1419.09,HMR2300,12613.3,-8406.7,48980.0,51271.9,,,,,,,,RR1715,,
J2-1008,ASNAP,2017/08/23 07:55:47,45.8291796,-129.7588361,20649.49,-9724.10,246.60,-0.7,2.4,0.00,1421.85,1421.85,HMR2300,12526.7,-8553.3,49046.7,51338.6,,,,,,,,RR1715,,
J2-1008,ASNAP,2017/08/23 07:55:52,45.8291600,-129.7588513,20648.31,-9726.28,246.48,-0.8,2.5,0.00,1423.89,1423.89,HMR2300,12486.7,-8600.0,49040.0,51330.3,,,,,,,,RR1715,,
J2-1008,ASNAP,2017/08/23 07:55:57,45.8291621,-129.7588465,20648.68,-9726.05,246.42,-0.9,2.6,0.00,1426.57,1426.57,HMR2300,12433.3,-8700.0,49066.7,51359.7,,,,,,,,RR1715,,
J2-1008,ASNAP,2017/08/23 07:56:02,45.8291460,-129.7588246,20650.38,-9727.83,246.39,-0.9,2.7,0.00,1429.18,1429.18,HMR2300,12386.7,-8853.3,49000.0,51310.9,,,,,,,,RR1715,,
J2-1008,ASNAP,2017/08/23 07:56:07,45.8291684,-129.7588214,20650.63,-9725.34,246.02,-1.1,2.7,0.00,1431.73,1431.73,HMR2300,12366.7,-8593.3,49020.0,51281.0,,,,,,,,RR1715,,
J2-1008,ASNAP,2017/08/23 07:56:12,45.8291661,-129.7587996,20652.32,-9725.60,246.20,-0.9,2.5,0.00,1433.69,1433.69,HMR2300,12406.7,-8486.7,49080.0,51330.3,,,,,,,,RR1715,,
J2-1008,ASNAP,2017/08/23 07:56:17,45.8291524,-129.7588065,20651.78,-9727.12,246.54,-0.8,2.5,0.00,1436.34,1436.34,HMR2300,12460.0,-8553.3,49046.7,51322.4,,,,,,,,RR1715,,
J2-1008,ASNAP,2017/08/23 07:56:22,45.8291739,-129.7587939,20652.76,-9724.73,246.71,-1.1,2.3,0.00,1439.00,1439,HMR2300,12200.0,-8426.7,49093.3,51283.6,,,,,,,,RR1715,,
J2-1008,ASNAP,2017/08/23 07:56:27,45.8291753,-129.7588272,20650.18,-9724.58,246.79,-1.1,2.2,0.00,1441.68,1441.68,HMR2300,12106.7,-8313.3,49066.7,51217.4,,,,,,,,RR1715,,
J2-1008,ASNAP,2017/08/23 07:56:32,45.8291748,-129.7588187,20650.84,-9724.63,246.80,-0.9,2.1,0.00,1443.68,1443.68,HMR2300,12200.0,-8286.7,49093.3,51260.7,,,,,,,,RR1715,,
J2-1008,ASNAP,2017/08/23 07:56:37,45.8291711,-129.7588080,20651.67,-9725.04,246.82,-1.0,2.2,0.00,1446.33,1446.33,HMR2300,12146.7,-8340.0,49093.3,51256.7,,,,,,,,RR1715,,
J2-1008,ASNAP,2017/08/23 07:56:42,45.8291568,-129.7587974,20652.49,-9726.63,247.04,-1.2,2.1,0.00,1448.96,1448.96,HMR2300,12060.0,-8326.7,49153.3,51291.6,,,,,,,,RR1715,,
J2-1008,EVT,2017/08/23 07:56:45,45.8291751,-129.7587988,20652.38,-9724.60,246.91,-1.2,2.0,0.00,1450.28,1450.28,HMR2300,12080.0,-8246.7,49133.3,51264.2,,,,,,,,RR1715,DLG,Biology: Cnidaria USR:eventlogger
J2-1008,ASNAP,2017/08/23 07:56:47,45.8291560,-129.7588285,20650.08,-9726.72,247.04,-1.0,2.1,0.00,1451.59,1451.59,HMR2300,12173.3,-8286.7,49093.3,51254.4,,,,,,,,RR1715,,
J2-1008,ASNAP,2017/08/23 07:56:52,45.8291652,-129.7588044,20651.95,-9725.70,247.17,-1.1,2.0,0.00,1453.57,1453.57,HMR2300,12006.7,-8280.0,49173.3,51290.7,,,,,,,,RR1715,,
J2-1008,ASNAP,2017/08/23 07:56:57,45.8291693,-129.7588044,20651.95,-9725.25,247.16,-1.1,1.7,0.00,1456.12,1456.12,HMR2300,11960.0,-8006.7,49126.7,51191.6,,,,,,,,RR1715,,
J2-1008,ASNAP,2017/08/23 07:57:02,45.8291832,-129.7588170,20650.97,-9723.70,247.05,-1.2,1.8,0.00,1458.61,1458.61,HMR2300,12040.0,-7966.7,49173.3,51248.9,,,,,,,,RR1715,,
J2-1008,ASNAP,2017/08/23 07:57:07,45.8292071,-129.7588069,20651.75,-9721.04,246.87,-1.3,2.0,0.00,1461.09,1461.09,HMR2300,11960.0,-8146.7,49206.7,51290.4,,,,,,,,RR1715,,
J2-1008,ASNAP,2017/08/23 07:57:12,45.8292054,-129.7588014,20652.18,-9721.23,246.77,-1.2,2.0,0.00,1462.97,1462.97,HMR2300,12113.3,-8140.0,49180.0,51299.8,,,,,,,,RR1715,,
J2-1008,ASNAP,2017/08/23 07:57:17,45.8292081,-129.7587732,20654.37,-9720.93,246.84,-1.2,2.3,0.00,1465.55,1465.55,HMR2300,12066.7,-8460.0,49126.7,51289.4,,,,,,,,RR1715,,
J2-1008,ASNAP,2017/08/23 07:57:22,45.8292088,-129.7587551,20655.77,-9720.86,246.69,-0.8,2.6,0.00,1468.13,1468.13,HMR2300,12453.3,-8720.0,48986.7,51291.5,,,,,,,,RR1715,,
J2-1008,ASNAP,2017/08/23 07:57:27,45.8292067,-129.7587331,20657.48,-9721.09,246.65,-0.7,2.6,0.00,1470.66,1470.66,HMR2300,12613.3,-8646.7,49033.3,51362.7,,,,,,,,RR1715,,
J2-1008,ASNAP,2017/08/23 07:57:32,45.8291997,-129.7587241,20658.18,-9721.87,246.76,-0.7,2.5,0.00,1472.59,1472.59,HMR2300,12580.0,-8573.3,49040.0,51348.6,,,,,,,,RR1715,,
J2-1008,ASNAP,2017/08/23 07:57:37,45.8291981,-129.7587183,20658.63,-9722.04,246.79,-0.7,2.2,0.00,1475.28,1475.28,HMR2300,12406.7,-8340.0,49093.3,51319.0,,,,,,,,RR1715,,
J2-1008,ASNAP,2017/08/23 07:57:42,45.8292030,-129.7587179,20658.66,-9721.50,246.84,-0.7,2.0,0.00,1478.04,1478.04,HMR2300,12373.3,-8260.0,49033.3,51240.6,,,,,,,,RR1715,,
J2-1008,ASNAP,2017/08/23 07:57:47,45.8291909,-129.7587308,20657.66,-9722.84,246.84,-0.5,2.2,0.00,1480.75,1480.75,HMR2300,12626.7,-8353.3,48980.0,51266.5,,,,,,,,RR1715,,
J2-1008,ASNAP,2017/08/23 07:57:52,45.8291917,-129.7587375,20657.14,-9722.76,246.65,-0.7,2.2,0.00,1482.81,1482.81,HMR2300,12533.3,-8293.3,49020.0,51272.1,,,,,,,,RR1715,,
J2-1008,ASNAP,2017/08/23 07:57:57,45.8291848,-129.7587371,20657.17,-9723.52,246.63,-0.4,2.3,0.00,1485.54,1485.54,HMR2300,12726.7,-8513.3,49000.0,51336.6,,,,,,,,RR1715,,
J2-1008,ASNAP,2017/08/23 07:58:02,45.8291915,-129.7587501,20656.16,-9722.78,246.55,-0.4,2.5,0.00,1488.26,1488.26,HMR2300,12853.3,-8660.0,48980.0,51373.6,,,,,,,,RR1715,,
J2-1008,ASNAP,2017/08/23 07:58:07,45.8291841,-129.7587405,20656.90,-9723.60,246.55,-0.3,2.4,0.00,1490.95,1490.95,HMR2300,12900.0,-8506.7,48973.3,51353.3,,,,,,,,RR1715,,
J2-1008,ASNAP,2017/08/23 07:58:12,45.8291777,-129.7587684,20654.74,-9724.31,246.61,-0.4,2.4,0.00,1492.97,1492.97,HMR2300,12766.7,-8580.0,48940.0,51300.4,,,,,,,,RR1715,,
J2-1008,ASNAP,2017/08/23 07:58:17,45.8291798,-129.7587744,20654.27,-9724.08,246.59,-0.4,2.4,0.00,1495.72,1495.72,HMR2300,12833.3,-8480.0,48946.7,51306.7,,,,,,,,RR1715,,
J2-1008,ASNAP,2017/08/23 07:58:22,45.8291779,-129.7587902,20653.05,-9724.29,246.76,-0.6,2.3,0.00,1498.50,1498.5,HMR2300,12660.0,-8473.3,49026.7,51338.9,,,,,,,,RR1715,,
J2-1008,ASNAP,2017/08/23 07:58:27,45.8291693,-129.7587786,20653.95,-9725.25,246.86,-0.5,2.1,0.00,1501.32,1501.32,HMR2300,12653.3,-8353.3,49066.7,51355.8,,,,,,,,RR1715,,
J2-1008,EVT,2017/08/23 07:58:28,45.8291797,-129.7587830,20653.61,-9724.09,246.90,-0.6,2.2,0.00,1502.01,1502.01,HMR2300,12613.3,-8360.0,49046.7,51328.0,,,,,,,,RR1715,DLG,TXT: depth 1500 m temp 2.45 C USR:eventlogger
J2-1008,ASNAP,2017/08/23 07:58:32,45.8291797,-129.7587830,20653.61,-9724.09,246.86,-0.5,2.3,0.00,1503.40,1503.4,HMR2300,12700.0,-8526.7,48953.3,51287.6,,,,,,,,RR1715,,
J2-1008,ASNAP,2017/08/23 07:58:37,45.8291729,-129.7587947,20652.70,-9724.85,246.87,-0.7,2.2,0.00,1506.19,1506.19,HMR2300,12486.7,-8400.0,49013.3,51271.7,,,,,,,,RR1715,,
J2-1008,ASNAP,2017/08/23 07:58:42,45.8291809,-129.7588049,20651.91,-9723.96,246.97,-0.7,2.2,0.00,1508.96,1508.96,HMR2300,12500.0,-8460.0,49073.3,51342.1,,,,,,,,RR1715,,
J2-1008,ASNAP,2017/08/23 07:58:47,45.8291865,-129.7588073,20651.72,-9723.33,246.82,-0.5,2.3,0.00,1511.73,1511.73,HMR2300,12653.3,-8513.3,48986.7,51305.7,,,,,,,,RR1715,,
J2-1008,ASNAP,2017/08/23 07:58:52,45.8291930,-129.7588113,20651.41,-9722.61,246.80,-0.7,2.5,0.00,1513.80,1513.8,HMR2300,12533.3,-8740.0,49040.0,51365.3,,,,,,,,RR1715,,
J2-1008,ASNAP,2017/08/23 07:58:57,45.8291864,-129.7588091,20651.58,-9723.34,246.78,-0.4,2.6,0.00,1516.55,1516.55,HMR2300,12706.7,-8700.0,48940.0,51305.7,,,,,,,,RR1715,,
J2-1008,ASNAP,2017/08/23 07:59:02,45.8291793,-129.7588138,20651.22,-9724.13,246.43,-0.5,2.7,0.00,1519.24,1519.24,HMR2300,12786.7,-8653.3,48933.3,51311.3,,,,,,,,RR1715,,
J2-1008,ASNAP,2017/08/23 07:59:07,45.8291772,-129.7588180,20650.89,-9724.37,246.16,-0.5,2.5,0.00,1521.92,1521.92,HMR2300,12800.0,-8480.0,48933.3,51285.7,,,,,,,,RR1715,,
J2-1008,ASNAP,2017/08/23 07:59:12,45.8291738,-129.7588236,20650.46,-9724.75,246.14,-0.5,2.5,0.00,1523.98,1523.98,HMR2300,12806.7,-8446.7,49000.0,51345.5,,,,,,,,RR1715,,
J2-1008,ASNAP,2017/08/23 07:59:17,45.8291796,-129.7588411,20649.10,-9724.10,246.37,-0.6,2.4,0.00,1526.74,1526.74,HMR2300,12726.7,-8560.0,48973.3,51318.9,,,,,,,,RR1715,,
J2-1008,ASNAP,2017/08/23 07:59:22,45.8291765,-129.7588348,20649.59,-9724.45,246.75,-0.6,2.3,0.00,1529.56,1529.56,HMR2300,12613.3,-8433.3,49033.3,51327.2,,,,,,,,RR1715,,
J2-1008,ASNAP,2017/08/23 07:59:27,45.8291691,-129.7588357,20649.52,-9725.27,246.92,-0.6,2.2,0.00,1532.36,1532.36,HMR2300,12486.7,-8313.3,48980.0,51225.7,,,,,,,,RR1715,,
J2-1008,ASNAP,2017/08/23 07:59:32,45.8291560,-129.7588198,20650.75,-9726.72,246.93,-0.8,2.1,0.00,1534.46,1534.46,HMR2300,12446.7,-8200.0,49033.3,51248.7,,,,,,,,RR1715,,
J2-1008,ASNAP,2017/08/23 07:59:37,45.8291468,-129.7588162,20651.03,-9727.75,246.95,-0.8,1.9,0.00,1537.24,1537.24,HMR2300,12406.7,-8213.3,49120.0,51324.1,,,,,,,,RR1715,,
J2-1008,ASNAP,2017/08/23 07:59:42,45.8291298,-129.7588006,20652.24,-9729.63,247.20,-0.8,2.0,0.00,1540.00,1540,HMR2300,12306.7,-8260.0,49133.3,51320.2,,,,,,,,RR1715,,
J2-1008,ASNAP,2017/08/23 07:59:47,45.8291392,-129.7587884,20653.19,-9728.59,247.30,-1.1,2.1,0.00,1542.74,1542.74,HMR2300,12013.3,-8300.0,49086.7,51212.4,,,,,,,,RR1715,,
J2-1008,ASNAP,2017/08/23 07:59:52,45.8291449,-129.7587872,20653.28,-9727.96,247.35,-1.1,1.9,0.00,1544.79,1544.79,HMR2300,11953.3,-8233.3,49120.0,51219.6,,,,,,,,RR1715,,
J2-1008,EVT,2017/08/23 07:59:53,45.8291449,-129.7587872,20653.28,-9727.96,247.40,-1.1,1.9,0.00,1546.14,1546.14,HMR2300,12006.7,-8166.7,49173.3,51272.5,,,,,,,,RR1715,DLG,Biology: Fish USR:eventlogger
J2-1008,ASNAP,2017/08/23 07:59:57,45.8291440,-129.7587971,20652.51,-9728.06,247.31,-1.0,2.0,0.00,1547.48,1547.48,HMR2300,12006.7,-8213.3,49106.7,51216.0,,,,,,,,RR1715,,
J2-1008,ASNAP,2017/08/23 08:00:02,45.8291565,-129.7587891,20653.13,-9726.67,247.16,-0.9,1.9,0.00,1550.11,1550.11,HMR2300,12226.7,-8160.0,49073.3,51227.6,,,,,,,,RR1715,,
J2-1008,ASNAP,2017/08/23 08:00:07,45.8291486,-129.7588080,20651.67,-9727.55,247.17,-1.0,2.0,0.00,1552.73,1552.73,HMR2300,12186.7,-8286.7,49120.0,51283.1,,,,,,,,RR1715,,
J2-1008,EVT,2017/08/23 08:00:11,45.8291441,-129.7587969,20652.53,-9728.05,247.20,-1.1,2.0,0.00,1554.70,1554.7,HMR2300,12013.3,-8253.3,49140.0,51256.0,,,,,,,,RR1715,DLG,Biology: Fish USR:eventlogger
J2-1008,ASNAP,2017/08/23 08:00:12,45.8291441,-129.7587969,20652.53,-9728.05,247.20,-1.1,2.0,0.00,1554.70,1554.7,HMR2300,11993.3,-8266.7,49080.0,51195.9,,,,,,,,RR1715,,
J2-1008,ASNAP,2017/08/23 08:00:17,45.8291576,-129.7587903,20653.04,-9726.54,246.84,-1.0,2.2,0.00,1557.35,1557.35,HMR2300,12180.0,-8426.7,49060.0,51246.9,,,,,,,,RR1715,,
J2-1008,ASNAP,2017/08/23 08:00:22,45.8291890,-129.7587757,20654.17,-9723.06,246.78,-0.8,2.5,0.00,1559.93,1559.93,HMR2300,12440.0,-8553.3,49000.0,51272.9,,,,,,,,RR1715,,
J2-1008,ASNAP,2017/08/23 08:00:27,45.8291890,-129.7587757,20654.17,-9723.06,246.75,-0.6,2.6,0.00,1562.41,1562.41,HMR2300,12620.0,-8660.0,49020.0,51353.9,,,,,,,,RR1715,,
J2-1008,ASNAP,2017/08/23 08:00:32,45.8291457,-129.7587960,20652.60,-9727.87,246.93,-0.6,2.7,0.00,1564.24,1564.24,HMR2300,12606.7,-8746.7,48993.3,51339.8,,,,,,,,RR1715,,
J2-1008,ASNAP,2017/08/23 08:00:37,45.8291364,-129.7587992,20652.35,-9728.90,246.88,-0.4,2.6,0.00,1566.78,1566.78,HMR2300,12786.7,-8626.7,49000.0,51370.4,,,,,,,,RR1715,,
J2-1008,ASNAP,2017/08/23 08:00:42,45.8291280,-129.7587810,20653.76,-9729.84,246.63,-0.6,2.3,0.00,1569.44,1569.44,HMR2300,12660.0,-8360.0,48986.7,51282.1,,,,,,,,RR1715,,
J2-1008,ASNAP,2017/08/23 08:00:47,45.8291219,-129.7587569,20655.63,-9730.51,246.72,-0.7,2.0,0.00,1572.18,1572.18,HMR2300,12573.3,-8206.7,49040.0,51287.0,,,,,,,,RR1715,,
J2-1008,ASNAP,2017/08/23 08:00:52,45.8291218,-129.7587599,20655.40,-9730.52,246.83,-0.7,2.1,0.00,1574.21,1574.21,HMR2300,12580.0,-8260.0,49060.0,51316.3,,,,,,,,RR1715,,
J2-1008,ASNAP,2017/08/23 08:00:57,45.8291221,-129.7587565,20655.66,-9730.49,246.75,-0.7,2.2,0.00,1576.92,1576.92,HMR2300,12500.0,-8393.3,49066.7,51324.8,,,,,,,,RR1715,,
J2-1008,ASNAP,2017/08/23 08:01:02,45.8291128,-129.7587476,20656.35,-9731.53,246.61,-0.8,2.3,0.00,1579.64,1579.64,HMR2300,12493.3,-8413.3,49020.0,51281.8,,,,,,,,RR1715,,
J2-1008,ASNAP,2017/08/23 08:01:07,45.8291200,-129.7587920,20652.91,-9730.73,246.43,-0.5,2.4,0.00,1582.34,1582.34,HMR2300,12806.7,-8406.7,48913.3,51256.2,,,,,,,,RR1715,,
J2-1008,ASNAP,2017/08/23 08:01:12,45.8291301,-129.7587775,20654.03,-9729.60,246.64,-0.6,2.4,0.00,1584.37,1584.37,HMR2300,12633.3,-8546.7,48940.0,51261.8,,,,,,,,RR1715,,
J2-1008,ASNAP,2017/08/23 08:01:17,45.8291158,-129.7588076,20651.70,-9731.19,246.69,-0.5,2.4,0.00,1587.05,1587.05,HMR2300,12826.7,-8593.3,48953.3,51330.3,,,,,,,,RR1715,,
J2-1008,ASNAP,2017/08/23 08:01:22,45.8291195,-129.7588157,20651.07,-9730.78,246.58,-0.5,2.5,0.00,1589.74,1589.74,HMR2300,12713.3,-8573.3,49026.7,51368.7,,,,,,,,RR1715,,
J2-1008,ASNAP,2017/08/23 08:01:27,45.8291154,-129.7588205,20650.70,-9731.24,246.49,-0.6,2.4,0.00,1592.44,1592.44,HMR2300,12720.0,-8486.7,48953.3,51286.0,,,,,,,,RR1715,,
J2-1008,ASNAP,2017/08/23 08:01:32,45.8291069,-129.7588116,20651.39,-9732.18,246.53,-0.4,2.3,0.00,1594.49,1594.49,HMR2300,12793.3,-8360.0,48953.3,51283.4,,,,,,,,RR1715,,
J2-1008,EVT,2017/08/23 08:01:35,45.8291058,-129.7587845,20653.49,-9732.30,246.66,-0.5,2.3,0.00,1596.57,1596.57,HMR2300,12680.0,-8446.7,49000.0,51314.0,,,,,,,,RR1715,DLG,Biology: Crustacean USR:eventlogger
J2-1008,ASNAP,2017/08/23 08:01:37,45.8291058,-129.7587845,20653.49,-9732.30,246.70,-0.7,2.3,0.00,1597.25,1597.25,HMR2300,12573.3,-8380.0,48986.7,51264.1,,,,,,,,RR1715,,
J2-1008,ASNAP,2017/08/23 08:01:42,45.8291001,-129.7587997,20652.31,-9732.94,246.50,-0.6,2.3,0.00,1600.01,1600.01,HMR2300,12653.3,-8340.0,49026.7,51315.5,,,,,,,,RR1715,,
J2-1008,ASNAP,2017/08/23 08:01:47,45.8290878,-129.7587969,20652.53,-9734.30,246.72,-0.8,2.4,0.00,1602.75,1602.75,HMR2300,12506.7,-8380.0,49046.7,51305.1,,,,,,,,RR1715,,
J2-1008,EVT,2017/08/23 08:01:50,45.8290764,-129.7587977,20652.47,-9735.57,246.73,-0.7,2.3,0.00,1604.13,1604.13,HMR2300,12540.0,-8413.3,49046.7,51318.7,,,,,,,,RR1715,DLG,Biology: Crustacean USR:eventlogger
J2-1008,ASNAP,2017/08/23 08:01:52,45.8290764,-129.7587977,20652.47,-9735.57,246.64,-0.8,2.3,0.00,1604.82,1604.82,HMR2300,12446.7,-8393.3,49066.7,51311.8,,,,,,,,RR1715,,
J2-1008,ASNAP,2017/08/23 08:01:57,45.8290935,-129.7587792,20653.90,-9733.67,246.78,-1.0,2.3,0.00,1607.53,1607.53,HMR2300,12240.0,-8433.3,49013.3,51217.6,,,,,,,,RR1715,,
J2-1008,ASNAP,2017/08/23 08:02:02,45.8290722,-129.7588161,20651.04,-9736.04,246.68,-1.0,2.4,0.00,1610.20,1610.2,HMR2300,12226.7,-8493.3,49086.7,51294.5,,,,,,,,RR1715,,
J2-1008,ASNAP,2017/08/23 08:02:07,45.8290893,-129.7588189,20650.82,-9734.14,246.84,-1.2,2.5,0.00,1612.85,1612.85,HMR2300,12066.7,-8540.0,49133.3,51309.1,,,,,,,,RR1715,,
J2-1008,ASNAP,2017/08/23 08:02:12,45.8290862,-129.7588071,20651.74,-9734.48,246.80,-1.3,2.4,0.00,1614.79,1614.79,HMR2300,12080.0,-8446.7,49140.0,51303.1,,,,,,,,RR1715,,
J2-1008,ASNAP,2017/08/23 08:02:17,45.8290769,-129.7588127,20651.30,-9735.52,246.69,-1.3,2.4,0.00,1617.33,1617.33,HMR2300,12020.0,-8433.3,49140.0,51286.9,,,,,,,,RR1715,,
J2-1008,ASNAP,2017/08/23 08:02:22,45.8290787,-129.7588041,20651.97,-9735.31,246.97,-1.4,2.3,0.00,1619.79,1619.79,HMR2300,11893.3,-8353.3,49120.0,51225.0,,,,,,,,RR1715,,
J2-1008,ASNAP,2017/08/23 08:02:27,45.8290764,-129.7587937,20652.78,-9735.57,247.11,-1.6,2.1,0.00,1622.20,1622.2,HMR2300,11733.3,-8253.3,49140.0,51191.1,,,,,,,,RR1715,,
J2-1008,ASNAP,2017/08/23 08:02:32,45.8290805,-129.7587787,20653.94,-9735.11,246.94,-1.5,2.0,0.00,1623.99,1623.99,HMR2300,11853.3,-8093.3,49186.7,51238.0,,,,,,,,RR1715,,
J2-1008,ASNAP,2017/08/23 08:02:37,45.8290836,-129.7587775,20654.03,-9734.77,246.66,-1.2,2.2,0.00,1626.40,1626.4,HMR2300,12146.7,-8113.3,49153.3,51277.8,,,,,,,,RR1715,,
J2-1008,ASNAP,2017/08/23 08:02:42,45.8290866,-129.7587777,20654.02,-9734.44,246.57,-1.1,2.2,0.00,1628.91,1628.91,HMR2300,12200.0,-8280.0,49093.3,51259.7,,,,,,,,RR1715,,
J2-1008,ASNAP,2017/08/23 08:02:47,45.8290763,-129.7587763,20654.13,-9735.58,246.80,-0.9,2.2,0.00,1631.50,1631.5,HMR2300,12420.0,-8340.0,49033.3,51264.8,,,,,,,,RR1715,,
J2-1008,ASNAP,2017/08/23 08:02:52,45.8290733,-129.7587639,20655.09,-9735.91,246.72,-0.8,2.4,0.00,1633.45,1633.45,HMR2300,12506.7,-8586.7,48986.7,51282.0,,,,,,,,RR1715,,
J2-1008,ASNAP,2017/08/23 08:02:57,45.8290832,-129.7587586,20655.50,-9734.81,246.77,-0.7,2.4,0.00,1636.04,1636.04,HMR2300,12633.3,-8480.0,49013.3,51320.7,,,,,,,,RR1715,,
J2-1008,EVT,2017/08/23 08:02:59,45.8290832,-129.7587586,20655.50,-9734.81,246.77,-0.7,2.3,0.00,1637.37,1637.37,HMR2300,12540.0,-8400.0,49013.3,51284.7,,,,,,,,RR1715,DLG,Biology: Cnidaria USR:eventlogger
J2-1008,ASNAP,2017/08/23 08:03:02,45.8290840,-129.7587467,20656.42,-9734.73,246.72,-0.8,2.3,0.00,1638.71,1638.71,HMR2300,12526.7,-8333.3,49073.3,51327.9,,,,,,,,RR1715,,
J2-1008,ASNAP,2017/08/23 08:03:07,45.8290770,-129.7587426,20656.74,-9735.50,246.76,-0.7,2.2,0.00,1641.43,1641.43,HMR2300,12660.0,-8266.7,49040.0,51318.0,,,,,,,,RR1715,,
J2-1008,ASNAP,2017/08/23 08:03:12,45.8290829,-129.7587484,20656.29,-9734.85,246.81,-0.7,2.2,0.00,1643.47,1643.47,HMR2300,12520.0,-8393.3,48986.7,51253.2,,,,,,,,RR1715,,
J2-1008,ASNAP,2017/08/23 08:03:17,45.8290752,-129.7587417,20656.81,-9735.70,246.80,-0.7,2.4,0.00,1646.17,1646.17,HMR2300,12593.3,-8413.3,48993.3,51280.8,,,,,,,,RR1715,,
J2-1008,ASNAP,2017/08/23 08:03:22,45.8290635,-129.7587465,20656.44,-9737.00,246.57,-0.6,2.3,0.00,1648.86,1648.86,HMR2300,12580.0,-8373.3,48993.3,51271.0,,,,,,,,RR1715,,
J2-1008,ASNAP,2017/08/23 08:03:27,45.8290592,-129.7587376,20657.13,-9737.48,246.83,-0.4,2.3,0.00,1651.56,1651.56,HMR2300,12840.0,-8453.3,48946.7,51304.0,,,,,,,,RR1715,,
J2-1008,ASNAP,2017/08/23 08:03:32,45.8290659,-129.7587439,20656.64,-9736.74,246.61,-0.4,2.5,0.00,1653.59,1653.59,HMR2300,12880.0,-8540.0,48946.7,51328.4,,,,,,,,RR1715,,
J2-1008,ASNAP,2017/08/23 08:03:37,45.8290356,-129.7587616,20655.27,-9740.10,246.66,-0.4,2.4,0.00,1656.33,1656.33,HMR2300,12853.3,-8473.3,48900.0,51266.1,,,,,,,,RR1715,,
J2-1008,ASNAP,2017/08/23 08:03:42,45.8290464,-129.7587755,20654.19,-9738.91,246.70,-0.5,2.3,0.00,1659.07,1659.07,HMR2300,12760.0,-8426.7,48940.0,51273.3,,,,,,,,RR1715,,
J2-1008,EVT,2017/08/23 08:03:45,45.8290428,-129.7587766,20654.10,-9739.31,246.74,-0.5,2.4,0.00,1660.43,1660.43,HMR2300,12746.7,-8440.0,48960.0,51291.3,,,,,,,,RR1715,DLG,Biology: Crustacean USR:eventlogger
J2-1008,ASNAP,2017/08/23 08:03:47,45.8290428,-129.7587766,20654.10,-9739.31,246.79,-0.5,2.4,0.00,1661.80,1661.8,HMR2300,12766.7,-8473.3,48986.7,51327.2,,,,,,,,RR1715,,
J2-1008,ASNAP,2017/08/23 08:03:52,45.8290406,-129.7587906,20653.02,-9739.55,246.77,-0.3,2.3,0.00,1663.87,1663.87,HMR2300,12900.0,-8480.0,48980.0,51355.2,,,,,,,,RR1715,,
J2-1008,ASNAP,2017/08/23 08:03:57,45.8290285,-129.7587955,20652.64,-9740.89,246.77,-0.6,2.3,0.00,1666.61,1666.61,HMR2300,12606.7,-8373.3,48993.3,51277.6,,,,,,,,RR1715,,
J2-1008,ASNAP,2017/08/23 08:04:02,45.8290442,-129.7587987,20652.39,-9739.15,246.68,-0.5,2.3,0.00,1669.35,1669.35,HMR2300,12680.0,-8426.7,48953.3,51266.2,,,,,,,,RR1715,,
J2-1008,ASNAP,2017/08/23 08:04:07,45.8290323,-129.7588103,20651.49,-9740.47,246.77,-0.6,2.3,0.00,1672.11,1672.11,HMR2300,12620.0,-8353.3,48973.3,51258.5,,,,,,,,RR1715,,
J2-1008,ASNAP,2017/08/23 08:04:12,45.8290268,-129.7588151,20651.12,-9741.08,246.79,-0.8,2.4,0.00,1674.19,1674.19,HMR2300,12606.7,-8493.3,49026.7,51329.1,,,,,,,,RR1715,,
J2-1008,ASNAP,2017/08/23 08:04:17,45.8290156,-129.7588268,20650.21,-9742.33,246.89,-0.7,2.5,0.00,1676.94,1676.94,HMR2300,12526.7,-8593.3,49013.3,51313.4,,,,,,,,RR1715,,
J2-1008,ASNAP,2017/08/23 08:04:22,45.8290121,-129.7588259,20650.28,-9742.72,246.64,-0.8,2.6,0.00,1679.66,1679.66,HMR2300,12533.3,-8693.3,49040.0,51357.4,,,,,,,,RR1715,,
J2-1008,ASNAP,2017/08/23 08:04:27,45.8290321,-129.7588535,20648.14,-9740.50,246.32,-1.0,2.6,0.00,1682.34,1682.34,HMR2300,12440.0,-8633.3,48986.7,51273.6,,,,,,,,RR1715,,
J2-1008,EVT,2017/08/23 08:04:29,45.8290107,-129.7588526,20648.21,-9742.87,246.13,-1.0,2.7,0.00,1683.01,1683.01,HMR2300,12546.7,-8400.0,48986.7,51260.8,,,,,,,,RR1715,DLG,Biology: Crustacean USR:eventlogger
J2-1008,ASNAP,2017/08/23 08:04:32,45.8290107,-129.7588526,20648.21,-9742.87,246.06,-1.1,2.6,0.00,1684.34,1684.34,HMR2300,12480.0,-8480.0,49013.3,51283.2,,,,,,,,RR1715,,
J2-1008,ASNAP,2017/08/23 08:04:37,45.8290192,-129.7588461,20648.71,-9741.93,246.37,-1.0,2.5,0.00,1687.00,1687,HMR2300,12346.7,-8460.0,49026.7,51260.4,,,,,,,,RR1715,,
J2-1008,ASNAP,2017/08/23 08:04:42,45.8290247,-129.7588134,20651.25,-9741.32,246.81,-1.1,2.3,0.00,1689.68,1689.68,HMR2300,12280.0,-8340.0,49093.3,51288.5,,,,,,,,RR1715,,
J2-1008,ASNAP,2017/08/23 08:04:47,45.8290229,-129.7588087,20651.61,-9741.52,247.01,-1.1,2.2,0.00,1692.30,1692.3,HMR2300,12160.0,-8340.0,49086.7,51253.5,,,,,,,,RR1715,,
J2-1008,ASNAP,2017/08/23 08:04:52,45.8290308,-129.7587987,20652.39,-9740.64,246.87,-1.5,2.2,0.00,1694.23,1694.23,HMR2300,11886.7,-8293.3,49113.3,51207.3,,,,,,,,RR1715,,
J2-1008,ASNAP,2017/08/23 08:04:57,45.8290136,-129.7587770,20654.07,-9742.55,246.86,-1.5,2.2,0.00,1696.75,1696.75,HMR2300,11920.0,-8226.7,49106.7,51197.9,,,,,,,,RR1715,,
J2-1008,ASNAP,2017/08/23 08:05:02,45.8290161,-129.7587631,20655.15,-9742.27,246.87,-1.5,2.2,0.00,1699.18,1699.18,HMR2300,11926.7,-8186.7,49160.0,51244.2,,,,,,,,RR1715,,
J2-1008,ASNAP,2017/08/23 08:05:07,45.8290232,-129.7587541,20655.85,-9741.48,246.85,-1.4,2.1,0.00,1701.58,1701.58,HMR2300,11906.7,-8153.3,49213.3,51285.5,,,,,,,,RR1715,,
J2-1008,ASNAP,2017/08/23 08:05:12,45.8290086,-129.7587306,20657.67,-9743.11,246.77,-1.5,2.1,0.00,1703.41,1703.41,HMR2300,11880.0,-8113.3,49140.0,51202.5,,,,,,,,RR1715,,
J2-1008,EVT,2017/08/23 08:05:14,45.8290040,-129.7587399,20656.95,-9743.62,246.84,-1.5,2.1,0.00,1704.64,1704.64,HMR2300,11840.0,-8133.3,49180.0,51234.8,,,,,,,,RR1715,DLG,Biology: Crustacean USR:eventlogger
J2-1008,ASNAP,2017/08/23 08:05:17,45.8289845,-129.7587295,20657.76,-9745.79,246.88,-1.3,2.1,0.00,1705.91,1705.91,HMR2300,12080.0,-8113.3,49153.3,51262.1,,,,,,,,RR1715,,
J2-1008,ASNAP,2017/08/23 08:05:22,45.8290071,-129.7586983,20660.18,-9743.27,246.88,-1.2,2.0,0.00,1708.51,1708.51,HMR2300,12160.0,-8080.0,49080.0,51205.5,,,,,,,,RR1715,,
J2-1008,EVT,2017/08/23 08:05:25,45.8289463,-129.7587583,20655.52,-9750.03,246.80,-1.1,2.2,0.00,1709.82,1709.82,HMR2300,12353.3,-8180.0,49106.7,51293.1,,,,,,,,RR1715,DLG,Biology: Fish USR:eventlogger
J2-1008,ASNAP,2017/08/23 08:05:27,45.8289463,-129.7587583,20655.52,-9750.03,246.69,-0.9,2.2,0.00,1711.14,1711.14,HMR2300,12500.0,-8286.7,49060.0,51301.1,,,,,,,,RR1715,,
J2-1008,ASNAP,2017/08/23 08:05:32,45.8289277,-129.7587596,20655.42,-9752.10,246.57,-0.8,2.3,0.00,1713.08,1713.08,HMR2300,12666.7,-8246.7,49026.7,51303.7,,,,,,,,RR1715,,
J2-1008,EVT,2017/08/23 08:05:33,45.8289277,-129.7587596,20655.42,-9752.10,246.58,-0.7,2.3,0.00,1713.73,1713.73,HMR2300,12706.7,-8406.7,48940.0,51256.8,,,,,,,,RR1715,DLG,Biology: Cnidaria USR:eventlogger
J2-1008,ASNAP,2017/08/23 08:05:37,45.8289211,-129.7587654,20654.97,-9752.83,246.56,-0.8,2.4,0.00,1715.67,1715.67,HMR2300,12606.7,-8400.0,49040.0,51326.5,,,,,,,,RR1715,,
J2-1008,ASNAP,2017/08/23 08:05:42,45.8289451,-129.7587473,20656.38,-9750.17,246.60,-0.6,2.7,0.00,1718.31,1718.31,HMR2300,12720.0,-8533.3,48980.0,51319.2,,,,,,,,RR1715,,
J2-1008,ASNAP,2017/08/23 08:05:47,45.8289472,-129.7587489,20656.25,-9749.93,246.54,-0.5,2.5,0.00,1721.02,1721.02,HMR2300,12766.7,-8513.3,48960.0,51308.3,,,,,,,,RR1715,,
J2-1008,EVT,2017/08/23 08:05:50,45.8289732,-129.7587181,20658.64,-9747.04,246.56,-0.7,2.4,0.00,1723.07,1723.07,HMR2300,12713.3,-8333.3,49033.3,51335.6,,,,,,,,RR1715,DLG,Biology: Crustacean USR:eventlogger
J2-1008,ASNAP,2017/08/23 08:05:52,45.8289901,-129.7587146,20658.91,-9745.16,246.57,-0.6,2.3,0.00,1723.07,1723.07,HMR2300,12766.7,-8406.7,48946.7,51278.0,,,,,,,,RR1715,,
J2-1008,ASNAP,2017/08/23 08:05:57,45.8290066,-129.7587019,20659.90,-9743.33,246.77,-0.6,2.3,0.00,1725.83,1725.83,HMR2300,12720.0,-8353.3,49026.7,51334.1,,,,,,,,RR1715,,
J2-1008,ASNAP,2017/08/23 08:06:02,45.8289927,-129.7586881,20660.97,-9744.87,246.85,-0.7,2.2,0.00,1728.58,1728.58,HMR2300,12500.0,-8380.0,49046.7,51303.5,,,,,,,,RR1715,,
J2-1008,ASNAP,2017/08/23 08:06:07,45.8290031,-129.7586847,20661.23,-9743.72,249.14,-0.5,2.2,0.00,1731.31,1731.31,HMR2300,11126.7,-9533.3,49126.7,51265.2,,,,,,,,RR1715,,
J2-1008,ASNAP,2017/08/23 08:06:12,45.8290095,-129.7586984,20660.17,-9743.01,275.09,-0.8,2.3,0.00,1733.33,1733.33,HMR2300,3966.7,-12846.7,49473.3,51267.7,,,,,,,,RR1715,,
J2-1008,ASNAP,2017/08/23 08:06:17,45.8290039,-129.7587041,20659.73,-9743.63,266.84,-1.0,1.8,0.00,1735.91,1735.91,HMR2300,6000.0,-11980.0,49433.3,51216.9,,,,,,,,RR1715,,
J2-1008,EVT,2017/08/23 08:06:20,45.8290199,-129.7586943,20660.49,-9741.85,267.38,-0.9,2.1,0.00,1737.22,1737.22,HMR2300,6026.7,-11800.0,49506.7,51249.1,,,,,,,,RR1715,DLG,Biology: Crustacean USR:eventlogger
J2-1008,ASNAP,2017/08/23 08:06:22,45.8290199,-129.7586943,20660.49,-9741.85,267.25,-0.9,1.9,0.00,1738.55,1738.55,HMR2300,6040.0,-11866.7,49533.3,51291.8,,,,,,,,RR1715,,
J2-1008,ASNAP,2017/08/23 08:06:27,45.8290229,-129.7587103,20659.25,-9741.52,267.60,-1.0,2.1,0.00,1740.55,1740.55,HMR2300,5886.7,-12046.7,49500.0,51283.8,,,,,,,,RR1715,,
J2-1008,ASNAP,2017/08/23 08:06:32,45.8290212,-129.7587256,20658.06,-9741.71,267.57,-0.9,2.4,0.00,1743.25,1743.25,HMR2300,5986.7,-12240.0,49440.0,51283.2,,,,,,,,RR1715,,
J2-1008,ASNAP,2017/08/23 08:06:37,45.8290187,-129.7587091,20659.34,-9741.98,267.56,-0.5,2.5,0.00,1745.94,1745.94,HMR2300,6266.7,-12346.7,49426.7,51329.4,,,,,,,,RR1715,,
J2-1008,EVT,2017/08/23 08:06:38,45.8290187,-129.7587091,20659.34,-9741.98,267.43,-0.6,2.4,0.00,1746.62,1746.62,HMR2300,6280.0,-12346.7,49480.0,51382.4,,,,,,,,RR1715,DLG,Biology: Fish USR:eventlogger
J2-1008,ASNAP,2017/08/23 08:06:42,45.8290147,-129.7587091,20659.34,-9742.43,267.43,-0.6,2.4,0.00,1748.62,1748.62,HMR2300,6273.3,-12240.0,49393.3,51272.5,,,,,,,,RR1715,,
J2-1008,ASNAP,2017/08/23 08:06:47,45.8290128,-129.7587177,20658.67,-9742.64,267.57,-0.3,2.3,0.00,1750.64,1750.64,HMR2300,6426.7,-12253.3,49393.3,51294.7,,,,,,,,RR1715,,
J2-1008,ASNAP,2017/08/23 08:06:52,45.8290034,-129.7587372,20657.16,-9743.69,267.59,-0.2,2.1,0.00,1753.32,1753.32,HMR2300,6613.3,-12086.7,49400.0,51285.3,,,,,,,,RR1715,,
J2-1008,EVT,2017/08/23 08:06:53,45.8290034,-129.7587372,20657.16,-9743.69,267.59,-0.1,2.1,0.00,1754.00,1754,HMR2300,6653.3,-12060.0,49426.7,51309.9,,,,,,,,RR1715,DLG,Biology: Fish USR:eventlogger
J2-1008,ASNAP,2017/08/23 08:06:57,45.8290069,-129.7587436,20656.66,-9743.29,267.49,-0.1,2.1,0.00,1756.03,1756.03,HMR2300,6706.7,-12133.3,49426.7,51334.1,,,,,,,,RR1715,,
J2-1008,ASNAP,2017/08/23 08:07:02,45.8289884,-129.7587546,20655.81,-9745.35,267.31,-0.1,2.1,0.00,1758.73,1758.73,HMR2300,6740.0,-11993.3,49393.3,51273.5,,,,,,,,RR1715,,
J2-1008,ASNAP,2017/08/23 08:07:07,45.8289841,-129.7587656,20654.96,-9745.83,267.43,0.1,2.1,0.00,1760.76,1760.76,HMR2300,6833.3,-12106.7,49426.7,51344.5,,,,,,,,RR1715,,
J2-1008,ASNAP,2017/08/23 08:07:12,45.8289769,-129.7587778,20654.01,-9746.63,267.35,0.1,2.1,0.00,1763.43,1763.43,HMR2300,6880.0,-12120.0,49360.0,51289.8,,,,,,,,RR1715,,
J2-1008,EVT,2017/08/23 08:07:14,45.8289810,-129.7587875,20653.26,-9746.17,267.39,0.1,2.0,0.00,1764.75,1764.75,HMR2300,6880.0,-11946.7,49433.3,51319.7,,,,,,,,RR1715,DLG,Biology: Crustacean USR:eventlogger
J2-1008,ASNAP,2017/08/23 08:07:17,45.8289810,-129.7587875,20653.26,-9746.17,267.50,0.1,2.1,0.00,1766.07,1766.07,HMR2300,6846.7,-12060.0,49413.3,51322.5,,,,,,,,RR1715,,
J2-1008,ASNAP,2017/08/23 08:07:22,45.8289666,-129.7587982,20652.43,-9747.77,267.45,-0.0,2.2,0.00,1768.67,1768.67,HMR2300,6760.0,-12106.7,49446.7,51354.1,,,,,,,,RR1715,,
J2-1008,ASNAP,2017/08/23 08:07:27,45.8289752,-129.7588116,20651.39,-9746.82,267.45,0.0,2.2,0.00,1770.59,1770.59,HMR2300,6773.3,-12180.0,49413.3,51341.1,,,,,,,,RR1715,,
J2-1008,ASNAP,2017/08/23 08:07:32,45.8289592,-129.7588210,20650.66,-9748.60,267.35,0.1,2.2,0.00,1773.15,1773.15,HMR2300,6786.7,-12200.0,49360.0,51296.3,,,,,,,,RR1715,,
J2-1008,ASNAP,2017/08/23 08:07:37,45.8289581,-129.7588305,20649.92,-9748.72,267.35,0.0,2.3,0.00,1775.74,1775.74,HMR2300,6746.7,-12193.3,49326.7,51257.3,,,,,,,,RR1715,,
J2-1008,ASNAP,2017/08/23 08:07:42,45.8289502,-129.7588755,20646.43,-9749.60,267.45,-0.0,2.2,0.00,1778.34,1778.34,HMR2300,6726.7,-12180.0,49313.3,51238.7,,,,,,,,RR1715,,
J2-1008,ASNAP,2017/08/23 08:07:47,45.8289854,-129.7588885,20645.42,-9745.68,267.40,-0.0,2.2,0.00,1780.32,1780.32,HMR2300,6773.3,-12260.0,49393.3,51340.9,,,,,,,,RR1715,,
J2-1008,ASNAP,2017/08/23 08:07:52,45.8289686,-129.7588853,20645.67,-9747.55,267.33,-0.1,2.2,0.00,1782.94,1782.94,HMR2300,6740.0,-12226.7,49380.0,51315.7,,,,,,,,RR1715,,
J2-1008,ASNAP,2017/08/23 08:07:57,45.8289802,-129.7588934,20645.04,-9746.26,267.27,-0.0,2.3,0.00,1785.58,1785.58,HMR2300,6753.3,-12206.7,49326.7,51261.4,,,,,,,,RR1715,,
J2-1008,ASNAP,2017/08/23 08:08:02,45.8289882,-129.7588725,20646.66,-9745.37,267.34,0.1,2.2,0.00,1788.23,1788.23,HMR2300,6833.3,-12246.7,49326.7,51281.5,,,,,,,,RR1715,,
J2-1008,EVT,2017/08/23 08:08:07,45.8289680,-129.7588920,20645.15,-9747.62,267.29,-0.1,2.3,0.00,1790.21,1790.21,HMR2300,6760.0,-12246.7,49353.3,51297.5,,,,,,,,RR1715,DLG,Biology: Cnidaria USR:eventlogger
J2-1008,ASNAP,2017/08/23 08:08:07,45.8289680,-129.7588920,20645.15,-9747.62,267.29,-0.1,2.3,0.00,1790.21,1790.21,HMR2300,6760.0,-12246.7,49353.3,51297.5,,,,,,,,RR1715,,
J2-1008,ASNAP,2017/08/23 08:08:12,45.8289673,-129.7588966,20644.79,-9747.70,267.31,0.0,2.2,0.00,1792.87,1792.87,HMR2300,6873.3,-12113.3,49406.7,51332.2,,,,,,,,RR1715,,
J2-1008,ASNAP,2017/08/23 08:08:17,45.8289702,-129.7588965,20644.80,-9747.37,267.32,-0.0,2.2,0.00,1795.53,1795.53,HMR2300,6833.3,-12166.7,49353.3,51288.1,,,,,,,,RR1715,,
J2-1008,ASNAP,2017/08/23 08:08:22,45.8289725,-129.7588902,20645.29,-9747.12,267.44,0.1,2.3,0.00,1798.19,1798.19,HMR2300,6820.0,-12226.7,49366.7,51313.5,,,,,,,,RR1715,,
J2-1008,ASNAP,2017/08/23 08:08:27,45.8289709,-129.7588948,20644.93,-9747.30,267.33,0.1,2.3,0.00,1800.17,1800.17,HMR2300,6880.0,-12280.0,49320.0,51289.3,,,,,,,,RR1715,,
J2-1008,ASNAP,2017/08/23 08:08:32,45.8289724,-129.7588959,20644.85,-9747.13,267.39,-0.0,2.2,0.00,1802.80,1802.8,HMR2300,6800.0,-12200.0,49366.7,51304.5,,,,,,,,RR1715,,
J2-1008,ASNAP,2017/08/23 08:08:37,45.8289836,-129.7589058,20644.08,-9745.89,267.17,-0.1,2.3,0.00,1805.42,1805.42,HMR2300,6786.7,-12226.7,49366.7,51309.0,,,,,,,,RR1715,,
J2-1008,ASNAP,2017/08/23 08:08:42,45.8289758,-129.7589316,20642.08,-9746.75,267.43,0.1,2.3,0.00,1808.05,1808.05,HMR2300,6860.0,-12313.3,49380.0,51352.3,,,,,,,,RR1715,,
J2-1008,ASNAP,2017/08/23 08:08:47,45.8289765,-129.7589352,20641.80,-9746.67,267.23,-0.0,2.3,0.00,1810.01,1810.01,HMR2300,6860.0,-12206.7,49313.3,51262.7,,,,,,,,RR1715,,
J2-1008,ASNAP,2017/08/23 08:08:52,45.8289731,-129.7589398,20641.44,-9747.05,267.35,-0.1,2.3,0.00,1812.65,1812.65,HMR2300,6773.3,-12286.7,49293.3,51251.1,,,,,,,,RR1715,,
J2-1008,ASNAP,2017/08/23 08:08:57,45.8289586,-129.7589308,20642.14,-9748.66,267.31,0.1,2.3,0.00,1815.29,1815.29,HMR2300,6820.0,-12193.3,49320.0,51260.6,,,,,,,,RR1715,,
J2-1008,ASNAP,2017/08/23 08:09:02,45.8289580,-129.7589385,20641.54,-9748.73,267.35,0.1,2.4,0.00,1817.91,1817.91,HMR2300,6960.0,-12226.7,49340.0,51306.6,,,,,,,,RR1715,,
J2-1008,ASNAP,2017/08/23 08:09:07,45.8289311,-129.7589450,20641.04,-9751.72,267.31,-0.0,2.3,0.00,1819.89,1819.89,HMR2300,6806.7,-12306.7,49366.7,51330.8,,,,,,,,RR1715,,
J2-1008,ASNAP,2017/08/23 08:09:12,45.8289173,-129.7589543,20640.32,-9753.26,267.21,0.0,2.3,0.00,1822.54,1822.54,HMR2300,6886.7,-12260.0,49313.3,51279.0,,,,,,,,RR1715,,
J2-1008,ASNAP,2017/08/23 08:09:17,45.8289183,-129.7589559,20640.19,-9753.14,267.33,-0.1,2.2,0.00,1825.17,1825.17,HMR2300,6766.7,-12206.7,49346.7,51282.4,,,,,,,,RR1715,,
J2-1008,ASNAP,2017/08/23 08:09:22,45.8289201,-129.7589818,20638.18,-9752.94,267.30,0.1,2.3,0.00,1827.80,1827.8,HMR2300,6940.0,-12266.7,49300.0,51275.0,,,,,,,,RR1715,,
J2-1008,ASNAP,2017/08/23 08:09:27,45.8289216,-129.7589914,20637.44,-9752.78,267.15,-0.0,2.4,0.00,1829.78,1829.78,HMR2300,6940.0,-12160.0,49380.0,51326.5,,,,,,,,RR1715,,
J2-1008,ASNAP,2017/08/23 08:09:32,45.8289185,-129.7589900,20637.55,-9753.12,267.30,0.0,2.3,0.00,1832.42,1832.42,HMR2300,6853.3,-12233.3,49353.3,51306.7,,,,,,,,RR1715,,
J2-1008,ASNAP,2017/08/23 08:09:37,45.8289267,-129.7590156,20635.56,-9752.21,267.38,-0.0,2.3,0.00,1835.08,1835.08,HMR2300,6793.3,-12226.7,49380.0,51322.8,,,,,,,,RR1715,,
J2-1008,ASNAP,2017/08/23 08:09:42,45.8289191,-129.7590388,20633.76,-9753.05,267.38,0.0,2.2,0.00,1837.75,1837.75,HMR2300,6773.3,-12086.7,49300.0,51209.9,,,,,,,,RR1715,,
J2-1008,ASNAP,2017/08/23 08:09:47,45.8289029,-129.7590534,20632.63,-9754.85,267.41,-0.1,2.2,0.00,1839.77,1839.77,HMR2300,6820.0,-12233.3,49353.3,51302.2,,,,,,,,RR1715,,
J2-1008,ASNAP,2017/08/23 08:09:52,45.8289058,-129.7590414,20633.56,-9754.53,267.42,-0.1,2.3,0.00,1842.49,1842.49,HMR2300,6740.0,-12180.0,49346.7,51272.5,,,,,,,,RR1715,,
J2-1008,ASNAP,2017/08/23 08:09:57,45.8289008,-129.7590428,20633.45,-9755.09,267.31,-0.1,2.3,0.00,1845.19,1845.19,HMR2300,6793.3,-12186.7,49386.7,51319.7,,,,,,,,RR1715,,
J2-1008,ASNAP,2017/08/23 08:10:02,45.8288967,-129.7590683,20631.47,-9755.54,267.44,-0.1,2.2,0.00,1847.89,1847.89,HMR2300,6720.0,-12233.3,49360.0,51295.4,,,,,,,,RR1715,,
J2-1008,ASNAP,2017/08/23 08:10:07,45.8289157,-129.7590759,20630.88,-9753.43,267.15,-0.0,2.3,0.00,1849.91,1849.91,HMR2300,6940.0,-12153.3,49306.7,51254.4,,,,,,,,RR1715,,
J2-1008,ASNAP,2017/08/23 08:10:12,45.8288896,-129.7590901,20629.78,-9756.33,267.29,0.0,2.3,0.00,1852.64,1852.64,HMR2300,6893.3,-12260.0,49280.0,51247.9,,,,,,,,RR1715,,
J2-1008,EVT,2017/08/23 08:10:16,45.8288853,-129.7590945,20629.44,-9756.81,267.28,0.0,2.2,0.00,1854.67,1854.67,HMR2300,6926.7,-12153.3,49386.7,51329.6,,,,,,,,RR1715,DLG,Biology: Crustacean USR:eventlogger
J2-1008,ASNAP,2017/08/23 08:10:17,45.8288853,-129.7590945,20629.44,-9756.81,267.29,0.0,2.2,0.00,1855.35,1855.35,HMR2300,6873.3,-12260.0,49346.7,51309.3,,,,,,,,RR1715,,
J2-1008,ASNAP,2017/08/23 08:10:22,45.8288993,-129.7591107,20628.18,-9755.25,267.50,-0.2,2.2,0.00,1858.04,1858.04,HMR2300,6680.0,-12240.0,49353.3,51285.4,,,,,,,,RR1715,,
J2-1008,ASNAP,2017/08/23 08:10:27,45.8288917,-129.7591241,20627.14,-9756.10,267.18,-0.2,2.2,0.00,1860.06,1860.06,HMR2300,6746.7,-12200.0,49306.7,51239.7,,,,,,,,RR1715,,
J2-1008,ASNAP,2017/08/23 08:10:32,45.8288853,-129.7591285,20626.80,-9756.81,267.46,-0.1,2.2,0.00,1862.76,1862.76,HMR2300,6673.3,-12186.7,49340.0,51259.0,,,,,,,,RR1715,,
J2-1008,ASNAP,2017/08/23 08:10:37,45.8288940,-129.7591216,20627.34,-9755.84,267.47,-0.1,2.2,0.00,1865.48,1865.48,HMR2300,6633.3,-12106.7,49360.0,51254.1,,,,,,,,RR1715,,
J2-1008,ASNAP,2017/08/23 08:10:42,45.8288966,-129.7591347,20626.32,-9755.56,267.42,-0.2,2.2,0.00,1868.17,1868.17,HMR2300,6720.0,-12206.7,49353.3,51282.7,,,,,,,,RR1715,,
J2-1008,ASNAP,2017/08/23 08:10:47,45.8288971,-129.7591302,20626.67,-9755.50,267.38,-0.0,2.1,0.00,1870.21,1870.21,HMR2300,6753.3,-12106.7,49360.0,51269.8,,,,,,,,RR1715,,
J2-1008,ASNAP,2017/08/23 08:10:52,45.8288912,-129.7591406,20625.86,-9756.16,267.32,0.0,2.1,0.00,1872.90,1872.9,HMR2300,6920.0,-12120.0,49366.7,51301.5,,,,,,,,RR1715,,
J2-1008,ASNAP,2017/08/23 08:10:57,45.8288877,-129.7591336,20626.41,-9756.54,267.31,-0.2,2.3,0.00,1875.65,1875.65,HMR2300,6626.7,-12213.3,49406.7,51323.5,,,,,,,,RR1715,,
J2-1008,ASNAP,2017/08/23 08:11:02,45.8288994,-129.7591477,20625.31,-9755.24,267.54,-0.5,2.3,0.00,1878.41,1878.41,HMR2300,6286.7,-12153.3,49400.0,51260.0,,,,,,,,RR1715,,
J2-1008,ASNAP,2017/08/23 08:11:07,45.8288870,-129.7591454,20625.49,-9756.62,267.39,-0.6,2.2,0.00,1880.47,1880.47,HMR2300,6480.0,-12120.0,49366.7,51244.0,,,,,,,,RR1715,,
J2-1008,ASNAP,2017/08/23 08:11:12,45.8289069,-129.7591342,20626.36,-9754.41,267.39,-0.6,2.4,0.00,1883.35,1883.35,HMR2300,6353.3,-12413.3,49353.3,51285.5,,,,,,,,RR1715,,
J2-1008,ASNAP,2017/08/23 08:11:17,45.8289068,-129.7591351,20626.29,-9754.42,267.20,-0.5,2.5,0.00,1886.33,1886.33,HMR2300,6333.3,-12340.0,49326.7,51239.7,,,,,,,,RR1715,,
J2-1008,ASNAP,2017/08/23 08:11:22,45.8288917,-129.7591351,20626.29,-9756.10,266.92,-0.8,2.6,0.00,1889.34,1889.34,HMR2300,6366.7,-12366.7,49360.0,51282.3,,,,,,,,RR1715,,
J2-1008,ASNAP,2017/08/23 08:11:27,45.8288869,-129.7591354,20626.27,-9756.63,266.70,-0.7,2.7,0.00,1891.63,1891.63,HMR2300,6453.3,-12446.7,49353.3,51306.1,,,,,,,,RR1715,,
J2-1008,ASNAP,2017/08/23 08:11:32,45.8288855,-129.7591334,20626.42,-9756.79,266.92,-0.7,2.7,0.00,1894.68,1894.68,HMR2300,6366.7,-12386.7,49326.7,51255.1,,,,,,,,RR1715,,
J2-1008,ASNAP,2017/08/23 08:11:37,45.8288802,-129.7591269,20626.93,-9757.38,266.85,-0.8,2.6,0.00,1897.74,1897.74,HMR2300,6440.0,-12353.3,49380.0,51307.5,,,,,,,,RR1715,,
J2-1008,ASNAP,2017/08/23 08:11:42,45.8288715,-129.7591119,20628.09,-9758.35,266.78,-0.7,2.6,0.00,1900.79,1900.79,HMR2300,6446.7,-12366.7,49326.7,51260.3,,,,,,,,RR1715,,
J2-1008,ASNAP,2017/08/23 08:11:47,45.8288629,-129.7591146,20627.88,-9759.30,267.29,-0.6,2.6,0.00,1903.08,1903.08,HMR2300,6320.0,-12573.3,49326.7,51294.7,,,,,,,,RR1715,,
J2-1008,ASNAP,2017/08/23 08:11:52,45.8288724,-129.7591066,20628.50,-9758.24,267.38,-0.8,2.5,0.00,1906.17,1906.17,HMR2300,6206.7,-12366.7,49353.3,51256.3,,,,,,,,RR1715,,
J2-1008,ASNAP,2017/08/23 08:11:57,45.8288602,-129.7591064,20628.52,-9759.60,267.39,-0.6,2.4,0.00,1909.25,1909.25,HMR2300,6460.0,-12306.7,49380.0,51298.8,,,,,,,,RR1715,,
J2-1008,ASNAP,2017/08/23 08:12:02,45.8288503,-129.7591287,20626.79,-9760.70,267.36,-0.4,2.2,0.00,1912.27,1912.27,HMR2300,6593.3,-11986.7,49400.0,51259.3,,,,,,,,RR1715,,
J2-1008,ASNAP,2017/08/23 08:12:07,45.8288558,-129.7591154,20627.82,-9760.09,267.46,-0.7,1.9,0.00,1914.52,1914.52,HMR2300,6266.7,-11713.3,49460.0,51212.9,,,,,,,,RR1715,,
J2-1008,ASNAP,2017/08/23 08:12:12,45.8288598,-129.7591009,20628.94,-9759.64,267.18,-0.5,1.9,0.00,1917.49,1917.49,HMR2300,6593.3,-11786.7,49460.0,51270.7,,,,,,,,RR1715,,
J2-1008,ASNAP,2017/08/23 08:12:17,45.8288768,-129.7590909,20629.72,-9757.76,266.90,-0.0,1.6,0.00,1920.39,1920.39,HMR2300,6980.0,-11520.0,49426.7,51229.2,,,,,,,,RR1715,,
J2-1008,ASNAP,2017/08/23 08:12:22,45.8288895,-129.7590581,20632.26,-9756.34,266.92,0.0,1.8,0.00,1923.30,1923.3,HMR2300,7020.0,-11700.0,49406.7,51256.1,,,,,,,,RR1715,,
J2-1008,ASNAP,2017/08/23 08:12:27,45.8288742,-129.7590660,20631.65,-9758.05,267.38,-0.1,1.8,0.00,1925.56,1925.56,HMR2300,6726.7,-11833.3,49406.7,51247.4,,,,,,,,RR1715,,
J2-1008,EVT,2017/08/23 08:12:30,45.8288808,-129.7590364,20633.95,-9757.31,267.37,-0.3,2.2,0.00,1927.86,1927.86,HMR2300,6633.3,-12020.0,49386.7,51259.4,,,,,,,,RR1715,DLG,Biology: Cnidaria USR:eventlogger
J2-1008,ASNAP,2017/08/23 08:12:32,45.8288808,-129.7590364,20633.95,-9757.31,267.35,-0.2,2.3,0.00,1928.63,1928.63,HMR2300,6720.0,-12286.7,49380.0,51327.4,,,,,,,,RR1715,,
J2-1008,ASNAP,2017/08/23 08:12:37,45.8288829,-129.7590592,20632.18,-9757.08,267.36,-0.2,2.5,0.00,1931.69,1931.69,HMR2300,6753.3,-12380.0,49326.7,51302.9,,,,,,,,RR1715,,
J2-1008,ASNAP,2017/08/23 08:12:42,45.8288784,-129.7590694,20631.39,-9757.58,267.11,-0.1,2.4,0.00,1934.73,1934.73,HMR2300,6846.7,-12266.7,49353.3,51313.7,,,,,,,,RR1715,,
J2-1008,ASNAP,2017/08/23 08:12:47,45.8288526,-129.7590920,20629.63,-9760.45,267.11,-0.3,2.5,0.00,1937.03,1937.03,HMR2300,6833.3,-12206.7,49353.3,51297.6,,,,,,,,RR1715,,
J2-1008,ASNAP,2017/08/23 08:12:52,45.8288571,-129.7590905,20629.75,-9759.95,266.94,-0.1,2.4,0.00,1940.13,1940.13,HMR2300,6986.7,-12160.0,49346.7,51300.8,,,,,,,,RR1715,,
J2-1008,ASNAP,2017/08/23 08:12:57,45.8288449,-129.7590990,20629.09,-9761.30,267.08,-0.1,2.3,0.00,1943.24,1943.24,HMR2300,6820.0,-11986.7,49366.7,51256.8,,,,,,,,RR1715,,
J2-1008,ASNAP,2017/08/23 08:13:02,45.8288682,-129.7591453,20625.50,-9758.71,267.32,0.0,2.4,0.00,1946.33,1946.33,HMR2300,6926.7,-12213.3,49313.3,51273.3,,,,,,,,RR1715,,
J2-1008,ASNAP,2017/08/23 08:13:07,45.8288711,-129.7591542,20624.81,-9758.39,267.38,-0.3,2.3,0.00,1948.64,1948.64,HMR2300,6740.0,-12053.3,49413.3,51306.8,,,,,,,,RR1715,,
J2-1008,ASNAP,2017/08/23 08:13:12,45.8288667,-129.7591823,20622.63,-9758.88,267.31,-0.2,2.1,0.00,1951.70,1951.7,HMR2300,6680.0,-12020.0,49380.0,51259.0,,,,,,,,RR1715,,
J2-1008,ASNAP,2017/08/23 08:13:17,45.8288709,-129.7591604,20624.33,-9758.41,267.37,-0.1,2.1,0.00,1954.77,1954.77,HMR2300,6833.3,-11933.3,49406.7,51284.7,,,,,,,,RR1715,,
J2-1008,ASNAP,2017/08/23 08:13:22,45.8288612,-129.7591645,20624.01,-9759.49,267.46,-0.0,2.1,0.00,1957.82,1957.82,HMR2300,6900.0,-11893.3,49360.0,51239.3,,,,,,,,RR1715,,
J2-1008,ASNAP,2017/08/23 08:13:27,45.8288616,-129.7591641,20624.04,-9759.44,267.59,-0.0,2.1,0.00,1960.10,1960.1,HMR2300,6800.0,-12046.7,49393.3,51293.9,,,,,,,,RR1715,,
J2-1008,ASNAP,2017/08/23 08:13:32,45.8288460,-129.7591539,20624.83,-9761.18,267.55,-0.1,2.1,0.00,1963.13,1963.13,HMR2300,6813.3,-11986.7,49326.7,51217.4,,,,,,,,RR1715,,
J2-1008,ASNAP,2017/08/23 08:13:37,45.8288521,-129.7591623,20624.18,-9760.50,267.59,0.1,2.1,0.00,1966.17,1966.17,HMR2300,6946.7,-12040.0,49353.3,51273.5,,,,,,,,RR1715,,
J2-1008,ASNAP,2017/08/23 08:13:42,45.8288468,-129.7591869,20622.27,-9761.09,267.59,-0.1,2.2,0.00,1969.24,1969.24,HMR2300,6793.3,-11993.3,49366.7,51254.8,,,,,,,,RR1715,,
J2-1008,ASNAP,2017/08/23 08:13:47,45.8288472,-129.7591824,20622.62,-9761.05,267.62,0.1,2.2,0.00,1971.55,1971.55,HMR2300,6906.7,-12166.7,49360.0,51304.4,,,,,,,,RR1715,,
J2-1008,ASNAP,2017/08/23 08:13:52,45.8288587,-129.7591992,20621.32,-9759.77,267.32,-0.0,2.3,0.00,1974.63,1974.63,HMR2300,6973.3,-12153.3,49346.7,51297.4,,,,,,,,RR1715,,
J2-1008,ASNAP,2017/08/23 08:13:57,45.8288273,-129.7592133,20620.22,-9763.26,267.38,-0.1,2.4,0.00,1977.66,1977.66,HMR2300,6746.7,-12233.3,49293.3,51234.8,,,,,,,,RR1715,,
J2-1008,ASNAP,2017/08/23 08:14:02,45.8288158,-129.7592310,20618.85,-9764.54,266.87,-0.5,2.5,0.00,1980.47,1980.47,HMR2300,6600.0,-12200.0,49353.3,51265.5,,,,,,,,RR1715,,
J2-1008,ASNAP,2017/08/23 08:14:07,45.8288131,-129.7592234,20619.44,-9764.84,266.84,-0.2,2.6,0.00,1982.47,1982.47,HMR2300,6986.7,-12340.0,49313.3,51311.7,,,,,,,,RR1715,,
J2-1008,ASNAP,2017/08/23 08:14:12,45.8288554,-129.7592005,20621.22,-9760.14,266.73,-0.0,2.6,0.00,1985.13,1985.13,HMR2300,7146.7,-12353.3,49246.7,51272.9,,,,,,,,RR1715,,
J2-1008,ASNAP,2017/08/23 08:14:17,45.8288621,-129.7591961,20621.56,-9759.39,266.71,-0.6,2.3,0.00,1987.88,1987.88,HMR2300,6660.0,-12033.3,49406.7,51285.2,,,,,,,,RR1715,,
J2-1008,ASNAP,2017/08/23 08:14:22,45.8288483,-129.7592030,20621.02,-9760.92,267.22,-0.7,2.2,0.00,1990.67,1990.67,HMR2300,6373.3,-11940.0,49380.0,51201.2,,,,,,,,RR1715,,
J2-1008,ASNAP,2017/08/23 08:14:27,45.8288485,-129.7592092,20620.54,-9760.90,267.69,-0.6,1.9,0.00,1992.73,1992.73,HMR2300,6413.3,-11833.3,49413.3,51213.6,,,,,,,,RR1715,,
J2-1008,ASNAP,2017/08/23 08:14:32,45.8288265,-129.7592323,20618.75,-9763.35,267.66,-0.6,2.1,0.00,1995.45,1995.45,HMR2300,6366.7,-12006.7,49380.0,51216.0,,,,,,,,RR1715,,
J2-1008,ASNAP,2017/08/23 08:14:37,45.8288130,-129.7592372,20618.37,-9764.85,267.64,-0.8,2.3,0.00,1998.15,1998.15,HMR2300,6226.7,-12200.0,49360.0,51225.2,,,,,,,,RR1715,,
J2-1008,EVT,2017/08/23 08:14:41,45.8288122,-129.7592426,20617.95,-9764.94,267.37,-0.8,2.4,0.00,2000.86,2000.86,HMR2300,6333.3,-12226.7,49393.3,51276.7,,,,,,,,RR1715,DLG,TXT: depth 2000 m temp 1.92 C USR:eventlogger
J2-1008,ASNAP,2017/08/23 08:14:42,45.8288122,-129.7592426,20617.95,-9764.94,267.37,-0.8,2.4,0.00,2000.86,2000.86,HMR2300,6293.3,-12140.0,49406.7,51264.1,,,,,,,,RR1715,,
J2-1008,ASNAP,2017/08/23 08:14:47,45.8288220,-129.7592663,20616.11,-9763.85,267.20,-0.9,2.5,0.00,2002.89,2002.89,HMR2300,6280.0,-12206.7,49393.3,51265.4,,,,,,,,RR1715,,
J2-1008,ASNAP,2017/08/23 08:14:52,45.8288214,-129.7592837,20614.76,-9763.91,266.88,-1.0,2.3,0.00,2005.62,2005.62,HMR2300,6413.3,-12033.3,49413.3,51260.2,,,,,,,,RR1715,,
J2-1008,ASNAP,2017/08/23 08:14:57,45.8288273,-129.7592654,20616.18,-9763.26,266.87,-0.8,2.3,0.00,2008.38,2008.38,HMR2300,6413.3,-11986.7,49366.7,51204.3,,,,,,,,RR1715,,
J2-1008,ASNAP,2017/08/23 08:15:02,45.8288455,-129.7592706,20615.78,-9761.23,267.18,-0.7,2.3,0.00,2011.15,2011.15,HMR2300,6453.3,-12060.0,49346.7,51207.3,,,,,,,,RR1715,,
J2-1008,ASNAP,2017/08/23 08:15:07,45.8288457,-129.7592726,20615.62,-9761.21,267.35,-0.8,2.3,0.00,2013.24,2013.24,HMR2300,6273.3,-12080.0,49426.7,51266.7,,,,,,,,RR1715,,
J2-1008,ASNAP,2017/08/23 08:15:12,45.8288329,-129.7592710,20615.75,-9762.64,267.20,-0.8,2.6,0.00,2016.01,2016.01,HMR2300,6346.7,-12253.3,49313.3,51207.7,,,,,,,,RR1715,,
J2-1008,ASNAP,2017/08/23 08:15:17,45.8288486,-129.7593023,20613.32,-9760.89,267.11,-0.9,2.4,0.00,2018.77,2018.77,HMR2300,6346.7,-12180.0,49386.7,51260.9,,,,,,,,RR1715,,
J2-1008,ASNAP,2017/08/23 08:15:22,45.8288229,-129.7592979,20613.66,-9763.75,267.14,-0.8,2.4,0.00,2021.54,2021.54,HMR2300,6366.7,-12060.0,49426.7,51273.5,,,,,,,,RR1715,,
J2-1008,ASNAP,2017/08/23 08:15:27,45.8288177,-129.7592965,20613.77,-9764.32,267.14,-1.0,2.3,0.00,2023.60,2023.6,HMR2300,6246.7,-12080.0,49440.0,51276.3,,,,,,,,RR1715,,
J2-1008,ASNAP,2017/08/23 08:15:32,45.8287836,-129.7592730,20615.59,-9768.12,267.37,-1.1,2.2,0.00,2026.36,2026.36,HMR2300,6113.3,-11993.3,49413.3,51214.2,,,,,,,,RR1715,,
J2-1008,ASNAP,2017/08/23 08:15:37,45.8287981,-129.7593174,20612.15,-9766.50,267.73,-1.1,2.3,0.00,2029.10,2029.1,HMR2300,5886.7,-12033.3,49400.0,51184.1,,,,,,,,RR1715,,
J2-1008,ASNAP,2017/08/23 08:15:42,45.8287896,-129.7592680,20615.98,-9767.45,267.70,-1.1,2.1,0.00,2031.83,2031.83,HMR2300,5920.0,-11913.3,49453.3,51211.4,,,,,,,,RR1715,,
J2-1008,ASNAP,2017/08/23 08:15:47,45.8287824,-129.7592720,20615.67,-9768.25,267.74,-1.1,2.1,0.00,2033.81,2033.81,HMR2300,5980.0,-11866.7,49426.7,51181.8,,,,,,,,RR1715,,
J2-1008,ASNAP,2017/08/23 08:15:52,45.8287959,-129.7592550,20616.99,-9766.75,267.41,-1.2,1.9,0.00,2036.42,2036.42,HMR2300,5966.7,-11700.0,49486.7,51199.8,,,,,,,,RR1715,,
J2-1008,ASNAP,2017/08/23 08:15:57,45.8287975,-129.7592694,20615.87,-9766.57,267.25,-1.0,1.7,0.00,2039.01,2039.01,HMR2300,6233.3,-11666.7,49506.7,51243.3,,,,,,,,RR1715,,
J2-1008,ASNAP,2017/08/23 08:16:02,45.8287840,-129.7592617,20616.47,-9768.07,267.37,-0.9,2.1,0.00,2041.62,2041.62,HMR2300,6186.7,-11840.0,49393.3,51168.0,,,,,,,,RR1715,,
J2-1008,ASNAP,2017/08/23 08:16:07,45.8287942,-129.7592502,20617.36,-9766.94,267.54,-0.8,2.3,0.00,2043.61,2043.61,HMR2300,6460.0,-12206.7,49366.7,51262.1,,,,,,,,RR1715,,
J2-1008,ASNAP,2017/08/23 08:16:12,45.8287984,-129.7592444,20617.81,-9766.47,267.22,-0.9,2.5,0.00,2046.25,2046.25,HMR2300,6373.3,-12353.3,49306.7,51228.6,,,,,,,,RR1715,,
J2-1008,ASNAP,2017/08/23 08:16:17,45.8287986,-129.7592347,20618.56,-9766.45,267.06,-0.7,2.6,0.00,2048.87,2048.87,HMR2300,6526.7,-12286.7,49320.0,51244.7,,,,,,,,RR1715,,
J2-1008,ASNAP,2017/08/23 08:16:22,45.8287827,-129.7592338,20618.63,-9768.21,266.95,-0.7,2.6,0.00,2051.54,2051.54,HMR2300,6626.7,-12193.3,49313.3,51228.8,,,,,,,,RR1715,,
J2-1008,ASNAP,2017/08/23 08:16:27,45.8288173,-129.7592356,20618.49,-9764.37,267.19,-0.7,2.3,0.00,2053.62,2053.62,HMR2300,6466.7,-11960.0,49366.7,51204.8,,,,,,,,RR1715,,
J2-1008,ASNAP,2017/08/23 08:16:32,45.8287883,-129.7592557,20616.93,-9767.59,267.27,-0.7,2.2,0.00,2056.39,2056.39,HMR2300,6533.3,-11913.3,49413.3,51247.3,,,,,,,,RR1715,,
J2-1008,ASNAP,2017/08/23 08:16:37,45.8287881,-129.7592524,20617.19,-9767.61,267.33,-0.7,2.3,0.00,2059.12,2059.12,HMR2300,6440.0,-11980.0,49380.0,51218.9,,,,,,,,RR1715,,
J2-1008,ASNAP,2017/08/23 08:16:42,45.8287873,-129.7592710,20615.75,-9767.70,267.27,-0.6,2.2,0.00,2061.86,2061.86,HMR2300,6666.7,-11920.0,49400.0,51253.2,,,,,,,,RR1715,,
J2-1008,ASNAP,2017/08/23 08:16:47,45.8288002,-129.7592573,20616.81,-9766.27,267.35,-0.7,2.2,0.00,2063.91,2063.91,HMR2300,6460.0,-11946.7,49353.3,51187.9,,,,,,,,RR1715,,
J2-1008,ASNAP,2017/08/23 08:16:52,45.8288005,-129.7592648,20616.23,-9766.24,267.45,-0.5,2.2,0.00,2066.65,2066.65,HMR2300,6553.3,-12060.0,49346.7,51219.9,,,,,,,,RR1715,,
J2-1008,ASNAP,2017/08/23 08:16:57,45.8288041,-129.7592492,20617.44,-9765.84,267.31,-0.6,2.2,0.00,2069.39,2069.39,HMR2300,6500.0,-12020.0,49386.7,51242.3,,,,,,,,RR1715,,
J2-1008,ASNAP,2017/08/23 08:17:02,45.8288108,-129.7592550,20616.99,-9765.09,267.21,-0.6,2.4,0.00,2072.14,2072.14,HMR2300,6566.7,-12100.0,49306.7,51192.6,,,,,,,,RR1715,,
J2-1008,ASNAP,2017/08/23 08:17:07,45.8287971,-129.7592484,20617.50,-9766.62,267.25,-0.5,2.4,0.00,2074.21,2074.21,HMR2300,6626.7,-12033.3,49386.7,51261.6,,,,,,,,RR1715,,
J2-1008,ASNAP,2017/08/23 08:17:12,45.8287790,-129.7592654,20616.18,-9768.63,267.24,-0.4,2.4,0.00,2076.94,2076.94,HMR2300,6740.0,-12086.7,49326.7,51231.2,,,,,,,,RR1715,,
J2-1008,ASNAP,2017/08/23 08:17:17,45.8287945,-129.7592716,20615.70,-9766.90,267.21,-0.5,2.4,0.00,2079.65,2079.65,HMR2300,6700.0,-12013.3,49313.3,51195.8,,,,,,,,RR1715,,
J2-1008,ASNAP,2017/08/23 08:17:22,45.8287962,-129.7593037,20613.21,-9766.71,267.00,-0.3,2.3,0.00,2082.39,2082.39,HMR2300,6880.0,-12020.0,49340.0,51247.0,,,,,,,,RR1715,,
J2-1008,ASNAP,2017/08/23 08:17:27,45.8287847,-129.7592962,20613.79,-9767.99,267.17,-0.3,2.3,0.00,2084.44,2084.44,HMR2300,6886.7,-12140.0,49353.3,51289.0,,,,,,,,RR1715,,
J2-1008,ASNAP,2017/08/23 08:17:32,45.8287792,-129.7593229,20611.72,-9768.60,267.18,-0.4,2.3,0.00,2087.15,2087.15,HMR2300,6793.3,-12046.7,49306.7,51209.6,,,,,,,,RR1715,,
J2-1008,ASNAP,2017/08/23 08:17:37,45.8287862,-129.7593381,20610.54,-9767.83,267.18,-0.5,2.4,0.00,2089.87,2089.87,HMR2300,6686.7,-12086.7,49360.0,51256.3,,,,,,,,RR1715,,
J2-1008,ASNAP,2017/08/23 08:17:42,45.8287862,-129.7593381,20610.54,-9767.83,267.25,-0.4,2.3,0.00,2092.57,2092.57,HMR2300,6713.3,-11980.0,49300.0,51176.9,,,,,,,,RR1715,,
J2-1008,ASNAP,2017/08/23 08:17:47,45.8287748,-129.7593919,20606.37,-9769.09,267.17,-0.2,2.4,0.00,2094.61,2094.61,HMR2300,7006.7,-12033.3,49326.7,51254.4,,,,,,,,RR1715,,
J2-1008,ASNAP,2017/08/23 08:17:52,45.8287820,-129.7593929,20606.29,-9768.29,267.19,-0.3,2.3,0.00,2097.35,2097.35,HMR2300,6920.0,-12066.7,49360.0,51282.6,,,,,,,,RR1715,,
J2-1008,ASNAP,2017/08/23 08:17:57,45.8287750,-129.7594049,20605.36,-9769.07,267.23,-0.5,2.2,0.00,2100.12,2100.12,HMR2300,6706.7,-11966.7,49393.3,51262.9,,,,,,,,RR1715,,
J2-1008,ASNAP,2017/08/23 08:18:02,45.8287817,-129.7593999,20605.75,-9768.33,267.27,-0.4,2.3,0.00,2102.86,2102.86,HMR2300,6660.0,-11993.3,49340.0,51211.6,,,,,,,,RR1715,,
J2-1008,ASNAP,2017/08/23 08:18:07,45.8287743,-129.7594045,20605.39,-9769.15,267.26,-0.5,2.1,0.00,2104.91,2104.91,HMR2300,6673.3,-11853.3,49353.3,51193.6,,,,,,,,RR1715,,
J2-1008,ASNAP,2017/08/23 08:18:12,45.8287917,-129.7594180,20604.34,-9767.21,267.34,-0.4,2.1,0.00,2107.63,2107.63,HMR2300,6740.0,-11820.0,49406.7,51246.1,,,,,,,,RR1715,,
J2-1008,ASNAP,2017/08/23 08:18:17,45.8287990,-129.7594300,20603.41,-9766.40,267.42,-0.5,2.2,0.00,2110.34,2110.34,HMR2300,6626.7,-11820.0,49380.0,51205.6,,,,,,,,RR1715,,
J2-1008,ASNAP,2017/08/23 08:18:22,45.8287853,-129.7594104,20604.93,-9767.93,267.42,-0.5,2.2,0.00,2113.07,2113.07,HMR2300,6673.3,-11960.0,49353.3,51218.4,,,,,,,,RR1715,,
J2-1008,ASNAP,2017/08/23 08:18:27,45.8287824,-129.7593984,20605.86,-9768.25,267.53,-0.4,2.2,0.00,2115.12,2115.12,HMR2300,6613.3,-11946.7,49300.0,51156.1,,,,,,,,RR1715,,
J2-1008,ASNAP,2017/08/23 08:18:32,45.8287787,-129.7594111,20604.88,-9768.66,267.65,-0.4,2.1,0.00,2117.87,2117.87,HMR2300,6580.0,-11940.0,49340.0,51188.8,,,,,,,,RR1715,,
J2-1008,ASNAP,2017/08/23 08:18:37,45.8287852,-129.7594174,20604.39,-9767.94,267.59,-0.5,2.1,0.00,2120.57,2120.57,HMR2300,6553.3,-11900.0,49326.7,51163.2,,,,,,,,RR1715,,
J2-1008,ASNAP,2017/08/23 08:18:42,45.8288063,-129.7594131,20604.72,-9765.59,267.41,-0.5,2.2,0.00,2123.25,2123.25,HMR2300,6653.3,-12020.0,49360.0,51236.3,,,,,,,,RR1715,,
J2-1008,ASNAP,2017/08/23 08:18:47,45.8288124,-129.7594359,20602.95,-9764.91,267.34,-0.5,2.4,0.00,2125.27,2125.27,HMR2300,6700.0,-12053.3,49340.0,51230.9,,,,,,,,RR1715,,
J2-1008,ASNAP,2017/08/23 08:18:52,45.8287918,-129.7594401,20602.63,-9767.20,267.12,-0.4,2.5,0.00,2127.99,2127.99,HMR2300,6840.0,-12093.3,49326.7,51246.0,,,,,,,,RR1715,,
J2-1008,ASNAP,2017/08/23 08:18:57,45.8288087,-129.7594393,20602.69,-9765.32,267.10,-0.5,2.3,0.00,2130.72,2130.72,HMR2300,6706.7,-11966.7,49280.0,51153.7,,,,,,,,RR1715,,
J2-1008,ASNAP,2017/08/23 08:19:02,45.8287980,-129.7594465,20602.13,-9766.51,267.26,-0.7,2.3,0.00,2133.47,2133.47,HMR2300,6486.7,-11906.7,49346.7,51175.6,,,,,,,,RR1715,,
J2-1008,ASNAP,2017/08/23 08:19:07,45.8287916,-129.7594545,20601.51,-9767.23,267.29,-0.7,2.2,0.00,2135.52,2135.52,HMR2300,6553.3,-11900.0,49380.0,51214.7,,,,,,,,RR1715,,
J2-1008,ASNAP,2017/08/23 08:19:12,45.8287994,-129.7594541,20601.54,-9766.36,267.39,-0.6,2.2,0.00,2138.25,2138.25,HMR2300,6586.7,-11920.0,49340.0,51185.0,,,,,,,,RR1715,,
J2-1008,ASNAP,2017/08/23 08:19:17,45.8288013,-129.7594564,20601.36,-9766.15,267.57,-0.7,2.2,0.00,2140.99,2140.99,HMR2300,6526.7,-12013.3,49386.7,51244.1,,,,,,,,RR1715,,
J2-1008,ASNAP,2017/08/23 08:19:22,45.8287933,-129.7594399,20602.64,-9767.04,267.54,-0.6,2.4,0.00,2143.73,2143.73,HMR2300,6500.0,-12040.0,49273.3,51137.8,,,,,,,,RR1715,,
J2-1008,ASNAP,2017/08/23 08:19:27,45.8287989,-129.7594429,20602.41,-9766.42,267.31,-0.6,2.4,0.00,2145.79,2145.79,HMR2300,6626.7,-12033.3,49326.7,51203.8,,,,,,,,RR1715,,
J2-1008,ASNAP,2017/08/23 08:19:32,45.8287830,-129.7594549,20601.48,-9768.18,267.26,-0.7,2.4,0.00,2148.52,2148.52,HMR2300,6586.7,-12086.7,49280.0,51166.3,,,,,,,,RR1715,,
J2-1008,ASNAP,2017/08/23 08:19:37,45.8287848,-129.7594432,20602.39,-9767.98,267.25,-0.6,2.4,0.00,2151.30,2151.3,HMR2300,6593.3,-12060.0,49366.7,51244.3,,,,,,,,RR1715,,
J2-1008,ASNAP,2017/08/23 08:19:42,45.8287722,-129.7594523,20601.68,-9769.38,267.25,-0.5,2.3,0.00,2154.09,2154.09,HMR2300,6720.0,-11940.0,49306.7,51174.9,,,,,,,,RR1715,,
J2-1008,ASNAP,2017/08/23 08:19:47,45.8287771,-129.7594341,20603.09,-9768.84,267.33,-0.7,2.2,0.00,2156.18,2156.18,HMR2300,6493.3,-11920.0,49366.7,51198.8,,,,,,,,RR1715,,
J2-1008,ASNAP,2017/08/23 08:19:52,45.8287815,-129.7594544,20601.52,-9768.35,267.29,-0.6,2.3,0.00,2158.92,2158.92,HMR2300,6533.3,-11893.3,49313.3,51146.3,,,,,,,,RR1715,,
J2-1008,ASNAP,2017/08/23 08:19:57,45.8287743,-129.7594474,20602.06,-9769.15,267.21,-0.6,2.3,0.00,2161.65,2161.65,HMR2300,6706.7,-11913.3,49326.7,51186.2,,,,,,,,RR1715,,
J2-1008,ASNAP,2017/08/23 08:20:02,45.8287903,-129.7594339,20603.11,-9767.37,267.26,-0.5,2.2,0.00,2164.39,2164.39,HMR2300,6726.7,-11833.3,49393.3,51234.5,,,,,,,,RR1715,,
J2-1008,ASNAP,2017/08/23 08:20:07,45.8287523,-129.7594468,20602.11,-9771.59,267.30,-0.5,2.3,0.00,2166.44,2166.44,HMR2300,6753.3,-11980.0,49353.3,51233.6,,,,,,,,RR1715,,
J2-1008,ASNAP,2017/08/23 08:20:12,45.8287574,-129.7594631,20600.84,-9771.03,267.29,-0.6,2.3,0.00,2169.14,2169.14,HMR2300,6726.7,-12006.7,49293.3,51178.5,,,,,,,,RR1715,,
J2-1008,ASNAP,2017/08/23 08:20:17,45.8287825,-129.7594559,20601.40,-9768.24,267.17,-0.5,2.4,0.00,2171.85,2171.85,HMR2300,6786.7,-11913.3,49293.3,51164.6,,,,,,,,RR1715,,
J2-1008,ASNAP,2017/08/23 08:20:22,45.8287748,-129.7594634,20600.82,-9769.09,267.11,-0.3,2.4,0.00,2174.57,2174.57,HMR2300,6946.7,-11953.3,49320.0,51221.1,,,,,,,,RR1715,,
J2-1008,ASNAP,2017/08/23 08:20:27,45.8288026,-129.7594769,20599.77,-9766.00,267.12,-0.6,2.3,0.00,2176.61,2176.61,HMR2300,6713.3,-11900.0,49326.7,51184.0,,,,,,,,RR1715,,
J2-1008,ASNAP,2017/08/23 08:20:32,45.8287634,-129.7594983,20598.11,-9770.36,267.12,-0.6,2.1,0.00,2179.36,2179.36,HMR2300,6753.3,-11753.3,49366.7,51193.9,,,,,,,,RR1715,,
J2-1008,ASNAP,2017/08/23 08:20:37,45.8287629,-129.7594959,20598.30,-9770.42,267.58,-0.6,2.0,0.00,2182.14,2182.14,HMR2300,6453.3,-11746.7,49340.0,51127.9,,,,,,,,RR1715,,
J2-1008,ASNAP,2017/08/23 08:20:42,45.8287728,-129.7594995,20598.02,-9769.32,267.70,-0.7,2.1,0.00,2184.89,2184.89,HMR2300,6406.7,-11853.3,49326.7,51133.8,,,,,,,,RR1715,,
J2-1008,ASNAP,2017/08/23 08:20:47,45.8288014,-129.7594876,20598.94,-9766.14,267.72,-0.8,2.2,0.00,2186.95,2186.95,HMR2300,6353.3,-11913.3,49326.7,51141.1,,,,,,,,RR1715,,
J2-1008,ASNAP,2017/08/23 08:20:52,45.8288073,-129.7594923,20598.58,-9765.48,267.72,-0.5,2.4,0.00,2189.65,2189.65,HMR2300,6653.3,-12100.0,49326.7,51223.0,,,,,,,,RR1715,,
J2-1008,ASNAP,2017/08/23 08:20:57,45.8287968,-129.7594923,20598.58,-9766.65,267.62,-0.9,2.4,0.00,2192.37,2192.37,HMR2300,6406.7,-12053.3,49353.3,51206.2,,,,,,,,RR1715,,
J2-1008,ASNAP,2017/08/23 08:21:02,45.8287899,-129.7594945,20598.41,-9767.41,267.41,-0.8,2.4,0.00,2195.09,2195.09,HMR2300,6413.3,-12046.7,49340.0,51192.7,,,,,,,,RR1715,,
J2-1008,ASNAP,2017/08/23 08:21:07,45.8287976,-129.7595036,20597.70,-9766.56,267.26,-0.9,2.5,0.00,2197.15,2197.15,HMR2300,6420.0,-12146.7,49293.3,51172.2,,,,,,,,RR1715,,
J2-1008,ASNAP,2017/08/23 08:21:12,45.8287797,-129.7595111,20597.12,-9768.55,267.23,-0.8,2.4,0.00,2199.91,2199.91,HMR2300,6580.0,-11960.0,49306.7,51161.4,,,,,,,,RR1715,,
J2-1008,ASNAP,2017/08/23 08:21:17,45.8287635,-129.7594905,20598.72,-9770.35,267.23,-0.7,2.3,0.00,2202.67,2202.67,HMR2300,6626.7,-11900.0,49346.7,51192.0,,,,,,,,RR1715,,
J2-1008,ASNAP,2017/08/23 08:21:22,45.8287602,-129.7594910,20598.68,-9770.72,267.33,-0.8,2.2,0.00,2205.40,2205.4,HMR2300,6533.3,-11733.3,49366.7,51160.8,,,,,,,,RR1715,,
J2-1008,ASNAP,2017/08/23 08:21:27,45.8287483,-129.7594930,20598.52,-9772.04,267.56,-0.7,2.2,0.00,2207.42,2207.42,HMR2300,6540.0,-11853.3,49360.0,51182.8,,,,,,,,RR1715,,
J2-1008,ASNAP,2017/08/23 08:21:32,45.8287445,-129.7594710,20600.23,-9772.46,267.68,-0.7,2.1,0.00,2210.14,2210.14,HMR2300,6426.7,-11700.0,49313.3,51088.1,,,,,,,,RR1715,,
J2-1008,ASNAP,2017/08/23 08:21:37,45.8287362,-129.7595067,20597.46,-9773.38,267.47,-0.6,1.9,0.00,2212.84,2212.84,HMR2300,6640.0,-11573.3,49360.0,51131.6,,,,,,,,RR1715,,
J2-1008,ASNAP,2017/08/23 08:21:42,45.8287400,-129.7594839,20599.23,-9772.96,267.65,-0.7,1.8,0.00,2215.49,2215.49,HMR2300,6600.0,-11420.0,49393.3,51124.1,,,,,,,,RR1715,,
J2-1008,ASNAP,2017/08/23 08:21:47,45.8287355,-129.7594960,20598.29,-9773.46,267.53,-0.4,1.9,0.00,2217.46,2217.46,HMR2300,6726.7,-11513.3,49413.3,51180.9,,,,,,,,RR1715,,
J2-1008,ASNAP,2017/08/23 08:21:52,45.8287491,-129.7594856,20599.10,-9771.95,267.70,-0.5,2.0,0.00,2220.06,2220.06,HMR2300,6640.0,-11753.3,49346.7,51159.8,,,,,,,,RR1715,,
J2-1008,ASNAP,2017/08/23 08:21:57,45.8287483,-129.7595041,20597.66,-9772.04,267.61,-0.5,2.2,0.00,2222.73,2222.73,HMR2300,6706.7,-11833.3,49313.3,51154.8,,,,,,,,RR1715,,
J2-1008,ASNAP,2017/08/23 08:22:02,45.8287485,-129.7594889,20598.84,-9772.02,267.41,-0.5,2.2,0.00,2225.43,2225.43,HMR2300,6720.0,-11793.3,49273.3,51108.7,,,,,,,,RR1715,,
J2-1008,ASNAP,2017/08/23 08:22:07,45.8287508,-129.7595197,20596.45,-9771.76,267.35,-0.4,2.2,0.00,2227.48,2227.48,HMR2300,6873.3,-11813.3,49300.0,51159.4,,,,,,,,RR1715,,
J2-1008,ASNAP,2017/08/23 08:22:12,45.8287759,-129.7594956,20598.32,-9768.97,267.22,-0.5,2.3,0.00,2230.20,2230.2,HMR2300,6726.7,-11886.7,49326.7,51182.6,,,,,,,,RR1715,,
J2-1008,ASNAP,2017/08/23 08:22:17,45.8287776,-129.7595095,20597.24,-9768.78,267.19,-0.3,2.5,0.00,2232.91,2232.91,HMR2300,7033.3,-12046.7,49280.0,51216.3,,,,,,,,RR1715,,
J2-1008,ASNAP,2017/08/23 08:22:22,45.8287891,-129.7594963,20598.27,-9767.50,267.13,-0.6,2.4,0.00,2235.63,2235.63,HMR2300,6760.0,-11946.7,49300.0,51175.3,,,,,,,,RR1715,,
J2-1008,ASNAP,2017/08/23 08:22:27,45.8288006,-129.7594972,20598.20,-9766.23,267.02,-0.4,2.3,0.00,2237.65,2237.65,HMR2300,6906.7,-11820.0,49246.7,51114.1,,,,,,,,RR1715,,
J2-1008,ASNAP,2017/08/23 08:22:32,45.8288005,-129.7595083,20597.34,-9766.24,267.22,-0.5,2.3,0.00,2240.38,2240.38,HMR2300,6893.3,-11866.7,49280.0,51155.2,,,,,,,,RR1715,,
J2-1008,ASNAP,2017/08/23 08:22:37,45.8287928,-129.7595104,20597.17,-9767.09,267.32,-0.5,2.2,0.00,2243.10,2243.1,HMR2300,6800.0,-11860.0,49260.0,51121.9,,,,,,,,RR1715,,
J2-1008,ASNAP,2017/08/23 08:22:42,45.8288125,-129.7595068,20597.45,-9764.90,267.22,-0.7,2.2,0.00,2245.85,2245.85,HMR2300,6673.3,-11813.3,49340.0,51171.5,,,,,,,,RR1715,,
J2-1008,ASNAP,2017/08/23 08:22:47,45.8288084,-129.7595074,20597.41,-9765.36,267.33,-0.6,2.2,0.00,2247.91,2247.91,HMR2300,6833.3,-11893.3,49253.3,51127.7,,,,,,,,RR1715,,
J2-1008,ASNAP,2017/08/23 08:22:52,45.8288183,-129.7594972,20598.20,-9764.26,267.40,-0.5,2.2,0.00,2250.66,2250.66,HMR2300,6793.3,-11966.7,49273.3,51158.7,,,,,,,,RR1715,,
J2-1008,ASNAP,2017/08/23 08:22:57,45.8288124,-129.7595159,20596.75,-9764.91,267.28,-0.5,2.3,0.00,2253.42,2253.42,HMR2300,6846.7,-11953.3,49233.3,51124.2,,,,,,,,RR1715,,
J2-1008,ASNAP,2017/08/23 08:23:02,45.8288156,-129.7595099,20597.21,-9764.56,267.31,-0.7,2.5,0.00,2256.13,2256.13,HMR2300,6633.3,-11940.0,49293.3,51150.7,,,,,,,,RR1715,,
J2-1008,ASNAP,2017/08/23 08:23:07,45.8287913,-129.7595067,20597.46,-9767.26,267.27,-0.6,2.4,0.00,2258.17,2258.17,HMR2300,6753.3,-11980.0,49280.0,51162.9,,,,,,,,RR1715,,
J2-1008,ASNAP,2017/08/23 08:23:12,45.8287817,-129.7595014,20597.87,-9768.33,267.25,-0.6,2.5,0.00,2260.91,2260.91,HMR2300,6820.0,-12093.3,49260.0,51179.2,,,,,,,,RR1715,,
J2-1008,ASNAP,2017/08/23 08:23:17,45.8288000,-129.7595000,20597.98,-9766.29,267.28,-0.7,2.6,0.00,2263.64,2263.64,HMR2300,6680.0,-12106.7,49213.3,51118.9,,,,,,,,RR1715,,
J2-1008,ASNAP,2017/08/23 08:23:22,45.8287979,-129.7595241,20596.11,-9766.53,266.76,-0.6,2.5,0.00,2266.36,2266.36,HMR2300,6946.7,-11886.7,49226.7,51115.7,,,,,,,,RR1715,,
J2-1008,ASNAP,2017/08/23 08:23:27,45.8288119,-129.7595409,20594.81,-9764.97,266.81,-0.7,2.5,0.00,2268.40,2268.4,HMR2300,6820.0,-11986.7,49293.3,51186.2,,,,,,,,RR1715,,
J2-1008,ASNAP,2017/08/23 08:23:32,45.8288013,-129.7595414,20594.77,-9766.15,266.76,-0.7,2.4,0.00,2271.15,2271.15,HMR2300,6793.3,-11786.7,49293.3,51136.2,,,,,,,,RR1715,,
J2-1008,ASNAP,2017/08/23 08:23:37,45.8288170,-129.7595442,20594.55,-9764.40,267.15,-0.9,2.3,0.00,2273.88,2273.88,HMR2300,6633.3,-11773.3,49300.0,51118.5,,,,,,,,RR1715,,
J2-1008,ASNAP,2017/08/23 08:23:42,45.8288055,-129.7595521,20593.94,-9765.68,267.33,-0.9,2.1,0.00,2276.62,2276.62,HMR2300,6426.7,-11620.0,49293.3,51050.6,,,,,,,,RR1715,,
J2-1008,ASNAP,2017/08/23 08:23:47,45.8288229,-129.7595642,20593.00,-9763.75,267.61,-0.9,2.0,0.00,2278.63,2278.63,HMR2300,6393.3,-11500.0,49340.0,51064.3,,,,,,,,RR1715,,
J2-1008,ASNAP,2017/08/23 08:23:52,45.8288366,-129.7595578,20593.50,-9762.22,267.74,-1.2,1.8,0.00,2281.25,2281.25,HMR2300,6180.0,-11386.7,49366.7,51038.4,,,,,,,,RR1715,,
J2-1008,ASNAP,2017/08/23 08:23:57,45.8288423,-129.7595374,20595.08,-9761.59,267.64,-1.2,1.9,0.00,2283.78,2283.78,HMR2300,6160.0,-11520.0,49393.3,51091.7,,,,,,,,RR1715,,
J2-1008,ASNAP,2017/08/23 08:24:02,45.8288210,-129.7595361,20595.18,-9763.96,267.64,-0.9,2.0,0.00,2286.28,2286.28,HMR2300,6353.3,-11560.0,49346.7,51079.3,,,,,,,,RR1715,,
J2-1008,ASNAP,2017/08/23 08:24:07,45.8288204,-129.7594879,20598.92,-9764.03,267.61,-1.0,2.1,0.00,2288.19,2288.19,HMR2300,6366.7,-11700.0,49360.0,51125.7,,,,,,,,RR1715,,
J2-1008,ASNAP,2017/08/23 08:24:12,45.8288171,-129.7594872,20598.97,-9764.39,267.41,-0.9,2.1,0.00,2290.81,2290.81,HMR2300,6466.7,-11613.3,49280.0,51041.2,,,,,,,,RR1715,,
J2-1008,ASNAP,2017/08/23 08:24:17,45.8288199,-129.7594798,20599.55,-9764.08,267.21,-1.0,2.4,0.00,2293.43,2293.43,HMR2300,6566.7,-11766.7,49293.3,51101.9,,,,,,,,RR1715,,
J2-1008,ASNAP,2017/08/23 08:24:22,45.8288046,-129.7594827,20599.32,-9765.78,266.90,-0.7,2.6,0.00,2296.08,2296.08,HMR2300,6806.7,-12000.0,49280.0,51174.7,,,,,,,,RR1715,,
J2-1008,ASNAP,2017/08/23 08:24:27,45.8288362,-129.7594814,20599.42,-9762.27,266.77,-0.7,2.6,0.00,2298.09,2298.09,HMR2300,6920.0,-12006.7,49226.7,51140.1,,,,,,,,RR1715,,
J2-1008,ASNAP,2017/08/23 08:24:32,45.8288207,-129.7594909,20598.69,-9763.99,266.99,-0.8,2.6,0.00,2300.80,2300.8,HMR2300,6726.7,-12086.7,49246.7,51152.4,,,,,,,,RR1715,,
J2-1008,ASNAP,2017/08/23 08:24:37,45.8288149,-129.7594915,20598.64,-9764.64,267.26,-0.7,2.6,0.00,2303.52,2303.52,HMR2300,6673.3,-12000.0,49200.0,51080.1,,,,,,,,RR1715,,
J2-1008,ASNAP,2017/08/23 08:24:42,45.8288141,-129.7594816,20599.41,-9764.73,267.15,-0.7,2.3,0.00,2306.27,2306.27,HMR2300,6800.0,-11740.0,49273.3,51107.0,,,,,,,,RR1715,,
J2-1008,ASNAP,2017/08/23 08:24:47,45.8288115,-129.7594746,20599.95,-9765.01,267.23,-0.8,2.1,0.00,2308.32,2308.32,HMR2300,6666.7,-11386.7,49306.7,51041.6,,,,,,,,RR1715,,
J2-1008,ASNAP,2017/08/23 08:24:52,45.8288078,-129.7594638,20600.79,-9765.43,267.34,-0.7,1.8,0.00,2311.04,2311.04,HMR2300,6773.3,-11306.7,49340.0,51070.1,,,,,,,,RR1715,,
J2-1008,ASNAP,2017/08/23 08:24:57,45.8288367,-129.7594796,20599.56,-9762.21,267.66,-0.6,1.9,0.00,2313.72,2313.72,HMR2300,6613.3,-11373.3,49306.7,51031.7,,,,,,,,RR1715,,
J2-1008,ASNAP,2017/08/23 08:25:02,45.8288279,-129.7594816,20599.41,-9763.19,267.74,-0.7,2.0,0.00,2316.37,2316.37,HMR2300,6666.7,-11526.7,49266.7,51034.4,,,,,,,,RR1715,,
J2-1008,ASNAP,2017/08/23 08:25:07,45.8288240,-129.7594901,20598.75,-9763.62,267.64,-0.6,1.9,0.00,2318.39,2318.39,HMR2300,6680.0,-11413.3,49280.0,51023.6,,,,,,,,RR1715,,
J2-1008,ASNAP,2017/08/23 08:25:12,45.8288274,-129.7594902,20598.74,-9763.25,267.51,-0.6,2.0,0.00,2321.10,2321.1,HMR2300,6760.0,-11553.3,49260.0,51046.3,,,,,,,,RR1715,,
J2-1008,ASNAP,2017/08/23 08:25:17,45.8288116,-129.7594977,20598.16,-9765.00,267.41,-0.5,2.1,0.00,2323.82,2323.82,HMR2300,6846.7,-11633.3,49266.7,51082.4,,,,,,,,RR1715,,
J2-1008,ASNAP,2017/08/23 08:25:22,45.8288184,-129.7595000,20597.98,-9764.25,267.30,-0.5,2.2,0.00,2326.52,2326.52,HMR2300,6853.3,-11686.7,49293.3,51121.2,,,,,,,,RR1715,,
J2-1008,ASNAP,2017/08/23 08:25:27,45.8288051,-129.7595048,20597.61,-9765.72,267.27,-0.6,2.3,0.00,2328.55,2328.55,HMR2300,6853.3,-11700.0,49220.0,51053.6,,,,,,,,RR1715,,
J2-1008,ASNAP,2017/08/23 08:25:32,45.8287922,-129.7595120,20597.05,-9767.16,267.30,-0.6,2.1,0.00,2331.27,2331.27,HMR2300,6833.3,-11553.3,49213.3,51011.0,,,,,,,,RR1715,,
J2-1008,ASNAP,2017/08/23 08:25:37,45.8287992,-129.7595129,20596.98,-9766.38,267.29,-0.5,2.2,0.00,2333.98,2333.98,HMR2300,6933.3,-11613.3,49253.3,51076.7,,,,,,,,RR1715,,
J2-1008,ASNAP,2017/08/23 08:25:42,45.8288342,-129.7594684,20600.43,-9762.49,267.29,-0.4,2.2,0.00,2336.68,2336.68,HMR2300,7020.0,-11600.0,49206.7,51040.5,,,,,,,,RR1715,,
J2-1008,ASNAP,2017/08/23 08:25:47,45.8288276,-129.7594718,20600.17,-9763.22,267.28,-0.4,2.2,0.00,2338.71,2338.71,HMR2300,6986.7,-11600.0,49233.3,51061.7,,,,,,,,RR1715,,
J2-1008,ASNAP,2017/08/23 08:25:52,45.8288125,-129.7594662,20600.60,-9764.90,267.21,-0.3,2.3,0.00,2341.43,2341.43,HMR2300,7113.3,-11693.3,49160.0,51029.8,,,,,,,,RR1715,,
J2-1008,ASNAP,2017/08/23 08:25:57,45.8288421,-129.7595327,20595.44,-9761.61,267.35,-0.5,2.1,0.00,2344.16,2344.16,HMR2300,6906.7,-11573.3,49246.7,51057.6,,,,,,,,RR1715,,
J2-1008,ASNAP,2017/08/23 08:26:02,45.8288389,-129.7595242,20596.10,-9761.97,267.41,-0.4,2.3,0.00,2346.91,2346.91,HMR2300,6980.0,-11633.3,49180.0,51016.9,,,,,,,,RR1715,,
J2-1008,ASNAP,2017/08/23 08:26:07,45.8288326,-129.7595241,20596.11,-9762.67,267.37,-0.4,2.4,0.00,2348.95,2348.95,HMR2300,6973.3,-11693.3,49206.7,51055.4,,,,,,,,RR1715,,
J2-1008,ASNAP,2017/08/23 08:26:12,45.8288366,-129.7595371,20595.10,-9762.22,267.29,-0.4,2.4,0.00,2351.69,2351.69,HMR2300,6986.7,-11740.0,49206.7,51068.0,,,,,,,,RR1715,,
J2-1008,ASNAP,2017/08/23 08:26:17,45.8288542,-129.7595307,20595.60,-9760.27,267.34,-0.6,2.4,0.00,2354.40,2354.4,HMR2300,6893.3,-11786.7,49220.0,51078.9,,,,,,,,RR1715,,
J2-1008,ASNAP,2017/08/23 08:26:22,45.8288321,-129.7595206,20596.38,-9762.72,267.34,-0.4,2.4,0.00,2357.12,2357.12,HMR2300,7053.3,-11773.3,49126.7,51007.7,,,,,,,,RR1715,,
J2-1008,ASNAP,2017/08/23 08:26:27,45.8288446,-129.7595188,20596.52,-9761.34,267.31,-0.4,2.4,0.00,2359.17,2359.17,HMR2300,7060.0,-11820.0,49120.0,51013.0,,,,,,,,RR1715,,
J2-1008,ASNAP,2017/08/23 08:26:32,45.8288508,-129.7595438,20594.58,-9760.65,267.20,-0.4,2.6,0.00,2361.88,2361.88,HMR2300,7013.3,-11866.7,49160.0,51056.0,,,,,,,,RR1715,,
J2-1008,ASNAP,2017/08/23 08:26:37,45.8288174,-129.7595655,20592.90,-9764.36,267.07,-0.4,2.5,0.00,2364.60,2364.6,HMR2300,7160.0,-11760.0,49173.3,51064.5,,,,,,,,RR1715,,
J2-1008,ASNAP,2017/08/23 08:26:42,45.8288333,-129.7595741,20592.23,-9762.59,266.99,-0.4,2.4,0.00,2367.33,2367.33,HMR2300,7140.0,-11686.7,49160.0,51032.0,,,,,,,,RR1715,,
J2-1008,ASNAP,2017/08/23 08:26:47,45.8288123,-129.7595771,20592.00,-9764.92,267.08,-0.4,2.4,0.00,2369.42,2369.42,HMR2300,7106.7,-11806.7,49113.3,51010.0,,,,,,,,RR1715,,
J2-1008,ASNAP,2017/08/23 08:26:52,45.8288205,-129.7595843,20591.44,-9764.01,266.98,-0.4,2.5,0.00,2372.19,2372.19,HMR2300,7180.0,-11700.0,49160.0,51040.7,,,,,,,,RR1715,,
J2-1008,ASNAP,2017/08/23 08:26:57,45.8288580,-129.7595508,20594.04,-9759.85,267.03,-0.6,2.4,0.00,2374.99,2374.99,HMR2300,6946.7,-11693.3,49180.0,51026.1,,,,,,,,RR1715,,
J2-1008,ASNAP,2017/08/23 08:27:02,45.8288240,-129.7595547,20593.74,-9763.63,266.82,-0.5,2.4,0.00,2377.80,2377.8,HMR2300,7106.7,-11560.0,49206.7,51043.5,,,,,,,,RR1715,,
J2-1008,ASNAP,2017/08/23 08:27:07,45.8288149,-129.7595415,20594.76,-9764.64,267.28,-0.6,2.3,0.00,2379.90,2379.9,HMR2300,6893.3,-11613.3,49180.0,51000.6,,,,,,,,RR1715,,
J2-1008,ASNAP,2017/08/23 08:27:12,45.8288099,-129.7595474,20594.30,-9765.19,267.35,-0.6,2.2,0.00,2382.70,2382.7,HMR2300,6840.0,-11426.7,49173.3,50944.8,,,,,,,,RR1715,,
J2-1008,ASNAP,2017/08/23 08:27:17,45.8288016,-129.7595441,20594.56,-9766.11,267.58,-0.5,2.1,0.00,2385.47,2385.47,HMR2300,6813.3,-11426.7,49166.7,50934.8,,,,,,,,RR1715,,
J2-1008,ASNAP,2017/08/23 08:27:22,45.8288034,-129.7595429,20594.65,-9765.91,267.59,-0.7,2.1,0.00,2388.23,2388.23,HMR2300,6746.7,-11420.0,49233.3,50988.8,,,,,,,,RR1715,,
J2-1008,ASNAP,2017/08/23 08:27:27,45.8288199,-129.7595480,20594.26,-9764.08,267.69,-0.6,2.0,0.00,2390.29,2390.29,HMR2300,6773.3,-11306.7,49273.3,51005.7,,,,,,,,RR1715,,
J2-1008,ASNAP,2017/08/23 08:27:32,45.8288258,-129.7595396,20594.91,-9763.42,267.82,-0.7,1.8,0.00,2393.02,2393.02,HMR2300,6620.0,-11266.7,49246.7,50950.9,,,,,,,,RR1715,,
J2-1008,ASNAP,2017/08/23 08:27:37,45.8288533,-129.7595242,20596.10,-9760.37,267.69,-0.6,2.0,0.00,2395.75,2395.75,HMR2300,6726.7,-11346.7,49186.7,50924.7,,,,,,,,RR1715,,
J2-1008,ASNAP,2017/08/23 08:27:42,45.8288532,-129.7595146,20596.85,-9760.38,267.75,-0.6,2.1,0.00,2398.43,2398.43,HMR2300,6740.0,-11393.3,49173.3,50924.0,,,,,,,,RR1715,,
J2-1008,ASNAP,2017/08/23 08:27:47,45.8288738,-129.7595192,20596.49,-9758.09,267.68,-0.5,2.1,0.00,2400.43,2400.43,HMR2300,6880.0,-11366.7,49186.7,50949.6,,,,,,,,RR1715,,
J2-1008,ASNAP,2017/08/23 08:27:52,45.8288774,-129.7594879,20598.92,-9757.69,267.73,-0.6,2.0,0.00,2403.13,2403.13,HMR2300,6720.0,-11280.0,49186.7,50909.0,,,,,,,,RR1715,,
J2-1008,ASNAP,2017/08/23 08:27:57,45.8288640,-129.7595161,20596.73,-9759.18,267.61,-0.6,2.0,0.00,2405.82,2405.82,HMR2300,6793.3,-11366.7,49213.3,50963.7,,,,,,,,RR1715,,
J2-1008,ASNAP,2017/08/23 08:28:02,45.8288651,-129.7595460,20594.41,-9759.06,267.68,-0.6,2.0,0.00,2408.54,2408.54,HMR2300,6753.3,-11353.3,49166.7,50910.4,,,,,,,,RR1715,,
J2-1008,ASNAP,2017/08/23 08:28:07,45.8288520,-129.7595701,20592.54,-9760.51,267.72,-0.6,2.0,0.00,2410.55,2410.55,HMR2300,6740.0,-11320.0,49186.7,50920.5,,,,,,,,RR1715,,
J2-1008,ASNAP,2017/08/23 08:28:12,45.8288729,-129.7595583,20593.46,-9758.19,267.70,-0.6,2.0,0.00,2413.22,2413.22,HMR2300,6753.3,-11206.7,49153.3,50865.0,,,,,,,,RR1715,,
J2-1008,ASNAP,2017/08/23 08:28:17,45.8288681,-129.7595663,20592.84,-9758.72,267.69,-0.6,2.0,0.00,2415.89,2415.89,HMR2300,6706.7,-11206.7,49213.3,50916.8,,,,,,,,RR1715,,
J2-1008,ASNAP,2017/08/23 08:28:22,45.8288548,-129.7595761,20592.08,-9760.20,267.81,-0.4,2.1,0.00,2418.56,2418.56,HMR2300,6813.3,-11280.0,49173.3,50908.5,,,,,,,,RR1715,,
J2-1008,ASNAP,2017/08/23 08:28:27,45.8288713,-129.7596091,20589.52,-9758.37,267.72,-0.4,2.0,0.00,2420.56,2420.56,HMR2300,6906.7,-11180.0,49200.0,50924.8,,,,,,,,RR1715,,
J2-1008,ASNAP,2017/08/23 08:28:32,45.8288373,-129.7595820,20591.62,-9762.15,267.75,-0.6,2.0,0.00,2423.24,2423.24,HMR2300,6766.7,-11200.0,49126.7,50839.5,,,,,,,,RR1715,,
J2-1008,ASNAP,2017/08/23 08:28:37,45.8288305,-129.7595807,20591.72,-9762.90,267.77,-0.6,1.8,0.00,2425.91,2425.91,HMR2300,6760.0,-11106.7,49153.3,50843.9,,,,,,,,RR1715,,
J2-1008,EVT,2017/08/23 08:28:42,45.8288579,-129.7595990,20590.30,-9759.86,267.84,-0.6,1.9,0.00,2428.56,2428.56,HMR2300,6760.0,-11246.7,49133.3,50855.4,,,,,,,,RR1715,DLG,Biology: Fish USR:eventlogger
J2-1008,ASNAP,2017/08/23 08:28:42,45.8288579,-129.7595990,20590.30,-9759.86,267.84,-0.6,1.9,0.00,2428.56,2428.56,HMR2300,6813.3,-11240.0,49180.0,50906.1,,,,,,,,RR1715,,
J2-1008,ASNAP,2017/08/23 08:28:47,45.8288530,-129.7595968,20590.47,-9760.40,267.59,-0.5,1.9,0.00,2430.54,2430.54,HMR2300,6893.3,-11173.3,49160.0,50882.9,,,,,,,,RR1715,,
J2-1008,ASNAP,2017/08/23 08:28:52,45.8288742,-129.7596074,20589.65,-9758.04,267.68,-0.5,1.8,0.00,2433.14,2433.14,HMR2300,6960.0,-11006.7,49180.0,50875.0,,,,,,,,RR1715,,
J2-1008,ASNAP,2017/08/23 08:28:57,45.8288946,-129.7596027,20590.01,-9755.78,267.73,-0.4,1.8,0.00,2435.74,2435.74,HMR2300,6873.3,-10993.3,49086.7,50770.0,,,,,,,,RR1715,,
J2-1008,ASNAP,2017/08/23 08:29:02,45.8288957,-129.7596081,20589.59,-9755.65,267.88,-0.5,1.7,0.00,2438.37,2438.37,HMR2300,6806.7,-11093.3,49140.0,50834.4,,,,,,,,RR1715,,
J2-1008,ASNAP,2017/08/23 08:29:07,45.8289096,-129.7596139,20589.14,-9754.11,267.84,-0.5,1.9,0.00,2440.36,2440.36,HMR2300,6786.7,-11213.3,49093.3,50812.9,,,,,,,,RR1715,,
J2-1008,ASNAP,2017/08/23 08:29:12,45.8289038,-129.7596254,20588.25,-9754.76,267.89,-0.5,2.0,0.00,2443.04,2443.04,HMR2300,6820.0,-11200.0,49126.7,50846.7,,,,,,,,RR1715,,
J2-1008,ASNAP,2017/08/23 08:29:17,45.8289256,-129.7596000,20590.22,-9752.33,267.57,-0.5,2.0,0.00,2445.72,2445.72,HMR2300,6906.7,-11193.3,49080.0,50811.8,,,,,,,,RR1715,,
J2-1008,ASNAP,2017/08/23 08:29:22,45.8289664,-129.7595880,20591.15,-9747.80,267.43,-0.5,2.2,0.00,2447.70,2447.7,HMR2300,6986.7,-11353.3,49026.7,50806.7,,,,,,,,RR1715,,
J2-1008,ASNAP,2017/08/23 08:29:27,45.8289566,-129.7595648,20592.95,-9748.89,267.42,-0.5,2.2,0.00,2450.38,2450.38,HMR2300,6966.7,-11293.3,49020.0,50784.2,,,,,,,,RR1715,,
J2-1008,ASNAP,2017/08/23 08:29:32,45.8289342,-129.7595736,20592.27,-9751.38,267.14,-0.5,2.4,0.00,2453.05,2453.05,HMR2300,7046.7,-11260.0,49020.0,50787.8,,,,,,,,RR1715,,
J2-1008,ASNAP,2017/08/23 08:29:37,45.8289962,-129.7595955,20590.57,-9744.49,267.03,-0.4,2.3,0.00,2455.77,2455.77,HMR2300,7186.7,-11353.3,49066.7,50873.2,,,,,,,,RR1715,,
J2-1008,ASNAP,2017/08/23 08:29:42,45.8289630,-129.7596268,20588.14,-9748.18,267.26,-0.6,2.3,0.00,2457.82,2457.82,HMR2300,6980.0,-11300.0,49046.7,50813.2,,,,,,,,RR1715,,
J2-1008,ASNAP,2017/08/23 08:29:47,45.8289579,-129.7596274,20588.10,-9748.74,267.17,-0.5,2.3,0.00,2460.56,2460.56,HMR2300,7066.7,-11306.7,49033.3,50813.8,,,,,,,,RR1715,,
J2-1008,ASNAP,2017/08/23 08:29:52,45.8289451,-129.7596168,20588.92,-9750.16,267.33,-0.6,2.1,0.00,2463.32,2463.32,HMR2300,6920.0,-11253.3,48993.3,50743.2,,,,,,,,RR1715,,
J2-1008,EVT,2017/08/23 08:29:55,45.8289290,-129.7596320,20587.74,-9751.95,267.37,-0.7,2.3,0.00,2464.68,2464.68,HMR2300,6833.3,-11220.0,49040.0,50769.1,,,,,,,,RR1715,DLG,Biology: Cnidaria USR:eventlogger
J2-1008,ASNAP,2017/08/23 08:29:57,45.8289316,-129.7596163,20588.96,-9751.66,267.34,-1.0,2.0,0.00,2466.03,2466.03,HMR2300,6573.3,-11106.7,49073.3,50742.1,,,,,,,,RR1715,,
J2-1008,ASNAP,2017/08/23 08:30:02,45.8289348,-129.7596347,20587.53,-9751.31,267.34,-0.7,2.1,0.00,2468.07,2468.07,HMR2300,6793.3,-11120.0,49033.3,50735.3,,,,,,,,RR1715,,
J2-1008,ASNAP,2017/08/23 08:30:07,45.8289391,-129.7596210,20588.59,-9750.83,267.59,-0.7,2.1,0.00,2470.80,2470.8,HMR2300,6860.0,-11080.0,49046.7,50748.4,,,,,,,,RR1715,,
J2-1008,ASNAP,2017/08/23 08:30:12,45.8289662,-129.7596482,20586.48,-9747.82,267.73,-0.7,2.0,0.00,2473.56,2473.56,HMR2300,6666.7,-11060.0,49046.7,50718.3,,,,,,,,RR1715,,
J2-1008,ASNAP,2017/08/23 08:30:17,45.8289663,-129.7596370,20587.35,-9747.81,267.72,-0.6,2.0,0.00,2476.28,2476.28,HMR2300,6806.7,-11093.3,49020.0,50718.4,,,,,,,,RR1715,,
J2-1008,ASNAP,2017/08/23 08:30:22,45.8289570,-129.7596302,20587.88,-9748.84,267.85,-0.8,2.0,0.00,2478.30,2478.3,HMR2300,6620.0,-11053.3,49020.0,50684.9,,,,,,,,RR1715,,
J2-1008,ASNAP,2017/08/23 08:30:27,45.8289551,-129.7596169,20588.91,-9749.05,267.73,-0.6,2.0,0.00,2480.99,2480.99,HMR2300,6886.7,-11093.3,49000.0,50709.8,,,,,,,,RR1715,,
J2-1008,ASNAP,2017/08/23 08:30:32,45.8289469,-129.7596071,20589.67,-9749.96,267.79,-0.5,2.1,0.00,2483.71,2483.71,HMR2300,6860.0,-11100.0,49033.3,50739.9,,,,,,,,RR1715,,
J2-1008,ASNAP,2017/08/23 08:30:37,45.8289469,-129.7596071,20589.67,-9749.96,267.73,-0.7,1.9,0.00,2486.39,2486.39,HMR2300,6740.0,-11000.0,48953.3,50624.7,,,,,,,,RR1715,,
J2-1008,ASNAP,2017/08/23 08:30:42,45.8289541,-129.7595942,20590.67,-9749.16,267.73,-0.5,2.0,0.00,2488.39,2488.39,HMR2300,6880.0,-11046.7,48953.3,50653.6,,,,,,,,RR1715,,
J2-1008,ASNAP,2017/08/23 08:30:47,45.8289481,-129.7595905,20590.96,-9749.83,267.70,-0.7,2.1,0.00,2491.01,2491.01,HMR2300,6820.0,-11066.7,48953.3,50649.9,,,,,,,,RR1715,,
J2-1008,ASNAP,2017/08/23 08:30:52,45.8289746,-129.7595770,20592.01,-9746.89,267.61,-0.5,2.1,0.00,2493.64,2493.64,HMR2300,7013.3,-11140.0,48933.3,50673.0,,,,,,,,RR1715,,
J2-1008,ASNAP,2017/08/23 08:30:57,45.8289891,-129.7595469,20594.34,-9745.27,267.65,-0.6,2.2,0.00,2496.31,2496.31,HMR2300,6820.0,-11193.3,48926.7,50652.0,,,,,,,,RR1715,,
J2-1008,ASNAP,2017/08/23 08:31:02,45.8289852,-129.7595822,20591.60,-9745.71,267.27,-0.6,2.4,0.00,2498.29,2498.29,HMR2300,7020.0,-11180.0,48940.0,50689.2,,,,,,,,RR1715,,
J2-1008,ASNAP,2017/08/23 08:31:07,45.8289890,-129.7595605,20593.29,-9745.29,267.32,-0.5,2.4,0.00,2500.93,2500.93,HMR2300,7033.3,-11226.7,48833.3,50598.4,,,,,,,,RR1715,,
J2-1008,ASNAP,2017/08/23 08:31:12,45.8290209,-129.7595646,20592.97,-9741.74,267.18,-0.4,2.5,0.00,2503.58,2503.58,HMR2300,7186.7,-11260.0,48840.0,50633.8,,,,,,,,RR1715,,
J2-1008,ASNAP,2017/08/23 08:31:17,45.8290320,-129.7595581,20593.47,-9740.51,267.03,-0.5,2.3,0.00,2506.25,2506.25,HMR2300,7080.0,-11066.7,48806.7,50543.9,,,,,,,,RR1715,,
J2-1008,ASNAP,2017/08/23 08:31:22,45.8290284,-129.7595691,20592.62,-9740.91,267.28,-2.0,2.4,0.00,2508.23,2508.23,HMR2300,5520.0,-11173.3,49000.0,50560.0,,,,,,,,RR1715,,
J2-1008,EVT,2017/08/23 08:31:27,45.8290177,-129.7596067,20589.70,-9742.09,267.95,-1.9,3.1,0.00,2509.48,2509.48,HMR2300,5546.7,-11566.7,48840.0,50496.5,,,,,,,,RR1715,DLG,TXT: depth 2500 m 181 C USR:eventlogger
J2-1008,ASNAP,2017/08/23 08:31:27,45.8290177,-129.7596067,20589.70,-9742.09,267.95,-1.9,3.1,0.00,2509.48,2509.48,HMR2300,5420.0,-11346.7,48886.7,50478.0,,,,,,,,RR1715,,
J2-1008,ASNAP,2017/08/23 08:31:32,45.8290196,-129.7596256,20588.24,-9741.88,267.74,-2.2,2.9,0.00,2509.23,2509.23,HMR2300,5606.7,-11146.7,48860.0,50428.0,,,,,,,,RR1715,,
J2-1008,ASNAP,2017/08/23 08:31:37,45.8290598,-129.7595985,20590.34,-9737.42,267.88,-2.1,2.2,0.00,2508.40,2508.4,HMR2300,4946.7,-10800.0,48053.3,49499.8,,,,,,,,RR1715,,
J2-1008,ASNAP,2017/08/23 08:31:42,45.8290554,-129.7596188,20588.76,-9737.90,296.77,-1.0,1.9,0.00,2507.67,2507.67,HMR2300,-7033.3,-11840.0,47260.0,49225.6,,,,,,,,RR1715,,
J2-1008,ASNAP,2017/08/23 08:31:47,45.8290272,-129.7596231,20588.43,-9741.04,339.83,-1.6,3.2,0.00,2506.87,2506.87,HMR2300,-17746.7,-6680.0,44733.3,48586.4,,,,,,,,RR1715,,
J2-1008,EVT,2017/08/23 08:31:49,45.8290136,-129.7596147,20589.08,-9742.55,348.35,-2.0,2.0,0.00,2506.40,2506.4,HMR2300,-19833.3,-3546.7,43913.3,48314.8,,,,,,,,RR1715,DLG,TXT: correction: 1.81 C for 8:31:27 entry USR:eventlogger
J2-1008,ASNAP,2017/08/23 08:31:52,45.8290129,-129.7595955,20590.57,-9742.63,354.99,-2.4,2.5,0.00,2505.92,2505.92,HMR2300,-21786.7,-260.0,42813.3,48038.6,,,,,,,,RR1715,,
J2-1008,ASNAP,2017/08/23 08:31:57,45.8289997,-129.7595780,20591.93,-9744.10,3.03,-2.3,2.3,0.00,2504.89,2504.89,HMR2300,-21953.3,333.3,42660.0,47978.5,,,,,,,,RR1715,,
J2-1008,ASNAP,2017/08/23 08:32:02,45.8290004,-129.7595578,20593.50,-9744.02,359.50,-2.5,2.2,0.00,2504.05,2504.05,HMR2300,-21846.7,-500.0,42766.7,48026.2,,,,,,,,RR1715,,
J2-1008,ASNAP,2017/08/23 08:32:07,45.8289873,-129.7595861,20591.30,-9745.47,359.81,-2.4,2.5,0.00,2502.83,2502.83,HMR2300,-21786.7,-600.0,42806.7,48035.7,,,,,,,,RR1715,,
J2-1008,ASNAP,2017/08/23 08:32:12,45.8290009,-129.7595517,20593.97,-9743.96,359.34,-2.7,2.4,0.00,2501.53,2501.53,HMR2300,-22306.7,-606.7,42533.3,48031.7,,,,,,,,RR1715,,
J2-1008,ASNAP,2017/08/23 08:32:17,45.8290043,-129.7595226,20596.23,-9743.58,359.69,-3.3,2.3,0.00,2500.31,2500.31,HMR2300,-22506.7,-606.7,42426.7,48030.6,,,,,,,,RR1715,,
J2-1008,ASNAP,2017/08/23 08:32:22,45.8289965,-129.7595231,20596.19,-9744.45,0.20,-3.3,2.5,0.00,2499.48,2499.48,HMR2300,-22533.3,-520.0,42406.7,48024.4,,,,,,,,RR1715,,
J2-1008,ASNAP,2017/08/23 08:32:27,45.8290041,-129.7595164,20596.71,-9743.61,0.69,-3.0,2.6,0.00,2498.52,2498.52,HMR2300,-22306.7,-606.7,42526.7,48025.8,,,,,,,,RR1715,,
J2-1008,ASNAP,2017/08/23 08:32:32,45.8290330,-129.7595165,20596.70,-9740.39,359.53,-2.2,2.7,0.00,2497.67,2497.67,HMR2300,-21760.0,-773.3,42820.0,48038.0,,,,,,,,RR1715,,
J2-1008,ASNAP,2017/08/23 08:32:37,45.8290262,-129.7594723,20600.13,-9741.15,0.02,-2.2,2.7,0.00,2496.72,2496.72,HMR2300,-21693.3,-606.7,42840.0,48023.3,,,,,,,,RR1715,,
J2-1008,EVT,2017/08/23 08:32:41,45.8290482,-129.7595050,20597.59,-9738.70,0.09,-2.3,2.7,0.00,2495.96,2495.96,HMR2300,-21826.7,-573.3,42786.7,48035.7,,,,,,,,RR1715,DLG,TXT: paused at 2500 m depth USR:eventlogger
J2-1008,ASNAP,2017/08/23 08:32:42,45.8290482,-129.7595050,20597.59,-9738.70,0.14,-2.3,2.6,0.00,2495.96,2495.96,HMR2300,-21580.0,-586.7,42906.7,48031.5,,,,,,,,RR1715,,
J2-1008,ASNAP,2017/08/23 08:32:47,45.8290735,-129.7594977,20598.16,-9735.89,1.80,-3.1,2.5,0.00,2494.92,2494.92,HMR2300,-22726.7,-6.7,42260.0,47983.4,,,,,,,,RR1715,,
J2-1008,ASNAP,2017/08/23 08:32:52,45.8290864,-129.7594946,20598.40,-9734.46,1.05,-3.7,2.5,0.00,2494.06,2494.06,HMR2300,-22166.7,-520.0,43213.3,48569.8,,,,,,,,RR1715,,
J2-1008,ASNAP,2017/08/23 08:32:57,45.8291106,-129.7595159,20596.75,-9731.77,359.57,-2.3,2.3,0.00,2493.81,2493.81,HMR2300,-20993.3,-766.7,43853.3,48625.3,,,,,,,,RR1715,,
J2-1008,ASNAP,2017/08/23 08:33:02,45.8291319,-129.7594831,20599.29,-9729.40,359.93,-1.5,2.1,0.00,2494.10,2494.1,HMR2300,-20673.3,-593.3,44100.0,48708.8,,,,,,,,RR1715,,
J2-1008,ASNAP,2017/08/23 08:33:07,45.8291983,-129.7594791,20599.60,-9722.02,0.12,-2.1,2.2,0.00,2494.57,2494.57,HMR2300,-21080.0,-706.7,43800.0,48613.8,,,,,,,,RR1715,,
J2-1008,ASNAP,2017/08/23 08:33:12,45.8291924,-129.7594597,20601.11,-9722.68,0.20,-2.7,2.5,0.00,2494.71,2494.71,HMR2300,-21340.0,-873.3,43553.3,48508.3,,,,,,,,RR1715,,
J2-1008,ASNAP,2017/08/23 08:33:17,45.8292165,-129.7594707,20600.25,-9720.00,359.93,-1.8,2.4,0.00,2494.50,2494.5,HMR2300,-20866.7,-673.3,43680.0,48412.9,,,,,,,,RR1715,,
J2-1008,ASNAP,2017/08/23 08:33:22,45.8292751,-129.7594194,20604.23,-9713.48,359.73,-1.5,2.5,0.00,2494.29,2494.29,HMR2300,-21053.3,-806.7,43600.0,48423.7,,,,,,,,RR1715,,
J2-1008,ASNAP,2017/08/23 08:33:27,45.8292720,-129.7594322,20603.24,-9713.83,0.59,-1.4,2.3,0.00,2494.19,2494.19,HMR2300,-20753.3,-546.7,43980.0,48633.7,,,,,,,,RR1715,,
J2-1008,ASNAP,2017/08/23 08:33:32,45.8292964,-129.7594282,20603.55,-9711.12,0.97,-1.6,2.5,0.00,2494.32,2494.32,HMR2300,-20893.3,-786.7,43966.7,48684.9,,,,,,,,RR1715,,
J2-1008,ASNAP,2017/08/23 08:33:37,45.8292895,-129.7594261,20603.71,-9711.89,1.18,-1.7,2.5,0.00,2494.51,2494.51,HMR2300,-21153.3,-280.0,43386.7,48269.5,,,,,,,,RR1715,,
J2-1008,ASNAP,2017/08/23 08:33:42,45.8293141,-129.7594098,20604.98,-9709.15,1.16,-1.8,2.2,0.00,2494.58,2494.58,HMR2300,-20986.7,-526.7,43813.3,48583.2,,,,,,,,RR1715,,
J2-1008,ASNAP,2017/08/23 08:33:47,45.8293066,-129.7594298,20603.43,-9709.98,1.28,-1.7,2.7,0.00,2494.48,2494.48,HMR2300,-21086.7,-506.7,43660.0,48488.1,,,,,,,,RR1715,,
J2-1008,ASNAP,2017/08/23 08:33:52,45.8293079,-129.7594274,20603.61,-9709.84,0.75,-1.7,2.5,0.00,2495.01,2495.01,HMR2300,-20926.7,-706.7,43813.3,48559.6,,,,,,,,RR1715,,
J2-1008,EVT,2017/08/23 08:33:53,45.8293079,-129.7594274,20603.61,-9709.84,0.55,-1.7,2.5,0.00,2495.25,2495.25,HMR2300,-20866.7,-686.7,43813.3,48533.5,,,,,,,,RR1715,DLG,TXT: currently about 100 m north of mooring USR:eventlogger
J2-1008,ASNAP,2017/08/23 08:33:57,45.8293155,-129.7594389,20602.72,-9708.99,0.10,-1.5,2.4,0.00,2496.17,2496.17,HMR2300,-20600.0,-726.7,43953.3,48546.7,,,,,,,,RR1715,,
J2-1008,ASNAP,2017/08/23 08:34:02,45.8293028,-129.7594463,20602.15,-9710.41,359.68,-1.4,2.3,0.00,2497.33,2497.33,HMR2300,-20553.3,-826.7,43980.0,48552.7,,,,,,,,RR1715,,
J2-1008,ASNAP,2017/08/23 08:34:07,45.8293182,-129.7594497,20601.88,-9708.70,359.65,-1.5,2.4,0.00,2499.10,2499.1,HMR2300,-20580.0,-953.3,43993.3,48578.4,,,,,,,,RR1715,,
J2-1008,ASNAP,2017/08/23 08:34:12,45.8293019,-129.7594514,20601.75,-9710.51,359.63,-1.4,2.5,0.00,2501.08,2501.08,HMR2300,-20473.3,-866.7,43946.7,48489.4,,,,,,,,RR1715,,
J2-1008,ASNAP,2017/08/23 08:34:17,45.8292984,-129.7594600,20601.08,-9710.90,359.89,-1.3,2.4,0.00,2503.32,2503.32,HMR2300,-20446.7,-720.0,44026.7,48548.2,,,,,,,,RR1715,,
J2-1008,ASNAP,2017/08/23 08:34:22,45.8292943,-129.7594464,20602.14,-9711.35,0.00,-1.2,2.4,0.00,2505.10,2505.1,HMR2300,-20380.0,-666.7,44040.0,48531.5,,,,,,,,RR1715,,
J2-1008,ASNAP,2017/08/23 08:34:27,45.8293112,-129.7594539,20601.56,-9709.47,0.08,-1.1,2.4,0.00,2507.55,2507.55,HMR2300,-20233.3,-686.7,44053.3,48482.5,,,,,,,,RR1715,,
J2-1008,ASNAP,2017/08/23 08:34:32,45.8292959,-129.7594558,20601.41,-9711.17,0.02,-1.3,2.4,0.00,2510.03,2510.03,HMR2300,-20413.3,-766.7,43960.0,48474.5,,,,,,,,RR1715,,
J2-1008,EVT,2017/08/23 08:34:35,45.8292783,-129.7594621,20600.92,-9713.13,0.00,-1.2,2.3,0.00,2511.27,2511.27,HMR2300,-20353.3,-686.7,44000.0,48484.3,,,,,,,,RR1715,DLG,TXT: continuing down to bottom USR:eventlogger
J2-1008,ASNAP,2017/08/23 08:34:37,45.8292783,-129.7594621,20600.92,-9713.13,0.00,-1.0,2.5,0.00,2512.52,2512.52,HMR2300,-20186.7,-720.0,44120.0,48524.2,,,,,,,,RR1715,,
J2-1008,EVT,2017/08/23 08:34:41,45.8292763,-129.7594723,20600.13,-9713.35,359.99,-1.0,2.2,0.00,2514.38,2514.38,HMR2300,-20093.3,-520.0,44086.7,48452.5,,,,,,,,RR1715,DLG,TXT: have mooring on sonar USR:eventlogger
J2-1008,ASNAP,2017/08/23 08:34:42,45.8292763,-129.7594723,20600.13,-9713.35,0.00,-0.9,2.2,0.00,2514.38,2514.38,HMR2300,-20126.7,-546.7,44053.3,48436.3,,,,,,,,RR1715,,
J2-1008,ASNAP,2017/08/23 08:34:47,45.8292781,-129.7594807,20599.48,-9713.15,0.12,-0.8,2.1,0.00,2516.81,2516.81,HMR2300,-19986.7,-293.3,44126.7,48442.9,,,,,,,,RR1715,,
J2-1008,ASNAP,2017/08/23 08:34:52,45.8292807,-129.7594684,20600.43,-9712.86,0.08,-1.3,2.0,0.00,2519.09,2519.09,HMR2300,-20326.7,-300.0,43853.3,48336.1,,,,,,,,RR1715,,
J2-1008,ASNAP,2017/08/23 08:34:57,45.8292925,-129.7594767,20599.79,-9711.55,0.21,-1.2,2.1,0.00,2521.07,2521.07,HMR2300,-20293.3,-406.7,43960.0,48419.7,,,,,,,,RR1715,,
J2-1008,ASNAP,2017/08/23 08:35:02,45.8293038,-129.7594523,20601.68,-9710.29,0.34,-1.1,2.1,0.00,2522.47,2522.47,HMR2300,-20326.7,-426.7,43826.7,48312.9,,,,,,,,RR1715,,
J2-1008,EVT,2017/08/23 08:35:05,45.8293060,-129.7595175,20596.62,-9710.05,0.37,-1.2,2.1,0.00,2523.83,2523.83,HMR2300,-20293.3,-393.3,43946.7,48407.5,,,,,,,,RR1715,DLG,TXT: delta off by 10 m USR:eventlogger
J2-1008,ASNAP,2017/08/23 08:35:07,45.8293060,-129.7595175,20596.62,-9710.05,0.34,-1.2,2.1,0.00,2524.29,2524.29,HMR2300,-20246.7,-453.3,43993.3,48430.8,,,,,,,,RR1715,,
J2-1008,ASNAP,2017/08/23 08:35:12,45.8293146,-129.7595320,20595.50,-9709.09,0.29,-1.1,2.0,0.00,2526.08,2526.08,HMR2300,-20166.7,-446.7,44026.7,48427.7,,,,,,,,RR1715,,
J2-1008,EVT,2017/08/23 08:35:15,45.8293146,-129.7595320,20595.50,-9709.09,0.33,-1.2,2.1,0.00,2527.01,2527.01,HMR2300,-20386.7,-453.3,43820.0,48332.3,,,,,,,,RR1715,DLG,Biology: Cnidaria USR:eventlogger
J2-1008,ASNAP,2017/08/23 08:35:17,45.8293074,-129.7595284,20595.78,-9709.90,0.35,-1.2,2.0,0.00,2527.96,2527.96,HMR2300,-20233.3,-426.7,43953.3,48388.7,,,,,,,,RR1715,,
J2-1008,ASNAP,2017/08/23 08:35:22,45.8293067,-129.7594847,20599.17,-9709.97,0.26,-1.3,2.1,0.00,2529.39,2529.39,HMR2300,-20320.0,-520.0,43913.3,48389.6,,,,,,,,RR1715,,
J2-1008,ASNAP,2017/08/23 08:35:27,45.8293370,-129.7594919,20598.61,-9706.60,0.28,-1.3,2.2,0.00,2531.33,2531.33,HMR2300,-20293.3,-546.7,43906.7,48372.7,,,,,,,,RR1715,,
J2-1008,ASNAP,2017/08/23 08:35:32,45.8293449,-129.7594312,20603.32,-9705.73,0.09,-1.3,2.1,0.00,2533.25,2533.25,HMR2300,-20353.3,-573.3,43913.3,48404.2,,,,,,,,RR1715,,
J2-1008,ASNAP,2017/08/23 08:35:37,45.8293385,-129.7594582,20601.22,-9706.44,0.13,-1.2,2.2,0.00,2535.16,2535.16,HMR2300,-20233.3,-626.7,43906.7,48348.5,,,,,,,,RR1715,,
J2-1008,ASNAP,2017/08/23 08:35:42,45.8293281,-129.7594425,20602.44,-9707.59,0.30,-1.2,2.1,0.00,2536.57,2536.57,HMR2300,-20286.7,-533.3,43860.0,48327.4,,,,,,,,RR1715,,
J2-1008,ASNAP,2017/08/23 08:35:47,45.8293443,-129.7594468,20602.11,-9705.79,0.08,-1.3,2.1,0.00,2538.41,2538.41,HMR2300,-20226.7,-540.0,43866.7,48308.3,,,,,,,,RR1715,,
J2-1008,ASNAP,2017/08/23 08:35:52,45.8293413,-129.7594393,20602.69,-9706.13,0.12,-1.2,2.0,0.00,2540.27,2540.27,HMR2300,-20240.0,-506.7,43913.3,48355.9,,,,,,,,RR1715,,
J2-1008,ASNAP,2017/08/23 08:35:57,45.8293428,-129.7594393,20602.69,-9705.96,0.32,-1.2,2.1,0.00,2542.14,2542.14,HMR2300,-20206.7,-506.7,43886.7,48317.8,,,,,,,,RR1715,,
J2-1008,ASNAP,2017/08/23 08:36:02,45.8293402,-129.7594214,20604.08,-9706.25,0.33,-1.2,2.1,0.00,2543.56,2543.56,HMR2300,-20286.7,-560.0,43840.0,48309.5,,,,,,,,RR1715,,
J2-1008,ASNAP,2017/08/23 08:36:07,45.8293410,-129.7594127,20604.75,-9706.16,0.37,-1.3,2.1,0.00,2545.43,2545.43,HMR2300,-20233.3,-520.0,43813.3,48262.5,,,,,,,,RR1715,,
J2-1008,ASNAP,2017/08/23 08:36:12,45.8293472,-129.7593968,20605.99,-9705.47,0.36,-1.2,2.2,0.00,2547.30,2547.3,HMR2300,-20300.0,-620.0,43693.3,48182.8,,,,,,,,RR1715,,
J2-1008,ASNAP,2017/08/23 08:36:17,45.8293414,-129.7594071,20605.19,-9706.12,0.33,-1.2,2.2,0.00,2549.17,2549.17,HMR2300,-20200.0,-600.0,43820.0,48255.5,,,,,,,,RR1715,,
J2-1008,ASNAP,2017/08/23 08:36:22,45.8293371,-129.7594000,20605.74,-9706.59,0.35,-1.2,2.1,0.00,2550.57,2550.57,HMR2300,-20266.7,-653.3,43766.7,48235.7,,,,,,,,RR1715,,
J2-1008,ASNAP,2017/08/23 08:36:27,45.8293343,-129.7594112,20604.87,-9706.90,0.32,-1.1,2.2,0.00,2552.44,2552.44,HMR2300,-20153.3,-620.0,43826.7,48242.3,,,,,,,,RR1715,,
J2-1008,ASNAP,2017/08/23 08:36:32,45.8293155,-129.7594011,20605.65,-9708.99,0.24,-1.3,2.1,0.00,2554.33,2554.33,HMR2300,-20366.7,-720.0,43640.0,48164.0,,,,,,,,RR1715,,
J2-1008,ASNAP,2017/08/23 08:36:37,45.8293286,-129.7593841,20606.97,-9707.54,0.09,-1.2,2.1,0.00,2556.21,2556.21,HMR2300,-20180.0,-726.7,43766.7,48200.4,,,,,,,,RR1715,,
J2-1008,ASNAP,2017/08/23 08:36:42,45.8293308,-129.7594011,20605.65,-9707.29,0.24,-1.2,2.1,0.00,2557.63,2557.63,HMR2300,-20200.0,-706.7,43720.0,48166.1,,,,,,,,RR1715,,
J2-1008,EVT,2017/08/23 08:36:46,45.8293519,-129.7593868,20606.76,-9704.95,0.22,-1.2,2.1,0.00,2559.05,2559.05,HMR2300,-20193.3,-620.0,43673.3,48119.8,,,,,,,,RR1715,DLG,TXT: 50 meter from bottom USR:eventlogger
J2-1008,ASNAP,2017/08/23 08:36:47,45.8293519,-129.7593868,20606.76,-9704.95,0.17,-1.2,2.1,0.00,2559.52,2559.52,HMR2300,-20160.0,-673.3,43753.3,48179.2,,,,,,,,RR1715,,
J2-1008,ASNAP,2017/08/23 08:36:52,45.8293664,-129.7594139,20604.66,-9703.34,0.01,-1.2,2.1,0.00,2561.40,2561.4,HMR2300,-20253.3,-773.3,43626.7,48104.9,,,,,,,,RR1715,,
J2-1008,ASNAP,2017/08/23 08:36:57,45.8293826,-129.7593821,20607.13,-9701.54,0.17,-1.2,2.0,0.00,2563.29,2563.29,HMR2300,-20233.3,-706.7,43693.3,48155.9,,,,,,,,RR1715,,
J2-1008,ASNAP,2017/08/23 08:37:02,45.8293962,-129.7593864,20606.79,-9700.02,0.24,-1.2,2.1,0.00,2564.69,2564.69,HMR2300,-20333.3,-746.7,43620.0,48132.2,,,,,,,,RR1715,,
J2-1008,ASNAP,2017/08/23 08:37:07,45.8294079,-129.7593817,20607.16,-9698.73,0.17,-1.2,2.1,0.00,2566.58,2566.58,HMR2300,-20166.7,-773.3,43726.7,48159.3,,,,,,,,RR1715,,
J2-1008,ASNAP,2017/08/23 08:37:12,45.8293930,-129.7593728,20607.85,-9700.38,0.08,-1.2,2.0,0.00,2568.46,2568.46,HMR2300,-20293.3,-780.0,43553.3,48055.4,,,,,,,,RR1715,,
J2-1008,ASNAP,2017/08/23 08:37:17,45.8293981,-129.7593681,20608.21,-9699.81,0.24,-1.1,2.1,0.00,2570.34,2570.34,HMR2300,-20153.3,-706.7,43706.7,48134.5,,,,,,,,RR1715,,
J2-1008,ASNAP,2017/08/23 08:37:22,45.8294222,-129.7593171,20612.17,-9697.13,0.34,-1.2,2.1,0.00,2571.76,2571.76,HMR2300,-20320.0,-786.7,43566.7,48078.8,,,,,,,,RR1715,,
J2-1008,ASNAP,2017/08/23 08:37:27,45.8294178,-129.7593214,20611.84,-9697.62,0.31,-1.1,2.0,0.00,2573.63,2573.63,HMR2300,-20166.7,-653.3,43666.7,48103.0,,,,,,,,RR1715,,
J2-1008,ASNAP,2017/08/23 08:37:32,45.8294231,-129.7593413,20610.29,-9697.04,0.30,-1.2,2.0,0.00,2575.49,2575.49,HMR2300,-20286.7,-653.3,43486.7,47990.3,,,,,,,,RR1715,,
J2-1008,ASNAP,2017/08/23 08:37:37,45.8294258,-129.7593608,20608.78,-9696.73,0.32,-1.3,2.0,0.00,2577.36,2577.36,HMR2300,-20273.3,-680.0,43580.0,48069.6,,,,,,,,RR1715,,
J2-1008,ASNAP,2017/08/23 08:37:42,45.8294353,-129.7593398,20610.41,-9695.68,0.30,-1.4,2.1,0.00,2578.76,2578.76,HMR2300,-20446.7,-806.7,43473.3,48048.4,,,,,,,,RR1715,,
J2-1008,ASNAP,2017/08/23 08:37:47,45.8294487,-129.7593513,20609.52,-9694.19,0.18,-1.3,2.0,0.00,2580.63,2580.63,HMR2300,-20340.0,-746.7,43540.0,48062.5,,,,,,,,RR1715,,
J2-1008,ASNAP,2017/08/23 08:37:52,45.8294669,-129.7593602,20608.83,-9692.17,0.30,-1.3,1.9,0.00,2582.51,2582.51,HMR2300,-20400.0,-726.7,43446.7,48003.1,,,,,,,,RR1715,,
J2-1008,ASNAP,2017/08/23 08:37:57,45.8294773,-129.7593569,20609.08,-9691.01,0.35,-1.2,1.9,0.00,2584.38,2584.38,HMR2300,-20293.3,-686.7,43546.7,48047.9,,,,,,,,RR1715,,
J2-1008,ASNAP,2017/08/23 08:38:02,45.82949610,-129.75935918,20608.905427,-9688.921563,0.27,-1.3,2.0,0.00,2585.79,2585.79,HMR2300,-20440.0,-773.3,43453.3,48026.9,,,,,,,,RR1715,,
J2-1008,ASNAP,2017/08/23 08:38:07,45.82949889,-129.75935667,20609.100003,-9688.611335,359.50,-0.9,2.0,0.00,2587.69,2587.69,HMR2300,-19766.7,-1000.0,43780.0,48045.9,,,,,,,,RR1715,,
J2-1008,ASNAP,2017/08/23 08:38:12,45.82950164,-129.75935425,20609.287654,-9688.305527,359.76,-1.6,2.4,0.00,2590.05,2590.05,HMR2300,-20353.3,-1246.7,43533.3,48072.5,,,,,,,,RR1715,,
J2-1008,ASNAP,2017/08/23 08:38:17,45.82950435,-129.75935193,20609.468135,-9688.004649,0.05,-1.2,2.4,0.00,2592.72,2592.72,HMR2300,-20360.0,-1200.0,43546.7,48086.2,,,,,,,,RR1715,,
J2-1008,ASNAP,2017/08/23 08:38:22,45.82950699,-129.75934971,20609.640259,-9687.710924,0.85,-1.8,3.1,0.00,2594.72,2594.72,HMR2300,-20853.3,-1693.3,43266.7,48059.7,,,,,,,,RR1715,,
J2-1008,EVT,2017/08/23 08:38:26,45.82950908,-129.75934799,20609.773355,-9687.478722,359.59,-1.0,3.7,0.00,2596.66,2596.66,HMR2300,-20113.3,-2620.0,43660.0,48141.5,,,,,,,,RR1715,DLG,TXT: bottom sighted USR:eventlogger
J2-1008,ASNAP,2017/08/23 08:38:27,45.82950959,-129.75934758,20609.805723,-9687.421578,359.56,-1.0,4.0,0.00,2597.22,2597.22,HMR2300,-20120.0,-2480.0,43646.7,48124.8,,,,,,,,RR1715,,
J2-1008,ASNAP,2017/08/23 08:38:32,45.82951180,-129.75934580,20609.943450,-9687.175975,1.07,-0.5,4.0,0.00,2599.07,2599.07,HMR2300,-19740.0,-1873.3,43873.3,48146.1,,,,,,,,RR1715,,
J2-1008,ASNAP,2017/08/23 08:38:37,45.82951305,-129.75934481,20610.020094,-9687.037001,2.29,-1.0,3.0,0.00,2600.59,2600.59,HMR2300,-20533.3,-1000.0,43386.7,48010.6,,,,,,,,RR1715,,
J2-1008,ASNAP,2017/08/23 08:38:42,45.82951485,-129.75934343,20610.127736,-9686.837772,2.16,-1.1,3.1,0.00,2601.73,2601.73,HMR2300,-20473.3,-1213.3,43460.0,48056.2,,,,,,,,RR1715,,
J2-1008,ASNAP,2017/08/23 08:38:47,45.82951712,-129.75934169,20610.262484,-9686.585050,0.10,-1.1,2.8,0.00,2603.34,2603.34,HMR2300,-20186.7,-1460.0,43633.3,48098.9,,,,,,,,RR1715,,
J2-1008,EVT,2017/08/23 08:38:47,45.82951712,-129.75934169,20610.262484,-9686.585050,0.10,-1.1,2.8,0.00,2603.34,2603.34,HMR2300,-20193.3,-1433.3,43646.7,48113.0,,,,,,,,RR1715,DLG,TXT: visual on dock USR:eventlogger
J2-1008,ASNAP,2017/08/23 08:38:52,45.82951923,-129.75934011,20610.385034,-9686.350967,359.97,-1.5,1.9,0.00,2605.19,2605.19,HMR2300,-20233.3,-1100.0,44206.7,48629.5,,,,,,,,RR1715,,
J2-1008,EVT,2017/08/23 08:38:52,45.82951923,-129.75934011,20610.385034,-9686.350967,359.97,-1.5,1.9,0.00,2605.19,2605.19,HMR2300,-20313.3,-1200.0,44173.3,48634.9,,,,,,,,RR1715,DLG,TXT: 10 m from bottom USR:eventlogger
J2-1008,ASNAP,2017/08/23 08:38:57,45.82952123,-129.75933863,20610.500164,-9686.128000,359.86,-1.4,2.3,0.00,2606.74,2606.74,HMR2300,-20666.7,-586.7,42660.0,47406.0,,,,,,,,RR1715,,
J2-1008,ASNAP,2017/08/23 08:39:02,45.82952313,-129.75933724,20610.608015,-9685.917539,0.01,-2.1,1.4,0.00,2607.62,2607.62,HMR2300,-21000.0,0.0,43020.0,47871.9,,,,,,,,RR1715,,
J2-1008,ASNAP,2017/08/23 08:39:07,45.82952490,-129.75933594,20610.708801,-9685.720833,0.00,-1.9,2.0,0.00,2608.39,2608.39,HMR2300,-20686.7,-686.7,42766.7,47512.1,,,,,,,,RR1715,,
J2-1008,ASNAP,2017/08/23 08:39:12,45.82952655,-129.75933471,20610.803651,-9685.537409,359.98,-2.0,3.1,0.00,2609.10,2609.1,HMR2300,-21553.3,-920.0,42366.7,47542.9,,,,,,,,RR1715,,
J2-1008,ASNAP,2017/08/23 08:39:17,45.82952808,-129.75933356,20610.893487,-9685.367145,0.59,-1.8,2.6,0.00,2609.21,2609.21,HMR2300,-21153.3,-606.7,43526.7,48398.4,,,,,,,,RR1715,,
J2-1008,ASNAP,2017/08/23 08:39:22,45.82952949,-129.75933245,20610.979321,-9685.209696,1.67,-2.0,1.7,0.00,2609.18,2609.18,HMR2300,-21393.3,-640.0,43406.7,48396.5,,,,,,,,RR1715,,
J2-1008,ASNAP,2017/08/23 08:39:27,45.82953080,-129.75933138,20611.062128,-9685.064634,2.37,-2.3,2.8,0.00,2609.12,2609.12,HMR2300,-21413.3,-973.3,42993.3,48040.7,,,,,,,,RR1715,,
J2-1008,ASNAP,2017/08/23 08:39:32,45.82953200,-129.75933034,20611.142888,-9684.931416,0.45,-1.8,1.4,0.00,2609.69,2609.69,HMR2300,-20766.7,-20.0,42880.0,47644.0,,,,,,,,RR1715,,
J2-1008,ASNAP,2017/08/23 08:39:37,45.82953310,-129.75932931,20611.222588,-9684.809312,0.89,-1.8,2.2,0.00,2610.01,2610.01,HMR2300,-20753.3,-1280.0,43440.0,48159.9,,,,,,,,RR1715,,
J2-1008,ASNAP,2017/08/23 08:39:42,45.82953410,-129.75932829,20611.301978,-9684.697828,0.70,-2.0,2.7,0.00,2609.91,2609.91,HMR2300,-21153.3,-1386.7,43026.7,47965.4,,,,,,,,RR1715,,
J2-1008,EVT,2017/08/23 08:39:45,45.82953466,-129.75932767,20611.349856,-9684.635656,0.59,-2.1,2.4,0.00,2609.64,2609.64,HMR2300,-21386.7,-1266.7,42926.7,47976.0,,,,,,,,RR1715,DLG,JASON: Jason on bottom USR:eventlogger
J2-1008,ASNAP,2017/08/23 08:39:47,45.82953502,-129.75932726,20611.381990,-9684.596060,0.52,-2.1,2.6,0.00,2609.53,2609.53,HMR2300,-20860.0,-1153.3,43346.7,48118.6,,,,,,,,RR1715,,
J2-1008,ASNAP,2017/08/23 08:39:52,45.82953585,-129.75932621,20611.463085,-9684.503550,0.50,-2.0,2.5,0.00,2609.03,2609.03,HMR2300,-21160.0,-1153.3,42980.0,47920.3,,,,,,,,RR1715,,
J2-1008,ASNAP,2017/08/23 08:39:57,45.82953660,-129.75932515,20611.545722,-9684.419687,0.32,-2.0,2.5,0.00,2608.45,2608.45,HMR2300,-20973.3,-1286.7,43153.3,47997.4,,,,,,,,RR1715,,
J2-1008,ASNAP,2017/08/23 08:40:02,45.82953728,-129.75932406,20611.630222,-9684.343782,1.51,-1.7,2.4,0.00,2608.48,2608.48,HMR2300,-21100.0,-380.0,42886.7,47797.7,,,,,,,,RR1715,,
J2-1008,ASNAP,2017/08/23 08:40:07,45.82953790,-129.75932295,20611.715948,-9684.275729,1.17,-1.6,2.2,0.00,2608.83,2608.83,HMR2300,-20673.3,-786.7,43493.3,48163.0,,,,,,,,RR1715,,
J2-1008,EVT,2017/08/23 08:40:11,45.82953834,-129.75932206,20611.785680,-9684.226247,1.67,-1.8,1.7,0.00,2608.87,2608.87,HMR2300,-20940.0,473.3,43120.0,47937.9,,,,,,,,RR1715,DLG,TXT: USR:eventlogger
J2-1008,EVT,2017/08/23 08:40:11,45.82953834,-129.75932206,20611.785680,-9684.226247,1.67,-1.8,1.7,0.00,2608.87,2608.87,HMR2300,-20840.0,473.3,43106.7,47882.3,,,,,,,,RR1715,DLG,TXT: USR:eventlogger
J2-1008,EVT,2017/08/23 08:40:11,45.82953834,-129.75932206,20611.785680,-9684.226247,1.73,-1.5,1.1,0.00,2608.88,2608.88,HMR2300,-20773.3,53.3,43226.7,47959.1,,,,,,,,RR1715,DLG,TXT: USR:eventlogger
J2-1008,ASNAP,2017/08/23 08:40:12,45.82953845,-129.75932183,20611.803432,-9684.214387,1.73,-1.5,1.1,0.00,2608.88,2608.88,HMR2300,-20713.3,-946.7,43340.0,48044.7,,,,,,,,RR1715,,
J2-1008,ASNAP,2017/08/23 08:40:17,45.82953895,-129.75932068,20611.892581,-9684.158879,1.33,-2.0,1.6,0.00,2609.39,2609.39,HMR2300,-21253.3,-1853.3,43040.0,48037.3,,,,,,,,RR1715,,
J2-1008,EVT,2017/08/23 08:40:20,45.82953923,-129.75931997,20611.947353,-9684.127787,1.49,-1.8,1.2,0.00,2609.51,2609.51,HMR2300,-21333.3,-433.3,42793.3,47818.1,,,,,,,,RR1715,DLG,TXT: flange box in sight USR:eventlogger
J2-1008,ASNAP,2017/08/23 08:40:22,45.82953941,-129.75931949,20611.984373,-9684.107866,1.31,-2.0,3.3,0.00,2609.62,2609.62,HMR2300,-21060.0,-1346.7,43120.0,48007.0,,,,,,,,RR1715,,
J2-1008,ASNAP,2017/08/23 08:40:27,45.82953982,-129.75931831,20612.076073,-9684.061728,1.31,-2.0,2.7,0.00,2609.70,2609.7,HMR2300,-21186.7,-180.0,43053.3,47984.3,,,,,,,,RR1715,,
J2-1008,ASNAP,2017/08/23 08:40:32,45.82954021,-129.75931712,20612.168462,-9684.018981,1.42,-2.1,1.6,0.00,2609.76,2609.76,HMR2300,-21433.3,-153.3,42713.3,47789.5,,,,,,,,RR1715,,
J2-1008,ASNAP,2017/08/23 08:40:37,45.82954058,-129.75931592,20612.261967,-9683.978080,1.32,-2.0,1.6,0.00,2609.80,2609.8,HMR2300,-21086.7,-1120.0,43166.7,48054.8,,,,,,,,RR1715,,
J2-1008,EVT,2017/08/23 08:40:40,45.82954078,-129.75931522,20612.316169,-9683.954928,1.44,-1.9,1.8,0.00,2609.77,2609.77,HMR2300,-21026.7,-80.0,42980.0,47847.8,,,,,,,,RR1715,DLG,TXT: viewing cable around flange box USR:eventlogger
J2-1008,ASNAP,2017/08/23 08:40:42,45.82954092,-129.75931475,20612.352746,-9683.939336,1.45,-1.9,2.9,0.00,2609.81,2609.81,HMR2300,-21206.7,-1266.7,42866.7,47842.2,,,,,,,,RR1715,,
J2-1008,ASNAP,2017/08/23 08:40:47,45.82954129,-129.75931354,20612.446108,-9683.898877,2.04,-1.9,2.7,0.00,2609.72,2609.72,HMR2300,-20953.3,-526.7,43326.7,48130.2,,,,,,,,RR1715,,
J2-1008,ASNAP,2017/08/23 08:40:52,45.82954166,-129.75931240,20612.535127,-9683.857992,1.98,-2.0,2.3,0.00,2609.53,2609.53,HMR2300,-21233.3,-386.7,42820.0,47797.0,,,,,,,,RR1715,,
J2-1008,ASNAP,2017/08/23 08:40:57,45.82954206,-129.75931127,20612.622689,-9683.813355,1.52,-2.0,2.3,0.00,2609.25,2609.25,HMR2300,-21086.7,-626.7,43000.0,47896.1,,,,,,,,RR1715,,
J2-1008,ASNAP,2017/08/23 08:41:02,45.82954250,-129.75931018,20612.707347,-9683.763740,1.44,-2.0,2.4,0.00,2609.01,2609.01,HMR2300,-21220.0,-1086.7,43120.0,48070.8,,,,,,,,RR1715,,
J2-1008,ASNAP,2017/08/23 08:41:07,45.82954301,-129.75930915,20612.787179,-9683.707777,2.41,-1.2,3.5,0.00,2608.83,2608.83,HMR2300,-21080.0,-213.3,42866.7,47769.9,,,,,,,,RR1715,,
J2-1008,ASNAP,2017/08/23 08:41:12,45.82954360,-129.75930815,20612.864201,-9683.641818,359.88,-1.6,2.3,0.00,2609.05,2609.05,HMR2300,-20226.7,-1340.0,43766.7,48233.1,,,,,,,,RR1715,,
J2-1008,ASNAP,2017/08/23 08:41:17,45.82954427,-129.75930725,20612.934112,-9683.566883,2.70,-2.0,2.6,0.00,2609.07,2609.07,HMR2300,-21220.0,-766.7,43073.3,48022.8,,,,,,,,RR1715,,
J2-1008,ASNAP,2017/08/23 08:41:22,45.82954509,-129.75930640,20613.000044,-9683.476711,3.56,-2.2,2.4,0.00,2608.95,2608.95,HMR2300,-21513.3,26.7,42626.7,47747.8,,,,,,,,RR1715,,
J2-1008,ASNAP,2017/08/23 08:41:27,45.82954601,-129.75930565,20613.058501,-9683.373537,1.60,-1.8,2.4,0.00,2608.68,2608.68,HMR2300,-21166.7,-700.0,43180.0,48094.0,,,,,,,,RR1715,,
J2-1008,ASNAP,2017/08/23 08:41:32,45.82954710,-129.75930499,20613.110027,-9683.252755,1.51,-1.7,2.5,0.00,2608.38,2608.38,HMR2300,-21060.0,-1133.3,43086.7,47971.5,,,,,,,,RR1715,,
J2-1008,ASNAP,2017/08/23 08:41:37,45.82954837,-129.75930441,20613.154671,-9683.111807,1.35,-1.8,2.5,0.00,2608.00,2608,HMR2300,-20906.7,-740.0,43066.7,47878.7,,,,,,,,RR1715,,
J2-1008,ASNAP,2017/08/23 08:41:42,45.82954979,-129.75930395,20613.190134,-9682.953815,1.52,-1.5,2.4,0.00,2607.68,2607.68,HMR2300,-20640.0,-720.0,43540.0,48189.8,,,,,,,,RR1715,,
J2-1008,ASNAP,2017/08/23 08:41:47,45.82955145,-129.75930360,20613.217838,-9682.769339,1.14,-1.7,2.3,0.00,2607.27,2607.27,HMR2300,-20926.7,-866.7,43033.3,47859.6,,,,,,,,RR1715,,
J2-1008,ASNAP,2017/08/23 08:41:52,45.82955327,-129.75930336,20613.235904,-9682.567154,1.08,-1.9,2.4,0.00,2606.84,2606.84,HMR2300,-20720.0,-800.0,43300.0,48008.8,,,,,,,,RR1715,,
J2-1008,ASNAP,2017/08/23 08:41:57,45.82955532,-129.75930325,20613.244452,-9682.338964,1.16,-1.7,2.4,0.00,2606.41,2606.41,HMR2300,-20926.7,-1053.3,43233.3,48043.3,,,,,,,,RR1715,,
J2-1008,EVT,2017/08/23 08:41:59,45.82955622,-129.75930324,20613.245146,-9682.238925,1.66,-1.6,2.6,0.00,2606.26,2606.26,HMR2300,-20826.7,-886.7,43226.7,47990.4,,,,,,,,RR1715,DLG,TXT: flying to anchor USR:eventlogger
J2-1008,ASNAP,2017/08/23 08:42:02,45.82955761,-129.75930327,20613.243161,-9682.084141,1.85,-1.4,2.5,0.00,2606.24,2606.24,HMR2300,-20780.0,-913.3,43353.3,48084.9,,,,,,,,RR1715,,
J2-1008,EVT,2017/08/23 08:42:06,45.82955958,-129.75930338,20613.234539,-9681.866075,1.95,-1.5,2.6,0.00,2606.38,2606.38,HMR2300,-20780.0,-826.7,43313.3,48047.2,,,,,,,,RR1715,DLG,TXT: viewing anchor USR:eventlogger
J2-1008,ASNAP,2017/08/23 08:42:07,45.82956010,-129.75930342,20613.231255,-9681.808030,1.94,-1.4,2.7,0.00,2606.50,2606.5,HMR2300,-20766.7,-873.3,43340.0,48066.3,,,,,,,,RR1715,,
J2-1008,ASNAP,2017/08/23 08:42:12,45.82956284,-129.75930372,20613.208226,-9681.503136,0.15,-1.6,1.7,0.00,2607.14,2607.14,HMR2300,-20800.0,-1526.7,43393.3,48145.1,,,,,,,,RR1715,,
J2-1008,EVT,2017/08/23 08:42:17,45.82956573,-129.75930415,20613.174528,-9681.182607,1.43,-1.5,2.2,0.00,2607.64,2607.64,HMR2300,-20766.7,-880.0,43273.3,48006.4,,,,,,,,RR1715,DLG,TXT: anchor <1 m from cable USR:eventlogger
J2-1008,ASNAP,2017/08/23 08:42:17,45.82956573,-129.75930415,20613.174528,-9681.182607,1.43,-1.5,2.2,0.00,2607.64,2607.64,HMR2300,-20706.7,-893.3,43373.3,48070.9,,,,,,,,RR1715,,
J2-1008,ASNAP,2017/08/23 08:42:22,45.82956889,-129.75930475,20613.127973,-9680.831343,0.87,-1.5,2.4,0.00,2608.00,2608,HMR2300,-20693.3,-1180.0,43533.3,48215.7,,,,,,,,RR1715,,
J2-1008,ASNAP,2017/08/23 08:42:27,45.82957217,-129.75930550,20613.070239,-9680.466371,0.74,-1.8,3.2,0.00,2608.56,2608.56,HMR2300,-20673.3,-1166.7,43473.3,48152.7,,,,,,,,RR1715,,
J2-1008,ASNAP,2017/08/23 08:42:32,45.82957566,-129.75930642,20612.998885,-9680.078937,1.19,-1.6,2.2,0.00,2608.85,2608.85,HMR2300,-20726.7,-560.0,43486.7,48176.7,,,,,,,,RR1715,,
J2-1008,ASNAP,2017/08/23 08:42:37,45.82957931,-129.75930752,20612.913738,-9679.672337,1.18,-1.7,2.1,0.00,2608.99,2608.99,HMR2300,-20693.3,-793.3,43360.0,48051.4,,,,,,,,RR1715,,
J2-1008,ASNAP,2017/08/23 08:42:42,45.82958303,-129.75930877,20612.816256,-9679.259711,1.59,-2.0,2.8,0.00,2609.06,2609.06,HMR2300,-21080.0,-140.0,42926.7,47823.5,,,,,,,,RR1715,,
J2-1008,ASNAP,2017/08/23 08:42:47,45.82958694,-129.75931025,20612.701459,-9678.824919,1.80,-1.8,2.1,0.00,2609.27,2609.27,HMR2300,-20980.0,-573.3,43440.0,48244.4,,,,,,,,RR1715,,
J2-1008,ASNAP,2017/08/23 08:42:52,45.82959083,-129.75931189,20612.574257,-9678.391755,1.42,-1.6,2.2,0.00,2609.31,2609.31,HMR2300,-20900.0,-1013.3,43066.7,47880.8,,,,,,,,RR1715,,
J2-1008,ASNAP,2017/08/23 08:42:57,45.82959485,-129.75931377,20612.428430,-9677.945000,2.25,-1.5,3.5,0.00,2609.32,2609.32,HMR2300,-20753.3,-1126.7,43420.0,48138.0,,,,,,,,RR1715,,
J2-1008,ASNAP,2017/08/23 08:43:02,45.82959888,-129.75931586,20612.266668,-9677.497540,2.08,-1.7,2.6,0.00,2609.58,2609.58,HMR2300,-20966.7,-393.3,43086.7,47918.9,,,,,,,,RR1715,,
J2-1008,EVT,2017/08/23 08:43:06,45.82960205,-129.75931766,20612.126916,-9677.145057,1.86,-2.0,2.6,0.00,2609.86,2609.86,HMR2300,-21293.3,-820.0,43033.3,48020.3,,,,,,,,RR1715,DLG,TXT: anchor sunk less than one block USR:eventlogger
J2-1008,ASNAP,2017/08/23 08:43:07,45.82960283,-129.75931812,20612.090845,-9677.058170,1.85,-1.8,2.3,0.00,2609.93,2609.93,HMR2300,-20913.3,-373.3,43206.7,48003.4,,,,,,,,RR1715,,
J2-1008,ASNAP,2017/08/23 08:43:12,45.82960637,-129.75932035,20611.918282,-9676.664620,1.76,-1.7,2.2,0.00,2610.14,2610.14,HMR2300,-21026.7,-533.3,43173.3,48024.4,,,,,,,,RR1715,,
J2-1008,ASNAP,2017/08/23 08:43:17,45.82961014,-129.75932296,20611.715400,-9676.246329,1.90,-1.9,2.0,0.00,2610.33,2610.33,HMR2300,-21273.3,-800.0,42953.3,47939.4,,,,,,,,RR1715,,
J2-1008,EVT,2017/08/23 08:43:19,45.82961173,-129.75932414,20611.623985,-9676.069777,1.63,-1.7,2.6,0.00,2610.35,2610.35,HMR2300,-20866.7,-626.7,43500.0,48250.0,,,,,,,,RR1715,DLG,TXT: continuing to view anchor USR:eventlogger
J2-1008,ASNAP,2017/08/23 08:43:22,45.82961408,-129.75932598,20611.481231,-9675.807812,1.56,-1.9,2.5,0.00,2610.35,2610.35,HMR2300,-21246.7,-1046.7,43113.3,48075.7,,,,,,,,RR1715,,
J2-1008,ASNAP,2017/08/23 08:43:27,45.82961782,-129.75932915,20611.235572,-9675.392616,2.66,-1.8,2.6,0.00,2610.26,2610.26,HMR2300,-21300.0,-313.3,42840.0,47844.1,,,,,,,,RR1715,,
J2-1008,ASNAP,2017/08/23 08:43:32,45.82962143,-129.75933255,20610.971531,-9674.990907,2.91,-1.7,2.4,0.00,2610.21,2610.21,HMR2300,-20966.7,-153.3,43273.3,48085.4,,,,,,,,RR1715,,
J2-1008,ASNAP,2017/08/23 08:43:37,45.82962496,-129.75933622,20610.686471,-9674.599248,2.08,-1.8,2.4,0.00,2610.25,2610.25,HMR2300,-20993.3,-406.7,43126.7,47966.6,,,,,,,,RR1715,,
J2-1008,EVT,2017/08/23 08:43:42,45.82962824,-129.75934003,20610.391435,-9674.234574,1.78,-1.9,2.4,0.00,2610.29,2610.29,HMR2300,-21133.3,-533.3,42940.0,47861.7,,,,,,,,RR1715,DLG,TXT: anchor did not skid USR:eventlogger
J2-1008,ASNAP,2017/08/23 08:43:42,45.82962824,-129.75934003,20610.391435,-9674.234574,1.78,-1.9,2.4,0.00,2610.29,2610.29,HMR2300,-21133.3,-533.3,42940.0,47861.7,,,,,,,,RR1715,,
J2-1008,ASNAP,2017/08/23 08:43:47,45.82963144,-129.75934416,20610.071067,-9673.878623,1.77,-1.9,2.4,0.00,2610.29,2610.29,HMR2300,-20946.7,-500.0,43233.3,48043.0,,,,,,,,RR1715,,
J2-1008,EVT,2017/08/23 08:43:47,45.82963144,-129.75934416,20610.071067,-9673.878623,1.82,-1.8,2.4,0.00,2610.28,2610.28,HMR2300,-20906.7,-726.7,43493.3,48262.7,,,,,,,,RR1715,DLG,TXT: impact ripple of anchor visible USR:eventlogger
J2-1008,ASNAP,2017/08/23 08:43:52,45.82963443,-129.75934847,20609.736571,-9673.546022,1.78,-1.9,2.4,0.00,2610.26,2610.26,HMR2300,-21293.3,-773.3,42886.7,47888.1,,,,,,,,RR1715,,
J2-1008,ASNAP,2017/08/23 08:43:57,45.82963704,-129.75935261,20609.415517,-9673.256091,1.86,-1.9,2.5,0.00,2610.26,2610.26,HMR2300,-21346.7,-746.7,42886.7,47911.4,,,,,,,,RR1715,,
J2-1008,ASNAP,2017/08/23 08:44:02,45.82963848,-129.75935506,20609.225082,-9673.095920,1.83,-1.9,2.4,0.00,2610.18,2610.18,HMR2300,-21026.7,-753.3,43393.3,48225.2,,,,,,,,RR1715,,
J2-1008,ASNAP,2017/08/23 08:44:07,45.82964020,-129.75935834,20608.970593,-9672.904629,1.74,-1.9,2.4,0.00,2610.11,2610.11,HMR2300,-21000.0,-720.0,43413.3,48231.1,,,,,,,,RR1715,,
J2-1008,ASNAP,2017/08/23 08:44:12,45.82964237,-129.75936273,20608.630359,-9672.664166,1.71,-1.9,2.4,0.00,2610.18,2610.18,HMR2300,-21200.0,-633.3,42940.0,47892.4,,,,,,,,RR1715,,
J2-1008,ASNAP,2017/08/23 08:44:17,45.82964447,-129.75936751,20608.259416,-9672.430645,1.76,-1.9,2.5,0.00,2610.26,2610.26,HMR2300,-20986.7,-746.7,43493.3,48297.7,,,,,,,,RR1715,,
J2-1008,ASNAP,2017/08/23 08:44:22,45.82964649,-129.75937268,20607.858437,-9672.205707,0.10,-1.8,2.4,0.00,2610.24,2610.24,HMR2300,-20780.0,-2013.3,43406.7,48166.4,,,,,,,,RR1715,,
J2-1008,ASNAP,2017/08/23 08:44:27,45.82964826,-129.75937777,20607.463200,-9672.009544,347.17,-1.8,2.3,0.00,2610.11,2610.11,HMR2300,-18486.7,-5233.3,44306.7,48293.1,,,,,,,,RR1715,,
J2-1008,ASNAP,2017/08/23 08:44:32,45.82964984,-129.75938298,20607.059122,-9671.833027,320.81,-1.6,2.1,0.00,2609.89,2609.89,HMR2300,-9513.3,-11793.3,47220.0,49591.5,,,,,,,,RR1715,,
J2-1008,ASNAP,2017/08/23 08:44:37,45.82965128,-129.75938834,20606.642956,-9671.673078,288.79,-1.6,1.4,0.00,2609.62,2609.62,HMR2300,-1246.7,-12780.0,47893.3,49584.8,,,,,,,,RR1715,,
J2-1008,ASNAP,2017/08/23 08:44:42,45.82965250,-129.75939356,20606.238337,-9671.537320,299.35,-1.9,2.2,0.00,2609.45,2609.45,HMR2300,-4533.3,-13293.3,47606.7,49635.3,,,,,,,,RR1715,,
J2-1008,ASNAP,2017/08/23 08:44:47,45.82965359,-129.75939891,20605.823444,-9671.416555,298.27,-1.6,2.1,0.00,2609.17,2609.17,HMR2300,-3900.0,-13220.0,48126.7,50061.5,,,,,,,,RR1715,,
J2-1008,EVT,2017/08/23 08:44:51,45.82965434,-129.75940312,20605.496359,-9671.333010,298.28,-1.2,2.0,0.00,2608.96,2608.96,HMR2300,-3706.7,-13020.0,47813.3,49692.8,,,,,,,,RR1715,DLG,TXT: viewing cable USR:eventlogger
J2-1008,ASNAP,2017/08/23 08:44:52,45.82965451,-129.75940415,20605.416701,-9671.314218,298.37,-1.1,2.1,0.00,2608.92,2608.92,HMR2300,-3680.0,-13193.3,47893.3,49813.4,,,,,,,,RR1715,,
J2-1008,ASNAP,2017/08/23 08:44:57,45.82965529,-129.75940935,20605.013526,-9671.227831,298.25,-1.4,2.2,0.00,2609.17,2609.17,HMR2300,-3780.0,-13226.7,47860.0,49797.7,,,,,,,,RR1715,,
J2-1008,ASNAP,2017/08/23 08:45:02,45.82965594,-129.75941445,20604.617289,-9671.155796,296.82,-1.5,2.2,0.00,2609.61,2609.61,HMR2300,-3073.3,-12613.3,48106.7,49827.6,,,,,,,,RR1715,,
J2-1008,ASNAP,2017/08/23 08:45:07,45.82965645,-129.75941934,20604.238151,-9671.098391,296.91,-1.7,1.8,0.00,2610.14,2610.14,HMR2300,-3840.0,-13206.7,47686.7,49630.4,,,,,,,,RR1715,,
J2-1008,ASNAP,2017/08/23 08:45:12,45.82965687,-129.75942415,20603.865267,-9671.051904,299.59,-1.5,2.3,0.00,2610.39,2610.39,HMR2300,-4826.7,-13300.0,47433.3,49498.6,,,,,,,,RR1715,,
J2-1008,ASNAP,2017/08/23 08:45:17,45.82965719,-129.75942870,20603.512160,-9671.016672,299.29,-1.9,2.2,0.00,2610.52,2610.52,HMR2300,-4920.0,-13186.7,47580.0,49618.1,,,,,,,,RR1715,,
J2-1008,ASNAP,2017/08/23 08:45:22,45.82965743,-129.75943318,20603.164620,-9670.990105,303.09,-1.4,2.8,0.00,2610.59,2610.59,HMR2300,-5520.0,-13140.0,47560.0,49649.6,,,,,,,,RR1715,,
J2-1008,ASNAP,2017/08/23 08:45:27,45.82965758,-129.75943683,20602.881309,-9670.973615,301.45,-1.4,2.5,0.00,2610.67,2610.67,HMR2300,-4960.0,-12826.7,47813.3,49751.8,,,,,,,,RR1715,,
J2-1008,ASNAP,2017/08/23 08:45:32,45.82965764,-129.75943889,20602.721097,-9670.966744,300.33,-1.3,1.9,0.00,2610.87,2610.87,HMR2300,-4560.0,-12780.0,47920.0,49804.1,,,,,,,,RR1715,,
J2-1008,ASNAP,2017/08/23 08:45:37,45.82965768,-129.75944048,20602.597782,-9670.962485,301.16,-1.4,1.9,0.00,2611.12,2611.12,HMR2300,-4953.3,-12486.7,47733.3,49587.5,,,,,,,,RR1715,,
J2-1008,ASNAP,2017/08/23 08:45:42,45.82965771,-129.75944301,20602.401985,-9670.958577,302.21,-1.8,1.9,0.00,2611.24,2611.24,HMR2300,-5526.7,-13006.7,47673.3,49723.9,,,,,,,,RR1715,,
J2-1008,ASNAP,2017/08/23 08:45:47,45.82965773,-129.75944648,20602.132915,-9670.956911,301.77,-1.6,2.7,0.00,2611.39,2611.39,HMR2300,-5440.0,-13373.3,47380.0,49530.8,,,,,,,,RR1715,,
J2-1008,ASNAP,2017/08/23 08:45:52,45.82965769,-129.75944962,20601.888651,-9670.960427,301.39,-1.2,1.8,0.00,2611.49,2611.49,HMR2300,-5066.7,-12673.3,47740.0,49652.7,,,,,,,,RR1715,,
J2-1008,EVT,2017/08/23 08:45:57,45.82965762,-129.75945238,20601.674950,-9670.968517,300.83,-1.1,1.6,0.00,2611.68,2611.68,HMR2300,-4560.0,-12560.0,48073.3,49895.8,,,,,,,,RR1715,DLG,TXT: viewing flange box USR:eventlogger
J2-1008,ASNAP,2017/08/23 08:45:57,45.82965762,-129.75945238,20601.674950,-9670.968517,300.83,-1.1,1.6,0.00,2611.68,2611.68,HMR2300,-4653.3,-12606.7,47960.0,49807.1,,,,,,,,RR1715,,
J2-1008,ASNAP,2017/08/23 08:46:02,45.82965751,-129.75945477,20601.489665,-9670.980505,300.83,-1.4,1.8,0.00,2611.79,2611.79,HMR2300,-5140.0,-12640.0,47666.7,49581.2,,,,,,,,RR1715,,
J2-1008,ASNAP,2017/08/23 08:46:07,45.82965737,-129.75945678,20601.333767,-9670.995931,301.46,-1.2,2.6,0.00,2611.88,2611.88,HMR2300,-5133.3,-13333.3,47486.7,49589.4,,,,,,,,RR1715,,
J2-1008,ASNAP,2017/08/23 08:46:12,45.82965721,-129.75945840,20601.208224,-9671.014367,300.79,-1.7,2.2,0.00,2612.03,2612.03,HMR2300,-5026.7,-13120.0,47413.3,49451.2,,,,,,,,RR1715,,
J2-1008,ASNAP,2017/08/23 08:46:17,45.82965702,-129.75945962,20601.113561,-9671.035426,301.03,-1.5,2.1,0.00,2611.98,2611.98,HMR2300,-4920.0,-13100.0,47906.7,49908.6,,,,,,,,RR1715,,
J2-1008,EVT,2017/08/23 08:46:21,45.82965685,-129.75946031,20601.060030,-9671.053945,301.48,-1.6,2.1,0.00,2611.90,2611.9,HMR2300,-5413.3,-12960.0,47446.7,49481.8,,,,,,,,RR1715,DLG,TXT: searching for safety line on flange box USR:eventlogger
J2-1008,ASNAP,2017/08/23 08:46:22,45.82965681,-129.75946044,20601.049733,-9671.058781,301.55,-1.5,2.0,0.00,2611.90,2611.9,HMR2300,-5060.0,-13066.7,47940.0,49945.8,,,,,,,,RR1715,,
J2-1008,ASNAP,2017/08/23 08:46:27,45.82965658,-129.75946087,20601.016466,-9671.084119,301.39,-1.5,2.1,0.00,2611.87,2611.87,HMR2300,-4993.3,-12846.7,47693.3,49645.0,,,,,,,,RR1715,,
J2-1008,ASNAP,2017/08/23 08:46:32,45.82965634,-129.75946091,20601.013056,-9671.111140,301.07,-1.5,2.1,0.00,2611.96,2611.96,HMR2300,-4966.7,-12793.3,47620.0,49558.1,,,,,,,,RR1715,,
J2-1008,ASNAP,2017/08/23 08:46:37,45.82965608,-129.75946058,20601.038599,-9671.139723,301.22,-1.5,2.1,0.00,2612.00,2612,HMR2300,-4880.0,-13093.3,48066.7,50056.5,,,,,,,,RR1715,,
J2-1008,ASNAP,2017/08/23 08:46:42,45.82965581,-129.75945990,20601.091738,-9671.169509,301.31,-1.4,2.1,0.00,2611.97,2611.97,HMR2300,-4880.0,-12806.7,47893.3,49815.6,,,,,,,,RR1715,,
J2-1008,ASNAP,2017/08/23 08:46:47,45.82965554,-129.75945888,20601.170906,-9671.200286,301.40,-1.5,2.1,0.00,2611.91,2611.91,HMR2300,-4973.3,-12806.7,47780.0,49715.9,,,,,,,,RR1715,,
J2-1008,ASNAP,2017/08/23 08:46:52,45.82965525,-129.75945754,20601.274509,-9671.231956,301.28,-1.5,2.1,0.00,2611.91,2611.91,HMR2300,-5273.3,-13080.0,47586.7,49632.5,,,,,,,,RR1715,,
J2-1008,EVT,2017/08/23 08:46:54,45.82965514,-129.75945693,20601.322219,-9671.244795,301.23,-1.5,2.0,0.00,2611.92,2611.92,HMR2300,-5166.7,-12820.0,47466.7,49438.2,,,,,,,,RR1715,DLG,Biology: Echinoderm USR:eventlogger
J2-1008,EVT,2017/08/23 08:46:55,45.82965508,-129.75945660,20601.347362,-9671.251252,301.18,-1.5,2.1,0.00,2611.94,2611.94,HMR2300,-4960.0,-13106.7,48013.3,50016.7,,,,,,,,RR1715,DLG,Biology: Echinoderm USR:eventlogger
J2-1008,ASNAP,2017/08/23 08:46:57,45.82965496,-129.75945592,20601.400147,-9671.264235,300.52,-1.8,1.7,0.00,2611.97,2611.97,HMR2300,-5326.7,-12560.0,47833.3,49740.9,,,,,,,,RR1715,,
J2-1008,ASNAP,2017/08/23 08:47:02,45.82965467,-129.75945405,20601.545498,-9671.296998,300.83,-1.8,1.7,0.00,2611.97,2611.97,HMR2300,-4993.3,-12746.7,47740.0,49664.1,,,,,,,,RR1715,,
J2-1008,ASNAP,2017/08/23 08:47:07,45.82965437,-129.75945195,20601.708423,-9671.330224,305.11,-1.7,2.1,0.00,2611.89,2611.89,HMR2300,-7026.7,-12580.0,47240.0,49388.7,,,,,,,,RR1715,,
J2-1008,ASNAP,2017/08/23 08:47:12,45.82965406,-129.75944966,20601.886082,-9671.363827,308.59,-1.6,2.1,0.00,2611.87,2611.87,HMR2300,-7500.0,-12413.3,47553.3,49715.8,,,,,,,,RR1715,,
J2-1008,EVT,2017/08/23 08:47:14,45.82965394,-129.75944870,20601.960622,-9671.377370,309.55,-1.7,2.2,0.00,2611.89,2611.89,HMR2300,-7860.0,-12406.7,47553.3,49769.7,,,,,,,,RR1715,DLG,TXT: crustaceans surrounding flange box cable and anchor USR:eventlogger
J2-1008,ASNAP,2017/08/23 08:47:17,45.82965376,-129.75944722,20602.075577,-9671.397802,308.14,-1.5,2.0,0.00,2611.87,2611.87,HMR2300,-7100.0,-12260.0,47766.7,49823.4,,,,,,,,RR1715,,
J2-1008,ASNAP,2017/08/23 08:47:22,45.82965345,-129.75944465,20602.274521,-9671.432315,309.11,-1.7,1.9,0.00,2611.78,2611.78,HMR2300,-8340.0,-12246.7,47006.7,49286.5,,,,,,,,RR1715,,
J2-1008,ASNAP,2017/08/23 08:47:27,45.82965313,-129.75944200,20602.480254,-9671.467558,318.75,-1.6,2.5,0.00,2611.56,2611.56,HMR2300,-10740.0,-11386.7,46773.3,49322.9,,,,,,,,RR1715,,
J2-1008,ASNAP,2017/08/23 08:47:32,45.82965281,-129.75943930,20602.690047,-9671.503782,320.09,-1.8,2.4,0.00,2611.28,2611.28,HMR2300,-11426.7,-10960.0,46733.3,49342.6,,,,,,,,RR1715,,
J2-1008,ASNAP,2017/08/23 08:47:37,45.82965247,-129.75943656,20602.902072,-9671.541451,319.33,-1.6,2.8,0.00,2611.34,2611.34,HMR2300,-11493.3,-12300.0,46393.3,49353.1,,,,,,,,RR1715,,
J2-1008,ASNAP,2017/08/23 08:47:42,45.82965211,-129.75943383,20603.114216,-9671.581030,319.00,-1.7,2.7,0.00,2611.63,2611.63,HMR2300,-11313.3,-11426.7,46793.3,49479.0,,,,,,,,RR1715,,
J2-1008,ASNAP,2017/08/23 08:47:47,45.82965173,-129.75943112,20603.324539,-9671.623021,319.15,-1.7,2.1,0.00,2611.70,2611.7,HMR2300,-11346.7,-10966.7,46773.3,49363.5,,,,,,,,RR1715,,
J2-1008,ASNAP,2017/08/23 08:47:52,45.82965134,-129.75942852,20603.526250,-9671.666775,319.25,-2.1,2.0,0.00,2611.49,2611.49,HMR2300,-11440.0,-11366.7,46920.0,49614.1,,,,,,,,RR1715,,
J2-1008,ASNAP,2017/08/23 08:47:57,45.82965091,-129.75942596,20603.724353,-9671.714214,318.85,-1.5,2.0,0.00,2611.26,2611.26,HMR2300,-10913.3,-10473.3,46773.3,49158.3,,,,,,,,RR1715,,
J2-1008,ASNAP,2017/08/23 08:48:02,45.82965045,-129.75942348,20603.917087,-9671.765586,313.29,-1.5,2.3,0.00,2611.16,2611.16,HMR2300,-8453.3,-12506.7,47486.7,49828.3,,,,,,,,RR1715,,
J2-1008,ASNAP,2017/08/23 08:48:07,45.82964995,-129.75942110,20604.101708,-9671.821032,307.18,-1.3,1.7,0.00,2611.08,2611.08,HMR2300,-7040.0,-12526.7,47533.3,49657.8,,,,,,,,RR1715,,
J2-1008,ASNAP,2017/08/23 08:48:12,45.82964940,-129.75941876,20604.282854,-9671.882666,307.18,-1.4,2.2,0.00,2611.04,2611.04,HMR2300,-7120.0,-12680.0,47140.0,49332.1,,,,,,,,RR1715,,
J2-1008,ASNAP,2017/08/23 08:48:17,45.82964880,-129.75941655,20604.454527,-9671.949266,301.63,-1.5,1.7,0.00,2610.86,2610.86,HMR2300,-5146.7,-12646.7,47720.0,49634.9,,,,,,,,RR1715,,
J2-1008,EVT,2017/08/23 08:48:18,45.82964867,-129.75941612,20604.488024,-9671.963362,301.16,-1.3,1.9,0.00,2610.86,2610.86,HMR2300,-4266.7,-13093.3,47860.0,49801.8,,,,,,,,RR1715,DLG,TXT: safety line found USR:eventlogger
J2-1008,ASNAP,2017/08/23 08:48:22,45.82964814,-129.75941442,20604.619525,-9672.022582,301.98,-1.6,1.3,0.00,2610.83,2610.83,HMR2300,-5846.7,-12013.3,47740.0,49574.3,,,,,,,,RR1715,,
J2-1008,ASNAP,2017/08/23 08:48:27,45.82964742,-129.75941242,20604.774968,-9672.101821,300.64,-1.2,1.5,0.00,2611.13,2611.13,HMR2300,-4686.7,-12706.7,48133.3,50002.4,,,,,,,,RR1715,,
J2-1008,EVT,2017/08/23 08:48:29,45.82964713,-129.75941166,20604.834308,-9672.135162,300.29,-1.6,2.3,0.00,2611.33,2611.33,HMR2300,-4980.0,-13540.0,47413.3,49559.6,,,,,,,,RR1715,DLG,TXT: situating to grab connector USR:eventlogger
J2-1008,ASNAP,2017/08/23 08:48:32,45.82964666,-129.75941055,20604.920366,-9672.186999,300.72,-1.5,1.4,0.00,2611.52,2611.52,HMR2300,-4860.0,-12953.3,48066.7,50018.1,,,,,,,,RR1715,,
J2-1008,ASNAP,2017/08/23 08:48:37,45.82964583,-129.75940879,20605.056302,-9672.278550,300.13,-1.4,2.2,0.00,2611.73,2611.73,HMR2300,-5000.0,-13313.3,47413.3,49500.2,,,,,,,,RR1715,,
J2-1008,ASNAP,2017/08/23 08:48:42,45.82964495,-129.75940716,20605.182754,-9672.376497,300.28,-1.6,2.0,0.00,2611.76,2611.76,HMR2300,-4920.0,-13226.7,47873.3,49910.0,,,,,,,,RR1715,,
J2-1008,ASNAP,2017/08/23 08:48:47,45.82964402,-129.75940566,20605.299391,-9672.480412,300.34,-2.1,1.7,0.00,2611.87,2611.87,HMR2300,-5100.0,-12553.3,47746.7,49632.1,,,,,,,,RR1715,,
J2-1008,ASNAP,2017/08/23 08:48:52,45.82964304,-129.75940429,20605.405494,-9672.589051,300.22,-1.9,2.2,0.00,2611.97,2611.97,HMR2300,-4893.3,-13293.3,47960.0,50008.2,,,,,,,,RR1715,,
J2-1008,ASNAP,2017/08/23 08:48:57,45.82964200,-129.75940303,20605.503692,-9672.704764,300.39,-1.6,2.1,0.00,2611.90,2611.9,HMR2300,-4866.7,-13166.7,47906.7,49920.9,,,,,,,,RR1715,,
J2-1008,ASNAP,2017/08/23 08:49:02,45.82964090,-129.75940187,20605.593692,-9672.826798,300.63,-1.6,2.1,0.00,2611.81,2611.81,HMR2300,-4886.7,-13033.3,47973.3,49951.9,,,,,,,,RR1715,,
J2-1008,ASNAP,2017/08/23 08:49:07,45.82963976,-129.75940082,20605.675012,-9672.953919,300.51,-1.6,2.1,0.00,2611.78,2611.78,HMR2300,-4920.0,-12846.7,47586.7,49535.2,,,,,,,,RR1715,,
J2-1008,ASNAP,2017/08/23 08:49:12,45.82963857,-129.75939987,20605.748379,-9673.086226,300.44,-2.3,2.4,0.00,2611.86,2611.86,HMR2300,-5300.0,-13206.7,47766.7,49841.4,,,,,,,,RR1715,,
J2-1008,ASNAP,2017/08/23 08:49:17,45.82963734,-129.75939903,20605.814105,-9673.223082,300.55,-2.2,2.4,0.00,2611.92,2611.92,HMR2300,-5480.0,-13600.0,47893.3,50087.5,,,,,,,,RR1715,,
J2-1008,EVT,2017/08/23 08:49:21,45.82963633,-129.75939842,20605.861373,-9673.335256,300.52,-2.0,2.4,0.00,2611.90,2611.9,HMR2300,-5580.0,-13320.0,47353.3,49506.5,,,,,,,,RR1715,DLG,TXT: moving arm into position to grab connector USR:eventlogger
J2-1008,ASNAP,2017/08/23 08:49:22,45.82963607,-129.75939827,20605.872492,-9673.363637,300.55,-2.1,2.5,0.00,2611.90,2611.9,HMR2300,-5286.7,-13500.0,47940.0,50084.4,,,,,,,,RR1715,,
J2-1008,ASNAP,2017/08/23 08:49:27,45.82963479,-129.75939762,20605.923625,-9673.505941,300.45,-2.1,2.6,0.00,2611.83,2611.83,HMR2300,-5526.7,-13366.7,47386.7,49545.0,,,,,,,,RR1715,,
J2-1008,ASNAP,2017/08/23 08:49:32,45.82963348,-129.75939703,20605.968811,-9673.651787,300.14,-2.2,2.4,0.00,2611.81,2611.81,HMR2300,-5360.0,-13520.0,47780.0,49944.5,,,,,,,,RR1715,,
J2-1008,ASNAP,2017/08/23 08:49:37,45.82963214,-129.75939652,20606.008552,-9673.800843,300.57,-2.4,2.5,0.00,2611.82,2611.82,HMR2300,-5573.3,-13686.7,47753.3,49987.7,,,,,,,,RR1715,,
J2-1008,ASNAP,2017/08/23 08:49:42,45.82963078,-129.75939608,20606.042936,-9673.951533,300.61,-2.5,2.5,0.00,2611.89,2611.89,HMR2300,-5460.0,-13453.3,47926.7,50077.6,,,,,,,,RR1715,,
J2-1008,ASNAP,2017/08/23 08:49:47,45.82962942,-129.75939570,20606.072322,-9674.102976,300.41,-2.5,2.5,0.00,2611.91,2611.91,HMR2300,-5666.7,-13253.3,47473.3,49613.3,,,,,,,,RR1715,,
J2-1008,ASNAP,2017/08/23 08:49:52,45.82962806,-129.75939538,20606.097076,-9674.254429,300.43,-2.4,2.5,0.00,2611.85,2611.85,HMR2300,-5800.0,-13486.7,47333.3,49557.8,,,,,,,,RR1715,,
J2-1008,ASNAP,2017/08/23 08:49:57,45.82962670,-129.75939512,20606.117525,-9674.405354,300.47,-2.4,2.5,0.00,2611.81,2611.81,HMR2300,-5780.0,-13440.0,47393.3,49600.1,,,,,,,,RR1715,,
J2-1008,ASNAP,2017/08/23 08:50:02,45.82962536,-129.75939491,20606.133849,-9674.554570,300.55,-2.4,2.4,0.00,2611.82,2611.82,HMR2300,-5786.7,-13560.0,47740.0,49964.7,,,,,,,,RR1715,,
J2-1008,ASNAP,2017/08/23 08:50:07,45.82962404,-129.75939475,20606.146195,-9674.701202,300.52,-2.5,2.4,0.00,2611.89,2611.89,HMR2300,-5680.0,-13300.0,47613.3,49761.2,,,,,,,,RR1715,,
J2-1008,ASNAP,2017/08/23 08:50:12,45.82962275,-129.75939464,20606.154636,-9674.844719,300.45,-2.5,2.5,0.00,2611.89,2611.89,HMR2300,-5746.7,-13646.7,47893.3,50130.1,,,,,,,,RR1715,,
J2-1008,EVT,2017/08/23 08:50:15,45.82962199,-129.75939460,20606.157793,-9674.928746,300.64,-2.5,2.4,0.00,2611.86,2611.86,HMR2300,-5593.3,-13520.0,47886.7,50072.0,,,,,,,,RR1715,DLG,TXT: attempting to grab connector USR:eventlogger
J2-1008,ASNAP,2017/08/23 08:50:17,45.82962150,-129.75939458,20606.159082,-9674.983679,300.87,-2.3,2.5,0.00,2611.84,2611.84,HMR2300,-5713.3,-13220.0,47826.7,49948.0,,,,,,,,RR1715,,
J2-1008,EVT,2017/08/23 08:50:19,45.82962101,-129.75939457,20606.159706,-9675.037684,301.19,-2.9,2.8,0.00,2611.84,2611.84,HMR2300,-6280.0,-13993.3,47626.7,50035.5,,,,,,,,RR1715,DLG,TXT: connector grabbed USR:eventlogger
J2-1008,ASNAP,2017/08/23 08:50:22,45.82962030,-129.75939458,20606.159358,-9675.116880,300.48,-2.1,2.5,0.00,2611.82,2611.82,HMR2300,-5386.7,-13526.7,47486.7,49668.6,,,,,,,,RR1715,,
J2-1008,EVT,2017/08/23 08:50:23,45.82962007,-129.75939458,20606.158890,-9675.142784,300.40,-2.2,2.9,0.00,2611.84,2611.84,HMR2300,-5586.7,-13933.3,47746.7,50050.9,,,,,,,,RR1715,DLG,TXT: lifting connector USR:eventlogger
J2-1008,ASNAP,2017/08/23 08:50:27,45.82961916,-129.75939463,20606.155170,-9675.243641,300.48,-2.4,2.9,0.00,2611.91,2611.91,HMR2300,-5300.0,-14113.3,47740.0,50063.8,,,,,,,,RR1715,,
J2-1008,ASNAP,2017/08/23 08:50:32,45.82961809,-129.75939475,20606.146092,-9675.362484,300.45,-2.6,2.9,0.00,2611.93,2611.93,HMR2300,-5713.3,-13813.3,47573.3,49866.5,,,,,,,,RR1715,,
J2-1008,ASNAP,2017/08/23 08:50:37,45.82961710,-129.75939493,20606.131647,-9675.472044,300.32,-2.5,2.6,0.00,2611.90,2611.9,HMR2300,-5360.0,-13480.0,47926.7,50074.0,,,,,,,,RR1715,,
J2-1008,ASNAP,2017/08/23 08:50:42,45.82961622,-129.75939519,20606.111525,-9675.569904,300.47,-2.5,2.6,0.00,2611.84,2611.84,HMR2300,-5826.7,-13613.3,47366.7,49627.4,,,,,,,,RR1715,,
J2-1008,ASNAP,2017/08/23 08:50:47,45.82961543,-129.75939554,20606.084435,-9675.657522,300.49,-2.2,2.4,0.00,2611.87,2611.87,HMR2300,-5740.0,-13560.0,47320.0,49558.1,,,,,,,,RR1715,,
J2-1008,EVT,2017/08/23 08:50:52,45.82961477,-129.75939598,20606.050522,-9675.731737,300.20,-2.8,3.1,0.00,2611.91,2611.91,HMR2300,-5880.0,-14180.0,47586.7,50001.4,,,,,,,,RR1715,DLG,TXT: assessing grib on connector USR:eventlogger
J2-1008,ASNAP,2017/08/23 08:50:52,45.82961477,-129.75939598,20606.050522,-9675.731737,300.20,-2.8,3.1,0.00,2611.91,2611.91,HMR2300,-5780.0,-14113.3,47713.3,50091.5,,,,,,,,RR1715,,
J2-1008,ASNAP,2017/08/23 08:50:57,45.82961422,-129.75939652,20606.008419,-9675.792190,300.10,-3.6,2.6,0.00,2611.91,2611.91,HMR2300,-6026.7,-13700.0,47713.3,50005.7,,,,,,,,RR1715,,
J2-1008,EVT,2017/08/23 08:50:58,45.82961413,-129.75939665,20605.998763,-9675.802849,300.28,-2.5,2.6,0.00,2611.91,2611.91,HMR2300,-5506.7,-13640.0,47280.0,49515.4,,,,,,,,RR1715,DLG,TXT: grib somewhat loose USR:eventlogger
J2-1008,ASNAP,2017/08/23 08:51:02,45.82961380,-129.75939719,20605.956765,-9675.839290,300.68,-2.1,3.3,0.00,2611.86,2611.86,HMR2300,-5580.0,-13766.7,47273.3,49552.3,,,,,,,,RR1715,,
J2-1008,ASNAP,2017/08/23 08:51:07,45.82961352,-129.75939796,20605.896627,-9675.870001,300.36,-2.1,2.6,0.00,2611.87,2611.87,HMR2300,-5413.3,-13573.3,47486.7,49684.2,,,,,,,,RR1715,,
J2-1008,EVT,2017/08/23 08:51:09,45.82961345,-129.75939832,20605.868613,-9675.878152,300.16,-2.3,2.8,0.00,2611.89,2611.89,HMR2300,-5593.3,-13826.7,47426.7,49716.7,,,,,,,,RR1715,DLG,TXT: realigned grib on connector USR:eventlogger
J2-1008,ASNAP,2017/08/23 08:51:12,45.82961338,-129.75939891,20605.822850,-9675.885491,300.26,-2.2,2.6,0.00,2611.90,2611.9,HMR2300,-5093.3,-13620.0,47813.3,49975.6,,,,,,,,RR1715,,
J2-1008,ASNAP,2017/08/23 08:51:17,45.82961340,-129.75939999,20605.739366,-9675.883957,300.42,-2.3,2.8,0.00,2611.89,2611.89,HMR2300,-5493.3,-13860.0,47573.3,49854.8,,,,,,,,RR1715,,
J2-1008,ASNAP,2017/08/23 08:51:22,45.82961357,-129.75940124,20605.642046,-9675.864528,300.57,-2.4,2.7,0.00,2611.78,2611.78,HMR2300,-5753.3,-13473.3,47346.7,49561.5,,,,,,,,RR1715,,
J2-1008,ASNAP,2017/08/23 08:51:27,45.82961391,-129.75940268,20605.530844,-9675.827287,300.72,-2.8,2.4,0.00,2611.47,2611.47,HMR2300,-5626.7,-13293.3,47666.7,49804.4,,,,,,,,RR1715,,
J2-1008,ASNAP,2017/08/23 08:51:32,45.82961440,-129.75940428,20605.406853,-9675.772240,300.81,-2.7,2.6,0.00,2610.87,2610.87,HMR2300,-5960.0,-13640.0,47520.0,49796.8,,,,,,,,RR1715,,
J2-1008,ASNAP,2017/08/23 08:51:37,45.82961507,-129.75940610,20605.265227,-9675.697670,301.02,-2.8,2.7,0.00,2610.37,2610.37,HMR2300,-5886.7,-13540.0,47653.3,49888.1,,,,,,,,RR1715,,
J2-1008,ASNAP,2017/08/23 08:51:42,45.82961589,-129.75940807,20605.112513,-9675.607399,300.67,-2.2,0.9,0.00,2609.99,2609.99,HMR2300,-5700.0,-12780.0,47306.7,49332.9,,,,,,,,RR1715,,
J2-1008,ASNAP,2017/08/23 08:51:47,45.82961688,-129.75941029,20604.940261,-9675.496918,300.36,-2.4,2.5,0.00,2610.16,2610.16,HMR2300,-5313.3,-13933.3,47606.7,49887.5,,,,,,,,RR1715,,
J2-1008,ASNAP,2017/08/23 08:51:52,45.82961801,-129.75941267,20604.755395,-9675.371407,300.64,-2.6,3.3,0.00,2610.14,2610.14,HMR2300,-5806.7,-14126.7,47433.3,49831.7,,,,,,,,RR1715,,
J2-1008,ASNAP,2017/08/23 08:51:57,45.82961929,-129.75941526,20604.555028,-9675.229462,300.42,-2.6,2.8,0.00,2610.10,2610.1,HMR2300,-5493.3,-13300.0,47766.7,49887.1,,,,,,,,RR1715,,
J2-1008,EVT,2017/08/23 08:52:02,45.82962072,-129.75941806,20604.337288,-9675.070586,300.62,-2.7,2.5,0.00,2610.05,2610.05,HMR2300,-5586.7,-13293.3,47706.7,49838.2,,,,,,,,RR1715,DLG,TXT: flying up with connector to view cable attachments USR:eventlogger
J2-1008,ASNAP,2017/08/23 08:52:02,45.82962072,-129.75941806,20604.337288,-9675.070586,300.62,-2.7,2.5,0.00,2610.05,2610.05,HMR2300,-5586.7,-13293.3,47706.7,49838.2,,,,,,,,RR1715,,
J2-1008,ASNAP,2017/08/23 08:52:07,45.82962223,-129.75942098,20604.111334,-9674.902082,300.50,-2.7,2.6,0.00,2610.08,2610.08,HMR2300,-5840.0,-13746.7,47553.3,49843.7,,,,,,,,RR1715,,
J2-1008,ASNAP,2017/08/23 08:52:12,45.82962390,-129.75942414,20603.865952,-9674.716262,300.45,-2.6,2.8,0.00,2610.14,2610.14,HMR2300,-5926.7,-13660.0,47186.7,49480.3,,,,,,,,RR1715,,
J2-1008,ASNAP,2017/08/23 08:52:17,45.82962563,-129.75942737,20603.615193,-9674.524316,301.99,-2.6,2.7,0.00,2610.14,2610.14,HMR2300,-6593.3,-13573.3,47626.7,49960.1,,,,,,,,RR1715,,
J2-1008,ASNAP,2017/08/23 08:52:22,45.82962746,-129.75943076,20603.351897,-9674.321179,310.07,-2.4,2.5,0.00,2610.10,2610.1,HMR2300,-9160.0,-12720.0,47246.7,49779.0,,,,,,,,RR1715,,
J2-1008,ASNAP,2017/08/23 08:52:27,45.82962938,-129.75943431,20603.076950,-9674.107849,325.38,-2.7,2.9,0.00,2610.07,2610.07,HMR2300,-13706.7,-10680.0,46193.3,49353.4,,,,,,,,RR1715,,
J2-1008,ASNAP,2017/08/23 08:52:32,45.82963132,-129.75943788,20602.799498,-9673.891539,335.71,-3.1,2.9,0.00,2610.06,2610.06,HMR2300,-17213.3,-8840.0,44880.0,48873.9,,,,,,,,RR1715,,
J2-1008,ASNAP,2017/08/23 08:52:37,45.82963335,-129.75944160,20602.511587,-9673.666086,354.68,-3.1,3.1,0.00,2610.08,2610.08,HMR2300,-21120.0,-3060.0,43233.3,48213.5,,,,,,,,RR1715,,
J2-1008,ASNAP,2017/08/23 08:52:42,45.82963536,-129.75944524,20602.228516,-9673.443356,11.67,-3.3,3.6,0.00,2610.10,2610.1,HMR2300,-23253.3,1726.7,41646.7,47729.9,,,,,,,,RR1715,,
J2-1008,ASNAP,2017/08/23 08:52:47,45.82963743,-129.75944900,20601.937316,-9673.212934,29.86,-3.4,3.3,0.00,2610.08,2610.08,HMR2300,-22993.3,10133.3,39826.7,47090.8,,,,,,,,RR1715,,
J2-1008,ASNAP,2017/08/23 08:52:52,45.82963947,-129.75945268,20601.651951,-9672.985643,52.00,-3.2,2.6,0.00,2610.08,2610.08,HMR2300,-20506.7,16413.3,38640.0,46722.3,,,,,,,,RR1715,,
J2-1008,ASNAP,2017/08/23 08:52:57,45.82964153,-129.75945634,20601.367329,-9672.757141,61.77,-3.8,3.0,0.00,2610.10,2610.1,HMR2300,-18693.3,19320.0,38180.0,46694.9,,,,,,,,RR1715,,
J2-1008,ASNAP,2017/08/23 08:53:02,45.82964359,-129.75945999,20601.084465,-9672.528102,67.25,-3.7,3.2,0.00,2610.12,2610.12,HMR2300,-17480.0,20140.0,38406.7,46757.3,,,,,,,,RR1715,,
J2-1008,EVT,2017/08/23 08:53:06,45.82964517,-129.75946277,20600.868967,-9672.352146,66.45,-3.1,1.9,0.00,2610.07,2610.07,HMR2300,-17800.0,20826.7,37726.7,46625.0,,,,,,,,RR1715,DLG,TXT: correction: grib meant grip in 8:50:58 and 8:50:52 entries USR:eventlogger
J2-1008,ASNAP,2017/08/23 08:53:07,45.82964557,-129.75946346,20600.814961,-9672.307843,65.87,-3.4,1.7,0.00,2610.05,2610.05,HMR2300,-17933.3,20740.0,37846.7,46734.6,,,,,,,,RR1715,,
J2-1008,ASNAP,2017/08/23 08:53:12,45.82964757,-129.75946693,20600.546195,-9672.086204,66.17,-3.7,1.5,0.00,2609.96,2609.96,HMR2300,-17833.3,21500.0,37466.7,46733.6,,,,,,,,RR1715,,
J2-1008,ASNAP,2017/08/23 08:53:17,45.82964946,-129.75947019,20600.293460,-9671.876138,67.55,-3.4,1.2,0.00,2609.96,2609.96,HMR2300,-16853.3,21480.0,38186.7,46943.0,,,,,,,,RR1715,,
J2-1008,ASNAP,2017/08/23 08:53:22,45.82965131,-129.75947336,20600.047122,-9671.670224,71.82,-3.3,1.6,0.00,2610.07,2610.07,HMR2300,-15893.3,22520.0,37860.0,46830.8,,,,,,,,RR1715,,
J2-1008,ASNAP,2017/08/23 08:53:27,45.82965306,-129.75947637,20599.814067,-9671.475110,77.97,-3.3,1.1,0.00,2610.27,2610.27,HMR2300,-14200.0,24013.3,37446.7,46696.2,,,,,,,,RR1715,,
J2-1008,EVT,2017/08/23 08:53:30,45.82965405,-129.75947806,20599.682624,-9671.365389,78.39,-3.4,1.6,0.00,2610.42,2610.42,HMR2300,-13793.3,24186.7,37753.3,46910.2,,,,,,,,RR1715,DLG,TXT: continuing to assess cable USR:eventlogger
J2-1008,ASNAP,2017/08/23 08:53:32,45.82965470,-129.75947918,20599.595708,-9671.293159,80.52,-3.3,0.6,0.00,2610.58,2610.58,HMR2300,-13400.0,24220.0,37886.7,46920.9,,,,,,,,RR1715,,
J2-1008,ASNAP,2017/08/23 08:53:37,45.82965624,-129.75948186,20599.387819,-9671.122248,89.70,-3.5,1.5,0.00,2610.75,2610.75,HMR2300,-10526.7,25693.3,37493.3,46655.2,,,,,,,,RR1715,,
J2-1008,ASNAP,2017/08/23 08:53:42,45.82965761,-129.75948432,20599.196864,-9670.969374,97.51,-3.4,1.4,0.00,2610.89,2610.89,HMR2300,-7513.3,27220.0,37360.0,46831.1,,,,,,,,RR1715,,
J2-1008,ASNAP,2017/08/23 08:53:47,45.82965887,-129.75948667,20599.014793,-9670.830100,105.81,-3.4,1.1,0.00,2611.12,2611.12,HMR2300,-4920.0,27613.3,37580.0,46893.1,,,,,,,,RR1715,,
J2-1008,ASNAP,2017/08/23 08:53:52,45.82965995,-129.75948884,20598.846005,-9670.710020,111.95,-3.3,1.0,0.00,2611.28,2611.28,HMR2300,-2460.0,27773.3,37753.3,46933.2,,,,,,,,RR1715,,
J2-1008,ASNAP,2017/08/23 08:53:57,45.82966083,-129.75949084,20598.690829,-9670.611884,125.36,-3.2,1.2,0.00,2611.39,2611.39,HMR2300,2300.0,27366.7,38540.0,47323.9,,,,,,,,RR1715,,
J2-1008,ASNAP,2017/08/23 08:54:02,45.82966150,-129.75949267,20598.548951,-9670.537551,125.70,-3.5,0.7,0.00,2611.51,2611.51,HMR2300,1533.3,27513.3,38220.0,47118.0,,,,,,,,RR1715,,
J2-1008,ASNAP,2017/08/23 08:54:07,45.82966193,-129.75949432,20598.421074,-9670.489363,123.60,-3.5,0.9,0.00,2611.69,2611.69,HMR2300,1033.3,27200.0,38606.7,47237.5,,,,,,,,RR1715,,
J2-1008,ASNAP,2017/08/23 08:54:12,45.82966212,-129.75949578,20598.307450,-9670.468367,123.73,-3.4,1.0,0.00,2611.84,2611.84,HMR2300,1073.3,27426.7,38446.7,47239.0,,,,,,,,RR1715,,
J2-1008,ASNAP,2017/08/23 08:54:17,45.82966206,-129.75949711,20598.204809,-9670.475166,123.59,-3.4,0.8,0.00,2611.84,2611.84,HMR2300,993.3,27880.0,38000.0,47141.1,,,,,,,,RR1715,,
J2-1008,ASNAP,2017/08/23 08:54:22,45.82966174,-129.75949829,20598.112755,-9670.510621,123.58,-3.3,0.8,0.00,2611.68,2611.68,HMR2300,1066.7,27820.0,38146.7,47225.6,,,,,,,,RR1715,,
J2-1008,ASNAP,2017/08/23 08:54:27,45.82966116,-129.75949935,20598.031131,-9670.575139,123.26,-3.3,0.7,0.00,2611.62,2611.62,HMR2300,1106.7,27900.0,38213.3,47327.5,,,,,,,,RR1715,,
J2-1008,ASNAP,2017/08/23 08:54:32,45.82966032,-129.75950028,20597.958878,-9670.668378,122.91,-3.3,0.8,0.00,2611.71,2611.71,HMR2300,1106.7,27873.3,38306.7,47387.2,,,,,,,,RR1715,,
J2-1008,ASNAP,2017/08/23 08:54:37,45.82965923,-129.75950110,20597.895053,-9670.789331,123.02,-3.4,0.9,0.00,2611.78,2611.78,HMR2300,1113.3,27560.0,38693.3,47518.1,,,,,,,,RR1715,,
J2-1008,ASNAP,2017/08/23 08:54:42,45.82965791,-129.75950183,20597.838537,-9670.936618,123.22,-3.4,0.9,0.00,2611.78,2611.78,HMR2300,840.0,27740.0,38093.3,47130.8,,,,,,,,RR1715,,
J2-1008,ASNAP,2017/08/23 08:54:47,45.82965636,-129.75950248,20597.788163,-9671.108610,123.43,-3.3,0.8,0.00,2611.69,2611.69,HMR2300,1300.0,27766.7,38566.7,47540.1,,,,,,,,RR1715,,
J2-1008,ASNAP,2017/08/23 08:54:52,45.82965461,-129.75950306,20597.742891,-9671.302800,123.27,-3.3,0.8,0.00,2611.65,2611.65,HMR2300,1246.7,27613.3,38586.7,47465.6,,,,,,,,RR1715,,
J2-1008,EVT,2017/08/23 08:54:56,45.82965309,-129.75950349,20597.709736,-9671.471797,122.99,-3.5,1.0,0.00,2611.70,2611.7,HMR2300,1020.0,27580.0,38740.0,47565.6,,,,,,,,RR1715,DLG,TXT: crustacean floating with debris knocked up with cable USR:eventlogger
J2-1008,ASNAP,2017/08/23 08:54:57,45.82965270,-129.75950359,20597.701780,-9671.515863,122.99,-3.5,1.0,0.00,2611.70,2611.7,HMR2300,613.3,27626.7,38146.7,47103.9,,,,,,,,RR1715,,
J2-1008,ASNAP,2017/08/23 08:55:02,45.82965063,-129.75950408,20597.663611,-9671.745678,123.30,-3.4,1.0,0.00,2611.78,2611.78,HMR2300,1033.3,27806.7,38186.7,47249.3,,,,,,,,RR1715,,
J2-1008,ASNAP,2017/08/23 08:55:07,45.82964845,-129.75950455,20597.627594,-9671.987980,123.35,-3.3,0.9,0.00,2611.77,2611.77,HMR2300,1260.0,27480.0,38820.0,47578.7,,,,,,,,RR1715,,
J2-1008,ASNAP,2017/08/23 08:55:12,45.82964619,-129.75950500,20597.592866,-9672.239227,123.50,-3.3,1.1,0.00,2611.70,2611.7,HMR2300,1253.3,27400.0,38746.7,47472.5,,,,,,,,RR1715,,
J2-1008,ASNAP,2017/08/23 08:55:17,45.82964387,-129.75950544,20597.558571,-9672.496644,123.28,-3.2,1.0,0.00,2611.69,2611.69,HMR2300,1346.7,27606.7,38726.7,47578.3,,,,,,,,RR1715,,
J2-1008,ASNAP,2017/08/23 08:55:22,45.82964154,-129.75950588,20597.524203,-9672.755919,123.60,-3.2,0.0,0.00,2611.76,2611.76,HMR2300,1380.0,28260.0,37933.3,47323.0,,,,,,,,RR1715,,
J2-1008,ASNAP,2017/08/23 08:55:27,45.82963922,-129.75950633,20597.489302,-9673.013574,123.65,-4.0,-0.4,0.00,2611.77,2611.77,HMR2300,586.7,28440.0,37460.0,47036.5,,,,,,,,RR1715,,
J2-1008,ASNAP,2017/08/23 08:55:32,45.82963694,-129.75950679,20597.453463,-9673.266976,123.60,-4.1,-0.5,0.00,2611.70,2611.7,HMR2300,466.7,28586.7,37500.0,47155.8,,,,,,,,RR1715,,
J2-1008,EVT,2017/08/23 08:55:36,45.82963517,-129.75950717,20597.424051,-9673.464194,123.56,-4.4,-0.5,0.00,2611.66,2611.66,HMR2300,313.3,28793.3,37626.7,47380.6,,,,,,,,RR1715,DLG,TXT: checking attachment of cables USR:eventlogger
J2-1008,ASNAP,2017/08/23 08:55:37,45.82963473,-129.75950727,20597.416596,-9673.512509,123.44,-4.8,-0.3,0.00,2611.66,2611.66,HMR2300,113.3,28566.7,37913.3,47470.9,,,,,,,,RR1715,,
J2-1008,ASNAP,2017/08/23 08:55:42,45.82963262,-129.75950776,20597.378751,-9673.746875,123.83,-4.2,-0.6,0.00,2611.72,2611.72,HMR2300,906.7,28660.0,37913.3,47535.7,,,,,,,,RR1715,,
J2-1008,ASNAP,2017/08/23 08:55:47,45.82963064,-129.75950826,20597.339990,-9673.967828,123.23,-5.4,0.1,0.00,2611.75,2611.75,HMR2300,-546.7,28513.3,37513.3,47122.8,,,,,,,,RR1715,,
J2-1008,ASNAP,2017/08/23 08:55:52,45.82962879,-129.75950876,20597.300492,-9674.173360,123.77,-3.9,-0.9,0.00,2611.74,2611.74,HMR2300,1033.3,29300.0,37306.7,47448.3,,,,,,,,RR1715,,
J2-1008,ASNAP,2017/08/23 08:55:57,45.82962710,-129.75950928,20597.260745,-9674.360680,123.79,-4.2,-1.0,0.00,2611.72,2611.72,HMR2300,713.3,29040.0,37220.0,47214.0,,,,,,,,RR1715,,
J2-1008,ASNAP,2017/08/23 08:56:02,45.82962559,-129.75950979,20597.221058,-9674.528648,123.56,-4.6,-0.4,0.00,2611.69,2611.69,HMR2300,120.0,28446.7,37526.7,47090.1,,,,,,,,RR1715,,
J2-1008,ASNAP,2017/08/23 08:56:07,45.82962427,-129.75951029,20597.181906,-9674.675830,123.66,-4.1,-0.8,0.00,2611.72,2611.72,HMR2300,880.0,28846.7,37800.0,47557.8,,,,,,,,RR1715,,
J2-1008,ASNAP,2017/08/23 08:56:12,45.82962314,-129.75951078,20597.143842,-9674.801042,123.46,-4.4,-0.6,0.00,2611.75,2611.75,HMR2300,546.7,28606.7,37946.7,47524.6,,,,,,,,RR1715,,
J2-1008,ASNAP,2017/08/23 08:56:17,45.82962224,-129.75951124,20597.108307,-9674.901300,123.60,-4.2,-1.0,0.00,2611.74,2611.74,HMR2300,813.3,28740.0,37873.3,47550.4,,,,,,,,RR1715,,
J2-1008,ASNAP,2017/08/23 08:56:22,45.82962153,-129.75951168,20597.074457,-9674.980031,123.50,-3.2,-0.2,0.00,2611.72,2611.72,HMR2300,1293.3,28506.7,37513.3,47133.4,,,,,,,,RR1715,,
J2-1008,EVT,2017/08/23 08:56:22,45.82962153,-129.75951168,20597.074457,-9674.980031,123.50,-3.2,-0.2,0.00,2611.72,2611.72,HMR2300,1593.3,28593.3,37920.0,47518.9,,,,,,,,RR1715,DLG,TXT: untangling a cable hook USR:eventlogger
J2-1008,ASNAP,2017/08/23 08:56:27,45.82962102,-129.75951208,20597.043072,-9675.036822,123.57,-3.6,-0.3,0.00,2611.70,2611.7,HMR2300,1066.7,28353.3,37726.7,47205.4,,,,,,,,RR1715,,
J2-1008,ASNAP,2017/08/23 08:56:32,45.82962071,-129.75951245,20597.014836,-9675.071084,123.20,-3.5,-0.2,0.00,2611.73,2611.73,HMR2300,973.3,28206.7,37800.0,47174.2,,,,,,,,RR1715,,
J2-1008,ASNAP,2017/08/23 08:56:37,45.82962059,-129.75951277,20596.989378,-9675.084235,123.38,-3.5,-0.1,0.00,2611.74,2611.74,HMR2300,1326.7,28393.3,38073.3,47513.4,,,,,,,,RR1715,,
J2-1008,ASNAP,2017/08/23 08:56:42,45.82962067,-129.75951305,20596.968079,-9675.075872,123.83,-3.2,-0.3,0.00,2611.74,2611.74,HMR2300,1320.0,28693.3,37613.3,47326.7,,,,,,,,RR1715,,
J2-1008,ASNAP,2017/08/23 08:56:47,45.82962093,-129.75951327,20596.951071,-9675.046385,123.78,-3.5,-0.6,0.00,2611.73,2611.73,HMR2300,1113.3,28506.7,37906.7,47442.4,,,,,,,,RR1715,,
J2-1008,ASNAP,2017/08/23 08:56:52,45.82962138,-129.75951342,20596.939203,-9674.997076,123.76,-3.5,-0.5,0.00,2611.72,2611.72,HMR2300,940.0,28640.0,37413.3,47126.3,,,,,,,,RR1715,,
J2-1008,ASNAP,2017/08/23 08:56:57,45.82962199,-129.75951350,20596.933009,-9674.929104,123.60,-3.4,-0.8,0.00,2611.72,2611.72,HMR2300,1013.3,28986.7,37160.0,47139.4,,,,,,,,RR1715,,
J2-1008,EVT,2017/08/23 08:56:59,45.82962228,-129.75951351,20596.932226,-9674.896884,123.47,-3.7,-0.8,0.00,2611.74,2611.74,HMR2300,573.3,28646.7,37340.0,47066.3,,,,,,,,RR1715,DLG,TXT: connector cable freed from entanglement with other cable due to cable hook USR:eventlogger
J2-1008,ASNAP,2017/08/23 08:57:02,45.82962276,-129.75951350,20596.932975,-9674.843335,123.57,-3.6,-1.0,0.00,2611.73,2611.73,HMR2300,1206.7,29226.7,37280.0,47386.2,,,,,,,,RR1715,,
J2-1008,ASNAP,2017/08/23 08:57:07,45.82962368,-129.75951342,20596.939640,-9674.740919,123.55,-3.7,-0.9,0.00,2611.73,2611.73,HMR2300,1166.7,28720.0,37846.7,47524.4,,,,,,,,RR1715,,
J2-1008,ASNAP,2017/08/23 08:57:12,45.82962474,-129.75951324,20596.953498,-9674.623248,123.58,-3.8,-0.7,0.00,2611.72,2611.72,HMR2300,1080.0,28906.7,37626.7,47460.8,,,,,,,,RR1715,,
J2-1008,ASNAP,2017/08/23 08:57:17,45.82962593,-129.75951296,20596.975047,-9674.491300,123.58,-4.1,-0.2,0.00,2611.73,2611.73,HMR2300,366.7,28453.3,37486.7,47063.5,,,,,,,,RR1715,,
J2-1008,ASNAP,2017/08/23 08:57:22,45.82962723,-129.75951258,20597.004717,-9674.346412,123.53,-4.0,-0.4,0.00,2611.74,2611.74,HMR2300,780.0,28506.7,37966.7,47483.7,,,,,,,,RR1715,,
J2-1008,ASNAP,2017/08/23 08:57:27,45.82962864,-129.75951208,20597.042971,-9674.189626,123.50,-3.9,-0.4,0.00,2611.74,2611.74,HMR2300,613.3,28693.3,37446.7,47179.8,,,,,,,,RR1715,,
J2-1008,ASNAP,2017/08/23 08:57:32,45.82963015,-129.75951147,20597.090249,-9674.022064,123.47,-3.8,-0.3,0.00,2611.73,2611.73,HMR2300,973.3,28593.3,38000.0,47566.0,,,,,,,,RR1715,,
J2-1008,ASNAP,2017/08/23 08:57:37,45.82963174,-129.75951074,20597.146929,-9673.844941,123.55,-3.8,-0.3,0.00,2611.73,2611.73,HMR2300,626.7,28486.7,37500.0,47097.1,,,,,,,,RR1715,,
J2-1008,ASNAP,2017/08/23 08:57:42,45.82963341,-129.75950989,20597.213156,-9673.659977,123.31,-3.9,-0.4,0.00,2611.73,2611.73,HMR2300,900.0,28653.3,37993.3,47595.3,,,,,,,,RR1715,,
J2-1008,ASNAP,2017/08/23 08:57:47,45.82963513,-129.75950891,20597.289325,-9673.468020,123.55,-3.8,-0.4,0.00,2611.65,2611.65,HMR2300,753.3,28353.3,37833.3,47284.7,,,,,,,,RR1715,,
J2-1008,ASNAP,2017/08/23 08:57:52,45.82963692,-129.75950779,20597.375838,-9673.269796,123.60,-3.8,-0.4,0.00,2611.50,2611.5,HMR2300,633.3,28553.3,37433.3,47084.5,,,,,,,,RR1715,,
J2-1008,EVT,2017/08/23 08:57:56,45.82963837,-129.75950681,20597.452369,-9673.108048,123.73,-3.9,-0.4,0.00,2611.35,2611.35,HMR2300,726.7,28300.0,37873.3,47284.3,,,,,,,,RR1715,DLG,TXT: discussing speed at which to raise connector cable USR:eventlogger
J2-1008,ASNAP,2017/08/23 08:57:57,45.82963874,-129.75950655,20597.472514,-9673.067266,123.66,-3.9,-0.4,0.00,2611.35,2611.35,HMR2300,980.0,28513.3,38033.3,47544.8,,,,,,,,RR1715,,
J2-1008,ASNAP,2017/08/23 08:58:02,45.82964059,-129.75950517,20597.579434,-9672.861502,123.70,-3.9,-0.4,0.00,2611.12,2611.12,HMR2300,626.7,28440.0,37580.0,47132.6,,,,,,,,RR1715,,
J2-1008,EVT,2017/08/23 08:58:04,45.82964134,-129.75950458,20597.625153,-9672.778411,123.66,-3.9,-0.4,0.00,2610.98,2610.98,HMR2300,973.3,28560.0,38013.3,47556.6,,,,,,,,RR1715,DLG,TXT: lifting connector cable USR:eventlogger
J2-1008,ASNAP,2017/08/23 08:58:07,45.82964247,-129.75950365,20597.697127,-9672.652891,123.67,-3.9,-0.4,0.00,2610.84,2610.84,HMR2300,686.7,28720.0,37466.7,47212.9,,,,,,,,RR1715,,
J2-1008,ASNAP,2017/08/23 08:58:12,45.82964438,-129.75950197,20597.827545,-9672.439932,123.62,-3.8,-0.4,0.00,2610.55,2610.55,HMR2300,1053.3,28606.7,38006.7,47581.1,,,,,,,,RR1715,,
J2-1008,ASNAP,2017/08/23 08:58:17,45.82964601,-129.75950046,20597.944899,-9672.259504,123.60,-3.9,-0.4,0.00,2610.33,2610.33,HMR2300,546.7,28533.3,37386.7,47034.2,,,,,,,,RR1715,,
J2-1008,ASNAP,2017/08/23 08:58:22,45.82964696,-129.75949951,20598.018112,-9672.153286,123.58,-3.9,-0.4,0.00,2610.01,2610.01,HMR2300,806.7,28740.0,37613.3,47343.4,,,,,,,,RR1715,,
J2-1008,ASNAP,2017/08/23 08:58:27,45.82964845,-129.75949794,20598.139939,-9671.987895,123.68,-3.8,-0.4,0.00,2609.68,2609.68,HMR2300,946.7,28466.7,38033.3,47516.1,,,,,,,,RR1715,,
J2-1008,ASNAP,2017/08/23 08:58:32,45.82965033,-129.75949585,20598.302574,-9671.779366,123.56,-3.9,-0.4,0.00,2609.35,2609.35,HMR2300,513.3,28600.0,37373.3,47063.7,,,,,,,,RR1715,,
J2-1008,ASNAP,2017/08/23 08:58:37,45.82965215,-129.75949364,20598.473774,-9671.576843,123.66,-3.8,-0.4,0.00,2609.12,2609.12,HMR2300,980.0,28680.0,37866.7,47512.0,,,,,,,,RR1715,,
J2-1008,ASNAP,2017/08/23 08:58:42,45.82965343,-129.75949201,20598.600459,-9671.434499,123.65,-3.9,-0.4,0.00,2608.81,2608.81,HMR2300,720.0,28433.3,37913.3,47396.1,,,,,,,,RR1715,,
J2-1008,ASNAP,2017/08/23 08:58:47,45.82965434,-129.75949075,20598.697736,-9671.333619,123.36,-3.9,-0.4,0.00,2608.52,2608.52,HMR2300,320.0,28520.0,37373.3,47013.4,,,,,,,,RR1715,,
J2-1008,ASNAP,2017/08/23 08:58:52,45.82965587,-129.75948852,20598.871397,-9671.163246,123.43,-3.9,-0.4,0.00,2608.27,2608.27,HMR2300,673.3,28653.3,37706.7,47363.1,,,,,,,,RR1715,,
J2-1008,ASNAP,2017/08/23 08:58:57,45.82965750,-129.75948595,20599.070737,-9670.982162,123.37,-4.0,-0.4,0.00,2608.22,2608.22,HMR2300,626.7,28606.7,37833.3,47435.2,,,,,,,,RR1715,,
J2-1008,ASNAP,2017/08/23 08:59:02,45.82965903,-129.75948327,20599.278193,-9670.811829,123.71,-3.9,-0.4,0.00,2608.40,2608.4,HMR2300,920.0,28586.7,37980.0,47545.0,,,,,,,,RR1715,,
J2-1008,ASNAP,2017/08/23 08:59:07,45.82966033,-129.75948080,20599.469930,-9670.667705,123.82,-4.0,-0.5,0.00,2608.59,2608.59,HMR2300,640.0,28560.0,37633.3,47247.8,,,,,,,,RR1715,,
J2-1008,ASNAP,2017/08/23 08:59:12,45.82966106,-129.75947932,20599.585142,-9670.586718,124.50,-4.0,-0.4,0.00,2608.48,2608.48,HMR2300,706.7,28373.3,37546.7,47066.9,,,,,,,,RR1715,,
J2-1008,ASNAP,2017/08/23 08:59:17,45.82966192,-129.75947733,20599.739057,-9670.490434,124.64,-3.9,-0.3,0.00,2608.31,2608.31,HMR2300,1186.7,28453.3,37966.7,47460.2,,,,,,,,RR1715,,
J2-1008,ASNAP,2017/08/23 08:59:22,45.82966311,-129.75947437,20599.968921,-9670.358143,125.10,-4.1,-0.3,0.00,2608.25,2608.25,HMR2300,1200.0,28360.0,38053.3,47474.1,,,,,,,,RR1715,,
J2-1008,ASNAP,2017/08/23 08:59:27,45.82966419,-129.75947127,20600.209267,-9670.238233,123.87,-4.2,-0.2,0.00,2608.39,2608.39,HMR2300,860.0,28633.3,37986.7,47577.2,,,,,,,,RR1715,,
J2-1008,ASNAP,2017/08/23 08:59:32,45.82966512,-129.75946810,20600.455652,-9670.134752,124.80,-4.1,-0.5,0.00,2608.55,2608.55,HMR2300,926.7,28433.3,37633.3,47176.1,,,,,,,,RR1715,,
J2-1008,ASNAP,2017/08/23 08:59:37,45.82966592,-129.75946477,20600.713878,-9670.045723,126.59,-4.1,-0.5,0.00,2608.56,2608.56,HMR2300,1673.3,28440.0,37826.7,47354.9,,,,,,,,RR1715,,
J2-1008,EVT,2017/08/23 08:59:40,45.82966633,-129.75946273,20600.872194,-9670.000583,128.76,-4.0,-0.6,0.00,2608.44,2608.44,HMR2300,2626.7,27966.7,38193.3,47410.6,,,,,,,,RR1715,DLG,TXT: assessing cable USR:eventlogger
J2-1008,ASNAP,2017/08/23 08:59:42,45.82966657,-129.75946135,20600.979305,-9669.973957,130.67,-3.9,-0.4,0.00,2608.39,2608.39,HMR2300,3166.7,28093.3,37900.0,47282.9,,,,,,,,RR1715,,
J2-1008,EVT,2017/08/23 08:59:43,45.82966668,-129.75946065,20601.033248,-9669.961714,131.68,-4.0,-0.6,0.00,2608.35,2608.35,HMR2300,3646.7,27740.0,38406.7,47517.1,,,,,,,,RR1715,DLG,TXT: 4 m from bottom USR:eventlogger
J2-1008,ASNAP,2017/08/23 08:59:47,45.82966706,-129.75945783,20601.252181,-9669.919854,135.54,-3.8,-0.6,0.00,2608.27,2608.27,HMR2300,4973.3,27593.3,38513.3,47638.3,,,,,,,,RR1715,,
J2-1008,ASNAP,2017/08/23 08:59:52,45.82966738,-129.75945420,20601.533978,-9669.883539,139.30,-4.1,-0.4,0.00,2608.29,2608.29,HMR2300,5766.7,26780.0,39053.3,47703.1,,,,,,,,RR1715,,
J2-1008,ASNAP,2017/08/23 08:59:57,45.82966754,-129.75945047,20601.823260,-9669.865507,122.22,-4.3,-0.6,0.00,2608.37,2608.37,HMR2300,73.3,29320.0,36940.0,47161.8,,,,,,,,RR1715,,
J2-1008,ASNAP,2017/08/23 09:00:02,45.82966754,-129.75944664,20602.119935,-9669.865716,124.09,-4.3,-0.6,0.00,2608.47,2608.47,HMR2300,-633.3,28586.7,37786.7,47386.0,,,,,,,,RR1715,,
J2-1008,ASNAP,2017/08/23 09:00:07,45.82966738,-129.75944273,20602.423893,-9669.883893,86.82,-4.3,-0.6,0.00,2608.48,2608.48,HMR2300,-12706.7,26286.7,36273.3,46564.0,,,,,,,,RR1715,,
J2-1008,ASNAP,2017/08/23 09:00:12,45.82966706,-129.75943872,20602.734795,-9669.919638,89.08,-4.3,-0.2,0.00,2608.43,2608.43,HMR2300,-12160.0,26306.7,36446.7,46564.6,,,,,,,,RR1715,,
J2-1008,ASNAP,2017/08/23 09:00:17,45.82966657,-129.75943455,20603.058069,-9669.973793,60.24,-4.2,0.4,0.00,2608.31,2608.31,HMR2300,-20426.7,18933.3,37620.0,46808.0,,,,,,,,RR1715,,
J2-1008,ASNAP,2017/08/23 09:00:22,45.82966604,-129.75943080,20603.349393,-9670.033133,48.60,-3.8,0.7,0.00,2608.22,2608.22,HMR2300,-22160.0,15513.3,38320.0,46905.8,,,,,,,,RR1715,,
J2-1008,EVT,2017/08/23 09:00:25,45.82966587,-129.75942961,20603.441489,-9670.052060,41.49,-3.1,-0.8,0.00,2608.20,2608.2,HMR2300,-21906.7,15366.7,38686.7,47039.3,,,,,,,,RR1715,DLG,TXT: moving to south side of anchor with cable USR:eventlogger
J2-1008,ASNAP,2017/08/23 09:00:27,45.82966579,-129.75942908,20603.482403,-9670.061098,41.71,-3.5,0.5,0.00,2608.27,2608.27,HMR2300,-22673.3,13880.0,38746.7,46989.8,,,,,,,,RR1715,,
J2-1008,ASNAP,2017/08/23 09:00:32,45.82966544,-129.75942729,20603.621394,-9670.098980,30.29,-3.5,0.2,0.00,2608.32,2608.32,HMR2300,-23300.0,10773.3,39813.3,47371.5,,,,,,,,RR1715,,
J2-1008,ASNAP,2017/08/23 09:00:37,45.82966456,-129.75942286,20603.964962,-9670.197602,29.03,-3.1,-0.2,0.00,2608.39,2608.39,HMR2300,-23233.3,9586.7,40200.0,47410.3,,,,,,,,RR1715,,
J2-1008,ASNAP,2017/08/23 09:00:42,45.82966350,-129.75941791,20604.348795,-9670.314717,25.86,-3.3,0.0,0.00,2608.41,2608.41,HMR2300,-23540.0,9600.0,39653.3,47102.8,,,,,,,,RR1715,,
J2-1008,ASNAP,2017/08/23 09:00:47,45.82966248,-129.75941354,20604.688395,-9670.428523,9.52,-2.9,-0.6,0.00,2608.33,2608.33,HMR2300,-22686.7,4646.7,41473.3,47500.7,,,,,,,,RR1715,,
J2-1008,ASNAP,2017/08/23 09:00:52,45.82966139,-129.75940909,20605.033024,-9670.550158,18.35,-3.4,0.7,0.00,2608.35,2608.35,HMR2300,-23340.0,6406.7,40833.3,47467.5,,,,,,,,RR1715,,
J2-1008,EVT,2017/08/23 09:00:52,45.82966139,-129.75940909,20605.033024,-9670.550158,18.95,-3.0,0.6,0.00,2608.35,2608.35,HMR2300,-22913.3,6766.7,41173.3,47603.1,,,,,,,,RR1715,DLG,Biology: Cnidaria USR:eventlogger
J2-1008,ASNAP,2017/08/23 09:00:57,45.82966024,-129.75940461,20605.380637,-9670.677068,18.44,-3.3,0.2,0.00,2608.44,2608.44,HMR2300,-23320.0,6600.0,40960.0,47593.1,,,,,,,,RR1715,,
J2-1008,ASNAP,2017/08/23 09:01:02,45.82965907,-129.75940010,20605.730759,-9670.807518,9.61,-2.9,-0.4,0.00,2608.45,2608.45,HMR2300,-22673.3,4266.7,41853.3,47791.1,,,,,,,,RR1715,,
J2-1008,ASNAP,2017/08/23 09:01:07,45.82965788,-129.75939555,20606.083576,-9670.940005,7.72,-2.9,-0.3,0.00,2608.37,2608.37,HMR2300,-22480.0,3520.0,41826.7,47615.2,,,,,,,,RR1715,,
J2-1008,ASNAP,2017/08/23 09:01:12,45.82965669,-129.75939099,20606.437690,-9671.072580,4.63,-2.8,-0.3,0.00,2608.34,2608.34,HMR2300,-21953.3,2406.7,42606.7,47990.3,,,,,,,,RR1715,,
J2-1008,ASNAP,2017/08/23 09:01:17,45.82965551,-129.75938643,20606.791029,-9671.203220,6.81,-2.9,0.0,0.00,2608.41,2608.41,HMR2300,-22293.3,3053.3,42180.0,47806.6,,,,,,,,RR1715,,
J2-1008,ASNAP,2017/08/23 09:01:22,45.82965436,-129.75938189,20607.143274,-9671.330730,6.66,-3.0,0.2,0.00,2608.47,2608.47,HMR2300,-22260.0,2693.3,42426.7,47987.3,,,,,,,,RR1715,,
J2-1008,ASNAP,2017/08/23 09:01:27,45.82965325,-129.75937738,20607.493863,-9671.453995,6.25,-3.2,0.1,0.00,2608.45,2608.45,HMR2300,-22340.0,2606.7,42380.0,47978.5,,,,,,,,RR1715,,
J2-1008,EVT,2017/08/23 09:01:30,45.82965261,-129.75937470,20607.701807,-9671.525038,6.40,-3.4,0.3,0.00,2608.42,2608.42,HMR2300,-22593.3,2606.7,42240.0,47973.6,,,,,,,,RR1715,DLG,TXT: aligning Jason USR:eventlogger
J2-1008,ASNAP,2017/08/23 09:01:32,45.82965220,-129.75937293,20607.839021,-9671.570959,6.61,-3.4,0.3,0.00,2608.42,2608.42,HMR2300,-22566.7,2680.0,42253.3,47976.9,,,,,,,,RR1715,,
J2-1008,ASNAP,2017/08/23 09:01:37,45.82965121,-129.75936854,20608.179335,-9671.681190,7.24,-3.4,0.1,0.00,2608.39,2608.39,HMR2300,-22646.7,3100.0,42066.7,47875.7,,,,,,,,RR1715,,
J2-1008,ASNAP,2017/08/23 09:01:42,45.82965029,-129.75936423,20608.513944,-9671.783866,7.56,-3.2,0.2,0.00,2608.34,2608.34,HMR2300,-22860.0,3346.7,41553.3,47544.3,,,,,,,,RR1715,,
J2-1008,EVT,2017/08/23 09:01:47,45.82964944,-129.75936004,20608.838990,-9671.877316,7.50,-3.3,0.0,0.00,2608.14,2608.14,HMR2300,-22620.0,3153.3,42073.3,47872.5,,,,,,,,RR1715,DLG,TXT: lifting 3 meters USR:eventlogger
J2-1008,ASNAP,2017/08/23 09:01:47,45.82964944,-129.75936004,20608.838990,-9671.877316,7.50,-3.3,0.0,0.00,2608.14,2608.14,HMR2300,-22620.0,3000.0,42153.3,47933.0,,,,,,,,RR1715,,
J2-1008,ASNAP,2017/08/23 09:01:52,45.82964869,-129.75935597,20609.154358,-9671.961066,6.99,-3.3,0.1,0.00,2607.68,2607.68,HMR2300,-22793.3,2820.0,41993.3,47863.6,,,,,,,,RR1715,,
J2-1008,ASNAP,2017/08/23 09:01:57,45.82964803,-129.75935206,20609.457770,-9672.034074,6.61,-3.2,0.2,0.00,2607.26,2607.26,HMR2300,-22913.3,2506.7,41840.0,47769.1,,,,,,,,RR1715,,
J2-1008,ASNAP,2017/08/23 09:02:02,45.82964748,-129.75934832,20609.748336,-9672.095635,6.54,-3.3,0.2,0.00,2606.81,2606.81,HMR2300,-22773.3,2853.3,41740.0,47634.0,,,,,,,,RR1715,,
J2-1008,ASNAP,2017/08/23 09:02:07,45.82964704,-129.75934477,20610.023236,-9672.144673,6.53,-3.3,0.2,0.00,2606.50,2606.5,HMR2300,-22500.0,2666.7,42273.3,47962.4,,,,,,,,RR1715,,
J2-1008,ASNAP,2017/08/23 09:02:12,45.82964672,-129.75934144,20610.281961,-9672.180576,6.52,-3.3,0.2,0.00,2606.26,2606.26,HMR2300,-22873.3,2426.7,41993.3,47880.2,,,,,,,,RR1715,,
J2-1008,ASNAP,2017/08/23 09:02:17,45.82964652,-129.75933833,20610.522884,-9672.202573,6.61,-3.3,0.0,0.00,2606.12,2606.12,HMR2300,-22740.0,2913.3,41900.0,47762.0,,,,,,,,RR1715,,
J2-1008,ASNAP,2017/08/23 09:02:22,45.82964645,-129.75933548,20610.744090,-9672.209930,6.62,-3.4,0.4,0.00,2605.81,2605.81,HMR2300,-23026.7,2473.3,41753.3,47746.1,,,,,,,,RR1715,,
J2-1008,ASNAP,2017/08/23 09:02:27,45.82964652,-129.75933289,20610.945037,-9672.202100,6.48,-3.4,0.2,0.00,2605.51,2605.51,HMR2300,-22786.7,2866.7,41740.0,47641.1,,,,,,,,RR1715,,
J2-1008,ASNAP,2017/08/23 09:02:32,45.82964673,-129.75933059,20611.123845,-9672.178705,6.28,-3.5,0.2,0.00,2605.31,2605.31,HMR2300,-22706.7,2386.7,42246.7,48021.6,,,,,,,,RR1715,,
J2-1008,ASNAP,2017/08/23 09:02:37,45.82964709,-129.75932857,20611.280400,-9672.139315,6.31,-3.5,0.3,0.00,2605.25,2605.25,HMR2300,-22700.0,2646.7,41980.0,47797.6,,,,,,,,RR1715,,
J2-1008,ASNAP,2017/08/23 09:02:42,45.82964759,-129.75932685,20611.414082,-9672.083709,6.33,-3.3,0.2,0.00,2605.31,2605.31,HMR2300,-22500.0,2606.7,42253.3,47941.5,,,,,,,,RR1715,,
J2-1008,ASNAP,2017/08/23 09:02:47,45.82964824,-129.75932542,20611.524345,-9672.011789,6.54,-3.3,0.2,0.00,2605.44,2605.44,HMR2300,-22900.0,2633.3,41766.7,47705.3,,,,,,,,RR1715,,
J2-1008,ASNAP,2017/08/23 09:02:52,45.82964902,-129.75932431,20611.610441,-9671.925004,6.56,-3.4,0.3,0.00,2605.42,2605.42,HMR2300,-22633.3,2520.0,42193.3,47946.8,,,,,,,,RR1715,,
J2-1008,ASNAP,2017/08/23 09:02:57,45.82964992,-129.75932351,20611.672581,-9671.824702,6.49,-3.4,0.2,0.00,2605.33,2605.33,HMR2300,-22920.0,2646.7,41660.0,47622.3,,,,,,,,RR1715,,
J2-1008,ASNAP,2017/08/23 09:03:02,45.82965097,-129.75932298,20611.714314,-9671.707734,6.79,-3.5,0.6,0.00,2605.25,2605.25,HMR2300,-23053.3,2326.7,41693.3,47699.1,,,,,,,,RR1715,,
J2-1008,EVT,2017/08/23 09:03:04,45.82965142,-129.75932284,20611.724983,-9671.657639,6.67,-3.7,0.6,0.00,2605.29,2605.29,HMR2300,-23206.7,1913.3,41926.7,47958.9,,,,,,,,RR1715,DLG,TXT: viewing where hook attaches to mooring USR:eventlogger
J2-1008,ASNAP,2017/08/23 09:03:07,45.82965213,-129.75932271,20611.734835,-9671.578807,6.78,-3.6,0.5,0.00,2605.35,2605.35,HMR2300,-23200.0,2420.0,41573.3,47670.1,,,,,,,,RR1715,,
J2-1008,ASNAP,2017/08/23 09:03:12,45.82965344,-129.75932270,20611.735876,-9671.433557,6.83,-3.9,0.2,0.00,2605.44,2605.44,HMR2300,-23033.3,2700.0,41893.3,47884.0,,,,,,,,RR1715,,
J2-1008,ASNAP,2017/08/23 09:03:17,45.82965486,-129.75932292,20611.718674,-9671.275218,6.75,-3.9,0.1,0.00,2605.40,2605.4,HMR2300,-23233.3,2726.7,41633.3,47755.2,,,,,,,,RR1715,,
J2-1008,ASNAP,2017/08/23 09:03:22,45.82965639,-129.75932336,20611.684556,-9671.104838,7.03,-3.9,0.2,0.00,2605.31,2605.31,HMR2300,-23580.0,2446.7,41440.0,47741.8,,,,,,,,RR1715,,
J2-1008,ASNAP,2017/08/23 09:03:27,45.82965803,-129.75932399,20611.635470,-9670.922899,7.33,-4.2,0.3,0.00,2605.31,2605.31,HMR2300,-23820.0,2486.7,41353.3,47787.8,,,,,,,,RR1715,,
J2-1008,ASNAP,2017/08/23 09:03:32,45.82965974,-129.75932478,20611.574125,-9670.733069,6.79,-4.0,0.1,0.00,2605.38,2605.38,HMR2300,-23360.0,2760.0,41493.3,47697.0,,,,,,,,RR1715,,
J2-1008,EVT,2017/08/23 09:03:35,45.82966079,-129.75932532,20611.532377,-9670.615765,6.66,-4.5,0.2,0.00,2605.40,2605.4,HMR2300,-23553.3,2233.3,41806.7,48036.9,,,,,,,,RR1715,DLG,TXT: flying to mooring USR:eventlogger
J2-1008,ASNAP,2017/08/23 09:03:37,45.82966151,-129.75932570,20611.502781,-9670.536268,6.86,-4.0,0.6,0.00,2605.41,2605.41,HMR2300,-23566.7,2160.0,41633.3,47889.3,,,,,,,,RR1715,,
J2-1008,ASNAP,2017/08/23 09:03:42,45.82966333,-129.75932672,20611.423793,-9670.333885,6.89,-4.2,0.2,0.00,2605.38,2605.38,HMR2300,-23406.7,2453.3,41886.7,48045.6,,,,,,,,RR1715,,
J2-1008,ASNAP,2017/08/23 09:03:47,45.82966519,-129.75932781,20611.339639,-9670.127737,7.12,-4.2,0.2,0.00,2605.34,2605.34,HMR2300,-23526.7,2460.0,41746.7,47982.7,,,,,,,,RR1715,,
J2-1008,ASNAP,2017/08/23 09:03:52,45.82966706,-129.75932892,20611.252820,-9669.919808,6.84,-4.5,0.2,0.00,2605.33,2605.33,HMR2300,-23753.3,2280.0,41613.3,47969.7,,,,,,,,RR1715,,
J2-1008,ASNAP,2017/08/23 09:03:57,45.82966893,-129.75933005,20611.165639,-9669.711864,5.97,-4.5,-0.1,0.00,2605.38,2605.38,HMR2300,-23480.0,2513.3,41793.3,48003.2,,,,,,,,RR1715,,
J2-1008,ASNAP,2017/08/23 09:04:02,45.82967078,-129.75933115,20611.080133,-9669.505422,6.34,-4.9,0.0,0.00,2605.42,2605.42,HMR2300,-23766.7,2220.0,41433.3,47817.4,,,,,,,,RR1715,,
J2-1008,ASNAP,2017/08/23 09:04:07,45.82967262,-129.75933221,20610.998101,-9669.301890,6.93,-5.1,0.7,0.00,2605.42,2605.42,HMR2300,-24120.0,1786.7,41513.3,48045.0,,,,,,,,RR1715,,
J2-1008,ASNAP,2017/08/23 09:04:12,45.82967442,-129.75933320,20610.920822,-9669.101887,5.88,-4.7,0.6,0.00,2605.34,2605.34,HMR2300,-23653.3,2066.7,41766.7,48043.8,,,,,,,,RR1715,,
J2-1008,ASNAP,2017/08/23 09:04:17,45.82967617,-129.75933412,20610.849712,-9668.906962,6.40,-4.4,0.2,0.00,2605.33,2605.33,HMR2300,-23986.7,2360.0,41240.0,47766.8,,,,,,,,RR1715,,
J2-1008,EVT,2017/08/23 09:04:18,45.82967651,-129.75933429,20610.836330,-9668.868712,6.42,-4.6,0.2,0.00,2605.34,2605.34,HMR2300,-24006.7,2373.3,41166.7,47714.2,,,,,,,,RR1715,DLG,TXT: discussing where to put hook on mooring USR:eventlogger
J2-1008,ASNAP,2017/08/23 09:04:22,45.82967787,-129.75933494,20610.785771,-9668.718293,6.43,-4.5,0.2,0.00,2605.38,2605.38,HMR2300,-23686.7,2480.0,41473.3,47825.2,,,,,,,,RR1715,,
J2-1008,ASNAP,2017/08/23 09:04:27,45.82967951,-129.75933567,20610.729212,-9668.535461,6.38,-4.6,0.4,0.00,2605.42,2605.42,HMR2300,-23826.7,1960.0,41713.3,48078.6,,,,,,,,RR1715,,
J2-1008,ASNAP,2017/08/23 09:04:32,45.82968109,-129.75933630,20610.680477,-9668.359477,2.57,-4.6,0.6,0.00,2605.40,2605.4,HMR2300,-23286.7,966.7,41846.7,47899.3,,,,,,,,RR1715,,
J2-1008,ASNAP,2017/08/23 09:04:37,45.82968262,-129.75933683,20610.639405,-9668.189980,355.26,-4.4,-0.2,0.00,2605.33,2605.33,HMR2300,-22420.0,-1346.7,42773.3,48311.8,,,,,,,,RR1715,,
J2-1008,ASNAP,2017/08/23 09:04:42,45.82968409,-129.75933727,20610.605681,-9668.026602,346.30,-4.3,0.3,0.00,2605.30,2605.3,HMR2300,-20080.0,-4573.3,43826.7,48424.2,,,,,,,,RR1715,,
J2-1008,ASNAP,2017/08/23 09:04:47,45.82968550,-129.75933761,20610.579022,-9667.869550,331.92,-4.5,0.7,0.00,2605.33,2605.33,HMR2300,-17033.3,-7840.0,45353.3,49076.7,,,,,,,,RR1715,,
J2-1008,ASNAP,2017/08/23 09:04:52,45.82968687,-129.75933787,20610.558782,-9667.717812,326.65,-4.0,0.1,0.00,2605.38,2605.38,HMR2300,-14726.7,-9153.3,45920.0,49084.7,,,,,,,,RR1715,,
J2-1008,ASNAP,2017/08/23 09:04:57,45.82968818,-129.75933805,20610.544493,-9667.571744,313.27,-4.1,0.4,0.00,2605.42,2605.42,HMR2300,-11233.3,-10546.7,46893.3,49359.9,,,,,,,,RR1715,,
J2-1008,ASNAP,2017/08/23 09:05:02,45.82968947,-129.75933817,20610.535438,-9667.428754,312.40,-4.1,0.0,0.00,2605.42,2605.42,HMR2300,-10933.3,-10273.3,47240.0,49565.1,,,,,,,,RR1715,,
J2-1008,ASNAP,2017/08/23 09:05:07,45.82969072,-129.75933823,20610.530972,-9667.289788,311.40,-3.9,-0.3,0.00,2605.34,2605.34,HMR2300,-10400.0,-10173.3,47173.3,49365.8,,,,,,,,RR1715,,
J2-1008,EVT,2017/08/23 09:05:07,45.82969072,-129.75933823,20610.530972,-9667.289788,311.40,-3.9,-0.3,0.00,2605.34,2605.34,HMR2300,-10760.0,-10320.0,46746.7,49066.6,,,,,,,,RR1715,DLG,TXT: moving to NE side of mooring USR:eventlogger
J2-1008,ASNAP,2017/08/23 09:05:12,45.82969156,-129.75933825,20610.529683,-9667.196212,310.05,-4.2,-0.2,0.00,2605.35,2605.35,HMR2300,-10266.7,-10513.3,46900.0,49148.2,,,,,,,,RR1715,,
J2-1008,ASNAP,2017/08/23 09:05:17,45.82969220,-129.75933823,20610.530561,-9667.124818,305.92,-4.2,0.2,0.00,2605.40,2605.4,HMR2300,-8806.7,-11466.7,47413.3,49568.8,,,,,,,,RR1715,,
J2-1008,ASNAP,2017/08/23 09:05:22,45.82969331,-129.75933819,20610.533660,-9667.001778,292.54,-4.2,-0.1,0.00,2605.42,2605.42,HMR2300,-4386.7,-11706.7,47900.0,49504.5,,,,,,,,RR1715,,
J2-1008,ASNAP,2017/08/23 09:05:27,45.82969449,-129.75933812,20610.539012,-9666.870624,278.86,-4.1,-0.0,0.00,2605.34,2605.34,HMR2300,1473.3,-10006.7,48480.0,49523.9,,,,,,,,RR1715,,
J2-1008,ASNAP,2017/08/23 09:05:32,45.82969563,-129.75933803,20610.546005,-9666.743656,264.49,-4.0,-0.4,0.00,2605.32,2605.32,HMR2300,5986.7,-8086.7,49120.0,50139.9,,,,,,,,RR1715,,
J2-1008,ASNAP,2017/08/23 09:05:37,45.82969677,-129.75933793,20610.554034,-9666.617577,254.25,-4.2,-0.6,0.00,2605.36,2605.36,HMR2300,8420.0,-6013.3,48906.7,49989.2,,,,,,,,RR1715,,
J2-1008,EVT,2017/08/23 09:05:37,45.82969677,-129.75933793,20610.554034,-9666.617577,254.25,-4.2,-0.6,0.00,2605.36,2605.36,HMR2300,8406.7,-6133.3,48946.7,50040.6,,,,,,,,RR1715,DLG,TXT: bar too put hook on sighted USR:eventlogger
J2-1008,ASNAP,2017/08/23 09:05:42,45.82969788,-129.75933782,20610.562408,-9666.493613,256.73,-4.1,-0.9,0.00,2605.42,2605.42,HMR2300,7426.7,-6826.7,48673.3,49707.7,,,,,,,,RR1715,,
J2-1008,ASNAP,2017/08/23 09:05:47,45.82969867,-129.75933775,20610.568370,-9666.406501,257.02,-3.7,-0.7,0.00,2605.59,2605.59,HMR2300,7733.3,-6726.7,48606.7,49675.6,,,,,,,,RR1715,,
J2-1008,EVT,2017/08/23 09:05:52,45.82969920,-129.75933770,20610.572331,-9666.346666,258.45,-3.7,-0.7,0.00,2605.68,2605.68,HMR2300,7406.7,-7046.7,48653.3,49715.8,,,,,,,,RR1715,DLG,TXT: positioning to put hook on bar on mooring USR:eventlogger
J2-1008,ASNAP,2017/08/23 09:05:52,45.82969920,-129.75933770,20610.572331,-9666.346666,258.45,-3.7,-0.7,0.00,2605.68,2605.68,HMR2300,7226.7,-7226.7,48573.3,49636.9,,,,,,,,RR1715,,
J2-1008,ASNAP,2017/08/23 09:05:57,45.82970014,-129.75933761,20610.578881,-9666.242259,257.51,-3.7,-0.5,0.00,2605.52,2605.52,HMR2300,7520.0,-7566.7,48840.0,49991.5,,,,,,,,RR1715,,
J2-1008,ASNAP,2017/08/23 09:06:02,45.82970121,-129.75933752,20610.585634,-9666.123681,257.18,-3.7,-0.4,0.00,2605.29,2605.29,HMR2300,7686.7,-7046.7,48580.0,49686.6,,,,,,,,RR1715,,
J2-1008,ASNAP,2017/08/23 09:06:07,45.82970214,-129.75933746,20610.590680,-9666.020529,257.59,-3.8,-0.7,0.00,2605.40,2605.4,HMR2300,7500.0,-7206.7,48973.3,50065.7,,,,,,,,RR1715,,
J2-1008,ASNAP,2017/08/23 09:06:12,45.82970304,-129.75933741,20610.594566,-9665.919812,257.97,-3.9,-0.6,0.00,2605.62,2605.62,HMR2300,7206.7,-7193.3,48633.3,49687.8,,,,,,,,RR1715,,
J2-1008,ASNAP,2017/08/23 09:06:17,45.82970399,-129.75933737,20610.597528,-9665.814315,257.71,-4.0,-0.5,0.00,2605.63,2605.63,HMR2300,7100.0,-7426.7,48580.0,49654.6,,,,,,,,RR1715,,
J2-1008,ASNAP,2017/08/23 09:06:22,45.82970475,-129.75933735,20610.599077,-9665.730658,257.59,-3.9,-0.4,0.00,2605.44,2605.44,HMR2300,7193.3,-7340.0,48500.0,49576.9,,,,,,,,RR1715,,
J2-1008,ASNAP,2017/08/23 09:06:27,45.82970518,-129.75933734,20610.599549,-9665.682170,257.72,-3.8,-0.6,0.00,2605.35,2605.35,HMR2300,7506.7,-7020.0,48813.3,49883.6,,,,,,,,RR1715,,
J2-1008,ASNAP,2017/08/23 09:06:32,45.82970579,-129.75933735,20610.599493,-9665.614633,257.77,-3.9,-0.5,0.00,2605.52,2605.52,HMR2300,7180.0,-7673.3,48833.3,49951.2,,,,,,,,RR1715,,
J2-1008,ASNAP,2017/08/23 09:06:37,45.82970655,-129.75933735,20610.598745,-9665.530380,258.02,-4.8,-0.0,0.00,2605.61,2605.61,HMR2300,6566.7,-7566.7,48693.3,49713.3,,,,,,,,RR1715,,
J2-1008,EVT,2017/08/23 09:06:41,45.82970709,-129.75933737,20610.597586,-9665.469640,258.06,-5.0,-0.2,0.00,2605.60,2605.6,HMR2300,6486.7,-7346.7,48853.3,49826.7,,,,,,,,RR1715,DLG,TXT: hook in contact with bar USR:eventlogger
J2-1008,ASNAP,2017/08/23 09:06:42,45.82970722,-129.75933737,20610.597245,-9665.455728,257.93,-4.7,-0.4,0.00,2605.56,2605.56,HMR2300,7013.3,-7286.7,48946.7,49980.6,,,,,,,,RR1715,,
J2-1008,EVT,2017/08/23 09:06:46,45.82970769,-129.75933739,20610.595734,-9665.403654,257.47,-4.4,-0.4,0.00,2605.42,2605.42,HMR2300,6993.3,-7053.3,48433.3,49441.3,,,,,,,,RR1715,DLG,TXT: hook attached to bar USR:eventlogger
J2-1008,ASNAP,2017/08/23 09:06:47,45.82970780,-129.75933740,20610.595326,-9665.391260,257.48,-4.3,-0.4,0.00,2605.37,2605.37,HMR2300,6853.3,-7246.7,48533.3,49547.6,,,,,,,,RR1715,,
J2-1008,EVT,2017/08/23 09:06:51,45.82970821,-129.75933742,20610.593706,-9665.345315,258.54,-4.1,0.0,0.00,2605.35,2605.35,HMR2300,7120.0,-7780.0,48906.7,50030.8,,,,,,,,RR1715,DLG,TXT: hook released USR:eventlogger
J2-1008,ASNAP,2017/08/23 09:06:52,45.82970831,-129.75933742,20610.593325,-9665.334893,258.54,-4.1,0.0,0.00,2605.35,2605.35,HMR2300,6706.7,-7686.7,48466.7,49528.6,,,,,,,,RR1715,,
J2-1008,ASNAP,2017/08/23 09:06:57,45.82970872,-129.75933745,20610.591719,-9665.288920,258.32,-4.2,-0.0,0.00,2605.48,2605.48,HMR2300,6633.3,-7760.0,48433.3,49497.5,,,,,,,,RR1715,,
J2-1008,EVT,2017/08/23 09:07:01,45.82970899,-129.75933745,20610.590995,-9665.258424,258.39,-4.2,-0.0,0.00,2605.59,2605.59,HMR2300,6973.3,-7586.7,48713.3,49791.3,,,,,,,,RR1715,DLG,TXT: connector still held by Jason USR:eventlogger
J2-1008,ASNAP,2017/08/23 09:07:02,45.82970905,-129.75933746,20610.590928,-9665.251743,258.35,-4.2,-0.1,0.00,2605.60,2605.6,HMR2300,6900.0,-7540.0,48673.3,49734.8,,,,,,,,RR1715,,
J2-1008,ASNAP,2017/08/23 09:07:07,45.82970930,-129.75933745,20610.591491,-9665.224561,258.23,-4.3,0.0,0.00,2605.50,2605.5,HMR2300,7093.3,-7633.3,48940.0,50037.1,,,,,,,,RR1715,,
J2-1008,ASNAP,2017/08/23 09:07:12,45.82970945,-129.75933742,20610.593972,-9665.207331,258.24,-4.4,-0.2,0.00,2605.34,2605.34,HMR2300,6926.7,-7500.0,48773.3,49830.4,,,,,,,,RR1715,,
J2-1008,ASNAP,2017/08/23 09:07:17,45.82970952,-129.75933735,20610.598866,-9665.199870,258.42,-4.3,-0.0,0.00,2605.38,2605.38,HMR2300,6900.0,-7573.3,48713.3,49779.1,,,,,,,,RR1715,,
J2-1008,ASNAP,2017/08/23 09:07:22,45.82970950,-129.75933725,20610.606597,-9665.202033,258.27,-4.3,-0.1,0.00,2605.54,2605.54,HMR2300,6660.0,-7806.7,48546.7,49619.3,,,,,,,,RR1715,,
J2-1008,EVT,2017/08/23 09:07:22,45.82970950,-129.75933725,20610.606597,-9665.202033,258.27,-4.3,-0.1,0.00,2605.54,2605.54,HMR2300,6660.0,-7806.7,48546.7,49619.3,,,,,,,,RR1715,DLG,TXT: left hand holding connector right hand free USR:eventlogger
J2-1008,ASNAP,2017/08/23 09:07:27,45.82970940,-129.75933711,20610.617519,-9665.213362,258.34,-4.4,-0.1,0.00,2605.57,2605.57,HMR2300,6820.0,-7853.3,48846.7,49941.8,,,,,,,,RR1715,,
J2-1008,ASNAP,2017/08/23 09:07:32,45.82970922,-129.75933693,20610.631878,-9665.233381,258.18,-4.4,-0.0,0.00,2605.43,2605.43,HMR2300,6980.0,-7500.0,48760.0,49824.8,,,,,,,,RR1715,,
J2-1008,ASNAP,2017/08/23 09:07:37,45.82970897,-129.75933670,20610.649690,-9665.261405,258.34,-4.4,-0.1,0.00,2605.37,2605.37,HMR2300,6946.7,-7586.7,48913.3,49983.3,,,,,,,,RR1715,,
J2-1008,ASNAP,2017/08/23 09:07:42,45.82970865,-129.75933642,20610.670985,-9665.296913,258.35,-4.3,-0.1,0.00,2605.45,2605.45,HMR2300,7006.7,-7473.3,48866.7,49928.9,,,,,,,,RR1715,,
J2-1008,ASNAP,2017/08/23 09:07:47,45.82970827,-129.75933611,20610.695495,-9665.339072,258.28,-4.3,-0.1,0.00,2605.56,2605.56,HMR2300,6940.0,-7813.3,48980.0,50082.5,,,,,,,,RR1715,,
J2-1008,ASNAP,2017/08/23 09:07:52,45.82970783,-129.75933575,20610.723000,-9665.387331,258.32,-4.1,0.4,0.00,2605.50,2605.5,HMR2300,6833.3,-8033.3,48406.7,49542.2,,,,,,,,RR1715,,
J2-1008,ASNAP,2017/08/23 09:07:57,45.82970735,-129.75933537,20610.753043,-9665.440897,258.25,-4.1,-0.0,0.00,2605.42,2605.42,HMR2300,7146.7,-7513.3,48606.7,49700.4,,,,,,,,RR1715,,
J2-1008,EVT,2017/08/23 09:07:58,45.82970725,-129.75933529,20610.759312,-9665.452183,258.26,-4.0,-0.1,0.00,2605.40,2605.4,HMR2300,6966.7,-7786.7,48440.0,49554.0,,,,,,,,RR1715,DLG,TXT: positioning to pull off dust cap on mooring USR:eventlogger
J2-1008,ASNAP,2017/08/23 09:08:02,45.82970683,-129.75933495,20610.785106,-9665.499032,258.36,-4.0,-0.0,0.00,2605.40,2605.4,HMR2300,7246.7,-7713.3,48786.7,49921.4,,,,,,,,RR1715,,
J2-1008,ASNAP,2017/08/23 09:08:07,45.82970627,-129.75933452,20610.818608,-9665.561001,258.47,-3.6,0.1,0.00,2605.50,2605.5,HMR2300,7273.3,-8080.0,48700.0,49898.7,,,,,,,,RR1715,,
J2-1008,ASNAP,2017/08/23 09:08:12,45.82970569,-129.75933408,20610.852888,-9665.625978,258.20,-3.7,0.0,0.00,2605.54,2605.54,HMR2300,7466.7,-7633.3,48633.3,49791.8,,,,,,,,RR1715,,
J2-1008,ASNAP,2017/08/23 09:08:17,45.82970509,-129.75933364,20610.887174,-9665.692890,258.29,-3.5,-0.2,0.00,2605.48,2605.48,HMR2300,7953.3,-7733.3,48880.0,50123.0,,,,,,,,RR1715,,
J2-1008,EVT,2017/08/23 09:08:20,45.82970472,-129.75933338,20610.907486,-9665.733611,258.21,-4.1,-0.1,0.00,2605.40,2605.4,HMR2300,6886.7,-7506.7,48400.0,49460.5,,,,,,,,RR1715,DLG,TXT: dust cap grabbed USR:eventlogger
J2-1008,ASNAP,2017/08/23 09:08:22,45.82970447,-129.75933320,20610.921036,-9665.761275,258.00,-3.3,-0.1,0.00,2605.37,2605.37,HMR2300,7986.7,-7933.3,48853.3,50133.6,,,,,,,,RR1715,,
J2-1008,ASNAP,2017/08/23 09:08:27,45.82970384,-129.75933277,20610.954429,-9665.831331,258.42,-3.3,0.2,0.00,2605.41,2605.41,HMR2300,8053.3,-7953.3,48913.3,50205.8,,,,,,,,RR1715,,
J2-1008,EVT,2017/08/23 09:08:27,45.82970384,-129.75933277,20610.954429,-9665.831331,258.40,-2.9,-0.1,0.00,2605.45,2605.45,HMR2300,8000.0,-7920.0,48853.3,50133.6,,,,,,,,RR1715,DLG,TXT: dust cap successfully removed USR:eventlogger
J2-1008,ASNAP,2017/08/23 09:08:32,45.82970321,-129.75933235,20610.986692,-9665.901871,258.12,-3.0,-0.2,0.00,2605.56,2605.56,HMR2300,7880.0,-7460.0,48380.0,49582.0,,,,,,,,RR1715,,
J2-1008,ASNAP,2017/08/23 09:08:37,45.82970258,-129.75933196,20611.017405,-9665.971921,258.33,-2.6,-0.6,0.00,2605.55,2605.55,HMR2300,8600.0,-7253.3,48673.3,49956.6,,,,,,,,RR1715,,
J2-1008,ASNAP,2017/08/23 09:08:42,45.82970196,-129.75933159,20611.046354,-9666.040665,258.15,-2.6,-0.4,0.00,2605.44,2605.44,HMR2300,8340.0,-7533.3,48306.7,49596.8,,,,,,,,RR1715,,
J2-1008,EVT,2017/08/23 09:08:44,45.82970172,-129.75933144,20611.057384,-9666.067530,258.34,-2.4,-0.4,0.00,2605.38,2605.38,HMR2300,8566.7,-7420.0,48886.7,50183.2,,,,,,,,RR1715,DLG,TXT: dust cap put in basket on Jason USR:eventlogger
J2-1008,ASNAP,2017/08/23 09:08:47,45.82970136,-129.75933124,20611.073256,-9666.106778,258.28,-2.6,-0.3,0.00,2605.39,2605.39,HMR2300,8133.3,-7700.0,48546.7,49821.9,,,,,,,,RR1715,,
J2-1008,ASNAP,2017/08/23 09:08:52,45.82970080,-129.75933092,20611.098087,-9666.169246,258.43,-3.1,-0.5,0.00,2605.46,2605.46,HMR2300,8166.7,-7393.3,48940.0,50164.5,,,,,,,,RR1715,,
J2-1008,ASNAP,2017/08/23 09:08:57,45.82970026,-129.75933061,20611.121797,-9666.229111,258.31,-3.1,-0.4,0.00,2605.56,2605.56,HMR2300,7726.7,-7733.3,48573.3,49788.3,,,,,,,,RR1715,,
J2-1008,ASNAP,2017/08/23 09:09:02,45.82969979,-129.75933034,20611.142854,-9666.281318,258.23,-3.1,-0.3,0.00,2605.51,2605.51,HMR2300,7753.3,-7446.7,48353.3,49533.9,,,,,,,,RR1715,,
J2-1008,ASNAP,2017/08/23 09:09:07,45.82969953,-129.75933019,20611.154803,-9666.310177,258.20,-3.2,0.4,0.00,2605.40,2605.4,HMR2300,7686.7,-8186.7,48326.7,49614.2,,,,,,,,RR1715,,
J2-1008,ASNAP,2017/08/23 09:09:12,45.82969927,-129.75933002,20611.168162,-9666.339431,258.45,-2.6,1.2,0.00,2605.37,2605.37,HMR2300,8086.7,-9200.0,48293.3,49822.5,,,,,,,,RR1715,,
J2-1008,ASNAP,2017/08/23 09:09:17,45.82969892,-129.75932976,20611.187916,-9666.378642,258.15,-2.4,1.7,0.00,2605.50,2605.5,HMR2300,8293.3,-9520.0,48173.3,49800.4,,,,,,,,RR1715,,
J2-1008,EVT,2017/08/23 09:09:20,45.82969874,-129.75932961,20611.199760,-9666.398546,258.34,-2.2,1.6,0.00,2605.57,2605.57,HMR2300,8473.3,-9300.0,48193.3,49808.5,,,,,,,,RR1715,DLG,TXT: positioning to remove dust cap from connector USR:eventlogger
J2-1008,ASNAP,2017/08/23 09:09:22,45.82969864,-129.75932951,20611.207571,-9666.409810,258.30,-2.4,1.9,0.00,2605.58,2605.58,HMR2300,8560.0,-9493.3,48613.3,50265.8,,,,,,,,RR1715,,
J2-1008,ASNAP,2017/08/23 09:09:27,45.82969844,-129.75932925,20611.227361,-9666.431253,258.10,-2.4,1.7,0.00,2605.48,2605.48,HMR2300,8326.7,-9220.0,48040.0,49620.4,,,,,,,,RR1715,,
J2-1008,ASNAP,2017/08/23 09:09:32,45.82969834,-129.75932899,20611.248096,-9666.442689,258.16,-2.6,1.6,0.00,2605.39,2605.39,HMR2300,8500.0,-9273.3,48640.0,50240.4,,,,,,,,RR1715,,
J2-1008,ASNAP,2017/08/23 09:09:37,45.82969833,-129.75932870,20611.270549,-9666.443440,258.17,-3.0,1.4,0.00,2605.44,2605.44,HMR2300,7733.3,-8993.3,48120.0,49560.3,,,,,,,,RR1715,,
J2-1008,ASNAP,2017/08/23 09:09:42,45.82969842,-129.75932838,20611.294934,-9666.433267,258.28,-3.2,1.4,0.00,2605.54,2605.54,HMR2300,7633.3,-8880.0,48226.7,49628.0,,,,,,,,RR1715,,
J2-1008,EVT,2017/08/23 09:09:42,45.82969842,-129.75932838,20611.294934,-9666.433267,258.28,-3.2,1.4,0.00,2605.54,2605.54,HMR2300,7993.3,-8826.7,48673.3,50108.8,,,,,,,,RR1715,DLG,TXT: connector dust cap grabbed USR:eventlogger
J2-1008,ASNAP,2017/08/23 09:09:47,45.82969862,-129.75932804,20611.321779,-9666.412060,258.10,-3.2,1.2,0.00,2605.52,2605.52,HMR2300,7693.3,-8753.3,48173.3,49562.9,,,,,,,,RR1715,,
J2-1008,ASNAP,2017/08/23 09:09:52,45.82969891,-129.75932763,20611.352838,-9666.378881,258.10,-3.2,1.3,0.00,2605.46,2605.46,HMR2300,7800.0,-8760.0,48200.0,49606.6,,,,,,,,RR1715,,
J2-1008,ASNAP,2017/08/23 09:09:57,45.82969930,-129.75932719,20611.387004,-9666.335502,258.11,-3.2,1.3,0.00,2605.42,2605.42,HMR2300,7933.3,-9000.0,48720.0,50175.5,,,,,,,,RR1715,,
J2-1008,ASNAP,2017/08/23 09:10:02,45.82969981,-129.75932668,20611.427123,-9666.279003,258.16,-3.0,1.1,0.00,2605.49,2605.49,HMR2300,7760.0,-8646.7,48226.7,49606.4,,,,,,,,RR1715,,
J2-1008,ASNAP,2017/08/23 09:10:07,45.82970041,-129.75932610,20611.471975,-9666.212073,257.87,-3.2,0.9,0.00,2605.54,2605.54,HMR2300,7926.7,-8166.7,48253.3,49577.3,,,,,,,,RR1715,,
J2-1008,ASNAP,2017/08/23 09:10:12,45.82970111,-129.75932545,20611.522172,-9666.134734,258.03,-3.3,0.6,0.00,2605.50,2605.5,HMR2300,8106.7,-8080.0,48740.0,50065.9,,,,,,,,RR1715,,
J2-1008,ASNAP,2017/08/23 09:10:17,45.82970191,-129.75932472,20611.579256,-9666.045628,258.00,-3.4,0.7,0.00,2605.42,2605.42,HMR2300,7506.7,-8653.3,48613.3,49944.8,,,,,,,,RR1715,,
J2-1008,ASNAP,2017/08/23 09:10:22,45.82970278,-129.75932392,20611.641104,-9665.948922,258.12,-3.5,0.8,0.00,2605.46,2605.46,HMR2300,7720.0,-8193.3,48560.0,49847.8,,,,,,,,RR1715,,
J2-1008,EVT,2017/08/23 09:10:25,45.82970336,-129.75932339,20611.682160,-9665.884986,258.03,-3.8,0.8,0.00,2605.48,2605.48,HMR2300,7586.7,-8246.7,48760.0,50031.0,,,,,,,,RR1715,DLG,TXT: scratch previous entry USR:eventlogger
J2-1008,ASNAP,2017/08/23 09:10:27,45.82970376,-129.75932302,20611.710973,-9665.840308,257.98,-3.7,0.9,0.00,2605.52,2605.52,HMR2300,7473.3,-8313.3,48393.3,49667.7,,,,,,,,RR1715,,
J2-1008,ASNAP,2017/08/23 09:10:32,45.82970481,-129.75932204,20611.787082,-9665.723259,257.97,-3.2,0.9,0.00,2605.54,2605.54,HMR2300,7606.7,-8653.3,48333.3,49687.6,,,,,,,,RR1715,,
J2-1008,ASNAP,2017/08/23 09:10:37,45.82970587,-129.75932104,20611.864644,-9665.605324,257.96,-3.3,1.0,0.00,2605.46,2605.46,HMR2300,7880.0,-8413.3,48500.0,49851.1,,,,,,,,RR1715,,
J2-1008,ASNAP,2017/08/23 09:10:42,45.82970652,-129.75932043,20611.912028,-9665.533824,258.11,-3.2,0.9,0.00,2605.43,2605.43,HMR2300,7986.7,-8486.7,48806.7,50178.7,,,,,,,,RR1715,,
J2-1008,ASNAP,2017/08/23 09:10:47,45.82970732,-129.75931965,20611.972323,-9665.444221,258.04,-3.4,0.9,0.00,2605.48,2605.48,HMR2300,7340.0,-8693.3,48433.3,49751.8,,,,,,,,RR1715,,
J2-1008,EVT,2017/08/23 09:10:51,45.82970833,-129.75931867,20612.048123,-9665.332380,257.93,-3.1,1.2,0.00,2605.52,2605.52,HMR2300,7673.3,-8560.0,48193.3,49545.4,,,,,,,,RR1715,DLG,TXT: connector now in right hand USR:eventlogger
J2-1008,ASNAP,2017/08/23 09:10:52,45.82970859,-129.75931842,20612.067914,-9665.303359,257.95,-3.4,1.1,0.00,2605.52,2605.52,HMR2300,7846.7,-8513.3,48706.7,50063.8,,,,,,,,RR1715,,
J2-1008,ASNAP,2017/08/23 09:10:57,45.82970988,-129.75931714,20612.166718,-9665.159683,258.04,-3.3,1.0,0.00,2605.50,2605.5,HMR2300,7573.3,-8800.0,48473.3,49844.4,,,,,,,,RR1715,,
J2-1008,ASNAP,2017/08/23 09:11:02,45.82971124,-129.75931579,20612.271448,-9665.009397,258.14,-3.7,1.1,0.00,2605.45,2605.45,HMR2300,7593.3,-8673.3,48720.0,50065.2,,,,,,,,RR1715,,
J2-1008,EVT,2017/08/23 09:11:07,45.82971261,-129.75931441,20612.378851,-9664.857057,258.06,-3.6,1.2,0.00,2605.46,2605.46,HMR2300,7746.7,-8526.7,48653.3,49998.6,,,,,,,,RR1715,DLG,TXT: grabbing connector with left hand also USR:eventlogger
J2-1008,ASNAP,2017/08/23 09:11:07,45.82971261,-129.75931441,20612.378851,-9664.857057,258.06,-3.6,1.2,0.00,2605.46,2605.46,HMR2300,7746.7,-8526.7,48653.3,49998.6,,,,,,,,RR1715,,
J2-1008,ASNAP,2017/08/23 09:11:12,45.82971399,-129.75931300,20612.488234,-9664.703600,258.04,-3.5,1.1,0.00,2605.50,2605.5,HMR2300,7546.7,-8500.0,48240.0,49561.1,,,,,,,,RR1715,,
J2-1008,ASNAP,2017/08/23 09:11:17,45.82971542,-129.75931153,20612.602575,-9664.544726,258.08,-3.4,1.1,0.00,2605.52,2605.52,HMR2300,7453.3,-8746.7,48253.3,49602.8,,,,,,,,RR1715,,
J2-1008,ASNAP,2017/08/23 09:11:22,45.82971682,-129.75931007,20612.715688,-9664.388925,258.11,-3.4,1.2,0.00,2605.48,2605.48,HMR2300,7900.0,-8693.3,48793.3,50187.4,,,,,,,,RR1715,,
J2-1008,ASNAP,2017/08/23 09:11:27,45.82971824,-129.75930857,20612.831733,-9664.230309,257.96,-3.4,1.2,0.00,2605.45,2605.45,HMR2300,7773.3,-8940.0,48746.7,50165.6,,,,,,,,RR1715,,
J2-1008,EVT,2017/08/23 09:11:31,45.82971935,-129.75930741,20612.922179,-9664.107423,258.09,-3.4,1.2,0.00,2605.47,2605.47,HMR2300,7646.7,-8733.3,48193.3,49571.6,,,,,,,,RR1715,DLG,TXT: pulling connector dust cap with right hand USR:eventlogger
J2-1008,ASNAP,2017/08/23 09:11:32,45.82971962,-129.75930712,20612.944374,-9664.077362,258.03,-3.3,1.6,0.00,2605.47,2605.47,HMR2300,7693.3,-9240.0,48106.7,49586.5,,,,,,,,RR1715,,
J2-1008,EVT,2017/08/23 09:11:36,45.82972071,-129.75930596,20613.034049,-9663.956258,258.07,-3.4,1.6,0.00,2605.48,2605.48,HMR2300,7880.0,-9120.0,48380.0,49858.7,,,,,,,,RR1715,DLG,TXT: connector dust cap removed USR:eventlogger
J2-1008,ASNAP,2017/08/23 09:11:37,45.82972098,-129.75930568,20613.056502,-9663.926015,258.00,-3.2,1.9,0.00,2605.50,2605.5,HMR2300,8293.3,-9280.0,48640.0,50207.0,,,,,,,,RR1715,,
J2-1008,ASNAP,2017/08/23 09:11:42,45.82972230,-129.75930427,20613.165203,-9663.780033,257.99,-2.5,1.7,0.00,2605.50,2605.5,HMR2300,8440.0,-9300.0,48500.0,50099.6,,,,,,,,RR1715,,
J2-1008,ASNAP,2017/08/23 09:11:47,45.82972354,-129.75930294,20613.268346,-9663.642163,258.12,-2.5,1.5,0.00,2605.48,2605.48,HMR2300,8320.0,-9080.0,48100.0,49651.6,,,,,,,,RR1715,,
J2-1008,EVT,2017/08/23 09:11:47,45.82972354,-129.75930294,20613.268346,-9663.642163,258.12,-2.5,1.5,0.00,2605.48,2605.48,HMR2300,8766.7,-9053.3,48633.3,50239.6,,,,,,,,RR1715,DLG,TXT: connector dust cap placed in basket on Jason USR:eventlogger
J2-1008,ASNAP,2017/08/23 09:11:52,45.82972473,-129.75930166,20613.368140,-9663.509334,258.18,-2.5,1.4,0.00,2605.46,2605.46,HMR2300,8553.3,-9020.0,48726.7,50287.3,,,,,,,,RR1715,,
J2-1008,EVT,2017/08/23 09:11:53,45.82972496,-129.75930142,20613.387021,-9663.484265,258.11,-2.6,1.4,0.00,2605.46,2605.46,HMR2300,8320.0,-8833.3,48260.0,49762.2,,,,,,,,RR1715,DLG,TXT: connector now in left hand USR:eventlogger
J2-1008,ASNAP,2017/08/23 09:11:57,45.82972581,-129.75930049,20613.458588,-9663.389437,258.02,-3.0,1.6,0.00,2605.48,2605.48,HMR2300,8120.0,-9253.3,48753.3,50283.7,,,,,,,,RR1715,,
J2-1008,ASNAP,2017/08/23 09:12:02,45.82972681,-129.75929941,20613.542954,-9663.278062,258.12,-2.9,1.6,0.00,2605.50,2605.5,HMR2300,7993.3,-9286.7,48593.3,50114.3,,,,,,,,RR1715,,
J2-1008,ASNAP,2017/08/23 09:12:07,45.82972769,-129.75929845,20613.617230,-9663.180411,258.02,-3.2,1.6,0.00,2605.48,2605.48,HMR2300,8053.3,-8786.7,48533.3,49975.5,,,,,,,,RR1715,,
J2-1008,ASNAP,2017/08/23 09:12:12,45.82972845,-129.75929762,20613.681332,-9663.096522,258.03,-3.2,1.3,0.00,2605.46,2605.46,HMR2300,7800.0,-9073.3,48546.7,49999.4,,,,,,,,RR1715,,
J2-1008,EVT,2017/08/23 09:12:13,45.82972858,-129.75929747,20613.693079,-9663.081194,258.01,-3.2,1.4,0.00,2605.47,2605.47,HMR2300,7840.0,-9266.7,48286.7,49788.9,,,,,,,,RR1715,DLG,TXT: repositioning connector dust cap in basket on Jason USR:eventlogger
J2-1008,ASNAP,2017/08/23 09:12:17,45.82972907,-129.75929693,20613.735093,-9663.026526,258.08,-3.2,1.4,0.00,2605.47,2605.47,HMR2300,7733.3,-9213.3,48466.7,49937.0,,,,,,,,RR1715,,
J2-1008,ASNAP,2017/08/23 09:12:22,45.82972955,-129.75929640,20613.775979,-9662.973668,258.01,-2.9,2.5,0.00,2605.47,2605.47,HMR2300,7780.0,-10020.0,48100.0,49744.7,,,,,,,,RR1715,,
J2-1008,ASNAP,2017/08/23 09:12:27,45.82972989,-129.75929602,20613.805369,-9662.936124,257.90,-2.2,0.8,0.00,2605.54,2605.54,HMR2300,9380.0,-8720.0,48513.3,50175.4,,,,,,,,RR1715,,
J2-1008,ASNAP,2017/08/23 09:12:32,45.82973007,-129.75929581,20613.821825,-9662.915743,258.04,-2.4,1.2,0.00,2605.50,2605.5,HMR2300,8986.7,-8706.7,48760.0,50339.9,,,,,,,,RR1715,,
J2-1008,ASNAP,2017/08/23 09:12:37,45.82973010,-129.75929576,20613.825690,-9662.912167,258.09,-2.7,1.0,0.00,2605.43,2605.43,HMR2300,8693.3,-8573.3,48706.7,50213.7,,,,,,,,RR1715,,
J2-1008,ASNAP,2017/08/23 09:12:42,45.82973000,-129.75929586,20613.818212,-9662.923758,258.04,-2.8,1.2,0.00,2605.47,2605.47,HMR2300,8453.3,-9080.0,48740.0,50294.1,,,,,,,,RR1715,,
J2-1008,ASNAP,2017/08/23 09:12:47,45.82972977,-129.75929609,20613.800236,-9662.949539,258.03,-2.9,1.4,0.00,2605.52,2605.52,HMR2300,8453.3,-8826.7,48613.3,50126.1,,,,,,,,RR1715,,
J2-1008,ASNAP,2017/08/23 09:12:52,45.82972937,-129.75929649,20613.769423,-9662.993223,257.97,-2.9,1.3,0.00,2605.50,2605.5,HMR2300,7986.7,-8826.7,48160.0,49609.3,,,,,,,,RR1715,,
J2-1008,EVT,2017/08/23 09:12:53,45.82972928,-129.75929658,20613.762085,-9663.003620,258.00,-2.8,1.1,0.00,2605.49,2605.49,HMR2300,8233.3,-9033.3,48620.0,50132.8,,,,,,,,RR1715,DLG,TXT: discussing how to plug connector into mooring USR:eventlogger
J2-1008,ASNAP,2017/08/23 09:12:57,45.82972887,-129.75929700,20613.729564,-9663.049820,258.04,-2.9,1.2,0.00,2605.46,2605.46,HMR2300,8113.3,-9046.7,48593.3,50089.7,,,,,,,,RR1715,,
J2-1008,ASNAP,2017/08/23 09:13:02,45.82972821,-129.75929765,20613.678982,-9663.122307,257.94,-2.0,1.5,0.00,2605.46,2605.46,HMR2300,9133.3,-9340.0,48580.0,50305.8,,,,,,,,RR1715,,
J2-1008,ASNAP,2017/08/23 09:13:07,45.82972745,-129.75929841,20613.620429,-9663.207421,257.77,-1.8,2.5,0.00,2605.48,2605.48,HMR2300,9246.7,-9793.3,47920.0,49776.9,,,,,,,,RR1715,,
J2-1008,ASNAP,2017/08/23 09:13:12,45.82972658,-129.75929924,20613.555421,-9663.303783,257.88,-1.8,2.7,0.00,2605.51,2605.51,HMR2300,8993.3,-9906.7,47800.0,49637.3,,,,,,,,RR1715,,
J2-1008,ASNAP,2017/08/23 09:13:17,45.82972561,-129.75930016,20613.484135,-9663.411913,257.85,-1.6,2.5,0.00,2605.51,2605.51,HMR2300,9266.7,-9760.0,47960.0,49812.6,,,,,,,,RR1715,,
J2-1008,ASNAP,2017/08/23 09:13:22,45.82972458,-129.75930111,20613.410692,-9663.526376,257.82,-1.8,2.6,0.00,2605.48,2605.48,HMR2300,8946.7,-10153.3,47940.0,49813.4,,,,,,,,RR1715,,
J2-1008,ASNAP,2017/08/23 09:13:27,45.82972346,-129.75930211,20613.333365,-9663.650544,257.80,-1.7,2.6,0.00,2605.46,2605.46,HMR2300,9060.0,-10193.3,48166.7,50060.1,,,,,,,,RR1715,,
J2-1008,ASNAP,2017/08/23 09:13:32,45.82972231,-129.75930310,20613.256368,-9663.778208,258.02,-2.2,2.1,0.00,2605.50,2605.5,HMR2300,8993.3,-9526.7,48493.3,50231.9,,,,,,,,RR1715,,
J2-1008,ASNAP,2017/08/23 09:13:37,45.82972111,-129.75930410,20613.178400,-9663.911965,257.97,-2.0,1.8,0.00,2605.51,2605.51,HMR2300,8733.3,-9193.3,47860.0,49511.3,,,,,,,,RR1715,,
J2-1008,ASNAP,2017/08/23 09:13:42,45.82971988,-129.75930510,20613.101227,-9664.048941,258.02,-2.0,1.8,0.00,2605.47,2605.47,HMR2300,9173.3,-9126.7,48253.3,49958.3,,,,,,,,RR1715,,
J2-1008,ASNAP,2017/08/23 09:13:47,45.82971864,-129.75930606,20613.026706,-9664.185831,258.05,-1.9,1.9,0.00,2605.44,2605.44,HMR2300,9086.7,-9120.0,48126.7,49818.9,,,,,,,,RR1715,,
J2-1008,ASNAP,2017/08/23 09:13:52,45.82971741,-129.75930699,20612.954587,-9664.322637,258.11,-2.0,1.8,0.00,2605.48,2605.48,HMR2300,8580.0,-9433.3,48086.7,49748.7,,,,,,,,RR1715,,
J2-1008,ASNAP,2017/08/23 09:13:57,45.82971623,-129.75930786,20612.887021,-9664.454653,258.10,-2.1,1.7,0.00,2605.51,2605.51,HMR2300,8520.0,-9026.7,47920.0,49501.5,,,,,,,,RR1715,,
J2-1008,ASNAP,2017/08/23 09:14:02,45.82971509,-129.75930867,20612.824256,-9664.580427,258.04,-2.4,1.5,0.00,2605.50,2605.5,HMR2300,8866.7,-8906.7,47873.3,49495.5,,,,,,,,RR1715,,
J2-1008,EVT,2017/08/23 09:14:06,45.82971424,-129.75930927,20612.777649,-9664.675521,258.61,-3.4,1.9,0.00,2605.44,2605.44,HMR2300,8060.0,-9380.0,48220.0,49780.7,,,,,,,,RR1715,DLG,TXT: note: hook in previous entries refered to biner USR:eventlogger
J2-1008,ASNAP,2017/08/23 09:14:07,45.82971403,-129.75930941,20612.766543,-9664.698358,259.53,-2.0,1.4,0.00,2605.45,2605.45,HMR2300,8586.7,-9086.7,48440.0,50027.3,,,,,,,,RR1715,,
J2-1008,ASNAP,2017/08/23 09:14:12,45.82971306,-129.75931008,20612.714432,-9664.806133,258.12,-0.6,1.0,0.00,2605.41,2605.41,HMR2300,9906.7,-8246.7,47880.0,49584.7,,,,,,,,RR1715,,
J2-1008,ASNAP,2017/08/23 09:14:17,45.82971220,-129.75931068,20612.668156,-9664.902017,255.96,-1.8,0.9,0.00,2605.27,2605.27,HMR2300,9833.3,-8113.3,48300.0,49954.1,,,,,,,,RR1715,,
J2-1008,ASNAP,2017/08/23 09:14:22,45.82971146,-129.75931120,20612.627763,-9664.984638,257.13,0.1,0.8,0.00,2605.34,2605.34,HMR2300,10906.7,-8246.7,47740.0,49659.5,,,,,,,,RR1715,,
J2-1008,ASNAP,2017/08/23 09:14:27,45.82971085,-129.75931165,20612.593314,-9665.052610,256.28,-0.5,0.9,0.00,2605.34,2605.34,HMR2300,10400.0,-8306.7,48066.7,49875.5,,,,,,,,RR1715,,
J2-1008,ASNAP,2017/08/23 09:14:32,45.82971038,-129.75931201,20612.564808,-9665.104721,255.56,-1.4,1.0,0.00,2605.29,2605.29,HMR2300,10393.3,-8106.7,48100.0,49873.3,,,,,,,,RR1715,,
J2-1008,ASNAP,2017/08/23 09:14:37,45.82971006,-129.75931231,20612.542062,-9665.140189,257.71,-2.7,1.3,0.00,2605.37,2605.37,HMR2300,8766.7,-8806.7,48300.0,49872.9,,,,,,,,RR1715,,
J2-1008,ASNAP,2017/08/23 09:14:42,45.82970989,-129.75931253,20612.524805,-9665.158491,258.32,-3.5,2.3,0.00,2605.50,2605.5,HMR2300,7813.3,-9346.7,47946.7,49470.1,,,,,,,,RR1715,,
J2-1008,ASNAP,2017/08/23 09:14:47,45.82970989,-129.75931269,20612.512645,-9665.159447,258.00,-3.5,2.0,0.00,2605.62,2605.62,HMR2300,7813.3,-9253.3,48180.0,49678.8,,,,,,,,RR1715,,
J2-1008,ASNAP,2017/08/23 09:14:52,45.82971003,-129.75931278,20612.505064,-9665.143016,258.12,-2.9,1.8,0.00,2605.52,2605.52,HMR2300,8380.0,-8880.0,48300.0,49819.4,,,,,,,,RR1715,,
J2-1008,ASNAP,2017/08/23 09:14:57,45.82971033,-129.75931283,20612.501479,-9665.109541,258.34,-2.9,1.0,0.00,2605.38,2605.38,HMR2300,8326.7,-8400.0,48613.3,50031.5,,,,,,,,RR1715,,
J2-1008,ASNAP,2017/08/23 09:15:02,45.82971078,-129.75931283,20612.501168,-9665.059648,257.82,-0.3,0.8,0.00,2605.39,2605.39,HMR2300,10140.0,-8480.0,48393.3,50166.2,,,,,,,,RR1715,,
J2-1008,ASNAP,2017/08/23 09:15:07,45.82971137,-129.75931281,20612.503266,-9664.994030,258.06,-2.0,0.9,0.00,2605.28,2605.28,HMR2300,8920.0,-8493.3,48253.3,49800.5,,,,,,,,RR1715,,
J2-1008,EVT,2017/08/23 09:15:10,45.82971179,-129.75931278,20612.505291,-9664.947404,258.04,-1.0,0.9,0.00,2605.31,2605.31,HMR2300,9966.7,-8546.7,48313.3,50065.5,,,,,,,,RR1715,DLG,TXT: mooring grabbed with right nad USR:eventlogger
J2-1008,ASNAP,2017/08/23 09:15:12,45.82971210,-129.75931276,20612.506824,-9664.913431,258.07,-0.2,0.8,0.00,2605.33,2605.33,HMR2300,10406.7,-8386.7,47766.7,49601.3,,,,,,,,RR1715,,
J2-1008,ASNAP,2017/08/23 09:15:17,45.82971295,-129.75931271,20612.510789,-9664.819068,257.91,-0.9,0.8,0.00,2605.37,2605.37,HMR2300,9853.3,-8360.0,48466.7,50159.7,,,,,,,,RR1715,,
J2-1008,ASNAP,2017/08/23 09:15:22,45.82971391,-129.75931267,20612.514015,-9664.711639,257.98,-1.9,0.9,0.00,2605.29,2605.29,HMR2300,9173.3,-8333.3,48406.7,49968.0,,,,,,,,RR1715,,
J2-1008,EVT,2017/08/23 09:15:25,45.82971456,-129.75931265,20612.515066,-9664.640299,258.05,-1.1,0.8,0.00,2605.31,2605.31,HMR2300,9473.3,-8446.7,48020.0,49669.0,,,,,,,,RR1715,DLG,TXT: mooring grabbed with right hand USR:eventlogger
J2-1008,ASNAP,2017/08/23 09:15:27,45.82971500,-129.75931265,20612.515256,-9664.590531,258.07,-0.7,0.8,0.00,2605.34,2605.34,HMR2300,9880.0,-8380.0,47986.7,49704.7,,,,,,,,RR1715,,
J2-1008,ASNAP,2017/08/23 09:15:32,45.82971599,-129.75931266,20612.514359,-9664.480583,257.99,-1.2,0.7,0.00,2605.34,2605.34,HMR2300,9613.3,-8473.3,48446.7,50112.8,,,,,,,,RR1715,,
J2-1008,ASNAP,2017/08/23 09:15:37,45.82971665,-129.75931269,20612.512148,-9664.407676,257.99,-1.3,0.8,0.00,2605.31,2605.31,HMR2300,9480.0,-8553.3,48260.0,49920.5,,,,,,,,RR1715,,
J2-1008,EVT,2017/08/23 09:15:41,45.82971740,-129.75931275,20612.507745,-9664.323889,257.52,-0.8,0.9,0.00,2605.33,2605.33,HMR2300,10120.0,-8180.0,48080.0,49809.8,,,,,,,,RR1715,DLG,TXT: plugging into mooring USR:eventlogger
J2-1008,ASNAP,2017/08/23 09:15:42,45.82971764,-129.75931277,20612.506114,-9664.297646,257.13,-0.9,0.9,0.00,2605.33,2605.33,HMR2300,10146.7,-8100.0,48066.7,49789.2,,,,,,,,RR1715,,
J2-1008,ASNAP,2017/08/23 09:15:47,45.82971895,-129.75931292,20612.494277,-9664.151886,257.57,-1.1,0.8,0.00,2605.33,2605.33,HMR2300,9833.3,-8493.3,48426.7,50139.5,,,,,,,,RR1715,,
J2-1008,EVT,2017/08/23 09:15:49,45.82971950,-129.75931301,20612.487828,-9664.091030,258.04,-1.1,0.9,0.00,2605.32,2605.32,HMR2300,9660.0,-8240.0,48160.0,49805.6,,,,,,,,RR1715,DLG,TXT: plugged in USR:eventlogger
J2-1008,ASNAP,2017/08/23 09:15:52,45.82972033,-129.75931315,20612.476238,-9663.998562,257.90,-1.3,0.9,0.00,2605.33,2605.33,HMR2300,9733.3,-8260.0,48180.0,49842.5,,,,,,,,RR1715,,
J2-1008,ASNAP,2017/08/23 09:15:57,45.82972174,-129.75931347,20612.451544,-9663.841441,257.68,-1.0,0.8,0.00,2605.33,2605.33,HMR2300,9680.0,-8373.3,48080.0,49754.4,,,,,,,,RR1715,,
J2-1008,EVT,2017/08/23 09:15:59,45.82972232,-129.75931363,20612.439694,-9663.777645,257.54,-1.0,0.9,0.00,2605.33,2605.33,HMR2300,10120.0,-8340.0,48293.3,50042.1,,,,,,,,RR1715,DLG,TXT: cable released USR:eventlogger
J2-1008,ASNAP,2017/08/23 09:16:02,45.82972318,-129.75931388,20612.419754,-9663.681207,256.76,-0.8,0.9,0.00,2605.33,2605.33,HMR2300,10146.7,-8400.0,48266.7,50031.8,,,,,,,,RR1715,,
J2-1008,ASNAP,2017/08/23 09:16:07,45.82972463,-129.75931438,20612.381085,-9663.520713,258.06,-1.2,0.7,0.00,2605.32,2605.32,HMR2300,9593.3,-8080.0,48080.0,49689.1,,,,,,,,RR1715,,
J2-1008,ASNAP,2017/08/23 09:16:12,45.82972606,-129.75931497,20612.335592,-9663.361309,257.73,-0.9,0.7,0.00,2605.33,2605.33,HMR2300,9946.7,-8440.0,48226.7,49959.8,,,,,,,,RR1715,,
J2-1008,EVT,2017/08/23 09:16:16,45.82972721,-129.75931550,20612.293953,-9663.233499,257.53,-1.0,0.2,0.00,2605.35,2605.35,HMR2300,9940.0,-7760.0,48040.0,49667.5,,,,,,,,RR1715,DLG,TXT: connector latched USR:eventlogger
J2-1008,ASNAP,2017/08/23 09:16:17,45.82972749,-129.75931565,20612.283020,-9663.202127,257.51,-1.1,0.5,0.00,2605.35,2605.35,HMR2300,10006.7,-7833.3,48360.0,50001.8,,,,,,,,RR1715,,
J2-1008,ASNAP,2017/08/23 09:16:22,45.82972886,-129.75931638,20612.225895,-9663.050375,257.67,-1.3,0.2,0.00,2605.33,2605.33,HMR2300,9546.7,-7693.3,48060.0,49599.3,,,,,,,,RR1715,,
J2-1008,ASNAP,2017/08/23 09:16:27,45.82973021,-129.75931720,20612.162252,-9662.900248,257.79,-1.0,0.2,0.00,2605.35,2605.35,HMR2300,10000.0,-8006.7,48486.7,50150.4,,,,,,,,RR1715,,
J2-1008,ASNAP,2017/08/23 09:16:32,45.82973147,-129.75931806,20612.095994,-9662.759776,257.72,-1.1,0.3,0.00,2605.34,2605.34,HMR2300,9926.7,-7760.0,48386.7,50000.3,,,,,,,,RR1715,,
J2-1008,ASNAP,2017/08/23 09:16:37,45.82973268,-129.75931896,20612.025914,-9662.625928,257.70,-1.2,0.2,0.00,2605.33,2605.33,HMR2300,9600.0,-7966.7,48260.0,49846.3,,,,,,,,RR1715,,
J2-1008,ASNAP,2017/08/23 09:16:42,45.82973381,-129.75931989,20611.953507,-9662.500263,257.67,-1.0,0.3,0.00,2605.34,2605.34,HMR2300,9793.3,-7833.3,47980.0,49591.8,,,,,,,,RR1715,,
J2-1008,ASNAP,2017/08/23 09:16:47,45.82973481,-129.75932080,20611.882844,-9662.389031,257.68,-1.2,0.2,0.00,2605.34,2605.34,HMR2300,9640.0,-7713.3,48006.7,49568.8,,,,,,,,RR1715,,
J2-1008,ASNAP,2017/08/23 09:16:52,45.82973573,-129.75932172,20611.811525,-9662.287143,257.74,-1.2,0.3,0.00,2605.33,2605.33,HMR2300,9873.3,-8013.3,48493.3,50132.8,,,,,,,,RR1715,,
J2-1008,ASNAP,2017/08/23 09:16:57,45.82973650,-129.75932258,20611.744674,-9662.200777,257.69,2.4,0.1,0.00,2605.31,2605.31,HMR2300,12346.7,-7893.3,47646.7,49849.3,,,,,,,,RR1715,,
J2-1008,ASNAP,2017/08/23 09:17:02,45.82973716,-129.75932340,20611.681756,-9662.128098,257.14,0.2,0.1,0.00,2605.02,2605.02,HMR2300,10786.7,-7693.3,48073.3,49865.7,,,,,,,,RR1715,,
J2-1008,ASNAP,2017/08/23 09:17:07,45.82973770,-129.75932415,20611.623063,-9662.068319,257.22,1.9,0.2,0.00,2605.01,2605.01,HMR2300,12800.0,-7906.7,47720.0,50035.5,,,,,,,,RR1715,,
J2-1008,ASNAP,2017/08/23 09:17:12,45.82973810,-129.75932483,20611.570807,-9662.022987,257.12,3.4,0.0,0.00,2605.12,2605.12,HMR2300,13506.7,-7800.0,47560.0,50052.2,,,,,,,,RR1715,,
J2-1008,ASNAP,2017/08/23 09:17:17,45.82973839,-129.75932541,20611.525483,-9661.991362,257.08,0.9,0.3,0.00,2605.02,2605.02,HMR2300,11626.7,-7800.0,47906.7,49910.6,,,,,,,,RR1715,,
J2-1008,ASNAP,2017/08/23 09:17:22,45.82973855,-129.75932588,20611.489092,-9661.973532,257.48,-1.1,0.3,0.00,2604.94,2604.94,HMR2300,9420.0,-7900.0,48640.0,50169.7,,,,,,,,RR1715,,
J2-1008,ASNAP,2017/08/23 09:17:27,45.82973860,-129.75932625,20611.460145,-9661.967512,258.69,-2.9,0.2,0.00,2604.81,2604.81,HMR2300,8393.3,-8093.3,48613.3,49992.1,,,,,,,,RR1715,,
J2-1008,ASNAP,2017/08/23 09:17:32,45.82973856,-129.75932653,20611.438944,-9661.972214,259.35,-0.1,0.3,0.00,2604.92,2604.92,HMR2300,10113.3,-8046.7,47920.0,49632.2,,,,,,,,RR1715,,
J2-1008,ASNAP,2017/08/23 09:17:37,45.82973843,-129.75932670,20611.425626,-9661.986513,259.11,-2.1,0.3,0.00,2604.90,2604.9,HMR2300,8626.7,-8006.7,48700.0,50102.1,,,,,,,,RR1715,,
J2-1008,ASNAP,2017/08/23 09:17:42,45.82973823,-129.75932677,20611.419577,-9662.008725,258.67,-3.3,0.4,0.00,2604.81,2604.81,HMR2300,7753.3,-8253.3,48620.0,49921.3,,,,,,,,RR1715,,
J2-1008,ASNAP,2017/08/23 09:17:47,45.82973798,-129.75932677,20611.420042,-9662.036504,258.52,-2.0,0.4,0.00,2604.85,2604.85,HMR2300,8993.3,-7833.3,48253.3,49705.4,,,,,,,,RR1715,,
J2-1008,ASNAP,2017/08/23 09:17:52,45.82973778,-129.75932673,20611.423152,-9662.059459,258.74,-1.8,0.3,0.00,2604.88,2604.88,HMR2300,9120.0,-8060.0,48693.3,50191.4,,,,,,,,RR1715,,
J2-1008,ASNAP,2017/08/23 09:17:57,45.82973762,-129.75932667,20611.427584,-9662.076914,258.82,-2.4,0.3,0.00,2604.85,2604.85,HMR2300,8206.7,-8246.7,48340.0,49720.3,,,,,,,,RR1715,,
J2-1008,ASNAP,2017/08/23 09:18:02,45.82973734,-129.75932655,20611.437305,-9662.107788,258.63,-2.5,0.4,0.00,2604.83,2604.83,HMR2300,8393.3,-7866.7,48193.3,49547.2,,,,,,,,RR1715,,
J2-1008,ASNAP,2017/08/23 09:18:07,45.82973703,-129.75932638,20611.450392,-9662.142868,258.71,-2.0,0.3,0.00,2604.86,2604.86,HMR2300,8906.7,-8206.7,48666.7,50151.0,,,,,,,,RR1715,,
J2-1008,ASNAP,2017/08/23 09:18:12,45.82973672,-129.75932619,20611.464956,-9662.176769,258.73,-2.2,0.4,0.00,2604.86,2604.86,HMR2300,8320.0,-8153.3,48160.0,49548.8,,,,,,,,RR1715,,
J2-1008,ASNAP,2017/08/23 09:18:17,45.82973644,-129.75932600,20611.479386,-9662.207740,258.67,-2.5,0.3,0.00,2604.83,2604.83,HMR2300,8506.7,-7820.0,48306.7,49669.4,,,,,,,,RR1715,,
J2-1008,ASNAP,2017/08/23 09:18:22,45.82973620,-129.75932584,20611.492232,-9662.234358,258.65,-2.0,0.3,0.00,2604.85,2604.85,HMR2300,8986.7,-8100.0,48700.0,50180.3,,,,,,,,RR1715,,
J2-1008,ASNAP,2017/08/23 09:18:27,45.82973600,-129.75932570,20611.503045,-9662.257214,258.66,-2.4,0.4,0.00,2604.85,2604.85,HMR2300,8280.0,-7946.7,48120.0,49469.6,,,,,,,,RR1715,,
J2-1008,EVT,2017/08/23 09:18:32,45.82973584,-129.75932560,20611.510387,-9662.274754,258.67,-2.2,0.5,0.00,2604.85,2604.85,HMR2300,8593.3,-8293.3,48500.0,49948.7,,,,,,,,RR1715,DLG,TXT: Discussing how to remove beacon USR:eventlogger
J2-1008,ASNAP,2017/08/23 09:18:32,45.82973584,-129.75932560,20611.510387,-9662.274754,258.67,-2.2,0.5,0.00,2604.85,2604.85,HMR2300,8860.0,-7900.0,48513.3,49944.5,,,,,,,,RR1715,,
J2-1008,ASNAP,2017/08/23 09:18:37,45.82973573,-129.75932556,20611.513604,-9662.287188,258.69,-2.2,0.9,0.00,2604.84,2604.84,HMR2300,8833.3,-8626.7,48580.0,50124.5,,,,,,,,RR1715,,
J2-1008,ASNAP,2017/08/23 09:18:42,45.82973566,-129.75932558,20611.512134,-9662.294600,258.63,-2.0,0.9,0.00,2604.85,2604.85,HMR2300,8680.0,-8626.7,48053.3,49587.1,,,,,,,,RR1715,,
J2-1008,ASNAP,2017/08/23 09:18:47,45.82973564,-129.75932567,20611.505428,-9662.297040,258.67,-2.4,1.3,0.00,2604.82,2604.82,HMR2300,8566.7,-8706.7,48660.0,50169.6,,,,,,,,RR1715,,
J2-1008,ASNAP,2017/08/23 09:18:52,45.82973565,-129.75932583,20611.493011,-9662.295220,258.55,-2.5,1.4,0.00,2604.81,2604.81,HMR2300,8213.3,-9226.7,48486.7,50035.5,,,,,,,,RR1715,,
J2-1008,ASNAP,2017/08/23 09:18:57,45.82973570,-129.75932606,20611.475068,-9662.289897,258.51,-2.6,1.5,0.00,2604.81,2604.81,HMR2300,8033.3,-9000.0,48113.3,49602.7,,,,,,,,RR1715,,
J2-1008,ASNAP,2017/08/23 09:19:02,45.82973578,-129.75932638,20611.450328,-9662.281702,258.54,-2.8,1.5,0.00,2604.79,2604.79,HMR2300,8160.0,-9153.3,48813.3,50330.0,,,,,,,,RR1715,,
J2-1008,EVT,2017/08/23 09:19:03,45.82973579,-129.75932645,20611.444981,-9662.279938,258.55,-2.9,1.5,0.00,2604.79,2604.79,HMR2300,7900.0,-8953.3,48260.0,49715.2,,,,,,,,RR1715,DLG,TXT: Bungee grabbed USR:eventlogger
J2-1008,ASNAP,2017/08/23 09:19:07,45.82973584,-129.75932667,20611.427852,-9662.274299,258.56,-2.8,1.5,0.00,2604.79,2604.79,HMR2300,7946.7,-9093.3,48306.7,49793.3,,,,,,,,RR1715,,
J2-1008,EVT,2017/08/23 09:19:11,45.82973588,-129.75932683,20611.415011,-9662.270414,258.46,-2.1,1.1,0.00,2604.83,2604.83,HMR2300,9160.0,-8493.3,48393.3,49979.6,,,,,,,,RR1715,DLG,TXT: Bungee released USR:eventlogger
J2-1008,ASNAP,2017/08/23 09:19:12,45.82973589,-129.75932689,20611.410902,-9662.269291,258.54,-2.0,1.1,0.00,2604.83,2604.83,HMR2300,8940.0,-8440.0,47993.3,49543.1,,,,,,,,RR1715,,
J2-1008,ASNAP,2017/08/23 09:19:17,45.82973596,-129.75932731,20611.377974,-9662.261052,258.64,-2.0,1.0,0.00,2604.84,2604.84,HMR2300,9066.7,-8453.3,48573.3,50130.2,,,,,,,,RR1715,,
J2-1008,ASNAP,2017/08/23 09:19:22,45.82973604,-129.75932787,20611.334525,-9662.252795,258.63,-2.5,1.0,0.00,2604.83,2604.83,HMR2300,8153.3,-8726.7,48126.7,49586.4,,,,,,,,RR1715,,
J2-1008,ASNAP,2017/08/23 09:19:27,45.82973608,-129.75932850,20611.285408,-9662.247683,258.58,-2.7,1.1,0.00,2604.81,2604.81,HMR2300,8340.0,-8433.3,48373.3,49806.2,,,,,,,,RR1715,,
J2-1008,ASNAP,2017/08/23 09:19:32,45.82973609,-129.75932920,20611.231198,-9662.247270,258.48,-2.6,0.9,0.00,2604.82,2604.82,HMR2300,8606.7,-8533.3,48760.0,50243.7,,,,,,,,RR1715,,
J2-1008,ASNAP,2017/08/23 09:19:37,45.82973603,-129.75932996,20611.172091,-9662.253000,258.48,-2.4,0.9,0.00,2604.83,2604.83,HMR2300,8333.3,-8653.3,48300.0,49771.6,,,,,,,,RR1715,,
J2-1008,ASNAP,2017/08/23 09:19:42,45.82973591,-129.75933079,20611.108284,-9662.266317,258.55,-2.8,0.8,0.00,2604.81,2604.81,HMR2300,8526.7,-8226.7,48526.7,49952.2,,,,,,,,RR1715,,
J2-1008,ASNAP,2017/08/23 09:19:47,45.82973572,-129.75933166,20611.040297,-9662.288474,258.58,-2.0,0.8,0.00,2604.84,2604.84,HMR2300,9026.7,-8546.7,48580.0,50145.2,,,,,,,,RR1715,,
J2-1008,ASNAP,2017/08/23 09:19:52,45.82973543,-129.75933259,20610.968692,-9662.320536,258.53,-2.2,0.8,0.00,2604.85,2604.85,HMR2300,8506.7,-8353.3,48113.3,49568.5,,,,,,,,RR1715,,
J2-1008,EVT,2017/08/23 09:19:55,45.82973521,-129.75933316,20610.924022,-9662.344987,258.53,-2.3,0.7,0.00,2604.83,2604.83,HMR2300,8813.3,-8140.0,48653.3,50110.7,,,,,,,,RR1715,DLG,TXT: Beacon grabbed in left hand USR:eventlogger
J2-1008,ASNAP,2017/08/23 09:19:57,45.82973504,-129.75933355,20610.893621,-9662.363552,258.54,-2.5,0.7,0.00,2604.83,2604.83,HMR2300,8546.7,-8193.3,48373.3,49801.2,,,,,,,,RR1715,,
J2-1008,ASNAP,2017/08/23 09:20:02,45.82973455,-129.75933456,20610.815723,-9662.418175,258.55,-2.4,0.7,0.00,2604.83,2604.83,HMR2300,8526.7,-8546.7,48493.3,49973.5,,,,,,,,RR1715,,
J2-1008,ASNAP,2017/08/23 09:20:07,45.82973395,-129.75933559,20610.735578,-9662.484832,258.55,-2.2,0.7,0.00,2604.84,2604.84,HMR2300,8460.0,-8226.7,48053.3,49481.0,,,,,,,,RR1715,,
J2-1008,ASNAP,2017/08/23 09:20:12,45.82973324,-129.75933664,20610.654070,-9662.563366,258.53,-2.5,0.4,0.00,2604.83,2604.83,HMR2300,8626.7,-7946.7,48593.3,49988.8,,,,,,,,RR1715,,
J2-1008,ASNAP,2017/08/23 09:20:17,45.82973243,-129.75933770,20610.572179,-9662.653292,258.54,-2.8,0.0,0.00,2604.83,2604.83,HMR2300,7940.0,-7866.7,48406.7,49680.3,,,,,,,,RR1715,,
J2-1008,ASNAP,2017/08/23 09:20:22,45.82973150,-129.75933877,20610.488641,-9662.756536,258.63,-2.7,-0.3,0.00,2604.85,2604.85,HMR2300,8193.3,-7420.0,48333.3,49581.2,,,,,,,,RR1715,,
J2-1008,ASNAP,2017/08/23 09:20:27,45.82973046,-129.75933985,20610.404891,-9662.872185,258.69,-2.4,-0.1,0.00,2604.85,2604.85,HMR2300,8700.0,-7613.3,48833.3,50183.1,,,,,,,,RR1715,,
J2-1008,ASNAP,2017/08/23 09:20:32,45.82972931,-129.75934093,20610.321630,-9663.000003,258.66,-2.4,0.0,0.00,2604.85,2604.85,HMR2300,8380.0,-8060.0,48573.3,49945.5,,,,,,,,RR1715,,
J2-1008,ASNAP,2017/08/23 09:20:37,45.82972806,-129.75934198,20610.239834,-9663.139277,258.55,-2.2,0.2,0.00,2604.85,2604.85,HMR2300,8786.7,-7746.7,48353.3,49752.0,,,,,,,,RR1715,,
J2-1008,ASNAP,2017/08/23 09:20:42,45.82972670,-129.75934301,20610.159898,-9663.290289,258.59,-2.3,0.3,0.00,2604.85,2604.85,HMR2300,8680.0,-8100.0,48773.3,50197.5,,,,,,,,RR1715,,
J2-1008,ASNAP,2017/08/23 09:20:47,45.82972525,-129.75934400,20610.082905,-9663.451917,258.64,-2.4,0.2,0.00,2604.84,2604.84,HMR2300,8373.3,-8020.0,48300.0,49672.2,,,,,,,,RR1715,,
J2-1008,ASNAP,2017/08/23 09:20:52,45.82972372,-129.75934494,20610.010304,-9663.622045,258.66,-2.0,0.2,0.00,2604.85,2604.85,HMR2300,8786.7,-7806.7,48166.7,49580.0,,,,,,,,RR1715,,
J2-1008,ASNAP,2017/08/23 09:20:57,45.82972208,-129.75934583,20609.940980,-9663.804504,258.58,-2.2,0.1,0.00,2604.85,2604.85,HMR2300,8600.0,-8020.0,48740.0,50138.5,,,,,,,,RR1715,,
J2-1008,ASNAP,2017/08/23 09:21:02,45.82972034,-129.75934667,20609.876233,-9663.997787,258.61,-2.6,-0.1,0.00,2604.84,2604.84,HMR2300,8026.7,-7686.7,48253.3,49516.6,,,,,,,,RR1715,,
J2-1008,ASNAP,2017/08/23 09:21:07,45.82971851,-129.75934743,20609.817035,-9664.200710,258.67,-2.4,-0.1,0.00,2604.85,2604.85,HMR2300,8640.0,-7566.7,48433.3,49776.4,,,,,,,,RR1715,,
J2-1008,ASNAP,2017/08/23 09:21:12,45.82971661,-129.75934811,20609.764095,-9664.412425,258.68,-2.2,0.2,0.00,2604.86,2604.86,HMR2300,8366.7,-8146.7,48540.0,49925.0,,,,,,,,RR1715,,
J2-1008,ASNAP,2017/08/23 09:21:17,45.82971462,-129.75934871,20609.717791,-9664.632997,258.62,-2.7,0.1,0.00,2604.83,2604.83,HMR2300,7880.0,-7846.7,48240.0,49505.2,,,,,,,,RR1715,,
J2-1008,ASNAP,2017/08/23 09:21:22,45.82971257,-129.75934921,20609.678660,-9664.861439,258.61,-2.8,0.1,0.00,2604.83,2604.83,HMR2300,8166.7,-7820.0,48753.3,50047.3,,,,,,,,RR1715,,
J2-1008,ASNAP,2017/08/23 09:21:27,45.82971045,-129.75934962,20609.647081,-9665.096825,258.62,-2.7,0.2,0.00,2604.83,2604.83,HMR2300,8100.0,-8146.7,48806.7,50140.5,,,,,,,,RR1715,,
J2-1008,ASNAP,2017/08/23 09:21:32,45.82970827,-129.75934993,20609.623199,-9665.339061,258.59,-2.7,0.1,0.00,2604.83,2604.83,HMR2300,7986.7,-7740.0,48313.3,49576.9,,,,,,,,RR1715,,
J2-1008,ASNAP,2017/08/23 09:21:37,45.82970604,-129.75935014,20609.607186,-9665.587294,258.57,-2.8,0.1,0.00,2604.83,2604.83,HMR2300,8173.3,-7913.3,48866.7,50173.5,,,,,,,,RR1715,,
J2-1008,ASNAP,2017/08/23 09:21:42,45.82970377,-129.75935024,20609.599052,-9665.839033,258.60,-2.7,0.1,0.00,2604.83,2604.83,HMR2300,7900.0,-8146.7,48606.7,49913.8,,,,,,,,RR1715,,
J2-1008,ASNAP,2017/08/23 09:21:47,45.82970149,-129.75935025,20609.598652,-9666.092031,258.61,-2.7,0.1,0.00,2604.83,2604.83,HMR2300,7913.3,-7846.7,48246.7,49517.0,,,,,,,,RR1715,,
J2-1008,ASNAP,2017/08/23 09:21:52,45.82969916,-129.75935015,20609.605803,-9666.351583,258.59,-2.5,0.1,0.00,2604.83,2604.83,HMR2300,8420.0,-8033.3,48853.3,50220.3,,,,,,,,RR1715,,
J2-1008,EVT,2017/08/23 09:21:53,45.82969869,-129.75935012,20609.608129,-9666.403595,258.45,-2.6,0.0,0.00,2604.83,2604.83,HMR2300,8040.0,-7993.3,48540.0,49846.4,,,,,,,,RR1715,DLG,TXT: Beacon stowed in basket on Jason USR:eventlogger
J2-1008,ASNAP,2017/08/23 09:21:57,45.82969683,-129.75934997,20609.620359,-9666.611001,256.72,-3.5,2.6,0.00,2604.80,2604.8,HMR2300,8206.7,-10260.0,48560.0,50306.0,,,,,,,,RR1715,,
J2-1008,EVT,2017/08/23 09:21:59,45.82969589,-129.75934987,20609.628097,-9666.714703,258.07,-3.6,2.7,0.00,2604.77,2604.77,HMR2300,7240.0,-9786.7,48160.0,49674.8,,,,,,,,RR1715,DLG,TXT: Moving away from mooring USR:eventlogger
J2-1008,ASNAP,2017/08/23 09:22:02,45.82969467,-129.75934972,20609.639341,-9666.850805,258.91,-3.8,3.2,0.00,2604.83,2604.83,HMR2300,6980.0,-10953.3,48386.7,50099.6,,,,,,,,RR1715,,
J2-1008,ASNAP,2017/08/23 09:22:07,45.82969345,-129.75934955,20609.652264,-9666.986734,267.42,-3.6,2.9,0.00,2604.88,2604.88,HMR2300,3753.3,-12040.0,48013.3,49642.0,,,,,,,,RR1715,,
J2-1008,ASNAP,2017/08/23 09:22:12,45.82969179,-129.75934927,20609.674655,-9667.170480,285.03,-3.1,2.7,0.00,2604.85,2604.85,HMR2300,-1540.0,-13720.0,48293.3,50228.0,,,,,,,,RR1715,,
J2-1008,ASNAP,2017/08/23 09:22:17,45.82968942,-129.75934880,20609.710901,-9667.434211,304.61,-3.2,2.8,0.00,2604.69,2604.69,HMR2300,-8886.7,-13320.0,46846.7,49507.6,,,,,,,,RR1715,,
J2-1008,ASNAP,2017/08/23 09:22:22,45.82968715,-129.75934827,20609.752074,-9667.685897,321.52,-3.0,2.9,0.00,2604.48,2604.48,HMR2300,-13560.0,-10820.0,45800.0,48975.4,,,,,,,,RR1715,,
J2-1008,ASNAP,2017/08/23 09:22:27,45.82968490,-129.75934765,20609.800069,-9667.936668,345.24,-4.1,3.4,0.00,2604.36,2604.36,HMR2300,-20460.0,-6240.0,43853.3,48792.0,,,,,,,,RR1715,,
J2-1008,ASNAP,2017/08/23 09:22:32,45.82968273,-129.75934697,20609.853002,-9668.177444,2.20,-3.9,3.3,0.00,2604.26,2604.26,HMR2300,-22986.7,-1026.7,42240.0,48100.5,,,,,,,,RR1715,,
J2-1008,ASNAP,2017/08/23 09:22:37,45.82968063,-129.75934621,20609.912052,-9668.411523,15.89,-3.8,3.9,0.00,2604.29,2604.29,HMR2300,-23560.0,3306.7,41526.7,47858.9,,,,,,,,RR1715,,
J2-1008,ASNAP,2017/08/23 09:22:42,45.82967860,-129.75934537,20609.976960,-9668.637294,20.95,-3.9,3.5,0.00,2604.27,2604.27,HMR2300,-23933.3,4626.7,40960.0,47664.8,,,,,,,,RR1715,,
J2-1008,ASNAP,2017/08/23 09:22:47,45.82967670,-129.75934448,20610.046275,-9668.847798,21.61,-3.7,3.3,0.00,2604.15,2604.15,HMR2300,-23846.7,5573.3,40573.3,47391.1,,,,,,,,RR1715,,
J2-1008,ASNAP,2017/08/23 09:22:52,45.82967487,-129.75934349,20610.122920,-9669.050789,21.35,-4.0,3.4,0.00,2604.18,2604.18,HMR2300,-24140.0,4880.0,40706.7,47577.2,,,,,,,,RR1715,,
J2-1008,ASNAP,2017/08/23 09:22:57,45.82967322,-129.75934246,20610.202962,-9669.234560,21.32,-4.1,3.7,0.00,2604.33,2604.33,HMR2300,-23860.0,4933.3,40940.0,47641.6,,,,,,,,RR1715,,
J2-1008,ASNAP,2017/08/23 09:23:02,45.82967168,-129.75934134,20610.289922,-9669.405710,22.05,-3.9,3.8,0.00,2604.32,2604.32,HMR2300,-23753.3,5173.3,41020.0,47682.5,,,,,,,,RR1715,,
J2-1008,ASNAP,2017/08/23 09:23:07,45.82967031,-129.75934016,20610.380957,-9669.558241,22.21,-3.9,3.7,0.00,2604.25,2604.25,HMR2300,-24166.7,5040.0,40626.7,47539.0,,,,,,,,RR1715,,
J2-1008,ASNAP,2017/08/23 09:23:12,45.82966911,-129.75933892,20610.477193,-9669.691790,22.03,-3.9,3.7,0.00,2604.22,2604.22,HMR2300,-23733.3,5240.0,41020.0,47679.9,,,,,,,,RR1715,,
J2-1008,ASNAP,2017/08/23 09:23:17,45.82966809,-129.75933765,20610.575930,-9669.804881,21.64,-3.9,3.7,0.00,2604.26,2604.26,HMR2300,-23780.0,4906.7,41120.0,47753.7,,,,,,,,RR1715,,
J2-1008,ASNAP,2017/08/23 09:23:22,45.82966753,-129.75933683,20610.639505,-9669.866689,21.49,-4.0,3.6,0.00,2604.29,2604.29,HMR2300,-23766.7,5153.3,40920.0,47601.0,,,,,,,,RR1715,,
J2-1008,ASNAP,2017/08/23 09:23:27,45.82966724,-129.75933631,20610.679930,-9669.899936,21.65,-3.9,3.4,0.00,2604.28,2604.28,HMR2300,-23846.7,5373.3,40806.7,47568.1,,,,,,,,RR1715,,
J2-1008,ASNAP,2017/08/23 09:23:32,45.82966689,-129.75933563,20610.732756,-9669.938158,21.46,-4.1,3.3,0.00,2604.27,2604.27,HMR2300,-24313.3,5173.3,40360.0,47400.8,,,,,,,,RR1715,,
J2-1008,EVT,2017/08/23 09:23:33,45.82966680,-129.75933543,20610.748119,-9669.947786,21.47,-4.1,3.4,0.00,2604.27,2604.27,HMR2300,-24306.7,4973.3,40506.7,47500.9,,,,,,,,RR1715,DLG,TXT: Repositioning beacon in basket and still held by left hand USR:eventlogger
J2-1008,ASNAP,2017/08/23 09:23:37,45.82966641,-129.75933439,20610.828944,-9669.992126,21.60,-4.0,3.5,0.00,2604.27,2604.27,HMR2300,-23800.0,5153.3,41066.7,47743.8,,,,,,,,RR1715,,
J2-1008,ASNAP,2017/08/23 09:23:42,45.82966602,-129.75933294,20610.940929,-9670.034853,21.60,-4.1,3.5,0.00,2604.26,2604.26,HMR2300,-24213.3,5220.0,40420.0,47405.8,,,,,,,,RR1715,,
J2-1008,ASNAP,2017/08/23 09:23:47,45.82966586,-129.75933153,20611.050854,-9670.053166,21.49,-4.0,3.4,0.00,2604.27,2604.27,HMR2300,-23780.0,5380.0,40820.0,47546.9,,,,,,,,RR1715,,
J2-1008,ASNAP,2017/08/23 09:23:52,45.82966589,-129.75933008,20611.163313,-9670.049349,21.36,-3.9,3.4,0.00,2604.27,2604.27,HMR2300,-23566.7,5086.7,41146.7,47689.7,,,,,,,,RR1715,,
J2-1008,EVT,2017/08/23 09:23:55,45.82966600,-129.75932923,20611.229074,-9670.036770,21.45,-3.8,3.4,0.00,2604.27,2604.27,HMR2300,-23906.7,5420.0,40613.3,47437.8,,,,,,,,RR1715,DLG,TXT: Attempting to release beacon from left hand USR:eventlogger
J2-1008,ASNAP,2017/08/23 09:23:57,45.82966612,-129.75932867,20611.272363,-9670.024055,21.34,-3.9,3.5,0.00,2604.27,2604.27,HMR2300,-23946.7,5120.0,40593.3,47407.6,,,,,,,,RR1715,,
J2-1008,ASNAP,2017/08/23 09:24:02,45.82966655,-129.75932726,20611.382107,-9669.976399,21.51,-3.8,3.5,0.00,2604.27,2604.27,HMR2300,-23840.0,4973.3,40980.0,47670.1,,,,,,,,RR1715,,
J2-1008,ASNAP,2017/08/23 09:24:07,45.82966715,-129.75932589,20611.487887,-9669.909124,21.36,-3.8,3.4,0.00,2604.27,2604.27,HMR2300,-23613.3,5006.7,41173.3,47727.3,,,,,,,,RR1715,,
J2-1008,ASNAP,2017/08/23 09:24:12,45.82966793,-129.75932459,20611.589294,-9669.822689,21.42,-3.7,3.5,0.00,2604.26,2604.26,HMR2300,-23820.0,5026.7,40666.7,47396.6,,,,,,,,RR1715,,
J2-1008,ASNAP,2017/08/23 09:24:17,45.82966887,-129.75932333,20611.686470,-9669.718194,21.35,-3.6,3.9,0.00,2604.26,2604.26,HMR2300,-23473.3,4740.0,41213.3,47665.5,,,,,,,,RR1715,,
J2-1008,ASNAP,2017/08/23 09:24:22,45.82966996,-129.75932216,20611.777505,-9669.597560,21.42,-4.2,3.8,0.00,2604.26,2604.26,HMR2300,-24100.0,5066.7,40553.3,47445.3,,,,,,,,RR1715,,
J2-1008,ASNAP,2017/08/23 09:24:27,45.82967119,-129.75932106,20611.863028,-9669.460357,21.36,-4.4,3.9,0.00,2604.29,2604.29,HMR2300,-24433.3,4726.7,40386.7,47438.5,,,,,,,,RR1715,,
J2-1008,ASNAP,2017/08/23 09:24:32,45.82967250,-129.75932008,20611.938629,-9669.314639,21.41,-4.6,3.8,0.00,2604.27,2604.27,HMR2300,-24560.0,4506.7,40580.0,47647.0,,,,,,,,RR1715,,
J2-1008,EVT,2017/08/23 09:24:32,45.82967250,-129.75932008,20611.938629,-9669.314639,21.41,-4.6,3.8,0.00,2604.27,2604.27,HMR2300,-24266.7,4940.0,40533.3,47499.7,,,,,,,,RR1715,DLG,TXT: Beacon hooked around bar on Jason brow and released USR:eventlogger
J2-1008,ASNAP,2017/08/23 09:24:37,45.82967392,-129.75931921,20612.006312,-9669.156407,21.37,-4.7,3.8,0.00,2604.26,2604.26,HMR2300,-24620.0,4493.3,40533.3,47637.0,,,,,,,,RR1715,,
J2-1008,ASNAP,2017/08/23 09:24:42,45.82967543,-129.75931846,20612.064560,-9668.989180,21.39,-4.8,3.9,0.00,2604.26,2604.26,HMR2300,-24313.3,4686.7,40780.0,47708.6,,,,,,,,RR1715,,
J2-1008,ASNAP,2017/08/23 09:24:47,45.82967661,-129.75931796,20612.103644,-9668.857492,21.22,-4.2,3.9,0.00,2604.27,2604.27,HMR2300,-23946.7,4740.0,40900.0,47631.1,,,,,,,,RR1715,,
J2-1008,ASNAP,2017/08/23 09:24:52,45.82967741,-129.75931769,20612.124321,-9668.769227,21.38,-3.9,4.0,0.00,2604.27,2604.27,HMR2300,-23860.0,4620.0,41020.0,47679.0,,,,,,,,RR1715,,
J2-1008,EVT,2017/08/23 09:24:56,45.82967846,-129.75931741,20612.145918,-9668.652451,21.38,-3.5,4.0,0.00,2604.27,2604.27,HMR2300,-23793.3,4546.7,40880.0,47518.1,,,,,,,,RR1715,DLG,TXT: Beacon lifted by left hand off of bar USR:eventlogger
J2-1008,ASNAP,2017/08/23 09:24:57,45.82967878,-129.75931734,20612.151699,-9668.617164,21.35,-3.9,4.0,0.00,2604.27,2604.27,HMR2300,-23640.0,4846.7,40986.7,47563.1,,,,,,,,RR1715,,
J2-1008,ASNAP,2017/08/23 09:25:02,45.82968039,-129.75931706,20612.172938,-9668.438065,21.13,-3.8,3.0,0.00,2604.31,2604.31,HMR2300,-23686.7,5073.3,40986.7,47609.9,,,,,,,,RR1715,,
J2-1008,ASNAP,2017/08/23 09:25:07,45.82968192,-129.75931699,20612.178841,-9668.267571,21.41,-3.8,2.9,0.00,2604.25,2604.25,HMR2300,-23693.3,5686.7,40873.3,47585.1,,,,,,,,RR1715,,
J2-1008,ASNAP,2017/08/23 09:25:12,45.82968298,-129.75931704,20612.174974,-9668.150053,21.73,-3.4,1.5,0.00,2604.23,2604.23,HMR2300,-23566.7,6900.0,40340.0,47226.2,,,,,,,,RR1715,,
J2-1008,ASNAP,2017/08/23 09:25:17,45.82968357,-129.75931713,20612.168207,-9668.083808,21.41,-3.9,1.6,0.00,2604.26,2604.26,HMR2300,-23540.0,6340.0,40846.7,47568.7,,,,,,,,RR1715,,
J2-1008,ASNAP,2017/08/23 09:25:22,45.82968421,-129.75931726,20612.157824,-9668.013213,21.38,-3.9,2.0,0.00,2604.30,2604.3,HMR2300,-23460.0,6173.3,40806.7,47472.8,,,,,,,,RR1715,,
J2-1008,ASNAP,2017/08/23 09:25:27,45.82968528,-129.75931763,20612.129258,-9667.894769,21.37,-4.1,2.6,0.00,2604.26,2604.26,HMR2300,-23860.0,5826.7,40853.3,47668.1,,,,,,,,RR1715,,
J2-1008,ASNAP,2017/08/23 09:25:32,45.82968651,-129.75931828,20612.078744,-9667.757197,21.42,-4.0,2.3,0.00,2604.25,2604.25,HMR2300,-23886.7,6260.0,40413.3,47360.3,,,,,,,,RR1715,,
J2-1008,ASNAP,2017/08/23 09:25:37,45.82968760,-129.75931918,20612.008740,-9667.636293,21.41,-3.9,2.2,0.00,2604.27,2604.27,HMR2300,-23793.3,6266.7,40453.3,47348.3,,,,,,,,RR1715,,
J2-1008,ASNAP,2017/08/23 09:25:42,45.82968834,-129.75931999,20611.945981,-9667.554273,21.33,-3.7,2.1,0.00,2604.30,2604.3,HMR2300,-23620.0,6220.0,40626.7,47403.8,,,,,,,,RR1715,,
J2-1008,ASNAP,2017/08/23 09:25:47,45.82968875,-129.75932065,20611.894617,-9667.508275,21.37,-3.5,2.1,0.00,2604.27,2604.27,HMR2300,-23520.0,6400.0,40626.7,47378.0,,,,,,,,RR1715,,
J2-1008,ASNAP,2017/08/23 09:25:52,45.82968935,-129.75932196,20611.793449,-9667.441958,21.36,-3.6,1.9,0.00,2604.25,2604.25,HMR2300,-23820.0,6193.3,40473.3,47369.2,,,,,,,,RR1715,,
J2-1008,ASNAP,2017/08/23 09:25:57,45.82968987,-129.75932365,20611.661739,-9667.384600,21.35,-3.6,2.0,0.00,2604.25,2604.25,HMR2300,-23773.3,6306.7,40426.7,47320.8,,,,,,,,RR1715,,
J2-1008,ASNAP,2017/08/23 09:26:02,45.82969016,-129.75932558,20611.511906,-9667.352051,21.33,-3.6,2.1,0.00,2604.27,2604.27,HMR2300,-23600.0,6453.3,40506.7,47322.3,,,,,,,,RR1715,,
J2-1008,EVT,2017/08/23 09:26:07,45.82969023,-129.75932777,20611.342477,-9667.343688,21.21,-3.4,0.9,0.00,2604.33,2604.33,HMR2300,-23380.0,7146.7,40646.7,47432.6,,,,,,,,RR1715,DLG,TXT: Beacon grabbed wtih right hand and released from left hand USR:eventlogger
J2-1008,ASNAP,2017/08/23 09:26:07,45.82969023,-129.75932777,20611.342477,-9667.343688,21.21,-3.4,0.9,0.00,2604.33,2604.33,HMR2300,-23713.3,6993.3,40373.3,47341.7,,,,,,,,RR1715,,
J2-1008,ASNAP,2017/08/23 09:26:12,45.82969009,-129.75933019,20611.154562,-9667.360116,21.46,-3.5,0.6,0.00,2604.29,2604.29,HMR2300,-23353.3,7766.7,40573.3,47454.1,,,,,,,,RR1715,,
J2-1008,ASNAP,2017/08/23 09:26:17,45.82968971,-129.75933285,20610.948608,-9667.401814,21.28,-3.3,0.3,0.00,2604.21,2604.21,HMR2300,-23533.3,7373.3,40560.0,47468.9,,,,,,,,RR1715,,
J2-1008,ASNAP,2017/08/23 09:26:22,45.82968911,-129.75933572,20610.725942,-9667.468722,21.30,-3.2,0.4,0.00,2604.25,2604.25,HMR2300,-23113.3,7460.0,40946.7,47607.8,,,,,,,,RR1715,,
J2-1008,ASNAP,2017/08/23 09:26:27,45.82968827,-129.75933881,20610.485687,-9667.561802,21.34,-3.1,0.5,0.00,2604.32,2604.32,HMR2300,-23533.3,7386.7,40420.0,47351.4,,,,,,,,RR1715,,
J2-1008,ASNAP,2017/08/23 09:26:32,45.82968720,-129.75934213,20610.228669,-9667.680930,21.40,-3.2,0.5,0.00,2604.32,2604.32,HMR2300,-23273.3,7733.3,40513.3,47358.0,,,,,,,,RR1715,,
J2-1008,ASNAP,2017/08/23 09:26:37,45.82968630,-129.75934466,20610.032339,-9667.780792,21.38,-2.4,-0.3,0.00,2604.27,2604.27,HMR2300,-22866.7,8380.0,40620.0,47361.3,,,,,,,,RR1715,,
J2-1008,ASNAP,2017/08/23 09:26:42,45.82968557,-129.75934650,20609.889194,-9667.862086,21.33,-2.1,-0.6,0.00,2604.23,2604.23,HMR2300,-22873.3,8186.7,40773.3,47462.4,,,,,,,,RR1715,,
J2-1008,EVT,2017/08/23 09:26:46,45.82968450,-129.75934903,20609.692716,-9667.980427,21.33,-1.6,-0.6,0.00,2604.25,2604.25,HMR2300,-22006.7,8626.7,41206.7,47504.8,,,,,,,,RR1715,DLG,TXT: Attempting to replace beacon into basket on Jason USR:eventlogger
J2-1008,ASNAP,2017/08/23 09:26:47,45.82968419,-129.75934977,20609.635716,-9668.015743,21.30,-1.9,-0.7,0.00,2604.25,2604.25,HMR2300,-22286.7,8453.3,41326.7,47707.9,,,,,,,,RR1715,,
J2-1008,ASNAP,2017/08/23 09:26:52,45.82968248,-129.75935352,20609.344605,-9668.204956,21.34,-2.0,-0.8,0.00,2604.30,2604.3,HMR2300,-22633.3,8693.3,40693.3,47368.7,,,,,,,,RR1715,,
J2-1008,ASNAP,2017/08/23 09:26:57,45.82968064,-129.75935730,20609.051449,-9668.410020,21.36,-2.1,-0.9,0.00,2604.31,2604.31,HMR2300,-22700.0,8460.0,40900.0,47536.0,,,,,,,,RR1715,,
J2-1008,EVT,2017/08/23 09:26:59,45.82967986,-129.75935882,20608.933179,-9668.496452,21.34,-2.1,-0.7,0.00,2604.29,2604.29,HMR2300,-22246.7,8613.3,41233.3,47637.1,,,,,,,,RR1715,DLG,TXT: Beacon in basket and still held USR:eventlogger
J2-1008,ASNAP,2017/08/23 09:27:02,45.82967865,-129.75936113,20608.754381,-9668.630847,21.33,-2.5,-0.8,0.00,2604.25,2604.25,HMR2300,-22926.7,8246.7,40833.3,47550.0,,,,,,,,RR1715,,
J2-1008,ASNAP,2017/08/23 09:27:07,45.82967654,-129.75936500,20608.454292,-9668.865932,21.35,-2.6,-0.6,0.00,2604.24,2604.24,HMR2300,-23120.0,8360.0,40520.0,47395.1,,,,,,,,RR1715,,
J2-1008,EVT,2017/08/23 09:27:08,45.82967610,-129.75936577,20608.394244,-9668.914346,21.35,-2.4,-0.7,0.00,2604.24,2604.24,HMR2300,-22940.0,8306.7,40620.0,47383.8,,,,,,,,RR1715,DLG,TXT: Beacon released USR:eventlogger
J2-1008,ASNAP,2017/08/23 09:27:12,45.82967432,-129.75936887,20608.153803,-9669.112599,20.87,-3.7,0.8,0.00,2604.25,2604.25,HMR2300,-23600.0,7046.7,40440.0,47349.9,,,,,,,,RR1715,,
J2-1008,ASNAP,2017/08/23 09:27:17,45.82967202,-129.75937272,20607.855023,-9669.368449,21.46,-2.3,2.0,0.00,2604.25,2604.25,HMR2300,-22533.3,6660.0,41286.7,47504.7,,,,,,,,RR1715,,
J2-1008,ASNAP,2017/08/23 09:27:22,45.82966966,-129.75937651,20607.561372,-9669.630130,21.44,-2.2,2.0,0.00,2604.31,2604.31,HMR2300,-22793.3,6133.3,41333.3,47598.3,,,,,,,,RR1715,,
J2-1008,ASNAP,2017/08/23 09:27:27,45.82966770,-129.75937959,20607.322258,-9669.848554,21.39,-2.2,2.1,0.00,2604.31,2604.31,HMR2300,-22413.3,6213.3,41680.0,47730.3,,,,,,,,RR1715,,
J2-1008,ASNAP,2017/08/23 09:27:32,45.82966697,-129.75938072,20607.234391,-9669.929381,21.40,-2.2,2.2,0.00,2604.26,2604.26,HMR2300,-22353.3,6326.7,41626.7,47670.5,,,,,,,,RR1715,,
J2-1008,ASNAP,2017/08/23 09:27:37,45.82966613,-129.75938197,20607.137635,-9670.023057,21.30,-2.2,2.1,0.00,2604.23,2604.23,HMR2300,-22566.7,6113.3,41533.3,47661.8,,,,,,,,RR1715,,
J2-1008,ASNAP,2017/08/23 09:27:42,45.82966397,-129.75938515,20606.890870,-9670.263044,21.37,-2.2,2.1,0.00,2604.27,2604.27,HMR2300,-22586.7,6060.0,41460.0,47600.6,,,,,,,,RR1715,,
J2-1008,ASNAP,2017/08/23 09:27:47,45.82966146,-129.75938874,20606.611955,-9670.541431,23.60,-2.5,3.1,0.00,2604.62,2604.62,HMR2300,-22826.7,5740.0,41346.7,47576.8,,,,,,,,RR1715,,
J2-1008,ASNAP,2017/08/23 09:27:52,45.82965898,-129.75939218,20606.345361,-9670.817111,24.47,-2.6,2.7,0.00,2605.14,2605.14,HMR2300,-22920.0,6633.3,41093.3,47518.3,,,,,,,,RR1715,,
J2-1008,EVT,2017/08/23 09:27:55,45.82965751,-129.75939417,20606.191282,-9670.980929,22.00,-2.5,2.5,0.00,2605.62,2605.62,HMR2300,-22906.7,6173.3,41146.7,47496.0,,,,,,,,RR1715,DLG,TXT: Beacon holding in basket USR:eventlogger
J2-1008,ASNAP,2017/08/23 09:27:57,45.82965653,-129.75939546,20606.090738,-9671.089686,23.34,-3.1,2.2,0.00,2605.79,2605.79,HMR2300,-23440.0,7173.3,40460.0,47306.5,,,,,,,,RR1715,,
J2-1008,ASNAP,2017/08/23 09:28:02,45.82965410,-129.75939860,20605.847389,-9671.359431,25.41,-2.6,2.3,0.00,2606.34,2606.34,HMR2300,-22966.7,7473.3,40780.0,47395.4,,,,,,,,RR1715,,
J2-1008,ASNAP,2017/08/23 09:28:07,45.82965170,-129.75940160,20605.614558,-9671.626890,24.90,-2.7,2.1,0.00,2606.98,2606.98,HMR2300,-22733.3,7560.0,40993.3,47480.6,,,,,,,,RR1715,,
J2-1008,ASNAP,2017/08/23 09:28:12,45.82964933,-129.75940445,20605.393384,-9671.890363,25.25,-2.5,2.2,0.00,2607.25,2607.25,HMR2300,-22613.3,7520.0,41193.3,47590.0,,,,,,,,RR1715,,
J2-1008,ASNAP,2017/08/23 09:28:17,45.82964700,-129.75940714,20605.184463,-9672.148577,28.67,-2.4,1.7,0.00,2607.25,2607.25,HMR2300,-22473.3,9193.3,40653.3,47352.5,,,,,,,,RR1715,,
J2-1008,ASNAP,2017/08/23 09:28:22,45.82964473,-129.75940968,20604.987452,-9672.401206,26.71,-2.0,2.2,0.00,2607.44,2607.44,HMR2300,-22300.0,8146.7,41046.7,47418.2,,,,,,,,RR1715,,
J2-1008,ASNAP,2017/08/23 09:28:27,45.82964252,-129.75941207,20604.802344,-9672.647428,26.41,-2.4,2.0,0.00,2608.32,2608.32,HMR2300,-22840.0,8400.0,40440.0,47197.7,,,,,,,,RR1715,,
J2-1008,ASNAP,2017/08/23 09:28:32,45.82964036,-129.75941431,20604.628666,-9672.886829,26.17,-2.3,2.4,0.00,2608.79,2608.79,HMR2300,-22246.7,8186.7,41120.0,47463.6,,,,,,,,RR1715,,
J2-1008,ASNAP,2017/08/23 09:28:37,45.82963828,-129.75941640,20604.466091,-9673.118779,26.52,-2.3,2.1,0.00,2609.26,2609.26,HMR2300,-22386.7,8193.3,41160.0,47565.1,,,,,,,,RR1715,,
J2-1008,ASNAP,2017/08/23 09:28:42,45.82963626,-129.75941836,20604.314385,-9673.342359,26.32,-2.4,1.8,0.00,2609.58,2609.58,HMR2300,-22720.0,8460.0,40533.3,47230.5,,,,,,,,RR1715,,
J2-1008,EVT,2017/08/23 09:28:44,45.82963548,-129.75941910,20604.256769,-9673.429121,26.04,-2.3,2.2,0.00,2609.64,2609.64,HMR2300,-22693.3,7713.3,40933.3,47434.4,,,,,,,,RR1715,DLG,TXT: View flange box USR:eventlogger
J2-1008,ASNAP,2017/08/23 09:28:47,45.82963434,-129.75942017,20604.173476,-9673.556370,25.85,-2.1,2.0,0.00,2609.80,2609.8,HMR2300,-22113.3,7860.0,41313.3,47513.9,,,,,,,,RR1715,,
J2-1008,ASNAP,2017/08/23 09:28:52,45.82963250,-129.75942186,20604.042383,-9673.761006,26.05,-2.1,2.4,0.00,2610.12,2610.12,HMR2300,-22533.3,7793.3,40800.0,47256.0,,,,,,,,RR1715,,
J2-1008,EVT,2017/08/23 09:28:52,45.82963250,-129.75942186,20604.042383,-9673.761006,26.05,-2.1,2.4,0.00,2610.12,2610.12,HMR2300,-22513.3,7460.0,41193.3,47533.1,,,,,,,,RR1715,DLG,TXT: Flange box was dragged while moving connector USR:eventlogger
J2-1008,ASNAP,2017/08/23 09:28:57,45.82963075,-129.75942343,20603.921073,-9673.955137,26.64,-2.3,2.3,0.00,2610.59,2610.59,HMR2300,-22340.0,8260.0,41126.7,47525.8,,,,,,,,RR1715,,
J2-1008,ASNAP,2017/08/23 09:29:02,45.82962909,-129.75942488,20603.808147,-9674.140127,25.97,-2.3,2.0,0.00,2610.89,2610.89,HMR2300,-22720.0,8153.3,40626.7,47256.8,,,,,,,,RR1715,,
J2-1008,ASNAP,2017/08/23 09:29:07,45.82962758,-129.75942617,20603.708302,-9674.307033,26.83,-2.3,2.1,0.00,2611.05,2611.05,HMR2300,-22300.0,8533.3,40933.3,47388.2,,,,,,,,RR1715,,
J2-1008,ASNAP,2017/08/23 09:29:12,45.82962672,-129.75942690,20603.651483,-9674.403261,26.70,-2.3,1.9,0.00,2611.13,2611.13,HMR2300,-22326.7,8486.7,41126.7,47559.5,,,,,,,,RR1715,,
J2-1008,ASNAP,2017/08/23 09:29:17,45.82962585,-129.75942762,20603.595565,-9674.500309,27.19,-2.1,1.9,0.00,2611.08,2611.08,HMR2300,-22366.7,8400.0,41113.3,47551.4,,,,,,,,RR1715,,
J2-1008,ASNAP,2017/08/23 09:29:22,45.82962457,-129.75942866,20603.515103,-9674.642112,26.52,-2.1,2.1,0.00,2610.98,2610.98,HMR2300,-22520.0,8013.3,40966.7,47430.3,,,,,,,,RR1715,,
J2-1008,EVT,2017/08/23 09:29:24,45.82962408,-129.75942905,20603.484949,-9674.696324,26.44,-2.2,2.2,0.00,2610.97,2610.97,HMR2300,-22500.0,8346.7,40820.0,47351.8,,,,,,,,RR1715,DLG,Biology: Cnidaria USR:eventlogger
J2-1008,ASNAP,2017/08/23 09:29:27,45.82962340,-129.75942958,20603.443616,-9674.772069,26.34,-2.2,2.1,0.00,2610.98,2610.98,HMR2300,-22673.3,7986.7,40826.7,47378.1,,,,,,,,RR1715,,
J2-1008,ASNAP,2017/08/23 09:29:32,45.82962238,-129.75943035,20603.383903,-9674.885884,26.61,-2.1,2.1,0.00,2611.05,2611.05,HMR2300,-22260.0,8280.0,41233.3,47584.2,,,,,,,,RR1715,,
J2-1008,ASNAP,2017/08/23 09:29:37,45.82962150,-129.75943097,20603.335989,-9674.983685,26.36,-2.2,2.0,0.00,2611.10,2611.1,HMR2300,-22353.3,8066.7,41280.0,47631.7,,,,,,,,RR1715,,
J2-1008,EVT,2017/08/23 09:29:40,45.82962112,-129.75943122,20603.316463,-9675.025583,26.55,-2.2,2.2,0.00,2611.08,2611.08,HMR2300,-22286.7,8266.7,41253.3,47611.7,,,,,,,,RR1715,DLG,TXT: USR:eventlogger
J2-1008,EVT,2017/08/23 09:29:41,45.82962103,-129.75943128,20603.312001,-9675.035360,26.60,-2.2,2.1,0.00,2611.07,2611.07,HMR2300,-22266.7,8380.0,41160.0,47541.3,,,,,,,,RR1715,DLG,TXT: USR:eventlogger
J2-1008,ASNAP,2017/08/23 09:29:42,45.82962096,-129.75943133,20603.308290,-9675.043706,26.63,-2.2,2.1,0.00,2611.05,2611.05,HMR2300,-22693.3,8113.3,40833.3,47414.9,,,,,,,,RR1715,,
J2-1008,ASNAP,2017/08/23 09:29:47,45.82962061,-129.75943152,20603.293565,-9675.082255,26.33,-2.2,2.1,0.00,2610.99,2610.99,HMR2300,-22486.7,8300.0,40793.3,47314.2,,,,,,,,RR1715,,
J2-1008,ASNAP,2017/08/23 09:29:52,45.82962011,-129.75943174,20603.276352,-9675.138236,26.39,-2.2,2.2,0.00,2610.99,2610.99,HMR2300,-22340.0,8086.7,41280.0,47628.9,,,,,,,,RR1715,,
J2-1008,ASNAP,2017/08/23 09:29:57,45.82961977,-129.75943184,20603.268693,-9675.175441,26.57,-2.2,2.1,0.00,2611.06,2611.06,HMR2300,-22333.3,8226.7,41253.3,47626.6,,,,,,,,RR1715,,
J2-1008,ASNAP,2017/08/23 09:30:02,45.82961963,-129.75943180,20603.271511,-9675.190974,26.48,-2.2,2.1,0.00,2611.08,2611.08,HMR2300,-22246.7,8206.7,41266.7,47594.1,,,,,,,,RR1715,,
J2-1008,ASNAP,2017/08/23 09:30:07,45.82961949,-129.75943167,20603.281683,-9675.206455,26.59,-2.3,2.2,0.00,2611.01,2611.01,HMR2300,-22340.0,8266.7,41113.3,47515.5,,,,,,,,RR1715,,
J2-1008,ASNAP,2017/08/23 09:30:12,45.82961945,-129.75943153,20603.292351,-9675.211620,26.43,-2.2,2.1,0.00,2610.99,2610.99,HMR2300,-22533.3,7980.0,41106.7,47552.0,,,,,,,,RR1715,,
J2-1008,ASNAP,2017/08/23 09:30:17,45.82961951,-129.75943119,20603.318665,-9675.204968,26.45,-2.3,2.1,0.00,2611.02,2611.02,HMR2300,-22500.0,7986.7,41193.3,47612.3,,,,,,,,RR1715,,
J2-1008,ASNAP,2017/08/23 09:30:22,45.82961971,-129.75943060,20603.364796,-9675.182852,26.57,-2.2,2.2,0.00,2611.07,2611.07,HMR2300,-22760.0,8146.7,40660.0,47303.5,,,,,,,,RR1715,,
J2-1008,ASNAP,2017/08/23 09:30:27,45.82962009,-129.75942978,20603.428359,-9675.139795,26.51,-2.3,2.1,0.00,2611.05,2611.05,HMR2300,-22386.7,8380.0,40946.7,47413.3,,,,,,,,RR1715,,
J2-1008,ASNAP,2017/08/23 09:30:32,45.82962067,-129.75942874,20603.508946,-9675.075644,26.54,-2.2,2.1,0.00,2611.02,2611.02,HMR2300,-22433.3,8453.3,40833.3,47350.5,,,,,,,,RR1715,,
J2-1008,ASNAP,2017/08/23 09:30:37,45.82962145,-129.75942746,20603.608376,-9674.988533,26.55,-2.2,2.1,0.00,2610.99,2610.99,HMR2300,-22606.7,8293.3,40653.3,47249.7,,,,,,,,RR1715,,
J2-1008,ASNAP,2017/08/23 09:30:42,45.82962230,-129.75942615,20603.709837,-9674.894722,26.51,-2.2,2.1,0.00,2611.03,2611.03,HMR2300,-22300.0,8240.0,41240.0,47601.7,,,,,,,,RR1715,,
J2-1008,ASNAP,2017/08/23 09:30:47,45.82962283,-129.75942534,20603.772575,-9674.835221,26.56,-2.2,2.1,0.00,2611.07,2611.07,HMR2300,-22620.0,8046.7,40866.7,47397.2,,,,,,,,RR1715,,
J2-1008,ASNAP,2017/08/23 09:30:52,45.82962357,-129.75942427,20603.855731,-9674.753280,26.53,-2.2,2.1,0.00,2611.05,2611.05,HMR2300,-22526.7,8433.3,40700.0,47276.4,,,,,,,,RR1715,,
J2-1008,ASNAP,2017/08/23 09:30:57,45.82962487,-129.75942241,20603.999831,-9674.609089,26.63,-2.2,2.1,0.00,2611.01,2611.01,HMR2300,-22300.0,8406.7,41126.7,47532.8,,,,,,,,RR1715,,
J2-1008,ASNAP,2017/08/23 09:31:02,45.82962639,-129.75942028,20604.165296,-9674.439987,26.41,-2.3,2.1,0.00,2610.99,2610.99,HMR2300,-22566.7,8266.7,40706.7,47271.8,,,,,,,,RR1715,,
J2-1008,ASNAP,2017/08/23 09:31:07,45.82962812,-129.75941788,20604.351176,-9674.247062,26.70,-2.3,2.1,0.00,2611.05,2611.05,HMR2300,-22806.7,8200.0,40613.3,47295.1,,,,,,,,RR1715,,
J2-1008,ASNAP,2017/08/23 09:31:12,45.82962967,-129.75941577,20604.515116,-9674.075582,26.55,-2.3,2.1,0.00,2611.07,2611.07,HMR2300,-22480.0,8366.7,40820.0,47345.8,,,,,,,,RR1715,,
J2-1008,ASNAP,2017/08/23 09:31:17,45.82963066,-129.75941442,20604.619670,-9673.965785,26.72,-2.3,2.1,0.00,2611.04,2611.04,HMR2300,-22720.0,8300.0,40593.3,47253.6,,,,,,,,RR1715,,
J2-1008,ASNAP,2017/08/23 09:31:22,45.82963227,-129.75941222,20604.790909,-9673.785790,26.49,-2.2,2.1,0.00,2610.99,2610.99,HMR2300,-22380.0,8146.7,41220.0,47605.9,,,,,,,,RR1715,,
J2-1008,ASNAP,2017/08/23 09:31:27,45.82963448,-129.75940920,20605.025188,-9673.540105,26.65,-2.2,2.1,0.00,2611.00,2611,HMR2300,-22373.3,8186.7,41246.7,47632.7,,,,,,,,RR1715,,
J2-1008,ASNAP,2017/08/23 09:31:32,45.82963680,-129.75940602,20605.271740,-9673.283090,26.51,-2.2,2.1,0.00,2611.06,2611.06,HMR2300,-22286.7,8246.7,41266.7,47619.8,,,,,,,,RR1715,,
J2-1008,ASNAP,2017/08/23 09:31:37,45.82963920,-129.75940269,20605.530272,-9673.016264,25.97,-2.1,2.0,0.00,2611.06,2611.06,HMR2300,-22413.3,7966.7,41080.0,47469.9,,,,,,,,RR1715,,
J2-1008,ASNAP,2017/08/23 09:31:42,45.82964169,-129.75939918,20605.802280,-9672.739219,26.12,-2.6,2.3,0.00,2610.79,2610.79,HMR2300,-23086.7,8020.0,40380.0,47200.2,,,,,,,,RR1715,,
J2-1008,ASNAP,2017/08/23 09:31:47,45.82964422,-129.75939556,20606.083102,-9672.457865,26.18,-2.3,2.0,0.00,2610.36,2610.36,HMR2300,-22293.3,8280.0,41066.7,47455.5,,,,,,,,RR1715,,
J2-1008,ASNAP,2017/08/23 09:31:52,45.82964677,-129.75939184,20606.371465,-9672.174465,26.29,-2.6,2.1,0.00,2609.58,2609.58,HMR2300,-23000.0,8066.7,40613.3,47365.7,,,,,,,,RR1715,,
J2-1008,ASNAP,2017/08/23 09:31:57,45.82964932,-129.75938804,20606.666417,-9671.890839,25.06,-2.5,1.7,0.00,2608.93,2608.93,HMR2300,-22780.0,8000.0,40620.0,47253.7,,,,,,,,RR1715,,
J2-1008,ASNAP,2017/08/23 09:32:02,45.82965184,-129.75938420,20606.964573,-9671.610989,25.55,-2.5,2.0,0.00,2608.37,2608.37,HMR2300,-23013.3,7800.0,40700.0,47401.9,,,,,,,,RR1715,,
J2-1008,ASNAP,2017/08/23 09:32:07,45.82965431,-129.75938033,20607.264458,-9671.336835,26.02,-2.6,1.2,0.00,2607.81,2607.81,HMR2300,-23073.3,8560.0,40286.7,47208.8,,,,,,,,RR1715,,
J2-1008,ASNAP,2017/08/23 09:32:12,45.82965670,-129.75937648,20607.563146,-9671.071392,25.98,-2.2,1.3,0.00,2607.08,2607.08,HMR2300,-22786.7,8180.0,40846.7,47482.6,,,,,,,,RR1715,,
J2-1008,ASNAP,2017/08/23 09:32:17,45.82965899,-129.75937268,20607.858539,-9670.816652,25.81,-2.4,2.1,0.00,2606.25,2606.25,HMR2300,-22706.7,7853.3,40746.7,47302.8,,,,,,,,RR1715,,
J2-1008,ASNAP,2017/08/23 09:32:22,45.82966116,-129.75936895,20608.147232,-9670.575460,26.14,-2.2,2.2,0.00,2605.33,2605.33,HMR2300,-22373.3,7760.0,41293.3,47601.7,,,,,,,,RR1715,,
J2-1008,ASNAP,2017/08/23 09:32:27,45.82966319,-129.75936535,20608.426921,-9670.349450,26.87,-2.0,2.1,0.00,2604.63,2604.63,HMR2300,-22380.0,8573.3,40706.7,47237.7,,,,,,,,RR1715,,
J2-1008,EVT,2017/08/23 09:32:29,45.82966396,-129.75936395,20608.535719,-9670.263657,26.28,-2.2,1.9,0.00,2604.25,2604.25,HMR2300,-22673.3,7746.7,40913.3,47413.0,,,,,,,,RR1715,DLG,TXT: Discussing where to fire Niskin bottles USR:eventlogger
J2-1008,ASNAP,2017/08/23 09:32:32,45.82966508,-129.75936189,20608.695480,-9670.139924,26.06,-2.1,1.9,0.00,2603.92,2603.92,HMR2300,-22293.3,8093.3,41206.7,47544.5,,,,,,,,RR1715,,
J2-1008,ASNAP,2017/08/23 09:32:37,45.82966680,-129.75935860,20608.950865,-9669.947955,22.87,-2.1,1.9,0.00,2603.37,2603.37,HMR2300,-22213.3,6613.3,41626.7,47644.0,,,,,,,,RR1715,,
J2-1008,ASNAP,2017/08/23 09:32:42,45.82966837,-129.75935549,20609.192172,-9669.773694,15.32,-2.3,2.5,0.00,2602.79,2602.79,HMR2300,-22266.7,3273.3,42106.7,47744.0,,,,,,,,RR1715,,
J2-1008,ASNAP,2017/08/23 09:32:47,45.82966977,-129.75935258,20609.417231,-9669.618118,0.72,-1.9,2.4,0.00,2602.34,2602.34,HMR2300,-20946.7,-866.7,43246.7,48060.3,,,,,,,,RR1715,,
J2-1008,ASNAP,2017/08/23 09:32:52,45.82967100,-129.75934991,20609.624459,-9669.481694,1.86,-2.2,1.7,0.00,2601.69,2601.69,HMR2300,-21126.7,13.3,43253.3,48137.2,,,,,,,,RR1715,,
J2-1008,ASNAP,2017/08/23 09:32:57,45.82967206,-129.75934746,20609.814674,-9669.363425,1.66,-1.8,1.9,0.00,2600.93,2600.93,HMR2300,-21033.3,253.3,42940.0,47815.4,,,,,,,,RR1715,,
J2-1008,ASNAP,2017/08/23 09:33:02,45.82967297,-129.75934523,20609.987976,-9669.262911,5.02,-1.8,1.8,0.00,2600.36,2600.36,HMR2300,-21413.3,1073.3,42733.3,47810.3,,,,,,,,RR1715,,
J2-1008,ASNAP,2017/08/23 09:33:07,45.82967359,-129.75934361,20610.113614,-9669.194069,3.24,-1.7,2.1,0.00,2600.21,2600.21,HMR2300,-21040.0,233.3,43120.0,47979.9,,,,,,,,RR1715,,
J2-1008,ASNAP,2017/08/23 09:33:12,45.82967383,-129.75934293,20610.166441,-9669.166564,2.99,-2.1,2.2,0.00,2600.50,2600.5,HMR2300,-21493.3,-20.0,42720.0,47822.2,,,,,,,,RR1715,,
J2-1008,ASNAP,2017/08/23 09:33:17,45.82967388,-129.75934277,20610.178578,-9669.161547,4.21,-2.2,2.2,0.00,2600.80,2600.8,HMR2300,-21693.3,406.7,42706.7,47902.2,,,,,,,,RR1715,,
J2-1008,ASNAP,2017/08/23 09:33:22,45.82967390,-129.75934269,20610.185118,-9669.158748,4.45,-2.1,2.0,0.00,2600.70,2600.7,HMR2300,-21446.7,433.3,43080.0,48125.2,,,,,,,,RR1715,,
J2-1008,ASNAP,2017/08/23 09:33:27,45.82967404,-129.75934231,20610.214658,-9669.144001,4.19,-1.8,1.9,0.00,2600.48,2600.48,HMR2300,-21186.7,520.0,43200.0,48118.4,,,,,,,,RR1715,,
J2-1008,ASNAP,2017/08/23 09:33:32,45.82967432,-129.75934139,20610.286073,-9669.112280,2.76,-1.7,1.7,0.00,2600.34,2600.34,HMR2300,-21013.3,480.0,43086.7,47940.1,,,,,,,,RR1715,,
J2-1008,ASNAP,2017/08/23 09:33:37,45.82967471,-129.75933996,20610.396585,-9669.068575,2.40,-1.9,1.7,0.00,2600.60,2600.6,HMR2300,-21240.0,-100.0,43213.3,48151.2,,,,,,,,RR1715,,
J2-1008,ASNAP,2017/08/23 09:33:42,45.82967498,-129.75933872,20610.493071,-9669.039165,2.62,-2.0,1.9,0.00,2600.82,2600.82,HMR2300,-21366.7,-6.7,43093.3,48099.6,,,,,,,,RR1715,,
J2-1008,ASNAP,2017/08/23 09:33:47,45.82967510,-129.75933769,20610.572416,-9669.026138,2.87,-1.9,1.9,0.00,2600.72,2600.72,HMR2300,-21200.0,53.3,43226.7,48145.5,,,,,,,,RR1715,,
J2-1008,ASNAP,2017/08/23 09:33:52,45.82967508,-129.75933688,20610.635780,-9669.028307,2.89,-1.9,1.9,0.00,2600.51,2600.51,HMR2300,-21086.7,380.0,43186.7,48061.2,,,,,,,,RR1715,,
J2-1008,ASNAP,2017/08/23 09:33:57,45.82967493,-129.75933626,20610.683499,-9669.044891,2.81,-1.9,1.9,0.00,2600.51,2600.51,HMR2300,-21240.0,0.0,43226.7,48163.1,,,,,,,,RR1715,,
J2-1008,ASNAP,2017/08/23 09:34:02,45.82967465,-129.75933581,20610.718526,-9669.075869,2.69,-2.0,1.9,0.00,2600.69,2600.69,HMR2300,-21280.0,186.7,42880.0,47870.3,,,,,,,,RR1715,,
J2-1008,ASNAP,2017/08/23 09:34:07,45.82967424,-129.75933551,20610.741688,-9669.121142,2.84,-2.0,2.1,0.00,2600.75,2600.75,HMR2300,-21200.0,-66.7,43233.3,48151.5,,,,,,,,RR1715,,
J2-1008,EVT,2017/08/23 09:34:10,45.82967394,-129.75933540,20610.750089,-9669.154936,2.91,-2.0,2.0,0.00,2600.69,2600.69,HMR2300,-21153.3,-13.3,43346.7,48232.7,,,,,,,,RR1715,DLG,TXT: Flying up to vehicle USR:eventlogger
J2-1008,ASNAP,2017/08/23 09:34:12,45.82967371,-129.75933536,20610.753543,-9669.180088,3.01,-2.0,2.0,0.00,2600.65,2600.65,HMR2300,-21113.3,106.7,43346.7,48215.3,,,,,,,,RR1715,,
J2-1008,ASNAP,2017/08/23 09:34:17,45.82967307,-129.75933534,20610.755164,-9669.251820,2.85,-2.0,2.0,0.00,2600.53,2600.53,HMR2300,-21446.7,60.0,42806.7,47878.7,,,,,,,,RR1715,,
J2-1008,ASNAP,2017/08/23 09:34:22,45.82967231,-129.75933544,20610.747626,-9669.335855,2.80,-2.0,2.1,0.00,2600.58,2600.58,HMR2300,-21040.0,-13.3,43360.0,48195.1,,,,,,,,RR1715,,
J2-1008,ASNAP,2017/08/23 09:34:27,45.82967145,-129.75933564,20610.731921,-9669.431191,2.79,-2.0,2.0,0.00,2600.67,2600.67,HMR2300,-21426.7,193.3,42773.3,47840.3,,,,,,,,RR1715,,
J2-1008,ASNAP,2017/08/23 09:34:32,45.82967051,-129.75933593,20610.709133,-9669.536322,2.92,-2.0,2.0,0.00,2600.69,2600.69,HMR2300,-21233.3,-73.3,43266.7,48196.1,,,,,,,,RR1715,,
J2-1008,ASNAP,2017/08/23 09:34:37,45.82966948,-129.75933631,20610.680162,-9669.650566,2.84,-1.9,2.0,0.00,2600.60,2600.6,HMR2300,-21120.0,346.7,43040.0,47943.9,,,,,,,,RR1715,,
J2-1008,ASNAP,2017/08/23 09:34:42,45.82966837,-129.75933675,20610.645595,-9669.774187,2.84,-2.0,2.1,0.00,2600.55,2600.55,HMR2300,-21146.7,213.3,43086.7,47996.7,,,,,,,,RR1715,,
J2-1008,ASNAP,2017/08/23 09:34:47,45.82966733,-129.75933719,20610.611821,-9669.888873,2.56,-2.0,2.1,0.00,2600.59,2600.59,HMR2300,-21480.0,-146.7,42900.0,47977.3,,,,,,,,RR1715,,
J2-1008,ASNAP,2017/08/23 09:34:52,45.82966672,-129.75933745,20610.591245,-9669.956907,2.65,-2.0,2.0,0.00,2600.67,2600.67,HMR2300,-21066.7,6.7,43320.0,48170.8,,,,,,,,RR1715,,
J2-1008,ASNAP,2017/08/23 09:34:57,45.82966582,-129.75933785,20610.560529,-9670.057066,2.52,-2.0,2.0,0.00,2600.66,2600.66,HMR2300,-21253.3,-240.0,43253.3,48193.5,,,,,,,,RR1715,,
J2-1008,EVT,2017/08/23 09:35:00,45.82966510,-129.75933816,20610.536078,-9670.137170,2.54,-2.0,2.0,0.00,2600.63,2600.63,HMR2300,-21466.7,-93.3,42786.7,47869.9,,,,,,,,RR1715,DLG,TXT: Aligning Jason to avoid tangling with bouys and mooring system USR:eventlogger
J2-1008,ASNAP,2017/08/23 09:35:02,45.82966462,-129.75933837,20610.519759,-9670.191086,2.52,-2.0,2.0,0.00,2600.59,2600.59,HMR2300,-21066.7,46.7,43313.3,48164.8,,,,,,,,RR1715,,
J2-1008,ASNAP,2017/08/23 09:35:07,45.82966341,-129.75933888,20610.480057,-9670.325656,2.42,-2.0,2.1,0.00,2600.57,2600.57,HMR2300,-21213.3,-280.0,43293.3,48212.0,,,,,,,,RR1715,,
J2-1008,ASNAP,2017/08/23 09:35:12,45.82966221,-129.75933936,20610.443435,-9670.458472,2.36,-2.0,2.1,0.00,2600.61,2600.61,HMR2300,-21273.3,53.3,42866.7,47855.1,,,,,,,,RR1715,,
J2-1008,ASNAP,2017/08/23 09:35:17,45.82966104,-129.75933976,20610.411794,-9670.588885,2.35,-2.0,2.1,0.00,2600.65,2600.65,HMR2300,-21000.0,-173.3,43413.3,48226.0,,,,,,,,RR1715,,
J2-1008,ASNAP,2017/08/23 09:35:22,45.82966001,-129.75934007,20610.388492,-9670.702874,2.34,-2.0,2.1,0.00,2600.68,2600.68,HMR2300,-21340.0,-420.0,43166.7,48155.3,,,,,,,,RR1715,,
J2-1008,ASNAP,2017/08/23 09:35:27,45.82965944,-129.75934020,20610.377995,-9670.765971,2.30,-2.0,2.1,0.00,2600.70,2600.7,HMR2300,-21446.7,-93.3,42753.3,47831.1,,,,,,,,RR1715,,
J2-1008,ASNAP,2017/08/23 09:35:32,45.82965874,-129.75934029,20610.371186,-9670.844472,2.27,-2.0,2.1,0.00,2600.72,2600.72,HMR2300,-21086.7,-306.7,43400.0,48252.5,,,,,,,,RR1715,,
J2-1008,ASNAP,2017/08/23 09:35:37,45.82965782,-129.75934031,20610.369811,-9670.945958,2.22,-2.0,2.1,0.00,2600.73,2600.73,HMR2300,-21480.0,-353.3,42913.3,47990.3,,,,,,,,RR1715,,
J2-1008,ASNAP,2017/08/23 09:35:42,45.82965704,-129.75934015,20610.382200,-9671.032968,2.33,-2.1,1.8,0.00,2600.69,2600.69,HMR2300,-21426.7,-160.0,43126.7,48156.4,,,,,,,,RR1715,,
J2-1008,ASNAP,2017/08/23 09:35:47,45.82965641,-129.75933979,20610.409992,-9671.102718,2.56,-2.1,2.0,0.00,2600.36,2600.36,HMR2300,-21433.3,6.7,42800.0,47866.8,,,,,,,,RR1715,,
J2-1008,ASNAP,2017/08/23 09:35:52,45.82965595,-129.75933922,20610.454322,-9671.153875,2.67,-2.3,2.3,0.00,2599.67,2599.67,HMR2300,-21760.0,-360.0,42753.3,47973.7,,,,,,,,RR1715,,
J2-1008,ASNAP,2017/08/23 09:35:57,45.82965568,-129.75933841,20610.516578,-9671.184560,2.37,-2.2,2.0,0.00,2598.92,2598.92,HMR2300,-21513.3,46.7,42753.3,47861.0,,,,,,,,RR1715,,
J2-1008,ASNAP,2017/08/23 09:36:02,45.82965560,-129.75933738,20610.597065,-9671.192756,2.36,-2.1,1.9,0.00,2598.24,2598.24,HMR2300,-21280.0,-86.7,43153.3,48115.0,,,,,,,,RR1715,,
J2-1008,ASNAP,2017/08/23 09:36:07,45.82965575,-129.75933610,20610.696133,-9671.176870,2.35,-2.1,1.9,0.00,2597.76,2597.76,HMR2300,-21513.3,-126.7,42793.3,47896.9,,,,,,,,RR1715,,
J2-1008,ASNAP,2017/08/23 09:36:12,45.82965611,-129.75933461,20610.811574,-9671.136850,2.34,-2.1,2.1,0.00,2597.17,2597.17,HMR2300,-21260.0,-360.0,43260.0,48203.2,,,,,,,,RR1715,,
J2-1008,ASNAP,2017/08/23 09:36:17,45.82965667,-129.75933297,20610.939131,-9671.074024,2.32,-2.1,2.1,0.00,2596.61,2596.61,HMR2300,-21100.0,-200.0,43326.7,48191.8,,,,,,,,RR1715,,
J2-1008,ASNAP,2017/08/23 09:36:22,45.82965749,-129.75933106,20611.087487,-9670.983126,2.32,-2.1,2.0,0.00,2596.07,2596.07,HMR2300,-21473.3,-86.7,42800.0,47884.8,,,,,,,,RR1715,,
J2-1008,ASNAP,2017/08/23 09:36:27,45.82965851,-129.75932901,20611.246042,-9670.869182,2.32,-2.1,2.0,0.00,2595.68,2595.68,HMR2300,-21446.7,-326.7,43020.0,48070.6,,,,,,,,RR1715,,
J2-1008,EVT,2017/08/23 09:36:31,45.82965950,-129.75932727,20611.381492,-9670.759695,2.33,-2.1,2.0,0.00,2595.28,2595.28,HMR2300,-21213.3,33.3,43006.7,47953.9,,,,,,,,RR1715,DLG,Biology: Crustacean USR:eventlogger
J2-1008,ASNAP,2017/08/23 09:36:32,45.82965977,-129.75932681,20611.416550,-9670.729703,2.32,-2.1,2.0,0.00,2595.14,2595.14,HMR2300,-21160.0,-60.0,43073.3,47990.2,,,,,,,,RR1715,,
J2-1008,ASNAP,2017/08/23 09:36:37,45.82966123,-129.75932452,20611.594456,-9670.567476,2.28,-2.0,2.1,0.00,2594.60,2594.6,HMR2300,-21433.3,-240.0,42913.3,47968.7,,,,,,,,RR1715,,
J2-1008,EVT,2017/08/23 09:36:38,45.82966154,-129.75932406,20611.629921,-9670.533126,2.29,-2.1,1.9,0.00,2594.45,2594.45,HMR2300,-21260.0,-160.0,43173.3,48124.3,,,,,,,,RR1715,DLG,TXT: USR:eventlogger
J2-1008,EVT,2017/08/23 09:36:39,45.82966185,-129.75932361,20611.665451,-9670.498012,2.29,-2.1,1.9,0.00,2594.45,2594.45,HMR2300,-21153.3,33.3,43106.7,48017.2,,,,,,,,RR1715,DLG,TXT: USR:eventlogger
J2-1008,EVT,2017/08/23 09:36:39,45.82966185,-129.75932361,20611.665451,-9670.498012,2.31,-2.1,1.9,0.00,2594.45,2594.45,HMR2300,-21380.0,13.3,42833.3,47872.7,,,,,,,,RR1715,DLG,TXT: USR:eventlogger
J2-1008,EVT,2017/08/23 09:36:40,45.82966218,-129.75932314,20611.701220,-9670.461949,2.31,-2.1,2.0,0.00,2594.31,2594.31,HMR2300,-21186.7,-53.3,43073.3,48002.0,,,,,,,,RR1715,DLG,TXT: USR:eventlogger
J2-1008,ASNAP,2017/08/23 09:36:42,45.82966286,-129.75932221,20611.774032,-9670.386379,2.27,-2.0,2.0,0.00,2594.02,2594.02,HMR2300,-21193.3,13.3,42986.7,47927.1,,,,,,,,RR1715,,
J2-1008,ASNAP,2017/08/23 09:36:47,45.82966470,-129.75931982,20611.959108,-9670.181421,2.24,-2.1,1.9,0.00,2593.61,2593.61,HMR2300,-21220.0,6.7,42973.3,47927.0,,,,,,,,RR1715,,
J2-1008,EVT,2017/08/23 09:36:48,45.82966509,-129.75931935,20611.995585,-9670.138761,2.25,-2.1,2.0,0.00,2593.47,2593.47,HMR2300,-21380.0,-326.7,42960.0,47987.2,,,,,,,,RR1715,DLG,TXT: continuing flight up to vehicle USR:eventlogger
J2-1008,ASNAP,2017/08/23 09:36:52,45.82966666,-129.75931751,20612.137990,-9669.964267,2.22,-2.1,2.0,0.00,2593.04,2593.04,HMR2300,-21420.0,-113.3,42846.7,47902.7,,,,,,,,RR1715,,
J2-1008,ASNAP,2017/08/23 09:36:57,45.82966878,-129.75931523,20612.315129,-9669.728120,2.25,-2.1,2.0,0.00,2592.46,2592.46,HMR2300,-21086.7,-66.7,43166.7,48041.8,,,,,,,,RR1715,,
J2-1008,ASNAP,2017/08/23 09:37:02,45.82967099,-129.75931307,20612.482843,-9669.482537,2.24,-2.1,2.0,0.00,2591.87,2591.87,HMR2300,-21500.0,-306.7,42913.3,47998.9,,,,,,,,RR1715,,
J2-1008,ASNAP,2017/08/23 09:37:07,45.82967328,-129.75931105,20612.639653,-9669.228237,2.30,-2.2,1.9,0.00,2591.35,2591.35,HMR2300,-21426.7,-573.3,43566.7,48553.9,,,,,,,,RR1715,,
J2-1008,ASNAP,2017/08/23 09:37:12,45.82967565,-129.75930917,20612.785521,-9668.965133,2.25,-2.2,1.9,0.00,2590.52,2590.52,HMR2300,-21600.0,-313.3,42853.3,47990.3,,,,,,,,RR1715,,
J2-1008,ASNAP,2017/08/23 09:37:17,45.82967799,-129.75930752,20612.913603,-9668.704752,2.20,-2.0,2.0,0.00,2589.66,2589.66,HMR2300,-21186.7,-353.3,43306.7,48212.7,,,,,,,,RR1715,,
J2-1008,ASNAP,2017/08/23 09:37:22,45.82968038,-129.75930604,20613.027999,-9668.438714,2.09,-2.0,2.0,0.00,2588.94,2588.94,HMR2300,-21020.0,-86.7,43266.7,48102.5,,,,,,,,RR1715,,
J2-1008,EVT,2017/08/23 09:37:26,45.82968225,-129.75930504,20613.105747,-9668.231196,2.08,-2.0,1.9,0.00,2588.47,2588.47,HMR2300,-21146.7,0.0,42946.7,47870.6,,,,,,,,RR1715,DLG,TXT: disregard entries without text - unknown error USR:eventlogger
J2-1008,ASNAP,2017/08/23 09:37:27,45.82968270,-129.75930482,20613.123105,-9668.180551,2.09,-2.0,2.0,0.00,2588.47,2588.47,HMR2300,-20953.3,-246.7,43393.3,48188.0,,,,,,,,RR1715,,
J2-1008,ASNAP,2017/08/23 09:37:32,45.82968498,-129.75930383,20613.200039,-9667.927674,2.10,-2.0,2.0,0.00,2587.90,2587.9,HMR2300,-21246.7,-13.3,42866.7,47843.2,,,,,,,,RR1715,,
J2-1008,ASNAP,2017/08/23 09:37:37,45.82968721,-129.75930306,20613.259519,-9667.679794,2.07,-2.0,1.9,0.00,2587.37,2587.37,HMR2300,-21100.0,-293.3,43400.0,48258.2,,,,,,,,RR1715,,
J2-1008,ASNAP,2017/08/23 09:37:42,45.82968931,-129.75930254,20613.299474,-9667.446424,2.07,-2.0,1.9,0.00,2586.88,2586.88,HMR2300,-21020.0,-233.3,43440.0,48259.0,,,,,,,,RR1715,,
J2-1008,ASNAP,2017/08/23 09:37:47,45.82969133,-129.75930225,20613.321939,-9667.222099,2.10,-2.0,2.0,0.00,2586.51,2586.51,HMR2300,-21253.3,-80.0,42900.0,47876.1,,,,,,,,RR1715,,
J2-1008,ASNAP,2017/08/23 09:37:52,45.82969318,-129.75930219,20613.326762,-9667.016720,2.10,-2.0,2.1,0.00,2586.01,2586.01,HMR2300,-21206.7,-240.0,43086.7,48023.3,,,,,,,,RR1715,,
J2-1008,ASNAP,2017/08/23 09:37:57,45.82969492,-129.75930234,20613.314987,-9666.823166,2.25,-2.1,2.0,0.00,2585.39,2585.39,HMR2300,-21346.7,-106.7,42973.3,47983.3,,,,,,,,RR1715,,
J2-1008,ASNAP,2017/08/23 09:38:02,45.82969649,-129.75930269,20613.288225,-9666.648791,2.31,-2.1,1.9,0.00,2584.62,2584.62,HMR2300,-21326.7,-60.0,42946.7,47950.5,,,,,,,,RR1715,,
J2-1008,ASNAP,2017/08/23 09:38:07,45.82969790,-129.75930322,20613.247034,-9666.491828,2.31,-2.1,1.9,0.00,2583.98,2583.98,HMR2300,-21406.7,-53.3,42946.7,47986.1,,,,,,,,RR1715,,
J2-1008,ASNAP,2017/08/23 09:38:12,45.82969916,-129.75930392,20613.192615,-9666.351253,2.45,-2.1,2.0,0.00,2583.07,2583.07,HMR2300,-21306.7,-80.0,42973.3,47965.5,,,,,,,,RR1715,,
J2-1008,EVT,2017/08/23 09:38:14,45.82969961,-129.75930424,20613.168013,-9666.301142,2.38,-2.1,1.9,0.00,2582.61,2582.61,HMR2300,-21273.3,-60.0,43133.3,48094.1,,,,,,,,RR1715,DLG,TXT: Continuing up wire USR:eventlogger
J2-1008,ASNAP,2017/08/23 09:38:17,45.82970024,-129.75930476,20613.127666,-9666.231154,2.42,-2.1,2.0,0.00,2582.12,2582.12,HMR2300,-21260.0,-53.3,43026.7,47992.5,,,,,,,,RR1715,,
J2-1008,EVT,2017/08/23 09:38:20,45.82970083,-129.75930533,20613.082945,-9666.166256,2.51,-2.1,2.0,0.00,2581.63,2581.63,HMR2300,-21406.7,-160.0,43053.3,48081.8,,,,,,,,RR1715,DLG,TXT: Depth 2580 m USR:eventlogger
J2-1008,ASNAP,2017/08/23 09:38:22,45.82970118,-129.75930574,20613.051320,-9666.126502,2.48,-2.1,2.0,0.00,2581.13,2581.13,HMR2300,-21420.0,-93.3,42973.3,48016.0,,,,,,,,RR1715,,
J2-1008,ASNAP,2017/08/23 09:38:27,45.82970196,-129.75930682,20612.967914,-9666.040424,2.44,-2.1,2.0,0.00,2580.39,2580.39,HMR2300,-21360.0,-6.7,42953.3,47971.2,,,,,,,,RR1715,,
J2-1008,ASNAP,2017/08/23 09:38:32,45.82970260,-129.75930800,20612.876297,-9665.969294,2.38,-2.1,1.9,0.00,2579.36,2579.36,HMR2300,-21360.0,-20.0,42946.7,47965.3,,,,,,,,RR1715,,
J2-1008,ASNAP,2017/08/23 09:38:37,45.82970311,-129.75930924,20612.779809,-9665.912739,2.33,-2.1,2.0,0.00,2578.28,2578.28,HMR2300,-21186.7,-113.3,43173.3,48091.8,,,,,,,,RR1715,,
J2-1008,ASNAP,2017/08/23 09:38:42,45.82970350,-129.75931053,20612.679882,-9665.869309,2.46,-2.1,1.9,0.00,2577.16,2577.16,HMR2300,-21253.3,-73.3,43133.3,48085.3,,,,,,,,RR1715,,
J2-1008,ASNAP,2017/08/23 09:38:47,45.82970380,-129.75931188,20612.575073,-9665.836004,2.41,-2.2,1.9,0.00,2576.30,2576.3,HMR2300,-21460.0,-6.7,42933.3,47997.9,,,,,,,,RR1715,,
J2-1008,ASNAP,2017/08/23 09:38:52,45.82970401,-129.75931313,20612.478101,-9665.812981,2.33,-2.2,1.9,0.00,2575.14,2575.14,HMR2300,-21373.3,26.7,43006.7,48024.9,,,,,,,,RR1715,,
J2-1008,ASNAP,2017/08/23 09:38:57,45.82970410,-129.75931387,20612.420661,-9665.802064,2.26,-2.2,1.9,0.00,2573.97,2573.97,HMR2300,-21420.0,-40.0,42940.0,47986.1,,,,,,,,RR1715,,
J2-1008,ASNAP,2017/08/23 09:39:02,45.82970419,-129.75931483,20612.346136,-9665.792034,2.29,-2.2,1.9,0.00,2572.79,2572.79,HMR2300,-21386.7,-6.7,42973.3,48001.0,,,,,,,,RR1715,,
J2-1008,ASNAP,2017/08/23 09:39:07,45.82970430,-129.75931621,20612.239407,-9665.780205,2.53,-2.2,1.9,0.00,2571.87,2571.87,HMR2300,-21373.3,93.3,42973.3,47995.2,,,,,,,,RR1715,,
J2-1008,EVT,2017/08/23 09:39:08,45.82970432,-129.75931648,20612.217933,-9665.778231,2.57,-2.2,1.8,0.00,2571.57,2571.57,HMR2300,-21333.3,60.0,43106.7,48096.8,,,,,,,,RR1715,DLG,TXT: speed is 0.25 m per second USR:eventlogger
J2-1008,ASNAP,2017/08/23 09:39:12,45.82970438,-129.75931756,20612.134273,-9665.771639,2.52,-2.3,1.9,0.00,2570.65,2570.65,HMR2300,-21393.3,33.3,42980.0,48010.0,,,,,,,,RR1715,,
J2-1008,ASNAP,2017/08/23 09:39:17,45.82970443,-129.75931887,20612.032864,-9665.765232,2.39,-2.2,1.8,0.00,2569.41,2569.41,HMR2300,-21506.7,60.0,42946.7,48030.8,,,,,,,,RR1715,,
J2-1008,ASNAP,2017/08/23 09:39:22,45.82970448,-129.75932014,20611.934309,-9665.759933,2.30,-2.0,1.9,0.00,2568.17,2568.17,HMR2300,-21260.0,-60.0,43086.7,48046.4,,,,,,,,RR1715,,
J2-1008,ASNAP,2017/08/23 09:39:27,45.82970452,-129.75932137,20611.838834,-9665.755396,2.45,-2.2,2.1,0.00,2567.23,2567.23,HMR2300,-21413.3,6.7,42973.3,48012.9,,,,,,,,RR1715,,
J2-1008,ASNAP,2017/08/23 09:39:32,45.82970456,-129.75932255,20611.747541,-9665.751798,2.58,-2.2,1.8,0.00,2565.79,2565.79,HMR2300,-21366.7,746.7,42333.3,47425.8,,,,,,,,RR1715,,
J2-1008,ASNAP,2017/08/23 09:39:37,45.82970457,-129.75932367,20611.660639,-9665.749754,2.35,-2.1,1.9,0.00,2564.32,2564.32,HMR2300,-21240.0,506.7,42406.7,47431.2,,,,,,,,RR1715,,
J2-1008,ASNAP,2017/08/23 09:39:42,45.82970457,-129.75932473,20611.578352,-9665.750351,2.03,-2.1,1.9,0.00,2562.90,2562.9,HMR2300,-21146.7,373.3,42486.7,47459.9,,,,,,,,RR1715,,
J2-1008,ASNAP,2017/08/23 09:39:47,45.82970453,-129.75932572,20611.501648,-9665.755026,1.77,-2.1,2.0,0.00,2561.88,2561.88,HMR2300,-21333.3,-213.3,42940.0,47947.9,,,,,,,,RR1715,,
J2-1008,ASNAP,2017/08/23 09:39:52,45.82970443,-129.75932662,20611.431723,-9665.765498,1.98,-2.0,2.1,0.00,2560.64,2560.64,HMR2300,-21053.3,-353.3,43500.0,48328.2,,,,,,,,RR1715,,
J2-1008,ASNAP,2017/08/23 09:39:57,45.82970426,-129.75932745,20611.367093,-9665.784155,1.98,-1.9,2.1,0.00,2559.59,2559.59,HMR2300,-21393.3,-206.7,42886.7,47926.9,,,,,,,,RR1715,,
J2-1008,ASNAP,2017/08/23 09:40:02,45.82970400,-129.75932819,20611.309601,-9665.813161,2.01,-1.9,2.1,0.00,2558.77,2558.77,HMR2300,-20913.3,-173.3,43453.3,48224.4,,,,,,,,RR1715,,
J2-1008,ASNAP,2017/08/23 09:40:07,45.82970363,-129.75932883,20611.260102,-9665.854775,1.91,-1.9,2.2,0.00,2558.26,2558.26,HMR2300,-21340.0,-433.3,43046.7,48047.9,,,,,,,,RR1715,,
J2-1008,EVT,2017/08/23 09:40:08,45.82970354,-129.75932894,20611.251206,-9665.864805,1.90,-1.9,2.2,0.00,2558.09,2558.09,HMR2300,-21333.3,-300.0,42940.0,47948.4,,,,,,,,RR1715,DLG,TXT: depth 2560 m USR:eventlogger
J2-1008,ASNAP,2017/08/23 09:40:12,45.82970313,-129.75932936,20611.219361,-9665.910740,1.82,-1.9,2.1,0.00,2557.66,2557.66,HMR2300,-21040.0,-433.3,43493.3,48317.1,,,,,,,,RR1715,,
J2-1008,ASNAP,2017/08/23 09:40:17,45.82970247,-129.75932976,20611.187881,-9665.983363,1.93,-1.9,2.1,0.00,2557.14,2557.14,HMR2300,-21320.0,-73.3,42886.7,47893.8,,,,,,,,RR1715,,
J2-1008,ASNAP,2017/08/23 09:40:22,45.82970164,-129.75933004,20611.165926,-9666.075495,1.91,-2.0,2.1,0.00,2556.69,2556.69,HMR2300,-20993.3,-286.7,43500.0,48301.7,,,,,,,,RR1715,,
J2-1008,ASNAP,2017/08/23 09:40:27,45.82970063,-129.75933019,20611.154547,-9666.188303,1.98,-1.9,2.1,0.00,2556.36,2556.36,HMR2300,-21380.0,-180.0,42913.3,47944.7,,,,,,,,RR1715,,
J2-1008,ASNAP,2017/08/23 09:40:32,45.82969942,-129.75933019,20611.154316,-9666.322725,2.00,-1.9,2.1,0.00,2555.97,2555.97,HMR2300,-21120.0,206.7,43106.7,48002.9,,,,,,,,RR1715,,
J2-1008,ASNAP,2017/08/23 09:40:37,45.82969801,-129.75933005,20611.165521,-9666.479055,2.30,-2.2,1.6,0.00,2555.19,2555.19,HMR2300,-21653.3,206.7,42726.7,47900.7,,,,,,,,RR1715,,
J2-1008,ASNAP,2017/08/23 09:40:42,45.82969641,-129.75932976,20611.188260,-9666.657523,2.21,-2.2,1.8,0.00,2554.16,2554.16,HMR2300,-21300.0,-73.3,43306.7,48261.4,,,,,,,,RR1715,,
J2-1008,ASNAP,2017/08/23 09:40:47,45.82969460,-129.75932931,20611.222557,-9666.858631,2.24,-2.2,1.8,0.00,2553.33,2553.33,HMR2300,-21220.0,146.7,43260.0,48184.4,,,,,,,,RR1715,,
J2-1008,ASNAP,2017/08/23 09:40:52,45.82969260,-129.75932873,20611.267912,-9667.080540,2.29,-2.1,1.9,0.00,2552.20,2552.2,HMR2300,-21160.0,293.3,43226.7,48128.7,,,,,,,,RR1715,,
J2-1008,ASNAP,2017/08/23 09:40:57,45.82969043,-129.75932801,20611.323734,-9667.321812,2.11,-1.8,2.4,0.00,2551.25,2551.25,HMR2300,-21053.3,-206.7,43306.7,48153.4,,,,,,,,RR1715,,
J2-1008,ASNAP,2017/08/23 09:41:02,45.82968809,-129.75932716,20611.389444,-9667.581474,1.53,-1.2,2.1,0.00,2551.20,2551.2,HMR2300,-20506.7,-273.3,43613.3,48194.6,,,,,,,,RR1715,,
J2-1008,EVT,2017/08/23 09:41:06,45.82968612,-129.75932640,20611.448368,-9667.800381,1.55,-1.5,2.5,0.00,2551.49,2551.49,HMR2300,-20993.3,-426.7,43320.0,48140.7,,,,,,,,RR1715,DLG,TXT: waiting for vehicle USR:eventlogger
J2-1008,ASNAP,2017/08/23 09:41:07,45.82968562,-129.75932620,20611.463905,-9667.856461,1.61,-1.8,2.5,0.00,2551.67,2551.67,HMR2300,-21166.7,-820.0,43360.0,48257.5,,,,,,,,RR1715,,
J2-1008,EVT,2017/08/23 09:41:08,45.82968511,-129.75932600,20611.479752,-9667.913063,1.62,-1.9,2.3,0.00,2551.84,2551.84,HMR2300,-21253.3,-540.0,43266.7,48207.9,,,,,,,,RR1715,DLG,TXT: all stop USR:eventlogger
J2-1008,ASNAP,2017/08/23 09:41:12,45.82968303,-129.75932514,20611.546135,-9668.144469,2.23,-2.1,2.1,0.00,2552.21,2552.21,HMR2300,-21493.3,-100.0,42880.0,47965.3,,,,,,,,RR1715,,
J2-1008,ASNAP,2017/08/23 09:41:17,45.82968034,-129.75932400,20611.635155,-9668.443135,2.30,-2.3,2.1,0.00,2552.15,2552.15,HMR2300,-21773.3,-440.0,43413.3,48569.4,,,,,,,,RR1715,,
J2-1008,ASNAP,2017/08/23 09:41:22,45.82967758,-129.75932277,20611.730057,-9668.750114,2.29,-2.1,1.9,0.00,2551.82,2551.82,HMR2300,-21326.7,186.7,42993.3,47992.6,,,,,,,,RR1715,,
J2-1008,ASNAP,2017/08/23 09:41:27,45.82967481,-129.75932150,20611.828459,-9669.058278,2.01,-2.2,2.1,0.00,2551.64,2551.64,HMR2300,-21366.7,-100.0,43113.3,48117.6,,,,,,,,RR1715,,
J2-1008,ASNAP,2017/08/23 09:41:32,45.82967202,-129.75932019,20611.930639,-9669.368481,1.82,-2.2,0.8,0.00,2551.80,2551.8,HMR2300,-21020.0,973.3,43346.7,48184.2,,,,,,,,RR1715,,
J2-1008,ASNAP,2017/08/23 09:41:37,45.82966926,-129.75931884,20612.034883,-9669.675345,1.94,-2.2,0.6,0.00,2552.03,2552.03,HMR2300,-21253.3,1133.3,43126.7,48092.6,,,,,,,,RR1715,,
J2-1008,EVT,2017/08/23 09:41:40,45.82966763,-129.75931803,20612.097857,-9669.855906,1.94,-2.3,0.5,0.00,2552.05,2552.05,HMR2300,-21560.0,946.7,42986.7,48099.7,,,,,,,,RR1715,DLG,TXT: depth 2556 m USR:eventlogger
J2-1008,ASNAP,2017/08/23 09:41:42,45.82966655,-129.75931748,20612.140373,-9669.975681,2.02,-2.2,0.4,0.00,2551.97,2551.97,HMR2300,-21300.0,1473.3,42906.7,47925.4,,,,,,,,RR1715,,
J2-1008,ASNAP,2017/08/23 09:41:47,45.82966387,-129.75931608,20612.249282,-9670.274368,1.89,-2.0,0.2,0.00,2551.82,2551.82,HMR2300,-21386.7,1180.0,42993.3,48033.4,,,,,,,,RR1715,,
J2-1008,ASNAP,2017/08/23 09:41:52,45.82966128,-129.75931467,20612.358733,-9670.561927,1.83,-1.9,0.2,0.00,2551.74,2551.74,HMR2300,-21033.3,1433.3,43280.0,48141.6,,,,,,,,RR1715,,
J2-1008,EVT,2017/08/23 09:41:57,45.82965875,-129.75931322,20612.471473,-9670.843380,1.79,-2.2,0.4,0.00,2551.90,2551.9,HMR2300,-21700.0,1120.0,42706.7,47916.6,,,,,,,,RR1715,DLG,Sample: Niskin popping niskins on front of Jason USR:eventlogger
J2-1008,ASNAP,2017/08/23 09:41:57,45.82965875,-129.75931322,20612.471473,-9670.843380,1.79,-2.2,0.4,0.00,2551.90,2551.9,HMR2300,-21320.0,1140.0,43180.0,48170.1,,,,,,,,RR1715,,
J2-1008,EVT,2017/08/23 09:42:00,45.82965730,-129.75931235,20612.538898,-9671.004156,2.05,-2.0,0.2,0.00,2551.97,2551.97,HMR2300,-21220.0,1566.7,42953.3,47934.7,,,,,,,,RR1715,DLG,Sample: Niskin USR:eventlogger
J2-1008,ASNAP,2017/08/23 09:42:02,45.82965637,-129.75931177,20612.583661,-9671.107516,1.95,-1.9,0.2,0.00,2552.00,2552,HMR2300,-21433.3,1146.7,42986.7,48047.4,,,,,,,,RR1715,,
J2-1008,ASNAP,2017/08/23 09:42:07,45.82965412,-129.75931030,20612.697566,-9671.357813,1.99,-1.9,0.3,0.00,2551.93,2551.93,HMR2300,-21493.3,1326.7,42833.3,47941.8,,,,,,,,RR1715,,
J2-1008,ASNAP,2017/08/23 09:42:12,45.82965201,-129.75930881,20612.812966,-9671.592561,1.89,-2.3,-0.1,0.00,2551.80,2551.8,HMR2300,-21560.0,1433.3,43033.3,48153.5,,,,,,,,RR1715,,
J2-1008,ASNAP,2017/08/23 09:42:17,45.82965007,-129.75930732,20612.928727,-9671.808043,1.86,-2.5,-0.2,0.00,2551.82,2551.82,HMR2300,-21786.7,1560.0,42746.7,48003.9,,,,,,,,RR1715,,
J2-1008,EVT,2017/08/23 09:42:20,45.82964897,-129.75930641,20612.999887,-9671.930630,1.85,-2.1,-0.1,0.00,2551.88,2551.88,HMR2300,-21653.3,1620.0,42686.7,47892.0,,,,,,,,RR1715,DLG,Sample: Niskin USR:eventlogger
J2-1008,ASNAP,2017/08/23 09:42:22,45.82964827,-129.75930579,20613.047272,-9672.008181,1.88,-2.4,-0.2,0.00,2551.93,2551.93,HMR2300,-21546.7,1400.0,43140.0,48241.9,,,,,,,,RR1715,,
J2-1008,ASNAP,2017/08/23 09:42:27,45.82964666,-129.75930428,20613.165099,-9672.186738,2.00,-2.5,1.8,0.00,2551.93,2551.93,HMR2300,-21380.0,226.7,43233.3,48231.5,,,,,,,,RR1715,,
J2-1008,EVT,2017/08/23 09:42:29,45.82964606,-129.75930366,20613.212808,-9672.253310,2.06,-2.3,2.1,0.00,2551.91,2551.91,HMR2300,-21380.0,-286.7,42980.0,48004.9,,,,,,,,RR1715,DLG,TXT: total 2 niskins popped thus far USR:eventlogger
J2-1008,ASNAP,2017/08/23 09:42:32,45.82964520,-129.75930273,20613.285393,-9672.348645,2.01,-2.4,1.7,0.00,2551.85,2551.85,HMR2300,-21406.7,206.7,43033.3,48064.1,,,,,,,,RR1715,,
J2-1008,ASNAP,2017/08/23 09:42:37,45.82964392,-129.75930118,20613.405291,-9672.490850,1.91,-2.4,2.1,0.00,2551.85,2551.85,HMR2300,-21666.7,-293.3,42760.0,47936.9,,,,,,,,RR1715,,
J2-1008,ASNAP,2017/08/23 09:42:42,45.82964281,-129.75929964,20613.525057,-9672.614483,1.89,-2.3,2.3,0.00,2551.90,2551.9,HMR2300,-21673.3,-446.7,42926.7,48089.8,,,,,,,,RR1715,,
J2-1008,ASNAP,2017/08/23 09:42:47,45.82964185,-129.75929809,20613.645012,-9672.721505,1.89,-2.3,2.2,0.00,2551.92,2551.92,HMR2300,-21633.3,-420.0,43000.0,48137.1,,,,,,,,RR1715,,
J2-1008,ASNAP,2017/08/23 09:42:52,45.82964105,-129.75929658,20613.761921,-9672.810511,1.95,-2.3,2.1,0.00,2551.88,2551.88,HMR2300,-21526.7,-393.3,43186.7,48256.0,,,,,,,,RR1715,,
J2-1008,ASNAP,2017/08/23 09:42:57,45.82964038,-129.75929508,20613.878127,-9672.885185,1.89,-2.3,2.2,0.00,2551.85,2551.85,HMR2300,-21233.3,-306.7,43420.0,48334.7,,,,,,,,RR1715,,
J2-1008,ASNAP,2017/08/23 09:43:02,45.82963984,-129.75929365,20613.989380,-9672.944787,2.13,-2.4,2.1,0.00,2551.86,2551.86,HMR2300,-21813.3,-126.7,42953.3,48175.0,,,,,,,,RR1715,,
J2-1008,EVT,2017/08/23 09:43:06,45.82963950,-129.75929255,20614.074855,-9672.983044,1.85,-1.6,0.8,0.00,2551.94,2551.94,HMR2300,-21066.7,740.0,43106.7,47984.8,,,,,,,,RR1715,DLG,TXT: depth at which Jason niskin popped was 2551 m USR:eventlogger
J2-1008,ASNAP,2017/08/23 09:43:07,45.82963942,-129.75929228,20614.095856,-9672.991493,1.74,-1.4,1.0,0.00,2551.94,2551.94,HMR2300,-20673.3,926.7,43613.3,48273.9,,,,,,,,RR1715,,
J2-1008,ASNAP,2017/08/23 09:43:12,45.82963910,-129.75929097,20614.197573,-9673.027347,1.94,-1.4,0.5,0.00,2551.91,2551.91,HMR2300,-20946.7,1360.0,43040.0,47885.8,,,,,,,,RR1715,,
J2-1008,ASNAP,2017/08/23 09:43:17,45.82963887,-129.75928976,20614.291565,-9673.053141,1.90,-1.5,0.2,0.00,2551.84,2551.84,HMR2300,-20733.3,1300.0,43600.0,48296.2,,,,,,,,RR1715,,
J2-1008,ASNAP,2017/08/23 09:43:22,45.82963871,-129.75928864,20614.377926,-9673.070867,1.88,-1.6,0.3,0.00,2551.84,2551.84,HMR2300,-20733.3,1246.7,43593.3,48288.8,,,,,,,,RR1715,,
J2-1008,ASNAP,2017/08/23 09:43:27,45.82963861,-129.75928767,20614.453362,-9673.081706,1.89,-1.7,0.4,0.00,2551.90,2551.9,HMR2300,-20793.3,1240.0,43486.7,48218.2,,,,,,,,RR1715,,
J2-1008,ASNAP,2017/08/23 09:43:32,45.82963856,-129.75928683,20614.518861,-9673.087577,1.95,-1.7,0.4,0.00,2551.93,2551.93,HMR2300,-21133.3,1120.0,43186.7,48093.2,,,,,,,,RR1715,,
J2-1008,ASNAP,2017/08/23 09:43:37,45.82963854,-129.75928614,20614.571714,-9673.089917,1.93,-1.7,0.2,0.00,2551.88,2551.88,HMR2300,-20840.0,1220.0,43580.0,48321.9,,,,,,,,RR1715,,
J2-1008,ASNAP,2017/08/23 09:43:42,45.82963853,-129.75928563,20614.611435,-9673.090265,1.90,-1.7,0.4,0.00,2551.83,2551.83,HMR2300,-20933.3,1046.7,43533.3,48316.2,,,,,,,,RR1715,,
J2-1008,ASNAP,2017/08/23 09:43:47,45.82963853,-129.75928530,20614.637363,-9673.090115,1.89,-1.7,0.4,0.00,2551.85,2551.85,HMR2300,-20980.0,1040.0,43486.7,48294.2,,,,,,,,RR1715,,
J2-1008,ASNAP,2017/08/23 09:43:52,45.82963853,-129.75928516,20614.648068,-9673.090856,1.99,-1.7,0.4,0.00,2551.91,2551.91,HMR2300,-21213.3,1266.7,42913.3,47887.0,,,,,,,,RR1715,,
J2-1008,ASNAP,2017/08/23 09:43:57,45.82963850,-129.75928522,20614.643254,-9673.093801,1.92,-1.7,0.3,0.00,2551.92,2551.92,HMR2300,-21220.0,1220.0,42986.7,47954.5,,,,,,,,RR1715,,
J2-1008,ASNAP,2017/08/23 09:44:02,45.82963844,-129.75928549,20614.622558,-9673.100007,1.98,-1.7,0.3,0.00,2551.86,2551.86,HMR2300,-21126.7,1066.7,43320.0,48208.9,,,,,,,,RR1715,,
J2-1008,ASNAP,2017/08/23 09:44:07,45.82963835,-129.75928597,20614.585049,-9673.110614,1.97,-1.7,0.4,0.00,2551.78,2551.78,HMR2300,-21020.0,1446.7,43053.3,47932.5,,,,,,,,RR1715,,
J2-1008,ASNAP,2017/08/23 09:44:12,45.82963821,-129.75928667,20614.531301,-9673.126161,2.07,-1.9,-0.5,0.00,2551.59,2551.59,HMR2300,-21173.3,1673.3,43073.3,48025.2,,,,,,,,RR1715,,
J2-1008,ASNAP,2017/08/23 09:44:17,45.82963802,-129.75928757,20614.461082,-9673.147221,2.06,-1.8,0.3,0.00,2551.16,2551.16,HMR2300,-21120.0,1133.3,43226.7,48123.6,,,,,,,,RR1715,,
J2-1008,ASNAP,2017/08/23 09:44:22,45.82963778,-129.75928869,20614.374518,-9673.174025,2.10,-1.8,0.4,0.00,2550.51,2550.51,HMR2300,-21100.0,1420.0,43066.7,47978.8,,,,,,,,RR1715,,
J2-1008,ASNAP,2017/08/23 09:44:27,45.82963749,-129.75929000,20614.272604,-9673.206335,2.09,-1.8,0.2,0.00,2549.97,2549.97,HMR2300,-20946.7,1480.0,43340.0,48159.2,,,,,,,,RR1715,,
J2-1008,ASNAP,2017/08/23 09:44:32,45.82963714,-129.75929155,20614.152560,-9673.244860,2.25,-1.8,0.2,0.00,2549.17,2549.17,HMR2300,-21113.3,1386.7,43280.0,48175.2,,,,,,,,RR1715,,
J2-1008,ASNAP,2017/08/23 09:44:37,45.82963675,-129.75929329,20614.017440,-9673.288210,2.16,-1.7,0.2,0.00,2548.33,2548.33,HMR2300,-21153.3,1400.0,43093.3,48025.6,,,,,,,,RR1715,,
J2-1008,ASNAP,2017/08/23 09:44:42,45.82963632,-129.75929522,20613.867334,-9673.335667,2.25,-1.6,0.2,0.00,2547.45,2547.45,HMR2300,-20980.0,1426.7,43253.3,48094.1,,,,,,,,RR1715,,
J2-1008,ASNAP,2017/08/23 09:44:47,45.82963587,-129.75929735,20613.702140,-9673.386332,2.21,-1.7,0.2,0.00,2546.77,2546.77,HMR2300,-21066.7,1480.0,43213.3,48097.7,,,,,,,,RR1715,,
J2-1008,EVT,2017/08/23 09:44:50,45.82963559,-129.75929871,20613.597230,-9673.417345,2.10,-1.7,0.2,0.00,2546.30,2546.3,HMR2300,-20986.7,1486.7,43220.0,48068.9,,,,,,,,RR1715,DLG,TXT: prepared to pop niskins upon vehicle arrival USR:eventlogger
J2-1008,ASNAP,2017/08/23 09:44:52,45.82963540,-129.75929964,20613.524993,-9673.438074,2.05,-1.7,0.1,0.00,2545.83,2545.83,HMR2300,-21080.0,1486.7,43086.7,47990.0,,,,,,,,RR1715,,
J2-1008,ASNAP,2017/08/23 09:44:57,45.82963494,-129.75930206,20613.336607,-9673.489376,1.94,-1.7,0.1,0.00,2544.88,2544.88,HMR2300,-20980.0,1473.3,43280.0,48119.5,,,,,,,,RR1715,,
J2-1008,ASNAP,2017/08/23 09:45:02,45.82963450,-129.75930464,20613.136707,-9673.538705,2.12,-1.6,0.1,0.00,2543.87,2543.87,HMR2300,-20813.3,1393.3,43573.3,48309.1,,,,,,,,RR1715,,
J2-1008,ASNAP,2017/08/23 09:45:07,45.82963409,-129.75930739,20612.923605,-9673.584452,2.09,-1.6,0.3,0.00,2543.07,2543.07,HMR2300,-21060.0,1180.0,43313.3,48176.4,,,,,,,,RR1715,,
J2-1008,ASNAP,2017/08/23 09:45:12,45.82963377,-129.75930978,20612.738329,-9673.619301,2.19,-1.6,0.2,0.00,2541.93,2541.93,HMR2300,-20600.0,1426.7,43766.7,48393.4,,,,,,,,RR1715,,
J2-1008,ASNAP,2017/08/23 09:45:17,45.82963361,-129.75931124,20612.624848,-9673.637200,2.04,-1.6,0.2,0.00,2540.72,2540.72,HMR2300,-20826.7,1273.3,43553.3,48293.5,,,,,,,,RR1715,,
J2-1008,ASNAP,2017/08/23 09:45:22,45.82963341,-129.75931363,20612.438986,-9673.659549,2.01,-1.6,0.2,0.00,2539.46,2539.46,HMR2300,-21206.7,1520.0,42960.0,47933.2,,,,,,,,RR1715,,
J2-1008,ASNAP,2017/08/23 09:45:27,45.82963323,-129.75931672,20612.200007,-9673.679773,1.81,-1.5,0.2,0.00,2538.48,2538.48,HMR2300,-21133.3,1173.3,43120.0,48034.7,,,,,,,,RR1715,,
J2-1008,ASNAP,2017/08/23 09:45:32,45.82963316,-129.75931984,20611.957725,-9673.687579,1.95,-1.5,0.2,0.00,2537.14,2537.14,HMR2300,-21020.0,1640.0,42973.3,47866.9,,,,,,,,RR1715,,
J2-1008,ASNAP,2017/08/23 09:45:37,45.82963319,-129.75932264,20611.740606,-9673.684081,2.04,-1.6,0.3,0.00,2535.74,2535.74,HMR2300,-21100.0,1186.7,43300.0,48182.0,,,,,,,,RR1715,,
J2-1008,ASNAP,2017/08/23 09:45:42,45.82963332,-129.75932532,20611.532054,-9673.669555,1.99,-1.7,0.3,0.00,2534.32,2534.32,HMR2300,-20673.3,1373.3,43720.0,48380.9,,,,,,,,RR1715,,
J2-1008,ASNAP,2017/08/23 09:45:47,45.82963359,-129.75932853,20611.283452,-9673.639078,1.95,-1.7,0.2,0.00,2533.25,2533.25,HMR2300,-20926.7,1240.0,43633.3,48408.0,,,,,,,,RR1715,,
J2-1008,ASNAP,2017/08/23 09:45:52,45.82963402,-129.75933192,20611.020416,-9673.591228,1.96,-1.6,0.3,0.00,2531.85,2531.85,HMR2300,-20853.3,1480.0,43406.7,48178.7,,,,,,,,RR1715,,
J2-1008,ASNAP,2017/08/23 09:45:57,45.82963461,-129.75933533,20610.755807,-9673.526030,2.01,-1.5,0.2,0.00,2530.48,2530.48,HMR2300,-21053.3,1853.3,43040.0,47949.1,,,,,,,,RR1715,,
J2-1008,ASNAP,2017/08/23 09:46:02,45.82963537,-129.75933880,20610.486896,-9673.442222,1.87,-1.5,0.1,0.00,2529.23,2529.23,HMR2300,-21053.3,1460.0,43113.3,48001.4,,,,,,,,RR1715,,
J2-1008,ASNAP,2017/08/23 09:46:07,45.82963629,-129.75934230,20610.215105,-9673.339527,1.91,-1.5,0.3,0.00,2528.39,2528.39,HMR2300,-21100.0,1400.0,43133.3,48038.1,,,,,,,,RR1715,,
J2-1008,ASNAP,2017/08/23 09:46:12,45.82963738,-129.75934581,20609.942713,-9673.218255,1.95,-1.5,0.4,0.00,2527.39,2527.39,HMR2300,-20946.7,1393.3,43340.0,48156.6,,,,,,,,RR1715,,
J2-1008,ASNAP,2017/08/23 09:46:17,45.82963865,-129.75934934,20609.668624,-9673.077524,1.90,-1.5,0.3,0.00,2526.40,2526.4,HMR2300,-20953.3,1393.3,43406.7,48219.5,,,,,,,,RR1715,,
J2-1008,ASNAP,2017/08/23 09:46:22,45.82964009,-129.75935290,20609.393070,-9672.916645,1.90,-1.5,0.3,0.00,2525.42,2525.42,HMR2300,-20880.0,1386.7,43300.0,48091.4,,,,,,,,RR1715,,
J2-1008,ASNAP,2017/08/23 09:46:27,45.82964174,-129.75935648,20609.115068,-9672.733723,1.97,-1.6,0.4,0.00,2524.70,2524.7,HMR2300,-20780.0,1286.7,43686.7,48394.1,,,,,,,,RR1715,,
J2-1008,ASNAP,2017/08/23 09:46:32,45.82964320,-129.75935940,20608.888327,-9672.571961,1.94,-1.7,0.2,0.00,2523.58,2523.58,HMR2300,-21320.0,1580.0,42940.0,47967.5,,,,,,,,RR1715,,
J2-1008,ASNAP,2017/08/23 09:46:37,45.82964415,-129.75936116,20608.752086,-9672.466274,1.93,-1.7,0.2,0.00,2522.41,2522.41,HMR2300,-20940.0,1573.3,43346.7,48165.3,,,,,,,,RR1715,,
J2-1008,ASNAP,2017/08/23 09:46:42,45.82964580,-129.75936398,20608.533435,-9672.282374,1.85,-1.7,0.2,0.00,2521.21,2521.21,HMR2300,-21040.0,1333.3,43366.7,48219.6,,,,,,,,RR1715,,
J2-1008,ASNAP,2017/08/23 09:46:47,45.82964793,-129.75936735,20608.271386,-9672.045328,1.91,-1.5,0.4,0.00,2520.39,2520.39,HMR2300,-20773.3,1533.3,43526.7,48254.0,,,,,,,,RR1715,,
J2-1008,ASNAP,2017/08/23 09:46:52,45.82965020,-129.75937060,20608.019196,-9671.793614,1.70,-1.5,0.3,0.00,2519.45,2519.45,HMR2300,-21100.0,1166.7,43433.3,48301.4,,,,,,,,RR1715,,
J2-1008,ASNAP,2017/08/23 09:46:57,45.82965257,-129.75937370,20607.779216,-9671.529810,1.86,-1.5,0.3,0.00,2518.70,2518.7,HMR2300,-21000.0,1420.0,43293.3,48138.6,,,,,,,,RR1715,,
J2-1008,ASNAP,2017/08/23 09:47:02,45.82965506,-129.75937665,20607.550338,-9671.252681,1.97,-1.6,0.3,0.00,2517.99,2517.99,HMR2300,-21113.3,1293.3,43360.0,48244.5,,,,,,,,RR1715,,
J2-1008,ASNAP,2017/08/23 09:47:07,45.82965766,-129.75937943,20607.334309,-9670.963826,2.00,-1.6,0.3,0.00,2517.44,2517.44,HMR2300,-20953.3,1460.0,43433.3,48245.5,,,,,,,,RR1715,,
J2-1008,ASNAP,2017/08/23 09:47:12,45.82966035,-129.75938203,20607.132725,-9670.664856,1.96,-1.6,0.3,0.00,2516.69,2516.69,HMR2300,-21133.3,1460.0,43246.7,48156.2,,,,,,,,RR1715,,
J2-1008,ASNAP,2017/08/23 09:47:17,45.82966312,-129.75938443,20606.946887,-9670.357409,1.85,-1.6,0.3,0.00,2515.92,2515.92,HMR2300,-21200.0,1293.3,43313.3,48240.6,,,,,,,,RR1715,,
J2-1008,ASNAP,2017/08/23 09:47:22,45.82966594,-129.75938660,20606.778452,-9670.044177,2.07,-1.7,0.3,0.00,2515.14,2515.14,HMR2300,-21060.0,1460.0,43346.7,48214.0,,,,,,,,RR1715,,
J2-1008,ASNAP,2017/08/23 09:47:27,45.82966879,-129.75938853,20606.628658,-9669.727610,2.03,-1.7,0.2,0.00,2514.54,2514.54,HMR2300,-21273.3,1426.7,43233.3,48204.9,,,,,,,,RR1715,,
J2-1008,ASNAP,2017/08/23 09:47:32,45.82967168,-129.75939022,20606.497270,-9669.405666,2.07,-1.7,0.3,0.00,2513.75,2513.75,HMR2300,-21286.7,1473.3,43173.3,48158.4,,,,,,,,RR1715,,
J2-1008,ASNAP,2017/08/23 09:47:37,45.82967437,-129.75939158,20606.391909,-9669.107313,1.89,-1.7,0.2,0.00,2512.96,2512.96,HMR2300,-21106.7,1373.3,43400.0,48279.8,,,,,,,,RR1715,,
J2-1008,EVT,2017/08/23 09:47:40,45.82967538,-129.75939205,20606.355212,-9668.994857,2.01,-1.6,0.3,0.00,2512.56,2512.56,HMR2300,-20946.7,1486.7,43533.3,48333.5,,,,,,,,RR1715,DLG,TXT: ascending up wire USR:eventlogger
J2-1008,ASNAP,2017/08/23 09:47:42,45.82967592,-129.75939228,20606.337708,-9668.934982,2.01,-1.6,0.3,0.00,2512.17,2512.17,HMR2300,-21126.7,1393.3,43386.7,48277.1,,,,,,,,RR1715,,
J2-1008,EVT,2017/08/23 09:47:44,45.82967653,-129.75939251,20606.319942,-9668.867305,1.95,-1.6,0.3,0.00,2511.97,2511.97,HMR2300,-21000.0,1320.0,43453.3,48279.8,,,,,,,,RR1715,DLG,TXT: depth 2512 USR:eventlogger
J2-1008,ASNAP,2017/08/23 09:47:47,45.82967785,-129.75939297,20606.283773,-9668.720076,1.87,-1.6,0.3,0.00,2511.57,2511.57,HMR2300,-21086.7,1540.0,43300.0,48186.2,,,,,,,,RR1715,,
J2-1008,ASNAP,2017/08/23 09:47:52,45.82968060,-129.75939381,20606.218867,-9668.414152,1.82,-1.6,0.3,0.00,2510.76,2510.76,HMR2300,-21000.0,1493.3,43360.0,48200.8,,,,,,,,RR1715,,
J2-1008,ASNAP,2017/08/23 09:47:57,45.82968328,-129.75939437,20606.175408,-9668.117087,1.77,-1.6,0.3,0.00,2509.95,2509.95,HMR2300,-21146.7,1300.0,43433.3,48325.2,,,,,,,,RR1715,,
J2-1008,ASNAP,2017/08/23 09:48:02,45.82968583,-129.75939465,20606.153875,-9667.833118,1.83,-1.6,0.3,0.00,2509.13,2509.13,HMR2300,-21153.3,1580.0,43246.7,48168.8,,,,,,,,RR1715,,
J2-1008,ASNAP,2017/08/23 09:48:07,45.82968761,-129.75939472,20606.147945,-9667.635471,1.94,-1.6,0.3,0.00,2508.53,2508.53,HMR2300,-21153.3,1560.0,43233.3,48156.2,,,,,,,,RR1715,,
J2-1008,ASNAP,2017/08/23 09:48:12,45.82968877,-129.75939465,20606.153668,-9667.506116,2.01,-1.6,0.3,0.00,2507.73,2507.73,HMR2300,-21260.0,1566.7,43180.0,48155.5,,,,,,,,RR1715,,
J2-1008,ASNAP,2017/08/23 09:48:17,45.82969074,-129.75939437,20606.175121,-9667.287392,2.01,-1.7,0.3,0.00,2506.96,2506.96,HMR2300,-21246.7,1440.0,43293.3,48247.4,,,,,,,,RR1715,,
J2-1008,ASNAP,2017/08/23 09:48:22,45.82969278,-129.75939387,20606.214187,-9667.060222,2.05,-1.7,0.3,0.00,2506.18,2506.18,HMR2300,-22060.0,1360.0,42613.3,48004.1,,,,,,,,RR1715,,
J2-1008,EVT,2017/08/23 09:48:23,45.82969317,-129.75939374,20606.224275,-9667.017079,2.09,-1.8,0.3,0.00,2506.18,2506.18,HMR2300,-22113.3,1333.3,42586.7,48004.2,,,,,,,,RR1715,DLG,Biology: Crustacean USR:eventlogger
J2-1008,ASNAP,2017/08/23 09:48:27,45.82969465,-129.75939313,20606.271624,-9666.852777,2.05,-1.7,0.2,0.00,2505.52,2505.52,HMR2300,-21560.0,1026.7,43593.3,48644.3,,,,,,,,RR1715,,
J2-1008,ASNAP,2017/08/23 09:48:32,45.82969629,-129.75939220,20606.344070,-9666.670132,2.03,-1.8,0.2,0.00,2504.58,2504.58,HMR2300,-21273.3,1840.0,42973.3,47985.9,,,,,,,,RR1715,,
J2-1008,ASNAP,2017/08/23 09:48:37,45.82969777,-129.75939105,20606.433178,-9666.506292,2.04,-1.8,0.2,0.00,2503.56,2503.56,HMR2300,-20540.0,1380.0,44193.3,48752.9,,,,,,,,RR1715,,
J2-1008,ASNAP,2017/08/23 09:48:42,45.82969903,-129.75938974,20606.534993,-9666.366258,2.16,-1.8,0.3,0.00,2502.50,2502.5,HMR2300,-20560.0,1400.0,44193.3,48761.9,,,,,,,,RR1715,,
J2-1008,ASNAP,2017/08/23 09:48:47,45.82970008,-129.75938826,20606.649819,-9666.249292,2.14,-1.9,0.3,0.00,2501.67,2501.67,HMR2300,-21673.3,1940.0,42400.0,47657.7,,,,,,,,RR1715,,
J2-1008,ASNAP,2017/08/23 09:48:52,45.82970093,-129.75938662,20606.776878,-9666.154253,2.21,-1.9,0.3,0.00,2500.50,2500.5,HMR2300,-21520.0,1120.0,43713.3,48736.2,,,,,,,,RR1715,,
J2-1008,ASNAP,2017/08/23 09:48:57,45.82970155,-129.75938493,20606.907729,-9666.086058,2.34,-1.9,0.2,0.00,2499.25,2499.25,HMR2300,-21580.0,1166.7,43680.0,48734.0,,,,,,,,RR1715,,
J2-1008,ASNAP,2017/08/23 09:49:02,45.82970197,-129.75938308,20607.051573,-9666.038757,2.37,-2.0,0.2,0.00,2498.23,2498.23,HMR2300,-21060.0,1286.7,44093.3,48881.5,,,,,,,,RR1715,,
J2-1008,ASNAP,2017/08/23 09:49:07,45.82970219,-129.75938114,20607.201466,-9666.015208,2.33,-1.9,0.1,0.00,2496.83,2496.83,HMR2300,-20940.0,1320.0,44166.7,48897.0,,,,,,,,RR1715,,
J2-1008,ASNAP,2017/08/23 09:49:12,45.82970218,-129.75937915,20607.356445,-9666.015604,2.05,-1.7,0.1,0.00,2495.38,2495.38,HMR2300,-21446.7,2140.0,42500.0,47652.8,,,,,,,,RR1715,,
J2-1008,ASNAP,2017/08/23 09:49:17,45.82970197,-129.75937715,20607.511529,-9666.038894,2.17,-1.8,0.2,0.00,2493.95,2493.95,HMR2300,-21506.7,2106.7,42486.7,47666.5,,,,,,,,RR1715,,
J2-1008,EVT,2017/08/23 09:49:20,45.82970175,-129.75937596,20607.603433,-9666.063423,2.06,-1.9,0.3,0.00,2493.24,2493.24,HMR2300,-21553.3,2073.3,42453.3,47656.4,,,,,,,,RR1715,DLG,TXT: depth 2500 m USR:eventlogger
J2-1008,ASNAP,2017/08/23 09:49:22,45.82970156,-129.75937516,20607.665557,-9666.084491,1.99,-1.8,0.3,0.00,2492.89,2492.89,HMR2300,-21120.0,1040.0,44060.0,48871.5,,,,,,,,RR1715,,
J2-1008,ASNAP,2017/08/23 09:49:27,45.82970096,-129.75937318,20607.819243,-9666.151678,1.71,-1.7,0.3,0.00,2491.54,2491.54,HMR2300,-21053.3,1380.0,43693.3,48520.7,,,,,,,,RR1715,,
J2-1008,ASNAP,2017/08/23 09:49:32,45.82970020,-129.75937132,20607.963917,-9666.236415,1.85,-1.5,0.4,0.00,2490.33,2490.33,HMR2300,-20993.3,1666.7,43473.3,48305.6,,,,,,,,RR1715,,
J2-1008,ASNAP,2017/08/23 09:49:37,45.82969921,-129.75936943,20608.110493,-9666.346051,1.84,-1.5,0.3,0.00,2489.33,2489.33,HMR2300,-21153.3,1273.3,43660.0,48531.2,,,,,,,,RR1715,,
J2-1008,ASNAP,2017/08/23 09:49:42,45.82969835,-129.75936800,20608.221103,-9666.441241,1.84,-1.5,0.4,0.00,2488.71,2488.71,HMR2300,-21193.3,1646.7,43226.7,48170.7,,,,,,,,RR1715,,
J2-1008,ASNAP,2017/08/23 09:49:47,45.82969781,-129.75936724,20608.280230,-9666.501191,1.89,-1.5,0.4,0.00,2488.02,2488.02,HMR2300,-21020.0,1333.3,43760.0,48565.0,,,,,,,,RR1715,,
J2-1008,ASNAP,2017/08/23 09:49:52,45.82969676,-129.75936597,20608.379071,-9666.617909,1.87,-1.5,0.4,0.00,2487.44,2487.44,HMR2300,-20893.3,1606.7,43660.0,48428.4,,,,,,,,RR1715,,
J2-1008,ASNAP,2017/08/23 09:49:57,45.82969534,-129.75936445,20608.496484,-9666.775685,1.86,-1.5,0.4,0.00,2486.93,2486.93,HMR2300,-21240.0,1246.7,43493.3,48418.6,,,,,,,,RR1715,,
J2-1008,ASNAP,2017/08/23 09:50:02,45.82969405,-129.75936326,20608.588840,-9666.919266,1.86,-1.5,0.3,0.00,2486.59,2486.59,HMR2300,-21053.3,1673.3,43373.3,48242.0,,,,,,,,RR1715,,
J2-1008,ASNAP,2017/08/23 09:50:07,45.82969324,-129.75936262,20608.638886,-9667.009620,1.81,-1.6,0.3,0.00,2486.16,2486.16,HMR2300,-21340.0,1493.3,43200.0,48206.5,,,,,,,,RR1715,,
J2-1008,ASNAP,2017/08/23 09:50:12,45.82969186,-129.75936170,20608.710286,-9667.163178,1.77,-1.6,0.4,0.00,2485.77,2485.77,HMR2300,-20913.3,1526.7,43773.3,48536.6,,,,,,,,RR1715,,
J2-1008,ASNAP,2017/08/23 09:50:17,45.82969008,-129.75936068,20608.789080,-9667.360756,1.84,-1.6,0.3,0.00,2485.38,2485.38,HMR2300,-21240.0,1440.0,43320.0,48268.3,,,,,,,,RR1715,,
J2-1008,ASNAP,2017/08/23 09:50:22,45.82968830,-129.75935989,20608.850509,-9667.558757,1.94,-1.6,0.3,0.00,2485.00,2485,HMR2300,-21166.7,1666.7,43393.3,48309.3,,,,,,,,RR1715,,
J2-1008,ASNAP,2017/08/23 09:50:27,45.82968655,-129.75935930,20608.896583,-9667.752697,2.00,-1.7,0.3,0.00,2484.33,2484.33,HMR2300,-21106.7,1546.7,43586.7,48452.9,,,,,,,,RR1715,,
J2-1008,ASNAP,2017/08/23 09:50:32,45.82968475,-129.75935887,20608.929199,-9667.952931,1.37,-1.6,0.6,0.00,2483.48,2483.48,HMR2300,-21220.0,1286.7,43226.7,48171.5,,,,,,,,RR1715,,
J2-1008,ASNAP,2017/08/23 09:50:37,45.82968274,-129.75935860,20608.950668,-9668.176832,1.80,-1.8,0.5,0.00,2482.52,2482.52,HMR2300,-21340.0,1200.0,43613.3,48569.1,,,,,,,,RR1715,,
J2-1008,EVT,2017/08/23 09:50:40,45.82968153,-129.75935853,20608.956139,-9668.311590,1.95,-1.6,0.3,0.00,2482.01,2482.01,HMR2300,-20820.0,1540.0,43726.7,48454.8,,,,,,,,RR1715,DLG,TXT: vehicle at 2320 m USR:eventlogger
J2-1008,ASNAP,2017/08/23 09:50:42,45.82968074,-129.75935852,20608.956764,-9668.399172,1.87,-1.7,0.3,0.00,2481.74,2481.74,HMR2300,-21040.0,1733.3,43313.3,48184.3,,,,,,,,RR1715,,
J2-1008,EVT,2017/08/23 09:50:46,45.82967918,-129.75935859,20608.950987,-9668.572162,2.19,-1.6,0.2,0.00,2480.93,2480.93,HMR2300,-21120.0,1540.0,43720.0,48578.4,,,,,,,,RR1715,DLG,TXT: Jason at 2481 m USR:eventlogger
J2-1008,ASNAP,2017/08/23 09:50:47,45.82967878,-129.75935863,20608.948069,-9668.616454,2.22,-1.6,0.2,0.00,2480.64,2480.64,HMR2300,-20826.7,1826.7,43533.3,48293.2,,,,,,,,RR1715,,
J2-1008,ASNAP,2017/08/23 09:50:52,45.82967675,-129.75935893,20608.924552,-9668.842101,1.86,-1.7,0.3,0.00,2479.51,2479.51,HMR2300,-21480.0,1440.0,43360.0,48410.3,,,,,,,,RR1715,,
J2-1008,ASNAP,2017/08/23 09:50:57,45.82967470,-129.75935943,20608.886048,-9669.069712,1.82,-1.7,0.3,0.00,2478.30,2478.3,HMR2300,-20813.3,1493.3,43820.0,48534.7,,,,,,,,RR1715,,
J2-1008,ASNAP,2017/08/23 09:51:02,45.82967266,-129.75936012,20608.832968,-9669.296695,2.20,-1.5,0.5,0.00,2477.36,2477.36,HMR2300,-21326.7,1300.0,43633.3,48583.8,,,,,,,,RR1715,,
J2-1008,ASNAP,2017/08/23 09:51:07,45.82967071,-129.75936094,20608.768675,-9669.513935,1.59,-1.6,0.5,0.00,2476.08,2476.08,HMR2300,-21526.7,1300.0,43160.0,48248.0,,,,,,,,RR1715,,
J2-1008,ASNAP,2017/08/23 09:51:12,45.82966878,-129.75936193,20608.691996,-9669.728038,1.48,-1.8,0.5,0.00,2474.76,2474.76,HMR2300,-21240.0,1246.7,43480.0,48406.6,,,,,,,,RR1715,,
J2-1008,ASNAP,2017/08/23 09:51:17,45.82966685,-129.75936308,20608.602663,-9669.942388,1.94,-1.9,0.5,0.00,2473.49,2473.49,HMR2300,-21386.7,1473.3,43386.7,48393.8,,,,,,,,RR1715,,
J2-1008,ASNAP,2017/08/23 09:51:22,45.82966495,-129.75936438,20608.501870,-9670.154447,2.17,-1.6,0.3,0.00,2472.28,2472.28,HMR2300,-21160.0,1733.3,43520.0,48422.5,,,,,,,,RR1715,,
J2-1008,ASNAP,2017/08/23 09:51:27,45.82966307,-129.75936581,20608.391507,-9670.362757,2.36,-1.8,0.1,0.00,2471.45,2471.45,HMR2300,-21346.7,1886.7,43406.7,48408.5,,,,,,,,RR1715,,
J2-1008,ASNAP,2017/08/23 09:51:32,45.82966130,-129.75936727,20608.277691,-9670.559388,2.14,-2.2,0.0,0.00,2470.51,2470.51,HMR2300,-21666.7,1906.7,43246.7,48408.2,,,,,,,,RR1715,,
J2-1008,ASNAP,2017/08/23 09:51:37,45.82965953,-129.75936886,20608.154908,-9670.756630,2.58,-2.0,0.2,0.00,2469.77,2469.77,HMR2300,-21540.0,1820.0,43386.7,48473.6,,,,,,,,RR1715,,
J2-1008,ASNAP,2017/08/23 09:51:42,45.82965777,-129.75937051,20608.026261,-9670.952317,1.03,-1.9,0.5,0.00,2469.16,2469.16,HMR2300,-21326.7,1140.0,43493.3,48454.1,,,,,,,,RR1715,,
J2-1008,ASNAP,2017/08/23 09:51:47,45.82965604,-129.75937221,20607.894895,-9671.144142,2.11,-1.8,0.5,0.00,2468.70,2468.7,HMR2300,-21446.7,1526.7,43346.7,48386.2,,,,,,,,RR1715,,
J2-1008,ASNAP,2017/08/23 09:51:52,45.82965432,-129.75937394,20607.760557,-9671.335674,1.75,-1.8,0.4,0.00,2468.01,2468.01,HMR2300,-21273.3,1400.0,43546.7,48485.3,,,,,,,,RR1715,,
J2-1008,ASNAP,2017/08/23 09:51:57,45.82965269,-129.75937559,20607.632260,-9671.516988,2.20,-1.8,0.4,0.00,2467.28,2467.28,HMR2300,-21333.3,1533.3,43526.7,48497.8,,,,,,,,RR1715,,
J2-1008,ASNAP,2017/08/23 09:52:02,45.82965096,-129.75937733,20607.497637,-9671.708469,1.87,-1.8,0.5,0.00,2466.48,2466.48,HMR2300,-21446.7,1313.3,43460.0,48481.5,,,,,,,,RR1715,,
J2-1008,ASNAP,2017/08/23 09:52:07,45.82964963,-129.75937865,20607.394745,-9671.856355,2.26,-1.6,0.3,0.00,2465.84,2465.84,HMR2300,-21326.7,1646.7,43520.0,48492.6,,,,,,,,RR1715,,
J2-1008,ASNAP,2017/08/23 09:52:12,45.82964874,-129.75937952,20607.327731,-9671.955384,2.43,-1.5,0.3,0.00,2465.00,2465,HMR2300,-21146.7,1706.7,43613.3,48499.7,,,,,,,,RR1715,,
J2-1008,ASNAP,2017/08/23 09:52:17,45.82964723,-129.75938094,20607.217117,-9672.123906,1.81,-1.6,0.3,0.00,2464.19,2464.19,HMR2300,-21193.3,1533.3,43546.7,48454.3,,,,,,,,RR1715,,
J2-1008,ASNAP,2017/08/23 09:52:22,45.82964550,-129.75938249,20607.096702,-9672.315792,2.58,-1.5,0.3,0.00,2463.36,2463.36,HMR2300,-21286.7,1853.3,43393.3,48368.8,,,,,,,,RR1715,,
J2-1008,ASNAP,2017/08/23 09:52:27,45.82964415,-129.75938366,20607.006451,-9672.466048,2.21,-1.6,0.4,0.00,2462.73,2462.73,HMR2300,-21373.3,1660.0,43400.0,48405.9,,,,,,,,RR1715,,
J2-1008,ASNAP,2017/08/23 09:52:32,45.82964356,-129.75938414,20606.968784,-9672.531718,1.77,-2.0,0.4,0.00,2461.90,2461.9,HMR2300,-21566.7,1440.0,43320.0,48413.0,,,,,,,,RR1715,,
J2-1008,ASNAP,2017/08/23 09:52:37,45.82964318,-129.75938444,20606.945994,-9672.573932,1.44,-1.7,0.4,0.00,2461.02,2461.02,HMR2300,-21300.0,1400.0,43493.3,48449.1,,,,,,,,RR1715,,
J2-1008,ASNAP,2017/08/23 09:52:42,45.82964246,-129.75938499,20606.902917,-9672.653361,1.94,-1.4,0.4,0.00,2460.11,2460.11,HMR2300,-21126.7,1606.7,43593.3,48469.5,,,,,,,,RR1715,,
J2-1008,ASNAP,2017/08/23 09:52:47,45.82964108,-129.75938600,20606.824548,-9672.807450,1.93,-1.3,0.3,0.00,2459.44,2459.44,HMR2300,-21073.3,1613.3,43586.7,48440.5,,,,,,,,RR1715,,
J2-1008,ASNAP,2017/08/23 09:52:52,45.82963933,-129.75938717,20606.733901,-9673.001554,2.15,-1.8,0.3,0.00,2458.54,2458.54,HMR2300,-21546.7,1640.0,43366.7,48452.2,,,,,,,,RR1715,,
J2-1008,ASNAP,2017/08/23 09:52:57,45.82963759,-129.75938819,20606.654700,-9673.194579,1.66,-1.5,0.4,0.00,2457.61,2457.61,HMR2300,-21113.3,1546.7,43613.3,48479.8,,,,,,,,RR1715,,
J2-1008,ASNAP,2017/08/23 09:53:02,45.82963587,-129.75938905,20606.587776,-9673.385660,1.71,-1.5,0.6,0.00,2456.64,2456.64,HMR2300,-21080.0,1400.0,43593.3,48442.8,,,,,,,,RR1715,,
J2-1008,ASNAP,2017/08/23 09:53:07,45.82963424,-129.75938973,20606.535692,-9673.566893,1.73,-1.5,0.6,0.00,2455.89,2455.89,HMR2300,-21260.0,1373.3,43526.7,48460.8,,,,,,,,RR1715,,
J2-1008,ASNAP,2017/08/23 09:53:12,45.82963267,-129.75939022,20606.497054,-9673.742085,1.82,-1.5,0.6,0.00,2454.91,2454.91,HMR2300,-21100.0,1440.0,43686.7,48536.7,,,,,,,,RR1715,,
J2-1008,ASNAP,2017/08/23 09:53:17,45.82963126,-129.75939053,20606.473367,-9673.898086,2.75,-1.3,0.6,0.00,2454.00,2454,HMR2300,-21233.3,1680.0,43540.0,48470.7,,,,,,,,RR1715,,
J2-1008,ASNAP,2017/08/23 09:53:22,45.82962977,-129.75939068,20606.461436,-9674.064413,2.61,-1.2,0.4,0.00,2453.15,2453.15,HMR2300,-20933.3,1820.0,43740.0,48525.3,,,,,,,,RR1715,,
J2-1008,ASNAP,2017/08/23 09:53:27,45.82962829,-129.75939065,20606.464204,-9674.228352,1.89,-2.0,0.4,0.00,2452.57,2452.57,HMR2300,-21586.7,1733.3,43406.7,48509.0,,,,,,,,RR1715,,
J2-1008,ASNAP,2017/08/23 09:53:32,45.82962697,-129.75939042,20606.481834,-9674.375646,0.91,-2.0,0.2,0.00,2451.81,2451.81,HMR2300,-21453.3,1400.0,43413.3,48445.1,,,,,,,,RR1715,,
J2-1008,ASNAP,2017/08/23 09:53:37,45.82962571,-129.75938999,20606.515324,-9674.515545,2.02,-1.7,0.6,0.00,2451.01,2451.01,HMR2300,-21286.7,1386.7,43540.0,48484.8,,,,,,,,RR1715,,
J2-1008,ASNAP,2017/08/23 09:53:42,45.82962453,-129.75938936,20606.564323,-9674.646526,2.42,-1.5,0.6,0.00,2450.22,2450.22,HMR2300,-21300.0,1693.3,43473.3,48440.6,,,,,,,,RR1715,,
J2-1008,EVT,2017/08/23 09:53:45,45.82962388,-129.75938889,20606.600694,-9674.718615,2.55,-1.4,0.6,0.00,2449.84,2449.84,HMR2300,-21246.7,1660.0,43546.7,48481.8,,,,,,,,RR1715,DLG,TXT: Jason depth 2450 m USR:eventlogger
J2-1008,ASNAP,2017/08/23 09:53:47,45.82962347,-129.75938853,20606.628201,-9674.764751,1.83,-1.6,0.2,0.00,2449.66,2449.66,HMR2300,-21273.3,1640.0,43640.0,48576.7,,,,,,,,RR1715,,
J2-1008,ASNAP,2017/08/23 09:53:52,45.82962251,-129.75938752,20606.706730,-9674.871429,1.65,-1.5,0.4,0.00,2448.84,2448.84,HMR2300,-21340.0,1473.3,43506.7,48480.9,,,,,,,,RR1715,,
J2-1008,ASNAP,2017/08/23 09:53:57,45.82962170,-129.75938639,20606.794634,-9674.961457,1.35,-1.5,0.5,0.00,2447.95,2447.95,HMR2300,-21100.0,1320.0,43666.7,48515.3,,,,,,,,RR1715,,
J2-1008,ASNAP,2017/08/23 09:54:02,45.82962097,-129.75938506,20606.897813,-9675.041791,1.00,-1.2,0.3,0.00,2447.24,2447.24,HMR2300,-20820.0,1473.3,43766.7,48488.8,,,,,,,,RR1715,,
J2-1008,ASNAP,2017/08/23 09:54:07,45.82962037,-129.75938359,20607.011799,-9675.109355,2.03,-1.4,0.2,0.00,2446.32,2446.32,HMR2300,-21166.7,1826.7,43580.0,48482.8,,,,,,,,RR1715,,
J2-1008,ASNAP,2017/08/23 09:54:12,45.82961988,-129.75938199,20607.135576,-9675.163708,2.02,-1.6,0.2,0.00,2445.43,2445.43,HMR2300,-21420.0,1740.0,43480.0,48501.1,,,,,,,,RR1715,,
J2-1008,ASNAP,2017/08/23 09:54:17,45.82961951,-129.75938031,20607.266149,-9675.205090,1.37,-2.2,0.2,0.00,2444.57,2444.57,HMR2300,-21800.0,1626.7,43293.3,48499.5,,,,,,,,RR1715,,
J2-1008,ASNAP,2017/08/23 09:54:22,45.82961926,-129.75937862,20607.397296,-9675.232627,1.70,-2.3,0.3,0.00,2443.86,2443.86,HMR2300,-21786.7,1513.3,43300.0,48495.8,,,,,,,,RR1715,,
J2-1008,ASNAP,2017/08/23 09:54:27,45.82961911,-129.75937681,20607.537555,-9675.249067,2.37,-2.1,0.2,0.00,2442.94,2442.94,HMR2300,-21613.3,1806.7,43433.3,48547.4,,,,,,,,RR1715,,
J2-1008,ASNAP,2017/08/23 09:54:32,45.82961907,-129.75937501,20607.677185,-9675.253360,1.79,-1.8,0.4,0.00,2442.07,2442.07,HMR2300,-21500.0,1666.7,43433.3,48492.1,,,,,,,,RR1715,,
J2-1008,ASNAP,2017/08/23 09:54:37,45.82961914,-129.75937318,20607.819450,-9675.245694,1.75,-1.7,0.3,0.00,2441.19,2441.19,HMR2300,-21426.7,1633.3,43460.0,48482.4,,,,,,,,RR1715,,
J2-1008,ASNAP,2017/08/23 09:54:42,45.82961930,-129.75937142,20607.956014,-9675.227425,1.16,-1.5,0.4,0.00,2440.51,2440.51,HMR2300,-21173.3,1246.7,43686.7,48563.2,,,,,,,,RR1715,,
J2-1008,ASNAP,2017/08/23 09:54:47,45.82961955,-129.75936977,20608.083865,-9675.199633,1.94,-1.7,0.3,0.00,2439.57,2439.57,HMR2300,-21420.0,1793.3,43420.0,48449.2,,,,,,,,RR1715,,
J2-1008,ASNAP,2017/08/23 09:54:52,45.82961990,-129.75936813,20608.210889,-9675.161133,2.65,-1.4,0.3,0.00,2438.59,2438.59,HMR2300,-21320.0,1940.0,43500.0,48482.5,,,,,,,,RR1715,,
J2-1008,ASNAP,2017/08/23 09:54:57,45.82962033,-129.75936658,20608.331510,-9675.113071,2.65,-1.4,0.2,0.00,2437.65,2437.65,HMR2300,-21426.7,1973.3,43433.3,48471.1,,,,,,,,RR1715,,
J2-1008,ASNAP,2017/08/23 09:55:02,45.82962084,-129.75936515,20608.442483,-9675.056817,1.80,-1.6,0.5,0.00,2436.96,2436.96,HMR2300,-21146.7,1673.3,43680.0,48558.5,,,,,,,,RR1715,,
J2-1008,ASNAP,2017/08/23 09:55:07,45.82962139,-129.75936389,20608.539762,-9674.995785,2.33,-2.3,0.3,0.00,2436.05,2436.05,HMR2300,-21766.7,1860.0,43313.3,48510.7,,,,,,,,RR1715,,
J2-1008,ASNAP,2017/08/23 09:55:12,45.82962200,-129.75936277,20608.627026,-9674.928170,1.90,-2.1,0.4,0.00,2435.18,2435.18,HMR2300,-21453.3,1613.3,43586.7,48607.1,,,,,,,,RR1715,,
J2-1008,ASNAP,2017/08/23 09:55:17,45.82962266,-129.75936177,20608.704840,-9674.854341,2.18,-1.9,0.4,0.00,2434.33,2434.33,HMR2300,-21626.7,1693.3,43346.7,48471.8,,,,,,,,RR1715,,
J2-1008,ASNAP,2017/08/23 09:55:22,45.82962336,-129.75936092,20608.770292,-9674.777169,1.34,-2.0,0.5,0.00,2433.71,2433.71,HMR2300,-21466.7,1300.0,43566.7,48585.6,,,,,,,,RR1715,,
J2-1008,ASNAP,2017/08/23 09:55:27,45.82962408,-129.75936022,20608.824762,-9674.696506,2.24,-1.8,0.4,0.00,2432.83,2432.83,HMR2300,-21473.3,1673.3,43520.0,48558.2,,,,,,,,RR1715,,
J2-1008,ASNAP,2017/08/23 09:55:32,45.82962478,-129.75935969,20608.865977,-9674.618304,1.65,-1.9,0.3,0.00,2431.93,2431.93,HMR2300,-21386.7,1580.0,43573.3,48564.6,,,,,,,,RR1715,,
J2-1008,ASNAP,2017/08/23 09:55:37,45.82962551,-129.75935928,20608.897684,-9674.537604,1.61,-1.8,0.5,0.00,2431.00,2431,HMR2300,-21513.3,1346.7,43520.0,48565.7,,,,,,,,RR1715,,
J2-1008,ASNAP,2017/08/23 09:55:42,45.82962623,-129.75935900,20608.919665,-9674.457733,1.77,-1.5,0.6,0.00,2430.29,2430.29,HMR2300,-21253.3,1400.0,43673.3,48590.4,,,,,,,,RR1715,,
J2-1008,ASNAP,2017/08/23 09:55:47,45.82962692,-129.75935884,20608.932234,-9674.380722,2.46,-1.4,0.5,0.00,2429.39,2429.39,HMR2300,-21280.0,1866.7,43586.7,48539.9,,,,,,,,RR1715,,
J2-1008,ASNAP,2017/08/23 09:55:52,45.82962758,-129.75935878,20608.936815,-9674.307182,2.04,-1.9,0.3,0.00,2428.58,2428.58,HMR2300,-21553.3,1793.3,43506.7,48585.9,,,,,,,,RR1715,,
J2-1008,ASNAP,2017/08/23 09:55:57,45.82962817,-129.75935880,20608.934611,-9674.241881,2.21,-2.3,0.4,0.00,2427.89,2427.89,HMR2300,-22093.3,1693.3,43153.3,48509.7,,,,,,,,RR1715,,
J2-1008,ASNAP,2017/08/23 09:56:02,45.82962872,-129.75935890,20608.926915,-9674.180962,2.30,-2.0,0.4,0.00,2427.41,2427.41,HMR2300,-21700.0,1593.3,43533.3,48668.1,,,,,,,,RR1715,,
J2-1008,ASNAP,2017/08/23 09:56:07,45.82962920,-129.75935906,20608.915183,-9674.127822,1.47,-1.4,0.5,0.00,2426.82,2426.82,HMR2300,-21106.7,1513.3,43726.7,48577.8,,,,,,,,RR1715,,
J2-1008,ASNAP,2017/08/23 09:56:12,45.82962959,-129.75935924,20608.900767,-9674.083674,2.53,-1.5,0.5,0.00,2426.17,2426.17,HMR2300,-21406.7,1806.7,43540.0,48551.4,,,,,,,,RR1715,,
J2-1008,ASNAP,2017/08/23 09:56:17,45.82962989,-129.75935943,20608.885786,-9674.050707,3.64,-1.5,0.5,0.00,2425.45,2425.45,HMR2300,-21433.3,2166.7,43480.0,48524.1,,,,,,,,RR1715,,
J2-1008,ASNAP,2017/08/23 09:56:22,45.82963007,-129.75935961,20608.872166,-9674.030464,3.46,-1.5,0.3,0.00,2424.87,2424.87,HMR2300,-21446.7,2273.3,43500.0,48552.8,,,,,,,,RR1715,,
J2-1008,ASNAP,2017/08/23 09:56:27,45.82963014,-129.75935976,20608.860850,-9674.022602,1.77,-1.7,0.3,0.00,2424.10,2424.1,HMR2300,-21420.0,1733.3,43506.7,48524.7,,,,,,,,RR1715,,
J2-1008,ASNAP,2017/08/23 09:56:32,45.82963008,-129.75935984,20608.854543,-9674.029577,1.85,-1.5,0.3,0.00,2423.24,2423.24,HMR2300,-21306.7,1666.7,43573.3,48532.3,,,,,,,,RR1715,,
J2-1008,ASNAP,2017/08/23 09:56:37,45.82962988,-129.75935983,20608.855275,-9674.052390,1.74,-1.5,0.5,0.00,2422.28,2422.28,HMR2300,-21260.0,1480.0,43600.0,48529.8,,,,,,,,RR1715,,
J2-1008,ASNAP,2017/08/23 09:56:42,45.82962952,-129.75935970,20608.865162,-9674.091882,1.73,-1.1,0.5,0.00,2421.53,2421.53,HMR2300,-21033.3,1560.0,43820.0,48631.5,,,,,,,,RR1715,,
J2-1008,ASNAP,2017/08/23 09:56:47,45.82962901,-129.75935943,20608.886438,-9674.148870,1.87,-1.5,0.4,0.00,2420.57,2420.57,HMR2300,-21253.3,1693.3,43620.0,48551.8,,,,,,,,RR1715,,
J2-1008,ASNAP,2017/08/23 09:56:52,45.82962833,-129.75935898,20608.921275,-9674.223810,1.79,-1.5,0.4,0.00,2419.64,2419.64,HMR2300,-21253.3,1673.3,43620.0,48551.1,,,,,,,,RR1715,,
J2-1008,ASNAP,2017/08/23 09:56:57,45.82962750,-129.75935833,20608.971789,-9674.316885,1.38,-1.9,0.3,0.00,2418.72,2418.72,HMR2300,-21560.0,1513.3,43500.0,48573.4,,,,,,,,RR1715,,
J2-1008,ASNAP,2017/08/23 09:57:02,45.82962649,-129.75935744,20609.040189,-9674.428412,0.69,-2.6,0.2,0.00,2418.04,2418.04,HMR2300,-22046.7,1320.0,43186.7,48506.6,,,,,,,,RR1715,,
J2-1008,ASNAP,2017/08/23 09:57:07,45.82962532,-129.75935631,20609.128459,-9674.558284,0.40,-2.7,0.2,0.00,2417.21,2417.21,HMR2300,-21920.0,1246.7,43400.0,48637.4,,,,,,,,RR1715,,
J2-1008,ASNAP,2017/08/23 09:57:12,45.82962399,-129.75935488,20609.238735,-9674.706680,1.53,-1.8,0.3,0.00,2416.44,2416.44,HMR2300,-21480.0,1780.0,43566.7,48606.7,,,,,,,,RR1715,,
J2-1008,ASNAP,2017/08/23 09:57:17,45.82962249,-129.75935316,20609.372835,-9674.873469,3.80,-1.6,0.0,0.00,2415.72,2415.72,HMR2300,-21580.0,2606.7,43406.7,48545.1,,,,,,,,RR1715,,
J2-1008,ASNAP,2017/08/23 09:57:22,45.82962083,-129.75935110,20609.532216,-9675.058261,1.70,-1.5,0.2,0.00,2415.15,2415.15,HMR2300,-21293.3,1633.3,43693.3,48633.1,,,,,,,,RR1715,,
J2-1008,ASNAP,2017/08/23 09:57:27,45.82961901,-129.75934871,20609.717706,-9675.260303,1.79,-1.5,0.4,0.00,2414.36,2414.36,HMR2300,-21386.7,1746.7,43500.0,48504.5,,,,,,,,RR1715,,
J2-1008,EVT,2017/08/23 09:57:30,45.82961784,-129.75934711,20609.841905,-9675.389650,1.81,-1.4,0.4,0.00,2413.94,2413.94,HMR2300,-20986.7,1866.7,43873.3,48670.3,,,,,,,,RR1715,DLG,TXT: vehilce spotted on sonar USR:eventlogger
J2-1008,ASNAP,2017/08/23 09:57:32,45.82961704,-129.75934597,20609.930114,-9675.479163,1.58,-1.5,0.4,0.00,2413.58,2413.58,HMR2300,-21300.0,1706.7,43720.0,48662.5,,,,,,,,RR1715,,
J2-1008,ASNAP,2017/08/23 09:57:37,45.82961492,-129.75934288,20610.169937,-9675.714444,1.63,-1.3,0.5,0.00,2413.34,2413.34,HMR2300,-21166.7,1426.7,43800.0,48667.3,,,,,,,,RR1715,,
J2-1008,ASNAP,2017/08/23 09:57:42,45.82961267,-129.75933945,20610.436531,-9675.965055,1.90,-1.1,0.3,0.00,2413.66,2413.66,HMR2300,-21326.7,1526.7,43713.3,48662.2,,,,,,,,RR1715,,
J2-1008,ASNAP,2017/08/23 09:57:47,45.82961028,-129.75933568,20610.728801,-9676.229967,2.45,-1.2,0.5,0.00,2414.18,2414.18,HMR2300,-21240.0,1966.7,43660.0,48592.2,,,,,,,,RR1715,,
J2-1008,EVT,2017/08/23 09:57:51,45.82960830,-129.75933245,20610.979208,-9676.450794,2.02,-2.0,0.2,0.00,2414.24,2414.24,HMR2300,-21600.0,1606.7,43413.3,48516.6,,,,,,,,RR1715,DLG,TXT: visual on vehicle USR:eventlogger
J2-1008,ASNAP,2017/08/23 09:57:52,45.82960779,-129.75933161,20611.044067,-9676.507249,1.79,-1.6,0.5,0.00,2414.19,2414.19,HMR2300,-21520.0,1420.0,43666.7,48702.2,,,,,,,,RR1715,,
J2-1008,ASNAP,2017/08/23 09:57:57,45.82960518,-129.75932727,20611.381227,-9676.796882,2.51,-1.7,0.5,0.00,2413.87,2413.87,HMR2300,-21453.3,2113.3,43586.7,48626.2,,,,,,,,RR1715,,
J2-1008,ASNAP,2017/08/23 09:58:02,45.82960248,-129.75932268,20611.737341,-9677.097727,1.53,-1.5,0.0,0.00,2413.69,2413.69,HMR2300,-21473.3,1820.0,43566.7,48605.3,,,,,,,,RR1715,,
J2-1008,ASNAP,2017/08/23 09:58:07,45.82959968,-129.75931789,20612.108651,-9677.408474,1.54,-1.3,0.1,0.00,2413.76,2413.76,HMR2300,-21033.3,1786.7,44000.0,48801.6,,,,,,,,RR1715,,
J2-1008,ASNAP,2017/08/23 09:58:12,45.82959681,-129.75931297,20612.490898,-9677.727922,1.66,-1.6,0.4,0.00,2413.99,2413.99,HMR2300,-21386.7,1773.3,43540.0,48541.4,,,,,,,,RR1715,,
J2-1008,ASNAP,2017/08/23 09:58:17,45.82959386,-129.75930795,20612.879837,-9678.055359,1.76,-1.8,0.2,0.00,2413.97,2413.97,HMR2300,-21366.7,1873.3,43726.7,48703.9,,,,,,,,RR1715,,
J2-1008,ASNAP,2017/08/23 09:58:22,45.82959086,-129.75930292,20613.269919,-9678.389385,1.75,-1.9,0.1,0.00,2413.81,2413.81,HMR2300,-21593.3,1980.0,43393.3,48509.5,,,,,,,,RR1715,,
J2-1008,ASNAP,2017/08/23 09:58:27,45.82958780,-129.75929795,20613.655830,-9678.729108,1.80,-1.7,0.3,0.00,2413.69,2413.69,HMR2300,-21426.7,1666.7,43820.0,48806.5,,,,,,,,RR1715,,
J2-1008,ASNAP,2017/08/23 09:58:32,45.82958470,-129.75929310,20614.032358,-9679.073985,1.86,-1.7,0.3,0.00,2413.85,2413.85,HMR2300,-21513.3,1973.3,43433.3,48509.5,,,,,,,,RR1715,,
J2-1008,ASNAP,2017/08/23 09:58:37,45.82958154,-129.75928842,20614.395155,-9679.424512,1.87,-1.8,0.3,0.00,2414.04,2414.04,HMR2300,-21606.7,1786.7,43493.3,48597.4,,,,,,,,RR1715,,
J2-1008,ASNAP,2017/08/23 09:58:42,45.82957840,-129.75928407,20614.732972,-9679.773325,3.72,-1.5,0.1,0.00,2414.02,2414.02,HMR2300,-21586.7,2560.0,43480.0,48611.2,,,,,,,,RR1715,,
J2-1008,ASNAP,2017/08/23 09:58:47,45.82957534,-129.75928016,20615.036109,-9680.114198,1.90,-1.4,0.2,0.00,2413.93,2413.93,HMR2300,-21380.0,1713.3,43713.3,48691.8,,,,,,,,RR1715,,
J2-1008,ASNAP,2017/08/23 09:58:52,45.82957215,-129.75927648,20615.321210,-9680.469078,1.91,-1.5,0.3,0.00,2413.78,2413.78,HMR2300,-21220.0,1933.3,43720.0,48636.0,,,,,,,,RR1715,,
J2-1008,ASNAP,2017/08/23 09:58:57,45.82956907,-129.75927337,20615.562984,-9680.810652,1.89,-1.7,0.2,0.00,2413.86,2413.86,HMR2300,-21613.3,1913.3,43300.0,48432.3,,,,,,,,RR1715,,
J2-1008,EVT,2017/08/23 09:58:58,45.82956845,-129.75927279,20615.607655,-9680.880039,1.89,-1.7,0.3,0.00,2413.86,2413.86,HMR2300,-21346.7,1726.7,43920.0,48863.4,,,,,,,,RR1715,DLG,Sample: Niskin vehicle out of sight USR:eventlogger
J2-1008,ASNAP,2017/08/23 09:59:02,45.82956589,-129.75927063,20615.775748,-9681.164111,1.93,-1.7,0.2,0.00,2413.99,2413.99,HMR2300,-21306.7,2080.0,43573.3,48548.3,,,,,,,,RR1715,,
J2-1008,EVT,2017/08/23 09:59:07,45.82956293,-129.75926850,20615.940349,-9681.493331,2.04,-1.5,0.0,0.00,2414.00,2414,HMR2300,-21193.3,2186.7,43633.3,48557.3,,,,,,,,RR1715,DLG,Sample: Niskin USR:eventlogger
J2-1008,ASNAP,2017/08/23 09:59:07,45.82956293,-129.75926850,20615.940349,-9681.493331,2.04,-1.5,0.0,0.00,2414.00,2414,HMR2300,-21280.0,1860.0,43780.0,48713.3,,,,,,,,RR1715,,
J2-1008,ASNAP,2017/08/23 09:59:12,45.82956007,-129.75926695,20616.061138,-9681.811692,2.07,-1.6,0.2,0.00,2413.85,2413.85,HMR2300,-21306.7,1953.3,43886.7,48824.5,,,,,,,,RR1715,,
J2-1008,ASNAP,2017/08/23 09:59:17,45.82955694,-129.75926576,20616.153092,-9682.159602,2.10,-1.9,0.2,0.00,2413.79,2413.79,HMR2300,-21506.7,2086.7,43453.3,48529.2,,,,,,,,RR1715,,
J2-1008,ASNAP,2017/08/23 09:59:22,45.82955400,-129.75926520,20616.196727,-9682.485648,2.12,-2.1,0.1,0.00,2413.89,2413.89,HMR2300,-21626.7,2173.3,43353.3,48496.9,,,,,,,,RR1715,,
J2-1008,EVT,2017/08/23 09:59:22,45.82955400,-129.75926520,20616.196727,-9682.485648,2.12,-2.1,0.1,0.00,2413.89,2413.89,HMR2300,-21860.0,1826.7,43313.3,48551.4,,,,,,,,RR1715,DLG,Sample: Niskin USR:eventlogger
J2-1008,ASNAP,2017/08/23 09:59:27,45.82955103,-129.75926523,20616.194716,-9682.816500,2.21,-1.9,0.1,0.00,2414.03,2414.03,HMR2300,-21646.7,2020.0,43480.0,48612.4,,,,,,,,RR1715,,
J2-1008,ASNAP,2017/08/23 09:59:32,45.82954820,-129.75926582,20616.148706,-9683.130282,2.29,-1.8,0.1,0.00,2413.96,2413.96,HMR2300,-21593.3,2253.3,43393.3,48521.4,,,,,,,,RR1715,,
J2-1008,ASNAP,2017/08/23 09:59:37,45.82954548,-129.75926700,20616.056811,-9683.432823,4.74,-1.6,0.1,0.00,2413.82,2413.82,HMR2300,-21933.3,2920.0,43300.0,48626.0,,,,,,,,RR1715,,
J2-1008,EVT,2017/08/23 09:59:37,45.82954548,-129.75926700,20616.056811,-9683.432823,4.74,-1.6,0.1,0.00,2413.82,2413.82,HMR2300,-21933.3,2920.0,43300.0,48626.0,,,,,,,,RR1715,DLG,TXT: total 4 niskins fired this dive USR:eventlogger
J2-1008,ASNAP,2017/08/23 09:59:42,45.82954282,-129.75926876,20615.920707,-9683.729010,5.54,-1.6,0.1,0.00,2413.80,2413.8,HMR2300,-22133.3,3300.0,42893.3,48379.9,,,,,,,,RR1715,,
J2-1008,ASNAP,2017/08/23 09:59:47,45.82954038,-129.75927096,20615.750021,-9683.999635,5.57,-1.7,0.0,0.00,2413.97,2413.97,HMR2300,-21786.7,3106.7,43346.7,48613.2,,,,,,,,RR1715,,
J2-1008,ASNAP,2017/08/23 09:59:52,45.82953798,-129.75927373,20615.534853,-9684.266454,2.58,-2.3,0.0,0.00,2414.08,2414.08,HMR2300,-21893.3,2200.0,43360.0,48623.5,,,,,,,,RR1715,,
J2-1008,ASNAP,2017/08/23 09:59:57,45.82953580,-129.75927683,20615.294545,-9684.509297,3.03,-1.4,-0.1,0.00,2414.02,2414.02,HMR2300,-21493.3,2673.3,43313.3,48426.8,,,,,,,,RR1715,,
J2-1008,ASNAP,2017/08/23 10:00:02,45.82953369,-129.75928041,20615.016653,-9684.743026,3.95,-2.3,0.0,0.00,2413.97,2413.97,HMR2300,-22153.3,2626.7,43006.7,48448.4,,,,,,,,RR1715,,
J2-1008,ASNAP,2017/08/23 10:00:07,45.82953181,-129.75928412,20614.729013,-9684.952145,5.89,-1.5,0.2,0.00,2413.93,2413.93,HMR2300,-21860.0,3453.3,42940.0,48307.6,,,,,,,,RR1715,,
J2-1008,ASNAP,2017/08/23 10:00:12,45.82953016,-129.75928786,20614.438375,-9685.135435,4.37,-1.1,-0.2,0.00,2413.89,2413.89,HMR2300,-21260.0,3026.7,43520.0,48529.8,,,,,,,,RR1715,,
J2-1008,ASNAP,2017/08/23 10:00:17,45.82952844,-129.75929225,20614.097700,-9685.326782,4.34,-0.9,0.3,0.00,2413.85,2413.85,HMR2300,-21173.3,2533.3,43460.0,48409.7,,,,,,,,RR1715,,
J2-1008,ASNAP,2017/08/23 10:00:22,45.82952692,-129.75929659,20613.760998,-9685.496349,5.44,-1.3,0.3,0.00,2413.85,2413.85,HMR2300,-21246.7,3073.3,43613.3,48610.6,,,,,,,,RR1715,,
J2-1008,ASNAP,2017/08/23 10:00:27,45.82952546,-129.75930117,20613.405810,-9685.657968,4.91,-1.1,0.0,0.00,2413.90,2413.9,HMR2300,-21586.7,2713.3,43486.7,48625.5,,,,,,,,RR1715,,
J2-1008,EVT,2017/08/23 10:00:28,45.82952518,-129.75930212,20613.332643,-9685.689553,4.89,-1.6,0.2,0.00,2413.91,2413.91,HMR2300,-21886.7,2613.3,43320.0,48605.3,,,,,,,,RR1715,DLG,TXT: Jason at 2414 m for niskins USR:eventlogger
J2-1008,ASNAP,2017/08/23 10:00:32,45.82952413,-129.75930572,20613.052740,-9685.806045,6.49,-2.1,0.2,0.00,2413.96,2413.96,HMR2300,-22560.0,3126.7,42773.3,48459.1,,,,,,,,RR1715,,
J2-1008,ASNAP,2017/08/23 10:00:37,45.82952323,-129.75930895,20612.802475,-9685.905499,5.33,-1.7,0.0,0.00,2413.94,2413.94,HMR2300,-21640.0,2680.0,43586.7,48736.7,,,,,,,,RR1715,,
J2-1008,ASNAP,2017/08/23 10:00:42,45.82952255,-129.75931156,20612.599818,-9685.981561,4.95,-1.5,0.4,0.00,2413.88,2413.88,HMR2300,-21713.3,2693.3,43166.7,48395.1,,,,,,,,RR1715,,
J2-1008,ASNAP,2017/08/23 10:00:47,45.82952155,-129.75931552,20612.293054,-9686.093105,5.05,-1.3,0.3,0.00,2413.80,2413.8,HMR2300,-21360.0,2846.7,43666.7,48694.3,,,,,,,,RR1715,,
J2-1008,EVT,2017/08/23 10:00:50,45.82952091,-129.75931810,20612.092704,-9686.164029,4.92,-1.3,0.2,0.00,2413.79,2413.79,HMR2300,-21613.3,2706.7,43393.3,48553.5,,,,,,,,RR1715,DLG,TXT: checking where wire is relative to Jason USR:eventlogger
J2-1008,ASNAP,2017/08/23 10:00:52,45.82952050,-129.75931976,20611.963658,-9686.208963,5.14,-1.5,0.2,0.00,2413.79,2413.79,HMR2300,-21780.0,2973.3,43086.7,48370.1,,,,,,,,RR1715,,
J2-1008,ASNAP,2017/08/23 10:00:57,45.82951956,-129.75932369,20611.658755,-9686.313411,6.03,-1.5,0.3,0.00,2413.85,2413.85,HMR2300,-21946.7,3146.7,42986.7,48367.5,,,,,,,,RR1715,,
J2-1008,ASNAP,2017/08/23 10:01:02,45.82951870,-129.75932734,20611.375756,-9686.409284,5.00,-1.8,0.2,0.00,2413.85,2413.85,HMR2300,-21913.3,2993.3,43020.0,48372.3,,,,,,,,RR1715,,
J2-1008,ASNAP,2017/08/23 10:01:07,45.82951791,-129.75933067,20611.117006,-9686.497115,4.35,-1.8,0.2,0.00,2413.83,2413.83,HMR2300,-21733.3,2520.0,43586.7,48769.7,,,,,,,,RR1715,,
J2-1008,ASNAP,2017/08/23 10:01:12,45.82951719,-129.75933368,20610.884117,-9686.577231,5.56,-2.0,0.2,0.00,2413.83,2413.83,HMR2300,-21806.7,3100.0,43406.7,48675.2,,,,,,,,RR1715,,
J2-1008,ASNAP,2017/08/23 10:01:17,45.82951653,-129.75933635,20610.677097,-9686.650119,3.71,-2.1,-0.1,0.00,2413.27,2413.27,HMR2300,-22086.7,2806.7,43173.3,48576.1,,,,,,,,RR1715,,
J2-1008,ASNAP,2017/08/23 10:01:22,45.82951595,-129.75933867,20610.496627,-9686.715687,3.75,-2.9,0.6,0.00,2412.28,2412.28,HMR2300,-22206.7,1886.7,43220.0,48627.8,,,,,,,,RR1715,,
J2-1008,ASNAP,2017/08/23 10:01:27,45.82951542,-129.75934067,20610.341757,-9686.774131,328.57,-2.0,0.1,0.00,2410.43,2410.43,HMR2300,-13780.0,-8213.3,47106.7,49763.3,,,,,,,,RR1715,,
J2-1008,ASNAP,2017/08/23 10:01:32,45.82951496,-129.75934235,20610.211512,-9686.825436,317.41,-1.6,-0.0,0.00,2408.54,2408.54,HMR2300,-12313.3,-9300.0,47446.7,49892.8,,,,,,,,RR1715,,
J2-1008,ASNAP,2017/08/23 10:01:37,45.82951456,-129.75934373,20610.104449,-9686.869624,322.93,-2.7,1.1,0.00,2405.97,2405.97,HMR2300,-13966.7,-9420.0,46920.0,49852.7,,,,,,,,RR1715,,
J2-1008,ASNAP,2017/08/23 10:01:42,45.82951423,-129.75934483,20610.018630,-9686.906830,322.28,-2.2,0.8,0.00,2403.79,2403.79,HMR2300,-13360.0,-9280.0,47113.3,49842.5,,,,,,,,RR1715,,
J2-1008,ASNAP,2017/08/23 10:01:47,45.82951395,-129.75934569,20609.951800,-9686.937316,322.14,-2.0,1.3,0.00,2400.67,2400.67,HMR2300,-13293.3,-9586.7,47126.7,49895.3,,,,,,,,RR1715,,
J2-1008,ASNAP,2017/08/23 10:01:52,45.82951374,-129.75934634,20609.901976,-9686.961267,322.70,-2.0,0.5,0.00,2397.43,2397.43,HMR2300,-13440.0,-8493.3,47113.3,49723.6,,,,,,,,RR1715,,
J2-1008,ASNAP,2017/08/23 10:01:57,45.8294626,-129.7593541,20609.30,-9692.64,326.83,-1.1,-0.7,0.00,2394.60,2394.6,HMR2300,-13893.3,-6880.0,47220.0,49700.0,,,,,,,,RR1715,,
J2-1008,EVT,2017/08/23 10:01:58,45.8294626,-129.7593541,20609.30,-9692.64,327.27,-1.0,-0.6,0.00,2394.60,2394.6,HMR2300,-13993.3,-7046.7,47140.0,49675.4,,,,,,,,RR1715,DLG,TXT: clarification: 9:58:58 entry was not a niskin fire (unsure why niskin included in entry) USR:eventlogger
J2-1008,ASNAP,2017/08/23 10:02:02,45.8294673,-129.7593149,20612.34,-9692.12,322.22,-1.9,0.5,0.00,2392.71,2392.71,HMR2300,-12933.3,-9093.3,47300.0,49872.3,,,,,,,,RR1715,,
J2-1008,ASNAP,2017/08/23 10:02:07,45.8294253,-129.7593412,20610.30,-9696.79,323.27,-1.2,-0.5,0.00,2389.89,2389.89,HMR2300,-13026.7,-7586.7,47433.3,49771.2,,,,,,,,RR1715,,
J2-1008,EVT,2017/08/23 10:02:11,45.8294255,-129.7593408,20610.33,-9696.77,327.21,-0.9,-0.3,0.00,2387.89,2387.89,HMR2300,-13973.3,-7220.0,47106.7,49663.1,,,,,,,,RR1715,DLG,TXT: begin ascent USR:eventlogger
J2-1008,ASNAP,2017/08/23 10:02:12,45.8294255,-129.7593408,20610.33,-9696.77,327.76,-0.8,-0.1,0.00,2387.29,2387.29,HMR2300,-14006.7,-7306.7,47126.7,49704.1,,,,,,,,RR1715,,
J2-1008,ASNAP,2017/08/23 10:02:17,45.8293895,-129.7593563,20609.13,-9700.77,334.34,-0.6,0.5,0.00,2385.11,2385.11,HMR2300,-15980.0,-5933.3,46513.3,49538.4,,,,,,,,RR1715,,
J2-1008,ASNAP,2017/08/23 10:02:22,45.8293721,-129.7593385,20610.51,-9702.70,10.08,-1.8,1.4,0.00,2383.64,2383.64,HMR2300,-22680.0,3226.7,42840.0,48580.4,,,,,,,,RR1715,,
J2-1008,ASNAP,2017/08/23 10:02:27,45.8293762,-129.7593241,20611.63,-9702.25,358.85,-1.9,0.8,0.00,2381.42,2381.42,HMR2300,-21586.7,313.3,43820.0,48849.5,,,,,,,,RR1715,,
J2-1008,EVT,2017/08/23 10:02:30,45.8294095,-129.7592991,20613.57,-9698.55,359.00,-3.1,0.8,0.00,2380.11,2380.11,HMR2300,-22393.3,313.3,43400.0,48837.7,,,,,,,,RR1715,DLG,TXT: target depth 90 m USR:eventlogger
J2-1008,ASNAP,2017/08/23 10:02:32,45.8293936,-129.7592976,20613.68,-9700.31,359.00,-3.1,1.1,0.00,2378.69,2378.69,HMR2300,-22393.3,140.0,43413.3,48848.7,,,,,,,,RR1715,,
J2-1008,ASNAP,2017/08/23 10:02:37,45.8293983,-129.7592662,20616.12,-9699.79,359.00,-3.3,1.6,0.00,2375.64,2375.64,HMR2300,-22526.7,-286.7,43406.7,48904.7,,,,,,,,RR1715,,
J2-1008,ASNAP,2017/08/23 10:02:42,45.8294124,-129.7592537,20617.09,-9698.22,359.33,-3.0,1.5,0.00,2373.28,2373.28,HMR2300,-22373.3,-106.7,43500.0,48916.5,,,,,,,,RR1715,,
J2-1008,ASNAP,2017/08/23 10:02:47,45.8294061,-129.7592395,20618.19,-9698.92,359.41,-2.8,1.8,0.00,2370.08,2370.08,HMR2300,-22220.0,-306.7,43580.0,48918.7,,,,,,,,RR1715,,
J2-1008,ASNAP,2017/08/23 10:02:52,45.8293834,-129.7592625,20616.41,-9701.45,359.30,-2.7,1.7,0.00,2366.83,2366.83,HMR2300,-22126.7,-273.3,43593.3,48888.1,,,,,,,,RR1715,,
J2-1008,ASNAP,2017/08/23 10:02:57,45.8294045,-129.7592692,20615.89,-9699.10,359.33,-2.7,1.8,0.00,2363.57,2363.57,HMR2300,-22166.7,-246.7,43586.7,48900.1,,,,,,,,RR1715,,
J2-1008,ASNAP,2017/08/23 10:03:02,45.8294241,-129.7592922,20614.10,-9696.92,359.33,-2.6,1.6,0.00,2361.15,2361.15,HMR2300,-21986.7,-46.7,43693.3,48913.4,,,,,,,,RR1715,,
J2-1008,ASNAP,2017/08/23 10:03:07,45.8294278,-129.7592615,20616.48,-9696.51,359.18,-2.6,1.6,0.00,2357.97,2357.97,HMR2300,-22033.3,-100.0,43680.0,48922.6,,,,,,,,RR1715,,
J2-1008,ASNAP,2017/08/23 10:03:12,45.8294307,-129.7592844,20614.71,-9696.19,359.19,-2.3,1.6,0.00,2354.84,2354.84,HMR2300,-21833.3,-146.7,43813.3,48952.3,,,,,,,,RR1715,,
J2-1008,ASNAP,2017/08/23 10:03:17,45.8294258,-129.7592913,20614.17,-9696.74,359.03,-2.4,1.4,0.00,2351.84,2351.84,HMR2300,-21913.3,26.7,43733.3,48916.2,,,,,,,,RR1715,,
J2-1008,ASNAP,2017/08/23 10:03:22,45.8294249,-129.7593002,20613.48,-9696.83,358.98,-2.5,1.4,0.00,2349.63,2349.63,HMR2300,-22026.7,-93.3,43686.7,48925.5,,,,,,,,RR1715,,
J2-1008,ASNAP,2017/08/23 10:03:27,45.8294226,-129.7593023,20613.32,-9697.09,359.08,-2.4,1.4,0.00,2346.68,2346.68,HMR2300,-21946.7,6.7,43740.0,48937.1,,,,,,,,RR1715,,
J2-1008,ASNAP,2017/08/23 10:03:32,45.8294311,-129.7592996,20613.53,-9696.15,358.92,-2.3,1.4,0.00,2343.76,2343.76,HMR2300,-21826.7,-13.3,43860.0,48990.8,,,,,,,,RR1715,,
J2-1008,ASNAP,2017/08/23 10:03:37,45.8294249,-129.7593089,20612.81,-9696.83,358.99,-2.2,1.5,0.00,2340.87,2340.87,HMR2300,-21786.7,-113.3,43826.7,48943.3,,,,,,,,RR1715,,
J2-1008,ASNAP,2017/08/23 10:03:42,45.8294260,-129.7592862,20614.57,-9696.71,359.08,-2.2,1.5,0.00,2338.72,2338.72,HMR2300,-21700.0,46.7,43933.3,49000.3,,,,,,,,RR1715,,
J2-1008,ASNAP,2017/08/23 10:03:47,45.8294339,-129.7592725,20615.63,-9695.84,359.06,-2.2,1.6,0.00,2335.88,2335.88,HMR2300,-21773.3,-113.3,43840.0,48949.3,,,,,,,,RR1715,,
J2-1008,ASNAP,2017/08/23 10:03:52,45.8294229,-129.7592556,20616.94,-9697.06,359.06,-2.2,1.4,0.00,2333.03,2333.03,HMR2300,-21786.7,40.0,43920.0,49026.8,,,,,,,,RR1715,,
J2-1008,ASNAP,2017/08/23 10:03:57,45.8294213,-129.7592576,20616.79,-9697.23,358.96,-2.4,1.5,0.00,2330.18,2330.18,HMR2300,-21993.3,6.7,43753.3,48970.0,,,,,,,,RR1715,,
J2-1008,ASNAP,2017/08/23 10:04:02,45.8294078,-129.7592342,20618.60,-9698.74,359.05,-2.3,1.4,0.00,2328.05,2328.05,HMR2300,-21826.7,-73.3,43886.7,49014.8,,,,,,,,RR1715,,
J2-1008,ASNAP,2017/08/23 10:04:07,45.8294137,-129.7592146,20620.12,-9698.08,359.00,-2.3,1.5,0.00,2325.21,2325.21,HMR2300,-21893.3,-73.3,43813.3,48978.9,,,,,,,,RR1715,,
J2-1008,ASNAP,2017/08/23 10:04:12,45.8294093,-129.7591919,20621.88,-9698.57,358.93,-2.4,1.4,0.00,2322.37,2322.37,HMR2300,-21940.0,33.3,43846.7,49029.5,,,,,,,,RR1715,,
J2-1008,ASNAP,2017/08/23 10:04:17,45.8294084,-129.7591935,20621.76,-9698.67,359.02,-2.4,1.4,0.00,2319.58,2319.58,HMR2300,-21920.0,106.7,43766.7,48949.1,,,,,,,,RR1715,,
J2-1008,ASNAP,2017/08/23 10:04:22,45.8293660,-129.7591874,20622.23,-9703.38,359.03,-2.3,1.4,0.00,2317.51,2317.51,HMR2300,-21826.7,-6.7,43900.0,49026.7,,,,,,,,RR1715,,
J2-1008,ASNAP,2017/08/23 10:04:27,45.8293752,-129.7591499,20625.14,-9702.36,359.03,-2.1,1.2,0.00,2314.75,2314.75,HMR2300,-21606.7,253.3,43993.3,49013.5,,,,,,,,RR1715,,
J2-1008,ASNAP,2017/08/23 10:04:32,45.8293913,-129.7591234,20627.20,-9700.57,359.03,-1.9,1.3,0.00,2312.02,2312.02,HMR2300,-21553.3,200.0,43966.7,48965.8,,,,,,,,RR1715,,
J2-1008,ASNAP,2017/08/23 10:04:37,45.8293785,-129.7591432,20625.66,-9701.99,359.07,-1.9,1.3,0.00,2309.29,2309.29,HMR2300,-21606.7,213.3,44026.7,49043.3,,,,,,,,RR1715,,
J2-1008,ASNAP,2017/08/23 10:04:42,45.8293958,-129.7591423,20625.73,-9700.07,359.09,-2.1,1.2,0.00,2307.26,2307.26,HMR2300,-21740.0,300.0,43966.7,49048.8,,,,,,,,RR1715,,
J2-1008,ASNAP,2017/08/23 10:04:47,45.8294061,-129.7591589,20624.44,-9698.93,359.03,-2.2,1.3,0.00,2304.57,2304.57,HMR2300,-21900.0,100.0,43846.7,49011.7,,,,,,,,RR1715,,
J2-1008,ASNAP,2017/08/23 10:04:52,45.8293950,-129.7591700,20623.58,-9700.16,359.02,-2.3,1.3,0.00,2301.90,2301.9,HMR2300,-21993.3,126.7,43766.7,48982.1,,,,,,,,RR1715,,
J2-1008,ASNAP,2017/08/23 10:04:57,45.8293800,-129.7591918,20621.89,-9701.83,359.07,-2.3,1.1,0.00,2299.24,2299.24,HMR2300,-21893.3,406.7,43806.7,48974.6,,,,,,,,RR1715,,
J2-1008,ASNAP,2017/08/23 10:05:02,45.8293794,-129.7591812,20622.71,-9701.89,359.17,-2.2,1.3,0.00,2297.24,2297.24,HMR2300,-22020.0,186.7,43820.0,49041.9,,,,,,,,RR1715,,
J2-1008,ASNAP,2017/08/23 10:05:07,45.8293738,-129.7591761,20623.11,-9702.52,358.71,-3.5,3.5,0.00,2294.53,2294.53,HMR2300,-22720.0,-1880.0,43520.0,49129.7,,,,,,,,RR1715,,
J2-1008,ASNAP,2017/08/23 10:05:12,45.8293635,-129.7591617,20624.23,-9703.66,358.98,-2.7,3.3,0.00,2291.88,2291.88,HMR2300,-22200.0,-1493.3,43760.0,49091.8,,,,,,,,RR1715,,
J2-1008,ASNAP,2017/08/23 10:05:17,45.8293442,-129.7591752,20623.18,-9705.81,359.06,-2.7,3.3,0.00,2289.25,2289.25,HMR2300,-22246.7,-1433.3,43686.7,49045.8,,,,,,,,RR1715,,
J2-1008,ASNAP,2017/08/23 10:05:22,45.8293448,-129.7591582,20624.50,-9705.74,359.07,-2.8,3.3,0.00,2287.28,2287.28,HMR2300,-22293.3,-1373.3,43740.0,49112.8,,,,,,,,RR1715,,
J2-1008,ASNAP,2017/08/23 10:05:27,45.8293510,-129.7591494,20625.18,-9705.05,359.06,-2.7,3.4,0.00,2284.67,2284.67,HMR2300,-22213.3,-1420.0,43766.7,49101.6,,,,,,,,RR1715,,
J2-1008,ASNAP,2017/08/23 10:05:32,45.8293400,-129.7591471,20625.36,-9706.27,359.04,-2.6,3.4,0.00,2282.06,2282.06,HMR2300,-22193.3,-1466.7,43806.7,49129.6,,,,,,,,RR1715,,
J2-1008,ASNAP,2017/08/23 10:05:37,45.8293363,-129.7591258,20627.01,-9706.68,358.99,-2.8,3.3,0.00,2279.43,2279.43,HMR2300,-22340.0,-1413.3,43693.3,49093.6,,,,,,,,RR1715,,
J2-1008,ASNAP,2017/08/23 10:05:42,45.8293363,-129.7591258,20627.01,-9706.68,359.08,-2.8,3.0,0.00,2277.47,2277.47,HMR2300,-22266.7,-1153.3,43686.7,49047.5,,,,,,,,RR1715,,
J2-1008,ASNAP,2017/08/23 10:05:47,45.8293307,-129.7591212,20627.37,-9707.30,359.09,-2.7,3.3,0.00,2274.85,2274.85,HMR2300,-22140.0,-1440.0,43853.3,49146.4,,,,,,,,RR1715,,
J2-1008,ASNAP,2017/08/23 10:05:52,45.8293395,-129.7591000,20629.01,-9706.33,359.03,-2.6,3.4,0.00,2272.22,2272.22,HMR2300,-22113.3,-1460.0,43866.7,49146.9,,,,,,,,RR1715,,
J2-1008,ASNAP,2017/08/23 10:05:57,45.8293466,-129.7590795,20630.60,-9705.54,359.05,-2.5,3.3,0.00,2269.59,2269.59,HMR2300,-22086.7,-1380.0,43866.7,49132.6,,,,,,,,RR1715,,
J2-1008,ASNAP,2017/08/23 10:06:02,45.8293343,-129.7590748,20630.97,-9706.91,359.08,-2.6,3.3,0.00,2267.61,2267.61,HMR2300,-22213.3,-1346.7,43733.3,49069.8,,,,,,,,RR1715,,
J2-1008,ASNAP,2017/08/23 10:06:07,45.8293635,-129.7590395,20633.71,-9703.66,359.04,-2.6,3.1,0.00,2265.00,2265,HMR2300,-22193.3,-1226.7,43800.0,49117.1,,,,,,,,RR1715,,
J2-1008,ASNAP,2017/08/23 10:06:12,45.8293449,-129.7590672,20631.56,-9705.73,359.07,-2.7,3.2,0.00,2262.38,2262.38,HMR2300,-22206.7,-1340.0,43826.7,49149.9,,,,,,,,RR1715,,
J2-1008,ASNAP,2017/08/23 10:06:17,45.8293409,-129.7590563,20632.40,-9706.17,359.03,-2.6,3.3,0.00,2259.75,2259.75,HMR2300,-22213.3,-1360.0,43800.0,49129.6,,,,,,,,RR1715,,
J2-1008,ASNAP,2017/08/23 10:06:22,45.8293451,-129.7590614,20632.01,-9705.71,359.07,-2.6,3.2,0.00,2257.78,2257.78,HMR2300,-22253.3,-1260.0,43753.3,49103.5,,,,,,,,RR1715,,
J2-1008,ASNAP,2017/08/23 10:06:27,45.8293478,-129.7590389,20633.75,-9705.41,359.00,-2.7,3.1,0.00,2255.11,2255.11,HMR2300,-22326.7,-1333.3,43673.3,49067.5,,,,,,,,RR1715,,
J2-1008,ASNAP,2017/08/23 10:06:32,45.8293425,-129.7590490,20632.97,-9705.99,359.07,-2.7,3.2,0.00,2252.44,2252.44,HMR2300,-22180.0,-1266.7,43813.3,49124.0,,,,,,,,RR1715,,
J2-1008,ASNAP,2017/08/23 10:06:37,45.8293451,-129.7590477,20633.07,-9705.70,359.12,-2.6,3.2,0.00,2249.76,2249.76,HMR2300,-22226.7,-1266.7,43826.7,49157.0,,,,,,,,RR1715,,
J2-1008,ASNAP,2017/08/23 10:06:42,45.8293444,-129.7590243,20634.89,-9705.78,359.10,-2.5,3.2,0.00,2247.75,2247.75,HMR2300,-22166.7,-1240.0,43860.0,49158.9,,,,,,,,RR1715,,
J2-1008,ASNAP,2017/08/23 10:06:47,45.8293410,-129.7590266,20634.71,-9706.16,359.07,-2.6,3.2,0.00,2245.09,2245.09,HMR2300,-22253.3,-1320.0,43766.7,49116.9,,,,,,,,RR1715,,
J2-1008,ASNAP,2017/08/23 10:06:52,45.8293141,-129.7590138,20635.70,-9709.15,359.11,-2.5,3.3,0.00,2242.42,2242.42,HMR2300,-22160.0,-1226.7,43793.3,49096.1,,,,,,,,RR1715,,
J2-1008,ASNAP,2017/08/23 10:06:57,45.8293288,-129.7590226,20635.02,-9707.52,359.04,-2.4,3.1,0.00,2239.75,2239.75,HMR2300,-22066.7,-1153.3,43933.3,49177.3,,,,,,,,RR1715,,
J2-1008,ASNAP,2017/08/23 10:07:02,45.8293129,-129.7590016,20636.65,-9709.28,359.07,-2.4,3.2,0.00,2237.73,2237.73,HMR2300,-22120.0,-1273.3,43900.0,49174.4,,,,,,,,RR1715,,
J2-1008,ASNAP,2017/08/23 10:07:07,45.8293046,-129.7589866,20637.81,-9710.21,359.14,-2.4,3.2,0.00,2235.05,2235.05,HMR2300,-22073.3,-1246.7,43940.0,49188.5,,,,,,,,RR1715,,
J2-1008,ASNAP,2017/08/23 10:07:12,45.8293066,-129.7589776,20638.51,-9709.98,359.12,-2.4,3.3,0.00,2232.37,2232.37,HMR2300,-22140.0,-1246.7,43860.0,49147.1,,,,,,,,RR1715,,
J2-1008,ASNAP,2017/08/23 10:07:17,45.8292878,-129.7589771,20638.55,-9712.07,359.15,-2.4,3.0,0.00,2229.67,2229.67,HMR2300,-22006.7,-900.0,43946.7,49157.0,,,,,,,,RR1715,,
J2-1008,ASNAP,2017/08/23 10:07:22,45.8292802,-129.7589610,20639.80,-9712.92,359.06,-2.4,3.2,0.00,2227.63,2227.63,HMR2300,-22113.3,-1200.0,43940.0,49205.3,,,,,,,,RR1715,,
J2-1008,ASNAP,2017/08/23 10:07:27,45.8292724,-129.7589577,20640.05,-9713.78,359.09,-2.4,3.0,0.00,2224.91,2224.91,HMR2300,-22120.0,-1200.0,43886.7,49160.7,,,,,,,,RR1715,,
J2-1008,ASNAP,2017/08/23 10:07:32,45.8292573,-129.7589720,20638.94,-9715.46,359.13,-2.5,3.2,0.00,2222.19,2222.19,HMR2300,-22220.0,-1186.7,43800.0,49128.2,,,,,,,,RR1715,,
J2-1008,ASNAP,2017/08/23 10:07:37,45.8292725,-129.7589610,20639.80,-9713.77,358.88,-2.5,2.1,0.00,2219.49,2219.49,HMR2300,-22000.0,-886.7,43940.0,49147.8,,,,,,,,RR1715,,
J2-1008,ASNAP,2017/08/23 10:07:42,45.8292731,-129.7589787,20638.42,-9713.71,0.15,-1.8,2.4,0.00,2217.82,2217.82,HMR2300,-21673.3,-420.0,44126.7,49163.7,,,,,,,,RR1715,,
J2-1008,ASNAP,2017/08/23 10:07:47,45.8292778,-129.7589739,20638.80,-9713.19,359.73,-1.9,2.0,0.00,2215.41,2215.41,HMR2300,-22033.3,-100.0,43866.7,49089.3,,,,,,,,RR1715,,
J2-1008,ASNAP,2017/08/23 10:07:52,45.8292747,-129.7589790,20638.40,-9713.53,0.21,-1.5,2.7,0.00,2213.12,2213.12,HMR2300,-21560.0,-313.3,44140.0,49125.1,,,,,,,,RR1715,,
J2-1008,ASNAP,2017/08/23 10:07:57,45.8292574,-129.7589803,20638.30,-9715.45,0.87,-1.5,2.8,0.00,2211.06,2211.06,HMR2300,-21653.3,-200.0,44013.3,49051.8,,,,,,,,RR1715,,
J2-1008,ASNAP,2017/08/23 10:08:02,45.8292420,-129.7589787,20638.42,-9717.16,0.82,-1.7,3.0,0.00,2209.60,2209.6,HMR2300,-21766.7,-333.3,43966.7,49060.8,,,,,,,,RR1715,,
J2-1008,ASNAP,2017/08/23 10:08:07,45.8292227,-129.7589893,20637.60,-9719.31,0.79,-2.2,2.7,0.00,2207.70,2207.7,HMR2300,-22180.0,-153.3,43813.3,49107.9,,,,,,,,RR1715,,
J2-1008,ASNAP,2017/08/23 10:08:12,45.8292237,-129.7589741,20638.78,-9719.20,0.72,-2.3,2.7,0.00,2205.86,2205.86,HMR2300,-22226.7,-206.7,43720.0,49046.0,,,,,,,,RR1715,,
J2-1008,ASNAP,2017/08/23 10:08:17,45.8292220,-129.7589806,20638.28,-9719.39,0.71,-2.5,2.8,0.00,2204.09,2204.09,HMR2300,-22366.7,-300.0,43753.3,49139.7,,,,,,,,RR1715,,
J2-1008,ASNAP,2017/08/23 10:08:22,45.8292023,-129.7589887,20637.65,-9721.58,0.27,-2.5,3.2,0.00,2202.77,2202.77,HMR2300,-22340.0,-786.7,43806.7,49180.5,,,,,,,,RR1715,,
J2-1008,ASNAP,2017/08/23 10:08:27,45.8291853,-129.7590437,20633.38,-9723.47,346.06,-1.9,4.2,0.00,2200.96,2200.96,HMR2300,-18106.7,-7146.7,46313.3,50237.9,,,,,,,,RR1715,,
J2-1008,ASNAP,2017/08/23 10:08:32,45.8291875,-129.7590166,20635.48,-9723.22,293.96,-0.7,1.8,0.00,2199.38,2199.38,HMR2300,-1473.3,-12873.3,49186.7,50864.7,,,,,,,,RR1715,,
J2-1008,ASNAP,2017/08/23 10:08:37,45.8291615,-129.7590621,20631.95,-9726.11,270.33,-1.3,0.1,0.00,2197.75,2197.75,HMR2300,3553.3,-9886.7,48833.3,49950.6,,,,,,,,RR1715,,
J2-1008,ASNAP,2017/08/23 10:08:42,45.8291442,-129.7590785,20630.68,-9728.03,278.99,-1.6,2.1,0.00,2196.40,2196.4,HMR2300,1593.3,-13066.7,49293.3,51020.7,,,,,,,,RR1715,,
J2-1008,ASNAP,2017/08/23 10:08:47,45.8291422,-129.7590770,20630.80,-9728.26,277.87,-2.2,2.6,0.00,2194.34,2194.34,HMR2300,1326.7,-13413.3,49320.0,51128.7,,,,,,,,RR1715,,
J2-1008,ASNAP,2017/08/23 10:08:52,45.8291632,-129.7590450,20633.28,-9725.92,278.14,-2.1,2.2,0.00,2192.16,2192.16,HMR2300,1446.7,-13100.0,49393.3,51121.5,,,,,,,,RR1715,,
J2-1008,ASNAP,2017/08/23 10:08:57,45.8291569,-129.7590493,20632.95,-9726.62,278.35,-2.6,2.6,0.00,2189.84,2189.84,HMR2300,900.0,-13500.0,49246.7,51071.5,,,,,,,,RR1715,,
J2-1008,ASNAP,2017/08/23 10:09:02,45.8291590,-129.7590503,20632.87,-9726.39,278.42,-2.9,2.7,0.00,2187.96,2187.96,HMR2300,666.7,-13593.3,49220.0,51066.9,,,,,,,,RR1715,,
J2-1008,ASNAP,2017/08/23 10:09:07,45.8291634,-129.7590392,20633.73,-9725.90,278.43,-2.6,2.7,0.00,2185.37,2185.37,HMR2300,840.0,-13566.7,49226.7,51068.8,,,,,,,,RR1715,,
J2-1008,ASNAP,2017/08/23 10:09:12,45.8291972,-129.7590231,20634.98,-9722.14,278.56,-2.6,2.4,0.00,2182.74,2182.74,HMR2300,926.7,-13240.0,49253.3,51010.3,,,,,,,,RR1715,,
J2-1008,ASNAP,2017/08/23 10:09:17,45.8291992,-129.7590125,20635.80,-9721.92,278.54,-2.7,2.5,0.00,2180.08,2180.08,HMR2300,813.3,-13373.3,49273.3,51062.4,,,,,,,,RR1715,,
J2-1008,ASNAP,2017/08/23 10:09:22,45.8292064,-129.7590304,20634.41,-9721.12,278.85,-2.2,2.6,0.00,2178.08,2178.08,HMR2300,1006.7,-13526.7,49246.7,51080.5,,,,,,,,RR1715,,
J2-1008,ASNAP,2017/08/23 10:09:27,45.8291948,-129.7590498,20632.91,-9722.41,278.83,-2.4,2.6,0.00,2175.40,2175.4,HMR2300,966.7,-13473.3,49213.3,51033.5,,,,,,,,RR1715,,
J2-1008,ASNAP,2017/08/23 10:09:32,45.8291831,-129.7590605,20632.08,-9723.71,278.70,-2.6,2.8,0.00,2172.71,2172.71,HMR2300,793.3,-13600.0,49253.3,51102.6,,,,,,,,RR1715,,
J2-1008,ASNAP,2017/08/23 10:09:37,45.8291997,-129.7590400,20633.67,-9721.87,278.89,-2.6,2.6,0.00,2170.02,2170.02,HMR2300,720.0,-13486.7,49220.0,51039.4,,,,,,,,RR1715,,
J2-1008,ASNAP,2017/08/23 10:09:42,45.8291878,-129.7590517,20632.76,-9723.19,278.56,-2.6,2.6,0.00,2168.01,2168.01,HMR2300,806.7,-13426.7,49233.3,51037.7,,,,,,,,RR1715,,
J2-1008,ASNAP,2017/08/23 10:09:47,45.8291778,-129.7590360,20633.98,-9724.30,278.67,-2.6,2.6,0.00,2165.33,2165.33,HMR2300,833.3,-13473.3,49273.3,51089.0,,,,,,,,RR1715,,
J2-1008,ASNAP,2017/08/23 10:09:52,45.8291720,-129.7590491,20632.96,-9724.94,279.11,-2.5,2.6,0.00,2162.65,2162.65,HMR2300,753.3,-13560.0,49246.7,51085.0,,,,,,,,RR1715,,
J2-1008,ASNAP,2017/08/23 10:09:57,45.8291742,-129.7590509,20632.82,-9724.70,278.83,-2.5,2.8,0.00,2159.97,2159.97,HMR2300,806.7,-13660.0,49213.3,51080.3,,,,,,,,RR1715,,
J2-1008,ASNAP,2017/08/23 10:10:02,45.8291729,-129.7590567,20632.37,-9724.85,278.74,-2.3,2.7,0.00,2157.95,2157.95,HMR2300,993.3,-13540.0,49226.7,51064.5,,,,,,,,RR1715,,
J2-1008,ASNAP,2017/08/23 10:10:07,45.8291715,-129.7590494,20632.94,-9725.00,278.79,-2.3,2.7,0.00,2155.26,2155.26,HMR2300,980.0,-13673.3,49266.7,51138.3,,,,,,,,RR1715,,
J2-1008,ASNAP,2017/08/23 10:10:12,45.8291639,-129.7590522,20632.72,-9725.84,278.93,-2.4,2.5,0.00,2152.56,2152.56,HMR2300,806.7,-13393.3,49273.3,51067.5,,,,,,,,RR1715,,
J2-1008,ASNAP,2017/08/23 10:10:17,45.8291558,-129.7590523,20632.71,-9726.74,278.66,-2.5,2.6,0.00,2149.87,2149.87,HMR2300,920.0,-13480.0,49260.0,51079.4,,,,,,,,RR1715,,
J2-1008,ASNAP,2017/08/23 10:10:22,45.8291472,-129.7590911,20629.70,-9727.70,278.41,-2.5,2.4,0.00,2147.82,2147.82,HMR2300,933.3,-13273.3,49313.3,51077.0,,,,,,,,RR1715,,
J2-1008,ASNAP,2017/08/23 10:10:27,45.8291387,-129.7590762,20630.86,-9728.65,278.75,-2.2,2.7,0.00,2145.10,2145.1,HMR2300,1033.3,-13620.0,49253.3,51112.3,,,,,,,,RR1715,,
J2-1008,ASNAP,2017/08/23 10:10:32,45.8291379,-129.7590958,20629.34,-9728.74,278.68,-2.4,2.6,0.00,2142.38,2142.38,HMR2300,953.3,-13513.3,49273.3,51101.7,,,,,,,,RR1715,,
J2-1008,ASNAP,2017/08/23 10:10:37,45.8291381,-129.7590795,20630.60,-9728.71,278.80,-2.5,2.6,0.00,2139.64,2139.64,HMR2300,813.3,-13566.7,49233.3,51074.8,,,,,,,,RR1715,,
J2-1008,ASNAP,2017/08/23 10:10:42,45.8291379,-129.7590869,20630.03,-9728.74,278.68,-2.4,2.6,0.00,2137.59,2137.59,HMR2300,840.0,-13533.3,49246.7,51079.3,,,,,,,,RR1715,,
J2-1008,ASNAP,2017/08/23 10:10:47,45.8291461,-129.7590838,20630.27,-9727.82,278.73,-2.4,2.7,0.00,2134.85,2134.85,HMR2300,906.7,-13626.7,49280.0,51137.3,,,,,,,,RR1715,,
J2-1008,ASNAP,2017/08/23 10:10:52,45.8291247,-129.7591123,20628.06,-9730.20,278.62,-2.4,2.6,0.00,2132.12,2132.12,HMR2300,840.0,-13540.0,49233.3,51068.2,,,,,,,,RR1715,,
J2-1008,ASNAP,2017/08/23 10:10:57,45.8291341,-129.7591076,20628.42,-9729.16,278.56,-2.4,2.8,0.00,2129.41,2129.41,HMR2300,906.7,-13640.0,49226.7,51089.5,,,,,,,,RR1715,,
J2-1008,ASNAP,2017/08/23 10:11:02,45.8291418,-129.7591102,20628.22,-9728.30,278.42,-2.4,2.6,0.00,2127.37,2127.37,HMR2300,946.7,-13620.0,49233.3,51091.3,,,,,,,,RR1715,,
J2-1008,ASNAP,2017/08/23 10:11:07,45.8291332,-129.7591316,20626.56,-9729.26,278.49,-2.5,2.6,0.00,2124.63,2124.63,HMR2300,866.7,-13413.3,49260.0,51060.9,,,,,,,,RR1715,,
J2-1008,ASNAP,2017/08/23 10:11:12,45.8291303,-129.7591183,20627.59,-9729.58,278.64,-2.3,2.7,0.00,2121.91,2121.91,HMR2300,1013.3,-13613.3,49273.3,51129.4,,,,,,,,RR1715,,
J2-1008,ASNAP,2017/08/23 10:11:17,45.8291014,-129.7591435,20625.64,-9732.79,278.72,-2.4,2.6,0.00,2119.88,2119.88,HMR2300,933.3,-13513.3,49306.7,51133.4,,,,,,,,RR1715,,
J2-1008,ASNAP,2017/08/23 10:11:22,45.8291213,-129.7591467,20625.39,-9730.58,278.60,-2.4,2.6,0.00,2117.17,2117.17,HMR2300,853.3,-13540.0,49233.3,51068.4,,,,,,,,RR1715,,
J2-1008,ASNAP,2017/08/23 10:11:27,45.8291246,-129.7591528,20624.92,-9730.21,278.68,-2.0,2.9,0.00,2114.47,2114.47,HMR2300,1153.3,-13760.0,49266.7,51165.1,,,,,,,,RR1715,,
J2-1008,ASNAP,2017/08/23 10:11:32,45.8291452,-129.7591408,20625.85,-9727.92,278.58,-2.2,2.7,0.00,2111.76,2111.76,HMR2300,1106.7,-13620.0,49246.7,51107.4,,,,,,,,RR1715,,
J2-1008,ASNAP,2017/08/23 10:11:37,45.8291298,-129.7591531,20624.89,-9729.64,278.68,-2.1,2.7,0.00,2109.72,2109.72,HMR2300,1226.7,-13633.3,49246.7,51113.7,,,,,,,,RR1715,,
J2-1008,ASNAP,2017/08/23 10:11:42,45.8291433,-129.7591485,20625.25,-9728.14,278.72,-2.1,2.9,0.00,2106.99,2106.99,HMR2300,1193.3,-13866.7,49213.3,51143.5,,,,,,,,RR1715,,
J2-1008,ASNAP,2017/08/23 10:11:47,45.8291546,-129.7591671,20623.81,-9726.88,278.75,-2.4,2.8,0.00,2104.27,2104.27,HMR2300,920.0,-13660.0,49260.0,51127.2,,,,,,,,RR1715,,
J2-1008,ASNAP,2017/08/23 10:11:52,45.8291693,-129.7591610,20624.28,-9725.25,278.62,-1.9,2.6,0.00,2101.55,2101.55,HMR2300,1126.7,-13580.0,49260.0,51110.0,,,,,,,,RR1715,,
J2-1008,ASNAP,2017/08/23 10:11:57,45.8291631,-129.7591730,20623.35,-9725.93,278.58,-2.3,2.7,0.00,2099.51,2099.51,HMR2300,953.3,-13600.0,49246.7,51099.0,,,,,,,,RR1715,,
J2-1008,ASNAP,2017/08/23 10:12:02,45.8291874,-129.7591685,20623.70,-9723.23,278.60,-2.2,2.8,0.00,2096.79,2096.79,HMR2300,1126.7,-13626.7,49246.7,51109.6,,,,,,,,RR1715,,
J2-1008,ASNAP,2017/08/23 10:12:07,45.8291789,-129.7591591,20624.43,-9724.18,278.52,-2.3,2.7,0.00,2094.06,2094.06,HMR2300,1006.7,-13586.7,49260.0,51109.3,,,,,,,,RR1715,,
J2-1008,ASNAP,2017/08/23 10:12:12,45.8291859,-129.7591441,20625.59,-9723.40,278.66,-2.2,2.8,0.00,2091.34,2091.34,HMR2300,1086.7,-13666.7,49260.0,51132.2,,,,,,,,RR1715,,
J2-1008,ASNAP,2017/08/23 10:12:17,45.8291859,-129.7591658,20623.91,-9723.40,278.64,-2.4,2.7,0.00,2089.28,2089.28,HMR2300,860.0,-13633.3,49266.7,51125.5,,,,,,,,RR1715,,
J2-1008,ASNAP,2017/08/23 10:12:22,45.8291612,-129.7591622,20624.19,-9726.15,278.69,-2.1,2.8,0.00,2086.54,2086.54,HMR2300,1100.0,-13680.0,49260.0,51136.1,,,,,,,,RR1715,,
J2-1008,ASNAP,2017/08/23 10:12:27,45.8291573,-129.7591812,20622.71,-9726.58,278.79,-2.4,2.8,0.00,2083.80,2083.8,HMR2300,886.7,-13773.3,49213.3,51112.1,,,,,,,,RR1715,,
J2-1008,ASNAP,2017/08/23 10:12:32,45.8291424,-129.7591721,20623.42,-9728.24,278.77,-2.2,2.7,0.00,2081.06,2081.06,HMR2300,1040.0,-13586.7,49253.3,51103.5,,,,,,,,RR1715,,
J2-1008,ASNAP,2017/08/23 10:12:37,45.8291630,-129.7591696,20623.61,-9725.94,278.72,-2.5,2.7,0.00,2079.01,2079.01,HMR2300,746.7,-13613.3,49280.0,51131.2,,,,,,,,RR1715,,
J2-1008,ASNAP,2017/08/23 10:12:42,45.8291336,-129.7591909,20621.96,-9729.21,278.69,-1.9,2.7,0.00,2076.25,2076.25,HMR2300,1153.3,-13626.7,49253.3,51116.6,,,,,,,,RR1715,,
J2-1008,ASNAP,2017/08/23 10:12:47,45.8291512,-129.7591952,20621.63,-9727.26,278.69,-2.0,2.9,0.00,2073.48,2073.48,HMR2300,1233.3,-13793.3,49260.0,51169.6,,,,,,,,RR1715,,
J2-1008,ASNAP,2017/08/23 10:12:52,45.8291294,-129.7592059,20620.80,-9729.68,278.75,-2.4,2.7,0.00,2070.73,2070.73,HMR2300,780.0,-13660.0,49233.3,51099.2,,,,,,,,RR1715,,
J2-1008,ASNAP,2017/08/23 10:12:57,45.8291323,-129.7592001,20621.25,-9729.36,278.52,-1.9,2.8,0.00,2068.67,2068.67,HMR2300,1153.3,-13760.0,49260.0,51158.7,,,,,,,,RR1715,,
J2-1008,ASNAP,2017/08/23 10:13:02,45.8291326,-129.7592163,20619.99,-9729.32,278.64,-2.2,2.8,0.00,2065.90,2065.9,HMR2300,933.3,-13813.3,49246.7,51155.8,,,,,,,,RR1715,,
J2-1008,ASNAP,2017/08/23 10:13:07,45.8291052,-129.7592186,20619.81,-9732.37,278.96,-1.5,2.9,0.00,2063.14,2063.14,HMR2300,1300.0,-13873.3,49200.0,51135.1,,,,,,,,RR1715,,
J2-1008,ASNAP,2017/08/23 10:13:12,45.8290999,-129.7592341,20618.61,-9732.96,278.92,-2.1,2.7,0.00,2060.37,2060.37,HMR2300,1013.3,-13733.3,49266.7,51155.0,,,,,,,,RR1715,,
J2-1008,ASNAP,2017/08/23 10:13:17,45.8291019,-129.7592121,20620.32,-9732.74,278.87,-2.0,3.0,0.00,2058.27,2058.27,HMR2300,1026.7,-13860.0,49226.7,51150.9,,,,,,,,RR1715,,
J2-1008,ASNAP,2017/08/23 10:13:22,45.8291339,-129.7592501,20617.37,-9729.18,278.87,-1.3,3.1,0.00,2055.49,2055.49,HMR2300,1773.3,-14026.7,49213.3,51203.9,,,,,,,,RR1715,,
J2-1008,ASNAP,2017/08/23 10:13:27,45.8291293,-129.7592556,20616.94,-9729.69,278.84,-2.2,3.0,0.00,2052.70,2052.7,HMR2300,973.3,-13966.7,49186.7,51140.4,,,,,,,,RR1715,,
J2-1008,ASNAP,2017/08/23 10:13:32,45.8291263,-129.7592554,20616.96,-9730.02,278.80,-1.2,3.0,0.00,2049.93,2049.93,HMR2300,1706.7,-14060.0,49233.3,51230.0,,,,,,,,RR1715,,
J2-1008,ASNAP,2017/08/23 10:13:37,45.8291083,-129.7592663,20616.11,-9732.02,278.83,-2.4,3.1,0.00,2047.84,2047.84,HMR2300,953.3,-13973.3,49173.3,51129.0,,,,,,,,RR1715,,
J2-1008,ASNAP,2017/08/23 10:13:42,45.8291258,-129.7592733,20615.57,-9730.08,278.88,-2.1,3.2,0.00,2045.07,2045.07,HMR2300,1120.0,-14033.3,49213.3,51187.3,,,,,,,,RR1715,,
J2-1008,ASNAP,2017/08/23 10:13:47,45.8291062,-129.7592786,20615.16,-9732.26,279.08,-2.4,3.1,0.00,2042.29,2042.29,HMR2300,686.7,-13966.7,49173.3,51122.9,,,,,,,,RR1715,,
J2-1008,ASNAP,2017/08/23 10:13:52,45.8291122,-129.7592863,20614.56,-9731.59,279.00,-1.9,3.0,0.00,2039.54,2039.54,HMR2300,980.0,-13886.7,49206.7,51138.0,,,,,,,,RR1715,,
J2-1008,ASNAP,2017/08/23 10:13:57,45.8291125,-129.7592939,20613.97,-9731.56,278.95,-1.8,3.1,0.00,2037.48,2037.48,HMR2300,1066.7,-14073.3,49200.0,51184.3,,,,,,,,RR1715,,
J2-1008,ASNAP,2017/08/23 10:14:02,45.8291200,-129.7592854,20614.63,-9730.72,279.07,-1.7,3.1,0.00,2034.75,2034.75,HMR2300,1500.0,-14160.0,49206.7,51225.5,,,,,,,,RR1715,,
J2-1008,ASNAP,2017/08/23 10:14:07,45.8291223,-129.7593007,20613.44,-9730.47,278.96,-2.2,3.1,0.00,2032.01,2032.01,HMR2300,893.3,-14033.3,49180.0,51150.8,,,,,,,,RR1715,,
J2-1008,ASNAP,2017/08/23 10:14:12,45.8291230,-129.7592815,20614.93,-9730.39,279.13,-1.6,3.1,0.00,2029.28,2029.28,HMR2300,1286.7,-14066.7,49173.3,51161.9,,,,,,,,RR1715,,
J2-1008,ASNAP,2017/08/23 10:14:17,45.8291155,-129.7593001,20613.49,-9731.23,279.12,-2.1,3.1,0.00,2027.23,2027.23,HMR2300,1006.7,-14040.0,49186.7,51161.1,,,,,,,,RR1715,,
J2-1008,ASNAP,2017/08/23 10:14:22,45.8291166,-129.7592961,20613.80,-9731.10,279.03,-2.0,3.1,0.00,2024.50,2024.5,HMR2300,953.3,-14120.0,49186.7,51182.1,,,,,,,,RR1715,,
J2-1008,ASNAP,2017/08/23 10:14:27,45.8290957,-129.7593105,20612.68,-9733.42,279.13,-2.0,3.2,0.00,2021.76,2021.76,HMR2300,1013.3,-14193.3,49160.0,51178.0,,,,,,,,RR1715,,
J2-1008,ASNAP,2017/08/23 10:14:32,45.8290931,-129.7592900,20614.27,-9733.71,279.00,-2.2,3.2,0.00,2019.03,2019.03,HMR2300,900.0,-14193.3,49180.0,51195.1,,,,,,,,RR1715,,
J2-1008,ASNAP,2017/08/23 10:14:37,45.8290833,-129.7593081,20612.87,-9734.80,279.17,-2.1,3.2,0.00,2016.99,2016.99,HMR2300,840.0,-14080.0,49180.0,51162.7,,,,,,,,RR1715,,
J2-1008,ASNAP,2017/08/23 10:14:42,45.8290721,-129.7593022,20613.33,-9736.05,279.12,-2.1,3.2,0.00,2014.27,2014.27,HMR2300,840.0,-14173.3,49180.0,51188.5,,,,,,,,RR1715,,
J2-1008,ASNAP,2017/08/23 10:14:47,45.8290721,-129.7593022,20613.33,-9736.05,279.01,-1.7,3.2,0.00,2011.55,2011.55,HMR2300,1086.7,-14180.0,49206.7,51220.6,,,,,,,,RR1715,,
J2-1008,ASNAP,2017/08/23 10:14:52,45.8290745,-129.7593210,20611.87,-9735.78,279.03,-2.1,3.4,0.00,2008.80,2008.8,HMR2300,893.3,-14233.3,49140.0,51167.6,,,,,,,,RR1715,,
J2-1008,ASNAP,2017/08/23 10:14:57,45.8290724,-129.7592963,20613.78,-9736.01,279.12,-1.7,3.4,0.00,2006.73,2006.73,HMR2300,1080.0,-14280.0,49160.0,51203.4,,,,,,,,RR1715,,
J2-1008,ASNAP,2017/08/23 10:15:02,45.8290848,-129.7593165,20612.22,-9734.64,279.24,-1.8,3.3,0.00,2003.98,2003.98,HMR2300,1153.3,-14286.7,49186.7,51232.5,,,,,,,,RR1715,,
J2-1008,ASNAP,2017/08/23 10:15:07,45.8290823,-129.7593052,20613.09,-9734.91,279.33,-2.1,3.2,0.00,2001.23,2001.23,HMR2300,973.3,-14173.3,49160.0,51171.6,,,,,,,,RR1715,,
J2-1008,EVT,2017/08/23 10:15:08,45.8290759,-129.7592989,20613.58,-9735.63,279.27,-1.8,3.2,0.00,2000.55,2000.55,HMR2300,1153.3,-14140.0,49173.3,51179.0,,,,,,,,RR1715,DLG,TXT: depth 2000 m temp 1.90 C USR:eventlogger
J2-1008,ASNAP,2017/08/23 10:15:12,45.8290678,-129.7593038,20613.20,-9736.53,279.10,-2.2,3.1,0.00,1998.49,1998.49,HMR2300,766.7,-14120.0,49153.3,51147.0,,,,,,,,RR1715,,
J2-1008,ASNAP,2017/08/23 10:15:17,45.8290739,-129.7593011,20613.41,-9735.85,279.08,-1.7,3.3,0.00,1996.43,1996.43,HMR2300,1186.7,-14360.0,49120.0,51189.8,,,,,,,,RR1715,,
J2-1008,ASNAP,2017/08/23 10:15:22,45.8290689,-129.7593092,20612.78,-9736.40,278.97,-2.2,3.4,0.00,1993.68,1993.68,HMR2300,893.3,-14373.3,49173.3,51238.7,,,,,,,,RR1715,,
J2-1008,ASNAP,2017/08/23 10:15:27,45.8290608,-129.7593116,20612.60,-9737.31,279.11,-1.5,3.2,0.00,1990.91,1990.91,HMR2300,1593.3,-14280.0,49206.7,51261.6,,,,,,,,RR1715,,
J2-1008,ASNAP,2017/08/23 10:15:32,45.8290735,-129.7593167,20612.20,-9735.89,279.13,-2.5,3.1,0.00,1988.11,1988.11,HMR2300,633.3,-14213.3,49180.0,51196.6,,,,,,,,RR1715,,
J2-1008,ASNAP,2017/08/23 10:15:37,45.8290659,-129.7593108,20612.66,-9736.74,278.94,-2.1,3.4,0.00,1986.04,1986.04,HMR2300,1073.3,-14400.0,49133.3,51211.3,,,,,,,,RR1715,,
J2-1008,ASNAP,2017/08/23 10:15:42,45.8290659,-129.7593108,20612.66,-9736.74,279.22,-2.2,3.4,0.00,1983.27,1983.27,HMR2300,773.3,-14326.7,49120.0,51172.5,,,,,,,,RR1715,,
J2-1008,ASNAP,2017/08/23 10:15:47,45.8290689,-129.7593232,20611.70,-9736.40,279.03,-1.9,3.4,0.00,1980.53,1980.53,HMR2300,1013.3,-14360.0,49126.7,51192.4,,,,,,,,RR1715,,
J2-1008,ASNAP,2017/08/23 10:15:52,45.8290771,-129.7593604,20608.81,-9735.49,279.02,-1.5,3.6,0.00,1977.76,1977.76,HMR2300,1213.3,-14500.0,49093.3,51204.3,,,,,,,,RR1715,,
J2-1008,ASNAP,2017/08/23 10:15:57,45.8290652,-129.7593558,20609.17,-9736.82,279.27,-1.8,3.2,0.00,1975.68,1975.68,HMR2300,1040.0,-14333.3,49140.0,51198.3,,,,,,,,RR1715,,
J2-1008,ASNAP,2017/08/23 10:16:02,45.8290561,-129.7593515,20609.50,-9737.83,279.17,-0.9,3.5,0.00,1972.89,1972.89,HMR2300,1713.3,-14513.3,49113.3,51241.5,,,,,,,,RR1715,,
J2-1008,ASNAP,2017/08/23 10:16:07,45.8290768,-129.7593645,20608.49,-9735.53,279.18,-2.0,3.2,0.00,1970.09,1970.09,HMR2300,1040.0,-14173.3,49180.0,51192.2,,,,,,,,RR1715,,
J2-1008,ASNAP,2017/08/23 10:16:12,45.8290746,-129.7593479,20609.78,-9735.77,279.17,-1.8,3.5,0.00,1967.30,1967.3,HMR2300,1006.7,-14366.7,49173.3,51239.0,,,,,,,,RR1715,,
J2-1008,ASNAP,2017/08/23 10:16:17,45.8290717,-129.7593603,20608.82,-9736.09,279.06,-2.0,3.2,0.00,1965.20,1965.2,HMR2300,1013.3,-14180.0,49173.3,51187.1,,,,,,,,RR1715,,
J2-1008,EVT,2017/08/23 10:16:21,45.8290653,-129.7593263,20611.46,-9736.80,279.39,-1.0,3.5,0.00,1963.12,1963.12,HMR2300,1580.0,-14433.3,49126.7,51227.4,,,,,,,,RR1715,DLG,Biology: Cnidaria USR:eventlogger
J2-1008,ASNAP,2017/08/23 10:16:22,45.8290653,-129.7593263,20611.46,-9736.80,279.27,-1.7,3.2,0.00,1962.42,1962.42,HMR2300,926.7,-14093.3,49220.0,51206.3,,,,,,,,RR1715,,
J2-1008,ASNAP,2017/08/23 10:16:27,45.8290790,-129.7593326,20610.97,-9735.28,279.25,-1.4,3.4,0.00,1959.65,1959.65,HMR2300,1553.3,-14420.0,49166.7,51261.2,,,,,,,,RR1715,,
J2-1008,ASNAP,2017/08/23 10:16:32,45.8290455,-129.7593429,20610.17,-9739.01,279.16,-2.3,3.2,0.00,1956.89,1956.89,HMR2300,846.7,-14173.3,49213.3,51220.6,,,,,,,,RR1715,,
J2-1008,ASNAP,2017/08/23 10:16:37,45.8290526,-129.7593330,20610.94,-9738.22,279.36,-2.2,3.2,0.00,1954.79,1954.79,HMR2300,593.3,-14213.3,49186.7,51202.5,,,,,,,,RR1715,,
J2-1008,ASNAP,2017/08/23 10:16:42,45.8290491,-129.7593609,20608.77,-9738.60,279.00,-1.6,3.5,0.00,1952.02,1952.02,HMR2300,1380.0,-14353.3,49173.3,51243.9,,,,,,,,RR1715,,
J2-1008,ASNAP,2017/08/23 10:16:47,45.8290120,-129.7593911,20606.43,-9742.73,279.05,-2.4,3.3,0.00,1949.25,1949.25,HMR2300,686.7,-14266.7,49166.7,51199.3,,,,,,,,RR1715,,
J2-1008,EVT,2017/08/23 10:16:47,45.8290120,-129.7593911,20606.43,-9742.73,279.05,-2.4,3.3,0.00,1949.25,1949.25,HMR2300,673.3,-14253.3,49140.0,51169.8,,,,,,,,RR1715,DLG,Biology: Cnidaria USR:eventlogger
J2-1008,ASNAP,2017/08/23 10:16:52,45.8290290,-129.7593805,20607.25,-9740.84,279.09,-1.7,3.4,0.00,1946.48,1946.48,HMR2300,1146.7,-14426.7,49133.3,51220.4,,,,,,,,RR1715,,
J2-1008,ASNAP,2017/08/23 10:16:57,45.8290448,-129.7593921,20606.35,-9739.08,279.58,-2.2,3.2,0.00,1944.42,1944.42,HMR2300,626.7,-14240.0,49180.0,51203.9,,,,,,,,RR1715,,
J2-1008,ASNAP,2017/08/23 10:17:02,45.8290444,-129.7593720,20607.91,-9739.13,279.20,-1.2,3.3,0.00,1941.69,1941.69,HMR2300,1333.3,-14240.0,49233.3,51268.7,,,,,,,,RR1715,,
J2-1008,ASNAP,2017/08/23 10:17:07,45.8290462,-129.7593739,20607.76,-9738.93,279.21,-2.1,3.3,0.00,1938.93,1938.93,HMR2300,1100.0,-14400.0,49166.7,51243.8,,,,,,,,RR1715,,
J2-1008,ASNAP,2017/08/23 10:17:12,45.8290326,-129.7593649,20608.46,-9740.44,279.36,-2.7,3.1,0.00,1936.18,1936.18,HMR2300,266.7,-14106.7,49160.0,51144.6,,,,,,,,RR1715,,
J2-1008,ASNAP,2017/08/23 10:17:17,45.8290383,-129.7593757,20607.62,-9739.80,279.11,-2.2,3.2,0.00,1934.10,1934.1,HMR2300,720.0,-14126.7,49213.3,51205.8,,,,,,,,RR1715,,
J2-1008,ASNAP,2017/08/23 10:17:22,45.8290375,-129.7593696,20608.10,-9739.89,279.11,-2.2,3.4,0.00,1931.36,1931.36,HMR2300,686.7,-14386.7,49180.0,51245.7,,,,,,,,RR1715,,
J2-1008,ASNAP,2017/08/23 10:17:27,45.8290445,-129.7593728,20607.85,-9739.12,279.17,-1.4,3.4,0.00,1928.62,1928.62,HMR2300,1433.3,-14400.0,49133.3,51220.1,,,,,,,,RR1715,,
J2-1008,ASNAP,2017/08/23 10:17:32,45.8290288,-129.7593689,20608.15,-9740.86,279.12,-1.7,3.3,0.00,1925.83,1925.83,HMR2300,1186.7,-14273.3,49226.7,51267.9,,,,,,,,RR1715,,
J2-1008,ASNAP,2017/08/23 10:17:37,45.8290139,-129.7593906,20606.47,-9742.52,279.12,-1.8,3.3,0.00,1923.75,1923.75,HMR2300,1186.7,-14413.3,49160.0,51243.1,,,,,,,,RR1715,,
J2-1008,ASNAP,2017/08/23 10:17:42,45.8290157,-129.7593937,20606.23,-9742.32,279.06,-2.2,3.5,0.00,1920.99,1920.99,HMR2300,860.0,-14420.0,49180.0,51257.7,,,,,,,,RR1715,,
J2-1008,ASNAP,2017/08/23 10:17:47,45.8290131,-129.7594005,20605.70,-9742.61,279.16,-2.0,3.4,0.00,1918.22,1918.22,HMR2300,900.0,-14326.7,49166.7,51219.4,,,,,,,,RR1715,,
J2-1008,ASNAP,2017/08/23 10:17:52,45.8290045,-129.7594019,20605.59,-9743.56,279.16,-2.2,3.3,0.00,1915.47,1915.47,HMR2300,840.0,-14340.0,49180.0,51234.9,,,,,,,,RR1715,,
J2-1008,ASNAP,2017/08/23 10:17:57,45.8290168,-129.7593999,20605.75,-9742.20,279.27,-2.5,3.3,0.00,1913.39,1913.39,HMR2300,406.7,-14360.0,49140.0,51196.8,,,,,,,,RR1715,,
J2-1008,ASNAP,2017/08/23 10:18:02,45.8289908,-129.7594164,20604.47,-9745.08,279.24,-2.0,3.3,0.00,1910.59,1910.59,HMR2300,720.0,-14273.3,49140.0,51176.0,,,,,,,,RR1715,,
J2-1008,ASNAP,2017/08/23 10:18:07,45.8290140,-129.7594161,20604.49,-9742.51,278.96,-1.7,3.4,0.00,1907.82,1907.82,HMR2300,1053.3,-14220.0,49200.0,51224.6,,,,,,,,RR1715,,
J2-1008,ASNAP,2017/08/23 10:18:12,45.8290066,-129.7594229,20603.96,-9743.33,278.96,-1.5,3.8,0.00,1905.04,1905.04,HMR2300,1480.0,-14766.7,49073.3,51268.3,,,,,,,,RR1715,,
J2-1008,ASNAP,2017/08/23 10:18:17,45.8290057,-129.7594282,20603.55,-9743.43,279.32,-2.5,3.3,0.00,1902.94,1902.94,HMR2300,506.7,-14253.3,49133.3,51161.5,,,,,,,,RR1715,,
J2-1008,ASNAP,2017/08/23 10:18:22,45.8290267,-129.7594134,20604.70,-9741.09,279.01,-0.9,3.9,0.00,1900.17,1900.17,HMR2300,1840.0,-14713.3,49093.3,51283.8,,,,,,,,RR1715,,
J2-1008,ASNAP,2017/08/23 10:18:27,45.8290091,-129.7594261,20603.71,-9743.05,279.15,-2.4,3.2,0.00,1897.35,1897.35,HMR2300,640.0,-14253.3,49206.7,51233.4,,,,,,,,RR1715,,
J2-1008,ASNAP,2017/08/23 10:18:32,45.8290286,-129.7594152,20604.56,-9740.88,279.23,-1.1,3.7,0.00,1894.56,1894.56,HMR2300,1460.0,-14620.0,49106.7,51257.6,,,,,,,,RR1715,,
J2-1008,ASNAP,2017/08/23 10:18:37,45.8290113,-129.7594435,20602.36,-9742.81,279.19,-1.9,3.4,0.00,1892.47,1892.47,HMR2300,1126.7,-14406.7,49140.0,51220.7,,,,,,,,RR1715,,
J2-1008,ASNAP,2017/08/23 10:18:42,45.8290088,-129.7594319,20603.26,-9743.08,278.93,-2.0,3.3,0.00,1889.68,1889.68,HMR2300,940.0,-14473.3,49113.3,51210.2,,,,,,,,RR1715,,
J2-1008,ASNAP,2017/08/23 10:18:47,45.8290009,-129.7594193,20604.24,-9743.96,278.89,-2.3,3.3,0.00,1886.90,1886.9,HMR2300,673.3,-14293.3,49133.3,51174.6,,,,,,,,RR1715,,
J2-1008,ASNAP,2017/08/23 10:18:52,45.8290098,-129.7594120,20604.81,-9742.97,279.30,-2.0,3.2,0.00,1884.11,1884.11,HMR2300,660.0,-14273.3,49160.0,51194.4,,,,,,,,RR1715,,
J2-1008,ASNAP,2017/08/23 10:18:57,45.8290293,-129.7594921,20598.59,-9740.81,279.29,-1.2,3.8,0.00,1882.01,1882.01,HMR2300,1466.7,-14773.3,49120.0,51314.5,,,,,,,,RR1715,,
J2-1008,ASNAP,2017/08/23 10:19:02,45.8290266,-129.7595026,20597.78,-9741.11,279.13,-1.7,3.7,0.00,1879.24,1879.24,HMR2300,1380.0,-14700.0,49086.7,51259.1,,,,,,,,RR1715,,
J2-1008,ASNAP,2017/08/23 10:19:07,45.8290371,-129.7594992,20598.04,-9739.94,279.08,-2.1,3.3,0.00,1876.47,1876.47,HMR2300,860.0,-14360.0,49173.3,51234.4,,,,,,,,RR1715,,
J2-1008,ASNAP,2017/08/23 10:19:12,45.8290088,-129.7594651,20600.69,-9743.08,278.94,-1.6,3.4,0.00,1873.72,1873.72,HMR2300,1200.0,-14253.3,49180.0,51217.9,,,,,,,,RR1715,,
J2-1008,ASNAP,2017/08/23 10:19:17,45.8290058,-129.7594600,20601.08,-9743.42,279.24,-1.3,3.6,0.00,1871.64,1871.64,HMR2300,1173.3,-14566.7,49113.3,51241.4,,,,,,,,RR1715,,
J2-1008,ASNAP,2017/08/23 10:19:22,45.8290087,-129.7594591,20601.15,-9743.10,279.09,-1.3,3.6,0.00,1868.86,1868.86,HMR2300,1500.0,-14513.3,49140.0,51260.4,,,,,,,,RR1715,,
J2-1008,ASNAP,2017/08/23 10:19:27,45.8289957,-129.7594514,20601.75,-9744.54,279.13,-1.1,3.6,0.00,1866.09,1866.09,HMR2300,1686.7,-14540.0,49166.7,51299.3,,,,,,,,RR1715,,
J2-1008,ASNAP,2017/08/23 10:19:32,45.8289968,-129.7594629,20600.86,-9744.42,279.00,-2.1,3.6,0.00,1863.31,1863.31,HMR2300,993.3,-14573.3,49153.3,51277.9,,,,,,,,RR1715,,
J2-1008,ASNAP,2017/08/23 10:19:37,45.8289880,-129.7594551,20601.46,-9745.40,279.04,-1.8,3.3,0.00,1861.25,1861.25,HMR2300,1126.7,-14266.7,49220.0,51258.3,,,,,,,,RR1715,,
J2-1008,ASNAP,2017/08/23 10:19:42,45.8289907,-129.7594549,20601.48,-9745.10,279.09,-1.9,3.4,0.00,1858.47,1858.47,HMR2300,920.0,-14453.3,49140.0,51229.7,,,,,,,,RR1715,,
J2-1008,ASNAP,2017/08/23 10:19:47,45.8289926,-129.7594457,20602.19,-9744.88,279.07,-0.6,3.9,0.00,1855.72,1855.72,HMR2300,2160.0,-14880.0,49073.3,51325.2,,,,,,,,RR1715,,
J2-1008,ASNAP,2017/08/23 10:19:52,45.8289932,-129.7594679,20600.47,-9744.82,279.12,-2.0,3.5,0.00,1852.96,1852.96,HMR2300,1053.3,-14553.3,49140.0,51260.6,,,,,,,,RR1715,,
J2-1008,ASNAP,2017/08/23 10:19:57,45.8289925,-129.7594419,20602.49,-9744.90,279.15,-2.0,3.5,0.00,1850.91,1850.91,HMR2300,900.0,-14466.7,49160.0,51252.3,,,,,,,,RR1715,,
J2-1008,ASNAP,2017/08/23 10:20:02,45.8289925,-129.7594419,20602.49,-9744.90,278.94,-2.3,3.5,0.00,1848.17,1848.17,HMR2300,706.7,-14433.3,49120.0,51201.5,,,,,,,,RR1715,,
J2-1008,ASNAP,2017/08/23 10:20:07,45.8289928,-129.7594133,20604.71,-9744.86,279.08,-1.9,3.6,0.00,1845.42,1845.42,HMR2300,953.3,-14633.3,49113.3,51255.9,,,,,,,,RR1715,,
J2-1008,ASNAP,2017/08/23 10:20:12,45.8289962,-129.7594496,20601.89,-9744.48,279.31,-1.7,3.7,0.00,1842.65,1842.65,HMR2300,1053.3,-14726.7,49073.3,51246.2,,,,,,,,RR1715,,
J2-1008,ASNAP,2017/08/23 10:20:17,45.8289785,-129.7594671,20600.53,-9746.45,279.17,-1.9,3.5,0.00,1840.56,1840.56,HMR2300,1013.3,-14433.3,49133.3,51219.5,,,,,,,,RR1715,,
J2-1008,ASNAP,2017/08/23 10:20:22,45.8289846,-129.7594656,20600.65,-9745.77,279.19,-1.2,3.5,0.00,1837.76,1837.76,HMR2300,1380.0,-14466.7,49140.0,51243.8,,,,,,,,RR1715,,
J2-1008,ASNAP,2017/08/23 10:20:27,45.8289742,-129.7594691,20600.38,-9746.93,279.11,-1.1,4.0,0.00,1834.96,1834.96,HMR2300,1866.7,-15053.3,49040.0,51332.3,,,,,,,,RR1715,,
J2-1008,ASNAP,2017/08/23 10:20:32,45.8289849,-129.7594919,20598.61,-9745.74,279.21,-2.2,3.5,0.00,1832.14,1832.14,HMR2300,646.7,-14513.3,49113.3,51216.9,,,,,,,,RR1715,,
J2-1008,ASNAP,2017/08/23 10:20:37,45.8289832,-129.7594884,20598.88,-9745.93,279.11,-0.7,3.7,0.00,1830.05,1830.05,HMR2300,1820.0,-14520.0,49166.7,51298.2,,,,,,,,RR1715,,
J2-1008,ASNAP,2017/08/23 10:20:42,45.8289630,-129.7594724,20600.12,-9748.17,279.27,-1.6,3.3,0.00,1827.29,1827.29,HMR2300,1326.7,-14453.3,49133.3,51232.2,,,,,,,,RR1715,,
J2-1008,ASNAP,2017/08/23 10:20:47,45.8289624,-129.7594774,20599.73,-9748.24,279.44,-2.2,3.2,0.00,1824.53,1824.53,HMR2300,586.7,-14260.0,49166.7,51196.2,,,,,,,,RR1715,,
J2-1008,ASNAP,2017/08/23 10:20:52,45.8289679,-129.7594701,20600.30,-9747.63,279.03,-1.2,3.7,0.00,1821.78,1821.78,HMR2300,1693.3,-14753.3,49093.3,51290.2,,,,,,,,RR1715,,
J2-1008,ASNAP,2017/08/23 10:20:57,45.8289672,-129.7594774,20599.73,-9747.71,279.48,-1.9,3.6,0.00,1819.70,1819.7,HMR2300,866.7,-14553.3,49120.0,51237.9,,,,,,,,RR1715,,
J2-1008,ASNAP,2017/08/23 10:21:02,45.8289671,-129.7594889,20598.84,-9747.72,279.23,-1.7,3.7,0.00,1816.95,1816.95,HMR2300,1100.0,-14666.7,49140.0,51293.9,,,,,,,,RR1715,,
J2-1008,ASNAP,2017/08/23 10:21:07,45.8289670,-129.7595023,20597.80,-9747.73,279.15,-1.3,3.7,0.00,1814.19,1814.19,HMR2300,1360.0,-14573.3,49173.3,51305.4,,,,,,,,RR1715,,
J2-1008,ASNAP,2017/08/23 10:21:12,45.8289694,-129.7595195,20596.47,-9747.46,279.29,-1.7,3.4,0.00,1811.41,1811.41,HMR2300,1120.0,-14506.7,49153.3,51261.6,,,,,,,,RR1715,,
J2-1008,ASNAP,2017/08/23 10:21:17,45.8289705,-129.7595147,20596.84,-9747.34,279.07,-1.9,3.5,0.00,1809.35,1809.35,HMR2300,1173.3,-14600.0,49173.3,51308.4,,,,,,,,RR1715,,
J2-1008,ASNAP,2017/08/23 10:21:22,45.8289591,-129.7595067,20597.46,-9748.61,279.30,-2.3,3.4,0.00,1806.53,1806.53,HMR2300,453.3,-14486.7,49160.0,51252.1,,,,,,,,RR1715,,
J2-1008,ASNAP,2017/08/23 10:21:27,45.8289749,-129.7594974,20598.18,-9746.85,279.21,-1.2,3.5,0.00,1803.73,1803.73,HMR2300,1293.3,-14526.7,49140.0,51258.5,,,,,,,,RR1715,,
J2-1008,ASNAP,2017/08/23 10:21:32,45.8289691,-129.7594963,20598.27,-9747.50,279.33,-1.4,3.5,0.00,1800.96,1800.96,HMR2300,1293.3,-14606.7,49166.7,51306.8,,,,,,,,RR1715,,
J2-1008,ASNAP,2017/08/23 10:21:37,45.8289775,-129.7594764,20599.81,-9746.56,279.11,-2.1,3.5,0.00,1798.89,1798.89,HMR2300,813.3,-14613.3,49120.0,51254.1,,,,,,,,RR1715,,
J2-1008,ASNAP,2017/08/23 10:21:42,45.8289840,-129.7594763,20599.82,-9745.84,279.36,-1.1,3.8,0.00,1796.13,1796.13,HMR2300,1393.3,-14760.0,49126.7,51315.0,,,,,,,,RR1715,,
J2-1008,ASNAP,2017/08/23 10:21:47,45.8289812,-129.7594695,20600.35,-9746.15,279.19,-1.4,3.8,0.00,1793.37,1793.37,HMR2300,1493.3,-14860.0,49066.7,51289.3,,,,,,,,RR1715,,
J2-1008,ASNAP,2017/08/23 10:21:52,45.8289692,-129.7594577,20601.26,-9747.49,279.10,-2.0,3.6,0.00,1790.61,1790.61,HMR2300,806.7,-14633.3,49120.0,51259.7,,,,,,,,RR1715,,
J2-1008,ASNAP,2017/08/23 10:21:57,45.8289783,-129.7594299,20603.42,-9746.47,279.09,-1.6,3.9,0.00,1788.57,1788.57,HMR2300,1453.3,-15020.0,49093.3,51360.2,,,,,,,,RR1715,,
J2-1008,ASNAP,2017/08/23 10:22:02,45.8289583,-129.7594318,20603.27,-9748.70,278.99,-2.6,3.5,0.00,1785.79,1785.79,HMR2300,420.0,-14433.3,49180.0,51255.9,,,,,,,,RR1715,,
J2-1008,ASNAP,2017/08/23 10:22:07,45.8289569,-129.7594419,20602.49,-9748.85,279.32,-1.9,3.3,0.00,1783.06,1783.06,HMR2300,833.3,-14440.0,49173.3,51256.5,,,,,,,,RR1715,,
J2-1008,ASNAP,2017/08/23 10:22:12,45.8289482,-129.7594312,20603.32,-9749.82,279.68,-2.1,3.4,0.00,1780.35,1780.35,HMR2300,533.3,-14460.0,49113.3,51200.5,,,,,,,,RR1715,,
J2-1008,ASNAP,2017/08/23 10:22:17,45.8289635,-129.7594259,20603.73,-9748.12,279.41,-1.5,3.5,0.00,1778.32,1778.32,HMR2300,973.3,-14433.3,49180.0,51263.4,,,,,,,,RR1715,,
J2-1008,ASNAP,2017/08/23 10:22:22,45.8289469,-129.7594576,20601.27,-9749.96,279.28,-1.5,3.6,0.00,1775.63,1775.63,HMR2300,1313.3,-14620.0,49153.3,51298.3,,,,,,,,RR1715,,
J2-1008,ASNAP,2017/08/23 10:22:27,45.8289325,-129.7594557,20601.42,-9751.57,279.31,-2.5,3.3,0.00,1772.95,1772.95,HMR2300,320.0,-14386.7,49180.0,51242.1,,,,,,,,RR1715,,
J2-1008,ASNAP,2017/08/23 10:22:32,45.8289213,-129.7594738,20600.01,-9752.81,279.44,-0.5,4.2,0.00,1770.24,1770.24,HMR2300,1853.3,-14953.3,49093.3,51353.6,,,,,,,,RR1715,,
J2-1008,ASNAP,2017/08/23 10:22:37,45.8289049,-129.7594624,20600.90,-9754.63,279.07,-2.3,3.3,0.00,1768.24,1768.24,HMR2300,746.7,-14293.3,49226.7,51265.2,,,,,,,,RR1715,,
J2-1008,ASNAP,2017/08/23 10:22:42,45.8289027,-129.7594490,20601.94,-9754.88,279.12,-1.7,3.6,0.00,1765.57,1765.57,HMR2300,980.0,-14560.0,49153.3,51273.8,,,,,,,,RR1715,,
J2-1008,ASNAP,2017/08/23 10:22:47,45.8289012,-129.7594490,20601.94,-9755.04,279.25,-2.0,3.5,0.00,1762.89,1762.89,HMR2300,940.0,-14573.3,49113.3,51238.5,,,,,,,,RR1715,,
J2-1008,ASNAP,2017/08/23 10:22:52,45.8289066,-129.7594456,20602.20,-9754.44,279.08,-2.3,3.3,0.00,1760.18,1760.18,HMR2300,500.0,-14333.3,49166.7,51215.8,,,,,,,,RR1715,,
J2-1008,ASNAP,2017/08/23 10:22:57,45.8289130,-129.7594531,20601.62,-9753.73,279.21,-1.2,3.6,0.00,1758.13,1758.13,HMR2300,1646.7,-14713.3,49153.3,51334.6,,,,,,,,RR1715,,
J2-1008,ASNAP,2017/08/23 10:23:02,45.8289012,-129.7594465,20602.13,-9755.04,279.00,-2.3,3.4,0.00,1755.41,1755.41,HMR2300,753.3,-14400.0,49153.3,51224.8,,,,,,,,RR1715,,
J2-1008,ASNAP,2017/08/23 10:23:07,45.8289163,-129.7594393,20602.69,-9753.37,279.10,-1.1,3.7,0.00,1752.69,1752.69,HMR2300,1380.0,-14586.7,49186.7,51322.5,,,,,,,,RR1715,,
J2-1008,ASNAP,2017/08/23 10:23:12,45.8289476,-129.7594723,20600.13,-9749.89,279.29,-1.4,3.9,0.00,1749.97,1749.97,HMR2300,1480.0,-15020.0,49046.7,51316.3,,,,,,,,RR1715,,
J2-1008,ASNAP,2017/08/23 10:23:17,45.8289480,-129.7594767,20599.79,-9749.84,279.18,-2.3,3.6,0.00,1747.94,1747.94,HMR2300,580.0,-14573.3,49093.3,51214.0,,,,,,,,RR1715,,
J2-1008,ASNAP,2017/08/23 10:23:22,45.8289521,-129.7594678,20600.48,-9749.39,278.80,-0.4,4.5,0.00,1745.22,1745.22,HMR2300,2560.0,-15340.0,48993.3,51402.5,,,,,,,,RR1715,,
J2-1008,ASNAP,2017/08/23 10:23:27,45.8289534,-129.7594689,20600.39,-9749.24,279.16,-2.3,3.6,0.00,1742.44,1742.44,HMR2300,680.0,-14566.7,49120.0,51238.9,,,,,,,,RR1715,,
J2-1008,ASNAP,2017/08/23 10:23:32,45.8289504,-129.7594862,20599.05,-9749.57,279.39,-1.9,3.4,0.00,1739.71,1739.71,HMR2300,866.7,-14426.7,49206.7,51285.2,,,,,,,,RR1715,,
J2-1008,ASNAP,2017/08/23 10:23:37,45.8289503,-129.7595098,20597.22,-9749.59,279.32,-1.9,3.5,0.00,1737.66,1737.66,HMR2300,900.0,-14540.0,49173.3,51285.8,,,,,,,,RR1715,,
J2-1008,ASNAP,2017/08/23 10:23:42,45.8289316,-129.7595055,20597.55,-9751.66,279.09,-1.6,3.7,0.00,1734.95,1734.95,HMR2300,1206.7,-14680.0,49153.3,51312.9,,,,,,,,RR1715,,
J2-1008,ASNAP,2017/08/23 10:23:47,45.8289278,-129.7595072,20597.42,-9752.09,279.17,-1.6,3.6,0.00,1732.27,1732.27,HMR2300,1186.7,-14600.0,49153.3,51289.6,,,,,,,,RR1715,,
J2-1008,ASNAP,2017/08/23 10:23:52,45.8288993,-129.7595048,20597.61,-9755.26,279.07,-2.1,3.3,0.00,1729.56,1729.56,HMR2300,726.7,-14340.0,49200.0,51252.4,,,,,,,,RR1715,,
J2-1008,ASNAP,2017/08/23 10:23:57,45.8289170,-129.7595088,20597.30,-9753.29,278.93,-0.2,4.2,0.00,1727.52,1727.52,HMR2300,2026.7,-14966.7,49113.3,51383.1,,,,,,,,RR1715,,
J2-1008,ASNAP,2017/08/23 10:24:02,45.8289026,-129.7595130,20596.97,-9754.89,279.04,-2.0,3.5,0.00,1724.77,1724.77,HMR2300,966.7,-14566.7,49160.0,51281.8,,,,,,,,RR1715,,
J2-1008,ASNAP,2017/08/23 10:24:07,45.8289143,-129.7594964,20598.26,-9753.59,279.30,-2.4,3.1,0.00,1722.04,1722.04,HMR2300,386.7,-14220.0,49180.0,51196.0,,,,,,,,RR1715,,
J2-1008,ASNAP,2017/08/23 10:24:12,45.8289192,-129.7595210,20596.35,-9753.04,279.08,-2.1,3.4,0.00,1719.31,1719.31,HMR2300,526.7,-14460.0,49140.0,51226.1,,,,,,,,RR1715,,
J2-1008,ASNAP,2017/08/23 10:24:17,45.8289415,-129.7595083,20597.34,-9750.56,279.33,-1.1,4.0,0.00,1717.28,1717.28,HMR2300,1646.7,-14973.3,49073.3,51333.3,,,,,,,,RR1715,,
J2-1008,ASNAP,2017/08/23 10:24:22,45.8289208,-129.7595369,20595.12,-9752.86,279.11,-2.4,3.6,0.00,1714.55,1714.55,HMR2300,460.0,-14606.7,49126.7,51254.2,,,,,,,,RR1715,,
J2-1008,ASNAP,2017/08/23 10:24:27,45.8289576,-129.7595313,20595.55,-9748.77,279.22,-1.4,3.6,0.00,1711.85,1711.85,HMR2300,1100.0,-14533.3,49126.7,51243.1,,,,,,,,RR1715,,
J2-1008,ASNAP,2017/08/23 10:24:32,45.8289595,-129.7595413,20594.78,-9748.56,279.09,-1.2,3.9,0.00,1709.14,1709.14,HMR2300,1540.0,-14700.0,49120.0,51295.6,,,,,,,,RR1715,,
J2-1008,ASNAP,2017/08/23 10:24:37,45.8289748,-129.7595382,20595.02,-9746.86,279.28,-1.6,3.8,0.00,1707.11,1707.11,HMR2300,1413.3,-14880.0,49120.0,51343.8,,,,,,,,RR1715,,
J2-1008,ASNAP,2017/08/23 10:24:42,45.8289755,-129.7595312,20595.56,-9746.79,279.04,-2.3,3.4,0.00,1704.35,1704.35,HMR2300,500.0,-14413.3,49166.7,51238.2,,,,,,,,RR1715,,
J2-1008,ASNAP,2017/08/23 10:24:47,45.8289720,-129.7595315,20595.54,-9747.18,279.11,-1.7,3.5,0.00,1701.60,1701.6,HMR2300,973.3,-14526.7,49133.3,51245.1,,,,,,,,RR1715,,
J2-1008,ASNAP,2017/08/23 10:24:52,45.8289690,-129.7595285,20595.77,-9747.51,278.92,-1.5,3.7,0.00,1698.85,1698.85,HMR2300,1326.7,-14626.7,49140.0,51287.8,,,,,,,,RR1715,,
J2-1008,ASNAP,2017/08/23 10:24:57,45.8289754,-129.7595432,20594.63,-9746.80,279.06,-2.0,3.7,0.00,1696.77,1696.77,HMR2300,846.7,-14673.3,49093.3,51246.3,,,,,,,,RR1715,,
J2-1008,ASNAP,2017/08/23 10:25:02,45.8289577,-129.7595473,20594.31,-9748.76,279.03,-1.7,3.9,0.00,1694.03,1694.03,HMR2300,1386.7,-15100.0,49040.0,51330.8,,,,,,,,RR1715,,
J2-1008,ASNAP,2017/08/23 10:25:07,45.8289647,-129.7595385,20594.99,-9747.99,278.82,-2.7,3.2,0.00,1691.26,1691.26,HMR2300,280.0,-14360.0,49166.7,51221.6,,,,,,,,RR1715,,
J2-1008,ASNAP,2017/08/23 10:25:12,45.8289438,-129.7595251,20596.03,-9750.31,278.88,-1.9,3.7,0.00,1688.50,1688.5,HMR2300,1040.0,-14833.3,49126.7,51327.8,,,,,,,,RR1715,,
J2-1008,ASNAP,2017/08/23 10:25:17,45.8289384,-129.7595239,20596.13,-9750.91,279.01,-2.0,3.7,0.00,1686.45,1686.45,HMR2300,760.0,-14706.7,49086.7,51248.1,,,,,,,,RR1715,,
J2-1008,ASNAP,2017/08/23 10:25:22,45.8289400,-129.7595309,20595.58,-9750.73,279.21,-1.9,3.5,0.00,1683.69,1683.69,HMR2300,953.3,-14580.0,49126.7,51253.4,,,,,,,,RR1715,,
J2-1008,EVT,2017/08/23 10:25:23,45.8289400,-129.7595309,20595.58,-9750.73,279.14,-1.7,3.6,0.00,1683.00,1683,HMR2300,920.0,-14566.7,49120.0,51242.6,,,,,,,,RR1715,DLG,Biology: Cnidaria USR:eventlogger
J2-1008,ASNAP,2017/08/23 10:25:27,45.8289326,-129.7595313,20595.55,-9751.55,279.07,-0.6,4.3,0.00,1680.95,1680.95,HMR2300,2200.0,-15206.7,49020.0,51371.6,,,,,,,,RR1715,,
J2-1008,ASNAP,2017/08/23 10:25:32,45.8289427,-129.7595445,20594.53,-9750.43,279.03,-2.4,3.6,0.00,1678.13,1678.13,HMR2300,673.3,-14620.0,49120.0,51254.0,,,,,,,,RR1715,,
J2-1008,ASNAP,2017/08/23 10:25:37,45.8289372,-129.7595295,20595.69,-9751.04,279.13,-2.2,3.5,0.00,1676.02,1676.02,HMR2300,620.0,-14613.3,49140.0,51270.6,,,,,,,,RR1715,,
J2-1008,ASNAP,2017/08/23 10:25:42,45.8289477,-129.7595456,20594.44,-9749.87,278.96,-2.1,3.5,0.00,1673.25,1673.25,HMR2300,626.7,-14486.7,49160.0,51253.9,,,,,,,,RR1715,,
J2-1008,ASNAP,2017/08/23 10:25:47,45.8289476,-129.7595584,20593.45,-9749.89,279.07,-1.7,3.6,0.00,1670.47,1670.47,HMR2300,893.3,-14573.3,49153.3,51276.0,,,,,,,,RR1715,,
J2-1008,ASNAP,2017/08/23 10:25:52,45.8289603,-129.7595543,20593.77,-9748.47,279.34,-0.0,4.3,0.00,1667.66,1667.66,HMR2300,2173.3,-15073.3,49033.3,51343.9,,,,,,,,RR1715,,
J2-1008,EVT,2017/08/23 10:25:53,45.8289603,-129.7595543,20593.77,-9748.47,279.34,-0.0,4.3,0.00,1667.66,1667.66,HMR2300,1946.7,-14880.0,49080.0,51323.0,,,,,,,,RR1715,DLG,Biology: Crustacean USR:eventlogger
J2-1008,ASNAP,2017/08/23 10:25:57,45.8289497,-129.7595692,20592.61,-9749.65,279.44,-1.6,3.7,0.00,1665.57,1665.57,HMR2300,1366.7,-14966.7,49080.0,51329.5,,,,,,,,RR1715,,
J2-1008,ASNAP,2017/08/23 10:26:02,45.8289657,-129.7595655,20592.90,-9747.87,279.25,-2.4,3.5,0.00,1662.80,1662.8,HMR2300,420.0,-14500.0,49126.7,51223.6,,,,,,,,RR1715,,
J2-1008,ASNAP,2017/08/23 10:26:07,45.8289626,-129.7595797,20591.80,-9748.22,278.96,-1.7,3.6,0.00,1660.03,1660.03,HMR2300,1026.7,-14586.7,49126.7,51256.7,,,,,,,,RR1715,,
J2-1008,ASNAP,2017/08/23 10:26:12,45.8289624,-129.7596038,20589.93,-9748.24,279.07,-1.8,3.7,0.00,1657.25,1657.25,HMR2300,940.0,-14700.0,49140.0,51300.2,,,,,,,,RR1715,,
J2-1008,ASNAP,2017/08/23 10:26:17,45.8289636,-129.7595897,20591.02,-9748.11,279.32,-1.7,3.5,0.00,1655.20,1655.2,HMR2300,953.3,-14553.3,49126.7,51245.9,,,,,,,,RR1715,,
J2-1008,ASNAP,2017/08/23 10:26:22,45.8289647,-129.7595940,20590.69,-9747.99,279.32,-0.9,3.9,0.00,1652.46,1652.46,HMR2300,1560.0,-14800.0,49106.7,51312.2,,,,,,,,RR1715,,
J2-1008,ASNAP,2017/08/23 10:26:27,45.8290048,-129.7596146,20589.09,-9743.53,279.17,-1.3,3.7,0.00,1649.70,1649.7,HMR2300,1413.3,-14566.7,49173.3,51305.0,,,,,,,,RR1715,,
J2-1008,ASNAP,2017/08/23 10:26:32,45.8290003,-129.7596097,20589.47,-9744.03,279.26,-1.2,3.9,0.00,1646.91,1646.91,HMR2300,1593.3,-15000.0,49080.0,51345.7,,,,,,,,RR1715,,
J2-1008,ASNAP,2017/08/23 10:26:37,45.8290061,-129.7596181,20588.82,-9743.38,279.12,-1.7,4.0,0.00,1644.81,1644.81,HMR2300,1300.0,-15053.3,49073.3,51346.7,,,,,,,,RR1715,,
J2-1008,ASNAP,2017/08/23 10:26:42,45.8290132,-129.7596026,20590.02,-9742.60,279.18,-2.2,3.7,0.00,1642.03,1642.03,HMR2300,680.0,-14786.7,49080.0,51263.6,,,,,,,,RR1715,,
J2-1008,ASNAP,2017/08/23 10:26:47,45.8290209,-129.7596118,20589.31,-9741.74,279.11,-2.0,3.5,0.00,1639.22,1639.22,HMR2300,460.0,-14453.3,49133.3,51217.1,,,,,,,,RR1715,,
J2-1008,ASNAP,2017/08/23 10:26:52,45.8290274,-129.7596209,20588.60,-9741.02,279.21,-0.6,3.9,0.00,1636.47,1636.47,HMR2300,1873.3,-14913.3,49066.7,51317.2,,,,,,,,RR1715,,
J2-1008,ASNAP,2017/08/23 10:26:57,45.8290350,-129.7596216,20588.55,-9740.17,279.09,-1.7,3.5,0.00,1634.42,1634.42,HMR2300,1080.0,-14500.0,49173.3,51278.0,,,,,,,,RR1715,,
J2-1008,ASNAP,2017/08/23 10:27:02,45.8290384,-129.7596285,20588.01,-9739.79,279.13,-1.7,3.5,0.00,1631.67,1631.67,HMR2300,1300.0,-14720.0,49160.0,51333.0,,,,,,,,RR1715,,
J2-1008,ASNAP,2017/08/23 10:27:07,45.8290310,-129.7596332,20587.65,-9740.62,278.84,-2.4,3.6,0.00,1628.93,1628.93,HMR2300,506.7,-14700.0,49093.3,51249.4,,,,,,,,RR1715,,
J2-1008,ASNAP,2017/08/23 10:27:12,45.8290330,-129.7596495,20586.38,-9740.40,279.01,-1.5,3.6,0.00,1626.17,1626.17,HMR2300,1140.0,-14626.7,49180.0,51321.6,,,,,,,,RR1715,,
J2-1008,ASNAP,2017/08/23 10:27:17,45.8290066,-129.7596390,20587.20,-9743.33,278.91,-0.0,4.3,0.00,1624.12,1624.12,HMR2300,2400.0,-15073.3,49060.0,51379.5,,,,,,,,RR1715,,
J2-1008,ASNAP,2017/08/23 10:27:22,45.8290033,-129.7596458,20586.67,-9743.70,279.28,-2.1,3.3,0.00,1621.33,1621.33,HMR2300,846.7,-14333.3,49220.0,51271.5,,,,,,,,RR1715,,
J2-1008,ASNAP,2017/08/23 10:27:27,45.8290141,-129.7596508,20586.28,-9742.49,279.08,-1.1,3.5,0.00,1618.60,1618.6,HMR2300,1333.3,-14526.7,49133.3,51253.2,,,,,,,,RR1715,,
J2-1008,EVT,2017/08/23 10:27:31,45.8290102,-129.7596623,20585.39,-9742.93,279.29,-1.7,3.5,0.00,1616.56,1616.56,HMR2300,946.7,-14500.0,49126.7,51230.6,,,,,,,,RR1715,DLG,Biology: Crustacean USR:eventlogger
J2-1008,ASNAP,2017/08/23 10:27:32,45.8290102,-129.7596623,20585.39,-9742.93,279.36,-1.5,3.4,0.00,1615.89,1615.89,HMR2300,1140.0,-14500.0,49200.0,51304.9,,,,,,,,RR1715,,
J2-1008,ASNAP,2017/08/23 10:27:37,45.8290308,-129.7596565,20585.84,-9740.64,278.93,-1.6,3.6,0.00,1613.84,1613.84,HMR2300,1280.0,-14673.3,49120.0,51280.8,,,,,,,,RR1715,,
J2-1008,ASNAP,2017/08/23 10:27:42,45.8290230,-129.7596535,20586.07,-9741.51,279.33,-1.8,3.6,0.00,1611.10,1611.1,HMR2300,893.3,-14700.0,49120.0,51280.2,,,,,,,,RR1715,,
J2-1008,ASNAP,2017/08/23 10:27:47,45.8290202,-129.7596468,20586.59,-9741.82,279.24,-1.7,3.8,0.00,1608.34,1608.34,HMR2300,920.0,-14826.7,49073.3,51272.5,,,,,,,,RR1715,,
J2-1008,ASNAP,2017/08/23 10:27:52,45.8290497,-129.7596356,20587.46,-9738.54,279.16,-1.6,3.4,0.00,1605.58,1605.58,HMR2300,806.7,-14420.0,49180.0,51256.8,,,,,,,,RR1715,,
J2-1008,ASNAP,2017/08/23 10:27:57,45.8290500,-129.7596419,20586.97,-9738.51,279.12,-0.7,3.9,0.00,1603.51,1603.51,HMR2300,1766.7,-14846.7,49126.7,51351.5,,,,,,,,RR1715,,
J2-1008,ASNAP,2017/08/23 10:28:02,45.8290490,-129.7596515,20586.23,-9738.62,279.17,-1.6,3.5,0.00,1600.75,1600.75,HMR2300,1040.0,-14566.7,49206.7,51328.0,,,,,,,,RR1715,,
J2-1008,ASNAP,2017/08/23 10:28:07,45.8290298,-129.7596516,20586.22,-9740.75,279.25,-1.0,3.7,0.00,1598.00,1598,HMR2300,1826.7,-14860.0,49140.0,51370.2,,,,,,,,RR1715,,
J2-1008,ASNAP,2017/08/23 10:28:12,45.8290397,-129.7596437,20586.83,-9739.65,278.92,-2.3,3.3,0.00,1595.20,1595.2,HMR2300,580.0,-14313.3,49200.0,51243.0,,,,,,,,RR1715,,
J2-1008,ASNAP,2017/08/23 10:28:17,45.8290473,-129.7596392,20587.18,-9738.81,278.99,-0.0,3.9,0.00,1593.09,1593.09,HMR2300,2606.7,-15000.0,49093.3,51399.9,,,,,,,,RR1715,,
J2-1008,ASNAP,2017/08/23 10:28:22,45.8290581,-129.7596495,20586.38,-9737.61,279.35,-1.1,3.8,0.00,1590.25,1590.25,HMR2300,1320.0,-14680.0,49173.3,51334.8,,,,,,,,RR1715,,
J2-1008,ASNAP,2017/08/23 10:28:27,45.8290604,-129.7596565,20585.84,-9737.35,279.27,-0.4,4.0,0.00,1587.43,1587.43,HMR2300,2193.3,-15020.0,49066.7,51361.0,,,,,,,,RR1715,,
J2-1008,ASNAP,2017/08/23 10:28:32,45.8290537,-129.7596469,20586.58,-9738.09,279.23,-1.6,3.6,0.00,1584.62,1584.62,HMR2300,1126.7,-14680.0,49120.0,51279.1,,,,,,,,RR1715,,
J2-1008,ASNAP,2017/08/23 10:28:37,45.8290521,-129.7596548,20585.97,-9738.27,279.33,-0.9,3.6,0.00,1582.53,1582.53,HMR2300,1540.0,-14613.3,49186.7,51334.7,,,,,,,,RR1715,,
J2-1008,ASNAP,2017/08/23 10:28:42,45.8290489,-129.7596518,20586.20,-9738.63,279.08,-1.1,3.6,0.00,1579.77,1579.77,HMR2300,1493.3,-14580.0,49133.3,51272.7,,,,,,,,RR1715,,
J2-1008,ASNAP,2017/08/23 10:28:47,45.8290416,-129.7596609,20585.50,-9739.44,279.27,-1.0,3.5,0.00,1577.00,1577,HMR2300,1446.7,-14586.7,49186.7,51324.4,,,,,,,,RR1715,,
J2-1008,ASNAP,2017/08/23 10:28:52,45.8290369,-129.7596736,20584.51,-9739.96,279.28,-0.6,3.7,0.00,1574.23,1574.23,HMR2300,1813.3,-14720.0,49186.7,51374.1,,,,,,,,RR1715,,
J2-1008,ASNAP,2017/08/23 10:28:57,45.8290250,-129.7596803,20583.99,-9741.28,279.05,-1.5,3.6,0.00,1572.14,1572.14,HMR2300,1186.7,-14686.7,49166.7,51327.1,,,,,,,,RR1715,,
J2-1008,ASNAP,2017/08/23 10:29:02,45.8290621,-129.7596718,20584.65,-9737.16,278.87,-1.3,3.4,0.00,1569.34,1569.34,HMR2300,966.7,-14413.3,49166.7,51244.9,,,,,,,,RR1715,,
J2-1008,ASNAP,2017/08/23 10:29:07,45.8290575,-129.7596879,20583.40,-9737.67,279.12,0.8,3.9,0.00,1566.56,1566.56,HMR2300,2733.3,-14780.0,49106.7,51355.5,,,,,,,,RR1715,,
J2-1008,ASNAP,2017/08/23 10:29:12,45.8290600,-129.7596885,20583.36,-9737.39,278.95,-1.2,3.4,0.00,1563.77,1563.77,HMR2300,1586.7,-14560.0,49186.7,51320.9,,,,,,,,RR1715,,
J2-1008,ASNAP,2017/08/23 10:29:17,45.8290809,-129.7596901,20583.23,-9735.07,279.46,-1.3,3.4,0.00,1561.67,1561.67,HMR2300,1193.3,-14560.0,49200.0,51323.1,,,,,,,,RR1715,,
J2-1008,ASNAP,2017/08/23 10:29:22,45.8290835,-129.7596954,20582.82,-9734.78,279.46,-1.4,3.7,0.00,1558.89,1558.89,HMR2300,1066.7,-14766.7,49160.0,51341.0,,,,,,,,RR1715,,
J2-1008,ASNAP,2017/08/23 10:29:27,45.8291129,-129.7597002,20582.45,-9731.51,279.51,-0.6,3.7,0.00,1556.13,1556.13,HMR2300,1840.0,-14800.0,49086.7,51302.3,,,,,,,,RR1715,,
J2-1008,ASNAP,2017/08/23 10:29:32,45.8291010,-129.7597050,20582.08,-9732.84,279.16,-1.4,3.7,0.00,1553.37,1553.37,HMR2300,1460.0,-14846.7,49126.7,51341.8,,,,,,,,RR1715,,
J2-1008,ASNAP,2017/08/23 10:29:37,45.8290893,-129.7596909,20583.17,-9734.14,279.32,-1.2,3.8,0.00,1551.29,1551.29,HMR2300,1346.7,-14780.0,49113.3,51306.7,,,,,,,,RR1715,,
J2-1008,ASNAP,2017/08/23 10:29:42,45.8291011,-129.7596780,20584.17,-9732.83,279.26,-0.8,3.6,0.00,1548.57,1548.57,HMR2300,1973.3,-14760.0,49160.0,51365.9,,,,,,,,RR1715,,
J2-1008,ASNAP,2017/08/23 10:29:47,45.8290957,-129.7596807,20583.96,-9733.43,278.92,-2.1,3.4,0.00,1545.82,1545.82,HMR2300,700.0,-14440.0,49166.7,51248.1,,,,,,,,RR1715,,
J2-1008,ASNAP,2017/08/23 10:29:52,45.8290910,-129.7596806,20583.97,-9733.95,279.09,-1.3,3.5,0.00,1543.06,1543.06,HMR2300,986.7,-14513.3,49200.0,51305.5,,,,,,,,RR1715,,
J2-1008,ASNAP,2017/08/23 10:29:57,45.8290922,-129.7596847,20583.65,-9733.81,279.23,-0.5,3.5,0.00,1541.02,1541.02,HMR2300,1680.0,-14620.0,49153.3,51309.0,,,,,,,,RR1715,,
J2-1008,ASNAP,2017/08/23 10:30:02,45.8290913,-129.7596866,20583.50,-9733.91,279.49,-1.2,3.5,0.00,1538.27,1538.27,HMR2300,1153.3,-14520.0,49200.0,51310.8,,,,,,,,RR1715,,
J2-1008,ASNAP,2017/08/23 10:30:07,45.8291046,-129.7596776,20584.20,-9732.44,279.19,0.8,3.8,0.00,1535.51,1535.51,HMR2300,2746.7,-14666.7,49186.7,51400.2,,,,,,,,RR1715,,
J2-1008,ASNAP,2017/08/23 10:30:12,45.8291122,-129.7596689,20584.88,-9731.59,279.46,-0.9,3.4,0.00,1532.73,1532.73,HMR2300,1693.3,-14573.3,49213.3,51353.7,,,,,,,,RR1715,,
J2-1008,ASNAP,2017/08/23 10:30:17,45.8291095,-129.7596628,20585.35,-9731.89,279.23,-0.9,3.5,0.00,1530.65,1530.65,HMR2300,1706.7,-14573.3,49220.0,51360.5,,,,,,,,RR1715,,
J2-1008,ASNAP,2017/08/23 10:30:22,45.8291071,-129.7596557,20585.90,-9732.16,279.11,-1.4,3.4,0.00,1527.90,1527.9,HMR2300,1286.7,-14580.0,49206.7,51337.4,,,,,,,,RR1715,,
J2-1008,ASNAP,2017/08/23 10:30:27,45.8291009,-129.7596649,20585.19,-9732.85,279.23,-0.9,3.5,0.00,1525.16,1525.16,HMR2300,1666.7,-14680.0,49133.3,51306.6,,,,,,,,RR1715,,
J2-1008,ASNAP,2017/08/23 10:30:32,45.8290969,-129.7596762,20584.31,-9733.29,279.15,-1.8,3.4,0.00,1522.41,1522.41,HMR2300,833.3,-14453.3,49166.7,51253.8,,,,,,,,RR1715,,
J2-1008,ASNAP,2017/08/23 10:30:37,45.8291027,-129.7596740,20584.48,-9732.65,278.91,1.7,4.0,0.00,1520.36,1520.36,HMR2300,3340.0,-14726.7,49153.3,51420.6,,,,,,,,RR1715,,
J2-1008,ASNAP,2017/08/23 10:30:42,45.8290930,-129.7596910,20583.16,-9733.73,278.93,-1.2,3.4,0.00,1517.61,1517.61,HMR2300,1566.7,-14520.0,49180.0,51302.6,,,,,,,,RR1715,,
J2-1008,ASNAP,2017/08/23 10:30:47,45.8290690,-129.7597007,20582.41,-9736.39,279.26,-1.6,3.3,0.00,1514.88,1514.88,HMR2300,940.0,-14453.3,49213.3,51300.4,,,,,,,,RR1715,,
J2-1008,ASNAP,2017/08/23 10:30:52,45.8290824,-129.7597122,20581.52,-9734.90,279.18,-1.1,3.6,0.00,1512.17,1512.17,HMR2300,1360.0,-14586.7,49213.3,51347.6,,,,,,,,RR1715,,
J2-1008,ASNAP,2017/08/23 10:30:57,45.8290833,-129.7596967,20582.72,-9734.80,279.08,-1.1,3.3,0.00,1510.17,1510.17,HMR2300,1673.3,-14373.3,49253.3,51335.0,,,,,,,,RR1715,,
J2-1008,ASNAP,2017/08/23 10:31:02,45.8290875,-129.7596894,20583.29,-9734.34,279.06,-1.4,3.3,0.00,1507.48,1507.48,HMR2300,1206.7,-14280.0,49260.0,51302.3,,,,,,,,RR1715,,
J2-1008,ASNAP,2017/08/23 10:31:07,45.8291033,-129.7596941,20582.92,-9732.58,279.18,-1.2,3.3,0.00,1504.78,1504.78,HMR2300,1473.3,-14480.0,49180.0,51288.5,,,,,,,,RR1715,,
J2-1008,ASNAP,2017/08/23 10:31:12,45.8290899,-129.7596739,20584.49,-9734.07,279.09,-1.5,3.3,0.00,1502.05,1502.05,HMR2300,953.3,-14333.3,49246.7,51299.0,,,,,,,,RR1715,,
J2-1008,ASNAP,2017/08/23 10:31:17,45.8291080,-129.7596783,20584.15,-9732.06,279.03,-0.4,3.4,0.00,1500.01,1500.01,HMR2300,1860.0,-14466.7,49246.7,51361.3,,,,,,,,RR1715,,
J2-1008,ASNAP,2017/08/23 10:31:22,45.8291056,-129.7596726,20584.59,-9732.33,279.15,-0.5,3.6,0.00,1497.30,1497.3,HMR2300,1760.0,-14686.7,49180.0,51356.3,,,,,,,,RR1715,,
J2-1008,ASNAP,2017/08/23 10:31:27,45.8290922,-129.7596678,20584.96,-9733.81,279.15,-1.3,3.3,0.00,1494.59,1494.59,HMR2300,1313.3,-14326.7,49233.3,51292.3,,,,,,,,RR1715,,
J2-1008,ASNAP,2017/08/23 10:31:32,45.8291038,-129.7596651,20585.17,-9732.53,279.17,0.0,3.4,0.00,1491.88,1491.88,HMR2300,2020.0,-14500.0,49226.7,51357.5,,,,,,,,RR1715,,
J2-1008,ASNAP,2017/08/23 10:31:37,45.8290959,-129.7596903,20583.22,-9733.40,279.16,-0.7,3.4,0.00,1489.85,1489.85,HMR2300,2193.3,-14513.3,49220.0,51362.0,,,,,,,,RR1715,,
J2-1008,ASNAP,2017/08/23 10:31:42,45.8291079,-129.7596750,20584.40,-9732.07,279.19,-1.7,3.3,0.00,1487.13,1487.13,HMR2300,840.0,-14380.0,49213.3,51278.1,,,,,,,,RR1715,,
J2-1008,ASNAP,2017/08/23 10:31:47,45.8291014,-129.7596891,20583.31,-9732.79,278.96,0.1,3.8,0.00,1484.41,1484.41,HMR2300,2366.7,-14666.7,49140.0,51336.7,,,,,,,,RR1715,,
J2-1008,ASNAP,2017/08/23 10:31:52,45.8291026,-129.7596890,20583.32,-9732.66,279.48,-0.9,3.4,0.00,1481.73,1481.73,HMR2300,1546.7,-14513.3,49200.0,51319.3,,,,,,,,RR1715,,
J2-1008,ASNAP,2017/08/23 10:31:57,45.8291044,-129.7596819,20583.87,-9732.46,279.46,0.5,3.4,0.00,1479.72,1479.72,HMR2300,2280.0,-14453.3,49246.7,51374.4,,,,,,,,RR1715,,
J2-1008,ASNAP,2017/08/23 10:32:02,45.8291097,-129.7596866,20583.50,-9731.87,279.08,-1.1,3.5,0.00,1477.03,1477.03,HMR2300,1626.7,-14646.7,49200.0,51359.6,,,,,,,,RR1715,,
J2-1008,ASNAP,2017/08/23 10:32:07,45.8290952,-129.7596714,20584.68,-9733.48,279.43,-1.4,3.5,0.00,1474.34,1474.34,HMR2300,1073.3,-14573.3,49200.0,51324.2,,,,,,,,RR1715,,
J2-1008,ASNAP,2017/08/23 10:32:12,45.8291008,-129.7596668,20585.04,-9732.86,279.15,-1.7,3.4,0.00,1471.66,1471.66,HMR2300,780.0,-14420.0,49186.7,51262.8,,,,,,,,RR1715,,
J2-1008,ASNAP,2017/08/23 10:32:17,45.8291192,-129.7596816,20583.89,-9730.81,279.03,-0.2,3.4,0.00,1469.69,1469.69,HMR2300,1986.7,-14433.3,49200.0,51311.9,,,,,,,,RR1715,,
J2-1008,ASNAP,2017/08/23 10:32:22,45.8291190,-129.7596720,20584.64,-9730.84,279.08,-0.8,3.6,0.00,1467.02,1467.02,HMR2300,2000.0,-14700.0,49166.7,51356.1,,,,,,,,RR1715,,
J2-1008,ASNAP,2017/08/23 10:32:27,45.8291058,-129.7596712,20584.70,-9732.30,279.30,-1.4,3.6,0.00,1464.34,1464.34,HMR2300,1433.3,-14726.7,49180.0,51357.6,,,,,,,,RR1715,,
J2-1008,ASNAP,2017/08/23 10:32:32,45.8291043,-129.7596765,20584.29,-9732.47,279.07,-1.8,3.5,0.00,1461.65,1461.65,HMR2300,926.7,-14566.7,49166.7,51287.5,,,,,,,,RR1715,,
J2-1008,ASNAP,2017/08/23 10:32:37,45.8291219,-129.7596799,20584.02,-9730.51,278.93,-1.3,3.3,0.00,1459.63,1459.63,HMR2300,1200.0,-14326.7,49220.0,51276.7,,,,,,,,RR1715,,
J2-1008,ASNAP,2017/08/23 10:32:42,45.8291294,-129.7596899,20583.25,-9729.68,279.16,-1.5,3.5,0.00,1456.94,1456.94,HMR2300,973.3,-14626.7,49133.3,51273.5,,,,,,,,RR1715,,
J2-1008,ASNAP,2017/08/23 10:32:47,45.8291490,-129.7596908,20583.18,-9727.50,279.13,-1.0,3.6,0.00,1454.26,1454.26,HMR2300,1200.0,-14746.7,49160.0,51338.2,,,,,,,,RR1715,,
J2-1008,ASNAP,2017/08/23 10:32:52,45.8291784,-129.7596971,20582.69,-9724.23,279.00,-0.7,3.5,0.00,1452.24,1452.24,HMR2300,1586.7,-14566.7,49186.7,51322.8,,,,,,,,RR1715,,
J2-1008,ASNAP,2017/08/23 10:32:57,45.8291464,-129.7596584,20585.69,-9727.79,279.16,-0.6,3.4,0.00,1449.54,1449.54,HMR2300,2026.7,-14513.3,49213.3,51348.8,,,,,,,,RR1715,,
J2-1008,ASNAP,2017/08/23 10:33:02,45.8291201,-129.7596585,20585.68,-9730.71,279.22,-1.4,3.5,0.00,1446.84,1446.84,HMR2300,1186.7,-14666.7,49180.0,51334.1,,,,,,,,RR1715,,
J2-1008,EVT,2017/08/23 10:33:04,45.8291201,-129.7596585,20585.68,-9730.71,279.25,-1.3,3.5,0.00,1446.17,1446.17,HMR2300,1286.7,-14413.3,49186.7,51271.1,,,,,,,,RR1715,DLG,TXT: depth 1450 m temp 2.43 C USR:eventlogger
J2-1008,ASNAP,2017/08/23 10:33:07,45.8291181,-129.7596642,20585.24,-9730.94,279.29,-1.1,3.2,0.00,1444.16,1444.16,HMR2300,1426.7,-14280.0,49226.7,51275.9,,,,,,,,RR1715,,
J2-1008,ASNAP,2017/08/23 10:33:12,45.8291319,-129.7596557,20585.90,-9729.40,279.28,-1.3,3.5,0.00,1442.15,1442.15,HMR2300,1106.7,-14566.7,49160.0,51284.7,,,,,,,,RR1715,,
J2-1008,ASNAP,2017/08/23 10:33:17,45.8291339,-129.7596472,20586.56,-9729.18,278.96,-1.0,3.4,0.00,1439.46,1439.46,HMR2300,1800.0,-14500.0,49200.0,51323.8,,,,,,,,RR1715,,
J2-1008,ASNAP,2017/08/23 10:33:22,45.8291187,-129.7596597,20585.59,-9730.87,278.93,-1.7,3.4,0.00,1436.76,1436.76,HMR2300,1080.0,-14613.3,49166.7,51303.8,,,,,,,,RR1715,,
J2-1008,ASNAP,2017/08/23 10:33:27,45.8291302,-129.7596544,20586.00,-9729.59,279.07,-1.6,3.3,0.00,1434.03,1434.03,HMR2300,886.7,-14353.3,49186.7,51245.8,,,,,,,,RR1715,,
J2-1008,ASNAP,2017/08/23 10:33:32,45.8291254,-129.7596561,20585.87,-9730.12,279.08,-0.2,3.6,0.00,1432.01,1432.01,HMR2300,1980.0,-14626.7,49166.7,51334.4,,,,,,,,RR1715,,
J2-1008,ASNAP,2017/08/23 10:33:37,45.8291256,-129.7596821,20583.85,-9730.10,279.43,-1.4,3.3,0.00,1429.28,1429.28,HMR2300,1160.0,-14473.3,49200.0,51297.8,,,,,,,,RR1715,,
J2-1008,ASNAP,2017/08/23 10:33:42,45.8291315,-129.7596886,20583.35,-9729.45,279.06,-1.2,3.3,0.00,1426.57,1426.57,HMR2300,1240.0,-14433.3,49233.3,51320.4,,,,,,,,RR1715,,
J2-1008,ASNAP,2017/08/23 10:33:47,45.8291446,-129.7596919,20583.09,-9727.99,279.31,-0.9,3.5,0.00,1423.89,1423.89,HMR2300,1346.7,-14566.7,49186.7,51316.0,,,,,,,,RR1715,,
J2-1008,ASNAP,2017/08/23 10:33:52,45.8291317,-129.7596900,20583.24,-9729.42,279.39,-0.1,3.8,0.00,1421.90,1421.9,HMR2300,2640.0,-14933.3,49106.7,51394.9,,,,,,,,RR1715,,
J2-1008,ASNAP,2017/08/23 10:33:57,45.8291186,-129.7596933,20582.98,-9730.88,279.30,-2.0,3.4,0.00,1419.20,1419.2,HMR2300,666.7,-14520.0,49140.0,51244.7,,,,,,,,RR1715,,
J2-1008,ASNAP,2017/08/23 10:34:02,45.8291409,-129.7596830,20583.78,-9728.40,278.33,-0.1,4.0,0.00,1416.52,1416.52,HMR2300,2713.3,-14953.3,49113.3,51410.9,,,,,,,,RR1715,,
J2-1008,ASNAP,2017/08/23 10:34:07,45.8291375,-129.7596823,20583.84,-9728.78,277.76,-0.0,2.6,0.00,1413.69,1413.69,HMR2300,3033.3,-13640.0,49380.0,51319.0,,,,,,,,RR1715,,
J2-1008,ASNAP,2017/08/23 10:34:12,45.8291416,-129.7596618,20585.43,-9728.32,276.92,0.6,2.5,0.00,1411.55,1411.55,HMR2300,3633.3,-13600.0,49353.3,51321.7,,,,,,,,RR1715,,
J2-1008,ASNAP,2017/08/23 10:34:17,45.8291397,-129.7596314,20587.79,-9728.53,276.60,0.5,2.9,0.00,1408.74,1408.74,HMR2300,3633.3,-13933.3,49340.0,51398.2,,,,,,,,RR1715,,
J2-1008,ASNAP,2017/08/23 10:34:22,45.8291458,-129.7596214,20588.56,-9727.86,277.10,0.2,2.7,0.00,1406.00,1406,HMR2300,3260.0,-13733.3,49326.7,51306.5,,,,,,,,RR1715,,
J2-1008,ASNAP,2017/08/23 10:34:27,45.8291644,-129.7595955,20590.57,-9725.79,277.29,0.1,2.6,0.00,1403.28,1403.28,HMR2300,3026.7,-13560.0,49393.3,51310.2,,,,,,,,RR1715,,
J2-1008,ASNAP,2017/08/23 10:34:32,45.8291687,-129.7596078,20589.62,-9725.31,277.13,0.1,2.5,0.00,1401.23,1401.23,HMR2300,3160.0,-13540.0,49366.7,51287.3,,,,,,,,RR1715,,
J2-1008,ASNAP,2017/08/23 10:34:37,45.8291640,-129.7595572,20593.54,-9725.83,277.34,0.0,2.6,0.00,1398.45,1398.45,HMR2300,2960.0,-13626.7,49353.3,51285.5,,,,,,,,RR1715,,
J2-1008,ASNAP,2017/08/23 10:34:42,45.8291729,-129.7595498,20594.12,-9724.84,277.41,-0.1,2.5,0.00,1395.68,1395.68,HMR2300,2913.3,-13580.0,49393.3,51308.9,,,,,,,,RR1715,,
J2-1008,ASNAP,2017/08/23 10:34:47,45.8291792,-129.7595380,20595.03,-9724.14,277.50,-0.2,2.5,0.00,1392.87,1392.87,HMR2300,2773.3,-13680.0,49386.7,51321.3,,,,,,,,RR1715,,
J2-1008,ASNAP,2017/08/23 10:34:52,45.8291790,-129.7595353,20595.24,-9724.17,277.39,-0.2,2.5,0.00,1390.73,1390.73,HMR2300,2773.3,-13566.7,49366.7,51272.0,,,,,,,,RR1715,,
J2-1008,ASNAP,2017/08/23 10:34:57,45.8291835,-129.7594951,20598.36,-9723.67,277.31,0.0,2.8,0.00,1387.86,1387.86,HMR2300,3020.0,-13760.0,49313.3,51286.1,,,,,,,,RR1715,,
J2-1008,ASNAP,2017/08/23 10:35:02,45.8291801,-129.7595101,20597.20,-9724.05,277.39,-0.2,2.4,0.00,1384.97,1384.97,HMR2300,2846.7,-13320.0,49400.0,51243.4,,,,,,,,RR1715,,
J2-1008,ASNAP,2017/08/23 10:35:07,45.8291751,-129.7594813,20599.43,-9724.60,277.27,-0.1,2.4,0.00,1382.06,1382.06,HMR2300,2880.0,-13533.3,49413.3,51314.0,,,,,,,,RR1715,,
J2-1008,ASNAP,2017/08/23 10:35:12,45.8291546,-129.7594577,20601.26,-9726.88,277.26,-0.2,2.5,0.00,1379.87,1379.87,HMR2300,2893.3,-13540.0,49393.3,51297.2,,,,,,,,RR1715,,
J2-1008,ASNAP,2017/08/23 10:35:17,45.8291526,-129.7594448,20602.26,-9727.10,277.00,-0.1,2.7,0.00,1376.95,1376.95,HMR2300,3000.0,-13680.0,49326.7,51276.3,,,,,,,,RR1715,,
J2-1008,ASNAP,2017/08/23 10:35:22,45.8291551,-129.7594339,20603.11,-9726.82,277.20,-0.2,2.4,0.00,1374.00,1374,HMR2300,2866.7,-13613.3,49353.3,51276.6,,,,,,,,RR1715,,
J2-1008,ASNAP,2017/08/23 10:35:27,45.8291534,-129.7594274,20603.61,-9727.01,277.17,-0.1,2.7,0.00,1371.07,1371.07,HMR2300,2980.0,-13660.0,49346.7,51289.1,,,,,,,,RR1715,,
J2-1008,ASNAP,2017/08/23 10:35:32,45.8291691,-129.7593986,20605.85,-9725.27,277.15,-0.2,2.6,0.00,1368.89,1368.89,HMR2300,2900.0,-13660.0,49360.0,51297.3,,,,,,,,RR1715,,
J2-1008,ASNAP,2017/08/23 10:35:37,45.8291853,-129.7593804,20607.26,-9723.47,277.13,-0.2,2.7,0.00,1365.97,1365.97,HMR2300,2893.3,-13733.3,49326.7,51284.5,,,,,,,,RR1715,,
J2-1008,ASNAP,2017/08/23 10:35:42,45.8291730,-129.7593844,20606.95,-9724.83,277.28,-0.3,2.6,0.00,1363.08,1363.08,HMR2300,2740.0,-13680.0,49346.7,51281.0,,,,,,,,RR1715,,
J2-1008,ASNAP,2017/08/23 10:35:47,45.8291902,-129.7593648,20608.47,-9722.92,277.23,-0.3,2.6,0.00,1360.17,1360.17,HMR2300,2793.3,-13700.0,49400.0,51340.6,,,,,,,,RR1715,,
J2-1008,ASNAP,2017/08/23 10:35:52,45.8291944,-129.7593407,20610.34,-9722.45,277.00,-0.4,2.5,0.00,1357.99,1357.99,HMR2300,2813.3,-13620.0,49346.7,51269.0,,,,,,,,RR1715,,
J2-1008,ASNAP,2017/08/23 10:35:57,45.8291765,-129.7593171,20612.17,-9724.45,276.99,-0.5,2.8,0.00,1355.05,1355.05,HMR2300,2700.0,-13806.7,49360.0,51325.7,,,,,,,,RR1715,,
J2-1008,ASNAP,2017/08/23 10:36:02,45.8291859,-129.7593050,20613.11,-9723.40,277.04,-0.7,2.6,0.00,1352.11,1352.11,HMR2300,2560.0,-13586.7,49413.3,51311.1,,,,,,,,RR1715,,
J2-1008,ASNAP,2017/08/23 10:36:07,45.8291832,-129.7593060,20613.03,-9723.70,277.12,-0.6,2.4,0.00,1349.22,1349.22,HMR2300,2560.0,-13413.3,49406.7,51259.0,,,,,,,,RR1715,,
J2-1008,ASNAP,2017/08/23 10:36:12,45.8291928,-129.7592808,20614.99,-9722.63,277.11,-0.5,2.6,0.00,1347.05,1347.05,HMR2300,2613.3,-13640.0,49413.3,51327.9,,,,,,,,RR1715,,
J2-1008,ASNAP,2017/08/23 10:36:17,45.8291873,-129.7592902,20614.26,-9723.24,276.91,-0.6,2.7,0.00,1344.17,1344.17,HMR2300,2566.7,-13686.7,49380.0,51305.9,,,,,,,,RR1715,,
J2-1008,EVT,2017/08/23 10:36:19,45.8291873,-129.7592902,20614.26,-9723.24,276.99,-0.8,2.6,0.00,1342.72,1342.72,HMR2300,2440.0,-13673.3,49326.7,51244.8,,,,,,,,RR1715,DLG,Biology: Cnidaria USR:eventlogger
J2-1008,ASNAP,2017/08/23 10:36:22,45.8291932,-129.7592692,20615.89,-9722.59,276.96,-0.6,2.6,0.00,1341.27,1341.27,HMR2300,2593.3,-13666.7,49326.7,51250.6,,,,,,,,RR1715,,
J2-1008,ASNAP,2017/08/23 10:36:27,45.8292081,-129.7592639,20616.30,-9720.93,276.91,-0.6,2.8,0.00,1338.37,1338.37,HMR2300,2593.3,-13786.7,49340.0,51295.5,,,,,,,,RR1715,,
J2-1008,ASNAP,2017/08/23 10:36:32,45.8292002,-129.7591997,20621.28,-9721.81,276.81,-0.7,2.4,0.00,1336.19,1336.19,HMR2300,2593.3,-13513.3,49380.0,51261.3,,,,,,,,RR1715,,
J2-1008,ASNAP,2017/08/23 10:36:37,45.8291969,-129.7592226,20619.50,-9722.18,277.01,-0.7,2.9,0.00,1333.29,1333.29,HMR2300,2440.0,-13873.3,49346.7,51317.8,,,,,,,,RR1715,,
J2-1008,ASNAP,2017/08/23 10:36:42,45.8292172,-129.7592188,20619.80,-9719.92,276.88,-0.8,2.6,0.00,1330.40,1330.4,HMR2300,2480.0,-13640.0,49406.7,51314.9,,,,,,,,RR1715,,
J2-1008,ASNAP,2017/08/23 10:36:47,45.8292171,-129.7591989,20621.34,-9719.93,277.01,-0.7,2.7,0.00,1327.51,1327.51,HMR2300,2546.7,-13726.7,49346.7,51283.5,,,,,,,,RR1715,,
J2-1008,ASNAP,2017/08/23 10:36:52,45.8292268,-129.7591852,20622.40,-9718.85,276.85,-0.7,2.5,0.00,1325.33,1325.33,HMR2300,2526.7,-13540.0,49426.7,51310.0,,,,,,,,RR1715,,
J2-1008,ASNAP,2017/08/23 10:36:57,45.8292244,-129.7591812,20622.71,-9719.12,277.03,-0.7,2.9,0.00,1322.44,1322.44,HMR2300,2506.7,-13940.0,49393.3,51383.9,,,,,,,,RR1715,,
J2-1008,ASNAP,2017/08/23 10:37:02,45.8292177,-129.7591751,20623.19,-9719.86,276.97,-0.6,2.8,0.00,1319.56,1319.56,HMR2300,2593.3,-13773.3,49360.0,51311.2,,,,,,,,RR1715,,
J2-1008,ASNAP,2017/08/23 10:37:07,45.8292049,-129.7591642,20624.03,-9721.29,276.83,-0.6,2.6,0.00,1316.69,1316.69,HMR2300,2740.0,-13693.3,49426.7,51361.6,,,,,,,,RR1715,,
J2-1008,ASNAP,2017/08/23 10:37:12,45.8292055,-129.7591626,20624.16,-9721.22,277.00,-0.6,2.6,0.00,1314.52,1314.52,HMR2300,2633.3,-13613.3,49393.3,51302.6,,,,,,,,RR1715,,
J2-1008,ASNAP,2017/08/23 10:37:17,45.8292052,-129.7591412,20625.82,-9721.25,276.88,-0.4,2.5,0.00,1311.65,1311.65,HMR2300,2833.3,-13493.3,49346.7,51236.6,,,,,,,,RR1715,,
J2-1008,ASNAP,2017/08/23 10:37:22,45.8292132,-129.7591459,20625.45,-9720.36,276.97,-0.3,2.8,0.00,1308.81,1308.81,HMR2300,2793.3,-13860.0,49306.7,51293.8,,,,,,,,RR1715,,
J2-1008,ASNAP,2017/08/23 10:37:27,45.8292039,-129.7591426,20625.71,-9721.40,276.96,-0.4,2.7,0.00,1306.01,1306.01,HMR2300,2740.0,-13766.7,49346.7,51304.2,,,,,,,,RR1715,,
J2-1008,ASNAP,2017/08/23 10:37:32,45.8292052,-129.7591463,20625.42,-9721.26,277.07,-0.4,2.8,0.00,1303.91,1303.91,HMR2300,2780.0,-13866.7,49320.0,51307.7,,,,,,,,RR1715,,
J2-1008,ASNAP,2017/08/23 10:37:37,45.8292191,-129.7591189,20627.55,-9719.71,276.80,-0.4,2.5,0.00,1301.12,1301.12,HMR2300,2806.7,-13613.3,49433.3,51350.3,,,,,,,,RR1715,,
J2-1008,ASNAP,2017/08/23 10:37:42,45.8292112,-129.7591248,20627.09,-9720.59,276.95,-0.5,2.7,0.00,1298.30,1298.3,HMR2300,2673.3,-13726.7,49340.0,51283.6,,,,,,,,RR1715,,
J2-1008,ASNAP,2017/08/23 10:37:47,45.8292273,-129.7591168,20627.71,-9718.80,276.89,-0.5,2.9,0.00,1295.49,1295.49,HMR2300,2726.7,-13920.0,49360.0,51357.7,,,,,,,,RR1715,,
J2-1008,ASNAP,2017/08/23 10:37:52,45.8292167,-129.7591080,20628.39,-9719.98,276.90,-0.6,2.9,0.00,1293.37,1293.37,HMR2300,2626.7,-13873.3,49406.7,51384.7,,,,,,,,RR1715,,
J2-1008,ASNAP,2017/08/23 10:37:57,45.8292098,-129.7591257,20627.02,-9720.74,276.79,-0.6,2.9,0.00,1290.51,1290.51,HMR2300,2673.3,-13860.0,49366.7,51345.1,,,,,,,,RR1715,,
J2-1008,ASNAP,2017/08/23 10:38:02,45.8293177,-129.7591656,20623.92,-9708.75,276.70,-0.8,2.7,0.00,1287.65,1287.65,HMR2300,2526.7,-13773.3,49386.7,51333.5,,,,,,,,RR1715,,
J2-1008,ASNAP,2017/08/23 10:38:07,45.8293048,-129.7591388,20626.00,-9710.18,276.75,-0.9,2.9,0.00,1284.78,1284.78,HMR2300,2466.7,-13846.7,49353.3,51318.3,,,,,,,,RR1715,,
J2-1008,ASNAP,2017/08/23 10:38:12,45.8292640,-129.7591154,20627.82,-9714.72,276.79,-0.9,2.6,0.00,1282.62,1282.62,HMR2300,2326.7,-13673.3,49353.3,51265.2,,,,,,,,RR1715,,
J2-1008,ASNAP,2017/08/23 10:38:17,45.8292402,-129.7591115,20628.12,-9717.37,276.95,-0.8,2.8,0.00,1279.75,1279.75,HMR2300,2380.0,-13813.3,49326.7,51279.6,,,,,,,,RR1715,,
J2-1008,ASNAP,2017/08/23 10:38:22,45.8292143,-129.7590895,20629.83,-9720.24,276.76,-0.9,2.6,0.00,1276.87,1276.87,HMR2300,2460.0,-13626.7,49366.7,51271.9,,,,,,,,RR1715,,
J2-1008,ASNAP,2017/08/23 10:38:27,45.8291897,-129.7590732,20631.09,-9722.98,276.71,-1.0,2.9,0.00,1273.97,1273.97,HMR2300,2173.3,-13986.7,49280.0,51272.5,,,,,,,,RR1715,,
J2-1008,ASNAP,2017/08/23 10:38:32,45.8291892,-129.7590589,20632.20,-9723.03,276.63,-2.2,3.8,0.00,1271.76,1271.76,HMR2300,1340.0,-14666.7,49166.7,51325.1,,,,,,,,RR1715,,
J2-1008,ASNAP,2017/08/23 10:38:37,45.8291898,-129.7590453,20633.26,-9722.97,276.55,-3.1,3.5,0.00,1269.11,1269.11,HMR2300,700.0,-14486.7,49246.7,51338.0,,,,,,,,RR1715,,
J2-1008,ASNAP,2017/08/23 10:38:42,45.8291959,-129.7590465,20633.16,-9722.29,275.97,-2.9,3.4,0.00,1266.80,1266.8,HMR2300,1106.7,-14326.7,49300.0,51351.4,,,,,,,,RR1715,,
J2-1008,ASNAP,2017/08/23 10:38:47,45.8291989,-129.7590574,20632.32,-9721.96,275.79,-2.7,3.2,0.00,1264.57,1264.57,HMR2300,1293.3,-14106.7,49266.7,51262.8,,,,,,,,RR1715,,
J2-1008,ASNAP,2017/08/23 10:38:52,45.8292025,-129.7590460,20633.20,-9721.55,276.24,-2.4,3.2,0.00,1262.91,1262.91,HMR2300,1360.0,-14013.3,49340.0,51309.4,,,,,,,,RR1715,,
J2-1008,ASNAP,2017/08/23 10:38:57,45.8292085,-129.7590520,20632.74,-9720.89,276.37,-2.0,3.1,0.00,1260.68,1260.68,HMR2300,1693.3,-14013.3,49340.0,51319.4,,,,,,,,RR1715,,
J2-1008,ASNAP,2017/08/23 10:39:02,45.8292321,-129.7590625,20631.92,-9718.26,276.45,-1.9,3.4,0.00,1258.48,1258.48,HMR2300,1640.0,-14326.7,49266.7,51333.7,,,,,,,,RR1715,,
J2-1008,ASNAP,2017/08/23 10:39:07,45.8292314,-129.7590659,20631.66,-9718.34,276.20,-2.1,3.2,0.00,1256.32,1256.32,HMR2300,1640.0,-14166.7,49273.3,51295.7,,,,,,,,RR1715,,
J2-1008,ASNAP,2017/08/23 10:39:12,45.8292644,-129.7590739,20631.04,-9714.68,276.11,-2.2,3.0,0.00,1254.72,1254.72,HMR2300,1606.7,-13940.0,49366.7,51322.2,,,,,,,,RR1715,,
J2-1008,ASNAP,2017/08/23 10:39:17,45.8292665,-129.7590728,20631.12,-9714.44,276.32,-2.2,3.2,0.00,1252.60,1252.6,HMR2300,1533.3,-14126.7,49326.7,51332.6,,,,,,,,RR1715,,
J2-1008,ASNAP,2017/08/23 10:39:22,45.8292789,-129.7590716,20631.22,-9713.06,276.07,-2.0,3.1,0.00,1250.46,1250.46,HMR2300,1720.0,-13980.0,49293.3,51266.3,,,,,,,,RR1715,,
J2-1008,ASNAP,2017/08/23 10:39:27,45.8292796,-129.7590830,20630.33,-9712.99,276.22,-1.9,3.0,0.00,1248.30,1248.3,HMR2300,1766.7,-13980.0,49353.3,51325.6,,,,,,,,RR1715,,
J2-1008,ASNAP,2017/08/23 10:39:32,45.8292751,-129.7590669,20631.58,-9713.48,276.12,-2.1,3.0,0.00,1246.65,1246.65,HMR2300,1673.3,-13906.7,49293.3,51244.8,,,,,,,,RR1715,,
J2-1008,ASNAP,2017/08/23 10:39:37,45.8292800,-129.7590732,20631.09,-9712.94,276.21,-2.3,3.1,0.00,1244.43,1244.43,HMR2300,1500.0,-14086.7,49293.3,51288.6,,,,,,,,RR1715,,
J2-1008,ASNAP,2017/08/23 10:39:42,45.8292762,-129.7590646,20631.76,-9713.36,276.10,-2.2,3.1,0.00,1242.22,1242.22,HMR2300,1560.0,-14073.3,49300.0,51293.1,,,,,,,,RR1715,,
J2-1008,ASNAP,2017/08/23 10:39:47,45.8292748,-129.7590289,20634.53,-9713.52,276.18,-2.1,3.1,0.00,1240.01,1240.01,HMR2300,1553.3,-14060.0,49306.7,51295.7,,,,,,,,RR1715,,
J2-1008,ASNAP,2017/08/23 10:39:52,45.8292364,-129.7590291,20634.51,-9717.79,276.29,-1.9,3.2,0.00,1238.35,1238.35,HMR2300,1773.3,-14120.0,49266.7,51280.8,,,,,,,,RR1715,,
J2-1008,ASNAP,2017/08/23 10:39:57,45.8292690,-129.7590449,20633.29,-9714.16,276.26,-2.0,3.2,0.00,1236.14,1236.14,HMR2300,1680.0,-14086.7,49260.0,51262.1,,,,,,,,RR1715,,
J2-1008,ASNAP,2017/08/23 10:40:02,45.8292741,-129.7590359,20633.99,-9713.60,276.25,-2.0,2.8,0.00,1233.93,1233.93,HMR2300,1720.0,-13806.7,49393.3,51315.5,,,,,,,,RR1715,,
J2-1008,ASNAP,2017/08/23 10:40:07,45.8292898,-129.7590442,20633.34,-9711.85,276.30,-2.0,2.9,0.00,1231.71,1231.71,HMR2300,1580.0,-13840.0,49313.3,51243.0,,,,,,,,RR1715,,
J2-1008,ASNAP,2017/08/23 10:40:12,45.8292943,-129.7589906,20637.50,-9711.35,276.32,-1.9,3.0,0.00,1230.04,1230.04,HMR2300,1706.7,-13986.7,49313.3,51286.9,,,,,,,,RR1715,,
J2-1008,EVT,2017/08/23 10:40:13,45.8292943,-129.7589906,20637.50,-9711.35,276.30,-2.0,3.0,0.00,1229.49,1229.49,HMR2300,1680.0,-13880.0,49380.0,51321.2,,,,,,,,RR1715,DLG,Biology: Crustacean USR:eventlogger
J2-1008,ASNAP,2017/08/23 10:40:17,45.8293154,-129.7589991,20636.84,-9709.01,275.93,-2.0,3.0,0.00,1227.80,1227.8,HMR2300,1860.0,-13913.3,49360.0,51317.2,,,,,,,,RR1715,,
J2-1008,ASNAP,2017/08/23 10:40:22,45.8293118,-129.7590065,20636.27,-9709.41,275.97,-1.9,3.1,0.00,1225.55,1225.55,HMR2300,1813.3,-13966.7,49326.7,51297.9,,,,,,,,RR1715,,
J2-1008,ASNAP,2017/08/23 10:40:27,45.8293134,-129.7590169,20635.46,-9709.23,275.85,-2.0,2.9,0.00,1223.27,1223.27,HMR2300,1860.0,-13746.7,49380.0,51291.5,,,,,,,,RR1715,,
J2-1008,ASNAP,2017/08/23 10:40:32,45.8293184,-129.7590101,20635.99,-9708.67,275.93,-1.9,2.8,0.00,1221.53,1221.53,HMR2300,1820.0,-13820.0,49346.7,51277.7,,,,,,,,RR1715,,
J2-1008,ASNAP,2017/08/23 10:40:37,45.8293379,-129.7590142,20635.67,-9706.50,275.91,-1.8,2.6,0.00,1219.19,1219.19,HMR2300,1926.7,-13480.0,49473.3,51313.1,,,,,,,,RR1715,,
J2-1008,ASNAP,2017/08/23 10:40:42,45.8293228,-129.7590000,20636.77,-9708.18,277.34,-1.7,2.9,0.00,1216.73,1216.73,HMR2300,1546.7,-13886.7,49320.0,51261.0,,,,,,,,RR1715,,
J2-1008,ASNAP,2017/08/23 10:40:47,45.8293270,-129.7590102,20635.98,-9707.72,277.23,-1.7,3.0,0.00,1213.99,1213.99,HMR2300,1593.3,-13973.3,49280.0,51247.5,,,,,,,,RR1715,,
J2-1008,ASNAP,2017/08/23 10:40:52,45.8293247,-129.7590174,20635.42,-9707.97,277.26,-1.7,2.9,0.00,1211.87,1211.87,HMR2300,1520.0,-13986.7,49346.7,51313.1,,,,,,,,RR1715,,
J2-1008,ASNAP,2017/08/23 10:40:57,45.8293343,-129.7590090,20636.07,-9706.91,277.37,-1.7,2.7,0.00,1209.00,1209,HMR2300,1500.0,-13780.0,49326.7,51237.3,,,,,,,,RR1715,,
J2-1008,ASNAP,2017/08/23 10:41:02,45.8293437,-129.7590126,20635.79,-9705.86,277.50,-1.8,3.0,0.00,1206.04,1206.04,HMR2300,1300.0,-13966.7,49306.7,51263.1,,,,,,,,RR1715,,
J2-1008,ASNAP,2017/08/23 10:41:07,45.8293656,-129.7589785,20638.44,-9703.43,277.31,-1.4,2.7,0.00,1203.08,1203.08,HMR2300,1760.0,-13673.3,49426.7,51313.3,,,,,,,,RR1715,,
J2-1008,ASNAP,2017/08/23 10:41:12,45.8293717,-129.7589662,20639.39,-9702.75,277.32,-1.1,2.8,0.00,1200.88,1200.88,HMR2300,1986.7,-13820.0,49346.7,51283.8,,,,,,,,RR1715,,
J2-1008,ASNAP,2017/08/23 10:41:17,45.8293630,-129.7589665,20639.37,-9703.72,277.48,-1.5,2.9,0.00,1197.98,1197.98,HMR2300,1686.7,-14040.0,49380.0,51364.9,,,,,,,,RR1715,,
J2-1008,ASNAP,2017/08/23 10:41:22,45.8293570,-129.7589972,20636.99,-9704.38,277.39,-1.2,2.9,0.00,1195.10,1195.1,HMR2300,1886.7,-13986.7,49326.7,51306.0,,,,,,,,RR1715,,
J2-1008,ASNAP,2017/08/23 10:41:27,45.8293585,-129.7590001,20636.76,-9704.22,277.25,-1.2,3.0,0.00,1192.20,1192.2,HMR2300,1953.3,-14013.3,49380.0,51367.0,,,,,,,,RR1715,,
J2-1008,ASNAP,2017/08/23 10:41:32,45.8293515,-129.7589901,20637.54,-9704.99,277.51,-1.1,2.9,0.00,1190.05,1190.05,HMR2300,1940.0,-13966.7,49300.0,51276.9,,,,,,,,RR1715,,
J2-1008,ASNAP,2017/08/23 10:41:37,45.8293478,-129.7589668,20639.35,-9705.40,277.26,-1.2,2.9,0.00,1187.19,1187.19,HMR2300,1993.3,-13926.7,49386.7,51351.4,,,,,,,,RR1715,,
J2-1008,ASNAP,2017/08/23 10:41:42,45.8293303,-129.7589235,20642.71,-9707.35,277.36,-1.3,2.8,0.00,1184.33,1184.33,HMR2300,1846.7,-13826.7,49440.0,51370.2,,,,,,,,RR1715,,
J2-1008,ASNAP,2017/08/23 10:41:47,45.8293255,-129.7589162,20643.27,-9707.88,277.51,-1.0,3.0,0.00,1181.56,1181.56,HMR2300,1986.7,-14093.3,49320.0,51332.6,,,,,,,,RR1715,,
J2-1008,ASNAP,2017/08/23 10:41:52,45.8293190,-129.7589473,20640.86,-9708.61,277.42,-1.3,2.9,0.00,1179.53,1179.53,HMR2300,1786.7,-13960.0,49293.3,51263.1,,,,,,,,RR1715,,
J2-1008,ASNAP,2017/08/23 10:41:57,45.8293335,-129.7589446,20641.07,-9706.99,277.42,-1.3,2.8,0.00,1176.83,1176.83,HMR2300,1820.0,-13873.3,49320.0,51266.4,,,,,,,,RR1715,,
J2-1008,ASNAP,2017/08/23 10:42:02,45.8293293,-129.7589429,20641.20,-9707.46,277.25,-1.4,2.7,0.00,1174.15,1174.15,HMR2300,1800.0,-13793.3,49426.7,51346.8,,,,,,,,RR1715,,
J2-1008,ASNAP,2017/08/23 10:42:07,45.8293352,-129.7589421,20641.26,-9706.81,277.36,-1.4,2.9,0.00,1171.46,1171.46,HMR2300,1733.3,-14046.7,49340.0,51329.8,,,,,,,,RR1715,,
J2-1008,ASNAP,2017/08/23 10:42:12,45.8293465,-129.7589539,20640.35,-9705.55,277.34,-1.3,3.2,0.00,1169.42,1169.42,HMR2300,1800.0,-14220.0,49273.3,51315.8,,,,,,,,RR1715,,
J2-1008,ASNAP,2017/08/23 10:42:17,45.8293402,-129.7589411,20641.34,-9706.25,277.24,-1.2,3.1,0.00,1166.73,1166.73,HMR2300,1933.3,-14046.7,49280.0,51279.3,,,,,,,,RR1715,,
J2-1008,ASNAP,2017/08/23 10:42:22,45.8293485,-129.7589389,20641.51,-9705.33,277.21,-1.0,2.8,0.00,1164.06,1164.06,HMR2300,2213.3,-13826.7,49326.7,51275.7,,,,,,,,RR1715,,
J2-1008,ASNAP,2017/08/23 10:42:27,45.8293378,-129.7589305,20642.16,-9706.52,277.24,-0.9,3.0,0.00,1161.38,1161.38,HMR2300,2166.7,-13940.0,49400.0,51374.9,,,,,,,,RR1715,,
J2-1008,ASNAP,2017/08/23 10:42:32,45.8293319,-129.7589367,20641.68,-9707.17,277.12,-1.0,2.8,0.00,1159.37,1159.37,HMR2300,2160.0,-13873.3,49386.7,51343.7,,,,,,,,RR1715,,
J2-1008,ASNAP,2017/08/23 10:42:37,45.8293338,-129.7589348,20641.83,-9706.96,277.32,-1.0,3.1,0.00,1156.70,1156.7,HMR2300,2080.0,-14106.7,49293.3,51314.3,,,,,,,,RR1715,,
J2-1008,ASNAP,2017/08/23 10:42:42,45.8293180,-129.7589311,20642.12,-9708.72,277.16,-1.2,2.8,0.00,1154.05,1154.05,HMR2300,2033.3,-13820.0,49360.0,51298.5,,,,,,,,RR1715,,
J2-1008,ASNAP,2017/08/23 10:42:47,45.8293353,-129.7589327,20641.99,-9706.79,277.15,-0.9,3.0,0.00,1151.38,1151.38,HMR2300,2253.3,-14006.7,49413.3,51409.5,,,,,,,,RR1715,,
J2-1008,ASNAP,2017/08/23 10:42:52,45.8293347,-129.7589414,20641.32,-9706.86,277.13,-1.1,2.9,0.00,1149.36,1149.36,HMR2300,2060.0,-13940.0,49400.0,51370.5,,,,,,,,RR1715,,
J2-1008,ASNAP,2017/08/23 10:42:57,45.8293787,-129.7589170,20643.21,-9701.97,277.15,-1.0,2.8,0.00,1146.65,1146.65,HMR2300,2046.7,-13826.7,49386.7,51326.5,,,,,,,,RR1715,,
J2-1008,ASNAP,2017/08/23 10:43:02,45.8293532,-129.7589258,20642.53,-9704.80,277.36,-1.1,2.9,0.00,1143.95,1143.95,HMR2300,1960.0,-13933.3,49280.0,51249.4,,,,,,,,RR1715,,
J2-1008,ASNAP,2017/08/23 10:43:07,45.8293523,-129.7589112,20643.66,-9704.91,277.32,-1.0,3.1,0.00,1141.25,1141.25,HMR2300,2146.7,-14140.0,49326.7,51358.2,,,,,,,,RR1715,,
J2-1008,ASNAP,2017/08/23 10:43:12,45.8293423,-129.7589214,20642.87,-9706.02,277.27,-1.2,3.1,0.00,1139.21,1139.21,HMR2300,2013.3,-14060.0,49393.3,51394.9,,,,,,,,RR1715,,
J2-1008,ASNAP,2017/08/23 10:43:17,45.8293334,-129.7589197,20643.00,-9707.00,277.36,-0.9,3.1,0.00,1136.50,1136.5,HMR2300,2133.3,-14140.0,49366.7,51396.1,,,,,,,,RR1715,,
J2-1008,ASNAP,2017/08/23 10:43:22,45.8293329,-129.7589269,20642.44,-9707.06,277.26,-1.1,3.1,0.00,1133.81,1133.81,HMR2300,2013.3,-14106.7,49273.3,51292.4,,,,,,,,RR1715,,
J2-1008,ASNAP,2017/08/23 10:43:27,45.8293405,-129.7589197,20643.00,-9706.22,277.35,-1.0,3.1,0.00,1131.13,1131.13,HMR2300,2113.3,-14106.7,49253.3,51277.2,,,,,,,,RR1715,,
J2-1008,ASNAP,2017/08/23 10:43:32,45.8293558,-129.7589385,20641.54,-9704.52,277.26,-1.3,2.9,0.00,1129.11,1129.11,HMR2300,1933.3,-13973.3,49346.7,51323.3,,,,,,,,RR1715,,
J2-1008,ASNAP,2017/08/23 10:43:37,45.8293528,-129.7589140,20643.44,-9704.85,277.19,-1.2,3.0,0.00,1126.41,1126.41,HMR2300,2020.0,-14026.7,49400.0,51392.5,,,,,,,,RR1715,,
J2-1008,ASNAP,2017/08/23 10:43:42,45.8293507,-129.7589232,20642.73,-9705.08,277.20,-1.3,2.9,0.00,1123.73,1123.73,HMR2300,1820.0,-14006.7,49340.0,51321.9,,,,,,,,RR1715,,
J2-1008,ASNAP,2017/08/23 10:43:47,45.8293460,-129.7589219,20642.83,-9705.61,277.21,-1.2,3.2,0.00,1121.03,1121.03,HMR2300,1893.3,-14260.0,49233.3,51291.8,,,,,,,,RR1715,,
J2-1008,ASNAP,2017/08/23 10:43:52,45.8293555,-129.7588903,20645.28,-9704.55,277.26,-1.2,3.1,0.00,1119.00,1119,HMR2300,1900.0,-14020.0,49293.3,51283.6,,,,,,,,RR1715,,
J2-1008,ASNAP,2017/08/23 10:43:57,45.8293584,-129.7588906,20645.26,-9704.23,277.21,-1.2,3.1,0.00,1116.30,1116.3,HMR2300,1973.3,-14113.3,49380.0,51395.2,,,,,,,,RR1715,,
J2-1008,ASNAP,2017/08/23 10:44:02,45.8293658,-129.7588713,20646.76,-9703.40,277.32,-1.2,3.2,0.00,1113.61,1113.61,HMR2300,1946.7,-14213.3,49340.0,51383.3,,,,,,,,RR1715,,
J2-1008,ASNAP,2017/08/23 10:44:07,45.8293529,-129.7588596,20647.66,-9704.84,277.11,-1.2,3.2,0.00,1110.91,1110.91,HMR2300,1980.0,-14220.0,49313.3,51360.8,,,,,,,,RR1715,,
J2-1008,ASNAP,2017/08/23 10:44:12,45.8293541,-129.7588564,20647.91,-9704.71,277.32,-1.2,3.0,0.00,1108.89,1108.89,HMR2300,1980.0,-14093.3,49260.0,51274.7,,,,,,,,RR1715,,
J2-1008,ASNAP,2017/08/23 10:44:17,45.8293568,-129.7588517,20648.28,-9704.40,277.16,-1.3,3.1,0.00,1106.19,1106.19,HMR2300,1993.3,-14106.7,49353.3,51368.5,,,,,,,,RR1715,,
J2-1008,ASNAP,2017/08/23 10:44:22,45.8293672,-129.7588438,20648.89,-9703.25,277.13,-1.3,3.1,0.00,1103.49,1103.49,HMR2300,1926.7,-14080.0,49393.3,51397.1,,,,,,,,RR1715,,
J2-1008,ASNAP,2017/08/23 10:44:27,45.8293740,-129.7588495,20648.45,-9702.49,277.19,-1.2,3.1,0.00,1100.79,1100.79,HMR2300,1913.3,-14106.7,49346.7,51359.1,,,,,,,,RR1715,,
J2-1008,ASNAP,2017/08/23 10:44:32,45.8293789,-129.7588585,20647.75,-9701.95,277.27,-1.2,3.0,0.00,1098.77,1098.77,HMR2300,1820.0,-14106.7,49320.0,51330.0,,,,,,,,RR1715,,
J2-1008,ASNAP,2017/08/23 10:44:37,45.8293875,-129.7588625,20647.44,-9700.99,277.20,-1.0,3.3,0.00,1096.07,1096.07,HMR2300,2200.0,-14326.7,49233.3,51322.7,,,,,,,,RR1715,,
J2-1008,ASNAP,2017/08/23 10:44:42,45.8293779,-129.7588501,20648.40,-9702.06,277.23,-0.9,3.4,0.00,1093.39,1093.39,HMR2300,2193.3,-14413.3,49313.3,51423.3,,,,,,,,RR1715,,
J2-1008,ASNAP,2017/08/23 10:44:47,45.8293889,-129.7588487,20648.51,-9700.84,277.24,-1.1,3.2,0.00,1090.74,1090.74,HMR2300,2113.3,-14226.7,49346.7,51400.0,,,,,,,,RR1715,,
J2-1008,ASNAP,2017/08/23 10:44:52,45.8293871,-129.7588488,20648.50,-9701.04,277.12,-0.8,3.1,0.00,1088.77,1088.77,HMR2300,2246.7,-14093.3,49280.0,51304.9,,,,,,,,RR1715,,
J2-1008,ASNAP,2017/08/23 10:44:57,45.8293833,-129.7588504,20648.38,-9701.46,277.20,-1.0,3.2,0.00,1086.11,1086.11,HMR2300,2113.3,-14233.3,49226.7,51286.6,,,,,,,,RR1715,,
J2-1008,ASNAP,2017/08/23 10:45:02,45.8294007,-129.7588346,20649.60,-9699.53,277.15,-0.9,3.1,0.00,1083.46,1083.46,HMR2300,2220.0,-14120.0,49280.0,51311.0,,,,,,,,RR1715,,
J2-1008,ASNAP,2017/08/23 10:45:07,45.8293967,-129.7588303,20649.94,-9699.97,277.12,-1.1,3.0,0.00,1080.80,1080.8,HMR2300,2146.7,-14093.3,49386.7,51403.0,,,,,,,,RR1715,,
J2-1008,ASNAP,2017/08/23 10:45:12,45.8294103,-129.7588127,20651.30,-9698.46,277.18,-1.1,3.0,0.00,1078.79,1078.79,HMR2300,1960.0,-14080.0,49340.0,51347.1,,,,,,,,RR1715,,
J2-1008,ASNAP,2017/08/23 10:45:17,45.8294151,-129.7588209,20650.67,-9697.93,277.10,-0.8,3.1,0.00,1076.14,1076.14,HMR2300,2246.7,-14113.3,49293.3,51323.2,,,,,,,,RR1715,,
J2-1008,ASNAP,2017/08/23 10:45:22,45.8294176,-129.7588180,20650.89,-9697.65,277.18,-1.1,3.0,0.00,1073.49,1073.49,HMR2300,2126.7,-14046.7,49266.7,51274.1,,,,,,,,RR1715,,
J2-1008,ASNAP,2017/08/23 10:45:27,45.8294194,-129.7588120,20651.36,-9697.45,277.21,-1.1,3.2,0.00,1070.79,1070.79,HMR2300,2073.3,-14280.0,49266.7,51336.4,,,,,,,,RR1715,,
J2-1008,ASNAP,2017/08/23 10:45:32,45.8294186,-129.7588085,20651.63,-9697.53,277.14,-1.2,3.2,0.00,1068.75,1068.75,HMR2300,2026.7,-14220.0,49346.7,51394.6,,,,,,,,RR1715,,
J2-1008,ASNAP,2017/08/23 10:45:37,45.8294189,-129.7587917,20652.93,-9697.50,277.23,-1.1,3.1,0.00,1066.03,1066.03,HMR2300,2020.0,-14113.3,49326.7,51345.8,,,,,,,,RR1715,,
J2-1008,ASNAP,2017/08/23 10:45:42,45.8294280,-129.7587899,20653.07,-9696.49,277.28,-1.0,3.2,0.00,1063.29,1063.29,HMR2300,2093.3,-14166.7,49273.3,51312.2,,,,,,,,RR1715,,
J2-1008,ASNAP,2017/08/23 10:45:47,45.8294280,-129.7587899,20653.07,-9696.49,277.20,-1.2,3.1,0.00,1060.57,1060.57,HMR2300,1946.7,-14140.0,49260.0,51286.2,,,,,,,,RR1715,,
J2-1008,ASNAP,2017/08/23 10:45:52,45.8294280,-129.7587899,20653.07,-9696.49,277.09,-1.2,3.1,0.00,1058.52,1058.52,HMR2300,2060.0,-14160.0,49386.7,51417.8,,,,,,,,RR1715,,
J2-1008,ASNAP,2017/08/23 10:45:57,45.8294435,-129.7587612,20655.30,-9694.77,277.17,-1.3,3.0,0.00,1055.78,1055.78,HMR2300,1873.3,-14006.7,49366.7,51349.4,,,,,,,,RR1715,,
J2-1008,ASNAP,2017/08/23 10:46:02,45.8294416,-129.7587558,20655.72,-9694.98,277.14,-0.8,3.2,0.00,1053.03,1053.03,HMR2300,2306.7,-14186.7,49340.0,51390.8,,,,,,,,RR1715,,
J2-1008,ASNAP,2017/08/23 10:46:07,45.8294454,-129.7587572,20655.61,-9694.56,277.08,-1.2,3.1,0.00,1050.30,1050.3,HMR2300,1986.7,-14093.3,49253.3,51268.5,,,,,,,,RR1715,,
J2-1008,ASNAP,2017/08/23 10:46:12,45.8294544,-129.7587612,20655.30,-9693.56,277.20,-1.0,3.3,0.00,1048.26,1048.26,HMR2300,2146.7,-14293.3,49306.7,51381.5,,,,,,,,RR1715,,
J2-1008,ASNAP,2017/08/23 10:46:17,45.8294581,-129.7587631,20655.15,-9693.14,277.16,-1.2,3.1,0.00,1045.52,1045.52,HMR2300,1953.3,-14106.7,49393.3,51405.4,,,,,,,,RR1715,,
J2-1008,ASNAP,2017/08/23 10:46:22,45.8294578,-129.7587384,20657.07,-9693.18,277.19,-0.8,3.5,0.00,1042.78,1042.78,HMR2300,2393.3,-14500.0,49300.0,51443.8,,,,,,,,RR1715,,
J2-1008,ASNAP,2017/08/23 10:46:27,45.8294679,-129.7587172,20658.71,-9692.06,277.17,-1.3,3.3,0.00,1040.03,1040.03,HMR2300,1866.7,-14260.0,49220.0,51278.1,,,,,,,,RR1715,,
J2-1008,ASNAP,2017/08/23 10:46:32,45.8294645,-129.7587188,20658.59,-9692.43,277.14,-1.4,3.0,0.00,1037.98,1037.98,HMR2300,1800.0,-14046.7,49280.0,51274.4,,,,,,,,RR1715,,
J2-1008,ASNAP,2017/08/23 10:46:37,45.8294757,-129.7587155,20658.84,-9691.19,277.20,-1.1,3.2,0.00,1035.21,1035.21,HMR2300,2060.0,-14253.3,49320.0,51379.6,,,,,,,,RR1715,,
J2-1008,ASNAP,2017/08/23 10:46:42,45.8294639,-129.7587257,20658.05,-9692.50,277.14,-1.1,3.1,0.00,1032.48,1032.48,HMR2300,2093.3,-14180.0,49380.0,51418.3,,,,,,,,RR1715,,
J2-1008,ASNAP,2017/08/23 10:46:47,45.8294655,-129.7587238,20658.20,-9692.32,277.03,-1.2,3.0,0.00,1029.77,1029.77,HMR2300,1953.3,-14126.7,49313.3,51334.0,,,,,,,,RR1715,,
J2-1008,ASNAP,2017/08/23 10:46:52,45.8294486,-129.7587219,20658.35,-9694.20,277.26,-1.2,3.2,0.00,1027.74,1027.74,HMR2300,1913.3,-14213.3,49253.3,51298.8,,,,,,,,RR1715,,
J2-1008,ASNAP,2017/08/23 10:46:57,45.8294551,-129.7587088,20659.36,-9693.48,277.24,-1.0,3.2,0.00,1025.06,1025.06,HMR2300,2113.3,-14213.3,49260.0,51313.1,,,,,,,,RR1715,,
J2-1008,ASNAP,2017/08/23 10:47:02,45.8294532,-129.7587061,20659.57,-9693.69,277.34,-1.2,3.1,0.00,1022.41,1022.41,HMR2300,2013.3,-14140.0,49353.3,51378.4,,,,,,,,RR1715,,
J2-1008,ASNAP,2017/08/23 10:47:07,45.8294558,-129.7586945,20660.47,-9693.40,277.32,-1.0,3.1,0.00,1019.76,1019.76,HMR2300,2013.3,-14180.0,49346.7,51383.1,,,,,,,,RR1715,,
J2-1008,ASNAP,2017/08/23 10:47:12,45.8294535,-129.7586934,20660.56,-9693.66,277.20,-1.2,3.0,0.00,1017.76,1017.76,HMR2300,1873.3,-14033.3,49293.3,51286.2,,,,,,,,RR1715,,
J2-1008,ASNAP,2017/08/23 10:47:17,45.8294711,-129.7586764,20661.88,-9691.70,277.17,-1.0,3.2,0.00,1015.10,1015.1,HMR2300,2106.7,-14226.7,49226.7,51284.5,,,,,,,,RR1715,,
J2-1008,ASNAP,2017/08/23 10:47:22,45.8294548,-129.7586733,20662.12,-9693.51,277.24,-1.5,3.0,0.00,1012.39,1012.39,HMR2300,1733.3,-14066.7,49406.7,51399.4,,,,,,,,RR1715,,
J2-1008,ASNAP,2017/08/23 10:47:27,45.8294689,-129.7586591,20663.22,-9691.94,277.31,-1.3,3.1,0.00,1009.66,1009.66,HMR2300,1766.7,-14186.7,49360.0,51388.6,,,,,,,,RR1715,,
J2-1008,ASNAP,2017/08/23 10:47:32,45.8294671,-129.7586541,20663.61,-9692.14,277.27,-1.4,3.1,0.00,1007.61,1007.61,HMR2300,1733.3,-14086.7,49346.7,51347.2,,,,,,,,RR1715,,
J2-1008,EVT,2017/08/23 10:47:36,45.8294727,-129.7586547,20663.56,-9691.52,277.18,-1.3,3.1,0.00,1005.55,1005.55,HMR2300,1786.7,-14120.0,49313.3,51326.1,,,,,,,,RR1715,DLG,TXT: depth 1000 m temp 3.25 C USR:eventlogger
J2-1008,ASNAP,2017/08/23 10:47:37,45.8294727,-129.7586547,20663.56,-9691.52,277.24,-1.3,3.0,0.00,1004.87,1004.87,HMR2300,1800.0,-14040.0,49320.0,51311.1,,,,,,,,RR1715,,
J2-1008,ASNAP,2017/08/23 10:47:42,45.8294761,-129.7586529,20663.70,-9691.14,277.34,-1.2,3.1,0.00,1002.15,1002.15,HMR2300,1913.3,-14120.0,49306.7,51324.3,,,,,,,,RR1715,,
J2-1008,ASNAP,2017/08/23 10:47:47,45.8294811,-129.7586477,20664.10,-9690.59,277.37,-1.4,3.0,0.00,999.43,999.43,HMR2300,1726.7,-14113.3,49380.0,51386.3,,,,,,,,RR1715,,
J2-1008,ASNAP,2017/08/23 10:47:52,45.8294931,-129.7586649,20662.77,-9689.26,277.35,-1.2,3.1,0.00,997.41,997.41,HMR2300,1820.0,-14186.7,49353.3,51384.1,,,,,,,,RR1715,,
J2-1008,ASNAP,2017/08/23 10:47:57,45.8294931,-129.7586587,20663.25,-9689.25,277.42,-1.2,3.3,0.00,994.73,994.73,HMR2300,1853.3,-14293.3,49320.0,51382.8,,,,,,,,RR1715,,
J2-1008,ASNAP,2017/08/23 10:48:02,45.8294994,-129.7586515,20663.81,-9688.56,277.21,-1.2,3.3,0.00,992.09,992.09,HMR2300,1940.0,-14253.3,49226.7,51285.3,,,,,,,,RR1715,,
J2-1008,ASNAP,2017/08/23 10:48:07,45.8295021,-129.7586419,20664.55,-9688.26,277.16,-0.9,3.3,0.00,989.46,989.46,HMR2300,2280.0,-14286.7,49273.3,51353.4,,,,,,,,RR1715,,
J2-1008,ASNAP,2017/08/23 10:48:12,45.8295059,-129.7586272,20665.69,-9687.83,277.21,-1.4,3.2,0.00,987.48,987.48,HMR2300,1873.3,-14213.3,49380.0,51419.0,,,,,,,,RR1715,,
J2-1008,ASNAP,2017/08/23 10:48:17,45.8294988,-129.7586128,20666.81,-9688.62,277.38,-0.7,3.5,0.00,984.85,984.85,HMR2300,2433.3,-14533.3,49280.0,51436.0,,,,,,,,RR1715,,
J2-1008,ASNAP,2017/08/23 10:48:22,45.8294997,-129.7586282,20665.62,-9688.52,277.20,-1.5,3.1,0.00,982.24,982.24,HMR2300,1713.3,-14140.0,49266.7,51284.3,,,,,,,,RR1715,,
J2-1008,ASNAP,2017/08/23 10:48:27,45.8294974,-129.7585946,20668.22,-9688.78,277.27,-1.0,3.3,0.00,979.63,979.63,HMR2300,2026.7,-14266.7,49220.0,51286.0,,,,,,,,RR1715,,
J2-1008,ASNAP,2017/08/23 10:48:32,45.8294876,-129.7585912,20668.49,-9689.87,277.22,-1.4,3.2,0.00,977.66,977.66,HMR2300,1820.0,-14173.3,49313.3,51342.0,,,,,,,,RR1715,,
J2-1008,ASNAP,2017/08/23 10:48:37,45.8295089,-129.7585872,20668.80,-9687.50,277.34,-1.3,3.0,0.00,975.02,975.02,HMR2300,1706.7,-14066.7,49353.3,51347.2,,,,,,,,RR1715,,
J2-1008,ASNAP,2017/08/23 10:48:42,45.8294904,-129.7585909,20668.51,-9689.55,277.35,-1.1,3.3,0.00,972.37,972.37,HMR2300,1980.0,-14340.0,49266.7,51349.4,,,,,,,,RR1715,,
J2-1008,EVT,2017/08/23 10:48:44,45.8294988,-129.7585841,20669.04,-9688.62,277.38,-1.1,3.3,0.00,971.70,971.7,HMR2300,1940.0,-14386.7,49353.3,51444.1,,,,,,,,RR1715,DLG,Biology: Crustacean USR:eventlogger
J2-1008,ASNAP,2017/08/23 10:48:47,45.8294962,-129.7585765,20669.63,-9688.91,277.27,-1.3,3.3,0.00,969.71,969.71,HMR2300,1893.3,-14280.0,49233.3,51297.4,,,,,,,,RR1715,,
J2-1008,ASNAP,2017/08/23 10:48:52,45.8295007,-129.7585660,20670.44,-9688.41,277.47,-1.3,3.2,0.00,967.73,967.73,HMR2300,1786.7,-14273.3,49233.3,51291.7,,,,,,,,RR1715,,
J2-1008,ASNAP,2017/08/23 10:48:57,45.8295010,-129.7585485,20671.80,-9688.38,277.44,-1.1,3.2,0.00,965.09,965.09,HMR2300,1953.3,-14193.3,49380.0,51416.4,,,,,,,,RR1715,,
J2-1008,ASNAP,2017/08/23 10:49:02,45.8295057,-129.7585272,20673.45,-9687.85,277.52,-1.2,3.3,0.00,962.49,962.49,HMR2300,1786.7,-14340.0,49306.7,51380.7,,,,,,,,RR1715,,
J2-1008,ASNAP,2017/08/23 10:49:07,45.8295094,-129.7585124,20674.60,-9687.44,277.36,-1.3,3.1,0.00,959.89,959.89,HMR2300,1766.7,-14126.7,49300.0,51314.5,,,,,,,,RR1715,,
J2-1008,ASNAP,2017/08/23 10:49:12,45.8294889,-129.7585021,20675.40,-9689.72,277.42,-1.3,3.0,0.00,957.94,957.94,HMR2300,1806.7,-14086.7,49273.3,51279.2,,,,,,,,RR1715,,
J2-1008,ASNAP,2017/08/23 10:49:17,45.8295097,-129.7585093,20674.84,-9687.41,277.44,-1.3,3.0,0.00,955.34,955.34,HMR2300,1806.7,-14113.3,49360.0,51369.8,,,,,,,,RR1715,,
J2-1008,ASNAP,2017/08/23 10:49:22,45.8294964,-129.7584936,20676.06,-9688.89,277.30,-1.4,3.2,0.00,952.72,952.72,HMR2300,1740.0,-14213.3,49360.0,51395.1,,,,,,,,RR1715,,
J2-1008,ASNAP,2017/08/23 10:49:27,45.8295146,-129.7584913,20676.24,-9686.86,277.31,-1.5,3.0,0.00,950.10,950.1,HMR2300,1686.7,-14113.3,49360.0,51365.8,,,,,,,,RR1715,,
J2-1008,ASNAP,2017/08/23 10:49:32,45.8295199,-129.7584969,20675.80,-9686.28,277.40,-1.6,2.9,0.00,948.14,948.14,HMR2300,1500.0,-13993.3,49340.0,51307.9,,,,,,,,RR1715,,
J2-1008,ASNAP,2017/08/23 10:49:37,45.8295227,-129.7584900,20676.34,-9685.97,277.26,-1.6,3.1,0.00,945.51,945.51,HMR2300,1646.7,-14086.7,49293.3,51293.1,,,,,,,,RR1715,,
J2-1008,ASNAP,2017/08/23 10:49:42,45.8295217,-129.7584887,20676.44,-9686.08,277.29,-1.7,3.1,0.00,942.87,942.87,HMR2300,1600.0,-14080.0,49366.7,51360.2,,,,,,,,RR1715,,
J2-1008,ASNAP,2017/08/23 10:49:47,45.8295207,-129.7584962,20675.86,-9686.19,277.33,-1.8,3.1,0.00,940.21,940.21,HMR2300,1380.0,-14073.3,49393.3,51377.7,,,,,,,,RR1715,,
J2-1008,ASNAP,2017/08/23 10:49:52,45.8295306,-129.7584905,20676.30,-9685.09,277.43,-1.5,3.1,0.00,938.22,938.22,HMR2300,1453.3,-14140.0,49273.3,51282.7,,,,,,,,RR1715,,
J2-1008,ASNAP,2017/08/23 10:49:57,45.8295227,-129.7584882,20676.48,-9685.97,277.34,-1.5,3.2,0.00,935.57,935.57,HMR2300,1686.7,-14206.7,49246.7,51282.6,,,,,,,,RR1715,,
J2-1008,ASNAP,2017/08/23 10:50:02,45.8295192,-129.7584810,20677.04,-9686.35,277.38,-1.8,3.1,0.00,932.90,932.9,HMR2300,1460.0,-14046.7,49280.0,51263.6,,,,,,,,RR1715,,
J2-1008,ASNAP,2017/08/23 10:50:07,45.8295206,-129.7584759,20677.43,-9686.20,277.50,-1.7,3.2,0.00,930.25,930.25,HMR2300,1480.0,-14226.7,49340.0,51371.4,,,,,,,,RR1715,,
J2-1008,ASNAP,2017/08/23 10:50:12,45.8295209,-129.7584695,20677.93,-9686.16,277.44,-1.8,2.9,0.00,928.27,928.27,HMR2300,1326.7,-13946.7,49346.7,51296.8,,,,,,,,RR1715,,
J2-1008,ASNAP,2017/08/23 10:50:17,45.8295274,-129.7584581,20678.81,-9685.44,277.33,-1.9,3.1,0.00,925.63,925.63,HMR2300,1260.0,-14160.0,49293.3,51302.3,,,,,,,,RR1715,,
J2-1008,ASNAP,2017/08/23 10:50:22,45.8295290,-129.7584532,20679.19,-9685.27,277.33,-1.7,3.1,0.00,923.01,923.01,HMR2300,1386.7,-14140.0,49246.7,51255.2,,,,,,,,RR1715,,
J2-1008,ASNAP,2017/08/23 10:50:27,45.8295270,-129.7584364,20680.50,-9685.49,277.27,-1.7,3.0,0.00,920.40,920.4,HMR2300,1553.3,-13933.3,49306.7,51261.1,,,,,,,,RR1715,,
J2-1008,ASNAP,2017/08/23 10:50:32,45.8295190,-129.7584606,20678.62,-9686.38,277.38,-1.6,3.0,0.00,918.44,918.44,HMR2300,1553.3,-14006.7,49386.7,51358.0,,,,,,,,RR1715,,
J2-1008,ASNAP,2017/08/23 10:50:37,45.8295215,-129.7584469,20679.68,-9686.10,277.46,-1.8,2.8,0.00,915.82,915.82,HMR2300,1393.3,-13933.3,49360.0,51307.8,,,,,,,,RR1715,,
J2-1008,ASNAP,2017/08/23 10:50:42,45.8294652,-129.7584817,20676.98,-9692.36,277.39,-1.6,2.9,0.00,913.22,913.22,HMR2300,1446.7,-14013.3,49313.3,51286.2,,,,,,,,RR1715,,
J2-1008,ASNAP,2017/08/23 10:50:47,45.8294778,-129.7584397,20680.24,-9690.95,277.40,-1.6,3.2,0.00,910.59,910.59,HMR2300,1460.0,-14240.0,49226.7,51265.7,,,,,,,,RR1715,,
J2-1008,ASNAP,2017/08/23 10:50:52,45.8295327,-129.7584067,20682.80,-9684.85,277.41,-1.6,3.0,0.00,908.64,908.64,HMR2300,1533.3,-14140.0,49386.7,51393.9,,,,,,,,RR1715,,
J2-1008,ASNAP,2017/08/23 10:50:57,45.8295299,-129.7583991,20683.39,-9685.17,277.34,-1.7,2.9,0.00,906.03,906.03,HMR2300,1413.3,-14033.3,49386.7,51361.2,,,,,,,,RR1715,,
J2-1008,ASNAP,2017/08/23 10:51:02,45.8295343,-129.7583758,20685.20,-9684.67,277.38,-1.4,3.0,0.00,903.41,903.41,HMR2300,1713.3,-14026.7,49346.7,51330.1,,,,,,,,RR1715,,
J2-1008,ASNAP,2017/08/23 10:51:07,45.8295301,-129.7583802,20684.86,-9685.14,277.47,-1.5,3.0,0.00,900.78,900.78,HMR2300,1600.0,-14073.3,49260.0,51255.9,,,,,,,,RR1715,,
J2-1008,ASNAP,2017/08/23 10:51:12,45.8295406,-129.7583581,20686.57,-9683.97,277.31,-1.7,2.9,0.00,898.82,898.82,HMR2300,1586.7,-13866.7,49386.7,51321.0,,,,,,,,RR1715,,
J2-1008,ASNAP,2017/08/23 10:51:17,45.8295285,-129.7583616,20686.30,-9685.32,277.45,-1.8,2.8,0.00,896.20,896.2,HMR2300,1380.0,-13966.7,49426.7,51380.6,,,,,,,,RR1715,,
J2-1008,ASNAP,2017/08/23 10:51:22,45.8295182,-129.7583600,20686.42,-9686.47,277.33,-1.9,2.9,0.00,893.58,893.58,HMR2300,1293.3,-13946.7,49393.3,51340.9,,,,,,,,RR1715,,
J2-1008,ASNAP,2017/08/23 10:51:27,45.8295201,-129.7583649,20686.04,-9686.25,277.29,-1.9,2.9,0.00,890.97,890.97,HMR2300,1246.7,-14006.7,49300.0,51266.3,,,,,,,,RR1715,,
J2-1008,ASNAP,2017/08/23 10:51:32,45.8295256,-129.7583599,20686.43,-9685.64,277.32,-1.9,2.9,0.00,889.02,889.02,HMR2300,1286.7,-13993.3,49260.0,51225.2,,,,,,,,RR1715,,
J2-1008,ASNAP,2017/08/23 10:51:37,45.8295249,-129.7583634,20686.16,-9685.72,277.26,-2.0,2.9,0.00,886.42,886.42,HMR2300,1300.0,-13960.0,49360.0,51312.6,,,,,,,,RR1715,,
J2-1008,ASNAP,2017/08/23 10:51:42,45.8295272,-129.7583568,20686.67,-9685.47,277.51,-1.8,2.9,0.00,883.80,883.8,HMR2300,1406.7,-14080.0,49393.3,51380.2,,,,,,,,RR1715,,
J2-1008,ASNAP,2017/08/23 10:51:47,45.8295241,-129.7583679,20685.81,-9685.81,277.33,-1.7,2.8,0.00,881.15,881.15,HMR2300,1500.0,-13966.7,49346.7,51307.0,,,,,,,,RR1715,,
J2-1008,ASNAP,2017/08/23 10:51:52,45.8295286,-129.7583594,20686.47,-9685.31,277.34,-1.7,3.0,0.00,879.17,879.17,HMR2300,1393.3,-14186.7,49260.0,51281.1,,,,,,,,RR1715,,
J2-1008,ASNAP,2017/08/23 10:51:57,45.8295213,-129.7583568,20686.67,-9686.12,277.42,-1.6,3.1,0.00,876.52,876.52,HMR2300,1546.7,-14120.0,49266.7,51273.5,,,,,,,,RR1715,,
J2-1008,ASNAP,2017/08/23 10:52:02,45.8295182,-129.7583602,20686.41,-9686.47,277.40,-1.8,3.1,0.00,873.90,873.9,HMR2300,1493.3,-14113.3,49326.7,51327.7,,,,,,,,RR1715,,
J2-1008,ASNAP,2017/08/23 10:52:07,45.8295170,-129.7583493,20687.25,-9686.60,277.41,-1.8,3.0,0.00,871.29,871.29,HMR2300,1300.0,-14066.7,49346.7,51328.9,,,,,,,,RR1715,,
J2-1008,ASNAP,2017/08/23 10:52:12,45.8295196,-129.7583466,20687.46,-9686.31,277.38,-1.8,3.1,0.00,869.35,869.35,HMR2300,1286.7,-14140.0,49306.7,51310.3,,,,,,,,RR1715,,
J2-1008,ASNAP,2017/08/23 10:52:17,45.8295153,-129.7583465,20687.47,-9686.79,277.28,-1.7,3.1,0.00,866.75,866.75,HMR2300,1480.0,-14160.0,49246.7,51263.3,,,,,,,,RR1715,,
J2-1008,EVT,2017/08/23 10:52:22,45.8295241,-129.7583299,20688.76,-9685.81,277.23,-1.9,3.0,0.00,864.16,864.16,HMR2300,1406.7,-14026.7,49400.0,51372.0,,,,,,,,RR1715,DLG,Biology: Crustacean USR:eventlogger
J2-1008,ASNAP,2017/08/23 10:52:22,45.8295241,-129.7583299,20688.76,-9685.81,277.23,-1.9,3.0,0.00,864.16,864.16,HMR2300,1406.7,-14026.7,49400.0,51372.0,,,,,,,,RR1715,,
J2-1008,ASNAP,2017/08/23 10:52:27,45.8295161,-129.7583304,20688.72,-9686.70,277.39,-1.8,3.1,0.00,861.57,861.57,HMR2300,1320.0,-14140.0,49366.7,51368.8,,,,,,,,RR1715,,
J2-1008,ASNAP,2017/08/23 10:52:32,45.8295266,-129.7583228,20689.31,-9685.53,277.34,-1.8,3.0,0.00,859.62,859.62,HMR2300,1406.7,-14073.3,49346.7,51333.5,,,,,,,,RR1715,,
J2-1008,ASNAP,2017/08/23 10:52:37,45.8295269,-129.7583232,20689.28,-9685.50,277.14,-1.9,3.0,0.00,857.01,857.01,HMR2300,1326.7,-14073.3,49293.3,51280.1,,,,,,,,RR1715,,
J2-1008,ASNAP,2017/08/23 10:52:42,45.8295135,-129.7583122,20690.13,-9686.99,277.22,-2.1,2.9,0.00,854.39,854.39,HMR2300,1233.3,-13933.3,49346.7,51290.9,,,,,,,,RR1715,,
J2-1008,ASNAP,2017/08/23 10:52:47,45.8295149,-129.7583192,20689.59,-9686.83,277.29,-1.9,3.1,0.00,851.76,851.76,HMR2300,1346.7,-14133.3,49386.7,51386.8,,,,,,,,RR1715,,
J2-1008,ASNAP,2017/08/23 10:52:52,45.8295045,-129.7583345,20688.40,-9687.99,277.25,-2.0,3.0,0.00,849.80,849.8,HMR2300,1226.7,-14113.3,49380.0,51371.9,,,,,,,,RR1715,,
J2-1008,ASNAP,2017/08/23 10:52:57,45.8295012,-129.7583384,20688.10,-9688.36,277.29,-2.0,3.2,0.00,847.19,847.19,HMR2300,1160.0,-14193.3,49320.0,51334.8,,,,,,,,RR1715,,
J2-1008,ASNAP,2017/08/23 10:53:02,45.8295041,-129.7583286,20688.86,-9688.03,277.35,-1.8,3.2,0.00,844.60,844.6,HMR2300,1360.0,-14140.0,49253.3,51260.9,,,,,,,,RR1715,,
J2-1008,ASNAP,2017/08/23 10:53:07,45.8294919,-129.7583264,20689.03,-9689.39,277.10,-1.7,3.0,0.00,842.03,842.03,HMR2300,1586.7,-14013.3,49326.7,51303.1,,,,,,,,RR1715,,
J2-1008,ASNAP,2017/08/23 10:53:12,45.8294963,-129.7583240,20689.22,-9688.90,277.17,-1.7,3.1,0.00,840.10,840.1,HMR2300,1520.0,-14186.7,49360.0,51380.8,,,,,,,,RR1715,,
J2-1008,ASNAP,2017/08/23 10:53:17,45.8295084,-129.7583095,20690.34,-9687.55,277.24,-1.8,3.1,0.00,837.51,837.51,HMR2300,1460.0,-14126.7,49366.7,51368.9,,,,,,,,RR1715,,
J2-1008,ASNAP,2017/08/23 10:53:22,45.8295038,-129.7583044,20690.74,-9688.07,277.22,-1.8,3.1,0.00,834.92,834.92,HMR2300,1380.0,-14106.7,49253.3,51252.3,,,,,,,,RR1715,,
J2-1008,ASNAP,2017/08/23 10:53:27,45.8295138,-129.7582973,20691.29,-9686.95,277.24,-1.7,3.2,0.00,832.33,832.33,HMR2300,1480.0,-14166.7,49233.3,51252.4,,,,,,,,RR1715,,
J2-1008,EVT,2017/08/23 10:53:32,45.8295202,-129.7582955,20691.43,-9686.24,277.15,-1.7,2.9,0.00,830.39,830.39,HMR2300,1553.3,-13940.0,49413.3,51365.5,,,,,,,,RR1715,DLG,Biology: Crustacean USR:eventlogger
J2-1008,ASNAP,2017/08/23 10:53:32,45.8295202,-129.7582955,20691.43,-9686.24,277.15,-1.7,2.9,0.00,830.39,830.39,HMR2300,1580.0,-13906.7,49353.3,51299.5,,,,,,,,RR1715,,
J2-1008,ASNAP,2017/08/23 10:53:37,45.8295108,-129.7582930,20691.62,-9687.29,277.42,-1.7,3.1,0.00,827.76,827.76,HMR2300,1460.0,-14160.0,49340.0,51352.4,,,,,,,,RR1715,,
J2-1008,ASNAP,2017/08/23 10:53:42,45.8295143,-129.7582955,20691.43,-9686.90,277.28,-1.8,2.9,0.00,825.16,825.16,HMR2300,1313.3,-13986.7,49360.0,51320.2,,,,,,,,RR1715,,
J2-1008,ASNAP,2017/08/23 10:53:47,45.8295168,-129.7582849,20692.25,-9686.62,277.13,-1.8,3.0,0.00,822.56,822.56,HMR2300,1340.0,-14106.7,49280.0,51276.8,,,,,,,,RR1715,,
J2-1008,ASNAP,2017/08/23 10:53:52,45.8295164,-129.7582835,20692.36,-9686.66,277.24,-1.9,3.2,0.00,820.61,820.61,HMR2300,1300.0,-14193.3,49246.7,51267.7,,,,,,,,RR1715,,
J2-1008,ASNAP,2017/08/23 10:53:57,45.8295208,-129.7582747,20693.04,-9686.18,277.23,-2.0,3.1,0.00,817.99,817.99,HMR2300,1246.7,-14140.0,49366.7,51366.9,,,,,,,,RR1715,,
J2-1008,ASNAP,2017/08/23 10:54:02,45.8295163,-129.7582728,20693.19,-9686.68,277.38,-2.0,2.9,0.00,815.36,815.36,HMR2300,1186.7,-14026.7,49360.0,51328.0,,,,,,,,RR1715,,
J2-1008,ASNAP,2017/08/23 10:54:07,45.8295326,-129.7582613,20694.08,-9684.86,277.31,-1.9,2.9,0.00,812.75,812.75,HMR2300,1253.3,-13980.0,49340.0,51297.6,,,,,,,,RR1715,,
J2-1008,ASNAP,2017/08/23 10:54:12,45.8295324,-129.7582662,20693.70,-9684.89,277.27,-2.1,2.9,0.00,810.77,810.77,HMR2300,1073.3,-13880.0,49273.3,51202.2,,,,,,,,RR1715,,
J2-1008,ASNAP,2017/08/23 10:54:17,45.8295377,-129.7582573,20694.39,-9684.30,277.15,-1.8,3.0,0.00,808.13,808.13,HMR2300,1480.0,-14133.3,49353.3,51358.5,,,,,,,,RR1715,,
J2-1008,ASNAP,2017/08/23 10:54:22,45.8295383,-129.7582631,20693.94,-9684.23,277.18,-1.7,3.2,0.00,805.49,805.49,HMR2300,1473.3,-14233.3,49386.7,51417.9,,,,,,,,RR1715,,
J2-1008,ASNAP,2017/08/23 10:54:27,45.8295376,-129.7582498,20694.97,-9684.31,277.23,-1.8,3.0,0.00,802.84,802.84,HMR2300,1393.3,-14066.7,49366.7,51350.6,,,,,,,,RR1715,,
J2-1008,ASNAP,2017/08/23 10:54:32,45.8295366,-129.7582501,20694.95,-9684.42,277.35,-1.9,3.0,0.00,800.87,800.87,HMR2300,1313.3,-14113.3,49320.0,51316.4,,,,,,,,RR1715,,
J2-1008,ASNAP,2017/08/23 10:54:37,45.8295382,-129.7582304,20696.48,-9684.24,277.21,-1.9,2.9,0.00,798.25,798.25,HMR2300,1346.7,-13986.7,49306.7,51269.8,,,,,,,,RR1715,,
J2-1008,ASNAP,2017/08/23 10:54:42,45.8295379,-129.7582361,20696.04,-9684.28,277.26,-2.0,3.1,0.00,795.60,795.6,HMR2300,1280.0,-14180.0,49353.3,51366.0,,,,,,,,RR1715,,
J2-1008,ASNAP,2017/08/23 10:54:47,45.8295479,-129.7582408,20695.67,-9683.16,277.19,-2.0,3.1,0.00,792.99,792.99,HMR2300,1273.3,-14193.3,49380.0,51395.1,,,,,,,,RR1715,,
J2-1008,ASNAP,2017/08/23 10:54:52,45.8295458,-129.7582341,20696.19,-9683.40,277.29,-2.0,3.0,0.00,791.03,791.03,HMR2300,1126.7,-14086.7,49293.3,51279.0,,,,,,,,RR1715,,
J2-1008,ASNAP,2017/08/23 10:54:57,45.8295495,-129.7581957,20699.17,-9682.99,277.35,-1.9,3.0,0.00,788.43,788.43,HMR2300,1160.0,-14086.7,49260.0,51247.7,,,,,,,,RR1715,,
J2-1008,ASNAP,2017/08/23 10:55:02,45.8295568,-129.7581918,20699.47,-9682.17,277.38,-2.0,2.9,0.00,785.85,785.85,HMR2300,1246.7,-14026.7,49300.0,51271.7,,,,,,,,RR1715,,
J2-1008,ASNAP,2017/08/23 10:55:07,45.8295573,-129.7581944,20699.27,-9682.12,277.42,-2.0,2.9,0.00,783.27,783.27,HMR2300,1140.0,-14046.7,49273.3,51249.1,,,,,,,,RR1715,,
J2-1008,ASNAP,2017/08/23 10:55:12,45.8295685,-129.7581991,20698.91,-9680.87,278.06,-2.3,3.0,0.00,781.36,781.36,HMR2300,720.0,-14046.7,49353.3,51318.4,,,,,,,,RR1715,,
J2-1008,ASNAP,2017/08/23 10:55:17,45.8295645,-129.7582175,20697.48,-9681.32,278.30,-2.5,3.0,0.00,778.88,778.88,HMR2300,426.7,-14153.3,49340.0,51331.6,,,,,,,,RR1715,,
J2-1008,ASNAP,2017/08/23 10:55:22,45.8295810,-129.7582107,20698.01,-9679.49,278.22,-2.5,3.0,0.00,776.50,776.5,HMR2300,460.0,-14120.0,49340.0,51322.7,,,,,,,,RR1715,,
J2-1008,ASNAP,2017/08/23 10:55:27,45.8295679,-129.7582147,20697.70,-9680.94,278.42,-2.6,2.8,0.00,774.19,774.19,HMR2300,253.3,-13960.0,49300.0,51239.0,,,,,,,,RR1715,,
J2-1008,ASNAP,2017/08/23 10:55:32,45.8295613,-129.7582136,20697.78,-9681.68,278.30,-2.6,2.8,0.00,772.50,772.5,HMR2300,340.0,-13913.3,49326.7,51252.5,,,,,,,,RR1715,,
J2-1008,ASNAP,2017/08/23 10:55:37,45.8295702,-129.7582175,20697.48,-9680.69,278.28,-2.4,3.0,0.00,770.27,770.27,HMR2300,546.7,-14060.0,49366.7,51332.7,,,,,,,,RR1715,,
J2-1008,ASNAP,2017/08/23 10:55:42,45.8295725,-129.7582308,20696.45,-9680.43,278.34,-2.4,2.9,0.00,768.05,768.05,HMR2300,460.0,-14046.7,49346.7,51309.0,,,,,,,,RR1715,,
J2-1008,ASNAP,2017/08/23 10:55:47,45.8295757,-129.7582283,20696.64,-9680.07,278.36,-2.3,3.0,0.00,765.82,765.82,HMR2300,506.7,-14226.7,49253.3,51269.3,,,,,,,,RR1715,,
J2-1008,ASNAP,2017/08/23 10:55:52,45.8295785,-129.7582379,20695.90,-9679.76,278.33,-2.3,3.0,0.00,764.16,764.16,HMR2300,533.3,-14140.0,49220.0,51213.6,,,,,,,,RR1715,,
J2-1008,ASNAP,2017/08/23 10:55:57,45.8295826,-129.7582224,20697.10,-9679.31,278.44,-2.2,3.0,0.00,761.91,761.91,HMR2300,613.3,-14140.0,49300.0,51291.4,,,,,,,,RR1715,,
J2-1008,ASNAP,2017/08/23 10:56:02,45.8295822,-129.7582279,20696.67,-9679.35,278.50,-2.4,2.9,0.00,759.65,759.65,HMR2300,506.7,-14086.7,49366.7,51339.6,,,,,,,,RR1715,,
J2-1008,ASNAP,2017/08/23 10:56:07,45.8295987,-129.7582287,20696.61,-9677.52,278.32,-2.2,3.1,0.00,757.96,757.96,HMR2300,633.3,-14166.7,49300.0,51299.0,,,,,,,,RR1715,,
J2-1008,ASNAP,2017/08/23 10:56:12,45.8295879,-129.7582322,20696.34,-9678.72,278.43,-2.3,2.9,0.00,755.70,755.7,HMR2300,500.0,-14073.3,49260.0,51233.4,,,,,,,,RR1715,,
J2-1008,ASNAP,2017/08/23 10:56:17,45.8295838,-129.7582394,20695.78,-9679.17,278.42,-2.3,2.9,0.00,753.44,753.44,HMR2300,486.7,-14026.7,49246.7,51207.6,,,,,,,,RR1715,,
J2-1008,ASNAP,2017/08/23 10:56:22,45.8295930,-129.7582451,20695.34,-9678.15,278.45,-2.4,2.9,0.00,751.17,751.17,HMR2300,486.7,-13966.7,49340.0,51281.0,,,,,,,,RR1715,,
J2-1008,ASNAP,2017/08/23 10:56:27,45.8296042,-129.7582473,20695.17,-9676.91,278.35,-2.3,3.0,0.00,749.47,749.47,HMR2300,493.3,-14153.3,49313.3,51306.6,,,,,,,,RR1715,,
J2-1008,ASNAP,2017/08/23 10:56:32,45.8296100,-129.7582500,20694.96,-9676.26,278.42,-2.4,2.9,0.00,747.21,747.21,HMR2300,440.0,-13980.0,49313.3,51258.5,,,,,,,,RR1715,,
J2-1008,ASNAP,2017/08/23 10:56:37,45.8296131,-129.7582430,20695.50,-9675.92,278.29,-2.4,2.8,0.00,744.94,744.94,HMR2300,513.3,-13946.7,49273.3,51211.7,,,,,,,,RR1715,,
J2-1008,ASNAP,2017/08/23 10:56:42,45.8296255,-129.7582467,20695.21,-9674.54,278.45,-2.5,2.9,0.00,742.66,742.66,HMR2300,380.0,-14073.3,49246.7,51219.5,,,,,,,,RR1715,,
J2-1008,ASNAP,2017/08/23 10:56:47,45.8296320,-129.7582274,20696.71,-9673.82,278.32,-2.4,2.8,0.00,740.94,740.94,HMR2300,486.7,-13933.3,49393.3,51323.2,,,,,,,,RR1715,,
J2-1008,ASNAP,2017/08/23 10:56:52,45.8296134,-129.7582389,20695.82,-9675.88,278.34,-2.4,2.9,0.00,738.63,738.63,HMR2300,426.7,-14046.7,49340.0,51302.3,,,,,,,,RR1715,,
J2-1008,ASNAP,2017/08/23 10:56:57,45.8296153,-129.7582336,20696.23,-9675.67,277.92,-2.0,2.5,0.00,736.32,736.32,HMR2300,926.7,-13600.0,49346.7,51194.8,,,,,,,,RR1715,,
J2-1008,ASNAP,2017/08/23 10:57:02,45.8296165,-129.7582425,20695.54,-9675.54,277.72,-2.3,2.7,0.00,733.97,733.97,HMR2300,800.0,-13940.0,49406.7,51341.8,,,,,,,,RR1715,,
J2-1008,ASNAP,2017/08/23 10:57:07,45.8296216,-129.7582550,20694.57,-9674.97,278.45,-2.3,2.8,0.00,732.17,732.17,HMR2300,486.7,-13980.0,49366.7,51310.3,,,,,,,,RR1715,,
J2-1008,ASNAP,2017/08/23 10:57:12,45.8296312,-129.7582482,20695.10,-9673.91,278.37,-2.6,2.7,0.00,729.82,729.82,HMR2300,246.7,-13826.7,49340.0,51241.3,,,,,,,,RR1715,,
J2-1008,ASNAP,2017/08/23 10:57:17,45.8296457,-129.7582487,20695.06,-9672.29,278.32,-2.4,2.9,0.00,727.50,727.5,HMR2300,453.3,-13980.0,49260.0,51207.4,,,,,,,,RR1715,,
J2-1008,ASNAP,2017/08/23 10:57:22,45.8296503,-129.7582496,20694.99,-9671.78,278.22,-2.7,2.8,0.00,725.18,725.18,HMR2300,360.0,-13880.0,49393.3,51307.8,,,,,,,,RR1715,,
J2-1008,ASNAP,2017/08/23 10:57:27,45.8296617,-129.7582419,20695.59,-9670.51,278.31,-2.3,2.7,0.00,723.47,723.47,HMR2300,620.0,-13893.3,49406.7,51326.7,,,,,,,,RR1715,,
J2-1008,ASNAP,2017/08/23 10:57:32,45.8296490,-129.7582577,20694.36,-9671.93,278.25,-2.6,2.6,0.00,721.15,721.15,HMR2300,340.0,-13766.7,49400.0,51283.5,,,,,,,,RR1715,,
J2-1008,ASNAP,2017/08/23 10:57:37,45.8296417,-129.7582514,20694.85,-9672.74,278.26,-2.2,2.9,0.00,718.81,718.81,HMR2300,593.3,-14033.3,49313.3,51274.7,,,,,,,,RR1715,,
J2-1008,ASNAP,2017/08/23 10:57:42,45.8296420,-129.7582388,20695.83,-9672.70,278.28,-2.2,2.8,0.00,716.47,716.47,HMR2300,686.7,-13926.7,49313.3,51246.7,,,,,,,,RR1715,,
J2-1008,ASNAP,2017/08/23 10:57:47,45.8296438,-129.7582341,20696.19,-9672.51,278.33,-1.9,3.0,0.00,714.72,714.72,HMR2300,953.3,-14113.3,49380.0,51366.1,,,,,,,,RR1715,,
J2-1008,ASNAP,2017/08/23 10:57:52,45.8296458,-129.7582327,20696.30,-9672.28,278.26,-2.2,2.9,0.00,712.35,712.35,HMR2300,660.0,-14080.0,49366.7,51339.6,,,,,,,,RR1715,,
J2-1008,ASNAP,2017/08/23 10:57:57,45.8296434,-129.7582266,20696.77,-9672.55,278.27,-2.4,2.8,0.00,709.99,709.99,HMR2300,486.7,-13966.7,49346.7,51287.4,,,,,,,,RR1715,,
J2-1008,ASNAP,2017/08/23 10:58:02,45.8296505,-129.7582284,20696.63,-9671.76,278.13,-2.2,3.0,0.00,707.61,707.61,HMR2300,633.3,-14040.0,49246.7,51212.9,,,,,,,,RR1715,,
J2-1008,ASNAP,2017/08/23 10:58:07,45.8296580,-129.7582277,20696.69,-9670.93,278.20,-2.4,2.8,0.00,705.80,705.8,HMR2300,580.0,-13893.3,49320.0,51242.8,,,,,,,,RR1715,,
J2-1008,ASNAP,2017/08/23 10:58:12,45.8296650,-129.7582359,20696.05,-9670.15,278.42,-2.5,2.9,0.00,703.38,703.38,HMR2300,413.3,-13973.3,49380.0,51320.7,,,,,,,,RR1715,,
J2-1008,ASNAP,2017/08/23 10:58:17,45.8296634,-129.7582346,20696.15,-9670.33,278.06,-2.2,2.8,0.00,700.95,700.95,HMR2300,640.0,-13860.0,49366.7,51279.4,,,,,,,,RR1715,,
J2-1008,ASNAP,2017/08/23 10:58:22,45.8296591,-129.7582145,20697.71,-9670.80,278.14,-2.2,2.8,0.00,698.50,698.5,HMR2300,713.3,-14013.3,49293.3,51251.5,,,,,,,,RR1715,,
J2-1008,ASNAP,2017/08/23 10:58:27,45.8296599,-129.7582175,20697.48,-9670.72,278.03,-2.5,2.9,0.00,696.62,696.62,HMR2300,553.3,-13986.7,49273.3,51223.0,,,,,,,,RR1715,,
J2-1008,ASNAP,2017/08/23 10:58:32,45.8296630,-129.7582163,20697.57,-9670.37,277.99,-2.7,2.8,0.00,694.12,694.12,HMR2300,380.0,-13933.3,49313.3,51245.4,,,,,,,,RR1715,,
J2-1008,ASNAP,2017/08/23 10:58:37,45.8296707,-129.7582135,20697.79,-9669.51,277.88,-2.9,2.6,0.00,691.54,691.54,HMR2300,20.0,-13686.7,49406.7,51267.4,,,,,,,,RR1715,,
J2-1008,ASNAP,2017/08/23 10:58:42,45.8296760,-129.7582358,20696.06,-9668.93,278.05,-2.0,2.9,0.00,688.95,688.95,HMR2300,673.3,-13986.7,49340.0,51288.6,,,,,,,,RR1715,,
J2-1008,ASNAP,2017/08/23 10:58:47,45.8296842,-129.7582425,20695.54,-9668.01,277.91,-1.9,2.7,0.00,687.05,687.05,HMR2300,866.7,-13833.3,49320.0,51230.6,,,,,,,,RR1715,,
J2-1008,EVT,2017/08/23 10:58:47,45.8296842,-129.7582425,20695.54,-9668.01,277.91,-1.9,2.7,0.00,687.05,687.05,HMR2300,853.3,-13813.3,49386.7,51289.2,,,,,,,,RR1715,DLG,Biology: Crustacean USR:eventlogger
J2-1008,ASNAP,2017/08/23 10:58:52,45.8296782,-129.7582425,20695.54,-9668.68,277.82,-1.6,3.2,0.00,684.53,684.53,HMR2300,1106.7,-14093.3,49260.0,51248.4,,,,,,,,RR1715,,
J2-1008,ASNAP,2017/08/23 10:58:57,45.8296779,-129.7582546,20694.60,-9668.72,278.29,-2.6,2.7,0.00,681.93,681.93,HMR2300,413.3,-13906.7,49406.7,51328.2,,,,,,,,RR1715,,
J2-1008,ASNAP,2017/08/23 10:59:02,45.8296767,-129.7582591,20694.25,-9668.85,278.01,-2.7,2.7,0.00,679.39,679.39,HMR2300,186.7,-13833.3,49393.3,51294.2,,,,,,,,RR1715,,
J2-1008,EVT,2017/08/23 10:59:07,45.8296814,-129.7582629,20693.96,-9668.33,277.94,-0.9,3.7,0.00,677.49,677.49,HMR2300,1786.7,-14646.7,49173.3,51339.4,,,,,,,,RR1715,DLG,Biology: Crustacean USR:eventlogger
J2-1008,ASNAP,2017/08/23 10:59:07,45.8296814,-129.7582629,20693.96,-9668.33,277.94,-0.9,3.7,0.00,677.49,677.49,HMR2300,1773.3,-14646.7,49246.7,51409.2,,,,,,,,RR1715,,
J2-1008,ASNAP,2017/08/23 10:59:12,45.8296725,-129.7582670,20693.64,-9669.32,278.05,-2.4,2.7,0.00,674.80,674.8,HMR2300,593.3,-13813.3,49320.0,51221.3,,,,,,,,RR1715,,
J2-1008,ASNAP,2017/08/23 10:59:17,45.8296677,-129.7582661,20693.71,-9669.85,277.66,-0.7,3.4,0.00,672.16,672.16,HMR2300,1826.7,-14193.3,49346.7,51379.8,,,,,,,,RR1715,,
J2-1008,ASNAP,2017/08/23 10:59:22,45.8296752,-129.7582854,20692.21,-9669.01,278.15,-1.8,2.8,0.00,669.39,669.39,HMR2300,1113.3,-13873.3,49440.0,51361.7,,,,,,,,RR1715,,
J2-1008,ASNAP,2017/08/23 10:59:27,45.8296766,-129.7582770,20692.86,-9668.86,278.22,-2.0,2.7,0.00,667.45,667.45,HMR2300,900.0,-13973.3,49380.0,51326.9,,,,,,,,RR1715,,
J2-1008,ASNAP,2017/08/23 10:59:32,45.8296862,-129.7582800,20692.63,-9667.79,278.06,-2.2,3.1,0.00,664.87,664.87,HMR2300,820.0,-14280.0,49220.0,51256.2,,,,,,,,RR1715,,
J2-1008,ASNAP,2017/08/23 10:59:37,45.8296948,-129.7582832,20692.38,-9666.84,278.24,-2.6,2.7,0.00,662.28,662.28,HMR2300,333.3,-13833.3,49320.0,51224.4,,,,,,,,RR1715,,
J2-1008,ASNAP,2017/08/23 10:59:42,45.8297061,-129.7582785,20692.75,-9665.58,277.96,-2.0,2.9,0.00,659.69,659.69,HMR2300,840.0,-13926.7,49400.0,51332.4,,,,,,,,RR1715,,
J2-1008,ASNAP,2017/08/23 10:59:47,45.8297089,-129.7582792,20692.69,-9665.27,278.11,-2.2,2.6,0.00,657.72,657.72,HMR2300,660.0,-13740.0,49433.3,51311.6,,,,,,,,RR1715,,
J2-1008,ASNAP,2017/08/23 10:59:52,45.8297089,-129.7582808,20692.57,-9665.27,277.99,-1.9,2.8,0.00,655.12,655.12,HMR2300,793.3,-13866.7,49353.3,51270.5,,,,,,,,RR1715,,
J2-1008,ASNAP,2017/08/23 10:59:57,45.8297097,-129.7582746,20693.05,-9665.18,278.29,-2.2,2.6,0.00,652.46,652.46,HMR2300,506.7,-13740.0,49300.0,51181.4,,,,,,,,RR1715,,
J2-1008,ASNAP,2017/08/23 11:00:02,45.8297047,-129.7582809,20692.56,-9665.74,278.21,-2.5,2.4,0.00,649.85,649.85,HMR2300,366.7,-13586.7,49353.3,51190.7,,,,,,,,RR1715,,
J2-1008,ASNAP,2017/08/23 11:00:07,45.8297110,-129.7582761,20692.93,-9665.04,277.96,-3.0,2.5,0.00,647.82,647.82,HMR2300,-20.0,-13680.0,49413.3,51272.0,,,,,,,,RR1715,,
J2-1008,ASNAP,2017/08/23 11:00:12,45.8297103,-129.7582813,20692.53,-9665.11,277.82,-1.7,2.6,0.00,645.15,645.15,HMR2300,1100.0,-13733.3,49413.3,51298.1,,,,,,,,RR1715,,
J2-1008,ASNAP,2017/08/23 11:00:17,45.8297099,-129.7582751,20693.01,-9665.16,278.11,-2.6,2.7,0.00,642.46,642.46,HMR2300,293.3,-13826.7,49326.7,51228.7,,,,,,,,RR1715,,
J2-1008,ASNAP,2017/08/23 11:00:22,45.8297247,-129.7582661,20693.71,-9663.51,278.08,-1.3,3.1,0.00,639.84,639.84,HMR2300,1760.0,-14273.3,49246.7,51303.6,,,,,,,,RR1715,,
J2-1008,ASNAP,2017/08/23 11:00:27,45.8297255,-129.7582678,20693.58,-9663.42,277.38,-2.4,2.7,0.00,637.72,637.72,HMR2300,926.7,-13813.3,49426.7,51329.0,,,,,,,,RR1715,,
J2-1008,ASNAP,2017/08/23 11:00:32,45.8297283,-129.7582600,20694.18,-9663.11,278.13,-0.0,3.4,0.00,635.08,635.08,HMR2300,2306.7,-14353.3,49273.3,51373.1,,,,,,,,RR1715,,
J2-1008,ASNAP,2017/08/23 11:00:37,45.8297492,-129.7582663,20693.69,-9660.79,278.94,-2.9,2.8,0.00,632.22,632.22,HMR2300,-140.0,-13913.3,49253.3,51181.0,,,,,,,,RR1715,,
J2-1008,ASNAP,2017/08/23 11:00:42,45.8297466,-129.7582654,20693.76,-9661.08,278.45,-1.8,2.9,0.00,629.73,629.73,HMR2300,1280.0,-14006.7,49313.3,51279.9,,,,,,,,RR1715,,
J2-1008,ASNAP,2017/08/23 11:00:47,45.8297466,-129.7582654,20693.76,-9661.08,278.43,-3.3,2.3,0.00,627.64,627.64,HMR2300,-253.3,-13540.0,49440.0,51261.2,,,,,,,,RR1715,,
J2-1008,ASNAP,2017/08/23 11:00:52,45.8297640,-129.7582614,20694.07,-9659.14,278.65,-2.1,2.5,0.00,625.09,625.09,HMR2300,633.3,-13700.0,49406.7,51274.8,,,,,,,,RR1715,,
J2-1008,ASNAP,2017/08/23 11:00:57,45.8297698,-129.7582861,20692.16,-9658.50,278.64,-3.3,2.4,0.00,622.38,622.38,HMR2300,-446.7,-13473.3,49360.0,51167.8,,,,,,,,RR1715,,
J2-1008,ASNAP,2017/08/23 11:01:02,45.8297708,-129.7582913,20691.75,-9658.39,278.52,-2.5,2.4,0.00,619.79,619.79,HMR2300,53.3,-13566.7,49326.7,51158.4,,,,,,,,RR1715,,
J2-1008,ASNAP,2017/08/23 11:01:07,45.8297809,-129.7582821,20692.47,-9657.27,278.45,-2.1,2.5,0.00,617.74,617.74,HMR2300,-20.0,-13600.0,49453.3,51289.3,,,,,,,,RR1715,,
J2-1008,ASNAP,2017/08/23 11:01:12,45.8297757,-129.7582937,20691.57,-9657.84,278.59,-1.5,2.5,0.00,614.84,614.84,HMR2300,1066.7,-13733.3,49446.7,51329.5,,,,,,,,RR1715,,
J2-1008,ASNAP,2017/08/23 11:01:17,45.8297855,-129.7582855,20692.20,-9656.75,278.47,-1.0,2.6,0.00,612.33,612.33,HMR2300,2180.0,-13906.7,49400.0,51366.4,,,,,,,,RR1715,,
J2-1008,ASNAP,2017/08/23 11:01:22,45.8297816,-129.7583013,20690.98,-9657.19,279.11,-4.2,2.4,0.00,609.24,609.24,HMR2300,-1066.7,-13600.0,49320.0,51171.9,,,,,,,,RR1715,,
J2-1008,ASNAP,2017/08/23 11:01:27,45.8297829,-129.7582968,20691.33,-9657.04,278.62,-2.3,2.1,0.00,607.17,607.17,HMR2300,460.0,-13266.7,49440.0,51191.1,,,,,,,,RR1715,,
J2-1008,ASNAP,2017/08/23 11:01:32,45.8297790,-129.7583098,20690.32,-9657.48,278.85,-3.4,2.1,0.00,604.37,604.37,HMR2300,-580.0,-13320.0,49440.0,51206.2,,,,,,,,RR1715,,
J2-1008,ASNAP,2017/08/23 11:01:37,45.8297923,-129.7583214,20689.42,-9656.00,278.69,-1.0,2.3,0.00,601.59,601.59,HMR2300,493.3,-13640.0,49386.7,51238.0,,,,,,,,RR1715,,
J2-1008,ASNAP,2017/08/23 11:01:42,45.8297977,-129.7583349,20688.37,-9655.40,279.29,-1.8,2.5,0.00,598.58,598.58,HMR2300,380.0,-13700.0,49346.7,51214.5,,,,,,,,RR1715,,
J2-1008,ASNAP,2017/08/23 11:01:47,45.8297982,-129.7583442,20687.65,-9655.34,278.86,-1.6,2.2,0.00,596.54,596.54,HMR2300,1120.0,-13346.7,49426.7,51209.2,,,,,,,,RR1715,,
J2-1008,ASNAP,2017/08/23 11:01:52,45.8298137,-129.7583572,20686.64,-9653.62,278.91,-3.8,2.5,0.00,593.48,593.48,HMR2300,-893.3,-13573.3,49353.3,51193.6,,,,,,,,RR1715,,
J2-1008,ASNAP,2017/08/23 11:01:57,45.8298008,-129.7583885,20684.21,-9655.05,278.88,-1.5,2.5,0.00,590.59,590.59,HMR2300,593.3,-13673.3,49386.7,51248.0,,,,,,,,RR1715,,
J2-1008,ASNAP,2017/08/23 11:02:02,45.8298151,-129.7583795,20684.91,-9653.46,279.21,-1.5,2.1,0.00,587.89,587.89,HMR2300,820.0,-13473.3,49460.0,51268.8,,,,,,,,RR1715,,
J2-1008,ASNAP,2017/08/23 11:02:07,45.8298154,-129.7583791,20684.94,-9653.43,279.31,-2.9,2.6,0.00,585.74,585.74,HMR2300,-326.7,-13793.3,49300.0,51194.3,,,,,,,,RR1715,,
J2-1008,ASNAP,2017/08/23 11:02:12,45.8298253,-129.7583820,20684.72,-9652.33,279.21,-1.9,2.2,0.00,582.96,582.96,HMR2300,680.0,-13353.3,49413.3,51190.3,,,,,,,,RR1715,,
J2-1008,ASNAP,2017/08/23 11:02:17,45.8298280,-129.7583997,20683.34,-9652.03,279.42,-3.4,2.6,0.00,579.93,579.93,HMR2300,-726.7,-13766.7,49280.0,51171.9,,,,,,,,RR1715,,
J2-1008,ASNAP,2017/08/23 11:02:22,45.8298324,-129.7584016,20683.20,-9651.54,279.42,-2.3,2.5,0.00,577.03,577.03,HMR2300,33.3,-13700.0,49326.7,51193.9,,,,,,,,RR1715,,
J2-1008,ASNAP,2017/08/23 11:02:27,45.8298354,-129.7584106,20682.50,-9651.21,279.32,-2.5,2.2,0.00,574.88,574.88,HMR2300,-106.7,-13440.0,49400.0,51195.8,,,,,,,,RR1715,,
J2-1008,ASNAP,2017/08/23 11:02:32,45.8298432,-129.7584219,20681.62,-9650.34,279.01,-0.9,2.3,0.00,572.04,572.04,HMR2300,1146.7,-13580.0,49426.7,51271.1,,,,,,,,RR1715,,
J2-1008,ASNAP,2017/08/23 11:02:37,45.8298402,-129.7584295,20681.03,-9650.68,279.44,-2.3,2.4,0.00,569.00,569,HMR2300,20.0,-13660.0,49386.7,51241.0,,,,,,,,RR1715,,
J2-1008,ASNAP,2017/08/23 11:02:42,45.8298516,-129.7584286,20681.10,-9649.41,279.19,-0.8,2.7,0.00,566.04,566.04,HMR2300,713.3,-14073.3,49326.7,51300.0,,,,,,,,RR1715,,
J2-1008,ASNAP,2017/08/23 11:02:47,45.8298613,-129.7584442,20679.89,-9648.33,279.21,-2.3,2.7,0.00,563.75,563.75,HMR2300,160.0,-13866.7,49346.7,51258.2,,,,,,,,RR1715,,
J2-1008,ASNAP,2017/08/23 11:02:52,45.8298510,-129.7584612,20678.57,-9649.47,278.97,-2.4,2.6,0.00,560.91,560.91,HMR2300,-140.0,-13760.0,49346.7,51229.4,,,,,,,,RR1715,,
J2-1008,ASNAP,2017/08/23 11:02:57,45.8298555,-129.7584767,20677.37,-9648.97,279.11,-1.4,2.6,0.00,557.99,557.99,HMR2300,266.7,-13913.3,49320.0,51245.6,,,,,,,,RR1715,,
J2-1008,ASNAP,2017/08/23 11:03:02,45.8298571,-129.7584871,20676.56,-9648.80,279.27,-0.8,2.3,0.00,555.05,555.05,HMR2300,1560.0,-13420.0,49426.7,51239.9,,,,,,,,RR1715,,
J2-1008,ASNAP,2017/08/23 11:03:07,45.8298668,-129.7584879,20676.50,-9647.72,279.11,-0.9,1.8,0.00,552.95,552.95,HMR2300,1666.7,-13086.7,49473.3,51202.0,,,,,,,,RR1715,,
J2-1008,ASNAP,2017/08/23 11:03:12,45.8298779,-129.7585056,20675.13,-9646.49,279.21,-2.4,2.1,0.00,550.06,550.06,HMR2300,200.0,-13380.0,49406.7,51186.7,,,,,,,,RR1715,,
J2-1008,ASNAP,2017/08/23 11:03:17,45.8298900,-129.7584964,20675.84,-9645.14,279.30,-1.8,2.3,0.00,547.23,547.23,HMR2300,313.3,-13626.7,49386.7,51233.1,,,,,,,,RR1715,,
J2-1008,ASNAP,2017/08/23 11:03:22,45.8298984,-129.7585089,20674.87,-9644.21,279.62,-1.7,2.4,0.00,544.32,544.32,HMR2300,680.0,-13546.7,49386.7,51215.4,,,,,,,,RR1715,,
J2-1008,ASNAP,2017/08/23 11:03:27,45.8299029,-129.7584981,20675.71,-9643.71,279.37,-3.1,2.7,0.00,542.05,542.05,HMR2300,-526.7,-13806.7,49340.0,51238.0,,,,,,,,RR1715,,
J2-1008,ASNAP,2017/08/23 11:03:32,45.8299057,-129.7585067,20675.04,-9643.39,279.39,-1.6,1.8,0.00,539.16,539.16,HMR2300,1006.7,-13100.0,49493.3,51207.6,,,,,,,,RR1715,,
J2-1008,ASNAP,2017/08/23 11:03:37,45.8298997,-129.7585172,20674.23,-9644.06,279.37,-1.3,2.0,0.00,536.27,536.27,HMR2300,1453.3,-13146.7,49500.0,51236.7,,,,,,,,RR1715,,
J2-1008,ASNAP,2017/08/23 11:03:42,45.8299057,-129.7585096,20674.82,-9643.39,279.42,-3.3,2.6,0.00,533.11,533.11,HMR2300,-646.7,-13746.7,49293.3,51178.3,,,,,,,,RR1715,,
J2-1008,ASNAP,2017/08/23 11:03:47,45.8298999,-129.7585203,20673.99,-9644.04,279.42,-1.0,2.2,0.00,530.98,530.98,HMR2300,1173.3,-13533.3,49406.7,51240.1,,,,,,,,RR1715,,
J2-1008,ASNAP,2017/08/23 11:03:52,45.8299079,-129.7585241,20673.69,-9643.15,279.20,-2.0,2.3,0.00,528.17,528.17,HMR2300,93.3,-13546.7,49413.3,51236.7,,,,,,,,RR1715,,
J2-1008,ASNAP,2017/08/23 11:03:57,45.8299087,-129.7585289,20673.32,-9643.06,279.21,-1.0,2.4,0.00,525.40,525.4,HMR2300,1146.7,-13580.0,49440.0,51284.0,,,,,,,,RR1715,,
J2-1008,ASNAP,2017/08/23 11:04:02,45.8299018,-129.7585346,20672.88,-9643.83,279.23,-1.5,2.5,0.00,522.63,522.63,HMR2300,580.0,-13700.0,49360.0,51229.2,,,,,,,,RR1715,,
J2-1008,ASNAP,2017/08/23 11:04:07,45.8299075,-129.7585444,20672.12,-9643.19,279.29,-1.7,2.4,0.00,520.53,520.53,HMR2300,206.7,-13700.0,49340.0,51207.1,,,,,,,,RR1715,,
J2-1008,ASNAP,2017/08/23 11:04:12,45.8299117,-129.7585444,20672.12,-9642.73,279.40,1.8,2.0,0.00,517.72,517.72,HMR2300,3046.7,-13526.7,49453.3,51360.3,,,,,,,,RR1715,,
J2-1008,ASNAP,2017/08/23 11:04:17,45.8299005,-129.7585616,20670.78,-9643.97,279.52,-1.9,2.3,0.00,514.70,514.7,HMR2300,533.3,-13600.0,49400.0,51240.7,,,,,,,,RR1715,,
J2-1008,ASNAP,2017/08/23 11:04:22,45.8298921,-129.7585634,20670.64,-9644.91,278.96,-2.1,2.4,0.00,511.92,511.92,HMR2300,80.0,-13593.3,49380.0,51216.9,,,,,,,,RR1715,,
J2-1008,ASNAP,2017/08/23 11:04:27,45.8298944,-129.7585690,20670.21,-9644.65,279.19,-1.1,2.4,0.00,509.87,509.87,HMR2300,620.0,-13733.3,49366.7,51245.1,,,,,,,,RR1715,,
J2-1008,ASNAP,2017/08/23 11:04:32,45.8298835,-129.7585600,20670.91,-9645.86,279.30,3.8,0.8,0.00,507.14,507.14,HMR2300,5346.7,-12166.7,49553.3,51304.5,,,,,,,,RR1715,,
J2-1008,ASNAP,2017/08/23 11:04:37,45.8298733,-129.7585654,20670.49,-9647.00,279.73,-2.5,1.9,0.00,503.99,503.99,HMR2300,46.7,-13340.0,49440.0,51208.1,,,,,,,,RR1715,,
J2-1008,ASNAP,2017/08/23 11:04:42,45.8298701,-129.7585547,20671.32,-9647.35,279.23,-1.6,2.1,0.00,501.26,501.26,HMR2300,833.3,-13286.7,49433.3,51194.6,,,,,,,,RR1715,,
J2-1008,ASNAP,2017/08/23 11:04:47,45.8298668,-129.7585619,20670.76,-9647.72,279.19,-3.5,2.7,0.00,499.06,499.06,HMR2300,-980.0,-13613.3,49273.3,51128.7,,,,,,,,RR1715,,
J2-1008,ASNAP,2017/08/23 11:04:52,45.8298642,-129.7585611,20670.82,-9648.01,279.36,-0.6,1.9,0.00,496.31,496.31,HMR2300,1446.7,-13193.3,49453.3,51203.4,,,,,,,,RR1715,,
J2-1008,ASNAP,2017/08/23 11:04:57,45.8298615,-129.7585705,20670.09,-9648.31,279.36,-3.0,2.5,0.00,493.46,493.46,HMR2300,-460.0,-13666.7,49346.7,51206.3,,,,,,,,RR1715,,
J2-1008,ASNAP,2017/08/23 11:05:02,45.8298567,-129.7585903,20668.56,-9648.84,279.27,-1.6,2.5,0.00,490.74,490.74,HMR2300,333.3,-13713.3,49386.7,51256.3,,,,,,,,RR1715,,
J2-1008,ASNAP,2017/08/23 11:05:07,45.8298566,-129.7585979,20667.97,-9648.85,279.36,-1.9,2.4,0.00,488.69,488.69,HMR2300,513.3,-13520.0,49380.0,51200.0,,,,,,,,RR1715,,
J2-1008,ASNAP,2017/08/23 11:05:12,45.8298589,-129.7586066,20667.29,-9648.60,279.48,-3.3,3.1,0.00,485.79,485.79,HMR2300,-866.7,-14160.0,49200.0,51204.5,,,,,,,,RR1715,,
J2-1008,ASNAP,2017/08/23 11:05:17,45.8298501,-129.7585926,20668.38,-9649.57,279.38,-0.8,2.0,0.00,482.96,482.96,HMR2300,1166.7,-13293.3,49486.7,51254.3,,,,,,,,RR1715,,
J2-1008,ASNAP,2017/08/23 11:05:22,45.8298510,-129.7586168,20666.50,-9649.47,279.41,-2.5,2.6,0.00,480.08,480.08,HMR2300,-206.7,-13833.3,49320.0,51223.7,,,,,,,,RR1715,,
J2-1008,ASNAP,2017/08/23 11:05:27,45.8298510,-129.7586168,20666.50,-9649.47,279.25,0.5,1.3,0.00,478.01,478.01,HMR2300,2333.3,-12646.7,49540.0,51182.0,,,,,,,,RR1715,,
J2-1008,ASNAP,2017/08/23 11:05:32,45.8298570,-129.7586288,20665.57,-9648.81,279.68,-2.3,2.1,0.00,475.05,475.05,HMR2300,60.0,-13380.0,49366.7,51147.8,,,,,,,,RR1715,,
J2-1008,ASNAP,2017/08/23 11:05:37,45.8298570,-129.7586288,20665.57,-9648.81,279.36,-1.6,2.3,0.00,472.24,472.24,HMR2300,526.7,-13566.7,49426.7,51257.5,,,,,,,,RR1715,,
J2-1008,ASNAP,2017/08/23 11:05:42,45.8298629,-129.7586340,20665.17,-9648.15,279.33,-1.7,2.2,0.00,469.41,469.41,HMR2300,806.7,-13413.3,49433.3,51227.2,,,,,,,,RR1715,,
J2-1008,ASNAP,2017/08/23 11:05:47,45.8298528,-129.7586490,20664.00,-9649.28,279.21,-2.4,2.4,0.00,467.30,467.3,HMR2300,73.3,-13513.3,49360.0,51176.4,,,,,,,,RR1715,,
J2-1008,ASNAP,2017/08/23 11:05:52,45.8298488,-129.7586524,20663.74,-9649.72,279.36,-2.0,1.9,0.00,464.49,464.49,HMR2300,466.7,-13073.3,49493.3,51193.0,,,,,,,,RR1715,,
J2-1008,ASNAP,2017/08/23 11:05:57,45.8298445,-129.7586470,20664.16,-9650.20,279.15,-3.3,2.6,0.00,461.57,461.57,HMR2300,-693.3,-13666.7,49306.7,51170.4,,,,,,,,RR1715,,
J2-1008,ASNAP,2017/08/23 11:06:02,45.8298515,-129.7586471,20664.15,-9649.42,279.28,-2.4,2.8,0.00,458.62,458.62,HMR2300,-313.3,-13973.3,49260.0,51204.5,,,,,,,,RR1715,,
J2-1008,ASNAP,2017/08/23 11:06:07,45.8298445,-129.7586707,20662.32,-9650.20,279.29,-0.5,2.6,0.00,456.48,456.48,HMR2300,1673.3,-13760.0,49360.0,51269.4,,,,,,,,RR1715,,
J2-1008,ASNAP,2017/08/23 11:06:12,45.8298406,-129.7586882,20660.96,-9650.63,279.42,-2.6,2.5,0.00,453.53,453.53,HMR2300,-213.3,-13700.0,49306.7,51175.0,,,,,,,,RR1715,,
J2-1008,ASNAP,2017/08/23 11:06:17,45.8298343,-129.7586845,20661.25,-9651.33,279.00,-1.3,2.2,0.00,450.69,450.69,HMR2300,1140.0,-13353.3,49426.7,51211.4,,,,,,,,RR1715,,
J2-1008,ASNAP,2017/08/23 11:06:22,45.8298314,-129.7586862,20661.12,-9651.65,279.16,-3.5,2.6,0.00,447.57,447.57,HMR2300,-986.7,-13773.3,49280.0,51178.1,,,,,,,,RR1715,,
J2-1008,ASNAP,2017/08/23 11:06:27,45.8298265,-129.7586925,20660.63,-9652.20,279.12,-0.0,2.7,0.00,445.41,445.41,HMR2300,1753.3,-13940.0,49360.0,51320.6,,,,,,,,RR1715,,
J2-1008,ASNAP,2017/08/23 11:06:32,45.8298199,-129.7587167,20658.75,-9652.93,279.24,-2.4,2.5,0.00,442.45,442.45,HMR2300,-100.0,-13700.0,49326.7,51193.9,,,,,,,,RR1715,,
J2-1008,ASNAP,2017/08/23 11:06:37,45.8298373,-129.7587131,20659.03,-9651.00,278.62,0.0,2.7,0.00,439.58,439.58,HMR2300,1786.7,-13966.7,49353.3,51322.6,,,,,,,,RR1715,,
J2-1008,ASNAP,2017/08/23 11:06:42,45.8298292,-129.7587407,20656.89,-9651.90,279.75,-1.9,3.0,0.00,436.51,436.51,HMR2300,313.3,-14253.3,49226.7,51249.6,,,,,,,,RR1715,,
J2-1008,ASNAP,2017/08/23 11:06:47,45.8298151,-129.7587744,20654.27,-9653.47,279.07,-3.2,2.9,0.00,434.24,434.24,HMR2300,-666.7,-14120.0,49273.3,51260.9,,,,,,,,RR1715,,
J2-1008,ASNAP,2017/08/23 11:06:52,45.8298110,-129.7587853,20653.43,-9653.92,278.98,-1.7,3.1,0.00,431.15,431.15,HMR2300,180.0,-14273.3,49260.0,51286.5,,,,,,,,RR1715,,
J2-1008,ASNAP,2017/08/23 11:06:57,45.8298046,-129.7587853,20653.43,-9654.63,279.48,0.1,3.0,0.00,428.12,428.12,HMR2300,2233.3,-14226.7,49266.7,51328.3,,,,,,,,RR1715,,
J2-1008,ASNAP,2017/08/23 11:07:02,45.8297989,-129.7587991,20652.36,-9655.27,279.24,-2.2,2.7,0.00,425.11,425.11,HMR2300,133.3,-13906.7,49300.0,51224.0,,,,,,,,RR1715,,
J2-1008,ASNAP,2017/08/23 11:07:07,45.8298105,-129.7587993,20652.34,-9653.98,277.02,2.3,2.3,0.00,422.92,422.92,HMR2300,4393.3,-13280.0,49406.7,51348.6,,,,,,,,RR1715,,
J2-1008,ASNAP,2017/08/23 11:07:12,45.8297910,-129.7588054,20651.87,-9656.14,278.12,-0.3,2.9,0.00,419.68,419.68,HMR2300,2586.7,-14046.7,49353.3,51378.5,,,,,,,,RR1715,,
J2-1008,ASNAP,2017/08/23 11:07:17,45.8297967,-129.7587911,20652.98,-9655.51,277.67,-3.7,2.8,0.00,416.56,416.56,HMR2300,-413.3,-13946.7,49253.3,51191.5,,,,,,,,RR1715,,
J2-1008,ASNAP,2017/08/23 11:07:22,45.8298014,-129.7587992,20652.35,-9654.99,277.93,-0.1,3.4,0.00,413.55,413.55,HMR2300,2320.0,-14326.7,49233.3,51327.9,,,,,,,,RR1715,,
J2-1008,ASNAP,2017/08/23 11:07:27,45.8298001,-129.7587962,20652.58,-9655.13,278.43,-2.0,2.9,0.00,411.31,411.31,HMR2300,866.7,-14073.3,49313.3,51289.5,,,,,,,,RR1715,,
J2-1008,ASNAP,2017/08/23 11:07:32,45.8298000,-129.7587984,20652.41,-9655.14,278.01,-2.8,3.1,0.00,408.35,408.35,HMR2300,120.0,-14206.7,49260.0,51267.8,,,,,,,,RR1715,,
J2-1008,ASNAP,2017/08/23 11:07:37,45.8298017,-129.7587925,20652.87,-9654.95,278.06,-0.6,2.9,0.00,405.40,405.4,HMR2300,1906.7,-14006.7,49320.0,51305.8,,,,,,,,RR1715,,
J2-1008,ASNAP,2017/08/23 11:07:42,45.8298044,-129.7587988,20652.38,-9654.65,278.14,-1.5,3.1,0.00,402.35,402.35,HMR2300,1233.3,-14206.7,49266.7,51288.9,,,,,,,,RR1715,,
J2-1008,ASNAP,2017/08/23 11:07:47,45.8298132,-129.7587888,20653.16,-9653.68,277.88,0.5,3.1,0.00,400.10,400.1,HMR2300,2760.0,-14220.0,49313.3,51396.8,,,,,,,,RR1715,,
J2-1008,ASNAP,2017/08/23 11:07:52,45.8298123,-129.7587909,20652.99,-9653.78,278.42,-1.3,3.1,0.00,397.01,397.01,HMR2300,1340.0,-14226.7,49260.0,51290.8,,,,,,,,RR1715,,
J2-1008,ASNAP,2017/08/23 11:07:57,45.8298054,-129.7587937,20652.78,-9654.54,277.95,-1.3,3.0,0.00,394.06,394.06,HMR2300,1393.3,-14126.7,49313.3,51315.8,,,,,,,,RR1715,,
J2-1008,ASNAP,2017/08/23 11:08:02,45.8298062,-129.7588091,20651.58,-9654.45,278.20,-2.0,3.0,0.00,391.07,391.07,HMR2300,753.3,-14060.0,49320.0,51290.5,,,,,,,,RR1715,,
J2-1008,ASNAP,2017/08/23 11:08:07,45.8298121,-129.7588051,20651.89,-9653.80,278.51,-1.1,3.1,0.00,388.87,388.87,HMR2300,1326.7,-14226.7,49280.0,51309.6,,,,,,,,RR1715,,
J2-1008,ASNAP,2017/08/23 11:08:12,45.8298148,-129.7587964,20652.57,-9653.50,278.38,-1.5,3.0,0.00,385.88,385.88,HMR2300,1100.0,-14086.7,49293.3,51278.4,,,,,,,,RR1715,,
J2-1008,ASNAP,2017/08/23 11:08:17,45.8298091,-129.7587931,20652.82,-9654.13,278.43,-1.4,3.1,0.00,382.89,382.89,HMR2300,1173.3,-14140.0,49280.0,51281.9,,,,,,,,RR1715,,
J2-1008,ASNAP,2017/08/23 11:08:22,45.8298152,-129.7588022,20652.12,-9653.45,278.52,-1.2,3.1,0.00,379.84,379.84,HMR2300,1080.0,-14273.3,49280.0,51316.8,,,,,,,,RR1715,,
J2-1008,ASNAP,2017/08/23 11:08:27,45.8298106,-129.7587973,20652.50,-9653.96,278.48,-0.4,3.3,0.00,377.58,377.58,HMR2300,2000.0,-14320.0,49253.3,51331.8,,,,,,,,RR1715,,
J2-1008,ASNAP,2017/08/23 11:08:32,45.8298014,-129.7587971,20652.51,-9654.99,278.24,-1.7,3.0,0.00,374.60,374.6,HMR2300,1020.0,-14080.0,49300.0,51281.3,,,,,,,,RR1715,,
J2-1008,ASNAP,2017/08/23 11:08:37,45.8298119,-129.7587898,20653.08,-9653.82,278.33,-1.3,3.0,0.00,371.62,371.62,HMR2300,1226.7,-14113.3,49313.3,51307.9,,,,,,,,RR1715,,
J2-1008,ASNAP,2017/08/23 11:08:42,45.8298119,-129.7588035,20652.02,-9653.82,278.54,-1.2,2.9,0.00,368.64,368.64,HMR2300,1340.0,-14066.7,49326.7,51310.7,,,,,,,,RR1715,,
J2-1008,ASNAP,2017/08/23 11:08:47,45.8298115,-129.7588135,20651.24,-9653.86,277.95,-1.7,3.0,0.00,366.40,366.4,HMR2300,1006.7,-14093.3,49266.7,51252.7,,,,,,,,RR1715,,
J2-1008,ASNAP,2017/08/23 11:08:52,45.8298218,-129.7588121,20651.35,-9652.72,278.15,-0.9,2.7,0.00,363.43,363.43,HMR2300,1800.0,-13906.7,49393.3,51345.3,,,,,,,,RR1715,,
J2-1008,ASNAP,2017/08/23 11:08:57,45.8298099,-129.7588206,20650.69,-9654.04,278.29,-1.8,3.0,0.00,360.44,360.44,HMR2300,906.7,-14126.7,49320.0,51311.3,,,,,,,,RR1715,,
J2-1008,ASNAP,2017/08/23 11:09:02,45.8298141,-129.7588065,20651.78,-9653.58,278.11,-1.1,3.0,0.00,357.50,357.5,HMR2300,1466.7,-14066.7,49293.3,51282.1,,,,,,,,RR1715,,
J2-1008,ASNAP,2017/08/23 11:09:07,45.8298089,-129.7587997,20652.31,-9654.15,277.97,-1.0,3.0,0.00,355.32,355.32,HMR2300,1580.0,-14066.7,49313.3,51304.7,,,,,,,,RR1715,,
J2-1008,ASNAP,2017/08/23 11:09:12,45.8298032,-129.7588077,20651.69,-9654.79,278.21,-1.6,3.0,0.00,352.37,352.37,HMR2300,1106.7,-14060.0,49326.7,51303.3,,,,,,,,RR1715,,
J2-1008,ASNAP,2017/08/23 11:09:17,45.8298018,-129.7588126,20651.31,-9654.94,278.49,-1.4,3.0,0.00,349.44,349.44,HMR2300,1120.0,-14140.0,49293.3,51293.5,,,,,,,,RR1715,,
J2-1008,ASNAP,2017/08/23 11:09:22,45.8298122,-129.7588136,20651.23,-9653.79,278.06,-1.4,2.9,0.00,346.47,346.47,HMR2300,1166.7,-13946.7,49306.7,51254.4,,,,,,,,RR1715,,
J2-1008,ASNAP,2017/08/23 11:09:27,45.8298052,-129.7588071,20651.74,-9654.56,278.02,-0.3,2.8,0.00,344.25,344.25,HMR2300,2266.7,-13886.7,49366.7,51332.7,,,,,,,,RR1715,,
J2-1008,ASNAP,2017/08/23 11:09:32,45.8298088,-129.7588103,20651.49,-9654.17,278.00,-1.4,2.9,0.00,341.26,341.26,HMR2300,1273.3,-13993.3,49346.7,51308.2,,,,,,,,RR1715,,
J2-1008,ASNAP,2017/08/23 11:09:37,45.8298093,-129.7588207,20650.68,-9654.11,278.31,0.5,3.2,0.00,338.27,338.27,HMR2300,2593.3,-14306.7,49266.7,51367.4,,,,,,,,RR1715,,
J2-1008,ASNAP,2017/08/23 11:09:42,45.8298074,-129.7588192,20650.80,-9654.32,278.54,-0.4,3.2,0.00,335.30,335.3,HMR2300,2013.3,-14233.3,49280.0,51333.8,,,,,,,,RR1715,,
J2-1008,ASNAP,2017/08/23 11:09:47,45.8298034,-129.7588274,20650.16,-9654.77,278.55,-0.6,2.8,0.00,333.12,333.12,HMR2300,1726.7,-13966.7,49353.3,51320.6,,,,,,,,RR1715,,
J2-1008,ASNAP,2017/08/23 11:09:52,45.8298091,-129.7588294,20650.01,-9654.13,278.62,-1.1,3.1,0.00,330.20,330.2,HMR2300,1380.0,-14193.3,49313.3,51333.8,,,,,,,,RR1715,,
J2-1008,ASNAP,2017/08/23 11:09:57,45.8298032,-129.7588254,20650.32,-9654.79,278.65,-1.0,3.0,0.00,327.28,327.28,HMR2300,1420.0,-14106.7,49273.3,51272.6,,,,,,,,RR1715,,
J2-1008,ASNAP,2017/08/23 11:10:02,45.8298106,-129.7588196,20650.77,-9653.96,278.33,-1.3,2.9,0.00,324.36,324.36,HMR2300,1240.0,-13980.0,49353.3,51310.1,,,,,,,,RR1715,,
J2-1008,ASNAP,2017/08/23 11:10:07,45.8298125,-129.7588332,20649.71,-9653.75,278.33,-0.9,2.8,0.00,322.17,322.17,HMR2300,1446.7,-13960.0,49340.0,51297.3,,,,,,,,RR1715,,
J2-1008,ASNAP,2017/08/23 11:10:12,45.8298188,-129.7588304,20649.93,-9653.05,278.07,-0.6,2.8,0.00,319.25,319.25,HMR2300,1906.7,-13940.0,49340.0,51306.9,,,,,,,,RR1715,,
J2-1008,ASNAP,2017/08/23 11:10:17,45.8298161,-129.7588363,20649.47,-9653.35,278.37,-0.2,3.3,0.00,316.30,316.3,HMR2300,2306.7,-14380.0,49246.7,51355.0,,,,,,,,RR1715,,
J2-1008,ASNAP,2017/08/23 11:10:22,45.8298089,-129.7588430,20648.95,-9654.15,278.46,-1.3,3.2,0.00,313.35,313.35,HMR2300,1226.7,-14273.3,49280.0,51320.1,,,,,,,,RR1715,,
J2-1008,ASNAP,2017/08/23 11:10:27,45.8298157,-129.7588295,20650.00,-9653.40,278.25,0.1,3.0,0.00,311.18,311.18,HMR2300,2486.7,-14040.0,49293.3,51314.1,,,,,,,,RR1715,,
J2-1008,ASNAP,2017/08/23 11:10:32,45.8298134,-129.7588327,20649.75,-9653.65,278.41,-1.3,2.8,0.00,308.27,308.27,HMR2300,1300.0,-13920.0,49320.0,51263.2,,,,,,,,RR1715,,
J2-1008,ASNAP,2017/08/23 11:10:37,45.8298200,-129.7588283,20650.09,-9652.92,278.50,-1.3,3.0,0.00,305.39,305.39,HMR2300,1146.7,-14153.3,49320.0,51323.4,,,,,,,,RR1715,,
J2-1008,ASNAP,2017/08/23 11:10:42,45.8298189,-129.7588135,20651.24,-9653.04,278.44,-0.2,2.9,0.00,302.52,302.52,HMR2300,1946.7,-14066.7,49313.3,51317.3,,,,,,,,RR1715,,
J2-1008,ASNAP,2017/08/23 11:10:47,45.8298144,-129.7588102,20651.50,-9653.54,278.58,-0.6,2.9,0.00,300.34,300.34,HMR2300,1820.0,-14040.0,49326.7,51318.2,,,,,,,,RR1715,,
J2-1008,ASNAP,2017/08/23 11:10:52,45.8298115,-129.7588255,20650.31,-9653.87,278.36,-1.4,2.7,0.00,297.46,297.46,HMR2300,1193.3,-13866.7,49340.0,51265.4,,,,,,,,RR1715,,
J2-1008,ASNAP,2017/08/23 11:10:57,45.8298088,-129.7588279,20650.12,-9654.17,278.76,0.4,2.9,0.00,294.56,294.56,HMR2300,2633.3,-13993.3,49353.3,51366.3,,,,,,,,RR1715,,
J2-1008,ASNAP,2017/08/23 11:11:02,45.8298088,-129.7588402,20649.17,-9654.16,278.66,-1.2,2.8,0.00,291.65,291.65,HMR2300,1326.7,-14006.7,49306.7,51274.7,,,,,,,,RR1715,,
J2-1008,ASNAP,2017/08/23 11:11:07,45.8297945,-129.7588509,20648.34,-9655.76,278.19,-0.5,2.6,0.00,289.47,289.47,HMR2300,1806.7,-13780.0,49326.7,51247.2,,,,,,,,RR1715,,
J2-1008,ASNAP,2017/08/23 11:11:12,45.8297998,-129.7588568,20647.88,-9655.17,278.50,-0.5,2.7,0.00,286.55,286.55,HMR2300,1873.3,-13940.0,49353.3,51318.5,,,,,,,,RR1715,,
J2-1008,ASNAP,2017/08/23 11:11:17,45.8297995,-129.7588608,20647.57,-9655.20,278.65,-0.7,2.8,0.00,283.67,283.67,HMR2300,1666.7,-13986.7,49340.0,51311.2,,,,,,,,RR1715,,
J2-1008,ASNAP,2017/08/23 11:11:22,45.8297991,-129.7588558,20647.96,-9655.24,278.58,-0.6,2.6,0.00,280.84,280.84,HMR2300,1686.7,-13806.7,49326.7,51250.3,,,,,,,,RR1715,,
J2-1008,ASNAP,2017/08/23 11:11:27,45.8297966,-129.7588631,20647.39,-9655.52,278.26,-0.8,2.7,0.00,278.72,278.72,HMR2300,1653.3,-13840.0,49340.0,51271.0,,,,,,,,RR1715,,
J2-1008,ASNAP,2017/08/23 11:11:32,45.8297993,-129.7588584,20647.76,-9655.22,278.54,0.7,2.7,0.00,275.91,275.91,HMR2300,2693.3,-13920.0,49366.7,51362.3,,,,,,,,RR1715,,
J2-1008,ASNAP,2017/08/23 11:11:37,45.8297964,-129.7588586,20647.74,-9655.54,278.36,-0.6,2.7,0.00,273.08,273.08,HMR2300,1926.7,-13886.7,49313.3,51267.5,,,,,,,,RR1715,,
J2-1008,ASNAP,2017/08/23 11:11:42,45.8297932,-129.7588716,20646.73,-9655.90,278.14,-0.8,2.5,0.00,270.27,270.27,HMR2300,1666.7,-13686.7,49393.3,51281.6,,,,,,,,RR1715,,
J2-1008,ASNAP,2017/08/23 11:11:47,45.8297865,-129.7588652,20647.23,-9656.64,278.18,-0.6,2.7,0.00,268.16,268.16,HMR2300,2000.0,-13813.3,49380.0,51314.6,,,,,,,,RR1715,,
J2-1008,ASNAP,2017/08/23 11:11:52,45.8297806,-129.7588540,20648.10,-9657.30,278.37,-1.5,2.8,0.00,265.35,265.35,HMR2300,1080.0,-13980.0,49326.7,51280.9,,,,,,,,RR1715,,
J2-1008,ASNAP,2017/08/23 11:11:57,45.8297733,-129.7588660,20647.17,-9658.11,277.97,-0.8,2.7,0.00,262.56,262.56,HMR2300,1680.0,-13833.3,49340.0,51270.1,,,,,,,,RR1715,,
J2-1008,ASNAP,2017/08/23 11:12:02,45.8297671,-129.7588593,20647.69,-9658.80,278.00,-0.4,2.7,0.00,259.76,259.76,HMR2300,2193.3,-13820.0,49346.7,51292.3,,,,,,,,RR1715,,
J2-1008,ASNAP,2017/08/23 11:12:07,45.8297632,-129.7588488,20648.50,-9659.23,278.06,-1.2,3.0,0.00,257.67,257.67,HMR2300,1473.3,-14060.0,49346.7,51331.7,,,,,,,,RR1715,,
J2-1008,ASNAP,2017/08/23 11:12:12,45.8297628,-129.7588452,20648.78,-9659.28,278.22,-0.5,2.9,0.00,254.87,254.87,HMR2300,1980.0,-14006.7,49313.3,51302.2,,,,,,,,RR1715,,
J2-1008,ASNAP,2017/08/23 11:12:17,45.8297633,-129.7588492,20648.47,-9659.22,278.21,-1.0,2.7,0.00,252.10,252.1,HMR2300,1533.3,-13826.7,49340.0,51263.7,,,,,,,,RR1715,,
J2-1008,ASNAP,2017/08/23 11:12:22,45.8297533,-129.7588399,20649.19,-9660.33,277.67,0.9,2.8,0.00,249.46,249.46,HMR2300,3206.7,-13866.7,49306.7,51319.7,,,,,,,,RR1715,,
J2-1008,ASNAP,2017/08/23 11:12:27,45.8297469,-129.7588287,20650.06,-9661.05,277.46,-0.4,2.8,0.00,247.50,247.5,HMR2300,2373.3,-13926.7,49406.7,51386.8,,,,,,,,RR1715,,
J2-1008,ASNAP,2017/08/23 11:12:32,45.8297517,-129.7588291,20650.03,-9660.51,277.33,-0.8,2.9,0.00,244.94,244.94,HMR2300,2033.3,-13926.7,49326.7,51295.3,,,,,,,,RR1715,,
J2-1008,ASNAP,2017/08/23 11:12:37,45.8297478,-129.7588229,20650.51,-9660.94,277.52,-0.5,2.7,0.00,242.41,242.41,HMR2300,2160.0,-13886.7,49320.0,51283.2,,,,,,,,RR1715,,
J2-1008,ASNAP,2017/08/23 11:12:42,45.8297415,-129.7588232,20650.49,-9661.64,277.62,-0.4,2.8,0.00,239.90,239.9,HMR2300,2213.3,-13893.3,49300.0,51268.1,,,,,,,,RR1715,,
J2-1008,ASNAP,2017/08/23 11:12:47,45.8297331,-129.7588251,20650.34,-9662.58,277.70,-1.1,2.7,0.00,238.02,238.02,HMR2300,1646.7,-13860.0,49366.7,51301.8,,,,,,,,RR1715,,
J2-1008,ASNAP,2017/08/23 11:12:52,45.8297326,-129.7588210,20650.66,-9662.63,277.63,-1.0,2.7,0.00,235.53,235.53,HMR2300,1800.0,-13840.0,49413.3,51346.5,,,,,,,,RR1715,,
J2-1008,ASNAP,2017/08/23 11:12:57,45.8297344,-129.7588179,20650.90,-9662.43,277.79,-1.0,2.6,0.00,233.06,233.06,HMR2300,1646.7,-13806.7,49320.0,51242.5,,,,,,,,RR1715,,
J2-1008,ASNAP,2017/08/23 11:13:02,45.8297258,-129.7588194,20650.78,-9663.39,277.64,-0.5,2.8,0.00,230.60,230.6,HMR2300,2080.0,-13860.0,49306.7,51259.9,,,,,,,,RR1715,,
J2-1008,ASNAP,2017/08/23 11:13:07,45.8297246,-129.7588170,20650.97,-9663.52,277.78,-0.9,2.9,0.00,228.74,228.74,HMR2300,1766.7,-13993.3,49306.7,51284.3,,,,,,,,RR1715,,
J2-1008,ASNAP,2017/08/23 11:13:12,45.8297199,-129.7588263,20650.25,-9664.05,277.73,-0.8,2.8,0.00,226.27,226.27,HMR2300,1840.0,-13986.7,49366.7,51342.8,,,,,,,,RR1715,,
J2-1008,ASNAP,2017/08/23 11:13:17,45.8297173,-129.7588206,20650.69,-9664.34,277.81,-0.9,2.8,0.00,223.80,223.8,HMR2300,1800.0,-13973.3,49353.3,51324.9,,,,,,,,RR1715,,
J2-1008,ASNAP,2017/08/23 11:13:22,45.8297151,-129.7588187,20650.84,-9664.58,277.53,-1.2,2.8,0.00,221.34,221.34,HMR2300,1646.7,-13940.0,49393.3,51349.2,,,,,,,,RR1715,,
J2-1008,ASNAP,2017/08/23 11:13:27,45.8297079,-129.7588185,20650.85,-9665.38,277.64,-1.1,3.2,0.00,219.46,219.46,HMR2300,1760.0,-14260.0,49233.3,51287.1,,,,,,,,RR1715,,
J2-1008,ASNAP,2017/08/23 11:13:32,45.8297059,-129.7588134,20651.25,-9665.60,277.56,-1.3,3.0,0.00,216.98,216.98,HMR2300,1433.3,-14133.3,49280.0,51286.7,,,,,,,,RR1715,,
J2-1008,ASNAP,2017/08/23 11:13:37,45.8296980,-129.7588160,20651.05,-9666.48,277.60,-1.0,3.3,0.00,214.47,214.47,HMR2300,1733.3,-14320.0,49253.3,51322.1,,,,,,,,RR1715,,
J2-1008,ASNAP,2017/08/23 11:13:42,45.8296983,-129.7588077,20651.69,-9666.45,277.55,-0.7,3.1,0.00,211.94,211.94,HMR2300,1940.0,-14126.7,49340.0,51359.1,,,,,,,,RR1715,,
J2-1008,ASNAP,2017/08/23 11:13:47,45.8296956,-129.7588086,20651.62,-9666.75,277.86,-0.9,3.0,0.00,210.02,210.02,HMR2300,1806.7,-14140.0,49306.7,51325.9,,,,,,,,RR1715,,
J2-1008,ASNAP,2017/08/23 11:13:52,45.8296925,-129.7588068,20651.76,-9667.09,277.92,-1.3,3.3,0.00,207.49,207.49,HMR2300,1373.3,-14373.3,49186.7,51262.1,,,,,,,,RR1715,,
J2-1008,ASNAP,2017/08/23 11:13:57,45.8296895,-129.7588093,20651.57,-9667.43,277.68,-1.0,3.1,0.00,204.96,204.96,HMR2300,1713.3,-14166.7,49226.7,51253.2,,,,,,,,RR1715,,
J2-1008,ASNAP,2017/08/23 11:14:02,45.8296898,-129.7588064,20651.79,-9667.39,277.41,-0.5,3.0,0.00,202.40,202.4,HMR2300,2040.0,-14140.0,49306.7,51334.7,,,,,,,,RR1715,,
J2-1008,ASNAP,2017/08/23 11:14:07,45.8296872,-129.7588140,20651.20,-9667.68,277.69,-0.6,3.3,0.00,200.44,200.44,HMR2300,2200.0,-14453.3,49313.3,51434.8,,,,,,,,RR1715,,
J2-1008,ASNAP,2017/08/23 11:14:12,45.8296863,-129.7588179,20650.90,-9667.78,277.66,-1.2,3.3,0.00,197.83,197.83,HMR2300,1553.3,-14333.3,49246.7,51313.7,,,,,,,,RR1715,,
J2-1008,ASNAP,2017/08/23 11:14:17,45.8296895,-129.7588056,20651.85,-9667.42,277.74,-0.3,3.7,0.00,195.23,195.23,HMR2300,2506.7,-14686.7,49213.3,51419.2,,,,,,,,RR1715,,
J2-1008,ASNAP,2017/08/23 11:14:22,45.8296857,-129.7588160,20651.05,-9667.85,277.64,-1.4,3.3,0.00,192.62,192.62,HMR2300,1433.3,-14340.0,49206.7,51273.6,,,,,,,,RR1715,,
J2-1008,ASNAP,2017/08/23 11:14:27,45.8296869,-129.7588206,20650.69,-9667.71,277.54,-0.7,3.3,0.00,190.68,190.68,HMR2300,1900.0,-14373.3,49266.7,51355.7,,,,,,,,RR1715,,
J2-1008,ASNAP,2017/08/23 11:14:32,45.8296888,-129.7588094,20651.56,-9667.50,277.67,-0.7,3.4,0.00,188.11,188.11,HMR2300,2040.0,-14453.3,49306.7,51421.9,,,,,,,,RR1715,,
J2-1008,ASNAP,2017/08/23 11:14:37,45.8296874,-129.7588113,20651.41,-9667.66,277.51,-0.3,3.6,0.00,185.50,185.5,HMR2300,2286.7,-14560.0,49266.7,51424.0,,,,,,,,RR1715,,
J2-1008,ASNAP,2017/08/23 11:14:42,45.8296840,-129.7588022,20652.12,-9668.04,277.87,-0.2,3.4,0.00,182.88,182.88,HMR2300,2433.3,-14453.3,49220.0,51355.9,,,,,,,,RR1715,,
J2-1008,ASNAP,2017/08/23 11:14:47,45.8296807,-129.7588047,20651.92,-9668.40,277.62,-0.3,3.5,0.00,180.93,180.93,HMR2300,2280.0,-14500.0,49186.7,51330.1,,,,,,,,RR1715,,
J2-1008,ASNAP,2017/08/23 11:14:52,45.8296877,-129.7588037,20652.00,-9667.63,277.72,0.9,3.4,0.00,178.30,178.3,HMR2300,3306.7,-14480.0,49180.0,51373.9,,,,,,,,RR1715,,
J2-1008,ASNAP,2017/08/23 11:14:57,45.8296832,-129.7588009,20652.22,-9668.12,277.71,-0.4,3.3,0.00,175.63,175.63,HMR2300,2366.7,-14360.0,49266.7,51371.3,,,,,,,,RR1715,,
J2-1008,ASNAP,2017/08/23 11:15:02,45.8296812,-129.7588083,20651.64,-9668.35,277.65,-0.4,3.2,0.00,172.97,172.97,HMR2300,2373.3,-14293.3,49340.0,51423.4,,,,,,,,RR1715,,
J2-1008,ASNAP,2017/08/23 11:15:07,45.8296794,-129.7588025,20652.09,-9668.55,277.55,-0.2,3.4,0.00,170.99,170.99,HMR2300,2506.7,-14373.3,49206.7,51324.2,,,,,,,,RR1715,,
J2-1008,ASNAP,2017/08/23 11:15:12,45.8296744,-129.7588076,20651.70,-9669.10,277.51,-0.8,3.2,0.00,168.35,168.35,HMR2300,1960.0,-14260.0,49233.3,51294.3,,,,,,,,RR1715,,
J2-1008,ASNAP,2017/08/23 11:15:17,45.8296735,-129.7588010,20652.21,-9669.20,277.57,-0.1,3.2,0.00,165.73,165.73,HMR2300,2480.0,-14293.3,49220.0,51313.3,,,,,,,,RR1715,,
J2-1008,ASNAP,2017/08/23 11:15:22,45.8296707,-129.7588018,20652.15,-9669.52,277.45,-0.8,3.1,0.00,163.12,163.12,HMR2300,1986.7,-14233.3,49293.3,51345.6,,,,,,,,RR1715,,
J2-1008,ASNAP,2017/08/23 11:15:27,45.8296698,-129.7587930,20652.83,-9669.62,277.43,-0.2,3.4,0.00,161.15,161.15,HMR2300,2573.3,-14433.3,49293.3,51427.4,,,,,,,,RR1715,,
J2-1008,ASNAP,2017/08/23 11:15:32,45.8296644,-129.7587940,20652.75,-9670.22,277.49,-1.3,3.3,0.00,158.47,158.47,HMR2300,1580.0,-14333.3,49313.3,51378.5,,,,,,,,RR1715,,
J2-1008,ASNAP,2017/08/23 11:15:37,45.8296653,-129.7587872,20653.28,-9670.12,277.36,-0.1,3.0,0.00,155.80,155.8,HMR2300,2280.0,-13940.0,49273.3,51258.0,,,,,,,,RR1715,,
J2-1008,ASNAP,2017/08/23 11:15:42,45.8296576,-129.7587867,20653.32,-9670.97,277.66,-0.2,3.3,0.00,153.15,153.15,HMR2300,2433.3,-14380.0,49220.0,51335.3,,,,,,,,RR1715,,
J2-1008,ASNAP,2017/08/23 11:15:47,45.8296554,-129.7587862,20653.36,-9671.22,277.36,-1.1,3.3,0.00,151.17,151.17,HMR2300,1626.7,-14386.7,49273.3,51356.4,,,,,,,,RR1715,,
J2-1008,ASNAP,2017/08/23 11:15:52,45.8296483,-129.7587894,20653.11,-9672.01,277.40,-0.5,3.5,0.00,148.55,148.55,HMR2300,2193.3,-14506.7,49253.3,51392.1,,,,,,,,RR1715,,
J2-1008,ASNAP,2017/08/23 11:15:57,45.8296430,-129.7587853,20653.43,-9672.59,277.70,-1.2,3.5,0.00,145.92,145.92,HMR2300,1626.7,-14573.3,49253.3,51389.9,,,,,,,,RR1715,,
J2-1008,ASNAP,2017/08/23 11:16:02,45.8296400,-129.7587821,20653.68,-9672.93,277.55,-1.5,3.2,0.00,143.31,143.31,HMR2300,1146.7,-14260.0,49206.7,51244.1,,,,,,,,RR1715,,
J2-1008,ASNAP,2017/08/23 11:16:07,45.8296334,-129.7587898,20653.08,-9673.66,278.05,0.8,4.2,0.00,141.39,141.39,HMR2300,3240.0,-15220.0,49000.0,51411.5,,,,,,,,RR1715,,
J2-1008,ASNAP,2017/08/23 11:16:12,45.8296363,-129.7587665,20654.89,-9673.34,277.68,-1.4,3.2,0.00,138.81,138.81,HMR2300,1513.3,-14333.3,49253.3,51318.9,,,,,,,,RR1715,,
J2-1008,ASNAP,2017/08/23 11:16:17,45.8296325,-129.7587679,20654.78,-9673.76,277.62,-1.5,3.3,0.00,136.24,136.24,HMR2300,1313.3,-14433.3,49273.3,51360.6,,,,,,,,RR1715,,
J2-1008,ASNAP,2017/08/23 11:16:22,45.8296308,-129.7587560,20655.70,-9673.95,277.51,-1.5,3.3,0.00,133.69,133.69,HMR2300,1326.7,-14340.0,49266.7,51328.4,,,,,,,,RR1715,,
J2-1008,ASNAP,2017/08/23 11:16:27,45.8296338,-129.7587491,20656.24,-9673.62,277.48,-1.8,3.0,0.00,131.81,131.81,HMR2300,1140.0,-14060.0,49320.0,51297.6,,,,,,,,RR1715,,
J2-1008,ASNAP,2017/08/23 11:16:32,45.8296296,-129.7587514,20656.06,-9674.08,277.71,-2.2,2.8,0.00,129.34,129.34,HMR2300,673.3,-13893.3,49246.7,51173.4,,,,,,,,RR1715,,
J2-1008,ASNAP,2017/08/23 11:16:37,45.8296285,-129.7587403,20656.92,-9674.21,278.21,-2.4,2.9,0.00,126.93,126.93,HMR2300,313.3,-14073.3,49273.3,51244.7,,,,,,,,RR1715,,
J2-1008,ASNAP,2017/08/23 11:16:42,45.8296367,-129.7587536,20655.89,-9673.29,277.94,-2.4,2.9,0.00,124.58,124.58,HMR2300,420.0,-14153.3,49320.0,51312.3,,,,,,,,RR1715,,
J2-1008,ASNAP,2017/08/23 11:16:47,45.8296386,-129.7587510,20656.09,-9673.08,277.37,-1.4,2.9,0.00,122.99,122.99,HMR2300,1506.7,-13873.3,49320.0,51256.2,,,,,,,,RR1715,,
J2-1008,ASNAP,2017/08/23 11:16:52,45.8296396,-129.7587527,20655.96,-9672.97,277.97,-1.9,2.1,0.00,121.18,121.18,HMR2300,840.0,-13206.7,49506.7,51244.8,,,,,,,,RR1715,,
J2-1008,ASNAP,2017/08/23 11:16:57,45.8296354,-129.7587625,20655.20,-9673.44,277.87,-1.8,2.2,0.00,119.71,119.71,HMR2300,1006.7,-13340.0,49340.0,51121.5,,,,,,,,RR1715,,
J2-1008,ASNAP,2017/08/23 11:17:02,45.8296420,-129.7587782,20653.98,-9672.71,277.70,-1.3,2.1,0.00,118.55,118.55,HMR2300,1466.7,-13300.0,49500.0,51276.6,,,,,,,,RR1715,,
J2-1008,ASNAP,2017/08/23 11:17:07,45.8296416,-129.7588069,20651.75,-9672.75,277.66,-0.6,2.1,0.00,117.84,117.84,HMR2300,2060.0,-13246.7,49520.0,51302.5,,,,,,,,RR1715,,
J2-1008,ASNAP,2017/08/23 11:17:12,45.8296380,-129.7588141,20651.19,-9673.15,277.60,-0.5,1.9,0.00,116.97,116.97,HMR2300,2206.7,-13066.7,49406.7,51153.0,,,,,,,,RR1715,,
J2-1008,ASNAP,2017/08/23 11:17:17,45.8296360,-129.7588468,20648.66,-9673.37,276.77,-0.9,2.3,0.00,116.15,116.15,HMR2300,2166.7,-13393.3,49520.0,51345.0,,,,,,,,RR1715,,
J2-1008,ASNAP,2017/08/23 11:17:22,45.8296339,-129.7588782,20646.22,-9673.61,276.69,-1.1,1.8,0.00,115.25,115.25,HMR2300,1906.7,-13100.0,49426.7,51168.7,,,,,,,,RR1715,,
J2-1008,ASNAP,2017/08/23 11:17:27,45.8296335,-129.7588786,20646.19,-9673.65,276.81,-0.8,2.0,0.00,115.00,115,HMR2300,2213.3,-13100.0,49426.7,51181.1,,,,,,,,RR1715,,
J2-1008,ASNAP,2017/08/23 11:17:32,45.8296322,-129.7588845,20645.73,-9673.79,276.91,-0.8,2.0,0.00,115.34,115.34,HMR2300,2200.0,-13046.7,49460.0,51199.1,,,,,,,,RR1715,,
J2-1008,ASNAP,2017/08/23 11:17:37,45.8296294,-129.7588831,20645.84,-9674.10,276.71,-1.4,1.8,0.00,115.82,115.82,HMR2300,1506.7,-12960.0,49160.0,50861.9,,,,,,,,RR1715,,
J2-1008,ASNAP,2017/08/23 11:17:42,45.8296291,-129.7588870,20645.54,-9674.14,276.82,-1.4,2.0,0.00,115.82,115.82,HMR2300,1646.7,-13280.0,49660.0,51431.4,,,,,,,,RR1715,,
J2-1008,ASNAP,2017/08/23 11:17:47,45.8296306,-129.7588760,20646.39,-9673.97,277.10,-1.3,2.1,0.00,115.64,115.64,HMR2300,1493.3,-13280.0,49200.0,50982.6,,,,,,,,RR1715,,
J2-1008,ASNAP,2017/08/23 11:17:52,45.8296282,-129.7588827,20645.87,-9674.24,277.27,-1.2,1.8,0.00,115.44,115.44,HMR2300,1733.3,-12700.0,49486.7,51119.7,,,,,,,,RR1715,,
J2-1008,ASNAP,2017/08/23 11:17:57,45.8296214,-129.7588696,20646.89,-9675.00,277.36,-1.3,1.8,0.00,115.47,115.47,HMR2300,1326.7,-12960.0,49206.7,50902.0,,,,,,,,RR1715,,
J2-1008,ASNAP,2017/08/23 11:18:02,45.8296256,-129.7588586,20647.74,-9674.53,277.40,-1.3,1.9,0.00,115.62,115.62,HMR2300,1326.7,-13313.3,49346.7,51128.3,,,,,,,,RR1715,,
J2-1008,ASNAP,2017/08/23 11:18:07,45.8296159,-129.7588615,20647.52,-9675.61,277.39,-1.4,1.9,0.00,115.63,115.63,HMR2300,1273.3,-13053.3,49140.0,50860.1,,,,,,,,RR1715,,
J2-1008,ASNAP,2017/08/23 11:18:12,45.8296167,-129.7588428,20648.97,-9675.52,277.14,-1.5,1.8,0.00,115.53,115.53,HMR2300,1373.3,-13120.0,49386.7,51118.1,,,,,,,,RR1715,,
J2-1008,ASNAP,2017/08/23 11:18:17,45.8296088,-129.7588303,20649.94,-9676.40,277.11,-1.5,1.8,0.00,115.48,115.48,HMR2300,1673.3,-13026.7,49793.3,51496.3,,,,,,,,RR1715,,
J2-1008,ASNAP,2017/08/23 11:18:22,45.8296070,-129.7588326,20649.76,-9676.59,277.07,-1.5,1.9,0.00,115.52,115.52,HMR2300,1453.3,-13240.0,49533.3,51292.9,,,,,,,,RR1715,,
J2-1008,ASNAP,2017/08/23 11:18:27,45.8296069,-129.7588183,20650.87,-9676.61,277.00,-1.6,1.9,0.00,115.57,115.57,HMR2300,1473.3,-13100.0,49500.0,51225.3,,,,,,,,RR1715,,
J2-1008,ASNAP,2017/08/23 11:18:32,45.8296027,-129.7588076,20651.70,-9677.07,277.01,-1.6,1.9,0.00,115.59,115.59,HMR2300,1386.7,-13133.3,49526.7,51257.2,,,,,,,,RR1715,,
J2-1008,ASNAP,2017/08/23 11:18:37,45.8295928,-129.7587924,20652.88,-9678.17,276.76,-1.6,1.8,0.00,115.54,115.54,HMR2300,1626.7,-12900.0,49506.7,51185.6,,,,,,,,RR1715,,
J2-1008,ASNAP,2017/08/23 11:18:42,45.8295918,-129.7587808,20653.78,-9678.29,276.58,-1.7,1.9,0.00,115.52,115.52,HMR2300,1360.0,-13173.3,49380.0,51125.1,,,,,,,,RR1715,,
J2-1008,ASNAP,2017/08/23 11:18:47,45.8295935,-129.7587737,20654.33,-9678.09,276.40,-1.7,1.9,0.00,115.54,115.54,HMR2300,1646.7,-12926.7,49460.0,51147.8,,,,,,,,RR1715,,
J2-1008,ASNAP,2017/08/23 11:18:52,45.8295790,-129.7587694,20654.66,-9679.71,274.68,-1.2,1.9,0.00,115.59,115.59,HMR2300,2626.7,-12860.0,49426.7,51139.8,,,,,,,,RR1715,,
J2-1008,ASNAP,2017/08/23 11:18:57,45.8295756,-129.7587671,20654.84,-9680.08,276.50,-2.0,1.8,0.00,115.61,115.61,HMR2300,1206.7,-12973.3,49306.7,50999.1,,,,,,,,RR1715,,
J2-1008,ASNAP,2017/08/23 11:19:02,45.8295795,-129.7587750,20654.23,-9679.65,275.48,-1.5,1.7,0.00,115.57,115.57,HMR2300,2133.3,-12746.7,49553.3,51211.0,,,,,,,,RR1715,,
J2-1008,ASNAP,2017/08/23 11:19:07,45.8295734,-129.7587971,20652.51,-9680.33,275.67,-1.6,1.7,0.00,115.51,115.51,HMR2300,1946.7,-12873.3,49700.0,51377.1,,,,,,,,RR1715,,
J2-1008,ASNAP,2017/08/23 11:19:12,45.8295744,-129.7588196,20650.77,-9680.22,277.37,-1.1,1.8,0.00,115.49,115.49,HMR2300,1846.7,-12920.0,49553.3,51243.2,,,,,,,,RR1715,,
J2-1008,ASNAP,2017/08/23 11:19:17,45.8295785,-129.7588661,20647.16,-9679.76,277.05,-1.3,1.9,0.00,115.46,115.46,HMR2300,1960.0,-12986.7,49746.7,51451.2,,,,,,,,RR1715,,
J2-1008,ASNAP,2017/08/23 11:19:22,45.8295769,-129.7588911,20645.22,-9679.94,276.59,-0.7,2.0,0.00,115.46,115.46,HMR2300,2260.0,-12906.7,49266.7,50979.3,,,,,,,,RR1715,,
J2-1008,ASNAP,2017/08/23 11:19:27,45.8295800,-129.7589151,20643.36,-9679.60,276.83,-0.2,2.3,0.00,115.40,115.4,HMR2300,2613.3,-13326.7,49153.3,50994.9,,,,,,,,RR1715,,
J2-1008,ASNAP,2017/08/23 11:19:32,45.8295769,-129.7589392,20641.49,-9679.94,277.08,-1.0,1.9,0.00,115.14,115.14,HMR2300,1600.0,-13166.7,49480.0,51226.9,,,,,,,,RR1715,,
J2-1008,ASNAP,2017/08/23 11:19:37,45.8295802,-129.7589691,20639.17,-9679.57,277.05,2.2,3.3,0.00,115.03,115.03,HMR2300,4946.7,-14540.0,49173.3,51516.0,,,,,,,,RR1715,,
J2-1008,ASNAP,2017/08/23 11:19:42,45.8295795,-129.7589745,20638.75,-9679.65,278.33,-2.3,2.8,0.00,114.86,114.86,HMR2300,906.7,-13993.3,49293.3,51249.1,,,,,,,,RR1715,,
J2-1008,ASNAP,2017/08/23 11:19:47,45.8295800,-129.7589574,20640.08,-9679.60,277.93,-1.3,2.2,0.00,115.16,115.16,HMR2300,1080.0,-13293.3,49320.0,51091.5,,,,,,,,RR1715,,
J2-1008,ASNAP,2017/08/23 11:19:52,45.8295800,-129.7589574,20640.08,-9679.60,277.69,-1.2,1.9,0.00,115.48,115.48,HMR2300,1500.0,-13093.3,49633.3,51353.2,,,,,,,,RR1715,,
J2-1008,ASNAP,2017/08/23 11:19:57,45.8295800,-129.7589574,20640.08,-9679.60,277.62,-0.8,2.2,0.00,115.42,115.42,HMR2300,1960.0,-13340.0,49573.3,51374.2,,,,,,,,RR1715,,
J2-1008,ASNAP,2017/08/23 11:20:02,45.8295763,-129.7589014,20644.42,-9680.01,277.24,-0.9,2.2,0.00,115.19,115.19,HMR2300,1806.7,-13300.0,49306.7,51100.9,,,,,,,,RR1715,,
J2-1008,ASNAP,2017/08/23 11:20:07,45.8295738,-129.7588826,20645.88,-9680.28,277.41,-0.9,2.4,0.00,115.21,115.21,HMR2300,1766.7,-13480.0,49273.3,51114.5,,,,,,,,RR1715,,
J2-1008,ASNAP,2017/08/23 11:20:12,45.8295738,-129.7588826,20645.88,-9680.28,276.74,-0.4,1.9,0.00,115.78,115.78,HMR2300,2606.7,-13053.3,49406.7,51168.4,,,,,,,,RR1715,,
J2-1008,ASNAP,2017/08/23 11:20:17,45.8295787,-129.7588907,20645.25,-9679.74,276.01,-0.3,1.8,0.00,116.26,116.26,HMR2300,2566.7,-12980.0,49493.3,51231.4,,,,,,,,RR1715,,
J2-1008,ASNAP,2017/08/23 11:20:22,45.8295839,-129.7589161,20643.28,-9679.16,275.52,-0.1,1.7,0.00,115.92,115.92,HMR2300,3313.3,-12746.7,49453.3,51177.0,,,,,,,,RR1715,,
J2-1008,ASNAP,2017/08/23 11:20:27,45.8295839,-129.7589161,20643.28,-9679.16,276.43,-0.5,1.7,0.00,115.50,115.5,HMR2300,2246.7,-12746.7,49520.0,51183.5,,,,,,,,RR1715,,
J2-1008,ASNAP,2017/08/23 11:20:32,45.8295910,-129.7589883,20637.68,-9678.37,277.20,2.6,2.9,0.00,115.08,115.08,HMR2300,4933.3,-13906.7,49133.3,51301.2,,,,,,,,RR1715,,
J2-1008,ASNAP,2017/08/23 11:20:37,45.8295910,-129.7589883,20637.68,-9678.37,277.54,3.4,3.5,0.00,114.77,114.77,HMR2300,5693.3,-14560.0,49113.3,51541.5,,,,,,,,RR1715,,
J2-1008,ASNAP,2017/08/23 11:20:42,45.8295900,-129.7590191,20635.29,-9678.48,278.17,4.7,4.3,0.00,114.76,114.76,HMR2300,7886.7,-15886.7,48526.7,51666.5,,,,,,,,RR1715,,
J2-1008,ASNAP,2017/08/23 11:20:47,45.8295999,-129.7590166,20635.48,-9677.38,279.47,-5.0,2.5,0.00,114.20,114.2,HMR2300,-1926.7,-13960.0,49086.7,51069.5,,,,,,,,RR1715,,
J2-1008,ASNAP,2017/08/23 11:20:52,45.8295999,-129.7590166,20635.48,-9677.38,277.46,2.3,4.0,0.00,114.60,114.6,HMR2300,4573.3,-14813.3,49106.7,51495.8,,,,,,,,RR1715,,
J2-1008,ASNAP,2017/08/23 11:20:57,45.8295942,-129.7590008,20636.71,-9678.02,278.33,-3.2,1.7,0.00,115.27,115.27,HMR2300,-340.0,-13006.7,49386.7,51071.8,,,,,,,,RR1715,,
J2-1008,ASNAP,2017/08/23 11:21:02,45.8295942,-129.7590008,20636.71,-9678.02,278.81,0.7,3.2,0.00,115.85,115.85,HMR2300,2713.3,-14106.7,49300.0,51350.3,,,,,,,,RR1715,,
J2-1008,ASNAP,2017/08/23 11:21:07,45.8295912,-129.7590009,20636.70,-9678.35,276.27,-2.2,2.4,0.00,116.00,116,HMR2300,1513.3,-13480.0,49313.3,51144.9,,,,,,,,RR1715,,
J2-1008,ASNAP,2017/08/23 11:21:12,45.8295924,-129.7590273,20634.65,-9678.22,273.31,-1.2,1.7,0.00,116.01,116.01,HMR2300,2913.3,-12720.0,49593.3,51281.4,,,,,,,,RR1715,,
J2-1008,ASNAP,2017/08/23 11:21:17,45.8295924,-129.7590273,20634.65,-9678.22,274.32,-1.3,1.9,0.00,115.75,115.75,HMR2300,2546.7,-13040.0,49640.0,51387.3,,,,,,,,RR1715,,
J2-1008,ASNAP,2017/08/23 11:21:22,45.8295970,-129.7590676,20631.53,-9677.71,276.40,-1.0,1.9,0.00,115.55,115.55,HMR2300,1800.0,-13026.7,49320.0,51043.1,,,,,,,,RR1715,,
J2-1008,ASNAP,2017/08/23 11:21:27,45.8295913,-129.7591307,20626.63,-9678.34,275.67,1.6,2.7,0.00,115.56,115.56,HMR2300,3653.3,-13566.7,48673.3,50660.6,,,,,,,,RR1715,,
J2-1008,ASNAP,2017/08/23 11:21:32,45.8295894,-129.7591253,20627.05,-9678.55,276.48,0.5,2.2,0.00,115.31,115.31,HMR2300,2820.0,-13106.7,48773.3,50582.4,,,,,,,,RR1715,,
J2-1008,ASNAP,2017/08/23 11:21:37,45.8295954,-129.7591333,20626.43,-9677.88,276.66,-0.1,2.1,0.00,114.88,114.88,HMR2300,2366.7,-13120.0,48793.3,50581.9,,,,,,,,RR1715,,
J2-1008,ASNAP,2017/08/23 11:21:42,45.8295893,-129.7591327,20626.48,-9678.56,276.70,-1.3,2.1,0.00,114.28,114.28,HMR2300,1413.3,-13180.0,48773.3,50542.5,,,,,,,,RR1715,,
J2-1008,ASNAP,2017/08/23 11:21:47,45.8295921,-129.7591448,20625.54,-9678.25,276.80,-0.8,2.2,0.00,113.88,113.88,HMR2300,1520.0,-13046.7,48786.7,50523.9,,,,,,,,RR1715,,
J2-1008,ASNAP,2017/08/23 11:21:52,45.8296011,-129.7591109,20628.17,-9677.25,276.99,-0.8,2.0,0.00,113.37,113.37,HMR2300,1546.7,-13046.7,48813.3,50550.5,,,,,,,,RR1715,,
J2-1008,ASNAP,2017/08/23 11:21:57,45.8295791,-129.7591231,20627.22,-9679.70,276.89,-1.1,2.1,0.00,112.96,112.96,HMR2300,1973.3,-13266.7,49433.3,51220.6,,,,,,,,RR1715,,
J2-1008,ASNAP,2017/08/23 11:22:02,45.8295875,-129.7591031,20628.77,-9678.76,277.90,-2.4,2.5,0.00,112.46,112.46,HMR2300,400.0,-13640.0,49313.3,51166.5,,,,,,,,RR1715,,
J2-1008,ASNAP,2017/08/23 11:22:07,45.8295890,-129.7590998,20629.03,-9678.60,278.99,-1.0,1.8,0.00,111.08,111.08,HMR2300,920.0,-13220.0,49120.0,50876.2,,,,,,,,RR1715,,
J2-1008,ASNAP,2017/08/23 11:22:12,45.8295816,-129.7591119,20628.09,-9679.42,276.60,-2.9,2.0,0.00,109.86,109.86,HMR2300,900.0,-13446.7,50053.3,51835.9,,,,,,,,RR1715,,
J2-1008,ASNAP,2017/08/23 11:22:17,45.8295815,-129.7591311,20626.60,-9679.43,274.70,-0.7,1.7,0.00,109.23,109.23,HMR2300,3306.7,-12733.3,49726.7,51437.5,,,,,,,,RR1715,,
J2-1008,ASNAP,2017/08/23 11:22:22,45.8295787,-129.7591878,20622.20,-9679.74,275.75,0.3,1.4,0.00,108.81,108.81,HMR2300,3506.7,-12660.0,49520.0,51232.8,,,,,,,,RR1715,,
J2-1008,ASNAP,2017/08/23 11:22:27,45.8295727,-129.7592169,20619.94,-9680.41,277.56,0.2,2.4,0.00,108.02,108.02,HMR2300,2733.3,-13646.7,49320.0,51246.1,,,,,,,,RR1715,,
J2-1008,ASNAP,2017/08/23 11:22:32,45.8295750,-129.7592432,20617.90,-9680.15,278.48,0.3,2.0,0.00,106.90,106.9,HMR2300,2960.0,-13666.7,50053.3,51969.9,,,,,,,,RR1715,,
J2-1008,ASNAP,2017/08/23 11:22:37,45.8295703,-129.7592894,20614.32,-9680.67,274.59,0.2,2.4,0.00,106.21,106.21,HMR2300,4333.3,-13533.3,50040.0,52018.6,,,,,,,,RR1715,,
J2-1008,ASNAP,2017/08/23 11:22:42,45.8295661,-129.7593141,20612.40,-9681.14,275.33,0.2,2.4,0.00,105.89,105.89,HMR2300,4140.0,-13633.3,50026.7,52016.1,,,,,,,,RR1715,,
J2-1008,ASNAP,2017/08/23 11:22:47,45.8295608,-129.7593368,20610.64,-9681.73,275.36,1.2,2.9,0.00,105.59,105.59,HMR2300,4360.0,-13720.0,49293.3,51352.5,,,,,,,,RR1715,,
J2-1008,ASNAP,2017/08/23 11:22:52,45.8295562,-129.7593553,20609.21,-9682.24,276.51,2.4,2.7,0.00,106.24,106.24,HMR2300,5126.7,-13966.7,49533.3,51719.5,,,,,,,,RR1715,,
J2-1008,ASNAP,2017/08/23 11:22:57,45.8295522,-129.7593859,20606.83,-9682.69,276.91,1.2,3.7,0.00,106.93,106.93,HMR2300,3753.3,-15080.0,49113.3,51513.2,,,,,,,,RR1715,,
J2-1008,ASNAP,2017/08/23 11:23:02,45.8295481,-129.7593903,20606.49,-9683.14,276.71,-0.7,3.4,0.00,106.97,106.97,HMR2300,2993.3,-14020.0,49553.3,51585.4,,,,,,,,RR1715,,
J2-1008,ASNAP,2017/08/23 11:23:07,45.8295566,-129.7593889,20606.60,-9682.20,276.80,1.8,3.2,0.00,106.72,106.72,HMR2300,3253.3,-14500.0,48946.7,51152.8,,,,,,,,RR1715,,
J2-1008,ASNAP,2017/08/23 11:23:12,45.8295595,-129.7593817,20607.16,-9681.88,276.77,1.4,2.5,0.00,106.46,106.46,HMR2300,3420.0,-14026.7,49133.3,51210.6,,,,,,,,RR1715,,
J2-1008,ASNAP,2017/08/23 11:23:17,45.8295572,-129.7593765,20607.56,-9682.13,277.17,-0.3,2.3,0.00,106.08,106.08,HMR2300,1820.0,-13920.0,49133.3,51099.5,,,,,,,,RR1715,,
J2-1008,ASNAP,2017/08/23 11:23:22,45.8295610,-129.7593732,20607.82,-9681.71,277.23,-0.4,2.3,0.00,105.84,105.84,HMR2300,1666.7,-13826.7,49140.0,51075.4,,,,,,,,RR1715,,
J2-1008,ASNAP,2017/08/23 11:23:27,45.8295604,-129.7593603,20608.82,-9681.78,277.26,-0.5,2.3,0.00,105.62,105.62,HMR2300,1566.7,-13846.7,49160.0,51096.9,,,,,,,,RR1715,,
J2-1008,ASNAP,2017/08/23 11:23:32,45.8295657,-129.7593470,20609.85,-9681.19,277.13,-0.9,2.2,0.00,105.51,105.51,HMR2300,1373.3,-13760.0,49160.0,51067.9,,,,,,,,RR1715,,
J2-1008,ASNAP,2017/08/23 11:23:37,45.8295601,-129.7593293,20611.22,-9681.81,276.97,-1.1,2.2,0.00,105.45,105.45,HMR2300,1253.3,-13766.7,49180.0,51085.9,,,,,,,,RR1715,,
J2-1008,ASNAP,2017/08/23 11:23:42,45.8295547,-129.7593326,20610.97,-9682.41,278.36,-0.5,2.4,0.00,105.40,105.4,HMR2300,1160.0,-14020.0,49133.3,51107.6,,,,,,,,RR1715,,
J2-1008,ASNAP,2017/08/23 11:23:47,45.8295526,-129.7593233,20611.69,-9682.64,277.29,-1.0,2.2,0.00,105.42,105.42,HMR2300,1226.7,-13780.0,49166.7,51076.0,,,,,,,,RR1715,,
J2-1008,ASNAP,2017/08/23 11:23:52,45.8295497,-129.7593629,20608.62,-9682.96,276.37,-0.6,2.3,0.00,105.47,105.47,HMR2300,2066.7,-13820.0,49620.0,51550.1,,,,,,,,RR1715,,
J2-1008,ASNAP,2017/08/23 11:23:57,45.8295577,-129.7593821,20607.13,-9682.07,276.53,-0.7,2.5,0.00,105.40,105.4,HMR2300,2026.7,-13986.7,49600.0,51574.2,,,,,,,,RR1715,,
J2-1008,ASNAP,2017/08/23 11:24:02,45.8295612,-129.7594130,20604.73,-9681.69,277.41,-0.7,2.5,0.00,105.29,105.29,HMR2300,2060.0,-13620.0,49586.7,51464.4,,,,,,,,RR1715,,
J2-1008,ASNAP,2017/08/23 11:24:07,45.8295608,-129.7594213,20604.09,-9681.73,267.35,0.4,1.6,0.00,105.25,105.25,HMR2300,6593.3,-11733.3,49280.0,51084.8,,,,,,,,RR1715,,
J2-1008,ASNAP,2017/08/23 11:24:12,45.8295718,-129.7594381,20602.78,-9680.51,255.56,-0.6,0.7,0.00,105.73,105.73,HMR2300,9760.0,-9106.7,49300.0,51075.2,,,,,,,,RR1715,,
J2-1008,ASNAP,2017/08/23 11:24:17,45.8295756,-129.7594584,20601.21,-9680.09,240.38,0.2,0.6,0.00,106.34,106.34,HMR2300,14620.0,-5833.3,48760.0,51237.8,,,,,,,,RR1715,,
J2-1008,ASNAP,2017/08/23 11:24:22,45.8295850,-129.7594668,20600.56,-9679.04,225.58,-0.0,0.1,0.00,106.76,106.76,HMR2300,17500.0,-586.7,47246.7,50386.9,,,,,,,,RR1715,,
J2-1008,ASNAP,2017/08/23 11:24:27,45.8295852,-129.7594900,20598.76,-9679.02,211.23,-0.5,-0.7,0.00,107.07,107.07,HMR2300,19980.0,5073.3,46940.0,51267.0,,,,,,,,RR1715,,
J2-1008,ASNAP,2017/08/23 11:24:32,45.8295876,-129.7595063,20597.49,-9678.75,199.20,-2.1,0.4,0.00,107.04,107.04,HMR2300,18353.3,8200.0,45966.7,50169.9,,,,,,,,RR1715,,
J2-1008,ASNAP,2017/08/23 11:24:37,45.8295885,-129.7595126,20597.00,-9678.65,200.52,-0.6,-4.0,0.00,107.33,107.33,HMR2300,19566.7,10213.3,45400.0,50481.0,,,,,,,,RR1715,,
J2-1008,ASNAP,2017/08/23 11:24:42,45.8295770,-129.7595195,20596.47,-9679.93,197.25,-1.3,-2.1,0.00,107.26,107.26,HMR2300,18746.7,9660.0,45320.0,49986.6,,,,,,,,RR1715,,
J2-1008,ASNAP,2017/08/23 11:24:47,45.8295757,-129.7595196,20596.46,-9680.07,198.98,-0.8,-0.6,0.00,107.25,107.25,HMR2300,19140.0,7873.3,45600.0,50076.8,,,,,,,,RR1715,,
J2-1008,ASNAP,2017/08/23 11:24:52,45.8295812,-129.7595246,20596.07,-9679.46,198.76,-0.9,-0.1,0.00,107.16,107.16,HMR2300,19420.0,8080.0,45706.7,50314.2,,,,,,,,RR1715,,
J2-1008,ASNAP,2017/08/23 11:24:57,45.8295860,-129.7595325,20595.46,-9678.93,199.21,-2.0,-0.9,0.00,107.13,107.13,HMR2300,18473.3,8706.7,45900.0,50238.2,,,,,,,,RR1715,,
J2-1008,ASNAP,2017/08/23 11:25:02,45.8295846,-129.7595436,20594.60,-9679.08,200.16,-1.9,-0.6,0.00,107.20,107.2,HMR2300,18440.0,7866.7,46186.7,50350.0,,,,,,,,RR1715,,
J2-1008,ASNAP,2017/08/23 11:25:07,45.8295881,-129.7595329,20595.43,-9678.70,199.03,-1.9,-1.0,0.00,107.49,107.49,HMR2300,18453.3,8880.0,45733.3,50109.1,,,,,,,,RR1715,,
J2-1008,ASNAP,2017/08/23 11:25:12,45.8295849,-129.7595316,20595.53,-9679.05,201.53,-3.1,1.2,0.00,107.91,107.91,HMR2300,16866.7,5906.7,46566.7,49878.1,,,,,,,,RR1715,,
J2-1008,ASNAP,2017/08/23 11:25:17,45.8295807,-129.7595284,20595.78,-9679.52,205.05,-4.3,2.3,0.00,108.19,108.19,HMR2300,15686.7,3980.0,47393.3,50080.3,,,,,,,,RR1715,,
J2-1008,ASNAP,2017/08/23 11:25:22,45.8295800,-129.7595264,20595.93,-9679.60,203.88,-2.0,1.2,0.00,108.25,108.25,HMR2300,17966.7,5706.7,46566.7,50237.7,,,,,,,,RR1715,,
J2-1008,ASNAP,2017/08/23 11:25:27,45.8295720,-129.7595070,20597.44,-9680.49,202.36,-1.8,3.4,0.00,107.95,107.95,HMR2300,18506.7,3860.0,46933.3,50597.8,,,,,,,,RR1715,,
J2-1008,ASNAP,2017/08/23 11:25:32,45.8295613,-129.7595098,20597.22,-9681.67,211.94,-1.7,1.8,0.00,107.89,107.89,HMR2300,17686.7,1853.3,47286.7,50520.1,,,,,,,,RR1715,,
J2-1008,ASNAP,2017/08/23 11:25:37,45.8295729,-129.7594939,20598.45,-9680.38,228.85,-1.1,2.2,0.00,108.01,108.01,HMR2300,15633.3,-3960.0,48226.7,50851.7,,,,,,,,RR1715,,
J2-1008,ASNAP,2017/08/23 11:25:42,45.8295686,-129.7595052,20597.58,-9680.86,233.89,-0.1,1.7,0.00,108.21,108.21,HMR2300,15506.7,-5993.3,48680.0,51440.4,,,,,,,,RR1715,,
J2-1008,ASNAP,2017/08/23 11:25:47,45.8295633,-129.7594929,20598.53,-9681.45,233.24,-1.2,0.8,0.00,108.34,108.34,HMR2300,14380.0,-4273.3,48540.0,50805.3,,,,,,,,RR1715,,
J2-1008,ASNAP,2017/08/23 11:25:52,45.8295577,-129.7595043,20597.65,-9682.07,234.28,-0.5,1.2,0.00,108.27,108.27,HMR2300,15013.3,-5466.7,48713.3,51266.7,,,,,,,,RR1715,,
J2-1008,ASNAP,2017/08/23 11:25:57,45.8295514,-129.7595119,20597.06,-9682.78,236.57,0.7,1.6,0.00,108.26,108.26,HMR2300,16340.0,-5180.0,48306.7,51257.8,,,,,,,,RR1715,,
J2-1008,ASNAP,2017/08/23 11:26:02,45.8295583,-129.7595308,20595.59,-9682.01,233.95,-0.0,1.2,0.00,108.42,108.42,HMR2300,15166.7,-4540.0,47420.0,49993.0,,,,,,,,RR1715,,
J2-1008,ASNAP,2017/08/23 11:26:07,45.8295527,-129.7595233,20596.17,-9682.63,234.59,-0.1,1.3,0.00,108.43,108.43,HMR2300,15166.7,-4653.3,47433.3,50016.0,,,,,,,,RR1715,,
J2-1008,ASNAP,2017/08/23 11:26:12,45.8295527,-129.7595233,20596.17,-9682.63,233.38,-1.9,1.6,0.00,108.15,108.15,HMR2300,14933.3,-4753.3,49440.0,51864.4,,,,,,,,RR1715,,
J2-1008,ASNAP,2017/08/23 11:26:17,45.8295469,-129.7595321,20595.49,-9683.28,233.61,0.5,2.1,0.00,107.70,107.7,HMR2300,16920.0,-5746.7,48820.0,51987.5,,,,,,,,RR1715,,
J2-1008,ASNAP,2017/08/23 11:26:22,45.8295460,-129.7595077,20597.38,-9683.38,232.98,0.1,2.6,0.00,107.46,107.46,HMR2300,16840.0,-5840.0,48840.0,51990.7,,,,,,,,RR1715,,
J2-1008,ASNAP,2017/08/23 11:26:27,45.8295470,-129.7595067,20597.46,-9683.26,232.65,-0.0,2.5,0.00,107.28,107.28,HMR2300,16666.7,-5606.7,48926.7,51990.7,,,,,,,,RR1715,,
J2-1008,ASNAP,2017/08/23 11:26:32,45.8295464,-129.7594714,20600.20,-9683.33,232.75,-0.1,2.4,0.00,107.18,107.18,HMR2300,16700.0,-5580.0,48926.7,51998.5,,,,,,,,RR1715,,
J2-1008,ASNAP,2017/08/23 11:26:37,45.8295607,-129.7594784,20599.66,-9681.74,233.27,-0.9,2.5,0.00,107.19,107.19,HMR2300,15893.3,-5720.0,49080.0,51905.3,,,,,,,,RR1715,,
J2-1008,ASNAP,2017/08/23 11:26:42,45.8295624,-129.7594539,20601.56,-9681.55,233.67,-0.6,2.8,0.00,107.23,107.23,HMR2300,16006.7,-6060.0,49013.3,51915.7,,,,,,,,RR1715,,
J2-1008,ASNAP,2017/08/23 11:26:47,45.8295659,-129.7594438,20602.34,-9681.16,237.35,-0.6,3.2,0.00,107.27,107.27,HMR2300,15013.3,-7586.7,49206.7,52002.4,,,,,,,,RR1715,,
J2-1008,ASNAP,2017/08/23 11:26:52,45.8295698,-129.7594304,20603.38,-9680.73,251.04,-0.4,4.0,0.00,107.38,107.38,HMR2300,11500.0,-11640.0,49546.7,52178.7,,,,,,,,RR1715,,
J2-1008,ASNAP,2017/08/23 11:26:57,45.8295698,-129.7594304,20603.38,-9680.73,245.87,-0.8,3.0,0.00,107.50,107.5,HMR2300,12680.0,-9593.3,49600.0,52086.2,,,,,,,,RR1715,,
J2-1008,ASNAP,2017/08/23 11:27:02,45.8295698,-129.7594304,20603.38,-9680.73,246.26,-0.8,2.8,0.00,107.59,107.59,HMR2300,12586.7,-9400.0,49620.0,52047.4,,,,,,,,RR1715,,
J2-1008,ASNAP,2017/08/23 11:27:07,45.8295662,-129.7593885,20606.63,-9681.13,245.73,-1.1,3.0,0.00,107.71,107.71,HMR2300,12533.3,-9493.3,49600.0,52032.4,,,,,,,,RR1715,,
J2-1008,ASNAP,2017/08/23 11:27:12,45.8295702,-129.7593781,20607.44,-9680.68,245.74,-1.1,2.8,0.00,107.87,107.87,HMR2300,12466.7,-9373.3,49686.7,52077.3,,,,,,,,RR1715,,
J2-1008,ASNAP,2017/08/23 11:27:17,45.8295734,-129.7593748,20607.69,-9680.33,246.76,-1.3,2.5,0.00,108.05,108.05,HMR2300,11933.3,-9486.7,49793.3,52074.7,,,,,,,,RR1715,,
J2-1008,ASNAP,2017/08/23 11:27:22,45.8295734,-129.7593748,20607.69,-9680.33,258.55,-1.7,2.6,0.00,108.21,108.21,HMR2300,7953.3,-12053.3,50080.0,52120.5,,,,,,,,RR1715,,
J2-1008,ASNAP,2017/08/23 11:27:27,45.8295842,-129.7593117,20612.59,-9679.13,267.67,-1.8,2.9,0.00,108.40,108.4,HMR2300,4826.7,-13526.7,50093.3,52111.5,,,,,,,,RR1715,,
J2-1008,ASNAP,2017/08/23 11:27:32,45.8295842,-129.7593117,20612.59,-9679.13,269.08,-1.9,3.0,0.00,108.59,108.59,HMR2300,4446.7,-13713.3,50040.0,52075.2,,,,,,,,RR1715,,
J2-1008,ASNAP,2017/08/23 11:27:37,45.8295842,-129.7593117,20612.59,-9679.13,268.33,-1.4,3.9,0.00,108.74,108.74,HMR2300,5213.3,-14413.3,49886.7,52188.1,,,,,,,,RR1715,,
J2-1008,ASNAP,2017/08/23 11:27:42,45.8295803,-129.7592676,20616.01,-9679.56,269.08,-0.8,4.3,0.00,108.86,108.86,HMR2300,5346.7,-14813.3,49746.7,52180.0,,,,,,,,RR1715,,
J2-1008,ASNAP,2017/08/23 11:27:47,45.8295803,-129.7592676,20616.01,-9679.56,268.66,-0.8,4.3,0.00,109.06,109.06,HMR2300,5486.7,-14766.7,49720.0,52155.9,,,,,,,,RR1715,,
J2-1008,ASNAP,2017/08/23 11:27:52,45.8295803,-129.7592676,20616.01,-9679.56,268.68,-0.7,4.8,0.00,109.27,109.27,HMR2300,5500.0,-15226.7,49666.7,52238.7,,,,,,,,RR1715,,
J2-1008,ASNAP,2017/08/23 11:27:57,45.8295750,-129.7592367,20618.41,-9680.15,268.68,-0.5,4.8,0.00,109.47,109.47,HMR2300,5653.3,-15173.3,49626.7,52201.5,,,,,,,,RR1715,,
J2-1008,ASNAP,2017/08/23 11:28:02,45.8295750,-129.7592367,20618.41,-9680.15,268.44,-0.5,4.9,0.00,109.65,109.65,HMR2300,5680.0,-15313.3,49660.0,52276.9,,,,,,,,RR1715,,
J2-1008,ASNAP,2017/08/23 11:28:07,45.8295750,-129.7592367,20618.41,-9680.15,268.44,-0.8,5.0,0.00,109.89,109.89,HMR2300,5473.3,-15406.7,49626.7,52250.6,,,,,,,,RR1715,,
J2-1008,ASNAP,2017/08/23 11:28:12,45.8295816,-129.7591882,20622.17,-9679.42,268.44,-0.7,5.0,0.00,110.15,110.15,HMR2300,5500.0,-15313.3,49626.7,52226.0,,,,,,,,RR1715,,
J2-1008,ASNAP,2017/08/23 11:28:17,45.8295816,-129.7591882,20622.17,-9679.42,268.46,-0.8,4.6,0.00,110.40,110.4,HMR2300,5486.7,-14966.7,49646.7,52143.0,,,,,,,,RR1715,,
J2-1008,ASNAP,2017/08/23 11:28:22,45.8295816,-129.7591882,20622.17,-9679.42,268.42,-0.8,4.7,0.00,110.58,110.58,HMR2300,5493.3,-15113.3,49680.0,52217.7,,,,,,,,RR1715,,
J2-1008,ASNAP,2017/08/23 11:28:27,45.8295737,-129.7591399,20625.92,-9680.30,268.45,-0.8,4.7,0.00,110.81,110.81,HMR2300,5446.7,-15100.0,49673.3,52202.6,,,,,,,,RR1715,,
J2-1008,ASNAP,2017/08/23 11:28:32,45.8295737,-129.7591399,20625.92,-9680.30,268.47,-0.8,4.7,0.00,111.04,111.04,HMR2300,5646.7,-15066.7,49666.7,52207.9,,,,,,,,RR1715,,
J2-1008,ASNAP,2017/08/23 11:28:37,45.8295737,-129.7591399,20625.92,-9680.30,268.21,-1.0,4.7,0.00,111.30,111.3,HMR2300,5340.0,-14580.0,48900.0,51306.0,,,,,,,,RR1715,,
J2-1008,ASNAP,2017/08/23 11:28:42,45.8295774,-129.7591143,20627.90,-9679.89,269.30,-1.2,4.7,0.00,111.38,111.38,HMR2300,4340.0,-14140.0,48346.7,50558.6,,,,,,,,RR1715,,
J2-1008,EVT,2017/08/23 11:28:45,45.8295774,-129.7591143,20627.90,-9679.89,269.19,-0.5,5.1,0.00,111.55,111.55,HMR2300,4840.0,-14753.3,48180.0,50620.1,,,,,,,,RR1715,DLG,TXT: First beacon retrieved. Moving on to second beacon. USR:eventlogger
J2-1008,ASNAP,2017/08/23 11:28:47,45.8295774,-129.7591143,20627.90,-9679.89,269.19,-0.7,4.3,0.00,111.62,111.62,HMR2300,4786.7,-14180.0,48313.3,50578.3,,,,,,,,RR1715,,
J2-1008,ASNAP,2017/08/23 11:28:52,45.8295774,-129.7591143,20627.90,-9679.89,271.20,-0.6,4.0,0.00,111.91,111.91,HMR2300,4173.3,-14333.3,48953.3,51179.0,,,,,,,,RR1715,,
J2-1008,ASNAP,2017/08/23 11:28:57,45.8295813,-129.7591838,20622.51,-9679.45,272.30,1.1,4.2,0.00,111.82,111.82,HMR2300,5253.3,-14613.3,48700.0,51115.9,,,,,,,,RR1715,,
J2-1008,ASNAP,2017/08/23 11:29:02,45.8295813,-129.7591838,20622.51,-9679.45,272.05,0.6,4.4,0.00,111.66,111.66,HMR2300,4880.0,-14833.3,48700.0,51142.3,,,,,,,,RR1715,,
J2-1008,ASNAP,2017/08/23 11:29:07,45.8295813,-129.7591838,20622.51,-9679.45,275.46,0.4,4.9,0.00,111.42,111.42,HMR2300,3606.7,-15713.3,48713.3,51311.8,,,,,,,,RR1715,,
J2-1008,ASNAP,2017/08/23 11:29:12,45.8295821,-129.7592973,20613.71,-9679.36,275.44,2.0,5.3,0.00,110.61,110.61,HMR2300,5146.7,-16053.3,48513.3,51358.9,,,,,,,,RR1715,,
J2-1008,ASNAP,2017/08/23 11:29:17,45.8295821,-129.7592973,20613.71,-9679.36,270.26,1.6,3.5,0.00,109.37,109.37,HMR2300,6346.7,-13960.0,48880.0,51229.1,,,,,,,,RR1715,,
J2-1008,ASNAP,2017/08/23 11:29:22,45.8295821,-129.7592973,20613.71,-9679.36,267.51,2.6,3.3,0.00,108.44,108.44,HMR2300,8026.7,-13833.3,48753.3,51309.6,,,,,,,,RR1715,,
J2-1008,ASNAP,2017/08/23 11:29:27,45.8295614,-129.7593581,20608.99,-9681.66,270.98,1.0,5.3,0.00,107.75,107.75,HMR2300,5806.7,-15800.0,48846.7,51665.8,,,,,,,,RR1715,,
J2-1008,EVT,2017/08/23 11:29:30,45.8295614,-129.7593581,20608.99,-9681.66,272.20,1.1,5.8,0.00,107.50,107.5,HMR2300,6140.0,-15800.0,48880.0,51735.8,,,,,,,,RR1715,DLG,TXT: Shark spotted USR:eventlogger
J2-1008,ASNAP,2017/08/23 11:29:32,45.8295614,-129.7593581,20608.99,-9681.66,271.27,0.8,5.3,0.00,107.35,107.35,HMR2300,5493.3,-15060.0,48213.3,50808.5,,,,,,,,RR1715,,
J2-1008,ASNAP,2017/08/23 11:29:37,45.8295614,-129.7593581,20608.99,-9681.66,269.74,1.4,4.9,0.00,107.10,107.1,HMR2300,6593.3,-14633.3,48246.7,50846.3,,,,,,,,RR1715,,
J2-1008,ASNAP,2017/08/23 11:29:42,45.8295399,-129.7594124,20604.78,-9684.05,266.78,2.6,5.6,0.00,106.98,106.98,HMR2300,8780.0,-15033.3,47900.0,50965.7,,,,,,,,RR1715,,
J2-1008,ASNAP,2017/08/23 11:29:47,45.8295399,-129.7594124,20604.78,-9684.05,275.18,0.4,6.5,0.00,106.82,106.82,HMR2300,4366.7,-17200.0,48333.3,51488.0,,,,,,,,RR1715,,
J2-1008,ASNAP,2017/08/23 11:29:52,45.8295399,-129.7594124,20604.78,-9684.05,269.58,0.8,5.5,0.00,106.91,106.91,HMR2300,6306.7,-15206.7,48200.0,50933.8,,,,,,,,RR1715,,
J2-1008,ASNAP,2017/08/23 11:29:57,45.8295550,-129.7594111,20604.88,-9682.37,273.39,-0.3,4.9,0.00,107.20,107.2,HMR2300,3826.7,-14953.3,48373.3,50776.2,,,,,,,,RR1715,,
J2-1008,ASNAP,2017/08/23 11:30:02,45.8295550,-129.7594111,20604.88,-9682.37,274.61,0.2,4.9,0.00,107.35,107.35,HMR2300,3913.3,-15120.0,48340.0,50800.4,,,,,,,,RR1715,,
J2-1008,ASNAP,2017/08/23 11:30:07,45.8295550,-129.7594111,20604.88,-9682.37,274.69,-0.4,2.8,0.00,107.41,107.41,HMR2300,3100.0,-13786.7,49040.0,51035.3,,,,,,,,RR1715,,
J2-1008,ASNAP,2017/08/23 11:30:12,45.8295640,-129.7593767,20607.55,-9681.37,275.94,0.8,4.2,0.00,106.70,106.7,HMR2300,4480.0,-15640.0,49473.3,52079.7,,,,,,,,RR1715,,
J2-1008,ASNAP,2017/08/23 11:30:17,45.8295640,-129.7593767,20607.55,-9681.37,274.14,0.5,5.2,0.00,106.10,106.1,HMR2300,4606.7,-16013.3,49380.0,52115.6,,,,,,,,RR1715,,
J2-1008,ASNAP,2017/08/23 11:30:22,45.8295640,-129.7593767,20607.55,-9681.37,272.92,-0.5,4.9,0.00,105.78,105.78,HMR2300,3140.0,-15500.0,48080.0,50614.2,,,,,,,,RR1715,,
J2-1008,ASNAP,2017/08/23 11:30:27,45.8295615,-129.7593370,20610.63,-9681.65,272.72,-1.0,4.2,0.00,105.27,105.27,HMR2300,3480.0,-14606.7,48980.0,51229.9,,,,,,,,RR1715,,
J2-1008,ASNAP,2017/08/23 11:30:32,45.8295615,-129.7593370,20610.63,-9681.65,273.40,-0.3,4.4,0.00,104.71,104.71,HMR2300,3486.7,-14880.0,48493.3,50844.6,,,,,,,,RR1715,,
J2-1008,ASNAP,2017/08/23 11:30:37,45.8295615,-129.7593370,20610.63,-9681.65,272.06,0.6,4.8,0.00,104.26,104.26,HMR2300,4440.0,-15693.3,48620.0,51282.5,,,,,,,,RR1715,,
J2-1008,ASNAP,2017/08/23 11:30:42,45.8295632,-129.7593082,20612.86,-9681.46,271.67,0.4,5.0,0.00,104.06,104.06,HMR2300,4880.0,-15493.3,48833.3,51464.1,,,,,,,,RR1715,,
J2-1008,ASNAP,2017/08/23 11:30:47,45.8295632,-129.7593082,20612.86,-9681.46,273.17,0.5,4.5,0.00,103.74,103.74,HMR2300,4513.3,-15033.3,48666.7,51135.3,,,,,,,,RR1715,,
J2-1008,ASNAP,2017/08/23 11:30:52,45.8295632,-129.7593082,20612.86,-9681.46,273.19,-0.2,4.8,0.00,103.59,103.59,HMR2300,4186.7,-15320.0,48880.0,51395.4,,,,,,,,RR1715,,
J2-1008,ASNAP,2017/08/23 11:30:57,45.8295757,-129.7592472,20617.59,-9680.07,273.30,-0.3,5.0,0.00,103.65,103.65,HMR2300,3860.0,-15426.7,48653.3,51186.2,,,,,,,,RR1715,,
J2-1008,ASNAP,2017/08/23 11:31:02,45.8295801,-129.7592438,20617.86,-9679.58,273.08,-0.8,3.1,0.00,103.77,103.77,HMR2300,3353.3,-13893.3,49073.3,51112.2,,,,,,,,RR1715,,
J2-1008,ASNAP,2017/08/23 11:31:07,45.8295801,-129.7592438,20617.86,-9679.58,273.19,-0.5,2.5,0.00,103.81,103.81,HMR2300,3573.3,-13300.0,49266.7,51155.3,,,,,,,,RR1715,,
J2-1008,ASNAP,2017/08/23 11:31:12,45.8295741,-129.7591828,20622.59,-9680.25,273.24,-0.6,1.8,0.00,103.72,103.72,HMR2300,3200.0,-12626.7,49086.7,50785.6,,,,,,,,RR1715,,
J2-1008,ASNAP,2017/08/23 11:31:17,45.8295788,-129.7591802,20622.79,-9679.73,273.29,-0.6,1.7,0.00,103.71,103.71,HMR2300,3793.3,-12506.7,49760.0,51447.7,,,,,,,,RR1715,,
J2-1008,ASNAP,2017/08/23 11:31:22,45.8295788,-129.7591802,20622.79,-9679.73,273.23,-0.6,1.7,0.00,103.70,103.7,HMR2300,3400.0,-12593.3,49346.7,51041.6,,,,,,,,RR1715,,
J2-1008,ASNAP,2017/08/23 11:31:27,45.8295971,-129.7591649,20623.98,-9677.69,273.24,-0.5,1.7,0.00,103.70,103.7,HMR2300,3520.0,-12493.3,49320.0,50999.4,,,,,,,,RR1715,,
J2-1008,ASNAP,2017/08/23 11:31:32,45.8296000,-129.7591347,20626.32,-9677.37,273.23,-0.5,1.7,0.00,103.72,103.72,HMR2300,3746.7,-12733.3,49820.0,51557.8,,,,,,,,RR1715,,
J2-1008,ASNAP,2017/08/23 11:31:37,45.8296000,-129.7591347,20626.32,-9677.37,273.22,-0.8,1.7,0.00,103.76,103.76,HMR2300,2920.0,-12606.7,49113.3,50789.5,,,,,,,,RR1715,,
J2-1008,ASNAP,2017/08/23 11:31:42,45.8296050,-129.7591002,20629.00,-9676.82,273.24,-0.9,1.6,0.00,103.76,103.76,HMR2300,3120.0,-12593.3,49580.0,51249.4,,,,,,,,RR1715,,
J2-1008,ASNAP,2017/08/23 11:31:47,45.8296080,-129.7590768,20630.81,-9676.48,273.25,-0.8,1.6,0.00,103.76,103.76,HMR2300,3333.3,-12473.3,49666.7,51317.4,,,,,,,,RR1715,,
J2-1008,ASNAP,2017/08/23 11:31:52,45.8296080,-129.7590768,20630.81,-9676.48,273.23,-0.9,1.6,0.00,103.76,103.76,HMR2300,3073.3,-12606.7,49433.3,51108.0,,,,,,,,RR1715,,
J2-1008,ASNAP,2017/08/23 11:31:57,45.8296078,-129.7590658,20631.67,-9676.51,273.24,-0.9,1.6,0.00,103.75,103.75,HMR2300,2853.3,-12573.3,49233.3,50893.5,,,,,,,,RR1715,,
J2-1008,ASNAP,2017/08/23 11:32:02,45.8296121,-129.7590442,20633.34,-9676.03,273.25,-0.9,1.6,0.00,103.74,103.74,HMR2300,2480.0,-12300.0,48546.7,50142.0,,,,,,,,RR1715,,
J2-1008,ASNAP,2017/08/23 11:32:07,45.8296121,-129.7590442,20633.34,-9676.03,273.27,-0.9,1.6,0.00,103.75,103.75,HMR2300,3386.7,-12493.3,49660.0,51319.3,,,,,,,,RR1715,,
J2-1008,ASNAP,2017/08/23 11:32:12,45.8296190,-129.7590239,20634.92,-9675.26,273.25,-0.9,1.6,0.00,103.75,103.75,HMR2300,2853.3,-12386.7,49080.0,50699.3,,,,,,,,RR1715,,
J2-1008,ASNAP,2017/08/23 11:32:17,45.8296122,-129.7590190,20635.30,-9676.02,274.07,-0.6,1.7,0.00,103.76,103.76,HMR2300,3160.0,-12686.7,49506.7,51204.0,,,,,,,,RR1715,,
J2-1008,ASNAP,2017/08/23 11:32:22,45.8296122,-129.7590190,20635.30,-9676.02,273.39,-0.7,1.6,0.00,103.79,103.79,HMR2300,3326.7,-12453.3,49540.0,51189.5,,,,,,,,RR1715,,
J2-1008,ASNAP,2017/08/23 11:32:27,45.8296187,-129.7590041,20636.45,-9675.29,273.72,-0.9,1.6,0.00,103.82,103.82,HMR2300,3006.7,-12473.3,49246.7,50890.7,,,,,,,,RR1715,,
J2-1008,ASNAP,2017/08/23 11:32:32,45.8296210,-129.7590132,20635.75,-9675.04,273.29,-0.8,1.5,0.00,103.81,103.81,HMR2300,3226.7,-12393.3,49426.7,51058.8,,,,,,,,RR1715,,
J2-1008,ASNAP,2017/08/23 11:32:37,45.8296210,-129.7590132,20635.75,-9675.04,273.56,-0.7,1.5,0.00,103.80,103.8,HMR2300,3180.0,-12346.7,49393.3,51012.3,,,,,,,,RR1715,,
J2-1008,ASNAP,2017/08/23 11:32:42,45.8296183,-129.7590228,20635.00,-9675.34,273.98,-0.8,1.6,0.00,103.80,103.8,HMR2300,2966.7,-12580.0,49413.3,51075.8,,,,,,,,RR1715,,
J2-1008,ASNAP,2017/08/23 11:32:47,45.8296256,-129.7590281,20634.59,-9674.53,273.24,-0.1,1.5,0.00,103.83,103.83,HMR2300,3946.7,-12340.0,49546.7,51212.5,,,,,,,,RR1715,,
J2-1008,ASNAP,2017/08/23 11:32:52,45.8296256,-129.7590281,20634.59,-9674.53,273.12,-0.2,1.4,0.00,103.81,103.81,HMR2300,3780.0,-12260.0,49360.0,51000.1,,,,,,,,RR1715,,
J2-1008,ASNAP,2017/08/23 11:32:57,45.8296324,-129.7590651,20631.72,-9673.77,273.25,-0.3,1.5,0.00,103.76,103.76,HMR2300,3746.7,-12546.7,49586.7,51286.4,,,,,,,,RR1715,,
J2-1008,ASNAP,2017/08/23 11:33:02,45.8296377,-129.7590683,20631.47,-9673.18,273.24,-0.4,1.5,0.00,103.77,103.77,HMR2300,3566.7,-12380.0,49393.3,51045.9,,,,,,,,RR1715,,
J2-1008,ASNAP,2017/08/23 11:33:07,45.8296377,-129.7590683,20631.47,-9673.18,273.25,-0.4,1.5,0.00,103.79,103.79,HMR2300,3620.0,-12426.7,49500.0,51164.2,,,,,,,,RR1715,,
J2-1008,ASNAP,2017/08/23 11:33:12,45.8296493,-129.7590667,20631.60,-9671.89,273.40,-0.5,1.5,0.00,103.81,103.81,HMR2300,3506.7,-12400.0,49540.0,51188.6,,,,,,,,RR1715,,
J2-1008,ASNAP,2017/08/23 11:33:17,45.8296504,-129.7590623,20631.94,-9671.77,273.47,-0.6,1.5,0.00,103.78,103.78,HMR2300,3286.7,-12340.0,49346.7,50972.3,,,,,,,,RR1715,,
J2-1008,ASNAP,2017/08/23 11:33:22,45.8296504,-129.7590623,20631.94,-9671.77,273.50,-0.6,1.5,0.00,103.76,103.76,HMR2300,3460.0,-12233.3,49306.7,50919.3,,,,,,,,RR1715,,
J2-1008,ASNAP,2017/08/23 11:33:27,45.8296569,-129.7590570,20632.35,-9671.05,273.45,-0.7,1.5,0.00,103.78,103.78,HMR2300,3446.7,-12353.3,49480.0,51115.1,,,,,,,,RR1715,,
J2-1008,ASNAP,2017/08/23 11:33:32,45.8296579,-129.7590436,20633.39,-9670.94,273.39,-0.7,1.5,0.00,103.78,103.78,HMR2300,3306.7,-12306.7,49320.0,50939.7,,,,,,,,RR1715,,
J2-1008,ASNAP,2017/08/23 11:33:37,45.8296579,-129.7590436,20633.39,-9670.94,273.20,-0.8,1.5,0.00,103.78,103.78,HMR2300,3286.7,-12426.7,49493.3,51135.3,,,,,,,,RR1715,,
J2-1008,ASNAP,2017/08/23 11:33:42,45.8296669,-129.7590401,20633.66,-9669.94,273.22,-0.8,1.6,0.00,103.78,103.78,HMR2300,3293.3,-12453.3,49440.0,51090.6,,,,,,,,RR1715,,
J2-1008,ASNAP,2017/08/23 11:33:47,45.8296616,-129.7590224,20635.03,-9670.53,273.27,-0.9,1.5,0.00,103.80,103.8,HMR2300,3220.0,-12406.7,49546.7,51177.8,,,,,,,,RR1715,,
J2-1008,ASNAP,2017/08/23 11:33:52,45.8296616,-129.7590224,20635.03,-9670.53,273.29,-0.9,1.5,0.00,103.79,103.79,HMR2300,3160.0,-12400.0,49500.0,51127.2,,,,,,,,RR1715,,
J2-1008,ASNAP,2017/08/23 11:33:57,45.8296635,-129.7590117,20635.86,-9670.31,273.25,-0.9,1.5,0.00,103.78,103.78,HMR2300,3046.7,-12380.0,49346.7,50967.0,,,,,,,,RR1715,,
J2-1008,EVT,2017/08/23 11:34:00,45.8296692,-129.7590032,20636.52,-9669.68,273.19,-0.9,1.5,0.00,103.78,103.78,HMR2300,3213.3,-12360.0,49460.0,51082.2,,,,,,,,RR1715,DLG,TXT: Second beacon collected USR:eventlogger
J2-1008,ASNAP,2017/08/23 11:34:02,45.8296692,-129.7590032,20636.52,-9669.68,273.19,-1.0,1.5,0.00,103.78,103.78,HMR2300,3200.0,-12380.0,49546.7,51170.1,,,,,,,,RR1715,,
J2-1008,ASNAP,2017/08/23 11:34:07,45.8296692,-129.7590032,20636.52,-9669.68,273.25,-0.9,1.5,0.00,103.78,103.78,HMR2300,3326.7,-12280.0,49460.0,51070.1,,,,,,,,RR1715,,
J2-1008,ASNAP,2017/08/23 11:34:12,45.8296687,-129.7589787,20638.42,-9669.74,273.28,-0.9,1.5,0.00,103.78,103.78,HMR2300,3186.7,-12426.7,49526.7,51161.2,,,,,,,,RR1715,,
J2-1008,ASNAP,2017/08/23 11:34:17,45.8296700,-129.7589851,20637.93,-9669.59,273.22,-0.9,1.5,0.00,103.78,103.78,HMR2300,3040.0,-12306.7,49266.7,50871.4,,,,,,,,RR1715,,
J2-1008,ASNAP,2017/08/23 11:34:22,45.8296700,-129.7589851,20637.93,-9669.59,273.22,-1.0,1.5,0.00,103.79,103.79,HMR2300,3113.3,-12286.7,49380.0,50980.8,,,,,,,,RR1715,,
J2-1008,ASNAP,2017/08/23 11:34:27,45.8296764,-129.7589706,20639.05,-9668.88,271.67,-1.2,1.6,0.00,103.81,103.81,HMR2300,3553.3,-12260.0,49473.3,51093.5,,,,,,,,RR1715,,
J2-1008,ASNAP,2017/08/23 11:34:32,45.8296731,-129.7589512,20640.56,-9669.25,273.24,-1.0,1.6,0.00,103.80,103.8,HMR2300,3073.3,-12406.7,49360.0,50988.0,,,,,,,,RR1715,,
J2-1008,ASNAP,2017/08/23 11:34:37,45.8296731,-129.7589512,20640.56,-9669.25,273.48,-0.9,1.5,0.00,103.72,103.72,HMR2300,3240.0,-12253.3,49540.0,51135.6,,,,,,,,RR1715,,
J2-1008,ASNAP,2017/08/23 11:34:42,45.8296842,-129.7588897,20645.33,-9668.01,273.45,-1.4,1.8,0.00,103.73,103.73,HMR2300,3400.0,-12153.3,49660.0,51238.5,,,,,,,,RR1715,,
J2-1008,ASNAP,2017/08/23 11:34:47,45.8296876,-129.7588838,20645.79,-9667.64,273.36,-1.7,1.5,0.00,103.82,103.82,HMR2300,2333.3,-12326.7,49473.3,51039.2,,,,,,,,RR1715,,
J2-1008,ASNAP,2017/08/23 11:34:52,45.8296876,-129.7588838,20645.79,-9667.64,273.34,-1.8,1.3,0.00,103.92,103.92,HMR2300,2193.3,-12313.3,49473.3,51029.8,,,,,,,,RR1715,,
J2-1008,ASNAP,2017/08/23 11:34:57,45.8296908,-129.7588554,20647.99,-9667.28,273.23,-1.6,1.5,0.00,103.93,103.93,HMR2300,2873.3,-12206.7,49533.3,51096.1,,,,,,,,RR1715,,
J2-1008,ASNAP,2017/08/23 11:35:02,45.8296929,-129.7588471,20648.63,-9667.05,273.25,-1.5,1.5,0.00,103.89,103.89,HMR2300,2553.3,-12473.3,49566.7,51175.8,,,,,,,,RR1715,,
J2-1008,ASNAP,2017/08/23 11:35:07,45.8296929,-129.7588471,20648.63,-9667.05,273.26,-1.4,1.5,0.00,103.84,103.84,HMR2300,2586.7,-12400.0,49306.7,50907.7,,,,,,,,RR1715,,
J2-1008,ASNAP,2017/08/23 11:35:12,45.8296953,-129.7588397,20649.21,-9666.78,273.24,-1.3,1.5,0.00,103.83,103.83,HMR2300,2773.3,-12300.0,49306.7,50893.3,,,,,,,,RR1715,,
J2-1008,ASNAP,2017/08/23 11:35:17,45.8296981,-129.7588327,20649.75,-9666.47,273.26,-1.2,1.6,0.00,103.84,103.84,HMR2300,2986.7,-12306.7,49346.7,50945.7,,,,,,,,RR1715,,
J2-1008,ASNAP,2017/08/23 11:35:22,45.8296981,-129.7588327,20649.75,-9666.47,273.24,-1.2,1.4,0.00,103.83,103.83,HMR2300,2880.0,-12140.0,49300.0,50854.3,,,,,,,,RR1715,,
J2-1008,ASNAP,2017/08/23 11:35:27,45.8296999,-129.7588236,20650.46,-9666.27,273.24,-1.2,1.5,0.00,103.83,103.83,HMR2300,2953.3,-12426.7,49553.3,51173.0,,,,,,,,RR1715,,
J2-1008,ASNAP,2017/08/23 11:35:32,45.8296978,-129.7588247,20650.37,-9666.50,273.22,-1.1,1.5,0.00,103.83,103.83,HMR2300,3120.0,-12266.7,49600.0,51189.5,,,,,,,,RR1715,,
J2-1008,ASNAP,2017/08/23 11:35:37,45.8296978,-129.7588247,20650.37,-9666.50,273.21,-1.1,1.4,0.00,103.81,103.81,HMR2300,2900.0,-12293.3,49413.3,51002.1,,,,,,,,RR1715,,
J2-1008,ASNAP,2017/08/23 11:35:42,45.8297035,-129.7588059,20651.83,-9665.87,273.18,-1.1,1.4,0.00,103.80,103.8,HMR2300,3073.3,-12266.7,49600.0,51186.7,,,,,,,,RR1715,,
J2-1008,ASNAP,2017/08/23 11:35:47,45.8297041,-129.7588071,20651.74,-9665.80,273.24,-1.1,1.5,0.00,103.81,103.81,HMR2300,2933.3,-12280.0,49326.7,50916.8,,,,,,,,RR1715,,
J2-1008,ASNAP,2017/08/23 11:35:52,45.8297041,-129.7588071,20651.74,-9665.80,273.22,-1.1,1.5,0.00,103.81,103.81,HMR2300,3033.3,-12346.7,49566.7,51171.2,,,,,,,,RR1715,,
J2-1008,ASNAP,2017/08/23 11:35:57,45.8297126,-129.7587989,20652.37,-9664.86,273.23,-1.1,1.5,0.00,103.81,103.81,HMR2300,3033.3,-12286.7,49480.0,51072.8,,,,,,,,RR1715,,
J2-1008,ASNAP,2017/08/23 11:36:02,45.8297060,-129.7587916,20652.94,-9665.59,273.20,-1.1,1.5,0.00,103.81,103.81,HMR2300,3086.7,-12300.0,49406.7,51008.2,,,,,,,,RR1715,,
J2-1008,ASNAP,2017/08/23 11:36:07,45.8297060,-129.7587916,20652.94,-9665.59,273.24,-1.1,1.5,0.00,103.81,103.81,HMR2300,3133.3,-12286.7,49553.3,51149.9,,,,,,,,RR1715,,
J2-1008,ASNAP,2017/08/23 11:36:12,45.8297138,-129.7587835,20653.57,-9664.72,273.24,-1.1,1.4,0.00,103.81,103.81,HMR2300,3100.0,-12246.7,49593.3,51177.0,,,,,,,,RR1715,,
J2-1008,ASNAP,2017/08/23 11:36:17,45.8297134,-129.7587802,20653.82,-9664.77,273.25,-1.1,1.4,0.00,103.81,103.81,HMR2300,3073.3,-12346.7,49660.0,51264.0,,,,,,,,RR1715,,
J2-1008,ASNAP,2017/08/23 11:36:22,45.8297134,-129.7587802,20653.82,-9664.77,273.25,-1.1,1.4,0.00,103.83,103.83,HMR2300,2900.0,-12300.0,49453.3,51042.5,,,,,,,,RR1715,,
J2-1008,ASNAP,2017/08/23 11:36:27,45.8297179,-129.7587686,20654.72,-9664.27,273.24,-1.1,1.4,0.00,103.82,103.82,HMR2300,3000.0,-12246.7,49433.3,51016.0,,,,,,,,RR1715,,
J2-1008,ASNAP,2017/08/23 11:36:32,45.8297212,-129.7587674,20654.82,-9663.90,273.25,-1.1,1.4,0.00,103.83,103.83,HMR2300,3026.7,-12326.7,49660.0,51256.4,,,,,,,,RR1715,,
J2-1008,ASNAP,2017/08/23 11:36:37,45.8297212,-129.7587674,20654.82,-9663.90,273.18,-1.1,1.4,0.00,103.82,103.82,HMR2300,3066.7,-12200.0,49433.3,51008.8,,,,,,,,RR1715,,
J2-1008,ASNAP,2017/08/23 11:36:42,45.8297209,-129.7587649,20655.01,-9663.94,273.21,-1.1,1.4,0.00,103.83,103.83,HMR2300,3120.0,-12313.3,49720.0,51317.0,,,,,,,,RR1715,,
J2-1008,ASNAP,2017/08/23 11:36:47,45.8297216,-129.7587585,20655.51,-9663.86,273.25,-1.1,1.5,0.00,103.83,103.83,HMR2300,3073.3,-12393.3,49713.3,51326.9,,,,,,,,RR1715,,
J2-1008,ASNAP,2017/08/23 11:36:52,45.8297216,-129.7587585,20655.51,-9663.86,273.23,-1.1,1.4,0.00,103.82,103.82,HMR2300,2893.3,-12260.0,49346.7,50929.1,,,,,,,,RR1715,,
J2-1008,ASNAP,2017/08/23 11:36:57,45.8297319,-129.7587447,20656.58,-9662.71,273.17,-1.1,1.4,0.00,103.82,103.82,HMR2300,3040.0,-12293.3,49673.3,51262.1,,,,,,,,RR1715,,
J2-1008,ASNAP,2017/08/23 11:37:02,45.8297325,-129.7587371,20657.17,-9662.65,273.20,-1.1,1.4,0.00,103.82,103.82,HMR2300,2873.3,-12293.3,49306.7,50897.2,,,,,,,,RR1715,,
J2-1008,ASNAP,2017/08/23 11:37:07,45.8297325,-129.7587371,20657.17,-9662.65,273.23,-1.1,1.5,0.00,103.83,103.83,HMR2300,3066.7,-12226.7,49413.3,50995.8,,,,,,,,RR1715,,
J2-1008,ASNAP,2017/08/23 11:37:12,45.8297354,-129.7587317,20657.59,-9662.32,273.20,-1.1,1.4,0.00,103.83,103.83,HMR2300,3033.3,-12153.3,49526.7,51086.2,,,,,,,,RR1715,,
J2-1008,ASNAP,2017/08/23 11:37:17,45.8297350,-129.7587387,20657.04,-9662.37,273.24,-1.1,1.4,0.00,103.83,103.83,HMR2300,2960.0,-12340.0,49646.7,51242.8,,,,,,,,RR1715,,
J2-1008,ASNAP,2017/08/23 11:37:22,45.8297350,-129.7587387,20657.04,-9662.37,273.21,-1.2,1.5,0.00,103.83,103.83,HMR2300,2946.7,-12346.7,49500.0,51101.6,,,,,,,,RR1715,,
J2-1008,ASNAP,2017/08/23 11:37:27,45.8297426,-129.7587417,20656.81,-9661.52,273.23,-1.1,1.4,0.00,103.83,103.83,HMR2300,2786.7,-12226.7,49260.0,50831.1,,,,,,,,RR1715,,
J2-1008,ASNAP,2017/08/23 11:37:32,45.8297451,-129.7587411,20656.86,-9661.25,273.22,-1.2,1.4,0.00,103.84,103.84,HMR2300,2793.3,-12326.7,49413.3,51004.2,,,,,,,,RR1715,,
J2-1008,ASNAP,2017/08/23 11:37:37,45.8297451,-129.7587411,20656.86,-9661.25,273.24,-1.2,1.4,0.00,103.84,103.84,HMR2300,2893.3,-12346.7,49613.3,51208.3,,,,,,,,RR1715,,
J2-1008,ASNAP,2017/08/23 11:37:42,45.8297428,-129.7587342,20657.39,-9661.50,273.26,-1.1,1.4,0.00,103.83,103.83,HMR2300,2966.7,-12293.3,49600.0,51186.8,,,,,,,,RR1715,,
J2-1008,ASNAP,2017/08/23 11:37:47,45.8297483,-129.7587296,20657.75,-9660.89,273.21,-1.2,1.4,0.00,103.83,103.83,HMR2300,2873.3,-12293.3,49413.3,51000.6,,,,,,,,RR1715,,
J2-1008,ASNAP,2017/08/23 11:37:52,45.8297483,-129.7587296,20657.75,-9660.89,273.17,-1.2,1.4,0.00,103.83,103.83,HMR2300,2980.0,-12160.0,49386.7,50948.9,,,,,,,,RR1715,,
J2-1008,ASNAP,2017/08/23 11:37:57,45.8297503,-129.7587279,20657.88,-9660.67,273.24,-1.1,1.4,0.00,103.85,103.85,HMR2300,2720.0,-12260.0,49246.7,50822.6,,,,,,,,RR1715,,
J2-1008,ASNAP,2017/08/23 11:38:02,45.8297475,-129.7587212,20658.40,-9660.98,273.23,-1.2,1.4,0.00,103.85,103.85,HMR2300,3046.7,-12266.7,49673.3,51256.2,,,,,,,,RR1715,,
J2-1008,ASNAP,2017/08/23 11:38:07,45.8297475,-129.7587212,20658.40,-9660.98,273.19,-1.2,1.4,0.00,103.83,103.83,HMR2300,3033.3,-12253.3,49640.0,51219.9,,,,,,,,RR1715,,
J2-1008,ASNAP,2017/08/23 11:38:12,45.8297487,-129.7587122,20659.10,-9660.84,273.20,-1.1,1.4,0.00,103.83,103.83,HMR2300,2793.3,-12300.0,49486.7,51068.8,,,,,,,,RR1715,,
J2-1008,ASNAP,2017/08/23 11:38:17,45.8297541,-129.7587112,20659.18,-9660.25,273.15,-1.2,1.4,0.00,103.84,103.84,HMR2300,3020.0,-12086.7,49386.7,50933.8,,,,,,,,RR1715,,
J2-1008,ASNAP,2017/08/23 11:38:22,45.8297541,-129.7587112,20659.18,-9660.25,273.16,-1.2,1.4,0.00,103.83,103.83,HMR2300,3133.3,-12200.0,49620.0,51193.8,,,,,,,,RR1715,,
J2-1008,ASNAP,2017/08/23 11:38:27,45.8297623,-129.7587069,20659.51,-9659.33,273.24,-1.2,1.4,0.00,103.83,103.83,HMR2300,2806.7,-12233.3,49313.3,50885.5,,,,,,,,RR1715,,
J2-1008,ASNAP,2017/08/23 11:38:32,45.8297640,-129.7586963,20660.33,-9659.14,273.14,-1.2,1.3,0.00,103.83,103.83,HMR2300,2813.3,-12120.0,49253.3,50800.6,,,,,,,,RR1715,,
J2-1008,ASNAP,2017/08/23 11:38:37,45.8297640,-129.7586963,20660.33,-9659.14,273.16,-1.2,1.4,0.00,103.84,103.84,HMR2300,2953.3,-12140.0,49360.0,50916.7,,,,,,,,RR1715,,
J2-1008,ASNAP,2017/08/23 11:38:42,45.8297678,-129.7586990,20660.12,-9658.72,273.00,-1.1,1.6,0.00,103.83,103.83,HMR2300,3153.3,-12806.7,50033.3,51742.5,,,,,,,,RR1715,,
J2-1008,ASNAP,2017/08/23 11:38:47,45.8297663,-129.7586988,20660.14,-9658.89,273.02,-1.1,1.3,0.00,103.96,103.96,HMR2300,2820.0,-12200.0,49340.0,50904.1,,,,,,,,RR1715,,
J2-1008,ASNAP,2017/08/23 11:38:52,45.8297663,-129.7586988,20660.14,-9658.89,273.03,-0.8,1.4,0.00,104.10,104.1,HMR2300,3086.7,-12700.0,49860.0,51544.5,,,,,,,,RR1715,,
J2-1008,ASNAP,2017/08/23 11:38:57,45.8297693,-129.7586909,20660.75,-9658.56,273.08,-1.1,1.6,0.00,104.28,104.28,HMR2300,3340.0,-12326.7,49640.0,51256.5,,,,,,,,RR1715,,
J2-1008,ASNAP,2017/08/23 11:39:02,45.8297702,-129.7586855,20661.17,-9658.45,273.24,-1.3,1.4,0.00,104.30,104.3,HMR2300,2766.7,-12393.3,49706.7,51303.0,,,,,,,,RR1715,,
J2-1008,ASNAP,2017/08/23 11:39:07,45.8297741,-129.7586813,20661.50,-9658.02,273.24,-1.2,1.4,0.00,104.22,104.22,HMR2300,2920.0,-12266.7,49646.7,51222.9,,,,,,,,RR1715,,
J2-1008,ASNAP,2017/08/23 11:39:12,45.8297733,-129.7586846,20661.24,-9658.11,273.23,-1.2,1.4,0.00,104.12,104.12,HMR2300,3000.0,-12493.3,49820.0,51450.1,,,,,,,,RR1715,,
J2-1008,ASNAP,2017/08/23 11:39:17,45.8297751,-129.7586850,20661.21,-9657.91,273.20,-1.2,1.4,0.00,104.13,104.13,HMR2300,3100.0,-12253.3,49720.0,51301.4,,,,,,,,RR1715,,
J2-1008,ASNAP,2017/08/23 11:39:22,45.8297735,-129.7586806,20661.55,-9658.09,273.18,-1.2,1.4,0.00,104.16,104.16,HMR2300,2893.3,-12180.0,49413.3,50974.5,,,,,,,,RR1715,,
J2-1008,ASNAP,2017/08/23 11:39:27,45.8297773,-129.7586693,20662.43,-9657.67,273.23,-1.2,1.3,0.00,104.18,104.18,HMR2300,2913.3,-12100.0,49480.0,51021.2,,,,,,,,RR1715,,
J2-1008,ASNAP,2017/08/23 11:39:32,45.8297701,-129.7586650,20662.76,-9658.47,273.16,-1.2,1.4,0.00,104.15,104.15,HMR2300,2900.0,-12240.0,49520.0,51092.6,,,,,,,,RR1715,,
J2-1008,ASNAP,2017/08/23 11:39:37,45.8297741,-129.7586626,20662.95,-9658.02,273.04,-1.2,1.4,0.00,104.13,104.13,HMR2300,2813.3,-12240.0,49453.3,51023.2,,,,,,,,RR1715,,
J2-1008,ASNAP,2017/08/23 11:39:42,45.8297746,-129.7586637,20662.86,-9657.97,273.01,-1.2,1.4,0.00,104.15,104.15,HMR2300,2953.3,-12233.3,49520.0,51094.1,,,,,,,,RR1715,,
J2-1008,ASNAP,2017/08/23 11:39:47,45.8297738,-129.7586789,20661.68,-9658.06,273.06,-1.2,1.4,0.00,104.15,104.15,HMR2300,2966.7,-12200.0,49533.3,51099.8,,,,,,,,RR1715,,
J2-1008,ASNAP,2017/08/23 11:39:52,45.8297768,-129.7586471,20664.15,-9657.72,272.99,-1.2,1.3,0.00,104.14,104.14,HMR2300,2813.3,-12146.7,49380.0,50929.8,,,,,,,,RR1715,,
J2-1008,ASNAP,2017/08/23 11:39:57,45.8297845,-129.7586533,20663.67,-9656.87,271.76,-1.0,1.4,0.00,104.13,104.13,HMR2300,3580.0,-12013.3,49446.7,51010.9,,,,,,,,RR1715,,
J2-1008,ASNAP,2017/08/23 11:40:02,45.8297828,-129.7586486,20664.03,-9657.06,273.24,-1.1,1.2,0.00,104.14,104.14,HMR2300,2946.7,-12166.7,49500.0,51058.4,,,,,,,,RR1715,,
J2-1008,ASNAP,2017/08/23 11:40:07,45.8297822,-129.7586614,20663.04,-9657.12,273.14,-1.1,1.4,0.00,104.14,104.14,HMR2300,3113.3,-12280.0,49640.0,51231.1,,,,,,,,RR1715,,
J2-1008,ASNAP,2017/08/23 11:40:12,45.8297764,-129.7586505,20663.89,-9657.77,273.03,-1.2,1.4,0.00,104.12,104.12,HMR2300,3273.3,-12326.7,49886.7,51491.2,,,,,,,,RR1715,,
J2-1008,ASNAP,2017/08/23 11:40:17,45.8297792,-129.7586532,20663.68,-9657.45,272.96,-1.2,1.4,0.00,104.11,104.11,HMR2300,3026.7,-12393.3,49780.0,51388.8,,,,,,,,RR1715,,
J2-1008,ASNAP,2017/08/23 11:40:22,45.8297765,-129.7586550,20663.54,-9657.75,273.00,-1.2,1.4,0.00,104.11,104.11,HMR2300,2846.7,-12353.3,49680.0,51271.9,,,,,,,,RR1715,,
J2-1008,ASNAP,2017/08/23 11:40:27,45.8297804,-129.7586441,20664.38,-9657.32,273.01,-1.2,1.4,0.00,104.11,104.11,HMR2300,2760.0,-12353.3,49526.7,51118.6,,,,,,,,RR1715,,
J2-1008,ASNAP,2017/08/23 11:40:32,45.8297737,-129.7586336,20665.20,-9658.07,272.99,-1.2,1.3,0.00,104.10,104.1,HMR2300,3226.7,-12546.7,50220.0,51864.0,,,,,,,,RR1715,,
J2-1008,ASNAP,2017/08/23 11:40:37,45.8297737,-129.7586305,20665.44,-9658.07,272.96,-1.1,1.3,0.00,104.09,104.09,HMR2300,3160.0,-12313.3,49813.3,51409.8,,,,,,,,RR1715,,
J2-1008,ASNAP,2017/08/23 11:40:42,45.8297674,-129.7586262,20665.77,-9658.77,272.96,-1.1,1.4,0.00,104.11,104.11,HMR2300,2653.3,-12180.0,49113.3,50670.6,,,,,,,,RR1715,,
J2-1008,ASNAP,2017/08/23 11:40:47,45.8297667,-129.7586263,20665.76,-9658.84,272.98,-1.2,1.4,0.00,104.10,104.1,HMR2300,3286.7,-12500.0,50220.0,51856.5,,,,,,,,RR1715,,
J2-1008,ASNAP,2017/08/23 11:40:52,45.8297641,-129.7586164,20666.53,-9659.13,272.99,-1.2,1.3,0.00,104.10,104.1,HMR2300,2933.3,-12560.0,49980.0,51617.4,,,,,,,,RR1715,,
J2-1008,ASNAP,2017/08/23 11:40:57,45.8297636,-129.7586120,20666.87,-9659.19,272.96,-1.2,1.3,0.00,104.11,104.11,HMR2300,3213.3,-12100.0,49646.7,51200.8,,,,,,,,RR1715,,
J2-1008,ASNAP,2017/08/23 11:41:02,45.8297577,-129.7586074,20667.23,-9659.85,272.98,-1.2,1.3,0.00,104.11,104.11,HMR2300,2880.0,-12033.3,49313.3,50841.9,,,,,,,,RR1715,,
J2-1008,ASNAP,2017/08/23 11:41:07,45.8297683,-129.7586131,20666.79,-9658.67,273.00,-1.2,1.3,0.00,104.11,104.11,HMR2300,2920.0,-12573.3,50100.0,51736.1,,,,,,,,RR1715,,
J2-1008,ASNAP,2017/08/23 11:41:12,45.8297791,-129.7585753,20669.72,-9657.47,272.96,-1.2,1.3,0.00,104.11,104.11,HMR2300,2660.0,-12100.0,49306.7,50839.3,,,,,,,,RR1715,,
J2-1008,ASNAP,2017/08/23 11:41:17,45.8297810,-129.7585909,20668.51,-9657.25,273.22,-1.4,1.3,0.00,104.13,104.13,HMR2300,2773.3,-12213.3,49646.7,51202.0,,,,,,,,RR1715,,
J2-1008,ASNAP,2017/08/23 11:41:22,45.8297837,-129.7585928,20668.36,-9656.96,273.31,-1.4,1.4,0.00,104.13,104.13,HMR2300,2593.3,-12133.3,49313.3,50850.3,,,,,,,,RR1715,,
J2-1008,ASNAP,2017/08/23 11:41:27,45.8297797,-129.7585901,20668.57,-9657.40,273.20,-1.3,1.3,0.00,104.13,104.13,HMR2300,3020.0,-12113.3,49660.0,51205.2,,,,,,,,RR1715,,
J2-1008,ASNAP,2017/08/23 11:41:32,45.8297814,-129.7585896,20668.61,-9657.21,273.08,-1.3,1.3,0.00,104.13,104.13,HMR2300,3373.3,-12360.0,50433.3,52035.3,,,,,,,,RR1715,,
J2-1008,ASNAP,2017/08/23 11:41:37,45.8297806,-129.7585850,20668.97,-9657.30,272.98,-1.2,1.1,0.00,104.13,104.13,HMR2300,2726.7,-11860.0,49266.7,50747.4,,,,,,,,RR1715,,
J2-1008,ASNAP,2017/08/23 11:41:42,45.8297801,-129.7585734,20669.87,-9657.35,272.96,-1.0,1.3,0.00,104.04,104.04,HMR2300,2526.7,-12573.3,49340.0,50979.5,,,,,,,,RR1715,,
J2-1008,ASNAP,2017/08/23 11:41:47,45.8297902,-129.7585734,20669.87,-9656.23,273.00,-1.1,0.9,0.00,104.02,104.02,HMR2300,2960.0,-11573.3,49480.0,50901.6,,,,,,,,RR1715,,
J2-1008,ASNAP,2017/08/23 11:41:52,45.8297808,-129.7585642,20670.58,-9657.28,273.22,-1.3,1.4,0.00,103.78,103.78,HMR2300,2826.7,-12253.3,49626.7,51195.1,,,,,,,,RR1715,,
J2-1008,ASNAP,2017/08/23 11:41:57,45.8297819,-129.7585601,20670.90,-9657.16,273.29,-1.7,1.6,0.00,103.06,103.06,HMR2300,2553.3,-12346.7,49566.7,51145.0,,,,,,,,RR1715,,
J2-1008,ASNAP,2017/08/23 11:42:02,45.8297817,-129.7585610,20670.83,-9657.18,273.29,-1.7,1.6,0.00,102.15,102.15,HMR2300,2560.0,-12346.7,49520.0,51100.1,,,,,,,,RR1715,,
J2-1008,ASNAP,2017/08/23 11:42:07,45.8297827,-129.7585659,20670.45,-9657.07,273.36,-1.4,1.6,0.00,100.62,100.62,HMR2300,2566.7,-12413.3,49446.7,51045.6,,,,,,,,RR1715,,
J2-1008,EVT,2017/08/23 11:46:57,45.8295030,-129.7583272,20688.97,-9688.15,257.50,-1.2,1.3,0.00,42.84,42.84,HMR2300,8080.0,-9933.3,49340.0,50974.4,,,,,,,,RR1715,DLG,TXT: Floats at crane USR:eventlogger
J2-1008,EVT,2017/08/23 11:54:24,45.8295562,-129.7581496,20702.75,-9682.24,93.34,5.4,0.3,0.00,0.93,0.93,HMR2300,-15433.3,41580.0,28080.0,52493.5,,,,,,,,RR1715,DLG,JASON: Jason out of water USR:eventlogger
J2-1008,EVT,2017/08/23 11:57:24,45.8295562,-129.7581496,20702.75,-9682.24,75.94,-0.7,1.0,0.00,0.97,0.97,HMR2300,-18446.7,36206.7,27220.0,48909.4,,,,,,,,RR1715,DLG,JASON: Jason on deck USR:eventlogger
