* Sea-Bird SBE 9 Data File:
* FileName = C:\data\ctd\at4212011x.hex
* Software Version Seasave V 7.23.2
* Temperature SN = 2265
* Conductivity SN = 2770
* Number of Bytes Per Scan = 40
* Number of Voltage Words = 5
* Number of Scans Averaged by the Deck Unit = 1
* System UpLoad Time = Jun 28 2019 17:07:54
* NMEA Latitude = 44 22.46 N
* NMEA Longitude = 124 57.57 W
* NMEA UTC (Time) = Jun 28 2019  17:07:54
* Store Lat/Lon Data = Append to Every Scan
** shallow cast
** PAR & pH sensor on
** soak cast
* System UTC = Jun 28 2019 17:07:54
*END*
0F033A16617B82817310DC7E1737CE982FFF93E6B2FACFAD08522300048321DADA5F5624406FA264
0F03221660B682816B10DC5B1737C9982FFF93D6B2FADFAE58A22300048321DADA5F5624406FA265
0F031F165FF282816B10DC4C1737CF982FFF93D6B2FACFAD83022300048321DADA5F5624406FA266
0F0311165F3382817310DC401737D3982FFF93D6B2FACFAD88122400048321DADA5F5624406FA267
0F0307165E7D82816B10DC3C1737E3982FFF93D6B2FACFAD84B22500048421DADA5F5624406FA268
0F02F8165DC882817310DC371737DE982FFF93D6B2FACFAE82E22500048421DADA5F5624406FA269
0F02D4165D1582816B10DC311737E8982FFF93D6B2FACFAD82B22600048321DADA5F5624406FA26A
0F02A7165C4E82817310DC291737DE983FFF93E6B2FACFAD82E22600048321DADA5F5624406FA26B
0F027B165B8482816B10DC1A1737DE982FFF93D6B2FACFAD82F22500048321DADA5F5624406FA26C
0F024B165AAB82816B10DC121737C9982FFF93D6B2FACFAD82F22600048321DADA5F5624406FA26D
0F02141659D782816B10DC071737BE982FFF93E6B2FACFAD82F22700048321DADA5F5624406FA26E
0F01C916590382817310DC0117379A982FFF93E6B2FACFAD82F22800048321DADA5F5624406FA26F
0F015516583882816F10DBFB17375A982FFF93E6B2FACFAD53822700048321DADA5F5624406FA270
0F00F516576D82816B10DBFB173715982FFF93E6B2FACFAD0E822700048321DADA5F5624406FA271
0F00B81656AC82816B10DBFB1736A1982FFF93E6B2FACFAD00022900048321DADA5F5624406FA272
0F00811655F082817310DBF8173618982FFF93E6B2FACFAD00022B00048321DADA5F5624406FA273
0F004B16553C82816B10DA3B173553982FFF93F6B2FACFAD00022B00048321DADA5F5624406FA274
0F000D16549682817310CFF3173492982FFF93F6B2FACFAD00522A00048221DADA5F5624406FA275
0EFFE41653FB82816B10C0E11733B1982FFF93F6B2FACFAD00322900048321DADA5F5624406FA276
0EFFC516536882817310B5C71732CD982FFF93F6B2FABFAD00222A00048321DADA5F5624406FA277
0EFFA31652DA82816B10AD991731F5982FFF93F6B2FACFAD00222D00048321DADA5F5624406FA278
0EFF8B16526482817310A56B17311D982FFF93F6B2FACFAD00222D00048221DADA5F5624406FA279
0EFF661651FC82816B109BD617306E982FFF93F6B2FACFAD00222C00048321DADA5F5624406FA27A
0EFF6D16519A82817310910C172FCA982FFF93F6B2FADFAE00222B00048321DADA5F5624406FA27B
0EFF8B1651488281731085F6172F34982FFF93F6B2FADFAE06C22C00048221DADA5F5624406FA27C
0EFFBF165100828173107CF7172EA7982FFF93F6B2FADFAE59322B00048321DADA5F5624406FA27D
0EFFD31650C18281731072AE172E19982FFF93F6B2FADFAE86F22B00048321DADA5F5624406FA27E
0EFFA01650848281731065D0172D95982FFF93F6B2FADFAE8CE22D00048221DADA5F5624406FA27F
0EFF7A165053828173105ABA172D01982FFF93F6B2FADFAE89622D00048321DADA5F5624406FA280
0EFF741650258281771052DB172C68982FFF93F6B2FADFAE87822D00048321DADA5F5624406FA281
0EFF70164FFE828173104DF1172BD4982FFF93F6B2FADFAE87322D00048221DADA5F5624406FA282
0EFF70164FDF828173104941172B46982FFF93F6B2FADFAE87622D00048221DADA5F5624406FA283
0EFF66164FC882817A104489172AD2982FFF93F6B2FADFAE87722D00048221DADA5F5624406FA284
0EFF55164FAC82817A103FCE172A73982FFF93F6B2FADFAE87722C00048221DADA5F5624406FA285
0EFF44164F99828173103A91172A24982FFF93F6B2FADFAE87722B00048221DADA5F5624406FA286
0EFF2F164F8682817A1035981729EF982FFF93F6B2FADFAE87722B00048221DADA5F5624406FA287
0EFF25164F8182817A10317D1729CF982FFF93F6B2FADFAEB3B22B00048221DADA5F5624406FA288
0EFF29164F7982817A102E6B1729A3982FFF93F6B2FADFAEF2522E00048321DADA5F5624406FA289
0EFF17164F7682817A102C57172995982FFF93F6B2FADFAEFFF23200048321DADA5F5624406FA28A
0EFF00164F7A82817A102AD217298B982FFF93F6B2FADFAEFFF23500048321DADA5F5624406FA28B
0EFEE8164F878281821028BB172990982FFF93F6B2FADFAEFF923400048321DADA5F5624406FA28C
0EFEC2164F9682817A1025DB172995983FFF93F6B2FADFAEFED23100048221DADA5F5624406FA28D
0EFE99164FB482818210226C1729A0983FFF93F6B2FADFAEFEE22F00048221DADA5F5624406FA28E
0EFE74164FD482817A101EFF1729B0983FFF93F6B2FADFAEFF022E00048321DADA5F5624406FA28F
0EFE47164FFA828182101C011729D5983FFF93F6B2FADFAEFF122E00048321DADA5F5624406FA290
0EFE0316502E82817E10199A1729FF983FFF93F6B2FADFAEFF122E00048321DADA5F5624406FA291
0EFDBF1650668281821017AC172A29984FFF93F6B2FADFAEFF122E00048321DADA5F5624406FA292
0EFD8F1650A5828182101645172A6E984FFF93F6B2FADFAEFF122D00048321DADA5F5624406FA293
0EFD631650FB828182101555172AB7984FFF93F6B2FABFACF7922C00048321DADA5F5624406FA294
0EFD3D1651568281821014E4172B1E984FFF93F6B2FAAFACADC22B00048321DADA5F5624406FA295
0EFD151651C18281821014EF172B95984FFF93F6B2FAAFAC86B22A00048321DADA5F5624406FA296
0EFCEC16523C828189101593172C14985FFF93F6B2FAAFAC82122A00048321DADA5F5624406FA297
0EFCD01652BB8281821016DF172CA7985FFF9406B2FAAFAC85222A00048321DADA5F5624406FA298
0EFCBE1653458281891018EE172D40985FFF9406B2FAAFAC86D22A00048321DADA5F5624406FA299
0EFCBC1653D5828182101BBF172DE4986FFF9406B2FAAFAC87022A00048321DADA5F5624406FA29A
0EFCB516545B828189101F27172E9B986FFF9406B2FAAFAC86E22B00048321DADA5F5624406FA29B
0EFCAE1654DF8281821022ED172F8B986FFF93F6B2FAAFAC86D22B00048321DADA5F5624406FA29C
0EFCAB16555F8281891026A9173098986FFF9406B2FAAFAC86D22C00048321DADA5F5624406FA29D
0EFCA41655DE828189102A3C1731D0987FFF9406B2FAAFAC86D22E00048321DADA5F5624406FA29E
0EFCA416564E828182102D8B17331D987FFF9406B2FAAFAC86D22F00048321DADA5F5624406FA29F
0EFCA11656B18281891030F217346D987FFF9406B2FAAFAD56722E00048321DADA5F5624406FA2A0
0EFC9B1657128281861034F9173563987FFF9406B2FAAFAC0F222D00048321DADA5F5624406FA2A1
0EFCA1165762828189103A891735CE988FFF9406B2FAAFAC00022D00048321DADA5F5624406FA2A2
0EFCAB1657A08281891042811735F3988FFF9406B2FAAFAC00022C00048321DADA5F5624406FA2A3
0EFCB21657CA828189104C5D1735D7989FFF9406B2FAAFAC00022C00048421DADA5F5624406FA2A4
0EFCBC1657EB82818910574317358A989FFF9406B2FAAFAC00522C00048321DADA5F5624406FA2A5
0EFCD01657F98281891062A0173549989FFF9406B2FAAFAC00422C00048321DADA5F5624406FA2A6
0EFCE1165812828189106E3817353598AFFF9406B2FABFAC00322C00048321DADA5F5624406FA2A7
0EFD0216582A82818910795217352E98AFFF9406B2FAAFAC00222D00048321DADA5F5624406FA2A8
0EFD3016584282818910838517353B98AFFF9406B2FAAFAC00222D00048421DADA5F5624406FA2A9
0EFD7E16584F82817A108CA817352E98BFFF9406B2FAAFAC00222D00048321DADA5F5624406FA2AA
0EFDEB1658578281901094FE1734FC98BFFF9406B2FAAFAC00222D00048321DADA5F5624406FA2AB
0EFE5F165866828189109CBD1734B298BFFF9406B2FAAFAC05122D00048421DADA5F5624406FA2AC
0EFEDA16587E82818910A3EB17345098CFFF9406B2FA9FAB54222D00048421DADA5F5624406FA2AD
0EFF551658A082818910AA6217342398CFFF9406B2FA9FAB81F22D00048321DADA5F5624406FA2AE
0EFFD01658CB82818210B00717342598DFFF9406B2FA9FAB88522D00048421DADA5F5624406FA2AF
0F004016591082818210B4B517344898DFFF9406B2FA9FAB85022D00048421DADA5F5624406FA2B0
0F00AA16595882818D10B86C17345098DFFF9406B2FA9FAB83122D00048421DADA5F5624406FA2B1
0F01061659AF82818910BB5C17343998EFFF9406B2FA9FAB82D22D00048421DADA5F5624406FA2B2
0F0152165A0A82818210BD7A17342598EFFF9406B2FA9FAB82F22C00048421DADA5F5624406FA2B3
0F0196165A7582818210BF0817341E98EFFF9406B2FA9FAB83122C00048421DADA5F5624406FA2B4
0F01CD165AE582818910C03217340B98EFFF9406B2FA9FAB83122C00048421DADA5F5624406FA2B5
0F0203165B4682818210C1131733CF98EFFF93F6B2FA9FAB83122B00048421DADA5F5624406FA2B6
0F022C165BA082818210C1B317339198EFFF93F6B2FA9FAB83122B00048421DADA5F5624406FA2B7
0F0251165BE282818910C21917335B98EFFF93F6B2FA9FAB53922A00048421DADA5F5624406FA2B8
0F0266165C1282818210C24717330898FFFF93F6B2FA9FAB0E822900048421DADA5F5624406FA2B9
0F0277165C3282818210C27917329398FFFF93F6B2FA9FAB00022900048421DADA5F5624406FA2BA
0F0285165C5582818210C2C517323A98FFFF93F6B2FA9FAB00022800048421DADA5F5624406FA2BB
0F0296165C6C82817A10C34B1731EA98FFFF93F6B2FA9FAB00022800048521DADA5F5624406FA2BC
0F02A7165C7682818210C40C1731D098EFFF93F6B2FA9FAB00522800048421DADA5F5624406FA2BD
0F02C3165C8182818210C52E17318698EFFF93F6B2FA9FAB00322800048521DADA5F5624406FA2BE
0F02E5165C8682817A10C66317314C98EFFF93F6B2FA9FAB00322800048521DADA5F5624406FA2BF
0F030A165C8D82816B10C79517315C98EFFF93E6B2FA9FAB00222700048421DADA5F5624406FA2C0
0F032E165C9182818D10C8E817319098EFFF93E6B2FA9FAB00122700048521DADA5F5624406FA2C1
0F0352165C9B82818210CA291731AB98DFFF93E6B2FA9FAB00222600048521DADA5F5624406FA2C2
0F0378165CA482817A10CB351731C098DFFF93E6B2FA9FAB00222600048521DADA5F5624406FA2C3
0F036E165CAF82817A10CC081731DA98DFFF93D6B2FAAFAC09322600048421DADA5F5624406FA2C4
0F033E165CBC82817A10CCDA17320098CFFF93D6B2FAAFAD59922600048421DADA5F5624406FA2C5
0F0318165CD882817A10CDA91731FA98CFFF93D6B2FAAFAD83222600048521DADA5F5624406FA2C6
0F0304165CEA82817310CE741731EB98BFFF93D6B2FAAFAD87D22600048421DADA5F5624406FA2C7
0F02EF165CFB82817A10CF2F1731E098BFFF93C6B2FAAFAD84722500048421DADA5F5624406FA2C8
0F02AA165D1882817310CFC91731E098AFFF93C6B2FAAFAD82B22500048521DADA5F5624406FA2C9
0F028C165D4682817A10D0561731EA98AFFF93C6B2FAAFAD82822400048521DADA5F5624406FA2CA
0F0266165D6C82817310D0EE1731FA989FFF93C6B2FAAFAD82B22400048421DADA5F5624406FA2CB
0F0241165D9882817310D18217322F989FFF93B6B2FAAFAD82B22500048521DADA5F5624406FA2CC
0F0225165DB682817310D1E9173264988FFF93B6B2FAAFAD82C22600048521DADA5F5624406FA2CD
0F020A165DAE82817310D1F517329E987FFF93B6B2FAAFAD82B22500048521DADA5F5624406FA2CE
0F01D3165D6782817310D2131732DE987FFF93A6B2FAAFAE82C22400048521DADA5F5624406FA2CF
0F018F165CE082816B10D22F17330C987FFF93A6B2FAAFAD52322300048521DADA5F5624406FA2D0
0F0177165C2C82817710D21B173337986FFF93A6B2FAAFAD0DF22300048621DADA5F5624406FA2D1
0F0170165B6D82816B10D217173360986FFF9396B2FAAFAD00022300048521DADA5F5624406FA2D2
0F019D165AB582816B10D21817338C986FFF9396B2FAAFAD00022300048521DADA5F5624406FA2D3
0F01DE165A0282817310D22A1733C6985FFF9396B2FAAFAD00022300048521DADA5F5625416FA2D4
0F020A16597682816B10D2271733DA985FFF9396B2FAAFAD00522200048521DADA5F5625406FA2D5
0F022916594082816B10D21B173406985FFF9386B2FAAFAD00322200048521DADA5F5625406FA2D6
0F023D16592582816B10D223173443984FFF9386B2FAAFAD00322100048521DADA5F5625406FA2D7
0F026316593082816B10D21F173482984FFF9386B2FAAFAD00222100048521DADA5F5625406FA2D8
0F02BC16597882816B10D2171734CA984FFF9376B2FAAFAD00222200048521DADA5F5625406FA2D9
0F02EF16597F82816B10D1F5173501983FFF9376B2FAAFAD00222300048521DADA5F5625406FA2DA
0F031B16591A82816410D1D2173539983FFF9376B2FAAFAD00222300048521DADA5F5625406FA2DB
0F034816587E82816B10D1B117355A983FFF9376B2FABFAD09722200048521DADA5F5625406FA2DC
0F03851657CA82816B10D189173593983FFF9376B2FABFAC5DE22200048521DADA5F5625406FA2DD
0F03C71656F382816410D15B1735B9983FFF9376B2FABFAC89B22100048621DADA5F5625406FA2DE
0F03EC16561E82816B10D1241735DD983FFF9376B2FABFAC8ED22300048521DADA5F5625406FA2DF
0F043716557082816410D0DD1735FE983FFF9376B2FABFAC8B422500048521DADA5F5625406FA2E0
0F04781654CE82816410D093173628983FFF9376B2FABFAC89622500048521DADA5F5625406FA2E1
0F04AF16543382816810D04317363C983FFF9376B2FABFAC89322400048521DADA5F5625406FA2E2
0F051816538E82816B10D002173657983FFF9376B2FABFAC89522300048521DADA5F5625406FA2E3
0F058E1652DF82816410CFD017366C983FFF9376B2FABFAC89722300048421DADA5F5625406FA2E4
0F05D516522182816410CFC1173682983FFF9376B2FABFAC89722200048521DADA5F5625406FA2E5
0F05ED16515982816410CFBD173697983FFF9376B2FABFAD89722100048521DADA5F5625406FA2E6
0F060316508A82816410CFBD1736B1983FFF9376B2FABFAC89722100048521DADA5F5625406FA2E7
0F05F1164FC682816B10CFBD1736B1983FFF9376B2FABFAC57822100048521DADA5F5625406FA2E8
0F05E7164F0582816410CFBD1736C0983FFF9376B2FABFAD0F222100048521DADA5F5625406FA2E9
0F05E3164E5982816B10CFC11736C1983FFF9376B2FABFAC00022200048521DADA5F5625406FA2EA
0F05DD164DBF82816410CFBD1736B1983FFF9376B2FABFAC00022200048521DADA5F5625406FA2EB
0F05EA164D3382816410CFC517368B983FFF9376B2FABFAC00022200048421DADA5F5625406FA2EC
0F05F8164CAE82816410CFCC17364D984FFF9376B2FABFAC00522200048521DADA5F5625406FA2ED
0F05EA164C2782816B10CFC11735F2984FFF9376B2FABFAC00422200048521DADA5F5625406FA2EE
0F05A3164BA182816410CD1F17357F984FFF9376B2FABFAC00322300048521DADA5F5625406FA2EF
0F057C164B2582816B10BF701734DC983FFF9376B2FABFAC00222300048521DADA5F5625406FA2F0
0F056F164AAE82816410ACF9173410984FFF9376B2FABFAC00222400048421DADA5F5625406FA2F1
0F055E164A36828164109969173351984FFF9376B2FABFAC00222400048521DADA5F5625406FA2F2
0F05351649C582816F10827717327E984FFF9376B2FABFAC00222400048421DADA5F5625406FA2F3
0F050A164959828164106C991731A0984FFF9376B2FABFAD09322500048521DADA5F5625406FA2F4
0F04FA1648F882816B105C191730D3984FFF9366B2FADFAC5AF22400048521DADA5F5625406FA2F5
0F051916489782816B104DC0173014984FFF9366B2FADFAC85422400048521DADA5F5625406FA2F6
0F055316484282816B104099172F70985FFF9366B2FADFAC8A122400048421DADA5F5625406FA2F7
0F056F1647FD82816B1035DA172EE0985FFF9366B2FADFAC86A22500048421DADA5F5625406FA2F8
0F055F1647B682816B102F17172E53985FFF9366B2FADFAC84E22600048521DADA5F5625406FA2F9
0F053F16477A82816B102E94172DD9985FFF9366B2FADFAC84B22700048421DADA5F5625406FA2FA
0F051616474382816B102EFD172D65985FFF9356B2FADFAC84D22700048521DADA5F5625406FA2FB
0F04F3164717828173102E2D172CEC986FFF9356B2FADFAC84F22700048421DADA5F5625406FA2FC
0F049A1646F282816B102D8F172C7D986FFF9356B2FADFAC84E22700048421DADA5F5625406FA2FD
0F04341646D6828173102DA9172C1E986FFF9356B2FADFAC84E22600048521DADA5F5625406FA2FE
0F03D81646C482816B102DBF172BBF986FFF9356B2FADFAC84F22600048421DADA5F5625406FA2FF
0F037B1646B9828173102CD6172B65986FFF9356B2FADFAC54322700048421DADA5F5625406FA200
0F03111646B9828173102A97172B11987FFF9356B2FADFAC0E722700048421DADA5F5625406FA201
0F02B81646B88281731026FA172ACF987FFF9346B2FADFAC00022600048421DADA5F5625406FA202
0F021B1646C1828173102380172A92987FFF9346B2FADFAC00022600048421DADA5F5625406FA203
0F01551646CC8281771020F9172A6E987FFF9346B2FADFAC00022700048421DADA5F5625406FA204
0F00B41646E2828173101F32172A49988FFF9346B2FADFAD00522900048421DADA5F5625406FA205
0F00331646FF82817A101DEF172A39988FFF9346B2FADFAC00422900048421DADA5F5625406FA206
0EFFC916472982817A101D5D172A2E988FFF9346B2FADFAC00222800048421DADA5F5625406FA207
0EFF47164753828173101D43172A39989FFF9346B2FADFAC00222700048321DADA5F5625406FA208
0EFECC16477482817A101D68172A49989FFF9356B2FADFAC00222500048421DADA5F5625406FA209
0EFE3D1647A182817A101D73172A63989FFF9356B2FADFAC00222500048321DADA5F5625406FA20A
0EFDAE1647D1828182101D62172A92989FFF9356B2FADFAC00222500048421DADA5F5625406FA20B
0EFD371647FE82817A101D31172ACA98AFFF9356B2FADFAC0F122500048421DADA5F5625406FA20C
0EFCD416482F828182101CEB172B1198AFFF9356B2FADFAC61922500048421DADA5F5625406FA20D
0EFC9D16486E82817A101C8C172B6598AFFF9366B2FADFAB87922500048421DADA5F5625406FA20E
0EFC6A1648AB828182101C25172BCF98BFFF9366B2FADFAB8AD22500048321DADA5F5625406FA20F
0EFC421648FF828182101BBF172C3398BFFF9366B2FADFAB87522500048421DADA5F5625406FA210
0EFC2D16495082817A101B6E172CA298BFFF9376B2FADFAB85B22500048421DADA5F5625406FA211
0EFC301649AE828189101B36172D1B98BFFF9376B2FADFAB85922500048321DADA5F5625406FA212
0EFC3E164A1E828182101B0F172D9F98CFFF9376B2FADFAB85C22500048321DADA5F5625406FA213
0EFC45164A8F828186101B04172E2998CFFF9386B2FADFAB85D22500048421DADA5F5625406FA214
0EFC41164B09828182101B16172ED798DFFF9386B2FADFAB85D22500048421DADA5F5625406FA215
0EFC29164B80828189101B34172F8D98DFFF9396B2FADFAB85D22600048421DADA5F5625406FA216
0EFC12164BEA828182101B7817306898DFFF9396B2FADFAB85D22600048321DADA5F5625406FA217
0EFBF6164C57828189101C0117316B98EFFF93A6B2FADFAB55822700048321DADA5F5625406FA218
0EFBDF164CBB828189101D0517327998EFFF93A6B2FADFAB0EE22600048321DADA5F5625406FA219
0EFBCD164D23828189101E861733A798FFFF93B6B2FADFAB00022600048321DADA5F5625406FA21A
0EFBC0164D8682818910207C1734C298FFFF93C6B2FADFAB00022600048321DADA5F5625406FA21B
0EFBB9164DE68281901022DE1735A898FFFF93C6B2FADFAB00022700048321DADA5F5625406FA21C
0EFBCE164E458281891025A7173642990FFF93D6B2FADFAB00522700048321DADA5F5625406FA21D
0EFBE2164EAB8281891028E71736A1991FFF93D6B2FADFAB00322700048321DADA5F5625406FA21E
0EFBFD164F14828190102CE11736CB991FFF93E6B2FADFAB00322700048321DADA5F5625406FA21F
0EFC18164F708281901032021736DB991FFF93F6B2FADFAB00222700048321DADA5F5625406FA220
0EFC2D164FC68281901038BC1736D6992FFF93F6B2FADFAB00222900048321DADA5F5625406FA221
0EFC4516500D8281891040D01736BC992FFF9406B2FADFAB00122B00048321DADA5F5625406FA222
0EFC501650398281941049AC17369C993FFF9406B2FADFAB00222B00048321DADA5F5625406FA223
0EFC591650678281901052EE17368B993FFF9416B2FADFAB06622B00048321DADA5F5625406FA224
0EFC5D165096828190105BF5173677993FFF9416B2FABFAB59B22B00048421DADA5F5625406FA225
0EFC711650BD8281901064A6173686994FFF9416B2FA9FAB88722B00048321DADA5F5625406FA226
0EFC9A1650EB828198106D0D173697994FFF9426B2FA8FAB8E922B00048421DADA5F5625406FA227
0EFCE116510B8281901075351736BC995FFF9426B2FA8FAB8B122B00048321DADA5F5625406FA228
0EFD44165121828190107D111736D0996FFF9436B2FA8FAB89222B00048321DADA5F5625406FA229
0EFDB116514482819810846F1736F0996FFF9436B2FA8FAB88E22A00048321DADA5F5625406FA22A
0EFE22165179828190108B40173700997FFF9436B2FA8FAB89122A00048321DADA5F5625406FA22B
0EFE991651C08281981091881736F0997FFF9436B2FA8FAB89222A00048421DADA5F5625406FA22C
0EFF0D16520C8281901097651736C6997FFF9446B2FA8FAB89222B00048421DADA5F5625406FA22D
0EFF7716525F828198109CE717368B998FFF9446B2FA8FAB89223E00048421DADA5F5625406FA22E
0EFFDD1652B682819810A1E4173667998FFF9446B2FA8FAB89229300048321DADA5F5625406FA22F
0F003616531482819810A659173652999FFF9446B2FA8FAB5942D700048421DADA5F5625406FA230
0F008816538082819010AA3917364C999FFF9446B2FA9FAB1012CE00048321DADA5F5625406FA231
0F00D01653F082819010AD7717365299AFFF9446B2FA8FAB0002A500048421DADA5F5625406FA232
0F011116546782819C10B03517363C99AFFF9446B2FA8FAB00028000048321DADA5F5625406FA233
0F014B1654CB82819810B2821735FE99AFFF9446B2FA8FAB00026800048421DADA5F5625406FA234
0F018516550F82819810B45D1735B499BFFF9446B2FA8FAB00525700048321DADA5F5625406FA235
0F01C316554C82819810B5DA17355E99CFFF9446B2FA8FAB00424B00048321DADA5F5625406FA236
0F01FC16558982819810B70717350B99BFFF9446B2FA8FAB00324200048421DADA5F5625406FA237
0F02361655B382819810B7D11734CA99CFFF9446B2FA8FAB00223C00048421DADA5F5625406FA238
0F02661655DA82819810B85E1734AC99CFFF9446B2FA8FAB00223700048321DADA5F5625406FA239
0F029616560082819010B8AA17347F99DFFF9446B2FA8FAB00223400048421DADA5F5625406FA23A
0F02C616562682819810B8D217342E99DFFF9446B2FA8FAB00223200048321DADA5F5625406FA23B
0F02F216564882819810B8D81733CC99DFFF9446B2FA8FAB07822F00048321DADA5F5625406FA23C
0F032916565F82819810B8D017337099DFFF9446B2FA9FAC55622E00048321DADA5F5625406FA23D
0F035C16567B82819810B8CB17330D99DFFF9436B2FAAFAC7F222D00048421DADA5F5625406FA23E
0F039416569582819810B8AE1732BD99DFFF9436B2FAAFAC84422D00048421DADA5F5625406FA23F
0F03CA1656A782819810B89D17326999EFFF9436B2FAAFAD80F22C00048421DADA5F5625406FA240
0F04011656B382819010B87817320F99DFFF9436B2FAAFAC7F322C00048321DADA5F5625406FA241
0F043B1656C382819C10B84E1731B199DFFF9436B2FAAFAC7EF22B00048421DADA5F5625406FA242
0F04711656D182819010B83317316699DFFF9436B2FAAFAC7F222B00048421DADA5F5625406FA243
0F04AF1656DB82819810B80A17315799DFFF9426B2FAAFAC7F322C00048421DADA5F5625406FA244
0F04E81656ED82819010B7F717313199DFFF9426B2FAAFAC7F322B00048421DADA5F5625406FA245
0F052A1656FC82819810B7EB17312799DFFF9426B2FAAFAC7F322A00048521DADA5F5625406FA246
0F056816570C82819010B7E717310899DFFF9426B2FAAFAC7F322900048321DADA5F5625406FA247
0F05B016571882819810B8151730F299DFFF9426B2FAAFAC4F622900048421DADA5F5625406FA248
0F05F216572982819010B84A1730CE99CFFF9426B2FAAFAC0D422900048421DADA5F5625406FA249
0F063916573782819810B8CC1730CD99CFFF9426B2FAAFAC00022800048421DADA5F5625406FA24A
0F068116574182819010B9741730B299BFFF9416B2FAAFAC00022800048421DADA5F5625406FA24B
0F06D616574F82819010BA331730A999BFFF9416B2FAAFAC00022900048421DADA5F5625406FA24C
0F071A16575582819010BB011730A399AFFF9416B2FAAFAC00522A00048421DADA5F5625406FA24D
0F06F816575882819010BBE817309899AFFF9416B2FAAFAC00322B00048421DADA5F5625406FA24E
0F069F16575582819010BCAC17309499AFFF9416B2FAAFAC00322F00048421DADA5F5625406FA24F
0F064316574A82819010BD7A173098999FFF9416B2FAAFAC00223000048421DADA5F5625406FA250
0F061016573E82818D10BE3217309D999FFF9416B2FAAFAC00222F00048421DADA5F5625406FA251
0F060C16571C82819010BED01730A9999FFF9416B2FAAFAC00122E00048321DADA5F5625406FA252
0F061D1656E682819010BF4A1730CD998FFF9416B2FAAFAC00222E00048421DADA5F5625406FA253
0F06321656BB82818910BFA51730ED998FFF9416B2FAAFAC05B22E00048421DADA5F5625406FA254
0F063C16569682819010BFFD173122997FFF9416B2FAAFAC56922E00048421DADA5F5625406FA255
0F05CF16568682818910C041173166997FFF9416B2FA9FAD84B22E00048521DADA5F5625406FA256
0F051216567E82818910C07F1731A1997FFF9416B2FA9FAD8AF22E00048421DADA5F5625406FA257
0F042A16566E82819010C0B01731E0996FFF9406B2FA9FAD87822F00048421DADA5F5625406FA258
0F03A516564F82818910C0C7173215996FFF9406B2FA9FAD85923000048521DADA5F5625406FA259
0F037816562882818910C0C417323A996FFF9406B2FA9FAD85522F00048421DADA5F5625406FA25A
0F03411655EF82818910C0CA173259996FFF9406B2FA9FAD85822F00048521DADA5F5625406FA25B
0F02DA1655B282818910C0CE173279996FFF9406B2FA9FAD85922E00048421DADA5F5625406FA25C
0F02A716557682818910C0C3173293995FFF9406B2FA9FAD85922D00048521DADA5F5625406FA25D
0F028816553982818910C0B11732B3995FFF93F6B2FA9FAD85922D00048421DADA5F5625406FA25E
0F025F1654FF82818210C08A1732D3995FFF93F6B2FA9FAD85922D00048521DADA5F5625406FA25F
0F01DA1654CB82816B10C0511732F2995FFF93F6B2FA9FAD51022E00048521DADA5F5625406FA260
0F014E16548D82819C10C01017331D995FFF93F6B2FA9FAD0CE22E00048521DADA5F5625406FA261
0F00E816544382818910BFDE173341995FFF93F6B2FA9FAD00022F00048521DADA5F5625406FA262
0F00771653F382818210BFAD17336C995FFF93E6B2FA9FAD00022F00048421DADA5F5625406FA263
0EFFEE16538A82818210BF8317338C995FFF93E6B2FA9FAD00022E00048521DADA5F5625406FA264
0EFF6916532882818210BF431733AA995FFF93E6B2FA9FAD00522D00048521DADA5F5625406FA265
0EFF111652CE82818210BEFE1733CC995FFF93E6B3FA9FAD00322C00048521DADA5F5625406FA266
0EFEE816528A82817A10BEB41733EF995FFF93E6B2FA9FAD00322B00048521DADA5F5625406FA267
0EFEE816525C82818210BE71173410995FFF93E6B2FA9FAD00222A00048521DADA5F5625406FA268
0EFEC916523082817A10BE45173429995FFF93D6B2FA9FAD00122A00048621DADA5F5625406FA269
0EFE9D1651EB82818210BE1A17344B995FFF93D6B2FA9FAD00222B00048521DADA5F5625406FA26A
0EFE8816519C82817A10BDD3173468995FFF93D6B2FA9FAD00222C00048621DADA5F5625406FA26B
0EFE7B16515182817A10BD9117348D995FFF93D6B2FA9FAD09222E00048521DADA5F5625406FA26C
0EFE741650FB82817A10BD5C1734A4995FFF93D6B2FA9FAD5E722F00048621DADA5F5625406FA26D
0EFE581650B782817A10BD361734B7995FFF93D6B2FA9FAC8B522F00048621DADA5F5625406FA26E
0EFE2916506E82817310BD181734BF996FFF93C6B2FA9FAB90922E00048621DADA5F5625406FA26F
0EFDA716501F82816410BCF91734D7996FFF93C6B2FA9FAB8CF22D00048621DADA5F5625406FA270
0EFD33164FD182818D10BCE61734DF996FFF93C6B2FA9FAB8B122C00048621DADA5F5625406FA271
0EFCE1164F8882817310BCDA1734F1996FFF93C6B2FA9FAB8AD22B00048621DADA5F5625406FA272
0EFC9F164F5C82817A10BCDF1734EF996FFF93B6B2FA9FAB8B022B00048621DADA5F5625406FA273
0EFC6A164F3C82817310BCD61734EC997FFF93B6B2FA9FAB8B122A00048621DADA5F5625406FA274
0EFC45164F2282817310BCDF1734E9997FFF93B6B2FA9FAB8B122A00048621DADA5F5625406FA275
0EFC30164EEE82816B10BCF51734E6997FFF93B6B2FA9FAA8B122A00048621DADA5F5625406FA276
0EFC1C164E9682817310BD141734E9997FFF93B6B2FA9FAB8B122A00048621DADA5F5625406FA277
0EFC12164E2E82817310BD271734E1997FFF93B6B2FA9FAB5A322A00048621DADA5F5625406FA278
0EFBF7164DC082817310BD321734DF998FFF93B6B2FA9FAB10222A00048621DADA5F5625406FA279
0EFBE2164D4D82816B10BD3E1734D7998FFF93A6B2FA9FAB00022A00048621DADA5F5625406FA27A
0EFBDB164CE382816B10BD361734D1998FFF93A6B2FA9FAB00022A00048621DADA5F5625406FA27B
0EFBEC164C7E82816B10BD2E1734D4998FFF93A6B2FA9FAB00022900048721DADA5F5625406FA27C
0EFBF0164C2882816B10BD3A1734C2998FFF93A6B2FA9FAB00522900048721DADA5F5625406FA27D
0EFBF0164BDA82816B10BD361734BF998FFF93A6B2FA9FAB00422900048621DADA5F5625406FA27E
0EFBE9164B8B82816B10BD361734AC998FFF9396B3FA9FAB00322A00048721DADA5F5625406FA27F
0EFBE9164B4582816B10BD27173485998FFF9396B2FA9FAB00222B00048721DADA5F5625406FA280
0EFBE5164AFB82816810BD14173472999FFF9396B2FA9FAB00222B00048721DADA5F5625406FA281
0EFBE5164ABA82816B10BD0017344B999FFF9396B2FA9FAB00222B00048821DADA5F5625406FA282
0EFBF0164A7E82816410BCEA173429999FFF9396B2FA9FAB00222B00048721DADA5F5625406FA283
0EFBFD164A3982816B10BCD3173400999FFF9386B2FA9FAB08622A00048721DADA5F5625406FA284
0EFBFA1649E782816410BCB91733DF999FFF9386B2FA9FAB5C722900048721DADA5F5625406FA285
0EFBFD1647C182816410BCA91733C6998FFF9386B2FA9FAB89222900048721DADA5F5625406FA386
0EFBF6163C7E82816410BC871733A5998FFF9386B2FA9FAA8E822A00048721DADA5F5625406FA387
0EFBF316324C82816410BC60173397999FFF9386B2FA9FAA8B022A00048721DADA5F5625406FA388
0EFB9E162EDB82816410BC47173385999FFF9376B3FA9FAA89222B00048821DADA5F5625406FA389
0EFB20162D9D82816410BC27173367998FFF9376B3FA9FAA88E22B00048721DADA5F5625406FB38A
0EFAB1162D6C82815C10BC19173351998FFF9376B2FA9FAA89122B00048721DADA5F5625406FB38B
0EFAB3162D9082816410BC17173332998FFF9376B3FA9FAA89222A00048721DADA5F5625406FB38C
0EFB27162DC482816410BC0A173327998FFF9366B3FA9FAA89222900048821DADA5F5625406FB38D
0EFB86162E0E82816410BC08173318998FFF9366B3FA9FAA89222900048721DADA5F5625406FB38E
0EFB22162DEB82815C10BC1117330D998FFF9366B3FA9FAA89222800048721DADA5F5625406FB38F
0EFAAF162DAA82816410BC1F173302998FFF9366B3FA9FAA5C022800048721DADA5F5625406FB390
0EFA6B162DAE82815C10BC34173303997FFF9356B2FA9FAA11622800048721DADA5F5625406FB391
0EFA43162DCB82814E10BC411732F2997FFF9356B2FA9FAA00022900048721DADA5F5625406FB392
0EFA49162DC782816F10BC4E1732FD997FFF9356B2FA9FAA00022900048721DADA5F5625406FB393
0EFA5F162DC782816410BC581732F2997FFF9356B2FA9FAA00022900048721DADA5F5625406FB394
0EFA98162DD282815C10BC5D1732ED997FFF9346B2FA9FAA00522A00048721DADA5F5625406FB395
0EFAA2162DD082816410BC6B1732E7997FFF9346B2FA9FAA00522B00048721DADA5F5625406FB396
0EFA72162DE382815C10BC701732E3996FFF9346B2FA9FAA00322B00048721DADA5F5625406FB397
0EFA69162E0A82815C10BC731732E7996FFF9336B3FA9FAA00222B00048721DADA5F5625406FB398
0EFAA5162E0682815C10BC6D1732D8996FFF9336B2FA9FAA00122B00048721DADA5F5625406FB399
0EFA6B162DD682816410BC6B1732D3996FFF9336B2FA9FAA00222B00048721DADA5F5625406FB39A
0EFA3C162DA382815C10BC651732C8995FFF9336B3FA9FAA00322B00048721DADA5F5625406FB39B
0EF9FF162DAC82816410BC5C1732BE995FFF9326B3FA9FAA0DD22B00048721DADA5F5625406FB39C
0EFA38162DE982815C10BC4A1732AD995FFF9326B2FA9FAA5C522C00048721DADA5F5625406FB39D
0EFAD2162E2C82816410BC3E1732A3995FFF9326B3FAAFAB80C22E00048721DADA5F5625406FB39E
0EFB08162E3182815C10BC2C173279995FFF9326B2FABFAB83F23700048721DADA5F5625406FB39F
0EFB08162E2382816410BC1F173249995FFF9316B2FABFAB80A24300048721DADA5F5625406FB3A0
0EFB15162E1E82815C10BC06173200995FFF9316B2FABFAB7F124400048721DADA5F5625406FB3A1
0EFB2A162E2D82816410BBED173196995FFF9316B3FABFAB7EF24000048721DADA5F5625406FB3A2
0EFB4F162E3D82816410BB0017310C995FFF9316B2FABFAB7F123B00048721DADA5F5625406FB3A3
0EFB67162E4982816110B8A6173075994FFF9316B3FABFAB7F223700048721DADA5F5625406FB3A4
0EFB75162E4982816410B661172FBF994FFF9316B2FABFAB7F223300048721DADA5F5625406FB3A5
0EFB7F162E4D82816B10B51F172F11994FFF9316B3FABFAB7F223100048721DADA5F5625406FB3A6
0EFB75162E4A82816410B4C0172E76994FFF9316B2FABFAB7F222F00048721DADA5F5625406FB3A7
0EFB6B162E3382816410B478172DEF994FFF9316B2FABFABA5D22E00048721DADA5F5625406FB3A8
0EFB5A162E2382816410B307172D7A994FFF9316B3FABFABED322F00048721DADA5F5625406FB3A9
0EFB2D162E0982816B10AEDF172D0C993FFF9316B2FABFABFFF22E00048721DADA5F5625406FB3AA
0EFAF2162DDA82816B10A6E5172C97993FFF9316B2FABFABFFF22D00048721DADA5F5625406FB3AB
0EFA8D162D7B82816410978A172C2F993FFF9316B2FABFABFFE22D00048721DADA5F5625406FB3AC
0EF9A3162D078281731082AB172BB5993FFF9326B3FABFABFEF22C00048721DADA5F5625406FB3AD
0EF8FC162CBA828164107057172B3B993FFF9326B2FABFABFEF22B00048621DADA5F5625406FB3AE
0EF8E6162CBE82817310616E172ABD993FFF9326B2FABFABFF122B00048721DADA5F5625406FB3AF
0EF965162D0B82816B1054EF172A58993FFF9326B2FABFABFF222C00048621DADA5F5625406FB3B0
0EF998162D2182817310494F1729FA993FFF9336B2FABFABFF222D00048621DADA5F5625406FB3B1
0EF939162CF6828173103E401729B0993FFF9336B2FABFABFF222D00048721DADA5F5625406FB3B2
0EF992162D1482817310329917297B993FFF9336B2FABFABFF222E00048721DADA5F5625406FA3B3
0EF95B162CFC8281731028BF172951993FFF9346B2FABFABF4922F00048721DADA5F5625406FB3B4
0EF8CC162CA18281771021DD172921993FFF9346B2FABFABAA422E00048721DADA5F5625406FB3B5
0EF87C162C63828173101C9B172912993FFF9356B2FABFAC85E22D00048721DADA5F5625406FB3B6
0EF841162C4282817A1018631728F6993FFF9356B2FA8FAD82422D00048721DADA5F5625406FB3B7
0EF826162C3C82817A10154A1728F2993FFF9366B2FA7FAD85522D00048621DADA5F5625406FB3B8
0EF823162C3882817310130F1728F7993FFF9366B2FA7FAD86E22D00048721DADA5F5625406FB3B9
0EF815162C2D82818210115E1728FC993FFF9376B2FA7FAD87122D00048621DADA5F5625406FB3BA
0EF7F6162C0682817A101026172907993FFF9376B2FA7FAD86F22C00048721DADA5F5625406FB3BB
0EF7D5162BE5828182100F56172921993FFF9386B2FA7FAD86D22B00048621DADA5F5625406FB3BC
0EF78D162BC582817A100EC4172936993FFF9386B2FA7FAD86D22B00048621DADA5F5625406FB3BD
0EF750162BA8828182100E42172956994FFF9396B2FA7FAD86D22B00048621DADA5F5625406FB3BE
0EF71C162B9C828182100DFA172976994FFF9396B2FA7FAD86E22A00048621DADA5F5625406FB3BF
0EF719162BA2828189100DBC17299B994FFF93A6B2FA7FAD58622A00048621DADA5F5625406FB3C0
0EF731162BB3828182100D6C1729CA994FFF93A6B2FA7FAD10122B00048621DADA5F5625406FB3C1
0EF745162BB5828189100CF71729FA995FFF93B6B2FA7FAD00022C00048621DADA5F5625406FB3C2
0EF731162B87828182100C64172A39995FFF93B6B2FA7FAD00022C00048621DADA5F5625406FB3C3
0EF6F0162B5D828189100BCE172A92995FFF93C6B2FA7FAD00022C00048621DADA5F5626416FB3C4
0EF6BA162B49828186100B7A172AF7995FFF93D6B2FA7FAD00522C00048621DADA5F5626406FB3C5
0EF6A2162B3E828190100B9B172B67996FFF93D6B2FA7FAD00522B00048621DADA5F5626406FB3C6
0EF6A4162B3B828189100C6C172BDA996FFF93D6B2FA7FAD00322B00048621DADA5F5626406FB3C7
0EF69F162B3B828189100DE0172C43997FFF93E6B2FA7FAD00222C00048621DADA5F5626406FB3C8
0EF6AD162B3E828190100FD6172CBC997FFF93F6B2FA7FAD00122B00048621DADA5F5626406FB3C9
0EF6B9162B3D828189101219172D60998FFF93F6B2FA7FAD00222B00048621DADA5F5626406FB3CA
0EF6B0162B42828190101497172E18998FFF93F6B2FA7FAD00322B00048621DADA5F5626406FB3CB
0EF6AF162B45828190101758172F11999FFF9406B2FA7FAD0C122B00048621DADA5F5626406FB3CC
0EF6BA162B36828189101A8B17300F999FFF9416B2FA7FAD5CF22C00048621DADA5F5626406FB3CD
0EF6A6162B1A828190101EF01730B999AFFF9416B2FA7FAD84522C00048621DADA5F5626406FB3CE
0EF678162AE282819810255E17310799AFFF9416B2FA6FAC88222C00048621DADA5F5626406FB3CF
0EF64A162AAC828190102DC617311799AFFF9426B2FA6FAB84B22C00048621DADA5F5626406FB3D0
0EF5F3162A758281901037731730E999BFFF9426B2FA6FAB83122C00048621DADA5F5626406FB3D1
0EF582162A5C8281901041DE17309399BFFF9436B2FA6FAB82F22C00048521DADA5F5626406FB3D2
0EF5371624F5828198104CB217304999BFFF9436B2FA6FAB83122C00048621DADA5F5626406FB3D3
0EF52916241882818D10576117301B99CFFF9446B2FA6FAB83222C00048621DADA5F5626406FB3D4
0EF5231628D082815C10618417300999DFFF9446B2FA6FAB83222C00048621DADA5F5626406FB3D5
0EF500162A338281CC106B0C17301499DFFF9456B2FA6FAB83222D00048621DADA5F5626406FB3D6
0EF4B6162A108281901073B317301699DFFF9456B2FA6FAB83223000048621DADA5F5626406FB3D7
0EF4C6162A04828198107B5E172FF499EFFF9456B2FA6FAB57C23000048621DADA5F5626406FB3D8
0EF4BD1629F7828190108228172FD499FFFF9456B2FA6FAB10822F00048621DADA5F5626406FB3D9
0EF4961629EB82819010883E172FBD99FFFF9466B2FA6FAB00022E00048521DADA5F5626406FB3DA
0EF42E1629C7828198108DAB172F9099FFFF9466B2FA6FAB00022D00048621DADA5F5626406FB3DB
0EF3CD1629AD82819010924F172F5B9A0FFF9466B2FA6FAB00022C00048521DADA5F5626406FB3DC
0EF4171629A4828198109624172F249A0FFF9466B2FA6FAB00522C00048521DADA5F5626406FB3DD
0EF46016299882819010992A172EF19A1FFF9476B2FA6FAB00522C00048621DADA5F5626406FB3DE
0EF428162997828198109B6C172EEC9A1FFF9476B2FA6FAB00322C00048621DADA5F5626406FB3DF
0EF40416298E828190109D23172EE09A1FFF9476B2FA6FAB00222B00048621DADA5F5626406FB3E0
0EF41016297A828190109E69172EF79A1FFF9476B2FA6FAB00122B00048621DADA5F5626406FB3E1
0EF43016295E828190109F44172EF19A2FFF9476B2FA6FAB00122D00048621DADA5F5626406FB3E2
0EF41D16293982817A109FE8172EDC9A2FFF9476B2FA6FAB00323100048621DADA5F5626406FB3E3
0EF37816292A8281AB10A061172ED09A3FFF9476B2FA6FAB05F23200048621DADA5F5626406FB3E4
0EF3B81629A682819010A07F172EBD9A3FFF9476B2FA6FAB55323100048621DADA5F5626406FB3E5
0EF4D7162A9082819010A08E172E589A3FFF9486B2FA6FAB81F23000048621DADA5F5626406FB3E6
0EF651162B7382819010A070172DE99A3FFF9486B2FA7FAC87E22F00048621DADA5F5626406FB3E7
0EF71C162C0082819010A068172D7A9A3FFF9486B2FA8FAD84923000048621DADA5F5626406FB3E8
0EF7EF162C7082819010A0A0172D119A3FFF9486B2FA8FAC82B23100048521DADA5F5626406FB3E9
0EF8EE162CD982818910A10F172CC29A4FFF9486B2FA8FAC82723100048621DADA5F5626406FB3EA
0EF9A6162D2D82819010A20B172C8D9A4FFF9486B2FA8FAC82923000048621DADA5F5626406FB3EB
0EFA6D162D5282818910A2F9172C7D9A4FFF9496B2FA8FAC82A23200048721DADA5F5626406FB3EC
0EFA2B162CF082819010A3F9172CA89A3FFF9496B2FA8FAC82B23800048621DADA5F5626406FB3ED
0EF8A0162C2582818910A52E172CA29A3FFF9496B2FA8FAC82A23900048621DADA5F5626406FB3EE
0EF715162B4D82818910A661172C889A3FFF9496B2FA8FAC82B23500048621DADA5F5626406FB3EF
0EF617162AB982818910A765172C8D9A3FFF9496B2FA8FAC54D23300048721DADA5F5626406FB3F0
0EF5DD162A8782818910A83D172C889A3FFF9496B2FA8FAC0F323100048621DADA5F5626406FB3F1
0EF629162A9E82818910A902172C7E9A2FFF9496B2FA8FAC00023000048621DADA5F5626406FB3F2
0EF698162AEC82818610A9BE172C639A2FFF9496B2FA8FAC00022F00048621DADA5F5626406FB3F3
0EF712162B7582818210AA75172C589A1FFF9496B2FA8FAC00022E00048721DADA5F5626406FB3F4
0EF844162C3182818210AB42172C5D9A1FFF9496B2FA8FAC00522E00048721DADA5F5626406FB3F5
0EF951162CB482818910ABF8172C4E9A1FFF9496B2FA8FAC00422E00048721DADA5F5626406FB3F6
0EF99C162CF082818210AC9E172C4E9A0FFF9486B2FA8FAC00322D00048721DADA5F5626406FB3F7
0EF9F5162D2A82818210AD51172C639A0FFF9486B2FA8FAC00222C00048621DADA5F5626406FB3F8
0EFA24162D4682818210ADF4172C8899FFFF9486B2FA8FAC00222B00048721DADA5F5626406FB3F9
0EFA6B162D6782817A10AE32172CBC99FFFF9486B2FA8FAC00122B00048721DADA5F5626406FB3FA
0EFAA9162D8D82818210AE1D172CF699FFFF9476B2FA8FAC00222A00048721DADA5F5626406FB3FB
0EFAEB162DAC82818210AE29172D3099EFFF9476B2FA8FAC0DB22900048721DADA5F5626406FB3FC
0EFAFE162DC382817A10AE34172D5B99EFFF9476B2FA8FAC60122900048721DADA5F5626406FB3FD
0EFB1C162DD082817A10AE16172D6599DFFF9476B2FA8FAC86F22A00048721DADA5F5626406FB3FE
0EFB60162DE582817A10AE16172D6599DFFF9466B2FA7FAC8A922A00048721DADA5F5626406FB3FF
0EFB8D162DF782818210AE30172D6099DFFF9466B2FA5FAC87122B00048721DADA5F5626406FB300
0EFBA4162E0D82817310AE71172D6F99CFFF9466B2FA5FAC85722B00048721DADA5F5626406FB301
0EFBCA162E2782817A10AEB9172D8A99CFFF9466B2FA5FAC85522B00048721DADA5F5626406FB302
0EFBF6162E4482817710AEF6172DAA99BFFF9456B2FA5FAC85722B00048821DADA5F5626406FB303
0EFC15162E5682817A10AF32172DE999BFFF9456B2FA5FAC85922B00048721DADA5F5626406FB304
0EFC3E162E7282817310AF4D172E1D99AFFF9456B2FA5FAC85822B00048821DADA5F5626406FB305
0EFC8C162EAA82817A10AF55172E6899AFFF9456B2FA5FAC85822C00048721DADA5F5626406FB306
0EFD22162F1D82817310AF45172E9899AFFF9456B2FA5FAC85922C00048821DADA5F5626406FB307
0EFE11162F8282817310AF4D172EC299AFFF9446B2FA5FAC5B822C00048721DADA5F5626406FB308
0EFE5C162F7B82817310AF60172ED099AFFF9446B2FA5FAC11F22C00048821DADA5F5626406FB309
0EFE18162F4082817310AF68172EDC99AFFF9436B2FA5FAC00022C00048721DADA5F5626406FB30A
0EFDF6162F1982817310AF3E172EEC99AFFF9436B2FA5FAC00022C00048821DADA5F5626406FB30B
0EFDE1162EFE82817310AEFA172EFF99AFFF9436B2FA5FAC00022C00048821DADA5F5626406FB30C
0EFDBC162ED982816B10AEA6172F0699AFFF9426B2FA5FAC00522C00048821DADA5F5626406FB30D
0EFD59162E8E82817310AE63172F21999FFF9426B2FA5FAC00522D00048821DADA5F5626406FB30E
0EFC9A162E0F82817310AE40172F2B999FFF9426B2FA5FAC00322D00048921DADA5F5626406FB30F
0EFBE2162D9482816B10AE29172F4E99AFFF9416B2FA5FAC00222D00048821DADA5F5626406FB310
0EFB4F162D3882816B10AE1A172F70999FFF9416B2FA5FAC00122D00048821DADA5F5626406FB311
0EFADC162D0D82817310AE12172F90999FFF9406B3FA5FAC00122D00048821DADA5F5626406FB312
0EFA76162CF882815C10AE03172FAD99AFFF9406B2FA5FAC00222C00048821DADA5F5626406FB313
0EFA32162CE282817E10ADF0172FCF999FFF9406B2FA5FAC0CD22C00048821DADA5F5626406FB314
0EFA03162CC782816B10ADD9172FDA99AFFF93F6B2FA5FAC5A922C00048821DADA5F5626406FB315
0EF9F8162CBF82816B10ADBB172FE799AFFF93F6B2FA5FAC7F622B00048921DADA5F5626406FB316
0EF9E7162CCA82816B10AD91172FF9999FFF93E6B2FA6FAD82D22B00048821DADA5F5626406FB317
0EF9D2162CD582816B10AD6F17300499AFFF93E6B2FA7FAE7F822C00048921DADA5F5626406FB318
0EF9AA162CC682816B10AD4D17301B99AFFF93D6B2FA8FAE7DF22D00048821DADA5F5626406FB319
0EF984162CA882816B10AD32173019999FFF93D6B2FA8FAE7DD22D00048921DADA5F5626406FB31A
0EF94E162C8882816410AD1017302499AFFF93D6B2FA8FAE7DF22E00048821DADA5F5626406FB31B
0EF936162C6B82816B10ACEA17302B99AFFF93C6B3FA8FAE7E122E00048921DADA5F5626406FB31C
0EF8F4162C4F82816B10ACBD17303499AFFF93B6B2FA8FAE7E022D00048921DADA5F5626406FB31D
0EF8B8162C3782816410AC8B173029999FFF93B6B3FA8FAE7E122D00048921DADA5F5626406FB31E
0EF893162C2882816B10AC53173030999FFF93B6B2FA8FAE7E122D00048921DADA5F5626406FB31F
0EF8A9162C1F82816410AC1617303499AFFF93A6B2FA8FAE54022D00048921DADA5F5626406FB320
0EF8AA162C0082816410ABDF17301E99AFFF93A6B3FA8FAE0FB22C00048921DADA5F5626406FB321
0EF88C162BDB82816B10ABBF17301699AFFF9396B2FA8FAE00022D00048921DADA5F5626406FB322
0EF83F162BC082816410ABB317300499AFFF9396B3FA8FAE00022C00048821DADA5F5626406FB323
0EF818162BC482815510ABBB172FFF99AFFF9396B3FA8FAE00022C00048821DADA5F5626406FB324
0EF841162BD782817710ABB3172FF699AFFF9386B3FA8FAE00522C00048921DADA5F5626406FB325
0EF872162BEB82816410AB9E172FDF99AFFF9386B2FA8FAE00422D00048921DADA5F5626406FB326
0EF84B162C1782816410AB82172FDA99AFFF9376B3FA8FAE00322D00048921DADA5F5626406FB327
0EF89D162C4082816410AB60172FD299AFFF9376B3FA8FAE00222D00048921DADA5F5626406FB328
0EF943162C5A82816410AB3E172FC599AFFF9376B2FA8FAE00122D00048921DADA5F5626406FB329
0EF98B162C4C82816410AB20172FBA99AFFF9376B2FA8FAE00122E00048A21DADA5F5626406FB32A
0EF92C162C4682816410AB0D172FA899AFFF9366B2FA8FAE00222F00048921DADA5F5626406FB32B
0EF94A162C4D82816410AAFA172FA599AFFF9366B3FA8FAE0C123100048921DADA5F5626406FB32C
0EF93C162C5082815C10AAF2172F9599AFFF9366B3FA8FAE5A923300048921DADA5F5626406FB32D
0EF90D162C4C82816410AAE3172F9299CFFF9356B2FA8FAE80623200048921DADA5F5626406FB32E
0EF8F5162C3582816410AAE3172F7B99BFFF9356B2FA8FAE84123200048921DADA5F5626406FB32F
0EF8A7162C0F82815C10AADC172F7099AFFF9356B2FA8FAC80C23100048921DADA5F5626406FB330
0EF8C4162BF282816410AAC8172F6E99AFFF9356B2FA8FAA7F223000048921DADA5F5626406FB331
0EF8E8162BD582815C10AAB6172F5B99AFFF9356B2FA8FAA7EF23000048921DADA5F5626406FB332
0EF84F162BC682815C10AA97172F5699BFFF9356B3FA8FAA7F222F00048921DADA5F5626406FB333
0EF853162BC382815C10AA66172F5999CFFF9346B2FA8FAA7F322F00048921DADA5F5626406FB334
0EF8C6162BD282816410AA31172F5699BFFF9346B3FA8FAA7F322F00048A21DADA5F5626406FB335
0EF910162BE282815910A9F1172F4B99AFFF9346B3FA8FAA7F323200048A21DADA5F5626406FB336
0EF946162BEE82816410A9BF172F4199AFFF9346B2FA8FAA7F323600048921DADA5F5626406FB337
0EF969162C0E82815C10A985172F3E99AFFF9336B3FA8FAA5A623700048A21DADA5F5626406FB338
0EF98E162C3782815C10A959172F2B99AFFF9336B2FA8FAA12D23500048921DADA5F5626406FB339
0EF9A9162C6682815C10A937172F1699CFFF9336B3FA8FAA00023200048921DADA5F5626406FB33A
0EF9B7162C7082815C10A91D172F0A99BFFF9336B2FA8FAA00023000048921DADA5F5626406FB33B
0EF981162C7282815C10A90B172F0199AFFF9326B3FA8FAA00022F00048921DADA5F5626406FB33C
0EF94E162C7E82815C10A8FB172EF199AFFF9326B2FA8FAA00522E00048A21DADA5F5626406FB33D
0EF921162C8382815510A8E8172ED799AFFF9326B3FA8FAA00522E00048A21DADA5F5626406FB33E
0EF905162C7B82816410A8D2172ED599AFFF9316B3FA8FAA00322E00048A21DADA5F5626406FB33F
0EF910162C7882815510A8B3172EC299AFFF9316B3FA8FAA00222E00048921DADA5F5626406FB340
0EF943162C6A82815C10A894172EB299AFFF9316B2FA8FAA00122E00048921DADA5F5626406FB341
0EF995162C7082815510A876172EA699AFFF9316B3FA8FAA00122D00048921DADA5F5626406FB342
0EF9D9162C7A82815C10A849172E9899AFFF9306B3FA8FAA00222E00048921DADA5F5626406FB343
0EF9E3162C6882815C10A827172E8899AFFF9306B3FA8FAA13222F00048921DADA5F5626406FB344
0EF98B162C2782815C10A7FD172E8299AFFF9306B3FA8FAA62122F00048A21DADA5F5626406FB345
0EF887162BE382815510A7CF172E6C999FFF9306B3FA8FAA83722F00048921DADA5F5626406FB346
0EF77F162BB882814E10A7AA172E5899AFFF9306B3FA8FAA85922D00048921DADA5F5626406FB347
0EF797162BAE82816810A77C172E4899AFFF9306B3FA8FAB82522D00048921DADA5F5626406FB348
0EF7F0162BAF82815510A74F172E39999FFF92F6B3FA7FAB80E22D00048A21DADA5F5626406FB349
0EF83E162BAE82815C10A729172E28999FFF92F6B2FA7FAB80D22D00048921DADA5F5626406FB34A
0EF84B162BA782815510A706172E14999FFF92F6B3FA7FAB80F22D00048921DADA5F5626406FB34B
0EF827162B8382815C10A6DE172E14999FFF92F6B3FA7FAB80F22D00048921DADA5F5626406FB34C
0EF7A1162B5D82815510A6BF172E04999FFF92F6B3FA7FAB80F22D00048A21DADA5F5626406FB34D
0EF720162B4982815C10A69F172DFD999FFF92F6B3FA7FAB80F22E00048921DADA5F5626406FB34E
0EF6F0162B2B82815510A683172DEF999FFF9306B3FA7FAB81022F00048921DADA5F5626406FB34F
0EF6A2162B0B82815510A66A172DE4999FFF9306B3FA7FAB5CD22E00048921DADA5F5626406FB350
0EF690162B0A82815C10A652172DD9999FFF9306B3FA7FAB13B22F00048A21DADA5F5626406FB351
0EF6F1162B1882815C10A63F172DC9998FFF9306B3FA7FAB00022F00048A21DADA5F5626406FB352
0EF749162B3382815510A622172DBA998FFF9306B3FA7FAB00023100048921DADA5F5626406FB353
0EF767162B3E82815C10A5FB172D9A998FFF9316B3FA7FAB00023100048A21DADA5F5626406FB354
0EF76E162B4B82815510A4B9172D6B998FFF9316B3FA7FAB00523100048A21DADA5F5626406FB355
0EF761162B4882815C109E95172D2B998FFF9316B3FA7FAB00523100048921DADA5F5626406FB356
0EF75D162B428281551094A6172CD2998FFF9326B3FA7FAB00323200048921DADA5F5626406FB357
0EF74C162B3982815C108A48172C78998FFF9326B3FA7FAB00223300048921DADA5F5626406FB358
0EF753162B3D82815910810A172C09998FFF9326B3FA7FAB00123200048A21DADA5F5626406FB359
0EF76B162B3182815C1079E8172BA5997FFF9336B3FA7FAB00123100048921DADA5F5626406FB35A
0EF742162B1182815C10724A172B41997FFF9336B3FA7FAB00323000048921DADA5F5626406FB35B
0EF70B162B1382815C106758172AEE997FFF9346B3FA7FAB0A523000048921DADA5F5626406FB35C
0EF720162B4882815C105BDB172AA2997FFF9346B3FA7FAB59F22F00048921DADA5F5626406FB35D
0EF786162B83828164105401172A4E997FFF9356B3FA7FAB82122F00048A21DADA5F5626406FB35E
0EF7C7162B7382815C104FB9172A0F997FFF9356B3FA7FAB86522E00048921DADA5F5626406FB35F
0EF78D162B3882815C104D901729B5997FFF9356B3FA7FAC83022E00048921DADA5F5626406FB360
0EF731162B32828164104B8217295B997FFF9366B3FA7FAE81522D00048921DADA5F5626406FB361
0EF74C162B5B82815C1048541728F2998FFF9366B3FA7FAE81222E00048921DADA5F5626406FB362
0EF7F6162BB78281641041F017288E997FFF9366B3FA7FAE81523100048921DADA5F5626406FB363
0EF8B5162BF482816410361317282F998FFF9376B3FA7FAE81624700048921DADA5F5626406FB364
0EF868162BB88281641028301727DB997FFF9376B3FA7FAE81625000048921DADA5F5626406FB365
0EF772162B58828164101F62172791998FFF9386B3FA7FAE81524B00048921DADA5F5626406FB366
0EF75D162B568281641018EE17274C998FFF9386B3FA7FAE81624200048921DADA5F5626406FB367
0EF7DC162B9382816B10122B172722999FFF9396B3FA7FAE57223D00048921DADA5F5626406FB368
0EF811162B7F82816B100CBC1726F8999FFF9396B3FA7FAE10923900048921DADA5F5626406FB369
0EF753162AF68281641008741726DE999FFF9396B3FA7FAE00023600048821DADA5F5626406FB36A
0EF663162A8182816F10051F1726C3999FFF93A6B3FA7FAE00023400048921DADA5F5626406FB36B
0EF5A7162A1082816B1002FD1726CE999FFF93A6B3FA7FAE00023200048921DADA5F5626406FB36C
0EF5071629BE82816B1001571726CE999FFF93B6B3FA7FAE00523100048921DADA5F5626406FB36D
0EF52916299E8281730FFF991726DE99AFFF93B6B3FA7FAE00423100048921DADA5F5626406FB36E
0EF4DE1629BA8281730FFE1B1726F399AFFF93B6B3FA7FAE00323000048921DADA5F5626406FB36F
0EF552162A118281730FFC8817270399CFFF93C6B3FA7FAE00222F00048A21DADA5F5626406FB370
0EF59D162A3182817A0FFB2417270899BFFF93C6B3FA7FAE00122F00048921DADA5F5626406FB371
0EF5111629DA8281730FFA1517271899CFFF93D6B3FA7FAE00222E00048921DADA5F5626406FB372
0EF4A216298A82817A0FF98017271899CFFF93D6B3FA7FAE00222E00048921DADA5F5626406FB373
0EF47116296E82817A0FF95017270C99DFFF93D6B3FA7FAE07F22E00048921DADA5F5626406FB374
0EF43216294D82817A0FF94517270399DFFF93E6B3FA7FAE5AB22F00048921DADA5F5626406FB375
0EF40E16292F8281820FF96E1726FD99DFFF93E6B3FA7FAE87122F00048821DADA5F5626406FB376
0EF3EB16290A8281820FF9BA1726DE99EFFF93F6B3FA7FAE8C722E00048921DADA5F5626406FB377
0EF34B1628CA8281820FFA0A1726CE99EFFF93F6B3FA7FAE89022F00048921DADA5F5626406FB378
0EF2E216287C8281820FFA0A1726A999FFFF93F6B3FA6FAD87222F00048921DADA5F5626406FB379
0EF2411628028281820FF9AF17268999FFFF9406B3FA5FAC86F22E00048821DADA5F5626406FB37A
0EF16E16278582818D0FF9131726659A0FFF9406B3FA5FAC87122D00048921DADA5F5626406FB37B
0EF0BA16271F8281890FF8881726509A1FFF9406B3FA5FAC87222D00048921DADA5F5626406FB37C
0EF0381626C38281890FF8101726409A1FFF9416B3FA5FAC87222E00048821DADA5F5626406FB37D
0EEFB61626828281890FF7B11726509A1FFF9416B3FA5FAC87222D00048921DADA5F5626406FB37E
0EEF7116266A82817A0FF76F17266F9A2FFF9426B3FA5FAC87222D00048921DADA5F5626406FB37F
0EEF761626718281A70FF74B1726AE9A3FFF9426B3FA5FAC55422D00048921DADA5F5626406FB380
0EEF7216266E8281900FF7731726E89A4FFF9426B3FA5FAC0E822D00048821DADA5F5626406FB381
0EEF451626548281900FF7EB1727329A4FFF9426B3FA5FAC00022D00048821DADA5F5626406FB382
0EEF1616263D8281900FF8B717277C9A5FFF9436B3FA5FAC00022D00048921DADA5F5626406FB383
0EEEF816262D8281980FF9BE1727C09A5FFF9436B3FA5FAC00022E00048921DADA5F5626406FB384
0EEEEA1626298281900FFAF71728059A6FFF9436B3FA5FAC00523100048821DADA5F5626406FB385
0EEECF16261E82819F0FFC511728549A7FFF9436B3FA5FAC00523400048821DADA5F5626406FB386
0EEEC41626178281980FFDBE1728939A7FFF9436B3FA5FAC00323400048821DADA5F5626406FB387
0EEEBE16260A8281980FFF611728D89A8FFF9446B3FA5FAC00223300048921DADA5F5626406FB388
0EEEAA16260682819F10019C1729279A8FFF9446B3FA5FAC00123100048821DADA5F5626406FB389
0EEE981625F782819C1004F017298B9A9FFF9456B3FA5FAC00223100048821DADA5F5626406FB38A
0EEE731625D482819810097F172A1E9AAFFF9456B3FA5FAC00323100048821DADA5F5626406FB38B
0EEE431625BA82819F100F35172AC79ABFFF9456B3FA5FAC0C723200048921DADA5F5626406FB38C
0EEE181625AA82819F1015CE172B569ABFFF9456B3FA5FAC5D323200048821DADA5F5626406FB38D
0EEE0216259F8281A7101CE1172BBA9ACFFF9456B3FA5FAC84323300048921DADA5F5626406FB38E
0EEDFF16259F82819F10245F172C009ACFFF9466B3FA5FAC87F23300048821DADA5F5626406FB38F
0EEDFF1625A182819F102C38172C439ADFFF9466B3FA5FAC84923300048921DADA5F5626406FB390
0EEE0E1625A88281A7103432172C639ADFFF9466B3FA3FAE82E23200048821DADA5F5626406FB391
0EEE0D1625AF82819F103C06172C539AEFFF9466B3FA3FAF82B23100048821DADA5F5626406FB392
0EEE021625B78281A710432D172C389AFFFF9476B3FA3FAF82E23000048921DADA5F5626406FB393
0EEE171625BA8281A71049DA172C239AFFFF9476B3FA3FAF82F22F00048921DADA5F5626406FB394
0EEE121625B78281A7105060172C0F9B0FFF9476B3FA3FAF82F22E00048921DADA5F5626406FB395
0EEDF11625AB82819F1056CD172BEF9B1FFF9476B3FA3FAF82F22E00048821DADA5F5626406FB396
0EEDE41625A78281A7105D0C172BA59B1FFF9476B3FA3FAF82F22E00048821DADA5F5626406FB397
0EEDEE16259B8281A7106329172B509B1FFF9476B3FA3FAF54D22F00048921DADA5F5626406FB398
0EEDD816259A8281A3106901172AEC9B2FFF9476B3FA3FAF0F222F00048821DADA5F5626406FB399
0EEDD316259F8281A7106E70172A8D9B3FFF9476B3FA3FAF00022F00048921DADA5F5626406FB39A
0EEDDA1625A18281A7107368172A6E9B3FFF9476B3FA3FAF00022E00048821DADA5F5626406FB39B
0EEDDD1625BB82819F1077C0172A4E9B4FFF9476B3FA3FAF00022D00048821DADA5F5626406FB39C
0EEDF71626228281A7107B53172A179B4FFF9476B3FA3FAF00522C00048821DADA5F5626406FB39D
0EEEA21626D88281A7107E271729F49B5FFF9476B3FA3FAF00422C00048821DADA5F5626406FB39E
0EF07C1627AE8281A71080871729CF9B5FFF9476B3FA3FAF00322C00048821DADA5F5626406FB39F
0EF20216284F82819F10827E1729A59B6FFF9466B3FA3FAF00222D00048821DADA5F5626406FB3A0
0EF29D16289E8281A710842B17297B9B6FFF9466B3FA3FAF00122D00048821DADA5F5626406FB3A1
0EF2FA1628E382819F1085C21729419B7FFF9466B3FA3FAF00222D00048821DADA5F5626406FB3A2
0EF3821629548281A71086E01729079B7FFF9456B3FA3FAF00222D00048821DADA5F5626406FB3A3
0EF4321629B582819F1087B31729079B7FFF9456B3FA3FAF05C22D00048821DADA5F5626406FB3A4
0EF47E1629C38281A71088641728F79B7FFF9456B3FA3FAF55722E00048821DADA5F5626406FB3A5
0EF49B1629C482819F1089A81729029B8FFF9456B3FA3FAF82B22E00048821DADA5F5626406FB3A6
0EF4D01629AF828189108B4F17290C9B8FFF9456B3FA3FAF88C22E00048821DADA5F5626406FB3A7
0EF4AF16297D8281B2108D021728ED9B8FFF9446B3FA3FAF85622E00048921DADA5F5626406FB3A8
0EF47116295282819F108EAB1728DD9B8FFF9446B3FA4FAE83722E00048921DADA5F5626406FB3A9
0EF46516293C82819F10900F1728BD9B8FFF9446B3FA6FAD83322F00048821DADA5F5626406FB3AA
0EF3F61628F082819F10910C1728989B8FFF9436B3FA6FAC83622F00048821DADA5F5626406FB3AB
0EF38F1628B88281981092141728739B8FFF9436B3FA6FAC83722E00048921DADA5F5626406FB3AC
0EF36D16288D82819F10932E1728649B8FFF9436B3FA6FAC83722E00048821DADA5F5626406FB3AD
0EF32616283582819810940A1728649B8FFF9426B3FA6FAC83722D00048821DADA5F5626406FB3AE
0EF26A1627DC8281981094D017286E9B7FFF9426B3FA6FAC83722D00048821DADA5F5626406FB3AF
0EF1B916279D8281981095AB1728839B7FFF9426B3FA6FAC4F922E00048921DADA5F5626406FB3B0
0EF18F1627A482819810967B1728A39B7FFF9416B3FA6FAC0C923000048921DADA5F5626406FB3B1
0EF1B51627C48281901097251728B39B7FFF9416B3FA6FAC00023000048821DADA5F5626406FB3B2
0EF1D616280182819810978E1728B39B7FFF9416B3FA6FAC00022F00048821DADA5F5626406FB3B3
0EF22916285882819010980F1728BD9B6FFF9406B3FA6FAC00022D00048921DADA5F5627416FB3B4
0EF2C71628F68281901098691728DD9B6FFF9406B3FA6FAC00522D00048921DADA5F5627406FB3B5
0EF482162A218281821098B11728F79B5FFF9406B3FA6FAC00422F00048921DADA5F5627406FB3B6
0EF606162B0282819C1099081729309B5FFF93F6B3FA6FAC00323300048821DADA5F5627406FB3B7
0EF715162B718281901099811729809B5FFF93F6B3FA6FAC00223400048921DADA5F5627406FB3B8
0EF84B162BEC8281891099F61729B59B4FFF93F6B3FA6FAC00123200048921DADA5F5627406FB3B9
0EF91E162C62828189109A581729D59B4FFF93E6B3FA6FAC00123000048921DADA5F5627406FB3BA
0EF9D3162CA3828189109A861729E49B3FFF93E6B3FA6FAC00322F00048921DADA5F5627406FB3BB
0EFA43162CD3828189109AAC1729FF9B3FFF93E6B3FA6FAC0A922E00048921DADA5F5627406FB3BC
0EFAB6162D03828189109AB7172A049B2FFF93D6B3FA6FAC5C122E00048921DADA5F5627406FB3BD
0EFAFE162D0D828182109AB3172A049B2FFF93D6B3FA6FAC84F22E00048921DADA5F5627406FB3BE
0EFAA2162C8B828182109AA81729FF9B1FFF93D6B3FA6FAC89522E00048921DADA5F5627406FB3BF
0EF97A162BFE828182109A86172A0F9B1FFF93D6B3FA6FAC85E22E00048A21DADA5F5627406FB3C0
0EF910162BEF828182109A51172A249B1FFF93D6B3FA6FAB84322D00048921DADA5F5627406FB3C1
0EF9B0162CA2828182109A3E172A249B1FFF93D6B3FA5FA484022D00048921DADA5F5627406FB3C2
0EFB31162D3182817A109A58172A129B0FFF93C6B3FA5FA184222E00048921DADA5F5627406FB3C3
0EFB86162D5E82817A109A6F1729FA9B0FFF93C6B3FA5FA184322D00048921DADA5F5627406FB3C4
0EFBFA162DA682817A109A681729D59B0FFF93C6B3FA5FA184322D00048921DADA5F5627406FB3C5
0EFBF3162D8E828177109A491729AA9AFFFF93C6B3FA5FA184322C00048921DADA5F5627406FB3C6
0EFBE2162D6982817A109A0D17297B9AFFFF93C6B3FA5FA184322D00048A21DADA5F5627406FB3C7
0EFBFD162D678281731099CC17294C9AFFFF93C6B3FA5FA156522D00048A21DADA5F5627406FB3C8
0EFBF3162D7682817A1099A31729319AFFFF93C6B3FA5FA10F922D00048921DADA5F5627406FB3C9
0EFC04162D8182817310997D1729179AFFFF93C6B3FA5FA100022D00048A21DADA5F5627406FB3CA
0EFC04162D808281731099501728D29AFFFF93D6B3FA5FA100022D00048921DADA5F5627406FB3CB
0EFBE2162D7882816B10990F1728899AFFFF93D6B3FA5FA100022C00048A21DAD95F5627416FB3CC
0EFBA8162D7182816B1098C81728349AFFFF93D6B3FA5FA100522B00048A21DAD95F5627406FB3CD
0EFBCD162D938281731098781727FA9AEFFF93D6B3FA5FA100422B00048A21DAD95F5627406FB3CE
0EFC1C162DCD82816B10981A1727D09AEFFF93D6B3FA5FA100322B00048A21DAD95F5627406FB3CF
0EFC4F162DE78281641097C71727A69AEFFF93D6B3FA5FA100222C00048A21DAD95F5627406FB3D0
0EFC52162DC782816B1097831727869AEFFF93D6B3FA5FA100122C00048A21DAD95F5627406FB3D1
0EFC15162D9582816B10973417275C9AEFFF93D6B3FA5FA100122B00048921DAD95F5627406FB3D2
0EFBE2162D8A8281641096E81727579AEFFF93D6B3FA5FA100222B00048A21DAD95F5627406FB3D3
0EFBFA162D908281641096911727529ADFFF93D6B3FA5FA10FB22B00048A21DAD95F5627406FB3D4
0EFC30162D8582816410963B17274C9ADFFF93D6B3FA5FA164722B00048A21DAD95F5627406FB3D5
0EFBFA162D598281641095E817273D9ADFFF93D6B3FA5FA18B522C00048A21DAD95F5627406FB3D6
0EFBDB162D778281611095981727279ADFFF93D6B3FA5FA18E922C00048A21DAD95F5627406FB3D7
0EFC37162DA18281641095641727189ADFFF93D6B3FA5FA18B022B00048A21DAD95F5627406FB3D8
0EFC29162D7582815C10953D1727129ADFFF93D6B3FA5FA289522B00048A21DAD95F5627406FB3D9
0EFBCA162D1D8281641095231727039ACFFF93D6B3FA7FA889322B00048A21DAD95F5627406FB3DA
0EFBDB162D0C82815C1095091726F89ACFFF93D6B3FA8FAC89622A00048A21DAD95F5627406FB3DB
0EFC3F162D2F82815C1094EB1726EE9ABFFF93D6B3FA8FAD89722A00048B21DAD95F5627406FB3DC
0EFC93162D4A82815C1094C91726E39ABFFF93C6B3FA8FAC89722A00048A21DAD95F5627406FB3DD
0EFCC6162D5D82815C1094AF1726DE9AAFFF93C6B3FA8FAC89722A00048A21DAD95F5627406FB3DE
0EFC82162D4A82815C1094891726DD9AAFFF93C6B3FA8FAC89722B00048A21DAD95F5627406FB3DF
0EFBC3162D0382815C10946D1726DE9A9FFF93C6B3FA8FAC62A22B00048A21DAD95F5627406FB3E0
0EFAED162CC382815C1094581726DE9A9FFF93C6B3FA8FAC14D22B00048B21DAD95F5627406FB3E1
0EFA62162C818281551094411726E39A8FFF93C6B3FA8FAC00022B00048A21DAD95F5627406FB3E2
0EF9F4162C4882815C10943A1726DE9A8FFF93B6B3FA8FAC00022B00048A21DAD95F5627406FB3E3
0EF9B4162C1A8281551094231726D89A7FFF93B6B3FA8FAC00022B00048A21DAD95F5626416FB3E4
0EF9B7162BF482815C1094181726DE9A6FFF93B6B3FA8FAC00522B00048A21DAD95F5626406FB3E5
0EFA4A162BD98281551094091726D89A6FFF93B6B3FA8FAC00522B00048A21DAD95F5626406FB3E6
0EFA1A162B8E82815C1093F31726CE9A5FFF93B6B3FA8FAC00322B00048A21DAD95F5626406FB3E7
0EF93D162B2C8281551093CC1726B49A5FFF93B6B3FA8FAC00222A00048B21DAD95F5626406FB3E8
0EF819162AE98281611093271726999A4FFF93A6B3FA8FAC00122A00048B21DAD95F5626406FB3E9
0EF75D162ABD8281551091B217266A9A3FFF93A6B3FA8FAC00222A00048A21DAD95F5626406FB3EA
0EF6D2162A5882815C108F2C17262B9A3FFF93A6B3FA8FAC00222A00048A21DAD95F5626406FB3EB
0EF6481629F2828155108AB81725E19A2FFF93A6B3FA8FAC0ED22A00048B21DAD95F5626406FB3EC
0EF64D1629A08281551084BE1725929A1FFF9396B3FA8FAC60522A00048B21DAD95F5626406FB3ED
0EF64116298082815C107F9E17252E9A1FFF9396B3FA8FAC85E22B00048B21DAD95F5626406FB3EE
0EF5DD16295C82815C107BE91724DC9A0FFF9396B3FA8FAC89122C00048B21DAD95F5626406FB3EF
0EF4CA16292D82815510747917249099FFFF9396B3FA8FAC85B22D00048B21DAD95F5626406FB3F0
0EF3A116293282815C10650E17244699FFFF9396B3FA8FAC84122D00048B21DAD95F5626406FB3F1
0EF33E16294382815510542E17241299EFFF9396B3FA9FAD83F22C00048B21DAD95F5626406FB3F2
0EF31516294482815C1048EF1723DD99DFFF9386B3FAAFAD84222C00048B21DAD95F5626406FB3F3
0EF36316298E82815C10419F1723AE99DFFF9386B3FAAFAD84322B00048B21DAD95F5626406FB3F4
0EF4DF162A0282815C1039E017238A99DFFF9386B3FAAFAD84322B00048B21DAD95F5626406FB3F5
0EF596162A4282815C10327117236499BFFF9376B3FAAFAD84322B00048B21DAD95F5626406FB3F6
0EF5D1162A64828155102C7817233F99CFFF9376B3FAAFAD84322B00048B21DAD95F5626406FB3F7
0EF647162A9682815C10277717232599BFFF9376B3FAAFAD54C22B00048B21DAD95F5626406FB3F8
0EF6C0162AC982815C10232717230099AFFF9376B3FAAFAD0ED22D00048C21DAD95F5626406FB3F9
0EF731162AF0828155101F831722D699AFFF9366B3FAAFAD00022F00048B21DAD95F5626406FB3FA
0EF775162AF6828168101C4A1722B6999FFF9366B3FAAFAD00022F00048B21DAD95F5626406FB3FB
0EF831162B1D82815C101921172297999FFF9366B3FAAFAD00022E00048B21DAD95F5627416FB3FC
0EFA35162C1682815C10164C172268998FFF9356B3FAAFAD00522D00048B21DAD95F5627406FB3FD
0EFB7F162D5D828164101418172252998FFF9356B3FAAFAD00422D00048B21DAD95F5627406FB3FE
0EFC59162DD182815C10126D172233997FFF9356B3FAAFAD00322D00048B21DAD95F5627406FB3FF
0EFC30162D82828164101146172219997FFF9356B3FAAFAD00222D00048B21DAD95F5627406FB300
0EFB71162D018281641010561721FE997FFF9356B3FAAFAD00122D00048C21DAD95F5627406FB301
0EFADF162C7782815C100F681721EE996FFF9346B3FAAFAD00122D00048B21DAD95F5627406FB302
0EF9FE162BBE828164100E631721E4996FFF9346B3FAAFAD00322C00048B21DAD95F5627406FB303
0EF860162AE6828164100D891721DF996FFF9336B3FAAFAD07E22B00048B21DAD95F5627406FB304
0EF786162A88828164100CEF1721DF995FFF9336B3FAAFAD55D22B00048C21DAD95F5627406FB305
0EF767162A92828164100C9F1721EE995FFF9336B3FAAFAD7F322C00048B21DAD95F5627406FB306
0EF77F162A9D828164100C7C172204995FFF9336B3FAAFAD84322C00048B21DAD95F5627406FB307
0EF701162A80828164100C82172213995FFF9336B3FAAFAD80E22B00048B21DAD95F5627406FB308
0EF662162A3D82816B100CB117222E995FFF9336B3FAAFAD7F122B00048C21DAD95F5627406FB309
0EF5A11629FA828164100CFE17224D995FFF9326B3FA9FAD7EE22B00048B21DAD95F5627406FB30A
0EF5FF162A37828155100D7717226D995FFF9326B3FA8FAC7F122B00048B21DAD95F5627406FB30B
0EF6BE162A87828177100E34172297995FFF9326B3FA7FAC7F122C00048C21DAD95F5627406FB30C
0EF69E162A7882816B100F231722C1995FFF9326B3FA7FAC7F122D00048C21DAD95F5627406FB30D
0EF5C2162A2182816B1010481722EB995FFF9326B3FA7FAC7F122D00048B21DAD95F5627406FB30E
0EF5631629CB82816B10118B172320995FFF9326B3FA7FAC7F222D00048C21DAD95F5627406FB30F
0EF57816298582816B1012C217234F995FFF9326B3FA7FACA5B22D00048B21DAD95F5627406FB310
0EF56A16295A8281641013DD172384995FFF9326B3FA7FACED022C00048C21DAD95F5627406FB311
0EF52916292582816B1014E41723BE995FFF9326B3FA7FACFFF22D00048B21DAD95F5627406FB312
0EF48F1628E082816B1015D91723F2995FFF9326B3FA7FACFFF22C00048C21DAD95F5627406FB313
0EF4281628A98281731016EE172433995FFF9326B3FA7FACFFB22C00048C21DAD95F5627406FB314
0EF3A416286782816B10182117247B995FFF9326B3FA7FACFED22C00048C21DAD95F5627406FB315
0EF2D416280C82816B10196E1724CF995FFF9326B3FA7FACFED22D00048B21DAD95F5627406FB316
0EF2631627A882816B101AE117251E996FFF9336B3FA7FACFEF22D00048C21DAD95F5627406FB317
0EF21016275E828173101C6B172582996FFF9336B3FA7FACFF022D00048C21DAD95F5627406FB318
0EF1EC16274782816B101E101725EB996FFF9336B3FA7FACFF022D00048C21DAD95F5627406FB319
0EF1F516273D828173101FD017264A997FFF9336B3FA7FACFF022C00048C21DAD95F5627406FB31A
0EF1D716275382816B102193172694997FFF9336B3FA7FACFEF22C00048C21DAD95F5627406FB31B
0EF1DB16278982817310234C1726B9997FFF9336B3FA7FACF1122B00048C21DAD95F5627406FB31C
0EF1F51627B782816F1024FF1726C9997FFF9336B3FA7FACA0F22B00048C21DAD95F5627406FB31D
0EF2071627CB8281731026D11726C3997FFF9336B3FA7FAC7BA22B00048D21DAD95F5627406FB31E
0EF1EB1627DB82816B10291F1726A4998FFF9336B3FA7FAC78622C00048C21DAD95F5627406FB31F
0EF1E51627D5828173102C651726A4999FFF9336B3FA7FAC7BC22C00048D21DAD95F5627406FB320
0EF1BC1627BD8281731030BB17268D998FFF9336B2FA7FAC7D522C00048C21DAD95F5627406FB321
0EF1D616278E8281731035DB172674999FFF9336B2FA7FAC7D722C00048C21DAD95F5627406FB322
0EF16716274C828173103B7B172655999FFF9336B2FA6FAC7D522B00048C21DAD95F5627406FB323
0EF0F316271382817310413F17262B99AFFF9336B3FA5FAC7D422B00048C21DAD95F5627406FB324
0EF0861626DE8281731046E217260199AFFF9336B3FA5FAC7D322B00048C21DAD95F5627406FB325
0EF02A1626AE828173104C3C1725E699AFFF9336B3FA5FAC7D322C00048C21DAD95F5627406FB326
0EEFE816267D8281731051791725D199AFFF9336B3FA5FAC7D422C00048C21DAD95F5627406FB327
0EEFAC1626598281731056901725C199CFFF9336B3FA5FAC55122C00048C21DAD95F5627406FB328
0EEF83162646828173105B841725BC99BFFF9336B3FA5FAC10722C00048C21DAD95F5627406FB329
0EEF4C16263F8281731060571725B299CFFF9336B2FA5FAC00022B00048C21DAD95F5627406FB32A
0EEF0F16263A8281731064E517259799CFFF9336B3FA5FAC00022B00048C21DAD95F5627406FB32B
0EEEEA16263B82817310691417257099CFFF9336B3FA5FAC00022B00048D21DAD95F5627406FB32C
0EEF0F16264C828177106CD117253899DFFF9336B3FA5FAC00522C00048B21DAD95F5627406FB32D
0EEF3F1626598281731070321724EA99DFFF9336B3FA5FAC00422D00048D21DAD95F5627406FB32E
0EEF5016265F82817A10731E1724AA99DFFF9336B3FA5FAC00322E00048C21DAD95F5627406FB32F
0EEF5A16265982817310759317247699DFFF9336B3FA5FAC00222E00048C21DAD95F5627406FB330
0EEF611626568281731077A017244C99EFFF9336B3FA5FAC00222E00048C21DAD95F5627406FB331
0EEF6F16265682817310796117243199DFFF9336B3FA5FAC00122E00048C21DAD95F5627406FB332
0EEF7616265982817A107AD417240399DFFF9336B3FA5FAC00322F00048C21DAD95F5627406FB333
0EEF8C16265F828173107C071723E299EFFF9336B3FA5FAC0B923100048C21DAD95F5627406FB334
0EEFC4162661828173107CFB1723C399FFFF9336B3FA5FAC5A523300048C21DAD95F5627406FB335
0EEFC416266182817A107DB61723B899FFFF9336B3FA5FAC80B23200048C21DAD95F5627406FB336
0EEFAB16266F828173107E411723B399FFFF9336B3FA5FAC84723100048C21DAD95F5627406FB337
0EEFA916267482817A107EA21723B899FFFF9336B3FA5FAC81323000048C21DAD95F5627406FB338
0EEFB616267C828173107EED1723B999FFFF9336B3FA5FAC7F822F00048B21DAD95F5627406FB339
0EEFE816268682817A107F221723B899FFFF9346B3FA5FAC7F522E00048D21DAD95F5627406FB33A
0EF001162686828173107F391723BE99FFFF9346B3FA5FAD7F822D00048C21DAD95F5627406FB33B
0EEFF716268B82817A107F531723B399FFFF9346B3FA5FAE7F922D00048C21DAD95F5627406FB33C
0EF02516269D828173107F621723A399FFFF9346B3FA5FAE7F922D00048C21DAD95F5627406FB33D
0EF04C1626A9828177107F6D17237999FFFF9346B3FA5FAE7F922F00048C21DAD95F5627406FB33E
0EF0671626B7828173107F7817234F99FFFF9356B3FA5FAE7F923000048C21DAD95F5627406FB33F
0EF06F1626C282817A107F8717231599FFFF9356B3FA5FAE56E23000048B21DAD95F5627406FB340
0EF0611626C5828173107F961722E199FFFF9356B3FA5FAE10D23000048C21DAD95F5627406FB341
0EF0421626CC82817A107FA21722B199EFFF9356B3FA5FAE00023000048C21DAD95F5627406FB342
0EF0391626CC828173107FB117228C99EFFF9366B3FA5FAE00023000048C21DAD95F5627406FB343
0EF03B1626CE82817A107FC317226899EFFF9366B3FA5FAE00023000048B21DAD95F5627406FB344
0EF0421626D3828173107FDE17223899EFFF9366B3FA5FAE00522F00048C21DAD95F5627406FB345
0EF0321626C982817A107FFC17221999DFFF9376B3FA5FAE00422F00048C21DAD95F5627406FB346
0EF0161626C98281731080161721F399DFFF9376B3FA5FAE00322E00048C21DAD95F5627406FB347
0EF0161626C782817A1080381721D499DFFF9376B3FA5FAE00222D00048C21DAD95F5627406FB348
0EF0211626CC82817310805A1721BF99DFFF9386B3FA5FAE00222D00048C21DAD95F5627406FB349
0EF0121626CF82817A10807F1721B099DFFF9386B3FA5FAE00222C00048B21DAD95F5627406FB34A
0EEFF41626EA8281731080A517219499CFFF9396B3FA5FAE00222B00048C21DAD95F5627406FB34B
0EEFDE16270C82817A1080CA17218099BFFF9396B3FA5FAE0B522B00048B21DAD95F5627406FB34C
0EEFCB16272D8281731080FB17217699CFFF9396B3FA5FAE5D722B00048B21DAD95F5627406FB34D
0EEFCB16273C82817710812417217B99BFFF9396B3FA5FAE85F22B00048B21DAD95F5627406FB34E
0EEFCD16273882817A10815D17217F99AFFF93A6B3FA5FAE8A322B00048B21DAD95F5627406FB34F
0EF01C16272C82817310818217217699AFFF93A6B3FA5FAE86B22B00048B21DAD95F5627406FB350
0EF05016272982817A1081B717217B99AFFF93A6B3FA5FAE85022B00048B21DAD95F5627406FB351
0EF0321627398281731081EC17217B99AFFF93B6B3FA5FAE84D22B00048B21DAD95F5627406FB352
0EF02016276782817A108219172174999FFF93B6B3FA5FAE85022B00048B21DAD95F5627406FB353
0EF05A1627A382817310824A172176999FFF93B6B3FA5FAC85122B00048B21DAD95F5627406FB354
0EF14B1627D182817A10828017216B999FFF93B6B3FA5FAC85122B00048B21DAD95F5627406FB355
0EF3741627E182817A1082B717215F998FFF93C6B3FA5FAC85122B00048B21DAD95F5627406FB356
0EF53E1627E882817A1082EF172151998FFF93C6B3FA5FAC85122B00048B21DAD95F5627406FB357
0EF5561627DB828173108324172151998FFF93C6B3FA5FAC55E22B00048B21DAD95F5627406FB358
0EF4A51627E382817A108367172146998FFF93D6B3FA5FAC0F322B00048B21DAD95F5627406FB359
0EF48F1627E982817A1083A0172145998FFF93D6B3FA5FAC00022C00048B21DAD95F5627406FB35A
0EF4021627D482817A1083E0172141997FFF93D6B3FA5FAC00022D00048B21DAD95F5627406FB35B
0EF3331627B482817A10841B17213C997FFF93D6B3FA5FAC00022C00048B21DAD95F5627406FB35C
0EF2911627AA82817A10846017213F997FFF93D6B3FA5FAC00522C00048B21DAD95F5627406FB35D
0EF2411627A282815C1084A017213C997FFF93E6B3FA5FAC00522C00048B21DAD95F5627406FB35E
0EF1DD16277C8281941084DC172141997FFF93E6B3FA5FAC00322C00048B21DAD95F5627406FB35F
0EF19016275B82817A108527172141997FFF93E6B3FA5FAC00222D00048B21DAD95F5627406FB360
0EF15D162748828182108568172135997FFF93E6B3FA5FAC00122D00048B21DAD95F5627406FB361
0EF13E16274482817A1085A717212C997FFF93E6B3FA5FAC00122D00048B21DAD95F5627406FB362
0EF15916274A82817A1085E317211C997FFF93E6B3FA5FAC00322D00048B21DAD95F5627406FB363
0EF16A16274A82817A10862317211A997FFF93E6B3FA5FAC0B722D00048A21DAD95F5627406FB364
0EF17B16274282818210865B17210D997FFF93E6B3FA5FAC5FF22D00048A21DAD95F5627406FB365
0EF18216272B82817A10869817210D997FFF93F6B3FA5FAC8A122D00048B21DAD95F5627406FB366
0EF16D1627218281821086CD172102997FFF93F6B3FA5FAC8E622E00048A21DAD95F5627406FB367
0EF15316272382817A1087011720FB997FFF93F6B3FA5FAC8AD22E00048B21DAD95F5627406FB368
0EF1341627218281821087351720F8998FFF93F6B3FA5FAC89122E00048A21DAD95F5627406FB369
0EF12616272382817A1087671720ED998FFF93F6B3FA5FAC88E22E00048B21DAD95F5627406FB36A
0EF11F1627258281821087941720E0998FFF93F6B3FA5FAD89122F00048B21DAD95F5627406FB36B
0EF13E1627258281821087BF1720E2999FFF93F6B3FA6FAD89222F00048B21DAD95F5627406FB36C
0EF1641627198281821087E01720DD999FFF93F6B3FA6FAD89223000048B21DAD95F5627406FB36D
0EF15C16271982816B10880D1720DD99AFFF93F6B3FA6FAD89223100048B21DAD95F5627406FB36E
0EF11F1627148281941088301720D1999FFF93F6B3FA6FAD89223100048A21DAD95F5627406FB36F
0EF0F316270D8281821088551720D399AFFF93F6B3FA6FAD5B523100048B21DAD95F5627406FB370
0EF0E216270B8281821088731720CD99AFFF93F6B3FA6FAD11123000048B21DAD95F5627406FB371
0EF10E1627178281821088911720D199AFFF93F6B3FA6FAD00023000048B21DAD95F5627406FB372
0EF13416271B8281821088B31720CD99CFFF93F6B3FA6FAD00022F00048B21DAD95F5627406FB373
0EF13E1627218281821088CD1720C899BFFF93F6B3FA6FAD00022F00048B21DAD95F5627406FB374
0EF12616271E8281891088E71720CB99CFFF93F6B3FA6FAD00522F00048B21DAD95F5627406FB375
0EF0E21627098281821088FA1720C399DFFF93F6B3FA6FAD00522E00048B21DAD95F5627406FB376
0EF0AC1626FA82818210890D1720BE99DFFF93F6B3FA6FAD00322E00048B21DAD95F5627406FB377
0EF0971626E58281821089151720B399DFFF93F6B3FA6FAD00222E00048B21DAD95F5627406FB378
0EF0691626D482818910890D1720AC99EFFF93F6B3FA6FAD00122E00048B21DAD95F5627406FB379
0EEFF71626CC8281821088FE1720A399EFFF93E6B3FA6FAD00122E00048B21DAD95F5627406FB37A
0EEFA51626CA8281821088DC17209999FFFF93E6B3FA6FAD00323000048B21DAD95F5627406FB37B
0EEFC91626D28281891088B317209199FFFF93E6B3FA6FAD0E723000048B21DAD95F5627406FB37C
0EEFD51626C68281821088731720849A0FFF93E6B3FA6FAD5F123000048C21DAD95F5627406FB37D
0EEF8D1626A682818610882417206A9A1FFF93E6B3FA6FAD84722F00048C21DAD95F5627406FB37E
0EEF3F1626878281821087AB1720579A1FFF93E6B3FA6FAD87A22F00048B21DAD95F5627406FB37F
0EEEF816266582818910871A1720409A2FFF93E6B3FA6FAD84422E00048B21DAD95F5627406FB380
0EEEB316263282818210867217202B9A2FFF93E6B3FA6FAD82B22E00048C21DAD95F5627406FB381
0EEE761625FB8281891085AF17201D9A3FFF93D6B3FA6FAD82922F00048C21DAD95F5627406FB382
0EEE4E1625CF8281821084D41720009A4FFF93D6B3FA6FAD82B22F00048C21DAD95F5627406FB383
0EEE3C1625C18281821083EA171FE69A4FFF93D6B3FA5FAC82D22F00048C21DAD95F5627406FB384
0EEE541625CA828189108302171FCE9A5FFF93D6B3FA4FAB82D22E00048C21DAD95F5627406FB385
0EEE761625DA828182108220171FB29A5FFF93D6B3FA4FAB82C22E00048C21DAD95F5627406FB386
0EEEA01625E4828182108155171F8D9A6FFF93D6B3FA3FAB82D22E00048C21DAD95F5627406FB387
0EEEE31625F382818910809D171F6F9A7FFF93D6B3FA4FAB55D22E00048C21DAD95F5627406FB388
0EEF1A162611828182107FF4171F539A7FFF93C6B3FA4FAB0F922E00048C21DAD95F5627406FB389
0EEF31162621828182107F69171F349A8FFF93C6B3FA4FAB00022F00048C21DAD95F5627406FB38A
0EEF42162624828182107EF5171F109A9FFF93C6B3FA3FAB00022F00048C21DAD95F5627406FB38B
0EEF5A16262B828182107E97171EFF9A9FFF93C6B3FA3FAB00022F00048C21DAD95F5627406FB38C
0EEF46162631828182107E50171EE19A9FFF93C6B3FA4FAB00522F00048D21DAD95F5627406FB38D
0EEF4916263E828186107E18171EC59AAFFF93C6B3FA4FAB00522E00048D21DAD95F5627406FB38E
0EEF49162659828182107DEB171EA69ABFFF93B6B3FA3FAB00322E00048D21DAD95F5627406FB38F
0EEF6B16268A828182107DB1171E979ABFFF93B6B3FA4FAB00122E00048C21DAD95F5627406FB390
0EEFBF1626A382817A107D89171E919ABFFF93B6B3FA4FAB00222E00048D21DAD95F5627406FB391
0EF0451626B2828182107D4D171E8B9ACFFF93B6B3FA4FAB00222E00048C21DAD95F5627406FB392
0EF0C01626D8828182107D20171E779ADFFF93A6B3FA3FAB00322D00048D21DAD95F5627406FB393
0EF1191626F682817A107CEC171E719ADFFF93A6B3FA3FAB06922D00048D21DAD95F5627406FB394
0EF0EC16270782817A107CB0171E679ADFFF93A6B3FA4FAB55722D00048D21DAD95F5627406FB395
0EF104162726828182107C86171E619ADFFF9396B3FA4FAB81122D00048D21DAD95F5627406FB396
0EF13716272C82817A107C61171E5C9ADFFF9396B3FA4FAB86B22D00048D21DAD95F5627406FB397
0EF1011626FD82817A107C38171E589AEFFF9396B3FA3FAB83622D00048C21DAD95F5627406FB398
0EF0C11626DB82817A107C56171E579AEFFF9396B3FA4FAB81922E00048D21DAD95F5627406FB399
0EF0AF1626EB828173107C68171E529AFFFF9386B3FA4FAB81522F00048D21DAD95F5627406FB39A
0EF0C71626F382817A107C86171E619AEFFF9386B3FA4FAB81722E00048D21DAD95F5627406FB39B
0EF0951626E482817A107CC2171E5C9AEFFF9376B3FA4FAC81822D00048D21DAD95F5627406FB39C
0EF0721626E682816B107CFB171E5D9AEFFF9376B3FA3FAD81922E00048D21DAD95F5627406FB39D
0EF0B616270A82817E107D4D171E679AFFFF9376B3FA3FAD81822E00048D21DAD95F5627406FB39E
0EF0CE16272082817A107DB1171E5D9AEFFF9376B3FA3FAD81922E00048C21DAD95F5627406FB39F
0EF097162712828173107E01171E679AFFFF9366B3FA3FAD52422E00048B21DAD95F5627406FB3A0
0EF0211626E3828173107E4C171E679AFFFF9366B3FA3FAD0E322E00048B21DAD95F5627406FB3A1
0EF0051626B7828173107E93171E719AFFFF9366B3FA3FAD00022D00048921DAD95F5627406FB3A2
0EF0341626C282816B107EDB171E6C9AEFFF9356B3FA3FAD00022D00048821DAD95F5627406FB3A3
0EF080162743828173107F22171E779AEFFF9356B3FA3FAD00022D00048921DAD95F5627406FB3A4
0EF1671627E182816B107F5E171E869AEFFF9356B3FA3FAD00522D00048A21DAD95F5627406FB3A5
0EF21C16283082816B107F9E171EA09AEFFF9346B3FA3FAD00522D00048A21DAD95F5627406FB3A6
0EF272162871828173107FCF171EB19AEFFF9346B3FA3FAD00322E00048C21DAD95F5627406FB3A7
0EF2B21628BA82816B107FF4171EBB9AEFFF9336B3FA3FAD00222F00048C21DAD95F5627406FB3A8
0EF2B31628DA828164108021171EC19AEFFF9336B3FA3FAD00122F00048D21DAD95F5627406FB3A9
0EF2D01628F482816B108038171ED09ADFFF9326B3FA3FAD00122E00048D21DAD95F5627406FB3AA
0EF31816291382816B108038171EE09ADFFF9326B3FA3FAD00322D00048E21DAD95F5627406FB3AB
0EF37E162938828164108030171EE19ADFFF9326B3FA3FAD0A522D00048E21DAD95F5627406FB3AC
0EF40C16297682816B10800F171EE59ADFFF9316B3FA3FAD58722D00048E21DAD95F5627406FB3AD
0EF4B51629C9828164107FE5171ED19ACFFF9316B3FA3FAD7F722D00048E21DAD95F5627406FB3AE
0EF545162A1E828161107F9A171ECB9ACFFF9306B3FA3FAD83B22E00048E21DAD95F5627406FB3AF
0EF590162A47828164107F53171EC09ACFFF9306B3FA3FAD80622D00048E21DAD95F5627406FB3B0
0EF5E1162A68828164107F0F171EC19ACFFF92F6B3FA3FAD7EB22C00048E21DAD95F5627406FB3B1
0EF61F162ABC828164107EDB171EC09ACFFF92F6B3FA3FAD7E822C00048E21DAD95F5627406FB3B2
0EF68B162B3C828164107E9B171ED09ACFFF92E6B3FA3FAD7EB22C00048F21DAD95F5627406FB3B3
0EF72E162B9A82815C107E4C171ED69ABFFF92E6B3FA5FAD7EC22C00048F21DAD95F5627406FB3B4
0EF786162BCD828164107E05171EEA9ABFFF92E6B3FA7FAD7EC22C00048F21DAD95F5627406FB3B5
0EF826162BFD82815C107DBA171EFB9ABFFF92D6B3FA7FAD7EC22B00048F21DAD95F5627406FB3B6
0EF863162C1082815C107D6F171EFA9ABFFF92D6B3FA7FAD7EC22C00048E21DAD95F5627406FB3B7
0EF85E162BF282815C107D2A171F049ABFFF92D6B3FA7FAD55622D00048F21DAD95F5627406FB3B8
0EF85C162BDB82815C107CF3171F109AAFFF92D6B3FA7FAD10422D00048E21DAD95F5627406FB3B9
0EF822162BBD82815C107CC2171F1F9AAFFF92D6B3FA7FAD00022D00048F21DAD95F5627406FB3BA
0EF7A5162B6C82815C107CA8171F2E9AAFFF92C6B3FA7FAD00022E00048E21DAD95F5627406FB3BB
0EF76B162B14828155107C70171F3A9AAFFF92C6B3FA7FAD00022F00048F21DAD95F5627406FB3BC
0EF750162ACE82815C107C29171F3E9AAFFF92C6B3FA7FAD00522F00048F21DAD95F5627406FB3BD
0EF715162A9782815C107BD6171F359A9FFF92C6B3FA7FAD00522F00048F21DAD95F5627406FB3BE
0EF6DC162A7F828155107B8B171F349A9FFF92C6B3FA7FAD00322E00048F21DAD95F5627406FB3BF
0EF6DF162A91828155107B48171F349A9FFF92C6B3FA7FAD00222E00048F21DAD95F5627406FB3C0
0EF73F162AB4828161107B17171F309A9FFF92B6B3FA7FAD00122D00048F21DAD95F5627406FB3C1
0EF767162ADE828155107AEE171F399A9FFF92B6B3FA7FAD00222D00048F21DAD95F5627406FB3C2
0EF77C162B14828155107AD0171F2E9A9FFF92B6B3FA7FAD00322C00048F21DAD95F5627406FB3C3
0EF80E162B4F828155107AB8171F409A8FFF92B6B3FA7FAD0B522C00048F21DAD95F5627406FB3C4
0EF896162B9A828155107AA3171F3E9A8FFF92B6B3FA7FAD5D622C00048F21DAD95F5627406FB3C5
0EF8FE162BD0828155107A8D171F499A8FFF92B6B3FA7FAD85F22C00048F21DAD95F5627406FB3C6
0EF91E162BCD82815C107A7A171F559A8FFF92B6B3FA7FAD8A322C00048F21DAD95F5627406FB3C7
0EF910162B9E828155107A5A171F5E9A7FFF92B6B3FA7FAD86C22C00048F21DAD95F5627406FB3C8
0EF8DA162B6F82814E107A42171F5F9A7FFF92B6B3FA7FAD85022C00048F21DAD95F5627406FB3C9
0EF8B3162B5182815C107A27171F639A7FFF92B6B3FA7FAD84D22C00048E21DAD95F5627406FB3CA
0EF8A4162B4D828155107A15171F6D9A7FFF92B6B3FA7FAD85022D00048F21DAD95F5627406FB3CB
0EF8AE162B448281551079FC171F749A7FFF92B6B3FA7FAD85122D00048E21DAD95F5627406FB3CC
0EF880162B318281551079E4171F689A6FFF92B6B3FA7FAE85122D00048F21DAD95F5627406FB3CD
0EF7F6162B118281551079C6171F5E9A6FFF92B6B3FA7FAE85122C00048F21DAD95F5627406FB3CE
0EF794162AD882815510791A171F459A6FFF92B6B3FA7FAE85122B00048F21DAD95F5627406FB3CF
0EF708162A618281551076B8171F249A6FFF92B6B3FA7FAE5C422C00048F21DAD95F5627406FB3D0
0EF6651629D182815510718B171EF59A5FFF92B6B3FA7FAE12722D00049021DAD95F5627406FB3D1
0EF5C316297F828155106997171EA79A5FFF92B6B3FA7FAE00022D00048F21DAD95F5627406FB3D2
0EF50E162943828159106020171E479A5FFF92B6B3FA7FAE00022E00048F21DAD95F5627406FB3D3
0EF4461629118281551056CD171DD49A5FFF92B6B3FA7FAE00022F00048F21DAD95F5627406FB3D4
0EF3DE1628ED82815C104E0E171D609A5FFF92B6B3FA7FAE00522F00048F21DAD95F5627406FB3D5
0EF3D31628DF828155104630171CDC9A5FFF92B6B3FA7FAE00422E00048F21DAD95F5627406FB3D6
0EF3DE1628D1828155103F9F171C5A9A4FFF92C6B3FA7FAE00322E00048F21DAD95F5627406FB3D7
0EF3E01628C882815C103AB9171BDA9A4FFF92C6B3FA7FAE00122D00048F21DAD95F5627406FB3D8
0EF3BF1628A2828155103782171B789A4FFF92C6B3FA7FAE00122D00048F21DAD95F5627406FB3D9
0EF37B16285D82815C103576171B0C9A4FFF92C6B3FA7FAE00122D00048F21DAD95F5627406FC3DA
0EF33716281482815C103214171ABB9A3FFF92C6B3FA7FAE00322F00048F21DAD95F5627406FB3DB
0EF2E51627E5828155102CF1171A5E9A3FFF92C6B3FA7FAE0A923100048F21DAD95F5627406FB3DC
0EF2AF1627F582815C10255A1719F99A3FFF92C6B3FA7FAE5A123100048F21DAD95F5627406FB3DD
0EF2C316282282815C101E1017199C9A3FFF92C6B3FA7FAE81D23000048F21DAD95F5627406FB3DE
0EF2A516280782815C1018E317192D9A3FFF92C6B3FA7FAE85F22F00048E21DAD95F5627406FB3DF
0EF2371627C982815C1016151718B99A3FFF92C6B3FA7FAE82A22E00048F21DAD95F5627406FB3E0
0EF1BF16278A8281641015101718509A3FFF92D6B3FA7FAE80F22E00048F21DAD95F5627406FB3E1
0EF19716278D82815C1013281717FC9A3FFF92D6B3FA7FAE80D22D00048F21DAD95F5627406FB3E2
0EF1B21627948281641010971717B39A3FFF92D6B3FA7FAE80F22D00048F21DAD95F5627406FB3E3
0EF1C21627B5828161100E9417177D9A2FFF92D6B3FA7FAE81022D00048E21DAD95F5627406FB3E4
0EF2151627DB828164100CAD17174E9A2FFF92D6B3FA8FAE81022C00048E21DAD95F5627406FB3E5
0EF23F16280F828164100A5A1717209A2FFF92D6B3FA8FAD81022C00048E21DAD95F5627406FB3E6
0EF2E11628808281641007751716FF9A2FFF92E6B3FA8FAD81022C00048E21DAD95F5627406FB3E7
0EF3C91628FB82816410045E1716E59A2FFF92E6B3FA8FAD54222D00048E21DAD95F5627406FB3E8
0EF4181629288281641001C01716C79A2FFF92E6B3FA8FAD0F322D00048E21DAD95F5627406FB3E9
0EF41316293982816B0FFFA81716C09A2FFF92F6B3FA8FAD00022D00048E21DAD95F5627406FB3EA
0EF4551629578281640FFDE41716C09A3FFF92F6B3FA8FAD00022E00048F21DAD95F5627406FB3EB
0EF4C016299282816B0FFC551716B09A3FFF92F6B3FA8FAD00022E00048E21DAD95F5627406FB3EC
0EF58C1629F182816B0FFB071716B89A3FFF9306B3FA8FAD00522E00048E21DAD95F5627406FB3ED
0EF617162A2A82816B0FFA1C1716AB9A3FFF9306B3FA8FAD00422D00048E21DAD95F5627406FB3EE
0EF60B162A108281730FF9421716BB9A3FFF9306B3FA8FAD00322D00048E21DAD95F5627406FB3EF
0EF5F5162A0682816B0FF8B31716B29A3FFF9316B3FA8FAD00223000048E21DAD95F5627406FB3F0
0EF5FC1629E98281730FF8A81716BB9A3FFF9316B3FA8FAD00123100048E21DAD95F5627406FB3F1
0EF54F16297182816B0FF8741716BB9A3FFF9326B3FA8FAD00223200048E21DAD95F5627406FB3F2
0EF41A1628AA82817A0FF7F61716BB9A3FFF9326B3FA8FAD00223100048E21DAD95F5627406FB3F3
0EF2C31627E98281730FF75D1716BD9A3FFF9336B3FA8FAD08A23000048E21DAD95F5627406FB3F4
0EF1D716275E82816F0FF6E61716BB9A4FFF9336B3FA8FAD58D22F00048D21DAD95F5627406FB3F5
0EF0E916270382817A0FF6A01716BB9A4FFF9346B3FA8FAD82B22F00048D21DAD95F5627406FB3F6
0EF09E1626E68281730FF6781716BB9A4FFF9356B3FA8FAD87A22F00048D21DAD95F5627406FB3F7
0EF0841626CD82817A0FF6671716B89A5FFF9356B3FA8FAD84422F00048E21DAD95F5627406FB3F8
0EF02716269182817A0FF6691716B09A5FFF9366B3FA8FAD82822F00048E21DAD95F5627406FB3F9
0EEFCB16265982817A0FF67F1716AB9A5FFF9366B3FA8FAD82522F00048D21DAD95F5627406FB3FA
0EEF6416261F82817A0FF6A01716A89A5FFF9376B3FA8FAD82722F00048E21DAD95F5627406FB3FB
0EEF1D1626018281820FF6DF1716AB9A5FFF9376B3FA8FAD82822E00048E21DAD95F5627406FB3FC
0EEEE71625FC82817A0FF7231716C09A5FFF9386B3FA5FA182922D00048E21DAD95F5627406FB3FD
0EEEC11625F98281820FF7641716E59A6FFF9396B3FA3F9482822D00048D21DAD95F5627406FB3FE
0EEEA31625CE8281820FF7B11717119A6FFF9396B3FA2F9082923000048E21DAD95F5627406FB3FF
0EEE5816259A8281820FF81017174E9A7FFF93A6B3FA2F9159E25700048E21DAD95F5627406FB300
0EEE2516258D8281820FF8671717929A7FFF93A6B3FA2F9111B2A500048D21DAD95F5627406FB301
0EEE3C1625AE8281820FF8CB1717ED9A7FFF93B6B3FA2F910002B900048D21DAD95F5627406FB302
0EEE9C1625EF8281890FF9371718409A7FFF93B6B3FA2F9100029C00048D21DAD95F5627406FB303
0EEF0C1626228281820FF9A017189A9A8FFF93C6B3FA2F9100027B00048D21DAD95F5628416FB304
0EEF4216263582818D0FFA0D1718FD9A9FFF93C6B3FA2F9100526400048D21DAD95F5628406FB305
0EEF611626478281890FFA8D1719479A9FFF93D6B3FA2F9100525400048D21DAD95F5628406FB306
0EEF9B16265E8281890FFB331719A59A9FFF93D6B3FA2F9100324900048D21DAD95F5628406FB307
0EEFC01626808281890FFC0C171A1F9A9FFF93E6B3FA2F9100124100048D21DAD95F5628406FB308
0EEFE11626948281890FFD36171A989AAFFF93E6B3FA2F9100223B00048D21DAD95F5628406FB309
0EEFF01626A38281900FFEE2171B299AAFFF93F6B3FA2F9200123700048E21DAD95F5628406FB30A
0EF0051626B9828190100157171BDA9ABFFF93F6B3FA2F9100323300048E21DAD95F5628406FB30B
0EF0001626C38281891004A7171C749ABFFF9406B3FA2F910B923100048D21DAD95F5628406FB30C
0EF0231626C58281901008BA171D169ACFFF9406B3FA2F915C522F00048D21DAD95F5628406FB30D
0EF06B1626E3828190100D5D171D959ACFFF9406B3FA2F9183F22F00048D21DAD95F5628406FB30E
0EF0871626F9828190101254171DE39ADFFF9416B3FA2F9187F23000048D21DAD95F5628406FB30F
0EF0A51626FA828190101785171E289ADFFF9416B3FA2F9184923000048D21DAD95F5628406FB310
0EF0B91626B8828190101CCE171E579ADFFF9416B3FA2F9182E23000048D21DAD95F5628406FB311
0EF087162666828198102223171E779ADFFF9426B3FA2F9182B22F00048E21DAD95F5628406FB312
0EF00116264682819010278B171E8B9AEFFF9426B3FA2F9182E22D00048D21DAD95F5628406FB313
0EEF4D162651828198102CE5171EA69AFFFF9426B3FA2F9182F22D00048D21DAD95F5628406FB314
0EEF201626688281941031F7171EBC9B0FFF9426B3FA3F9882F22C00048D21DAD95F5628406FB315
0EEF531626778281901036A5171ED59B0FFF9426B3FA3FA882F22C00048D21DAD95F5628406FB316
0EEF8016267A828198103AF5171EC69B0FFF9436B3FA3FAE82F22D00048D21DAD95F5628406FB317
0EEF9A16267A828198103F0F171EA69B1FFF9436B3FA3FAE55B22D00048D21DAD95F5628406FB318
0EEFD116268182819810431B171E6C9B1FFF9436B3FA3FAD0F922D00048D21DAD95F5628406FB319
0EEFE316268782819810470F171E1D9B1FFF9436B3FA3FAD00022D00048D21DAD95F5628406FB31A
0EEFD4162686828198104ADB171DC99B2FFF9426B3FA3FAD00022D00048D21DAD95F5628406FB31B
0EEFC416267D828198104E55171D659B2FFF9426B3FA3FAD00022C00048D21DAD95F5628406FB31C
0EEFCB16267A82819810517A171D079B3FFF9426B3FA3FAD00522C00048D21DAD95F5628406FB31D
0EEFDA16267D828198105435171CC29B3FFF9426B3FA3FAD00422D00048D21DAD95F5628406FB31E
0EEFDC16268A8281981056B7171CA39B3FFF9426B3FA3FAD00322D00048E21DAD95F5628406FB31F
0EEFE9162691828198105911171CA89B4FFF9426B3FA3FAD00222D00048D21DAD95F5628406FB320
0EEFF216269E828198105B39171CB29B4FFF9426B3FA3FAD00222D00048D21DAD95F5628406FB321
0EEFE916269F828198105D26171CB39B5FFF9416B3FA3FAD00222D00048D21DAD95F5628406FB322
0EEFE91626AF828190105EB3171CAC9B5FFF9416B3FA3FAD00322D00048E21DAD95F5628406FB323
0EF0001626FD82819C105FF3171C8E9B5FFF9416B3FA3FAD08922D00048D21DAD95F5628406FB324
0EF042162761828198106115171C5D9B5FFF9416B3FA3FAD57122D00048D21DAD95F5628406FB325
0EF0F61627AC8281901061F4171C359B5FFF9406B3FA3FAD80022D00048D21DAD95F5628406FB326
0EF1991627D58281981062A0171BF99B6FFF9406B3FA3FAD84C22C00048D21DAD95F5628406FB327
0EF2001627F2828198106347171B929B6FFF93F6B3FA3FAD81722B00048D21DAD95F5628406FB328
0EF2601628328281981063BE171B1C9B6FFF93F6B3FA3FAD7FB22B00048D21DAD95F5628406FB329
0EF2CA162878828190106445171ABB9B6FFF93F6B3FA3FAD7F822C00048D21DAD95F5628406FB32A
0EF3331628B88281901064BC171A739B6FFF93E6B3FA3FAD7FB22D00048D21DAD95F5628406FB32B
0EF39D1628F982819810652C171A349B6FFF93E6B3FA3FAD7FB22F00048E21DAD95F5628406FB32C
0EF40016291A8281901065AA1719FE9B6FFF93D6B3FA3FAE7FB23000048D21DAD95F5628406FB32D
0EF42E1629178281901066261719CB9B5FFF93D6B3FA3FAF7FB23100048D21DAD95F5628406FB32E
0EF43A1629098281901066CD1719A59B6FFF93C6B3FA3FAF7FB23100048D21DAD95F5628406FB32F
0EF4211629038281981067841719879B5FFF93C6B3FA3FAF58323000048D21DAD95F5628406FB330
0EF42616290482818210686C17195C9B5FFF93B6B3FA3FAF11723000048D21DAD95F5628406FB331
0EF42816290A8281981069B51719379B5FFF93B6B3FA3FAF00023000048D21DAD95F5628406FD332
0EF41116290E82818D106B051719189B5FFF93A6B3FA3FAF00022F00048E21DAD95F5628406FB333
0EF402162904828190106C381719089B4FFF93A6B3FA3FAF00022E00048E21DAD95F5628406FB334
0EF3FD1628F3828189106D581718F39B4FFF93A6B3FA3FAF00522D00048E21DAD95F5628406FB335
0EF432162921828189106E561718E39B3FFF9396B3FA3FAF00522D00048D21DAD95F5628406FB336
0EF4D016297B828190106F3A1718CE9B3FFF9396B3FA3FAF00322D00048E21DAD95F5628406FB337
0EF5591629B8828182106FFE1718A99B2FFF9386B3FA3FAF00222C00048E21DAD95F5628406FB338
0EF53E1629C88281891070CC1718949B2FFF9386B3FA3FAF00122C00048E21DAD95F5628406FB339
0EF55C162A008281821071961718959B1FFF9376B3FA3FAF00122D00048D21DAD95F5628406FB33A
0EF5FC162A7782818910725917189A9B1FFF9376B3FA3FAF00222C00048E21DAD95F5628406FB33B
0EF6A1162ACE8281821072E61718B49B0FFF9376B3FA3FAF07D22D00048E21DAD95F5628406FB33C
0EF70C162B1582818210732F1718C49B0FFF9366B3FA3FAF57D22D00048E21DAD95F5628406FB33D
0EF7D4162B5082818210735D1718E39AFFFF9366B3FA3FAF82922D00048D21DAD95F5628406FB33E
0EF80F162B5B82817A1073731718F39AFFFF9356B3FA3FAF87D22D00048D21DAD95F5628406FB33F
0EF811162B828281821073771719039AEFFF9356B3FA3FAF84722C00048E21DAD95F5628406FB340
0EF893162BEF82817A1073821719189ADFFF9356B3FA3FAF82A22C00048E21DAD95F5628406FB341
0EF90C162C1D82817A10737A17192D9ADFFF9346B3FA3FAF82722C00048E21DAD95F5628406FB342
0EF951162C5082817710738617196C9ACFFF9346B3FA3FAF82922B00048D21DAD95F5628406FB343
0EFA43162CEE82817310737E1719AA9ABFFF9346B3FA3FAF82A22B00048E21DAD95F5628406FB344
0EFB6E162D9582817A1073651719D59ABFFF9346B3FA3FAF82A22B00048F21DAD95F5628406FB345
0EFD29162EBC82817310732F1719E09AAFFF9336B3FA4FAF82A22B00048E21DAD95F5628406FB346
0EFF16162F9882816B1072E91719F49AAFFF9336B3FA5FAE82B22A00048E21DAD95F5628406FB347
0EFFC2162FC98281731072B0171A059A9FFF9336B3FA5FAEACB22A00048E21DAD95F5628406FB348
0F0011162FC8828173107288171A1E9A9FFF9326B3FA5FAEEFD22A00048E21DAD95F5628406FB349
0F0017162FBF82816B107261171A3A9A9FFF9326B3FA5FAEFFF22A00048E21DAD95F5628406FB34A
0EFFFC162FB582816B107211171A5E9A8FFF9326B3FA5FAEFFF22A00048E21DAD95F5628406FB34B
0EFF70162F858281641071CB171A879A8FFF9316B3FA5FAEFF922A00048F21DAD95F5628406FB34C
0EFF2F162F3D82816B10718F171A7E9A7FFF9316B3FA5FAEFEB22A00048E21DAD95F5628406FB34D
0EFEE8162EE2828164107166171A679A7FFF9316B3FA5FAEFED22B00048E21DAD95F5628406FB34E
0EFE1E162E3482816410714F171A599A7FFF9306B3FA5FAEFEF22B00048F21DAD95F5628406FB34F
0EFD0A162DB8828164107135171A489A7FFF92F6B3FA5FAEFEF22B00048F21DAD95F5628406FB350
0EFCF6162DF082815C107122171A2A9A6FFF92F6B3FA5FAEFEF22C00048E21DAD95F5628406FB351
0EFE30162E7B82815C10710B171A159A6FFF92F6B3FA5FAEFEF22C00048E21DAD95F5628406FB352
0EFE6D162EA982815C1070F21719EF9A5FFF92E6B3FA5FAEFEF22C00048F21DAD95F5628406FB353
0EFE0D162EA18281611070CF1719CB9A5FFF92D6B3FA5FAEF5822B00048F21DAD95F5628406FB354
0EFDE4162E9D8281551070AA1719B09A5FFF92D6B3FA5FAEAC922B00048F21DAD95F5628406FB355
0EFDC2162E9982815510709517199C9A5FFF92C6B3FA5FAE88222A00048F21DAD95F5628406FB356
0EFDD0162EA282815510707D17198C9A5FFF92C6B3FA5FAE84422900048F21DAD95F5628406FB357
0EFDF6162EEE82815510704C1719809A5FFF92B6B3FA5FAE87522900048F21DAD95F5628406FB358
0EFF0A162F9682815510701217196C9A4FFF92A6B3FA5FAE88E22800048F21DAD95F5628406FB359
0F001116301682814E106FE01719669A4FFF92A6B3FA5FAE89022700048F21DAD95F5628406FB35A
0F00BB16307482814E106FAB1719579A4FFF92A6B3FA5FAE88F22900048F21DAD95F5628406FB35B
0F01D01630F882814E106F6E17195C9A3FFF9296B3FA5FAE88D23300048F21DAD95F5628406FB35C
0F027716317582814E106F3B17195C9A3FFF9296B3FA5FAE88D23700048F21DAD95F5628406FB35D
0F03411631E482814E106F0A1719629A2FFF9286B3FA6FAE88D23500048F21DAD95F5628406FB35E
0F03D116321A82814E106EF01719719A2FFF9286B3FA8FAE88D23100048F21DAD95F5628406FB35F
0F040E16321C828146106ECA17196C9A1FFF9276B3FA8FAE5B122E00049021DAD95F5628406FB360
0F03EF163218828146106E9A1719719A1FFF9276B3FA8FAE11022B00049021DAD95F5628406FB361
0F03EF16321C82813F106E781719769A1FFF9276B3FA8FAE00022A00049021DAD95F5628406FB362
0F0408163225828146106E5B17197799FFFF9276B3FA8FAE00022900049121DAD95F5628406FB363
0F0448163237828146106E3C17197699FFFF9266B3FA8FAE00022800049021DAD95F5628406FB364
0F045D16324482813F106E2D17197199EFFF9266B3FA8FAE00522800049021DAD95F5628406FB365
0F046E163242828143106E1317195C99DFFF9266B3FA8FAE00522900049021DAD95F5628406FB366
0F045616323782813F106E0917194C99DFFF9256B3FA8FAE00322900049021DAD95F5628406FB367
0F043B16322B82813F106DF917192899CFFF9256B3FA8FAE00222800049121DAD95F5628406FB368
0F03FD16322882813F106DED1718E999AFFF9256B3FA8FAE00122700049021DAD95F5628406FC369
0F040E16323A82813F106DE617188599AFFF9256B3FA8FAE00222700049121DAD95F5628406FB36A
0F045D16325F82813F106DDC171816999FFF9256B3FA8FAE00322700049121DAD95F5628406FB36B
0F04A516328882813F106D6E171799998FFF9256B3FA8FAE08222700049121DAD95F5628406FB36C
0F04C016329A828137106B6617170F997FFF9256B3FA8FAE59F22700049121DAD95F5628406FB36D
0F050E1632AE82813F1067CB171676995FFF9256B3FA8FAE85922800049121DAD95F5628406FB36E
0F05641632B982813F10638A1715FD994FFF9256B3FA8FAE8AD22800049121DAD95F5628406FB36F
0F05CB1632E8828137105FE417157D993FFF9246B3FA8FAE87622900049121DAD95F5628406FB370
0F066F16332182813F105B69171506992FFF9246B3FA8FAE85922A00049121DAD95F5628406FB371
0F068B16333E82813F105395171483991FFF9246B3FA8FAE85522900049121DAD95F5628406FB372
0F06F2163334828137104AAF1713F5990FFF9246B3FA8FAE85722A00049221DAD95F5628406FB373
0F064D1632EF82813F10437A17133898EFFF9246B3FA8FAE85923000049121DAD95F5628406FD374
0F057216329582813F103C9217127098EFFF9246B3FA8FAE85923400049121DAD95F5628406FB375
0F04E116325582813F1032E01711C398DFFF9236B3FA8FAE85923300049221DAD95F5628406FB376
0F047F16323282813710268E17113A98BFFF9236B3FA9FAD85923300049221DAD95F5628406FB377
0F041216320782813F101BBF1710CA98AFFF9236B3FA9FAD57323100049221DAD95F5628406FB378
0F03901631B78281281013E717106E989FFF9236B3FA9FAD0FC22F00049221DAD95F5628406FB379
0F02FD163158828159100D59171034988FFF9236B3FA9FAD00022D00049221DAD95F5628406FB37A
0F020A1630D082813F10080A171034987FFF9226B3FA9FAD00022C00049221DAD95F5628406FB37B
0F010616305682813F100436171068987FFF9226B3FA9FAD00022C00049221DAD95F5628406FB37C
0F00C216303382813F1001A01710B7985FFF9226B3FA9FAD00522C00049221DAD95F5628406FB37D
0F00691630168281460FFF8317111B985FFF9226B3FA9FAD00522D00049221DAD95F5628406FB37E
0F000D162FD18281460FFE13171199984FFF9216B3FA9FAD00322D00049221DAD95F5628406FB37F
0EFF8F162F7C8281460FFD3D171246983FFF9216B3FA9FAD00222C00049221DAD95F5628406FB380
0EFF29162F398281460FFD34171303982FFF9216B3FA9FAD00122C00049221DAD95F5628406FB381
0EFEC2162F0C8281460FFD5A1713BB981FFF9216B3FA9FAD00122B00049221DAD95F5628406FB382
0EFE8C162ED58281460FFCE0171439981FFF9216B3FA9FAD00322B00049221DAD95F5628406FB383
0EFDDE162E6E8281460FFC05171459980FFF9206B3FA9FAD0B022A00049221DAD95F5628406FB384
0EFD3D162E2082814E0FFAF017145D97FFFF9206B3FA9FAD57B22900049221DAD95F5628406FB385
0EFCDE162E2182814E0FF9FF17145997FFFF9206B3FA9FAD7D522900049221DAD95F5628406FB386
0EFD04162E4682814E0FF92F17144E97FFFF9206B3FA9FAD81322900049221DAD95F5628406FB387
0EFD63162E6C82814E0FF89A17144997EFFF9206B3FA9FAD7DF22900049321DAD95F5628406FD388
0EFD6A162E698281550FF80F17143997EFFF9206B3FA9FAD7C522900049321DAD95F5628406FB389
0EFD62162E788281550FF79017140597EFFF9206B3FA9FAD7C322900049221DAD95F5628406FB38A
0EFD77162E5882814E0FF7111713D097DFFF9206B3FA9FAD7C522900049321DAD95F5628406FB38B
0EFB64162D5B8281590FF68C1713A697DFFF9206B3FA9FAD7C622900049321DAD95F5628406FB38C
0EF92F162C1D82815C0FF5F917138797DFFF9206B3FA9FAD7C622A00049321DAD95F5628406FB38D
0EF7F3162B2B8281550FF52617136C97DFFF9206B3FA9FAD7C622A00049221DAD95F5628406FB38E
0EF6AB162A8B82815C0FF46C17136C97DFFF9216B3FA7FAD7C622A00049221DAD95F5628406FB38F
0EF66F162A7982815C0FF3FF17137C97DFFF9216B3FA6FAD57A22A00049221DAD95F5628406FB390
0EF6D1162AC48281640FF3C717138297DFFF9216B3FA6FAD11F22A00049221DAD95F5628406FB391
0EF6ED162AFC82815C0FF3AC17139197DFFF9226B3FA6FAD00022A00049221DAD95F5628406FB392
0EF72E162B1B8281640FF38F1713A197DFFF9226B3FA6FAD00022A00049221DAD95F5628406FB393
0EF663162A8F8281640FF36A1713B697DFFF9226B3FA6FAD00022A00049221DAD95F5628406FB394
0EF5261629C38281640FF34A1713BB97DFFF9236B3FA6FAD00522B00049221DAD95F5628406FB395
0EF4DE16298E82816B0FF3291713CB97DFFF9236B3FA6FAD00522A00049221DAD95F5628406FB396
0EF54B1629CA82816B0FF3051713CB97DFFF9246B3FA6FAD00322A00049221DAD95F5628406FB397
0EF5931629E282816B0FF2D21713DB97DFFF9246B3FA6FAD00222900049221DAD95F5628406FB398
0EF5631629C282816B0FF2AA1713E097DFFF9256B3FA6FAD00222A00049221DAD95F5628406FB399
0EF4FD16297E8281730FF2901713F097DFFF9256B3FA6FAD00222A00049221DAD95F5628406FB39A
0EF48C1629588281730FF27E1713F597DFFF9256B3FA6FAD00322A00049321DAD95F5628406FB39B
0EF4C41629838281730FF26817140097EFFF9266B3FA6FAD08722B00049221DAD95F5628406FB39C
0EF5291629CB82816F0FF25E17140097FFFF9266B3FA6FAD5B522B00049221DAD95F5628406FD39D
0EF54B1629E682817A0FF27017140497FFFF9276B3FA6FAD87422B00049221DAD95F5628406FB39E
0EF5221629C382817A0FF28217140A97FFFF9276B3FA6FAD8C822B00049221DAD95F5628406FB39F
0EF50B1629B98281730FF28D171405980FFF9286B3FA6FAD89122B00049121DAD95F5628406FB3A0
0EF5371629E182817A0FF28917140F980FFF9296B3FA6FAD87322C00049221DAD95F5628406FB3A1
0EF593162A088281820FF274171405981FFF9296B3FA6FAD86F22D00049121DAD95F5628406FB3A2
0EF5B9162A158281820FF25E1713F0981FFF9296B3FA6FAD87122D00049221DAD95F5628406FB3A3
0EF5B1162A0082817A0FF2441713DB982FFF92A6B3FA6FAD87322D00049221DAD95F5628406FB3A4
0EF55C1629BF8281820FF2361713C0982FFF92A6B3FA6FAD87322D00049121DAD95F5628406FB3A5
0EF48C16295A8281890FF22B1713A6982FFF92A6B3FA6FAD87322C00049121DAD95F5628406FB3A6
0EF4021628F68281820FF23217137C983FFF92B6B3FA6FAE87322B00049121DAD95F5628406FB3A7
0EF3B51628A28281890FF23D17135D983FFF92B6B3FA5FAE52B22B00049121DAD95F5628406FB3A8
0EF33A1628498281820FF25617133D984FFF92B6B2FA5FAE0D522B00049121DAD95F5628406FB3A9
0EF2BC1628138281890FF27317130E985FFF92C6B3FA5FAE00022B00049121DAD95F5628406FB3AA
0EF29D1627F18281890FF2981712EA985FFF92C6B2FA5FAE00022C00049121DAD95F5628406FB3AB
0EF26F1627D38281900FF2B51712BA985FFF92D6B2FA5FAE00022C00049121DAD95F5628406FD3AC
0EF24B1627C98281860FF2DD171290986FFF92D6B3FA5FAE00522C00049121DAD95F5628406FB3AD
0EF2541627B58281900FF31A171290987FFF92D6B3FA5FAE00422B00049021DAD95F5628406FB3AE
0EF20B16277C8281890FF39D1712BA987FFF92D6B2FA5FAE00322B00049021DAD95F5628406FB3AF
0EF1A31627438281900FF4FA1712D4988FFF92E6B3FA5FAE00222C00049021DAD95F5628406FD3B0
0EF12A16270F8281900FF7A61712F4989FFF92E6B2FA5FAE00122C00049021DAD95F5628406FB3B1
0EF0D81626F38281900FFB3A1712DF98AFFF92E6B3FA5FAE00222B00049021DAD95F5628406FB3B2
0EF0A21626D48281900FFF121712C598AFFF92E6B2FA5FAE00322B00049021DAD95F5628406FB3B3
0EF0721626C38281901002F51712A598BFFF92E6B2FA5FAE09522C00049021DAD95F5628406FB3B4
0EF0781626BD82819010072517128B98BFFF92F6B3FA5FAE5EF22C00049021DAD95F5628406FB3B5
0EF0871626BB828198100B6F17126698CFFF92F6B2FA5FAE8BD22C00049121DAD95F5628406FD3B6
0EF0901626BE828190100F4417125698DFFF92F6B3FA5FAE91122C00049021DAD95F5628406FB3B7
0EF09A1626C88281981012BA17127098DFFF9306B3FA5FAE8D722B00049021DAD95F5628406FD3B8
0EF0981626D18281901016011712B598EFFF9306B2FA5FAE8B922B00049121DAD95F5628406FB3B9
0EF0751626D882819810196A1712F998FFFF9306B3FA5FAE8B522B00049021DAD95F5628406FD3BA
0EF04D1626D3828190101CF017132D98FFFF9316B3FA5FAE8B822C00049021DAD95F5628406FB3BB
0EF04C1626D382818210206317134D990FFF9316B2FA5FAE8B922C00049021DAD95F5628406FD3BC
0EF0671626F28281AB10233A17135D991FFF9316B2FA5FAE8B922C00049021DAD95F5628406FD3BD
0EF0B3162732828190102531171381991FFF9316B3FA5FAE8B922C00049021DAD95F5628406FD3BE
0EF11516277182819810266A1713B6992FFF9326B3FA5FAE8B922C00049021DAD95F5628406FB3BF
0EF11C1627B3828198102773171415992FFF9326B2FA5FAD56D22C00049021DAD95F5628406FB3C0
0EF0DC1628308281901028D817147E993FFF9336B2FA5FAC0E722D00049021DAD95F5628406FB3C1
0EF1A41628C6828198102A72171515993FFF9336B3FA5FAC00022D00049021DAD95F5628406FD3C2
0EF2C0162944828198102C271715A9994FFF9336B3FA5FAC00022D00048F21DAD95F5628406FB3C3
0EF3C91629AC828190102E0D171637994FFF9346B3FA5FAC00022D00049021DAD95F5629416FB3C4
0EF4A9162A06828198102FDB1716BB995FFF9346B2FA5FAC00622C00048F21DAD95F5629406FD3C5
0EF57F162A5F8281901031CB171720995FFF9356B3FA5FAC00522D00048F21DAD95F5629406FD3C6
0EF64D162AB2828190103392171773995FFF9356B3FA5FAC00322E00048F21DAD95F5629406FB3C7
0EF6FA162AF082819810357A1717B2996FFF9356B2FA5FAC00222E00049021DAD95F5629406FB3C8
0EF75A162B1C8281901037731717D8996FFF9366B3FA5FAC00122F00048F21DAD95F5629406FB3C9
0EF797162B2E828190103A01171806996FFF9366B3FA5FAC00122F00048F21DAD95F5629406FB3CA
0EF7A8162B1B828190103D59171836996FFF9366B3FA5FAC00322F00048F21DAD95F5629406FB3CB
0EF745162ABC8281941040E2171870996FFF9376B2FA5FAC03E22E00048F21DAD95F5629406FB3CC
0EF6AD162A4882819010445117189A996FFF9376B3FA5FAC53D22E00048F21DAD95F5629406FD3CD
0EF61C1629E78281901047AC171875997FFF9376B3FA5FAC84522E00048F21DAD95F5629406FB3CE
0EF56D1629A6828190104ADF171841996FFF9376B3FA5FAC8B922D00048F21DAD95F5629406FB3CF
0EF4EF16298C828190104DB51717F6996FFF9386B3FA5FAC88322D00048E21DAD95F5629406FB3D0
0EF4FA162986828189104FF11717D2996FFF9386B3FA5FAC86222C00048F21DAD95F5629406FB3D1
0EF5041629848281901051EA1717B3996FFF9386B3FA5FAC85D22B00048F21DAD95F5629406FB3D2
0EF4F016297A8281891053C91717AD996FFF9386B3FA5FAC85F22B00048E21DAD95F5629406FB3D3
0EF4D016297882819010557C1717A8996FFF9386B3FA5FAC86122B00048F21DAD95F5629406FB3D4
0EF5011629948281891056EB171784995FFF9386B3FA5FAC86122B00048E21DAD95F5629406FD3D5
0EF54B16190B828189105826171768995FFF9396B2FA5FAC86122C00048F21DAD95F5629406FC3D6
0EF59D16122D82818910594C171729995FFF9396B3FA5FAC86122D00048F21DAD95F5629406FB3D7
0EF6141623F4828189105A6C1716FA994FFF9396B3FA4FAD50122D00048F21DAD95F5629406FB3D8
0EF67B162A65828189105B4F1716C7994FFF9396B3FA3FAD0C622D00048F21DAD95F5629406FB3D9
0EF6BE162AA7828182105C251716C0994FFF9396B3FA4FAD00022B00048F21DAD95F5629406FB3DA
0EF712162AD1828186105D001716D5994FFF9396B3FA4FAD00022B00048E21DAD95F5629406FC3DB
0EF749162AF1828189105DD11716EC993FFF9386B3FA4FAD00022B00048E21DAD95F5629406FB3DC
0EF789162B35828182105E631716EA993FFF9386B2FA4FAD00522C00048F21DAD95F5629406FB3DD
0EF7FA162B9C828182105EC61716FF992FFF9386B3FA4FAD00422F00048E21DAD95F5629406FD3DE
0EF93D162C6B828182105F1B17170F992FFF9386B3FA4FAD00323000048F21DAD95F5629406FB3DF
0EFB53162D6A828182105FA517172B992FFF9376B3FA4FAD00222F00048F21DAD95F5629406FB3E0
0EFC56162E1082818210603A17172F991FFF9376B3FA4FAD00122D00048E21DAD95F5629406FB3E1
0EFCB5162E548281821060B417172F991FFF9376B3FA3FAD00122D00048E21DAD95F5629406FB3E2
0EFCC3162E6682817A10611F171735991FFF9376B3FA4FAD00222E00048F21DAD95F5629406FB3E3
0EFD5F162E8482818210616317175E990FFF9366B3FA4FAD06622F00048F21DAD95F5629406FB3E4
0EFDA0162E9982817A10619F17177D990FFF9366B3FA4FAD58F22E00048F21DAD95F5629406FB3E5
0EFDBF162E9582817A1061CB17179E990FFF9366B3FA4FAD87322D00048E21DAD95F5629406FB3E6
0EFE2C162EDA82817A1061F81717B2990FFF9356B3FA4FAD8D522C00048E21DAD95F5629406FB3E7
0EFF2C162F5082817A1062291717C2990FFF9356B3FA3FAD89D22C00048F21DAD95F5629406FD3E8
0EFFBF162F9D82817A10626C1717D398FFFF9356B3FA3FAD87E22C00048E21DAD95F5629406FD3E9
0F0000162FC382817A1062C11717D298FFFF9356B3FA4FAD87A22C00048E21DAD95F5629406FD3EA
0EFFF2162FCF8281611063111717D798FFFF9356B3FA4FAD87D22B00048E21DAD95F5629406FB3EB
0F0011162FD78281891063521717CD98FFFF9346B3FA4FAD87D22A00048E21DAD95F5629406FD3EC
0F003A162FD38281731063921717C798FFFF9346B3FA3FAD87E22A00048F21DAD95F5629406FD3ED
0F0022162FA38281731063DC1717C298FFFF9336B3FA4FAD87D22A00048E21DAD95F5629406FB3EE
0EFF47162F368281731064361717B898FFFF9336B3FA4FAD87E22B00048F21DAD95F5629406FB3EF
0EFDF9162ECB82817310648F17179D98FFFF9336B3FA6FADB3922D00048F21DAD95F5629406FB3F0
0EFD7E162EBF8281731064DD17178D98FFFF9326B3FA7FADF2122E00048E21DAD95F5629406FB3F1
0EFD8F162EFA82817310652C17176898FFFF9326B3FA7FADFFF22F00048E21DAD95F5629406FD3F2
0EFE44162F4882816B10657317175F98FFFF9326B3FA7FADFFF22F00048E21DAD95F5629406FB3F3
0EFECC162F7A82817310659817174E98FFFF9316B3FA7FADFF722F00048F21DAD95F5629406FC3F4
0EFF17162F8582816B1065B217174498FFFF9316B3FA7FADFEB23300048F21DAD95F5629406FB3F5
0EFF00162F5F82816B1065B217173598FFFF9306B3FA7FADFED23800048F21DAD95F5629406FB3F6
0EFE70162F3182816B1065B217172F98FFFF9306B3FA7FADFEE23900048F21DAD95F5629406FB3F7
0EFE82162F3B82816B1065C1171719990FFF92F6B3FA7FADFEF23600048F21DAD95F5629406FB3F8
0EFEE4162F6D82816B1065D0171711990FFF92F6B3FA7FADFEF23200048F21DAD95F5629406FD3F9
0EFF81162FB382816B1065D71716FA990FFF92E6B3FA7FADFEF23000048F21DAD95F5629406FB3FA
0EFFFC162FF082816B1065C81716EA990FFF92D6B3FA7FADFEF22F00048F21DAD95F5629406FD3FB
0F004B1630158281681065A81716D5990FFF92D6B3FA7FADFC522F00048F21DAD95F5629406FB3FC
0F007A16302B82816410657A1716CD990FFF92D6B3FA7FADB7B22E00048F21DAD95F5629406FD3FD
0F00AE16303B82816B1065371716C5990FFF92C6B3FA7FAD8CD22D00048F21DAD95F5629406FB3FE
0F00D51630438281641064F81716BB991FFF92B6B3FA7FAD86222D00049021DAD95F5629406FD3FF
0F00CC16301F8281641064B81716B8991FFF92B6B3FA7FAD89122E00049021DAD95F5629406FD300
0F0085162FF082816410648B1716AB991FFF92A6B3FA7FAD8AD22F00049021DAD95F5629406FD301
0F0028162FE48281641064661716AB991FFF92A6B3FA7FAD8B222F00048F21DAD95F5629406FB302
0F0022162FEC82816B1064441716A6991FFF9296B3FA7FAD8B022F00048F21DAD95F5629406FB303
0F0033162FF682816410642E1716B2991FFF9296B3FA7FAD8AF22F00049021DAD95F5629406FB304
0F004B16300882815C1064141716B6991FFF9296B3FA7FAD8AF22F00049021DAD95F5629406FD305
0F005F1630108281641063FA1716B0991FFF9286B3FA7FAD8AF22F00049021DAD95F5629406FD306
0F00441630198281641063DC1716BD991FFF9276B3FA7FAD8AF22F00049021DAD95F5629406FD307
0F00281630248281641063BE1716C0991FFF9276B3FA8FAD5D222F00049021DAD95F5629406FB308
0F001B16302782815C10639F1716C5991FFF9266B3FA8FAC11922F00049021DAD95F5629406FD309
0F00361630268281641063831716BB991FFF9266B3FA8FAC00022F00049021DAD95F5629406FB30A
0F004716301B8281641063741716BD991FFF9256B3FA8FAC00022F00049121DAD95F5629406FB30B
0F002816301782815C1063701716AB991FFF9256B3FA8FAC00022F00049021DAD95F5629406FD30C
0F004016301782816110637017169B991FFF9256B3FA8FAC00522F00049121DAD95F5629406FD30D
0F005816301F82816410637B171696991FFF9246B3FA8FAC00522F00049021DAD95F5629406FD30E
0F007716302C82815C10638517168E991FFF9246B3FA8FAC00322F00049021DAD95F5629406FB30F
0F008816303F82815C10638A171681991FFF9246B3FA8FAC00222F00049121DAD95F5629406FD310
0F007416304482816410639217167C991FFF9246B3FA8FAC00122F00049121DAD95F5629406FD311
0F005516304182815C10639217167E991FFF9236B3FA8FAC00222F00049121DAD95F5629406FB312
0F005816303482815C10638A171671991FFF9236B3FA8FAC00322F00049121DAD95F5629406FB313
0F005F16301E82815C10638C171676991FFF9236B3FA8FAC0B523100049121DAD95F5629406FB314
0F006916301082815C106387171671991FFF9236B3FA8FAC5CD23200049121DAD95F5629406FB315
0F005F16300282816410638E171674991FFF9236B3FA8FAC85023100049121DAD95F5629406FD316
0F0062162FEB82815C106392171671991FFF9236B3FA8FAC89223000049121DAD95F5629406FD317
0F004B162FC682815C106392171667991FFF9236B3FA8FAC85B22F00049121DAD95F5629406FD318
0EFFAE162FAD82815C106394171661991FFF9226B3FA8FAC84023200049221DAD95F5629406FB319
0EFF3D162F9D82815C106395171669991FFF9226B3FA8FAC83D26600049121DAD95F5629406FD31A
0EFEE8162F8A82815C106399171667991FFF9226B3FA8FAC84033C00049221DAD95F5629406FD31B
0EFEAA162F7282815C106395171667991FFF9226B3FA8FAC8413D600049221DAD95F5629406FD31C
0EFEB1162F4A82815C106399171659991FFF9226B3FA8FAC8413B000049221DAD95F5629406FB31D
0EFED0162F1982815C10639217165C991FFF9226B3FA8FAC84134A00049221DAD95F5629406FD31E
0EFE8F162EEA82815910638917165C992FFF9216B3FA8FAC8412F500049321DAD95F5629406FD31F
0EFE4B162ED682815C10638717165C991FFF9216B3FA9FAD5A82BD00049221DAD95F5629406FD320
0EFE25162ED782815C10637417165F991FFF9216B3FA9FAD11B29700049221DAD95F5629406FD321
0EFE30162EDC82815C106365171661992FFF9216B3FA9FAD00027C00049321DAD95F5629406FB322
0EFE36162EC082815C10635217165C992FFF9216B3FA9FAD00026800049321DAD95F5629406FB323
0EFDFC162E8982815C10633E171661992FFF9206B3FA9FAD00025900049321DAD95F5629406FC324
0EFDB1162E7182815C10632D171669991FFF9206B3FA9FAD00524F00049321DAD95F5629406FD325
0EFD59162E6E82815C10631B171661992FFF9206B3FA9FAD00524700049321DAD95F5629406FB326
0EFD18162E6882815C10630017166C992FFF9206B3FA9FAD00324200049321DAD95F5629406FD327
0EFD22162E5982815C1062F2171671991FFF9206B3FA9FAD00223D00049321DAD95F5629406FD328
0EFD63162E3C82815C1062DC171669992FFF9206B3FA9FAD00223900049321DAD95F5629406FB329
0EFD71162E3982815C1062CC171671992FFF9206B3FA9FAD00223500049321DAD95F5629406FB32A
0EFD40162E3982815C1062C5171676992FFF9206B3FA9FAD00323400049321DAD95F5629406FD32B
0EFD0A162E2882815C1062BA171674992FFF9206B3FA9FAD07F23300049321DAD95F5629406FB32C
0EFCF2162E1582815C1062AB171686992FFF9206B3FA9FAD57F23300049321DAD95F5629406FB32D
0EFCF2162E1382815C1062A4171681992FFF9206B3FA9FAD82A23100049321DAD95F5629406FD32E
0EFD29162E2682815C106298171686992FFF9206B3FA9FAD87C23000049421DAD95F5629406FD32F
0EFD7E162E4B82814610628D171689992FFF9206B3FA9FAD84723000049321DAD95F5629406FD330
0EFDCD162E6B82816F10628617168B992FFF9206B3FA9FAD82A23000049321DAD95F5629406FD331
0EFDC9162E7F82815C10627B171696992FFF9206B3FA9FAD82723000049421DAD95F5629406FB332
0EFDBC162E7D82816410626817169B993FFF9206B3FA9FAD82922F00049321DAD95F5629406FB333
0EFDBF162E8482815C10623417169D993FFF9206B3FA9FAD82A22F00049421DAD95F5629406FD334
0EFE22162E9B82815C1061D71716A1993FFF9206B3FA9FAD82A22E00049421DAD95F5629406FB335
0EFE36162EA282815C10613D1716A1993FFF9216B3FA9FAD82A22E00049321DAD95F5629406FD336
0EFDD0162E8F82816410605F1716A8993FFF9216B3FA9FAD82A23500049421DAD95F5629406FB337
0EFD85162E6B82815C105F321716AB993FFF9216B3FA9FAD57B23D00049321DAD95F5629406FB338
0EFD6A162E2E82815C105DE11716B0993FFF9216B3FA7FAD10923E00049321DAD95F5629406FD339
0EFCEF162DBD828164105C6C1716B0994FFF9216B3FA6FAD00023B00049421DAD95F5629406FD33A
0EFBFD162D7882815C105AD81716B8994FFF9216B3FA6FAD00023700049521DAD95F5629406FB33B
0EFBE9162D728281641059221716B6994FFF9226B3FA6FAD00023400049421DAD85F5629416FB33C
0EFBC0162D5282815C1057731716BB994FFF9226B3FA6FAD00523300049421DAD85F5629406FB33D
0EFB4F162D1082816410562B1716C5994FFF9226B3FA6FAD00523300049421DAD85F5629406FD33E
0EFB0F162CDD82816410555F1716C7994FFF9226B3FA6FAD00323100049421DAD85F5629406FD33F
0EFAE3162CCC82815C1054E51716CB994FFF9236B3FA6FAD00223100049421DAD85F5629406FC340
0EFAC9162CD08281641054741716D0995FFF9236B3FA6FAD00123000049421DAD85F5629406FD341
0EFAD2162CE78281611053F21716D2995FFF9236B3FA6FAD00122F00049421DAD85F5629406FB342
0EFB01162D128281641053611716D0995FFF9236B3FA6FAD00322F00049421DAD85F5629406FD343
0EFB86162D518281641052E31716DA995FFF9236B3FA6FAD06F23100049421DAD85F5629406FB344
0EFC29162D8682816B1052771716DA995FFF9246B3FA6FAD55C23300049421DAD85F5629406FD345
0EFC04162D4982815C1052041716E2996FFF9246B3FA6FAD80E23300049521DAD85F5629406FB346
0EFB89162CC182816B1051851716E0996FFF9246B3FA6FAD86523200049521DAD85F5629406FB347
0EFB16162C7782816410510A1716EA996FFF9246B3FA6FAD82F23100049321DAD85F5629406FB348
0EFA9B162C2D82816B1050941716EC997FFF9256B3FA6FAD81323000049421DAD85F5629406FD349
0EF9B4162B9D8281641050301716EF997FFF9256B3FA6FAD80F22F00049321DAD85F5629406FD34A
0EF8E6162B018281641050001716EF997FFF9256B3FA6FAD81122E00049421DAD85F5629406FD34B
0EF807162A8882816B104FE21716F5997FFF9256B3FA6FAD81322E00049421DAD85F5629406FB34C
0EF761162A1282816B104FF41716F7998FFF9256B3FA6FAD81322E00049421DAD85F5629406FB34D
0EF5F316298D82816B1050421716FF998FFF9266B3FA6FAD81322E00049421DAD85F5629406FB34E
0EF4F01629498281641050C81716FF998FFF9266B3FA6FAD81322D00049421DAD85F5629406FB34F
0EF4DE16294882816B105177171701998FFF9266B3FA6FAD58122E00049421DAD85F5629406FD350
0EF4D816294582817310523F17170A999FFF9266B3FA7FAC11122E00049421DAD85F5629406FB351
0EF43A16292582816B10530017170A999FFF9276B3FA7FAB00022E00049421DAD85F5629406FB352
0EF3BE1628F18281681053AB17170699AFFF9276B3FA7FAB00022D00049421DAD85F5629406FB353
0EF3851628C082817310542217170F99AFFF9276B3FA7FAB00022D00049421DAD85F5629406FD354
0EF3741628AB82816B10547117170A99AFFF9276B3FA7FAB00522D00049421DAD85F5629406FD355
0EF3821628AD8281731054AA17170A99AFFF9286B3FA7FAB00522D00049421DAD85F5629406FB356
0EF37B1628BA82816B1054E017170B99BFFF9286B3FA7FAB00322D00049421DAD85F5629406FB357
0EF37B1628B982817310552B1716FF99CFFF9296B3FA7FAB00222D00049421DAD85F5629406FB358
0EF3631628B882816B10559E1716FF99CFFF9296B3FA7FAB00122D00049421DAD85F5629406FD359
0EF3551628B482817310562F1716F799CFFF9296B3FA7FAB00222F00049421DAD85F5629406FB35A
0EF3811628BB8281731056D11716F599DFFF9296B3FA7FAB00223000049421DAD85F5629406FD35B
0EF3C91628D58281731057981716DA99DFFF92A6B3FA7FAB05723000049421DAD85F5629406FD35C
0EF3FC1628E28281731058561716D599EFFF92A6B3FA7FAB55622F00049421DAD85F5629406FB35D
0EF4071628DF82817310591E1716C799EFFF92A6B3FA7FAB83322F00049321DAD85F5629406FD35E
0EF40C1628E08281731059E91716BB99FFFF92B6B3FA7FAB89722E00049321DAD85F5629406FD35F
0EF3F61628E0828173105AA31716AB99FFFF92B6B3FA7FAB86122D00049321DAD85F5629406FB360
0EF3D61628CA828173105B5717169899FFFF92B6B3FA7FAB84222E00049321DAD85F5629406FD361
0EF3AE1628B782817A105BEA1716819A0FFF92C6B3FA7FAB83E22E00049321DAD85F5629406FB362
0EF3961628A182815C105C6F1716769A0FFF92C6B3FA7FAB84022E00049321DAD85F5629406FD363
0EF37E16288182818D105CE61716579A1FFF92C6B3FA7FAB84122D00049321DAD85F5629406FB364
0EF36316286F828173105D4B1716449A1FFF92D6B3FA7FAB84223500049321DAD85F5629406FD365
0EF33016287482817A105DA41716289A1FFF92D6B3FA7FAB84223E00049321DAD85F5629406FD366
0EF33316288A82817A105DF31716089A2FFF92D6B3FA7FAB84223D00049321DAD85F5629406FB367
0EF3931628B182817A105E351715E89A3FFF92D6B3FA7FAB45E23900049321DAD85F5629406FD368
0EF3FF1628D1828173105E701715D19A3FFF92D6B3FA6FAC08823400049321DAD85F5629406FD369
0EF3F91628D882817A105E981715B99A4FFF92E6B3FA5FAC00023300049321DAD85F5629406FD36A
0EF3921628E482817A105EB317159A9A4FFF92E6B3FA5FAC00023400049321DAD85F5629406FD36B
0EF39D1628F282817A105EB91715859A4FFF92E6B3FA5FAC00023300049321DAD95F5629416FD36C
0EF3EF1628FF82817A105EBE17156E9A5FFF92E6B3FA5FAC00523100049321DAD95F5629406FC36D
0EF43216290F82817A105EA41715609A5FFF92E6B3FA5FAC00423000049321DAD95F5629406FD36E
0EF46516292682817A105E8C17154B9A6FFF92E6B3FA5FAC00322F00049321DAD95F5629406FB36F
0EF49616292E82817A105E6117153B9A6FFF92E6B3FA5FAC00222F00049321DAD95F5629406FD370
0EF4A916293982817A105E2F1715309A6FFF92E6B3FA5FAC00122F00049221DAD95F5629406FD371
0EF4AE16293682817A105DEE17151F9A7FFF92E6B3FA5FAC00122F00049321DAD95F5629406FB372
0EF4AC16292D828182105DA41715119A7FFF92E6B3FA5FAC00322E00049321DAD95F5629406FD373
0EF4A7162921828177105D561715069A7FFF92E6B3FA5FAC04C22E00049321DAD95F5629406FD374
0EF480162911828182105D041714FC9A8FFF92E6B3FA5FAC53422D00049221DAD95F5629406FD375
0EF45916290382817A105CAA1714F19A8FFF92E6B3FA5FAC81422D00049321DAD95F5629406FD376
0EF44A1628F982817A105C471714EB9A9FFF92E6B3FA5FAC87C22D00049321DAD95F5629406FD377
0EF4551628E9828182105BDD1714E29A9FFF92E6B3FA5FAC84722D00049321DAD95F5629406FD378
0EF44D1628E382817A105B611714DC9A9FFF92E6B3FA5FAC82823000049221DAD95F5629406FD379
0EF4301628E982817A105AD41714E29AAFFF92E6B3FA5FAC82425F00049221DAD95F5629406FD37A
0EF4281628F5828182105A3F1714DC9AAFFF92E6B3FA5FAC8262F000049221DAD95F5629406FD37B
0EF3F21628FE82817A1059AA1714DB9AAFFF92E6B3FA5FAC82733F00049321DAD95F5629406FD37C
0EF3FF16290582817A1059111714E79AAFFF92E6B3FA5FAC82732000049321DAD95F5629406FD37D
0EF4181629068281821058771714E29ABFFF92E6B3FA5FAC8272E000049221DAD95F5629406FD37E
0EF4101628EF82817A1057EE1714DC9ABFFF92D6B3FA5FAC8282AC00049221DAD95F5629406FD37F
0EF4111628C082817A10575D1714C69ABFFF92D6B3FA5FAC5A928800049221DAD95F5629406FD380
0EF3A01628878281821056D11714AD9ABFFF92D6B3FA5FAC12126F00049221DAD95F5629406FB381
0EF36016285A82817310564917148D9ABFFF92D6B3FA4FAC00025D00049221DAD95F5629406FD382
0EF3521628438281821055C31714599ABFFF92D6B3FA4FAC00025100049221DAD95F5629406FD383
0EF3521628358281771055411714349ABFFF92D6B3FA3FAC00024700049221DAD95F5629406FD384
0EF32616280B8281821054C71713FA9ABFFF92C6B3FA3FAC00524000049221DAD95F5629406FB385
0EF29D16280482817A10545E1713D59ABFFF92C6B3FA4FAC00523A00049221DAD95F5629406FB386
0EF2CA16283182817A1053FA1713AB9ABFFF92C6B3FA4FAC00323500049221DAD95F5629406FB387
0EF29316284082817A1053A01713819ABFFF92C6B3FA4FAC00223200049221DAD95F5629406FD388
0EF23E16280E82817A10534B17135D9ABFFF92B6B3FA4FAC00223000049221DAD95F5629406FB389
0EF1D31627D182817A1052F91713429AAFFF92B6B3FA4FAC00222F00049221DAD95F5629406FD38A
0EF17F1627A882817A1052AF1713189AAFFF92B6B3FA4FAC00322F00049221DAD95F5629406FD38B
0EF14F16279E8281731052611713039AAFFF92B6B3FA4FAC07722E00049221DAD95F5629406FD38C
0EF13016279E82817A10521A1712DA9AAFFF92B6B3FA4FAC56122F00049221DAD95F5629406FD38D
0EF1371627AE82817A1051CC1712BA9A9FFF92A6B3FA4FAC80622F00049221DAD95F5629406FD38E
0EF17E1627B58281731051911712959A9FFF92A6B3FA4FAC85A23000049221DAD95F5629406FB38F
0EF1601627A982817A10514E17127B9A9FFF92A6B3FA3FAC82523000049321DAD95F5629406FD390
0EF13A16279C82817A1051121712569A8FFF9296B3FA4FAC80923000049221DAD95F5629406FD391
0EF13716278A82817A1050E61712319A8FFF9296B3FA4FAC80522F00049221DAD95F5629406FD392
0EF1931627768281731050BD1712179A7FFF9296B3FA4FAC80722E00049221DAD95F5629406FD393
0EF19316275F82817710509F1711FD9A7FFF9296B3FA4FAC80922E00049221DAD95F5629406FD394
0EF14C1627398281731050981711E89A6FFF9286B3FA3FAC80922E00049321DAD95F5629406FD395
0EF10116272882817310508D1711DD9A5FFF9286B3FA3FAC80922E00049121DAD95F5629406FD396
0EF0F716273182817A10508D1711E29A5FFF9286B3FA4FAC80922E00049221DAD95F5629406FD397
0EF1011627408281731050A31711D59A5FFF9276B3FA4FAC52822E00049221DAD95F5629406FD398
0EF0E216274A8281731050A71711C89A4FFF9276B3FA4FAC0E722E00049221DAD95F5629406FD399
0EF0FA1627648281731050C11711C89A3FFF9276B3FA5FAD00022F00049221DAD95F5629406FD39A
0EF13B16278A8281731050CC1711BE9A2FFF9276B3FA5FAE00022F00049121DAD95F5629406FB39B
0EF17B16279E8281731050DB1711AE9A2FFF9276B3FA5FAE00022E00049121DAD85F5629416FD39C
0EF1AB1627BD8281731050F11711999A1FFF9276B3FA5FAE00522E00049121DAD85F5629406FD39D
0EF1DA1627D982816B10510317118E9A1FFF9266B3FA5FAE00522E00049221DAD85F5629406FB39E
0EF1C61627DB8281731051291711799A0FFF9266B3FA5FAE00322D00049221DAD85F5629406FD39F
0EF1AF1627B582817310514A17116F99FFFF9266B3FA5FAE00222D00049221DAD85F5629406FD3A0
0EF19916279A82816B10517717117499FFFF9266B3FA5FAE00123000049221DAD85F5629406FB3A1
0EF1C31627908281731051AB17116F99EFFF9266B3FA5FAE00223100049221DAD85F5629406FD3A2
0EF1FF16278E82816B1051E017116F99DFFF9266B3FA5FAE00323100049321DAD85F5629406FD3A3
0EF21516278F82817310521A17117999DFFF9266B3FA5FAE06923000049221DAD85F5629406FD3A4
0EF21116279582816F10525217117999DFFF9266B3FA5FAE56F22F00049221DAD85F5629406FB3A5
0EF20916279582816B10528D17117999CFFF9266B3FA5FAE83922E00049221DAD85F5629406FD3A6
0EF20016279182816B1052CC17116F99CFFF9266B3FA5FAE89622D00049221DAD85F5629406FD3A7
0EF1F816278882817310530C17116C99BFFF9266B3FA5FAE85F22D00049221DAD85F5629406FD3A8
0EF1D716277982816B10534717116499AFFF9276B3FA5FAE84222D00049221DAD85F5629406FB3A9
0EF1B516276782816B10539117115A99AFFF9276B3FA5FAE83E22D00049221DAD85F5629406FB3AA
0EF19616275782816B1053CF17114F99AFFF9276B3FA5FAE84122E00049221DAD85F5629406FD3AB
0EF17F16274782816B10541717114A99AFFF9276B3FA5FAE84122D00049221DAD85F5629406FB3AC
0EF15616273182816410545E17113A99AFFF9276B3FA5FAE84122D00049321DAD85F5629406FD3AD
0EF11C16271B8281731054A517112B999FFF9276B3FA5FAE84122D00049221DAD85F5629406FB3AE
0EF0F016270E82816B1054E8171120999FFF9276B3FA5FAE84222D00049221DAD85F5629406FD3AF
0EF0C716270582816410552E17111B999FFF9276B3FA5FAE52B23000049221DAD85F5629406FD3B0
0EF0CA16270282816B10557517110B999FFF9276B3FA5FAE0DE23300049321DAD85F5629406FB3B1
0EF0DC1626FB82816B1055B4171106998FFF9276B3FA4FAE00023300049221DAD85F5629406FD3B2
0EF0C01626FB82816B1055FF171106998FFF9276B3FA2FAE00023200049221DAD85F5629406FD3B3
0EF0A11626F982816410563E1710FB998FFF9276B3FA2FAE00023100049221DAD85F5629406FD3B4
0EF0951626E28281641056801710FB998FFF9276B3FA2FAE00522F00049221DAD85F5629406FD3B5
0EF0831626CB8281681056BD1710FB998FFF9276B3FA2FAE00422F00049321DAD85F5629406FD3B6
0EF02A1626B682816B1056F51710FB998FFF9276B3FA2FAE00322E00049221DAD85F5629406FB3B7
0EEFA81626AA82816B10572E1710F6998FFF9276B3FA2FAE00222D00049221DAD85F5629406FD3B8
0EEF8A1626AE8281641057611710F6998FFF9286B3FA2FAE00122F00049221DAD85F5629406FD3B9
0EEFCE1626B182816410578D1710EC998FFF9286B3FA2FAE00223300049321DAD85F5629406FD3BA
0EF0001626B88281641057B71710E6998FFF9286B3FA2FAE00323500049221DAD85F5629406FD3BB
0EF01C1626C282816B1057DF1710E1999FFF9286B3FA2FAE0A923500049321DAD85F5629406FB3BC
0EF02A1626C58281641057F61710D7999FFF9286B3FA2FAE5A623300049321DAD85F5629406FB3BD
0EF03D1626CD82816410580C1710CA999FFF9286B3FA2FAE82523100049321DAD85F5629406FB3BE
0EF04C1626D08281641058221710C2999FFF9296B3FA2FAE86823000049321DAD85F5629406FD3BF
0EF0641626C482816B1058261710BC999FFF9286B3FA2FAE83223100049421DAD85F5629406FD3C0
0EF05E1626C382816410582D1710A799AFFF9286B3FA2FAE81723300049321DAD85F5629406FD3C1
0EF05A1626C58281641058311710A2999FFF9296B3FA2FAE81523400049321DAD85F5629406FB3C2
0EF0611626C982816410582A171098999FFF9296B3FA2FAE81723300049421DAD85F5629406FD3C3
0EF0621626DD82816410582D17108399AFFF9296B3FA2FAE81823200049321DAD85F5629406FD3C4
0EF0831626EF82816410581B17108399AFFF9296B3FA2FAE81823100049421DAD85F5629406FD3C5
0EF0B616270982816410581017108399BFFF9296B3FA2FAE81823000049321DAD85F5629406FD3C6
0EF10816271C82816110580417106E99CFFF9296B3FA2FAE81923000049421DAD85F5629406FD3C7
0EF12A1627328281641057F217106399BFFF9286B3FA2FAE53022F00049321DAD85F5629406FD3C8
0EF13E1627418281641057E717106399CFFF9296B3FA2FAE0E822E00049421DAD85F5629406FB3C9
0EF15616274B8281641057CD17106899CFFF9286B3FA3FAE00022D00049421DAD85F5629406FD3CA
0EF17B1627518281641057BA17106399DFFF9296B3FA4FAD00022C00049321DAD85F5629406FB3CB
0EF18516275282815C1057A717105E99DFFF9286B3FA4FAC00022B00049421DAD85F5629406FC3CC
0EF17F16275A82816410578E17105999DFFF9286B3FA4FAC00522B00049321DAD85F5629406FD3CD
0EF18516275D82816410577E17105999DFFF9286B3FA3FAC00522A00049421DAD85F5629406FD3CE
0EF19D16276482816410576417105E99EFFF9286B3FA4FAC00322A00049421DAD85F5629406FB3CF
0EF1A416276482815C10574E17104E99EFFF9286B3FA3FAC00222A00049421DAD85F5629406FD3D0
0EF1A016276282816410573C17105999FFFF9286B3FA4FAC00222B00049421DAD85F5629406FB3D1
0EF19316276582816410572117105999FFFF9286B3FA4FAC00122B00049421DAD85F5629406FB3D2
0EF18516277582815C10571617105999FFFF9286B3FA4FAC00322C00049421DAD85F5629406FB3D3
0EF19316278D8281641056FD17105E9A0FFF9286B3FA4FAC06D22C00049421DAD85F5629406FB3D4
0EF1BC16279A8281641056F11710539A0FFF9286B3FA3FAC57F22E00049421DAD85F5629406FD3D5
0EF1EB1627A282815C1056DE1710599A1FFF9286B3FA4FAC84D22F00049421DAD85F5629406FD3D6
0EF1E21627988281641056D117104E9A1FFF9286B3FA4FAC8A922F00049421DAD85F5629406FD3D7
0EF17B1627908281611056C41710599A1FFF9286B3FA4FAC87222E00049521DAD85F5629406FD3D8
0EF1341627968281641056B91710499A2FFF9286B3FA4FAC85422D00049421DAD85F5629406FD3D9
0EF1601627BB82815C1056B11710599A2FFF9286B3FA4FAC85022D00049521DAD85F5629406FD3DA
0EF1FF1627E78281641056AC17104E9A2FFF9286B3FA3FAC85322D00049521DAD85F5629406FB3DB
0EF2CD1627F782815C1056A61710539A3FFF9286B3FA4FAC85322D00049421DAD85F5629406FD3DC
0EF3371627F98281641056A317104E9A3FFF9286B3FA3FAC85322D00049521DAD85F5629406FD3DD
0EF3371627F08281641056A317103E9A3FFF9276B3FA4FAC85322C00049521DAD85F5629406FD3DE
0EF31C1627F982815C10569D17103E9A4FFF9276B3FA4FAC85422C00049521DAD85F5629406FD3DF
0EF2F316280A82816410569F1710349A4FFF9276B3FA3FAC56622C00049521DAD85F5629406FD3E0
0EF2C316281B82815C10569F17103E9A5FFF9276B3FA4FAC0F722C00049521DAD85F5629406FC3E1
0EF2C416282C82816410569D17102F9A5FFF9276B3FA4FAC00022D00049521DAD85F5629406FD3E2
0EF2F91628348281641056A317102F9A5FFF9276B3FA3FAC00022D00049521DAD85F5629406FD3E3
0EF32916283882815C1056A61710299A5FFF9276B3FA3FAC00022D00049521DAD85F5629406FD3E4
0EF35C1628218281641056A61710249A6FFF9276B3FA3FAC00522C00049521DAD85F5629406FB3E5
0EF3811627F682815C1056A817101A9A6FFF9276B3FA3FAC00522C00049521DAD85F5629406FD3E6
0EF30A1627D28281641056AE17101F9A6FFF9276B3FA3FAC00322C00049521DAD85F5629406FD3E7
0EF20D1627B58281641056B51710149A6FFF9276B3FA3FAC00222C00049521DAD85F5629406FD3E8
0EF1751627AB82814E1056BB1710149A7FFF9266B3FA3FAC00122C00049621DAD85F5629406FD3E9
0EF14C1627A882816F1056B91710059A7FFF9266B3FA3FAC00122C00049521DAD85F5629406FD3EA
0EF10E1627A88281641056BD1710059A7FFF9266B3FA3FAC00322C00049521DAD85F5629406FB3EB
0EF0D41627BF82815C1056C0170FFA9A7FFF9266B3FA3FAC0D122C00049621DAD85F5629406FD3EC
0EF0B01627E38281641056C2170FFA9A8FFF9266B3FA3FAC5F422B00049621DAD85F5629406FD3ED
0EF10816280D82815C1056CC170FF09A8FFF9256B3FA3FAC86922B00049621DAD85F5629406FD3EE
0EF16A1628238281641056C4170FE59A8FFF9256B3FA3FAC8A522C00049621DAD85F5629406FD3EF
0EF2061628568281641056C8170FE59A8FFF9256B3FA3FAC86D22B00049621DAD85F5629406FB3F0
0EF25C16287382815C1056CD170FDB9A9FFF9256B3FA3FAC85322B00049621DAD85F5629406FD3F1
0EF2541628658281641056C8170FDB9A9FFF9256B3FA3FAC85022B00049621DAD85F5629406FD3F2
0EF27B1628558281641056C8170FD09A9FFF9246B3FA3FAC85322B00049621DAD85F5629406FD3F3
0EF2B616284182815C1056BF170FC69A9FFF9246B3FA3FAC85322B00049721DAD85F5629406FD3F4
0EF27B1628258281641056C0170FC69A9FFF9246B3FA3FAC85322C00049721DAD85F5629406FD3F5
0EF2BF1628148281641056B9170FBB9A9FFF9246B3FA3FAC85322C00049721DAD85F5629406FD3F6
0EF33716281682815C1056B5170FB69A9FFF9236B3FA3FAC85322C00049621DAD85F5629406FD3F7
0EF3111628158281641056B0170FB19AAFFF9236B3FA3FAC58F22C00049621DAD85F5629406FD3F8
0EF2CA16281282816410569F170FA19AAFFF9236B3FA3FAC10B22D00049621DAD85F5629406FD3F9
0EF2B216281682815C105697170FA19AAFFF9236B3FA3FAC00022D00049721DAD85F5629406FD3FA
0EF301162836828168105692170F919AAFFF9236B3FA3FAC00022D00049621DAD85F5629406FD3FB
0EF39A16286482816410567D170FA19AAFFF9236B3FA3FAC00022E00049721DAD85F5629406FD3FC
0EF38516287682815C105672170F8C9ABFFF9226B3FA3FAC00522D00049621DAD85F5629406FD3FD
0EF32D16284E82816410566B170F829ABFFF9226B3FA3FAC00522D00049621DAD85F5629406FD3FE
0EF2DF162812828164105657170F879ABFFF9226B3FA3FAC00322D00049721DAD85F5629406FD3FF
0EF3481627F082816410563E170F829ABFFF9226B3FA3FAC00122D00049721DAD85F5629406FD300
0EF3C91627F1828164105633170F779ABFFF9226B3FA3FAC00222E00049621DAD85F5629406FB301
0EF3741627D1828164105628170F7C9ABFFF9226B3FA3FAC00122E00049621DAD85F5629406FD302
0EF29D16277F828164105611170F6D9ABFFF9216B3FA3FAC00322E00049621DAD85F5629406FD303
0EF1C51627328281641055FB170F729ABFFF9216B3FA3FAC08C22E00049621DAD85F5629406FD304
0EF14C1627058281641055EC170F779ABFFF9216B3FA3FAC5CE22E00049621DAD85F5629406FD305
0EF12D1626F68281641055DA170F6D9ACFFF9216B3FA3FAC89522E00049621DAD85F5629406FD306
0EF10B1626F68281641055C3170F6D9ACFFF9216B3FA3FAC8E922E00049521DAD85F5629406FD307
0EF0EC1626FB8281641055B4170F679ACFFF9216B3FA3FAC8B022D00049621DAD85F5629406FD308
0EF0C71626FC8281641055A2170F6D9ACFFF9216B3FA3FAC89222E00049621DAD85F5629406FD309
0EF0B61626F282816410558F170F6D9ACFFF9216B3FA3FAC88F22F00049621DAD85F5629406FD30A
0EF0B21626D482816B105579170F629ACFFF9216B3FA3FAC89123000049621DAD85F5629406FB30B
0EF0911626A5828168105566170F5D9ACFFF9216B3FA3FAC89322F00049621DAD85F5629406FD30C
0EF053162677828164105557170F5D9ACFFF9216B3FA3FAC89322E00049621DAD85F5629406FD30D
0EF003162650828164105541170F5D9ACFFF9216B3FA3FAC89322E00049621DAD85F5629406FD30E
0EEFB616264082816B105532170F529ACFFF9216B3FA3FAC89322D00049621DAD85F5629406FD30F
0EEF9416263D828164105520170F589ACFFF9226B3FA3FAC5DD22D00049621DAD85F5629406FD310
0EEF8D16262E82816B105511170F539ACFFF9226B3FA3FAC12522D00049621DAD85F5629406FD311
0EEF8616261A8281641054FA170F529ACFFF9226B3FA3FAC00022E00049521DAD85F5629406FD312
0EEF7216260682816B1054EB170F4D9ACFFF9226B3FA2FAC00022E00049621DAD85F5629406FD313
0EEF651625F282816B1054D5170F4D9ACFFF9226B3FA1FAC00022D00049521DAD85F562A416FD314
0EEF421625F08281641054C7170F489ACFFF9226B3FA1FAC00522D00049521DAD85F562A406FC315
0EEEEA1625EF82816B1054B4170F489ACFFF9226B3FA1FAC00522D00049621DAD85F562A406FD316
0EEEB01625F882816B1054A1170F439ACFFF9226B3FA1FAC00322D00049621DAD85F562A406FD317
0EEEBE16260E82816B105496170F439ACFFF9236B3FA1FAC00222D00049621DAD85F562A406FD318
0EEF1316262782816B10547F170F439ACFFF9236B3FA1FAC00122D00049521DAD85F562A406FD319
0EEF4D16263182816B10546E170F439ACFFF9236B3FA1FAC00122D00049521DAD85F562A406FD31A
0EEF7C16263082816B10545E170F389ACFFF9236B3FA1FAC00222E00049521DAD85F562A406FD31B
0EEF9A16263D82816B105453170F3D9ACFFF9236B3FA1FAC0B522E00049521DAD85F562A406FD31C
0EEFB616264282816F105440170F389ACFFF9246B3FA1FAC61522D00049521DAD85F562A406FD31D
0EEFAC16264282816B10542E170F339ACFFF9246B3FA1FAC8C622E00049521DAD85F562A406FD31E
0EEFAB16263B82816B105419170F339ACFFF9246B3FA1FAC90F22F00049521DAD85F562A406FD31F
0EEF9E16262682817310540C170F339ACFFF9246B3FA1FAC8D522F00049521DAD85F562A406FD320
0EEF8316261082816B1053FA170F289ACFFF9256B3FA1FAC8B922E00049521DAD85F562A406FD321
0EEF6B1625F98281731053E3170F2E9ACFFF9256B3FA1FAC8B522E00049521DAD85F562A406FD322
0EEF571625E782816B1053D8170F1E9ACFFF9256B3FA1FAC8B822F00049421DAD85F562A406FD323
0EEF3C1625DB82816B1053C9170F199ACFFF9266B3FA1FAC8B922F00049421DAD85F562A406FD324
0EEF131625C98281731053B7170F0E9ACFFF9266B3FA1FAC8B922F00049421DAD85F562A406FD325
0EEEED1625B58281731053A3170F099ACFFF9266B3FA1FAC8B923000049421DAD85F562A406FD326
0EEED61625A582817310538E170F099ACFFF9276B3FA1FAC8B922F00049521DAD85F562A406FD327
0EEEC81625A182816B105377170EFE9ACFFF9276B3FA1FAC53322F00049421DAD85F562A406FD328
0EEEB116259282817310536C170EF49ACFFF9276B3FA1FAC0CD22E00049321DAD85F562A406FD329
0EEE9C16258D82817A105356170EE99ACFFF9286B3FA1FAC00022E00049421DAD85F562A406FD32A
0EEE8E16258D828173105340170EDA9ACFFF9286B3FA1FAD00022F00049421DAD85F562A406FD32B
0EEE81162590828173105329170EDA9ACFFF9296B3FA2FAD00022F00049421DAD85F562A406FD32C
0EEE6C16259282817310530F170ECF9ACFFF9296B3FA2FAD00522F00049321DAD85F562A406FD32D
0EEE6516258B82816F1052F5170EBA9ACFFF9296B3FA2FAD00422F00049421DAD85F562A406FD32E
0EEE7A1625818281731052DB170EB59ABFFF92A6B3FA2FAD00322E00049321DAD85F562A406FD32F
0EEE851625898281731052BE170EAA9ABFFF92A6B3FA2FAD00222E00049421DAD85F562A406FD330
0EEE7616259482817A1052A0170E959ABFFF92B6B3FA2FAD00122E00049321DAD85F562A406FD331
0EEE6916259A82817310527B170E8B9ACFFF92B6B3FA2FAD00122E00049321DAD85F562A406FD332
0EEE5416258D82817A105259170E7B9ACFFF92C6B3FA2FAD00322F00049321DAD85F562A406FD333
0EEE29162579828173105234170E669ACFFF92C6B3FA2FAD0D622F00049321DAD85F562A406FD334
0EEE1416257482817A10521A170E5C9ACFFF92C6B3FA2FAD5F922F00049321DAD85F562A406FD335
0EEE2816256C8281731051FE170E429ACFFF92D6B3FA2FAD86A22F00049421DAD85F562A406FD336
0EEE2B16255782817A1051E2170E329ACFFF92D6B3FA2FAD8A422E00049321DAD85F562A406FD337
0EEE1C1625498281731051D0170E1D9ACFFF92D6B3FA2FAD86D22D00049421DAD85F562A406FD338
0EEE0D16253C82817A1051C1170E0D9ACFFF92E6B3FA2FAD85322D00049321DAD85F562A406FD339
0EEE0916253E82817A1051B2170DF89ACFFF92E6B3FA2FAD85022D00049321DAD85F562A406FD33A
0EEE0916253E82817A10519C170DE39ACFFF92E6B3FA2FAD85322D00049421DAD85F562A406FD33B
0EEE12162539828173105189170DD39ACFFF92F6B3FA2FAD85322D00049321DAD85F562A406FD33C
0EEE1716252C82817A105177170DB49ACFFF92F6B3FA2FAD85322D00049221DAD85F562A406FD33D
0EEE17162528828177105159170DA99ACFFF92F6B3FA2FAD85322D00049321DAD85F562A406FD33E
0EEDFF16252982817A10513F170D8A9ACFFF9306B3FA2FAD85422D00049321DAD85F562A406FD33F
0EEDE216252882817A10512C170D809ACFFF9306B3FA2FAD58522D00049321DAD85F562A406FD340
0EEDDA16252B82817A10510B170D6B9ACFFF9306B3FA2FAD10622D00049321DAD85F562A406FD341
0EEDCF16252A8281731050ED170D5B9ACFFF9306B3FA2FAD00022D00049321DAD85F562A406FD342
0EEDB81625298281821050C8170D3B9ACFFF9316B3FA2FAD00022D00049321DAD85F562A406FD343
0EEDA91625288281731050A3170D2C9ACFFF9316B3FA1FAD00022D00049321DAD85F562A406FD344
0EED9916252582817A10507E170D1A9ACFFF9316B3FA1FAD00522E00049321DAD85F562A406FD345
0EED9616252382817A105051170D079ABFFF9316B3FA1FAD00523200049321DAD85F562A406FD346
0EEDC216252F82817A105021170CFC9ABFFF9316B3FA1FAD00323600049321DAD85F562A406FD347
0EEDFA16252782817A104FE9170CF79ACFFF9316B3FA1FAD00223500049321DAD85F562A406FD348
0EEDE016252382817A104FB2170CED9ACFFF9316B3FA1FAD00223300049421DAD85F562A406FD349
0EEDB116252382817A104F6B170CE29ABFFF9316B3FA1FAD00223200049421DAD85F562A406FD34A
0EED8516252082817A104F1D170CE79ABFFF9316B3FA1FAD00323000049321DAD85F562A406FD34B
0EED7616252282817A104ECF170CE79ABFFF9316B3FA1FAD0E122F00049421DAD85F562A406FD34C
0EED8116253982817A104E6F170CEB9ABFFF9316B3FA1FAD5D722E00049321DAD85F562A406FB34D
0EEDC5162557828164104E1D170CD89ABFFF9316B3FA1FAD82522D00049321DAD85F562A406FD34E
0EEDFC16257182818D104DCC170CC39ABFFF9306B3FA1FAD85822D00049321DAD85F562A406FD34F
0EEE0716257C828182104D6F170CAE9AAFFF9306B3FA1FAD82322E00049321DAD85F562A406FD350
0EEDF516258582817A104D1D170CA99AAFFF9306B3FA1FAD80A22F00049321DAD85F562A406FD351
0EEDFC16258182817A104CD3170C949AAFFF9306B3FA1FAD80822F00049421DAD85F562A406FD352
0EEE1716259082817A104C85170C849A9FFF92F6B3FA1FAD80A22F00049421DAD85F562A406FD353
0EEE9C16259782817A104C44170C729A9FFF92F6B3FA1FAD80B23000049421DAD85F562A406FD354
0EEF271625A9828173104C00170C559A9FFF92F6B3FA1FAD80B23100049421DAD85F562A406FD355
0EEF571625CA82817A104BC1170C459A9FFF92F6B3FA1FAD80B23100049421DAD85F562A406FD356
0EEF831625F582817A104B89170C359A8FFF92E6B3FA1FAD80B23000049421DAD85F562A406FD357
0EEFBF16261F82817A104B47170C119A8FFF92E6B3FA1FAD56D22F00049421DAD85F562A406FD358
0EF02716263482817A104B04170BFC9A7FFF92E6B3FA1FAD10922F00049421DAD85F562A406FB359
0EF05A16263582817A104AC9170BEE9A7FFF92D6B3FA1FAD00022F00049421DAD85F562A406FD35A
0EF03216262882817A104A83170BD29A7FFF92D6B3FA1FAD00022F00049421DAD85F562A406FD35B
0EEFE6162627828173104A3C170BC29A6FFF92D6B3FA2FAD00023000049421DAD85F562A406FD35C
0EEFAC16263082817A1049FB170BB29A5FFF92C6B3FA2FAC00523200049421DAD85F562A406FD35D
0EEF9016264D8281731049B3170BA39A5FFF92C6B3FA2FAC00423300049521DAD85F562A406FD35E
0EEF7916268082817E104974170B939A4FFF92C6B3FA2FAC00323300049421DAD85F562A406FD35F
0EF0051626BE82817310492E170B909A4FFF92B6B4FA2FAC00223300049421DAD85F562A406FD360
0EF07D1626B982817A1048EF170B7E9A3FFF92B6B4FA2FAC00123200049421DAD85F562A406FD361
0EF0971626908281731048B4170B799A2FFF92A6B4FA2FAC00223100049421DAD85F562A406FD362
0EF06E16266682817A10486E170B699A2FFF92A6B4FA2FAC00323000049521DAD85F562A406FD363
0EEFF5162641828173104835170B599A1FFF92A6B4FA2FAC07522F00049421DAD85F562A406FD364
0EEFC416263182817A1047F7170B569A0FFF9296B3FA2FAC58B22F00049421DAD85F562A406FD365
0EEF8D16262B8281731047B5170B4F9A0FFF9296B3FA2FAC84F22E00049421DAD85F562A406FD366
0EEF7F16262C828173104786170B4999FFFF9286B3FA2FAC8A922E00049521DAD85F562A406FD367
0EEF50162614828173104758170B3F99EFFF9286B4FA2FAC87123600049521DAD85F562A406FD368
0EEF1A1625FC82817A104730170B2F99DFFF9276B4FA2FAC85423A00049521DAD85F562A406FD369
0EEF191625F082816B104717170B1C99CFFF9276B4FA2FAC85023900049421DAD85F562A406FD36A
0EEF131625DA82817A1046F1170B1A99CFFF9276B3FA2FAC85323600049521DAD85F562A406FD36B
0EEEBA1625BA8281731046D7170B0B99BFFF9266B4FA2FAC85423400049521DAD85F562A406FD36C
0EEE4B16258F82816B1046BE170B0599AFFF9266B4FA2FAC85423200049521DAD85F562A406FD36D
0EEE2516258A8281731046A0170AF6999FFF9256B4FA2FAC85323100049521DAD85F562A406FD36E
0EEE4A16259F82816F10468A170AF7998FFF9256B4FA2FAC85423000049521DAD85F562A406FD36F
0EEE4A1625C1828173104677170AEB997FFF9256B4FA2FAC4FB23100049521DAD85F562A406FD370
0EEEA01625EB82817310465D170AE6996FFF9246B4FA2FAC0C623000049521DAD85F562A406FD371
0EEEF416261182816B104652170AE6995FFF9246B4FA2FAC00022F00049521DAD85F562A406FD372
0EEF3C16262C828164104652170AEB995FFF9236B4FA2FAC00022F00049521DAD85F562A406FD373
0EEF6116263382817A104643170AE7994FFF9236B4FA3FAD00022E00049521DAD85F562A406FD374
0EEF8216262C82816B104647170AF0993FFF9226B4FA3FAE00522E00049521DAD85F562A406FD375
0EEF8316260F82816B104652170AEB993FFF9226B4FA3FAE00422D00049521DAD85F562A406FD376
0EEF4D1625DC82816B104647170AF6992FFF9216B4FA3FAE00322F00049521DAD85F562A406FD377
0EEEC11625B582816B10464B170B00991FFF9216B4FA3FAE00223200049521DAD85F562A406FD378
0EEE731625B682816B10465D170B02990FFF9216B4FA3FAE00123200049521DAD85F562A406FD379
0EEE691625C982816B104661170B0B98FFFF9206B4FA3FAE00123100049521DAD85F562A406FD37A
0EEE581625DD82816B10466C170B0B98FFFF9206B4FA3FAE00223100049521DAD85F562A406FD37B
0EEE701625E282816B104682170B1A98EFFF91F6B4FA3FAE06923100049521DAD85F562A406FD37C
0EEE321625DB828164104698170B1C98DFFF91F6B4FA3FAE58B23100049521DAD85F562A406FD37D
0EEE7D1625EF8281641046AB170B2598DFFF91F6B4FA3FAE86723100049621DAD85F562A406FD37E
0EEECF16260282816B1046C1170B2A98CFFF91E6B4FA3FAE8C723100049621DAD85F562A406FD37F
0EEF0F1626118281611046D7170B2F98CFFF91E6B4FA3FAE89023200049621DAD85F562A406FD380
0EEF5A16262782816B1046F2170B3A98BFFF91E6B4FA3FAE87123100049721DAD85F562A406FD381
0EEF9B16264482815C10470E170B4198BFFF91E6B4FA3FAE86D23000049721DAD85F562A406FD382
0EEFB816265882816B104735170B4498AFFF91D6B4FA3FAE86F23000049621DAD85F562A406FD383
0EEFCB16265882815C10475C170B4998AFFF91D6B4FA3FAE87123200049721DAD85F562A406FD384
0EEFCB162647828164104781170B49989FFF91D6B4FA3FAE87123200049721DAD85F562A406FD385
0EEFAB1626308281641047B3170B54989FFF91D6B4FA3FAE87123100049721DAD85F562A406FD386
0EEF8016260F8281641047E5170B5E988FFF91D6B4FA3FAE87122F00049721DAD85F562A406FD387
0EEF4D1625E882815C104819170B60987FFF91D6B4FA3FAE55922E00049721DAD85F562A406FD388
0EEF271625D2828164104857170B6E987FFF91C6B4FA3FAE0EB22D00049721DAD85F562A406FD389
0EEEFB1625B482815C10489A170B73987FFF91C6B4FA3FAE00022D00049721DAD85F562A406FD38A
0EEED616259982815C1048D2170B83987FFF91C6B4FA3FAE00022C00049721DAD85F562A406FD38B
0EEEBE16258782815C10491C170B88987FFF91C6B4FA3FAE00022C00049821DAD85F562A406FD38C
0EEEC816258682815C10496A170B95986FFF91C6B4FA1FAE00522C00049721DAD85F562A406FD38D
0EEEBA16258B82815C1049B0170B9D986FFF91C6B4FA1FAE00422C00049721DAD85F562A406FD38E
0EEE9C16258682815C1049F6170BA8985FFF91C6B4FA1FAE00322D00049721DAD85F562A406FD38F
0EEE8816257482815C104A40170BAD986FFF91C6B4FA1FAE00222D00049721DAD85F562A406FD390
0EEE7316256B828146104A7D170BB2985FFF91C6B4FA1FAE00222D00049721DAD85F562A406FD391
0EEE6916256282816F104AC1170BBA985FFF91C6B4FA1FAE00122D00049721DAD85F562A406FD392
0EEE5E16255C828155104AFD170BC2985FFF91C6B4FA1FAE00322D00049721DAD85F562A406FD393
0EEE5216255782815C104B3C170BC2985FFF91C6B4FA1FAE07622D00049721DAD85F562A406FD394
0EEE3C16255582815C104B73170BD2985FFF91C6B4FA1FAE5A122F00049721DAD85F562A406FD395
0EEE3C162568828155104BA7170BDC985FFF91C6B4FA1FAE87123000049821DAD85F562A406FD396
0EEE36162575828155104BD7170BDC985FFF91C6B4FA1FAE8CB22F00049821DAD85F562A406FD397
0EEE3E16257C828155104C07170BE9985FFF91C6B4FA1FAE89422D00049821DAD85F562A406FD398
0EEE4716257B82815C104C34170BE7985FFF91C6B4FA1FAE87522D00049821DAD85F562A406FD399
0EEE39162571828155104C51170BF1985FFF91D6B4FA1FAE87222D00049821DAD85F562A406FD39A
0EEE2D16256B828155104C78170BF6985FFF91D6B4FA1FAE87422D00049821DAD85F562A406FD39B
0EEE36162569828155104C90170BFC985FFF91D6B4FA1FAE87522D00049821DAD85F562A406FD39C
0EEE3C162569828155104CAE170C06985FFF91D6B4FA1FAE87522D00049821DAD85F562A406FD39D
0EEE3C162566828155104CC4170C0E985FFF91D6B4FA1FAE87522D00049821DAD85F562A406FD39E
0EEE41162568828155104CDB170C0B985FFF91D6B4FA1FAE87522D00049821DAD85F562A406FD39F
0EEE43162569828155104CF1170C0B985FFF91E6B4FA1FAE5A822C00049821DAD85F562A406FD3A0
0EEE4A162562828155104D00170C06985FFF91E6B4FA1FAE11022B00049821DAD85F562A406FD3A1
0EEE43162563828155104D0E170BF6985FFF91E6B4FA1FAE00022A00049821DAD85F562A406FD3A2
0EEE4116255982813F104D20170BEC986FFF91F6B4FA1FAE00022B00049821DAD85F562A406FD3A3
0EEE28162546828168104D30170BC9985FFF91F6B4FA1FAE00022C00049821DAD85F562A406FD3A4
0EEDF5162536828155104D37170BB2986FFF91F6B4FA3FAD00522D00049821DAD85F562A406FD3A5
0EEDE016252B828155104D4A170B7E986FFF91F6B4FA3FAC00522D00049821DAD85F562A406FD3A6
0EEDCB16251E828155104D59170B3F986FFF91F6B4FA4FAC00322D00049821DAD85F562A406FD3A7
0EEDA3162512828155104D34170B00987FFF91F6B4FA3FAC00222D00049821DAD85F562A406FD3A8
0EED8816250C828155104B98170ABD987FFF91F6B4FA4FAC00222D00049821DAD85F562A406FD3A9
0EED8516250D82814E1047E7170A73987FFF91F6B4FA4FAC00222D00049821DAD85F562A406FD3AA
0EEDAC16251782815C10426A170A1F987FFF91F6B4FA3FAC00322D00049821DAD85F562A406FD3AB
0EEDD3162528828155103BAA1709DB987FFF9206B4FA3FAC09B22D00049921DAD85F562A406FD3AC
0EEDDA16253882814E103560170991987FFF9206B4FA4FAC5C322D00049821DAD85F562A406FD3AD
0EEDFF16254E828155102FED170948988FFF9206B4FA3FAC86922F00049821DAD85F562A406FD3AE
0EEE1816255582815C102B0217090F988FFF9206B4FA4FAC8B523000049821DAD85F562A406FD3AF
0EEE1716255282815510263A1708DA989FFF9216B4FA4FAC87E23000049921DAD85F562A406FD3B0
0EEE1716255782815510219E1708A5989FFF9216B4FA3FAC86122F00049821DAD85F562A406FD3B1
0EEE1E16256182815C101D76170871989FFF9216B4FA4FAC85E22F00049821DAD85F562A406FD3B2
0EEE1C1625618281551019BB17083D989FFF9216B4FA4FAC86122E00049821DAD85F562A406FD3B3
0EEE1E16255F82815C101603170802989FFF9216B4FA3FAC86222E00049821DAD85F562A406FD3B4
0EEE1716255882813F10128A1707BA98AFFF9216B4FA3FAC86222E00049921DAD85F562A406FD3B5
0EEDF516254682816F100F4017077698AFFF9226B4FA3FAC86222E00049821DAD85F562A406FD3B6
0EEDE616253682815C100BEF17073F98BFFF9226B4FA3FAC86222E00049821DAD85F562A406FD3B7
0EEDF116253282815C10084117070E98BFFF9226B4FA4FAC5DA23000049821DAD85F562A406FD3B8
0EEDE716252482815C1004531706EB98CFFF9226B4FA4FAC12E23200049821DAD85F562A406FD3B9
0EEDDD16251B82815C1000961706CA98CFFF9236B4FA4FAC00023100049821DAD85F562A406FD3BA
0EEDDC1625338281640FFD191706B598DFFF9236B4FA4FAC00023000049821DAD85F562A406FD3BB
0EEDEB16256582815C0FFA2E1706A798DFFF9236B4FA4FAC00022F00049821DAD85F562A406FD3BC
0EEE1716259A8281640FF81317069B98DFFF9236B4FA4FAD00522F00049821DAD85F562A406FD3BD
0EEE3C16259B82815C0FF69317068698EFFF9236B4FA4FAD00522E00049721DAD85F562A406FD3BE
0EEE301625858281640FF58417068298EFFF9246B4FA4FAD00322D00049821DAD85F562A406FD3BF
0EEE431625908281640FF4B517069098FFFF9246B4FA3FAD00222E00049821DAD85F562A406FD3C0
0EEE7D1625B88281640FF41C1706A298FFFF9246B4FA3FAD00122E00049821DAD85F562A406FD3C1
0EEE911625B68281640FF3A11706BA990FFF9246B4FA4FAD00222F00049821DAD85F562A406FD3C2
0EEEB11625D582816B0FF33B1706CF990FFF9256B4FA4FAD00223000049821DAD85F562A406FD3C3
0EEEFB1626008281640FF2DC1706E1991FFF9256B4FA3FAD0AF23100049821DAD85F562A406FD3C4
0EEF201625E182816B0FF277170703991FFF9256B4FA3FAD59123100049821DAD85F562A406FD3C5
0EEF051625BA82816B0FF206170715992FFF9256B4FA4FAD7FB23100049721DAD85F562A406FD3C6
0EEF0C1625BF82816F0FF199170723992FFF9256B4FA4FAD83B23000049821DAD85F562A406FD3C7
0EEEF81625DA82816B0FF13B170732993FFF9256B4FA3FAD80522F00049821DAD85F562A406FD3C8
0EEF161625EA8281730FF0F317073F993FFF9266B4FA3FAD7EB22F00049721DAD85F562A406FD3C9
0EEF271625E682816B0FF0B8170742994FFF9266B4FA4FAD7E922F00049821DAD85F562A406FD3CA
0EEEE71625DF8281730FF089170742995FFF9266B4FA3FAD7EB22F00049721DAD85F562A406FD3CB
0EEEE01625EC8281730FF05E170730996FFF9266B4FA4FAD7EC22E00049821DAD85F562A406FD3CC
0EEEF81625EF8281730FF036170723996FFF9276B4FA3FAD7EC22D00049721DAD85F562A406FD3CD
0EEEFE1625ED8281730FF012170703997FFF9276B4FA4FAD7EC22D00049721DAD85F562A406FD3CE
0EEF1A1625FC8281730FEFF51706E1997FFF9276B4FA3FAD7EC22D00049821DAD85F562A406FD3CF
0EEF6116261382817A0FEFDB1706BA998FFF9276B4FA4FAD4E122D00049721DAD85F562A406FD3D0
0EEF7F16261A8281730FEFC217068D999FFF9286B4FA4FAD0CC22D00049721DAD85F562A406FD3D1
0EEF721625F582817A0FEFB0170647999FFF9286B4FA4FAD00022D00049721DAD85F562A406FD3D2
0EEF241625DC82817A0FEFA5170618999FFF9286B4FA3FAD00022D00049721DAD85F562A406FD3D3
0EEED91625B382817A0FEF9E1705DA99AFFF9286B4FA4FAD00022F00049721DAD85F562A406FD3D4
0EEE5E16254C82817A0FEF9A1705A599BFFF9286B4FA3FAD00523100049721DAD85F562A406FD3D5
0EED9C1624D38281820FEF9A17056C99CFFF9296B4FA2FAD00423100049621DAD85F562A406FD3D6
0EED0E16247F82817E0FEF9617053C99CFFF9296B4FA2FAC00323200049721DAD85F562A406FD3D7
0EECE116247082817A0FEFA517051899DFFF9296B4FA2FAC00223100049721DAD85F562A406FD3D8
0EECD016246F8281820FEFBB1704FD99DFFF9296B4FA2FAC00123000049721DAD85F562A406FD3D9
0EECBC16244C82817A0FEFDB1704F999EFFF9296B4FA2FAC00222F00049721DAD85F562A406FD3DA
0EEC861624228281820FF00317051299EFFF92A6B4FA2FAC00222D00049621DAD85F562A406FD3DB
0EEC4F1624038281820FF04417054C99FFFF92A6B4FA2FAC06F22D00049721DAD85F562A406FD3DC
0EEC281623F38281820FF0891705AB9A0FFF92A6B4FA2FAC56F22D00049621DAD85F562A406FD3DD
0EEC041623F28281820FF10117060D9A1FFF92A6B4FA2FAC82D22D00049621DAD85F562A406FD3DE
0EEBED1623ED8281820FF2271706979A1FFF92A6B4FA2FAC88622D00049621DAD85F562A406FD3DF
0EEBD11623EA8281820FF4741707429A2FFF92A6B4FA2FAC85022D00049521DAD85F562A406FD3E0
0EEBD51623E38281820FF81617080E9A2FFF92A6B4FA2FAC83322D00049521DAD85F562A406FD3E1
0EEBC01623DF8281890FFC9E1708D49A3FFF92A6B4FA2FAC82F22D00049621DAD85F562A406FD3E2
0EEBBA1623E382817A1001A017097C9A4FFF92A6B4FA2FAC83122D00049621DAD85F562A406FD3E3
0EEBB51623E58281891006F9170A149A4FFF92A6B4FA2FAC83322D00049621DAD85F562A406FD3E4
0EEBAC1623DE828182100C94170AAC9A5FFF92A6B4FA2FAC83322D00049521DAD85F562A406FD3E5
0EEBA91623D882818210121D170B269A5FFF92A6B3FA2FAC83322D00049521DAD85F562A406FD3E6
0EEBAC1623DD828186101734170B989A6FFF92A6B4FA2FAC83322D00049521DAD85F562A406FD3E7
0EEBB31623DA828182101BE7170BF19A7FFF92A6B4FA2FAC53522D00049421DAD85F562A406FD3E8
0EEBBD1623ED828189102071170C119A7FFF92A6B4FA2FAC0E622D00049521DAD85F562A406FD3E9
0EEBC21623FB8281821024D2170C019A8FFF92A6B4FA2FAC00022D00049421DAD85F562A406FD3EA
0EEBBD1624288281821028F6170BBA9A9FFF92A6B4FA2FAC00023000049421DAD85F562A406FD3EB
0EEBD1162450828182102CB3170B7E9A9FFF9296B4FA2FAC00023500049421DAD85F562B416FD3EC
0EEBF716246482818910300A170B5E9AAFFF9296B4FA2FAD00523600049421DAD85F562B406FD3ED
0EEC4C16248B8281821032E0170B499AAFFF9296B4FA2FAE00423400049421DAD85F562B406FD3EE
0EEC971624C3828182103534170B499ABFFF9296B4FA2FAE00323100049421DAD85F562B406FD3EF
0EECF91624FF828182103729170B699ABFFF9296B4FA2FAE00223000049421DAD85F562B406FD3F0
0EED771625478281821038D6170B7B9ACFFF9296B4FA2FAE00122F00049421DAD85F562B406FD3F1
0EEE3216259A82817A103A38170B989ACFFF9296B4FA2FAE00222E00049421DAD85F562B406FD3F2
0EEEB71625DA828182103B60170BAD9ADFFF9296B4FA2FAE00222E00049421DAD85F562B406FD3F3
0EEF161625E4828182103C45170BC29ADFFF9296B4FA2FAE0B522E00049421DAD85F562B406FD3F4
0EEF3F1625EA82817A103CEC170BE19ADFFF9296B4FA2FAE5D923000049421DAD85F562B406FD3F5
0EEF571625F8828182103D80170BD49AEFFF9286B4FA2FAE86523100049421DAD85F562B406FD3F6
0EEF3F1625E682817E103E1B170BB29AEFFF9286B3FA2FAE8A923000049421DAD85F562B406FD3F7
0EEEE71625B482817A103EDB170B939AEFFF9286B4FA2FAE87122F00049421DAD85F562B406FD3F8
0EEE7D16258082817A103FD4170B449AEFFF9286B4FA2FAE85522F00049421DAD85F562B406FD3F9
0EEE4016255282817A1040DB170AF09AFFFF9286B4FA2FAE85322E00049421DAD85F562B406FD3FA
0EEE2D16254382817A1041DD170A839AFFFF9286B4FA2FAE85522E00049421DAD85F562B406FD3FB
0EEE2B1625368281731042B2170A149AFFFF9286B4FA2FAE85622D00049421DAD85F562B406FD3FC
0EEDFF16250882817A1043771709A19AFFFF9276B4FA2FAE85722D00049321DAD85F562B406FD3FD
0EED881624CA82817A10444E1709389AFFFF9276B4FA2FAE85622D00049321DAD85F562B406FD3FE
0EED0316246A8281731044FE1709039AEFFF9276B4FA2FAE85722E00049421DAD85F562B406FD3FF
0EEC6E1624248281731045981708FA9AEFFF9276B4FA2FAEAEF23000049421DAD85F562B406FD300
0EEC1216241B8281731046381708DA9ADFFF9276B4FA2FAEF0623000049421DAD85F562B406FD301
0EEC3B16243B8281731046D41708CA9ADFFF9266B4FA2FAEFFF22F00049421DAD85F562B406FD302
0EEC421624548281731047721708C09ADFFF9266B4FA2FAEFFF22F00049421DAD85F562B406FD303
0EEC711624778281731047C41708A19ADFFF9266B4FA2FAEFF922E00049421DAD85F562B406FD304
0EECBC16249F82816B1047F21708819ACFFF9266B4FA2FAEFEC22E00049321DAD85F562B406FD305
0EECE81624C282816B10482717085B9ABFFF9266B4FA2FAFFED22E00049321DAD85F562B406FD306
0EED251624E68281551048491708679ABFFF9256B4FA2FAFFEF22E00049421DAD85F562B406FD307
0EED6D16250E82818610485E1708819AAFFF9256B4FA2FAFFEF22D00049321DAD85F562B406FD308
0EEDB016252B82816B10485F1708B59A9FFF9256B4FA2FAFFEF22D00049421DAD85F562B406FD309
0EEDCF1625328281641048751708EF9A9FFF9256B4FA2FAFFEF22D00049421DAD85F562B406FD30A
0EEDFF16254882816B1048A51709239A8FFF9256B4FA2FAFFEF22C00049321DAD85F562B406FD30B
0EEE391625668281641048BF1709439A7FFF9256B4FA2FAFF6222C00049421DAD85F562B406FD30C
0EEE2D16256B82815C1048CE17094D9A7FFF9256B4FA2FAFAC322C00049521DAD85F562B406FD30D
0EEE4016258082816B1048CA17095D9A6FFF9246B4FA2FAF86922C00049621DAD85F562B406FD30E
0EEEAD1625E68281641048C31709689A5FFF9246B4FA2FAF82622C00049621DAD85F562B406FD30F
0EEF611626558281641048C61709729A5FFF9246B4FA2FAF85722C00049621DAD85F562B406FD310
0EEFB516267F82815C1048C31709729A4FFF9246B4FA2FAF87122C00049621DAD85F562B406FD311
0EF00B1626CF8281641048B71709729A3FFF9236B4FA2FAF87322B00049621DAD85F562B406FD312
0EF13E16273482815C1048961709729A3FFF9236B4FA2FAF87222C00049521DAD85F562B406FD313
0EF1BF16275982815C10486317097C9A2FFF9236B4FA2FAF87122D00049621DAD85F562B406FD314
0EF19A16275282815C1048261709829A1FFF9236B4FA2FAF87122D00049521DAD85F562B406FD315
0EF17116274A82815C1047F71709829A1FFF9236B4FA2FAF87122D00049421DAD85F562B406FD316
0EF14C16274582815C1047CB1709729A0FFF9226B4FA2FAF87122D00049521DAD85F562B406FD317
0EF19D16274F8281551047BA17096899FFFF9226B4FA2FAFB2322C00049521DAD85F562B406FD318
0EF1A71627598281591047B817095D99FFFF9226B4FA2FAFF1B22C00049521DAD85F562B406FD319
0EF19016274A82815C1047B117096899EFFF9226B4FA2FAFFFF22D00049521DAD85F562B406FD31A
0EF1851627048281551047A417096799EFFF9226B4FA2FAFFFF23000049421DAD85F562B406FD31B
0EF1781626B282815510479317096299DFFF9216B4FA2FAFFF923300049521DAD85F562B406FD31C
0EF0E21626B782815510478117095D99DFFF9216B4FA2FAFFED23300049521DAD85F562B406FD31D
0EF08E16270882815510476917095D99CFFF9216B4FA3FAFFEE23100049521DAD85F562B406FD31E
0EF0AC16274D82815510475817094D99CFFF9216B4FA3FAEFEF23000049521DAD85F562B406FD31F
0EF0D116276082814E10474D17094899BFFF9206B4FA3FAEFF022F00049421DAD85F562B406FD320
0EF0E216274F82815510473C17094899AFFF9206B4FA3FAEFF022F00049521DAD85F562B406FD321
0EF0E216273682815510473317093D99AFFF91F6B4FA3FAEFF022F00049521DAD85F562B406FD322
0EF0CE16271C82814E10473317093899AFFF91F6B4FA3FAEFF022F00049521DAD85F562B406FD323
0EF0AC1626F8828155104729170938999FFF91F6B4FA3FAEFC222E00049421DAD85F562B406FD324
0EF0971626E782814E10471D17093E999FFF91F6B4FA3FAEB1222D00049521DAD85F562B406FD325
0EF05E1626D582815510470C17093D999FFF91F6B4FA3FAE82522E00049521DAD85F562B406FD326
0EF02A1626C482814E104703170943998FFF91F6B4FA3FAE7B122E00049521DAD85F562B406FD327
0EF0011626B182814E1046FC17093E998FFF91E6B4FA3FAE7E422E00049521DAD85F562B406FD328
0EF01016269A82814E1046F917093D997FFF91E6B4FA3FAE80422E00049621DAD85F562B406FD329
0EF02A16268C82814E1046F8170943997FFF91E6B4FA3FAE80922E00049521DAD85F562B406FD32A
0EF03B1626868281521046F117093E997FFF91E6B4FA3FAE80722E00049521DAD85F562B406FD32B
0EF0281626668281551046EE170938997FFF91E6B4FA3FAE80522E00049421DAD85F562B406FD32C
0EEFE916264D82814E1046ED170933996FFF91D6B4FA3FAE80522D00049421DAD85F562B406FD32D
0EEFDF16263882814E1046EA170923996FFF91D6B4FA3FAE80522C00049421DAD85F562B406FD32E
0EEFEF16262882814E1046DB170904996FFF91D6B4FA3FAE80622D00049421DAD85F562B406FD32F
0EEFC01626158281551045C91708D4995FFF91D6B4FA3FAE56122E00049421DAD85F562B406FD330
0EEF6F1625F282814E1042281708A1995FFF91D6B4FA3FAE10422F00049421DAD85F562B406FD331
0EEF2E1625D582814E103AED170852995FFF91D6B4FA3FAE00023000049421DAD85F562B406FD332
0EEF201625CF82815510318D17080C995FFF91D6B4FA3FAE00023000049421DAD85F562B406FD333
0EEF201625D982814E1029981707BA994FFF91C6B4FA3FAE00023000049521DAD85F562B406FD334
0EEF1D1625E08281551025B6170761993FFF91C6B4FA3FAE00522F00049421DAD85F562B406FD335
0EEF1A1625F182814E102387170715993FFF91C6B4FA3FAE00522F00049421DAD85F562B406FD336
0EEF09162609828155101F701706D4993FFF91C6B4FA2FAE00322F00049521DAD85F562B406FD337
0EEF49162626828155101A901706A0993FFF91C6B4FA2FAE00222F00049521DAD85F562B406FD338
0EEF6E16263D82814E1014B8170668992FFF91C6B4FA2FAE00222F00049521DAD85F562B406FD339
0EEF4916262C828155100D9F170642992FFF91C6B4FA2FAE00222E00049521DAD85F562B406FD33A
0EEF2716260382815C10079217060F992FFF91C6B4FA2FAE00322E00049521DAD85F562B406FD33B
0EEF191625E882814E1003041705E9991FFF91C6B4FA2FAE08122E00049521DAD85F562B406FD33C
0EEF091625DF8281590FFF9F1705CF991FFF91C6B4FA2FAE56922F00049521DAD85F562B406FD33D
0EEEE71625C88281550FFD6A1705A6991FFF91C6B4FA2FAE80123000049521DAD85F562B406FD33E
0EEE9C16259E8281550FFC43170580991FFF91C6B4FA2FAE85123000049521DAD85F562B406FD33F
0EEE6D16257082815C0FFC08170552991FFF91C6B4FA2FAE81C22F00049521DAD85F562B406FD340
0EEE4A1625258281550FFC43170527990FFF91C6B4FA2FAE80022F00049521DAD85F562B406FD341
0EEDEB1624E282815C0FFC971704FE990FFF91C6B4FA2FAE7FC22F00049521DAD85F562B406FD342
0EED921624D782815C0FFCA81704D4990FFF91C6B4FA2FAE7FF22F00049521DAD85F562B406FD343
0EED7D1624EE8281550FFC171704AA990FFF91C6B4FA2FAE80022E00049521DAD85F562B406FD344
0EED741624E682815C0FFB0717048A990FFF91C6B4FA2FAE80122E00049521DAD85F562B406FD345
0EED251624A982815C0FF94C17046B990FFF91D6B4FA2FAE80022D00049521DAD85F562B406FD346
0EEC9316242C82815C0FF74B170456990FFF91D6B4FA2FAE80122E00049521DAD85F562B406FD347
0EEBA216237482815C0FF5C517044698FFFF91D6B4FA2FAE50022E00049521DAD85F562B406FD348
0EEAB71622E582815C0FF49B17043C98FFFF91D6B4FA2FAE0D622E00049621DAD85F562B406FD349
0EEA4B1622A48281640FF3BA17043698FFFF91D6B4FA2FAE00022F00049621DAD85F562B406FD34A
0EEA0716226F82815C0FF30517042798FFFF91D6B4FA2FAE00022F00049521DAD85F562B406FD34B
0EE98D1622198281640FF26C17042198FFFF91D6B4FA2FAE00022F00049621DAD85F562B406FD34C
0EE9271621D48281640FF1E917041798FFFF91D6B4FA2FAE00522E00049621DAD85F562B406FD34D
0EE8DC1621BE82815C0FF17917041298FFFF91D6B4FA2FAE00422E00049621DAD85F562B406FD34E
0EE8AD1621CA8281680FF11E17040898FFFF91D6B4FA1FAE00322E00049521DAD85F562B406FD34F
0EE88E1621CF8281640FF0D21703FD98FFFF91D6B4FA0FAE00222E00049521DAD85F562B406FD350
0EE85E1621B58281640FF0941703F898FFFF91E6B4FA0FAE00122D00049421DAD85F562B406FD351
0EE82F1621A98281640FF0531703F298FFFF91E6B4FA0FAE00222D00049521DAD85F562B406FD352
0EE8431621B682816B0FF01D1703FD98FFFF91E6B4FA0FAE00322D00049521DAD85F562B406FD353
0EE8401621C68281640FEFE6170402990FFF91E6B4FA0FAE06B22C00049521DAD85F562B406FD354
0EE8361621E482816B0FEFC2170408990FFF91E6B4FA0FAE56722C00049421DAD85F562B406FD355
0EE86F1621FC8281640FEF9A170412990FFF91E6B4FA0FAE82622D00049521DAD85F562B406FD356
0EE87A1621EF82816B0FEF81170427990FFF91E6B4FA0FAE88122D00049521DAD85F562B406FD357
0EE8281621CA82816B0FEF6E170437990FFF91E6B4FA0FAE84B22F00049521DAD85F562B406FD358
0EE82C1621B182816B0FEF60170441991FFF91F6B4FA0FAE82D23000049521DAD85F562B406FD359
0EE7F91621A082816B0FEF60170461991FFF91F6B4FA0FAE82922F00049521DAD85F562B406FD35A
0EE7EB1621A882816B0FEF64170475991FFF91F6B4FA0FAE82C22F00049521DAD85F562B406FD35B
0EE8061621B382816B0FEF6E17049F991FFF91F6B4FA0FAE82D22E00049521DAD85F562B406FD35C
0EE7E81621C182816B0FEF881704BA991FFF91F6B4FA0FAE82D22D00049521DAD85F562B406FD35D
0EE8061621BE8281730FEFA51704D4992FFF91F6B4FA0FAE82D22D00049521DAD85F562B406FD35E
0EE8001621B082816B0FEFC51704F9992FFF91F6B4FA0FAE82D22E00049621DAD85F562B406FD35F
0EE7F21621B782816F0FEFED17051D992FFF91F6B4FA0FAE55922E00049421DAD85F562B406FD360
0EE8141621D98281730FF02717053D993FFF91F6B4FA0FAE0F822D00049521DAD85F562B406FD361
0EE8251622138281730FF07717055B993FFF9206B4FA0FAE00022D00049421DAD85F562B406FD362
0EE85116224682816B0FF0E4170586993FFF91F6B4FA0FAE00022D00049421DAD85F562B406FD363
0EE82516224B8281730FF1791705AF993FFF9206B4FA0FAE00022D00049421DAD85F562B406FD364
0EE80A16221E8281730FF2361705DE994FFF9206B4FA0FAE00522D00049421DAD85F562B406FD365
0EE8321622138281730FF32817060F994FFF9206B4FA0FAE00522D00049321DAD85F562B406FD366
0EE8D216224A8281730FF44C170656994FFF9206B4F9FFAE00322E00049421DAD85F562B406FD367
0EE9531622A78281730FF58F17069D995FFF9216B4F9DFAD00222F00049421DAD85F562B406FD368
0EE9E81622F58281730FF6F01706E9995FFF9216B4F9DFAD00123100049321DAD85F562B406FD369
0EEA701623408281730FF866170757996FFF9216B4F9DFAD00223100049321DAD85F562B406FD36A
0EEB1616237E8281730FF9ED1707A3996FFF9216B4F9DFAD00323000049321DAD85F562B406FD36B
0EEBDC1623C78281730FFB831707E9996FFF9226B4F9DFAD06E22F00049221DAD85F562B406FD36C
0EEC6716240082817A0FFD3B170828997FFF9226B4F9DFAD57F22E00049221DAD85F562B406FD36D
0EEC8C1624108281730FFF1517083C997FFF9226B4F9DFAD84B22E00049121DAD85F562B406FD36E
0EEC4816240B82817310010717084D997FFF9236B4F9DFAD8A622E00049121DAD85F562B406FD36F
0EEBED1623E382816F100316170857998FFF9236B4F9DFAD86F22D00049121DAD85F562B406FD370
0EEB9D1623B282817A100547170851999FFF9236B4F9DFAD85223F00049021DAD85F562B406FD371
0EEB7C1623A08281731007AC170848999FFF9236B4F9DFAD84E29400049121DAD85F562B406FD372
0EEB7616238F828173100A3D17083399AFFF9246B4F9DFAD8502FA00049021DAD85F562B406FD373
0EEB6B16238382817A100CF7170821999FFF9246B4F9DFAD85130600049021DAD85F562B406FD374
0EEB57162371828173100FCF170809999FFF9246B4F9DFAD8512D900049021DAD85F562B406FD375
0EEB651623618281731012C517080499CFFF9256B4F9DFAD8512AA00048F21DAD85F562B406FD376
0EEB2B16235282817A1015C31707E299BFFF9256B4F9DFAD85128B00049021DAD85F562B406FD377
0EEAE71623498281731018D71707DA99AFFF9256B4F9DFAD51F27300049021DAD85F562B406FD378
0EEAB116234C828173101BEE1707CF99CFFF9256B4F9DFAD0D626100049021DAD85F562B406FD379
0EEAAA162359828173101EFF1707C399CFFF9256B4F9DFAD00025300049121DAD85F562B406FD37A
0EEA8F16235D82817A1021EF1707BA99DFFF9266B4F9DFAD00024900049121DAD85F562B406FD37B
0EEA7316236C8281731024C11707C099DFFF9266B4F9DFAD00024200049121DAD85F562B406FD37C
0EEA731623808281731027611707A999DFFF9266B4F9DFAD00523D00049121DAD85F562B406FD37D
0EEABB16237A8281731029D017079B99EFFF9276B4F9DFAD00423800049221DAD85F562B406FD37E
0EEAD616235E828173102C1817077B99EFFF9276B4F9EFAE00323500049121DAD85F562B406FD37F
0EEACC162350828173102E3217075499EFFF9276B4F9FFAE00223200049221DAD85F562B406FD380
0EEA8C16235182817710301217073799FFFF9276B4F9FFAE00123000049121DAD85F562B406FD381
0EEA731623658281731031C017072099FFFF9276B4F9FFAE00122F00049221DAD85F562B406FD382
0EEAB116239982817310333417070E99FFFF9276B4F9FFAE00222E00049121DAD85F562B406FD383
0EEAC51623C782817310348617070899FFFF9286B4F9FFAE08722E00049121DAD85F562B406FD384
0EEB2B1623FE8281731035AA1706F699FFFF9286B4F9FFAE59522E00049121DAD85F562B406FD385
0EEBB616242D8281731036AC1706D99A0FFF9286B4F9FFAE84022E00049121DAD85F562B406FD386
0EEC201624638281731037861706B59A0FFF9286B4F9FFAE89122E00049121DAD85F562B406FD387
0EEC751624908281731038371706889A0FFF9286B4F9FFAE85B22F00049121DAD85F562B406FD388
0EECAB1624AA82816B1038D61706619A0FFF9296B4F9FFAE83E22F00049121DAD85F562B406FD389
0EECC61624B682817310395717062E9A0FFF9296B4F9FFAE83B23000049121DAD85F562B406FD38A
0EECEC1624C582816B1039B71706089A1FFF9286B4F9FFAE83D23100049221DAD85F562B406FD38B
0EED141624D7828173103A081705E39A1FFF9286B4F9FFAE83E23100049121DAD85F562B406FD38C
0EED281624D5828173103A381705D09A1FFF9286B4F9FFAE83E23100049121DAD85F562B406FD38D
0EED0E1624BC82816B103A611705B49A0FFF9286B4F9FFAE83E23100049121DAD85F562B406FD38E
0EECA116248382816B103A7B17059B9A1FFF9286B4F9FFAE83E23100049221DAD85F562B406FD38F
0EEC3416245A828173103A8217058B9A0FFF9286B4F9FFAE5C223100049221DAD85F562B406FD390
0EEC3E16245082816F103A891705629A0FFF9286B4F9FFAE12A23000049121DAD85F562B406FD391
0EEC5D16244082816B103A891705479A0FFF9286B4F9FFAE00022F00049121DAD85F562B406FD392
0EEC4D16242C82816B103A7E1705189A0FFF9276B4F9FFAE00022E00049221DAD85F562B406FD393
0EEC3416241482816B103A771704EE9A0FFF9276B4F9FFAE00022D00049221DAD85F562B406FD394
0EEC151623EF82816B103A6C1704CE9A0FFF9276B4F9FFAE00522F00049121DAD85F562B406FD395
0EEC041623BA828173103A5C1704A599FFFF9276B4F9FFAE00523100049221DAD85F562B406FD396
0EEBF7162396828164103A4B17048099FFFF9276B4F9FFAE00323200049121DAD85F562B406FD397
0EEB9E162379828173103A4017045B99EFFF9266B4F9EFAD00223200049221DAD85F562B406FD398
0EEB53162371828164103A2617044199EFFF9266B4F9EFAC00223000049121DAD85F562B406FD399
0EEB5A16239B82816B103A1E17042199DFFF9266B4F9EFAC00222F00049121DAD85F562B406FD39A
0EEB911623C382816B103A1B17042299DFFF9256B4F9EFAC00322D00049221DAD85F562B406FD39B
0EEB911623B082816B103A1317041799DFFF9256B4F9EFAC0B922D00049221DAD85F562B406FD39C
0EEB0C16237B82816B103A1317042799CFFF9256B4F9EFAC5B322D00049221DAD85F562B406FD39D
0EEABE162365828164103A2217043199CFFF9246B4F9EFAC82122D00049221DAD85F562B406FD39E
0EEB0516239782816B103A2D17043799BFFF9246B4F9EFAC85F22E00049221DAD85F562B406FD39F
0EEB7F1623BF82816B103A4317043199AFFF9236B4F9EFAC82923100049221DAD85F562B406FD3A0
0EEBB31623B1828164103A5917042299AFFF9236B4F9EFAC80F23300049321DAD85F562B406FD3A1
0EEBC016239A828168103A7B170421999FFF9236B4F9EFAC80D23200049321DAD85F562B406FD3A2
0EEBCE16239382816B103A98170412998FFF9236B4F9EFAC80F23100049321DAD85F562B406FD3A3
0EEBB316237A828164103AC117040C998FFF9226B4F9EFAC81023000049421DAD85F562B406FD3A4
0EEB91162374828164103AF1170402997FFF9226B4F9EFAC81022F00049321DAD85F562B406FD3A5
0EEB6516236F82816B103B211703FD997FFF9226B4F9EFAC81022F00049421DAD85F562B406FD3A6
0EEB49162377828164103B511703F8996FFF9216B4F9EFAC81022F00049321DAD85F562B406FD3A7
0EEB4316238D828164103B901703F7995FFF9216B4F9EFAC55622F00049321DAD85F562B406FD3A8
0EEB721623B2828164103BC11703E8995FFF9216B4F9EFAC0FD22F00049321DAD85F562B406FD3A9
0EEBA51623D182816B103BF71703E2994FFF9216B4F9EFAC00022F00049421DAD85F562B406FD3AA
0EEBC41623ED828164103C241703E3993FFF9216B4F9EFAC00022F00049321DAD85F562B406FD3AB
0EEBD51623F7828164103C541703D8992FFF9206B4F9EFAC00023000049321DAD85F562B406FD3AC
0EEBE716240F828164103C7D1703D9992FFF9206B4F9EFAC00523100049321DAD85F562B406FD3AD
0EEBF316240C828164103CB81703CD991FFF9206B4F9EFAC00423100049321DAD85F562B406FD3AE
0EEBBA1623DF828164103CEE1703C9990FFF9206B4F9EFAC00323500049321DAD85F562B406FD3AF
0EEB9B1623AD828164103D181703C3990FFF9206B4F9FFAC00223600049221DAD85F562B406FD3B0
0EEB87162381828164103D4C1703C498FFFF91F6B4FA0FAC00123500049321DAD85F562B406FD3B1
0EEB50162367828164103D801703C398FFFF9206B4FA0FAC00223200049221DAD85F562B406FD3B2
0EEB1316235B82814E103DB91703B998EFFF91F6B4FA0FAC00323000049221DAD85F562B406FD3B3
0EEAD916235182817E103DE31703B898EFFF91F6B4FA0FAC0BF22F00049121DAD85F562B406FD3B4
0EEB0216236082815C103E171703AF98DFFF91F6B4FA0FAC5DA22F00049221DAD85F562B406FD3B5
0EEB1A16236E828164103E471703AE98DFFF91F6B4FA0FAC85922E00049121DAD85F562B406FD3B6
0EEB1D162365828164103E711703A498DFFF91E6B4FA0FAC89922E00049121DAD85F562B406FD3B7
0EEAD9162348828164103E9917039E98DFFF91E6B4FA0FAC86122D00049121DAD85F562B406FD3B8
0EEA92162324828164103EC217039F98CFFF91E6B4FA0FAC84622D00049121DAD85F562B406FD3B9
0EEA58162318828164103EEA17039E98CFFF91E6B4FA0FAC84322D00049121DAD85F562B406FD3BA
0EEA4B162319828164103F0417039998CFFF91D6B4FA0FAC84722E00049121DAD85F562B406FD3BB
0EEA5816232E828164103F2617038F98BFFF91D6B4FA0FAC84722F00049121DAD85F562B406FD3BC
0EEA7B16233C82815C103F3F17038E98BFFF91D6B4FA0FAC84722F00049021DAD85F562B406FD3BD
0EEAA0162346828164103F5917038A98BFFF91D6B4FA0FAC84722F00049021DAD85F562B406FD3BE
0EEAC216234F828164103F6C17037F98BFFF91C6B4FA0FAC84722E00049021DAD85F562B406FD3BF
0EEAC5162352828164103F8217037598BFFF91C6B4FA0FAC5EA22E00049021DAD85F562B406FD3C0
0EEABB162353828164103F9017036F98BFFF91C6B4FA0FAC13D22E00048F21DAD85F562B406FD3C1
0EEAA616235382815C103FA017037098BFFF91C6B4FA0FAC00022E00049021DAD85F562B406FD3C2
0EEAAD162350828164103FAF17036498BFFF91B6B4FA0FAC00022E00048F21DAD85F562B406FD3C3
0EEAB7162351828164103FBC17035B98BFFF91B6B4FA0FAC00022D00048F21DAD85F562B406FD3C4
0EEAA6162350828161103FC517035598BFFF91B6B4FA0FAC00522D00049021DAD85F562B406FD3C5
0EEA92162350828164103FCC17034C98BFFF91B6B4FA0FAC00522C00049021DAD85F562B406FD3C6
0EEAA3162344828164103FD417034098BFFF91B6B4FA0FAC00322D00049021DAD85F562B406FD3C7
0EEAA316233882815C103FDD17034198CFFF91B6B4FA0FAD00122E00049021DAD85F562B406FD3C8
0EEA8B162332828164103FDB17033598CFFF91B6B4FA0FAD00123000049021DAD85F562B406FD3C9
0EEA8816233082815C103FE617033198CFFF91B6B4FA0FAD00223000049021DAD85F562B406FD3CA
0EEAA0162330828164103FE817033098CFFF91B6B4FA0FAD00223000049121DAD85F562B406FD3CB
0EEA9C16232D828164103FEE17031C98DFFF91B6B4FA0FAD07722F00049121DAD85F562B406FD3CC
0EEA7E16232682815C103FF117032598DFFF91B6B4FA0FAD55F22F00049121DAD85F562B406FD3CD
0EEA7716231A828164103FF017032098DFFF91B6B4FA0FAD80122F00049121DAD85F562B406FD3CE
0EEA92162319828164103FF517031C98DFFF91A6B4FA0FAD85422E00049121DAD85F562B406FD3CF
0EEA77162310828164103FF917031698DFFF91B6B4FA0FAD81F22E00049221DAD85F562B406FD3D0
0EEA2516230582815C103FFE17031298DFFF91A6B4FA0FAD80322F00049221DAD85F562B406FD3D1
0EEA001622FB82816410400417031098EFFF91B6B4FA0FAD7FF22F00049221DAD85F562B406FD3D2
0EE9F61622F182816410400417030D98FFFF91B6B4FA0FAD80222F00049221DAD85F562B406FD3D3
0EEA0A1622E782815C10400617031098FFFF91B6B4FA0FAD80322E00049321DAD85F562B406FD3D4
0EEA0E1622E482816410400F17030898FFFF91B6B4FA0FAD80322D00049221DAD85F562B406FD3D5
0EEA141622DD82816110401617030B990FFF91B6B4FA0FAD80322E00049321DAD85F562B406FD3D6
0EEA1B1622C8828164104014170302990FFF91B6B4FA0FAD80322E00049321DAD85F562B406FD3D7
0EEA1B1622B2828164104016170306991FFF91B6B4FA0FAD53322E00049421DAD85F562B406FD3D8
0EE9F91622A982816410401A1702F8991FFF91C6B4FA0FAD0EF22E00049321DAD85F562B406FD3D9
0EE9F216229882815C10401C1702FB992FFF91C6B4FA0FAD00022E00049321DAD85F562B406FD3DA
0EE9D216228182816410401E1702FB992FFF91C6B4FA0FAD00022E00049321DAD85F562B406FD3DB
0EE99316226F82816410401E1702F3993FFF91C6B4FA0FAD00022F00049421DAD85F562B406FD3DC
0EE9671622768281641040231702F1993FFF91D6B4FA0FAD00522F00049421DAD85F562B406FD3DD
0EE97C16228882815C10401E1702ED993FFF91D6B4FA0FAD00422F00049421DAD85F562B406FD3DE
0EE9A416229C8281641040231702F1994FFF91D6B4FA0FAD00323000049421DAD85F562B406FD3DF
0EE9AE1622A58281641040251702E8994FFF91D6B4FA1FAD00223200049421DAD85F562B406FD3E0
0EE9A11622AF8281641040211702E6995FFF91E6B4FA2FAD00123300049421DAD85F562B406FD3E1
0EE9A41622B582816410401C1702DE995FFF91E6B4FA2FAC00223900049421DAD85F562B406FD3E2
0EE9A41622C282816410401E1702DC995FFF91E6B5FA2FAC00223C00049421DAD85F562B406FD3E3
0EE99A1622C382815C10401A1702D9996FFF91E6B4FA2FAC07723B00049421DAD85F562B406FD3E4
0EE9A81622C88281641040181702D1997FFF91F6B4FA2FAC57723700049421DAD85F562B406FD3E5
0EE9B51622CB82816410401A1702C7997FFF91F6B4FA2FAC82923500049421DAD85F562B406FD3E6
0EE9D01622D182814E1040131702C9998FFF91F6B4FA2FAC87E23400049421DAD85F562B406FD3E7
0EE9F61622DF82817E1040111702BD998FFF91F6B4FA2FAC84923400049421DAD85F562B406FD3E8
0EEA001622F38281641040071702B9999FFF9206B4FA2FAC82B23300049521DAD85F562B406FD3E9
0EEA0F1623168281641040041702B7999FFF9206B4FA2FAC82823200049421DAD85F562B406FD3EA
0EEA3016232C8281641040021702AA99AFFF9206B4FA2FAC82A23100049421DAD85F562B406FD3EB
0EEA6D16233F828164103FF51702A299AFFF9206B4FA2FAC82B23100049421DAD85F562B406FD3EC
0EEA88162353828164103FEE17029F99AFFF9206B4FA2FAC82B23000049421DAD85F562B406FD3ED
0EEA92162363828164103FEC17029899AFFF9206B4FA2FAC82B23100049421DAD85F562B406FD3EE
0EEAC5162362828164103FDB17028D99BFFF9206B4FA2FAC82B23100049421DAD85F562B406FD3EF
0EEAE416236582816B103FD417028099CFFF9216B4FA2FAC54523100049421DAD85F562B406FD3F0
0EEAD316235C828164103FC717027899DFFF9216B4FA2FAC0EF23100049521DAD85F562B406FD3F1
0EEACC16233E828164103FBA17027099DFFF9206B4FA2FAC00023000049521DAD85F562B406FD3F2
0EEAC516231A828164103FAF17026399DFFF9216B4FA2FAC00023000049421DAD85F562B406FD3F3
0EEAA61622F7828164103F9C17026099DFFF9206B4FA2FAC00023000049521DAD75F562B416FD3F4
0EEA5F1622C982816B103F9017025E99EFFF9216B4FA2FAC00522F00049521DAD75F562B406FD3F5
0EEA031622B5828164103F7B17024E99FFFF9206B4FA2FAC00423100049521DAD75F562B406FD3F6
0EE9AE1622AD828164103F6117024699FFFF9206B4FA2FAC00323200049521DAD75F562B406FD3F7
0EE9A11622B082815C103F4A17024999FFFF9206B4FA2FAD00223300049621DAD75F562B406FD3F8
0EE9A81622AA82816F103F2917023C9A0FFF9216B4FA0FAD00223100049521DAD75F562B406FD3F9
0EE9BC16229882816B103F0417023F9A0FFF9206B4F9FFAE00223100049521DAD75F562B406FD3FA
0EE9D0162284828164103EE317023C9A0FFF9206B4F9FFAE00323100049521DAD75F562B406FD3FB
0EE9C616225A828164103EBA17023F9A1FFF9206B4F9FFAE04123100049521DAD75F562B406FD3FC
0EE98616223782816B103E8A17023F9A1FFF9206B4F9FFAE52523100049621DAD75F562B406FD3FD
0EE923162223828164103E5A1702469A1FFF9206B4F9FFAE81323100049621DAD75F562B406FD3FE
0EE8F0162210828164103E2717024E9A1FFF9206B4F9FFAE88123100049621DAD75F562B406FD3FF
0EE8D2162200828164103DF217024C9A2FFF9206B4F9FFAE84D23100049721DAD75F562B406FD300
0EE89F1621F5828164103DB71702549A2FFF9206B4F9FFAE82D23100049621DAD75F562B406FD301
0EE8661621EF82816B103D8317025B9A2FFF9206B4F9FFAE82923000049721DAD75F562B406FD302
0EE84E1621EA828164103D4E1702549A3FFF9206B4F9FFAE82B23000049721DAD75F562B406FD303
0EE8581621EB828164103D1C17025E9A3FFF9206B4F9FFAE82C23000049721DAD75F562B406FD304
0EE87A1621E682816B103CE81702569A3FFF9206B4F9FFAE82C23000049721DAD75F562B406FD305
0EE88E1621E0828164103CB01702599A3FFF9206B4F9FFAE82C23100049721DAD75F562B406FD306
0EE88E1621D3828164103C801702569A3FFF9206B5F9FFAE82D23100049721DAD75F562B406FD307
0EE8651621CC828164103C4917024E9A3FFF91F6B5F9FFAE53123100049821DAD75F562B406FD308
0EE8211621B482816B103C151702519A3FFF91F6B4F9FFAE0E523100049721DAD75F562B406FD309
0EE7C6162195828161103BEC1702549A4FFF91F6B5F9FFAE00023000049821DAD75F562B406FD30A
0EE7A416217382816B103BBC1702449A4FFF91F6B4F9FFAE00023000049721DAD75F562B406FD30B
0EE79D16215F828164103B901702419A3FFF91F6B4F9FFAE00023000049821DAD75F562B406FD30C
0EE76716215082816B103B6B17023F9A3FFF91E6B4F9FFAE00523000049821DAD75F562B406FD30D
0EE73E16213A828164103B441702379A3FFF91E6B4F9FFAE00422F00049821DAD75F562B406FD30E
0EE748162136828164103B251702399A3FFF91E6B4F9FFAE00322F00049821DAD75F562B406FD30F
0EE77D16214E828164103AFC1702319A4FFF91E6B4F9FFAE00223000049821DAD75F562B406FD310
0EE7E4162192828164103ADB17022A9A3FFF91E6B5FA0FAE00123100049821DAD75F562B406FD311
0EE8061621A782816B103AB617022A9A3FFF91D6B4FA0FAD00223200049821DAD75F562B406FD312
0EE7B8162190828164103A981702229A3FFF91D6B4FA0FAD00323200049821DAD75F562B406FD313
0EE7B116219F828164103A7717021A9A2FFF91D6B5FA0FAD09E23200049721DAD75F562B406FD314
0EE8321621C182816B103A4E1702179A2FFF91D6B4FA0FAD5A523200049821DAD75F562B406FD315
0EE8651621B8828164103A3817020F9A2FFF91D6B4FA0FAD83423100049821DAD75F562B406FD316
0EE7C91621B8828164103A101701FD9A2FFF91C6B5FA0FAD87C23100049821DAD75F562B406FD317
0EE7161621BE82816B1039F91701F59A1FFF91C6B4FA0FAD84623100049821DAD75F562B406FD318
0EE6B01621CF8281641039DC1701F09A1FFF91C6B4FA0FAD82A23000049721DAD75F562B406FD319
0EE6B71622278281641039C91701E89A1FFF91C6B4FA0FAD82723000049821DAD75F562B406FD31A
0EE78216228A8281681039B31701E09A0FFF91C6B5FA0FAD82923000049821DAD75F562B406FD31B
0EE83D1622BF82816B1039A81701D99A0FFF91B6B4FA0FAD82B23100049821DAD75F562B406FD31C
0EE8A91622B08281641039A11701D099FFFF91B6B5FA0FAD82B23300049721DAD75F562B406FD31D
0EE8ED16229182816B1039961701CB99FFFF91B6B4FA0FAD82B23400049721DAD75F562B406FD31E
0EE94916229482816410398B1701C999EFFF91B6B5FA0FAD82B23300049721DAD75F562B406FD31F
0EE99016229182816410398B1701C199EFFF91B6B4FA0FAD56523100049821DAD75F562B406FD320
0EE99516224B82816B1039831701BE99DFFF91B6B4FA0FAD0FE23100049821DAD75F562B406FD321
0EE8B71621A482816410398B1701B699DFFF91A6B4FA0FAD00023100049821DAD75F562B406FD322
0EE78C1620FF82816B10398B1701B199CFFF91A6B4FA0FAD00023000049821DAD75F562B406FD323
0EE6B71620A882816B10398B1701AA99CFFF91A6B4FA0FAD00023000049821DAD75F562C416FD324
0EE63F16208F8281641039961701AC99BFFF91A6B4FA0FAD00523000049821DAD75F562C406FD325
0EE60016208C82816B10399D1701AF99AFFF91A6B5FA0FAD00423000049821DAD75F562C406FD326
0EE61B16208582816B10399D1701AC999FFF91A6B5FA0FAD00323000049821DAD75F562C406FD327
0EE61116207B8281641039A41701A7999FFF91A6B4FA0FAD00223000049921DAD75F562C406FD328
0EE5E116206682816B1039AC1701AA998FFF91A6B4FA0FAD00123000049821DAD75F562C406FD329
0EE5AE16205C82816B1039BB1701A7997FFF91A6B4F9FFAE00223000049821DAD75F562C406FD32A
0EE5B21620538281641039C617019A997FFF91A6B5F9FFAE00223000049821DAD75F562C406FD32B
0EE5C616204982816F1039C917019C996FFF91A6B5F9FFAE09C23100049921DAD75F562C406FD32C
0EE58C16203482816B1039D8170197996FFF91A6B4F9FFAE5B323100049821DAD75F562C406FD32D
0EE59A16203882816B1039E017019A995FFF91B6B5F9FFAE84E23100049921DAD75F562C406FD32E
0EE63D16205682816B1039EB170197995FFF91B6B4F9FFAE89823100049821DAD75F562C406FD32F
0EE6BA16207182816B1039F617018F994FFF91B6B5F9FFAE86123000049821DAD75F562C406FD330
0EE6A916205E82816B103A0117018C993FFF91B6B5F9FFAE84523000049821DAD75F562C406FD331
0EE61716202C82816B103A1017018C993FFF91B6B5F9FFAE84223000049821DAD75F562C406FD332
0EE523161FE582816B103A1A170180992FFF91B6B4F9FFAE84523000049921DAD75F562C406FD333
0EE44E161FA9828173103A29170187992FFF91C6B4F9FFAE84623000049821DAD75F562C406FD334
0EE441161F7582816B103A3417017B991FFF91C6B5F9FFAE84623000049821DAD75F562C406FD335
0EE470161F4E82816B103A4717017D991FFF91C6B5F9FFAE84523100049821DAD75F562C406FD336
0EE41B161F36828173103A52170177990FFF91C6B4F9FFAE84623300049821DAD75F562C406FD337
0EE3B5161F1382816B103A5D170166990FFF91C6B5F9FFAE4F923300049821DAD75F562C406FD338
0EE372161EFA82816B103A7317016D990FFF91C6B5F9FFAE0C823200049821DAD75F562C406FD339
0EE335161EEE828173103A7317016B98FFFF91D6B4F9FFAE00023100049821DAD75F562C406FD33A
0EE317161EEE82816B103A8617016898FFFF91D6B5F9FFAE00023100049821DAD75F562C406FD33B
0EE34D161EF0828173103A9117015D98FFFF91D6B4F9FFAE00023100049721DAD75F562C406FD33C
0EE38C161EF082816F103A9E17015B98EFFF91D6B4F9FFAE00523100049721DAD75F562C406FD33D
0EE37C161EED828173103AA717015898EFFF91D6B5F9FFAE00423100049721DAD75F562C406FD33E
0EE357161EDC828173103AB617015698EFFF91E6B5F9FFAE00323100049721DAD75F562C406FD33F
0EE346161ED382816B103AB917015398DFFF91E6B5F9FFAE00223100049721DAD75F562C406FD340
0EE33C161ECA828173103AC117014D98DFFF91E6B5F9FFAE00123100049721DAD75F562C406FD341
0EE32C161EBC828173103ACC17014698DFFF91F6B4F9EFAE00223100049721DAD75F562C406FD342
0EE328161EB1828173103AD017014898DFFF91F6B4F9EFAE00323100049821DAD75F562C406FD343
0EE31A161EAE828173103AD717014198DFFF91F6B5F9EFAE06623100049721DAD75F562C406FD344
0EE310161EB1828173103AD717013898DFFF9206B4F9EFAE57923100049821DAD75F562C406FD345
0EE2E7161EB6828173103AE117013398DFFF9206B5F9EFAE84F23200049721DAD75F562C406FD346
0EE2F2161EC182817A103ADE17012C98DFFF9206B5F9EFAE8AE23300049721DAD75F562C406FD347
0EE339161ECD828173103ADB17012398DFFF9216B5F9EFAE87723300049721DAD75F562C406FD348
0EE354161ED9828173103AE217011998DFFF9216B4F9EFAE85923300049721DAD75F562C406FD349
0EE349161EDC828173103ADE17010D98DFFF9216B4F9EFAE85523200049721DAD75F562C406FD34A
0EE35E161EE3828173103ADB17010998DFFF9226B5F9EFAE85723200049721DAD75F562C406FD34B
0EE377161EFC82817A103AD71700FD98DFFF9226B4F9EFAE85923100049721DAD75F562C406FD34C
0EE3AF161F1E828177103ACC1700FA98DFFF9226B4F9EFAE85923100049721DAD75F562C406FD34D
0EE3E8161F36828173103AC11700E598DFFF9236B4F9EFAE85923100049721DAD75F562C406FD34E
0EE3F3161F42828173103AB81700D998DFFF9236B5F9EFAE85923100049721DAD75F562C406FD34F
0EE3EF161F4C82817A103AA71700D598DFFF9246B5F9EFAE56023100049721DAD75F562C406FD350
0EE3FD161F56828173103A951700C598DFFF9246B4F9EFAE0F323100049721DAD75F562C406FD351
0EE410161F6082817A103A7B1700C498EFFF9246B4F9EFAE00023100049721DAD75F562C406FD352
0EE429161F63828173103A5D1700B598EFFF9256B4F9EFAE00023100049721DAD75F562C406FD353
0EE429161F6382817A103A381700AB98EFFF9256B5F9EFAE00023100049721DAD75F562C406FD354
0EE425161F5482817A103A0C1700B498EFFF9256B5F9EFAE00523100049621DAD75F562C406FD355
0EE43A161F3D8281731039DC1700A098EFFF9266B5F9EFAE00523000049621DAD75F562C406FD356
0EE40A161F1C82817A1039A81700A598FFFF9266B5F9EFAE00323000049621DAD75F562C406FD357
0EE3F5161F1382817A1039661700A698FFFF9276B4F9EFAE00223100049621DAD75F562C406FD358
0EE3DB161F0182817310391417009B98FFFF9276B5F9EFAE00123100049721DAD75F562C406FD359
0EE3B2161EEF82817A1038C717009A98FFFF9276B5F9DFA800223100049821DAD75F562C406FD35A
0EE38A161EE082817A10387017009B98FFFF9276B4F9DFA500323100049721DAD75F562C406FD35B
0EE380161EDF828173103816170091990FFF9286B5F9DFA406D23200049821DAD75F562C406FD35C
0EE368161EDA8281731037B6170085990FFF9286B5F9DFA455323200049721DAD75F562C406FE35D
0EE33D161ED382817E10375917008B990FFF9286B5F9DFA480023200049721DAD75F562C406FD35E
0EE321161ED182817A103701170081991FFF9286B4F9DFA485723200049721DAD75F562C406FD35F
0EE313161ED18281731036AC17007B991FFF9286B4F9DFA482223300049721DAD75F562C406FD360
0EE306161EDA82817A10364C170071991FFF9286B5F9DFA480523600049721DAD75F562C406FD361
0EE313161EEB8281731035F7170067991FFF9286B5F9DFA480223600049721DAD75F562C406FD362
0EE344161F1182817A10359B170061991FFF9286B4F9DFA480423500049621DAD75F562C406FD363
0EE3A5161F3B82817310354317004D991FFF9296B5F9DFA480523500049721DAD75F562C406FD364
0EE3E5161F5B82817A1034EA17004C991FFF9286B4F9DFA480523400049721DAD75F562C406FD365
0EE3E8161F66828173103492170042991FFF9286B5F9DFA480523300049621DAD75F562C406FD366
0EE3DB161F6C82817A103441170032991FFF9286B5F9DFA480523300049721DAD75F562C406FD367
0EE3E8161F798281731033F6170022992FFF9286B4F9DFA455823200049621DAD75F562C406FD368
0EE42F161F9382817310339F17000E992FFF9276B5F9DFA410023200049721DAD75F562C406FD369
0EE488161F9E82817A103355170003992FFF9276B5F9DFA400023200049621DAD75F562C406FD36A
0EE4E0161F9982817310330816FFFD992FFF9276B5F9DFA400023100049721DAD75F562C406FD36B
0EE4E6161F848281731032BE16FFE4992FFF9276B5F9DFA400023100049721DAD75F562C406FD36C
0EE49F161F6A82817310327116FFD4992FFF9266B4F9DFA400523000049721DAD75F562C406FD36D
0EE46D161F6B82817710323616FFBF992FFF9266B4F9DFA400422F00049721DAD75F562C406FD36E
0EE473161F758281731031F016FFAA991FFF9266B5F9DFA400322F00049721DAD75F562C406FD36F
0EE46C161F7B82816B1031AE16FF95992FFF9256B4F9DFA400222E00049821DAD75F562C406FD370
0EE46D161F8082817A10316E16FF85992FFF9256B5F9DFA400122E00049821DAD75F562C406FD371
0EE4CB161FA382816B10313116FF76991FFF9256B5F9DFA800222F00049821DAD75F562C406FD372
0EE520161FE78281731030FA16FF61991FFF9246B5F9EFAB00222F00049821DAD75F562C406FD373
0EE5341620188281731030C416FF51991FFF9246B4F9EFAC0EE22F00049821DAD75F562C406FD374
0EE52E16202082816B10308F16FF47991FFF9246B5F9EFAC61422F00049821DAD75F562C406FD375
0EE4FE161FE282817310305F16FF41991FFF9246B5F9EFAC87522F00049821DAD75F562C406FD376
0EE4C5161F7382816B10303716FF37990FFF9236B5F9EFAC8A922F00049821DAD75F562C406FD377
0EE436161F0982816B10300B16FF32990FFF9236B5F9EFAC87122F00049821DAD75F562C406FD378
0EE3D8161EF0828173102FE916FF1D98FFFF9236B5F9EFAC85822F00049921DAD75F562C406FD379
0EE40E161F3782816B102FC816FF1D98FFFF9236B5F9EFAC85522F00049921DAD75F562C406FD37A
0EE4AD161F6A82816B102FAB16FF0D98FFFF9236B5F9EFAC85823100049921DAD75F562C406FD37B
0EE470161F2F82816B102FA016FF0398EFFF9236B5F9EFAC85923200049921DAD75F562C406FD37C
0EE37B161EDF82816B102F8916FF0298EFFF9226B5F9EFAC85923100049921DAD75F562C406FD37D
0EE306161ED4828164102F7B16FEED98DFFF9226B5F9EFAC85923000049921DAD75F562C406FD37E
0EE2F8161F0082816F102F7B16FEDE98DFFF9226B5F9EFAC85922F00049921DAD75F562C406FD37F
0EE339161F37828164102F7316FEE398DFFF9226B5F9EFAC55C22F00049921DAD75F562C406FD380
0EE3C7161F72828164102F7016FED898CFFF9226B5F9EFAC0F122F00049921DAD75F562C406FD381
0EE458161FB682816B102F7B16FEDE98BFFF9226B5F9EFAC00022F00049921DAD75F562C406FD382
0EE4BE161FF5828164102F7E16FEE398BFFF9216B5F9EFAC00022F00049821DAD75F562C406FD383
0EE52E16202A828164102F8D16FEDE98AFFF9216B5F9EFAC00022E00049921DAD75F562C406FD384
0EE59016204D828164102F9C16FEE3989FFF9216B5F9EFAC00522E00049921DAD75F562C406FD385
0EE5C9162052828164102FAE16FEE9989FFF9216B4F9EFAC00522E00049921DAD75F562C406FD386
0EE5CD162049828164102FC116FEF3989FFF9206B5F9EFAC00322E00049921DAD75F562C406FD387
0EE5E116203082815C102FD716FEF3989FFF9206B5F9EFAC00222E00049921DAD75F562C406FD388
0EE58C161FFB828164102FE916FEFE988FFF9206B5F9EFAC00222F00049A21DAD75F562C406FD389
0EE4FE161FE082815C102FFC16FEFD987FFF91F6B5F9EFAC00122F00049921DAD75F562C406FD38A
0EE505161FF782816410300E16FEF8987FFF91F6B5F9EFAD00323100049A21DAD75F562C406FD38B
0EE56F16202582815C10302816FEF3986FFF91F6B4F9EFAD07D23300049921DAD75F562C406FD38C
0EE5C616204182815C10304216FEFE986FFF91E6B5F9EFAD59923300049921DAD75F562C406FD38D
0EE5D016204682815C10306616FEF8985FFF91E6B5F9EFAD85923200049921DAD75F562C406FD38E
0EE57516203B82815510308C16FEE8985FFF91E6B5F9EFAD8B023100049A21DAD75F562C406FD38F
0EE5601620498281611030B416FEF3985FFF91D6B5F9EFAD87923000049B21DAD75F562C406FD390
0EE5711620538281551030EB16FEF3984FFF91D6B5F9EFAD85B23100049B21DAD75F562C406FD391
0EE56E16203B82815C10311916FEE8984FFF91D6B5F9EFAD85823300049B21DAD75F562C406FD392
0EE56B16202782815510315216FEED983FFF91C6B5F9EFAD85B23400049B21DAD75F562C406FD393
0EE56E16200D82815510318916FEEE983FFF91C6B5F9EFAD85B23300049B21DAD75F562C406FD394
0EE553161FFD82815C1031BC16FEF8983FFF91C6B5F9EFAD85B23100049B21DAD75F562C406FD395
0EE558161FF78281551031D516FEFD982FFF91B6B5F9EFAD85B23000049B21DAD75F562C406FD396
0EE556161FF28281551031FF16FF0D982FFF91B6B5F9EFAD85C23000049B21DAD75F562C406FD397
0EE545161FF082815510320D16FF22982FFF91B6B5F9EFAD5A322F00049A21DAD75F562C406FD398
0EE553161FF082814E10321816FF2C982FFF91B6B5F9EFAD11322F00049A21DAD75F562C406FD399
0EE549161FE182815510321C16FF46981FFF91A6B5F9EFAD00023000049B21DAD75F562C406FD39A
0EE542161FDC82814E10321C16FF51981FFF91A6B5F9EFAD00023100049A21DAD75F562C406FD39B
0EE53E161FEE82815510321116FF5B981FFF91A6B5F9EFAD00023100049B21DAD75F562C406FD39C
0EE53816203D82814E1031FF16FF6B981FFF91A6B5F9EFAD00523100049A21DAD75F562C406FD39D
0EE5531620B382814E1031EF16FF76981FFF9196B5F9EFAD00523100049A21DAD75F562C406FD39E
0EE5F116216282814E1031E116FF8B981FFF9196B5F9EFAD00323000049A21DAD75F562C406FD39F
0EE77F1621E982814E1031C416FF90980FFF9196B5F9EFAD00223000049A21DAD75F562C406FD3A0
0EE7E816220982814E1031A616FF9A980FFF9196B5F9EFAD00122F00049B21DAD75F562C406FE3A1
0EE8391621FC82814A10319316FFA0980FFF9186B5F9FFAD00222F00049B21DAD75F562C406FD3A2
0EE8431621C782814610317E16FFAA97FFFF9186B5FA1FAD00323000049A21DAD75F562C406FD3A3
0EE7DA16216B82814E10316C16FFBA97FFFF9186B5FA2FAD07A23000049A21DAD75F562C406FD3A4
0EE77816213082814610315916FFBA97FFFF9186B5FA2FAD56323100049A21DAD75F562C406FD3A5
0EE74216211C82814E10315016FFC997FFFF9186B5FA2FAD80323000049B21DAD75F562C406FD3A6
0EE72316211D82814610314E16FFCE97FFFF9176B5FA2FAD85522F00049B21DAD75F562C406FD3A7
0EE6FE16214F82814610314A16FFDE97FFFF9176B5FA2FAD82122F00049A21DAD75F562C406FD3A8
0EE70516219882814610314D16FFE497FFFF9176B5FA2FAD80422F00049B21DAD75F562C406FD3A9
0EE7531621BE82814610314716FFEE97EFFF9176B5FA2FAD80122E00049B21DAD75F562C406FD3AA
0EE7A41621E682814610315216FFE997EFFF9176B5FA2FAD80322D00049B21DAD75F562C406FD3AB
0EE7EB16222782814610314E16FFE497EFFF9176B5FA2FAD80522C00049B21DAD75F562C406FD3AC
0EE88016227882814610315016FFEE97EFFF9176B5FA2FAD80522C00049B21DAD75F562C406FD3AD
0EE95A1622B882813F10315516FFE997DFFF9166B5FA2FAD80522B00049B21DAD75F562C406FD3AE
0EE9E51622D582814610315916FFEE97DFFF9166B5FA2FAD80522B00049B21DAD75F562C406FD3AF
0EEA0A1622F482814610315816FFEE97DFFF9166B5FA2FAD55722B00049B21DAD75F562C406FE3B0
0EEA3716231382813F10315916FFE997DFFF9166B5FA2FAD10022C00049B21DAD75F562C406FD3B1
0EEA7316231E82814610315516FFE497DFFF9166B5FA2FAD00022D00049B21DAD75F562C406FD3B2
0EEA5116232382813F10315916FFD997DFFF9166B5FA2FAD00022D00049B21DAD75F562C406FD3B3
0EEA4016234B82813F10315816FFBF97DFFF9166B5FA2FAD00022D00049B21DAD75F562C406FE3B4
0EEA8B16238182814310315516FFA097DFFF9166B5FA2FAD00522C00049B21DAD75F562C406FD3B5
0EEB091623AA82814610315D16FF7697CFFF9166B5FA2FAD00522C00049B21DAD75F562C406FD3B6
0EEB5E1623BA82813F10315916FF3C97CFFF9156B5FA2FAD00322C00049B21DAD75F562C406FD3B7
0EEB831623C082813F10315F16FEF897CFFF9156B5FA2FAD00222C00049B21DAD75F562C406FD3B8
0EEB271623C082814610315D16FE9F97CFFF9156B5FA2FAD00222C00049B21DAD75F562C406FD3B9
0EEADD1623C882813F10316416FE4797CFFF9156B5FA2FAD00123300049B21DAD75F562C406FD3BA
0EEAE01623B28281461030BC16FDD897CFFF9156B5FA3FAE00224800049B21DAD75F562C406FD3BB
0EEAE016236982813F102CFC16FD6F97CFFF9156B5FA4FAE0E925300049B21DAD75F562C406FD3BC
0EEAB11622FC82813F1026FA16FD1697BFFF9156B5FA4FAE5FE24D00049B21DAD75F562C406FD3BD
0EEA1816227D82814610226116FCC097BFFF9156B5FA4FAE85924400049B21DAD75F562C406FD3BE
0EE92A16221482813F101FB216FC6F97BFFF9156B5FA3FAE88E23D00049B21DAD75F562C406FD3BF
0EE8691621B4828146101D3816FC2597BFFF9156B5FA4FAE85723900049B21DAD75F562C406FD3C0
0EE80316215D82813F1019DC16FBE197BFFF9156B5FA3FAE83D23800049B21DAD75F562C406FD3C1
0EE76A1621298281461017A116FB9897BFFF9156B5FA3FAE83B23500049B21DAD75F562C406FD3C2
0EE6DF1621108281461016AF16FB3F97BFFF9156B5FA4FAE83E23300049B21DAD75F562C406FD3C3
0EE6AC1620FC8281461014A616FAE697BFFF9156B5FA4FAE83F23200049B21DAD75F562C406FD3C4
0EE6C41620FD82814610116516FA7397BFFF9166B5FA3FAE83F23100049B21DAD75F562C406FD3C5
0EE6E316210782813F100D1F16FA0A97BFFF9166B5FA3FAE83F23100049B21DAD75F562C406FD3C6
0EE6DC1620F882814610085316F9A797BFFF9166B5FA4FAE83F23100049B21DAD75F562C406FD3C7
0EE6D51620F482814A1002E716F94E97BFFF9166B5FA4FAE5EA23000049B21DAD75F562C406FD3C8
0EE6C81620EF8281460FFDA616F91A97BFFF9166B5FA3FAE13F22F00049B21DAD75F562C406FD3C9
0EE69B1620E18281460FF98316F8DB97BFFF9166B5FA4FAE00022F00049C21DAD75F562C406FD3CA
0EE67A1620D682814E0FF51B16F8B697BFFF9166B5FA3FAE00022F00049B21DAD75F562C406FD3CB
0EE6951620CC8281460FF10116F89797BFFF9166B5FA4FAE00023100049B21DAD75F562C406FD3CC
0EE67316209482814E0FEE9916F89C97CFFF9176B5FA3FAE00523100049C21DAD75F562C406FD3CD
0EE60016206182814E0FED4016F8BC97CFFF9176B4FA4FAE00523100049B21DAD75F562C406FD3CE
0EE5E816206082814E0FEBA416F8FA97CFFF9176B5FA3FAE00323100049B21DAD75F562C406FD3CF
0EE60616206F82814E0FE9D516F93E97CFFF9176B5FA3FAE00223200049B21DAD75F562C406FD3D0
0EE61B16208282814E0FE85416F98D97CFFF9176B5FA4FAE00123400049B21DAD75F562C406FD3D1
0EE62C16207882814E0FE74316F9DB97DFFF9176B5FA3FAE00223400049B21DAD75F562C406FD3D2
0EE61716207A82814E0FE69916FA1A97DFFF9186B5FA3FAF00323200049A21DAD75F562C406FD3D3
0EE64A1620B28281550FE62516FA5997DFFF9186B5FA1FAF0F223100049B21DAD75F562C406FD3D4
0EE66C1620B58281550FE5C416FA9297DFFF9186B5FA1FAF5EB23000049B21DAD75F562C406FD3D5
0EE6511620928281550FE55D16FAC697DFFF9186B5FA1FAF82F23000049B21DAD75F562C406FD3D6
0EE6651620848281550FE4FA16FB0097EFFF9196B5FA1FAF85E23000049B21DAD75F562C406FD3D7
0EE6581620828281550FE4AC16FB2A97EFFF9196B5FA1FAF82922F00049A21DAD75F562C406FD3D8
0EE6841620898281550FE45F16FB4997EFFF9196B5FA1FAF81122F00049B21DAD75F562C406FD3D9
0EE6BA1620B28281590FE3F616FB5E97EFFF9196B5FA1FAF80E22F00049A21DAD75F562C406FD3DA
0EE6DC1620D182815C0FE37516FB6E97FFFF9196B5FA1FAF81122E00049A21DAD75F562C406FD3DB
0EE6B01620C682815C0FE30B16FB7997FFFF9196B5FA1FAF81222D00049A21DAD75F562C406FD3DC
0EE6A21620C682815C0FE2C816FB7D97FFFF9196B5FA1FAF81222D00049A21DAD75F562C406FD3DD
0EE6AC1620C98281640FE28C16FB7997FFFF9196B5FA1FAF81122E00049A21DAD75F562C406FD3DE
0EE66F16209882815C0FE24A16FB6E980FFF9196B5FA1FAF81223000049A21DAD75F562C406FD3DF
0EE6251620538281640FE20D16FB79980FFF91A6B4FA1FAF58823100049A21DAD75F562C406FD3E0
0EE5EB16203282815C0FE1E516FB79981FFF91A6B4FA1FAF11523100049A21DAD75F562C406FD3E1
0EE5CD1620388281640FE1B616FB73981FFF91A6B4FA1FAF00023200049921DAD75F562C406FD3E2
0EE5E416203982816B0FE19216FB6E981FFF91A6B5FA1FAF00023200049921DAD75F562C406FD3E3
0EE5B81620218281640FE17216FB68981FFF91A6B5FA1FAF00023100049921DAD75F562C406FD3E4
0EE57B16200782816B0FE15816FB64981FFF91A6B5FA1FAF00523100049921DAD75F562C406FD3E5
0EE5601620078281640FE13F16FB64982FFF91A6B5FA1FAF00523100049921DAD75F562C406FD3E6
0EE58E16202482816B0FE13016FB5E982FFF91A6B4FA1FAF00323000049921DAD75F562C406FE3E7
0EE5DE16204382816B0FE12916FB59983FFF91A6B5FA1FAF00222F00049921DAD75F562C406FD3E8
0EE5B216203182816B0FE11F16FB54983FFF91A6B5FA1FAF00122E00049921DAD75F562C406FD3E9
0EE58C16201D8281730FE11716FB4F984FFF91A6B4FA1FAF00222D00049921DAD75F562C406FD3EA
0EE5AE161FF382815C0FE10416FB4E984FFF91A6B4FA0FAF00322D00049921DAD75F562C406FD3EB
0EE542161F9082817E0FE0FF16FB49984FFF91A6B5F9DFAE08E22D00049921DAD75F562C406FD3EC
0EE495161F1982817A0FE0FA16FB44984FFF91A6B5F9BFAE5A922D00049921DAD75F562C406FD3ED
0EE3B6161E858281730FE0FB16FB3F985FFF91A6B5F9BFAE85522D00049921DAD75F562C406FD3EE
0EE2B5161E048281730FE0FA16FB35985FFF91A6B5F9BFAE8A522E00049921DAD75F562C406FE3EF
0EE1FE161DAD8281730FE0F216FB35985FFF9196B4F9CFAE86E22F00049821DAD75F562C406FD3F0
0EE1BA161D8E82817A0FE0F716FB25985FFF9196B4F9CFAE85123D00049821DAD75F562C406FD3F1
0EE19F161D998281730FE0EF16FB1A986FFF9196B4F9CFAE84E24B00049821DAD75F562C406FD3F2
0EE18D161D9882817A0FE0EF16FB0F986FFF9196B4F9CFAE85124C00049821DAD75F562C406FD3F3
0EE173161D9582817A0FE0E916FAFB987FFF9196B4F9BFAE85124600049821DAD75F562C406FD3F4
0EE1B7161DA082817A0FE0E416FAE6987FFF9196B5F9BFAE85223F00049921DAD75F562C406FD3F5
0EE1C1161DBF82817A0FE0E916FADC988FFF9196B4F9CFAE85123900049821DAD75F562C406FD3F6
0EE19E161DE582817A0FE0EB16FACC988FFF9196B5F9BFAE85223600049821DAD75F562C406FD3F7
0EE1CF161DF682817A0FE0EF16FAAD988FFF9196B4F9CFAE4DC23400049821DAD75F562C406FD3F8
0EE1F7161DFC82817A0FE0FB16FA9D988FFF9196B4F9CFAE0B923200049821DAD75F562C406FD3F9
0EE1B7161DF38281820FE11316FA78989FFF9196B4F9CFAE00023100049821DAD75F562C406FE3FA
0EE1E6161DEC82817A0FE12C16FA49989FFF9196B4F9CFAE00023000049721DAD75F562C406FD3FB
0EE223161DF182817E0FE14E16FA15989FFF9196B4F9BFAE00023000049821DAD75F562C406FD3FC
0EE1EA161E038281820FE17516F9CC98AFFF91A6B4F9BFAE00522F00049821DAD75F562C406FD3FD
0EE1D9161E178281820FE19916F97898AFFF91A6B5F9BFAE00422F00049721DAD75F562C406FE3FE
0EE215161E1F82817A0FE1CC16F91598BFFF91A6B4F9CFAE00322F00049821DAD75F562C406FD3FF
0EE248161E288281820FE1F716F8B698BFFF91A6B4F9CFAE00222F00049721DAD75F562C406FD300
0EE267161E2B8281820FE22D16F85E98CFFF91B6B4F9BFAE00222E00049721DAD75F562C406FE301
0EE267161E258281820FE26B16F81498CFFF91B6B4F9CFAE00222E00049721DAD75F562C406FD302
0EE256161E2282817A0FE2BD16F7DB98CFFF91B6B4F9CFAE00322E00049721DAD75F562C406FD303
0EE274161E248281820FE34C16F7B198DFFF91C6B4F9CFAD0BB22F00049821DAD75F562C406FD304
0EE285161E358281820FE42616F79798DFFF91C6B5F9BFAC5EB22F00049721DAD75F562C406FE305
0EE2C2161E5582817A0FE58216F7A198DFFF91C6B4F9CFAC87A23000049721DAD75F562C406FD306
0EE35A161E788281890FE75C16F7C198EFFF91C6B4F9CFAC8BD23000049721DAD75F562C406FD307
0EE37B161ED082817A0FE9BF16F81A98FFFF91D6B4F9CFAC88523000049721DAD75F562C406FD308
0EE3EF161F5C8281820FEC9816F87D98FFFF91D6B4F9CFAC86923100049821DAD75F562C406FD309
0EE4E3161FD48281820FEFA516F8E698FFFF91D6B4F9BFAC86723300049821DAD75F562C406FD30A
0EE58216201A8281820FF29816F963990FFF91D6B5F9CFAC86923300049721DAD75F562C406FD30B
0EE5A716202B82817E0FF56016F9EB990FFF91E6B5F9BFAC86B23200049821DAD75F562C406FD30C
0EE5B516203C82817A0FF81A16FA98991FFF91E6B5F9BFAC86B23100049821DAD75F562C406FD30D
0EE5A116205F8281820FFAC616FB44991FFF91E6B4F9CFAC86A23000049721DAD75F562C406FD30E
0EE5F21620CF82817A0FFD5C16FBD2991FFF91E6B5F9BFAC86B22F00049821DAD75F562C406FD30F
0EE6F71621398281820FFFDD16FC58992FFF91F6B4F9CFAC59922F00049821DAD75F562C406FD310
0EE76816216082818210025616FCC2992FFF91F6B4F9CFAC10B22E00049721DAD75F562C406FD311
0EE74516214B82817A10049A16FD11993FFF91F6B5F9BFAC00022F00049721DAD75F562C406FE312
0EE75316214582817A1006BF16FD5F993FFF91F6B5F9CFAC00022F00049821DAD75F562C406FD313
0EE75916215282817A10089916FD9E994FFF9206B5F9BFAC00022F00049721DAD75F562D416FD314
0EE77416216582817A100A5A16FDDA994FFF9206B5F9BFAC00522F00049721DAD75F562D406FD315
0EE7A4162175828182100C0F16FE11995FFF9206B5F9BFAC00522F00049721DAD75F562D406FD316
0EE7C616216E828173100D9F16FE36995FFF9216B4F9BFAC00322E00049721DAD75F562D406FD317
0EE7BF16214C82817A100F3916FE5B995FFF9216B5F9BFAC00222F00049721DAD75F562D406FD318
0EE75916211582817A1010D116FE61996FFF9216B5F9BFAC00122F00049821DAD75F562D406FD319
0EE6FA1620F682817A10125B16FE56996FFF9216B4F9CFAC00222F00049821DAD75F562D406FD31A
0EE6CB1620EE8281731013BF16FE50997FFF9226B5F9BFAC00322F00049821DAD75F562D406FD31B
0EE6C11620E182817710150116FE31997FFF9226B5F9DFAB0C822F00049821DAD75F562D406FE31C
0EE6AC1620BF82817A10164316FE13997FFF9226B4F9EFAB5A722F00049721DAD75F562D406FD31D
0EE68716209B82817310178116FDF7998FFF9226B4F9EFAB7F922F00049821DAD75F562D406FD31E
0EE6511620708281731018BB16FDF7998FFF9226B5F9EFAB83122F00049721DAD75F562D406FD31F
0EE5F516202882817A1019D816FE0C998FFF9226B4F9EFAB7FD22F00049821DAD75F562D406FD320
0EE502161F9C828173101ABD16FE32998FFF9226B5F9EFAB7E322F00049821DAD75F562D406FD321
0EE429161F24828173101B8C16FE60998FFF9226B4F9EFAB7E122F00049821DAD75F562D406FD322
0EE3BB161EE482816B101C3B16FE9A999FFF9226B5F9EFAB7E423000049821DAD75F562D406FD323
0EE394161EED828173101CE816FEE4998FFF9226B4F9EFAB7E522F00049821DAD75F562D406FD324
0EE43D161F1A82816B101DA616FF17998FFF9226B5F9EFAB7E522F00049921DAD75F562D406FD325
0EE429161F1C828173101E7716FF46999FFF9226B5F9EFAB7E522F00049821DAD75F562D406FD326
0EE3F9161F0982816B101F5E16FF61999FFF9226B4F9EFAB7E522F00049821DAD75F562D406FD327
0EE3E2161F0782817310207C16FF66999FFF9226B5F9EFAB4FC22E00049821DAD75F562D406FD328
0EE406161F1B82816B10219316FF61999FFF9226B4F9EFAB0DA22D00049921DAD75F562D406FD329
0EE44B16155182816B10228916FF56998FFF9226B5F9EFAB00022E00049821DAD75F562D406FD32A
0EE46216119A82816B10237C16FF42998FFF9226B5F9EFAB00022F00049821DAD75F562D406FD32B
0EE466161C4D82816B10244216FF27998FFF9226B4F9EFAB00023300049821DAD75F562D406FD32C
0EE52716208D82816F1024CC16FF0D998FFF9226B4F9EFAB00523400049821DAD75F562D406FD32D
0EE64716212682816410253516FEDE997FFF9226B5F9EFAB00423200049921DAD75F562D406FD32E
0EE6DC16217B82816B10259116FEC4997FFF9226B4F9EFAB00323100049921DAD75F562D406FD32F
0EE71916219482816B1025E916FE9F997FFF9226B5F9EFAB00223100049821DAD75F562D406FD330
0EE74F1621B282816410264C16FE8F996FFF9226B5F9EFAB00223100049821DAD75F562D406FE331
0EE7DA1621F382816B1026C316FE86996FFF9226B4F9EFAB00223100049821DAD75F562D406FD332
0EE8A616224282816410274E16FE7F996FFF9226B4F9EFAB00323000049821DAD75F562D406FD333
0EE8EA1622A682816B1027DA16FE70995FFF9226B5F9FFAC0B322F00049821DAD75F562D406FD334
0EE96E16232E82816410285416FE70995FFF9226B5FA0FAD5D222F00049921DAD75F562D406FD335
0EEA4416239E8281641028A916FE6C995FFF9226B5FA0FAD85D22F00049821DAD75F562D406FD336
0EEB321623F48281641028FD16FE60994FFF9226B4FA0FAD8A122F00049821DAD75F562D406FD337
0EEBE916244682816410294416FE60993FFF9226B5FA0FAD86922E00049821DAD75F562D406FD338
0EEC931624AC82816B10298616FE52993FFF9226B5FA0FAD84E22D00049921DAD75F562D406FD339
0EED7D1624E98281641029BF16FE56993FFF9226B5FA0FAD84B22D00049921DAD75F562D406FD33A
0EEE281625048281641029F416FE5B992FFF9226B4FA0FAD84E22E00049921DAD75F562D406FD33B
0EEE361624F7828164102A2D16FE56991FFF9226B5FA0FAD84F22F00049921DAD75F562D406FD33C
0EEDDD162500828164102A6316FE57991FFF9226B4FA0FAD84F22F00049921DAD75F562D406FD33D
0EEE41162550828161102A9316FE50991FFF9226B5FA0FAD84F22E00049821DAD75F562D406FE33E
0EEE9816258B828164102AC016FE4B991FFF9226B5FA0FAD84F23100049921DAD75F562D406FE33F
0EEEF41625A6828164102AEF16FE4B990FFF9226B4FA0FADAC323300049921DAD75F562D406FD340
0EEF131625AF828164102B1816FE47990FFF9226B4FA0FADEF223300049A21DAD75F562D406FD341
0EEF3F1625B7828164102B3D16FE3B990FFF9226B4FA0FADFFF23200049921DAD75F562D406FD342
0EEF571625C582815C102B6816FE3B990FFF9226B5FA0FADFFF23100049921DAD75F562D406FD343
0EEF461625CC828164102B8E16FE3198FFFF9226B5FA0FADFFB23200049921DAD75F562D406FD344
0EEF5A1625E5828164102BB916FE2D98FFFF9226B5FA0FADFED23400049921DAD75F562D406FD345
0EEFA2162603828164102BE616FE2198FFFF9226B4FA0FADFEE23400049921DAD75F562D406FD346
0EEF9B16261D828164102C0D16FE2198FFFF9226B5FA0FADFEF23300049921DAD75F562D406FD347
0EEFBF16262782815C102C3B16FE1198EFFF9226B5FA0FADFF123100049921DAD75F562D406FD348
0EF02316262982816B102C5E16FE1D98EFFF9216B4FA0FADFF022F00049921DAD75F562D406FD349
0EF01616261782815C102C8516FE0C98EFFF9216B5FA0FADFF022E00049921DAD75F562D406FD34A
0EEF9D1625F2828164102CAB16FE0798EFFF9216B5FA0FADFF022E00049921DAD75F562D406FD34B
0EEEFB1625C9828164102CC816FE0C98EFFF9216B4FA0FADFA222D00049921DAD75F562D406FD34C
0EEEAD1625A5828164102CE216FE0998EFFF9216B5FA1FAEAE822E00049821DAD75F562D406FD34D
0EEE73162573828164102CF816FE0298EFFF9216B5FA1FAE82F22E00049921DAD75F562D406FE34E
0EEE48162547828161102D0E16FE0798EFFF9216B5FA1FAE7CF22E00049921DAD75F562D406FD34F
0EEE0216251B828164102D2816FE0298EFFF9216B5FA1FAE80222E00049921DAD75F562D406FD350
0EEDB1162500828164102D3A16FE0398EFFF9216B4FA1FAE81F22F00049921DAD75F562D406FD351
0EEDA71624DE828164102D4D16FE0298EFFF9206B5FA1FAE82322F00049921DAD75F562D406FD352
0EEDEC1624A6828164102D5816FE0798EFFF9206B5FA1FAE82123200049921DAD75F562D406FD353
0EEE02162478828164102D6316FE0298EFFF9206B4FA1FAE82023400049921DAD75F562D406FD354
0EEDFC16245E82815C102D6A16FE0998EFFF91F6B5FA1FAE82023300049921DAD75F562D406FD355
0EEDEB16244A828164102D7116FE0798FFFF9206B4FA1FAE82023200049921DAD75F562D406FD356
0EEDF316243A828164102D6E16FE0798FFFF9206B4FA1FAE82023100049921DAD75F562D406FD357
0EEDBE162434828164102D6E16FE0798FFFF91F6B5FA1FAEACD23100049921DAD75F562D406FD358
0EED3016243282816B102D6616FE0398FFFF91F6B4FA1FAEF0123000049821DAD75F562D406FD359
0EECCD16242E828164102D6316FDF798FFFF91F6B4FA1FAEFFF23000049821DAD75F562D406FD35A
0EECB216242C82815C102D5416FDFC98FFFF91F6B4FA1FAEFFF23000049921DAD75F562D406FD35B
0EECB216242F82816B102D5016FDF7990FFF91F6B4FA1FAEFFA23000049921DAD75F562D406FD35C
0EECAB162420828164102D5816FDEE990FFF91F6B5FA1FAEFED22F00049921DAD75F562D406FD35D
0EEC4F16240982815C102D5016FDF2990FFF91F6B4FA1FAEFEE22F00049821DAD75F562D406FD35E
0EEBA91623E582816B102D4D16FDE8990FFF91F6B5FA1FAEFF022F00049921DAD75F562D406FD35F
0EEB0C1623BA828161102D5F16FDE8991FFF91F6B5FA1FAEFF023100049921DAD75F562D406FF360
0EEA77162379828164102D5F16FDE4991FFF91F6B4FA1FAEFF023500049821DAD75F562D406FD361
0EEA77162336828164102D6616FDDD991FFF91F6B5FA1FAEFF023600049921DAD75F562D406FD362
0EEAD31622F8828164102D7516FDD8991FFF91E6B4FA1FAEFF023500049821DAD75F562D406FD363
0EEAD31622BC82816B102D7916FDD3991FFF91E6B4FA1FAEF8023400049921DAD75F562D406FD364
0EEA3A16228A828164102D8416FDCF991FFF91E6B4FA1FADAD823100049921DAD75F562D406FD365
0EE9F216225D828164102D8B16FDC8992FFF91E6B4FA0FAC85923100049921DAD75F562D406FD366
0EE9EF162240828164102D8F16FDCD992FFF91E6B5FA0FAC80A23000049921DAD75F562D406FD367
0EE986162244828164102D8F16FDC8992FFF91E6B5FA0FAC83C23000049921DAD75F562D406FD368
0EE93B162278828164102D8F16FDC5992FFF91D6B4FA0FAC85723000049921DAD75F562D406FD369
0EE9F216229B828164102D8B16FDC3992FFF91D6B4FA0FAC85A23100049921DAD75F562D406FD36A
0EEA5F162290828164102D8716FDC3992FFF91D6B5FA0FAC85923100049921DAD75F562D406FD36B
0EE9DB162251828164102D8416FDC8993FFF91D6B5FA0FAC85723100049921DAD75F562D406FD36C
0EE981162214828164102D7916FDCA993FFF91D6B5FA0FAC85723100049921DAD75F562D406FE36D
0EEA001621EC828164102D7516FDCD993FFF91C6B4FA0FAC85723100049921DAD75F562D406FD36E
0EE9F91621D4828164102D6A16FDD3993FFF91C6B5FA0FAC85723200049921DAD75F562D406FD36F
0EE98D1621C482816B102D5F16FDD8993FFF91C6B4FA0FAC5AE23100049921DAD75F562D406FD370
0EE9561621B582814E102D5016FDCF994FFF91B6B4FA0FAC11A23000049A21DAD75F562D406FD371
0EE94F1621B1828177102D4916FDDD994FFF91B6B5FA0FAC00022F00049A21DAD75F562D406FD372
0EE9531621AA828164102D3316FDD8994FFF91B6B5FA0FAC00022F00049921DAD75F562D406FD373
0EE8CE1621A3828164102D1D16FDDD994FFF91B6B5FA0FAC00022F00049921DAD75F562D406FD374
0EE8581621A1828164102D0616FDE4994FFF91B6B4FA0FAC00522E00049921DAD75F562D406FD375
0EE8401621B4828164102CF516FDE8994FFF91A6B4FA0FAC00522E00049921DAD75F562D406FD376
0EE8541621C6828164102CD616FDF2995FFF91A6B5FA0FAC00222E00049921DAD75F562D406FE377
0EE8AD1621C3828164102CC516FDF7995FFF91A6B4FA0FAC00122F00049921DAD75F562D406FD378
0EE89F1621B982815C102CAE16FDFE995FFF91A6B5FA0FAC00122F00049921DAD75F562D406FD379
0EE81416219F828164102C9916FE07995FFF9196B5FA0FAC00222F00049921DAD75F562D406FD37A
0EE806162188828164102C8516FE11995FFF9196B5FA0FAC00322F00049A21DAD75F562D406FE37B
0EE7F216216282815C102C6916FE11995FFF9196B4FA0FAC13B22F00049921DAD75F562D406FD37C
0EE705162131828164102C5516FE1D995FFF9196B5FA0FA245722F00049921DAD75F562D406FD37D
0EE62F162112828164102C4116FE1C995FFF9196B5FA0F9357522F00049921DAD75F562D406FD37E
0EE5DA1620F482815C102C2516FE26995FFF9196B4FA0F8E57922F00049921DAD75F562D406FD37F
0EE57B1620E1828164102C0D16FE26995FFF9196B4FA0F8F55723000049921DAD75F562D406FD380
0EE4FB1620D682815C102BF516FE28995FFF9196B4FA0F8F54B23000049921DAD75F562D406FD381
0EE4B11620C8828164102BDE16FE26994FFF9196B5FA0F8F54B22F00049A21DAD75F562D406FD382
0EE45C1620B2828159102BC516FE26994FFF9196B4FA0F8F54D22F00049921DAD75F562D406FD383
0EE430162090828164102BA716FE21994FFF9196B5FA0F8F54D23000049A21DAD75F562D406FD384
0EE40716207182815C102B8A16FE1D994FFF9196B4FA0F8F54D23400049921DAD75F562D406FD385
0EE3D416204482815C102B6816FE1C993FFF9196B4FA0F8F54D23500049921DAD75F562D406FD386
0EE3DE16200E82815C102B4F16FE0C993FFF9186B4FA0F8F54D23500049921DAD75F562D406FE387
0EE3FC161FCF82815C102B2E16FE0C993FFF9186B5FA0F8F39C23500049A21DAD75F562D406FE388
0EE411161FA882815C102B0D16FE09993FFF9186B5FA0F8F0B323500049921DAD75F562D406FD389
0EE41B161F9982815C102AE816FE0C993FFF9186B4FA0F8F00023300049921DAD75F562D406FD38A
0EE430161F9982815C102ACA16FE07992FFF9186B4FA0F8F00023200049A21DAD75F562D406FD38B
0EE429161F9B82815C102AAA16FE02992FFF9186B4FA0F8F00023100049921DAD75F562D406FD38C
0EE44E161FB182815C102A8416FE0E992FFF9186B5FA0F8F00423100049921DAD75F562D406FD38D
0EE4B416201382815C102A6716FE07991FFF9176B4FA0F8F00323100049921DAD75F562D406FD38E
0EE5D91620E3828155102A3C16FE11991FFF9176B4FA0F8F00323100049921DAD75F562D406FD38F
0EE7F51621AE82815C102A1D16FE11991FFF9176B5FA0F8F00223100049921DAD75F562D406FD390
0EE98B16221E8281551029FD16FE09990FFF9176B5FA0F8F00223200049921DAD75F562D406FD391
0EEA3A16225D82815C1029DB16FE0C990FFF9176B4FA0F8F00123200049921DAD75F562D406FD392
0EEA0E16227D82815C1029B916FE0C98FFFF9176B4FA0F8F00323200049921DAD75F562D406FD393
0EE99016225B82813F1029A516FE0298FFFF9176B4FA0F8F08A23200049921DAD75F562D406FE394
0EE8C81621C182816810298A16FE0998EFFF9166B4FA0F9557F23100049921DAD75F562D406FD395
0EE7901620E182815C10297D16FE0298DFFF9166B5F9EFA781623200049921DAD75F562D406FD396
0EE67D16202582815510297316FE0798DFFF9166B4F9DFAE86323300049921DAD75F562D406FD397
0EE590161FAF82815510296816FDF798DFFF9166B4F9DFAE82E23300049921DAD75F562D406FD398
0EE4D3161F8F82815510296016FE0398CFFF9166B4F9DFAD81223300049A21DAD75F562D406FE399
0EE4C5161FA682815510296116FDFC98CFFF9166B4F9DFAD80F23100049921DAD75F562D406FD39A
0EE4E3161FB282815510296016FDF798BFFF9166B4F9DFAD81123100049A21DAD75F562D406FD39B
0EE4BE161FB482815510296816FDF798AFFF9166B5F9DFAD81223100049921DAD75F562D406FD39C
0EE488161F9E82815510296816FDF998AFFF9166B4F9DFAD81323000049921DAD75F562D406FD39D
0EE45F161F8482814E10297916FDF2989FFF9166B5F9DFAD81323100049921DAD75F562D406FD39E
0EE433161F6E82815510298A16FDF2989FFF9166B4F9DFAD81323100049921DAD75F562D406FD39F
0EE3F5161F5982815510299716FDED989FFF9166B4F9DFAD52F23100049A21DAD75F562D406FD3A0
0EE3B2161F4582814E1029A716FDE9988FFF9166B5F9DFAD0E923000049921DAD75F562D406FD3A1
0EE397161F358281551029BD16FDE8988FFF9166B4F9DFAD00023100049A21DAD75F562D406FD3A2
0EE38A161F2A82814E1029D116FDED987FFF9166B4F9DFAD00023000049921DAD75F562D406FD3A3
0EE38D161F1C8281551029E616FDE8987FFF9166B4F9DFAD00023000049921DAD75F562D406FD3A4
0EE386161F1882814E1029FD16FDE9986FFF9166B4F9DFAD00523000049921DAD75F562D406FD3A5
0EE39D161F1F828146102A1616FDF2985FFF9166B5F9DFAD00423000049A21DAD75F562D406FE3A6
0EE3B2161F25828159102A2F16FDE8985FFF9166B4F9DFAD00323000049921DAD75F562D406FD3A7
0EE3DB161F3682814E102A4A16FDED985FFF9176B4F9DFAD00223000049921DAD75F562D406FE3A8
0EE422161F51828155102A5F16FDE9984FFF9176B4F9DFAD00122F00049921DAD75F562D406FD3A9
0EE47D161F5982814E102A7616FDF2984FFF9176B5F9DFAD00222F00049921DAD75F562D406FE3AA
0EE477161F52828155102A8C16FDED983FFF9176B4F9DFAD00222F00049821DAD75F562D406FE3AB
0EE481161F4482814E102A9716FDE2983FFF9176B4F9DFAD0A522F00049921DAD75F562D406FD3AC
0EE488161F3582814E102AA516FDDA983FFF9176B4F9DFAD5AF22F00049921DAD75F562D406FD3AD
0EE451161F2A82814E102AA616FDCD982FFF9176B5F9EFAD83922F00049921DAD75F562D406FF3AE
0EE430161F1C82814E102AB116FDB3982FFF9176B4F9EFAD87F22F00049921DAD75F562D406FD3AF
0EE3FD161F11828155102AA516FD99982FFF9176B5F9EFAD84922F00049921DAD75F562D406FD3B0
0EE3D4161F0382814E102A7616FD6C982FFF9176B4F9EFAD82D22F00049921DAD75F562D406FD3B1
0EE3D3161EF2828155102A0716FD40981FFF9176B4F9EFAD82A22F00049821DAD75F562D406FD3B2
0EE3CA161ED882814E10295116FCFC981FFF9176B4F9EFAD82D23000049921DAD75F562D406FD3B3
0EE3CD161EBF82814E10273816FCAD981FFF9176B4F9EFAD82E23100049821DAD75F562D406FD3B4
0EE3BC161EB58281551021FE16FC54981FFF9176B4F9EFAD82E23100049921DAD75F562D406FD3B5
0EE3EC161EFB828155101B9A16FC0B981FFF9176B4F9EFAD82E23100049921DAD75F562D406FD3B6
0EE4BA161F6A82814E1015DA16FBC1981FFF9176B5F9EFAD82E23000049821DAD75F562D406FE3B7
0EE473161F7882814E10104B16FB79981FFF9176B4F9EFAD50123000049821DAD75F562D406FD3B8
0EE386161F33828152100AC416FB44981FFF9186B5F9EFAD0CF23300049821DAD75F562D406FD3B9
0EE357161EF08281551005CA16FB05981FFF9186B5F9EFAD00024100049821DAD75F562D406FE3BA
0EE2A7161EF08281551001B916FADC981FFF9186B5F9EFAD00024700049921DAD75F562D406FD3BB
0EE2C2161F478281550FFE4916FAA2981FFF9186B5F9EFAD00024300049921DAD75F562D406FD3BC
0EE325161F858281550FFB3E16FA78981FFF9196B5F9EFAD00523D00049821DAD75F562D406FE3BD
0EE306161F948281550FF85816FA39981FFF9196B4F9EFAD00423900049821DAD75F562D406FD3BE
0EE36F161F878281550FF53416F9EC981FFF9196B5F9EFAD00323600049821DAD75F562D406FD3BF
0EE3F6161F7B8281550FF1FB16F99D981FFF9196B5F9EFAD00223900049821DAD75F562D406FD3C0
0EE45C161F5A82815C0FEF5C16F949982FFF91A6B4F9EFAD00224100049821DAD75F562D406FD3C1
0EE4CB161F6A82813F0FED8216F900982FFF91A6B5F9EFAD00124200049821DAD75F562D406FD3C2
0EE558161FBA8281730FEBF016F8C1982FFF91A6B5F9EFAD00323F00049721DAD75F562D406FD3C3
0EE589161FFF82815C0FEA7F16F892983FFF91A6B4F9EFAD07B23B00049721DAD75F562D406FD3C4
0EE5891620008281550FE95316F868983FFF91B6B5F9EFAD59B23800049721DAD75F562D406FD3C5
0EE564161FEF82815C0FE85616F843983FFF91B6B5F9EFAD85F23600049821DAD75F562D406FE3C6
0EE50F161FCA8281640FE76B16F829983FFF91B6B4F9EFAC8B623500049721DAD75F562D406FD3C7
0EE4C8161FA48281550FE68016F80F984FFF91B6B5F9EFAC87F23400049721DAD75F562D406FD3C8
0EE48E161F668281640FE5B616F80A984FFF91C6B4F9EFAC86123300049721DAD75F562D406FD3C9
0EE43A161F1582815C0FE51716F80F985FFF91C6B5F9EFAC85D23200049721DAD75F562D406FE3CA
0EE3EB161EED8281610FE48B16F80F985FFF91C6B5F9EFAC86023100049721DAD75F562D406FE3CB
0EE391161ECB8281640FE41716F824985FFF91D6B4F9EFAC86123000049721DAD75F562D406FD3CC
0EE32E161E778281640FE3AE16F82F986FFF91D6B4F9EFAC86123100049721DAD75F562D406FD3CD
0EE24F161DF18281640FE36716F843987FFF91D6B5F9EFAC86123300049721DAD75F562D406FD3CE
0EE1CB161D8582815C0FE34C16F85E987FFF91D6B5F9EFAC86123300049721DAD75F562D406FE3CF
0EE15D161D388281730FE33D16F863988FFF91D6B4F9EFAC53C23300049821DAD75F562D406FD3D0
0EE104161D268281640FE32916F878988FFF91D6B5F9EFAC0E123200049621DAD75F562D406FE3D1
0EE0F6161D3182816B0FE31916F887989FFF91E6B4F9EFAC00023100049721DAD75F562D406FD3D2
0EE0E3161D3882816B0FE2F016F887989FFF91E6B5F9EFAC00023200049621DAD75F562D406FD3D3
0EE0DB161D338281640FE2AC16F88D98AFFF91E6B4F9EFAC00023100049721DAD75F562D406FD3D4
0EE0E2161D2982816B0FE24616F88D98BFFF91E6B5F9EFAC00523100049621DAD75F562D406FD3D5
0EE0CA161D1F8281730FE1D316F88298BFFF91E6B4F9EFAC00423100049721DAD75F562D406FD3D6
0EE0A9161D0D82816B0FE16716F87298CFFF91E6B5F9EFAC00323000049721DAD75F562D406FD3D7
0EE08E161CF98281730FE10F16F86D98DFFF91E6B5F9EFAC00223000049721DAD75F562D406FD3D8
0EE05B161CE58281730FE0D216F85398EFFF91E6B4F9EFAC00223000049721DAD75F562D406FD3D9
0EE021161CD082816B0FE0A116F83998EFFF91E6B4F9EFAC00223000049721DAD75F562D406FD3DA
0EE003161CD682816B0FE08616F82498FFFF91E6B4F9EFAC00223000049721DAD75F562D406FD3DB
0EE01B161CDA82817E0FE06516F80098FFFF91E6B4F9EFAC09723100049721DAD75F562D406FD3DC
0EE017161CCB8281730FE05516F7DB990FFF91F6B5F9EFAC5CF23100049821DAD75F562D406FD3DD
0EE006161CBB8281730FE04816F7B1991FFF91E6B5F9DFAD88523100049721DAD75F562D406FE3DE
0EDFFC161CA58281820FE03A16F78D992FFF91F6B4F9BFAD8D423100049721DAD75F562D406FD3DF
0EDFC9161C8F8281730FE02A16F778992FFF91F6B4F9AFAD89C23100049721DAD75F562D406FD3E0
0EDFB2161C7482817A0FE02816F75D993FFF91F6B4F9AFAD87F23000049721DAD75F562D406FD3E1
0EDF89161C6182817A0FE02B16F74E994FFF91F6B4F9AFAD87B23000049721DAD75F562D406FD3E2
0EDF5C161C5282817A0FE05516F749995FFF91F6B4F9AFAD87E22F00049721DAD75F562D406FD3E3
0EDF2E161C4382817A0FE0AA16F74E995FFF91F6B4F9AFAD87F22F00049821DAD75F562D406FD3E4
0EDF18161C378281820FE11E16F74E996FFF91F6B5F9AFAD87F22E00049721DAD75F562D406FE3E5
0EDF06161C3482817A0FE19216F75D997FFF9206B4F9AFAD87F22E00049721DAD75F562D406FD3E6
0EDEFF161C298281820FE1E916F772997FFF91F6B5F9AFAD88022F00049721DAD75F562D406FD3E7
0EDEFD161C2282817A0FE22D16F78D998FFF9206B4F9AFAD58D22F00049621DAD75F562D406FD3E8
0EDEFC161C238281820FE25D16F7C6999FFF9206B5F9AFAD10122F00049721DAD75F562D406FF3E9
0EDEF5161C288281820FE28E16F7FA99AFFF9206B5F9AFAD00023000049721DAD75F562D406FD3EA
0EDEF3161C278281820FE2D816F83999AFFF9216B5F9AFAD00023100049721DAD75F562D406FE3EB
0EDEEB161C218281860FE35316F87299BFFF9216B4F9AFAD00023100049721DAD75F562D406FD3EC
0EDEE5161C1C8281820FE43816F8AC99CFFF9216B4F9AFAD00523100049721DAD75F562D406FD3ED
0EDEE4161C188281820FE59916F8EB99DFFF9216B4F9AFAD00523000049721DAD75F562D406FD3EE
0EDED3161C138281820FE76C16F93E99EFFF9226B4F9AFAD00323000049621DAD75F562D406FD3EF
0EDED4161C118281890FE9A216F9B199FFFF9226B4F9AFAD00223000049721DAD75F562D406FE3F0
0EDECC161C0E8281820FEC1F16FA3499FFFF9226B5F9AFAD00223100049821DAD75F562D406FD3F1
0EDEC9161C0C8281890FEECB16FAB79A0FFF9226B5F9AFAD00223100049721DAD75F562D406FD3F2
0EDEBC161C018281820FF18F16FB2A9A1FFF9236B5F9AFAD00223000049721DAD75F562D406FD3F3
0EDEB5161BFD8281890FF44F16FB8D9A2FFF9236B4F9AFAD11B23000049721DAD75F562D406FE3F4
0EDEAB161BF68281820FF70D16FBFF9A2FFF9236B4F9AFAD61D23000049621DAD75F562D406FD3F5
0EDE9D161BF38281890FF9A116FC549A3FFF9236B5F9AFAD84B23000049721DAD75F562D406FD3F6
0EDE9A161BF38281890FFBFA16FC9E9A4FFF9246B5F99FAC87223100049721DAD75F562D406FE3F7
0EDE9A161BF38281890FFE0816FCDC9A5FFF9246B4F99FAB83D23100049721DAD75F562D406FE3F8
0EDE9A161BF68281820FFFF816FD0C9A5FFF9246B5F99FAB82523000049721DAD75F562D406FD3F9
0EDEA1161BFB8281891001F316FD289A6FFF9246B5F99FAB82323000049721DAD75F562D406FD3FA
0EDEA7161BFD82817310041216FD3B9A7FFF9246B4F99FAB82623000049721DAD75F562D406FE3FB
0EDEA4161BFA82819C10065916FD359A7FFF9246B4F99FAB82722F00049821DAD75F562D406FD3FC
0EDEA5161BFB8281821008AF16FD169A8FFF9256B4F99FAB82722F00049721DAD75F562D406FD3FD
0EDEA7161C00828189100B0D16FCEA9A9FFF9256B4F99FAB82722F00049721DAD75F562D406FD3FE
0EDEAB161BFE828189100D4E16FCA89AAFFF9256B4F99FAB82723000049821DAD75F562D406FD3FF
0EDEAE161C08828189100F6216FC749AAFFF9256B4F99FAB60B23000049721DAD75F562D406FD300
0EDEAB161C3282818210113D16FC459ABFFF9256B4F99FAB15923000049721DAD75F562D406FD301
0EDEE2161C8D8281891012F116FC309ACFFF9256B4F99FAB00023000049721DAD75F562D406FD302
0EE00D161CF782818910148916FC309ACFFF9266B5F99FAB00023000049821DAD75F562D406FE303
0EE0B9161D4682818210160416FC339ADFFF9266B4F99FAB00023000049721DAD75F562D406FE304
0EE0F7161D8D82818210176016FC4F9ADFFF9266B4F99FAB00522F00049821DAD75F562D406FD305
0EE1A6161DF582818910189316FC649AEFFF9266B4F99FAB00522F00049721DAD75F562D406FD306
0EE2DA161E7482818210199E16FC649AFFFF9266B5F99FAB00322F00049721DAD75F562D406FD307
0EE383161EC2828182101A6F16FC799AFFFF9266B5F99FAB00223000049821DAD75F562D406FD308
0EE386161EE0828182101B2516FC729AFFFF9266B4F99FAB00223000049821DAD75F562D406FE309
0EE385161EF1828182101BBF16FC6F9AFFFF9266B4F99FAB00223000049821DAD75F562D406FD30A
0EE39E161F07828186101C3B16FC5A9AFFFF9266B4F99FAB00323000049721DAD75F562D406FD30B
0EE3CA161EFF82817A101CAD16FC459B0FFF9266B4F99FAB0C723000049821DAD75F562D406FD30C
0EE3C7161EFD828182101D0516FC259B0FFF9266B5F99FAB3FF23000049821DAD75F562D406FE30D
0EE3C0161EFC828182101D6216FC019B0FFF9266B5F99FAB55F23000049821DAD75F562D406FD30E
0EE3CC161F1B82817A101DBC16FBD09B0FFF9266B4F9BFAC57522F00049821DAD75F562D406FD30F
0EE40A161F48828182101DFE16FBA89B0FFF9266B4F9DFAD55322F00049821DAD75F562D406FD310
0EE43D161F5482817A101E5616FB7E9B0FFF9266B5F9DFAD54422F00049821DAD75F562D406FE311
0EE45F161F6382817A101E9F16FB4F9B0FFF9266B5F9DFAD54322F00049821DAD75F562D406FD312
0EE4A6161F7082817A101EEC16FB259B1FFF9256B5F9DFAD54523000049821DAD75F562D406FD313
0EE40E161EE782817A101F5316FB059B0FFF9256B4F9DFAD54523000049821DAD75F562D406FD314
0EE278161DF882817A101FB216FAE19B0FFF9256B5F9DFAD54523100049821DAD75F562D406FD315
0EE0F6161D6582817310202C16FAC79B0FFF9256B4F9DFAD54523100049821DAD75F562D406FD316
0EE079161D2882817310208716FAAC9AFFFF9256B4F9DFAD54623100049821DAD75F562D406FD317
0EE06F161D158281731020CD16FA839AFFFF9256B4F9DFAD3A523100049821DAD75F562D406FD318
0EE084161D1282817310211E16FA5E9AFFFF9256B5F9DFAD0BA23100049821DAD75F562D406FE319
0EE087161D4682817310216416FA449AEFFF9246B4F9DFAD00023100049921DAD75F562D406FE31A
0EE1BA161DE382816B1021B816FA3F9AEFFF9246B5F9DFAD00023000049821DAD75F562D406FE31B
0EE293161E5A82817710223116FA499ADFFF9246B5F9DFAD00023000049921DAD75F562D406FD31C
0EE2C9161EB582816B1022B716FA4E9ACFFF9236B5F9DFAD00423100049821DAD75F562D406FD31D
0EE37C161F0C82816B10233616FA5E9ACFFF9236B4F9DFAD00323100049821DAD75F562D406FD31E
0EE3EC161F4382816B1023AC16FA639ABFFF9236B4F9DFAD00323100049921DAD75F562D406FD31F
0EE466161F8482816B10241316FA739ABFFF9226B5F9DFAD00223000049921DAD75F562D406FE320
0EE4E3161FD582816B10246716FA789AAFFF9226B5F9DFAD00122F00049921DAD75F562D406FD321
0EE54A1620158281641024BC16FA8D9A9FFF9216B5F9DFAD00122F00049821DAD75F562D406FD322
0EE5AE16205382816410250716FAA29A9FFF9216B5F9DFAD00322F00049921DAD75F562D406FD323
0EE60D16209182816410253916FABC9A8FFF9216B4F9DFAD0A122F00049921DAD75F562D406FD324
0EE6D516210782816410256916FAD19A7FFF9206B4F9DFAD5AB23000049921DAD75F562D406FD325
0EE7BC16217782816410258A16FAE19A6FFF91F6B5F9DFAD83923000049921DAD75F562D406FD326
0EE8401621D282815C1025A716FB009A6FFF91F6B4F9EFAD88023000049921DAD75F562D406FD327
0EE8E31622428281641025BA16FB159A5FFF91F6B5F9FFAD84923000049921DAD75F562D406FD328
0EE9D416229582815C1025D316FB399A4FFF91E6B4F9FFAD82E22F00049921DAD75F562D406FD329
0EEA251622B382815C1025DE16FB4F9A3FFF91E6B4F9FFAD82B22E00049921DAD75F562D406FD32A
0EEA151622858281551025E616FB549A3FFF91D6B5F9FFAD82D22E00049A21DAD75F562D406FD32B
0EE95D1621ED82815C1025E216FB549A2FFF91D6B4F9FFAD82F22E00049921DAD75F562D406FE32C
0EE81416213F8281591025DE16FB599A1FFF91C6B5F9FFAD82F22F00049A21DAD75F562D406FE32D
0EE79616215F8281551025D316FB5E9A1FFF91B6B5F9FFAD82F22F00049A21DAD75F562D406FD32E
0EE8ED16223D8281551025C116FB699A0FFF91B6B5F9FFAD82F22F00049A21DAD75F562D406FE32F
0EE9E51622BF8281551025C116FB8299FFFF91A6B5F9FFAD56022F00049921DAD75F562D406FD330
0EE9A416227E8281551025BD16FB8D99FFFF9196B5F9FFAD0FB22F00049A21DAD75F562D406FE331
0EE8BA1621F482814E1025BD16FB8D99EFFF9196B4F9FFAD00022F00049A21DAD75F562D406FE332
0EE8431621A28281551025B216FB8399EFFF9186B4F9FFAD00022E00049A21DAD75F562D406FD333
0EE80D16217C82814E1025A416FB6E99DFFF9176B4F9FFAD00022E00049A21DAD75F562D406FE334
0EE7E416215E82814E10259516FB7399DFFF9176B5F9FFAD00522E00049B21DAD75F562D406FE335
0EE78916213182814E10258216FB7E99CFFF9166B4F9FFAD00522F00049B21DAD75F562D406FD336
0EE7231620FA82814610257016FB8C99BFFF9156B5F9FFAD00323000049B21DAD75F562D406FE337
0EE7231620FB82814E10255016FB9899AFFF9156B4F9FFAD00223300049A21DAD75F562D406FD338
0EE70B16210F82814610253916FBA899AFFF9146B5F9FFAD00123400049A21DAD75F562D406FE339
0EE70816211882814E10251816FBAD99AFFF9136B4F9FFAD00223300049B21DAD75F562D406FD33A
0EE6E31620FC82814610235B16FBBD999FFF9136B5F9FFAD00223100049B21DAD75F562D406FD33B
0EE70F1620DF82814610203316FBC2999FFF9126B4F9FFAD08123000049B21DAD75F562D406FD33C
0EE7271620CD828146101D9716FBC7999FFF9126B4F9FFAD57F23000049B21DAD75F562D406FD33D
0EE6ED1620C9828146101BFD16FBCB998FFF9116B5F9FFAD82522F00049B21DAD75F562D406FD33E
0EE6C81620E7828143101AC216FBC2997FFF9116B5F9FFAD87723000049B21DAD75F562D406FF33F
0EE6CE16211382813F1019AC16FBB7997FFF9106B5FA0FAC84123000049B21DAD75F562D406FE340
0EE70816214C82814610192C16FB9D997FFF9106B4FA0FAC82523000049B21DAD75F562D406FD341
0EE74F16218082813F10195116FB79996FFF90F6B5FA0FAC82122F00049B21DAD75F562D406FF342
0EE7AE1621A08281461018EE16FB3F996FFF90F6B5FA0FAC82322E00049B21DAD75F562D406FE343
0EE7E11621B982813F1016EA16FAFB995FFF90F6B5FA0FAC82522E00049B21DAD75F562D406FD344
0EE80A1621D682813F1013B216FA8D995FFF90E6B4FA0FAC82522D00049B21DAD75F562D406FD345
0EE83D1621E182813F100FB516FA15995FFF90E6B4FA0FAC82522D00049B21DAD75F562D406FD346
0EE8621621E6828146100B7716F992995FFF90E6B5FA0FAC82522D00049B21DAD75F562D406FE347
0EE89F1621E882813710069A16F8FA995FFF90D6B4FA0FAC50122D00049C21DAD75F562D406FD348
0EE8D91621E882813F1001C416F872995FFF90D6B4FA0FAC0D022D00049B21DAD75F562D406FD349
0EE9081621FA8281460FFD9616F7F0994FFF90D6B5FA0FAC00022D00049B21DAD75F562D406FF34A
0EE9161622088281370FFA4416F772994FFF90D6B4FA0FAC00022E00049B21DAD75F562D406FD34B
0EE9311622168281460FF7B816F6F0993FFF90D6B4FA0FAC00022F00049B21DAD75F562D406FE34C
0EE91F16221D82813F0FF4FA16F649993FFF90D6B5FA0FAC00522E00049B21DAD75F562D406FE34D
0EE90C1622228281370FF32D16F5A1993FFF90D6B5FA0FAC00422E00049B21DAD75F562D406FE34E
0EE8C81622068281460FF0FD16F53E993FFF90D6B5FA0FAC00322E00049B21DAD75F562D406FE34F
0EE8401621BD82813F0FEEC416F4EB992FFF90D6B4FA0FAC00222D00049B21DAD75F562D406FD350
0EE81B16215882813F0FEC8016F4A2992FFF90D6B5FA0FAC00222E00049B21DAD75F562D406FE351
0EE7E81620F98281210FEA3616F497992FFF90D6B5FA0FAC00222E00049B21DAD75F562D406FE352
0EE7BF1620E98281590FE80616F4C6992FFF90D6B5FA0FAC00222E00049B21DAD75F562D406FD353
0EE7C21620EF8281460FE67116F514991FFF90D6B5FA0FAC05822F00049B21DAD75F562D406FE354
0EE79A1620F182813F0FE54A16F592992FFF90D6B4FA0FAC56322E00049B21DAD75F562D406FD355
0EE75D16210082813F0FE46A16F60F991FFF90D6B5FA0FAC84722E00049B21DAD75F562D406FE356
0EE7741621278281460FE3B916F6A1991FFF90D6B5FA0FAC8AD22E00049B21DAD75F562D406FE357
0EE78216213A82813F0FE30B16F734991FFF90D6B5FA0FAD87622F00049B21DAD75F562D406FD358
0EE76116213A8281460FE28B16F7B3991FFF90D6B4FA0FAD85722F00049B21DAD75F562D406FE359
0EE76716210E82813F0FE21416F7E5991FFF90D6B5FA0FAD85322F00049B21DAD75F562D406FD35A
0EE6F41620B28281460FE17516F7E0991FFF90E6B5FA0FAD85522F00049B21DAD75F562D406FD35B
0EE62F1620668281460FE0C316F7B6991FFF90E6B5FA0FAD85722F00049B21DAD75F562D406FE35C
0EE5F51620528281460FE04516F792991FFF90E6B5FA0FAD85622F00049B21DAD75F562D406FD35D
0EE64716205B8281460FE00D16F753991FFF90E6B4FA0FAD85622F00049B21DAD75F562D406FD35E
0EE62C1620498281460FDFEA16F724991FFF90E6B5FA0FAD85722F00049B21DAD75F562D406FE35F
0EE5C916201882814E0FDFDF16F6FA991FFF90E6B5FA0FAD58422E00049B21DAD75F562D406FD360
0EE575161FE48281460FDFDB16F6D6992FFF90F6B5FA0FAD10522E00049B21DAD75F562D406FE361
0EE542161FD782814E0FDFE616F6B1992FFF90F6B4FA0FAD00022D00049B21DAD75F562D406FD362
0EE53B161FD482814E0FDFF516F678992FFF90F6B4FA0FAD00022E00049B21DAD75F562D406FE363
0EE52A161FD28281460FDFE216F653992FFF90F6B4FA0FAD00022D00049B21DAD75F562D406FF364
0EE51A161FC28281520FDFD116F634992FFF9106B4FA0FAD00522D00049B21DAD75F562D406FE365
0EE505161FBA82814E0FDFB016F634992FFF9106B5FA0FAD00422D00049B21DAD75F562D406FD366
0EE508161FC882814E0FDF8816F634992FFF9106B5FA0FAD00322D00049B21DAD75F562D406FD367
0EE52E161FE38281550FDF7616F63E992FFF9116B4FA0FAD00222F00049B21DAD75F562D406FD368
0EE545161FF682814E0FDF4B16F64E992FFF9116B4FA0FAD00123100049B21DAD75F562D406FE369
0EE542161FF38281550FDF1816F66D993FFF9116B4FA0FAD00223100049B21DAD75F562D406FF36A
0EE520161FCF8281550FDEF116F678993FFF9126B4FA0FAD00323000049B21DAD75F562D406FE36B
0EE505161FB48281550FDEDB16F68C993FFF9126B5FA0FAD0E322F00049A21DAD75F562D406FE36C
0EE4FC161FB282815C0FDEC916F6A7993FFF9126B4FA0FAD5EC22F00049B21DAD75F562D406FD36D
0EE4CF161F848281550FDEB816F6BD993FFF9136B5FA0FAD84522F00049B21DAD75F562D406FE36E
0EE3FD161EFA8281550FDE9616F6CB994FFF9136B5FA0FAD87922F00049A21DAD75F562D406FE36F
0EE34D161E6182815C0FDE7216F6E5994FFF9146B5F9FFAD84322F00049A21DAD75F562D406FE370
0EE2AE161DF382815C0FDE3816F6F0994FFF9146B5F9DFAC82922F00049A21DAD75F562D406FE371
0EE219161DC182815C0FDDF916F705994FFF9146B4F9DFAC82722F00049A21DAD75F562D406FD372
0EE1AF161D9E82815C0FDDC116F70A994FFF9156B4F9DFAC82A22F00049A21DAD75F562D406FD373
0EE133161D688281550FDD9C16F70F994FFF9156B4F9DFAC82B22F00049B21DAD75F562D406FD374
0EE0F6161D5582816B0FDD7C16F71A994FFF9156B4F9DFAC82B22F00049A21DAD75F562D406FD375
0EE0FE161D698281640FDD6216F724994FFF9156B4F9DFAC82B22F00049A21DAD75F562D406FD376
0EE122161D808281610FDD5416F734994FFF9166B4F9DFAC82B22F00049921DAD75F562D406FD377
0EE122161D7F8281640FDD4616F72E995FFF9166B4F9DFAC52522F00049921DAD75F562D406FF378
0EE10B161D5E8281640FDD3B16F72E995FFF9166B5F9DFAC0E022F00049921DAD75F562D406FE379
0EE0C8161D398281640FDD3B16F734995FFF9176B4F9DFAC00023000049921DAD75F562D406FD37A
0EE07D161D038281640FDD4216F72E995FFF9176B5F9DFAC00023000049921DAD75F562D406FE37B
0EE02C161CCA82816B0FDD3716F72E995FFF9176B5F9DFAC00023000049821DAD75F562E416FE37C
0EDFE1161C9382816B0FDD3416F72E995FFF9176B4F9DFAC00523000049821DAD75F562E406FE37D
0EDFA8161C6F82816B0FDD2C16F729995FFF9186B4F9DFAC00423000049821DAD75F562E406FD37E
0EDFB5161C6482816B0FDD2C16F729995FFF9186B5F9DFAC00323100049921DAD75F562E406FF37F
0EDFB8161C6282816B0FDD3716F734995FFF9186B5F9DFAC00223100049921DAD75F562E406FE380
0EDF94161C5E82816B0FDD3B16F729995FFF9186B5F9DFAC00123100049921DAD75F562E406FE381
0EDF77161C648281730FDD4216F734996FFF9196B5F9DFAC00223000049921DAD75F562E406FF382
0EDF5E161C6A82816B0FDD4216F72E996FFF9196B4F9DFAC00322F00049921DAD75F562E406FE383
0EDF53161C6C8281730FDD3E16F729996FFF9196B5F9DFAC05522F00049821DAD75F562E406FF384
0EDF4E161C6F8281730FDD3716F72E996FFF9196B4F9DFAC52D22F00049921DAD75F562E406FD385
0EDF7F161C968281730FDD3016F729997FFF9196B4F9DFAC7F322F00049821DAD75F562E406FD386
0EDFAF161CB28281730FDD2916F724997FFF9196B4F9DFAC85522F00049921DAD75F562E406FE387
0EDFDD161CBA8281770FDD2216F720997FFF9196B4F9BFAB82123000049821DAD75F562E406FF388
0EDFF6161CC78281730FDD1716F71A997FFF91A6B4F99FAA80323000049821DAD75F562E406FD389
0EE003161CCE82817A0FDD0C16F714997FFF91A6B4F98FAA7FE23000049821DAD75F562E406FF38A
0EE006161CC582817A0FDD0C16F71A997FFF91A6B4F98FAA80123000049821DAD75F562E406FD38B
0EE003161CBA8281730FDD0116F70F997FFF91A6B4F98FAA80222F00049821DAD75F562E406FE38C
0EE014161CC98281820FDCFE16F70F998FFF91A6B4F98FAA80222F00049821DAD75F562E406FE38D
0EE039161CE282817A0FDCF616F70A999FFF91A6B4F98FAA80223000049821DAD75F562E406FE38E
0EE04D161D0482817A0FDCF616F705999FFF91A6B5F98FAA80223100049821DAD75F562E406FD38F
0EE080161D1C82817A0FDCEF16F70A999FFF91B6B4F98FAA58123000049821DAD75F562E406FD390
0EE0C8161D3F8281820FDCEF16F6FA999FFF91B6B4F98FAA11523000049821DAD75F562E406FE391
0EE0E9161D5082817A0FDCE816F6EB99AFFF91B6B4F98FAA00023100049821DAD75F562E406FE392
0EE0EC161D328281820FDCE816F6F099AFFF91B6B4F98FAA00023000049821DAD75F562E406FD393
0EE098161D0182817A0FDCE416F6E599AFFF91C6B4F98FAA00023000049821DAD75F562E406FD394
0EE05E161CD68281820FDCDD16F6DB99AFFF91C6B4F98FAA00523100049721DAD75F562E406FD395
0EE04D161CBC8281820FDCE016F6CB99BFFF91C6B4F98FAA00523000049721DAD75F562E406FF396
0EE003161CA582817A0FDCDD16F6C199BFFF91D6B5F98FAA00323000049721DAD75F562E406FE397
0EDF74161C8F8281860FDCDD16F6B199CFFF91D6B4F98FAA00222F00049821DAD75F562E406FE398
0EDF10161C748281820FDCD916F6AC99CFFF91D6B4F98FAA00222E00049721DAD75F562E406FD399
0EDEF6161C5A8281820FDCD916F6A199DFFF91D6B4F98FAA00122E00049721DAD75F562E406FE39A
0EDEEE161C488281820FDCD216F69799DFFF91D6B4F98FAA00222E00049821DAD75F562E406FD39B
0EDEE4161C3C8281820FDCD616F69299DFFF91E6B4F98FAA08D22E00049721DAD75F562E406FE39C
0EDED8161C2E8281820FDCD916F68C99EFFF91E6B4F98FAA5AB22E00049721DAD75F562E406FE39D
0EDEC6161C1F8281890FDCD616F68399FFFF91E6B4F98FAA85822E00049721DAD75F562E406FD39E
0EDEB8161C188281820FDCD916F67D99FFFF91F6B4F98FAA8A822F00049721DAD75F562E406FF39F
0EDEBC161C138281820FDCDD16F6689A0FFF91F6B4F99FAB87122F00049621DAD75F562E406FD3A0
0EDEB8161C118281820FDCE416F65D9A0FFF91F6B4F9DFAC85422F00049621DAD75F562E406FE3A1
0EDEB9161C148281820FDCE816F64E9A1FFF91F6B4F9EFAD85122F00049721DAD75F562E406FD3A2
0EDEC6161C128281890FDCEF16F6349A1FFF9206B4F9EFAD85323000049621DAD75F562E406FE3A3
0EDED3161C148281820FDCFA16F6149A2FFF9206B4F9EFAD85523000049721DAD75F562E406FE3A4
0EDEE2161C168281890FDD0116F5F59A2FFF9206B4F9EFAD85523000049721DAD75F562E406FD3A5
0EDEF5161C218281820FDD0816F5D09A2FFF9206B4F9EFAD85423000049721DAD75F562E406FE3A6
0EDF0D161C2C8281820FDD0F16F5AC9A3FFF9206B4F9EFAD85523100049621DAD75F562E406FE3A7
0EDF26161C3E8281860FDD1A16F5929A4FFF9216B4F9EFAD55023300049621DAD75F562E406FE3A8
0EDF2E161C478281820FDD1E16F5789A4FFF9216B4F9EFAD0EC23400049621DAD75F562E406FF3A9
0EDF3E161C578281890FDD3316F5489A5FFF9216B4F9EFAD00023400049621DAD75F562E406FD3AA
0EDF46161C5D8281820FDD5416F5299A5FFF9216B4F9EFAD00023300049621DAD75F562E406FD3AB
0EDF50161C608281820FDD8716F5059A6FFF9216B4F9EFAD00023100049721DAD75F562E406FD3AC
0EDF5C161C658281890FDDF016F4FA9A7FFF9216B5F9EFAD00523200049621DAD75F562E406FF3AD
0EDF5A161C6A8281820FDE6B16F5009A7FFF9216B4F9EFAD00423400049621DAD75F562E406FE3AE
0EDF5E161C698281890FDF1216F4FA9A8FFF9216B4F9EFAD00323500049721DAD75F562E406FF3AF
0EDF63161C5F8281820FDFBF16F50A9A8FFF9216B5F9EFAD00223400049621DAD75F562E406FF3B0
0EDF5A161C598281820FE09116F51A9A9FFF9216B4F9EFAD00223200049621DAD75F562E406FE3B1
0EDF53161C5F8281820FE17D16F52E9A9FFF9226B5F9EFAD00223100049621DAD75F562E406FE3B2
0EDF55161C658281820FE26B16F52F9AAFFF9226B4F9EFAD00323100049621DAD75F562E406FF3B3
0EDF53161C608281890FE35116F5349AAFFF9226B4F9EFAD09C23100049621DAD75F562E406FE3B4
0EDF52161C608281820FE42216F53E9ABFFF9226B4F9EFAD57123000049621DAD75F562E406FD3B5
0EDF61161C658281820FE50516F5499ACFFF9226B4F9EFAD7E223000049621DAD75F562E406FD3B6
0EDF50161C798281820FE60816F5689ACFFF9226B4F9EFAD82723100049621DAD75F562E406FD3B7
0EDF33161C8782817E0FE73C16F57D9ADFFF9226B4F9EFAD7F223100049721DAD75F562E406FD3B8
0EDF3C161CA08281820FE8A116F5879ADFFF9226B4F9EFAE7D723200049621DAD75F562E406FF3B9
0EDF7C161CDD8281820FEA2216F59C9AEFFF9226B4F9EFAE7D523200049621DAD75F562E406FE3BA
0EE03C161D2B82817A0FEBBD16F5929AFFFF9226B4F9EFAE7D723200049621DAD75F562E406FE3BB
0EE0C0161D5D8281820FED6C16F5829AFFFF9226B4F9EFAE7D923100049621DAD75F562E406FD3BC
0EE0E9161D6E8281820FEF1416F56D9B0FFF9226B4F9EFAE7D823B00049621DAD75F562E406FE3BD
0EE10F161D6E82817A0FF0D616F56D9B0FFF9226B4F9EFAE7D825100049721DAD75F562E406FE3BE
0EE122161D6982817A0FF27716F5829B1FFF9226B5F9EFAE7D925500049621DAD75F562E406FF3BF
0EE104161D5582817A0FF41516F5A79B1FFF9226B4F9EFAE57824D00049721DAD75F562E406FE3C0
0EE0C4161D2D82817A0FF5B616F5DB9B2FFF9226B4F9EFAE11A24400049621DAD75F562E406FD3C1
0EE05B161CDD82817A0FF72316F6149B3FFF9226B4F9EFAE00023D00049621DAD75F562E406FE3C2
0EDFE8161C8E82817A0FF88B16F6539B3FFF9226B4F9EFAE00023A00049721DAD75F562E406FE3C3
0EDF83161C6C82817A0FF9C516F6929B4FFF9226B5F9EFAE00023700049721DAD65F562E416FE3C4
0EDF5C161C648281730FFAD216F6C69B4FFF9226B4F9EFAE00523500049721DAD65F562E406FD3C5
0EDF46161C5E82817A0FFBB916F6F59B4FFF9226B5F9EFAE00523400049621DAD65F562E406FF3C6
0EDF3A161C598281730FFC7D16F72E9B5FFF9226B4F9EFAE00323200049721DAD65F562E406FD3C7
0EDF3C161C5F8281770FFD2B16F7689B5FFF9226B4F9EFAE00223100049721DAD65F562E406FD3C8
0EDF68161C928281730FFDBE16F7999B6FFF9226B4F9EFAE00223000049721DAD65F562E406FD3C9
0EDFF2161D1B82816B0FFE4316F7C19B6FFF9226B5F9EFAE00123000049721DAD65F562E406FD3CA
0EE111161DDA8281730FFED716F7E59B6FFF9226B4F9EFAE00322F00049721DAD65F562E406FD3CB
0EE26E161E918281730FFF7116F8059B7FFF9216B4F9EFAE0B522F00049721DAD65F562E406FD3CC
0EE380161F0C82816B10005116F81F9B7FFF9216B4F9EFAE5DF22F00049721DAD65F562E406FD3CD
0EE407161F6082816B10019C16F8299B7FFF9216B4F9EFAE87022F00049721DAD65F562E406FE3CE
0EE49C161FBA82816B10030316F82F9B7FFF9216B5F9EFAE8B422F00049721DAD65F562E406FF3CF
0EE50F161FF882816B10046516F83B9B7FFF9216B4F9EFAE87D22E00049721DAD65F562E406FD3D0
0EE55D16201082816410059F16F8349B8FFF9206B4F9EFAC86122E00049821DAD65F562E406FE3D1
0EE58916201182816B1006B016F8249B8FFF9206B5F9EFAA85E22F00049721DAD65F562E406FE3D2
0EE58216200482816410077916F8059B8FFF91F6B4F9EFAA86122F00049721DAD65F562E406FF3D3
0EE59316200F82816B10081516F7EB9B7FFF91F6B4F9EFAA86122F00049721DAD65F562E406FD3D4
0EE5B216202682816410088A16F7DB9B7FFF91F6B4F9EFAA86222F00049721DAD65F562E406FE3D5
0EE5B216202682815C10090616F7CB9B8FFF91F6B4F9EFAA86122D00049721DAD65F562E406FD3D6
0EE5AB16205082816410099C16F7C89B7FFF91E6B5F9EFAA86222E00049821DAD65F562E406FD3D7
0EE61D1620A7828164100A7016F7C69B7FFF91E6B5F9EFAA5B822E00049821DAD65F562E406FF3D8
0EE69F1620CA828159100B8916F7BC9B7FFF91E6B4F9EFAA11D22D00049921DAD65F562E406FD3D9
0EE6DF1620DD82815C100C9916F7B19B7FFF91E6B5F9EFAA00022D00049821DAD65F562E406FF3DA
0EE6E31620C182815C100D8216F7BC9B7FFF91D6B4F9EFAA00022D00049821DAD65F562E406FE3DB
0EE6FA1620D382815C100E5D16F7C19B7FFF91D6B4F9EFAA00022D00049821DAD65F562E406FF3DC
0EE74F16213782815C100F5A16F7D69B7FFF91D6B4F9EFAA00522D00049821DAD65F562E406FF3DD
0EE851161F1582815510105D16F7EB9B6FFF91C6B5F9EFAA00522D00049821DAD65F562E406FE3DE
0EE862161C0082815510114F16F8009B6FFF91C6B4F9EFAA00322E00049921DAD65F562E406FE3DF
0EE80A161FFB82815C10121216F80F9B6FFF91B6B4F9EFAA00222E00049921DAD65F562E406FF3E0
0EE85B1621D282814E1012B316F81F9B6FFF91B6B5F9EFAA00122E00049821DAD65F562E406FE3E1
0EE8FE16223382815510133D16F82F9B6FFF91B6B5F9EFAA00222E00049921DAD65F562E406FE3E2
0EE92A1622728281551013B716F8349B5FFF91B6B5F9EFAA00222D00049821DAD65F562E406FE3E3
0EE94C16228282814E10142E16F8439B5FFF91A6B5F9EFAA0D622D00049821DAD65F562E406FF3E4
0EE9881622A68281551014A616F8499B5FFF91A6B5F9EFAA60C22D00049921DAD65F562E406FF3E5
0EE9EC1622C882814E10152216F85E9B5FFF9196B4F9EFAA88722D00049921DAD65F562E406FF3E6
0EEA331622F18281461015B616F86F9B5FFF9196B4F9EFAA8C322D00049921DAD65F562E406FE3E7
0EEA8816230B82814E1015E016F8829B5FFF9186B4F9EFAA88B22D00049921DAD65F562E406FD3E8
0EEAC516231F82814E10145916F88D9B4FFF9186B5F9FFAB87022D00049921DAD65F562E406FD3E9
0EEAE41623228281461013DA16F8979B4FFF9176B5F9FFAD86D22D00049921DAD65F562E406FE3EA
0EEAD616232382814A10143816F8AC9B4FFF9176B4F9FFAD87022D00049821DAD65F562E406FD3EB
0EEADD16232D82814610150516F8AC9B4FFF9166B5F9FFAD87122D00049921DAD65F562E406FE3EC
0EEAF116233B82814610160316F8B69B4FFF9166B5F9FFAD87122D00049921DAD65F562E406FE3ED
0EEB1916235182814610170416F8C69B4FFF9156B5F9FFAD87122D00049821DAD65F562E406FE3EE
0EEB2716235A8281461017E716F8CB9B4FFF9156B4F9FFAD87122D00049A21DAD65F562E406FF3EF
0EEB271623648281461018A316F8CB9B4FFF9146B5F9FFAD5AA22E00049921DAD65F562E406FE3F0
0EEB3516236A82813F10194D16F8D69B4FFF9136B5F9FFAD11222D00049921DAD65F562E406FF3F1
0EEB3F16236C8281461019D416F8D69B4FFF9136B5F9FFAD00022E00049921DAD65F562E406FE3F2
0EEB5E16237B82813F101A5C16F8E09B4FFF9126B4F9FFAD00022E00049921DAD65F562E406FE3F3
0EEB8716237D82813F101AC416F8D69B4FFF9116B4F9FFAD00022D00049A21DAD65F562E406FE3F4
0EEB9816237B82813F101A2116F8D19B5FFF9116B4F9FFAD00523000049A21DAD65F562E406FF3F5
0EEB9A16237682813F10180F16F8C19B4FFF9106B4F9FFAD00523800049A21DAD65F562E406FD3F6
0EEB8716237282813F10163616F8B19B4FFF9106B4F9FFAD00323C00049921DAD65F562E406FF3F7
0EEB8716237182813F1014F616F88D9B4FFF90F6B4F9FFAD00223B00049921DAD65F562E406FD3F8
0EEB8716237882813F10142516F8639B4FFF90F6B4F9FFAD00223900049921DAD65F562E406FE3F9
0EEB7C16237482813F1013CF16F81A9B4FFF90E6B5F9FFAD00223700049A21DAD65F562E406FE3FA
0EEB791623718281371013E716F7D09B5FFF90D6B5F9FFAD00323400049A21DAD65F562E406FE3FB
0EEB7C16237482813F10144B16F7729B5FFF90D6B5F9FFAD07F23200049A21DAD65F562E406FE3FC
0EEB7116237182813710144E16F71A9B5FFF90C6B5F9FFAD55323100049A21DAD65F562E406FE3FD
0EEB6816237082813B10120316F6CB9B5FFF90C6B4F9FFAD7E023000049A21DAD65F562E406FD3FE
0EEB5716237482813F100E6416F6829B5FFF90B6B4F9FFAD82E22F00049921DAD65F562E406FF3FF
0EEB4D162373828137100A9416F6439B5FFF90B6B4F9FFAD7FA22F00049A21DAD65F562E406FD300
0EEB3816236E82813F10073716F5FF9B5FFF90A6B4F9FFAD7DE22F00049A21DAD65F562E406FE301
0EEB3C16236C82813710044816F5C19B5FFF90A6B4FA1FAE7DB22F00049A21DAD65F562E406FE302
0EEB4316236F82813F10017416F56D9B6FFF9096B4FA1FAE7DD22F00049A21DAD65F562E406FE303
0EEB4C1623688281370FFEB316F5199B6FFF9096B5FA1FAE7DF22F00049A21DAD65F562E406FE304
0EEB3C16235882813F0FFC6E16F4B69B6FFF9096B4FA1FAE7DF22F00049A21DAD65F562E406FE305
0EEB051623418281370FFA9116F4739B6FFF9086B5FA1FAE7DE22F00049A21DAD65F562E406FE306
0EEAD616233382813F0FF86216F42F9B6FFF9086B4FA1FAE7DF22E00049921DAD65F562E406FE307
0EEAC516232D8281370FF5A516F4059B6FFF9076B4FA1FAE4FD22E00049921DAD65F562E406FF308
0EEAB116231482813F0FF31716F3F09B6FFF9076B4FA1FAE0DB22E00049A21DAD65F562E406FD309
0EEAB11622E382813F0FF19216F3FE9B7FFF9076B5FA1FAE00022D00049A21DAD65F562E406FF30A
0EEA9C1622B38281370FF0CB16F4349B7FFF9066B5FA1FAE00022E00049A21DAD65F562E406FF30B
0EEA3E16226E82813F0FEF1716F47D9B7FFF9066B5FA1FAE00022F00049A21DAD65F562E406FF30C
0EE98D16220182813F0FED5616F4B69B7FFF9066B4FA1FAE00522F00049A21DAD65F562E406FE30D
0EE90116216782813F0FEB5F16F4F59B8FFF9056B5FA1FAE00422F00049A21DAD65F562E406FF30E
0EE7C61620A282813F0FEA3E16F5399B8FFF9056B5FA1FAE00322F00049921DAD65F562E406FD30F
0EE62F16201782813F0FE98D16F5589B8FFF9056B4FA1FAE00222F00049A21DAD65F562E406FF310
0EE562161FD98281300FE86416F5589B8FFF9056B5FA1FAE00222E00049921DAD65F562E406FF311
0EE4FE161FA88281520FE6F716F5339B9FFF9056B5FA1FAE00222E00049921DAD65F562E406FF312
0EE4D2161F7D82813F0FE56116F50F9B9FFF9056B4FA1FAE00322E00049921DAD65F562E406FD313
0EE4B4161F5C8281460FE41016F4DB9B9FFF9056B5FA1FAE08A22E00049A21DAD65F562E406FE314
0EE466161F5482813F0FE32F16F4B69B9FFF9056B4FA1FAE59A22F00049921DAD65F562E406FD315
0EE45F161F818281460FE28016F49C9B9FFF9056B5FA1FAE84322F00049921DAD65F562E406FF316
0EE50C161FEF8281460FE1F716F4829B9FFF9056B4FA1FAE89223100049A21DAD65F562E406FE317
0EE5C916204B8281460FE18716F4689B9FFF9056B5FA1FAE85C23100049921DAD65F562E406FF318
0EE5F116205F8281460FE14316F4579B9FFF9056B5FA1FAE83F23000049921DAD65F562E406FE319
0EE5B51620418281460FE11E16F4449BAFFF9056B4F9FFAD83C22F00049921DAD65F562E406FE31A
0EE58616202C8281460FE0FF16F43E9BAFFF9056B4F9EFAC83F22E00049921DAD65F562E406FE31B
0EE58616202582814E0FE0E016F44E9BAFFF9056B4F9EFAC83F22E00049921DAD65F562E406FD31C
0EE5711620188281460FE0D516F4599BAFFF9056B5F9EFAC83F22E00049921DAD65F562E406FF31D
0EE56E16201F82814E0FE0CC16F4539BAFFF9056B4F9EFAC83F22E00049921DAD65F562E406FF31E
0EE575161FEA82814E0FE09116F43E9BAFFF9056B5F9EFAC84022E00049921DAD65F562E406FE31F
0EE4F7161F9882814E0FE04C16F42D9BAFFF9066B4F9EFAC53D22F00049921DAD65F562E406FF320
0EE4BE161F7382814E0FE01C16F40A9BAFFF9066B4F9EFAC0E722F00049921DAD65F562E406FE321
0EE44E161F2A8281550FDFEE16F3F59BAFFF9076B4F9EFAC00022F00049921DAD65F562E406FF322
0EE354161E9882814E0FDFC216F3E09B9FFF9076B5F9EFAC00022E00049921DAD65F562E406FE323
0EE29D161E1E8281520FDF9E16F3B79B9FFF9076B4F9EFAC00022E00049921DAD65F562E406FF324
0EE212161DDA82815C0FDF8C16F3A59B9FFF9086B4F9EFAC00522E00049821DAD65F562E406FE325
0EE1A8161DB682814E0FDF8116F38D9B9FFF9086B4F9EFAC00422E00049921DAD65F562E406FE326
0EE15F161D9382815C0FDF7D16F37D9B9FFF9096B4F9EFAC00322E00049921DAD65F562E406FF327
0EE14E161D968281550FDF6B16F3739B9FFF9096B4F9EFAC00222F00049921DAD65F562E406FE328
0EE177161DBB82815C0FDF4016F3599B9FFF90A6B5F9EFAC00122F00049821DAD65F562E406FF329
0EE1AC161DD282815C0FDF0216F3599B8FFF90B6B4F9EFAC00123000049921DAD65F562E406FF32A
0EE199161D9A82815C0FDECD16F3569B8FFF90B6B4F9EFAC00223000049921DAD65F562E406FE32B
0EE10E161D3382815C0FDEAF16F3549B7FFF90C6B4F9EFAC06F23100049821DAD65F562E406FF32C
0EE0A9161CF182815C0FDE7516F34E9B7FFF90D6B4F9EFAC59F23300049821DAD65F562E406FE32D
0EE087161CD282815C0FDE3316F34E9B7FFF90E6B4F9EFAC87D23B00049821DAD65F562E406FF32E
0EE039161CB58281640FDE0516F3449B6FFF90F6B4F9EFAC8DB24300049821DAD65F562E406FF32F
0EDFF2161C9E8281640FDDDD16F33C9B6FFF90F6B4F9EFAC8A324200049821DAD65F562E406FD330
0EDFC5161C8A8281640FDDB916F33F9B5FFF9106B4F9EFAC88424100049821DAD65F562E406FF331
0EDF9E161C858281640FDDA316F32F9B5FFF9116B4F9DFAD88023F00049821DAD65F562E406FF332
0EDF89161C8882816B0FDD7F16F3399B5FFF9126B4F9BFAD88323C00049821DAD65F562E406FD333
0EDF88161C8A8281640FDD7116F33F9B4FFF9136B4F9BFAD88423A00049821DAD65F562E406FE334
0EDF89161C9582816B0FDD5B16F3329B4FFF9146B4F9BFAD88424D00049721DAD65F562E406FE335
0EDF8C161C928281680FDD3716F32A9B3FFF9156B4F9BFAD88428900049821DAD65F562E406FE336
0EDF8D161C8C82816B0FDCF616F3259B2FFF9166B4F9BFAD8842AF00049721DAD65F562E406FD337
0EDF68161C6C82816B0FDCC716F3109B2FFF9176B4F9BFAD5F12A300049721DAD65F562E406FE338
0EDF4B161C5B8281730FDCAA16F3109B1FFF9176B4F9BFAD13328500049721DAD65F562E406FF339
0EDF4D161C5B82816B0FDCA716F30D9B1FFF9196B4F9BFAD00026C00049721DAD65F562E406FE33A
0EDF43161C4E8281730FDCA716F3009B1FFF9196B4F9BFAD00025B00049721DAD65F562E406FF33B
0EDF1F161C2E8281730FDCB616F3009B0FFF91A6B4F9BFAD00025000049721DAD65F562E406FF33C
0EDEEB161C0F8281730FDCC016F2F69B0FFF91B6B4F9BFAD00524B00049721DAD65F562E406FE33D
0EDEB5161BED8281730FDCC716F2F69AFFFF91C6B4F9BFAD00524500049721DAD65F562E406FD33E
0EDE97161BDD8281730FDCBC16F2EE9AFFFF91D6B4F9BFAD00324000049721DAD65F562E406FD33F
0EDE75161BD78281730FDCBC16F2F09AEFFF91E6B4F9BFAD00223F00049721DAD65F562E406FE340
0EDE61161BD182817A0FDCB616F2EB9AEFFF91E6B4F9BFAD00224C00049621DAD65F562E406FE341
0EDE56161BC58281730FDCB116F2E19ADFFF91F6B4F9BFAD00225000049621DAD65F562E406FE342
0EDE4C161BBA82817A0FDCAA16F2E89ADFFF9206B4F9BFAD00324900049621DAD65F562E406FF343
0EDE38161BB082817A0FDC9F16F2E19ADFFF9216B4F9BFAD0B324100049621DAD65F562E406FF344
0EDE24161BA682817A0FDC9816F2E19ACFFF9226B4F9BFAD5C723D00049621DAD65F562E406FF345
0EDE13161BA382817E0FDC8E16F2DC9ACFFF9226B4F9BFAD84B23900049621DAD65F562E406FF346
0EDE0F161B9E82817A0FDC8A16F2D19ABFFF9236B4F9BFAD88D23700049621DAD65F562E406FF347
0EDE0F161BA182817A0FDC7B16F2D99ABFFF9246B4F9BFAD85723D00049621DAD65F562E406FF348
0EDE0F161BA382817A0FDC7416F2DC9ABFFF9246B4F9BFAD83B24100049621DAD65F562E406FF349
0EDE09161BA08281820FDC6616F2D69AAFFF9256B4F9BFAD83923E00049621DAD65F562E406FF34A
0EDDFE161B978281820FDC5816F2D69AAFFF9256B4F9BFAB83B23A00049621DAD65F562E406FF34B
0EDDFB161B968281820FDC4C16F2D69AAFFF9266B4F9CFAB83D23800049521DAD65F562E406FD34C
0EDDF7161B9C82817A0FDC3E16F2D99A9FFF9266B4F9CFAB83D23700049521DAD65F562E406FD34D
0EDDFB161B9B8281820FDC2F16F2D69A9FFF9276B4F9BFAB83D23600049521DAD65F562E406FD34E
0EDDF8161B968281820FDC2516F2DC9A8FFF9276B4F9BFAB83D23400049521DAD65F562E406FF34F
0EDDED161B918281820FDC1A16F2E19A8FFF9286B4F9BFAB5D323300049521DAD65F562E406FF350
0EDDD6161B868281820FDC1416F2DE9A8FFF9286B4F9BFAB13323300049521DAD65F562E406FF351
0EDDD5161B848281820FDC0B16F2DC9A7FFF9286B4F9BFAB00023500049521DAD65F562E406FF352
0EDDCF161B888281890FDC0816F2D69A7FFF9296B4F9CFAB00023500049521DAD65F562E406FE353
0EDDD9161B8A8281820FDC0016F2DC9A7FFF9296B4F9CFAB00023400049521DAD75F562E416FE354
0EDDD9161B7E8281820FDBF916F2D69A6FFF9296B4F9BFAB00523200049521DAD75F562E406FE355
0EDDD6161B7A8281860FDBF216F2D39A6FFF9296B4F9BFAB00523100049521DAD75F562E406FF356
0EDDD2161B7D8281820FDBF016F2D69A5FFF9296B4F9BFAB00223100049521DAD75F562E406FF357
0EDDD6161B7B8281890FDBE716F2CC9A5FFF9296B4F9CFAB00223100049521DAD75F562E406FF358
0EDDD2161B7D8281820FDBE416F2CC9A5FFF9296B4F9BFAB00123100049421DAD75F562E406FE359
0EDDD9161B878281890FDBD516F2C79A5FFF9296B4F9BFAB00223100049421DAD75F562E406FE35A
0EDDD9161B8A8281890FDBCE16F2BF9A4FFF9296B4F9BFAB00323200049421DAD75F562E406FF35B
0EDDDD161B898281820FDBBF16F2B29A4FFF9296B4F9BFAB13D23200049521DAD75F562E406FD35C
0EDDE3161B898281890FDBAF16F2A79A3FFF9296B4F9BFAB47C23200049421DAD75F562E406FF35D
0EDDD5161B8A8281890FDBAA16F2A29A3FFF9296B4F9CFAB5AB23200049421DAD75F562E406FE35E
0EDDD3161B828281820FDB9B16F2959A3FFF9286B4F9BFAB5B023200049521DAD75F562E406FF35F
0EDDCB161B7F8281890FDB9F16F27E9A3FFF9286B4F9BFAB58D23200049521DAD75F562E406FE360
0EDDC9161B828281890FDBA316F2649A2FFF9286B4F9BFAB58123200049421DAD75F562E406FF361
0EDDCB161B808281820FDBA616F24F9A2FFF9286B4F9BFAB58123300049421DAD75F562E406FF362
0EDDD3161B838281890FDBAA16F2369A2FFF9276B4F9CFAC58223400049521DAD75F562E406FE363
0EDDCF161B818281890FDBBA16F21B9A1FFF9276B4F9BFAC58323300049421DAD75F562E406FF364
0EDDD2161B838281820FDBC316F1F69A1FFF9276B4F9CFAC58323200049421DAD75F562E406FE365
0EDDD6161B8882818D0FDBD116F1E19A1FFF9276B4F9CFAC58223100049421DAD75F562E406FF366
0EDDE6161B908281820FDBDC16F1C89A1FFF9266B4F9BFAC58323100049421DAD75F562E406FF367
0EDDFE161B9B8281890FDBEE16F1C29A1FFF9266B4F9BFAC3D523100049421DAD75F562E406FF368
0EDE0F161BA18281820FDC0816F1B29A1FFF9256B4F9BFAC0C523000049421DAD75F562E406FF369
0EDE13161BA68281890FDC3416F1AD9A1FFF9256B4F9BFAC00023100049321DAD75F562E406FE36A
0EDE1D161BAF8281820FDC9C16F1A99A0FFF9256B4F9BFAC00023100049221DAD75F562E406FF36B
0EDE2A161BBC8281820FDD3E16F1989A0FFF9256B4F9BFAC00023200049021DAD65F562E416FE36C
0EDE42161BCF8281890FDE1F16F1839A0FFF9246B4F9BFAC00423200048F21DAD65F562E406FE36D
0EDE5A161BEB8281820FDF2716F1839A0FFF9246B4F9BFAC00323200048F21DAD65F562E406FE36E
0EDE86161C098281890FE03D16F17A99FFFF9246B4F9BFAC00323200049021DAD65F562E406FF36F
0EDEC9161C278281820FE14D16F1889A0FFF9236B4F9CFAC00223100049021DAD65F562E406FE370
0EDF4B161C608281820FE24616F19399FFFF9236B5F9BFAC00123100049121DAD65F562E406FE371
0EDFD7161CA58281820FE30716F1B79A0FFF9226B4F9CFAC00223000049221DAD65F562E406FF372
0EE021161CBA8281820FE3A416F1D89A0FFF9226B4F9CFAC00323000049321DAD65F562E406FF373
0EDFD3161CA68281820FE41A16F1FB9A0FFF9226B5F9CFAC0D123000049321DAD65F562E406FE374
0EDF6E161C8882817A0FE48316F21B99FFFF9216B5F9BFAC5D723100049321DAD65F562E406FE375
0EDF61161C798281860FE4E616F23A99FFFF9216B5F9BFAC83B23000049421DAD65F562E406FF376
0EDF4E161C5C82817A0FE54D16F2569A0FFF9216B4F9CFAC87322F00049421DAD65F562E406FD377
0EDF10161C2D82817A0FE5C316F25E9A0FFF9206B4F9CFAC83D22F00049421DAD65F562E406FF378
0EDEDA161BFE8281820FE64316F2649A0FFF9206B4F9CFAC82423000049321DAD65F562E406FF379
0EDE83161BDD82817A0FE6E516F25E9A1FFF91F6B5F9BFAC82123100049421DAD65F562E406FF37A
0EDE34161BBF82817A0FE79B16F25B9A1FFF91F6B4F9CFAD82423000049421DAD65F562E406FF37B
0EDE08161BAC8281820FE86816F2599A1FFF91F6B5F9BFAD82522F00049421DAD65F562E406FF37C
0EDDE3161B9282817A0FE93616F2549A1FFF91E6B4F9CFAD82522D00049521DAD65F562E406FE37D
0EDDC4161B828281730FE9FA16F24F9A1FFF91E6B4F9CFAD82522D00049521DAD65F562E406FE37E
0EDDB4161B7382817A0FEAA616F24B9A1FFF91E6B5F9BFAD82522E00049521DAD65F562E406FF37F
0EDDAE161B6982817A0FEB3E16F2499A2FFF91D6B5F9BFAD52B22E00049421DAD65F562E406FF380
0EDDB0161B718281730FEBCF16F2499A2FFF91D6B4F9CFAD0E322F00049521DAD65F562E406FD381
0EDDAE161B788281730FEC1016F2449A3FFF91D6B5F9BFAD00022F00049521DAD65F562E406FD382
0EDDC1161B8282817A0FEBF816F24B9A3FFF91C6B5F9BFAD00022E00049521DAD65F562E406FD383
0EDDD6161B8E8281730FEB9516F2499A3FFF91C6B5F9BFAD00022F00049521DAD65F562E406FE384
0EDDE6161BB98281730FEB4216F2449A4FFF91C6B4F9CFAD00523100049521DAD65F562E406FE385
0EDE75161BF682816F0FEB3E16F2449A4FFF91B6B5F9BFAD00423100049521DAD65F562E406FF386
0EDE90161C3C82816B0FEBAB16F2469A5FFF91B6B5F9BFAD00323000049621DAD65F562E406FF387
0EDF26161CFB8281730FEC6116F23F9A6FFF91B6B4F9CFAD00223000049621DAD65F562E406FE388
0EE0B9161D9E82816B0FED0A16F2359A6FFF91A6B5F9BFAD00123000049521DAD65F562E406FE389
0EE19F161DFA8281640FED4416F22F9A7FFF91A6B4F9CFAD00223000049521DAD65F562E406FF38A
0EE1F7161E3782817A0FED4016F2259A7FFF91A6B5F9BFAD00323000049621DAD65F562E406FE38B
0EE25D161E638281640FED1916F21C9A7FFF91A6B4F9CFAD05B23000049521DAD65F562E406FF38C
0EE309161E798281730FEBCF16F2259A7FFF9196B4F9CFAD54A22F00049621DAD65F562E406FE38D
0EE368161E938281640FEA2116F2259A8FFF9196B5F9BFAD81722F00049621DAD65F562E406FF38E
0EE3A8161EB482816B0FE8D016F22A9A9FFF9196B4F9CFAD87723000049621DAD65F562E406FE38F
0EE3DB161EF28281640FE77916F2219A9FFF9196B5F9BFAD84223100049621DAD65F562E406FF390
0EE422161F078281640FE67916F22A9AAFFF9196B5F9BFAD82423100049521DAD65F562E406FF391
0EE42C161F028281640FE64D16F2359ABFFF9196B4F9CFAD82023100049621DAD65F562E406FF392
0EE40A161EE98281640FE67C16F23F9ABFFF9196B4F9DFAD82223100049621DAD65F562E406FE393
0EE3E2161EDA8281640FE6D716F23C9ABFFF9186B5F9EFAE82323000049621DAD65F562E406FF394
0EE3D1161EE282815C0FE6E216F2449ACFFF9186B5F9EFAE82323000049721DAD65F562E406FF395
0EE3BF161EC88281640FE6F716F23F9ADFFF9186B4F9EFAE82323000049621DAD65F562E406FE396
0EE380161EA38281590FE74F16F2499ADFFF9186B4F9EFAE82422F00049621DAD65F562E406FE397
0EE372161EB08281640FE77916F24B9AEFFF9176B4F9EFAE48023000049621DAD65F562E406FD398
0EE361161EB18281550FE71016F2549AEFFF9176B5F9EFAE09A23000049621DAD65F562E406FD399
0EE2EE161E5C82815C0FE64916F2649AFFFF9176B4F9EFAE00023100049621DAD65F562E406FE39A
0EE1F7161DC48281550FE59516F2649B0FFF9176B5F9EFAE00023200049621DAD65F562E406FF39B
0EE0F3161D3482815C0FE50616F2609B0FFF9176B4F9EFAE00023200049721DAD65F562E406FD39C
0EE02F161CCA8281550FE48E16F2649B1FFF9176B4F9EFAE00523100049721DAD65F562E406FD39D
0EDFDE161CB982815C0FE42216F25E9B2FFF9176B4F9EFAE00423000049621DAD65F562E406FE39E
0EE036161D1A8281550FE3D316F2649B2FFF9176B5F9EFAE00322F00049821DAD65F562E406FF39F
0EE0FD161D798281550FE3C716F26E9B3FFF9176B5F9EFAE00222F00049621DAD65F562E406FF3A0
0EE11F161D9B82814E0FE41716F27A9B3FFF9176B4F9EFAE00222F00049621DAD65F562E406FE3A1
0EE11D161DDE8281550FE4D316F27E9B4FFF9176B5F9EFAE00225000049721DAD65F562E406FF3A2
0EE1C4161E7482814E0FE60216F2839B5FFF9176B5F9EFAE00329300049721DAD65F562E406FE3A3
0EE313161F2E82814E0FE78F16F28D9B5FFF9166B4F9EFAE0C72A500049721DAD65F562E406FE3A4
0EE466161F9A8281550FE92416F29A9B6FFF9166B4F9EFAE5E928F00049721DAD65F562E406FE3A5
0EE47D161FAF82814E0FEABC16F2B79B7FFF9166B4F9EFAE86327300049721DAD65F562E406FF3A6
0EE4F11620068281460FEC4316F2B79B7FFF9166B5F9EFAE8A125E00049721DAD65F562E406FF3A7
0EE5D716205082814E0FECDF16F2C19B8FFF9166B5F9EFAE86925000049721DAD65F562E406FF3A8
0EE5F216205482814A0FEC2616F2CC9B8FFF9166B4F9EFAE84F24900049721DAD65F562E406FE3A9
0EE61B1620538281460FEB5016F2CE9B9FFF9166B5F9EFAE84C24500049721DAD65F562E406FF3AA
0EE6171620558281460FEAAA16F2D19B9FFF9166B5F9EFAE84F24000049721DAD65F562E406FF3AB
0EE61B1620588281460FE9FC16F2C79BAFFF9166B5F9FFAD85023C00049721DAD65F562E406FF3AC
0EE6361620618281460FE97316F2C79BBFFF9156B5F9FFAD85023A00049721DAD65F562E406FF3AD
0EE65116207A8281460FE96916F2BF9BBFFF9156B5F9FFAD84F23E00049721DAD65F562E406FF3AE
0EE6911620A08281460FE94816F2BC9BCFFF9156B5F9FFAD85023F00049721DAD65F562E406FE3AF
0EE6C41620BA82813F0FE8BB16F2AD9BDFFF9156B5F9FFAD65D23B00049721DAD65F562E406FF3B0
0EE6DC1620B88281460FE85816F2AD9BEFFF9156B5F9FFAD17E23800049721DAD65F562E406FF3B1
0EE6F01620C082813F0FE82A16F2A29BEFFF9156B4F9FFAD00023500049721DAD65F562E406FE3B2
0EE7161620E982813F0FE84016F2959BFFFF9156B5F9FFAD00023400049721DAD65F562E406FF3B3
0EE76E16212782813F0FE86A16F2839BFFFF9156B5F9FFAD00023300049721DAD65F562E406FF3B4
0EE7EF16217082813F0FE86816F2739C0FFF9156B5F9FFAD00523100049721DAD65F562E406FF3B5
0EE8871621998281460FE84316F25E9C1FFF9156B5F9FFAD00522F00049721DAD65F562E406FE3B6
0EE8B31621BC8281370FE80A16F24B9C1FFF9146B5F9FFAD00222F00049721DAD65F562E406FF3B7
0EE8B01621D782813F0FE7BC16F22A9C2FFF9146B5F9FFAD00122F00049821DAD65F562E406FF3B8
0EE8691621DE82813F0FE77216F2069C2FFF9146B4F9FFAD00222F00049821DAD65F562E406FE3B9
0EE8281621DB8281370FE73216F1F19C3FFF9146B5F9FFAD00222E00049821DAD65F562E406FF3BA
0EE7F51621CA82813F0FE6FE16F1C39C4FFF9146B5F9FFAD00322E00049721DAD65F562E406FF3BB
0EE7D01621A782813B0FE69916F1989C4FFF9146B5F9FFAD15A22F00049821DAD65F562E406FF3BC
0EE7B81621A88281370FE63E16F1699C5FFF9146B4F9FFAD46522F00049821DAD65F562E406FF3BD
0EE7E81621C282813F0FE5FB16F14A9C6FFF9146B5F9FFAD57122F00049821DAD65F562E406FE3BE
0EE84A1621D18281370FE5BF16F11C9C6FFF9146B4F9FFAD56F22E00049821DAD65F562E406FE3BF
0EE8911621E382813F0FE58B16F0F19C7FFF9136B4F9FFAD54F22E00049821DAD65F562E406FE3C0
0EE8DC1621EF8281370FE55F16F0D79C7FFF9146B5F9FFAD54322F00049821DAD65F562E406FF3C1
0EE9381622048281370FE54016F0B89C8FFF9136B4F9FFAD54322E00049721DAD65F562E406FE3C2
0EE95616220882813F0FE51E16F0999C9FFF9146B5F9FFAD54522E00049821DAD65F562E406FF3C3
0EE9341621F48281370FE4FB16F07F9CAFFF9136B5F9FFAC54622D00049721DAD65F562E406FF3C4
0EE8EA1621ED82813F0FE4D316F0749CAFFF9136B5F9FFAB54522E00049821DAD65F562E406FF3C5
0EE8541621FC8281370FE4B316F06A9CBFFF9136B5F9FFAB54522F00049821DAD65F562E406FD3C6
0EE8801622108281370FE47916F0799CBFFF9136B5F9FFAB54622F00049821DAD65F562E406FE3C7
0EE8F016221C82813F0FE44216F0939CCFFF9136B5F9FFAB35022F00049721DAD65F562E406FF3C8
0EE9601622278281370FE3FA16F0EC9CCFFF9136B5F9FFAB09022F00049821DAD65F562E406FE3C9
0EE96416221E82813F0FE3B916F13F9CDFFF9136B5F9FFAB00022E00049721DAD65F562E406FF3CA
0EE93E16220482813F0FE37C16F17E9CDFFF9136B5F9FFAB00022E00049821DAD65F562E406FF3CB
0EE9161621F18281370FE35316F1949CEFFF9136B5F9FFAB00022E00049721DAD65F562E406FF3CC
0EE8B31621DE82813F0FE33F16F1939CFFFF9136B5F9FFAB00422E00049821DAD65F562E406FF3CD
0EE8651621C382813F0FE33216F1889CFFFF9126B5F9FFAB00322F00049721DAD65F562E406FE3CE
0EE81B1621778281370FE2FA16F15F9D0FFF9126B4F9FFAB00323000049821DAD65F562E406FE3CF
0EE7B81621208281430FE2C916F1169D0FFF9126B5F9FFAB00223100049721DAD65F562E406FF3D0
0EE7631620D682813F0FE28F16F0D29D1FFF9126B5F9FFAB00223100049721DAD65F562E406FF3D1
0EE6FE16208082813F0FE20516F08E9D1FFF9126B5F9FFAB00223100049821DAD65F562E406FF3D2
0EE65B16202682813F0FE15B16F04F9D2FFF9126B4F9FFAB00323200049721DAD65F562E406FF3D3
0EE5C9161FE58281460FE0ED16F0309D2FFF9116B5F9FFAB0A123500049721DAD65F562E406FF3D4
0EE553161FCC82813F0FE0AE16F0219D2FFF9116B4F9FFAB5AB23A00049721DAD65F562E406FE3D5
0EE56E161FD78281460FE05716F0119D3FFF9116B5F9FFAB83923F00049721DAD65F562E406FF3D6
0EE593161FD98281460FDFE216F0169D3FFF9116B5F9FFAB88124700049721DAD65F562E406FF3D7
0EE560161FC18281460FDF6B16F01B9D4FFF9116B4F9FFAB84A24700049721DAD65F562E406FF3D8
0EE502161FAA8281460FDF1516F01B9D4FFF9116B5F9FFAB82F24300049721DAD65F562E406FF3D9
0EE48B161F788281460FDEBF16F0169D4FFF9116B5F9FFAB82C23D00049621DAD65F562E406FE3DA
0EE44E161F308281460FDE8B16F00C9D4FFF9116B5F9FFAB82F23900049721DAD65F562E406FF3DB
0EE430161F0382814E0FDE6716F0069D4FFF9116B5F9FFAC82F23600049721DAD65F562E406FF3DC
0EE3F3161EFD82814E0FDE4316EFE79D4FFF9116B5F9EFAE82F23400049721DAD65F562E406FF3DD
0EE3D1161F248281460FDE2816EFD89D5FFF9116B5F9EFAE82F23200049721DAD65F562E406FF3DE
0EE3E8161F2E82814E0FDE0916EFC29D5FFF9116B5F9EFAE83023100049721DAD65F562E406FF3DF
0EE3BF161EF482814E0FDDF716EFA99D5FFF9116B5F9EFAE4DB23100049721DAD65F562E406FF3E0
0EE332161E9D8281550FDDE816EF999D5FFF9116B4F9EFAE0BE23000049621DAD65F562E406FF3E1
0EE2FC161EA48281370FDDCE16EF889D5FFF9116B5F9EFAE00022F00049721DAD65F562E406FF3E2
0EE35E161EF68281680FDDB616EF6A9D4FFF9116B4F9EFAE00022F00049621DAD65F562E406FE3E3
0EE3CA161F3E8281550FDDA716EF559D4FFF9126B4F9EFAE00022E00049621DAD65F562E406FF3E4
0EE3F2161F528281550FDD8716EF3A9D3FFF9126B5F9EFAE00522E00049721DAD65F562E406FF3E5
0EE3A5161F0D8281550FDD6916EF219D3FFF9126B5F9EFAE00422E00049721DAD65F562E406FF3E6
0EE2D0161E6282815C0FDD4616EF069D2FFF9126B4F9EFAE00322F00049721DAD65F562E406FE3E7
0EE1D9161DC78281550FDD2216EF029D2FFF9126B5F9EFAE00222F00049621DAD65F562E406FF3E8
0EE150161D4A82815C0FDD0816EEF29D2FFF9136B4F9EFAE00223000049621DAD65F562E406FE3E9
0EE0AC161CFA82815C0FDCF316EEE69D1FFF9136B5F9EFAE00223000049621DAD65F562E406FF3EA
0EE03C161CD782815C0FDCC416EEDE9D0FFF9136B4F9EFAE00323000049621DAD65F562E406FE3EB
0EE003161CC982815C0FDCA716EED39CFFFF9136B4F9EFAE06D22F00049521DAD65F562E406FF3EC
0EE010161CCD82815C0FDC9516EEC79CFFFF9146B4F9EFAE5BA22F00049621DAD65F562E406FE3ED
0EE02F161CF68281640FDC8A16EEB99CEFFF9146B4F9EFAE8AC22F00049621DAD65F562E406FF3EE
0EE05E161D0E8281640FDC8216EEB29CDFFF9156B5F9EFAE90E22F00049621DAD65F562E406FF3EF
0EE065161CE88281640FDC7116EEAF9CDFFF9156B4F9EFAE8D523000049621DAD65F562E406FF3F0
0EE00A161CA28281640FDC5E16EE9F9CBFFF9156B5F9EFAE8B523000049621DAD65F562E406FF3F1
0EDFA8161C578281640FDC3E16EE9D9CAFFF9166B5F9EFAE8B123000049621DAD65F562E406FF3F2
0EDF52161C2982816B0FDC1616EE8F9C9FFF9166B5F9EFAE8B323000049521DAD65F562E406FE3F3
0EDF17161BFF8281680FDBF216EE939C9FFF9176B5F9DFAE8B523000049521DAD65F562E406FF3F4
0EDEE2161BE482816B0FDBE416EE959C8FFF9176B5F9AFAB8B523000049521DAD65F562E406FF3F5
0EDED0161BD482816B0FDBC116EE8F9C7FFF9186B5F99FAB8B523000049521DAD65F562E406FF3F6
0EDED0161BC482816B0FDBAA16EE939C6FFF9186B5F99FAB8B522F00049521DAD65F562E406FF3F7
0EDE9A161BBA8281730FDB9B16EE8A9C5FFF9196B4F99FAB5CC22F00049521DAD65F562E406FE3F8
0EDE67161BA882816B0FDB8616EE8A9C4FFF9196B4F99FAB11523000049521DAD65F562E406FF3F9
0EDE42161B9C8281730FDB7016EE839C3FFF91A6B5F99FAB00023400049521DAD65F562E406FF3FA
0EDE1D161B9C8281730FDB5E16EE859C2FFF91A6B4F99FAB00023600049521DAD65F562E406FF3FB
0EDE05161B928281730FDB5716EE889C1FFF91B6B5F99FAB00023500049521DAD65F562E406FF3FC
0EDDF7161B8B8281730FDB4B16EE8A9C0FFF91B6B5F99FAB00523300049421DAD65F562E406FE3FD
0EDDEA161B7E8281730FDB4116EE9A9BFFFF91C6B4F99FAB00523100049421DAD65F562E406FE3FE
0EDDD2161B7A82817A0FDB4116EE989BEFFF91C6B4F99FAB00323200049521DAD65F562E406FF3FF
0EDDBE161B7782817A0FDB3D16EE9F9BDFFF91D6B4F99FAB00223400049421DAD65F562E406FE300
0EDDC2161B7C8281730FDB3316EEA89BCFFF91D6B5F99FAB00123700049421DAD65F562E406FF301
0EDDBA161B7B82817A0FDB2B16EEB49BBFFF91E6B5F99FAB00223D00049421DAD65F562E406FF302
0EDDBB161B7682817A0FDB2816EEB49BAFFF91E6B5F99FAB00324700049421DAD65F562E406FF303
0EDDBE161B7282816B0FDB2016EEBC9B9FFF91F6B4F99FAB0AA24B00049421DAD65F562E406FF304
0EDDAE161B6982818D0FDB1616EEBE9B8FFF91F6B4F99FAB5B624700049421DAD65F562E406FE305
0EDD9F161B668281820FDAFC16EECC9B7FFF9206B4F99FAB83D24000049321DAD65F562E406FF306
0EDD9D161B6682817A0FDAEE16EECE9B6FFF9206B4F99FAB88123B00049321DAD65F562E406FE307
0EDD96161B658281820FDAD816EED89B5FFF9216B4F99FAB84B23800049421DAD65F562E406FF308
0EDD98161B6982817A0FDACD16EEDC9B4FFF9216B4F99FAB83023600049421DAD65F562E406FF309
0EDDA0161B6B8281820FDABF16EEE39B3FFF9226B4F99FAB82D23500049321DAD65F562E406FF30A
0EDDB7161B728281820FDAB416EEE89B2FFF9226B4F99FAB82F23400049321DAD65F562E406FE30B
0EDDFB161B7F8281820FDAA916EEE69B1FFF9236B4F99FAB83123300049421DAD65F562E406FF30C
0EDE2A161B888281820FDAA216EEE89B0FFF9236B5F9AFAE83123200049321DAD65F562E406FE30D
0EDE16161B878281820FDA9716EEE69AFFFF9246B4F9AFAF83123100049321DAD65F562E406FF30E
0EDE0C161B948281820FDA9716EEE89ADFFF9256B4F9AFAF83123100049421DAD65F562E406FF30F
0EDE08161B9C8281890FDA8C16EEE39ACFFF9256B4F9AFAF56323100049421DAD65F562E406FF310
0EDE0C161B9E8281820FDA9016EEE19ABFFF9256B4F9AFAF0FC23000049421DAD65F562E406FF311
0EDDFB161BA08281820FDA8916EED39A9FFF9266B5F9AFAF00022F00049321DAD65F562E406FF312
0EDDE7161BA28281890FDA8516EED19A9FFF9266B5F9AFAF00022F00049321DAD65F562E406FF313
0EDDE3161BA682816B0FDA8516EEC49A7FFF9276B5F9AFAF00022F00049321DAD65F562E406FF314
0EDDEE161BA882819C0FDA8516EEBE9A6FFF9276B4F9AFAF00522F00049321DAD65F562E406FF315
0EDE09161BA88281820FDA8216EEB29A5FFF9276B4F9AFAF00423000049421DAD65F562E406FF316
0EDE19161BAA8281890FDA8C16EE9F9A3FFF9276B4F9AFAF00323100049421DAD65F562E406FE317
0EDE0F161BA98281820FDA8C16EE809A2FFF9286B5F9AFAF00223200049321DAD65F562E406FF318
0EDE24161BA88281890FDA9716EE639A1FFF9286B4F9AFAF00123200049421DAD65F562E406FE319
0EDE49161BAB8281820FDAA216EE4799FFFF9286B4F9AFAF00223200049321DAD65F562E406FF31A
0EDE56161BA28281890FDAA916EE2F99EFFF9286B4F9AFAF00323200049321DAD65F562E406FF31B
0EDE4C161B9B8281820FDAB416EE2299DFFF9296B4F9AFAF03B23100049421DAD65F562E406FF31C
0EDE4C161B898281820FDABF16EE0D99CFFF9296B4F9AFAF51323200049321DAD65F562E406FF31D
0EDE27161B718281890FDAC316EDFB99AFFF9296B5F9AFAF80523200049321DAD65F562E406FF31E
0EDDD9161B5C8281820FDADC16EDE9999FFF9296B4F9AFAF87523300049321DAD65F562E406FE31F
0EDDA7161B418281890FDB0E16EDD6998FFF9296B4F9AFAF84123200049321DAD65F562E406FE320
0EDD95161B448281820FDB6216EDBF996FFF9296B5F9AFAF82123200049321DAD65F562E406FF321
0EDD99161B4E8281820FDBD916EDC7995FFF9296B4F9AFAF81D23200049321DAD65F562E406FF322
0EDD95161B4A8281820FDC5E16EDD4994FFF9296B4F9AFAF81F23100049321DAD65F562E406FF323
0EDD88161B3D8281860FDCD916EDF3992FFF9296B5F9AFAF82023100049321DAD65F562E406FF324
0EDD70161B3C82817A0FDD4516EE10991FFF9296B4F9BFAE82023100049321DAD65F562E406FD325
0EDD74161B418281890FDDB616EE32990FFF9296B4F9BFAD82023300049321DAD65F562E406FF326
0EDD87161B4982817A0FDE3116EE5498FFFF9296B5F9BFAD82123300049321DAD65F562E406FF327
0EDD8F161B548281820FDEB616EE7098EFFF9296B5F9BFAD5C023300049221DAD65F562E406FF328
0EDDA3161B5E8281820FDF5616EE7598DFFF9296B5F9BFAD13023200049321DAD65F562E406FF329
0EDDA9161B778281820FDFF916EE7398CFFF9286B5F9BFAD00023200049321DAD65F562E406FF32A
0EDDB1161B8382817A0FE08D16EE7098BFFF9286B4F9BFAD00023100049321DAD65F562E406FF32B
0EDDB7161B808281820FE11116EE63989FFF9286B5F9BFAD00023100049321DAD65F562F416FF32C
0EDDCC161B7B82817A0FE18316EE56989FFF9286B4F9BFAD00523100049321DAD65F562F406FF32D
0EDDD5161B7D82817A0FE1E116EE51988FFF9286B4F9BFAD00523000049321DAD65F562F406FE32E
0EDDD6161B7C8281820FE24016EE49987FFF9286B5F9BFAD00323000049321DAD65F562F406FF32F
0EDDD9161B7D82817A0FE28F16EE47986FFF9276B5F9BFAD00222F00049221DAD65F562F406FF330
0EDDD5161B828281730FE2DA16EE4F985FFF9276B5F9BFAD00123000049321DAD65F562F406FF331
0EDDF1161BA282817A0FE31D16EE56985FFF9276B5F9BFAD00223500049321DAD65F562F406FF332
0EDE4C161BB882817A0FE35C16EE61984FFF9276B5F9BFAD00323700049421DAD65F562F406FF333
0EDE6A161BB582815C0FE39816EE63983FFF9276B4F9BFAD10623500049421DAD65F562F406FF334
0EDE5A161BAB82818D0FE3CB16EE7B983FFF9276B5F9BFAD5FB23400049321DAD65F562F406FF335
0EDE50161BAF8281730FE40116EE7E982FFF9276B4F9BFAD83123300049321DAD65F562F406FF336
0EDE4F161BB88281730FE42D16EE8A982FFF9276B4F9BFAD85B23100049421DAD65F562F406FF337
0EDE6B161BBF8281730FE45816EE9A981FFF9266B5F9BFAD82623300049321DAD65F562F406FF338
0EDE64161BC18281730FE47C16EE9D981FFF9266B4F9BFAD80E23400049321DAD65F562F406FF339
0EDE5D161BC48281730FE4A116EEAF980FFF9266B5F9BFAD80D23400049421DAD65F562F406FF33A
0EDE64161BCD82816B0FE4C416EEBC980FFF9266B5F9BFAD80F23300049421DAD65F562F406FF33B
0EDE71161BD78281730FE4E616EEC4980FFF9266B5F9BFAD81023200049421DAD65F562F406FF33C
0EDE78161BE882816B0FE50916EED897FFFF9256B5F9BFAD81023300049421DAD65F562F406FF33D
0EDE71161C0882816B0FE52716EEDC97FFFF9256B5F9BFAD81023300049421DAD65F562F406FF33E
0EDE9A161C2082816B0FE53F16EEE397FFFF9256B5F9BFAD81023200049421DAD65F562F406FF33F
0EDEDE161C4782816B0FE55C16EEEC97FFFF9246B4F9BFAD5EC23200049421DAD65F562F406FF340
0EDF64161CA18281640FE57316EEED97FFFF9246B5F9BFAD14C23100049421DAD65F562F406FF341
0EE03C161D0F8281640FE55F16EEF897FFFF9236B5F9BFAD00023000049421DAD65F562F406FF342
0EE116161DA78281640FE50616EF0097FFFF9236B5F9BFAD00023000049521DAD65F562F406FF343
0EE2B8161E878281640FE49D16EF0C97FFFF9236B5F9BFAD00023100049421DAD65F562E416FF344
0EE3F3161F0A8281680FE45816EF1297FFFF9226B4F9BFAD00523100049521DAD65F562E406FF345
0EE407161F4082815C0FE45816EF2A97FFFF9226B4F9BFAD00523300049421DAD65F562E406FF346
0EE462161F6582815C0FE49216EF4197FFFF9216B5F9BFAD00323200049421DAD65F562E406FF347
0EE44E161F2E8281640FE4F016EF4497FFFF9216B4F9BFAD00223100049421DAD65F562E406FF348
0EE3C0161ECD82815C0FE51816EF60980FFF9206B5F9BFAD00123200049421DAD65F562E406FF349
0EE33F161E8A82815C0FE51416EF6A980FFF91F6B5F9BFAD00123200049421DAD65F562E406FF34A
0EE317161E718281550FE51016EF69980FFF91F6B5F9BFAD00323200049521DAD65F562E406FF34B
0EE309161E7082815C0FE51516EF7A981FFF91E6B5F9BFAD08D23100049521DAD65F562E406FF34C
0EE2D0161E3D8281550FE55816EF8F981FFF91D6B5F9BFAD59323100049421DAD65F562E406FF34D
0EE1FB161DF38281550FE58216EF8E981FFF91C6B5F9BFAD83123100049521DAD65F562E406FE34E
0EE1B7161DE08281550FE59916EF9E981FFF91B6B5F9BFAD87E23100049521DAD65F562E406FF34F
0EE1F4161DF28281550FE59F16EFA4981FFF91B6B5F9BFAD84923100049521DAD65F562E406FF350
0EE20B161DEE8281550FE58B16EFB2982FFF91A6B4F9BFAD82C23100049521DAD65F562E406FE351
0EE1A6161DA682814E0FE5B116EFBE982FFF9196B5F9BFAD82923000049521DAD65F562E406FF352
0EE0EC161D4882814E0FE60516EFCD982FFF9186B5F9BFAD82B23000049521DAD65F562E406FF353
0EE0BE161D128281550FE64316EFCD982FFF9186B5F9BFAD82D23100049521DAD65F562E406FF354
0EE094161CED8281460FE66616EFD8982FFF9176B5F9BFAD82D23100049521DAD65F562E406FF355
0EE079161D068281550FE68416EFE2983FFF9166B5F9BFAC82D23100049521DAD65F562E406FF356
0EE0F0161D3B8281430FE6A416EFE7983FFF9166B5F9CFAC82D23000049521DAD65F562E406FF357
0EE157161D7682814E0FE6EC16EFE7983FFF9156B5F9CFAC4CF23200049521DAD65F562E406FF358
0EE1A9161D768281460FE76016EFF7983FFF9156B5F9BFAC0B925600049621DAD65F562E406FF359
0EE130161D508281460FE7F616EFF6983FFF9146B4F9CFAC00027600049521DAD65F562E406FF35A
0EE0C4161D4F8281460FE87D16F001984FFF9136B5F9CFAC00027200049621DAD65F562E406FE35B
0EE0D8161D668281460FE90716EFF7984FFF9136B4F9CFAC00025F00049521DAD65F562E406FF35C
0EE0C7161D778281460FE97B16EFFC984FFF9136B4F9CFAC00525100049521DAD65F562E406FF35D
0EE11B161DBF8281460FE9A616EFED984FFF9126B5F9BFAC00424700049521DAD65F562E406FF35E
0EE208161E3482813F0FE92716EFE7984FFF9126B5F9BFAC00324100049521DAD65F562E406FF35F
0EE2EB161E9F8281460FE85D16EFD7984FFF9116B4F9CFAC00223C00049521DAD65F562E406FF360
0EE3C0161F1E82813F0FE79716EFC8984FFF9116B5F9BFAC00123800049621DAD65F562E406FF361
0EE505161FB182813F0FE6E516EFB3985FFF9116B4F9CFAC00223500049621DAD65F562E406FF362
0EE564161FF582813F0FE63716EF9D985FFF9106B5F9BFAC00323300049621DAD65F562E406FF363
0EE4E0161FCF82813F0FE5B216EF7A985FFF9106B4F9CFAC0BE23100049621DAD65F562E406FF364
0EE47D161F9982813F0FE52216EF69985FFF9106B4F9CFAC5F823000049621DAD65F562E406FF365
0EE458161F7D82813F0FE4AC16EF36985FFF9106B5F9BFAC88922F00049621DAD65F562E406FF366
0EE470161F8E82813F0FE45F16EF1C985FFF90F6B5F9BFAC8CD22E00049621DAD65F562E406FF367
0EE492161FA182813F0FE43816EEFB985FFF90F6B5F9CFAC89422E00049621DAD65F562E406FF368
0EE4D9161FAC8281370FE41016EED3985FFF90F6B5F9BFAC87822F00049621DAD65F562E406FF369
0EE4EA161FAC82813B0FE3BC16EEAF985FFF90F6B5F9CFAC87522E00049621DAD65F562E406FE36A
0EE4C1161FB182813F0FE39916EE8D985FFF90F6B5F9BFAC87822E00049621DAD65F562E406FF36B
0EE4E0161FC68281370FE39C16EE75985FFF90F6B4F9CFAC87922E00049621DAD65F562E406FE36C
0EE545161FD882813F0FE38716EE63985FFF90F6B4F9CFAC87922E00049621DAD65F562E406FF36D
0EE597161FDF8281370FE34F16EE47985FFF90F6B5F9FFAD87922F00049621DAD65F562E406FF36E
0EE5A4161FE48281370FE30C16EE27986FFF90F6B4FA0FAD87922F00049621DAD65F562E406FF36F
0EE590161FF982813F0FE2EA16EE10986FFF90F6B5FA0FAD67023000049621DAD65F562E406FF370
0EE5BF1620008281370FE2F816EE08985FFF90F6B5FA0FAD17D23000049621DAD65F562E406FF371
0EE60616201E82813F0FE31016EDFB985FFF90F6B5FA0FAD00023100049621DAD65F562E406FE372
0EE62C16203A8281370FE2EA16EDFE986FFF90F6B4FA0FAD00023100049621DAD65F562E406FF373
0EE62116205382813F0FE26716EE1D986FFF90F6B4FA0FAD00023000049721DAD65F562E406FF374
0EE63216205A8281370FE1AF16EE49986FFF90F6B5FA0FAD00522F00049721DAD65F562E406FF375
0EE66C1620538281370FE11816EE70986FFF90F6B5FA0FAD00522F00049621DAD65F562E406FF376
0EE65016203682813F0FE0B116EE8D986FFF90F6B4FA0FAD00323000049621DAD65F562E406FF377
0EE6251620178281370FE06C16EE8F986FFF90F6B5FA0FAD00123000049621DAD65F562E406FF378
0EE5D7161FF482813F0FDFFF16EEA4986FFF9106B4FA0FAD00222F00049621DAD65F562E406FF379
0EE53E161FD98281370FDF6F16EE7E986FFF9106B4FA0FAD00222F00049621DAD65F562E406FE37A
0EE508161FCB82813F0FDEFF16EE47986FFF9106B5FA0FAD00322F00049621DAD65F562E406FF37B
0EE538161FE682813F0FDE8B16EE05986FFF9106B5FA0FAD18A22F00049621DAD65F562E406FF37C
0EE593161FFF82813F0FDE1916EDBF986FFF9116B5FA0FAD4B322F00049621DAD65F562E406FF37D
0EE5C91620028281430FDDD616ED83986FFF9116B4FA0FAD5BF23000049621DAD65F562E406FF37E
0EE59A161FED82813F0FDD9916ED47986FFF9116B5FA0FAD5BB23000049721DAD65F562E406FF37F
0EE571161FD782813F0FDD6A16ED18986FFF9116B4FA0FAD59923000049621DAD65F562E406FF380
0EE558161FB882813F0FDD3B16ECFB986FFF9116B4FA0FAD58D23000049621DAD65F562E406FF381
0EE534161F9D8281460FDD2216ECFE986FFF9126B5FA0FAD58D23100049621DAD65F562E406FF382
0EE4FE161F808281460FDD0516ED0A986FFF9126B4FA0FAD58F23100049621DAD65F562E406FF383
0EE49C161F3C82813F0FDD0116ED13986FFF9136B5FA0FAD58F23100049621DAD65F562E406FF384
0EE3E5161EFA82814E0FDCE816ED15986FFF9136B4FA0FAD58F23300049621DAD65F562E406FF385
0EE3B2161EF28281460FDCC716ED13985FFF9136B5F9FFAD58F24200049621DAD65F562E406FF386
0EE3CA161F048281460FDC9516ED10985FFF9146B5F9DFAD59024800049621DAD65F562E406FF387
0EE3EE161F2A8281460FDC7816ED04985FFF9146B4F9DFAD3D824400049621DAD65F562E406FF388
0EE436161F4182814E0FDC8216ECF0985FFF9156B5F9DFAD0C323F00049621DAD65F562E406FF389
0EE404161F3682814E0FDC9116ECEA985FFF9156B5F9DFAD00023A00049621DAD65F562E406FF38A
0EE3D4161EF282814E0FDC9216ECD5984FFF9166B4F9DFAD00023700049621DAD65F562E406FE38B
0EE2FC161E418281550FDC7816ECC1984FFF9166B5F9DFAD00023500049621DAD65F562E406FF38C
0EE20E161D8E82814E0FDC4C16ECB0983FFF9176B5F9DFAD00423300049621DAD65F562E406FF38D
0EE15C161D1F8281550FDC2116EC8D983FFF9176B4F9DFAD00323200049621DAD65F562E406FF38E
0EE0F0161CDE8281550FDC0416EC87982FFF9186B4F9DFAD00323100049621DAD65F562E406FF38F
0EE08A161CA38281590FDBE916EC6D981FFF9186B5F9DFAD00223100049621DAD65F562E406FF390
0EDFF2161C7A8281550FDBD116EC5D981FFF9196B5F9DFAD00123100049621DAD65F562E406FF391
0EDFAF161C6A82815C0FDBB116EC4E980FFF9196B4F9DFAD00223100049621DAD65F562E406FF392
0EDF83161C5582815C0FDB9416EC3997FFFF91A6B5F9DFAD00323100049621DAD65F562E406FF393
0EDF48161C3F82815C0FDB6C16EC2F97EFFF91A6B4F9DFAD0DA23100049521DAD65F562E406FF394
0EDF21161C2E82815C0FDB5316EC1F97DFFF91B6B5F9DFAD60123100049621DAD65F562E406FF395
0EDF11161C278281640FDB3A16EC1A97CFFF91B6B4F9DFAD87123100049521DAD65F562E406FF396
0EDF02161C1E82815C0FDB2B16EC0497BFFF91C6B5F9DFAD8AB23100049521DAD65F562E406FF397
0EDECC161C018281640FDB1616EBF597AFFF91C6B4F9DFAD87323100049621DAD65F562E406FF398
0EDE94161BE682816B0FDB0416EBF0979FFF91D6B4F9DFAD85923200049521DAD65F562E406FF399
0EDE6E161BD08281640FDAEE16EBDB978FFF91D6B4F9DFAD85623100049621DAD65F562E406FF39A
0EDE7F161BCE82816B0FDADC16EBD0977FFF91E6B5F9DFAD85923100049621DAD65F562E406FF39B
0EDE82161BCD82816B0FDACA16EBD6976FFF91E6B4F9DFAD85A23100049521DAD65F562E406FF39C
0EDE78161BBC8281730FDABF16EBD0975FFF91F6B5F9DFAD85A23100049521DAD65F562E406FF39D
0EDE57161BB082816B0FDABF16EBD6974FFF91F6B4F9CFAD85A23100049521DAD65F562E406FF39E
0EDE45161BA68281730FDAB816EBD0973FFF9206B5F9AFAD85A23200049521DAD65F562E406FF39F
0EDE46161BA282816B0FDAB416EBE6972FFF9206B5F99FAD54723300049521DAD65F562E406FF3A0
0EDE45161BAA82815C0FDAAD16EBE5971FFF9216B4F99FAD0E723300049521DAD65F562E406FF3A1
0EDE45161BA682818D0FDAA616EBEB970FFF9216B4F99FAD00023200049521DAD65F562E406FF3A2
0EDE3F161BA382817A0FDAA916EBF096FFFF9226B4F99FAD00023200049521DAD65F562E406FF3A3
0EDE31161B948281730FDAA216EBFA96EFFF9226B4F99FAD00023100049521DAD65F562E406FF3A4
0EDE20161B9582817A0FDA9F16EBFF96DFFF9236B4F99FAD00523100049521DAD65F562E406FF3A5
0EDE19161B9C82817A0FDA9416EC0F96CFFF9236B4F99FAD00523100049421DAD65F562E406FF3A6
0EDE19161BA18281820FDA9016EC0F96BFFF9246B4F99FAD00323100049521DAD65F562E406FF3A7
0EDE13161BA082817A0FDA8916EC2496AFFF9246B4F99FAD00223100049421DAD65F562E406FF3A8
0EDE19161BA58281820FDA8916EC33969FFF9246B5F99FAD00123200049421DAD65F562E406FF3A9
0EDE2A161BAB8281820FDA8516EC39969FFF9256B4F99FAD00123400049421DAD65F562E406FF3AA
0EDE31161BB68281820FDA8216EC3E968FFF9256B4F99FAD00323500049421DAD65F562E406FF3AB
0EDE2E161BB18281820FDA8516EC53967FFF9266B4F99FAD0C523600049421DAD65F562E406FF3AC
0EDE1D161BA68281820FDA8216EC58966FFF9266B5F99FAD5D423700049421DAD65F562E406FF3AD
0EDDFB161BA38281820FDA8216EC63965FFF9266B4F99FAD84623700049421DAD65F562E406FF3AE
0EDDE3161BA08281890FDA7716EC6D964FFF9276B4F99FAD88323500049321DAD65F562E406FF3AF
0EDDCC161BA08281820FDA6C16EC73963FFF9276B4F99FAD84D23500049421DAD65F562E406FF3B0
0EDDED161BAD8281730FDA5A16EC77962FFF9276B4F99FAD83223400049321DAD65F562E406FF3B1
0EDE1D161BC182819C0FDA4416EC78961FFF9276B4F99FAD82F23400049321DAD65F562E406FF3B2
0EDE4F161BD88281890FDA4116EC77960FFF9276B5F99FAD83223400049321DAD65F562E406FF3B3
0EDE89161BEA8281890FDA3D16EC7895FFFF9276B5F99FAD83323500049321DAD65F562E406FF3B4
0EDE9A161BF18281890FDA3616EC6295EFFF9276B4F99FAD83323400049421DAD65F562E406FF3B5
0EDE86161BEF8281890FDA3216EC4E95DFFF9276B4F99FAD83323300049421DAD65F562E406FF3B6
0EDE7F161BED8281900FDA3916EC3995CFFF9276B5F9BFAD83323200049321DAD65F562E406FF3B7
0EDE90161BF58281890FDA3916EC1A95BFFF9276B4F9BFAD52A23100049321DAD65F562E406FF3B8
0EDE97161BF88281890FDA4116EBEA95AFFF9276B5F9BFAD0E023200049321DAD65F562E406FF3B9
0EDE96161BF58281890FDA5316EBDB959FFF9276B5F9BFAD00023400049321DAD65F562E406FF3BA
0EDE97161BF38281890FDA6116EBB1958FFF9276B4F9BFAD00023400049321DAD65F562E406FF3BB
0EDE9A161BF38281900FDA8C16EB8D957FFF9276B5F9BFAD00023300049321DAD65F562F416FF3BC
0EDE93161BF28281890FDAD816EB68956FFF9276B4F9BFAD00523200049321DAD65F562F406FF3BD
0EDE9E161BF68281890FDB4516EB44955FFF9266B4F9BFAD00423100049421DAD65F562F406FF3BE
0EDE9A161BF58281890FDBB516EB4E953FFF9266B5F9BFAD00323200049421DAD65F562F406FF3BF
0EDE85161BE48281890FDC1D16EB6D952FFF9266B4F9BFAD00223100049221DAD65F562F406FF3C0
0EDE6E161BDF8281860FDC6D16EBA7951FFF9266B5F9BFAD00123100049321DAD65F562F406FF3C1
0EDE60161BED8281890FDCCB16EBD1950FFF9266B5F9BFAD00223100049321DAD65F562F406FF3C2
0EDE50161BEC8281890FDD3E16EBFA94FFFF9266B5F9BFAD00323100049321DAD65F562F406FF3C3
0EDE42161BCF8281890FDD9C16EC0F94DFFF9266B5F9BFAD07523100049221DAD65F562F406FF3C4
0EDE38161BBF8281820FDDE516EBFF94DFFF9266B5F9BFAD56923100049321DAD65F562F406FF3C5
0EDE42161BC78281890FDE2616EBEB94CFFF9256B5F9BFAD81723200049221DAD65F562F406FF3C6
0EDE6A161BE98281890FDE6916EBD094BFFF9256B4F9BFAD86C23100049321DAD65F562F406FF3C7
0EDEB6161C188281820FDE9D16EBAC949FFF9256B5F9BFAD83723200049421DAD65F562F406FF3C8
0EDF17161C568281820FDED316EB97949FFF9256B4F9BFAD81A23200049321DAD65F562F406FE3C9
0EDF68161C768281820FDF0216EB92948FFF9256B5F9BFAD81623300049321DAD65F562F406FF3CA
0EDF52161C4E8281820FDF3216EB9C947FFF9256B4F9BFAD81923300049321DAD65F562F406FF3CB
0EDF06161C1982817A0FDF6F16EBB7945FFF9256B5F9BFAD81A23200049321DAD65F562F406FF3CC
0EDEA5161BE38281820FDFB016EBC1946FFF9246B4F9BFAD81A23100049321DAD65F562F406FF3CD
0EDE5A161BBD82817A0FDFFB16EBD6944FFF9246B5F9BFAD81A23200049321DAD65F562F406FF3CE
0EDE27161BA082817A0FE03D16EBEA943FFF9246B4F9BFAC81A23100049321DAD65F562F406FF3CF
0EDE1D161B9C82817A0FE07716EBFA943FFF9246B5F9BFAB4F223200049321DAD65F562F406FF3D0
0EDE24161BA18281770FE0A816EC0F942FFF9246B4F9BFAB0CC23200049321DAD65F562F406FF3D1
0EDE20161BA382817A0FE0D216EC1A941FFF9236B5F9BFAB00023200049321DAD65F562F406FF3D2
0EDE24161BA582817A0FE0F716EC24941FFF9236B5F9BFAB00023200049321DAD65F562F406FF3D3
0EDE27161BA78281730FE11316EC2F941FFF9236B4F9BFAB00023200049421DAD65F562F406FF3D4
0EDE3F161BBE8281730FE12C16EC33940FFF9236B5F9BFAB00523100049421DAD65F562F406FF3D5
0EDE7B161BE082816B0FE13F16EC34940FFF9236B4F9BFAB00423100049321DAD65F562F406FF3D6
0EDEAF161BFB8281730FE15416EC3993FFFF9226B5F9BFAB00323100049421DAD65F562F406FF3D7
0EDED0161C0D82816B0FE16616EC3E93FFFF9226B5F9BFAB00223100049321DAD65F562F406FF3D8
0EDEDD161C1782816B0FE16016EC3393FFFF9226B4F9BFAB00223100049321DAD65F562F406FF3D9
0EDF3A161C8082816B0FE14916EC2A93EFFF9216B4F9BFAB00223200049421DAD65F562F406FF3DA
0EE0A5161D5C82816B0FE11F16EC4393EFFF9216B4F9BFAB00223200049421DAD65F562F406FE3DB
0EE188161DF08281640FE0E716EC3E93EFFF9216B4F9BFAB02B23200049421DAD65F562F406FF3DC
0EE1E2161E188281640FE0B516EC4893EFFF9216B4F9BFAB4DB23100049421DAD65F562F406FF3DD
0EE22A161E3A8281640FE09616EC4E93EFFF9206B4F9BFAB7D523100049421DAD65F562F406FF3DE
0EE282161E5482815C0FE09B16EC6293EFFF9206B5F9BFAB84D23100049421DAD65F562F406FF3DF
0EE289161E568281640FE0C316EC6D93EFFF91F6B4F9BFAB81B23000049421DAD65F562F406FF3E0
0EE2A7161E5F8281550FE0CC16EC6D93EFFF91F6B5F9BFAB7FA23100049421DAD65F562F406FF3E1
0EE2A8161E518281610FE0B516EC7D93EFFF91F6B5F9BFAB7F523200049421DAD65F562F406FF3E2
0EE29A161E378281550FE0A116EC7C93EFFF91F6B5F9BFAB7F723200049421DAD65F562F406FF3E3
0EE26A161E1A82815C0FE09F16EC8293EFFF91E6B4F9BFAB7F923100049421DAD65F562F406FF3E4
0EE234161DF58281550FE0C316EC8793EFFF91E6B4F9BFAB7F923100049421DAD65F562F406FF3E5
0EE208161DE382814E0FE0E916EC8D93FFFF91D6B4F9BFAB7F923000049421DAD65F562F406FF3E6
0EE216161DEB8281550FE13E16ECA193FFFF91D6B4F9BFAC7F923000049421DAD65F562F406FF3E7
0EE219161DF282814E0FE1A716ECAC93FFFF91D6B4F9AFADB6B23000049421DAD65F562F406FF3E8
0EE21C161DF482814E0FE22616ECCA93FFFF91D6B4F9AFADF4D22F00049421DAD65F562F406FF3E9
0EE20E161DED8281460FE2A916ECDA93FFFF91C6B5F9AFADFFF23000049421DAD65F562F406FF3EA
0EE205161DED82814E0FE2DA16ECF093FFFF91C6B4F9AFADFFF23000049421DAD65F562F406FF3EB
0EE205161DF28281460FE2F116ECF993FFFF91B6B4F9AFADFF623100049421DAD65F562E416FF3EC
0EE1E3161DCF8281460FE37916ED1093FFFF91B6B5F9AFADFEB23100049521DAD65F562E406FF3ED
0EE1B3161DAC82813F0FE3E816ED1393EFFF91A6B4F9AFADFED23000049521DAD65F562E406FF3EE
0EE18B161D8D8281460FE41B16ED1F93EFFF91A6B5F9AFADFEF23000049421DAD65F562E406FF3EF
0EE173161D7B82813F0FE49616ED2893EFFF91A6B4F9AFADFEF23000049521DAD65F562E406FF3F0
0EE13A161D5C82813F0FE56A16ED2F93EFFF9196B5F9AFADFEF23100049521DAD65F562E406FF3F1
0EE11D161D6582813F0FE5EF16ED3293EFFF9196B4F9AFADFEF23300049521DAD65F562E406FF3F2
0EE16D161D9D8281370FE5F716ED2F93EFFF9186B4F9AFADFEF23300049521DAD65F562E406FF3F3
0EE1CF161DC88281280FE5AD16ED3893EFFF9186B4F9AFADF7423300049521DAD65F562E406FF3F4
0EE1FD161DE382814A0FE51B16ED3893EFFF9176B4F9AFADA9C23200049521DAD65F562E406FF3F5
0EE220161E048281370FE47916ED2F93DFFF9176B5F9AFAD80923200049621DAD65F562E406FF3F6
0EE237161E148281370FE41E16ED2D93DFFF9176B4F9AFAD7B923100049521DAD65F562E406FF3F7
0EE227161E088281370FE3FA16ED2493DFFF9166B4F9AFAD7EE23100049521DAD65F562E406FF3F8
0EE1F7161E348281300FE3EB16ED0E93DFFF9166B5F9AFAD80A23100049521DAD65F562E406FF3F9
0EE1FE161E908281370FE3D316ECF593CFFF9156B5F9AFAD80D23100049621DAD65F562E406FF3FA
0EE25D161EBF8281300FE37416ECDA93CFFF9156B5F9AFAD80B23300049521DAD65F562E406FF3FB
0EE2CC161ED88281300FE30716ECC193CFFF9146B4F9AFAD80A23300049621DAD65F562E406FF3FC
0EE31D161EEB8281300FE2C416ECA193CFFF9146B5F9AFAD80A23300049521DAD65F562E406FF3FD
0EE36A161F0A8281300FE29E16EC7393BFFF9136B5F9AFAD80A23200049521DAD65F562E406FF3FE
0EE3B2161F088281300FE25116EC5393BFFF9136B5F9AFAD80B23100049621DAD65F562E406FF3FF
0EE3E5161F018281300FE1C816EC3993BFFF9126B5F9BFAE53323100049621DAD65F562E406FF300
0EE3E5161EFC8281280FE15116EC1993BFFF9126B5F9BFAE0ED23100049621DAD65F562E406FF301
0EE40E161F0C8281300FE10416EBFA93AFFF9126B5F9BFAE00023400049621DAD65F562E406FF302
0EE433161F1E8281300FE0DD16EBDB93AFFF9116B5F9BFAE00023600049621DAD65F562E406FF303
0EE42C161F1B8281280FE0A816EBD193AFFF9116B5F9BFAE00023600049621DAD65F562E406FF304
0EE3FD161F188281300FE06C16EBCB93AFFF9116B5F9BFAE00523600049621DAD65F562E406FF305
0EE3E5161F188281280FE04C16EBD6939FFF9106B5F9BFAE00423500049621DAD65F562E406FF306
0EE3EC161F1F8281300FE03116EBF5939FFF9106B5F9BFAE00323300049721DAD65F562E406FF307
0EE3E8161F258281280FE00716EC1F939FFF9106B5F9BFAE00223300049621DAD65F562E406FF308
0EE3EC161F2A82812D0FDFD116EC67939FFF90F6B4F9BFAE00223100049621DAD65F562E406FF309
0EE3D7161F128281300FDF8516EC9D939FFF90F6B5F9BFAE00223200049521DAD65F562E406FF30A
0EE3DB161EC58281300FDF2E16ECBB939FFF90F6B5F9BFAE00323200049521DAD65F562E406FF30B
0EE343161E368281280FDEF816ECBC939FFF90F6B5F9BFAE04723300049521DAD65F562E406FF30C
0EE1F7161D918281300FDEDF16EC81939FFF90F6B4F9BFAE53923300049521DAD65F562E406FF30D
0EE131161D2F8281300FDE9616EC39939FFF90F6B5F9BFAE82923200049621DAD65F562E406FF30E
0EE0D8161D0A8281300FDE2D16EBEB939FFF90E6B5F9BFAE89523200049621DAD65F562E406FF30F
0EE0B3161CFC8281370FDDE116EB97939FFF90E6B4F9BFAE86023100049621DAD65F562E406FF310
0EE0BD161CF68281300FDD7116EB3F939FFF90E6B5F9BFAE84123200049621DAD65F562E406FF311
0EE08E161CEC8281300FDD2916EB0A939FFF90E6B5F9BFAE83C23200049621DAD65F562E406FF312
0EE054161CDE8281370FDD0C16EAF1939FFF90E6B5F9BFAE83F23100049621DAD65F562E406FF313
0EE032161CCF8281370FDD0C16EB00939FFF90E6B5F9BFAE84023100049621DAD65F562E406FF314
0EE028161CD28281300FDD3416EB10939FFF90E6B4F9BFAE84023100049621DAD65F562E406FF315
0EE036161CDC8281370FDD5416EB1A939FFF90E6B4F9BFAE83F23400049621DAD65F562E406FF316
0EE036161CE282813F0FDD6A16EB2A938FFF90E6B5F9BFAE84023500049621DAD65F562E406FF317
0EE03C161CE18281370FDD7516EB29938FFF90E6B5F9AFA750023500049621DAD65F562E406FF318
0EE02F161CD882813F0FDD6A16EB1A938FFF90E6B4F9AFA20CB23400049621DAD65F562E406FF319
0EE039161CE082813F0FDD6916EB15938FFF90E6B5F9AFA200023500049621DAD65F562E406FF31A
0EE054161CEC82813F0FDD6616EB00937FFF90E6B4F9AFA200023500049621DAD65F562E406FF31B
0EE054161CDC8281300FDD5016EAFA937FFF90E6B5F9AFA200023500049721DAD65F562E406FF31C
0EE03C161CD582814A0FDD0C16EADB937FFF90E6B5F9AFA200523300049721DAD65F562E406FF31D
0EE040161CD88281460FDCC416EAC7937FFF90E6B4F9AFA200423300049621DAD65F562E406FE31E
0EE025161CC88281460FDC8E16EABC936FFF90F6B5F9AFA200323300049621DAD65F562E406FF31F
0EDFF9161CBE8281460FDC6216EAB2936FFF90F6B4F9AFA200223300049621DAD65F562E406FF320
0EE006161CCB82814E0FDC3316EAA7936FFF90F6B4F9AFA200223300049621DAD65F562E406FF321
0EE017161CC582814E0FDC0F16EAAD935FFF9106B4F9AFA200223300049621DAD65F562E406FF322
0EDFDA161C918281460FDBE416EAA7934FFF9106B5F9AFA200323300049621DAD65F562E406FF323
0EDF70161C5082814E0FDBC716EAB2934FFF9106B4F9AFA203523300049621DAD65F562E406FF324
0EDF24161C218281550FDBA516EAB1934FFF9116B4F9AFA253623300049621DAD65F562E406FF325
0EDEFF161C0E8281550FDB8216EABC933FFF9116B4F9AFA285123500049621DAD65F562E406FF326
0EDF04161C2282814E0FDB6C16EAB2932FFF9126B5F9AFA28CB23B00049621DAD65F562E406FF327
0EDF3C161C4C82815C0FDB5E16EAAC931FFF9126B5F9AFA289523C00049521DAD65F562E406FF328
0EDF66161C6A8281550FDB5A16EAA8931FFF9126B5F9AFA287323A00049521DAD65F562E406FF329
0EDF90161C7C8281550FDB4816EA9C930FFF9136B4F9AFA286E23900049521DAD65F562E406FF32A
0EDF9A161C8082815C0FDB3316EA9D930FFF9136B4F9AFA287123800049621DAD65F562E406FF32B
0EDF99161C8082815C0FDB2316EAA292FFFF9146B4F9AFA287223900049621DAD65F562E406FF32C
0EDF9A161C7C8281640FDB1216EAA392FFFF9156B4F9AFA287223900049621DAD65F562E406FF32D
0EDF9A161C7E82815C0FDB0E16EAA292DFFF9156B4F9AFA287223A00049621DAD65F562E406FF32E
0EDFA0161C838281610FDB0416EAA792DFFF9166B5F9AFA287323A00049621DAD65F562E406FF32F
0EDF9A161C858281640FDAF916EAA892CFFF9166B4F9AFA847523900049621DAD65F562E406FF330
0EDF83161C8282816B0FDAF516EAB192CFFF9176B4F9AFAD08B23700049621DAD65F562E406FF331
0EDF74161C838281640FDAEA16EAB292BFFF9176B4F9AFAE00023600049621DAD65F562E406FF332
0EDF90161C9082816B0FDAEA16EABC92BFFF9186B4F9AFAE00023500049521DAD65F562E406FF333
0EDF9A161C948281640FDADF16EAC792AFFF9196B4F9AFAE00023400049521DAD65F562E406FF334
0EDFA3161C9482816B0FDADC16EAD6929FFF9196B4F9AFAE00523300049521DAD65F562E406FF335
0EDF9A161C828281730FDAD816EADC929FFF91A6B4F9AFAE00423300049621DAD65F562E406FF336
0EDF75161C7482816B0FDAD816EAE6928FFF91A6B4F9AFAE00223300049521DAD65F562E406FF337
0EDF74161C6A8281730FDAD816EAF1928FFF91B6B4F9AFAE00223500049621DAD65F562E406FF338
0EDF6E161C5C82816B0FDAD816EAF5927FFF91B6B4F9AFAE00223500049521DAD65F562E406FF339
0EDF5F161C548281730FDAD516EB05927FFF91C6B5F9AFAE00223500049521DAD65F562E406FF33A
0EDF38161C298281730FDAD116EB15926FFF91C6B4F9AFAE00323400049621DAD65F562E406FF33B
0EDEF1161BF682817A0FDAD516EB1A926FFF91D6B4F9AFAE0D723400049621DAD65F562E406FF33C
0EDEB2161BCF8281730FDAD116EB25925FFF91D6B4F9AFAE5FB23600049521DAD65F562E406FF33D
0EDE71161BB78281730FDAD516EB2F925FFF91E6B4F9AFAE86B23800049521DAD65F562E406FF33E
0EDE38161BA08281640FDACD16EB39925FFF91E6B4F9AFAE8A523800049521DAD65F562E406FF33F
0EDDD9161B8582818D0FDAD116EB44925FFF91E6B4F9AFAE86E23700049521DAD65F562E406FF340
0EDD56161B6982817A0FDACA16EB49924FFF91F6B4F9AFAE85323600049521DAD65F562E406FF341
0EDD28161B5682817A0FDACA16EB4E924FFF91F6B4F9AFAE85123500049521DAD65F562E406FF342
0EDD60161B5582817A0FDAC616EB4E924FFF91F6B4F9AFAE85423500049521DAD65F562E406FF343
0EDDB4161B6682817A0FDACA16EB58923FFF91F6B4F9AFAE85523500049521DAD65F562E406FF344
0EDDF1161B7182817A0FDACA16EB5E923FFF91F6B5F9AFAE85523500049521DAD65F562E406FF345
0EDE3B161B748281820FDACD16EB5E922FFF9206B4F9AFAE85523400049521DAD65F562E406FF346
0EDE5A161B7882817A0FDACA16EB59922FFF9206B4F9AFAE85523500049421DAD65F562E406FF347
0EDE38161B918281820FDACA16EB4E922FFF9216B4F9AFAE59C23500049521DAD65F562E406FF348
0EDE42161B9682817A0FDAD516EB3E921FFF9216B4F9AFAC11123400049421DAD65F562E406FF349
0EDE31161B8B8281820FDACD16EB2A921FFF9216B4F9AFAC00023400049421DAD65F562E406FF34A
0EDE31161B8982817A0FDACD16EB15920FFF9216B4F9AFAC00023300049421DAD65F562E406FF34B
0EDE4C161B8A82817A0FDAD116EB00920FFF9216B5F9AFAC00023200049421DAD65F562E406FF34C
0EDE24161B7B8281820FDAD516EAEB91FFFF9216B4F9AFAC00523200049521DAD65F562E406FF34D
0EDE08161B728281820FDAD816EACC91FFFF9216B5F9AFAC00423200049421DAD65F562E406FF34E
0EDE05161B6182817A0FDAE316EAB191FFFF9216B5F9AFAC00323200049421DAD65F562E406FF34F
0EDDCB161B4D82817E0FDB0716EA9391EFFF9216B4F9AFAC00223300049421DAD65F562E406FF350
0EDD7B161B3D8281820FDB3D16EA6891EFFF9226B4F9AFAC00223300049421DAD65F562E406FE351
0EDD67161B368281820FDB6C16EA4091DFFF9226B4F9AFAC00223300049421DAD65F562E406FF352
0EDD54161B2D82817A0FDB9816EA2991DFFF9226B4F9AFAC00223400049421DAD65F562E406FF353
0EDD56161B2582817A0FDBCA16EA2491CFFF9226B5F9AFAC08F23400049421DAD65F562E406FF354
0EDD47161B3782817A0FDBF716EA2191CFFF9226B5F9AFAC5B323300049421DAD65F562E406FF355
0EDD60161B418281820FDC1D16EA2991BFFF9226B4F9AFAC86623300049421DAD65F562E406FF356
0EDD4A161B3482817A0FDC4916EA3B91BFFF9226B4F9AFAC8B623200049421DAD65F562E406FF357
0EDD48161B3A82817A0FDC6D16EA5391BFFF9226B5F9AFAC87F23300049421DAD65F562E406FF358
0EDD69161B4D82817A0FDCA316EA5E91AFFF9226B4F9AFAC86223300049321DAD65F562E406FF359
0EDDA7161B6F8281820FDCD616EA5F91AFFF9226B5F9AFAC85E23300049321DAD65F562E406FF35A
0EDDE3161B9882817A0FDD0F16EA5E91AFFF9226B5F9AFAC86123400049421DAD65F562E406FF35B
0EDE13161BA082817A0FDD4216EA5A919FFF9216B4F9AFAC86223300049421DAD65F562E406FF35C
0EDE19161B8C8281730FDD7516EA4E919FFF9216B4F9AFAC86223300049421DAD65F562E406FE35D
0EDDF1161B6782817A0FDDA416EA45919FFF9216B4F9AFAC86223300049421DAD65F562E406FF35E
0EDD93161B2E8281730FDDD916EA34919FFF9216B4F9AFAC86223400049421DAD65F562E406FF35F
0EDCE4161AD08281770FDE0916EA34919FFF9216B4F9AFA757623400049321DAD65F562E406FF360
0EDC8B161A9882817A0FDE3116EA3B919FFF9216B4F99F850FC23300049421DAD65F562E406FE361
0EDC6A161A918281730FDE6016EA34918FFF9216B4F99F7400023200049321DAD65F562E406FF362
0EDCC5161AE18281730FDE8C16EA35918FFF9216B4F99F7200023100049321DAD65F562E406FF363
0EDD7B161B4F8281730FDEC516EA34918FFF9216B4F99F7300023100049321DAD65F562F416FF364
0EDDE3161B9C8281730FDF0616EA40918FFF9206B4F99F7400523100049421DAD65F562F406FF365
0EDE16161BBC8281730FDF3D16EA44918FFF9206B5F99F7400423300049321DAD65F562F406FF366
0EDE2E161BBE82816B0FDF7616EA3E918FFF9206B5F99F7400323300049321DAD65F562F406FF367
0EDE20161BAD82816B0FDFA216EA4A918FFF9206B5F99F7400223300049321DAD65F562F406FF368
0EDE0F161B9F8281730FDFC216EA39918FFF9206B4F99F7400223300049321DAD65F562F406FF369
0EDE0C161B9382816B0FDFD816EA40919FFF91F6B4F99F7400223200049321DAD65F562F406FF36A
0EDE05161B8C82816B0FDFE616EA39919FFF91F6B5F99F7400323200049321DAD65F562F406FF36B
0EDDFB161B8D82816B0FE01816EA35919FFF91F6B4F99F740C923100049421DAD65F562F406FF36C
0EDDF8161B8C82816B0FE05316EA29919FFF91F6B5F99F745D723200049321DAD65F562F406FF36D
0EDDF7161B898281640FE09116EA29919FFF9206B4F99F7484523100049321DAD65F562F406FF36E
0EDDFE161BA782816B0FE0C916EA2691AFFF91F6B4F99F7488123100049321DAD65F562F406FF36F
0EDE67161BEE8281550FE0FA16EA2491AFFF91F6B5F99F7484A23200049321DAD65F562F406FF370
0EDEBC161C118281770FE11A16EA2B91BFFF91F6B4F99F7483023200049221DAD65F562F406FF371
0EDECC161C1682815C0FE13C16EA2991BFFF91F6B5F99F7482D23200049321DAD65F562F406FF372
0EDEDE161C198281640FE15F16EA3591BFFF91F6B4F99F7483023100049321DAD65F562F406FF373
0EDEF1161C1B82815C0FE18016EA2F91CFFF91F6B5F99F7483123200049321DAD65F562F406FF374
0EDEF5161C2982816B0FE1A716EA3991DFFF91F6B5F99F7483123200049321DAD65F562F406FF375
0EDF18161C4A82815C0FE1CF16EA3B91DFFF91F6B4F99F7483123200049421DAD65F562F406FF376
0EDF3F161C568281640FE1F716EA3E91DFFF91F6B5F99F7483123200049321DAD65F562F406FF377
0EDF50161C5F82815C0FE22616EA3591EFFF91F6B4F99F7456123300049321DAD65F562F406FF378
0EDF7E161C838281640FE25816EA3991FFFF91F6B5F9AF8D0FB23300049321DAD65F562F406FF379
0EDFA4161CA982815C0FE28416EA3B91FFFF91F6B5F9BFA100023400049321DAD65F562F406FF37A
0EDFDE161CB58281550FE25C16EA39920FFF91F6B4F9BFA500023400049321DAD65F562F406FF37B
0EE010161CC282815C0FE20916EA39921FFF9206B4F9BFA400023300049321DAD65F562F406FF37C
0EE021161CD58281640FE1C816EA35921FFF91F6B5F9BFA300523300049321DAD65F562F406FF37D
0EE03C161CE18281550FE17916EA2F922FFF9206B4F9BFA300423300049321DAD65F562F406FF37E
0EE054161CF082815C0FE13E16EA3B922FFF9206B5F9BFA300323300049321DAD65F562F406FF37F
0EE079161D0E82815C0FE12116EA2F923FFF9206B4F9BFA300223300049321DAD65F562F406FF380
0EE098161D1A8281550FE10216EA2B924FFF9206B5F9BFA300223300049321DAD65F562F406FF381
0EE0A6161D1F8281590FE0D516EA34924FFF9206B4F9BFA300223300049321DAD65F562F406FF382
0EE0B9161D2482815C0FE0A516EA2F925FFF9206B5F9BFA300223300049321DAD65F562F406FF383
0EE0B9161D1B8281550FE07016EA30925FFF9216B5F9BFA309A23300049321DAD65F562F406FF384
0EE0B0161D0C82815C0FE02F16EA39926FFF9216B5F9BFA35CC23300049321DAD65F562F406FF385
0EE098161CF98281550FDFDB16EA35926FFF9216B4F9BFA387A23400049321DAD65F562F406FF386
0EE08E161CEC8281550FDF8C16EA39927FFF9216B5F9BFA38C723600049321DAD65F562F406FF387
0EE07D161CF182815C0FDF4716EA40927FFF9216B4F9BFA389023800049421DAD65F562F406FF388
0EE08E161CFB8281550FDF0716EA39927FFF9216B4F9BFA387323800049321DAD65F562F406FF389
0EE0BD161D0D82815C0FDEBE16EA3E928FFF9216B5F9BFA387023800049321DAD65F562F406FF38A
0EE0D1161D128281550FDE8016EA4A929FFF9226B5F9BFA387323700049321DAD65F562F406FF38B
0EE0C4161D128281550FDE3F16EA49929FFF9226B5F9BFA387323600049321DAD65F562F406FF38C
0EE0C0161D0F82815C0FDE0716EA4F929FFF9226B5F9BFA387323900049321DAD65F562F406FF38D
0EE0A9161D028281550FDDD616EA49929FFF9226B4F9BFA387323B00049421DAD65F562F406FF38E
0EE08E161CFE82815C0FDDAB16EA4F92AFFF9226B5F9BFA387423900049321DAD65F562F406FF38F
0EE076161D018281550FDD9516EA4E92AFFF9226B5F9BFA359623700049321DAD65F562F406FF390
0EE080161D0A8281550FDD7B16EA5392BFFF9226B5F9BFA710823600049321DAD65F562F406FF391
0EE098161D1482815C0FDD5B16EA5A92BFFF9236B4F9BFAC00023500049421DAD65F562F406FF392
0EE09B161D1E82815C0FDD3716EA5392BFFF9236B4F9BFAD00023400049421DAD65F562F406FF393
0EE0A9161D218281590FDCFD16EA6492BFFF9236B4F9BFAD00023400049421DAD65F562F406FF394
0EE0B3161D1E82815C0FDCCE16EA6892BFFF9236B4F9BFAD00523300049421DAD65F562F406FF395
0EE0BA161D1582815C0FDCA416EA7E92BFFF9236B4F9BFAD00523400049421DAD65F562F406FF396
0EE0B6161D128281550FDC9116EA8792BFFF9246B5F9BFAD00323400049321DAD65F562F406FF397
0EE0AF161D0B82815C0FDC7B16EA9792BFFF9246B4F9BFAD00223300049421DAD65F562F406FF398
0EE09C161CFD82815C0FDC7816EAA892BFFF9246B5F9BFAD00123400049421DAD65F562F406FF399
0EE094161CFC82815C0FDC6916EAB192BFFF9246B5F9BFAD00223500049321DAD65F562F406FF39A
0EE083161CFB82815C0FDC5F16EABD92BFFF9246B5F9BFAD00323500049421DAD65F562F406FF39B
0EE065161CED82815C0FDC5B16EACB92BFFF9246B5F9BFAD03B23500049421DAD65F562F406FF39C
0EE05B161CE68281640FDC5716EAC792BFFF9246B5F9BFAD52223400049421DAD65F562F406FF39D
0EE05E161CE78281640FDC5416EAD692BFFF9246B5F9BFAD81F23400049421DAD65F562F406FF39E
0EE05B161CE282815C0FDC5416EAE192BFFF9246B5F9BFAD89123400049421DAD65F562F406FF39F
0EE04D161CDF8281640FDC4C16EAE092BFFF9256B4F9BFAD85D23400049421DAD65F562F406FF3A0
0EE047161CDF82815C0FDC3F16EAEB92BFFF9256B4F9BFAD83D23500049421DAD65F562F406FF3A1
0EE032161CD48281640FDC3716EAE692BFFF9256B5F9BFAD83723500049421DAD65F562F406FF3A2
0EE01E161CB28281640FDC2516EAE692BFFF9256B4F9BFAD83A23500049321DAD65F562F406FF3A3
0EDFFC161C9D82815C0FDC0F16EAF692BFFF9246B4F9BFAD83B23500049421DAD65F562F406FF3A4
0EDFDD161C9282814E0FDBF916EAF092BFFF9246B5F9BFAD83B23500049421DAD65F562F406FF3A5
0EDFD7161C9282817E0FDBE016EAF192AFFF9246B5F9BFAD83B23400049421DAD65F562F406FF3A6
0EDFDE161C9B8281640FDBCC16EAF092AFFF9246B5F9BFAD83B23400049421DAD65F562F406FF3A7
0EDFF5161CA18281640FDBAD16EAF192AFFF9246B5F9BFAD42E23400049421DAD65F562F406FF3A8
0EDFF6161C9C8281640FDB9816EAE6929FFF9246B5F9BFAD07723300049521DAD65F562F406FF3A9
0EDFE8161C868281640FDB8216EAE6929FFF9246B5F9BFAE00023300049421DAD65F562F406FF3AA
0EDFC9161C6D82816B0FDB7416EAE0929FFF9246B4F9BFAE00023200049421DAD65F562F406FF3AB
0EDF90161C5C8281640FDB6516EAE0929FFF9246B5F9BFAE00023200049421DAD65F562F406FF3AC
0EDF49161C418281640FDB4F16EAE6929FFF9246B5F9BFAE00523200049421DAD65F562F406FF3AD
0EDF1C161C238281640FDB4416EAE0929FFF9236B4F9BFAE00423300049421DAD65F562F406FF3AE
0EDEF8161BFD82816B0FDB3616EAE6929FFF9236B4F9BFAE00323500049421DAD65F562F406FF3AF
0EDEC6161BE78281640FDB2B16EAEB929FFF9236B5F9BFAE00223B00049421DAD65F562F406FF3B0
0EDE97161BD98281640FDB2416EAE6929FFF9236B4F9BFAE00123F00049421DAD65F562F406FF3B1
0EDE67161BC682816B0FDB1216EAEB929FFF9236B5F9BFAE00223D00049421DAD65F562F406FF3B2
0EDE53161BB68281640FDB0716EAE6928FFF9236B5F9BFAE00323A00049421DAD65F562F406FF3B3
0EDE4F161BA082816B0FDB0016EAF5928FFF9236B4F9BFAE0AD23800049421DAD65F562F406FF3B4
0EDE2E161B8A8281640FDAF516EAE6928FFF9226B5F9BFAE5BE23600049421DAD65F562F406FF3B5
0EDDF7161B878281550FDAF116EAE0928FFF9226B5F9BFAE84523500049421DAD65F562F406FF3B6
0EDDE3161B868281770FDAEA16EADB928FFF9226B5F9BFAE88A23400049421DAD65F562F406FF3B7
0EDDE0161B8582816B0FDAE716EADC928FFF9226B4F9BFAE85323500049421DAD65F562F406FF3B8
0EDDCF161B858281640FDAE316EACB928FFF9226B5F9BFAE83823700049421DAD65F562F406FF3B9
0EDDD9161B7D8281640FDADC16EAC2928FFF9216B4F9BFAE83523900049521DAD65F562F406FF3BA
0EDDD9161B678281640FDADC16EAB1928FFF9216B5F9BFAE83823C00049521DAD65F562F406FF3BB
0EDD82161B528281640FDAD816EA98927FFF9216B5F9BFAE83923E00049521DAD65F562F406FF3BC
0EDD2C161B4282816B0FDAD116EA87927FFF9216B5F9BFAE83923D00049521DAD65F562F406FF3BD
0EDD0F161B4182815C0FDACD16EA64927FFF9216B4F9BFAE83923900049421DAD65F562F406FF3BE
0EDD1B161B438281640FDAC316EA49927FFF9216B5F9BFAE83923800049521DAD65F562F406FF3BF
0EDD3E161B3E8281640FDAC316EA1F927FFF9216B4F9BFAE5B123700049421DAD65F562F406FF3C0
0EDD69161B3D8281640FDAB816E9FC927FFF9216B4F9BFAE12223700049521DAD65F562F406FF3C1
0EDD6D161B3E8281640FDAB416E9F0928FFF9216B4F9AFAE00023500049521DAD65F562F406FF3C2
0EDD33161B338281640FDABB16E9DD927FFF9216B5F9AFAE00023400049421DAD65F562F406FF3C3
0EDD20161B2C82815C0FDAD816E9D1927FFF9216B4F9AFAE00023300049521DAD65F562E416FF3C4
0EDD4C161B308281640FDB0B16E9C6928FFF9216B4F9AFAE00523300049521DAD65F562E406FF3C5
0EDD65161B3782815C0FDB5916E9BE928FFF9206B4F9AFAE00523300049521DAD65F562E406FF3C6
0EDD56161B398281640FDBBC16E9BC928FFF9206B4F9AFAE00323300049521DAD65F562E406FF3C7
0EDD65161B3C8281590FDC0F16E9AE929FFF9206B4F9AFAE00223300049521DAD65F562E406FF3C8
0EDD7E161B4982815C0FDC6616E9A7929FFF9206B5F9AFAE00123200049521DAD65F562E406FF3C9
0EDD95161B5F82815C0FDCC016E9A9929FFF9206B4F9AFAE00223200049521DAD65F562E406FF3CA
0EDDB1161B6582815C0FDD0116E9BC929FFF91F6B5F9AFAE00323200049521DAD65F562E406FF3CB
0EDDC4161B7582815C0FDD3B16E9D192AFFF91F6B5F9AFAE0F323200049521DAD65F562E406FF3CC
0EDDE0161B7D8281550FDD6616EA0192AFFF91F6B5F9AFAE5FD23200049521DAD65F562E406FF3CD
0EDDE7161B8B82815C0FDD9516EA2492AFFF91F6B5F9AFAE84B23200049521DAD65F562E406FF3CE
0EDE0F161BAD8281550FDDCF16EA3592BFFF91F6B4F9AFAE87B23300049421DAD65F562E406FF3CF
0EDE31161BB682815C0FDE0B16EA3E92BFFF91E6B5F9AFAE84523300049521DAD65F562E406FF3D0
0EDE2A161BBE8281550FDE5816EA3992CFFF91E6B5F9AFAE82D23300049521DAD65F562E406FF3D1
0EDE7F161BD782814E0FDEBA16EA3092CFFF91E6B5F9AFAE82B23400049521DAD65F562E406FF3D2
0EDEB5161BFD8281550FDF1F16EA1592DFFF91D6B4F9AFAE82D23300049521DAD65F562E406FF3D3
0EDEA5161BF18281550FDF8816E9FC92DFFF91D6B5F9AFAE82E23300049621DAD65F562E406FF3D4
0EDE71161BDE82814E0FDFFC16E9F092EFFF91D6B5F9AFAE82E23300049521DAD65F562E406FF3D5
0EDE5D161BCE82814E0FE07716E9CD92EFFF91D6B5F9AFAE82E23300049521DAD65F562E406FF3D6
0EDE67161BCA82814E0FE10916E9CB92FFFF91D6B5F9AFAE82E23300049521DAD65F562E406FF3D7
0EDE60161BB982814E0FE1AB16E9B7930FFF91C6B5F9AFAE53823400049521DAD65F562E406FF3D8
0EDE3F161BA782814E0FE24616E9AE930FFF91C6B5F9AFAE0E823300049521DAD65F562E406FF3D9
0EDE3B161BA382814A0FE2D416E988931FFF91B6B5F99FAE00023300049521DAD65F562E406FF3DA
0EDE3B161BAC8281460FE35F16E96A932FFF91B6B4F98FAD00023300049521DAD65F562E406FF3DB
0EDE42161BAA8281460FE3E016E949932FFF91B6B5F98FAD00023300049521DAD65F562E406FF3DC
0EDE49161BAB8281460FE46A16E944933FFF91A6B5F98FAD00523300049521DAD65F562E406FF3DD
0EDE46161BA68281460FE4E616E946933FFF91A6B4F98FAD00423300049521DAD65F562E406FF3DE
0EDE42161BA68281460FE55F16E953934FFF91A6B4F98FAD00323300049521DAD65F562E406FF3DF
0EDE49161BAB82813F0FE5C716E963935FFF91A6B5F98FAD00223300049521DAD65F562E406FF3E0
0EDE4C161BAC82813F0FE64316E960935FFF91A6B5F98FAD00123300049521DAD65F562E406FF3E1
0EDE49161BB082813F0FE6BA16E95E936FFF9196B5F98FAD00223300049521DAD65F562E407003E2
0EDE49161BAF82813F0FE73F16E960937FFF9196B5F98FAD00323400049621DAD65F562E406FF3E3
0EDE49161BB082813F0FE7B316E959938FFF9196B5F98FAD0CA23500049521DAD65F562E406FF3E4
0EDE4C161BAF8281370FE80F16E95E939FFF9196B5F98FAD5E923500049521DAD65F562E406FF3E5
0EDE4C161BAC82813F0FE85616E965939FFF9196B5F98FAD86123400049521DAD65F562E406FF3E6
0EDE56161BB08281370FE8A116E95E93AFFF9196B4F98FAD89E23500049521DAD65F562E406FF3E7
0EDE50161BB58281370FE8DB16E96093AFFF9196B5F98FAD86723700049521DAD65F562E406FF3E8
0EDE4C161BAC8281300FE8AC16E96393BFFF9186B5F98FAD84D23700049621DAD65F562E406FF3E9
0EDE4C161BA88281370FE7BA16E95E93CFFF9186B5F98FAD84A23700049521DAD65F562E406FF3EA
0EDE4C161BAB8281370FE6AF16E96593DFFF9186B5F98FAD84D23500049521DAD65F562E406FF3EB
0EDE49161BA88281300FE5A416E95993DFFF9186B5F98FAD84D23500049521DAD65F562E406FF3EC
0EDE46161BA48281340FE4DA16E95B93EFFF9186B5F98FAD84D23500049521DAD65F562E406FF3ED
0EDE49161BA08281300FE43416E94E93FFFF9186B5F98FAD84D23600049521DAD65F562E406FF3EE
0EDE3F161BA58281300FE3A416E94493FFFF9176B5F98FAD84D23600049521DAD65F562E406FF3EF
0EDE42161BAB8281300FE2F516E946940FFF9176B5F98FAD57923600049521DAD65F562E406FF3F0
0EDE6E161BBF8281300FE22D16E944940FFF9176B5F98FAD10123500049521DAD65F562E406FF3F1
0EDEA1161BD48281280FE19D16E939941FFF9176B5F98FAD00023500049521DAD65F562E406FF3F2
0EDEA4161BDA8281300FE15B16E936941FFF9176B5F99FAE00023400049521DAD65F562E406FF3F3
0EDE90161BD38281280FE18716E939942FFF9176B5F99FAE00023200049521DAD65F562E406FF3F4
0EDE90161BEA8281300FE1B616E936942FFF9176B4F99FAE00523200049521DAD65F562E406FF3F5
0EDEBF161C1C8281300FE1BA16E934944FFF9176B5F99FAE00523300049521DAD65F562E406FF3F6
0EDF1C161C4B8281280FE1CF16E934944FFF9166B5F99FAE00323400049521DAD65F562E406FF3F7
0EDF64161C6E8281280FE1F016E92C944FFF9166B4F99FAE00223500049521DAD65F562E406FF3F8
0EDFC3161C858281300FE21B16E934944FFF9166B5F99FAE00123500049521DAD65F562E406FF3F9
0EE032161C998281280FE24E16E931945FFF9166B5F99FAE00123400049521DAD65F562E406FF3FA
0EE065161CB08281280FE26E16E92A946FFF9166B5F99FAE00323400049521DAD65F562E406FF3FB
0EE062161CBA8281280FE26416E91A947FFF9156B5F99FAE0AB23400049621DAD65F562E406FF3FC
0EE076161CC78281280FE1FB16E917947FFF9156B4F99FAE5C123400049621DAD65F562E406FF3FD
0EE098161CC88281300FE1C116E90F948FFF9156B4F99FAE84B23400049521DAD65F562E406FF3FE
0EE094161CB78281280FE1B216E8FB948FFF9156B5F99FAE89123300049521DAD65F562E406FF3FF
0EE05E161C8D8281280FE1C116E8EE949FFF9156B4F99FAE85A23300049621DAD65F562E406FF300
0EE006161C758281210FE1CF16E8EB949FFF9156B5F99FAE83F23400049521DAD65F562E406FF301
0EDFBF161C478281340FE1C416E8D9949FFF9146B5F99FAE83B23500049521DAD65F562E406FF302
0EDF44161C098281300FE18416E8DB94AFFF9146B5F99FAE83E23500049521DAD65F562E406FF303
0EDEE4161BE98281300FE13E16E8F594BFFF9146B5F99FAE83F23500049421DAD65F562E406FF304
0EDEB9161BD18281280FE10616E91C94BFFF9146B5F99FAE83F23500049521DAD65F562E406FF305
0EDE85161BC08281300FE0AE16E93994CFFF9146B5F99FAE83F23500049521DAD65F562E406FF306
0EDE64161BB98281300FE05716E94E94DFFF9146B5F99FAE83F23500049421DAD65F562E406FF307
0EDE5A161BB48281300FDFBB16E95B94DFFF9146B5F99FAE57723500049521DAD65F562E406FF308
0EDE56161BB28281300FDEC916E94E94DFFF9146B5F99FAE10323500049421DAD65F562E406FF309
0EDE46161BB18281300FDDC416E91C94EFFF9136B5F99FAE00023500049421DAD65F562E406FF30A
0EDE45161BAA8281370FDCF616E8F594EFFF9136B5F9AFAD00023500049421DAD65F562E406FF30B
0EDE31161B9D8281300FDC4316E8D694EFFF9146B5F9AFAD00023400049421DAD65F562E406FF30C
0EDE27161BA08281370FDBC716E8BA94FFFF9146B5F9AFAD00523400049421DAD65F562E406FF30D
0EDE31161BA38281370FDB6916E89294FFFF9146B4F9AFAD00423400049421DAD65F562E406FF30E
0EDE2E161BA082813F0FDB2816E873950FFF9146B5F9AFAD00323300049421DAD65F562E406FF30F
0EDE19161B958281370FDADC16E857950FFF9146B5F9AFAD00223400049421DAD65F562E406FF310
0EDE02161B8082813F0FDAA916E85E950FFF9146B5F9AFAD00223400049421DAD65F562E406FF311
0EDDED161B6B8281370FDA7A16E863950FFF9146B5F9AFAD00223500049421DAD65F562E406FF312
0EDDC9161B578281460FDA5A16E86C950FFF9146B5F9AFAD00323500049521DAD65F562E406FF313
0EDDA6161B4382813F0FDA3616E868950FFF9156B5F9AFAD06A23500049521DAD65F562E406FF314
0EDD74161B238281280FDA3316E85C951FFF9156B5F9AFAD55923500049421DAD65F562E406FF315
0EDD43161B048281610FDA2B16E83F951FFF9156B5F9AFAD81123500049421DAD65F562E406FF316
0EDD59161B228281460FDA3216E82A951FFF9156B4F9AFAD86A23400049421DAD65F562E406FF317
0EDD85161B4582814E0FDA3D16E81E951FFF9156B5F9AFAD83523400049421DAD65F562E406FF318
0EDD98161B428281460FDA4816E810950FFF9166B5F9AFAD81823400049321DAD65F562E406FF319
0EDD8C161B3282814E0FDA4816E7FB950FFF9166B4F9AFAD81423300049321DAD65F562E406FF31A
0EDD25161AFE82814E0FDA4C16E7F4950FFF9166B5F9AFAD81623300049421DAD65F562E406FF31B
0EDCBB161AB98281550FDA4C16E7E1950FFF9176B4F9AFAD81723300049321DAD65F562E406FF31C
0EDC56161A738281550FDA4816E7E694FFFF9176B5F9AFAD81823500049421DAD65F562E406FF31D
0EDBE3161A388281550FDA4816E7DA94FFFF9186B5F9AFAD81723600049321DAD65F562E406FF31E
0EDB91161A028281550FDA4516E7E194FFFF9186B5F9AFAD81823500049321DAD65F562E406FF31F
0EDB4F1619DC82815C0FDA3D16E7EB94EFFF9196B5F9AFAD54223400049321DAD65F562E406FF320
0EDB211619CD82815C0FDA2B16E7EF94DFFF9196B5F9AFAD0F123300049321DAD65F562E406FF321
0EDB0B1619C482815C0FD9FC16E7F694DFFF9196B5F9AFAD00023200049321DAD65F562E40700322
0EDB1B1619CF8281640FD9BB16E7F694CFFF91A6B5F98FAD00023200049321DAD65F562E406FF323
0EDB411619DB8281640FD98116E7FF94CFFF91B6B5F97FAC00023200049321DAD65F562E406FF324
0EDB061619B98281640FD95616E80A94BFFF91B6B5F97FAC00523200049321DAD65F562E406FF325
0EDABE1619848281640FD92B16E80094AFFF91C6B4F97FAC00423200049321DAD65F562E406FF326
0EDA9616195F8281680FD90716E80494AFFF91C6B4F97FAC00223300049221DAD65F562E406FF327
0EDA7416194182816B0FD8D116E80A949FFF91D6B4F97FAC00223200049321DAD65F562E406FF328
0EDA3E16191E82816B0FD8A916E810948FFF91D6B4F97FAC00123200049321DAD65F562E406FF329
0EDA081619038281730FD88916E813948FFF91E6B4F97FAC00223200049321DAD65F562E406FF32A
0EDA011618F582816B0FD86816E810947FFF91F6B5F97FAC00323200049321DAD65F562E406FF32B
0ED9E91618E78281730FD83916E80A947FFF91F6B4F97FAC12523200049221DAD65F562E406FF32C
0ED9A91618C68281730FD80716E819945FFF9206B4F97FAC44323200049321DAD65F562E406FF32D
0ED92A16187C82817A0FD7DB16E815946FFF9206B4F97FAC56A23200049321DAD65F562E406FF32E
0ED89016181782817A0FD7B716E81F945FFF9216B5F97FAC57023100049321DAD65F562E406FF32F
0ED83E1617B88281730FD79E16E813943FFF9216B4F97FAC54E23100049321DAD65F562E406FF330
0ED7D616173582817A0FD79016E815943FFF9226B5F97FAC54223100049321DAD65F562E406FF331
0ED70B1616A48281820FD77E16E81F943FFF9226B4F97FAC54223200049221DAD65F562E406FF332
0ED64016162B82817A0FD78116E80E942FFF9236B4F97FAC54323100049321DAD65F562E406FF333
0ED5971615DB8281820FD78116E80A941FFF9236B5F97FAC54323100049221DAD65F562E406FF334
0ED5531615C88281820FD77E16E810941FFF9246B5F97FAC54323300049221DAD65F562E406FF335
0ED52B1615C98281820FD78916E7FF941FFF9246B5F97FAC54323400049221DAD65F562E406FF336
0ED4EE1615B482817A0FD78916E7FB941FFF9246B5F97FAC54423500049221DAD65F562E406FF337
0ED4A01615A38281860FD78916E7FB940FFF9256B5F97FAC3A723400049221DAD65F562E406FF338
0ED47D1615A18281890FD78C16E7EA940FFF9256B5F97FAC0BB23300049221DAD65F562E406FF339
0ED4591615A38281820FD79016E7DB93FFFF9256B4F97FAC00023100049221DAD65F562E406FF33A
0ED4481615B18281890FD79B16E7BC93FFFF9266B4F97FAA00023100049221DAD65F562E406FF33B
0ED4521615C28281820FD7A916E79C93FFFF9266B5F98FA700023100049221DAD65F562F416FF33C
0ED4851615C68281890FD7C616E77893FFFF9266B5F98FA700423100049221DAD65F562F406FF33D
0ED4761615C28281890FD7E316E75E93EFFF9276B5F98FA700323200049221DAD65F562F406FF33E
0ED4711615B78281890FD7FC16E73F93EFFF9276B4F98FA700223200049221DAD65F562F406FF33F
0ED4671615AA8281890FD82B16E72993EFFF9276B4F98FA700223300049221DAD65F562F406FF340
0ED4601615B08281890FD86C16E70593EFFF9286B4F98FA700223200049221DAD65F562F406FF341
0ED4521615C08281890FD8DF16E6EB93EFFF9286B5F98FA700223200049121DAD65F562F406FF342
0ED4121615BF8281890FD97A16E6CC93DFFF9286B5F98FA700323100049221DAD65F562F406FF343
0ED3D91615B88281890FDA1916E6A293EFFF9296B5F98FA710123100049221DAD65F562F406FF344
0ED3CB1615BD8281890FDAB116E69393EFFF9296B5F98FA742D23100049221DAD65F562F406FF345
0ED4051615D88281890FDB3616E68893DFFF9296B5F98FA756823200049221DAD65F562F406FF346
0ED46D1615F18281860FDBB316E68893DFFF9296B5F98FA757423200049121DAD65F562F406FF347
0ED4AA1615F98281890FDC0F16E6A293EFFF9296B5F98FA755223100049121DAD65F562F406FF348
0ED49B1615E58281890FDC5016E6C293EFFF9296B5F98FA754523100049221DAD65F562F406FF349
0ED46D1615C68281890FDC9516E6D693EFFF92A6B5F98FA754423100049221DAD65F562F406FF34A
0ED4411615B48281890FDCEB16E6E193FFFF92A6B4F98FA754623100049221DAD65F562F406FF34B
0ED4AE1615F48281890FDD5816E6E193FFFF92A6B4F98FA754623100049221DAD65F562F406FF34C
0ED5F516164D8281890FDDD516E6DC93FFFF92A6B5F98FA754623200049221DAD65F562F406FF34D
0ED62416168B8281890FDE4316E6C793FFFF92A6B5F98FA754623200049221DAD65F562F406FF34E
0ED6F31617398281820FDEB316E6C2940FFF92A6B5F98FA754623100049221DAD65F562F406FF34F
0ED7D61618068281890FDF2716E6B7940FFF92A6B5F98FA739223100049221DAD65F562F406FF350
0ED8B41618CF8281820FDF9016E6C7940FFF92A6B5F98FA70B023100049221DAD65F562F406FF351
0ED9D91619888281890FDFF516E6F1941FFF92B6B5F98FA700023200049221DAD65F562F406FF352
0EDAF5161A0E8281820FE04E16E715941FFF92B6B5F99FA800023400049221DAD65F562F406FF353
0EDB92161A508281820FE09B16E73F941FFF92A6B5F9AFAB00023400049221DAD65F562F406FF354
0EDBCB161A728281820FE0CA16E74E942FFF92A6B5F9AFAC00423300049221DAD65F562F406FF355
0EDC12161A7D8281820FE0FB16E763942FFF92A6B4F9AFAC00323300049321DAD65F562F406FF356
0EDC3E161A8C82817E0FE13416E769943FFF92A6B5F9AFAC00323300049221DAD65F562F406FF357
0EDC70161A928281820FE17116E772943FFF92A6B5F9AFAC00223300049221DAD65F562F406FF358
0EDC8C161A9A8281820FE1B316E77E943FFF92A6B5F9AFAC00223300049221DAD65F562F406FF359
0EDC9C161AA082817A0FE1F716E77E945FFF92A6B5F9AFAC00223200049121DAD65F562F406FF35A
0EDC92161A8282817A0FE23F16E78C946FFF92A6B5F9AFAC00223200049221DAD65F562F4070035B
0EDC2D161A4582817A0FE27216E7B2945FFF92A6B5F9AFAC0A623200049221DAD65F562F406FF35C
0EDBED161A2582817A0FE2A016E7CC946FFF92A6B5F9AFAC5DB23300049121DAD65F562F406FF35D
0EDC01161A2382817A0FE2D116E7EF946FFF9296B5F9AFAC87F23300049221DAD65F562F406FF35E
0EDBE0161A2A8281730FE30E16E805947FFF9296B5F9AFAC8C923300049121DAD65F562F406FF35F
0EDBED161A4182817A0FE36316E81A947FFF9296B5F9AFAC89023400049221DAD65F562F406FF360
0EDC05161A5A8281730FE3C016E838948FFF9296B5F9AFAC87323400049221DAD65F562F406FF361
0EDC20161A708281730FE41716E84E949FFF9296B5F9AFAC87123300049221DAD65F562F406FF362
0EDC45161A848281730FE48016E868949FFF9296B5F9AFAC87323200049221DAD65F562F406FF363
0EDC60161A888281730FE4F316E87194AFFF9286B5F9AFAC87523100049221DAD65F562F406FF364
0EDC48161A7282816B0FE56716E87394AFFF9286B5F9AFAC87523100049221DAD65F562F406FF365
0EDC34161A7682816B0FE5E016E87394AFFF9286B5F9AFAC87423100049221DAD65F562F406FF366
0EDC70161AAA8281550FE66A16E86C94BFFF9276B5F9AFAC87523100049221DAD65F562F40700367
0EDD0A161B1F8281860FE6FF16E87894BFFF9276B5F9AFAC5BC23100049221DAD65F562F406FF368
0EDDD3161BA482816B0FE79A16E87394CFFF9276B5F9AFAC11B23100049221DAD65F562F406FF369
0EDE7F161C028281640FE81F16E87B94CFFF9276B5F9AFAC00023200049221DAD65F562F406FF36A
0EDEDA161C1982816B0FE89D16E87394DFFF9266B4F9AFAC00023500049221DAD65F562F406FF36B
0EDEE7161C1B8281640FE90716E87D94DFFF9266B5F9AFAD00023600049221DAD65F562F406FF36C
0EDF44161C488281640FE90A16E88094DFFF9266B5F9AFAD00523500049221DAD65F562F406FF36D
0EDF9A161C758281640FE7F216E88294DFFF9256B5F9AFAD00523400049321DAD65F562F406FF36E
0EDFAB161C758281640FE68016E88894EFFF9256B5F9AFAD00323300049221DAD65F562F4070036F
0EDFAA161C718281640FE53016E88094EFFF9256B5F9AFAD00223300049221DAD65F562F406FF370
0EDF94161C5082815C0FE3E016E88294FFFF9246B5F9AFAD00123300049321DAD65F562F406FF371
0EDF4B161C2282815C0FE2FE16E88B94FFFF9246B5F9AFAD00223200049321DAD65F562F406FF372
0EDEDD161C048281640FE29716E88D950FFF9246B5F9AFAD00323200049321DAD65F562F406FF373
0EDEBB161C1782815C0FE25916E888950FFF9236B5F9AFAD08123200049321DAD65F562F406FF374
0EDEEF161C3E82815C0FE1EC16E886950FFF9236B5F9AFAD58523300049321DAD65F562F406FF375
0EDF2B161C508281550FE17816E87D951FFF9236B5F9AFAD82F23300049321DAD65F562F406FF376
0EDF46161C3882815C0FE17D16E882951FFF9226B5F9AFAD88123300049321DAD65F562F406FF377
0EDF33161C208281550FE19216E87B951FFF9226B5F9AFAD84B23300049221DAD65F562F406FF378
0EDEF1161C058281590FE1BD16E873951FFF9226B5F9AFAD82F23200049321DAD65F562F406FF379
0EDE9A161BDC8281550FE1E516E863952FFF9226B5F9AFAD82B23200049321DAD65F562F4070037A
0EDE8C161BE982815C0FE19D16E861952FFF9216B4F9AFAD82D23200049321DAD65F562F406FF37B
0EDEDD161C278281550FE14716E854953FFF9216B5F9AFAD82F23200049221DAD65F562F4070037C
0EDF22161C488281550FE0E016E84E953FFF9216B5F9AFAD82F23300049321DAD65F562F406FF37D
0EDF46161C5582814E0FE08616E847953FFF9216B5F9AFAD82F23200049321DAD65F562F406FF37E
0EDF53161C558281550FE03116E83F954FFF9216B5F9AFAD82F23200049321DAD65F562F406FF37F
0EDF3E161C448281550FDFD116E834954FFF9206B5F9AFAD54423100049221DAD65F562F406FF380
0EDF21161C1882814E0FDF5916E823955FFF9206B5F9AFAD0EE23100049321DAD65F562F406FF381
0EDEE9161BF98281550FDEE616E810955FFF9206B5F9AFAD00023400049321DAD65F562F406FF382
0EDEC2161BF082814E0FDEAC16E80A955FFF9206B5F9AFAD00023500049321DAD65F562F406FF383
0EDEC6161BF182814E0FDEDB16E7FF955FFF91F6B5F9AFAD00023500049321DAD65F562F406FF384
0EDEB9161BE88281550FDEA116E7EB956FFF91F6B5F9AFAD00523400049421DAD65F562F406FF385
0EDE93161BDD82814E0FDE5316E7D1957FFF91F6B5F9AFAD00423400049421DAD65F562F406FF386
0EDE7B161BD682814E0FDE5816E7D0957FFF91E6B5F9AFAD00323400049321DAD65F562F406FF387
0EDE72161BD48281460FDE5816E7BC957FFF91E6B4F9AFAD00223300049321DAD65F562F406FF388
0EDE7F161BDC8281550FDE5716E7B2957FFF91D6B5F9AFAD00223300049421DAD65F562F406FF389
0EDE89161BE28281460FDE6016E7A1958FFF91D6B5F9AFAD00223200049421DAD65F562F4070038A
0EDE9D161BE482814A0FDE5116E78D958FFF91D6B5F9AFAD00323200049421DAD65F562F406FF38B
0EDEA0161BE182814E0FDE2D16E788959FFF91D6B5F9AFAD0D423100049321DAD65F562F406FF38C
0EDEA5161BDF8281460FDE1216E782959FFF91C6B5F9AFAD5FB23100049321DAD65F562F406FF38D
0EDEA0161BDE82814E0FDDFE16E778959FFF91C6B5F9AFAD87023100049321DAD65F562F406FF38E
0EDEA5161BDF82814E0FDDC116E77895AFFF91B6B5F9AFAD8AB23100049321DAD65F562F406FF38F
0EDEAB161BDF8281460FDD6A16E77795AFFF91B6B5F9AFAD87323100049421DAD65F562F406FF390
0EDEAE161BDF8281460FDD2C16E77E95BFFF91B6B5F9AFAD85923100049321DAD65F562F406FF391
0EDEB2161BE28281460FDCEF16E76995BFFF91A6B5F9AFAD85723100049421DAD65F562F406FF392
0EDEAE161BE08281460FDCC416E77295BFFF91A6B5F9AFAD85923100049321DAD65F562F406FF393
0EDE97161BE282814E0FDCAA16E76995BFFF91A6B5F9AFAD85A23100049421DAD65F562F406FF394
0EDEA0161BE48281460FDC9516E76995BFFF9196B5F9AFAD85A23100049321DAD65F562F406FF395
0EDEAB161BEB8281460FDC6216E75995CFFF9196B5F9AFAD85A23100049321DAD65F562F406FF396
0EDEB9161BEE8281460FDC0216E75D95CFFF9196B5F9AFAD85B23300049321DAD65F562F406FF397
0EDEBB161BEB8281460FDBB116E74F95DFFF9186B5F9AFAD55B23400049421DAD65F562F406FF398
0EDEC7161BEC8281460FDB7016E75495DFFF9186B5F9AFAD0F023400049421DAD65F562F406FF399
0EDEC9161BEA8281460FDB3A16E74995DFFF9176B5F9AFAD00023300049421DAD65F562F406FF39A
0EDEC9161BF08281460FDB1616E74995DFFF9176B5F9AFAD00023200049421DAD65F562F406FF39B
0EDEC3161BF382813F0FDB0E16E74995DFFF9176B5F9AFAD00023200049421DAD65F562E416FF39C
0EDEC2161BF38281460FDAF516E74995EFFF9176B5F9BFAC00523200049521DAD65F562E406FF39D
0EDEC6161BF08281430FDABB16E74995DFFF9166B5F9BFAC00423200049421DAD65F562E4070039E
0EDED1161BF88281460FDA7716E74995DFFF9166B5F9BFAC00323100049421DAD65F562E406FF39F
0EDEE1161BFC8281460FDA4816E75395EFFF9166B5F9BFAC00223100049321DAD65F562E406FF3A0
0EDEE2161BFA8281460FDA2B16E74995EFFF9166B5F9BFAC00223200049321DAD65F562E406FF3A1
0EDED6161C038281460FDA0E16E75495EFFF9166B5F9BFAC00223300049421DAD65F562E406FF3A2
0EDED3161C0082813F0FD9EE16E75995EFFF9166B5F9BFAC00323200049421DAD65F562E406FF3A3
0EDED8161BFA8281460FD9B416E75895FFFF9166B5F9BFAC09223300049421DAD65F562E406FF3A4
0EDED3161BF08281460FD97716E75E95FFFF9166B5F9BFAC5A723300049421DAD65F562E406FF3A5
0EDEC9161BE78281460FD94016E75495FFFF9156B5F9BFAC84B23300049421DAD65F562E406FF3A6
0EDED4161BDD82813F0FD92B16E75895FFFF9156B5F9BFAC89923200049421DAD65F562E407003A7
0EDEE1161BCB8281460FD92016E74995FFFF9156B5F9BFAC86223100049421DAD65F562E406FF3A8
0EDEA8161BBF8281460FD91516E74F95FFFF9166B5F9BFAC84623100049421DAD65F562E406FF3A9
0EDE45161B8E8281460FD90E16E74395FFFF9156B5F9BFAC84323100049521DAD65F562E406FF3AA
0EDDBE161B4382813F0FD8F516E73A95FFFF9156B5F9BFAC84523100049521DAD65F562E406FF3AB
0EDD40161AE482814E0FD8E316E72F95FFFF9156B5F9BFAC84623100049421DAD65F562E407003AC
0EDC8B161A968281460FD8D716E72595FFFF9156B5F9BFAC84623100049421DAD65F562E407003AD
0EDC15161A6E82813F0FD8C616E71A95FFFF9156B5F9BFAC84623500049421DAD65F562E406FF3AE
0EDBDC161A648281460FD8BF16E70B960FFF9156B5F9BFAC84723700049421DAD65F562E406FF3AF
0EDBC7161A5A82813F0FD8B716E705960FFF9156B5F9BFAC5C923700049421DAD65F562E406FF3B0
0EDBC5161A5A82814A0FD8A916E6F0960FFF9156B5F9BFAC12B23500049421DAD65F562E406FF3B1
0EDBDF161A598281460FD88C16E6E1960FFF9156B5F9BFAC00023400049421DAD65F562E406FF3B2
0EDBF4161A558281460FD87616E6DC960FFF9156B5F9BFAC00023300049421DAD65F562E406FF3B3
0EDBE9161A5A8281460FD86416E6D1960FFF9156B5F9BFAC00023300049421DAD65F562E406FF3B4
0EDBFB161A5F8281460FD85A16E6C7960FFF9156B5F9AFAC00523300049421DAD65F562E406FF3B5
0EDC01161A688281460FD85216E6B7960FFF9156B5F9AFAC00523200049421DAD65F562E406FF3B6
0EDC08161A6982814E0FD85616E6AD961FFF9156B5F9AFAC00223200049421DAD65F562E406FF3B7
0EDC19161A758281460FD85616E6A2961FFF9156B5F9AFAC00123200049421DAD65F562E406FF3B8
0EDC2A161A818281460FD85216E68D961FFF9156B5F9AFAC00123200049421DAD65F562E406FF3B9
0EDC45161A938281460FD84B16E683961FFF9156B5F9AFAC00223300049421DAD65F562E406FF3BA
0EDC6A161AA38281460FD83D16E669961FFF9156B5F9AFAC00323300049421DAD65F562E406FF3BB
0EDCA7161AB08281460FD83216E664961FFF9156B5F9AFAC0BD23300049321DAD65F562E406FF3BC
0EDCC5161AB98281460FD82716E654961FFF9156B5F9AFAC3F723500049421DAD65F562E406FF3BD
0EDCDE161AC782814E0FD81516E63F961FFF9156B5F9AFAC55C23600049421DAD65F562E406FF3BE
0EDCF7161AD28281460FD80E16E62A961FFF9156B5F9AFAC57423500049421DAD65F562E406FF3BF
0EDCF2161AC88281460FD80016E620961FFF9156B5F9AFAC55125F00049421DAD65F562E406FF3C0
0EDCD6161AC182814E0FD7F116E606962FFF9156B5F9AFAC54328F00049421DAD65F562E407003C1
0EDCBF161ABD8281460FD7F116E5F1962FFF9156B5F9AFAC54128C00049421DAD65F562E406FF3C2
0EDCB1161ABE8281300FD7E616E5E1962FFF9156B5F9AFAC54327400049421DAD65F562E407003C3
0EDCB2161AB98281610FD7E316E5D8962FFF9156B5F9AFAC54425F00049321DAD65F562E406FF3C4
0EDCB4161ABF82814E0FD7E316E5BD962FFF9156B5F9AFAC54425200049421DAD65F562E406FF3C5
0EDCBF161AC58281460FD7D816E5B8962FFF9156B4F9AFAC54324900049321DAD65F562E406FF3C6
0EDCE7161AC682814E0FD7D116E5A8963FFF9156B5F9AFAC54424200049321DAD65F562E406FF3C7
0EDD08161AD582814E0FD7C616E599963FFF9156B5F9AFAC34323D00049321DAD65F562E406FF3C8
0EDD06161ADD8281460FD7B016E593963FFF9156B5F9AFAC08A23900049321DAD65F562E406FF3C9
0EDCF7161AD282814E0FD79B16E589963FFF9156B5F9AFAC00023800049321DAD65F562E406FF3CA
0EDCEF161ABC82814E0FD78516E583963FFF9166B5F9AFAC00023600049321DAD65F562E406FF3CB
0EDCE0161AB382814E0FD76F16E57F964FFF9166B5F9AFAC00023400049321DAD65F562E406FF3CC
0EDCDA161A9F82814E0FD74B16E56F963FFF9166B5F9AFAC00423300049321DAD65F562E407003CD
0EDCB1161A0B82814E0FD72B16E569964FFF9166B5F9AFAC00323200049421DAD65F562E406FF3CE
0EDC481610B782814E0FD70A16E569964FFF9176B5F9AFAC00323200049321DAD65F562E406FF3CF
0EDC3016154982814E0FD6D416E555964FFF9176B5F9AFAC00223100049321DAD65F562E406FF3D0
0EDC081618DF82814E0FD6A716E54B964FFF9176B5F9AFAC00223200049321DAD65F562E406FF3D1
0EDB8B1619668281550FD68C16E54A964FFF9186B5F9AFAC00223100049321DAD65F562E407003D2
0EDB2816198882814E0FD68116E540965FFF9186B5F9AFAC00223200049221DAD65F562E406FF3D3
0EDB121619A18281550FD68116E530965FFF9196B5F9AFAC0A423100049321DAD65F562E406FF3D4
0EDB4A1619CC8281550FD68116E52C965FFF9196B5F9AFAC5FF23100049321DAD65F562E406FF3D5
0EDBAA161A038281520FD68516E520965FFF9196B4F9AFAC8BE23000049321DAD65F562E406FF3D6
0EDBE6161A348281550FD68516E51B965FFF9196B5F9AFAC90C22F00049321DAD65F562E406FF3D7
0EDC0B161A468281550FD68516E520966FFF91A6B5F9AFAC8D222F00049321DAD65F562E406FF3D8
0EDC1C161A4B82815C0FD67A16E520966FFF91A6B4F9AFAC8B522F00049321DAD65F562E406FF3D9
0EDC1C161A4D8281550FD67316E51D966FFF91B6B5F9AFAC8B122F00049321DAD65F562E407003DA
0EDC15161A358281550FD67716E520966FFF91B6B5F9AFAC8B422F00049321DAD65F562E406FF3DB
0EDC0F1619F682815C0FD67716E516967FFF91B6B5F9AFAC8B523000049221DAD65F562E406FF3DC
0EDBE31619D882815C0FD66C16E511967FFF91C6B5F9AFAC8B523100049321DAD65F562E406FF3DD
0EDBC51619D782815C0FD62B16E511967FFF91D6B5F9AFAC8B523100049321DAD65F562E407003DE
0EDB9F1619BD82815C0FD59716E512967FFF91D6B5F9AFAC8B523100049321DAD65F562E406FF3DF
0EDB7416195882815C0FD53516E511967FFF91E6B5F9AFAC5BE23300049321DAD65F562E406FF3E0
0EDAF51618AA8281640FD4A616E511967FFF91E6B5F9AFAC10E23200049221DAD65F562E406FF3E1
0EDA7016180D82815C0FD40116E50C967FFF91F6B5F9AFAC00023100049321DAD65F562E406FF3E2
0ED8F616176482815C0FD37B16E512967FFF91F6B4F9AFAC00023000049321DAD65F562E406FF3E3
0ED7A01616C88281640FD30116E516967FFF9206B5F9AFAC00023000049221DAD65F562F416FF3E4
0ED6F31616608281640FD2C016E506968FFF9216B5F9AFAC00523000049221DAD65F562F407003E5
0ED6571616328281640FD2B416E511968FFF9216B5F9AFAC00522F00049321DAD65F562F407003E6
0ED5D01616048281680FD2AE16E50C968FFF9226B5F9AFAC00322F00049321DAD65F562F406FF3E7
0ED5611615E38281640FD29916E512969FFF9236B5F9AFAC00222F00049221DAD65F562F407003E8
0ED4F81615C08281640FD27C16E50C968FFF9236B5F9AFAC00123000049221DAD65F562F406FF3E9
0ED4C41615A182816B0FD23D16E511969FFF9246B5F9AFAC00223500049221DAD65F562F406FF3EA
0ED48C16158A82816B0FD20516E511969FFF9246B5F9AFAC00323800049221DAD65F562F406FF3EB
0ED4631615738281640FD1D316E511969FFF9256B5F9AFAC04F23700049221DAD65F562F406FF3EC
0ED42616155D82816B0FD1A416E512969FFF9256B5F9AFAC55B23500049221DAD65F562F406FF3ED
0ED3FE16153A82816B0FD16B16E511969FFF9266B5F9AFAC84F23300049221DAD65F562F406FF3EE
0ED3CB16150682816B0FD14B16E50C969FFF9276B5F9AFAC8B923100049221DAD65F562F407003EF
0ED39F1614E182816B0FD13116E511969FFF9276B5F9AFAC88323000049221DAD65F562F406FF3F0
0ED3771614C882816B0FD11C16E50D96AFFF9286B5F9AFAC86322F00049221DAD65F562F406FF3F1
0ED3481614C48281730FD11516E516969FFF9286B5F9AFAC85F23000049221DAD65F562F406FF3F2
0ED31C1614C382816B0FD11116E50C96AFFF9286B5F9AFAC86123100049221DAD65F562F406FF3F3
0ED30B1614CF82816B0FD11116E51196AFFF9296B4F9AFAC86223100049221DAD65F562F406FF3F4
0ED30E1614D98281730FD11516E50C96AFFF9296B5F9AFAC86223100049221DAD65F562F407003F5
0ED30B1614D68281730FD11816E50896AFFF9296B5F9AFAC86223100049221DAD65F562F407003F6
0ED2FE1614D982816B0FD11816E50696AFFF9296B5F9AFAC86323000049221DAD65F562F406FF3F7
0ED2F61614DA8281770FD11816E50696AFFF9296B5F9AFAC54F23100049121DAD65F562F406FF3F8
0ED2F31614E982816B0FD11816E50196AFFF9296B5F9AFAC0E923100049221DAD65F562F406FF3F9
0ED3181615088281730FD11816E50196BFFF9296B5F9AFAC00023100049121DAD65F562F407003FA
0ED3481615158281730FD11F16E4FE96BFFF9296B5F9AFAC00023100049121DAD65F562F406FF3FB
0ED34E1615138281730FD12E16E4FC96BFFF9296B5F9AFAC00023100049221DAD65F562F406FF3FC
0ED3481615068281730FD14016E4F796BFFF9296B5F99FAC00523800049221DAD65F562F406FF3FD
0ED3261614FC8281730FD15916E4E796BFFF9296B5F96FAD00523F00049221DAD65F562F406FF3FE
0ED3131614F58281730FD16F16E4E796BFFF9296B5F95FAD00324000049121DAD65F562F406FF3FF
0ED30B1614E98281730FD17D16E4F396BFFF9296B5F95FAD00223B00049221DAD65F562F406FF300
0ED3071614E48281730FD19216E4EC96BFFF9296B5F95FAD00123700049121DAD65F562F406FF301
0ED30E1614E48281730FD19A16E4FC96CFFF9296B5F95FAD00223400049121DAD65F562F406FF302
0ED3121614E782817A0FD1A516E50196CFFF9286B5F95FAD00323300049121DAD65F562F40700303
0ED31C1614ED8281730FD1B616E50696CFFF9286B5F95FAD09F23200049121DAD65F562F406FF304
0ED3261614EA8281730FD1DA16E50396DFFF9286B5F95FAD5AF23100049121DAD65F562F406FF305
0ED30C1614D78281730FD22216E50C96DFFF9276B5F95FAD84123100049121DAD65F562F406FF306
0ED2F61614CC8281730FD29716E51196DFFF9276B5F95FAD88923000049121DAD65F562F406FF307
0ED2FD1614D382816B0FD32916E51196EFFF9276B5F95FAD85322F00049121DAD65F562F40700308
0ED2D11614D88281770FD3D516E52796EFFF9276B5F95FAD83722F00049121DAD65F562F40700309
0ED2BD1614E88281730FD47716E53596EFFF9266B5F95FAD83422E00049221DAD65F562F406FF30A
0ED2E61614F282816B0FD51216E55F96FFFF9266B5F95FAD83722E00049221DAD65F562F406FF30B
0ED3151614F78281730FD5AD16E57E96FFFF9256B5F95FAD83822F00049221DAD65F562F406FF30C
0ED31C1614F28281730FD62F16E5A896FFFF9256B5F95FAD83723000049221DAD65F562F4070030D
0ED3041614EE82816B0FD6A216E5C396FFFF9256B5F95FAD83722F00049221DAD65F562F406FF30E
0ED30C1614F28281730FD71516E5E1970FFF9246B5F95FAD83822F00049121DAD65F562F4070030F
0ED30B1614FA8281730FD78716E5FB971FFF9246B5F95FAD57522F00049121DAD65F562F406FF310
0ED3041614F382816B0FD80016E601971FFF9236B5F95FAD10422E00049121DAD65F562F40700311
0ED30B1614EA82816B0FD87A16E620972FFF9236B5F95FAD00022E00049221DAD65F562F406FF312
0ED3151614F482816B0FD8F816E62A972FFF9236B5F95FAD00022E00049221DAD65F562F406FF313
0ED33016154782816B0FD97716E63F973FFF9226B5F95FAD00022F00049121DAD65F562F406FF314
0ED3A91615CD82816B0FD9F516E64A973FFF9226B5F95FAD00523400049221DAD65F562F40700315
0ED4C416162C82816B0FDA7A16E64A974FFF9216B5F96FAD00423700049221DAD65F562F40700316
0ED51D16166B82816B0FDB0416E644974FFF9216B4F96FAD00323500049221DAD65F562F40700317
0ED5AE1616CF8281640FDBA316E63F975FFF9206B5F96FAD00223300049221DAD65F562F406FF318
0ED67316170E82815C0FDC3E16E63A976FFF9206B5F96FAD00123200049221DAD65F562F40700319
0ED6A11616F18281770FDCD616E63A976FFF9206B5F96FAD00223100049221DAD65F562F406FF31A
0ED6941616A28281640FDD7416E63F977FFF91F6B5F96FAD00323100049221DAD65F562F406FF31B
0ED59E1616158281640FDE1016E63A978FFF91F6B5F96FAD0DB23200049221DAD65F562F406FF31C
0ED4A71615A08281640FDE9D16E640979FFF91F6B5F96FAD5DA23200049221DAD65F562F406FF31D
0ED4311615548281640FDEF816E63F979FFF91E6B5F96FAD83123200049221DAD65F562F4070031E
0ED40816151B82815C0FDF5216E63F97AFFF91E6B5F96FAD86623000049221DAD65F562F4070031F
0ED3AD1614F58281640FDFC916E64497BFFF91D6B5F96FAD83122F00049221DAD65F562F40700320
0ED35F1614EA82815C0FE04C16E64097BFFF91D6B5F96FAD81722F00049321DAD65F562F40700321
0ED3411614F48281640FE0D716E63597CFFF91D6B5F96FAD81522F00049221DAD65F562F406FF322
0ED34B16153B82815C0FE15816E64497DFFF91D6B5F96FAD81722F00049321DAD65F562F406FF323
0ED4601615BD82815C0FE1C516E63F97EFFF91C6B5F96FAD81923000049321DAD65F562F406FF324
0ED4D416160082815C0FE22A16E64097EFFF91C6B5F96FAD81922F00049221DAD65F562F406FF325
0ED4CC1615D882815C0FE28316E64A97FFFF91C6B5F96FAD81922F00049321DAD65F562F40700326
0ED43B16159D8281550FE2C916E644980FFF91B6B5F96FAD81922F00049221DAD65F562F406FF327
0ED4671615D782815C0FE31516E644981FFF91B6B5F96FAD5D722F00049221DAD65F562F406FF328
0ED56416166E8281550FE34D16E64A981FFF91B6B5F96FAD13E23000049321DAD65F562F40700329
0ED67C1617018281550FE38216E64A982FFF91B6B5F96FAD00023000049321DAD65F562F4070032A
0ED75F16174D8281590FE3A016E644983FFF91B6B5F96FAD00022F00049221DAD65F562F406FF32B
0ED79916173A8281550FE3C016E64A984FFF91B6B5F96FAD00022E00049321DAD65F562F4070032C
0ED71D1616EB8281550FE3D616E645985FFF91B6B5F96FAD00522E00049321DAD65F562F406FF32D
0ED6211616B182814E0FE3F316E64F985FFF91B6B5F97FAE00522D00049321DAD65F562F406FF32E
0ED6251616C48281550FE38016E64A985FFF91B6B5F97FAF00222D00049321DAD65F562F406FF32F
0ED6B31617198281550FE23C16E64A986FFF91B6B5F97FAF00122D00049321DAD65F562F40700330
0ED71316176882814E0FE0DB16E654987FFF91A6B5F97FAF00222D00049321DAD65F562F406FF331
0ED7551617AA8281550FDFD116E654988FFF91A6B5F97FAF00222D00049321DAD65F562F40700332
0ED7D61617F382814E0FDF2316E659989FFF91A6B5F97FAF00322E00049321DAD65F562F406FF333
0ED83716181882814E0FDEA616E65A989FFF91A6B5F97FAF0D322F00049321DAD65F562F40700334
0ED86116183682814E0FDE5116E65998AFFF91A6B5F97FAF40D22F00049321DAD65F562F406FF335
0ED89316185482814E0FDE4A16E65998BFFF91A6B5F97FAF56522F00049421DAD65F562F40700336
0ED8DC16187D82814E0FDDD616E64F98CFFF91A6B5F97FAF57922F00049321DAD65F562F40700337
0ED9331618A782814E0FDD0F16E65498CFFF91A6B5F97FAF55622F00049421DAD65F562F406FF338
0ED9761618B88281460FDC8E16E65498DFFF9196B5F97FAF54722F00049321DAD65F562F406FF339
0ED9AD1618CE82814E0FDC4516E64F98DFFF91A6B5F97FAF54722E00049321DAD65F562F4070033A
0ED9E61618F682814E0FDC2516E64F98DFFF9196B5F97FAF54822E00049321DAD65F562F406FF33B
0EDA3416191C8281460FDC3E16E64A98EFFF9196B5F97FAF54922D00049321DAD65F562F406FF33C
0EDA631619288281370FDC6916E64498FFFF9196B5F97FAF54922D00049421DAD65F562F4070033D
0EDA4F1619178281610FDC8716E64498FFFF9196B5F97FAF54922D00049321DAD65F562F406FF33E
0EDA2D1618FA8281460FDC9116E63A990FFF9196B5F97FAF54922D00049421DAD65F562F406FF33F
0EDA201618FD8281460FDC8D16E635990FFF9196B5F97FAF89322D00049421DAD65F562F406FF340
0EDA3A16191482814E0FDC8A16E630991FFF9196B5F97FAFE7A22D00049421DAD65F562F406FF341
0EDA531619358281460FDC5716E625992FFF9196B5F97FAFFFF22D00049421DAD65F562F40700342
0EDA5C16193B8281460FDBB516E61B992FFF9196B5F97FAFFFF22D00049421DAD65F562F406FF343
0EDA4C16193682814E0FDAE616E60C993FFF9196B5F97FAFFFF22D00049421DAD65F562F40700344
0EDA5C1619478281460FDA3616E601993FFF9196B5F97FAFFEB22C00049421DAD65F562F406FF345
0EDAAB1619678281460FD9B816E5F1994FFF9196B5F98FAFFEB22B00049321DAD65F562F40700346
0EDAE816198A8281460FD95A16E5E7994FFF9186B5F99FAEFEE22B00049321DAD65F562F406FF347
0EDB521619A78281460FD91916E5D8995FFF9186B5F99FAEFEF22A00049421DAD65F562F40700348
0EDBA21619B082814E0FD8DF16E5C7995FFF9186B5F99FAEFEF22B00049421DAD65F562F406FF349
0EDBA01619B18281460FD8AD16E5BD995FFF9186B5F99FAEFEF22C00049421DAD65F562F406FF34A
0EDB9B1619B88281460FD87A16E5A8996FFF9186B5F99FAEFEF22D00049421DAD65F562F4070034B
0EDB951619C08281460FD85616E5A4996FFF9186B5F99FAEF4E22D00049421DAD65F562F406FF34C
0EDB911619C18281460FD82B16E593997FFF9186B5F99FAEA5922E00049421DAD65F562F4070034D
0EDB5F1619B98281460FD7E616E583997FFF9186B5F99FAE7DA22F00049521DAD65F562F406FF34E
0EDB141619A982814E0FD78C16E57E998FFF9196B5F99FAE79622F00049421DAD65F562F406FF34F
0EDAEA16199F82814A0FD72716E56B998FFF9196B5F99FAE7CB22E00049421DAD65F562F406FF350
0EDADA16199A8281460FD6BB16E55F999FFF9196B5F99FAE7E622D00049421DAD65F562F40700351
0EDACF16198982814E0FD65A16E54A999FFF9196B5F99FAE7E922E00049421DAD65F562F406FF352
0EDAD316197A8281460FD5EA16E535999FFF9196B5F99FAE7E722D00049421DAD65F562F40700353
0EDAC116196A82814E0FD57B16E52099AFFF9196B5F99FAE7E622D00049321DAD65F562F40700354
0EDA891619578281460FD52716E51899BFFF9196B5F99FAE7E522D00049421DAD65F562F406FF355
0EDA6A16194382814E0FD4E716E50699AFFF91A6B5F99FAE7E522E00049421DAD65F562F406FF356
0EDA4816192C82814E0FD4BC16E4FC99BFFF91A6B5F99FAE7E622E00049421DAD65F562F406FF357
0EDA2D1619128281460FD48916E4F199CFFF91A6B5F99FAE54022D00049421DAD65F562F406FF358
0EDA1C1618F182814E0FD42C16E4E299BFFF91A6B5F99FAE0FA22D00049421DAD65F562F406FF359
0EDA201618DE82814E0FD3C316E4DE99CFFF91A6B5F99FAE00022D00049421DAD65F562F4070035A
0EDA1C1618CB82814E0FD37B16E4D299CFFF91A6B5F99FAE00022F00049421DAD65F562F4070035B
0ED9C81618A082814E0FD34916E4CD99CFFF91B6B5F99FAE00023100049521DAD65F562F406FF35C
0ED92216184482814E0FD32C16E4CD99DFFF91B6B5F99FAE00523100049421DAD65F562F406FF35D
0ED82A1617C48281550FD31316E4CD99DFFF91B6B5F99FAE00523000049421DAD65F562F406FF35E
0ED75C16175B82814E0FD2EC16E4CA99DFFF91B6B5F9AFAE00323000049421DAD65F562F406FF35F
0ED6EC16172B8281550FD2AB16E4D299DFFF91B6B5F9AFAE00222F00049421DAD65F562F406FF360
0ED6AE16171D82814E0FD25616E4DD99EFFF91C6B5F9AFAE00222D00049321DAD65F562F406FF361
0ED6C016172C82813F0FD21016E4E799EFFF91C6B5F9AFAE00222D00049421DAD65F562F40700362
0ED6CE1617418281610FD1D316E4E499EFFF91C6B5F9AFAE00322C00049421DAD65F562F406FF363
0ED6E91617528281550FD1A116E4F199EFFF91C6B5F9AFAE0BC22D00049421DAD65F562F406FF364
0ED70916175E8281550FD18116E4F799FFFF91C6B5F9AFAE5B222F00049421DAD65F562F406FF365
0ED72616176B8281550FD17216E4F799FFFF91C6B5F9AFAE81C22F00049521DAD65F562F406FF366
0ED73A1617658281550FD16716E50699FFFF91C6B5F9AFAE85922F00049421DAD65F562F406FF367
0ED7341617518281550FD16016E50399FFFF91C6B5F9AFAE82423000049421DAD65F562F40700368
0ED72616173D8281550FD15516E50699FFFF91C6B5F9AFAE80A23000049421DAD65F562F40700369
0ED70E1617298281550FD14B16E50199FFFF91C6B5F9AFAE80722F00049421DAD65F562F406FF36A
0ED6D11617248281550FD14316E4F799FFFF91C6B5F9AFAE80A22E00049321DAD65F562F4070036B
0ED6BB16172B82815C0FD13916E50C99FFFF91C6B5F9AFAE80B22E00049421DAD65F562F406FF36C
0ED6C416170982815C0FD13516E4FE99FFFF91C6B5F9AFAE80B22D00049421DAD65F562F4070036D
0ED6681616BB8281550FD12A16E4FC99FFFF91D6B5F9AFAE80B22D00049421DAD65F562F406FF36E
0ED5DA16167A8281550FD12716E4FC99FFFF91C6B5F9AFAE80B22D00049321DAD65F562F406FF36F
0ED56716165B82815C0FD11F16E4F199FFFF91D6B5F9AFAE55822E00049321DAD65F562F40700370
0ED54616164882815C0FD10A16E4F199FFFF91D6B5F9AFAE0FF22D00049321DAD65F562F40700371
0ED54C16163182815C0FD0EA16E4E499FFFF91D6B5F9AFAE00022D00049321DAD65F562F406FF372
0ED55716161D82815C0FD0CC16E4E799EFFF91D6B5F9AFAE00023000049321DAD65F562F406FF373
0ED5401615FC82813F0FD0B716E4D799EFFF91D6B5F9AFAE00023500049321DAD65F562F40700374
0ED5161615DE8281770FD0A516E4D299EFFF91D6B5F9AFAE00523600049321DAD65F562F406FF375
0ED4B81615BF82815C0FD0A116E4CD99EFFF91D6B5F9AFAE00523500049321DAD65F562F406FF376
0ED4821615BD82815C0FD09E16E4BF99EFFF91D6B5F97FAD00323400049321DAD65F562F40700377
0ED4631615B782815C0FD09716E4B899DFFF91D6B5F95FAD00223300049321DAD65F562F406FF378
0ED43D1615B58281640FD0A116E4A899DFFF91D6B5F95FAD00223200049221DAD65F562F40700379
0ED4231615BB82815C0FD0A216E4A899EFFF91D6B5F95FAD00223100049321DAD65F562F406FF37A
0ED42D1615D982815C0FD0A216E4A399DFFF91D6B5F95FAD00323100049221DAD65F562F406FF37B
0ED4B81615FF8281640FD0A516E49B99DFFF91D6B5F95FAD0AF23100049221DAD65F562F406FF37C
0ED50516161982815C0FD0A816E49999DFFF91E6B5F95FAD57C23000049221DAD65F562F406FF37D
0ED51B16162782815C0FD0A916E48999DFFF91E6B5F95FAD7D722F00049221DAD65F562F406FF37E
0ED4FB1616248281640FD0AD16E48E99DFFF91E6B5F95FAD81422F00049221DAD65F562F4070037F
0ED4AA16161982815C0FD0A816E49999DFFF91E6B5F95FAD7E022F00049221DAD65F562F406FF380
0ED4881615FA8281640FD0A916E48B99DFFF91E6B5F95FAD7C722F00049221DAD65F562F40700381
0ED4521615CC8281640FD0B416E48E99CFFF91E6B5F95FAD7C423000049221DAD65F562F40700382
0ED41516159C82815C0FD0B716E48E99CFFF91E6B5F95FAD7C723200049221DAD65F562F40700383
0ED3F71615848281640FD0B716E49499BFFF91E6B5F95FAD7C723300049321DAD65F562F40700384
0ED41216158682815C0FD0BB16E49499BFFF91E6B5F95FAD7C723300049221DAD65F562F406FF385
0ED4371615958281680FD0B716E49499CFFF91E6B5F95FAD7C723300049221DAD65F562F406FF386
0ED44C16159982815C0FD0B416E49699BFFF91E6B5F95FAD7C723300049221DAD65F562F40700387
0ED43E1615968281640FD0B416E49999AFFF91E6B5F95FAD54923200049121DAD65F562F406FF388
0ED4371615978281640FD0B416E48E99AFFF91E6B5F95FAD10523100049121DAD65F562F40700389
0ED44516159282815C0FD0B316E49499AFFF91E6B5F95FAD00023100049221DAD65F562F4070038A
0ED4601615968281640FD0B716E494999FFF91E6B5F95FAD00023000049121DAD65F562F406FF38B
0ED48216159F8281640FD0B716E48B999FFF91E6B5F95FAD00022F00049121DAD65F562F4070038C
0ED4AE1615B282815C0FD0B316E48999AFFF91E6B5F95FAD00522F00049221DAD65F562F4070038D
0ED4C71615BA8281640FD0B016E484999FFF91E6B5F95FAD00422E00049121DAD65F562F406FF38E
0ED4E71615B58281640FD0AD16E46F999FFF91E6B5F95FAD00322F00049121DAD65F562F406FF38F
0ED4F11615A782815C0FD0A416E465999FFF91E6B5F95FAC00222F00049221DAD65F562F406FF390
0ED4EA1615998281640FD0A216E452999FFF91E6B5F95FAC00222F00049121DAD65F562F406FF391
0ED4E016159782815C0FD09E16E445999FFF91E6B5F95FAC00222F00049221DAD65F562F40700392
0ED4D816159F8281640FD09D16E431998FFF91E6B5F95FAC00322E00049221DAD65F562F406FF393
0ED49D1615A08281640FD09716E421998FFF91E6B5F95FAC0AD22D00049221DAD65F562F40700394
0ED44C16159682815C0FD0A216E411998FFF91E6B5F95FAC5CB22D00049121DAD65F562F40700395
0ED40B16158A8281640FD0A916E3FC997FFF91E6B5F95FAC85B22D00049121DAD65F562F40700396
0ED3F71615938281610FD0B716E3F5997FFF91E6B5F95FAC8A022D00049221DAD65F562F40700397
0ED41916159D82815C0FD0CD16E3F7997FFF91D6B5F95FAC86922E00049221DAD65F562F406FF398
0ED4411615AC8281640FD0F816E3F2997FFF91D6B5F95FAC84D22E00049221DAD65F562F40700399
0ED44C1615AA82815C0FD13916E3F2997FFF91D6B5F95FAC84A22D00049121DAD65F562F406FF39A
0ED4591615A882815C0FD19616E3F7997FFF91D6B5F95FAC84D22E00049121DAD65F562F4070039B
0ED4631615A88281640FD21016E407997FFF91D6B5F95FAC84E22D00049121DAD65F562F4070039C
0ED4561615A182815C0FD29C16E40A997FFF91D6B5F95FAC84E22D00049221DAD65F562F4070039D
0ED43E16159A82815C0FD33316E41C997FFF91D6B5F95FAC84E22D00049221DAD65F562F4070039E
0ED43D16159282815C0FD3C716E426997FFF91D6B5F95FAC84E22C00049121DAD65F562F4070039F
0ED43116158B8281640FD45016E43B997FFF91D6B5F95FAC5F322C00049121DAD65F562F407003A0
0ED42A16158782815C0FD4D516E450997FFF91D6B5F95FAC14122C00049221DAD65F562F407003A1
0ED40516157A82815C0FD54C16E465997FFF91D6B5F95FAC00022C00049221DAD65F562F407003A2
0ED3FE16158482815C0FD5A616E46C997FFF91D6B5F95FAC00022C00049221DAD65F562F407003A3
0ED44E1615B082815C0FD5FC16E484997FFF91C6B5F95FAC00022C00049121DAD65F562F407003A4
0ED49D1615D582815C0FD64416E49E997FFF91C6B5F95FAC00522B00049021DAD65F562F407003A5
0ED4BE1615E78281550FD68916E4A3997FFF91C6B5F95FAC00522B00049121DAD65F562F407003A6
0ED4CF1615EC82815C0FD6D116E4AE997FFF91C6B5F95FAD00222C00049121DAD65F562F407003A7
0ED4C51615E482815C0FD71716E4BA997FFF91C6B5F93FAD00122C00049121DAD65F562F406FF3A8
0ED4CA1615DB8281590FD76416E4B8998FFF91C6B5F93FAD00222C00049121DAD65F562F407003A9
0ED4CC1615CE82815C0FD7A516E4B8998FFF91B6B5F93FAD00222C00049121DAD65F562F407003AA
0ED4B81615DB8281550FD7F116E4CD998FFF91B6B5F93FAD00322C00049121DAD65F562F407003AB
0ED4D91615F582815C0FD84416E4C8998FFF91B6B5F93FAD0DB22C00049121DAD65F562F407003AC
0ED4F116161482815C0FD89B16E4D4998FFF91B6B5F93FAD41022D00049121DAD65F562F406FF3AD
0ED50D16162E8281550FD8F416E4D2999FFF91B6B5F93FAD56222D00049121DAD65F562F407003AE
0ED53816163B82815C0FD96116E4D7999FFF91B6B5F93FAD57522D00049121DAD65F562F407003AF
0ED55D1616318281550FD9E616E4E2999FFF91B6B5F93FAD55222D00049121DAD65F562F407003B0
0ED55D1616358281550FDA7316E4E799AFFF91B6B5F93FAD54422D00049121DAD65F562F406FF3B1
0ED57516164982815C0FDB0B16E4F3999FFF91B6B5F93FAD54322F00049121DAD65F562F407003B2
0ED5D41616678281550FDBA616E4F7999FFF91B6B5F93FAD54523000049121DAD65F562F407003B3
0ED6321616778281550FDC3E16E4FC99AFFF91B6B5F93FAD54523000049121DAD65F562F407003B4
0ED6511616798281550FDCD616E50699AFFF91B6B5F93FAD54523000049121DAD65F562F407003B5
0ED6801616798281550FDD6216E50699AFFF91B6B5F93FAD54522F00049121DAD65F562F406FF3B6
0ED68916168B82815C0FDDEC16E50899AFFF91B6B5F93FAD54522F00049121DAD65F562F406FF3B7
0ED67916169A8281550FDE6716E51199AFFF91B6B5F93FAD3E322F00049121DAD65F562F407003B8
0ED62516168B8281550FDEDE16E51699BFFF91B6B5F93FAD0DC22F00049121DAD65F562F406FF3B9
0ED5E81616698281550FDF4F16E51B99CFFF91C6B5F93FAD00023000049121DAD65F562F407003BA
0ED5C61616528281590FDFB016E51899BFFF91C6B5F93FAD00023100049121DAD65F562F407003BB
0ED5B216163C8281550FE00016E52099CFFF91C6B5F93FAD00023200049121DAD65F562F406FF3BC
0ED59016161E8281550FE04E16E52099CFFF91C6B5F93FAD00323500049221DAD65F562F407003BD
0ED54C1615FB8281550FE08D16E51B99CFFF91D6B5F93FAD00323700049121DAD65F562F406FF3BE
0ED4CA1615C38281550FE0CE16E52099CFFF91D6B5F93FAD00223700049221DAD65F562F407003BF
0ED43416159F8281550FE10916E51D99DFFF91D6B5F93FAE00223700049121DAD65F562F407003C0
0ED3CF1615968281550FE13B16E51B99DFFF91D6B5F93FAE00223500049221DAD65F562F407003C1
0ED3AD16159782815C0FE16716E51B99DFFF91D6B5F93FAE00223300049221DAD65F562F407003C2
0ED3F71615A88281550FE19216E51B99DFFF91E6B5F93FAE00323200049221DAD65F562F406FF3C3
0ED4881615BF8281550FE1B616E51B99DFFF91E6B5F93FAE10C23200049221DAD65F562F406FF3C4
0ED4F61615D78281550FE1D316E51899EFFF91E6B5F93FAE43623500049221DAD65F562F406FF3C5
0ED5271615E08281550FE1EC16E51699EFFF91F6B5F93FAE56C23500049221DAD65F562F406FF3C6
0ED4F51615E28281550FE20216E51199EFFF91F6B5F93FAE57623500049221DAD65F562F406FF3C7
0ED4AA1615E58281550FE21016E50699EFFF91F6B5F93FAE55423500049221DAD65F562F407003C8
0ED4AA1615E082815C0FE21816E50699EFFF91F6B5F93FAE54723500049221DAD65F562F406FF3C9
0ED4C71615E48281550FE21B16E50399EFFF9206B5F93FAE54723500049121DAD65F562F407003CA
0ED4991615E782815C0FE21816E4FC99FFFF9206B5F93FAE54923600049221DAD65F562F407003CB
0ED4881615E88281460FE20D16E4F199FFFF9206B5F93FAE54923500049221DAD65F562F407003CC
0ED4D31615EA8281680FE20916E4E799FFFF9206B5F93FAE54923500049221DAD65F562F406FF3CD
0ED4D61615FB82815C0FE1F716E4E999FFFF9206B5F93FAE54923300049221DAD65F562F407003CE
0ED4C01616008281550FE1D716E4D799FFFF9216B5F93FAE54923100049221DAD65F562F407003CF
0ED4BE1615F682815C0FE1AB16E4CD99FFFF9216B5F93FAE36823100049221DAD65F562F406FF3D0
0ED4CC1615E982815C0FE17516E4C899FFFF9216B5F93FAE09B23100049221DAD65F562F407003D1
0ED4E41615E08281550FE11A16E4B399FFFF9216B5F93FAE00023100049321DAD65F562F407003D2
0ED4BB1615DB8281640FE06B16E4AA99FFFF9216B5F93FAE00023200049221DAD65F562F407003D3
0ED4981615C882815C0FDF4B16E49E99FFFF9216B5F93FAE00023100049221DAD65F562F406FF3D4
0ED4521615B282815C0FDDF716E4949A0FFF9226B5F93FAE00423200049221DAD65F562F407003D5
0ED44C1615B182815C0FDCD216E47F9A0FFF9226B5F93FAE00323300049221DAD65F562F406FF3D6
0ED4961615AA82815C0FDBEB16E4749A0FFF9226B5F93FAE00223400049321DAD65F562F407003D7
0ED4C91615A582815C0FDB4B16E45F9A0FFF9226B5F96FA700223500049221DAD65F562F406FF3D8
0ED4CE1615858281640FDAF516E45D9A0FFF9236B5F98FA200223500049321DAD65F562F406FF3D9
0ED49916155982815C0FDABF16E4509A0FFF9236B5F98FA200223400049221DAD65F562F407003DA
0ED46D16153F8281640FDAA216E4409A0FFF9236B5F98FA200223400049321DAD65F562F407003DB
0ED45616153282815C0FDA8516E4369A1FFF9236B5F98FA20A723500049321DAD65F562F406FF3DC
0ED42D1615258281640FDA8516E4319A1FFF9236B5F98FA25B523500049221DAD65F562F407003DD
0ED4011615158281610FDA9716E4249A1FFF9236B5F98FA283F23500049221DAD65F562F407003DE
0ED3D91615158281640FDAC616E4219A1FFF9246B5F98FA288523500049221DAD65F562F406FF3DF
0ED3B41615178281640FDB0716E41C9A1FFF9246B5F98FA284F23500049221DAD65F562F407003E0
0ED39F16151A8281640FDB4416E40C9A1FFF9246B5F98FA283323500049321DAD65F562F407003E1
0ED39C1615268281640FDB4C16E4079A1FFF9246B5F98FA283123500049321DAD65F562F406FF3E2
0ED39C1615238281640FDB1616E4079A2FFF9246B5F98FA283323500049321DAD65F562F406FF3E3
0ED3A31615248281640FDAA916E3FA9A2FFF9256B5F98FA283523500049321DAD65F562F407003E4
0ED3AA16152282816B0FDA3616E3F79A2FFF9256B5F98FA283423500049321DAD65F562F407003E5
0ED3A616151A8281640FD9CA16E3F79A2FFF9256B5F98FA283423500049321DAD65F562F407003E6
0ED3951614FC8281640FD96116E3F29A2FFF9256B5F98FA283523600049221DAD65F562F406FF3E7
0ED3731614DA82816B0FD90E16E3ED9A3FFF9256B5F98FA25D823700049221DAD65F562F407003E8
0ED3581614C58281640FD8B716E3F79A3FFF9256B5F98FA213823700049321DAD65F562F406FF3E9
0ED34B1614BA82816B0FD87316E3F09A3FFF9256B5F98FA200023700049321DAD65F562F407003EA
0ED30716149C8281640FD83616E3E29A3FFF9256B5F98FA200023700049321DAD65F562F407003EB
0ED29016147E82816B0FD80716E3F29A3FFF9256B5F98FA200023700049321DAD65F562F407003EC
0ED26216146A82816B0FD7DB16E3E89A3FFF9256B5F98FA200523700049221DAD65F562F407003ED
0ED25416145C8281640FD7BB16E3E29A4FFF9256B5F98FA200523700049321DAD65F562F406FF3EE
0ED2691614508281680FD79B16E3DD9A4FFF9246B5F98FA200223600049221DAD65F562F406FF3EF
0ED25116144D82816B0FD78C16E3E29A5FFF9246B5F97FA600123600049221DAD65F562F407003F0
0ED21116144682816B0FD77A16E3DB9A5FFF9246B5F96FAB00223600049221DAD65F562F407003F1
0ED1EC16144F82816B0FD76C16E3DD9A5FFF9246B5F96FAC00223700049221DAD65F562F406FF3F2
0ED1F91614568281640FD76C16E3D89A5FFF9246B5F96FAC00323700049321DAD65F562F407003F3
0ED22216145B82816B0FD76416E3DD9A5FFF9236B5F96FAC0FF23700049321DAD65F562F407003F4
0ED24016146082816B0FD76116E3E89A6FFF9236B5F96FAC42B23A00049221DAD65F562F407003F5
0ED25416145E82816B0FD76116E3E89A6FFF9236B5F96FAC56923B00049221DAD65F562F407003F6
0ED27516146B8281640FD76116E3F59A6FFF9236B5F96FAC57423B00049321DAD65F562F406FF3F7
0ED28A16148682816B0FD76416E4079A7FFF9236B5F96FAC55223B00049221DAD65F562F407003F8
0ED2AC16149D82816B0FD76F16E4179A7FFF9226B5F96FAC54523900049221DAD65F562F406FF3F9
0ED2C01614B18281640FD76F16E4219A7FFF9226B5F96FAC54423900049221DAD65F562F407003FA
0ED2CB1614C282816B0FD77A16E4369A7FFF9226B5F96FAC54623E00049221DAD65F562F406FF3FB
0ED2D81614CD8281640FD78116E4409A7FFF9216B5F96FAC54724200049221DAD65F562F407003FC
0ED2D81614D08281640FD78C16E4389A8FFF9216B5F96FAC54624200049221DAD65F562F406FF3FD
0ED2E21614CC82816B0FD79716E4509A8FFF9216B5F96FAC54624200049221DAD65F562F407003FE
0ED2EC1614CB8281640FD7AD16E4509A9FFF9206B5F96FAC54724100049221DAD65F562F407003FF
0ED2F11614C78281680FD7D816E4559A9FFF9206B5F96FAC36523F00049221DAD65F562F40700300
0ED3041614CE8281640FD83D16E45F9A9FFF91F6B5F96FAC09923F00049221DAD65F562F40700301
0ED30B1614D08281640FD8DB16E4579AAFFF91F6B5F96FAC00024300049221DAD65F562F40700302
0ED30E1614CD8281640FD9A916E45A9AAFFF91F6B5F96FAC00024500049221DAD65F562F406FF303
0ED30E1614CB8281640FDAA616E4659AAFFF91E6B5F96FAC00024400049321DAD75F562F41700304
0ED3121614C882815C0FDBB516E46A9ABFFF91E6B5F96FAC00424100049221DAD75F562F40700305
0ED3181614D88281640FDCB916E4849ABFFF91E6B5F96FAC00323F00049221DAD75F562F40700306
0ED3271614DB8281640FDDAB16E4999ABFFF91D6B5F96FAC00323D00049221DAD75F562F40700307
0ED3301614DE82815C0FDE8716E4A59ACFFF91D6B5F96FAC00223D00049221DAD75F562F406FF308
0ED3301614DF8281640FDF7616E4B39ACFFF91C6B5F94FAC00223D00049221DAD75F562F40700309
0ED3331614DF82815C0FE08B16E4BD9ADFFF91C6B5F93FAC00223D00049321DAD75F562F4070030A
0ED33A1614EE82815C0FE1A716E4CD9ADFFF91B6B5F93FAC00223D00049221DAD75F562F406FF30B
0ED36D1615028281550FE2AF16E4DD9ADFFF91B6B5F93FAC0BB23D00049321DAD75F562F4070030C
0ED38416151682815C0FE3AE16E4E49AEFFF91B6B5F93FAC60A23D00049221DAD75F562F4070030D
0ED39F16151F82815C0FE49516E4EC9AEFFF91A6B5F93FAC8AB23D00049221DAD75F562F4070030E
0ED3A61615248281550FE56816E4F19AEFFF91A6B5F93FAC8F023C00049221DAD75F562F406FF30F
0ED39916153882815C0FE65516E4F19AEFFF9196B5F93FAC8B723C00049221DAD75F562F40700310
0ED3B416153F8281550FE77716E4F89AFFFF9196B5F93FAC89B23D00049221DAD75F562F40700311
0ED3A91615288281520FE86416E5019AFFFF9196B5F93FAC89723F00049321DAD75F562F40700312
0ED3701614FF8281550FE90A16E50C9AFFFF9186B5F93FAC89B23F00049221DAD75F562F40700313
0ED34B1614F48281550FE99116E5169B0FFF9186B5F93FAC89B23F00049221DAD75F562F40700314
0ED3601614F782814E0FE9F516E5269B0FFF9176B5F93FAC89B24000049221DAD75F562F40700315
0ED36D1614FC82814E0FEA4516E52C9B0FFF9176B5F93FAC89B23D00049221DAD75F562F40700316
0ED3701615058281550FEA8D16E5359B0FFF9176B5F93FAC89C23C00049221DAD75F562F40700317
0ED3631614F482814E0FEAF216E5409B1FFF9176B5F93FAC5EF23A00049221DAD75F562F40700318
0ED3441614E48281460FEB5716E54F9B1FFF9166B5F93FAC12C23900049221DAD75F562F40700319
0ED3041614C582814E0FEBB916E55A9B1FFF9166B5F93FAC00023700049221DAD75F562F4070031A
0ED2D81614B18281460FEC3416E56B9B1FFF9166B5F93FAC00023700049221DAD75F562F4070031B
0ED2C41614BB8281460FECB716E5799B1FFF9166B5F93FAC00023600049221DAD65F562F4170031C
0ED2CC1614BE82814E0FED5316E57E9B1FFF9166B5F93FAC00523600049221DAD65F562F406FF31D
0ED2CE1614BC82813F0FED7316E5939B1FFF9166B5F93FAC00523600049221DAD65F562F4070031E
0ED2D51614BC8281460FEB3A16E5999B1FFF9166B5F93FAC00223600049221DAD65F562F406FF31F
0ED2F61614C68281460FE9DC16E5A89B1FFF9156B5F93FAC00223600049221DAD65F562F40700320
0ED3011614D182813F0FE8EA16E5B29B1FFF9156B5F92FAC00123700049221DAD65F562F40700321
0ED3041614D582813F0FE7B316E5B89B1FFF9156B5F91FAC00223700049221DAD65F562F406FF322
0ED31F1614E38281460FE5CA16E5CD9B1FFF9156B5F91FAC00323900049221DAD65F562F40700323
0ED32D1614E98281210FE3F316E5D29B0FFF9156B5F91FAC0B123900049221DAD65F562F40700324
0ED3311614E98281590FE30716E5DC9B0FFF9156B5F91FAC3EC23A00049221DAD65F562F40700325
0ED3301614ED8281370FE2C816E5E19B0FFF9156B5F91FAC55923A00049221DAD65F562F40700326
0ED34B16150482813F0FE2B416E5F79B0FFF9156B5F91FAC57423B00049221DAD65F562F40700327
0ED35F16151482813F0FE26F16E5FB9B0FFF9156B5F91FAC55123C00049221DAD65F562F40700328
0ED3881615298281370FE20516E5FB9AFFFF9156B5F91FAC54223C00049221DAD65F562F40700329
0ED3991615338281370FE20916E6069AFFFF9146B5F91FAC54123C00049221DAD65F562F4070032A
0ED3A31615358281370FE1CF16E60C9AFFFF9146B5F91FAC54323C00049221DAD65F562F406FF32B
0ED3AA16153482813F0FE0D516E60B9AEFFF9146B5F91FAC54323B00049321DAD65F562F4070032C
0ED3AD1615408281370FDF7D16E60B9ADFFF9146B5F91FAC54323B00049221DAD65F562F4070032D
0ED3C11615528281370FDE6116E60B9ADFFF9146B5F91FAC54323A00049321DAD65F562F406FF32E
0ED3DF1615608281300FDDAB16E6069ACFFF9146B5F91FAC54323900049221DAD65F562F4070032F
0ED3F01615658281370FDD4D16E5F69ACFFF9146B5F91FAC8A923900049221DAD65F562F40700330
0ED3FB1615678281370FDD4D16E5F19ABFFF9146B5F91FACE8923A00049221DAD65F562F40700331
0ED41C16156A8281370FDDB516E5D79ABFFF9136B5F91FACFFF23B00049221DAD65F562F406FF332
0ED4261615748281370FDE3F16E5C39ABFFF9146B5F91FACFFF23B00049221DAD65F562F406FF333
0ED44F16158F8281300FDE8B16E59E9AAFFF9136B5F91FACFFF23C00049321DAD65F562F406FF334
0ED49D1615C18281370FDEB616E5749A9FFF9136B5F91FACFEE23D00049221DAD65F562F40700335
0ED5161615F68281370FDED116E5409A9FFF9136B5F91FACFEF24000049221DAD65F562F40700336
0ED57216162B8281300FDED716E5019A9FFF9136B5F91FACFF224000049321DAD65F562F40700337
0ED5BC1616498281340FDEC916E4CA9A8FFF9136B5F91FACFF223F00049321DAD65F562F40700338
0ED5F21616648281370FDEAC16E4949A7FFF9136B5F91FABFF323D00049321DAD65F562F406FF339
0ED62516166B8281370FDE8516E4659A7FFF9126B5F90FABFF323D00049221DAD65F562F406FF33A
0ED60316164F8281370FDE5C16E4369A6FFF9126B5F90FABFF223D00049221DAD65F562F4070033B
0ED5A816161A8281370FDDA716E40C9A6FFF9126B5F90FABF5023D00049221DAD65F562F4070033C
0ED5531615E88281370FDC2516E3CE9A5FFF9126B5F90FABA7323C00049221DAD65F562F4070033D
0ED5311615C08281370FDA3316E3889A5FFF9126B5F90FAB80623B00049221DAD65F562F4070033E
0ED4F516159E8281370FD8B016E3569A5FFF9126B5F90FAB7C423B00049221DAD65F562F406FF33F
0ED49516156B8281370FD73916E3369A5FFF9126B5F90FAB7F823B00049321DAD65F562F40700340
0ED42D16153E82813F0FD5CD16E3179A4FFF9126B5F90FAB81323B00049221DAD65F562F406FF341
0ED3ED16152E82813F0FD4CA16E2FD9A4FFF9126B5F90FAB81523B00049321DAD65F562F40700342
0ED3CF16152B8281370FD44516E2FD9A3FFF9126B5F90FAB81323B00049221DAD65F562F40700343
0ED3B416152482813F0FD34916E3129A3FFF9126B5F90FAB81323B00049221DAD65F562F406FF344
0ED39C16151982813F0FD26716E3259A3FFF9126B5F90FAB81223B00049221DAD65F562F40700345
0ED39216151082813F0FD1F116E33C9A2FFF9136B5F90FAB81223D00049221DAD65F562F40700346
0ED38B1615138281460FD1A816E3469A2FFF9136B5F90FAB81323F00049321DAD65F562F40700347
0ED39216151A82813F0FD15916E3569A2FFF9136B5F90FAB50323E00049221DAD65F562F40700348
0ED38B16151F82813F0FD10A16E3659A1FFF9136B5F90FAB0D523D00049221DAD65F562F40700349
0ED38416151A8281460FD0B716E3759A1FFF9136B5F90FAB00023C00049221DAD65F562F4070034A
0ED38416151A8281370FD07316E37A9A1FFF9146B5F90FAB00023B00049221DAD65F562F4070034B
0ED38E16151B8281590FD04116E3699A1FFF9146B5F90FAB00023B00049221DAD65F562F4070034C
0ED38F16151B8281460FD01F16E34B9A0FFF9156B5F90FAB00523B00049221DAD65F562F4070034D
0ED38B16151882814E0FD01916E3319A0FFF9156B5F90FAB00423B00049221DAD65F562F4070034E
0ED3811615108281460FD02016E30D99FFFF9166B5F90FAB00323C00049221DAD65F562F4070034F
0ED37A1615098281550FD00D16E2F399FFFF9166B5F90FAB00223C00049221DAD65F562F406FF350
0ED36D16150482814E0FCFFD16E2D399FFFF9176B5F90FAC00223C00049221DAD65F562F40700351
0ED37E16150982814E0FCFEB16E2BF99FFFF9176B5F8FFAE00223B00049221DAD65F562F40700352
0ED37E1615098281550FCFE516E29F99EFFF9186B5F8FFAE00223B00049221DAD65F562F40700353
0ED37716150482814E0FCFE316E28F99EFFF9186B5F8FFAE08523B00049221DAD65F562F406FF354
0ED3661614F88281550FCFD916E27699DFFF9196B5F8FFAE5B523C00049221DAD65F562F406FF355
0ED3631614EB8281550FCFDA16E27099DFFF9196B5F8FFAE87723C00049221DAD65F562F40700356
0ED3521614E582815C0FCFD916E25199DFFF91A6B5F8FFAE8CC23C00049221DAD65F562F40700357
0ED3371614DD82815C0FCFD516E24299CFFF91A6B5F8FFAE89423B00049221DAD65F562F40700358
0ED3301614E482815C0FCFCF16E23C99BFFF91B6B5F8FFAE87723B00049221DAD65F562F40700359
0ED3441614DF82815C0FCFCA16E22299AFFF91C6B5F8FFAE87323A00049221DAD65F562F4070035A
0ED3311614C082815C0FCFC716E22D99AFFF91C6B5F8FFAE87523B00049221DAD65F562F4070035B
0ED3041614AC8281640FCFC116E21899AFFF91D6B5F8FFAE87723B00049221DAD65F562F4070035C
0ED2E91614A482814E0FCFA616E21899AFFF91D6B5F8FFAE87723C00049221DAD65F562F4070035D
0ED2CB16149482816F0FCF8D16E20D999FFF91E6B5F8FFAE87723C00049221DAD65F562F4070035E
0ED2BD16148382816B0FCF6A16E208998FFF91F6B5F8FFAE87723C00049121DAD65F562F4070035F
0ED2B01614758281640FCF5B16E203998FFF91F6B5F8FFAE5EE23C00049321DAD65F562F40700360
0ED28E16146282816B0FCF4916E203997FFF9206B5F8FFAE13423C00049121DAD65F562F40700361
0ED27A1614528281640FCF4216E1FE996FFF9206B5F8FFAE00023C00049221DAD65F562F406FF362
0ED26916144E82816B0FCF3716E1FE995FFF9216B5F8FFAE00023B00049221DAD65F562F40700363
0ED25A16144A82816B0FCF3016E1F9995FFF9216B5F8FFAE00023B00049221DAD65F562F40700364
0ED25116144182816B0FCF2C16E1F9994FFF9226B5F8FFAE00523B00049221DAD65F562F40700365
0ED23316142C8281730FCF2916E1FE993FFF9226B5F8FFAE00523B00049121DAD65F562F40700366
0ED21416141A82816B0FCF1E16E1F9993FFF9226B5F8FFAE00323B00049221DAD65F562F40700367
0ED1F616140482816B0FCF1716E1FE992FFF9236B5F8FFAE00223B00049221DAD65F562F40700368
0ED1D81613EB8281730FCEFE16E1EE991FFF9236B5F8FFAE00223B00049221DAD65F562F40700369
0ED1B31613D98281730FCEEC16E1FE991FFF9246B5F8FFAC00223B00049221DAD65F562F4070036A
0ED1981613C38281730FCEDA16E1F8990FFF9246B5F8EFAB00323C00049221DAD65F562F4070036B
0ED17D1613B18281730FCED316E1F398FFFF9246B5F8EFAB0FF23F00049221DAD65F562F406FF36C
0ED16816138F8281730FCECF16E1F998FFFF9256B5F8EFAB42A23F00049221DAD65F562F4070036D
0ED1431613798281770FCEC816E1F998EFFF9256B5F8EFAB56624000049221DAD65F562F4070036E
0ED11B16135F8281730FCEC016E1EE98DFFF9256B5F8EFAB57224100049221DAD65F562F4070036F
0ED10616134C82817A0FCEBD16E1EE98DFFF9256B5F8EFAB55024300049221DAD65F562F40700370
0ED0EC1613458281730FCEB616E1F398CFFF9256B5F8EFAB54324300049221DAD65F562F406FF371
0ED0D416133882817A0FCEB616E1E998BFFF9256B5F8EFAB54224100049221DAD65F562F40700372
0ED0BC16133482817A0FCEB616E1EE98AFFF9256B5F8EFAB54424000049221DAD65F562F40700373
0ED0B716133B8281730FCEB616E1E998AFFF9266B5F8EFAB54424100049221DAD65F562F40700374
0ED0B616134182817A0FCEB616E1E4989FFF9266B5F8EFAB54424200049221DAD65F562F40700375
0ED0C61613468281730FCEB916E1D9989FFF9266B5F8EFAB54424300049221DAD65F562F40700376
0ED0C616119682817A0FCEC016E1D4988FFF9256B5F8EFAB54524400049221DAD65F562F40700377
0ED0AB160FBA82817A0FCED316E1D4987FFF9256B5F8EFAB36124400049221DAD65F562F40700378
0ED079160EA98281730FCEDD16E1CF986FFF9256B5F8EFAB09824300049221DAD65F562F40700379
0ED04A1611F482817A0FCEE816E1D4986FFF9256B5F8EFAB00024200049221DAD65F562F4070037A
0ED04A16132B82817A0FCF0116E1EE986FFF9256B5F8EFAB00024000049221DAD65F562F4070037B
0ED0461613458281730FCF1E16E208985FFF9256B5F8EFAB00024000049221DAD65F562F4070037C
0ED04616135C82817A0FCF5716E21D985FFF9256B5F8EFAB00423F00049221DAD65F562F4070037D
0ED06516135E8281730FCFCA16E21D984FFF9246B5F8EFAB00324000049221DAD65F562F406FF37E
0ED02B1613518281770FD0A116E213984FFF9246B5F8EFAB00323F00049221DAD65F562F4070037F
0ED01016137282817A0FD1D016E21D984FFF9236B5F8EFAB00223F00049221DAD65F562F40700380
0ED09B1613B48281730FD32C16E237983FFF9236B5F8EFAB00223F00049221DAD65F562F40700381
0ED1281613D882817A0FD47B16E266983FFF9226B5F8FFAB00124000049121DAD65F562F40700382
0ED15E1613D08281730FD59B16E28F982FFF9226B5F8FFAC00323E00049121DAD65F562F40700383
0ED18A1613FF8281730FD69716E2BF982FFF9216B5F8FFAC0B923D00049121DAD65F562F40700384
0ED20016144D8281730FD7A816E2E8982FFF9216B5F8FFAC58B23D00049121DAD65F562F40700385
0ED26C16148B8281730FD8E916E302982FFF9206B5F8FFAC7E123D00049021DAD65F562F40700386
0ED2CE1614B682816B0FDA2716E327982FFF9206B5F8FFAC81C23D00049021DAD65F562F40700387
0ED3071614D88281730FDB3A16E33C981FFF91F6B5F8FFAC7E723E00049021DAD65F562F40700388
0ED3331614F58281730FDC3E16E360981FFF91E6B5F8FFAC7CF23F00048F21DAD65F562F40700389
0ED34F16150582816B0FDD5F16E37F981FFF91E6B5F8FFAC7CC24000049021DAD65F562F4070038A
0ED35816150482816B0FDE6B16E392981FFF91D6B5F8FFAC7CF23F00049021DAD65F562F4070038B
0ED3581614FB8281730FDF5616E3BE980FFF91D6B5F8FFAC7CF23E00049021DAD65F562F4070038C
0ED3521614F282816B0FE02B16E3D8980FFF91C6B5F8FFAC7CF23D00049121DAD65F562F4070038D
0ED3301614EA82816B0FE0EB16E402980FFF91B6B5F8FFAC7CF23C00049121DAD65F562F406FF38E
0ED33D1614F48281680FE19216E41C97FFFF91B6B5F8FFAC7D023B00049121DAD65F562F4070038F
0ED35816150782816B0FE23516E43197FFFF91A6B5F8FFAC4E423A00049121DAD65F562F40700390
0ED37E1615108281640FE2D616E44397FFFF9196B5F8FFAC0D223A00049221DAD65F562F40700391
0ED38B16151582816B0FE37016E44B97FFFF9196B5F8FFAC00023A00049121DAD65F562F40700392
0ED39F16151E8281640FE40916E45A97FFFF9196B5F8FFAC00023A00049121DAD65F562F40700393
0ED3951615218281640FE49916E46597FFFF9186B5F8FFAC00023B00049121DAD65F562F40700394
0ED39F16150E8281640FE52916E47F97FFFF9186B5F8FFAC00523D00049121DAD65F562F40700395
0ED39516150482815C0FE5B116E49197EFFF9176B5F8FFAC00423D00049221DAD65F562F40700396
0ED3921615068281640FE62216E4AE97EFFF9176B5F8FFAC00323D00049121DAD65F562F40700397
0ED39C16151682815C0FE56C16E4C897DFFF9166B5F8FFAC00223C00049121DAD65F562F40700398
0ED3A916152282815C0FE4E116E4E797DFFF9166B5F8FFAC00223D00049121DAD65F562F40700399
0ED3B016152582815C0FE52916E50197DFFF9156B5F8FFAC00223D00049121DAD65F562F4070039A
0ED3AD16151A82815C0FE5C316E51297DFFF9156B5F8EFAC00223C00049221DAD65F562F406FF39B
0ED39516151682815C0FE67216E52B97DFFF9156B5F8EFAC07823C00049321DAD65F562F4070039C
0ED3C116153482815C0FE72016E53A97CFFF9156B5F8EFAC5B723C00049221DAD65F562F4070039D
0ED3D91615568281550FE7BA16E54F97CFFF9146B5F8EFAC89323B00049321DAD65F562F4070039E
0ED3FB1615828281550FE84B16E55597BFFF9146B5F8EFAC8EF23A00049121DAD65F562F4070039F
0ED4671615C88281550FE8C116E57097BFFF9136B5F8EFAC8B623900049221DAD65F562F407003A0
0ED4E71616038281590FE93D16E57997BFFF9136B5F8EFAC89723A00049221DAD65F562F407003A1
0ED4FF1615FE82814E0FE9B816E56F97AFFF9136B5F8EFAC89423A00049121DAD65F562F407003A2
0ED5001615EE8281550FE9CA16E57997AFFF9136B5F8EFAC89723D00049221DAD65F562F407003A3
0ED50C1615DA82814E0FE7FD16E57F979FFF9136B5F8EFAC89823F00049221DAD65F562F407003A4
0ED4E41615C38281550FE59516E574979FFF9136B5F8EFAC89823F00049221DAD65F562F407003A5
0ED4B11615A582814E0FE34F16E56F978FFF9136B5F8EFAC89723E00049221DAD65F562F407003A6
0ED48816159D82814E0FE1F716E569978FFF9136B5F8EFAC89823D00049221DAD65F562F407003A7
0ED47A16159782814E0FE03216E55F977FFF9136B5F8EFAC60023D00049221DAD65F562F406FF3A8
0ED47116159E8281460FDE8B16E551977FFF9136B5F8EFAC13623D00049221DAD65F562F407003A9
0ED48C1615C182814E0FDDC016E54F977FFF9136B6F8EFAC00023C00049121DAD65F562F407003AA
0ED4F81615F78281460FDCEB16E545976FFF9136B5F8EFAC00023B00049221DAD65F562F407003AB
0ED56116161782814E0FDC3A16E53A976FFF9136B5F8EFAC00023A00049221DAD65F562F407003AC
0ED56F1616178281460FDBC316E52C976FFF9136B5F8EFAC00523900049321DAD65F562F407003AD
0ED53C1615FF8281460FDB6516E520975FFF9136B5F8EFAC00523900049221DAD65F562F407003AE
0ED4F51615D38281460FDB5A16E501975FFF9136B5F8EFAC00323900049221DAD65F562F406FF3AF
0ED4D31615BB8281460FDBDE16E4EC974FFF9136B5F8EFAC00223B00049221DAD65F562F407003B0
0ED4B41615A58281460FDCC416E4E2974FFF9136B5F8EFAC00223C00049221DAD65F562F407003B1
0ED49F1615B082813F0FDDB916E4BF973FFF9136B5F8FFAD00223D00049221DAD65F562F407003B2
0ED4A01615DA82814A0FDE5C16E4A8973FFF9136B5F8FFAE00323D00049221DAD65F562F407003B3
0ED4B11615FE8281460FDE7B16E484973FFF9136B5F8FFAE06123C00049321DAD65F562F407003B4
0ED4D616161582813F0FDE2616E45F972FFF9136B5F8FFAE55923C00049221DAD65F562F407003B5
0ED51A1616208281460FDDD616E43B972FFF9136B5F8FFAE82323C00049221DAD65F562F407003B6
0ED54016162082813F0FDD9C16E411972FFF9136B5F8FFAE88223C00049221DAD65F562F407003B7
0ED56716162182813F0FDD1716E3F0971FFF9136B5F8FFAE84C23D00049221DAD65F562F407003B8
0ED56B1616208281460FDC1416E3C3971FFF9136B5F8FFAE82E23D00049221DAD65F562F406FF3B9
0ED53816161C82813F0FDAB416E3A4971FFF9136B5F8FFAE82A23D00049221DAD65F562F407003BA
0ED4E716160A8281460FD99B16E375971FFF9136B5F8FFAE82D23D00049221DAD65F562F407003BB
0ED4F916160D82813F0FD90316E346971FFF9136B5F8FFAE82E23D00049221DAD65F562F407003BC
0ED51016160B82813F0FD8BF16E31C970FFF9136B5F8FFAE82E23E00049221DAD65F562F407003BD
0ED5241616038281460FD82016E2ED970FFF9136B5F8FFAE82E23E00049221DAD65F562F407003BE
0ED51316160382813F0FD72016E2CD96FFFF9136B5F8FFAE82E23D00049221DAD65F562F406FF3BF
0ED50D1615FB82813F0FD64B16E2BF96FFFF9136B5F8FFAE50623E00049221DAD65F562F407003C0
0ED5091615F48281460FD5A616E29F96FFFF9136B5F8FFAE0D123F00049221DAD65F562F407003C1
0ED4F81615E682813F0FD50016E29096FFFF9136B5F8FFAE00024000049221DAD65F562F407003C2
0ED4DD1615D48281460FD43416E27B96FFFF9136B5F8FFAE00023F00049221DAD65F562F407003C3
0ED4CF1615C682813F0FD37F16E27096FFFF9136B5F8FFAE00024000049221DAD65F562F407003C4
0ED4CA1615BD82813F0FD2FA16E26696EFFF9136B5F8FFAE00524100049221DAD65F562F407003C5
0ED4C51615AA8281300FD29216E26196EFFF9136B5F8FFAE00424100049221DAD65F562F407003C6
0ED4BB1615988281590FD24616E25C96EFFF9136B5F8FFAE00324000049221DAD65F562F407013C7
0ED49D16158C8281460FD21216E25B96EFFF9136B5F8FFAE00224000049221DAD65F562F407003C8
0ED48C1615788281460FD1DE16E26196DFFF9136B5F8FFAE00124000049221DAD65F562F407003C9
0ED46A16155E8281460FD19216E25696DFFF9126B5F8FFAE00124000049221DAD65F562F406FF3CA
0ED44716155C8281460FD14016E25C96DFFF9126B5F8FFAD00323F00049221DAD65F562F407003CB
0ED4371615608281460FD0F416E25C96DFFF9126B5F8FFAC09923F00049221DAD65F562F407003CC
0ED4231615758281460FD0CD16E22D96DFFF9126B5F8FFAC5DF23F00049221DAD65F562F407003CD
0ED44116159182814E0FD0A916E20D96DFFF9126B5F8FFAC89A24000049221DAD65F562F407003CE
0ED4591615A78281460FD07516E1D496CFFF9126B5F8FFAC8EA24000049221DAD65F562F407003CF
0ED47D1615B882814E0FD04816E1BF96CFFF9126B5F8FFAC8B124000049221DAD65F562F406FF3D0
0ED4821615BF8281460FD02B16E18196CFFF9116B5F8FFAC89423F00049221DAD65F562F407003D1
0ED4711615A88281550FD00216E15C96CFFF9116B5F8FFAC89024000049121DAD65F562F407003D2
0ED4601615968281460FCFD916E12D96BFFF9116B5F8FFAC89324000049121DAD65F562F407003D3
0ED45916157B8281460FCFAE16E0FF96BFFF9116B5F8FFAC89424000049221DAD65F562F407003D4
0ED42A16155E82815C0FCF7116E0DA96AFFF9116B5F8FFAC89424000049121DAD65F562F407003D5
0ED40E16155082814E0FCF5416E0BC96AFFF9116B5F8FFAC89424000049121DAD65F562F407003D6
0ED3FB16154E8281550FCF4D16E09696AFFF9116B5F8FFAC89523F00049121DAD65F562F407003D7
0ED3F41615438281550FCF4216E07C969FFF9116B5F8FFAC5AB24000049121DAD65F562F407003D8
0ED3F416152C8281520FCF4216E058969FFF9116B5F8FFAC10B24000049121DAD65F562F407003D9
0ED3D51615088281550FCF4216E043969FFF9116B5F8FFAC00024000049121DAD65F562F407003DA
0ED3731614D58281460FCF3B16E02E969FFF9116B5F8FFAC00024100049121DAD65F562F407003DB
0ED3311614BB8281640FCF0516E024968FFF9116B5F8FFAC00024200049121DAD65F562F407003DC
0ED33716149982815C0FCE9C16E014968FFF9116B5F8FFAC00524300049121DAD65F562F407003DD
0ED2CB16144B8281550FCE4316E00F967FFF9116B5F8FFAC00524300049121DAD65F562F407003DE
0ED21816141682815C0FCDF816E00A967FFF9116B5F8FFAC00324200049021DAD65F562F407003DF
0ED1A816140982815C0FCD9C16E00A967FFF9116B5F8FFAC00224200049121DAD65F562F407003E0
0ED19B1613FC82815C0FCD3A16E005966FFF9116B5F8FFAC00224200049121DAD65F562F407003E1
0ED1A51613E682815C0FCD0116E00A965FFF9116B5F8FFAC00224100049121DAD65F562F407003E2
0ED1911613CD82815C0FCCDC16E000965FFF9116B5F8EFAD00324200049121DAD65F562F407003E3
0ED14A16139D8281640FCCC416E000965FFF9116B5F8DFAD0A424200049121DAD65F562F407003E4
0ED0FC16136582815C0FCCAA16DFF5964FFF9116B5F8DFAD5A324300049121DAD65F562F407003E5
0ED0AF16133D8281640FCC8616DFEB964FFF9126B5F8DFAD82624300049121DAD65F562F407003E6
0ED0801613348281640FCC5416DFEB963FFF9126B5F8DFAD86B24200049121DAD65F562F407003E7
0ED0751613318281640FCC1A16DFE0962FFF9126B5F8DFAD83524200049221DAD65F562F407003E8
0ED0611613198281640FCBF316DFE5962FFF9126B5F8DFAD81B24100049021DAD65F562F407003E9
0ED02B1612E48281550FCBD616DFDB962FFF9126B5F8DFAD81724100049121DAD65F562F407003EA
0ECFD01612B38281770FCBB316DFE0961FFF9126B5F8DFAD81A24200049021DAD65F562F407003EB
0ECF9E1612A482816B0FCB9516DFDB961FFF9126B5F8DFAD81B24200049121DAD65F562F407003EC
0ECF8A1612AE82816B0FCB7916DFDB960FFF9126B5F8DFAD81B24300049121DAD65F562F407003ED
0ECF861612AE82816B0FCB6216DFE0960FFF9126B5F8DFAD81B24300049121DAD65F562F407013EE
0ECF831612AC82816B0FCB4B16DFDB95FFFF9126B5F8DFAD81B24200049021DAD65F562F407003EF
0ECF7F1612A982816B0FCB4216DFEB95FFFF9126B5F8DFAD53024200049021DAD65F562F407003F0
0ECF7216128A82816B0FCB4016DFF095EFFF9126B5F8DFAD0E824400049021DAD65F562F407003F1
0ECF5E16125682816B0FCB4216DFFA95DFFF9126B5F8DFAD00024400049121DAD65F562F407003F2
0ECF4A1612368281730FCB5616E00095DFFF9136B5F8DFAD00024300049121DAD65F562F407003F3
0ECF2F16122F82816B0FCB6216E01495DFFF9136B5F8DFAD00024200049021DAD65F562F407003F4
0ECF1E16122B8281730FCB6B16E01F95CFFF9136B5F8DFAD00524100049121DAD65F562F407003F5
0ECF1A1612398281730FCB7816E02495CFFF9136B5F8DFAD00424200049021DAD65F562F407003F6
0ECF1016124C8281730FCB8316E02995BFFF9136B5F8DFAD00324100049021DAD65F562F407003F7
0ECEF216125A8281730FCB8816E02E95BFFF9146B5F8DFAD00224100049021DAD65F562F407003F8
0ECEE116126B8281730FCB9116E02E95AFFF9146B5F8DFAD00124100049121DAD65F562F407003F9
0ECEE41612748281730FCB9316E02995AFFF9156B5F8DFAD00224100049021DAD65F562F407013FA
0ECEE11612808281770FCBA016E02E95AFFF9156B5F8CFAC00224000049121DAD65F562F407003FB
0ECEEB16128B8281730FCBAC16E024959FFF9156B5F8AFAA09324000049121DAD65F562F407003FC
0ECF0316128E8281730FCBB916E029959FFF9166B5F89FAA5B324000049021DAD65F562F407003FD
0ECF1716129582817A0FCBCF16E01A959FFF9176B5F89FAA85C24000049021DAD65F562F407003FE
0ECF1E16129882817A0FCBE416E01F958FFF9176B5F8AFAA8AB24100049021DAD65F562F407003FF
0ECF1716129C8281730FCBFA16E01A958FFF9186B5F8AFAA87324100049021DAD65F562F40700300
0ECF2116128B82817A0FCC0816E01A958FFF9186B5F8AFAA85724100049121DAD65F562F40700301
0ECF3216127D82817A0FCC1E16E024957FFF9196B5F8AFAA85324100049121DAD65F562F40700302
0ECF1E16126B8281730FCC3016E024957FFF9196B5F8AFAA85624000049021DAD65F562F40700303
0ECF1A16125482817A0FCC4916E039957FFF91A6B5F8AFAA85724000049021DAD65F562F40700304
0ECF1A16123382817A0FCC7116E04E957FFF91B6B5F8AFAA85724000049121DAD65F562F40700305
0ECEF516120582817A0FCC9F16E05D957FFF91B6B5F8AFAA85724000049121DAD65F562F40700306
0ECE8D1611DE82817A0FCCEF16E077957FFF91C6B5F8AFAA85724100049121DAD65F562F40700307
0ECDE81611C782817A0FCD5A16E08C957FFF91C6B5F8AFAA4F924000049121DAD65F562F40700308
0ECD9E1611B582817A0FCDE616E091957FFF91D6B5F89FAA0C424000049121DAD65F562F40700309
0ECD9E1611AD82817A0FCE8A16E091957FFF91D6B5F89FAA00024100049121DAD65F562F4070030A
0ECDA51611A282816B0FCF4916E096957FFF91E6B5F8AFAA00024100049121DAD65F562F4070030B
0ECDAB16119982818D0FD00B16E0A1957FFF91F6B5F8AFAA00024100049121DAD65F562F4070030C
0ECDB216119182817A0FD0C116E0AB957FFF91F6B5F8AFAA00524200049121DAD65F562F4070130D
0ECDBF16119882817A0FD16F16E0BB957FFF9206B5F8AFAA00424200049121DAD65F562F4070130E
0ECDBF16119F82817A0FD21416E0CB957FFF9206B5F89FAA00324100049121DAD65F562F4070030F
0ECDBC1611A682817A0FD29416E0E5957FFF9216B6F8AFAA00224100049121DAD65F562F40700310
0ECDCD1611BD82817A0FD2F316E104957FFF9216B5F8AFAA00224200049121DAD65F562F40700311
0ECDD41611CD82817A0FD34D16E11E957FFF9226B5F8AFAA00224400049121DAD65F562F40700312
0ECDDE1611DE82817A0FD39516E13D957FFF9236B5F8AFAA00224500049021DAD65F562F40700313
0ECDDA1611E08281730FD3E016E157958FFF9236B5F89FAA0D024500049121DAD65F562F40700314
0ECDFF1611E38281820FD43316E162958FFF9236B5F89FAA5E124500049121DAD65F562F40700315
0ECE351611E08281730FD48716E17C958FFF9246B5F89FAA84C24600049121DAD65F562F40700316
0ECE721611DC82817A0FD4EB16E190958FFF9256B5F89FAA88624800049121DAD65F562F406FF317
0ECE7F1611D682817A0FD55716E1A0958FFF9256B5F89FAA84F24B00049121DAD65F562F40700318
0ECE641611DF82817A0FD5E716E1AA959FFF9266B5F89FAA83524C00049121DAD65F562F40700319
0ECE7C1611F38281730FD6A916E1BF959FFF9266B5F89FAA83324B00049121DAD65F562F4070031A
0ECE7C1611FB82817A0FD78116E1DF959FFF9276B5F89FAA83524900049121DAD65F562F4070031B
0ECE8616120182816F0FD86416E1F3959FFF9276B5F89FAA83724700049121DAD65F562F4070031C
0ECE681611F782817A0FD93D16E20395AFFF9276B5F89FAA83724600049121DAD65F562F4070031D
0ECE4B1611F782817A0FD9F816E22295AFFF9286B5F89FAA83724700049121DAD65F562F4070031E
0ECE7516121D8281730FDAB416E24295AFFF9286B5F89FAA83724700049121DAD65F562F4070031F
0ECEF21612808281730FDB5A16E25C95BFFF9296B5F89FAA54124700049121DAD65F562F40700320
0ECF9A1612D28281730FDBED16E27695BFFF9296B5F89FAA0EA24700049121DAD65F562F40700321
0ECFD71612EE8281730FDC7016E28095BFFF9296B5F89FAA00024500049121DAD65F562F40700322
0ECFE51612E08281730FDD0116E29A95BFFF92A6B6F89FAA00024500049221DAD65F562F40700323
0ED01A1612AD8281730FDD8716E29A95BFFF92A6B5F89FAA00024400049121DAD65F562F40700324
0ECFAF16126D8281730FDE0C16E2AE95CFFF92A6B5F89FAA00524400049121DAD65F562F40700325
0ECF6F16125482816B0FDE9716E2B995CFFF92A6B5F89FAA00424500049121DAD65F562F40700326
0ECF1716123382816B0FDF1F16E2CE95CFFF92A6B5F89FAA00324500049121DAD65F562F40700327
0ECED01612238281730FDFA516E2E895CFFF92A6B6F89FAA00224600049121DAD65F562F40700328
0ECEAB16121582816B0FE02316E30795DFFF92A6B5F89FAA00224700049221DAD65F562F40700329
0ECEB216121982816B0FE09416E32C95DFFF92A6B5F89FAA00224700049121DAD65F562F4070032A
0ECEAF16122982816B0FE0FD16E34695DFFF9296B6F89FAA00224700049221DAD65F562F4070032B
0ECE9716120E8281550FE15C16E36B95DFFF9296B5F8BFAC05C24700049221DAD65F562F4070032C
0ECE3F1611DC82817E0FE1BD16E37895DFFF9296B6F8BFAD54124700049121DAD65F562F4070032D
0ECDE81611B482816B0FE22D16E38F95DFFF9286B5F8CFAD80524700049121DAD65F562F4070032E
0ECD9716118B8281640FE29A16E3AE95DFFF9286B5F8CFAD86424700049121DAD65F562F4070032F
0ECD751611898281640FE31E16E3B995DFFF9276B6F8BFAD82F24700049221DAD65F562F40700330
0ECDD71611BC8281640FE39C16E3BE95EFFF9276B6F8BFAD81124700049221DAD65F562F40700331
0ECE551611F08281640FE41716E3BE95EFFF9266B5F8BFAD80D24600049121DAD65F562F40700332
0ECE541612038281640FE49916E3B695EFFF9266B5F8BFAD80F24600049121DAD65F562F40700333
0ECE6816121282815C0FE51716E3A495EFFF9256B6F8BFAD81124600049121DAD65F562F40700334
0ECE7F1612338281640FE59716E39F95EFFF9256B5F8BFAD81124500049121DAD65F562F40700335
0ECEB916124D82815C0FE61016E39495EFFF9246B5F8CFAD81124500049221DAD65F562F40700336
0ECEF916125C82815C0FE68B16E38A95EFFF9236B5F8CFAD81124700049221DAD65F562F40700337
0ECF1016125782815C0FE71416E37A95EFFF9236B6F8BFAD43D24800049221DAD65F562F40700338
0ECF0A1612598281550FE7A516E37095EFFF9226B6F8BFAD08324800049221DAD65F562F40700339
0ECF3F16128582815C0FE7BF16E36995FFFF9216B5F8BFAD00024800049121DAD65F562F4070033A
0ECF8A1612B58281550FE71016E35B95EFFF9206B5F8BFAD00024900049021DAD65F562F4070033B
0ECFD71612D68281550FE67516E35695EFFF9206B5F8CFAD00024900048D21DAD65F562F4070033C
0ECFE11612D482814E0FE4A816E35695EFFF91F6B6F8BFAD00524A00048921DAD65F562F4070033D
0ECFAF1612AA8281590FE34616E35B95EFFF91E6B5F8CFAD00424B00048721DAD65F562F4070033E
0ECF2816124F82814E0FE2F116E36095EFFF91D6B5F8CFAD00324C00048521DAD65F562F4070033F
0ECEB916121D82814E0FE2F516E35B95DFFF91D6B6F8BFAD00224D00048621DAD65F562F40701340
0ECEC916122982814E0FE32216E36995EFFF91C6B6F8BFAD00224C00048921DAD65F562F40700341
0ECED016122082814E0FE42516E36B95EFFF91B6B5F8BFAD00224B00048B21DAD65F562F40700342
0ECE971611FC8281460FE55F16E37095EFFF91B6B5F8CFAD00224A00048D21DAD65F562F40700343
0ECE721611F382814E0FE4ED16E37A95EFFF91A6B5F8BFAD01924900048E21DAD65F562F40700344
0ECE9A1612188281460FE3E816E37595DFFF9196B6F8BFAC4AF24C00048F21DAD65F562F40700345
0ECECD1612308281460FE3E816E37595DFFF9196B5F8BFAC7C624E00048F21DAD65F562F40700346
0ECEC31612428281460FE54216E37F95DFFF9186B5F8BFAC84C24F00048E21DAD65F562F40700347
0ECF1E16127482813F0FE58016E38395DFFF9176B5F8BFAC81B24D00048B21DAD65F562F40700348
0ECF4616129082813F0FE45F16E39995DFFF9166B5F8BFAC7F924C00048921DAD65F562F40700349
0ECF9A16128182813F0FE3EC16E39F95DFFF9166B5F8BFAC7F324A00048721DAD65F562F4070034A
0ECF7C16124E82813F0FE4ED16E3B395DFFF9156B5F8BFAC7F524A00048421DAD65F562F4070034B
0ECF1E16125B82813F0FE67916E3CE95DFFF9156B5F8BFAC7F724B00048221DAD65F562F4070034C
0ECEAF16122782813F0FE84D16E3DD95DFFF9146B6F8BFAC7F724C00048321DAD65F562F4070034D
0ECE3C1611E08281370FEA1616E3EA95DFFF9136B5F8AFAC7F724B00048421DAD65F562F4070034E
0ECE061611B88281370FEBAB16E3FC95DFFF9136B6F8BFAC7F724B00048521DAD65F562F4070034F
0ECDE41611AA8281370FED1916E40295DFFF9126B5F8BFAC41924B00048621DAD65F562F40701350
0ECE391611F68281340FED9416E41195DFFF9126B5F8BFAC07824A00048821DAD65F562F40700351
0ECF4D1612608281370FEAFD16E41195DFFF9116B5F8BFAC00024900048A21DAD65F562F40700352
0ECF391612988281300FE79716E41C95DFFF9116B5F8BFAC00024900048C21DAD65F562F40700353
0ECED41612B18281300FE3FE16E41E95DFFF9116B5F8BFAC00024900048F21DAD65F562F40700354
0ECE971612958281300FE0DD16E42195DFFF9106B5F8BFAC00524900049021DAD65F562F40700355
0ECE9016127E8281300FDEED16E42695DFFF90F6B6F8BFAC00424900049221DAD65F562F40701356
0ECEDE16127E8281300FDD5716E42695DFFF90F6B5F8BFAC00324900049221DAD65F562F40700357
0ECF391612708281280FDBA316E42B95DFFF90F6B5F8BFAC00224800049221DAD65F562F40700358
0ECF681612688281280FDAEA16E42695DFFF90E6B6F8BFAC00224800049221DAD65F562F40700359
0ECF7916126D8281300FDBF616E42995EFFF90E6B5F8BFAC00224700049321DAD65F562F4070035A
0ECFBF1612AC8281280FDD7116E43195EFFF90D6B5F8BFAC00224700049221DAD65F562F4070035B
0ED00D1613138281210FDDD516E43195EFFF90D6B5F8BFAC0A624600049321DAD65F562F4070035C
0ED07C1613918281280FDD5816E42B95DFFF90D6B6F8BFAC5AF24600049221DAD65F562F4070035D
0ED1111613EA8281280FDCFA16E42695EFFF90C6B6F8BFAC83724500049321DAD65F562F4070035E
0ED17D1614088281210FDD1A16E42B95EFFF90C6B6F8BFAC87D24500049321DAD65F562F4070035F
0ED1A21613F68281280FDD7F16E41E95FFFF90B6B5F8CFAC84724500049321DAD65F562F40700360
0ED1D11613D88281210FDD7816E41795FFFF90B6B6F8BFAC82C24800049321DAD65F562F40700361
0ED1E21613BE8281210FDCB516E40795FFFF90B6B5F8BFAC82924C00049321DAD65F562F40700362
0ED1CE1613BA82811A0FDB9F16E3F795FFFF90A6B5F8CFAC82B24D00049321DAD65F562F40700363
0ED1BD1613F48281210FDAAD16E3D895FFFF90A6B6F8BFAC82D24C00049321DAD65F562F40700364
0ED25416144E82811A0FD9D416E3B3960FFF9096B5F8BFAC82D24C00049321DAD65F562F40700365
0ED3181614888281250FD8F116E388961FFF9096B5F8BFAC82D24C00049221DAD65F562F40700366
0ED38F1614B58281210FD86116E365961FFF9096B5F8BFAC82D24C00049221DAD65F562F40700367
0ED3F71614CC82811A0FD84416E331961FFF9096B6F8BFAC61224A00049321DAD65F562F40700368
0ED40B1614D08281210FD8C916E302962FFF9086B5F8BFAC15B24800049321DAD65F562F40700369
0ED3EA1614D482811A0FD98916E2D9962FFF9086B5F8BFAC00024800049221DAD65F562F4070036A
0ED39F1614DC82811A0FD9D416E2B4962FFF9086B5F8BFAC00024700049321DAD65F562F4070036B
0ED3581614E78281210FD9D116E28A962FFF9076B5F8CFAC00024700049221DAD65F562E4170036C
0ED3581614E182811A0FD9AB16E26B963FFF9076B5F8CFAC00524500049221DAD65F562E4070036D
0ED34F1614DC82811A0FD9A216E24B963FFF9076B5F8CFAC00524500049321DAD65F562E4070036E
0ED31F1614C382811A0FD9B416E218964FFF9076B5F8BFAC00324500049221DAD65F562E4070036F
0ED30116149A8281210FD9EE16E1E4965FFF9066B5F8BFAC00224500049221DAD65F562E40701370
0ED2D816146D82811A0FD9FC16E1B0965FFF9066B5F8BFAC00224700049321DAD65F562E40700371
0ED26F16145382811A0FD95D16E176965FFF9066B6F8BFAC00224800049221DAD65F562E40700372
0ED24716144282811A0FD80316E148966FFF9066B5F8BFAC00324800049221DAD65F562E40700373
0ED21E1614288281210FD70016E123967FFF9056B5F8CFAC0F524800049221DAD65F562E40700374
0ED2511613F082811A0FD64416E0F9967FFF9056B5F8DFAD42524700049221DAD65F562E40700375
0ED2291613AA8281210FD55716E0E5968FFF9056B5F8DFAD56924700049221DAD65F562E40700376
0ED1B216136B82811A0FD46516E0DF969FFF9056B6F8DFAD57724800049221DAD65F562E40700377
0ED0F916133E8281210FD3D616E0FF969FFF9046B6F8DFAD55524A00049221DAD65F562E40701378
0ED09E16131E82811A0FD37F16E123969FFF9046B5F8DFAD54724A00049221DAD65F562E40700379
0ED0C61613038281210FD33E16E14296AFFF9046B6F8DFAD54724900049221DAD65F562E4070037A
0ED0B91612FC82811E0FD2C416E15796BFFF9036B5F8DFAD54924900049221DAD65F562E4070037B
0ED0751612EA8281210FD1D016E17C96CFFF9036B5F8DFAD54924900049121DAD65F562E4070037C
0ED0211612C28281210FD0D816E19096CFFF9036B6F8DFAD54924800049121DAD65F562E4070037D
0ECFCA16128A8281210FCFC316E1A096DFFF9036B6F8DFAD54924800049221DAD65F562E4070037E
0ECF721612658281210FCF0916E1A096EFFF9036B5F8DFAD54924800049121DAD65F562E4070037F
0ECF431612588281210FCE4A16E17C96EFFF9036B6F8DFAD37224800049121DAD65F562E40701380
0ECF211612538281280FCD6F16E15796FFFF9026B6F8DFAD09F24700049221DAD65F562E40700381
0ECF031612408281210FCCD216E128970FFF9026B6F8DFAD00024700049121DAD65F562E40700382
0ECEDA1612358281280FCC5816E0F9970FFF9026B5F8DFAD00024800049121DAD65F562E40700383
0ECEC516122D8281280FCC0C16E0C5971FFF9026B6F8DFAD00024800049121DAD65F562E40701384
0ECEA11612108281280FCBC116E09C972FFF9026B6F8DFAD00424800049221DAD65F562E40700385
0ECE6F1611F58281280FCB6D16E072973FFF9026B6F8DFAD00324800049121DAD65F562E40700386
0ECE501611E68281300FCB2B16E03E973FFF9026B6F8DFAD00324800049121DAD65F562E40700387
0ECE3C1611DC8281280FCADD16E024974FFF9026B6F8DFAD00224900049121DAD65F562E40700388
0ECE281611CC8281300FCA8D16E014975FFF9026B6F8DFAD00124900049121DAD65F562E40701389
0ECE141611BE8281300FCA6616E00A975FFF9016B5F8DFAD00224900049121DAD65F562E4070038A
0ECE061611B48281300FCA4D16E00A976FFF9016B5F8DFAD00324800049121DAD65F562E4070038B
0ECE0A1611B88281370FCA3416E00F977FFF9016B6F8DFAD0A524900049121DAD65F562E4070038C
0ECE0A1611BA8281300FCA1E16E014977FFF9016B6F8BFAD58F24A00049121DAD65F562E4070038D
0ECDF21611B48281370FCA0116E014978FFF9016B6F89FAD80624B00049021DAD65F562E4070038E
0ECDE41611B88281370FC9E816E00A979FFF9016B5F88FAD84924B00049121DAD65F562E4070038F
0ECE101611DA82813B0FC9CB16DFF5979FFF9016B6F89FAD81424C00049121DAD65F562E40701390
0ECE411611F28281370FC9CF16DFE097AFFF9016B5F89FAD7F924D00049021DAD65F562E40700391
0ECE681611FE82813F0FC9CB16DFCB97BFFF9016B6F89FAD7F624F00049121DAD65F562E40700392
0ECE681611F882813F0FC9CC16DFB197BFFF9016B6F89FAD7F924E00049021DAD65F562E40700393
0ECE611611EB82813F0FC9C016DF8897CFFF9016B5F89FAD7FA24D00049021DAD65F562E40700394
0ECE5E1611E982813F0FC9B216DF7897CFFF9016B5F89FAD7FA24D00049121DAD65F562E40700395
0ECE501611E58281460FC9A816DF5497CFFF9016B5F89FAD7FA24D00049121DAD65F562E40700396
0ECE4A1611E18281460FC9A016DF3597DFFF9016B6F89FAD7FA24D00049121DAD65F562E40700397
0ECE391611D78281460FC99D16DF1597DFFF9026B5F89FAD54224D00049121DAD65F562E40700398
0ECE281611C58281460FC99916DEF197DFFF9026B6F89FAD0F724D00049021DAD65F562E40700399
0ECE0A1611AE82814E0FC99516DECC97DFFF9036B5F89FAD00024D00049021DAD65F562E4070039A
0ECDEF16119882814E0FC99616DEA597EFFF9036B5F89FAD00024F00049021DAD65F562E4070039B
0ECDDA1611908281550FC99216DE9897EFFF9036B5F89FAD00025100049121DAD75F562F4170039C
0ECDC316117F82814E0FC99216DE7E97EFFF9046B6F89FAD00525100049121DAD75F562F4070039D
0ECD7C1611638281550FC98E16DE5F97FFFF9056B5F89FAD00425000049121DAD75F562F4070039E
0ECD4616114A8281550FC98A16DE5A97FFFF9056B6F89FAD00324F00049121DAD75F562F4070039F
0ECD5716114D8281550FC98816DE4A97FFFF9066B6F89FAD00225000049021DAD75F562F407013A0
0ECD5016114682815C0FC98716DE3B97FFFF9076B6F89FAD00125200049021DAD75F562F407003A1
0ECD211611268281590FC98816DE3097FFFF9086B6F89FAD00225100049021DAD75F562F407003A2
0ECCF616110082815C0FC98716DE1C97FFFF9096B5F89FAD00325100049121DAD75F562F407003A3
0ECCDB1610F88281640FC98016DE1197FFFF9096B5F89FAD0BF25100049021DAD75F562F407003A4
0ECCBC1610EC82815C0FC97916DE0797FFFF90A6B5F87FAD5BC25100049021DAD75F562F407003A5
0ECCA31610D88281640FC97516DDF797FFFF90B6B6F85FAC82725200049021DAD75F562F407003A6
0ECC9B1610D98281640FC96716DDF797FFFF90C6B5F85FAC86525200049021DAD75F562F407003A7
0ECC971610D58281640FC96616DDED97FFFF90D6B5F85FAC82F25200049021DAD75F562F407003A8
0ECC941610D382816B0FC95F16DDE997FFFF90E6B5F85FAC81525200049021DAD75F562F407013A9
0ECC8D1610D582816B0FC95616DDE297FFFF90F6B5F85FAC81225200049021DAD75F562F407003AA
0ECC8A1610DB82816B0FC95F16DDE897FFFF9106B5F85FAC81525300049021DAD75F562F407003AB
0ECC8A1610DF82816B0FC95D16DDDD97FFFF9116B5F85FAC81525400048F21DAD75F562F407013AC
0ECC9D1610E98281730FC96316DDE297FFFF9126B6F85FAC81525400049021DAD75F562F407003AD
0ECCC61610F78281730FC96616DDDD97FFFF9126B6F85FAC81525300049021DAD75F562F407003AE
0ECCEB1611088281730FC96B16DDDD97FFFF9136B6F85FAC81625300048F21DAD75F562F407003AF
0ECCEF1610E68281730FC96616DDDD97FFFF9146B6F85FAC5F725400049021DAD75F562F407013B0
0ECCCD1610D18281730FC96016DDDD97FFFF9156B6F85FAC15125400048F21DAD75F562F407003B1
0ECCA81610D782817A0FC95816DDE897FFFF9166B5F85FAC00025400048F21DAD75F562F407013B2
0ECC971610D28281770FC94D16DDD897FFFF9176B5F85FAC00025300048F21DAD75F562F407003B3
0ECC8D1610D082817A0FC94B16DDE497FFFF9176B5F85FAC00025300048F21DAD75F562F407003B4
0ECC8C1610CB8281820FC94A16DDE897FFFF9186B6F85FAC00525300048F21DAD75F562F407003B5
0ECC801610C282817A0FC93F16DDE897FFFF9196B6F85FAC00525300048F21DAD75F562F407003B6
0ECC721610BE82817A0FC93C16DDED97FFFF91A6B5F85FAC00225200048F21DAD75F562F407003B7
0ECC6C1610C68281820FC93B16DDED980FFF91B6B6F85FAC00125200048F21DAD75F562F407003B8
0ECC761610C98281820FC93916DDF797FFFF91B6B5F85FAC00125200048F21DAD75F562F407013B9
0ECC6F1610CB8281820FC93816DDFC97FFFF91C6B6F85FAC00225200048F21DAD75F562F407003BA
0ECC741610C68281820FC93416DDF797FFFF91D6B6F85FAC00325100048E21DAD75F562F407003BB
0ECC801610CB8281890FC93516DDF297FFFF91E6B6F85FAC0E125100048E21DAD75F562F407013BC
0ECC7C1610CD8281820FC93416DE0797FFFF91F6B5F85FAC41725100048F21DAD75F562F407003BD
0ECC801610CD8281890FC93516DDFC97FFFF91F6B6F83FAB56725100048E21DAD75F562F407013BE
0ECC861610CD8281890FC93816DE0C97FFFF9206B5F83FAB57925100048E21DAD75F562F407003BF
0ECC831610C68281890FC93016DE0897FFFF9216B5F83FAB55625100048E21DAD75F562F407003C0
0ECC6F1610BD8281890FC93516DDFC97FFFF9216B6F83FAB54825100048E21DAD75F562F407013C1
0ECC631610B18281820FC93B16DDF7980FFF9226B5F83FAB54725100048D21DAD75F562F407003C2
0ECC5B1610AF82818D0FC93816DDFC980FFF9236B5F83FAB54925200048D21DAD75F562F407003C3
0ECC541610B08281900FC94016DDF2980FFF9236B5F83FAB54925300048D21DAD75F562F407003C4
0ECC4A1610AB8281890FC93F16DDED980FFF9246B5F83FAB54925300048D21DAD75F562F407003C5
0ECC4A1610AE8281890FC94716DDFC980FFF9256B5F83FAB54925600048D21DAD75F562F407003C6
0ECC511610B78281890FC94D16DDF7980FFF9266B5F83FAB54A25900048D21DAD75F562F407003C7
0ECC541610BC8281900FC94D16DDFC980FFF9276B5F83FAB31525900048E21DAD75F562F407003C8
0ECC5C1610BB8281890FC95216DE07980FFF9276B5F83FAB07525800048E21DAD75F562F407003C9
0ECC681610BC8281900FC95416DE16980FFF9286B5F83FAB00025600048D21DAD75F562F407003CA
0ECC6F1610BE8281890FC96016DE21981FFF9296B5F83FAB00025500048D21DAD75F562F407003CB
0ECC761610BF8281900FC97116DE32981FFF92A6B5F83FAB00025500048D21DAD75F562F407003CC
0ECC681610BA8281900FC9A016DE30981FFF92A6B6F83FAB00425400048D21DAD75F562F407003CD
0ECC611610B28281890FC9F316DE30981FFF92B6B6F83FAB00325400048D21DAD75F562F407003CE
0ECC661610B78281900FCA6216DE36981FFF92C6B5F83FAB00325400048D21DAD75F562F407003CF
0ECC651610B98281900FCB0016DE40981FFF92C6B6F83FAB00225400048D21DAD75F562F407003D0
0ECC681610B98281890FCBB516DE64981FFF92D6B5F83FAB00225500048D21DAD75F562F407003D1
0ECC611610BA8281820FCC5416DE89982FFF92D6B5F83FAB00125500048D21DAD75F562F407003D2
0ECC611610B982819C0FCCD616DEBD982FFF92E6B5F83FAB00325500048E21DAD75F562F407003D3
0ECC5E1610B98281900FCD3D16DED7982FFF92E6B5F83FAB04925500048D21DAD75F562F407003D4
0ECC5B1610C08281890FCDB516DEEC982FFF92E6B6F83FAB52725600048E21DAD75F562F407003D5
0ECC5C1610C38281900FCE4A16DEEC983FFF92F6B5F84FAB80325500048D21DAD75F562F407003D6
0ECC6C1610D38281900FCF0816DEF6983FFF92F6B5F85FAC86B25500048D21DAD75F562F407003D7
0ECCA81610E98281890FCFD716DF00983FFF92F6B5F85FAC83625500048D21DAD75F562F407003D8
0ECCB91610ED8281900FD0B716DF15984FFF92F6B6F85FAC81725500048D21DAD75F562F407003D9
0ECC8A1610DD8281890FD19A16DF35984FFF92F6B5F85FAC81325500048D21DAD75F562F407003DA
0ECC8A1610E58281890FD26C16DF3F985FFF92F6B6F85FAC81525500048D21DAD75F562F407003DB
0ECCBC1611028281890FD33416DF54985FFF92F6B5F85FAC81725700048D21DAD75F562F407003DC
0ECCFB1611268281890FD3E416DF6E985FFF92F6B6F85FAC81725800048E21DAD75F562F407003DD
0ECD4D1611548281900FD49816DF83986FFF92F6B5F85FAC81725800048D21DAD75F562F407003DE
0ECD8D1611818281820FD53316DF9D986FFF92E6B5F85FAC81725700048D21DAD75F562F407003DF
0ECDCA1611928281900FD5C616DFAC986FFF92E6B5F85FAC49325700048E21DAD75F562F407003E0
0ECDE116119A8281820FD64816DFBC987FFF92E6B5F85FAC0A325700048D21DAD75F562F407003E1
0ECDE81611998281860FD6C616DFBC987FFF92D6B6F85FAC00025600048D21DAD75F562F407003E2
0ECDDE1611958281890FD72E16DFC1987FFF92D6B5F85FAC00025400048D21DAD75F562F407003E3
0ECDCA1611848281820FD78916DFD1988FFF92C6B5F85FAC00025300048E21DAD65F562F417003E4
0ECDAB16116D8281890FD7D816DFE5989FFF92C6B6F85FAC00525300048E21DAD65F562F407003E5
0ECD8D1611668281820FD81916DFF3989FFF92B6B6F85FAC00425200048D21DAD65F562F407003E6
0ECD8616115E8281820FD84F16E011989FFF92A6B5F85FAC00325100048E21DAD65F562F407003E7
0ECD6F16114A8281820FD88916E01F98AFFF9296B5F85FAC00225100048E21DAD65F562F407003E8
0ECD431611288281820FD8C216E03998BFFF9296B6F85FAC00225000048E21DAD65F562F407003E9
0ECD061610FB82817A0FD90316E04898BFFF9286B5F85FAC00224F00048D21DAD65F562F407003EA
0ECCCA1610DA8281820FD94816E06898CFFF9276B6F85FAC00324E00048F21DAD65F562F407003EB
0ECCD01610F182817A0FD98116E07298CFFF9266B5F85FAC0D424E00048E21DAD65F562F407003EC
0ECD3516113982817A0FD9B416E08C98DFFF9256B5F85FAC5FB24F00048E21DAD65F562F407003ED
0ECD7C16116E8281820FD9E616E09C98DFFF9256B6F85FAB86E25000048F21DAD65F562F407013EE
0ECDB516119482817A0FDA0E16E09C98EFFF9246B6F86FAA8A924F00048F21DAD65F562F407003EF
0ECDF61611B68281730FD9DF16E0A198EFFF9236B6F86FAA87124E00048F21DAD65F562F407003F0
0ECDE81611BC82817A0FD90E16E0B198FFFF9226B5F86FAA85724D00048E21DAD65F562F407003F1
0ECE281611DE8281770FD7BF16E0BB98FFFF9216B6F86FAA85524D00049021DAD65F562F407003F2
0ECE641611FB8281730FD5EE16E0C0990FFF9206B6F86FAA85724C00048E21DAD65F562F407003F3
0ECE9016121C8281730FD4B116E0C5990FFF91F6B5F85FAA85824C00048F21DAD65F562F407003F4
0ECED716124D8281730FD3CE16E0C5991FFF91F6B6F86FAA85824B00048F21DAD65F562F407003F5
0ECF3216128182816B0FD32C16E0D0991FFF91E6B5F86FAA85824B00048F21DAD65F562F407003F6
0ECF681612888281730FD2FA16E0D0991FFF91D6B5F85FAA85924B00048F21DAD65F562F407003F7
0ECF5716128182816B0FD33716E0D5991FFF91C6B6F85FAA55624A00048F21DAD65F562F407003F8
0ECF4316127C82816B0FD43E16E0DA992FFF91C6B6F86FAA0EE24A00048F21DAD65F562F407003F9
0ECF4316127382816B0FD5CD16E0DF993FFF91B6B6F86FAA00024A00049021DAD65F562F407013FA
0ECF3C16126D8281640FD73916E0DF993FFF91A6B5F86FAA00024900048F21DAD65F562F407003FB
0ECF431612768281640FD73D16E0DA993FFF9196B5F86FAA00024900048F21DAD65F562F407003FC
0ECF4D1612828281550FD6C616E0DA994FFF9196B6F86FAA00524A00048F21DAD65F562F407013FD
0ECF5E1612858281730FD64B16E0E5994FFF9186B5F86FAA00424900048F21DAD65F562F407003FE
0ECF681612758281640FD59B16E0EA995FFF9176B6F86FAA00324A00049021DAD65F562F407003FF
0ECF6F16128E82815C0FD4DA16E0EF995FFF9166B5F86FAA00224A00049021DAD65F562F40700300
0ECFD01612C582815C0FD45016E0F4995FFF9166B5F86FAA00224B00049021DAD65F562F40700301
0ED00A1612E782815C0FD46916E0EF995FFF9156B6F86FAA00224B00049021DAD65F562F40700302
0ECFE81612C48281590FD4F916E0F9996FFF9156B5F86FAA00324C00049021DAD65F562F40700303
0ECF6F16126C8281550FD6FC16E0FF996FFF9146B6F86FAA03624C00049021DAD65F562F40700304
0ECF141612348281550FD87316E104996FFF9146B6F86FAA52924B00049021DAD65F562F40701305
0ECEF51612308281550FD95316E104997FFF9136B6F87FAA83924B00049021DAD65F562F40700306
0ECEF216123482814E0FD9B416E104997FFF9136B5F8AFAB8B124C00049021DAD65F562F40700307
0ECEEF1612468281550FD91C16E104997FFF9126B6F8BFAB87B24F00049121DAD65F562F40700308
0ECEFF16125182814E0FD8F116E0F9997FFF9116B6F8BFAB85A24F00049121DAD65F562F40700309
0ECF061612558281460FDA4C16E0FF998FFF9116B5F8BFAB85524F00049021DAD65F562F4070030A
0ECF1616126282814E0FDB0416E104998FFF9106B5F8BFAB85824E00049121DAD65F562F4070030B
0ECF321612758281460FDA2016E10E998FFF9106B5F8BFAB85924F00049121DAD65F562F4070030C
0ECF431612778281460FD8C516E113998FFF90F6B5F8BFAB85925000049121DAD65F562F4070030D
0ECF4A16126F8281460FD79716E113999FFF90F6B5F8BFAB85925400049021DAD65F562F4070030E
0ECF2B16125882813F0FD66516E119999FFF90E6B5F8BFAB85925500049121DAD65F562F4070030F
0ECF1416125282813F0FD53A16E113999FFF90E6B5F8AFAB57225400049121DAD65F562F40700310
0ECF3916126482813F0FD46D16E113999FFF90D6B6F8AFAB0FB25300049121DAD65F562F40700311
0ECF6116127A82813F0FD3BC16E11E999FFF90D6B6F8BFAB00025200049221DAD65F562F40700312
0ECF6816129282813F0FD31E16E11E999FFF90C6B5F8BFAB00025100049121DAD65F562F40700313
0ECF831612AF8281370FD28016E11E99AFFF90C6B6F8BFAB00025100049121DAD65F562F40700314
0ECF8D1612AF8281370FD1DF16E11E99AFFF90B6B5F8BFAB00525100049121DAD65F562F40700315
0ECF941612AC8281340FD1C816E11399AFFF90A6B6F8BFAB00525000049121DAD65F562F40701316
0ECFA81612B88281370FD29916E10499AFFF90A6B6F8BFAB00325000049121DAD65F562F40701317
0ECFC61612C28281370FD3C016E0F499AFFF9096B6F8BFAB00224F00049121DAD65F562F40700318
0ECFE81612C98281300FD45C16E0DF99AFFF9096B5F8AFAB00224F00049121DAD65F562F40701319
0ECFE51612C38281280FD46216E0CB99AFFF9086B6F8BFAB00224F00049121DAD65F562F4070031A
0ECFD71612C08281300FD3DD16E0BB99AFFF9086B6F8AFAB00324E00049121DAD65F562F4070031B
0ECFD71612CB8281300FD30116E0A699CFFF9076B5F8AFAB07B24E00049121DAD65F562F4070031C
0ECFE11612D38281300FD28B16E08799BFFF9066B6F8BFAB57D24E00049121DAD65F562F4070031D
0ECFF51612DB8281280FD23216E07299BFFF9066B6F8BFAB82D24D00049121DAD65F562F4070131E
0ED0141612D78281280FD1FB16E04E99CFFF9056B5F8BFAA88124D00049221DAD65F562F4070031F
0ECFEF1612D88281280FD1F716E02E99CFFF9056B6F8BFAA84B24D00049121DAD65F562F40701320
0ECFD41612D28281280FD1EC16E00F99CFFF9046B6F8BFAA82E24D00049121DAD65F562F40700321
0ECFE11612DB8281280FD1BB16DFEB99CFFF9036B6F8BFAA82A24E00049221DAD65F562F40701322
0ECFE81612D08281210FD15516DFD199DFFF9036B6F8BFAA82D24E00049221DAD65F562F40701323
0ECFE51612C08281280FD10E16DFB199DFFF9026B6F8BFAA82E24E00049221DAD65F562F40700324
0ECFD41612BC8281210FD0CD16DF9D99DFFF9026B5F8BFAA82E24D00049121DAD65F562F40700325
0ECFC31612BF8281280FD06316DF7D99EFFF9016B5F8BFAA82E24D00049221DAD65F562F40700326
0ECFB51612BD8281210FCFD516DF5E99EFFF9006B6F8BFAA82E24C00049121DAD65F562F40700327
0ECFB91612C38281210FCF6916DF3599FFFF9006B5F8BFAA5A024D00049221DAD65F562F40700328
0ECFBF1612BE8281210FCF1B16DF1599FFFF8FF6B6F8BFAA11B24E00049121DAD65F562F40700329
0ECFD41612BE8281120FCECB16DEF699FFFF8FF6B6F8BFAA00025000049121DAD65F562F4070032A
0ECFD71612CF82812D0FCE4216DEE199FFFF8FF6B6F8BFAA00024F00049121DAD65F562F4070032B
0ECFE51612D18281210FCDB716DEC799FFFF8FE6B6F8BFAA00024F00049121DAD65F562E4170132C
0ECFDA1612DB8281210FCD1D16DEC29A0FFF8FE6B6F8BFAA00524F00049121DAD65F562E4070032D
0ECFEB1612E98281210FCC7F16DECC9A1FFF8FE6B5F8BFAA00424F00049221DAD65F562E4070032E
0ED02516130082811A0FCC1016DEE69A1FFF8FD6B6F8BFAA00224F00049121DAD65F562E4070032F
0ED0541613038281210FCBC416DEFB9A1FFF8FD6B5F8BFAA00124E00049121DAD65F562E40700330
0ED00D1612E082811A0FCB7616DF159A2FFF8FD6B6F8BFAA00124E00049121DAD65F562E40700331
0ECFBC1612BA8281210FCB3716DF259A2FFF8FD6B5F8BFAA00224D00049121DAD65F562E40700332
0ECFA81612AA82811A0FCAEB16DF259A3FFF8FD6B5F8BFAA00324D00049121DAD65F562E40700333
0ECFDA1612D18281210FCA8916DF109A3FFF8FD6B6F8BFAA0B524D00049121DAD65F562E40700334
0ED0281613048281210FCA2516DED79A3FFF8FD6B5F8BFAA3F324D00049021DAD65F562E40700335
0ED06816131C82811A0FC9DE16DE939A4FFF8FE6B6F8BFAA55E24D00049121DAD65F562E40700336
0ED0721613198281210FC9C816DE4A9A4FFF8FE6B6F8AFAB57724E00049121DAD65F562E40701337
0ED0501613048281210FC9AF16DE079A5FFF8FE6B5F8AFAC55524F00049121DAD65F562E40700338
0ED02F1612EE82811A0FC9A016DDCA9A5FFF8FF6B6F8AFAC54624F00049121DAD65F562E40700339
0ED00D1612DE8281210FC98316DD8F9A5FFF8FF6B6F8AFAC54524F00049121DAD65F562E4070033A
0ECFE11612BC8281210FC96B16DD569A6FFF9006B5F8AFAC54624E00049021DAD65F562E4070033B
0ECF971612948281210FC96316DD379A6FFF9016B6F8AFAC54724E00049021DAD65F562E4070133C
0ECF3C16125C8281280FC96016DD129A6FFF9016B6F8AFAC54724E00049021DAD65F562E4070133D
0ECED416121C8281210FC95F16DD039A7FFF9026B5F8AFAC54724F00049121DAD65F562E4070033E
0ECE7C1611EB8281280FC94D16DCF39A7FFF9036B6F8AFAC54725000049021DAD65F562E4070133F
0ECE541611DF8281250FC93C16DCE49A7FFF9036B5F89FAC35925100049021DAD65F562E40700340
0ECE461611D58281280FC93416DCCA9A7FFF9046B5F8AFAC09425200049121DAD65F562E40700341
0ECE281611C08281280FC93016DCAA9A7FFF9056B5F89FAC00025100049021DAD65F562E40700342
0ECE241611BD8281280FC92716DC909A8FFF9066B6F8AFAC00025100049021DAD65F562E40700343
0ECE241611B68281300FC91016DC6C9A8FFF9076B6F8AFAC00025100049021DAD75F562F41700344
0ECDFA1611A28281300FC90016DC579A7FFF9086B6F8AFAC00425100049021DAD75F562F40700345
0ECDE416119A8281300FC8FA16DC389A7FFF9096B6F8AFAC00325000049021DAD75F562F40701346
0ECDE81611A68281370FC8FA16DC199A7FFF9096B5F8AFAC00325100049021DAD75F562F40700347
0ECE1E1611CD8281300FC8F516DBE99A7FFF90A6B6F8AFAC00225100049021DAD75F562F40700348
0ECE611611E98281370FC8F016DBC09A7FFF90B6B6F8AFAC00225100049021DAD75F562F40700349
0ECE5A1611E68281370FC8D616DBAC9A7FFF90C6B6F8AFAC00225100048F21DAD75F562F4070034A
0ECE351611CB82813F0FC8BF16DB8C9A7FFF90D6B6F8AFAC00325100048F21DAD75F562F4070034B
0ECE0A1611A682813F0FC8A416DB7D9A6FFF90E6B6F8AFAC05F25100048F21DAD75F562F4070034C
0ECDB916118082813F0FC89416DB6C9A6FFF90F6B5F8AFAC55725100049021DAD75F562F4070034D
0ECD901611668281460FC88716DB589A6FFF90F6B5F8AFAC82525100049021DAD75F562F4070034E
0ECD831611638281460FC87916DB3E9A5FFF9106B5F87FAB88425100048F21DAD75F562F4070034F
0ECD9E16116A8281460FC87116DB249A5FFF9116B6F83FAA84F25100049021DAD75F562F40700350
0ECDA516117582814E0FC86016DB1A9A3FFF9116B5F82FAA83125100049021DAD75F562F40701351
0ECD8616115F8281460FC85816DB0E9A3FFF9126B5F83FAA82D25700048F21DAD75F562F40700352
0ECD5016113A82813F0FC84D16DB009A2FFF9136B5F83FAA82F25D00048F21DAD75F562F40700353
0ECD281611238281680FC84A16DAF69A1FFF9136B6F83FAA83025D00048F21DAD75F562F40701354
0ECD1016111D8281550FC84316DAFB9A1FFF9146B5F83FAA83025900048F21DAD75F562F40700355
0ECD0D16111D8281550FC83E16DAF09A0FFF9146B6F83FAA83025700048F21DAD75F562F40701356
0ECD0616111E82815C0FC83116DAEF99FFFF9156B5F83FAA83125500048F21DAD75F562F40700357
0ECD0616111982815C0FC82A16DAF099EFFF9156B5F83FAA51825500048E21DAD75F562F40700358
0ECCCF1610FF82815C0FC82916DAEB99EFFF9166B5F83FAA0D925400048F21DAD75F562F40700359
0ECC9B1610D88281640FC82616DAEB99DFFF9166B5F83FAA00025400048F21DAD75F562F4070035A
0ECC861610CD8281640FC81B16DAF099CFFF9176B5F83FAA00025600048F21DAD75F562F4070135B
0ECCA81610E082816B0FC81716DAF499CFFF9176B6F83FAA00025800048F21DAD65F562F4170035C
0ECCBC1610F08281640FC80616DAF699BFFF9176B5F83FAA00525900048F21DAD65F562F4070035D
0ECCB91610F282816B0FC80616DB00999FFF9176B5F83FAA00425800048F21DAD65F562F4070035E
0ECCC61610F88281730FC7FE16DB00999FFF9176B6F83FAA00225600048F21DAD65F562F4070035F
0ECCC316110182816B0FC7F716DB0A998FFF9186B5F83FAA00225500048F21DAD65F562F40700360
0ECCE01611088281730FC7EC16DB13997FFF9186B5F83FAA00225400048E21DAD65F562F40700361
0ECCEB16110D8281730FC7E116DB10996FFF9186B5F83FAA00225500048F21DAD65F562F40700362
0ECCC01610E882817A0FC7D716DB1A995FFF9196B5F83FAA00325500048F21DAD65F562F40700363
0ECC511610A582816B0FC7C816DB1F994FFF9196B5F83FAA0D125500048F21DAD65F562F40701364
0ECC2216108982818D0FC7CC16DB24993FFF9196B5F83FAA40725500048E21DAD65F562F40700365
0ECC1416108782817A0FC7C116DB2D992FFF9196B5F83FAA56025500048E21DAD65F562F40701366
0ECC1216107D82817A0FC7B616DB3E991FFF9196B5F83FAA57425500048E21DAD65F562F40700367
0ECC0016106D82817A0FC7AC16DB44991FFF91A6B5F82FAA55125400048E21DAD65F562F40700368
0ECBDB1610538281820FC7A816DB58990FFF91A6B6F82FAA54325400048E21DAD65F562F40701369
0ECBB61610408281890FC7A116DB5E98FFFF91A6B5F82FAA54225400048E21DAD65F562F4070136A
0ECB981610308281820FC7A516DB6798EFFF91A6B5F82FAA54425400048E21DAD65F562F4070036B
0ECB7916101E8281820FC7A816DB6D98DFFF91A6B5F82FAA54525400048E21DAD65F562F4070036C
0ECB621610128281890FC7AC16DB5898DFFF91B6B5F82FAA54425400048E21DAD65F562F4070036D
0ECB4A1610038281820FC7B316DB5398CFFF91B6B5F82FAA54425400048E21DAD65F562F4070036E
0ECB39160FF58281890FC7C116DB4998BFFF91B6B5F82FAA54525400048E21DAD65F562F4070036F
0ECB25160FE28281890FC7C816DB4D98AFFF91B6B5F82FAA34225500048E21DAD65F562F40700370
0ECB0A160FDD8281890FC7D016DB5E989FFF91C6B5F82FAA08A25700048E21DAD65F562F40700371
0ECAF2160FDC8281890FC7EC16DB78989FFF91C6B5F82FAA00025800048E21DAD65F562F40700372
0ECAE9160FE88281890FC85816DB72988FFF91C6B5F82FAA00025800048F21DAD65F562F40700373
0ECAF0160FEC82818D0FC90E16DB6D987FFF91C6B5F82FAA00025600048E21DAD65F562F40701374
0ECAF6160FF78281890FC9C416DB5C987FFF91D6B5F82FAA00425500048E21DAD65F562F40700375
0ECAF61610028281890FCA6A16DB82986FFF91D6B5F82FAA00325500048F21DAD65F562F40701376
0ECAF61610138281890FCB1916DBD0985FFF91D6B5F82FAA00325500048F21DAD65F562F40701377
0ECB181610278281900FCC0116DC28985FFF91D6B6F82FAA00225600048E21DAD65F562F40700378
0ECB511610438281890FCD2816DC52984FFF91D6B5F82FAA00225500048E21DAD65F562F40700379
0ECB7D16105D8281890FCE2A16DC67984FFF91D6B5F82FAA00125500048E21DAD65F562F4070137A
0ECBAC16107E8281890FCEF716DC6C983FFF91D6B6F82FAA00225400048E21DAD65F562F4070137B
0ECBF01610A28281900FCF7016DC86983FFF91D6B5F82FAA0A225400048E21DAD65F562F4070037C
0ECC361610C08281890FCFCC16DC8B982FFF91D6B5F82FAA5C625400048F21DAD65F562F4070037D
0ECC801610E28281890FD02416DC9B981FFF91D6B6F82FAA86425400048E21DAD65F562F4070037E
0ECCC01610F78281820FD07E16DCB5981FFF91D6B5F82FAA8AD25300048F21DAD65F562F4070037F
0ECCB21610FA8281890FD0C216DCF8981FFF91D6B5F82FAA87625300048F21DAD65F562F40700380
0ECCCA1611058281890FD0FB16DD12981FFF91D6B5F83FAA85A25100048F21DAD65F562F40700381
0ECCDB1611058281890FD13116DD32980FFF91D6B6F83FAA85725100048F21DAD65F562F40701382
0ECCBE1610E78281820FD16B16DD32980FFF91D6B5F83FAA85925200048E21DAD65F562F40700383
0ECC8A1610C78281860FD1B016DD32980FFF91D6B6F83FAA85A25200048F21DAD65F562F40701384
0ECC801610C18281820FD1F416DD3797FFFF91D6B6F83FAA85A25300048E21DAD65F562F40701385
0ECC6C1610B18281820FD23416DD4C97FFFF91D6B5F83FAA85A25300048E21DAD65F562F40700386
0ECC4716108D8281820FD26316DD6697FFFF91C6B5F83FAA85B25300048E21DAD65F562F40700387
0ECC0316107A82817A0FD29016DD8597FFFF91C6B5F83FAA5AA25100048E21DAD65F562F40700388
0ECC2D1610AD8281820FD2B216DDA497FFFF91C6B5F83FAA11725100048F21DAD65F562F40701389
0ECCA51611088281730FD2E816DDDD97FFFF91B6B6F83FAA00025000048E21DAD65F562F4070138A
0ECD2F1611548281820FD35416DE2197FFFF91B6B6F83FAA00024F00048F21DAD65F562F4070038B
0ECD941611868281730FD41316DE5097FFFF91B6B5F83FAA00024F00048F21DAD65F562F4070038C
0ECDCD1611A28281730FD4E316DE4C97FFFF91B6B5F83FAA00524F00048F21DAD65F562F4070038D
0ECDEF1611BD8281730FD5A216DE6497FFFF91A6B5F83FAA00524F00048E21DAD65F562F4070138E
0ECE4D1611F382817A0FD66816DE8E97FFFF91A6B5F83FAA00324F00048F21DAD65F562F4070138F
0ECEA416122A82816B0FD72416DEAD97FFFF9196B5F83FAA00224F00048F21DAD65F562F40700390
0ECED016124A8281730FD81C16DEE197FFFF9196B5F83FAA00224E00048E21DAD65F562F40700391
0ECF1E16127482816B0FD91516DF2097FFFF9196B6F83FAA00226C00048F21DAD65F562F40701392
0ECF571612928281640FDA4F16DF4997FFFF9196B5F83FAA00229500048F21DAD65F562F40700393
0ECF831612A08281680FDBD316DF5E97FFFF9186B5F83FAA11B29500048F21DAD65F562F40700394
0ECF9A1612A38281640FDD5416DF7D97FFFF9186B5F83FAA6AD28200048F21DAD65F562F40701395
0ECFA11612B18281640FDEDB16DF8D97FFFF9186B6F83FAA92F27100048F21DAD65F562F40701396
0ECFD01612DB8281640FE06516DFA7980FFF9176B5F83FAA96226500048F21DAD65F562F40701397
0ED01E16131982815C0FE1DA16DFB1980FFF9176B5F85FAB92625E00048F21DAD65F562F40700398
0ED07C16134482815C0FE31D16DFBC980FFF9176B5F88FAC90B25900048F21DAD65F562F40700399
0ED0A816135482815C0FE44616DFBC980FFF9166B6F88FAC90925600048F21DAD65F562F4070139A
0ED0CD16136D8281550FE4C916DFC6980FFF9166B6F88FAC90B25400049021DAD65F562F4070039B
0ED1001613788281550FE27916DFD6980FFF9166B6F88FAC90D25200048F21DAD65F562F4070139C
0ED0FC16137A8281550FDFBB16DFD6980FFF9156B6F88FAC90D25000049021DAD65F562F4070039D
0ED0FC16137382814E0FDEED16DFDB981FFF9156B6F88FAC90C24F00049021DAD65F562F4070039E
0ED0E516134B8281550FDD3316DFE0981FFF9156B6F88FAC90D24F00049021DAD65F562F4070039F
0ED09E1613208281460FDC6616DFE5981FFF9156B5F88FAC60324D00049121DAD65F562F407003A0
0ED06B16130782814E0FDBD516DFF0981FFF9146B5F88FAC11E24D00049021DAD65F562F407003A1
0ED0391612FA8281460FDABF16DFE5981FFF9136B5F88FAC00024C00049021DAD65F562F407003A2
0ED0281612F18281460FD88516DFF0981FFF9136B5F88FAC00024C00049121DAD65F562F407013A3
0ED0321612F48281460FD75216E000981FFF9126B5F88FAC00024D00049021DAD65F562F407003A4
0ED02F1612FB82813F0FD74016E00A981FFF9126B6F88FAC00524F00049021DAD65F562F407013A5
0ED0281612F18281280FD7A216E00F982FFF9116B6F88FAC00524F00049021DAD65F562F407013A6
0ECFFC1612DB8281520FD7C616E00F982FFF9116B6F88FAC00324F00049021DAD65F562F407013A7
0ECFF91612D182813F0FD73616E014982FFF9106B6F88FAC00224E00049021DAD65F562F407003A8
0ED01A1612D68281370FD6F116E000983FFF90F6B6F88FAC00124E00049021DAD65F562F407013A9
0ED0171612CF8281370FD7A516DFF5983FFF90F6B5F88FAC00224D00049021DAD65F562F407013AA
0ECFAB1612838281370FD83916DFCB983FFF90E6B6F88FAC00224E00049121DAD65F562F407003AB
0ECF0A1612308281300FD7D816DFA7983FFF90D6B6F88FAC08824E00049021DAD65F562F407013AC
0ECEDE1612258281370FD6B016DF6E983FFF90D6B6F88FAC5B924E00049021DAD65F562F407013AD
0ECEE816122E8281300FD59016DF3A983FFF90B6B5F88FAC87824D00049121DAD65F562F407013AE
0ECEEF1612278281300FD4B116DF06983FFF90B6B6F88FAC8CB24D00049121DAD65F562F407013AF
0ECED41612158281280FD3F216DEDC983FFF90A6B5F88FAC89324C00049121DAD65F562F407003B0
0ECEBF16120E8281300FD37B16DEB2983FFF9096B5F89FAC87624B00049121DAD65F562F407003B1
0ECEC31612138281280FD2FA16DE89983FFF9096B5F89FAC87224B00049021DAD65F562F407013B2
0ECED41612218281300FD29216DE5F983FFF9086B5F89FAC87524D00049121DAD65F562F407013B3
0ECEDE1612338281280FD23116DE36983FFF9076B5F89FAC87624D00049021DAD65F562F407003B4
0ECEE71612418281280FD19E16DDF9982FFF9076B6F89FAC87624D00049121DAD65F562F407013B5
0ECF031612468281280FD11516DDCE982FFF9066B5F89FAC87624C00049121DAD65F562F407013B6
0ECF281612528281280FD09316DDA9982FFF9056B5F89FAC87624C00049121DAD65F562F407003B7
0ECF3F16125F8281280FCFFE16DD8F982FFF9056B5F89FACB0B24C00049121DAD65F562F407003B8
0ECF541612708281210FCF5416DD7A981FFF9046B6F89FACF0D24B00049121DAD65F562F407013B9
0ECF6F1612798281280FCEBD16DD6B981FFF9036B5F89FACFFF24B00049121DAD65F562F407013BA
0ECF9016128D8281250FCE4916DD70981FFF9026B5F89FACFFF24B00049121DAD65F562F407003BB
0ECF941612978281280FCDE916DD75981FFF9026B5F89FACFF924B00049121DAD65F562F407003BC
0ECF8616129F8281210FCDA016DD6B980FFF9016B5F89FACFED24C00049121DAD65F562F407003BD
0ECF831612A58281280FCD6F16DD5697FFFF9016B5F89FACFEE24D00049221DAD65F562F407003BE
0ECF8A1612A78281210FCD4B16DD3D97FFFF9006B5F89FACFEF24D00049221DAD65F562F407003BF
0ECF861612A08281280FCD2116DD3297EFFF8FF6B6F89FACFF024D00049221DAD65F562F407003C0
0ECF791612978281210FCCF516DD1297DFFF8FF6B6F89FACFF024D00049121DAD65F562F407003C1
0ECF721612978281280FCCB916DCD497DFFF8FE6B5F89FACFF025400049221DAD65F562F407003C2
0ECF8A1612A48281280FCC5416DCA097CFFF8FD6B5F89FACFF02A300049221DAD65F562F407003C3
0ECF831612A08281210FCBF316DC6797BFFF8FD6B6F89FACF912D300049221DAD65F562F407003C4
0ECF7F16129D8281280FCBC516DC3397BFFF8FC6B6F89FACB022C300049221DAD65F562F407013C5
0ECF7916129A8281210FCB8316DBF997AFFF8FC6B5F89FAC87D2A200049221DAD65F562F407003C6
0ECF751612988281280FCB2316DBD0979FFF8FB6B5F89FAC82B28A00049221DAD65F562F407013C7
0ECFBF1612BA8281280FCACB16DBBB978FFF8FB6B6F89FAC85B27A00049121DAD65F562F407003C8
0ED0171612E38281280FCA7F16DB9C977FFF8FB6B6F8AFAB87726E00049121DAD65F562F407013C9
0ED06516130F8281280FCA5016DB82976FFF8FB6B5F8AFAB87A26500049221DAD65F562F407003CA
0ED08316131B8281280FCA3416DB68975FFF8FA6B6F8AFAB87725E00049221DAD65F562F407013CB
0ED0401612FA8281300FCA1E16DB52974FFF8FA6B5F8AFAB87725900049221DAD65F562F407013CC
0ED0171612E68281280FCA1716DB44973FFF8FA6B6F8AFAB87725500049221DAD65F562F407003CD
0ED02B1612F28281300FCA1316DB24972FFF8FA6B6F8AFAB87725300049221DAD65F562F407013CE
0ED0211612F482811A0FCA1316DB0A971FFF8FA6B6F8AFAB87725200049221DAD65F562F407003CF
0ED0171612EF8281430FCA0C16DAE6970FFF8FA6B6F8AFAB4BD25200049221DAD65F562F407013D0
0ED0141612EA8281300FCA1016DAC596FFFF8FA6B6F8AFAB0A625100049221DAD65F562F407013D1
0ED00D1612DD8281300FCA1316DAAD96EFFF8FA6B5F89FAB00025000049221DAD65F562F407013D2
0ECFF91612C48281300FCA1716DA8396DFFF8FA6B6F8AFAB00025000049121DAD65F562F407013D3
0ECFCD1612A58281370FCA1A16DA7996BFFF8FA6B6F8AFAB00024F00049121DAD75F562F417013D4
0ECF6116126D8281300FCA0C16DA5D96AFFF8FA6B5F8AFAB00624F00049221DAD75F562F407003D5
0ECEF916122B8281370FC9F316DA4F969FFF8FB6B5F8AFAB00424F00049121DAD75F562F407003D6
0ECE971611FA8281370FC9DD16DA3B967FFF8FB6B5F8AFAB00324E00049121DAD75F562F407003D7
0ECE571611D38281370FC9DA16DA35966FFF8FB6B5F8AFAB00224D00049221DAD75F562F407013D8
0ECE171611A48281370FC9CB16DA28965FFF8FB6B5F8AFAB00224D00049221DAD75F562F407003D9
0ECDD716117B82813F0FC9C816DA16963FFF8FC6B5F8AFAB00224E00049221DAD75F562F407003DA
0ECDA11611688281370FC9B916DA07962FFF8FC6B5F8AFAB00324E00049221DAD75F562F407013DB
0ECD8316115F82813F0FC9AE16DA07961FFF8FD6B5F8AFAB08624E00049221DAD75F562F407003DC
0ECD7216115882813F0FC9A116DA0495FFFF8FD6B6F8AFAB5B324F00049121DAD75F562F407003DD
0ECD6516114B8281460FC99516DA0795DFFF8FE6B6F8AFAB87324F00049221DAD75F562F407013DE
0ECD5016113A82813F0FC99216DA0195CFFF8FE6B6F8AFAB8C825000049221DAD75F562F407003DF
0ECD401611348281460FC98A16D9F795BFFF8FF6B5F8AFAB89025100049221DAD75F562F407013E0
0ECD351611348281460FC98716D9FF95AFFF8FF6B5F87FA987325100049221DAD75F562F407003E1
0ECD3C16114282813F0FC98116D9FC958FFF9006B5F86FA886F25000049221DAD75F562F407013E2
0ECD4016114782814A0FC97C16DA01957FFF9006B5F85FA887125100049221DAD75F562F407013E3
0ECD3C16114C82814E0FC97216DA01955FFF9016B5F86FA887325100049221DAD75F562F407003E4
0ECD4D1611508281460FC96A16D9FF954FFF9016B5F86FA887325100049221DAD75F562F407003E5
0ECD5416114E82814E0FC96616D9FC953FFF9026B6F86FA887325100049221DAD75F562F407013E6
0ECD4616113782814E0FC96016D9F7951FFF9026B5F86FA887325100049221DAD75F562F407003E7
0ECD171611108281550FC95C16DA01950FFF9036B5F86FA859525100049121DAD75F562F407003E8
0ECCE81610ED82814E0FC95916D9F494FFFF9036B5F86FA810825200049121DAD75F562F407003E9
0ECCC01610D08281550FC95416D9FC94EFFF9046B5F86FA800025300049121DAD75F562F407003EA
0ECC791610AF8281550FC95116D9FC94DFFF9046B6F86FA800025300049221DAD75F562F407013EB
0ECC2216107F8281550FC94E16D9F794CFFF9056B5F86FA800025200049221DAD75F562F407003EC
0ECBE61610518281550FC94D16D9F994BFFF9056B5F86FA800525200049121DAD75F562F407003ED
0ECBCD16104982815C0FC95116D9FC94AFFF9066B5F86FA800525200049121DAD75F562F407003EE
0ECBEC16106C8281550FC94E16D9FC949FFF9066B5F86FA800325200049121DAD75F562F407003EF
0ECC1E16108782815C0FC94D16DA01948FFF9076B5F86FA800225200049121DAD75F562F407003F0
0ECC1116107282815C0FC95216D9FF947FFF9076B5F85FA800225300049121DAD75F562F407013F1
0ECBD416104382815C0FC95116DA01946FFF9086B5F86FA800225300049121DAD75F562F407013F2
0ECBBA16103682815C0FC94D16DA01945FFF9096B5F86FA800325200049121DAD75F562F407013F3
0ECBCD1610498281640FC94B16DA01945FFF9096B5F86FA808725200049121DAD75F562F407013F4
0ECBDE1610718281610FC94616DA0E943FFF90A6B5F86FA859925300049121DAD75F562F407013F5
0ECC171610948281640FC94416DA07943FFF90B6B6F86FA884725400049121DAD75F562F407013F6
0ECC0D1610A28281640FC94616DA0C943FFF90B6B5F86FA889925500049121DAD75F562F407013F7
0ECC361610AD8281640FC94216DA16942FFF90C6B5F86FA886225500049121DAD75F562F407013F8
0ECC591610B38281640FC94716DA19941FFF90D6B5F86FA984525400049021DAD75F562F407013F9
0ECC511610A182816B0FC94216DA1B941FFF90D6B5F86FAA84125400049021DAD75F562F407003FA
0ECC2C16109482816B0FC94416DA1B941FFF90E6B5F86FAA84425400049021DAD75F562F407003FB
0ECC111610808281640FC94216DA21940FFF90E6B5F86FAA84525500049121DAD75F562F407003FC
0ECBFD16106D82816B0FC93F16DA1E93FFFF90F6B5F86FAA84525500049121DAD75F562F407013FD
0ECBE216104B82816B0FC94416DA2693FFFF90F6B6F86FAA84525600049121DAD75F562F407003FE
0ECBBA16102B8281640FC93F16DA2B93FFFF9106B5F86FAA84525700049021DAD75F562F407003FF
0ECB8E16100C8281730FC93B16DA2693FFFF9116B5F86FAA56025700049021DAD75F562F40701300
0ECB6C160FFE82816B0FC94016DA1E93EFFF9116B5F86FAA0F725700049121DAD75F562F40701301
0ECB47160FF082816B0FC93B16DA2193EFFF9126B5F86FAA00025700049021DAD75F562F40701302
0ECB33160FE48281730FC94016DA2193EFFF9126B5F86FAA00025500049021DAD75F562F40700303
0ECB17160FDB82816B0FC93816DA2193DFFF9136B5F86FAA00025500049021DAD75F562F40701304
0ECB07160FD88281730FC93F16DA1693DFFF9146B5F86FAA00525500049021DAD75F562F40700305
0ECAFD160FD482816F0FC93C16DA1993DFFF9146B5F86FAA00425500049021DAD75F562F40700306
0ECAFD160FD28281730FC93F16DA1193DFFF9156B5F86FAA00325500049021DAD75F562F40701307
0ECAFA160FD38281730FC94016DA0C93DFFF9156B5F86FAA00225500049021DAD75F562F40700308
0ECAF6160FD382816B0FC94216DA0793DFFF9166B5F86FAA00225500049021DAD75F562F40701309
0ECB00160FDE8281730FC94216DA0493DFFF9176B5F86FAA00225600048F21DAD75F562F4070130A
0ECB15160FE982817A0FC94B16D9FC93DFFF9176B6F86FAA00325700048F21DAD75F562F4070130B
0ECB1F160FE08281730FC94D16D9F293DFFF9186B5F86FAA07525600049021DAD75F562F4070030C
0ECB18160FCA8281730FC95116D9ED93DFFF9186B5F86FAA5A125600048F21DAD75F562F4070030D
0ECAEB160FB88281730FC95916D9EA93DFFF9196B5F85FAA87425600049021DAD75F562F4070130E
0ECAC4160FA98281730FC95C16D9ED93DFFF9196B5F86FAA8CF25700049021DAD75F562F4070030F
0ECAA6160F8B82817A0FC96716D9F293DFFF91A6B5F86FAA89725700049021DAD75F562F40701310
0ECA84160F738281730FC97C16D9EA93DFFF91A6B5F85FAA87925700048F21DAD75F562F40701311
0ECA52160F6782817A0FC9A716D9ED93DFFF91B6B5F83FAB87525700048F21DAD75F562F40701312
0ECA3C160F528281730FC9E516D9E893EFFF91B6B5F83FAB87725800049021DAD75F562F40701313
0ECA37160F4482817A0FCA3416D9E293EFFF91C6B5F83FAB87925700048F21DAD75F562F40701314
0ECA47160F4C8281730FCA9816D9EF93EFFF91C6B5F83FAB87925700049021DAD75F562F40701315
0ECA58160F5B8281640FCB0516D9ED93FFFF91D6B5F83FAB87925600048F21DAD75F562F40701316
0ECA5A160F6E82818D0FCB6F16D9FC93FFFF91D6B6F83FAB87925500049021DAD75F562F40701317
0ECA5F160F7E82817A0FCBE016DA0193FFFF91D6B5F83FAB5B025500048F21DAD75F562F40701318
0ECA81160F828281730FCC4616DA1993FFFF91E6B6F83FAB11425500048F21DAD75F562F40701319
0ECA7A160F8582817A0FCC9816DA26940FFF91E6B5F83FAB00025500048F21DAD75F562F4070131A
0ECA6E160F8782817A0FCCE716DA3B941FFF91E6B5F83FAB00025500048F21DAD75F562F4070131B
0ECA73160F8A82817A0FCD2C16DA55941FFF91E6B5F83FAB00025700048F21DAD65F562F4170131C
0ECA6C160F898281730FCD6C16DA64941FFF91E6B5F83FAB00525900048F21DAD65F562F4070131D
0ECA70160F8A82817A0FCDA716DA77941FFF91E6B5F83FAB00525900048F21DAD65F562F4070131E
0ECA83160F8582817A0FCDE216DA8E942FFF91E6B5F83FAB00325900048E21DAD65F562F4070031F
0ECABA160F9C8281730FCE1816DA9D943FFF91E6B6F83FAB00225A00048F21DAD65F562F40701320
0ECACB160FAC82817A0FCE5F16DAA8943FFF91E6B5F83FAB00225A00048F21DAD65F562F40700321
0ECAC7160FBA82817A0FCEA716DAB5943FFF91E6B6F83FAB00225A00048F21DAD65F562F40701322
0ECABA160FDC8281730FCF1716DAC2944FFF91E6B5F83FAB00325900048F21DAD65F562F40701323
0ECAC616101082817A0FCF8D16DACC946FFF91E6B6F83FAB14725900048F21DAD65F562F40701324
0ECB1516102C82817A0FD01216DAE1946FFF91E6B5F83FAB63325700048F21DAD65F562F40700325
0ECB511610398281730FD09616DB00946FFF91E6B5F83FAB83E25700048F21DAD65F562F40701326
0ECB6F16104B8281770FD10E16DB38947FFF91E6B6F83FAB85B25600048F21DAD65F562F40701327
0ECB8316105682817A0FD17D16DB68948FFF91D6B5F83FAB82625600048F21DAD65F562F40701328
0ECBA21610538281730FD1E516DB87949FFF91D6B6F83FAB81025600048F21DAD65F562F40701329
0ECBAF1610458281730FD24416DBA6949FFF91D6B5F83FAC80F25600049021DAD65F562F4070032A
0ECBB316103D82817A0FD2A416DBB194AFFF91C6B6F83FAC81125500048F21DAD65F562F4070032B
0ECB8E16102D8281730FD2F616DBC594BFFF91C6B6F83FAC81225900048F21DAD65F562F4070032C
0ECB5E16102F8281730FD34616DBDA94BFFF91B6B5F83FAC81225F00048F21DAD65F562F4070032D
0ECB5E1610478281730FD38D16DBEA94CFFF91B6B6F83FAC81225F00049021DAD65F562F4070132E
0ECB8E16104C82816B0FD3CF16DBFA94DFFF91B6B6F83FAC81225E00048F21DAD65F562F4070132F
0ECB7D1610408281730FD41616DC0E94EFFF91A6B5F83FAC5EA26000048F21DAD65F562F40701330
0ECB691610308281730FD44916DC2894FFFF91A6B5F83FAC14B26100048F21DAD65F562F40700331
0ECB7D16103882816B0FD48216DC4794FFFF9196B5F83FAC00025F00049021DAD65F562F40700332
0ECBC016103F82816B0FD4B816DC7C951FFF9196B6F83FAC00025C00048F21DAD65F562F40700333
0ECBA216101482816B0FD4F916DCAA951FFF9196B5F83FAC00025900048F21DAD65F562F40700334
0ECB22160FE08281730FD54816DCCA952FFF9186B6F83FAC00525800049021DAD65F562F40701335
0ECAC7160FB88281640FD59716DCE9953FFF9176B6F83FAC00525700049021DAD65F562F40701336
0ECA91160F918281550FD5F516DCFE954FFF9176B6F83FAC00325600048F21DAD65F562F40701337
0ECA72160F8082817E0FD66816DD18955FFF9176B6F83FAC00225500049021DAD65F562F40701338
0ECA62160F7A82816B0FD6D816DD1D956FFF9166B5F83FAC00125400048F21DAD65F562F40700339
0ECA37160F6D8281640FD76416DD3D957FFF9166B6F83FAC00225400049021DAD65F562F4070133A
0ECA3A160F748281640FD80016DD51958FFF9156B5F83FAC00225300048F21DAD65F562F4070033B
0ECA8E160FC78281640FD8C216DD6B959FFF9156B5F83FAC0C525200049021DAD65F562F4070133C
0ECB9516106482815C0FD9BB16DD8A95AFFF9146B5F83FAC5EA25100049021DAD65F562F4070033D
0ECC651610DC8281640FDAE716DDA995BFFF9146B6F83FAC86925100048F21DAD65F562F4070133E
0ECCEF16112082815C0FDC1816DDC395BFFF9146B6F83FAC8A725100049021DAD65F562F4070133F
0ECD7916115C82815C0FDD3716DDD395CFFF9136B5F83FAC87025400048F21DAD65F562F40701340
0ECDB216117282815C0FDE3F16DDE295DFFF9136B5F83FAC85525500049021DAD65F562F40701341
0ECD9716117182815C0FDF2716DDF795EFFF9126B5F83FAB85325400049021DAD65F562F40701342
0ECD9716117B82815C0FE01116DE1695FFFF9126B6F83FAA85525400049021DAD65F562F40701343
0ECDB51611918281550FE0FA16DE37960FFF9116B5F84FAA85625500049021DAD65F562F40700344
0ECDE41611AF82815C0FE1CC16DE55961FFF9116B6F83FAA85625500049021DAD65F562F40701345
0ECE1F1611D08281550FE29D16DE74961FFF9116B6F83FAA85625300049021DAD65F562F40701346
0ECE3C1611DE82813F0FE35A16DE8E962FFF9106B6F83FAA85625300049021DAD65F562F40701347
0ECE501611E98281640FE40916DEB8963FFF9106B6F83FAA50D25400049021DAD65F562F40701348
0ECE641611ED8281520FE4BA16DEDC964FFF90F6B6F83FAA0CD25400049021DAD65F562F40701349
0ECE641611E082814E0FE56E16DEFB965FFF90F6B6F83FAA00025400049021DAD65F562F4070134A
0ECE461611D282814E0FE62916DF25965FFF90F6B6F83FAA00025500049021DAD65F562F4070134B
0ECE141611C982814E0FE6C116DF49966FFF90E6B6F83FAA00028900049121DAD65F562F4070134C
0ECE281611DF82814E0FE74316DF69967FFF90E6B5F84FAA0052F700049121DAD65F562F4070034D
0ECE611611FA8281460FE7AD16DF7D968FFF90D6B6F83FAA00430D00049121DAD65F562F4070134E
0ECE7F1611F082814E0FE80216DF97969FFF90D6B5F84FAA0032E500049121DAD65F562F4070034F
0ECE3C1611D28281460FE84316DFB7969FFF90D6B6F83FAA0022B900049121DAD65F562F40701350
0ECE1E1611C88281460FE87D16DFCB96AFFF90C6B6F83FAA00129A00049121DAD65F562F40701351
0ECDF916119C8281460FE8BA16DFDB96BFFF90B6B6F83FAA00228800049121DAD65F562F40701352
0ECDB616116C82813F0FE90A16DFE596CFFF90B6B5F84FAA00227B00049221DAD65F562F40701353
0ECD971611788281460FE96816DFFA96DFFF90A6B5F84FAA02327100049221DAD65F562F40701354
0ECDDA1611A082813F0FE9BC16E00596DFFF90A6B6F83FAA4FC26800049121DAD65F562F40701355
0ECE061611BC82813F0FEA1916E01496EFFF9096B5F83FAA82726100049221DAD65F562F40701356
0ECE1E1611C382813F0FEA7716E02496FFFF9096B5F84FAA8AB25C00049221DAD65F562F40701357
0ECE241611CC82813F0FEACE16E024970FFF9096B5F84FAA87725900049221DAD65F562F40701358
0ECE2F1611D082813F0FEB1A16E02E971FFF9086B6F83FAA85525700049221DAD65F562F40701359
0ECE391611D78281370FEB6216E034971FFF9076B5F84FAA84F25500049221DAD65F562F4070135A
0ECE431611DE82813F0FEB8A16E03E972FFF9076B5F85FAA85225500049221DAD65F562F4070135B
0ECE541611E68281340FE9DC16E048972FFF9076B6F85FAA85325400049221DAD65F562F4070135C
0ECE681611EF8281370FE6F416E04E973FFF9066B6F85FAA85325600049221DAD65F562F4070135D
0ECE7F1611F38281370FE51016E058974FFF9066B6F85FAA85325B00049221DAD65F562F4070035E
0ECE971611FD8281370FE49916E058975FFF9056B6F85FAA85425C00049221DAD65F562F4070035F
0ECEA616120A8281370FE42916E05D975FFF9056B6F85FAA51425900049221DAD65F562F40701360
0ECEAB1612088281370FE35F16E068976FFF9056B5F85FAA0D125500049221DAD65F562F40701361
0ECEA41612078281300FE23C16E062977FFF9046B6F85FAA00025100049221DAD65F562F40701362
0ECEA41612078281300FE0CE16E058978FFF9046B5F85FAA00025000049221DAD65F562F40701363
0ECEAF1612038281370FDF6116E053979FFF9036B6F85FAA00024E00049221DAD65F562F40701364
0ECEA41612068281370FDDC116E039979FFF9036B6F85FAA00524D00049221DAD65F562F40701365
0ECE9016120A8281300FDC2C16E01F97AFFF9036B6F85FAA00424D00049221DAD65F562F40701366
0ECE8A1612098281300FDB1216DFF097BFFF9036B6F85FAA00224D00049221DAD65F562F40701367
0ECE971612038281280FDA2416DFB797CFFF9026B6F85FAA00124D00049221DAD65F562F40700368
0ECE9A1611FF8281370FD94816DF7897DFFF9026B6F85FAA00124C00049221DAD65F562F40701369
0ECE9A1611FD8281280FD86F16DF3F97DFFF9026B6F85FAA00224D00049321DAD65F562F4070136A
0ECE8D1611F98281370FD7A516DEFB97FFFF9026B6F85FAA00324D00049321DAD65F562F4070036B
0ECE861611F18281280FD6A616DEBD97FFFF9026B6F85FAA16124E00049321DAD65F562F4070136C
0ECE641611E68281300FD55E16DE79980FFF9026B6F85FAA4AD24E00049321DAD65F562F4070136D
0ECE611611E48281300FD44916DE40981FFF9026B6F85FAA5D524F00049321DAD65F562F4070136E
0ECE681611E48281300FD31716DE07981FFF9036B6F85FAA5D725100049321DAD65F562F4070136F
0ECE681611E082812D0FD1DE16DDD8982FFF9036B5F85FAA5B325400049321DAD65F562F40701370
0ECE771611D88281300FD0BA16DD9A983FFF9036B5F85FAA5A725700049221DAD65F562F40700371
0ECE641611C98281300FCFD916DD57984FFF9036B6F85FAA5A725700049221DAD65F562F40701372
0ECE541611BB8281300FCF1016DD0D985FFF9046B6F86FAB5A925600049221DAD65F562F40701373
0ECE321611A78281280FCE7F16DCC4986FFF9046B5F87FAB5A925500049221DAD65F562F40701374
0ECDFC1611878281370FCDF816DC9B986FFF9046B6F87FAB5A925400049221DAD65F562F40701375
0ECDC61611718281280FCD4D16DC76987FFF9056B6F87FAB5A925300049321DAD65F562F40701376
0ECD9E1611678281370FCC7116DC4D988FFF9056B6F87FAB5A925300049221DAD65F562F40701377
0ECD861611548281300FCBAA16DC3D989FFF9056B5F87FAB3D625400049221DAD65F562F40701378
0ECD8A1611458281300FCB3216DC32989FFF9056B6F87FAB0BD25300049221DAD65F562F40701379
0ECD751611428281300FCAE416DC3898AFFF9066B6F87FAB00025300049221DAD65F562F4070137A
0ECD6516113C8281370FCAB416DC5298BFFF9066B6F87FAB00025300049221DAD65F562F4070137B
0ECD6F1611398281300FCA9C16DC6298CFFF9066B6F87FAB00025300049321DAD75F562E4170137C
0ECD7216112F8281370FCA7016DC7698CFFF9076B5F87FAB00425300049221DAD75F562E4070037D
0ECD6F16112A8281300FCA3716DC8698DFFF9076B5F87FAB00325300049221DAD75F562E4070037E
0ECD5E16111D8281370FCA0516DC8B98EFFF9076B6F87FAB00325300049221DAD75F562E4070137F
0ECD4A16110D8281370FC9D316DC8B98EFFF9086B5F87FAB00225300049221DAD75F562E40700380
0ECD171610F78281370FC96316DC9098FFFF9086B6F87FAB00225300049221DAD75F562E40701381
0ECCF61610E282813F0FC90016DC96990FFF9096B6F87FAB00225300049221DAD75F562E40701382
0ECCC61610C28281370FC8AB16DCA0991FFF9096B6F87FAB00325400049221DAD75F562E40701383
0ECC8C1610AB82813B0FC86716DCA5991FFF9096B6F87FAB04625400049221DAD75F562E40701384
0ECC761610A38281370FC82D16DCAA992FFF90A6B6F87FAB52725400049221DAD75F562E40701385
0ECC6516109C82813F0FC80216DC90993FFF90A6B6F87FAB80E25400049221DAD75F562E40701386
0ECC5116109882813F0FC7F016DC90993FFF90A6B6F87FAB87925400049221DAD75F562E40701387
0ECC4016108E82813F0FC7DE16DC6C994FFF90B6B6F87FAB84425400049221DAD75F562E40701388
0ECC2F1610898281460FC7D716DC57994FFF90B6B6F87FAB82525300049221DAD75F562E40701389
0ECC2516108582813F0FC7D316DC42995FFF90B6B5F87FAB82125300049221DAD75F562E4070138A
0ECC0E1610738281460FC7EC16DC23995FFF90B6B5F85FAA82325300049221DAD75F562E4070138B
0ECBF61610638281460FC7FE16DC09995FFF90B6B6F83FA982425300049221DAD75F562E4070138C
0ECBE21610588281460FC7FE16DBE9996FFF90C6B6F83FA982425200049221DAD75F562E4070138D
0ECBC316103A8281460FC7F316DBD0997FFF90C6B6F83FA982425200049121DAD75F562E4070038E
0ECBAC1610278281460FC7E216DBB1997FFF90C6B6F83FA982525300049121DAD75F562E4070138F
0ECB9816102382814E0FC7D716DB9C997FFF90C6B5F84FA948D25400049121DAD75F562E40701390
0ECB9116102D82814E0FC7C816DB82997FFF90C6B6F83FA909F25500049121DAD75F562E40701391
0ECBB616104882814E0FC7B616DB6D998FFF90D6B5F84FA900025500049121DAD75F562E40701392
0ECBE516106A82814E0FC7A416DB52998FFF90D6B6F83FA900025500049121DAD75F562E40701393
0ECBEC16106082814E0FC7A116DB44999FFF90D6B6F84FA900025500049121DAD75F562F41701394
0ECBC316103582814E0FC7A116DB39999FFF90D6B5F84FA900525500049021DAD75F562F40701395
0ECB84160FFB8281460FC7A116DB2A999FFF90D6B6F83FA900425500049121DAD75F562F40701396
0ECB691610058281610FC7AC16DB24999FFF90D6B6F83FA900325500049121DAD75F562F40701397
0ECB911610308281550FC7BE16DB18999FFF90D6B6F83FA900225700049121DAD75F562F40701398
0ECBA516104382815C0FC7CC16DB1599AFFF90D6B6F83FA900225700049021DAD75F562F40701399
0ECBAC1610508281550FC7D016DB10999FFF90D6B5F84FA900225700049021DAD75F562F4070139A
0ECBC316106B8281550FC7D316DB0A99AFFF90D6B5F84FA900325800049121DAD75F562F4070139B
0ECBF316108A82815C0FC7D716DB0599AFFF90D6B6F83FA909325900049121DAD75F562F4070139C
0ECC1416109F82815C0FC7D316DB0999AFFF90D6B6F83FA956E25B00049021DAD75F562F4070139D
0ECC2C16109E82815C0FC7D716DB0A999FFF90D6B6F83FA97EB25C00049021DAD75F562F4070139E
0ECC391610A282815C0FC7DA16DB00999FFF90D6B5F84FA983325B00049021DAD75F562F4070039F
0ECC3C1610A282815C0FC7DE16DB0599AFFF90D6B6F83FA97FE25A00049021DAD75F562F407013A0
0ECC471610A882815C0FC7E116DB1099AFFF90D6B5F84FA97E325A00049021DAD75F562F407013A1
0ECC561610B18281640FC7E916DB0999AFFF90D6B6F84FA97E025A00049021DAD75F562F407013A2
0ECC5E1610B18281640FC7EC16DB1599AFFF90D6B6F83FA67E325A00049021DAD75F562F407013A3
0ECC5E1610968281640FC7EC16DB1A99AFFF90D6B6F81FA37E325900049021DAD75F562F407013A4
0ECC3916106A8281640FC7F016DB1F99AFFF90D6B5F81FA37E325900049021DAD75F562F407013A5
0ECBCD16102E8281640FC7F416DB2F99AFFF90D6B6F81FA37E325800049021DAD75F562F407013A6
0ECB79160FEE8281640FC7F316DB3D99AFFF90E6B6F81FA37E425800049021DAD75F562F407013A7
0ECB51160FBF8281680FC7F716DB3E99AFFF90E6B6F81FA353225800049021DAD75F562F407013A8
0ECB2C160FA58281640FC7FE16DB4E99AFFF90E6B6F81FA30F425900049021DAD75F562F407013A9
0ECAE2160F8A82816B0FC7FA16DB5E99AFFF90E6B6F81FA300025900049021DAD75F562F407013AA
0ECABD160F7B82816B0FC80216DB6D99AFFF90E6B5F81FA300025900048F21DAD75F562F407013AB
0ECAD1160F7B8281640FC80616DB7699AFFF90E6B6F81FA300025800048F21DAD65F562F417013AC
0ECABF160F728281730FC80916DB6899AFFF90E6B6F81FA300525800048F21DAD65F562F407013AD
0ECA95160F6B82816B0FC80D16DB6D999FFF90E6B5F81FA300425800048F21DAD65F562F407013AE
0ECA69160F5A82816B0FC80916DB6399AFFF90F6B6F81FA300325900049021DAD65F562F407003AF
0ECA29160F4682816B0FC81416DB5E99AFFF90F6B6F81FA300225900049021DAD65F562F407013B0
0ECA02160F238281730FC81F16DB5299AFFF90F6B6F81FA300225900049021DAD65F562F407013B1
0EC9D5160EF482816B0FC86016DB4999AFFF90F6B6F81FA300225900049021DAD65F562F407013B2
0EC99F160ED882816B0FC8DC16DB4499AFFF90F6B6F81FA300225800049021DAD65F562F407003B3
0EC97B160EC38281730FC99216DB4E99AFFF9106B6F81FA309125800049021DAD65F562F407013B4
0EC966160EBB8281730FCA6916DB5399AFFF9106B6F81FA35BB25900048F21DAD65F562F407013B5
0EC952160EB982816B0FCB5416DB5C99AFFF9106B5F81FA386C25900049021DAD65F562F407003B6
0EC93B160EB68281730FCC4216DB6D99AFFF9106B6F81FA38BB25900048F21DAD65F562F407013B7
0EC937160EBF8281730FCD1E16DB8799AFFF9106B6F81FA388425A00048F21DAD65F562F407013B8
0EC93B160EC38281770FCDD416DBA199AFFF9116B5F81FA386725A00048F21DAD65F562F407013B9
0EC93E160EC08281730FCE6316DBC699CFFF9116B5F81FA386325900048F21DAD65F562F407013BA
0EC931160EB782816B0FCECB16DBF499BFFF9116B6F80FA586625900048F21DAD65F562F407013BB
0EC92A160EBB8281730FCF4516DC1E99AFFF9116B5F7EFAA86725900049021DAD65F562F407013BC
0EC920160EBB8281730FCFE516DC4D99CFFF9116B6F7DFAB86725B00049021DAD65F562F407013BD
0EC931160EC08281730FD0D416DC8699BFFF9116B5F7DFAB86725D00048F21DAD65F562F407013BE
0EC937160EC082817A0FD1E916DCB599CFFF9116B5F7EFAB86725D00048F21DAD65F562F407003BF
0EC919160EA88281730FD32416DCEE99CFFF9126B6F7EFAB59125D00048F21DAD65F562F407013C0
0EC8ED160E998281730FD46916DD2799CFFF9126B6F7EFAB10825C00048F21DAD65F562F407003C1
0EC8D6160E878281730FD59716DD6099DFFF9126B6F7EFAB00025B00048F21DAD65F562F407013C2
0EC8CB160E858281730FD6C216DD9099DFFF9126B6F7EFAB00025B00048F21DAD65F562F407013C3
0EC8C9160E878281730FD7D116DDC899DFFF9126B6F7EFAB00025A00048F21DAD65F562F407013C4
0EC8CF160E8A8281730FD8C916DDF799DFFF9126B5F7EFAB00525900048F21DAD65F562F407003C5
0EC8CB160E898281730FD9B016DE2199EFFF9126B5F7EFAB00525900049021DAD65F562F407013C6
0EC8CF160E8A8281730FDAA216DE3699EFFF9136B6F7EFAB00325900048F21DAD65F562F407013C7
0EC8CF160E858281730FDB8416DE4A99FFFF9136B6F7EFAB00225900049021DAD65F562F407003C8
0EC8C9160E7B8281640FDC5B16DE5599FFFF9136B6F7EFAB00225B00049021DAD65F562F407013C9
0EC8B7160E7882817E0FDD2516DE5F99FFFF9136B5F7EFAB00225E00048F21DAD65F562F407013CA
0EC8B4160E758281730FDDD316DE749A0FFF9136B6F7EFAB00226000048F21DAD65F562F407013CB
0EC8B8160E768281730FDE7D16DE939A0FFF9136B5F7EFAB0BF25F00049021DAD65F562F407013CC
0EC8C8160E878281730FDF1516DEB29A0FFF9146B6F7EFAB5BD25E00048F21DAD65F562F407013CD
0EC8F4160EAA82816B0FDFA516DEDC9A1FFF9146B6F7EFAB82925D00049021DAD65F562F407013CE
0EC90C160EDE8281730FE03616DEFB9A1FFF9146B5F7EFAB86625C00049021DAD65F562F407013CF
0EC90F160EFA82816B0FE0C116DF2A9A1FFF9156B6F7EFAB83025B00049021DAD65F562F407013D0
0EC908160F168281730FE14616DF599A1FFF9156B6F7EFAB81625B00049021DAD65F562F407013D1
0EC959160F2D82816B0FE1CC16DF7D9A2FFF9156B5F7EFAB81325B00049021DAD65F562F407013D2
0EC9A3160F3582816B0FE24A16DF8D9A2FFF9156B6F7EFAB81625B00049021DAD65F562F407013D3
0EC9C5160F4682816B0FE2CD16DFA29A2FFF9166B5F80FAA81725B00049021DAD65F562F407013D4
0EC9ED160F7B8281730FE35116DFA79A3FFF9166B6F80FAA81725B00049021DAD65F562F407013D5
0ECA5C160FBD82816B0FE3DD16DFA59A3FFF9176B6F80FAA81725A00049021DAD65F562F407013D6
0ECAE9160FEC82816B0FE47116DFA79A3FFF9176B6F80FAA81725A00049021DAD65F562F407013D7
0ECB4E160FFC82816B0FE4F416DFA29A4FFF9176B6F80FAA55525A00049021DAD65F562F407013D8
0ECB76160FFF8281640FE57916DFA29A4FFF9176B6F80FAA0FB25A00049021DAD65F562F407013D9
0ECB54160FF98281680FE5FB16DF8D9A4FFF9186B6F80FAA00025900049021DAD65F562F407013DA
0ECB40160FF982816B0FE66E16DF889A4FFF9186B6F80FAA00025A00049121DAD65F562F407013DB
0ECB7D1610208281640FE6DA16DF739A4FFF9196B6F80FAA00025A00049021DAD65F562F407003DC
0ECB9B1610438281640FE75A16DF5E9A4FFF9196B6F80FAA00525A00049121DAD65F562F407013DD
0ECBAF1610518281640FE7F016DF449A4FFF9196B5F80FAA00425A00049121DAD65F562F407013DE
0ECBAC16104682816B0FE89316DF259A4FFF91A6B6F80FAA00325A00049121DAD65F562F407013DF
0ECBA51610328281640FE93D16DF109A4FFF91A6B6F80FAA00225900049121DAD65F562F407013E0
0ECBA816102D82815C0FE9D616DF069A4FFF91A6B6F80FAA00125900049121DAD65F562F407013E1
0ECB7D1610138281640FEA5716DF009A4FFF91B6B6F80FAA00225800049121DAD65F562F407013E2
0ECB6916100A8281640FEAD516DEF19A5FFF91B6B5F80FAA00325700049121DAD65F562F407003E3
0ECB8E16102382815C0FEB3B16DEF69A5FFF91B6B6F80FAA09025600049121DAD65F562F407013E4
0ECB9B1610308281640FEBAB16DEF19A5FFF91B6B6F80FAA59725700049121DAD65F562F407013E5
0ECBD116102F82815C0FEC1F16DEF69A5FFF91B6B6F80FAA83525700049121DAD65F562F407013E6
0ECBEC16104E82815C0FEC8016DF009A5FFF91B6B5F80FAA88125700049121DAD65F562F407013E7
0ECC2C16108382815C0FECD016DF109A5FFF91B6B5F80FAA84B25700049121DAD65F562F407013E8
0ECC4F1610A882815C0FECFC16DF209A5FFF91B6B6F80FAA82F25700049121DAD65F562F407013E9
0ECC6C1610BD82815C0FEC7616DF2A9A5FFF91B6B6F80FAA82C25700049121DAD65F562F407003EA
0ECC861610C38281550FEA4A16DF2F9A5FFF91B6B6F80FAA82E25800049021DAD65F562F407013EB
0ECC8A1610CB8281590FE7D716DF3F9A5FFF91B6B6F82FAB83025800049121DAD65F562F407013EC
0ECCA11610D482815C0FE62216DF3F9A5FFF91B6B6F83FAB82F25900049021DAD65F562F407013ED
0ECCC31610EA8281550FE56816DF3F9A5FFF91B6B6F83FAB82F25900049021DAD65F562F407013EE
0ECCEB1611068281550FE5D316DF499A5FFF91B6B6F83FAB82F25B00048F21DAD65F562F407013EF
0ECD2416112582815C0FE6F416DF549A5FFF91B6B6F83FAB59225B00048D21DAD65F562F407003F0
0ECD501611398281550FE84716DF639A5FFF91A6B6F83FAB11425B00048D21DAD65F562F407013F1
0ECD5E16113B8281550FE99016DF699A5FFF91A6B6F83FAB00025B00048E21DAD65F562F407013F2
0ECD6816113982814E0FEAB916DF789A5FFF91A6B6F83FAB00025D00049021DAD65F562F407013F3
0ECD6F1611418281550FEBB916DF839A5FFF9196B6F83FAB00025E00049121DAD65F562F407013F4
0ECD7516113F8281550FEC9816DF929A5FFF9196B5F83FAB00525F00049221DAD65F562F407013F5
0ECD6F1611408281550FED5616DFA29A5FFF9196B6F83FAB00525F00049121DAD65F562F407013F6
0ECD6516114382814E0FEDFD16DFA79A5FFF9186B6F83FAB00225F00048D21DAD65F562F407013F7
0ECD6816114382814E0FEE7F16DFAC9A5FFF9186B6F83FAB00126000048A21DAD65F562F407013F8
0ECD681611428281550FEEF016DFBA9A5FFF9186B6F83FAB00126000048621DAD65F562F407013F9
0ECD5A16114382814E0FEF4A16DFB19A5FFF9176B6F83FAB00225F00048321DAD65F562F407013FA
0ECD5E16114382814E0FEF9A16DFC69A6FFF9176B6F83FAB00325D00048221DAD65F562F407013FB
0ECD6116114382814E0FEFDB16DFC19A6FFF9176B6F83FAB0CF25D00048221DAD65F562F407013FC
0ECD6516114A82814E0FF01516DFC69A6FFF9166B6F83FAB40925C00048321DAD65F562F407013FD
0ECD6B16114982814A0FF04C16DFCB9A6FFF9166B6F83FAB56425B00048521DAD65F562F407013FE
0ECD6B16114882814E0FF07716DFD69A6FFF9156B6F83FAB57825C00048621DAD65F562F407013FF
0ECD7516114B82814E0FF09F16DFE09A7FFF9156B6F83FAB55625C00048821DAD65F562F40701300
0ECD6F16114A82814E0FF0C716DFE09A7FFF9156B6F83FAB54725D00048921DAD65F562F40701301
0ECD721611488281460FF0EB16DFE59A7FFF9146B6F83FAB54625D00048A21DAD65F562F40701302
0ECD6B16114482814E0FF11016DFF09A7FFF9136B6F83FAB54825D00048C21DAD65F562F40701303
0ECD501611318281460FF12916DFF59A7FFF9136B6F83FAA54925D00048D21DAD65F562F40701304
0ECD0D16110F82814E0FF14216DFF09A7FFF9126B6F83FA954925C00048E21DAD65F562F40701305
0ECCF91611088281460FF15C16DFF59A8FFF9126B6F83FA954925C00048F21DAD65F562F40701306
0ECD061611108281460FF17216DFFA9A8FFF9116B6F83FA954925C00048F21DAD65F562F40701307
0ECD1016110C82814E0FF18716E0059A8FFF9116B6F83FA935E25B00049021DAD65F562F40701308
0ECD0A1611058281460FF1A216E0009A9FFF9106B6F83FA909625B00049021DAD65F562F40701309
0ECD021610FD8281460FF1AF16E0009A9FFF90F6B6F83FA900025B00048F21DAD65F562F4070130A
0ECCFC1610FB8281460FF1C916E0059A9FFF90F6B6F84FA900025B00049021DAD65F562F4070130B
0ECCDE1610F68281460FF1D716E0059A9FFF90E6B6F83FA900025B00049021DAD75F562F4170130C
0ECC941610E38281460FF1E916E0059A9FFF90E6B6F83FA900425B00049021DAD75F562F4070130D
0ECC831610CE8281460FF1F816E0059AAFFF90D6B6F84FA900325900049021DAD75F562F4070130E
0ECC831610C48281460FF20316DFF59A9FFF90C6B6F83FA900325800049121DAD75F562F4070130F
0ECC801610BC8281300FF21116E00A9AAFFF90B6B6F83FA900225800049121DAD75F562F40701310
0ECC791610BC8281590FF22316DFFA9AAFFF90B6B6F83FA900125700049021DAD75F562F40701311
0ECC921610C68281460FF22716DFF59AAFFF90A6B6F84FA900125700049021DAD75F562F40701312
0ECCAB1610CC82813F0FF23D16DFFA9AAFFF9096B6F84FA900325800048E21DAD75F562F40700313
0ECCC01610DF8281460FF24016DFF59ABFFF9096B6F84FA905725900048B21DAD75F562F40701314
0ECCCA1610E68281460FF25016DFF09ABFFF9086B6F83FA954525B00048921DAD75F562F40701315
0ECCCA1610E782813F0FF26116DFF09ABFFF9086B6F83FA981725B00048821DAD75F562F40701316
0ECCCA1610E98281460FF27016DFEB9ABFFF9076B6F83FA987925B00048621DAD75F562F40701317
0ECCD01610EB82813F0FF28516DFEB9ABFFF9066B6F83FA984425A00048521DAD75F562F40701318
0ECCD61610E98281460FF29416DFE09ABFFF9066B6F83FA982625A00048421DAD75F562F40701319
0ECCCD1610E282813F0FF2A216DFDB9ACFFF9056B6F84FA982225900048321DAD75F562F4070131A
0ECCCA1610E182813F0FF2AD16DFE09ACFFF9056B6F84FA982425800048121DAD75F562F4070131B
0ECCC61610E48281460FF2C016DFD69ACFFF9046B6F84FAA82525B00048021DAD75F562F4070131C
0ECCD01610E682813F0FF2D216DFD69ACFFF9046B6F85FAB82525F00048021DAD75F562F4070131D
0ECCC61610E782813F0FF2C716DFD69ACFFF9046B6F85FAC82526000048121DAD75F562F4070131E
0ECCC01610E282813F0FF1B716DFCB9ACFFF9036B6F85FAC82525F00048321DAD75F562F4070131F
0ECCBB1610E18281460FEF8B16DFD19ACFFF9036B6F85FAC54025E00048521DAD75F562F40701320
0ECCB91610DF82813F0FECF716DFC19ADFFF9036B6F85FAC0ED25D00048721DAD75F562F40701321
0ECCBC1610E382813F0FEA0016DFC19ADFFF9036B6F85FAC00025C00048821DAD75F562F40701322
0ECCC01610E38281300FE72616DFB79ADFFF9036B6F85FAC00025B00048A21DAD75F562F40701323
0ECCBC1610E182814A0FE4C116DFB79ADFFF9026B6F85FAC00025B00048B21DAD75F562E41701324
0ECCC61610E582813F0FE2E116DFAC9ADFFF9026B6F85FAC00525900048B21DAD75F562E40701325
0ECCC31610E082813F0FE17116DFAC9ADFFF9026B6F85FAC00425B00048B21DAD75F562E40701326
0ECCB61610E382813F0FE06B16DF9D9ADFFF9026B6F85FAC00326100048B21DAD75F562E40701327
0ECCBB1610E38281370FDFC616DF9D9ADFFF9026B6F85FAC00226800048B21DAD75F562E40701328
0ECCBC1610E28281460FDF8C16DF929ADFFF9026B6F85FAC00226900048B21DAD75F562E40701329
0ECCBC1610DD8281370FDFBB16DF929ADFFF9026B6F85FAC00226A00048B21DAD75F562E4070132A
0ECCC01610D982813F0FE03616DF8D9ADFFF9026B6F85FAC00326A00048B21DAD75F562E4070132B
0ECCC31610DE82813F0FE0F616DF839AEFFF9026B6F85FAC0B126800048B21DAD75F562E4070132C
0ECCCD1610DE8281370FE1E116DF7D9ADFFF9026B6F85FAC59E26500048B21DAD75F562E4070132D
0ECCC31610DA82813F0FE2EA16DF7D9AEFFF9026B6F85FAC80B26100048C21DAD75F562E4070132E
0ECCC21610DA82813F0FE3FE16DF739AEFFF9026B6F85FAC84B25E00048C21DAD75F562E4070132F
0ECCC61610D58281370FE51816DF739AEFFF9026B6F85FAC81525D00048D21DAD75F562E40701330
0ECCC61610D082813F0FE62616DF6E9AEFFF9026B6F85FAC7FB25C00048D21DAD75F562E40701331
0ECCB91610D48281370FE72A16DF599AFFFF9026B6F85FAC7F825B00048E21DAD75F562E40701332
0ECC971610CD82813F0FE81F16DF639AEFFF9026B6F85FAC7FB25B00048E21DAD75F562E40701333
0ECC7C1610C98281370FE8FC16DF599AEFFF9026B6F85FAC7FB25D00048E21DAD75F562E40701334
0ECC761610C882813F0FE9CA16DF549AEFFF9026B6F84FA97FB25F00048F21DAD75F562E40701335
0ECC771610C58281370FEA7D16DF4F9AFFFF9036B6F84FA77FB26100048F21DAD75F562E40701336
0ECC8A1610C38281340FEB2116DF499AFFFF9036B6F84FA77FC26000049021DAD75F562E40701337
0ECC911610C782813F0FEBAF16DF449AFFFF9036B6F84FA757525E00049021DAD75F562E40701338
0ECC911610C68281370FEC3116DF359AFFFF9036B6F83FA711025C00049021DAD75F562E40701339
0ECC861610BF8281370FECA116DF2F9AFFFF9036B6F83FA700025B00049021DAD75F562E4070133A
0ECC791610BE82813F0FED0916DF2A9AFFFF9036B6F83FA700025B00049021DAD75F562E4070133B
0ECC681610B48281370FED6516DF259AFFFF9036B6F83FA700025A00049021DAD65F562E4170133C
0ECC631610AF82813F0FEDB416DF209AFFFF9036B6F84FA700525B00049021DAD65F562E4070133D
0ECC4A1610AC8281370FEE0016DF159AFFFF9046B6F84FA700425C00049021DAD65F562E4070133E
0ECC251610A08281370FEE3E16DF069AFFFF9046B6F83FA700325F00049021DAD65F562E4070133F
0ECC1116109E8281370FEE7416DF069AFFFF9046B6F83FA700225F00049021DAD65F562E40701340
0ECC0A16109282813F0FEEA316DEFB9AFFFF9056B6F83FA700225E00049021DAD65F562E40701341
0ECBF91610818281370FEECF16DEF39AFFFF9056B6F83FA700225D00049021DAD65F562E40701342
0ECBED1610728281370FEEEC16DEE69AFFFF9056B6F83FA700225C00049021DAD65F562E40701343
0ECBD81610638281370FEEFE16DEDC9AFFFF9066B6F84FA706B25B00049021DAD65F562E40701344
0ECBC016105782813F0FEF1716DED29AFFFF9066B6F83FA759125A00049021DAD65F562E40701345
0ECBB91610548281370FEF1016DEC79AFFFF9076B6F84FA786D25900049021DAD65F562E40701346
0ECBB91610558281370FEEAB16DEAD9AFFFF9076B6F84FA78CC25900049021DAD65F562E40701347
0ECBE216105B82813F0FED8C16DEA89AFFFF9076B6F84FA789525B00049121DAD65F562E40701348
0ECBED1610628281370FEB7C16DE989AFFFF9086B6F84FA787625B00049021DAD65F562E40701349
0ECBEC1610648281280FE8A916DE849AFFFF9096B6F84FA787225B00049021DAD65F562E4070134A
0ECBFD16105882814A0FE5C116DE749B0FFF9096B6F83FA787426A00049021DAD65F562E4070134B
0ECC031610428281370FE34116DE559B0FFF9096B6F83FA787528200049021DAD65F562E4070134C
0ECBDE16103982813F0FE14716DE4A9B0FFF90A6B6F83FA987528400049021DAD65F562E4070134D
0ECBB316102B8281370FDFC916DE369B0FFF90A6B6F83FAC87527900049021DAD65F562E4070134E
0ECB9516101282813F0FDEC516DE269B0FFF90A6B6F83FAC87627000049021DAD65F562E4070134F
0ECB761610078281370FDDF316DE079AFFFF90B6B6F83FAC5CB26900048F21DAD65F562E40701350
0ECB5B16100182813F0FDD3716DDF79B0FFF90B6B6F83FAC12226500049021DAD65F562E40701351
0ECB51160FF582813F0FDC8D16DDE99B0FFF90B6B6F83FAC00026200049021DAD65F562E40701352
0ECB5416100082813F0FDBF916DDDD9B0FFF90B6B6F83FAC00026000048F21DAD65F562E40701353
0ECB5B16100F8281370FDB8616DDCE9B0FFF90C6B6F83FAC00025F00049021DAD65F562F41701354
0ECB6F16101B82813F0FDB2116DDB99B0FFF90C6B6F83FAC00525D00048F21DAD65F562F40701355
0ECB761610138281460FDA9F16DDA99B0FFF90C6B6F83FAC00525D00048F21DAD65F562F40701356
0ECB6516100082813F0FDA0E16DD9F9B0FFF90D6B6F83FAC00325D00049021DAD65F562F40701357
0ECB2F160FE58281370FD95F16DD949B0FFF90D6B6F83FAC00125C00049021DAD65F562F40701358
0ECB0D160FD68281460FD88516DD8A9B0FFF90D6B6F83FAC00225B00049021DAD65F562F40701359
0ECB0A160FCB82813F0FD78516DD809B0FFF90D6B6F83FAC00225A00049021DAD65F562F4070135A
0ECB0A160FCC82813F0FD66916DD809B0FFF90D6B6F83FAC00325B00049021DAD65F562F4070135B
0ECB0A160FD58281460FD57716DD769B0FFF90D6B6F83FAC0FD25C00049021DAD65F562F4070135C
0ECB0A160FD08281460FD49B16DD6B9B1FFF90D6B6F83FAC44A25D00049021DAD65F562F4070135D
0ECAF6160FCA8281430FD39816DD609B1FFF90D6B6F83FAC59925E00049021DAD65F562F4070135E
0ECAD1160FB68281460FD28716DD669B1FFF90D6B6F83FAC5A725D00049021DAD65F562F4070135F
0ECAC4160FA88281460FD17616DD569B1FFF90D6B6F83FAC58425C00049021DAD65F562F40700360
0ECABA160FA58281460FD07516DD519B1FFF90D6B6F83FAC57525B00049021DAD65F562F40701361
0ECAAC160FA582814E0FCFA316DD4C9B1FFF90D6B6F83FAC57525A00049021DAD65F562F40701362
0ECABF160FA88281460FCEF716DD469B1FFF90D6B6F83FAC57725A00049021DAD65F562F40701363
0ECAC0160FB182814E0FCE6716DD3C9B1FFF90D6B6F83FAC57725A00049021DAD65F562F40701364
0ECABA160FB18281460FCDE216DD379B1FFF90D6B6F83FAC57725B00049021DAD65F562F40701365
0ECACB160FBA82814E0FCD6D16DD2C9B1FFF90E6B6F83FAB57725B00049021DAD65F562F40701366
0ECAC6160FB782814E0FCD0416DD2C9B2FFF90E6B6F83FAB57725B00048F21DAD65F562F40701367
0ECAB3160FB182814E0FCCA716DD2C9B2FFF90E6B6F83FAB37F25B00048F21DAD65F562F40701368
0ECABD160FB282814E0FCC6216DD189B2FFF90E6B6F83FAB09D25C00048F21DAD65F562F40701369
0ECACE160FCB82814E0FCC2516DD129B2FFF90E6B6F83FAB00025C00048F21DAD65F562F4070136A
0ECAEC160FF18281550FCBF016DD129B3FFF90E6B6F83FAB00025B00048F21DAD65F562F4070136B
0ECB431610278281550FCBB216DD0D9B3FFF90E6B6F83FAB00025B00049021DAD65F562F4070136C
0ECB8A1610518281550FCB7916DCFE9B3FFF90E6B6F83FAB00425C00048F21DAD65F562F4070136D
0ECBB316106182814E0FCB4D16DCFE9B3FFF90E6B6F83FAB00325D00048F21DAD65F562F4070136E
0ECBC316105C82815C0FCB2016DCEE9B4FFF90E6B6F83FAB00325E00048F21DAD65F562F4070136F
0ECBB916104F8281520FCAFA16DCE99B4FFF90E6B6F83FAB00225D00048F21DAD65F562F40701370
0ECBC416104882815C0FCAD816DCD99B4FFF90E6B6F83FAB00225C00048F21DAD65F562F40701371
0ECBC31610428281550FCABD16DCD49B4FFF90E6B6F83FAB00225B00048F21DAD65F562F40701372
0ECBB316102E82815C0FCAA316DCC49B4FFF90E6B6F83FAB00325B00048F21DAD65F562F40700373
0ECB8316100A82815C0FCA8A16DCBA9B5FFF90E6B6F83FAB09E25B00048F21DAD65F562F40701374
0ECB6216100682815C0FCA7516DCB59B5FFF90E6B6F83FAB59525B00048F21DAD65F562F40701375
0ECB7D16102782815C0FCA5B16DCAA9B5FFF90E6B6F83FAB81925A00049021DAD65F562F40701376
0ECB9F1610358281640FCA4916DCA59B5FFF90E6B6F83FAB85F25900048F21DAD65F562F40701377
0ECBB916104982815C0FCA4916DCA59B6FFF90F6B6F83FAB82A25D00049021DAD65F562F40701378
0ECBCA1610578281640FCA5016DCA09B6FFF90F6B6F83FAB80F26000049021DAD65F562F40701379
0ECBCA16105782815C0FCA5E16DCAA9B6FFF90F6B6F83FAB80C26000048F21DAD65F562F4070137A
0ECB8A1610468281640FCA7816DCB59B7FFF90F6B6F83FAB80E25D00049021DAD65F562F4070137B
0ECB761610278281640FCA9516DCBA9B7FFF90F6B6F83FAB80F25C00049021DAD65F562F4070137C
0ECB6F16101B8281640FCABC16DCCF9B7FFF90F6B6F83FAB80F25B00048F21DAD65F562F4070137D
0ECB7616102382816B0FCAEF16DCDE9B8FFF90F6B6F82FAA80F25A00048F21DAD65F562F4070137E
0ECB8716103A8281640FCB2B16DCE99B8FFF90F6B6F82FA980F25900048F21DAD65F562F4070137F
0ECB9E16104182816B0FCB6A16DD0D9B8FFF9106B6F82FA956025900048F21DAD65F562F40700380
0ECB9E16103982815C0FCBBA16DD229B9FFF9106B6F82FA910125900048F21DAD65F562F40701381
0ECB8016102882816F0FCC0C16DD3C9B9FFF9106B6F82FA900025900048F21DAD65F562F40701382
0ECB6C16102082816B0FCC7116DD469B9FFF9106B6F82FA900025900048F21DAD65F562F40701383
0ECB7916102182816B0FCCE116DD4C9B9FFF9106B6F82FA900025900048F21DAD75F562F41701384
0ECB8016101082816B0FCD7316DD669BAFFF9106B6F82FA900525900048F21DAD75F562F40701385
0ECB6F160FF482816B0FCE1716DD669BAFFF9116B6F82FA900425900048F21DAD75F562F40701386
0ECB47160FC28281730FCEEC16DD6B9BAFFF9116B6F82FA900225900048F21DAD75F562F40700387
0ECB07160F9A82816B0FCFE016DD7A9BBFFF9116B6F82FA900225900048F21DAD75F562F40701388
0ECAE9160F918281730FD0FF16DD7A9BBFFF9116B6F82FA900225900048F21DAD75F562F40701389
0ECADB160F9482816B0FD23B16DD8F9BBFFF9116B6F82FA900225A00048F21DAD75F562F4070138A
0ECAFA160FA88281730FD39C16DD8F9BCFFF9116B6F82FA900325A00048F21DAD75F562F4070038B
0ECAFC160FD182816B0FD51D16DD9A9BCFFF9116B6F82FA90DD25900048E21DAD75F562F4070138C
0ECB00160FFA8281730FD6AD16DD9F9BDFFF9116B6F82FA941525900048E21DAD75F562F4070138D
0ECB1816101782816B0FD84416DDA59BDFFF9116B6F82FA956725900048E21DAD75F562F4070138E
0ECB391610308281730FD9DF16DDAE9BDFFF9116B6F82FA957925900048F21DAD75F562F4070138F
0ECB5B1610418281730FDB7416DDB99BDFFF9116B6F82FA955725900048E21DAD75F562F40701390
0ECB911610518281730FDCEF16DDC89BEFFF9116B6F82FA954925900048E21DAD75F562F40701391
0ECBC716106482816F0FDE5A16DDD89BEFFF9116B6F82FA954725900048F21DAD75F562F40701392
0ECBF616106F82817A0FDFB416DDED9BEFFF9116B6F82FA954925A00048E21DAD75F562F40701393
0ECC1B16106F8281730FE0F616DE079BFFFF9116B6F82FA954A25A00048E21DAD75F562F40701394
0ECC2F1610718281730FE21F16DE169BFFFF9116B6F82FA954925A00048F21DAD75F562F40701395
0ECC391610818281730FE33D16DE409BFFFF9116B6F82FAA54925900048F21DAD75F562F40701396
0ECC591610878281730FE44616DE5A9BFFFF9116B6F82FAA54A25900048E21DAD75F562F40701397
0ECC7616108F8281730FE54416DE6F9C0FFF9116B6F82FAA3A625900048F21DAD75F562F40701398
0ECC8A16108D8281730FE63B16DE849C0FFF9116B6F82FAA0B925900048E21DAD75F562F40701399
0ECC9B1610858281730FE73216DE939C0FFF9126B6F82FAA00025A00048E21DAD75F562F4070139A
0ECC8A16107E8281730FE81F16DEA59C0FFF9126B6F82FAA00025A00048E21DAD75F562F4070139B
0ECC6116106E8281730FE8FF16DEB29C0FFF9126B6F82FAA00025A00048E21DAD75F562F4070139C
0ECC261610628281730FE9DC16DED79C1FFF9126B6F82FAA00425900048E21DAD75F562F4070139D
0ECBDE1610538281730FEAA916DEEC9C1FFF9126B6F82FAA00325A00048E21DAD75F562F4070139E
0ECBB316104F8281730FEB6616DF009C1FFF9126B6F82FAA00325A00048E21DAD75F562F4070139F
0ECB9416103A82816B0FEC2216DF0B9C1FFF9126B6F82FAA00225A00048E21DAD75F562F407013A0
0ECB7916102E8281730FECD716DF1B9C1FFF9126B6F82FAA00225900048E21DAD75F562F407013A1
0ECB401610348281730FED7316DF2A9C1FFF9126B6F82FAA00225A00048E21DAD75F562F407013A2
0ECB4E16105182816F0FEDEE16DF3F9C1FFF9126B6F82FAA00225A00048E21DAD75F562F407013A3
0ECBC016106882816B0FEE5416DF3F9C1FFF9126B6F82FAA09225A00048E21DAD75F562F407013A4
0ECC1E1610768281730FEE9516DF5E9C1FFF9126B6F82FAA57D25B00048E21DAD75F562F407013A5
0ECC2C16108082816B0FEEC916DF6E9C1FFF9126B6F82FAA80725C00048E21DAD75F562F407013A6
0ECC2C1610858281730FEEE116DF7D9C1FFF9126B6F82FAA85025D00048E21DAD75F562F407013A7
0ECC2816108482816B0FEEF316DF979C1FFF9126B6F82FAA81B25D00048E21DAD75F562F407013A8
0ECC2D16108382816B0FEEF716DF9D9C1FFF9126B6F82FAA7FF25D00048E21DAD75F562F407013A9
0ECC2816108282816B0FEEF716DFA29C1FFF9126B6F82FAA7FC25D00048E21DAD75F562F407013AA
0ECC1B16108282816B0FEEEC16DFB19C1FFF9126B6F82FAA7FF25C00048E21DAD75F562F407013AB
0ECC1116107782816B0FEEE816DFB79C1FFF9126B6F82FAA80025C00048E21DAD75F562F407013AC
0ECBD416106082816B0FEED616DFCB9C1FFF9136B6F82FAA80025C00048D21DAD75F562F407013AD
0ECBB316105382816B0FEECB16DFD69C0FFF9136B6F82FAA80025B00048D21DAD75F562F407013AE
0ECBC716105A82816B0FEEC416DFE09C0FFF9136B6F83FA980025B00048D21DAD75F562F407013AF
0ECBE81610628281640FEEC416DFE09BFFFF9136B6F83FA950625C00048D21DAD75F562F407003B0
0ECBF61610648281640FEECB16DFE59BFFFF9136B6F83FA90D925D00048C21DAD75F562F407013B1
0ECBFD16105882816B0FEECF16DFE59BFFFF9136B6F83FA900025D00048B21DAD75F562F407013B2
0ECC0016104E8281640FEED616DFE59BEFFF9136B6F83FA900025D00048921DAD75F562F407013B3
0ECBE51610488281610FEEEC16DFF59BEFFF9136B6F83FA900025E00048921DAD75F562F407013B4
0ECBDC1610428281640FEEFA16DFF59BDFFF9136B6F83FA900525D00048821DAD75F562F407013B5
0ECBCD16103A8281640FEF1716E00A9BDFFF9136B6F83FA900425C00048921DAD75F562F407013B6
0ECBD116104D8281640FEF2A16E01F9BCFFF9146B6F83FA900325B00048821DAD75F562F407013B7
0ECBEF16106782815C0FEF3F16E0299BCFFF9136B6F83FA900225A00048921DAD75F562F407013B8
0ECC1116107D8281640FEF4E16E0299BBFFF9146B6F83FA900225900048A21DAD75F562F407013B9
0ECC2F16109582815C0FEF5916E0399BBFFF9146B6F83FA900225900048A21DAD75F562F407013BA
0ECC4B16109E8281640FEF6016E0399BAFFF9146B6F83FA900325900048B21DAD75F562F407013BB
0ECC571610A08281550FEF6E16E0399B9FFF9146B6F83FA90A925900048C21DAD75F562F407013BC
0ECC571610AC8281640FEF8116E0399B8FFF9146B6F83FA95CD25800048C21DAD75F562F407013BD
0ECC5E1610B282815C0FEF8F16E0399B7FFF9146B6F83FA986425800048C21DAD75F562F407013BE
0ECC5B1610B882815C0FEFA016E0439B7FFF9146B6F83FA98AB25900048C21DAD75F562F407013BF
0ECC611610BC8281550FEFBB16E04E9B6FFF9146B6F83FA987425900048D21DAD75F562F407013C0
0ECC741610C282815C0FEFD816E04E9B5FFF9146B6F83FA985825A00048D21DAD75F562F407013C1
0ECC7C1610C182815C0FEFF516E04E9B3FFF9146B6F83FA985525900048D21DAD75F562F407013C2
0ECC801610C582815C0FF00716E04E9B2FFF9146B6F83FA985725900048D21DAD75F562F407013C3
0ECC8A1610C88281550FF01D16E0539B1FFF9146B6F83FA985925A00048D21DAD75F562F407013C4
0ECC911610CC8281590FF02B16E04E9B1FFF9146B6F83FA985925B00048D21DAD75F562F407013C5
0ECC911610CD8281550FF03D16E04E9B0FFF9156B6F83FAA85925C00048D21DAD75F562F407013C6
0ECC971610D582815C0FF04C16E0489AFFFF9146B6F83FAB85925C00048D21DAD75F562F407013C7
0ECC8F1610D58281550FF06516E0489AEFFF9146B6F84FAC5DE25B00048D21DAD75F562F407013C8
0ECC941610DC8281550FF08616E04E9ADFFF9146B6F84FAC13325A00048D21DAD75F562F407013C9
0ECC9B1610E58281550FF0A616E0439ACFFF9146B6F83FAC00025900048D21DAD75F562F407013CA
0ECCA11610ED82815C0FF0D616E0439ABFFF9146B6F84FAC00025800048D21DAD75F562F407013CB
0ECCA11610ED8281550FF0FA16E0439AAFFF9146B6F84FAC00025700048D21DAD65F562F417013CC
0ECCA81610EC8281550FF12916E03E9A9FFF9146B6F83FAC00525700048D21DAD65F562F407013CD
0ECCC01610EB8281550FF14A16E03E9A8FFF9146B6F84FAC00525700048D21DAD65F562F407013CE
0ECCC91610EF8281550FF16E16E03E9A7FFF9146B6F84FAC00225700048D21DAD65F562F407013CF
0ECCCD1610EE8281550FF18716E0349A6FFF9146B6F83FAC00125800048D21DAD65F562F407013D0
0ECCD71610F58281550FF19D16E02E9A5FFF9146B6F83FAC00125C00048D21DAD65F562F407013D1
0ECCE11610F78281550FF1BE16E02E9A4FFF9146B6F84FAC00225D00048D21DAD65F562F407013D2
0ECCE51610F58281550FF1CC16E01F9A4FFF9146B6F84FAC00325C00048D21DAD65F562F407013D3
0ECCE81610FD8281550FF1E616E01F9A3FFF9146B6F83FAC12725A00048D21DAD65F562F407013D4
0ECCEB1610FD8281550FF1F416E0149A2FFF9146B6F83FAC44725900048D21DAD65F562F407013D5
0ECD001611048281550FF20316E0149A1FFF9146B6F83FAC56F25900048E21DAD65F562F407013D6
0ECD061611068281520FF21516E00A9A0FFF9146B6F83FAC57525900048E21DAD65F562F407013D7
0ECD001611088281550FF22116E00A99FFFF9136B6F84FAC55325900048F21DAD65F562F407013D8
0ECD0316110C8281550FF22B16E00A99FFFF9136B6F84FAC54725900048F21DAD65F562F407013D9
0ECD0616110E82814E0FF23916E00A99EFFF9136B6F83FAC54725900048E21DAD65F562F407013DA
0ECD101611118281550FF24416E00599DFFF9136B6F84FAC54925A00048F21DAD65F562F407013DB
0ECD101611108281550FF24F16DFFA99DFFF9136B6F83FAC54925B00048F21DAD65F562F407013DC
0ECD061611168281550FF25A16E00599CFFF9136B6F83FAC54925A00048E21DAD65F562F407013DD
0ECD061611188281550FF26516E00099CFFF9126B6F84FAC54925900048F21DAD65F562F407013DE
0ECD0916111582814E0FF27016DFF599BFFF9126B6F87FAA54925900048E21DAD65F562F407013DF
0ECD101611178281550FF27B16E00099AFFF9126B6F88FA93C025800048E21DAD65F562F407013E0
0ECD061611148281550FF28216E00099AFFF9116B6F88FA90C725800048F21DAD65F562F407013E1
0ECD0016111082814E0FF28D16E00099AFFF9116B6F88FA900025800048F21DAD65F562F407013E2
0ECCF616110A8281550FF29416DFFA99AFFF9116B6F88FA900025800048F21DAD65F562F407013E3
0ECCEF16110982814E0FF2A216DFFA999FFF9116B6F88FA900025700048F21DAD65F562F407013E4
0ECCF91611078281550FF2A616DFFA999FFF9106B6F88FA900425700049021DAD65F562F407013E5
0ECD0016110E82814E0FF2AD16DFF5999FFF9106B6F88FA900325800049021DAD65F562F407013E6
0ECCF51611108281550FF2B516DFF5998FFF9106B6F88FA900225800049021DAD65F562F407013E7
0ECD0016111582814E0FF2BC16DFF5998FFF90F6B6F88FA900225900049021DAD65F562F407013E8
0ECCF916111C8281370FF2C316DFF0998FFF90F6B6F88FA900225A00049021DAD65F562F407013E9
0ECD1016112A8281680FF2CA16DFF0998FFF90E6B6F88FA900225B00049021DAD65F562F407013EA
0ECD4D1611428281550FF2CE16DFF0997FFF90E6B6F88FA900325C00049121DAD65F562F407013EB
0ECD8D16115682814E0FF2CE16DFF0997FFF90D6B6F88FA90E025C00049121DAD65F562F407013EC
0ECDA116116282814E0FF2D916DFEB997FFF90D6B6F88FA941325B00049021DAD65F562F407013ED
0ECD9716115C82814E0FF2DD16DFEB997FFF90D6B6F88FA956125A00049121DAD65F562F407013EE
0ECD8D16115A82814E0FF2E716DFE0997FFF90C6B6F88FA957325900049121DAD65F562F407013EF
0ECD9016115582814E0FF2EB16DFE5997FFF90C6B6F88FA955125900049121DAD65F562F407013F0
0ECD7F16115582814E0FF2F616DFE0997FFF90C6B6F88FA954225900049121DAD65F562F407013F1
0ECD6B1611598281460FF2FD16DFE5997FFF90B6B6F88FA954225800049121DAD65F562F407013F2
0ECD6F16115C82814E0FF30C16DFE5997FFF90B6B6F88FA954325700049121DAD65F562F407013F3
0ECD7216115882814E0FF30F16DFEB997FFF90A6B6F88FA954425700049121DAD65F562F407013F4
0ECD751611578281460FF32216DFEB997FFF90A6B6F88FA954425700049121DAD65F562F407013F5
0ECD6116114C82814E0FF32916DFF0997FFF90A6B6F88FA954425700049221DAD65F562F407013F6
0ECD6816114E8281460FF33416DFEB997FFF9096B6F88FAA54425600049221DAD65F562F407013F7
0ECD6516114B82814E0FF33F16DFFA997FFF9096B6F88FAA34925600049221DAD65F562F407013F8
0ECD7916114F82813F0FF34216E005997FFF9096B6F88FAA08D25700049221DAD65F562F407013F9
0ECD8D16115C82814E0FF34D16E00A997FFF9086B6F88FAA00025800049221DAD65F562F407013FA
0ECD971611618281460FF35716E00F997FFF9086B6F88FAA00025900049221DAD65F562F407013FB
0ECDA516116F8281430FF35F16E01A997FFF9076B6F88FAA00025900049221DAD65F562F407013FC
0ECDA81611798281460FF36A16E024997FFF9076B6F88FAA00425A00049221DAD65F562F407013FD
0ECDAB1611848281460FF36E16E034997FFF9076B6F88FAA00325900049221DAD65F562F407013FE
0ECDB216118882813F0FF37516E03E997FFF9066B6F88FAA00325900049221DAD65F562F407013FF
0ECDC61611898281460FF38016E043997FFF9066B6F88FAA00225B00049221DAD65F562F40701300
0ECDD416119082813F0FF38016E04E997FFF9056B6F88FAA00225C00049221DAD65F562F40701301
0ECDE81611978281460FF38A16E05D998FFF9056B6F88FAA00225F00049221DAD65F562F40701302
0ECDF216119082813F0FF38B16E062998FFF9056B6F88FAA00326100049221DAD65F562F40701303
0ECDF316119082813F0FF38B16E072998FFF9056B6F88FAA07526100049221DAD65F562F40701304
0ECDEF16118C8281460FF38F16E077998FFF9046B6F88FAA5A325F00049221DAD65F562F40701305
0ECDE41611858281370FF39616E07C998FFF9036B6F88FAA87825D00049221DAD65F562F40701306
0ECDC61611728281460FF39D16E087998FFF9036B6F88FAA8D325D00049221DAD65F562F40701307
0ECDA816116B8281370FF3A416E08C999FFF9036B6F88FAA89B25C00049221DAD65F562F40701308
0ECD9016116D82813F0FF3AE16E091999FFF9026B6F88FAA87D25C00049221DAD65F562F40701309
0ECD8A16116D82813F0FF3BA16E096999FFF9026B6F88FAA87925C00049221DAD65F562F4070130A
0ECD8A1611638281370FF3C116E0A1999FFF9026B6F88FAA87C25C00049221DAD65F562F4070130B
0ECD8A16115A82813F0FF3CC16E0A1999FFF9016B6F88FAA87D25D00049121DAD65F562F4070130C
0ECD8616115A82813F0FF3D016E0A6999FFF9016B6F88FAA87D25D00049221DAD65F562F4070130D
0ECD9416115E8281370FF3DF16E0AB999FFF9016B6F88FAA87D25C00049221DAD65F562F4070130E
0ECD8D1611578281340FF3E016E0AC999FFF9006B6F88FAA87D25B00049221DAD65F562F4070130F
0ECD7216115282813F0FF3F116E0B6999FFF9006B6F89FAB55725A00049221DAD65F562F40701310
0ECD6B1611488281370FF3FF16E0B6999FFF9006B6F89FAB0E725A00049121DAD65F562F40701311
0ECD681611438281370FF40616E0B6999FFF9006B6F89FAB00025D00049221DAD65F562F40701312
0ECD5E1611428281370FF41116E0BB999FFF8FF6B6F89FAB00025E00049221DAD65F562F40701313
0ECD6116114B8281370FF41916E0CB999FFF8FF6B6F89FAB00025D00049221DAD65F562E41701314
0ECD6116114D8281370FF42516E0CB999FFF8FF6B6F89FAB00525A00049221DAD65F562E40701315
0ECD6816114C8281370FF43216E0C5999FFF8FF6B6F89FAB00425900049221DAD65F562E40701316
0ECD6816114D8281300FF43616E0CB999FFF8FF6B6F89FAB00325800049221DAD65F562E40701317
0ECD6B16114D8281370FF44816E0D0999FFF8FF6B6F89FAB00225800049121DAD65F562E40701318
0ECD6B16114D8281370FF44C16E0CB999FFF8FF6B6F89FAB00125800049221DAD65F562E40701319
0ECD6B1611548281300FF45A16E0D0999FFF8FF6B6F89FAB00225800049221DAD65F562E4070131A
0ECD7216114F8281370FF46216E0CB999FFF8FF6B6F89FAB00225800049121DAD65F562E4070131B
0ECD7216114D8281300FF46916E0D0999FFF8FF6B6F89FAB0BB25800049221DAD65F562E4070131C
0ECD7516114D8281300FF47016E0D0999FFF8FF6B6F89FAB61F25800049221DAD65F562E4070131D
0ECD6B16114D8281370FF47E16E0C5998FFF8FF6B6F89FAB8CD25900049221DAD65F562E4070131E
0ECD6B16114D8281300FF48916E0C5998FFF8FF6B6F89FAB91525900049121DAD65F562E4070131F
0ECD6816114C8281300FF49116E0C0998FFF8FF6B6F89FAB8DA25900049221DAD65F562E40701320
0ECD611611468281300FF49B16E0C0997FFF8FF6B6F89FAB8BD25B00049121DAD65F562E40701321
0ECD5A16114A8281300FF4A316E0B1997FFF8FF6B6F89FAB8BA25B00049121DAD65F562E40701322
0ECD6516114A8281340FF4B516E0AB997FFF9006B6F89FAB8BD25B00049121DAD65F562E40701323
0ECD611611488281300FF4C016E0A6997FFF9006B6F89FAB8BE25B00049121DAD65F562E40701324
0ECD651611448281300FF4CF16E08C997FFF9006B6F89FAB8BE25A00049221DAD65F562E40701325
0ECD681611438281300FF4B116E082996FFF9016B6F89FAB8BE25900049121DAD65F562E40701326
0ECD6116114A8281300FF3F816E068996FFF9016B6F89FAB8BE25A00049121DAD65F562E40701327
0ECD6516114C8281300FF25616E04E996FFF9016B6F89FAB5CE25B00049121DAD65F562E40701328
0ECD5A1611438281300FF02016E02E995FFF9026B6F8AFAB11425C00049121DAD65F562E40701329
0ECD5016113E8281300FEDE716E000995FFF9026B6F8AFAB00025B00049121DAD65F562E4070132A
0ECD5016113E8281300FEBD616DFD1995FFF9026B6F8AFAB00025C00049121DAD65F562E4070132B
0ECD4D16113E8281300FE9EA16DF97995FFF9036B6F8AFAB00025D00049121DAD65F562E4070132C
0ECD4D16113D8281300FE81E16DF5E994FFF9036B6F8AFAB00525F00049121DAD65F562E4070132D
0ECD4D16113E8281300FE6A116DF2A994FFF9036B6F8AFAB00526100049121DAD65F562E4070132E
0ECD501611418281300FE45F16DEFB994FFF9046B6F8AFAB00326100049121DAD65F562E4070132F
0ECD4D16113C8281300FE16016DEBD994FFF9046B6F8AFAB00226000049021DAD65F562E40701330
0ECD5416113C8281300FDF0A16DE93993FFF9056B6F8AFAB00226100049121DAD65F562E40701331
0ECD541611408281370FDDA716DE64993FFF9056B6F8AFAB00226100049121DAD65F562E40701332
0ECD571611438281300FDCD616DE3B992FFF9066B6F8AFAB00225F00049121DAD65F562E40701333
0ECD5E1611438281300FDBBA16DE16992FFF9066B6F8AFAB07F25D00049021DAD65F562E40701334
0ECD5E1611428281300FD9F116DDF2992FFF9076B6F8AFAB58325D00049121DAD65F562E40701335
0ECD541611398281370FD82016DDCE992FFF9076B6F8AFAB83225D00049021DAD65F562E40701336
0ECD4A1611378281340FD6E316DD9A992FFF9076B6F8AFAB88525D00049021DAD65F562E40701337
0ECD4A16113D8281370FD5B416DD76992FFF9086B6F8AFAB85025D00049021DAD65F562E40701338
0ECD5416113E8281300FD44216DD51991FFF9086B6F8AFAB83225D00049021DAD65F562E40701339
0ECD7916115B8281370FD28E16DD2C991FFF9096B6F8AFAB82F25D00049021DAD65F562E4070133A
0ECDAB16116382813F0FD0FF16DD12991FFF9096B6F8AFAB83125C00049021DAD65F562E4070133B
0ECD971611568281370FCFA616DCF8991FFF9096B6F8AFAB83225B00049021DAD65F562E4070133C
0ECD681611358281370FCE9916DCE4991FFF9096B6F8AFAB83225B00049021DAD65F562E4070133D
0ECD2816110F8281370FCDC516DCDE991FFF90A6B6F8AFAB83225B00049121DAD65F562E4070133E
0ECCF91610F682813F0FCD4216DCC4991FFF90A6B6F8AFAB83325B00049121DAD65F562E4070133F
0ECCD71610E582813F0FCCC316DCBA991FFF90A6B6F89FAA5F125C00049021DAD65F562E40701340
0ECCCD1610DA82813F0FCC4D16DCAA991FFF90A6B6F89FAA14625D00049021DAD65F562E40701341
0ECCC31610DB82813F0FCB9316DCAA991FFF90B6B6F89FAA00025D00049021DAD65F562E40701342
0ECCC01610DC82813F0FCB1716DCA0991FFF90B6B6F89FAA00025D00049021DAD65F562E40701343
0ECCC21610E48281460FCAC616DCA0991FFF90B6B6F89FAA00025D00049021DAD75F562F41701344
0ECCCA1610E982813F0FCA8A16DC9B991FFF90B6B6F89FAA00525C00049021DAD75F562F40701345
0ECCD41610EF8281460FCA6616DC9B991FFF90B6B6F89FAA00525B00049021DAD75F562F40701346
0ECCE11610FC8281460FCA5816DCA0991FFF90B6B6F89FAA00225A00049021DAD75F562F40701347
0ECCE81610FF8281460FCA5016DC9B991FFF90B6B6F89FAA00225900049021DAD75F562F40701348
0ECCE11610F88281460FCA3B16DC9B991FFF90B6B6F89FAA00225900049021DAD75F562F40701349
0ECCE51610F98281370FCA1A16DCA0991FFF90B6B6F89FAA00225900049021DAD75F562F4070134A
0ECCCA1610E38281610FC9F316DCA5992FFF90B6B6F89FAA00325A00049021DAD75F562F4070134B
0ECCA01610C682814E0FC9D216DCA5992FFF90C6B6F89FAA13725A00049021DAD75F562F4070134C
0ECC861610B88281550FC9B616DCAA992FFF90C6B6F89FAA45125A00049021DAD75F562F4070134D
0ECC7C1610B482814E0FC9A116DCAA993FFF90C6B6F89FAA56E25A00049021DAD75F562F4070134E
0ECC761610AD8281550FC99916DCB5993FFF90C6B6F89FAA57225B00048F21DAD75F562F4070134F
0ECC681610B18281550FC98B16DCBA993FFF90C6B6F89FAA55025B00048F21DAD75F562F40701350
0ECC651610AD8281550FC98A16DCBA993FFF90C6B6F89FAA54525A00049021DAD75F562F40701351
0ECC611610A88281550FC97C16DCB5994FFF90C6B6F89FAA54525A00049021DAD75F562F40701352
0ECC601610AF8281550FC97616DCBA995FFF90C6B6F89FAA54625C00048F21DAD75F562F40701353
0ECC721610BF82815C0FC96A16DCB5995FFF90C6B6F89FAA54625D00048F21DAD75F562F40701354
0ECC801610C182815C0FC95D16DCB5995FFF90C6B6F89FAA54625E00049021DAD75F562F40701355
0ECC8016106B82815C0FC95416DCAA996FFF90C6B6F89FAA54625D00048F21DAD75F562F40701356
0ECC8D16104C82815C0FC94216DCAA996FFF90C6B6F89FAA54725C00049021DAD75F562F40701357
0ECC8D1610AD8281640FC93916DCA5997FFF90C6B6F85FA836425B00048F21DAD75F562F40701358
0ECCA51610DB8281640FC93016DC96997FFF90D6B6F81FA509925A00048F21DAD75F562F40701359
0ECCB81610E98281640FC92716DC9B997FFF90C6B6F81FA500025900048F21DAD75F562F4070135A
0ECCC31610EE8281640FC92216DC8B998FFF90D6B6F81FA500025A00048F21DAD75F562F4070135B
0ECCB91610E98281610FC91716DC86998FFF90D6B6F81FA500025B00048F21DAD75F562F4070135C
0ECCB21610E082816B0FC91216DC7699AFFF90D6B6F81FA500425C00048F21DAD75F562F4070135D
0ECCB2160E7082816B0FC90C16DC7699AFFF90D6B6F81FA500325B00048F21DAD75F562F4070135E
0ECCAF160ACE82816B0FC90516DC6799AFFF90D6B6F81FA500325B00048F21DAD75F562F4070135F
0ECCA8160F1982816B0FC90316DC5799AFFF90D6B6F81FA500225C00048F21DAD75F562F40701360
0ECCB81610D582816B0FC8FE16DC4D99CFFF90D6B6F81FA500225D00048E21DAD75F562F40701361
0ECCC616107C82816B0FC8FC16DC3D99CFFF90D6B6F81FA500225D00048E21DAD75F562F40701362
0ECCDE1610328281730FC8FA16DC3799DFFF90D6B6F81FA500225D00048F21DAD75F562F40701363
0ECCDE1610B98281730FC8F716DC2E99DFFF90D6B6F81FA503E25C00048E21DAD75F562F40701364
0ECCDB1610EE82816B0FC8F516DC2399EFFF90D6B6F81FA554825C00048E21DAD75F562F40701365
0ECCC01610E68281730FC8F316DC1499FFFF90D6B6F81FA585725C00048F21DAD75F562F40701366
0ECCAB1610D982817A0FC8F316DC0499FFFF90D6B6F81FA58CD25D00048F21DAD75F562F40701367
0ECCA31610CD8281730FC8F516DBFA99FFFF90E6B6F81FA589625C00048F21DAD75F562F40701368
0ECC8D1610C682817A0FC8FA16DBE49A0FFF90E6B6F81FA587525B00048E21DAD75F562F40701369
0ECC941610C68281730FC8FC16DBD59A1FFF90E6B6F81FA587125B00048E21DAD75F562F4070136A
0ECC941610CC82817A0FC90216DBC69A1FFF90F6B6F81FA587325A00048E21DAD75F562F4070136B
0ECC9B1610D18281730FC90916DBB19A2FFF90F6B6F81FA587425900048E21DAD75F562F4070136C
0ECC9E1610CE82817E0FC91216DBAC9A3FFF90F6B6F81FA587425900048E21DAD75F562F4070136D
0ECC9B1610CA82817A0FC91716DB979A3FFF9106B6F81FA587525D00048E21DAD75F562F4070136E
0ECC9D1610CC82817A0FC91E16DB8B9A4FFF9106B6F81FA587525F00048E21DAD75F562F4070136F
0ECC911610C582817A0FC92E16DB829A5FFF9106B6F82FA64B925F00048E21DAD75F562F40701370
0ECC911610C38281820FC93816DB639A5FFF9116B6F84FA90A525D00048E21DAD75F562F40701371
0ECC8A1610B482817A0FC94B16DB5E9A6FFF9116B6F85FAA00025C00048E21DAD75F562F40701372
0ECC8016109D82817A0FC95416DB539A7FFF9116B6F85FAA00025B00048E21DAD75F562F40701373
0ECC5B1610908281820FC96E16DB619A8FFF9126B6F85FAA00025B00048E21DAD65F562F41701374
0ECC321610888281820FC98816DB729A8FFF9126B6F85FAA00625D00048E21DAD65F562F40701375
0ECC1916108082817A0FC9AE16DB979A9FFF9136B6F85FAA00425D00048E21DAD65F562F40701376
0ECBFD16107E8281820FC9EF16DBB69A9FFF9136B6F85FAA00325D00048E21DAD65F562F40701377
0ECBEC16108082817A0FCA4D16DBEA9AAFFF9146B5F85FAA00225C00048E21DAD65F562F40701378
0ECBEC16107B8281820FCAD516DC199ABFFF9146B6F85FAA00225C00048E21DAD65F562F40701379
0ECC031610808281820FCB9C16DC619ACFFF9156B6F85FAA00225C00048E21DAD65F562F4070137A
0ECC1E16108C8281820FCCAA16DCA59ACFFF9156B6F85FAA00225B00048E21DAD65F562F4070137B
0ECC3A16109982817A0FCDE416DD039ADFFF9156B6F85FAA02525B00048E21DAD65F562F4070137C
0ECC541610AB82817E0FCF3716DD519ADFFF9166B6F85FAA4CF25A00048E21DAD65F562F4070137D
0ECC681610C18281820FD08B16DD9A9AEFFF9166B6F85FAA7D325900048E21DAD65F562F4070137E
0ECC791610CC8281820FD20516DDDD9AFFFF9176B6F85FAA84F25900048E21DAD65F562F4070137F
0ECC941610D782817A0FD39816DE219AFFFF9176B6F85FAA81D25900048E21DAD65F562F40701380
0ECCA81610E782817A0FD53616DE749B0FFF9176B6F85FAA7FC25900048E21DAD65F562F40701381
0ECCB21610EC8281820FD6F816DEBD9B1FFF9186B6F85FAA7F725900048E21DAD65F562F40701382
0ECCBB1610F582817A0FD8C616DEFB9B1FFF9186B6F85FAA7F925900048E21DAD65F562F40701383
0ECCCD1610FA82817A0FDAA616DF1B9B2FFF9196B5F85FAA7FA25900048E21DAD65F562F40701384
0ECCDE1610F482817A0FDC7B16DF3A9B2FFF9196B6F85FAA7FB25900048E21DAD65F562F40701385
0ECCEB1610FE8281820FDE3C16DF379B3FFF9196B6F85FAA7FB25B00048E21DAD65F562F40701386
0ECCF216110C82817A0FDFED16DF3A9B3FFF91A6B6F85FAA7FB25B00048E21DAD65F562F40701387
0ECCF616110A82817A0FE1A716DF549B4FFF91A6B6F85FAA4F725B00048D21DAD65F562F40701388
0ECCF91611098281730FE35816DF739B5FFF91B6B6F85FAC0D425B00048E21DAD65F562F40701389
0ECCF916110A82817A0FE4DB16DF8D9B5FFF91B6B6F86FAD00025B00048D21DAD65F562F4070138A
0ECCEB1611058281730FE63416DFAC9B5FFF91B6B6F86FAD00025A00048D21DAD65F562F4070138B
0ECCEF16110182817A0FE77716DFDB9B5FFF91C6B6F86FAD00025A00048D21DAD65F562F4070138C
0ECCF616110382816F0FE88516E0009B6FFF91C6B6F86FAD00525900048E21DAD65F562F4070138D
0ECD0316110E82817A0FE98516E0249B6FFF91C6B6F85FAD00425900048E21DAD65F562F4070138E
0ECD0616111082816B0FEA7016E0349B7FFF91C6B6F86FAD00225900048E21DAD65F562F4070138F
0ECD0A1611118281730FEB2F16E0489B7FFF91C6B6F86FAD00125800048D21DAD65F562F40701390
0ECD0A1611138281730FEBDE16E0539B7FFF91C6B6F86FAD00225800048E21DAD65F562F40701391
0ECD0616110D82816B0FEC7216E0489B7FFF91D6B6F86FAD00225800048E21DAD65F562F40701392
0ECD091611138281730FECE216E04E9B7FFF91D6B6F86FAD00325800048E21DAD65F562F40701393
0ECD1016111882816B0FED3616E0439B7FFF91D6B6F86FAD13725700048D21DAD65F562F40701394
0ECD1016111982816B0FED6F16E02E9B7FFF91D6B6F86FAD45125700048E21DAD65F562F40701395
0ECD0D1611188281640FED7E16E00F9B7FFF91D6B6F86FAD56F25700048E21DAD65F562F40701396
0ECD1416111C82816B0FED9F16DFEB9B7FFF91D6B6F86FAD57225700048E21DAD65F562F40701397
0ECD251611208281640FEDC316DFC69B7FFF91D6B6F86FAD55125700048E21DAD65F562F40701398
0ECD281611278281640FEDC316DFAC9B7FFF91D6B6F86FAD54525700048E21DAD65F562F40701399
0ECD2F1611308281640FEDB116DF929B7FFF91D6B6F86FAD54525700048E21DAD65F562F4070139A
0ECD4D1611438281640FEDBF16DF839B6FFF91C6B6F86FAD54625700048E21DAD65F562F4070139B
0ECD7916116D82815C0FEDEE16DF789B5FFF91C6B6F86FAD54725900048E21DAD65F562F4070139C
0ECDB916119C82815C0FEE2F16DF5E9B5FFF91C6B6F86FAD54625A00048E21DAD65F562F4070139D
0ECDF51611B98281610FEE7816DF499B5FFF91B6B6F86FAD54625A00048E21DAD65F562F4070139E
0ECE171611C282815C0FEEB616DF2F9B4FFF91B6B6F86FAD54725900048E21DAD65F562F4070139F
0ECE2F1611C682815C0FEEF016DF1B9B3FFF91B6B6F86FAD36025900048E21DAD65F562F407013A0
0ECE351611C58281550FEF1F16DF209B2FFF91A6B6F86FAD09725800048F21DAD65F562F407013A1
0ECE351611BF82815C0FEF5516DF2A9B2FFF91A6B6F87FAC00025700048E21DAD65F562F407013A2
0ECE2B1611BE82814E0FEF9A16DF3A9B1FFF9196B5F87FAC00025700048F21DAD65F562F407013A3
0ECE281611C28281550FEFDF16DF499B0FFF9196B6F87FAC00025800048E21DAD65F562F407013A4
0ECE241611BF8281550FF02B16DF499AFFFF9186B6F87FAC00425800048E21DAD65F562F407013A5
0ECE1E1611B482814E0FF01216DF4F9AEFFF9186B6F87FAC00325800048F21DAD65F562F407013A6
0ECE1B1611B182814E0FEE4916DF499ADFFF9176B6F87FAC00325800048F21DAD65F562F407013A7
0ECE141611A982814E0FEDC316DF5E9ACFFF9166B6F87FAC00225700048F21DAD65F562F407013A8
0ECE101611A382814E0FEE5B16DF639ABFFF9156B6F87FAC00225700048E21DAD65F562F407013A9
0ECE061611AD8281460FEF2C16DF7D9AAFFF9156B6F87FAC00225600048F21DAD65F562F407013AA
0ECE0A1611A982814E0FEFE216DF7D9A9FFF9146B6F87FAC00325500048E21DAD65F562F407013AB
0ECE031611A78281460FF08216DF889A9FFF9136B6F87FAC09525500048E21DAD65F562F407013AC
0ECDFF1611A38281460FF10B16DF929A8FFF9136B6F87FAC5B225600048E21DAD65F562F407013AD
0ECDF51611968281460FF18016DFA29A7FFF9126B6F87FAC85825600048E21DAD65F562F407013AE
0ECDF516119082813F0FF1E616DFAC9A6FFF9116B6F87FAC8A525500048F21DAD65F562F407013AF
0ECDE81611838281280FF22B16DFC19A5FFF9106B6F87FAC86E25600048F21DAD65F562F407013B0
0ECDC31611718281590FF25E16DFC69A5FFF90F6B6F87FAC85225500048F21DAD65F562F407013B1
0ECDA516116782813F0FF27B16DFE59A4FFF90F6B6F87FAC84F25500048F21DAD65F562F407013B2
0ECDA11611658281370FF29B16DFEB9A3FFF90E6B6F87FAC85125500048F21DAD65F562F407013B3
0ECDB216116382813F0FF2B816E0009A2FFF90D6B6F87FAC85225600048F21DAD65F562F407013B4
0ECDB21611688281370FF2D516E00F9A2FFF90C6B6F87FAC85225800048F21DAD65F562F407013B5
0ECDB21611768281370FF2F616E01A9A1FFF90B6B6F87FAC85225700048F21DAD65F562F407013B6
0ECDBC16118C82813F0FF30B16E01F9A0FFF90B6B6F87FAC85325600048F21DAD65F562F407013B7
0ECDFC1611A48281300FF32216E02499FFFF90A6B6F87FAC62625500048F21DAD65F562F407013B8
0ECE141611A98281370FF33416E02E99FFFF9096B6F87FAB15C25500048F21DAD65F562F407013B9
0ECE0A16119F8281370FF33F16E02499EFFF9096B6F87FAA00025400048F21DAD65F562F407013BA
0ECE0A1611A88281300FF35116E02499EFFF9086B6F87FAA00025400048F21DAD65F562F407013BB
0ECE0D1611A48281300FF35C16E01499EFFF9076B6F87FAA00025500049021DAD65F562F407013BC
0ECDD01611838281370FF34D16E00099DFFF9076B6F87FAA00525500049021DAD65F562F407013BD
0ECD791611598281300FF2DD16DFDB99DFFF9066B6F87FAA00525500048F21DAD65F562F407013BE
0ECD541611508281300FF20416DFBC99CFFF9056B6F87FAA00225500048F21DAD65F562F407013BF
0ECD791611618281300FF13016DF7D99CFFF9056B5F87FAA00125500049021DAD65F562F407013C0
0ECD9E1611788281300FF0AE16DF2F99CFFF9056B6F87FAA00225500048F21DAD65F562F407013C1
0ECDAB16117B8281300FEFBE16DED799CFFF9046B6F87FAA00225700049021DAD65F562F407013C2
0ECDB51611828281300FEE5016DE7E99AFFF9046B6F87FAA00325900049021DAD65F562F407013C3
0ECDB916118782812D0FED3816DE2199AFFF9036B6F87FAA14525900048F21DAD65F562F407013C4
0ECDC31611898281280FEC9A16DDB499AFFF9036B6F87FAA45725700048F21DAD65F562F407013C5
0ECDCA1611908281300FEC3116DD5C99AFFF9036B6F87FAA56D25600049021DAD65F562F407013C6
0ECDCD1611928281280FEBF016DCF899AFFF9026B6F87FAA56F25500048F21DAD65F562F407013C7
0ECDD11611938281300FEBA016DC9B999FFF9026B6F87FAA54E25600049021DAD65F562F407013C8
0ECDD71611938281280FEAFD16DC2899AFFF9026B6F87FAA54225600048F21DAD65F562F407013C9
0ECDDE1611908281300FE92716DBC0999FFF9026B6F87FAA54225D00049021DAD65F562F407013CA
0ECDDE1611958281280FE72616DB6D999FFF9026B6F87FAA54426800049021DAD65F562F407013CB
0ECDD41611978281300FE56C16DB47999FFF9026B6F87FAA54426900049021DAD65F562F407013CC
0ECDD41611958281280FE2FE16DB39999FFF9026B6F87FAA54426500048F21DAD65F562F407013CD
0ECDDE1611968281300FE05716DB24998FFF9026B6F87FAA54426100049021DAD65F562F407013CE
0ECDEB1611988281280FDDDC16DB44998FFF9026B6F87FAA54425D00049021DAD65F562F407013CF
0ECDEF1611948281300FDBFD16DB6D998FFF9026B6F87FAA83A25B00049021DAD65F562F407013D0
0ECDE816118F8281280FDA2B16DB96998FFF9026B6F88FABE4A25A00049021DAD65F562F407013D1
0ECDE11611968281300FD7BF16DBC0998FFF9026B6F8AFACFFF25900049021DAD65F562F407013D2
0ECDE416119F8281300FD57B16DBEA999FFF9026B6F8BFACFFF25800049121DAD65F562F407013D3
0ECDF61611A68281300FD34C16DC1E999FFF9026B6F8BFACFFF25800049021DAD65F562F407013D4
0ECE0A1611AE8281300FD16716DC4D998FFF9026B6F8BFACFE925700049021DAD65F562F407013D5
0ECE101611AD8281300FD03216DC6C998FFF9036B6F8BFACFE925700049021DAD65F562F407013D6
0ECE0D1611A58281300FCFA316DC71998FFF9036B5F8BFACFEC25700049021DAD65F562F407013D7
0ECDFF16119A8281280FCF1B16DC62999FFF9036B6F8BFACFED25800049021DAD65F562F407013D8
0ECDFC16119C82813B0FCE6E16DC4D999FFF9036B6F8BFACFED25700049021DAD65F562F407013D9
0ECDFF1611A48281370FCDDD16DC28999FFF9046B6F8BFACFED25700049121DAD65F562F407013DA
0ECDFF1611A68281300FCD5A16DC19999FFF9046B6F8BFACFED25800049021DAD65F562F407013DB
0ECDFF1611A48281300FCCA316DBFF99AFFF9046B6F8BFACEA325800049021DAD65F562F407013DC
0ECE031611A582813F0FCC0916DBE5999FFF9056B6F8BFAC81225800049021DAD65F562F407013DD
0ECE0A1611AF8281370FCBAA16DBCA999FFF9056B6F8BFAC51E25B00049021DAD65F562F407013DE
0ECE101611B48281370FCB8116DBBB99AFFF9056B6F8BFAC4E325F00049021DAD65F562F407013DF
0ECE1B1611BC8281370FCB7416DBA699AFFF9056B6F8BFAC52926100049021DAD65F562F407013E0
0ECE241611C182813F0FCB5616DB8C99AFFF9056B6F8BFAC54926000049021DAD65F562F407013E1
0ECE141611B98281370FCB0F16DB7899AFFF9066B6F8BFAC54B25E00049021DAD65F562F407013E2
0ECE031611B382813F0FCABC16DB6199BFFF9066B6F8BFAC54925D00049021DAD65F562F407013E3
0ECDFC1611A682813F0FCA8A16DB6399CFFF9066B6F8BFAC54725B00049021DAD65F562F407013E4
0ECDF51611A48281460FCA6D16DB6D99BFFF9066B6F8BFAC54725A00049021DAD65F562F407013E5
0ECDF91611A482813F0FCA5816DB7899BFFF9076B6F8BFAC54725900049021DAD65F562F407013E6
0ECE0D1611AC82813F0FCA2C16DB7D99CFFF9076B6F8BFAC54725900049121DAD65F562F407013E7
0ECE171611B68281460FC9FE16DB8699CFFF9086B6F8BFAC2C225900049021DAD65F562F407013E8
0ECE1A1611C18281460FC9DD16DB8299CFFF9086B6F8BFAC05425900049021DAD65F562F407013E9
0ECE141611B58281460FC9D316DB7899CFFF9086B6F88FAA00025900049021DAD65F562F407013EA
0ECE031611AA8281460FC9C416DB7299CFFF9096B6F87FA900025900049021DAD65F562F407013EB
0ECDE516119C82814A0FC9AF16DB7299DFFF9096B6F86FA900025900049021DAD65F562F407013EC
0ECDD716119C82814E0FC99516DB7299DFFF9096B6F87FA900425900049021DAD65F562F407013ED
0ECDFF1611BA82814E0FC98E16DB6C99DFFF90A6B6F87FA900325800049021DAD65F562F407013EE
0ECE281611C482814E0FC98116DB6399DFFF90A6B6F87FA900225800049021DAD65F562F407013EF
0ECE281611C682814E0FC97516DB6899DFFF90B6B5F87FA900225800048F21DAD65F562F407013F0
0ECE351611CD8281550FC96F16DB5E99DFFF90B6B6F87FA900225900049021DAD65F562F407013F1
0ECE3C1611C68281550FC96A16DB6399DFFF90C6B6F87FA900225A00049021DAD65F562F407013F2
0ECE321611C082814E0FC96616DB5799DFFF90C6B6F87FA900325A00049021DAD65F562F407013F3
0ECE2F1611C28281550FC96416DB4E99DFFF90D6B6F87FA901225A00048F21DAD65F562F407013F4
0ECE3F1611CD8281550FC95816DB5399EFFF90D6B6F87FA94D125900048F21DAD65F562F407013F5
0ECE5A1611D782815C0FC95816DB4999EFFF90E6B6F87FA982425900049021DAD65F562F407013F6
0ECE5A1611D78281550FC95216DB3E99EFFF90E6B6F87FA98B925A00048F21DAD65F562F407013F7
0ECE4D1611D182815C0FC93F16DB3D99EFFF90F6B6F87FA988625B00048F21DAD65F562F407013F8
0ECE411611C782815C0FC93916DB3E99EFFF90F6B6F87FA986225A00048F21DAD65F562F407013F9
0ECE321611BF82815C0FC92916DB2F99EFFF9106B6F87FA985C25900048F21DAD65F562F407013FA
0ECE0D1611A882815C0FC92916DB2F99DFFF9106B6F87FA985E25900049021DAD65F562F407013FB
0ECDF916119882815C0FC92316DB3499EFFF9116B6F87FA985F25800048F21DAD65F562F407013FC
0ECDE116118B8281640FC92616DB2899EFFF9116B6F87FA986025700048F21DAD65F562F407013FD
0ECDCA16117D8281610FC92016DB2499EFFF9116B6F87FA986025700048F21DAD65F562F407013FE
0ECDBF16117A8281640FC92216DB1F99EFFF9126B6F87FA986025700048F21DAD65F562F407013FF
0ECDB516116F8281640FC92616DB1F99EFFF9136B6F87FA94A925700048F21DAD65F562F40701300
0ECDAB16116F8281640FC92016DB1099DFFF9136B6F87FA90A225700049021DAD65F562F40701301
0ECD941611658281640FC92216DB1399EFFF9136B6F88FAA00025600048F21DAD65F562F40701302
0ECD831611598281640FC92216DB0599DFFF9146B6F88FAB00025600048F21DAD65F562F40701303
0ECD7216114982816B0FC92016DB0099EFFF9146B5F88FAB00025700048F21DAD65F562F40701304
0ECD5A1611438281640FC92616DAF699EFFF9156B6F88FAB00525700048F21DAD65F562F40701305
0ECD4016113582816B0FC92316DAFB99EFFF9156B6F88FAB00425700048F21DAD65F562F40701306
0ECD2F16113282816B0FC92616DAE999EFFF9156B6F88FAB00325700048F21DAD65F562F40701307
0ECD2516113382816B0FC92616DADC99EFFF9166B6F88FAB00225800048F21DAD65F562F40701308
0ECD2816112D8281640FC92B16DAD199DFFF9166B6F88FAB00225900048E21DAD65F562F40701309
0ECD2116112A8281730FC92D16DAC299DFFF9166B6F88FAB00225900048E21DAD65F562F4070130A
0ECD2116112A82816B0FC92916DAB599EFFF9176B6F88FAB00325900048E21DAD65F562F4070130B
0ECD2116112582816B0FC93216DAAD99EFFF9176B6F88FAB0CD25900048E21DAD65F562F4070130C
0ECD2116112382816B0FC93016DA9399EFFF9176B6F88FAB5F925900048E21DAD65F562F4070130D
0ECD1E16112282816B0FC93916DA8399EFFF9176B6F88FAB87725900048E21DAD65F562F4070130E
0ECD1E16111F82816F0FC93816DA6F99EFFF9186B6F88FAB8B525900048E21DAD65F562F4070130F
0ECD1B1611268281730FC93B16DA5799FFFF9186B6F88FAB87D25B00048E21DAD65F562F40701310
0ECD1716112082816B0FC94416DA4A99FFFF9186B6F88FAB86225A00048D21DAD65F562F40701311
0ECD171611258281730FC94A16DA3599FFFF9186B6F88FAB85F25900048E21DAD65F562F40701312
0ECD1B16112A82816B0FC94E16DA2B99FFFF9186B6F88FAB86225900048D21DAD65F562F40701313
0ECD1716113182816B0FC95416DA2399FFFF9186B6F88FAB86325900048E21DAD65F562F40701314
0ECD1D1611368281730FC96A16DA1199FFFF9196B5F88FAB86325A00048D21DAD65F562F40701315
0ECD281611398281730FC9A816DA0799FFFF9186B6F88FAB86325A00048D21DAD65F562F40701316
0ECD3216113C82816B0FCA0C16D9FC9A0FFF9196B5F88FAB86325C00048E21DAD65F562F40701317
0ECD431611408281730FCAB116D9F49A0FFF9196B6F88FAB61825E00048D21DAD65F562F40701318
0ECD4D16114382816B0FCB7116D9E29A0FFF9196B6F88FAB15025D00048D21DAD65F562F40701319
0ECD5016113F8281730FCC4916D9E29A0FFF9196B6F88FAB00025D00048D21DAD65F562F4070131A
0ECD541611428281730FCD2516D9ED9A1FFF9186B6F88FAA00025B00048D21DAD65F562F4070131B
0ECD5416114D82816B0FCDF416D9F99A1FFF9186B6F88FAA00025A00048D21DAD75F562F4170131C
0ECD6F16115882816B0FCEAE16DA019A1FFF9186B6F88FAA00525900048D21DAD75F562F4070131D
0ECD7C16115C8281730FCF4D16DA1B9A1FFF9186B6F88FAA00525900048D21DAD75F562F4070131E
0ECD8316116382816B0FCFBC16DA269A2FFF9186B6F88FAA00325900048D21DAD75F562F4070131F
0ECD8616115F82816F0FCFFE16DA4D9A2FFF9186B6F88FAA00225800048D21DAD75F562F40701320
0ECD8A16116682816B0FD02B16DA5A9A3FFF9186B6F88FAA00225800048C21DAD75F562F40701321
0ECD971611798281730FD04F16DA749A3FFF9176B6F88FAA00225900048D21DAD75F562F40701322
0ECDA816117F82816B0FD07D16DA899A4FFF9176B6F88FAA00325900048D21DAD75F562F40701323
0ECDB216118282816B0FD0C616DA9B9A4FFF9176B6F88FAA12325900048C21DAD75F562F40701324
0ECDBF16118882816B0FD14E16DAA39A4FFF9176B6F88FAA44325900048C21DAD75F562F40701325
0ECDC616119082816B0FD1F416DAA89A5FFF9176B5F88FAA56C25E00048C21DAD75F562F40701326
0ECDD01611928281640FD29F16DAAD9A5FFF9176B6F88FAA57326100048D21DAD75F562F40701327
0ECDD816119382816B0FD35416DAAD9A5FFF9176B6F88FAA55125F00048D21DAD75F562F40701328
0ECDE116119D82816B0FD40816DAA69A6FFF9176B6F88FAA54526100048C21DAD75F562F40701329
0ECDE81611988281640FD4C716DAA39A7FFF9166B6F88FAA54526200048C21DAD75F562F4070132A
0ECDE41611938281640FD58916DA989A7FFF9166B6F88FAA54626100048C21DAD75F562F4070132B
0ECDD416118B82816B0FD64416DA989A7FFF9166B6F88FAA54725E00048C21DAD75F562F4070132C
0ECDCD16118D8281640FD70016DAA09A8FFF9166B6F88FAA54625C00048D21DAD75F562F4070132D
0ECDD71611918281640FD7BB16DAAD9A9FFF9156B6F88FAA54625A00048C21DAD75F562F4070132E
0ECDDA1611908281640FD86116DAB79A9FFF9156B6F88FAA54725900048C21DAD75F562F4070132F
0ECDD016118382815C0FD88116DADC9A9FFF9156B6F88FAA3A725900048C21DAD75F562F40701330
0ECDB916117B8281610FD85616DAE69A9FFF9156B6F88FAA0BA25900048C21DAD75F562F40701331
0ECDAB1611778281640FD86816DAF49AAFFF9156B6F88FAB00025800048C21DAD75F562F40701332
0ECDA116117182815C0FD8DF16DB009ABFFF9146B6F89FAC00025700048C21DAD75F562F40701333
0ECDB216117B82815C0FD90716DB109ABFFF9146B6F89FAD00025700048C21DAD65F562F41701334
0ECDCD16118682815C0FD90E16DB249ABFFF9136B6F89FAD00425700048C21DAD65F562F40701335
0ECDC616117D82815C0FD96F16DB449ACFFF9136B6F89FAD00325700048C21DAD65F562F40701336
0ECDAB1611708281550FD9E316DB529ACFFF9126B6F89FAD00225700048C21DAD65F562F40701337
0ECD9716115C8281550FDA5A16DB689ADFFF9126B6F89FAD00125600048C21DAD65F562F40701338
0ECD8A1611578281550FDACD16DB8C9ADFFF9116B6F89FAD00125500048C21DAD65F562F40701339
0ECD8316115A82815C0FDB2116DB979ADFFF9116B6F89FAD00225500048B21DAD65F562F4070133A
0ECD7516115082814E0FDAD116DBA69ADFFF9116B5F89FAD00325600048C21DAD65F562F4070133B
0ECD6F1611518281550FDA8C16DBB09AEFFF9106B6F89FAD0B525500048C21DAD65F562F4070133C
0ECD7516115282814E0FDAD516DBBB9AEFFF90F6B6F89FAD43A25500048C21DAD65F562F4070133D
0ECD7C16115C8281550FDB4116DBC69AEFFF90F6B6F89FAD5CE25500048C21DAD65F562F4070133E
0ECD8316116582814E0FDB9F16DBD09AFFFF90E6B6F89FAD5EE25500048C21DAD65F562F4070133F
0ECDAB16117C82814E0FDC0416DBDA9AFFFF90E6B5F89FAD5C825600048C21DAD65F562F40701340
0ECDE416119B82814E0FDC5E16DBEA9AFFFF90D6B6F89FAD5B725600048C21DAD65F562F40701341
0ECDF51611AC8281460FDCC016DBF99AFFFF90D6B6F89FAD5B625700048C21DAD65F562F40701342
0ECE1A1611C282814A0FDD3316DBFF9AFFFF90C6B6F89FAD5B725600048D21DAD65F562F40701343
0ECE281611C482814E0FDD9C16DC099AFFFF90B6B6F89FAD5B825600048D21DAD65F562F40701344
0ECE1A1611BC8281460FDDFA16DC0E9AFFFF90B6B6F89FAD5B825600048D21DAD65F562F40701345
0ECE1E1611B48281460FDE4A16DC0E9B0FFF90A6B6F89FAD5B725700048D21DAD65F562F40701346
0ECE1A1611B18281460FDE5A16DC199B0FFF9096B6F89FAD5B925600048D21DAD65F562F40701347
0ECE181611A982813F0FDDFE16DC1D9B0FFF9096B6F89FAD3D625600048D21DAD65F562F40701348
0ECE101611AB8281460FDD7F16DC199B0FFF9086B6F89FAD0BA25600048D21DAD65F562F40701349
0ECDFC16119982813F0FDD5416DC0E9B0FFF9086B6F89FAD00025500048D21DAD65F562F4070134A
0ECDE116118C82813F0FDD5F16DC0E9B0FFF9076B6F8AFAD00025500048D21DAD65F562F4070134B
0ECDDA16118982813F0FDD0116DC049B0FFF9076B6F8BFAC00025600048D21DAD65F562F4070134C
0ECDDE16118882813F0FDC0016DC049B0FFF9066B6F8BFAC00425600048E21DAD65F562F4070134D
0ECDCD16117B82813F0FDAFC16DBF49B0FFF9066B6F8BFAC00325600048E21DAD65F562F4070134E
0ECDCA16116A8281370FD99B16DBEA9B0FFF9066B6F8BFAC00325600048D21DAD65F562F4070134F
0ECD9016115082813F0FD82416DBDA9B1FFF9056B6F8BFAC00225600048E21DAD65F562F40701350
0ECD5E16114B8281370FD71916DBC69B1FFF9056B6F8BFAC00225600048D21DAD65F562F40701351
0ECD6816114C82813F0FD64B16DBA19B1FFF9056B6F8BFAC00225500048E21DAD65F562F40701352
0ECD721611438281370FD56C16DB8C9B1FFF9046B6F8BFAC00325500048E21DAD65F562F40701353
0ECD541611278281370FD49816DB6C9B1FFF9046B6F8BFAC07525600048E21DAD65F562F40701354
0ECD4A1611278281300FD3E416DB449B1FFF9046B6F8BFAC57725600048E21DAD65F562F40701355
0ECD5E16114782813B0FD36916DB1A9B1FFF9036B6F8BFAC82E25500048E21DAD65F562F40701356
0ECD751611638281370FD2FA16DAFB9B1FFF9036B6F8BFAC88525500048E21DAD65F562F40701357
0ECD8A16116B8281300FD26E16DACA9B1FFF9036B6F8BFAC84F25500048D21DAD65F562F40701358
0ECD9A16116E8281370FD1CC16DAA89B1FFF9036B6F8BFAC83125500048E21DAD65F562F40701359
0ECDA81611788281370FD13916DA839B2FFF9036B6F8BFAC82E25500048E21DAD65F562F4070135A
0ECDB216117D8281300FD0B016DA559B1FFF9036B6F8BFAC83025500048E21DAD65F562F4070135B
0ECDB516117E8281370FD02816DA309B2FFF9036B6F8BFAC83125500048D21DAD65F562F4070135C
0ECDAC1611758281300FCFE916D9FF9B2FFF9036B6F8BFAC83125500048E21DAD65F562F4070135D
0ECDAB1611708281370FCF9816D9E29B2FFF9046B6F8BFAC83125600048E21DAD65F562F4070135E
0ECD9A16116C8281300FCF1E16D9CE9B2FFF9046B6F8BFAC83225600048E21DAD65F562F4070135F
0ECD971611688281370FCE9516D9A99B2FFF9046B6F8BFAC53E25700048E21DAD65F562F40701360
0ECD9E1611668281370FCDFF16D99C9B2FFF9046B6F8BFAC0EA29C00048E21DAD65F562F40701361
0ECD8D16115C8281300FCDA516D9859B3FFF9056B6F8BFAC00033500048E21DAD65F562F40701362
0ECD6B1611538281370FCD5416D98A9B3FFF9056B6F8BFAC00035D00048E21DAD65F562F40701363
0ECD6B1611588281370FCD0716D9969B3FFF9056B6F8BFAB00032800048E21DAD65F562F40701364
0ECD751611648281370FCCBC16D98A9B4FFF9066B6F8BFAB0052EB00048E21DAD65F562F40701365
0ECD9A1611788281370FCC5116D98A9B4FFF9066B6F8BFAB0042C000048E21DAD65F562F40701366
0ECDC71611878281370FCBAE16D97A9B4FFF9076B6F8BFAB0032A400048E21DAD65F562F40701367
0ECDDE1611938281370FCB2716D9729B4FFF9076B6F8BFAB00228F00048E21DAD65F562F40701368
0ECDE11611948281370FCAC416D9569B4FFF9086B6F8BFAB00228000048E21DAD65F562F40701369
0ECDC316119382813B0FCA6616D9479B5FFF9086B6F8BFAB00227600048F21DAD65F562F4070136A
0ECDD41611938281370FC9FE16D91D9B5FFF9096B6F8BFAB00326F00048F21DAD65F562F4070136B
0ECDDA16119082813F0FC9C016D8FF9B5FFF9096B6F8BFAB0BD26900048F21DAD65F562F4070136C
0ECDD016118E82813F0FC99D16D8E99B5FFF90A6B6F8BFAB5D226400048E21DAD65F562F4070136D
0ECDCA16118D82813F0FC98316D8CA9B6FFF90A6B6F8BFAB84D26000048E21DAD65F562F4070136E
0ECDC316118B82813F0FC94E16D8A79B6FFF90B6B6F8BFAB88D25E00048F21DAD65F562F4070136F
0ECDBC1611898281460FC92D16D88C9B6FFF90B6B6F8BFAB85625D00048E21DAD65F562F40701370
0ECDB916118282813F0FC91716D8729B6FFF90C6B6F8BFAB83B25C00048E21DAD65F562F40701371
0ECDB916117F8281460FC90716D8639B7FFF90D6B6F8BFAB83925B00048E21DAD65F562F40701372
0ECDC31611858281460FC8FE16D84D9B7FFF90D6B6F8BFAB83B25B00048F21DAD65F562F40701373
0ECDC31611868281460FC8F716D83E9B7FFF90E6B6F8BFAB83C25A00048E21DAD65F562F40701374
0ECDC31611848281460FC8F516D83E9B7FFF90F6B6F8BFAB83C25D00048E21DAD65F562F40701375
0ECDC316118882814E0FC8EC16D83E9B7FFF90F6B6F8BFAB83C26300048F21DAD65F562F40701376
0ECDCD16118C82814E0FC8EA16D8399B7FFF9106B6F8BFAB83D26300048F21DAD65F562F40701377
0ECDD01611908281460FC8DA16D8349B7FFF9106B6F8BFAB5E926100048E21DAD65F562F40701378
0ECDDA1611908281550FC8E816D82E9B8FFF9116B6F8BFAB14025F00048E21DAD65F562F40701379
0ECDCD16117F82814E0FC8E716D8299B8FFF9116B6F8BFAB00025F00048E21DAD65F562F4070137A
0ECDAB16116882814E0FC8E116D8249B8FFF9126B6F8BFAA00025F00048E21DAD65F562F4070137B
0ECD8616115282813F0FC8DE16D8249B7FFF9136B6F8BFA900025F00048E21DAD65F562F4070137C
0ECD5E16113D8281680FC8D516D8199B7FFF9136B6F8BFA800525D00048E21DAD65F562F4070137D
0ECD4016112B8281550FC8C816D8159B7FFF9146B6F8BFA800525D00048E21DAD65F562F4070137E
0ECD1716111182815C0FC8C116D80A9B7FFF9156B6F8BFA800325D00048E21DAD65F562F4070137F
0ECCC61610E58281550FC8B816D8059B7FFF9156B6F8BFA800225C00048E21DAD65F562F40701380
0ECC831610B182815C0FC8AF16D8009B7FFF9166B6F8BFA800225B00048E21DAD65F562F40701381
0ECC4A16108C82815C0FC8AA16D7F59B7FFF9176B6F8BFA800225A00048F21DAD65F562F40701382
0ECC2216106F82815C0FC89916D7F09B7FFF9176B6F8BFA800325900048F21DAD65F562F40701383
0ECC0B1610688281640FC89216D7EB9B6FFF9186B6F8BFA80CD25900048E21DAD65F562F40701384
0ECC0316106982815C0FC88216D7E59B6FFF9186B6F8BFA85B325B00048E21DAD65F562F40701385
0ECC071610738281640FC87916D7DB9B6FFF9196B6F8BFA880725D00048F21DAD65F562F40701386
0ECC0A1610748281640FC87216D7E09B5FFF9196B6F8BFA883E25E00048F21DAD65F562F40701387
0ECC071610708281640FC86616D7D69B5FFF91A6B6F8BFA880925D00048E21DAD65F562F40701388
0ECC001610718281640FC86316D7CB9B5FFF91A6B6F8BFA87EF25C00048E21DAD65F562F40701389
0ECBF71610518281640FC86316D7C69B5FFF91A6B6F8BFA87ED25B00048E21DAD65F562F4070138A
0ECBD816100E82816B0FC86216D7C19B4FFF91B6B5F8BFA87F025A00048E21DAD65F562F4070138B
0ECB8E160FAC8281640FC86316D7C69B4FFF91B6B6F8BFA87F125900048E21DAD65F562F4070138C
0ECAF0160F5582816B0FC86716D7BC9B4FFF91B6B6F8BFA87F125A00048E21DAD65F562F4070138D
0ECA84160F2782816F0FC86616D7C19B3FFF91B6B6F8BFA87F125B00048E21DAD65F562F4070138E
0ECA2B160EF582816B0FC86A16D7B79B3FFF91B6B6F8BFA87F125C00048E21DAD65F562F4070138F
0EC9CF160EC182816B0FC86E16D7BC9B2FFF91C6B6F8BFA853025D00048E21DAD65F562F40701390
0EC985160E968281730FC86D16D7BC9B2FFF91C6B6F8BFA80F025C00048E21DAD65F562F40701391
0EC960160E7682816B0FC87216D7B79B1FFF91C6B6F8BFA800025B00048E21DAD65F562F40701392
0EC960160E758281730FC87416D7C19B1FFF91C6B6F8BFA900025B00048E21DAD65F562F40701393
0EC963160E7F8281730FC86E16D7C19B1FFF91C6B6F89FAB00025A00048E21DAD65F562F40701394
0EC988160E8982816B0FC87216D7BC9B1FFF91D6B6F89FAC00525900048E21DAD65F562F40701395
0EC9E7160E9E8281730FC87116D7BC9B1FFF91D6B5F89FAC00425900048D21DAD65F562F40701396
0ECA3D160EBB8281730FC87516D7C19B0FFF91D6B5F89FAC00325900048E21DAD65F562F40701397
0ECA1F160ED582817A0FC86E16D7C19B0FFF91D6B6F89FAC00225900048D21DAD65F562F40701398
0ECA1F160EEE82816B0FC87116D7C69AFFFF91D6B6F89FAC00225A00048D21DAD65F562F40701399
0ECA27160EF98281730FC87216D7C69AFFFF91D6B6F89FAC00225B00048E21DAD65F562F4070139A
0ECA26160EFE82817A0FC87216D7C19AFFFF91D6B6F89FAC00325C00048E21DAD65F562F4070139B
0ECA2D160F078281730FC87116D7C19AFFFF91D6B6F89FAC0A025B00048E21DAD65F562F4070139C
0ECA08160F158281730FC87216D7C19AEFFF91D6B6F89FAC5BD25A00048D21DAD65F562F4070139D
0EC999160F288281640FC87516D7C19AEFFF91D6B5F89FAC85825900048E21DAD65F562F4070139E
0EC94B160F388281860FC87116D7C69AEFFF91D6B6F89FAC8A225B00048D21DAD65F562F4070139F
0EC920160F5A8281730FC87916D7C19AEFFF91E6B6F89FAC86B25B00048D21DAD65F562F407013A0
0EC95C160F918281730FC87516D7C19ADFFF91D6B6F89FAC84F25B00048E21DAD65F562F407013A1
0ECA1A160FCA82817A0FC87B16D7CC9AEFFF91E6B6F89FAC84B25A00048E21DAD65F562F407013A2
0ECABD160FFD8281730FC88B16D7CB9ADFFF91E6B6F89FAC84E25A00048D21DAD65F562F407013A3
0ECB151610238281730FC8C616D7CB9ADFFF91E6B6F89FAC84F25900048E21DAD65F562F407013A4
0ECB4A16103B8281730FC93416D7E69ADFFF91E6B6F89FAC84F25900048D21DAD65F562F407013A5
0ECB9116105082816B0FC9CF16D7E59ADFFF91E6B6F89FAC85025900048D21DAD65F562F407013A6
0ECBBA1610588281730FCA7F16D7FA9ADFFF91D6B6F89FAC84F25800048D21DAD65F562F407013A7
0ECBE51610808281730FCB3316D8059ADFFF91D6B6F89FAC57225800048D21DAD65F562F407013A8
0ECC471610B68281730FCBDA16D8249ADFFF91D6B6F89FAC0FD25900048D21DAD65F562F407013A9
0ECC971610E082816B0FCC5416D83E9ADFFF91D6B6F89FAC00025A00048D21DAD65F562F407013AA
0ECCB61610E88281730FCCC016D8539ADFFF91D6B5F89FAC00025A00048D21DAD65F562F407013AB
0ECCBC1610F082816B0FCD1716D8679ACFFF91D6B5F89FAB00025900048C21DAD75F562F417013AC
0ECCE116110482816B0FCD8516D86C9ACFFF91D6B6F89FAA00525900048C21DAD75F562F407013AD
0ECD1316111982816B0FCE1316D8729ACFFF91D6B6F89FAA00525900048D21DAD75F562F407013AE
0ECD2B16112B82816F0FCEAF16D87C9ADFFF91D6B6F89FAA00325900048C21DAD75F562F407013AF
0ECD4616114582816B0FCF4916D8869ADFFF91C6B6F89FAA00225800048D21DAD75F562F407013B0
0ECD6B1611578281640FCFC816D88C9ADFFF91C6B6F89FAA00225700048C21DAD75F562F407013B1
0ECD8316115582816B0FD03216D89B9ADFFF91C6B6F89FAA00225800048D21DAD75F562F407013B2
0ECD7216114E8281640FD09716D8A69ADFFF91C6B6F89FAA00325800048C21DAD75F562F407013B3
0ECD7216114D8281640FD0F416D8AC9ADFFF91C6B6F89FAA05525900048C21DAD75F562F407013B4
0ECD8D16115B8281640FD16016D8BA9ADFFF91B6B6F89FAA55325900048D21DAD75F562F407013B5
0ECD9E1611608281640FD1DE16D8BF9ADFFF91B6B6F89FAA83225900048D21DAD75F562F407013B6
0ECD901611618281640FD26716D8CB9ADFFF91B6B6F89FAA89725800048D21DAD75F562F407013B7
0ECD8A1611648281640FD2E716D8DF9ADFFF91A6B5F89FAA86125800048C21DAD75F562F407013B8
0ECD8A16115F82815C0FD36616D8F39ADFFF91A6B5F89FAA84325700048C21DAD75F562F407013B9
0ECD9016115482815C0FD3E016D9039ADFFF91A6B6F89FAA83E25700048C21DAD75F562F407013BA
0ECD8616115182815C0FD45016D9199ADFFF91A6B6F89FAA84125600048C21DAD75F562F407013BB
0ECD7916114482815C0FD41D16D9279ADFFF9196B6F89FAA84225600048D21DAD75F562F407013BC
0ECD6516114182815C0FD2F316D92D9ADFFF9196B6F89FAA84225600048D21DAD75F562F407013BD
0ECD5E1611438281550FD23216D9339ADFFF9196B6F89FAA84225500048D21DAD75F562F407013BE
0ECD7C16115C82815C0FD20516D9479ADFFF9196B6F89FAA84325500048C21DAD75F562F407013BF
0ECD9E1611708281460FD23116D9479ADFFF9186B6F89FAABA925500048D21DAD75F562F407013C0
0ECDAF1611798281610FD2B616D9479ACFFF9186B5F89FAAF5F25500048C21DAD75F562F407013C1
0ECDBC1611768281550FD33316D93E9ACFFF9186B6F89FAAFFF25600048C21DAD75F562F407013C2
0ECDAF16116B82814E0FD35B16D9479ACFFF9186B6F89FAAFFF25800048C21DAD75F562F407013C3
0ECD941611538281550FD34216D9519ACFFF9176B5F89FAAFF925B00048D21DAD75F562F407013C4
0ECD7216114C82814E0FD30816D9519ACFFF9176B6F8AFAAFF025F00048D21DAD75F562F407013C5
0ECD5716113B82814E0FD2C816D9539ABFFF9176B6F8BFAAFF126000048C21DAD75F562F407013C6
0ECD4616112C8281460FD2B116D9669ABFFF9176B6F8BFAAFF325E00048D21DAD75F562F407013C7
0ECD3916112182814E0FD29516D9609ABFFF9176B6F8BFAAFF325C00048C21DAD75F562F407013C8
0ECD1E1611198281460FD22216D95D9ABFFF9176B6F8BFAAFF325A00048D21DAD75F562F407013C9
0ECD1716110682814E0FD22616D95B9ABFFF9176B6F8BFAAFF325900048C21DAD75F562F407013CA
0ECD061610FB82813F0FD24B16D9569ABFFF9176B6F8BFAAFF325900048D21DAD75F562F407013CB
0ECCEF1610EC8281460FD27516D9609AAFFF9176B6F8BFAAF8625900048C21DAD75F562F407013CC
0ECCD71610DC8281460FD28316D95D9AAFFF9186B6F8BFAAAE725B00048C21DAD75F562F407013CD
0ECCB91610C88281460FD22916D9569A9FFF9176B6F8BFAA86A25C00048C21DAD75F562F407013CE
0ECCA11610C082813F0FD1D416D9519A9FFF9186B6F8BFAA81B25C00048C21DAD75F562F407013CF
0ECC911610BC82813F0FD1BA16D9439A9FFF9176B6F8BFAA84D25B00048C21DAD75F562F407013D0
0ECC711610AE82813F0FD1C516D9419A9FFF9176B5F8BFAA86825A00048C21DAD75F562F407013D1
0ECC5B1610AE82813F0FD20216D92D9A8FFF9176B6F8BFAA86B25900048C21DAD75F562F407013D2
0ECC801610C282813B0FD25316D92D9A8FFF9176B6F8BFAA86925900048C21DAD75F562F407013D3
0ECC971610D68281370FD28E16D9199A7FFF9176B6F8BFAA86725E00048C21DAD75F562F407013D4
0ECCA11610E782813F0FD26A16D9139A7FFF9176B6F8BFAA86826300048C21DAD75F562F407013D5
0ECCAF1610F58281370FD24616D8FE9A7FFF9166B6F8BFAA86726300048C21DAD75F562F407013D6
0ECCC31610FA8281370FD26E16D8F09A6FFF9166B5F8BFAA86826100048D21DAD75F562F407013D7
0ECCDB1610FE8281370FD27016D8DF9A6FFF9166B6F8BFAAB2925E00048C21DAD75F562F407013D8
0ECCE01610FB8281370FD1FB16D8D99A6FFF9156B6F8BFAAF1A25D00048D21DAD75F562F407013D9
0ECCE11610F78281370FD15516D8C59A5FFF9156B6F8BFAAFFF25E00048C21DAD75F562F407013DA
0ECCE51610FD8281370FD0B316D8B19A5FFF9156B6F8BFAAFFF26000048D21DAD75F562F407013DB
0ECCEB1611028281370FD02016D8A69A4FFF9146B6F8BFAAFF225F00048D21DAD65F562F417013DC
0ECCF21611018281370FCF8D16D88C9A4FFF9146B6F8BFABFE625D00048C21DAD65F562F407013DD
0ECCF61610FF8281300FCEEF16D8829A4FFF9136B6F8BFABFE725B00048C21DAD65F562F407013DE
0ECCF91611038281300FCE4A16D8679A4FFF9136B6F8BFABFE925B00048C21DAD65F562F407013DF
0ECCFB1611058281370FCDB716D8529A4FFF9126B6F8BFABFE925B00048D21DAD65F562F407013E0
0ECCFC1611048281300FCD3016D8439A3FFF9126B6F8BFABFE925A00048C21DAD65F562F407013E1
0ECD031611018281370FCCC716D82E9A3FFF9116B6F8BFABFEA25900048C21DAD65F562F407013E2
0ECD0A1611038281300FCC6D16D8199A3FFF9116B5F8BFABFE925900048D21DAD65F562F407013E3
0ECD001611078281300FCC2216D80F9A2FFF9106B6F8BFABFB125900048D21DAD65F562F407013E4
0ECD061611098281300FCC0116D7F59A2FFF9106B6F8BFABB4A25900048D21DAD65F562F407013E5
0ECD0316110C8281300FCC1716D7DB9A2FFF90F6B6F8BFAB8A625900048D21DAD65F562F407013E6
0ECD0D16110B8281340FCC5716D7C69A2FFF90F6B6F8BFAB84325900048D21DAD65F562F407013E7
0ECD1316110D8281300FCC4D16D7A79A1FFF90E6B6F8BFAB87325900048D21DAD65F562F407013E8
0ECD101611118281300FCBE816D78D9A1FFF90E6B6F8BFAB88F25900048D21DAD65F562F407013E9
0ECD0D1611108281370FCB7D16D7739A1FFF90D6B6F8BFAB89325900048C21DAD65F562F407013EA
0ECD0A1611088281300FCB4516D75E9A1FFF90D6B5F8BFAB89225800048D21DAD65F562F407013EB
0ECD031611078281300FCB2716D7459A1FFF90D6B6F8BFAB89125900048D21DAD65F562F407013EC
0ECD001611098281370FCACF16D7449A0FFF90C6B6F8BFAB89025900048D21DAD65F562F407013ED
0ECCF91611018281300FCA6916D7359A0FFF90B6B6F8BFAB89025900048C21DAD65F562F407013EE
0ECCF61610FC8281370FCA1E16D72F9A0FFF90B6B6F8BFAB89125900048D21DAD65F562F407013EF
0ECCEE1610F88281300FC9EC16D71B9A0FFF90B6B6F8BFAB5EF25900048C21DAD65F562F407013F0
0ECCE11610ED8281370FC9B316D71B99FFFF90A6B6F8BFAB13025900048D21DAD65F562F407013F1
0ECCE51610EB8281300FC98A16D71099FFFF90A6B6F8BFAB00025900048D21DAD65F562F407013F2
0ECCE11610F38281370FC97916D6FC99FFFF90A6B6F8BFAB00025900048C21DAD65F562F407013F3
0ECCE11610F58281300FC97516D6F299FFFF9096B6F8BFAB00025900048C21DAD65F562F407013F4
0ECCE11610F58281370FC96E16D6DC99FFFF9096B6F8BFAC00525900048C21DAD65F562F407013F5
0ECCDB1610ED8281370FC95D16D6BE99FFFF9096B6F8BFAC00525A00048D21DAD65F562F407013F6
0ECCDB1610E88281370FC94A16D69899FFFF9086B6F8BFAC00225900048D21DAD65F562F407013F7
0ECCCF1610DC8281370FC93016D68599EFFF9086B6F8BFAC00225900048C21DAD65F562F407013F8
0ECCC01610CC8281370FC92316D66599EFFF9086B6F8BFAC00225900048D21DAD65F562F407013F9
0ECC9E1610BA8281370FC91E16D64599DFFF9086B6F8BFAC00225900048C21DAD65F562F407013FA
0ECC7C1610A68281340FC90E16D62C99DFFF9076B6F8BFAC00325900048C21DAD65F562F407013FB
0ECC721610A782813F0FC8EC16D61B99DFFF9076B6F8AFAC0C925900048C21DAD65F562F407013FC
0ECC7C1610A78281370FC8CF16D60399DFFF9076B6F8AFAC40225900048C21DAD65F562F407013FD
0ECC7616109D82813F0FC8C616D5F899DFFF9076B6F8BFAC56125900048C21DAD65F562F407013FE
0ECC661610A68281370FC8C416D5E799DFFF9076B6F8BFAC57725A00048C21DAD65F562F407013FF
0ECC721610AB82813F0FC8BD16D5E499DFFF9076B6F8AFAC55425A00048C21DAD65F562F40701300
0ECC6C16109F82813F0FC8B116D5DD99CFFF9076B6F8BFAC54525A00048C21DAD65F562F40701301
0ECC5E16109F82813F0FC8A016D5D999BFFF9086B6F8BFAC54425A00048C21DAD65F562F40701302
0ECC541610A18281370FC89416D5D299AFFF9086B6F8BFAC54625A00048C21DAD65F562F40701303
0ECC4A1610A08281460FC88716D5D499BFFF9086B6F8BFAC54725A00048B21DAD65F562F40701304
0ECC431610A482813F0FC87516D5CA99BFFF9086B6F8BFAC54725A00048C21DAD65F562F40701305
0ECC4816109F82813F0FC86916D5C8999FFF9096B6F8BFAC54725A00048C21DAD65F562F40701306
0ECC431610978281460FC85C16D5CA99AFFF9096B6F8BFAC54725A00048C21DAD65F562F40701307
0ECC4316109A82813F0FC84A16D5C8999FFF9096B6F8BFAC3AA25A00048C21DAD65F562F40701308
0ECC401610958281460FC83E16D5BF998FFF90A6B5F8BFAC0BC25B00048C21DAD65F562F40701309
0ECC4716109B8281460FC83C16D5B5998FFF90A6B6F8BFAC00025C00048C21DAD65F562F4070130A
0ECC511610A08281460FC83416D5B8997FFF90B6B6F8BFAC00025D00048C21DAD65F562F4070130B
0ECC561610A78281460FC82D16D5B5997FFF90B6B6F8BFAC00025C00048C21DAD65F562F4070130C
0ECC651610AE8281460FC82A16D5A9996FFF90B6B6F8BFAB00425C00048C21DAD65F562F4070130D
0ECC6C1610B08281430FC81816D5AB995FFF90C6B6F8BFAA00325C00048C21DAD65F562F4070130E
0ECC5E1610AB82814E0FC80916D5A9995FFF90D6B6F8BFAA00325D00048C21DAD65F562F4070130F
0ECC4A16109C8281460FC7FE16D5A5994FFF90D6B6F8BFAA00225D00048C21DAD65F562F40701310
0ECC3916109482814E0FC7F016D59B993FFF90E6B6F8BFAA00225D00048C21DAD65F562F40701311
0ECC3216108D8281460FC7EC16D5A3993FFF90E6B6F8BFAA00225D00048C21DAD65F562F40701312
0ECC231610828281550FC7DE16D5A5992FFF90F6B6F8BFAA00325C00048C21DAD65F562F40701313
0ECC1416106F8281460FC7DA16D599992FFF90F6B6F8BFAA06B25B00048C21DAD65F562F40701314
0ECC0A16106582814E0FC7D716D5A0991FFF9106B6F8BFAA56F25B00048C21DAD65F562F40701315
0ECBFD1610518281550FC7D316D59E990FFF9106B6F8BFAA83325B00048D21DAD65F562F40701316
0ECBF916104882814E0FC7DA16D5A598FFFF9106B5F8BFAA89025A00048C21DAD65F562F40701317
0ECBEC16104282814E0FC7D316D59E98FFFF9116B6F8BFAA85925A00048C21DAD65F562F40701318
0ECBE216103D8281550FC7C816D5A598EFFF9116B6F8BFAA83B25A00048C21DAD65F562F40701319
0ECBDB16103F82814E0FC7C516D5A098DFFF9126B6F8BFAA83725900048C21DAD65F562F4070131A
0ECBD116103D8281550FC7BA16D5AE98DFFF9126B5F8BFAA83925900048C21DAD65F562F4070131B
0ECBC016103882814E0FC7BA16D5A598CFFF9136B6F8BFAA83B25800048C21DAD65F562F4070131C
0ECBBD1610378281550FC7BA16D5A998CFFF9136B6F8BFAA83B25900048C21DAD65F562F4070131D
0ECBBA1610378281550FC7B316D5B598BFFF9146B6F8BFAA83B25900048C21DAD65F562F4070131E
0ECBB61610368281550FC7AC16D5B398AFFF9146B6F8BFAA83B25A00048C21DAD65F562F4070131F
0ECBAF16103382813F0FC7AF16D5B598AFFF9156B6F8BFAA54725A00048C21DAD65F562F40701320
0ECBA816102E82816F0FC7AC16D5BF989FFF9156B6F8BFAA0ED25A00048C21DAD65F562F40701321
0ECBA81610388281550FC7A816D5C8988FFF9156B6F8BFAA00025B00048B21DAD65F562F40701322
0ECBB316103C8281550FC7A816D5CA988FFF9166B6F8BFAA00025D00048C21DAD65F562F40701323
0ECBBD16103F82815C0FC7A816D5CD988FFF9166B6F8BFAA00025E00048C21DAD65F562F40701324
0ECBC71610488281550FC79D16D5D9987FFF9176B6F8BFAA00525F00048C21DAD65F562F40701325
0ECBCD16104E82815C0FC79D16D5CD987FFF9176B6F8BFA900425E00048B21DAD65F562F40701326
0ECBC716104C82815C0FC79616D5DF986FFF9176B6F8BFA900225D00048C21DAD65F562F40701327
0ECBD416104E8281550FC79616D5E4986FFF9186B6F8BFA900125C00048B21DAD65F562F40701328
0ECBDB16104C82815C0FC79216D5E7985FFF9186B5F8BFA900225B00048B21DAD65F562F40701329
0ECBC416104782815C0FC78B16D5E4985FFF9196B6F8BFA900225B00048C21DAD65F562F4070132A
0ECBB616103B82815C0FC78C16D5E2985FFF9196B5F8BFA900325B00048B21DAD65F562F4070132B
0ECB9E16103782815C0FC78816D5EE984FFF91A6B6F8BFA914B25C00048C21DAD65F562F4070132C
0ECB9E16103382815C0FC78416D5E4984FFF91A6B6F8BFA945B25D00048B21DAD65F562F4070132D
0ECBD116104882815C0FC78116D5EC983FFF91B6B6F8BFA956E25C00048B21DAD65F562F4070132E
0ECC1216106982815C0FC77D16D5EE983FFF91B6B5F8BFA956F25B00048B21DAD65F562F4070132F
0ECC4A16108682815C0FC77D16D5EC983FFF91B6B6F8AFA954E25B00048B21DAD65F562F40701330
0ECC6816108A8281640FC78116D5E9983FFF91B6B5F8BFA954225A00048B21DAD65F562F40701331
0ECC4A16108E8281610FC77916D5E7982FFF91C6B6F8BFA954225B00048B21DAD65F562F40701332
0ECC1E1610958281640FC77916D5E9982FFF91C6B5F8BFA954425C00048B21DAD65F562F40701333
0ECC1B16109782815C0FC77D16D5E9982FFF91C6B6F8BFA954425C00048B21DAD65F562F40701334
0ECC0716108E82815C0FC77616D5E2982FFF91D6B6F8BFA954425C00048B21DAD65F562F40701335
0ECBF01610828281640FC77616D5DF981FFF91D6B6F8BFA954425B00048B21DAD65F562F40701336
0ECBD11610758281640FC77216D5DD981FFF91D6B6F8BFA954525D00048B21DAD65F562F40701337
0ECBCD16106C8281640FC77316D5D4981FFF91D6B6F8BFA934625F00048B21DAD65F562F40701338
0ECBD41610668281640FC76F16D5D2981FFF91E6B6F8BFA908C25F00048B21DAD65F562F40701339
0ECBD416105C8281640FC76F16D5D4981FFF91E6B6F8BFA900025E00048C21DAD65F562F4070133A
0ECBD116104F82815C0FC77616D5BF980FFF91E6B6F8BFA900025D00048B21DAD65F562F4070133B
0ECBBD1610448281640FC76F16D5C3980FFF91E6B6F8BFA900025C00048B21DAD65F562F4070133C
0ECB9E1610398281640FC76F16D5BA97FFFF91E6B6F8BFA900425C00048B21DAD65F562F4070133D
0ECB8716103682816B0FC77316D5BD97FFFF91F6B6F8BFA900325B00048B21DAD65F562F4070133E
0ECB7616102C8281640FC76F16D5B597FFFF91F6B6F8BFA900325C00048B21DAD65F562F4070133F
0ECB7D1610328281640FC76F16D5AE97FFFF91F6B6F8BFA900225D00048B21DAD65F562F40701340
0ECB8E1610368281640FC76F16D5AB97FFFF9206B6F8BFA900225D00048A21DAD65F562F40701341
0ECBA216103482816B0FC77216D5A597FFFF91F6B6F8BFA900225C00048B21DAD65F562F40701342
0ECBAC1610388281460FC76B16D59997FFFF9206B6F8BFA900325C00048B21DAD65F562F40701343
0ECBAF16103F8281860FC77216D59B97FFFF9206B6F8BFA90A525C00048B21DAD65F562F40701344
0ECBAC1610418281640FC76F16D58E97EFFF9206B6F8BFA95C925D00048B21DAD65F562F40701345
0ECBB016103982816B0FC76F16D58697EFFF9206B6F8BFA986125D00048B21DAD65F562F40701346
0ECBAC16103A8281640FC77216D58497EFFF9216B6F8BFA98A925D00048A21DAD65F562F40701347
0ECBAC16103F82816B0FC76F16D57C97EFFF9216B5F8BFA987225D00048B21DAD65F562F40701348
0ECB9E16103982816B0FC77216D57C97EFFF9216B6F8BFA985625D00048B21DAD65F562F40701349
0ECB9E1610338281640FC77616D57A97EFFF9216B6F8BFA985325D00048A21DAD65F562F4070134A
0ECBAC16103582816B0FC77616D56C97DFFF9216B6F8BFA985525D00048B21DAD65F562F4070134B
0ECBBA16104182816B0FC77616D56597DFFF9216B6F8BFA985725D00048A21DAD65F562F4070134C
0ECBB616104582816B0FC77916D56797DFFF9216B6F8BFA985725E00048B21DAD65F562F4070134D
0ECBBD16104682816B0FC77A16D55597DFFF9216B6F8BFA985725F00048A21DAD65F562F4070134E
0ECBB316103E82816B0FC77916D55297DFFF9226B6F8BFA985726100048A21DAD65F562F4070134F
0ECBB316103B82816B0FC78416D54B97DFFF9226B6F8BFA962225F00048A21DAD65F562F40701350
0ECBBA16103F82816B0FC78416D54897DFFF9226B6F8BFA915925D00048A21DAD65F562F40701351
0ECBC316103D82816B0FC78416D54397DFFF9226B6F8BFA900025E00048A21DAD65F562F40701352
0ECBC316104782816B0FC78B16D53B97DFFF9226B6F8BFA900025E00048A21DAD65F562F40701353
0ECBB916103F8281550FC78B16D53E97DFFF9226B6F8BFA900025E00048A21DAD75F562F41701354
0ECBB616103B82817E0FC79316D53197DFFF9236B6F8BFA900525D00048A21DAD75F562F40701355
0ECBB616103C8281730FC79216D53397DFFF9236B6F8AFAA00525D00048A21DAD75F562F40701356
0ECBB316103C82816B0FC79A16D52C97DFFF9236B6F8AFAB00225C00048A21DAD75F562F40701357
0ECBB616103F82816B0FC7A516D52997DFFF9236B6F8AFAB00225C00048A21DAD75F562F40701358
0ECBC71610448281730FC7B616D52697DFFF9236B6F89FAB00225B00048921DAD75F562F40701359
0ECBD416104682816B0FC7D316D52E97DFFF9236B6F8AFAB00225B00048921DAD75F562F4070135A
0ECBD116104582816B0FC7F316D51F97DFFF9246B6F8AFAB00325B00048921DAD75F562F4070135B
0ECBC71610468281730FC81816D52197DFFF9246B6F8AFAB0BA25C00048A21DAD75F562F4070135C
0ECBBD16103382816B0FC83816D52497DFFF9246B6F8AFAB3F825D00048921DAD75F562F4070135D
0ECB8A16100F8281730FC86616D51C97DFFF9246B6F8AFAB56125D00048921DAD75F562F4070135E
0ECB5B16100582816B0FC88016D51F97DFFF9246B6F8AFAB57A25E00048921DAD75F562F4070135F
0ECB5116100882816B0FC8AB16D51C97DFFF9246B6F8AFAB55725E00048921DAD75F562F40701360
0ECB7616102082816B0FC8D116D51997DFFF9246B6F8AFAB54825F00048921DAD75F562F40701361
0ECBA216103E8281730FC8F316D52197DFFF9246B6F8AFAB54726000048921DAD75F562F40701362
0ECBBD16104982816B0FC92316D51F97EFFF9256B6F8AFAB54926000048921DAD75F562F40701363
0ECBCA16104A82816B0FC94D16D52C97EFFF9256B6F89FAB54926100048921DAD75F562F40701364
0ECBB916104082816F0FC98016D53397EFFF9256B6F8AFAB54926100048921DAD75F562F40701365
0ECBA816102D82816B0FC9AF16D53997EFFF9256B6F8AFAB54926300048921DAD75F562F40701366
0ECB8016101582816B0FC9D216D54697FFFF9256B6F8AFAB54A26500048921DAD75F562F40701367
0ECB43160FF982816B0FCA0116D55297FFFF9256B6F8AFAB8E926600048921DAD75F562F40701368
0ECB1F160FF182816B0FCA2516D56097FFFF9256B6F8AFABEA726500048821DAD75F562F40701369
0ECB22160FF082816B0FCA5016D56297FFFF9256B6F8AFABFFF26600048921DAD75F562F4070136A
0ECB40160FF18281640FCA7416D56A980FFF9256B6F8AFABFFF26700048921DAD75F562F4070136B
0ECB36160FFB82816B0FCA9116D567980FFF9266B6F8AFABFFE26700048921DAD75F562F4070136C
0ECB2F160FFF82816B0FCAB116D574980FFF9266B6F8AFABFEC26600048921DAD75F562F4070136D
0ECB3D160FF98281640FCAC716D572981FFF9266B6F89FABFED26400048921DAD75F562F4070136E
0ECB47160FEE82816B0FCADC16D577981FFF9256B6F89FACFF026300048821DAD75F562F4070136F
0ECB51160FD98281640FCAFA16D57A981FFF9256B6F89FACFF126200048821DAD75F562F40701370
0ECB5B160FD08281640FCB2716D581981FFF9256B6F89FACFF126100048921DAD75F562F40701371
0ECB5B160FD88281640FCB5816D57F982FFF9256B6F89FACFF126100048921DAD75F562F40701372
0ECB5E160FE082815C0FCB9A16D586982FFF9256B6F89FACFF126100048921DAD75F562F40701373
0ECB5E160FE282816B0FCBDD16D594983FFF9256B6F89FACE7826000048921DAD75F562F40701374
0ECB4A160FE58281640FCC2516D59B983FFF9256B6F89FAC7E925F00048921DAD75F562F40701375
0ECB3D160FE68281610FCC7416D5AB984FFF9256B6F89FAC51325F00048921DAD75F562F40701376
0ECB5416100182815C0FCCB516D5B8984FFF9246B6F89FAC4E125F00048921DAD75F562F40701377
0ECB731610188281640FCCF616D5CF985FFF9246B6F89FAC52725E00048921DAD75F562F40701378
0ECB9116102582815C0FCD3616D5E2985FFF9246B6F89FAC54625F00048921DAD75F562F40701379
0ECB8E16102882815C0FCD7816D5E4986FFF9236B6F89FAC54926000048921DAD75F562F4070137A
0ECB871610248281550FCDBB16D5F7986FFF9236B6F89FAC54526100048921DAD75F562F4070137B
0ECB7616101C82815C0FCDFA16D5F8987FFF9236B6F89FAC54426000048921DAD75F562F4070137C
0ECB7616101982815C0FCE2D16D608987FFF9226B6F89FAC54426000048921DAD75F562F4070137D
0ECB6516100A8281550FCE5916D611988FFF9226B6F89FAC54425F00048A21DAD75F562F4070137E
0ECB4E1610088281550FCE5F16D627988FFF9216B6F89FAC54525F00048921DAD75F562F4070137F
0ECB6F1610158281550FCE7216D630989FFF9216B6F89FAC38525F00048921DAD75F562F40701380
0ECB7D1610118281550FCE9916D632989FFF9206B6F89FAC0A925F00048921DAD75F562F40701381
0ECB5E160FFC82814E0FCEC416D63C98AFFF9206B6F89FAC00025E00048921DAD75F562F40701382
0ECB33160FEB8281550FCEE816D64A98BFFF91F6B6F89FAC00025D00048A21DAD75F562F40701383
0ECB22160FE382814E0FCF1416D65B98BFFF91F6B6F89FAC00025D00048A21DAD65F562F41701384
0ECB22160FE582814E0FCF3316D66E98CFFF91E6B6F89FAC00425D00048A21DAD65F562F40701385
0ECB17160FEA82814E0FCF5416D67F98CFFF91D6B6F89FAC00325D00048A21DAD65F562F40701386
0ECB1B160FEF82814E0FCF7516D69498DFFF91D6B6F8AFAA00225D00048A21DAD65F562F40701387
0ECB2C160FF882814A0FCFA616D6A398EFFF91C6B6F8BFAA00225C00048921DAD65F562F40701388
0ECB361610068281460FCFDA16D6B898EFFF91B6B6F8BFAA00125C00048A21DAD65F562F40701389
0ECB4A1610148281460FD01D16D6D198EFFF91A6B6F8BFAA00225D00048921DAD65F562F4070138A
0ECB6F1610208281460FD05316D6E798FFFF9196B6F8BFAA00325D00048921DAD65F562F4070138B
0ECB8A1610238281460FD08916D70198FFFF9196B6F8BFAA15B25D00048A21DAD65F562F4070138C
0ECB8716101B82813F0FD0BA16D710990FFF9186B6F8BFAA46625E00048A21DAD65F562F4070138D
0ECB5E16100E8281460FD0F116D71B991FFF9176B6F8BFAA57225E00048A21DAD65F562F4070138E
0ECB5E16100D82813F0FD12716D730991FFF9166B6F8BFAA57125E00048A21DAD65F562F4070138F
0ECB6516100F82813F0FD16416D73A992FFF9156B6F8BFAA55025D00048A21DAD65F562F40701390
0ECB5416100482813F0FD1B616D74A992FFF9146B6F8BFAA54525D00048921DAD65F562F40701391
0ECB47160FFD8281370FD20216D759993FFF9136B6F8BFAA54525D00048A21DAD65F562F40701392
0ECB40160FEC82813F0FD25C16D76E993FFF9136B6F8BFAA54625D00048A21DAD65F562F40701393
0ECB22160FE38281370FD2BC16D778994FFF9126B6F8BFAA54725D00048A21DAD65F562F40701394
0ECB07160FED8281370FD32216D788994FFF9116B6F8BFAA54725D00048A21DAD65F562F40701395
0ECB1B160FF78281370FD37816D792994FFF9106B6F8BFAA54725D00048A21DAD65F562F40701396
0ECB39160FFA8281370FD3C016D79D995FFF90F6B6F8BFAA54725D00048B21DAD65F562F40701397
0ECB39160FFB8281370FD3FD16D7A2995FFF90F6B6F8BFAA3A725D00048A21DAD65F562F40701398
0ECB581610098281300FD43416D7B2995FFF90E6B6F8BFAA0BA25C00048A21DAD65F562F40701399
0ECB761610168281300FD46D16D7AC996FFF90D6B6F8BFAA00025C00048B21DAD65F562F4070139A
0ECB8A1610208281280FD4BC16D7B7996FFF90D6B6F8BFAA00025B00048B21DAD65F562F4070139B
0ECB8E16102982813B0FD52116D7B7996FFF90C6B6F8BFAA00025B00048B21DAD65F562F4070139C
0ECB831610298281300FD5A216D7B7997FFF90C6B6F8BFAA00425B00048B21DAD65F562F4070139D
0ECB9116102F8281300FD61916D7BC997FFF90B6B6F8BFAA00325A00048B21DAD65F562F4070139E
0ECB9E1610388281300FD67E16D7B7997FFF90B6B6F8AFA700325A00048B21DAD65F562F4070139F
0ECBA516103B8281280FD6E316D7B7997FFF90A6B6F8AFA500225B00048B21DAD65F562F407013A0
0ECBAF1610398281300FD73616D7B7998FFF90A6B6F8AFA500225B00048B21DAD65F562F407013A1
0ECBAF16103A8281300FD78116D7B2998FFF9096B6F8AFA500225B00048B21DAD65F562F407013A2
0ECBAF1610358281280FD79716D7A7998FFF9096B6F8AFA500325B00048B21DAD65F562F407013A3
0ECBA81610358281300FD71916D7A2998FFF9096B6F8AFA508025C00048B21DAD65F562F407013A4
0ECBAC16103A8281280FD64416D798999FFF9096B6F8AFA559725D00048B21DAD65F562F407013A5
0ECBB016103B8281280FD59016D788999FFF9096B6F8AFA585025D00048B21DAD65F562F407013A6
0ECBB31610438281300FD50D16D769999FFF9096B6F8AFA58A425D00048B21DAD65F562F407013A7
0ECBB31610468281280FD48216D74F999FFF9096B6F8AFA586D25D00048B21DAD65F562F407013A8
0ECBAF1610428281280FD3AE16D72F999FFF9096B6F8AFA585025D00048B21DAD65F562F407013A9
0ECBB316103E8281300FD28B16D70B99AFFF9096B6F8AFA584C25D00048B21DAD65F562F407013AA
0ECBB316103F8281280FD16B16D6E2999FFF9096B6F8AFA584F25C00048B21DAD65F562F407013AB
0ECBAC1610448281300FD07516D6B799AFFF9096B6F8AFA585025D00048B21DAD65F562F407013AC
0ECBAF1610468281280FCFF516D68F99AFFF9096B6F8AFA585025F00048B21DAD65F562F407013AD
0ECBB61610468281300FCFCA16D66499AFFF9096B6F8AFA585025F00048B21DAD65F562F407013AE
0ECBBD1610458281300FCFCF16D637999FFF90A6B6F89FA585025F00048C21DAD65F562F407013AF
0ECBC016104682812D0FCF8D16D5FE99AFFF90A6B6F8AFA556425F00048B21DAD65F562F407013B0
0ECBC41610498281280FCEF316D5CD99AFFF90B6B6F8AFA50F625E00048B21DAD65F562F407013B1
0ECBC71610528281300FCE3F16D5A599AFFF90B6B6F8AFA500025E00048B21DAD65F562F407013B2
0ECBCD1610518281300FCD9316D58999AFFF90B6B6F8AFA500025E00048B21DAD65F562F407013B3
0ECBD416104F8281300FCCD916D58199AFFF90C6B6F8AFA500025E00048B21DAD65F562E417013B4
0ECBD41610508281300FCBC816D56A99AFFF90C6B6F8AFA500525E00048C21DAD65F562E407013B5
0ECBD11610538281370FCAAB16D56299AFFF90D6B6F8AFA500525E00048C21DAD65F562E407013B6
0ECBDF1610588281300FC9E516D55299AFFF90D6B6F8BFA700325F00048C21DAD65F562E407013B7
0ECBDE16105A8281300FC95F16D55599BFFF90E6B6F8BFA900225F00048C21DAD65F562E407013B8
0ECBDE1610568281370FC90516D54D99CFFF90E6B6F8CFA900225F00048C21DAD65F562E407013B9
0ECBDB1610518281370FC8C616D55599BFFF90F6B6F8CFA900225F00048C21DAD65F562E407013BA
0ECBD416104D8281370FC8A816D54399AFFF90F6B6F8BFA900225E00048C21DAD65F562E407013BB
0ECBD81610518281370FC8A416D54B99AFFF9106B6F8BFA90E425E00048C21DAD65F562E407013BC
0ECBD11610548281370FC89416D54D99AFFF9116B6F8BFA960B25E00048C21DAD65F562E407013BD
0ECBCD16104E82813F0FC88416D55099AFFF9116B6F8BFA987325E00048C21DAD65F562E407013BE
0ECBCA16104B8281370FC86A16D56299AFFF9116B6F8CFA98AA25D00048C21DAD65F562E407013BF
0ECBC316104482813F0FC84216D55D99AFFF9126B6F8BFA987225D00048B21DAD65F562E407013C0
0ECBBD16104182813F0FC80916D55599AFFF9136B6F8BFA985825C00048B21DAD65F562E407013C1
0ECBAC16103D82813F0FC7D316D54899CFFF9136B6F8BFA985625C00048C21DAD65F562E407013C2
0ECBA21610318281460FC7BA16D52699BFFF9146B6F8BFA985925C00048C21DAD65F562E407013C3
0ECB9416102682813B0FC7AC16D51499AFFF9146B6F8BFA985925B00048C21DAD65F562E407013C4
0ECB8A1610238281460FC78816D4ED99AFFF9156B6F8BFA985925B00048C21DAD65F562E407013C5
0ECB8316101F8281460FC77316D4CC999FFF9156B6F8BFA985925B00048B21DAD65F562E407013C6
0ECB8016101E8281460FC75916D4B9999FFF9166B6F8CFA985A25C00048B21DAD65F562E407013C7
0ECB8416101E8281460FC74316D49899AFFF9166B6F8BFA953325B00048B21DAD65F562E407013C8
0ECB8316102982814E0FC73216D485999FFF9176B6F8BFA90DE25B00048B21DAD65F562E407013C9
0ECB831610228281460FC72716D46E999FFF9176B6F8BFA900025C00048B21DAD65F562E407013CA
0ECB8016102482814E0FC71516D456999FFF9186B6F8BFA900025C00048B21DAD65F562E407013CB
0ECB801610218281550FC70B16D44A999FFF9186B6F8CFA900025D00048B21DAD65F562F417013CC
0ECB8416102982814E0FC70316D432998FFF9196B6F8CFA900525D00048B21DAD65F562F407013CD
0ECB8E16102582814E0FC6FF16D421998FFF9196B6F8BFA900425E00048B21DAD65F562F407013CE
0ECB8E16102A8281550FC6FB16D408997FFF91A6B6F8AFA800325E00048B21DAD65F562F407013CF
0ECB8716102D8281550FC6FD16D401997FFF91A6B6F88FA600225E00048A21DAD65F562F407013D0
0ECB8E1610298281550FC6F816D3F8997FFF91B6B6F88FA500225E00048B21DAD65F562F407013D1
0ECB8016101D8281550FC6F816D3E2996FFF91B6B6F88FA500225E00048A21DAD65F562F407013D2
0ECB7D16101C82815C0FC6F516D3DE996FFF91B6B6F88FA500325D00048A21DAD65F562F407013D3
0ECB7D16101A8281550FC6ED16D3CE995FFF91C6B6F88FA50B325D00048B21DAD65F562F407013D4
0ECB7D16101C82815C0FC6ED16D3C9995FFF91C6B6F88FA55D925D00048A21DAD65F562F407013D5
0ECB7D16101E8281590FC6E616D3C3995FFF91C6B6F88FA586925D00048B21DAD65F562F407013D6
0ECB7D16101A82815C0FC6E416D3B5994FFF91D6B6F88FA58AD25D00048A21DAD65F562F407013D7
0ECB7D1610208281640FC6E616D3B4993FFF91D6B6F88FA587525D00048A21DAD65F562F407013D8
0ECB7D16101B82815C0FC6D716D3AA993FFF91D6B6F88FA585A25E00048A21DAD65F562F407013D9
0ECB7D1610208281640FC6DC16D3A9992FFF91D6B6F88FA585726000048A21DAD65F562F407013DA
0ECB7D16101C8281640FC6D716D3A5991FFF91E6B6F88FA585926100048A21DAD65F562F407013DB
0ECB7916101C8281640FC6D016D39A991FFF91E6B6F88FA585B26100048A21DAD65F562F407013DC
0ECB7D16101D8281640FC6D016D38B990FFF91F6B6F88FA585B26000048A21DAD65F562F407013DD
0ECB7D16101E8281640FC6CB16D38A990FFF91F6B6F88FA585B25F00048A21DAD65F562F407013DE
0ECB801610218281640FC6CD16D37B98FFFF9206B6F88FA585B26000048A21DAD65F562F407013DF
0ECB791610228281640FC6CD16D37B98EFFF9206B6F88FA55A926300048921DAD65F562F407013E0
0ECB8016101C82816B0FC6CB16D37198DFFF9206B6F88FA511626400048A21DAD65F562F407013E1
0ECB7D16101C8281640FC6C516D36B98DFFF9216B6F88FA500026300048A21DAD65F562F407013E2
0ECB8016101782816B0FC6C916D36798CFFF9216B6F88FA500026100048921DAD65F562F407013E3
0ECB7916101482816B0FC6C916D35C98BFFF9216B6F88FA500026000048A21DAD65F562F407013E4
0ECB7616101082816B0FC6C316D35798AFFF9216B6F88FA500526000048921DAD65F562F407013E5
0ECB7316101A82816B0FC6C516D34C989FFF9226B6F88FA500526100048921DAD65F562F407013E6
0ECB6F16101B8281680FC6C216D34D989FFF9226B6F88FA600326400048921DAD65F562F407013E7
0ECB6C16101F82816B0FC6C016D342988FFF9226B6F89FA900226700048921DAD65F562F407013E8
0ECB7916101F82816B0FC6BB16D342987FFF9236B6F89FAB00226800048921DAD65F562F407013E9
0ECB7616101E82816B0FC6BE16D342987FFF9236B6F89FAB00226600048921DAD65F562F407013EA
0ECB7616101A8281730FC6BE16D342986FFF9236B6F89FAB00326300048921DAD65F562F407013EB
0ECB6F16101882816B0FC6C016D333985FFF9236B6F89FAB0EE26100048921DAD65F562F407013EC
0ECB7316101982816B0FC6BE16D337984FFF9246B6F89FAB60726000048921DAD65F562F407013ED
0ECB6F16101F82816B0FC6C216D342983FFF9246B6F89FAB85F25F00048921DAD65F562F407013EE
0ECB7316101C8281730FC6C016D33C983FFF9246B6F89FAB89225F00048821DAD65F562F407013EF
0ECB7316101C82816B0FC6C216D347982FFF9246B6F89FAB85B25F00048921DAD65F562F407013F0
0ECB8316101A82816B0FC6BE16D347981FFF9256B6F89FAB84225F00048921DAD65F562F407013F1
0ECB8A16101C8281730FC6C216D34D981FFF9256B5F89FAB84025F00048821DAD65F562F407013F2
0ECB8A16101B82816B0FC6C316D34C980FFF9256B6F89FAB84225E00048821DAD65F562F407013F3
0ECB8E1610238281730FC6C216D35797FFFF9256B6F89FAB84325F00048821DAD65F562F407013F4
0ECB8E16102782816B0FC6C516D35C97FFFF9256B6F89FAB84325F00048821DAD65F562F407013F5
0ECB8716102882816B0FC6C216D36797EFFF9266B6F89FAB84326000048921DAD65F562F407013F6
0ECB9116102B8281730FC6C316D36B97DFFF9266B6F89FAB84326200048821DAD65F562F407013F7
0ECBAC1610308281680FC6C516D37B97DFFF9266B6F89FAB54526200048821DAD65F562F407013F8
0ECBB61610358281730FC6C516D38097DFFF9276B6F89FAB0EA26400048821DAD65F562F407013F9
0ECBB916103D82816B0FC6C016D38697CFFF9276B6F89FAB00026600048821DAD65F562F407013FA
0ECBB616103D82816B0FC6C516D38F97BFFF9276B6F89FAB00026800048821DAD65F562F407013FB
0ECBB616103F82816B0FC6C516D39597BFFF9276B6F89FAB00026700048821DAD65F562F407013FC
0ECBC11610448281730FC6C516D39597AFFF9276B6F89FAB00526500048721DAD65F562F407013FD
0ECBB616104282816B0FC6C316D39F97AFFF9286B6F89FAB00426300048821DAD65F562F407013FE
0ECBAF16103E82816B0FC6C216D3A097AFFF9286B6F89FAB00326300048821DAD65F562F407013FF
0ECBB616103F82816B0FC6C216D3A4979FFF9286B6F89FA900226200048821DAD65F562F40701300
0ECBB316103D82816B0FC6C716D3A0979FFF9286B6F89FA800226300048821DAD65F562F40701301
0ECBAC16103F82816B0FC6D416D39F979FFF9296B6F89FA800226200048821DAD65F562F40701302
0ECBB016103D82816B0FC6F116D3A5978FFF9296B6F89FA800326100048821DAD65F562F40701303
0ECBA816103B8281640FC73C16D39F978FFF9296B6F89FA801726100048821DAD65F562F40701304
0ECBAC16103C82816B0FC7A516D3AA977FFF9296B6F89FA84EB26200048821DAD65F562F40701305
0ECBB316103B82816B0FC81416D3AF977FFF9296B6F89FA883B26100048821DAD65F562F40701306
0ECBAC16103F82816B0FC88016D3B5977FFF9296B6F89FA88CD26100048721DAD65F562F40701307
0ECBB01610448281640FC8EE16D3BE977FFF9296B6F89FA889926300048821DAD65F562F40701308
0ECBAF16103F8281680FC95816D3BA977FFF9296B6F89FA887526500048821DAD65F562F40701309
0ECBAC1610398281640FC9AB16D3C8977FFF92A6B6F89FA887026400048821DAD65F562F4070130A
0ECBAC16103A82815C0FC9EF16D3CF977FFF92A6B6F89FA887126300048821DAD65F562F4070130B
0ECBAC16103B82816B0FCA2516D3D8976FFF92A6B6F89FA887326100048821DAD65F562F4070130C
0ECBAC16103582816B0FCA4916D3E4976FFF92A6B6F89FA887326000048821DAD65F562F4070130D
0ECBA21610358281640FCA6216D3ED976FFF92A6B6F89FA887325F00048821DAD65F562F4070130E
0ECB9E16102C8281640FCA7F16D3F8976FFF92A6B6F89FA887425E00048821DAD65F562F4070130F
0ECB9416102882815C0FCA9916D3FC976FFF92A6B6F89FA84AD25E00048721DAD65F562F40701310
0ECB8A1610248281640FCAC316D408976FFF92A6B6F89FA80A025D00048821DAD65F562F40701311
0ECB7D16101882815C0FCADD16D416976FFF92A6B6F89FA800025D00048821DAD65F562F40701312
0ECB6C16100D8281640FCB0016D418976FFF92A6B6F89FA800025D00048821DAD65F562F40701313
0ECB6C16101082815C0FCB1316D421976FFF92A6B6F89FA800025D00048821DAD65F562F40701314
0ECB7316101B82815C0FCB1E16D42C976FFF92A6B6F89FA800525E00048821DAD65F562F40702315
0ECB7916102182815C0FCB1916D430976FFF92A6B6F89FA800425E00048821DAD65F562F40701316
0ECB6C16101B82815C0FCB0F16D437976FFF92A6B6F89FA800225D00048821DAD65F562F40701317
0ECB6F16101582815C0FCAFC16D440976FFF92A6B6F88FA900225D00048821DAD65F562F40701318
0ECB6C16101782815C0FCB0116D441976FFF92A6B6F88FA900225D00048821DAD65F562F40701319
0ECB6C1610118281520FCB3516D440977FFF92A6B6F88FA900225D00048821DAD65F562F4070131A
0ECB6C16100B82815C0FCB7116D43C977FFF92A6B6F88FA900325D00048821DAD65F562F4070131B
0ECB6916100A8281550FCBBA16D44A977FFF9296B6F88FA911525D00048821DAD65F562F4070131C
0ECB621610108281550FCC0816D446977FFF9296B6F88FA943A25D00048921DAD65F562F4070131D
0ECB6C16101B8281550FCC5116D440977FFF9296B6F88FA956B25C00048821DAD65F562F4070131E
0ECB871610298281550FCCB516D446977FFF9296B6F88FA957425C00048821DAD65F562F4070131F
0ECB9B16103082814E0FCD2416D44F977FFF9286B6F88FA955225C00048921DAD65F562F40701320
0ECBA21610318281550FCD1A16D456978FFF9286B6F88FA954525C00048821DAD65F562F40701321
0ECBB916102B82814E0FCCA716D454978FFF9286B6F88FA954525C00048821DAD65F562F40701322
0ECB9B16101C8281550FCC1316D460978FFF9276B6F88FA954725C00048821DAD65F562F40701323
0ECB8016101882814E0FCB9A16D469978FFF9276B6F88FA954725C00048821DAD65F562F40701324
0ECB7616101682814E0FCB4916D469978FFF9276B6F88FA954725C00048921DAD65F562F40701325
0ECB8716102282814E0FCB3516D46B979FFF9266B6F88FA954725D00048921DAD65F562F40701326
0ECBAF1610458281460FCB6A16D474979FFF9266B6F88FA954725D00048921DAD65F562F40701327
0ECBCA16105782814E0FCBCF16D47A979FFF9256B6F88FA987225D00048921DAD65F562F40701328
0ECBDF16105D82814E0FCC6616D47E979FFF9256B6F88FA9E6925D00048921DAD65F562F40701329
0ECBE81610628281460FCCA716D480979FFF9246B6F88FA9FFF25D00048921DAD65F562F4070132A
0ECBE81610678281460FCC6D16D483979FFF9246B6F88FA9FFF25E00048921DAD65F562F4070132B
0ECBF216106582813F0FCC2216D48597AFFF9236B6F88FA9FFE25E00048921DAD65F562F4070132C
0ECBF21610608281520FCBCE16D47E97AFFF9236B6F88FA9FEA25E00048921DAD65F562F4070132D
0ECBE616105F82813F0FCB7D16D47597AFFF9226B6F88FA9FEB25D00048921DAD65F562F4070132E
0ECBE516106A8281460FCB4D16D47E97AFFF9226B6F88FA9FED25D00048921DAD65F562F4070132F
0ECC0016107A8281370FCB2B16D47097AFFF9216B6F88FA9FEE25D00048921DAD65F562F40701330
0ECC0D16107D82814E0FCB1716D46997AFFF9216B6F89FA8FEE25D00048921DAD65F562F40701331
0ECC0316107282813F0FCB1516D46097BFFF9206B6F8AFA8FEE25D00048921DAD65F562F40701332
0ECBF61610638281460FCB1716D45497BFFF91F6B6F8AFA8FEE25C00048921DAD65F562F40701333
0ECBD816105782813F0FCB1C16D45197BFFF91E6B6F8AFA8FB125C00048921DAD65F562F40701334
0ECBC716104E82813F0FCB1E16D43A97BFFF91E6B6F8AFA8B2325B00048921DAD65F562F40701335
0ECBCA16104E82813F0FCB2016D43297CFFF91D6B6F8AFA886E25B00048921DAD65F562F40701336
0ECBE216106282813F0FCB1E16D42197BFFF91C6B6F8AFA880925B00048921DAD65F562F40701337
0ECBF616106582813F0FCB1C16D41D97CFFF91B6B6F8AFA883A25B00048921DAD65F562F40701338
0ECBEC1610648281300FCB1316D40C97CFFF91B6B6F8AFA885825B00048A21DAD65F562F40701339
0ECBD516105C8281460FCB2516D3F897DFFF91A6B6F8AFA885C25F00048921DAD65F562F4070133A
0ECBBD16104F82813F0FCB4016D3F297DFFF9196B6F8AFA885A26000048A21DAD65F562F4070133B
0ECB941610408281370FCB1A16D3E497DFFF9196B6F8AFA885926000048A21DAD65F562F4070133C
0ECB8E16103482813F0FCACA16D3D897DFFF9186B6F8AFA885925F00048A21DAD65F562F4070133D
0ECB8E16102B8281370FCA7F16D3C997DFFF9176B6F89FA885925F00048A21DAD65F562F4070133E
0ECB8016101682813F0FCA2C16D3C397DFFF9176B6F89FA885925F00048A21DAD65F562F4070133F
0ECB7616100F8281340FC9EF16D3B597EFFF9166B6F89FA853225F00048A21DAD65F562F40701340
0ECB691610048281370FC9C016D3A997DFFF9156B6F8AFA80DD26100048A21DAD65F562F40701341
0ECB6916100082813F0FC98116D39B97EFFF9156B6F8AFA800026000048A21DAD65F562F40701342
0ECB651610038281370FC93B16D38F97FFFF9146B6F8AFA800025F00048921DAD65F562F40701343
0ECB691610088281370FC8FC16D38697FFFF9146B6F8AFA800025F00048A21DAD65F562F40701344
0ECB5E1610038281370FC8BD16D37597FFFF9136B6F8AFA800525F00048A21DAD65F562F40701345
0ECB5E1610068281370FC88E16D37197FFFF9136B6F8AFA800425E00048A21DAD65F562F40701346
0ECB791610118281370FC85F16D36197FFFF9126B6F89FA800325E00048921DAD65F562F40701347
0ECBA216101B8281370FC83816D34D980FFF9126B6F89FA800225E00048A21DAD65F562F40701348
0ECBAF16102482813F0FC81016D347980FFF9126B6F88FAA00225E00048921DAD65F562F40701349
0ECBA516102F8281370FC7E116D338980FFF9116B6F86FAB00225F00048A21DAD65F562F4070134A
0ECBA516102F8281370FC7C116D332981FFF9116B6F86FAB00225F00048921DAD65F562F4070134B
0ECBA51610308281370FC7A416D32D981FFF9116B6F87FAB08F25F00048A21DAD65F562F4070134C
0ECBA81610318281370FC78F16D319981FFF9116B6F87FAB60B26000048921DAD65F562F4070134D
0ECBB31610358281370FC76F16D318982FFF9116B6F87FAB8F226000048921DAD65F562F4070134E
0ECBAF16103782813F0FC75916D30E982FFF9116B6F87FAB94B25F00048A21DAD65F562F4070134F
0ECBA21610288281370FC74B16D30E982FFF9116B6F87FAB91026000048921DAD65F562F40701350
0ECB9E16101C8281370FC74016D304982FFF9116B6F86FAB8F026000048A21DAD65F562F40701351
0ECB8A1610198281370FC73116D30E983FFF9116B6F87FAB8ED25F00048A21DAD65F562F40701352
0ECB6F1610128281280FC72B16D304983FFF9126B6F87FAB8EF25F00048A21DAD65F562F40701353
0ECB6216100C8281520FC72A16D309984FFF9126B6F87FAB8F125F00048A21DAD65F562F40701354
0ECB5B1610108281370FC72316D304984FFF9126B6F87FAB8F125E00048A21DAD65F562F40701355
0ECB5816101082813F0FC71F16D2F4984FFF9136B6F87FAB8F125F00048A21DAD65F562F40701356
0ECB5416101982813F0FC71916D2EF985FFF9136B6F87FAB8F125F00048A21DAD65F562F40701357
0ECB6216101A82813F0FC70A16D2DF985FFF9146B6F87FAB55125E00048921DAD65F562F40701358
0ECB7616102082813F0FC6FB16D2D5985FFF9146B6F87FAB0D125E00048921DAD65F562F40701359
0ECB7D1610298281370FC6EB16D2CA985FFF9156B6F87FAB00025E00048921DAD65F562F4070135A
0ECB8716102982813F0FC6DB16D2C0986FFF9156B6F87FAB00025F00048921DAD65F562F4070135B
0ECB8E16102F8281460FC6D416D2AB986FFF9156B6F87FAB00025F00048921DAD65F562F4070135C
0ECB9816103282813F0FC6D016D2A1987FFF9166B6F87FAB00625F00048921DAD65F562F4070135D
0ECB9E16103582813F0FC6C316D296987FFF9176B6F87FAB00425F00048A21DAD65F562F4070135E
0ECB9E1610348281460FC6BB16D28C987FFF9176B6F87FAB00225F00048A21DAD65F562F4070135F
0ECBA216103582813F0FC6B416D27C987FFF9186B6F87FAB00225F00048921DAD65F562F40701360
0ECB9E1610338281460FC6AE16D268988FFF9186B6F89FAB00226000048921DAD65F562F40701361
0ECB9B1610328281460FC6A916D26D988FFF9196B6F8BFAA00226000048921DAD65F562F40701362
0ECB9B16102E8281460FC6A216D258989FFF91A6B6F8BFAA00326000048921DAD65F562F40701363
0ECB8A1610228281460FC69016D258989FFF91A6B6F8CFAA0E325F00048A21DAD65F562F40701364
0ECB8416101E8281460FC69116D253989FFF91B6B6F8BFAA44226000048921DAD65F562F40701365
0ECB7916101A82813F0FC68816D249989FFF91C6B6F8BFAA5A826000048921DAD65F562F40701366
0ECB791610158281520FC68516D24E98AFFF91D6B6F8BFAA5BC26000048921DAD65F562F40701367
0ECB7616101482814E0FC68816D24398AFFF91D6B6F8BFAA59725F00048921DAD65F562F40701368
0ECB7616101082814E0FC68316D24998AFFF91E6B6F8BFAA58825F00048821DAD65F562F40701369
0ECB6916100E8281460FC67E16D23E98AFFF91F6B6F8BFAA58725F00048821DAD65F562F4070136A
0ECB6216100482814E0FC67616D23F98BFFF91F6B6F8BFAA58925F00048921DAD65F562F4070136B
0ECB5B16100382814E0FC67F16D23498BFFF9206B6F8CFAA58A25F00048921DAD65F562F4070136C
0ECB5B1610048281550FC67A16D22F98BFFF9216B6F8BFAA58A25E00048921DAD65F562F4070136D
0ECB6216100C82814E0FC67E16D23498BFFF9226B6F8BFAA58925E00048921DAD65F562F4070136E
0ECB6516100B82814E0FC68116D23498BFFF9236B6F8BFAA58A25E00048921DAD65F562F4070136F
0ECB691610098281550FC67816D22A98CFFF9236B6F8BFAA39225E00048921DAD65F562F40701370
0ECB6916100A82814E0FC66F16D23498CFFF9256B6F8BFAA0A225F00048921DAD65F562F40701371
0ECB5B160FFE8281550FC66C16D23498CFFF9256B6F8BFAA00025E00048921DAD65F562F40701372
0ECB51160FF78281550FC66416D23498CFFF9266B6F8BFAA00025E00048921DAD65F562F40701373
0ECB4A160FF682815C0FC65516D22F98CFFF9276B6F8BFAA00025E00048921DAD65F562F40701374
0ECB39160FF28281550FC64F16D23498CFFF9286B6F8BFAA00425F00048821DAD65F562F40701375
0ECB25160FEA8281550FC64816D22E98CFFF9296B6F8BFAA00326100048921DAD65F562F40701376
0ECB18160FE082815C0FC63D16D23498CFFF92A6B6F8BFAA00326400048821DAD65F562F40701377
0ECB15160FDD82815C0FC63416D23498CFFF92B6B6F8BFAA00226500048821DAD65F562F40701378
0ECB0A160FD68281590FC62B16D23498CFFF92B6B6F8BFA900226300048821DAD65F562F40701379
0ECB03160FCC82815C0FC61916D23498CFFF92D6B6F8AFA600226200048821DAD65F562F4070137A
0ECAFD160FCF82815C0FC60E16D22A98CFFF92D6B6F89FA600226100048821DAD65F562F4070137B
0ECAFA160FCC82815C0FC60616D23498CFFF92E6B6F8AFA608D26100048821DAD65F562F4070137C
0ECAFD160FCC8281640FC60316D22E98CFFF92F6B6F8AFA65BD26100048821DAD65F562F4070137D
0ECAFD160FCE82815C0FC5F916D23498CFFF9306B6F8AFA687726000048821DAD65F562F4070137E
0ECAF6160FCA8281640FC5F116D22E98CFFF9316B6F8AFA68C926000048821DAD65F562F4070137F
0ECAE9160FB682815C0FC5ED16D22F98BFFF9316B6F8AFA689125F00048821DAD65F562F40701380
0ECAE5160FA48281640FC5EA16D22E98BFFF9326B6F89FA687325F00048821DAD65F562F40701381
0ECADB160FA08281640FC5E316D23498BFFF9336B6F89FA687025F00048821DAD65F562F40701382
0ECAC6160F918281640FC5DF16D23E98BFFF9346B6F89FA687326000048821DAD65F562F40701383
0ECAA9160F768281640FC5DF16D23E98BFFF9346B6F89FA687426000048821DAD65F562F40701384
0ECA84160F5F8281640FC5DF16D23F98BFFF9356B5F89FA687425F00048821DAD65F562F40701385
0ECA66160F5382816B0FC5DF16D23E98BFFF9366B6F8AFA687326000048721DAD65F562F40701386
0ECA52160F5082816B0FC5DF16D24498BFFF9366B6F89FA687425F00048821DAD65F562F40701387
0ECA4C160F508281640FC5DF16D23998BFFF9376B6F89FA650926000048821DAD65F562F40701388
0ECA44160F5B8281640FC5DF16D23F98BFFF9376B6F89FA60C726100048821DAD65F562F40701389
0ECA44160F6282816F0FC5DF16D24398BFFF9376B6F89FA600026200048821DAD65F562F4070138A
0ECA4B160F6F82816B0FC5DC16D23E98BFFF9386B6F89FA600026400048821DAD65F562F4070138B
0ECA61160F708281640FC5DB16D24498AFFF9386B6F8AFA600026300048721DAD65F562F4070138C
0ECA62160F638281730FC5D516D23E98AFFF9396B6F8AFA600526200048821DAD65F562F4070138D
0ECA44160F508281640FC5D816D23F98AFFF9396B6F8AFA600426200048721DAD65F562F4070138E
0ECA3A160F4B8281730FC5D516D23998AFFF9396B6F8AFA600326200048721DAD65F562F4070138F
0ECA3C160F4882816B0FC5D716D23498AFFF9396B6F8AFA600226200048721DAD65F562F40701390
0ECA37160F3F82816B0FC5D816D23498AFFF93A6B6F89FA700226200048721DAD65F562F40701391
0ECA29160F3582816B0FC5D816D22E98AFFF93A6B6F88FA800226100048721DAD65F562F40701392
0ECA1F160F328281730FC5D816D22598AFFF93A6B6F88FA900326100048721DAD65F562F40701393
0ECA16160F3282816B0FC5D416D21A98AFFF93A6B6F88FA907726000048721DAD65F562F40701394
0ECA15160F3982816B0FC5D516D21A98AFFF93A6B6F88FA958125F00048721DAD65F562F40701395
0ECA18160F358281730FC5D516D20F98AFFF93A6B6F88FA983B25F00048721DAD65F562F40701396
0ECA12160F3582816B0FC5D516D20A98AFFF93A6B6F88FA989225F00048721DAD65F562F40701397
0ECA0C160F348281730FC5DB16D20098AFFF93A6B6F88FA985B25F00048621DAD65F562F40701398
0ECA0E160F2B82816B0FC5D816D20098AFFF93A6B6F88FA983E25F00048721DAD65F562F40701399
0ECA12160F2F82816B0FC5DC16D1FB98AFFF93A6B6F88FA983B25F00048721DAD65F562F4070239A
0ECA0E160F2F82816F0FC5D816D1EB98AFFF93A6B6F88FA983D26100048721DAD65F562F4070139B
0ECA0C160F3482816B0FC5DF16D1EC98AFFF93A6B6F88FA983E26500048721DAD65F562F4070139C
0ECA15160F308281730FC5E316D1EB98AFFF93A6B6F88FA983E26400048621DAD65F562F4070139D
0ECA0E160F3082816B0FC5EA16D1E098AFFF9396B6F88FA983E26500048721DAD65F562F4070139E
0ECA01160F328281730FC5EE16D1F198BFFF9396B6F88FA983E26600048721DAD65F562F4070139F
0ECA02160F3582816B0FC5F816D1F098BFFF9396B6F87FA958526500048621DAD65F562F407013A0
0EC9FE160F3782816B0FC60016D1F198BFFF9396B6F88FA910A26500048721DAD65F562F407013A1
0EC9F3160F3782816B0FC60E16D1FA98BFFF9396B6F88FA900026400048721DAD65F562F407013A2
0EC9FE160F3E82816B0FC62716D1FA98CFFF9396B6F88FA900026300048721DAD65F562F407013A3
0ECA05160F448281730FC64316D1FB98CFFF9386B6F88FA900026100048721DAD65F562F407013A4
0ECA15160F3F82816B0FC66F16D20A98CFFF9386B6F88FA900526100048721DAD65F562F407013A5
0ECA15160F4382816B0FC69E16D20698CFFF9386B6F88FA900425F00048721DAD65F562F407013A6
0ECA0E160F4D82816B0FC6D016D21498DFFF9376B6F88FA900226000048721DAD65F562F407013A7
0ECA0C160F5F82816B0FC70B16D22A98DFFF9376B6F88FA900125F00048721DAD65F562F407013A8
0ECA26160F858281640FC73916D23498DFFF9376B6F88FA900126000048721DAD65F562F407013A9
0ECA5C160FA782816B0FC76416D23998DFFF9376B6F88FA700226000048621DAD65F562F407013AA
0ECA9F160FBA82816B0FC78416D23F98EFFF9376B6F88FA600326000048621DAD65F562F407013AB
0ECAD1160FCD8281680FC7AF16D24898EFFF9366B6F88FA610526200048621DAD65F562F407013AC
0ECB00160FD68281640FC7D716D24E98FFFF9366B6F88FA642F26300048721DAD65F562F407013AD
0ECB15160FDF8281640FC81016D24E98FFFF9366B6F88FA656926200048621DAD65F562F407013AE
0ECB22160FE582816B0FC83F16D25398FFFF9366B6F88FA657526100048621DAD65F562F407013AF
0ECB25160FE38281640FC87216D258990FFF9366B6F88FA555226000048721DAD65F562F407013B0
0ECB2C160FE28281640FC8A316D262991FFF9366B6F88FA654526000048721DAD65F562F407013B1
0ECB2C160FE28281640FC8CC16D272991FFF9366B6F88FA654526000048721DAD65F562F407013B2
0ECB33160FE18281640FC8F316D272991FFF9366B6F88FA654726100048721DAD65F562F407013B3
0ECB47160FE982815C0FC92716D27D992FFF9356B6F88FA654726100048721DAD65F562F407013B4
0ECB3D160FE48281640FC96316D282992FFF9356B6F88FA654726100048621DAD65F562F407013B5
0ECB11160FDE82815C0FC9A816D28C993FFF9356B6F88FA654726000048721DAD65F562F407013B6
0ECB0D160FD282815C0FC9E816D28C993FFF9356B6F88FA654726000048721DAD65F562F407013B7
0ECAFD160FCE82815C0FCA3716D291994FFF9356B6F88FA63A526000048721DAD65F562F407013B8
0ECAFD160FD982815C0FCA7F16D297994FFF9356B6F88FA60B925F00048721DAD65F562F407013B9
0ECB15160FE08281550FCABD16D29C995FFF9356B6F88FA500026000048721DAD65F562F407013BA
0ECB0D160FE282815C0FCABF16D2A1995FFF9356B6F88FA600026000048721DAD65F562F407013BB
0ECB04160FD38281550FCA6D16D2AB995FFF9356B6F88FA600026000048621DAD65F562F407013BC
0ECAF3160FC28281590FC9FA16D2AB996FFF9356B6F88FA600426000048721DAD65F562F407013BD
0ECAEC160FB38281550FC99C16D2C0997FFF9356B6F88FA600326000048721DAD65F562F407013BE
0ECABD160FA48281550FC95416D2BB997FFF9356B6F88FA600326000048721DAD65F562F407013BF
0ECABC160FA38281550FC95D16D2C0998FFF9356B6F88FA600225F00048721DAD65F562F407013C0
0ECAC4160F9E82814E0FC9AB16D2C5998FFF9356B6F88FA600225F00048721DAD65F562F407013C1
0ECACB160FA282814E0FCA1316D2C5999FFF9356B6F87FA800225F00048721DAD65F562F407013C2
0ECACE160FA58281550FCA7C16D2CA999FFF9356B6F87FAA00326000048721DAD65F562F407013C3
0ECAD1160FAC8281460FCB0116D2DA99AFFF9356B6F86FAA07E26000048721DAD65F562F407023C4
0ECACD160FAC82814E0FCB6816D2DA99AFFF9346B6F86FAA57F26000048721DAD65F562F407013C5
0ECACB160FAD8281460FCB4D16D2DF999FFF9346B6F87FAA82D26100048821DAD65F562F407013C6
0ECACE160FB282814E0FCB0716D2E599BFFF9346B6F87FAA88026100048721DAD65F562F407013C7
0ECAC4160FA98281460FCACF16D2EF99BFFF9346B6F87FAA84A26000048821DAD65F562F407013C8
0ECABC160FA58281460FCAE316D2EF99BFFF9336B6F87FAA82D25F00048721DAD65F562F407013C9
0ECAB6160FA88281460FCB3316D2EA99CFFF9336B6F87FAA82A25F00048721DAD65F562F407013CA
0ECAB6160FA782813F0FCB9D16D2F499CFFF9336B6F87FAA82D25F00048721DAD65F562F407013CB
0ECAC7160FB782813F0FCBEF16D2FF99DFFF9336B6F87FAA82D26100048721DAD65F562F407013CC
0ECB00160FD98281460FCBA816D30999DFFF9326B6F87FAA82D26200048721DAD65F562F407013CD
0ECB1B160FE282813F0FCB2116D30499DFFF9326B6F86FAA82D26400048821DAD65F562F407013CE
0ECB0A160FCC82813F0FCABF16D30E99DFFF9326B6F87FAA82E26600048721DAD65F562F407013CF
0ECAF0160FBC82813B0FCA7816D30E99EFFF9316B6F87FAA56626500048821DAD65F562F407013D0
0ECAE5160FB68281370FCA4216D30E99EFFF9316B6F87FAA0FE26300048821DAD65F562F407013D1
0ECAD8160FB78281370FCA2916D31399EFFF9306B6F87FAA00026100048821DAD65F562F407013D2
0ECAD0160FB98281370FCA0C16D30E99FFFF9306B6F87FAA00026100048821DAD65F562F407013D3
0ECAD1160FB98281370FC9E816D30999FFFF92F6B6F87FAA00026000048821DAD65F562F407013D4
0ECAE9160FD08281370FCA0816D2FE99FFFF92F6B6F87FAA00526000048821DAD65F562F407013D5
0ECB1B160FF28281300FCA3E16D2F49A0FFF92E6B6F87FAA00425F00048821DAD65F562F407013D6
0ECB2F160FF78281370FCA4916D2E499FFFF92E6B6F87FAA00325F00048821DAD65F562F407013D7
0ECB2C160FEF8281300FCA0116D2CA9A0FFF92D6B6F87FAA00225F00048821DAD65F562F407013D8
0ECB33160FF38281370FC9BD16D2BB9A0FFF92C6B6F87FAA00226000048821DAD65F562F407013D9
0ECB4A160FF68281280FC99516D2A69A0FFF92C6B6F88FAA00226100048821DAD65F562F407013DA
0ECB54160FF28281300FC96F16D28C9A1FFF92B6B6F89FAA00326100048921DAD65F562F407013DB
0ECB43160FE68281300FC94A16D2729A1FFF92B6B6F8AFAA0A426000048821DAD65F562F407013DC
0ECB33160FE58281280FC92916D2589A1FFF92A6B6F8AFAA5C526000048821DAD65F562F407013DD
0ECB2F160FE68281300FC91516D2499A1FFF9296B6F89FAA85F26000048821DAD65F562F407013DE
0ECB36160FEA8281280FC8EC16D2349A1FFF9296B6F89FAA8A726200048821DAD65F562F407013DF
0ECB44160FEF8281300FC8AA16D2249A1FFF9286B6F89FAA87026400048921DAD65F562F407013E0
0ECB58160FF48281280FC85116D2109A2FFF9286B6F89FAA85426500048921DAD65F562F407013E1
0ECB58160FF98281280FC80916D2059A2FFF9276B6F89FAA85126300048921DAD65F562F407013E2
0ECB4A160FF38281210FC7DE16D1F19A2FFF9276B6F89FAA85326300048921DAD65F562F407013E3
0ECB44160FF482812D0FC7AF16D1E09A3FFF9266B6F89FAA85526200048821DAD65F562F407013E4
0ECB47160FEF8281280FC78F16D1C19A3FFF9266B6F8AFAA85526200048921DAD65F562F407013E5
0ECB40160FF28281210FC76F16D1AE9A3FFF9256B6F8AFAA85526200048921DAD65F562F407013E6
0ECB43160FF58281280FC75616D1A29A3FFF9256B6F8AFAA85526200048921DAD65F562F407013E7
0ECB47160FF68281210FC74716D1949A3FFF9256B6F8AFAAB8326300048921DAD65F562F407013E8
0ECB44160FF28281280FC74716D18D9A4FFF9246B6F8AFAAF4A26300048921DAD65F562F407013E9
0ECB40160FF08281210FC74416D1889A4FFF9246B6F89FAAFFF26200048921DAD65F562F407013EA
0ECB40160FF88281210FC73916D17F9A4FFF9236B6F89FAAFFF26200048A21DAD65F562F407013EB
0ECB3D1610018281210FC72716D1839A4FFF9236B6F89FAAFF726200048921DAD65F562F407013EC
0ECB44160FF68281280FC71D16D1899A4FFF9236B6F89FAAFEC26200048921DAD65F562F407013ED
0ECB47160FF88281210FC70616D1839A4FFF9236B6F8AFAAFED26200048921DAD65F562F407013EE
0ECB51160FFE8281210FC6F816D17E9A5FFF9236B6F89FAAFF026200048921DAD65F562F407013EF
0ECB54160FFC8281280FC6E616D1759A5FFF9226B6F8AFAAFF026200048A21DAD65F562F407013F0
0ECB51160FF88281210FC6DC16D1699A5FFF9226B6F8AFAAFF026300048921DAD65F562F407013F1
0ECB4A160FF68281210FC6D416D16A9A5FFF9226B6F8AFAAFF026500048921DAD65F562F407013F2
0ECB4E160FEF8281210FC6D016D15E9A5FFF9226B6F8AFA9FEF26700048921DAD65F562F407013F3
0ECB47160FDD8281210FC6CB16D1449A5FFF9226B6F8AFA9F7526800048921DAD65F562F407013F4
0ECB39160FD48281280FC6B716D1319A5FFF9226B6F8AFA9ACA26600048921DAD65F562F407013F5
0ECB28160FCC8281210FC69E16D1109A5FFF9226B6F8AFA985526400048921DAD65F562F407013F6
0ECB04160FBD8281210FC68816D1039A6FFF9216B6F8AFA980A26300048921DAD65F562F407013F7
0ECAE2160FB28281280FC67516D0F69A5FFF9226B6F8AFA983D26300048921DAD65F562F407013F8
0ECADB160FB68281250FC65A16D0E29A5FFF9226B6F8AFA985726300048921DAD65F562F407013F9
0ECADB160FB28281280FC63916D0DE9A6FFF9226B6F89FA985A26300048921DAD65F562F407013FA
0ECAD4160FAF8281210FC62416D0D29A5FFF9226B6F8AFA985826300048921DAD65F562F407013FB
0ECAD8160FAF8281280FC61816D0D29A5FFF9226B6F8AFA985726200048921DAD65F562F407013FC
0ECADB160FB68281300FC60B16D0CF9A6FFF9226B6F8AFA985726100048921DAD65F562F407013FD
0ECADB160FBC8281280FC60016D0E29A6FFF9226B6F8AFA985726200048921DAD65F562F407013FE
0ECADA160FB78281280FC5F116D0EE9A5FFF9226B6F89FA985726100048921DAD65F562F407013FF
0ECAD8160FBB8281280FC5E216D0EC9A5FFF9226B6F8AFA95EA26100048921DAD65F562F40701300
0ECAE9160FC28281300FC5DF16D0F19A5FFF9226B6F8AFA913926100048821DAD65F562F40701301
0ECAF3160FCE8281300FC5D516D0F39A5FFF9226B6F89FA900026100048921DAD65F562F40701302
0ECAFD160FCF8281280FC5D516D0F69A5FFF9226B6F89FA900026100048921DAD65F562F40701303
0ECAF9160FCE8281300FC5D416D1019A5FFF9226B6F8AFA900026000048921DAD65F562E41701304
0ECB00160FD48281370FC5CD16D0FD9A4FFF9236B6F89FA900526100048921DAD65F562E40701305
0ECB07160FD48281300FC5CD16D10B9A4FFF9236B6F89FA900526100048921DAD65F562E40701306
0ECB07160FD68281370FC5CD16D11C9A3FFF9236B6F8AFA900326300048921DAD65F562E40701307
0ECB04160FD08281370FC5C916D12A9A3FFF9236B6F8AFA900226300048921DAD65F562E40701308
0ECAF2160FC28281300FC5C316D1309A2FFF9246B6F8AFA900226300048821DAD65F562E40701309
0ECAF0160FBB8281370FC5B416D1469A1FFF9246B6F8AFA900226400048821DAD65F562E4070130A
0ECAEC160FBC82813F0FC5A616D1549A1FFF9256B6F88FA900326400048921DAD65F562E4070130B
0ECAE5160FBE8281370FC59E16D1649A1FFF9256B6F87FA815826400048921DAD65F562E4070130C
0ECAE5160FBB82813B0FC59716D17A9A1FFF9256B6F87FA846726300048921DAD65F562E4070130D
0ECADE160FB682813F0FC59016D17E9A0FFF9266B6F87FA857426300048821DAD65F562E4070130E
0ECAC7160FA982813F0FC58616D18E99FFFF9266B6F87FA857326200048921DAD65F562E4070130F
0ECAA6160F9382813F0FC57B16D19D99FFFF9276B6F87FA855326200048921DAD65F562E40701310
0ECA8B160F768281460FC56C16D1A799EFFF9276B6F87FA854726100048921DAD65F562E40701311
0ECA5A160F5F8281460FC55716D1B399DFFF9286B6F87FA854726100048821DAD65F562E40701312
0ECA30160F4F8281460FC53616D1C199DFFF9286B6F87FA854926200048821DAD65F562E40701313
0ECA18160F3C8281460FC52816D1C299BFFF9296B6F87FA854926200048921DAD65F562E40701314
0ECA01160F348281460FC51E16D1D699AFFF9296B6F87FA854926200048921DAD65F562E40701315
0EC9FB160F3582814E0FC51616D1E099AFFF92A6B6F87FA854926300048821DAD65F562E40701316
0EC9F7160F4282814E0FC50F16D1F199AFFF92A6B6F87FA854A26300048821DAD65F562E40701317
0ECA04160F4682814E0FC50B16D200999FFF92B6B6F87FA837A26300048821DAD65F562E40701318
0ECA08160F4682814E0FC50F16D210998FFF92B6B6F87FA80A326200048821DAD65F562E40702319
0ECA0C160F4382814E0FC51A16D21F997FFF92C6B6F87FA800026200048821DAD65F562E4070131A
0ECA0E160F418281550FC51316D22F996FFF92D6B6F86FA800026200048821DAD65F562E4070131B
0ECA0B160F3E82814E0FC50116D243995FFF92D6B6F87FA800026200048821DAD65F562F4170131C
0ECA01160F3C8281550FC4E716D243995FFF92E6B5F87FA800426800048821DAD65F562F4070131D
0ECA10160F3C8281550FC4CC16D25E994FFF92E6B6F87FA800326B00048821DAD65F562F4070131E
0ECA12160F438281550FC4B916D26D993FFF92F6B6F87FA800326900048721DAD65F562F4070131F
0ECA0E160F468281610FC4AA16D272992FFF92F6B6F87FA800226700048821DAD65F562F40701320
0ECA0B160F3F8281550FC4A316D287991FFF9306B6F87FA800226500048721DAD65F562F40701321
0ECA05160F398281640FC49816D28C991FFF9306B6F87FA800226400048721DAD65F562F40702322
0ECA01160F3082815C0FC48E16D2A1990FFF9316B6F87FA900226300048721DAD65F562F40701323
0EC9FA160F2D82815C0FC48B16D2AB990FFF9316B6F87FAA06D26200048721DAD65F562F40701324
0EC9ED160F2A82815C0FC47416D2BB98FFFF9326B6F87FAA59326100048721DAD65F562F40701325
0EC9E7160F218281640FC46616D2C098FFFF9336B6F87FAA86B26100048721DAD65F562F40702326
0EC9D9160F138281640FC45416D2C098DFFF9336B6F87FAA8CA26100048721DAD65F562F40701327
0EC9CB160F088281640FC43F16D2CA98DFFF9346B5F87FAA89226100048621DAD65F562F40701328
0EC9B0160EFA8281640FC42B16D2D598DFFF9356B6F87FAA87326100048621DAD65F562F40701329
0EC98C160EE782816B0FC41716D2D098CFFF9356B6F87FAA87026100048721DAD65F562F4070132A
0EC95C160EDA82816B0FC40916D2D598BFFF9366B6F87FAA87226200048721DAD65F562F4070132B
0EC959160ED78281640FC3FE16D2DA98BFFF9366B6F87FAA87326200048721DAD65F562F4070132C
0EC948160EBD82816B0FC3F716D2DF98AFFF9376B6F87FAA87326200048721DAD65F562F4070132D
0EC91C160E8082816B0FC3F016D2E5989FFF9386B6F87FAA87326200048721DAD65F562F4070132E
0EC8F1160E4D8281730FC3EB16D2DF989FFF9386B6F87FAA87426200048621DAD65F562F4070132F
0EC8AA160E1C82816B0FC3E516D2EA988FFF9396B6F87FAA45A26200048721DAD65F562F40701330
0EC85C160DF482816F0FC3E516D2EA988FFF93A6B6F87FAA08026200048621DAD65F562F40701331
0EC824160DD58281730FC3E116D2E4987FFF93A6B6F87FAA00026300048621DAD65F562F40701332
0EC7FF160DCA8281730FC3DE16D2E5986FFF93B6B5F87FAA00026900048621DAD65F562F40701333
0EC7FA160DC88281730FC3DE16D2DF986FFF93C6B6F87FAA00026D00048621DAD65F562F40701334
0EC7EB160DC98281730FC3D516D2DF986FFF93C6B6F87FAA00626C00048521DAD65F562F40701335
0EC7D7160DCF8281730FC3DA16D2CA985FFF93D6B6F87FAA00426A00048621DAD65F562F40701336
0EC7CA160DD28281730FC3D316D2C5984FFF93D6B6F87FAA00326700048621DAD65F562F40701337
0EC7C3160DCF82817A0FC3CF16D2C0984FFF93E6B6F87FAA00226600048621DAD65F562F40701338
0EC7C6160DD48281730FC3CF16D2B6983FFF93E6B6F87FAA00226500048621DAD65F562F40701339
0EC7C7160DD482817A0FC3CF16D296982FFF93E6B6F87FAA00226500048621DAD65F562F4070133A
0EC7BC160DCB82817A0FC3CE16D291982FFF93F6B5F87FAA00226500048621DAD65F562F4070133B
0EC7BC160DC58281730FC3CF16D27C981FFF93F6B6F89FA908126500048521DAD65F562F4070133C
0EC7AF160DB582817A0FC3CF16D26D981FFF93F6B6F8AFA95BB26400048621DAD65F562F4070133D
0EC79A160DA082817A0FC3CF16D25D980FFF9406B5F8AFA988926300048521DAD65F562F4070133E
0EC78D160D9482817A0FC3D316D244980FFF9406B6F8AFA98E126300048521DAD65F562F4070133F
0EC77D160D7F82817A0FC3E116D23497FFFF9406B6F8AFA98A926300048621DAD65F562F40701340
0EC768160D6E82817E0FC3E516D21A97EFFF9416B6F8AFA988B26400048521DAD65F562F40701341
0EC751160D6D8281820FC3F516D20697DFFF9416B6F8AFA988726400048621DAD65F562F40701342
0EC754160D6B82817A0FC40216D1EB97DFFF9416B6F8AFA988926400048621DAD65F562F40701343
0EC736160D6582817A0FC41016D1C797CFFF9416B6F8AFA988B26300048521DAD65F562F40701344
0EC725160D6182817A0FC42516D1A797CFFF9416B6F8AFA988B26300048521DAD65F562F40701345
0EC71B160D628281820FC43016D19897BFFF9416B6F8AFA988B26200048521DAD65F562F40701346
0EC711160D6082817A0FC43B16D17A97AFFF9416B6F8AFA988B26200048521DAD65F562F40701347
0EC706160D5E82817A0FC44716D15E97AFFF9416B6F8AFA96A426100048521DAD65F562F40701348
0EC700160D588281820FC45116D150979FFF9426B6F8AFA919926100048521DAD65F562F40701349
0EC6EC160D5882817A0FC45B16D144979FFF9426B6F8AFA900026200048521DAD65F562F4070134A
0EC6F2160D5C8281820FC46316D13A978FFF9426B6F8AFA900026300048521DAD65F562F4070134B
0EC6FD160D6182817A0FC47116D127977FFF9426B6F8AFA900026300048521DAD65F562F4070134C
0EC700160D588281820FC48816D11B977FFF9426B6F8AFA900526200048521DAD65F562F4070134D
0EC6F3160D5982817A0FC4A716D117977FFF9426B6F8AFA900526300048421DAD65F562F4070134E
0EC6F6160D5A8281820FC4D516D11B976FFF9426B6F8AFA900226300048421DAD65F562F4070134F
0EC6FC160D6082817A0FC50816D120976FFF9436B6F89FA900226400048521DAD65F562F40701350
0EC6F3160D6082817E0FC54116D11C975FFF9436B6F8AFA900226400048421DAD65F562F40701351
0EC6F2160D6E82817A0FC57016D125975FFF9436B6F89FA900226400048421DAD65F562F40701352
0EC700160D988281820FC59716D120974FFF9436B6F89FA900326300048421DAD65F562F40701353
0EC736160DB482817A0FC5BB16D127974FFF9436B6F87FA81A626300048421DAD65F562F40701354
0EC765160DCB82817A0FC5D816D12A973FFF9436B5F86FA84D326200048521DAD65F562F40701355
0EC786160DEC82817A0FC5F416D12C973FFF9436B6F85FA85D926200048421DAD65F562F40701356
0EC7B5160E138281820FC61916D125973FFF9446B6F86FA85D226100048421DAD65F562F40701357
0EC7C0160E4B82817A0FC64416D116972FFF9446B6F85FA85B026100048421DAD65F562F40701358
0EC82E160E7482817A0FC66C16D108972FFF9446B6F86FA85A526200048421DAD65F562F40701359
0EC8A0160E9382817A0FC69C16D0FC972FFF9446B6F86FA85A526100048421DAD65F562F4070135A
0EC904160EB182817A0FC6CD16D0F1972FFF9456B6F86FA85A726100048421DAD65F562F4070135B
0EC952160ECF82817A0FC70616D0D4971FFF9456B6F86FA85A726100048421DAD65F562F4070135C
0EC96A160ED782817A0FC74B16D0D7971FFF9456B6F86FA85A726200048421DAD65F562F4070135D
0EC959160ED18281730FC78816D0C4971FFF9456B6F86FA85A726300048421DAD65F562F4070135E
0EC94B160EB782817A0FC7C116D0C2971FFF9456B6F86FA85A726300048421DAD65F562F4070135F
0EC91C160E9D82817A0FC7F716D0C8970FFF9456B6F86FA845926400048421DAD65F562F40701360
0EC916160E9D82816B0FC82A16D0D4970FFF9456B6F86FA810726500048421DAD65F562F40701361
0EC930160EAF82817E0FC85116D0DC971FFF9466B5F86FA800026500048421DAD65F562F40701362
0EC948160EB18281730FC87F16D0EC971FFF9466B6F86FA800026500048521DAD65F562F40701363
0EC941160EA88281730FC8A816D0E9971FFF9466B5F86FA800026500048521DAD65F562F40701364
0EC91C160E938281730FC8CF16D0EC970FFF9466B6F86FA800426500048421DAD65F562F40701365
0EC8F7160E858281730FC8F516D0E9970FFF9466B6F85FA800426400048421DAD65F562F40701366
0EC8DD160E618281730FC91716D0EC971FFF9466B6F85FA800226300048521DAD65F562F40701367
0EC885160E288281730FC93816D0EC971FFF9466B6F86FA800226400048521DAD65F562F40702368
0EC829160DE882816B0FC95916D0EE971FFF9466B6F86FA800226500048421DAD65F562F40701369
0EC7E4160DC98281730FC97116D0F6971FFF9466B6F85FA800226500048621DAD65F562F4070136A
0EC7B5160DB482816B0FC98B16D0F1971FFF9466B6F86FA800326400048521DAD65F562F4070136B
0EC776160D8682816B0FC9A016D0F3971FFF9466B6F86FA915526400048521DAD65F562F4070136C
0EC72F160D6682816B0FC9BD16D0FC971FFF9466B6F87FAB46126300048521DAD65F562F4070136D
0EC70A160D6A82816B0FC9CF16D0FD972FFF9466B6F87FAB56F26300048521DAD65F562F4070136E
0EC732160D9E82816B0FC9E416D10B972FFF9456B6F87FAB56F26300048521DAD65F562F4070136F
0EC79E160DE38281640FC9F316D110972FFF9456B6F87FAB54E26300048521DAD65F562F40701370
0EC84C160E6282816B0FCA0816D11C972FFF9456B6F87FAB54226300048521DAD65F562F40701371
0EC923160ED98281610FCA1E16D116973FFF9456B6F87FAB54326300048621DAD65F562F40701372
0EC97E160F018281640FCA2C16D12A973FFF9456B6F87FAB54426300048621DAD65F562F40701373
0EC96D160F0882816B0FCA3B16D12C974FFF9446B6F87FAB54526300048521DAD65F562F40701374
0EC9C2160F2882815C0FCA4516D135974FFF9446B5F87FAB54426300048521DAD65F562F40701375
0ECA08160F4C8281640FCA5416D14B975FFF9446B6F87FAB54426200048621DAD65F562F40701376
0ECA4E160F7A82815C0FCA3716D144975FFF9436B6F87FAB54526200048621DAD65F562F40701377
0ECA98160FA582815C0FC9C416D14F975FFF9436B6F87FAB3A826200048621DAD65F562F40701378
0ECAD1160FB682815C0FC9A416D150975FFF9426B6F87FAB0BB26300048621DAD65F562F40701379
0ECAD4160FB682815C0FC9EF16D159976FFF9426B6F87FAB00026300048621DAD65F562F4070137A
0ECAC0160FA28281550FCA3B16D15B976FFF9426B5F87FAB00026300048621DAD65F562F4070137B
0ECABA160F908281550FCA4D16D15E976FFF9416B6F87FAB00026200048621DAD65F562F4070137C
0ECA9F160F8982815C0FC9F316D16E977FFF9416B6F87FAB00426200048621DAD65F562F4070137D
0ECAA4160F8082814E0FC97516D16A977FFF9406B6F87FAB00326200048621DAD65F562F4070137E
0ECA9F160F848281550FC8F516D169977FFF9406B5F87FAB00226200048721DAD65F562F4070137F
0ECADF160FA88281550FC86E16D169978FFF93F6B6F87FAB00226200048721DAD65F562F40701380
0ECADB160F9A82814E0FC85F16D175978FFF93F6B6F87FAB00226200048721DAD65F562F40701381
0ECA73160F4382814E0FC8A816D16E979FFF93E6B6F87FAB00226300048721DAD65F562F40701382
0EC9F4160EF38281460FC90C16D16F979FFF93E6B6F87FAB00326500048721DAD65F562F40702383
0EC98F160EDE8281520FC8FC16D178979FFF93D6B6F87FAB0B726600048721DAD65F562F40701384
0EC99F160F118281460FC8AF16D16997AFFF93D6B6F88FAA3F326600048621DAD65F562F40701385
0EC9E3160F5382814E0FC89916D175979FFF93C6B6F88FAA55E26700048621DAD65F562F40701386
0ECA1D160F6782813F0FC87416D17397AFFF93B6B6F88FAA57826700048721DAD65F562F40701387
0EC9B0160F048281460FC83416D17A97AFFF93B6B6F88FAA55526900048721DAD65F562F40701388
0EC8A4160E618281460FC7F016D17397BFFF93A6B6F88FAA54626900048721DAD65F562F40701389
0EC80A160DEF8281460FC7DA16D17897BFFF9396B6F88FAA54526900048721DAD65F562F4070138A
0EC790160DC182813F0FC7BE16D17A97BFFF9396B6F88FAA54726900048721DAD65F562F4070238B
0EC7A8160DD482813F0FC78816D17E97BFFF9386B6F88FAA54726900048721DAD65F562F4070138C
0EC807160E0582813F0FC75216D17A97CFFF9376B6F88FAA54726900048721DAD65F562F4070138D
0EC81D160E1382813F0FC78416D18397CFFF9376B6F88FAA54726900048821DAD65F562F4070138E
0EC7EB160DFD8281370FC80616D17E97CFFF9366B6F88FAA54726900048721DAD65F562F4070138F
0EC7E9160DE38281370FC84616D18497CFFF9356B6F88FAA38F26800048721DAD65F562F40701390
0EC82E160DDD82813F0FC87C16D18397DFFF9356B6F88FAA0AE26700048721DAD65F562F40702391
0EC831160DFA8281370FC89D16D18497DFFF9346B6F88FAA00026700048821DAD65F562F40702392
0EC851160E0B8281370FC85416D18397DFFF9336B6F88FAA00026700048721DAD65F562F40701393
0EC875160E0E8281300FC7DA16D17397DFFF9336B6F88FAA00026700048721DAD65F562F40701394
0EC84C160E038281300FC79616D17597DFFF9326B6F88FAA00426700048821DAD65F562F40701395
0EC80A160E0A8281370FC77A16D17397DFFF9316B6F88FAA00326700048821DAD65F562F40701396
0EC81D160E198281210FC74316D16A97DFFF9316B6F87FAA00226700048821DAD65F562F40702397
0EC831160E1A82813B0FC6F416D16497DFFF9306B6F88FAA00226700048721DAD65F562F40701398
0EC83A160E1F8281370FC6AE16D15997DFFF92F6B6F88FAA00226600048721DAD65F562F40701399
0EC853160E2D8281280FC64F16D14B97EFFF92F6B6F88FAA00226600048821DAD65F562F4070139A
0EC85A160E2E8281300FC5EE16D13F97DFFF92F6B6F88FAA00326500048821DAD65F562F4070139B
0EC866160E348281280FC5A616D13097DFFF92E6B6F88FAA0DB26500048821DAD65F562F4070139C
0EC867160E468281300FC57716D12297DFFF92D6B6F87FA941226500048821DAD65F562F4070139D
0EC86E160E4B8281280FC55A16D11B97DFFF92D6B6F87FA856626500048821DAD65F562F4070239E
0EC885160E4E8281280FC55016D10397EFFF92D6B5F87FA857926700048721DAD65F562F4070139F
0EC895160E498281280FC54516D0F197EFFF92C6B6F87FA855627000048821DAD65F562F407013A0
0EC88F160E3F8281280FC54816D0E297DFFF92B6B6F87FA854727B00048821DAD65F562F407023A1
0EC878160E348281280FC54C16D0D497EFFF92B6B6F87FA854727D00048821DAD65F562F407013A2
0EC87A160E348281280FC56516D0C897DFFF92A6B6F87FA854927900048821DAD65F562F407013A3
0EC87F160E308281280FC57016D0C897EFFF92A6B6F87FA854927600048821DAD65F562F407013A4
0EC893160E388281210FC54816D0BF97EFFF9296B6F87FA854927500048821DAD65F562F407023A5
0EC898160E3C8281210FC51A16D0BD97EFFF9296B6F87FA854927300048821DAD65F562F407013A6
0EC889160E438281280FC4FD16D0B097EFFF9296B6F87FA854A27100048821DAD65F562F407013A7
0EC885160E4D8281210FC4E016D0B397EFFF9286B6F87FA836326D00048821DAD65F562F407013A8
0EC895160E578281280FC4B216D0A397FFFF9286B6F87FA809826B00048921DAD65F562F407013A9
0EC8A4160E5A8281210FC47C16D09B97FFFF9276B6F87FA800026A00048921DAD65F562F407013AA
0EC8AA160E618281280FC45D16D09497FFFF9276B6F87FA800026900048921DAD65F562F407013AB
0EC8B4160E648281250FC44616D09497FFFF9276B6F87FA800026800048921DAD65F562F407013AC
0EC8A9160E618281210FC42516D08197FFFF9266B6F86FA800426900048921DAD65F562F407013AD
0EC8BE160E6E8281210FC40C16D07F97FFFF9266B6F86FA800326800048921DAD65F562F407013AE
0EC8DD160E828281210FC3EC16D08497FFFF9266B6F86FA800326700048821DAD65F562F407013AF
0EC8ED160E878281280FC3D316D08697FFFF9266B6F87FA800226500048821DAD65F562F407013B0
0EC8FE160E8A8281210FC3C716D09497FFFF9256B6F87FA800226500048921DAD65F562F407013B1
0EC90C160E978281280FC3AB16D09E97FFFF9256B6F87FA800226500048821DAD65F562F407013B2
0EC915160E9B8281280FC38B16D0A5980FFF9256B6F87FA800226500048821DAD65F562F407013B3
0EC90F160E948281210FC36E16D09997FFFF9256B6F87FA801726600048821DAD65F562F407013B4
0EC905160E8E8281280FC35916D08697FFFF9256B6F87FA94C726600048821DAD65F562F407013B5
0EC8FB160E8F8281280FC34716D074980FFF9256B6F88FA97FA26600048921DAD65F562F407013B6
0EC8FE160E8E8281210FC33516D065980FFF9246B6F88FA988626600048921DAD65F562F407013B7
0EC902160E8F8281280FC33816D062980FFF9256B6F88FA985426600048921DAD65F562F407023B8
0EC8FB160E918281280FC33516D04B980FFF9256B5F88FA983126600048921DAD65F562F407013B9
0EC8F7160E8E8281280FC33816D04B980FFF9256B6F88FA982B26600048821DAD65F562F407013BA
0EC8EA160E858281300FC32A16D033981FFF9256B6F88FA982E26700048921DAD65F562F407013BB
0EC8EA160E7B8281280FC31C16D026981FFF9256B6F88FA982F26900048921DAD65F562F407013BC
0EC8CF160E6D8281280FC30D16D01C981FFF9256B6F88FA983026900048821DAD65F562F407023BD
0EC8C1160E628281300FC30616D00F981FFF9256B6F88FA982F26900048821DAD65F562F407033BE
0EC8AE160E508281280FC30316CFFD981FFF9256B6F88FA983026900048821DAD65F562F407013BF
0EC87F160E308281300FC30316D007981FFF9256B6F88FA942726800048921DAD65F562F407023C0
0EC855160E158281340FC30D16D000981FFF9266B6F88FA907626700048821DAD65F562F407013C1
0EC827160DED8281300FC31816D002981FFF9266B6F88FA900026600048821DAD65F562F407013C2
0EC7F5160DC78281300FC31816CFF8981FFF9266B6F88FA900026500048821DAD65F562F407013C3
0EC7D4160DB78281300FC30316D000981FFF9276B6F88FA900026400048921DAD65F562F407013C4
0EC7B2160DB18281370FC2FB16D002981FFF9276B6F88FA900626400048821DAD65F562F407013C5
0EC7B2160DBB8281300FC2ED16D007981FFF9276B6F88FA900426400048821DAD65F562F407013C6
0EC7B6160DCD82813F0FC2E616D005981FFF9286B6F88FA900326500048821DAD65F562F407013C7
0EC7EE160E0E8281300FC2D816D007981FFF9286B6F88FA900226700048821DAD65F562F407013C8
0EC86E160E5E8281370FC2D016D012980FFF9296B6F88FA900226800048821DAD65F562F407013C9
0EC8DC160EA78281370FC2C616D00A980FFF9296B6F88FA900226800048821DAD65F562F407013CA
0EC966160EE982813F0FC2B016D017980FFF92A6B6F88FA900326800048821DAD65F562F407013CB
0EC9C8160F188281370FC29B16D017980FFF92B6B6F88FA909126800048821DAD65F562F407013CC
0EC9FB160F3582813F0FC29316D01A97FFFF92B6B6F86FA55BB26800048821DAD65F562F407023CD
0EC9F3160F2682813F0FC28116D01797FFFF92C6B5F85FA187026800048821DAD65F562F407013CE
0EC9CB160F0382813F0FC28116D01797FFFF92D6B5F85FA08BF26800048821DAD65F562F407013CF
0EC985160EDC82813F0FC27716D01F97EFFF92D6B6F85FA088726900048821DAD65F562F407013D0
0EC95C160ECB82813F0FC27016D01797DFFF92E6B6F85FA086B26B00048821DAD65F562F407013D1
0EC960160EDA8281460FC26816D01797DFFF92F6B6F85FA086726D00048821DAD65F562F407013D2
0EC97B160EEC82813F0FC25E16D01F97DFFF92F6B6F85FA086A26C00048721DAD65F562F407013D3
0EC981160EED8281300FC25A16D01C97CFFF9306B6F85FA086B26B00048721DAD65F562F407013D4
0EC977160EDD8281590FC25616D01C97CFFF9316B6F85FA086B26900048721DAD65F562F407013D5
0EC96D160EC58281460FC24F16D01A97BFFF9316B6F85FA086B26800048721DAD65F562F407013D6
0EC952160EB382814E0FC24C16D01C97BFFF9326B6F85FA086B26800048721DAD65F562F407023D7
0EC937160EA08281460FC24416D01C97AFFF9336B6F85FA058C26800048721DAD65F562F407013D8
0EC934160E9882814E0FC23616D024979FFF9336B6F85FA010526800048721DAD65F562F407013D9
0EC927160E938281460FC22416D026979FFF9346B6F85FA000026700048721DAD65F562F407013DA
0EC91C160E9182814E0FC21216D026979FFF9356B6F85FA000026800048721DAD65F562F407013DB
0EC90B160E8E82814E0FC20D16D033978FFF9356B6F85FA000026800048821DAD65F562F407013DC
0EC8ED160E8182814E0FC20016D02C977FFF9366B6F85FA000526800048721DAD65F562F407013DD
0EC8EA160E7682814E0FC1F616D036977FFF9376B6F85FA000526800048721DAD65F562F407013DE
0EC8E6160E648281550FC1EE16D043976FFF9376B6F85FA000226900048721DAD65F562F407013DF
0EC8D6160E5F8281550FC1EB16D03B975FFF9386B6F85FA000126900048721DAD65F562F407013E0
0EC8C9160E5882814E0FC1EE16D03B975FFF9396B6F85FA000126900048721DAD65F562F407013E1
0EC8AE160E528281550FC1F216D033974FFF9396B6F85FA000226900048721DAD65F562F407013E2
0EC8AD160E508281550FC1EE16D03B974FFF9396B5F85FA000326900048721DAD65F562F407013E3
0EC8AE160E4D8281550FC1EE16D039973FFF93A6B6F85FA00C326800048621DAD65F562F407013E4
0EC8C5160E4E8281550FC1EE16D031973FFF93B6B6F84FA23FF26900048721DAD65F562F407013E5
0EC8D2160E4582815C0FC1F216D031972FFF93B6B5F82FA856326C00048721DAD65F562F407013E6
0EC8B4160E368281590FC1F216D029972FFF93C6B5F81FAA57A26F00048621DAD65F562F407013E7
0EC89A160E1B82815C0FC1F416D021971FFF93C6B6F81FAA55726E00048621DAD65F562F407023E8
0EC84B160DE38281550FC1F616D017971FFF93D6B6F82FAA54726D00048621DAD65F562F407023E9
0EC7D3160DA982815C0FC1F616D01A970FFF93D6B6F82FAA54726B00048621DAD65F562F407013EA
0EC780160D828281640FC1F216D007970FFF93E6B6F82FAA54926A00048621DAD65F562F407013EB
0EC74D160D6582815C0FC1F616D007970FFF93E6B6F82FAA54926900048621DAD65F562F407013EC
0EC72F160D5782815C0FC1F616D00596FFFF93E6B6F82FAA54926900048621DAD65F562F407013ED
0EC71E160D4982815C0FC1F616CFF896FFFF93F6B6F82FAA54926800048621DAD65F562F407013EE
0EC70D160D438281640FC1F616CFED96FFFF93F6B6F82FAA54A26800048621DAD65F562F407013EF
0EC6F6160D4182815C0FC1FD16CFF096EFFF9406B6F82FAA3BD26800048621DAD65F562F407013F0
0EC6E9160D358281640FC20016CFE896EFFF9406B5F82FAA0C526800048621DAD65F562F407013F1
0EC6DE160D318281640FC20016CFE396EFFF9416B6F82FAA00026800048621DAD65F562F407013F2
0EC6D4160D318281640FC20416CFDB96DFFF9416B5F82FAA00026900048621DAD65F562F407013F3
0EC6CA160D2B82815C0FC20D16CFD896DFFF9416B6F82FAA00026A00048621DAD65F562F407023F4
0EC6C0160D2082816B0FC20F16CFDE96DFFF9416B6F82FAA00426B00048521DAD65F562F407013F5
0EC6BA160D1A8281640FC21616CFD196DFFF9426B6F82FAA00326C00048621DAD65F562F407013F6
0EC6A8160D1F8281640FC21216CFD396DFFF9426B6F82FAA00226D00048621DAD65F562F407013F7
0EC6A2160D1C8281680FC21916CFC496DFFF9426B6F82FAA00226D00048621DAD65F562F407023F8
0EC69E160D158281640FC22116CFC996DFFF9436B6F82FAA00126C00048621DAD65F562F407013F9
0EC69F160D138281640FC21D16CFC296DFFF9436B6F82FAA00226C00048621DAD65F562F407013FA
0EC698160D1082816B0FC22816CFBE96DFFF9436B5F82FAA00326D00048521DAD65F562F407013FB
0EC69A160D1582816B0FC22B16CFC496DFFF9446B5F82FAA0F126E00048621DAD65F562F407013FC
0EC69F160D0F8281640FC23216CFC296DFFF9446B6F82FAA41F26F00048521DAD65F562F407013FD
0EC694160D0D82816B0FC24116CFB996DFFF9446B6F83FA956527000048621DAD65F562F407013FE
0EC691160D0B82816B0FC24F16CFB496DFFF9456B6F83FA857327000048521DAD65F562F407023FF
0EC684160D0282816B0FC26216CFBC96DFFF9456B5F84FA855126F00048521DAD65F562F40701300
0EC67F160CFC82816B0FC27E16CFAF96DFFF9456B6F83FA854326F00048521DAD65F562F40701301
0EC677160CF88281640FC29E16CFAA96DFFF9456B6F83FA854226F00048521DAD65F562F40702302
0EC668160CF68281730FC2BE16CFB296EFFF9456B5F84FA854426E00048521DAD65F562F40701303
0EC65F160CF282816B0FC2EA16CFAF96EFFF9466B5F84FA854526F00048521DAD65F562F40701304
0EC65F160CED82816B0FC30D16CFB496EFFF9466B5F84FA854526F00048521DAD65F562F40701305
0EC65E160CEB82816B0FC33C16CFC296EFFF9466B6F84FA854526F00048521DAD65F562F40701306
0EC652160CE582816B0FC36416CFC996FFFF9466B6F83FA854527000048521DAD65F562F40701307
0EC643160CE582816B0FC39116CFC996FFFF9476B6F83FA83D527000048521DAD65F562F40701308
0EC644160CDB82816F0FC3BD16CFD6970FFF9476B6F84FA80D427000048521DAD65F562F40701309
0EC641160CDA8281730FC3E116CFE3970FFF9476B6F84FA800027100048521DAD65F562F4070230A
0EC63C160CDF82816B0FC40516CFE3970FFF9476B5F84FA800027100048421DAD65F562F4070230B
0EC641160CDF82816B0FC42216CFEB971FFF9476B5F84FA800027100048521DAD65F562F4070130C
0EC646160CE48281730FC43B16CFED971FFF9476B6F83FA800427100048521DAD65F562F4070130D
0EC648160CDF82816B0FC44B16CFF2971FFF9476B5F84FA800427100048521DAD65F562F4070130E
0EC648160CDF8281730FC46616CFEB971FFF9476B6F83FA800227200048521DAD65F562F4070230F
0EC643160CE182816B0FC47416CFED972FFF9476B5F83FA800127300048521DAD65F562F40701310
0EC641160CE28281730FC48E16CFED973FFF9476B6F83FA800127300048521DAD65F562F40701311
0EC646160CE582816B0FC4A716CFEB973FFF9476B6F83FA800227300048521DAD65F562F40702312
0EC648160CE38281730FC4BA16CFE3974FFF9476B5F83FA800327500048521DAD65F562F40701313
0EC644160CE182816B0FC4CE16CFE8974FFF9466B6F84FA80D727900048521DAD65F562F40701314
0EC649160CDF8281730FC4E416CFE6975FFF9476B6F83FA840F27D00048421DAD65F562F40701315
0EC644160CE082816B0FC50416CFDE975FFF9476B6F81FA856327D00048421DAD65F562F40701316
0EC64D160CE48281730FC52F16CFE8976FFF9476B5F80FA757727D00048421DAD65F562F40701317
0EC652160CED82816B0FC55E16CFE6976FFF9476B5F7EFA755427C00048521DAD65F562F40701318
0EC658160CF382816B0FC59F16CFED977FFF9466B5F7EFA754627A00048521DAD65F562F40702319
0EC668160D0982816F0FC5D816CFED977FFF9466B5F80FA754527900048521DAD65F562F4070131A
0EC69B160D2182816B0FC61216CFF0978FFF9466B6F7FFA754627800048521DAD65F562F4070231B
0EC6D0160D3D82816B0FC64D16CFF2979FFF9466B6F80FA754727700048521DAD65F562F4070131C
0EC6DB160D5082816B0FC68116CFF2979FFF9466B6F7EFA754727500048521DAD65F562F4070131D
0EC6BA160D5182816B0FC6B716CFF5979FFF9466B5F7EFA754727400048521DAD65F562F4070131E
0EC6A5160D3782816B0FC6E916CFFD97AFFF9466B6F7FFA754727200048521DAD65F562F4070131F
0EC698160D2582816B0FC71916CFFD97BFFF9466B6F7FFA72B527100048521DAD65F562F40701320
0EC69A160D2282816B0FC74716D00597BFFF9466B6F80FA704F27100048521DAD65F562F40701321
0EC69B160D2D82816B0FC77916CFFD97BFFF9466B6F7FFA700027000048421DAD65F562F40701322
0EC6BD160D2E8281640FC7A816CFF297CFFF9466B6F7FFA700027000048521DAD65F562F40701323
0EC6C3160D3182816B0FC7DA16CFF597DFFF9466B6F7FFA700027000048521DAD65F562F40701324
0EC6BD160D2A8281640FC80D16CFF297EFFF9466B5F80FA700427000048521DAD65F562F40701325
0EC6BD160D2482816B0FC84616CFED97EFFF9466B6F7FFA700327000048521DAD65F562F40701326
0EC6AB160D1B8281640FC86E16CFF097FFFF9456B6F7FFA700227000048521DAD65F562F40701327
0EC69B160D128281640FC8A416CFED97FFFF9456B5F80FA700226F00048521DAD65F562F40701328
0EC694160D0F8281640FC8E316CFFD980FFF9456B6F7FFA700226F00048521DAD65F562F40701329
0EC6A2160D118281640FC91E16D005980FFF9456B6F7FFA700226F00048421DAD65F562F4070232A
0EC69F160D108281610FC96016D00C981FFF9456B6F80FA700226F00048521DAD65F562F4070132B
0EC694160D0B8281640FC9A016D017981FFF9456B6F7FFA709726F00048521DAD65F562F4070132C
0EC684160D038281640FC9E816D02E981FFF9446B6F7FFA75D126E00048621DAD65F562F4070232D
0EC675160D0082815C0FCA2C16D040982FFF9446B6F80FA788726E00048521DAD65F562F4070132E
0EC67D160D0A82815C0FCA6616D04B983FFF9436B6F81FA78D526E00048521DAD65F562F4070132F
0EC684160D0782815C0FCA9B16D058983FFF9436B5F81FA789D26E00048521DAD65F562F40701330
0EC683160D0482815C0FCACF16D060984FFF9436B5F81FA788026D00048521DAD65F562F40701331
0EC691160D0982815C0FCB0016D06A984FFF9436B5F81FA787D26D00048521DAD65F562F40701332
0EC69A160D118281550FCB3316D06C985FFF9426B6F81FA787F26D00048521DAD65F562F40702333
0EC6A6160D138281550FCB6A16D07A985FFF9426B6F81FA788126D00048521DAD65F562F40702334
0EC6A6160D1382815C0FCB9A16D07F985FFF9416B6F81FA788126D00048521DAD65F562F40701335
0EC6AB160D1C8281550FCBCB16D086985FFF9416B6F81FA788126D00048521DAD65F562F40701336
0EC6AC160D1A8281550FCBFE16D089986FFF9416B6F81FA788126D00048621DAD65F562F40701337
0EC6B5160D2A82814E0FCC3016D08E986FFF9406B5F81FA754826D00048621DAD65F562F40701338
0EC6D1160D388281550FCC5F16D096986FFF9406B6F81FA70E026D00048521DAD65F562F40702339
0EC6DF160D4682814E0FCC3B16D08E987FFF9406B6F81FA700026D00048521DAD65F562F4070133A
0EC6E8160D4882814E0FCBFA16D099987FFF93F6B6F81FA700026D00048621DAD65F562F4070133B
0EC6E5160D4282814E0FCB7416D096987FFF93F6B6F81FA700026D00048621DAD65F562F4070233C
0EC6EF160D5A82814A0FCA9F16D0A3987FFF93E6B5F81FA700526E00048621DAD65F562F4070133D
0EC776160DB28281460FCA0C16D0A5988FFF93E6B6F81FA700526F00048621DAD65F562F4070133E
0EC7EB160DF782814E0FC9B316D0AE988FFF93D6B6F81FA700326F00048621DAD65F562F4070133F
0EC7FC160E018281460FC99C16D0B3988FFF93D6B6F81FA700227100048621DAD65F562F40701340
0EC81F160DFC8281460FCA0116D0BA988FFF93D6B6F81FA700227200048521DAD65F562F40701341
0EC817160DE482813F0FCA7816D0BD988FFF93C6B6F81FA700227200048621DAD65F562F40701342
0EC7E8160DD28281460FCB2116D0C8988FFF93B6B6F81FA700227100048521DAD65F562F40701343
0EC7C7160DC68281460FCBD716D0CF989FFF93B6B6F81FA702C27000048521DAD65F562F40701344
0EC7BF160DC08281370FCC8616D0D2989FFF93A6B6F81FA753126F00048621DAD65F562F40701345
0EC79E160DA08281460FCD3216D0DC989FFF9396B6F81FA786526F00048621DAD65F562F40701346
0EC765160D7C82813F0FCDD416D0E9989FFF9396B6F80FA78E726F00048621DAD65F562F40701347
0EC739160D658281370FCE7116D0F1989FFF9386B6F7FFA78B126F00048621DAD65F562F40701348
0EC736160D6682813F0FCEFE16D103989FFF9376B6F7EFA789026F00048621DAD65F562F40701349
0EC728160D618281370FCFA416D106989FFF9366B6F80FA788A26E00048621DAD65F562F4070134A
0EC703160D4C8281370FD01D16D110989FFF9356B5F7FFA788C26D00048621DAD65F562F4070134B
0EC6CD160D3F8281370FCF5416D112989FFF9356B6F7FFA788D26D00048621DAD65F562F4070234C
0EC6FD160D658281370FCE2516D11B989FFF9346B6F7FFA788D26F00048721DAD65F562F4070134D
0EC75E160D918281300FCD9E16D122989FFF9336B6F7FFA788E27000048721DAD65F562F4070134E
0EC7B3160DA68281370FCDD416D12A989FFF9326B6F80FA788E26E00048721DAD65F562F4070134F
0EC7D3160DB982812D0FCE8A16D12A989FFF9316B6F7FFA757E26C00048621DAD65F562F40701350
0EC7EB160DC58281370FCF7F16D13C989FFF9306B5F7FFA70F726B00048721DAD65F562F40701351
0EC7EF160DCB8281300FD06316D13F989FFF92F6B6F7FFA700026B00048721DAD65F562F40701352
0EC7FF160DD08281300FD12716D14F989FFF92E6B6F7FFA700026D00048721DAD65F562F40701353
0EC806160DD98281280FD1D716D150989FFF92E6B6F7FFA700027100048721DAD65F562F40701354
0EC7F3160DE08281300FD27916D159989FFF92D6B6F7FFA700527400048721DAD65F562F40701355
0EC802160DDA8281300FD30416D155989FFF92C6B6F7FFA700427700048721DAD65F562F40701356
0EC7F8160DCC8281280FD33716D159989FFF92B6B6F7FFA700227C00048621DAD65F562F40701357
0EC7DF160DC18281280FD2F616D159989FFF92A6B6F7FFA700227B00048821DAD65F562F40701358
0EC7C3160DBB8281280FD23816D150989FFF92A6B6F7FFA700227800048721DAD65F562F40702359
0EC7C9160DBD8281300FD15916D14F989FFF9296B6F7FFA700227500048721DAD65F562F4070135A
0EC7D1160DC58281280FD08B16D146989FFF9286B6F80FA700327300048721DAD65F562F4070135B
0EC7DA160DC88281210FCFEE16D13F989FFF9286B6F7FFA70C227200048721DAD65F562F4070135C
0EC7D3160DC88281280FCF7816D135989FFF9276B6F7FFA743927100048721DAD65F562F4070235D
0EC7D1160DC98281280FCF1E16D122989FFF9276B6F80FA75BD27100048821DAD65F562F4070135E
0EC7C6160DCB8281280FCEE116D116989FFF9276B6F83FA85D927100048721DAD65F562F4070235F
0EC7C7160DD48281210FCEAB16D101989FFF9266B6F85FA85B427000048721DAD65F562F40701360
0EC7D0160DD48281280FCE7516D0E9989FFF9266B6F86FA85A327000048721DAD65F562F40701361
0EC7E1160DDD8281210FCE3C16D0D2989FFF9266B6F86FA85A327000048721DAD65F562F40701362
0EC7EF160DE48281280FCDF616D0B0989FFF9266B6F85FA85A427000048721DAD65F562F40701363
0EC7F5160DE682811A0FCDAC16D099989FFF9266B6F86FA85A527100048721DAD65F562F40701364
0EC7FF160DEE82812D0FCD1716D084989FFF9266B6F85FA85A527600048821DAD65F562F40702365
0EC811160DF18281280FCC3016D06C989FFF9266B6F86FA85A527A00048721DAD65F562F40702366
0EC813160DE58281210FCB6216D055989FFF9266B6F85FA85A527900048721DAD65F562F40701367
0EC7FF160DE18281280FCACE16D036989FFF9276B6F86FA82F927600048721DAD65F562F40701368
0EC7F3160DD78281210FCA5F16D02498AFFF9276B6F86FA805C27400048721DAD65F562F40701369
0EC7E1160DD38281280FCA0116D00798AFFF9276B5F85FA800027200048721DAD65F562F4070236A
0EC7D7160DCB8281210FC9A416CFF898AFFF9276B6F85FA800027100048721DAD65F562F4070136B
0EC7CE160DCB8281280FC93016CFE198AFFF9286B6F86FA800027000048721DAD65F562F4070136C
0EC7CD160DC78281280FC88A16CFC998AFFF9286B6F86FA800527000048821DAD65F562F4070136D
0EC7DE160DC78281280FC7C816CFAF98BFFF9296B6F85FA800326F00048721DAD65F562F4070136E
0EC7E2160DCB8281280FC72716CFA398BFFF9296B6F85FA800326F00048721DAD65F562F4070136F
0EC7E8160DD08281280FC69516CF9098BFFF9296B6F86FA800226F00048821DAD65F562F40701370
0EC7E1160DCC8281210FC5DC16CF8098BFFF9296B5F85FA800226F00048721DAD65F562F40701371
0EC7DB160DCF8281300FC52F16CF7E98BFFF92A6B6F85FA800226F00048721DAD65F562F40702372
0EC7DA160DC78281280FC49516CF8598BFFF92A6B6F86FA800327000048821DAD65F562F40701373
0EC7D7160DC08281300FC3F716CF9098CFFF92A6B6F86FA806027000048821DAD65F562F40702374
0EC7C4160DB78281280FC38316CF9098CFFF92B6B6F86FA853B27100048821DAD65F562F40701375
0EC7AF160DB18281300FC32E16CF9898CFFF92B6B6F86FA87F327100048721DAD65F562F40701376
0EC7AF160DB68281300FC2ED16CFAA98DFFF92B6B6F83FA785027100048721DAD65F562F40702377
0EC7AC160DB98281300FC2B716CFAA98DFFF92C6B6F81FA681C27000048721DAD65F562F40702378
0EC7B5160DB982812D0FC28C16CF9D98DFFF92C6B6F81FA67FE27100048721DAD65F562F40701379
0EC7AF160DBD8281370FC26F16CFAA98DFFF92D6B6F81FA67FA27300048821DAD65F562F4070137A
0EC7B6160DBF8281300FC25E16CFAA98EFFF92D6B6F81FA67FD27200048721DAD65F562F4070137B
0EC7B9160DBE8281370FC24F16CFA898EFFF92D6B6F81FA67FE27200048721DAD65F562F4070137C
0EC7A1160DB78281370FC24816CF9F98EFFF92E6B6F81FA67FE27100048721DAD65F562F4070137D
0EC78D160DA68281370FC23E16CF9A98FFFF92E6B6F81FA67FD27200048721DAD65F562F4070137E
0EC772160D8A8281370FC24F16CF9D98FFFF92F6B6F81FA67FE27300048721DAD65F562F4070137F
0EC74A160D678281370FC24816CF8A98FFFF92F6B6F81FA6ABC27300048721DAD65F562F40701380
0EC703160D3D82813F0FC24116CF7B98FFFF92F6B6F81FA6F0127400048721DAD65F562F40701381
0EC6D1160D2682813F0FC22F16CF64990FFF9306B6F81FA6FFF27400048721DAD65F562F40701382
0EC6B9160D1C82813F0FC22B16CF47991FFF9306B6F81FA6FFF27400048721DAD65F562F40701383
0EC6A6160D1182813F0FC21D16CF37991FFF9316B6F81FA6FFC27300048721DAD65F562F40702384
0EC695160D0B8281460FC21D16CF23991FFF9316B6F81FA6FF027100048721DAD65F562F40702385
0EC694160D0682813F0FC21216CF07991FFF9326B6F81FA6FF027100048621DAD65F562F40701386
0EC695160D0D8281460FC20F16CEEF991FFF9326B6F81FA6FF227100048621DAD65F562F40701387
0EC697160D1282814E0FC20716CEDA992FFF9336B6F81FA6FF227300048621DAD65F562F40702388
0EC6A6160D1E8281460FC20216CED9992FFF9336B6F81FA6FF227400048621DAD65F562F40701389
0EC6C0160D2D82814E0FC1EE16CEC5992FFF9346B6F81FA6FF227500048621DAD65F562F4070138A
0EC6C0160D3182814E0FC1E716CEC0993FFF9356B6F81FA6FF227600048621DAD65F562F4070138B
0EC6CE160D328281370FC1DC16CEBB993FFF9356B6F81FA6F8127900048621DAD65F562F4070238C
0EC6D1160D328281610FC1CA16CEAF993FFF9366B6F81FA6B2727800048621DAD65F562F4070138D
0EC6B5160D1F8281550FC1C316CEA6993FFF9376B6F81FA68DB27600048621DAD65F562F4070238E
0EC698160D0D8281550FC1BC16CE9B994FFF9376B6F80FA789527600048621DAD65F562F4070138F
0EC686160D028281550FC1AE16CE9B994FFF9386B6F80FA98C427500048621DAD65F562F40702390
0EC67D160CFD8281550FC1A316CE91994FFF9396B6F7FFA98DD27400048621DAD65F562F40701391
0EC677160CF782815C0FC1A316CE87994FFF9396B6F7FFA98DF27300048621DAD65F562F40701392
0EC664160CF282815C0FC19816CE87994FFF93A6B5F7FFA98DD27300048621DAD65F562F40701393
0EC652160CE582815C0FC19516CE81995FFF93A6B6F7FFA98DD27300048621DAD65F562F40701394
0EC63C160CDA82815C0FC18D16CE7C995FFF93B6B6F80FA98DC27300048521DAD65F562F40701395
0EC629160CCA8281640FC18D16CE77995FFF93B6B5F7EFA98DC27400048521DAD65F562F40701396
0EC626160CCE8281640FC18C16CE7C995FFF93C6B6F7EFA98DD27400048521DAD65F562F40702397
0EC632160CCF8281640FC18616CE71995FFF93C6B5F7FFA955027400048521DAD65F562F40701398
0EC626160CCD8281640FC18616CE6D995FFF93D6B6F7FFA90D427300048521DAD65F562F40702399
0EC61E160CCA82816B0FC17F16CE6D995FFF93D6B5F7FFA900027300048521DAD65F562F4070139A
0EC630160CD482816B0FC17C16CE67995FFF93D6B6F7EFA900027300048521DAD65F562F4070139B
0EC63C160CDF82816B0FC17816CE62995FFF93E6B6F7FFA900027300048521DAD65F562F4070139C
0EC644160CE182816B0FC17416CE58995FFF93E6B6F7FFA900627400048421DAD65F562F4070239D
0EC64E160CE482816F0FC17416CE4D995FFF93E6B6F7FFA900427400048521DAD65F562F4070239E
0EC650160CEB8281730FC16D16CE4D995FFF93F6B5F80FA900327400048421DAD65F562F4070139F
0EC652160CE482816B0FC16A16CE43995FFF93F6B6F7FFA900227300048521DAD65F562F407013A0
0EC649160CE48281730FC16616CE3E995FFF93F6B6F7FFA900227300048521DAD65F562F407013A1
0EC633160CD082817A0FC15F16CE3E995FFF9406B6F7FFA900227200048521DAD65F562F407013A2
0EC61C160CC58281730FC15B16CE38995FFF9406B6F7FFA900327100048521DAD65F562F407013A3
0EC613160CB682817A0FC16216CE2E995FFF9416B6F7FFA905027100048421DAD65F562F407013A4
0EC612160CB382817A0FC15B16CE33995FFF9416B6F7FFA952F27100048421DAD65F562F407023A5
0EC606160CA982817A0FC15B16CE33996FFF9416B5F7FFA980427100048421DAD65F562F407023A6
0EC5FA160CA582817A0FC15F16CE33995FFF9426B6F7FFA986927100048421DAD65F562F407013A7
0EC5ED160CA58281820FC15A16CE2E996FFF9436B5F81FA883527600048421DAD65F562F407013A8
0EC5E4160CA282817A0FC15F16CE33996FFF9436B5F82FA881627E00048321DAD65F562F407013A9
0EC5EA160C9E8281820FC15B16CE2E996FFF9436B5F82FA881228000048321DAD65F562F407023AA
0EC5E1160CA38281820FC15F16CE38996FFF9446B6F82FA881427D00048421DAD65F562F407013AB
0EC5E3160CA28281820FC15F16CE39996FFF9446B6F82FA881527A00048321DAD65F562F407023AC
0EC5E4160CA08281820FC15B16CE39996FFF9456B5F82FA881527900048421DAD65F562F407013AD
0EC5E6160CA382817E0FC15F16CE3D996FFF9456B6F82FA881527900048321DAD65F562F407013AE
0EC5E6160CA68281890FC15F16CE43996FFF9466B6F82FA881627F00048421DAD65F562F407013AF
0EC5E8160CA28281820FC15B16CE4D997FFF9476B6F82FA85A428200048421DAD65F562F407013B0
0EC5E3160C9D8281890FC15B16CE58996FFF9476B5F82FA812328200048321DAD65F562F407013B1
0EC5E1160C9B8281820FC15B16CE5C996FFF9486B5F82FA800028100048321DAD65F562F407013B2
0EC5E0160C9B8281890FC15B16CE6D996FFF9496B5F82FA800027D00048321DAD65F562F407013B3
0EC5E0160CA08281890FC15B16CE77997FFF9496B5F82FA800027B00048321DAD65F562F407013B4
0EC5E1160C998281820FC15F16CE77997FFF94A6B6F82FA800527900048321DAD65F562F407023B5
0EC5D9160C998281890FC15B16CE8B997FFF94A6B6F82FA800527800048321DAD65F562F407013B6
0EC5DA160C9E8281890FC16216CEA6997FFF94B6B5F82FA800227700048321DAD65F562F407023B7
0EC5D9160C9D8281890FC17416CEB0997FFF94B6B5F82FA800227700048321DAD65F562F407013B8
0EC5DA160C9C8281890FC1A916CECA997FFF94C6B6F82FA800227700048321DAD65F562F407023B9
0EC5DC160CA68281890FC1FD16CED4997FFF94C6B5F82FA800227600048321DAD65F562F407013BA
0EC5E3160C9F8281890FC26116CED5997FFF94D6B5F82FA800327500048321DAD65F562F407013BB
0EC5E8160CAD8281890FC2D416CEE9997FFF94D6B5F82FA80C627500048321DAD65F562F407013BC
0EC605160CCA8281820FC36E16CEF3998FFF94D6B5F82FA840227500048321DAD65F562F407013BD
0EC63F160CEA8281860FC42216CEEF998FFF94E6B5F82FA856327500048221DAD65F562F407013BE
0EC662160CFB8281890FC4D916CEF4998FFF94E6B6F82FA857A27500048321DAD65F562F407013BF
0EC67A160D028281890FC5A916CF07998FFF94F6B5F80FA755727500048321DAD65F562F407013C0
0EC68D160D078281890FC67E16CF18998FFF94F6B6F7FFA654827500048321DAD65F562F407023C1
0EC69F160D0C8281820FC74B16CF32999FFF94F6B5F7EFA654727500048321DAD65F562F407013C2
0EC6AB160D1E8281890FC7FB16CF4C999FFF94F6B6F7FFA654927500048321DAD65F562F407023C3
0EC6BA160D2A8281820FC8A316CF5F999FFF9506B5F7FFA654927400048321DAD65F562F407013C4
0EC6D8160D3B8281820FC93016CF70999FFF9506B6F7FFA654927300048221DAD65F562F407023C5
0EC6EF160D4F8281820FC9C516CF8599AFFF9506B6F7FFA654A27300048321DAD65F562F407023C6
0EC70A160D578281890FCA6616CFA399AFFF9506B5F7FFA554A27300048321DAD65F562F407013C7
0EC71E160D5A82817A0FCB0016CFBE999FFF9516B6F7FFA62EB27200048221DAD65F562F407013C8
0EC71B160D618281820FCB8616CFD899BFFF9516B6F7FFA606427200048221DAD65F562F407013C9
0EC718160D638281820FCBF616CFF599BFFF9516B6F7FFA600027200048321DAD65F562F407013CA
0EC71E160D6782817A0FCC5F16D00C99AFFF9516B5F7FFA600027200048321DAD65F562F407013CB
0EC736160D788281820FCCAE16D02199BFFF9506B6F7FFA600027200048221DAD65F562F407023CC
0EC71B160D6382817A0FCCFD16D03999CFFF9506B6F7FFA600427200048321DAD65F562F407023CD
0EC6F2160D528281770FCD4416D04B99BFFF9506B6F7FFA600327100048321DAD65F562F407023CE
0EC6D4160D3582817A0FCD9916D06599CFFF9506B6F7FFA600327100048321DAD65F562F407023CF
0EC68D160CFF82817A0FCDDB16D08199CFFF9506B5F7FFA600227000048321DAD65F562F407013D0
0EC655160CDB8281730FCE1E16D08E99DFFF94F6B6F7FFA600227000048321DAD65F562F407013D1
0EC637160CCB8281730FCE6A16D0A399DFFF94F6B5F80FA600227000048321DAD65F562F407013D2
0EC628160CC58281730FCEA416D0B099DFFF94F6B5F7EFA600226F00048421DAD65F562F407013D3
0EC626160CCE8281730FCEE116D0C899EFFF94E6B5F7FFA60BF26E00048321DAD65F562F407013D4
0EC65E160D068281730FCF3B16D0D499EFFF94E6B5F7FFA661626D00048321DAD65F562F407013D5
0EC6B6160D3B82816B0FCFA016D0E799EFFF94D6B6F7FFA68B726D00048321DAD65F562F407013D6
0EC6E9160D5482816B0FCFF216D0FC99EFFF94D6B6F7FFA68FD26D00048321DAD65F562F407023D7
0EC703160D6882816B0FD04116D10899EFFF94C6B6F80FA78C426D00048321DAD65F562F407023D8
0EC743160D8F82816B0FD09B16D11699EFFF94B6B5F81FA98A726D00048321DAD65F562F407013D9
0EC794160DBD8281640FD10616D11699EFFF94B6B6F81FAA8A526C00048321DAD65F562F407023DA
0EC7CA160DD78281640FD17D16D12C99EFFF94B6B5F81FAA8A726C00048321DAD65F562F407013DB
0EC7E1160DE38281640FD20516D13599FFFF94A6B6F81FAA8A926C00048421DAD65F562F407023DC
0EC7F2160DE98281640FD27316D14699EFFF9496B5F81FAA8A826C00048421DAD65F562F407013DD
0EC80A160DF78281550FD2C416D15499EFFF9486B5F81FAA8A826C00048421DAD65F562F407013DE
0EC809160DEF8281680FD27916D16499FFFF9486B6F81FAA8A926C00048421DAD65F562F407013DF
0EC7F8160DDC82815C0FD1F416D17599FFFF9476B6F81FAA5D226F00048421DAD65F562F407013E0
0EC7E5160DD082815C0FD19716D17899FFFF9466B6F81FAA11B27300048421DAD65F562F407023E1
0EC7CD160DC38281550FD13516D17A99FFFF9456B5F81FAA00027500048421DAD65F562F407013E2
0EC7C3160DBF8281550FD0D416D18399EFFF9456B5F81FAA00027400048421DAD65F562F407013E3
0EC7BD160DBB8281550FCFBC16D18399EFFF9446B6F81FAA00027300048521DAD65F562F407013E4
0EC7B5160DB682815C0FCE7F16D19499EFFF9436B5F81FAA00527100048521DAD65F562F407013E5
0EC7B6160DC082814E0FCD6816D19D99EFFF9426B6F81FAA00527000048521DAD65F562F407023E6
0EC7CD160DCA82814E0FCCD216D19D99EFFF9416B6F81FAA00326F00048521DAD65F562F407013E7
0EC7EE160DD88281460FCD0F16D1A399EFFF9406B5F81FAA00226F00048421DAD65F562F407013E8
0EC7E5160DDC8281550FCD4916D1A299EFFF93F6B5F81FAA00226F00048421DAD65F562F407013E9
0EC7E4160DD28281460FCD7E16D19E99EFFF93F6B6F81FAA00226E00048421DAD65F562F407013EA
0EC7C9160DBB8281460FCD6D16D1A799DFFF93E6B6F81FAA00326E00048421DAD65F562F407023EB
0EC7B3160DA98281460FCCEE16D19E99EFFF93D6B5F81FAA05326E00048521DAD65F562F407013EC
0EC79E160D9E8281460FCC0916D1A799DFFF93C6B6F81FAA5A426E00048421DAD65F562F407023ED
0EC779160D898281460FCB4916D1A299DFFF93B6B5F81FAA8BF26E00048521DAD65F562F407013EE
0EC75E160D8282813F0FCAC716D1A399DFFF93A6B6F81FAA92E26E00048521DAD65F562F407013EF
0EC75E160D7782813F0FCA4916D19299DFFF9396B6F81FAA8F526E00048521DAD65F562F407013F0
0EC743160D6482813B0FC9F316D18E99DFFF9396B5F80FA98D426F00048621DAD65F562F407013F1
0EC721160D4C82813F0FC9A416D16E99DFFF9386B6F80FA98CF26F00048521DAD65F562F407023F2
0EC707160D4382813F0FC93F16D15999DFFF9376B5F80FA98D127000048521DAD65F562F407013F3
0EC6EF160D448281370FC8DE16D13699DFFF9376B6F80FA98D326F00048521DAD65F562F407013F4
0EC6EB160D4C8281370FC8B516D11099DFFF9366B6F80FA98D326F00048521DAD65F562F407013F5
0EC6F3160D488281370FC89216D0E299DFFF9356B6F80FA98D327000048521DAD65F562F407013F6
0EC6EF160D458281370FC85F16D0B099DFFF9356B6F80FA98D327100048521DAD65F562F407013F7
0EC6E2160D438281300FC85816D08E99DFFF9346B6F80FA958527300048621DAD65F562F407023F8
0EC6D1160D398281370FC81016D05A99DFFF9346B6F80FA90ED27300048621DAD65F562F407013F9
0EC6C3160D2F8281300FC7BE16D03399DFFF9336B6F80FA900027400048621DAD65F562F407013FA
0EC6B6160D2C8281300FC73C16D01299DFFF9336B6F80FA900027500048621DAD65F562F407023FB
0EC6AF160D2D8281300FC69016CFED99DFFF9326B6F80FA900027500048621DAD65F562F407013FC
0EC6BA160D2D8281300FC5F916CFD199DFFF9326B6F80FA900527600048621DAD65F562F407013FD
0EC6C4160D338281300FC57716CF9F99DFFF9326B6F80FA900427700048621DAD65F562F407013FE
0EC6DE160D418281280FC50416CF8099DFFF9316B6F80FA900327700048721DAD65F562F407013FF
0EC6F3160D428281300FC4A316CF6A99DFFF9316B5F80FA900227700048621DAD65F562F40701300
0EC700160D498281280FC45416CF5199DFFF9316B6F80FA900227700048621DAD65F562F40703301
0EC6F6160D4B8281280FC42216CF3C99DFFF9306B6F80FA900227800048721DAD65F562F40702302
0EC6E2160D4A8281280FC3FA16CF4099DFFF9306B6F80FA900227800048621DAD65F562F40702303
0EC6E1160D4D8281280FC3E016CF5199DFFF92F6B6F80FA90E427700048721DAD65F562F40702304
0EC6EF160D4D82812D0FC3CC16CF5C99DFFF92F6B6F80FA969927600048721DAD65F562F40701305
0EC6FD160D4B8281280FC3BA16CF7499DFFF92F6B6F80FA995627600048721DAD65F562F40701306
0EC6F9160D4A8281280FC3A416CF7699EFFF92E6B6F80FA999927600048721DAD65F562F40702307
0EC6F6160D4D8281210FC38B16CF7699EFFF92E6B6F80FA995B27600048721DAD65F562F40702308
0EC6FD160D528281280FC36016CF7E99EFFF92E6B6F82FAA93E27600048721DAD65F562F40702309
0EC714160D4E8281280FC33116CF7699EFFF92E6B6F83FAB93B27600048721DAD65F562F4070230A
0EC711160D4B8281210FC2EA16CF6B99EFFF92D6B5F83FAB93E27700048721DAD65F562F4070130B
0EC6F9160D4A8281280FC2B416CF6699FFFF92D6B6F83FAB93F27700048721DAD65F562F4070230C
0EC6EC160D4A8281280FC29316CF4599EFFF92D6B6F83FAB93F27700048721DAD65F562F4070130D
0EC6F6160D568281210FC28516CF3299FFFF92C6B6F83FAB93F27600048721DAD65F562F4070230E
0EC736160D708281280FC28C16CF1399FFFF92C6B6F82FAB93F27500048721DAD65F562F4070130F
0EC761160D7F8281210FC29B16CEE899FFFF92C6B6F83FAB69427500048721DAD65F562F40701310
0EC772160D858281210FC27716CEC599FFFF92B6B5F83FAB15E27500048821DAD65F562F40701311
0EC762160D8E8281280FC24C16CEA699EFFF92B6B6F82FAB00027400048721DAD65F562F40701312
0EC76F160DA08281280FC22B16CE7C99FFFF92B6B6F83FAB00027300048721DAD65F562F40702313
0EC78D160DB48281210FC21716CE5C99FFFF92B6B5F83FAB00027200048721DAD65F562F40701314
0EC79B160DBC8281280FC20B16CE3999FFFF92A6B6F83FAB00527200048721DAD65F562F40702315
0EC7A4160DBE8281210FC1F916CE1499FFFF92A6B5F83FAB00527200048721DAD65F562F40702316
0EC7A5160DB48281280FC1F216CDEB99EFFF92A6B6F83FAB00327100048821DAD65F562F40702317
0EC790160DA88281280FC1E716CDD199EFFF92A6B6F83FAB00127200048721DAD65F562F40701318
0EC78A160D9A8281210FC1E716CDC199EFFF92A6B6F83FAB00227300048821DAD65F562F40703319
0EC780160D968281250FC1E416CDB299EFFF9296B5F83FAB00227400048721DAD65F562F4070231A
0EC783160D968281280FC1D516CDA299DFFF9296B6F83FAB00327400048821DAD65F562F4070331B
0EC780160D978281280FC1C716CD9399DFFF9296B6F83FAB0B427400048821DAD65F562F4070231C
0EC77D160D938281280FC1B916CD7899DFFF9296B6F83FAB3F027300048821DAD65F562F4070231D
0EC772160D948281280FC1B516CD6E99DFFF9296B5F83FAB55B27300048821DAD65F562F4070131E
0EC76F160D998281280FC1B116CD5499CFFF9296B6F83FAB57627300048821DAD65F562F4070231F
0EC772160D9B8281280FC1B016CD4A99BFFF9296B6F83FAB55327300048821DAD65F562F40702320
0EC772160D9C8281280FC1AA16CD3599BFFF9296B6F81FAA54327300048821DAD65F562F40702321
0EC779160D9B8281280FC1A716CD2599CFFF9296B6F7FFA954327400048721DAD65F562F40701322
0EC779160D9E8281280FC1AA16CD1B999FFF9296B6F80FA954527400048721DAD65F562F40701323
0EC77C160D9D8281300FC1A716CD0699AFFF9296B6F7FFA954527400048721DAD65F562F40702324
0EC780160D9C8281280FC1A316CCF2999FFF9296B6F7FFA954527400048721DAD65F562F40701325
0EC779160D9B8281300FC1AA16CCEC999FFF9296B6F7FFA954527500048821DAD65F562F40702326
0EC779160D9E8281280FC1A716CCD2998FFF9296B6F7FFA954527500048821DAD65F562F40701327
0EC77D160D968281300FC1AA16CCC8997FFF9296B6F7FFA939D27400048821DAD65F562F40702328
0EC761160D7B8281280FC1B116CCC3997FFF9296B6F7FFA90B527400048821DAD65F562F40701329
0EC73C160D608281300FC1B116CCBA996FFF9296B6F7FFA900027400048821DAD65F562F4070132A
0EC714160D478281300FC1B916CCB3995FFF9296B6F7FFA900027300048821DAD65F562F4070232B
0EC700160D398281300FC1BC16CCBE995FFF92A6B6F7FFA900027300048821DAD65F562E4170332C
0EC70A160D428281300FC1C016CCBE994FFF92A6B5F7FFA900427200048821DAD65F562E4070132D
0EC739160D7382811A0FC1C016CCBE993FFF92A6B6F7FFA900327200048821DAD65F562E4070132E
0EC768160D9182814A0FC1BA16CCBF992FFF92A6B5F7FFA900327200048721DAD65F562E4070232F
0EC772160D9D8281300FC1C016CCBE991FFF92B6B6F7FFA900227200048821DAD65F562E40703330
0EC77D160DA08281370FC1C716CCC8991FFF92B6B6F7FFA900227300048721DAD65F562E40701331
0EC786160D9D8281370FC1C316CCC3990FFF92C6B6F7EFA900227300048721DAD65F562E40701332
0EC77D160D9E8281300FC1C016CCCD98FFFF92C6B6F7EFA900327300048721DAD65F562E40702333
0EC786160DA38281370FC1C016CCD998EFFF92D6B5F7FFA90D027300048721DAD65F562E40702334
0EC79A160DB48281370FC1B916CCDD98DFFF92D6B6F7FFA95BB27400048821DAD65F562E40701335
0EC7AC160DC08281370FC1BC16CCE798CFFF92E6B5F7EFA981027400048721DAD65F562E40701336
0EC7B9160DBC8281370FC1BC16CCF198BFFF92E6B6F7FFA984627400048721DAD65F562E40702337
0EC7C9160DB682813F0FC1B916CCF198BFFF92F6B6F80FA981127300048721DAD65F562E40702338
0EC7B9160DAA8281370FC1B916CD07989FFF92F6B5F7FFA97F727300048721DAD65F562E40701339
0EC79E160DAC8281370FC1BC16CD06989FFF9306B6F7EFA77F527400048721DAD65F562E4070133A
0EC7C6160DC982813F0FC1B916CD1B987FFF9316B6F7FFA77F727400048721DAD65F562E4070233B
0EC7EF160DDD82813F0FC1BE16CD20987FFF9316B6F7FFA77F927400048721DAD65F562E4070233C
0EC802160DF782813F0FC1B916CD2B986FFF9326B6F7FFA77F927500048721DAD65F562E4070133D
0EC813160DF982813F0FC1B516CD35985FFF9326B5F7FFA77F927500048621DAD65F562E4070133E
0EC80E160DEE82813F0FC1BC16CD3A984FFF9336B6F7FFA77F927500048721DAD65F562E4070133F
0EC7EE160DCD82813F0FC1B516CD3F983FFF9346B6F7FFA75A827500048621DAD65F562E40702340
