* Sea-Bird SBE 9 Data File:
* FileName = C:\data\ctd\at4212009x.hex
* Software Version Seasave V 7.23.2
* Temperature SN = 2265
* Conductivity SN = 2770
* Number of Bytes Per Scan = 40
* Number of Voltage Words = 5
* Number of Scans Averaged by the Deck Unit = 1
* System UpLoad Time = Jun 27 2019 19:13:52
* NMEA Latitude = 44 31.74 N
* NMEA Longitude = 125 23.57 W
* NMEA UTC (Time) = Jun 27 2019  19:13:52
* Store Lat/Lon Data = Append to Every Scan
* System UTC = Jun 27 2019 19:13:52
*END*
0FF7D9169453828130110DC416E62BA24FFF76B6ADFC8FB60021D100045121F9105FAAC9406D1307
0FF7FD169454828137110DB216E63AA25FFF76B6ADFC8FB60011D200045121F9105FAAC9406D1308
0FF800169450828130110DA616E64FA25FFF76B6ADFC8FB60011D400045221F9105FAAC9406D1309
0FF81E16944B828137110D9A16E664A25FFF76B6ADFC8FB60021D700045221F9105FAAC9406D130A
0FF85116944C828130110D8F16E669A25FFF76B6ADFC8FB60021D900045221F9105FAAC9406D130B
0FF87416944B828137110D8316E683A25FFF76B6ADFC8FB60021D700045221F9105FAAC9406D130C
0FF8B3169446828137110D6C16E693A26FFF76A6ADFC8FB60021D500045321F9105FAAC9406D130D
0FF8F5169448828130110D5116E6A8A26FFF76A6ADFC8FB60011D300045221F9105FAAC9406D230E
0FF917169449828137110D2216E6B7A26FFF76A6ADFC8FB60021D000045321F9105FAAC9406D230F
0FF93E169442828137110CEA16E6C7A26FFF76A6ADFC8FB60021CF00045421F9105FAAC9406D2310
0FF9B616943F828137110CB216E6DCA26FFF7696ADFC8FB60021CE00045421F9105FAAC9406D2311
0FFA1116943C828130110C7416E6EBA27FFF7696ADFC8FB60011CE00045421F9105FAAC9406D1312
0FFA5E169437828137110C3D16E6F6A27FFF7696ADFC8FB60021D000045421F9105FAAC9406D1313
0FFA9B16943C828128110C0316E70BA27FFF7686ADFC8FB60021D600045421F9105FAAC9406D2314
0FFAD216943C828143110BCD16E715A27FFF7686ADFC8FB60011DA00045521F9105FAAC9406D2315
0FFACA169441828137110BA616E725A27FFF7676ADFC8FB60011DB00045521F9105FAAC9406D2316
0FFA9F169441828137110B8716E734A27FFF7676ADFC8FB60011DB00045521F9105FAACA416D1317
0FFA9B169446828130110B7016E73FA28FFF7676ADFC8FB60021DB00045621F9105FAACA406D1318
0FFABC16943E828137110B5116E749A28FFF7676ADFC8FB60011D900045521F9105FAACA406D2319
0FFAEA16943A828137110B1316E74FA28FFF7676ADFC8FB50021D700045621F9105FAACA406D331A
0FFBAA16942F828137110A9316E75EA28FFF7676ADFC7FB10031D400045621F9105FAACA406D131B
0FFD1516941F828137110A1916E772A28FFF7676ADFC7FAF1281D100045721F9105FAACA406D331C
0FFE5F16941B8281371109AB16E783A29FFF7676ADFC7FAF2AB1D000045721F9105FAACA406D231D
0FFF3D16941882813711091C16E788A29FFF7676ADFC7FAF3131CF00045721F9105FAACA406D231E
0FFF9216941682813011086516E797A29FFF7676ADFC7FAF3081CF00045821F9105FAACA406D231F
0FFFBC1694258281371107DE16E7ACA29FFF7686ADFC7FAF2F81CF00045721F9105FAACA406D1320
0FFFCE1694278281371107AC16E7B7A29FFF7686ADFC7FAF2F31CF00045821F9105FAACA406D1321
0FFF6D16941E82813711079316E7CBA29FFF7696ADFC7FAF2F41D000045821F9105FAACA406D1322
0FFF2016941E82813711079D16E7D6A29FFF7696ADFC7FAF2F51D100045821F9105FAACA406D1323
0FFF571694198281371107A816E7EBA29FFF76A6ADFC7FAF2F51D100045821F9105FAACA406D1324
0FFFBA1694198281281107A716E7F9A2AFFF76A6ADFC7FAF2F51D100045921F9105FAACA406D1325
10007216941082814E1107A116E805A2AFFF76B6ADFC7FAF2F51D000045921F9105FAACA406D1326
10015B16941782813011079516E81AA2AFFF76B6ADFC7FAF2F51D100045921F9105FAACA406D2327
1000CC16942D82813B11079316E823A2AFFF76B6ADFC7FAF2CA1D100045921F9105FAACA406D2328
0FFFAE16943482813711079116E82FA2AFFF76C6ADFC7FAF1791D100045A21F9105FAACA406D2329
0FFF8216943182813711079916E849A2AFFF76C6ADFC7FAF0D01D000045A21F9105FAACA406D132A
0FFF3316943282813F11079716E852A2AFFF76C6ADFC7FAF0BD1CE00045A21F9105FAACA406D232B
0FFEB716943182813711079916E859A2AFFF76D6ADFC7FAF0CC1CC00045B21F9105FAACA406D232C
0FFD8D16943082813711079D16E873A2BFFF76D6ADFC7FAF0D31CB00045B21F9105FAACA406D232D
0FFCBB1694288281371107A316E87BA2AFFF76D6ACFC7FAF0D41CA00045B21F9105FAACA406D232E
0FFCB31694288281371107AC16E882A2AFFF76D6ADFC7FAF0D41C900045B21F9105FAACA406D232F
0FFC0C16943682813F1107B216E897A2BFFF76D6ADFC7FAF0D31C900045C21F9105FAACA406D1330
0FFB951694458281371107B016E895A2BFFF76D6ADFC7FAF0D31C800045D21F9105FAACA406D3331
0FFB8116944982813F1107AC16E8A2A2BFFF76D6ADFC7FAF0D31C800045C21F9105FAACA406D1332
0FFB3E16944682813711079F16E8B1A2BFFF76C6ADFC6FB20D31C900045D21F9105FAACA406D2333
0FFAC016944F82813F11079516E8B4A2BFFF76C6ADFC5FB50A01CC00045C21F9105FAACA406D1334
0FFA2716945382813711078916E8C6A2BFFF76C6ACFC5FB50261CF00045D21F9105FAACA406D1335
0FF94616945382813F11075D16E8CEA2BFFF76C6ACFC5FB50001D100045D21F9105FAACA406D1336
0FF8BB16945682813711072516E8DBA2BFFF76C6ADFC5FB50001D200045E21F9105FAACA406D2337
0FF89116945182813F1106FA16E8E0A2BFFF76C6ADFC5FB50001D100045E21F9105FAACA406D3338
0FF8FC16944B82813F1106E816E8EEA2BFFF76B6ACFC5FB50021CF00045E21F9105FAACA406D3339
0FF8D11694548281371106EB16E8EBA2BFFF76B6ACFC5FB50021CD00045E21F9105FAACA406D133A
0FF7E016945582813F1106F616E8FBA2BFFF76B6ACFC5FB50021CC00045F21F9105FAACA406D333B
0FF77716945682813B11070316E8F8A2CFFF76B6ACFC5FB50021CD00045E21F9105FAACA406D233C
0FF74016945582813F11070616E8F5A2BFFF76B6ADFC5FB50021D200045F21F9105FAACA406D133D
0FF73616944C82813F11071316E8FDA2CFFF76B6ADFC5FB50021D500045F21F9105FAACA406D133E
0FF77A16944982813F11078916E8FBA2BFFF76B6ADFC5FB50031D500046021F9105FAACA406D333F
0FF7E416944682813F11080516E8F5A2CFFF76B6ACFC5FB50021D100046021F9105FAACA406D2340
0FF7F516944B82813F11086D16E8EEA2CFFF76B6ADFC5FB50021CF00045F21F9105FAACA406D2341
0FF7EF16944E82813F1108A816E8E0A2CFFF76B6ACFC5FB50011CE00046021F9105FAACA406D2342
0FF7F216944E8281461108DA16E8DBA2CFFF76B6ACFC5FB50011CD00046021F9105FAACA406D2343
0FF80716945182813F11090116E8C4A2CFFF76A6ADFC5FB50021CD00046021F9105FAACA406D1344
0FF8081693C982813F11090C16E8ACA2CFFF76A6ACFC5FB50021CF00046121F9105FAACA406D2345
0FF8011693D482813F1108F916E892A2CFFF76A6ADFC5FB50011D600046121F9105FAACA406D1346
0FF80016943082813F1108DE16E876A2CFFF7696ADFC5FB50021DA00046121F9105FAACA406D2347
0FF7FA1694498281461108B716E85EA2CFFF7696ADFC5FB50021DA00046121F9105FAACA406D3348
0FF7FD16944682813F11088916E83DA2CFFF7696ADFC5FB50011D900046121F9105FAACA406D1349
0FF83316944482814611086216E81AA2CFFF7686ADFC5FB50011D900046221F9105FAACA406D134A
0FF8B716944182813F11083E16E7FBA2CFFF7686ADFC5FB30021D900046221F9105FAACA406D234B
0FF91D16943F82814611081816E7D5A2CFFF7686ADFC5FB00021DC00046221F9105FAACA406D234C
0FF94616944782813F1107F916E7B2A2CFFF7686ADFC5FAF0021DE00046221F9105FAACA406D334D
0FF92116944A8281461107E916E78DA2DFFF7686ADFC5FAF0011DF00046321F9105FAACA406D334E
0FF8E616944282813B1107CF16E763A2DFFF7696ADFC5FAF0021DD00046321F9105FAACA406D334F
0FF8BC1694428281461107C316E73EA2DFFF7696ACFC5FAF0011DA00046321F9105FAACA406D2350
0FF8721694448281461107BE16E71AA2DFFF76A6ADFC5FAF0021D700046321F9105FAACA406D2351
0FF8581694418281461107B816E6F1A2DFFF76B6ACFC5FAF0021D500046321F9105FAACA406D2352
0FF86216943F82813F1107BC16E6C7A2DFFF76B6ADFC5FAF0021D100046421F9105FAACA406D1353
0FF8511694408281461107BA16E6ADA2DFFF76C6ACFC5FAF0021CF00046421F9105FAACA406D2354
0FF81E16944282813F1107C716E688A2DFFF76D6ADFC5FAF0011CE00046421F9105FAACA406D3355
0FF7B11694448281461107D316E654A2DFFF76E6ADFC5FAF0021CD00046521F9105FAACA406D1356
0FF71816945782813F1107DD16E630A2DFFF76E6ACFC5FAF0031CB00046521F9105FAACA406D1357
0FF6991694528281461107EA16E610A2DFFF76F6ACFC5FAF0021C900046521F9105FAACA406D1358
0FF68F1694528281461107F616E5ECA2DFFF7706ADFC5FAF0021C900046521F9105FAACA406D3359
0FF6C116944C82814611080416E5CCA2DFFF7716ADFC5FAF0011CC00046621F9105FAACA406D235A
0FF70216944982814611081516E5AEA2DFFF7726ADFC5FAF0011CF00046621F9105FAACA406D235B
0FF71916944982813F11082C16E593A2EFFF7726ACFC5FAF0021D100046621F9105FAACA406D235C
0FF6E516944C82814611084216E579A2EFFF7736ADFC5FAF0011D300046621F9105FAACA406D235D
0FF5EE16945182813F11087116E569A2FFFF7746ACFC5FAF0021D400046621F9105FAACA406D235E
0FF53B16945382814611089416E556A2EFFF7746ADFC5FAF0021D300046721F9105FAAC9416D235F
0FF3C116945C82813F1108C616E545A2EFFF7756ADFC5FAF0021D100046621F9105FAAC9406D3360
0FF32116945F8281461108F916E540A2FFFF7756ACFC5FAF0021CF00046721F9105FAAC9406D3361
0FF2D216945682814311092316E540A2FFFF7766ACFC5FAF0021CE00046721F9105FAAC9406D3362
0FF23916945F82814611094E16E545A2FFFF7766ACFC5FB00021D100046721F9105FAAC9406D3363
0FF1C116946682813F11097916E556A2FFFF7776ADFC5FB20021D500046721F9105FAAC9406D3364
0FF17216946882814611099816E555A2FFFF7776ADFC5FB30021D500046821F9105FAAC9406D2365
0FF0C716947782813F1109C616E55FA31FFF7776ACFC5FB30011D500046821F9105FAAC9406D1366
0FF0201694818281461109E316E569A30FFF7786ADFC5FB30011D400046821F9105FAAC9406D2367
0FEEDD16949182813F110A0416E575A31FFF7786ACFC5FB30011D400046821F9105FAAC9406D2368
0FEDCE169496828146110A1B16E574A31FFF7786ACFC5FB30011D300046921F9105FAAC9406D2369
0FEDD516948B82813F110A2B16E579A31FFF7786ADFC5FB30011D300046921F9105FAAC9406D236A
0FEDD116948382813F110A3416E583A31FFF7786ADFC5FB30021D400046921F9105FAAC9406D136B
0FEDC616947E828146110A2B16E583A32FFF7786ACFC5FB30021D400046921F9105FAAC9406D236C
0FEE0116948182813F110A2716E585A32FFF7786ADFC5FB30011D400046921F9105FAAC9406D236D
0FEDEB16949182813F110A1716E58EA32FFF7786ADFC5FB30011D400046921F9105FAAC9406D236E
0FEB301694AD82813F1109F616E58EA33FFF7786ACFC5FB30021D300046921F9105FAAC9406D236F
0FE8FF1694D082813F1109D216E589A33FFF7786ADFC5FB30021D300046921F9105FAAC9406D2370
0FE7C91694E082813F11099F16E58AA34FFF7786ADFC5FB30021D500046A21F9105FAAC9406D2371
0FE7EF1694D482813F11096D16E57EA34FFF7786ADFC5FB30011D700046A21F9105FAAC9406D3372
0FE8761694BC82813F11092F16E574A34FFF7776ACFC5FB30011D700046A21F9105FAAC9406D3373
0FE83C1694C782813F1108ED16E569A35FFF7776ADFC5FB30011D700046A21F9105FAAC9406D3374
0FE7731694D782813B1108AF16E55BA35FFF7776ACFC5FB30021D700046A21F9105FAAC9406D2375
0FE6581694CE82813F11087516E54FA35FFF7776ACFC5FB30021D800046A21F9105FAAC9406D3376
0FE5CE16949C82813711083016E54AA35FFF7776ACFC5FB30021D900046A21F9105FAAC9406D1377
0FE66016947182813F1107EA16E54AA36FFF7776ACFC5FB30021D900046A21F9105FAAC9406D2378
0FE70916947A8281371107AE16E54FA36FFF7776ADFC5FB30011DB00046B21F9105FAAC9406D2379
0FE69D16949082813F11076616E556A36FFF7776ADFC5FB30011DD00046B21F9105FAAC9406D237A
0FE59916948B82813711072916E555A36FFF7776ADFC5FB30021DC00046B21F9105FAAC9406D337B
0FE5561694818281371106F416E55FA37FFF7776ACFC6FB303E1DC00046B21F9105FAAC9406D137C
0FE5D61694888281371106B516E564A37FFF7776ADFC6FB33D11DD00046B21F9105FAAC9406D337D
0FE62916949B82813711067316E575A37FFF7776ACFC6FB35DE1DD00046B21F9105FAAC9406D237E
0FE5E71694AC82813711064116E57EA37FFF7776ACFC6FB36261DC00046C21F9105FAAC9406D137F
0FE66316949282813711060716E58EA37FFF7776ADFC6FB35FF1DC00046B21F9105FAAC9406D3380
0FE7F616946C8281371105CC16E5A3A37FFF7776ADFC6FB35E91DD00046B21F9105FAAC9406D3381
0FE9C616946A8281301105A216E5ADA38FFF7776ADFC6FB35E71DE00046B21F9105FAAC9406D2382
0FEAC716947D82813711056F16E5C8A38FFF7776ACFC6FB35E81DE00046B21F9105FAAC9406D3383
0FEC2616947E82813711054516E5D2A38FFF7776ACFC6FB35E91DD00046B21F9105FAAC9406D2384
0FEDD916945282813011051B16E5ECA38FFF7776ACFC6FB35E91DB00046B21F9105FAAC9406D1385
0FF0071694358281301104F716E5FBA38FFF7766ADFC6FB35E91D900046C21F9105FAAC9406D3386
0FF19216942F8281301104D216E616A38FFF7776ACFC6FB35E91DA00046B21F9105FAAC9406D2387
0FF2A616942C8281371104AD16E625A38FFF7776ADFC6FB35581DC00046C21F9105FAAC9406D3388
0FF3C116942482812D11048C16E64AA38FFF7766ADFC6FB33ED1DB00046B21F9105FAAC9406D1389
0FF45316942482813011046B16E65FA38FFF7766ADFC6FB336C1DB00046B21F9105FAAC9406D338A
0FF53416941A82813011044E16E673A37FFF7766ADFC6FB336B1D900046B21F9105FAAC9406D138B
0FF5C116941D82812811043416E68DA37FFF7766ADFC6FB337A1D800046B21F9105FAAC9406D338C
0FF60316942082813011041416E6A2A37FFF7756ADFC6FB337F1DA00046C21F9105FAAC9406D338D
0FF64516941D8281301103FA16E6B7A37FFF7756ADFC6FB337F1DC00046B21F9105FAAC9406D238E
0FF69916941B8281281103E216E6C7A37FFF7756ACFC6FB337F1DD00046B21F9105FAAC9406D238F
0FF6E616941F8281301103C416E6D1A37FFF7746ACFC6FB337F1DD00046B21F9105FAAC9406D3390
0FF72316941D8281281103B416E6E1A36FFF7736ADFC6FB337F1DD00046C21F9105FAAC9406D3391
0FF7391694268281281103A116E6FBA36FFF7736ACFC6FB337F1DC00046C21F9105FAAC9406D3392
0FF72B16943682813011038D16E6F6A36FFF7736ADFC6FB337F1DB00046C21F9105FAAC9406D3393
0FF6FF16943682812811037616E710A35FFF7726ADFC6FB32461DB00046C21F9105FAAC9406D3394
0FF6B916944782812811036316E70AA35FFF7716ADFC7FB30691DD00046C21F9105FAAC9406D2395
0FF65E16944B82812811035716E71AA34FFF7716ADFC7FB30001E000046B21F9105FAAC9406D2396
0FF57C16944A82812811034416E725A34FFF7706ADFC7FB30001E300046C21F9105FAAC9406D3397
0FF52916944982812811033016E729A33FFF7706ADFC7FB30001E400046C21F9105FAAC9406D3398
0FF53816944982812111032D16E72AA33FFF76F6ACFC7FB30031E300046C21F9105FAAC9406D1399
0FF4FE16944982812811031D16E734A33FFF76E6ADFC7FB30031E200046C21F9105FAAC9406D339A
0FF4EB16944C82812811031516E734A32FFF76E6ADFC7FB30021E000046C21F9105FAAC9406D239B
0FF4FE16945782812111030616E729A32FFF76D6ACFC7FB30021DE00046C21F9105FAAC9406D239C
0FF42E16945D82810B11030216E725A31FFF76D6ACFC7FB30021DE00046C21F9105FAAC9406D339D
0FF3E616945A8281341102FA16E725A31FFF76C6ADFC7FB30021E000046C21F9105FAAC9406D339E
0FF3991694558281301102F216E71AA30FFF76B6ADFC7FB30021E000046C21F9105FAAC9406D239F
0FF38416944C8281211102EB16E715A31FFF76B6ADFC7FB30021DE00046C21F9105FAAC9406D33A0
0FF3751694498281281102E316E705A30FFF76A6ADFC7FB30021DE00046D21F9105FAAC9406D33A1
0FF39516944C8281211102E316E6F6A2FFFF7696ADFC7FB30011DE00046D21F9105FAAC9406D33A2
0FF3921694528281211102EA16E6EBA2FFFF7696ACFC7FB30011DE00046C21F9105FAAC9406D23A3
0FF3A816944882812811030A16E6D7A2FFFF7686ADFC7FB30011DB00046C21F9105FAAC9406D33A4
0FF46916943D82811A11032C16E6C7A2FFFF7676ADFC7FB30021D700046C21F9105FAAC9406D13A5
0FF4F316943682812811035B16E6B2A2EFFF7666ACFC7FB30011D400046C21F9105FAAC9406D23A6
0FF54A16943482812111039116E698A2EFFF7656ACFC7FB30011D400046C21F9105FAAC9406D13A7
0FF5DF1694318281211103C016E67EA2EFFF7656ACFC7FB30021D500046D21F9105FAAC9406D13A8
0FF66916942982812111040116E65FA2DFFF7646ADFC7FB30021D600046D21F9105FAAC9406D33A9
0FF70916942982812111043416E635A2DFFF7646ADFC7FB30021D600046C21F9105FAAC9406D33AA
0FF78C16942382812111046916E610A2DFFF7636ADFC7FB30031D300046C21F9105FAAC9406D23AB
0FF7AD16942382812111049B16E5E1A2DFFF7636ADFC7FB30021D100046C21F9105FAAC9406D23AC
0FF7D51694228281211104C016E5CCA2DFFF7626ACFC7FB40021D100046C21F9105FAAC9406D13AD
0FF8621694208281211104E516E5B9A2DFFF7626ACFC7FB40021D100046D21F9105FAAC9406D13AE
0FF8D416941D8281211104FE16E5BDA2DFFF7626ADFC7FB40011D100046D21F9105FAAC9406D33AF
0FF92416941882812111051B16E5B8A2DFFF7626ADFC7FB40011D200046D21F9105FAAC9406D33B0
0FF95816941982812111053516E5B2A2DFFF7626ACFC7FB40021D300046D21F9105FAAC9406D23B1
0FF97F16941B82810B11054916E5C3A2DFFF7626ADFC7FB40011D400046C21F9105FAAC9406D33B2
0FF9A416941B82813411055416E5D2A2DFFF7616ADFC7FB40021D500046D21F9105FAAC9406D33B3
0FF9E516941382811A11056416E5ECA2DFFF7616ACFC7FB40021D500046C21F9105FAAC9406D33B4
0FFA0A16941082812111056B16E625A2DFFF7616ADFC7FB40021D500046C21F9105FAAC9406D33B5
0FFA1116941482812111057016E64FA2DFFF7606ACFC7FB40011D600046C21F9105FAAC9406D33B6
0FFA4416941682812111057C16E67EA2DFFF7606ADFC7FB40021D900046D21F9105FAAC9406D23B7
0FFA7E16941682812111057B16E6B2A2DFFF75F6ACFC7FB40021D900046D21F9105FAAC9406D33B8
0FFAC016941282812111057816E6E6A2DFFF75F6ADFC7FB40021DD00046D21F9105FAAC9406D33B9
0FFAF916941082812111057F16E715A2DFFF75E6ADFC7FB40011DD00046D21F9105FAAC9406D23BA
0FFB2316941482812111057C16E71AA2DFFF75D6ACFC7FB40011DC00046C21F9105FAAC9406D23BB
0FFB5416941382812111057B16E70BA2DFFF75D6ACFC7FB40011DB00046D21F9105FAAC9406D23BC
0FFB8516941482812111057F16E6E6A2DFFF75C6ACFC7FB40021DC00046D21F9105FAAC9406D23BD
0FFBC316941682812111057716E6B7A2DFFF75B6ACFC7FB40021DC00046C21F9105FAAC9406D23BE
0FFBE816940E82812111057C16E693A2DFFF75B6ACFC7FB40021DB00046C21F9105FAACA416D33BF
0FFC0516941782812111057C16E673A2DFFF75A6ADFC7FB40021D900046C21F9105FAACA406D23C0
0FFBF716941B82812111058216E664A2DFFF7596ADFC7FB40011D700046C21F9105FAACA406D23C1
0FFBD216941882812111058716E64FA2DFFF7596ADFC7FB40011D500046C21F9105FAACA406D33C2
0FFBE516941982812111059E16E64AA2DFFF7596ACFC7FB40031D400046C21F9105FAACA406D23C3
0FFC0116941E8281211105C116E64AA2DFFF7596ADFC7FB419D1D500046C21F9105FAACA406D33C4
0FFBF71694208281281105F316E64AA2DFFF7596ACFC8FB46611D800046C21F9105FAACA406D33C5
0FFBE016942082812111061E16E654A2DFFF75A6ADFC8FB48311DA00046C21F9105FAACA406D33C6
0FFB9816942782812111064516E67EA2CFFF75A6ADFC8FB483F1DB00046C21F9105FAACA406D23C7
0FFB3816942E82812511067B16E6C7A2CFFF75B6ACFC8FB480B1DC00046C21F9105FAACA406D23C8
0FFAEE1694378281211106DB16E71AA2CFFF75B6ACFC8FB47F71DB00046C21F9105FAACA406D33C9
0FFAC416943A82812811072116E778A2CFFF75C6ADFC8FB47F71D900046C21F9105FAACA406D33CA
0FFA9316943682812811074916E7BBA2CFFF75D6ADFC8FB47F91D800046C21F9105FAACA406D33CB
0FFA8D16943882812111077616E7FBA2BFFF75D6ACFC8FB47FA1D900046C21F9105FAACA406D23CC
0FFABF16943682812811079716E82AA2BFFF75F6ACFC8FB47FA1DA00046C21F9105FAACA406D23CD
0FFADD1694408281211107A416E84CA2BFFF75F6ADFC8FB47FA1D800046C21F9105FAACA406D13CE
0FFB0016944F8281301107BC16E88DA2BFFF7606ACFC8FB47FA1D500046C21F9105FAACA406D13CF
0FFB4E1694508281211107BE16E8B1A2AFFF7606ACFC8FB47FA1D600046B21F9105FAACA406D23D0
0FFBA01694478281281107CB16E8E3A2AFFF7616ADFC8FB47FA1D800046C21F9105FAACA406D33D1
0FFC131694388281281107D316E91AA2AFFF7616ACFC8FB45B91D700046C21F9105FAACA406D23D2
0FFC8116942D8281281107DD16E949A29FFF7616ACFC8FB42551D500046C21F9105FAACA406D13D3
0FFC8416943682813011082016E975A29FFF7616ACFC8FB415B1D400046B21F9105FAACA406D33D4
0FFCA516943782812811087916E9A2A28FFF7626ADFC8FB416E1D200046B21F9105FAACA406D33D5
0FFC971694388281281108BF16E9C8A28FFF7626ACFC8FB41931D100046B21F9105FAACA406D23D6
0FFBC41694458281301108ED16EA00A27FFF7636ADFC8FB419D1D300046B21F9105FAACA406D23D7
0FFB7A16945082812811089816EA2FA27FFF7636ADFC8FB419C1D300046B21F9105FAACA406D33D8
0FFABF16944C82813011085A16EA5AA26FFF7636ACFC8FB419B1D300046B21F9105FAACA406D33D9
0FFA4F16945082813011087C16EA8DA26FFF7646ACFC8FB419B1D300046B21F9105FAACA406D13DA
0FFA391694508281301108D616EAB7A25FFF7646ADFC8FB419B1D300046A21F9105FAACA406D33DB
0FF9E91694528281121108E516EAEBA25FFF7646ACFC8FB40D01D400046A21F9105FAACA406D33DC
0FF9DE16945382814A11079B16EB1AA24FFF7646ACFC7FB20181D500046A21F9105FAACA406D13DD
0FF9FF1694568281301105F716EB34A23FFF7646ACFC7FB10001D500046A21F9105FAACA406D23DE
0FFA111694648281301104C016EB54A23FFF7646ADFC7FB10001D600046A21F9105FAACA406D13DF
0FFA0A1694658281371103AC16EB6DA22FFF7646ACFC7FB10011D700046A21F9105FAACA406D33E0
0FF9BE16946682813011021516EB88A21FFF7646ADFC7FB10031D600046A21F9105FAACA406D33E1
0FF91616946582813711001A16EBA7A21FFF7656ACFC7FB10021D600046A21F9105FAACA406D33E2
0FF87816946A82813010FF1216EBB6A1FFFF7656ADFC7FB10021D900046A21F9105FAACA406D33E3
0FF78216948082813010FE3916EBBCA1FFFF7656ADFC7FB10021D800046A21F9105FAACA406D23E4
0FF54616949682813F10FCF016EBCBA1EFFF7656ADFC7FB10021D500046B21F9105FAACA406D33E5
0FF3721694AE82813010FB4616EBCBA1EFFF7656ACFC7FB10021D200046A21F9105FAACA406D23E6
0FF3791694AE82813710FA6216EBC6A1DFFF7656ACFC7FB10031D200046A21F9105FAACA406D23E7
0FF32F1694AB82813710FA4B16EBCBA1DFFF7656ACFC7FB10021D500046A21F9105FAACA406D13E8
0FF1421694A882813F10FA3416EBB1A1CFFF7656ACFC7FB10021DA00046921F9105FAACA406D23E9
0FF13B16949E82813710F9DF16EB9CA1BFFF7656ACFC7FB10011E500046A21F9105FAACA406D33EA
0FF17C16949E82813710F99D16EB82A1AFFF7656ACFC7FB10021EE00046A21F9105FAACA406D33EB
0FF1DB16949D82813F10F95716EB5EA1AFFF7656ADFC7FB10011EF00046921F9105FAACA406D33EC
0FF15C1694A282813710F90616EB34A19FFF7656ACFC7FB10021E900046A21F9105FAACA406D33ED
0FF0411694B182813F10F8B116EAF1A19FFF7656ACFC7FB10021E500046A21F9105FAACA406D23EE
0FEF261694B882813010F83216EAACA18FFF7656ACFC7FB10021E100046A21F9105FAACA406D33EF
0FEE0B1694B782814A10F73B16EA55A18FFF7646ACFC7FB10021E100046A21F9105FAACA406D33F0
0FEDCA1694AE82813F10F64F16E9F5A17FFF7646ACFC7FB10011E100046921F9105FAACA406D23F1
0FEE041694A382813F10F59616E99EA17FFF7646ACFC7FB10011DF00046A21F9105FAACA406D23F2
0FEED616948E82813F10F51E16E944A16FFF7646ACFC7FB10021DF00046A21F9105FAACA406D33F3
0FF02016947B82813F10F4DD16E8EBA15FFF7646ACFC7FB10021E100046921F9105FAACA406D33F4
0FF0FD16946C82813F10F4D416E87BA15FFF7636ACFC6FB20021E100046A21F9105FAACA406D23F5
0FF1D716946582814610F54516E810A15FFF7636ACFC6FB40011DF00046A21F9105FAACA406D23F6
0FF2DD16945D82813F10F61916E79DA15FFF7636ACFC6FB40011DC00046A21F9105FAACA406D33F7
0FF30816945182814610F6EA16E724A14FFF7636ACFC6FB40011DC00046921F9105FAACA406D33F8
0FF38B16944782813F10F79716E6B2A14FFF7636ACFC6FB40021DB00046921F9105FAACA406D13F9
0FF4E116943882814610F86016E64FA14FFF7636ACFC6FB40021D700046921F9105FAACA406D23FA
0FF5A516943882814610F95316E5F1A14FFF7636ACFC6FB40021D300046921F9105FAACA406D33FB
0FF5F716943682813F10F94816E5B3A14FFF7636ACFC6FB40021D100046921F9105FAACA406D33FC
0FF5A116944482814610F92116E57EA14FFF7626ACFC6FB40021CF00046A21F9105FAACA406D33FD
0FF50116945982814610F9F216E545A14FFF7626ACFC6FB40011CE00046A21F9105FAACA406D33FE
0FF34D16946982814610FB5116E4FCA13FFF7626ACFC6FB40021CD00046921F9105FAACA406D33FF
0FF26116947882814610FCD516E4AEA13FFF7626ACFC6FB40021CE00046A21F9105FAACA406D3300
0FF27E16947F82814E10FDDC16E477A14FFF7626ACFC6FB40021CD00046A21F9105FAACA406D2301
0FF1ED16948982814610FE5F16E455A13FFF7636ACFC6FB40011CC00046921F9105FAACA406D3302
0FF11E16948C82814A10FEB316E455A13FFF7636ACFC6FB40021CF00046A21F9105FAACA406D3303
0FF07016948C82814610FF2516E484A14FFF7646ACFC6FB40011D000046A21F9105FAACA406D3304
0FF07E16948182814610FF9116E4CDA14FFF7656ACFC6FB40011D000046A21F9105FAACA406D2305
0FF10516948B82814611001616E512A14FFF7656ACFC6FB40021CF00046921F9105FAACA406D2306
0FF08D16949482814E1100C716E54AA14FFF7666ACFC6FB40021CC00046A21F9105FAAC9416D2307
0FEEEC16949D82814611018D16E56FA14FFF7666ACFC6FB40021CB00046A21F9105FAAC9406D3308
0FEE1D1694A082814E11025116E56FA14FFF7676ACFC6FB40011CB00046921F9105FAAC9406D3309
0FEE2C1694A08281461102E716E565A15FFF7686ACFC6FB40021CD00046A21F9105FAAC9406D330A
0FEE9D1694A182814E11036A16E55FA15FFF7696ACFC6FB40021CF00046A21F9105FAAC9406D330B
0FEEC41694A18281461103CF16E55AA15FFF7696ACFC6FB40021D100046A21F9105FAAC9406D330C
0FEF0916949D82814E11041416E55FA15FFF76A6ACFC6FB30021D100046A21F9105FAAC9406D330D
0FEF3F1694A282814E11044816E569A15FFF76A6ACFC6FB20011D200046921F9105FAAC9406D230E
0FEEFA1694AD82814611046916E556A16FFF76B6ACFC6FB20021D400046A21F9105FAAC9406D330F
0FEE5F1694AD82814E11047A16E545A16FFF76B6ACFC6FB20011D400046A21F9105FAAC9406D3310
0FED851694AE82814E11048416E545A17FFF76C6ACFC6FB20021D500046A21F9105FAAC9406D2311
0FECFC1694B882814611048616E545A17FFF76C6ACFC6FB20011D300046B21F9105FAAC9406D3312
0FECBE1694C582814E11048816E556A17FFF76D6ACFC6FB20021D000046A21F9105FAAC9406D3313
0FEC471694C682814E11048A16E579A17FFF76D6ACFC6FB20011D000046A21F9105FAAC9406D3314
0FEBCF1694C182814611048816E593A18FFF76D6ACFC6FB20011D100046A21F9105FAAC9406D2315
0FEC031694B482815211048216E5B2A19FFF76D6ACFC6FB20021D100046A21F9105FAAC9406D3316
0FEBDE1694B782814611047D16E5C7A19FFF76C6ACFC6FB20031D100046A21F9105FAAC9406D3317
0FEC0D1694A782814E11047E16E5E7A19FFF76C6ACFC6FB20261CE00046A21F9105FAAC9406D3318
0FED401694A082814E11047116E5ECA19FFF76C6ACFC6FB209A1CE00046B21F9105FAAC9406D3319
0FEE1D16949E82814611046B16E5FBA1AFFF76B6ACFC6FB20C71CE00046B21F9105FAAC9406D231A
0FEE331694AB82814E11046916E601A1BFFF76A6ACFC6FB20C91D000046B21F9105FAAC9406D331B
0FEDC31694B782814611046316E616A1BFFF76A6ACFC6FB20C41D300046B21F9105FAAC9406D331C
0FEC931694C182814E11045E16E620A1BFFF7696ACFC6FB20C21D500046B21F9105FAAC9406D331D
0FEAF91694D782814611045E16E62AA1CFFF7686ACFC6FB20C21D900046B21F9105FAAC9406D231E
0FE9EA1694E982814E11045716E63FA1CFFF7676ACFC6FB20C31DE00046B21F9105FAAC9406D331F
0FE8B31694F082814611045616E64AA1DFFF7666ACFC6FB20C31DF00046B21F9105FAAC9406D2320
0FE62C16950A82814E11045016E659A1DFFF7656ACFC6FB20C21DC00046C21F9105FAAC9406D3321
0FE55116951582814611044E16E664A1DFFF7646ACFC6FB20C21DB00046B21F9105FAAC9406D3322
0FE4FF16950F82814611044816E66EA1EFFF7636ACFC6FB20C31DB00046C21F9105FAAC9406D3323
0FE33F16950F82814611044316E67EA1EFFF7626ACFC6FB207D1D800046C21F9105FAAC9406D3324
0FE18016951482814611044016E683A1FFFF7616ACFC6FB30171D500046C21F9105FAAC9406D3325
0FE0C116951682814611043716E698A1FFFF7616ACFC7FB40001D300046C21F9105FAAC9406D3326
0FE02016950B82814611043816E6A2A1FFFF7606ACFC7FB50001D300046D21F9105FAAC9406D2327
0FDF8516950082814A11042B16E6B2A20FFF7606ACFC7FB50011D600046D21F9105FAAC9406D3328
0FDF4F1694FA82813F11042516E6C7A20FFF7606ACFC7FB50021D900046C21F9105FAAC9406D3329
0FDF181694E582814611042016E6DCA20FFF7606ACFC7FB50021DC00046D21F9105FAAC9406D232A
0FDEE21694DB82814611041916E6F0A21FFF7616ACFC7FB50021DF00046D21F9105FAAC9406D232B
0FDEE31694D682814611041016E6FBA21FFF7616ACFC7FB50021DF00046D21F9105FAAC9406D332C
0FDEE91694D082813F11040E16E710A21FFF7626ACFC7FB50021DD00046D21F9105FAAC9406D332D
0FDE841694DD82814611040516E71FA21FFF7636ACFC7FB50011DC00046D21F9105FAAC9406D332E
0FDE261694E082813F1103F616E72FA22FFF7636ACFC7FB50021DB00046E21F9105FAAC9406D332F
0FDE701694C782813F1103EA16E73FA22FFF7646ACFC7FB50021D800046E21F9105FAAC9406D3330
0FDED31694AA82814611037A16E74EA23FFF7656ACFC7FB50011D500046E21F9105FAAC9406D3331
0FDF0A16949D82813F11020716E759A23FFF7656ACFC7FB50011D400046E21F9105FAAC9406D3332
0FDF1516949E82813F11008616E763A24FFF7666ACFC7FB50021D300046F21F9105FAAC9406D2333
0FDF181694A382813F10FF9516E76EA24FFF7676ACFC7FB50021D400046F21F9105FAAC9406D3334
0FDF0D1694A282813710FEA116E777A24FFF7676ACFC7FB50021D500046F21F9105FAAC9406D3335
0FDF0616949D82813F10FD0416E783A25FFF7686ACFC7FB50011D400046F21F9105FAAC9406D3336
0FDEF116949B82813F10FB9716E783A25FFF7686ACFC7FB50021D200047021F9105FAAC9406D3337
0FDED01694A082813710FAC316E787A25FFF7686ACFC7FB50021D000047021F9105FAAC9406D3338
0FDEE216949D82813F10FAA016E788A26FFF7696ACFC7FB50021D000047021F9105FAAC9406D3339
0FDF0016949082813710FAE916E788A26FFF7696ADFC7FB50011CF00047021F9105FAAC9406D333A
0FDF4716948C82812810FBA316E782A27FFF7696ACFC7FB50021CF00047121F9105FAAC9406D333B
0FDF4716948C82814A10FC2D16E783A27FFF7696ACFC7FB50021D100047121F9105FAAC9406D333C
0FDF4416948982813710FBB216E77EA27FFF7696ACFC7FB50011D100047221F9105FAAC9406D333D
0FDF6416948782813710FADA16E782A28FFF7696ACFC7FB30011D100047221F9105FAAC9406D333E
0FDF8116948182813710FA4316E763A28FFF7696ACFC7FB20021D100047221F9105FAAC9406D333F
0FDF8816947D82813010F9FD16E778A28FFF7696ACFC7FB20011D100047221F9105FAAC9406D3340
0FDF9E16947C82813710F9BC16E76DA29FFF7696ACFC7FB20021D000047221F9105FAAC9406D3341
0FDFB716947C82813710F95F16E75EA29FFF7696ACFC7FB20011D000047321F9105FAAC9406D3342
0FDFFC16947582813010F92D16E759A29FFF7696ACFC7FB20021D000047321F9105FAAC9406D2343
0FE03116947582813710F90A16E754A29FFF7696ACFC7FB20021D200047421F9105FAAC9406D3344
0FE0C016946082812810F8A216E749A2AFFF7696ACFC7FB20021D300047421F9105FAAC9406D3345
0FE13B16946182813710F83216E73AA2AFFF7696ACFC7FB20021D100047521F9105FAAC9406D3346
0FE2B616944982813010F7F416E72FA2BFFF7696ACFC7FB20021D000047421F9105FAAC9406D3347
0FE70616941182812810F7D116E729A2BFFF7696ACFC7FB20021CF00047521F9105FAAC9406D3348
0FEC441693EA82813010F7AE16E715A2BFFF7696ACFC7FB20021CE00047521F9105FAAC9406D3349
0FEF051693EE82813010F79316E710A2CFFF7686ACFC7FB20011CD00047521F9105FAAC9406D334A
0FF03616940482813010F76116E70AA2CFFF7686ACFC7FB20021CB00047621F9105FAAC9406D334B
0FF0F616941B82812810F6FD16E700A2CFFF7686ACFC7FB20011CB00047621F9105FAAC9406D134C
0FF17516942182813010F68516E6FBA2DFFF7686ACFC7FB20021CC00047721F9105FAAC9406D334D
0FF1B716942782812810F61116E6EBA2DFFF7686ACFC7FB20011CC00047721F9105FAAC9406D334E
0FF1A216942D82812110F5CC16E6E6A2DFFF7676ACFC7FB20021CC00047721F9105FAACA416D334F
0FF16A16943782813410F5A516E6E6A2DFFF7676ACFC7FB20011CB00047721F9105FAACA406D3350
0FF1AC16943282812810F59A16E6D7A2DFFF7676ACFC7FB20011CC00047821F9105FAACA406D3351
0FF1A816943B82812810F58E16E6D6A2DFFF7666ADFC7FB20021CE00047821F9105FAACA406D3352
0FF13F16944682812810F58616E6D7A2EFFF7666ACFC7FB20031D000047921F9105FAACA406D3353
0FF0FA16945082812810F57F16E6CCA2EFFF7666ADFC7FB20021D000047921F9105FAACA406D3354
0FF00016945382812810F57F16E6CCA2EFFF7656ACFC7FB20021D000047A21F9105FAACA406D3355
0FEF4A16945682812110F58316E6CCA2FFFF7656ACFC8FB30011D000047A21F9105FAACA406D3356
0FF05A16944682812810F57316E6C7A2FFFF7656ACFC8FB50021D100047B21F9105FAACA406D3357
0FF1C516943F82812810F56416E6C2A2FFFF7646ADFC8FB50021D300047B21F9105FAACA406D3358
0FF31A16943482812810F55416E6C1A2FFFF7646ACFC8FB50011D300047B21F9105FAACA406D3359
0FF44816943082812110F52A16E6BCA2FFFF7646ACFC8FB50021D200047C21F9105FAACA406D335A
0FF50C16943782812810F50F16E6CCA2FFFF7636ACFC8FB50021D300047D21F9105FAACA406D335B
0FF52D16944182812110F50616E6C2A31FFF7636ACFC8FB50021D300047D21F9105FAACA406D335C
0FF4F316944782812110F51316E6CCA30FFF7626ACFC8FB50011D300047D21F9105FAACA406D335D
0FF4A616944C82812110F53916E6D7A31FFF7626ACFC8FB50021D200047D21F9105FAACA406D335E
0FF3FC16944B82812810F57F16E6DCA31FFF7626ACFC8FB50021D000047D21F9105FAACA406D335F
0FF33416945082812110F5F616E6E1A31FFF7626ACFC8FB55651CD00047E21F9105FAACA406D3360
0FF25A16945082812110F64F16E6F1A31FFF7626ACFC8FB5DFF1CF00047F21F9105FAACA406D3361
0FF26C16944E82812810F68916E6F6A31FFF7626ACFC8FB5FFF1D100047F21F9105FAACA406D3362
0FF1E616945182812110F6C316E705A31FFF7626ACFC8FB5FFF1D300048021F9105FAACA406D3363
0FEE6216946682811210F6EA16E71AA31FFF7616ACFC8FB5FFF1D500048021F9105FAACA406D3364
0FEB1616947482813410F71816E720A32FFF7616ACFC8FB5FE81D500048021F9105FAACA406D3365
0FEACB16948082812110F73E16E72FA32FFF7616ACFC8FB5FEA1D400048121F9105FAACA406D3366
0FEBF316948282812110F75D16E72FA32FFF7616ACFC8FB5FED1D100048121F9105FAACA406D3367
0FEB9216948D82812810F77116E74FA32FFF7616ADFC8FB5FEF1CD00048221F9105FAACA406D3368
0FEB3B16948582812110F78016E75EA32FFF7616ACFC8FB5FEF1CA00048221F9105FAACA406D3369
0FEA6F16948582812110F78416E772A33FFF7616ACFC8FB5FEF1C900048221F9105FAACA406D336A
0FE91116948382812810F77116E78DA33FFF7616ADFC8FB5FEE1CC00048321F9105FAACA406D336B
0FE7E616948682812110F76D16E798A33FFF7626ADFC8FB59D31CE00048321F9105FAACA406D336C
0FE72E16948E82812810F76116E7BCA33FFF7626ACFC8FB519B1CF00048421F9105FAACA406D336D
0FE67516949482812110F74E16E7D0A33FFF7626ACFC8FB40001D500048421F9105FAACA406D336E
0FE5991694A182812810F73716E7EBA33FFF7626ACFC8FB20001EB00048421F9105FAACA406D336F
0FE5401694AD82812110F71E16E805A34FFF7636ACFC8FB20001F700048521F9105FAACA406D3370
0FE53B1694B782812810F71816E80EA34FFF7636ACFC8FB20091F500048521F9105FAACA406D3371
0FE4BE1694C582812110F6FD16E810A34FFF7636ACFC8FB20061ED00048621F9105FAACA406D3372
0FE4751694D182812810F6F116E800A34FFF7636ACFC8FB20031E800048621F9105FAACA406D2373
0FE4DB1694CE82812810F6ED16E7FFA34FFF7646ACFC8FB20021E600048621F9105FAACA406D3374
0FE4DA1694CD82812810F6ED16E7E6A34FFF7646ACFC8FB20021E300048721F9105FAACA406D3375
0FE4DE1694BF82812810F6E616E7E6A34FFF7656ACFC8FB20021DF00048721F9105FAACA406D3376
0FE5DE1694AF82812110F6EA16E7DFA34FFF7656ADFC8FB20021DB00048721F9105FAACA406D3377
0FE6F41694A382812810F6D616E7E6A34FFF7656ACFC8FB20021D600048821F9105FAACA406D3378
0FE69D1694AF82811210F6CF16E7F0A34FFF7666ADFC8FB20021D200048821F9105FAACA406D3379
0FE5581694C082814310F6D616E809A34FFF7666ACFC8FB20011CF00048821F9105FAACA406D337A
0FE4B31694CD82812810F71416E815A35FFF7676ACFC8FB20021CE00048821F9105FAACA406D337B
0FE4101694CB82812810F71416E82FA35FFF7676ACFC8FB20021CD00048921F9105FAACA406D337C
0FE3001694C982813010F6ED16E847A34FFF7686ACFC8FB20021CD00048921F9105FAACA406D337D
0FE2381694C982812810F6CB16E86EA34FFF7686ACFC8FB20021CE00048A21F9105FAACA406D337E
0FE1E91694CC82813010F6C316E88BA34FFF7696ACFC8FB20011CF00048921F9105FAACA406D337F
0FE1EC1694CB82812810F6A816E8A7A34FFF7696ACFC8FB20011D100048A21F9105FAACA406D2380
0FE1EC1694CC82813010F64B16E8CCA34FFF76A6ACFC8FB20021D100048B21F9105FAACA406D3381
0FE1F71694CB82813010F61116E8E8A34FFF76A6ACFC8FB20021D100048B21F9105FAACA406D3382
0FE22D1694CA82813010F61516E90FA34FFF76B6ADFC8FB20031D000048B21F9105FAACA406D3383
0FE2B41694C282812810F61E16E934A34FFF76B6ACFC8FB20021CF00048B21F9105FAACA406D3384
0FE35C1694C682813010F61516E956A34FFF76C6ACFC8FB20021CF00048C21F9105FAACA406D3385
0FE40C1694C282813010F60216E988A33FFF76C6ACFC8FB30021D000048C21F9105FAACA406D3386
0FE41B1694B882813710F5D416E9A4A33FFF76D6ACFC7FB40011D000048C21F9105FAACA406D3387
0FE3E01694BC82813010F5C016E9CBA33FFF76D6ACFC7FB50011D100048D21F9105FAACA406D3388
0FE3B91694B882813010F59A16E9E6A32FFF76D6ACFC7FB50021D400048D21F9105FAACA406D3389
0FE3EF1694B582813010F56816E9F7A32FFF76E6ACFC7FB50021D700048E21F9105FAACA406D338A
0FE45C1694B682813710F4D116EA0AA32FFF76E6ACFC7FB50021D900048E21F9105FAACA406D338B
0FE4381694AE82813010F45A16EA07A31FFF76E6ACFC7FB50021D700048F21F9105FAACA406D338C
0FE3B61694A382813010F3D816EA0FA31FFF76E6ADFC7FB50011D700048E21F9105FAACA406D338D
0FE3691694A082813B10F35F16EA05A30FFF76F6ACFC7FB50021D900048F21F9105FAACA406D338E
0FE4951694A082813010F2FF16EA01A31FFF76F6ACFC7FB50021D700049021F9105FAACA406D338F
0FE5E71694A382813710F29F16E9EBA30FFF76F6ACFC7FB50021D800049021F9105FAACA406D3390
0FE6791694A382813710F1C716E9CDA2EFFF76F6ACFC7FB50021D900049021F9105FAACA406D3391
0FE6A41694A182813710F0ED16E9ACA2FFFF76E6ACFC7FB50021DA00049021F9105FAACA406D3392
0FE6AF1694A882813710F07416E97FA2EFFF76E6ACFC7FB50021DA00049021F9105FAACA406D3393
0FE6961694A782813710F03716E949A2DFFF76E6ACFC7FB50021D700049121F9105FAACA406D3394
0FE6491694A582813710F02716E915A2DFFF76E6ACFC7FB50011D500049121F9105FAACA406D3395
0FE6261694A982813710F05216E8D4A2DFFF76D6ACFC7FB50021D300049221F9105FAACA406D3396
0FE5E41694A382813710F03316E89DA2CFFF76D6ACFC7FB50021D500049221F9105FAACA406D3397
0FE5F016949A82813710F01016E859A2BFFF76D6ACFC7FB50021DB00049221F9105FAACA406D3398
0FE61016949382813710F00116E80EA2BFFF76C6ACFC7FB50021DD00049321F9105FAACA406D3399
0FE63416949182813F10F02016E7CCA2AFFF76C6ACFC7FB50011DA00049221F9105FAACA406D339A
0FE65C16948E82813710F05216E78DA2AFFF76B6ACFC7FB50031D500049321F9105FAACA406D339B
0FE6BA16948C82813710F08016E743A29FFF76C6ACFC7FB50021D700049321F9105FAACA406D339C
0FE6D716948982813710F0B216E6F1A29FFF76B6ACFC7FB50021D700049421F9105FAACA406D339D
0FE65C16948382813F10F0E916E69DA28FFF76B6ACFC7FB50021D500049421F9105FAACA406D339E
0FE58216948D82813710F11E16E654A28FFF76B6ACFC6FB50011D300049521F9105FAACA406D339F
0FE4DD16949C82813710F16316E611A27FFF76B6ACFC5FB50021D400049421F9105FAACA406D33A0
0FE4A816949982812110F1BC16E5DCA27FFF76B6ACFC5FB50011D600049521F9105FAACA406D33A1
0FE4C116949682815210F22216E5B2A27FFF76B6ACFC5FB50021D700049521F9105FAACA406D33A2
0FE50616949382813F10F28816E598A26FFF76B6ACFC5FB50021D600049621F9105FAACA406D33A3
0FE4BD16949C82813710F2F016E58AA26FFF76B6ACFC5FB50021DB00049721F9105FAACA406D33A4
0FE3CB1694A382813F10F35816E583A26FFF76B6ADFC5FB50021E200049621F9105FAACA406D33A5
0FE3541694AE82813710F3BC16E574A25FFF76B6ACFC5FB50011E300049721F9105FAACA406D33A6
0FE31D1694B182813710F43516E569A25FFF76C6ACFC5FB50021DF00049721F9105FAACA406D33A7
0FE3051694B082813F10F4B316E556A25FFF76C6ACFC5FB50021DA00049821F9105FAACA406D33A8
0FE2F11694A482813710F53D16E555A25FFF76D6ACFC5FB50021D600049821F9105FAACA406D33A9
0FE2A81694A382813710F5C416E54FA25FFF76D6ACFC5FB50021D500049821F9105FAACA406D33AA
0FE26F16949E82813F10F64016E55AA25FFF76E6ACFC5FB50021D500049921F9105FAACA406D33AB
0FE28F16949B82813710F6CB16E56FA25FFF76E6ACFC5FB50021D400049921F9105FAACA406D33AC
0FE30516949182813710F74A16E585A24FFF76F6ACFC5FB50011D300049A21F9105FAACA406D33AD
0FE35316948482813F10F78016E5A3A25FFF76F6ACFC5FB50021D200049A21F9105FAACA406D33AE
0FE3E116947A82813710F73B16E5D2A25FFF7706ACFC5FB50021D200049A21F9105FAACA406D23AF
0FE46316947082813710F6F116E601A25FFF7716ACFC5FB50021D100049A21F9105FAACA406D33B0
0FE49216947482813710F6EA16E62BA25FFF7716ACFC5FB50021D000049B21F9105FAACA406D33B1
0FE4B616947082813710F71C16E65FA25FFF7726ADFC5FB50011D300049B21F9105FAACA406D33B2
0FE57516945E82813710F76116E683A25FFF7726ACFC5FB50021D500049B21F9105FAACA406D33B3
0FE6DA16944682813F10F79F16E6ADA25FFF7736ACFC5FB50021D700049C21F9105FAACA406D33B4
0FE8E916943C82813410F7D916E6C7A25FFF7736ACFC5FB50021D700049C21F9105FAACA406D33B5
0FE9D116943682813710F80F16E6E1A25FFF7746ACFC5FB50011D500049C21F9105FAACA406D33B6
0FEA5316943C82813710F83216E6F1A26FFF7746ACFC6FB40021D400049C21F9105FAACA406D33B7
0FE9F516943C82813710F85816E700A26FFF7746ACFC7FB30021D300049C21F9105FAACA406D33B8
0FE8DB16944982813710F87316E705A26FFF7746ACFC7FB30021D300049D21F9105FAACA406D33B9
0FE7E216945D82813710F88E16E700A27FFF7756ADFC7FB30011D400049D21F9105FAACA406D33BA
0FE77616946B82813710F8A216E70FA27FFF7756ACFC7FB30021D500049E21F9105FAACA406D33BB
0FE62116947482813710F8B516E700A27FFF7756ACFC7FB30011D900049E21F9105FAACA406D33BC
0FE47916948682813710F8C816E70BA27FFF7756ACFC7FB30021D900049E21F9105FAACA406D33BD
0FE3151694A382813010F8E016E6FBA28FFF7746ACFC7FB30021D900049F21F9105FAACA406D33BE
0FE1961694BA82813710F8FB16E6F5A28FFF7756ACFC7FB30031D900049F21F9105FAACA406D33BF
0FE0611694C682813710F90E16E6F6A29FFF7746ADFC7FB30021DB0004A021F9105FAACA406D33C0
0FDFDC1694D182813010F92D16E6F6A29FFF7746ADFC7FB30021DB00049F21F9105FAACA406D33C1
0FDF9A1694CA82813710F95016E6EBA29FFF7746ACFC7FB30011D70004A021F9105FAACA406D33C2
0FDF851694B682813710F96E16E6EBA29FFF7746ADFC7FB30011D50004A021F9105FAACA406D33C3
0FDF641694A182813010F99116E6E6A2AFFF7746ADFC7FB30011D30004A021F9105FAACA406D33C4
0FDF8116949482813710F9B816E6E6A2BFFF7746ADFC7FB30021D30004A121F9105FAACA406D33C5
0FDFBE16948582813010F9D716E6DBA2BFFF7746ADFC7FB30021D30004A121F9105FAACA406D33C6
0FDFD816947A82813010F9F616E6E1A2CFFF7746ACFC7FB30021D10004A021F9105FAACA406D23C7
0FDFE316947E82813710FA1516E6E1A2CFFF7746ADFC7FB30021D10004A121F9105FAACA406D33C8
0FDFFB16947B82812D10FA3916E6DBA2DFFF7746ADFC7FB30021D10004A121F9105FAACA406D33C9
0FE00716947882813710FA4B16E6E1A2DFFF7746ADFC7FB30011D30004A221F9105FAACA406D33CA
0FE02B16946C82813010FA1C16E6E1A2DFFF7746ACFC7FB30021D30004A121F9105FAACA406D33CB
0FE04B16946882813010F9D716E6DCA2EFFF7746ADFC7FB30021D30004A221F9105FAACA406D33CC
0FE07B16946182813010F9C716E6E6A2EFFF7746ADFC7FB30571D20004A321F9105FAACA406D33CD
0FE0AF16946182813010F9E616E6E1A2FFFF7746ADFC7FB313D1D30004A221F9105FAACA406D33CE
0FE0B816946382813010FA0D16E6E6A2FFFF7746ADFC6FB31921D30004A321F9105FAACA406D33CF
0FE0C016946A82813010FA3016E6E6A2FFFF7746ADFC5FB41931D20004A321F9105FAACA406D33D0
0FE09616946A82813010FA2816E6F1A2FFFF7736ACFC5FB418A1D10004A321F9105FAACA406D33D1
0FE06916946B82813010F9DF16E6E1A31FFF7736ADFC5FB41861D20004A321F9105FAACA406D33D2
0FE05A16946D82813010F98216E6EBA31FFF7736ADFC5FB41871D10004A421F9105FAACA406D33D3
0FE04E16946A82813010F91D16E6E6A32FFF7736ADFC5FB41871CF0004A421F9105FAACA406D33D4
0FE04F16946882813010F89216E6E6A32FFF7726ADFC5FB41871CD0004A421F9105FAACA406D33D5
0FE05E16946282813010F81316E6EBA32FFF7716ADFC5FB41871CD0004A421F9105FAACA406D33D6
0FE06B16945A82812810F7AB16E6E6A33FFF7706ADFC5FB41871E10004A421F9105FAACA406D33D7
0FE07716945882813010F76116E6EBA33FFF76F6ADFC5FB41131F30004A421F9105FAACA406D33D8
0FE08616945182813010F72716E6F1A34FFF76E6ADFC5FB40391F10004A521F9105FAACA406D33D9
0FE0A516944E82812810F6D616E6E6A34FFF76D6ADFC5FB40001E80004A521F9105FAACA406D33DA
0FE0B816945182813010F67216E6E6A35FFF76D6ADFC5FB40001E10004A521F9105FAACA406D33DB
0FE0C716945382813010F60E16E6EBA35FFF76D6ADFC5FB40001DD0004A621F9105FAACA406D33DC
0FE0D016945882812D10F5BD16E6F1A35FFF76D6ADFC5FB40021DB0004A621F9105FAACA406D33DD
0FE0CE16945982812810F58A16E6F0A36FFF76D6ADFC5FB40021DA0004A621F9105FAACA406D33DE
0FE0A816946082813010F57716E6EBA37FFF76D6ADFC5FB40021DA0004A621F9105FAACA406D33DF
0FE08916946082813010F55416E6EBA37FFF76D6ADFC5FB40021DE0004A721F9105FAACA406D33E0
0FE08216946182813010F51E16E6EBA37FFF76D6ADFC5FB40011DD0004A721F9105FAACA406D33E1
0FE08B16946082812810F4F416E6EBA38FFF76D6ADFC5FB40021D90004A721F9105FAACA406D33E2
0FE0A316945782813010F4C116E6F1A39FFF76E6ADFC5FB40031D50004A721F9105FAACA406D33E3
0FE0B116945782812810F45A16E6EBA39FFF76E6ADFC5FB40021D00004A721F9105FAACA406D33E4
0FE0BE16945882813010F41116E6E6A3AFFF76F6ADFC5FB40021CF0004A721F9105FAACA406D33E5
0FE0C716946082812810F3EE16E6E1A3AFFF76F6ADFC5FB40011CF0004A721F9105FAACA406D33E6
0FE0E016946082813010F3E616E6EBA3AFFF76F6ADFC5FB40011CE0004A721F9105FAACA406D33E7
0FE0E216945E82813010F3D716E6E6A3BFFF7706ADFC3FB20011CE0004A821F9105FAACA406D33E8
0FE0B816945E82813010F3D416E6E1A3CFFF7716ADFC4FB20021CE0004A821F9105FAACA406D33E9
0FE0AC16945782813010F3DB16E6DCA3CFFF7716ADFC4FB20021D00004A821F9105FAACA406D33EA
0FE07B16945F82812810F3DB16E6DCA3DFFF7716ADFC4FB20011D10004A821F9105FAACA406D33EB
0FE07716946382813010F3E216E6DBA3DFFF7726ADFC3FB20011D20004A921F9105FAACA406D33EC
0FE09D16946082813010F3E616E6D7A3EFFF7726ADFC4FB20021D20004A921F9105FAACA406D33ED
0FE09F16946182813010F3DF16E6DCA3EFFF7726ADFC3FB20021D00004A921F9105FAACA406D33EE
0FE04816946382813010F3E016E6DCA3FFFF7726ADFC3FB20031CE0004A921F9105FAACA406D33EF
0FDFFF16946682813010F3E216E6D6A3FFFF7736ADFC4FB20021CD0004A921F9105FAACA406D33F0
0FE03216946582812D10F3DB16E6D1A3FFFF7736ADFC4FB20021CD0004A921F9105FAACA406D33F1
0FE08616946A82812810F3D316E6D7A40FFF7736ADFC4FB20011CD0004AA21F9105FAACA406D33F2
0FE05216947082813710F3CF16E6D6A41FFF7736ADFC3FB20011CE0004AA21F9105FAACA406D33F3
0FE06916946F82813010F3C716E6D7A41FFF7736ADFC3FB20021D00004AA21F9105FAACA406D33F4
0FE09B16947082813710F3C916E6D7A42FFF7736ADFC3FB20011D30004AB21F9105FAACA406D33F5
0FE0D716947582813010F3BC16E6D1A43FFF7736ADFC3FB20021D50004AA21F9105FAACA406D33F6
0FE14616947C82813010F3BC16E6D6A43FFF7736ADFC4FB20021D30004AB21F9105FAACA406D33F7
0FE14316947982813010F3B016E6CCA44FFF7736ADFC3FB20021D00004AB21F9105FAACA406D33F8
0FE0E416947A82813710F3A116E6C7A44FFF7736ADFC4FB20021CD0004AB21F9105FAACA406D33F9
0FE0B116947982813710F38716E6D1A45FFF7726ADFC3FB20021CD0004AB21F9105FAACA406D33FA
0FE0BE16947482813010F36316E6C7A45FFF7726ADFC3FB20021CC0004AB21F9105FAACA406D33FB
0FE13E16947982813010F34116E6CCA45FFF7726ADFC3FB20021CB0004AC21F9105FAACA406D33FC
0FE1AB16947582813710F32216E6C7A46FFF7716ADFC3FB20021CB0004AC21F9105FAACA406D33FD
0FE1B316947282813710F31216E6C1A47FFF7716ADFC3FB20011CC0004AC21F9105FAACA406D33FE
0FE1BA16947382813010F30316E6C7A47FFF7706ADFC3FB20011CB0004AC21F9105FAACA406D33FF
0FE1E916947282813710F2FB16E6C7A48FFF76F6ADFC6FB30011CA0004AD21F9105FAACA406D3300
0FE21016947282813710F2F316E6CCA48FFF76E6ADFC7FB40021CA0004AD21F9105FAACA406D3301
0FE24A16947282813710F2EC16E6CCA49FFF76D6ADFC7FB40021CB0004AD21F9105FAACA406D3302
0FE29316947282813710F2EC16E6CCA49FFF76D6ADFC7FB40021CB0004AD21F9105FAACA406D3303
0FE2EA16947282813010F2F316E6D1A4AFFF76B6ADFC7FB40011CD0004AE21F9105FAACA406D3304
0FE30216946F82813B10F2FF16E6D1A4BFFF76A6ADFC7FB40011CF0004AE21F9105FAACA406D3305
0FE30716947182813710F2F316E6D1A4BFFF76A6ADFC7FB40021CD0004AD21F9105FAACA406D3306
0FE32616947282813F10F2C116E6D7A4BFFF7696ADFC7FB40031CC0004AE21F9105FAACA406D3307
0FE33A16946F82813710F27016E6CCA4CFFF7676ADFC7FB40021CB0004AE21F9105FAACA406D3308
0FE32D1692CE82813710F1DE16E6CCA4DFFF7676ADFC7FB405C1CC0004AE21F9105FAACA406D3309
0FE30716931A82813710F17E16E6CCA4DFFF7666ADFC7FB40B31CD0004AE21F9105FAACA406D330A
0FE28716943782813F10F13C16E6C2A4DFFF7656ADFC7FB40C61D00004AF21F9105FAACA406D330B
0FE24E16948482813710F10C16E6BCA4EFFF7646AEFC7FB40C21D10004AF21F9105FAACA406D330C
0FE23C16948382813710F10316E6B7A4FFFF7636ADFC7FB40BF1D00004AF21F9105FAACA406D330D
0FE1E916948982813F10F11216E6B2A50FFF7626ADFC7FB40BE1CD0004AF21F9105FAACA406D330E
0FE17516948F82813710F12516E6A8A50FFF7616AEFC7FB40BE1C90004AF21F9105FAACA406D330F
0FE10916949482813F10F11F16E69DA51FFF7616AEFC7FB40BE1C70004AF21F9105FAACA406D3310
0FE0AA1694A182813F10F11A16E69DA51FFF7606AEFC7FB40BE1C80004AF21F9105FAACA406D3311
0FE0451694AA82813710F0E016E68DA52FFF75F6ADFC7FB40BF1CB0004AF21F9105FAACA406D3312
0FDFF81694A782813F10F0AF16E688A52FFF75E6AEFC7FB40BF1CD0004B021F9105FAACA406D3313
0FDFE31694A582813F10F07C16E683A53FFF75D6ADFC7FB40671CD0004B021F9105FAACA406D3314
0FDFD81694A582813F10F04E16E688A53FFF75D6AEFC7FB400E1CE0004B121F9105FAACA406D3315
0FDFD71694A982813710F05A16E67EA54FFF75C6AEFC7FB40001CE0004B021F9105FAACA406D3316
0FDFF51694A782813F10F08416E683A54FFF75B6AEFC7FB40001CE0004B021F9105FAACA406D3317
0FE0241694A982813710F0BA16E67EA55FFF75A6ADFC5FB50011CD0004B021F9105FAACA406D3318
0FE03C1694A182814310F0ED16E688A55FFF7596AEFC3FB50021CF0004B021F9105FAACA406D3319
0FDFEA16949F82813710F12516E68EA56FFF7596AEFC4FB50021D10004B121F9105FAACA406D331A
0FDF9A1694A382814610F18216E698A56FFF7586AEFC3FB50021D40004B121F9105FAACA406D331B
0FDF731694A582813710F1DE16E698A57FFF7576AEFC3FB50021D50004B121F9105FAACA406D331C
0FDF561694AD82813F10F24116E6A8A57FFF7576AEFC3FB50011D40004B121F9105FAACA406D331D
0FDF391694AD82813F10F29716E6ADA58FFF7576AEFC4FB50011D10004B021F9105FAACA406D331E
0FDF361694B282813F10F2E416E6ADA58FFF7576AEFC4FB50021D10004B121F9105FAACA406D331F
0FDF391694AB82813710F33516E6B2A59FFF7576AEFC4FB50021D30004B121F9105FAACA406D3320
0FDF681694AA82813F10F37E16E6C2A59FFF7576AEFC3FB50021D40004B121F9105FAACA406D3321
0FDFE21694B282813F10F3C116E6C7A5AFFF7576ADFC4FB50021D10004B121F9105FAACA406D3322
0FE0121694AE82813F10F40116E6D1A5AFFF7586AEFC3FB50011D00004B221F9105FAACA406D3323
0FDFD41694B282813F10F44E16E6D7A5BFFF7596AEFC3FB50021CF0004B121F9105FAACA406D3324
0FDFA51694B282813710F48C16E6D6A5CFFF7596AEFC3FB50011CF0004B221F9105FAACA406D3325
0FDFA51694B082813F10F4D116E6DCA5CFFF75A6AEFC3FB50021D30004B121F9105FAACA406D3326
0FDFD11694AD82813710F51716E6E6A5DFFF75A6AEFC4FB50021EC0004B121F9105FAACA406D3327
0FDFE31694AF82813F10F55416E6E6A5DFFF75B6AEFC4FB50022080004B121F9105FAACA406D3328
0FE0181694AD82813F10F59216E6F0A5DFFF75B6AEFC3FB50012080004B221F9105FAACA406D3329
0FDFE31694AE82813710F5D016E6F6A5EFFF75C6AEFC3FB50011FA0004B121F9105FAACA406D332A
0FDFB41694B382813F10F61116E6FBA5EFFF75D6AEFC3FB50021ED0004B221F9105FAACA406D332B
0FDFB01694B282813B10F64F16E705A5FFFF75D6AEFC3FB50021E50004B221F9105FAACA406D332C
0FDFCD1694AD82813710F68916E70BA5FFFF75D6AEFC4FB50021E50004B221F9105FAACA406D332D
0FE0031694AB82813710F6BF16E705A60FFF75D6AEFC3FB50011E30004B221F9105FAACA406D332E
0FE0031694AC82813F10F6F916E70AA61FFF75D6AEFC4FB50021DF0004B221F9105FAACA406D332F
0FDFA91694AB82813710F72F16E710A61FFF75D6AEFC4FB50021DB0004B221F9105FAACA406D3330
0FDF271694B282813710F76116E715A61FFF75D6AEFC5FB50021D90004B221F9105FAACA406D3331
0FDEDF1694B582813F10F79316E70BA62FFF75D6AEFC5FB50011D60004B121F9105FAACA406D3332
0FDEAC1694B282813010F7C616E70FA62FFF75D6AEFC5FB50011D40004B221F9105FAACA406D3333
0FDE841694AD82813F10F7F416E710A63FFF75D6AEFC5FB50011D20004B121F9105FAACA406D3334
0FDE5C1694AE82813710F81E16E700A63FFF75D6AEFC5FB50011D20004B221F9105FAACA406D3335
0FDE451694AD82813710F84916E70AA64FFF75D6AEFC5FB50021D20004B221F9105FAACA406D3336
0FDE311694AF82813710F86816E705A64FFF75C6AEFC5FB50031D20004B121F9105FAACA406D3337
0FDE291694AD82813010F86816E6FBA65FFF75C6AEFC5FB50021D10004B121F9105FAACA406D3338
0FDE241694AB82813710F83216E705A65FFF75C6AEFC5FB50021D20004B121F9105FAACA406D3339
0FDE2D1694A782813710F7BE16E6F5A65FFF75B6AEFC5FB50011D30004B121F9105FAACA406D333A
0FDE291694A582813010F76116E6F6A66FFF75B6AEFC5FB50021D40004B021F9105FAACA406D333B
0FDE1F1694A582813710F71816E6EBA66FFF75A6AEFC5FB50021D40004B021F9105FAACA406D333C
0FDE161694A382813710F6C316E6E6A67FFF7596AEFC5FB50021D30004B121F9105FAACA406D333D
0FDE101694A482813010F66E16E6DCA67FFF7596AEFC5FB50021D40004B121F9105FAACA406D333E
0FDE091694A282813710F62C16E6C7A67FFF7576AEFC5FB50011D50004B021F9105FAACA406D333F
0FDE141694A082812D10F60216E6C2A68FFF7566AEFC5FB50021D50004B021F9105FAACA406D3340
0FDE3A16949982813710F5E716E6ADA68FFF7556AEFC5FB50011D80004AF21F9105FAACA406D3341
0FDE6316948782813010F5D816E69DA68FFF7546AEFC5FB50021D90004B021F9105FAACA406D3342
0FDE7D16948182813010F5D416E68DA69FFF7536AEFC5FB50031DB0004AF21F9105FAACA406D3343
0FDE8016948D82813010F5B516E66EA69FFF7536AEFC5FB50021DA0004B021F9105FAACA406D3344
0FDE7B16949282813010F56C16E65FA69FFF7526AEFC5FB50021D70004B021F9105FAACA406D3345
0FDE6716949882813010F52A16E64FA6AFFF7526AEFC5FB50011D90004AF21F9105FAACA406D3346
0FDE5C16949482813010F4F416E63AA6AFFF7516AEFC5FB50021E50004AF21F9105FAACA406D3347
0FDE6E16948E82813010F4CA16E62BA6BFFF7516AEFC5FB40021E90004AF21F9105FAACA406D3348
0FDE9016948F82813010F4A716E61BA6BFFF7516AEFC6FAE0011E30004AE21F9105FAACA406D3349
0FDE7D16949482813010F49416E606A6BFFF7516AEFC7FAC0011DE0004AE21F9105FAACA406D334A
0FDE5C16949682812810F47716E5FBA6CFFF7526AEFC7FAC0021DB0004AE21F9105FAACA406D334B
0FDE3F16949D82813010F46516E5FCA6CFFF7526AEFC7FAC0021D90004AE21F9105FAACA406D334C
0FDE3616949D82812810F44316E5F6A6DFFF7536AEFC7FAC0011D70004AD21F9105FAACA406D334D
0FDE3116949E82813010F3C016E5F1A6DFFF7536AEFC7FAC0021D80004AD21F9105FAACA406D334E
0FDE261694A082812810F32D16E601A6DFFF7546AEFC7FAC0031D70004AD21F9105FAACA406D334F
0FDE2416949D82813010F2B616E60CA6DFFF7556AEFC7FAC0021D50004AD21F9105FAACA406D3350
0FDE2616949B82812810F23616E625A6DFFF7556AEFC7FAC0021D10004AC21F9105FAACA406D3351
0FDE3C16949C82812810F1A416E62AA6EFFF7566AEFC7FAC0011D00004AC21F9105FAACA406D3352
0FDE3C16949F82812810F12916E64AA6FFFF7576AEFC7FAC0021CF0004AB21F9105FAACA406D3353
0FDE3A16949D82812D10F0E116E64FA6FFFF7586AEFC7FAC0011CD0004AC21F9105FAACA406D3354
0FDE5516949882812810F0AA16E659A70FFF7596AEFC7FAC0011CD0004AB21F9105FAACA406D3355
0FDE9D16948B82812810F06116E66EA70FFF75A6AEFC7FAC0021D10004AB21F9105FAACA406D3356
0FDEDB16948382812810F02016E683A70FFF75B6AEFC7FAC0021D70004AA21F9105FAACA406D3357
0FDEE316948182812810EFF516E698A70FFF75B6AEFC7FAC0021DB0004AA21F9105FAACA406D3358
0FDF0D16948682812810EFCB16E6A2A71FFF75C6AEFC7FAC0021DB0004AA21F9105FAACA406D3359
0FDF1816948882812810EF9416E6C2A71FFF75D6AEFC7FAC0011D90004AA21F9105FAACA406D335A
0FDF0A16947F82812810EF7A16E6DBA71FFF75E6AFFC7FAC0021D40004A921F9105FAACA406D335B
0FDF1116947C82812810EF6B16E6FBA72FFF75F6AFFC7FAC0021CF0004A921F9105FAACA406D335C
0FDF3916947982812110EF5E16E720A72FFF75F6AFFC7FAC0021CF0004A921F9105FAACA406D335D
0FDF6816947082812810EF5F16E744A73FFF7616AEFC7FAC0021D20004A921F9105FAACA406D335E
0FDF8C16946D82812810EF5C16E75DA73FFF7616AFFC7FAC0021DB0004A821F9105FAACA406D335F
0FDF9716947182812810EF6216E783A73FFF7626AFFC7FAC0011E70004A821F9105FAACA406D3360
0FDFA216947682812810EF6B16E7A2A74FFF7636AFFC6FAF0021F20004A821F9105FAACA406D3361
0FDFAC16947082812810EF7A16E7B1A74FFF7636AEFC6FB10021F70004A821F9105FAACA406D3362
0FDF9316947482812110EF6A16E7D1A74FFF7646AFFC6FB10021F30004A721F9105FAACA406D3363
0FDF7616947A82812810EF3D16E7EBA75FFF7646AFFC6FB10021EC0004A721F9105FAACA406D3364
0FDF6F16947F82812810EF0716E7F9A75FFF7656AFFC6FB10011E60004A721F9105FAACA406D3365
0FDF9016947E82812810EEDB16E810A75FFF7656AFFC6FB10021DF0004A721F9105FAACA406D3366
0FDFB716946E82812810EEBE16E81FA76FFF7656AEFC6FB10031D90004A621F9105FAACA406D3367
0FDFD016945982812110EE9916E82DA76FFF7656AFFC6FB104D1D60004A521F9105FAACA406D3368
0FE00016944882812510EE8416E839A76FFF7656AFFC6FB10B51DB0004A621F9105FAACA406D3369
0FE06C16943182812810EE8816E844A76FFF7656AFFC6FB10D11E70004A521F9105FAACA406D336A
0FE0D316942782813010EE8216E852A77FFF7656AEFC6FB10CF1ED0004A521F9105FAACA406D336B
0FE10F16942582812110EE7C16E854A77FFF7656AFFC6FB10CA1E90004A521F9105FAACA406D336C
0FE12516942282812810EE8216E85EA77FFF7646AEFC6FB10C91E40004A421F9105FAACA406D336D
0FE11F16942B82812810EE7916E861A77FFF7646AFFC6FB10C91DE0004A421F9105FAACA406D336E
0FE10416942C82812810EE6216E86EA77FFF7636AEFC6FB10CA1DC0004A421F9105FAACA406D336F
0FE10916943182812810EE3C16E86EA78FFF7636AEFC6FB10CA1DD0004A421F9105FAACA406D3370
0FE0F216943C82812810EE2016E86CA78FFF7636AFFC6FB10C91DF0004A321F9105FAACA406D3371
0FE0E416944682812110EE1516E87DA78FFF7626AEFC6FB10C91E10004A321F9105FAACA406D3372
0FE0E516944D82813010EE1116E880A78FFF7626AEFC6FB10CA1E10004A321F9105FAACA406D3373
0FE0DD16944B82812810EE0D16E88DA78FFF7616AEFC6FB108B1DD0004A221F9105FAACA406D3374
0FE0C016945082813010EE0E16E892A78FFF7616AFFC6FB101C1D90004A221F9105FAACA406D3375
0FE07216945382812810EE0D16E8A5A79FFF7616AEFC6FB10001D50004A321F9105FAACA406D3376
0FE05316945382812810EE0616E8A7A79FFF7606AFFC6FB10001D20004A221F9105FAACA406D3377
0FE07E16945082813010EDFE16E8BCA79FFF7606AFFC6FB10011D00004A221F9105FAACA406D3378
0FE09D16945A82812810EDEF16E8BFA79FFF7606AEFC6FB20021CE0004A221F9105FAACA406D3379
0FE0B516945E82812810EDEA16E8D1A79FFF75F6AFFC6FB40021CD0004A121F9105FAACA406D337A
0FE0A816946282813010EDE716E8E0A79FFF75F6AEFC6FB40021CD0004A121F9105FAACA406D337B
0FE08616946682812810EDDF16E8F3A79FFF75F6AEFC6FB40021CD0004A121F9105FAACA406D337C
0FE07716946F82811A10EDDF16E905A79FFF75F6AEFC6FB40011CF0004A121F9105FAACA406D337D
0FE07616947982813B10EDDB16E90DA79FFF75F6AFFC6FB40011E70004A121F9105FAACA406D337E
0FE07416947C82813010EDDB16E91AA79FFF75F6AEFC6FB40022110004A021F9105FAACA406D337F
0FE05A16947C82812810EDD316E924A78FFF75E6AFFC6FB400221F0004A021F9105FAACA406D3380
0FE04716947982813010EDD016E931A78FFF75E6AFFC6FB400221900049F21F9105FAACA406D3381
0FE04C16947E82813010EDCC16E939A78FFF75F6AFFC6FB400220B0004A021F9105FAACA406D3382
0FE06116947A82812810EDCC16E93EA78FFF75E6AEFC6FB40021FB0004A021F9105FAACA406D3383
0FE07D16947A82813010EDC416E94BA78FFF75F6AEFC6FB40021EF00049F21F9105FAACA406D3384
0FE08616947982813010EDC016E94EA78FFF75F6AFFC6FB40021E500049F21F9105FAACA406D3385
0FE08216947482813010EDBC16E950A77FFF75F6AEFC6FB40011DF00049F21F9105FAACA406D3386
0FE08116946C82813010EDBC16E953A77FFF75F6AFFC6FB40011DB00049F21F9105FAACA406D3387
0FE08616946982813010EDB116E953A77FFF75F6AEFC6FB40021D700049F21F9105FAACA406D3388
0FE08216946882813010EDB516E950A77FFF75F6AEFC6FB40021D300049F21F9105FAACA406D3389
0FE08416946582813010EDB516E94EA76FFF75F6AEFC6FB40021D100049F21F9105FAACA406D338A
0FE08216943C82813010EDB816E946A76FFF75F6AFFC6FB40031D200049F21F9105FAACA406D338B
0FE07D16938282813010EDCC16E92FA76FFF75F6AFFC6FB40021D200049E21F9105FAACA406D338C
0FE07B16941882812810EDD316E92AA76FFF75F6AEFC6FB40021D500049D21F9105FAACA406D338D
0FE07B16945B82813710EDD716E917A75FFF75F6AFFC6FB40011D500049D21F9105FAACA406D338E
0FE06F16946082813010EDD816E900A75FFF75F6AEFC6FB40021D500049D21F9105FAACA406D338F
0FE06C16946382812810EDDF16E8EBA75FFF75F6AEFC6FB40021D800049D21F9105FAACA406D3390
0FE04F16946082813710EDF316E8CEA75FFF75F6AFFC6FB30011D900049D21F9105FAACA406D3391
0FE02E16946582812D10EE0516E8B7A74FFF75F6AEFC7FB10011D700049D21F9105FAACA406D3392
0FE02B16946582813010EE0E16E8A5A74FFF75F6AFFC7FB10011D300049C21F9105FAACA406D3393
0FE03616946082813010EE1C16E892A74FFF75F6AFFC7FB10021D100049C21F9105FAACA406D3394
0FE05916945A82813010EE1C16E87DA73FFF75E6AFFC7FB10021D000049C21F9105FAACA406D3395
0FE06C16945182813010EE2516E866A73FFF75E6AFFC7FB10021CF00049C21F9105FAACA406D3396
0FE07416944E82813710EE2C16E854A73FFF75E6AFFC7FB10031CF00049C21F9105FAACA406D3397
0FE08416944382812810EE2D16E83FA73FFF75E6AFFC7FB10021CE00049C21F9105FAACA406D3398
0FE0A616943C82813710EE3016E82DA72FFF75E6AFFC7FB10021CD00049C21F9105FAACA406D3399
0FE0CE16943282813010EE3316E81FA72FFF75E6AFFC7FB10011CC00049C21F9105FAACA406D339A
0FE0E516943882813010EE2916E80AA71FFF75E6AFFC7FB10021D100049C21F9105FAACA406D339B
0FE0EB16943B82813010EE2416E804A71FFF75D6AFFC7FB10021D500049C21F9105FAACA406D339C
0FE0ED16943682813010EE1D16E7FBA71FFF75D6AFFC7FB10021D700049B21F9105FAACA406D339D
0FE0EB16943882813010EE1916E7F0A71FFF75D6AFFC7FB10021D700049B21F9105FAACA406D339E
0FE0E716943682813010EE1C16E7F4A70FFF75C6AFFC7FB10021D600049B21F9105FAACA406D339F
0FE0E216943C82813010EE1916E7F0A70FFF75C6AFFC7FB10021D500049B21F9105FAACA406D33A0
0FE0DD16943082813010EE1516E7F0A70FFF75C6AFFC7FB10011D500049B21F9105FAACA406D33A1
0FE0CE16942E82813010EE1916E7EAA70FFF75C6AFFC7FB10021D600049B21F9105FAACA406D33A2
0FE0A816943E82813010EE1116E7F0A6FFFF75C6AFFC7FB10031D600049B21F9105FAACA406D33A3
0FE06516944782813010EE1516E7FBA6FFFF75D6AFFC7FB11AB1D600049A21F9105FAACA406D33A4
0FE05316944C82813010EE1516E7F9A70FFF75D6AFFC7FB165B1D600049A21F9105FAACA406D33A5
0FE04716944B82812D10EE1116E805A6FFFF75D6AEFC7FB181B1D500049A21F9105FAACA406D33A6
0FE04816945082813010EE1516E800A6FFFF75D6AFFC7FB18251D500049B21F9105FAACA406D33A7
0FE06416944D82813010EE1516E80EA6FFFF75E6AEFC7FB17F21D400049A21F9105FAACA406D33A8
0FE08D16943E82812810EE1516E805A6EFFF75E6AFFC7FB17E01D300049A21F9105FAACA406D33A9
0FE0D216943682813010EE1516E80AA6EFFF75F6AFFC6FB37DF1D200049A21F9105FAACA406D33AA
0FE0D716943882813010EE1116E813A6EFFF75F6AFFC6FB47E21D200049B21F9105FAACA406D33AB
0FE0BC16943A82813010EE1516E815A6EFFF7606AFFC6FB47E21D100049A21F9105FAACA406D33AC
0FE0C716943A82812810EE1116E81FA6EFFF7616AFFC6FB47E21D100049A21F9105FAACA406D33AD
0FE0DB16943E82813010EE1216E819A6DFFF7616AFFC6FB47E21D200049A21F9105FAACA406D33AE
0FE0E716943C82813010EE1516E82AA6DFFF7626AFFC6FB47E31D300049A21F9105FAACA406D33AF
0FE0EF16943A82812810EE1516E834A6DFFF7626AFFC6FB47D11D400049A21F9105FAACA406D33B0
0FE0E216943A82813010EE1916E833A6DFFF7626AFFC6FB44FA1D800049A21F9105FAACA406D33B1
0FE0D916943A82812810EE1516E83FA6DFFF7636AFFC6FB431A1DD00049A21F9105FAACA406D33B2
0FE0E216943D82813010EE1516E844A6DFFF7636AFFC6FB42CB1E100049A21F9105FAACA406D33B3
0FE0E416943F82812810EE1916E84CA6DFFF7636AFFC6FB42E91DF00049A21F9105FAACA406D33B4
0FE0FD16943782812810EE1216E84EA6DFFF7636AFFC6FB42FD1DB00049A21F9105FAACA406D33B5
0FE11116943C82813010EE1516E863A6DFFF7636AFFC6FB43011D900049A21F9105FAACA406D33B6
0FE11E16943C82812810EE1916E86CA6DFFF7646AEFC6FB43001DD00049A21F9105FAACA406D33B7
0FE12516944182813010EE1516E873A6DFFF7646AFFC6FB42FF1E100049B21F9105FAACA406D33B8
0FE11B16944782812810EE1516E87DA6DFFF7646AFFC6FB42FE1E100049A21F9105FAACA406D33B9
0FE0DD16944982811210EE1516E88BA6DFFF7646AFFC6FB42FE1DD00049A21F9105FAACA406D43BA
0FE0B316944682814310EE1C16E897A6DFFF7646AFFC6FB42FF1D800049B21F9105FAACA406D33BB
0FE0A616944B82812810EE1516E8A0A6DFFF7646AFFC6FB42FF1D300049A21F9105FAACA406D33BC
0FE08916944B82813010EE1516E8B7A6DFFF7646AFFC6FB42FF1D200049A21F9105FAACA406D33BD
0FE07D16944C82812810EE1916E8BCA6DFFF7656AFFC6FB42301D400049A21F9105FAACA406D33BE
0FE07016944E82812810EE1916E8D9A6DFFF7656AFFC6FB415E1D600049A21F9105FAACA406D33BF
0FE07416944B82813010EE1516E8EBA6DFFF7656AFFC6FB412D1D800049A21F9105FAACA406D33C0
0FE06B16944982812810EE1516E8FBA6DFFF7656AFFC6FB41361D700049A21F9105FAACA406D33C1
0FE06C16944D82812810EE1516E90DA6DFFF7656AEFC6FB513F1D500049A21F9105FAACA406D33C2
0FE06516944B82812810EE1516E924A6CFFF7656AFFC6FB61411D300049A21F9105FAACA406D33C3
0FE06016944C82813010EE1D16E931A6CFFF7656AFFC6FB61411D500049A21F9105FAACA406D33C4
0FE05A16944E82812810EE1916E94EA6CFFF7666AFFC6FB61401D800049A21F9105FAACA406D33C5
0FE05716945182812810EE1916E963A6CFFF7666AFFC6FB61401D900049A21F9105FAACA406D33C6
0FE05516944882812810EE1C16E970A6CFFF7666AFFC6FB61411D900049A21F9105FAACA406D33C7
0FE07716944882813010EE2016E982A6CFFF7676AFFC6FB60A51D900049A21F9105FAACA406D33C8
0FE0B516944282812810EE2116E999A6CFFF7676AFFC6FB60141D900049A21F9105FAACA406D33C9
0FE10216943782812810EE2016E9B1A6CFFF7676AFFC6FB60001D800049B21F9105FAACA406D33CA
0FE13E16943882813010EE2516E9CBA6CFFF7686AFFC6FB60001D600049B21F9105FAACA406D33CB
0FE16E16943282812810EE2816E9D8A6CFFF7686AFFC6FB60011D500049A21F9105FAACA406D33CC
0FE1C116942F82813010EE2C16E9F0A6CFFF7686AFFC6FB60021D600049A21F9105FAACA406D33CD
0FE20216943382812810EE2D16EA01A6CFFF7686AFFC6FB60021D700049B21F9105FAACA406D33CE
0FE22216942D82812D10EE2C16EA15A6BFFF7686AFFC6FB60021D700049B21F9105FAACA406D33CF
0FE22D16942A82813010EE2D16EA29A6BFFF7696AFFC6FB60021D500049A21F9105FAACA406D33D0
0FE24616942D82812810EE3316EA35A6BFFF7696AFFC6FB60021D400049B21F9105FAACA406D33D1
0FE23C16942F82813010EE3116EA49A6BFFF7696AFFC6FB60021D300049B21F9105FAACA406D33D2
0FE22916942F82813010EE3316EA4FA6BFFF7696AFFC6FB60021D300049B21F9105FAACA406D33D3
0FE21F16943382812810EE3316EA68A6AFFF7696AFFC6FB60021D100049B21F9105FAACA406D33D4
0FE21016943582813010EE3C16EA6FA6AFFF7696AFFC6FB60021D100049B21F9105FAACA406D33D5
0FE21016942982813010EE3B16EA7DA6AFFF7696AFFC6FB60021D100049B21F9105FAACA406D33D6
0FE21416942882813010EE4016EA87A6AFFF76A6AFFC6FB60011D100049C21F9105FAACA406D33D7
0FE23816942782813010EE3F16EA98A69FFF76A6AFFC6FB60011D000049B21F9105FAACA406D33D8
0FE29A16942882813010EE4716EAA2A69FFF76A6AFFC6FB60011D000049B21F9105FAACA406D33D9
0FE2A416942D82813010EE4C16EAA8A69FFF76A6AFFC6FB50011CF00049B21F9105FAACA406D33DA
0FE28C16942F82813010EE4B16EAB1A69FFF76A6AFFC7FB30021CE00049B21F9105FAACA406D33DB
0FE25D16943382813010EE4C16EABDA69FFF76A6AFFC7FB30021CD00049B21F9105FAACA406D33DC
0FE22D16943882813010EE4E16EABCA68FFF76A6AFFC7FB30021CE00049C21F9105FAACA406D33DD
0FE21816943D82813710EE4E16EABDA68FFF76A6AFFC7FB30021D000049B21F9105FAACA406D33DE
0FE20D16944682813010EE4F16EABCA68FFF76A6AFFC7FB30021D200049B21F9105FAACA406D33DF
0FE1FB16944682813710EE4E16EAC1A67FFF76B6AFFC7FB30021D300049B21F9105FAACA406D33E0
0FE1EC16944482813010EE4F16EABDA67FFF76B6AFFC7FB30021D500049B21F9105FAACA406D33E1
0FE1E516944B82813710EE5216EAB7A67FFF76B6AFFC7FB30021D700049B21F9105FAACA406D33E2
0FE1E116944782813410EE5216EAB7A66FFF76B6AFFC7FB30011DB00049C21F9105FAACA406D33E3
0FE1EC16944782813010EE4F16EA9CA66FFF76B6AEFC7FB30011E100049B21F9105FAACA406D33E4
0FE1FE16943E82813710EE5216EA93A65FFF76B6AFFC7FB30011E200049C21F9105FAACA406D33E5
0FE1FB16943D82813710EE4F16EA82A65FFF76B6AEFC7FB30011DD00049C21F9105FAACA406D33E6
0FE20D16943882813710EE5216EA69A65FFF76A6AEFC7FB30021DA00049C21F9105FAACA406D33E7
0FE21016943882813710EE5216EA44A64FFF76A6AFFC7FB30021D900049C21F9105FAACA406D33E8
0FE21416943A82813710EE4F16EA24A64FFF76A6AFFC7FB30021D900049C21F9105FAACA406D33E9
0FE21B16943282813710EE5616E9F7A63FFF76A6AFFC7FB30021D900049C21F9105FAACA406D33EA
0FE21B16943782813710EE5F16E9C1A63FFF76A6AEFC7FB30031D900049C21F9105FAACA406D33EB
0FE21416943682813F10EE5A16E98AA62FFF76A6AFFC7FB30021D800049C21F9105FAACA406D33EC
0FE21416943882813710EE6516E949A61FFF76A6AFFC7FB30021D500049C21F9105FAACA406D33ED
0FE21416943A82813710EE6316E90AA61FFF7696AFFC7FB314E1D400049C21F9105FAACA406D33EE
0FE22316943E82813F10EE6916E8C9A61FFF7696AFFC7FB32C01D500049D21F9105FAACA406D33EF
0FE23116943C82813710EE6716E87DA60FFF7696AEFC7FB331A1D500049C21F9105FAACA406D33F0
0FE24016943682813F10EE5E16E83FA60FFF7696AFFC7FB330D1D500049C21F9105FAACA406D33F1
0FE25516943182813710EE6516E7FFA5FFFF7696AFFC7FB32FD1D500049C21F9105FAACA406D33F2
0FE25D16942F82813F10EE5F16E7DBA5FFFF7696AFFC6FB32F91D500049C21F9105FAACA406D33F3
0FE25F16942F82813F10EE5A16E7B2A5EFFF7696AEFC6FB32FA1D400049C21F9105FAACA406D33F4
0FE25D16942482813F10EE5F16E78CA5EFFF7696AFFC5FB32FB1D300049C21F9105FAACA406D33F5
0FE26016942382813010EE5616E763A5DFFF7686AFFC6FB32FB1D200049B21F9105FAACA406D33F6
0FE25816942882814A10EE5616E759A5DFFF7686AFFC6FB32FC1D200049C21F9105FAACA406D33F7
0FE25216942D82813F10EE5316E743A5CFFF7686AFFC6FB32FB1D700049B21F9105FAACA406D33F8
0FE24A16942F82813F10EE5616E73FA5CFFF7686AEFC6FB32E01D900049B21F9105FAACA406D33F9
0FE24316943382813F10EE5B16E72FA5CFFF7676AFFC6FB31991D800049B21F9105FAACA406D33FA
0FE24616943182813F10EE7116E72FA5BFFF7676AFFC6FB30E41D600049B21F9105FAACA406D33FB
0FE23C16943282813F10EE9016E725A5AFFF7676AFFC6FB30CD1D500049B21F9105FAACA406D33FC
0FE23516943182814610EEB816E715A5AFFF7676AFFC6FB30DB1D500049A21F9105FAACA406D33FD
0FE22616943282813F10EEDD16E70BA5AFFF7666AEFC6FB30E31D500049B21F9105FAACA406D33FE
0FE21B16943882813F10EF0116E700A59FFF7666AFFC6FB30E41D600049A21F9105FAACA406D33FF
0FE21416943D82813F10EF2216E705A59FFF7666AFFC6FB30E31D600049B21F9105FAACA406D3300
0FE20916943F82814610EF4116E700A59FFF7656AFFC6FB30E31D600049A21F9105FAACA406D3301
0FE20216944082813F10EF6A16E6FBA59FFF7656AFFC6FB30E31D500049A21F9105FAACA406D3302
0FE1F716943C82813F10EF8A16E700A59FFF7656AFFC6FB30E31D600049B21F9105FAACA406D3303
0FE20216943D82814610EFAC16E6FBA58FFF7646AFFC6FB30AD1D800049A21F9105FAACA406D3304
0FE21016944282813F10EFDA16E6EBA58FFF7646AFFC6FB30291D700049921F9105FAACA406D3305
0FE21016944B82813F10F00516E6E6A58FFF7636AFFC6FB30001D400049921F9105FAACA406D3306
0FE20916944882814610F03B16E6DCA58FFF7636AFFC6FB30001D100049A21F9105FAACA406D3307
0FE20D16944582813F10F07516E6CCA58FFF7636AFFC6FB30001D000049921F9105FAACA406D3308
0FE20616944182814610F0A616E6CCA58FFF7626AFFC6FB30021D100049921F9105FAACA406D3309
0FE20916944282813B10F0D816E6B7A57FFF7626AFFC6FB30021D400049821F9105FAACA406D330A
0FE21816943882814610F10C16E6ADA57FFF7616AFFC5FB30021D500049821F9105FAACA406D330B
0FE22216943C82813F10F13916E6A8A57FFF7616AFFC5FB40021D600049721F9105FAACA406D330C
0FE24016943882814610F16B16E69DA57FFF7616AFFC5FB40011D700049821F9105FAACA406D330D
0FE22916943C82813F10F19116E693A57FFF7616AFFC5FB40021D800049721F9105FAACA406D330E
0FE20916943782814610F1B216E698A57FFF7616AFFC5FB40031D700049621F9105FAACA406D330F
0FE1F016943882813F10F1E216E68EA57FFF7616AFFC5FB40021D600049621F9105FAACA406D3310
0FE1F316943282813F10F20116E68DA57FFF7616AFFC5FB40021D500049521F9105FAACA406D3311
0FE24A16942C82813F10F22016E68DA58FFF7616AFFC5FB40011D600049521F9105FAACA406D3312
0FE2DA16942A82814610F23D16E688A58FFF7616AFFC5FB40021D600049521F9105FAACA406D3313
0FE39116941B82813F10F25D16E683A58FFF7616AEFC5FB40021D600049421F9105FAACA406D3314
0FE51416940382814610F28016E68DA58FFF7616AFFC5FB40011D600049421F9105FAACA406D3315
0FE5DC1693F182813710F29B16E68DA59FFF7616AFFC5FB40021D500049421F9105FAACA406D3316
0FE6381693E982814610F2C116E68DA59FFF7616AFFC5FB40011D400049321F9105FAACA406D3317
0FE65B1693EB82813F10F2DC16E68EA59FFF7616AFFC5FB40021D600049221F9105FAACA406D3318
0FE57C1693FC82813F10F2FF16E688A59FFF7626AFFC5FB40011D900049221F9105FAACA406D3319
0FE48E16941082813F10F31E16E69DA59FFF7626AEFC5FB40021DB00049221F9105FAACA406D331A
0FE41016941D82813F10F34116E693A59FFF7626AEFC5FB40031D900049221F9105FAACA406D331B
0FE3B616941D82813F10F35816E698A59FFF7636AFFC5FB40021D800049121F9105FAACA406D331C
0FE3AA16942A82814310F37616E6A2A5AFFF7636AEFC5FB40021DB00049121F9105FAACA406D331D
0FE37C16942C82813F10F39116E69DA5AFFF7646AFFC5FB40011DC00049121F9105FAACA406D331E
0FE38916942382813F10F3AC16E6A8A5AFFF7646AFFC5FB40011DA00049021F9105FAACA406D331F
0FE3AA16941D82813F10F3CB16E6A8A5AFFF7656AFFC5FB40021DB00049021F9105FAACA406D3320
0FE39D16941F82813F10F3EE16E6ADA5BFFF7666AFFC5FB40021DC00049021F9105FAACA406D3321
0FE39816942082813F10F40716E6B2A5BFFF7666AEFC5FB40021DE00049121F9105FAACA406D3322
0FE3A016941D82813710F42016E6B2A5CFFF7676AFFC5FB50011DF00049021F9105FAACA406D3323
0FE39F16941E82813F10F43316E6B7A5CFFF7676AEFC5FB50021DD00049021F9105FAACA406D3324
0FE3CF16941D82813F10F44A16E6BCA5CFFF7686AFFC5FB50021DA00049021F9105FAACA406D3325
0FE3EB16941482813F10F45A16E6C7A5CFFF7696AEFC5FB50021D600049121F9105FAACA406D3326
0FE40C16941182813710F46D16E6C7A5DFFF7696AFFC5FB50031D500049121F9105FAACA406D3327
0FE4CC16940D82813F10F47F16E6CCA5DFFF7696AFFC5FB50021D700049121F9105FAACA406D3328
0FE57916940082813710F49816E6D1A5EFFF76A6AFFC5FB50021D900049221F9105FAACA406D3329
0FE5F31693FC82813F10F4A716E6D6A5EFFF76A6AFFC5FB50011DA00049121F9105FAACA406D332A
0FE6C81693F182813710F4B616E6D7A5EFFF76A6AFFC5FB50021D800049221F9105FAACA406D332B
0FE7591693F082813F10F4CA16E6E6A5FFFF76B6AFFC5FB50021D600049221F9105FAACA406D332C
0FE7561693F982813710F4D116E6EBA5FFFF76B6AFFC5FB50021D700049221F9105FAACA406D332D
0FE7351693FC82813F10F4E116E6F1A5FFFF76B6AFFC5FB50021D900049221F9105FAACA406D332E
0FE7351693FC82813710F4E316E6FBA5FFFF76B6AFFC5FB50021D900049321F9105FAACA406D332F
0FE6FB16940382813410F4F416E6F6A5FFFF76B6AFFC5FB50021DA00049321F9105FAACA406D3330
0FE65816940682813F10F4F416E6FBA5FFFF76B6AFFC5FB50011DD00049421F9105FAACA406D3331
0FE61716940682813710F50316E700A60FFF76B6AFFC5FB50021DD00049521F9105FAACA406D3332
0FE63B16940782813710F50316E705A60FFF76B6AFFC5FB50031DC00049521F9105FAACA406D3333
0FE66716940382813710F50B16E70AA61FFF76B6AFFC5FB50021DE00049521F9105FAACA406D3334
0FE6D016940882813710F51716E710A61FFF76B6AEFC5FB50021E100049621F9105FAACA406D3335
0FE70D16940882813710F51B16E710A62FFF76B6AFFC5FB50021DF00049621F9105FAACA406D3336
0FE71816940682813710F51E16E70FA62FFF76B6AFFC5FB50011DC00049721F9105FAACA406D3337
0FE70A16940682813710F52916E715A62FFF76B6AFFC5FB50021DB00049721F9105FAACA406D3338
0FE70616940782813710F52A16E715A63FFF76B6AFFC5FB50021DA00049721F9105FAACA406D3339
0FE6B616940982813710F53216E715A63FFF76A6AFFC5FB50021D900049821F9105FAACA406D333A
0FE5D616941782813010F53D16E724A63FFF76B6AFFC5FB40021D900049821F9105FAACA406D333B
0FE55116941882813710F53916E725A64FFF76B6AEFC6FB20021DA00049821F9105FAACA406D333C
0FE54B16941682813710F54516E720A64FFF76B6AFFC6FB20021DC00049921F9105FAACA406D333D
0FE54A16940B82813010F55116E724A64FFF76B6AFFC6FB20011E000049921F9105FAACA406D433E
0FE5B81693FF82813710F55416E72AA65FFF76A6AFFC6FB20021DF00049921F9105FAACA406D333F
0FE6991693F182813710F55C16E72AA65FFF76A6AFFC6FB20021DD00049A21F9105FAACA406D3340
0FE7801693ED82813010F56016E724A65FFF76A6AFFC6FB20021DB00049A21F9105FAACA406D3341
0FE8041693F882813710F56C16E73AA66FFF76A6AFFC6FB20021DC00049A21F9105FAACA406D3342
0FE8351693F982813010F57316E72FA66FFF76A6AFFC6FB20021E100049B21F9105FAACA406D3343
0FE8881693F782813410F57716E73AA67FFF7696AFFC6FB20021E200049B21F9105FAACA406D3344
0FE8ED1693F482813010F58316E734A67FFF7696AFFC6FB20011E100049B21F9105FAACA406D3345
0FE92B1693F582813710F58A16E73FA67FFF7696AFFC6FB20011DE00049B21F9105FAACA406D3346
0FE99E1693F782813010F58E16E73FA68FFF7696AFFC6FB20021DE00049B21F9105FAACA406D3347
0FE9F31693F482813710F59216E743A68FFF7686AFFC6FB20021DE00049B21F9105FAACA406D3348
0FEA281693F282812810F59E16E749A69FFF7686AFFC6FB20011DF00049C21F9105FAACA406D3349
0FEA5A1693FA82813710F5A516E74FA69FFF7676AFFC6FB20021DE00049C21F9105FAACA406D334A
0FEA6D1693F582813010F5B116E74EA69FFF7676AFFC6FB20031DC00049C21F9105FAACA406D334B
0FEA651693F982813010F5B516E759A6AFFF7676AFFC6FB20C91D900049D21F9105FAACA406D334C
0FEA2616940382813010F5C016E754A6AFFF7676AFFC6FB22A51D700049D21F9105FAACA406D334D
0FE95D16940682813010F5D016E75EA6BFFF7676AFFC6FB234B1D700049E21F9105FAACA406D334E
0FE8B716940982813010F5D416E75DA6BFFF7666AFFC6FB234C1D900049E21F9105FAACA406D334F
0FE84616940F82813010F5DF16E75EA6BFFF7666AFFC6FB23381D900049E21F9105FAACA406D3350
0FE7E616941182813010F5EB16E763A6CFFF7666AFFC6FB23311D800049E21F9105FAACA406D3351
0FE79216941482813010F5F316E76DA6CFFF7656AFFC6FB23311D600049F21F9105FAACA406D3352
0FE76C16941282812810F5FA16E76EA6CFFF7656AFFC6FB23321D800049F21F9105FAACA406D3353
0FE77616941082813010F60616E773A6DFFF7656AFFC6FB13321DA00049F21F9105FAACA406D3354
0FE78016941082813010F60A16E777A6DFFF7656AFFC6FB13321DB00049F21F9105FAACA406D3355
0FE77016941082812810F61516E773A6EFFF7646AFFC6FB13321DC0004A021F9105FAACA406D3356
0FE75916941482812810F61916E77EA6EFFF7646AFFC6FB13321DD0004A121F9105FAACA406D3357
0FE76716941282812D10F62116E77DA6FFFF7636AFFC6FB12651DF0004A021F9105FAACA406D3358
0FE77A16941482813010F62516E778A6FFFF7636AFFC6FB108B1E50004A121F9105FAACA406D3359
0FE6C816942582812810F62916E77EA6FFFF7626AFFC6FB10001FF0004A021F9105FAACA406D335A
0FE5EB16943682812810F62916E783A70FFF7626AFFC6FB100020D0004A121F9105FAACA406D335B
0FE54216943A82813010F63016E787A70FFF7616AFFC6FB10002050004A221F9105FAACA406D335C
0FE4A116943682812810F62C16E783A71FFF7606AFFC6FB10031F90004A121F9105FAACA406D335D
0FE46A16943882812810F63016E788A71FFF75F6AFFC6FB10031F00004A221F9105FAACA406D335E
0FE44D16944182812810F63416E782A71FFF75F6AFFC6FB10021EA0004A321F9105FAACA406D335F
0FE41316943D82812810F63816E783A71FFF75E6AFFC6FB10021E70004A321F9105FAACA406D3360
0FE45416943A82812810F63416E783A72FFF75D6AFFC6FB10011E60004A321F9105FAACA406D3361
0FE4BA16943282812810F63516E782A73FFF75C6AFFC6FB10021E50004A321F9105FAACA406D3362
0FE49216942C82812110F63416E783A73FFF75B6AFFC6FB10031E10004A321F9105FAACA406D3363
0FE49916942B82812810F63816E778A74FFF75A6AFFC6FB10021DE0004A321F9105FAACA406D3364
0FE4C416942A82812810F63816E77DA74FFF7596AFFC6FB10021DF0004A421F9105FAACA406D3365
0FE4DE16942A82812110F63C16E77EA75FFF7586AFFC6FB10011E00004A421F9105FAACA406D3366
0FE4E116942A82812810F63416E773A75FFF7576AFFC6FB10011E20004A521F9105FAACA406D3367
0FE4FB16942782812110F63816E76DA75FFF7566AFFC6FB10011E10004A521F9105FAACA406D3368
0FE50216942582812110F63816E763A76FFF7556AFFC6FB10021E10004A621F9105FAACA406D3369
0FE4B316943082812810F63816E75EA76FFF7546AFFC6FB10021E10004A621F9105FAACA406D336A
0FE3F716944082812110F63C16E754A76FFF7536AFFC6FB10011DF0004A621F9105FAACA406D336B
0FE34516944482812110F64416E74EA77FFF7526AFFC5FB20011DF0004A721F9105FAACA406D436C
0FE2F716944182812510F63C16E73FA77FFF7526AFFC5FB20021E10004A821F9105FAACA406D336D
0FE30316943C82812110F62C16E734A78FFF7516AFFC5FB20021E40004A821F9105FAACA406D336E
0FE38E16942B82812110F60E16E71FA78FFF7506AFFC5FB20031E40004A921F9105FAACA406D336F
0FE43B16941E82812110F5D416E710A79FFF74F6AFFC5FB20021E00004A821F9105FAACA406D3370
0FE4A716941B82811A10F59616E700A79FFF74E6AFFC5FB20021E00004A921F9105FAACA406D4371
0FE4F416941B82812110F56016E6E6A79FFF74E6AFFC5FB20011E20004AA21F9105FAACA406D3372
0FE57116941B82812110F53216E6DCA7AFFF74D6AFFC5FB20021E10004AB21F9105FAACA406D3373
0FE5C316940C82811A10F50316E6C2A7AFFF74C6AFFC5FB20011DE0004AA21F9105FAACA406D3374
0FE62216940382812110F4E516E6C2A7BFFF74C6AFFC5FB20021DC0004AB21F9105FAACA406D3375
0FE69D1693FE82812110F4C616E6B2A7BFFF74B6AEFC5FB20021D90004AB21F9105FAACA406D3376
0FE6A816940382811A10F4A316E6A2A7CFFF74B6AFFC5FB20021D90004AC21F9105FAACA406D3377
0FE68416940982811A10F48616E698A7CFFF74B6AFFC5FB20021D90004AC21F9105FAACA406D3378
0FE66A16940E82811A10F47516E693A7DFFF74A6AFFC5FB20021DC0004AD21F9105FAACA406D3379
0FE67516940D82812110F45616E683A7DFFF74A6AFFC5FB20021DF0004AE21F9105FAACA406D437A
0FE6A116940B82811A10F44E16E67EA7DFFF74A6AFFC5FB20031DF0004AE21F9105FAACA406D337B
0FE6E216940582811A10F46D16E673A7DFFF74A6AFFC5FB20021E00004AE21F9105FAACA406D337C
0FE72A16940282811A10F48C16E669A7EFFF74A6AFFC5FB20021DF0004AF21F9105FAACA406D337D
0FE76B1693FE82811A10F49016E66EA7FFFF74A6AFFC5FB20011DE0004AF21F9105FAACA406D337E
0FE7731693FC82811A10F48A16E664A7FFFF74A6AFFC5FB20021DD0004AF21F9105FAACA406D337F
0FE7A81693F982811A10F49416E66EA7FFFF74B6AFFC5FB20021DB0004B021F9105FAACA406D3380
0FE81A1693F782811210F4A716E66EA80FFF74B6AFFC5FB20021D90004B121F9105FAACA406D4381
0FE8761693F482811210F4BA16E679A81FFF74B6AFFC5FB20021D90004B121F9105FAACA406D3382
0FE8851693F582811E10F4C216E688A81FFF74B6AFFC5FB20021D90004B221F9105FAACA406D3383
0FE8351693FA82811A10F4CA16E6B2A81FFF74C6AFFC5FB30021D70004B221F9105FAACA406D3384
0FE7BC16940782811210F4D916E6D1A81FFF74C6AFFC3FB40021D50004B321F9105FAACA406D3385
0FE76016940882811A10F4E016E6FBA82FFF74C6AFFC3FB40011D30004B421F9105FAACA406D3386
0FE77A16940682811210F4EC16E71AA83FFF74D6AFFC3FB40021D30004B421F9105FAACA406D3387
0FE79616940A82811210F50016E73EA83FFF74D6AFFC4FB40021D10004B521F9105FAACA406D3388
0FE6CC16940C82811A10F50F16E75EA83FFF74D6AFFC4FB40021D10004B521F9105FAACA406D3389
0FE6ED16940B82811210F51E16E773A84FFF74D6AFFC4FB40021D20004B621F9105FAACA406D338A
0FE78016940082811210F52216E78CA84FFF74D6AFFC4FB40011D50004B621F9105FAACA406D338B
0FE7ED1693F982811A10F52216E7B2A85FFF74D6AFFC3FB40011D90004B721F9105FAACA406D338C
0FE83F1693FE82811210F52216E7CCA85FFF74D6AFFC3FB40011DA0004B821F9105FAACA406D338D
0FE83516940182811210F52D16E7F4A85FFF74D6AFFC4FB40021D90004B921F9105FAACA406D338E
0FE80A16940282811210F52A16E81AA85FFF74D6AFFC3FB40021D80004B921F9105FAACA406D338F
0FE7D916940182811210F52216E83FA86FFF74D6AFFC4FB40021D70004BA21F9105FAACA406D3390
0FE7BE16940482811210F4FC16E857A86FFF74E6AFFC3FB40021D80004BA21F9105FAACA406D3391
0FE78B16940682811210F4E516E86EA87FFF74E6AFFC3FB40011DB0004BB21F9105FAACA406D3392
0FE74F16940382811210F53916E882A87FFF74E6AFFC3FB40021DD0004BB21F9105FAACA406D3393
0FE74A16940182811210F5DF16E890A87FFF74E6AFFC3FB40021DA0004BB21F9105FAACA406D3394
0FE7B716940582811A10F6A816E8B7A88FFF74E6AFFC3FB40021D80004BC21F9105FAACA406D3395
0FE7FA16940682811210F76516E8DBA88FFF74E6AFFC3FB40011D80004BD21F9105FAACA406D3396
0FE85D16940682810B10F79B16E90DA88FFF74F6AFFC3FB40021D70004BE21F9105FAACA406D4397
0FE8EA16940682811210F7E416E944A88FFF74F6AFFC4FB40021D50004BE21F9105FAACA406D3398
0FE90A16940682811610F86C16E999A88FFF74F6AFFC4FB40021D50004BE21F9105FAACA406D3399
0FE93216940E82811210F85816E9DBA88FFF7506AEFC4FB40021D80004C021F9105FAACA406D339A
0FE9A216941182811A10F7C616EA34A89FFF7506AFFC4FB40021DE0004C021F9105FAACA406D339B
0FE9D816941482810B10F73B16EA98A89FFF7506AFFC5FB30021E30004C021F9105FAACA406D339C
0FE97716942182811A10F6DA16EB24A89FFF7506AFFC7FB10011E50004C121F9105FAACA406D339D
0FE89A16942582811210F69116EBC6A89FFF7516AFFC7FB10021E30004C221F9105FAACA406D339E
0FE80216942582811A10F65016EC78A89FFF7516AFFC7FB10031E00004C321F9105FAACA406D339F
0FE77A16942282811210F61916ED2DA89FFF7516AFFC7FB10021DC0004C321F9105FAACA406D33A0
0FE73816942182811210F5EB16EDE6A89FFF7516AFFC7FB10021D80004C521F9105FAACA406D33A1
0FE70616942782811A10F5C416EE9FA89FFF7516AFFC7FB109B1D70004C521F9105FAACA406D33A2
0FE6CC16942A82811A10F5A216EF6AA88FFF7526AFFC7FB117E1D80004C621F9105FAACA406D33A3
0FE69916943182811210F57B16F03AA88FFF7526AFFC7FB11BF1D90004C721F9105FAACA406D33A4
0FE62916942982811A10F55116F11BA88FFF7526AFFC7FB11B91D80004C721F9105FAACA406D33A5
0FE5F716942D82811A10F51B16F200A87FFF7526AFFC7FB11B01D60004C821F9105FAACA406D33A6
0FE5C116942C82811A10F4E116F2F0A87FFF7526AFFC7FB11AD1D60004C921F9105FAACA406D33A7
0FE5AA16942782811A10F4B316F3F4A86FFF7526AFFC7FB11AD1DB0004C921F9105FAACA406D33A8
0FE60516941A82811A10F49A16F50FA86FFF7526AFFC7FB11AE1DF0004CB21F9105FAACA406D33A9
0FE6A016941682811A10F49416F64EA85FFF7526AFFC7FB11AE1DF0004CC21F9105FAACA406D33AA
0FE73C16941282812110F48816F7A1A85FFF7526AFFC7FB11AF1DC0004CC21F9105FAACA406D33AB
0FE79616940D82811A10F47916F905A84FFF7526AFFC7FB11251DA0004CD21F9105FAACA406D33AC
0FE7DD16940F82812110F45E16FA83A83FFF7526AEFC7FB10391D90004CD21F9105FAACA406D33AD
0FE85616940D82811A10F41816FBE5A82FFF7526AFFC7FB10001D80004CE21F9105FAACA406D33AE
0FE92B16940082811E10F3DC16FD50A81FFF7526AFFC7FB10001D60004CF21F9105FAACA406D33AF
0FE9E11693F982812810F3C416FEA4A80FFF7526AFFC7FB10001D50004CF21F9105FAACA406D33B0
0FEA3E1693FE82811A10F3B416FFF3A7FFFF7526AFFC7FB10021D40004D021F9105FAACA406D43B1
0FEA621693FE82812810F3B4170141A7EFFF7526AEFC7FB10021D40004D021F9105FAACA406D33B2
0FEA7716940382812110F3B417027EA7DFFF7526AFFC7FB10021D50004D121F9105FAACA406D33B3
0FEA6416940682812110F3EA1703AFA7BFFF7526AFFC7FB10011D70004D121F9105FAACA406D43B4
0FEA3616940682812810F4961704CFA7AFFF7516AEFC6FAF0011D70004D221F9105FAACA406D33B5
0FEA2116940D82812110F5221705C9A79FFF7516AFFC6FAF0021D80004D321F9105FAACA406D43B6
0FE9F516940D82812810F5AD1706B2A77FFF7516AFFC6FAF0031D90004D421F9105FAACA406D33B7
0FE9CF16940882812810F68D170790A76FFF7516AFFC6FAF0021D80004D421F9105FAACA406D43B8
0FE9CA16940382812810F759170867A74FFF7516AEFC6FAF0021D80004D421F9105FAACA406D33B9
0FE9CD16940482813010F832170928A73FFF7516AFFC6FAF0011D80004D621F9105FAACA406D33BA
0FE9C316940982812810F8EF1709D6A72FFF7516AEFC6FAF0011D90004D721F9105FAACA406D33BB
0FE9BC16940E82812810F963170A73A6FFFF7506AFFC6FAF0011DA0004D621F9105FAACA406D33BC
0FE93616941482813010F989170AE1A6DFFF7506AEFC6FAF0021D90004D821F9105FAACA406D33BD
0FE88F16941E82813010F9BC170B3AA6CFFF7506AEFC6FAF0011D60004D821F9105FAACA406D43BE
0FE84A16942182813010FA34170B7BA6BFFF7506AEFC6FAF0021D50004D921F9105FAACA406D33BF
0FE85916941D82813010FA6F170B98A69FFF7506AEFC6FAF0021D80004DA21F9105FAACA406D33C0
0FE89A16941382813710FAA8170B9DA68FFF7506AFFC6FAF0011DA0004DA21F9105FAACA406D33C1
0FE94416941482813010FADA170B73A67FFF74F6AEFC6FAF0011DD0004DB21F9105FAACA406D33C2
0FE99C16940A82811A10FB23170B20A65FFF7506AEFC6FAF0021E30004DC21F9105FAACA406D43C3
0FE9A916940982815210FB74170A74A63FFF7506AEFC6FAF0021E90004DC21F9105FAACA406D33C4
0FE9B416940B82813010FB93170977A61FFF7506AEFC6FAF0021EB0004DD21F9105FAACA406D33C5
0FE9C616940882813F10FBAE170833A5FFFF7506AEFC6FAF0011EA0004DD21F9105FAACA406D43C6
0FEA0C16940682813010FBEB170697A5EFFF7506AEFC6FAF0021E60004DE21F9105FAACA406D33C7
0FEA1D16940682813F10FBFC1704D9A5CFFF7516AEFC6FAF0021E20004DE21F9105FAACA406D33C8
0FE98516940982813710FBD11702ECA5AFFF7516AEFC6FAF0021DF0004DF21F9105FAACA406D43C9
0FE91116940B82813F10FB2F1700F3A59FFF7516AEFC6FAF0021DD0004E021F9105FAACA406D33CA
0FE8FF16940B82813710FAAB16FEF8A57FFF7526AEFC6FAF0021DB0004E021F9105FAACA406D33CB
0FE92E16940C82813F10FA5616FCECA55FFF7526AEFC6FAF0021DB0004E121F9105FAACA406D33CC
0FE96F16940882813F10FA3716FAEBA53FFF7536AEFC6FB20021DD0004E121F9105FAACA406D33CD
0FE98D16940982813F10FA3716F8D6A51FFF7536AEFC6FB30011DE0004E121F9105FAACA406D33CE
0FE99E16940482813F10FA3016F6DBA50FFF7546AEFC6FB30021DD0004E221F9105FAACA406D33CF
0FE9BB16940C82813F10FA2D16F514A4EFFF7546AEFC6FB30021DE0004E221F9105FAACA406D43D0
0FE9D116940D82813F10FA0D16F3ACA4CFFF7556AEFC6FB30021DD0004E321F9105FAACA406D33D1
0FE9CF16940882814610F9C716F259A4BFFF7556AEFC6FB30021DD0004E421F9105FAACA406D33D2
0FE9CA16940982813F10F96E16F12BA49FFF7556AEFC6FB30011DC0004E421F9105FAACA406D33D3
0FE9BF16940882813F10F90E16F079A47FFF7556AEFC6FB30011DC0004E521F9105FAACA406D33D4
0FE9B416940682814610F8A916F045A46FFF7566AEFC6FB30011DD0004E521F9105FAACA406D33D5
0FE99F16940982814610F84516F04AA44FFF7566AEFC6FB30011E00004E621F9105FAACA406D43D6
0FE99416940B82814310F7E416F040A42FFF7566AEFC6FB30021E00004E521F9105FAACA406D43D7
0FE96816941382813F10F79016F021A41FFF7576AEFC6FB30021DE0004E721F9105FAACA406D43D8
0FE94C16941282814E10F74216EFFCA3FFFF7576AEFC6FB30021DE0004E721F9105FAACA406D33D9
0FE8FF16941082813F10F6F916EFF6A3EFFF7576AEFC6FB30021DF0004E821F9105FAACA406D43DA
0FE89A16941882814610F6B716EFD3A3CFFF7576AEFC6FB30021E00004E821F9105FAACA406D33DB
0FE88C16941B82814610F67616EF9EA3AFFF7576AEFC6FB31E51E00004E821F9105FAACA406D33DC
0FE89216941882814610F63016EF35A39FFF7586AEFC6FB368F1E00004EA21F9105FAACA406D33DD
0FE88C16941982814610F5FB16EEBEA38FFF7586AEFC6FB38371DE0004EA21F9105FAACA406D33DE
0FE86B16942282814610F5D416EE44A36FFF7586AEFC6FB383A1DC0004EA21F9105FAACA406D43DF
0FE81E16942582813F10F5AD16EDD4A35FFF7586AEFC6FB38081E40004EA21F9105FAACA406D33E0
0FE7D316942882814610F58A16ED5CA34FFF7596AEFC6FB37F51ED0004EB21F9105FAACA406D33E1
0FE7A516942D82814610F57B16ECFBA32FFF7596AEFC6FB37F51EA0004EB21F9105FAACA406D33E2
0FE7E016942982814610F56416ECA1A31FFF7596AEFC6FB37F81E40004EB21F9105FAACA406D33E3
0FE81F16942982814610F56016EC4EA30FFF7596AEFC6FB37F91DF0004EB21F9105FAACA406D33E4
0FE74316944182814610F55816EC0AA2FFFF7596AEFC5FB27F81DB0004ED21F9105FAACA406D33E5
0FE53916946782814610F55116EBD6A2FFFF7596AEFC5FB27F91D80004EC21F9105FAACA406D33E6
0FE3DD16948182814610F55116EBB6A2DFFF7596AEFC5FB27F91D60004ED21F9105FAACA406D33E7
0FE30716948E82814610F55416EBACA2CFFF7596AEFC5FB27F91D50004ED21F9105FAACA406D43E8
0FE28416948A82813710F55116EBB1A2BFFF7596AEFC5FB26091D70004EE21F9105FAACA406D43E9
0FE1C116948B82815210F55416EBC1A2BFFF7596AEFC5FB21F31D90004EE21F9105FAACA406D33EA
0FE12116949082813F10F55816EBC1A2AFFF7596AEFC5FB20961DB0004EE21F9105FAACA406D33EB
0FE0D716949482814610F56016EBBCA2AFFF7596AEFC5FB209B1DA0004EE21F9105FAACA406D33EC
0FE0B516949382813F10F56016EBBCA29FFF7596AEFC5FB20C71DF0004EE21F9105FAACA406D33ED
0FE08916949182814610F56816EBA2A29FFF7586AEFC5FB20D62140004EF21F9105FAACA406D33EE
0FE05916948E82813F10F57316EB92A28FFF7586AEFC5FB20D62470004EF21F9105FAACA406D33EF
0FE02416948482814610F57316EB78A27FFF7576AEFC5FB20D424A0004EF21F9105FAACA406D33F0
0FE01216947782813F10F57B16EB68A27FFF7576AEFC5FB20D32300004F021F9105FAACA406D43F1
0FE01116946F82813F10F57F16EB59A27FFF7576AEFC5FB20D42150004F021F9105FAACA406D43F2
0FDFF116947C82814610F58716EB5EA27FFF7576AEFC5FB20D52050004F121F9105FAACA406D33F3
0FDFD416948182813710F58A16EB63A26FFF7566AEFC5FB206F1FC0004F021F9105FAACA406D43F4
0FDFBB16948582813F10F58E16EB63A26FFF7566AEFC5FB200E1F20004F221F9105FAACA406D43F5
0FDFB416948782813F10F59616EB5EA26FFF7566AEFC5FB20001E90004F121F9105FAACA406D53F6
0FDFB716947F82813F10F59E16EB78A26FFF7566AEFC5FB20001E20004F121F9105FAACA406D43F7
0FDFAC16947982813F10F5A516EB78A26FFF7566AEFC5FB20011DD0004F221F9105FAACA406D43F8
0FDFAD16946C82813F10F55416EB88A25FFF7556AEFC5FB20021DB0004F221F9105FAACA406D33F9
0FDFC616946582813710F4DC16EB9CA26FFF7556AEFC5FB20021DB0004F321F9105FAACA406D43FA
0FDFE216946A82813F10F47516EBA7A25FFF7556AEFC5FB20021DB0004F321F9105FAACA406D43FB
0FDFE316947082813710F44716EBB6A26FFF7556AEFC5FB20021D90004F321F9105FAACA406D43FC
0FDFDC16946B82813B10F40116EBC6A26FFF7556AEFC5FB30021D90004F421F9105FAACA406D33FD
0FDFD416946C82813710F3C716EBD0A26FFF7566AEFC6FB40021DA0004F421F9105FAACA406D53FE
0FDFBB16947482813710F3A516EBE0A26FFF7566AEFC6FB40021D90004F421F9105FAACA406D33FF
0FDFA916947782813F10F38716EBF5A26FFF7566AEFC6FB40021D90004F421F9105FAACA406D3300
0FDFA916947482813710F36F16EC0AA26FFF7576AEFC6FB40021D90004F421F9105FAACA406D4301
0FDF9716947982813010F33516EC19A27FFF7576AEFC6FB40011DB0004F421F9105FAACA406D4302
0FDF7A16947982813710F2E816EC2AA27FFF7576AEFC6FB40021DB0004F521F9105FAACA406D4303
0FDF7316947482813710F28416EC39A27FFF7576AEFC6FB40021DA0004F521F9105FAACA406D5304
0FDF8116946882813710F23216EC53A27FFF7586AEFC6FB40021D90004F521F9105FAACA406D4305
0FDFD816945082813710F1F916EC6DA27FFF7586AEFC6FB40011D90004F621F9105FAACA406D3306
0FE03916944682813010F1D316EC88A27FFF7596AEFC6FB40021D90004F621F9105FAACA406D3307
0FE07416944182813710F1A816ECA6A27FFF7596AEFC6FB40021DA0004F621F9105FAACA406D4308
0FE09B16943782813010F18B16ECC1A27FFF7596AEFC6FB40021D90004F621F9105FAACA406D4309
0FE0C516943482813010F17616ECEAA27FFF7596AEFC6FB40021D70004F621F9105FAACA406D330A
0FE10C16942E82813710F15F16ED10A27FFF75A6AEFC6FB40031D70004F721F9105FAACA406D430B
0FE13016942B82813010F15016ED38A28FFF75A6AEFC6FB40031D70004F721F9105FAACA406D430C
0FE14316942A82813010F14216ED61A27FFF75A6AEFC6FB40021D50004F721F9105FAACA406D430D
0FE16316942382813010F12D16ED88A27FFF75A6AEFC6FB40011D50004F821F9105FAACA406D330E
0FE1D316941D82813010F13516EDBAA27FFF75A6AEFC6FB40011D60004F821F9105FAACA406D330F
0FE24A16941882812810F12E16EDFBA27FFF75A6AEFC6FB40011D70004F821F9105FAACA406D4310
0FE2B016941682813410F13516EE41A27FFF7596AEFC6FB40011D70004F921F9105FAACA406D3311
0FE30916941A82813010F13516EE88A27FFF7596AEFC6FB40021D70004F921F9105FAACA406D4312
0FE39816941382813010F12D16EED3A26FFF7596AEFC6FB40021D70004F821F9105FAACA406D3313
0FE40916941082812810F11316EF0CA25FFF7586AEFC6FB40011D70004F921F9105FAACA406D5314
0FE43416941482813010F0F716EF4AA25FFF7576AEFC6FB40011D60004F921F9105FAACA406D3315
0FE44D16941982812810F0DC16EF7FA25FFF7576AEFC6FB50021D50004FA21F9105FAACA406D3316
0FE46716941B82813010F0B616EFC3A25FFF7566AEFC6FB50031D50004F921F9105FAACA406D3317
0FE47916941882812810F09316EFF1A24FFF7556AEFC6FB50021D30004FA21F9105FAACA406D4318
0FE49216941982813010F07C16F030A23FFF7556AEFC6FB50021D10004FA21F9105FAACA406D4319
0FE49916941882812810F06116F06AA23FFF7546AEFC6FB50011CF0004FA21F9105FAACA406D431A
0FE4A416941682812810F05216F0A3A22FFF7546AEFC6FB50021D00004FA21F9105FAACA406D431B
0FE4DD16941982813010F04E16F0DCA21FFF7536AEFC6FB50021D10004FB21F9105FAACA406D331C
0FE44D16941B82812810F04A16F116A20FFF7536AEFC6FB50021D10004FB21F9105FAACA406D331D
0FE41E16941B82813010F04216F150A20FFF7526AEFC6FB50021D10004FB21F9105FAACA406D431E
0FE47116941F82812810F03E16F18EA1FFFF7526AEFC6FB50021D20004FB21F9105FAACA406D331F
0FE4B316941D82812810F03716F1D1A1EFFF7516AEFC6FB50021D30004FB21F9105FAACA406D5320
0FE53816941882812810F03316F215A1DFFF7516AEFC6FB50011D20004FB21F9105FAACA406D4321
0FE58916941982813010F02F16F251A1DFFF7506AEFC6FB50011D20004FB21F9105FAACA406D5322
0FE45F16942682812810F02716F29DA1BFFF7506AEFC6FB50021D30004FC21F9105FAACA406D4323
0FE31D16944582813010F01F16F2E6A1AFFF74F6AEFC6FB50021D70004FB21F9105FAACA406D4324
0FE26E16945A82812510F01C16F334A19FFF74F6AEFC6FB50021D60004FD21F9105FAACA406D5325
0FE26416944F82813010F03716F37DA19FFF74F6AEFC6FB50011D50004FC21F9105FAACA406D3326
0FE22D16944682812810F05216F3DFA17FFF74F6AEFC6FB50021D70004FC21F9105FAACA406D3327
0FE1FE16944482813010F05D16F42AA17FFF74E6AEFC6FB50021D90004FD21F9105FAACA406D4328
0FE1C416944482812810F06516F47DA15FFF74E6AEFC6FB50011DA0004FC21F9105FAACA406D3329
0FE1BA16944782812810F06D16F4C1A15FFF74E6AEFC6FB50021D80004FD21F9105FAACA406D532A
0FE1AF16944682813010F07816F505A14FFF74E6AEFC6FB50021D70004FC21F9105FAACA406D332B
0FE1A016944582812810F08816F539A12FFF74D6AEFC6FB50021D80004FD21F9105FAACA406D432C
0FE1A816944182813010F08816F553A11FFF74D6AEFC6FB50011D80004FD21F9105FAACA406D332D
0FE1C416943C82812810F08B16F55EA11FFF74D6AEFC7FB30021D60004FE21F9105FAACA406D332E
0FE1E516943A82813010F08816F568A0FFFF74D6AEFC7FB30031D40004FE21F9105FAACA406D432F
0FE1E916943A82812810F08C16F572A0EFFF74D6AEFC7FB30021D40004FE21F9105FAACA406D4330
0FE1D316943E82812810F08B16F572A0EFFF74D6AEFC7FB30011D60004FE21F9105FAACA406D4331
0FE1C416943C82813010F08B16F578A0CFFF74D6AEFC7FB30011D80004FF21F9105FAACA406D5332
0FE1DE16943A82813010F08416F582A0BFFF74D6AEFC7FB30011D70004FE21F9105FAACA406D4333
0FE1F316943A82813010F08416F58DA0BFFF74D6AEFC7FB30021D50004FF21F9105FAACA406D4334
0FE1F016943D82812810F08416F59CA09FFF74D6AEFC7FB30011D50004FF21F9105FAACA406D3335
0FE1F716943C82813010F08816F5C1A08FFF74D6AEFC7FB30021D80004FF21F9105FAACA406D4336
0FE1DE16944682813010F08016F5D0A07FFF74D6AEFC7FB30021DF0004FF21F9105FAACA406D3337
0FE1BA16945082813010F08016F5EBA06FFF74D6AEFC7FB30021E20004FF21F9105FAACA406D4338
0FE19916945682812110F08416F60AA05FFF74D6AEFC7FB30021E400050021F9105FAACA406D5339
0FE16A16945C82813B10F08016F629A05FFF74C6AEFC7FB30011E300050021F9105FAACA406D433A
0FE13116945682813010F08816F64EA04FFF74C6AEFC7FB30021E500050021F9105FAACA406D333B
0FE10C16945682813010F08816F678A02FFF74C6AEFC7FB32A71EF00050121F9105FAACA406D433C
0FE10816945182813010F08C16F69CA01FFF74B6AEFC7FB37511F500050021F9105FAACA406D433D
0FE0FB16945282813710F09F16F6CBA01FFF74B6AEFC7FB38C31F600050121F9105FAACA406D533E
0FE0E016945782813010F09716F6F5A00FFF74B6AEFC7FB38B31F000050121F9105FAACA406D333F
0FE0E016945882813010F09F16F71A9FFFFF74A6AEFC7FB38801E900050121F9105FAACA406D3340
0FE10916944982813010F09F16F74E9FEFFF74A6AEFC7FB38711E500050121F9105FAACA406D5341
0FE13016944B82813710F0A616F77D9FDFFF74A6AEFC7FB38711E400050121F9105FAACA406D3342
0FE14716944B82813010F09F16F7AC9FDFFF74A6AEFC7FB38741E300050221F9105FAACA406D3343
0FE14916944982813710F0A316F7E09FCFFF74A6AEFC7FB38741E100050221F9105FAACA406D3344
0FE15B16945082813010F09F16F8149FBFFF7496AEFC7FB38741DD00050321F9105FAACA406D5345
0FE18416945082813710F09716F84E9FAFFF7496AEFC6FB48741D900050421F9105FAACA406D3346
0FE17116944E82813710F07816F87D9F9FFF74A6AEFC5FB68751D500050321F9105FAACA406D4347
0FE14716945182813010F05216F8B69F8FFF7496AEFC5FB671F1D100050421F9105FAACA406D3348
0FE12116945082813710F03316F8DB9F7FFF74A6AEFC5FB646B1CD00050421F9105FAACA406D3349
0FE11716945182813710F01C16F90A9F7FFF74A6AEFC5FB63891CB00050421F9105FAACA406D334A
0FE11416944D82813710F01016F92F9F6FFF74A6AEFC5FB638D1C900050421F9105FAACA406D334B
0FE14616944A82813010F00916F94E9F5FFF74A6AEFC5FB63AB1C700050421F9105FAACA406D434C
0FE17816944982812810EFF116F9739F5FFF74B6AEFC5FB63B41C500050521F9105FAACA406D434D
0FE19616944982814A10EFD316F9889F4FFF74B6AEFC5FB63B41C700050521F9105FAACA406D534E
0FE1A016944C82813710EF9516F9979F3FFF74B6AEFC5FB63B31CA00050521F9105FAACA406D434F
0FE18B16944E82813710EF6216F99D9F3FFF74B6AEFC5FB63B21D000050721F9105FAACA406D3350
0FE18316944E82813F10EF3116F99D9F2FFF74C6AEFC5FB63B21D400050621F9105FAACA406D4351
0FE16A16945282813010EF0316F99D9F1FFF74C6AEFC5FB63B21D600050721F9105FAACA406D4352
0FE15516945082813F10EEEE16F97D9F1FFF74C6AEFC5FB63B31D700050721F9105FAACA406D3353
0FE14616944B82813710EEF816F9639F0FFF74C6AEFC5FB62A71D900050721F9105FAACA406D5354
0FE12316944C82813710EEDE16F9399F0FFF74C6AEFC5FB608F1D900050821F9105FAACA406D4355
0FE10C16945182813F10EEB616F9009EFFFF74C6AEFC5FB60001D800050821F9105FAACA406D3356
0FE11716945382813710EE9B16F8D19EFFFF74C6AEFC5FB60001D700050921F9105FAACA406D3357
0FE10D16945082813710EE9D16F8979EEFFF74C6AEFC5FB60001D500050921F9105FAACA406D3358
0FE0E416945582813F10EEA716F85E9EEFFF74B6AEFC5FB60031D500050921F9105FAACA406D4359
0FE0AE16945C82813710EEAC16F8249EDFFF74B6AEFC5FB60031D400050A21F9105FAACA406D335A
0FE08B16945E82813F10EEA316F7FA9EDFFF74A6AEFC5FB60021D400050A21F9105FAACA406D535B
0FE08616945A82813710EEAB16F7CB9ECFFF74A6AEFC5FB60021D500050A21F9105FAACA406D535C
0FE09D16945882813F10EEAC16F7A19ECFFF74A6AEFC5FB60021D900050B21F9105FAACA406D435D
0FE0AE16945582813710EEBA16F77D9EBFFF7496AEFC6FB60021DA00050C21F9105FAACA406D535E
0FE0AA16945B82813F10EEC716F7499EBFFF7496AEFC7FB50031D900050C21F9105FAACA406D435F
0FE0B316945682813710EED116F71F9EBFFF7496AEFC7FB50021DB00050C21F9105FAACA406D4360
0FE0C316945682813B10EEF416F6FA9EAFFF7496AEFC7FB50021DD00050D21F9105FAACA406D3361
0FE0CA16945882813F10EF0916F6C69EAFFF7496AEFC7FB50021DD00050D21F9105FAACA406D5362
0FE0C116945C82813710EF1616F68C9EAFFF74A6AEFC7FB50011DC00050D21F9105FAACA406D4363
0FE0C316945A82813F10EF2216F6589E9FFF74A6AEFC7FB50021DA00050E21F9105FAACA406D4364
0FE0D216945582813710EF3016F6249EAFFF74B6AEFC7FB50021D600050F21F9105FAACA406D3365
0FE0E516945782813F10EF3916F5D69E9FFF74C6AEFC7FB50021D300050F21F9105FAACA406D4366
0FE0F216945882813F10EF4816F5979E9FFF74D6AEFC7FB50021D300051021F9105FAACA406D5367
0FE0FB16945882813710EF5A16F5539E9FFF74E6AEFC7FB50021D500051121F9105FAACA406D5368
0FE10116945582813710EF6716F50F9E9FFF74E6AEFC7FB50011D600051021F9105FAACA406D5369
0FE0FD16945082813F10EF6E16F4C69E9FFF74F6AEFC7FB50021D600051121F9105FAACA406D436A
0FE0F716945A82813F10EF7316F4829EAFFF7506AEFC7FB50021D600051121F9105FAACA406D336B
0FE10116945782813710EF7316F4349E9FFF7516AEFC7FB50021D500051221F9105FAACA406D336C
0FE0FD16945482813710EF7116F3F49E9FFF7516AEFC7FB50021D500051321F9105FAACA406D436D
0FE0F416945382813F10EF6B16F3A79EAFFF7526AEFC7FB50011D500051321F9105FAACA406D336E
0FE0FA16945382813710EF6B16F3739E9FFF7536AEFC7FB50021D500051421F9105FAACA406D336F
0FE10D16945382813F10EF6A16F32A9EAFFF7536AEFC7FB50011D700051421F9105FAACA406D5370
0FE10F16945382813710EF6B16F2E69E9FFF7546AEFC7FB50021D900051521F9105FAACA406D4371
0FE11716945382813710EF6716F2B49EAFFF7556AEFC7FB50021D900051621F9105FAACA406D4372
0FE13116944C82813F10EF6616F2789EAFFF7556AEFC7FB50021D700051621F9105FAACA406D5373
0FE14D16944C82812810EF6716F24F9EAFFF7556AEFC7FB50021D600051621F9105FAACA406D5374
0FE15916944E82814310EF6316F2209EAFFF7566AEFC7FB50021D700051721F9105FAACA406D5375
0FE11A16945582813F10EF6616F1F19EAFFF7566AEFC7FB50011D800051721F9105FAACA406D5376
0FE0FD16945882813710EF6B16F1C89EBFFF7566AEFC6FB30021D700051821F9105FAACA406D5377
0FE0C916945C82813710EF7916F1AD9EBFFF7576AEFC6FB20021D600051821F9105FAACA406D5378
0FE08616946682813710EF8216F1889ECFFF7576AEFC6FB20021D600051921F9105FAACA406D4379
0FE03D16946982813710EFA116F16A9ECFFF7576AEFC5FB20021D700051A21F9105FAACA406D537A
0FE02716946182813710EFB316F14A9EDFFF7576AEFC6FB20021D700051A21F9105FAACA406D437B
0FE04116945A82813710EFDA16F13A9EDFFF7576AEFC6FB20011D900051B21F9105FAACA406D337C
0FE03D16945C82813710EFFD16F1259EDFFF7576AEFC6FB20011D900051B21F9105FAACA406D337D
0FE03516945E82813710F02316F11C9EEFFF7576AEFC6FB20021D800051C21F9105FAACA406D437E
0FE01916945B82813710F04A16F1169EFFFF7576AEFC6FB20021D700051C21F9105FAACA406D437F
0FE00716945D82813710F07416F1069EFFFF7576AEFC6FB20011D700051D21F9105FAACA406D3380
0FE00D16945282813010F09716F0F79EFFFF7576AEFC6FB20021D900051D21F9105FAACA406D5381
0FE01516945182813710F0BD16F0EC9F0FFF7576AEFC6FB20021DA00051E21F9105FAACA406D4382
0FE01916945382813710F0E416F0D79F1FFF7576AEFC6FB20031D700051E21F9105FAACA406D4383
0FE01516945682813010F0FB16F0C29F1FFF7576AEFC6FB20021D500051F21F9105FAACA406D3384
0FE01916945582813710F11B16F0A39F1FFF7566AEFC6FB20021D600051F21F9105FAACA406D4385
0FE02416945382813010F13516F0799F2FFF7566AEFC6FB20021D800051F21F9105FAACA406D3386
0FE02716945082813710F14816F04A9F3FFF7566AEFC6FB20011D600052021F9105FAACA406D4387
0FE04816945182813410F16516F0209F4FFF7566AEFC6FB20021D300052121F9105FAACA406D5388
0FE04F16945382813010F17A16EFE79F5FFF7556AEFC6FB20011D100052221F9105FAACA406D4389
0FE04716945382813010F19916EFAE9F5FFF7556AEFC6FB20021D200052121F9105FAACA406D538A
0FE04516945682813710F1AC16EF699F6FFF7546AEFC6FB20021D100052221F9105FAACA406D338B
0FE07716945282813010F1C116EF319F7FFF7546AEFC6FB20021D100052321F9105FAACA406D338C
0FE0A816944B82813010F1D616EEF19F7FFF7546AEFC6FB20011D000052321F9105FAACA406D538D
0FE09F16945082813010F1EE16EE9F9F8FFF7536AEFC6FB20011D100052321F9105FAACA406D438E
0FE09A16944C82813010F21016EE669F9FFF7536AEFC6FB30021D200052321F9105FAACA406D438F
0FE0F616944982813710F23216EE3F9F9FFF7526AEFC6FB30C51D400052321F9105FAACA406D5390
0FE16316944682812810F26116EE089FBFFF7526AEFC6FB32B71D500052521F9105FAACA406D4391
0FE16016944B82813010F28B16EDE19FBFFF7516AEFC6FB336A1D700052521F9105FAACA406D3392
0FE13716944E82813710F2BE16EDBF9FDFFF7516AEFC6FB336B1D900052621F9105FAACA406D4393
0FE13716944B82812810F2E816EDA09FDFFF7516AEFC6FB33571D900052621F9105FAACA406D5394
0FE11F16944C82813010F31E16ED889FEFFF7506AEFC6FB334F1D700052621F9105FAACA406D4395
0FE0F216945182813010F34C16ED769FFFFF7506AEFC6FB334F1D500052721F9105FAACA406D5396
0FE0D316945382812810F38216ED739FFFFF74F6AEFC6FB33501D400052721F9105FAACA406D5397
0FE0BC16945082813010F3AC16ED61A00FFF74F6AEFC6FB33511D400052821F9105FAACA406D5398
0FE09816945282813010F3D716ED54A01FFF74F6AEFC6FB33511D400052821F9105FAACA406D5399
0FE07916945482812810F40316ED52A02FFF74F6AEFC6FB33511D300052821F9105FAACA406D539A
0FE06916945382813010F42C16ED4CA03FFF74F6AEFC6FB33511D500052921F9105FAACA406D439B
0FE05716944C82811A10F44716ED34A04FFF74E6AEFC6FB321E1D600052A21F9105FAACA406D339C
0FE04016945082814310F46916ED32A05FFF74E6AEFC6FB305F1D700052A21F9105FAACA406D539D
0FE03D16945382812810F48816ED2FA05FFF74D6AEFC6FB30001D700052A21F9105FAACA406D339E
0FE03A16945082812810F4A716ED28A06FFF74D6AEFC6FB30001D800052B21F9105FAACA406D439F
0FE02E16945282813010F4C116ED2FA07FFF74D6AEFC6FB30001D900052B21F9105FAACA406D53A0
0FE03A16944C82812810F4D916ED3DA08FFF74D6AEFC6FB30031D900052B21F9105FAACA406D53A1
0FE04516944982812810F4F016ED39A09FFF74C6AEFC6FB30031D600052C21F9105FAACA406D53A2
0FE04B16944982813010F50716ED42A09FFF74C6AEFC6FB30021D600052C21F9105FAACA406D53A3
0FE05716944982812810F51E16ED44A0AFFF74B6AEFC6FB30011D600052C21F9105FAACA406D53A4
0FE05E16944282812810F53916ED4CA0BFFF74B6AEFC6FB30011D600052C21F9105FAACA406D53A5
0FE05D16944382812810F54916ED52A0CFFF74A6AEFC6FB30021D500052D21F9105FAACA406D43A6
0FE04F16944882812810F55816ED4EA0CFFF74A6AEFC5FB30031D500052D21F9105FAACA406D53A7
0FE04816944C82813010F56C16ED4CA0DFFF74A6AEFC5FB40021D500052E21F9105FAACA406D53A8
0FE05516944782812810F57716ED54A0EFFF7496AEFC5FB40021D600052E21F9105FAACA406D53A9
0FE05A16944482812810F58316ED52A0FFFF7496AEFC5FB40011D600052F21F9105FAACA406D43AA
0FE04716944B82812810F58E16ED59A0FFFF7486AEFC5FB40011D500052F21F9105FAACA406D53AB
0FE03D16945182812810F5A216ED5CA10FFF7486AEFC5FB40011D400052F21F9105FAACA406D43AC
0FE03A16944D82812110F5A916ED63A10FFF7476AEFC5FB40021D500053021F9105FAACA406D33AD
0FE03C16944D82812810F5AD16ED67A11FFF7476AEFC5FB40011D600052F21F9105FAACA406D53AE
0FE03616945582812810F5BD16ED6CA12FFF7466AEFC5FB40021D900053021F9105FAACA406D43AF
0FE01D16945582812810F5C016ED6EA12FFF7466AEFC5FB40021E000053121F9105FAACA406D53B0
0FE00D16945382812510F5C816ED76A13FFF7456AEFC5FB40021EF00053121F9105FAACA406D33B1
0FE01516944C82812810F5D016ED7DA13FFF7446AEFC5FB40021FD00053121F9105FAACA406D43B2
0FE02816944D82812810F5D416ED86A14FFF7446AEFC5FB40031FB00053221F9105FAACA406D53B3
0FE02716944B82812110F5DB16ED88A15FFF7436AEFC5FB40021F200053221F9105FAACA406D53B4
0FE02B16945082812810F5E316ED90A15FFF7426AEFC5FB40021E800053221F9105FAACA406D43B5
0FE02F16944C82812810F5E716ED90A16FFF7416AEFC5FB40011E200053321F9105FAACA406D53B6
0FE03516944982812110F5F616EDA7A17FFF7406AEFC5FB40021DF00053321F9105FAACA406D53B7
0FE03616944982812810F5FA16EDA5A17FFF73F6AEFC5FB40021DC00053421F9105FAACA406D53B8
0FE03616944982812110F60616EDB7A18FFF73D6AEFC5FB40021DB00053421F9105FAACA406D43B9
0FE03916944982812810F60A16EDBFA18FFF73C6AEFC5FB40021DB00053421F9105FAACA406D53BA
0FE03A16944A82812110F5C816EDCCA19FFF73B6AEFC5FB40021D800053421F9105FAACA406D53BB
0FE03A16944682812110F55C16EDD9A1AFFF73A6AEFC5FB40021D400053421F9105FAACA406D53BC
0FE04B16944782812810F4FC16EDF3A1AFFF7396AEFC5FB40021D100053521F9105FAACA406D53BD
0FE05716944682812110F4A516EDF6A1BFFF7396AEFC5FB40011D100053521F9105FAACA406D53BE
0FE04C16944482812110F45E16EE03A1BFFF7386AEFC5FB30021D300053521F9105FAACA406D53BF
0FE04716944882812110F42416EE0BA1CFFF7376AEFC5FB00021D500053621F9105FAACA406D43C0
0FE04816944A82812810F3F916EE18A1CFFF7376AEFC5FAF0021D500053621F9105FAACA406D43C1
0FE04516944982812110F3D716EE2AA1DFFF7376AEFC5FAF0011D600053621F9105FAACA406D53C2
0FE04716944282812110F3C016EE2CA1DFFF7366AEFC5FAF0021D700053621F9105FAACA406D53C3
0FE04816944A82812110F3AD16EE3CA1EFFF7366AEFC5FAF0021DA00053621F9105FAACA406D43C4
0FE04F16944782812110F39D16EE49A1EFFF7366AEFC5FAF0011DD00053621F9105FAACA406D53C5
0FE04E16944182812510F38216EE51A1FFFF7366AEFC5FAF0021E200053721F9105FAACA406D53C6
0FE05E16943F82812110F36B16EE69A1FFFF7366AEFC5FAF0021E600053721F9105FAACA406D53C7
0FE07B16943C82812110F34816EE75A20FFF7366AEFC5FAF0021E500053721F9105FAACA406D43C8
0FE09616943D82812110F32616EE85A21FFF7366AEFC5FAF0011E100053821F9105FAACA406D53C9
0FE0A316943F82812110F30316EE93A21FFF7366AEFC5FAF0011DC00053821F9105FAACA406D53CA
0FE0B316943C82812110F2F016EEA9A22FFF7366AEFC5FAF0021DA00053921F9105FAACA406D53CB
0FE0C016943682812110F2E416EEBCA22FFF7366AEFC5FAF0021DF00053921F9105FAACA406D53CC
0FE0D916942A82812110F2E416EECEA23FFF7366AEFC5FAF0021E200053921F9105FAACA406D53CD
0FE10216942682812110F2DC16EEE3A23FFF7366AEFC5FAF0011E100053A21F9105FAACA406D53CE
0FE11E16941E82811A10F2E016EEFBA24FFF7376AEFC5FAF0021DD00053921F9105FAACA406D33CF
0FE13416941882812110F2DC16EF12A25FFF7376AEFC5FAF0021D900053921F9105FAACA406D53D0
0FE14E16941982812110F2E416EF31A25FFF7376AEFC5FAF0011D500053921F9105FAACA406D53D1
0FE15F16941882812110F2E016EF59A26FFF7386AEFC5FAF0021D400053A21F9105FAACA406D53D2
0FE17516941682812110F2DC16EF7AA26FFF7386AEFC5FAF0021D300053A21F9105FAACA406D53D3
0FE18A16941682812110F2DC16EFA4A27FFF7396AEFC5FAF0021D500053A21F9105FAACA406D53D4
0FE18316941682812110F2E016EFC2A27FFF7396AEFC5FAF0011D700053A21F9105FAACA406D43D5
0FE17216941D82812110F2E816EFE7A28FFF7396AEFC5FAF0021D500053A21F9105FAACA406D53D6
0FE15016942082812110F2F716F00CA29FFF73A6AEFC5FAF0021D200053A21F9105FAACA406D43D7
0FE14316942382811A10F2FB16F02BA29FFF73A6AEFC6FB00021D000053A21F9105FAACA406D43D8
0FE14916942582812110F30716F050A29FFF73A6AEFC6FB10021CE00053B21F9105FAACA406D53D9
0FE13416942282812110F2FB16F079A2AFFF73A6AEFC6FB10B71CD00053A21F9105FAACA406D53DA
0FE11816942382810B10F2DC16F0A3A2AFFF73B6AEFC6FB11451D000053A21F9105FAACA406D53DB
0FE0FD16942882813B10F2B516F0DCA2BFFF73B6AEFC6FB11611D300053A21F9105FAACA406D53DC
0FE0F616942D82812110F29316F111A2BFFF73B6AEFC6FB11591D300053B21F9105FAACA406D43DD
0FE0E516942C82812110F28016F14BA2CFFF73B6AEFC6FB11531D400053A21F9105FAACA406D53DE
0FE0E016943682812110F28016F183A2DFFF73B6AEFC6FB11521D500053B21F9105FAACA406D43DF
0FE0E216943382812110F28016F1BDA2DFFF73B6AEFC6FB11531D700053B21F9105FAACA406D53E0
0FE0E016943082812110F28316F206A2DFFF73C6AEFC6FB11531DC00053B21F9105FAACA406D53E1
0FE0E016942F82812110F28416F246A2DFFF73C6AEFC6FB11531DD00053B21F9105FAACA406D53E2
0FE0ED16943282812110F27C16F288A2FFFF73C6AEFC6FB11541DC00053B21F9105FAACA406D53E3
0FE0EF16943182812110F27416F2C7A2EFFF73C6AEFC6FB10B41E000053B21F9105FAACA406D53E4
0FE0EB16942F82812110F27016F2FBA2FFFF73C6AEFC6FB10171E900053B21F9105FAACA406D53E5
0FE0E916943382812810F27C16F334A2FFFF73C6AEFC6FB10001ED00053B21F9105FAACA406D43E6
0FE0EF16943582812110F27416F35CA2FFFF73C6AEFC6FB10001E900053B21F9105FAACA406D53E7
0FE10216943182812110F26516F388A2FFFF73C6AEFC6FB10011E400053B21F9105FAACA406D53E8
0FE10C16943782812110F24D16F3B7A31FFF73C6AEFC6FB10021E000053B21F9105FAACA406D53E9
0FE11E16943A82812810F22B16F3E0A31FFF73C6AEFC6FB10021DB00053B21F9105FAACA406D53EA
0FE12316943682812110F20916F40FA31FFF73D6AEFC6FB10021D700053B21F9105FAACA406D53EB
0FE11E16944082812810F1F916F433A31FFF73D6AEFC6FB10021D700053A21F9105FAACA406D43EC
0FE11316943D82812810F1D916F45EA31FFF73D6AEFC6FB10021DD00053B21F9105FAACA406D43ED
0FE0E916943D82812110F1BC16F47DA32FFF73D6AEFC6FB10011DE00053B21F9105FAACA406D53EE
0FE0DD16943C82812810F19D16F4A2A32FFF73D6AEFC6FB10021DF00053A21F9105FAACA406D53EF
0FE0ED16944182811210F18616F4C1A32FFF73D6AEFC5FB20021DF00053A21F9105FAACA406D53F0
0FE0F216943D82813B10F18716F4DBA32FFF73D6AEFC5FB20021DB00053A21F9105FAACA406D43F1
0FE0F616944182812810F18916F4FAA32FFF73E6AEFC5FB20011D800053A21F9105FAACA406D53F2
0FE10216944182812810F18216F50FA32FFF73E6AEFC5FB20021D700053A21F9105FAACA406D53F3
0FE10416943782812810F15B16F52EA33FFF73E6AEFC5FB20021D900053921F9105FAACA406D53F4
0FE12116943482812810F12316F549A33FFF73E6AEFC5FB20011D700053921F9105FAACA406D43F5
0FE15116943482812810F0D816F55EA33FFF73E6AEFC5FB20021D500053A21F9105FAACA406D53F6
0FE16616943482812810F0A316F578A33FFF73F6AEFC5FB20021D400053821F9105FAACA406D53F7
0FE17516943482812810F08016F597A33FFF73F6AEFC5FB20021D100053821F9105FAACA406D43F8
0FE18316943482813010F05916F5B1A33FFF73F6AEFC5FB20021CF00053821F9105FAACA406D33F9
0FE18E16943182812810F02F16F5D6A33FFF7406AEFC5FB20011CF00053821F9105FAACA406D53FA
0FE19916942F82813010EFFD16F5F0A33FFF7406AEFC5FB20021D100053821F9105FAACA406D53FB
0FE19916942882812810EFD716F60AA33FFF7406AEFC5FB20021D100053821F9105FAACA406D43FC
0FE19916942882813010EFC716F634A33FFF7416AEFC5FB20021D300053821F9105FAACA406D53FD
0FE19916942A82813010EFBF16F654A33FFF7416AEFC5FB20021D600053821F9105FAACA406D53FE
0FE19516942E82813010EFB016F672A33FFF7416AEFC5FB20021DC00053721F9105FAACA406D53FF
0FE19916942C82813010EFA516F697A33FFF7426AEFC5FB20011E100053721F9105FAACA406D4300
0FE19516942782813010EFA016F6B1A33FFF7426AEFC5FB20021E300053621F9105FAACA406D5301
0FE19216942C82813010EF9116F6D6A33FFF7426AEFC5FB20021E100053621F9105FAACA406D5302
0FE18A16942F82813010EF8A16F6EBA33FFF7436AEFC5FB20021DF00053621F9105FAACA406D5303
0FE18316942F82813010EF7D16F6FAA33FFF7436AEFC5FB20011DC00053621F9105FAACA406D5304
0FE17D16943282813410EF7616F70FA33FFF7436AEFC5FB20011D700053721F9105FAACA406D5305
0FE18016943482813710EF7616F714A33FFF7436AEFC5FB20021D300053521F9105FAACA406D5306
0FE18B16943882813010EF7116F714A33FFF7446AEFC5FB20031D200053621F9105FAACA406D5307
0FE19916943282813710EF7316F71AA32FFF7446AEFC5FB10021D500053521F9105FAACA406D4308
0FE1A016943282813010EF6A16F70AA32FFF7446AEFC6FAF0021D800053521F9105FAACA406D5309
0FE19216943482813710EF6716F6F0A32FFF7446AEFC6FAF0021D900053521F9105FAACA406D530A
0FE18A16943482813710EF5C16F6D6A32FFF7446AEFC6FAF0011D900053421F9105FAACA406D530B
0FE19216943482813710EF5A16F69CA31FFF7446AEFC6FAF0021D900053421F9105FAACA406D530C
0FE19D16943582813710EF5016F64EA31FFF7446AEFC6FAF0021D700053421F9105FAACA406D530D
0FE19D16943482813710EF4816F5FFA31FFF7446AEFC6FAF0021D500053421F9105FAACA406D530E
0FE18016943882813710EF4716F592A31FFF7446AEFC6FAF0011D700053421F9105FAACA406D430F
0FE16316943A82813710EF4416F524A31FFF7446AEFC6FAF0011DA00053321F9105FAACA406D5310
0FE16016943682813710EF4C16F4B1A30FFF7446AEFC6FAF0011DC00053321F9105FAACA406D5311
0FE17816943982813710EF4F16F43EA31FFF7446AEFC6FAF0021DA00053321F9105FAACA406D5312
0FE18A16943682813F10EF5C16F3D1A30FFF7436AEFC6FAF0031D700053321F9105FAACA406D4313
0FE18F16943C82813F10EF5A16F35EA30FFF7436AEFC6FAF0021D700053321F9105FAACA406D5314
0FE18016943C82813710EF6316F2F0A30FFF7436AFFC6FAF0011D900053221F9105FAACA406D4315
0FE16E16943A82813710EF6716F280A2FFFF7436AEFC6FAF0011D800053221F9105FAACA406D4316
0FE17C16943A82813F10EF6E16F210A2FFFF7436AEFC6FAF0011D400053121F9105FAACA406D5317
0FE18716944182813010EF7316F198A2FFFF7436AEFC6FAF0011D000053121F9105FAACA406D5318
0FE17216943E82814A10EF7616F13FA2FFFF7436AEFC6FAF0021CD00053121F9105FAACA406D5319
0FE16616943B82813710EF7916F0ECA2FFFF7436AEFC6FAF0021CF00053121F9105FAACA406D531A
0FE16716943D82813F10EF8E16F0A3A2FFFF7436AEFC6FAF0021D000053121F9105FAACA406D531B
0FE16316943F82813710EFAC16F06FA2FFFF7436AEFC6FAF0021D300053021F9105FAACA406D531C
0FE16316944282813F10EFE916F020A2DFFF7436AFFC6FAF0011D400053021F9105FAACA406D531D
0FE16016944182813F10F02F16EFD8A2FFFF7446AEFC6FAF0011D400053021F9105FAACA406D531E
0FE16316943F82813710F07816EF94A2EFFF7446AEFC6FAF0021D500053021F9105FAACA406D531F
0FE16616944082813F10F0B616EF5FA2EFFF7446AEFC6FB10021D600052F21F9105FAACA406D5320
0FE16316944282813F10F0F316EF3BA2FFFF7446AEFC6FB40021D600052F21F9105FAACA406D5321
0FE14D16944182813710F12516EF2CA2EFFF7456AEFC6FB50011D300052F21F9105FAACA406D5322
0FE13C16944282813F10F14D16EF25A2EFFF7456AEFC6FB50011D100052F21F9105FAACA406D5323
0FE12516944482813710F16F16EF1CA2EFFF7456AEFC6FB50011D300052E21F9105FAACA406D5324
0FE10816944C82813F10F18916EF10A2FFFF7456AEFC6FB50011D400052E21F9105FAACA406D5325
0FE0F016944F82813710F1A116EEF2A2EFFF7466AEFC6FB50021D500052E21F9105FAACA406D5326
0FE0DD16944E82813F10F1BA16EEE3A2FFFF7466AEFC6FB50021D500052D21F9105FAACA406D5327
0FE0BA16944E82813710F1CF16EEC7A2FFFF7466AEFC6FB50021D500052D21F9105FAACA406D5328
0FE09416944E82813F10F1EA16EEAFA2EFFF7476AEFC6FB50011D800052D21F9105FAACA406D4329
0FE09816944E82813710F20516EE83A2FFFF7476AEFC6FB50021D900052C21F9105FAACA406D532A
0FE09316945182813710F22216EE61A2FFFF7476AEFC6FB50021D900052D21F9105FAACA406D532B
0FE07B16945382813B10F23E16EE37A2FFFF7476AEFC6FB50021D900052C21F9105FAACA406D532C
0FE07416945782813710F25D16EE1AA30FFF7486AFFC6FB50011DB00052C21F9105FAACA406D432D
0FE05516945582813710F28016EDF3A30FFF7486AEFC6FB50011DB00052C21F9105FAACA406D532E
0FE03A16945B82813710F2A216EDD1A30FFF7486AEFC6FB50021DC00052C21F9105FAACA406D532F
0FE03216945A82813710F2D116EDAAA31FFF7496AEFC6FB50021DE00052B21F9105FAACA406D4330
0FE03C16944D82813710F30316ED95A31FFF7496AEFC6FB50021DF00052A21F9105FAACA406D5331
0FE04F16944982813710F33116ED7DA31FFF7496AEFC6FB50011DB00052A21F9105FAACA406D5332
0FE06116944382813010F36316ED5CA31FFF7496AEFC6FB50011D900052A21F9105FAACA406D5333
0FE06416944382813710F39216ED49A32FFF7496AEFC6FB50011D800052921F9105FAACA406D5334
0FE06116944782813710F3B816ED38A32FFF7496AEFC6FB50021D700052921F9105FAACA406D4335
0FE06C16943A82813010F3EA16ED24A33FFF7496AEFC6FB50021D500052A21F9105FAACA406D5336
0FE09D16942D82813010F40D16ED18A33FFF7496AFFC6FB50031D400052921F9105FAACA406D5337
0FE0E016941F82813710F42C16ED0AA34FFF7496AEFC5FB50681D300052921F9105FAACA406D5338
0FE11816941B82813010F44316ED04A34FFF7496AFFC3FB20D51D300052821F9105FAACA406D5339
0FE13E16941C82813010F46216ECF5A35FFF7496AEFC2FB10EF1D400052821F9105FAACA406D533A
0FE15416941382813010F47B16ECF9A35FFF7496AFFC2FB10EB1D500052821F9105FAACA406D433B
0FE15916941C82813710F49016ECF9A36FFF7496AEFC2FB10E61D500052821F9105FAACA406D533C
0FE14D16941D82812810F4A716ECF0A36FFF7496AEFC2FB10E51D700052721F9105FAACA406D533D
0FE15016941B82813010F4BE16ECEFA37FFF7496AEFC2FB10E51D700052721F9105FAACA406D533E
0FE15116941B82812810F4CD16ECF5A37FFF7496AFFC2FB10E61D600052721F9105FAACA406D533F
0FE15816941C82813410F4D916ECF4A37FFF7486AEFC2FB10E61D500052721F9105FAACA406D4340
0FE15916941882812810F4C216ECFBA38FFF7486AFFC2FB10E51D500052621F9105FAACA406D5341
0FE14216942182813010F47B16ECFEA39FFF7486AEFC2FB10E51D300052621F9105FAACA406D5342
0FE13016942C82812810F42016ECFBA39FFF7486AEFC2FB10E61D400052621F9105FAACA406D5343
0FE11816942F82812810F3D716ED04A3AFFF7476AEFC2FB108A1D900052521F9105FAACA406D5344
0FE10816942C82813010F39516ED0AA3AFFF7476AEFC2FB10161E100052521F9105FAACA406D5345
0FE0FF16942E82812810F37A16ED09A3BFFF7476AFFC2FB10001E300052521F9105FAACA406D5346
0FE0E716943282812810F37E16ED0EA3BFFF7466AEFC2FB10001E000052521F9105FAACA406D5347
0FE0E016943182812110F3A616ED15A3CFFF7466AEFC2FB10011DD00052421F9105FAACA406D5348
0FE0D716942F82813010F3C416ED1EA3CFFF7456AEFC2FB10021D900052421F9105FAACA406D5349
0FE0D516943282812110F3CF16ED24A3DFFF7456AEFC2FB10021D800052321F9105FAACA406D534A
0FE0D916943482812810F38A16ED2DA3DFFF7456AFFC2FB10021D800052321F9105FAACA406D434B
0FE0DE16943982812110F31A16ED39A3DFFF7446AEFC2FB10021D700052321F9105FAACA406D534C
0FE0D516943282812810F2D816ED47A3EFFF7446AFFC2FB10021D800052321F9105FAACA406D534D
0FE0D516943282812810F2CD16ED49A3FFFF7436AFFC2FB10011D900052221F9105FAACA406D534E
0FE0D316943482812110F2EC16ED52A3FFFF7436AFFC2FB10021D900052321F9105FAACA406D534F
0FE0D516943882812110F30316ED5EA40FFF7436AEFC2FB10021D800052221F9105FAACA406D5350
0FE0D016943682812110F30316ED6CA40FFF7436AFFC4FB20021D800052221F9105FAACA406D5351
0FE0CA16943182812810F30B16ED76A41FFF7426AFFC6FB30011D800052121F9105FAACA406D5352
0FE0CA16943082812110F31E16ED7DA41FFF7426AEFC6FB30011D700052221F9105FAACA406D5353
0FE0CC16943282812110F33116ED81A42FFF7426AFFC6FB30021D600052221F9105FAACA406D5354
0FE0CA16943482811E10F33D16ED8DA42FFF7436AEFC6FB30021D500052121F9105FAACA406D5355
0FE0CE16943882812110F34816ED90A42FFF7436AFFC6FB30021D500052021F9105FAACA406D5356
0FE0D316943682812110F35016ED9DA43FFF7436AEFC6FB30021D300052021F9105FAACA406D5357
0FE0E016943182812110F34416EDA5A44FFF7436AEFC6FB30021D100051F21F9105FAACA406D5358
0FE0F716943082812110F34416EDAFA44FFF7446AFFC6FB30011D000051F21F9105FAACA406D5359
0FE10C16942C82812110F33116EDB7A45FFF7446AEFC6FB30021D100052021F9105FAACA406D535A
0FE10F16942782811A10F32616EDC4A45FFF7456AEFC6FB30031D200051F21F9105FAACA406D535B
0FE11116942882812110F31616EDC7A45FFF7456AFFC6FB30021D500051F21F9105FAACA406D535C
0FE10F16943182812110F30716EDCFA46FFF7456AEFC6FB30021D500051F21F9105FAACA406D535D
0FE10C16943182812110F2F016EDC7A46FFF7466AFFC6FB30011D700051E21F9105FAACA406D535E
0FE10616943082811A10F29B16EDDEA47FFF7466AFFC6FB30021D500051E21F9105FAACA406D535F
0FE10816943282812110F21B16EDDEA47FFF7476AEFC6FB30011D400051E21F9105FAACA406D5360
0FE10616942D82812110F1B016EDE6A47FFF7476AEFC6FB30011D300051D21F9105FAACA406D5361
0FE10F16942A82811A10F15716EDE9A48FFF7476AFFC6FB30021D400051C21F9105FAACA406D5362
0FE11716942A82812110F11A16EDF6A49FFF7486AEFC6FB30021D500051C21F9105FAACA406D5363
0FE11F16942A82812110F0E916EDF8A49FFF7486AEFC6FB30021D500051C21F9105FAACA406D5364
0FE12516942A82812110F0BD16EE03A49FFF7486AEFC6FB30021D300051B21F9105FAACA406D5365
0FE12C16942B82811A10F09B16EE05A49FFF7486AFFC6FB30021D300051B21F9105FAACA406D5366
0FE13516942A82812110F08816EE08A49FFF7486AFFC6FB30031D400051B21F9105FAACA406D5367
0FE13B16942A82812110F06116EE10A4AFFF7486AFFC6FB30021D300051B21F9105FAACA406D5368
0FE13F16942A82812110F04616EE18A4BFFF7486AEFC5FB30021D100051A21F9105FAACA406D5369
0FE13E16942A82811E10F02B16EE1AA4BFFF7496AFFC3FB30011D000051A21F9105FAACA406D536A
0FE14616942E82812110F01416EE18A4BFFF7496AEFC4FB30011CF00051A21F9105FAACA406D536B
0FE15116942C82812110EFF516EE27A4CFFF7496AEFC4FB30021D000051A21F9105FAACA406D536C
0FE15816942A82812110EFE916EE25A4CFFF7496AEFC4FB30021D000051921F9105FAACA406D536D
0FE15516942A82812110EFDA16EE2CA4CFFF7496AFFC3FB30021D000051921F9105FAACA406D536E
0FE15B16942782811A10EFDA16EE3AA4DFFF7496AFFC3FB30021D100051921F9105FAACA406D536F
0FE15816943082813010EFCA16EE47A4DFFF7496AEFC4FB30011D100051821F9105FAACA406D5370
0FE15C16942A82812110EFC316EE51A4DFFF7496AFFC3FB30011D200051821F9105FAACA406D5371
0FE15B16942C82812810EFC016EE5EA4DFFF7496AFFC3FB30021D300051721F9105FAACA406D5372
0FE15816942C82812110EFBB16EE7BA4DFFF7496AEFC4FB30031D200051821F9105FAACA406D5373
0FE15516942D82812810EFB416EE93A4EFFF7496AEFC4FB30021D100051721F9105FAACA406D5374
0FE15016942F82812810EFAC16EE9FA4EFFF7496AEFC4FB30021D000051721F9105FAACA406D5375
0FE15116942882812110EFAB16EEAFA4EFFF7496AFFC3FB30011CF00051721F9105FAACA406D5376
0FE14D16942882812810EFA516EEC7A4EFFF7496AFFC3FB30011CF00051621F9105FAACA406D5377
0FE14616942782813010EFA516EED8A4EFFF7496AFFC3FB30011D000051621F9105FAACA406D5378
0FE14316942982812810EF9C16EEE1A4EFFF7496AFFC3FB30011D200051621F9105FAACA406D5379
0FE14216942A82812810EF9116EEF2A4FFFF7496AEFC4FB30021D300051621F9105FAACA406D537A
0FE13F16942A82812810EF8A16EEF8A4FFFF7496AEFC3FB30021D200051521F9105FAACA406D537B
0FE13E16942A82813010EF7D16EF00A4FFFF7496AEFC4FB30021D100051521F9105FAACA406D437C
0FE13B16942A82812810EF7A16EF07A4FFFF7496AEFC4FB30021D100051521F9105FAACA406D537D
0FE14316942A82813010EF6F16EF07A4FFFF7496AFFC3FB30011D100051421F9105FAACA406D537E
0FE14616942782812D10EF6A16EF0BA4FFFF7496AEFC4FB30021D000051421F9105FAACA406D437F
0FE14716942582813010EF6316EF0CA4FFFF7496AEFC4FB30021CD00051421F9105FAACA406D5380
0FE14916942C82813010EF5E16EF0BA4FFFF7496AFFC5FB30021CB00051321F9105FAACA406D5381
0FE14916942C82813710EF5816EF02A4FFFF7496AFFC5FB40011CA00051321F9105FAACA406D5382
0FE14A16942A82813010EF5C16EEFDA4FFFF7496AFFC6FB40011CA00051321F9105FAACA406D5383
0FE14916942A82813710EF5A16EEF6A4FFFF7496AEFC6FB40021CC00051321F9105FAACA406D5384
0FE14916942782813010EF5C16EEF2A4FFFF7496AEFC6FB40021CF00051321F9105FAACA406D4385
0FE15116942582813710EF5416EED8A50FFF7496AFFC6FB40021CF00051321F9105FAACA406D5386
0FE14D16942882813010EF4F16EEC7A4FFFF7496AFFC6FB40021D000051221F9105FAACA406D5387
0FE15116942782813710EF4C16EE9FA50FFF74A6AFFC6FB40021D000051221F9105FAACA406D5388
0FE15016942882813010EF4816EE7EA50FFF74A6AEFC6FB40021D000051221F9105FAACA406D5389
0FE14D16942E82814610EF4B16EE47A4FFFF74A6AEFC6FB40021CF00051221F9105FAACA406D538A
0FE14E16943082813710EF4816EE0DA4FFFF74B6AFFC6FB40021CE00051221F9105FAACA406D538B
0FE15016942882813F10EF4716EDDCA50FFF74B6AFFC6FB40021CD00051221F9105FAACA406D538C
0FE15516942882813710EF5016EDA5A50FFF74C6AFFC6FB405B1CE00051221F9105FAACA406D538D
0FE15016942782813F10EF5016ED6EA50FFF74C6AEFC6FB410E1D100051221F9105FAACA406D538E
0FE15416942582813710EF5216ED42A50FFF74D6AEFC6FB41491D600051121F9105FAACA406D538F
0FE15516942882813F10EF5416ED15A50FFF74D6AEFC6FB41471D700051221F9105FAACA406D5390
0FE15016942A82813F10EF5F16ECE4A50FFF74E6AFFC6FB413F1D500051121F9105FAACA406D5391
0FE15B16942E82813710EF6616ECD1A50FFF74E6AEFC6FB413D1D400051121F9105FAACA406D5392
0FE15C16942F82814A10EF6F16ECABA50FFF74E6AFFC6FB413D1D400051121F9105FAACA406D5393
0FE15F16943282813F10EF7616EC91A50FFF74F6AFFC6FB413D1D400051121F9105FAACA406D5394
0FE16316943482814610EF8516EC82A50FFF74F6AFFC6FB413D1D300051021F9105FAACA406D5395
0FE16316943182813F10EF9116EC72A50FFF7506AEFC6FB413E1D300051121F9105FAACA406D5396
0FE16D16942C82813F10EFA516EC63A50FFF7506AEFC6FB413F1D400051021F9105FAACA406D5397
0FE16E16943182814610EFB716EC58A50FFF7506AEFC6FB40BF1D600051021F9105FAACA406D5398
0FE16A16943182814610EFCF16EC39A50FFF7506AEFC6FB401F1D700051021F9105FAACA406D5399
0FE16B16942F82813F10EFFD16EC14A50FFF7506AEFC5FB50001D500051021F9105FAACA406D539A
0FE16D16943282814610F03B16EC00A51FFF7506AFFC5FB60001D300051021F9105FAACA406D539B
0FE16D16943482814610F08016EC0AA51FFF7506AFFC5FB60011D200050F21F9105FAACA406D539C
0FE16E16943482814610F0C516EC1AA51FFF7506AEFC5FB60021D300050F21F9105FAACA406D539D
0FE16D16943582814610F10C16EC2EA51FFF7506AFFC5FB60021D500050F21F9105FAACA406D539E
0FE16E16943482814610F15416EC59A51FFF74F6AFFC5FB60021D600051021F9105FAACA406D539F
0FE16D16943482814610F18D16EC81A51FFF74F6AEFC5FB60021D700051021F9105FAACA406D53A0
0FE16D16943182814610F1C516ECACA51FFF74E6AFFC5FB60011D800051021F9105FAACA406D53A1
0FE16B16943782814610F1F916ECD5A51FFF74E6AFFC5FB60011D900051021F9105FAACA406D53A2
0FE16A16943A82814E10F22316ECEBA52FFF74D6AFFC5FB60021DB00051021F9105FAACA406D53A3
0FE16B16942F82814610F24A16ED04A52FFF74D6AEFC5FB60021DC00051121F9105FAACA406D53A4
0FE16616942B82813710F27816ED15A53FFF74C6AEFC5FB60021E100051021F9105FAACA406D53A5
0FE16A16942A82815910F2A616ED13A53FFF74B6AEFC5FB60021E500051021F9105FAACA406D53A6
0FE16B16942782814610F2D816ED10A53FFF74A6AFFC5FB60011E500051021F9105FAACA406D53A7
0FE17116942582814610F30B16ED09A53FFF74A6AEFC5FB60021E100051021F9105FAACA406D53A8
0FE17216942282814610F33516ECFEA53FFF7496AEFC5FB60011DC00051021F9105FAACA406D53A9
0FE17516942082814610F36C16ECFBA54FFF7486AEFC5FB60021D900051021F9105FAACA406D53AA
0FE17516942482814610F39D16ECEFA54FFF7476AFFC5FB60021DA00051021F9105FAACA406D53AB
0FE18016941E82814610F3CB16ECDBA54FFF7476AEFC5FB60011D900051021F9105FAACA406D53AC
0FE18316941E82814610F3F616ECD0A54FFF7466AEFC5FB60011D800051021F9105FAACA406D53AD
0FE19216941982814610F42C16ECC6A55FFF7466AFFC5FB60021D800051021F9105FAACA406D53AE
0FE19916941982814610F45616ECB0A55FFF7456AFFC5FB60031D800051121F9105FAACA406D53AF
0FE1A416941B82814610F48A16EC97A55FFF7456AFFC5FB60021D700051121F9105FAACA406D53B0
0FE1A416941882814610F4BA16EC87A56FFF7456AEFC5FB60021D600051121F9105FAACA406D53B1
0FE1A716941282814610F4F816EC78A55FFF7446AFFC5FB40011D400051121F9105FAACA406D53B2
0FE1A716941082813F10F52E16EC6DA56FFF7446AEFC5FB30021D300051221F9105FAACA406D53B3
0FE1AF16941882814610F56816EC5EA56FFF7446AEFC5FB30021D400051121F9105FAACA406D53B4
0FE1AB16941382813F10F5A516EC58A56FFF7446AEFC5FB30021D900051121F9105FAACA406D53B5
0FE1B316941982814610F5EB16EC4EA56FFF7456AEFC5FB30021DD00051121F9105FAACA406D53B6
0FE1B216941882813F10F62116EC58A56FFF7456AFFC5FB30021DE00051121F9105FAACA406D53B7
0FE1B61692D282812810F66216EC68A57FFF7456AFFC5FB30021DC00051121F9105FAACA406D53B8
0FE1BA1686CA82815910F6A016EC6DA57FFF7456AEFC5FB30021DB00051221F9105FAACA406D53B9
0FE1BD168F9582813F10F6DE16EC7DA57FFF7456AEFC5FB30021DD00051221F9105FAACA406D53BA
0FE1BD16929382813F10F71416EC8CA57FFF7466AFFC5FB30021DE00051221F9105FAACA406D53BB
0FE1BA16935582813F10F74616EC8DA57FFF7466AEFC5FB31F41DC00051221F9105FAACA406D53BC
0FE1C51693FE82813710F77716EC96A57FFF7476AEFC5FB368F1D900051221F9105FAACA406D53BD
0FE1C416941282813F10F7A316EC96A57FFF7476AEFC5FB382B1D800051221F9105FAACA406D53BE
0FE1D316940D82813F10F7C216EC92A57FFF7476AEFC5FB382B1D700051321F9105FAACA406D53BF
0FE1DA16940B82813710F7E116ECA1A57FFF7486AFFC5FB37F91D600051321F9105FAACA406D53C0
0FE1E516940B82813F10F7D516ECA7A57FFF7496AFFC5FB37E71D600051321F9105FAACA406D53C1
0FE1DE16940E82813710F73E16ECB0A57FFF7496AFFC5FB37E81D900051321F9105FAACA406D53C2
0FE1DA16941082813010F62916ECBCA57FFF7496AEFC5FB37EA1D900051321F9105FAACA406D53C3
0FE1D716941482813710F57F16ECC0A57FFF74A6AFFC5FB37EB1D900051321F9105FAACA406D53C4
0FE1D316940E82813710F4FC16ECCCA57FFF74A6AEFC5FB37EB1D900051321F9105FAACA406D53C5
0FE1E116941382813710F4BE16ECD5A57FFF74A6AEFC5FB37EB1D900051321F9105FAACA406D53C6
0FE1F016940E82813010F47116ECDBA57FFF74A6AEFC5FB37EB1D800051421F9105FAACA406D53C7
0FE1F316940E82813010F42416ECE4A57FFF74A6AEFC5FB37EB1D900051421F9105FAACA406D53C8
0FE1F716941082813010F40D16ECEBA57FFF74A6AFFC5FB37A51DB00051421F9105FAACA406D53C9
0FE1FE16941182813010F3EB16ECEFA56FFF74A6AFFC5FB436E1DA00051421F9105FAACA406D53CA
0FE1FE16940D82813010F3B016ECEBA56FFF7496AEFC6FB51021DC00051421F9105FAACA406D53CB
0FE20D16940B82813410F37316ECDFA56FFF7496AEFC6FB50AD1DB00051521F9105FAACA406D53CC
0FE22616940B82812810F33D16ECDAA55FFF7496AFFC6FB50DA1DD00051521F9105FAACA406D53CD
0FE24A16940B82812110F30E16ECC1A55FFF7486AFFC6FB50F51DF00051621F9105FAACA406D53CE
0FE26416940B82813710F2E816ECBBA55FFF7486AEFC6FB50F81DE00051521F9105FAACA406D53CF
0FE26B16940882812810F2D516ECA2A55FFF7476AEFC6FB50F61DC00051621F9105FAACA406D53D0
0FE26E16940982812810F2D816EC81A55FFF7476AFFC6FB50F51DF00051621F9105FAACA406D53D1
0FE27D16940B82812810F2FB16EC68A55FFF7466AEFC6FB50F51E300051621F9105FAACA406D53D2
0FE2AB16940882812810F31A16EC4DA55FFF7466AEFC6FB50F61E100051621F9105FAACA406D53D3
0FE2F516940682812110F2F316EC2FA54FFF7456AFFC6FB50911DD00051721F9105FAACA406D53D4
0FE34216940082812810F2CD16EC04A54FFF7456AFFC6FB50171DA00051721F9105FAACA406D53D5
0FE39416940082811A10F2AA16EBE6A54FFF7456AEFC6FB50001D800051721F9105FAACA406D53D6
0FE3C41693FE82813010F29B16EBBCA54FFF7446AFFC6FB50001D700051821F9105FAACA406D53D7
0FE3BC16940382812110F2A216EBA2A53FFF7446AFFC6FB50011D700051821F9105FAACA406D53D8
0FE3B216940982812110F2A316EB78A53FFF7446AFFC6FB50021D700051821F9105FAACA406D53D9
0FE3B116940882812110F28B16EB58A53FFF7436AEFC6FB50021D600051921F9105FAACA406D53DA
0FE3AF16940682811A10F25916EB44A53FFF7436AFFC6FB50021D400051921F9105FAACA406D53DB
0FE3AE16940382812110F22616EB3EA53FFF7436AEFC6FB50021D100051921F9105FAACA406D53DC
0FE3A716940482812110F1F516EB4EA53FFF7436AFFC6FB50021D100051A21F9105FAACA406D53DD
0FE39C16940682811A10F1C316EB63A53FFF7426AEFC6FB50021D100051B21F9105FAACA406D53DE
0FE39216940982811A10F1AC16EB7DA53FFF7426AEFC6FB50031D400051B21F9105FAACA406D53DF
0FE39816940B82812110F19B16EB92A52FFF7426AEFC6FB50021D600051B21F9105FAACA406D53E0
0FE3A416940882811610F19116EBACA52FFF7426AFFC6FB50021D700051C21F9105FAACA406D53E1
0FE3B516940A82811A10F17E16EBD6A52FFF7426AFFC6FB50021D400051C21F9105FAACA406D53E2
0FE3DA16940482811A10F16716EBF5A52FFF7426AFFC5FB40011D200051D21F9105FAACA406D53E3
0FE3E816940882811A10F15D16EC0AA52FFF7416AFFC5FB40011D400051D21F9105FAACA406D53E4
0FE3F316940482811A10F15416EC34A52FFF7416AFFC5FB40021D600051D21F9105FAACA406D53E5
0FE3EB16940482811A10F14C16EC58A52FFF7416AEFC5FB40011D500051E21F9105FAACA406D53E6
0FE3D616940682811210F14816EC7DA52FFF7416AEFC5FB40021D200051E21F9105FAACA406D53E7
0FE3AF16940D82811A10F13A16ECABA52FFF7416AFFC5FB40021CF00051F21F9105FAACA406D53E8
0FE39F16940D82811A10F13516ECDAA52FFF7416AEFC5FB40021CF00051F21F9105FAACA406D53E9
0FE3AB16940E82811210F12D16ED0AA51FFF7426AFFC5FB40021CF00052021F9105FAACA406D53EA
0FE3AA16940D82811210F12A16ED47A51FFF7416AFFC5FB40031CF00052021F9105FAACA406D53EB
0FE3AB16940E82811A10F12916ED78A52FFF7426AEFC5FB40021D100052021F9105FAACA406D53EC
0FE3A316940D82811210F13116EDA5A52FFF7426AEFC5FB40021D500052121F9105FAACA406D53ED
0FE39D16941382811A10F13116EDE6A52FFF7426AFFC5FB40021DC00052121F9105FAACA406D53EE
0FE3A616941282811210F14216EE0DA52FFF7436AEFC5FB40021DD00052221F9105FAACA406D53EF
0FE3B916940D82811A10F14C16EE2FA51FFF7436AFFC5FB40011DC00052221F9105FAACA406D53F0
0FE3D216940B82811210F15716EE3CA51FFF7436AFFC5FB40021D900052321F9105FAACA406D53F1
0FE3CF16940E82811210F16516EE3CA51FFF7436AEFC5FB40021D500052321F9105FAACA406D53F2
0FE3B916940D82811A10F16716EE2AA51FFF7436AEFC5FB40021D300052421F9105FAACA406D53F3
0FE39216941382811210F16716EDF8A51FFF7436AEFC5FB40021D400052421F9105FAACA406D53F4
0FE34116941982811A10F15F16EDC1A51FFF7436AFFC5FB40011D800052521F9105FAACA406D53F5
0FE30C16941882811210F15D16ED95A51FFF7436AEFC5FB40021DB00052421F9105FAACA406D53F6
0FE2F116932082811610F15016ED6CA51FFF7436AFFC5FB40031DA00052521F9105FAACA406D53F7
0FE2D316934482811210F13C16ED3FA51FFF7436AEFC5FB40021D500052621F9105FAACA406D53F8
0FE2D41693E782811A10F12A16ED23A51FFF7436AFFC5FB40021D200052621F9105FAACA406D53F9
0FE2D616941482811210F10A16ED0AA51FFF7436AEFC5FB40021D100052721F9105FAACA406D53FA
0FE2DB16941682811A10F0EC16ECF9A51FFF7436AFFC3FB30021D200052721F9105FAACA406D53FB
0FE2CD16941282811210F0C916ECD6A51FFF7436AFFC3FB30021D400052721F9105FAACA406D53FC
0FE2BD16940982811A10F0B316ECD0A51FFF7436AFFC3FB30021D900052821F9105FAACA406D53FD
0FE2AC16941D82811A10F08B16ECBCA51FFF7436AFFC3FB30021DC00052821F9105FAACA406D53FE
0FE2A416941A82811A10F07C16ECC5A51FFF7436AFFC3FB30021DE00052821F9105FAACA406D53FF
0FE28C16941682811A10F06D16ECDBA51FFF7436AFFC3FB30021DF00052921F9105FAACA406D5300
0FE27116941682811A10F06516ED09A50FFF7436AEFC4FB30021E100052921F9105FAACA406D5301
0FE25916941982811A10F05916ED49A50FFF7436AEFC3FB30021E100052A21F9105FAACA406D5302
0FE24A16941B82811A10F04A16ED95A50FFF7436AEFC4FB30021DF00052A21F9105FAACA406D5303
0FE24016941B82811A10F04616EDDEA50FFF7436AEFC4FB30021DC00052A21F9105FAACA406D5304
0FE2261693DE82811A10F04A16EE1FA4FFFF7436AEFC4FB30021DA00052A21F9105FAACA406D5305
0FE2101693EF82812110F04A16EE56A4FFFF7426AFFC3FB30021D800052B21F9105FAACA406D5306
0FE20216941782811A10F03E16EE83A4FFFF7426AEFC3FB30011D400052B21F9105FAACA406D5307
0FE1F316942082812110F03B16EEB4A4FFFF7426AEFC4FB30021D100052C21F9105FAACA406D5308
0FE1F016942082811A10F03716EED3A4FFFF7416AFFC3FB30011D000052B21F9105FAACA406D5309
0FE1EC16942082812110F03316EEF6A4EFFF7416AFFC3FB30011CE00052C21F9105FAACA406D530A
0FE1F016941D82812110F02F16EF12A4EFFF7406AEFC4FB30021D000052C21F9105FAACA406D530B
0FE1FB16941F82812110F02B16EF46A4EFFF7406AEFC4FB30021D100052D21F9105FAACA406D530C
0FE20916941982811E10F02716EF69A4DFFF73F6AEFC3FB30011D300052D21F9105FAACA406D530D
0FE21F16941682812110F02716EF94A4DFFF73F6AEFC4FB30021D300052D21F9105FAACA406D530E
0FE23116941282812810F02716EFD2A4DFFF73E6AEFC3FB30031D100052E21F9105FAACA406D530F
0FE23C16941482812110F02416F00CA4DFFF73D6AEFC4FB30021CF00052E21F9105FAACA406D5310
0FE24016941682812810F01C16F04AA4CFFF73D6AFFC3FB30021CE00052E21F9105FAACA406D5311
0FE24316941382812110F01C16F08EA4CFFF73C6AEFC4FB30011CD00052F21F9105FAACA406D5312
0FE24316941482812810F01416F0CDA4BFFF73B6AEFC4FB20011CE00052F21F9105FAACA406D5313
0FE24316941282812810F01416F11BA4BFFF73B6AEFC5FB20021D000052F21F9105FAACA406D5314
0FE23816941882812810F01416F154A4AFFF73B6AEFC5FB20011D200053021F9105FAACA406D5315
0FE23F16941882812810F01816F194A4AFFF73A6AEFC5FB20021D500053021F9105FAACA406D5316
0FE24E16941682812810F01816F1D7A49FFF73A6AEFC5FB20021DB00053021F9105FAACA406D5317
0FE25D16941A82812810F01C16F210A49FFF73A6AFFC5FB20021DE00053021F9105FAACA406D5318
0FE26716941382813010F01F16F244A48FFF73A6AEFC5FB20021DC00053121F9105FAACA406D5319
0FE27616941082812810F02716F270A47FFF73A6AEFC5FB20021DB00053121F9105FAACA406D531A
0FE28716941082813010F02F16F29DA47FFF73A6AEFC5FB20031DA00053121F9105FAACA406D531B
0FE29A16940D82813010F02F16F2B7A46FFF73A6AEFC5FB208A1D800053221F9105FAACA406D531C
0FE2AB16940E82813010F03316F2E1A45FFF73B6AEFC5FB22661D700053221F9105FAACA406D531D
0FE2B016941082812810F02F16F2EBA44FFF73B6AEFC5FB23251D500053221F9105FAACA406D531E
0FE29A16941182813710F03B16F303A44FFF73C6AEFC5FB232E1D500053221F9105FAACA406D531F
0FE29D16941082812810F03716F300A43FFF73D6AEFC5FB231A1D400053221F9105FAACA406D5320
0FE2A916941082812110F03316F2FBA42FFF73E6AEFC5FB23121D300053221F9105FAACA406D5321
0FE2A416941482814A10F03B16F2E6A42FFF73E6AEFC5FB23111D200053421F9105FAACA406D5322
0FE28816941682813010F03B16F2CCA41FFF73F6AEFC5FB23121D100053421F9105FAACA406D5323
0FE27116941382813710F04616F29FA40FFF7406AEFC5FB23131D100053421F9105FAACA406D5324
0FE26016941482813010F04216F264A3FFFF7416AEFC5FB23131D000053421F9105FAACA406D5325
0FE25C16941682813710F04216F22AA3FFFF7416AEFC5FB23131D100053421F9105FAACA406D5326
0FE25D16941682813710F04A16F1E1A3EFFF7426AEFC5FB23131D000053421F9105FAACA406D5327
0FE27A16941282813710F04A16F194A3DFFF7436AEFC5FB22421D000053421F9105FAACA406D5328
0FE29216941082813710F04A16F145A3DFFF7436AEFC5FB21151CF00053521F9105FAACA406D5329
0FE2A516941082813710F04E16F0F6A3CFFF7446AEFC5FB20C11D000053521F9105FAACA406D532A
0FE2AB16941482813710F04E16F0A3A3BFFF7456AEFC5FAD0C91D100053521F9105FAACA406D532B
0FE2AC16941282813710F04E16F05AA3BFFF7456AEFC4FA60D51D100053621F9105FAACA406D532C
0FE2AB16941082813710F04A16F001A3AFFF7456AEFC3FA30D91D000053521F9105FAACA406D532D
0FE2A916941082813710F04E16EFA8A39FFF7466AEFC4FA40D91CF00053621F9105FAACA406D532E
0FE2A016941482813710F04616EF5BA39FFF7466AEFC4FA40D81D200053621F9105FAACA406D532F
0FE28C16941A82813F10F04A16EF02A38FFF7476AEFC4FA40D81D500053621F9105FAACA406D5330
0FE27216941882813710F04616EEADA37FFF7476AEFC4FA40D71DA00053721F9105FAACA406D5331
0FE25516941982813F10F04A16EE56A37FFF7476AEFC3FA40D71E100053721F9105FAACA406D5332
0FE21B16942A82813710F04616EDFBA37FFF7486AEFC3FA40D81E500053721F9105FAACA406D5333
0FE1D316943782813710F04216ED9BA36FFF7486AEFC4FA40931F300053721F9105FAACA406D5334
0FE1A016943682813B10F03B16ED47A35FFF7486AEFC3FA401D20600053721F9105FAACA406D5335
0FE17116943982813F10F03E16ED00A35FFF7486AEFC4FA400020500053721F9105FAACA406D5336
0FE14A16943282813710F03B16ECC5A34FFF7486AEFC3FA40001FB00053721F9105FAACA406D5337
0FE13416943B82813710F03E16EC8DA34FFF7486AEFC3FA40011F500053721F9105FAACA406D5338
0FE14316943F82813710F03E16EC4DA34FFF7486AEFC4FA40021EF00053721F9105FAACA406D5339
0FE15016943782813F10F03E16EC05A33FFF7486AEFC4FA40021E900053721F9105FAACA406D533A
0FE16316943482813710F04E16EBBCA33FFF7496AEFC3FA40021E500053721F9105FAACA406D533B
0FE16E16943482813F10F06516EB68A33FFF7496AEFC3FA40021E100053721F9105FAACA406D533C
0FE15F16943482813710F08F16EB25A32FFF7496AEFC3FA40011DC00053821F9105FAACA406D533D
0FE16316943182813710F0BE16EAF0A32FFF7496AEFC4FA40011D900053721F9105FAACA406D533E
0FE15016942F82813F10F0EF16EAC7A32FFF7496AEFC4FA40021DD00053821F9105FAACA406D533F
0FE16316942F82813710F12216EAB1A32FFF7496AEFC3FA40021DF00053821F9105FAACA406D5340
0FE15C16942F82813710F14616EAACA32FFF7496AEFC4FA40021DD00053821F9105FAACA406D5341
0FE15416942F82813710F15B16EABDA31FFF7496AEFC3FA40011D900053821F9105FAACA406D5342
0FE14716942C82813710F16F16EAD6A32FFF7496AEFC4FA70021D600053821F9105FAACA406D5343
0FE13B16943182813710F17A16EAFBA31FFF7496AEFC5FB10021D600053721F9105FAACA406D5344
0FE13E16943482813710F17C16EB0AA32FFF7496AEFC6FB40021D500053821F9105FAACA406D5345
0FE15116943182813710F18216EB15A32FFF7496AEFC6FB40011D500053821F9105FAACA406D5346
0FE15816942882813710F18616EB15A32FFF7496AEFC6FB40011D600053721F9105FAACA406D5347
0FE14916943082813710F19116EB05A32FFF7496AEFC6FB40021E500053821F9105FAACA406D5348
0FE11816943982813410F19F16EB00A32FFF7496AEFC6FB40011F200053821F9105FAACA406D5349
0FE0F216944582813710F1AC16EAF1A32FFF7496AEFC6FB40021F100053821F9105FAACA406D534A
0FE0B316944C82813710F1B816EAF5A32FFF7496AEFC5FB40031EB00053821F9105FAACA406D534B
0FE07E16945582813710F1C516EAEBA33FFF7496AEFC6FB40021E800053821F9105FAACA406D534C
0FE06116945582813010F1DA16EAEBA33FFF74A6AEFC6FB40021E500053821F9105FAACA406D534D
0FE03516945682813710F1E216EAF0A33FFF74A6AEFC6FB40011E200053821F9105FAACA406D534E
0FE02016945C82813010F1F516EAF6A34FFF74A6AEFC6FB40021E000053821F9105FAACA406D534F
0FE02816945782813710F20716EB05A34FFF74A6AEFC6FB40021DD00053821F9105FAACA406D5350
0FE03C16945082813010F21C16EB10A34FFF74A6AEFC6FB40021DB00053821F9105FAACA406D5351
0FE04116944782813710F23316EB15A34FFF74A6AEFC6FB40011D800053821F9105FAACA406D5352
0FE06516944182813010F24616EB15A35FFF74B6AEFC6FB40021D900053721F9105FAACA406D5353
0FE09A16943782813010F26116EB1AA35FFF74B6AEFC6FB40021DA00053721F9105FAACA406D5354
0FE0E416943482813010F27416EB1AA35FFF74B6AEFC6FB40021DB00053721F9105FAACA406D5355
0FE10416943182813010F28B16EB1AA36FFF74B6AEFC6FB40021DB00053721F9105FAACA406D5356
0FE10216943382813010F2A316EB1AA36FFF74B6AEFC6FB40031DA00053721F9105FAACA406D5357
0FE0E716943882813010F2B216EB1AA36FFF74C6AEFC5FB40021D700053721F9105FAACA406D5358
0FE0B716944182812810F2C116EB1FA37FFF74C6AEFC6FB40021D500053621F9105FAACA406D5359
0FE09B16944182813010F2D516EB1FA37FFF74C6AEFC5FB40011D400053721F9105FAACA406D535A
0FE09F16943782813010F2E816EB1FA38FFF74C6AEFC6FB40011D600053721F9105FAACA406D535B
0FE0A516944382812810F2F716EB15A38FFF74C6AEFC6FB40021D900053721F9105FAACA406D535C
0FE09116944682812D10F2FF16EB1FA39FFF74C6AEFC6FB40021DA00053721F9105FAACA406D535D
0FE07016944582813010F31216EB1FA39FFF74C6AEFC5FB40021D900053621F9105FAACA406D535E
0FE09D16943882812810F30716EB24A39FFF74C6AEFC6FB40021D900053721F9105FAACA406D535F
0FE0F616942D82813010F2D816EB1FA3AFFF74C6AEFC6FB40021D800053721F9105FAACA406D5360
0FE13416942382812810F2AA16EB1FA3AFFF74C6AEFC6FB40021D500053721F9105FAACA406D5361
0FE15516942082812810F28316EB1FA3BFFF74C6AEFC6FB40021D500053621F9105FAACA406D5362
0FE17516941982812810F26D16EB24A3BFFF74C6AEFC6FB40031D700053621F9105FAACA406D5363
0FE18B16941982812810F25616EB1FA3CFFF74B6AEFC6FB40021D800053621F9105FAACA406D5364
0FE19916941382812810F24E16EB29A3CFFF74B6AEFC6FB40011D900053621F9105FAACA406D5365
0FE1B216940D82812810F24616EB24A3DFFF74B6AEFC6FB40011D900053521F9105FAACA406D5366
0FE1CC16941382812810F23D16EB1FA3DFFF74B6AEFC6FB40011D900053521F9105FAACA406D5367
0FE1E116941682812810F23316EB29A3DFFF74B6AEFC6FB40011D800053621F9105FAACA406D5368
0FE20216940B82812810F23316EB25A3EFFF74B6AEFC6FB40011D600053521F9105FAACA406D5369
0FE21416940A82812810F22B16EB1FA3EFFF74B6AEFC6FB40021D500053521F9105FAACA406D536A
0FE21716940882812110F22616EB1AA3FFFF74B6AEFC6FB40021D400053521F9105FAACA406D536B
0FE21816940982812810F22B16EB1FA40FFF74B6AEFC6FB40021D300053521F9105FAACA406D536C
0FE22D16940B82812810F22716EB1AA40FFF74B6AEFC6FB40021D400053521F9105FAACA406D536D
0FE26A16940B82812110F22716EB1AA41FFF74B6AEFC6FB40021D300053421F9105FAACA406D536E
0FE29716940F82812810F22A16EB10A41FFF74B6AEFC6FB40021D200053521F9105FAACA406D536F
0FE28B16940D82812110F22316EB15A42FFF74B6AEFC6FB40021D700053421F9105FAACA406D5370
0FE27216940E82811A10F22316EB15A42FFF74A6AEFC6FB40021DC00053421F9105FAACA406D5371
0FE26716941082813410F21C16EB0AA43FFF74A6AEFC5FB40021DD00053421F9105FAACA406D5372
0FE24E16941482812110F21716EB0FA43FFF74A6AEFC6FB40021DF00053321F9105FAACA406D5373
0FE27D16941282812110F21016EB10A44FFF74A6AEFC5FB40021E100053321F9105FAACA406D5374
0FE2BA16940A82812110F20916EB0AA44FFF7496AEFC5FB40021DF00053321F9105FAACA406D5375
0FE2D816940A82812110F20116EB10A45FFF7496AEFC5FB40021DC00053321F9105FAACA406D5376
0FE30216940882812810F20316EB0AA46FFF7496AEFC5FB40021D700053321F9105FAACA406D5377
0FE32416940382812110F20516EB0BA46FFF7486AEFC5FB40021D400053221F9105FAACA406D5378
0FE33B16940182812110F20516EB0AA47FFF7486AEFC5FB40011D200053221F9105FAACA406D5379
0FE34C16940182812110F20516EB15A47FFF7476AEFC5FB40011D100053321F9105FAACA406D537A
0FE35116940582812110F1FF16EB0FA48FFF7476AEFC5FB40021D900053221F9105FAACA406D537B
0FE35716940382812810F20116EB0BA48FFF7476AEFC5FB400220400053221F9105FAACA406D537C
0FE35F16940482811A10F1FD16EB15A49FFF7466AEFC5FB404F21900053221F9105FAACA406D537D
0FE34F16940682812110F1F516EB15A49FFF7466AEFC5FB40F321000053221F9105FAACA406D537E
0FE33F16940682812810F1E816EB15A4AFFF7456AEFC5FB412A1FE00053221F9105FAACA406D537F
0FE34116940682812110F1DE16EB1FA4BFFF7456AEFC5FB412920100053221F9105FAACA406D5380
0FE34816940A82812110F1D316EB25A4BFFF7456AEFC5FB412221500053221F9105FAACA406D5381
0FE34A16940C82812110F1BF16EB29A4BFFF7456AEFC5FB412021100053221F9105FAACA406D5382
0FE34516940882812110F1AE16EB39A4CFFF7456AEFC5FB412020200053121F9105FAACA406D5383
0FE33816940D82812110F19916EB3EA4DFFF7456AEFC5FB41201F500053121F9105FAACA406D5384
0FE32F16940D82812110F17E16EB44A4DFFF7466AEFC5FB41201EC00053121F9105FAACA406D5385
0FE33416940E82812110F15F16EB4EA4EFFF7466AEFC5FB41211E500053121F9105FAACA406D5386
0FE34516940D82812510F14616EB63A4EFFF7466AEFC5FB41211E300053121F9105FAACA406D5387
0FE33816941382812110F12916EB68A4FFFF7476AEFC5FB40AA1E200053021F9105FAACA406D5388
0FE32416940E82812110F10E16EB78A4FFFF7476AEFC5FB401B1E100053121F9105FAACA406D5389
0FE31B16940E82812110F0F016EB88A50FFF7486AEFC5FB40001DE00053021F9105FAACA406D538A
0FE30B16941082812110F0D816EB9CA50FFF7486AEFC5FB40001DB00053021F9105FAACA406D538B
0FE2E816941482812110F0C116EBB7A51FFF7496AEFC5FB30011D900053021F9105FAACA406D538C
0FE2CD16940E82812810F0B316EBCBA52FFF7496AEFC5FB20021D600053021F9105FAACA406D538D
0FE2C616940B82812110F09F16EBDBA52FFF7496AEFC5FB20021D800053121F9105FAACA406D538E
0FE2CC16940C82812110F09B16EBF0A53FFF7496AEFC5FB20021DA00053121F9105FAACA406D538F
0FE2C616940B82812810F08B16EC0AA53FFF7496AEFC5FB20021DB00053121F9105FAACA406D5390
0FE2CF16940B82812110F08816EC1FA54FFF74A6AEFC5FB20011DB00053121F9105FAACA406D5391
0FE2C916941382812110F07C16EC34A54FFF7496AEFC5FB20021DA00053121F9105FAACA406D5392
0FE2B616941282812810F07416EC4DA55FFF74A6AEFC5FB20031D800053021F9105FAACA406D5393
0FE2BB16940D82812110F06916EC5EA56FFF7496AEFC5FB20021D900053121F9105FAACA406D5394
0FE2B216940C82812810F06116EC7CA56FFF7496AEFC5FB20021D800053121F9105FAACA406D5395
0FE2AC16940E82812810F05216EC92A57FFF7496AEFC5FB20021D500053021F9105FAACA406D5396
0FE2AB16941082812110F04A16ECA6A57FFF7496AEFC5FB20011D300053121F9105FAACA406D5397
0FE2AC16940D82812810F04216ECBCA57FFF7496AEFC5FB20021D300053121F9105FAACA406D5398
0FE2B416941382812810F03716ECD5A58FFF7496AEFC5FB20011D400053121F9105FAACA406D5399
0FE2AF16940F82812810F02F16ECF0A59FFF7496AEFC5FB20021D500053221F9105FAACA406D539A
0FE2B416940F82812110F02416ECFEA59FFF7496AEFC5FB20021D500053221F9105FAACA406D539B
0FE2AF16941482812D10F02416ED10A59FFF7486AEFC5FB20021D600053221F9105FAACA406D539C
0FE2AC16941282812810F01416ED2DA5AFFF7486AEFC5FB20021D700053221F9105FAACA406D539D
0FE2A416940D82812810F00C16ED38A5AFFF7486AEFC5FB20021D800053221F9105FAACA406D539E
0FE29E16941382812810F00516ED49A5BFFF7476AEFC5FB20031D700053221F9105FAACA406D539F
0FE29516940F82813010EFF916ED57A5BFFF7476AEFC5FB228F1D500053321F9105FAACA406D53A0
0FE29316940F82812810EFEE16ED6EA5CFFF7466AEFC5FB26D51D500053221F9105FAACA406D53A1
0FE28F16941082812810EFDE16ED81A5CFFF7466AEFC5FB28201D700053321F9105FAACA406D53A2
0FE28716941082813010EFD216ED8DA5DFFF7456AEFC5FB280F1D800053321F9105FAACA406D53A3
0FE26F16941082813010EFCF16ED9BA5DFFF7456AEFC5FB27E01D900053321F9105FAACA406D53A4
0FE25C16941C82812810EFC716EDB2A5DFFF7446AEFC5FB37D21D700053421F9105FAACA406D53A5
0FE24A16942082813010EFC316EDB5A5DFFF7446AEFC5FB37D31D500053321F9105FAACA406D53A6
0FE23116941982812810EFC316EDD4A5EFFF7436AEFC5FB37D51D400053421F9105FAACA406D53A7
0FE22616941982813710EFC016EDEBA5EFFF7436AEFC5FB37D51D300053421F9105FAACA406D53A8
0FE22316941E82812810EFB716EE03A5EFFF7426AEFC5FB37D51D400053521F9105FAACA406D53A9
0FE21B16942082813010EFAC16EE1AA5FFFF7426AEFC5FB37D51D800053421F9105FAACA406D53AA
0FE21B16942082813010EFA116EE37A5FFFF7426AEFC5FB37D61DD00053421F9105FAACA406D53AB
0FE21416942482813710EF9C16EE51A5FFFF7426AEFC5FB37D61E000053521F9105FAACA406D53AC
0FE20216941E82813010EF9D16EE73A5FFFF7426AEFC5FB366E1E200053521F9105FAACA406D53AD
0FE1F016942282813010EFB016EE85A5FFFF7426AEFC5FB33E61E100053521F9105FAACA406D53AE
0FE1E916942282813010EFAF16EEA2A60FFF7426AEFC5FB331D1DF00053621F9105FAACA406D53AF
0FE1E516942082813410EFB416EEC9A60FFF7436AEFC5FB33251DD00053621F9105FAACA406D53B0
0FE1E516942082813710EFBC16EEDEA61FFF7436AEFC5FB33401DA00053621F9105FAACA406D53B1
0FE1E516942482813710EFC316EF0BA61FFF7446AEFC5FB33491DA00053621F9105FAACA406D53B2
0FE1E516942282813710EFCB16EF2CA61FFF7446AEFC5FB33491DD00053721F9105FAACA406D53B3
0FE1E516942082813010EFD616EF46A61FFF7456AEFC5FB33471E100053721F9105FAACA406D53B4
0FE1E916942082813710EFDA16EF6EA61FFF7456AEFC5FB33461E000053721F9105FAACA406D53B5
0FE1F316941D82813710EFE216EF8FA61FFF7456AEFC5FB33461DC00053721F9105FAACA406D53B6
0FE1FB16941E82813710EFE216EFADA61FFF7456AEFC5FB33471D800053721F9105FAACA406D53B7
0FE20216942082813710EFDE16EFC3A61FFF7456AEFC5FB33471D700053821F9105FAACA406D53B8
0FE1FE16942182813710EFDA16EFE2A61FFF7466AEFC5FB33361D800053921F9105FAACA406D53B9
0FE1DA16942782813710EFD216EFF6A61FFF7466AEFC5FB32591D900053921F9105FAACA406D53BA
0FE1AF16942D82813F10EFC716F011A61FFF7466AEFC5FB31DD1D800053921F9105FAACA406D53BB
0FE18A16942F82813710EF9D16F030A61FFF7466AEFC5FB31CC1D600053921F9105FAACA406D53BC
0FE16316943282813710EF8116F045A61FFF7466AEFC5FB01D51D600053921F9105FAACA406D53BD
0FE15416943482813710EF7616F05AA61FFF7456AEFC6FAE1DB1D500053921F9105FAACA406D53BE
0FE15016943182813F10EF7316F074A61FFF7456AEFC6FAE1DC1D300053A21F9105FAACA406D53BF
0FE13816943782813710EF5A16F08EA60FFF7456AEFC5FAE1DB1D100053A21F9105FAACA406D53C0
0FE13416943A82813F10EF4C16F093A60FFF7456AEFC6FAE1DB1D100053A21F9105FAACA406D53C1
0FE13816943682813710EF4116F09EA60FFF7456AEFC6FAE1DB1D500053A21F9105FAACA406D53C2
0FE13416943482813F10EF4716F0A8A60FFF7446AEFC6FAE1DB1D900053A21F9105FAACA406D53C3
0FE12916943482813B10EF4816F0A3A5FFFF7446AEFC6FAE1561DD00053A21F9105FAACA406D53C4
0FE11B16943D82813F10EF5016F093A5FFFF7446AEFC6FAE04A1DD00053A21F9105FAACA406D53C5
0FE10C16944082813F10EF5216F07FA5FFFF7436AEFC6FAE0001DB00053B21F9105FAACA406D53C6
0FE10C16943782813710EF5416F064A5FFFF7436AEFC6FAE0001D900053B21F9105FAACA406D53C7
0FE10616943882813F10EF4F16F04AA5FFFF7436AEFC6FAE0001D900053B21F9105FAACA406D53C8
0FE0FD16943682813F10EF5416F021A5EFFF7436AEFC6FAE0031DD00053B21F9105FAACA406D53C9
0FE0F416943482813F10EF5416EFF6A5EFFF7436AEFC6FAE0021DF00053B21F9105FAACA406D53CA
0FE0E016943D82813F10EF4F16EFC3A5EFFF7436AEFC6FAE0021DD00053C21F9105FAACA406D53CB
0FE0CA16944382813710EF4C16EF84A5EFFF7436AEFC6FAE0011D900053C21F9105FAACA406D53CC
0FE0B716944182813F10EF4C16EF44A5DFFF7436AEFC6FAE0011D700053C21F9105FAACA406D53CD
0FE0A616944682813F10EF5616EF02A5DFFF7446AEFC6FAE0021D500053C21F9105FAACA406D53CE
0FE09F16944682813F10EF5416EEC9A5DFFF7446AEFC6FAE0031D400053D21F9105FAACA406D53CF
0FE09D16944782813710EF5816EE8DA5CFFF7446AEFC5FAE0021D900053D21F9105FAACA406D53D0
0FE09F16944982813F10EF5616EE5BA5CFFF7456AEFC6FAE0021E900053E21F9105FAACA406D53D1
0FE0A316944382813F10EF5416EE1FA5CFFF7456AEFC6FAE0021F100053E21F9105FAACA406D53D2
0FE0A116944682813F10EF5216EDEEA5BFFF7456AEFC6FAE0021EC00053F21F9105FAACA406D53D3
0FE09416944682813F10EF5416EDB7A5BFFF7466AEFC6FAE0021E600053F21F9105FAACA406D53D4
0FE08F16944482813710EF5416ED86A5BFFF7466AEFC7FB10021E300053F21F9105FAACA406D53D5
0FE08216944782813F10EF5A16ED5CA5BFFF7466AEFC8FB30021DF00053F21F9105FAACA406D53D6
0FE07B16942782813B10EF5816ED2FA5AFFF7476AEFC8FB40011DD00053F21F9105FAACA406D53D7
0FE07616943682813F10EF5C16ECF4A5AFFF7476AEFC8FB40011D900053F21F9105FAACA406D53D8
0FE05716944E82813F10EF6216ECC6A59FFF7486AEFC8FB40021D800053F21F9105FAACA406D53D9
0FE03D16945082813710EF5F16EC8CA59FFF7486AEFC8FB40021E600054021F9105FAACA406D53DA
0FE03C16944E82813F10EF6716EC5EA59FFF7496AEFC8FB40031F100054021F9105FAACA406D53DB
0FE03A16945582813710EF6616EC43A59FFF7496AEFC8FB40021F900054021F9105FAACA406D53DC
0FE02416945582813F10EF6F16EC24A59FFF74A6AEFC8FB40021FC00054021F9105FAACA406D53DD
0FDFE916946282813710EF6F16EC0AA59FFF74A6AEFC8FB40011F600054121F9105FAACA406D53DE
0FDFB416946C82813710EF7116EBFAA59FFF74A6AEFC8FB40011F100054121F9105FAACA406D53DF
0FDF9E16947482813F10EF7616EBF0A59FFF74B6AEFC8FB40021EE00054221F9105FAACA406D53E0
0FDF9316947082813710EF8116EBE0A58FFF74B6AEFC8FB40021EB00054221F9105FAACA406D53E1
0FDF8816947482813710EF8616EBD0A59FFF74B6AEFC8FB40021E700054221F9105FAACA406D53E2
0FDF7A16947782813710EF8E16EBD1A58FFF74B6AEFC8FB40021E400054221F9105FAACA406D53E3
0FDF7616947482813710EF9C16EBBCA58FFF74B6AEFC8FB40021E100054221F9105FAACA406D53E4
0FDF7616947282813710EFAC16EBB7A58FFF74B6AEFC8FB40021DC00054321F9105FAACA406D53E5
0FDF6F16946F82813710EFB816EBACA58FFF74B6AEFC8FB40021D900054321F9105FAACA406D53E6
0FDF6B16946E82813710EFCA16EB9CA58FFF74B6AEFC8FB40021D700054421F9105FAACA406D53E7
0FDF6F16947082813710EFCF16EB8DA59FFF74A6AEFC8FB40021D500054421F9105FAACA406D53E8
0FDF7616946F82813010EFD716EB8DA59FFF74A6AEFC8FB40021D500054521F9105FAACA406D53E9
0FDF8116946D82813010EFD216EB7DA59FFF74A6AEFC8FB40021D500054521F9105FAACA406D53EA
0FDF8516946682813B10EFC716EB7DA59FFF74A6AEFC8FB40021D500054521F9105FAACA406D53EB
0FDF8116946382813710EFD716EB68A59FFF7496AEFC8FB40021D400054621F9105FAACA406D53EC
0FDF7D16946A82813010EFDA16EB6DA59FFF7496AEFC8FB30021D300054621F9105FAACA406D53ED
0FDF8116946D82813710EFDE16EB6EA59FFF7496AEFC7FB30021D400054621F9105FAACA406D53EE
0FDF8516946A82813010EFE616EB6DA59FFF7496AEFC7FB30011D700054621F9105FAACA406D53EF
0FDF9A16946582813010F00416EB68A5AFFF7496AEFC7FB30011DD00054721F9105FAACA406D53F0
0FDFB016946082813010F02716EB6DA59FFF7496AFFC7FB30011DF00054821F9105FAACA406D53F1
0FDFA916945E82813010F04A16EB6DA5AFFF7496AFFC7FB30021E000054721F9105FAACA406D53F2
0FDFA516945E82813010F06D16EB73A5AFFF7496AEFC7FB30031E000054821F9105FAACA406D53F3
0FDF9E16945A82813010F08816EB73A5BFFF74A6AEFC7FB30021DF00054921F9105FAACA406D53F4
0FDFA216945C82812810F0A316EB7DA5BFFF74A6AEFC7FB30021DD00054921F9105FAACA406D53F5
0FDF9E16946182813010F09416EB82A5BFFF74A6AEFC7FB30011DE00054921F9105FAACA406D53F6
0FDFAC16946082813010F07416EB82A5BFFF74B6AEFC7FB30011DC00054A21F9105FAACA406D53F7
0FDFC916945682812810F05216EB8DA5CFFF74B6AFFC7FB30011DB00054A21F9105FAACA406D53F8
0FDFEA16945082813010F03316EB88A5CFFF74C6AEFC7FB30021D900054B21F9105FAACA406D53F9
0FDFFF16944882812810F02716EB97A5DFFF74D6AFFC7FB30021D900054A21F9105FAACA406D53FA
0FE01516944582813010F01416EB88A5DFFF74D6AFFC7FB30021DC00054B21F9105FAACA406D53FB
0FE02016944482812110EFFD16EB8DA5DFFF74D6AEFC7FB300220000054B21F9105FAACA406D53FC
0FE02716944182813010EFCF16EB97A5EFFF74D6AEFC7FB300221500054C21F9105FAACA406D53FD
0FE02816944282812810EFB016EB8DA5EFFF74E6AFFC7FB300220D00054C21F9105FAACA406D53FE
0FE02816944782812510EFA016EB92A5EFFF74E6AEFC7FB30031FF00054D21F9105FAACA406D53FF
0FE02316944682812810EF9116EB9CA5FFFF74E6AFFC7FB30021F300054D21F9105FAACA406D5300
0FE02416944882812810EF9116EB97A5FFFF74E6AEFC7FB30021EA00054D21F9105FAACA406D5301
0FE03216944682812810EF8516EB9CA5FFFF74E6AFFC7FB30011E500054E21F9105FAACA406D5302
0FE03C16944482812810EF5F16EB97A60FFF74E6AEFC7FB30011E100054E21F9105FAACA406D5303
0FE04516944182812110EF4416EBA2A61FFF74D6AEFC7FB30021DF00054F21F9105FAACA406D5304
0FE04816943F82812810EF3716EBA2A61FFF74D6AFFC7FB30021DC00054F21F9105FAACA406D5305
0FE06B16942982812810EF2D16EBA7A61FFF74D6AEFC6FB50011DA00054F21F9105FAACA406D5306
0FE08D16942B82812110EF2A16EBACA62FFF74C6AEFC6FB60021D800055121F9105FAACA406D5307
0FE09416943B82812810EF3016EBA7A62FFF74B6AEFC5FB60021D500055021F9105FAACA406D5308
0FE08B16943F82812810EF2A16EBACA63FFF74B6AEFC6FB60021D200055121F9105FAACA406D5309
0FE07416943F82812110EF2416EBACA63FFF74A6AFFC6FB60021CF00055121F9105FAACA406D530A
0FE06516944282812810EF1E16EBA2A64FFF74A6AFFC6FB60031CF00055321F9105FAACA406D530B
0FE06016944482812110EF1E16EBB1A64FFF74A6AEFC6FB60021D100055321F9105FAACA406D530C
0FE05E16944882812110EF2016EBACA65FFF7496AFFC6FB60021D700055321F9105FAACA406D530D
0FE05A16944282812810EF2216EBA7A65FFF7496AFFC6FB60011D800055421F9105FAACA406D530E
0FE05916943082812110EF2216EBB1A66FFF7496AFFC6FB60021D600055421F9105FAACA406D530F
0FE05A16942382812110EF1C16EBB1A66FFF7496AEFC6FB60011D500055421F9105FAACA406D5310
0FE04C16943E82812810EF1616EBB1A67FFF7496AEFC6FB60011D400055421F9105FAACA406D5311
0FE04716944982812110EF1C16EBBCA67FFF7486AEFC6FB60021D500055521F9105FAACA406D5312
0FE04116944982812810EF1A16EBC1A67FFF7486AFFC6FB60021D600055521F9105FAACA406D5313
0FE03C16945082811E10EF1E16EBC6A68FFF7486AEFC6FB60021D500055621F9105FAACA406D5314
0FE03D16944882812810EF0516EBC6A68FFF7486AEFC6FB60021D400055621F9105FAACA406D5315
0FE03A16944782812110EEE816EBCBA69FFF7486AEFC6FB60021D400055721F9105FAACA406D5316
0FE03916944982812110EED516EBD6A69FFF7486AFFC6FB60021D500055821F9105FAACA406D5317
0FE03D16944982812810EEC316EBE5A6AFFF7486AEFC6FB60021D400055821F9105FAACA406D5318
0FE04816944282812110EEC216EBEBA6AFFF7496AEFC6FB60021D400055821F9105FAACA406D5319
0FE05516944382812810EEB416EBE5A6BFFF7496AFFC6FB60021D500055921F9105FAACA406D531A
0FE05A16944182812110EEBE16EBF0A6BFFF7496AEFC6FB60021D700055A21F9105FAACA406D531B
0FE05316944682812810EEC216EC04A6CFFF7496AFFC6FB60021D700055A21F9105FAACA406D531C
0FE04E16944282812810EECB16EC00A6DFFF7496AFFC6FB60021D500055A21F9105FAACA406D531D
0FE04816943F82812110EED116EC14A6DFFF7496AEFC6FB40021D300055B21F9105FAACA406D531E
0FE04516944282812810EED116EC24A6DFFF7496AFFC7FB30011D100055B21F9105FAACA406D531F
0FE03916944C82812810EED316EC2EA6DFFF7496AFFC7FB30021D000055C21F9105FAACA406D5320
0FE02B16945282812110EECD16EC44A6EFFF7496AEFC7FB30011D400055C21F9105FAACA406D5321
0FE01916945082812810EECB16EC5DA6FFFF7486AFFC7FB30021DD00055C21F9105FAACA406D5322
0FE00316944E82812810EEC616EC7DA6FFFF7486AEFC7FB30031DD00055D21F9105FAACA406D5323
0FE00E16944E82812810EEC616ECA6A6FFFF7476AFFC7FB30021D900055E21F9105FAACA406D5324
0FE01D16944B82812110EEC016ECC5A70FFF7476AEFC7FB30021D400055E21F9105FAACA406D5325
0FE03516944982812810EEBA16ECE6A70FFF7466AEFC7FB30011D800055F21F9105FAACA406D5326
0FE03D16944682812810EEBC16ED13A70FFF7466AEFC7FB30021F700055E21F9105FAACA406D5327
0FE04F16944582812810EEBA16ED2FA71FFF7456AFFC7FB300120900055F21F9105FAACA406D5328
0FE05516944B82812D10EEBA16ED57A71FFF7446AEFC7FB300220300055F21F9105FAACA406D5329
0FE05316944B82812810EEBC16ED83A71FFF7446AFFC7FB30021F500055F21F9105FAACA406D532A
0FE04C16944982812810EEBA16ED9BA72FFF7436AEFC7FB30011E900056021F9105FAACA406D532B
0FE05516944682812810EEC616EDB7A72FFF7426AFFC7FB30021E200056021F9105FAACA406D532C
0FE05716944C82813010EEBC16EDCFA72FFF7416AEFC7FB30021DD00056121F9105FAACA406D532D
0FE04C16944B82812810EEC616EDF8A73FFF7406AFFC7FB30021D900056221F9105FAACA406D532E
0FE04E16944982812810EEC016EE05A73FFF73F6AFFC7FB30031D500056221F9105FAACA406D532F
0FE05316944982813010EEC216EE27A74FFF73F6AEFC7FB30021D100056221F9105FAACA406D5330
0FE04816944C82812810EEC216EE3AA74FFF73F6AEFC7FB30021CF00056321F9105FAACA406D5331
0FE04B16944B82813010EEAC16EE56A74FFF73F6AEFC7FB30011CD00056321F9105FAACA406D5332
0FE04F16944682812810EE9F16EE75A74FFF73F6AEFC7FB30011CD00056421F9105FAACA406D5333
0FE05216944182813010EE9916EE93A74FFF73F6AFFC7FB30021CC00056321F9105FAACA406D5334
0FE04F16944682812810EE9416EEA9A75FFF73F6AEFC7FB30021CD00056421F9105FAACA406D5335
0FE04F16944C82813010EE9416EEC7A75FFF73F6AEFC6FB20021CD00056421F9105FAACA406D5336
0FE05216944B82813010EE9116EECEA75FFF7406AFFC5FB10021CD00056521F9105FAACA406D5337
0FE05316944682813010EE9416EEE8A75FFF7406AFFC5FB10021CF00056521F9105FAACA406D5338
0FE04F16944782813010EE8D16EEFBA75FFF7406AFFC5FB10011D000056621F9105FAACA406D5339
0FE05916944682812810EE8816EF07A75FFF7416AFFC5FB10021D000056521F9105FAACA406D533A
0FE06516944882813010EE8416EF20A75FFF7416AFFC5FB10031D000056621F9105FAACA406D533B
0FE07016944682813010EE8216EF27A75FFF7426AEFC5FB10021D000056621F9105FAACA406D533C
0FE07216944182812D10EE8016EF3BA76FFF7426AEFC5FB10021CF00056721F9105FAACA406D533D
0FE07716943F82813010EE7E16EF4FA75FFF7426AEFC5FB10011D300056721F9105FAACA406D533E
0FE07B16944282813010EE7916EF50A75FFF7436AEFC5FB10021D900056821F9105FAACA406D533F
0FE07916944182813010EE7916EF5BA75FFF7436AEFC5FB10021DA00056821F9105FAACA406D5340
0FE07E16944382813010EE7A16EF69A75FFF7436AFFC5FB10021D900056821F9105FAACA406D5341
0FE07E16944482813010EE7C16EF6AA75FFF7436AEFC5FB10021D900056821F9105FAACA406D5342
0FE08116944182813010EE7A16EF6AA75FFF7436AEFC5FB10021D800056921F9105FAACA406D5343
0FE08216944282813010EE7C16EF6EA75FFF7446AFFC5FB10021D500056921F9105FAACA406D5344
0FE08616944482813710EE7916EF65A75FFF7446AFFC5FB10021D200056921F9105FAACA406D5345
0FE08416944782812810EE7E16EF65A75FFF7436AEFC5FB10011D000056921F9105FAACA406D5346
0FE08616944382813010EE7C16EF59A75FFF7436AFFC5FB10021D000056A21F9105FAACA406D5347
0FE07D16944382813010EE8016EF50A75FFF7436AEFC5FB10021D100056921F9105FAACA406D5348
0FE07B16944182813010EE8216EF4FA75FFF7436AEFC5FB10021D400056921F9105FAACA406D5349
0FE07416943C82813710EE8016EF3BA75FFF7426AFFC5FB10021D800056921F9105FAACA406D534A
0FE06B16943A82812810EE8216EF27A75FFF7426AEFC5FB10011DB00056A21F9105FAACA406D534B
0FE05E16944582813710EE8816EF15A75FFF7426AEFC5FB10011DA00056A21F9105FAACA406D534C
0FE05E16944682812810EE8416EEF8A75FFF7426AFFC5FB10021D800056A21F9105FAACA406D534D
0FE05516944882813710EE8616EEEDA75FFF7416AFFC5FB20011D600056B21F9105FAACA406D534E
0FE05316944982812810EE8416EEC7A75FFF7416AFFC5FB40011D600056A21F9105FAACA406D534F
0FE04C16944982813010EE8216EEA9A74FFF7416AEFC5FB50021D500056B21F9105FAACA406D5350
0FE04716944982813410EE8C16EE83A74FFF7406AEFC5FB50021D500056B21F9105FAACA406D5351
0FE04C16944982812810EE8816EE5BA74FFF7406AEFC5FB50021D400056A21F9105FAACA406D5352
0FE04516944982813010EE8616EE2CA74FFF7406AEFC5FB50031D300056B21F9105FAACA406D5353
0FE03C16944D82813010EE8816EE00A74FFF7406AFFC5FB50021D300056B21F9105FAACA406D5354
0FE03A16944F82813010EE8916EDC4A74FFF7406AEFC5FB50021D300056C21F9105FAACA406D5355
0FE03616944B82813010EE8816ED9DA74FFF7406AFFC5FB50011D400056C21F9105FAACA406D5356
0FE03916944982813010EE8816ED5CA73FFF7406AFFC5FB50021D700056C21F9105FAACA406D5357
0FE03216944982812810EE8916ED24A73FFF7406AEFC5FB50011DB00056C21F9105FAACA406D5358
0FE02F16944982813010EE8816ECEAA73FFF7406AFFC5FB50011DA00056C21F9105FAACA406D5359
0FE02A16944D82813010EE8916ECB7A73FFF7406AEFC5FB50021D800056C21F9105FAACA406D535A
0FE02B16945282813010EE8C16EC8CA73FFF7406AFFC5FB50021D600056C21F9105FAACA406D535B
0FE02816944C82812810EE8816EC4DA73FFF7406AEFC5FB50021D500056C21F9105FAACA406D535C
0FE02316944C82813010EE8916EC1FA73FFF7406AEFC5FB50021D300056C21F9105FAACA406D535D
0FE01916944B82812810EE9016EBEAA73FFF7406AFFC5FB50011D300056B21F9105FAACA406D535E
0FE01916945082813010EE8D16EBBCA72FFF7406AEFC5FB50021D300056C21F9105FAACA406D535F
0FE01116945382812810EE8C16EB97A73FFF7406AFFC5FB50021D200056C21F9105FAACA406D5360
0FE00B16945382812810EE9416EB68A73FFF7406AEFC5FB50011D100056C21F9105FAACA406D5361
0FE00E16945082813010EE9116EB53A73FFF7406AFFC5FB50011D500056C21F9105FAACA406D5362
0FE00A16945182812810EE9416EB3FA73FFF7406AEFC5FB500220800056B21F9105FAACA406D5363
0FE00316945682812810EE9516EB2FA73FFF7406AEFC5FB500224500056C21F9105FAACA406D5364
0FE00016945882812810EE9B16EB25A73FFF73F6AFFC5FB500224A00056C21F9105FAACA406D5365
0FDFF816944D82812D10EE9716EB24A72FFF73F6AFFC5FB400222F00056C21F9105FAACA406D5366
0FDFF916944D82812810EEA416EB1FA73FFF73F6AEFC5FB100221600056C21F9105FAACA406D5367
0FDFF916945582812810EEAE16EB15A73FFF73E6AEFC6FAF00220800056C21F9105FAACA406D5368
0FDFF816945182812810EEBA16EB05A73FFF73E6AFFC6FAF0011FF00056C21F9105FAACA406D5369
0FDFF916944E82812810EEC716EB0FA73FFF73E6AFFC6FAF0021F600056C21F9105FAACA406D536A
0FDFF516945182813010EED916EB0BA72FFF73D6AEFC6FAF0031ED00056C21F9105FAACA406D536B
0FDFF416945082812810EEEA16EB0FA73FFF73D6AEFC6FAF0021E400056C21F9105FAACA406D536C
0FDFF916945182811A10EEF816EB05A73FFF73D6AEFC5FAF0021DD00056C21F9105FAACA406D536D
0FE00016945082813010EF0B16EB15A73FFF73D6AFFC6FAF0011DA00056C21F9105FAACA406D536E
0FDFFB16945282812810EF1816EB0FA73FFF73D6AEFC6FAF0021D800056C21F9105FAACA406D536F
0FE00016945382812810EF2616EB15A73FFF73D6AEFC5FAF0021F000056C21F9105FAACA406D5370
0FE00016945382812810EF3916EB15A73FFF73D6AFFC6FAF00124E00056C21F9105FAACA406D5371
0FDFFF16945082812810EF4716EB1AA74FFF73D6AEFC6FAF0012AD00056C21F9105FAACA406D5372
0FDFFC16944B82812110EF6316EB1FA74FFF73D6AFFC6FAF0022B400056C21F9105FAACA406D5373
0FE00016945182812810EF8516EB1AA74FFF73D6AEFC6FAF00228300056C21F9105FAACA406D5374
0FDFFF16945482812110EFA116EB1FA74FFF73D6AEFC5FAF00225100056C21F9105FAACA406D5375
0FE00016945082812810EFBC16EB1FA75FFF73E6AEFC6FAF00223100056C21F9105FAACA406D5376
0FE00316944E82812810EFC716EB1FA75FFF73E6AEFC6FAF00321800056C21F9105FAACA406D5377
0FDFFF16944E82812110EFC716EB2AA75FFF73F6AEFC6FAF00220400056C21F9105FAACA406D5378
0FDFFC16944B82812810EFB016EB29A75FFF73F6AEFC6FAF0021F500056C21F9105FAACA406D5379
0FDFF116945482810B10EFA416EB2AA75FFF7406AEFC6FAF0021EB00056D21F9105FAACA406D537A
0FDFF816945582813B10EF9516EB29A75FFF7406AFFC6FAF0011E400056C21F9105FAACA406D537B
0FDFF516945082812810EF8A16EB34A76FFF7406AEFC6FAF0011DD00056B21F9105FAACA406D537C
0FDFEE16945182812110EF7D16EB34A76FFF7406AFFC6FAF0011E500056B21F9105FAACA406D537D
0FDFED16945B82812810EF7616EB39A76FFF7406AEFC6FAF0021F200056C21F9105FAACA406D537E
0FDFEA16944B82812810EF6B16EB34A77FFF7406AFFC6FB10021F100056C21F9105FAACA406D537F
0FDFEE1693F082812110EF6216EB44A77FFF7406AEFC5FB20021E900056C21F9105FAACA406D5380
0FDFF116943082812810EF5F16EB39A77FFF7406AEFC6FB20021E400056C21F9105FAACA406D5381
0FDFEA16944F82812810EF5C16EB44A78FFF7406AEFC6FB20021E100056C21F9105FAACA406D5382
0FDFEE16945182812110EF5216EB54A78FFF7406AFFC6FB20031E000056C21F9105FAACA406D5383
0FDFED16945082812810EF4816EB53A78FFF73F6AFFC6FB20021DD00056B21F9105FAACA406D5384
0FDFEA16945582812110EF4716EB59A79FFF73F6AEFC6FB20021DC00056B21F9105FAACA406D5385
0FDFEE16945582812810EF4116EB5EA79FFF73E6AFFC6FB20011DB00056B21F9105FAACA406D5386
0FDFE616945082812810EF3916EB68A79FFF73E6AFFC6FB20011DB00056B21F9105FAACA406D5387
0FDFF516944E82812110EF3016EB6DA79FFF73D6AFFC6FB20021DB00056B21F9105FAACA406D5388
0FDFF516944F82812810EF2216EB6EA7AFFF73D6AEFC6FB20021DB00056B21F9105FAACA406D5389
0FDFF816944E82812110EF0B16EB78A7AFFF73C6AFFC6FB20021DD00056A21F9105FAACA406D538A
0FDFF916944B82812810EF0516EB73A7BFFF73B6AEFC6FB20021DF00056A21F9105FAACA406D538B
0FDFF516944C82812810EEFB16EB73A7BFFF73B6AFFC6FB20021DD00056A21F9105FAACA406D538C
0FDFF816945182812810EEF616EB7DA7BFFF73B6AEFC6FB20011D900056A21F9105FAACA406D538D
0FDFF516945882812810EEF016EB7DA7BFFF73A6AEFC6FB20021D700056B21F9105FAACA406D538E
0FDFF916945582810B10EEE816EB82A7CFFF73A6AFFC6FB20031D500056A21F9105FAACA406D638F
0FDFFB16945082814310EEE216EB82A7CFFF73A6AFFC6FB20021D400056A21F9105FAACA406D5390
0FE00316945182812810EEDD16EB88A7CFFF73A6AEFC6FB20021D400056A21F9105FAACA406D5391
0FE00316945082812810EEDD16EB8DA7DFFF73A6AEFC6FB20021D400056A21F9105FAACA406D5392
0FE00316944E82813010EEDE16EB8DA7DFFF73A6AEFC6FB20021D500056921F9105FAACA406D5393
0FE00316945182812810EEE416EB9CA7DFFF73A6AFFC6FB20011D600056A21F9105FAACA406D5394
0FE00B16944D82812810EEE216EB9CA7EFFF73A6AEFC6FB20021D500056A21F9105FAACA406D5395
0FE00D16944D82812810EEE416EB9CA7EFFF73A6AEFC6FB20021D400056A21F9105FAACA406D5396
0FE00716945182812810EEDD16EBA7A7EFFF73A6AEFC5FB30021D200056921F9105FAACA406D5397
0FE00E16945382813010EEDE16EBB1A7FFFF73A6AEFC5FB40021D100056921F9105FAACA406D5398
0FE00A16945082812810EED916EBBCA7FFFF73A6AEFC5FB40021CF00056921F9105FAACA406D5399
0FE00B16945582812810EED916EBC6A7FFFF7396AEFC5FB40021CF00056921F9105FAACA406D539A
0FE01216945282813010EED316EBD6A7FFFF7396AFFC5FB40021D100056821F9105FAACA406D539B
0FE01816945282812810EEC616EBEAA80FFF7396AFFC5FB40021D400056821F9105FAACA406D639C
0FE01516945682813010EEB416EC05A80FFF7396AFFC5FB40021D900056821F9105FAACA406D639D
0FE01516945582813010EEB616EC24A80FFF7396AEFC5FB40021DC00056821F9105FAACA406D539E
0FE01816945082812810EEA316EC49A81FFF7396AFFC5FB40011DB00056821F9105FAACA406D539F
0FE02816945182813010EE9916EC72A81FFF7396AEFC5FB40011D900056721F9105FAACA406D53A0
0FE02F16945682812810EE8416EC97A81FFF7396AEFC5FB40011D600056721F9105FAACA406D53A1
0FE03116945582813010EE8216ECCAA81FFF7396AEFC5FB40021D300056721F9105FAACA406D53A2
0FE02B16945082813010EE7C16ED05A81FFF7386AFFC5FB40021D000056621F9105FAACA406D53A3
0FE01916945182812D10EE7916ED3DA82FFF7386AEFC5FB40021CF00056721F9105FAACA406D53A4
0FE01116945682813010EE7216ED81A82FFF7386AFFC5FB40021CF00056621F9105FAACA406D63A5
0FE00B16945882813010EE7116EDBCA83FFF7376AFFC5FB40011CF00056621F9105FAACA406D53A6
0FE00B16945582813010EE7616EE03A83FFF7376AFFC5FB40021CF00056621F9105FAACA406D63A7
0FDFFB16945882813010EE6D16EE3FA83FFF7376AEFC5FB40021CF00056621F9105FAACA406D53A8
0FDFFC16945182813010EE6D16EE85A83FFF7366AFFC5FB406A1CF00056621F9105FAACA406D53A9
0FE00016945182812810EE6316EEC4A83FFF7366AEFC5FB41321CE00056621F9105FAACA406D53AA
0FE00316945382813010EE6216EF0BA83FFF7356AFFC5FB41711CD00056521F9105FAACA406D53AB
0FE00316945382813010EE6316EF50A83FFF7356AFFC5FB41701CE00056521F9105FAACA406D53AC
0FE00B16945B82813010EE6216EF9DA83FFF7356AEFC5FB41671D000056521F9105FAACA406D53AD
0FE00D16945682813010EE6216EFEDA84FFF7346AEFC5FB41651D100056421F9105FAACA406D53AE
0FE00716945882813010EE5B16F036A84FFF7346AEFC5FB51651D400056521F9105FAACA406D53AF
0FDFFC16945982813010EE4E16F093A84FFF7336AFFC6FB51651D300056421F9105FAACA406D53B0
0FDFF816945882813010EE4816F0F6A84FFF7336AFFC7FB61651D200056421F9105FAACA406D53B1
0FDFEE16945882813010EE4316F14AA84FFF7336AEFC7FB61651D400056421F9105FAACA406D53B2
0FDFEA16945C82812810EE3F16F1A3A84FFF7336AEFC7FB61661D400056321F9105FAACA406D53B3
0FDFF116945A82813010EE3C16F1F7A84FFF7336AFFC7FB60F71D300056421F9105FAACA406D53B4
0FDFE616945582813010EE3B16F24FA85FFF7326AEFC7FB60321D500056321F9105FAACA406D53B5
0FDFEE16945782813010EE3C16F29DA85FFF7326AEFC7FB60001D700056321F9105FAACA406D53B6
0FDFED16945582813010EE3B16F2EBA85FFF7326AEFC7FB60001DA00056321F9105FAACA406D53B7
0FDFEE16945382812D10EE3B16F341A84FFF7336AEFC7FB60001DB00056321F9105FAACA406D53B8
0FDFF116945682813010EE3C16F388A84FFF7336AFFC7FB60021DC00056221F9105FAACA406D53B9
0FDFF416945882813010EE3F16F3D6A84FFF7336AEFC7FB60021DB00056221F9105FAACA406D53BA
0FDFF116945582812810EE3816F40FA85FFF7336AEFC7FB60021DB00056321F9105FAACA406D53BB
0FDFF116945082813010EE3B16F44EA84FFF7336AEFC7FB60021D800056321F9105FAACA406D53BC
0FDFED16944F82813010EE3B16F482A84FFF7336AFFC7FB60021D500056221F9105FAACA406D53BD
0FDFF116944E82812810EE4016F4ACA84FFF7346AFFC7FB60021D500056221F9105FAACA406D53BE
0FDFFC16944E82813010EE3716F4D5A84FFF7346AFFC7FB60031DA00056221F9105FAACA406D53BF
0FDFFB16944E82813010EE3C16F500A84FFF7346AFFC7FB60021DA00056221F9105FAACA406D53C0
0FDFF916945182812810EE3716F514A83FFF7356AEFC7FB60021D900056321F9105FAACA406D53C1
0FDFF916945382812810EE3B16F529A83FFF7356AEFC7FB60011D800056221F9105FAACA406D53C2
0FDFF816945482813010EE3816F529A83FFF7356AFFC7FB60021D600056221F9105FAACA406D53C3
0FDFF916945082812810EE3716F534A83FFF7356AEFC7FB60021D500056121F9105FAACA406D53C4
0FDFFC16944E82812810EE3816F52FA82FFF7356AFFC7FB60011D400056221F9105FAACA406D53C5
0FDFFB16944E82813010EE3716F51FA81FFF7356AFFC7FB60011D600056121F9105FAACA406D53C6
0FDFFC16945182812810EE3816F514A81FFF7366AEFC7FB50021D900056121F9105FAACA406D53C7
0FDFF916945382812810EE3316F4FAA81FFF7366AEFC5FB20021D900056121F9105FAACA406D53C8
0FDFF116945382812810EE3716F4E5A81FFF7366AFFC5FB10011D900056021F9105FAACA406D53C9
0FDFEA16945482813010EE2D16F4BCA81FFF7366AFFC5FB10021D700056021F9105FAACA406D53CA
0FDFE316945382812110EE3016F48DA80FFF7366AEFC5FB10031D500056121F9105FAACA406D53CB
0FDFE616945082812110EE2D16F453A7FFFF7366AEFC5FB10021D500056021F9105FAACA406D53CC
0FDFE316945182813410EE2816F424A7FFFF7376AEFC5FB10021D800056021F9105FAACA406D53CD
0FDFE316945682812810EE2816F3D4A7EFFF7376AFFC5FB10021D700056021F9105FAACA406D53CE
0FDFE216945582812810EE2116F378A7EFFF7376AEFC5FB10021D500056021F9105FAACA406D53CF
0FDFEA16944C82812110EE2416F31FA7DFFF7386AEFC5FB10021D100055F21F9105FAACA406D53D0
0FDFF116945482812810EE2116F2C1A7DFFF7386AEFC5FB10021D000056021F9105FAACA406D53D1
0FDFF116944D82812810EE1C16F259A7CFFF7396AFFC5FB10011CF00056021F9105FAACA406D53D2
0FDFF516944C82812810EE1916F1F7A7BFFF7396AEFC5FB10021D100056021F9105FAACA406D53D3
0FDFF116944E82812810EE1D16F183A7BFFF73A6AEFC5FB10011D300055F21F9105FAACA406D53D4
0FDFF116945182812110EE1916F11BA7BFFF73B6AFFC5FB10021D200055F21F9105FAACA406D53D5
0FDFEE16945382812810EE1516F0AEA7AFFF73B6AFFC5FB10021D200055F21F9105FAACA406D53D6
0FDFEE16945482812810EE1116F036A79FFF73C6AFFC5FB10031D200055F21F9105FAACA406D53D7
0FDFED16945082812110EE1216EFDDA79FFF73D6AFFC5FB10021D000055F21F9105FAACA406D53D8
0FDFF116944E82812110EE1516EF59A79FFF73D6AEFC5FB10021D100055F21F9105FAACA406D53D9
0FDFF916944B82812810EE1916EEF8A78FFF73E6AEFC5FB10021D300055F21F9105FAACA406D53DA
0FDFFF16945082812110EE1916EE85A78FFF73E6AEFC5FB10011D300055F21F9105FAACA406D53DB
0FE00316944D82812810EE1516EE25A77FFF73F6AFFC5FB10011D100055F21F9105FAACA406D53DC
0FE00316944D82812110EE1916EDBAA77FFF7406AEFC5FB10021D100055F21F9105FAACA406D53DD
0FE00616944B82812810EE2016ED6EA76FFF7406AFFC5FB10021D500055F21F9105FAACA406D63DE
0FE00316944682812110EE2416ED23A75FFF7416AFFC5FB10021D700055E21F9105FAACA406D63DF
0FE00716944B82812810EE2516ECEBA75FFF7416AEFC5FB30021D500055E21F9105FAACA406D53E0
0FDFFF16945182810B10EE2C16ECBBA75FFF7416AFFC5FB40021D200055E21F9105FAACA406D63E1
0FE00016945082813B10EE2D16EC8CA75FFF7416AFFC5FB40011D100055E21F9105FAACA406D53E2
0FE00316945282812110EE3016EC73A74FFF7416AEFC5FB40021D000055E21F9105FAACA406D53E3
0FDFF816945482812810EE3316EC48A74FFF7416AEFC5FB40021D000055D21F9105FAACA406D53E4
0FDFFC16945082812110EE4016EC1FA73FFF7416AEFC5FB40021D000055D21F9105FAACA406D53E5
0FE00016944E82812810EE4716EC04A73FFF7416AFFC5FB40021D600055E21F9105FAACA406D53E6
0FDFFF16945182812110EE5B16EBF0A73FFF7416AEFC5FB40021DD00055D21F9105FAACA406D53E7
0FDFFC16945382812810EE6D16EBE0A73FFF7416AEFC5FB40021E000055D21F9105FAACA406D53E8
0FDFF916945082812810EE7916EBD1A72FFF7416AFFC5FB40021E000055D21F9105FAACA406D53E9
0FDFFB16945282812110EE8D16EBC6A72FFF7416AFFC5FB40021DD00055C21F9105FAACA406D53EA
0FDFF916945382812810EE9F16EBBCA72FFF7416AEFC5FB40021D900055C21F9105FAACA406D53EB
0FDFF916944C82812110EEB016EBBCA71FFF7416AFFC5FB40021D900055C21F9105FAACA406D53EC
0FDFF816944C82812810EEBE16EBBCA72FFF7416AFFC5FB40021D800055C21F9105FAACA406D53ED
0FDFFC16945182812810EED116EBC1A71FFF7416AEFC5FB40021D700055C21F9105FAACA406D53EE
0FE00016945382812810EEDE16EBC1A71FFF7426AFFC5FB40021D600055B21F9105FAACA406D53EF
0FDFFF16945382812810EED516EBC1A71FFF7426AFFC5FB40021D400055C21F9105FAACA406D63F0
0FDFF916945082812110EEC016EBCBA71FFF7426AFFC5FB40021D200055C21F9105FAACA406D53F1
0FDFFC16944E82812810EEA316EBD1A71FFF7436AEFC5FB40011D100055C21F9105FAACA406D53F2
0FDFFF16945182812810EE9716EBDBA72FFF7436AFFC5FB40021D100055B21F9105FAACA406D53F3
0FE00316945382812810EE9116EBE6A71FFF7436AFFC5FB40021D400055B21F9105FAACA406D53F4
0FE00316945682813010EE8816EBF0A71FFF7446AFFC5FB40021D700055B21F9105FAACA406D63F5
0FE00316945882812D10EE8916EBFAA72FFF7446AEFC5FB40021D600055B21F9105FAACA406D63F6
0FE00B16945282812810EE8C16EC04A71FFF7456AEFC5FB40021D400055A21F9105FAACA406D53F7
0FE00B16945282813010EE9716EC15A71FFF7456AEFC5FB30021D500055B21F9105FAACA406D53F8
0FE00616945682812810EEA816EC0FA72FFF7456AEFC5FB20021D700055B21F9105FAACA406D53F9
0FE00316945882813010EEB216EC15A72FFF7466AEFC5FB20021D800055B21F9105FAACA406D53FA
0FE00B16945582812810EEC216EC1FA72FFF7466AFFC5FB20021E000055A21F9105FAACA406D53FB
0FE00D16945682813010EED316EC0FA72FFF7466AFFC5FB22361E700055A21F9105FAACA406D53FC
0FE00716945982813010EEE816EC04A72FFF7476AEFC5FB26C91E500055B21F9105FAACA406D53FD
0FE00716945582813710EEF216EBFAA73FFF7476AFFC5FB284E1DE00055B21F9105FAACA406D63FE
0FE00616945382813010EF0316EBE0A73FFF7476AFFC5FB28481D900055A21F9105FAACA406D53FF
0FDFF916945382813010EF1616EBCBA73FFF7476AEFC5FB28161D600055A21F9105FAACA406D5300
0FDFF916945382813710EF1816EBB1A73FFF7476AFFC5FB28061D700055B21F9105FAACA406D5301
0FDFF416945682813010EF3116EB97A74FFF7476AFFC5FB28061D700055A21F9105FAACA406D5302
0FDFF116945582813710EF4116EB88A74FFF7476AEFC5FB28091D500055A21F9105FAACA406D5303
0FDFF516945382813710EF6616EB6DA74FFF7476AFFC5FB28091D300055A21F9105FAACA406D6304
0FDFF116945082813710EF8616EB59A74FFF7476AFFC5FB28091D200055B21F9105FAACA406D6305
0FDFF916945182813710EFB316EB4EA74FFF7476AFFC5FB28091DF00055B21F9105FAACA406D6306
0FDFF516945082813710EFDA16EB3FA75FFF7476AEFC5FB28091F700055A21F9105FAACA406D5307
0FDFF816944E82813F10F00C16EB3EA75FFF7466AFFC5FB261A20300055A21F9105FAACA406D6308
0FE00016945582813710F03316EB3FA75FFF7466AFFC5FB221020300055A21F9105FAACA406D5309
0FDFF916945582813B10F06116EB3EA76FFF7466AFFC5FB20B91F900055A21F9105FAACA406D530A
0FE00316945782813F10F08F16EB44A76FFF7466AFFC5FB20BE1EC00055A21F9105FAACA406D630B
0FDFFC16945882813F10F0B216EB49A76FFF7466AEFC5FB20E91E300055A21F9105FAACA406D530C
0FE00016945582813F10F0D116EB44A76FFF7466AFFC5FB20F71DF00055A21F9105FAACA406D630D
0FE00316945682813F10F0EF16EB49A76FFF7466AFFC5FB20F71DD00055A21F9105FAACA406D530E
0FE00716945882813F10F10E16EB4EA77FFF7466AFFC5FB20F61DC00055A21F9105FAACA406D530F
0FE00716945C82813F10F12A16EB4EA77FFF7466AEFC5FB30F51D800055A21F9105FAACA406D5310
0FE00316945782814610F15016EB4EA77FFF7466AFFC5FB40F51D400055A21F9105FAACA406D6311
0FE00716945782813F10F17216EB44A77FFF7466AEFC6FB50F51D200055A21F9105FAACA406D5312
0FE00316945882814610F19D16EB39A78FFF7466AFFC6FB50F61D300055B21F9105FAACA406D5313
0FE00316945882814610F1CD16EB2FA78FFF7476AEFC5FB508B1D300055A21F9105FAACA406D6314
0FE00016945882814610F20116EB24A79FFF7476AFFC6FB50151D100055B21F9105FAACA406D5315
0FE00716945882814610F22F16EB25A79FFF7476AFFC6FB50001D100055A21F9105FAACA406D5316
0FE00616945982814610F25D16EB2FA79FFF7476AFFC6FB50001D200055A21F9105FAACA406D6317
0FE00316945D82814610F28F16EB3FA79FFF7476AFFC6FB50011D300055A21F9105FAACA406D6318
0FE00716945E82814610F2B216EB5EA79FFF7476AFFC6FB50021D400055B21F9105FAACA406D5319
0FE00316945E82814E10F2DC16EB7DA79FFF7476AFFC6FB50021D500055B21F9105FAACA406D531A
0FE00316945A82814610F2FB16EB97A79FFF7476AFFC6FB50021D500055A21F9105FAACA406D631B
0FE00B16946082814610F32616EBB1A79FFF7476AEFC6FB50021D400055B21F9105FAACA406D531C
0FE00616946082815210F34116EBCBA7AFFF7466AEFC6FB50021D300055B21F9105FAACA406D531D
0FE00316946282814610F36316EBF0A79FFF7466AFFC6FB50011D400055B21F9105FAACA406D531E
0FE00016946482814E10F38216EC0FA79FFF7456AFFC6FB50021D300055B21F9105FAACA406D531F
0FE00316945B82814610F3A116EC24A7AFFF7456AFFC6FB50021D100055B21F9105FAACA406D5320
0FE00016946082814E10F3C416EC2FA7AFFF7446AEFC6FB50021CF00055B21F9105FAACA406D5321
0FDFFC16946382814E10F3DC16EC43A7AFFF7436AEFC6FB50021CD00055C21F9105FAACA406D5322
0FDFF816946082814E10F3FD16EC4EA7AFFF7436AFFC6FB50011CC00055B21F9105FAACA406D5323
0FDFEE16945E82814610F41816EC53A79FFF7426AFFC6FB50011CE00055B21F9105FAACA406D5324
0FDFE316946282814E10F43716EC5EA79FFF7426AEFC6FB50021D100055B21F9105FAACA406D5325
0FDFE216945B82814E10F45E16EC67A79FFF7416AFFC6FB50021D300055B21F9105FAACA406D6326
0FDFDF16945C82814E10F47D16EC73A79FFF7406AFFC6FB50011D300055B21F9105FAACA406D5327
0FDFDF16945A82814610F49A16EC81A79FFF7406AFFC6FB50021D400055B21F9105FAACA406D5328
0FDFDB16945C82814E10F4BE16EC92A79FFF73F6AEFC6FB20021D300055C21F9105FAACA406D5329
0FDFD416946182814E10F4D916EC9BA78FFF73E6AFFC7FB10021D300055B21F9105FAACA406D632A
0FDFC916945D82814610F50016ECA7A78FFF73E6AFFC7FB10031D400055C21F9105FAACA406D532B
0FDFC916945D82814E10F51B16ECB0A78FFF73D6AFFC7FB10021D300055D21F9105FAACA406D532C
0FDFD416945E82814E10F53D16ECC1A77FFF73D6AFFC7FB10021D300055C21F9105FAACA406D532D
0FDFC616945E82814610F56016ECD0A77FFF73C6AFFC7FB10021D300055C21F9105FAACA406D532E
0FDFA916946582814610F57F16ECD6A76FFF73B6AEFC7FB10021D200055C21F9105FAACA406D632F
0FDF8116946B82815210F5A216ECDFA76FFF73B6AEFC7FB10021D200055C21F9105FAACA406D5330
0FDF7A16946D82814610F5C816ECF4A75FFF73B6AFFC7FB10011D500055C21F9105FAACA406D5331
0FDF8516946A82814610F5E316ECF5A75FFF73A6AFFC7FB10021D600055C21F9105FAACA406D5332
0FDF7316946982814610F60A16ED04A75FFF73A6AFFC7FB10021DF00055B21F9105FAACA406D5333
0FDF6F16946582814610F62516ED0AA75FFF7396AFFC7FB10021E700055C21F9105FAACA406D5334
0FDF9716945B82814610F64416ED28A75FFF7396AFFC7FB10021E400055C21F9105FAACA406D6335
0FDFB416945882814610F65F16ED34A74FFF7396AFFC7FB10021DE00055C21F9105FAACA406D5336
0FDFB716945582814610F67E16ED57A74FFF7396AFFC7FB10021DB00055C21F9105FAACA406D5337
0FDFC216945382814610F69C16ED6EA73FFF7386AFFC7FB10021DB00055C21F9105FAACA406D6338
0FDFBB16945F82813F10F6C316ED8BA73FFF7386AFFC7FB10021DA00055C21F9105FAACA406D6339
0FDFB016945B82814610F6ED16EDA5A73FFF7386AFFC7FB10021D800055C21F9105FAACA406D533A
0FDFC216945582813F10F71016EDCCA73FFF7376AFFC7FB10021D700055B21F9105FAACA406D533B
0FDFE216945082814610F73E16EDF3A72FFF7376AFFC7FB10021D600055C21F9105FAACA406D533C
0FDFF116944B82813F10F76516EE0BA72FFF7376AFFC7FB10021D500055C21F9105FAACA406D533D
0FDFFC16944C82813F10F79316EE37A72FFF7386AFFC7FB10011E200055B21F9105FAACA406D533E
0FDFFB16945282813F10F7BA16EE54A71FFF7386AFFC7FB10021EB00055B21F9105FAACA406D533F
0FDFF116945B82813F10F7D916EE80A71FFF7386AFFC7FB10011E700055C21F9105FAACA406D5340
0FDFEA16945682813F10F7F016EE9FA71FFF7386AFFC6FB30011E100055C21F9105FAACA406D6341
0FDFED16945082813710F80316EECCA71FFF7386AFFC6FB40021DD00055C21F9105FAACA406D6342
0FDFEE16945582814310F81716EEEDA70FFF7386AFFC6FB40031DB00055B21F9105FAACA406D5343
0FDFF116945882813710F82E16EF0CA70FFF7386AFFC6FB42511DB00055B21F9105FAACA406D5344
0FDFF416945982813F10F84D16EF2AA71FFF7386AFFC6FB45771D900055B21F9105FAACA406D6345
0FDFF516945D82813710F85C16EF41A70FFF7386AFFC6FB46531D700055B21F9105FAACA406D5346
0FDFF516945282813710F81E16EF59A6FFFF7386AFFC6FB463E1D600055B21F9105FAACA406D6347
0FDFF116945A82813710F7A316EF6AA6FFFF7386AFFC6FB461C1D500055B21F9105FAACA406D5348
0FDFF116945682813710F70C16EF7FA70FFF7386AFFC6FB46131D500055C21F9105FAACA406D6349
0FDFF516945382813710F67216EF8EA70FFF7376AFFC6FB46131D600055B21F9105FAACA406D534A
0FDFF816945382813010F5E316EF8AA70FFF7376AFFC6FB46151D500055B21F9105FAACA406D634B
0FDFF116945882813710F57716EF8FA6FFFF7376AFFC6FB46151D700055B21F9105FAACA406D534C
0FDFF116945582813010F50F16EFA3A6FFFF7376AFFC5FB46151D900055A21F9105FAACA406D534D
0FDFE916945082813710F4B616EF8FA6FFFF7366AFFC6FB46151D700055B21F9105FAACA406D534E
0FDFEE16945582813010F42416EF99A6FFFF7366AFFC6FB46161D300055B21F9105FAACA406D534F
0FDFEA16945582813010F36B16EF83A70FFF7366AFFC6FB46151D200055B21F9105FAACA406D6350
0FDFE616945382813010F2D816EF6FA6FFFF7356AFFC6FB46151D100055B21F9105FAACA406D5351
0FDFE616945382813010F27016EF60A6FFFF7356AFFC6FB443F1CF00055B21F9105FAACA406D5352
0FDFE616945382812810F21C16EF3AA6FFFF7346AFFC6FB41E41CE00055B21F9105FAACA406D5353
0FDFF116945482813010F20116EF17A6FFFF7346AFFC6FB41451CF00055A21F9105FAACA406D5354
0FDFF516945382813010F1FD16EEF1A6EFFF7346AFFC6FB41561D000055A21F9105FAACA406D5355
0FDFF916945382812110F1C916EEC4A6FFFF7336AFFC6FB416F1D100055A21F9105FAACA406D6356
0FDFFB16945082813410F1CF16EE9AA6FFFF7336AFFC6FB41771D400055A21F9105FAACA406D5357
0FE00016944E82812810F1F916EE5EA6FFFF7336AFFC6FB41751D800055A21F9105FAACA406D6358
0FE00016944E82812810F22016EE37A6FFFF7336AFFC5FB21741DB00055A21F9105FAACA406D5359
0FE00A16944F82812810F24516EE00A70FFF7336AFFC5FAF1741DC00055A21F9105FAACA406D535A
0FE00E16945182812110F26116EDC9A6FFFF7336AFFC5FAE1751FD00055A21F9105FAACA406D535B
0FE01216945382812810F26916EDAAA6FFFF7336AFFC5FAE17522500055A21F9105FAACA406D535C
0FE01816944C82812810F25D16ED73A70FFF7336AFFC5FAE13522600055A21F9105FAACA406D535D
0FE01916944982812110F22616ED52A70FFF7336AFFC5FAE10121300055A21F9105FAACA406D535E
0FE01D16944C82812810F1CB16ED2FA70FFF7336AFFC5FAE0F720100055A21F9105FAACA406D535F
0FE01F16945282812110F16F16ED09A70FFF7336AFFC5FAE0FA1F500055B21F9105FAACA406D5360
0FE02416944C82812110F10E16ECEBA70FFF7346AFFC5FAE0FC1EB00055A21F9105FAACA406D6361
0FE02B16944C82812110F0B616ECCAA70FFF7346AFFC5FAE0FD1E400055A21F9105FAACA406D6362
0FE02716944B82812110F07016ECA2A71FFF7346AFFC5FAE0FD1DF00055B21F9105FAACA406D5363
0FE02F16944982812110F03716EC87A71FFF7356AFFC5FAE0FD1DD00055B21F9105FAACA406D6364
0FE03616944C82812110F01016EC59A70FFF7356AFFC5FAE0FD1D900055B21F9105FAACA406D5365
0FE04B16944882811A10EFF516EC3EA71FFF7356AFFC5FAE0FC1D700055A21F9105FAACA406D5366
0FE06116944582812110EFDA16EC1FA71FFF7356AFFC5FAE0FD1D500055A21F9105FAACA406D6367
0FE07E16943D82812110EFCE16EC04A71FFF7366AFFC5FAE0AF1D400055B21F9105FAACA406D5368
0FE0A516943A82811A10EFCF16EBEBA71FFF7366AFFC5FAE0241D500055B21F9105FAACA406D6369
0FE0B816943A82811A10EFCB16EBDBA71FFF7366AFFC5FAE0001D400055B21F9105FAACA406D636A
0FE0C116943A82811A10EFCE16EBD6A72FFF7366AFFC5FAE0001D300055C21F9105FAACA406D636B
0FE0C016943A82811E10EFCF16EBC6A72FFF7376AFFC5FAE0001D200055C21F9105FAACA406D636C
0FE0C016943E82812110EFCF16EBC1A72FFF7376AFFC5FAE0021D100055C21F9105FAACA406D536D
0FE0BA16943F82811A10EFCA16EBC1A73FFF7376AFFC5FAE0021D200055C21F9105FAACA406D636E
0FE09F16944282811A10EFCB16EBB7A73FFF7376AFFC5FAE0021D500055C21F9105FAACA406D536F
0FE08D16944482811A10EFC316EBBCA73FFF7386AFFC5FAE0021D800055C21F9105FAACA406D5370
0FE08416944482811A10EFC316EBBCA73FFF7386AFFC5FAF0021D700055C21F9105FAACA406D7371
0FE08216944482811A10EFC716EBC6A73FFF7386AFFC6FB10021D600055C21F9105FAACA406D5372
0FE08216944882812110EFC316EBD6A73FFF7386AFFC6FB20031D500055C21F9105FAACA406D6373
0FE07D16943E82811210EFB316EBF0A74FFF7386AFFC6FB20021D600055B21F9105FAACA406D6374
0FE07E16944582812110EFA516EC00A73FFF7386AFFC6FB20021D500055D21F9105FAACA406D5375
0FE07D16944682811210EF9D16EC1FA74FFF7386AFFC5FB20021D500055D21F9105FAACA406D5376
0FE08916944482811A10EF9816EC4EA74FFF7376AFFC5FB20021DA00055C21F9105FAACA406D5377
0FE08D16944182811A10EF9116EC6DA74FFF7376AFFC6FB20011DA00055C21F9105FAACA406D5378
0FE08F1693EE82811A10EF8C16EC9DA75FFF7376AFFC6FB20021D500055D21F9105FAACA406D6379
0FE08616940C82811A10EF8E16ECD0A74FFF7376AFFC5FB20021CF00055D21F9105FAACA406D537A
0FE08216943B82811A10EF8616ECFEA74FFF7376AFFC6FB20021CC00055D21F9105FAACA406D537B
0FE08116944482811A10EF8516ED39A75FFF7366AFFC6FB20021C900055D21F9105FAACA406D637C
0FE07B16944B82811A10EF8616ED71A75FFF7366AFFC6FB20021C900055E21F9105FAACA406D637D
0FE07416944B82811A10EF7E16ED9DA75FFF7366AFFC6FB20021CA00055E21F9105FAACA406D737E
0FE06B16944C82811A10EF7116EDBFA75FFF7366AFFC6FB20031CD00055E21F9105FAACA406D637F
0FE06116944B82811A10EF6F16EDB2A74FFF7356AFFC6FB20021CE00055E21F9105FAACA406D5380
0FE04816944A82810B10EF6316EDA0A74FFF7356AFFC6FB20021CF00055E21F9105FAACA406D7381
0FE02E16945082812D10EF4F16ED6EA75FFF7356AEFC6FB20021D000055D21F9105FAACA406D6382
0FE02816944882811A10EF2A16ED23A75FFF7356AFFC6FB20011D000055E21F9105FAACA406D5383
0FE02816944F82811A10EF0716ECE4A74FFF7356AFFC6FB20021D100055F21F9105FAACA406D6384
0FE02316945082811A10EEF216ECA2A74FFF7356AFFC6FB20021D500055F21F9105FAACA406D7385
0FE02F16944E82811A10EEE416EC6DA74FFF7356AEFC6FB20021D500055F21F9105FAACA406D5386
0FE03616944F82812110EED716EC44A74FFF7346AFFC6FB20011D500055F21F9105FAACA406D6387
0FE04016944E82811A10EEC616EC1FA74FFF7346AFFC6FB20021D700055F21F9105FAACA406D5388
0FE03D16945182812110EEB216EBF0A74FFF7346AFFC6FB20011DA00056021F9105FAACA406D5389
0FE04516945082811A10EEA416EBE0A74FFF7346AFFC6FB40021DC00055F21F9105FAACA406D638A
0FE03C16945182812110EE9716EBCBA73FFF7346AEFC6FB50031DC00056021F9105FAACA406D538B
0FE03216945B82811A10EE8916EBB1A73FFF7346AFFC6FB51501DB00056021F9105FAACA406D638C
0FE03216945382812110EE7C16EBA2A73FFF7346AFFC6FB53051D900056021F9105FAACA406D638D
0FE02A16945282812110EE7516EB9CA73FFF7346AFFC6FB53791D800056021F9105FAACA406D638E
0FE02B16945382812110EE6E16EB92A72FFF7346AEFC6FB536D1DA00056021F9105FAACA406D538F
0FE03916945082812110EE6D16EB92A72FFF7336AEFC6FB535B1DA00056021F9105FAACA406D6390
0FE04116944B82812110EE6A16EB92A72FFF7336AFFC6FB53561D800056021F9105FAACA406D6391
0FE04516944C82812110EE5E16EB92A71FFF7336AFFC6FB53561D500056121F9105FAACA406D6392
0FE04316944B82812110EE5E16EB9CA71FFF7336AEFC6FB53581D100056021F9105FAACA406D5393
0FE04816944D82812110EE4C16EBACA71FFF7336AFFC6FB53571CE00056121F9105FAACA406D6394
0FE04C16944E82812810EE4316EBB6A71FFF7336AEFC6FB53571CE00056121F9105FAACA406D5395
0FE04E16944B82812110EE3C16EBCBA6FFFF7336AFFC6FB53571CF00056121F9105FAACA406D6396
0FE04F16944982812510EE3716EBE5A6FFFF7336AEFC6FB53581CF00056121F9105FAACA406D5397
0FE05716944C82812810EE3016EBF0A6FFFF7336AFFC6FB53571CE00056121F9105FAACA406D6398
0FE05216944E82812110EE3116EC04A6FFFF7336AFFC6FB534F1CB00056221F9105FAACA406D7399
0FE05716944B82812810EE3316EC15A6EFFF7336AFFC5FB52671CB00056221F9105FAACA406D639A
0FE05E16944682812810EE3416EC1FA6EFFF7336AEFC6FB51D51CC00056221F9105FAACA406D539B
0FE05D16944482812810EE3716EC2AA6DFFF7336AFFC6FB51BF1CD00056221F9105FAACA406D639C
0FE06516944782812810EE3716EC39A6CFFF7336AFFC6FB51C91CE00056221F9105FAACA406D539D
0FE06C16944982812810EE3816EC3EA6BFFF7336AFFC6FB51CF1CE00056221F9105FAACA406D639E
0FE06716944982812810EE3B16EC3EA6BFFF7326AEFC6FB51D01CE00056221F9105FAACA406D539F
0FE06516944982813010EE3816EC44A6AFFF7326AEFC6FB51D01D000056221F9105FAACA406D63A0
0FE06916944A82812810EE3F16EC43A69FFF7326AFFC6FB51CF1D100056321F9105FAACA406D63A1
0FE06716944C82812810EE3716EC44A69FFF7326AFFC6FB41D01D200056321F9105FAACA406D63A2
0FE06C16944782813010EE3C16EC43A69FFF7316AEFC6FB31D01D200056321F9105FAACA406D53A3
0FE06C16944782812810EE3716EC33A68FFF7316AFFC6FB30EF1D300056321F9105FAACA406D63A4
0FE06F16944C82813010EE3C16EC2AA67FFF7316AEFC6FB301C1D200056321F9105FAACA406D53A5
0FE07016944B82813010EE3B16EC19A66FFF7316AFFC6FB30001D100056321F9105FAACA406D63A6
0FE06B16944982813010EE3716EC00A66FFF7306AEFC5FB30001CF00056321F9105FAACA406D63A7
0FE06C16944A82813010EE4016EBFAA65FFF7306AFFC6FB30011CE00056321F9105FAACA406D53A8
0FE06916944682813010EE3B16EBE0A64FFF7306AFFC6FB30031CD00056321F9105FAACA406D63A9
0FE06F16944B82813010EE3C16EBD6A63FFF72F6AFFC6FB30021CC00056321F9105FAACA406D63AA
0FE07016944B82811A10EE3B16EBBCA63FFF7306AFFC6FB30021CE00056321F9105FAACA406D53AB
0FE07B16944982814310EE3C16EBACA62FFF72F6AEFC5FB30021D100056321F9105FAACA406D73AC
0FE07916944D82813710EE3716EB97A61FFF72F6AFFC6FB30011D100056321F9105FAACA406D63AD
0FE07B16944F82813010EE3B16EB88A61FFF72F6AFFC6FB30021D200056321F9105FAACA406D63AE
0FE07B16944782813010EE3816EB73A60FFF72F6AFFC6FB30021D200056321F9105FAACA406D53AF
0FE08116944B82813010EE3B16EB6DA5FFFF72F6AFFC6FB30021D100056321F9105FAACA406D73B0
0FE08216944B82813710EE3C16EB59A5FFFF72F6AFFC6FB30021D100056421F9105FAACA406D63B1
0FE08216944982813010EE3F16EB49A5EFFF72F6AEFC6FB30021D100056321F9105FAACA406D53B2
0FE08116944982813710EE3B16EB34A5DFFF72F6AEFC5FB30021D100056421F9105FAACA406D63B3
0FE07B16944A82813010EE4016EB2FA5DFFF72F6AEFC5FB30021CF00056421F9105FAACA406D63B4
0FE07B16944682813010EE4316EB1AA5CFFF72F6AEFC6FB30021CF00056421F9105FAACA406D53B5
0FE06B16944782813710EE4C16EB0AA5CFFF72F6AFFC6FB30011CF00056321F9105FAACA406D63B6
0FE06516944982813010EE5216EAFBA5BFFF72F6AEFC6FB30021CF00056421F9105FAACA406D53B7
0FE06416944C82813710EE5616EAE0A5BFFF72E6AFFC6FB30021D000056321F9105FAACA406D73B8
0FE05A16944B82813010EE5B16EAC7A5AFFF72D6AEFC6FB30021D100056321F9105FAACA406D53B9
0FE05E16944982813710EE5A16EAB7A59FFF72D6AFFC6FB30021D200056321F9105FAACA406D63BA
0FE06016944A82813010EE6316EA9CA59FFF72C6AFFC6FB30031D200056321F9105FAACA406D53BB
0FE05E16944C82813710EE6516EA7EA59FFF72C6AFFC5FB30021D200056321F9105FAACA406D63BC
0FE06116944782813010EE6216EA68A59FFF72B6AEFC6FB30021D100056321F9105FAACA406D53BD
0FE06416944B82813710EE6316EA4AA58FFF72A6AFFC6FB30021D000056321F9105FAACA406D73BE
0FE06116944E82811A10EE6516EA39A58FFF72A6AFFC6FB30021D000056321F9105FAACA406D63BF
0FE06116944B82814A10EE5F16EA2BA58FFF7296AFFC6FB30011D200056321F9105FAACA406D63C0
0FE05D16945082813010EE6516EA1FA57FFF7296AFFC6FB30011D500056321F9105FAACA406D73C1
0FE05A16944C82813710EE6916EA15A57FFF7296AFFC6FB30021D600056321F9105FAACA406D63C2
0FE04816944C82813010EE6A16EA16A57FFF72A6AEFC6FB30021D700056221F9105FAACA406D53C3
0FE02E16944E82813010EE7116EA24A56FFF72A6AFFC6FB30021D700056221F9105FAACA406D63C4
0FE02816944E82813010EE7616EA2BA56FFF72A6AFFC6FB30011D500056221F9105FAACA406D53C5
0FE02416944E82813010EE8416EA3EA56FFF72B6AFFC6FB30011D500056321F9105FAACA406D63C6
0FE03516944B82813010EE8816EA45A56FFF72B6AFFC6FB30021D800056321F9105FAACA406D63C7
0FE03616945082813010EE9916EA53A56FFF72C6AFFC6FB30021D900056221F9105FAACA406D63C8
0FE01216945682813010EEAE16EA63A55FFF72C6AFFC6FB30021D800056221F9105FAACA406D63C9
0FDFE616945C82813010EECB16EA6FA55FFF72C6AFFC6FB30021D600056221F9105FAACA406D63CA
0FDFCD16946182813010EEF416EA73A55FFF72D6AFFC6FB30011D600056221F9105FAACA406D53CB
0FDFC616946382813010EF1616EA83A55FFF72D6AEFC6FB30021D800056221F9105FAACA406D53CC
0FDFC516946082812810EF4316EA92A55FFF72D6AFFC5FB30021D900056221F9105FAACA406D73CD
0FDFB416946282813010EF6B16EAA3A55FFF72D6AEFC6FB30011D900056121F9105FAACA406D53CE
0FDFA916946382812810EF9D16EAB1A55FFF72D6AEFC6FB30021D700056121F9105FAACA406D53CF
0FDFA516945B82812810EFCE16EAC2A55FFF72D6AFFC6FB30021D500056121F9105FAACA406D73D0
0FDFAD16945C82813010EFEE16EAD6A55FFF72D6AFFC6FB30011D500056121F9105FAACA406D63D1
0FDFAD16945E82812810EFF916EAEBA55FFF72D6AEFC6FB30021D500056121F9105FAACA406D63D2
0FDFB016945A82812810EFFD16EAFBA55FFF72D6AEFC7FB20031D300056121F9105FAACA406D73D3
0FDFB016945982812D10EFF516EB1AA55FFF72D6AFFC8FB20021D100056121F9105FAACA406D63D4
0FDFB016944A82812810EFF216EB1AA55FFF72E6AFFC8FB20021D000056121F9105FAACA406D63D5
0FDFB016945382812810EFDE16EB2FA56FFF72E6AFFC8FB20011D100056021F9105FAACA406D63D6
0FDF8816946B82812110EFCB16EB3FA56FFF72E6AEFC8FB20021D400056021F9105FAACA406D63D7
0FDF5216947282812810EFA816EB49A56FFF72F6AEFC8FB20021D400056021F9105FAACA406D53D8
0FDF3D16946B82812810EF8C16EB4EA56FFF72F6AFFC8FB20021D200055F21F9105FAACA406D63D9
0FDF3916946882812110EF7E16EB58A56FFF7306AEFC8FB20021CF00055F21F9105FAACA406D73DA
0FDF3C16946882812810EF7E16EB5EA57FFF7306AEFC8FB20021CF00055F21F9105FAACA406D53DB
0FDF4B16946582812110EF7916EB5EA57FFF7316AFFC8FB20021D100055F21F9105FAACA406D63DC
0FDF5216946382812110EF5416EB59A57FFF7316AEFC8FB20011E000055F21F9105FAACA406D53DD
0FDF5216946082812110EF3416EB53A57FFF7326AFFC8FB20021FD00055E21F9105FAACA406D63DE
0FDF6116945E82812810EF0316EB54A57FFF7326AEFC8FB200220000055F21F9105FAACA406D53DF
0FDF6816946582812110EED116EB44A57FFF7326AFFC8FB20021F400055F21F9105FAACA406D63E0
0FDF7616946282812110EEA116EB39A58FFF7326AEFC8FB20021E900055F21F9105FAACA406D63E1
0FDF8816945F82812110EE7C16EB2FA58FFF7326AFFC8FB20021E400055F21F9105FAACA406D63E2
0FDF9716946182811A10EE6916EB1FA58FFF7326AFFC8FB20011DF00055E21F9105FAACA406D63E3
0FDF9E16946382812110EE5B16EB15A58FFF7326AEFC8FB20021DD00055D21F9105FAACA406D63E4
0FDF9316946382812110EE5216EAFAA58FFF7326AFFC8FB20021DB00055E21F9105FAACA406D53E5
0FDF8816946082812110EE4816EAF6A59FFF7326AEFC8FB20021DB00055E21F9105FAACA406D63E6
0FDF9016945E82811A10EE4316EAE6A59FFF7326AEFC8FB20021DD00055D21F9105FAACA406D53E7
0FDFA216945B82812110EE4416EAD7A59FFF7326AFFC8FB20021DD00055D21F9105FAACA406D63E8
0FDFAD16945D82811610EE4316EAC6A59FFF7326AFFC8FB20021DA00055D21F9105FAACA406D63E9
0FDFC216945682812110EE3F16EAB7A5AFFF7326AEFC8FB20021D700055D21F9105FAACA406D53EA
0FDFF116945082811A10EE3C16EAA7A5AFFF7326AFFC7FB50031D600055D21F9105FAACA406D63EB
0FE00716944782812110EE3B16EA97A5AFFF7326AFFC7FB60021D400055C21F9105FAACA406D73EC
0FE03516944782811A10EE3416EA8EA5AFFF7326AEFC7FB60141D100055D21F9105FAACA406D63ED
0FE06C16944682811A10EE3B16EA78A5AFFF7326AFFC7FB61F11CF00055C21F9105FAACA406D63EE
0FE09D16944182812110EE5216EA64A5BFFF7326AEFC7FB631A1D100055C21F9105FAACA406D63EF
0FE0C716944282811A10EE7216EA5EA5BFFF7326AEFC7FB63481D300055C21F9105FAACA406D63F0
0FE0DD16944182811A10EE7C16EA4FA5BFFF7326AFFC7FB63341D300055C21F9105FAACA406D63F1
0FE0ED16944682811A10EE7A16EA3EA5BFFF7326AFFC7FB63271D500055C21F9105FAACA406D63F2
0FE0E416944682811A10EE7116EA39A5CFFF7326AFFC7FB63251D700055C21F9105FAACA406D73F3
0FE0C716944482811A10EE6D16EA2BA5CFFF7326AFFC7FB63261D800055B21F9105FAACA406D73F4
0FE0C516944882812110EE5716EA24A5CFFF7326AFFC7FB63271D700055C21F9105FAACA406D63F5
0FE0CE16944A82811A10EE4316EA1BA5CFFF7326AEFC7FB63271D500055B21F9105FAACA406D53F6
0FE0E016944982811A10EE3C16EA15A5DFFF7326AFFC6FB63271D500055B21F9105FAACA406D63F7
0FE0D316944982811A10EE3716EA11A5DFFF7326AFFC7FB62811D500055B21F9105FAACA406D63F8
0FE0B116944C82811A10EE3016EA15A5DFFF7326AFFC7FB614B1D800055A21F9105FAACA406D63F9
0FE09316945182812110EE3816EA0FA5DFFF7336AFFC7FB60E91E000055A21F9105FAACA406D73FA
0FE07416945382811A10EE3B16EA11A5DFFF7336AFFC7FB60EC1E400055A21F9105FAACA406D73FB
0FE05316945B82811A10EE2D16EA1FA5DFFF7326AFFC7FB60F91E100055A21F9105FAACA406D73FC
0FE02316946182811A10EE2416EA21A5EFFF7326AFFC7FB60FD1DB00055A21F9105FAACA406D63FD
0FDFF116946382810310EE2016EA39A5EFFF7336AEFC7FB60FD1D700055921F9105FAACA406D63FE
0FDFCD16946A82813B10EE2116EA4FA5EFFF7326AFFC7FB60FD1D400055A21F9105FAACA406D63FF
0FDFB716946682811A10EE1C16EA5EA5FFFF7326AFFC7FB60FC1D200055A21F9105FAACA406D6300
0FDFA216946A82811A10EE2116EA73A5FFFF7336AEFC7FB60FC1D000055921F9105FAACA406D7301
0FDF9A16946382812110EE1916EA98A5FFFF7336AFFC7FB60FD1CF00055921F9105FAACA406D7302
0FDF9E16946282811A10EE1C16EAACA5FFFF7336AEFC7FB50FD1D000055921F9105FAACA406D6303
0FDF9E16945B82812110EE1516EAC7A5FFFF7336AEFC7FB50901D300055921F9105FAACA406D7304
0FDF9E16945C82811A10EE1516EAD6A5FFFF7336AEFC7FB50151D300055921F9105FAACA406D5305
0FDF9A16945E82812110EE1516EAF1A5FFFF7336AFFC7FB50001D200055821F9105FAACA406D6306
0FDF9A16945E82812110EE1516EAFAA5FFFF7336AFFC7FB50001D100055821F9105FAACA406D6307
0FDFA216946182812110EE0E16EB10A60FFF7336AEFC7FB50011CF00055821F9105FAACA406D6308
0FDFA216945882811A10EE0D16EB29A60FFF7336AEFC7FB50021CE00055821F9105FAACA406D7309
0FDFA516945F82812810EE0916EB39A60FFF7346AFFC7FB50021CF00055821F9105FAACA406D630A
0FDFAD16946082812110EE0A16EB44A60FFF7346AEFC7FB50021D000055721F9105FAACA406D530B
0FDFB416945A82812110EE0D16EB58A61FFF7346AFFC7FB50021D400055621F9105FAACA406D730C
0FDFBB16946082812110EE0616EB5EA61FFF7356AEFC7FB50021D500055621F9105FAACA406D530D
0FDFBB16946082812110EE0516EB63A61FFF7356AFFC7FB50021D300055621F9105FAACA406D730E
0FDFB716946682812810EE0116EB6EA61FFF7356AFFC7FB50021D200055621F9105FAACA406D630F
0FDFB316946182812110EE0216EB68A61FFF7356AFFC7FB50021D300055621F9105FAACA406D7310
0FDFB416945E82812110EE0516EB6EA61FFF7366AFFC7FB50021D300055521F9105FAACA406D6311
0FDFB416945E82812810EDFA16EB73A61FFF7366AFFC7FB50011D400055621F9105FAACA406D6312
0FDFB716945A82812110EDFE16EB73A61FFF7366AFFC7FB50021D300055521F9105FAACA406D7313
0FDFBB16946082812D10EDFE16EB6DA61FFF7366AFFC7FB50021D200055521F9105FAACA406D7314
0FDFBF16946082812810EDFA16EB59A61FFF7366AEFC7FB50021D300055521F9105FAACA406D6315
0FDFBE16945E82812810EDE716EB5EA61FFF7366AFFC7FB50021D500055421F9105FAACA406D7316
0FDFC216946282812810EDD016EB44A61FFF7356AEFC7FB50021D500055421F9105FAACA406D6317
0FDFBF16946082812810EDC816EB2FA61FFF7356AEFC7FB50021D500055421F9105FAACA406D6318
0FDFBE16945E82813010EDC016EB10A61FFF7356AEFC7FB50011D600055421F9105FAACA406D6319
0FDFC216945E82812810EDBC16EAF5A61FFF7356AEFC7FB50021D500055421F9105FAACA406D631A
0FDFC616945A82813010EDAD16EAD6A61FFF7356AEFC7FB50021D300055421F9105FAACA406D631B
0FDFCD16946082812810EDAD16EAA8A61FFF7356AFFC7FB40021D100055421F9105FAACA406D731C
0FDFCD16946082813010EDAD16EA78A61FFF7356AEFC7FB40021D100055321F9105FAACA406D631D
0FDFCD16946282812810EDA516EA4AA61FFF7356AFFC7FB40021D100055321F9105FAACA406D631E
0FDFC916946082813010ED9E16EA1FA61FFF7346AFFC7FB40021D200055321F9105FAACA406D731F
0FDFC216946182813010ED9A16E9F2A61FFF7346AFFC7FB40011D300055321F9105FAACA406D6320
0FDFBF16946082813010ED9E16E9D1A61FFF7346AFFC7FB40011D200055321F9105FAACA406D7321
0FDFBB16946182813010ED8A16E9ACA61FFF7346AFFC7FB40021D100055321F9105FAACA406D6322
0FDFBE16946382813010ED9616E984A61FFF7336AEFC7FB40021D000055321F9105FAACA406D7323
0FDFC216946082813710ED9616E97DA61FFF7336AEFC7FB40021CF00055321F9105FAACA406D7324
0FDFC616945E82813010EDA916E96AA61FFF7336AEFC7FB40011D000055321F9105FAACA406D6325
0FDFC516945E82813010EDBC16E96DA61FFF7336AFFC7FB40021D200055321F9105FAACA406D7326
0FDFC616945A82813710EDC016E982A61FFF7336AEFC7FB40021D500055221F9105FAACA406D6327
0FDFC616945C82813410EDD016E9A4A61FFF7336AEFC7FB40021D800055321F9105FAACA406D7328
0FDFBB16946182813710EDDB16E9CBA61FFF7336AFFC7FB40021D600055221F9105FAACA406D7329
0FDFBB16946082813010EE0116E9E7A60FFF7326AFFC7FB40011D400055221F9105FAACA406D632A
0FDFB716945F82813710EE3716EA15A60FFF7326AEFC7FB40021D200055221F9105FAACA406D732B
0FDFB716946182813710EE6316EA34A60FFF7326AEFC7FB40021D000055221F9105FAACA406D632C
0FDFAD16946382813710EE9016EA64A60FFF7326AFFC7FB40021CD00055221F9105FAACA406D632D
0FDFA216946682813010EEBC16EA97A60FFF7326AFFC7FB40021CD00055121F9105FAACA406D732E
0FDF9E16946582813710EEE416EAD1A60FFF7326AEFC7FB40011CE00055221F9115FAACA416D632F
0FDF9716946382813710EEF016EB15A61FFF7336AFFC7FB40021CE00055221F9115FAACA406D7330
0FDF9016946482813710EEE616EB4EA61FFF7336AFFC7FB40021CF00055121F9115FAACA406D6331
0FDF8C16946382813F10EEE416EB88A60FFF7336AFFC7FB40021CF00055121F9115FAACA406D7332
0FDF8516946682813710EEE016EBB1A60FFF7336AEFC7FB40031D100055221F9115FAACA406D6333
0FDF8C16946582813710EEEA16EBE0A60FFF7346AFFC6FB408D1D300055121F9115FAACA406D7334
0FDF9316946682813710EEFB16EC0AA61FFF7346AFFC6FB43D11D500055221F9115FAACA406D7335
0FDF9E16946182813710EF1C16EC2AA61FFF7346AEFC5FB455B1D400055221F9115FAACA406D7336
0FDF9E16946282813710EF3916EC5DA60FFF7356AEFC5FB457F1D300055121F9115FAACA406D7337
0FDF9E16946082813F10EF5F16EC6DA60FFF7356AEFC6FB455C1D900055121F9115FAACA406D5338
0FDF9E16946182813710EF8116EC8CA61FFF7356AFFC6FB454B1E400055121F9115FAACA406D7339
0FDF9E16946382813F10EFA816EC88A61FFF7356AFFC6FB454A1E700055221F9115FAACA406D633A
0FDFA216946682813010EFCF16EC9BA61FFF7356AEFC6FB454B1E300055221F9115FAACA406D633B
0FDFA116946582813B10EFF916ECA2A61FFF7366AFFC6FB454D1DD00055221F9115FAACA406D733C
0FDF9A16946682813010F02016ECABA61FFF7366AEFC6FB454D1D900055221F9115FAACA406D733D
0FDFA216946282814E10F04E16ECA7A61FFF7366AFFC6FB454D1D500055121F9115FAACA406D633E
0FDFA116945F82813710F07516ECB5A61FFF7366AFFC6FB454D1D500055221F9115FAACA406D733F
0FDFA916945E82813710F0A616ECB7A61FFF7366AEFC6FB454D1D500055221F9115FAACA406D7340
0FDFA916946182813710F0D516ECC0A61FFF7366AFFC6FB454C1D500055321F9115FAACA406D6341
0FDFB016945B82813F10F10016ECCAA61FFF7366AFFC6FB43D71D600055221F9115FAACA406D7342
0FDFB016945C82813F10F12916ECD1A61FFF7356AEFC5FB42601D700055221F9115FAACA406D7343
0FDFB416946682813710F15016ECEFA61FFF7356AEFC6FB42091D600055321F9115FAACA406D7344
0FDFB316946582813710F17A16ED00A61FFF7356AFFC6FB42191D500055221F9115FAACA406D7345
0FDFB416946082813F10F1A216ED1EA61FFF7356AEFC5FB42291D500055321F9115FAACA406D6346
0FDFBB16946182813710F1C716ED2AA61FFF7346AEFC6FB422D1D500055221F9115FAACA406D7347
0FDFB316946082813710F1F116ED38A61FFF7346AFFC6FB422C1D400055321F9115FAACA406D6348
0FDFBF16946182813F10F21416ED3FA61FFF7346AFFC6FB422B1D400055321F9115FAACA406D7349
0FDFC216946082813710F23A16ED5CA61FFF7346AFFC6FB422B1D300055321F9115FAACA406D734A
0FDFD016945E82813710F25D16ED6EA61FFF7346AEFC6FB422B1D200055321F9115FAACA406D634B
0FDFD116946282813F10F27816ED7BA60FFF7346AEFC6FB122B1D200055321F9115FAACA406D634C
0FDFD116945B82813710F29B16ED8BA60FFF7346AFFC6FB022B1D300055421F9115FAACA406D734D
0FDFE216945882813710F2BD16ED98A60FFF7346AEFC5FB01B41D400055421F9115FAACA406D634E
0FDFF116945582813B10F2D816EDBAA60FFF7346AEFC6FB014C1D300055421F9115FAACA406D634F
0FDFF916945082813710F2F716EDCCA60FFF7346AEFC6FB01361D400055421F9115FAACA406D7350
0FDFED16945582813710F31216EDE9A60FFF7346AEFC5FB013B1D300055421F9115FAACA406D7351
0FDFE616945982813710F32916EDF6A5FFFF7346AEFC6FB013F1D300055421F9115FAACA406D6352
0FDFEA16945182813710F34516EE18A5FFFF7346AEFC6FB01401D600055421F9115FAACA406D7353
0FDFFB16945182813F10F35B16EE32A5FFFF7346AEFC6FB01401D800055521F9115FAACA406D7354
0FDFF516945382813710F36F16EE44A5FFFF7346AFFC6FB01401D800055521F9115FAACA406D7355
0FDFE616945082813710F38216EE66A5FFFF7356AEFC6FB01401D700055521F9115FAACA406D6356
0FDFE216945582813710F39116EE78A5EFFF7356AFFC6FB01411D700055521F9115FAACA406D7357
0FDFF516944E82813710F3A516EE9AA5EFFF7356AEFC6FB00CC1D800055521F9115FAACA406D5358
0FDFF116944682813710F3B516EEAFA5DFFF7356AFFC5FB00251D900055621F9115FAACA406D7359
0FDFF116944B82813710F3C416EEC2A5DFFF7366AEFC6FB00001D900055621F9115FAACA406D735A
0FDFEE16944B82813710F3CF16EEDEA5DFFF7366AEFC6FB00001D700055621F9115FAACA406D735B
0FDFEE16944C82813710F3DB16EEEDA5DFFF7366AFFC6FB00001D500055721F9115FAACA406D635C
0FDFE916945A82813710F3F216EF10A5CFFF7376AFFC6FB00021D500055821F9115FAACA406D735D
0FDFC61693CC82813710F3FB16EF21A5CFFF7376AFFC6FB00021D400055721F9115FAACA406D735E
0FDFB71693C582813010F40D16EF3AA5CFFF7376AEFC6FB00021D500055821F9115FAACA406D635F
0FDF9E16944282813710F41416EF46A5BFFF7376AEFC6FB00021DF00055821F9115FAACA406D6360
0FDF8516946182813710F42416EF65A5BFFF7376AFFC6FB00021F700055821F9115FAACA406D7361
0FDF7A16945A82813710F42F16EF6EA5AFFF7376AEFC5FB00021FA00055821F9115FAACA406D7362
0FDF6416946082813410F43F16EF7FA5AFFF7376AEFC6FB00031F000055921F9115FAACA406D7363
0FDF6416945B82813710F44E16EF8FA5AFFF7366AEFC7FB00021E800055921F9115FAACA406D7364
0FDF6F16945982813010F45816EFA8A5AFFF7366AEFC9FB00021E300055921F9115FAACA406D7365
0FDF7D16945582813710F46216EFAEA59FFF7356AEFC9FB00021DF00055A21F9115FAACA406D7366
0FDF7D16945B82813710F47116EFBEA59FFF7346AFFC9FB00021DC00055A21F9115FAACA406D7367
0FDF7316946182813010F47D16EFC7A59FFF7336AFFC9FB00021D800055A21F9115FAACA406D7368
0FDF6816946682813710F48416EFCDA58FFF7326AFFC9FB00021D600055B21F9115FAACA406D6369
0FDF5D16946B82813010F49016EFDDA58FFF7316AFFC9FB00021D500055C21F9115FAACA406D736A
0FDF6816946D82813710F49E16EFE1A58FFF7306AEFC9FB00011D500055C21F9115FAACA406D736B
0FDF6416946682813010F4A716EFEDA57FFF72F6AEFC9FB00021DB00055D21F9115FAACA406D636C
0FDF6B16946682813710F4AF16EFF7A57FFF72F6AFFC9FB00011E400055C21F9115FAACA406D636D
0FDF7D16946B82813010F4BA16EFFCA57FFF72E6AEFC9FB00021E600055D21F9115FAACA406D736E
0FDF8816946682813710F4C216F001A56FFF72D6AEFC9FB00031E500055E21F9115FAACA406D636F
0FDF8C16946082813010F4CD16F007A56FFF72C6AEFC9FB02651E200055D21F9115FAACA406D6370
0FDF8116946182813010F4D516F00BA55FFF72C6AFFC9FB06B91DE00055E21F9115FAACA406D7371
0FDF8C16945D82813710F4DD16F016A56FFF72B6AEFC9FB08151DA00055F21F9115FAACA406D6372
0FDF8C16946082813010F4E316F016A55FFF72B6AFFC9FB08071D900055F21F9115FAACA406D7373
0FDF8F16946082813010F4E816F025A55FFF72A6AEFC9FB07D81DE00055F21F9115FAACA406D6374
0FDF9E16945A82813710F4F416F026A55FFF72A6AFFC9FB07CA1EC00056021F9115FAACA406D7375
0FDFB416945882813010F4FC16F026A55FFF72A6AFFC9FB07CA21900056021F9115FAACA406D7376
0FDFC216945882812D10F50316F030A55FFF72A6AFFC9FB07CC23200056021F9115FAACA406D7377
0FDFCD16945182813710F50716F030A55FFF72A6AEFC9FB07CD22700056121F9115FAACA406D6378
0FDFC616945A82813010F50F16F030A55FFF72A6AFFC9FB07CD20F00056221F9115FAACA406D7379
0FDFBE16945A82813010F51316F035A54FFF7296AEFC9FB07CD1FC00056121F9115FAACA406D637A
0FDFC216945C82813010F51A16F036A54FFF7296AEFC9FB07CD1F000056221F9115FAACA406D637B
0FDFD116945682813710F51E16F040A54FFF7296AEFC7FB17B51E900056221F9115FAACA406D637C
0FDFDF16945682812110F52616F03AA54FFF72A6AFFC5FB34FD1E500056221F9115FAACA406D737D
0FDFE316945582813710F52E16F03BA54FFF72A6AFFC5FB43461E200056321F9115FAACA406D737E
0FDFF516945382813710F53216F040A54FFF72A6AEFC5FB43021DD00056321F9115FAACA406D737F
0FDFF116945082813010F53916F045A54FFF72A6AFFC5FB431F1D800056321F9115FAACA406D7380
0FDFC916945D82813010F53D16F03BA54FFF72A6AFFC5FB43311D500056421F9115FAACA406D7381
0FDFA216946382813010F53D16F03BA54FFF72A6AEFC5FB43351D500056321F9115FAACA406D6382
0FDF7D16946682813010F54416F040A54FFF72A6AEFC5FB43331D500056421F9115FAACA406D7383
0FDF6816946882813010F55116F040A54FFF72B6AFFC5FB43331D500056421F9115FAACA406D6384
0FDF6B16946882813010F55116F040A54FFF72B6AFFC5FB43321D400056521F9115FAACA406D6385
0FDF6416946882813010F55416F03AA54FFF72B6AEFC5FB43331D400056521F9115FAACA406D7386
0FDF9716946182813010F55816F03BA54FFF72B6AEFC5FB43331D500056621F9115FAACA406D7387
0FDFD816945682812810F56016F036A54FFF72B6AFFC5FB43331D700056621F9115FAACA406D7388
0FDFF516945082813010F56016F030A54FFF72B6AFFC5FB429D1D500056721F9115FAACA406D7389
0FDFF416945582813010F56816F02BA54FFF72B6AFFC5FB41671D300056721F9115FAACA406D738A
0FDFF116945882812D10F56F16F026A54FFF72C6AEFC5FB41011D300056721F9115FAACA406D738B
0FDFE316945D82813010F57316F020A54FFF72B6AEFC5FB41031D100056721F9115FAACA406D738C
0FDFCD16946282813010F57716F01BA55FFF72C6AFFC5FB41101D100056821F9115FAACA406D738D
0FDFAD16946682813010F57716F016A55FFF72C6AEFC5FB41151D100056821F9115FAACA406D638E
0FDF8516946882812810F57B16F00BA55FFF72C6AFFC5FB41151D000056921F9115FAACA406D638F
0FDF6F16946F82813010F57B16F001A55FFF72C6AEFC5FB41141CF00056921F9115FAACA406D6390
0FDF5216947582813010F56F16EFF2A55FFF72C6AFFC5FB41131D000056921F9115FAACA406D7391
0FDF4016947482812810F55416EFE1A55FFF72C6AEFC5FB41131D100056921F9115FAACA406D7392
0FDF3916947282813010F50316EFE7A56FFF72C6AEFC5FB41141D200056A21F9115FAACA406D7393
0FDF3116947382813010F49816EFCDA56FFF72C6AFFC5FB30C21D200056A21F9115FAACA406D7394
0FDF2316946F82812810F42616EFC7A56FFF72C6AEFC6FAE0291D200056A21F9115FAACA406D6395
0FDF1C16947482813010F3BC16EFBEA56FFF72C6AFFC7FAC0001D200056B21F9115FAACA406D7396
0FDF1516947482813010F36316EFA4A56FFF72C6AFFC7FAB0001D200056B21F9115FAACA406D7397
0FDF1116947582812810F31616EF9DA56FFF72C6AFFC7FAC0001D400056B21F9115FAACA406D7398
0FDF1116947482813010F2DC16EF94A57FFF72C6AFFC7FAC0021DA00056B21F9115FAACA406D7399
0FDF0E16947282812810F2B216EF8AA57FFF72C6AFFC7FAC0021DB00056C21F9115FAACA406D739A
0FDF0D16946F82813010F29316EF7EA57FFF72C6AFFC7FAC0021D800056C21F9115FAACA406D739B
0FDF0D16946D82812810F27816EF75A57FFF72B6AEFC7FAC0021D400056C21F9115FAACA406D739C
0FDF1216947082812810F26916EF6FA58FFF72B6AEFC7FAC0021D000056C21F9115FAACA406D739D
0FDF1516946F82813010F25916EF64A58FFF72B6AFFC7FAC0021CD00056D21F9115FAACA406D739E
0FDF1C16947482811210F24116EF60A59FFF72A6AEFC7FAC0031CC00056E21F9115FAACA406D739F
0FDF2316946C82814310F21C16EF55A59FFF72A6AFFC7FAC0021CE00056E21F9115FAACA406D73A0
0FDF1C16946882812810F1EE16EF4AA59FFF7296AFFC7FAC0021D000056E21F9115FAACA406D73A1
0FDF1816946C82813010F1C316EF41A59FFF7296AEFC7FAC0021D100056E21F9115FAACA406D63A2
0FDF1116947082812810F19B16EF3AA59FFF7286AFFC7FAC0011D200056E21F9115FAACA406D73A3
0FDF1216947282812810F17E16EF3BA5AFFF7276AFFC7FAC0021D400056F21F9115FAACA406D73A4
0FDF1116947282813010F15716EF2CA5AFFF7276AEFC7FAC0021D500056F21F9115FAACA406D63A5
0FDF0A16947582812810F13A16EF30A5BFFF7276AEFC7FAC0021D300056F21F9115FAACA406D73A6
0FDF0316947782812810F12216EF2CA5BFFF7266AEFC7FAC0021D300057021F9115FAACA406D73A7
0FDEFF16947482813010F0FB16EF1CA5BFFF7266AEFC7FAC0021D100057021F9115FAACA406D73A8
0FDF2316947282812810F0CD16EF1BA5CFFF7266AFFC7FAC0021D100057021F9115FAACA406D63A9
0FDF4016946782812810F0A316EF0CA5CFFF7256AEFC7FAC0021D100057021F9115FAACA406D73AA
0FDF6116946682812810F07416EF0BA5DFFF7256AFFC7FAC0021D200057021F9115FAACA406D73AB
0FDF7A16946182812810F04E16EF02A5DFFF7256AFFC7FAD0021D400057021F9115FAACA406D73AC
0FDF9316945E82812810F02716EEF8A5DFFF7256AFFC6FB20021D400057021F9115FAACA406D73AD
0FDFA916945782813010F01016EEF1A5DFFF7256AFFC6FB60011D100057121F9115FAACA406D73AE
0FDFB016945B82812810EFF916EEE3A5DFFF7256AFFC5FB60021D000057121F9115FAACA406D73AF
0FDFB716945A82812810EFE216EEE3A5EFFF7256AEFC6FB60011D100057121F9115FAACA406D73B0
0FDFB716945882812810EFCB16EED7A5EFFF7256AFFC5FB60021D400057221F9115FAACA406D73B1
0FDFBF16945C82812810EFBC16EED8A5FFFF7256AEFC6FB60021D500057221F9115FAACA406D73B2
0FDFB716945A82812810EFA016EECCA5FFFF7256AFFC6FB60021D500057221F9115FAACA406D73B3
0FDFA916945882812510EF8E16EEBEA5FFFF7266AFFC6FB60021D500057321F9115FAACA406D73B4
0FDF9E16946182812810EF7616EEBEA5FFFF7266AEFC5FB60021DA00057321F9115FAACA406D73B5
0FDF8C16946482812810EF6216EEB2A5FFFF7276AFFC6FB60021DE00057321F9115FAACA406D73B6
0FDF8516946082812810EF5416EEAFA60FFF7276AFFC6FB60031DE00057321F9115FAACA406D73B7
0FDF8516946182812810EF4716EE9FA60FFF7276AFFC6FB60021DC00057421F9115FAACA406D73B8
0FDF8516946382812810EF3D16EE9DA61FFF7286AFFC6FB60021D900057421F9115FAACA406D73B9
0FDF9316946082812810EF3916EE95A61FFF7296AFFC6FB60021D900057421F9115FAACA406D73BA
0FDFA216945E82812810EF3416EE88A62FFF7296AFFC6FB60011DB00057521F9115FAACA406D73BB
0FDFAD16945F82812810EF2D16EE80A62FFF7296AEFC6FB60021DA00057521F9115FAACA406D73BC
0FDFC916945282812810EF2D16EE75A62FFF72A6AFFC6FB60021D700057521F9115FAACA406D73BD
0FDFF816944B82812810EF3016EE69A62FFF72A6AFFC6FB60021D300057521F9115FAACA406D73BE
0FE02416944982812810EF3516EE56A63FFF72B6AEFC6FB60021D100057621F9105FAACA416D53BF
0FE03D16944682812810EF4116EE54A63FFF72C6AEFC6FB60021D100057621F9105FAACA406D73C0
0FE05916944182812110EF4B16EE41A63FFF72D6AFFC6FB60011D200057721F9105FAACA406D73C1
0FE06916943F82812810EF4C16EE2CA64FFF72D6AFFC6FB60021D300057721F9105FAACA406D73C2
0FE07916944082812810EF5616EE25A64FFF72D6AFFC6FB60021D300057721F9105FAACA406D73C3
0FE08216944282812810EF5C16EE0DA65FFF72E6AEFC6FB60021D200057821F9105FAACA406D73C4
0FE09416943D82812110EF5416EE00A65FFF72E6AEFC5FB60021D100057821F9105FAACA406D63C5
0FE09D16943D82812810EF5616EDF3A65FFF72E6AFFC5FB60021CF00057821F9105FAACA406D73C6
0FE0A616944282812810EF5016EDD6A66FFF72D6AFFC5FB60021CD00057921F9105FAACA406D73C7
0FE0A616944182812110EF4C16EDC9A66FFF72D6AFFC5FB60021CD00057A21F9105FAACA406D73C8
0FE0B316944382812510EF4716EDBFA66FFF72D6AFFC5FB60021CE00057A21F9105FAACA406D73C9
0FE0BC16944482812810EF4116ED9DA67FFF72C6AEFC5FB60021D000057A21F9105FAACA406D73CA
0FE0CE16944182812810EF3516ED95A67FFF72B6AFFC5FB60021D200057A21F9105FAACA406D73CB
0FE0ED16943C82812110EF2416ED83A67FFF72A6AFFC5FB60011D200057B21F9105FAACA406D73CC
0FE0EF16943D82812810EF0F16ED6CA68FFF7296AEFC5FB50011D200057B21F9105FAACA406D73CD
0FE0E516943C82812810EF0116ED5EA68FFF7286AFFC5FB60021D500057B21F9105FAACA406D73CE
0FE0E016943A82812110EEE816ED3DA68FFF7266AFFC5FB60031DA00057C21F9105FAACA406D73CF
0FE0D516943B82812810EED916ED39A69FFF7246AFFC5FB60021DF00057C21F9105FAACA406D73D0
0FE0C916943D82812110EEC716ED28A69FFF7226AEFC5FB60021DF00057D21F9105FAACA406D63D1
0FE0A616944682812810EEB616ED13A69FFF7206AEFC5FB60021DB00057D21F9105FAACA406D73D2
0FE06916945082812810EEA116ED10A6AFFF71F6AFFC5FB60011D800057E21F9105FAACA406D63D3
0FE03C16945382812810EE9416ECF4A6AFFF71E6AFFC5FB60021D600057D21F9105FAACA406D73D4
0FE01D16945382812110EE8016ECE1A6AFFF71D6AFFC5FB60021D400057E21F9105FAACA406D73D5
0FE02B16945082812110EE7216ECD5A6BFFF71D6AFFC5FB60011D300057F21F9105FAACA406D73D6
0FE04016944E82812810EE6D16ECC6A6BFFF71D6AFFC5FB60021D300058021F9105FAACA406D73D7
0FE05E16944782812810EE5F16ECBBA6BFFF71C6AFFC5FB60021D200058021F9105FAACA406D73D8
0FE07016944482812110EE5616ECB1A6CFFF71C6AFFC5FB60021D000058121F9105FAACA406D73D9
0FE07D16944782812810EE5216EC96A6CFFF71C6AFFC5FB60021CF00058121F9105FAACA406D73DA
0FE07416944D82812810EE5316EC8DA6DFFF71C6AFFC5FB60031CF00058121F9105FAACA406D73DB
0FE07416944B82812110EE4B16EC81A6DFFF71C6AFFC5FB61181D100058221F9105FAACA406D73DC
0FE06F16944982812110EE4816EC73A6DFFF71D6AFFC6FB52E11D100058221F9105FAACA406D73DD
0FE06C16944982812D10EE4716EC62A6EFFF71D6AFFC7FB436A1D400058321F9105FAACA406D73DE
0FE06716944982812110EE3F16EC5EA6EFFF71D6AFFC8FB43621DA00058321F9105FAACA406D73DF
0FE05A16944982812810EE3816EC4DA6EFFF71D6AFFC8FB434F1DB00058321F9105FAACA406D73E0
0FE04C16944C82812110EE3016EC44A6FFFF71D6AFFC8FB43491D800058321F9105FAACA406D73E1
0FE04016944E82812810EE2D16EC3EA6FFFF71E6AFFC8FB434A1D300058421F9105FAACA406D73E2
0FE03216945582812110EE2816EC33A6FFFF71E6AFFC8FB434B1D200058421F9105FAACA406D73E3
0FE01516945882812810EE2416EC34A70FFF71E6AFFC8FB434B1D500058521F9105FAACA406D73E4
0FDFF816945C82812810EE2116EC2EA70FFF71F6AFFC8FB434B1D900058621F9105FAACA406D73E5
0FDFEA16946182812110EE1C16EC2FA70FFF71F6AFFC8FB434B1DA00058621F9105FAACA406D63E6
0FDFEA16945B82812810EE1516EC29A70FFF7206AFFC8FB434B1DA00058621F9105FAACA406D73E7
0FDFED16945882812110EE0D16EC24A71FFF7206AFFC8FB43641D800058621F9105FAACA406D73E8
0FDFF116945D82812810EE0916EC1FA71FFF7206AEFC8FB438F1D700058721F9105FAACA406D73E9
0FDFF116945A82812810EE0616EC24A71FFF7216AFFC8FB439B1D500058721F9105FAACA406D73EA
0FDFF116945882812810EDF616EC29A71FFF7216AFFC8FB439B1D500058821F9105FAACA406D73EB
0FDFF116945882812110EDFA16EC24A72FFF7216AFFC8FB43991D500058821F9105FAACA406D73EC
0FDFF916945882812810EDFA16EC24A72FFF7216AFFC8FB43991D600058821F9105FAACA406D73ED
0FDFF416945882812110EDF716EC2AA73FFF7216AFFC8FB43991DA00058921F9105FAACA406D73EE
0FDFF116945582812810EDF616EC29A73FFF7216AFFC8FB43991DF00058921F9105FAACA406D73EF
0FDFE316945482812110EDEE16EC2AA73FFF7216AFFC8FB43991E100058921F9105FAACA406D73F0
0FDFDF16945382812810EDF316EC33A73FFF7206AEFC8FB43991E500058921F9105FAACA406D73F1
0FDFEE16945382811210EDE716EC34A74FFF7206AFFC8FB43991F700058A21F9105FAACA406D73F2
0FDFF916945382813410EDEF16EC39A74FFF71F6AFFC8FB439921600058A21F9105FAACA406D73F3
0FE00616945382812810EDEA16EC39A74FFF71F6AFFC8FB428223000058B21F9105FAACA406D63F4
0FE01916945082812810EDE316EC39A75FFF71F6AFFC8FB408223200058B21F9105FAACA406D73F5
0FE02816944B82812110EDDF16EC44A75FFF71E6AFFC8FB500022300058C21F9105FAACA406D73F6
0FE03116944A82812810EDDB16EC3EA75FFF71E6AFFC8FB600021400058C21F9105FAACA406D73F7
0FE05316944682812110EDDF16EC49A75FFF71E6AFFC8FB600020A00058C21F9105FAACA406D73F8
0FE07016944782812810EDDF16EC43A75FFF71D6AFFC8FB600320300058E21F9105FAACA406D73F9
0FE07D16944682812110EDD816EC44A75FFF71D6AFFC8FB60031FF00058E21F9105FAACA406D73FA
0FE09116944782812810EDDB16EC48A76FFF71C6AFFC8FB600220300058E21F9105FAACA406D73FB
0FE08D16944682812810EDD716EC49A76FFF71C6AFFC8FB600220400058E21F9105FAACA406D73FC
0FE07D16944582812110EDD416EC4DA76FFF71B6AFFC8FB60021FD00058F21F9105FAACA406D73FD
0FE06916944782812110EDD316EC44A77FFF71B6AFFC8FB60021F500058F21F9105FAACA406D73FE
0FE06116944982812810EDD816EC48A77FFF71A6AFFC8FB60031F000059021F9105FAACA406D73FF
0FE06416944982812810EDD716EC49A77FFF71A6AFFC8FB60021EB00058F21F9105FAACA406D7300
0FE05A16945082812110EDDB16EC48A77FFF7196AFFC8FB60021E800059021F9105FAACA406D7301
0FE05716944C82812810EDD716EC44A77FFF7196AFFC8FB60021E500059021F9105FAACA406D7302
0FE05216944982812110EDDB16EC48A77FFF7196AFFC8FB60011E100059121F9105FAACA406D7303
0FE04C16944D82812110EDDB16EC44A77FFF7196AFFC8FB60021DD00059121F9105FAACA406D7304
0FE05316945182812810EDD716EC3EA78FFF7186AFFC8FB60021D900059221F9105FAACA406D7305
0FE03C16945382812110EDDB16EC39A78FFF7196AEFC8FB60021D800059221F9105FAACA406D7306
0FE02016945382811210EDD716EC39A78FFF7196AFFC8FB60021D900059221F9105FAACA406D7307
0FE01216945382813410EDDB16EC2FA78FFF7196AFFC8FB60021DA00059221F9105FAACA406D7308
0FDFFF16945882812810EDDB16EC33A79FFF7196AFFC8FB60021DA00059321F9105FAACA406D7309
0FDFEA16945182812110EDDB16EC1FA79FFF7196AFFC8FB60021DC00059321F9105FAACA406D730A
0FDFD816944382812110EDDB16EC19A79FFF71A6AFFC8FB60031DF00059421F9105FAACA406D630B
0FDFD016945682812810EDDF16EC0FA79FFF71A6AFFC8FB60021ED00059421F9105FAACA406D730C
0FDFD816945E82812110EDDF16EC04A79FFF71B6AFFC8FB400220B00059421F9105FAACA406D730D
0FDFEE16945682812110EDDF16EBFAA79FFF71B6AFFC7F7D00122800059521F9105FAACA406D730E
0FE00616945082812110EDDB16EBEAA79FFF71C6AFFC6F5900223000059621F9105FAACA406D730F
0FE02F16944882812110EDDF16EBD6A79FFF71D6AFFC6F5300222400059621F9105FAACA406D7310
0FE05A16943D82812810EDE316EBD0A79FFF71D6AFFC6F5600221000059621F9105FAACA406D7311
0FE08116943A82812110EDDF16EBBCA7AFFF71D6AFFC6F570021FF00059721F9105FAACA406D7312
0FE0C016942E82812110EDE316EBB1A7AFFF71D6AFFC6F570021F500059721F9105FAACA406D7313
0FE0DB16942D82812110EDDF16EB9CA7AFFF71E6AFFC6F570021EF00059821F9105FAACA406D7314
0FE0F216942F82812110EDDF16EB88A7AFFF71E6AFFC6F570021EC00059821F9105FAACA406D7315
0FE10116942982812110EDDF16EB78A7AFFF71E6AFFC6F570011E800059921F9105FAACA406D7316
0FE11416942982812110EDE716EB63A7AFFF71E6AFFC6F570021E600059921F9105FAACA406D7317
0FE12516942782812110EDE316EB4EA7AFFF71E6AFFC6F570021E800059921F9105FAACA406D7318
0FE12C16942C82812110EDE716EB3FA7AFFF71E6AFFC6F570021EA00059921F9105FAACA406D7319
0FE13116942882812110EDDF16EB24A7AFFF71E6AFFC6F570021E900059921F9105FAACA406D731A
0FE13416942882812110EDE316EB10A7BFFF71E6AFFC6F570021E500059B21F9105FAACA406D731B
0FE13816942E82811A10EDDB16EAF5A7BFFF71D6AFFC6F570021DF00059A21F9105FAACA406D731C
0FE13016942882812510EDDB16EAE6A7BFFF71D6AEFC6F570021DA00059B21F9105FAACA406D731D
0FE12C16942882812110EDD816EACBA7BFFF71D6AFFC6F570021D600059B21F9105FAACA406D731E
0FE12316942A82812110EDDB16EABCA7BFFF71D6AFFC6F570021D300059C21F9105FAACA406D731F
0FE11716942D82812110EDD016EAA8A7BFFF71D6AEFC6F570021D100059C21F9105FAACA406D7320
0FE11116942C82812110EDD316EA9CA7BFFF71D6AEFC6F570021D100059D21F9105FAACA406D7321
0FE11316942A82811A10EDD016EA7EA7BFFF71D6AFFC6F570011D200059D21F9105FAACA406D7322
0FE10F16942B82812110EDD016EA73A7BFFF71D6AFFC6F570021D300059E21F9105FAACA406D7323
0FE10D16942D82812110EDD016EA64A7BFFF71D6AFFC6F570021D600059E21F9105FAACA406D7324
0FE11316942F82812110EDD416EA49A7BFFF71D6AFFC6F570021D800059F21F9105FAACA406D7325
0FE10F16942C82811A10EDD716EA39A7BFFF71D6AFFC7F810021D700059F21F9105FAACA406D7326
0FE10D16942D82812110EDDB16EA2BA7BFFF71D6AFFC8FAD0021D800059F21F9105FAACA406D7327
0FE10816942C82812110EDE316EA15A7BFFF71E6AFFC8FB70021DA0005A121F9105FAACA406D7328
0FE0ED16942E82812110EDEA16EA07A7BFFF71E6AFFC8FB60021DB0005A121F9105FAACA406D7329
0FE0CA16943B82811A10EDE716E9FAA7BFFF71E6AFFC8FB40021DD0005A121F9105FAACA406D732A
0FE0B516943F82812110EDEE16E9DDA7BFFF71F6AFFC8FB40021DC0005A221F9105FAACA406D732B
0FE0B716943C82812110EDE716E9C6A7BFFF71F6AFFC8FB40021DB0005A221F9105FAACA406D732C
0FE0C016943A82812110EDE316E9B7A7BFFF71F6AFFC8FB40011DA0005A221F9105FAACA406D732D
0FE0D916943D82812110EDE716E9A4A7BFFF7206AFFC8FB40021DE0005A321F9105FAACA406D732E
0FE0D716943F82811A10EDE316E997A7BFFF7206AFFC8FB40021E50005A321F9105FAACA406D732F
0FE0C316943C82812110EDEE16E97FA7BFFF7216AFFC8FB411C1E80005A421F9105FAACA406D7330
0FE0C716943A82811A10EDEF16E978A7BFFF7216AEFC8FB43591E30005A521F9105FAACA406D7331
0FE0BA16943D82812510EDF216E973A7BFFF7216AFFC8FB44151DD0005A621F9105FAACA406D7332
0FE0BC16943C82811A10EDFA16E965A7BFFF7226AEFC8FB44111D90005A621F9105FAACA406D7333
0FE0C516943D82812110EE0916E953A7BFFF7226AEFC8FB43F91D90005A721F9105FAACA406D7334
0FE0D516943882812110EE1116E950A7BFFF7236AFFC8FB43F11D90005A721F9105FAACA406D7335
0FE0EF16943882812110EE1216E94EA7BFFF7236AEFC8FB43F11D70005A721F9105FAACA406D7336
0FE0FF16943A82812110EE1916E953A7BFFF7236AFFC8FB43F21D50005A821F9115FAACA416D7337
0FE10416944182812110EE2516E950A7BFFF7246AFFC8FB43F31D40005A921F9115FAACA406D7338
0FE0E716944182812110EE1C16E953A7BFFF7246AFFC8FB43F31D40005AA21F9115FAACA406D7339
0FE0C116944282812110EE1D16E959A7BFFF7246AFFC8FB43F21D40005AA21F9115FAACA406D733A
0FE0B116944482812110EE1C16E95BA7BFFF7256AFFC8FB43F31D90005AA21F9115FAACA406D733B
0FE0A316944482812110EE2016E963A7AFFF7256AFFC8FB43F31DD0005AB21F9115FAACA406D733C
0FE09A16944582811A10EE2516E96AA7AFFF7256AEFC8FB43F21DC0005AB21F9115FAACA406D733D
0FE09116944782812810EE2C16E973A7AFFF7256AFFC8FB42931DE0005AC21F9115FAACA406D733E
0FE08416944982812110EE3116E973A7AFFF7256AFFC8FB51711E10005AD21F9115FAACA406D733F
0FE07E16944982812110EE3316E975A7AFFF7256AEFC8FB51361E10005AD21F9115FAACA406D7340
0FE07416944682812810EE3716E978A7AFFF7256AFFC8FB51451DD0005AE21F9115FAACA406D7341
0FE06B16944882812110EE3816E97AA79FFF7256AFFC8FB51511D90005AE21F9115FAACA406D7342
0FE06116944A82812110EE3B16E988A79FFF7256AFFC8FB51541D60005AF21F9115FAACA406D7343
0FE05716944982812810EE3C16E98DA79FFF7256AFFC8FB51531D50005AF21F9115FAACA406D7344
0FE05216944982812810EE3B16E98FA79FFF7256AFFC8FB51531D50005B121F9115FAACA406D7345
0FE05716944C82812810EE3F16E9A2A79FFF7256AEFC8FB51531D40005B121F9115FAACA406D6346
0FE04F16944B82812510EE3C16E9A9A78FFF7256AFFC8FB51531D50005B121F9115FAACA406D7347
0FE05216944C82812110EE3F16E9B1A78FFF7256AFFC8FB50C11D70005B221F9115FAACA406D7348
0FE05316944B82813010EE3C16E9CBA78FFF7256AFFC8FB501C1E20005B321F9115FAACA406D7349
0FE04F16944D82812810EE3F16E9CDA78FFF7256AFFC8FB50001E80005B321F9115FAACA406D734A
0FE04B16944E82812810EE4316E9E0A77FFF7256AFFC8FB50001E50005B421F9115FAACA406D734B
0FE04C16944B82812810EE4416E9EDA77FFF7256AFFC8FB50011DF0005B421F9115FAACA406D734C
0FE04516945082813010EE4B16E9FAA77FFF7256AFFC8FB50021D80005B521F9115FAACA406D734D
0FE02E16945082812810EE4F16EA00A77FFF7256AEFC8FB50021D50005B621F9115FAACA406D734E
0FE02816944E82812810EE5216EA01A76FFF7256AFFC8FB50021D30005B521F9115FAACA406D734F
0FE02416945582813010EE5616E9FAA75FFF7256AFFC8FB50011D10005B621F9115FAACA406D7350
0FE01C16945582813010EE5316E9EDA75FFF7256AEFC8FB50021D10005B721F9115FAACA406D7351
0FE01D16945682813010EE4E16E9D6A75FFF7266AFFC8FB50021D20005B721F9115FAACA406D7352
0FE02016945182813010EE4F16E9BEA75FFF7266AFFC8FB50031D20005B821F9115FAACA406D7353
0FE02A16945182813010EE4B16E9A7A74FFF7266AFFC8FB50021D50005B821F9115FAACA406D7354
0FE03D16944C82813710EE4416E988A74FFF7266AFFC8FB50021D90005B921F9115FAACA406D7355
0FE04516944D82813010EE4316E965A74FFF7266AFFC8FB50011DA0005B921F9115FAACA406D6356
0FE04B16944F82813010EE4716E949A73FFF7266AFFC7FB20011D90005BA21F9115FAACA406D7357
0FE04C16944B82813710EE4816E92FA73FFF7266AFFC7FB10021D50005BA21F9115FAACA406D7358
0FE04E16944C82813010EE4316E912A72FFF7266AFFC7FB10021D50005BA21F9115FAACA406D7359
0FE04F16945182813710EE4816E8FBA71FFF7266AFFC7FB10021D80005BA21F9115FAACA406D735A
0FE04F16944C82812110EE4B16E8E3A71FFF7266AEFC7FB10021DD0005BB21F9115FAACA406D735B
0FE04716945182814A10EE4E16E8C6A71FFF7266AEFC7FB10021E50005BB21F9115FAACA406D735C
0FE04816945082813F10EE4816E8BCA70FFF7266AEFC7FB10021EA0005BC21F9115FAACA406D735D
0FE04816944E82813710EE4E16E8A5A70FFF7266AFFC7FB10021EA0005BC21F9115FAACA406D735E
0FE04B16944E82813710EE4C16E8B7A70FFF7266AFFC7FB10031E80005BC21F9115FAACA406D735F
0FE03616945182813710EE4E16E8D6A6FFFF7266AFFC7FB11611E40005BD21F9115FAACA406D7360
0FE02B16945382813F10EE6216E902A6EFFF7266AFFC7FB162D1E10005BC21F9115FAACA406D7361
0FE02316945382813F10EE6E16E93EA6EFFF7266AFFC7FB181C1E00005BD21F9115FAACA406D7362
0FE02416945882813F10EE7C16E97AA6EFFF7276AEFC7FB18331DD0005BD21F9115FAACA406D7363
0FE01916945582813710EE8916E9BCA6DFFF7276AFFC7FB17FF1D80005BE21F9115FAACA406D7364
0FE01816945682813F10EE9416EA0FA6DFFF7276AFFC7FB17EB1D30005BE21F9115FAACA406D7365
0FE02016945882813F10EE9B16EA5FA6CFFF7276AFFC7FB17E91CF0005BE21F9115FAACA406D7366
0FE01916944D82814610EEAC16EAB1A6CFFF7276AFFC7FB17EB1CC0005BE21F9115FAACA406D7367
0FE01516945482813F10EEBA16EAF6A6BFFF7276AFFC7FB17ED1CB0005BE21F9115FAACA406D7368
0FE01D16945582813F10EEC916EB44A6BFFF7286AFFC7FB17ED1CC0005BF21F9115FAACA406D7369
0FE01D16945482813F10EED716EB7DA6BFFF7286AFFC7FB17ED1CD0005BF21F9115FAACA406D736A
0FE01516945B82814610EEE816EB9CA6BFFF7286AFFC7FB17ED1CD0005BE21F9115FAACA406D736B
0FE00B16945A82813F10EEFA16EBB1A6BFFF7286AFFC7FB17E91CE0005BF21F9115FAACA406D736C
0FE00016945882813F10EF0316EBBCA6AFFF7296AFFC7FB154D1D00005BF21F9115FAACA406D736D
0FE00316945882814610EF0F16EBD0A6AFFF7296AEFC7FB135B1D30005BF21F9115FAACA406D736E
0FDFF116945882814A10EF2816EBE0A6AFFF7296AFFC7FB32FF1D60005BF21F9115FAACA406D736F
0FDFDF16945D82813F10EF5016EBF5A6AFFF7296AEFC8FB531B1D60005BF21F9115FAACA406D7370
0FDFCD16945F82814610EF7A16EC05A6AFFF7296AFFC8FB53301D30005BF21F9115FAACA406D7371
0FDFC916946182814610EFA816EC29A6AFFF7296AEFC8FB53341D00005BF21F9115FAACA406D7372
0FDFC916946382814610EFD716EC49A6AFFF7296AEFC8FB53331CD0005BF21F9115FAACA406D7373
0FDFC916946082813F10F00516EC77A6AFFF7296AEFC8FB53321CB0005BF21F9115FAACA406D7374
0FDFBF16946182814E10F02B16ECACA6AFFF7286AFFC8FB53311CB0005BF21F9115FAACA406D7375
0FDFB716946A82813F10F05616ECDAA69FFF7286AFFC8FB53311CC0005BF21F9115FAACA406D7376
0FDF9E16947182814610F07416ED0AA6AFFF7276AFFC8FB53321CE0005BF21F9115FAACA406D7377
0FDF7616947382814610F09416ED32A6AFFF7276AFFC8FB53321D10005BE21F9115FAACA406D7378
0FDF4716947982814610F0B216ED5EA69FFF7266AFFC8FB532B1D30005BE21F9115FAACA406D7379
0FDF2716947F82814610F0CD16ED76A69FFF7266AFFC8FB526D1D20005BF21F9115FAACA406D737A
0FDEE916948982814610F0E516EDA0A69FFF7266AFFC8FB51F31D60005BF21F9115FAACA406D737B
0FDE9616948F82814610F0F316EDC1A6AFFF7256AFFC8FB51E01D70005BF21F9115FAACA406D737C
0FDE5516949882814610F10316EDE9A6AFFF7256AEFC8FB51E81D70005BF21F9115FAACA406D737D
0FDE481694A082814610F11316EE10A6AFFF7256AEFC8FB51ED1D50005BE21F9115FAACA406D737E
0FDE101694A482814610F11A16EE37A6AFFF7256AEFC8FB51EE1D40005BE21F9115FAACA406D737F
0FDDEC1694A582814610F12D16EE59A6AFFF7256AEFC8FB51ED1D50005BF21F9115FAACA406D7380
0FDDC11694A982813710F13516EE80A6AFFF7246AFFC8FB51ED1D80005BD21F9115FAACA406D7381
0FDD911694B282815210F14916EE9FA6AFFF7256AFFC8FB51ED1D60005BE21F9115FAACA406D7382
0FDD7C1694B282813F10F15716EEBCA6AFFF7256AFFC8FB51EE1D40005BE21F9115FAACA406D7383
0FDD6A1694AD82814610F16F16EED8A6AFFF7256AEFC8FB510F1D20005BD21F9115FAACA406D7384
0FDD661694AF82814610F18616EEF8A6AFFF7256AFFC8FB50251D10005BD21F9115FAACA406D7385
0FDD6A1694B182813F10F19F16EF00A6AFFF7256AFFC8FB50001D10005BD21F9115FAACA406D7386
0FDD621694B082814610F1B816EF21A6AFFF7256AFFC7FB40001CF0005BD21F9115FAACA406D7387
0FDD5816948682813F10F1CF16EF30A6AFFF7256AFFC6FB20001CE0005BD21F9115FAACA406D7388
0FDD4616946082814610F1E016EF41A6AFFF7256AFFC5FB20031D00005BC21F9115FAACA406D7389
0FDD4216949A82814610F20116EF5BA6BFFF7256AFFC6FB20021D10005BD21F9115FAACA406D738A
0FDD371694B082813F10F21C16EF6EA6BFFF7256AFFC6FB20021D00005BD21F9115FAACA406D738B
0FDD3B1694B082813F10F23316EF84A6BFFF7256AFFC6FB20021D30005BC21F9115FAACA406D738C
0FDD2C1694B182813F10F25216EF8FA6BFFF7256AFFC6FB20011DA0005BC21F9115FAACA406D738D
0FDD1E1694B082813F10F27016EF9DA6BFFF7256AFFC6FB20021DB0005BC21F9115FAACA406D738E
0FDD171694AD82813F10F28F16EFA9A6BFFF7256AFFC6FB20031D90005BC21F9115FAACA406D738F
0FDD0F1694AB82813F10F2A616EFB3A6BFFF7256AFFC6FB20021D80005BC21F9115FAACA406D7390
0FDD081694A782813F10F2CD16EFB8A6BFFF7266AFFC6FB20021D70005BC21F9115FAACA406D7391
0FDD131694A982813F10F2E416EFC3A6BFFF7266AFFC6FB20021D70005BC21F9115FAACA406D7392
0FDD171694A882813710F30316EFC8A6BFFF7266AFFC6FB20021D50005BB21F9115FAACA406D6393
0FDD1A1694A682813710F31E16EFC2A6BFFF7266AFFC5FB20021D40005BC21F9115FAACA406D7394
0FDD1E1694A582814310F33116EFD8A6BFFF7276AFFC5FB20021D20005BB21F9115FAACA406D7395
0FDD2916949E82813710F34C16EFE7A6BFFF7276AEFC6FB20021D10005BC21F9115FAACA406D7396
0FDD341694A282813710F36416EFF1A6BFFF7276AFFC6FB20021D10005BB21F9115FAACA406D7397
0FDD3416949E82813710F37616EFFCA6BFFF7276AFFC6FB20021D10005BB21F9115FAACA406D7398
0FDD3B16949882813F10F39116F011A6BFFF7276AFFC6FB20021D00005BC21F9115FAACA406D7399
0FDD4616949682813710F3A516F016A6BFFF7286AFFC6FB20021D10005BC21F9115FAACA406D739A
0FDD4D16949782813710F3BC16F02BA6BFFF7286AFFC6FB20031EA0005BB21F9115FAACA406D739B
0FDD5016949382813710F3C916F030A6BFFF7286AFFC6FB20031FB0005BB21F9115FAACA406D739C
0FDD5F16949482813010F3DF16F040A6BFFF7286AFFC6FB20021F70005BB21F9115FAACA406D739D
0FDD7116949682813710F3F616F04AA6BFFF7286AFFC6FB20021ED0005BC21F9115FAACA406D739E
0FDD8716949682813710F40916F050A6BFFF7296AFFC6FB30011E60005BB21F9115FAACA406D739F
0FDD9216949982813710F41C16F05FA6BFFF7296AFFC6FB40021E10005BB21F9115FAACA406D73A0
0FDD9916949882813010F43316F05FA6BFFF7296AFFC6FB40021DD0005BB21F9115FAACA406D73A1
0FDD9C16948782813010F44716F064A6BFFF7296AFFC5FB40021D90005BB21F9115FAACA406D73A2
0FDDA416948D82813710F46416F06FA6BFFF7296AFFC6FB40021D70005BB21F9115FAACA406D73A3
0FDDAE16949182813010F47516F079A6BFFF7296AFFC6FB40021D70005BA21F9115FAACA406D73A4
0FDDA416949182813010F47D16F07FA6BFFF7296AFFC6FB40021DC0005BB21F9115FAACA406D73A5
0FDD9816949882813010F47916F07EA6BFFF7296AFFC5FB40021FD0005BB21F9115FAACA406D73A6
0FDD9516949882813010F47116F084A6BFFF7296AFFC6FB40022080005BB21F9115FAACA406D73A7
0FDDA016949682812110F47516F089A6BFFF7296AFFC6FB40021FC0005BA21F9115FAACA406D73A8
0FDDAE16949382814310F47316F084A6BFFF7296AFFC6FB40021F10005BA21F9115FAACA406D73A9
0FDDB616949182813010F47516F089A6BFFF7296AFFC6FB40021EC0005BA21F9115FAACA406D73AA
0FDDC716949182812810F47516F084A6BFFF7296AFFC5FB40021E70005BB21F9115FAACA406D73AB
0FDDE116948E82813010F47516F084A6BFFF7296AFFC6FB40021E30005BA21F9115FAACA406D73AC
0FDDFE16948482813010F47116F07EA6BFFF7296AFFC5FB40021E00005BB21F9115FAACA406D73AD
0FDDFA16948982813010F47116F079A6BFFF7296AFFC6FB40021DE0005BB21F9115FAACA406D73AE
0FDDF216948682812810F45616F06AA6BFFF7296AFFC6FB40021DF0005BA21F9115FAACA406D73AF
0FDDF016948D82813010F42616F05FA6BFFF7296AFFC6FB40021EE0005BA21F9115FAACA406D73B0
0FDDF316948A82813010F40116F055A6BFFF7296AFFC6FB40021F40005BA21F9115FAACA406D73B1
0FDDFE16948782812810F3F216F050A6BFFF7296AFFC6FB40021ED0005BA21F9115FAACA406D73B2
0FDDFD16948782812810F3EA16F040A6BFFF7286AFFC6FB40031E50005BA21F9115FAACA406D73B3
0FDE0516948E82813010F3F616F036A6BFFF7286AFFC6FB40021E10005BA21F9115FAACA406D73B4
0FDE1016948A82812810F3F916F01BA6BFFF7286AFFC6FB40021DD0005BB21F9115FAACA406D73B5
0FDE1716948482812810F3EB16F006A6BFFF7276AFFC6FB40011D90005BB21F9115FAACA406D73B6
0FDE2416948282813010F3CF16EFEDA6BFFF7276AFFC6FB40021D50005BB21F9115FAACA406D73B7
0FDE4316948182812810F39916EFCDA6BFFF7266AFFC6FB50021D30005BB21F9115FAACA406D73B8
0FDE5516947E82812810F35B16EFADA6BFFF7266AFFC6FB50021D30005BB21F9115FAACA406D73B9
0FDE7E16947982812810F31216EF8AA6BFFF7256AFFC6FB60011D40005BA21F9115FAACA406D73BA
0FDEAF16947082813010F2D116EF6AA6BFFF7246AFFC6FB60021D20005BB21F9115FAACA406D73BB
0FDEC916947082812810F28F16EF3AA6BFFF7246AFFC6FB60021DA0005BB21F9115FAACA406D73BC
0FDED316947682812510F24216EF1CA6BFFF7236AFFC6FB60022230005BB21F9115FAACA406D73BD
0FDED416947482812810F1F116EEE6A6BFFF7236AFFC6FB60022560005BB21F9115FAACA406D73BE
0FDED316947282812810F18F16EEC4A6BFFF7226AFFC6FB600324C0005BB21F9115FAACA406D73BF
0FDEDE16947582812810F12516EEA4A6BFFF7226AFFC5FB600222E0005BB21F9115FAACA406D73C0
0FDED416947782813010F0BD16EE78A6BFFF7226AFFC6FB60012140005BB21F9115FAACA406D73C1
0FDEBA16947A82812110F05616EE61A6BFFF7216AFFC6FB60022020005BB21F9115FAACA406D73C2
0FDEAC16947C82812810F00416EE34A6BFFF7216AFFC6FB60021F50005BA21F9115FAACA406D73C3
0FDEA116947982813010EFB016EE1DA6BFFF7216AFFC6FB60021E90005BB21F9115FAACA406D73C4
0FDE9B16947E82812110EF6B16EDFEA6BFFF7216AEFC5FB60021E00005BB21F9115FAACA406D73C5
0FDE9616947E82812810EF2016EDE1A6BFFF7216AFFC6FB50021DD0005BB21F9115FAACA406D73C6
0FDE9616947F82812810EEE016EDC4A6BFFF7216AFFC5FB60021DC0005BC21F9115FAACA406D73C7
0FDE8B16948182812810EEA416EDACA6BFFF7216AFFC6FB60021DF0005BB21F9115FAACA406D73C8
0FDE8916947E82812810EE7516ED90A6BFFF7216AFFC6FB60021ED0005BB21F9115FAACA406D73C9
0FDE8B16948182812810EE4716ED78A6BFFF7226AFFC6FB60021F10005BC21F9115FAACA406D73CA
0FDE8016947E82812810EE2916ED5CA6BFFF7226AFFC6FB60031EA0005BC21F9115FAACA406D73CB
0FDE8216947C82812810EE0916ED3DA6AFFF7226AFFC6FB60101E40005BC21F9115FAACA406D73CC
0FDE8F16947982812810EDFE16ED2AA6AFFF7226AFFC6FB61EB1E10005BC21F9115FAACA406D73CD
0FDEA416947782812810EDEE16ED09A6AFFF7226AFFC6FB631E1DE0005BC21F9115FAACA406D73CE
0FDEAC16947A82812810EDD816ECEBA6AFFF7226AFFC6FB63501DE0005BD21F9115FAACA406D73CF
0FDEA216947C82812110EDBC16ECD5A6AFFF7226AFFC6FB533B1E10005BD21F9115FAACA406D73D0
0FDE9A16947982812810ED9616ECBCA6AFFF7226AFFC6FB532F1E10005BD21F9115FAACA406D73D1
0FDEA416947E82812510ED7316ECA1A6AFFF7226AFFC6FB532D1E10005BD21F9115FAACA406D73D2
0FDEAC16947E82812810ED4916EC92A6AFFF7216AFFC6FB532D1E50005BD21F9115FAACA406D73D3
0FDEB016947982812810ED3116EC77A6AFFF7216AFFC6FB532E1E30005BD21F9115FAACA406D73D4
0FDEB616947782812810ED1316EC63A6AFFF7216AFFC6FB532E1DD0005BD21F9115FAACA406D73D5
0FDEB316947782812110ED0316EC53A6AFFF7216AFFC6FB532E1D80005BD21F9115FAACA406D73D6
0FDEAD16947E82812810ECF416EC44A6AFFF7206AFFC6FB532F1D50005BD21F9115FAACA406D73D7
0FDE9216948282812810ECE416EC33A6AFFF7206AFFC6FB52B71D30005BE21F9115FAACA406D73D8
0FDE7916948282812810ECD216EC24A6AFFF71F6AFFC6FB51731D10005BE21F9115FAACA406D73D9
0FDE6B16948582812110ECC616EC19A6AFFF71E6AFFC6FB50FD1CF0005BE21F9115FAACA406D73DA
0FDE7016947F82812810ECC116EC15A6AFFF71E6AFFC6FB50FA1CE0005BE21F9115FAACA406D73DB
0FDE7516947F82812110ECAF16EC04A6AFFF71D6AFFC6FB51071CD0005BE21F9115FAACA406D73DC
0FDE8B16947A82812810EC9B16EC05A69FFF71C6AFFC6FB510D1CD0005BF21F9115FAACA406D73DD
0FDEA116947A82812810EC8D16EBF5A69FFF71B6AFFC6FB510D1CF0005BF21F9115FAACA406D73DE
0FDEBB16947282812110EC8016EC00A6AFFF71A6AFFC6FB510C1CF0005BF21F9115FAACA406D73DF
0FDED016946E82812810EC7616EBF5A69FFF7196AFFC6FB510C1CF0005BF21F9115FAACA406D73E0
0FDEE216946D82812110EC6516EBFAA6AFFF7186AFFC6FB510C1D00005C021F9115FAACA406D73E1
0FDEEA16947482812810EC5F16EBF0A69FFF7176AFFC6FB510D1D10005C021F9115FAACA406D73E2
0FDEF416947782812110EC4E16EC00A6AFFF7156AFFC6FB510D1D00005BF21F9115FAACA406D73E3
0FDEF416947482812110EC4016EC04A69FFF7146AFFC6FB509F1D00005C021F9115FAACA406D73E4
0FDF0216947582812810EC3E16EC15A69FFF7136AFFC6FB50191D00005C021F9115FAACA406D73E5
0FDF1516946D82811210EC2D16EC14A69FFF7126AFFC5FB50001CF0005C021F9115FAACA406D73E6
0FDF2716946C82812D10EC2316EC1AA69FFF7116AFFC6FB50001CD0005C021F9115FAACA406D73E7
0FDF2716947082812810EC1A16EC29A69FFF7106AFFC6FB60011CC0005C121F9115FAACA406D73E8
0FDF2416946F82811A10EC1816EC39A69FFF70F6AFFC6FB70021CE0005C121F9115FAACA406D73E9
0FDF2716947082812810EC0E16EC43A69FFF70E6AFFC5FB70021D00005C121F9115FAACA406D73EA
0FDF2A16946F82812110EC0416EC53A69FFF70D6AFFC6FB70021D10005C221F9115FAACA406D73EB
0FDF2B16947182812110EC0616EC62A69FFF70C6AFFC5FB70021D30005C221F9115FAACA406D73EC
0FDF2A16947382811A10EC0016EC72A69FFF70C6AFFC6FB70021DB0005C221F9115FAACA406D73ED
0FDF2E16947282812110EC0316EC78A69FFF70B6AFFC6FB70021E60005C221F9115FAACA406D73EE
0FDF2E16947282812110EC0416EC87A69FFF70B6AFFC5FB70031E90005C321F9115FAACA406D73EF
0FDF2716947282812110EBFF16EC88A69FFF70A6AFFC6FB70021E60005C421F9115FAACA406D73F0
0FDF1116947582811A10EBFC16EC8CA69FFF70A6AFFC5FB70021E00005C321F9115FAACA406D73F1
0FDEE916948382812110EC0616EC8DA69FFF70A6AFFC6FB70011DC0005C421F9115FAACA406D73F2
0FDEA916948782811A10EC1016EC87A69FFF70A6AFFC6FB70021DB0005C421F9115FAACA406D73F3
0FDE7916948B82812110EC1216EC73A69FFF70B6AFFC6FB70021DB0005C421F9115FAACA406D73F4
0FDE6B16948982811A10EC1816EC4DA69FFF70B6AFFC5FB70021DA0005C521F9115FAACA406D73F5
0FDE6016948382811A10EC1216EC2AA69FFF70B6AFFC6FB70011D90005C621F9115FAACA406D73F6
0FDE7016948182812110EC1416EBF5A68FFF70B6AFFC6FB70021D90005C621F9105FAACA416D73F7
0FDE8416947E82811A10EC1D16EBC6A68FFF70B6AFFC6FB70011DB0005C621F9105FAACA406D73F8
0FDE9616947C82811A10EC2B16EB92A68FFF70C6AFFC6FB70021DE0005C621F9105FAACA406D73F9
0FDEA616947D82811A10EC3116EB5EA68FFF70C6AFFC6FB70021DF0005C721F9105FAACA406D73FA
0FDEAC16948082811A10EC2F16EB2FA68FFF70C6AFFC6FB70031DD0005C721F9105FAACA406D73FB
0FDEB316947A82811610EC3116EAFAA67FFF70C6AFFC6FB70021DD0005C721F9105FAACA406D73FC
0FDED316943282811A10EC3A16EADCA67FFF70C6AFFC6FB70021DF0005C821F9105FAACA406D73FD
0FDF031693D282811210EC3C16EAACA67FFF70C6AFFC5FB70021E10005C821F9105FAACA406D73FE
0FDF2316944082811A10EC4616EA87A67FFF70C6AFFC6FB70021E10005C821F9105FAACA406D73FF
0FDF3916946A82811A10EC4816EA5FA67FFF70C6AFFC6FB70021E00005C921F9105FAACA406D7300
0FDF5216946882811210EC4A16EA44A67FFF70C6AFFC7FB50021E40005CA21F9105FAACA406D7301
0FDF6816946C82811A10EC5316EA21A67FFF70C6AFFC7FB50021E70005CA21F9105FAACA406D7302
0FDF8C16946282811210EC6116EA00A67FFF70C6AFFC7FB50021E50005CB21F9105FAACA406D7303
0FDFBE16945A82810B10EC6616E9EDA67FFF70C6AFFC7FB50021E10005CB21F9105FAACA406D7304
0FDFF116945582812110EC7816E9CBA66FFF70C6AFFC7FB50021DD0005CC21F9105FAACA406D7305
0FE02016945082811210EC7A16E9D1A66FFF70C6AFFC7FB50021DE0005CD21F9105FAACA406D7306
0FE03116944E82811210EC8016E9CDA65FFF70C6AFFC7FB50031DE0005CE21F9105FAACA406D7307
0FE03D16945282811210EC8116E9DBA66FFF70C6AFFC7FB50021DD0005CE21F9105FAACA406D7308
0FE04F16944C82811A10EC8D16E9EDA65FFF70C6AFFC7FB50021DC0005CF21F9105FAACA406D7309
0FE05916944C82810B10EC8F16E9EBA65FFF70C6AFFC7FB50011DC0005CF21F9105FAACA406D730A
0FE06116944E82811210ECA416E9F0A65FFF70C6AFFC7FB50021DD0005D021F9105FAACA406D730B
0FE07016945182811A10ECAE16E9F2A65FFF70C6AFFC7FB50021DC0005D121F9105FAACA406D730C
0FE07216945382810B10ECAF16E9E6A64FFF70C6AFFC7FB50021D80005D121F9105FAACA406D730D
0FE05E16945382811210ECBA16E9D3A64FFF70C6AFFC7FB50011D50005D221F9105FAACA406D730E
0FE02416945482811210ECBB16E9BCA63FFF70C6AFFC7FB50021D40005D321F9105FAACA406D730F
0FDFC916945F82811210ECC116E9B1A63FFF70C6AFFC7FB50021D40005D321F9105FAACA406D7310
0FDF6816947282811210ECBF16E99EA63FFF70C6AFFC7FB50021D30005D421F9105FAACA406D7311
0FDF1F16947A82810F10ECC516E997A62FFF70C6AFFC7FB50021D00005D421F9105FAACA406D7312
0FDEF516947C82811210ECC316E98FA62FFF70B6AFFC7FB50031CD0005D521F9105FAACA406D7313
0FDEDB16948182811210ECC516E992A61FFF70B6AFFC7FB50021CC0005D621F9105FAACA406D7314
0FDEDB16948682810B10ECC316E98DA61FFF70B6AFFC7FB50021CC0005D621F9105FAACA406D7315
0FDEED16948382811210ECBE16E999A60FFF70B6AFFC7FB50011D00005D721F9105FAACA406D7316
0FDEEA16948182811210ECBB16E9A2A5FFFF70B6AFFC7FB50021D40005D821F9105FAACA406D7317
0FDEDE16947E82811210ECBA16E9CDA5FFFF70A6AFFC7FB50021D90005D821F9105FAACA406D7318
0FDECC16947F82811210ECBB16E9FAA5EFFF70A6AFFC5FB20021E00005D921F9105FAACA406D7319
0FDEB816948582811210ECB316EA3EA5DFFF70A6AFFC5FB10021E30005DA21F9105FAACA406D731A
0FDEAC16948482810B10ECB216EA9DA5DFFF70A6AFFC5FB10021E00005DA21F9105FAACA406D731B
0FDEA416947E82811210ECA816EB05A5CFFF7096AFFC5FB10021DB0005DB21F9105FAACA406D731C
0FDEB316947582811210ECA316EB7DA5BFFF7096AFFC5FB10021D90005DC21F9105FAACA406D731D
0FDED116947582811210ECA416EC15A5AFFF7096AFFC5FB10021D80005DD21F9105FAACA406D731E
0FDEDB16947482811210ECA316ECBBA59FFF7096AFFC5FB10021D60005DD21F9105FAACA406D731F
0FDEE616947582811210EC9C16ED54A59FFF7096AFFC5FB10AA1D40005DE21F9105FAACA406D7320
0FDEF816947782811A10EC9B16EDFEA58FFF7086AFFC5FB13271D30005DF21F9105FAACA406D7321
0FDEF116947782811210EC9816EEA9A57FFF7086AFFC5FB142D1D10005DF21F9105FAACA406D7322
0FDEF016947882811210EC9716EF54A56FFF7086AFFC5FB143C1D10005E021F9105FAACA406D7323
0FDEE916947A82811210EC9416F007A55FFF7086AFFC5FB14211CF0005E121F9105FAACA406D7324
0FDEE316947C82811A10EC8F16F0C2A54FFF7086AFFC5FB14161CE0005E121F9105FAACA406D7325
0FDEBE16947C82811210EC9416F16FA53FFF7076AFFC5FB14151CD0005E221F9105FAACA406D7326
0FDE9D16947C82811A10EC8F16F210A52FFF7076AFFC5FB14161CD0005E321F9105FAACA406D7327
0FDEA816947982810B10EC8916F2B2A51FFF7076AFFC5FB14171CE0005E321F9105FAACA406D7328
0FDEB816947C82811E10EC8B16F368A4FFFF7076AFFC5FB14171CD0005E321F9105FAACA406D7329
0FDEBA16947D82811A10EC8516F41FA4EFFF7076AFFC5FB14171CE0005E421F9105FAACA406D732A
0FDED016946A82811A10EC7C16F4EAA4DFFF7076AFFC5FB14171D00005E521F9105FAACA406D732B
0FDED816947282811A10EC7D16F5BCA4CFFF7076AFFC5FB12291D70005E521F9105FAACA406D732C
0FDEDB16947A82812110EC7C16F692A4BFFF7076AFFC5FB10431DB0005E621F9105FAACA406D732D
0FDEC916947F82811210EC7216F772A4AFFF7076AFFC5FB10001DB0005E721F9105FAACA406D732E
0FDE9D16948982812110EC7216F849A48FFF7066AFFC5FB10001DA0005E721F9105FAACA406D732F
0FDE7716949082811A10EC6116F90FA47FFF7066AFFC5FB10001D70005E821F9105FAACA406D7330
0FDE5C16948E82812110EC5F16F9C6A45FFF7066AFFC5FB10041D50005E821F9105FAACA406D7331
0FDE4A16948C82811A10EC5916FA59A44FFF7066AFFC5FB10031D40005E921F9105FAACA406D7332
0FDE2F16948F82812110EC5716FAE6A43FFF7066AFFC5FB10021D50005E921F9105FAACA406D7333
0FDE2916949182812110EC5116FB5EA41FFF7066AFFC5FB10021D60005E921F9105FAACA406D7334
0FDE2216949182812110EC4F16FBD2A40FFF7066AFFC5FB10021D50005EA21F9105FAACA406D7335
0FDE1F16949482812110EC4E16FC4AA3EFFF7066AFFC5FB10021D30005EB21F9105FAACA406D7336
0FDE1916949382812110EC4F16FCC2A3DFFF7056AFFC5FB10021D10005EB21F9105FAACA406D7337
0FDE1716949282812110EC4E16FD2BA3BFFF7066AFFC5FB10021D00005EC21F9105FAACA406D7338
0FDE1716949182812810EC4816FD8BA3AFFF7066AFFC5FB10021D20005EC21F9105FAACA406D7339
0FDE1F16949182812110EC3A16FDE2A39FFF7066AFFC5FB10011D40005ED21F9105FAACA406D733A
0FDE3316949182812810EC2116FE02A37FFF7066AFFC5FB10021D50005ED21F9105FAACA406D733B
0FDE3F16948E82812810EC0C16FE17A35FFF7066AFFC5FB10021D50005ED21F9105FAACA406D733C
0FDE5116948982812110EC0616FE03A34FFF7066AFFC5FB10021D30005EE21F9105FAACA406D733D
0FDE5C16948F82812D10EBFC16FDC8A32FFF7066AFFC5FB10021D20005EF21F9105FAACA406D733E
0FDE6916948682812810EBF716FD65A31FFF7066AFFC5FB10021D20005EE21F9105FAACA406D733F
0FDE7D16948582812810EBF516FCDCA2FFFF7076AFFC5FB10021D00005EF21F9105FAACA406D7340
0FDEA116948782813010EBF316FC2EA2DFFF7076AFFC5FB10021CE0005F021F9105FAACA406D7341
0FDEB316948782812810EBF516FB69A2CFFF7076AFFC5FB10021CE0005F021F9105FAACA406D7342
0FDEAD16948382813010EBFB16FA7DA2BFFF7076AFFC5FB10021D50005F121F9105FAACA406D7343
0FDEA816948182813010EBFC16F978A29FFF7086AFFC5FB10021FB0005F121F9105FAACA406D7344
0FDEA816947F82812810EC0616F84EA28FFF7086AFFC5FB10022330005F021F9105FAACA406D7345
0FDEA916947D82813010EBFC16F70FA27FFF7086AFFC5FB100223D0005F121F9105FAACA406D7346
0FDEA816947F82813010EBF316F5C6A25FFF7086AFFC5FB10012260005F221F9105FAACA406D7347
0FDEA116948182813010EBF116F47DA24FFF7086AFFC5FB100220F0005F221F9105FAACA406D7348
0FDE9616947E82813710EBF716F327A23FFF7086AFFC5FB20022000005F121F9105FAACA406D7349
0FDE9016948482813010EBFC16F1C7A21FFF7086AFFC6FB30021F60005F221F9105FAACA406D734A
0FDE8416948782813010EC0316F093A20FFF7086AFFC5FB40021EF0005F221F9105FAACA406D734B
0FDE8716948482813710EC0816EF79A1FFFF7086AFFC6FB40011E90005F321F9105FAACA406D734C
0FDE8B16948282813010EC0E16EEE8A1EFFF7086AFFC6FB40011E30005F321F9105FAACA406D734D
0FDE9016948182813710EC1416EEBEA1DFFF7086AFFC5FB40021DE0005F321F9105FAACA406D734E
0FDE9616948582813710EC2116EE7EA1CFFF7086AFFC6FB40031DF0005F321F9105FAACA406D734F
0FDE8416948A82813010EC4A16EE32A1BFFF7076AFFC5FB40021DF0005F321F9105FAACA406D7350
0FDE7E16948982813F10EC7616EDDCA1AFFF7076AFFC6FB40021DF0005F421F9105FAACA406D7351
0FDE7D16948F82813410EC9F16ED95A19FFF7076AFFC6FB40011DF0005F421F9105FAACA406D7352
0FDE7516948A82813710ECCE16ED61A18FFF7066AFFC6FB40021E10005F421F9105FAACA406D7353
0FDE7516948A82813710ECF816ED24A17FFF7066AFFC6FB40011E00005F421F9105FAACA406D7354
0FDE7316948C82813710ED2316ECFEA17FFF7066AFFC6FB40021DC0005F421F9105FAACA406D7355
0FDE7916949382813F10ED4916ECF5A16FFF7056AFFC5FB40021D70005F421F9105FAACA406D7356
0FDE8016948B82813710ED6C16ED13A15FFF7056AFFC5FB40021D50005F421F9115FAACA416D7357
0FDE8016948382813710ED8A16ED44A15FFF7056AFFC6FB40021D50005F521F9115FAACA406D7358
0FDE7E16948682813710EDA916ED67A14FFF7056AFFC6FB40021D50005F421F9115FAACA406D7359
0FDE7916948882813F10EDB816ED49A14FFF7056AFFC5FB40021D20005F521F9115FAACA406D735A
0FDE7916948782813710EDD016ECFEA13FFF7046AFFC6FB40021D30005F521F9115FAACA406D735B
0FDE7716948A82813F10EDDB16ECA6A13FFF7046AFFC5FB40021DC0005F521F9115FAACA406D735C
0FDE7216948F82813710EDEB16EC59A12FFF7036AFFC6FB40021E10005F521F9115FAACA406D735D
0FDE6716949182813F10EDFA16EC33A12FFF7046AFFC6FB40021E20005F521F9115FAACA406D735E
0FDE6016949182813710EE0116EC0AA12FFF7046AFFC6FB40011E40005F521F9115FAACA406D735F
0FDE5A16948B82813710EE0E16EBEAA12FFF7046AFFC5FB40021E40005F521F9115FAACA406D7360
0FDE5516949282813F10EE1916EBCBA12FFF7046AFFC6FB40021E30005F421F9115FAACA406D7361
0FDE4A16949382813710EE1D16EBC1A11FFF7046AFFC6FB40021E00005F421F9115FAACA406D7362
0FDE3C16949182813F10EE2C16EBB1A11FFF7046AFFC6FB40011DC0005F521F9115FAACA406D7363
0FDE3616949182813710EE3B16EBB1A11FFF7046AFFC5FB40021DA0005F521F9115FAACA406D7364
0FDE3116948E82813710EE4816EBACA11FFF7056AFFC5FB40021DA0005F421F9115FAACA406D7365
0FDE3816949382813B10EE4E16EB9CA11FFF7056AFFC6FB40021DB0005F421F9115FAACA406D7366
0FDE3F16949082813710EE5F16EB9CA11FFF7066AFFC6FB40031DB0005F421F9115FAACA406D8367
0FDE3A16949082813F10EE6516EB97A11FFF7076AFFC5FB40631DC0005F421F9115FAACA406D8368
0FDE3416949182813710EE7116EB9CA12FFF7076AFFC6FB40F31DE0005F421F9115FAACA406D7369
0FDE3116948E82813710EE6E16EBA7A12FFF7086AFFC6FB411C1DE0005F321F9115FAACA406D836A
0FDE3116948F82813F10EE7516EBB1A12FFF7086AFFC6FB41191DB0005F321F9115FAACA406D736B
0FDE1916949482813710EE7A16EBC1A12FFF7096AFFC5FB41131D90005F321F9115FAACA406D736C
0FDDF716949682813710EE7C16EBCBA13FFF7096AFFC6FB41111D50005F321F9115FAACA406D736D
0FDDDD16949B82813710EE8016EBD6A13FFF7096AFFC6FB41111D10005F221F9115FAACA406D736E
0FDDB216949C82813010EE8216EBE0A13FFF70A6AFFC6FB41121CF0005F221F9115FAACA406D736F
0FDDA616949B82813710EE8416EBF0A13FFF70A6AFFC5FB41121CE0005F221F9115FAACA406D7370
0FDDAB16949B82813710EE8916EBFAA14FFF70B6AFFC5FB41121CE0005F221F9115FAACA406D7371
0FDDAB16949482813710EE8816EC00A13FFF70B6AFFC6FB41121CF0005F121F9115FAACA406D7372
0FDDAB16949182813010EE8C16EC0AA14FFF70B6AFFC6FB41121CF0005F121F9115FAACA406D7373
0FDDA316949482813710EE9516EC05A15FFF70B6AFFC5FB40C91CD0005F121F9115FAACA406D7374
0FDDAE16949382813010EE9716EC14A15FFF70C6AFFC6FB402D1CD0005F021F9115FAACA406D7375
0FDDBD16948E82813710EE9516EC0FA15FFF70C6AFFC5FB40001CD0005F021F9115FAACA406D7376
0FDDD616948F82813010EEA316EC14A15FFF70D6AFFC6FB40001CE0005EF21F9115FAACA406D7377
0FDDEE16948582813010EEA316EC15A15FFF70D6AFFC6FB40001D30005EF21F9115FAACA406D7378
0FDDFA16948982811A10EEAC16EC14A16FFF70D6AFFC6FB40021D60005EE21F9115FAACA406D8379
0FDE0516948982814A10EEAB16EC1FA16FFF70E6AFFC6FB40021D80005ED21F9115FAACA406D737A
0FDDFE16948E82813010EEA816EC24A17FFF70E6AFFC6FB40021D90005ED21F9115FAACA406D737B
0FDDEB16949182813010EE9716EC1FA17FFF70E6AFFC5FB40021D70005ED21F9115FAACA406D737C
0FDDD616949882813010EE7516EC2EA17FFF70E6AFFC6FB40011D50005EC21F9115FAACA406D737D
0FDDCB16949882813010EE4416EC34A18FFF70E6B0FC6FB40021D20005EB21F9115FAACA406D837E
0FDDBD16949982813010EE0916EC43A18FFF70E6AFFC6FB40031D20005EB21F9115FAACA406D737F
0FDDAE16949882812810EDEF16EC49A19FFF70E6AFFC5FB40021D10005EA21F9115FAACA406D7380
0FDDA416949982813010EDE316EC5DA19FFF70E6AFFC6FB40021D40005E921F9115FAACA406D7381
0FDDA016949B82813010EDC816EC68A1AFFF70E6AFFC6FB40021DA0005E921F9115FAACA406D7382
0FDDA016949C82812810EDD016EC77A1AFFF70E6AFFC6FB40021DD0005E821F9115FAACA406D7383
0FDDA416949C82813010EDC816EC87A1AFFF70F6AFFC5FB40021DD0005E721F9115FAACA406D7384
0FDDAE16949882812810EDA216EC97A1BFFF70F6AFFC6FB40011F10005E621F9115FAACA406D7385
0FDDB916949382813010ED8616ECABA1BFFF70F6AFFC5FB40021FA0005E521F9115FAACA406D7386
0FDDBD16949182812810ED6016ECBCA1CFFF70F6AFFC5FB40021F30005E521F9115FAACA406D7387
0FDDC816949182812810ED4116ECD0A1CFFF7106AFFC6FB40011EA0005E321F9115FAACA406D7388
0FDDCA16949182813010ED1A16ECDBA1DFFF7106AFFC6FB40011E50005E321F9115FAACA406D7389
0FDDCF16949182812810ED0416ECEFA1DFFF7106AFFC5FB40021E10005E221F9115FAACA406D738A
0FDDD316949282812810ECDD16ECF5A1DFFF7116AFFC6FB40031DD0005E121F9115FAACA406D738B
0FDDDA16949182813010ECBE16ED0EA1DFFF7116AFFC6FB40021DB0005E121F9115FAACA406D738C
0FDDE416949182812810ECAB16ED15A1DFFF7116B0FC6FB40021D80005DF21F9115FAACA406D838D
0FDDE116949182812510EC9F16ED28A1EFFF7126AFFC6FB40021D80005DF21F9115FAACA406D738E
0FDDE816949182812810ECA016ED39A1FFFF7126AFFC6FB40021DB0005DE21F9115FAACA406D738F
0FDDEC16949482812810EC9B16ED4CA1FFFF7136AFFC5FB40021DC0005DD21F9115FAACA406D7390
0FDDF916948C82813010EC9C16ED5CA1FFFF7136B0FC6FB40021DB0005DC21F9115FAACA406D7391
0FDE0216948B82812810EC8B16ED68A1FFFF7136AFFC6FB50021DB0005DB21F9115FAACA406D7392
0FDE1016948C82812810EC8116ED7BA20FFF7136AFFC6FB50021D90005DA21F9115FAACA406D7393
0FDE1416948982812810EC7416ED7DA20FFF7136AFFC7FB50021D50005D921F9115FAACA406D7394
0FDE1616948E82812810EC7216ED95A20FFF7136AFFC7FB50021D50005D821F9115FAACA406D8395
0FDE1016948A82812810EC7416ED9DA21FFF7146AFFC7FB50021D50005D721F9115FAACA406D8396
0FDE1016948782812810EC7616EDA5A21FFF7136AFFC6FB50021D40005D621F9115FAACA406D7397
0FDE1B16948782812810EC7416EDB2A21FFF7136AFFC7FB50021D30005D521F9115FAACA406D8398
0FDE2116948882812810EC7616EDBFA21FFF7136AFFC6FB50021D10005D521F9115FAACA406D7399
0FDE2616948782812810EC7416EDCFA21FFF7136AFFC7FB50021CE0005D421F9115FAACA406D739A
0FDE2616948782813010EC6616EDD6A21FFF7136AFFC7FB50011CC0005D321F9115FAACA406D739B
0FDE2916948A82812810EC5916EDE9A22FFF7136AFFC7FB50021CD0005D221F9115FAACA406D739C
0FDE3D16948482812810EC4816EDF0A21FFF7136AFFC7FB50021D10005D121F9115FAACA406D739D
0FDE4A16947E82812810EC3E16EDF8A21FFF7126AFFC7FB50011D70005D021F9115FAACA406D739E
0FDE5116948182812810EC3816EDF8A21FFF7126AFFC7FB50021DB0005CF21F9115FAACA406D739F
0FDE5516948282813010EC2716EE00A22FFF7126AFFC7FB50011DA0005CE21F9115FAACA406D73A0
0FDE5A16948582812810EC1A16EDFEA22FFF7126AFFC7FB50021D70005CE21F9115FAACA406D73A1
0FDE6016948782811210EC1416EE00A21FFF7126B0FC7FB50021D50005CC21F9115FAACA406D83A2
0FDE5816948782814310EC0E16EE03A22FFF7126AFFC7FB50031D50005CC21F9115FAACA406D73A3
0FDE4C16948A82812810EC0416EDF6A22FFF7126AFFC7FB50021D80005CB21F9115FAACA406D73A4
0FDE4E16948482813010EC0316EE03A22FFF7126AFFC7FB50021D70005CA21F9115FAACA406D73A5
0FDE4A16948682812810EBF916EDFEA22FFF7126AFFC7FB50021D50005CA21F9115FAACA406D73A6
0FDE3416948B82813010EBF316EDFBA22FFF7126AFFC7FB50021D20005C921F9115FAACA406D73A7
0FDE3A16948482813010EBED16EDF3A22FFF7126AFFC7FB50021D00005C821F9115FAACA406D73A8
0FDE4616948582813010EBE816EDEBA22FFF7126AFFC7FB50021CD0005C721F9115FAACA406D73A9
0FDE4E16948E82812810EBE516EDE4A22FFF7126AFFC6FB30021CC0005C721F9115FAACA406D83AA
0FDE4E16948E82813010EBE016EDDEA21FFF7116AFFC6FB10021CB0005C621F9115FAACA406D73AB
0FDE5316948C82813010EBDE16EDBCA21FFF7116AFFC6FB10021CB0005C521F9115FAACA406D73AC
0FDE4A16948C82813010EBD416EDA5A22FFF7116AFFC6FB10021CD0005C521F9115FAACA406D73AD
0FDE5116948482813010EBD616ED7DA21FFF7126AFFC6FB10021CF0005C421F9115FAACA406D83AE
0FDE4A16948D82813010EBD416ED52A22FFF7126AFFC6FB10031D10005C421F9115FAACA406D73AF
0FDE4816948A82813010EBDA16ED24A21FFF7126AFFC5FB10021D20005C321F9115FAACA406D73B0
0FDE3F16948A82813010EBD816ECEAA21FFF7126B0FC6FB10021D10005C221F9115FAACA406D73B1
0FDE3416948C82813010EBD616ECACA21FFF7126AFFC6FB10021D00005C221F9115FAACA406D83B2
0FDE3116948C82813710EBD816EC6DA22FFF7126AFFC5FB10021CF0005C021F9115FAACA406D73B3
0FDE3316949082813010EBDA16EC2AA21FFF7126AFFC5FB10021D10005C121F9115FAACA406D83B4
0FDE3F16948A82813710EBE416EBF0A21FFF7126AFFC6FB10011D50005C021F9115FAACA406D83B5
0FDE3F16948782812810EBE916EBBCA21FFF7126AFFC6FB10021D40005C021F9115FAACA406D83B6
0FDE4616948782813B10EBF316EBA2A22FFF7126AFFC6FB10021D20005BF21F9115FAACA406D73B7
0FDE4C16948A82813710EC0016EB97A21FFF7126AFFC6FB10011D00005BF21F9115FAACA406D73B8
0FDE4A16948C82813710EC1216EB9CA21FFF7126AFFC6FB10021CD0005BE21F9115FAACA406D73B9
0FDE5116948F82813010EC2B16EBACA22FFF7126AFFC6FB10021CD0005BD21F9115FAACA406D73BA
0FDE5316948782813710EC4416EBD0A21FFF7126AFFC6FB10031CF0005BD21F9115FAACA406D83BB
0FDE5816948682813710EC5D16EC00A22FFF7136AFFC6FB10571D00005BD21F9115FAACA406D73BC
0FDE6016948382813710EC6616EC24A22FFF7136AFFC5FB124D1D00005BC21F9115FAACA406D73BD
0FDE6B16948582813710EC7C16EC49A22FFF7136AFFC6FB13371CF0005BC21F9115FAACA406D73BE
0FDE7B16948382813710ECA016EC5DA22FFF7136AFFC5FB134D1D00005BB21F9115FAACA406D73BF
0FDE8716948182813F10ECCE16EC8DA22FFF7136AFFC6FB13371D70005BB21F9115FAACA406D73C0
0FDE8F16948582813710ECF816ECBBA23FFF7146AFFC6FB132D1DE0005BA21F9115FAACA406D73C1
0FDE8F16948782813710ED2A16ECFBA22FFF7146AFFC6FB232D1E20005BA21F9115FAACA406D73C2
0FDE8916948382813710ED5816ED2DA22FFF7146AFFC5FB532E1E10005B921F9115FAACA406D73C3
0FDE8416948182813F10ED8616ED61A23FFF7156AFFC5FB632E1DD0005BA21F9115FAACA406D83C4
0FDE8416948582813710EDB116ED92A23FFF7156AFFC5FB632E1D80005B921F9115FAACA406D73C5
0FDE8916947F82813F10EDE316EDBAA23FFF7156AFFC5FB632E1D50005B921F9115FAACA406D83C6
0FDE8416947982813710EE1216EDDCA23FFF7166AFFC5FB632F1D40005B921F9115FAACA406D83C7
0FDE8016947A82813F10EE4716EDF8A24FFF7166AFFC5FB62551D50005B921F9115FAACA406D73C8
0FDE7516948582813710EE7916EE1AA25FFF7176AFFC5FB60831D40005B821F9115FAACA406D83C9
0FDE6916948882813B10EEA816EE2CA25FFF7176AFFC5FB60001D10005B821F9115FAACA406D73CA
0FDE5116948782813F10EED516EE41A25FFF7176AFFC5FB60001D10005B821F9115FAACA406D83CB
0FDE4616948A82813F10EEFB16EE54A26FFF7176AFFC5FB60001D30005B821F9115FAACA406D73CC
0FDE3F16948F82813010EF2C16EE61A26FFF7186AFFC5FB60031D30005B721F9115FAACA406D73CD
0FDE3D16948E82814610EF6316EE7EA26FFF7196AFFC5FB60031D40005B821F9115FAACA406D73CE
0FDE4616948F82813F10EF9416EE85A27FFF7196AFFC5FB60021D50005B721F9115FAACA406D73CF
0FDE4A16948E82813710EFC016EE9FA27FFF7196AFFC5FB60021D40005B721F9115FAACA406D73D0
0FDE3F16948D82814610EFF216EEA8A27FFF7196AFFC5FB50021D10005B721F9115FAACA406D73D1
0FDE4116949382813710F01816EEB4A28FFF7196AFFC5FB60021CD0005B721F9115FAACA406D73D2
0FDE3C16948F82813F10F04616EEB7A28FFF7196AFFC5FB60031CB0005B621F9115FAACA406D83D3
0FDE3C16948F82813710F06D16EEBEA29FFF7196AFFC5FB60021CA0005B621F9115FAACA406D73D4
0FDE3C16948E82813F10F09016EED3A29FFF7196AFFC5FB60021CB0005B621F9115FAACA406D73D5
0FDE3D16948F82813F10F0B616EEECA2AFFF7196AFFC5FB60021CB0005B621F9115FAACA406D73D6
0FDE3816948B82813710F0D516EF07A2AFFF7196AFFC5FB60021CA0005B621F9115FAACA406D73D7
0FDE3416948B82813F10F0F716EF2CA2BFFF7196AFFC5FB60021CC0005B621F9115FAACA406D73D8
0FDE3316948C82813F10F11716EF4AA2BFFF7196AFFC5FB60021CF0005B621F9115FAACA406D73D9
0FDE3816948982813710F13516EF6AA2CFFF7196AFFC5FB60021CF0005B621F9115FAACA406D83DA
0FDE3C16948382813F10F15016EF7FA2CFFF7196AFFC5FB50021D00005B621F9115FAACA406D73DB
0FDE3C16948D82813F10F16816EFA3A2DFFF7186AFFC5FB50021D20005B621F9115FAACA406D73DC
0FDE3D16949182813010F18216EFBEA2DFFF7186AFFC6FB50021D30005B621F9115FAACA406D83DD
0FDE3416948E82814310F19916EFE1A2EFFF7176AFFC5FB50021D50005B621F9115FAACA406D73DE
0FDE2916949382813710F1B816F007A2EFFF7176AFFC6FB50021D50005B721F9115FAACA406D73DF
0FDE2216949382813F10F1D116F02BA2FFFF7166AFFC5FB50021D70005B621F9115FAACA406D73E0
0FDE1D16949182813710F1F516F05AA2FFFF7166AFFC6FB50021D70005B621F9115FAACA406D83E1
0FDE2616948282813710F21016F074A2EFFF7156AFFC5FB50011D60005B621F9115FAACA406D73E2
0FDE3816947982813710F23716F099A2FFFF7156AFFC6FB50021D40005B721F9115FAACA406D73E3
0FDE4E16947182813F10F25516F0ADA30FFF7156AFFC5FB50021D40005B721F9115FAACA406D73E4
0FDE4F1693A282813010F27C16F0C3A31FFF7146AFFC6FB50021D30005B721F9115FAACA406D73E5
0FDE5516944082813710F29B16F0ECA30FFF7146AFFC6FB50021D30005B721F9115FAACA406D73E6
0FDE5116948482813710F2C116F101A30FFF7136AFFC5FB50021D40005B821F9115FAACA406D73E7
0FDE4A16948582813710F2E016F126A31FFF7136AFFC6FB50021D30005B821F9115FAACA406D83E8
0FDE4F16948382813710F30316F145A31FFF7136AFFC5FB50021D10005B821F9115FAACA406D73E9
0FDE5116948982813710F32216F169A31FFF7136AFFC6FB50021CF0005B821F9115FAACA406D73EA
0FDE5516948682813010F33D16F183A31FFF7136AFFC5FB50031CE0005B821F9115FAACA406D73EB
0FDE4E16948282813710F35416F199A32FFF7126AFFC6FB50021CF0005B821F9115FAACA406D73EC
0FDE5716948182813010F36F16F1B7A32FFF7126AFFC5FB50021CF0005B821F9115FAACA406D73ED
0FDE6B16947E82813710F38316F1CCA32FFF7126AFFC6FB50011D00005B921F9115FAACA406D73EE
0FDE8016947C82813010F39D16F1ECA32FFF7126AFFC5FB50021D10005BA21F9115FAACA406D73EF
0FDE9E16947582813010F3B016F207A32FFF7126AFFC6FB50011D20005B921F9115FAACA406D83F0
0FDEBE16947982811A10F3C016F215A32FFF7126AFFC5FB50021D20005BA21F9115FAACA406D83F1
0FDEBA16947D82814A10F3DB16F22FA33FFF7126AFFC6FB50021D10005BA21F9115FAACA406D73F2
0FDEC116947582813010F3E816F244A33FFF7126AFFC6FB30021D00005BA21F9115FAACA406D73F3
0FDEDF16946F82813010F3FD16F25BA33FFF7126AFFC6FB20011D20005BA21F9115FAACA406D83F4
0FDF0D16946682813010F41416F273A33FFF7126AFFC6FB20011D30005BB21F9115FAACA406D83F5
0FDF6116946082813010F42816F283A33FFF7126AFFC5FB20021D30005BB21F9115FAACA406D83F6
0FDFC516945682812810F43716F292A34FFF7126AFFC6FB20031D20005BB21F9115FAACA406D73F7
0FE01216944982813010F44A16F2AFA34FFF7116AFFC5FB20021D20005BC21F9115FAACA406D73F8
0FE03616944582812810F46216F2BCA34FFF7116AFFC6FB20021D20005BB21F9115FAACA406D83F9
0FE05D16944482813010F46F16F2CCA34FFF7116AFFC6FB20011D10005BC21F9115FAACA406D73FA
0FE06916944482812810F48016F2DCA35FFF7106AFFC6FB20021D00005BC21F9115FAACA406D73FB
0FE06916944782812810F49016F2F6A35FFF70F6AFFC5FB20011D10005BD21F9115FAACA406D73FC
0FE06B16944682812810F49F16F308A35FFF70E6AFFC6FB20021D40005BD21F9115FAACA406D83FD
0FE06C16944B82813010F4AF16F31AA35FFF70D6AFFC6FB20011D70005BE21F9115FAACA406D73FE
0FE07016944B82812110F4C216F31FA35FFF70D6AFFC6FB20021DA0005BE21F9105FAACA416D73FF
0FE06716944A82812810F4CD16F325A35FFF70C6AFFC6FB20011DB0005BE21F9105FAACA406D7300
0FE04C1693C282812810F4E016F32AA36FFF70B6AFFC6FB20021DA0005BF21F9105FAACA406D7301
0FE03D1693A182812810F4EC16F332A36FFF70A6AFFC6FB20021DA0005BF21F9105FAACA406D7302
0FE03516942382812110F4F416F32AA36FFF7096AFFC5FB20031DC0005BF21F9105FAACA406D8303
0FE03D16945182812810F4FC16F32AA37FFF7096AFFC6FB20021DA0005C021F9105FAACA406D7304
0FE04F16944D82812110F50716F32AA37FFF7086AFFC6FB20021D70005C021F9105FAACA406D8305
0FE05916944D82812510F51B16F31FA37FFF7076AFFC6FB20011D40005C021F9105FAACA406D7306
0FE05A16944E82812110F52616F30DA37FFF7066AFFC5FB20021D30005C121F9105FAACA406D8307
0FE05A16944E82812110F4F816F305A37FFF7056AFFC5FB20021D20005C121F9105FAACA406D7308
0FE05916944E82812110F47B16F2E1A38FFF7056AFFC5FB20021D10005C221F9105FAACA406D7309
0FE06116944E82812110F38E16F2C7A38FFF7046AFFC6FB20011D10005C221F9105FAACA406D830A
0FE06B16944B82812110F27C16F2AAA38FFF7036AFFC6FB20021D10005C321F9105FAACA406D830B
0FE08216944982811A10F1DA16F273A39FFF7026AFFC6FB20011D10005C321F9105FAACA406D730C
0FE09816944282812110F19F16F23FA39FFF7016AFFC5FB20011D10005C321F9105FAACA406D830D
0FE0A516944682811A10F14816F200A39FFF7006AFFC6FB20021D10005C421F9105FAACA406D730E
0FE0A316944682812110F10E16F1B9A39FFF6FF6AFFC5FB20031D30005C421F9105FAACA406D830F
0FE09F16944F82811A10F0D116F16EA3AFFF6FE6AFFC6FB20101D40005C521F9105FAACA406D7310
0FE09D16944C82811A10F09016F130A39FFF6FD6AFFC6FB20FD1D40005C521F9105FAACA406D8311
0FE09F16944682811A10F04A16F0F6A3AFFF6FC6AFFC6FB21881D20005C621F9105FAACA406D7312
0FE0E016943D82812110F01816F0BDA3AFFF6FB6AFFC6FB219B1D10005C621F9105FAACA406D7313
0FE10D16943D82811A10EFED16F07FA3BFFF6FB6AFFC6FB21911D10005C721F9105FAACA406D8314
0FE0E716944282811210EFD716F03BA3BFFF6FA6AFFC6FB218B1D10005C821F9105FAACA406D7315
0FE08116944B82811A10EFB816EFE7A3BFFF6F96AFFC6FB218B1D30005C821F9105FAACA406D8316
0FE04116945182811A10EF8916EF99A3BFFF6F86AFFC5FB218B1D50005C821F9105FAACA406D8317
0FE02F16945F82811210EF5F16EF50A3BFFF6F86AFFC6FB218B1D60005CA21F9105FAACA406D7318
0FE01816946082811A10EF3516EF25A3CFFF6F76AFFC6FB218B1D90005C921F9105FAACA406D8319
0FE00316946182811210EF0516EEFDA3CFFF6F76AFFC6FB218B1F40005CA21F9105FAACA406D831A
0FDFDF16946082811210EEC216EEDEA3CFFF6F66AFFC6FB218D20A0005CB21F9105FAACA406D831B
0FDFA916946182811E10EEA416EED1A3DFFF6F66AFFC6FB20FC2060005CB21F9105FAACA406D731C
0FDF9016946682811210EE8C16EEEDA3DFFF6F56AFFC5FB202D1F60005CC21F9105FAACA406D731D
0FDFBB16946182811210EE6D16EF20A3DFFF6F56AFFC6FB20001EA0005CC21F9105FAACA406D831E
0FDFE616945E82811210EE4C16EF55A3DFFF6F56AFFC6FB20001E50005CC21F9105FAACA406D731F
0FE02A16944F82811210EE4B16EF8AA3DFFF6F46AFFC6FB20001E10005CD21F9105FAACA406D7320
0FE07716944682810B10EE5716EFADA3DFFF6F46AFFC6FB20021DF0005CD21F9105FAACA406D7321
0FE0A116944482811A10EE6D16EFBEA3EFFF6F36AFFC6FB20021DF0005CE21F9105FAACA406D8322
0FE0C016944182811210EE7516EFF2A3DFFF6F36AFFC6FB20021E10005CE21F9105FAACA406D8323
0FE0D516942882811210EE7E16F02BA3EFFF6F26AFFC5FB20021DE0005CF21F9105FAACA406D8324
0FE0DB16941982810B10EE7116F04AA3DFFF6F26AFFC6FB20011D80005CF21F9105FAACA406D8325
0FE0E416943482811210EE4416F040A3EFFF6F26AFFC5FB20021D50005CF21F9105FAACA406D8326
0FE0E716943F82810B10EE2016F011A3DFFF6F26AFFC6FB20031D70005D021F9105FAACA406D7327
0FE0F716944282811210EE0116EFCDA3EFFF6F36AFFC5FB20021DB0005D121F9105FAACA406D8328
0FE0FA16944482811210EDF716EF7AA3EFFF6F36AFFC6FB20021DD0005D121F9105FAACA406D7329
0FE10116944482810B10EE0116EF2AA3EFFF6F46AFFC6FB20021E50005D121F9105FAACA406D832A
0FE10216944482811210EE0216EEDEA3EFFF6F56AFFC5FB20021E90005D121F9105FAACA406D832B
0FE10416944182810B10EE0916EE95A3EFFF6F66AFFC5FB20021E50005D221F9105FAACA406D832C
0FE10916944082811210EE0616EE5EA3DFFF6F66AFFC6FB20021DE0005D321F9105FAACA406D832D
0FE10116943F82810B10EE0116EE32A3DFFF6F76AFFC6FB20021D90005D421F9105FAACA406D832E
0FE10416943F82810B10EDF616EE00A3DFFF6F86AFFC6FB20021D70005D421F9105FAACA406D732F
0FE0FB16944282811210EDF716EDE4A3DFFF6F96AFFC5FB20021D80005D421F9105FAACA406D8330
0FE0FD16944782810B10EDE716EDC1A3CFFF6F96AFFC6FB20011D70005D521F9105FAACA406D8331
0FE0FF16944382810F10EDDF16EDBFA3CFFF6FA6AFFC6FB20021D60005D521F9105FAACA406D8332
0FE0FD16944682810B10EDD316EDD9A3CFFF6FB6AFFC6FB20021D60005D621F9105FAACA406D8333
0FE0FD16944682811210EDD016EDF6A3BFFF6FB6AFFC6FB20021D40005D621F9105FAACA406D8334
0FE10216944482810B10EDD816EE1DA3BFFF6FC6AFFC5FB20021D30005D721F9105FAACA406D8335
0FE0FA16944B82810B10EDD316EE25A3AFFF6FC6AFFC6FB20021D50005D821F9105FAACA406D8336
0FE0F616944782811210EDD816EE1DA3AFFF6FD6AFFC6FB20011D80005D821F9105FAACA406D7337
0FE0F716944782810310EDD716EE12A39FFF6FD6AFFC6FB20021DB0005D921F9105FAACA406D8338
0FE0EB16944682811A10EDD816EE05A39FFF6FD6AFFC6FB20021DA0005D821F9105FAACA406D7339
0FE0E416944582810B10EDD716EDE9A37FFF6FD6AFFC5FB20021D80005D921F9105FAACA406D833A
0FE0E916944782811210EDD316EDD6A37FFF6FD6AFFC6FB20021D80005DA21F9105FAACA406D733B
0FE0CE16944982811210EDD016EDBAA36FFF6FE6AFFC6FB00021D90005DA21F9105FAACA406D833C
0FE0B716944982810B10EDCC16EDACA35FFF6FD6AFFC5FAF0011D90005DA21F9105FAACA406D733D
0FE0A616944C82811210EDC816EDA5A35FFF6FD6AFFC6FAF0021D80005DB21F9105FAACA406D733E
0FE08616945782810B10EDC816ED95A34FFF6FD6AFFC5FAF0031D70005DC21F9105FAACA406D833F
0FE06716945D82811210EDC016ED83A33FFF6FD6AFFC6FAF0021D80005DC21F9105FAACA406D7340
0FE02F16945E82811210EDB516ED7BA31FFF6FD6AFFC6FAF0021DA0005DC21F9105FAACA406D8341
0FE01D16945A82810B10EDB516ED88A31FFF6FD6AFFC6FAF0021DA0005DD21F9105FAACA406D8342
0FE01C16943282811210EDB116EDA5A30FFF6FC6AFFC6FAF0021D90005DD21F9105FAACA406D8343
0FE02B16944B82811210EDAD16EDD6A2FFFF6FC6AFFC6FAF0011D60005DD21F9105FAACA406D8344
0FE02B16945C82811210EDA516EE12A2EFFF6FB6AFFC6FAF0021D30005DE21F9105FAACA406D7345
0FE01516945B82811210EDA916EE5BA2DFFF6FB6AFFC6FAF0021D10005DE21F9105FAACA406D8346
0FE00E16945D82811210EDA916EEADA2CFFF6FB6AFFC6FAF0021D00005DF21F9105FAACA406D7347
0FE00716946582811210EDA516EF12A2AFFF6FA6AFFC6FAF0021D10005DF21F9105FAACA406D8348
0FDFF816946182811610ED9E16EF88A29FFF6FA6AFFC6FAF0011D20005E021F9105FAACA406D7349
0FE00016945E82811210ED9E16F007A28FFF6FA6AFFC5FAF0021D10005E021F9105FAACA406D834A
0FE00016945E82811A10ED9A16F093A27FFF6FA6AFFC6FAF0021D10005E021F9105FAACA406D834B
0FDFFB16945E82811210ED9E16F11BA26FFF6F96AFFC6FAF0021D20005E121F9105FAACA406D834C
0FDFF116945F82811A10ED9A16F1C3A25FFF6F96AFFC6FAF0021D20005E121F9105FAACA406D834D
0FDFEA16945A82811A10ED9E16F259A24FFF6F96AFFC6FAF0021D00005E221F9105FAACA406D834E
0FDFDB16946082811210ED9E16F2F6A22FFF6F96AFFC5FAF0021CD0005E221F9105FAACA406D834F
0FDFDF16945B82811A10EDA116F392A21FFF6F96AFFC6FAF0021CB0005E321F9105FAACA406D8350
0FDFE316946082811A10EDA516F41EA20FFF6FA6AFFC5FAF0021CB0005E321F9105FAACA406D7351
0FDFED16946382811A10EDA916F4B1A1FFFF6FA6AFFC6FAF0021CB0005E421F9105FAACA406D8352
0FDFFC16946082811A10EDB116F534A1DFFF6FB6AFFC6FAF0021CB0005E421F9105FAACA406D7353
0FE00316946282811A10EDBC16F5C6A1CFFF6FB6AFFC6FAF0021CA0005E421F9105FAACA406D8354
0FE00A16946082812110EDB916F643A1BFFF6FC6AFFC7FB00021CB0005E521F9105FAACA406D7355
0FE00E16945E82811A10EDC016F6C6A1AFFF6FD6AFFC7FB00021CC0005E521F9105FAACA406D8356
0FE02016945E82812110EDB816F734A19FFF6FD6AFFC7FB00021CC0005E621F9105FAACA406D7357
0FE02716945E82811A10EDBD16F7A1A17FFF6FE6AFFC7FB002F1CC0005E621F9105FAACA406D8358
0FE03216945A82812110EDC416F80FA16FFF6FE6AFFC7FB01301CF0005E721F9105FAACA406D7359
0FE04816945982812110EDBD16F868A15FFF6FE6AFFC7FB01A91D60005E721F9105FAACA406D835A
0FE05516945D82812110EDC816F8BCA14FFF6FE6AFFC7FB01B31DD0005E721F9105FAACA406D835B
0FE04116945A82812110EDC016F905A13FFF6FE6AFFC7FB01A91E10005E721F9105FAACA406D835C
0FE03A16945882812110EDC816F949A12FFF6FE6AFFC7FB01A31DF0005E821F9105FAACA406D835D
0FE03516945C82810B10EDC416F982A11FFF6FE6AFFC7FB01A31DB0005E921F9105FAACA406D835E
0FE02F16946182813B10EDC816F9B7A10FFF6FE6AFFC7FB01A31D70005E921F9105FAACA406D835F
0FE02416946082812810EDC416F9E6A0FFFF6FE6AFFC7FB01A41D60005E921F9105FAACA406D8360
0FE00A16945F82812110EDC016FA00A0DFFF6FE6AFFC7FB01A41D50005E921F9105FAACA406D8361
0FE00016945E82812810EDC816FA10A0DFFF6FD6AFFC7FB01A41D30005EA21F9105FAACA406D8362
0FDFF916945E82812110EDC816FA10A0CFFF6FD6AFFC7FB01A51D00005EA21F9105FAACA406D8363
0FDFF816945E82812810EDCC16FA05A0BFFF6FD6AFFC7FB00E41CD0005EB21F9105FAACA406D7364
0FDFF916945A82812810EDCC16F9F0A0AFFF6FD6AFFC7FB001E1CD0005EB21F9105FAACA406D7365
0FDFFC16946082812810EDC816F9C1A09FFF6FD6AFFC7FB00001CB0005EB21F9105FAACA406D8366
0FDFFF16946082812810EDD016F99DA07FFF6FC6AFFC7FB00001CA0005EC21F9105FAACA406D8367
0FE00016945A82812810EDD016F95EA07FFF6FC6AFFC7FB00011C90005EC21F9105FAACA406D8368
0FDFFC16945C82813010EDD316F92FA05FFF6FC6AFFC7FB00031C80005EC21F9105FAACA406D7369
0FE00316946182812810EDD416F8F5A05FFF6FB6AFFC7FB00021C80005EC21F9105FAACA406D836A
0FE00016946382812810EDDB16F8B6A04FFF6FB6AFFC7FB00021C90005EC21F9105FAACA406D836B
0FE00716945B82812810EDDF16F878A03FFF6FA6AFFC7FB10021C80005ED21F9105FAACA406D736C
0FE01516945D82813010EDDB16F839A02FFF6FA6AFFC7FB20021C80005EC21F9105FAACA406D836D
0FE01D16945F82813010EDDF16F7E5A01FFF6FA6AFFC7FB20021CA0005EE21F9105FAACA406D836E
0FE01D16945E82812810EDE716F7A1A00FFF6F96AFFC7FB20031CB0005EE21F9105FAACA406D836F
0FE00316946182812810EDE316F7539FFFFF6F96AFFC7FB20021CB0005EE21F9105FAACA406D8370
0FDFEE16946082813010EDE316F71A9FEFFF6F96AFFC7FB20021CC0005EE21F9105FAACA406D8371
0FDFEA16946582813010EDEA16F6D69FDFFF6F86AFFC7FB20011CC0005EF21F9105FAACA406D8372
0FDFED16946182812D10EDE716F68C9FDFFF6F86AFFC7FB20021CD0005EF21F9105FAACA406D8373
0FDFEE16946282813010EDE716F6439FCFFF6F76AFFC7FB20011CE0005EF21F9105FAACA406D8374
0FDFE616946482813010EDEA16F5FA9FBFFF6F76AFFC7FB20021CF0005F021F9105FAACA406D8375
0FDFE616946682812810EDE716F5B69FBFFF6F76AFFC7FB20021D10005F021F9105FAACA406D8376
0FDFDC16946582813010EDEA16F5729FAFFF6F66AFFC7FB10021D40005F021F9105FAACA406D8377
0FDFD816946682813010EDEE16F5339F9FFF6F66AFFC7FB20021D70005F121F9105FAACA406D7378
0FDFD416946882813010EDE716F4FA9F9FFF6F56AFFC7FB20021D70005F121F9105FAACA406D8379
0FDFD416946882813010EDE316F4C19F8FFF6F56AFFC7FB20021D50005F121F9105FAACA406D837A
0FDFDC16946582813010EDE316F48D9F7FFF6F56AFFC7FB20031D20005F221F9105FAACA406D837B
0FDFDB16946082813010EDDF16F45E9F7FFF6F46AFFC7FB20021D00005F221F9105FAACA406D837C
0FDFD816946182812810EDDB16F4249F6FFF6F36AFFC7FB20021D00005F221F9105FAACA406D737D
0FDFE316946382813010EDDF16F3FB9F6FFF6F36AFFC7FB20011D00005F221F9105FAACA406D837E
0FDFED16946382813010EDDB16F3CF9F5FFF6F26AFFC7FB20021D10005F221F9105FAACA406D837F
0FE00316946082813010EDDF16F3979F5FFF6F16AFFC7FB20021D10005F221F9105FAACA406D8380
0FE02016945782812810EDDF16F36E9F5FFF6F06AFFC7FB20021D00005F321F9105FAACA406D7381
0FE03516945482813010EDE716F3399F4FFF6EE6AFFC7FB20021CF0005F321F9105FAACA406D8382
0FE03D16944C82813010EDE316F3109F4FFF6ED6AFFC7FB20021CF0005F321F9105FAACA406D8383
0FE04516944C82813010EDDF16F2EE9F4FFF6EA6AFFC7FB20021CF0005F321F9105FAACA406D8384
0FE05516944E82812810EDE716F2D19F4FFF6E96AFFC7FB30021CF0005F321F9105FAACA406D8385
0FE06C16945182813010EDE716F2AD9F3FFF6E76AFFC8FB40021CF0005F321F9105FAACA406D8386
0FE08616944C82811A10EDE316F29D9F3FFF6E56AFFC8FB40031CF0005F321F9105FAACA406D8387
0FE09316944D82814310EDE316F28A9F3FFF6E56AFFC8FB40021D00005F321F9105FAACA406D8388
0FE08216944F82813010EDE316F2649F3FFF6E46AFFC8FB40021D00005F221F9105FAACA406D8389
0FE07216944E82812810EDE316F2649F2FFF6E56AFFC8FB40021CE0005F221F9105FAACA406D838A
0FE0A616944782812810EDE316F2649F2FFF6E56AFFC8FB40021CE0005F221F9105FAACA406D838B
0FE0D916944182813010EDE716F2649F2FFF6E66AFFC8FB40021D00005F121F9105FAACA406D838C
0FE10916943F82813010EDE716F2709F2FFF6E76AFFC8FB40021D10005F121F9105FAACA406D838D
0FE11716943482812810EDE316F2839F2FFF6E86AFFC8FB40021D40005F021F9105FAACA406D838E
0FE10C16943782812810EDDF16F29D9F2FFF6E96AFFC8FB40021E40005F021F9105FAACA406D838F
0FE0FF16943D82812810EDE316F2C79F2FFF6EA6AFFC8FB40021F20005EF21F9105FAACA406D8390
0FE0F216943F82812810EDE316F2F39F2FFF6EB6AFFC8FB40021F00005EE21F9105FAACA406D8391
0FE0FB16943C82813010EDE316F3259F2FFF6EC6AFFC8FB40021E90005ED21F9105FAACA406D8392
0FE11A16943D82810B10EDE316F3599F2FFF6ED6AFFC8FB40021E50005EC21F9105FAACA406D8393
0FE12516943C82814610EDE716F38D9F3FFF6EE6AFFC8FB40021E40005EB21F9105FAACA406D8394
0FE12D16943A82812810EDE316F3C19F3FFF6EE6AFFC8FB40021E10005E921F9105FAACA406D8395
0FE14616943682812810EDE716F4009F3FFF6EF6AFFC8FB40021E10005E921F9105FAACA406D8396
0FE16D16942D82812110EDE316F4389F3FFF6EF6AFFC8FB40011EB0005E821F9105FAACA406D8397
0FE19616942A82812810EDE716F4789F3FFF6EF6AFFC8FB40011EB0005E621F9105FAACA406D8398
0FE1A716942D82812810EDE716F4BC9F3FFF6EF6AFFC8FB40021E30005E621F9105FAACA406D8399
0FE1A116943282812810EDE716F5059F3FFF6EF6AFFC8FB40021DE0005E521F9105FAACA406D839A
0FE18A16943D82812110EDEA16F54E9F4FFF6EF6AFFC8FB40021DA0005E321F9105FAACA406D839B
0FE18716944082812510EDE316F5AC9F4FFF6F06AFFC8FB40021D70005E221F9105FAACA406D839C
0FE1A116943382812810EDEA16F60F9F4FFF6F06AFFC6FB60011D50005E221F9105FAACA406D839D
0FE1AB16942C82812110EDEA16F67D9F4FFF6F16AFFC5FB80021D50005E021F9105FAACA406D839E
0FE1B316942A82812810EDEB16F6EB9F4FFF6F16AFFC5FB80031D40005E021F9105FAACA406D839F
0FE1AF16942A82812810EDEA16F7639F5FFF6F16AFFC5FB80021D50005E021F9105FAACA406D83A0
0FE1B216942E82812110EDEB16F7F09F5FFF6F26AFFC6FB80021D90005DF21F9105FAACA406D83A1
0FE1B616943382812110EDEA16F8879F5FFF6F26AFFC5FB80021DD0005E021F9105FAACA406D83A2
0FE1BD16943182812810EDEF16F9299F5FFF6F36AFFC6FB80021E10005E021F9105FAACA406D83A3
0FE1C116942F82812110EDEE16F9DB9F5FFF6F36AFFC5FB80021E20005E121F9105FAACA406D83A4
0FE1CC16942C82812110EDF216FA7D9F5FFF6F46AFFC6FB80011DD0005E121F9105FAACA406D73A5
0FE1CF16942A82812110EDF716FB009F6FFF6F56AFFC6FB80021D70005E121F9105FAACA406D83A6
0FE1D316942D82812110EDFE16FB939F6FFF6F56AFFC6FB80011D30005E221F9105FAACA406D83A7
0FE1CF16942F82812110EDFA16FC069F6FFF6F66AFFC5FB80021D10005E321F9105FAACA406D83A8
0FE1CC16943782812810EDFA16FC899F6FFF6F76AFFC6FB80021CF0005E421F9105FAACA406D83A9
0FE1C416943282812110EDFE16FCF99F6FFF6F86AFFC5FB80021D00005E621F9105FAACA406D83AA
0FE1BA16942F82812110EDFE16FD849F7FFF6F96AFFC6FB80031D10005E721F9105FAACA406D83AB
0FE1A016943282812110EE0D16FE079F7FFF6FA6AFFC6FB81621D20005E821F9105FAACA406D83AC
0FE18016943482812110EE1916FE8A9F7FFF6FB6AFFC6FB83111D40005E921F9105FAACA406D83AD
0FE16716943482812810EE2C16FF0D9F7FFF6FC6AFFC6FB83811D40005EB21F9105FAACA406D83AE
0FE14616943C82812110EE3816FF959F8FFF6FD6AFFC6FB83731D50005EC21F9105FAACA406D83AF
0FE12C16943C82812110EE4B1700189F8FFF6FE6AFFC6FB83611D60005EE21F9105FAACA406D83B0
0FE14A16943D82812510EE521700959F8FFF6FF6AFFC5FB835D1D70005F021F9105FAACA406D83B1
0FE15F16943F82812110EE5B1701149F8FFF7006AFFC6FB835D1D70005F121F9105FAACA406D83B2
0FE17216943C82812110EE5E1701979F8FFF7016AFFC6FB835E1D70005F221F9105FAACA406D83B3
0FE17C16943782812110EE6317020D9F8FFF7026AFFC6FB835E1D60005F421F9105FAACA406D73B4
0FE18A16943882812810EE711702889F8FFF7036AFFC6FB635E1D50005F621F9105FAACA406D83B5
0FE19216942E82812110EE8C1702F39F8FFF7046AFFC7FB335E1D50005F821F9105FAACA406D83B6
0FE1A716943182812810EEA817034F9F8FFF7056AFFC7FB335F1D60005FA21F9105FAACA406D83B7
0FE1AF16943182812110EEC91703B49F8FFF7066AFFC7FB335D1D50005FC21F9105FAACA406D83B8
0FE1A716943282812810EEDD17040C9F8FFF7076AFFC7FB335C1D30005FD21F9105FAACA406D93B9
0FE19D16943482812810EEEA17045B9F8FFF7086AFFC7FB335C1D10005FF21F9105FAACA406D83BA
0FE19916943482812110EEF017049F9F8FFF7086AFFC7FB335C1D100060121F9105FAACA406D73BB
0FE18E16943582812810EEFD1704DE9F8FFF7096AFFC7FB335C1D400060321F9105FAACA406D83BC
0FE18416943882812810EF0717050E9F8FFF7096AFFC7FB335C1D300060521F9105FAACA406D83BD
0FE17C16943682812810EF0F17051D9F7FFF70A6AFFC7FB335B1D200060621F9105FAACA406D83BE
0FE16D16944082812810EF1C1705239F7FFF70A6AFFC7FB335C1D100060721F9115FAACA416D83BF
0FE15C16944182813010EF2217050D9F7FFF70B6AFFC6FB335C1D300060921F9115FAACA406D83C0
0FE14216944382812810EF2A1704EE9F7FFF70B6AFFC7FB335C1D700060A21F9115FAACA406D83C1
0FE13116944182812810EF301704BA9F7FFF70B6AFFC7FB335C1D900060B21F9115FAACA406D83C2
0FE13E16943C82813010EF311704859F6FFF70B6AFFC7FB335C1DA00060C21F9115FAACA406D83C3
0FE15416943A82813010EF3B1704469F6FFF70B6AFFC7FB32681D900060C21F9115FAACA406D73C4
0FE15516943A82812810EF3D1703EE9F5FFF70B6AFFC7FB30821D700060C21F9115FAACA406D83C5
0FE15816943A82812D10EF3D17037F9F5FFF70B6AFFC6FB30001D400060D21F9115FAACA406D83C6
0FE15916943782813010EF431702DE9F5FFF70A6AFFC7FB30001D100060D21F9115FAACA406D83C7
0FE17116942D82813710EF5F17021A9F5FFF70A6AFFC7FB30001D000060C21F9115FAACA406D83C8
0FE19916942D82813010EF7A1701439F4FFF70A6AFFC7FB30031D100060C21F9115FAACA406D83C9
0FE1A816942C82813010EF891700619F4FFF70B6AFFC7FB30031D300060B21F9115FAACA406D83CA
0FE1AF16942A82813710EF9116FF619F4FFF70B6AFFC7FB30021D400060B21F9115FAACA406D83CB
0FE1AB16942A82813010EFA816FE609F3FFF70B6AFFC7FB30021D300060A21F9115FAACA406D83CC
0FE1C116942782813710EFAB16FD5A9F3FFF70C6AFFC6FB30021D300060921F9115FAACA406D83CD
0FE1CC16942582813710EFBC16FC489F3FFF70C6AFFC5FB40021D200060721F9115FAACA406D83CE
0FE1F016942682813710EFC316FB499F3FFF70D6AFFC5FB40031D000060521F9115FAACA406D83CF
0FE20616942582813710EFC316FA3F9F2FFF70D6AFFC5FB40021CF00060321F9115FAACA406D73D0
0FE20516942882813710EFBC16F9449F2FFF70E6AFFC5FB40021CF00060121F9115FAACA406D83D1
0FE1DE16942A82813F10EFAF16F8439F1FFF70F6AFFC5FB40021D20005FF21F9115FAACA406D83D2
0FE1CF16942A82813710EF9116F7499F1FFF7106AFFC5FB40021D40005FD21F9115FAACA406D83D3
0FE1C516942A82813F10EF7A16F65D9F1FFF7116AFFC5FB40021D40005FB21F9115FAACA406D93D4
0FE1BA16942782813F10EF5E16F56D9F1FFF7126AFFC5FB40021D40005F921F9115FAACA406D83D5
0FE1BD16941E82813F10EF4816F4829F1FFF7136AFFC5FB40021D50005F721F9115FAACA406D83D6
0FE1DE16942282813F10EF3116F3B09F1FFF7146AFFC5FB40021D50005F421F9115FAACA406D83D7
0FE1F016942582813F10EF2C16F30A9F0FFF7146AEFC5FB40021D50005F221F9115FAACA406D83D8
0FE1E116942582812810EF1A16F2A79F0FFF7156AFFC5FB40011D40005F021F9115FAACA406D83D9
0FE1D316942982816110EF0F16F2649F0FFF7166AFFC5FB40021D30005EE21F9115FAACA406D83DA
0FE1CF16942B82813F10EF0516F2369F0FFF7166AFFC5FB40021D10005EC21F9115FAACA406D83DB
0FE1D716942782814610EEF816F2069F0FFF7176AFFC5FB40021D30005EA21F9115FAACA406D83DC
0FE1DE16942582814610EEEA16F1CC9F0FFF7176AFFC5FB40021D40005E821F9115FAACA406D83DD
0FE1E116942882814610EEDD16F1889EFFFF7186AFFC5FB40021D30005E621F9115FAACA406D83DE
0FE1EC16942A82814610EED516F11C9EFFFF7186AFFC5FB40021D50005E521F9115FAACA406D83DF
0FE1DE16942E82814610EED316F09E9EFFFF7196AFFC5FB40021D40005E221F9115FAACA406D83E0
0FE1BD16943082814E10EED516F0269EFFFF7196AEFC5FB40021D20005E121F9115FAACA406D83E1
0FE1A816943282814610EEDD16EFB29EFFFF7196AFFC5FB40021D10005DF21F9115FAACA406D83E2
0FE19216943182814E10EEE216EF609EFFFF7196AEFC5FB40021D30005DD21F9115FAACA406D73E3
0FE19216942F82814610EEF016EF0C9F0FFF7196AFFC5FB40021D30005DB21F9115FAACA406D83E4
0FE19916942882814E10EEF216EED19F0FFF7196AFFC5FB40021D30005DA21F9115FAACA406D83E5
0FE1A416942C82814E10EF0716EEA99F0FFF71A6AFFC6FB40021D50005D821F9115FAACA406D83E6
0FE1BA16942982814E10EF1A16EE8F9F0FFF71B6AFFC7FB40031D50005D721F9115FAACA406D83E7
0FE1C416942282814E10EF2816EEA29F1FFF71B6AEFC7FB40021D50005D621F9115FAACA406D83E8
0FE1D716942082814E10EF3516EECE9F1FFF71B6AFFC7FB40021D20005D421F9115FAACA406D83E9
0FE1DE16942082814E10EF3D16EEF69F1FFF71C6AFFC7FB40021CF0005D221F9115FAACA406D93EA
0FE1E116942082814E10EF4F16EF219F1FFF71C6AFFC7FB40011CF0005D221F9115FAACA406D83EB
0FE1E516942082815210EF5016EF3B9F2FFF71C6AEFC7FB40021D10005D121F9115FAACA406D83EC
0FE1F016942082814E10EF5616EF4A9F2FFF71C6AEFC7FB40021D10005CF21F9115FAACA406D83ED
0FE1F316942182814E10EF5F16EF6A9F3FFF71C6AEFC7FB40021D10005CD21F9115FAACA406D83EE
0FE1F016941D82814E10EF5F16EF8A9F3FFF71C6AEFC7FB40021D10005CC21F9115FAACA406D83EF
0FE1F316941B82815510EF6216EFAD9F3FFF71C6AFFC7FB40021D20005C921F9115FAACA406D83F0
0FE1FE16941E82814E10EF6716EFDD9F4FFF71B6AEFC7FB40021D30005C721F9115FAACA406D83F1
0FE21016941D82814E10EF6B16EFE79F4FFF71B6AFFC7FB40021D60005C521F9115FAACA406D83F2
0FE21716941B82814E10EF7116F00B9F5FFF71B6AEFC7FB40021D80005C321F9115FAACA406D93F3
0FE21B16941882814E10EF7616F0309F5FFF71A6AFFC7FB40021D60005C121F9115FAACA406D83F4
0FE24716941282815510EF8E16F06F9F5FFF71A6AFFC7FB40021D40005BE21F9115FAACA406D83F5
0FE26A16940D82814E10EF9816F0999F6FFF71A6AEFC7FB40021D30005BB21F9115FAACA406D83F6
0FE2A916940882814E10EFAC16F0BD9F6FFF7196AFFC7FB40011D40005B821F9115FAACA406D83F7
0FE30C1693FF82814E10EFBC16F0E29F7FFF7196AEFC7FB40021D90005B621F9115FAACA406D83F8
0FE3321693F982814E10EFD616F0F79F7FFF7186AEFC7FB40021DB0005B221F9115FAACA406D83F9
0FE37C1693F082814E10EFEA16F1169F8FFF7186AEFC7FB40021D90005B021F9115FAACA406D73FA
0FE3D91693E982814E10EFFD16F1309F8FFF7176AFFC7FB40021D70005AC21F9115FAACA406D83FB
0FE4221693E082814E10F01F16F1649F9FFF7176AEFC7FB40021D70005A921F9115FAACA406D83FC
0FE43B1693DD82814E10F03E16F18F9F9FFF7176AEFC7FB40021DB0005A621F9115FAACA406D73FD
0FE4461693E082813010F06116F1D19FAFFF7166AEFC6FB30021DD0005A321F9115FAACA406D83FE
0FE4551693E282816110F08C16F20B9FAFFF7166AFFC6FB20031E10005A121F9115FAACA406D83FF
0FE4791693DF82814E10F0BA16F2449FBFFF7166AFFC5FB20021E300059D21F9115FAACA406D8300
0FE4801693DD82814610F0EC16F28F9FBFFF7166AFFC6FB20021E100059B21F9115FAACA406D8301
0FE4751693E082814610F11F16F2C19FBFFF7166AFFC5FB206F1E000059821F9115FAACA406D8302
0FE45C1693EA82814610F15716F3059FCFFF7166AFFC6FB21341DF00059621F9115FAACA406D9303
0FE4511693E982814610F18916F3599FCFFF7166AFFC6FB21721DC00059421F9115FAACA406D8304
0FE4511693EF82814610F1BF16F3929FDFFF7166AFFC6FB21701DB00059321F9115FAACA406D8305
0FE4581693EF82814610F1FF16F3E49FDFFF7166AEFC5FB21671D900059221F9115FAACA406D9306
0FE4551693ED82813F10F22716F42F9FDFFF7166AFFC6FB21641D800059121F9115FAACA406D8307
0FE4541693E982814610F25D16F4829FEFFF7166AEFC5FB21651D600059121F9115FAACA406D8308
0FE44A1693EF82813F10F29316F4DB9FEFFF7166AFFC6FB21651D600059121F9115FAACA406D8309
0FE4301693EF82813F10F2C116F5399FFFFF7166AEFC5FB21651D600059221F9115FAACA406D830A
0FE42D1693ED82813F10F2F316F58D9FFFFF7166AFFC6FB21661D600059221F9115FAACA406D830B
0FE4291693ED82813F10F32216F5E59FFFFF7166AFFC6FB20ED1D900059421F9115FAACA406D830C
0FE4221693ED82813710F35016F6249FFFFF7166AFFC6FB202D1E100059621F9115FAACA406D830D
0FE41E1693F082813710F37316F65EA00FFF7166AFFC6FB20001E500059821F9115FAACA406D930E
0FE41A1693F282813F10F39A16F697A00FFF7166AEFC5FB20001E200059B21F9115FAACA406D830F
0FE4141693EF82813010F3B816F6CBA01FFF7166AFFC6FB20001DE00059F21F9115FAACA406D8310
0FE4081693F082812810F3DB16F6E5A01FFF7156AEFC5FB20021DE0005A221F9115FAACA406D8311
0FE4091693F282814310F3F916F705A01FFF7156AEFC6FB10021DF0005A521F9115FAACA406D8312
0FE4301693F282813710F40D16F724A02FFF7156AEFC5FB20021DE0005A921F9115FAACA406D8313
0FE48E1693EF82813010F43316F74EA02FFF7156AFFC6FB20011DC0005AD21F9115FAACA406D8314
0FE52B1693E982813010F45016F778A03FFF7156AEFC6FB20021E50005B221F9115FAACA406D8315
0FE6671693D882813010F47116F7ACA03FFF7156AEFC6FB30022070005B621F9115FAACA406D8316
0FE8431693D082813010F49416F7D6A03FFF7156AFFC6FB500322E0005BB21F9115FAACA406D8317
0FE87C1693D982812810F4AB16F80AA03FFF7146AFFC6FB50022400005BF21F9115FAACA406D8318
0FE7A51693E982812810F4CA16F83EA04FFF7146AFFC5FB500223C0005C421F9115FAACA406D8319
0FE74A1693ED82812810F4F416F863A04FFF7146AFFC6FB50012260005C821F9115FAACA406D831A
0FE7181693ED82812810F51316F882A04FFF7146AEFC5FB500220F0005CC21F9115FAACA406D831B
0FE6BA1693ED82812810F53216F892A05FFF7146AEFC6FB50012010005D121F9115FAACA406D831C
0FE6801693F082812810F51A16F897A05FFF7136AEFC5FB50021F90005D521F9115FAACA406D831D
0FE61E1693F582812110F4AF16F8A2A05FFF7136AFFC6FB50021F10005D921F9115FAACA406D831E
0FE5B21693FE82812110F41816F8A2A05FFF7136AFFC5FB50021ED0005DD21F9115FAACA406D931F
0FE57A16940182812110F39916F8A7A05FFF7126AFFC6FB50021E80005E021F9115FAACA406D9320
0FE53B16940182812110F33916F8A2A06FFF7126AEFC5FB50021E10005E421F9115FAACA406D8321
0FE5181693FE82811A10F32916F8ACA06FFF7126AEFC6FB50021DB0005E621F9115FAACA406D8322
0FE50216940082812110F31E16F8A7A06FFF7116AEFC6FB50031D50005E921F9115FAACA406D8323
0FE5151693FA82811A10F2F716F8B1A06FFF7116AFFC6FB50021D10005EC21F9115FAACA406D8324
0FE54D1693F782811A10F2BE16F8B6A07FFF7106AFFC5FB50021D00005EE21F9115FAACA406D9325
0FE59D1693FA8280FC10F28B16F8B3A07FFF70F6AFFC6FB50011D20005EF21F9115FAACA406D9326
0FE5DC1693DE82813410F27016F8B1A07FFF70F6AFFC5FB50021D30005F121F9115FAACA406D9327
0FE63F1693E682811210F25616F8A7A07FFF70E6AEFC5FB50021D30005F321F9115FAACA406D8328
0FE6B61693ED82811210F23B16F897A07FFF70D6AFFC5FB50021D50005F421F9115FAACA406D8329
0FE7181693F082811210F21C16F88DA07FFF70D6AFFC6FB50011D50005F521F9115FAACA406D832A
0FE6FB1693F582811210F20716F872A07FFF70D6AEFC5FB50021D40005F721F9115FAACA406D832B
0FE6B316940282811210F1DA16F84EA07FFF70C6AFFC6FB50011D50005F921F9115FAACA406D932C
0FE67C16940682811210F19116F824A07FFF70C6AFFC6FB50021D70005F921F9115FAACA406D832D
0FE65F16940682810B10F15F16F7EBA07FFF70B6AEFC5FB50021D70005FB21F9115FAACA406D832E
0FE64E16940A82810B10F13216F7C1A07FFF70B6AEFC5FB40031D70005FC21F9115FAACA406D832F
0FE64616940B82811210F11216F77DA07FFF70B6AEFC5FB40021D70005FE21F9115FAACA406D8330
0FE65116940E82810310F0DC16F743A07FFF70B6AFFC5FB40021D90005FF21F9115FAACA406D8331
0FE62216941882810B10F0BE16F70AA07FFF70B6AEFC5FB40021DB00060021F9115FAACA406D8332
0FE5C316941E82810B10F0B616F6C2A06FFF70B6AFFC5FB40021DC00060121F9115FAACA406D8333
0FE56A16941D82810B10F09F16F68CA06FFF70B6AEFC5FB40021DA00060221F9115FAACA406D8334
0FE53016941F82810310F09316F649A05FFF70B6AFFC5FB40021D800060421F9115FAACA406D9335
0FE52016941482810B10F09416F60FA05FFF70B6AFFC5FB40021DB00060521F9115FAACA406D8336
0FE50916941882810310F07C16F5DBA05FFF70B6AEFC5FB40011EB00060621F9105FAACA416D8337
0FE4F416941E82810B10F08016F597A05FFF70B6AFFC5FB40021F000060821F9105FAACA406D8338
0FE4E116941D82810310F07116F568A05FFF70B6AFFC5FB40011EB00060A21F9105FAACA406D8339
0FE4D316941F82810310F06516F539A04FFF70B6AEFC5FB40021E400060C21F9105FAACA406D933A
0FE4F316942182810310F05616F50AA04FFF70A6AEFC5FB40031E000060E21F9105FAACA406D833B
0FE51516942082810310F04616F4DBA03FFF70A6AEFC5FB40DB1DD00061021F9105FAACA406D833C
0FE52216941D82810810F03B16F4A6A03FFF70A6AFFC5FB42C51DC00061221F9105FAACA406D833D
0FE53216941B82810310F02716F47DA02FFF7096AFFC5FB436C1DC00061421F9105FAACA406D933E
0FE53B16941B82810310F01816F468A02FFF7096AEFC5FB436B1DA00061621F9105FAACA406D833F
0FE53D16941B8280FC10F00C16F46DA01FFF7096AEFC5FB43571D800061921F9105FAACA406D8340
0FE56316941482810310F00916F4A2A01FFF7086AEFC5FB43501D700061A21F9105FAACA406D9341
0FE58016940982810310F00416F4DBA00FFF7076AEFC5FB43501D700061D21F9105FAACA406D8342
0FE59B16940682810310F00116F5399FFFFF7076AEFC5FB43511D600062021F9105FAACA406D8343
0FE5BA16940682810310EFFD16F5829FEFFF7076AEFC5FB43511D500062221F9105FAACA406D8344
0FE5A216940982810310EFFD16F5B19FEFFF7066AEFC5FB43511D500062421F9105FAACA406D8345
0FE57516941382810310EFF916F5B19FDFFF7066AEFC5FB43511D500062621F9105FAACA406D8346
0FE56816941382810310EFFD16F5929FDFFF7066AEFC5FB33511D600062821F9105FAACA406D8347
0FE55116941482810310F00116F5589FCFFF7066AFFC5FB33511D700062B21F9105FAACA406D8348
0FE65516940E82810310EFF916F5149FBFFF7066AFFC5FB33511D900062D21F9105FAACA406D8349
0FE77016940882810310EFFD16F4C69FAFFF7066AFFC5FB33501DC00062E21F9105FAACA406D934A
0FE79D16940982810B10F00116F47D9F9FFF7066AEFC5FB33501DD00063021F9105FAACA406D834B
0FE84016940082810310F00916F42F9F9FFF7066AFFC5FB33501DD00063221F9105FAACA406D834C
0FE8E21693FC82810310F01816F3F49F8FFF7056AFFC5FB33501DC00063421F9105FAACA406D834D
0FE91C16940382810310F02716F3D19F7FFF7056AEFC5FB33501D900063621F9105FAACA406D834E
0FE9EE1693FB82810B10F02F16F3BC9F6FFF7056AEFC5FB33501D700063721F9105FAACA406D934F
0FEC141693EB82810310F03716F3BC9F5FFF7056AEFC5FB33501D700063821F9105FAACA406D8350
0FEE3F1693DC82810B10F04216F3C19F4FFF7046AFFC5FB33501D800063A21F9105FAACA406D9351
0FF0F91693CD82810310F04216F3C69F3FFF7046AFFC5FB33501D900063B21F9105FAACA406D8352
0FF47E1693BA82810B10F04E16F3D49F2FFF7036AEFC5FB33511D900063D21F9105FAACA406D8353
0FF92F1693A982810B10F05216F3DB9F1FFF7026AFFC5FB32631D900063E21F9105FAACA406D9354
0FFCB716938E82810810F05916F3DB9F0FFF7026AEFC5FB30821D800064021F9105FAACA406D8355
10008E16937A82810B10F06516F3E69EFFFF7016AEFC5FB30001D700064121F9105FAACA406D8356
10018316938582810B10F07416F3EB9EEFFF7006AEFC5FB30001D500064221F9105FAACA406D8357
1000721693AE82811210F08016F3EE9EDFFF6FF6AFFC5FB30001D400064221F9105FAACA406D9358
0FFD001693D082810B10F09316F4059ECFFF6FE6AEFC5FB30031D600064421F9105FAACA406D8359
0FF9671693EB82811210F0CD16F4059EBFFF6FE6AEFC5FB30031DB00064421F9105FAACA406D835A
0FF7FA1693F982810B10F13616F40A9E9FFF6FD6AFFC5FB30021DE00064521F9105FAACA406D935B
0FF6F71693FF82811210F1B816F40F9E8FFF6FD6AEFC5FB30021DD00064521F9105FAACA406D835C
0FF6F816940182811210F21816F4159E7FFF6FC6AEFC5FB30021DB00064621F9105FAACA406D835D
0FF9CC1693E782811210F28B16F41E9E5FFF6FC6AEFC5FB30021DA00064721F9105FAACA406D835E
0FFC5C1693D682811210F2F016F42A9E5FFF6FB6AEFC5FB20031DA00064721F9105FAACA406D935F
0FFCDC1693DA82811210F33916F42A9E3FFF6FB6AEFC6FB10021DA00064721F9105FAACA406D8360
0FFCE21693E082811210F36B16F4349E1FFF6FB6AEFC6FB10021D800064821F9105FAACA406D8361
0FFD461693E282811210F39D16F4399E0FFF6FA6AEFC6FB10021D500064821F9105FAACA406D8362
0FFD821693E282811A10F3C716F4449DFFFF6FA6AEFC6FB10021D200064921F9105FAACA406D9363
0FFD9A1693E282811A10F3FB16F43E9DDFFF6FA6AEFC6FB10021D300064921F9105FAACA406D8364
0FFDBC1693E682811210F44E16F44D9DCFFF6F96AEFC5FB10021D800064921F9105FAACA406D9365
0FFD921693F382811A10F4AF16F44E9DBFFF6F96AEFC6FB10021DA00064A21F9105FAACA406D8366
0FFE601693F482811A10F51716F44E9D9FFF6F86AEFC6FB10021D900064A21F9105FAACA406D8367
0FFD611693FD82811A10F58716F4539D8FFF6F76AEFC5FB10021D800064A21F9105FAACA406D8368
0FFBD516940182811A10F5F616F4599D6FFF6F76AEFC6FB10021D600064A21F9105FAACA406D8369
0FFB5016940582811A10F65716F4599D5FFF6F66AEFC6FB10021D400064B21F9105FAACA406D836A
0FFA9C16940A82811E10F6A816F4529D3FFF6F66AEFC6FB10031D300064A21F9105FAACA406D836B
0FF93E16940B82811A10F6DE16F4539D2FFF6F56AEFC6FB10021D200064A21F9105FAACA406D836C
0FF7A916941382812110F71416F4539D1FFF6F56AEFC6FB10021D200064A21F9105FAACA406D936D
0FF72316941682811A10F73B16F4599CFFFF6F46AEFC5FB10021D300064A21F9105FAACA406D836E
0FF67C16941682812110F76916F44E9CEFFF6F36AEFC6FB10021D200064A21F9105FAACA406D836F
0FF59616922C82812110F79716F4499CDFFF6F36AEFC5FB10021D300064A21F9105FAACA406D8370
0FF39816912A82812110F7B216F43E9CCFFF6F26AEFC6FB10011D800064A21F9105FAACA406D8371
0FF0DD16937982811A10F7B216F4339CBFFF6F26AEFC5FB10021DD00064A21F9105FAACA406D9372
0FEFA116944C82812110F7A316F4249CAFFF6F16AEFC6FB10031DB00064A21F9105FAACA406D8373
0FF03D16943B82812810F77316F41A9C9FFF6F16AEFC5FB10021D800064A21F9105FAACA406D8374
0FF14A16942682812110F72016F4159C7FFF6F16AEFC6FB10011DC00064921F9105FAACA406D8375
0FF28916941D82812110F71416F4009C6FFF6F16AEFC6FB10021E100064A21F9105FAACA406D8376
0FF38716941882812110F82216F3FB9C5FFF6F06AEFC6FB10021DF00064A21F9105FAACA406D8377
0FF3C116940A82812810FA2616F3E49C5FFF6F06AEFC6FB30021F800064A21F9105FAACA406D9378
0FF4B116940682812110FC6816F3D69C4FFF6F06AEFC7FB300225500064921F9105FAACA406D8379
0FF51416940382812110FEEB16F3BC9C3FFF6F06AEFC7FB300228200064921F9105FAACA406D937A
0FF4B916940982812811008D16F3A79C3FFF6F06AEFC7FB300226800064921F9105FAACA406D837B
0FF48916940F82812111018016F3889C1FFF6F06AEFC7FB300223D00064921F9105FAACA406D937C
0FF44F16940D82812811024416F3769C1FFF6F06AEFC6FB300222000064921F9105FAACA406D837D
0FF43D16941382812111023D16F3599C1FFF6F06AEFC7FB300220D00064821F9105FAACA406D937E
0FF4FE16940A8281281101FA16F3449C0FFF6F06AEFC7FB30021FF00064821F9105FAACA406D837F
0FF64016940382812511023016F32F9C0FFF6F06AEFC6FB30021F400064821F9105FAACA406D9380
0FF7941693FE82812811032916F31A9BFFFF6F06AEFC7FB30021EC00064721F9105FAACA406D9381
0FF83F1693FD8281211103B816F3129BFFFF6F06AEFC7FB30011E500064721F9105FAACA406D9382
0FF7E71693FF8281281103F916F3009BFFFF6F06AEFC7FB30021DF00064621F9105FAACA406D8383
0FF7DD1693FE82812811041516F2F09BFFFF6EF6AEFC7FB30021DB00064521F9105FAACA406D8384
0FF8DB1693F582812811041816F2EB9BEFFF6EF6AEFC7FB30021D800064521F9105FAACA406D8385
0FFAF21693E682812811044416F2DC9BEFFF6EF6AEFC7FB30021DC00064521F9105FAACA406D9386
0FFC051693E282812811045E16F2CE9BEFFF6EF6AEFC7FB30011E200064321F9105FAACA406D9387
0FFD4C1693E382812111041D16F2C79BEFFF6EE6AEFC7FB30021E100064421F9105FAACA406D8388
0FFD7D1693E282812811033116F2C79BEFFF6EE6AEFC7FB30021DF00064321F9105FAACA406D8389
0FFEBA1693DB82812811018D16F2B79BEFFF6EE6AEFC7FB30021DF00064221F9105FAACA406D838A
1001F01693CD82812810FF5516F2BC9BEFFF6ED6ADFC6FB30021E000064221F9105FAACA406D838B
1003161693CC82812110FD0B16F2BF9BEFFF6ED6AEFC7FB30021E000064221F9105FAACA406D838C
1002191693DD82812810FB1C16F2BC9BEFFF6ED6AEFC7FB30021E100064121F9105FAACA406D838D
1000A11693EE82812810FA2C16F2C79BFFFF6EC6AEFC7FB30021E600064021F9105FAACA406D838E
0FFF771693EF82812110F9EA16F2C79BFFFF6EC6AEFC7FB30031E600064021F9105FAACA406D838F
0FFF7C1693F482812810F9F616F2C49BFFFF6EB6AEFC8FB536B1E100063F21F9105FAACA406D8390
0FFF5A1693F782812810FA2C16F2CC9BFFFF6EB6AEFC8FB573F1DC00063F21F9105FAACA406D8391
0FFF771693F782812110FAAB16F2CC9BFFFF6EB6AEFC8FB58311D900063E21F9105FAACA406D9392
1000951693FB82812810FB7416F2DC9BFFFF6EA6AEFC8FB580F1D800063D21F9105FAACA406D8393
1002971693FF82812110FC3616F2D69C0FFF6EA6ADFC8FB57E51D600063D21F9105FAACA406D8394
10031E16940882812510FCF016F2D39C0FFF6E96AEFC8FB57DB1D500063D21F9105FAACA406D8395
10012016942282812810FDE016F2D69C0FFF6E96AEFC8FB57DC1D400063C21F9105FAACA406D8396
0FFF5716943182812110FEE316F2DC9C1FFF6E86AEFC8FB57DE1D400063B21F9105FAACA406D8397
0FFC7916944782812810FFD116F2E19C1FFF6E76ADFC8FB57DE1D300063B21F9105FAACA406D8398
0FFAE816946D82812111009D16F2E69C2FFF6E56ADFC8FB57DE1D200063A21F9105FAACA406D8399
0FFA5D16947E82812811015216F2E89C2FFF6E56ADFC8FB57DF1D000063A21F9105FAACA406D939A
0FF9541694728281211101EA16F2F09C2FFF6E46AEFC8FB57DF1D000063A21F9105FAACA406D839B
0FF8A816945A82812111026316F2F69C2FFF6E26AEFC8FB57AE1D000063921F9105FAACA406D839C
0FF8DD16945B8281281102B916F2F69C3FFF6E16AEFC8FB54CD1D000063921F9105FAACA406D939D
0FF77A1694698281211102F616F2FD9C3FFF6DF6ADFC8FB53261CF00063821F9105FAACA406D939E
0FF50916947982812111032116F3059C4FFF6DD6ADFC8FB52EB1CF00063721F9105FAACA406D839F
0FF43B16947282812111034416F3109C4FFF6DB6AEFC8FB530B1D000063721F9105FAACA406D83A0
0FF52616946282812111035B16F31F9C5FFF6D96ADFC8FB531D1D100063621F9105FAACA406D93A1
0FF61D16945282812111036316F32F9C5FFF6D96ADFC8FB531F1D000063521F9105FAACA406D93A2
0FF62416944B82812111036A16F3419C5FFF6D96AEFC8FB531E1CD00063521F9105FAACA406D93A3
0FF64516944C82812811037216F3549C6FFF6D96ADFC8FB531D1CC00063421F9105FAACA406D83A4
0FF77316943F82812111037616F3639C7FFF6DB6ADFC8FB531D1CD00063321F9105FAACA406D93A5
0FF9D716942B82812111037616F37D9C7FFF6DC6AEFC8FB531D1CE00063321F9105FAACA406D83A6
0FFA9B16942282812111036A16F3929C8FFF6DD6AEFC8FB531E1CE00063121F9105FAACA406D93A7
0FFA9416942782811A11036A16F3A79C8FFF6DF6AEFC7FB228A1CE00063121F9105FAACA406D93A8
0FFB5B16943682812111037216F3CA9C8FFF6E06AEFC7FB11661CE00062F21F9105FAACA406D83A9
0FFDDF16942382811E11038916F3EB9C9FFF6E16ADFC7FB11071D100062F21F9105FAACA406D93AA
10034D1694008281281103B416F4009C9FFF6E26ADFC6FB11091D200062D21F9105FAACA406D83AB
1008241693E582811A1103DA16F41F9CAFFF6E36AEFC7FB11151D400062D21F9105FAACA406D93AC
100ACF1693D68281211103E316F4399CAFFF6E46ADFC7FB11191D200062C21F9105FAACA406D83AD
100C641693DA8281211103F216F4599CBFFF6E46ADFC6FB11191D100062B21F9105FAACA406D83AE
100D171693E082811A11042916F4719CBFFF6E46ADFC7FB11191D700062A21F9105FAACA406D83AF
100CE91693E582812111044316F4A29CBFFF6E56ADFC6FB11191DB00062921F9105FAACA406D83B0
100D141693DC82811A11044416F4DB9CCFFF6E56ADFC7FB11191DA00062A21F9105FAACA406D83B1
100D731693E482812111041C16F51F9CCFFF6E56ADFC7FB11191D800062A21F9105FAACA406D83B2
100D7A1693E88281211103F216F5789CDFFF6E56ADFC7FB11191D500062921F9105FAACA406D93B3
100D681693EF8281211103DE16F5D69CDFFF6E56ADFC7FB10A01D500062921F9105FAACA406D93B4
100CAD1693F582811A1103E316F62E9CDFFF6E56ADFC7FB10171D500062921F9105FAACA406D83B5
100C731693FE82811A1103C716F6979CDFFF6E56ADFC7FB10001D400062A21F9105FAACA406D93B6
100C7A16940882812111039D16F6F59CEFFF6E56ADFC7FB10001D300062B21F9105FAACA406D83B7
100B9B16941382812111037A16F7589CFFFF6E56ADFC7FB10011D300062B21F9105FAACA406D93B8
100B2616941282811A11035716F7B19CFFFF6E56ADFC7FB10021D200062C21F9105FAACA406D83B9
100BA916941082812111034016F8059CFFFF6E56ADFC7FB10021D400062D21F9105FAACA406D83BA
100C8D16941082811A11033016F86D9D0FFF6E56ADFC7FB10021D700062E21F9105FAACA406D83BB
100CE816940182812111032516F8E09D0FFF6E56ADFC7FB10021DA00063021F9105FAACA406D83BC
100DE41693ED82811A11030D16F9739D0FFF6E56ADFC7FB10021DA00063121F9105FAACA406D93BD
1010B11693DD8281211102BD16FA0A9D0FFF6E66ADFC7FB10021DB00063321F9105FAACA406D93BE
1012B31693D582811211026A16FA9D9D1FFF6E66ADFC7FB10021DB00063421F9105FAACA406D83BF
1014591693DA82812D11023216FB449D1FFF6E76ADFC8FB30021DA00063621F9105FAACA406D83C0
1016541693DA82811A11022C16FBEC9D1FFF6E76ADFC9FB50021D800063821F9105FAACA406D83C1
1016FD1693D882812111024416FC9E9D1FFF6E76ADFC9FB50021D500063921F9105FAACA406D93C2
1017BF1693DF82811A11025116FD6C9D1FFF6E86ADFC9FB50021D300063C21F9105FAACA406D93C3
1018751693E282812111026316FE3B9D1FFF6E96ADFC9FB50021D200063D21F9105FAACA406D93C4
10189A1693E682811A11026C16FF279D1FFF6E96ADFC9FB50011D300063F21F9105FAACA406D83C5
1018771693E78281211102891700039D1FFF6E96ADFC9FB50021D300064021F9105FAACA406D83C6
1018721693EB8281211102EF1700FF9D1FFF6E96ADFC9FB50021D300064121F9105FAACA406D93C7
1017751693F08281211103911702009D1FFF6EA6ADFC9FB50021D200064321F9105FAACA406D93C8
1017551693F682811A11042017030D9D1FFF6EA6ADFC9FB50021D000064521F9105FAACA406D93C9
1017461694028281211104631704129D1FFF6EA6ADFC9FB50021CE00064621F9105FAACA406D83CA
1017011694098281211104B71705279D1FFF6EA6ADFC9FB50031CD00064721F9105FAACA406D83CB
1016B716940B82811A1104EF1706349D0FFF6EB6ADFC9FB50021D000064821F9105FAACA406D83CC
10152616941782812111051717073D9D0FFF6EB6ADFC9FB50021D200064A21F9105FAACA406D83CD
1013C216941B8281211105BD1708529D0FFF6EB6ADFC9FB50021D500064B21F9105FAACA406D93CE
10127416941E8281211106F21709529D0FFF6EB6ACFC9FB50021D600064B21F9105FAACA406D93CF
10110D169424828121110830170A539CFFFF6EC6ADFC9FB50021D600064C21F9105FAACA406D83D0
100FCF16942C828121110909170B599CEFFF6EC6ACFC9FB50021D400064D21F9105FAACA406D83D1
10102D16942F82812111096D170C559CEFFF6EC6ADFC9FB50021D300064D21F9105FAACA406D93D2
10103216942C82812811095A170D3B9CEFFF6EC6ADFC9FB50021D100064D21F9105FAACA406D83D3
100FF316942A828121110918170E1D9CDFFF6EC6ADFC9FB50021CF00064D21F9105FAACA406D93D4
1010D51694278281251108D2170EF99CDFFF6ED6ACFC9FB50021CD00064E21F9105FAACA406D93D5
10113D16942982812111089C170FC19CDFFF6ED6ACFC9FB50021CE00064E21F9105FAACA406D83D6
10105D16942E82812111087D17107D9CCFFF6ED6ADFC9FB50021D000064F21F9105FAACA406D93D7
10106116942F8281281108E21711359CBFFF6ED6ADFC8FB40021D100064E21F9105FAACA406D93D8
1011321694288281211109F81711E89CBFFF6ED6ADFC7FB30021CF00064F21F9105FAACA406D83D9
1011A1169425828128110B171712959CAFFF6ED6ACFC7FB30021CD00064E21F9105FAACA406D83DA
1011BD169425828128110BE017133D9C9FFF6ED6ACFC6FB30011CC00064E21F9105FAACA406D93DB
1011A5169422828121110CCB1713E59C9FFF6ED6ACFC7FB30021CC00064E21F9105FAACA406D93DC
10112E169427828128110D7417147E9C8FFF6ED6ACFC7FB30021CD00064E21F9105FAACA406D93DD
10115A169423828128110E9E17151A9C7FFF6ED6ACFC7FB30021D000064E21F9105FAACA406D83DE
101093169420828128110FC517159A9C7FFF6ED6ACFC7FB30021D500064D21F9105FAACA406D93DF
10101816942382812811109B1716229C6FFF6EE6ACFC7FB30021D800064D21F9105FAACA406D83E0
10105E1694258281281111461716A19C5FFF6EE6ACFC7FB30021D700064D21F9105FAACA406D93E1
1010E71694298281281111CA1717169C5FFF6EF6ACFC7FB30021D600064D21F9105FAACA406D93E2
10114416942B82813011125C1717839C4FFF6F06ABFC7FB30031D400064D21F9105FAACA406D83E3
1010DE16942D8281281112D21717E79C3FFF6F06ABFC7FB30021D200064D21F9105FAACA406D83E4
1011581694288281281113561718469C3FFF6F16ABFC7FB30021D100064D21F9105FAACA406D83E5
1011AF16941E8281301114D017189A9C1FFF6F26ABFC7FB30021D000064D21F9105FAACA406D93E6
10119616941B82813011169B1718E99C1FFF6F26ABFC7FB30021D000064C21F9105FAACA406D93E7
1011911694188281281117651719279C0FFF6F36ABFC7FB30021D300064C21F9105FAACA406D83E8
1011C816941A8281281117D317195C9BFFFF6F46ABFC7FB30021D600064B21F9105FAACA406D93E9
1012071694138281341118861719809BFFFF6F56ABFC7FB30011D800064B21F9105FAACA406D93EA
10120716941482813011199B17198C9BEFFF6F56ABFC7FB30021D700064B21F9105FAACA406D93EB
1011FC169412828130111AEA1719819BEFFF6F66ABFC7FB30021D500064B21F9105FAACA406D83EC
1012AC169414828130111BF817195C9BDFFF6F76ABFC6FB30021D500064B21F9105FAACA406D93ED
10134C16940E828130111CB31719039BCFFF6F76AAFC7FB30021D600064B21F9105FAACA406D93EE
101354169413828137111CFC1718759BCFFF6F86ABFC7FB30031D700064B21F9105FAACA406D93EF
101386169421828130111D241717AE9BBFFF6F96AAFC7FB30021D700064A21F9105FAACA406D83F0
101413169422828137111D881716B69BBFFF6F96ABFC9FB50021D600064A21F9105FAACA406D83F1
101547169411828130111DFF17157F9BAFFF6F96AAFCAFB509F1D500064921F9105FAACA406D83F2
10161C16940E828137111EAF17140A9B9FFF6FA6AAFCAFB51501D500064921F9105FAACA406D83F3
10161316941C8281371120B117127C9B9FFF6FA6AAFCAFB517B1D600064A21F9105FAACA406D93F4
1015DE16942082813011228D1710E19B9FFF6FB6ABFCAFB51751D500064921F9105FAACA406D93F5
1015811694248281371123AC170F4D9B8FFF6FB6ABFC9FB516D1D300064921F9105FAACA406D93F6
10156416941E828137112278170DCD9B7FFF6FB6ABFCAFB516B1D200064821F9115FAACA416D93F7
1015401694138281371120C8170C5A9B7FFF6FC6AAFCAFB516B1D100064821F9115FAACA406D93F8
10153116940D82813F111F92170ADB9B7FFF6FD6ABFCAFB516B1D000064921F9115FAACA406D93F9
10150216940B828137111EFD17095D9B7FFF6FD6ABFCAFB516C1D000064821F9115FAACA406D93FA
1014FE169405828137111EE61707E29B6FFF6FD6AAFCAFB516D1D100064821F9115FAACA406D93FB
10152E16940282813F111EB71706869B6FFF6FE6AAFCAFB50DD1D100064821F9115FAACA406D93FC
101510169404828128111DE117055B9B6FFF6FE6AAFCAFB50241D500064821F9115FAACA406D83FD
1014C0169406828152111C981704809B5FFF6FF6AAFCAFB50001D700064821F9115FAACA406D93FE
101459169403828137111AF01703B99B6FFF6FF6AAFC9FB50001D500064721F9115FAACA406D83FF
1013E71693F682813F1118C41702E69B5FFF7006AAFCAFB50001D200064721F9115FAACA406D9300
1013771693EF82813F1116701702279B5FFF7006ABFCAFB50021D200064721F9115FAACA406D9301
1012F91693E582813F11145617019C9B5FFF7016ABFCAFB50021D300064621F9115FAACA406D9302
1012451693DF82813F1112691701539B5FFF7016ABFCAFB50021D300064721F9115FAACA406D8303
1011F11693E082813F1110AE1701519B5FFF7026ABFCAFB50021D300064621F9115FAACA406D9304
1011871693EE82813F110F171701589B6FFF7036AAFCAFB50021D100064621F9115FAACA406D9305
1010691693F5828146110DB61701729B5FFF7046ABFCAFB50021D000064521F9115FAACA406D9306
100F021693FB82813F110C791701759B6FFF7046ABFCAFB50031CE00064521F9115FAACA406D9307
100E0D1693FD828146110B641701779B6FFF7056AAFCAFB50021CD00064521F9115FAACA406D9308
100D0D1693FC82813F110A701701669B6FFF7066ABFCAFB50021D200064521F9115FAACA406D9309
100AB516940382814611098C1701489B7FFF7076ABFCAFB50011D700064521F9115FAACA406D930A
10085016941282813F1108BF1700EF9B7FFF7076ABFCAFB50021D600064521F9115FAACA406D930B
10075816941D8281461107F21700859B7FFF7086AAFCAFB50021D300064421F9115FAACA406D930C
10064316942C82814611073C16FFF99B7FFF7086ABFCAFB50021D000064421F9115FAACA406D930D
10058116943B82814611068716FF5B9B8FFF7096AAFCAFB50021CF00064321F9115FAACA406D830E
10055516944282813F1105F716FECA9B9FFF7096AAFCAFB50021CD00064321F9115FAACA406D930F
10051816944782813F11056416FE1C9B9FFF70A6ABFC9FB50021CD00064321F9115FAACA406D9310
1004A01694588281521104DF16FD849BAFFF70B6AAFCAFB50021CD00064321F9115FAACA406D9311
1003BA16946182813F11044A16FCDC9B9FFF70B6AAFC9FB50021CD00064321F9115FAACA406D9312
1002B816946F8281461103B416FC3E9BAFFF70B6AAFCAFB50031CD00064221F9115FAACA406D8313
10016216947682814611031216FBB79BBFFF70B6AAFC9FB50021CD00064121F9115FAACA406D9314
0FFFD016947782814611027616FB3F9BBFFF70B6AAFCAFB50021CC00064121F9115FAACA406D9315
0FFE9616946C82814E1101E616FADC9BCFFF70B6AAFCAFB50011CB00064121F9115FAACA406D9316
0FFF4116945982813F11016916FA839BDFFF70B6AAFC9FB50021CA00064121F9115FAACA406D9317
10003816944882814611010216FA399BDFFF70B6AAFCAFB50021CA00064021F9115FAACA406D9318
1001911694478281461100A516FA159BEFFF70B6AAFCAFB50021CB00064021F9115FAACA406D9319
10022A16945182814E11005316F9DB9BEFFF70B6AAFC9FB50021CD00064021F9115FAACA406D931A
0FFFB316946382813F11000A16F9B79BFFFF70A6AAFCAFB50021CE00063F21F9115FAACA406D931B
0FF88D16948A82814610FFCD16F9889BFFFF70A6AAFC9FB50021CD00063F21F9115FAACA406D931C
0FF29B1694AD82814610FF9516F9699C0FFF7096AAFCAFB50021CC00063E21F9115FAACA406D931D
0FF0861694B582814610FF5F16F9449C1FFF7096AAFCAFB50021CB00063E21F9115FAACA406D931E
0FEEF71694B282814610FF3116F9249C1FFF7096AAFCAFB50031CB00063E21F9115FAACA406D831F
0FEDCE1694AD82814610FF0416F9009C2FFF7096AAFCAFB50021CC00063D21F9115FAACA406D9320
0FECF31694A582814610FED716F8DB9C2FFF7096AAFC9FB40021CD00063C21F9115FAACA406D9321
0FEB921694A482814610FEA516F8B19C3FFF7086AAFC9FB40011CD00063B21F9115FAACA406D9322
0FEA701694A582812110FE8516F8879C4FFF7086AAFC9FB40021CD00063B21F9115FAACA406D9323
0FE9821694A282816810FE5C16F85E9C4FFF7086AAFC9FB40021CD00063B21F9115FAACA406D8324
0FE8C516949582814610FE2D16F8439C5FFF7086AAFC9FB40011CE00063A21F9115FAACA406D9325
0FE83916948E82813F10FE0216F8349C5FFF7086AAFC9FB40021CF00063921F9115FAACA406D9326
0FE7E216948482814610FDD416F8249C6FFF7096AAFC9FB40011D000063921F9115FAACA406D9327
0FE7B116947F82813F10FDA616F81F9C7FFF7096AAFC9FB40021D000063821F9115FAACA406D9328
0FE79A16947282814610FD7316F8149C7FFF7096AAFC9FB40011D300063721F9115FAACA406D9329
0FE78816945E82813F10FD4116F8249C7FFF7096AAFC9FB40021D900063721F9115FAACA406D932A
0FE77E16945882814610FD0B16F82F9C8FFF70A6AAFC9FB40031DB00063621F9115FAACA406D932B
0FE78016945882813710FCCE16F8439C8FFF70A6AAFC9FB40931D900063621F9115FAACA406D932C
0FE78F16945582814610FC8716F8539C9FFF70B6AAFC9FB42701D700063621F9115FAACA406D932D
0FE7CE16945682813F10FC3E16F85E9C9FFF70B6AAFC9FB432C1D900063521F9115FAACA406D932E
0FE84316945582813F10FBEC16F8639CAFFF70C6AAFC9FB43331DE00063421F9115FAACA406D932F
0FE8A916944C82813710FB9716F86D9CBFFF70C6AAFC9FB431F1E100063421F9115FAACA406D9330
0FE96116944682813F10FB3A16F8729CBFFF70C6AAFC9FB43181E100063321F9115FAACA406D8331
0FEBAB16943182813F10FADE16F8829CBFFF70C6AAFC9FB43171DF00063221F9115FAACA406D9332
0FED3916942D82813710FA8516F8929CCFFF70C6AAFC9FB43191DD00063221F9115FAACA406D8333
0FEE2116942882813F10FA3B16F8A29CDFFF70C6AAFC9FB43191DA00063121F9115FAACA406D8334
0FEEF316942982813710F9EA16F8B69CDFFF70D6AAFC9FB43191D800063121F9115FAACA406D9335
0FEF1016943182813010F9A816F8C69CDFFF70D6AAFC9FB43191D500062F21F9115FAACA406D9336
0FEE1D16943C82814310F96E16F8E69CDFFF70D6AAFC9FB43191D500062F21F9115FAACA406D9337
0FEC8B16944682813710F93416F8EB9CEFFF70D6AAFC9FB43191D700062E21F9115FAACA406D8338
0FEB4D16945082813010F8FB16F9059CFFFF70D6AAFC8FB53191D800062E21F9115FAACA406D9339
0FEAB016945082813710F8C816F90F9D0FFF70C6AAFC7FB52901D900062C21F9115FAACA406D933A
0FE9FC16944B82813710F89616F9249D0FFF70C6AAFC7FB618B1D900062B21F9115FAACA406D833B
0FE99416944A82813010F86C16F9449D1FFF70C6AAFC7FB61371D800062A21F9115FAACA406D933C
0FE93216944682813710F84516F9539D1FFF70C6AAFC7FB613B1D600062921F9115FAACA406D933D
0FEA3C16943582813010F82616F9789D1FFF70B6AAFC7FB61451D400062821F9115FAACA406D833E
0FED2316941D82813010F80716F9929D2FFF70B6AAFC6FB51491D300062621F9115FAACA406D933F
0FEFD416940E82813010F7EC16F9B29D3FFF70B6AAFC7FB61491D700062521F9115FAACA406D9340
0FF13B16940B82812810F7DD16F9D69D3FFF70B6AAFC7FB51491DF00062421F9115FAACA406D9341
0FF2A616940182813010F7C916F9FB9D4FFF70B6AAFC7FB61491E100062321F9115FAACA406D9342
0FF35C16940782813010F7BE16FA259D4FFF70B6AAFC7FB61491DF00062121F9115FAACA406D9343
0FF35016941782812810F7B216FA5E9D5FFF70B6AAFC7FB60B91DC00061F21F9115FAACA406D8344
0FF39216941882813010F7A316FA8D9D5FFF70A6AAFC7FB501B1DA00061F21F9115FAACA406D9345
0FF3D716941982812810F79B16FAB79D6FFF70A6AAFC7FB60001DA00061D21F9115FAACA406D9346
0FF3F416941E82812810F79316FADC9D7FFF70A6AAFC7FB60001DA00061C21F9115FAACA406D9347
0FF47B16941582812810F79716FB059D7FFF70A6AAFC7FB60011DA00061A21F9115FAACA406D9348
0FF4E816941182812110F79316FB2F9D8FFF70A6AAFC7FB60021D800061821F9115FAACA406D9349
0FF53016941C82812810F79016FB4E9D9FFF70A6AAFC7FB60021D700061721F9115FAACA406D934A
0FF4C316942382812510F79016FB6E9D9FFF70A6AAFC7FB60021D800061621F9115FAACA406D934B
0FF3E916942882812110F79016FB839DAFFF7096AAFC7FB60021DA00061421F9115FAACA406D934C
0FF32D16942D82812810F79716FB9D9DBFFF7096AAFC7FB60021DB00061321F9115FAACA406D934D
0FF28916942F82812110F79316FBBD9DBFFF7096ABFC7FB60021DA00061221F9115FAACA406D934E
0FF21916943382812110F79716FBCC9DCFFF7096AAFC7FB50021D800061021F9115FAACA406D834F
0FF1F416942982812110F79716FBDB9DCFFF7096AAFC7FB60021D600060F21F9115FAACA406D9350
0FF20016941E82811A10F79716FBE69DDFFF7096AAFC7FB60021D400060E21F9115FAACA406D9351
0FF22716941E82812110F79B16FBFB9DEFFF7096AAFC6FB50021D300060D21F9115FAACA406D9352
0FF2AA16942382812110F79B16FC069DEFFF7086AAFC6FB50011D400060C21F9115FAACA406D9353
0FF32216942582811A10F79B16FC169DFFFF7086AAFC5FB50021D400060C21F9115FAACA406D9354
0FF38416942282812110F79716FC259DFFFF7086AAFC5FB50021D400060B21F9115FAACA406D9355
0FF3E916942082811A10F79B16FC249E0FFF7086AAFC6FB50021D600060A21F9115FAACA406D9356
0FF44816941D82811A10F79B16FC359E1FFF7076AAFC5FB50021D800060A21F9105FAACA416D9357
0FF4B216941B82811A10F79716FC309E1FFF7086ABFC6FB50021DA00060821F9105FAACA406D9358
0FF50916941B82811A10F79716FC3F9E2FFF7076ABFC6FB50021D900060921F9105FAACA406D9359
0FF51B16941482811A10F79F16FC459E3FFF7076ABFC6FB50021D800060821F9105FAACA406D935A
0FF4F616941482811210F79B16FC4F9E3FFF7076AAFC5FB50031D800060821F9105FAACA406D935B
0FF50516941682812110F79F16FC4D9E4FFF7076AAFC6FB50021D900060721F9105FAACA406D835C
0FF52916941682811210F79F16FC549E5FFF7076ABFC6FB50021DC00060721F9105FAACA406D935D
0FF53F16941982811A10F79F16FC5A9E5FFF7066AAFC5FB50021DF00060821F9105FAACA406D935E
0FF5A116941382811210F7AE16FC5F9E6FFF7066ABFC6FB50011DF00060721F9105FAACA406D935F
0FF5E616941082810310F82A16FC5A9E7FFF7066AAFC5FB50021DC00060721F9105FAACA406D9360
0FF60916941982812510F94816FC5D9E7FFF7066ABFC6FB50021DA00060721F9105FAACA406D9361
0FF5F916941C82811A10FA9416FC5F9E8FFF7056AAFC6FB50011D800060721F9105FAACA406D9362
0FF56016942282811210FBC216FC649E8FFF7056AAFC5FB50021DC00060721F9105FAACA406D9363
0FF4A616942582811210FCA616FC5F9E8FFF7056ABFC6FB50011DF00060721F9105FAACA406D9364
0FF44F16942282811210FD6416FC699EAFFF7046ABFC5FB50021DE00060721F9105FAACA406D9365
0FF43B16941D82811210FE0216FC699EAFFF7046ABFC6FB50021DA00060721F9105FAACA406D9366
0FF44F16941482811A10FE9916FC7C9EBFFF7046ABFC6FB50031D900060621F9105FAACA406D9367
0FF46916940282811210FF4016FC8E9EBFFF7036AAFC5FB50021D900060621F9105FAACA406D9368
0FF4D21693F982810B11006F16FC989EBFFF7036AAFC6FB50021D900060621F9105FAACA406D9369
0FF5591693FA82811211022516FCAD9ECFFF7036ABFC6FB50011D700060621F9105FAACA406D936A
0FF56E1694078281121103DE16FCBD9ECFFF7026ABFC7FB50011D500060621F9105FAACA406D936B
0FF56716940B82811211050616FCD09EDFFF7026AAFC7FB50021D300060521F9105FAACA406D936C
0FF59A16940F82811211058716FCE29EDFFF7026ABFC7FB50021D200060521F9105FAACA406D936D
0FF6071694118281121105C816FCE29EDFFF7026ABFC7FB50021D200060621F9105FAACA406D936E
0FF66B1694108281121105FB16FCF79EEFFF7026ABFC7FB50021D300060521F9105FAACA406D936F
0FF62F16941082811211062916FCF19EEFFF7026ABFC7FB50011D500060521F9105FAACA406D9370
0FF5D116941C82811211067716FCF49EFFFF7016AAFC7FB50021D900060521F9105FAACA406D9371
0FF58F16941D8281121106E316FCE79EFFFF7016ABFC7FB50021DB00060421F9105FAACA406D9372
0FF55F16941F82811211073616FCD79F0FFF7016ABFC7FB50031DC00060521F9105FAACA406D9373
0FF58F16941D82811211076E16FCBD9F0FFF7016ABFC7FB50021DE00060421F9105FAACA406D9374
0FF5E316941E82811211079916FCA39F0FFF7016ABFC7FB50021DF00060321F9105FAACA406D9375
0FF61D1694148281121107CD16FC969F0FFF7016ABFC7FB50021E000060421F9105FAACA406D9376
0FF65216941082810F1107F616FC839F1FFF7006ABFC7FB50021E000060421F9105FAACA406D9377
0FF68616941882811211080D16FC7E9F1FFF7006ABFC7FB50021DF00060421F9105FAACA406D9378
0FF6DE16941B82811211081716FC7E9F1FFF6FF6ABFC7FB50011DD00060421F9105FAACA406D9379
0FF74016941882811211081C16FC799F1FFF6FF6ABFC7FB50021D900060421F9105FAACA406D937A
0FF76116941982811211081C16FC819F1FFF6FF6ABFC7FB50021D600060321F9105FAACA406D937B
0FF75216941882811211082716FC839F2FFF6FE6AAFC7FB50011D500060421F9105FAACA406D937C
0FF72716941982811211083016FC7E9F2FFF6FE6ABFC7FB50021D600060321F9105FAACA406D937D
0FF70E16941882811211083316FC6F9F2FFF6FD6AAFC7FB50021D500060421F9105FAACA406D937E
0FF79F16941682811211083E16FC5A9F2FFF6FC6AAFC7FB50031D400060421F9105FAACA406D937F
0FF82D16941982811211085216FC4F9F3FFF6FB6AAFC7FB53BF1D300060421F9105FAACA406D9380
0FF85316941B82811211085616FC389F2FFF6FA6AAFC7FB58221D100060421F9105FAACA406D9381
0FF85116941882811A1107E116FC359F3FFF6FA6AAFC6FB393E1D100060521F9105FAACA406D9382
0FF8C216941682811211076316FC459F3FFF6F96AAFC6FB29181D000060521F9105FAACA406D9383
0FF9421694198281121106D016FC549F3FFF6F86ABFC6FB28E91CF00060521F9105FAACA406D9384
0FF9A016941882811211064516FC799F3FFF6F76AAFC6FB18DD1CF00060421F9105FAACA406D9385
0FFA021694168281121105E816FC9C9F3FFF6F66AAFC5FB18DF1CE00060521F9105FAACA406D9386
0FFA2B16941982811A1105B116FCB89F3FFF6F56ABFC6FB28E11CE00060521F9105FAACA406D9387
0FFA7016941882811211058F16FCD29F3FFF6F46AAFC5FB18E11D000060521F9105FAACA406D9388
0FF9E516941982811211057316FCDC9F3FFF6F36AAFC6FB28E11D000060621F9105FAACA406D9389
0FF90716941B82811A11054516FCD79F3FFF6F26ABFC6FB28E11D000060521F9105FAACA406D938A
0FF97516941E82811211052316FCCA9F3FFF6F16AAFC5FB18E11D100060521F9105FAACA406D838B
0FFAB516941D82811211051616FCC29F3FFF6F06AAFC6FB26A61D300060521F9105FAACA406D938C
0FFAB916942282811611052E16FCA89F3FFF6EF6AAFC6FB11811D400060521F9105FAACA406D938D
0FF9F416942282811A11053916FC8E9F3FFF6EF6ABFC6FB20001D500060521F9105FAACA406D938E
0FFA8D16941982811211053A16FC839F3FFF6EE6ABFC6FB20001D900060521F9105FAACA406D938F
0FFB7F16941682811A11052116FC629F3FFF6ED6AAFC5FB20001DB00060521F9105FAACA406D9390
0FFCDC16941982811211052716FC4F9F2FFF6ED6ABFC6FB20051DA00060521F9105FAACA406D9391
0FFE8B16941082811A11057F16FC3A9F2FFF6EC6AAFC5FB20051D600060521F9105FAACA406D9392
0FFFE81694138281121105CD16FC259F2FFF6EC6ABFC5FB20031D500060621F9105FAACA406D9393
10002016941D82811A11060E16FC109F2FFF6EB6ABFC6FB20011D600060621F9105FAACA406D9394
10009316941D82811211063916FBF19F2FFF6EB6AAFC5FB20021D600060621F9105FAACA406D9395
10037C16941882811A11067316FBF59F1FFF6EB6ABFC6FB20021D700060621F9105FAACA406D9396
1006E716940782811A11073616FBD79F1FFF6EB6ABFC6FB20031D800060721F9105FAACA406D9397
1008A416940582811A11086616FBC79F2FFF6EB6ABFC6FB10511DB00060821F9105FAACA406D9398
10091116940A82811211098816FBB79F1FFF6EB6AAFC6FB20CE1DD00060921F9105FAACA406D9399
1007E616941782811A110A8816FBA29F1FFF6EB6AAFC7FB30F31DD00060921F9105FAACA406D939A
1006B716942A82811A110B7816FB939F1FFF6EB6ABFC8FB50F11DD00060A21F9105FAACA406D939B
1006DF16942882811A110C4D16FB8D9F1FFF6EC6AAFC9FB50EB1E300060B21F9105FAACA406D939C
10076A16942C828112110D1316FB8C9F0FFF6EC6ABFC9FB50EA1EC00060C21F9105FAACA406D939D
1007F516942C82811A110E2616FB889F0FFF6ED6ABFC9FB50EA1EF00060E21F9105FAACA406D939E
10083A1692D882811A110F5116FB889EFFFF6ED6ABFC9FB50EB1EA00060F21F9105FAACA406D939F
10081216931F82811211102616FB8D9EFFFF6EE6ABFC9FB50EB1E400061021F9105FAACA406D93A0
1008D716940282811A11118016FB939EFFFF6EE6ABFC9FB50EA1DD00061221F9105FAACA406D93A1
10099516943682811A11128116FB9D9EEFFF6EE6AAFC9FB50EA1D800061421F9105FAACA406D93A2
1009E11694318281161112ED16FBA79EEFFF6EF6ABFC9FB50EB1D400061621F9105FAACA406D93A3
100B1B16942F82811A11131416FBA89EEFFF6EF6ABFC9FB554A1D000061821F9105FAACA406D93A4
100BE416943782811A11132916FB9D9EDFFF6EF6ABFC9FB5DBB1CE00061B21F9105FAACA406D93A5
100BCB16943A82811A11131816FB9D9EDFFF6EF6AAFC9FB5FFF1D000061E21F9105FAACA406D93A6
100C1F1694418281121112CE16FBA89EDFFF6EF6ABFC9FB5FFF1D400062021F9105FAACA406D93A7
100C4116944482811A11127D16FBA89ECFFF6EF6ABFC9FB5FFF1D600062321F9105FAACA406D93A8
100BB116944B82811A11126D16FBB29ECFFF6EF6AAFC9FB5FE61DB00062521F9105FAACA406D93A9
100B9016945A8281121112CE16FBB19EBFFF6EF6AAFC9FB5FE71E500062721F9105FAACA406D93AA
100BBC16945A82811A11135A16FBBD9EBFFF6EF6ABFC9FB5FEB1E600062A21F9105FAACA406D93AB
100C3C16945882811A1113CF16FBC79EAFFF6EF6ABFC9FB5FED1E200062C21F9105FAACA406D93AC
100D4416945882811211141916FBC79EAFFF6EE6ABFC9FB5FEC1DD00062F21F9105FAACA406D93AD
100DEF16945882811A11144B16FBE19EAFFF6EE6AAFC9FB5FEC1DA00063121F9105FAACA406D93AE
100E4716945882811211147616FBE69E9FFF6EE6AAFC9FB5FEC1D800063421F9105FAACA406D93AF
100EB116945582811A1114B116FBF59E9FFF6ED6ABFC9FB58F71D600063721F9105FAACA406D93B0
100F0316945082811A1114E316FC0B9E7FFF6ED6ABFC9FB513D1D500063921F9105FAACA406D93B1
100F3516944F82811A1114FD16FC1B9E7FFF6EC6AAFC9FB50001D300063B21F9105FAACA406D93B2
100F5216944E82811211153116FC2A9E8FFF6EB6ABFC9FB40001D200063E21F9105FAACA406D93B3
100F7F16944E82811A11156716FC4A9E7FFF6EB6ABFC9FB40001D000063F21F9105FAACA406D93B4
100FB51694518281121115AA16FC649E6FFF6EB6AAFC9FB40091D000064121F9105FAACA406D93B5
100FEC16945382811A1115EC16FC879E6FFF6EA6AAFC9FB40061D100064421F9105FAACA406D93B6
10103516945382811211161716FCB39E5FFF6EA6ABFC9FB40031D200064521F9105FAACA406D93B7
10108D16945482811A11164D16FCD79E5FFF6EA6ABFC9FB40011D400064721F9105FAACA406D93B8
10112B16943C82811611168016FD019E4FFF6EA6AAFC9FB40021D400064821F9105FAACA406D93B9
1011D01694438281121116A716FD4A9E3FFF6EA6AAFC9FB40021D200064A21F9105FAACA406D93BA
10121D16945482811A1116E116FD869E3FFF6EA6ABFC9FB40031D100064B21F9105FAACA406D93BB
10128E16945882811211176D16FDD89E2FFF6EA6ABFC9FB40021D100064C21F9105FAACA406D93BC
10130F16945C82811211180916FE269E2FFF6EA6ABFC9FB40021D100064C21F9105FAACA406D93BD
10133016946282811A11187016FE709E1FFF6EA6ABFC9FB40021D200064E21F9105FAACA406D93BE
1012411694678281121118D416FEBF9E1FFF6EA6ABFC9FB40021D300064E21F9105FAACA406D93BF
10111C16946F82811A11197F16FF0D9E0FFF6EA6ABFC9FB40021D600064F21F9105FAACA406D93C0
1010261694758281121119E516FF5B9E0FFF6EA6AAFC9FB40021D700065021F9105FAACA406D93C1
100EA316947482811A1119F816FFAA9DFFFF6EB6AAFC9FB40021D700065121F9105FAACA406D93C2
100E1B169472828112111A0716FFF39DFFFF6EB6AAFC9FB40021D600065121F9105FAACA406D93C3
100DD616946F82811A111A3F17004D9DEFFF6EB6ABFC9FB40021D600065221F9105FAACA406D93C4
100D8C16947182811A111A8717009A9DDFFF6EB6ABFC9FB40021D400065221F9105FAACA406D93C5
100DB516946F828112111AB41700EA9DDFFF6EB6ABFC9FB40021D600065321F9105FAACA406D93C6
100DCB16946A828112111AD517013E9DDFFF6EC6ABFC9FB40031D700065321F9105FAACA406D93C7
100DC716946B82811A111AE617018F9DCFFF6EC6AAFC9FB40021D500065421F9105FAACA406D93C8
100E4916946D82811A111AEE1701F09DBFFF6ED6AAFC9FB40021D300065421F9105FAACA406D93C9
100F9F16946A828112111AFF1702419DBFFF6ED6ABFC9FB40021D300065421F9105FAACA406D93CA
1010CB16946C82811A111B091702989DAFFF6ED6ABFCAFB40021D400065521F9105FAACA406D93CB
1011D816946E82811A111B0F1702F89DAFFF6EE6AAFCBFB40021D500065521F9105FAACA406D93CC
1012DF169478828112111B1917035F9DAFFF6EE6AAFCBFB40021D400065521F9105FAACA406D83CD
10137416947582811A111B361703B99D9FFF6EF6ABFCBFB40021D200065621F9105FAACA406D93CE
10139E16947582811E111B6F1704179D9FFF6EF6ABFCBFB40021D000065621F9105FAACA406D93CF
1013B516947A828112111BB617047B9D8FFF6F06AAFCBFB40021CF00065721F9105FAACA406D93D0
10139316947F82811A111BF01704D99D7FFF6F16ABFCBFB40021CF00065721F9105FAACA406D93D1
10130616947B82811A111C131705329D7FFF6F16AAFCBFB40021CF00065721F9105FAACA406D93D2
1011ED16947B82811A111C2A1705919D7FFF6F26ABFCBFB40031CF00065821F9105FAACA406D93D3
10113616947C82811A111C3E1705F89D6FFF6F26AAFCBFB41DF1D000065821F9105FAACA406D93D4
10111316947C82811A111C5D17065E9D5FFF6F36AAFCBFB470F1D500065821F9105FAACA406D93D5
10113D16947F82811A111C881706CF9D5FFF6F36AAFCAFB48FC1DA00065821F9105FAACA406D93D6
10110D16948582811A111CAF17073D9D5FFF6F46ABFCBFB49071DB00065921F9105FAACA406D93D7
10109716948A828121111CD11707AE9D4FFF6F46AAFCBFB48CF1DA00065921F9105FAACA406D93D8
10107016948982811A111CEE17080E9D4FFF6F46AAFCBFB48BA1D900065A21F9105FAACA406D93D9
100FDA16948E82811A111D171708779D3FFF6F56AAFCBFB48BA1D900065A21F9105FAACA406D93DA
100EC1169498828121111D841708E49D3FFF6F56AAFCBFB48BD1D800065B21F9105FAACA406D93DB
100E8916949B82811A111DE81709339D2FFF6F56AAFCBFB48BD1D800065B21F9105FAACA406D93DC
100EA316949B828121111E0C1709A19D1FFF6F66AAFCBFB48BD1D700065B21F9105FAACA406D93DD
100EB316949482811A111E321709E59D1FFF6F66AAFCBFB48BD1D700065B21F9105FAACA406D93DE
100EAA169491828121111E5A170A1F9D1FFF6F66AAFCBFB48BD1D700065B21F9105FAACA406D93DF
100E90169487828121111E80170A539D1FFF6F66AAFCBFB48BD1D600065C21F9105FAACA406D93E0
100E4E16947E828121111E88170A829D0FFF6F66AAFCBFB47DA1D800065D21F9105FAACA406D93E1
100D5D169488828121111E4E170AB79CFFFF6F66AAFCBFB446E1DB00065C21F9105FAACA406D93E2
100BAA169497828121111E0F170AE29CFFFF6F66AAFC9FB43031E000065C21F9105FAACA406D93E3
100A9C1694A282811A111DA3170B0B9CFFFF6F66AAFC7FB42EE1E800065D21F9105FAACA406D93E4
1009D31694AD828125111BE4170B349CEFFF6F66AAFC6FB43131E800065D21F9105FAACA406D83E5
10085E1694B08281281119A6170B449CDFFF6F66AAFC6FB43221E200065D21F9105FAACA406D93E6
1007791694A6828121111834170B549CDFFF6F66AAFC6FB43231DC00065D21F9105FAACA406D93E7
10075F1694A1828121111714170B419CCFFF6F66AAFC7FB43221D900065E21F9105FAACA406D93E8
10072816949182812811157D170B209CCFFF6F56AAFC6FB43211D700065E21F9105FAACA406D93E9
10078B16948C828121111401170ADB9CBFFF6F56AAFC7FB43211D500065E21F9105FAACA406D93EA
100819169489828128111352170A8D9CBFFF6F56AAFC7FB43221D300065E21F9105FAACA406D93EB
1008121694838281211113FE170A299CAFFF6F56AAFC7FB41E71D200065F21F9105FAACA406D93EC
1007BA1694858281281114671709A69CAFFF6F56A9FC7FB404E1D100065F21F9105FAACA406D93ED
10075F16948782812811148E1709299C9FFF6F56AAFC7FB40001D000065F21F9105FAACA406D93EE
1007001694888281281114F517089B9C9FFF6F56A9FC7FB40001CD00066021F9105FAACA406D93EF
10066316948E82812811160F1707FD9C9FFF6F56A9FC7FB40001CB00065F21F9105FAACA406D93F0
1005AA1694918281281117D31707719C8FFF6F56A9FC7FB40031CD00065F21F9105FAACA406D93F1
10051416948A82812811197F1706D99C7FFF6F46A9FC7FB40031D100066021F9105FAACA406D93F2
1004FD169483828128111A941706539C7FFF6F46AAFC7FB40021D500066021F9105FAACA406D93F3
10051B169481828128111AA21705D99C7FFF6F46A9FC6FB40021D800066021F9105FAACA406D93F4
1004F3169482828128111A5A1705579C6FFF6F36AAFC7FB40021D900066021F9105FAACA406D93F5
1004C8169482828128111A101704D49C6FFF6F36A9FC7FB40021D800066121F9105FAACA406D93F6
1004CB16947E8281301119C91704569C6FFF6F26A9FC7FB40031D500066021F9105FAACA406D93F7
1004AE16947F8281281119931703DE9C5FFF6F26A9FC7FB40021D200066021F9105FAACA406D93F8
1004821694858281121119681703649C5FFF6F16A9FC7FB40021D000066021F9105FAACA406D93F9
10047516948382814311193D1702F39C5FFF6F16A9FC7FB40021CF00066121F9105FAACA406D83FA
10048616948582812811191E1702839C5FFF6F06AAFC7FB40021D500066021F9105FAACA406D93FB
1004DE1694818281281118FC1702279C4FFF6EF6AAFC7FB40021DD00066021F9105FAACA406D93FC
1004AB1694808281301118861701C19C4FFF6EE6A9FC7FB40021DF00066021F9105FAACA406D93FD
1004A01694858281301117FE1701629C4FFF6EE6A9FC7FB40021DC00066021F9105FAACA406D93FE
1004781694878281281117081701179C4FFF6ED6A9FC7FB40021D800066021F9105FAACA406D93FF
10044C16948A8281301116491700D09C3FFF6ED6AAFC7FB40021D500066021F9105FAACA406D9300
10041D1694898281281115AE17009A9C3FFF6EC6AAFC7FB40021D400066121F9105FAACA406D9301
10046516948782813011145B1700719C3FFF6EC6AAFC7FB40011D100066121F9105FAACA406D9302
1004DA16947F8281281112881700429C3FFF6EC6AAFC7FB40021CF00066121F9105FAACA406D9303
10054B16947F8281301110F81700089C3FFF6EB6AAFC7FB40021D000066021F9105FAACA406D9304
100594169485828128110F9C16FFCF9C3FFF6EC6AAFC7FB40021D200066121F9105FAACA406D9305
10052E16948A828130110E5C16FF909C3FFF6EB6AAFC7FB40021D500066121F9105FAACA406D9306
1004B5169489828128110C3616FF519C4FFF6EB6A9FC7FB40021D500066121F9105FAACA406D9307
10047416948E828130110B0F16FF029C4FFF6EC6AAFC7FB40011D600066121F9105FAACA406D9308
1003EE169495828128110B0B16FEB99C4FFF6EC6AAFC6FB40021D900066121F9105FAACA406D9309
100329169497828130110BA216FE7F9C4FFF6EC6A9FC7FB40021DB00066221F9105FAACA406D930A
1002F9169499828130110C7B16FE4C9C4FFF6EC6A9FC7FB40021DC00066221F9105FAACA406D930B
10033E169494828128110D6716FE319C5FFF6ED6AAFC7FB40021DB00066221F9105FAACA406D930C
10031E169491828128110E4916FE179C5FFF6ED6A9FC7FB40021DA00066221F9105FAACA406D930D
1002D016949482812D110DE816FE029C5FFF6ED6A9FC7FB40011D800066221F9105FAACA406D930E
100261169496828130110CB916FDFE9C5FFF6EE6A9FC7FB40021D500066321F9105FAACA406D930F
100238169493828130110C1716FDF29C5FFF6EE6A9FC7FB40021D400066321F9105FAACA406D9310
10024B169492828128110C0716FDF29C6FFF6EF6A9FC7FB40021D600066321F9105FAACA406D9311
10027C169491828130110C5C16FDF79C6FFF6EF6A9FC7FB40021D800066321F9105FAACA406D9312
100290169491828128110CF016FDEE9C7FFF6EF6A9FC7FB40021D800066321F9105FAACA406D9313
1002AD169491828130110DA516FDE29C7FFF6F06A9FC8FB50011D800066421F9105FAACA406D9314
1002AD169491828130110E6416FDE89C8FFF6F16A9FC9FB50021D700066321F9105FAACA406D9315
1002A2169491828128110F2216FDDD9C8FFF6F16A9FC9FB50021D700066421F9105FAACA406D9316
1002C516948B828130110FDD16FDC59C9FFF6F16A9FC9FB60021D900066421F9105FAACA406D9317
1002D916948E82812811108F16FDBE9C9FFF6F26A9FC9FB60021DB00066421F9105FAACA406D9318
1002F91694918281301110E116FDA39C9FFF6F26A8FC9FB50021DA00066521F9105FAACA406D9319
10031616949182812811108B16FD999CAFFF6F36A8FC9FB50021D700066521F9105FAACA406D931A
10030E16949482813011101716FD819CBFFF6F36A8FC8FB50031D700066521F9105FAACA406D931B
10031E169499828130110F8F16FD749CBFFF6F36A9FC9FB629F1D600066621F9105FAACA406D931C
10032116949E828128110F7816FD5F9CCFFF6F36A8FC9FB570D1D400066621F9105FAACA406D931D
10032516949E828130110F8716FD509CCFFF6F46A9FC9FB68661D300066721F9105FAACA406D931E
10033B1694A3828130110FAA16FD459CDFFF6F46A9FC9FB68541D200066721F9105FAACA406D931F
1003A11694A2828130110FE816FD2D9CDFFF6F46A9FC9FB68251D300066721F9105FAACA406D9320
10042016949D82812811102216FD219CEFFF6F46A8FC9FB68161D500066721F9105FAACA406D9321
10047F16949B82812D11104216FD169CEFFF6F46A9FC9FB68171D500066821F9105FAACA406D9322
1004FB16949482813011105916FD069CFFFF6F46A8FC9FB58191D200066821F9105FAACA406D9323
10062D16949182812811106816FCFF9D0FFF6F46A9FC9FB68191D000066921F9105FAACA406D9324
10075F16949182813011104216FCFC9D0FFF6F46A9FC9FB68191D000066921F9105FAACA406D9325
100803169491828128110FD916FCF19D1FFF6F46A8FC9FB58191CF00066A21F9105FAACA406D9326
1008B6169495828130110FC516FCEC9D2FFF6F46A8FC9FB581A1CF00066A21F9105FAACA406D9327
10086916949D828130110FF016FCEC9D2FFF6F46A9FC9FB681A1D100066B21F9105FAACA406D9328
10078B1694A082813011107816FCE49D3FFF6F46A8FC9FB54D51D000066B21F9105FAACA406D9329
1007711694A082813011117C16FCDC9D3FFF6F46A8FC9FB61551CD00066B21F9105FAACA406D932A
1007801694A082812811128A16FCD29D4FFF6F46A8FC9FB60801CD00066C21F9105FAACA406D932B
1007E61694A082813011132416FCC89D5FFF6F46A8FC9FB60A11D000066D21F9105FAACA406D932C
1008FB16949A8281301113B016FCBD9D5FFF6F46A8FC9FB60C71D100066D21F9105FAACA406D932D
10096116949382813011153D16FCAB9D6FFF6F46A8FC9FB50D01D100066E21F9105FAACA406D932E
1009F416949182813011171816FCA39D7FFF6F46A8FC9FB50D01D100066E21F9105FAACA406D932F
1009E516949182813011181F16FC989D7FFF6F46A8FC9FB50CD1D200066F21F9105FAACA406D9330
1009C416949182813011184016FC8E9D8FFF6F56A8FC9FB50CD1D300066F21F9105FAACA406D9331
1009DA16949482813011186F16FC799D9FFF6F56A8FC9FB60CD1D400066F21F9105FAACA406D9332
1009AA1694998281301118C916FC799D9FFF6F66A8FC9FB60CE1D300067021F9105FAACA406D9333
1009E516949C82813711192A16FC6D9D9FFF6F76A8FC9FB50701D100067121F9105FAACA406D9334
100A0B16949C8281301118CC16FC5A9DAFFF6F86A8FC9FB60101D400067121F9105FAACA406D9335
1009AA1694A282811A1117AA16FC549DBFFF6F96A8FC9FB50001DB00067221F9105FAACA406D9336
100A611694A58281431116F816FC459DBFFF6FA6A8FC9FB60001DF00067321F9105FAACA406D9337
100C9F16949A82813711168B16FC359DCFFF6FC6A8FC9FB60011E000067321F9105FAACA406D9338
100D8216949D8281371115A316FC2E9DDFFF6FD6A8FC9FB60021DE00067321F9105FAACA406D9339
100DC01694A082813011152116FC259DDFFF6FE6A8FC9FB50021DB00067421F9105FAACA406D933A
100E161694A182813711150616FC209DEFFF6FF6A8FC9FB50021D700067521F9105FAACA406D933B
100F391694A182813011150616FC259DFFFF7006A8FC9FB50021D400067521F9105FAACA406D933C
1010091694A38281371114B116FC2A9DFFFF7016A8FC9FB60021D100067621F9105FAACA406D933D
1011081694A982813711145E16FC359E0FFF7036A8FC9FB50021CF00067621F9105FAACA406D933E
1011621694AB8281301113FA16FC3E9E0FFF7036A8FC9FB50021D100067621F9105FAACA406D933F
1011991694AE82813711137516FC4A9E1FFF7046A8FC9FB60021D500067721F9105FAACA406D9340
1012A41694B38281371112BF16FC4A9E1FFF7056A8FC9FB60021D900067821F9105FAACA406D9341
10149F1694B282813F1111E516FC4A9E2FFF7066A8FC9FB60021DB00067821F9105FAACA406D9342
1015311694B48281371110F816FC4A9E3FFF7076A8FC9FB60021DA00067821F9105FAACA406D9343
1015091694B282813711100B16FC459E3FFF7076A8FCAFB70021D800067921F9105FAACA406D9344
10141A1694AD828137110F0316FC3E9E4FFF7086A8FCBFB80021D600067A21F9105FAACA406D9345
1013301694B2828130110F8316FC4A9E4FFF7086A8FCBFB80021D400067A21F9105FAACA406D9346
1013691694B582814611110016FC549E5FFF7086A8FCBFB80021D300067B21F9115FAACA416D9347
1013CD1694B58281371112D216FC699E5FFF7096A8FCBFB80021D200067B21F9115FAACA406D9348
10142A1694B282813F1112FD16FC7E9E6FFF7096A8FCAFB80021D200067B21F9115FAACA406D9349
10141A1694B182813B11111716FC969E6FFF7096A8FCBFB80021D600067C21F9115FAACA406D934A
1014091694A882813F110F3616FCA39E7FFF70A6A8FCBFB80031D900067D21F9115FAACA406D934B
1014381694A582813F110DB916FCBD9E7FFF70A6A8FCAFB80021D900067E21F9115FAACA406D934C
10146F1694A9828137110C7F16FCD29E7FFF70A6A8FCBFB80021D700067F21F9115FAACA406D934D
1014641694A382813F110B6416FCE29E8FFF70A6A8FCBFB80021D700067F21F9115FAACA406D934E
1014301694A382813F110A5516FCFF9E9FFF70A6A8FCBFB80011D700068021F9115FAACA406D934F
10141016949F82813F11095A16FD119EAFFF70A6A8FCBFB80021D500068021F9115FAACA406D9350
10143F16949882814611088C16FD2B9E9FFF70A6A8FCBFB80021D100068021F9115FAACA406D9351
10144016949382813F1107DB16FD3B9EAFFF70A6A8FCBFB80021CD00068121F9115FAACA406D9352
10146F16949882813F11074516FD459EAFFF70A6A8FCBFB80021CD00068121F9115FAACA406D9353
1014D91694988281461106C816FD5C9EAFFF7096A8FCAFB80021D000068221F9115FAACA406D9354
10152316949982813F11065C16FD6A9EBFFF7096A8FCBFB80021D000068221F9115FAACA406D9355
10153416949E8281461105F716FD849EBFFF7096A8FCBFB80021CE00068321F9115FAACA406D9356
10151F16949682813F11059716FD949EBFFF7086A8FCBFB80031CC00068321F9115FAACA406D9357
10152D16948E82814611053916FDB09EBFFF7086A8FCBFB80021CA00068321F9115FAACA406D9358
10153C16948C8281461104D916FDB39EBFFF7076A8FCAFB80021C900068421F9115FAACA406D9359
10151E16948982813F11048A16FDC39ECFFF7066A8FCBFB80011C700068421F9115FAACA406D935A
1014E116948A82814611043716FDD39ECFFF7056A8FCBFB80021C700068421F9115FAACA406D935B
10151B16948F8281461103DB16FDD49ECFFF7056A8FCBFB70021C700068421F9115FAACA406D935C
10157D16949482814311038916FDDD9ECFFF7046A8FCBFB50021C600068421F9115FAACA406D935D
10159516949682814611033C16FDE89ECFFF7036A8FCBFB50021C500068321F9115FAACA406D935E
1015BF16949D8281461102DF16FDF29ECFFF7036A8FCAFB50021C400068321F9105FAACA416D935F
1015AE1694A882814611028916FDFE9ECFFF7026A8FCBFB50011C400068221F9105FAACA406D9360
10163B1694BA82814611022E16FE219ECFFF7026A8FCBFB50021C500068221F9105FAACA406D9361
10177A1694CA8281461101D316FE469ECFFF7016A8FCAFB50021C500068121F9105FAACA406D9362
10190B1694DA82814611017E16FE659ECFFF7016A8FCBFB50031C500068021F9105FAACA406D9363
101A5F1694E582813F11012016FE8B9ECFFF7016A8FCBFB50021C500067F21F9105FAACA406D9364
1019961694F48281461100B416FEB49ECFFF7006A7FCBFB50021C500067E21F9105FAACA406D9365
1019331694F882814611005416FECE9ECFFF6FF6A8FCAFB50021C500067C21F9105FAACA406D9366
10184616950E82814611000216FEF39ECFFF6FF6A7FCBFB50021C500067B21F9105FAACA406D9367
10189316952282814610FFC416FF189EBFFF6FE6A7FCBFB50021C600067821F9105FAACA406D9368
1019EA16952D82814610FF8716FF3C9EBFFF6FE6A7FCBFB50021C600067621F9105FAACA406D9369
101B0E16953F82814610FF5716FF5B9EBFFF6FD6A8FCAFB50011C500067321F9105FAACA406D936A
101BCA16955082813F10FF2916FF769EBFFF6FD6A7FCBFB50021C400067121F9105FAACA406D936B
101D3C16956B82814610FEFA16FF9A9EBFFF6FC6A7FCBFB50021C400066D21F9105FAACA406D936C
101E7316957082813F10FEC716FFBA9EBFFF6FC6A7FCBFB50021C500066B21F9105FAACA406D936D
101E3916956E82814610FE9216FFCE9EBFFF6FB6A7FCBFB50021C600066721F9105FAACA406D936E
101E1816957382813F10FE6316FFF39EBFFF6FA6A7FCBFB50031C800066421F9105FAACA406D936F
101F0A16957B82814310FE481700139EBFFF6F96A7FCBFB500D1C800066021F9105FAACA406D9370
101F7416957D82813F10FE251700329EBFFF6F86A7FCAFB54A11C800065C21F9105FAACA406D9371
101F9916958082813F10FDE71700579EBFFF6F76A7FCBFB57EB1C700065921F9105FAACA406D9372
101F5716957F82813F10FEB81700769EAFFF6F66A7FCBFB58831C500065521F9105FAACA406D9373
101F0D16957D82813711015617009A9EAFFF6F56A7FCBFB58521C400065021F9105FAACA406D9374
101ED616958082813F1103091700B59EAFFF6F46A7FC9FB78301C400064D21F9105FAACA406D9375
101EE516958A82813F11033C1700D09EAFFF6F36A7FC9FB88281C500064921F9105FAACA406D9376
101EF016959882813F11049D1700E89EAFFF6F26A7FC9FB882A1C600064621F9105FAACA406D9377
101EB216959A8281371105E41700FF9EAFFF6F26A7FC9FB882C1C600064321F9105FAACA406D9378
101DBC1695A28281371107841701129EAFFF6F16A7FC9FB882C1C600064021F9105FAACA406D9379
101CF61695A3828137110A0C1701239EAFFF6F06A7FC9FB882C1C500063D21F9105FAACA406D937A
101D7616959E828130110DE01701389EAFFF6EF6A7FC9FB882D1C500063A21F9105FAACA406D937B
101DD216959182813711107C17013C9EAFFF6EF6A7FC9FB882C1C600063821F9105FAACA406D937C
101DCB1695858281301111A71701439EBFFF6EE6A7FC9FB87691C600063621F9105FAACA406D937D
101DB516957B8281371113AC1701489EAFFF6EE6A7FC9FB844C1C600063421F9105FAACA406D937E
101CF61695718281301114241701569EBFFF6ED6A7FC9FB82FB1C500063221F9105FAACA406D937F
101C0F1695668281301113911701589EBFFF6ED6A7FC9FB82E61C500063221F9105FAACA406D9380
101BA516956382813011118417015B9EBFFF6ED6A7FC9FB83081C700063121F9105FAACA406D9381
101B8C169565828130110F871701629EBFFF6ED6A7FC9FB83161C900063021F9105FAACA406D9382
101B4D1695608281281111A717016D9EBFFF6EC6A7FC9FB83171CA00063021F9105FAACA406D9383
101A7216956182812D11168017017B9EBFFF6EC6A7FC9FB83151CA00063121F9105FAACA406D9384
101963169558828128111ACB1701829ECFFF6EC6A7FC9FB83151CB00063221F9105FAACA406D9385
10187D169551828128111D3E1701809ECFFF6ED6A7FC9FB83151CB00063221F9105FAACA406D9386
1017AC16954C828128111F5A1701879ECFFF6ED6A7FC9FB73161C900063421F9105FAACA406D9387
10171A16954A8281211121A617017D9ECFFF6ED6A7FC9FB82611C700063421F9105FAACA406D9388
10177516954D8281281122E51701859EDFFF6ED6A7FC9FB81321C600063621F9105FAACA406D9389
1017FD1695488281211123B81701829EDFFF6EE6A7FC9FB80D61C600063821F9105FAACA406D938A
10178516954A8281211124401701859EDFFF6EE6A6FC9FB80DB1C700063A21F9105FAACA406D938B
10161E16955282812111246317017D9EDFFF6EE6A6FC9FB80E81CA00063C21F9105FAACA406D938C
1015261695578281211123FA17017D9EDFFF6ED6A7FC9FB70EC1CC00063D21F9105FAACA406D938D
10153C16955982811A1123AF17017B9EEFFF6ED6A6FC9FB70EB1CC00063F21F9105FAACA406D938E
10158C16955C8281211123A017017D9EEFFF6ED6A7FC9FB70EB1CC00064121F9105FAACA406D938F
10151016954782811A11238117017B9EEFFF6EC6A7FC9FB70EB1CD00064321F9105FAACA406D9390
10146C16954382811A1123711701779EFFFF6EB6A7FC9FB70EB1CE00064421F9105FAACA406D9391
10143416953982811A11232B17017D9EFFFF6EB6A6FC9FB70EB1CC00064721F9105FAACA406D9392
1013F316953C82811211232D17018A9EFFFF6EA6A6FC9FB70EB1CB00064821F9105FAACA406D9393
1013A116953982811A1123811701879EFFFF6EA6A7FC9FB74ED1CA00064A21F9105FAACA406D9394
10138616953682811211239417018A9EFFFF6E96A7FC9FB7D821CA00064B21F9105FAACA406D9395
10136716953282811211235A1701929F0FFF6E96A6FC9FB7FFF1C900064D21F9105FAACA406D9396
1012DE1695308281121122BE1701929F0FFF6E96A6FC9FB7FFF1CA00064E21F9105FAACA406D9397
10126D16953082810B11212C17018A9F0FFF6E96A6FC9FB7FFE1CB00065021F9105FAACA406D9398
10128E16953382810311200D17018C9F0FFF6E96A7FC9FB7FDF1CB00065221F9105FAACA406D9399
10129216952A82811E111F111701809F1FFF6E86A6FC9FB7FDF1CB00065421F9105FAACA406D939A
1012C516952682810B111E551701879F1FFF6E96A7FC9FB7FE31CA00065521F9105FAACA406D939B
10132716952082810B111E6D17018C9F1FFF6E96A6FC9FB7FE51C900065621F9105FAACA406D939C
10136A16951D82810B111E9F17018A9F1FFF6E96A6FC9FB7FE51C900065821F9105FAACA406D939D
10136116951F82810B111E711701779F1FFF6E96A7FC9FB7FE51CB00065921F9105FAACA406D939E
101379169521828103111E4E1701759F1FFF6E96A7FC9FB7FE51CD00065B21F9105FAACA406D939F
1013B216951E82810B111E3617016D9F2FFF6EA6A6FC9FB79571CE00065D21F9105FAACA406D93A0
1013E316951C82810B111E0C1701589F2FFF6EA6A6FC9FB71661CD00065F21F9105FAACA406D93A1
1013F316951F828103111DA517013C9F2FFF6EB6A6FC9FB70001CD00066021F9105FAACA406D93A2
1013D5169521828103111D941701299F2FFF6EB6A7FC9FB70001CE00066221F9105FAACA406D93A3
1013C4169521828103111D991700FF9F2FFF6EC6A6FC9FB70001CF00066521F9105FAACA406D93A4
1013CA16951E828103111D8C1700DE9F3FFF6ED6A6FC9FB70091CE00066721F9105FAACA406D93A5
1013D2169518828103111D941700C09F3FFF6ED6A7FC9FB70061CD00066A21F9105FAACA406D93A6
1013E716951A828103111DB91700909F3FFF6EE6A6FC9FB70021CD00066D21F9105FAACA406D93A7
1013F3169514828103111DD617006C9F3FFF6EF6A7FC9FB70011CD00066F21F9105FAACA406D93A8
1013D1169514828103111E161700329F3FFF6EF6A6FC9FB70021CE00067221F9105FAACA406D93A9
10139F16951E8280FC111EAB16FFE99F3FFF6F06A7FC9FB70021CF00067521F9105FAACA406D93AA
101330169521828103111F7216FF859F4FFF6F16A6FC9FB70031CE00067721F9105FAACA406D93AB
1012C116952182810311202216FF179F4FFF6F16A7FC9FB70021CD00067A21F9105FAACA406D93AC
1012EA1695228281031120CC16FEBE9F4FFF6F26A7FC9FB70021CA00067D21F9105FAACA406D93AD
1013271692EF8280FC11215816FE7B9F4FFF6F26A7FC9FB70021C900068021F9105FAACA406D93AE
10133B1673ED8281031121E816FE4B9F4FFF6F26A6FC9FB70021C700068221F9105FAACA406D93AF
10135C1682BC82810311226116FE119F3FFF6F36A7FC9FB70021C800068521F9105FAACA406D93B0
1013C01691408281001122CE16FDE89F4FFF6F36A6FC9FB70021C700068821F9105FAACA406D93B1
1013C216938582810311233716FDF99F4FFF6F36A6FC9FB70021C600068A21F9105FAACA406D93B2
1013FB1694B282810311236216FE319F5FFF6F36A7FC9FB70021C600068D21F9105FAACA406D93B3
10140416951182810311237016FE469F4FFF6F36A6FC9FB70021C700069021F9105FAACA406D93B4
1014261695118280FC11238D16FE329F5FFF6F36A7FC9FB70021C700069221F9105FAACA406D93B5
10138816951D82810B11239816FE369F5FFF6F36A6FC9FB70021C700069521F9105FAACA406D93B6
1012C11695288281031123AC16FE659F5FFF6F36A6FC9FB70031C700069721F9105FAACA406D93B7
10129216952E8281031123DB16FEAF9F5FFF6F36A6FC9FB70021C700069A21F9105FAACA406D93B8
10127C16952D82810311242C16FECF9F5FFF6F36A6FC9FB70021C700069C21F9105FAACA406D93B9
10123616953082810B11244316FEC99F5FFF6F36A6FC9FB70021C700069E21F9105FAACA406D93BA
1011C516952D82810311245B16FEA49F5FFF6F36A6FC9FB70011C80006A021F9105FAACA406D93BB
10116216952E82810311249A16FE859F5FFF6F36A6FC9FB70021C90006A221F9105FAACA406D93BC
1010FF16953382810B1124D016FE5C9F5FFF6F26A6FC9FB70021CA0006A321F9105FAACA406D93BD
10109E16953582810B1124FB16FE469F5FFF6F26A6FC9FB50021C90006A521F9105FAACA406D93BE
100FC016953882810B11250716FE369F5FFF6F26A6FC9FB60021C80006A621F9105FAACA406D93BF
100F2E16953D82810B11252A16FE369F5FFF6F16A6FC9FB60021C70006A821F9105FAACA406D93C0
100F4416953C82810B11254A16FE2D9F5FFF6F16A6FCAFB60021C90006A821F9105FAACA406D93C1
100EAA16954082811211256416FE269F5FFF6F16A6FCAFB60021CB0006A921F9105FAACA406D93C2
100DEC16953982810B11258F16FE1C9F5FFF6F16A6FC9FB50021CA0006A921F9105FAACA406D93C3
100D0916953C82811211258B16FE189F4FFF6F16A6FCAFB60021C80006AA21F9105FAACA406D93C4
100C0B16953C82811211253616FE219F4FFF6F06A6FC9FB50021C70006AA21F9105FAACA406D93C5
100BAE16953A8281121124B916FE219F5FFF6F06A6FC9FB60021C70006AB21F9105FAACA406D93C6
100B6116954282811211243C16FE319F4FFF6F06A6FC9FB60021C70006AB21F9105FAACA406D93C7
1006E316956B8281161123B416FE4C9F4FFF6EF6A6FCAFB60021C70006AB21F9105FAACA406D93C8
10052316956D82811211231A16FE5B9F4FFF6EF6A6FCAFB60021C60006AB21F9105FAACA406D93C9
10044116956582811A11229F16FE759F3FFF6EF6A6FCAFB60021C60006AA21F9105FAACA406D93CA
10006616957882811A11222616FE8A9F3FFF6EE6A6FC9FB50021C70006AA21F9105FAACA406D93CB
0FFF7716958982811A1121DC16FE8B9F3FFF6EE6A6FCAFB60021C90006A921F9105FAACA406D93CC
10011216957282811A11219216FE9A9F2FFF6EE6A6FCAFB60021C90006A821F9105FAACA406D93CD
1002E216954E82812111215016FE9F9F2FFF6ED6A6FC9FB50021C90006A721F9105FAACA406D93CE
1004531695398281211120EB16FEA99F1FFF6ED6A6FCAFB60021C90006A621F9105FAACA406D93CF
10057E16953C82811A11206516FEAA9F1FFF6EC6A6FCAFB61451C80006A421F9105FAACA406D93D0
100704169538828121111FCF16FEAF9F1FFF6EC6A6FCAFB63D51C80006A321F9105FAACA406D93D1
10077C16953C828121111F6616FEAF9F0FFF6EB6A6FCAFB54AD1CA0006A121F9105FAACA406D93D2
10084816954E828128111F1816FEB59EFFFF6EA6A6FC9FB54A91CA0006A021F9105FAACA406D93D3
10090A169561828121111EEA16FEAF9EFFFF6EA6A6FC9FB648D1C800069E21F9105FAACA406D93D4
10096116955D828121111F1116FEA49EEFFF6E96A6FCAFB64841C500069D21F9105FAACA406D93D5
1009DA16954A828128111F7216FE9F9EEFFF6E86A6FC9FB54851C400069B21F9105FAACA406D93D6
100C7716953D828128111FB016FE8B9EDFFF6E76A6FC9FB54861C400069921F9105FAACA406D93D7
100DF6169542828128111FCF16FE7F9EDFFF6E66A6FC9FB54861C500069721F9105FAACA406D93D8
100D4316954C828128111FE416FE5B9ECFFF6E56A6FC9FB54861C600069521F9105FAACA406D93D9
100C73169552828128111FF616FE509EBFFF6E56A6FC9FB54861C700069421F9105FAACA406D93DA
100BFA16955182813011200616FE379EBFFF6E46A6FC9FB54871C600069321F9105FAACA406D93DB
100C3116954382812811200716FE2C9EAFFF6E36A6FC9FB54871C600069121F9105FAACA406D93DC
100C9C16953682812D111FDB16FE179EAFFF6E26A6FC9FB54861C600068F21F9105FAACA406D93DD
100CC0169531828130111FB016FDF79E9FFF6E16A6FC9FB52FA1C700068E21F9105FAACA406D93DE
100C94169529828130111F4016FDDF9E8FFF6E16A6FC9FB51941C800068C21F9105FAACA406D93DF
100CC3169526828130111F6E16FDC89E8FFF6E16A6FC9FB51471C800068A21F9105FAACA406D93E0
100D5916952982813011208216FDA39E7FFF6E16A6FC9FB51571C700068A21F9105FAACA406D93E1
100DB416952882813011212C16FD899E7FFF6E16A6FC9FB51661C600068821F9105FAACA406D93E2
100E2D16952382813011212516FD679E7FFF6E26A6FC9FB516A1C500068621F9105FAACA406D93E3
100F1016951282813011212D16FD3B9E6FFF6E26A6FC9FB51691C500068621F9105FAACA406D93E4
100FCF16950D82813711212116FD169E5FFF6E26A6FC9FB51691C400068521F9105FAACA406D93E5
100FF016951082813011210E16FCE79E5FFF6E26A6FC9FB51691C300068421F9105FAACA406D93E6
100FAA1695198281301120DF16FCC89E5FFF6E26A6FC9FB51691C200068221F9105FAACA406D93E7
100FB516951C8281371120B516FCAB9E5FFF6E26A6FC9FB50D31C200068221F9105FAACA406D93E8
100FF016951C8281301120A316FC8E9E4FFF6E26A6FC9FB50211C200068121F9105FAACA406D93E9
10106516952782813711209916FC799E4FFF6E26A6FC9FB50001C300068021F9105FAACA406D93EA
10108C16952B82813011206F16FC749E4FFF6E26A6FC9FB50001C200068021F9105FAACA406D93EB
1010B216953282813711203616FC649E4FFF6E16A6FC9FB50011C300067F21F9105FAACA406D93EC
10107416954182813711200216FC589E4FFF6E16A6FC9FB50021C700068021F9105FAACA406D93ED
101040169546828130111FB016FC4A9E4FFF6E16A6FCAFB50021C700067F21F9105FAACA406D93EE
100F9416954D828137111EFD16FC3A9E4FFF6E06A6FCBFB60021C600067F21F9105FAACA406D93EF
100FA316954F828130111EA416FC259E3FFF6DF6A6FCBFB50021C500067F21F9105FAACA406D93F0
10107A169540828134111E5116FC019E3FFF6DE6A6FCBFB60011C400068021F9105FAACA406D93F1
1012B316951F828137111E0C16FBE69E3FFF6DE6A6FCAFB50021C300068021F9105FAACA406D93F2
10159716950B828130111DDD16FBD59E3FFF6DD6A6FCAFB50031C200068121F9105FAACA406D93F3
1018911694FC828137111DBD16FBE19E3FFF6DC6A6FCBFB60021C300068221F9105FAACA406D93F4
101A6A169503828130111D9416FC1B9E3FFF6DC6A6FCBFB60021C300068321F9105FAACA406D93F5
101B9A169508828137111D6716FC649E3FFF6DB6A6FCAFB60011C300068521F9105FAACA406D93F6
101BF6169508828130111D3616FCBD9E4FFF6DB6A6FCAFB50021C300068521F9105FAACA406D93F7
101BE0169512828130111CF116FD099E4FFF6DB6A6FCBFB50021C300068621F9105FAACA406D93F8
101BA516951A828130111C8B16FD559E4FFF6DB6A6FCBFB60021C200068821F9105FAACA406D93F9
101B7616952B828137111C1B16FD999E4FFF6DA6A6FCAFB50021C100068921F9105FAACA406D93FA
101BAD16953F828130111BA616FDCD9E5FFF6DA6A6FCBFB60021C300068A21F9105FAACA406D93FB
101D85169550828128111B4016FDFC9E5FFF6DA6A6FCBFB60021C600068B21F9105FAACA406D93FC
101ED616954D828130111AE016FE289E5FFF6DA6A6FCBFB60021C800068C21F9105FAACA406D93FD
101DD616954A828130111A8116FE5B9E5FFF6DA6A6FCAFB50021C700068D21F9105FAACA406D93FE
101C8C169544828130111A2616FE7F9E5FFF6DA6A6FCBFB60021C600068F21F9105FAACA406D93FF
101C1A16954F8281281119C216FEAF9E5FFF6DA6A6FCBFB50021C400068F21F9105FAACA406D9300
101A3B16956F82813011193D16FEDE9E6FFF6DA6A6FCBFB60021C300069021F9105FAACA406D9301
10194D16957582812811188B16FF089E6FFF6DB6A6FCAFB60021C100069121F9105FAACA406D9302
1019881695648281301117B716FF4C9E6FFF6DB6A6FCBFB50011C100069221F9105FAACA406D9303
1019191695668281211116D916FFA59E6FFF6DB6A6FCBFB60021C100069221F9105FAACA406D9304
10183B16956982812111160C16FFEE9E6FFF6DC6A6FCBFB60021C200069321F9105FAACA406D9305
10182516956582813411155817002D9E6FFF6DD6A6FCAFB60021C300069421F9105FAACA406D9306
1016661695728281281114B817006B9E6FFF6DE6A6FC9FB70021C200069521F9105FAACA406D9307
1016291695678281281114211700A69E6FFF6DF6A6FC9FB70021C300069521F9105FAACA406D9308
1016E71695588281281113891700CE9E7FFF6DF6A6FC9FB70021C500069621F9105FAACA406D9309
1015FF16956382812111130E1700F49E7FFF6E16A6FC9FB70011CB00069721F9105FAACA406D930A
1014B516957B8281281112AF1701199E7FFF6E16A6FC9FB70021CD00069721F9105FAACA406D930B
1013D816958282812111125A17013C9E7FFF6E26A6FC9FB70021CD00069821F9105FAACA406D930C
10132E16958282812111124E17014D9E7FFF6E36A6FC9FB70021CB00069921F9105FAACA406D930D
1012AC16958582812111133B1701729E7FFF6E46A6FC9FB70021C800069921F9105FAACA406D930E
10125716952F82812111148A1701809E7FFF6E56A6FC9FB70011C700069A21F9105FAACA406D930F
1012071693F18281211115F017018C9E7FFF6E56A5FC9FB70021C700069B21F9105FAACA406D9310
1011E616950782812111177C17019A9E6FFF6E66A6FC9FB70021C600069C21F9105FAACA406D9311
10123616957F82811A1118C01701A19E5FFF6E76A6FC9FB70021C400069D21F9105FAACA406D9312
1012A416957A82812111196C1701A79E5FFF6E76A6FC9FB70021C400069E21F9105FAACA406D9313
1012DE16957582811A11198F17019F9E5FFF6E86A6FC9FB70021C500069F21F9105FAACA406D9314
10130716957382812111195117018C9E5FFF6E86A6FC9FB70021C30006A021F9105FAACA406D9315
10130A16957382811A1118C51701759E5FFF6E96A6FC9FB70011C20006A021F9105FAACA406D9316
1012C516957382811A11189D1701539E5FFF6E96A6FC9FB70031C20006A121F9105FAACA406D9317
10129916957382811A1118FB1701389E4FFF6E96A6FC9FB70021C10006A221F9105FAACA406D9318
10126D16957382811A1119591701129E4FFF6E96A5FC9FB70021C00006A321F9105FAACA406D9319
10124C16957882811A1119A61700DF9E3FFF6EA6A6FC9FB70BF1C20006A321F9105FAACA406D931A
10121D1695798281161119BD1700B99E3FFF6EA6A6FC9FB71571C60006A321F9105FAACA406D931B
1011E216958382811A1119D91700819E2FFF6EA6A6FC9FB71751C70006A421F9105FAACA406D931C
1011B716958082811A111A5E17005C9E2FFF6EA6A6FC9FB716D1C60006A521F9105FAACA406D931D
1011C1169580828112111B6417002C9E2FFF6EB6A5FC9FB71661C50006A521F9105FAACA406D931E
1011E216958582811A111BE016FFFE9E1FFF6EB6A5FC9FB71651C30006A521F9105FAACA406D931F
10114D169593828112111BF416FFD49E1FFF6EA6A6FC9FB71651C40006A521F9105FAACA406D9320
1010F7169594828112111C1716FF9A9E1FFF6EA6A6FC9FB71661C40006A521F9105FAACA406D9321
1010F416958F82811A111C3A16FF6B9E0FFF6EA6A6FC9FB71661C20006A621F9105FAACA406D9322
1010EE169590828112111C5916FF379E0FFF6EA6A6FC9FB71671C20006A621F9105FAACA406D9323
10109C16959382811A111C8416FEF89DFFFF6EA6A6FC9FB70CD1C40006A621F9105FAACA406D9324
10104316959D828112111D2416FED49DFFFF6EA6A6FC9FB701E1C50006A721F9105FAACA406D9325
100F5D1695A4828112111DED16FEA99DFFFF6EA6A6FC9FB70001C50006A721F9105FAACA406D9326
100E521695AD828112111E7516FE859DFFFF6EA6A6FC9FB70001C50006A721F9105FAACA406D9327
100DD21695A9828112111EF516FE669DFFFF6E96A6FC9FB70011C60006A721F9105FAACA406D9328
100DA91695A382811A111F6616FE469DFFFF6E96A6FC9FB70021C60006A721F9105FAACA406D9329
100D6F1695A1828112111FB416FE319DEFFF6E96A6FC9FB70021CA0006A721F9105FAACA406D932A
100D141695A1828112111FF316FE1C9DEFFF6E86A6FC9FB70021D30006A721F9105FAACA406D932B
100CC31695A182811211201D16FE0E9DEFFF6E86A6FC9FB70021DC0006A721F9105FAACA406D932C
100CA21695A482811211203816FE029DEFFF6E86A6FC9FB70021DD0006A721F9105FAACA406D932D
100C7C1695A082811211204D16FE029DEFFF6E76A6FC9FB70011D70006A721F9105FAACA406D932E
100C2D1695A482811A11205B16FDFC9DEFFF6E76A6FC9FB70021D10006A721F9105FAACA406D932F
100B021695B282811211206716FDEE9DEFFF6E76A6FC9FB70021CE0006A721F9105FAACA406D9330
1008AF1695BD82810F11206D16FDF79DEFFF6E76A6FC9FB70021CD0006A721F9105FAACA406D9331
1006B01695CB82811A11207216FDED9DDFFF6E66A6FC9FB70011CA0006A721F9105FAACA406D9332
1004CB1695C482811211207616FDE29DEFFF6E66A6FC9FB70021C90006A821F9105FAACA406D9333
1004691695B482811211207C16FDDF9DEFFF6E66A6FC9FB70021C80006A721F9105FAACA406D9334
10050B1695B082811A11208616FDD39DEFFF6E66A6FC9FB70021C60006A821F9105FAACA406D9335
1006931695B482811211208A16FDBE9DEFFF6E76A6FC9FB70021C50006A821F9105FAACA406D9336
1005641695BD82811A11209016FDB89DEFFF6E76A6FC9FB80021C50006A921F9105FAACA406D9337
1004321695C082811A11209516FDA99DEFFF6E76A6FC9FB90021C50006A921F9105FAACA406D9338
10049C1695C28281121120A116FD9B9DEFFF6E76A6FC9FB90021C40006A921F9105FAACA406D9339
1004BD1695B582811A1120CC16FD949DEFFF6E66A6FC9FB90021C30006A921F9105FAACA406D933A
1004FB1695B082811A11210D16FD949DEFFF6E66A6FC9FB90031C20006AA21F9105FAACA406D933B
1004A31695A982811A11216416FD8E9DEFFF6E66A6FC9FB90021C30006AB21F9105FAACA406D933C
10050016959F82811A1121B216FD8B9DEFFF6E56A6FC9FB90021C50006AB21F9105FAACA406D933D
10054716959982811A1121C516FD8E9DEFFF6E56A6FC9FB90011C50006AB21F9105FAACA406D933E
1005B116959482811A1121C516FD949DEFFF6E46A6FC9FB90021C30006AB21F9105FAACA406D933F
10064A16958A82811A1121CD16FD949DEFFF6E36A5FC9FB90021C20006AC21F9105FAACA406D9340
10081916956C82811A1121F416FD969DFFFF6E36A6FC9FB90011C20006AB21F9105FAACA406D9341
10095716955D82812111222316FD999DEFFF6E36A5FC9FB90021C10006AC21F9105FAACA406D9342
100A5D16956182812111226C16FDA39DFFFF6E36A6FC9FB90021C00006AD21F9105FAACA406D9343
1009FB16956782811A1122A716FD999DFFFF6E36A6FC9FB90021BE0006AD21F9105FAACA406D9344
10093516956C8281211122D916FD9B9DFFFF6E46A6FC9FB90021BE0006AD21F9105FAACA406D9345
100B021695628281211122FD16FDA99DFFFF6E46A6FC9FB90011C00006AD21F9105FAACA406D9346
100D5916954C82812511231E16FDAE9DFFFF6E46A6FC9FB90021C40006AD21F9105FAACA406D9347
100ED216953D82812111234A16FDAE9DFFFF6E46A6FC9FB90021C40006AE21F9105FAACA406D9348
100F7016953782812111236E16FDB89E0FFF6E46A6FC9FB90021C30006AD21F9105FAACA406D9349
100FB916953282812111239816FDC59E0FFF6E46A6FC9FB90021C20006AE21F9105FAACA406D934A
100F941695358281281123BB16FDCD9E0FFF6E46A6FC9FB90011C00006AE21F9105FAACA406D934B
100F611695368281211123D216FDD39E0FFF6E46A6FC9FB90021BF0006AF21F9105FAACA406D934C
10102A1695268281281123EE16FDE29E0FFF6E46A6FC9FB90021BD0006AE21F9105FAACA406D934D
1010AB16952482812811240216FDF49E1FFF6E46A6FC9FB90021BD0006AE21F9105FAACA406D934E
1010AE16953182812811240516FE029E1FFF6E56A6FC9FB60021BE0006AE21F9105FAACA406D934F
1010B81695388281281123F616FE1C9E1FFF6E56A6FC9FB50021C10006AE21F9105FAACA406D9350
1010DE16953D8281281123DF16FE509E1FFF6E56A6FC9FB50021C20006AE21F9105FAACA406D9351
1010B41695478281301123A716FE909E1FFF6E56A6FCAFB50021C30006AE21F9105FAACA406D9352
10105A16955182812811236E16FED39E2FFF6E56A6FCAFB50031C20006AE21F9105FAACA406D9353
100EFA16956182812811232B16FF1D9E2FFF6E46A6FCAFB50021C10006AE21F9105FAACA406D9354
100DD21695648281301122ED16FF669E2FFF6E46A6FCAFB50021C00006AF21F9105FAACA406D9355
100DB41695608281301122AB16FFBA9E2FFF6E46A6FCAFB50021BE0006AE21F9105FAACA406D9356
100DC016955E82812811226217001D9E3FFF6E36A6FCAFB50021BF0006AF21F9105FAACA406D9357
100DC016955B8281371122171700769E3FFF6E36A6FCAFB50021C10006AE21F9105FAACA406D9358
100D5216955C8281281121B91700CA9E4FFF6E36A6FCAFB50021C20006AF21F9105FAACA406D9359
100D3116955782813711214517010E9E4FFF6E26A6FCAFB50021C20006AF21F9105FAACA406D935A
100DCB16954D8281121120981701319E4FFF6E16A6FC9FB50021C10006AF21F9105FAACA406D935B
100E3516954A82814A111FC71701629E5FFF6E16A6FC9FB50021C10006AF21F9105FAACA406D935C
100E8D169544828137111EEA1701859E5FFF6E06A6FCAFB50021C00006AF21F9105FAACA406D935D
100ED4169548828130111E071701A79E5FFF6DF6A6FC9FB50021C00006AF21F9105FAACA406D935E
100F3916954A828137111D271701CB9E6FFF6DF6A6FC9FB50031BF0006B021F9105FAACA406D935F
100F94169547828130111C4D1701ED9E6FFF6DE6A6FC9FB50021C00006AF21F9105FAACA406D9360
100FFA169545828137111B8717020A9E6FFF6DE6A6FCAFB50021C10006AF21F9105FAACA406D9361
10102E169541828137111ACF1702419E7FFF6DE6A6FC9FB50021C00006B021F9105FAACA406D9362
10104016953F828130111A1317027E9E7FFF6DE6A6FCAFB50021C00006B021F9105FAACA406D9363
10103516954B82813711194D1702AF9E8FFF6DE6A6FC9FB50021BF0006B021F9105FAACA406D9364
100FFE16954C82813711187A1702F69E8FFF6DE6A6FCAFB50021BF0006B021F9105FAACA406D9365
100FDA16954F8281301117A31703359E9FFF6DE6A7FCAFB50021C00006B121F9105FAACA406D9366
100FD21695508281371116C61703709EAFFF6DE6A6FC9FB50021C20006B021F9105FAACA406D9367
100FEC1695528281371115E41703949EAFFF6DE6A6FC8FB50021C40006B021F9105FAACA406D9368
100FAE1695548281371114FA1703BE9EAFFF6DF6A7FC7FB50021C50006B121F9105FAACA406D9369
100F7716955182813711140D1703E89EAFFF6DF6A6FC8FB50021C50006B121F9105FAACA406D936A
100FA31695528281371113291704029EBFFF6E06A6FC8FB50021C70006B121F9105FAACA406D936B
100FAE16955182813711123B17042C9EBFFF6E06A7FC8FB52951C70006B221F9105FAACA406D936C
100F9F16954F8281371111591704419ECFFF6E16A7FC8FB571A1C50006B221F9105FAACA406D936D
100F8616954C82813F11107017045B9ECFFF6E16A7FC8FB58801C20006B221F9105FAACA406D936E
100F86169548828134110FA21704669EDFFF6E16A7FC8FB58701C10006B221F9105FAACA406D936F
100FB1169549828137110ED81704609EDFFF6E26A6FC8FB583F1C00006B221F9105FAACA406D9370
100FB9169547828137110E1E17045B9EDFFF6E26A6FC8FB58301C10006B221F9105FAACA406D9371
100F86169550828137110D701704669EEFFF6E26A6FC8FB58311C20006B221F9105FAACA406D9372
100F2A169554828137110CD21704709EEFFF6E26A6FC8FB58331C20006B221F9105FAACA406D9373
100EFC16955B828137110C451704759EEFFF6E26A6FC8FB58331C10006B221F9105FAACA406D9374
100E2A169571828137110BC51704859EEFFF6E26A6FC8FB58331BF0006B221F9105FAACA406D9375
100C77169596828137110B5517048A9EFFFF6E26A6FC8FB58331BE0006B321F9105FAACA406D9376
1009531695AC82813F110AF41704959EFFFF6E26A7FC8FB58341BF0006B321F9105FAACA406D9377
1007751695BE828130110A921704A49EFFFF6E26A7FC8FB560A1C00006B421F9105FAACA406D9378
1006D81695C4828137110A2F1704AF9EFFFF6E26A6FC8FB52091C00006B321F9105FAACA406D9379
1006011695C28281371109D91704B99EFFFF6E36A6FC8FB50C51C10006B421F9105FAACA406D937A
1005D21695B48281371109881704C49EFFFF6E36A6FC8FB50D01C20006B421F9105FAACA406D937B
1005BC1695B482813711093B1704D99F0FFF6E36A6FC8FB50FB1C20006B421F9105FAACA406D937C
1005521695B98281301108F51704E99F0FFF6E46A6FC8FB51091C20006B521F9105FAACA406D937D
1003FF1695BE8281371108B31704F39EFFFF6E46A6FC8FB51081C20006B421F9105FAACA406D937E
1003661695CB82813711086917050E9EFFFF6E56A7FC8FB51071C20006B421F9105FAACA406D937F
1003791695DB82813711082817051D9F0FFF6E56A7FC8FB61061C10006B521F9105FAACA406D9380
1003371695E68281301107E617052D9F0FFF6E66A6FC8FB51061C10006B421F9105FAACA406D9381
10008B1695E98281371107AE1705479F0FFF6E76A7FC8FB61061C00006B521F9105FAACA406DA382
0FFE331695EB82813411077E17055B9F0FFF6E76A7FC8FB61071C00006B421F9105FAACA406D9383
0FFE581695F582813011074F1705679F0FFF6E86A6FC8FB575D1BF0006B521F9105FAACA406D9384
0FFE3E1695F882813711072217057B9EFFFF6E96A7FC8FB6EA61BE0006B521F9105FAACA406D9385
0FFC841695FC8281301106EB1705919EFFFF6E96A7FC8FB6FFF1BE0006B421F9105FAACA406D9386
0FFC291695EF8281301106B51705959EFFFF6E96A7FC8FB6FFF1BD0006B521F9105FAACA406D9387
0FFDA51695DA8281371106831705A69EFFFF6E96A7FC8FB6FE71BD0006B521F9105FAACA406D9388
0FFE8F1695C98281301106481705BA9EFFFF6E96A6FC8FB5FD41BC0006B521F9105FAACA406D9389
0FFEF11695C282813011060E1705C99EFFFF6EA6A7FC8FB6FD71BE0006B521F9105FAACA406D938A
0FFF691695C08281301105DC1705DA9EFFFF6E96A7FC8FB6FDA1C00006B621F9105FAACA406D938B
0FFFCB1695BD8281301105AA1705E39EFFFF6EA6A7FC8FB6FDB1C00006B521F9105FAACA406D938C
1000781695A88281371105731705E59EEFFF6E96A7FC8FB6FDB1C00006B521F9105FAACA406D938D
1001481695948281301105451705F39EEFFF6E96A6FC8FB5FDB1BF0006B521F9105FAACA406D938E
10022316958282813011050E1705FF9EEFFF6E96A6FC8FB5FDA1BD0006B621F9105FAACA406D938F
1002EE1695768281301104D51706089EEFFF6E96A7FC8FB6B801BE0006B521F9105FAACA406D9390
1004841695708281281104A917060D9EEFFF6E96A7FC8FB62761BE0006B621F9105FAACA406D9391
1007FC16956B82813011048C1706149EEFFF6E86A6FC8FB50001BE0006B621F9105FAACA406D9392
100B5916957082813011047617061D9EEFFF6E86A6FC8FB50001BD0006B521F9105FAACA406D9393
100E7E16956C82813011045E1706249EEFFF6E76A6FC8FB60001BD0006B621F9105FAACA406D9394
1010DA16956582813011044417062D9EDFFF6E76A7FC8FB60071BE0006B621F9105FAACA406D9395
10122F1695608281281104281706329EDFFF6E76A7FC8FB60071C10006B621F9105FAACA406D9396
10134616956082812D11040E17062E9EEFFF6E76A6FC8FB50031C70006B521F9105FAACA406D9397
10142A1695678281301103EE17063C9EEFFF6E76A6FC8FB40011C80006B621F9105FAACA406D9398
10150516956C8281301103D71706399EEFFF6E76A6FC8FB40011C70006B621F9105FAACA406D9399
1015E716956B8281301103BF1706429EEFFF6E76A6FC8FB40021C60006B621F9105FAACA406D939A
1016621695698281281103B017064C9EEFFF6E86A7FC8FB40031C60006B521F9105FAACA406D939B
1016BF1695618281301103951706499EEFFF6E96A6FC8FB40021C60006B521F9105FAACA406D939C
1016FD1695668281281103861706479EEFFF6E96A7FC8FB40021C50006B521F9105FAACA406D939D
10179016956982813011036A1706539EEFFF6E96A6FC8FB40021C30006B621F9105FAACA406D939E
1017D416956982812811035B1706569EEFFF6EA6A7FC8FB40021C30006B521F9105FAACA406D939F
10180416957082812811034F17065E9EFFFF6EB6A6FC8FB40021C20006B521F9105FAACA406D93A0
1017CA16957C82813011035B1706569EFFFF6EB6A6FC8FB40021C30006B521F9105FAACA406D93A1
10171A16958982812811038D17065C9EFFFF6EB6A6FC8FB40021C20006B521F9105FAACA406D93A2
1017341695858281281103B81706639EFFFF6EB6A6FC8FB40021C00006B421F9105FAACA406D93A3
10176716957F8281301103DA1706619F0FFF6EB6A6FC8FB40021BE0006B421F9105FAACA406D93A4
1017511695808281281103FA17066D9F0FFF6EB6A6FC8FB40021BD0006B321F9105FAACA406D93A5
10168316958282813011040917066B9F0FFF6EB6A7FC8FB40021BD0006B421F9105FAACA406D93A6
10151E16958A8281281104111706719F0FFF6EA6A6FC8FB40031BD0006B321F9105FAACA406D93A7
10138F1695948281281104101706739F1FFF6EA6A7FC8FB40021BE0006B321F9105FAACA406D93A8
10121D16959782812811041117067B9F1FFF6EA6A6FC8FB40021BF0006B221F9105FAACA406D93A9
1010D316959882812811040D1706789F1FFF6EA6A6FC8FB40021BF0006B121F9105FAACA406D93AA
10102316959882812111040617067B9F1FFF6EA6A6FC8FB40021C10006B221F9105FAACA406D93AB
100FAA16959782813B1103F91706869F2FFF6EA6A6FC8FB40021C10006B121F9105FAACA406D93AC
100EFE16959A8281211103EB17067D9F2FFF6EA6A7FC8FB40021C30006B121F9105FAACA406D93AD
100E7E1695958281281103CF17067B9F3FFF6EB6A7FC8FB40021C40006B121F9105FAACA406D93AE
100DE71695928281301103B81706769F3FFF6EB6A7FC8FB40021C30006B021F9105FAACA406DA3AF
100D941695928281281103A01706789F3FFF6EC6A6FC9FB50021C10006B021F9105FAACA406D93B0
100D9716958F82812811038D1706769F4FFF6EC6A6FC9FB70021C00006B021F9105FAACA406D93B1
100DFA1695818281281103851706789F4FFF6ED6A6FCAFB70021C00006B021F9105FAACA406D93B2
100EB71695768281281103861706719F5FFF6ED6A6FCAFB70031C20006AF21F9105FAACA406D93B3
100F6516956D8281281103891706769F5FFF6ED6A6FCAFB70021C20006AF21F9105FAACA406D93B4
100FFE16956A8281281103911706789F5FFF6ED6A6FC9FB70021C30006AF21F9105FAACA406D93B5
10107A1695698281281103991706769F5FFF6EE6A7FC9FB70021C30006AF21F9105FAACA406D93B6
1010C816956C8281281103A01706829F6FFF6EE6A6FC9FB70021C30006AF21F9105FAACA406D93B7
1010CB16956B82812811039117068B9F6FFF6EE6A7FC9FB70011C30006AF21F9105FAACA406D93B8
10109E16956182812811037E1706A59F7FFF6EE6A6FC9FB70021C40006AF21F9105FAACA406D93B9
10105E16956682812811035B1706B79F7FFF6EE6A7FCAFB70021C40006B021F9105FAACA406D93BA
1010111695618281281103341706CF9F8FFF6EE6A7FCAFB70011C20006AF21F9105FAACA406D93BB
100FC016956A8281281102FE1706E69F8FFF6EE6A7FCAFB70021C10006B021F9105FAACA406D93BC
100F8D1695668281281102D01707039F9FFF6EE6A6FC9FB70021C00006B021F9105FAACA406D93BD
100F7E16956C8281211102A817071D9F9FFF6EE6A7FCAFB70021BF0006B121F9105FAACA406D93BE
100F9816956B8281281102831707459FAFFF6ED6A7FCAFB70031BE0006B121F9105FAACA406D93BF
100F6116955D82812511026A17076C9FBFFF6ED6A7FCAFB70871BD0006B121F9105FAACA406D93C0
100F0D16955C8281281102551707909FBFFF6ED6A7FCAFB714D1BE0006B221F9105FAACA406D93C1
100F0316956A8281281102401707C39FCFFF6ED6A6FC9FB71871C20006B221F9105FAACA406D93C2
100F2E16956B8281211102341707F49FCFFF6EC6A7FC9FB71821C20006B221F9105FAACA406D93C3
100F9416956582812811021F1708189FDFFF6EC6A7FC9FB717A1C00006B221F9105FAACA406D93C4
100FEC16956B82812811020517084B9FDFFF6EB6A6FC9FB71781BE0006B321F9105FAACA406D93C5
100FEC16957D8281211101E917087C9FDFFF6EB6A7FCAFB71771BE0006B321F9105FAACA406D93C6
100EEF16958B8281281101C71708A69FEFFF6EB6A6FCAFB71781C10006B321F9105FAACA406D93C7
100D9F1695A08281211101A81708CA9FFFFF6EA6A6FC9FB71781DB0006B321F9105FAACA406D93C8
100AE11695BD82812111018C1708FA9FFFFF6E96A6FC9FB51781F30006B421F9105FAACA406D93C9
10059F1695E382812811016617091EA00FFF6E96A7FC9FB61791EF0006B421F9105FAACA406D93CA
0FFFD6169615828121110143170948A01FFF6E76A6FC9FB51791E20006B521F9105FAACA406D93CB
0FFB4E16963482812811012517096DA01FFF6E76A7FC9FB60D41D80006B521F9105FAACA406D93CC
0FF88316963E82812111010617098CA02FFF6E66A6FC9FB501E1D20006B521F9105FAACA406D93CD
0FF7A216962E8281211100E21709ACA02FFF6E66A7FC9FB60001CD0006B521F9105FAACA406D93CE
0FF7FA16960C8281211100C41709D6A02FFF6E56A6FC9FB60001CA0006B621F9105FAACA406D93CF
0FF8E11695F78281211100A81709E5A03FFF6E56A6FC9FB50011C70006B621F9105FAACA406D93D0
0FF9AB1695EC82812111008D170A0FA04FFF6E56A6FC9FB50021C40006B721F9105FAACA406D93D1
0FF9FF1695E982812111006E170A24A04FFF6E66A7FC9FB60021C30006B621F9105FAACA406D93D2
0FF9A01695E8828121110050170A44A05FFF6E66A7FC9FB60021C40006B621F9105FAACA406D93D3
0FF98A1695F3828121110034170A53A05FFF6E56A6FC9FB50011C70006B721F9105FAACA406D93D4
0FFA2A1695ED828103110015170A6DA05FFF6E66A7FC9FB60011C90006B721F9105FAACA406DA3D5
0FFAA31695E982813B10FFFB170A82A05FFF6E56A7FC9FB60021CA0006B621F9105FAACA406D93D6
0FFA851695DE82811A10FFE3170A97A06FFF6E56A6FC9FB50031C90006B721F9105FAACA406D93D7
0FFAD61695CE82812110FFC8170AA3A06FFF6E56A6FC9FB50021C70006B721F9105FAACA406D93D8
0FF8D91695D982812110FFAE170AB1A07FFF6E56A6FC9FB50021C50006B721F9105FAACA406D93D9
0FF37916960182811A10FFA1170AC1A07FFF6E56A6FC9FB50021C30006B721F9105FAACA406D93DA
0FEDF216961C82811A10FF8E170AD6A07FFF6E56A7FC9FB60021C10006B721F9105FAACA406D93DB
0FE93916962982812110FF7A170AE2A07FFF6E56A6FC9FB50021C10006B721F9105FAACA406D93DC
0FE60D16962982811A10FF6C170AF0A07FFF6E56A7FC9FB60021C60006B721F9105FAACA406D93DD
0FE46316961482811A10FF5F170B00A07FFF6E46A7FC9FB60021CC0006B821F9105FAACA406D93DE
0FE38316960F82811A10FF53170B05A07FFF6E46A6FC9FB50021D30006B821F9105FAACA406D93DF
0FE2AC16960382811A10FF46170B20A08FFF6E46A7FC9FB60021D40006B821F9105FAACA406D93E0
0FE1F31695FA82811A10FF3C170B21A08FFF6E46A6FC9FB60021D00006B821F9105FAACA406D93E1
0FE19D1695F582811A10FF31170B20A08FFF6E36A6FCAFB70021CC0006B821F9105FAACA406D93E2
0FE2381695EC82811A10FF27170B2AA08FFF6E36A7FCAFB70031C80006B821F9105FAACA406D93E3
0FE3451695E282811A10FF1D170B2FA08FFF6E36A6FCAFB70031C70006B921F9105FAACA406D93E4
0FE4BD1695D082811A10FF12170B2FA08FFF6E26A6FC9FB70021C60006B821F9105FAACA406D93E5
0FE6DB1695BF82811210FF0E170B2CA08FFF6E26A7FCAFB70021C40006B721F9105FAACA406D93E6
0FEB0116959D82811A10FF08170B2AA08FFF6E16A6FCAFB70021C40006B821F9105FAACA406D93E7
0FEF1716957482811210FEFE170B1AA08FFF6E16A6FC9FB70021C50006B821F9105FAACA406D93E8
0FF39D16955482811A10FEF6170B15A08FFF6E16A6FC9FB70021C40006B921F9105FAACA406D93E9
0FF7C616954382811210FEF5170B00A08FFF6E06A7FCAFB70011C30006B921F9105FAACA406DA3EA
0FFA3616953F82811610FEEF170AECA07FFF6DF6A7FCAFB70021C20006B921F9105FAACA406D93EB
0FFBE016954382811210FEF3170ADBA07FFF6DF6A7FCAFB70021C10006B921F9105FAACA406D93EC
0FFD7016954C82811210FF6C170ABCA07FFF6DF6A6FCAFB70021BF0006B921F9105FAACA406D93ED
0FFE8816954C82811A11007E170A97A07FFF6DE6A7FCAFB70021BE0006B921F9105FAACA406D93EE
100000169547828112110221170A79A08FFF6DE6A6FC9FB70031BF0006BA21F9105FAACA406D93EF
10006E169545828112110433170A53A07FFF6DD6A7FCAFB70021C30006B921F9105FAACA406DA3F0
1000CD169548828112110677170A1FA07FFF6DD6A6FCAFB70021C50006BA21F9105FAACA406D93F1
1000A416954F8281121108751709E0A07FFF6DD6A6FCAFB70011C50006B921F9105FAACA406D93F2
10000516955A828112110A171709A1A07FFF6DD6A6FC9FB70021C30006B921F9105FAACA406D93F3
0FFDE816956D828112110B64170962A07FFF6DD6A6FC9FB70021C10006BA21F9105FAACA406D93F4
0FF8881695A582810B110C5117091EA07FFF6DD6A7FCAFB70021C10006B921F9105FAACA406D93F5
0FF24B1695D4828112110D0D1708DFA07FFF6DD6A6FC9FB70011C00006B921F9105FAACA406D93F6
0FEC3F1695F6828112110D931708A0A07FFF6DD6A6FCAFB70011BF0006BA21F9105FAACA406D93F7
0FE7F81695F282810B110E39170867A07FFF6DD6A6FCAFB70021BE0006BA21F9105FAACA406D93F8
0FE5321695EB828112110F6817081EA07FFF6DD6A7FC9FB70021BD0006BA21F9105FAACA406D93F9
0FE35C1695E282811211106C1707E2A07FFF6DE6A7FC9FB70021BC0006BA21F9105FAACA406DA3FA
0FE2811695DC82810B1111081707A0A07FFF6DE6A6FC8FB70031BB0006BA21F9105FAACA406D93FB
0FE2021695D6828112111170170747A07FFF6DE6A6FC9FB70021BD0006BA21F9105FAACA406D93FC
0FE15C1695CF8281121111AF1706F6A07FFF6DE6A7FC9FB70021C00006BB21F9105FAACA406D93FD
0FE0D91695D282810B1111D617068BA07FFF6DE6A6FC9FB70021C10006BA21F9105FAACA406D93FE
0FE0521695D18281121111E4170624A07FFF6DE6A7FC9FB70021C10006BB21F9105FAACA406D93FF
0FDFB41695C882810B11118C1705E3A07FFF6DE6A6FC9FB70021C00006BB21F9105FAACA406DA300
0FDEFF1695C282810311109717059AA07FFF6DE6A6FC9FB70021C00006BB21F9105FAACA406D9301
0FDEA41695B982811611103E170567A07FFF6DE6A7FC9FB70011C00006BB21F9105FAACA406D9302
0FDE481695AE82811211103A17054CA08FFF6DD6A7FC9FB70021C30006BB21F9105FAACA406D9303
0FDE091695A482810B11101B170547A08FFF6DD6A6FC9FB70021C50006BB21F9105FAACA406D9304
0FDDE816959A82811211103E170570A08FFF6DD6A6FC9FB70021C30006BB21F9105FAACA406D9305
0FDDCF16959A82810B1110451705B0A08FFF6DC6A6FC9FB70021C50006BB21F9105FAACA406D9306
0FDDBC169596828112110FD51705EEA09FFF6DB6A6FC9FB70021C90006BC21F9105FAACA406D9307
0FDDBD16959382810B110F64170627A09FFF6DA6A7FC9FB70021CA0006BD21F9105FAACA406D9308
0FDDC416958A828112110F2217064EA09FFF6DA6A7FC9FB70021C80006BC21F9105FAACA406D9309
0FDDCF16957C82810B110EE4170661A09FFF6D96A7FC9FB70011C50006BD21F9105FAACA406D930A
0FDDEE169571828112110E26170682A09FFF6D86A7FC9FB70011C50006BC21F9105FAACA406DA30B
0FDE63169562828112110D0F17069BA0AFFF6D76A6FC9FB70011C50006BC21F9105FAACA406D930C
0FDE60169561828112110C0717068BA0AFFF6D66A7FC9FB70021C60006BD21F9105FAACA406D930D
0FDEE2169567828112110BC1170658A0AFFF6D56A6FC9FB70021C80006BD21F9105FAACA406D930E
0FDFBE16956C82810B110D681705F8A0BFFF6D46A6FC9FB70021C90006BE21F9105FAACA406D930F
0FE28416956E828112110E7F17059BA0BFFF6D36A6FC9FB70021CA0006BD21F9105FAACA406D9310
0FE4AB16955C828112110F32170551A0BFFF6D36A7FC7FB50021CA0006BE21F9105FAACA406D9311
0FE71516953E828112110FF41704F9A0CFFF6D26A7FC6FB50021C90006BE21F9105FAACA406D9312
0FE92016951A82811A1110BE1704A4A0CFFF6D26A7FC5FB50021C70006BD21F9105FAACA406D9313
0FEC96169519828112111142170456A0CFFF6D26A7FC5FB50021C50006BE21F9105FAACA406D9314
0FEEAB1695278281121111BE1703FDA0CFFF6D26A7FC5FB50021C50006BE21F9105FAACA406D9315
0FEC7916954982811211127D1703BEA0DFFF6D26A7FC6FB50011C50006BE21F9105FAACA406D9316
0FE95E16957A82811211133F170385A0DFFF6D26A7FC6FB50011C30006BE21F9105FAACA406D9317
0FE69916959682811E1113DB17035AA0DFFF6D26A7FC6FB50011C40006BE21F9105FAACA406D9318
0FE52D1695A3828112111415170356A0DFFF6D26A7FC6FB50011C60006BE21F9105FAACA406D9319
0FE42916959982811A11141D17036FA0DFFF6D16A7FC6FB50021C60006BF21F9105FAACA406D931A
0FE39516958B82811A1113B4170375A0EFFF6D16A8FC6FB50021C70006BF21F9105FAACA406D931B
0FE29E16958482811A11124A17036FA0EFFF6D16A8FC5FB50021C80006BE21F9105FAACA406D931C
0FE1A716958582811A111097170346A0FFFF6D16A8FC6FB50021C70006BF21F9105FAACA406D931D
0FE14E16958782811A110E58170310A0FFFF6D16A8FC6FB50021C60006BF21F9105FAACA406D931E
0FE0B816958F82811A110B171702DEA0FFFF6D16A8FC5FB50031C50006BF21F9105FAACA406D931F
0FE0931695A18281211108F91702B7A0FFFF6D16A8FC5FB50021C50006BF21F9105FAACA406D9320
0FE08D1695A982811A11078D1702A4A0FFFF6D16A8FC6FB50021C40006BF21F9105FAACA406DA321
0FE0EB1695AE82812111059717027EA0FFFF6D16A8FC5FB50021C30006BF21F9105FAACA406D9322
0FE16E1695B082812111014F170269A10FFF6D06A8FC5FB50021C40006BF21F9105FAACA406D9323
0FE1BA1695AB82812110FDDC170256A10FFF6D06A8FC5FB50021C70006BF21F9105FAACA406D9324
0FE14D1695A782812110FC2A170249A10FFF6D06A9FC6FB50021C80006BF21F9105FAACA406D9325
0FE12A1695A382812110FBC9170237A10FFF6D06A8FC6FB50011C70006BF21F9105FAACA406D9326
0FE1371695A882812810FA9417022AA10FFF6D06A8FC6FB50021C40006C021F9105FAACA406D9327
0FE1601695A482812110F925170231A10FFF6D06A9FC6FB50021C20006BE21F9105FAACA406D9328
0FE12916959E82812110F87B17022AA10FFF6D06A8FC6FB50021C00006BE21F9105FAACA406D9329
0FE0EB16959F82812810F80317022FA10FFF6D06A8FC8FB40021C00006BD21F9105FAACA406D932A
0FE0D01695A182812810F780170227A10FFF6D16A9FC8FB40031C10006BD21F9105FAACA406D932B
0FE1041695A482812810F6FD170234A0FFFF6D26A9FC8FB40021C50006BC21F9105FAACA406D932C
0FE1751695A982811210F67217024CA0FFFF6D36A9FC8FB40021C70006BB21F9105FAACA406D932D
0FE1BA1695AD82814310F5E7170259A0FFFF6D46A9FC8FB40011C70006BA21F9105FAACA406D932E
0FE21F1695AF82813010F58E17027BA0FFFF6D56A9FC8FB40011C70006B921F9105FAACA406D932F
0FE22D1695B482812810F545170293A0FFFF6D76A9FC8FB40021C80006B821F9105FAACA406D9330
0FE25D1695B682813010F43F1702B7A0FFFF6D86A9FC8FB40021C90006B621F9105FAACA406D9331
0FE2D61695B282813010F3411702D3A0FFFF6D96A9FC8FB40021C70006B521F9105FAACA406D9332
0FE30B1695AD82812810F29F1702ECA0EFFF6DA6A9FC8FB40021C60006B321F9105FAACA406D9333
0FE3341695AB82813010F24A1702FDA0EFFF6DC6AAFC8FB40011C80006B121F9105FAACA406DB334
0FE3411694E382813010F23D1702F1A0EFFF6DE6AAFC8FB40011C90006AF21F9105FAACA406DA335
0FE34D16939E82813710F2C11702F3A0EFFF6E06AAFC8FB40021C80006AD21F9105FAACA406DA336
0FE33D16951882813010F3EE1702DCA0DFFF6E16AAFC8FB40031C70006AC21F9105FAACA406D9337
0FE34C16958F82813710F5491702C9A0DFFF6E36AAFC8FB40021C50006AA21F9105FAACA406D9338
0FE39D16860682813010F6911702B7A0DFFF6E56AAFC8FB40021C20006A921F9105FAACA406D9339
0FE3D6168BE182813710F7B617029DA0DFFF6E66AAFC8FB40021C00006A821F9105FAACA406D933A
0FE40C1693FD82813010F8D417028AA0DFFF6E76AAFC8FB40021C10006A721F9105FAACA406D933B
0FE4341695B982813710F9F617026EA0DFFF6E96AAFC8FB40021C30006A521F9105FAACA406D933C
0FE4171695C882813710FB27170256A0DFFF6EA6AAFC8FB40021C60006A421F9105FAACA406DA33D
0FE4011695CC82813710FC64170254A0CFFF6EB6AAFC8FB40021DD0006A321F9105FAACA406DA33E
0FE3DD1695CF82813710FDA6170260A0CFFF6EC6AAFC8FB40021F30006A221F9105FAACA406D933F
0FE3A61695D182813710FEE2170278A0CFFF6ED6AAFC8FB40011F00006A221F9105FAACA406D9340
0FE3C81695CC82812111001D1702AAA0CFFF6EE6ABFC7FB20021E30006A121F9105FAACA406DA341
0FE3E81695CA828152110144170301A0CFFF6EF6AAFC4FAA0021D90006A121F9105FAACA406DA342
0FE44A1695C782813711026017036FA0CFFF6EF6ABFC2FA70031D40006A121F9105FAACA406DA343
0FE4421695C582813711037A1703FDA0CFFF6F06ABFC2FA77AB1D00006A121F9105FAACA406D9344
0FE4261695C582813F11048C1704A4A0CFFF6F06ABFC3FA7EEE1CE0006A121F9105FAACA406DA345
0FE42D1695BA82813711058A170523A0CFFF6F06AAFC3FA7FFF1CE0006A321F9105FAACA406DA346
0FE44D1695B982813F110677170590A0CFFF6F06AAFC3FA7FFF1CE0006A321F9105FAACA406D9347
0FE4581695C282813711075B1705EAA0CFFF6F06AAFC3FA7FE91CC0006A321F9105FAACA406D9348
0FE4341695C582813F11082B170622A0CFFF6F06ABFC3FA7FD81C90006A321F9105FAACA406D9349
0FE3FA1695C58281371108DE17062EA0CFFF6EF6ABFC3FA7FDC1C70006A421F9105FAACA406D934A
0FE3801695C482813F110971170637A0CFFF6EE6ABFC3FA7FDF1C80006A521F9105FAACA406D934B
0FE2971695BD8281371109DB17062DA0CFFF6ED6ABFC3FA7FE01C90006A521F9105FAACA406D934C
0FE1EC1695AC82813F110A08170619A0CFFF6EB6ABFC3FA7FDF1CA0006A521F9105FAACA406D934D
0FE13416959782813F110A13170618A0CFFF6EB6ABFC3FA7FDF1CA0006A621F9105FAACA406D934E
0FE0A1169592828137110A00170634A0DFFF6EB6ABFC3FA7FDF1C90006A621F9105FAACA406D934F
0FE01216958F82813F1109EE17067BA0CFFF6EB6ABFC3FA7B001C70006A621F9105FAACA406D9350
0FDFA51695898281371109D21706E4A0CFFF6EC6ABFC3FA72301C40006A621F9105FAACA406D9351
0FDF4816957582813F1109B717075FA0DFFF6ED6ABFC3FA70001C20006A521F9105FAACA406DA352
0FDEA81695668281371109981707DAA0CFFF6EE6ABFC3FA70001C10006A521F9105FAACA406DA353
0FDDE116955182813F110976170848A0DFFF6EF6ABFC3FA70001C10006A521F9105FAACA406DA354
0FDD4D169544828134110956170895A0CFFF6F16ABFC3FA70071C10006A421F9105FAACA406D9355
0FDCE816953C82813F1109421708DFA0CFFF6F26ACFC3FA70071C20006A321F9105FAACA406D9356
0FDC9516953782813711092017090FA0CFFF6F36ACFC3FA70031C60006A221F9105FAACA406D9357
0FDC6216952E82813711090C17094DA0CFFF6F46ACFC3FA70011CD0006A121F9105FAACA406DA358
0FDC4116952B82813F1108F517098CA0CFFF6F56ACFC3FA80011D00006A021F9105FAACA406D9359
0FDC2F1695288281371108E51709C1A0CFFF6F66ACFC5FAE0021D000069F21F9105FAACA406D935A
0FDC281695238281371108D21709F5A0CFFF6F76ACFC5FB10031CE00069E21F9105FAACA406D935B
0FDC101695218281371108BB170A1FA0BFFF6F86ACFC6FB20021D300069D21F9105FAACA406DA35C
0FDC0B16951B82813F1108A8170A53A0BFFF6F96ACFC5FB20CF1E700069C21F9105FAACA406DA35D
0FDC0416951E828137110884170A82A0BFFF6FA6ACFC5FB22961EE00069A21F9105FAACA406D935E
0FDBFD169524828130110862170AC1A0BFFF6FB6ACFC5FB23311EB00069A21F9105FAACA406D935F
0FDBF916951F828137110830170B0CA0BFFF6FB6ACFC5FB13301E400069921F9105FAACA406D9360
0FDBF916951C8281371107F4170B64A0AFFF6FB6ACFC5FB231C1DD00069721F9105FAACA406D9361
0FDBF71695188281371107BF170BA3A09FFF6FC6ACFC5FB23151E000069621F9105FAACA406D9362
0FDBEE169516828137110782170BE1A09FFF6FC6ADFC5FB23151ED00069521F9105FAACA406D9363
0FDBEB169513828130110749170C0BA09FFF6FC6ACFC6FB23161ED00069421F9105FAACA406DA364
0FDBE716950F82813711070A170C35A09FFF6FC6ACFC5FB23171E500069221F9105FAACA406D9365
0FDBEB1695188281371106CC170C67A08FFF6FC6ACFC5FB23171DE00069021F9105FAACA406D9366
0FDBE716951082813011068F170C89A07FFF6FC6ACFC5FB13171DA00068E21F9105FAACA406D9367
0FDBED169505828128110658170CA9A07FFF6FC6ACFC5FB128D1D600068D21F9105FAACA406DA368
0FDBEB1694FF82813B110626170CB8A07FFF6FD6ACFC5FB11481D300068A21F9105FAACA406DA369
0FDBEB1694FA8281301105EC170CD2A06FFF6FD6ACFC5FB20D61D000068921F9105FAACA406D936A
0FDBE71694FF8281301105C1170CE7A06FFF6FD6ADFC5FB20D61CF00068721F9105FAACA406DA36B
0FDBE4169509828130110592170CEDA05FFF6FD6ACFC5FB10E41D100068421F9105FAACA406D936C
0FDBE016950682813011055D170D00A05FFF6FD6ADFC5FB20E91D100068221F9105FAACA406D936D
0FDBDC16950D828130110539170D1CA05FFF6FD6ACFC5FB10E91D000068021F9105FAACA406DA36E
0FDBDE16950682813011050B170D31A04FFF6FD6ADFC6FB20E71D200067E21F9105FAACA406D936F
0FDBE01695098281301104E3170D41A04FFF6FD6ADFC5FB20E71E700067C21F9105FAACA406D9370
0FDBDC1695098281281104B7170D5BA03FFF6FD6ADFC6FB20E71F100067A21F9105FAACA406D9371
0FDBE0169504828130110499170D65A03FFF6FD6ACFC6FB20E81EC00067821F9105FAACA406D9372
0FDBE4169502828128110471170D7AA03FFF6FD6ACFC7FB20E91EE00067621F9105FAACA406D9373
0FDBEE169502828130110450170D94A03FFF6FD6ADFC7FB207E1EE00067421F9105FAACA406DA374
0FDBF716950082812811042F170D9FA02FFF6FD6ACFC7FB10111E700067221F9105FAACA406D9375
0FDBF9169501828128110419170DAFA02FFF6FD6ADFC7FB20001E200067021F9105FAACA406DA376
0FDBF61694FF8281281103F5170DC3A02FFF6FD6ADFC7FB20001DE00066F21F9105FAACA406DA377
0FDBF21694FA8281281103E3170DC9A02FFF6FC6ACFC7FB20011DA00066E21F9105FAACA406D9378
0FDBF61694FB8281281103C7170DDEA02FFF6FC6ACFC7FB10021D600066C21F9105FAACA406D9379
0FDBF61694FD8281281103AC170DE8A02FFF6FC6ACFC7FB20021D100066B21F9105FAACA406DA37A
0FDBF71694FD828121110391170DEEA01FFF6FC6ACFC7FB10021CE00066A21F9105FAACA406D937B
0FDBF91694FD828128110376170DF3A01FFF6FB6ADFC7FB20021CB00066921F9105FAACA406DA37C
0FDC001694F782812511036A170DF8A01FFF6FB6ACFC6FB10021CB00066921F9105FAACA406D937D
0FDC161694F782812111034F170E03A01FFF6FA6ADFC7FB20011DB00066721F9105FAACA406DA37E
0FDC2F1694FB828128110340170E0DA01FFF6FA6ACFC7FB10021FA00066721F9105FAACA406D937F
0FDC3E1694FD828121110328170E12A01FFF6FA6ACFC7FB200220600066721F9105FAACA406D9380
0FDC3C1694FA828121110319170E12A01FFF6F96ADFC7FB20021FE00066521F9105FAACA406DA381
0FDC411694F8828121110309170E22A01FFF6F96ACFC7FB10021F100066521F9105FAACA406DB382
0FDC3E1694F48281211102F3170E27A01FFF6F96ADFC7FB20021E800066321F9105FAACA406D9383
0FDC491694FA8281211102E3170E32A01FFF6F96ACFC6FB10021EF00066121F9105FAACA406D9384
0FDC4C1694FA8281211102C1170E32A01FFF6F96ADFC7FB20021EF00066021F9105FAACA406D9385
0FDC551694FC828121110291170E32A01FFF6F96ACFC7FB10021E700065E21F9105FAACA406D9386
0FDC621694FA82811A1101C0170E37A02FFF6F96ACFC6FB20021E100065C21F9105FAACA406D9387
0FDC701694F4828121110054170E37A02FFF6F96ADFC6FB10021EF00065A21F9105FAACA406D9388
0FDC741694F682812110FECC170E32A02FFF6F96ADFC7FB10021F500065621F9105FAACA406D9389
0FDC7F1694F882811A10FD7F170E2DA02FFF6F86ADFC6FB40011ED00065321F9105FAACA406D938A
0FDC911694F882811A10FC7F170E27A02FFF6F86ADFC6FB60021F600065021F9105FAACA406D938B
0FDC991694F882812110FBB9170E18A02FFF6F86ADFC5FB700222700064D21F9105FAACA406D938C
0FDC9F1694F582811A10FB1F170E0DA03FFF6F76ACFC5FB700223100064921F9105FAACA406D938D
0FDCB11694FA82811A10FAA0170DF8A03FFF6F76ACFC5FB700221B00064621F9105FAACA406DA38E
0FDCB91694FD82811A10FA3F170DE8A03FFF6F76ADFC6FB700220200064221F9105FAACA406D938F
0FDCCB1694FD82811A10FA09170DC4A03FFF6F76ADFC5FB70021F200063F21F9105FAACA406DA390
0FDCDA1694FA82811A10F9EA170D9AA03FFF6F66ADFC5FB70021EE00063B21F9105FAACA406D9391
0FDCF31694FB82810310F9D7170D6BA03FFF6F66ADFC5FB70021F200063721F9105FAACA406DA392
0FDCEB1694FD82812D10F976170D26A04FFF6F66ADFC5FB70021F100063321F9105FAACA406D9393
0FDCE81694FD82811A10F912170CE7A04FFF6F66ADFC5FB70021EA00063021F9105FAACA406DA394
0FDCEB1694FE82811A10F8A6170CA9A05FFF6F56ADFC5FB70011E100062C21F9105FAACA406D9395
0FDCEC1694FE82811210F836170C6FA05FFF6F56ADFC5FB70021D800062921F9105FAACA406D9396
0FDCF616950082811A10F7AE170C33A05FFF6F56ADFC6FB70031D300062621F9105FAACA406DA397
0FDD0116950282811210F705170BF6A05FFF6F56ACFC5FB70021D100062321F9105FAACA406D9398
0FDD171694FF82811A10F65F170BBDA05FFF6F56ADFC6FB70021D300062021F9105FAACA406D9399
0FDD3E16950482811210F615170B7EA05FFF6F46ADFC5FB70011D300061D21F9105FAACA406DA39A
0FDD6A16950E82810B10F681170B3FA06FFF6F46ADFC5FB70021D000061B21F9105FAACA406D939B
0FDDBD16951182812110F733170AF0A07FFF6F46ADFC5FB70021CD00061921F9105FAACA406DA39C
0FDDF716951282811210F807170A98A07FFF6F46ADFC5FB70021CB00061721F9105FAACA406DA39D
0FDE0516951582811210F912170A3EA07FFF6F36ADFC5FB70021CA00061521F9105FAACA406DA39E
0FDE0416951E82811A10FA561709D6A07FFF6F36ADFC5FB70021C900061521F9105FAACA406D939F
0FDE1016951E82811210FB65170987A07FFF6F36ADFC5FB70021C700061421F9105FAACA406D93A0
0FDE1F16951C82811210FBE817093DA08FFF6F26ADFC6FB70021C500061421F9105FAACA406DA3A1
0FDE4516952382811210FBE71708FFA08FFF6F26ADFC6FB70021C800061321F9105FAACA406DA3A2
0FDE6016952982811210FB7C1708D5A09FFF6F16ADFC6FB60031CC00061521F9105FAACA406DA3A3
0FDE7216952B82810B10FAF11708B5A09FFF6F16ADFC7FB53171CE00061521F9105FAACA406D93A4
0FDE9616952E82811A10FA0D1708B0A09FFF6F06ADFC7FB66FF1CD00061621F9105FAACA406DA3A5
0FDE9B16952A82811210F8FE17089BA0AFFF6EF6ADFC7FB58071CB00061721F9105FAACA406DA3A6
0FDE8016952A82811210F80317089AA0AFFF6EF6ADFC7FB67E91C900061821F9105FAACA406DA3A7
0FDE7516952B82810B10F73317089BA0AFFF6EE6ADFC7FB67BF1C900061A21F9105FAACA406DA3A8
0FDEB316952882811610F6CF1708BBA0AFFF6ED6ADFC7FB67B31C900061B21F9105FAACA406D93A9
0FDF0316952382811210F6A01708CAA0BFFF6EC6ADFC7FB67B51C900061D21F9105FAACA406DA3AA
0FDF3116952182811210F6151708E4A0BFFF6EB6ADFC7FB67B71C900061F21F9105FAACA406DA3AB
0FDF8516952482810B10F5871708F4A0BFFF6EA6ADFC7FB57B71C800062121F9105FAACA406D93AC
0FDFBB16951F82811210F52A1708FFA0BFFF6EA6ADFC7FB67B71C700062421F9105FAACA406D93AD
0FDFDF16952582811210F4E31708F4A0CFFF6EA6ADFC7FB57B71C700062621F9105FAACA406DA3AE
0FDFEE16952782811210F4791708D0A0CFFF6EA6ADFC7FB67B71C800062921F9105FAACA406DA3AF
0FDFED16952982810B10F3D717088CA0CFFF6EA6ADFC7FB65751CA00062B21F9105FAACA406D93B0
0FDFEA16952E82811210F339170836A0CFFF6EA6ADFC7FB61201CC00062D21F9105FAACA406DA3B1
0FDFEE16953082811210F2BA1707CFA0DFFF6EA6ADFC7FB60001D000062F21F9105FAACA406D93B2
0FDFC916953782811210F23617075CA0DFFF6EA6ADFC7FB60001D200063221F9105FAACA406DA3B3
0FDF9716953D82811210F1C7170700A0EFFF6EA6ADFC6FB50001CF00063421F9105FAACA406D93B4
0FDF6416954382811210F1891706A5A0DFFF6EA6ADFC7FB60051CD00063621F9105FAACA406D93B5
0FDF4016954882811210F15F170656A0DFFF6EA6ADFC7FB50041CC00063721F9105FAACA406DA3B6
0FDF1F16954F82811210F108170614A0DFFF6EA6ADFC7FB60021CC00063821F9105FAACA406D93B7
0FDF2716954C82810B10F0AA1705CFA0EFFF6EA6ADFC7FB60021CD00063921F9105FAACA406DA3B8
0FDF4016954D82811A10F0701705ABA0EFFF6EA6ADFC7FB60021CE00063A21F9105FAACA406D93B9
0FDF3D16955282810B10F05A17058BA0EFFF6EA6ADFC7FB60021CD00063C21F9105FAACA406D93BA
0FDF3C16955182811210F02017059BA0EFFF6EA6ADFC6FB60031CC00063C21F9105FAACA406D93BB
0FDF4016955282811210EFF217058BA0EFFF6E96ADFC6FB70021CA00063C21F9105FAACA406D93BC
0FDF4B16955182811210EFBF170580A0EFFF6E96ADFC5FB70021C900063C21F9105FAACA406D93BD
0FDF4416955282811210EFA8170567A0EFFF6E96ADFC5FB70011C700063C21F9105FAACA406DA3BE
0FDF2716955482811610EFA817053CA0FFFF6E86ADFC5FB70021C900063C21F9105FAACA406D93BF
0FDF0E16954E82811210EFA4170518A0EFFF6E76ADFC5FB70021CC00063C21F9105FAACA406DA3C0
0FDEF816954782811A10EF6B1704FDA0EFFF6E76ADFC5FB70021CB00063A21F9105FAACA406D93C1
0FDEF416953D82811210EF161704D4A0EFFF6E76ADFC6FB70021C900063A21F9105FAACA406DA3C2
0FDEF016953A82811210EEDE1704AFA0EFFF6E66ADFC6FB70021C800063821F9105FAACA406D93C3
0FDEF116952F82811210EEC217049FA0EFFF6E56ADFC5FB70021E500063621F9105FAACA406D93C4
0FDEED16953282811210EEBE1704A4A0DFFF6E56ADFC6FB700221100063421F9105FAACA406D93C5
0FDEF416952E82811A10EEC31704B4A0DFFF6E56ADFC5FB700221400063121F9105FAACA406DA3C6
0FDF0716952882811210EEBA1704E8A0DFFF6E46ADFC6FB700320400062F21F9105FAACA406DA3C7
0FDF0A16952782811A10EEB8170528A0DFFF6E46ADFC6FB70021F300062D21F9105FAACA406D93C8
0FDF0A16952382811A10EEA7170570A0DFFF6E36ADFC6FB70021E700062A21F9105FAACA406DA3C9
0FDEFF16952482811210EE901705C9A0CFFF6E36ADFC6FB70021DD00062621F9105FAACA406DA3CA
0FDEEE16952382811A10EE72170624A0CFFF6E36ADFC5FB70021D500062321F9105FAACA406DA3CB
0FDEE216951282811A10EE6D170680A0CFFF6E36ADFC6FB70021CF00062021F9105FAACA406DA3CC
0FDEDE16950C82811A10EE7A1706F6A0BFFF6E36ADFC6FB70021CA00061D21F9105FAACA406DB3CD
0FDECA16950F82811A10EE84170771A0BFFF6E46ADFC6FB70021C800061921F9105FAACA406D93CE
0FDEBE16951982811A10EE801707F9A0AFFF6E46ADFC6FB70021CC00061521F9105FAACA406DB3CF
0FDEC116951C82811A10EE7617087BA09FFF6E56ADFC6FB70021DB00061221F9105FAACA406DA3D0
0FDED016951282811A10EE5E1708FFA09FFF6E56ADFC6FB70021F200060E21F9105FAACA406D93D1
0FDEE316950D82811A10EE53170972A08FFF6E66ADFC6FB70021F700060B21F9105FAACA406DA3D2
0FDF1116950982811A10EE3F1709EAA08FFF6E66ADFC7FB50021EE00060821F9105FAACA406DA3D3
0FDF1C16950A82812110EE09170A69A07FFF6E76ADFC9FB50021E500060521F9105FAACA406DA3D4
0FDFB016950982811610EDE7170AD1A07FFF6E76ADFC9FB50021DE00060321F9105FAACA406D93D5
0FE05A16950082812110EDD7170B4FA06FFF6E76ADFC9FB50021D700060121F9105FAACA406D93D6
0FE0891694FD82811A10EDC0170BB2A05FFF6E86ADFC9FB50021D200060021F9105FAACA406DA3D7
0FE0AF16950082812110ED9A170C26A05FFF6E86ADFC9FB50021CF0005FE21F9105FAACA406DA3D8
0FE0B816950082812110ED77170C97A04FFF6E96ADFC9FB50021CE0005FD21F9105FAACA406D93D9
0FE0B816950182812110ED4D170D02A03FFF6E96ADFC9FB50021CD0005FC21F9105FAACA406DA3DA
0FE0F71694FF82812110ED32170D6BA02FFF6E96ADFC9FB50021CD0005FC21F9105FAACA406DA3DB
0FE16A1694FD82811A10ED1A170DD9A01FFF6E96ADFC9FB50011CB0005FC21F9105FAACA406DA3DC
0FE13C16950082812810ED08170E37A01FFF6E86ADFC9FB50011C90005FC21F9105FAACA406D93DD
0FE0D516950282812110ECF0170E90A00FFF6E86ADFC9FB50021CA0005FC21F9105FAACA406DA3DE
0FE0701694FF82812110ECE5170EE99FFFFF6E76ADFC9FB50031CB0005FB21F9105FAACA406DA3DF
0FDFD416950082812110ECE0170F3D9FEFFF6E76ADFC9FB50021C90005FC21F9105FAACA406DA3E0
0FDF4716950082812110ECED170F7C9FEFFF6E76ADFC9FB50021C50005FC21F9105FAACA406DA3E1
0FDF2E16950582812810ECF8170FCB9FDFFF6E76ADFC9FB50021C30005FC21F9105FAACA406DA3E2
0FDF3D16950782812110ECF817100F9FDFFF6E76ADFC9FB50021C40005FC21F9105FAACA406D93E3
0FDF4B16950782812810ECFB1710399FCFFF6E76ADFC9FB50021C50005FD21F9105FAACA406DA3E4
0FDF3C16950782812110ECFC1710739FBFFF6E76ADFC9FB50021C90005FD21F9105FAACA406D93E5
0FDF4B16950482812810ED0B1710989FAFFF6E76ADFC9FB50011CD0005FD21F9105FAACA406DA3E6
0FDF5216950582812810ED171710BC9FAFFF6E76ADFC9FB50021D00005FC21F9105FAACA406DA3E7
0FDF6116950782812810ED1B1710D79F9FFF6E76ADFC9FB50021D00005FB21F9105FAACA406DA3E8
0FDF6B16951082812810ED261710EC9F8FFF6E76ADFC9FB50021CF0005FB21F9105FAACA406DA3E9
0FDF8816950E82812510ED231711019F8FFF6E76AEFC9FB50021CD0005FB21F9105FAACA406DA3EA
0FDF9E16951882812810ED2E1711019F7FFF6E86AEFC8FB50031CC0005FA21F9105FAACA406DA3EB
0FDFAD16951882812810ED411711069F7FFF6E96AEFC6FB50F51CB0005F921F9105FAACA406D93EC
0FDFBE16951A82813010ED601710F19F6FFF6EA6ADFC5FB52BE1CA0005F821F9105FAACA406DA3ED
0FDFB716951082812810ED601710D19F5FFF6EB6AEFC5FB53501CD0005F721F9105FAACA406DB3EE
0FDFA516950C82812810ED681710B29F5FFF6EC6AEFC5FB534A1D00005F621F9105FAACA406DA3EF
0FDF9E16950982813010ED6C1710839F5FFF6ED6AEFC5FB53371D40005F521F9105FAACA406DB3F0
0FDF4716950882812810ED771710499F4FFF6ED6AEFC6FB53311D50005F321F9105FAACA406DB3F1
0FDEF816950882813010ED7717100A9F4FFF6EE6AEFC5FB53311D60005F121F9105FAACA406DA3F2
0FDECC16950782813010ED7F170FC19F3FFF6EF6AEFC5FB53321D90005F021F9105FAACA406DA3F3
0FDEB816950482813010ED7F170F679F3FFF6F06AEFC5FB53331D90005EE21F9105FAACA406D93F4
0FDE9A1694FF82813010ED83170F139F2FFF6F16AEFC5FB53321D70005ED21F9105FAACA406D93F5
0FDE801694FA82813010ED83170EBA9F2FFF6F26AEFC5FB53321D50005EC21F9105FAACA406DA3F6
0FDE731694FF82813010ED73170E479F1FFF6F36AEFC5FB53331D90005EB21F9105FAACA406DA3F7
0FDE791694FB82813010ED4D170DDE9F1FFF6F46AEFC5FB53331E60005EA21F9105FAACA406DA3F8
0FDE871694FD82813710ED17170D609F1FFF6F56AEFC5FB53321F50005EA21F9105FAACA406D93F9
0FDE801694FE82813010ECE5170CED9F0FFF6F66AEFC5FB525B2000005E921F9105FAACA406DA3FA
0FDE7E1694FA82813010EC9B170C799F0FFF6F76AEFC5FB51832010005E921F9105FAACA406D93FB
0FDE7D1694F882813710EC57170BF69F0FFF6F76AEFC5FB51511F90005E821F9105FAACA406D93FC
0FDE841694E582813010EC3E170B7B9EFFFF6F96AEFC5FB515A1EF0005E921F9105FAACA406DA3FD
0FDE801694F582812110EC4F170AF69EFFFF6F96AEFC5FB51631E70005E921F9105FAACA406DA3FE
0FDE821694FA82814A10EC5D170A689EFFFF6FA6AEFC5FB51651E00005E921F9105FAACA406DA3FF
0FDE721694F482813F10EC531709E59EFFFF6FB6AEFC5FB51651D90005E921F9105FAACA406DA300
0FDE601694F782813010EC3E17096D9EEFFF6FB6AEFC5FB51641D40005EA21F9105FAACA406D9301
0FDE651694F982813710EC031709099EEFFF6FC6AEFC6FB51651D20005EB21F9105FAACA406DA302
0FDE671694F882813710EBD61708B69EDFFF6FC6AEFC6FB51651D10005EB21F9105FAACA406DA303
0FDE5C1694F882813F10EBE81708469EEFFF6FD6AEFC7FB30CD1D20005EC21F9105FAACA406D9304
0FDE581694F882813710EC1B1707E49EDFFF6FD6AEFC8FB301F1D10005EC21F9105FAACA406DA305
0FDE5E1694F882813710EC6E1707769EDFFF6FD6AEFC8FB30001CF0005ED21F9105FAACA406DA306
0FDE671694FB82813F10ECAE1707209EDFFF6FE6AEFC7FB30001CD0005EE21F9105FAACA406DA307
0FDE6B1694FD82813710ED1F1706DF9EDFFF6FE6AEFC8FB30011CF0005EE21F9105FAACA406D9308
0FDE791694FE82813F10ED7F1706AF9EDFFF6FE6AEFC8FB30021D00005F021F9105FAACA406DA309
0FDE851694FA82813710EE3317069D9EDFFF6FE6AEFC7FB30021D00005F021F9105FAACA406DA30A
0FDE8F1694FF82813F10EEA71706959EDFFF6FF6AEFC7FB30021D00005F221F9105FAACA406DA30B
0FDE9A1694FF82813F10EF201706A79EDFFF6FF6AEFC8FB30021CE0005F221F9105FAACA406D930C
0FDEA116950082813F10EF991706B59EDFFF6FE6AEFC8FB30021CB0005F421F9105FAACA406DA30D
0FDE971694FF82813F10EFF91706CA9EDFFF6FE6AEFC8FB30021C90005F621F9105FAACA406DB30E
0FDE8B16950082813710F0561706C79EDFFF6FE6AEFC8FB30031C70005F721F9105FAACA406DA30F
0FDE7916950282813F10F0B21706CA9EDFFF6FE6AEFC8FB30021C70005F921F9105FAACA406DA310
0FDE821694FC82813F10F11E1706CF9EDFFF6FE6AEFC8FB30021CD0005FB21F9105FAACA406DA311
0FDE751694FC82814310F18B1706DC9EDFFF6FE6AEFC7FB30021D30005FD21F9105FAACA406D9312
0FDE791694FA82813F10F1FD1706EE9EDFFF6FD6AEFC7FB30021D200060021F9105FAACA406DB313
0FDE8F1694FB82813F10F26117070B9EDFFF6FD6AEFC8FB30021D000060221F9105FAACA406DB314
0FDE851694FA82813F10F2B61707239EEFFF6FD6AEFC7FB30021CC00060521F9105FAACA406DA315
0FDE721694FF82813F10F30F1707429EEFFF6FD6AEFC7FB30021CA00060721F9105FAACA406DB316
0FDE671694F682813F10F3631707549EFFFF6FC6AEFC7FB30021C900060921F9105FAACA406D9317
0FDE7D1694F282813F10F3B01707819EFFFF6FB6AEFC7FB30021C900060C21F9105FAACA406D9318
0FDEA61694F382814610F3EE1707B09EFFFF6FB6AEFC7FB30021C900060E21F9105FAACA406DB319
0FDE8F1694F382813710F4241707D39F0FFF6FA6AEFC8FB30021C900061221F9105FAACA406DA31A
0FDE511694EF82814610F4521708099F0FFF6FA6AEFC8FB30021CA00061421F9105FAACA406DA31B
0FDE211694EA82813F10F4771708389F1FFF6F96AEFC6FB40021CD00061721F9105FAACA406DB31C
0FDE1B1694F482813F10F49817085B9F1FFF6F96AEFC6FB50021CE00061921F9105FAACA406DA31D
0FDE261694F882813F10F4B31708819F1FFF6F86AEFC5FB50021D000061B21F9105FAACA406DA31E
0FDE381694F882813F10F4CD1708AB9F2FFF6F76AEFC5FB50021D300061D21F9105FAACA406D931F
0FDDC01694F882813F10F4DD1708CA9F3FFF6F76AEFC5FB50021D200061E21F9105FAACA406DA320
0FDCFA1694FF82813F10F4F81708F49F3FFF6F76AEFC6FB50021CF00061F21F9105FAACA406DB321
0FDCB91694F682813F10F50B1709149F4FFF6F76AEFC5FB50021CD00062021F9105FAACA406DA322
0FDCB51694E782813710F51A1709389F4FFF6F76AEFC5FB50021CC00062021F9105FAACA406DA323
0FDC6D1694EA82813F10F5261709489F5FFF6F66AFFC5FB50021CB00062021F9105FAACA406DB324
0FDC221694F582813B10F5361709629F5FFF6F76AEFC5FB50021CB00062021F9105FAACA406DA325
0FDBFD1694F482813710F53D1709779F6FFF6F76AFFC6FB50011CA00061F21F9105FAACA406DA326
0FDC041694EB82813F10F5411709979F7FFF6F76AEFC5FB50021CB00061F21F9105FAACA406DA327
0FDC211694E682813710F5511709BB9F7FFF6F76AEFC6FB54781CE00061D21F9105FAACA406D9328
0FDC5E1694CD82813F10F5541709E59F8FFF6F76AFFC6FB5D811CF00061B21F9105FAACA406DA329
0FDC951694C482813710F564170A0F9F9FFF6F76AEFC6FB5FFF1CD00061921F9105FAACA406DA32A
0FDCC01694BD82813710F56C170A349F9FFF6F76AFFC5FB5FFF1CD00061721F9105FAACA406DB32B
0FDCE01694BA82813710F577170A689F9FFF6F76AFFC5FB5FFF1D100061421F9105FAACA406DA32C
0FDCFD1694B782813710F58E170A889FAFFF6F76AEFC5FB5FE61D200061221F9105FAACA406DA32D
0FDD221694AE82813010F5A2170AB19FBFFF6F86AFFC5FB5FE71D100060F21F9105FAACA406DB32E
0FDD341694AE82813710F5BD170ACD9FCFFF6F86AEFC5FB5FEB1CE00060C21F9105FAACA406D932F
0FDD3E1694B082813010F5D4170AEB9FCFFF6F86AEFC6FB5FEC1CD00060A21F9105FAACA406D9330
0FDD461694B482813710F5EF170B109FDFFF6F86AEFC5FB5FEC1D000060721F9105FAACA406D9331
0FDD4D1694B282813010F5FA170B209FDFFF6F86AEFC5FB5FEC1D200060521F9105FAACA406DA332
0FDD581694AD82813010F5EF170B3A9FEFFF6F86AEFC5FB5FEC1D300060221F9105FAACA406D9333
0FDD691694AE82813010F56F170B4B9FEFFF6F86AFFC6FB59611DC00060021F9105FAACA406DA334
0FDD8A1694B082813010F4CA170B5E9FFFFF6F86AFFC5FB51691E30005FD21F9105FAACA406DB335
0FDDA71694B082813010F458170B79A00FFF6F86AEFC6FB50001E10005FB21F9105FAACA406DA336
0FDDBD1694B082812810F462170B83A01FFF6F86AEFC5FB50001DB0005F921F9105FAACA406DA337
0FDDB91694B182813010F46D170B8EA01FFF6F86AFFC6FB50001D60005F621F9105FAACA406DB338
0FDDCE1694AD82812510F3C7170B9DA02FFF6F86AEFC5FB50091D30005F421F9105FAACA406DA339
0FDDE51694AE82812810F293170BAAA02FFF6F86AEFC5FB50061D00005F121F9105FAACA406DA33A
0FDDF01694B082812810F19B170BADA03FFF6F86AEFC5FB50031CF0005F021F9105FAACA406DA33B
0FDDF71694AD82812810F0F7170BBDA04FFF6F86AEFC5FB50021D10005ED21F9105FAACA406D933C
0FDDFD1694AB82812810F09B170BC7A05FFF6F76AFFC6FB50011D00005EB21F9105FAACA406DB33D
0FDE091694AB82812810F037170BCCA05FFF6F76AFFC6FB50021CF0005E821F9105FAACA406DA33E
0FDE0C1694B282812110EFBF170BD4A05FFF6F76AFFC6FB50031D00005E621F9105FAACA406DA33F
0FDE091694B282812110EF2D170BD7A06FFF6F76AEFC5FB52931D40005E321F9105FAACA406DA340
0FDDFD1694AD82812110EEC7170BE1A06FFF6F66AEFC5FB56E21D60005E121F9105FAACA406DA341
0FDDF71694AB82812110EE94170BE7A07FFF6F66AFFC5FB58301D50005DE21F9105FAACA406DB342
0FDE0C1694A782812110EE94170BE7A07FFF6F56AFFC5FB581F1D30005DC21F9105FAACA406DB343
0FDE171694A582811A10EEB0170BE7A08FFF6F56AFFC6FB57F01D20005D921F9105FAACA406DB344
0FDE281694AA82811A10EED5170BDEA09FFF6F46AFFC5FB57E21D30005D621F9105FAACA406DA345
0FDE291694AC82812110EEF4170BD7A09FFF6F36AFFC5FB57E31DB0005D321F9105FAACA406DB346
0FDE2D1694AB82811A10EEC3170BD2A09FFF6F26AEFC6FB57E51EC0005D021F9105FAACA406D9347
0FDE2B1694AB82811A10EE84170BC7A0AFFF6F16AEFC5FB57E51F00005CD21F9105FAACA406DA348
0FDE341694AB82811A10EE57170BC2A0AFFF6F06AFFC5FB57E51EB0005C921F9105FAACA406DA349
0FDE3C1694A782811210EE3F170BB7A0BFFF6EF6AFFC5FB57E51E70005C521F9105FAACA406DA34A
0FDE6716949A82811A10EE28170B9FA0BFFF6ED6AEFC5FB57E51E20005C221F9105FAACA406DB34B
0FDE8C16949682811210EE0E170B98A0BFFF6EC6AEFC7FB47E51DF0005BD21F9105FAACA406DA34C
0FDE8B16949B82811210EDF2170B83A0CFFF6EB6AFFC8FB25B21DB0005B821F9105FAACA406DA34D
0FDE7216949C82810310EDB1170B79A0CFFF6EA6AFFC9FB23B01D60005B521F9105FAACA406DB34E
0FDE581694A282812510ED7F170B69A0DFFF6E96AEFC9FB23411D70005B021F9105FAACA406DA34F
0FDE451694A582810B10ED7F170B60A0DFFF6E86AEFC9FB13591DA0005AD21F9105FAACA406DA350
0FDE3F16949E82811210ED96170B49A0DFFF6E76AFFC9FB236F1DB0005AA21F9105FAACA406DA351
0FDE5516949B82811210EDB1170B3AA0DFFF6E76AEFC9FB13731DA0005A621F9105FAACA406DA352
0FDE7516948082810B10EDBD170B2AA0DFFF6E66AFFC9FB23721F70005A321F9105FAACA406DB353
0FDE8516933082810B10EDC4170B10A0EFFF6E66AEFC9FB13712120005A121F9105FAACA406DA354
0FDE8016941D82810B10EDD0170AF7A0DFFF6E66AFFC9FB237120B00059E21F9105FAACA406DA355
0FDE8016949882810B10EDD3170ADBA0EFFF6E66AEFC9FB13711FF00059C21F9105FAACA406D9356
0FDE9016949082810B10EDE7170ABCA0EFFF6E66AEFC8FB137220000059B21F9105FAACA406DA357
0FDEA416948C82810B10EDFA170AA7A0FFFF6E76AFFC9FB22D41FD00059921F9105FAACA406DB358
0FDECC16948482810B10EDFE170A92A0FFFF6E76AEFC9FB11621F500059821F9105FAACA406DA359
0FDEE916948682810310EDF3170A93A0FFFF6E76AEFC9FB10E11EB00059721F9105FAACA406DA35A
0FDEF516948B82810B10EDEA170A88A0FFFF6E86AFFC9FB20E11E400059721F9105FAACA406DA35B
0FDEFF16948482810B10EDE7170A92A0FFFF6E96AFFC9FB20F11DD00059721F9105FAACA406DB35C
0FDF1516948582810310EDD0170A9DA0FFFF6E96AEFC8FB10F61D700059821F9105FAACA406DA35D
0FDF2416947F82810310EDBD170AADA0FFFF6E96AEFC9FB10F61D200059921F9105FAACA406D935E
0FDF3116947F82810B10EDB8170AB7A0FFFF6EA6AFFC9FB20F61CE00059A21F9105FAACA406DA35F
0FDF4716947E82810310EDB5170AC6A0FFFF6EB6AFFC9FB20F61CB00059C21F9105FAACA406DA360
0FDF4E16948182810310EDB9170AD1A0FFFF6EB6AFFC9FB20F51CB00059F21F9105FAACA406DA361
0FDF8C16947E82810B10EDB8170ADBA0FFFF6EB6AEFC9FB10F51CB0005A221F9105FAACA406DB362
0FDF8116948482810310EDB5170AF2A0FFFF6EC6AEFC9FB10F61CC0005A521F9105FAACA406DA363
0FDF5616948A82810310EDB5170B15A0FFFF6ED6AEFC9FB30A71CB0005A721F9105FAACA406DA364
0FDF391694938280FC10EDB9170B44A0FFFF6ED6AFFC8FB60211CB0005AA21F9105FAACA406DA365
0FDF1C16949382810F10ED9E170B73A0FFFF6ED6AEFC7FB70001CC0005AE21F9105FAACA406DA366
0FDEF816949882810310ED73170B93A0FFFF6EE6AFFC7FB70001CC0005B221F9105FAACA406DA367
0FDEC61694A082810B10ED4D170B90A0EFFF6EE6AEFC8FB70001D40005B621F9105FAACA406DA368
0FDEA41694A482810310ED36170B7EA0EFFF6EE6AEFC8FB70021DD0005BB21F9105FAACA406DA369
0FDE8F1694A982810310ED2E170B64A0EFFF6EE6AEFC8FB70021DD0005BF21F9105FAACA406DA36A
0FDE801694A782810B10ED2A170B59A0DFFF6EE6AFFC8FB70021D80005C421F9105FAACA406DA36B
0FDE731694A582810B10ED2E170B5EA0EFFF6EE6AEFC8FB70021D50005C821F9105FAACA406D936C
0FDE6E1694A582810310ED2A170B5BA0DFFF6ED6AEFC7FB70021D90005CE21F9105FAACA406D936D
0FDEC51694A282810B10ED2A170B6EA0DFFF6ED6AEFC8FB70021FB0005D321F9105FAACA406DA36E
0FDF0D1694A182810B10ED1B170B98A0CFFF6ED6AFFC8FB70022160005D821F9105FAACA406DA36F
0FDF3216949982810B10ECF4170BE1A0CFFF6EC6AFFC7FB700220E0005DE21F9105FAACA406DB370
0FDF4716949D82810310ECE4170C40A0CFFF6EC6AEFC8FB70021FB0005E421F9105FAACA406DB371
0FDF5216949D82811210ECCA170C99A0BFFF6EB6AEFC8FB70021EC0005EA21F9105FAACA406DA372
0FDF4816949B82810B10ECB2170CF5A0BFFF6EB6AFFC8FB70021E20005F021F9105FAACA406DB373
0FDF4B16949482810B10EC94170D41A0BFFF6EB6AEFC7FB70021DB0005F621F9105FAACA406DB374
0FDF6416949482811210EC8B170D8AA0AFFF6EB6AFFC8FB70021D60005FD21F9105FAACA406DA375
0FDF6116949682810B10EC7D170DC9A0AFFF6EB6AEFC8FB70021D200060321F9105FAACA406DA376
0FDF471694A182811210EC74170E08A09FFF6EA6AEFC7FB70021D100060921F9105FAACA406DA377
0FDF2E16949E82811210EC72170E3CA08FFF6EA6AEFC7FB70021D100061021F9105FAACA406D9378
0FDF2016949B82811210EC74170E71A08FFF6EA6AEFC7FB70021D000061721F9105FAACA406DA379
0FDF2316949E82811210EC72170EA0A07FFF6EA6AFFC7FB70021CE00061E21F9105FAACA406DB37A
0FDF1F1694A082811210EC6C170EDFA06FFF6EA6AFFC7FB70021CD00062421F9105FAACA406DA37B
0FDF271694A882810B10EC6A170F04A05FFF6EB6AFFC8FB70021CB00062B21F9105FAACA406DB37C
0FDF361694A582812510EC69170F3DA04FFF6EB6AFFC6FB50021CD00063121F9105FAACA406DA37D
0FDF441694A182811210EC66170F67A03FFF6EB6AEFC5FB40021D300063721F9105FAACA406DA37E
0FDF591694A382811A10EC65170F91A03FFF6EB6AFFC5FB40021D900063D21F9105FAACA406DA37F
0FDF4F1694A582811A10EC57170FC6A01FFF6EB6AEFC5FB40021D700064321F9105FAACA406DB380
0FDF591694A282812110EC3E170FF0A01FFF6EB6AFFC5FB40021D100064821F9105FAACA406DA381
0FDF641694A082811A10EC2D1710249FFFFF6EC6AFFC5FB40021CD00064E21F9105FAACA406DA382
0FDF681694A082812110EC1F1710599FEFFF6EC6AFFC5FB40021CD00065221F9105FAACA406DB383
0FDF641694A182812110EC0A17108D9FDFFF6EC6AFFC5FB40021CF00065721F9105FAACA406DB384
0FDF641694A182812110EC001710B29FCFFF6ED6AFFC5FB40021CE00065B21F9105FAACA406DB385
0FDF681694A082812110EC031710C79FBFFF6ED6AFFC5FB40021CD00065E21F9105FAACA406DB386
0FDF761694A382812110EC101710D19F9FFF6ED6AFFC5FB40031CB00066121F9105FAACA406DB387
0FDF901694A582812810EC3C1710D79F8FFF6ED6AEFC6FB40021C900066521F9105FAACA406D9388
0FDFD81694A282812110EC801710BC9F7FFF6ED6AEFC5FB40021C900066721F9105FAACA406DA389
0FE04E16949D82812810ECBB1710A79F6FFF6ED6AFFC6FB40021CA00066921F9105FAACA406DB38A
0FE07B16949C82812810ECE417107D9F5FFF6EE6AEFC5FB40021CB00066A21F9105FAACA406DA38B
0FE05E16949F82812810ED0F1710539F3FFF6EE6AEFC5FB40021D000066C21F9105FAACA406DA38C
0FE0521694A382813010ED2E17100F9F2FFF6EE6AFFC5FB40021D700066D21F9105FAACA406DA38D
0FE0451694A282812810ED03170FD09F1FFF6EE6AFFC5FB40011D700066D21F9105FAACA406DB38E
0FE00E1694AC82813010ECD6170F879F1FFF6EF6AFFC6FB40021D300066C21F9105FAACA406DB38F
0FDFDF1694B082812810ECC1170F289EFFFF6EF6AEFC5FB40021D200066B21F9105FAACA406DB390
0FDFD81694B382812810ECB3170EDA9EFFFF6EF6AEFC5FB40021D300066A21F9105FAACA406DB391
0FDFDC1694B582813B10EC97170E769EEFFF6EF6AFFC6FB40021D300066821F9105FAACA406DB392
0FDFCD1694B582813010EC81170E129EDFFF6F06AFFC5FB40031D300066621F9105FAACA406DA393
0FDFC21694B982813010EC61170D9F9ECFFF6F06AFFC6FB40031D300066321F9105FAACA406DB394
0FDFBB1694B382813710EC3C170D2A9EBFFF6F06AFFC6FB40021D200066021F9105FAACA406DB395
0FDFB31694B082813010EC27170CA99EBFFF6F16AFFC7FB50011D200065B21F9105FAACA406DB396
0FDFA51694BF82813710EC31170C0B9EAFFF6F16AEFC7FB50021D100065721F9105FAACA406DA397
0FDF971694C782813710EC3E170B699EAFFF6F26AFFC7FB50021CF00065221F9105FAACA406DB398
0FDF851694C982813710EC4F170AE69E9FFF6F26AEFC7FB50021D000064C21F9105FAACA406DA399
0FDF7A1694CA82813710EC61170A979EAFFF6F36AEFC6FB50021D200064521F9105FAACA406DB39A
0FDF681694CA82813710EC76170A3A9E9FFF6F36AFFC6FB50021D300063E21F9105FAACA406DB39B
0FDF591694C982813710ECBA1709D69E7FFF6F36AFFC6FB50021D000063821F9105FAACA406DB39C
0FDF521694CC82813710ED231709B19E7FFF6F46AFFC6FB50021CD00063121F9105FAACA406DA39D
0FDF4B1694CE82813F10ED861709A69E7FFF6F56AFFC7FB50021CC00062921F9105FAACA406DB39E
0FDF4B1694D282813710EDF61709AC9E7FFF6F56AFFC7FB50031CF00062221F9105FAACA406DB39F
0FDF4E1694CC82813710EE5E1709D69E7FFF6F66AFFC7FB50021D200061B21F9105FAACA406DB3A0
0FDF471694C982813F10EEB4170A2F9E7FFF6F66AEFC7FB50161D500061421F9105FAACA406DB3A1
0FDF471694CA82813F10EF0F170A929E7FFF6F66AEFC6FB50D91D600060E21F9105FAACA406DA3A2
0FDF4F1694C282813710EF5C170AC29E7FFF6F76AEFC6FB51401D500060921F9105FAACA406DA3A3
0FDF521694BF82813010EFA0170AC69E7FFF6F76AFFC7FB514D1D300060421F9105FAACA406DA3A4
0FDF591694BF82814A10EFC7170AC19E7FFF6F76AEFC6FB51441D20005FF21F9105FAACA406DB3A5
0FDF591694BF82813710EFEA170AC19E7FFF6F86AFFC6FB51401DA0005FB21F9105FAACA406DA3A6
0FDF591694BC82813F10F00C170AB89E7FFF6F86AEFC7FB51401EB0005F721F9105FAACA406DA3A7
0FDF521694BD82813710F03E170AAC9E7FFF6F96AFFC7FB51401ED0005F321F9105FAACA406DB3A8
0FDF391694BC82813F10F07C170AA79E7FFF6F96AFFC7FB51401E40005F021F9105FAACA406DB3A9
0FDF231694BE82813F10F0BA170AC69E7FFF6F96AEFC7FB51401DB0005ED21F9105FAACA406DA3AA
0FDF3C1694B882813710F0EF170B059E8FFF6FA6AFFC7FB51401D70005EA21F9105FAACA406DA3AB
0FDF4E1694B582813F10F11E170B569E7FFF6FA6AFFC7FB51411D70005E821F9105FAACA406DB3AC
0FDF3D1694B882813710F151170BC29E8FFF6FB6AEFC7FB51421DC0005E621F9105FAACA406DA3AD
0FDEC51694C582813710F186170C169E8FFF6FC6AFFC7FB41501E20005E421F9105FAACA406DA3AE
0FDE1B1694CC82813F10F1B4170C559E9FFF6FC6AFFC6FB41561DF0005E221F9105FAACA406DA3AF
0FDD7F1694DF82813710F1DE170C849E9FFF6FD6AEFC6FB31571DC0005E021F9105FAACA406DA3B0
0FDD051694E782813710F1FF170CC89E9FFF6FD6AFFC7FB41561D90005DD21F9105FAACA406DB3B1
0FDCD61694DD82813710F227170D109E9FFF6FD6AEFC7FB41551D70005DB21F9105FAACA406DA3B2
0FDCD91694CD82813F10F246170D7A9EAFFF6FE6AFFC7FB41551D40005D921F9105FAACA406DA3B3
0FDCEF1694C682813710F27C170DE39EAFFF6FE6AFFC7FB41551D30005D621F9105FAACA406DB3B4
0FDCF61694C482813010F2B9170E5C9EAFFF6FF6AEFC7FB41551D10005D321F9105FAACA406DA3B5
0FDD0C1694BD82813710F2F3170ECA9EBFFF6FF6AEFC6FB41561D00005D021F9105FAACA406DA3B6
0FDD541694B382813710F329170F389EBFFF6FF6AEFC6FB41571D10005CB21F9105FAACA406DA3B7
0FDDC116949E82813010F376170F919EBFFF6FF6AEFC6FB40C41D30005C721F9105FAACA406DA3B8
0FDE0416949782813410F3BC170FD69ECFFF6FF6AFFC7FB401D1D50005C421F9105FAACA406DB3B9
0FDE2D16948782813010F4071710009ECFFF7006AFFC7FB40001D30005BE21F9105FAACA406DB3BA
0FDE3416948982813710F44A1710249ECFFF7006AFFC7FB40001D10005B821F9105FAACA406DB3BB
0FDDFA16949782813010F4901710449EDFFF7006AEFC7FB40011D10005B321F9105FAACA406DA3BC
0FDDC71694A782813010F4CA1710639EDFFF7016AFFC7FB40021D00005AC21F9105FAACA406DB3BD
0FDDB21694A382813010F4F81710789EDFFF7016AFFC7FB40021CF0005A621F9105FAACA406DB3BE
0FDDF316949A82813010F5261710A29EDFFF7016AFFC7FB40021CF0005A021F9105FAACA406DA3BF
0FDE6316948F82812810F54D1710B79EDFFF7016AFFC7FB40011CF00059921F9105FAACA406DA3C0
0FDEEA16948082813010F5771710D19EEFFF7016AEFC6FB40021CF00059221F9105FAACA406DA3C1
0FDF1C16947C82812810F5A91710EC9EEFFF7026AEFC6FB40021CF00058B21F9105FAACA406DA3C2
0FDF5D16947582813010F5CC1711069EEFFF7026AEFC7FB40031D100058421F9105FAACA406DA3C3
0FDFAD16946F82812110F5EF1711109EEFFF7016AEFC6FB40021D100057D21F9105FAACA406DB3C4
0FDFE616946682812810F6111711209EFFFF7016AEFC6FB40021D100057521F9105FAACA406DA3C5
0FE02B16946382813010F63C17112B9EFFFF7026AFFC6FB50021D200056E21F9105FAACA406DA3C6
0FE05D16946782812110F66A1711339EFFFF7026AEFC5FB50021D100056621F9105FAACA406DB3C7
0FE07716946882812810F67217114A9EFFFF7026AEFC5FB50021D200055E21F9105FAACA406DB3C8
0FE08216946882812110F5C817114A9EFFFF7026AFFC5FB60021D300055721F9105FAACA406DB3C9
0FE08416946582812810F4C617114A9EFFFF7036AFFC5FB60021D500054E21F9105FAACA406DA3CA
0FE09116946E82812110F3DB17114A9EFFFF7036AFFC5FB60021D500054721F9105FAACA406DB3CB
0FE08916947282812110F31E17113A9F0FFF7036AFFC5FB60021D400054021F9105FAACA406DB3CC
0FE06B16947982810B10F2AA1711309F0FFF7036AEFC5FB50021D300053821F9105FAACA406DA3CD
0FE05A16947F82813410F2611711259F0FFF7036AFFC5FB60011D400053221F9105FAACA406DB3CE
0FE04816948582812110F2181711169F0FFF7036AEFC5FB50021D400052B21F9105FAACA406DA3CF
0FE03C16948382812110F1AA17110B9F0FFF7036AFFC5FB60021D200052621F9105FAACA406DB3D0
0FE03A16948182811A10F1441710FB9F0FFF7036AFFC5FB60021D100052121F9105FAACA406DB3D1
0FE03A16948182811A10F0D81710EC9F1FFF7036AEFC6FB50021D000051C21F9105FAACA406DB3D2
0FE03516947F82811A10F0741710E19F1FFF7036AEFC5FB50021CE00051821F9105FAACA406DA3D3
0FE02F16948482811A10F04A1710D79F1FFF7036AEFC5FB50021CE00051421F9105FAACA406DB3D4
0FE02F16948382811A10F0141710C79F1FFF7036AFFC5FB60021CF00051121F9105FAACA406DB3D5
0FE03116948582811A10F01C1710B29F1FFF7036AFFC5FB60021CF00050E21F9105FAACA406DB3D6
0FE02B16948382811A10F0141710A79F1FFF7026AFFC5FB60021CF00050C21F9105FAACA406DA3D7
0FE02016948982811210EFDA1710929F1FFF7026AEFC5FB50021CF00050B21F9105FAACA406DA3D8
0FE01816948F82811A10EF821710839F1FFF7026AFFC5FB60021D100050A21F9105FAACA406DB3D9
0FE00E16948B82811210EF3B1710689F1FFF7016AEFC5FB50021D100050921F9105FAACA406DB3DA
0FE01216948B82811210EF0B1710599F0FFF7016AFFC5FB60031D100050921F9105FAACA406DB3DB
0FE01F16948982811210EEEA1710449F0FFF7016AFFC5FB604C1D200050A21F9105FAACA406DB3DC
0FE02416948782811210EED117102F9F0FFF7006AEFC6FB52651D300050B21F9105FAACA406DA3DD
0FE02816948A82811210EEC21710149F0FFF6FF6AEFC6FB536D1D700050D21F9105FAACA406DB3DE
0FE02316948C82811210EEBC170FFA9EFFFF6FF6AEFC6FB53891F200050F21F9105FAACA406DA3DF
0FDFFC16948F82810B10EEBE170FD09EFFFF6FE6AFFC7FB537221000051021F9105FAACA406DB3E0
0FDFD816948E82811210EEC6170FAC9EFFFF6FD6AEFC7FB536720D00051321F9105FAACA406DA3E1
0FDFF816949082810B10EEC7170F8C9EEFFF6FD6AFFC7FB53661FB00051521F9105FAACA406DB3E2
0FE0191694918280FC10EEC2170F589EEFFF6FC6AFFC6FB53671ED00051721F9105FAACA406DB3E3
0FE02F16948E82812510EEB4170F389EDFFF6FC6AFFC6FB53671E500051A21F9105FAACA406DB3E4
0FE02716948F82810B10EEA3170F049EDFFF6FC6AEFC7FB53671DE00051D21F9105FAACA406DA3E5
0FE02416948E82810B10EEA3170EDA9EDFFF6FC6AEFC7FB53671D800051F21F9105FAACA406DB3E6
0FE02816948C82810B10EEA4170EB09EDFFF6FC6AEFC7FB53681D500052121F9105FAACA406DB3E7
0FE01116949082810B10EEA3170E909ECFFF6FC6AFFC7FB53671D400052321F9105FAACA406DA3E8
0FDFEE16948A82810B10EEA1170E8B9EBFFF6FC6AEFC6FB53671D500052521F9105FAACA406DB3E9
0FDFF516948A82810310EE9F170E769EBFFF6FC6AFFC7FB52DD1D400052721F9105FAACA406DB3EA
0FE00A16948F82810B10EE9B170E579EAFFF6FD6AFFC7FB51E61D200052721F9105FAACA406DB3EB
0FE01916948E82810B10EE8D170E429EAFFF6FD6AEFC7FB51991D000052821F9105FAACA406DB3EC
0FE01216949382810B10EE80170E1D9E9FFF6FD6AEFC7FB519D1CD00052721F9105FAACA406DA3ED
0FE00616949982810310EE76170E089E8FFF6FD6AFFC6FB51A71CC00052621F9105FAACA406DB3EE
0FDFFC16949182810B10EE5A170DEE9E9FFF6FE6AFFC6FB51AA1CD00052521F9105FAACA406DB3EF
0FDFDC16949082810310EE43170DE89E8FFF6FE6AFFC7FB51AA1D100052421F9105FAACA406DB3F0
0FDFC916949482810B10EE38170E039E7FFF6FE6AFFC6FB51AA1D500052121F9105FAACA406DB3F1
0FDFD416949382810310EE24170E1D9E6FFF6FE6AEFC6FB51AA1D600051F21F9105FAACA406DB3F2
0FDFF116949482810B10EE12170E4C9E6FFF6FE6AEFC6FB51AB1D700051B21F9105FAACA406DA3F3
0FE01C16949382810310EE05170E7B9E5FFF6FE6AEFC7FB51091D600051821F9105FAACA406DB3F4
0FE02016949482810B10EDFA170EA59E4FFF6FE6AFFC7FB502D1D300051421F9105FAACA406DB3F5
0FE02F16949382810B10EDEF170ED49E3FFF6FF6AEFC7FB50001D300051021F9105FAACA406DB3F6
0FE04E16949282810310EDE3170ED49E3FFF6FF6AEFC7FB40001D500050B21F9105FAACA406DA3F7
0FE06916949482810B10EDDB170EDA9E3FFF6FF6AEFC7FB40001D700050721F9105FAACA406DA3F8
0FE08116949682810310EDD3170EC59E2FFF6FF6AFFC6FB40031D800050221F9105FAACA406DB3F9
0FE09B16949382810310EDC4170EAA9E1FFF6FF6AFFC6FB40021D70004FC21F9105FAACA406DB3FA
0FE0D216949482810810EDB8170E959E1FFF6FF6AEFC6FB40021D50004F721F9105FAACA406DB3FB
0FE0F016949682810B10EDA9170E809E0FFF6FF6AFFC6FB40021D20004F221F9105FAACA406DB3FC
0FE10C16949382810310ED9E170E7B9DFFFF6FF6AFFC7FB40021CF0004EC21F9105FAACA406DB3FD
0FE11316949582810B10ED9E170E719DFFFF6FF6AEFC6FB30021CD0004E621F9105FAACA406DB3FE
0FE12A16948F82810B10ED96170E669DEFFF6FF6AEFC6FB40031CB0004E021F9105FAACA406DB3FF
0FE13016948982810B10ED8A170E619DEFFF6FE6AEFC6FB40021CA0004DA21F9105FAACA406DB300
0FE13116948A82810310ED83170E4C9DDFFF6FE6AEFC6FB40021CA0004D521F9105FAACA406DB301
0FE11E16948982810B10ED77170E429DDFFF6FE6AFFC7FB40021CB0004CF21F9105FAACA406DB302
0FE10C16948A82810B10ED73170E329DCFFF6FE6AFFC7FB40021CC0004C921F9105FAACA406DB303
0FE11816948982810B10ED6F170E1D9DBFFF6FE6AFFC7FB40011CC0004C221F9105FAACA406DB304
0FE12116948882810B10ED6C170E089DBFFF6FF6AFFC6FB40011CC0004BC21F9105FAACA406DB305
0FE12116948782811210ED68170DF89DAFFF6FF6AEFC6FB40021CC0004B621F9105FAACA406DA306
0FE11B16948782810B10ED5C170DE39DAFFF6FF6AFFC6FB40021CB0004B021F9105FAACA406DB307
0FE11E16948782810B10ED4D170DD99D9FFF6FF6AEFC7FB40021CC0004A921F9105FAACA406DB308
0FE12D16948782810B10ED51170DC99D9FFF6FF6AEFC7FB40021CD0004A321F9105FAACA406DB309
0FE13016947F82811210ED54170DC99D8FFF7006AEFC7FB40021CD00049D21F9105FAACA406DB30A
0FE13716948182810B10ED68170DCE9D7FFF7006AFFC7FB40031CB00049721F9105FAACA406DB30B
0FE14716947A82811210ED9A170DC89D6FFF7006AFFC6FB40021C900049121F9105FAACA406DB30C
0FE15816947A82811210EDB9170DD99D5FFF7006AFFC7FB40021C800048C21F9105FAACA406DB30D
0FE15F16947C82810B10EDE7170DE39D5FFF7016AFFC7FB40021CA00048721F9105FAACA406DB30E
0FE16016947F82811210EE29170DE89D5FFF7016AFFC7FB50021CC00048121F9105FAACA406DB30F
0FE15816947E82811210EE71170DE39D4FFF7016AFFC8FB50011CE00047C21F9105FAACA406DB310
0FE16316947F82810310EEAE170DF39D3FFF7016AEFC8FB50021CE00047721F9105FAACA406DB311
0FE18A16947F82812510EEE2170DFD9D3FFF7016AFFC8FB50011CB00047221F9105FAACA406DB312
0FE1BD16947982811210EF07170DF89D2FFF7016AFFC8FB50021C900046D21F9105FAACA406DB313
0FE1E516947082811A10EF2C170E039D1FFF7016AEFC7FB50021C700046921F9105FAACA406DB314
0FE1FB16946D82811210EF50170E039D1FFF7016AEFC7FB50021C600046521F9105FAACA406DB315
0FE20D16947482811A10EF63170E089D0FFF7016AFFC8FB50021C600046121F9105FAACA406DB316
0FE21816947082811210EF62170E029CFFFF7016AFFC8FB50021C700045C21F9105FAACA406DB317
0FE21016946D82811A10EF54170E039CFFFF7016AEFC8FB50021C800045921F9105FAACA406DB318
0FE1FE16947182811A10EF4C170E089CEFFF7016AEFC8FB50021CA00045521F9105FAACA406DB319
0FE1E116947982811A10EF1C170E039CEFFF7016AEFC8FB50021CC00045221F9105FAACA406DA31A
0FE1BD16947982811A10EEF4170DF39CDFFF7016AEFC8FB50021CD00044E21F9105FAACA406DB31B
0FE18A16947A82812110EF05170DE89CDFFF7016AEFC8FB50021CB00044B21F9105FAACA406DB31C
0FE17D16947582811A10EF12170DDE9CCFFF7016AEFC7FB50021CB00044821F9105FAACA406DB31D
0FE18316947582812110EF12170DCE9CBFFF7016AEFC8FB50021CC00044521F9105FAACA406DB31E
0FE18716947C82811A10EEFD170DB49CBFFF7016AFFC8FB50021CC00044221F9105FAACA406DB31F
0FE18416948082812110EED9170DA49CAFFF7016AFFC8FB50021CD00043F21F9105FAACA406DB320
0FE17516948182812110EEA3170D809CAFFF7016AFFC8FB50021CD00043B21F9105FAACA406DB321
0FE16E16948182812110EE67170D699C9FFF7016AEFC8FB50021CB00043821F9105FAACA406DB322
0FE16A16948182812110EE30170D4B9C9FFF7016AFFC7FB50031CB00043621F9105FAACA406DB323
0FE16316948182812110EE29170D369C9FFF7016AEFC8FB50021CD00043321F9105FAACA406DB324
0FE15916948982812110EE05170D469C9FFF7016AEFC7FB50021CD00042F21F9105FAACA406DB325
0FE14D16948982811A10EDEE170D659C8FFF7016AEFC8FB50021CE00042C21F9105FAACA406DB326
0FE13416948882812D10EDF7170D6B9C7FFF7026AFFC7FB30021CE00042821F9105FAACA406DB327
0FE11116948E82812810EE88170D759C7FFF7026AEFC6FB30021CB00042521F9105FAACA406DB328
0FE0E416949182812810EF5E170D7A9C7FFF7026AEFC6FB30021C900042221F9105FAACA406DA329
0FE0C516949482812810EFEE170DA49C7FFF7036AFFC7FB30021C800041F21F9105FAACA406DB32A
0FE09F16949982812110F059170DE39C6FFF7046AFFC7FB30021CB00041C21F9105FAACA406DB32B
0FE08216949B82813010F09B170E4C9C6FFF7056AEFC6FB30021D000041921F9105FAACA406DB32C
0FE06F16949582812110F0BD170E9B9C6FFF7056AEFC6FB30021D100041521F9105FAACA406DB32D
0FE06516949582813010F0E0170EE99C6FFF7076AFFC6FB30021D100041221F9105FAACA406DB32E
0FE06116949682812810F0FB170F049C6FFF7076AEFC6FB30031D100041021F9105FAACA406DB32F
0FE06F16949382812810F123170F1E9C6FFF7096AEFC6FB30021D300040D21F9105FAACA406DB330
0FE07716949182813010F144170F339C6FFF7096AEFC7FB30021D700040A21F9105FAACA406DB331
0FE07E16948E82812810F15F170F389C6FFF70B6AEFC6FB30011D800040721F9105FAACA406DA332
0FE08116948F82813010F174170F529C6FFF70C6AEFC7FB30021D500040521F9105FAACA406DA333
0FE07E16949182812810F1A1170F629C6FFF70D6AEFC6FB30021D200040221F9105FAACA406DB334
0FE07716949282813010F1DE170F7C9C7FFF70E6AEFC7FB30021CE00040021F9105FAACA406DB335
0FE07616948A82813010F22B170FA19C7FFF70F6AEFC6FB30021CD0003FD21F9105FAACA406DB336
0FE07416948A82813010F277170FC69C7FFF7106AEFC6FB30021CD0003FB21F9105FAACA406DA337
0FE08116948C82813010F2BE170FFA9C7FFF7116AFFC6FB30021CD0003F921F9105FAACA406DB338
0FE08616948F82813010F2FF1710299C8FFF7116AEFC6FB30021CF0003F621F9105FAACA406DB339
0FE08916948E82813010F33917105E9C8FFF7126AEFC6FB30021D30003F421F9105FAACA406DA33A
0FE07616949082812810F37E17107D9C8FFF7126AEFC6FB30021DE0003F221F9105FAACA406DB33B
0FE05716949282813410F3B517109D9C9FFF7136AFFC7FB32121E20003F021F9105FAACA406DB33C
0FE02416949482813010F3EA1710AD9C9FFF7136AFFC6FB36BB1DF0003EE21F9105FAACA406DB33D
0FE01116949382813010F4111710D79C9FFF7146AEFC7FB38551DA0003EC21F9105FAACA406DB33E
0FE01516949182813710F4331710FB9CAFFF7146AEFC6FB38531D50003EA21F9105FAACA406DB33F
0FE00016949482813010F4471711309CAFFF7156AEFC5FB48201D70003E721F9105FAACA406DB340
0FDFD016949382813010F44717115A9CBFFF7156AEFC5FB48101E90003E621F9105FAACA406DB341
0FDFC616949182813710F4601711949CBFFF7156AEFC5FB48101F10003E421F9105FAACA406DB342
0FDFD116949282813010F4901711BB9CCFFF7156AEFC5FB48111EB0003E121F9105FAACA406DB343
0FDFDB16949182813010F4CA1711ED9CCFFF7156AEFC5FB48121E40003DF21F9105FAACA406DB344
0FDFBB16949182813710F50317121C9CDFFF7166AEFC5FB48121DF0003DD21F9105FAACA406DB345
0FDFC616949182813010F51E17124C9CDFFF7166AEFC5FB48121DB0003DC21F9105FAACA406DA346
0FDFDB16949182813710F5321712809CDFFF7176AFFC6FB48131D90003DA21F9105FAACA406DB347
0FDFE616948E82813010F54D1712AF9CEFFF7186AEFC5FB45491D80003D821F9105FAACA406DB348
0FE00E16948982813710F5771712E49CEFFF7186AEFC5FB41B81D60003D621F9105FAACA406DB349
0FE04716948B82813710F5B51712FE9CEFFF7196AEFC6FB40C71D50003D421F9105FAACA406DB34A
0FE05A16948C82813010F5EF17131E9CFFFF71A6AEFC5FB40E21D40003D221F9105FAACA406DB34B
0FE04816948C82813710F6251713239D0FFF71B6AEFC5FB41091D50003D021F9105FAACA406DB34C
0FDFED16949382813010F65717133D9D0FFF71C6AEFC5FB41131D50003CF21F9105FAACA406DB34D
0FDFBB16949982813710F69117135D9D0FFF71D6AEFC5FB41111D50003CD21F9105FAACA406DB34E
0FDF8C16949B82812810F6CB17136C9D1FFF71E6AEFC5FB41101D60003CC21F9105FAACA406DB34F
0FDF5D16949C82814310F6FD17138C9D1FFF7206AEFC6FB41101D60003C921F9105FAACA406DA350
0FDF2316949F82813010F7371713A19D2FFF7216AEFC5FB41101D50003C821F9105FAACA406DB351
0FDEC91694A382813710F7691713B19D2FFF7226AEFC5FB41101D30003C721F9105FAACA406DB352
0FDE6E16949E82812810F7971713D09D2FFF7236AEFC6FB41101D20003C521F9105FAACA406DB353
0FDE3A16949E82813F10F7C91713F09D3FFF7246AEFC5FB40C61D20003C421F9105FAACA406DB354
0FDE101694A382813710F7F41714009D3FFF7256AEFC5FB402C1D10003C221F9105FAACA406DA355
0FDDF31694A282813710F82617141F9D4FFF7276AEFC5FB40001D10003C121F9105FAACA406DB356
0FDDE51694A582813010F8541714399D4FFF7276AEFC6FB40001D20003BF21F9105FAACA406DB357
0FDDD91694A682813710F88717144E9D5FFF7286AEFC5FB50001D30003BE21F9105FAACA406DB358
0FDDCF1694A282813710F8B11714639D5FFF7296AEFC5FB50021D10003BD21F9105FAACA406DB359
0FDDD61694A082813710F8DC17147E9D5FFF72A6AEFC5FB50021CE0003BC21F9105FAACA406DB35A
0FDE1416949D82813010F9061714989D6FFF72A6AEFC5FB50021CC0003BA21F9105FAACA406DA35B
0FDE5716949082813710F9381714A89D6FFF72A6AEFC5FB50021CB0003BA21F9105FAACA406DB35C
0FDE7216948F82813710F96B1714B89D7FFF72B6AEFC5FB50021CC0003B921F9105FAACA406DB35D
0FDE8416948E82813710F99D1714D19D7FFF72B6AEFC6FB50021CF0003B821F9105FAACA406DB35E
0FDE9A16948D82813010F9D31714DC9D7FFF72B6AEFC5FB50031D20003B721F9105FAACA406DB35F
0FDEBF16948C82813710F9FF1714E79D7FFF72B6AEFC5FB50021D50003B621F9105FAACA406DB360
0FDEE616948982813710FA301714FC9D8FFF72B6AEFC5FB50021D50003B521F9105FAACA406DA361
0FDEF816948382813710FA521715119D8FFF72B6AEFC6FB50011DA0003B321F9105FAACA406DB362
0FDEEA16948582811A10FA7D1715159D9FFF72B6AEFC5FB50021DE0003B321F9105FAACA406DB363
0FDECC16948782814A10FAA417152B9D9FFF72B6AEFC5FB50021DD0003B221F9105FAACA406DB364
0FDEBE16948B82813710FAC317153B9D9FFF72B6AEFC5FB50021DA0003B021F9105FAACA406DB365
0FDEC116948D82813710FAE917154B9D9FFF72B6AFFC6FB50021D60003B021F9105FAACA406DB366
0FDEC616948982813010FB041715659DAFFF72B6AEFC5FB50021D30003AE21F9105FAACA406DB367
0FDEC116948A82813710FB2B17157D9DAFFF72B6AEFC5FB50021D20003AE21F9105FAACA406DB368
0FDE9D16948C82813710FB4A17158F9DAFFF72B6AEFC5FB50021D20003AD21F9105FAACA406DA369
0FDEC216948C82813010FB691715A99DAFFF72B6AEFC6FB50021D40003AB21F9105FAACA406DB36A
0FDF2A16947D82813710FB801715BE9DBFFF72B6AEFC5FB50031D50003AA21F9105FAACA406DB36B
0FDFA216947482813710FBA31715E69DBFFF72B6AEFC5FB50021D40003AA21F9105FAACA406DB36C
0FDFF116946F82813010FBB61715FD9DBFFF72C6AEFC6FB50021D30003A821F9105FAACA406DA36D
0FE02B16946D82813710FBD11716229DBFFF72C6AEFC6FB50021D20003A821F9105FAACA406DB36E
0FE03A16946D82813010FBEC1716329DBFFF72C6AEFC6FB40021D20003A721F9105FAACA406DB36F
0FE04B16946682813710FC021716649DBFFF72C6AEFC5FB20021D10003A621F9105FAACA406DB370
0FE04C16946E82813710FC1B1716869DBFFF72C6AEFC5FB20021D10003A421F9105FAACA406DB371
0FDFEA16947982813010FC2E1716AB9DBFFF72C6AEFC6FB20021D00003A421F9105FAACA406DB372
0FDFD416947982813010FC4D1716D29DBFFF72D6AEFC5FB20021D00003A321F9105FAACA406DB373
0FDFF116947082813710FC5D1716F59DBFFF72D6AEFC5FB20021D10003A121F9105FAACA406DB374
0FE03A16946682813010FC7217171F9DBFFF72D6AEFC5FB20021D10003A021F9105FAACA406DB375
0FE08B16945B82813010FC7F1717499DBFFF72D6AEFC6FB20021D000039F21F9105FAACA406DB376
0FE0DD16945C82812110FC9A17176F9DCFFF72D6AEFC5FB20031CF00039F21F9105FAACA406DB377
0FE10816945A82814A10FCAE17178D9DCFFF72E6AEFC5FB10021CF00039E21F9105FAACA406DB378
0FE0F416946082813010FCC11717B79DBFFF72E6AEFC5FB20021D100039D21F9105FAACA406DB379
0FE09816946782813010FCD61717D89DBFFF72E6AEFC6FB20021D300039C21F9105FAACA406DB37A
0FE07E16946F82813710FCE81717F69DBFFF72F6AEFC5FB10021D500039B21F9105FAACA406DB37B
0FE07D16946F82813010FCFF1718119DBFFF72F6AEFC5FB10021D900039A21F9105FAACA406DB37C
0FE06916946A82813010FD121718319DBFFF72F6AEFC5FB10021DD00039921F9105FAACA406DB37D
0FE05A16946B82813010FD2E1718509DBFFF72F6AEFC5FB10021DD00039821F9105FAACA406DB37E
0FE01F16947482813010FD421718709DCFFF72F6AEFC5FB10021DC00039721F9105FAACA406DB37F
0FDFF116947C82813010FD5817188A9DBFFF7306AEFC5FB20011DA00039621F9105FAACA406DB380
0FDFC916947D82813710FD731718AF9DCFFF7306AEFC5FB20021D700039621F9105FAACA406DB381
0FDFA516948482812810FD871718D49DCFFF7306AEFC5FB10021D600039521F9105FAACA406DB382
0FDF9016948382813010FD9A1718F89DCFFF7316AEFC5FB10031D600039421F9105FAACA406DB383
0FDF7616948982813710FDB11719139DCFFF7316AEFC5FB230B1D600039321F9105FAACA406DB384
0FDF6116948982812810FDBD17192D9DCFFF7316AEFC5FB17041D600039221F9105FAACA406DB385
0FDF4E16948382813010FDD017194D9DCFFF7316AEFC5FB28151D500039121F9105FAACA406DB386
0FDF4B16948682813010FDD41719629DCFFF7316AEFC6FB27F81D500039021F9105FAACA406DB387
0FDF4816948882813010FDE01719809DCFFF7316AEFC6FB37CD1DB00039021F9105FAACA406DB388
0FDF4016948382813010FDEF1719A19DCFFF7326AEFC7FB47C21DE00039021F9105FAACA406DB389
0FDF4416947E82812810FDFB1719B09DCFFF7326AEFC7FB47C31DE00038F21F9105FAACA406DB38A
0FDF3916947F82812110FE0E1719D09DCFFF7326AFFC7FB47C51DD00038E21F9105FAACA406DB38B
0FDF2716948982813B10FE191719E09DCFFF7326AEFC6FB47C51DB00038D21F9105FAACA406DB38C
0FDEF816948F82813010FE291719F99DCFFF7326AEFC7FB47C51D900038C21F9105FAACA406DB38D
0FDEE616948B82812810FE39171A0A9DDFFF7326AEFC7FB47C51D900038B21F9105FAACA406DB38E
0FDEC616948E82813010FE48171A289DDFFF7326AEFC6FB47C61DC00038B21F9105FAACA406DB38F
0FDE9D16949182812810FE5B171A3A9DDFFF7326AEFC7FB47C51DB00038A21F9105FAACA406DB390
0FDE7216949882812810FE6B171A489DDFFF7326AEFC7FB47C51D800038A21F9105FAACA406DB391
0FDE6116949882813010FE73171A5E9DDFFF7326AEFC6FB45701D700038921F9105FAACA406DB392
0FDE5116949982812810FE81171A6E9DDFFF7326AEFC7FB42541D800038821F9105FAACA406DB393
0FDE4616949882812810FE8E171A7C9DDFFF7326AEFC7FB417D1F200038821F9105FAACA406DB394
0FDE3416949382813010FE96171A899DDFFF7326AEFC6FB419320700038721F9105FAACA406DB395
0FDE2416949282812810FEA9171A8C9DDFFF7326AEFC7FB41B520200038721F9105FAACA406DB396
0FDE1416949482812810FEB7171A9E9DDFFF7326AEFC7FB41BE1F600038621F9105FAACA406DB397
0FDE1016949982812810FECC171AA69DDFFF7326AEFC7FB41BD1ED00038521F9105FAACA406DB398
0FDE0C16949882812810FEBC171AA89DDFFF7316AEFC6FB41BB1E700038521F9105FAACA406DB399
0FDE2116949682812810FDE0171AAD9DDFFF7316AEFC6FB41BB1E200038421F9105FAACA406DB39A
0FDE3116949382812810FC85171AAB9DEFFF7316AEFC7FB41BB1E300038421F9105FAACA406DB39B
0FDE3116949182812110FB33171AB89DEFFF7306AEFC7FB41BB1E800038421F9105FAACA406DB39C
0FDE2D16949582812810FA20171AB69DEFFF7306AEFC7FB41BA1E600038321F9105FAACA406DB39D
0FDE2B16949382812810F931171AB89DEFFF72F6AEFC7FB41A61E000038321F9105FAACA406DB39E
0FDE3C16949182812110F87B171ABB9DEFFF72F6AEFC7FB419A1DD00038221F9105FAACA406DB39F
0FDE5516948E82812D10F7F0171ABD9DEFFF72E6AEFC6FB31991DE00038221F9105FAACA406DB3A0
0FDE6E16948982812110F790171AC09DEFFF72E6AEFC5FB319A1DF00038121F9105FAACA406DB3A1
0FDE7B16948782812810F742171ABD9DEFFF72D6AEFC5FB319A1DD00038121F9105FAACA406DB3A2
0FDE8416948482812110F718171AB89DEFFF72D6AEFC5FB319A1DD00038021F9105FAACA406DB3A3
0FDE9616948682812110F6ED171AB69DFFFF72D6AFFC5FB319A1DA00038021F9105FAACA406DB3A4
0FDEBE16948782812810F6C3171AA89DFFFF72C6AEFC5FB319A1D700038021F9105FAACA406DB3A5
0FDEE316948382812110F6A8171AA69DFFFF72C6AEFC5FB319B1D700037F21F9105FAACA406DB3A6
0FDEF416948182812110F67A171A939DFFFF72B6AFFC5FB319B1D700037F21F9105FAACA406DB3A7
0FDEFF16947E82812110F647171A879DFFFF72B6AEFC5FB31051D700037E21F9105FAACA406DB3A8
0FDF2016947982812110F612171A739DFFFF72B6AEFC5FB302E1D900037E21F9105FAACA406DB3A9
0FDF4B16947C82812110F5D0171A629DFFFF72B6AEFC5FB30001DA00037E21F9105FAACA406DB3AA
0FDF6116947D82812110F5A2171A499E0FFF72B6AEFC5FB30001DD00037D21F9105FAACA406DB3AB
0FDF6116947582812110F577171A2F9E0FFF72B6AEFC5FB40001E200037D21F9105FAACA406DB3AC
0FDF6816947282812110F53D171A0E9E0FFF72B6AEFC5FB30021E300037D21F9105FAACA406DB3AD
0FDF8516947282811A10F4CA1719E59E1FFF72B6AEFC5FB30021E100037C21F9105FAACA406DB3AE
0FDFA116947582812110F4521719BF9E1FFF72B6AEFC5FB30021E000037B21F9105FAACA406DB3AF
0FDFC216947482811A10F3DF17198C9E1FFF72B6AEFC5FB40021DE00037B21F9105FAACA406DA3B0
0FE00016946C82812110F37B1719529E1FFF72B6AEFC5FB30021DC00037A21F9105FAACA406DB3B1
0FE02416946982811A10F31A1719229E1FFF72B6AEFC5FB30021DC00037A21F9105FAACA406DB3B2
0FE03C16946882812110F2C91718E99E2FFF72C6AEFC5FB30031E100037A21F9105FAACA406DB3B3
0FE05E16946882811A10F27C1718A49E2FFF72C6AEFC5FB30021E500037921F9105FAACA406DB3B4
0FE08816946582810310F24617186A9E2FFF72C6AEFC5FB30021E500037921F9105FAACA406DB3B5
0FE09416946382812D10F21B17182B9E2FFF72C6AEFC5FB30021E300037921F9105FAACA406DB3B6
0FE0C316946082812110F1F11717E89E2FFF72C6AEFC5FB30021E000037821F9105FAACA406DB3B7
0FE12316945682811A10F1CB1717A29E3FFF72C6AEFC5FB30011DD00037821F9105FAACA406DB3B8
0FE17C16945082811210F1911717739E3FFF72C6AEFC6FB40021DB00037721F9105FAACA406DB3B9
0FE1E916944382811A10F1551717309E3FFF72C6AEFC7FB40021DA00037721F9105FAACA406DA3BA
0FE25816943782811A10F1121716F59E4FFF72C6AEFC7FB40021D900037621F9105FAACA406DB3BB
0FE29316943882811A10F0D11716C09E4FFF72C6AEFC7FB40021D900037721F9105FAACA406DB3BC
0FE2A416943282811210F0A717167C9E4FFF72C6AEFC7FB40021D700037621F9105FAACA406DB3BD
0FE2B016943882811A10F0841716449E4FFF72B6AEFC6FB40021D600037621F9105FAACA406DB3BE
0FE2AF16943E82811210F0651715FD9E5FFF72B6AFFC7FB40031DA00037521F9105FAACA406DB3BF
0FE29716944682811210F0521715B99E5FFF72B6AEFC7FB40021E000037421F9105FAACA406DB3C0
0FE26316945082811A10F0331715659E5FFF72B6AEFC7FB40021E300037421F9105FAACA406DB3C1
0FE21B16945B82811210F0051715249E6FFF72A6AEFC6FB40021E100037421F9105FAACA406DB3C2
0FE1DE16945E82811210EFDE1714E79E6FFF72A6AEFC7FB40011DE00037321F9105FAACA406DB3C3
0FE1A416945E82811210EFC01714A29E7FFF72A6AEFC6FB40021DC00037321F9105FAACA406DB3C4
0FE17C16946282811210EFA81714699E7FFF72A6AEFC6FB40021DB00037321F9105FAACA406DB3C5
0FE16B16946A82811210EFA81714449E7FFF72A6AEFC7FB40011D900037221F9105FAACA406DB3C6
0FE15816946282811210EFAC1714249E8FFF72A6AEFC6FB40021D900037221F9105FAACA406DB3C7
0FE14D16946182811210EFB417140A9E8FFF72A6AEFC7FB40021D700037221F9105FAACA406DB3C8
0FE15516946082811210EFB71714009E9FFF72A6AEFC7FB40021D500037121F9105FAACA406DB3C9
0FE17C16945E82810B10EFC01713F59E9FFF72A6AEFC6FB40011D400037121F9105FAACA406DB3CA
0FE19616945B82810B10EFBC1714059E8FFF72A6AEFC6FB40021D600037121F9105FAACA406DB3CB
0FE19916945982811610EFBF1714159E9FFF72A6AEFC7FB423D1D700037121F9105FAACA406DB3CC
0FE1A016945882811210EFBC1714399EAFFF72A6AEFC7FB46B81D700037021F9105FAACA406DB3CD
0FE1CC16945882810B10EFB81714539EAFFF72A6AEFC6FB48301D600037021F9105FAACA406DB3CE
0FE1FE16945182811210EFBB17147E9EAFFF72A6AEFC7FB48271D900037021F9105FAACA406DB3CF
0FE21416945182810B10EFB81714939EBFFF72A6AEFC7FB47F61DC00037021F9105FAACA406DB3D0
0FE22D16944D82811210EFB81714AD9EBFFF72A6AEFC7FB47E61DA00037021F9105FAACA406DB3D1
0FE25516944A82810B10EFB71714B29EBFFF72A6AEFC8FB47E71D700036F21F9105FAACA406DB3D2
0FE27916944C82810B10EFB81714C69ECFFF72A6AEFC8FB47E91D500036F21F9105FAACA406DB3D3
0FE27616944E82811210EFB01714C79ECFFF72A6AEFC8FB47E91D700036E21F9105FAACA406DB3D4
0FE27916944E82810B10EFAB1714C29ECFFF72A6AEFC7FB47E91DB00036F21F9105FAACA406DB3D5
0FE28116945182810B10EF9D1714AD9EDFFF72A6AEFC7FB47E91DA00036F21F9105FAACA406DB3D6
0FE29516944C82810B10EF901714789EDFFF72A6AEFC7FB47EA1D600036E21F9105FAACA406DB3D7
0FE2B416944982810B10EF8E17142E9EDFFF72A6AEFC8FB47E71D500036D21F9105FAACA406DB3D8
0FE2CF16944A82810B10EF861713DB9EEFFF72A6AEFC8FB443D1D500036D21F9105FAACA406DB3D9
0FE30B16944682811210EF851713729EEFFF72A6AEFC7FB41671D400036D21F9105FAACA406DB3DA
0FE32F16943D82810B10EF7617131E9EEFFF72A6AEFC8FB40DD1D400036D21F9105FAACA406DB3DB
0FE33416944182810B10EF6F1712C49EFFFF72B6AEFC8FB41051D500036C21F9105FAACA406DB3DC
0FE32F16944782810B10EF661712769EFFFF72B6AEFC8FB41231D500036C21F9105FAACA406DA3DD
0FE33416944682810B10EF501712279EFFFF72B6AEFC7FB41291D500036C21F9105FAACA406DB3DE
0FE33A16944582810B10EF4C1711ED9EFFFF72B6AEFC7FB41271D800036C21F9105FAACA406DB3DF
0FE34616944182810B10EF4B1711AE9EFFFF72B6AEFC8FB41261DE00036C21F9105FAACA406DB3E0
0FE35716943F82810B10EF4C1711779EFFFF72C6AEFC8FB41251DE00036B21F9105FAACA406DB3E1
0FE36A16943C8280F410EF441711409EFFFF72C6AEFC7FB41251DA00036B21F9105FAACA406DB3E2
0FE38616943A82812510EF371711109F0FFF72D6AEFC8FB41261D600036B21F9105FAACA406DB3E3
0FE38716944182810B10EF2A1710EC9F0FFF72D6AEFC8FB30CF1D400036B21F9105FAACA406DB3E4
0FE37016944182810B10EF151710D79F0FFF72D6AEFC8FB402B1D300036A21F9105FAACA406DB3E5
0FE35416944382810B10EF0B1710CC9F0FFF72E6AEFC8FB40001D300036A21F9105FAACA406DB3E6
0FE37016944182811210EF0B1710CC9F0FFF72E6AEFC8FB40001D300036A21F9105FAACA406DB3E7
0FE37C16943F82810B10EF091710CC9F0FFF72F6AEFC8FB40001D400036A21F9105FAACA406DB3E8
0FE39116943C82810B10EEFB1710B29F0FFF72F6AEFC7FB40021D600036921F9105FAACA406DB3E9
0FE3AF16943A82810B10EEEC1710929F0FFF72F6AEFC7FB40021D600036921F9105FAACA406DB3EA
0FE3B516944282811210EEE217106E9F0FFF72F6AEFC6FB40021D500036921F9105FAACA406DB3EB
0FE3A416944582810B10EEE01710449F1FFF72F6AEFC6FB40021D400036821F9105FAACA406DB3EC
0FE3A316944482810B10EEDE17101A9F0FFF7306AEFC6FB40021D400036921F9105FAACA406DB3ED
0FE39F16943D82811210EEE0170FF59F0FFF7306AEFC6FB40021D400036821F9105FAACA406DB3EE
0FE39D16943D82810B10EEDD170FDB9F0FFF7306AEFC7FB40031D400036821F9105FAACA406DB3EF
0FE39116943F82810B10EED3170FB69F0FFF7306AEFC6FB40021DD00036721F9105FAACA406DB3F0
0FE37C16944682811210EEC9170FA19F0FFF72F6AEFC7FB40021E500036721F9105FAACA406DB3F1
0FE37716944382811210EEB8170F919EFFFF72F6AEFC7FB40021E300036721F9105FAACA406DB3F2
0FE37516944382810B10EE9F170F779EFFFF72F6AEFC7FB40021DF00036721F9105FAACA406DB3F3
0FE36C16944482811210EE94170F629EFFFF72F6AEFC7FB40021DB00036721F9105FAACA406DB3F4
0FE34616944782811210EE91170F589EFFFF72F6AEFC7FB40021D700036621F9105FAACA406DB3F5
0FE31516945082811210EE88170F439EFFFF72F6AEFC7FB40021D300036621F9105FAACA406DB3F6
0FE2F716945382810B10EE84170F3D9EEFFF72E6AEFC7FB40021D200036621F9105FAACA406DB3F7
0FE2D816945382811210EE89170F439EEFFF72E6AEFC6FB40021D500036521F9105FAACA406DB3F8
0FE2C416945782810F10EEC2170F529EDFFF72E6AEFC7FB40021ED00036621F9105FAACA406DB3F9
0FE28816945C82811A10EEF2170F679EDFFF72E6AEFC7FB40021FE00036521F9105FAACA406DB3FA
0FE24D16946182811210EEFB170F7C9ECFFF72E6AEFC6FB40021FC00036521F9105FAACA406DB3FB
0FE22D16946382811210EEFB170F979ECFFF72E6AEFC6FB40021F400036521F9105FAACA406DB3FC
0FE21016946682811210EEEE170FB69EBFFF72E6AEFC7FB40021ED00036421F9105FAACA406DB3FD
0FE1F016946882811A10EEE0170FD09EBFFF72E6AEFC6FB40021E800036421F9105FAACA406DB3FE
0FE1D316946582811210EEE6170FF09EAFFF72E6AEFC7FB40021E200036421F9105FAACA406DB3FF
0FE1C116946482811A10EEE41710149EAFFF72F6AEFC7FB40021DD00036421F9105FAACA406DB300
0FE1B616946382811210EEF417102F9E9FFF72F6AEFC7FB50021D700036321F9105FAACA406DB301
0FE1C116946382811A10EEFD17105E9E8FFF72F6AEFC7FB50021D300036421F9105FAACA406DB302
0FE1CF16946382811A10EF0B1710739E8FFF7306AEFC7FB50021D000036321F9105FAACA406DB303
0FE1DE16946382811A10EF1E1710A29E7FFF7306AEFC7FB50021CF00036321F9105FAACA406DB304
0FE1E516946382811A10EF301710BC9E7FFF7306AEFC7FB50021CF00036321F9105FAACA406DB305
0FE1F016946082811A10EF391710EC9E6FFF7316AEFC6FB50021CE00036321F9105FAACA406DB306
0FE1FB16945E82811A10EF501711169E5FFF7316AEFC6FB50031CD00036321F9105FAACA406DB307
0FE1BA16946582811A10EF661711359E5FFF7316AEFC7FB50021CC00036221F9105FAACA406DB308
0FE15416946882812110EF7617115F9E4FFF7326AEFC6FB50021CC00036221F9105FAACA406DB309
0FE15516946B82811A10EF811711849E4FFF7326AEFC6FB50021CD00036221F9105FAACA406DB30A
0FE14616946A82812110EF8E1711A99E3FFF7336AEFC6FB50011CE00036221F9105FAACA406DB30B
0FE16616946282811A10EFA11711C89E3FFF7336AEFC7FB50021CD00036221F9105FAACA406DB30C
0FE19D16946282812110EFAF1711ED9E2FFF7346AEFC7FB50021CE00036221F9105FAACA406DB30D
0FE1CC16946382812110EFC31712029E1FFF7346AEFC6FB50021D100036121F9105FAACA406DB30E
0FE1D716946382811E10EFEA1712179E1FFF7356AEFC7FB50021D400036121F9105FAACA406DB30F
0FE1C116946682812110F0101712219E0FFF7356AEFC7FB50021D800036021F9105FAACA406DB310
0FE18716946B82812110F02B1712339DFFFF7366AEFC7FB50021DC00036121F9105FAACA406DB311
0FE14716946D82812810F0331712369DFFFF7366AEFC7FB50021DD00035F21F9105FAACA406DB312
0FE10816947182812110F0371712319DFFFF7376AEFC7FB50021DE00036021F9105FAACA406DB313
0FE10616947382812110F02017122C9DEFFF7376AEFC6FB50021E500036021F9105FAACA406DB314
0FE12516946F82812810EFFD17121C9DEFFF7376AEFC7FB50021EF00036021F9105FAACA406DB315
0FE13416946D82812110EFE51712079DDFFF7386AEFC6FB50021EF00035F21F9105FAACA406DB316
0FE12316946D82812810EFD31711E89DDFFF7386AEFC7FB50021E900035F21F9105FAACA406DB317
0FE10C16947882812810EFCB1711C39DCFFF7396AEFC6FB50021E200035F21F9105FAACA406DB318
0FE0FA16946E82812810EFBB17119E9DBFFF7396AEFC6FB50021DD00035F21F9105FAACA406DB319
0FE0FF16947782812810EF7E1711649DBFFF7396AEFC6FB50021DA00035E21F9105FAACA406DB31A
0FE0FD16947582812810EF4417112B9DBFFF7396AEFC5FB50021D900035E21F9105FAACA406DB31B
0FE10616947282812810EF3B1710EC9DBFFF7396AEFC5FB50021D800035E21F9105FAACA406DB31C
0FE10F16946F82812810EF2D1710A29DAFFF7396AEFC5FB50021D700035E21F9105FAACA406DB31D
0FE12916946D82812810EF261710689DAFFF7396AEFC5FB50011D700035F21F9105FAACA406DB31E
0FE13816947082812810EF2817102F9DAFFF7396AEFC5FB50021D700035E21F9105FAACA406DB31F
0FE13B16946C82812810EF311710059D9FFF7396AEFC5FB50021D700035E21F9105FAACA406DB320
0FE12D16946F82813010EF47170FD69D9FFF7396AEFC6FB50021D500035D21F9105FAACA406DB321
0FE12C16946F82812810EF54170FB69D9FFF7396AEFC5FB50021D400035D21F9105FAACA406DB322
0FE11A16947082813010EF58170F9C9D9FFF7386AEFC5FB50021D300035D21F9105FAACA406DB323
0FE11B16947582812D10EF62170F919D9FFF7386AEFC5FB50011D200035D21F9105FAACA406DB324
0FE12C16947482812810EF6F170F879D9FFF7386AEFC5FB50021D100035D21F9105FAACA406DB325
0FE14616946B82813010EF8A170F8C9D9FFF7376AEFC5FB50011D100035C21F9105FAACA406DB326
0FE16016946882813010EFBB170F8C9D9FFF7376AEFC6FB50021D300035C21F9105FAACA406DB327
0FE17116946982812810F001170F879D9FFF7376AEFC5FB50021D500035C21F9105FAACA406DB328
0FE16716946F82813010F03E170F8C9D9FFF7376AEFC5FB50021D500035C21F9105FAACA406DB329
0FE15F16947282813010F078170F9C9D8FFF7376AEFC6FB50021D500035C21F9105FAACA406DB32A
0FE16D16947982813010F0AA170FC19D8FFF7376AEFC5FB50031D600035B21F9105FAACA406DB32B
0FE16B16947182812810F0DC170FF09D8FFF7376AEFC5FB50651D700035C21F9105FAACA406DB32C
0FE14616947882813010F10017101F9D9FFF7376AEFC5FB525B1D800035B21F9105FAACA406DB32D
0FE11F16947D82813010F11E17104E9D9FFF7376AEFC5FB533C1D500035B21F9105FAACA406DB32E
0FE10816947982813010F13117107D9D9FFF7376AEFC6FB534D1D100035B21F9105FAACA406DB32F
0FE11316947082813010F1441710989D9FFF7386AEFC5FB53391CF00035B21F9105FAACA406DB330
0FE18016946A82812810F1591710C29D9FFF7386AEFC6FB432F1CF00035A21F9105FAACA406DB331
0FE1EC16946182813010F16F1710F19D9FFF7386AEFC6FB032E1CF00035A21F9105FAACA406DB332
0FE21416945E82813010F18617111B9D9FFF7396AEFC7FAF3301CF00035A21F9105FAACA406DB333
0FE1C116946682813010F19917113A9DAFFF7396AEFC7FAF3301D100035B21F9105FAACA406DB334
0FE13E16947382813010F1A617114A9DAFFF7396AEFC7FAF3301D100035A21F9105FAACA406DB335
0FE0D016947082812810F1A41711779DAFFF7396AEFC7FAF3301D200035921F9105FAACA406DB336
0FE0BC16947C82813010F1B01711899DBFFF73A6AEFC7FAF3301D200035A21F9105FAACA406DB337
0FE07E16948182812D10F1B217119E9DBFFF73A6AEFC7FAF3631D300035921F9105FAACA406DB338
0FE02316948982812810F1BC1711AE9DCFFF73A6AEFC6FAF4181D500035921F9105FAACA406DB339
0FDFE616948982813010F1BF1711BE9DCFFF73A6AEFC7FAF4621D700035921F9105FAACA406DB33A
0FDFA216948182813010F1CB1711CD9DDFFF73A6AEFC6FAF4651D900035A21F9105FAACA406DB33B
0FDF9316948482813010F1E01711D89DDFFF73A6AEFC7FAF45E1D700035921F9105FAACA406DB33C
0FDF6B16948782812810F1EE1711E29DDFFF73B6AEFC7FAF45B1D500035921F9105FAACA406DB33D
0FDF4716948782813010F1FD1711E89DEFFF73B6AEFC7FAF45B1D200035921F9105FAACA406DB33E
0FDF0316948E82812810F2101711ED9DFFFF73B6AEFC6FAF45B1D100035921F9105FAACA406DB33F
0FDEC116949482813010F21B1711F79DFFFF73B6AEFC7FAF45B1CF00035821F9105FAACA406DB340
0FDE9616949382812810F2231712029DFFFF73B6AEFC6FAF45B1D100035821F9105FAACA406DB341
0FDE7D16949182813010F22B1712079E0FFF73B6AEFC7FAF45B1D500035821F9105FAACA406DB342
0FDE5E16949882812810F23E1712139E1FFF73C6AEFC7FAF45C1D900035821F9105FAACA406DB343
0FDE4A16949882812810F2411712279E1FFF73C6AEFC6FAF2101DF00035821F9105FAACA406DB344
0FDE4316949382812810F24E17122C9E1FFF73C6AEFC7FAF0321DE00035821F9105FAACA406DB345
0FDE4E16949882813010F2521712319E2FFF73C6AEFC7FAF0001DA00035821F9105FAACA406DB346
0FDE6116949882812110F2611712419E3FFF73D6AEFC7FAF0001D600035821F9105FAACA406DB347
0FDE9616947F82812810F27017124C9E3FFF73D6AEFC7FAF0001D400035821F9105FAACA406DB348
0FDEB616947782813010F28317125B9E4FFF73D6AEFC7FAF0031D300035821F9105FAACA406DB349
0FDEBB16947E82812810F29B1712619E4FFF73D6AEFC6FB00031D300035721F9105FAACA406DB34A
0FDEA816948D82812810F2AA1712709E5FFF73D6AEFC5FB10031D200035721F9105FAACA406DB34B
0FDEA416948E82811A10F2BA17127B9E5FFF73D6AEFC5FB10021D200035721F9105FAACA406DB34C
0FDEAF16948982812D10F2C91712819E6FFF73D6AEFC5FB10021D300035621F9105FAACA406DB34D
0FDEB816948A82813010F2D81712909E7FFF73D6AEFC5FB10021D200035721F9105FAACA406DB34E
0FDEB616948482812110F2D517129A9E7FFF73D6AEFC5FB10021D300035621F9105FAACA406DB34F
0FDEBA16948682812810F2D81712A59E8FFF73D6AEFC5FB10021D400035621F9105FAACA406DB350
0FDED116948382812110F2E01712AA9E8FFF73D6AEFC5FB10021DE00035721F9105FAACA406DB351
0FDED316948582812810F2E41712BF9E9FFF73C6AEFC6FB100220900035621F9105FAACA406DB352
0FDED316948382812810F2F01712BF9EAFFF73C6AEFC5FB100221900035621F9105FAACA406DB353
0FDEDB16948182812110F2C11712CA9EAFFF73C6AEFC6FB100120D00035621F9105FAACA406DB354
0FDEDC16948582812810F2781712CA9EBFFF73B6AEFC5FB10021FB00035621F9105FAACA406DB355
0FDEDE16948382812110F2261712D09ECFFF73B6AEFC5FB10021EF00035621F9105FAACA406DB356
0FDEE216948682812810F1EA1712CF9ECFFF73B6AEFC5FB10021E700035621F9105FAACA406DB357
0FDEDC16948882812110F1BF1712DF9EDFFF73B6AEFC5FB10021E100035621F9105FAACA406DB358
0FDED716948782812810F19D1712DF9EDFFF73B6AEFC6FB10021DC00035521F9105FAACA406DB359
0FDED316948782812110F1801712DF9EDFFF73B6AEFC5FB10021D900035521F9105FAACA406DB35A
0FDED016948782812110F16B1712E49EEFFF73A6AEFC6FB10031D800035521F9105FAACA406DB35B
0FDED816948782812110F15B1712E49EFFFF73A6AEFC5FB10021D700035521F9105FAACA406DB35C
0FDEE916948782812810F14C1712E49EFFFF73B6AEFC6FB10021D500035521F9105FAACA406DB35D
0FDEFB16948182812110F1491712E99F0FFF73B6AEFC5FB10021D400035521F9105FAACA406DB35E
0FDEF816948082812110F1441712DF9F1FFF73B6AEFC5FB10021D400035421F9105FAACA406DB35F
0FDEF816948182812110F1401712E49F1FFF73B6AEFC5FB10021D500035421F9105FAACA406DB360
0FDEFF16947E82811210F1461712E49F2FFF73B6AEFC6FB10021D500035421F9105FAACA406DB361
0FDF0616947F82813410F1441712DF9F3FFF73B6AEFC6FB30011D400035421F9105FAACA406DB362
0FDF0A16947E82812110F1481712DF9F3FFF73B6AEFC7FB50021D300035421F9105FAACA406DB363
0FDF1C16947F82812110F1481712DF9F4FFF73B6AEFC7FB50021D300035421F9105FAACA406DB364
0FDF1816948282812110F1511712DF9F5FFF73B6AEFC7FB50021D200035421F9105FAACA406DB365
0FDF1C16947E82812110F1541712D99F5FFF73B6AEFC7FB50021D100035421F9105FAACA406DB366
0FDF1C16948482812110F1501712DF9F6FFF73B6AEFC7FB50031D100035421F9105FAACA406DB367
0FDF1C16948782812110F1511712DF9F7FFF73B6AEFC7FB50021D300035321F9105FAACA406DB368
0FDF3616947B82812110F1401712D99F7FFF73B6AEFC7FB50021D600035321F9105FAACA406DB369
0FDF4E16947E82812110F1311712D49F8FFF73B6AEFC6FB50021D600035321F9105FAACA406DB36A
0FDF6116948182812110F11A1712CF9F9FFF73B6AEFC7FB50021D500035321F9105FAACA406DB36B
0FDF7316947B82812110F0F81712CA9F9FFF73B6AEFC6FB50021D300035321F9105FAACA406DB36C
0FDF7316947E82811A10F0D51712C49FAFFF73B6AEFC7FB50021D100035321F9105FAACA406DB36D
0FDF5916947E82812810F0B61712C49FBFFF73B6AEFC6FB50021D100035321F9105FAACA406DB36E
0FDF2E16947F82812110F0941712B59FBFFF73B6AEFC7FB50021D100035321F9105FAACA406DB36F
0FDEFC16948182812110F07C1712BB9FCFFF73B6AEFC7FB50021D000035321F9105FAACA406DB370
0FDEE216948582812110F05D1712AF9FDFFF73B6AEFC6FB50021D000035321F9105FAACA406DB371
0FDED016948B82812110F04E1712A59FDFFF73B6AEFC7FB50021D200035321F9105FAACA406DB372
0FDEC916948D82812110F0371712A09FEFFF73B6AEFC7FB50021D400035221F9105FAACA406DB373
0FDEB416948C82812110F0201712959FFFFF73B6AEFC6FB50021D500035221F9105FAACA406DB374
0FDEB316948482812110F014171290A00FFF73B6AEFC6FB50021D700035221F9105FAACA406DB375
0FDEA816948582812110EFFD171285A01FFF73B6AEFC6FB50021D600035321F9105FAACA406DB376
0FDE8C16948E82811E10EFF2171280A01FFF73B6AEFC7FB50011D400035221F9105FAACA406DB377
0FDE8416949182812110EFED171270A02FFF73B6AEFC6FB50021D300035221F9105FAACA406DB378
0FDE7516948E82812810EFE6171272A03FFF73B6AEFC7FB50021D400035221F9105FAACA406DB379
0FDE6716948982812110EFEA171261A03FFF73B6AEFC6FB50021D800035221F9105FAACA406DB37A
0FDE6C16948A82812110EFE217124CA04FFF73B6AEFC6FB40021DA00035321F9105FAACA406DB37B
0FDE6316948F82812110EFDA171246A05FFF73B6AEFC5FB40011DA00035221F9105FAACA406DB37C
0FDE5116949182812110EFD3171241A05FFF73A6AEFC5FB40011D700035221F9105FAACA406DB37D
0FDE4616949182812810EFCA171231A06FFF73A6AEFC5FB30021D800035221F9105FAACA406DB37E
0FDE4116949182812110EFC3171227A06FFF73A6AEFC5FB40031D800035221F9105FAACA406DB37F
0FDE3F16948E82812110EFC717121CA07FFF73A6AEFC5FB40021D600035121F9105FAACA406DB380
0FDE3F16949382812810EFCE17120CA08FFF73A6AEFC6FB40021D500035221F9105FAACA406DB381
0FDE4116948F82812110EFCB171207A08FFF7396AEFC5FB40641D500035121F9105FAACA406DB382
0FDE4616948C82812810EFB4171202A09FFF7396AEFC6FB41021D400035221F9105FAACA406DB383
0FDE4316948F82812110EF941711F4A0AFFF7396AEFC5FB41311D200035221F9105FAACA406DB384
0FDE4A16948E82812810EF6B1711EDA0AFFF7396AEFC5FB412E1D000035221F9105FAACA406DB385
0FDE4816948F82812110EF441711E8A0BFFF7396AEFC5FB41271CF00035221F9105FAACA406DB386
0FDE5116948E82812810EF0D1711DDA0BFFF7396AEFC5FB41251CF00035221F9105FAACA406DB387
0FDE5816948D82812810EEE81711D3A0CFFF7396AEFC5FB41251CF00035121F9105FAACA406DB388
0FDE6716948C82812110EECD1711D8A0DFFF7396AEFC5FB41261CF00035221F9105FAACA406DB389
0FDE7316948F82812810EEBC1711CDA0DFFF7396AEFC5FB41261CE00035221F9105FAACA406DB38A
0FDE8416947A82812810EEAE1711C8A0EFFF7396AEFC5FB41271CD00035221F9105FAACA406DB38B
0FDE9216947582812510EEA81711C3A0FFFF73A6AEFC5FB40BB1CC00035221F9105FAACA406DB38C
0FDE9A16948682812810EEA71711C3A0FFFF73A6AEFC5FB40211CB00035121F9105FAACA406DB38D
0FDE9716949082812810EEA31711B8A10FFF73A6AEFC5FB40001C900035121F9105FAACA406DB38E
0FDE9D16948E82812810EEA11711BEA11FFF73B6AEFC5FB40001C900035221F9105FAACA406DB38F
0FDEA416948F82812810EE9F1711B8A11FFF73B6AEFC5FB40011CA00035221F9105FAACA406DB390
0FDEB416948E82812810EE991711ABA12FFF73B6AEFC5FB40021CC00035221F9105FAACA406DB391
0FDEBA16948C82812810EE941711AEA12FFF73C6AEFC6FB40021CC00035221F9105FAACA406DB392
0FDECC16948982812810EE881711AEA13FFF73C6AEFC6FB50021CA00035221F9105FAACA406DB393
0FDEDB16948A82812810EE82171199A13FFF73D6AEFC7FB50011C800035221F9105FAACA406DB394
0FDEDC16948982813010EE711711A3A14FFF73D6AEFC7FB50011C600035221F9105FAACA406DB395
0FDEFB16948382812810EE6717119EA15FFF73D6AEFC7FB50021C700035121F9105FAACA406DB396
0FDF1816948582812810EE65171199A15FFF73E6AEFC7FB50031C700035221F9105FAACA406DB397
0FDF1C16948A82813010EE62171199A15FFF73E6AEFC7FB50021C800035221F9105FAACA406DB398
0FDF1116948982812810EE5F171189A16FFF73E6AEFC6FB50021C900035221F9105FAACA406DB399
0FDF2716948382812810EE5E171194A17FFF73E6AEFC7FB50021C900035221F9105FAACA406DB39A
0FDF4E16948182813010EE53171189A17FFF73E6AEFC7FB50021CA00035221F9105FAACA406DB39B
0FDF7D16948282812810EE37171189A18FFF73E6AEFC7FB50021CC00035221F9105FAACA406DB39C
0FDFB016947A82813010EE11171189A19FFF73F6AEFC6FB50021CF00035221F9105FAACA406DB39D
0FDFE316947782812810EDFE17117FA19FFF73F6AEFC7FB50021D000035221F9105FAACA406DB39E
0FE00316947782813010EDE3171189A19FFF73F6AEFC7FB50021D000035221F9105FAACA406DB39F
0FDFFC16947E82812D10EDC8171181A1AFFF73F6AEFC7FB50021CF00035221F9105FAACA406DB3A0
0FDFF516947A82812810EDAD17117FA1BFFF73F6AEFC6FB50021CD00035221F9105FAACA406DB3A1
0FDFF416947E82812810ED9617117FA1BFFF73F6AEFC6FB50021CD00035221F9105FAACA406DB3A2
0FDFDC16948282813010ED8A17117FA1CFFF73E6AEFC7FB50021CF00035221F9105FAACA406DB3A3
0FDFBF16947E82813010ED77171179A1DFFF73E6AEFC7FB50021CE00035221F9105FAACA406DB3A4
0FDF8116947F82812810ED6B171179A1DFFF73E6AEFC7FB50021CD00035221F9105FAACA406DB3A5
0FDF6816948582813010ED64171179A1DFFF73E6AEFC6FB50021CC00035121F9105FAACA406DB3A6
0FDF4B16948382812810ED60171179A1EFFF73D6AEFC6FB50021CC00035121F9105FAACA406DB3A7
0FDF4816948582813010ED6417116FA1EFFF73D6AEFC6FB50021CB00035221F9105FAACA406DB3A8
0FDF3C16948E82812810ED6B171174A1FFFF73D6AEFC7FB50021CA00035121F9105FAACA406DB3A9
0FDF2316948E82813010ED73171174A1FFFF73D6AEFC7FB50021CA00035221F9105FAACA406DB3AA
0FDF0016948982812810ED7717116FA20FFF73C6AEFC7FB50021CA00035221F9105FAACA406DB3AB
0FDEDE16948E82813010ED77171174A20FFF73C6AEFC7FB50021CA00035221F9105FAACA406DB3AC
0FDEC116948A82812810ED7B171174A21FFF73C6AEFC7FB50011CA00035221F9105FAACA406DB3AD
0FDE9D16948A82813010ED7717116AA21FFF73B6AFFC7FB50021C900035221F9105FAACA406DB3AE
0FDE7316948C82812810ED7F17116AA22FFF73B6AEFC7FB50031C900035221F9105FAACA406DB3AF
0FDE5516948F82813010ED7F17116FA22FFF73B6AEFC6FB570B1C900035221F9105FAACA406DB3B0
0FDE4A16949182812810ED8A17116CA23FFF73A6AEFC6FB5EBD1CB00035221F9105FAACA406DB3B1
0FDE5116949882812810ED8A17116AA23FFF73A6AEFC7FB5FFF1CE00035221F9105FAACA406DB3B2
0FDE5E16949482813010ED8A17116AA24FFF73A6AEFC6FB5FFF1D000035221F9105FAACA406DB3B3
0FDE6E16948E82812810ED9617116FA24FFF7396AEFC7FB5FFE1D000035221F9105FAACA406DB3B4
0FDE7916948F82812D10ED9A17116AA25FFF7396AEFC7FB5FEA1D100035221F9105FAACA406DB3B5
0FDE8216949882812810ED9E17116AA25FFF7396AEFC6FB5FED1D200035221F9105FAACA406DB3B6
0FDE8416949482812810EDA217116FA26FFF7396AEFC7FB5FF11D200035221F9105FAACA406DB3B7
0FDE7516949182813010EDA5171164A26FFF7396AEFC6FB5FF21D200035221F9105FAACA406DB3B8
0FDE6316949582812810EDA517116AA27FFF7396AFFC7FB5FF11DA00035221F9105FAACA406DB3B9
0FDE6516949382812810EDAD171164A27FFF7396AEFC6FB5FF11E100035221F9105FAACA406DB3BA
0FDE5816949182812810EDB117116AA28FFF7396AFFC6FB5FF11DF00035221F9105FAACA406DB3BB
0FDE5816949182812810EDB9171164A29FFF7396AEFC6FB5F6A1D900035221F9105FAACA406DB3BC
0FDE5516949482812810EDC4171164A29FFF73A6AEFC7FB57A91D500035221F9105FAACA406DB3BD
0FDE5716949682812810EDC817115FA29FFF73A6AEFC6FB533E1D600035221F9105FAACA406DB3BE
0FDE5516949382812810EDC817115FA29FFF73A6AEFC7FB52A51D800035221F9105FAACA406DB3BF
0FDE4E16949282812810EDCC171164A2AFFF73A6AEFC6FB52F91D600035221F9105FAACA406DB3C0
0FDE4A16948E82812810EDCC17115FA2BFFF73B6AEFC7FB53281D300035221F9105FAACA406DB3C1
0FDE4116948C82812810EDCC171167A2BFFF73B6AEFC6FB532F1D400035221F9105FAACA406DB3C2
0FDE4316949382812810EDD4171164A2CFFF73C6AEFC7FB232B1D400035221F9105FAACA406DB3C3
0FDE4A16948F82812810EDD017115FA2CFFF73C6AEFC8FAF3291D500035221F9105FAACA406DB3C4
0FDE4A16948F82812810EDC8171155A2DFFF73C6AEFC8FAF3291D400035221F9105FAACA406DB3C5
0FDE5316948E82812810EDBC17115AA2DFFF73D6AEFC8FAF3291D200035221F9105FAACA406DB3C6
0FDE6716948D82812110EDA917114FA2DFFF73D6AEFC8FAF32A1D000035221F9105FAACA406DB3C7
0FDE7516948C82812810ED9217114FA2EFFF73D6AEFC8FAF3291CF00035121F9105FAACA406DB3C8
0FDE8C16948982811210ED8317114AA2EFFF73D6AEFC7FAF3151CE00035221F9105FAACA406DB3C9
0FDE8F16948782813B10ED7717114AA2FFFF73D6AEFC8FAF1D81CF00035221F9105FAACA406DB3CA
0FDE9216948782812810ED73171140A30FFF73D6AEFC7FAF1211D100035121F9105FAACA406DB3CB
0FDE9D16948782812110ED6F171145A31FFF73E6AEFC7FAF1071D300035221F9105FAACA406DB3CC
0FDEA616948482812810ED6F171135A30FFF73E6AEFC8FAF1151D700035121F9105FAACA406DB3CD
0FDEA816948282812810ED68171140A31FFF73D6AEFC8FAF11C1E500035221F9105FAACA406DB3CE
0FDEA816948582812110ED68171140A32FFF73D6AEFC8FAF11D1F700035121F9105FAACA406DB3CF
0FDEA416948782812810ED6817113AA32FFF73D6AEFC7FAF11D1F600035121F9105FAACA406DB3D0
0FDE9716948782812110ED64171140A32FFF73D6AEFC8FAF11C1EB00035221F9105FAACA406DB3D1
0FDE8F16948782812810ED6817113AA33FFF73D6AEFC8FAF11D1E200035221F9105FAACA406DB3D2
0FDE8716948782812110ED68171135A33FFF73D6AEFC7FAF11D1E000035221F9105FAACA406DB3D3
0FDE6C16948782812810ED68171135A34FFF73D6AEFC8FAF0A51DD00035121F9105FAACA406DB3D4
0FDE4616948E82812110ED6B171133A35FFF73D6AEFC8FAF0191DA00035121F9105FAACA406DB3D5
0FDE3F16949482812810ED6C17113AA35FFF73D6AEFC8FAF0001D800035121F9105FAACA406DB3D6
0FDE3F16949382812110ED68171130A35FFF73D6AEFC8FAF0001D500035121F9105FAACA406DB3D7
0FDE3A16949182812810ED68171130A36FFF73D6AEFC7FAF0011D400035221F9105FAACA406DB3D8
0FDE2216949882812110ED68171135A37FFF73D6AEFC8FAF0021D300035121F9105FAACA406DB3D9
0FDE1416949882812810ED68171130A37FFF73D6AEFC8FAF0021D300035121F9105FAACA406DB3DA
0FDE0916949382812110ED6C171135A38FFF73D6AEFC7FAF0021D300035121F9105FAACA406DB3DB
0FDE0416949582812810ED6B171130A38FFF73D6AFFC7FAF0021D300035121F9105FAACA406DB3DC
0FDDFE16949982812110ED6C171135A39FFF73D6AEFC6FAF0021D000035121F9105FAACA406DB3DD
0FDE0516949882810B10ED68171135A39FFF73D6AEFC6FAF0021CF00035121F9105FAACA406DB3DE
0FDE0916949682813B10ED68171130A3AFFF73D6AEFC6FAF0031D100035121F9105FAACA406DB3DF
0FDE1D16949382812810ED68171135A3AFFF73D6AFFC6FAF0021D200035121F9105FAACA406DB3E0
0FDE2616949482812110ED6817112BA3BFFF73D6AEFC6FAF0021D400035121F9105FAACA406DB3E1
0FDE2D16949382812110ED68171135A3BFFF73D6AEFC7FAF0021D600035121F9105FAACA406DB3E2
0FDE3816949582812810ED68171130A3CFFF73E6AEFC6FAF0011D800035121F9105FAACA406DB3E3
0FDE3D16948B82812110ED68171130A3DFFF73E6AEFC7FAF0021D900035121F9105FAACA406DB3E4
0FDE4E16948E82812810ED64171130A3DFFF73E6AEFC6FAF0021D700035121F9105FAACA406DB3E5
0FDE5516948E82812110ED64171135A3EFFF73E6AEFC7FAF0011D600035121F9105FAACA406DB3E6
0FDE5816948982812110ED6417112BA3EFFF73E6AEFC6FAF0021D700035121F9105FAACA406DB3E7
0FDE5A16948A82812110ED60171130A3FFFF73E6AEFC7FAF0021D700035121F9105FAACA406DB3E8
0FDE6316948682812810ED64171133A3FFFF73E6AFFC6FAF0021D800035121F9105FAACA406DB3E9
0FDE6E16948282812810ED60171130A40FFF73E6AEFC7FAF0021D900035121F9105FAACA406DB3EA
0FDE7B16948582812110ED64171135A40FFF73F6AEFC6FAF0031D700035221F9105FAACA406DB3EB
0FDE7516948A82812110ED6B171130A41FFF73F6AEFC6FAF0021D500035121F9105FAACA406DB3EC
0FDE6E16948982812810ED6817112BA41FFF73E6AEFC6FAF0021D400035121F9105FAACA406DB3ED
0FDE6B16948782812110ED6B171135A42FFF73E6AEFC6FAF0021D300035121F9105FAACA406DB3EE
0FDE6516948A82812110ED6C171135A43FFF73E6AEFC7FAF0021D300035121F9105FAACA406DB3EF
0FDE6716949082812810ED7317112BA43FFF73E6AEFC6FAF0021D300035121F9105FAACA406DB3F0
0FDE6E16948E82812110ED73171130A44FFF73E6AEFC6FAF0021D200035121F9105FAACA406DB3F1
0FDE7216948C82812810ED77171135A45FFF73D6AEFC7FAF0021D000035221F9105FAACA406DB3F2
0FDE7016948C82810B10ED7B171135A45FFF73D6AEFC7FAF0021CD00035121F9105FAACA406DB3F3
0FDE6B16948F82813B10ED7B171130A45FFF73D6AFFC7FB10021CB00035121F9105FAACA406DB3F4
0FDE6716948A82812810ED7F17113AA46FFF73D6AEFC7FB20021CB00035021F9105FAACA406DB3F5
0FDE6B16948382812110ED83171130A47FFF73D6AEFC7FB10021CB00035121F9105FAACA406DB3F6
0FDE6916948A82812110ED86171135A47FFF73D6AEFC6FB10021CB00035121F9105FAACA406DC3F7
0FDE6E16948982812810ED8A17113AA48FFF73D6AFFC7FB20021CA00035121F9105FAACA406DB3F8
0FDE6716948782812110ED92171140A49FFF73D6AEFC7FB20021C900035121F9105FAACA406DB3F9
0FDE6916948782812810ED92171135A49FFF73D6AEFC7FB10021C800035121F9105FAACA406DB3FA
0FDE6B16948782812110ED9A171140A4AFFF73D6AFFC7FB20021C900035121F9105FAACA406DC3FB
0FDE6B16948782812810EDA5171142A4AFFF73D6AEFC6FB20021CA00035121F9105FAACA406DB3FC
0FDE7216948482812110EDB5171145A4BFFF73D6AEFC6FB10011CD00035121F9105FAACA406DB3FD
0FDE8216948282812810EDBD17114AA4BFFF73D6AEFC7FB20021D500035121F9105FAACA406DB3FE
0FDE9216948582812110EDC4171155A4CFFF73E6AFFC6FB20021DC00035121F9105FAAC9416DB3FF
0FDEA116948782812810EDC417115FA4DFFF73D6AEFC6FB10021E000035121F9105FAAC9406DB300
0FDEA416948782812110EDC817116AA4DFFF73D6AFFC7FB20021E300035121F9105FAAC9406DB301
0FDEA216948782812810EDCC171179A4EFFF73D6AEFC6FB10021E600035121F9105FAAC9406DB302
0FDEA416948382812110EDDF171189A4EFFF73D6AFFC6FB20031E600035121F9105FAAC9406DB303
0FDEA416948282812110EDEE17118EA4FFFF73D6AEFC6FB20021E300035121F9105FAAC9406DB304
0FDEA616948282812810EE061711A3A4FFFF73D6AEFC6FB10021DE00035121F9105FAAC9406DB305
0FDEA816948582812810EE241711B8A50FFF73D6AFFC7FB20021D900035121F9105FAAC9406DB306
0FDEA116948382811A10EE3F1711C8A50FFF73D6AFFC6FB20021D500035121F9105FAAC9406DB307
0FDE9D16948582811210EE631711E8A51FFF73D6AEFC6FB10021D300035221F9105FAAC9406DB308
0FDE9B16948782813B10EE881711FDA52FFF73C6AEFC6FB10021D100035221F9105FAAC9406DB309
0FDE9A16948382812810EEA817120CA52FFF73C6AEFC6FB20021D000035221F9105FAAC9406DB30A
0FDE9616948282812110EED117121EA53FFF73B6AFFC7FB20021CF00035221F9105FAAC9406DB30B
0FDE9616948982812110EEF8171236A54FFF73B6AEFC7FB40021D100035221F9105FAAC9406DB30C
0FDE9016948082812110EF2417124CA54FFF73A6AEFC6FB40021D100035121F9105FAAC9406DB30D
0FDE8F16948482812810EF50171256A55FFF73A6AEFC6FB40021D100035221F9105FAAC9406DB30E
0FDEA816947F82812110EF79171270A55FFF73A6AEFC6FB40021CF00035221F9105FAAC9406DB30F
0FDEB816947C82812110EFA8171280A56FFF7396AEFC6FB40021CF00035221F9105FAAC9406DB310
0FDEDB16947582812810EFD3171295A56FFF7396AEFC6FB40021CD00035221F9105FAAC9406DB311
0FDEFF16947282812110EFFD1712A5A57FFF7396AEFC6FB40021CD00035221F9105FAAC9406DB312
0FDEF816947982812110F0271712BAA57FFF7386AFFC6FB40021CE00035221F9105FAAC9406DB313
0FDEF516947C82812110F04E1712CAA58FFF7386AEFC6FB40021D000035221F9105FAAC9406DB314
0FDF0616947C82812110F0781712CBA59FFF7386AEFC6FB40021D200035221F9105FAAC9406DB315
0FDF2E16947C82812110F09B1712DFA59FFF7386AEFC6FB40011D400035221F9105FAAC9406DB316
0FDF3616947C82812110F0BD1712E9A5AFFF7386AEFC6FB40021D200035221F9105FAACA416DB317
0FDF5616947582812110F0E41712EEA5AFFF7386AEFC6FB40021D000035221F9105FAACA406DB318
0FE00E16947282812110F1041712FEA5BFFF7386AFFC6FB40021CF00035321F9105FAACA406DB319
0FE0D716946F82812110F1251712FEA5BFFF7386AFFC7FB40021CE00035221F9105FAACA406DB31A
0FE19D16946A82812110F13C17130EA5CFFF7386AFFC6FB40031CE00035221F9105FAACA406DB31B
0FE20616946B82812110F15D171313A5CFFF7376AEFC6FB40831CE00035321F9105FAACA406DB31C
0FE26A16946D82810B10F176171319A5DFFF7376AFFC7FB42751CE00035321F9105FAACA406DB31D
0FE25916946D82813410F18D171318A5DFFF7376AFFC6FB43431CE00035321F9105FAACA406DB31E
0FE23116947482811A10F1A117131EA5DFFF7376AFFC6FB43501CC00035321F9105FAACA406DB31F
0FE23116947182812110F1BA171318A5EFFF7366AEFC6FB433A1CC00035421F9105FAACA406DB320
0FE24D16946E82811A10F1CB17131EA5EFFF7366AEFC6FB43311D000035321F9105FAACA406DB321
0FE2B416946A82812110F1E217131EA5FFFF7366AEFC7FB43311D500035321F9105FAACA406DB322
0FE30E16946B82811A10F1F5171318A5FFFF7366AFFC7FB43321D600035321F9105FAACA406DC323
0FE2F016946A82812110F20B17130EA60FFF7366AEFC7FB33321D500035321F9105FAACA406DB324
0FE26416947382811A10F209171304A60FFF7366AFFC7FB13321D100035321F9105FAACA406DB325
0FE1C516947182811A10F1EA1712EEA61FFF7366AEFC6FB13321CE00035421F9105FAACA406DB326
0FE13E16947882811A10F1B81712D4A61FFF7366AEFC7FB13331CD00035421F9105FAACA406DB327
0FE08116948B82811A10F17C1712AFA61FFF7366AFFC7FB11F71CC00035421F9105FAACA406DC328
0FDFE616949182812110F13917128BA62FFF7376AEFC6FB10531CC00035421F9105FAACA406DB329
0FE02816948A82811A10F0F3171261A62FFF7376AFFC7FB10001CC00035421F9105FAACA406DC32A
0FE08B16948782811A10F0BA17123CA62FFF7376AEFC7FB10001CD00035421F9105FAACA406DB32B
0FE09B16948A82811210F097171212A63FFF7376AEFC6FB10001CE00035421F9105FAACA406DB32C
0FE09816948982811A10F06D1711E2A63FFF7376AEFC6FB10031CD00035421F9105FAACA406DB32D
0FE04E16948382811A10F0271711B8A63FFF7376AEFC6FB10031CB00035421F9105FAACA406DB32E
0FDFF516948982811A10EFDE17118BA63FFF7376AEFC7FB10021C900035421F9105FAACA406DC32F
0FDFB016948C82811210EFA8171164A64FFF7376AEFC7FB10021C700035421F9105FAACA406DB330
0FDF6416948982811A10EF8517113AA64FFF7376AEFC6FB10011C500035521F9105FAACA406DB331
0FDF4E16949282811210EF63171110A64FFF7376AEFC7FB10021C500035421F9105FAACA406DC332
0FDF3916948B82811610EF411710F6A65FFF7376AEFC6FB10031C600035521F9105FAACA406DB333
0FDF3116948482811210EF201710D7A65FFF7376AEFC6FB10031C800035521F9105FAACA406DB334
0FDF1C16948682811210EF0B1710B2A65FFF7376AEFC6FB10021C700035521F9105FAACA406DB335
0FDF0D16948A82811A10EF0B171098A65FFF7376AEFC7FB10011C600035421F9105FAACA406DC336
0FDF0616948C82811210EF05171083A65FFF7376AEFC7FB10021C500035521F9105FAACA406DB337
0FDEEE16949382811210EEF8171073A66FFF7366AEFC6FB10021C400035421F9105FAACA406DB338
0FDEBE16948F82811210EEF017105EA66FFF7366AEFC7FB10021C300035521F9105FAACA406DB339
0FDEA116949382811210EEEE171059A66FFF7366AEFC6FB10021C400035521F9105FAACA406DB33A
0FDE9616949B82811210EEFF171053A67FFF7356AEFC7FB10021C600035521F9105FAACA406DB33B
0FDE7716949F82811210EF05171059A67FFF7356AEFC7FB10021C800035521F9105FAACA406DC33C
0FDE6316949D82811210EF0F171059A67FFF7356AEFC7FB20021C900035521F9105FAACA406DB33D
0FDE6016949082811210EF1217105EA67FFF7346AEFC7FB30021CA00035521F9105FAACA406DB33E
0FDE5716948C82811210EF18171063A68FFF7346AEFC8FB30021CC00035521F9105FAACA406DB33F
0FDE5816948482811210EF1E17106EA68FFF7336AEFC7FB30021CF00035521F9105FAACA406DB340
0FDE6316948582811210EF1E171078A69FFF7336AEFC7FB30021D100035521F9105FAACA406DB341
0FDE7516948182811210EF3017108DA69FFF7336AEFC8FB30021D100035421F9105FAACA406DB342
0FDE7316948482810B10EF351710A2A69FFF7336AEFC8FB30021CF00035521F9105FAACA406DB343
0FDE6B16948782811210EF341710C7A69FFF7336AEFC7FB30021CD00035521F9105FAACA406DB344
0FDE5816948A82811210EF2A1710D7A69FFF7326AEFC8FB30021CD00035521F9105FAACA406DB345
0FDE4616948982810B10EF2A17110BA6AFFF7336AEFC8FB30011CE00035621F9105FAACA406DB346
0FDE4116948782811210EF1C171120A6AFFF7326AEFC7FB30021CE00035621F9105FAACA406DB347
0FDE4616948A82810B10EF1A17113AA6BFFF7336AEFC8FB30021CD00035521F9105FAACA406DB348
0FDE4316948682810B10EF0B17114FA6BFFF7336AEFC7FB30021CD00035521F9105FAACA406DC349
0FDE4616948982811610EF0517116AA6BFFF7336AEFC8FB30021CF00035521F9105FAACA406DB34A
0FDE2F16948F82811210EEF8171174A6BFFF7336AEFC7FB40031CF00035521F9105FAACA406DB34B
0FDE1B16949882811210EEFD171191A6CFFF7336AEFC8FB30021CF00035521F9105FAACA406DB34C
0FDE1716949082810B10EEFB17118EA6CFFF7336AEFC7FB30021CE00035521F9105FAACA406DB34D
0FDE2216948F82810B10EEF817119EA6DFFF7346AEFC7FB30021CE00035621F9105FAACA406DB34E
0FDE1D16948A82811210EEE617119EA6DFFF7346AEFC8FB30021CF00035521F9105FAACA406DB34F
0FDE1B16948B82811210EED91711A3A6DFFF7346AEFC7FB30021D200035521F9105FAACA406DB350
0FDE1F16948982810B10EED517119EA6DFFF7356AEFC8FB30021E800035521F9105FAACA406DB351
0FDE2816948A82811210EEC31711A3A6EFFF7356AEFC8FB300120700035521F9105FAACA406DB352
0FDE3C16948982810B10EEC21711A3A6EFFF7366AEFC7FB300220D00035621F9105FAACA406DB353
0FDE5816948A82811210EEBC1711A3A6EFFF7366AEFC8FB300220300035521F9105FAACA406DB354
0FDE5816948F82811210EEB217119EA6FFFF7366AEFC8FB50021F500035621F9105FAACA406DB355
0FDE5A16949182810B10EEAB17119EA6FFFF7376AEFC9FB50021EA00035621F9105FAACA406DB356
0FDE9D16949582811210EEA41711A3A70FFF7376AEFC8FB60031E100035621F9105FAACA406DB357
0FDF0616948F82811210EE9F1711AEA70FFF7376AEFC9FB50021DA00035621F9105FAACA406DB358
0FDF7316948482810B10EE9D1711AEA70FFF7386AEFC9FB60021D400035621F9105FAACA406DB359
0FDFBE16947682811210EE901711B3A70FFF7386AEFC8FB60021D100035621F9105FAACA406DB35A
0FE06916947282811210EE791711B5A70FFF7396AEFC9FB60021CF00035521F9105FAACA406DB35B
0FE09116947282811210EE4C1711B3A70FFF7396AEFC9FB50021CE00035621F9105FAACA406DB35C
0FE08F16947D82811210EE331711B8A70FFF7396AEFC8FB60021CD00035721F9105FAACA406DB35D
0FE0B816947B82811210EE291711B3A71FFF7396AEFC9FB60021CD00035621F9105FAACA406DB35E
0FE0FF16947482811210EE1C1711BEA71FFF7396AEFC9FB50021D100035621F9105FAACA406DC35F
0FE11316947582810F10EE0D1711BEA71FFF73A6AEFC8FB60011E200035621F9105FAACA406DB360
0FE12C16947482811210EE021711C8A71FFF73A6AEFC9FB60021EA00035721F9105FAACA406DB361
0FE14E16947582811210EDE71711D3A71FFF73A6AEFC9FB60021E600035721F9105FAACA406DB362
0FE11316947782811A10EDC01711EDA71FFF7396AEFC9FB60031DD00035721F9105FAACA406DB363
0FE0D916947A82811210EDB117120CA72FFF7396AEFC9FB50021D500035721F9105FAACA406DB364
0FE0A116947D82811210EDA9171231A72FFF7396AEFC8FB50021D100035721F9105FAACA406DB365
0FE13716947582811A10EDAD171256A72FFF7396AEFC9FB50011CF00035621F9105FAACA406DB366
0FE20516947982811210EDA117127CA72FFF7396AEFC9FB50021CD00035721F9105FAACA406DB367
0FE23816947C82811A10ED8A1712A5A72FFF7396AEFC9FB50021CE00035621F9105FAACA406DC368
0FE26016947982811210ED771712CFA72FFF7386AEFC9FB60021CE00035721F9105FAACA406DC369
0FE22216947782811A10ED6B1712E9A72FFF7386AEFC9FB50021CB00035721F9105FAACA406DB36A
0FE1C116947482811A10ED64171309A72FFF7386AEFC9FB50021C900035721F9105FAACA406DB36B
0FE1A816947D82811210ED5C171323A72FFF7386AEFC9FB50021C800035721F9105FAACA406DB36C
0FE1DE16947A82811A10ED5817133DA71FFF7386AEFC7FB50021C900035621F9105FAACA406DB36D
0FE2AF16947082811A10ED49171357A72FFF7386AEFC5FB50021C900035721F9105FAACA406DB36E
0FE31916947082812110ED3517136DA71FFF7386AEFC5FB50031C900035721F9105FAACA406DB36F
0FE37516947282811A10ED2A17137CA71FFF7386AEFC5FB50021C900035721F9105FAACA406DB370
0FE3AE16947582811A10ED2217139CA71FFF7386AEFC6FB50021C900035721F9105FAACA406DB371
0FE38916947482811A10ED1F1713ABA71FFF7396AEFC5FB507A1CB00035721F9105FAACA406DB372
0FE3A716947982812110ED1E1713BBA70FFF7396AEFC5FB51011CD00035721F9105FAACA406DC373
0FE41016947982812110ED1F1713D0A70FFF7396AEFC5FB51231CE00035721F9105FAACA406DB374
0FE3DA16948382811A10ED1A1713D6A70FFF73A6AEFC5FB511E1CD00035721F9105FAACA406DC375
0FE2F816948E82811E10ED1F1713E5A70FFF73A6AEFC5FB51181CC00035621F9105FAACA406DC376
0FE1D716949482812110ED1A1713EBA6FFFF73B6AEFC6FB51171CD00035621F9105FAACA406DB377
0FE0A31694A182812110ED2A1713F0A6FFFF73B6AEFC6FB51171D000035621F9105FAACA406DC378
0FDFD41694AE82812110ED451713EBA6EFFF73C6AEFC5FB51171D200035621F9105FAACA406DC379
0FDF471694B482812110ED601713E5A6DFFF73D6AEFC5FB51171D300035621F9105FAACA406DC37A
0FDECC1694B282812810ED771713DBA6DFFF73D6AEFC5FB51181D500035621F9105FAACA406DB37B
0FDE8B1694B082812110EDA21713CBA6DFFF73E6AEFC5FB51181D700035621F9105FAACA406DB37C
0FDE851694AD82812110EDEE1713C0A6CFFF73F6AEFC6FB51111D500035721F9105FAACA406DB37D
0FDE6B1694AB82812810EE381713B1A6CFFF73F6AEFC5FB50C71D200035621F9105FAACA406DC37E
0FDE671694A782812110EE69171391A6BFFF7406AEFC6FB509D1D100035621F9105FAACA406DB37F
0FDE8B1694A682812810EE7C171377A6BFFF7416AEFC5FB50981D300035621F9105FAACA406DB380
0FDEB816949B82812810EE8217134DA6AFFF7426AEFC5FB509B1DC00035621F9105FAACA406DB381
0FDEF816949982812810EE94171323A69FFF7426AEFC6FB509D20C00035721F9105FAACA406DB382
0FDF1116949482812810EEAC1712F4A69FFF7436AEFC5FB509D26900035621F9105FAACA406DC383
0FDF4F16949182812810EEC61712AAA68FFF7446AEFC5FB509D2AF00035621F9105FAACA406DB384
0FDF7A16948E82812810EEDD171266A68FFF7456AEFC7FB509D2B300035721F9105FAACA406DB385
0FDF8C16949382813010EEDE171221A67FFF7456AEFC7FB409D28F00035621F9105FAACA406DB386
0FDFA116949382812810EEE01711D3A66FFF7456AEFC8FB309E26200035721F9105FAACA406DB387
0FDFEE16948E82813010EED9171189A66FFF7466AEFC8FB405D23D00035621F9105FAACA406DB388
0FE00716948982813010EEC3171135A65FFF7476AEFC8FB400F22100035621F9105FAACA406DB389
0FE01F16948782812810EE901710DCA64FFF7476AEFC8FB400020B00035621F9105FAACA406DC38A
0FE07416948A82813410EE6717107DA64FFF7476AEFC8FB40001F900035621F9105FAACA406DC38B
0FE0AA16948C82813010EE3B17103EA63FFF7476AEFC7FB40011ED00035621F9105FAACA406DB38C
0FE0CC16948F82813010EE15171014A62FFF7476AEFC8FB40021E300035621F9105FAACA406DB38D
0FE0D916948B82813710EDF3170FF0A62FFF7486AEFC8FB40021DB00035721F9105FAACA406DB38E
0FE0B816949282813010EDD3170FFAA61FFF7486AEFC7FB40021D700035721F9105FAACA406DB38F
0FE0AF16949682813710EDC8170FFAA61FFF7486AEFC8FB40021D300035621F9105FAACA406DB390
0FE09116948F82813010EDD3171005A60FFF7486AEFC8FB40011D000035621F9105FAACA406DC391
0FE05A16948F82813710EDEB17100FA60FFF7496AEFC7FB40021CF00035621F9105FAACA406DB392
0FE02E16949882813710EE05171029A5FFFF7496AEFC8FB40031CF00035721F9105FAACA406DC393
0FE02416949882813010EE1C171044A5FFFF7496AEFC7FB40021CF00035721F9105FAACA406DB394
0FE02416949682813F10EE3817105EA5EFFF7496AFFC8FB40021CF00035621F9105FAACA406DB395
0FE01516949782813710EE52171098A5EFFF7496AEFC8FB40021D000035721F9105FAACA406DB396
0FE00716949682813710EE671710CCA5EFFF7496AEFC8FB40021D100035721F9105FAACA406DB397
0FE00316949382813F10EE75171110A5DFFF7496AEFC7FB40021D400035721F9105FAACA406DB398
0FDFFF16949482813710EE8817114FA5DFFF7496AEFC8FB40021D900035721F9105FAACA406DB399
0FE00316949382813F10EEA1171174A5DFFF7496AEFC8FB40021DA00035821F9105FAACA406DB39A
0FE00E16949482813F10EEC2171194A5CFFF7496AEFC8FB40021DB00035721F9105FAACA406DB39B
0FE02316949B82813710EEDE17119BA5CFFF74A6AEFC8FB40021DB00035721F9105FAACA406DB39C
0FE02B16949482813F10EEFF17119EA5CFFF74A6AEFC7FB40021DA00035721F9105FAACA406DB39D
0FE01D16949882813710EF16171194A5BFFF74A6AFFC6FB50021D800035721F9105FAACA406DC39E
0FE00616949E82814A10EF3417118EA5BFFF74A6AFFC5FB50031D800035721F9105FAACA406DC39F
0FDFF116949982813F10EF54171184A5CFFF74B6AFFC5FB52AB1D900035821F9105FAACA406DB3A0
0FDFD41694A182813F10EF7E17116FA5CFFF74B6AEFC5FB56FE1D700035721F9105FAACA406DB3A1
0FDFB31694A282814610EFB3171184A5BFFF74B6AEFC5FB58481D500035821F9105FAACA406DB3A2
0FDFB016949E82813F10EFEE171189A5BFFF74B6AEFC5FB58351D300035821F9105FAACA406DB3A3
0FDFB01694A382814610F0241711A9A5BFFF74C6AEFC5FB58071D200035821F9105FAACA406DB3A4
0FDFAC1694A282813F10F0561711D8A5BFFF74C6AFFC5FB57F81D100035821F9105FAACA406DC3A5
0FDFA51694A082813F10F088171207A5BFFF74C6AFFC5FB57F91CF00035821F9105FAACA406DC3A6
0FDF931694A382814610F0B617122CA5BFFF74C6AEFC5FB57FB1CE00035821F9105FAACA406DB3A7
0FDF681694A582814610F0E1171261A5BFFF74C6AEFC5FB57FB1D100035821F9105FAACA406DB3A8
0FDF271694AD82814610F107171281A5BFFF74C6AFFC5FB57FB1F900035821F9105FAACA406DC3A9
0FDEFF1694AD82814610F12D1712AFA5BFFF74C6AFFC5FB57FB21D00035821F9105FAACA406DB3AA
0FDEC61694A882813710F1441712D9A5BFFF74C6AFFC5FB57FC21800035821F9105FAACA406DB3AB
0FDE9D1694AD82815510F168171303A5BFFF74C6AFFC5FB57FB20400035821F9105FAACA406DB3AC
0FDE801694AD82813F10F17E171338A5BFFF74C6AFFC5FB555E1F500035921F9105FAACA406DC3AD
0FDE4A1694AE82814610F191171362A5CFFF74D6AEFC5FB53541EC00035921F9105FAACA406DB3AE
0FDE191694B082814E10F1AA171391A5CFFF74D6AEFC5FB52F01E600035921F9105FAACA406DC3AF
0FDE021694AD82814610F1B41713C0A5BFFF74D6AFFC6FB530C1E900035821F9105FAACA406DC3B0
