Date/Time (UTC),vehicleRealtimeNavData.latitude (ddeg),vehicleRealtimeNavData.longitude (ddeg),event_value,event_free_text,event_author,event_option.milestone,event_option.actions,event_option.new_watchstander,event_option.nav,event_option.type,event_option.highlights,event_option.filename,event_option.cabled_plug,event_option.event_comment,event_option.dummy_plug,event_option.formation,event_option.sample_name,event_option.sample_description,vehicleRealtimeNavData.local_x (meters),vehicleRealtimeNavData.local_y (meters),vehicleRealtimeNavData.roll (deg),vehicleRealtimeNavData.pitch (deg),vehicleRealtimeNavData.heading (deg),vehicleRealtimeNavData.depth (meters),vehicleRealtimeNavData.altitude (meters),vehicleRealtimeFramegrabberData.camera_name_1,vehicleRealtimeFramegrabberData.filename_1,vehicleRealtimeFramegrabberData.camera_name_2,vehicleRealtimeFramegrabberData.filename_2,vehicleRealtimeFramegrabberData.camera_name_3,vehicleRealtimeFramegrabberData.filename_3,vehicleRealtimeFramegrabberData.camera_name_4,vehicleRealtimeFramegrabberData.filename_4,vehicleReNavData.pitch (deg),vehicleReNavData.roll (deg),vehicleTemperatureProbe.probe1_temperature (degC),vehicleTemperatureProbe.probe2_temperature (degC),vehicleTemperatureProbe.probe3_temperature (degC),vehicleTemperatureProbe.probe4_temperature (degC),id
"2026-08-15T15:50:31.548Z","45.9258258","-129.9789395","VEHICLE","","guest","Jason off deck","","","","","","","","","","","","","3573.46","1018.03","-2.3","-2.0","58.85","0.49","0.58","SciCam","/SciCam.20260815_155031548.jpg","PilotCam","/PilotCam.20260815_155031548.jpg","BrowCam","/BrowCam.20260815_155031548.jpg","UserSelect","/UserSelect.20260815_155031548.jpg","","","-999.99","15.60","-999.99","-999.99","6a808ac73a81d30014ede3e8"
"2026-08-15T15:53:41.298Z","45.9258258","-129.9789395","VEHICLE","","guest","Jason in water","","","","","","","","","","","","","3573.46","1018.03","2.8","2.5","233.75","0.46","0.58","SciCam","/SciCam.20260815_155341298.jpg","PilotCam","/PilotCam.20260815_155341298.jpg","BrowCam","/BrowCam.20260815_155341298.jpg","UserSelect","/UserSelect.20260815_155341298.jpg","","","-999.99","15.42","-999.99","-999.99","6a808b853a81d30014ede3ec"
"2026-08-15T15:57:17.535Z","45.9258258","-129.9789395","ROV Actions"," ","guest","","First Football on","","","","","","","","","","","","3573.46","1018.03","-0.1","-6.5","247.95","14.42","0.58","SciCam","/SciCam.20260815_155717535.jpg","PilotCam","/PilotCam.20260815_155717535.jpg","BrowCam","/BrowCam.20260815_155717535.jpg","UserSelect","/UserSelect.20260815_155717535.jpg","","","-999.99","16.16","-999.99","-999.99","6a808c5d3a81d30014ede3f0"
"2026-08-15T15:57:52.844Z","45.9258258","-129.9789395","ROV Actions"," ","guest","","Last Football on","","","","","","","","","","","","3573.46","1018.03","-1.0","-6.5","248.63","13.74","0.58","SciCam","/SciCam.20260815_155752844.jpg","PilotCam","/PilotCam.20260815_155752844.jpg","BrowCam","/BrowCam.20260815_155752844.jpg","UserSelect","/UserSelect.20260815_155752844.jpg","","","-999.99","16.11","-999.99","-999.99","6a808c803a81d30014ede3f4"
"2026-08-15T16:01:52.329Z","45.9258258","-129.9789395","ROV Actions","previous entry in error","guest","","Last Football on","","","","","","","","","","","","3573.46","1018.03","-1.9","-6.0","247.17","39.95","0.58","SciCam","/SciCam.20260815_160152329.jpg","PilotCam","/PilotCam.20260815_160152329.jpg","BrowCam","/BrowCam.20260815_160152329.jpg","UserSelect","/UserSelect.20260815_160152329.jpg","","","-999.99","12.23","-999.99","-999.99","6a808d703a81d30014ede3f8"
"2026-08-15T16:06:44.434Z","45.9258258","-129.9789395","ROV Actions"," ","guest","","Transponder on","","","","","","","","","","","","3573.46","1018.03","-0.4","-6.6","304.14","126.75","0.58","SciCam","/SciCam.20260815_160644434.jpg","PilotCam","/PilotCam.20260815_160644434.jpg","BrowCam","/BrowCam.20260815_160644434.jpg","UserSelect","/UserSelect.20260815_160644434.jpg","","","-999.99","8.23","-999.99","-999.99","6a808e943a81d30014ede3fc"
"2026-08-15T16:51:57.609Z","45.9258258","-129.9789395","Problem","high tension warning","guest","","","","","","","","","","","","","","3573.46","1018.03","-1.0","-4.7","5.99","1371.57","0.58","SciCam","/SciCam.20260815_165157609.jpg","PilotCam","/PilotCam.20260815_165157609.jpg","BrowCam","/BrowCam.20260815_165157609.jpg","UserSelect","/UserSelect.20260815_165157609.jpg","","","-999.99","2.58","-999.99","-999.99","6a80992d3a81d30014ede400"
"2026-08-15T17:02:25.127Z","45.9255088","-129.9770843","WATCH_CHANGE","","guest","","","Trina for James","","","","","","","","","","","3717.39","982.79","-0.8","-6.0","300.26","1520.07","6.13","SciCam","/SciCam.20260815_170225127.jpg","PilotCam","/PilotCam.20260815_170225127.jpg","BrowCam","/BrowCam.20260815_170225127.jpg","UserSelect","/UserSelect.20260815_170225127.jpg","","","-999.99","2.40","-999.99","-999.99","6a809ba13a81d30014ede404"
"2026-08-15T17:02:37.642Z","45.9255088","-129.9770884","FREE_FORM","bottom in sight","guest","","","","","","","","","","","","","","3717.07","982.79","-1.4","-6.9","302.36","1523.68","2.64","SciCam","/SciCam.20260815_170237642.jpg","PilotCam","/PilotCam.20260815_170237642.jpg","BrowCam","/BrowCam.20260815_170237642.jpg","UserSelect","/UserSelect.20260815_170237642.jpg","","","-999.99","2.43","-999.99","-999.99","6a809bad3a81d30014ede408"
"2026-08-15T17:05:09.270Z","45.9257007","-129.9775004","NAV","","guest","","","","Doppler Reset","","","","","","","","","","3685.11","1004.13","-0.7","-6.6","299.40","1522.82","2.87","SciCam","/SciCam.20260815_170509270.jpg","PilotCam","/PilotCam.20260815_170509270.jpg","BrowCam","/BrowCam.20260815_170509270.jpg","UserSelect","/UserSelect.20260815_170509270.jpg","","","-999.99","2.34","-999.99","-999.99","6a809c453a81d30014ede40c"
"2026-08-15T17:06:29.559Z","45.9257760","-129.9775230","Biology Type","","guest","","","","","Sea pig","","","","","","","","","3683.35","1012.49","-1.2","-6.9","304.87","1524.38","2.28","SciCam","/SciCam.20260815_170629559.jpg","PilotCam","/PilotCam.20260815_170629559.jpg","BrowCam","/BrowCam.20260815_170629559.jpg","UserSelect","/UserSelect.20260815_170629559.jpg","","","-999.99","2.40","-999.99","-999.99","6a809c953a81d30014ede410"
"2026-08-15T17:07:22.755Z","45.9257838","-129.9775264","HIGHLIGHTS","","guest","","","","","","4K highlights start","","","","","","","","3683.09","1013.36","-0.9","-6.6","304.66","1525.62","1.29","SciCam","/SciCam.20260815_170722755.jpg","PilotCam","/PilotCam.20260815_170722755.jpg","BrowCam","/BrowCam.20260815_170722755.jpg","UserSelect","/UserSelect.20260815_170722755.jpg","","","-999.99","2.40","-999.99","-999.99","6a809cca3a81d30014ede414"
"2026-08-15T17:14:54.421Z","45.9258725","-129.9776840","HIGHLIGHTS","","guest","","","","","","4K highlights stop","","","","","","","","3670.86","1023.22","-1.2","-7.3","143.98","1523.52","4.12","SciCam","/SciCam.20260815_171454421.jpg","PilotCam","/PilotCam.20260815_171454421.jpg","BrowCam","/BrowCam.20260815_171454421.jpg","UserSelect","/UserSelect.20260815_171454421.jpg","","","-999.99","2.38","-999.99","-999.99","6a809e8e3a81d30014ede418"
"2026-08-15T17:19:19.671Z","45.9258065","-129.9777311","ROV Actions","placing new CTD","guest","","(Port) Manipulator in use","","","","","","","","","","","","3667.21","1015.88","-3.1","-7.7","61.79","1525.83","1.16","SciCam","/SciCam.20260815_171919671.jpg","PilotCam","/PilotCam.20260815_171919671.jpg","BrowCam","/BrowCam.20260815_171919671.jpg","UserSelect","/UserSelect.20260815_171919671.jpg","","","-999.99","2.40","-999.99","-999.99","6a809f973a81d30014ede41c"
"2026-08-15T17:19:42.340Z","45.9258064","-129.9777311","VEHICLE","","guest","On bottom","","","","","","","","","","","","","3667.21","1015.87","-4.7","-7.8","61.66","1525.90","1.16","SciCam","/SciCam.20260815_171942340.jpg","PilotCam","/PilotCam.20260815_171942340.jpg","BrowCam","/BrowCam.20260815_171942340.jpg","UserSelect","/UserSelect.20260815_171942340.jpg","","","-999.99","2.38","-999.99","-999.99","6a809fae3a81d30014ede420"
"2026-08-15T17:19:49.323Z","45.9258064","-129.9777311","ASNAP","","admin","","","","","","","","","","","","","","3667.21","1015.87","-4.8","-7.8","61.67","1525.90","1.16","SciCam","/SciCam.20260815_171949323.jpg","PilotCam","/PilotCam.20260815_171949323.jpg","BrowCam","/BrowCam.20260815_171949323.jpg","UserSelect","/UserSelect.20260815_171949323.jpg","","","-999.99","2.40","-999.99","-999.99","6a809fb53a81d30014ede424"
"2026-08-15T17:20:19.342Z","45.9258065","-129.9777303","ASNAP","","admin","","","","","","","","","","","","","","3667.27","1015.88","-3.9","-7.4","61.81","1525.89","1.16","SciCam","/SciCam.20260815_172019342.jpg","PilotCam","/PilotCam.20260815_172019342.jpg","BrowCam","/BrowCam.20260815_172019342.jpg","UserSelect","/UserSelect.20260815_172019342.jpg","","","-999.99","2.39","-999.99","-999.99","6a809fd33a81d30014ede428"
"2026-08-15T17:20:49.368Z","45.9258071","-129.9777291","ASNAP","","admin","","","","","","","","","","","","","","3667.36","1015.95","-3.2","-6.9","62.13","1525.88","1.13","SciCam","/SciCam.20260815_172049368.jpg","PilotCam","/PilotCam.20260815_172049368.jpg","BrowCam","/BrowCam.20260815_172049368.jpg","UserSelect","/UserSelect.20260815_172049368.jpg","","","-999.99","2.39","-999.99","-999.99","6a809ff13a81d30014ede42c"
"2026-08-15T17:21:17.000Z","","","SulisCam","","admin","","","","","","","sulis_20260815172117.jpg","","","","","","","","","","","","","","","","","","","","","","353.090","356.619","","","","","6a8330c43a81d30014ee2640"
"2026-08-15T17:21:19.391Z","45.9258073","-129.9777290","ASNAP","","admin","","","","","","","","","","","","","","3667.37","1015.97","-3.4","-6.9","62.12","1525.89","1.13","SciCam","/SciCam.20260815_172119391.jpg","PilotCam","/PilotCam.20260815_172119391.jpg","BrowCam","/BrowCam.20260815_172119391.jpg","UserSelect","/UserSelect.20260815_172119391.jpg","","","-999.99","2.40","-999.99","-999.99","6a80a00f3a81d30014ede430"
"2026-08-15T17:21:33.607Z","45.9258074","-129.9777289","ROV Actions","grabbing old CTD","guest","","(Starboard) Manipulator in use","","","","","","","","","","","","3667.38","1015.98","-3.6","-6.9","62.11","1525.90","1.13","SciCam","/SciCam.20260815_172133607.jpg","PilotCam","/PilotCam.20260815_172133607.jpg","BrowCam","/BrowCam.20260815_172133607.jpg","UserSelect","/UserSelect.20260815_172133607.jpg","","","-999.99","2.42","-999.99","-999.99","6a80a01d3a81d30014ede434"
"2026-08-15T17:21:49.410Z","45.9258075","-129.9777289","ASNAP","","admin","","","","","","","","","","","","","","3667.38","1015.99","-3.4","-6.9","62.09","1525.89","1.11","SciCam","/SciCam.20260815_172149410.jpg","PilotCam","/PilotCam.20260815_172149410.jpg","BrowCam","/BrowCam.20260815_172149410.jpg","UserSelect","/UserSelect.20260815_172149410.jpg","","","-999.99","2.39","-999.99","-999.99","6a80a02d3a81d30014ede438"
"2026-08-15T17:22:18.000Z","","","SulisCam","","admin","","","","","","","sulis_20260815172218.jpg","","","","","","","","","","","","","","","","","","","","","","353.306","358.583","","","","","6a8330c43a81d30014ee2642"
"2026-08-15T17:22:19.445Z","45.9258075","-129.9777285","ASNAP","","admin","","","","","","","","","","","","","","3667.41","1016.00","-2.6","-6.3","61.88","1525.87","1.13","SciCam","/SciCam.20260815_172219445.jpg","PilotCam","/PilotCam.20260815_172219445.jpg","BrowCam","/BrowCam.20260815_172219445.jpg","UserSelect","/UserSelect.20260815_172219445.jpg","","","-999.99","2.40","-999.99","-999.99","6a80a04b3a81d30014ede43c"
"2026-08-15T17:22:49.489Z","45.9258076","-129.9777280","ASNAP","","admin","","","","","","","","","","","","","","3667.45","1016.01","-1.9","-6.6","62.31","1525.86","1.16","SciCam","/SciCam.20260815_172249489.jpg","PilotCam","/PilotCam.20260815_172249489.jpg","BrowCam","/BrowCam.20260815_172249489.jpg","UserSelect","/UserSelect.20260815_172249489.jpg","","","-999.99","2.41","-999.99","-999.99","6a80a0693a81d30014ede440"
"2026-08-15T17:23:08.000Z","","","SulisCam","","admin","","","","","","","sulis_20260815172308.jpg","","","","","","","","","","","","","","","","","","","","","","353.313","356.587","","","","","6a8330c43a81d30014ee2644"
"2026-08-15T17:23:19.535Z","45.9258081","-129.9777282","ASNAP","","admin","","","","","","","","","","","","","","3667.43","1016.06","-1.0","-6.2","60.14","1525.81","1.11","SciCam","/SciCam.20260815_172319535.jpg","PilotCam","/PilotCam.20260815_172319535.jpg","BrowCam","/BrowCam.20260815_172319535.jpg","UserSelect","/UserSelect.20260815_172319535.jpg","","","-999.99","2.28","-999.99","-999.99","6a80a0873a81d30014ede444"
"2026-08-15T17:23:40.842Z","45.9258014","-129.9777364","VEHICLE","","guest","Off bottom","","","","","","","","","","","","","3666.80","1015.32","-0.8","-6.9","59.78","1524.06","2.56","SciCam","/SciCam.20260815_172340842.jpg","PilotCam","/PilotCam.20260815_172340842.jpg","BrowCam","/BrowCam.20260815_172340842.jpg","UserSelect","/UserSelect.20260815_172340842.jpg","","","-999.99","2.37","-999.99","-999.99","6a80a09c3a81d30014ede448"
"2026-08-15T17:25:48.000Z","","","SulisCam","","admin","","","","","","","sulis_20260815172548.jpg","","","","","","","","","","","","","","","","","","","","","","352.969","358.641","","","","","6a8330c43a81d30014ee2646"
"2026-08-15T17:26:47.824Z","45.9258299","-129.9776246","ROV Actions","grabbing cable ","guest","","(Starboard) Manipulator in use","","","","","","","","","","","","3675.47","1018.49","-3.2","-7.2","170.33","1525.95","1.87","SciCam","/SciCam.20260815_172647824.jpg","PilotCam","/PilotCam.20260815_172647824.jpg","BrowCam","/BrowCam.20260815_172647824.jpg","UserSelect","/UserSelect.20260815_172647824.jpg","","","-999.99","2.39","-999.99","-999.99","6a80a1573a81d30014ede44c"
"2026-08-15T17:27:19.783Z","45.9258300","-129.9776250","ASNAP","","admin","","","","","","","","","","","","","","3675.44","1018.50","-3.0","-9.5","170.85","1525.83","2.03","SciCam","/SciCam.20260815_172719783.jpg","PilotCam","/PilotCam.20260815_172719783.jpg","BrowCam","/BrowCam.20260815_172719783.jpg","UserSelect","/UserSelect.20260815_172719783.jpg","","","-999.99","2.39","-999.99","-999.99","6a80a1773a81d30014ede450"
"2026-08-15T17:27:30.905Z","45.9258299","-129.9776245","Connection Status","INT2W7 unplugged from port J11","guest","","","","","","","","Disconnected","","","","","","3675.48","1018.48","-4.0","-8.0","169.34","1525.92","2.00","SciCam","/SciCam.20260815_172730905.jpg","PilotCam","/PilotCam.20260815_172730905.jpg","BrowCam","/BrowCam.20260815_172730905.jpg","UserSelect","/UserSelect.20260815_172730905.jpg","","","-999.99","2.35","-999.99","-999.99","6a80a1823a81d30014ede454"
"2026-08-15T17:27:49.821Z","45.9258298","-129.9776245","ASNAP","","admin","","","","","","","","","","","","","","3675.48","1018.47","-2.7","-7.7","169.66","1525.92","1.90","SciCam","/SciCam.20260815_172749821.jpg","PilotCam","/PilotCam.20260815_172749821.jpg","BrowCam","/BrowCam.20260815_172749821.jpg","UserSelect","/UserSelect.20260815_172749821.jpg","","","-999.99","2.41","-999.99","-999.99","6a80a1953a81d30014ede458"
"2026-08-15T17:28:19.865Z","45.9258293","-129.9776231","ASNAP","","admin","","","","","","","","","","","","","","3675.59","1018.42","-4.0","-6.7","168.02","1525.98","1.90","SciCam","/SciCam.20260815_172819865.jpg","PilotCam","/PilotCam.20260815_172819865.jpg","BrowCam","/BrowCam.20260815_172819865.jpg","UserSelect","/UserSelect.20260815_172819865.jpg","","","-999.99","2.38","-999.99","-999.99","6a80a1b33a81d30014ede45c"
"2026-08-15T17:28:49.909Z","45.9258284","-129.9776495","ASNAP","","admin","","","","","","","","","","","","","","3673.54","1018.32","-3.0","-7.4","148.83","1524.95","2.64","SciCam","/SciCam.20260815_172849909.jpg","PilotCam","/PilotCam.20260815_172849909.jpg","BrowCam","/BrowCam.20260815_172849909.jpg","UserSelect","/UserSelect.20260815_172849909.jpg","","","-999.99","2.39","-999.99","-999.99","6a80a1d13a81d30014ede460"
"2026-08-15T17:29:19.953Z","45.9258007","-129.9776706","ASNAP","","admin","","","","","","","","","","","","","","3671.90","1015.24","-3.0","-6.9","126.34","1523.14","4.55","SciCam","/SciCam.20260815_172919953.jpg","PilotCam","/PilotCam.20260815_172919953.jpg","BrowCam","/BrowCam.20260815_172919953.jpg","UserSelect","/UserSelect.20260815_172919953.jpg","","","-999.99","2.37","-999.99","-999.99","6a80a1ef3a81d30014ede464"
"2026-08-15T17:29:25.000Z","","","SulisCam","","admin","","","","","","","sulis_20260815172925.jpg","","","","","","","","","","","","","","","","","","","","","","352.998","356.507","","","","","6a8330c43a81d30014ee2648"
"2026-08-15T17:29:49.997Z","45.9257942","-129.9776652","ASNAP","","admin","","","","","","","","","","","","","","3672.32","1014.52","-2.6","-7.2","23.85","1523.53","3.43","SciCam","/SciCam.20260815_172949997.jpg","PilotCam","/PilotCam.20260815_172949997.jpg","BrowCam","/BrowCam.20260815_172949997.jpg","UserSelect","/UserSelect.20260815_172949997.jpg","","","-999.99","2.40","-999.99","-999.99","6a80a20d3a81d30014ede468"
"2026-08-15T17:30:20.042Z","45.9257795","-129.9776760","ASNAP","","admin","","","","","","","","","","","","","","3671.48","1012.88","-1.4","-6.5","16.07","1524.77","2.36","SciCam","/SciCam.20260815_173020042.jpg","PilotCam","/PilotCam.20260815_173020042.jpg","BrowCam","/BrowCam.20260815_173020042.jpg","UserSelect","/UserSelect.20260815_173020042.jpg","","","-999.99","2.40","-999.99","-999.99","6a80a22c3a81d30014ede46c"
"2026-08-15T17:30:25.000Z","","","SulisCam","","admin","","","","","","","sulis_20260815173025.jpg","","","","","","","","","","","","","","","","","","","","","","353.290","357.636","","","","","6a8330c43a81d30014ee264a"
"2026-08-15T17:30:50.087Z","45.9257822","-129.9776768","ASNAP","","admin","","","","","","","","","","","","","","3671.42","1013.18","-2.3","-4.9","13.30","1525.70","1.18","SciCam","/SciCam.20260815_173050087.jpg","PilotCam","/PilotCam.20260815_173050087.jpg","BrowCam","/BrowCam.20260815_173050087.jpg","UserSelect","/UserSelect.20260815_173050087.jpg","","","-999.99","2.42","-999.99","-999.99","6a80a24a3a81d30014ede470"
"2026-08-15T17:31:20.106Z","45.9257824","-129.9776768","ASNAP","","admin","","","","","","","","","","","","","","3671.42","1013.21","-2.2","-5.9","12.56","1525.70","1.26","SciCam","/SciCam.20260815_173120106.jpg","PilotCam","/PilotCam.20260815_173120106.jpg","BrowCam","/BrowCam.20260815_173120106.jpg","UserSelect","/UserSelect.20260815_173120106.jpg","","","-999.99","2.36","-999.99","-999.99","6a80a2683a81d30014ede474"
"2026-08-15T17:31:30.958Z","45.9257827","-129.9776769","FREE_FORM","set down cable","guest","","","","","","","","","","","","","","3671.41","1013.24","-2.2","-4.6","12.98","1525.72","1.18","SciCam","/SciCam.20260815_173130958.jpg","PilotCam","/PilotCam.20260815_173130958.jpg","BrowCam","/BrowCam.20260815_173130958.jpg","UserSelect","/UserSelect.20260815_173130958.jpg","","","-999.99","2.41","-999.99","-999.99","6a80a2723a81d30014ede478"
"2026-08-15T17:31:50.147Z","45.9257810","-129.9776771","ASNAP","","admin","","","","","","","","","","","","","","3671.40","1013.05","-1.4","-7.2","14.06","1525.47","1.29","SciCam","/SciCam.20260815_173150147.jpg","PilotCam","/PilotCam.20260815_173150147.jpg","BrowCam","/BrowCam.20260815_173150147.jpg","UserSelect","/UserSelect.20260815_173150147.jpg","","","-999.99","2.35","-999.99","-999.99","6a80a2863a81d30014ede47c"
"2026-08-15T17:32:20.165Z","45.9257958","-129.9777074","ASNAP","","admin","","","","","","","","","","","","","","3669.05","1014.70","-2.2","-6.7","27.41","1524.82","2.08","SciCam","/SciCam.20260815_173220165.jpg","PilotCam","/PilotCam.20260815_173220165.jpg","BrowCam","/BrowCam.20260815_173220165.jpg","UserSelect","/UserSelect.20260815_173220165.jpg","","","-999.99","2.43","-999.99","-999.99","6a80a2a43a81d30014ede480"
"2026-08-15T17:32:48.682Z","45.9258073","-129.9777023","VEHICLE","next to new CTD","guest","On bottom","","","","","","","","","","","","","3669.44","1015.97","-3.9","-5.2","29.01","1525.99","0.94","SciCam","/SciCam.20260815_173248682.jpg","PilotCam","/PilotCam.20260815_173248682.jpg","BrowCam","/BrowCam.20260815_173248682.jpg","UserSelect","/UserSelect.20260815_173248682.jpg","","","-999.99","2.43","-999.99","-999.99","6a80a2c03a81d30014ede484"
"2026-08-15T17:32:50.209Z","45.9258073","-129.9777021","ASNAP","","admin","","","","","","","","","","","","","","3669.46","1015.97","-4.1","-5.4","29.19","1526.00","0.93","SciCam","/SciCam.20260815_173250209.jpg","PilotCam","/PilotCam.20260815_173250209.jpg","BrowCam","/BrowCam.20260815_173250209.jpg","UserSelect","/UserSelect.20260815_173250209.jpg","","","-999.99","2.37","-999.99","-999.99","6a80a2c23a81d30014ede488"
"2026-08-15T17:33:20.253Z","45.9258077","-129.9776995","ASNAP","","admin","","","","","","","","","","","","","","3669.66","1016.02","-3.7","-6.0","27.86","1526.01","0.95","SciCam","/SciCam.20260815_173320253.jpg","PilotCam","/PilotCam.20260815_173320253.jpg","BrowCam","/BrowCam.20260815_173320253.jpg","UserSelect","/UserSelect.20260815_173320253.jpg","","","-999.99","2.35","-999.99","-999.99","6a80a2e03a81d30014ede48c"
"2026-08-15T17:33:47.000Z","","","SulisCam","","admin","","","","","","","sulis_20260815173347.jpg","","","","","","","","","","","","","","","","","","","","","","352.951","355.211","","","","","6a8330c43a81d30014ee264c"
"2026-08-15T17:33:50.297Z","45.9258084","-129.9776981","ASNAP","","admin","","","","","","","","","","","","","","3669.77","1016.10","-4.8","-7.1","28.30","1526.04","1.01","SciCam","/SciCam.20260815_173350297.jpg","PilotCam","/PilotCam.20260815_173350297.jpg","BrowCam","/BrowCam.20260815_173350297.jpg","UserSelect","/UserSelect.20260815_173350297.jpg","","","-999.99","2.37","-999.99","-999.99","6a80a2fe3a81d30014ede490"
"2026-08-15T17:34:20.316Z","45.9258088","-129.9776978","ASNAP","","admin","","","","","","","","","","","","","","3669.79","1016.14","-4.2","-6.4","28.49","1526.04","0.93","SciCam","/SciCam.20260815_173420316.jpg","PilotCam","/PilotCam.20260815_173420316.jpg","BrowCam","/BrowCam.20260815_173420316.jpg","UserSelect","/UserSelect.20260815_173420316.jpg","","","-999.99","2.42","-999.99","-999.99","6a80a31c3a81d30014ede494"
"2026-08-15T17:34:21.228Z","45.9258088","-129.9776978","ROV Actions","removed pin from cable","guest","","(Starboard) Manipulator in use","","","","","","","","","","","","3669.79","1016.14","-4.1","-6.3","28.49","1526.03","0.95","SciCam","/SciCam.20260815_173421228.jpg","PilotCam","/PilotCam.20260815_173421228.jpg","BrowCam","/BrowCam.20260815_173421228.jpg","UserSelect","/UserSelect.20260815_173421228.jpg","","","-999.99","2.38","-999.99","-999.99","6a80a31d3a81d30014ede498"
"2026-08-15T17:34:50.357Z","45.9258093","-129.9776976","ASNAP","","admin","","","","","","","","","","","","","","3669.81","1016.20","-3.9","-6.1","28.47","1526.03","0.93","SciCam","/SciCam.20260815_173450357.jpg","PilotCam","/PilotCam.20260815_173450357.jpg","BrowCam","/BrowCam.20260815_173450357.jpg","UserSelect","/UserSelect.20260815_173450357.jpg","","","-999.99","2.38","-999.99","-999.99","6a80a33a3a81d30014ede49c"
"2026-08-15T17:35:18.879Z","45.9258100","-129.9776971","ROV Actions","removed second pin","guest","","(Port) Manipulator in use","","","","","","","","","","","","3669.85","1016.27","-4.0","-6.1","29.23","1526.04","0.95","SciCam","/SciCam.20260815_173518879.jpg","PilotCam","/PilotCam.20260815_173518879.jpg","BrowCam","/BrowCam.20260815_173518879.jpg","UserSelect","/UserSelect.20260815_173518879.jpg","","","-999.99","2.38","-999.99","-999.99","6a80a3563a81d30014ede4a0"
"2026-08-15T17:35:19.000Z","","","SulisCam","","admin","","","","","","","sulis_20260815173519.jpg","","","","","","","","","","","","","","","","","","","","","","353.891","356.001","","","","","6a8330c43a81d30014ee264e"
"2026-08-15T17:35:20.403Z","45.9258101","-129.9776969","ASNAP","","admin","","","","","","","","","","","","","","3669.86","1016.28","-4.0","-6.1","29.31","1526.04","0.93","SciCam","/SciCam.20260815_173520403.jpg","PilotCam","/PilotCam.20260815_173520403.jpg","BrowCam","/BrowCam.20260815_173520403.jpg","UserSelect","/UserSelect.20260815_173520403.jpg","","","-999.99","2.37","-999.99","-999.99","6a80a3583a81d30014ede4a4"
"2026-08-15T17:35:50.448Z","45.9258103","-129.9776969","ASNAP","","admin","","","","","","","","","","","","","","3669.86","1016.31","-3.2","-5.5","29.93","1526.02","0.90","SciCam","/SciCam.20260815_173550448.jpg","PilotCam","/PilotCam.20260815_173550448.jpg","BrowCam","/BrowCam.20260815_173550448.jpg","UserSelect","/UserSelect.20260815_173550448.jpg","","","-999.99","2.39","-999.99","-999.99","6a80a3763a81d30014ede4a8"
"2026-08-15T17:36:20.489Z","45.9258108","-129.9776972","ASNAP","","admin","","","","","","","","","","","","","","3669.84","1016.36","-3.1","-5.5","29.90","1526.02","0.90","SciCam","/SciCam.20260815_173620489.jpg","PilotCam","/PilotCam.20260815_173620489.jpg","BrowCam","/BrowCam.20260815_173620489.jpg","UserSelect","/UserSelect.20260815_173620489.jpg","","","-999.99","2.37","-999.99","-999.99","6a80a3943a81d30014ede4ac"
"2026-08-15T17:36:43.000Z","","","SulisCam","","admin","","","","","","","sulis_20260815173643.jpg","","","","","","","","","","","","","","","","","","","","","","354.557","357.042","","","","","6a8330c43a81d30014ee2650"
"2026-08-15T17:36:50.533Z","45.9258110","-129.9776976","ASNAP","","admin","","","","","","","","","","","","","","3669.81","1016.38","-2.9","-5.4","29.99","1526.02","0.90","SciCam","/SciCam.20260815_173650533.jpg","PilotCam","/PilotCam.20260815_173650533.jpg","BrowCam","/BrowCam.20260815_173650533.jpg","UserSelect","/UserSelect.20260815_173650533.jpg","","","-999.99","2.38","-999.99","-999.99","6a80a3b23a81d30014ede4b0"
"2026-08-15T17:37:11.972Z","45.9258110","-129.9776978","ROV Actions","picked up INTW24","guest","","(Port) Manipulator in use","","","","","","","","","","","","3669.79","1016.38","-3.2","-5.4","30.01","1526.04","0.88","SciCam","/SciCam.20260815_173711972.jpg","PilotCam","/PilotCam.20260815_173711972.jpg","BrowCam","/BrowCam.20260815_173711972.jpg","UserSelect","/UserSelect.20260815_173711972.jpg","","","-999.99","2.38","-999.99","-999.99","6a80a3c73a81d30014ede4b8"
"2026-08-15T17:37:12.000Z","","","SulisCam","","admin","","","","","","","sulis_20260815173712.jpg","","","","","","","","","","","","","","","","","","","","","","354.590","356.744","","","","","6a8330c53a81d30014ee2652"
"2026-08-15T17:37:20.577Z","45.9258105","-129.9776969","ASNAP","","admin","","","","","","","","","","","","","","3669.86","1016.33","-0.3","-6.1","26.82","1525.78","1.06","SciCam","/SciCam.20260815_173720577.jpg","PilotCam","/PilotCam.20260815_173720577.jpg","BrowCam","/BrowCam.20260815_173720577.jpg","UserSelect","/UserSelect.20260815_173720577.jpg","","","-999.99","2.38","-999.99","-999.99","6a80a3d03a81d30014ede4bc"
"2026-08-15T17:37:26.658Z","45.9258090","-129.9776943","Biology Type","rattail","guest","","","","","Fish","","","","","","","","","3670.06","1016.16","-0.2","-6.2","27.77","1525.61","1.24","SciCam","/SciCam.20260815_173726658.jpg","PilotCam","/PilotCam.20260815_173726658.jpg","BrowCam","/BrowCam.20260815_173726658.jpg","UserSelect","/UserSelect.20260815_173726658.jpg","","","-999.99","2.44","-999.99","-999.99","6a80a3d63a81d30014ede4c0"
"2026-08-15T17:37:50.622Z","45.9258120","-129.9776955","ASNAP","","admin","","","","","","","","","","","","","","3669.97","1016.50","0.3","-6.6","21.54","1524.54","2.41","SciCam","/SciCam.20260815_173750622.jpg","PilotCam","/PilotCam.20260815_173750622.jpg","BrowCam","/BrowCam.20260815_173750622.jpg","UserSelect","/UserSelect.20260815_173750622.jpg","","","-999.99","2.42","-999.99","-999.99","6a80a3ee3a81d30014ede4c4"
"2026-08-15T17:38:20.654Z","45.9258097","-129.9776657","ASNAP","","admin","","","","","","","","","","","","","","3672.28","1016.24","-0.5","-5.7","319.81","1524.26","3.02","SciCam","/SciCam.20260815_173820654.jpg","PilotCam","/PilotCam.20260815_173820654.jpg","BrowCam","/BrowCam.20260815_173820654.jpg","UserSelect","/UserSelect.20260815_173820654.jpg","","","-999.99","2.37","-999.99","-999.99","6a80a40c3a81d30014ede4c8"
"2026-08-15T17:38:50.673Z","45.9258339","-129.9776353","ASNAP","","admin","","","","","","","","","","","","","","3674.64","1018.93","-1.1","-5.4","282.83","1524.29","3.32","SciCam","/SciCam.20260815_173850673.jpg","PilotCam","/PilotCam.20260815_173850673.jpg","BrowCam","/BrowCam.20260815_173850673.jpg","UserSelect","/UserSelect.20260815_173850673.jpg","","","-999.99","2.45","-999.99","-999.99","6a80a42a3a81d30014ede4cc"
"2026-08-15T17:39:04.000Z","","","SulisCam","","admin","","","","","","","sulis_20260815173904.jpg","","","","","","","","","","","","","","","","","","","","","","354.600","105.398","","","","","6a8330c53a81d30014ee2654"
"2026-08-15T17:39:20.717Z","45.9258439","-129.9776300","ASNAP","","admin","","","","","","","","","","","","","","3675.05","1020.04","-0.6","-6.3","234.99","1524.80","3.30","SciCam","/SciCam.20260815_173920717.jpg","PilotCam","/PilotCam.20260815_173920717.jpg","BrowCam","/BrowCam.20260815_173920717.jpg","UserSelect","/UserSelect.20260815_173920717.jpg","","","-999.99","2.36","-999.99","-999.99","6a80a4483a81d30014ede4d0"
"2026-08-15T17:39:40.084Z","45.9258406","-129.9776222","Name","Avery for Mike","guest","","","","","","","","","","","","","","3675.66","1019.67","-0.0","-6.0","203.10","1525.04","3.12","SciCam","/SciCam.20260815_173940084.jpg","PilotCam","/PilotCam.20260815_173940084.jpg","BrowCam","/BrowCam.20260815_173940084.jpg","UserSelect","/UserSelect.20260815_173940084.jpg","","","-999.99","2.19","-999.99","-999.99","6a80a45c3a81d30014ede4d4"
"2026-08-15T17:39:49.475Z","45.9258422","-129.9776135","ROV Actions","Carrying plug INT2W4","guest","","(Starboard) Manipulator in use","","","","","","","*port manipulator","","","","","3676.33","1019.85","-1.1","-6.2","196.14","1525.49","2.77","SciCam","/SciCam.20260815_173949475.jpg","PilotCam","/PilotCam.20260815_173949475.jpg","BrowCam","/BrowCam.20260815_173949475.jpg","UserSelect","/UserSelect.20260815_173949475.jpg","","","-999.99","2.34","-999.99","-999.99","6a80a4653a81d30014ede4d8"
"2026-08-15T17:39:50.764Z","45.9258420","-129.9776128","ASNAP","","admin","","","","","","","","","","","","","","3676.39","1019.83","-1.3","-6.1","194.62","1525.57","2.66","SciCam","/SciCam.20260815_173950764.jpg","PilotCam","/PilotCam.20260815_173950764.jpg","BrowCam","/BrowCam.20260815_173950764.jpg","UserSelect","/UserSelect.20260815_173950764.jpg","","","-999.99","2.27","-999.99","-999.99","6a80a4663a81d30014ede4dc"
"2026-08-15T17:40:20.809Z","45.9258345","-129.9776148","ASNAP","","admin","","","","","","","","","","","","","","3676.23","1019.00","-1.3","-6.1","169.48","1526.43","1.36","SciCam","/SciCam.20260815_174020809.jpg","PilotCam","/PilotCam.20260815_174020809.jpg","BrowCam","/BrowCam.20260815_174020809.jpg","UserSelect","/UserSelect.20260815_174020809.jpg","","","-999.99","2.33","-999.99","-999.99","6a80a4843a81d30014ede4e0"
"2026-08-15T17:40:50.856Z","45.9258358","-129.9776174","ASNAP","","admin","","","","","","","","","","","","","","3676.03","1019.14","-1.1","-6.3","170.73","1526.46","1.34","SciCam","/SciCam.20260815_174050856.jpg","PilotCam","/PilotCam.20260815_174050856.jpg","BrowCam","/BrowCam.20260815_174050856.jpg","UserSelect","/UserSelect.20260815_174050856.jpg","","","-999.99","2.38","-999.99","-999.99","6a80a4a23a81d30014ede4e4"
"2026-08-15T17:41:20.898Z","45.9258352","-129.9776169","ASNAP","","admin","","","","","","","","","","","","","","3676.07","1019.07","-1.1","-6.3","170.73","1526.44","1.34","SciCam","/SciCam.20260815_174120898.jpg","PilotCam","/PilotCam.20260815_174120898.jpg","BrowCam","/BrowCam.20260815_174120898.jpg","UserSelect","/UserSelect.20260815_174120898.jpg","","","-999.99","2.35","-999.99","-999.99","6a80a4c03a81d30014ede4e8"
"2026-08-15T17:41:50.945Z","45.9258359","-129.9776171","ASNAP","","admin","","","","","","","","","","","","","","3676.05","1019.15","-1.6","-6.3","170.66","1526.44","1.41","SciCam","/SciCam.20260815_174150945.jpg","PilotCam","/PilotCam.20260815_174150945.jpg","BrowCam","/BrowCam.20260815_174150945.jpg","UserSelect","/UserSelect.20260815_174150945.jpg","","","-999.99","2.31","-999.99","-999.99","6a80a4de3a81d30014ede4ec"
"2026-08-15T17:41:57.418Z","45.9258354","-129.9776170","ROV Actions","Reaching to grab plug from port manip","guest","","(Starboard) Manipulator in use","","","","","","","","","","","","3676.06","1019.10","-1.6","-6.2","170.86","1526.46","1.34","SciCam","/SciCam.20260815_174157418.jpg","PilotCam","/PilotCam.20260815_174157418.jpg","BrowCam","/BrowCam.20260815_174157418.jpg","UserSelect","/UserSelect.20260815_174157418.jpg","","","-999.99","2.37","-999.99","-999.99","6a80a4e53a81d30014ede4f0"
"2026-08-15T17:42:20.977Z","45.9258350","-129.9776166","ASNAP","","admin","","","","","","","","","","","","","","3676.09","1019.05","-1.6","-6.4","170.82","1526.44","1.36","SciCam","/SciCam.20260815_174220977.jpg","PilotCam","/PilotCam.20260815_174220977.jpg","BrowCam","/BrowCam.20260815_174220977.jpg","UserSelect","/UserSelect.20260815_174220977.jpg","","","-999.99","2.35","-999.99","-999.99","6a80a4fc3a81d30014ede4f4"
"2026-08-15T17:42:51.003Z","45.9258363","-129.9776177","ASNAP","","admin","","","","","","","","","","","","","","3676.01","1019.20","-2.2","-7.4","170.56","1526.43","1.47","SciCam","/SciCam.20260815_174251003.jpg","PilotCam","/PilotCam.20260815_174251003.jpg","BrowCam","/BrowCam.20260815_174251003.jpg","UserSelect","/UserSelect.20260815_174251003.jpg","","","-999.99","2.36","-999.99","-999.99","6a80a51b3a81d30014ede4f8"
"2026-08-15T17:43:16.122Z","45.9258359","-129.9776175","ROV Actions","Successfully grabbed plug handle","guest","","(Starboard) Manipulator in use","","","","","","","","","","","","3676.02","1019.15","-2.6","-7.5","170.91","1526.45","1.47","SciCam","/SciCam.20260815_174316122.jpg","PilotCam","/PilotCam.20260815_174316122.jpg","BrowCam","/BrowCam.20260815_174316122.jpg","UserSelect","/UserSelect.20260815_174316122.jpg","","","-999.99","2.31","-999.99","-999.99","6a80a5343a81d30014ede4fc"
"2026-08-15T17:43:21.043Z","45.9258348","-129.9776169","ASNAP","","admin","","","","","","","","","","","","","","3676.07","1019.03","-2.6","-7.6","170.97","1526.44","1.44","SciCam","/SciCam.20260815_174321043.jpg","PilotCam","/PilotCam.20260815_174321043.jpg","BrowCam","/BrowCam.20260815_174321043.jpg","UserSelect","/UserSelect.20260815_174321043.jpg","","","-999.99","2.34","-999.99","-999.99","6a80a5393a81d30014ede500"
"2026-08-15T17:43:38.744Z","45.9258354","-129.9776174","ROV Actions","Let go of plug","guest","","(Port) Manipulator in use","","","","","","","","","","","","3676.03","1019.10","-3.0","-7.9","171.01","1526.47","1.47","SciCam","/SciCam.20260815_174338744.jpg","PilotCam","/PilotCam.20260815_174338744.jpg","BrowCam","/BrowCam.20260815_174338744.jpg","UserSelect","/UserSelect.20260815_174338744.jpg","","","-999.99","2.37","-999.99","-999.99","6a80a54a3a81d30014ede504"
"2026-08-15T17:43:51.088Z","45.9258362","-129.9776171","ASNAP","","admin","","","","","","","","","","","","","","3676.05","1019.18","-3.8","-7.0","170.44","1526.40","1.57","SciCam","/SciCam.20260815_174351088.jpg","PilotCam","/PilotCam.20260815_174351088.jpg","BrowCam","/BrowCam.20260815_174351088.jpg","UserSelect","/UserSelect.20260815_174351088.jpg","","","-999.99","2.34","-999.99","-999.99","6a80a5573a81d30014ede508"
"2026-08-15T17:44:00.106Z","45.9258356","-129.9776170","ROV Actions","Attempting to grab dummy plug","guest","","(Port) Manipulator in use","","","","","","","","","","","","3676.06","1019.12","-3.3","-7.9","170.94","1526.45","1.52","SciCam","/SciCam.20260815_174400106.jpg","PilotCam","/PilotCam.20260815_174400106.jpg","BrowCam","/BrowCam.20260815_174400106.jpg","UserSelect","/UserSelect.20260815_174400106.jpg","","","-999.99","2.40","-999.99","-999.99","6a80a5603a81d30014ede50c"
"2026-08-15T17:44:12.033Z","45.9258357","-129.9776171","Connection Status","Using port manip","guest","","","","","","","","","","Disconnected","","","","3676.05","1019.13","-2.9","-6.2","170.33","1526.39","1.52","SciCam","/SciCam.20260815_174412033.jpg","PilotCam","/PilotCam.20260815_174412033.jpg","BrowCam","/BrowCam.20260815_174412033.jpg","UserSelect","/UserSelect.20260815_174412033.jpg","","","-999.99","2.38","-999.99","-999.99","6a80a56c3a81d30014ede510"
"2026-08-15T17:44:21.132Z","45.9258360","-129.9776171","ASNAP","","admin","","","","","","","","","","","","","","3676.05","1019.16","-2.1","-6.6","171.08","1526.47","1.44","SciCam","/SciCam.20260815_174421132.jpg","PilotCam","/PilotCam.20260815_174421132.jpg","BrowCam","/BrowCam.20260815_174421132.jpg","UserSelect","/UserSelect.20260815_174421132.jpg","","","-999.99","2.39","-999.99","-999.99","6a80a5753a81d30014ede514"
"2026-08-15T17:44:27.065Z","45.9258350","-129.9776165","ROV Actions","Dropped dummy plug into basket","guest","","(Port) Manipulator in use","","","","","","","","","","","","3676.10","1019.05","-1.9","-6.4","170.97","1526.44","1.44","SciCam","/SciCam.20260815_174427065.jpg","PilotCam","/PilotCam.20260815_174427065.jpg","BrowCam","/BrowCam.20260815_174427065.jpg","UserSelect","/UserSelect.20260815_174427065.jpg","","","-999.99","2.35","-999.99","-999.99","6a80a57b3a81d30014ede518"
"2026-08-15T17:44:51.173Z","45.9258354","-129.9776166","ASNAP","","admin","","","","","","","","","","","","","","3676.09","1019.10","-4.2","-6.9","170.82","1526.42","1.54","SciCam","/SciCam.20260815_174451173.jpg","PilotCam","/PilotCam.20260815_174451173.jpg","BrowCam","/BrowCam.20260815_174451173.jpg","UserSelect","/UserSelect.20260815_174451173.jpg","","","-999.99","2.34","-999.99","-999.99","6a80a5933a81d30014ede51c"
"2026-08-15T17:45:21.217Z","45.9258365","-129.9776177","ASNAP","","admin","","","","","","","","","","","","","","3676.01","1019.22","-3.7","-8.1","171.08","1526.42","1.57","SciCam","/SciCam.20260815_174521217.jpg","PilotCam","/PilotCam.20260815_174521217.jpg","BrowCam","/BrowCam.20260815_174521217.jpg","UserSelect","/UserSelect.20260815_174521217.jpg","","","-999.99","2.39","-999.99","-999.99","6a80a5b13a81d30014ede520"
"2026-08-15T17:45:51.262Z","45.9258343","-129.9776183","ASNAP","","admin","","","","","","","","","","","","","","3675.96","1018.97","-4.5","-9.4","174.00","1525.79","2.31","SciCam","/SciCam.20260815_174551262.jpg","PilotCam","/PilotCam.20260815_174551262.jpg","BrowCam","/BrowCam.20260815_174551262.jpg","UserSelect","/UserSelect.20260815_174551262.jpg","","","-999.99","2.37","-999.99","-999.99","6a80a5cf3a81d30014ede524"
"2026-08-15T17:45:51.697Z","45.9258342","-129.9776186","ROV Actions","Holding onto junction box","guest","","(Port) Manipulator in use","","","","","","","","","","","","3675.94","1018.96","-4.7","-9.6","173.58","1525.78","2.33","SciCam","/SciCam.20260815_174551697.jpg","PilotCam","/PilotCam.20260815_174551697.jpg","BrowCam","/BrowCam.20260815_174551697.jpg","UserSelect","/UserSelect.20260815_174551697.jpg","","","-999.99","2.35","-999.99","-999.99","6a80a5cf3a81d30014ede527"
"2026-08-15T17:46:21.289Z","45.9258350","-129.9776198","ASNAP","","admin","","","","","","","","","","","","","","3675.84","1019.05","-4.2","-9.4","172.97","1526.30","1.75","SciCam","/SciCam.20260815_174621289.jpg","PilotCam","/PilotCam.20260815_174621289.jpg","BrowCam","/BrowCam.20260815_174621289.jpg","UserSelect","/UserSelect.20260815_174621289.jpg","","","-999.99","2.38","-999.99","-999.99","6a80a5ed3a81d30014ede52c"
"2026-08-15T17:46:51.333Z","45.9258344","-129.9776201","ASNAP","","admin","","","","","","","","","","","","","","3675.82","1018.99","-4.4","-8.3","172.30","1526.35","1.69","SciCam","/SciCam.20260815_174651333.jpg","PilotCam","/PilotCam.20260815_174651333.jpg","BrowCam","/BrowCam.20260815_174651333.jpg","UserSelect","/UserSelect.20260815_174651333.jpg","","","-999.99","2.37","-999.99","-999.99","6a80a60b3a81d30014ede530"
"2026-08-15T17:47:21.377Z","45.9258344","-129.9776198","ASNAP","","admin","","","","","","","","","","","","","","3675.84","1018.98","-4.0","-8.0","172.19","1526.37","1.67","SciCam","/SciCam.20260815_174721377.jpg","PilotCam","/PilotCam.20260815_174721377.jpg","BrowCam","/BrowCam.20260815_174721377.jpg","UserSelect","/UserSelect.20260815_174721377.jpg","","","-999.99","2.32","-999.99","-999.99","6a80a6293a81d30014ede534"
"2026-08-15T17:47:36.000Z","","","SulisCam","","admin","","","","","","","sulis_20260815174736.jpg","","","","","","","","","","","","","","","","","","","","","","352.018","355.996","","","","","6a8330c53a81d30014ee2656"
"2026-08-15T17:47:51.421Z","45.9258343","-129.9776197","ASNAP","","admin","","","","","","","","","","","","","","3675.85","1018.97","-4.1","-8.1","172.12","1526.36","1.67","SciCam","/SciCam.20260815_174751421.jpg","PilotCam","/PilotCam.20260815_174751421.jpg","BrowCam","/BrowCam.20260815_174751421.jpg","UserSelect","/UserSelect.20260815_174751421.jpg","","","-999.99","2.35","-999.99","-999.99","6a80a6473a81d30014ede538"
"2026-08-15T17:48:02.180Z","45.9258343","-129.9776200","ROV Actions","Attempting to plug INT2W4 into junction box","guest","","(Starboard) Manipulator in use","","","","","","","","","","","","3675.83","1018.97","-4.4","-8.2","172.16","1526.36","1.67","SciCam","/SciCam.20260815_174802180.jpg","PilotCam","/PilotCam.20260815_174802180.jpg","BrowCam","/BrowCam.20260815_174802180.jpg","UserSelect","/UserSelect.20260815_174802180.jpg","","","-999.99","2.33","-999.99","-999.99","6a80a6523a81d30014ede53c"
"2026-08-15T17:48:21.458Z","45.9258343","-129.9776191","ASNAP","","admin","","","","","","","","","","","","","","3675.90","1018.97","-4.3","-7.9","172.44","1526.38","1.69","SciCam","/SciCam.20260815_174821458.jpg","PilotCam","/PilotCam.20260815_174821458.jpg","BrowCam","/BrowCam.20260815_174821458.jpg","UserSelect","/UserSelect.20260815_174821458.jpg","","","-999.99","2.36","-999.99","-999.99","6a80a6653a81d30014ede540"
"2026-08-15T17:48:51.504Z","45.9258338","-129.9776166","ASNAP","","admin","","","","","","","","","","","","","","3676.09","1018.92","-4.5","-9.3","169.42","1526.24","1.80","SciCam","/SciCam.20260815_174851504.jpg","PilotCam","/PilotCam.20260815_174851504.jpg","BrowCam","/BrowCam.20260815_174851504.jpg","UserSelect","/UserSelect.20260815_174851504.jpg","","","-999.99","2.35","-999.99","-999.99","6a80a6833a81d30014ede544"
"2026-08-15T17:49:21.525Z","45.9258329","-129.9776149","ASNAP","","admin","","","","","","","","","","","","","","3676.22","1018.82","-4.2","-8.1","172.15","1526.53","1.47","SciCam","/SciCam.20260815_174921525.jpg","PilotCam","/PilotCam.20260815_174921525.jpg","BrowCam","/BrowCam.20260815_174921525.jpg","UserSelect","/UserSelect.20260815_174921525.jpg","","","-999.99","2.38","-999.99","-999.99","6a80a6a13a81d30014ede548"
"2026-08-15T17:49:36.000Z","","","SulisCam","","admin","","","","","","","sulis_20260815174936.jpg","","","","","","","","","","","","","","","","","","","","","","351.607","355.951","","","","","6a8330c53a81d30014ee2658"
"2026-08-15T17:49:51.562Z","45.9258334","-129.9776146","ASNAP","","admin","","","","","","","","","","","","","","3676.25","1018.87","-3.7","-8.7","173.69","1526.49","1.49","SciCam","/SciCam.20260815_174951562.jpg","PilotCam","/PilotCam.20260815_174951562.jpg","BrowCam","/BrowCam.20260815_174951562.jpg","UserSelect","/UserSelect.20260815_174951562.jpg","","","-999.99","2.36","-999.99","-999.99","6a80a6bf3a81d30014ede54c"
"2026-08-15T17:50:11.000Z","","","SulisCam","","admin","","","","","","","sulis_20260815175011.jpg","","","","","","","","","","","","","","","","","","","","","","350.058","357.000","","","","","6a8330c53a81d30014ee265a"
"2026-08-15T17:50:21.582Z","45.9258343","-129.9776120","ASNAP","","admin","","","","","","","","","","","","","","3676.45","1018.97","-2.8","-11.0","177.95","1526.40","1.72","SciCam","/SciCam.20260815_175021582.jpg","PilotCam","/PilotCam.20260815_175021582.jpg","BrowCam","/BrowCam.20260815_175021582.jpg","UserSelect","/UserSelect.20260815_175021582.jpg","","","-999.99","2.35","-999.99","-999.99","6a80a6dd3a81d30014ede550"
"2026-08-15T17:50:36.000Z","","","SulisCam","","admin","","","","","","","sulis_20260815175036.jpg","","","","","","","","","","","","","","","","","","","","","","352.558","356.000","","","","","6a8330c53a81d30014ee265c"
"2026-08-15T17:50:45.000Z","","","SulisCam","","admin","","","","","","","sulis_20260815175045.jpg","","","","","","","","","","","","","","","","","","","","","","351.738","356.322","","","","","6a8330c53a81d30014ee265e"
"2026-08-15T17:50:50.970Z","45.9258335","-129.9776152","Connection Status","INT2W4 plugged into jb","guest","","","","","","","","Connected","","","","","","3676.20","1018.89","-4.0","-9.6","173.74","1526.48","1.54","SciCam","/SciCam.20260815_175050970.jpg","PilotCam","/PilotCam.20260815_175050970.jpg","BrowCam","/BrowCam.20260815_175050970.jpg","UserSelect","/UserSelect.20260815_175050970.jpg","","","-999.99","2.35","-999.99","-999.99","6a80a6fa3a81d30014ede554"
"2026-08-15T17:50:51.601Z","45.9258335","-129.9776142","ASNAP","","admin","","","","","","","","","","","","","","3676.28","1018.89","-3.8","-9.8","173.86","1526.46","1.59","SciCam","/SciCam.20260815_175051601.jpg","PilotCam","/PilotCam.20260815_175051601.jpg","BrowCam","/BrowCam.20260815_175051601.jpg","UserSelect","/UserSelect.20260815_175051601.jpg","","","-999.99","2.39","-999.99","-999.99","6a80a6fb3a81d30014ede557"
"2026-08-15T17:51:05.177Z","45.9258326","-129.9776142","ROV Actions","Successfully plugged in","guest","","(Starboard) Manipulator in use","","","","","","","","","","","","3676.28","1018.78","-2.2","-6.2","172.19","1526.61","1.24","SciCam","/SciCam.20260815_175105177.jpg","PilotCam","/PilotCam.20260815_175105177.jpg","BrowCam","/BrowCam.20260815_175105177.jpg","UserSelect","/UserSelect.20260815_175105177.jpg","","","-999.99","2.33","-999.99","-999.99","6a80a7093a81d30014ede55c"
"2026-08-15T17:51:10.000Z","","","SulisCam","","admin","","","","","","","sulis_20260815175110.jpg","","","","","","","","","","","","","","","","","","","","","","352.775","357.421","","","","","6a8330c53a81d30014ee2660"
"2026-08-15T17:51:21.645Z","45.9258325","-129.9776143","ASNAP","","admin","","","","","","","","","","","","","","3676.27","1018.77","-2.5","-7.0","172.39","1526.58","1.34","SciCam","/SciCam.20260815_175121645.jpg","PilotCam","/PilotCam.20260815_175121645.jpg","BrowCam","/BrowCam.20260815_175121645.jpg","UserSelect","/UserSelect.20260815_175121645.jpg","","","-999.99","2.37","-999.99","-999.99","6a80a7193a81d30014ede560"
"2026-08-15T17:51:51.678Z","45.9258315","-129.9776129","ASNAP","","admin","","","","","","","","","","","","","","3676.38","1018.66","-4.3","-5.9","169.88","1526.56","1.36","SciCam","/SciCam.20260815_175151678.jpg","PilotCam","/PilotCam.20260815_175151678.jpg","BrowCam","/BrowCam.20260815_175151678.jpg","UserSelect","/UserSelect.20260815_175151678.jpg","","","-999.99","2.35","-999.99","-999.99","6a80a7373a81d30014ede564"
"2026-08-15T17:52:21.722Z","45.9258334","-129.9776144","ASNAP","","admin","","","","","","","","","","","","","","3676.26","1018.87","-4.3","-5.8","170.26","1526.60","1.39","SciCam","/SciCam.20260815_175221722.jpg","PilotCam","/PilotCam.20260815_175221722.jpg","BrowCam","/BrowCam.20260815_175221722.jpg","UserSelect","/UserSelect.20260815_175221722.jpg","","","-999.99","2.37","-999.99","-999.99","6a80a7553a81d30014ede568"
"2026-08-15T17:52:51.765Z","45.9258330","-129.9776134","ASNAP","","admin","","","","","","","","","","","","","","3676.34","1018.83","-4.5","-5.9","171.57","1526.49","1.44","SciCam","/SciCam.20260815_175251765.jpg","PilotCam","/PilotCam.20260815_175251765.jpg","BrowCam","/BrowCam.20260815_175251765.jpg","UserSelect","/UserSelect.20260815_175251765.jpg","","","-999.99","2.30","-999.99","-999.99","6a80a7733a81d30014ede56c"
"2026-08-15T17:53:21.809Z","45.9258432","-129.9776416","ASNAP","","admin","","","","","","","","","","","","","","3674.15","1019.96","-3.6","-5.6","168.67","1525.22","2.61","SciCam","/SciCam.20260815_175321809.jpg","PilotCam","/PilotCam.20260815_175321809.jpg","BrowCam","/BrowCam.20260815_175321809.jpg","UserSelect","/UserSelect.20260815_175321809.jpg","","","-999.99","2.35","-999.99","-999.99","6a80a7913a81d30014ede570"
"2026-08-15T17:53:51.854Z","45.9258492","-129.9776794","ASNAP","","admin","","","","","","","","","","","","","","3671.22","1020.63","-4.6","-6.4","140.95","1524.59","2.99","SciCam","/SciCam.20260815_175351854.jpg","PilotCam","/PilotCam.20260815_175351854.jpg","BrowCam","/BrowCam.20260815_175351854.jpg","UserSelect","/UserSelect.20260815_175351854.jpg","","","-999.99","2.38","-999.99","-999.99","6a80a7af3a81d30014ede574"
"2026-08-15T17:54:21.875Z","45.9258316","-129.9777302","ASNAP","","admin","","","","","","","","","","","","","","3667.28","1018.67","-3.8","-6.2","128.84","1524.03","3.50","SciCam","/SciCam.20260815_175421875.jpg","PilotCam","/PilotCam.20260815_175421875.jpg","BrowCam","/BrowCam.20260815_175421875.jpg","UserSelect","/UserSelect.20260815_175421875.jpg","","","-999.99","2.48","-999.99","-999.99","6a80a7cd3a81d30014ede578"
"2026-08-15T17:54:51.900Z","45.9258286","-129.9777331","ASNAP","","admin","","","","","","","","","","","","","","3667.05","1018.34","-3.7","-6.0","127.81","1525.15","2.23","SciCam","/SciCam.20260815_175451900.jpg","PilotCam","/PilotCam.20260815_175451900.jpg","BrowCam","/BrowCam.20260815_175451900.jpg","UserSelect","/UserSelect.20260815_175451900.jpg","","","-999.99","2.35","-999.99","-999.99","6a80a7eb3a81d30014ede57c"
"2026-08-15T17:55:12.000Z","","","SulisCam","","admin","","","","","","","sulis_20260815175512.jpg","","","","","","","","","","","","","","","","","","","","","","353.942","355.968","","","","","6a8330c53a81d30014ee2662"
"2026-08-15T17:55:16.000Z","","","SulisCam","","admin","","","","","","","sulis_20260815175516.jpg","","","","","","","","","","","","","","","","","","","","","","353.887","355.955","","","","","6a8330c53a81d30014ee2664"
"2026-08-15T17:55:21.939Z","45.9258292","-129.9777487","ASNAP","","admin","","","","","","","","","","","","","","3665.84","1018.41","-4.1","-6.3","127.68","1525.23","2.03","SciCam","/SciCam.20260815_175521939.jpg","PilotCam","/PilotCam.20260815_175521939.jpg","BrowCam","/BrowCam.20260815_175521939.jpg","UserSelect","/UserSelect.20260815_175521939.jpg","","","-999.99","2.37","-999.99","-999.99","6a80a8093a81d30014ede580"
"2026-08-15T17:55:29.987Z","45.9258300","-129.9777476","HIGHLIGHTS","","guest","","","","","","4K highlights start","","","","","","","","3665.93","1018.50","-4.3","-6.0","127.41","1525.07","2.20","SciCam","/SciCam.20260815_175529987.jpg","PilotCam","/PilotCam.20260815_175529987.jpg","BrowCam","/BrowCam.20260815_175529987.jpg","UserSelect","/UserSelect.20260815_175529987.jpg","","","-999.99","2.37","-999.99","-999.99","6a80a8113a81d30014ede584"
"2026-08-15T17:55:51.982Z","45.9258305","-129.9777489","ASNAP","","admin","","","","","","","","","","","","","","3665.83","1018.55","-4.1","-6.1","127.71","1525.10","2.13","SciCam","/SciCam.20260815_175551982.jpg","PilotCam","/PilotCam.20260815_175551982.jpg","BrowCam","/BrowCam.20260815_175551982.jpg","UserSelect","/UserSelect.20260815_175551982.jpg","","","-999.99","2.34","-999.99","-999.99","6a80a8273a81d30014ede588"
"2026-08-15T17:55:53.000Z","","","SulisCam","","admin","","","","","","","sulis_20260815175553.jpg","","","","","","","","","","","","","","","","","","","","","","353.870","355.898","","","","","6a8330c53a81d30014ee2666"
"2026-08-15T17:56:17.000Z","","","SulisCam","","admin","","","","","","","sulis_20260815175617.jpg","","","","","","","","","","","","","","","","","","","","","","353.909","355.893","","","","","6a8330c53a81d30014ee2668"
"2026-08-15T17:56:22.019Z","45.9258324","-129.9777601","ASNAP","","admin","","","","","","","","","","","","","","3664.96","1018.76","-2.5","-5.9","127.50","1524.53","2.59","SciCam","/SciCam.20260815_175622019.jpg","PilotCam","/PilotCam.20260815_175622019.jpg","BrowCam","/BrowCam.20260815_175622019.jpg","UserSelect","/UserSelect.20260815_175622019.jpg","","","-999.99","2.38","-999.99","-999.99","6a80a8463a81d30014ede58c"
"2026-08-15T17:56:52.064Z","45.9258528","-129.9777584","ASNAP","","admin","","","","","","","","","","","","","","3665.09","1021.03","-4.8","-6.1","135.21","1524.09","2.99","SciCam","/SciCam.20260815_175652064.jpg","PilotCam","/PilotCam.20260815_175652064.jpg","BrowCam","/BrowCam.20260815_175652064.jpg","UserSelect","/UserSelect.20260815_175652064.jpg","","","-999.99","2.33","-999.99","-999.99","6a80a8643a81d30014ede590"
"2026-08-15T17:57:06.000Z","","","SulisCam","","admin","","","","","","","sulis_20260815175706.jpg","","","","","","","","","","","","","","","","","","","","","","354.143","355.474","","","","","6a8330c53a81d30014ee266a"
"2026-08-15T17:57:12.000Z","","","SulisCam","","admin","","","","","","","sulis_20260815175712.jpg","","","","","","","","","","","","","","","","","","","","","","354.096","355.509","","","","","6a8330c53a81d30014ee266c"
"2026-08-15T17:57:22.109Z","45.9258739","-129.9777396","ASNAP","","admin","","","","","","","","","","","","","","3666.55","1023.37","-4.1","-6.0","152.44","1523.57","3.45","SciCam","/SciCam.20260815_175722109.jpg","PilotCam","/PilotCam.20260815_175722109.jpg","BrowCam","/BrowCam.20260815_175722109.jpg","UserSelect","/UserSelect.20260815_175722109.jpg","","","-999.99","2.37","-999.99","-999.99","6a80a8823a81d30014ede594"
"2026-08-15T17:57:52.140Z","45.9258720","-129.9777070","ASNAP","","admin","","","","","","","","","","","","","","3669.08","1023.16","-4.2","-5.9","155.91","1524.42","3.07","SciCam","/SciCam.20260815_175752140.jpg","PilotCam","/PilotCam.20260815_175752140.jpg","BrowCam","/BrowCam.20260815_175752140.jpg","UserSelect","/UserSelect.20260815_175752140.jpg","","","-999.99","2.33","-999.99","-999.99","6a80a8a03a81d30014ede598"
"2026-08-15T17:58:12.000Z","","","SulisCam","","admin","","","","","","","sulis_20260815175812.jpg","","","","","","","","","","","","","","","","","","","","","","353.891","355.959","","","","","6a8330c53a81d30014ee266e"
"2026-08-15T17:58:13.721Z","45.9258673","-129.9776467","Biology Type","rattail","guest","","","","","Fish","","","","","","","","","3673.76","1022.64","-3.9","-5.6","169.55","1525.48","2.69","SciCam","/SciCam.20260815_175813721.jpg","PilotCam","/PilotCam.20260815_175813721.jpg","BrowCam","/BrowCam.20260815_175813721.jpg","UserSelect","/UserSelect.20260815_175813721.jpg","","","-999.99","2.34","-999.99","-999.99","6a80a8b53a81d30014ede59c"
"2026-08-15T17:58:22.184Z","45.9258694","-129.9776349","ASNAP","","admin","","","","","","","","","","","","","","3674.67","1022.88","-4.1","-5.9","173.73","1525.73","2.51","SciCam","/SciCam.20260815_175822184.jpg","PilotCam","/PilotCam.20260815_175822184.jpg","BrowCam","/BrowCam.20260815_175822184.jpg","UserSelect","/UserSelect.20260815_175822184.jpg","","","-999.99","2.39","-999.99","-999.99","6a80a8be3a81d30014ede5a0"
"2026-08-15T17:58:52.206Z","45.9258725","-129.9775916","ASNAP","","admin","","","","","","","","","","","","","","3678.03","1023.22","-3.8","-5.9","220.06","1526.00","3.10","SciCam","/SciCam.20260815_175852206.jpg","PilotCam","/PilotCam.20260815_175852206.jpg","BrowCam","/BrowCam.20260815_175852206.jpg","UserSelect","/UserSelect.20260815_175852206.jpg","","","-999.99","2.33","-999.99","-999.99","6a80a8dc3a81d30014ede5a4"
"2026-08-15T17:59:17.000Z","","","SulisCam","","admin","","","","","","","sulis_20260815175917.jpg","","","","","","","","","","","","","","","","","","","","","","354.642","355.455","","","","","6a8330c53a81d30014ee2670"
"2026-08-15T17:59:22.248Z","45.9258636","-129.9776059","ASNAP","","admin","","","","","","","","","","","","","","3676.92","1022.23","-4.3","-5.4","220.25","1526.18","2.79","SciCam","/SciCam.20260815_175922248.jpg","PilotCam","/PilotCam.20260815_175922248.jpg","BrowCam","/BrowCam.20260815_175922248.jpg","UserSelect","/UserSelect.20260815_175922248.jpg","","","-999.99","2.40","-999.99","-999.99","6a80a8fa3a81d30014ede5a8"
"2026-08-15T17:59:24.000Z","","","SulisCam","","admin","","","","","","","sulis_20260815175924.jpg","","","","","","","","","","","","","","","","","","","","","","354.400","355.974","","","","","6a8330c53a81d30014ee2672"
"2026-08-15T17:59:32.000Z","","","SulisCam","","admin","","","","","","","sulis_20260815175932.jpg","","","","","","","","","","","","","","","","","","","","","","354.443","355.864","","","","","6a8330c53a81d30014ee2674"
"2026-08-15T17:59:49.000Z","","","SulisCam","","admin","","","","","","","sulis_20260815175949.jpg","","","","","","","","","","","","","","","","","","","","","","354.415","355.758","","","","","6a8330c63a81d30014ee2676"
"2026-08-15T17:59:52.263Z","45.9258653","-129.9776032","ASNAP","","admin","","","","","","","","","","","","","","3677.13","1022.42","-4.1","-5.6","219.91","1526.09","2.87","SciCam","/SciCam.20260815_175952263.jpg","PilotCam","/PilotCam.20260815_175952263.jpg","BrowCam","/BrowCam.20260815_175952263.jpg","UserSelect","/UserSelect.20260815_175952263.jpg","","","-999.99","2.38","-999.99","-999.99","6a80a9183a81d30014ede5ac"
"2026-08-15T18:00:00.150Z","45.9258647","-129.9776042","HIGHLIGHTS","","guest","","","","","","4K highlights stop","","","","","","","","3677.05","1022.35","-4.0","-5.6","220.18","1526.11","2.87","SciCam","/SciCam.20260815_180000150.jpg","PilotCam","/PilotCam.20260815_180000150.jpg","BrowCam","/BrowCam.20260815_180000150.jpg","UserSelect","/UserSelect.20260815_180000150.jpg","","","-999.99","2.35","-999.99","-999.99","6a80a9203a81d30014ede5b0"
"2026-08-15T18:00:22.286Z","45.9258642","-129.9776048","ASNAP","","admin","","","","","","","","","","","","","","3677.01","1022.30","-4.1","-5.6","220.22","1526.13","2.87","SciCam","/SciCam.20260815_180022286.jpg","PilotCam","/PilotCam.20260815_180022286.jpg","BrowCam","/BrowCam.20260815_180022286.jpg","UserSelect","/UserSelect.20260815_180022286.jpg","","","-999.99","2.35","-999.99","-999.99","6a80a9363a81d30014ede5b4"
"2026-08-15T18:00:52.302Z","45.9258646","-129.9776036","ASNAP","","admin","","","","","","","","","","","","","","3677.10","1022.34","-4.2","-5.5","219.69","1526.09","2.87","SciCam","/SciCam.20260815_180052302.jpg","PilotCam","/PilotCam.20260815_180052302.jpg","BrowCam","/BrowCam.20260815_180052302.jpg","UserSelect","/UserSelect.20260815_180052302.jpg","","","-999.99","2.33","-999.99","-999.99","6a80a9543a81d30014ede5b8"
"2026-08-15T18:01:22.345Z","45.9258650","-129.9776039","ASNAP","","admin","","","","","","","","","","","","","","3677.08","1022.39","-4.2","-5.6","220.20","1526.12","2.87","SciCam","/SciCam.20260815_180122345.jpg","PilotCam","/PilotCam.20260815_180122345.jpg","BrowCam","/BrowCam.20260815_180122345.jpg","UserSelect","/UserSelect.20260815_180122345.jpg","","","-999.99","2.33","-999.99","-999.99","6a80a9723a81d30014ede5bc"
"2026-08-15T18:01:52.373Z","45.9258637","-129.9776042","ASNAP","","admin","","","","","","","","","","","","","","3677.05","1022.24","-4.2","-5.7","220.00","1526.09","2.87","SciCam","/SciCam.20260815_180152373.jpg","PilotCam","/PilotCam.20260815_180152373.jpg","BrowCam","/BrowCam.20260815_180152373.jpg","UserSelect","/UserSelect.20260815_180152373.jpg","","","-999.99","2.36","-999.99","-999.99","6a80a9903a81d30014ede5c0"
"2026-08-15T18:02:22.419Z","45.9258657","-129.9776032","ASNAP","","admin","","","","","","","","","","","","","","3677.13","1022.46","-4.1","-5.4","220.27","1526.11","2.89","SciCam","/SciCam.20260815_180222419.jpg","PilotCam","/PilotCam.20260815_180222419.jpg","BrowCam","/BrowCam.20260815_180222419.jpg","UserSelect","/UserSelect.20260815_180222419.jpg","","","-999.99","2.44","-999.99","-999.99","6a80a9ae3a81d30014ede5c4"
"2026-08-15T18:02:52.462Z","45.9258633","-129.9776052","ASNAP","","admin","","","","","","","","","","","","","","3676.98","1022.20","-4.0","-5.4","220.20","1526.10","2.87","SciCam","/SciCam.20260815_180252462.jpg","PilotCam","/PilotCam.20260815_180252462.jpg","BrowCam","/BrowCam.20260815_180252462.jpg","UserSelect","/UserSelect.20260815_180252462.jpg","","","-999.99","2.38","-999.99","-999.99","6a80a9cc3a81d30014ede5c8"
"2026-08-15T18:03:00.648Z","45.9258657","-129.9776030","FREE_FORM","Beginning transit to Guapo","guest","","","","","","","","","","","","","","3677.15","1022.46","-4.2","-5.6","220.11","1526.10","2.97","SciCam","/SciCam.20260815_180300648.jpg","PilotCam","/PilotCam.20260815_180300648.jpg","BrowCam","/BrowCam.20260815_180300648.jpg","UserSelect","/UserSelect.20260815_180300648.jpg","","","-999.99","2.35","-999.99","-999.99","6a80a9d43a81d30014ede5cc"
"2026-08-15T18:03:22.506Z","45.9258656","-129.9776201","ASNAP","","admin","","","","","","","","","","","","","","3675.82","1022.45","-4.5","-5.4","221.66","1525.79","3.02","SciCam","/SciCam.20260815_180322506.jpg","PilotCam","/PilotCam.20260815_180322506.jpg","BrowCam","/BrowCam.20260815_180322506.jpg","UserSelect","/UserSelect.20260815_180322506.jpg","","","-999.99","2.42","-999.99","-999.99","6a80a9ea3a81d30014ede5d0"
"2026-08-15T18:03:52.523Z","45.9258717","-129.9776683","ASNAP","","admin","","","","","","","","","","","","","","3672.08","1023.13","-4.2","-5.0","275.86","1525.13","3.20","SciCam","/SciCam.20260815_180352523.jpg","PilotCam","/PilotCam.20260815_180352523.jpg","BrowCam","/BrowCam.20260815_180352523.jpg","UserSelect","/UserSelect.20260815_180352523.jpg","","","-999.99","2.34","-999.99","-999.99","6a80aa083a81d30014ede5d4"
"2026-08-15T18:04:22.547Z","45.9258829","-129.9777181","ASNAP","","admin","","","","","","","","","","","","","","3668.22","1024.38","-3.0","-5.2","289.14","1524.42","3.25","SciCam","/SciCam.20260815_180422547.jpg","PilotCam","/PilotCam.20260815_180422547.jpg","BrowCam","/BrowCam.20260815_180422547.jpg","UserSelect","/UserSelect.20260815_180422547.jpg","","","-999.99","2.41","-999.99","-999.99","6a80aa263a81d30014ede5d8"
"2026-08-15T18:04:52.589Z","45.9259136","-129.9777739","ASNAP","","admin","","","","","","","","","","","","","","3663.89","1027.79","-3.6","-5.0","297.17","1524.45","2.15","SciCam","/SciCam.20260815_180452589.jpg","PilotCam","/PilotCam.20260815_180452589.jpg","BrowCam","/BrowCam.20260815_180452589.jpg","UserSelect","/UserSelect.20260815_180452589.jpg","","","-999.99","2.33","-999.99","-999.99","6a80aa443a81d30014ede5dc"
"2026-08-15T18:05:06.038Z","45.9259285","-129.9777884","Biology Type","","guest","","","","","Sea pig","","","","","","","","","3662.76","1029.44","-3.1","-4.6","301.49","1523.88","2.87","SciCam","/SciCam.20260815_180506038.jpg","PilotCam","/PilotCam.20260815_180506038.jpg","BrowCam","/BrowCam.20260815_180506038.jpg","UserSelect","/UserSelect.20260815_180506038.jpg","","","-999.99","2.37","-999.99","-999.99","6a80aa523a81d30014ede5e0"
"2026-08-15T18:05:12.263Z","45.9259352","-129.9777948","Geologic Formations","","guest","","","","","","","","","","","Pillow","","","3662.27","1030.19","-3.9","-5.1","301.64","1523.62","3.12","SciCam","/SciCam.20260815_180512263.jpg","PilotCam","/PilotCam.20260815_180512263.jpg","BrowCam","/BrowCam.20260815_180512263.jpg","UserSelect","/UserSelect.20260815_180512263.jpg","","","-999.99","2.43","-999.99","-999.99","6a80aa583a81d30014ede5e4"
"2026-08-15T18:05:22.633Z","45.9259474","-129.9778067","ASNAP","","admin","","","","","","","","","","","","","","3661.34","1031.55","-3.7","-5.1","302.13","1523.02","3.38","SciCam","/SciCam.20260815_180522633.jpg","PilotCam","/PilotCam.20260815_180522633.jpg","BrowCam","/BrowCam.20260815_180522633.jpg","UserSelect","/UserSelect.20260815_180522633.jpg","","","-999.99","2.37","-999.99","-999.99","6a80aa623a81d30014ede5e8"
"2026-08-15T18:05:52.654Z","45.9259512","-129.9778084","ASNAP","","admin","","","","","","","","","","","","","","3661.21","1031.97","-2.8","-5.2","301.73","1522.44","3.48","SciCam","/SciCam.20260815_180552654.jpg","PilotCam","/PilotCam.20260815_180552654.jpg","BrowCam","/BrowCam.20260815_180552654.jpg","UserSelect","/UserSelect.20260815_180552654.jpg","","","-999.99","2.52","-999.99","-999.99","6a80aa803a81d30014ede5ec"
"2026-08-15T18:06:19.050Z","45.9259863","-129.9778751","Biology Type","rattail","guest","","","","","Fish","","","","","","","","","3656.04","1035.87","-2.4","-5.0","302.00","1522.49","3.25","SciCam","/SciCam.20260815_180619050.jpg","PilotCam","/PilotCam.20260815_180619050.jpg","BrowCam","/BrowCam.20260815_180619050.jpg","UserSelect","/UserSelect.20260815_180619050.jpg","","","-999.99","2.33","-999.99","-999.99","6a80aa9b3a81d30014ede5f0"
"2026-08-15T18:06:22.698Z","45.9259908","-129.9778828","ASNAP","","admin","","","","","","","","","","","","","","3655.44","1036.37","-2.5","-4.8","301.90","1522.56","3.20","SciCam","/SciCam.20260815_180622698.jpg","PilotCam","/PilotCam.20260815_180622698.jpg","BrowCam","/BrowCam.20260815_180622698.jpg","UserSelect","/UserSelect.20260815_180622698.jpg","","","-999.99","2.32","-999.99","-999.99","6a80aa9e3a81d30014ede5f4"
"2026-08-15T18:06:47.403Z","45.9260118","-129.9779111","Biology Type","","guest","","","","","Seastar","","","","","","","","","3653.24","1038.70","-2.8","-4.9","301.94","1522.32","3.12","SciCam","/SciCam.20260815_180647403.jpg","PilotCam","/PilotCam.20260815_180647403.jpg","BrowCam","/BrowCam.20260815_180647403.jpg","UserSelect","/UserSelect.20260815_180647403.jpg","","","-999.99","2.39","-999.99","-999.99","6a80aab73a81d30014ede5f8"
"2026-08-15T18:06:52.722Z","45.9260164","-129.9779179","ASNAP","","admin","","","","","","","","","","","","","","3652.72","1039.21","-2.8","-5.0","301.54","1522.18","3.38","SciCam","/SciCam.20260815_180652722.jpg","PilotCam","/PilotCam.20260815_180652722.jpg","BrowCam","/BrowCam.20260815_180652722.jpg","UserSelect","/UserSelect.20260815_180652722.jpg","","","-999.99","2.41","-999.99","-999.99","6a80aabc3a81d30014ede5fc"
"2026-08-15T18:07:22.744Z","45.9260445","-129.9779729","ASNAP","","admin","","","","","","","","","","","","","","3648.45","1042.34","-2.8","-5.1","301.39","1521.88","3.53","SciCam","/SciCam.20260815_180722744.jpg","PilotCam","/PilotCam.20260815_180722744.jpg","BrowCam","/BrowCam.20260815_180722744.jpg","UserSelect","/UserSelect.20260815_180722744.jpg","","","-999.99","2.37","-999.99","-999.99","6a80aada3a81d30014ede600"
"2026-08-15T18:07:52.769Z","45.9260618","-129.9779969","ASNAP","","admin","","","","","","","","","","","","","","3646.59","1044.26","-3.4","-4.9","301.99","1522.17","2.48","SciCam","/SciCam.20260815_180752769.jpg","PilotCam","/PilotCam.20260815_180752769.jpg","BrowCam","/BrowCam.20260815_180752769.jpg","UserSelect","/UserSelect.20260815_180752769.jpg","","","-999.99","2.37","-999.99","-999.99","6a80aaf83a81d30014ede604"
"2026-08-15T18:08:22.796Z","45.9260604","-129.9779943","ASNAP","","admin","","","","","","","","","","","","","","3646.79","1044.10","-2.5","-5.0","301.76","1522.13","2.61","SciCam","/SciCam.20260815_180822796.jpg","PilotCam","/PilotCam.20260815_180822796.jpg","BrowCam","/BrowCam.20260815_180822796.jpg","UserSelect","/UserSelect.20260815_180822796.jpg","","","-999.99","2.18","-999.99","-999.99","6a80ab163a81d30014ede608"
"2026-08-15T18:08:52.837Z","45.9260625","-129.9779992","ASNAP","","admin","","","","","","","","","","","","","","3646.41","1044.34","-2.5","-5.3","301.74","1522.16","2.38","SciCam","/SciCam.20260815_180852837.jpg","PilotCam","/PilotCam.20260815_180852837.jpg","BrowCam","/BrowCam.20260815_180852837.jpg","UserSelect","/UserSelect.20260815_180852837.jpg","","","-999.99","2.39","-999.99","-999.99","6a80ab343a81d30014ede60c"
"2026-08-15T18:09:22.881Z","45.9260913","-129.9780598","ASNAP","","admin","","","","","","","","","","","","","","3641.71","1047.54","-2.6","-5.1","299.20","1521.62","3.78","SciCam","/SciCam.20260815_180922881.jpg","PilotCam","/PilotCam.20260815_180922881.jpg","BrowCam","/BrowCam.20260815_180922881.jpg","UserSelect","/UserSelect.20260815_180922881.jpg","","","-999.99","2.37","-999.99","-999.99","6a80ab523a81d30014ede610"
"2026-08-15T18:09:52.898Z","45.9261287","-129.9781651","ASNAP","","admin","","","","","","","","","","","","","","3633.54","1051.70","-3.4","-4.8","299.52","1522.12","2.87","SciCam","/SciCam.20260815_180952898.jpg","PilotCam","/PilotCam.20260815_180952898.jpg","BrowCam","/BrowCam.20260815_180952898.jpg","UserSelect","/UserSelect.20260815_180952898.jpg","","","-999.99","2.40","-999.99","-999.99","6a80ab703a81d30014ede614"
"2026-08-15T18:09:59.134Z","45.9261331","-129.9781781","Biology Type","","guest","","","","","Fish","","","","","","","","","3632.53","1052.19","-2.8","-4.7","299.85","1521.88","2.94","SciCam","/SciCam.20260815_180959134.jpg","PilotCam","/PilotCam.20260815_180959134.jpg","BrowCam","/BrowCam.20260815_180959134.jpg","UserSelect","/UserSelect.20260815_180959134.jpg","","","-999.99","2.36","-999.99","-999.99","6a80ab773a81d30014ede618"
"2026-08-15T18:10:22.943Z","45.9261511","-129.9782241","ASNAP","","admin","","","","","","","","","","","","","","3628.96","1054.19","-3.0","-5.0","299.97","1522.36","1.57","SciCam","/SciCam.20260815_181022943.jpg","PilotCam","/PilotCam.20260815_181022943.jpg","BrowCam","/BrowCam.20260815_181022943.jpg","UserSelect","/UserSelect.20260815_181022943.jpg","","","-999.99","2.36","-999.99","-999.99","6a80ab8e3a81d30014ede61c"
"2026-08-15T18:10:29.551Z","45.9261573","-129.9782366","Biology Type","spider crab","guest","","","","","Crab","","","","","","","","","3627.99","1054.88","-2.9","-4.8","300.11","1522.42","1.69","SciCam","/SciCam.20260815_181029551.jpg","PilotCam","/PilotCam.20260815_181029551.jpg","BrowCam","/BrowCam.20260815_181029551.jpg","UserSelect","/UserSelect.20260815_181029551.jpg","","","-999.99","2.36","-999.99","-999.99","6a80ab953a81d30014ede620"
"2026-08-15T18:10:52.988Z","45.9261779","-129.9782724","ASNAP","","admin","","","","","","","","","","","","","","3625.21","1057.16","-2.7","-4.8","300.11","1521.59","2.97","SciCam","/SciCam.20260815_181052988.jpg","PilotCam","/PilotCam.20260815_181052988.jpg","BrowCam","/BrowCam.20260815_181052988.jpg","UserSelect","/UserSelect.20260815_181052988.jpg","","","-999.99","2.36","-999.99","-999.99","6a80abac3a81d30014ede624"
"2026-08-15T18:11:23.033Z","45.9262107","-129.9783168","ASNAP","","admin","","","","","","","","","","","","","","3621.77","1060.81","-2.5","-4.6","300.08","1521.23","2.87","SciCam","/SciCam.20260815_181123033.jpg","PilotCam","/PilotCam.20260815_181123033.jpg","BrowCam","/BrowCam.20260815_181123033.jpg","UserSelect","/UserSelect.20260815_181123033.jpg","","","-999.99","2.34","-999.99","-999.99","6a80abcb3a81d30014ede628"
"2026-08-15T18:11:53.077Z","45.9262340","-129.9783386","ASNAP","","admin","","","","","","","","","","","","","","3620.08","1063.40","-3.6","-4.6","300.07","1520.43","3.35","SciCam","/SciCam.20260815_181153077.jpg","PilotCam","/PilotCam.20260815_181153077.jpg","BrowCam","/BrowCam.20260815_181153077.jpg","UserSelect","/UserSelect.20260815_181153077.jpg","","","-999.99","2.39","-999.99","-999.99","6a80abe93a81d30014ede62c"
"2026-08-15T18:12:07.000Z","","","SulisCam","","admin","","","","","","","sulis_20260815181207.jpg","","","","","","","","","","","","","","","","","","","","","","355.312","357.124","","","","","6a8330c63a81d30014ee2678"
"2026-08-15T18:12:19.375Z","45.9262587","-129.9783711","Biology Type","","guest","","","","","Bacterial mat","","","","","","","","","3617.56","1066.15","-3.0","-4.8","300.27","1520.88","2.43","SciCam","/SciCam.20260815_181219375.jpg","PilotCam","/PilotCam.20260815_181219375.jpg","BrowCam","/BrowCam.20260815_181219375.jpg","UserSelect","/UserSelect.20260815_181219375.jpg","","","-999.99","2.35","-999.99","-999.99","6a80ac033a81d30014ede630"
"2026-08-15T18:12:23.095Z","45.9262622","-129.9783753","ASNAP","","admin","","","","","","","","","","","","","","3617.23","1066.53","-2.9","-4.7","300.21","1520.95","2.28","SciCam","/SciCam.20260815_181223095.jpg","PilotCam","/PilotCam.20260815_181223095.jpg","BrowCam","/BrowCam.20260815_181223095.jpg","UserSelect","/UserSelect.20260815_181223095.jpg","","","-999.99","2.38","-999.99","-999.99","6a80ac073a81d30014ede634"
"2026-08-15T18:12:27.000Z","","","SulisCam","","admin","","","","","","","sulis_20260815181227.jpg","","","","","","","","","","","","","","","","","","","","","","355.150","356.914","","","","","6a8330c63a81d30014ee267a"
"2026-08-15T18:12:53.140Z","45.9262861","-129.9784001","ASNAP","","admin","","","","","","","","","","","","","","3615.31","1069.19","-2.9","-4.9","300.26","1520.92","2.82","SciCam","/SciCam.20260815_181253140.jpg","PilotCam","/PilotCam.20260815_181253140.jpg","BrowCam","/BrowCam.20260815_181253140.jpg","UserSelect","/UserSelect.20260815_181253140.jpg","","","-999.99","2.41","-999.99","-999.99","6a80ac253a81d30014ede638"
"2026-08-15T18:13:13.802Z","45.9263027","-129.9784209","Biology Type","","guest","","","","","Crab","","","","","","","","","3613.69","1071.04","-3.0","-4.8","299.43","1520.82","3.25","SciCam","/SciCam.20260815_181313802.jpg","PilotCam","/PilotCam.20260815_181313802.jpg","BrowCam","/BrowCam.20260815_181313802.jpg","UserSelect","/UserSelect.20260815_181313802.jpg","","","-999.99","2.33","-999.99","-999.99","6a80ac393a81d30014ede63c"
"2026-08-15T18:13:23.185Z","45.9263085","-129.9784349","ASNAP","","admin","","","","","","","","","","","","","","3612.61","1071.68","-3.3","-4.7","299.84","1520.67","3.04","SciCam","/SciCam.20260815_181323185.jpg","PilotCam","/PilotCam.20260815_181323185.jpg","BrowCam","/BrowCam.20260815_181323185.jpg","UserSelect","/UserSelect.20260815_181323185.jpg","","","-999.99","2.34","-999.99","-999.99","6a80ac433a81d30014ede640"
"2026-08-15T18:13:53.211Z","45.9263225","-129.9784685","ASNAP","","admin","","","","","","","","","","","","","","3610.00","1073.24","-2.6","-4.7","297.56","1519.78","3.56","SciCam","/SciCam.20260815_181353211.jpg","PilotCam","/PilotCam.20260815_181353211.jpg","BrowCam","/BrowCam.20260815_181353211.jpg","UserSelect","/UserSelect.20260815_181353211.jpg","","","-999.99","2.37","-999.99","-999.99","6a80ac613a81d30014ede644"
"2026-08-15T18:14:23.255Z","45.9263430","-129.9785313","ASNAP","","admin","","","","","","","","","","","","","","3605.13","1075.51","-3.2","-4.7","287.77","1519.89","2.64","SciCam","/SciCam.20260815_181423255.jpg","PilotCam","/PilotCam.20260815_181423255.jpg","BrowCam","/BrowCam.20260815_181423255.jpg","UserSelect","/UserSelect.20260815_181423255.jpg","","","-999.99","2.39","-999.99","-999.99","6a80ac7f3a81d30014ede648"
"2026-08-15T18:14:42.930Z","45.9263432","-129.9785554","Biology Type","","guest","","","","","Fish","","","","","","","","","3603.26","1075.54","-2.6","-4.9","279.15","1519.50","3.15","SciCam","/SciCam.20260815_181442930.jpg","PilotCam","/PilotCam.20260815_181442930.jpg","BrowCam","/BrowCam.20260815_181442930.jpg","UserSelect","/UserSelect.20260815_181442930.jpg","","","-999.99","2.51","-999.99","-999.99","6a80ac923a81d30014ede64c"
"2026-08-15T18:14:53.289Z","45.9263456","-129.9785819","ASNAP","","admin","","","","","","","","","","","","","","3601.20","1075.81","-3.4","-4.8","278.17","1519.46","3.25","SciCam","/SciCam.20260815_181453289.jpg","PilotCam","/PilotCam.20260815_181453289.jpg","BrowCam","/BrowCam.20260815_181453289.jpg","UserSelect","/UserSelect.20260815_181453289.jpg","","","-999.99","2.41","-999.99","-999.99","6a80ac9d3a81d30014ede650"
"2026-08-15T18:15:07.704Z","45.9263476","-129.9786248","Biology Type","","guest","","","","","Seastar","","","","","","","","","3597.87","1076.03","-3.0","-4.7","272.64","1519.59","2.69","SciCam","/SciCam.20260815_181507704.jpg","PilotCam","/PilotCam.20260815_181507704.jpg","BrowCam","/BrowCam.20260815_181507704.jpg","UserSelect","/UserSelect.20260815_181507704.jpg","","","-999.99","2.45","-999.99","-999.99","6a80acab3a81d30014ede654"
"2026-08-15T18:15:16.051Z","45.9263477","-129.9786438","Biology Type","","guest","","","","","Bacterial mat","","","","","","","","","3596.40","1076.04","-3.0","-5.0","268.25","1519.73","2.03","SciCam","/SciCam.20260815_181516051.jpg","PilotCam","/PilotCam.20260815_181516051.jpg","BrowCam","/BrowCam.20260815_181516051.jpg","UserSelect","/UserSelect.20260815_181516051.jpg","","","-999.99","2.40","-999.99","-999.99","6a80acb43a81d30014ede658"
"2026-08-15T18:15:23.335Z","45.9263474","-129.9786599","ASNAP","","admin","","","","","","","","","","","","","","3595.15","1076.01","-3.6","-4.4","269.91","1519.36","2.31","SciCam","/SciCam.20260815_181523335.jpg","PilotCam","/PilotCam.20260815_181523335.jpg","BrowCam","/BrowCam.20260815_181523335.jpg","UserSelect","/UserSelect.20260815_181523335.jpg","","","-999.99","2.31","-999.99","-999.99","6a80acbb3a81d30014ede65c"
"2026-08-15T18:15:28.816Z","45.9263471","-129.9786710","Biology Type","Ciliates","guest","","","","","","","","","","","","","","3594.29","1075.97","-3.1","-4.7","271.56","1519.41","2.41","SciCam","/SciCam.20260815_181528816.jpg","PilotCam","/PilotCam.20260815_181528816.jpg","BrowCam","/BrowCam.20260815_181528816.jpg","UserSelect","/UserSelect.20260815_181528816.jpg","","","-999.99","2.42","-999.99","-999.99","6a80acc03a81d30014ede660"
"2026-08-15T18:15:53.368Z","45.9263439","-129.9787079","ASNAP","","admin","","","","","","","","","","","","","","3591.43","1075.62","-4.4","-4.4","273.37","1519.55","2.36","SciCam","/SciCam.20260815_181553368.jpg","PilotCam","/PilotCam.20260815_181553368.jpg","BrowCam","/BrowCam.20260815_181553368.jpg","UserSelect","/UserSelect.20260815_181553368.jpg","","","-999.99","2.44","-999.99","-999.99","6a80acd93a81d30014ede664"
"2026-08-15T18:16:23.410Z","45.9263457","-129.9787661","ASNAP","","admin","","","","","","","","","","","","","","3586.91","1075.82","-3.1","-4.7","274.32","1519.32","2.15","SciCam","/SciCam.20260815_181623410.jpg","PilotCam","/PilotCam.20260815_181623410.jpg","BrowCam","/BrowCam.20260815_181623410.jpg","UserSelect","/UserSelect.20260815_181623410.jpg","","","-999.99","2.23","-999.99","-999.99","6a80acf73a81d30014ede668"
"2026-08-15T18:16:53.445Z","45.9263550","-129.9788186","ASNAP","","admin","","","","","","","","","","","","","","3582.84","1076.85","-3.3","-4.5","274.97","1518.89","2.69","SciCam","/SciCam.20260815_181653445.jpg","PilotCam","/PilotCam.20260815_181653445.jpg","BrowCam","/BrowCam.20260815_181653445.jpg","UserSelect","/UserSelect.20260815_181653445.jpg","","","-999.99","2.42","-999.99","-999.99","6a80ad153a81d30014ede66c"
"2026-08-15T18:17:23.463Z","45.9263654","-129.9788565","ASNAP","","admin","","","","","","","","","","","","","","3579.90","1078.00","-2.9","-5.1","275.22","1517.93","3.50","SciCam","/SciCam.20260815_181723463.jpg","PilotCam","/PilotCam.20260815_181723463.jpg","BrowCam","/BrowCam.20260815_181723463.jpg","UserSelect","/UserSelect.20260815_181723463.jpg","","","-999.99","2.41","-999.99","-999.99","6a80ad333a81d30014ede670"
"2026-08-15T18:17:53.508Z","45.9263770","-129.9788966","ASNAP","","admin","","","","","","","","","","","","","","3576.79","1079.29","-3.1","-5.0","277.08","1516.27","4.52","SciCam","/SciCam.20260815_181753508.jpg","PilotCam","/PilotCam.20260815_181753508.jpg","BrowCam","/BrowCam.20260815_181753508.jpg","UserSelect","/UserSelect.20260815_181753508.jpg","","","-999.99","2.40","-999.99","-999.99","6a80ad513a81d30014ede678"
"2026-08-15T18:18:01.502Z","45.9263777","-129.9789102","Biology Type","","guest","","","","","Bacterial mat","","","","","","","","","3575.73","1079.37","-3.1","-4.8","276.54","1515.66","5.08","SciCam","/SciCam.20260815_181801502.jpg","PilotCam","/PilotCam.20260815_181801502.jpg","BrowCam","/BrowCam.20260815_181801502.jpg","UserSelect","/UserSelect.20260815_181801502.jpg","","","-999.99","2.35","-999.99","-999.99","6a80ad593a81d30014ede67c"
"2026-08-15T18:18:23.554Z","45.9263833","-129.9789662","ASNAP","","admin","","","","","","","","","","","","","","3571.39","1080.00","-3.0","-4.4","276.81","1515.74","4.34","SciCam","/SciCam.20260815_181823554.jpg","PilotCam","/PilotCam.20260815_181823554.jpg","BrowCam","/BrowCam.20260815_181823554.jpg","UserSelect","/UserSelect.20260815_181823554.jpg","","","-999.99","2.44","-999.99","-999.99","6a80ad6f3a81d30014ede680"
"2026-08-15T18:18:50.960Z","45.9263972","-129.9789909","FREE_FORM","At diva","guest","","","","","","","","","","","","","","3569.47","1081.54","-3.1","-5.1","274.95","1515.77","3.66","SciCam","/SciCam.20260815_181850960.jpg","PilotCam","/PilotCam.20260815_181850960.jpg","BrowCam","/BrowCam.20260815_181850960.jpg","UserSelect","/UserSelect.20260815_181850960.jpg","","","-999.99","2.47","-999.99","-999.99","6a80ad8a3a81d30014ede684"
"2026-08-15T18:18:53.577Z","45.9263972","-129.9789909","ASNAP","","admin","","","","","","","","","","","","","","3569.47","1081.54","-3.0","-4.7","275.36","1515.83","3.66","SciCam","/SciCam.20260815_181853577.jpg","PilotCam","/PilotCam.20260815_181853577.jpg","BrowCam","/BrowCam.20260815_181853577.jpg","UserSelect","/UserSelect.20260815_181853577.jpg","","","-999.99","2.50","-999.99","-999.99","6a80ad8d3a81d30014ede688"
"2026-08-15T18:19:23.621Z","45.9264014","-129.9789976","ASNAP","","admin","","","","","","","","","","","","","","3568.95","1082.01","-2.9","-5.0","272.99","1516.12","2.23","SciCam","/SciCam.20260815_181923621.jpg","PilotCam","/PilotCam.20260815_181923621.jpg","BrowCam","/BrowCam.20260815_181923621.jpg","UserSelect","/UserSelect.20260815_181923621.jpg","","","-999.99","2.58","-999.99","-999.99","6a80adab3a81d30014ede68c"
"2026-08-15T18:19:53.666Z","45.9264024","-129.9790079","ASNAP","","admin","","","","","","","","","","","","","","3568.15","1082.12","-3.3","-5.4","271.69","1516.62","2.08","SciCam","/SciCam.20260815_181953666.jpg","PilotCam","/PilotCam.20260815_181953666.jpg","BrowCam","/BrowCam.20260815_181953666.jpg","UserSelect","/UserSelect.20260815_181953666.jpg","","","-999.99","2.60","-999.99","-999.99","6a80adc93a81d30014ede690"
"2026-08-15T18:19:57.000Z","","","SulisCam","","admin","","","","","","","sulis_20260815181957.jpg","","","","","","","","","","","","","","","","","","","","","","355.301","357.054","","","","","6a8330c63a81d30014ee267c"
"2026-08-15T18:20:23.710Z","45.9264057","-129.9790079","ASNAP","","admin","","","","","","","","","","","","","","3568.15","1082.48","-3.3","-5.2","267.37","1516.48","2.94","SciCam","/SciCam.20260815_182023710.jpg","PilotCam","/PilotCam.20260815_182023710.jpg","BrowCam","/BrowCam.20260815_182023710.jpg","UserSelect","/UserSelect.20260815_182023710.jpg","","","-999.99","2.61","-999.99","-999.99","6a80ade73a81d30014ede694"
"2026-08-15T18:20:48.358Z","45.9263943","-129.9790043","Geologic Formations","","guest","","","","","","","","","","","Bubble plume","","","3568.43","1081.22","-2.5","-5.3","294.36","1516.33","2.13","SciCam","/SciCam.20260815_182048358.jpg","PilotCam","/PilotCam.20260815_182048358.jpg","BrowCam","/BrowCam.20260815_182048358.jpg","UserSelect","/UserSelect.20260815_182048358.jpg","","","-999.99","2.52","-999.99","-999.99","6a80ae003a81d30014ede698"
"2026-08-15T18:20:53.728Z","45.9263909","-129.9790088","ASNAP","","admin","","","","","","","","","","","","","","3568.08","1080.84","-2.6","-5.1","298.67","1516.51","3.08","SciCam","/SciCam.20260815_182053728.jpg","PilotCam","/PilotCam.20260815_182053728.jpg","BrowCam","/BrowCam.20260815_182053728.jpg","UserSelect","/UserSelect.20260815_182053728.jpg","","","-999.99","2.54","-999.99","-999.99","6a80ae053a81d30014ede69c"
"2026-08-15T18:21:07.000Z","","","SulisCam","","admin","","","","","","","sulis_20260815182107.jpg","","","","","","","","","","","","","","","","","","","","","","354.766","357.620","","","","","6a8330c63a81d30014ee267e"
"2026-08-15T18:21:23.753Z","45.9263852","-129.9790158","ASNAP","","admin","","","","","","","","","","","","","","3567.54","1080.21","-2.4","-5.4","317.78","1516.58","3.81","SciCam","/SciCam.20260815_182123753.jpg","PilotCam","/PilotCam.20260815_182123753.jpg","BrowCam","/BrowCam.20260815_182123753.jpg","UserSelect","/UserSelect.20260815_182123753.jpg","","","-999.99","2.58","-999.99","-999.99","6a80ae233a81d30014ede6a0"
"2026-08-15T18:21:46.000Z","","","SulisCam","","admin","","","","","","","sulis_20260815182146.jpg","","","","","","","","","","","","","","","","","","","","","","354.288","357.483","","","","","6a8330c63a81d30014ee2680"
"2026-08-15T18:21:53.797Z","45.9263788","-129.9790182","ASNAP","","admin","","","","","","","","","","","","","","3567.35","1079.50","-2.5","-5.6","336.96","1516.52","4.04","SciCam","/SciCam.20260815_182153797.jpg","PilotCam","/PilotCam.20260815_182153797.jpg","BrowCam","/BrowCam.20260815_182153797.jpg","UserSelect","/UserSelect.20260815_182153797.jpg","","","-999.99","2.55","-999.99","-999.99","6a80ae413a81d30014ede6a4"
"2026-08-15T18:21:59.000Z","","","SulisCam","","admin","","","","","","","sulis_20260815182159.jpg","","","","","","","","","","","","","","","","","","","","","","354.310","357.525","","","","","6a8330c63a81d30014ee2682"
"2026-08-15T18:22:11.000Z","","","SulisCam","","admin","","","","","","","sulis_20260815182211.jpg","","","","","","","","","","","","","","","","","","","","","","354.381","357.532","","","","","6a8330c63a81d30014ee2684"
"2026-08-15T18:22:16.000Z","","","SulisCam","","admin","","","","","","","sulis_20260815182216.jpg","","","","","","","","","","","","","","","","","","","","","","354.379","357.489","","","","","6a8330c63a81d30014ee2686"
"2026-08-15T18:22:23.842Z","45.9263809","-129.9790194","ASNAP","","admin","","","","","","","","","","","","","","3567.26","1079.73","-2.5","-5.8","336.74","1516.54","3.96","SciCam","/SciCam.20260815_182223842.jpg","PilotCam","/PilotCam.20260815_182223842.jpg","BrowCam","/BrowCam.20260815_182223842.jpg","UserSelect","/UserSelect.20260815_182223842.jpg","","","-999.99","2.73","-999.99","-999.99","6a80ae5f3a81d30014ede6a8"
"2026-08-15T18:22:53.886Z","45.9263919","-129.9790226","ASNAP","","admin","","","","","","","","","","","","","","3567.01","1080.95","-3.0","-5.6","307.08","1514.49","5.39","SciCam","/SciCam.20260815_182253886.jpg","PilotCam","/PilotCam.20260815_182253886.jpg","BrowCam","/BrowCam.20260815_182253886.jpg","UserSelect","/UserSelect.20260815_182253886.jpg","","","-999.99","2.70","-999.99","-999.99","6a80ae7d3a81d30014ede6ac"
"2026-08-15T18:23:23.929Z","45.9264266","-129.9790921","ASNAP","","admin","","","","","","","","","","","","","","3561.62","1084.81","-2.5","-4.8","306.26","1515.37","3.43","SciCam","/SciCam.20260815_182323929.jpg","PilotCam","/PilotCam.20260815_182323929.jpg","BrowCam","/BrowCam.20260815_182323929.jpg","UserSelect","/UserSelect.20260815_182323929.jpg","","","-999.99","2.76","-999.99","-999.99","6a80ae9b3a81d30014ede6b0"
"2026-08-15T18:23:35.000Z","","","SulisCam","","admin","","","","","","","sulis_20260815182335.jpg","","","","","","","","","","","","","","","","","","","","","","355.160","357.278","","","","","6a8330c63a81d30014ee2688"
"2026-08-15T18:23:35.575Z","45.9264366","-129.9791091","Biology Type","","guest","","","","","Bacterial mat","","","","","","","","","3560.30","1085.92","-2.7","-4.8","306.80","1516.63","2.33","SciCam","/SciCam.20260815_182335575.jpg","PilotCam","/PilotCam.20260815_182335575.jpg","BrowCam","/BrowCam.20260815_182335575.jpg","UserSelect","/UserSelect.20260815_182335575.jpg","","","-999.99","2.58","-999.99","-999.99","6a80aea73a81d30014ede6b4"
"2026-08-15T18:23:53.973Z","45.9264492","-129.9791385","ASNAP","","admin","","","","","","","","","","","","","","3558.02","1087.32","-2.7","-5.5","304.97","1517.23","2.74","SciCam","/SciCam.20260815_182353973.jpg","PilotCam","/PilotCam.20260815_182353973.jpg","BrowCam","/BrowCam.20260815_182353973.jpg","UserSelect","/UserSelect.20260815_182353973.jpg","","","-999.99","2.62","-999.99","-999.99","6a80aeb93a81d30014ede6b8"
"2026-08-15T18:24:21.000Z","","","SulisCam","","admin","","","","","","","sulis_20260815182421.jpg","","","","","","","","","","","","","","","","","","","","","","354.630","357.446","","","","","6a8330c63a81d30014ee268a"
"2026-08-15T18:24:23.990Z","45.9264460","-129.9792017","ASNAP","","admin","","","","","","","","","","","","","","3553.12","1086.96","-2.9","-5.4","302.39","1516.70","3.25","SciCam","/SciCam.20260815_182423990.jpg","PilotCam","/PilotCam.20260815_182423990.jpg","BrowCam","/BrowCam.20260815_182423990.jpg","UserSelect","/UserSelect.20260815_182423990.jpg","","","-999.99","2.55","-999.99","-999.99","6a80aed73a81d30014ede6bc"
"2026-08-15T18:24:54.033Z","45.9264521","-129.9792608","ASNAP","","admin","","","","","","","","","","","","","","3548.53","1087.64","-2.3","-5.2","300.35","1515.48","4.24","SciCam","/SciCam.20260815_182454033.jpg","PilotCam","/PilotCam.20260815_182454033.jpg","BrowCam","/BrowCam.20260815_182454033.jpg","UserSelect","/UserSelect.20260815_182454033.jpg","","","-999.99","2.55","-999.99","-999.99","6a80aef63a81d30014ede6c0"
"2026-08-15T18:25:22.000Z","","","SulisCam","","admin","","","","","","","sulis_20260815182522.jpg","","","","","","","","","","","","","","","","","","","","","","354.549","357.221","","","","","6a8330c63a81d30014ee268c"
"2026-08-15T18:25:24.078Z","45.9264330","-129.9793222","ASNAP","","admin","","","","","","","","","","","","","","3543.77","1085.52","-2.8","-5.2","298.55","1515.35","4.12","SciCam","/SciCam.20260815_182524078.jpg","PilotCam","/PilotCam.20260815_182524078.jpg","BrowCam","/BrowCam.20260815_182524078.jpg","UserSelect","/UserSelect.20260815_182524078.jpg","","","-999.99","2.49","-999.99","-999.99","6a80af143a81d30014ede6c4"
"2026-08-15T18:25:54.122Z","45.9264231","-129.9793714","ASNAP","","admin","","","","","","","","","","","","","","3539.95","1084.42","-2.7","-5.2","308.94","1515.61","3.68","SciCam","/SciCam.20260815_182554122.jpg","PilotCam","/PilotCam.20260815_182554122.jpg","BrowCam","/BrowCam.20260815_182554122.jpg","UserSelect","/UserSelect.20260815_182554122.jpg","","","-999.99","2.57","-999.99","-999.99","6a80af323a81d30014ede6c8"
"2026-08-15T18:26:24.166Z","45.9264353","-129.9793995","ASNAP","","admin","","","","","","","","","","","","","","3537.77","1085.77","-2.6","-5.0","307.68","1514.37","4.80","SciCam","/SciCam.20260815_182624166.jpg","PilotCam","/PilotCam.20260815_182624166.jpg","BrowCam","/BrowCam.20260815_182624166.jpg","UserSelect","/UserSelect.20260815_182624166.jpg","","","-999.99","2.55","-999.99","-999.99","6a80af503a81d30014ede6cc"
"2026-08-15T18:26:54.211Z","45.9264250","-129.9794293","ASNAP","","admin","","","","","","","","","","","","","","3535.46","1084.63","-2.7","-5.7","316.13","1512.16","6.64","SciCam","/SciCam.20260815_182654211.jpg","PilotCam","/PilotCam.20260815_182654211.jpg","BrowCam","/BrowCam.20260815_182654211.jpg","UserSelect","/UserSelect.20260815_182654211.jpg","","","-999.99","2.50","-999.99","-999.99","6a80af6e3a81d30014ede6d0"
"2026-08-15T18:27:24.252Z","45.9264404","-129.9794970","ASNAP","","admin","","","","","","","","","","","","","","3530.21","1086.34","-2.4","-5.4","331.71","1510.06","8.88","SciCam","/SciCam.20260815_182724252.jpg","PilotCam","/PilotCam.20260815_182724252.jpg","BrowCam","/BrowCam.20260815_182724252.jpg","UserSelect","/UserSelect.20260815_182724252.jpg","","","-999.99","2.48","-999.99","-999.99","6a80af8c3a81d30014ede6d4"
"2026-08-15T18:27:46.000Z","","","SulisCam","","admin","","","","","","","sulis_20260815182746.jpg","","","","","","","","","","","","","","","","","","","","","","354.642","357.810","","","","","6a8330c63a81d30014ee268e"
"2026-08-15T18:27:54.271Z","45.9264834","-129.9795510","ASNAP","","admin","","","","","","","","","","","","","","3526.02","1091.12","-2.0","-5.4","344.73","1509.76","7.91","SciCam","/SciCam.20260815_182754271.jpg","PilotCam","/PilotCam.20260815_182754271.jpg","BrowCam","/BrowCam.20260815_182754271.jpg","UserSelect","/UserSelect.20260815_182754271.jpg","","","-999.99","2.35","-999.99","-999.99","6a80afaa3a81d30014ede6d8"
"2026-08-15T18:28:24.316Z","45.9264972","-129.9795365","ASNAP","","admin","","","","","","","","","","","","","","3527.14","1092.66","-2.2","-5.6","353.02","1509.31","9.57","SciCam","/SciCam.20260815_182824316.jpg","PilotCam","/PilotCam.20260815_182824316.jpg","BrowCam","/BrowCam.20260815_182824316.jpg","UserSelect","/UserSelect.20260815_182824316.jpg","","","-999.99","2.35","-999.99","-999.99","6a80afc83a81d30014ede6dc"
"2026-08-15T18:28:31.000Z","","","SulisCam","","admin","","","","","","","sulis_20260815182831.jpg","","","","","","","","","","","","","","","","","","","","","","354.196","357.857","","","","","6a8330c63a81d30014ee2690"
"2026-08-15T18:28:54.361Z","45.9264961","-129.9795061","ASNAP","","admin","","","","","","","","","","","","","","3529.50","1092.53","-2.3","-5.7","346.36","1509.18","8.83","SciCam","/SciCam.20260815_182854361.jpg","PilotCam","/PilotCam.20260815_182854361.jpg","BrowCam","/BrowCam.20260815_182854361.jpg","UserSelect","/UserSelect.20260815_182854361.jpg","","","-999.99","2.73","-999.99","-999.99","6a80afe63a81d30014ede6e0"
"2026-08-15T18:29:18.578Z","45.9264967","-129.9795108","WATCH_CHANGE","","guest","","","Mariela for Trina (Hotseat)","","","","","","","","","","","3529.14","1092.60","-2.3","-5.7","346.48","1509.16","8.91","SciCam","/SciCam.20260815_182918578.jpg","PilotCam","/PilotCam.20260815_182918578.jpg","BrowCam","/BrowCam.20260815_182918578.jpg","UserSelect","/UserSelect.20260815_182918578.jpg","","","-999.99","2.61","-999.99","-999.99","6a80affe3a81d30014ede6e4"
"2026-08-15T18:29:24.405Z","45.9264980","-129.9795104","ASNAP","","admin","","","","","","","","","","","","","","3529.17","1092.74","-2.3","-5.6","346.54","1509.12","8.88","SciCam","/SciCam.20260815_182924405.jpg","PilotCam","/PilotCam.20260815_182924405.jpg","BrowCam","/BrowCam.20260815_182924405.jpg","UserSelect","/UserSelect.20260815_182924405.jpg","","","-999.99","2.76","-999.99","-999.99","6a80b0043a81d30014ede6e8"
"2026-08-15T18:29:54.441Z","45.9264953","-129.9795101","ASNAP","","admin","","","","","","","","","","","","","","3529.19","1092.44","-2.2","-5.8","346.54","1509.10","9.04","SciCam","/SciCam.20260815_182954441.jpg","PilotCam","/PilotCam.20260815_182954441.jpg","BrowCam","/BrowCam.20260815_182954441.jpg","UserSelect","/UserSelect.20260815_182954441.jpg","","","-999.99","2.72","-999.99","-999.99","6a80b0223a81d30014ede6ec"
"2026-08-15T18:30:24.474Z","45.9264981","-129.9795086","ASNAP","","admin","","","","","","","","","","","","","","3529.31","1092.76","-2.0","-5.8","346.04","1509.29","8.63","SciCam","/SciCam.20260815_183024474.jpg","PilotCam","/PilotCam.20260815_183024474.jpg","BrowCam","/BrowCam.20260815_183024474.jpg","UserSelect","/UserSelect.20260815_183024474.jpg","","","-999.99","2.73","-999.99","-999.99","6a80b0403a81d30014ede6f0"
"2026-08-15T18:30:54.518Z","45.9265127","-129.9795136","ASNAP","","admin","","","","","","","","","","","","","","3528.92","1094.38","-2.3","-5.4","332.91","1509.02","6.92","SciCam","/SciCam.20260815_183054518.jpg","PilotCam","/PilotCam.20260815_183054518.jpg","BrowCam","/BrowCam.20260815_183054518.jpg","UserSelect","/UserSelect.20260815_183054518.jpg","","","-999.99","2.59","-999.99","-999.99","6a80b05e3a81d30014ede6f4"
"2026-08-15T18:31:24.549Z","45.9265144","-129.9795087","ASNAP","","admin","","","","","","","","","","","","","","3529.30","1094.57","-2.8","-5.6","332.22","1508.62","7.81","SciCam","/SciCam.20260815_183124549.jpg","PilotCam","/PilotCam.20260815_183124549.jpg","BrowCam","/BrowCam.20260815_183124549.jpg","UserSelect","/UserSelect.20260815_183124549.jpg","","","-999.99","2.78","-999.99","-999.99","6a80b07c3a81d30014ede6f8"
"2026-08-15T18:31:27.295Z","45.9265151","-129.9795091","FREE_FORM","Surveying guapo","guest","","","","","","","","","","","","","","3529.27","1094.64","-2.7","-5.6","331.63","1508.57","7.86","SciCam","/SciCam.20260815_183127295.jpg","PilotCam","/PilotCam.20260815_183127295.jpg","BrowCam","/BrowCam.20260815_183127295.jpg","UserSelect","/UserSelect.20260815_183127295.jpg","","","-999.99","2.97","-999.99","-999.99","6a80b07f3a81d30014ede6fc"
"2026-08-15T18:31:54.568Z","45.9265199","-129.9795070","ASNAP","","admin","","","","","","","","","","","","","","3529.43","1095.18","-2.6","-5.6","322.52","1508.24","8.52","SciCam","/SciCam.20260815_183154568.jpg","PilotCam","/PilotCam.20260815_183154568.jpg","BrowCam","/BrowCam.20260815_183154568.jpg","UserSelect","/UserSelect.20260815_183154568.jpg","","","-999.99","3.27","-999.99","-999.99","6a80b09a3a81d30014ede700"
"2026-08-15T18:32:05.667Z","45.9265214","-129.9795073","Biology Type","","guest","","","","","Fish","","","","","","","","","3529.41","1095.34","-2.7","-5.5","319.32","1508.14","7.17","SciCam","/SciCam.20260815_183205667.jpg","PilotCam","/PilotCam.20260815_183205667.jpg","BrowCam","/BrowCam.20260815_183205667.jpg","UserSelect","/UserSelect.20260815_183205667.jpg","","","-999.99","3.13","-999.99","-999.99","6a80b0a53a81d30014ede704"
"2026-08-15T18:32:24.614Z","45.9265235","-129.9795104","ASNAP","","admin","","","","","","","","","","","","","","3529.17","1095.58","-1.3","-5.5","320.09","1507.90","7.10","SciCam","/SciCam.20260815_183224614.jpg","PilotCam","/PilotCam.20260815_183224614.jpg","BrowCam","/BrowCam.20260815_183224614.jpg","UserSelect","/UserSelect.20260815_183224614.jpg","","","-999.99","3.08","-999.99","-999.99","6a80b0b83a81d30014ede708"
"2026-08-15T18:32:54.659Z","45.9265247","-129.9795104","ASNAP","","admin","","","","","","","","","","","","","","3529.17","1095.71","-2.5","-5.5","318.32","1507.29","8.53","SciCam","/SciCam.20260815_183254659.jpg","PilotCam","/PilotCam.20260815_183254659.jpg","BrowCam","/BrowCam.20260815_183254659.jpg","UserSelect","/UserSelect.20260815_183254659.jpg","","","-999.99","3.12","-999.99","-999.99","6a80b0d63a81d30014ede70c"
"2026-08-15T18:33:24.692Z","45.9265284","-129.9795135","ASNAP","","admin","","","","","","","","","","","","","","3528.93","1096.12","-2.5","-5.8","318.39","1506.69","10.22","SciCam","/SciCam.20260815_183324692.jpg","PilotCam","/PilotCam.20260815_183324692.jpg","BrowCam","/BrowCam.20260815_183324692.jpg","UserSelect","/UserSelect.20260815_183324692.jpg","","","-999.99","3.17","-999.99","-999.99","6a80b0f43a81d30014ede710"
"2026-08-15T18:33:39.134Z","45.9265314","-129.9795145","Biology Type","","guest","","","","","Tubeworm","","","","","","","","","3528.85","1096.46","-2.6","-5.4","318.24","1506.28","10.69","SciCam","/SciCam.20260815_183339134.jpg","PilotCam","/PilotCam.20260815_183339134.jpg","BrowCam","/BrowCam.20260815_183339134.jpg","UserSelect","/UserSelect.20260815_183339134.jpg","","","-999.99","3.14","-999.99","-999.99","6a80b1033a81d30014ede714"
"2026-08-15T18:33:54.733Z","45.9265322","-129.9795150","ASNAP","","admin","","","","","","","","","","","","","","3528.81","1096.54","-2.5","-5.5","318.07","1505.73","11.25","SciCam","/SciCam.20260815_183354733.jpg","PilotCam","/PilotCam.20260815_183354733.jpg","BrowCam","/BrowCam.20260815_183354733.jpg","UserSelect","/UserSelect.20260815_183354733.jpg","","","-999.99","3.47","-999.99","-999.99","6a80b1123a81d30014ede718"
"2026-08-15T18:34:24.757Z","45.9265331","-129.9795196","ASNAP","","admin","","","","","","","","","","","","","","3528.45","1096.64","-2.5","-5.6","318.71","1504.96","11.71","SciCam","/SciCam.20260815_183424757.jpg","PilotCam","/PilotCam.20260815_183424757.jpg","BrowCam","/BrowCam.20260815_183424757.jpg","UserSelect","/UserSelect.20260815_183424757.jpg","","","-999.99","4.05","-999.99","-999.99","6a80b1303a81d30014ede71c"
"2026-08-15T18:34:54.803Z","45.9265329","-129.9795202","ASNAP","","admin","","","","","","","","","","","","","","3528.41","1096.62","-2.7","-5.5","318.70","1504.31","12.22","SciCam","/SciCam.20260815_183454803.jpg","PilotCam","/PilotCam.20260815_183454803.jpg","BrowCam","/BrowCam.20260815_183454803.jpg","UserSelect","/UserSelect.20260815_183454803.jpg","","","-999.99","4.09","-999.99","-999.99","6a80b14e3a81d30014ede720"
"2026-08-15T18:35:24.835Z","45.9265336","-129.9795198","ASNAP","","admin","","","","","","","","","","","","","","3528.44","1096.70","-2.5","-5.6","318.03","1503.48","13.04","SciCam","/SciCam.20260815_183524835.jpg","PilotCam","/PilotCam.20260815_183524835.jpg","BrowCam","/BrowCam.20260815_183524835.jpg","UserSelect","/UserSelect.20260815_183524835.jpg","","","-999.99","3.84","-999.99","-999.99","6a80b16c3a81d30014ede724"
"2026-08-15T18:35:54.880Z","45.9265321","-129.9795218","ASNAP","","admin","","","","","","","","","","","","","","3528.28","1096.53","-2.4","-5.6","317.95","1503.00","13.98","SciCam","/SciCam.20260815_183554880.jpg","PilotCam","/PilotCam.20260815_183554880.jpg","BrowCam","/BrowCam.20260815_183554880.jpg","UserSelect","/UserSelect.20260815_183554880.jpg","","","-999.99","3.78","-999.99","-999.99","6a80b18a3a81d30014ede728"
"2026-08-15T18:36:24.925Z","45.9265330","-129.9795222","ASNAP","","admin","","","","","","","","","","","","","","3528.25","1096.63","-2.2","-5.4","316.23","1502.40","14.69","SciCam","/SciCam.20260815_183624925.jpg","PilotCam","/PilotCam.20260815_183624925.jpg","BrowCam","/BrowCam.20260815_183624925.jpg","UserSelect","/UserSelect.20260815_183624925.jpg","","","-999.99","3.66","-999.99","-999.99","6a80b1a83a81d30014ede72c"
"2026-08-15T18:36:54.970Z","45.9265376","-129.9795198","ASNAP","","admin","","","","","","","","","","","","","","3528.44","1097.15","-2.7","-5.3","308.83","1501.57","15.56","SciCam","/SciCam.20260815_183654970.jpg","PilotCam","/PilotCam.20260815_183654970.jpg","BrowCam","/BrowCam.20260815_183654970.jpg","UserSelect","/UserSelect.20260815_183654970.jpg","","","-999.99","3.58","-999.99","-999.99","6a80b1c63a81d30014ede730"
"2026-08-15T18:37:25.015Z","45.9265399","-129.9795224","ASNAP","","admin","","","","","","","","","","","","","","3528.24","1097.40","-2.8","-5.5","294.56","1500.98","13.85","SciCam","/SciCam.20260815_183725015.jpg","PilotCam","/PilotCam.20260815_183725015.jpg","BrowCam","/BrowCam.20260815_183725015.jpg","UserSelect","/UserSelect.20260815_183725015.jpg","","","-999.99","2.89","-999.99","-999.99","6a80b1e53a81d30014ede734"
"2026-08-15T18:37:26.783Z","45.9265394","-129.9795227","Biology Type","","guest","","","","","Tubeworm","","","","","","","","","3528.21","1097.35","-2.5","-5.5","293.22","1500.94","13.96","SciCam","/SciCam.20260815_183726783.jpg","PilotCam","/PilotCam.20260815_183726783.jpg","BrowCam","/BrowCam.20260815_183726783.jpg","UserSelect","/UserSelect.20260815_183726783.jpg","","","-999.99","2.99","-999.99","-999.99","6a80b1e63a81d30014ede738"
"2026-08-15T18:37:38.812Z","45.9265400","-129.9795225","Geologic Formations","","guest","","","","","","","","","","","Black smoker","","","3528.23","1097.41","-2.7","-5.4","292.52","1500.70","14.16","SciCam","/SciCam.20260815_183738812.jpg","PilotCam","/PilotCam.20260815_183738812.jpg","BrowCam","/BrowCam.20260815_183738812.jpg","UserSelect","/UserSelect.20260815_183738812.jpg","","","-999.99","2.87","-999.99","-999.99","6a80b1f23a81d30014ede73c"
"2026-08-15T18:37:55.057Z","45.9265419","-129.9795239","ASNAP","","admin","","","","","","","","","","","","","","3528.12","1097.62","-3.0","-5.6","287.96","1500.51","14.23","SciCam","/SciCam.20260815_183755057.jpg","PilotCam","/PilotCam.20260815_183755057.jpg","BrowCam","/BrowCam.20260815_183755057.jpg","UserSelect","/UserSelect.20260815_183755057.jpg","","","-999.99","2.80","-999.99","-999.99","6a80b2033a81d30014ede740"
"2026-08-15T18:38:25.081Z","45.9265437","-129.9795162","ASNAP","","admin","","","","","","","","","","","","","","3528.72","1097.82","-3.5","-5.6","280.95","1499.52","17.55","SciCam","/SciCam.20260815_183825081.jpg","PilotCam","/PilotCam.20260815_183825081.jpg","BrowCam","/BrowCam.20260815_183825081.jpg","UserSelect","/UserSelect.20260815_183825081.jpg","","","-999.99","2.65","-999.99","-999.99","6a80b2213a81d30014ede744"
"2026-08-15T18:38:55.125Z","45.9265440","-129.9795199","ASNAP","","admin","","","","","","","","","","","","","","3528.43","1097.86","-2.7","-5.5","275.13","1499.11","16.86","SciCam","/SciCam.20260815_183855125.jpg","PilotCam","/PilotCam.20260815_183855125.jpg","BrowCam","/BrowCam.20260815_183855125.jpg","UserSelect","/UserSelect.20260815_183855125.jpg","","","-999.99","2.42","-999.99","-999.99","6a80b23f3a81d30014ede748"
"2026-08-15T18:39:25.145Z","45.9265411","-129.9795195","ASNAP","","admin","","","","","","","","","","","","","","3528.46","1097.53","-3.6","-5.7","273.17","1498.45","17.29","SciCam","/SciCam.20260815_183925145.jpg","PilotCam","/PilotCam.20260815_183925145.jpg","BrowCam","/BrowCam.20260815_183925145.jpg","UserSelect","/UserSelect.20260815_183925145.jpg","","","-999.99","2.67","-999.99","-999.99","6a80b25d3a81d30014ede74c"
"2026-08-15T18:39:55.189Z","45.9265421","-129.9795199","ASNAP","","admin","","","","","","","","","","","","","","3528.43","1097.64","-2.8","-5.5","273.12","1498.19","17.55","SciCam","/SciCam.20260815_183955189.jpg","PilotCam","/PilotCam.20260815_183955189.jpg","BrowCam","/BrowCam.20260815_183955189.jpg","UserSelect","/UserSelect.20260815_183955189.jpg","","","-999.99","2.59","-999.99","-999.99","6a80b27b3a81d30014ede750"
"2026-08-15T18:40:20.162Z","45.9265421","-129.9795182","HIGHLIGHTS","","guest","","","","","","4K highlights start","","","","","","","","3528.56","1097.64","-2.8","-5.5","273.39","1498.15","17.70","SciCam","/SciCam.20260815_184020162.jpg","PilotCam","/PilotCam.20260815_184020162.jpg","BrowCam","/BrowCam.20260815_184020162.jpg","UserSelect","/UserSelect.20260815_184020162.jpg","","","-999.99","2.54","-999.99","-999.99","6a80b2943a81d30014ede754"
"2026-08-15T18:40:25.233Z","45.9265420","-129.9795168","ASNAP","","admin","","","","","","","","","","","","","","3528.67","1097.63","-2.8","-5.5","273.30","1498.15","17.78","SciCam","/SciCam.20260815_184025233.jpg","PilotCam","/PilotCam.20260815_184025233.jpg","BrowCam","/BrowCam.20260815_184025233.jpg","UserSelect","/UserSelect.20260815_184025233.jpg","","","-999.99","2.54","-999.99","-999.99","6a80b2993a81d30014ede758"
"2026-08-15T18:40:55.277Z","45.9265420","-129.9795195","ASNAP","","admin","","","","","","","","","","","","","","3528.46","1097.63","-2.9","-5.6","273.16","1498.22","17.50","SciCam","/SciCam.20260815_184055277.jpg","PilotCam","/PilotCam.20260815_184055277.jpg","BrowCam","/BrowCam.20260815_184055277.jpg","UserSelect","/UserSelect.20260815_184055277.jpg","","","-999.99","2.61","-999.99","-999.99","6a80b2b73a81d30014ede75c"
"2026-08-15T18:41:25.321Z","45.9265420","-129.9795176","ASNAP","","admin","","","","","","","","","","","","","","3528.61","1097.63","-2.9","-5.3","273.60","1498.13","17.68","SciCam","/SciCam.20260815_184125321.jpg","PilotCam","/PilotCam.20260815_184125321.jpg","BrowCam","/BrowCam.20260815_184125321.jpg","UserSelect","/UserSelect.20260815_184125321.jpg","","","-999.99","2.59","-999.99","-999.99","6a80b2d53a81d30014ede760"
"2026-08-15T18:41:55.341Z","45.9265416","-129.9795181","ASNAP","","admin","","","","","","","","","","","","","","3528.57","1097.59","-3.0","-5.5","273.35","1498.23","17.60","SciCam","/SciCam.20260815_184155341.jpg","PilotCam","/PilotCam.20260815_184155341.jpg","BrowCam","/BrowCam.20260815_184155341.jpg","UserSelect","/UserSelect.20260815_184155341.jpg","","","-999.99","2.53","-999.99","-999.99","6a80b2f33a81d30014ede764"
"2026-08-15T18:42:25.385Z","45.9265420","-129.9795191","ASNAP","","admin","","","","","","","","","","","","","","3528.49","1097.63","-2.8","-5.7","273.60","1498.17","17.55","SciCam","/SciCam.20260815_184225385.jpg","PilotCam","/PilotCam.20260815_184225385.jpg","BrowCam","/BrowCam.20260815_184225385.jpg","UserSelect","/UserSelect.20260815_184225385.jpg","","","-999.99","2.64","-999.99","-999.99","6a80b3113a81d30014ede768"
"2026-08-15T18:42:55.430Z","45.9265413","-129.9795169","ASNAP","","admin","","","","","","","","","","","","","","3528.66","1097.56","-2.9","-5.5","273.22","1498.21","17.73","SciCam","/SciCam.20260815_184255430.jpg","PilotCam","/PilotCam.20260815_184255430.jpg","BrowCam","/BrowCam.20260815_184255430.jpg","UserSelect","/UserSelect.20260815_184255430.jpg","","","-999.99","2.80","-999.99","-999.99","6a80b32f3a81d30014ede76c"
"2026-08-15T18:43:25.469Z","45.9265418","-129.9795198","ASNAP","","admin","","","","","","","","","","","","","","3528.44","1097.61","-2.8","-5.3","273.32","1498.14","17.62","SciCam","/SciCam.20260815_184325469.jpg","PilotCam","/PilotCam.20260815_184325469.jpg","BrowCam","/BrowCam.20260815_184325469.jpg","UserSelect","/UserSelect.20260815_184325469.jpg","","","-999.99","2.64","-999.99","-999.99","6a80b34d3a81d30014ede770"
"2026-08-15T18:43:55.514Z","45.9265414","-129.9795164","ASNAP","","admin","","","","","","","","","","","","","","3528.70","1097.57","-2.7","-5.5","273.05","1498.17","17.68","SciCam","/SciCam.20260815_184355514.jpg","PilotCam","/PilotCam.20260815_184355514.jpg","BrowCam","/BrowCam.20260815_184355514.jpg","UserSelect","/UserSelect.20260815_184355514.jpg","","","-999.99","3.12","-999.99","-999.99","6a80b36b3a81d30014ede774"
"2026-08-15T18:44:25.536Z","45.9265414","-129.9795193","ASNAP","","admin","","","","","","","","","","","","","","3528.48","1097.57","-2.8","-5.4","273.07","1498.26","17.55","SciCam","/SciCam.20260815_184425536.jpg","PilotCam","/PilotCam.20260815_184425536.jpg","BrowCam","/BrowCam.20260815_184425536.jpg","UserSelect","/UserSelect.20260815_184425536.jpg","","","-999.99","2.94","-999.99","-999.99","6a80b3893a81d30014ede778"
"2026-08-15T18:44:55.582Z","45.9265416","-129.9795176","ASNAP","","admin","","","","","","","","","","","","","","3528.61","1097.59","-2.7","-5.2","273.16","1498.83","17.06","SciCam","/SciCam.20260815_184455582.jpg","PilotCam","/PilotCam.20260815_184455582.jpg","BrowCam","/BrowCam.20260815_184455582.jpg","UserSelect","/UserSelect.20260815_184455582.jpg","","","-999.99","2.65","-999.99","-999.99","6a80b3a73a81d30014ede77c"
"2026-08-15T18:45:25.626Z","45.9265413","-129.9795181","ASNAP","","admin","","","","","","","","","","","","","","3528.57","1097.56","-2.8","-5.5","272.89","1499.88","16.32","SciCam","/SciCam.20260815_184525626.jpg","PilotCam","/PilotCam.20260815_184525626.jpg","BrowCam","/BrowCam.20260815_184525626.jpg","UserSelect","/UserSelect.20260815_184525626.jpg","","","-999.99","2.55","-999.99","-999.99","6a80b3c53a81d30014ede780"
"2026-08-15T18:45:55.653Z","45.9265412","-129.9795203","ASNAP","","admin","","","","","","","","","","","","","","3528.40","1097.55","-3.1","-5.5","273.42","1500.39","15.76","SciCam","/SciCam.20260815_184555653.jpg","PilotCam","/PilotCam.20260815_184555653.jpg","BrowCam","/BrowCam.20260815_184555653.jpg","UserSelect","/UserSelect.20260815_184555653.jpg","","","-999.99","2.55","-999.99","-999.99","6a80b3e33a81d30014ede784"
"2026-08-15T18:46:24.000Z","","","SulisCam","","admin","","","","","","","sulis_20260815184624.jpg","","","","","","","","","","","","","","","","","","","","","","354.497","357.150","","","","","6a8330c63a81d30014ee2692"
"2026-08-15T18:46:25.692Z","45.9265448","-129.9795222","ASNAP","","admin","","","","","","","","","","","","","","3528.25","1097.94","-2.9","-5.5","275.76","1500.66","15.54","SciCam","/SciCam.20260815_184625692.jpg","PilotCam","/PilotCam.20260815_184625692.jpg","BrowCam","/BrowCam.20260815_184625692.jpg","UserSelect","/UserSelect.20260815_184625692.jpg","","","-999.99","2.61","-999.99","-999.99","6a80b4013a81d30014ede788"
"2026-08-15T18:46:44.000Z","","","SulisCam","","admin","","","","","","","sulis_20260815184644.jpg","","","","","","","","","","","","","","","","","","","","","","354.457","357.363","","","","","6a8330c63a81d30014ee2694"
"2026-08-15T18:46:55.718Z","45.9265449","-129.9795203","ASNAP","","admin","","","","","","","","","","","","","","3528.40","1097.96","-2.7","-5.5","275.55","1500.54","15.66","SciCam","/SciCam.20260815_184655718.jpg","PilotCam","/PilotCam.20260815_184655718.jpg","BrowCam","/BrowCam.20260815_184655718.jpg","UserSelect","/UserSelect.20260815_184655718.jpg","","","-999.99","2.82","-999.99","-999.99","6a80b41f3a81d30014ede78c"
"2026-08-15T18:47:25.761Z","45.9265349","-129.9795367","ASNAP","","admin","","","","","","","","","","","","","","3527.13","1096.84","-2.8","-5.4","275.55","1500.57","15.79","SciCam","/SciCam.20260815_184725761.jpg","PilotCam","/PilotCam.20260815_184725761.jpg","BrowCam","/BrowCam.20260815_184725761.jpg","UserSelect","/UserSelect.20260815_184725761.jpg","","","-999.99","2.93","-999.99","-999.99","6a80b43d3a81d30014ede790"
"2026-08-15T18:47:34.000Z","","","SulisCam","","admin","","","","","","","sulis_20260815184734.jpg","","","","","","","","","","","","","","","","","","","","","","5.690","357.104","","","","","6a8330c73a81d30014ee2696"
"2026-08-15T18:47:55.805Z","45.9265350","-129.9795377","ASNAP","","admin","","","","","","","","","","","","","","3527.05","1096.86","-2.8","-5.4","275.69","1500.55","15.76","SciCam","/SciCam.20260815_184755805.jpg","PilotCam","/PilotCam.20260815_184755805.jpg","BrowCam","/BrowCam.20260815_184755805.jpg","UserSelect","/UserSelect.20260815_184755805.jpg","","","-999.99","2.82","-999.99","-999.99","6a80b45b3a81d30014ede794"
"2026-08-15T18:48:16.000Z","","","SulisCam","","admin","","","","","","","sulis_20260815184816.jpg","","","","","","","","","","","","","","","","","","","","","","5.619","357.181","","","","","6a8330c73a81d30014ee2698"
"2026-08-15T18:48:25.849Z","45.9265377","-129.9795345","ASNAP","","admin","","","","","","","","","","","","","","3527.30","1097.16","-2.8","-5.4","270.35","1500.59","15.54","SciCam","/SciCam.20260815_184825849.jpg","PilotCam","/PilotCam.20260815_184825849.jpg","BrowCam","/BrowCam.20260815_184825849.jpg","UserSelect","/UserSelect.20260815_184825849.jpg","","","-999.99","3.02","-999.99","-999.99","6a80b4793a81d30014ede798"
"2026-08-15T18:48:55.877Z","45.9265354","-129.9795417","ASNAP","","admin","","","","","","","","","","","","","","3526.74","1096.90","-2.9","-5.4","266.71","1500.57","15.20","SciCam","/SciCam.20260815_184855877.jpg","PilotCam","/PilotCam.20260815_184855877.jpg","BrowCam","/BrowCam.20260815_184855877.jpg","UserSelect","/UserSelect.20260815_184855877.jpg","","","-999.99","3.19","-999.99","-999.99","6a80b4973a81d30014ede79c"
"2026-08-15T18:49:25.901Z","45.9265353","-129.9795408","ASNAP","","admin","","","","","","","","","","","","","","3526.81","1096.89","-2.9","-5.4","266.80","1500.52","15.20","SciCam","/SciCam.20260815_184925901.jpg","PilotCam","/PilotCam.20260815_184925901.jpg","BrowCam","/BrowCam.20260815_184925901.jpg","UserSelect","/UserSelect.20260815_184925901.jpg","","","-999.99","3.04","-999.99","-999.99","6a80b4b53a81d30014ede7a0"
"2026-08-15T18:49:55.922Z","45.9265354","-129.9795407","ASNAP","","admin","","","","","","","","","","","","","","3526.82","1096.90","-2.9","-5.5","266.67","1500.54","15.28","SciCam","/SciCam.20260815_184955922.jpg","PilotCam","/PilotCam.20260815_184955922.jpg","BrowCam","/BrowCam.20260815_184955922.jpg","UserSelect","/UserSelect.20260815_184955922.jpg","","","-999.99","3.24","-999.99","-999.99","6a80b4d33a81d30014ede7a4"
"2026-08-15T18:50:19.000Z","","","SulisCam","","admin","","","","","","","sulis_20260815185019.jpg","","","","","","","","","","","","","","","","","","","","","","5.432","357.104","","","","","6a8330c73a81d30014ee269a"
"2026-08-15T18:50:25.967Z","45.9265353","-129.9795407","ASNAP","","admin","","","","","","","","","","","","","","3526.82","1096.89","-2.9","-5.5","266.68","1500.53","15.26","SciCam","/SciCam.20260815_185025967.jpg","PilotCam","/PilotCam.20260815_185025967.jpg","BrowCam","/BrowCam.20260815_185025967.jpg","UserSelect","/UserSelect.20260815_185025967.jpg","","","-999.99","3.19","-999.99","-999.99","6a80b4f13a81d30014ede7a8"
"2026-08-15T18:50:31.000Z","","","SulisCam","","admin","","","","","","","sulis_20260815185031.jpg","","","","","","","","","","","","","","","","","","","","","","5.401","357.118","","","","","6a8330c73a81d30014ee269c"
"2026-08-15T18:50:43.000Z","","","SulisCam","","admin","","","","","","","sulis_20260815185043.jpg","","","","","","","","","","","","","","","","","","","","","","5.452","356.908","","","","","6a8330c73a81d30014ee269e"
"2026-08-15T18:50:54.000Z","","","SulisCam","","admin","","","","","","","sulis_20260815185054.jpg","","","","","","","","","","","","","","","","","","","","","","5.484","357.181","","","","","6a8330c73a81d30014ee26a0"
"2026-08-15T18:50:56.012Z","45.9265355","-129.9795404","ASNAP","","admin","","","","","","","","","","","","","","3526.84","1096.91","-2.8","-5.5","266.76","1500.53","15.26","SciCam","/SciCam.20260815_185056012.jpg","PilotCam","/PilotCam.20260815_185056012.jpg","BrowCam","/BrowCam.20260815_185056012.jpg","UserSelect","/UserSelect.20260815_185056012.jpg","","","-999.99","3.39","-999.99","-999.99","6a80b5103a81d30014ede7ac"
"2026-08-15T18:51:26.056Z","45.9265355","-129.9795408","ASNAP","","admin","","","","","","","","","","","","","","3526.81","1096.91","-2.8","-5.5","266.65","1500.55","15.20","SciCam","/SciCam.20260815_185126056.jpg","PilotCam","/PilotCam.20260815_185126056.jpg","BrowCam","/BrowCam.20260815_185126056.jpg","UserSelect","/UserSelect.20260815_185126056.jpg","","","-999.99","3.27","-999.99","-999.99","6a80b52e3a81d30014ede7b0"
"2026-08-15T18:51:56.081Z","45.9265356","-129.9795408","ASNAP","","admin","","","","","","","","","","","","","","3526.81","1096.92","-2.8","-5.4","266.87","1500.55","15.20","SciCam","/SciCam.20260815_185156081.jpg","PilotCam","/PilotCam.20260815_185156081.jpg","BrowCam","/BrowCam.20260815_185156081.jpg","UserSelect","/UserSelect.20260815_185156081.jpg","","","-999.99","2.71","-999.99","-999.99","6a80b54c3a81d30014ede7b4"
"2026-08-15T18:52:26.125Z","45.9265354","-129.9795407","ASNAP","","admin","","","","","","","","","","","","","","3526.82","1096.90","-3.0","-5.5","267.37","1500.57","15.26","SciCam","/SciCam.20260815_185226125.jpg","PilotCam","/PilotCam.20260815_185226125.jpg","BrowCam","/BrowCam.20260815_185226125.jpg","UserSelect","/UserSelect.20260815_185226125.jpg","","","-999.99","2.70","-999.99","-999.99","6a80b56a3a81d30014ede7b8"
"2026-08-15T18:52:56.171Z","45.9265352","-129.9795408","ASNAP","","admin","","","","","","","","","","","","","","3526.81","1096.88","-2.9","-5.4","266.73","1500.55","15.23","SciCam","/SciCam.20260815_185256171.jpg","PilotCam","/PilotCam.20260815_185256171.jpg","BrowCam","/BrowCam.20260815_185256171.jpg","UserSelect","/UserSelect.20260815_185256171.jpg","","","-999.99","2.79","-999.99","-999.99","6a80b5883a81d30014ede7bc"
"2026-08-15T18:53:26.198Z","45.9265353","-129.9795407","ASNAP","","admin","","","","","","","","","","","","","","3526.82","1096.89","-2.9","-5.5","266.59","1500.57","15.20","SciCam","/SciCam.20260815_185326198.jpg","PilotCam","/PilotCam.20260815_185326198.jpg","BrowCam","/BrowCam.20260815_185326198.jpg","UserSelect","/UserSelect.20260815_185326198.jpg","","","-999.99","3.22","-999.99","-999.99","6a80b5a63a81d30014ede7c0"
"2026-08-15T18:53:56.243Z","45.9265353","-129.9795408","ASNAP","","admin","","","","","","","","","","","","","","3526.81","1096.89","-2.9","-5.4","266.70","1500.56","15.23","SciCam","/SciCam.20260815_185356243.jpg","PilotCam","/PilotCam.20260815_185356243.jpg","BrowCam","/BrowCam.20260815_185356243.jpg","UserSelect","/UserSelect.20260815_185356243.jpg","","","-999.99","3.09","-999.99","-999.99","6a80b5c43a81d30014ede7c4"
"2026-08-15T18:54:26.288Z","45.9265353","-129.9795405","ASNAP","","admin","","","","","","","","","","","","","","3526.83","1096.89","-2.9","-5.6","266.58","1500.55","15.28","SciCam","/SciCam.20260815_185426288.jpg","PilotCam","/PilotCam.20260815_185426288.jpg","BrowCam","/BrowCam.20260815_185426288.jpg","UserSelect","/UserSelect.20260815_185426288.jpg","","","-999.99","3.00","-999.99","-999.99","6a80b5e23a81d30014ede7c8"
"2026-08-15T18:54:28.317Z","45.9265342","-129.9795398","NAV","50m heading 225","guest","","","","Ship moving","","","","","","","","","","3526.89","1096.77","-2.4","-5.3","265.86","1500.53","15.33","SciCam","/SciCam.20260815_185428317.jpg","PilotCam","/PilotCam.20260815_185428317.jpg","BrowCam","/BrowCam.20260815_185428317.jpg","UserSelect","/UserSelect.20260815_185428317.jpg","","","-999.99","3.05","-999.99","-999.99","6a80b5e43a81d30014ede7cc"
"2026-08-15T18:54:46.190Z","45.9265195","-129.9795203","HIGHLIGHTS","","guest","","","","","","4K highlights stop","","","","","","","","3528.40","1095.13","-2.8","-5.5","262.46","1500.49","16.53","SciCam","/SciCam.20260815_185446190.jpg","PilotCam","/PilotCam.20260815_185446190.jpg","BrowCam","/BrowCam.20260815_185446190.jpg","UserSelect","/UserSelect.20260815_185446190.jpg","","","-999.99","3.29","-999.99","-999.99","6a80b5f63a81d30014ede7d0"
"2026-08-15T18:54:56.334Z","45.9265064","-129.9795084","ASNAP","","admin","","","","","","","","","","","","","","3529.32","1093.68","-2.6","-5.5","254.03","1500.56","15.56","SciCam","/SciCam.20260815_185456334.jpg","PilotCam","/PilotCam.20260815_185456334.jpg","BrowCam","/BrowCam.20260815_185456334.jpg","UserSelect","/UserSelect.20260815_185456334.jpg","","","-999.99","3.21","-999.99","-999.99","6a80b6003a81d30014ede7d4"
"2026-08-15T18:55:26.379Z","45.9264602","-129.9795242","ASNAP","","admin","","","","","","","","","","","","","","3528.10","1088.54","-2.8","-5.3","239.99","1501.00","16.07","SciCam","/SciCam.20260815_185526379.jpg","PilotCam","/PilotCam.20260815_185526379.jpg","BrowCam","/BrowCam.20260815_185526379.jpg","UserSelect","/UserSelect.20260815_185526379.jpg","","","-999.99","2.97","-999.99","-999.99","6a80b61e3a81d30014ede7d8"
"2026-08-15T18:55:56.421Z","45.9264032","-129.9795985","ASNAP","","admin","","","","","","","","","","","","","","3522.33","1082.21","-2.9","-5.7","240.22","1500.70","17.70","SciCam","/SciCam.20260815_185556421.jpg","PilotCam","/PilotCam.20260815_185556421.jpg","BrowCam","/BrowCam.20260815_185556421.jpg","UserSelect","/UserSelect.20260815_185556421.jpg","","","-999.99","2.89","-999.99","-999.99","6a80b63c3a81d30014ede7dc"
"2026-08-15T18:56:26.465Z","45.9263790","-129.9797013","ASNAP","","admin","","","","","","","","","","","","","","3514.36","1079.52","-2.6","-5.3","239.98","1502.36","14.80","SciCam","/SciCam.20260815_185626465.jpg","PilotCam","/PilotCam.20260815_185626465.jpg","BrowCam","/BrowCam.20260815_185626465.jpg","UserSelect","/UserSelect.20260815_185626465.jpg","","","-999.99","2.63","-999.99","-999.99","6a80b65a3a81d30014ede7e0"
"2026-08-15T18:56:56.509Z","45.9263766","-129.9796447","ASNAP","","admin","","","","","","","","","","","","","","3518.75","1079.25","-2.9","-5.3","240.61","1503.44","13.75","SciCam","/SciCam.20260815_185656509.jpg","PilotCam","/PilotCam.20260815_185656509.jpg","BrowCam","/BrowCam.20260815_185656509.jpg","UserSelect","/UserSelect.20260815_185656509.jpg","","","-999.99","2.50","-999.99","-999.99","6a80b6783a81d30014ede7e4"
"2026-08-15T18:57:26.554Z","45.9263533","-129.9796720","ASNAP","","admin","","","","","","","","","","","","","","3516.63","1076.66","-2.7","-6.2","242.12","1508.20","10.08","SciCam","/SciCam.20260815_185726554.jpg","PilotCam","/PilotCam.20260815_185726554.jpg","BrowCam","/BrowCam.20260815_185726554.jpg","UserSelect","/UserSelect.20260815_185726554.jpg","","","-999.99","2.46","-999.99","-999.99","6a80b6963a81d30014ede7e8"
"2026-08-15T18:57:56.599Z","45.9263555","-129.9796737","ASNAP","","admin","","","","","","","","","","","","","","3516.50","1076.90","-2.9","-5.4","240.22","1512.55","5.66","SciCam","/SciCam.20260815_185756599.jpg","PilotCam","/PilotCam.20260815_185756599.jpg","BrowCam","/BrowCam.20260815_185756599.jpg","UserSelect","/UserSelect.20260815_185756599.jpg","","","-999.99","2.43","-999.99","-999.99","6a80b6b43a81d30014ede7ec"
"2026-08-15T18:58:26.641Z","45.9263404","-129.9797488","ASNAP","","admin","","","","","","","","","","","","","","3510.67","1075.23","-3.1","-5.2","239.82","1512.32","4.73","SciCam","/SciCam.20260815_185826641.jpg","PilotCam","/PilotCam.20260815_185826641.jpg","BrowCam","/BrowCam.20260815_185826641.jpg","UserSelect","/UserSelect.20260815_185826641.jpg","","","-999.99","2.44","-999.99","-999.99","6a80b6d23a81d30014ede7f0"
"2026-08-15T18:58:56.686Z","45.9263248","-129.9798178","ASNAP","","admin","","","","","","","","","","","","","","3505.32","1073.49","-3.0","-4.8","240.04","1510.94","5.39","SciCam","/SciCam.20260815_185856686.jpg","PilotCam","/PilotCam.20260815_185856686.jpg","BrowCam","/BrowCam.20260815_185856686.jpg","UserSelect","/UserSelect.20260815_185856686.jpg","","","-999.99","2.41","-999.99","-999.99","6a80b6f03a81d30014ede7f4"
"2026-08-15T18:59:26.731Z","45.9263096","-129.9798766","ASNAP","","admin","","","","","","","","","","","","","","3500.76","1071.80","-4.2","-5.4","240.56","1510.01","5.72","SciCam","/SciCam.20260815_185926731.jpg","PilotCam","/PilotCam.20260815_185926731.jpg","BrowCam","/BrowCam.20260815_185926731.jpg","UserSelect","/UserSelect.20260815_185926731.jpg","","","-999.99","2.41","-999.99","-999.99","6a80b70e3a81d30014ede7f8"
"2026-08-15T18:59:51.000Z","","","SulisCam","","admin","","","","","","","sulis_20260815185951.jpg","","","","","","","","","","","","","","","","","","","","","","5.925","357.102","","","","","6a8330c73a81d30014ee26a2"
"2026-08-15T18:59:56.773Z","45.9262990","-129.9799232","ASNAP","","admin","","","","","","","","","","","","","","3497.14","1070.62","-3.2","-4.7","242.84","1508.17","6.61","SciCam","/SciCam.20260815_185956773.jpg","PilotCam","/PilotCam.20260815_185956773.jpg","BrowCam","/BrowCam.20260815_185956773.jpg","UserSelect","/UserSelect.20260815_185956773.jpg","","","-999.99","2.40","-999.99","-999.99","6a80b72c3a81d30014ede7fc"
"2026-08-15T19:00:26.796Z","45.9262635","-129.9799765","ASNAP","","admin","","","","","","","","","","","","","","3493.01","1066.68","-3.0","-5.2","238.64","1507.20","4.88","SciCam","/SciCam.20260815_190026796.jpg","PilotCam","/PilotCam.20260815_190026796.jpg","BrowCam","/BrowCam.20260815_190026796.jpg","UserSelect","/UserSelect.20260815_190026796.jpg","","","-999.99","2.43","-999.99","-999.99","6a80b74a3a81d30014ede800"
"2026-08-15T19:00:56.818Z","45.9262411","-129.9800067","ASNAP","","admin","","","","","","","","","","","","","","3490.66","1064.19","-3.1","-5.2","239.11","1508.86","2.71","SciCam","/SciCam.20260815_190056818.jpg","PilotCam","/PilotCam.20260815_190056818.jpg","BrowCam","/BrowCam.20260815_190056818.jpg","UserSelect","/UserSelect.20260815_190056818.jpg","","","-999.99","2.48","-999.99","-999.99","6a80b7683a81d30014ede804"
"2026-08-15T19:00:57.000Z","","","SulisCam","","admin","","","","","","","sulis_20260815190057.jpg","","","","","","","","","","","","","","","","","","","","","","5.037","356.945","","","","","6a8330c73a81d30014ee26a4"
"2026-08-15T19:01:06.000Z","","","SulisCam","","admin","","","","","","","sulis_20260815190106.jpg","","","","","","","","","","","","","","","","","","","","","","5.206","356.948","","","","","6a8330c73a81d30014ee26a6"
"2026-08-15T19:01:22.864Z","45.9262096","-129.9800100","FREE_FORM","At castle","guest","","","","","","","","","","","","","","3490.41","1060.69","-2.7","-5.1","247.26","1509.98","3.48","SciCam","/SciCam.20260815_190122864.jpg","PilotCam","/PilotCam.20260815_190122864.jpg","BrowCam","/BrowCam.20260815_190122864.jpg","UserSelect","/UserSelect.20260815_190122864.jpg","","","-999.99","2.32","-999.99","-999.99","6a80b7823a81d30014ede808"
"2026-08-15T19:01:26.853Z","45.9262060","-129.9800133","ASNAP","","admin","","","","","","","","","","","","","","3490.15","1060.29","-2.6","-5.1","251.86","1510.08","3.42","SciCam","/SciCam.20260815_190126853.jpg","PilotCam","/PilotCam.20260815_190126853.jpg","BrowCam","/BrowCam.20260815_190126853.jpg","UserSelect","/UserSelect.20260815_190126853.jpg","","","-999.99","2.48","-999.99","-999.99","6a80b7863a81d30014ede80c"
"2026-08-15T19:01:40.000Z","","","SulisCam","","admin","","","","","","","sulis_20260815190140.jpg","","","","","","","","","","","","","","","","","","","","","","5.012","357.367","","","","","6a8330c73a81d30014ee26a8"
"2026-08-15T19:01:56.898Z","45.9261845","-129.9800336","ASNAP","","admin","","","","","","","","","","","","","","3488.58","1057.90","-2.4","-5.2","298.80","1510.51","5.75","SciCam","/SciCam.20260815_190156898.jpg","PilotCam","/PilotCam.20260815_190156898.jpg","BrowCam","/BrowCam.20260815_190156898.jpg","UserSelect","/UserSelect.20260815_190156898.jpg","","","-999.99","2.46","-999.99","-999.99","6a80b7a43a81d30014ede810"
"2026-08-15T19:02:15.000Z","","","SulisCam","","admin","","","","","","","sulis_20260815190215.jpg","","","","","","","","","","","","","","","","","","","","","","5.421","357.680","","","","","6a8330c73a81d30014ee26aa"
"2026-08-15T19:02:26.941Z","45.9261725","-129.9800580","ASNAP","","admin","","","","","","","","","","","","","","3486.68","1056.56","-2.2","-6.1","337.35","1511.71","5.13","SciCam","/SciCam.20260815_190226941.jpg","PilotCam","/PilotCam.20260815_190226941.jpg","BrowCam","/BrowCam.20260815_190226941.jpg","UserSelect","/UserSelect.20260815_190226941.jpg","","","-999.99","2.39","-999.99","-999.99","6a80b7c23a81d30014ede814"
"2026-08-15T19:02:47.000Z","","","SulisCam","","admin","","","","","","","sulis_20260815190247.jpg","","","","","","","","","","","","","","","","","","","","","","5.991","358.058","","","","","6a8330c73a81d30014ee26ac"
"2026-08-15T19:02:56.965Z","45.9261557","-129.9800537","ASNAP","","admin","","","","","","","","","","","","","","3487.02","1054.70","-2.5","-5.9","339.77","1512.76","4.27","SciCam","/SciCam.20260815_190256965.jpg","PilotCam","/PilotCam.20260815_190256965.jpg","BrowCam","/BrowCam.20260815_190256965.jpg","UserSelect","/UserSelect.20260815_190256965.jpg","","","-999.99","2.30","-999.99","-999.99","6a80b7e03a81d30014ede818"
"2026-08-15T19:03:26.984Z","45.9261527","-129.9800408","ASNAP","","admin","","","","","","","","","","","","","","3488.02","1054.36","-2.0","-5.8","341.31","1513.99","2.77","SciCam","/SciCam.20260815_190326984.jpg","PilotCam","/PilotCam.20260815_190326984.jpg","BrowCam","/BrowCam.20260815_190326984.jpg","UserSelect","/UserSelect.20260815_190326984.jpg","","","-999.99","2.32","-999.99","-999.99","6a80b7fe3a81d30014ede81c"
"2026-08-15T19:03:32.000Z","","","SulisCam","","admin","","","","","","","sulis_20260815190332.jpg","","","","","","","","","","","","","","","","","","","","","","5.878","357.770","","","","","6a8330c73a81d30014ee26ae"
"2026-08-15T19:03:50.421Z","45.9261560","-129.9800391","HIGHLIGHTS","","guest","","","","","","4K highlights start","","","","","","","","3488.15","1054.73","-2.3","-5.8","340.99","1513.57","3.04","SciCam","/SciCam.20260815_190350421.jpg","PilotCam","/PilotCam.20260815_190350421.jpg","BrowCam","/BrowCam.20260815_190350421.jpg","UserSelect","/UserSelect.20260815_190350421.jpg","","","-999.99","2.41","-999.99","-999.99","6a80b8163a81d30014ede820"
"2026-08-15T19:03:57.025Z","45.9261567","-129.9800413","ASNAP","","admin","","","","","","","","","","","","","","3487.98","1054.81","-2.6","-5.7","341.53","1513.33","3.45","SciCam","/SciCam.20260815_190357025.jpg","PilotCam","/PilotCam.20260815_190357025.jpg","BrowCam","/BrowCam.20260815_190357025.jpg","UserSelect","/UserSelect.20260815_190357025.jpg","","","-999.99","2.63","-999.99","-999.99","6a80b81d3a81d30014ede824"
"2026-08-15T19:04:01.000Z","","","SulisCam","","admin","","","","","","","sulis_20260815190401.jpg","","","","","","","","","","","","","","","","","","","","","","5.813","357.447","","","","","6a8330c73a81d30014ee26b0"
"2026-08-15T19:04:27.068Z","45.9261619","-129.9800547","ASNAP","","admin","","","","","","","","","","","","","","3486.94","1055.39","-2.4","-5.8","356.60","1512.81","3.99","SciCam","/SciCam.20260815_190427068.jpg","PilotCam","/PilotCam.20260815_190427068.jpg","BrowCam","/BrowCam.20260815_190427068.jpg","UserSelect","/UserSelect.20260815_190427068.jpg","","","-999.99","2.34","-999.99","-999.99","6a80b83b3a81d30014ede828"
"2026-08-15T19:04:38.000Z","","","SulisCam","","admin","","","","","","","sulis_20260815190438.jpg","","","","","","","","","","","","","","","","","","","","","","5.760","357.669","","","","","6a8330c73a81d30014ee26b2"
"2026-08-15T19:04:49.000Z","","","SulisCam","","admin","","","","","","","sulis_20260815190449.jpg","","","","","","","","","","","","","","","","","","","","","","5.820","357.729","","","","","6a8330c73a81d30014ee26b4"
"2026-08-15T19:04:57.113Z","45.9261710","-129.9800636","ASNAP","","admin","","","","","","","","","","","","","","3486.25","1056.40","-2.3","-5.9","2.46","1512.14","4.60","SciCam","/SciCam.20260815_190457113.jpg","PilotCam","/PilotCam.20260815_190457113.jpg","BrowCam","/BrowCam.20260815_190457113.jpg","UserSelect","/UserSelect.20260815_190457113.jpg","","","-999.99","2.23","-999.99","-999.99","6a80b8593a81d30014ede82c"
"2026-08-15T19:05:01.000Z","","","SulisCam","","admin","","","","","","","sulis_20260815190501.jpg","","","","","","","","","","","","","","","","","","","","","","5.801","357.538","","","","","6a8330c73a81d30014ee26b6"
"2026-08-15T19:05:21.000Z","","","SulisCam","","admin","","","","","","","sulis_20260815190521.jpg","","","","","","","","","","","","","","","","","","","","","","5.688","357.752","","","","","6a8330c73a81d30014ee26b8"
"2026-08-15T19:05:27.133Z","45.9261758","-129.9800559","ASNAP","","admin","","","","","","","","","","","","","","3486.85","1056.93","-2.6","-5.8","349.74","1511.34","5.29","SciCam","/SciCam.20260815_190527133.jpg","PilotCam","/PilotCam.20260815_190527133.jpg","BrowCam","/BrowCam.20260815_190527133.jpg","UserSelect","/UserSelect.20260815_190527133.jpg","","","-999.99","2.42","-999.99","-999.99","6a80b8773a81d30014ede830"
"2026-08-15T19:05:57.178Z","45.9261778","-129.9800383","ASNAP","","admin","","","","","","","","","","","","","","3488.21","1057.15","-2.5","-5.6","326.96","1510.27","6.38","SciCam","/SciCam.20260815_190557178.jpg","PilotCam","/PilotCam.20260815_190557178.jpg","BrowCam","/BrowCam.20260815_190557178.jpg","UserSelect","/UserSelect.20260815_190557178.jpg","","","-999.99","2.47","-999.99","-999.99","6a80b8953a81d30014ede834"
"2026-08-15T19:06:24.000Z","","","SulisCam","","admin","","","","","","","sulis_20260815190624.jpg","","","","","","","","","","","","","","","","","","","","","","5.515","357.283","","","","","6a8330c83a81d30014ee26ba"
"2026-08-15T19:06:27.223Z","45.9261932","-129.9800250","ASNAP","","admin","","","","","","","","","","","","","","3489.24","1058.86","-2.7","-5.7","298.09","1508.85","7.10","SciCam","/SciCam.20260815_190627223.jpg","PilotCam","/PilotCam.20260815_190627223.jpg","BrowCam","/BrowCam.20260815_190627223.jpg","UserSelect","/UserSelect.20260815_190627223.jpg","","","-999.99","2.53","-999.99","-999.99","6a80b8b33a81d30014ede838"
"2026-08-15T19:06:54.000Z","","","SulisCam","","admin","","","","","","","sulis_20260815190654.jpg","","","","","","","","","","","","","","","","","","","","","","5.731","357.117","","","","","6a8330c83a81d30014ee26bc"
"2026-08-15T19:06:57.265Z","45.9262129","-129.9800298","ASNAP","","admin","","","","","","","","","","","","","","3488.87","1061.05","-2.9","-5.7","249.31","1508.08","5.47","SciCam","/SciCam.20260815_190657265.jpg","PilotCam","/PilotCam.20260815_190657265.jpg","BrowCam","/BrowCam.20260815_190657265.jpg","UserSelect","/UserSelect.20260815_190657265.jpg","","","-999.99","2.53","-999.99","-999.99","6a80b8d13a81d30014ede83c"
"2026-08-15T19:07:15.000Z","","","SulisCam","","admin","","","","","","","sulis_20260815190715.jpg","","","","","","","","","","","","","","","","","","","","","","5.713","356.882","","","","","6a8330c83a81d30014ee26be"
"2026-08-15T19:07:27.290Z","45.9262264","-129.9800439","ASNAP","","admin","","","","","","","","","","","","","","3487.78","1062.55","-3.0","-5.6","222.09","1507.59","5.67","SciCam","/SciCam.20260815_190727290.jpg","PilotCam","/PilotCam.20260815_190727290.jpg","BrowCam","/BrowCam.20260815_190727290.jpg","UserSelect","/UserSelect.20260815_190727290.jpg","","","-999.99","2.35","-999.99","-999.99","6a80b8ef3a81d30014ede840"
"2026-08-15T19:07:41.000Z","","","SulisCam","","admin","","","","","","","sulis_20260815190741.jpg","","","","","","","","","","","","","","","","","","","","","","5.730","357.129","","","","","6a8330c83a81d30014ee26c0"
"2026-08-15T19:07:57.333Z","45.9262435","-129.9800528","ASNAP","","admin","","","","","","","","","","","","","","3487.09","1064.46","-3.1","-5.8","195.99","1506.64","6.95","SciCam","/SciCam.20260815_190757333.jpg","PilotCam","/PilotCam.20260815_190757333.jpg","BrowCam","/BrowCam.20260815_190757333.jpg","UserSelect","/UserSelect.20260815_190757333.jpg","","","-999.99","2.37","-999.99","-999.99","6a80b90d3a81d30014ede844"
"2026-08-15T19:08:10.000Z","","","SulisCam","","admin","","","","","","","sulis_20260815190810.jpg","","","","","","","","","","","","","","","","","","","","","","5.847","356.806","","","","","6a8330c83a81d30014ee26c2"
"2026-08-15T19:08:27.354Z","45.9262574","-129.9800695","ASNAP","","admin","","","","","","","","","","","","","","3485.79","1066.00","-3.0","-5.7","194.69","1506.64","7.96","SciCam","/SciCam.20260815_190827354.jpg","PilotCam","/PilotCam.20260815_190827354.jpg","BrowCam","/BrowCam.20260815_190827354.jpg","UserSelect","/UserSelect.20260815_190827354.jpg","","","-999.99","2.34","-999.99","-999.99","6a80b92b3a81d30014ede848"
"2026-08-15T19:08:57.397Z","45.9262568","-129.9800681","ASNAP","","admin","","","","","","","","","","","","","","3485.90","1065.93","-3.1","-5.7","195.17","1506.66","7.96","SciCam","/SciCam.20260815_190857397.jpg","PilotCam","/PilotCam.20260815_190857397.jpg","BrowCam","/BrowCam.20260815_190857397.jpg","UserSelect","/UserSelect.20260815_190857397.jpg","","","-999.99","2.52","-999.99","-999.99","6a80b9493a81d30014ede84c"
"2026-08-15T19:09:27.442Z","45.9262568","-129.9800682","ASNAP","","admin","","","","","","","","","","","","","","3485.89","1065.94","-3.2","-5.7","195.03","1506.66","7.96","SciCam","/SciCam.20260815_190927442.jpg","PilotCam","/PilotCam.20260815_190927442.jpg","BrowCam","/BrowCam.20260815_190927442.jpg","UserSelect","/UserSelect.20260815_190927442.jpg","","","-999.99","2.42","-999.99","-999.99","6a80b9673a81d30014ede850"
"2026-08-15T19:09:28.000Z","","","SulisCam","","admin","","","","","","","sulis_20260815190928.jpg","","","","","","","","","","","","","","","","","","","","","","5.748","356.809","","","","","6a8330c83a81d30014ee26c4"
"2026-08-15T19:09:57.481Z","45.9262570","-129.9800685","ASNAP","","admin","","","","","","","","","","","","","","3485.87","1065.96","-3.1","-5.8","195.06","1506.67","8.04","SciCam","/SciCam.20260815_190957481.jpg","PilotCam","/PilotCam.20260815_190957481.jpg","BrowCam","/BrowCam.20260815_190957481.jpg","UserSelect","/UserSelect.20260815_190957481.jpg","","","-999.99","2.45","-999.99","-999.99","6a80b9853a81d30014ede854"
"2026-08-15T19:10:05.000Z","","","SulisCam","","admin","","","","","","","sulis_20260815191005.jpg","","","","","","","","","","","","","","","","","","","","","","5.866","356.931","","","","","6a8330c83a81d30014ee26c6"
"2026-08-15T19:10:10.000Z","","","SulisCam","","admin","","","","","","","sulis_20260815191010.jpg","","","","","","","","","","","","","","","","","","","","","","5.854","356.864","","","","","6a8330c83a81d30014ee26c8"
"2026-08-15T19:10:27.517Z","45.9262568","-129.9800687","ASNAP","","admin","","","","","","","","","","","","","","3485.85","1065.94","-3.4","-5.6","195.97","1506.69","7.99","SciCam","/SciCam.20260815_191027517.jpg","PilotCam","/PilotCam.20260815_191027517.jpg","BrowCam","/BrowCam.20260815_191027517.jpg","UserSelect","/UserSelect.20260815_191027517.jpg","","","-999.99","2.41","-999.99","-999.99","6a80b9a33a81d30014ede858"
"2026-08-15T19:10:33.075Z","45.9262567","-129.9800684","Biology Type","","guest","","","","","Bacterial mat","","","","","","","","","3485.88","1065.92","-2.9","-5.8","195.07","1506.66","7.96","SciCam","/SciCam.20260815_191033075.jpg","PilotCam","/PilotCam.20260815_191033075.jpg","BrowCam","/BrowCam.20260815_191033075.jpg","UserSelect","/UserSelect.20260815_191033075.jpg","","","-999.99","2.46","-999.99","-999.99","6a80b9a93a81d30014ede85c"
"2026-08-15T19:10:34.000Z","","","SulisCam","","admin","","","","","","","sulis_20260815191034.jpg","","","","","","","","","","","","","","","","","","","","","","5.863","356.973","","","","","6a8330c83a81d30014ee26ca"
"2026-08-15T19:10:47.213Z","45.9262570","-129.9800687","Biology Type","","guest","","","","","Crab","","","","","","","","","3485.85","1065.96","-3.0","-5.8","195.38","1506.65","8.02","SciCam","/SciCam.20260815_191047213.jpg","PilotCam","/PilotCam.20260815_191047213.jpg","BrowCam","/BrowCam.20260815_191047213.jpg","UserSelect","/UserSelect.20260815_191047213.jpg","","","-999.99","2.45","-999.99","-999.99","6a80b9b73a81d30014ede860"
"2026-08-15T19:10:57.000Z","","","SulisCam","","admin","","","","","","","sulis_20260815191057.jpg","","","","","","","","","","","","","","","","","","","","","","5.748","356.944","","","","","6a8330c83a81d30014ee26cc"
"2026-08-15T19:10:57.561Z","45.9262570","-129.9800686","ASNAP","","admin","","","","","","","","","","","","","","3485.86","1065.96","-3.1","-5.7","195.05","1506.64","7.99","SciCam","/SciCam.20260815_191057561.jpg","PilotCam","/PilotCam.20260815_191057561.jpg","BrowCam","/BrowCam.20260815_191057561.jpg","UserSelect","/UserSelect.20260815_191057561.jpg","","","-999.99","2.46","-999.99","-999.99","6a80b9c13a81d30014ede864"
"2026-08-15T19:11:10.000Z","","","SulisCam","","admin","","","","","","","sulis_20260815191110.jpg","","","","","","","","","","","","","","","","","","","","","","5.675","356.874","","","","","6a8330c83a81d30014ee26ce"
"2026-08-15T19:11:27.605Z","45.9262568","-129.9800687","ASNAP","","admin","","","","","","","","","","","","","","3485.85","1065.94","-3.1","-5.7","195.01","1506.65","8.02","SciCam","/SciCam.20260815_191127605.jpg","PilotCam","/PilotCam.20260815_191127605.jpg","BrowCam","/BrowCam.20260815_191127605.jpg","UserSelect","/UserSelect.20260815_191127605.jpg","","","-999.99","2.46","-999.99","-999.99","6a80b9df3a81d30014ede868"
"2026-08-15T19:11:30.000Z","","","SulisCam","","admin","","","","","","","sulis_20260815191130.jpg","","","","","","","","","","","","","","","","","","","","","","5.634","356.826","","","","","6a8330c83a81d30014ee26d0"
"2026-08-15T19:11:32.063Z","45.9262568","-129.9800690","Biology Type","","guest","","","","","Squat lobster","","","","","","","","","3485.83","1065.94","-3.0","-5.8","196.36","1506.66","7.99","SciCam","/SciCam.20260815_191132063.jpg","PilotCam","/PilotCam.20260815_191132063.jpg","BrowCam","/BrowCam.20260815_191132063.jpg","UserSelect","/UserSelect.20260815_191132063.jpg","","","-999.99","2.44","-999.99","-999.99","6a80b9e43a81d30014ede86c"
"2026-08-15T19:11:57.650Z","45.9262570","-129.9800686","ASNAP","","admin","","","","","","","","","","","","","","3485.86","1065.96","-3.0","-5.7","195.11","1506.67","7.96","SciCam","/SciCam.20260815_191157650.jpg","PilotCam","/PilotCam.20260815_191157650.jpg","BrowCam","/BrowCam.20260815_191157650.jpg","UserSelect","/UserSelect.20260815_191157650.jpg","","","-999.99","2.46","-999.99","-999.99","6a80b9fd3a81d30014ede870"
"2026-08-15T19:12:04.000Z","","","SulisCam","","admin","","","","","","","sulis_20260815191204.jpg","","","","","","","","","","","","","","","","","","","","","","5.818","356.755","","","","","6a8330c83a81d30014ee26d2"
"2026-08-15T19:12:14.353Z","45.9262568","-129.9800684","Biology Type","","guest","","","","","Bacterial mat","","","","","","","","","3485.88","1065.93","-3.1","-5.7","194.86","1506.65","8.04","SciCam","/SciCam.20260815_191214353.jpg","PilotCam","/PilotCam.20260815_191214353.jpg","BrowCam","/BrowCam.20260815_191214353.jpg","UserSelect","/UserSelect.20260815_191214353.jpg","","","-999.99","2.47","-999.99","-999.99","6a80ba0e3a81d30014ede874"
"2026-08-15T19:12:27.670Z","45.9262568","-129.9800686","ASNAP","","admin","","","","","","","","","","","","","","3485.86","1065.93","-3.1","-5.7","195.02","1506.66","7.99","SciCam","/SciCam.20260815_191227670.jpg","PilotCam","/PilotCam.20260815_191227670.jpg","BrowCam","/BrowCam.20260815_191227670.jpg","UserSelect","/UserSelect.20260815_191227670.jpg","","","-999.99","2.44","-999.99","-999.99","6a80ba1b3a81d30014ede878"
"2026-08-15T19:12:57.713Z","45.9262603","-129.9800669","ASNAP","","admin","","","","","","","","","","","","","","3485.99","1066.32","-3.2","-5.7","193.17","1506.66","7.94","SciCam","/SciCam.20260815_191257713.jpg","PilotCam","/PilotCam.20260815_191257713.jpg","BrowCam","/BrowCam.20260815_191257713.jpg","UserSelect","/UserSelect.20260815_191257713.jpg","","","-999.99","2.44","-999.99","-999.99","6a80ba393a81d30014ede87c"
"2026-08-15T19:13:07.289Z","45.9262598","-129.9800693","FREE_FORM","Good view","guest","","","","","","","","","","","","","","3485.81","1066.27","-3.2","-5.8","188.40","1506.68","7.94","SciCam","/SciCam.20260815_191307289.jpg","PilotCam","/PilotCam.20260815_191307289.jpg","BrowCam","/BrowCam.20260815_191307289.jpg","UserSelect","/UserSelect.20260815_191307289.jpg","","","-999.99","2.44","-999.99","-999.99","6a80ba433a81d30014ede880"
"2026-08-15T19:13:27.757Z","45.9262585","-129.9800788","ASNAP","","admin","","","","","","","","","","","","","","3485.07","1066.12","-3.2","-5.9","182.70","1506.64","7.91","SciCam","/SciCam.20260815_191327757.jpg","PilotCam","/PilotCam.20260815_191327757.jpg","BrowCam","/BrowCam.20260815_191327757.jpg","UserSelect","/UserSelect.20260815_191327757.jpg","","","-999.99","2.44","-999.99","-999.99","6a80ba573a81d30014ede884"
"2026-08-15T19:13:57.801Z","45.9262584","-129.9801061","ASNAP","","admin","","","","","","","","","","","","","","3482.95","1066.11","-3.2","-5.9","162.40","1506.59","8.65","SciCam","/SciCam.20260815_191357801.jpg","PilotCam","/PilotCam.20260815_191357801.jpg","BrowCam","/BrowCam.20260815_191357801.jpg","UserSelect","/UserSelect.20260815_191357801.jpg","","","-999.99","2.47","-999.99","-999.99","6a80ba753a81d30014ede888"
"2026-08-15T19:14:22.952Z","45.9262490","-129.9801305","Geologic Formations","","guest","","","","","","","","","","","Pillars","","","3481.06","1065.07","-3.3","-5.9","143.25","1506.63","9.24","SciCam","/SciCam.20260815_191422952.jpg","PilotCam","/PilotCam.20260815_191422952.jpg","BrowCam","/BrowCam.20260815_191422952.jpg","UserSelect","/UserSelect.20260815_191422952.jpg","","","-999.99","2.50","-999.99","-999.99","6a80ba8e3a81d30014ede88c"
"2026-08-15T19:14:27.846Z","45.9262466","-129.9801320","ASNAP","","admin","","","","","","","","","","","","","","3480.94","1064.80","-3.1","-5.9","140.53","1506.64","9.19","SciCam","/SciCam.20260815_191427846.jpg","PilotCam","/PilotCam.20260815_191427846.jpg","BrowCam","/BrowCam.20260815_191427846.jpg","UserSelect","/UserSelect.20260815_191427846.jpg","","","-999.99","2.50","-999.99","-999.99","6a80ba933a81d30014ede890"
"2026-08-15T19:14:57.889Z","45.9262318","-129.9801441","ASNAP","","admin","","","","","","","","","","","","","","3480.00","1063.16","-3.1","-5.9","121.17","1506.65","9.37","SciCam","/SciCam.20260815_191457889.jpg","PilotCam","/PilotCam.20260815_191457889.jpg","BrowCam","/BrowCam.20260815_191457889.jpg","UserSelect","/UserSelect.20260815_191457889.jpg","","","-999.99","2.63","-999.99","-999.99","6a80bab13a81d30014ede894"
"2026-08-15T19:15:27.934Z","45.9262098","-129.9801518","ASNAP","","admin","","","","","","","","","","","","","","3479.41","1060.71","-3.0","-6.0","98.80","1506.64","9.72","SciCam","/SciCam.20260815_191527934.jpg","PilotCam","/PilotCam.20260815_191527934.jpg","BrowCam","/BrowCam.20260815_191527934.jpg","UserSelect","/UserSelect.20260815_191527934.jpg","","","-999.99","2.62","-999.99","-999.99","6a80bacf3a81d30014ede898"
"2026-08-15T19:15:38.233Z","45.9262012","-129.9801502","FREE_FORM","castle","guest","","","","","","","","","","","","","","3479.53","1059.75","-3.0","-6.1","90.58","1506.63","9.65","SciCam","/SciCam.20260815_191538233.jpg","PilotCam","/PilotCam.20260815_191538233.jpg","BrowCam","/BrowCam.20260815_191538233.jpg","UserSelect","/UserSelect.20260815_191538233.jpg","","","-999.99","2.56","-999.99","-999.99","6a80bada3a81d30014ede89c"
"2026-08-15T19:15:57.979Z","45.9261839","-129.9801414","ASNAP","","admin","","","","","","","","","","","","","","3480.21","1057.83","-2.9","-6.1","73.53","1506.60","9.54","SciCam","/SciCam.20260815_191557979.jpg","PilotCam","/PilotCam.20260815_191557979.jpg","BrowCam","/BrowCam.20260815_191557979.jpg","UserSelect","/UserSelect.20260815_191557979.jpg","","","-999.99","2.55","-999.99","-999.99","6a80baed3a81d30014ede8a0"
"2026-08-15T19:16:28.012Z","45.9261554","-129.9801166","ASNAP","","admin","","","","","","","","","","","","","","3482.14","1054.66","-2.8","-6.0","39.46","1506.58","9.95","SciCam","/SciCam.20260815_191628012.jpg","PilotCam","/PilotCam.20260815_191628012.jpg","BrowCam","/BrowCam.20260815_191628012.jpg","UserSelect","/UserSelect.20260815_191628012.jpg","","","-999.99","2.48","-999.99","-999.99","6a80bb0c3a81d30014ede8a4"
"2026-08-15T19:16:58.057Z","45.9261417","-129.9800529","ASNAP","","admin","","","","","","","","","","","","","","3487.08","1053.14","-2.8","-6.0","356.81","1506.60","10.41","SciCam","/SciCam.20260815_191658057.jpg","PilotCam","/PilotCam.20260815_191658057.jpg","BrowCam","/BrowCam.20260815_191658057.jpg","UserSelect","/UserSelect.20260815_191658057.jpg","","","-999.99","2.43","-999.99","-999.99","6a80bb2a3a81d30014ede8a8"
"2026-08-15T19:17:05.774Z","45.9261433","-129.9800364","FREE_FORM","castle","guest","","","","","","","","","","","","","","3488.36","1053.32","-2.8","-5.9","346.94","1506.60","10.51","SciCam","/SciCam.20260815_191705774.jpg","PilotCam","/PilotCam.20260815_191705774.jpg","BrowCam","/BrowCam.20260815_191705774.jpg","UserSelect","/UserSelect.20260815_191705774.jpg","","","-999.99","2.43","-999.99","-999.99","6a80bb313a81d30014ede8ac"
"2026-08-15T19:17:28.101Z","45.9261657","-129.9799984","ASNAP","","admin","","","","","","","","","","","","","","3491.31","1055.81","-2.8","-5.8","314.74","1506.63","9.80","SciCam","/SciCam.20260815_191728101.jpg","PilotCam","/PilotCam.20260815_191728101.jpg","BrowCam","/BrowCam.20260815_191728101.jpg","UserSelect","/UserSelect.20260815_191728101.jpg","","","-999.99","2.35","-999.99","-999.99","6a80bb483a81d30014ede8b0"
"2026-08-15T19:17:45.886Z","45.9261919","-129.9799859","FREE_FORM","castle","guest","","","","","","","","","","","","","","3492.28","1058.72","-2.9","-5.7","290.97","1506.63","8.86","SciCam","/SciCam.20260815_191745886.jpg","PilotCam","/PilotCam.20260815_191745886.jpg","BrowCam","/BrowCam.20260815_191745886.jpg","UserSelect","/UserSelect.20260815_191745886.jpg","","","-999.99","2.43","-999.99","-999.99","6a80bb593a81d30014ede8b4"
"2026-08-15T19:17:58.146Z","45.9262123","-129.9799853","ASNAP","","admin","","","","","","","","","","","","","","3492.32","1060.99","-3.0","-5.7","271.87","1506.64","7.68","SciCam","/SciCam.20260815_191758146.jpg","PilotCam","/PilotCam.20260815_191758146.jpg","BrowCam","/BrowCam.20260815_191758146.jpg","UserSelect","/UserSelect.20260815_191758146.jpg","","","-999.99","2.40","-999.99","-999.99","6a80bb663a81d30014ede8b8"
"2026-08-15T19:18:28.190Z","45.9262475","-129.9800096","ASNAP","","admin","","","","","","","","","","","","","","3490.44","1064.90","-3.1","-5.7","227.53","1506.65","5.67","SciCam","/SciCam.20260815_191828190.jpg","PilotCam","/PilotCam.20260815_191828190.jpg","BrowCam","/BrowCam.20260815_191828190.jpg","UserSelect","/UserSelect.20260815_191828190.jpg","","","-999.99","2.46","-999.99","-999.99","6a80bb843a81d30014ede8bc"
"2026-08-15T19:18:58.235Z","45.9262639","-129.9800550","ASNAP","","admin","","","","","","","","","","","","","","3486.92","1066.72","-3.1","-5.7","199.68","1506.65","7.86","SciCam","/SciCam.20260815_191858235.jpg","PilotCam","/PilotCam.20260815_191858235.jpg","BrowCam","/BrowCam.20260815_191858235.jpg","UserSelect","/UserSelect.20260815_191858235.jpg","","","-999.99","2.49","-999.99","-999.99","6a80bba23a81d30014ede8c0"
"2026-08-15T19:19:28.263Z","45.9262585","-129.9800632","ASNAP","","admin","","","","","","","","","","","","","","3486.28","1066.12","-3.2","-5.8","198.44","1506.67","8.04","SciCam","/SciCam.20260815_191928263.jpg","PilotCam","/PilotCam.20260815_191928263.jpg","BrowCam","/BrowCam.20260815_191928263.jpg","UserSelect","/UserSelect.20260815_191928263.jpg","","","-999.99","2.45","-999.99","-999.99","6a80bbc03a81d30014ede8c4"
"2026-08-15T19:19:58.305Z","45.9262592","-129.9800631","ASNAP","","admin","","","","","","","","","","","","","","3486.29","1066.20","-3.3","-5.6","202.95","1506.66","7.91","SciCam","/SciCam.20260815_191958305.jpg","PilotCam","/PilotCam.20260815_191958305.jpg","BrowCam","/BrowCam.20260815_191958305.jpg","UserSelect","/UserSelect.20260815_191958305.jpg","","","-999.99","2.47","-999.99","-999.99","6a80bbde3a81d30014ede8c8"
"2026-08-15T19:20:09.697Z","45.9262654","-129.9800626","HIGHLIGHTS","","guest","","","","","","4K highlights stop","","","","","","","","3486.33","1066.89","-3.0","-5.4","294.56","1506.64","6.56","SciCam","/SciCam.20260815_192009697.jpg","PilotCam","/PilotCam.20260815_192009697.jpg","BrowCam","/BrowCam.20260815_192009697.jpg","UserSelect","/UserSelect.20260815_192009697.jpg","","","-999.99","2.47","-999.99","-999.99","6a80bbe93a81d30014ede8cc"
"2026-08-15T19:20:15.615Z","45.9262627","-129.9800553","NAV","100m west","guest","","","","Ship moving","","","","","","","","","","3486.89","1066.59","-2.7","-5.6","344.12","1506.56","7.20","SciCam","/SciCam.20260815_192015615.jpg","PilotCam","/PilotCam.20260815_192015615.jpg","BrowCam","/BrowCam.20260815_192015615.jpg","UserSelect","/UserSelect.20260815_192015615.jpg","","","-999.99","2.50","-999.99","-999.99","6a80bbef3a81d30014ede8d0"
"2026-08-15T19:20:28.326Z","45.9262503","-129.9800479","ASNAP","","admin","","","","","","","","","","","","","","3487.47","1065.21","-3.0","-6.1","82.09","1506.65","6.85","SciCam","/SciCam.20260815_192028326.jpg","PilotCam","/PilotCam.20260815_192028326.jpg","BrowCam","/BrowCam.20260815_192028326.jpg","UserSelect","/UserSelect.20260815_192028326.jpg","","","-999.99","2.46","-999.99","-999.99","6a80bbfc3a81d30014ede8d4"
"2026-08-15T19:20:58.365Z","45.9262589","-129.9800699","ASNAP","","admin","","","","","","","","","","","","","","3485.76","1066.17","-3.3","-5.4","248.61","1506.74","6.89","SciCam","/SciCam.20260815_192058365.jpg","PilotCam","/PilotCam.20260815_192058365.jpg","BrowCam","/BrowCam.20260815_192058365.jpg","UserSelect","/UserSelect.20260815_192058365.jpg","","","-999.99","2.41","-999.99","-999.99","6a80bc1a3a81d30014ede8d8"
"2026-08-15T19:21:28.401Z","45.9262787","-129.9801198","ASNAP","","admin","","","","","","","","","","","","","","3481.89","1068.37","-3.1","-5.4","255.67","1507.04","8.04","SciCam","/SciCam.20260815_192128401.jpg","PilotCam","/PilotCam.20260815_192128401.jpg","BrowCam","/BrowCam.20260815_192128401.jpg","UserSelect","/UserSelect.20260815_192128401.jpg","","","-999.99","2.43","-999.99","-999.99","6a80bc383a81d30014ede8dc"
"2026-08-15T19:21:58.441Z","45.9262853","-129.9801658","ASNAP","","admin","","","","","","","","","","","","","","3478.32","1069.10","-3.0","-5.7","253.79","1507.07","8.53","SciCam","/SciCam.20260815_192158441.jpg","PilotCam","/PilotCam.20260815_192158441.jpg","BrowCam","/BrowCam.20260815_192158441.jpg","UserSelect","/UserSelect.20260815_192158441.jpg","","","-999.99","2.47","-999.99","-999.99","6a80bc563a81d30014ede8e0"
"2026-08-15T19:22:28.485Z","45.9262790","-129.9802168","ASNAP","","admin","","","","","","","","","","","","","","3474.36","1068.40","-3.1","-5.7","252.91","1507.11","8.93","SciCam","/SciCam.20260815_192228485.jpg","PilotCam","/PilotCam.20260815_192228485.jpg","BrowCam","/BrowCam.20260815_192228485.jpg","UserSelect","/UserSelect.20260815_192228485.jpg","","","-999.99","2.46","-999.99","-999.99","6a80bc743a81d30014ede8e4"
"2026-08-15T19:22:58.517Z","45.9262638","-129.9803064","ASNAP","","admin","","","","","","","","","","","","","","3467.41","1066.71","-3.0","-5.2","250.52","1507.03","10.03","SciCam","/SciCam.20260815_192258517.jpg","PilotCam","/PilotCam.20260815_192258517.jpg","BrowCam","/BrowCam.20260815_192258517.jpg","UserSelect","/UserSelect.20260815_192258517.jpg","","","-999.99","2.44","-999.99","-999.99","6a80bc923a81d30014ede8e8"
"2026-08-15T19:23:28.561Z","45.9262664","-129.9803517","ASNAP","","admin","","","","","","","","","","","","","","3463.90","1067.00","-3.0","-5.4","250.24","1508.67","9.16","SciCam","/SciCam.20260815_192328561.jpg","PilotCam","/PilotCam.20260815_192328561.jpg","BrowCam","/BrowCam.20260815_192328561.jpg","UserSelect","/UserSelect.20260815_192328561.jpg","","","-999.99","2.42","-999.99","-999.99","6a80bcb03a81d30014ede8ec"
"2026-08-15T19:23:58.588Z","45.9262783","-129.9803754","ASNAP","","admin","","","","","","","","","","","","","","3462.06","1068.32","-2.8","-5.5","251.12","1512.53","5.95","SciCam","/SciCam.20260815_192358588.jpg","PilotCam","/PilotCam.20260815_192358588.jpg","BrowCam","/BrowCam.20260815_192358588.jpg","UserSelect","/UserSelect.20260815_192358588.jpg","","","-999.99","2.42","-999.99","-999.99","6a80bcce3a81d30014ede8f0"
"2026-08-15T19:24:28.626Z","45.9262690","-129.9804037","ASNAP","","admin","","","","","","","","","","","","","","3459.86","1067.29","-3.0","-5.4","250.65","1513.22","5.24","SciCam","/SciCam.20260815_192428626.jpg","PilotCam","/PilotCam.20260815_192428626.jpg","BrowCam","/BrowCam.20260815_192428626.jpg","UserSelect","/UserSelect.20260815_192428626.jpg","","","-999.99","2.43","-999.99","-999.99","6a80bcec3a81d30014ede8f4"
"2026-08-15T19:24:58.641Z","45.9262332","-129.9804563","ASNAP","","admin","","","","","","","","","","","","","","3455.78","1063.31","-3.2","-5.4","250.05","1513.31","5.13","SciCam","/SciCam.20260815_192458641.jpg","PilotCam","/PilotCam.20260815_192458641.jpg","BrowCam","/BrowCam.20260815_192458641.jpg","UserSelect","/UserSelect.20260815_192458641.jpg","","","-999.99","2.43","-999.99","-999.99","6a80bd0a3a81d30014ede8f8"
"2026-08-15T19:25:08.464Z","45.9262186","-129.9804844","FREE_FORM","Continued move","guest","","","","","","","","","","","","","","3453.60","1061.69","-3.0","-5.2","238.00","1513.45","5.11","SciCam","/SciCam.20260815_192508464.jpg","PilotCam","/PilotCam.20260815_192508464.jpg","BrowCam","/BrowCam.20260815_192508464.jpg","UserSelect","/UserSelect.20260815_192508464.jpg","","","-999.99","2.39","-999.99","-999.99","6a80bd143a81d30014ede8fc"
"2026-08-15T19:25:28.685Z","45.9262041","-129.9805415","ASNAP","","admin","","","","","","","","","","","","","","3449.17","1060.08","-3.2","-5.5","221.51","1513.76","5.01","SciCam","/SciCam.20260815_192528685.jpg","PilotCam","/PilotCam.20260815_192528685.jpg","BrowCam","/BrowCam.20260815_192528685.jpg","UserSelect","/UserSelect.20260815_192528685.jpg","","","-999.99","2.43","-999.99","-999.99","6a80bd283a81d30014ede900"
"2026-08-15T19:25:58.730Z","45.9261633","-129.9805886","ASNAP","","admin","","","","","","","","","","","","","","3445.52","1055.54","-3.3","-5.4","211.80","1513.99","4.62","SciCam","/SciCam.20260815_192558730.jpg","PilotCam","/PilotCam.20260815_192558730.jpg","BrowCam","/BrowCam.20260815_192558730.jpg","UserSelect","/UserSelect.20260815_192558730.jpg","","","-999.99","2.48","-999.99","-999.99","6a80bd463a81d30014ede904"
"2026-08-15T19:26:28.775Z","45.9261235","-129.9806350","ASNAP","","admin","","","","","","","","","","","","","","3441.92","1051.12","-2.9","-5.1","224.05","1515.21","3.35","SciCam","/SciCam.20260815_192628775.jpg","PilotCam","/PilotCam.20260815_192628775.jpg","BrowCam","/BrowCam.20260815_192628775.jpg","UserSelect","/UserSelect.20260815_192628775.jpg","","","-999.99","2.45","-999.99","-999.99","6a80bd643a81d30014ede908"
"2026-08-15T19:26:58.797Z","45.9260953","-129.9806746","ASNAP","","admin","","","","","","","","","","","","","","3438.85","1047.98","-3.0","-5.2","235.76","1514.83","3.71","SciCam","/SciCam.20260815_192658797.jpg","PilotCam","/PilotCam.20260815_192658797.jpg","BrowCam","/BrowCam.20260815_192658797.jpg","UserSelect","/UserSelect.20260815_192658797.jpg","","","-999.99","2.44","-999.99","-999.99","6a80bd823a81d30014ede90c"
"2026-08-15T19:27:20.042Z","45.9260771","-129.9807066","Geologic Formations","","guest","","","","","","","","","","","Pillars","","","3436.36","1045.96","-3.1","-4.9","224.97","1514.85","3.45","SciCam","/SciCam.20260815_192720042.jpg","PilotCam","/PilotCam.20260815_192720042.jpg","BrowCam","/BrowCam.20260815_192720042.jpg","UserSelect","/UserSelect.20260815_192720042.jpg","","","-999.99","2.42","-999.99","-999.99","6a80bd983a81d30014ede910"
"2026-08-15T19:27:28.842Z","45.9260674","-129.9807168","ASNAP","","admin","","","","","","","","","","","","","","3435.57","1044.88","-3.1","-5.4","224.21","1515.03","3.22","SciCam","/SciCam.20260815_192728842.jpg","PilotCam","/PilotCam.20260815_192728842.jpg","BrowCam","/BrowCam.20260815_192728842.jpg","UserSelect","/UserSelect.20260815_192728842.jpg","","","-999.99","2.46","-999.99","-999.99","6a80bda03a81d30014ede914"
"2026-08-15T19:27:58.887Z","45.9260369","-129.9807264","ASNAP","","admin","","","","","","","","","","","","","","3434.83","1041.49","-2.8","-5.5","252.75","1515.61","3.04","SciCam","/SciCam.20260815_192758887.jpg","PilotCam","/PilotCam.20260815_192758887.jpg","BrowCam","/BrowCam.20260815_192758887.jpg","UserSelect","/UserSelect.20260815_192758887.jpg","","","-999.99","2.47","-999.99","-999.99","6a80bdbe3a81d30014ede918"
"2026-08-15T19:28:07.648Z","45.9260331","-129.9807291","Geologic Formations","Lava cavern","guest","","","","","","","","","","","","","","3434.62","1041.07","-2.9","-5.4","260.41","1515.84","2.92","SciCam","/SciCam.20260815_192807648.jpg","PilotCam","/PilotCam.20260815_192807648.jpg","BrowCam","/BrowCam.20260815_192807648.jpg","UserSelect","/UserSelect.20260815_192807648.jpg","","","-999.99","2.41","-999.99","-999.99","6a80bdc73a81d30014ede91c"
"2026-08-15T19:28:13.000Z","","","SulisCam","","admin","","","","","","","sulis_20260815192813.jpg","","","","","","","","","","","","","","","","","","","","","","5.489","357.284","","","","","6a8330c83a81d30014ee26d4"
"2026-08-15T19:28:28.902Z","45.9260335","-129.9807284","ASNAP","","admin","","","","","","","","","","","","","","3434.67","1041.11","-2.7","-5.5","260.78","1515.95","2.74","SciCam","/SciCam.20260815_192828902.jpg","PilotCam","/PilotCam.20260815_192828902.jpg","BrowCam","/BrowCam.20260815_192828902.jpg","UserSelect","/UserSelect.20260815_192828902.jpg","","","-999.99","2.41","-999.99","-999.99","6a80bddc3a81d30014ede920"
"2026-08-15T19:28:38.638Z","45.9260337","-129.9807286","HIGHLIGHTS","","guest","","","","","","4K highlights start","","","","","","","","3434.66","1041.14","-2.8","-5.5","259.99","1515.98","2.71","SciCam","/SciCam.20260815_192838638.jpg","PilotCam","/PilotCam.20260815_192838638.jpg","BrowCam","/BrowCam.20260815_192838638.jpg","UserSelect","/UserSelect.20260815_192838638.jpg","","","-999.99","2.43","-999.99","-999.99","6a80bde63a81d30014ede924"
"2026-08-15T19:28:58.925Z","45.9260332","-129.9807286","ASNAP","","admin","","","","","","","","","","","","","","3434.66","1041.08","-2.9","-5.5","259.22","1515.97","2.74","SciCam","/SciCam.20260815_192858925.jpg","PilotCam","/PilotCam.20260815_192858925.jpg","BrowCam","/BrowCam.20260815_192858925.jpg","UserSelect","/UserSelect.20260815_192858925.jpg","","","-999.99","2.41","-999.99","-999.99","6a80bdfa3a81d30014ede928"
"2026-08-15T19:29:28.970Z","45.9260293","-129.9807237","ASNAP","","admin","","","","","","","","","","","","","","3435.04","1040.65","-3.4","-5.6","236.76","1515.99","2.71","SciCam","/SciCam.20260815_192928970.jpg","PilotCam","/PilotCam.20260815_192928970.jpg","BrowCam","/BrowCam.20260815_192928970.jpg","UserSelect","/UserSelect.20260815_192928970.jpg","","","-999.99","2.46","-999.99","-999.99","6a80be183a81d30014ede92c"
"2026-08-15T19:29:59.015Z","45.9259867","-129.9807128","ASNAP","","admin","","","","","","","","","","","","","","3435.88","1035.91","-3.4","-5.6","187.49","1514.68","4.01","SciCam","/SciCam.20260815_192959015.jpg","PilotCam","/PilotCam.20260815_192959015.jpg","BrowCam","/BrowCam.20260815_192959015.jpg","UserSelect","/UserSelect.20260815_192959015.jpg","","","-999.99","2.41","-999.99","-999.99","6a80be373a81d30014ede930"
"2026-08-15T19:30:29.054Z","45.9259327","-129.9807121","ASNAP","","admin","","","","","","","","","","","","","","3435.94","1029.91","-2.9","-5.4","186.67","1514.90","3.56","SciCam","/SciCam.20260815_193029054.jpg","PilotCam","/PilotCam.20260815_193029054.jpg","BrowCam","/BrowCam.20260815_193029054.jpg","UserSelect","/UserSelect.20260815_193029054.jpg","","","-999.99","2.42","-999.99","-999.99","6a80be553a81d30014ede934"
"2026-08-15T19:30:49.073Z","45.9259047","-129.9806990","HIGHLIGHTS","","guest","","","","","","4K highlights stop","","","","","","","","3436.95","1026.80","-3.0","-5.4","186.94","1514.11","4.27","SciCam","/SciCam.20260815_193049073.jpg","PilotCam","/PilotCam.20260815_193049073.jpg","BrowCam","/BrowCam.20260815_193049073.jpg","UserSelect","/UserSelect.20260815_193049073.jpg","","","-999.99","2.44","-999.99","-999.99","6a80be693a81d30014ede938"
"2026-08-15T19:30:59.097Z","45.9258886","-129.9806992","ASNAP","","admin","","","","","","","","","","","","","","3436.94","1025.01","-1.7","-5.6","188.61","1514.23","3.99","SciCam","/SciCam.20260815_193059097.jpg","PilotCam","/PilotCam.20260815_193059097.jpg","BrowCam","/BrowCam.20260815_193059097.jpg","UserSelect","/UserSelect.20260815_193059097.jpg","","","-999.99","2.37","-999.99","-999.99","6a80be733a81d30014ede93c"
"2026-08-15T19:31:19.289Z","45.9258653","-129.9807091","NAV","Ship stop","guest","","","","","","","","","","","","","","3436.17","1022.42","-2.9","-5.4","203.59","1515.08","3.17","SciCam","/SciCam.20260815_193119289.jpg","PilotCam","/PilotCam.20260815_193119289.jpg","BrowCam","/BrowCam.20260815_193119289.jpg","UserSelect","/UserSelect.20260815_193119289.jpg","","","-999.99","2.42","-999.99","-999.99","6a80be873a81d30014ede940"
"2026-08-15T19:31:29.137Z","45.9258573","-129.9807220","ASNAP","","admin","","","","","","","","","","","","","","3435.17","1021.53","-3.9","-5.5","205.42","1515.10","2.89","SciCam","/SciCam.20260815_193129137.jpg","PilotCam","/PilotCam.20260815_193129137.jpg","BrowCam","/BrowCam.20260815_193129137.jpg","UserSelect","/UserSelect.20260815_193129137.jpg","","","-999.99","2.42","-999.99","-999.99","6a80be913a81d30014ede944"
"2026-08-15T19:31:59.160Z","45.9258248","-129.9807492","ASNAP","","admin","","","","","","","","","","","","","","3433.06","1017.92","-3.0","-5.7","204.00","1514.50","3.12","SciCam","/SciCam.20260815_193159160.jpg","PilotCam","/PilotCam.20260815_193159160.jpg","BrowCam","/BrowCam.20260815_193159160.jpg","UserSelect","/UserSelect.20260815_193159160.jpg","","","-999.99","2.39","-999.99","-999.99","6a80beaf3a81d30014ede948"
"2026-08-15T19:32:07.329Z","45.9258145","-129.9807572","Geologic Formations","Lava flow","guest","","","","","","","","","","","","","","3432.44","1016.77","-2.9","-5.5","203.95","1514.30","3.33","SciCam","/SciCam.20260815_193207329.jpg","PilotCam","/PilotCam.20260815_193207329.jpg","BrowCam","/BrowCam.20260815_193207329.jpg","UserSelect","/UserSelect.20260815_193207329.jpg","","","-999.99","2.37","-999.99","-999.99","6a80beb73a81d30014ede94c"
"2026-08-15T19:32:29.200Z","45.9257941","-129.9807733","ASNAP","","admin","","","","","","","","","","","","","","3431.19","1014.51","-2.8","-5.5","204.13","1514.00","4.51","SciCam","/SciCam.20260815_193229200.jpg","PilotCam","/PilotCam.20260815_193229200.jpg","BrowCam","/BrowCam.20260815_193229200.jpg","UserSelect","/UserSelect.20260815_193229200.jpg","","","-999.99","2.43","-999.99","-999.99","6a80becd3a81d30014ede950"
"2026-08-15T19:32:54.055Z","45.9257806","-129.9807918","Biology Type","","guest","","","","","Jelly","","","","","","","","","3429.75","1013.00","-3.0","-5.4","204.84","1513.61","4.85","SciCam","/SciCam.20260815_193254055.jpg","PilotCam","/PilotCam.20260815_193254055.jpg","BrowCam","/BrowCam.20260815_193254055.jpg","UserSelect","/UserSelect.20260815_193254055.jpg","","","-999.99","2.39","-999.99","-999.99","6a80bee63a81d30014ede954"
"2026-08-15T19:32:59.245Z","45.9257778","-129.9807964","ASNAP","","admin","","","","","","","","","","","","","","3429.40","1012.69","-3.0","-5.2","204.05","1513.70","4.45","SciCam","/SciCam.20260815_193259245.jpg","PilotCam","/PilotCam.20260815_193259245.jpg","BrowCam","/BrowCam.20260815_193259245.jpg","UserSelect","/UserSelect.20260815_193259245.jpg","","","-999.99","2.40","-999.99","-999.99","6a80beeb3a81d30014ede958"
"2026-08-15T19:33:29.289Z","45.9257525","-129.9808383","ASNAP","","admin","","","","","","","","","","","","","","3426.15","1009.88","-2.3","-5.5","204.31","1514.08","3.58","SciCam","/SciCam.20260815_193329289.jpg","PilotCam","/PilotCam.20260815_193329289.jpg","BrowCam","/BrowCam.20260815_193329289.jpg","UserSelect","/UserSelect.20260815_193329289.jpg","","","-999.99","2.41","-999.99","-999.99","6a80bf093a81d30014ede95c"
"2026-08-15T19:33:59.333Z","45.9257194","-129.9808580","ASNAP","","admin","","","","","","","","","","","","","","3424.62","1006.20","-3.2","-5.5","203.37","1513.40","5.06","SciCam","/SciCam.20260815_193359333.jpg","PilotCam","/PilotCam.20260815_193359333.jpg","BrowCam","/BrowCam.20260815_193359333.jpg","UserSelect","/UserSelect.20260815_193359333.jpg","","","-999.99","2.43","-999.99","-999.99","6a80bf273a81d30014ede960"
"2026-08-15T19:34:01.974Z","45.9257170","-129.9808575","FREE_FORM","Continued Transit","guest","","","","","","","","","","","","","","3424.66","1005.94","-3.1","-5.6","203.21","1513.36","5.11","SciCam","/SciCam.20260815_193401974.jpg","PilotCam","/PilotCam.20260815_193401974.jpg","BrowCam","/BrowCam.20260815_193401974.jpg","UserSelect","/UserSelect.20260815_193401974.jpg","","","-999.99","2.41","-999.99","-999.99","6a80bf293a81d30014ede964"
"2026-08-15T19:34:29.349Z","45.9256946","-129.9808560","ASNAP","","admin","","","","","","","","","","","","","","3424.77","1003.45","-2.9","-5.3","203.67","1514.42","4.85","SciCam","/SciCam.20260815_193429349.jpg","PilotCam","/PilotCam.20260815_193429349.jpg","BrowCam","/BrowCam.20260815_193429349.jpg","UserSelect","/UserSelect.20260815_193429349.jpg","","","-999.99","2.37","-999.99","-999.99","6a80bf453a81d30014ede968"
"2026-08-15T19:34:59.393Z","45.9256778","-129.9808615","ASNAP","","admin","","","","","","","","","","","","","","3424.35","1001.58","-3.0","-5.5","203.88","1515.88","2.71","SciCam","/SciCam.20260815_193459393.jpg","PilotCam","/PilotCam.20260815_193459393.jpg","BrowCam","/BrowCam.20260815_193459393.jpg","UserSelect","/UserSelect.20260815_193459393.jpg","","","-999.99","2.44","-999.99","-999.99","6a80bf633a81d30014ede96c"
"2026-08-15T19:34:59.866Z","45.9256778","-129.9808615","Geologic Formations","Lava cavern","guest","","","","","","","","","","","","","","3424.35","1001.58","-3.0","-5.5","203.88","1515.88","2.71","SciCam","/SciCam.20260815_193459866.jpg","PilotCam","/PilotCam.20260815_193459866.jpg","BrowCam","/BrowCam.20260815_193459866.jpg","UserSelect","/UserSelect.20260815_193459866.jpg","","","-999.99","2.44","-999.99","-999.99","6a80bf633a81d30014ede96f"
"2026-08-15T19:35:29.408Z","45.9256786","-129.9808613","ASNAP","","admin","","","","","","","","","","","","","","3424.36","1001.67","-2.9","-5.6","204.19","1515.76","2.79","SciCam","/SciCam.20260815_193529408.jpg","PilotCam","/PilotCam.20260815_193529408.jpg","BrowCam","/BrowCam.20260815_193529408.jpg","UserSelect","/UserSelect.20260815_193529408.jpg","","","-999.99","2.40","-999.99","-999.99","6a80bf813a81d30014ede974"
"2026-08-15T19:35:55.573Z","45.9256786","-129.9808615","Biology Type","Brittle star","guest","","","","","Seastar","","","","","","","","","3424.35","1001.67","-2.9","-5.6","203.98","1515.77","2.77","SciCam","/SciCam.20260815_193555573.jpg","PilotCam","/PilotCam.20260815_193555573.jpg","BrowCam","/BrowCam.20260815_193555573.jpg","UserSelect","/UserSelect.20260815_193555573.jpg","","","-999.99","2.43","-999.99","-999.99","6a80bf9b3a81d30014ede978"
"2026-08-15T19:35:59.454Z","45.9256787","-129.9808613","ASNAP","","admin","","","","","","","","","","","","","","3424.36","1001.68","-2.9","-5.6","203.91","1515.76","2.79","SciCam","/SciCam.20260815_193559454.jpg","PilotCam","/PilotCam.20260815_193559454.jpg","BrowCam","/BrowCam.20260815_193559454.jpg","UserSelect","/UserSelect.20260815_193559454.jpg","","","-999.99","2.42","-999.99","-999.99","6a80bf9f3a81d30014ede97c"
"2026-08-15T19:36:29.470Z","45.9256786","-129.9808613","ASNAP","","admin","","","","","","","","","","","","","","3424.36","1001.67","-3.0","-5.6","203.89","1515.77","2.82","SciCam","/SciCam.20260815_193629470.jpg","PilotCam","/PilotCam.20260815_193629470.jpg","BrowCam","/BrowCam.20260815_193629470.jpg","UserSelect","/UserSelect.20260815_193629470.jpg","","","-999.99","2.40","-999.99","-999.99","6a80bfbd3a81d30014ede980"
"2026-08-15T19:36:59.516Z","45.9256785","-129.9808612","ASNAP","","admin","","","","","","","","","","","","","","3424.37","1001.66","-2.9","-5.6","203.96","1515.76","2.79","SciCam","/SciCam.20260815_193659516.jpg","PilotCam","/PilotCam.20260815_193659516.jpg","BrowCam","/BrowCam.20260815_193659516.jpg","UserSelect","/UserSelect.20260815_193659516.jpg","","","-999.99","2.44","-999.99","-999.99","6a80bfdb3a81d30014ede984"
"2026-08-15T19:37:29.561Z","45.9256785","-129.9808612","ASNAP","","admin","","","","","","","","","","","","","","3424.37","1001.66","-3.0","-5.6","203.81","1515.77","2.79","SciCam","/SciCam.20260815_193729561.jpg","PilotCam","/PilotCam.20260815_193729561.jpg","BrowCam","/BrowCam.20260815_193729561.jpg","UserSelect","/UserSelect.20260815_193729561.jpg","","","-999.99","2.40","-999.99","-999.99","6a80bff93a81d30014ede988"
"2026-08-15T19:37:59.597Z","45.9256785","-129.9808611","ASNAP","","admin","","","","","","","","","","","","","","3424.38","1001.66","-2.9","-5.6","203.83","1515.77","2.79","SciCam","/SciCam.20260815_193759597.jpg","PilotCam","/PilotCam.20260815_193759597.jpg","BrowCam","/BrowCam.20260815_193759597.jpg","UserSelect","/UserSelect.20260815_193759597.jpg","","","-999.99","2.42","-999.99","-999.99","6a80c0173a81d30014ede98c"
"2026-08-15T19:38:29.641Z","45.9256786","-129.9808612","ASNAP","","admin","","","","","","","","","","","","","","3424.37","1001.67","-2.9","-5.6","204.01","1515.77","2.77","SciCam","/SciCam.20260815_193829641.jpg","PilotCam","/PilotCam.20260815_193829641.jpg","BrowCam","/BrowCam.20260815_193829641.jpg","UserSelect","/UserSelect.20260815_193829641.jpg","","","-999.99","2.42","-999.99","-999.99","6a80c0353a81d30014ede990"
"2026-08-15T19:38:35.873Z","45.9256785","-129.9808615","Geologic Formations","Old river","guest","","","","","","","","","","","","","","3424.35","1001.66","-3.1","-5.6","203.85","1515.77","2.77","SciCam","/SciCam.20260815_193835873.jpg","PilotCam","/PilotCam.20260815_193835873.jpg","BrowCam","/BrowCam.20260815_193835873.jpg","UserSelect","/UserSelect.20260815_193835873.jpg","","","-999.99","2.43","-999.99","-999.99","6a80c03b3a81d30014ede994"
"2026-08-15T19:38:59.665Z","45.9256786","-129.9808613","ASNAP","","admin","","","","","","","","","","","","","","3424.36","1001.67","-3.0","-5.6","203.82","1515.76","2.79","SciCam","/SciCam.20260815_193859665.jpg","PilotCam","/PilotCam.20260815_193859665.jpg","BrowCam","/BrowCam.20260815_193859665.jpg","UserSelect","/UserSelect.20260815_193859665.jpg","","","-999.99","2.40","-999.99","-999.99","6a80c0533a81d30014ede998"
"2026-08-15T19:39:29.710Z","45.9256786","-129.9808613","ASNAP","","admin","","","","","","","","","","","","","","3424.36","1001.67","-3.0","-5.5","203.83","1515.76","2.79","SciCam","/SciCam.20260815_193929710.jpg","PilotCam","/PilotCam.20260815_193929710.jpg","BrowCam","/BrowCam.20260815_193929710.jpg","UserSelect","/UserSelect.20260815_193929710.jpg","","","-999.99","2.44","-999.99","-999.99","6a80c0713a81d30014ede99c"
"2026-08-15T19:39:50.000Z","","","SulisCam","","admin","","","","","","","sulis_20260815193950.jpg","","","","","","","","","","","","","","","","","","","","","","5.604","357.075","","","","","6a8330c83a81d30014ee26d6"
"2026-08-15T19:39:59.743Z","45.9256786","-129.9808613","ASNAP","","admin","","","","","","","","","","","","","","3424.36","1001.67","-3.0","-5.6","203.94","1515.76","2.79","SciCam","/SciCam.20260815_193959743.jpg","PilotCam","/PilotCam.20260815_193959743.jpg","BrowCam","/BrowCam.20260815_193959743.jpg","UserSelect","/UserSelect.20260815_193959743.jpg","","","-999.99","2.42","-999.99","-999.99","6a80c08f3a81d30014ede9a0"
"2026-08-15T19:40:29.787Z","45.9256786","-129.9808613","ASNAP","","admin","","","","","","","","","","","","","","3424.36","1001.67","-3.0","-5.6","204.28","1515.77","2.79","SciCam","/SciCam.20260815_194029787.jpg","PilotCam","/PilotCam.20260815_194029787.jpg","BrowCam","/BrowCam.20260815_194029787.jpg","UserSelect","/UserSelect.20260815_194029787.jpg","","","-999.99","2.41","-999.99","-999.99","6a80c0ad3a81d30014ede9a4"
"2026-08-15T19:40:59.821Z","45.9256793","-129.9808617","ASNAP","","admin","","","","","","","","","","","","","","3424.33","1001.75","-3.1","-5.5","207.22","1515.78","2.79","SciCam","/SciCam.20260815_194059821.jpg","PilotCam","/PilotCam.20260815_194059821.jpg","BrowCam","/BrowCam.20260815_194059821.jpg","UserSelect","/UserSelect.20260815_194059821.jpg","","","-999.99","2.39","-999.99","-999.99","6a80c0cb3a81d30014ede9a8"
"2026-08-15T19:41:29.866Z","45.9256750","-129.9808899","ASNAP","","admin","","","","","","","","","","","","","","3422.14","1001.27","-2.9","-5.8","242.88","1514.88","3.45","SciCam","/SciCam.20260815_194129866.jpg","PilotCam","/PilotCam.20260815_194129866.jpg","BrowCam","/BrowCam.20260815_194129866.jpg","UserSelect","/UserSelect.20260815_194129866.jpg","","","-999.99","2.41","-999.99","-999.99","6a80c0e93a81d30014ede9ac"
"2026-08-15T19:41:59.910Z","45.9256677","-129.9809612","ASNAP","","admin","","","","","","","","","","","","","","3416.61","1000.46","-2.0","-5.5","260.21","1514.76","3.15","SciCam","/SciCam.20260815_194159910.jpg","PilotCam","/PilotCam.20260815_194159910.jpg","BrowCam","/BrowCam.20260815_194159910.jpg","UserSelect","/UserSelect.20260815_194159910.jpg","","","-999.99","2.42","-999.99","-999.99","6a80c1073a81d30014ede9b0"
"2026-08-15T19:42:29.947Z","45.9256663","-129.9809733","ASNAP","","admin","","","","","","","","","","","","","","3415.67","1000.30","-2.6","-5.8","260.68","1515.13","3.17","SciCam","/SciCam.20260815_194229947.jpg","PilotCam","/PilotCam.20260815_194229947.jpg","BrowCam","/BrowCam.20260815_194229947.jpg","UserSelect","/UserSelect.20260815_194229947.jpg","","","-999.99","2.45","-999.99","-999.99","6a80c1253a81d30014ede9b4"
"2026-08-15T19:42:38.609Z","45.9256657","-129.9809735","Geologic Formations","More lava flow","guest","","","","","","","","","","","","","","3415.66","1000.23","-2.3","-5.8","260.57","1515.15","3.10","SciCam","/SciCam.20260815_194238609.jpg","PilotCam","/PilotCam.20260815_194238609.jpg","BrowCam","/BrowCam.20260815_194238609.jpg","UserSelect","/UserSelect.20260815_194238609.jpg","","","-999.99","2.43","-999.99","-999.99","6a80c12e3a81d30014ede9b8"
"2026-08-15T19:42:59.992Z","45.9256671","-129.9809824","ASNAP","","admin","","","","","","","","","","","","","","3414.97","1000.39","-2.1","-6.2","260.06","1515.24","3.10","SciCam","/SciCam.20260815_194259992.jpg","PilotCam","/PilotCam.20260815_194259992.jpg","BrowCam","/BrowCam.20260815_194259992.jpg","UserSelect","/UserSelect.20260815_194259992.jpg","","","-999.99","2.47","-999.99","-999.99","6a80c1433a81d30014ede9bc"
"2026-08-15T19:43:30.029Z","45.9256525","-129.9810429","ASNAP","","admin","","","","","","","","","","","","","","3410.27","998.77","-2.1","-6.1","246.68","1515.23","2.18","SciCam","/SciCam.20260815_194330029.jpg","PilotCam","/PilotCam.20260815_194330029.jpg","BrowCam","/BrowCam.20260815_194330029.jpg","UserSelect","/UserSelect.20260815_194330029.jpg","","","-999.99","2.40","-999.99","-999.99","6a80c1623a81d30014ede9c0"
"2026-08-15T19:44:00.073Z","45.9256337","-129.9810864","ASNAP","","admin","","","","","","","","","","","","","","3406.90","996.68","-2.5","-5.9","243.43","1515.38","1.90","SciCam","/SciCam.20260815_194400073.jpg","PilotCam","/PilotCam.20260815_194400073.jpg","BrowCam","/BrowCam.20260815_194400073.jpg","UserSelect","/UserSelect.20260815_194400073.jpg","","","-999.99","2.37","-999.99","-999.99","6a80c1803a81d30014ede9c4"
"2026-08-15T19:44:15.047Z","45.9256249","-129.9811080","Biology Type","","guest","","","","","Seastar","","","","","","","","","3405.22","995.70","-1.9","-5.9","241.74","1515.07","2.66","SciCam","/SciCam.20260815_194415047.jpg","PilotCam","/PilotCam.20260815_194415047.jpg","BrowCam","/BrowCam.20260815_194415047.jpg","UserSelect","/UserSelect.20260815_194415047.jpg","","","-999.99","2.40","-999.99","-999.99","6a80c18f3a81d30014ede9c8"
"2026-08-15T19:44:30.121Z","45.9256098","-129.9811333","ASNAP","","admin","","","","","","","","","","","","","","3403.26","994.02","-2.3","-5.5","233.28","1515.53","2.25","SciCam","/SciCam.20260815_194430121.jpg","PilotCam","/PilotCam.20260815_194430121.jpg","BrowCam","/BrowCam.20260815_194430121.jpg","UserSelect","/UserSelect.20260815_194430121.jpg","","","-999.99","2.42","-999.99","-999.99","6a80c19e3a81d30014ede9cc"
"2026-08-15T19:45:00.153Z","45.9255979","-129.9811752","ASNAP","","admin","","","","","","","","","","","","","","3400.01","992.70","-2.1","-5.7","233.81","1515.60","2.25","SciCam","/SciCam.20260815_194500153.jpg","PilotCam","/PilotCam.20260815_194500153.jpg","BrowCam","/BrowCam.20260815_194500153.jpg","UserSelect","/UserSelect.20260815_194500153.jpg","","","-999.99","2.39","-999.99","-999.99","6a80c1bc3a81d30014ede9d0"
"2026-08-15T19:45:30.172Z","45.9255900","-129.9812133","ASNAP","","admin","","","","","","","","","","","","","","3397.05","991.82","-2.1","-5.5","234.05","1515.59","2.33","SciCam","/SciCam.20260815_194530172.jpg","PilotCam","/PilotCam.20260815_194530172.jpg","BrowCam","/BrowCam.20260815_194530172.jpg","UserSelect","/UserSelect.20260815_194530172.jpg","","","-999.99","2.41","-999.99","-999.99","6a80c1da3a81d30014ede9d4"
"2026-08-15T19:46:00.216Z","45.9255622","-129.9812771","ASNAP","","admin","","","","","","","","","","","","","","3392.10","988.73","-2.2","-5.5","233.21","1515.80","4.24","SciCam","/SciCam.20260815_194600216.jpg","PilotCam","/PilotCam.20260815_194600216.jpg","BrowCam","/BrowCam.20260815_194600216.jpg","UserSelect","/UserSelect.20260815_194600216.jpg","","","-999.99","2.42","-999.99","-999.99","6a80c1f83a81d30014ede9d8"
"2026-08-15T19:46:19.075Z","45.9255490","-129.9813089","FREE_FORM","lowering","guest","","","","","","","","","","","","","","3389.64","987.26","-2.3","-5.5","233.49","1517.34","3.43","SciCam","/SciCam.20260815_194619075.jpg","PilotCam","/PilotCam.20260815_194619075.jpg","BrowCam","/BrowCam.20260815_194619075.jpg","UserSelect","/UserSelect.20260815_194619075.jpg","","","-999.99","2.37","-999.99","-999.99","6a80c20b3a81d30014ede9dc"
"2026-08-15T19:46:30.237Z","45.9255416","-129.9813277","ASNAP","","admin","","","","","","","","","","","","","","3388.18","986.44","-2.2","-5.7","233.71","1518.08","2.61","SciCam","/SciCam.20260815_194630237.jpg","PilotCam","/PilotCam.20260815_194630237.jpg","BrowCam","/BrowCam.20260815_194630237.jpg","UserSelect","/UserSelect.20260815_194630237.jpg","","","-999.99","2.41","-999.99","-999.99","6a80c2163a81d30014ede9e0"
"2026-08-15T19:47:00.281Z","45.9255148","-129.9813721","ASNAP","","admin","","","","","","","","","","","","","","3384.73","983.46","-2.1","-5.6","233.19","1518.36","2.46","SciCam","/SciCam.20260815_194700281.jpg","PilotCam","/PilotCam.20260815_194700281.jpg","BrowCam","/BrowCam.20260815_194700281.jpg","UserSelect","/UserSelect.20260815_194700281.jpg","","","-999.99","2.43","-999.99","-999.99","6a80c2343a81d30014ede9e4"
"2026-08-15T19:47:08.720Z","45.9255066","-129.9813884","Biology Type","","guest","","","","","","","","","","","","","","3383.47","982.55","-2.1","-5.6","233.33","1518.40","2.38","SciCam","/SciCam.20260815_194708720.jpg","PilotCam","/PilotCam.20260815_194708720.jpg","BrowCam","/BrowCam.20260815_194708720.jpg","UserSelect","/UserSelect.20260815_194708720.jpg","","","-999.99","2.41","-999.99","-999.99","6a80c23c3a81d30014ede9e8"
"2026-08-15T19:47:30.313Z","45.9254950","-129.9814187","ASNAP","","admin","","","","","","","","","","","","","","3381.12","981.26","-2.1","-5.6","233.06","1518.27","2.31","SciCam","/SciCam.20260815_194730313.jpg","PilotCam","/PilotCam.20260815_194730313.jpg","BrowCam","/BrowCam.20260815_194730313.jpg","UserSelect","/UserSelect.20260815_194730313.jpg","","","-999.99","2.40","-999.99","-999.99","6a80c2523a81d30014ede9ec"
"2026-08-15T19:48:00.357Z","45.9254802","-129.9814677","ASNAP","","admin","","","","","","","","","","","","","","3377.32","979.62","-2.0","-5.6","232.88","1518.19","2.20","SciCam","/SciCam.20260815_194800357.jpg","PilotCam","/PilotCam.20260815_194800357.jpg","BrowCam","/BrowCam.20260815_194800357.jpg","UserSelect","/UserSelect.20260815_194800357.jpg","","","-999.99","2.42","-999.99","-999.99","6a80c2703a81d30014ede9f0"
"2026-08-15T19:48:16.401Z","45.9254666","-129.9814853","Geologic Formations","Arch","guest","","","","","","","","","","","","","","3375.95","978.11","-1.9","-5.7","232.02","1518.31","2.25","SciCam","/SciCam.20260815_194816401.jpg","PilotCam","/PilotCam.20260815_194816401.jpg","BrowCam","/BrowCam.20260815_194816401.jpg","UserSelect","/UserSelect.20260815_194816401.jpg","","","-999.99","2.42","-999.99","-999.99","6a80c2803a81d30014ede9f4"
"2026-08-15T19:48:30.403Z","45.9254536","-129.9815031","ASNAP","","admin","","","","","","","","","","","","","","3374.57","976.66","-1.9","-5.5","234.16","1518.31","2.38","SciCam","/SciCam.20260815_194830403.jpg","PilotCam","/PilotCam.20260815_194830403.jpg","BrowCam","/BrowCam.20260815_194830403.jpg","UserSelect","/UserSelect.20260815_194830403.jpg","","","-999.99","2.44","-999.99","-999.99","6a80c28e3a81d30014ede9f8"
"2026-08-15T19:49:00.445Z","45.9254305","-129.9815293","ASNAP","","admin","","","","","","","","","","","","","","3372.54","974.09","-1.9","-5.4","220.62","1518.34","2.48","SciCam","/SciCam.20260815_194900445.jpg","PilotCam","/PilotCam.20260815_194900445.jpg","BrowCam","/BrowCam.20260815_194900445.jpg","UserSelect","/UserSelect.20260815_194900445.jpg","","","-999.99","2.39","-999.99","-999.99","6a80c2ac3a81d30014ede9fc"
"2026-08-15T19:49:05.489Z","45.9254271","-129.9815330","Geologic Formations","Glassy basalt","guest","","","","","","","","","","","","","","3372.25","973.71","-2.2","-5.5","220.28","1518.32","2.46","SciCam","/SciCam.20260815_194905489.jpg","PilotCam","/PilotCam.20260815_194905489.jpg","BrowCam","/BrowCam.20260815_194905489.jpg","UserSelect","/UserSelect.20260815_194905489.jpg","","","-999.99","2.44","-999.99","-999.99","6a80c2b13a81d30014edea00"
"2026-08-15T19:49:24.634Z","45.9254136","-129.9815440","Biology Type","Rattail (Vertical)","guest","","","","","Fish","","","","","","","","","3371.40","972.21","-2.2","-5.6","220.41","1518.10","2.77","SciCam","/SciCam.20260815_194924634.jpg","PilotCam","/PilotCam.20260815_194924634.jpg","BrowCam","/BrowCam.20260815_194924634.jpg","UserSelect","/UserSelect.20260815_194924634.jpg","","","-999.99","2.41","-999.99","-999.99","6a80c2c43a81d30014edea04"
"2026-08-15T19:49:30.489Z","45.9254092","-129.9815478","ASNAP","","admin","","","","","","","","","","","","","","3371.10","971.73","-1.9","-5.8","219.92","1518.05","2.82","SciCam","/SciCam.20260815_194930489.jpg","PilotCam","/PilotCam.20260815_194930489.jpg","BrowCam","/BrowCam.20260815_194930489.jpg","UserSelect","/UserSelect.20260815_194930489.jpg","","","-999.99","2.40","-999.99","-999.99","6a80c2ca3a81d30014edea08"
"2026-08-15T19:49:54.667Z","45.9254111","-129.9815476","Biology Type","rattail","guest","","","","","Fish","","","","","","","","","3371.12","971.94","-2.0","-5.7","220.23","1518.11","2.77","SciCam","/SciCam.20260815_194954667.jpg","PilotCam","/PilotCam.20260815_194954667.jpg","BrowCam","/BrowCam.20260815_194954667.jpg","UserSelect","/UserSelect.20260815_194954667.jpg","","","-999.99","2.40","-999.99","-999.99","6a80c2e23a81d30014edea0c"
"2026-08-15T19:50:00.534Z","45.9254110","-129.9815474","ASNAP","","admin","","","","","","","","","","","","","","3371.13","971.92","-2.0","-5.7","219.75","1518.09","2.77","SciCam","/SciCam.20260815_195000534.jpg","PilotCam","/PilotCam.20260815_195000534.jpg","BrowCam","/BrowCam.20260815_195000534.jpg","UserSelect","/UserSelect.20260815_195000534.jpg","","","-999.99","2.40","-999.99","-999.99","6a80c2e83a81d30014edea10"
"2026-08-15T19:50:30.578Z","45.9254094","-129.9815501","ASNAP","","admin","","","","","","","","","","","","","","3370.92","971.75","-2.2","-5.8","209.15","1518.12","2.74","SciCam","/SciCam.20260815_195030578.jpg","PilotCam","/PilotCam.20260815_195030578.jpg","BrowCam","/BrowCam.20260815_195030578.jpg","UserSelect","/UserSelect.20260815_195030578.jpg","","","-999.99","2.43","-999.99","-999.99","6a80c3063a81d30014edea14"
"2026-08-15T19:51:00.614Z","45.9253865","-129.9815434","ASNAP","","admin","","","","","","","","","","","","","","3371.44","969.20","-2.3","-5.8","170.95","1517.90","2.92","SciCam","/SciCam.20260815_195100614.jpg","PilotCam","/PilotCam.20260815_195100614.jpg","BrowCam","/BrowCam.20260815_195100614.jpg","UserSelect","/UserSelect.20260815_195100614.jpg","","","-999.99","2.41","-999.99","-999.99","6a80c3243a81d30014edea18"
"2026-08-15T19:51:20.601Z","45.9253665","-129.9815394","Geologic Formations","Cavern","guest","","","","","","","","","","","","","","3371.75","966.98","-2.0","-5.8","201.42","1518.01","2.51","SciCam","/SciCam.20260815_195120601.jpg","PilotCam","/PilotCam.20260815_195120601.jpg","BrowCam","/BrowCam.20260815_195120601.jpg","UserSelect","/UserSelect.20260815_195120601.jpg","","","-999.99","2.41","-999.99","-999.99","6a80c3383a81d30014edea1c"
"2026-08-15T19:51:30.659Z","45.9253619","-129.9815409","ASNAP","","admin","","","","","","","","","","","","","","3371.64","966.47","-2.3","-5.7","201.56","1517.61","2.89","SciCam","/SciCam.20260815_195130659.jpg","PilotCam","/PilotCam.20260815_195130659.jpg","BrowCam","/BrowCam.20260815_195130659.jpg","UserSelect","/UserSelect.20260815_195130659.jpg","","","-999.99","2.44","-999.99","-999.99","6a80c3423a81d30014edea20"
"2026-08-15T19:51:32.000Z","","","SulisCam","","admin","","","","","","","sulis_20260815195132.jpg","","","","","","","","","","","","","","","","","","","","","","5.775","357.753","","","","","6a8330c83a81d30014ee26d8"
"2026-08-15T19:51:38.878Z","45.9253591","-129.9815486","Biology Type","","guest","","","","","","","","","","","","","","3371.04","966.16","-2.0","-5.7","211.67","1517.42","3.12","SciCam","/SciCam.20260815_195138878.jpg","PilotCam","/PilotCam.20260815_195138878.jpg","BrowCam","/BrowCam.20260815_195138878.jpg","UserSelect","/UserSelect.20260815_195138878.jpg","","","-999.99","2.42","-999.99","-999.99","6a80c34a3a81d30014edea24"
"2026-08-15T19:52:00.678Z","45.9253432","-129.9815575","ASNAP","","admin","","","","","","","","","","","","","","3370.35","964.39","-1.9","-5.9","212.54","1517.27","3.30","SciCam","/SciCam.20260815_195200678.jpg","PilotCam","/PilotCam.20260815_195200678.jpg","BrowCam","/BrowCam.20260815_195200678.jpg","UserSelect","/UserSelect.20260815_195200678.jpg","","","-999.99","2.43","-999.99","-999.99","6a80c3603a81d30014edea28"
"2026-08-15T19:52:30.723Z","45.9253150","-129.9815847","ASNAP","","admin","","","","","","","","","","","","","","3368.24","961.25","-2.1","-5.8","211.77","1517.20","2.54","SciCam","/SciCam.20260815_195230723.jpg","PilotCam","/PilotCam.20260815_195230723.jpg","BrowCam","/BrowCam.20260815_195230723.jpg","UserSelect","/UserSelect.20260815_195230723.jpg","","","-999.99","2.41","-999.99","-999.99","6a80c37e3a81d30014edea2c"
"2026-08-15T19:53:00.765Z","45.9252980","-129.9816369","ASNAP","","admin","","","","","","","","","","","","","","3364.19","959.36","-1.9","-5.7","230.08","1516.63","2.28","SciCam","/SciCam.20260815_195300765.jpg","PilotCam","/PilotCam.20260815_195300765.jpg","BrowCam","/BrowCam.20260815_195300765.jpg","UserSelect","/UserSelect.20260815_195300765.jpg","","","-999.99","2.42","-999.99","-999.99","6a80c39c3a81d30014edea30"
"2026-08-15T19:53:30.799Z","45.9252686","-129.9817107","ASNAP","","admin","","","","","","","","","","","","","","3358.46","956.10","-2.0","-5.5","227.48","1516.80","2.54","SciCam","/SciCam.20260815_195330799.jpg","PilotCam","/PilotCam.20260815_195330799.jpg","BrowCam","/BrowCam.20260815_195330799.jpg","UserSelect","/UserSelect.20260815_195330799.jpg","","","-999.99","2.41","-999.99","-999.99","6a80c3ba3a81d30014edea34"
"2026-08-15T19:53:39.120Z","45.9252634","-129.9817315","FREE_FORM","Move lava","guest","","","","","","","","","","","","","","3356.85","955.52","-2.2","-5.7","231.27","1517.07","2.38","SciCam","/SciCam.20260815_195339120.jpg","PilotCam","/PilotCam.20260815_195339120.jpg","BrowCam","/BrowCam.20260815_195339120.jpg","UserSelect","/UserSelect.20260815_195339120.jpg","","","-999.99","2.40","-999.99","-999.99","6a80c3c33a81d30014edea38"
"2026-08-15T19:54:00.832Z","45.9252616","-129.9817800","ASNAP","","admin","","","","","","","","","","","","","","3353.09","955.32","-1.9","-6.2","245.55","1516.69","2.46","SciCam","/SciCam.20260815_195400832.jpg","PilotCam","/PilotCam.20260815_195400832.jpg","BrowCam","/BrowCam.20260815_195400832.jpg","UserSelect","/UserSelect.20260815_195400832.jpg","","","-999.99","2.39","-999.99","-999.99","6a80c3d83a81d30014edea3c"
"2026-08-15T19:54:30.869Z","45.9252681","-129.9818416","ASNAP","","admin","","","","","","","","","","","","","","3348.31","956.04","-1.8","-6.3","255.57","1515.97","3.45","SciCam","/SciCam.20260815_195430869.jpg","PilotCam","/PilotCam.20260815_195430869.jpg","BrowCam","/BrowCam.20260815_195430869.jpg","UserSelect","/UserSelect.20260815_195430869.jpg","","","-999.99","2.41","-999.99","-999.99","6a80c3f63a81d30014edea40"
"2026-08-15T19:55:00.371Z","45.9252704","-129.9818895","Biology Type","","guest","","","","","Seastar","","","","","","","","","3344.59","956.30","-1.9","-5.9","261.31","1516.03","2.57","SciCam","/SciCam.20260815_195500371.jpg","PilotCam","/PilotCam.20260815_195500371.jpg","BrowCam","/BrowCam.20260815_195500371.jpg","UserSelect","/UserSelect.20260815_195500371.jpg","","","-999.99","2.43","-999.99","-999.99","6a80c4143a81d30014edea44"
"2026-08-15T19:55:00.884Z","45.9252704","-129.9818895","ASNAP","","admin","","","","","","","","","","","","","","3344.59","956.30","-1.9","-5.9","261.31","1516.03","2.57","SciCam","/SciCam.20260815_195500884.jpg","PilotCam","/PilotCam.20260815_195500884.jpg","BrowCam","/BrowCam.20260815_195500884.jpg","UserSelect","/UserSelect.20260815_195500884.jpg","","","-999.99","2.43","-999.99","-999.99","6a80c4143a81d30014edea47"
"2026-08-15T19:55:11.180Z","45.9252735","-129.9819081","Biology Type","","guest","","","","","Seastar","","","","","","","","","3343.15","956.64","-2.0","-6.1","260.34","1516.03","2.20","SciCam","/SciCam.20260815_195511180.jpg","PilotCam","/PilotCam.20260815_195511180.jpg","BrowCam","/BrowCam.20260815_195511180.jpg","UserSelect","/UserSelect.20260815_195511180.jpg","","","-999.99","2.41","-999.99","-999.99","6a80c41f3a81d30014edea4c"
"2026-08-15T19:55:30.929Z","45.9252842","-129.9819346","ASNAP","","admin","","","","","","","","","","","","","","3341.09","957.83","-1.8","-6.0","260.51","1515.51","2.82","SciCam","/SciCam.20260815_195530929.jpg","PilotCam","/PilotCam.20260815_195530929.jpg","BrowCam","/BrowCam.20260815_195530929.jpg","UserSelect","/UserSelect.20260815_195530929.jpg","","","-999.99","2.44","-999.99","-999.99","6a80c4323a81d30014edea50"
"2026-08-15T19:56:00.969Z","45.9252875","-129.9819832","ASNAP","","admin","","","","","","","","","","","","","","3337.32","958.20","-1.8","-5.9","252.74","1516.39","1.31","SciCam","/SciCam.20260815_195600969.jpg","PilotCam","/PilotCam.20260815_195600969.jpg","BrowCam","/BrowCam.20260815_195600969.jpg","UserSelect","/UserSelect.20260815_195600969.jpg","","","-999.99","2.44","-999.99","-999.99","6a80c4503a81d30014edea54"
"2026-08-15T19:56:07.723Z","45.9252856","-129.9819943","Geologic Formations","","guest","","","","","","","","","","","Pillars","","","3336.46","957.99","-1.7","-5.9","253.51","1516.60","2.03","SciCam","/SciCam.20260815_195607723.jpg","PilotCam","/PilotCam.20260815_195607723.jpg","BrowCam","/BrowCam.20260815_195607723.jpg","UserSelect","/UserSelect.20260815_195607723.jpg","","","-999.99","2.39","-999.99","-999.99","6a80c4573a81d30014edea58"
"2026-08-15T19:56:26.000Z","","","SulisCam","","admin","","","","","","","sulis_20260815195626.jpg","","","","","","","","","","","","","","","","","","","","","","5.861","358.371","","","","","6a8330c83a81d30014ee26da"
"2026-08-15T19:56:30.997Z","45.9252762","-129.9820160","ASNAP","","admin","","","","","","","","","","","","","","3334.78","956.94","-2.2","-5.7","219.20","1517.38","1.82","SciCam","/SciCam.20260815_195630997.jpg","PilotCam","/PilotCam.20260815_195630997.jpg","BrowCam","/BrowCam.20260815_195630997.jpg","UserSelect","/UserSelect.20260815_195630997.jpg","","","-999.99","2.43","-999.99","-999.99","6a80c46e3a81d30014edea5c"
"2026-08-15T19:56:56.869Z","45.9252611","-129.9820550","FREE_FORM","Columns","guest","","","","","","","","","","","","","","3331.75","955.26","-2.4","-5.8","216.65","1517.55","1.48","SciCam","/SciCam.20260815_195656869.jpg","PilotCam","/PilotCam.20260815_195656869.jpg","BrowCam","/BrowCam.20260815_195656869.jpg","UserSelect","/UserSelect.20260815_195656869.jpg","","","-999.99","2.41","-999.99","-999.99","6a80c4883a81d30014edea60"
"2026-08-15T19:57:01.041Z","45.9252578","-129.9820617","ASNAP","","admin","","","","","","","","","","","","","","3331.23","954.90","-2.3","-5.9","216.68","1517.53","0.58","SciCam","/SciCam.20260815_195701041.jpg","PilotCam","/PilotCam.20260815_195701041.jpg","BrowCam","/BrowCam.20260815_195701041.jpg","UserSelect","/UserSelect.20260815_195701041.jpg","","","-999.99","2.44","-999.99","-999.99","6a80c48d3a81d30014edea64"
"2026-08-15T19:57:05.230Z","45.9252536","-129.9820699","Biology Type","","guest","","","","","Bacterial mat","","","","","","","","","3330.60","954.43","-2.1","-5.8","216.50","1517.43","0.58","SciCam","/SciCam.20260815_195705230.jpg","PilotCam","/PilotCam.20260815_195705230.jpg","BrowCam","/BrowCam.20260815_195705230.jpg","UserSelect","/UserSelect.20260815_195705230.jpg","","","-999.99","2.43","-999.99","-999.99","6a80c4913a81d30014edea68"
"2026-08-15T19:57:31.085Z","45.9252338","-129.9821157","ASNAP","","admin","","","","","","","","","","","","","","3327.04","952.23","-2.0","-5.7","217.01","1516.68","4.17","SciCam","/SciCam.20260815_195731085.jpg","PilotCam","/PilotCam.20260815_195731085.jpg","BrowCam","/BrowCam.20260815_195731085.jpg","UserSelect","/UserSelect.20260815_195731085.jpg","","","-999.99","2.41","-999.99","-999.99","6a80c4ab3a81d30014edea6c"
"2026-08-15T19:58:01.128Z","45.9252098","-129.9821842","ASNAP","","admin","","","","","","","","","","","","","","3321.73","949.56","-2.2","-5.6","217.35","1516.84","2.15","SciCam","/SciCam.20260815_195801128.jpg","PilotCam","/PilotCam.20260815_195801128.jpg","BrowCam","/BrowCam.20260815_195801128.jpg","UserSelect","/UserSelect.20260815_195801128.jpg","","","-999.99","2.44","-999.99","-999.99","6a80c4c93a81d30014edea70"
"2026-08-15T19:58:31.169Z","45.9251877","-129.9822387","ASNAP","","admin","","","","","","","","","","","","","","3317.50","947.10","-2.1","-5.6","216.91","1518.84","3.96","SciCam","/SciCam.20260815_195831169.jpg","PilotCam","/PilotCam.20260815_195831169.jpg","BrowCam","/BrowCam.20260815_195831169.jpg","UserSelect","/UserSelect.20260815_195831169.jpg","","","-999.99","2.42","-999.99","-999.99","6a80c4e73a81d30014edea74"
"2026-08-15T19:58:58.122Z","45.9251623","-129.9822836","Biology Type","","guest","","","","","Bacterial mat","","","","","","","","","3314.02","944.28","-2.1","-5.7","217.15","1521.03","2.15","SciCam","/SciCam.20260815_195858122.jpg","PilotCam","/PilotCam.20260815_195858122.jpg","BrowCam","/BrowCam.20260815_195858122.jpg","UserSelect","/UserSelect.20260815_195858122.jpg","","","-999.99","2.42","-999.99","-999.99","6a80c5023a81d30014edea78"
"2026-08-15T19:59:01.213Z","45.9251594","-129.9822878","ASNAP","","admin","","","","","","","","","","","","","","3313.69","943.96","-2.1","-5.4","216.88","1521.14","2.03","SciCam","/SciCam.20260815_195901213.jpg","PilotCam","/PilotCam.20260815_195901213.jpg","BrowCam","/BrowCam.20260815_195901213.jpg","UserSelect","/UserSelect.20260815_195901213.jpg","","","-999.99","2.41","-999.99","-999.99","6a80c5053a81d30014edea7c"
"2026-08-15T19:59:31.249Z","45.9251368","-129.9823211","ASNAP","","admin","","","","","","","","","","","","","","3311.11","941.45","-2.1","-5.7","198.40","1521.55","2.13","SciCam","/SciCam.20260815_195931249.jpg","PilotCam","/PilotCam.20260815_195931249.jpg","BrowCam","/BrowCam.20260815_195931249.jpg","UserSelect","/UserSelect.20260815_195931249.jpg","","","-999.99","2.44","-999.99","-999.99","6a80c5233a81d30014edea80"
"2026-08-15T19:59:37.829Z","45.9251318","-129.9823264","Biology Type","","guest","","","","","Bacterial mat","","","","","","","","","3310.70","940.89","-2.2","-5.7","196.51","1521.63","1.98","SciCam","/SciCam.20260815_195937829.jpg","PilotCam","/PilotCam.20260815_195937829.jpg","BrowCam","/BrowCam.20260815_195937829.jpg","UserSelect","/UserSelect.20260815_195937829.jpg","","","-999.99","2.42","-999.99","-999.99","6a80c5293a81d30014edea84"
"2026-08-15T20:00:01.289Z","45.9251170","-129.9823316","ASNAP","","admin","","","","","","","","","","","","","","3310.29","939.25","-2.2","-6.0","193.48","1521.58","2.03","SciCam","/SciCam.20260815_200001289.jpg","PilotCam","/PilotCam.20260815_200001289.jpg","BrowCam","/BrowCam.20260815_200001289.jpg","UserSelect","/UserSelect.20260815_200001289.jpg","","","-999.99","2.44","-999.99","-999.99","6a80c5413a81d30014edea88"
"2026-08-15T20:00:31.305Z","45.9250908","-129.9823420","ASNAP","","admin","","","","","","","","","","","","","","3309.49","936.33","-2.1","-5.7","191.38","1521.53","2.10","SciCam","/SciCam.20260815_200031305.jpg","PilotCam","/PilotCam.20260815_200031305.jpg","BrowCam","/BrowCam.20260815_200031305.jpg","UserSelect","/UserSelect.20260815_200031305.jpg","","","-999.99","2.41","-999.99","-999.99","6a80c55f3a81d30014edea8c"
"2026-08-15T20:00:44.832Z","45.9250696","-129.9823447","Biology Type","","guest","","","","","Bacterial mat","","","","","","","","","3309.28","933.98","-2.3","-5.9","186.67","1521.65","2.00","SciCam","/SciCam.20260815_200044832.jpg","PilotCam","/PilotCam.20260815_200044832.jpg","BrowCam","/BrowCam.20260815_200044832.jpg","UserSelect","/UserSelect.20260815_200044832.jpg","","","-999.99","2.45","-999.99","-999.99","6a80c56c3a81d30014edea90"
"2026-08-15T20:01:01.341Z","45.9250455","-129.9823441","ASNAP","","admin","","","","","","","","","","","","","","3309.32","931.30","-2.1","-5.6","179.10","1520.76","2.84","SciCam","/SciCam.20260815_200101341.jpg","PilotCam","/PilotCam.20260815_200101341.jpg","BrowCam","/BrowCam.20260815_200101341.jpg","UserSelect","/UserSelect.20260815_200101341.jpg","","","-999.99","2.44","-999.99","-999.99","6a80c57d3a81d30014edea94"
"2026-08-15T20:01:16.096Z","45.9250277","-129.9823315","Geologic Formations","","guest","","","","","","","","","","","Flow","","","3310.30","929.32","-2.4","-5.9","161.05","1520.16","3.73","SciCam","/SciCam.20260815_200116096.jpg","PilotCam","/PilotCam.20260815_200116096.jpg","BrowCam","/BrowCam.20260815_200116096.jpg","UserSelect","/UserSelect.20260815_200116096.jpg","","","-999.99","2.40","-999.99","-999.99","6a80c58c3a81d30014edea98"
"2026-08-15T20:01:31.385Z","45.9250009","-129.9823042","ASNAP","","admin","","","","","","","","","","","","","","3312.42","926.34","-2.4","-5.8","161.68","1519.73","3.43","SciCam","/SciCam.20260815_200131385.jpg","PilotCam","/PilotCam.20260815_200131385.jpg","BrowCam","/BrowCam.20260815_200131385.jpg","UserSelect","/UserSelect.20260815_200131385.jpg","","","-999.99","2.45","-999.99","-999.99","6a80c59b3a81d30014edea9c"
"2026-08-15T20:01:50.503Z","45.9249777","-129.9822891","Biology Type","","guest","","","","","Bacterial mat","","","","","","","","","3313.59","923.76","-2.5","-5.6","182.59","1519.81","3.38","SciCam","/SciCam.20260815_200150503.jpg","PilotCam","/PilotCam.20260815_200150503.jpg","BrowCam","/BrowCam.20260815_200150503.jpg","UserSelect","/UserSelect.20260815_200150503.jpg","","","-999.99","2.41","-999.99","-999.99","6a80c5ae3a81d30014edeaa0"
"2026-08-15T20:02:01.429Z","45.9249686","-129.9822936","ASNAP","","admin","","","","","","","","","","","","","","3313.24","922.75","-2.0","-5.8","182.26","1520.01","3.04","SciCam","/SciCam.20260815_200201429.jpg","PilotCam","/PilotCam.20260815_200201429.jpg","BrowCam","/BrowCam.20260815_200201429.jpg","UserSelect","/UserSelect.20260815_200201429.jpg","","","-999.99","2.40","-999.99","-999.99","6a80c5b93a81d30014edeaa4"
"2026-08-15T20:02:01.671Z","45.9249686","-129.9822936","Biology Type","Blue Ciliates","guest","","","","","","","","","","","","","","3313.24","922.75","-2.0","-5.8","182.26","1520.01","3.04","SciCam","/SciCam.20260815_200201671.jpg","PilotCam","/PilotCam.20260815_200201671.jpg","BrowCam","/BrowCam.20260815_200201671.jpg","UserSelect","/UserSelect.20260815_200201671.jpg","","","-999.99","2.40","-999.99","-999.99","6a80c5b93a81d30014edeaa7"
"2026-08-15T20:02:21.000Z","","","SulisCam","","admin","","","","","","","sulis_20260815200221.jpg","","","","","","","","","","","","","","","","","","","","","","5.838","357.645","","","","","6a8330c83a81d30014ee26dc"
"2026-08-15T20:02:31.474Z","45.9249582","-129.9822937","ASNAP","","admin","","","","","","","","","","","","","","3313.23","921.60","-2.4","-5.6","181.84","1520.53","2.46","SciCam","/SciCam.20260815_200231474.jpg","PilotCam","/PilotCam.20260815_200231474.jpg","BrowCam","/BrowCam.20260815_200231474.jpg","UserSelect","/UserSelect.20260815_200231474.jpg","","","-999.99","2.43","-999.99","-999.99","6a80c5d73a81d30014edeaac"
"2026-08-15T20:02:35.629Z","45.9249571","-129.9822941","HIGHLIGHTS","","guest","","","","","","4K highlights start","","","","","","","","3313.20","921.47","-2.2","-5.9","181.90","1520.61","2.48","SciCam","/SciCam.20260815_200235629.jpg","PilotCam","/PilotCam.20260815_200235629.jpg","BrowCam","/BrowCam.20260815_200235629.jpg","UserSelect","/UserSelect.20260815_200235629.jpg","","","-999.99","2.41","-999.99","-999.99","6a80c5db3a81d30014edeab0"
"2026-08-15T20:02:45.191Z","45.9249556","-129.9822950","Biology Type","Baby worm","guest","","","","","","","","","","","","","","3313.13","921.31","-2.1","-4.7","181.51","1520.79","1.95","SciCam","/SciCam.20260815_200245191.jpg","PilotCam","/PilotCam.20260815_200245191.jpg","BrowCam","/BrowCam.20260815_200245191.jpg","UserSelect","/UserSelect.20260815_200245191.jpg","","","-999.99","2.39","-999.99","-999.99","6a80c5e53a81d30014edeab4"
"2026-08-15T20:03:00.000Z","","","SulisCam","","admin","","","","","","","sulis_20260815200300.jpg","","","","","","","","","","","","","","","","","","","","","","5.025","357.711","","","","","6a8330c83a81d30014ee26de"
"2026-08-15T20:03:01.521Z","45.9249573","-129.9822954","ASNAP","","admin","","","","","","","","","","","","","","3313.10","921.50","-2.4","-5.0","181.17","1520.80","1.95","SciCam","/SciCam.20260815_200301521.jpg","PilotCam","/PilotCam.20260815_200301521.jpg","BrowCam","/BrowCam.20260815_200301521.jpg","UserSelect","/UserSelect.20260815_200301521.jpg","","","-999.99","2.44","-999.99","-999.99","6a80c5f53a81d30014edeab8"
"2026-08-15T20:03:18.647Z","45.9249574","-129.9822952","Biology Type","","guest","","","","","Bacterial mat","","","","","","","","","3313.12","921.51","-2.4","-4.6","181.89","1520.81","2.00","SciCam","/SciCam.20260815_200318647.jpg","PilotCam","/PilotCam.20260815_200318647.jpg","BrowCam","/BrowCam.20260815_200318647.jpg","UserSelect","/UserSelect.20260815_200318647.jpg","","","-999.99","2.45","-999.99","-999.99","6a80c6063a81d30014edeabc"
"2026-08-15T20:03:31.566Z","45.9249574","-129.9822950","ASNAP","","admin","","","","","","","","","","","","","","3313.13","921.51","-2.5","-4.6","182.04","1520.81","2.00","SciCam","/SciCam.20260815_200331566.jpg","PilotCam","/PilotCam.20260815_200331566.jpg","BrowCam","/BrowCam.20260815_200331566.jpg","UserSelect","/UserSelect.20260815_200331566.jpg","","","-999.99","2.47","-999.99","-999.99","6a80c6133a81d30014edeac0"
"2026-08-15T20:03:31.570Z","45.9249574","-129.9822950","Geologic Formations","","guest","","","","","","","","","Diffuse flow","","Flow","","","3313.13","921.51","-2.5","-4.6","182.04","1520.81","2.00","SciCam","/SciCam.20260815_200331570.jpg","PilotCam","/PilotCam.20260815_200331570.jpg","BrowCam","/BrowCam.20260815_200331570.jpg","UserSelect","/UserSelect.20260815_200331570.jpg","","","-999.99","2.47","-999.99","-999.99","6a80c6133a81d30014edeac1"
"2026-08-15T20:03:44.146Z","45.9249584","-129.9822903","HIGHLIGHTS","","guest","","","","","","4K highlights stop","","","","","","","","3313.50","921.62","-2.3","-5.1","182.60","1520.46","2.41","SciCam","/SciCam.20260815_200344146.jpg","PilotCam","/PilotCam.20260815_200344146.jpg","BrowCam","/BrowCam.20260815_200344146.jpg","UserSelect","/UserSelect.20260815_200344146.jpg","","","-999.99","2.50","-999.99","-999.99","6a80c6203a81d30014edeac8"
"2026-08-15T20:04:01.609Z","45.9249439","-129.9822677","ASNAP","","admin","","","","","","","","","","","","","","3315.25","920.01","-2.3","-5.8","182.14","1520.21","2.59","SciCam","/SciCam.20260815_200401609.jpg","PilotCam","/PilotCam.20260815_200401609.jpg","BrowCam","/BrowCam.20260815_200401609.jpg","UserSelect","/UserSelect.20260815_200401609.jpg","","","-999.99","2.48","-999.99","-999.99","6a80c6313a81d30014edeacc"
"2026-08-15T20:04:31.626Z","45.9249081","-129.9822803","ASNAP","","admin","","","","","","","","","","","","","","3314.27","916.03","-2.0","-6.0","182.91","1520.55","1.75","SciCam","/SciCam.20260815_200431626.jpg","PilotCam","/PilotCam.20260815_200431626.jpg","BrowCam","/BrowCam.20260815_200431626.jpg","UserSelect","/UserSelect.20260815_200431626.jpg","","","-999.99","2.45","-999.99","-999.99","6a80c64f3a81d30014edead0"
"2026-08-15T20:04:37.245Z","45.9249004","-129.9822851","Biology Type","","guest","","","","","Bacterial mat","","","","","","","","","3313.90","915.17","-2.3","-5.9","182.94","1520.63","1.64","SciCam","/SciCam.20260815_200437245.jpg","PilotCam","/PilotCam.20260815_200437245.jpg","BrowCam","/BrowCam.20260815_200437245.jpg","UserSelect","/UserSelect.20260815_200437245.jpg","","","-999.99","2.43","-999.99","-999.99","6a80c6553a81d30014edead4"
"2026-08-15T20:05:01.669Z","45.9248634","-129.9822898","ASNAP","","admin","","","","","","","","","","","","","","3313.54","911.06","-2.3","-5.8","181.78","1520.65","2.23","SciCam","/SciCam.20260815_200501669.jpg","PilotCam","/PilotCam.20260815_200501669.jpg","BrowCam","/BrowCam.20260815_200501669.jpg","UserSelect","/UserSelect.20260815_200501669.jpg","","","-999.99","2.46","-999.99","-999.99","6a80c66d3a81d30014edead8"
"2026-08-15T20:05:31.705Z","45.9248084","-129.9822892","ASNAP","","admin","","","","","","","","","","","","","","3313.58","904.95","-2.2","-5.7","181.51","1520.68","2.59","SciCam","/SciCam.20260815_200531705.jpg","PilotCam","/PilotCam.20260815_200531705.jpg","BrowCam","/BrowCam.20260815_200531705.jpg","UserSelect","/UserSelect.20260815_200531705.jpg","","","-999.99","2.45","-999.99","-999.99","6a80c68b3a81d30014edeadc"
"2026-08-15T20:05:46.006Z","45.9247808","-129.9822905","Biology Type","","guest","","","","","Bacterial mat","","","","","","","","","3313.48","901.88","-2.3","-5.7","181.38","1520.28","2.99","SciCam","/SciCam.20260815_200546006.jpg","PilotCam","/PilotCam.20260815_200546006.jpg","BrowCam","/BrowCam.20260815_200546006.jpg","UserSelect","/UserSelect.20260815_200546006.jpg","","","-999.99","2.46","-999.99","-999.99","6a80c69a3a81d30014edeae0"
"2026-08-15T20:06:01.070Z","45.9247545","-129.9822930","Biology Type","Rattail","guest","","","","","Fish","","","","","","","","","3313.29","898.95","-2.2","-5.4","181.63","1520.24","2.71","SciCam","/SciCam.20260815_200601070.jpg","PilotCam","/PilotCam.20260815_200601070.jpg","BrowCam","/BrowCam.20260815_200601070.jpg","UserSelect","/UserSelect.20260815_200601070.jpg","","","-999.99","2.41","-999.99","-999.99","6a80c6a93a81d30014edeae4"
"2026-08-15T20:06:01.747Z","45.9247527","-129.9822931","ASNAP","","admin","","","","","","","","","","","","","","3313.28","898.75","-2.2","-5.4","181.70","1520.26","2.71","SciCam","/SciCam.20260815_200601747.jpg","PilotCam","/PilotCam.20260815_200601747.jpg","BrowCam","/BrowCam.20260815_200601747.jpg","UserSelect","/UserSelect.20260815_200601747.jpg","","","-999.99","2.44","-999.99","-999.99","6a80c6a93a81d30014edeae8"
"2026-08-15T20:06:31.790Z","45.9246914","-129.9822876","ASNAP","","admin","","","","","","","","","","","","","","3313.71","891.94","-2.1","-5.6","180.34","1521.25","2.59","SciCam","/SciCam.20260815_200631790.jpg","PilotCam","/PilotCam.20260815_200631790.jpg","BrowCam","/BrowCam.20260815_200631790.jpg","UserSelect","/UserSelect.20260815_200631790.jpg","","","-999.99","2.40","-999.99","-999.99","6a80c6c73a81d30014edeaec"
"2026-08-15T20:07:01.835Z","45.9246612","-129.9822815","ASNAP","","admin","","","","","","","","","","","","","","3314.18","888.58","-2.1","-5.5","180.52","1521.81","2.20","SciCam","/SciCam.20260815_200701835.jpg","PilotCam","/PilotCam.20260815_200701835.jpg","BrowCam","/BrowCam.20260815_200701835.jpg","UserSelect","/UserSelect.20260815_200701835.jpg","","","-999.99","2.41","-999.99","-999.99","6a80c6e53a81d30014edeaf0"
"2026-08-15T20:07:31.867Z","45.9246475","-129.9822780","ASNAP","","admin","","","","","","","","","","","","","","3314.45","887.06","-2.2","-5.8","179.88","1522.04","1.92","SciCam","/SciCam.20260815_200731867.jpg","PilotCam","/PilotCam.20260815_200731867.jpg","BrowCam","/BrowCam.20260815_200731867.jpg","UserSelect","/UserSelect.20260815_200731867.jpg","","","-999.99","2.42","-999.99","-999.99","6a80c7033a81d30014edeaf4"
"2026-08-15T20:07:44.239Z","45.9246341","-129.9822740","Biology Type","","guest","","","","","Bacterial mat","","","","","","","","","3314.76","885.57","-1.9","-5.6","179.85","1521.77","2.13","SciCam","/SciCam.20260815_200744239.jpg","PilotCam","/PilotCam.20260815_200744239.jpg","BrowCam","/BrowCam.20260815_200744239.jpg","UserSelect","/UserSelect.20260815_200744239.jpg","","","-999.99","2.41","-999.99","-999.99","6a80c7103a81d30014edeaf8"
"2026-08-15T20:08:01.883Z","45.9246187","-129.9822691","ASNAP","","admin","","","","","","","","","","","","","","3315.14","883.86","-2.1","-5.6","179.83","1521.61","2.38","SciCam","/SciCam.20260815_200801883.jpg","PilotCam","/PilotCam.20260815_200801883.jpg","BrowCam","/BrowCam.20260815_200801883.jpg","UserSelect","/UserSelect.20260815_200801883.jpg","","","-999.99","2.41","-999.99","-999.99","6a80c7213a81d30014edeafc"
"2026-08-15T20:08:31.925Z","45.9245885","-129.9822654","ASNAP","","admin","","","","","","","","","","","","","","3315.43","880.51","-2.2","-5.7","180.04","1521.61","2.56","SciCam","/SciCam.20260815_200831925.jpg","PilotCam","/PilotCam.20260815_200831925.jpg","BrowCam","/BrowCam.20260815_200831925.jpg","UserSelect","/UserSelect.20260815_200831925.jpg","","","-999.99","2.43","-999.99","-999.99","6a80c73f3a81d30014edeb00"
"2026-08-15T20:09:01.969Z","45.9245728","-129.9822720","ASNAP","","admin","","","","","","","","","","","","","","3314.92","878.76","-2.2","-5.7","180.63","1521.79","2.41","SciCam","/SciCam.20260815_200901969.jpg","PilotCam","/PilotCam.20260815_200901969.jpg","BrowCam","/BrowCam.20260815_200901969.jpg","UserSelect","/UserSelect.20260815_200901969.jpg","","","-999.99","2.44","-999.99","-999.99","6a80c75d3a81d30014edeb04"
"2026-08-15T20:09:07.806Z","45.9245669","-129.9822753","Geologic Formations","Lava river","guest","","","","","","","","","","","","","","3314.66","878.10","-2.2","-5.7","180.53","1521.83","2.36","SciCam","/SciCam.20260815_200907806.jpg","PilotCam","/PilotCam.20260815_200907806.jpg","BrowCam","/BrowCam.20260815_200907806.jpg","UserSelect","/UserSelect.20260815_200907806.jpg","","","-999.99","2.45","-999.99","-999.99","6a80c7633a81d30014edeb08"
"2026-08-15T20:09:32.012Z","45.9245499","-129.9822838","ASNAP","","admin","","","","","","","","","","","","","","3314.00","876.21","-2.1","-5.7","179.82","1522.14","2.20","SciCam","/SciCam.20260815_200932012.jpg","PilotCam","/PilotCam.20260815_200932012.jpg","BrowCam","/BrowCam.20260815_200932012.jpg","UserSelect","/UserSelect.20260815_200932012.jpg","","","-999.99","2.44","-999.99","-999.99","6a80c77c3a81d30014edeb0c"
"2026-08-15T20:09:57.157Z","45.9245300","-129.9822935","Biology Type","","guest","","","","","Unidentified","","","","","","","","","3313.25","874.00","-2.3","-5.7","180.17","1522.58","1.87","SciCam","/SciCam.20260815_200957157.jpg","PilotCam","/PilotCam.20260815_200957157.jpg","BrowCam","/BrowCam.20260815_200957157.jpg","UserSelect","/UserSelect.20260815_200957157.jpg","","","-999.99","2.44","-999.99","-999.99","6a80c7953a81d30014edeb10"
"2026-08-15T20:10:02.053Z","45.9245271","-129.9822956","ASNAP","","admin","","","","","","","","","","","","","","3313.09","873.68","-2.2","-5.7","180.38","1522.64","1.72","SciCam","/SciCam.20260815_201002053.jpg","PilotCam","/PilotCam.20260815_201002053.jpg","BrowCam","/BrowCam.20260815_201002053.jpg","UserSelect","/UserSelect.20260815_201002053.jpg","","","-999.99","2.43","-999.99","-999.99","6a80c79a3a81d30014edeb14"
"2026-08-15T20:10:32.094Z","45.9245055","-129.9823079","ASNAP","","admin","","","","","","","","","","","","","","3312.13","871.28","-2.2","-5.6","180.39","1522.69","1.95","SciCam","/SciCam.20260815_201032094.jpg","PilotCam","/PilotCam.20260815_201032094.jpg","BrowCam","/BrowCam.20260815_201032094.jpg","UserSelect","/UserSelect.20260815_201032094.jpg","","","-999.99","2.45","-999.99","-999.99","6a80c7b83a81d30014edeb18"
"2026-08-15T20:11:02.139Z","45.9244785","-129.9823217","ASNAP","","admin","","","","","","","","","","","","","","3311.06","868.28","-2.1","-5.6","180.04","1522.72","2.05","SciCam","/SciCam.20260815_201102139.jpg","PilotCam","/PilotCam.20260815_201102139.jpg","BrowCam","/BrowCam.20260815_201102139.jpg","UserSelect","/UserSelect.20260815_201102139.jpg","","","-999.99","2.42","-999.99","-999.99","6a80c7d63a81d30014edeb1c"
"2026-08-15T20:11:32.181Z","45.9244448","-129.9823182","ASNAP","","admin","","","","","","","","","","","","","","3311.33","864.53","-2.2","-5.6","179.76","1522.75","1.95","SciCam","/SciCam.20260815_201132181.jpg","PilotCam","/PilotCam.20260815_201132181.jpg","BrowCam","/BrowCam.20260815_201132181.jpg","UserSelect","/UserSelect.20260815_201132181.jpg","","","-999.99","2.47","-999.99","-999.99","6a80c7f43a81d30014edeb20"
"2026-08-15T20:11:48.000Z","","","SulisCam","","admin","","","","","","","sulis_20260815201148.jpg","","","","","","","","","","","","","","","","","","","","","","5.689","357.775","","","","","6a8330c93a81d30014ee26e0"
"2026-08-15T20:11:48.182Z","45.9244281","-129.9823135","Biology Type","","guest","","","","","Sea cucumber","","","","","","","","","3311.70","862.68","-2.2","-5.7","179.88","1522.74","1.80","SciCam","/SciCam.20260815_201148182.jpg","PilotCam","/PilotCam.20260815_201148182.jpg","BrowCam","/BrowCam.20260815_201148182.jpg","UserSelect","/UserSelect.20260815_201148182.jpg","","","-999.99","2.43","-999.99","-999.99","6a80c8043a81d30014edeb24"
"2026-08-15T20:12:02.225Z","45.9244193","-129.9823148","ASNAP","","admin","","","","","","","","","","","","","","3311.60","861.70","-2.3","-5.2","179.86","1522.70","1.95","SciCam","/SciCam.20260815_201202225.jpg","PilotCam","/PilotCam.20260815_201202225.jpg","BrowCam","/BrowCam.20260815_201202225.jpg","UserSelect","/UserSelect.20260815_201202225.jpg","","","-999.99","2.45","-999.99","-999.99","6a80c8123a81d30014edeb28"
"2026-08-15T20:12:32.251Z","45.9243896","-129.9823169","ASNAP","","admin","","","","","","","","","","","","","","3311.43","858.40","-2.2","-5.6","179.73","1522.75","1.80","SciCam","/SciCam.20260815_201232251.jpg","PilotCam","/PilotCam.20260815_201232251.jpg","BrowCam","/BrowCam.20260815_201232251.jpg","UserSelect","/UserSelect.20260815_201232251.jpg","","","-999.99","2.48","-999.99","-999.99","6a80c8303a81d30014edeb2c"
"2026-08-15T20:12:32.329Z","45.9243883","-129.9823171","Biology Type","Shrimp","guest","","","","","","","","","","","","","","3311.42","858.25","-2.2","-5.7","179.70","1522.75","1.64","SciCam","/SciCam.20260815_201232329.jpg","PilotCam","/PilotCam.20260815_201232329.jpg","BrowCam","/BrowCam.20260815_201232329.jpg","UserSelect","/UserSelect.20260815_201232329.jpg","","","-999.99","2.48","-999.99","-999.99","6a80c8303a81d30014edeb2f"
"2026-08-15T20:13:02.293Z","45.9243641","-129.9823181","ASNAP","","admin","","","","","","","","","","","","","","3311.34","855.56","-2.0","-5.8","181.38","1522.73","1.75","SciCam","/SciCam.20260815_201302293.jpg","PilotCam","/PilotCam.20260815_201302293.jpg","BrowCam","/BrowCam.20260815_201302293.jpg","UserSelect","/UserSelect.20260815_201302293.jpg","","","-999.99","2.45","-999.99","-999.99","6a80c84e3a81d30014edeb34"
"2026-08-15T20:13:23.211Z","45.9243746","-129.9823197","Biology Type","","guest","","","","","Bacterial mat","","","","","","","","","3311.22","856.73","-2.0","-5.7","180.34","1522.70","1.67","SciCam","/SciCam.20260815_201323211.jpg","PilotCam","/PilotCam.20260815_201323211.jpg","BrowCam","/BrowCam.20260815_201323211.jpg","UserSelect","/UserSelect.20260815_201323211.jpg","","","-999.99","2.45","-999.99","-999.99","6a80c8633a81d30014edeb38"
"2026-08-15T20:13:32.317Z","45.9243822","-129.9823224","ASNAP","","admin","","","","","","","","","","","","","","3311.01","857.58","-2.1","-6.1","180.32","1522.27","2.25","SciCam","/SciCam.20260815_201332317.jpg","PilotCam","/PilotCam.20260815_201332317.jpg","BrowCam","/BrowCam.20260815_201332317.jpg","UserSelect","/UserSelect.20260815_201332317.jpg","","","-999.99","2.43","-999.99","-999.99","6a80c86c3a81d30014edeb3c"
"2026-08-15T20:14:02.353Z","45.9243526","-129.9823252","ASNAP","","admin","","","","","","","","","","","","","","3310.79","854.29","-2.2","-5.8","180.61","1522.53","2.15","SciCam","/SciCam.20260815_201402353.jpg","PilotCam","/PilotCam.20260815_201402353.jpg","BrowCam","/BrowCam.20260815_201402353.jpg","UserSelect","/UserSelect.20260815_201402353.jpg","","","-999.99","2.44","-999.99","-999.99","6a80c88a3a81d30014edeb40"
"2026-08-15T20:14:06.749Z","45.9243477","-129.9823256","Geologic Formations","","guest","","","","","","","","","","","Flow","","","3310.76","853.74","-2.2","-5.8","180.50","1522.65","2.05","SciCam","/SciCam.20260815_201406749.jpg","PilotCam","/PilotCam.20260815_201406749.jpg","BrowCam","/BrowCam.20260815_201406749.jpg","UserSelect","/UserSelect.20260815_201406749.jpg","","","-999.99","2.43","-999.99","-999.99","6a80c88e3a81d30014edeb44"
"2026-08-15T20:14:11.794Z","45.9243413","-129.9823260","Biology Type","","guest","","","","","Tubeworm","","","","","","","","","3310.73","853.03","-2.2","-5.7","179.83","1522.80","1.95","SciCam","/SciCam.20260815_201411794.jpg","PilotCam","/PilotCam.20260815_201411794.jpg","BrowCam","/BrowCam.20260815_201411794.jpg","UserSelect","/UserSelect.20260815_201411794.jpg","","","-999.99","2.45","-999.99","-999.99","6a80c8933a81d30014edeb48"
"2026-08-15T20:14:30.009Z","45.9243177","-129.9823237","Geologic Formations","","guest","","","","","","","","","","","Lava whirls","","","3310.91","850.40","-2.3","-5.8","179.99","1523.15","1.54","SciCam","/SciCam.20260815_201430009.jpg","PilotCam","/PilotCam.20260815_201430009.jpg","BrowCam","/BrowCam.20260815_201430009.jpg","UserSelect","/UserSelect.20260815_201430009.jpg","","","-999.99","2.51","-999.99","-999.99","6a80c8a63a81d30014edeb4c"
"2026-08-15T20:14:32.397Z","45.9243143","-129.9823233","ASNAP","","admin","","","","","","","","","","","","","","3310.94","850.03","-2.2","-5.7","179.94","1523.15","1.64","SciCam","/SciCam.20260815_201432397.jpg","PilotCam","/PilotCam.20260815_201432397.jpg","BrowCam","/BrowCam.20260815_201432397.jpg","UserSelect","/UserSelect.20260815_201432397.jpg","","","-999.99","2.45","-999.99","-999.99","6a80c8a83a81d30014edeb50"
"2026-08-15T20:15:02.421Z","45.9242866","-129.9823256","ASNAP","","admin","","","","","","","","","","","","","","3310.76","846.95","-1.9","-5.3","180.18","1523.48","1.29","SciCam","/SciCam.20260815_201502421.jpg","PilotCam","/PilotCam.20260815_201502421.jpg","BrowCam","/BrowCam.20260815_201502421.jpg","UserSelect","/UserSelect.20260815_201502421.jpg","","","-999.99","2.46","-999.99","-999.99","6a80c8c63a81d30014edeb54"
"2026-08-15T20:15:32.467Z","45.9242685","-129.9823193","ASNAP","","admin","","","","","","","","","","","","","","3311.25","844.94","-1.8","-5.9","180.21","1522.90","1.87","SciCam","/SciCam.20260815_201532467.jpg","PilotCam","/PilotCam.20260815_201532467.jpg","BrowCam","/BrowCam.20260815_201532467.jpg","UserSelect","/UserSelect.20260815_201532467.jpg","","","-999.99","2.46","-999.99","-999.99","6a80c8e43a81d30014edeb58"
"2026-08-15T20:15:39.523Z","45.9242633","-129.9823193","Biology Type","","guest","","","","","Clams","","","","","","","","","3311.25","844.36","-2.1","-5.8","179.88","1522.86","1.98","SciCam","/SciCam.20260815_201539523.jpg","PilotCam","/PilotCam.20260815_201539523.jpg","BrowCam","/BrowCam.20260815_201539523.jpg","UserSelect","/UserSelect.20260815_201539523.jpg","","","-999.99","2.44","-999.99","-999.99","6a80c8eb3a81d30014edeb5c"
"2026-08-15T20:15:59.331Z","45.9242436","-129.9823182","Biology Type","Spider crabs","guest","","","","","Crab","","","","","","","","","3311.33","842.17","-2.1","-5.7","180.08","1522.86","1.92","SciCam","/SciCam.20260815_201559331.jpg","PilotCam","/PilotCam.20260815_201559331.jpg","BrowCam","/BrowCam.20260815_201559331.jpg","UserSelect","/UserSelect.20260815_201559331.jpg","","","-999.99","2.43","-999.99","-999.99","6a80c8ff3a81d30014edeb60"
"2026-08-15T20:16:02.509Z","45.9242434","-129.9823184","ASNAP","","admin","","","","","","","","","","","","","","3311.32","842.15","-2.2","-5.8","180.16","1522.86","1.92","SciCam","/SciCam.20260815_201602509.jpg","PilotCam","/PilotCam.20260815_201602509.jpg","BrowCam","/BrowCam.20260815_201602509.jpg","UserSelect","/UserSelect.20260815_201602509.jpg","","","-999.99","2.35","-999.99","-999.99","6a80c9023a81d30014edeb64"
"2026-08-15T20:16:32.553Z","45.9242294","-129.9823115","ASNAP","","admin","","","","","","","","","","","","","","3311.85","840.59","-2.3","-5.8","180.83","1522.87","1.87","SciCam","/SciCam.20260815_201632553.jpg","PilotCam","/PilotCam.20260815_201632553.jpg","BrowCam","/BrowCam.20260815_201632553.jpg","UserSelect","/UserSelect.20260815_201632553.jpg","","","-999.99","2.42","-999.99","-999.99","6a80c9203a81d30014edeb68"
"2026-08-15T20:16:41.914Z","45.9242311","-129.9823119","Biology Type","","guest","","","","","Clams","","","","","","","","","3311.82","840.78","-2.0","-5.9","180.50","1522.92","1.85","SciCam","/SciCam.20260815_201641914.jpg","PilotCam","/PilotCam.20260815_201641914.jpg","BrowCam","/BrowCam.20260815_201641914.jpg","UserSelect","/UserSelect.20260815_201641914.jpg","","","-999.99","2.43","-999.99","-999.99","6a80c9293a81d30014edeb6c"
"2026-08-15T20:16:52.165Z","45.9242302","-129.9823123","Biology Type","","guest","","","","","Tubeworm","","","","","","","","","3311.79","840.68","-2.2","-5.9","181.05","1522.91","1.82","SciCam","/SciCam.20260815_201652165.jpg","PilotCam","/PilotCam.20260815_201652165.jpg","BrowCam","/BrowCam.20260815_201652165.jpg","UserSelect","/UserSelect.20260815_201652165.jpg","","","-999.99","2.44","-999.99","-999.99","6a80c9343a81d30014edeb73"
"2026-08-15T20:17:02.571Z","45.9242302","-129.9823117","ASNAP","","admin","","","","","","","","","","","","","","3311.84","840.68","-2.4","-6.0","175.44","1522.93","1.85","SciCam","/SciCam.20260815_201702571.jpg","PilotCam","/PilotCam.20260815_201702571.jpg","BrowCam","/BrowCam.20260815_201702571.jpg","UserSelect","/UserSelect.20260815_201702571.jpg","","","-999.99","2.42","-999.99","-999.99","6a80c93e3a81d30014edeb77"
"2026-08-15T20:17:20.311Z","45.9242303","-129.9823118","HIGHLIGHTS","","guest","","","","","","4K highlights start","","","","","","","","3311.83","840.69","-2.2","-6.0","175.61","1522.93","1.82","SciCam","/SciCam.20260815_201720311.jpg","PilotCam","/PilotCam.20260815_201720311.jpg","BrowCam","/BrowCam.20260815_201720311.jpg","UserSelect","/UserSelect.20260815_201720311.jpg","","","-999.99","2.49","-999.99","-999.99","6a80c9503a81d30014edeb7b"
"2026-08-15T20:17:27.000Z","","","SulisCam","","admin","","","","","","","sulis_20260815201727.jpg","","","","","","","","","","","","","","","","","","","","","","5.993","357.866","","","","","6a8330c93a81d30014ee26e2"
"2026-08-15T20:17:32.616Z","45.9242300","-129.9823117","ASNAP","","admin","","","","","","","","","","","","","","3311.84","840.66","-2.2","-6.0","175.64","1522.91","1.85","SciCam","/SciCam.20260815_201732616.jpg","PilotCam","/PilotCam.20260815_201732616.jpg","BrowCam","/BrowCam.20260815_201732616.jpg","UserSelect","/UserSelect.20260815_201732616.jpg","","","-999.99","2.46","-999.99","-999.99","6a80c95c3a81d30014edeb7f"
"2026-08-15T20:18:02.663Z","45.9242259","-129.9823101","ASNAP","","admin","","","","","","","","","","","","","","3311.96","840.20","-2.2","-6.3","174.37","1522.97","1.80","SciCam","/SciCam.20260815_201802663.jpg","PilotCam","/PilotCam.20260815_201802663.jpg","BrowCam","/BrowCam.20260815_201802663.jpg","UserSelect","/UserSelect.20260815_201802663.jpg","","","-999.99","2.49","-999.99","-999.99","6a80c97a3a81d30014edeb83"
"2026-08-15T20:18:24.416Z","45.9241997","-129.9822852","HIGHLIGHTS","","guest","","","","","","4K highlights stop","","","","","","","","3313.89","837.29","-2.3","-6.1","174.86","1523.03","1.69","SciCam","/SciCam.20260815_201824416.jpg","PilotCam","/PilotCam.20260815_201824416.jpg","BrowCam","/BrowCam.20260815_201824416.jpg","UserSelect","/UserSelect.20260815_201824416.jpg","","","-999.99","2.43","-999.99","-999.99","6a80c9903a81d30014edeb87"
"2026-08-15T20:18:32.705Z","45.9241840","-129.9822788","ASNAP","","admin","","","","","","","","","","","","","","3314.39","835.54","-2.2","-6.5","175.47","1522.94","1.72","SciCam","/SciCam.20260815_201832705.jpg","PilotCam","/PilotCam.20260815_201832705.jpg","BrowCam","/BrowCam.20260815_201832705.jpg","UserSelect","/UserSelect.20260815_201832705.jpg","","","-999.99","2.46","-999.99","-999.99","6a80c9983a81d30014edeb8b"
"2026-08-15T20:19:00.303Z","45.9241309","-129.9822383","NAV","Adjusting so donut has larger working area by river/clams","guest","","","","Ship moving","","","","","","","","","","3317.53","829.64","-2.3","-6.1","175.03","1523.17","1.67","SciCam","/SciCam.20260815_201900303.jpg","PilotCam","/PilotCam.20260815_201900303.jpg","BrowCam","/BrowCam.20260815_201900303.jpg","UserSelect","/UserSelect.20260815_201900303.jpg","","","-999.99","2.47","-999.99","-999.99","6a80c9b43a81d30014edeb8f"
"2026-08-15T20:19:02.749Z","45.9241248","-129.9822356","ASNAP","","admin","","","","","","","","","","","","","","3317.74","828.96","-2.3","-5.6","175.20","1523.14","1.64","SciCam","/SciCam.20260815_201902749.jpg","PilotCam","/PilotCam.20260815_201902749.jpg","BrowCam","/BrowCam.20260815_201902749.jpg","UserSelect","/UserSelect.20260815_201902749.jpg","","","-999.99","2.43","-999.99","-999.99","6a80c9b63a81d30014edeb93"
"2026-08-15T20:19:32.794Z","45.9240583","-129.9822079","ASNAP","","admin","","","","","","","","","","","","","","3319.89","821.57","-2.0","-5.8","176.88","1523.14","1.47","SciCam","/SciCam.20260815_201932794.jpg","PilotCam","/PilotCam.20260815_201932794.jpg","BrowCam","/BrowCam.20260815_201932794.jpg","UserSelect","/UserSelect.20260815_201932794.jpg","","","-999.99","2.44","-999.99","-999.99","6a80c9d43a81d30014edeb97"
"2026-08-15T20:19:51.667Z","45.9240211","-129.9822012","Biology Type","","guest","","","","","Tubeworm","","","","","","","","","3320.41","817.44","-0.6","-5.7","175.00","1522.95","1.80","SciCam","/SciCam.20260815_201951667.jpg","PilotCam","/PilotCam.20260815_201951667.jpg","BrowCam","/BrowCam.20260815_201951667.jpg","UserSelect","/UserSelect.20260815_201951667.jpg","","","-999.99","2.41","-999.99","-999.99","6a80c9e73a81d30014edeb9b"
"2026-08-15T20:20:02.837Z","45.9240174","-129.9822006","ASNAP","","admin","","","","","","","","","","","","","","3320.46","817.03","-2.5","-5.8","175.11","1523.15","1.54","SciCam","/SciCam.20260815_202002837.jpg","PilotCam","/PilotCam.20260815_202002837.jpg","BrowCam","/BrowCam.20260815_202002837.jpg","UserSelect","/UserSelect.20260815_202002837.jpg","","","-999.99","2.44","-999.99","-999.99","6a80c9f23a81d30014edeb9f"
"2026-08-15T20:20:13.000Z","","","SulisCam","","admin","","","","","","","sulis_20260815202013.jpg","","","","","","","","","","","","","","","","","","","","","","2.045","1.024","","","","","6a8330c93a81d30014ee26e4"
"2026-08-15T20:20:32.881Z","45.9240170","-129.9822025","ASNAP","","admin","","","","","","","","","","","","","","3320.31","816.98","-0.0","-2.9","176.61","1523.53","1.08","SciCam","/SciCam.20260815_202032881.jpg","PilotCam","/PilotCam.20260815_202032881.jpg","BrowCam","/BrowCam.20260815_202032881.jpg","UserSelect","/UserSelect.20260815_202032881.jpg","","","-999.99","2.49","-999.99","-999.99","6a80ca103a81d30014edeba3"
"2026-08-15T20:21:02.925Z","45.9240172","-129.9822026","ASNAP","","admin","","","","","","","","","","","","","","3320.30","817.00","0.2","-2.8","177.10","1523.53","1.08","SciCam","/SciCam.20260815_202102925.jpg","PilotCam","/PilotCam.20260815_202102925.jpg","BrowCam","/BrowCam.20260815_202102925.jpg","UserSelect","/UserSelect.20260815_202102925.jpg","","","-999.99","2.46","-999.99","-999.99","6a80ca2e3a81d30014edeba7"
"2026-08-15T20:21:17.656Z","45.9240163","-129.9822024","Biology Type","","guest","","","","","Tubeworm","","","","","","","","","3320.32","816.90","-2.8","-4.7","176.77","1523.11","1.59","SciCam","/SciCam.20260815_202117656.jpg","PilotCam","/PilotCam.20260815_202117656.jpg","BrowCam","/BrowCam.20260815_202117656.jpg","UserSelect","/UserSelect.20260815_202117656.jpg","","","-999.99","2.47","-999.99","-999.99","6a80ca3d3a81d30014edebab"
"2026-08-15T20:21:32.969Z","45.9239933","-129.9821969","ASNAP","","admin","","","","","","","","","","","","","","3320.74","814.35","-1.9","-6.1","176.48","1522.94","1.85","SciCam","/SciCam.20260815_202132969.jpg","PilotCam","/PilotCam.20260815_202132969.jpg","BrowCam","/BrowCam.20260815_202132969.jpg","UserSelect","/UserSelect.20260815_202132969.jpg","","","-999.99","2.47","-999.99","-999.99","6a80ca4c3a81d30014edebaf"
"2026-08-15T20:21:44.182Z","45.9239743","-129.9822006","Biology Type","","guest","","","","","Crab","","","","","","","","","3320.46","812.24","-1.8","-6.2","176.25","1523.02","1.67","SciCam","/SciCam.20260815_202144182.jpg","PilotCam","/PilotCam.20260815_202144182.jpg","BrowCam","/BrowCam.20260815_202144182.jpg","UserSelect","/UserSelect.20260815_202144182.jpg","","","-999.99","2.49","-999.99","-999.99","6a80ca583a81d30014edebb3"
"2026-08-15T20:21:57.844Z","45.9239498","-129.9822051","Biology Type","","guest","","","","","Crab","","","","","","","","","3320.11","809.51","-1.7","-6.2","176.27","1522.91","1.59","SciCam","/SciCam.20260815_202157844.jpg","PilotCam","/PilotCam.20260815_202157844.jpg","BrowCam","/BrowCam.20260815_202157844.jpg","UserSelect","/UserSelect.20260815_202157844.jpg","","","-999.99","2.43","-999.99","-999.99","6a80ca653a81d30014edebb7"
"2026-08-15T20:22:03.003Z","45.9239417","-129.9822071","ASNAP","","admin","","","","","","","","","","","","","","3319.95","808.61","-2.2","-5.7","176.32","1522.70","1.85","SciCam","/SciCam.20260815_202203003.jpg","PilotCam","/PilotCam.20260815_202203003.jpg","BrowCam","/BrowCam.20260815_202203003.jpg","UserSelect","/UserSelect.20260815_202203003.jpg","","","-999.99","2.44","-999.99","-999.99","6a80ca6b3a81d30014edebbb"
"2026-08-15T20:22:33.044Z","45.9238668","-129.9822191","ASNAP","","admin","","","","","","","","","","","","","","3319.02","800.29","-2.4","-5.9","177.55","1522.70","2.08","SciCam","/SciCam.20260815_202233044.jpg","PilotCam","/PilotCam.20260815_202233044.jpg","BrowCam","/BrowCam.20260815_202233044.jpg","UserSelect","/UserSelect.20260815_202233044.jpg","","","-999.99","2.50","-999.99","-999.99","6a80ca893a81d30014edebbf"
"2026-08-15T20:22:49.738Z","45.9238329","-129.9822328","Biology Type","","guest","","","","","Clams","","","","","","","","","3317.96","796.52","-2.3","-5.5","176.08","1522.62","2.10","SciCam","/SciCam.20260815_202249738.jpg","PilotCam","/PilotCam.20260815_202249738.jpg","BrowCam","/BrowCam.20260815_202249738.jpg","UserSelect","/UserSelect.20260815_202249738.jpg","","","-999.99","2.44","-999.99","-999.99","6a80ca993a81d30014edebc3"
"2026-08-15T20:23:03.090Z","45.9238140","-129.9822406","ASNAP","","admin","","","","","","","","","","","","","","3317.35","794.42","-2.2","-5.6","176.05","1522.63","1.92","SciCam","/SciCam.20260815_202303090.jpg","PilotCam","/PilotCam.20260815_202303090.jpg","BrowCam","/BrowCam.20260815_202303090.jpg","UserSelect","/UserSelect.20260815_202303090.jpg","","","-999.99","2.47","-999.99","-999.99","6a80caa73a81d30014edebc7"
"2026-08-15T20:23:33.107Z","45.9237773","-129.9822816","ASNAP","","admin","","","","","","","","","","","","","","3314.17","790.34","-2.3","-5.7","175.78","1522.69","1.77","SciCam","/SciCam.20260815_202333107.jpg","PilotCam","/PilotCam.20260815_202333107.jpg","BrowCam","/BrowCam.20260815_202333107.jpg","UserSelect","/UserSelect.20260815_202333107.jpg","","","-999.99","2.41","-999.99","-999.99","6a80cac53a81d30014edebcb"
"2026-08-15T20:23:49.661Z","45.9237360","-129.9823014","Biology Type","","guest","","","","","Clams","","","","","","","","","3312.64","785.75","-2.2","-6.1","176.63","1522.76","1.82","SciCam","/SciCam.20260815_202349661.jpg","PilotCam","/PilotCam.20260815_202349661.jpg","BrowCam","/BrowCam.20260815_202349661.jpg","UserSelect","/UserSelect.20260815_202349661.jpg","","","-999.99","2.42","-999.99","-999.99","6a80cad53a81d30014edebcf"
"2026-08-15T20:23:55.286Z","45.9237249","-129.9823035","Biology Type","","guest","","","","","Clams","","","","","","","","","3312.47","784.52","-2.2","-5.7","176.18","1522.65","1.80","SciCam","/SciCam.20260815_202355286.jpg","PilotCam","/PilotCam.20260815_202355286.jpg","BrowCam","/BrowCam.20260815_202355286.jpg","UserSelect","/UserSelect.20260815_202355286.jpg","","","-999.99","2.45","-999.99","-999.99","6a80cadb3a81d30014edebd3"
"2026-08-15T20:24:03.000Z","","","SulisCam","","admin","","","","","","","sulis_20260815202403.jpg","","","","","","","","","","","","","","","","","","","","","","5.427","357.851","","","","","6a8330c93a81d30014ee26e6"
"2026-08-15T20:24:03.150Z","45.9237113","-129.9823066","ASNAP","","admin","","","","","","","","","","","","","","3312.23","783.00","-2.2","-5.4","176.74","1522.60","2.05","SciCam","/SciCam.20260815_202403150.jpg","PilotCam","/PilotCam.20260815_202403150.jpg","BrowCam","/BrowCam.20260815_202403150.jpg","UserSelect","/UserSelect.20260815_202403150.jpg","","","-999.99","2.44","-999.99","-999.99","6a80cae33a81d30014edebd7"
"2026-08-15T20:24:19.880Z","45.9236969","-129.9823064","Biology Type","","guest","","","","","Clams","","","","","","","","","3312.25","781.40","-2.2","-5.8","175.77","1522.65","2.03","SciCam","/SciCam.20260815_202419880.jpg","PilotCam","/PilotCam.20260815_202419880.jpg","BrowCam","/BrowCam.20260815_202419880.jpg","UserSelect","/UserSelect.20260815_202419880.jpg","","","-999.99","2.44","-999.99","-999.99","6a80caf33a81d30014edebdb"
"2026-08-15T20:24:23.000Z","","","SulisCam","","admin","","","","","","","sulis_20260815202423.jpg","","","","","","","","","","","","","","","","","","","","","","5.785","357.889","","","","","6a8330c93a81d30014ee26e8"
"2026-08-15T20:24:33.193Z","45.9236964","-129.9823074","ASNAP","","admin","","","","","","","","","","","","","","3312.17","781.35","-2.1","-5.6","175.65","1523.10","1.72","SciCam","/SciCam.20260815_202433193.jpg","PilotCam","/PilotCam.20260815_202433193.jpg","BrowCam","/BrowCam.20260815_202433193.jpg","UserSelect","/UserSelect.20260815_202433193.jpg","","","-999.99","2.41","-999.99","-999.99","6a80cb013a81d30014edebdf"
"2026-08-15T20:24:35.851Z","45.9236971","-129.9823079","Biology Type","","guest","","","","","Crab","","","","","","","","","3312.13","781.43","-2.2","-5.9","175.76","1523.23","1.57","SciCam","/SciCam.20260815_202435851.jpg","PilotCam","/PilotCam.20260815_202435851.jpg","BrowCam","/BrowCam.20260815_202435851.jpg","UserSelect","/UserSelect.20260815_202435851.jpg","","","-999.99","2.46","-999.99","-999.99","6a80cb033a81d30014edebe3"
"2026-08-15T20:25:03.211Z","45.9236925","-129.9823059","ASNAP","","admin","","","","","","","","","","","","","","3312.29","780.91","-2.0","-6.0","176.25","1523.38","1.31","SciCam","/SciCam.20260815_202503211.jpg","PilotCam","/PilotCam.20260815_202503211.jpg","BrowCam","/BrowCam.20260815_202503211.jpg","UserSelect","/UserSelect.20260815_202503211.jpg","","","-999.99","2.42","-999.99","-999.99","6a80cb1f3a81d30014edebe7"
"2026-08-15T20:25:26.090Z","45.9236765","-129.9822793","Biology Type","","guest","","","","","Clams","","","","","","","","","3314.35","779.14","-2.4","-5.4","176.00","1523.27","1.47","SciCam","/SciCam.20260815_202526090.jpg","PilotCam","/PilotCam.20260815_202526090.jpg","BrowCam","/BrowCam.20260815_202526090.jpg","UserSelect","/UserSelect.20260815_202526090.jpg","","","-999.99","2.45","-999.99","-999.99","6a80cb363a81d30014edebeb"
"2026-08-15T20:25:33.253Z","45.9236715","-129.9822792","ASNAP","","admin","","","","","","","","","","","","","","3314.36","778.58","-2.1","-6.0","176.20","1523.39","1.34","SciCam","/SciCam.20260815_202533253.jpg","PilotCam","/PilotCam.20260815_202533253.jpg","BrowCam","/BrowCam.20260815_202533253.jpg","UserSelect","/UserSelect.20260815_202533253.jpg","","","-999.99","2.44","-999.99","-999.99","6a80cb3d3a81d30014edebef"
"2026-08-15T20:26:03.000Z","","","SulisCam","","admin","","","","","","","sulis_20260815202603.jpg","","","","","","","","","","","","","","","","","","","","","","3.327","358.058","","","","","6a8330c93a81d30014ee26ea"
"2026-08-15T20:26:03.297Z","45.9236582","-129.9822776","ASNAP","","admin","","","","","","","","","","","","","","3314.48","777.10","-1.9","-3.6","174.06","1523.52","1.13","SciCam","/SciCam.20260815_202603297.jpg","PilotCam","/PilotCam.20260815_202603297.jpg","BrowCam","/BrowCam.20260815_202603297.jpg","UserSelect","/UserSelect.20260815_202603297.jpg","","","-999.99","2.44","-999.99","-999.99","6a80cb5b3a81d30014edebf3"
"2026-08-15T20:26:20.652Z","45.9236580","-129.9822782","Biology Type","","guest","","","","","Clams","","","","","","","","","3314.44","777.08","-2.0","-2.0","174.17","1523.55","0.98","SciCam","/SciCam.20260815_202620652.jpg","PilotCam","/PilotCam.20260815_202620652.jpg","BrowCam","/BrowCam.20260815_202620652.jpg","UserSelect","/UserSelect.20260815_202620652.jpg","","","-999.99","2.47","-999.99","-999.99","6a80cb6c3a81d30014edebf7"
"2026-08-15T20:26:33.342Z","45.9236578","-129.9822783","ASNAP","","admin","","","","","","","","","","","","","","3314.43","777.06","-2.0","-2.0","174.17","1523.56","0.95","SciCam","/SciCam.20260815_202633342.jpg","PilotCam","/PilotCam.20260815_202633342.jpg","BrowCam","/BrowCam.20260815_202633342.jpg","UserSelect","/UserSelect.20260815_202633342.jpg","","","-999.99","2.43","-999.99","-999.99","6a80cb793a81d30014edebfb"
"2026-08-15T20:26:36.948Z","45.9236577","-129.9822785","HIGHLIGHTS","","guest","","","","","","4K highlights start","","","","","","","","3314.41","777.05","-2.0","-2.0","174.17","1523.56","0.98","SciCam","/SciCam.20260815_202636948.jpg","PilotCam","/PilotCam.20260815_202636948.jpg","BrowCam","/BrowCam.20260815_202636948.jpg","UserSelect","/UserSelect.20260815_202636948.jpg","","","-999.99","2.43","-999.99","-999.99","6a80cb7c3a81d30014edebff"
"2026-08-15T20:27:03.361Z","45.9236571","-129.9822785","ASNAP","","admin","","","","","","","","","","","","","","3314.41","776.98","-2.0","-2.0","174.17","1523.56","0.98","SciCam","/SciCam.20260815_202703361.jpg","PilotCam","/PilotCam.20260815_202703361.jpg","BrowCam","/BrowCam.20260815_202703361.jpg","UserSelect","/UserSelect.20260815_202703361.jpg","","","-999.99","2.46","-999.99","-999.99","6a80cb973a81d30014edec03"
"2026-08-15T20:27:17.220Z","45.9236567","-129.9822788","Biology Type","","guest","","","","","Clams","","","","","","","","","3314.39","776.94","-2.0","-2.0","174.17","1523.56","0.98","SciCam","/SciCam.20260815_202717220.jpg","PilotCam","/PilotCam.20260815_202717220.jpg","BrowCam","/BrowCam.20260815_202717220.jpg","UserSelect","/UserSelect.20260815_202717220.jpg","","","-999.99","2.44","-999.99","-999.99","6a80cba53a81d30014edec07"
"2026-08-15T20:27:33.405Z","45.9236560","-129.9822793","ASNAP","","admin","","","","","","","","","","","","","","3314.35","776.86","-2.0","-2.0","174.17","1523.56","0.98","SciCam","/SciCam.20260815_202733405.jpg","PilotCam","/PilotCam.20260815_202733405.jpg","BrowCam","/BrowCam.20260815_202733405.jpg","UserSelect","/UserSelect.20260815_202733405.jpg","","","-999.99","2.48","-999.99","-999.99","6a80cbb53a81d30014edec0b"
"2026-08-15T20:27:43.284Z","45.9236555","-129.9822794","Biology Type","","guest","","","","","Clams","","","","","","","","","3314.34","776.80","-2.0","-2.0","174.17","1523.57","0.98","SciCam","/SciCam.20260815_202743284.jpg","PilotCam","/PilotCam.20260815_202743284.jpg","BrowCam","/BrowCam.20260815_202743284.jpg","UserSelect","/UserSelect.20260815_202743284.jpg","","","-999.99","2.44","-999.99","-999.99","6a80cbbf3a81d30014edec0f"
"2026-08-15T20:28:03.429Z","45.9236547","-129.9822800","ASNAP","","admin","","","","","","","","","","","","","","3314.30","776.71","-2.0","-2.0","174.17","1523.57","0.98","SciCam","/SciCam.20260815_202803429.jpg","PilotCam","/PilotCam.20260815_202803429.jpg","BrowCam","/BrowCam.20260815_202803429.jpg","UserSelect","/UserSelect.20260815_202803429.jpg","","","-999.99","2.48","-999.99","-999.99","6a80cbd33a81d30014edec13"
"2026-08-15T20:28:04.755Z","45.9236547","-129.9822800","Biology Type","","guest","","","","","Snail","","","","","","","","","3314.30","776.71","-2.0","-2.0","174.17","1523.57","0.98","SciCam","/SciCam.20260815_202804755.jpg","PilotCam","/PilotCam.20260815_202804755.jpg","BrowCam","/BrowCam.20260815_202804755.jpg","UserSelect","/UserSelect.20260815_202804755.jpg","","","-999.99","2.49","-999.99","-999.99","6a80cbd43a81d30014edec17"
"2026-08-15T20:28:33.473Z","45.9236537","-129.9822803","ASNAP","","admin","","","","","","","","","","","","","","3314.27","776.60","-2.0","-2.0","174.17","1523.57","0.98","SciCam","/SciCam.20260815_202833473.jpg","PilotCam","/PilotCam.20260815_202833473.jpg","BrowCam","/BrowCam.20260815_202833473.jpg","UserSelect","/UserSelect.20260815_202833473.jpg","","","-999.99","2.51","-999.99","-999.99","6a80cbf13a81d30014edec1b"
"2026-08-15T20:28:41.745Z","45.9236535","-129.9822803","Biology Type","Whelks","guest","","","","","","","","","","","","","","3314.27","776.58","-2.0","-2.0","174.17","1523.57","0.98","SciCam","/SciCam.20260815_202841745.jpg","PilotCam","/PilotCam.20260815_202841745.jpg","BrowCam","/BrowCam.20260815_202841745.jpg","UserSelect","/UserSelect.20260815_202841745.jpg","","","-999.99","2.46","-999.99","-999.99","6a80cbf93a81d30014edec1f"
"2026-08-15T20:29:03.517Z","45.9236528","-129.9822805","ASNAP","","admin","","","","","","","","","","","","","","3314.26","776.50","-2.0","-2.0","174.17","1523.58","0.98","SciCam","/SciCam.20260815_202903517.jpg","PilotCam","/PilotCam.20260815_202903517.jpg","BrowCam","/BrowCam.20260815_202903517.jpg","UserSelect","/UserSelect.20260815_202903517.jpg","","","-999.99","2.44","-999.99","-999.99","6a80cc0f3a81d30014edec23"
"2026-08-15T20:29:33.563Z","45.9236524","-129.9822802","ASNAP","","admin","","","","","","","","","","","","","","3314.28","776.46","-2.0","-2.0","174.17","1523.58","0.98","SciCam","/SciCam.20260815_202933563.jpg","PilotCam","/PilotCam.20260815_202933563.jpg","BrowCam","/BrowCam.20260815_202933563.jpg","UserSelect","/UserSelect.20260815_202933563.jpg","","","-999.99","2.44","-999.99","-999.99","6a80cc2d3a81d30014edec27"
"2026-08-15T20:30:03.605Z","45.9236518","-129.9822800","ASNAP","","admin","","","","","","","","","","","","","","3314.30","776.39","-2.0","-2.0","174.17","1523.59","0.98","SciCam","/SciCam.20260815_203003605.jpg","PilotCam","/PilotCam.20260815_203003605.jpg","BrowCam","/BrowCam.20260815_203003605.jpg","UserSelect","/UserSelect.20260815_203003605.jpg","","","-999.99","2.44","-999.99","-999.99","6a80cc4b3a81d30014edec2b"
"2026-08-15T20:30:03.628Z","45.9236518","-129.9822800","Biology Type","Whelks, and snails","guest","","","","","Clams","","","","","","","","","3314.30","776.39","-2.0","-2.0","174.17","1523.59","0.98","SciCam","/SciCam.20260815_203003628.jpg","PilotCam","/PilotCam.20260815_203003628.jpg","BrowCam","/BrowCam.20260815_203003628.jpg","UserSelect","/UserSelect.20260815_203003628.jpg","","","-999.99","2.44","-999.99","-999.99","6a80cc4b3a81d30014edec2e"
"2026-08-15T20:30:33.649Z","45.9236514","-129.9822796","ASNAP","","admin","","","","","","","","","","","","","","3314.33","776.35","-2.0","-2.0","174.17","1523.59","0.98","SciCam","/SciCam.20260815_203033649.jpg","PilotCam","/PilotCam.20260815_203033649.jpg","BrowCam","/BrowCam.20260815_203033649.jpg","UserSelect","/UserSelect.20260815_203033649.jpg","","","-999.99","2.46","-999.99","-999.99","6a80cc693a81d30014edec33"
"2026-08-15T20:31:03.696Z","45.9236510","-129.9822792","ASNAP","","admin","","","","","","","","","","","","","","3314.36","776.30","-2.0","-2.0","174.17","1523.60","0.98","SciCam","/SciCam.20260815_203103696.jpg","PilotCam","/PilotCam.20260815_203103696.jpg","BrowCam","/BrowCam.20260815_203103696.jpg","UserSelect","/UserSelect.20260815_203103696.jpg","","","-999.99","2.46","-999.99","-999.99","6a80cc873a81d30014edec37"
"2026-08-15T20:31:33.740Z","45.9236505","-129.9822787","ASNAP","","admin","","","","","","","","","","","","","","3314.40","776.25","-2.0","-1.9","174.17","1523.60","0.98","SciCam","/SciCam.20260815_203133740.jpg","PilotCam","/PilotCam.20260815_203133740.jpg","BrowCam","/BrowCam.20260815_203133740.jpg","UserSelect","/UserSelect.20260815_203133740.jpg","","","-999.99","2.46","-999.99","-999.99","6a80cca53a81d30014edec3b"
"2026-08-15T20:31:50.212Z","45.9236501","-129.9822783","Biology Type","Crabs, whelks, snails, bacteria mats","guest","","","","","Clams","","","","","","","","","3314.43","776.20","-2.0","-1.9","174.17","1523.60","0.98","SciCam","/SciCam.20260815_203150212.jpg","PilotCam","/PilotCam.20260815_203150212.jpg","BrowCam","/BrowCam.20260815_203150212.jpg","UserSelect","/UserSelect.20260815_203150212.jpg","","","-999.99","2.44","-999.99","-999.99","6a80ccb63a81d30014edec3f"
"2026-08-15T20:32:03.787Z","45.9236499","-129.9822779","ASNAP","","admin","","","","","","","","","","","","","","3314.46","776.18","-2.0","-1.9","174.17","1523.60","0.98","SciCam","/SciCam.20260815_203203787.jpg","PilotCam","/PilotCam.20260815_203203787.jpg","BrowCam","/BrowCam.20260815_203203787.jpg","UserSelect","/UserSelect.20260815_203203787.jpg","","","-999.99","2.43","-999.99","-999.99","6a80ccc33a81d30014edec43"
"2026-08-15T20:32:33.829Z","45.9236490","-129.9822776","ASNAP","","admin","","","","","","","","","","","","","","3314.48","776.08","-2.0","-1.9","174.18","1523.61","0.98","SciCam","/SciCam.20260815_203233829.jpg","PilotCam","/PilotCam.20260815_203233829.jpg","BrowCam","/BrowCam.20260815_203233829.jpg","UserSelect","/UserSelect.20260815_203233829.jpg","","","-999.99","2.39","-999.99","-999.99","6a80cce13a81d30014edec47"
"2026-08-15T20:32:53.597Z","45.9236481","-129.9822776","Biology Type","Whelks","guest","","","","","","","","","","","","","","3314.48","775.98","-2.0","-1.9","174.18","1523.61","0.98","SciCam","/SciCam.20260815_203253597.jpg","PilotCam","/PilotCam.20260815_203253597.jpg","BrowCam","/BrowCam.20260815_203253597.jpg","UserSelect","/UserSelect.20260815_203253597.jpg","","","-999.99","2.41","-999.99","-999.99","6a80ccf53a81d30014edec4b"
"2026-08-15T20:33:03.847Z","45.9236478","-129.9822778","ASNAP","","admin","","","","","","","","","","","","","","3314.47","775.95","-2.0","-1.9","174.18","1523.61","0.98","SciCam","/SciCam.20260815_203303847.jpg","PilotCam","/PilotCam.20260815_203303847.jpg","BrowCam","/BrowCam.20260815_203303847.jpg","UserSelect","/UserSelect.20260815_203303847.jpg","","","-999.99","2.47","-999.99","-999.99","6a80ccff3a81d30014edec4f"
"2026-08-15T20:33:33.873Z","45.9236467","-129.9822782","ASNAP","","admin","","","","","","","","","","","","","","3314.44","775.83","-2.0","-1.9","174.18","1523.62","0.98","SciCam","/SciCam.20260815_203333873.jpg","PilotCam","/PilotCam.20260815_203333873.jpg","BrowCam","/BrowCam.20260815_203333873.jpg","UserSelect","/UserSelect.20260815_203333873.jpg","","","-999.99","2.46","-999.99","-999.99","6a80cd1d3a81d30014edec53"
"2026-08-15T20:33:54.735Z","45.9236465","-129.9822780","Biology Type","Whelks, snails","guest","","","","","Clams","","","","","","","","","3314.45","775.80","-2.0","-1.9","174.18","1523.62","0.98","SciCam","/SciCam.20260815_203354735.jpg","PilotCam","/PilotCam.20260815_203354735.jpg","BrowCam","/BrowCam.20260815_203354735.jpg","UserSelect","/UserSelect.20260815_203354735.jpg","","","-999.99","2.43","-999.99","-999.99","6a80cd323a81d30014edec57"
"2026-08-15T20:34:03.917Z","45.9236464","-129.9822778","ASNAP","","admin","","","","","","","","","","","","","","3314.47","775.79","-2.0","-1.9","174.18","1523.62","0.98","SciCam","/SciCam.20260815_203403917.jpg","PilotCam","/PilotCam.20260815_203403917.jpg","BrowCam","/BrowCam.20260815_203403917.jpg","UserSelect","/UserSelect.20260815_203403917.jpg","","","-999.99","2.43","-999.99","-999.99","6a80cd3b3a81d30014edec5b"
"2026-08-15T20:34:33.670Z","45.9236467","-129.9822776","HIGHLIGHTS","","guest","","","","","","4K highlights stop","","","","","","","","3314.48","775.83","-2.0","-5.5","175.00","1523.56","0.98","SciCam","/SciCam.20260815_203433670.jpg","PilotCam","/PilotCam.20260815_203433670.jpg","BrowCam","/BrowCam.20260815_203433670.jpg","UserSelect","/UserSelect.20260815_203433670.jpg","","","-999.99","2.43","-999.99","-999.99","6a80cd593a81d30014edec5f"
"2026-08-15T20:34:33.962Z","45.9236467","-129.9822776","ASNAP","","admin","","","","","","","","","","","","","","3314.48","775.83","-2.0","-5.5","175.00","1523.56","0.98","SciCam","/SciCam.20260815_203433962.jpg","PilotCam","/PilotCam.20260815_203433962.jpg","BrowCam","/BrowCam.20260815_203433962.jpg","UserSelect","/UserSelect.20260815_203433962.jpg","","","-999.99","2.39","-999.99","-999.99","6a80cd593a81d30014edec62"
"2026-08-15T20:35:01.726Z","45.9236720","-129.9822747","Biology Type","","guest","","","","","Crab","","","","","","","","","3314.71","778.64","-2.2","-5.9","236.46","1523.52","1.24","SciCam","/SciCam.20260815_203501726.jpg","PilotCam","/PilotCam.20260815_203501726.jpg","BrowCam","/BrowCam.20260815_203501726.jpg","UserSelect","/UserSelect.20260815_203501726.jpg","","","-999.99","2.42","-999.99","-999.99","6a80cd753a81d30014edec67"
"2026-08-15T20:35:04.006Z","45.9236749","-129.9822734","ASNAP","","admin","","","","","","","","","","","","","","3314.81","778.96","-2.2","-5.9","242.15","1523.52","1.21","SciCam","/SciCam.20260815_203504006.jpg","PilotCam","/PilotCam.20260815_203504006.jpg","BrowCam","/BrowCam.20260815_203504006.jpg","UserSelect","/UserSelect.20260815_203504006.jpg","","","-999.99","2.41","-999.99","-999.99","6a80cd783a81d30014edec6b"
"2026-08-15T20:35:34.051Z","45.9236941","-129.9822743","ASNAP","","admin","","","","","","","","","","","","","","3314.74","781.09","-2.3","-6.5","249.57","1523.13","1.41","SciCam","/SciCam.20260815_203534051.jpg","PilotCam","/PilotCam.20260815_203534051.jpg","BrowCam","/BrowCam.20260815_203534051.jpg","UserSelect","/UserSelect.20260815_203534051.jpg","","","-999.99","2.40","-999.99","-999.99","6a80cd963a81d30014edec6f"
"2026-08-15T20:35:50.222Z","45.9236926","-129.9823133","Biology Type","Rattail","guest","","","","","Fish","","","","","","","","","3311.71","780.93","-2.2","-5.9","249.30","1522.99","1.77","SciCam","/SciCam.20260815_203550222.jpg","PilotCam","/PilotCam.20260815_203550222.jpg","BrowCam","/BrowCam.20260815_203550222.jpg","UserSelect","/UserSelect.20260815_203550222.jpg","","","-999.99","2.40","-999.99","-999.99","6a80cda63a81d30014edec73"
"2026-08-15T20:36:04.081Z","45.9236889","-129.9823550","ASNAP","","admin","","","","","","","","","","","","","","3308.48","780.51","-2.3","-5.8","250.09","1522.89","1.87","SciCam","/SciCam.20260815_203604081.jpg","PilotCam","/PilotCam.20260815_203604081.jpg","BrowCam","/BrowCam.20260815_203604081.jpg","UserSelect","/UserSelect.20260815_203604081.jpg","","","-999.99","2.42","-999.99","-999.99","6a80cdb43a81d30014edec77"
"2026-08-15T20:36:20.636Z","45.9236844","-129.9824081","Geologic Formations","","guest","","","","","","","","","","","Lava whirls","","","3304.36","780.01","-2.3","-5.8","249.55","1522.84","1.95","SciCam","/SciCam.20260815_203620636.jpg","PilotCam","/PilotCam.20260815_203620636.jpg","BrowCam","/BrowCam.20260815_203620636.jpg","UserSelect","/UserSelect.20260815_203620636.jpg","","","-999.99","2.34","-999.99","-999.99","6a80cdc43a81d30014edec7b"
"2026-08-15T20:36:33.853Z","45.9236874","-129.9824312","Biology Type","rattail","guest","","","","","Fish","","","","","","","","","3302.57","780.35","-2.2","-5.4","250.04","1522.20","2.54","SciCam","/SciCam.20260815_203633853.jpg","PilotCam","/PilotCam.20260815_203633853.jpg","BrowCam","/BrowCam.20260815_203633853.jpg","UserSelect","/UserSelect.20260815_203633853.jpg","","","-999.99","2.38","-999.99","-999.99","6a80cdd13a81d30014edec7f"
"2026-08-15T20:36:34.000Z","","","SulisCam","","admin","","","","","","","sulis_20260815203634.jpg","","","","","","","","","","","","","","","","","","","","","","5.423","357.763","","","","","6a8330c93a81d30014ee26ec"
"2026-08-15T20:36:34.114Z","45.9236874","-129.9824312","ASNAP","","admin","","","","","","","","","","","","","","3302.57","780.35","-2.2","-5.4","250.04","1522.20","2.54","SciCam","/SciCam.20260815_203634114.jpg","PilotCam","/PilotCam.20260815_203634114.jpg","BrowCam","/BrowCam.20260815_203634114.jpg","UserSelect","/UserSelect.20260815_203634114.jpg","","","-999.99","2.37","-999.99","-999.99","6a80cdd23a81d30014edec82"
"2026-08-15T20:36:55.353Z","45.9236898","-129.9824440","NAV","","guest","","","","Ship moving","","","","","","","","","","3301.57","780.61","-2.1","-5.9","249.86","1522.33","2.48","SciCam","/SciCam.20260815_203655353.jpg","PilotCam","/PilotCam.20260815_203655353.jpg","BrowCam","/BrowCam.20260815_203655353.jpg","UserSelect","/UserSelect.20260815_203655353.jpg","","","-999.99","2.34","-999.99","-999.99","6a80cde73a81d30014edec87"
"2026-08-15T20:37:02.317Z","45.9236914","-129.9824437","Biology Type","","guest","","","","","Tubeworm","","","","","","","","","3301.60","780.79","-2.0","-5.7","249.98","1522.33","2.46","SciCam","/SciCam.20260815_203702317.jpg","PilotCam","/PilotCam.20260815_203702317.jpg","BrowCam","/BrowCam.20260815_203702317.jpg","UserSelect","/UserSelect.20260815_203702317.jpg","","","-999.99","2.42","-999.99","-999.99","6a80cdee3a81d30014edec8b"
"2026-08-15T20:37:04.132Z","45.9236917","-129.9824431","ASNAP","","admin","","","","","","","","","","","","","","3301.64","780.83","-2.0","-5.8","250.30","1522.36","2.43","SciCam","/SciCam.20260815_203704132.jpg","PilotCam","/PilotCam.20260815_203704132.jpg","BrowCam","/BrowCam.20260815_203704132.jpg","UserSelect","/UserSelect.20260815_203704132.jpg","","","-999.99","2.38","-999.99","-999.99","6a80cdf03a81d30014edec8f"
"2026-08-15T20:37:34.167Z","45.9236724","-129.9824895","ASNAP","","admin","","","","","","","","","","","","","","3298.04","778.68","-2.3","-5.7","248.24","1522.01","2.74","SciCam","/SciCam.20260815_203734167.jpg","PilotCam","/PilotCam.20260815_203734167.jpg","BrowCam","/BrowCam.20260815_203734167.jpg","UserSelect","/UserSelect.20260815_203734167.jpg","","","-999.99","2.36","-999.99","-999.99","6a80ce0e3a81d30014edec93"
"2026-08-15T20:37:35.043Z","45.9236714","-129.9824904","Biology Type","","guest","","","","","Tubeworm","","","","","","","","","3297.97","778.57","-2.1","-5.7","248.07","1522.00","2.69","SciCam","/SciCam.20260815_203735043.jpg","PilotCam","/PilotCam.20260815_203735043.jpg","BrowCam","/BrowCam.20260815_203735043.jpg","UserSelect","/UserSelect.20260815_203735043.jpg","","","-999.99","2.36","-999.99","-999.99","6a80ce0f3a81d30014edec97"
"2026-08-15T20:38:04.209Z","45.9236546","-129.9825138","ASNAP","","admin","","","","","","","","","","","","","","3296.16","776.70","-2.0","-5.4","247.43","1521.50","2.99","SciCam","/SciCam.20260815_203804209.jpg","PilotCam","/PilotCam.20260815_203804209.jpg","BrowCam","/BrowCam.20260815_203804209.jpg","UserSelect","/UserSelect.20260815_203804209.jpg","","","-999.99","2.39","-999.99","-999.99","6a80ce2c3a81d30014edec9b"
"2026-08-15T20:38:07.772Z","45.9236535","-129.9825170","Biology Type","","guest","","","","","Tubeworm","","","","","","","","","3295.91","776.58","-2.1","-5.7","247.67","1521.46","3.02","SciCam","/SciCam.20260815_203807772.jpg","PilotCam","/PilotCam.20260815_203807772.jpg","BrowCam","/BrowCam.20260815_203807772.jpg","UserSelect","/UserSelect.20260815_203807772.jpg","","","-999.99","2.37","-999.99","-999.99","6a80ce2f3a81d30014edec9f"
"2026-08-15T20:38:34.253Z","45.9236476","-129.9825365","ASNAP","","admin","","","","","","","","","","","","","","3294.40","775.93","-2.0","-5.6","247.74","1521.47","2.82","SciCam","/SciCam.20260815_203834253.jpg","PilotCam","/PilotCam.20260815_203834253.jpg","BrowCam","/BrowCam.20260815_203834253.jpg","UserSelect","/UserSelect.20260815_203834253.jpg","","","-999.99","2.36","-999.99","-999.99","6a80ce4a3a81d30014edeca3"
"2026-08-15T20:38:39.294Z","45.9236467","-129.9825384","Biology Type","","guest","","","","","Tubeworm","","","","","","","","","3294.25","775.83","-2.3","-5.6","247.34","1521.62","2.69","SciCam","/SciCam.20260815_203839294.jpg","PilotCam","/PilotCam.20260815_203839294.jpg","BrowCam","/BrowCam.20260815_203839294.jpg","UserSelect","/UserSelect.20260815_203839294.jpg","","","-999.99","2.37","-999.99","-999.99","6a80ce4f3a81d30014edeca7"
"2026-08-15T20:39:04.298Z","45.9236522","-129.9825318","ASNAP","","admin","","","","","","","","","","","","","","3294.76","776.44","-1.9","-5.4","247.63","1521.69","2.59","SciCam","/SciCam.20260815_203904298.jpg","PilotCam","/PilotCam.20260815_203904298.jpg","BrowCam","/BrowCam.20260815_203904298.jpg","UserSelect","/UserSelect.20260815_203904298.jpg","","","-999.99","2.40","-999.99","-999.99","6a80ce683a81d30014edecab"
"2026-08-15T20:39:34.340Z","45.9236494","-129.9825390","ASNAP","","admin","","","","","","","","","","","","","","3294.20","776.12","-2.0","-5.6","247.77","1522.20","2.10","SciCam","/SciCam.20260815_203934340.jpg","PilotCam","/PilotCam.20260815_203934340.jpg","BrowCam","/BrowCam.20260815_203934340.jpg","UserSelect","/UserSelect.20260815_203934340.jpg","","","-999.99","2.38","-999.99","-999.99","6a80ce863a81d30014edecaf"
"2026-08-15T20:39:51.000Z","","","SulisCam","","admin","","","","","","","sulis_20260815203951.jpg","","","","","","","","","","","","","","","","","","","","","","5.566","358.001","","","","","6a8330c93a81d30014ee26ee"
"2026-08-15T20:39:57.144Z","45.9236483","-129.9825412","HIGHLIGHTS","","guest","","","","","","4K highlights start","","","","","","","","3294.03","776.00","-2.0","-5.6","247.77","1522.36","1.85","SciCam","/SciCam.20260815_203957144.jpg","PilotCam","/PilotCam.20260815_203957144.jpg","BrowCam","/BrowCam.20260815_203957144.jpg","UserSelect","/UserSelect.20260815_203957144.jpg","","","-999.99","2.74","-999.99","-999.99","6a80ce9d3a81d30014edecb3"
"2026-08-15T20:40:04.381Z","45.9236483","-129.9825414","ASNAP","","admin","","","","","","","","","","","","","","3294.02","776.00","-2.0","-5.6","247.83","1522.36","1.85","SciCam","/SciCam.20260815_204004381.jpg","PilotCam","/PilotCam.20260815_204004381.jpg","BrowCam","/BrowCam.20260815_204004381.jpg","UserSelect","/UserSelect.20260815_204004381.jpg","","","-999.99","3.21","-999.99","-999.99","6a80cea43a81d30014edecb7"
"2026-08-15T20:40:04.433Z","45.9236483","-129.9825414","Biology Type","","guest","","","","","Tubeworm","","","","","","","","","3294.02","776.00","-2.0","-5.6","247.83","1522.36","1.85","SciCam","/SciCam.20260815_204004433.jpg","PilotCam","/PilotCam.20260815_204004433.jpg","BrowCam","/BrowCam.20260815_204004433.jpg","UserSelect","/UserSelect.20260815_204004433.jpg","","","-999.99","3.21","-999.99","-999.99","6a80cea43a81d30014edecba"
"2026-08-15T20:40:25.907Z","45.9236484","-129.9825414","Biology Type","","guest","","","","","Tubeworm","","","","","","","","","3294.02","776.01","-2.0","-5.7","247.78","1522.36","1.85","SciCam","/SciCam.20260815_204025907.jpg","PilotCam","/PilotCam.20260815_204025907.jpg","BrowCam","/BrowCam.20260815_204025907.jpg","UserSelect","/UserSelect.20260815_204025907.jpg","","","-999.99","3.79","-999.99","-999.99","6a80ceb93a81d30014edecbf"
"2026-08-15T20:40:33.005Z","45.9236484","-129.9825414","Biology Type","","guest","","","","","Tubeworm","","","","","","","","","3294.02","776.01","-2.0","-5.7","247.66","1522.36","1.85","SciCam","/SciCam.20260815_204033005.jpg","PilotCam","/PilotCam.20260815_204033005.jpg","BrowCam","/BrowCam.20260815_204033005.jpg","UserSelect","/UserSelect.20260815_204033005.jpg","","","-999.99","3.99","-999.99","-999.99","6a80cec13a81d30014edecc3"
"2026-08-15T20:40:34.427Z","45.9236484","-129.9825414","ASNAP","","admin","","","","","","","","","","","","","","3294.02","776.01","-2.0","-5.7","247.66","1522.36","1.85","SciCam","/SciCam.20260815_204034427.jpg","PilotCam","/PilotCam.20260815_204034427.jpg","BrowCam","/BrowCam.20260815_204034427.jpg","UserSelect","/UserSelect.20260815_204034427.jpg","","","-999.99","4.08","-999.99","-999.99","6a80cec23a81d30014edecc7"
"2026-08-15T20:40:48.314Z","45.9236484","-129.9825414","Biology Type","Palm worms","guest","","","","","","","","","","","","","","3294.02","776.01","-2.0","-5.7","247.63","1522.36","1.85","SciCam","/SciCam.20260815_204048314.jpg","PilotCam","/PilotCam.20260815_204048314.jpg","BrowCam","/BrowCam.20260815_204048314.jpg","UserSelect","/UserSelect.20260815_204048314.jpg","","","-999.99","4.27","-999.99","-999.99","6a80ced03a81d30014edeccb"
"2026-08-15T20:41:04.457Z","45.9236482","-129.9825414","ASNAP","","admin","","","","","","","","","","","","","","3294.02","775.99","-2.0","-5.7","247.67","1522.37","1.85","SciCam","/SciCam.20260815_204104457.jpg","PilotCam","/PilotCam.20260815_204104457.jpg","BrowCam","/BrowCam.20260815_204104457.jpg","UserSelect","/UserSelect.20260815_204104457.jpg","","","-999.99","4.35","-999.99","-999.99","6a80cee03a81d30014edeccf"
"2026-08-15T20:41:34.500Z","45.9236482","-129.9825414","ASNAP","","admin","","","","","","","","","","","","","","3294.02","775.99","-2.0","-5.8","247.80","1522.37","1.85","SciCam","/SciCam.20260815_204134500.jpg","PilotCam","/PilotCam.20260815_204134500.jpg","BrowCam","/BrowCam.20260815_204134500.jpg","UserSelect","/UserSelect.20260815_204134500.jpg","","","-999.99","4.44","-999.99","-999.99","6a80cefe3a81d30014edecd3"
"2026-08-15T20:41:51.463Z","45.9236482","-129.9825414","Biology Type","","guest","","","","","Tubeworm","","","","","","","","","3294.02","775.99","-2.0","-5.8","247.75","1522.37","1.85","SciCam","/SciCam.20260815_204151463.jpg","PilotCam","/PilotCam.20260815_204151463.jpg","BrowCam","/BrowCam.20260815_204151463.jpg","UserSelect","/UserSelect.20260815_204151463.jpg","","","-999.99","4.54","-999.99","-999.99","6a80cf0f3a81d30014edecd7"
"2026-08-15T20:42:04.545Z","45.9236483","-129.9825414","ASNAP","","admin","","","","","","","","","","","","","","3294.02","776.00","-2.1","-5.8","247.84","1522.37","1.85","SciCam","/SciCam.20260815_204204545.jpg","PilotCam","/PilotCam.20260815_204204545.jpg","BrowCam","/BrowCam.20260815_204204545.jpg","UserSelect","/UserSelect.20260815_204204545.jpg","","","-999.99","4.11","-999.99","-999.99","6a80cf1c3a81d30014edecdb"
"2026-08-15T20:42:19.139Z","45.9236482","-129.9825414","Biology Type","","guest","","","","","Tubeworm","","","","","","","","","3294.02","775.99","-2.1","-5.8","247.82","1522.37","1.87","SciCam","/SciCam.20260815_204219139.jpg","PilotCam","/PilotCam.20260815_204219139.jpg","BrowCam","/BrowCam.20260815_204219139.jpg","UserSelect","/UserSelect.20260815_204219139.jpg","","","-999.99","3.98","-999.99","-999.99","6a80cf2b3a81d30014edecdf"
"2026-08-15T20:42:34.589Z","45.9236481","-129.9825414","ASNAP","","admin","","","","","","","","","","","","","","3294.02","775.98","-2.1","-5.9","247.76","1522.37","1.85","SciCam","/SciCam.20260815_204234589.jpg","PilotCam","/PilotCam.20260815_204234589.jpg","BrowCam","/BrowCam.20260815_204234589.jpg","UserSelect","/UserSelect.20260815_204234589.jpg","","","-999.99","4.22","-999.99","-999.99","6a80cf3a3a81d30014edece3"
"2026-08-15T20:43:04.634Z","45.9236480","-129.9825417","ASNAP","","admin","","","","","","","","","","","","","","3293.99","775.97","-2.1","-5.9","247.66","1522.37","1.87","SciCam","/SciCam.20260815_204304634.jpg","PilotCam","/PilotCam.20260815_204304634.jpg","BrowCam","/BrowCam.20260815_204304634.jpg","UserSelect","/UserSelect.20260815_204304634.jpg","","","-999.99","4.11","-999.99","-999.99","6a80cf583a81d30014edece7"
"2026-08-15T20:43:21.137Z","45.9236480","-129.9825419","Biology Type","Limpets","guest","","","","","","","","","","","","","","3293.98","775.97","-2.1","-5.9","247.72","1522.38","1.87","SciCam","/SciCam.20260815_204321137.jpg","PilotCam","/PilotCam.20260815_204321137.jpg","BrowCam","/BrowCam.20260815_204321137.jpg","UserSelect","/UserSelect.20260815_204321137.jpg","","","-999.99","3.74","-999.99","-999.99","6a80cf693a81d30014edeceb"
"2026-08-15T20:43:34.677Z","45.9236480","-129.9825420","ASNAP","","admin","","","","","","","","","","","","","","3293.97","775.97","-2.0","-5.9","247.75","1522.37","1.87","SciCam","/SciCam.20260815_204334677.jpg","PilotCam","/PilotCam.20260815_204334677.jpg","BrowCam","/BrowCam.20260815_204334677.jpg","UserSelect","/UserSelect.20260815_204334677.jpg","","","-999.99","3.59","-999.99","-999.99","6a80cf763a81d30014edecef"
"2026-08-15T20:44:04.712Z","45.9236481","-129.9825423","ASNAP","","admin","","","","","","","","","","","","","","3293.95","775.98","-2.0","-5.7","247.83","1522.38","1.85","SciCam","/SciCam.20260815_204404712.jpg","PilotCam","/PilotCam.20260815_204404712.jpg","BrowCam","/BrowCam.20260815_204404712.jpg","UserSelect","/UserSelect.20260815_204404712.jpg","","","-999.99","4.48","-999.99","-999.99","6a80cf943a81d30014edecf3"
"2026-08-15T20:44:13.000Z","","","SulisCam","","admin","","","","","","","sulis_20260815204413.jpg","","","","","","","","","","","","","","","","","","","","","","5.779","357.925","","","","","6a8330c93a81d30014ee26f0"
"2026-08-15T20:44:16.088Z","45.9236481","-129.9825423","Biology Type","","guest","","","","","Bacterial mat","","","","","","","","","3293.95","775.98","-2.1","-5.8","247.86","1522.38","1.87","SciCam","/SciCam.20260815_204416088.jpg","PilotCam","/PilotCam.20260815_204416088.jpg","BrowCam","/BrowCam.20260815_204416088.jpg","UserSelect","/UserSelect.20260815_204416088.jpg","","","-999.99","4.39","-999.99","-999.99","6a80cfa03a81d30014edecf7"
"2026-08-15T20:44:34.733Z","45.9236482","-129.9825424","ASNAP","","admin","","","","","","","","","","","","","","3293.94","775.99","-2.0","-5.9","247.45","1522.38","1.87","SciCam","/SciCam.20260815_204434733.jpg","PilotCam","/PilotCam.20260815_204434733.jpg","BrowCam","/BrowCam.20260815_204434733.jpg","UserSelect","/UserSelect.20260815_204434733.jpg","","","-999.99","3.90","-999.99","-999.99","6a80cfb23a81d30014edecfb"
"2026-08-15T20:44:52.849Z","45.9236567","-129.9825359","HIGHLIGHTS","","guest","","","","","","4K highlights stop","","","","","","","","3294.44","776.94","-2.2","-6.1","247.67","1521.60","2.71","SciCam","/SciCam.20260815_204452849.jpg","PilotCam","/PilotCam.20260815_204452849.jpg","BrowCam","/BrowCam.20260815_204452849.jpg","UserSelect","/UserSelect.20260815_204452849.jpg","","","-999.99","3.67","-999.99","-999.99","6a80cfc43a81d30014edecff"
"2026-08-15T20:45:04.779Z","45.9236621","-129.9825425","ASNAP","","admin","","","","","","","","","","","","","","3293.93","777.54","-1.8","-5.9","248.36","1521.27","3.17","SciCam","/SciCam.20260815_204504779.jpg","PilotCam","/PilotCam.20260815_204504779.jpg","BrowCam","/BrowCam.20260815_204504779.jpg","UserSelect","/UserSelect.20260815_204504779.jpg","","","-999.99","3.49","-999.99","-999.99","6a80cfd03a81d30014eded03"
"2026-08-15T20:45:34.825Z","45.9236698","-129.9825939","ASNAP","","admin","","","","","","","","","","","","","","3289.94","778.39","-2.2","-5.7","247.35","1520.02","4.34","SciCam","/SciCam.20260815_204534825.jpg","PilotCam","/PilotCam.20260815_204534825.jpg","BrowCam","/BrowCam.20260815_204534825.jpg","UserSelect","/UserSelect.20260815_204534825.jpg","","","-999.99","3.23","-999.99","-999.99","6a80cfee3a81d30014eded07"
"2026-08-15T20:45:34.935Z","45.9236698","-129.9825939","Biology Type","","guest","","","","","Clams","","","","","","","","","3289.94","778.39","-2.2","-5.7","247.35","1520.02","4.34","SciCam","/SciCam.20260815_204534935.jpg","PilotCam","/PilotCam.20260815_204534935.jpg","BrowCam","/BrowCam.20260815_204534935.jpg","UserSelect","/UserSelect.20260815_204534935.jpg","","","-999.99","3.23","-999.99","-999.99","6a80cfee3a81d30014eded0a"
"2026-08-15T20:46:04.870Z","45.9236602","-129.9826694","ASNAP","","admin","","","","","","","","","","","","","","3284.09","777.32","-2.1","-5.6","246.76","1522.50","2.59","SciCam","/SciCam.20260815_204604870.jpg","PilotCam","/PilotCam.20260815_204604870.jpg","BrowCam","/BrowCam.20260815_204604870.jpg","UserSelect","/UserSelect.20260815_204604870.jpg","","","-999.99","2.85","-999.99","-999.99","6a80d00c3a81d30014eded0f"
"2026-08-15T20:46:09.161Z","45.9236572","-129.9826728","Biology Type","","guest","","","","","Bacterial mat","","","","","","","","","3283.82","776.99","-1.8","-5.7","246.96","1522.67","2.46","SciCam","/SciCam.20260815_204609161.jpg","PilotCam","/PilotCam.20260815_204609161.jpg","BrowCam","/BrowCam.20260815_204609161.jpg","UserSelect","/UserSelect.20260815_204609161.jpg","","","-999.99","2.80","-999.99","-999.99","6a80d0113a81d30014eded13"
"2026-08-15T20:46:32.571Z","45.9236373","-129.9826666","Biology Type","","guest","","","","","Tubeworm","","","","","","","","","3284.30","774.78","-2.4","-6.0","217.85","1522.90","2.13","SciCam","/SciCam.20260815_204632571.jpg","PilotCam","/PilotCam.20260815_204632571.jpg","BrowCam","/BrowCam.20260815_204632571.jpg","UserSelect","/UserSelect.20260815_204632571.jpg","","","-999.99","2.61","-999.99","-999.99","6a80d0283a81d30014eded17"
"2026-08-15T20:46:34.913Z","45.9236361","-129.9826664","ASNAP","","admin","","","","","","","","","","","","","","3284.32","774.65","-2.1","-5.5","216.79","1522.93","2.05","SciCam","/SciCam.20260815_204634913.jpg","PilotCam","/PilotCam.20260815_204634913.jpg","BrowCam","/BrowCam.20260815_204634913.jpg","UserSelect","/UserSelect.20260815_204634913.jpg","","","-999.99","2.58","-999.99","-999.99","6a80d02a3a81d30014eded1b"
"2026-08-15T20:47:04.957Z","45.9236074","-129.9826857","ASNAP","","admin","","","","","","","","","","","","","","3282.82","771.46","-2.4","-5.7","213.74","1523.23","1.87","SciCam","/SciCam.20260815_204704957.jpg","PilotCam","/PilotCam.20260815_204704957.jpg","BrowCam","/BrowCam.20260815_204704957.jpg","UserSelect","/UserSelect.20260815_204704957.jpg","","","-999.99","2.57","-999.99","-999.99","6a80d0483a81d30014eded1f"
"2026-08-15T20:47:10.072Z","45.9236032","-129.9826904","Biology Type","Rattail","guest","","","","","Fish","","","","","","","","","3282.46","770.99","-2.4","-5.7","221.03","1523.37","1.77","SciCam","/SciCam.20260815_204710072.jpg","PilotCam","/PilotCam.20260815_204710072.jpg","BrowCam","/BrowCam.20260815_204710072.jpg","UserSelect","/UserSelect.20260815_204710072.jpg","","","-999.99","2.51","-999.99","-999.99","6a80d04e3a81d30014eded23"
"2026-08-15T20:47:31.430Z","45.9235913","-129.9827038","Geologic Formations","Cavern","guest","","","","","","","","","","","","","","3281.42","769.67","-1.9","-5.5","227.29","1523.62","1.47","SciCam","/SciCam.20260815_204731430.jpg","PilotCam","/PilotCam.20260815_204731430.jpg","BrowCam","/BrowCam.20260815_204731430.jpg","UserSelect","/UserSelect.20260815_204731430.jpg","","","-999.99","2.48","-999.99","-999.99","6a80d0633a81d30014eded27"
"2026-08-15T20:47:35.001Z","45.9235900","-129.9827029","ASNAP","","admin","","","","","","","","","","","","","","3281.49","769.52","-1.9","-5.9","227.23","1523.64","1.41","SciCam","/SciCam.20260815_204735001.jpg","PilotCam","/PilotCam.20260815_204735001.jpg","BrowCam","/BrowCam.20260815_204735001.jpg","UserSelect","/UserSelect.20260815_204735001.jpg","","","-999.99","2.49","-999.99","-999.99","6a80d0673a81d30014eded2b"
"2026-08-15T20:48:05.045Z","45.9235928","-129.9827051","ASNAP","","admin","","","","","","","","","","","","","","3281.32","769.83","-2.3","-5.9","253.69","1522.53","2.41","SciCam","/SciCam.20260815_204805045.jpg","PilotCam","/PilotCam.20260815_204805045.jpg","BrowCam","/BrowCam.20260815_204805045.jpg","UserSelect","/UserSelect.20260815_204805045.jpg","","","-999.99","2.50","-999.99","-999.99","6a80d0853a81d30014eded2f"
"2026-08-15T20:48:17.799Z","45.9235897","-129.9827223","FREE_FORM","Scottie past snowstorm","guest","","","","","","","","","","","","","","3279.98","769.49","-2.6","-6.0","254.65","1521.36","3.58","SciCam","/SciCam.20260815_204817799.jpg","PilotCam","/PilotCam.20260815_204817799.jpg","BrowCam","/BrowCam.20260815_204817799.jpg","UserSelect","/UserSelect.20260815_204817799.jpg","","","-999.99","2.45","-999.99","-999.99","6a80d0913a81d30014eded33"
"2026-08-15T20:48:35.089Z","45.9235936","-129.9827512","ASNAP","","admin","","","","","","","","","","","","","","3277.74","769.92","-2.0","-5.9","252.49","1520.26","4.93","SciCam","/SciCam.20260815_204835089.jpg","PilotCam","/PilotCam.20260815_204835089.jpg","BrowCam","/BrowCam.20260815_204835089.jpg","UserSelect","/UserSelect.20260815_204835089.jpg","","","-999.99","2.39","-999.99","-999.99","6a80d0a33a81d30014eded37"
"2026-08-15T20:48:46.013Z","45.9236014","-129.9827620","FREE_FORM","past snowstorm","guest","","","","","","","","","","","","","","3276.90","770.79","-2.3","-5.7","243.85","1519.87","5.34","SciCam","/SciCam.20260815_204846013.jpg","PilotCam","/PilotCam.20260815_204846013.jpg","BrowCam","/BrowCam.20260815_204846013.jpg","UserSelect","/UserSelect.20260815_204846013.jpg","","","-999.99","2.42","-999.99","-999.99","6a80d0ae3a81d30014eded3b"
"2026-08-15T20:49:00.240Z","45.9236083","-129.9827729","Biology Type","Rattail","guest","","","","","Fish","","","","","","","","","3276.06","771.56","-2.4","-5.7","226.60","1519.96","5.34","SciCam","/SciCam.20260815_204900240.jpg","PilotCam","/PilotCam.20260815_204900240.jpg","BrowCam","/BrowCam.20260815_204900240.jpg","UserSelect","/UserSelect.20260815_204900240.jpg","","","-999.99","2.39","-999.99","-999.99","6a80d0bc3a81d30014eded3f"
"2026-08-15T20:49:05.134Z","45.9236090","-129.9827793","ASNAP","","admin","","","","","","","","","","","","","","3275.56","771.63","-2.4","-5.8","218.31","1520.26","5.06","SciCam","/SciCam.20260815_204905134.jpg","PilotCam","/PilotCam.20260815_204905134.jpg","BrowCam","/BrowCam.20260815_204905134.jpg","UserSelect","/UserSelect.20260815_204905134.jpg","","","-999.99","2.41","-999.99","-999.99","6a80d0c13a81d30014eded43"
"2026-08-15T20:49:11.000Z","","","SulisCam","","admin","","","","","","","sulis_20260815204911.jpg","","","","","","","","","","","","","","","","","","","","","","5.867","357.488","","","","","6a8330c93a81d30014ee26f2"
"2026-08-15T20:49:17.001Z","45.9236077","-129.9827909","Biology Type","Rattail","guest","","","","","Fish","","","","","","","","","3274.66","771.49","-2.5","-5.8","201.85","1520.95","4.32","SciCam","/SciCam.20260815_204917001.jpg","PilotCam","/PilotCam.20260815_204917001.jpg","BrowCam","/BrowCam.20260815_204917001.jpg","UserSelect","/UserSelect.20260815_204917001.jpg","","","-999.99","2.40","-999.99","-999.99","6a80d0cd3a81d30014eded47"
"2026-08-15T20:49:35.178Z","45.9236047","-129.9828010","ASNAP","","admin","","","","","","","","","","","","","","3273.88","771.16","-2.7","-6.0","185.07","1521.75","3.38","SciCam","/SciCam.20260815_204935178.jpg","PilotCam","/PilotCam.20260815_204935178.jpg","BrowCam","/BrowCam.20260815_204935178.jpg","UserSelect","/UserSelect.20260815_204935178.jpg","","","-999.99","2.39","-999.99","-999.99","6a80d0df3a81d30014eded4b"
"2026-08-15T20:50:05.221Z","45.9235986","-129.9828044","ASNAP","","admin","","","","","","","","","","","","","","3273.61","770.48","-1.8","-6.0","228.78","1522.25","2.89","SciCam","/SciCam.20260815_205005221.jpg","PilotCam","/PilotCam.20260815_205005221.jpg","BrowCam","/BrowCam.20260815_205005221.jpg","UserSelect","/UserSelect.20260815_205005221.jpg","","","-999.99","2.58","-999.99","-999.99","6a80d0fd3a81d30014eded4f"
"2026-08-15T20:50:35.266Z","45.9235956","-129.9827977","ASNAP","","admin","","","","","","","","","","","","","","3274.13","770.14","-2.5","-6.7","220.06","1522.40","2.69","SciCam","/SciCam.20260815_205035266.jpg","PilotCam","/PilotCam.20260815_205035266.jpg","BrowCam","/BrowCam.20260815_205035266.jpg","UserSelect","/UserSelect.20260815_205035266.jpg","","","-999.99","2.67","-999.99","-999.99","6a80d11b3a81d30014eded53"
"2026-08-15T20:51:04.392Z","45.9235990","-129.9827921","Biology Type","","guest","","","","","Bacterial mat","","","","","","","","","3274.57","770.52","-2.2","-5.9","220.93","1522.30","2.92","SciCam","/SciCam.20260815_205104392.jpg","PilotCam","/PilotCam.20260815_205104392.jpg","BrowCam","/BrowCam.20260815_205104392.jpg","UserSelect","/UserSelect.20260815_205104392.jpg","","","-999.99","2.66","-999.99","-999.99","6a80d1383a81d30014eded57"
"2026-08-15T20:51:05.307Z","45.9235997","-129.9827912","ASNAP","","admin","","","","","","","","","","","","","","3274.64","770.60","-2.1","-5.9","220.77","1522.33","2.92","SciCam","/SciCam.20260815_205105307.jpg","PilotCam","/PilotCam.20260815_205105307.jpg","BrowCam","/BrowCam.20260815_205105307.jpg","UserSelect","/UserSelect.20260815_205105307.jpg","","","-999.99","2.65","-999.99","-999.99","6a80d1393a81d30014eded5b"
"2026-08-15T20:51:35.345Z","45.9236028","-129.9827891","ASNAP","","admin","","","","","","","","","","","","","","3274.80","770.94","-2.2","-5.8","220.84","1521.58","3.58","SciCam","/SciCam.20260815_205135345.jpg","PilotCam","/PilotCam.20260815_205135345.jpg","BrowCam","/BrowCam.20260815_205135345.jpg","UserSelect","/UserSelect.20260815_205135345.jpg","","","-999.99","2.70","-999.99","-999.99","6a80d1573a81d30014eded5f"
"2026-08-15T20:52:05.390Z","45.9236023","-129.9827899","ASNAP","","admin","","","","","","","","","","","","","","3274.74","770.89","-2.6","-5.1","221.12","1522.69","2.54","SciCam","/SciCam.20260815_205205390.jpg","PilotCam","/PilotCam.20260815_205205390.jpg","BrowCam","/BrowCam.20260815_205205390.jpg","UserSelect","/UserSelect.20260815_205205390.jpg","","","-999.99","2.94","-999.99","-999.99","6a80d1753a81d30014eded63"
"2026-08-15T20:52:08.189Z","45.9236038","-129.9827882","Geologic Formations","Just cool, magmatic rubble","guest","","","","","","","","","","","","","","3274.87","771.06","-2.6","-6.8","221.23","1522.53","2.59","SciCam","/SciCam.20260815_205208189.jpg","PilotCam","/PilotCam.20260815_205208189.jpg","BrowCam","/BrowCam.20260815_205208189.jpg","UserSelect","/UserSelect.20260815_205208189.jpg","","","-999.99","2.91","-999.99","-999.99","6a80d1783a81d30014eded67"
"2026-08-15T20:52:35.428Z","45.9235963","-129.9827963","ASNAP","","admin","","","","","","","","","","","","","","3274.24","770.22","-0.7","-1.8","225.04","1522.56","2.48","SciCam","/SciCam.20260815_205235428.jpg","PilotCam","/PilotCam.20260815_205235428.jpg","BrowCam","/BrowCam.20260815_205235428.jpg","UserSelect","/UserSelect.20260815_205235428.jpg","","","-999.99","2.91","-999.99","-999.99","6a80d1933a81d30014eded6b"
"2026-08-15T20:53:05.445Z","45.9235964","-129.9827961","ASNAP","","admin","","","","","","","","","","","","","","3274.26","770.23","-1.4","-3.2","226.75","1522.55","2.59","SciCam","/SciCam.20260815_205305445.jpg","PilotCam","/PilotCam.20260815_205305445.jpg","BrowCam","/BrowCam.20260815_205305445.jpg","UserSelect","/UserSelect.20260815_205305445.jpg","","","-999.99","2.93","-999.99","-999.99","6a80d1b13a81d30014eded6f"
"2026-08-15T20:53:35.470Z","45.9235957","-129.9827991","ASNAP","","admin","","","","","","","","","","","","","","3274.02","770.16","-3.2","-5.8","216.84","1522.00","3.12","SciCam","/SciCam.20260815_205335470.jpg","PilotCam","/PilotCam.20260815_205335470.jpg","BrowCam","/BrowCam.20260815_205335470.jpg","UserSelect","/UserSelect.20260815_205335470.jpg","","","-999.99","2.97","-999.99","-999.99","6a80d1cf3a81d30014eded73"
"2026-08-15T20:54:05.487Z","45.9235940","-129.9827979","ASNAP","","admin","","","","","","","","","","","","","","3274.12","769.97","-0.6","-1.4","209.33","1522.51","2.46","SciCam","/SciCam.20260815_205405487.jpg","PilotCam","/PilotCam.20260815_205405487.jpg","BrowCam","/BrowCam.20260815_205405487.jpg","UserSelect","/UserSelect.20260815_205405487.jpg","","","-999.99","2.85","-999.99","-999.99","6a80d1ed3a81d30014eded77"
"2026-08-15T20:54:35.529Z","45.9236049","-129.9827921","ASNAP","","admin","","","","","","","","","","","","","","3274.57","771.18","-2.7","-6.0","190.05","1521.97","3.22","SciCam","/SciCam.20260815_205435529.jpg","PilotCam","/PilotCam.20260815_205435529.jpg","BrowCam","/BrowCam.20260815_205435529.jpg","UserSelect","/UserSelect.20260815_205435529.jpg","","","-999.99","2.96","-999.99","-999.99","6a80d20b3a81d30014eded7b"
"2026-08-15T20:55:05.573Z","45.9236069","-129.9828129","ASNAP","","admin","","","","","","","","","","","","","","3272.95","771.40","-2.3","-5.9","178.25","1521.92","3.12","SciCam","/SciCam.20260815_205505573.jpg","PilotCam","/PilotCam.20260815_205505573.jpg","BrowCam","/BrowCam.20260815_205505573.jpg","UserSelect","/UserSelect.20260815_205505573.jpg","","","-999.99","2.81","-999.99","-999.99","6a80d2293a81d30014eded7f"
"2026-08-15T20:55:28.000Z","","","SulisCam","","admin","","","","","","","sulis_20260815205528.jpg","","","","","","","","","","","","","","","","","","","","","","6.322","357.444","","","","","6a8330c93a81d30014ee26f4"
"2026-08-15T20:55:35.617Z","45.9236055","-129.9828329","ASNAP","","admin","","","","","","","","","","","","","","3271.40","771.24","-2.8","-6.2","140.03","1521.86","2.48","SciCam","/SciCam.20260815_205535617.jpg","PilotCam","/PilotCam.20260815_205535617.jpg","BrowCam","/BrowCam.20260815_205535617.jpg","UserSelect","/UserSelect.20260815_205535617.jpg","","","-999.99","2.81","-999.99","-999.99","6a80d2473a81d30014eded83"
"2026-08-15T20:56:02.660Z","45.9236009","-129.9828479","Geologic Formations","Cool rocks","guest","","","","","","","","","","","","","","3270.24","770.73","-2.6","-6.5","115.98","1521.87","2.00","SciCam","/SciCam.20260815_205602660.jpg","PilotCam","/PilotCam.20260815_205602660.jpg","BrowCam","/BrowCam.20260815_205602660.jpg","UserSelect","/UserSelect.20260815_205602660.jpg","","","-999.99","2.71","-999.99","-999.99","6a80d2623a81d30014eded87"
"2026-08-15T20:56:05.661Z","45.9236004","-129.9828490","ASNAP","","admin","","","","","","","","","","","","","","3270.15","770.68","-2.5","-6.6","113.04","1521.89","2.00","SciCam","/SciCam.20260815_205605661.jpg","PilotCam","/PilotCam.20260815_205605661.jpg","BrowCam","/BrowCam.20260815_205605661.jpg","UserSelect","/UserSelect.20260815_205605661.jpg","","","-999.99","2.73","-999.99","-999.99","6a80d2653a81d30014eded8b"
"2026-08-15T20:56:35.678Z","45.9235901","-129.9828544","ASNAP","","admin","","","","","","","","","","","","","","3269.73","769.53","-2.4","-6.4","84.38","1521.88","1.95","SciCam","/SciCam.20260815_205635678.jpg","PilotCam","/PilotCam.20260815_205635678.jpg","BrowCam","/BrowCam.20260815_205635678.jpg","UserSelect","/UserSelect.20260815_205635678.jpg","","","-999.99","2.62","-999.99","-999.99","6a80d2833a81d30014eded8f"
"2026-08-15T20:57:05.720Z","45.9235683","-129.9828481","ASNAP","","admin","","","","","","","","","","","","","","3270.22","767.11","-2.2","-6.5","65.91","1521.84","2.25","SciCam","/SciCam.20260815_205705720.jpg","PilotCam","/PilotCam.20260815_205705720.jpg","BrowCam","/BrowCam.20260815_205705720.jpg","UserSelect","/UserSelect.20260815_205705720.jpg","","","-999.99","2.58","-999.99","-999.99","6a80d2a13a81d30014eded93"
"2026-08-15T20:57:11.223Z","45.9235659","-129.9828462","Geologic Formations","Channel","guest","","","","","","","","","","","","","","3270.37","766.84","-2.3","-6.6","60.60","1521.81","2.41","SciCam","/SciCam.20260815_205711223.jpg","PilotCam","/PilotCam.20260815_205711223.jpg","BrowCam","/BrowCam.20260815_205711223.jpg","UserSelect","/UserSelect.20260815_205711223.jpg","","","-999.99","2.56","-999.99","-999.99","6a80d2a73a81d30014eded97"
"2026-08-15T20:57:35.764Z","45.9235556","-129.9828370","ASNAP","","admin","","","","","","","","","","","","","","3271.08","765.70","-2.1","-6.6","50.52","1521.69","3.15","SciCam","/SciCam.20260815_205735764.jpg","PilotCam","/PilotCam.20260815_205735764.jpg","BrowCam","/BrowCam.20260815_205735764.jpg","UserSelect","/UserSelect.20260815_205735764.jpg","","","-999.99","2.63","-999.99","-999.99","6a80d2bf3a81d30014eded9b"
"2026-08-15T20:57:37.757Z","45.9235544","-129.9828359","Biology Type","","guest","","","","","","","","","cool fish just before and after this capture","","","","","3271.17","765.56","-2.2","-6.5","50.96","1521.70","3.17","SciCam","/SciCam.20260815_205737757.jpg","PilotCam","/PilotCam.20260815_205737757.jpg","BrowCam","/BrowCam.20260815_205737757.jpg","UserSelect","/UserSelect.20260815_205737757.jpg","","","-999.99","2.64","-999.99","-999.99","6a80d2c13a81d30014eded9f"
"2026-08-15T20:58:05.781Z","45.9235422","-129.9828196","ASNAP","","admin","","","","","","","","","","","","","","3272.43","764.21","-1.9","-6.5","37.21","1521.66","3.30","SciCam","/SciCam.20260815_205805781.jpg","PilotCam","/PilotCam.20260815_205805781.jpg","BrowCam","/BrowCam.20260815_205805781.jpg","UserSelect","/UserSelect.20260815_205805781.jpg","","","-999.99","2.63","-999.99","-999.99","6a80d2dd3a81d30014ededa3"
"2026-08-15T20:58:15.000Z","","","SulisCam","","admin","","","","","","","sulis_20260815205815.jpg","","","","","","","","","","","","","","","","","","","","","","6.375","358.052","","","","","6a8330c93a81d30014ee26f6"
"2026-08-15T20:58:21.462Z","45.9235333","-129.9828052","Biology Type","","guest","","","","","Tubeworm","","","","","","","","","3273.55","763.22","-2.2","-6.4","27.43","1521.81","3.17","SciCam","/SciCam.20260815_205821462.jpg","PilotCam","/PilotCam.20260815_205821462.jpg","BrowCam","/BrowCam.20260815_205821462.jpg","UserSelect","/UserSelect.20260815_205821462.jpg","","","-999.99","2.56","-999.99","-999.99","6a80d2ed3a81d30014ededa7"
"2026-08-15T20:58:35.797Z","45.9235292","-129.9827926","ASNAP","","admin","","","","","","","","","","","","","","3274.53","762.77","-2.0","-6.5","14.72","1522.29","2.66","SciCam","/SciCam.20260815_205835797.jpg","PilotCam","/PilotCam.20260815_205835797.jpg","BrowCam","/BrowCam.20260815_205835797.jpg","UserSelect","/UserSelect.20260815_205835797.jpg","","","-999.99","2.47","-999.99","-999.99","6a80d2fb3a81d30014ededab"
"2026-08-15T20:59:04.931Z","45.9235185","-129.9827625","Biology Type","","guest","","","","","Tubeworm","","","","","","","","","3276.86","761.57","-2.2","-6.4","347.63","1522.29","2.36","SciCam","/SciCam.20260815_205904931.jpg","PilotCam","/PilotCam.20260815_205904931.jpg","BrowCam","/BrowCam.20260815_205904931.jpg","UserSelect","/UserSelect.20260815_205904931.jpg","","","-999.99","2.48","-999.99","-999.99","6a80d3183a81d30014ededaf"
"2026-08-15T20:59:05.841Z","45.9235185","-129.9827613","ASNAP","","admin","","","","","","","","","","","","","","3276.96","761.57","-2.3","-6.3","348.10","1522.31","2.33","SciCam","/SciCam.20260815_205905841.jpg","PilotCam","/PilotCam.20260815_205905841.jpg","BrowCam","/BrowCam.20260815_205905841.jpg","UserSelect","/UserSelect.20260815_205905841.jpg","","","-999.99","2.45","-999.99","-999.99","6a80d3193a81d30014ededb3"
"2026-08-15T20:59:35.878Z","45.9235283","-129.9827294","ASNAP","","admin","","","","","","","","","","","","","","3279.43","762.66","-1.6","-6.4","333.98","1522.30","2.20","SciCam","/SciCam.20260815_205935878.jpg","PilotCam","/PilotCam.20260815_205935878.jpg","BrowCam","/BrowCam.20260815_205935878.jpg","UserSelect","/UserSelect.20260815_205935878.jpg","","","-999.99","2.53","-999.99","-999.99","6a80d3373a81d30014ededb7"
"2026-08-15T20:59:39.000Z","","","SulisCam","","admin","","","","","","","sulis_20260815205939.jpg","","","","","","","","","","","","","","","","","","","","","","6.129","358.204","","","","","6a8330c93a81d30014ee26f8"
"2026-08-15T20:59:44.735Z","45.9235330","-129.9827207","Biology Type","","guest","","","","","Tubeworm","","","","","","","","","3280.11","763.19","-1.9","-6.2","323.31","1522.35","2.28","SciCam","/SciCam.20260815_205944735.jpg","PilotCam","/PilotCam.20260815_205944735.jpg","BrowCam","/BrowCam.20260815_205944735.jpg","UserSelect","/UserSelect.20260815_205944735.jpg","","","-999.99","2.55","-999.99","-999.99","6a80d3403a81d30014ededbb"
"2026-08-15T21:00:05.923Z","45.9235485","-129.9826989","ASNAP","","admin","","","","","","","","","","","","","","3281.80","764.91","-1.9","-6.1","305.87","1522.35","2.31","SciCam","/SciCam.20260815_210005923.jpg","PilotCam","/PilotCam.20260815_210005923.jpg","BrowCam","/BrowCam.20260815_210005923.jpg","UserSelect","/UserSelect.20260815_210005923.jpg","","","-999.99","2.62","-999.99","-999.99","6a80d3553a81d30014ededbf"
"2026-08-15T21:00:11.000Z","","","SulisCam","","admin","","","","","","","sulis_20260815210011.jpg","","","","","","","","","","","","","","","","","","","","","","6.032","358.087","","","","","6a8330c93a81d30014ee26fa"
"2026-08-15T21:00:12.065Z","45.9235537","-129.9826950","Geologic Formations","Scottie but no snow","guest","","","","","","","","","","","","","","3282.10","765.49","-1.9","-6.0","300.97","1522.36","2.33","SciCam","/SciCam.20260815_210012065.jpg","PilotCam","/PilotCam.20260815_210012065.jpg","BrowCam","/BrowCam.20260815_210012065.jpg","UserSelect","/UserSelect.20260815_210012065.jpg","","","-999.99","2.64","-999.99","-999.99","6a80d35c3a81d30014ededc3"
"2026-08-15T21:00:33.000Z","","","SulisCam","","admin","","","","","","","sulis_20260815210033.jpg","","","","","","","","","","","","","","","","","","","","","","5.913","357.911","","","","","6a8330c93a81d30014ee26fc"
"2026-08-15T21:00:35.964Z","45.9235735","-129.9826813","ASNAP","","admin","","","","","","","","","","","","","","3283.16","767.69","-2.1","-6.1","282.11","1522.35","2.46","SciCam","/SciCam.20260815_210035964.jpg","PilotCam","/PilotCam.20260815_210035964.jpg","BrowCam","/BrowCam.20260815_210035964.jpg","UserSelect","/UserSelect.20260815_210035964.jpg","","","-999.99","2.53","-999.99","-999.99","6a80d3733a81d30014ededc7"
"2026-08-15T21:01:06.001Z","45.9235925","-129.9826828","ASNAP","","admin","","","","","","","","","","","","","","3283.05","769.80","-1.9","-6.0","273.85","1522.36","2.51","SciCam","/SciCam.20260815_210106001.jpg","PilotCam","/PilotCam.20260815_210106001.jpg","BrowCam","/BrowCam.20260815_210106001.jpg","UserSelect","/UserSelect.20260815_210106001.jpg","","","-999.99","2.56","-999.99","-999.99","6a80d3923a81d30014ededcb"
"2026-08-15T21:01:16.514Z","45.9235913","-129.9826833","Biology Type","","guest","","","","","Bacterial mat","","","","","","","","","3283.01","769.67","-2.0","-5.8","273.13","1522.31","2.54","SciCam","/SciCam.20260815_210116514.jpg","PilotCam","/PilotCam.20260815_210116514.jpg","BrowCam","/BrowCam.20260815_210116514.jpg","UserSelect","/UserSelect.20260815_210116514.jpg","","","-999.99","2.55","-999.99","-999.99","6a80d39c3a81d30014ededcf"
"2026-08-15T21:01:36.045Z","45.9235965","-129.9826915","ASNAP","","admin","","","","","","","","","","","","","","3282.37","770.24","-2.0","-5.8","261.80","1522.34","2.61","SciCam","/SciCam.20260815_210136045.jpg","PilotCam","/PilotCam.20260815_210136045.jpg","BrowCam","/BrowCam.20260815_210136045.jpg","UserSelect","/UserSelect.20260815_210136045.jpg","","","-999.99","2.54","-999.99","-999.99","6a80d3b03a81d30014ededd3"
"2026-08-15T21:01:44.727Z","45.9235965","-129.9826904","HIGHLIGHTS","","guest","","","","","","4K highlights start","","","scottie","","","","","3282.46","770.24","-2.1","-5.8","260.99","1522.32","2.64","SciCam","/SciCam.20260815_210144727.jpg","PilotCam","/PilotCam.20260815_210144727.jpg","BrowCam","/BrowCam.20260815_210144727.jpg","UserSelect","/UserSelect.20260815_210144727.jpg","","","-999.99","2.51","-999.99","-999.99","6a80d3b83a81d30014ededd7"
"2026-08-15T21:02:06.090Z","45.9235984","-129.9826984","ASNAP","","admin","","","","","","","","","","","","","","3281.84","770.46","-1.8","-5.9","257.94","1522.30","2.74","SciCam","/SciCam.20260815_210206090.jpg","PilotCam","/PilotCam.20260815_210206090.jpg","BrowCam","/BrowCam.20260815_210206090.jpg","UserSelect","/UserSelect.20260815_210206090.jpg","","","-999.99","2.48","-999.99","-999.99","6a80d3ce3a81d30014ededdb"
"2026-08-15T21:02:07.000Z","","","SulisCam","","admin","","","","","","","sulis_20260815210207.jpg","","","","","","","","","","","","","","","","","","","","","","5.812","357.846","","","","","6a8330c93a81d30014ee26fe"
"2026-08-15T21:02:36.120Z","45.9235984","-129.9826978","ASNAP","","admin","","","","","","","","","","","","","","3281.88","770.46","-2.0","-5.9","257.71","1522.34","2.66","SciCam","/SciCam.20260815_210236120.jpg","PilotCam","/PilotCam.20260815_210236120.jpg","BrowCam","/BrowCam.20260815_210236120.jpg","UserSelect","/UserSelect.20260815_210236120.jpg","","","-999.99","2.43","-999.99","-999.99","6a80d3ec3a81d30014ededdf"
"2026-08-15T21:03:06.153Z","45.9235985","-129.9826978","ASNAP","","admin","","","","","","","","","","","","","","3281.88","770.47","-2.1","-6.0","257.68","1522.35","2.66","SciCam","/SciCam.20260815_210306153.jpg","PilotCam","/PilotCam.20260815_210306153.jpg","BrowCam","/BrowCam.20260815_210306153.jpg","UserSelect","/UserSelect.20260815_210306153.jpg","","","-999.99","2.41","-999.99","-999.99","6a80d40a3a81d30014edede3"
"2026-08-15T21:03:24.539Z","45.9235984","-129.9826978","Biology Type","","guest","","","","","Tubeworm","","","","","","","","","3281.88","770.46","-2.1","-6.0","257.83","1522.34","2.66","SciCam","/SciCam.20260815_210324539.jpg","PilotCam","/PilotCam.20260815_210324539.jpg","BrowCam","/BrowCam.20260815_210324539.jpg","UserSelect","/UserSelect.20260815_210324539.jpg","","","-999.99","2.40","-999.99","-999.99","6a80d41c3a81d30014edede7"
"2026-08-15T21:03:36.181Z","45.9235984","-129.9826978","ASNAP","","admin","","","","","","","","","","","","","","3281.88","770.46","-2.1","-5.9","257.53","1522.34","2.66","SciCam","/SciCam.20260815_210336181.jpg","PilotCam","/PilotCam.20260815_210336181.jpg","BrowCam","/BrowCam.20260815_210336181.jpg","UserSelect","/UserSelect.20260815_210336181.jpg","","","-999.99","2.40","-999.99","-999.99","6a80d4283a81d30014ededeb"
"2026-08-15T21:03:51.449Z","45.9235984","-129.9826978","HIGHLIGHTS","","guest","","","","","","4K highlights stop","","","","","","","","3281.88","770.46","-2.0","-6.1","257.79","1522.36","2.66","SciCam","/SciCam.20260815_210351449.jpg","PilotCam","/PilotCam.20260815_210351449.jpg","BrowCam","/BrowCam.20260815_210351449.jpg","UserSelect","/UserSelect.20260815_210351449.jpg","","","-999.99","2.36","-999.99","-999.99","6a80d4373a81d30014ededef"
"2026-08-15T21:04:06.197Z","45.9236035","-129.9826929","ASNAP","","admin","","","","","","","","","","","","","","3282.26","771.02","-2.0","-6.0","260.64","1522.35","2.66","SciCam","/SciCam.20260815_210406197.jpg","PilotCam","/PilotCam.20260815_210406197.jpg","BrowCam","/BrowCam.20260815_210406197.jpg","UserSelect","/UserSelect.20260815_210406197.jpg","","","-999.99","2.38","-999.99","-999.99","6a80d4463a81d30014ededf3"
"2026-08-15T21:04:23.597Z","45.9236022","-129.9826950","Biology Type","","guest","","","","","Tubeworm","","","","","","","","","3282.10","770.88","-2.1","-6.0","247.01","1522.33","2.74","SciCam","/SciCam.20260815_210423597.jpg","PilotCam","/PilotCam.20260815_210423597.jpg","BrowCam","/BrowCam.20260815_210423597.jpg","UserSelect","/UserSelect.20260815_210423597.jpg","","","-999.99","2.39","-999.99","-999.99","6a80d4573a81d30014ededf7"
"2026-08-15T21:04:36.224Z","45.9236137","-129.9826935","ASNAP","","admin","","","","","","","","","","","","","","3282.22","772.16","-1.9","-5.9","279.01","1521.63","3.43","SciCam","/SciCam.20260815_210436224.jpg","PilotCam","/PilotCam.20260815_210436224.jpg","BrowCam","/BrowCam.20260815_210436224.jpg","UserSelect","/UserSelect.20260815_210436224.jpg","","","-999.99","2.35","-999.99","-999.99","6a80d4643a81d30014ededfb"
"2026-08-15T21:04:44.239Z","45.9236235","-129.9826888","Biology Type","","guest","","","","","Bacterial mat","","","","","","","","","3282.58","773.25","-2.1","-6.0","316.82","1522.00","3.10","SciCam","/SciCam.20260815_210444239.jpg","PilotCam","/PilotCam.20260815_210444239.jpg","BrowCam","/BrowCam.20260815_210444239.jpg","UserSelect","/UserSelect.20260815_210444239.jpg","","","-999.99","2.37","-999.99","-999.99","6a80d46c3a81d30014ededff"
"2026-08-15T21:05:04.925Z","45.9236353","-129.9826788","Biology Type","","guest","","","","","Tubeworm","","","","","","","","","3283.36","774.56","-1.8","-6.5","83.00","1520.85","4.40","SciCam","/SciCam.20260815_210504925.jpg","PilotCam","/PilotCam.20260815_210504925.jpg","BrowCam","/BrowCam.20260815_210504925.jpg","UserSelect","/UserSelect.20260815_210504925.jpg","","","-999.99","2.38","-999.99","-999.99","6a80d4803a81d30014edee03"
"2026-08-15T21:05:06.249Z","45.9236358","-129.9826790","ASNAP","","admin","","","","","","","","","","","","","","3283.34","774.61","-1.9","-6.5","84.05","1520.78","4.52","SciCam","/SciCam.20260815_210506249.jpg","PilotCam","/PilotCam.20260815_210506249.jpg","BrowCam","/BrowCam.20260815_210506249.jpg","UserSelect","/UserSelect.20260815_210506249.jpg","","","-999.99","2.40","-999.99","-999.99","6a80d4823a81d30014edee07"
"2026-08-15T21:05:14.024Z","45.9236381","-129.9826844","Biology Type","","guest","","","","","Bacterial mat","","","","","","","","","3282.92","774.87","-2.9","-6.0","111.53","1520.77","4.62","SciCam","/SciCam.20260815_210514024.jpg","PilotCam","/PilotCam.20260815_210514024.jpg","BrowCam","/BrowCam.20260815_210514024.jpg","UserSelect","/UserSelect.20260815_210514024.jpg","","","-999.99","2.34","-999.99","-999.99","6a80d48a3a81d30014edee0b"
"2026-08-15T21:05:36.294Z","45.9236512","-129.9826718","ASNAP","","admin","","","","","","","","","","","","","","3283.90","776.32","-1.5","-6.3","129.10","1521.42","3.96","SciCam","/SciCam.20260815_210536294.jpg","PilotCam","/PilotCam.20260815_210536294.jpg","BrowCam","/BrowCam.20260815_210536294.jpg","UserSelect","/UserSelect.20260815_210536294.jpg","","","-999.99","2.37","-999.99","-999.99","6a80d4a03a81d30014edee0f"
"2026-08-15T21:05:48.000Z","","","SulisCam","","admin","","","","","","","sulis_20260815210548.jpg","","","","","","","","","","","","","","","","","","","","","","6.278","357.924","","","","","6a8330ca3a81d30014ee2700"
"2026-08-15T21:05:57.619Z","45.9236609","-129.9826489","Biology Type","Purple ciliates","guest","","","","","","","","","","","","","","3285.68","777.40","-2.5","-6.3","118.65","1522.10","3.17","SciCam","/SciCam.20260815_210557619.jpg","PilotCam","/PilotCam.20260815_210557619.jpg","BrowCam","/BrowCam.20260815_210557619.jpg","UserSelect","/UserSelect.20260815_210557619.jpg","","","-999.99","2.38","-999.99","-999.99","6a80d4b53a81d30014edee13"
"2026-08-15T21:06:06.315Z","45.9236597","-129.9826505","ASNAP","","admin","","","","","","","","","","","","","","3285.55","777.27","-2.4","-6.5","118.44","1521.94","3.33","SciCam","/SciCam.20260815_210606315.jpg","PilotCam","/PilotCam.20260815_210606315.jpg","BrowCam","/BrowCam.20260815_210606315.jpg","UserSelect","/UserSelect.20260815_210606315.jpg","","","-999.99","2.38","-999.99","-999.99","6a80d4be3a81d30014edee17"
"2026-08-15T21:06:36.360Z","45.9236521","-129.9826597","ASNAP","","admin","","","","","","","","","","","","","","3284.84","776.42","-2.3","-6.4","153.26","1522.00","3.43","SciCam","/SciCam.20260815_210636360.jpg","PilotCam","/PilotCam.20260815_210636360.jpg","BrowCam","/BrowCam.20260815_210636360.jpg","UserSelect","/UserSelect.20260815_210636360.jpg","","","-999.99","2.53","-999.99","-999.99","6a80d4dc3a81d30014edee1b"
"2026-08-15T21:07:06.392Z","45.9235861","-129.9826397","ASNAP","","admin","","","","","","","","","","","","","","3286.39","769.09","-2.3","-5.9","169.17","1522.46","2.64","SciCam","/SciCam.20260815_210706392.jpg","PilotCam","/PilotCam.20260815_210706392.jpg","BrowCam","/BrowCam.20260815_210706392.jpg","UserSelect","/UserSelect.20260815_210706392.jpg","","","-999.99","2.38","-999.99","-999.99","6a80d4fa3a81d30014edee1f"
"2026-08-15T21:07:09.888Z","45.9235755","-129.9826373","Biology Type","","guest","","","","","Clams","","","","","","","","","3286.58","767.91","-2.3","-6.4","168.88","1522.45","2.51","SciCam","/SciCam.20260815_210709888.jpg","PilotCam","/PilotCam.20260815_210709888.jpg","BrowCam","/BrowCam.20260815_210709888.jpg","UserSelect","/UserSelect.20260815_210709888.jpg","","","-999.99","2.33","-999.99","-999.99","6a80d4fd3a81d30014edee23"
"2026-08-15T21:07:34.953Z","45.9235123","-129.9826138","Biology Type","spider","guest","","","","","Crab","","","","","","","","","3288.40","760.89","-2.3","-6.0","158.30","1521.93","2.69","SciCam","/SciCam.20260815_210734953.jpg","PilotCam","/PilotCam.20260815_210734953.jpg","BrowCam","/BrowCam.20260815_210734953.jpg","UserSelect","/UserSelect.20260815_210734953.jpg","","","-999.99","2.35","-999.99","-999.99","6a80d5163a81d30014edee27"
"2026-08-15T21:07:36.437Z","45.9235098","-129.9826119","ASNAP","","admin","","","","","","","","","","","","","","3288.55","760.61","-2.4","-6.2","157.75","1521.93","2.64","SciCam","/SciCam.20260815_210736437.jpg","PilotCam","/PilotCam.20260815_210736437.jpg","BrowCam","/BrowCam.20260815_210736437.jpg","UserSelect","/UserSelect.20260815_210736437.jpg","","","-999.99","2.36","-999.99","-999.99","6a80d5183a81d30014edee2b"
"2026-08-15T21:08:00.736Z","45.9234467","-129.9825470","Biology Type","spider and clams and tubeworms","guest","","","","","Crab","","","","","","","","","3293.58","753.59","-2.6","-6.0","134.00","1521.83","2.92","SciCam","/SciCam.20260815_210800736.jpg","PilotCam","/PilotCam.20260815_210800736.jpg","BrowCam","/BrowCam.20260815_210800736.jpg","UserSelect","/UserSelect.20260815_210800736.jpg","","","-999.99","2.36","-999.99","-999.99","6a80d5303a81d30014edee2f"
"2026-08-15T21:08:06.475Z","45.9234361","-129.9825303","ASNAP","","admin","","","","","","","","","","","","","","3294.88","752.42","-3.3","-6.2","130.69","1521.98","2.69","SciCam","/SciCam.20260815_210806475.jpg","PilotCam","/PilotCam.20260815_210806475.jpg","BrowCam","/BrowCam.20260815_210806475.jpg","UserSelect","/UserSelect.20260815_210806475.jpg","","","-999.99","2.35","-999.99","-999.99","6a80d5363a81d30014edee33"
"2026-08-15T21:08:36.520Z","45.9233943","-129.9824239","ASNAP","","admin","","","","","","","","","","","","","","3303.13","747.77","-2.5","-5.7","119.80","1521.63","2.36","SciCam","/SciCam.20260815_210836520.jpg","PilotCam","/PilotCam.20260815_210836520.jpg","BrowCam","/BrowCam.20260815_210836520.jpg","UserSelect","/UserSelect.20260815_210836520.jpg","","","-999.99","2.34","-999.99","-999.99","6a80d5543a81d30014edee37"
"2026-08-15T21:08:45.773Z","45.9233946","-129.9823925","Biology Type","Rattail","guest","","","","","Fish","","","","","","","","","3305.57","747.80","-2.8","-6.0","95.41","1521.72","2.20","SciCam","/SciCam.20260815_210845773.jpg","PilotCam","/PilotCam.20260815_210845773.jpg","BrowCam","/BrowCam.20260815_210845773.jpg","UserSelect","/UserSelect.20260815_210845773.jpg","","","-999.99","2.37","-999.99","-999.99","6a80d55d3a81d30014edee3b"
"2026-08-15T21:09:06.541Z","45.9234072","-129.9823255","ASNAP","","admin","","","","","","","","","","","","","","3310.77","749.20","-3.7","-6.0","92.82","1521.64","2.89","SciCam","/SciCam.20260815_210906541.jpg","PilotCam","/PilotCam.20260815_210906541.jpg","BrowCam","/BrowCam.20260815_210906541.jpg","UserSelect","/UserSelect.20260815_210906541.jpg","","","-999.99","2.34","-999.99","-999.99","6a80d5723a81d30014edee3f"
"2026-08-15T21:09:18.607Z","45.9234027","-129.9822739","Biology Type","","guest","","","","","Crab","","","","","","","","","3314.77","748.70","-1.8","-6.0","97.14","1520.66","3.89","SciCam","/SciCam.20260815_210918607.jpg","PilotCam","/PilotCam.20260815_210918607.jpg","BrowCam","/BrowCam.20260815_210918607.jpg","UserSelect","/UserSelect.20260815_210918607.jpg","","","-999.99","2.29","-999.99","-999.99","6a80d57e3a81d30014edee43"
"2026-08-15T21:09:36.561Z","45.9233981","-129.9822091","ASNAP","","admin","","","","","","","","","","","","","","3319.80","748.19","-2.6","-6.1","95.62","1517.45","6.92","SciCam","/SciCam.20260815_210936561.jpg","PilotCam","/PilotCam.20260815_210936561.jpg","BrowCam","/BrowCam.20260815_210936561.jpg","UserSelect","/UserSelect.20260815_210936561.jpg","","","-999.99","2.36","-999.99","-999.99","6a80d5903a81d30014edee47"
"2026-08-15T21:09:38.289Z","45.9233979","-129.9822024","Biology Type","","guest","","","","","Tubeworm","","","","","","","","","3320.32","748.17","-1.8","-6.2","96.23","1516.96","7.33","SciCam","/SciCam.20260815_210938289.jpg","PilotCam","/PilotCam.20260815_210938289.jpg","BrowCam","/BrowCam.20260815_210938289.jpg","UserSelect","/UserSelect.20260815_210938289.jpg","","","-999.99","2.36","-999.99","-999.99","6a80d5923a81d30014edee4b"
"2026-08-15T21:10:06.605Z","45.9233652","-129.9820806","ASNAP","","admin","","","","","","","","","","","","","","3329.77","744.54","-2.9","-5.4","91.92","1515.98","5.03","SciCam","/SciCam.20260815_211006605.jpg","PilotCam","/PilotCam.20260815_211006605.jpg","BrowCam","/BrowCam.20260815_211006605.jpg","UserSelect","/UserSelect.20260815_211006605.jpg","","","-999.99","2.37","-999.99","-999.99","6a80d5ae3a81d30014edee4f"
"2026-08-15T21:10:36.651Z","45.9233580","-129.9819212","ASNAP","","admin","","","","","","","","","","","","","","3342.13","743.74","-3.2","-5.5","92.56","1517.48","3.66","SciCam","/SciCam.20260815_211036651.jpg","PilotCam","/PilotCam.20260815_211036651.jpg","BrowCam","/BrowCam.20260815_211036651.jpg","UserSelect","/UserSelect.20260815_211036651.jpg","","","-999.99","2.35","-999.99","-999.99","6a80d5cc3a81d30014edee53"
"2026-08-15T21:11:06.697Z","45.9233688","-129.9818095","ASNAP","","admin","","","","","","","","","","","","","","3350.80","744.94","-2.3","-5.4","93.28","1518.59","4.40","SciCam","/SciCam.20260815_211106697.jpg","PilotCam","/PilotCam.20260815_211106697.jpg","BrowCam","/BrowCam.20260815_211106697.jpg","UserSelect","/UserSelect.20260815_211106697.jpg","","","-999.99","2.36","-999.99","-999.99","6a80d5ea3a81d30014edee57"
"2026-08-15T21:11:36.741Z","45.9233751","-129.9816999","ASNAP","","admin","","","","","","","","","","","","","","3359.30","745.64","-1.5","-5.1","90.48","1516.54","6.31","SciCam","/SciCam.20260815_211136741.jpg","PilotCam","/PilotCam.20260815_211136741.jpg","BrowCam","/BrowCam.20260815_211136741.jpg","UserSelect","/UserSelect.20260815_211136741.jpg","","","-999.99","2.36","-999.99","-999.99","6a80d6083a81d30014edee5b"
"2026-08-15T21:12:04.286Z","45.9233990","-129.9817175","Name","Ada in for Alex","guest","","","","","","","","","","","","","","3357.94","748.29","-2.4","-6.8","326.63","1515.57","5.34","SciCam","/SciCam.20260815_211204286.jpg","PilotCam","/PilotCam.20260815_211204286.jpg","BrowCam","/BrowCam.20260815_211204286.jpg","UserSelect","/UserSelect.20260815_211204286.jpg","","","-999.99","2.39","-999.99","-999.99","6a80d6243a81d30014edee5f"
"2026-08-15T21:12:06.785Z","45.9234021","-129.9817129","ASNAP","","admin","","","","","","","","","","","","","","3358.29","748.64","-2.5","-6.8","356.22","1515.56","5.44","SciCam","/SciCam.20260815_211206785.jpg","PilotCam","/PilotCam.20260815_211206785.jpg","BrowCam","/BrowCam.20260815_211206785.jpg","UserSelect","/UserSelect.20260815_211206785.jpg","","","-999.99","2.33","-999.99","-999.99","6a80d6263a81d30014edee63"
"2026-08-15T21:12:36.821Z","45.9234569","-129.9816959","ASNAP","","admin","","","","","","","","","","","","","","3359.61","754.73","-2.8","-6.1","31.99","1517.04","3.53","SciCam","/SciCam.20260815_211236821.jpg","PilotCam","/PilotCam.20260815_211236821.jpg","BrowCam","/BrowCam.20260815_211236821.jpg","UserSelect","/UserSelect.20260815_211236821.jpg","","","-999.99","2.27","-999.99","-999.99","6a80d6443a81d30014edee67"
"2026-08-15T21:13:06.865Z","45.9235023","-129.9816631","ASNAP","","admin","","","","","","","","","","","","","","3362.16","759.77","-2.5","-5.9","52.32","1517.44","3.35","SciCam","/SciCam.20260815_211306865.jpg","PilotCam","/PilotCam.20260815_211306865.jpg","BrowCam","/BrowCam.20260815_211306865.jpg","UserSelect","/UserSelect.20260815_211306865.jpg","","","-999.99","2.36","-999.99","-999.99","6a80d6623a81d30014edee6b"
"2026-08-15T21:13:36.905Z","45.9235321","-129.9816057","ASNAP","","admin","","","","","","","","","","","","","","3366.61","763.09","-3.0","-5.8","53.63","1517.18","3.94","SciCam","/SciCam.20260815_211336905.jpg","PilotCam","/PilotCam.20260815_211336905.jpg","BrowCam","/BrowCam.20260815_211336905.jpg","UserSelect","/UserSelect.20260815_211336905.jpg","","","-999.99","2.34","-999.99","-999.99","6a80d6803a81d30014edee6f"
"2026-08-15T21:14:06.949Z","45.9235747","-129.9815432","ASNAP","","admin","","","","","","","","","","","","","","3371.46","767.82","-3.0","-6.3","54.57","1517.92","2.74","SciCam","/SciCam.20260815_211406949.jpg","PilotCam","/PilotCam.20260815_211406949.jpg","BrowCam","/BrowCam.20260815_211406949.jpg","UserSelect","/UserSelect.20260815_211406949.jpg","","","-999.99","2.37","-999.99","-999.99","6a80d69e3a81d30014edee73"
"2026-08-15T21:14:36.966Z","45.9236127","-129.9814818","ASNAP","","admin","","","","","","","","","","","","","","3376.22","772.04","-2.5","-6.0","52.04","1518.24","2.66","SciCam","/SciCam.20260815_211436966.jpg","PilotCam","/PilotCam.20260815_211436966.jpg","BrowCam","/BrowCam.20260815_211436966.jpg","UserSelect","/UserSelect.20260815_211436966.jpg","","","-999.99","2.38","-999.99","-999.99","6a80d6bc3a81d30014edee77"
"2026-08-15T21:15:06.998Z","45.9236458","-129.9814338","ASNAP","","admin","","","","","","","","","","","","","","3379.95","775.73","-2.7","-5.9","53.32","1518.35","2.41","SciCam","/SciCam.20260815_211506998.jpg","PilotCam","/PilotCam.20260815_211506998.jpg","BrowCam","/BrowCam.20260815_211506998.jpg","UserSelect","/UserSelect.20260815_211506998.jpg","","","-999.99","2.37","-999.99","-999.99","6a80d6da3a81d30014edee7b"
"2026-08-15T21:15:37.041Z","45.9236833","-129.9813638","ASNAP","","admin","","","","","","","","","","","","","","3385.38","779.89","-2.5","-6.0","51.95","1518.31","2.66","SciCam","/SciCam.20260815_211537041.jpg","PilotCam","/PilotCam.20260815_211537041.jpg","BrowCam","/BrowCam.20260815_211537041.jpg","UserSelect","/UserSelect.20260815_211537041.jpg","","","-999.99","2.37","-999.99","-999.99","6a80d6f93a81d30014edee7f"
"2026-08-15T21:16:07.085Z","45.9237108","-129.9813011","ASNAP","","admin","","","","","","","","","","","","","","3390.24","782.95","-2.1","-5.9","51.55","1518.39","2.66","SciCam","/SciCam.20260815_211607085.jpg","PilotCam","/PilotCam.20260815_211607085.jpg","BrowCam","/BrowCam.20260815_211607085.jpg","UserSelect","/UserSelect.20260815_211607085.jpg","","","-999.99","2.31","-999.99","-999.99","6a80d7173a81d30014edee83"
"2026-08-15T21:16:37.107Z","45.9237489","-129.9812364","ASNAP","","admin","","","","","","","","","","","","","","3395.26","787.18","-2.5","-5.8","51.79","1517.94","2.97","SciCam","/SciCam.20260815_211637107.jpg","PilotCam","/PilotCam.20260815_211637107.jpg","BrowCam","/BrowCam.20260815_211637107.jpg","UserSelect","/UserSelect.20260815_211637107.jpg","","","-999.99","2.35","-999.99","-999.99","6a80d7353a81d30014edee87"
"2026-08-15T21:17:07.152Z","45.9237884","-129.9811638","ASNAP","","admin","","","","","","","","","","","","","","3400.89","791.57","-2.4","-5.7","52.22","1518.04","3.04","SciCam","/SciCam.20260815_211707152.jpg","PilotCam","/PilotCam.20260815_211707152.jpg","BrowCam","/BrowCam.20260815_211707152.jpg","UserSelect","/UserSelect.20260815_211707152.jpg","","","-999.99","2.32","-999.99","-999.99","6a80d7533a81d30014edee8b"
"2026-08-15T21:17:37.172Z","45.9238161","-129.9811049","ASNAP","","admin","","","","","","","","","","","","","","3405.46","794.65","-2.2","-5.8","54.59","1517.99","3.02","SciCam","/SciCam.20260815_211737172.jpg","PilotCam","/PilotCam.20260815_211737172.jpg","BrowCam","/BrowCam.20260815_211737172.jpg","UserSelect","/UserSelect.20260815_211737172.jpg","","","-999.99","2.28","-999.99","-999.99","6a80d7713a81d30014edee8f"
"2026-08-15T21:18:07.190Z","45.9238324","-129.9810281","ASNAP","","admin","","","","","","","","","","","","","","3411.42","796.46","-2.8","-5.5","66.75","1516.29","5.26","SciCam","/SciCam.20260815_211807190.jpg","PilotCam","/PilotCam.20260815_211807190.jpg","BrowCam","/BrowCam.20260815_211807190.jpg","UserSelect","/UserSelect.20260815_211807190.jpg","","","-999.99","2.40","-999.99","-999.99","6a80d78f3a81d30014edee93"
"2026-08-15T21:18:37.235Z","45.9238637","-129.9809461","ASNAP","","admin","","","","","","","","","","","","","","3417.78","799.94","-2.5","-6.0","65.20","1517.91","2.89","SciCam","/SciCam.20260815_211837235.jpg","PilotCam","/PilotCam.20260815_211837235.jpg","BrowCam","/BrowCam.20260815_211837235.jpg","UserSelect","/UserSelect.20260815_211837235.jpg","","","-999.99","2.35","-999.99","-999.99","6a80d7ad3a81d30014edee97"
"2026-08-15T21:18:50.000Z","","","SulisCam","","admin","","","","","","","sulis_20260815211850.jpg","","","","","","","","","","","","","","","","","","","","","","5.493","357.652","","","","","6a8330ca3a81d30014ee2702"
"2026-08-15T21:19:07.277Z","45.9238833","-129.9808781","ASNAP","","admin","","","","","","","","","","","","","","3423.06","802.12","-2.1","-5.8","66.06","1516.86","4.32","SciCam","/SciCam.20260815_211907277.jpg","PilotCam","/PilotCam.20260815_211907277.jpg","BrowCam","/BrowCam.20260815_211907277.jpg","UserSelect","/UserSelect.20260815_211907277.jpg","","","-999.99","2.33","-999.99","-999.99","6a80d7cb3a81d30014edee9b"
"2026-08-15T21:19:37.321Z","45.9239059","-129.9808211","ASNAP","","admin","","","","","","","","","","","","","","3427.48","804.63","-2.9","-5.7","53.09","1517.53","2.77","SciCam","/SciCam.20260815_211937321.jpg","PilotCam","/PilotCam.20260815_211937321.jpg","BrowCam","/BrowCam.20260815_211937321.jpg","UserSelect","/UserSelect.20260815_211937321.jpg","","","-999.99","2.32","-999.99","-999.99","6a80d7e93a81d30014edee9f"
"2026-08-15T21:20:07.367Z","45.9239423","-129.9807603","ASNAP","","admin","","","","","","","","","","","","","","3432.20","808.68","-2.4","-5.6","55.33","1517.94","2.99","SciCam","/SciCam.20260815_212007367.jpg","PilotCam","/PilotCam.20260815_212007367.jpg","BrowCam","/BrowCam.20260815_212007367.jpg","UserSelect","/UserSelect.20260815_212007367.jpg","","","-999.99","2.33","-999.99","-999.99","6a80d8073a81d30014edeea3"
"2026-08-15T21:20:37.409Z","45.9239805","-129.9806969","ASNAP","","admin","","","","","","","","","","","","","","3437.12","812.93","-2.0","-5.9","51.85","1518.83","2.82","SciCam","/SciCam.20260815_212037409.jpg","PilotCam","/PilotCam.20260815_212037409.jpg","BrowCam","/BrowCam.20260815_212037409.jpg","UserSelect","/UserSelect.20260815_212037409.jpg","","","-999.99","2.38","-999.99","-999.99","6a80d8253a81d30014edeea7"
"2026-08-15T21:21:07.454Z","45.9240163","-129.9806454","ASNAP","","admin","","","","","","","","","","","","","","3441.11","816.90","-2.4","-5.5","50.42","1518.58","3.07","SciCam","/SciCam.20260815_212107454.jpg","PilotCam","/PilotCam.20260815_212107454.jpg","BrowCam","/BrowCam.20260815_212107454.jpg","UserSelect","/UserSelect.20260815_212107454.jpg","","","-999.99","2.36","-999.99","-999.99","6a80d8433a81d30014edeeab"
"2026-08-15T21:21:23.726Z","45.9240361","-129.9806178","Biology Type","","guest","","","","","Fish","","","","","","","","","3443.25","819.11","-2.3","-6.0","50.79","1518.89","2.23","SciCam","/SciCam.20260815_212123726.jpg","PilotCam","/PilotCam.20260815_212123726.jpg","BrowCam","/BrowCam.20260815_212123726.jpg","UserSelect","/UserSelect.20260815_212123726.jpg","","","-999.99","2.34","-999.99","-999.99","6a80d8533a81d30014edeeaf"
"2026-08-15T21:21:37.475Z","45.9240491","-129.9806044","ASNAP","","admin","","","","","","","","","","","","","","3444.29","820.55","-2.3","-5.9","50.36","1518.94","2.56","SciCam","/SciCam.20260815_212137475.jpg","PilotCam","/PilotCam.20260815_212137475.jpg","BrowCam","/BrowCam.20260815_212137475.jpg","UserSelect","/UserSelect.20260815_212137475.jpg","","","-999.99","2.35","-999.99","-999.99","6a80d8613a81d30014edeeb3"
"2026-08-15T21:22:07.519Z","45.9240825","-129.9805610","ASNAP","","admin","","","","","","","","","","","","","","3447.66","824.26","-2.5","-5.7","49.51","1518.85","2.33","SciCam","/SciCam.20260815_212207519.jpg","PilotCam","/PilotCam.20260815_212207519.jpg","BrowCam","/BrowCam.20260815_212207519.jpg","UserSelect","/UserSelect.20260815_212207519.jpg","","","-999.99","2.36","-999.99","-999.99","6a80d87f3a81d30014edeeb7"
"2026-08-15T21:22:37.535Z","45.9241053","-129.9805071","ASNAP","","admin","","","","","","","","","","","","","","3451.84","826.80","-2.9","-5.7","50.49","1518.80","2.61","SciCam","/SciCam.20260815_212237535.jpg","PilotCam","/PilotCam.20260815_212237535.jpg","BrowCam","/BrowCam.20260815_212237535.jpg","UserSelect","/UserSelect.20260815_212237535.jpg","","","-999.99","2.33","-999.99","-999.99","6a80d89d3a81d30014edeebb"
"2026-08-15T21:23:07.581Z","45.9241143","-129.9804681","ASNAP","","admin","","","","","","","","","","","","","","3454.87","827.80","-2.7","-6.1","55.89","1518.84","2.54","SciCam","/SciCam.20260815_212307581.jpg","PilotCam","/PilotCam.20260815_212307581.jpg","BrowCam","/BrowCam.20260815_212307581.jpg","UserSelect","/UserSelect.20260815_212307581.jpg","","","-999.99","2.40","-999.99","-999.99","6a80d8bb3a81d30014edeebf"
"2026-08-15T21:23:25.252Z","45.9241250","-129.9804331","Biology Type","","guest","","","","","Sea cucumber","","","","","","","","","3457.58","828.99","-2.5","-6.0","59.23","1519.01","2.59","SciCam","/SciCam.20260815_212325252.jpg","PilotCam","/PilotCam.20260815_212325252.jpg","BrowCam","/BrowCam.20260815_212325252.jpg","UserSelect","/UserSelect.20260815_212325252.jpg","","","-999.99","2.38","-999.99","-999.99","6a80d8cd3a81d30014edeec3"
"2026-08-15T21:23:37.626Z","45.9241317","-129.9804113","ASNAP","","admin","","","","","","","","","","","","","","3459.27","829.73","-2.1","-5.7","59.56","1519.02","2.46","SciCam","/SciCam.20260815_212337626.jpg","PilotCam","/PilotCam.20260815_212337626.jpg","BrowCam","/BrowCam.20260815_212337626.jpg","UserSelect","/UserSelect.20260815_212337626.jpg","","","-999.99","2.34","-999.99","-999.99","6a80d8d93a81d30014edeec7"
"2026-08-15T21:23:52.631Z","45.9241438","-129.9803851","Biology Type","","guest","","","","","Fish","","","","","","","","","3461.31","831.08","-2.7","-5.8","55.69","1518.96","2.66","SciCam","/SciCam.20260815_212352631.jpg","PilotCam","/PilotCam.20260815_212352631.jpg","BrowCam","/BrowCam.20260815_212352631.jpg","UserSelect","/UserSelect.20260815_212352631.jpg","","","-999.99","2.38","-999.99","-999.99","6a80d8e83a81d30014edeecb"
"2026-08-15T21:24:07.671Z","45.9241586","-129.9803561","ASNAP","","admin","","","","","","","","","","","","","","3463.56","832.72","-2.0","-5.9","55.96","1519.04","2.71","SciCam","/SciCam.20260815_212407671.jpg","PilotCam","/PilotCam.20260815_212407671.jpg","BrowCam","/BrowCam.20260815_212407671.jpg","UserSelect","/UserSelect.20260815_212407671.jpg","","","-999.99","2.29","-999.99","-999.99","6a80d8f73a81d30014edeecf"
"2026-08-15T21:24:28.312Z","45.9241783","-129.9803143","Biology Type","","guest","","","","","Sea cucumber","","","","","","","","","3466.80","834.91","-2.0","-5.9","55.82","1519.31","2.20","SciCam","/SciCam.20260815_212428312.jpg","PilotCam","/PilotCam.20260815_212428312.jpg","BrowCam","/BrowCam.20260815_212428312.jpg","UserSelect","/UserSelect.20260815_212428312.jpg","","","-999.99","2.34","-999.99","-999.99","6a80d90c3a81d30014edeed3"
"2026-08-15T21:24:37.716Z","45.9241876","-129.9802955","ASNAP","","admin","","","","","","","","","","","","","","3468.26","835.94","-2.8","-5.8","51.49","1518.94","2.77","SciCam","/SciCam.20260815_212437716.jpg","PilotCam","/PilotCam.20260815_212437716.jpg","BrowCam","/BrowCam.20260815_212437716.jpg","UserSelect","/UserSelect.20260815_212437716.jpg","","","-999.99","2.35","-999.99","-999.99","6a80d9153a81d30014edeed7"
"2026-08-15T21:25:07.762Z","45.9242157","-129.9802324","ASNAP","","admin","","","","","","","","","","","","","","3473.15","839.07","-1.9","-5.9","56.16","1518.98","2.94","SciCam","/SciCam.20260815_212507762.jpg","PilotCam","/PilotCam.20260815_212507762.jpg","BrowCam","/BrowCam.20260815_212507762.jpg","UserSelect","/UserSelect.20260815_212507762.jpg","","","-999.99","2.36","-999.99","-999.99","6a80d9333a81d30014edeedb"
"2026-08-15T21:25:11.534Z","45.9242171","-129.9802275","Biology Type","","guest","","","","","Crab","","","","","","","","","3473.53","839.22","-2.2","-5.8","56.65","1518.95","2.77","SciCam","/SciCam.20260815_212511534.jpg","PilotCam","/PilotCam.20260815_212511534.jpg","BrowCam","/BrowCam.20260815_212511534.jpg","UserSelect","/UserSelect.20260815_212511534.jpg","","","-999.99","2.35","-999.99","-999.99","6a80d9373a81d30014edeedf"
"2026-08-15T21:25:37.807Z","45.9242341","-129.9801634","ASNAP","","admin","","","","","","","","","","","","","","3478.51","841.11","-2.4","-5.6","56.82","1518.72","4.78","SciCam","/SciCam.20260815_212537807.jpg","PilotCam","/PilotCam.20260815_212537807.jpg","BrowCam","/BrowCam.20260815_212537807.jpg","UserSelect","/UserSelect.20260815_212537807.jpg","","","-999.99","2.33","-999.99","-999.99","6a80d9513a81d30014edeee3"
"2026-08-15T21:26:07.852Z","45.9242629","-129.9801324","ASNAP","","admin","","","","","","","","","","","","","","3480.91","844.31","-2.3","-6.1","40.64","1519.26","2.89","SciCam","/SciCam.20260815_212607852.jpg","PilotCam","/PilotCam.20260815_212607852.jpg","BrowCam","/BrowCam.20260815_212607852.jpg","UserSelect","/UserSelect.20260815_212607852.jpg","","","-999.99","2.39","-999.99","-999.99","6a80d96f3a81d30014edeee7"
"2026-08-15T21:26:37.872Z","45.9242812","-129.9801394","ASNAP","","admin","","","","","","","","","","","","","","3480.37","846.35","-2.4","-6.3","35.66","1519.32","2.79","SciCam","/SciCam.20260815_212637872.jpg","PilotCam","/PilotCam.20260815_212637872.jpg","BrowCam","/BrowCam.20260815_212637872.jpg","UserSelect","/UserSelect.20260815_212637872.jpg","","","-999.99","2.31","-999.99","-999.99","6a80d98d3a81d30014edeeeb"
"2026-08-15T21:27:07.913Z","45.9242799","-129.9801385","ASNAP","","admin","","","","","","","","","","","","","","3480.44","846.20","-2.4","-6.2","35.95","1519.35","2.74","SciCam","/SciCam.20260815_212707913.jpg","PilotCam","/PilotCam.20260815_212707913.jpg","BrowCam","/BrowCam.20260815_212707913.jpg","UserSelect","/UserSelect.20260815_212707913.jpg","","","-999.99","2.36","-999.99","-999.99","6a80d9ab3a81d30014edeeef"
"2026-08-15T21:27:37.958Z","45.9243110","-129.9800966","ASNAP","","admin","","","","","","","","","","","","","","3483.69","849.66","-2.1","-6.2","44.55","1519.53","2.56","SciCam","/SciCam.20260815_212737958.jpg","PilotCam","/PilotCam.20260815_212737958.jpg","BrowCam","/BrowCam.20260815_212737958.jpg","UserSelect","/UserSelect.20260815_212737958.jpg","","","-999.99","2.35","-999.99","-999.99","6a80d9c93a81d30014edeef3"
"2026-08-15T21:28:08.002Z","45.9243446","-129.9800559","ASNAP","","admin","","","","","","","","","","","","","","3486.85","853.39","-2.6","-6.4","48.50","1519.35","2.69","SciCam","/SciCam.20260815_212808002.jpg","PilotCam","/PilotCam.20260815_212808002.jpg","BrowCam","/BrowCam.20260815_212808002.jpg","UserSelect","/UserSelect.20260815_212808002.jpg","","","-999.99","2.33","-999.99","-999.99","6a80d9e83a81d30014edeef7"
"2026-08-15T21:28:13.795Z","45.9243505","-129.9800444","Biology Type","","guest","","","","","Fish","","","","","","","","","3487.74","854.05","-2.4","-5.9","54.63","1519.43","2.61","SciCam","/SciCam.20260815_212813795.jpg","PilotCam","/PilotCam.20260815_212813795.jpg","BrowCam","/BrowCam.20260815_212813795.jpg","UserSelect","/UserSelect.20260815_212813795.jpg","","","-999.99","2.32","-999.99","-999.99","6a80d9ed3a81d30014edeefb"
"2026-08-15T21:28:38.045Z","45.9243576","-129.9800101","ASNAP","","admin","","","","","","","","","","","","","","3490.40","854.84","-2.6","-6.2","58.55","1519.59","2.15","SciCam","/SciCam.20260815_212838045.jpg","PilotCam","/PilotCam.20260815_212838045.jpg","BrowCam","/BrowCam.20260815_212838045.jpg","UserSelect","/UserSelect.20260815_212838045.jpg","","","-999.99","2.34","-999.99","-999.99","6a80da063a81d30014edeeff"
"2026-08-15T21:29:08.085Z","45.9243592","-129.9799509","ASNAP","","admin","","","","","","","","","","","","","","3494.99","855.02","-2.3","-6.0","66.26","1518.82","3.10","SciCam","/SciCam.20260815_212908085.jpg","PilotCam","/PilotCam.20260815_212908085.jpg","BrowCam","/BrowCam.20260815_212908085.jpg","UserSelect","/UserSelect.20260815_212908085.jpg","","","-999.99","2.33","-999.99","-999.99","6a80da243a81d30014edef03"
"2026-08-15T21:29:18.131Z","45.9243577","-129.9799257","Biology Type","","guest","","","","","Seastar","","","","","","","","","3496.95","854.85","-2.6","-6.0","66.65","1518.60","3.40","SciCam","/SciCam.20260815_212918131.jpg","PilotCam","/PilotCam.20260815_212918131.jpg","BrowCam","/BrowCam.20260815_212918131.jpg","UserSelect","/UserSelect.20260815_212918131.jpg","","","-999.99","2.35","-999.99","-999.99","6a80da2e3a81d30014edef07"
"2026-08-15T21:29:38.129Z","45.9243578","-129.9798844","ASNAP","","admin","","","","","","","","","","","","","","3500.15","854.86","-2.5","-5.8","66.28","1518.88","3.12","SciCam","/SciCam.20260815_212938129.jpg","PilotCam","/PilotCam.20260815_212938129.jpg","BrowCam","/BrowCam.20260815_212938129.jpg","UserSelect","/UserSelect.20260815_212938129.jpg","","","-999.99","2.37","-999.99","-999.99","6a80da423a81d30014edef0b"
"2026-08-15T21:30:08.173Z","45.9243517","-129.9798197","ASNAP","","admin","","","","","","","","","","","","","","3505.17","854.18","-2.2","-6.0","78.30","1518.67","3.68","SciCam","/SciCam.20260815_213008173.jpg","PilotCam","/PilotCam.20260815_213008173.jpg","BrowCam","/BrowCam.20260815_213008173.jpg","UserSelect","/UserSelect.20260815_213008173.jpg","","","-999.99","2.34","-999.99","-999.99","6a80da603a81d30014edef0f"
"2026-08-15T21:30:30.495Z","45.9243656","-129.9797720","Biology Type","","guest","","","","","Jelly","","","","","","","","","3508.87","855.73","-3.2","-6.2","61.44","1518.99","3.27","SciCam","/SciCam.20260815_213030495.jpg","PilotCam","/PilotCam.20260815_213030495.jpg","BrowCam","/BrowCam.20260815_213030495.jpg","UserSelect","/UserSelect.20260815_213030495.jpg","","","-999.99","2.35","-999.99","-999.99","6a80da763a81d30014edef13"
"2026-08-15T21:30:38.192Z","45.9243721","-129.9797469","ASNAP","","admin","","","","","","","","","","","","","","3510.82","856.45","-2.8","-6.0","52.71","1519.11","2.84","SciCam","/SciCam.20260815_213038192.jpg","PilotCam","/PilotCam.20260815_213038192.jpg","BrowCam","/BrowCam.20260815_213038192.jpg","UserSelect","/UserSelect.20260815_213038192.jpg","","","-999.99","2.38","-999.99","-999.99","6a80da7e3a81d30014edef17"
"2026-08-15T21:31:08.210Z","45.9244186","-129.9797274","ASNAP","","admin","","","","","","","","","","","","","","3512.33","861.62","-3.0","-6.3","12.98","1519.43","0.58","SciCam","/SciCam.20260815_213108210.jpg","PilotCam","/PilotCam.20260815_213108210.jpg","BrowCam","/BrowCam.20260815_213108210.jpg","UserSelect","/UserSelect.20260815_213108210.jpg","","","-999.99","2.37","-999.99","-999.99","6a80da9c3a81d30014edef1b"
"2026-08-15T21:31:18.000Z","","","SulisCam","","admin","","","","","","","sulis_20260815213118.jpg","","","","","","","","","","","","","","","","","","","","","","6.297","357.652","","","","","6a8330ca3a81d30014ee2704"
"2026-08-15T21:31:32.372Z","45.9244567","-129.9797292","Biology Type","","guest","","","","","Sea cucumber","","","","","","","","","3512.19","865.85","-2.5","-6.0","15.71","1518.89","3.73","SciCam","/SciCam.20260815_213132372.jpg","PilotCam","/PilotCam.20260815_213132372.jpg","BrowCam","/BrowCam.20260815_213132372.jpg","UserSelect","/UserSelect.20260815_213132372.jpg","","","-999.99","2.34","-999.99","-999.99","6a80dab43a81d30014edef1f"
"2026-08-15T21:31:38.253Z","45.9244649","-129.9797215","ASNAP","","admin","","","","","","","","","","","","","","3512.79","866.77","-2.2","-6.4","21.89","1518.63","4.27","SciCam","/SciCam.20260815_213138253.jpg","PilotCam","/PilotCam.20260815_213138253.jpg","BrowCam","/BrowCam.20260815_213138253.jpg","UserSelect","/UserSelect.20260815_213138253.jpg","","","-999.99","2.28","-999.99","-999.99","6a80daba3a81d30014edef23"
"2026-08-15T21:31:47.256Z","45.9244756","-129.9797120","Biology Type","","guest","","","","","Fish","","","","","","","","","3513.53","867.96","-2.3","-6.1","31.78","1518.02","5.03","SciCam","/SciCam.20260815_213147256.jpg","PilotCam","/PilotCam.20260815_213147256.jpg","BrowCam","/BrowCam.20260815_213147256.jpg","UserSelect","/UserSelect.20260815_213147256.jpg","","","-999.99","2.28","-999.99","-999.99","6a80dac33a81d30014edef27"
"2026-08-15T21:32:08.297Z","45.9244915","-129.9796774","ASNAP","","admin","","","","","","","","","","","","","","3516.21","869.72","-2.1","-5.9","62.50","1517.92","5.42","SciCam","/SciCam.20260815_213208297.jpg","PilotCam","/PilotCam.20260815_213208297.jpg","BrowCam","/BrowCam.20260815_213208297.jpg","UserSelect","/UserSelect.20260815_213208297.jpg","","","-999.99","2.33","-999.99","-999.99","6a80dad83a81d30014edef2b"
"2026-08-15T21:32:38.323Z","45.9245193","-129.9795997","ASNAP","","admin","","","","","","","","","","","","","","3522.24","872.81","-2.3","-5.7","65.23","1519.31","3.50","SciCam","/SciCam.20260815_213238323.jpg","PilotCam","/PilotCam.20260815_213238323.jpg","BrowCam","/BrowCam.20260815_213238323.jpg","UserSelect","/UserSelect.20260815_213238323.jpg","","","-999.99","2.38","-999.99","-999.99","6a80daf63a81d30014edef2f"
"2026-08-15T21:33:08.367Z","45.9245430","-129.9795352","ASNAP","","admin","","","","","","","","","","","","","","3527.24","875.45","-2.7","-5.8","61.97","1520.43","2.99","SciCam","/SciCam.20260815_213308367.jpg","PilotCam","/PilotCam.20260815_213308367.jpg","BrowCam","/BrowCam.20260815_213308367.jpg","UserSelect","/UserSelect.20260815_213308367.jpg","","","-999.99","2.35","-999.99","-999.99","6a80db143a81d30014edef33"
"2026-08-15T21:33:38.392Z","45.9245625","-129.9794653","ASNAP","","admin","","","","","","","","","","","","","","3532.67","877.61","-2.3","-6.3","60.96","1520.64","2.79","SciCam","/SciCam.20260815_213338392.jpg","PilotCam","/PilotCam.20260815_213338392.jpg","BrowCam","/BrowCam.20260815_213338392.jpg","UserSelect","/UserSelect.20260815_213338392.jpg","","","-999.99","2.35","-999.99","-999.99","6a80db323a81d30014edef37"
"2026-08-15T21:34:06.287Z","45.9245851","-129.9793920","Biology Type","","guest","","","","","Sea cucumber","","","","","","","","","3538.35","880.13","-2.6","-5.9","67.46","1520.88","2.59","SciCam","/SciCam.20260815_213406287.jpg","PilotCam","/PilotCam.20260815_213406287.jpg","BrowCam","/BrowCam.20260815_213406287.jpg","UserSelect","/UserSelect.20260815_213406287.jpg","","","-999.99","2.37","-999.99","-999.99","6a80db4e3a81d30014edef3b"
"2026-08-15T21:34:08.418Z","45.9245865","-129.9793873","ASNAP","","admin","","","","","","","","","","","","","","3538.72","880.28","-2.5","-5.8","68.16","1520.91","2.51","SciCam","/SciCam.20260815_213408418.jpg","PilotCam","/PilotCam.20260815_213408418.jpg","BrowCam","/BrowCam.20260815_213408418.jpg","UserSelect","/UserSelect.20260815_213408418.jpg","","","-999.99","2.36","-999.99","-999.99","6a80db503a81d30014edef3f"
"2026-08-15T21:34:38.461Z","45.9246034","-129.9793280","ASNAP","","admin","","","","","","","","","","","","","","3543.32","882.16","-2.4","-5.7","65.85","1521.53","1.82","SciCam","/SciCam.20260815_213438461.jpg","PilotCam","/PilotCam.20260815_213438461.jpg","BrowCam","/BrowCam.20260815_213438461.jpg","UserSelect","/UserSelect.20260815_213438461.jpg","","","-999.99","2.38","-999.99","-999.99","6a80db6e3a81d30014edef43"
"2026-08-15T21:35:08.479Z","45.9246275","-129.9792831","ASNAP","","admin","","","","","","","","","","","","","","3546.80","884.84","-2.5","-6.0","51.40","1521.83","1.92","SciCam","/SciCam.20260815_213508479.jpg","PilotCam","/PilotCam.20260815_213508479.jpg","BrowCam","/BrowCam.20260815_213508479.jpg","UserSelect","/UserSelect.20260815_213508479.jpg","","","-999.99","2.36","-999.99","-999.99","6a80db8c3a81d30014edef47"
"2026-08-15T21:35:38.521Z","45.9246620","-129.9792613","ASNAP","","admin","","","","","","","","","","","","","","3548.49","888.67","-2.5","-5.9","50.97","1522.19","1.90","SciCam","/SciCam.20260815_213538521.jpg","PilotCam","/PilotCam.20260815_213538521.jpg","BrowCam","/BrowCam.20260815_213538521.jpg","UserSelect","/UserSelect.20260815_213538521.jpg","","","-999.99","2.35","-999.99","-999.99","6a80dbaa3a81d30014edef4b"
"2026-08-15T21:35:51.661Z","45.9246787","-129.9792481","Geologic Formations","","guest","","","","","","","","","","","Sheet","","","3549.52","890.53","-2.3","-6.2","50.90","1522.30","2.10","SciCam","/SciCam.20260815_213551661.jpg","PilotCam","/PilotCam.20260815_213551661.jpg","BrowCam","/BrowCam.20260815_213551661.jpg","UserSelect","/UserSelect.20260815_213551661.jpg","","","-999.99","2.29","-999.99","-999.99","6a80dbb73a81d30014edef4f"
"2026-08-15T21:36:08.549Z","45.9246920","-129.9792240","ASNAP","","admin","","","","","","","","","","","","","","3551.39","892.01","-2.6","-6.2","48.07","1522.06","2.61","SciCam","/SciCam.20260815_213608549.jpg","PilotCam","/PilotCam.20260815_213608549.jpg","BrowCam","/BrowCam.20260815_213608549.jpg","UserSelect","/UserSelect.20260815_213608549.jpg","","","-999.99","2.37","-999.99","-999.99","6a80dbc83a81d30014edef53"
"2026-08-15T21:36:38.594Z","45.9247024","-129.9791857","ASNAP","","admin","","","","","","","","","","","","","","3554.36","893.17","-2.0","-6.0","58.66","1522.29","2.46","SciCam","/SciCam.20260815_213638594.jpg","PilotCam","/PilotCam.20260815_213638594.jpg","BrowCam","/BrowCam.20260815_213638594.jpg","UserSelect","/UserSelect.20260815_213638594.jpg","","","-999.99","2.31","-999.99","-999.99","6a80dbe63a81d30014edef57"
"2026-08-15T21:36:41.406Z","45.9247030","-129.9791834","Biology Type","","guest","","","","","Sea cucumber","","","","","","","","","3554.54","893.23","-2.4","-5.9","59.54","1522.21","2.48","SciCam","/SciCam.20260815_213641406.jpg","PilotCam","/PilotCam.20260815_213641406.jpg","BrowCam","/BrowCam.20260815_213641406.jpg","UserSelect","/UserSelect.20260815_213641406.jpg","","","-999.99","2.34","-999.99","-999.99","6a80dbe93a81d30014edef5b"
"2026-08-15T21:37:08.638Z","45.9247223","-129.9791217","ASNAP","","admin","","","","","","","","","","","","","","3559.32","895.38","-4.2","-7.0","57.12","1521.51","3.38","SciCam","/SciCam.20260815_213708638.jpg","PilotCam","/PilotCam.20260815_213708638.jpg","BrowCam","/BrowCam.20260815_213708638.jpg","UserSelect","/UserSelect.20260815_213708638.jpg","","","-999.99","2.33","-999.99","-999.99","6a80dc043a81d30014edef5f"
"2026-08-15T21:37:38.683Z","45.9247614","-129.9789935","ASNAP","","admin","","","","","","","","","","","","","","3569.27","899.72","-2.4","-6.1","43.38","1522.65","2.56","SciCam","/SciCam.20260815_213738683.jpg","PilotCam","/PilotCam.20260815_213738683.jpg","BrowCam","/BrowCam.20260815_213738683.jpg","UserSelect","/UserSelect.20260815_213738683.jpg","","","-999.99","2.35","-999.99","-999.99","6a80dc223a81d30014edef63"
"2026-08-15T21:38:08.725Z","45.9247671","-129.9789791","ASNAP","","admin","","","","","","","","","","","","","","3570.39","900.36","-1.4","-6.9","40.87","1523.98","1.39","SciCam","/SciCam.20260815_213808725.jpg","PilotCam","/PilotCam.20260815_213808725.jpg","BrowCam","/BrowCam.20260815_213808725.jpg","UserSelect","/UserSelect.20260815_213808725.jpg","","","-999.99","2.33","-999.99","-999.99","6a80dc403a81d30014edef67"
"2026-08-15T21:38:38.770Z","45.9247684","-129.9789778","ASNAP","","admin","","","","","","","","","","","","","","3570.49","900.50","-0.0","-6.6","38.96","1524.00","1.36","SciCam","/SciCam.20260815_213838770.jpg","PilotCam","/PilotCam.20260815_213838770.jpg","BrowCam","/BrowCam.20260815_213838770.jpg","UserSelect","/UserSelect.20260815_213838770.jpg","","","-999.99","2.42","-999.99","-999.99","6a80dc5e3a81d30014edef6b"
"2026-08-15T21:38:55.177Z","45.9247689","-129.9789772","ROV Actions","Grabbing rock\n","guest","","(Port) Manipulator in use","","","","","","","","","","","","3570.53","900.56","1.8","-6.7","38.99","1524.00","1.31","SciCam","/SciCam.20260815_213855177.jpg","PilotCam","/PilotCam.20260815_213855177.jpg","BrowCam","/BrowCam.20260815_213855177.jpg","UserSelect","/UserSelect.20260815_213855177.jpg","","","-999.99","2.32","-999.99","-999.99","6a80dc6f3a81d30014edef6f"
"2026-08-15T21:39:08.814Z","45.9247691","-129.9789772","ASNAP","","admin","","","","","","","","","","","","","","3570.53","900.58","1.5","-6.7","39.03","1524.01","1.31","SciCam","/SciCam.20260815_213908814.jpg","PilotCam","/PilotCam.20260815_213908814.jpg","BrowCam","/BrowCam.20260815_213908814.jpg","UserSelect","/UserSelect.20260815_213908814.jpg","","","-999.99","2.34","-999.99","-999.99","6a80dc7c3a81d30014edef73"
"2026-08-15T21:39:24.916Z","45.9247696","-129.9789769","Sample","","guest","","","","","Geology","","","","","","","Rock","glassy chunk of sheet flow","3570.56","900.63","1.6","-7.0","39.42","1524.02","1.36","SciCam","/SciCam.20260815_213924916.jpg","PilotCam","/PilotCam.20260815_213924916.jpg","BrowCam","/BrowCam.20260815_213924916.jpg","UserSelect","/UserSelect.20260815_213924916.jpg","","","-999.99","2.38","-999.99","-999.99","6a80dc8c3a81d30014edef77"
"2026-08-15T21:39:28.000Z","","","SulisCam","","admin","","","","","","","sulis_20260815213928.jpg","","","","","","","","","","","","","","","","","","","","","","6.951","1.579","","","","","6a8330ca3a81d30014ee2706"
"2026-08-15T21:39:38.847Z","45.9247695","-129.9789769","ASNAP","","admin","","","","","","","","","","","","","","3570.56","900.62","1.6","-6.9","39.45","1524.02","1.36","SciCam","/SciCam.20260815_213938847.jpg","PilotCam","/PilotCam.20260815_213938847.jpg","BrowCam","/BrowCam.20260815_213938847.jpg","UserSelect","/UserSelect.20260815_213938847.jpg","","","-999.99","2.36","-999.99","-999.99","6a80dc9a3a81d30014edef7b"
"2026-08-15T21:40:08.872Z","45.9247691","-129.9789767","ASNAP","","admin","","","","","","","","","","","","","","3570.57","900.58","2.0","-6.9","39.87","1524.02","1.34","SciCam","/SciCam.20260815_214008872.jpg","PilotCam","/PilotCam.20260815_214008872.jpg","BrowCam","/BrowCam.20260815_214008872.jpg","UserSelect","/UserSelect.20260815_214008872.jpg","","","-999.99","2.38","-999.99","-999.99","6a80dcb83a81d30014edef7f"
"2026-08-15T21:40:38.916Z","45.9247695","-129.9789769","ASNAP","","admin","","","","","","","","","","","","","","3570.56","900.62","-0.0","-6.9","39.33","1524.04","1.36","SciCam","/SciCam.20260815_214038916.jpg","PilotCam","/PilotCam.20260815_214038916.jpg","BrowCam","/BrowCam.20260815_214038916.jpg","UserSelect","/UserSelect.20260815_214038916.jpg","","","-999.99","2.33","-999.99","-999.99","6a80dcd63a81d30014edef83"
"2026-08-15T21:41:08.960Z","45.9248024","-129.9788578","ASNAP","","admin","","","","","","","","","","","","","","3579.80","904.28","-2.1","-7.0","69.12","1522.31","4.04","SciCam","/SciCam.20260815_214108960.jpg","PilotCam","/PilotCam.20260815_214108960.jpg","BrowCam","/BrowCam.20260815_214108960.jpg","UserSelect","/UserSelect.20260815_214108960.jpg","","","-999.99","2.44","-999.99","-999.99","6a80dcf43a81d30014edef87"
"2026-08-15T21:41:39.000Z","45.9248339","-129.9786395","ASNAP","","admin","","","","","","","","","","","","","","3596.73","907.78","-2.1","-6.5","50.37","1523.33","4.17","SciCam","/SciCam.20260815_214139000.jpg","PilotCam","/PilotCam.20260815_214139000.jpg","BrowCam","/BrowCam.20260815_214139000.jpg","UserSelect","/UserSelect.20260815_214139000.jpg","","","-999.99","2.40","-999.99","-999.99","6a80dd133a81d30014edef8b"
"2026-08-15T21:42:03.926Z","45.9248867","-129.9785460","Biology Type","","guest","","","","","Fish","","","","","","","","","3603.99","913.65","-2.8","-6.1","42.69","1523.03","4.42","SciCam","/SciCam.20260815_214203926.jpg","PilotCam","/PilotCam.20260815_214203926.jpg","BrowCam","/BrowCam.20260815_214203926.jpg","UserSelect","/UserSelect.20260815_214203926.jpg","","","-999.99","2.34","-999.99","-999.99","6a80dd2b3a81d30014edef8f"
"2026-08-15T21:42:09.040Z","45.9248973","-129.9785248","ASNAP","","admin","","","","","","","","","","","","","","3605.63","914.83","-2.8","-6.3","35.08","1522.81","4.65","SciCam","/SciCam.20260815_214209040.jpg","PilotCam","/PilotCam.20260815_214209040.jpg","BrowCam","/BrowCam.20260815_214209040.jpg","UserSelect","/UserSelect.20260815_214209040.jpg","","","-999.99","2.33","-999.99","-999.99","6a80dd313a81d30014edef93"
"2026-08-15T21:42:39.083Z","45.9249532","-129.9784274","ASNAP","","admin","","","","","","","","","","","","","","3613.19","921.04","-2.2","-6.3","33.93","1522.62","4.42","SciCam","/SciCam.20260815_214239083.jpg","PilotCam","/PilotCam.20260815_214239083.jpg","BrowCam","/BrowCam.20260815_214239083.jpg","UserSelect","/UserSelect.20260815_214239083.jpg","","","-999.99","2.32","-999.99","-999.99","6a80dd4f3a81d30014edef97"
"2026-08-15T21:43:09.106Z","45.9249956","-129.9784069","ASNAP","","admin","","","","","","","","","","","","","","3614.78","925.75","-2.8","-6.4","330.65","1523.41","3.61","SciCam","/SciCam.20260815_214309106.jpg","PilotCam","/PilotCam.20260815_214309106.jpg","BrowCam","/BrowCam.20260815_214309106.jpg","UserSelect","/UserSelect.20260815_214309106.jpg","","","-999.99","2.33","-999.99","-999.99","6a80dd6d3a81d30014edef9b"
"2026-08-15T21:43:39.151Z","45.9249982","-129.9784098","ASNAP","","admin","","","","","","","","","","","","","","3614.55","926.04","-3.8","-5.9","329.79","1524.11","2.71","SciCam","/SciCam.20260815_214339151.jpg","PilotCam","/PilotCam.20260815_214339151.jpg","BrowCam","/BrowCam.20260815_214339151.jpg","UserSelect","/UserSelect.20260815_214339151.jpg","","","-999.99","2.32","-999.99","-999.99","6a80dd8b3a81d30014edef9f"
"2026-08-15T21:43:52.855Z","45.9249981","-129.9784098","ROV Actions","Rock sample grabbing 2","guest","","(Port) Manipulator in use","","","","","","","","","","","","3614.55","926.03","-3.0","-5.7","330.10","1524.09","2.71","SciCam","/SciCam.20260815_214352855.jpg","PilotCam","/PilotCam.20260815_214352855.jpg","BrowCam","/BrowCam.20260815_214352855.jpg","UserSelect","/UserSelect.20260815_214352855.jpg","","","-999.99","2.33","-999.99","-999.99","6a80dd983a81d30014edefa3"
"2026-08-15T21:44:09.193Z","45.9249982","-129.9784087","ASNAP","","admin","","","","","","","","","","","","","","3614.64","926.04","-2.3","-6.2","332.15","1524.07","2.71","SciCam","/SciCam.20260815_214409193.jpg","PilotCam","/PilotCam.20260815_214409193.jpg","BrowCam","/BrowCam.20260815_214409193.jpg","UserSelect","/UserSelect.20260815_214409193.jpg","","","-999.99","2.27","-999.99","-999.99","6a80dda93a81d30014edefa7"
"2026-08-15T21:44:26.631Z","45.9249980","-129.9784089","Biology Type","Brittle Star","guest","","","","","","","","","","","","","","3614.62","926.02","-2.1","-6.2","332.94","1524.06","2.69","SciCam","/SciCam.20260815_214426631.jpg","PilotCam","/PilotCam.20260815_214426631.jpg","BrowCam","/BrowCam.20260815_214426631.jpg","UserSelect","/UserSelect.20260815_214426631.jpg","","","-999.99","2.34","-999.99","-999.99","6a80ddba3a81d30014edefab"
"2026-08-15T21:44:39.237Z","45.9249980","-129.9784089","ASNAP","","admin","","","","","","","","","","","","","","3614.62","926.02","-2.1","-5.7","332.93","1524.07","2.69","SciCam","/SciCam.20260815_214439237.jpg","PilotCam","/PilotCam.20260815_214439237.jpg","BrowCam","/BrowCam.20260815_214439237.jpg","UserSelect","/UserSelect.20260815_214439237.jpg","","","-999.99","2.31","-999.99","-999.99","6a80ddc73a81d30014edefaf"
"2026-08-15T21:45:09.281Z","45.9249979","-129.9784086","ASNAP","","admin","","","","","","","","","","","","","","3614.65","926.01","-2.1","-6.4","332.92","1524.06","2.71","SciCam","/SciCam.20260815_214509281.jpg","PilotCam","/PilotCam.20260815_214509281.jpg","BrowCam","/BrowCam.20260815_214509281.jpg","UserSelect","/UserSelect.20260815_214509281.jpg","","","-999.99","2.34","-999.99","-999.99","6a80dde53a81d30014edefb3"
"2026-08-15T21:45:39.301Z","45.9249987","-129.9784089","ASNAP","","admin","","","","","","","","","","","","","","3614.62","926.10","-2.0","-4.8","327.92","1524.08","2.59","SciCam","/SciCam.20260815_214539301.jpg","PilotCam","/PilotCam.20260815_214539301.jpg","BrowCam","/BrowCam.20260815_214539301.jpg","UserSelect","/UserSelect.20260815_214539301.jpg","","","-999.99","2.30","-999.99","-999.99","6a80de033a81d30014edefb7"
"2026-08-15T21:46:09.345Z","45.9250484","-129.9783432","ASNAP","","admin","","","","","","","","","","","","","","3619.72","931.62","-1.9","-7.7","34.98","1521.76","4.50","SciCam","/SciCam.20260815_214609345.jpg","PilotCam","/PilotCam.20260815_214609345.jpg","BrowCam","/BrowCam.20260815_214609345.jpg","UserSelect","/UserSelect.20260815_214609345.jpg","","","-999.99","2.35","-999.99","-999.99","6a80de213a81d30014edefbb"
"2026-08-15T21:46:39.390Z","45.9250870","-129.9782650","ASNAP","","admin","","","","","","","","","","","","","","3625.79","935.91","-2.0","-6.2","48.90","1522.97","3.58","","","","","","","","","","","-999.99","2.39","-999.99","-999.99","6a80de3f3a81d30014edefbf"
"2026-08-15T21:47:09.433Z","45.9251156","-129.9782182","ASNAP","","admin","","","","","","","","","","","","","","3629.42","939.09","-2.2","-6.3","54.91","1523.00","3.43","","","","","","","","","","","-999.99","2.37","-999.99","-999.99","6a80de5d3a81d30014edefc2"
"2026-08-15T21:47:19.486Z","45.9251285","-129.9781956","Biology Type","","guest","","","","","Fish","","","","","","","","","3631.17","940.52","-2.2","-6.4","56.58","1522.97","3.07","","","","","","","","","","","-999.99","2.38","-999.99","-999.99","6a80de673a81d30014edefc5"
"2026-08-15T21:47:39.477Z","45.9251576","-129.9781435","ASNAP","","admin","","","","","","","","","","","","","","3635.21","943.76","-2.3","-6.2","57.60","1522.74","3.73","","","","","","","","","","","-999.99","2.44","-999.99","-999.99","6a80de7b3a81d30014edefc8"
"2026-08-15T21:48:09.521Z","45.9252111","-129.9780612","ASNAP","","admin","","","","","","","","","","","","","","3641.60","949.71","-2.4","-6.0","46.29","1523.21","3.07","","","","","","","","","","","-999.99","2.35","-999.99","-999.99","6a80de993a81d30014edefcb"
"2026-08-15T21:48:39.547Z","45.9252523","-129.9780006","ASNAP","","admin","","","","","","","","","","","","","","3646.30","954.28","-2.4","-6.2","43.01","1523.87","3.10","SciCam","/SciCam.20260815_214839547.jpg","PilotCam","/PilotCam.20260815_214839547.jpg","BrowCam","/BrowCam.20260815_214839547.jpg","UserSelect","/UserSelect.20260815_214839547.jpg","","","-999.99","2.34","-999.99","-999.99","6a80deb73a81d30014edefce"
"2026-08-15T21:49:09.589Z","45.9252865","-129.9779484","ASNAP","","admin","","","","","","","","","","","","","","3650.35","958.09","-2.1","-6.0","44.12","1524.30","2.89","SciCam","/SciCam.20260815_214909589.jpg","PilotCam","/PilotCam.20260815_214909589.jpg","BrowCam","/BrowCam.20260815_214909589.jpg","UserSelect","/UserSelect.20260815_214909589.jpg","","","-999.99","2.34","-999.99","-999.99","6a80ded53a81d30014edefd2"
"2026-08-15T21:49:39.608Z","45.9253138","-129.9778961","ASNAP","","admin","","","","","","","","","","","","","","3654.41","961.12","-2.3","-6.1","37.86","1524.70","2.56","SciCam","/SciCam.20260815_214939608.jpg","PilotCam","/PilotCam.20260815_214939608.jpg","BrowCam","/BrowCam.20260815_214939608.jpg","UserSelect","/UserSelect.20260815_214939608.jpg","","","-999.99","2.32","-999.99","-999.99","6a80def33a81d30014edefd6"
"2026-08-15T21:49:55.674Z","45.9253355","-129.9778730","Biology Type","","guest","","","","","Fish","","","","","","","","","3656.20","963.53","-2.2","-6.1","36.98","1525.13","2.41","SciCam","/SciCam.20260815_214955674.jpg","PilotCam","/PilotCam.20260815_214955674.jpg","BrowCam","/BrowCam.20260815_214955674.jpg","UserSelect","/UserSelect.20260815_214955674.jpg","","","-999.99","2.32","-999.99","-999.99","6a80df033a81d30014edefda"
"2026-08-15T21:50:09.649Z","45.9253577","-129.9778605","ASNAP","","admin","","","","","","","","","","","","","","3657.17","966.00","-2.2","-6.3","37.07","1525.43","2.20","SciCam","/SciCam.20260815_215009649.jpg","PilotCam","/PilotCam.20260815_215009649.jpg","BrowCam","/BrowCam.20260815_215009649.jpg","UserSelect","/UserSelect.20260815_215009649.jpg","","","-999.99","2.34","-999.99","-999.99","6a80df113a81d30014edefde"
"2026-08-15T21:50:39.694Z","45.9254085","-129.9778443","ASNAP","","admin","","","","","","","","","","","","","","3658.43","971.65","-2.2","-6.2","34.54","1524.92","3.17","SciCam","/SciCam.20260815_215039694.jpg","PilotCam","/PilotCam.20260815_215039694.jpg","BrowCam","/BrowCam.20260815_215039694.jpg","UserSelect","/UserSelect.20260815_215039694.jpg","","","-999.99","2.34","-999.99","-999.99","6a80df2f3a81d30014edefe2"
"2026-08-15T21:51:09.716Z","45.9254292","-129.9778788","ASNAP","","admin","","","","","","","","","","","","","","3655.75","973.95","-2.2","-6.0","16.45","1526.03","2.23","SciCam","/SciCam.20260815_215109716.jpg","PilotCam","/PilotCam.20260815_215109716.jpg","BrowCam","/BrowCam.20260815_215109716.jpg","UserSelect","/UserSelect.20260815_215109716.jpg","","","-999.99","2.33","-999.99","-999.99","6a80df4d3a81d30014edefe6"
"2026-08-15T21:51:19.556Z","45.9254339","-129.9778892","Biology Type","","guest","","","","","Sea cucumber","","","","","","","","","3654.94","974.47","-1.9","-6.4","6.77","1526.41","1.75","SciCam","/SciCam.20260815_215119556.jpg","PilotCam","/PilotCam.20260815_215119556.jpg","BrowCam","/BrowCam.20260815_215119556.jpg","UserSelect","/UserSelect.20260815_215119556.jpg","","","-999.99","2.34","-999.99","-999.99","6a80df573a81d30014edefea"
"2026-08-15T21:51:39.761Z","45.9254373","-129.9779100","ASNAP","","admin","","","","","","","","","","","","","","3653.33","974.85","-2.4","-6.8","324.15","1526.45","1.72","SciCam","/SciCam.20260815_215139761.jpg","PilotCam","/PilotCam.20260815_215139761.jpg","BrowCam","/BrowCam.20260815_215139761.jpg","UserSelect","/UserSelect.20260815_215139761.jpg","","","-999.99","2.13","-999.99","-999.99","6a80df6b3a81d30014edefee"
"2026-08-15T21:51:52.240Z","45.9254470","-129.9779093","Biology Type","","guest","","","","","Sea cucumber","","","","","","","","","3653.38","975.93","-2.0","-6.2","317.87","1527.03","1.34","SciCam","/SciCam.20260815_215152240.jpg","PilotCam","/PilotCam.20260815_215152240.jpg","BrowCam","/BrowCam.20260815_215152240.jpg","UserSelect","/UserSelect.20260815_215152240.jpg","","","-999.99","2.33","-999.99","-999.99","6a80df783a81d30014edeff2"
"2026-08-15T21:52:09.804Z","45.9254476","-129.9779101","ASNAP","","admin","","","","","","","","","","","","","","3653.32","975.99","1.3","-3.3","313.44","1527.04","1.11","SciCam","/SciCam.20260815_215209804.jpg","PilotCam","/PilotCam.20260815_215209804.jpg","BrowCam","/BrowCam.20260815_215209804.jpg","UserSelect","/UserSelect.20260815_215209804.jpg","","","-999.99","2.36","-999.99","-999.99","6a80df893a81d30014edeff6"
"2026-08-15T21:52:29.605Z","45.9254476","-129.9779102","ROV Actions","Finding a rock sample","guest","","(Port) Manipulator in use","","","","","","","","","","","","3653.31","975.99","1.7","-3.7","313.94","1527.04","1.08","SciCam","/SciCam.20260815_215229605.jpg","PilotCam","/PilotCam.20260815_215229605.jpg","BrowCam","/BrowCam.20260815_215229605.jpg","UserSelect","/UserSelect.20260815_215229605.jpg","","","-999.99","2.37","-999.99","-999.99","6a80df9d3a81d30014edeffa"
"2026-08-15T21:52:39.820Z","45.9254474","-129.9779104","ASNAP","","admin","","","","","","","","","","","","","","3653.30","975.97","2.0","-4.1","314.05","1527.03","1.11","SciCam","/SciCam.20260815_215239820.jpg","PilotCam","/PilotCam.20260815_215239820.jpg","BrowCam","/BrowCam.20260815_215239820.jpg","UserSelect","/UserSelect.20260815_215239820.jpg","","","-999.99","2.41","-999.99","-999.99","6a80dfa73a81d30014edeffe"
"2026-08-15T21:53:09.865Z","45.9254476","-129.9779106","ASNAP","","admin","","","","","","","","","","","","","","3653.28","975.99","1.5","-3.5","313.93","1527.04","1.08","SciCam","/SciCam.20260815_215309865.jpg","PilotCam","/PilotCam.20260815_215309865.jpg","BrowCam","/BrowCam.20260815_215309865.jpg","UserSelect","/UserSelect.20260815_215309865.jpg","","","-999.99","2.39","-999.99","-999.99","6a80dfc53a81d30014edf002"
"2026-08-15T21:53:39.911Z","45.9254474","-129.9779105","ASNAP","","admin","","","","","","","","","","","","","","3653.29","975.97","2.1","-3.7","314.39","1527.04","1.03","SciCam","/SciCam.20260815_215339911.jpg","PilotCam","/PilotCam.20260815_215339911.jpg","BrowCam","/BrowCam.20260815_215339911.jpg","UserSelect","/UserSelect.20260815_215339911.jpg","","","-999.99","2.39","-999.99","-999.99","6a80dfe33a81d30014edf006"
"2026-08-15T21:53:46.000Z","","","SulisCam","","admin","","","","","","","sulis_20260815215346.jpg","","","","","","","","","","","","","","","","","","","","","","3.986","2.164","","","","","6a8330ca3a81d30014ee2708"
"2026-08-15T21:53:54.047Z","45.9254473","-129.9779106","Sample","","guest","","","","","Geology","","","","","","","Rock","Small rock","3653.28","975.96","2.1","-3.4","314.36","1527.04","1.01","SciCam","/SciCam.20260815_215354047.jpg","PilotCam","/PilotCam.20260815_215354047.jpg","BrowCam","/BrowCam.20260815_215354047.jpg","UserSelect","/UserSelect.20260815_215354047.jpg","","","-999.99","2.17","-999.99","-999.99","6a80dff23a81d30014edf00a"
"2026-08-15T21:54:09.938Z","45.9254472","-129.9779108","ASNAP","","admin","","","","","","","","","","","","","","3653.27","975.95","2.2","-3.1","314.34","1527.05","1.01","SciCam","/SciCam.20260815_215409938.jpg","PilotCam","/PilotCam.20260815_215409938.jpg","BrowCam","/BrowCam.20260815_215409938.jpg","UserSelect","/UserSelect.20260815_215409938.jpg","","","-999.99","2.41","-999.99","-999.99","6a80e0013a81d30014edf00e"
"2026-08-15T21:54:39.982Z","45.9254471","-129.9779108","ASNAP","","admin","","","","","","","","","","","","","","3653.27","975.94","2.2","-4.3","314.19","1527.03","1.08","SciCam","/SciCam.20260815_215439982.jpg","PilotCam","/PilotCam.20260815_215439982.jpg","BrowCam","/BrowCam.20260815_215439982.jpg","UserSelect","/UserSelect.20260815_215439982.jpg","","","-999.99","2.20","-999.99","-999.99","6a80e01f3a81d30014edf012"
"2026-08-15T21:55:10.025Z","45.9254471","-129.9779111","ASNAP","","admin","","","","","","","","","","","","","","3653.24","975.94","2.0","-4.4","314.23","1527.03","1.11","SciCam","/SciCam.20260815_215510025.jpg","PilotCam","/PilotCam.20260815_215510025.jpg","BrowCam","/BrowCam.20260815_215510025.jpg","UserSelect","/UserSelect.20260815_215510025.jpg","","","-999.99","2.37","-999.99","-999.99","6a80e03e3a81d30014edf016"
"2026-08-15T21:55:40.070Z","45.9254470","-129.9779111","ASNAP","","admin","","","","","","","","","","","","","","3653.24","975.93","2.2","-4.4","314.13","1527.03","1.11","SciCam","/SciCam.20260815_215540070.jpg","PilotCam","/PilotCam.20260815_215540070.jpg","BrowCam","/BrowCam.20260815_215540070.jpg","UserSelect","/UserSelect.20260815_215540070.jpg","","","-999.99","2.33","-999.99","-999.99","6a80e05c3a81d30014edf01a"
"2026-08-15T21:55:58.000Z","","","SulisCam","","admin","","","","","","","sulis_20260815215558.jpg","","","","","","","","","","","","","","","","","","","","","","4.401","2.176","","","","","6a8330ca3a81d30014ee270a"
"2026-08-15T21:56:05.377Z","45.9254471","-129.9779115","Sample","","guest","","","","","Geology","","","","","","","Rock with BrittleStar","glassy chunk of sheet flow","3653.21","975.94","2.2","-4.1","314.12","1527.04","1.08","SciCam","/SciCam.20260815_215605377.jpg","PilotCam","/PilotCam.20260815_215605377.jpg","BrowCam","/BrowCam.20260815_215605377.jpg","UserSelect","/UserSelect.20260815_215605377.jpg","","","-999.99","2.46","-999.99","-999.99","6a80e0753a81d30014edf01e"
"2026-08-15T21:56:10.113Z","45.9254471","-129.9779115","ASNAP","","admin","","","","","","","","","","","","","","3653.21","975.94","2.2","-3.6","314.15","1527.05","1.03","SciCam","/SciCam.20260815_215610113.jpg","PilotCam","/PilotCam.20260815_215610113.jpg","BrowCam","/BrowCam.20260815_215610113.jpg","UserSelect","/UserSelect.20260815_215610113.jpg","","","-999.99","2.41","-999.99","-999.99","6a80e07a3a81d30014edf022"
"2026-08-15T21:56:40.157Z","45.9254472","-129.9779119","ASNAP","","admin","","","","","","","","","","","","","","3653.18","975.95","1.4","-3.9","313.42","1527.05","1.11","SciCam","/SciCam.20260815_215640157.jpg","PilotCam","/PilotCam.20260815_215640157.jpg","BrowCam","/BrowCam.20260815_215640157.jpg","UserSelect","/UserSelect.20260815_215640157.jpg","","","-999.99","2.18","-999.99","-999.99","6a80e0983a81d30014edf026"
"2026-08-15T21:57:01.689Z","45.9254505","-129.9779092","Biology Type","","guest","","","","","Sea cucumber","","","","","","","","","3653.39","976.31","-1.1","-6.7","313.16","1525.96","2.20","SciCam","/SciCam.20260815_215701689.jpg","PilotCam","/PilotCam.20260815_215701689.jpg","BrowCam","/BrowCam.20260815_215701689.jpg","UserSelect","/UserSelect.20260815_215701689.jpg","","","-999.99","2.35","-999.99","-999.99","6a80e0ad3a81d30014edf02a"
"2026-08-15T21:57:10.201Z","45.9254561","-129.9779060","ASNAP","","admin","","","","","","","","","","","","","","3653.64","976.94","-1.2","-6.1","313.22","1525.45","2.82","SciCam","/SciCam.20260815_215710201.jpg","PilotCam","/PilotCam.20260815_215710201.jpg","BrowCam","/BrowCam.20260815_215710201.jpg","UserSelect","/UserSelect.20260815_215710201.jpg","","","-999.99","2.36","-999.99","-999.99","6a80e0b63a81d30014edf02e"
"2026-08-15T21:57:40.246Z","45.9255046","-129.9779768","ASNAP","","admin","","","","","","","","","","","","","","3648.15","982.33","-1.5","-7.0","308.04","1525.25","3.17","SciCam","/SciCam.20260815_215740246.jpg","PilotCam","/PilotCam.20260815_215740246.jpg","BrowCam","/BrowCam.20260815_215740246.jpg","UserSelect","/UserSelect.20260815_215740246.jpg","","","-999.99","2.35","-999.99","-999.99","6a80e0d43a81d30014edf032"
"2026-08-15T21:58:10.289Z","45.9255774","-129.9780585","ASNAP","","admin","","","","","","","","","","","","","","3641.81","990.42","0.0","-7.0","335.82","1525.43","3.38","SciCam","/SciCam.20260815_215810289.jpg","PilotCam","/PilotCam.20260815_215810289.jpg","BrowCam","/BrowCam.20260815_215810289.jpg","UserSelect","/UserSelect.20260815_215810289.jpg","","","-999.99","2.36","-999.99","-999.99","6a80e0f23a81d30014edf036"
"2026-08-15T21:58:40.333Z","45.9256171","-129.9780037","ASNAP","","admin","","","","","","","","","","","","","","3646.06","994.83","-1.7","-6.9","46.51","1525.51","3.12","SciCam","/SciCam.20260815_215840333.jpg","PilotCam","/PilotCam.20260815_215840333.jpg","BrowCam","/BrowCam.20260815_215840333.jpg","UserSelect","/UserSelect.20260815_215840333.jpg","","","-999.99","2.33","-999.99","-999.99","6a80e1103a81d30014edf03a"
"2026-08-15T21:59:10.377Z","45.9256857","-129.9779377","ASNAP","","admin","","","","","","","","","","","","","","3651.18","1002.46","-1.9","-6.6","34.70","1525.74","3.10","SciCam","/SciCam.20260815_215910377.jpg","PilotCam","/PilotCam.20260815_215910377.jpg","BrowCam","/BrowCam.20260815_215910377.jpg","UserSelect","/UserSelect.20260815_215910377.jpg","","","-999.99","2.35","-999.99","-999.99","6a80e12e3a81d30014edf03e"
"2026-08-15T21:59:40.405Z","45.9257022","-129.9779082","ASNAP","","admin","","","","","","","","","","","","","","3653.47","1004.29","-1.6","-6.7","64.06","1524.90","3.76","SciCam","/SciCam.20260815_215940405.jpg","PilotCam","/PilotCam.20260815_215940405.jpg","BrowCam","/BrowCam.20260815_215940405.jpg","UserSelect","/UserSelect.20260815_215940405.jpg","","","-999.99","2.33","-999.99","-999.99","6a80e14c3a81d30014edf042"
"2026-08-15T22:00:10.449Z","45.9257193","-129.9778127","ASNAP","","admin","","","","","","","","","","","","","","3660.88","1006.19","-1.9","-6.2","64.71","1525.26","3.66","SciCam","/SciCam.20260815_220010449.jpg","PilotCam","/PilotCam.20260815_220010449.jpg","BrowCam","/BrowCam.20260815_220010449.jpg","UserSelect","/UserSelect.20260815_220010449.jpg","","","-999.99","2.30","-999.99","-999.99","6a80e16a3a81d30014edf046"
"2026-08-15T22:00:40.481Z","45.9257376","-129.9777609","ASNAP","","admin","","","","","","","","","","","","","","3664.90","1008.23","-2.3","-6.7","57.47","1525.79","3.27","SciCam","/SciCam.20260815_220040481.jpg","PilotCam","/PilotCam.20260815_220040481.jpg","BrowCam","/BrowCam.20260815_220040481.jpg","UserSelect","/UserSelect.20260815_220040481.jpg","","","-999.99","2.34","-999.99","-999.99","6a80e1883a81d30014edf04a"
"2026-08-15T22:01:10.524Z","45.9257435","-129.9776952","ASNAP","","admin","","","","","","","","","","","","","","3669.99","1008.88","-2.1","-6.1","35.78","1526.50","2.48","SciCam","/SciCam.20260815_220110524.jpg","PilotCam","/PilotCam.20260815_220110524.jpg","BrowCam","/BrowCam.20260815_220110524.jpg","UserSelect","/UserSelect.20260815_220110524.jpg","","","-999.99","2.38","-999.99","-999.99","6a80e1a63a81d30014edf04e"
"2026-08-15T22:01:15.309Z","45.9257444","-129.9776887","FREE_FORM","At ctd","guest","","","","","","","","","","","","","","3670.50","1008.98","-2.7","-6.5","28.62","1526.59","2.36","SciCam","/SciCam.20260815_220115309.jpg","PilotCam","/PilotCam.20260815_220115309.jpg","BrowCam","/BrowCam.20260815_220115309.jpg","UserSelect","/UserSelect.20260815_220115309.jpg","","","-999.99","2.33","-999.99","-999.99","6a80e1ab3a81d30014edf052"
"2026-08-15T22:01:40.557Z","45.9257454","-129.9776782","ASNAP","","admin","","","","","","","","","","","","","","3671.31","1009.09","-2.4","-6.5","24.00","1527.34","1.49","SciCam","/SciCam.20260815_220140557.jpg","PilotCam","/PilotCam.20260815_220140557.jpg","BrowCam","/BrowCam.20260815_220140557.jpg","UserSelect","/UserSelect.20260815_220140557.jpg","","","-999.99","2.33","-999.99","-999.99","6a80e1c43a81d30014edf056"
"2026-08-15T22:02:10.595Z","45.9257587","-129.9777085","ASNAP","","admin","","","","","","","","","","","","","","3668.96","1010.57","-1.7","-6.8","33.85","1526.86","2.05","SciCam","/SciCam.20260815_220210595.jpg","PilotCam","/PilotCam.20260815_220210595.jpg","BrowCam","/BrowCam.20260815_220210595.jpg","UserSelect","/UserSelect.20260815_220210595.jpg","","","-999.99","2.32","-999.99","-999.99","6a80e1e23a81d30014edf05a"
"2026-08-15T22:02:40.640Z","45.9257652","-129.9777108","ASNAP","","admin","","","","","","","","","","","","","","3668.78","1011.29","-4.5","-5.4","29.34","1528.02","0.90","SciCam","/SciCam.20260815_220240640.jpg","PilotCam","/PilotCam.20260815_220240640.jpg","BrowCam","/BrowCam.20260815_220240640.jpg","UserSelect","/UserSelect.20260815_220240640.jpg","","","-999.99","2.34","-999.99","-999.99","6a80e2003a81d30014edf05e"
"2026-08-15T22:03:10.678Z","45.9257653","-129.9777108","ASNAP","","admin","","","","","","","","","","","","","","3668.78","1011.30","-2.4","-5.6","29.51","1527.94","0.93","SciCam","/SciCam.20260815_220310678.jpg","PilotCam","/PilotCam.20260815_220310678.jpg","BrowCam","/BrowCam.20260815_220310678.jpg","UserSelect","/UserSelect.20260815_220310678.jpg","","","-999.99","2.35","-999.99","-999.99","6a80e21e3a81d30014edf062"
"2026-08-15T22:03:40.722Z","45.9257655","-129.9777107","ASNAP","","admin","","","","","","","","","","","","","","3668.79","1011.33","-2.0","-5.5","29.46","1527.92","0.93","SciCam","/SciCam.20260815_220340722.jpg","PilotCam","/PilotCam.20260815_220340722.jpg","BrowCam","/BrowCam.20260815_220340722.jpg","UserSelect","/UserSelect.20260815_220340722.jpg","","","-999.99","2.39","-999.99","-999.99","6a80e23c3a81d30014edf066"
"2026-08-15T22:04:10.766Z","45.9257655","-129.9777105","ASNAP","","admin","","","","","","","","","","","","","","3668.81","1011.33","-0.6","-5.4","29.78","1527.87","0.93","SciCam","/SciCam.20260815_220410766.jpg","PilotCam","/PilotCam.20260815_220410766.jpg","BrowCam","/BrowCam.20260815_220410766.jpg","UserSelect","/UserSelect.20260815_220410766.jpg","","","-999.99","2.30","-999.99","-999.99","6a80e25a3a81d30014edf06e"
"2026-08-15T22:04:40.808Z","45.9257657","-129.9777105","ASNAP","","admin","","","","","","","","","","","","","","3668.81","1011.35","-0.4","-5.4","29.85","1527.86","0.93","SciCam","/SciCam.20260815_220440808.jpg","PilotCam","/PilotCam.20260815_220440808.jpg","BrowCam","/BrowCam.20260815_220440808.jpg","UserSelect","/UserSelect.20260815_220440808.jpg","","","-999.99","2.36","-999.99","-999.99","6a80e2783a81d30014edf072"
"2026-08-15T22:05:10.846Z","45.9257657","-129.9777106","ASNAP","","admin","","","","","","","","","","","","","","3668.80","1011.35","-0.0","-5.4","29.87","1527.85","0.93","SciCam","/SciCam.20260815_220510846.jpg","PilotCam","/PilotCam.20260815_220510846.jpg","BrowCam","/BrowCam.20260815_220510846.jpg","UserSelect","/UserSelect.20260815_220510846.jpg","","","-999.99","2.38","-999.99","-999.99","6a80e2963a81d30014edf076"
"2026-08-15T22:05:22.872Z","45.9257657","-129.9777105","Sample","","guest","","","","","Niskin","","","","","","","Foreward niskin","","3668.81","1011.35","-0.1","-5.6","29.91","1527.85","0.93","SciCam","/SciCam.20260815_220522872.jpg","PilotCam","/PilotCam.20260815_220522872.jpg","BrowCam","/BrowCam.20260815_220522872.jpg","UserSelect","/UserSelect.20260815_220522872.jpg","","","-999.99","2.30","-999.99","-999.99","6a80e2a23a81d30014edf07a"
"2026-08-15T22:05:40.889Z","45.9257658","-129.9777105","ASNAP","","admin","","","","","","","","","","","","","","3668.81","1011.36","-0.1","-5.4","30.02","1527.86","0.93","SciCam","/SciCam.20260815_220540889.jpg","PilotCam","/PilotCam.20260815_220540889.jpg","BrowCam","/BrowCam.20260815_220540889.jpg","UserSelect","/UserSelect.20260815_220540889.jpg","","","-999.99","2.32","-999.99","-999.99","6a80e2b43a81d30014edf07e"
"2026-08-15T22:06:10.905Z","45.9257658","-129.9777103","ASNAP","","admin","","","","","","","","","","","","","","3668.82","1011.36","-0.0","-5.4","30.01","1527.85","0.93","SciCam","/SciCam.20260815_220610905.jpg","PilotCam","/PilotCam.20260815_220610905.jpg","BrowCam","/BrowCam.20260815_220610905.jpg","UserSelect","/UserSelect.20260815_220610905.jpg","","","-999.99","2.35","-999.99","-999.99","6a80e2d23a81d30014edf082"
"2026-08-15T22:06:40.949Z","45.9257660","-129.9777102","ASNAP","","admin","","","","","","","","","","","","","","3668.83","1011.38","0.1","-5.3","29.98","1527.85","0.93","SciCam","/SciCam.20260815_220640949.jpg","PilotCam","/PilotCam.20260815_220640949.jpg","BrowCam","/BrowCam.20260815_220640949.jpg","UserSelect","/UserSelect.20260815_220640949.jpg","","","-999.99","2.36","-999.99","-999.99","6a80e2f03a81d30014edf086"
"2026-08-15T22:07:10.968Z","45.9257661","-129.9777099","ASNAP","","admin","","","","","","","","","","","","","","3668.85","1011.39","-0.3","-5.3","29.97","1527.87","0.93","SciCam","/SciCam.20260815_220710968.jpg","PilotCam","/PilotCam.20260815_220710968.jpg","BrowCam","/BrowCam.20260815_220710968.jpg","UserSelect","/UserSelect.20260815_220710968.jpg","","","-999.99","2.35","-999.99","-999.99","6a80e30e3a81d30014edf08a"
"2026-08-15T22:07:29.103Z","45.9257661","-129.9777098","Sample","","guest","","","","","Niskin","","","","","","","Aft niskin","","3668.86","1011.39","0.1","-5.5","29.91","1527.85","0.93","SciCam","/SciCam.20260815_220729103.jpg","PilotCam","/PilotCam.20260815_220729103.jpg","BrowCam","/BrowCam.20260815_220729103.jpg","UserSelect","/UserSelect.20260815_220729103.jpg","","","-999.99","2.37","-999.99","-999.99","6a80e3213a81d30014edf08e"
"2026-08-15T22:07:41.013Z","45.9257661","-129.9777097","ASNAP","","admin","","","","","","","","","","","","","","3668.87","1011.39","0.1","-5.4","29.96","1527.85","0.93","SciCam","/SciCam.20260815_220741013.jpg","PilotCam","/PilotCam.20260815_220741013.jpg","BrowCam","/BrowCam.20260815_220741013.jpg","UserSelect","/UserSelect.20260815_220741013.jpg","","","-999.99","2.35","-999.99","-999.99","6a80e32d3a81d30014edf092"
"2026-08-15T22:08:11.057Z","45.9257663","-129.9777096","ASNAP","","admin","","","","","","","","","","","","","","3668.88","1011.42","-1.7","-5.4","29.76","1527.92","0.93","SciCam","/SciCam.20260815_220811057.jpg","PilotCam","/PilotCam.20260815_220811057.jpg","BrowCam","/BrowCam.20260815_220811057.jpg","UserSelect","/UserSelect.20260815_220811057.jpg","","","-999.99","2.40","-999.99","-999.99","6a80e34b3a81d30014edf096"
"2026-08-15T22:08:41.102Z","45.9257664","-129.9777096","ASNAP","","admin","","","","","","","","","","","","","","3668.88","1011.43","-3.5","-5.7","29.92","1527.99","0.93","SciCam","/SciCam.20260815_220841102.jpg","PilotCam","/PilotCam.20260815_220841102.jpg","BrowCam","/BrowCam.20260815_220841102.jpg","UserSelect","/UserSelect.20260815_220841102.jpg","","","-999.99","2.35","-999.99","-999.99","6a80e3693a81d30014edf09a"
"2026-08-15T22:09:11.147Z","45.9257664","-129.9777099","ASNAP","","admin","","","","","","","","","","","","","","3668.85","1011.43","-3.5","-5.9","29.45","1527.98","0.93","SciCam","/SciCam.20260815_220911147.jpg","PilotCam","/PilotCam.20260815_220911147.jpg","BrowCam","/BrowCam.20260815_220911147.jpg","UserSelect","/UserSelect.20260815_220911147.jpg","","","-999.99","2.34","-999.99","-999.99","6a80e3873a81d30014edf09e"
"2026-08-15T22:09:41.189Z","45.9257521","-129.9776857","ASNAP","","admin","","","","","","","","","","","","","","3670.73","1009.84","-2.0","-7.0","25.41","1527.34","1.52","SciCam","/SciCam.20260815_220941189.jpg","PilotCam","/PilotCam.20260815_220941189.jpg","BrowCam","/BrowCam.20260815_220941189.jpg","UserSelect","/UserSelect.20260815_220941189.jpg","","","-999.99","2.34","-999.99","-999.99","6a80e3a53a81d30014edf0a2"
"2026-08-15T22:10:11.233Z","45.9257499","-129.9776767","ASNAP","","admin","","","","","","","","","","","","","","3671.43","1009.59","-1.1","-6.8","27.55","1527.77","1.06","SciCam","/SciCam.20260815_221011233.jpg","PilotCam","/PilotCam.20260815_221011233.jpg","BrowCam","/BrowCam.20260815_221011233.jpg","UserSelect","/UserSelect.20260815_221011233.jpg","","","-999.99","2.38","-999.99","-999.99","6a80e3c33a81d30014edf0a6"
"2026-08-15T22:10:41.277Z","45.9257502","-129.9776764","ASNAP","","admin","","","","","","","","","","","","","","3671.45","1009.63","-1.2","-6.9","27.55","1527.77","1.08","SciCam","/SciCam.20260815_221041277.jpg","PilotCam","/PilotCam.20260815_221041277.jpg","BrowCam","/BrowCam.20260815_221041277.jpg","UserSelect","/UserSelect.20260815_221041277.jpg","","","-999.99","2.40","-999.99","-999.99","6a80e3e13a81d30014edf0aa"
"2026-08-15T22:11:11.317Z","45.9257504","-129.9776762","ASNAP","","admin","","","","","","","","","","","","","","3671.47","1009.65","-1.1","-6.7","27.55","1527.77","1.06","SciCam","/SciCam.20260815_221111317.jpg","PilotCam","/PilotCam.20260815_221111317.jpg","BrowCam","/BrowCam.20260815_221111317.jpg","UserSelect","/UserSelect.20260815_221111317.jpg","","","-999.99","2.34","-999.99","-999.99","6a80e3ff3a81d30014edf0ae"
"2026-08-15T22:11:41.361Z","45.9257506","-129.9776763","ASNAP","","admin","","","","","","","","","","","","","","3671.46","1009.67","-1.2","-6.9","27.53","1527.78","1.08","SciCam","/SciCam.20260815_221141361.jpg","PilotCam","/PilotCam.20260815_221141361.jpg","BrowCam","/BrowCam.20260815_221141361.jpg","UserSelect","/UserSelect.20260815_221141361.jpg","","","-999.99","2.29","-999.99","-999.99","6a80e41d3a81d30014edf0b2"
"2026-08-15T22:12:11.406Z","45.9257510","-129.9776760","ASNAP","","admin","","","","","","","","","","","","","","3671.48","1009.71","-1.2","-6.9","27.53","1527.77","1.06","SciCam","/SciCam.20260815_221211406.jpg","PilotCam","/PilotCam.20260815_221211406.jpg","BrowCam","/BrowCam.20260815_221211406.jpg","UserSelect","/UserSelect.20260815_221211406.jpg","","","-999.99","2.43","-999.99","-999.99","6a80e43b3a81d30014edf0b6"
"2026-08-15T22:12:25.879Z","45.9257512","-129.9776760","ROV Actions","Grabbing Cable weight","guest","","(Starboard) Manipulator in use","","","","","","","","","","","","3671.48","1009.74","-1.3","-7.0","27.52","1527.78","1.08","SciCam","/SciCam.20260815_221225879.jpg","PilotCam","/PilotCam.20260815_221225879.jpg","BrowCam","/BrowCam.20260815_221225879.jpg","UserSelect","/UserSelect.20260815_221225879.jpg","","","-999.99","2.26","-999.99","-999.99","6a80e4493a81d30014edf0ba"
"2026-08-15T22:12:41.451Z","45.9257513","-129.9776760","ASNAP","","admin","","","","","","","","","","","","","","3671.48","1009.75","-1.2","-6.9","27.52","1527.78","1.08","SciCam","/SciCam.20260815_221241451.jpg","PilotCam","/PilotCam.20260815_221241451.jpg","BrowCam","/BrowCam.20260815_221241451.jpg","UserSelect","/UserSelect.20260815_221241451.jpg","","","-999.99","2.50","-999.99","-999.99","6a80e4593a81d30014edf0be"
"2026-08-15T22:13:11.495Z","45.9257516","-129.9776760","ASNAP","","admin","","","","","","","","","","","","","","3671.48","1009.78","-0.9","-6.5","27.47","1527.77","1.06","SciCam","/SciCam.20260815_221311495.jpg","PilotCam","/PilotCam.20260815_221311495.jpg","BrowCam","/BrowCam.20260815_221311495.jpg","UserSelect","/UserSelect.20260815_221311495.jpg","","","-999.99","2.34","-999.99","-999.99","6a80e4773a81d30014edf0c2"
"2026-08-15T22:13:41.536Z","45.9257516","-129.9776762","ASNAP","","admin","","","","","","","","","","","","","","3671.47","1009.78","-1.1","-6.7","27.47","1527.77","1.06","SciCam","/SciCam.20260815_221341536.jpg","PilotCam","/PilotCam.20260815_221341536.jpg","BrowCam","/BrowCam.20260815_221341536.jpg","UserSelect","/UserSelect.20260815_221341536.jpg","","","-999.99","2.34","-999.99","-999.99","6a80e4953a81d30014edf0c6"
"2026-08-15T22:14:11.557Z","45.9257518","-129.9776763","ASNAP","","admin","","","","","","","","","","","","","","3671.46","1009.80","-0.9","-6.6","27.46","1527.77","1.06","SciCam","/SciCam.20260815_221411557.jpg","PilotCam","/PilotCam.20260815_221411557.jpg","BrowCam","/BrowCam.20260815_221411557.jpg","UserSelect","/UserSelect.20260815_221411557.jpg","","","-999.99","2.24","-999.99","-999.99","6a80e4b33a81d30014edf0ca"
"2026-08-15T22:14:41.600Z","45.9257519","-129.9776762","ASNAP","","admin","","","","","","","","","","","","","","3671.47","1009.81","-1.1","-6.8","27.45","1527.78","1.06","SciCam","/SciCam.20260815_221441600.jpg","PilotCam","/PilotCam.20260815_221441600.jpg","BrowCam","/BrowCam.20260815_221441600.jpg","UserSelect","/UserSelect.20260815_221441600.jpg","","","-999.99","2.40","-999.99","-999.99","6a80e4d13a81d30014edf0ce"
"2026-08-15T22:15:11.640Z","45.9257518","-129.9776760","ASNAP","","admin","","","","","","","","","","","","","","3671.48","1009.80","-1.9","-7.8","27.45","1527.79","1.13","SciCam","/SciCam.20260815_221511640.jpg","PilotCam","/PilotCam.20260815_221511640.jpg","BrowCam","/BrowCam.20260815_221511640.jpg","UserSelect","/UserSelect.20260815_221511640.jpg","","","-999.99","2.33","-999.99","-999.99","6a80e4ef3a81d30014edf0d2"
"2026-08-15T22:15:41.685Z","45.9257518","-129.9776760","ASNAP","","admin","","","","","","","","","","","","","","3671.48","1009.80","-1.8","-7.7","27.45","1527.79","1.11","SciCam","/SciCam.20260815_221541685.jpg","PilotCam","/PilotCam.20260815_221541685.jpg","BrowCam","/BrowCam.20260815_221541685.jpg","UserSelect","/UserSelect.20260815_221541685.jpg","","","-999.99","2.41","-999.99","-999.99","6a80e50d3a81d30014edf0d6"
"2026-08-15T22:16:11.708Z","45.9257504","-129.9776720","ASNAP","","admin","","","","","","","","","","","","","","3671.79","1009.65","-1.7","-4.6","15.25","1527.88","1.11","SciCam","/SciCam.20260815_221611708.jpg","PilotCam","/PilotCam.20260815_221611708.jpg","BrowCam","/BrowCam.20260815_221611708.jpg","UserSelect","/UserSelect.20260815_221611708.jpg","","","-999.99","2.39","-999.99","-999.99","6a80e52b3a81d30014edf0da"
"2026-08-15T22:16:41.754Z","45.9257504","-129.9776719","ASNAP","","admin","","","","","","","","","","","","","","3671.80","1009.65","-1.9","-4.9","15.39","1527.88","1.13","SciCam","/SciCam.20260815_221641754.jpg","PilotCam","/PilotCam.20260815_221641754.jpg","BrowCam","/BrowCam.20260815_221641754.jpg","UserSelect","/UserSelect.20260815_221641754.jpg","","","-999.99","2.37","-999.99","-999.99","6a80e5493a81d30014edf0de"
"2026-08-15T22:17:11.797Z","45.9257487","-129.9776715","ASNAP","","admin","","","","","","","","","","","","","","3671.83","1009.46","-1.0","-6.9","2.22","1527.78","1.21","SciCam","/SciCam.20260815_221711797.jpg","PilotCam","/PilotCam.20260815_221711797.jpg","BrowCam","/BrowCam.20260815_221711797.jpg","UserSelect","/UserSelect.20260815_221711797.jpg","","","-999.99","2.43","-999.99","-999.99","6a80e5673a81d30014edf0e2"
"2026-08-15T22:17:41.841Z","45.9257492","-129.9776657","ASNAP","","admin","","","","","","","","","","","","","","3672.28","1009.51","-2.9","-4.5","353.00","1527.92","1.21","SciCam","/SciCam.20260815_221741841.jpg","PilotCam","/PilotCam.20260815_221741841.jpg","BrowCam","/BrowCam.20260815_221741841.jpg","UserSelect","/UserSelect.20260815_221741841.jpg","","","-999.99","2.45","-999.99","-999.99","6a80e5853a81d30014edf0e6"
"2026-08-15T22:17:57.322Z","45.9257492","-129.9776657","ROV Actions","Grabbing CTD connector","guest","","(Port) Manipulator in use","","","","","","","","","","","","3672.28","1009.51","-2.4","-5.4","353.74","1527.89","1.26","SciCam","/SciCam.20260815_221757322.jpg","PilotCam","/PilotCam.20260815_221757322.jpg","BrowCam","/BrowCam.20260815_221757322.jpg","UserSelect","/UserSelect.20260815_221757322.jpg","","","-999.99","2.33","-999.99","-999.99","6a80e5953a81d30014edf0ea"
"2026-08-15T22:18:11.865Z","45.9257492","-129.9776657","ASNAP","","admin","","","","","","","","","","","","","","3672.28","1009.51","-2.4","-5.8","353.78","1527.89","1.29","SciCam","/SciCam.20260815_221811865.jpg","PilotCam","/PilotCam.20260815_221811865.jpg","BrowCam","/BrowCam.20260815_221811865.jpg","UserSelect","/UserSelect.20260815_221811865.jpg","","","-999.99","2.36","-999.99","-999.99","6a80e5a33a81d30014edf0ee"
"2026-08-15T22:18:41.881Z","45.9257492","-129.9776659","ASNAP","","admin","","","","","","","","","","","","","","3672.27","1009.51","-2.9","-4.9","353.78","1527.92","1.24","SciCam","/SciCam.20260815_221841881.jpg","PilotCam","/PilotCam.20260815_221841881.jpg","BrowCam","/BrowCam.20260815_221841881.jpg","UserSelect","/UserSelect.20260815_221841881.jpg","","","-999.99","2.38","-999.99","-999.99","6a80e5c13a81d30014edf0f2"
"2026-08-15T22:19:11.925Z","45.9257494","-129.9776662","ASNAP","","admin","","","","","","","","","","","","","","3672.24","1009.54","-3.1","-4.7","353.76","1527.93","1.24","SciCam","/SciCam.20260815_221911925.jpg","PilotCam","/PilotCam.20260815_221911925.jpg","BrowCam","/BrowCam.20260815_221911925.jpg","UserSelect","/UserSelect.20260815_221911925.jpg","","","-999.99","2.34","-999.99","-999.99","6a80e5df3a81d30014edf0f6"
"2026-08-15T22:19:31.021Z","45.9257495","-129.9776662","ROV Actions","Dropping connector with weight attached","guest","","(Starboard) Manipulator in use","","","","","","","","","","","","3672.24","1009.55","-3.1","-4.8","353.77","1527.93","1.24","SciCam","/SciCam.20260815_221931021.jpg","PilotCam","/PilotCam.20260815_221931021.jpg","BrowCam","/BrowCam.20260815_221931021.jpg","UserSelect","/UserSelect.20260815_221931021.jpg","","","-999.99","2.24","-999.99","-999.99","6a80e5f33a81d30014edf0fa"
"2026-08-15T22:19:41.970Z","45.9257495","-129.9776665","ASNAP","","admin","","","","","","","","","","","","","","3672.22","1009.55","-3.0","-4.9","353.80","1527.92","1.24","SciCam","/SciCam.20260815_221941970.jpg","PilotCam","/PilotCam.20260815_221941970.jpg","BrowCam","/BrowCam.20260815_221941970.jpg","UserSelect","/UserSelect.20260815_221941970.jpg","","","-999.99","2.27","-999.99","-999.99","6a80e5fd3a81d30014edf0fe"
"2026-08-15T22:20:12.012Z","45.9257496","-129.9776668","ASNAP","","admin","","","","","","","","","","","","","","3672.20","1009.56","-2.9","-5.1","353.86","1527.92","1.24","SciCam","/SciCam.20260815_222012012.jpg","PilotCam","/PilotCam.20260815_222012012.jpg","BrowCam","/BrowCam.20260815_222012012.jpg","UserSelect","/UserSelect.20260815_222012012.jpg","","","-999.99","2.33","-999.99","-999.99","6a80e61c3a81d30014edf102"
"2026-08-15T22:20:21.917Z","45.9257495","-129.9776669","Biology Type","","guest","","","","","Fish","","","","","","","","","3672.19","1009.55","-3.0","-5.0","353.85","1527.92","1.24","SciCam","/SciCam.20260815_222021917.jpg","PilotCam","/PilotCam.20260815_222021917.jpg","BrowCam","/BrowCam.20260815_222021917.jpg","UserSelect","/UserSelect.20260815_222021917.jpg","","","-999.99","2.32","-999.99","-999.99","6a80e6253a81d30014edf106"
"2026-08-15T22:20:42.057Z","45.9257495","-129.9776674","ASNAP","","admin","","","","","","","","","","","","","","3672.15","1009.55","-2.7","-5.7","353.87","1527.90","1.29","SciCam","/SciCam.20260815_222042057.jpg","PilotCam","/PilotCam.20260815_222042057.jpg","BrowCam","/BrowCam.20260815_222042057.jpg","UserSelect","/UserSelect.20260815_222042057.jpg","","","-999.99","2.33","-999.99","-999.99","6a80e63a3a81d30014edf10a"
"2026-08-15T22:21:12.100Z","45.9257497","-129.9776678","ASNAP","","admin","","","","","","","","","","","","","","3672.12","1009.57","-2.9","-5.4","353.83","1527.92","1.24","SciCam","/SciCam.20260815_222112100.jpg","PilotCam","/PilotCam.20260815_222112100.jpg","BrowCam","/BrowCam.20260815_222112100.jpg","UserSelect","/UserSelect.20260815_222112100.jpg","","","-999.99","2.37","-999.99","-999.99","6a80e6583a81d30014edf10e"
"2026-08-15T22:21:42.141Z","45.9257496","-129.9776682","ASNAP","","admin","","","","","","","","","","","","","","3672.09","1009.56","-3.0","-5.1","353.73","1527.93","1.24","SciCam","/SciCam.20260815_222142141.jpg","PilotCam","/PilotCam.20260815_222142141.jpg","BrowCam","/BrowCam.20260815_222142141.jpg","UserSelect","/UserSelect.20260815_222142141.jpg","","","-999.99","2.31","-999.99","-999.99","6a80e6763a81d30014edf112"
"2026-08-15T22:22:12.157Z","45.9257495","-129.9776683","ASNAP","","admin","","","","","","","","","","","","","","3672.08","1009.55","-2.9","-5.1","353.75","1527.93","1.24","SciCam","/SciCam.20260815_222212157.jpg","PilotCam","/PilotCam.20260815_222212157.jpg","BrowCam","/BrowCam.20260815_222212157.jpg","UserSelect","/UserSelect.20260815_222212157.jpg","","","-999.99","2.30","-999.99","-999.99","6a80e6943a81d30014edf116"
"2026-08-15T22:22:42.202Z","45.9257495","-129.9776684","ASNAP","","admin","","","","","","","","","","","","","","3672.07","1009.55","-2.7","-5.2","353.78","1527.92","1.24","SciCam","/SciCam.20260815_222242202.jpg","PilotCam","/PilotCam.20260815_222242202.jpg","BrowCam","/BrowCam.20260815_222242202.jpg","UserSelect","/UserSelect.20260815_222242202.jpg","","","-999.99","2.36","-999.99","-999.99","6a80e6b23a81d30014edf11a"
"2026-08-15T22:23:01.038Z","45.9257495","-129.9776684","ROV Actions","Latching onto CTD","guest","","(Port) Manipulator in use","","","","","","","","","","","","3672.07","1009.55","-2.5","-5.5","353.75","1527.90","1.26","SciCam","/SciCam.20260815_222301038.jpg","PilotCam","/PilotCam.20260815_222301038.jpg","BrowCam","/BrowCam.20260815_222301038.jpg","UserSelect","/UserSelect.20260815_222301038.jpg","","","-999.99","2.36","-999.99","-999.99","6a80e6c53a81d30014edf11e"
"2026-08-15T22:23:12.245Z","45.9257494","-129.9776684","ASNAP","","admin","","","","","","","","","","","","","","3672.07","1009.54","-2.5","-5.5","353.74","1527.90","1.26","SciCam","/SciCam.20260815_222312245.jpg","PilotCam","/PilotCam.20260815_222312245.jpg","BrowCam","/BrowCam.20260815_222312245.jpg","UserSelect","/UserSelect.20260815_222312245.jpg","","","-999.99","2.36","-999.99","-999.99","6a80e6d03a81d30014edf122"
"2026-08-15T22:23:42.290Z","45.9257495","-129.9776684","ASNAP","","admin","","","","","","","","","","","","","","3672.07","1009.55","-2.7","-5.3","353.71","1527.91","1.26","SciCam","/SciCam.20260815_222342290.jpg","PilotCam","/PilotCam.20260815_222342290.jpg","BrowCam","/BrowCam.20260815_222342290.jpg","UserSelect","/UserSelect.20260815_222342290.jpg","","","-999.99","2.33","-999.99","-999.99","6a80e6ee3a81d30014edf126"
"2026-08-15T22:24:12.333Z","45.9257495","-129.9776684","ASNAP","","admin","","","","","","","","","","","","","","3672.07","1009.55","-2.5","-5.5","353.67","1527.90","1.26","SciCam","/SciCam.20260815_222412333.jpg","PilotCam","/PilotCam.20260815_222412333.jpg","BrowCam","/BrowCam.20260815_222412333.jpg","UserSelect","/UserSelect.20260815_222412333.jpg","","","-999.99","2.36","-999.99","-999.99","6a80e70c3a81d30014edf12a"
"2026-08-15T22:24:42.351Z","45.9257495","-129.9776688","ASNAP","","admin","","","","","","","","","","","","","","3672.04","1009.55","-2.6","-5.3","353.72","1527.91","1.26","SciCam","/SciCam.20260815_222442351.jpg","PilotCam","/PilotCam.20260815_222442351.jpg","BrowCam","/BrowCam.20260815_222442351.jpg","UserSelect","/UserSelect.20260815_222442351.jpg","","","-999.99","2.39","-999.99","-999.99","6a80e72a3a81d30014edf12e"
"2026-08-15T22:25:12.367Z","45.9257494","-129.9776693","ASNAP","","admin","","","","","","","","","","","","","","3672.00","1009.54","-2.6","-5.2","353.73","1527.91","1.24","SciCam","/SciCam.20260815_222512367.jpg","PilotCam","/PilotCam.20260815_222512367.jpg","BrowCam","/BrowCam.20260815_222512367.jpg","UserSelect","/UserSelect.20260815_222512367.jpg","","","-999.99","2.32","-999.99","-999.99","6a80e7483a81d30014edf132"
"2026-08-15T22:25:42.401Z","45.9257492","-129.9776695","ASNAP","","admin","","","","","","","","","","","","","","3671.99","1009.51","-2.3","-5.5","353.74","1527.90","1.26","SciCam","/SciCam.20260815_222542401.jpg","PilotCam","/PilotCam.20260815_222542401.jpg","BrowCam","/BrowCam.20260815_222542401.jpg","UserSelect","/UserSelect.20260815_222542401.jpg","","","-999.99","2.33","-999.99","-999.99","6a80e7663a81d30014edf136"
"2026-08-15T22:26:12.445Z","45.9257493","-129.9776699","ASNAP","","admin","","","","","","","","","","","","","","3671.96","1009.53","-2.4","-5.2","353.67","1527.91","1.24","SciCam","/SciCam.20260815_222612445.jpg","PilotCam","/PilotCam.20260815_222612445.jpg","BrowCam","/BrowCam.20260815_222612445.jpg","UserSelect","/UserSelect.20260815_222612445.jpg","","","-999.99","2.34","-999.99","-999.99","6a80e7843a81d30014edf13a"
"2026-08-15T22:26:42.491Z","45.9257492","-129.9776701","ASNAP","","admin","","","","","","","","","","","","","","3671.94","1009.51","-2.1","-5.5","353.64","1527.90","1.24","SciCam","/SciCam.20260815_222642491.jpg","PilotCam","/PilotCam.20260815_222642491.jpg","BrowCam","/BrowCam.20260815_222642491.jpg","UserSelect","/UserSelect.20260815_222642491.jpg","","","-999.99","2.37","-999.99","-999.99","6a80e7a23a81d30014edf13e"
"2026-08-15T22:26:56.670Z","45.9257491","-129.9776701","ROV Actions","Picking up CTD\n","guest","","(Port) Manipulator in use","","","","","","","","","","","","3671.94","1009.50","-2.2","-5.7","353.50","1527.90","1.26","SciCam","/SciCam.20260815_222656670.jpg","PilotCam","/PilotCam.20260815_222656670.jpg","BrowCam","/BrowCam.20260815_222656670.jpg","UserSelect","/UserSelect.20260815_222656670.jpg","","","-999.99","2.36","-999.99","-999.99","6a80e7b03a81d30014edf142"
"2026-08-15T22:27:12.536Z","45.9257491","-129.9776702","ASNAP","","admin","","","","","","","","","","","","","","3671.93","1009.50","-2.4","-5.3","353.53","1527.91","1.21","SciCam","/SciCam.20260815_222712536.jpg","PilotCam","/PilotCam.20260815_222712536.jpg","BrowCam","/BrowCam.20260815_222712536.jpg","UserSelect","/UserSelect.20260815_222712536.jpg","","","-999.99","2.22","-999.99","-999.99","6a80e7c03a81d30014edf146"
"2026-08-15T22:27:42.581Z","45.9257490","-129.9776705","ASNAP","","admin","","","","","","","","","","","","","","3671.91","1009.49","-2.3","-5.3","353.51","1527.91","1.21","SciCam","/SciCam.20260815_222742581.jpg","PilotCam","/PilotCam.20260815_222742581.jpg","BrowCam","/BrowCam.20260815_222742581.jpg","UserSelect","/UserSelect.20260815_222742581.jpg","","","-999.99","2.38","-999.99","-999.99","6a80e7de3a81d30014edf14a"
"2026-08-15T22:28:12.625Z","45.9257487","-129.9776709","ASNAP","","admin","","","","","","","","","","","","","","3671.88","1009.46","-2.3","-5.3","353.51","1527.91","1.21","SciCam","/SciCam.20260815_222812625.jpg","PilotCam","/PilotCam.20260815_222812625.jpg","BrowCam","/BrowCam.20260815_222812625.jpg","UserSelect","/UserSelect.20260815_222812625.jpg","","","-999.99","2.36","-999.99","-999.99","6a80e7fc3a81d30014edf14e"
"2026-08-15T22:28:42.669Z","45.9257473","-129.9776709","ASNAP","","admin","","","","","","","","","","","","","","3671.88","1009.30","1.0","-7.5","354.14","1527.23","1.69","SciCam","/SciCam.20260815_222842669.jpg","PilotCam","/PilotCam.20260815_222842669.jpg","BrowCam","/BrowCam.20260815_222842669.jpg","UserSelect","/UserSelect.20260815_222842669.jpg","","","-999.99","2.27","-999.99","-999.99","6a80e81a3a81d30014edf152"
"2026-08-15T22:29:12.715Z","45.9257351","-129.9776751","ASNAP","","admin","","","","","","","","","","","","","","3671.55","1007.95","-0.2","-9.0","355.28","1521.74","7.05","SciCam","/SciCam.20260815_222912715.jpg","PilotCam","/PilotCam.20260815_222912715.jpg","BrowCam","/BrowCam.20260815_222912715.jpg","UserSelect","/UserSelect.20260815_222912715.jpg","","","-999.99","2.33","-999.99","-999.99","6a80e8383a81d30014edf156"
"2026-08-15T22:29:42.760Z","45.9257571","-129.9776867","ASNAP","","admin","","","","","","","","","","","","","","3670.65","1010.39","-0.6","-8.7","355.04","1513.52","15.41","SciCam","/SciCam.20260815_222942760.jpg","PilotCam","/PilotCam.20260815_222942760.jpg","BrowCam","/BrowCam.20260815_222942760.jpg","UserSelect","/UserSelect.20260815_222942760.jpg","","","-999.99","2.35","-999.99","-999.99","6a80e8563a81d30014edf15a"
"2026-08-15T22:29:46.495Z","45.9257583","-129.9776884","VEHICLE","","guest","Off bottom","","","","","","","","","","","","","3670.52","1010.53","-0.4","-8.3","355.30","1512.97","16.12","SciCam","/SciCam.20260815_222946495.jpg","PilotCam","/PilotCam.20260815_222946495.jpg","BrowCam","/BrowCam.20260815_222946495.jpg","UserSelect","/UserSelect.20260815_222946495.jpg","","","-999.99","2.30","-999.99","-999.99","6a80e85a3a81d30014edf15e"
"2026-08-15T23:07:15.101Z","45.9262971","-129.9780641","ASNAP","","admin","","","","","","","","","","","","","","3641.37","1070.41","-2.1","-9.4","155.73","461.81","0.58","SciCam","/SciCam.20260815_230715101.jpg","PilotCam","/PilotCam.20260815_230715101.jpg","BrowCam","/BrowCam.20260815_230715101.jpg","UserSelect","/UserSelect.20260815_230715101.jpg","","","-999.99","4.47","-999.99","-999.99","6a80f1233a81d30014edf162"
"2026-08-15T23:07:45.144Z","45.9263094","-129.9780565","ASNAP","","admin","","","","","","","","","","","","","","3641.96","1071.78","-1.1","-8.7","238.11","447.71","0.58","SciCam","/SciCam.20260815_230745144.jpg","PilotCam","/PilotCam.20260815_230745144.jpg","BrowCam","/BrowCam.20260815_230745144.jpg","UserSelect","/UserSelect.20260815_230745144.jpg","","","-999.99","4.78","-999.99","-999.99","6a80f1413a81d30014edf166"
"2026-08-15T23:08:15.185Z","45.9263108","-129.9780693","ASNAP","","admin","","","","","","","","","","","","","","3640.97","1071.94","0.0","-7.8","242.23","431.30","0.58","SciCam","/SciCam.20260815_230815185.jpg","PilotCam","/PilotCam.20260815_230815185.jpg","BrowCam","/BrowCam.20260815_230815185.jpg","UserSelect","/UserSelect.20260815_230815185.jpg","","","-999.99","4.45","-999.99","-999.99","6a80f15f3a81d30014edf16a"
"2026-08-15T23:08:45.230Z","45.9263090","-129.9780867","ASNAP","","admin","","","","","","","","","","","","","","3639.62","1071.74","0.0","-7.9","242.25","415.61","0.58","SciCam","/SciCam.20260815_230845230.jpg","PilotCam","/PilotCam.20260815_230845230.jpg","BrowCam","/BrowCam.20260815_230845230.jpg","UserSelect","/UserSelect.20260815_230845230.jpg","","","-999.99","4.69","-999.99","-999.99","6a80f17d3a81d30014edf16e"
"2026-08-15T23:09:15.249Z","45.9262910","-129.9780852","ASNAP","","admin","","","","","","","","","","","","","","3639.74","1069.74","-0.4","-6.7","243.77","400.94","0.58","SciCam","/SciCam.20260815_230915249.jpg","PilotCam","/PilotCam.20260815_230915249.jpg","BrowCam","/BrowCam.20260815_230915249.jpg","UserSelect","/UserSelect.20260815_230915249.jpg","","","-999.99","4.73","-999.99","-999.99","6a80f19b3a81d30014edf172"
"2026-08-15T23:09:45.293Z","45.9262900","-129.9780635","ASNAP","","admin","","","","","","","","","","","","","","3641.42","1069.62","-0.1","-7.8","241.63","386.60","0.58","SciCam","/SciCam.20260815_230945293.jpg","PilotCam","/PilotCam.20260815_230945293.jpg","BrowCam","/BrowCam.20260815_230945293.jpg","UserSelect","/UserSelect.20260815_230945293.jpg","","","-999.99","4.75","-999.99","-999.99","6a80f1b93a81d30014edf176"
"2026-08-15T23:10:15.317Z","45.9262908","-129.9780703","ASNAP","","admin","","","","","","","","","","","","","","3640.89","1069.71","-0.3","-7.8","241.46","370.39","0.58","SciCam","/SciCam.20260815_231015317.jpg","PilotCam","/PilotCam.20260815_231015317.jpg","BrowCam","/BrowCam.20260815_231015317.jpg","UserSelect","/UserSelect.20260815_231015317.jpg","","","-999.99","4.82","-999.99","-999.99","6a80f1d73a81d30014edf17a"
"2026-08-15T23:10:45.333Z","45.9262907","-129.9780719","ASNAP","","admin","","","","","","","","","","","","","","3640.77","1069.70","-0.2","-7.4","241.56","354.55","0.58","SciCam","/SciCam.20260815_231045333.jpg","PilotCam","/PilotCam.20260815_231045333.jpg","BrowCam","/BrowCam.20260815_231045333.jpg","UserSelect","/UserSelect.20260815_231045333.jpg","","","-999.99","4.93","-999.99","-999.99","6a80f1f53a81d30014edf17e"
"2026-08-15T23:11:15.373Z","45.9262889","-129.9780687","ASNAP","","admin","","","","","","","","","","","","","","3641.02","1069.50","-0.4","-7.2","241.51","339.54","0.58","SciCam","/SciCam.20260815_231115373.jpg","PilotCam","/PilotCam.20260815_231115373.jpg","BrowCam","/BrowCam.20260815_231115373.jpg","UserSelect","/UserSelect.20260815_231115373.jpg","","","-999.99","4.95","-999.99","-999.99","6a80f2133a81d30014edf182"
"2026-08-15T23:11:45.417Z","45.9262855","-129.9780803","ASNAP","","admin","","","","","","","","","","","","","","3640.12","1069.12","-0.5","-7.3","241.50","324.87","0.58","SciCam","/SciCam.20260815_231145417.jpg","PilotCam","/PilotCam.20260815_231145417.jpg","BrowCam","/BrowCam.20260815_231145417.jpg","UserSelect","/UserSelect.20260815_231145417.jpg","","","-999.99","5.05","-999.99","-999.99","6a80f2313a81d30014edf186"
"2026-08-15T23:12:15.462Z","45.9262839","-129.9780892","ASNAP","","admin","","","","","","","","","","","","","","3639.43","1068.95","-0.4","-6.9","241.52","309.66","0.58","SciCam","/SciCam.20260815_231215462.jpg","PilotCam","/PilotCam.20260815_231215462.jpg","BrowCam","/BrowCam.20260815_231215462.jpg","UserSelect","/UserSelect.20260815_231215462.jpg","","","-999.99","5.20","-999.99","-999.99","6a80f24f3a81d30014edf18a"
"2026-08-15T23:12:45.483Z","45.9262756","-129.9780812","ASNAP","","admin","","","","","","","","","","","","","","3640.05","1068.02","-0.2","-7.1","241.54","295.18","0.58","SciCam","/SciCam.20260815_231245483.jpg","PilotCam","/PilotCam.20260815_231245483.jpg","BrowCam","/BrowCam.20260815_231245483.jpg","UserSelect","/UserSelect.20260815_231245483.jpg","","","-999.99","5.32","-999.99","-999.99","6a80f26d3a81d30014edf18e"
"2026-08-15T23:13:15.527Z","45.9262723","-129.9780818","ASNAP","","admin","","","","","","","","","","","","","","3640.00","1067.66","-0.4","-7.3","241.38","280.57","0.58","SciCam","/SciCam.20260815_231315527.jpg","PilotCam","/PilotCam.20260815_231315527.jpg","BrowCam","/BrowCam.20260815_231315527.jpg","UserSelect","/UserSelect.20260815_231315527.jpg","","","-999.99","5.44","-999.99","-999.99","6a80f28b3a81d30014edf192"
"2026-08-15T23:13:45.572Z","45.9262641","-129.9780868","ASNAP","","admin","","","","","","","","","","","","","","3639.61","1066.75","-0.4","-7.0","241.56","265.87","0.58","SciCam","/SciCam.20260815_231345572.jpg","PilotCam","/PilotCam.20260815_231345572.jpg","BrowCam","/BrowCam.20260815_231345572.jpg","UserSelect","/UserSelect.20260815_231345572.jpg","","","-999.99","5.50","-999.99","-999.99","6a80f2a93a81d30014edf196"
"2026-08-15T23:14:15.617Z","45.9262466","-129.9780836","ASNAP","","admin","","","","","","","","","","","","","","3639.86","1064.80","-0.3","-7.4","241.60","251.18","0.58","SciCam","/SciCam.20260815_231415617.jpg","PilotCam","/PilotCam.20260815_231415617.jpg","BrowCam","/BrowCam.20260815_231415617.jpg","UserSelect","/UserSelect.20260815_231415617.jpg","","","-999.99","5.59","-999.99","-999.99","6a80f2c73a81d30014edf19a"
"2026-08-15T23:14:45.661Z","45.9262331","-129.9780781","ASNAP","","admin","","","","","","","","","","","","","","3640.29","1063.30","-0.5","-6.9","241.45","236.46","0.58","SciCam","/SciCam.20260815_231445661.jpg","PilotCam","/PilotCam.20260815_231445661.jpg","BrowCam","/BrowCam.20260815_231445661.jpg","UserSelect","/UserSelect.20260815_231445661.jpg","","","-999.99","5.75","-999.99","-999.99","6a80f2e53a81d30014edf19e"
"2026-08-15T23:15:15.707Z","45.9262236","-129.9780714","ASNAP","","admin","","","","","","","","","","","","","","3640.81","1062.24","-0.4","-6.9","241.37","221.86","0.58","SciCam","/SciCam.20260815_231515707.jpg","PilotCam","/PilotCam.20260815_231515707.jpg","BrowCam","/BrowCam.20260815_231515707.jpg","UserSelect","/UserSelect.20260815_231515707.jpg","","","-999.99","5.90","-999.99","-999.99","6a80f3033a81d30014edf1a2"
"2026-08-15T23:15:45.723Z","45.9262081","-129.9780555","ASNAP","","admin","","","","","","","","","","","","","","3642.04","1060.52","-0.9","-6.7","241.25","207.31","0.58","SciCam","/SciCam.20260815_231545723.jpg","PilotCam","/PilotCam.20260815_231545723.jpg","BrowCam","/BrowCam.20260815_231545723.jpg","UserSelect","/UserSelect.20260815_231545723.jpg","","","-999.99","6.01","-999.99","-999.99","6a80f3213a81d30014edf1a6"
"2026-08-15T23:16:15.752Z","45.9261843","-129.9780411","ASNAP","","admin","","","","","","","","","","","","","","3643.16","1057.88","-1.0","-6.7","241.37","192.67","0.58","SciCam","/SciCam.20260815_231615752.jpg","PilotCam","/PilotCam.20260815_231615752.jpg","BrowCam","/BrowCam.20260815_231615752.jpg","UserSelect","/UserSelect.20260815_231615752.jpg","","","-999.99","6.19","-999.99","-999.99","6a80f33f3a81d30014edf1aa"
"2026-08-15T23:16:45.768Z","45.9261506","-129.9780139","ASNAP","","admin","","","","","","","","","","","","","","3645.27","1054.13","-0.5","-6.2","241.28","177.96","0.58","SciCam","/SciCam.20260815_231645768.jpg","PilotCam","/PilotCam.20260815_231645768.jpg","BrowCam","/BrowCam.20260815_231645768.jpg","UserSelect","/UserSelect.20260815_231645768.jpg","","","-999.99","6.43","-999.99","-999.99","6a80f35d3a81d30014edf1ae"
"2026-08-15T23:17:15.812Z","45.9261193","-129.9779606","ASNAP","","admin","","","","","","","","","","","","","","3649.40","1050.65","-0.2","-6.3","241.19","163.89","0.58","SciCam","/SciCam.20260815_231715812.jpg","PilotCam","/PilotCam.20260815_231715812.jpg","BrowCam","/BrowCam.20260815_231715812.jpg","UserSelect","/UserSelect.20260815_231715812.jpg","","","-999.99","6.71","-999.99","-999.99","6a80f37b3a81d30014edf1b2"
"2026-08-15T23:17:45.857Z","45.9260961","-129.9779111","ASNAP","","admin","","","","","","","","","","","","","","3653.24","1048.07","-0.0","-6.6","241.31","149.87","0.58","SciCam","/SciCam.20260815_231745857.jpg","PilotCam","/PilotCam.20260815_231745857.jpg","BrowCam","/BrowCam.20260815_231745857.jpg","UserSelect","/UserSelect.20260815_231745857.jpg","","","-999.99","6.88","-999.99","-999.99","6a80f3993a81d30014edf1b6"
"2026-08-15T23:18:15.875Z","45.9260806","-129.9779014","ASNAP","","admin","","","","","","","","","","","","","","3654.00","1046.35","-0.1","-7.3","241.27","137.14","0.58","SciCam","/SciCam.20260815_231815875.jpg","PilotCam","/PilotCam.20260815_231815875.jpg","BrowCam","/BrowCam.20260815_231815875.jpg","UserSelect","/UserSelect.20260815_231815875.jpg","","","-999.99","7.10","-999.99","-999.99","6a80f3b73a81d30014edf1ba"
"2026-08-15T23:18:45.920Z","45.9260637","-129.9778967","ASNAP","","admin","","","","","","","","","","","","","","3654.36","1044.47","-0.9","-6.6","241.27","133.94","0.58","SciCam","/SciCam.20260815_231845920.jpg","PilotCam","/PilotCam.20260815_231845920.jpg","BrowCam","/BrowCam.20260815_231845920.jpg","UserSelect","/UserSelect.20260815_231845920.jpg","","","-999.99","7.87","-999.99","-999.99","6a80f3d53a81d30014edf1be"
"2026-08-15T23:19:15.965Z","45.9260103","-129.9779741","ASNAP","","admin","","","","","","","","","","","","","","3648.36","1038.54","-0.7","-6.5","240.79","141.18","0.58","SciCam","/SciCam.20260815_231915965.jpg","PilotCam","/PilotCam.20260815_231915965.jpg","BrowCam","/BrowCam.20260815_231915965.jpg","UserSelect","/UserSelect.20260815_231915965.jpg","","","-999.99","8.21","-999.99","-999.99","6a80f3f33a81d30014edf1c2"
"2026-08-15T23:19:45.988Z","45.9259708","-129.9780317","ASNAP","","admin","","","","","","","","","","","","","","3643.89","1034.15","-0.3","-6.3","242.19","144.61","0.58","SciCam","/SciCam.20260815_231945988.jpg","PilotCam","/PilotCam.20260815_231945988.jpg","BrowCam","/BrowCam.20260815_231945988.jpg","UserSelect","/UserSelect.20260815_231945988.jpg","","","-999.99","8.21","-999.99","-999.99","6a80f4113a81d30014edf1c6"
"2026-08-15T23:20:16.029Z","45.9260072","-129.9780003","ASNAP","","admin","","","","","","","","","","","","","","3646.32","1038.19","-1.0","-6.9","241.70","144.36","0.58","SciCam","/SciCam.20260815_232016029.jpg","PilotCam","/PilotCam.20260815_232016029.jpg","BrowCam","/BrowCam.20260815_232016029.jpg","UserSelect","/UserSelect.20260815_232016029.jpg","","","-999.99","8.24","-999.99","-999.99","6a80f4303a81d30014edf1ca"
"2026-08-15T23:20:46.073Z","45.9260406","-129.9779512","ASNAP","","admin","","","","","","","","","","","","","","3650.13","1041.90","-0.8","-7.2","241.61","145.67","0.58","SciCam","/SciCam.20260815_232046073.jpg","PilotCam","/PilotCam.20260815_232046073.jpg","BrowCam","/BrowCam.20260815_232046073.jpg","UserSelect","/UserSelect.20260815_232046073.jpg","","","-999.99","8.18","-999.99","-999.99","6a80f44e3a81d30014edf1ce"
"2026-08-15T23:21:16.105Z","45.9260697","-129.9779086","ASNAP","","admin","","","","","","","","","","","","","","3653.44","1045.14","-0.9","-7.3","241.56","147.19","0.58","SciCam","/SciCam.20260815_232116105.jpg","PilotCam","/PilotCam.20260815_232116105.jpg","BrowCam","/BrowCam.20260815_232116105.jpg","UserSelect","/UserSelect.20260815_232116105.jpg","","","-999.99","8.15","-999.99","-999.99","6a80f46c3a81d30014edf1d2"
"2026-08-15T23:21:46.149Z","45.9260960","-129.9778666","ASNAP","","admin","","","","","","","","","","","","","","3656.70","1048.06","-0.8","-7.4","241.70","148.76","0.58","SciCam","/SciCam.20260815_232146149.jpg","PilotCam","/PilotCam.20260815_232146149.jpg","BrowCam","/BrowCam.20260815_232146149.jpg","UserSelect","/UserSelect.20260815_232146149.jpg","","","-999.99","8.12","-999.99","-999.99","6a80f48a3a81d30014edf1d6"
"2026-08-15T23:22:16.173Z","45.9261128","-129.9778195","ASNAP","","admin","","","","","","","","","","","","","","3660.35","1049.93","-0.8","-7.5","241.67","150.53","0.58","SciCam","/SciCam.20260815_232216173.jpg","PilotCam","/PilotCam.20260815_232216173.jpg","BrowCam","/BrowCam.20260815_232216173.jpg","UserSelect","/UserSelect.20260815_232216173.jpg","","","-999.99","8.01","-999.99","-999.99","6a80f4a83a81d30014edf1da"
"2026-08-15T23:22:46.189Z","45.9261306","-129.9777817","ASNAP","","admin","","","","","","","","","","","","","","3663.28","1051.91","-0.8","-7.4","241.70","152.07","0.58","SciCam","/SciCam.20260815_232246189.jpg","PilotCam","/PilotCam.20260815_232246189.jpg","BrowCam","/BrowCam.20260815_232246189.jpg","UserSelect","/UserSelect.20260815_232246189.jpg","","","-999.99","7.99","-999.99","-999.99","6a80f4c63a81d30014edf1de"
"2026-08-15T23:23:16.233Z","45.9261186","-129.9777401","ASNAP","","admin","","","","","","","","","","","","","","3666.51","1050.57","-0.3","-7.0","242.20","148.76","0.58","SciCam","/SciCam.20260815_232316233.jpg","PilotCam","/PilotCam.20260815_232316233.jpg","BrowCam","/BrowCam.20260815_232316233.jpg","UserSelect","/UserSelect.20260815_232316233.jpg","","","-999.99","7.97","-999.99","-999.99","6a80f4e43a81d30014edf1e2"
"2026-08-15T23:23:46.277Z","45.9260855","-129.9777676","ASNAP","","admin","","","","","","","","","","","","","","3664.38","1046.89","0.2","-7.8","244.33","140.87","0.58","SciCam","/SciCam.20260815_232346277.jpg","PilotCam","/PilotCam.20260815_232346277.jpg","BrowCam","/BrowCam.20260815_232346277.jpg","UserSelect","/UserSelect.20260815_232346277.jpg","","","-999.99","7.97","-999.99","-999.99","6a80f5023a81d30014edf1e6"
"2026-08-15T23:24:16.321Z","45.9260708","-129.9778428","ASNAP","","admin","","","","","","","","","","","","","","3658.54","1045.26","-0.4","-6.7","243.32","132.83","0.58","SciCam","/SciCam.20260815_232416321.jpg","PilotCam","/PilotCam.20260815_232416321.jpg","BrowCam","/BrowCam.20260815_232416321.jpg","UserSelect","/UserSelect.20260815_232416321.jpg","","","-999.99","8.12","-999.99","-999.99","6a80f5203a81d30014edf1ea"
"2026-08-15T23:24:46.366Z","45.9260587","-129.9778840","ASNAP","","admin","","","","","","","","","","","","","","3655.35","1043.92","-1.1","-6.5","242.05","128.43","0.58","SciCam","/SciCam.20260815_232446366.jpg","PilotCam","/PilotCam.20260815_232446366.jpg","BrowCam","/BrowCam.20260815_232446366.jpg","UserSelect","/UserSelect.20260815_232446366.jpg","","","-999.99","8.26","-999.99","-999.99","6a80f53e3a81d30014edf1ee"
"2026-08-15T23:25:16.385Z","45.9260692","-129.9778930","ASNAP","","admin","","","","","","","","","","","","","","3654.65","1045.08","-0.8","-6.8","242.01","128.59","0.58","SciCam","/SciCam.20260815_232516385.jpg","PilotCam","/PilotCam.20260815_232516385.jpg","BrowCam","/BrowCam.20260815_232516385.jpg","UserSelect","/UserSelect.20260815_232516385.jpg","","","-999.99","8.34","-999.99","-999.99","6a80f55c3a81d30014edf1f2"
"2026-08-15T23:25:28.769Z","45.9260707","-129.9778967","ROV Actions"," ","guest","","Transponder off","","","","","","","","","","","","3654.36","1045.25","-0.7","-7.2","242.03","128.48","0.58","SciCam","/SciCam.20260815_232528769.jpg","PilotCam","/PilotCam.20260815_232528769.jpg","BrowCam","/BrowCam.20260815_232528769.jpg","UserSelect","/UserSelect.20260815_232528769.jpg","","","-999.99","8.36","-999.99","-999.99","6a80f5683a81d30014edf1fa"
"2026-08-15T23:25:46.405Z","45.9260745","-129.9778784","ASNAP","","admin","","","","","","","","","","","","","","3655.78","1045.67","-0.7","-6.7","241.64","126.58","0.58","SciCam","/SciCam.20260815_232546405.jpg","PilotCam","/PilotCam.20260815_232546405.jpg","BrowCam","/BrowCam.20260815_232546405.jpg","UserSelect","/UserSelect.20260815_232546405.jpg","","","-999.99","8.36","-999.99","-999.99","6a80f57a3a81d30014edf1fe"
"2026-08-15T23:26:16.449Z","45.9261035","-129.9778293","ASNAP","","admin","","","","","","","","","","","","","","3659.59","1048.89","-0.4","-6.9","241.46","121.09","0.58","SciCam","/SciCam.20260815_232616449.jpg","PilotCam","/PilotCam.20260815_232616449.jpg","BrowCam","/BrowCam.20260815_232616449.jpg","UserSelect","/UserSelect.20260815_232616449.jpg","","","-999.99","8.40","-999.99","-999.99","6a80f5983a81d30014edf206"
"2026-08-15T23:26:46.493Z","45.9261324","-129.9777806","ASNAP","","admin","","","","","","","","","","","","","","3663.37","1052.11","-0.2","-7.5","241.23","115.37","0.58","SciCam","/SciCam.20260815_232646493.jpg","PilotCam","/PilotCam.20260815_232646493.jpg","BrowCam","/BrowCam.20260815_232646493.jpg","UserSelect","/UserSelect.20260815_232646493.jpg","","","-999.99","8.28","-999.99","-999.99","6a80f5b63a81d30014edf20a"
"2026-08-15T23:27:16.533Z","45.9261531","-129.9777771","ASNAP","","admin","","","","","","","","","","","","","","3663.64","1054.41","-0.5","-7.4","241.39","107.39","0.58","SciCam","/SciCam.20260815_232716533.jpg","PilotCam","/PilotCam.20260815_232716533.jpg","BrowCam","/BrowCam.20260815_232716533.jpg","UserSelect","/UserSelect.20260815_232716533.jpg","","","-999.99","8.28","-999.99","-999.99","6a80f5d43a81d30014edf20e"
"2026-08-15T23:27:46.577Z","45.9261694","-129.9777667","ASNAP","","admin","","","","","","","","","","","","","","3664.45","1056.22","0.0","-7.5","241.09","98.99","0.58","SciCam","/SciCam.20260815_232746577.jpg","PilotCam","/PilotCam.20260815_232746577.jpg","BrowCam","/BrowCam.20260815_232746577.jpg","UserSelect","/UserSelect.20260815_232746577.jpg","","","-999.99","8.40","-999.99","-999.99","6a80f5f23a81d30014edf212"
"2026-08-15T23:28:16.621Z","45.9261879","-129.9777741","ASNAP","","admin","","","","","","","","","","","","","","3663.87","1058.28","-0.5","-7.0","241.18","92.10","0.58","SciCam","/SciCam.20260815_232816621.jpg","PilotCam","/PilotCam.20260815_232816621.jpg","BrowCam","/BrowCam.20260815_232816621.jpg","UserSelect","/UserSelect.20260815_232816621.jpg","","","-999.99","8.65","-999.99","-999.99","6a80f6103a81d30014edf216"
"2026-08-15T23:28:46.665Z","45.9261679","-129.9777743","ASNAP","","admin","","","","","","","","","","","","","","3663.86","1056.05","-0.3","-7.0","242.16","83.83","0.58","SciCam","/SciCam.20260815_232846665.jpg","PilotCam","/PilotCam.20260815_232846665.jpg","BrowCam","/BrowCam.20260815_232846665.jpg","UserSelect","/UserSelect.20260815_232846665.jpg","","","-999.99","8.89","-999.99","-999.99","6a80f62e3a81d30014edf21a"
"2026-08-15T23:29:16.684Z","45.9261702","-129.9777264","ASNAP","","admin","","","","","","","","","","","","","","3667.57","1056.31","0.0","-7.3","241.40","75.53","0.58","SciCam","/SciCam.20260815_232916684.jpg","PilotCam","/PilotCam.20260815_232916684.jpg","BrowCam","/BrowCam.20260815_232916684.jpg","UserSelect","/UserSelect.20260815_232916684.jpg","","","-999.99","9.14","-999.99","-999.99","6a80f64c3a81d30014edf21e"
"2026-08-15T23:29:46.729Z","45.9261667","-129.9777145","ASNAP","","admin","","","","","","","","","","","","","","3668.50","1055.92","-0.4","-7.5","242.15","67.12","0.58","SciCam","/SciCam.20260815_232946729.jpg","PilotCam","/PilotCam.20260815_232946729.jpg","BrowCam","/BrowCam.20260815_232946729.jpg","UserSelect","/UserSelect.20260815_232946729.jpg","","","-999.99","9.44","-999.99","-999.99","6a80f66a3a81d30014edf222"
"2026-08-15T23:30:16.775Z","45.9261744","-129.9777464","ASNAP","","admin","","","","","","","","","","","","","","3666.02","1056.78","-0.5","-6.2","242.49","61.03","0.58","SciCam","/SciCam.20260815_233016775.jpg","PilotCam","/PilotCam.20260815_233016775.jpg","BrowCam","/BrowCam.20260815_233016775.jpg","UserSelect","/UserSelect.20260815_233016775.jpg","","","-999.99","9.97","-999.99","-999.99","6a80f6883a81d30014edf226"
"2026-08-15T23:30:46.819Z","45.9262228","-129.9776955","ASNAP","","admin","","","","","","","","","","","","","","3669.97","1062.15","-0.8","-7.1","241.43","54.29","0.58","SciCam","/SciCam.20260815_233046819.jpg","PilotCam","/PilotCam.20260815_233046819.jpg","BrowCam","/BrowCam.20260815_233046819.jpg","UserSelect","/UserSelect.20260815_233046819.jpg","","","-999.99","10.93","-999.99","-999.99","6a80f6a63a81d30014edf22a"
"2026-08-15T23:31:16.865Z","45.9262547","-129.9776189","ASNAP","","admin","","","","","","","","","","","","","","3675.91","1065.70","-1.0","-7.5","241.82","48.51","0.58","SciCam","/SciCam.20260815_233116865.jpg","PilotCam","/PilotCam.20260815_233116865.jpg","BrowCam","/BrowCam.20260815_233116865.jpg","UserSelect","/UserSelect.20260815_233116865.jpg","","","-999.99","12.40","-999.99","-999.99","6a80f6c43a81d30014edf22e"
"2026-08-15T23:31:46.909Z","45.9262462","-129.9775692","ASNAP","","admin","","","","","","","","","","","","","","3679.77","1064.76","-0.8","-7.4","241.42","41.27","0.58","SciCam","/SciCam.20260815_233146909.jpg","PilotCam","/PilotCam.20260815_233146909.jpg","BrowCam","/BrowCam.20260815_233146909.jpg","UserSelect","/UserSelect.20260815_233146909.jpg","","","-999.99","13.06","-999.99","-999.99","6a80f6e23a81d30014edf236"
"2026-08-15T23:31:48.285Z","45.9262452","-129.9775682","ROV Actions"," ","guest","","First Football off","","","","","","","","","","","","3679.85","1064.64","-0.9","-7.4","241.47","41.31","0.58","SciCam","/SciCam.20260815_233148285.jpg","PilotCam","/PilotCam.20260815_233148285.jpg","BrowCam","/BrowCam.20260815_233148285.jpg","UserSelect","/UserSelect.20260815_233148285.jpg","","","-999.99","13.13","-999.99","-999.99","6a80f6e43a81d30014edf23a"
"2026-08-15T23:32:16.948Z","45.9262174","-129.9775626","ASNAP","","admin","","","","","","","","","","","","","","3680.28","1061.55","-0.5","-7.0","241.43","41.82","0.58","SciCam","/SciCam.20260815_233216948.jpg","PilotCam","/PilotCam.20260815_233216948.jpg","BrowCam","/BrowCam.20260815_233216948.jpg","UserSelect","/UserSelect.20260815_233216948.jpg","","","-999.99","13.85","-999.99","-999.99","6a80f7003a81d30014edf23e"
"2026-08-15T23:32:46.964Z","45.9262215","-129.9775239","ASNAP","","admin","","","","","","","","","","","","","","3683.28","1062.01","-0.5","-7.4","241.56","36.10","0.58","SciCam","/SciCam.20260815_233246964.jpg","PilotCam","/PilotCam.20260815_233246964.jpg","BrowCam","/BrowCam.20260815_233246964.jpg","UserSelect","/UserSelect.20260815_233246964.jpg","","","-999.99","14.14","-999.99","-999.99","6a80f71e3a81d30014edf242"
"2026-08-15T23:33:17.006Z","45.9263057","-129.9774810","ASNAP","","admin","","","","","","","","","","","","","","3686.61","1071.37","-1.6","-6.9","243.83","31.70","0.58","SciCam","/SciCam.20260815_233317006.jpg","PilotCam","/PilotCam.20260815_233317006.jpg","BrowCam","/BrowCam.20260815_233317006.jpg","UserSelect","/UserSelect.20260815_233317006.jpg","","","-999.99","14.62","-999.99","-999.99","6a80f73d3a81d30014edf246"
"2026-08-15T23:33:47.048Z","45.9262681","-129.9774866","ASNAP","","admin","","","","","","","","","","","","","","3686.18","1067.19","0.0","-6.1","244.47","28.82","0.58","SciCam","/SciCam.20260815_233347048.jpg","PilotCam","/PilotCam.20260815_233347048.jpg","BrowCam","/BrowCam.20260815_233347048.jpg","UserSelect","/UserSelect.20260815_233347048.jpg","","","-999.99","15.46","-999.99","-999.99","6a80f75b3a81d30014edf24a"
"2026-08-15T23:34:17.073Z","45.9262324","-129.9774975","ASNAP","","admin","","","","","","","","","","","","","","3685.33","1063.22","-0.6","-6.8","245.86","18.73","0.58","SciCam","/SciCam.20260815_233417073.jpg","PilotCam","/PilotCam.20260815_233417073.jpg","BrowCam","/BrowCam.20260815_233417073.jpg","UserSelect","/UserSelect.20260815_233417073.jpg","","","-999.99","15.93","-999.99","-999.99","6a80f7793a81d30014edf24e"
"2026-08-15T23:34:47.117Z","45.9262015","-129.9775007","ASNAP","","admin","","","","","","","","","","","","","","3685.08","1059.79","-0.4","-7.1","241.86","10.94","0.58","SciCam","/SciCam.20260815_233447117.jpg","PilotCam","/PilotCam.20260815_233447117.jpg","BrowCam","/BrowCam.20260815_233447117.jpg","UserSelect","/UserSelect.20260815_233447117.jpg","","","-999.99","16.11","-999.99","-999.99","6a80f7973a81d30014edf252"
"2026-08-15T23:34:49.780Z","45.9261976","-129.9774955","ROV Actions"," ","guest","","Last Football off","","","","","","","","","","","","3685.49","1059.35","-0.9","-6.4","241.85","10.40","0.58","SciCam","/SciCam.20260815_233449780.jpg","PilotCam","/PilotCam.20260815_233449780.jpg","BrowCam","/BrowCam.20260815_233449780.jpg","UserSelect","/UserSelect.20260815_233449780.jpg","","","-999.99","16.09","-999.99","-999.99","6a80f7993a81d30014edf256"
"2026-08-15T23:35:17.162Z","45.9261926","-129.9774424","ASNAP","","admin","","","","","","","","","","","","","","3689.61","1058.80","-1.7","-6.2","240.14","11.06","0.58","SciCam","/SciCam.20260815_233517162.jpg","PilotCam","/PilotCam.20260815_233517162.jpg","BrowCam","/BrowCam.20260815_233517162.jpg","UserSelect","/UserSelect.20260815_233517162.jpg","","","-999.99","16.11","-999.99","-999.99","6a80f7b53a81d30014edf25a"
"2026-08-15T23:35:47.206Z","45.9262247","-129.9774906","ASNAP","","admin","","","","","","","","","","","","","","3685.87","1062.37","-0.7","-7.1","235.34","11.63","0.58","SciCam","/SciCam.20260815_233547206.jpg","PilotCam","/PilotCam.20260815_233547206.jpg","BrowCam","/BrowCam.20260815_233547206.jpg","UserSelect","/UserSelect.20260815_233547206.jpg","","","-999.99","16.19","-999.99","-999.99","6a80f7d33a81d30014edf25e"
"2026-08-15T23:36:17.237Z","45.9262324","-129.9774123","ASNAP","","admin","","","","","","","","","","","","","","3691.94","1063.22","-0.4","-6.7","239.42","8.81","0.58","SciCam","/SciCam.20260815_233617237.jpg","PilotCam","/PilotCam.20260815_233617237.jpg","BrowCam","/BrowCam.20260815_233617237.jpg","UserSelect","/UserSelect.20260815_233617237.jpg","","","-999.99","16.16","-999.99","-999.99","6a80f7f13a81d30014edf262"
"2026-08-15T23:36:47.265Z","45.9262857","-129.9773815","ASNAP","","admin","","","","","","","","","","","","","","3694.33","1069.15","-0.1","-9.5","243.37","2.22","0.58","SciCam","/SciCam.20260815_233647265.jpg","PilotCam","/PilotCam.20260815_233647265.jpg","BrowCam","/BrowCam.20260815_233647265.jpg","UserSelect","/UserSelect.20260815_233647265.jpg","","","-999.99","16.20","-999.99","-999.99","6a80f80f3a81d30014edf266"
"2026-08-15T23:37:17.310Z","45.9263013","-129.9773847","ASNAP","","admin","","","","","","","","","","","","","","3694.08","1070.88","-0.8","-7.1","291.76","0.79","0.58","SciCam","/SciCam.20260815_233717310.jpg","PilotCam","/PilotCam.20260815_233717310.jpg","BrowCam","/BrowCam.20260815_233717310.jpg","UserSelect","/UserSelect.20260815_233717310.jpg","","","-999.99","16.32","-999.99","-999.99","6a80f82d3a81d30014edf26a"
"2026-08-15T23:37:47.353Z","45.9263004","-129.9773797","ASNAP","","admin","","","","","","","","","","","","","","3694.47","1070.78","-2.3","-2.3","271.34","0.83","0.58","SciCam","/SciCam.20260815_233747353.jpg","PilotCam","/PilotCam.20260815_233747353.jpg","BrowCam","/BrowCam.20260815_233747353.jpg","UserSelect","/UserSelect.20260815_233747353.jpg","","","-999.99","16.32","-999.99","-999.99","6a80f84b3a81d30014edf26e"
"2026-08-15T23:38:17.397Z","45.9262909","-129.9774011","ASNAP","","admin","","","","","","","","","","","","","","3692.81","1069.72","-1.2","-2.2","271.91","0.86","0.58","SciCam","/SciCam.20260815_233817397.jpg","PilotCam","/PilotCam.20260815_233817397.jpg","BrowCam","/BrowCam.20260815_233817397.jpg","UserSelect","/UserSelect.20260815_233817397.jpg","","","-999.99","16.22","-999.99","-999.99","6a80f8693a81d30014edf272"
"2026-08-15T23:38:47.441Z","45.9262847","-129.9774121","ASNAP","","admin","","","","","","","","","","","","","","3691.96","1069.03","-2.5","-2.1","271.72","0.89","0.58","SciCam","/SciCam.20260815_233847441.jpg","PilotCam","/PilotCam.20260815_233847441.jpg","BrowCam","/BrowCam.20260815_233847441.jpg","UserSelect","/UserSelect.20260815_233847441.jpg","","","-999.99","16.06","-999.99","-999.99","6a80f8873a81d30014edf276"
"2026-08-15T23:39:13.136Z","45.9262711","-129.9773927","VEHICLE","","guest","Jason out of water","","","","","","","","","","","","","3693.46","1067.52","-1.2","-2.2","271.69","0.92","0.58","SciCam","/SciCam.20260815_233913136.jpg","PilotCam","/PilotCam.20260815_233913136.jpg","BrowCam","/BrowCam.20260815_233913136.jpg","UserSelect","/UserSelect.20260815_233913136.jpg","","","-999.99","15.92","-999.99","-999.99","6a80f8a13a81d30014edf27a"
"2026-08-15T23:39:17.485Z","45.9262730","-129.9773923","ASNAP","","admin","","","","","","","","","","","","","","3693.49","1067.73","-1.3","-1.0","271.65","0.92","0.58","SciCam","/SciCam.20260815_233917485.jpg","PilotCam","/PilotCam.20260815_233917485.jpg","BrowCam","/BrowCam.20260815_233917485.jpg","UserSelect","/UserSelect.20260815_233917485.jpg","","","-999.99","15.90","-999.99","-999.99","6a80f8a53a81d30014edf27e"
"2026-08-15T23:39:47.529Z","45.9262525","-129.9773978","ASNAP","","admin","","","","","","","","","","","","","","3693.07","1065.46","-1.2","-2.2","249.88","0.96","0.58","SciCam","/SciCam.20260815_233947529.jpg","PilotCam","/PilotCam.20260815_233947529.jpg","BrowCam","/BrowCam.20260815_233947529.jpg","UserSelect","/UserSelect.20260815_233947529.jpg","","","-999.99","15.75","-999.99","-999.99","6a80f8c33a81d30014edf282"
"2026-08-15T23:40:17.576Z","45.9263023","-129.9772799","ASNAP","","admin","","","","","","","","","","","","","","3702.21","1070.99","-0.5","-1.9","184.78","0.94","0.58","SciCam","/SciCam.20260815_234017576.jpg","PilotCam","/PilotCam.20260815_234017576.jpg","BrowCam","/BrowCam.20260815_234017576.jpg","UserSelect","/UserSelect.20260815_234017576.jpg","","","-999.99","15.61","-999.99","-999.99","6a80f8e13a81d30014edf286"
"2026-08-15T23:40:47.621Z","45.9263073","-129.9772602","ASNAP","","admin","","","","","","","","","","","","","","3703.74","1071.55","0.1","-0.6","184.52","0.92","0.58","SciCam","/SciCam.20260815_234047621.jpg","PilotCam","/PilotCam.20260815_234047621.jpg","BrowCam","/BrowCam.20260815_234047621.jpg","UserSelect","/UserSelect.20260815_234047621.jpg","","","-999.99","15.55","-999.99","-999.99","6a80f8ff3a81d30014edf28a"
"2026-08-15T23:41:17.666Z","45.9263192","-129.9772265","ASNAP","","admin","","","","","","","","","","","","","","3706.36","1072.87","-0.5","-0.4","164.04","0.92","0.58","SciCam","/SciCam.20260815_234117666.jpg","PilotCam","/PilotCam.20260815_234117666.jpg","BrowCam","/BrowCam.20260815_234117666.jpg","UserSelect","/UserSelect.20260815_234117666.jpg","","","-999.99","15.50","-999.99","-999.99","6a80f91d3a81d30014edf28e"
"2026-08-15T23:41:35.402Z","45.9263307","-129.9772096","VEHICLE","","guest","Jason on deck","","","","","","","","","","","","","3707.67","1074.15","-0.9","-0.7","94.46","0.93","0.58","SciCam","/SciCam.20260815_234135402.jpg","PilotCam","/PilotCam.20260815_234135402.jpg","BrowCam","/BrowCam.20260815_234135402.jpg","UserSelect","/UserSelect.20260815_234135402.jpg","","","-999.99","15.47","-999.99","-999.99","6a80f92f3a81d30014edf292"
"2026-08-15T23:41:47.711Z","45.9263438","-129.9772199","ASNAP","","admin","","","","","","","","","","","","","","3706.87","1075.60","-0.6","-0.4","62.19","0.90","0.58","SciCam","/SciCam.20260815_234147711.jpg","PilotCam","/PilotCam.20260815_234147711.jpg","BrowCam","/BrowCam.20260815_234147711.jpg","UserSelect","/UserSelect.20260815_234147711.jpg","","","-999.99","15.44","-999.99","-999.99","6a80f93b3a81d30014edf296"
"2026-08-15T23:42:17.728Z","45.9263601","-129.9772457","ASNAP","","admin","","","","","","","","","","","","","","3704.87","1077.42","0.0","-0.3","62.58","0.90","0.58","SciCam","/SciCam.20260815_234217728.jpg","PilotCam","/PilotCam.20260815_234217728.jpg","BrowCam","/BrowCam.20260815_234217728.jpg","UserSelect","/UserSelect.20260815_234217728.jpg","","","-999.99","15.45","-999.99","-999.99","6a80f9593a81d30014edf29a"
"2026-08-15T23:42:47.769Z","45.9263590","-129.9772350","ASNAP","","admin","","","","","","","","","","","","","","3705.70","1077.29","-0.5","-1.0","62.37","0.90","0.58","SciCam","/SciCam.20260815_234247769.jpg","PilotCam","/PilotCam.20260815_234247769.jpg","BrowCam","/BrowCam.20260815_234247769.jpg","UserSelect","/UserSelect.20260815_234247769.jpg","","","-999.99","15.46","-999.99","-999.99","6a80f9773a81d30014edf29e"
"2026-08-15T23:43:17.813Z","45.9263809","-129.9772167","ASNAP","","admin","","","","","","","","","","","","","","3707.12","1079.73","-0.8","0.5","57.80","0.84","0.58","SciCam","/SciCam.20260815_234317813.jpg","PilotCam","/PilotCam.20260815_234317813.jpg","BrowCam","/BrowCam.20260815_234317813.jpg","UserSelect","/UserSelect.20260815_234317813.jpg","","","-999.99","15.44","-999.99","-999.99","6a80f9953a81d30014edf2a2"
"2026-08-15T23:43:47.854Z","45.9263915","-129.9772286","ASNAP","","admin","","","","","","","","","","","","","","3706.19","1080.91","-1.5","-0.0","57.44","0.85","0.58","SciCam","/SciCam.20260815_234347854.jpg","PilotCam","/PilotCam.20260815_234347854.jpg","BrowCam","/BrowCam.20260815_234347854.jpg","UserSelect","/UserSelect.20260815_234347854.jpg","","","-999.99","15.45","-999.99","-999.99","6a80f9b33a81d30014edf2a6"
"2026-08-15T23:44:17.877Z","45.9263913","-129.9772261","ASNAP","","admin","","","","","","","","","","","","","","3706.39","1080.88","-1.4","0.8","57.55","0.82","0.58","SciCam","/SciCam.20260815_234417877.jpg","PilotCam","/PilotCam.20260815_234417877.jpg","BrowCam","/BrowCam.20260815_234417877.jpg","UserSelect","/UserSelect.20260815_234417877.jpg","","","-999.99","15.46","-999.99","-999.99","6a80f9d13a81d30014edf2aa"
"2026-08-15T23:44:47.921Z","45.9263854","-129.9772285","ASNAP","","admin","","","","","","","","","","","","","","3706.20","1080.23","-1.1","0.3","57.81","0.80","0.58","SciCam","/SciCam.20260815_234447921.jpg","PilotCam","/PilotCam.20260815_234447921.jpg","BrowCam","/BrowCam.20260815_234447921.jpg","UserSelect","/UserSelect.20260815_234447921.jpg","","","-999.99","15.48","-999.99","-999.99","6a80f9ef3a81d30014edf2ae"
"2026-08-15T23:45:17.956Z","45.9263729","-129.9772272","ASNAP","","admin","","","","","","","","","","","","","","3706.30","1078.84","-1.6","0.1","57.83","0.79","0.58","SciCam","/SciCam.20260815_234517956.jpg","PilotCam","/PilotCam.20260815_234517956.jpg","BrowCam","/BrowCam.20260815_234517956.jpg","UserSelect","/UserSelect.20260815_234517956.jpg","","","-999.99","15.49","-999.99","-999.99","6a80fa0d3a81d30014edf2b2"
"2026-08-15T23:45:48.001Z","45.9263709","-129.9772177","ASNAP","","admin","","","","","","","","","","","","","","3707.04","1078.62","-1.0","-0.0","57.96","0.78","0.58","SciCam","/SciCam.20260815_234548001.jpg","PilotCam","/PilotCam.20260815_234548001.jpg","BrowCam","/BrowCam.20260815_234548001.jpg","UserSelect","/UserSelect.20260815_234548001.jpg","","","-999.99","15.52","-999.99","-999.99","6a80fa2c3a81d30014edf2b6"
"2026-08-15T23:46:18.045Z","45.9263658","-129.9772109","ASNAP","","admin","","","","","","","","","","","","","","3707.57","1078.05","-0.6","-0.0","57.68","0.77","0.58","SciCam","/SciCam.20260815_234618045.jpg","PilotCam","/PilotCam.20260815_234618045.jpg","BrowCam","/BrowCam.20260815_234618045.jpg","UserSelect","/UserSelect.20260815_234618045.jpg","","","-999.99","15.52","-999.99","-999.99","6a80fa4a3a81d30014edf2ba"
"2026-08-15T23:46:48.088Z","45.9263667","-129.9772105","ASNAP","","admin","","","","","","","","","","","","","","3707.60","1078.15","-0.5","0.5","57.65","0.76","0.58","SciCam","/SciCam.20260815_234648088.jpg","PilotCam","/PilotCam.20260815_234648088.jpg","BrowCam","/BrowCam.20260815_234648088.jpg","UserSelect","/UserSelect.20260815_234648088.jpg","","","-999.99","15.52","-999.99","-999.99","6a80fa683a81d30014edf2be"
"2026-08-15T23:47:18.129Z","45.9263667","-129.9772105","ASNAP","","admin","","","","","","","","","","","","","","3707.60","1078.15","-0.5","0.5","57.65","0.76","0.58","SciCam","/SciCam.20260815_234718129.jpg","PilotCam","/PilotCam.20260815_234718129.jpg","BrowCam","/BrowCam.20260815_234718129.jpg","UserSelect","/UserSelect.20260815_234718129.jpg","","","-999.99","15.52","-999.99","-999.99","6a80fa863a81d30014edf2c2"
"2026-08-15T23:47:48.159Z","45.9263667","-129.9772105","ASNAP","","admin","","","","","","","","","","","","","","3707.60","1078.15","-0.5","0.5","57.65","0.76","0.58","SciCam","/SciCam.20260815_234748159.jpg","PilotCam","/PilotCam.20260815_234748159.jpg","BrowCam","/BrowCam.20260815_234748159.jpg","UserSelect","/UserSelect.20260815_234748159.jpg","","","-999.99","15.52","-999.99","-999.99","6a80faa43a81d30014edf2c6"
"2026-08-15T23:48:18.199Z","45.9263667","-129.9772105","ASNAP","","admin","","","","","","","","","","","","","","3707.60","1078.15","-0.5","0.5","57.65","0.76","0.58","SciCam","/SciCam.20260815_234818199.jpg","PilotCam","/PilotCam.20260815_234818199.jpg","BrowCam","/BrowCam.20260815_234818199.jpg","UserSelect","/UserSelect.20260815_234818199.jpg","","","-999.99","15.52","-999.99","-999.99","6a80fac23a81d30014edf2ca"
"2026-08-15T23:48:48.220Z","45.9263667","-129.9772105","ASNAP","","admin","","","","","","","","","","","","","","3707.60","1078.15","-0.5","0.5","57.65","0.76","0.58","SciCam","/SciCam.20260815_234848220.jpg","PilotCam","/PilotCam.20260815_234848220.jpg","BrowCam","/BrowCam.20260815_234848220.jpg","UserSelect","/UserSelect.20260815_234848220.jpg","","","","","","","6a80fae03a81d30014edf2ce"
"2026-08-15T23:49:18.264Z","45.9263667","-129.9772105","ASNAP","","admin","","","","","","","","","","","","","","3707.60","1078.15","-0.5","0.5","57.65","0.76","0.58","SciCam","/SciCam.20260815_234918264.jpg","PilotCam","/PilotCam.20260815_234918264.jpg","BrowCam","/BrowCam.20260815_234918264.jpg","UserSelect","/UserSelect.20260815_234918264.jpg","","","","","","","6a80fafe3a81d30014edf2d1"
"2026-08-15T23:49:48.283Z","45.9263667","-129.9772105","ASNAP","","admin","","","","","","","","","","","","","","3707.60","1078.15","-0.5","0.5","57.65","0.76","0.58","SciCam","/SciCam.20260815_234948283.jpg","PilotCam","/PilotCam.20260815_234948283.jpg","BrowCam","/BrowCam.20260815_234948283.jpg","UserSelect","/UserSelect.20260815_234948283.jpg","","","","","","","6a80fb1c3a81d30014edf2d4"
"2026-08-15T23:50:18.304Z","45.9263667","-129.9772105","ASNAP","","admin","","","","","","","","","","","","","","3707.60","1078.15","-0.5","0.5","57.65","0.76","0.58","SciCam","/SciCam.20260815_235018304.jpg","PilotCam","/PilotCam.20260815_235018304.jpg","BrowCam","/BrowCam.20260815_235018304.jpg","UserSelect","/UserSelect.20260815_235018304.jpg","","","","","","","6a80fb3a3a81d30014edf2d7"