Date/Time (UTC),vehicleRealtimeNavData.latitude (ddeg),vehicleRealtimeNavData.longitude (ddeg),event_value,event_free_text,event_author,event_option.milestone,event_option.actions,event_option.type,event_option.nav,event_option.formation,event_option.filename,event_option.highlights,event_option.event_comment,event_option.cabled_plug,event_option.new_watchstander,event_option.sample_description,event_option.sample_name,vehicleRealtimeNavData.local_x (meters),vehicleRealtimeNavData.local_y (meters),vehicleRealtimeNavData.roll (deg),vehicleRealtimeNavData.pitch (deg),vehicleRealtimeNavData.heading (deg),vehicleRealtimeNavData.depth (meters),vehicleRealtimeNavData.altitude (meters),vehicleRealtimeFramegrabberData.camera_name_1,vehicleRealtimeFramegrabberData.filename_1,vehicleRealtimeFramegrabberData.camera_name_2,vehicleRealtimeFramegrabberData.filename_2,vehicleRealtimeFramegrabberData.camera_name_3,vehicleRealtimeFramegrabberData.filename_3,vehicleRealtimeFramegrabberData.camera_name_4,vehicleRealtimeFramegrabberData.filename_4,vehicleReNavData.pitch (deg),vehicleReNavData.roll (deg),vehicleTemperatureProbe.probe1_temperature (degC),vehicleTemperatureProbe.probe2_temperature (degC),vehicleTemperatureProbe.probe3_temperature (degC),vehicleTemperatureProbe.probe4_temperature (degC),id
"2026-08-13T08:23:13.388Z","45.9166918","-130.0250080","ASNAP","","admin","","","","","","","","","","","","","-0.62","2.79","1.1","-1.4","183.15","0.47","0.58","SciCam","/SciCam.20260813_082313388.jpg","PilotCam","/PilotCam.20260813_082313388.jpg","BrowCam","/BrowCam.20260813_082313388.jpg","UserSelect","/UserSelect.20260813_082313388.jpg","","","-999.99","14.45","-999.99","-999.99","6a7d7ef13a81d30014ed8039"
"2026-08-13T08:23:43.419Z","45.9166918","-130.0250080","ASNAP","","admin","","","","","","","","","","","","","-0.62","2.79","4.9","-2.5","228.96","0.43","0.58","SciCam","/SciCam.20260813_082343419.jpg","PilotCam","/PilotCam.20260813_082343419.jpg","BrowCam","/BrowCam.20260813_082343419.jpg","UserSelect","/UserSelect.20260813_082343419.jpg","","","-999.99","14.42","-999.99","-999.99","6a7d7f0f3a81d30014ed803d"
"2026-08-13T08:23:58.856Z","45.9166918","-130.0250080","VEHICLE","","guest","Jason in water","","","","","","","","","","","","-0.62","2.79","-9.3","-10.2","266.63","2.20","0.58","SciCam","/SciCam.20260813_082358856.jpg","PilotCam","/PilotCam.20260813_082358856.jpg","BrowCam","/BrowCam.20260813_082358856.jpg","UserSelect","/UserSelect.20260813_082358856.jpg","","","-999.99","15.34","-999.99","-999.99","6a7d7f1e3a81d30014ed8045"
"2026-08-13T08:24:13.464Z","45.9166918","-130.0250080","ASNAP","","admin","","","","","","","","","","","","","-0.62","2.79","1.3","-6.1","254.63","2.18","0.58","SciCam","/SciCam.20260813_082413464.jpg","PilotCam","/PilotCam.20260813_082413464.jpg","BrowCam","/BrowCam.20260813_082413464.jpg","UserSelect","/UserSelect.20260813_082413464.jpg","","","-999.99","16.16","-999.99","-999.99","6a7d7f2d3a81d30014ed8049"
"2026-08-13T08:24:43.509Z","45.9166918","-130.0250080","ASNAP","","admin","","","","","","","","","","","","","-0.62","2.79","3.2","-7.8","258.72","2.12","0.58","SciCam","/SciCam.20260813_082443509.jpg","PilotCam","/PilotCam.20260813_082443509.jpg","BrowCam","/BrowCam.20260813_082443509.jpg","UserSelect","/UserSelect.20260813_082443509.jpg","","","-999.99","16.46","-999.99","-999.99","6a7d7f4b3a81d30014ed804d"
"2026-08-13T08:25:13.527Z","45.9166918","-130.0250080","ASNAP","","admin","","","","","","","","","","","","","-0.62","2.79","-0.9","-7.0","261.04","5.70","0.58","SciCam","/SciCam.20260813_082513527.jpg","PilotCam","/PilotCam.20260813_082513527.jpg","BrowCam","/BrowCam.20260813_082513527.jpg","UserSelect","/UserSelect.20260813_082513527.jpg","","","-999.99","16.52","-999.99","-999.99","6a7d7f693a81d30014ed8051"
"2026-08-13T08:25:43.569Z","45.9166918","-130.0250080","ASNAP","","admin","","","","","","","","","","","","","-0.62","2.79","-2.2","-6.0","259.36","9.12","0.58","SciCam","/SciCam.20260813_082543569.jpg","PilotCam","/PilotCam.20260813_082543569.jpg","BrowCam","/BrowCam.20260813_082543569.jpg","UserSelect","/UserSelect.20260813_082543569.jpg","","","-999.99","16.54","-999.99","-999.99","6a7d7f873a81d30014ed8055"
"2026-08-13T08:26:13.605Z","45.9166918","-130.0250080","ASNAP","","admin","","","","","","","","","","","","","-0.62","2.79","-4.6","-7.4","260.58","8.18","0.58","SciCam","/SciCam.20260813_082613605.jpg","PilotCam","/PilotCam.20260813_082613605.jpg","BrowCam","/BrowCam.20260813_082613605.jpg","UserSelect","/UserSelect.20260813_082613605.jpg","","","-999.99","16.57","-999.99","-999.99","6a7d7fa53a81d30014ed8059"
"2026-08-13T08:26:43.650Z","45.9166918","-130.0250080","ASNAP","","admin","","","","","","","","","","","","","-0.62","2.79","-1.5","-4.9","258.13","9.83","0.58","SciCam","/SciCam.20260813_082643650.jpg","PilotCam","/PilotCam.20260813_082643650.jpg","BrowCam","/BrowCam.20260813_082643650.jpg","UserSelect","/UserSelect.20260813_082643650.jpg","","","-999.99","16.53","-999.99","-999.99","6a7d7fc33a81d30014ed805d"
"2026-08-13T08:27:13.695Z","45.9166918","-130.0250080","ASNAP","","admin","","","","","","","","","","","","","-0.62","2.79","-2.8","-3.3","257.62","13.04","0.58","SciCam","/SciCam.20260813_082713695.jpg","PilotCam","/PilotCam.20260813_082713695.jpg","BrowCam","/BrowCam.20260813_082713695.jpg","UserSelect","/UserSelect.20260813_082713695.jpg","","","-999.99","16.57","-999.99","-999.99","6a7d7fe13a81d30014ed8064"
"2026-08-13T08:27:17.790Z","45.9166918","-130.0250080","ROV Actions","happened a few minutes prior, not called out","guest","","First Football on","","","","","","","","","","","-0.62","2.79","-3.3","-5.7","259.12","13.94","0.58","SciCam","/SciCam.20260813_082717790.jpg","PilotCam","/PilotCam.20260813_082717790.jpg","BrowCam","/BrowCam.20260813_082717790.jpg","UserSelect","/UserSelect.20260813_082717790.jpg","","","-999.99","16.54","-999.99","-999.99","6a7d7fe53a81d30014ed8069"
"2026-08-13T08:27:43.738Z","45.9166918","-130.0250080","ASNAP","","admin","","","","","","","","","","","","","-0.62","2.79","-4.8","-5.6","259.67","12.85","0.58","SciCam","/SciCam.20260813_082743738.jpg","PilotCam","/PilotCam.20260813_082743738.jpg","BrowCam","/BrowCam.20260813_082743738.jpg","UserSelect","/UserSelect.20260813_082743738.jpg","","","-999.99","16.54","-999.99","-999.99","6a7d7fff3a81d30014ed806d"
"2026-08-13T08:28:13.783Z","45.9166918","-130.0250080","ASNAP","","admin","","","","","","","","","","","","","-0.62","2.79","-3.8","-5.1","259.91","13.57","0.58","SciCam","/SciCam.20260813_082813783.jpg","PilotCam","/PilotCam.20260813_082813783.jpg","BrowCam","/BrowCam.20260813_082813783.jpg","UserSelect","/UserSelect.20260813_082813783.jpg","","","-999.99","16.61","-999.99","-999.99","6a7d801d3a81d30014ed8071"
"2026-08-13T08:28:43.825Z","45.9166918","-130.0250080","ASNAP","","admin","","","","","","","","","","","","","-0.62","2.79","-3.7","-8.1","260.11","21.65","0.58","SciCam","/SciCam.20260813_082843825.jpg","PilotCam","/PilotCam.20260813_082843825.jpg","BrowCam","/BrowCam.20260813_082843825.jpg","UserSelect","/UserSelect.20260813_082843825.jpg","","","-999.99","16.50","-999.99","-999.99","6a7d803b3a81d30014ed8075"
"2026-08-13T08:29:13.865Z","45.9166918","-130.0250080","ASNAP","","admin","","","","","","","","","","","","","-0.62","2.79","-2.8","-6.1","261.32","20.80","0.58","SciCam","/SciCam.20260813_082913865.jpg","PilotCam","/PilotCam.20260813_082913865.jpg","BrowCam","/BrowCam.20260813_082913865.jpg","UserSelect","/UserSelect.20260813_082913865.jpg","","","-999.99","16.52","-999.99","-999.99","6a7d80593a81d30014ed8079"
"2026-08-13T08:29:43.910Z","45.9166918","-130.0250080","ASNAP","","admin","","","","","","","","","","","","","-0.62","2.79","-2.0","-5.7","260.30","20.80","0.58","SciCam","/SciCam.20260813_082943910.jpg","PilotCam","/PilotCam.20260813_082943910.jpg","BrowCam","/BrowCam.20260813_082943910.jpg","UserSelect","/UserSelect.20260813_082943910.jpg","","","-999.99","16.52","-999.99","-999.99","6a7d80773a81d30014ed807d"
"2026-08-13T08:30:13.955Z","45.9166918","-130.0250080","ASNAP","","admin","","","","","","","","","","","","","-0.62","2.79","-2.5","-7.1","259.73","28.76","0.58","SciCam","/SciCam.20260813_083013955.jpg","PilotCam","/PilotCam.20260813_083013955.jpg","BrowCam","/BrowCam.20260813_083013955.jpg","UserSelect","/UserSelect.20260813_083013955.jpg","","","-999.99","16.47","-999.99","-999.99","6a7d80953a81d30014ed8081"
"2026-08-13T08:30:43.975Z","45.9166918","-130.0250080","ASNAP","","admin","","","","","","","","","","","","","-0.62","2.79","-3.3","-6.3","259.99","28.32","0.58","SciCam","/SciCam.20260813_083043975.jpg","PilotCam","/PilotCam.20260813_083043975.jpg","BrowCam","/BrowCam.20260813_083043975.jpg","UserSelect","/UserSelect.20260813_083043975.jpg","","","-999.99","16.35","-999.99","-999.99","6a7d80b33a81d30014ed8085"
"2026-08-13T08:31:02.743Z","45.9166918","-130.0250080","ROV Actions"," ","guest","","Last Football on","","","","","","","","","","","-0.62","2.79","-4.1","-3.2","258.46","29.00","0.58","SciCam","/SciCam.20260813_083102743.jpg","PilotCam","/PilotCam.20260813_083102743.jpg","BrowCam","/BrowCam.20260813_083102743.jpg","UserSelect","/UserSelect.20260813_083102743.jpg","","","-999.99","16.30","-999.99","-999.99","6a7d80c63a81d30014ed8089"
"2026-08-13T08:31:14.018Z","45.9166918","-130.0250080","ASNAP","","admin","","","","","","","","","","","","","-0.62","2.79","-3.7","-5.7","258.81","33.69","0.58","SciCam","/SciCam.20260813_083114018.jpg","PilotCam","/PilotCam.20260813_083114018.jpg","BrowCam","/BrowCam.20260813_083114018.jpg","UserSelect","/UserSelect.20260813_083114018.jpg","","","-999.99","16.30","-999.99","-999.99","6a7d80d23a81d30014ed808d"
"2026-08-13T08:31:44.061Z","45.9166918","-130.0250080","ASNAP","","admin","","","","","","","","","","","","","-0.62","2.79","-3.8","-6.1","259.46","44.98","0.58","SciCam","/SciCam.20260813_083144061.jpg","PilotCam","/PilotCam.20260813_083144061.jpg","BrowCam","/BrowCam.20260813_083144061.jpg","UserSelect","/UserSelect.20260813_083144061.jpg","","","-999.99","15.69","-999.99","-999.99","6a7d80f03a81d30014ed8091"
"2026-08-13T08:32:14.080Z","45.9166918","-130.0250080","ASNAP","","admin","","","","","","","","","","","","","-0.62","2.79","-3.8","-6.4","259.12","50.39","0.58","SciCam","/SciCam.20260813_083214080.jpg","PilotCam","/PilotCam.20260813_083214080.jpg","BrowCam","/BrowCam.20260813_083214080.jpg","UserSelect","/UserSelect.20260813_083214080.jpg","","","-999.99","14.76","-999.99","-999.99","6a7d810e3a81d30014ed8095"
"2026-08-13T08:32:44.125Z","45.9166918","-130.0250080","ASNAP","","admin","","","","","","","","","","","","","-0.62","2.79","-3.4","-6.6","259.20","58.19","0.58","SciCam","/SciCam.20260813_083244125.jpg","PilotCam","/PilotCam.20260813_083244125.jpg","BrowCam","/BrowCam.20260813_083244125.jpg","UserSelect","/UserSelect.20260813_083244125.jpg","","","-999.99","13.61","-999.99","-999.99","6a7d812c3a81d30014ed8099"
"2026-08-13T08:33:14.169Z","45.9166918","-130.0250080","ASNAP","","admin","","","","","","","","","","","","","-0.62","2.79","-3.5","-5.9","259.23","69.61","0.58","SciCam","/SciCam.20260813_083314169.jpg","PilotCam","/PilotCam.20260813_083314169.jpg","BrowCam","/BrowCam.20260813_083314169.jpg","UserSelect","/UserSelect.20260813_083314169.jpg","","","-999.99","11.96","-999.99","-999.99","6a7d814a3a81d30014ed809d"
"2026-08-13T08:33:44.213Z","45.9166918","-130.0250080","ASNAP","","admin","","","","","","","","","","","","","-0.62","2.79","-3.5","-6.0","259.16","79.69","0.58","SciCam","/SciCam.20260813_083344213.jpg","PilotCam","/PilotCam.20260813_083344213.jpg","BrowCam","/BrowCam.20260813_083344213.jpg","UserSelect","/UserSelect.20260813_083344213.jpg","","","-999.99","10.97","-999.99","-999.99","6a7d81683a81d30014ed80a1"
"2026-08-13T08:34:14.231Z","45.9166918","-130.0250080","ASNAP","","admin","","","","","","","","","","","","","-0.62","2.79","-3.6","-6.5","258.92","91.67","0.58","SciCam","/SciCam.20260813_083414231.jpg","PilotCam","/PilotCam.20260813_083414231.jpg","BrowCam","/BrowCam.20260813_083414231.jpg","UserSelect","/UserSelect.20260813_083414231.jpg","","","-999.99","9.97","-999.99","-999.99","6a7d81863a81d30014ed80a5"
"2026-08-13T08:34:44.273Z","45.9166918","-130.0250080","ASNAP","","admin","","","","","","","","","","","","","-0.62","2.79","-3.8","-6.5","259.16","102.48","0.58","SciCam","/SciCam.20260813_083444273.jpg","PilotCam","/PilotCam.20260813_083444273.jpg","BrowCam","/BrowCam.20260813_083444273.jpg","UserSelect","/UserSelect.20260813_083444273.jpg","","","-999.99","9.38","-999.99","-999.99","6a7d81a43a81d30014ed80a9"
"2026-08-13T08:35:14.319Z","45.9166918","-130.0250080","ASNAP","","admin","","","","","","","","","","","","","-0.62","2.79","-3.7","-6.7","259.00","114.66","0.58","SciCam","/SciCam.20260813_083514319.jpg","PilotCam","/PilotCam.20260813_083514319.jpg","BrowCam","/BrowCam.20260813_083514319.jpg","UserSelect","/UserSelect.20260813_083514319.jpg","","","-999.99","9.05","-999.99","-999.99","6a7d81c23a81d30014ed80ad"
"2026-08-13T08:35:44.361Z","45.9166918","-130.0250080","ASNAP","","admin","","","","","","","","","","","","","-0.62","2.79","-3.7","-6.3","259.03","126.49","0.58","SciCam","/SciCam.20260813_083544361.jpg","PilotCam","/PilotCam.20260813_083544361.jpg","BrowCam","/BrowCam.20260813_083544361.jpg","UserSelect","/UserSelect.20260813_083544361.jpg","","","-999.99","8.85","-999.99","-999.99","6a7d81e03a81d30014ed80b1"
"2026-08-13T08:35:49.849Z","45.9166918","-130.0250080","ROV Actions"," ","guest","","Transponder on","","","","","","","","","","","-0.62","2.79","-4.7","-6.9","259.42","127.93","0.58","SciCam","/SciCam.20260813_083549849.jpg","PilotCam","/PilotCam.20260813_083549849.jpg","BrowCam","/BrowCam.20260813_083549849.jpg","UserSelect","/UserSelect.20260813_083549849.jpg","","","-999.99","8.79","-999.99","-999.99","6a7d81e53a81d30014ed80b5"
"2026-08-13T08:36:14.382Z","45.9166918","-130.0250080","ASNAP","","admin","","","","","","","","","","","","","-0.62","2.79","-4.2","-5.5","258.99","127.17","0.58","SciCam","/SciCam.20260813_083614382.jpg","PilotCam","/PilotCam.20260813_083614382.jpg","BrowCam","/BrowCam.20260813_083614382.jpg","UserSelect","/UserSelect.20260813_083614382.jpg","","","-999.99","8.70","-999.99","-999.99","6a7d81fe3a81d30014ed80b9"
"2026-08-13T08:36:44.401Z","45.9166918","-130.0250080","ASNAP","","admin","","","","","","","","","","","","","-0.62","2.79","-4.0","-7.2","220.95","127.36","0.58","SciCam","/SciCam.20260813_083644401.jpg","PilotCam","/PilotCam.20260813_083644401.jpg","BrowCam","/BrowCam.20260813_083644401.jpg","UserSelect","/UserSelect.20260813_083644401.jpg","","","-999.99","8.69","-999.99","-999.99","6a7d821c3a81d30014ed80bd"
"2026-08-13T08:37:14.446Z","45.9166918","-130.0250080","ASNAP","","admin","","","","","","","","","","","","","-0.62","2.79","-4.1","-7.1","221.72","127.38","0.58","SciCam","/SciCam.20260813_083714446.jpg","PilotCam","/PilotCam.20260813_083714446.jpg","BrowCam","/BrowCam.20260813_083714446.jpg","UserSelect","/UserSelect.20260813_083714446.jpg","","","-999.99","8.66","-999.99","-999.99","6a7d823a3a81d30014ed80c1"
"2026-08-13T08:37:44.491Z","45.9166918","-130.0250080","ASNAP","","admin","","","","","","","","","","","","","-0.62","2.79","-4.2","-6.6","221.39","138.89","0.58","SciCam","/SciCam.20260813_083744491.jpg","PilotCam","/PilotCam.20260813_083744491.jpg","BrowCam","/BrowCam.20260813_083744491.jpg","UserSelect","/UserSelect.20260813_083744491.jpg","","","-999.99","8.55","-999.99","-999.99","6a7d82583a81d30014ed80c5"
"2026-08-13T08:37:54.476Z","45.9166918","-130.0250080","FREE_FORM","confirmed weighted clip in jason basket","guest","","","","","","","","","","","","","-0.62","2.79","-3.9","-6.7","220.94","141.99","0.58","SciCam","/SciCam.20260813_083754476.jpg","PilotCam","/PilotCam.20260813_083754476.jpg","BrowCam","/BrowCam.20260813_083754476.jpg","UserSelect","/UserSelect.20260813_083754476.jpg","","","-999.99","8.59","-999.99","-999.99","6a7d82623a81d30014ed80c9"
"2026-08-13T08:38:14.537Z","45.9166918","-130.0250080","ASNAP","","admin","","","","","","","","","","","","","-0.62","2.79","-3.9","-7.3","221.86","146.78","0.58","SciCam","/SciCam.20260813_083814537.jpg","PilotCam","/PilotCam.20260813_083814537.jpg","BrowCam","/BrowCam.20260813_083814537.jpg","UserSelect","/UserSelect.20260813_083814537.jpg","","","-999.99","8.47","-999.99","-999.99","6a7d82763a81d30014ed80cd"
"2026-08-13T08:38:44.583Z","45.9166918","-130.0250080","ASNAP","","admin","","","","","","","","","","","","","-0.62","2.79","-3.7","-7.4","221.21","146.54","0.58","SciCam","/SciCam.20260813_083844583.jpg","PilotCam","/PilotCam.20260813_083844583.jpg","BrowCam","/BrowCam.20260813_083844583.jpg","UserSelect","/UserSelect.20260813_083844583.jpg","","","-999.99","8.33","-999.99","-999.99","6a7d82943a81d30014ed80d1"
"2026-08-13T08:38:59.607Z","45.9166918","-130.0250080","FREE_FORM","control van now in control of winch","guest","","","","","","","","","","","","","-0.62","2.79","-3.7","-7.3","221.30","146.47","0.58","SciCam","/SciCam.20260813_083859607.jpg","PilotCam","/PilotCam.20260813_083859607.jpg","BrowCam","/BrowCam.20260813_083859607.jpg","UserSelect","/UserSelect.20260813_083859607.jpg","","","-999.99","8.31","-999.99","-999.99","6a7d82a33a81d30014ed80d5"
"2026-08-13T08:39:14.630Z","45.9166918","-130.0250080","ASNAP","","admin","","","","","","","","","","","","","-0.62","2.79","-3.9","-4.8","219.68","149.93","0.58","SciCam","/SciCam.20260813_083914630.jpg","PilotCam","/PilotCam.20260813_083914630.jpg","BrowCam","/BrowCam.20260813_083914630.jpg","UserSelect","/UserSelect.20260813_083914630.jpg","","","-999.99","8.31","-999.99","-999.99","6a7d82b23a81d30014ed80d9"
"2026-08-13T08:39:44.650Z","45.9166918","-130.0250080","ASNAP","","admin","","","","","","","","","","","","","-0.62","2.79","-1.7","-7.5","220.52","153.82","0.58","SciCam","/SciCam.20260813_083944650.jpg","PilotCam","/PilotCam.20260813_083944650.jpg","BrowCam","/BrowCam.20260813_083944650.jpg","UserSelect","/UserSelect.20260813_083944650.jpg","","","-999.99","8.22","-999.99","-999.99","6a7d82d03a81d30014ed80dd"
"2026-08-13T08:40:14.694Z","45.9166918","-130.0250080","ASNAP","","admin","","","","","","","","","","","","","-0.62","2.79","-3.7","-5.8","243.23","166.53","0.58","SciCam","/SciCam.20260813_084014694.jpg","PilotCam","/PilotCam.20260813_084014694.jpg","BrowCam","/BrowCam.20260813_084014694.jpg","UserSelect","/UserSelect.20260813_084014694.jpg","","","-999.99","7.88","-999.99","-999.99","6a7d82ee3a81d30014ed80e1"
"2026-08-13T08:40:44.738Z","45.9166918","-130.0250080","ASNAP","","admin","","","","","","","","","","","","","-0.62","2.79","-3.2","-5.0","253.38","179.14","0.58","SciCam","/SciCam.20260813_084044738.jpg","PilotCam","/PilotCam.20260813_084044738.jpg","BrowCam","/BrowCam.20260813_084044738.jpg","UserSelect","/UserSelect.20260813_084044738.jpg","","","-999.99","7.49","-999.99","-999.99","6a7d830c3a81d30014ed80e5"
"2026-08-13T08:40:55.726Z","45.9166918","-130.0250080","Biology Type","","guest","","","Squid","","","","","","","","","","-0.62","2.79","-3.7","-5.9","253.00","184.68","0.58","SciCam","/SciCam.20260813_084055726.jpg","PilotCam","/PilotCam.20260813_084055726.jpg","BrowCam","/BrowCam.20260813_084055726.jpg","UserSelect","/UserSelect.20260813_084055726.jpg","","","-999.99","7.35","-999.99","-999.99","6a7d83173a81d30014ed80e9"
"2026-08-13T08:41:14.782Z","45.9166918","-130.0250080","ASNAP","","admin","","","","","","","","","","","","","-0.62","2.79","-3.5","-4.1","253.07","194.15","0.58","SciCam","/SciCam.20260813_084114782.jpg","PilotCam","/PilotCam.20260813_084114782.jpg","BrowCam","/BrowCam.20260813_084114782.jpg","UserSelect","/UserSelect.20260813_084114782.jpg","","","-999.99","7.17","-999.99","-999.99","6a7d832a3a81d30014ed80ed"
"2026-08-13T08:41:44.828Z","45.9166918","-130.0250080","ASNAP","","admin","","","","","","","","","","","","","-0.62","2.79","-3.6","-5.0","253.23","209.59","0.58","SciCam","/SciCam.20260813_084144828.jpg","PilotCam","/PilotCam.20260813_084144828.jpg","BrowCam","/BrowCam.20260813_084144828.jpg","UserSelect","/UserSelect.20260813_084144828.jpg","","","-999.99","6.91","-999.99","-999.99","6a7d83483a81d30014ed80f1"
"2026-08-13T08:42:14.866Z","45.9166918","-130.0250080","ASNAP","","admin","","","","","","","","","","","","","-0.62","2.79","-3.8","-6.8","253.40","223.64","0.58","SciCam","/SciCam.20260813_084214866.jpg","PilotCam","/PilotCam.20260813_084214866.jpg","BrowCam","/BrowCam.20260813_084214866.jpg","UserSelect","/UserSelect.20260813_084214866.jpg","","","-999.99","6.70","-999.99","-999.99","6a7d83663a81d30014ed80f5"
"2026-08-13T08:42:44.888Z","45.9166918","-130.0250080","ASNAP","","admin","","","","","","","","","","","","","-0.62","2.79","-3.9","-4.9","253.11","238.52","0.58","SciCam","/SciCam.20260813_084244888.jpg","PilotCam","/PilotCam.20260813_084244888.jpg","BrowCam","/BrowCam.20260813_084244888.jpg","UserSelect","/UserSelect.20260813_084244888.jpg","","","-999.99","6.57","-999.99","-999.99","6a7d83843a81d30014ed80f9"
"2026-08-13T08:43:14.934Z","45.9166918","-130.0250080","ASNAP","","admin","","","","","","","","","","","","","-0.62","2.79","-3.8","-6.1","315.98","252.47","0.58","SciCam","/SciCam.20260813_084314934.jpg","PilotCam","/PilotCam.20260813_084314934.jpg","BrowCam","/BrowCam.20260813_084314934.jpg","UserSelect","/UserSelect.20260813_084314934.jpg","","","-999.99","6.41","-999.99","-999.99","6a7d83a23a81d30014ed80fd"
"2026-08-13T08:43:44.977Z","45.9166918","-130.0250080","ASNAP","","admin","","","","","","","","","","","","","-0.62","2.79","-4.6","-6.6","314.35","267.07","0.58","SciCam","/SciCam.20260813_084344977.jpg","PilotCam","/PilotCam.20260813_084344977.jpg","BrowCam","/BrowCam.20260813_084344977.jpg","UserSelect","/UserSelect.20260813_084344977.jpg","","","-999.99","6.25","-999.99","-999.99","6a7d83c03a81d30014ed8101"
"2026-08-13T08:43:51.758Z","45.9166918","-130.0250080","NAV","testing ship move north 5 meters","guest","","","","Ship moving","","","","","","","","","-0.62","2.79","-4.7","-7.5","313.95","269.96","0.58","SciCam","/SciCam.20260813_084351758.jpg","PilotCam","/PilotCam.20260813_084351758.jpg","BrowCam","/BrowCam.20260813_084351758.jpg","UserSelect","/UserSelect.20260813_084351758.jpg","","","-999.99","6.25","-999.99","-999.99","6a7d83c73a81d30014ed8105"
"2026-08-13T08:44:15.020Z","45.9166918","-130.0250080","ASNAP","","admin","","","","","","","","","","","","","-0.62","2.79","-3.2","-4.5","332.60","281.76","0.58","SciCam","/SciCam.20260813_084415020.jpg","PilotCam","/PilotCam.20260813_084415020.jpg","BrowCam","/BrowCam.20260813_084415020.jpg","UserSelect","/UserSelect.20260813_084415020.jpg","","","-999.99","6.05","-999.99","-999.99","6a7d83df3a81d30014ed8109"
"2026-08-13T08:44:28.495Z","45.9166918","-130.0250080","Biology Type","","guest","","","Fish","","","","","","","","","","-0.62","2.79","-0.7","-2.8","333.81","287.64","0.58","SciCam","/SciCam.20260813_084428495.jpg","PilotCam","/PilotCam.20260813_084428495.jpg","BrowCam","/BrowCam.20260813_084428495.jpg","UserSelect","/UserSelect.20260813_084428495.jpg","","","-999.99","5.99","-999.99","-999.99","6a7d83ec3a81d30014ed810d"
"2026-08-13T08:44:44.077Z","45.9166918","-130.0250080","Biology Type","","guest","","","Squid","","","","","","","","","","-0.62","2.79","-2.9","-4.3","333.42","294.58","0.58","SciCam","/SciCam.20260813_084444077.jpg","PilotCam","/PilotCam.20260813_084444077.jpg","BrowCam","/BrowCam.20260813_084444077.jpg","UserSelect","/UserSelect.20260813_084444077.jpg","","","-999.99","5.91","-999.99","-999.99","6a7d83fc3a81d30014ed8111"
"2026-08-13T08:44:45.062Z","45.9166918","-130.0250080","ASNAP","","admin","","","","","","","","","","","","","-0.62","2.79","-3.8","-4.9","333.38","295.04","0.58","SciCam","/SciCam.20260813_084445062.jpg","PilotCam","/PilotCam.20260813_084445062.jpg","BrowCam","/BrowCam.20260813_084445062.jpg","UserSelect","/UserSelect.20260813_084445062.jpg","","","-999.99","5.89","-999.99","-999.99","6a7d83fd3a81d30014ed8115"
"2026-08-13T08:45:02.242Z","45.9166918","-130.0250080","Biology Type","","guest","","","Fish","","","","","","","","","","-0.62","2.79","-2.3","-3.2","333.24","302.58","0.58","SciCam","/SciCam.20260813_084502242.jpg","PilotCam","/PilotCam.20260813_084502242.jpg","BrowCam","/BrowCam.20260813_084502242.jpg","UserSelect","/UserSelect.20260813_084502242.jpg","","","-999.99","5.76","-999.99","-999.99","6a7d840e3a81d30014ed8119"
"2026-08-13T08:45:15.106Z","45.9166918","-130.0250080","ASNAP","","admin","","","","","","","","","","","","","-0.62","2.79","-3.4","-5.7","332.89","309.03","0.58","SciCam","/SciCam.20260813_084515106.jpg","PilotCam","/PilotCam.20260813_084515106.jpg","BrowCam","/BrowCam.20260813_084515106.jpg","UserSelect","/UserSelect.20260813_084515106.jpg","","","-999.99","5.79","-999.99","-999.99","6a7d841b3a81d30014ed811d"
"2026-08-13T08:45:45.151Z","45.9166918","-130.0250080","ASNAP","","admin","","","","","","","","","","","","","-0.62","2.79","-2.5","-4.4","333.15","323.38","0.58","SciCam","/SciCam.20260813_084545151.jpg","PilotCam","/PilotCam.20260813_084545151.jpg","BrowCam","/BrowCam.20260813_084545151.jpg","UserSelect","/UserSelect.20260813_084545151.jpg","","","-999.99","5.65","-999.99","-999.99","6a7d84393a81d30014ed8121"
"2026-08-13T08:45:54.416Z","45.9166918","-130.0250080","Biology Type","","guest","","","Fish","","","","","","","","","","-0.62","2.79","-4.4","-4.4","333.37","327.97","0.58","SciCam","/SciCam.20260813_084554416.jpg","PilotCam","/PilotCam.20260813_084554416.jpg","BrowCam","/BrowCam.20260813_084554416.jpg","UserSelect","/UserSelect.20260813_084554416.jpg","","","-999.99","5.66","-999.99","-999.99","6a7d84423a81d30014ed8125"
"2026-08-13T08:46:15.183Z","45.9166918","-130.0250080","ASNAP","","admin","","","","","","","","","","","","","-0.62","2.79","-2.1","-4.3","333.77","337.09","0.58","SciCam","/SciCam.20260813_084615183.jpg","PilotCam","/PilotCam.20260813_084615183.jpg","BrowCam","/BrowCam.20260813_084615183.jpg","UserSelect","/UserSelect.20260813_084615183.jpg","","","-999.99","5.60","-999.99","-999.99","6a7d84573a81d30014ed8129"
"2026-08-13T08:46:19.810Z","45.9166918","-130.0250080","Biology Type","","guest","","","Fish","","","","","","","","","","-0.62","2.79","-2.6","-3.7","333.30","339.65","0.58","SciCam","/SciCam.20260813_084619810.jpg","PilotCam","/PilotCam.20260813_084619810.jpg","BrowCam","/BrowCam.20260813_084619810.jpg","UserSelect","/UserSelect.20260813_084619810.jpg","","","-999.99","5.56","-999.99","-999.99","6a7d845b3a81d30014ed812d"
"2026-08-13T08:46:45.228Z","45.9166918","-130.0250080","ASNAP","","admin","","","","","","","","","","","","","-0.62","2.79","-5.3","-9.4","333.50","350.33","0.58","SciCam","/SciCam.20260813_084645228.jpg","PilotCam","/PilotCam.20260813_084645228.jpg","BrowCam","/BrowCam.20260813_084645228.jpg","UserSelect","/UserSelect.20260813_084645228.jpg","","","-999.99","5.48","-999.99","-999.99","6a7d84753a81d30014ed8131"
"2026-08-13T08:47:15.273Z","45.9166918","-130.0250080","ASNAP","","admin","","","","","","","","","","","","","-0.62","2.79","-3.7","-4.1","333.55","365.50","0.58","SciCam","/SciCam.20260813_084715273.jpg","PilotCam","/PilotCam.20260813_084715273.jpg","BrowCam","/BrowCam.20260813_084715273.jpg","UserSelect","/UserSelect.20260813_084715273.jpg","","","-999.99","5.44","-999.99","-999.99","6a7d84933a81d30014ed8135"
"2026-08-13T08:47:45.317Z","45.9166918","-130.0250080","ASNAP","","admin","","","","","","","","","","","","","-0.62","2.79","-2.6","-4.9","333.22","380.06","0.58","SciCam","/SciCam.20260813_084745317.jpg","PilotCam","/PilotCam.20260813_084745317.jpg","BrowCam","/BrowCam.20260813_084745317.jpg","UserSelect","/UserSelect.20260813_084745317.jpg","","","-999.99","5.37","-999.99","-999.99","6a7d84b13a81d30014ed8139"
"2026-08-13T08:48:15.361Z","45.9166918","-130.0250080","ASNAP","","admin","","","","","","","","","","","","","-0.62","2.79","-3.7","-6.1","333.16","395.45","0.58","SciCam","/SciCam.20260813_084815361.jpg","PilotCam","/PilotCam.20260813_084815361.jpg","BrowCam","/BrowCam.20260813_084815361.jpg","UserSelect","/UserSelect.20260813_084815361.jpg","","","-999.99","5.28","-999.99","-999.99","6a7d84cf3a81d30014ed813d"
"2026-08-13T08:48:18.346Z","45.9166918","-130.0250080","Biology Type","","guest","","","Squid","","","","","","","","","","-0.62","2.79","-2.7","-3.1","333.44","396.79","0.58","SciCam","/SciCam.20260813_084818346.jpg","PilotCam","/PilotCam.20260813_084818346.jpg","BrowCam","/BrowCam.20260813_084818346.jpg","UserSelect","/UserSelect.20260813_084818346.jpg","","","-999.99","5.29","-999.99","-999.99","6a7d84d23a81d30014ed8141"
"2026-08-13T08:48:45.407Z","45.9166918","-130.0250080","ASNAP","","admin","","","","","","","","","","","","","-0.62","2.79","-2.2","-2.9","333.46","410.39","0.58","SciCam","/SciCam.20260813_084845407.jpg","PilotCam","/PilotCam.20260813_084845407.jpg","BrowCam","/BrowCam.20260813_084845407.jpg","UserSelect","/UserSelect.20260813_084845407.jpg","","","-999.99","5.21","-999.99","-999.99","6a7d84ed3a81d30014ed8145"
"2026-08-13T08:49:15.446Z","45.9166918","-130.0250080","ASNAP","","admin","","","","","","","","","","","","","-0.62","2.79","-3.2","-4.6","333.84","425.65","0.58","SciCam","/SciCam.20260813_084915446.jpg","PilotCam","/PilotCam.20260813_084915446.jpg","BrowCam","/BrowCam.20260813_084915446.jpg","UserSelect","/UserSelect.20260813_084915446.jpg","","","-999.99","5.13","-999.99","-999.99","6a7d850b3a81d30014ed814d"
"2026-08-13T08:49:45.489Z","45.9166918","-130.0250080","ASNAP","","admin","","","","","","","","","","","","","-0.62","2.79","-2.1","-3.4","334.02","440.36","0.58","SciCam","/SciCam.20260813_084945489.jpg","PilotCam","/PilotCam.20260813_084945489.jpg","BrowCam","/BrowCam.20260813_084945489.jpg","UserSelect","/UserSelect.20260813_084945489.jpg","","","-999.99","5.05","-999.99","-999.99","6a7d85293a81d30014ed8151"
"2026-08-13T08:50:15.533Z","45.9166918","-130.0250080","ASNAP","","admin","","","","","","","","","","","","","-0.62","2.79","-3.7","-6.0","334.41","455.33","0.58","SciCam","/SciCam.20260813_085015533.jpg","PilotCam","/PilotCam.20260813_085015533.jpg","BrowCam","/BrowCam.20260813_085015533.jpg","UserSelect","/UserSelect.20260813_085015533.jpg","","","-999.99","5.00","-999.99","-999.99","6a7d85473a81d30014ed8155"
"2026-08-13T08:50:45.578Z","45.9166918","-130.0250080","ASNAP","","admin","","","","","","","","","","","","","-0.62","2.79","-2.7","-5.3","333.98","470.90","0.58","SciCam","/SciCam.20260813_085045578.jpg","PilotCam","/PilotCam.20260813_085045578.jpg","BrowCam","/BrowCam.20260813_085045578.jpg","UserSelect","/UserSelect.20260813_085045578.jpg","","","-999.99","4.93","-999.99","-999.99","6a7d85653a81d30014ed8159"
"2026-08-13T08:51:15.621Z","45.9166918","-130.0250080","ASNAP","","admin","","","","","","","","","","","","","-0.62","2.79","-2.8","-5.0","333.66","486.28","0.58","SciCam","/SciCam.20260813_085115621.jpg","PilotCam","/PilotCam.20260813_085115621.jpg","BrowCam","/BrowCam.20260813_085115621.jpg","UserSelect","/UserSelect.20260813_085115621.jpg","","","-999.99","4.88","-999.99","-999.99","6a7d85833a81d30014ed815d"
"2026-08-13T08:51:45.657Z","45.9166918","-130.0250080","ASNAP","","admin","","","","","","","","","","","","","-0.62","2.79","-3.6","-6.1","334.23","500.55","0.58","SciCam","/SciCam.20260813_085145657.jpg","PilotCam","/PilotCam.20260813_085145657.jpg","BrowCam","/BrowCam.20260813_085145657.jpg","UserSelect","/UserSelect.20260813_085145657.jpg","","","-999.99","4.88","-999.99","-999.99","6a7d85a13a81d30014ed8161"
"2026-08-13T08:52:15.703Z","45.9166918","-130.0250080","ASNAP","","admin","","","","","","","","","","","","","-0.62","2.79","-3.3","-6.5","6.95","515.40","0.58","SciCam","/SciCam.20260813_085215703.jpg","PilotCam","/PilotCam.20260813_085215703.jpg","BrowCam","/BrowCam.20260813_085215703.jpg","UserSelect","/UserSelect.20260813_085215703.jpg","","","-999.99","4.82","-999.99","-999.99","6a7d85bf3a81d30014ed8165"
"2026-08-13T08:52:45.745Z","45.9166918","-130.0250080","ASNAP","","admin","","","","","","","","","","","","","-0.62","2.79","-3.4","-6.2","302.33","530.08","0.58","SciCam","/SciCam.20260813_085245745.jpg","PilotCam","/PilotCam.20260813_085245745.jpg","BrowCam","/BrowCam.20260813_085245745.jpg","UserSelect","/UserSelect.20260813_085245745.jpg","","","-999.99","4.77","-999.99","-999.99","6a7d85dd3a81d30014ed8169"
"2026-08-13T08:53:15.790Z","45.9166918","-130.0250080","ASNAP","","admin","","","","","","","","","","","","","-0.62","2.79","-3.3","-5.7","189.68","545.31","0.58","SciCam","/SciCam.20260813_085315790.jpg","PilotCam","/PilotCam.20260813_085315790.jpg","BrowCam","/BrowCam.20260813_085315790.jpg","UserSelect","/UserSelect.20260813_085315790.jpg","","","-999.99","4.69","-999.99","-999.99","6a7d85fb3a81d30014ed816d"
"2026-08-13T08:53:45.811Z","45.9166918","-130.0250080","ASNAP","","admin","","","","","","","","","","","","","-0.62","2.79","-2.7","-6.0","67.51","560.46","0.58","SciCam","/SciCam.20260813_085345811.jpg","PilotCam","/PilotCam.20260813_085345811.jpg","BrowCam","/BrowCam.20260813_085345811.jpg","UserSelect","/UserSelect.20260813_085345811.jpg","","","-999.99","4.59","-999.99","-999.99","6a7d86193a81d30014ed8171"
"2026-08-13T08:54:15.852Z","45.9166918","-130.0250080","ASNAP","","admin","","","","","","","","","","","","","-0.62","2.79","-2.8","-5.9","304.24","575.41","0.58","SciCam","/SciCam.20260813_085415852.jpg","PilotCam","/PilotCam.20260813_085415852.jpg","BrowCam","/BrowCam.20260813_085415852.jpg","UserSelect","/UserSelect.20260813_085415852.jpg","","","-999.99","4.58","-999.99","-999.99","6a7d86373a81d30014ed8175"
"2026-08-13T08:54:18.248Z","45.9166918","-130.0250080","Biology Type","shrimp\n","guest","","","","","","","","","","","","","-0.62","2.79","-2.9","-5.6","319.89","576.44","0.58","SciCam","/SciCam.20260813_085418248.jpg","PilotCam","/PilotCam.20260813_085418248.jpg","BrowCam","/BrowCam.20260813_085418248.jpg","UserSelect","/UserSelect.20260813_085418248.jpg","","","-999.99","4.60","-999.99","-999.99","6a7d863a3a81d30014ed8179"
"2026-08-13T08:54:45.895Z","45.9166918","-130.0250080","ASNAP","","admin","","","","","","","","","","","","","-0.62","2.79","-2.5","-5.2","10.28","590.27","0.58","SciCam","/SciCam.20260813_085445895.jpg","PilotCam","/PilotCam.20260813_085445895.jpg","BrowCam","/BrowCam.20260813_085445895.jpg","UserSelect","/UserSelect.20260813_085445895.jpg","","","-999.99","4.53","-999.99","-999.99","6a7d86553a81d30014ed817d"
"2026-08-13T08:55:15.941Z","45.9166918","-130.0250080","ASNAP","","admin","","","","","","","","","","","","","-0.62","2.79","-3.2","-5.4","10.23","606.30","0.58","SciCam","/SciCam.20260813_085515941.jpg","PilotCam","/PilotCam.20260813_085515941.jpg","BrowCam","/BrowCam.20260813_085515941.jpg","UserSelect","/UserSelect.20260813_085515941.jpg","","","-999.99","4.50","-999.99","-999.99","6a7d86733a81d30014ed8181"
"2026-08-13T08:55:45.981Z","45.9166918","-130.0250080","ASNAP","","admin","","","","","","","","","","","","","-0.62","2.79","-4.4","-6.4","11.43","621.41","0.58","SciCam","/SciCam.20260813_085545981.jpg","PilotCam","/PilotCam.20260813_085545981.jpg","BrowCam","/BrowCam.20260813_085545981.jpg","UserSelect","/UserSelect.20260813_085545981.jpg","","","-999.99","4.45","-999.99","-999.99","6a7d86913a81d30014ed8185"
"2026-08-13T08:56:16.025Z","45.9166918","-130.0250080","ASNAP","","admin","","","","","","","","","","","","","-0.62","2.79","-3.5","-5.3","10.57","636.39","0.58","SciCam","/SciCam.20260813_085616025.jpg","PilotCam","/PilotCam.20260813_085616025.jpg","BrowCam","/BrowCam.20260813_085616025.jpg","UserSelect","/UserSelect.20260813_085616025.jpg","","","-999.99","4.40","-999.99","-999.99","6a7d86b03a81d30014ed8189"
"2026-08-13T08:56:22.575Z","45.9166918","-130.0250080","Biology Type","","guest","","","Fish","","","","","","","","","","-0.62","2.79","-3.8","-6.5","10.80","639.34","0.58","SciCam","/SciCam.20260813_085622575.jpg","PilotCam","/PilotCam.20260813_085622575.jpg","BrowCam","/BrowCam.20260813_085622575.jpg","UserSelect","/UserSelect.20260813_085622575.jpg","","","-999.99","4.42","-999.99","-999.99","6a7d86b63a81d30014ed818d"
"2026-08-13T08:56:46.070Z","45.9166918","-130.0250080","ASNAP","","admin","","","","","","","","","","","","","-0.62","2.79","-1.1","-3.9","10.77","650.85","0.58","SciCam","/SciCam.20260813_085646070.jpg","PilotCam","/PilotCam.20260813_085646070.jpg","BrowCam","/BrowCam.20260813_085646070.jpg","UserSelect","/UserSelect.20260813_085646070.jpg","","","-999.99","4.42","-999.99","-999.99","6a7d86ce3a81d30014ed8191"
"2026-08-13T08:57:16.085Z","45.9166918","-130.0250080","ASNAP","","admin","","","","","","","","","","","","","-0.62","2.79","-3.3","-5.8","10.90","666.00","0.58","SciCam","/SciCam.20260813_085716085.jpg","PilotCam","/PilotCam.20260813_085716085.jpg","BrowCam","/BrowCam.20260813_085716085.jpg","UserSelect","/UserSelect.20260813_085716085.jpg","","","-999.99","4.36","-999.99","-999.99","6a7d86ec3a81d30014ed8195"
"2026-08-13T08:57:46.130Z","45.9166918","-130.0250080","ASNAP","","admin","","","","","","","","","","","","","-0.62","2.79","-2.9","-5.5","11.04","680.36","0.58","SciCam","/SciCam.20260813_085746130.jpg","PilotCam","/PilotCam.20260813_085746130.jpg","BrowCam","/BrowCam.20260813_085746130.jpg","UserSelect","/UserSelect.20260813_085746130.jpg","","","-999.99","4.41","-999.99","-999.99","6a7d870a3a81d30014ed8199"
"2026-08-13T08:57:47.348Z","45.9166918","-130.0250080","Biology Type","","guest","","","Jelly","","","","","","","","","","-0.62","2.79","-4.3","-6.4","11.11","680.83","0.58","SciCam","/SciCam.20260813_085747348.jpg","PilotCam","/PilotCam.20260813_085747348.jpg","BrowCam","/BrowCam.20260813_085747348.jpg","UserSelect","/UserSelect.20260813_085747348.jpg","","","-999.99","4.39","-999.99","-999.99","6a7d870b3a81d30014ed819d"
"2026-08-13T08:58:16.164Z","45.9166918","-130.0250080","ASNAP","","admin","","","","","","","","","","","","","-0.62","2.79","-3.5","-5.8","10.67","695.73","0.58","SciCam","/SciCam.20260813_085816164.jpg","PilotCam","/PilotCam.20260813_085816164.jpg","BrowCam","/BrowCam.20260813_085816164.jpg","UserSelect","/UserSelect.20260813_085816164.jpg","","","-999.99","4.37","-999.99","-999.99","6a7d87283a81d30014ed81a1"
"2026-08-13T08:58:46.205Z","45.9166918","-130.0250080","ASNAP","","admin","","","","","","","","","","","","","-0.62","2.79","-3.1","-5.3","10.92","710.39","0.58","SciCam","/SciCam.20260813_085846205.jpg","PilotCam","/PilotCam.20260813_085846205.jpg","BrowCam","/BrowCam.20260813_085846205.jpg","UserSelect","/UserSelect.20260813_085846205.jpg","","","-999.99","4.41","-999.99","-999.99","6a7d87463a81d30014ed81a5"
"2026-08-13T08:59:16.225Z","45.9166918","-130.0250080","ASNAP","","admin","","","","","","","","","","","","","-0.62","2.79","-3.0","-5.8","10.56","725.22","0.58","SciCam","/SciCam.20260813_085916225.jpg","PilotCam","/PilotCam.20260813_085916225.jpg","BrowCam","/BrowCam.20260813_085916225.jpg","UserSelect","/UserSelect.20260813_085916225.jpg","","","-999.99","4.31","-999.99","-999.99","6a7d87643a81d30014ed81a9"
"2026-08-13T08:59:46.270Z","45.9166918","-130.0250080","ASNAP","","admin","","","","","","","","","","","","","-0.62","2.79","-3.9","-7.2","11.52","739.87","0.58","SciCam","/SciCam.20260813_085946270.jpg","PilotCam","/PilotCam.20260813_085946270.jpg","BrowCam","/BrowCam.20260813_085946270.jpg","UserSelect","/UserSelect.20260813_085946270.jpg","","","-999.99","4.31","-999.99","-999.99","6a7d87823a81d30014ed81ad"
"2026-08-13T09:00:16.295Z","45.9166918","-130.0250080","ASNAP","","admin","","","","","","","","","","","","","-0.62","2.79","-3.4","-5.5","10.75","755.26","0.58","SciCam","/SciCam.20260813_090016295.jpg","PilotCam","/PilotCam.20260813_090016295.jpg","BrowCam","/BrowCam.20260813_090016295.jpg","UserSelect","/UserSelect.20260813_090016295.jpg","","","-999.99","4.25","-999.99","-999.99","6a7d87a03a81d30014ed81b1"
"2026-08-13T09:00:46.333Z","45.9166918","-130.0250080","ASNAP","","admin","","","","","","","","","","","","","-0.62","2.79","-3.5","-5.3","10.48","768.90","0.58","SciCam","/SciCam.20260813_090046333.jpg","PilotCam","/PilotCam.20260813_090046333.jpg","BrowCam","/BrowCam.20260813_090046333.jpg","UserSelect","/UserSelect.20260813_090046333.jpg","","","-999.99","4.26","-999.99","-999.99","6a7d87be3a81d30014ed81b5"
"2026-08-13T09:01:16.377Z","45.9166918","-130.0250080","ASNAP","","admin","","","","","","","","","","","","","-0.62","2.79","-3.2","-5.0","10.70","784.36","0.58","SciCam","/SciCam.20260813_090116377.jpg","PilotCam","/PilotCam.20260813_090116377.jpg","BrowCam","/BrowCam.20260813_090116377.jpg","UserSelect","/UserSelect.20260813_090116377.jpg","","","-999.99","4.20","-999.99","-999.99","6a7d87dc3a81d30014ed81b9"
"2026-08-13T09:01:46.422Z","45.9166918","-130.0250080","ASNAP","","admin","","","","","","","","","","","","","-0.62","2.79","-1.7","-3.7","10.73","799.25","0.58","SciCam","/SciCam.20260813_090146422.jpg","PilotCam","/PilotCam.20260813_090146422.jpg","BrowCam","/BrowCam.20260813_090146422.jpg","UserSelect","/UserSelect.20260813_090146422.jpg","","","-999.99","4.14","-999.99","-999.99","6a7d87fa3a81d30014ed81bd"
"2026-08-13T09:02:16.465Z","45.9166918","-130.0250080","ASNAP","","admin","","","","","","","","","","","","","-0.62","2.79","-3.5","-5.5","10.86","814.36","0.58","SciCam","/SciCam.20260813_090216465.jpg","PilotCam","/PilotCam.20260813_090216465.jpg","BrowCam","/BrowCam.20260813_090216465.jpg","UserSelect","/UserSelect.20260813_090216465.jpg","","","-999.99","4.13","-999.99","-999.99","6a7d88183a81d30014ed81c1"
"2026-08-13T09:02:46.509Z","45.9166918","-130.0250080","ASNAP","","admin","","","","","","","","","","","","","-0.62","2.79","-3.0","-4.7","10.78","829.05","0.58","SciCam","/SciCam.20260813_090246509.jpg","PilotCam","/PilotCam.20260813_090246509.jpg","BrowCam","/BrowCam.20260813_090246509.jpg","UserSelect","/UserSelect.20260813_090246509.jpg","","","-999.99","4.10","-999.99","-999.99","6a7d88363a81d30014ed81c5"
"2026-08-13T09:03:16.553Z","45.9166918","-130.0250080","ASNAP","","admin","","","","","","","","","","","","","-0.62","2.79","-3.6","-5.5","10.67","842.86","0.58","SciCam","/SciCam.20260813_090316553.jpg","PilotCam","/PilotCam.20260813_090316553.jpg","BrowCam","/BrowCam.20260813_090316553.jpg","UserSelect","/UserSelect.20260813_090316553.jpg","","","-999.99","4.09","-999.99","-999.99","6a7d88543a81d30014ed81c9"
"2026-08-13T09:03:46.597Z","45.9166918","-130.0250080","ASNAP","","admin","","","","","","","","","","","","","-0.62","2.79","-3.8","-6.0","11.07","858.36","0.58","SciCam","/SciCam.20260813_090346597.jpg","PilotCam","/PilotCam.20260813_090346597.jpg","BrowCam","/BrowCam.20260813_090346597.jpg","UserSelect","/UserSelect.20260813_090346597.jpg","","","-999.99","4.09","-999.99","-999.99","6a7d88723a81d30014ed81cd"
"2026-08-13T09:04:16.643Z","45.9166918","-130.0250080","ASNAP","","admin","","","","","","","","","","","","","-0.62","2.79","-3.1","-5.4","10.89","872.96","0.58","SciCam","/SciCam.20260813_090416643.jpg","PilotCam","/PilotCam.20260813_090416643.jpg","BrowCam","/BrowCam.20260813_090416643.jpg","UserSelect","/UserSelect.20260813_090416643.jpg","","","-999.99","4.08","-999.99","-999.99","6a7d88903a81d30014ed81d1"
"2026-08-13T09:04:46.687Z","45.9166918","-130.0250080","ASNAP","","admin","","","","","","","","","","","","","-0.62","2.79","-4.2","-6.9","11.09","887.35","0.58","SciCam","/SciCam.20260813_090446687.jpg","PilotCam","/PilotCam.20260813_090446687.jpg","BrowCam","/BrowCam.20260813_090446687.jpg","UserSelect","/UserSelect.20260813_090446687.jpg","","","-999.99","4.00","-999.99","-999.99","6a7d88ae3a81d30014ed81d5"
"2026-08-13T09:05:16.733Z","45.9166918","-130.0250080","ASNAP","","admin","","","","","","","","","","","","","-0.62","2.79","-3.5","-5.1","11.00","902.12","0.58","SciCam","/SciCam.20260813_090516733.jpg","PilotCam","/PilotCam.20260813_090516733.jpg","BrowCam","/BrowCam.20260813_090516733.jpg","UserSelect","/UserSelect.20260813_090516733.jpg","","","-999.99","3.98","-999.99","-999.99","6a7d88cc3a81d30014ed81d9"
"2026-08-13T09:05:46.777Z","45.9166918","-130.0250080","ASNAP","","admin","","","","","","","","","","","","","-0.62","2.79","-3.4","-4.6","10.67","917.57","0.58","SciCam","/SciCam.20260813_090546777.jpg","PilotCam","/PilotCam.20260813_090546777.jpg","BrowCam","/BrowCam.20260813_090546777.jpg","UserSelect","/UserSelect.20260813_090546777.jpg","","","-999.99","3.97","-999.99","-999.99","6a7d88ea3a81d30014ed81dd"
"2026-08-13T09:06:16.822Z","45.9166918","-130.0250080","ASNAP","","admin","","","","","","","","","","","","","-0.62","2.79","-3.8","-5.8","10.55","932.57","0.58","SciCam","/SciCam.20260813_090616822.jpg","PilotCam","/PilotCam.20260813_090616822.jpg","BrowCam","/BrowCam.20260813_090616822.jpg","UserSelect","/UserSelect.20260813_090616822.jpg","","","-999.99","3.95","-999.99","-999.99","6a7d89083a81d30014ed81e1"
"2026-08-13T09:06:46.839Z","45.9166918","-130.0250080","ASNAP","","admin","","","","","","","","","","","","","-0.62","2.79","-3.2","-4.8","10.80","947.08","0.58","SciCam","/SciCam.20260813_090646839.jpg","PilotCam","/PilotCam.20260813_090646839.jpg","BrowCam","/BrowCam.20260813_090646839.jpg","UserSelect","/UserSelect.20260813_090646839.jpg","","","-999.99","3.93","-999.99","-999.99","6a7d89263a81d30014ed81e5"
"2026-08-13T09:07:16.885Z","45.9166918","-130.0250080","ASNAP","","admin","","","","","","","","","","","","","-0.62","2.79","-3.5","-6.4","10.74","961.38","0.58","SciCam","/SciCam.20260813_090716885.jpg","PilotCam","/PilotCam.20260813_090716885.jpg","BrowCam","/BrowCam.20260813_090716885.jpg","UserSelect","/UserSelect.20260813_090716885.jpg","","","-999.99","3.83","-999.99","-999.99","6a7d89443a81d30014ed81e9"
"2026-08-13T09:07:46.929Z","45.9166918","-130.0250080","ASNAP","","admin","","","","","","","","","","","","","-0.62","2.79","-3.5","-7.4","11.07","974.93","0.58","SciCam","/SciCam.20260813_090746929.jpg","PilotCam","/PilotCam.20260813_090746929.jpg","BrowCam","/BrowCam.20260813_090746929.jpg","UserSelect","/UserSelect.20260813_090746929.jpg","","","-999.99","3.76","-999.99","-999.99","6a7d89623a81d30014ed81ed"
"2026-08-13T09:08:16.973Z","45.9166918","-130.0250080","ASNAP","","admin","","","","","","","","","","","","","-0.62","2.79","-3.5","-5.5","323.38","990.51","0.58","SciCam","/SciCam.20260813_090816973.jpg","PilotCam","/PilotCam.20260813_090816973.jpg","BrowCam","/BrowCam.20260813_090816973.jpg","UserSelect","/UserSelect.20260813_090816973.jpg","","","-999.99","3.76","-999.99","-999.99","6a7d89803a81d30014ed81f1"
"2026-08-13T09:08:47.015Z","45.9166918","-130.0250080","ASNAP","","admin","","","","","","","","","","","","","-0.62","2.79","-2.8","-5.4","28.67","1005.31","0.58","SciCam","/SciCam.20260813_090847015.jpg","PilotCam","/PilotCam.20260813_090847015.jpg","BrowCam","/BrowCam.20260813_090847015.jpg","UserSelect","/UserSelect.20260813_090847015.jpg","","","-999.99","3.74","-999.99","-999.99","6a7d899f3a81d30014ed81f5"
"2026-08-13T09:09:17.057Z","45.9166918","-130.0250080","ASNAP","","admin","","","","","","","","","","","","","-0.62","2.79","-2.9","-4.7","174.18","1019.14","0.58","SciCam","/SciCam.20260813_090917057.jpg","PilotCam","/PilotCam.20260813_090917057.jpg","BrowCam","/BrowCam.20260813_090917057.jpg","UserSelect","/UserSelect.20260813_090917057.jpg","","","-999.99","3.67","-999.99","-999.99","6a7d89bd3a81d30014ed81f9"
"2026-08-13T09:09:47.101Z","45.9166918","-130.0250080","ASNAP","","admin","","","","","","","","","","","","","-0.62","2.79","-3.6","-5.0","314.35","1034.88","0.58","SciCam","/SciCam.20260813_090947101.jpg","PilotCam","/PilotCam.20260813_090947101.jpg","BrowCam","/BrowCam.20260813_090947101.jpg","UserSelect","/UserSelect.20260813_090947101.jpg","","","-999.99","3.77","-999.99","-999.99","6a7d89db3a81d30014ed81fd"
"2026-08-13T09:10:17.121Z","45.9166918","-130.0250080","ASNAP","","admin","","","","","","","","","","","","","-0.62","2.79","-3.3","-5.2","88.39","1049.19","0.58","SciCam","/SciCam.20260813_091017121.jpg","PilotCam","/PilotCam.20260813_091017121.jpg","BrowCam","/BrowCam.20260813_091017121.jpg","UserSelect","/UserSelect.20260813_091017121.jpg","","","-999.99","3.60","-999.99","-999.99","6a7d89f93a81d30014ed8201"
"2026-08-13T09:10:47.166Z","45.9166918","-130.0250080","ASNAP","","admin","","","","","","","","","","","","","-0.62","2.79","-2.6","-6.9","232.18","1064.07","0.58","SciCam","/SciCam.20260813_091047166.jpg","PilotCam","/PilotCam.20260813_091047166.jpg","BrowCam","/BrowCam.20260813_091047166.jpg","UserSelect","/UserSelect.20260813_091047166.jpg","","","-999.99","3.54","-999.99","-999.99","6a7d8a173a81d30014ed8205"
"2026-08-13T09:11:17.191Z","45.9166918","-130.0250080","ASNAP","","admin","","","","","","","","","","","","","-0.62","2.79","-2.7","-5.3","10.92","1079.03","0.58","SciCam","/SciCam.20260813_091117191.jpg","PilotCam","/PilotCam.20260813_091117191.jpg","BrowCam","/BrowCam.20260813_091117191.jpg","UserSelect","/UserSelect.20260813_091117191.jpg","","","-999.99","3.55","-999.99","-999.99","6a7d8a353a81d30014ed8209"
"2026-08-13T09:11:47.221Z","45.9166918","-130.0250080","ASNAP","","admin","","","","","","","","","","","","","-0.62","2.79","-1.5","-6.1","159.85","1094.24","0.58","SciCam","/SciCam.20260813_091147221.jpg","PilotCam","/PilotCam.20260813_091147221.jpg","BrowCam","/BrowCam.20260813_091147221.jpg","UserSelect","/UserSelect.20260813_091147221.jpg","","","-999.99","3.51","-999.99","-999.99","6a7d8a533a81d30014ed820d"
"2026-08-13T09:12:17.255Z","45.9166918","-130.0250080","ASNAP","","admin","","","","","","","","","","","","","-0.62","2.79","-3.7","-5.0","302.43","1108.35","0.58","SciCam","/SciCam.20260813_091217255.jpg","PilotCam","/PilotCam.20260813_091217255.jpg","BrowCam","/BrowCam.20260813_091217255.jpg","UserSelect","/UserSelect.20260813_091217255.jpg","","","-999.99","3.43","-999.99","-999.99","6a7d8a713a81d30014ed8211"
"2026-08-13T09:12:47.293Z","45.9166918","-130.0250080","ASNAP","","admin","","","","","","","","","","","","","-0.62","2.79","-4.1","-5.4","322.44","1123.15","0.58","SciCam","/SciCam.20260813_091247293.jpg","PilotCam","/PilotCam.20260813_091247293.jpg","BrowCam","/BrowCam.20260813_091247293.jpg","UserSelect","/UserSelect.20260813_091247293.jpg","","","-999.99","3.51","-999.99","-999.99","6a7d8a8f3a81d30014ed8215"
"2026-08-13T09:13:17.340Z","45.9166918","-130.0250080","ASNAP","","admin","","","","","","","","","","","","","-0.62","2.79","-3.4","-4.9","321.08","1137.30","0.58","SciCam","/SciCam.20260813_091317340.jpg","PilotCam","/PilotCam.20260813_091317340.jpg","BrowCam","/BrowCam.20260813_091317340.jpg","UserSelect","/UserSelect.20260813_091317340.jpg","","","-999.99","3.42","-999.99","-999.99","6a7d8aad3a81d30014ed8219"
"2026-08-13T09:13:47.371Z","45.9166918","-130.0250080","ASNAP","","admin","","","","","","","","","","","","","-0.62","2.79","-2.8","-4.4","321.14","1152.22","0.58","SciCam","/SciCam.20260813_091347371.jpg","PilotCam","/PilotCam.20260813_091347371.jpg","BrowCam","/BrowCam.20260813_091347371.jpg","UserSelect","/UserSelect.20260813_091347371.jpg","","","-999.99","3.39","-999.99","-999.99","6a7d8acb3a81d30014ed821d"
"2026-08-13T09:14:17.416Z","45.9166918","-130.0250080","ASNAP","","admin","","","","","","","","","","","","","-0.62","2.79","-3.7","-5.3","320.87","1167.30","0.58","SciCam","/SciCam.20260813_091417416.jpg","PilotCam","/PilotCam.20260813_091417416.jpg","BrowCam","/BrowCam.20260813_091417416.jpg","UserSelect","/UserSelect.20260813_091417416.jpg","","","-999.99","3.42","-999.99","-999.99","6a7d8ae93a81d30014ed8221"
"2026-08-13T09:14:47.434Z","45.9166918","-130.0250080","ASNAP","","admin","","","","","","","","","","","","","-0.62","2.79","-3.6","-5.7","321.42","1180.78","0.58","SciCam","/SciCam.20260813_091447434.jpg","PilotCam","/PilotCam.20260813_091447434.jpg","BrowCam","/BrowCam.20260813_091447434.jpg","UserSelect","/UserSelect.20260813_091447434.jpg","","","-999.99","3.31","-999.99","-999.99","6a7d8b073a81d30014ed8225"
"2026-08-13T09:15:17.464Z","45.9166918","-130.0250080","ASNAP","","admin","","","","","","","","","","","","","-0.62","2.79","-3.8","-5.1","320.90","1195.37","0.58","SciCam","/SciCam.20260813_091517464.jpg","PilotCam","/PilotCam.20260813_091517464.jpg","BrowCam","/BrowCam.20260813_091517464.jpg","UserSelect","/UserSelect.20260813_091517464.jpg","","","-999.99","3.30","-999.99","-999.99","6a7d8b253a81d30014ed8229"
"2026-08-13T09:15:47.505Z","45.9166918","-130.0250080","ASNAP","","admin","","","","","","","","","","","","","-0.62","2.79","-3.5","-6.1","321.26","1209.54","0.58","SciCam","/SciCam.20260813_091547505.jpg","PilotCam","/PilotCam.20260813_091547505.jpg","BrowCam","/BrowCam.20260813_091547505.jpg","UserSelect","/UserSelect.20260813_091547505.jpg","","","-999.99","3.27","-999.99","-999.99","6a7d8b433a81d30014ed822d"
"2026-08-13T09:16:17.526Z","45.9166918","-130.0250080","ASNAP","","admin","","","","","","","","","","","","","-0.62","2.79","-3.7","-6.0","321.22","1223.83","0.58","SciCam","/SciCam.20260813_091617526.jpg","PilotCam","/PilotCam.20260813_091617526.jpg","BrowCam","/BrowCam.20260813_091617526.jpg","UserSelect","/UserSelect.20260813_091617526.jpg","","","-999.99","3.26","-999.99","-999.99","6a7d8b613a81d30014ed8231"
"2026-08-13T09:16:47.570Z","45.9166918","-130.0250080","ASNAP","","admin","","","","","","","","","","","","","-0.62","2.79","-3.1","-5.4","321.43","1237.78","0.58","SciCam","/SciCam.20260813_091647570.jpg","PilotCam","/PilotCam.20260813_091647570.jpg","BrowCam","/BrowCam.20260813_091647570.jpg","UserSelect","/UserSelect.20260813_091647570.jpg","","","-999.99","3.20","-999.99","-999.99","6a7d8b7f3a81d30014ed8235"
"2026-08-13T09:17:04.612Z","45.9166918","-130.0250080","Biology Type","","guest","","","Jelly","","","","","","","","","","-0.62","2.79","-3.5","-5.0","351.36","1245.96","0.58","SciCam","/SciCam.20260813_091704612.jpg","PilotCam","/PilotCam.20260813_091704612.jpg","BrowCam","/BrowCam.20260813_091704612.jpg","UserSelect","/UserSelect.20260813_091704612.jpg","","","-999.99","3.18","-999.99","-999.99","6a7d8b903a81d30014ed8239"
"2026-08-13T09:17:17.615Z","45.9166918","-130.0250080","ASNAP","","admin","","","","","","","","","","","","","-0.62","2.79","-3.4","-5.4","351.46","1252.76","0.58","SciCam","/SciCam.20260813_091717615.jpg","PilotCam","/PilotCam.20260813_091717615.jpg","BrowCam","/BrowCam.20260813_091717615.jpg","UserSelect","/UserSelect.20260813_091717615.jpg","","","-999.99","3.18","-999.99","-999.99","6a7d8b9d3a81d30014ed823d"
"2026-08-13T09:17:47.643Z","45.9166918","-130.0250080","ASNAP","","admin","","","","","","","","","","","","","-0.62","2.79","-3.2","-4.8","351.80","1268.13","0.58","SciCam","/SciCam.20260813_091747643.jpg","PilotCam","/PilotCam.20260813_091747643.jpg","BrowCam","/BrowCam.20260813_091747643.jpg","UserSelect","/UserSelect.20260813_091747643.jpg","","","-999.99","3.15","-999.99","-999.99","6a7d8bbb3a81d30014ed8241"
"2026-08-13T09:18:17.685Z","45.9166918","-130.0250080","ASNAP","","admin","","","","","","","","","","","","","-0.62","2.79","-3.4","-5.4","351.07","1282.37","0.58","SciCam","/SciCam.20260813_091817685.jpg","PilotCam","/PilotCam.20260813_091817685.jpg","BrowCam","/BrowCam.20260813_091817685.jpg","UserSelect","/UserSelect.20260813_091817685.jpg","","","-999.99","3.09","-999.99","-999.99","6a7d8bd93a81d30014ed8245"
"2026-08-13T09:18:47.729Z","45.9166918","-130.0250080","ASNAP","","admin","","","","","","","","","","","","","-0.62","2.79","-2.5","-3.3","351.54","1297.06","0.58","SciCam","/SciCam.20260813_091847729.jpg","PilotCam","/PilotCam.20260813_091847729.jpg","BrowCam","/BrowCam.20260813_091847729.jpg","UserSelect","/UserSelect.20260813_091847729.jpg","","","-999.99","3.14","-999.99","-999.99","6a7d8bf73a81d30014ed824d"
"2026-08-13T09:19:17.777Z","45.9166918","-130.0250080","ASNAP","","admin","","","","","","","","","","","","","-0.62","2.79","-3.5","-5.4","351.57","1311.83","0.58","SciCam","/SciCam.20260813_091917777.jpg","PilotCam","/PilotCam.20260813_091917777.jpg","BrowCam","/BrowCam.20260813_091917777.jpg","UserSelect","/UserSelect.20260813_091917777.jpg","","","-999.99","3.05","-999.99","-999.99","6a7d8c153a81d30014ed8251"
"2026-08-13T09:19:47.823Z","45.9166918","-130.0250080","ASNAP","","admin","","","","","","","","","","","","","-0.62","2.79","-3.4","-5.6","351.45","1326.69","0.58","SciCam","/SciCam.20260813_091947823.jpg","PilotCam","/PilotCam.20260813_091947823.jpg","BrowCam","/BrowCam.20260813_091947823.jpg","UserSelect","/UserSelect.20260813_091947823.jpg","","","-3.65","2.99","-3.65","-999.99","6a7d8c333a81d30014ed8255"
"2026-08-13T09:19:58.544Z","45.9166918","-130.0250080","Biology Type","","guest","","","Jelly","","","","","","","","","","-0.62","2.79","-3.5","-6.2","351.72","1331.74","0.58","SciCam","/SciCam.20260813_091958544.jpg","PilotCam","/PilotCam.20260813_091958544.jpg","BrowCam","/BrowCam.20260813_091958544.jpg","UserSelect","/UserSelect.20260813_091958544.jpg","","","-3.65","2.93","-999.99","-999.99","6a7d8c3e3a81d30014ed8259"
"2026-08-13T09:20:17.850Z","45.9166918","-130.0250080","ASNAP","","admin","","","","","","","","","","","","","-0.62","2.79","-3.3","-6.2","351.98","1341.38","0.58","SciCam","/SciCam.20260813_092017850.jpg","PilotCam","/PilotCam.20260813_092017850.jpg","BrowCam","/BrowCam.20260813_092017850.jpg","UserSelect","/UserSelect.20260813_092017850.jpg","","","-3.65","2.88","-999.99","-999.99","6a7d8c513a81d30014ed825d"
"2026-08-13T09:20:47.896Z","45.9166918","-130.0250080","ASNAP","","admin","","","","","","","","","","","","","-0.62","2.79","-3.5","-6.1","351.42","1356.73","0.58","SciCam","/SciCam.20260813_092047896.jpg","PilotCam","/PilotCam.20260813_092047896.jpg","BrowCam","/BrowCam.20260813_092047896.jpg","UserSelect","/UserSelect.20260813_092047896.jpg","","","-3.65","2.80","-999.99","-999.99","6a7d8c6f3a81d30014ed8261"
"2026-08-13T09:21:17.920Z","45.9166918","-130.0250080","ASNAP","","admin","","","","","","","","","","","","","-0.62","2.79","-3.1","-6.2","351.72","1371.53","0.58","SciCam","/SciCam.20260813_092117920.jpg","PilotCam","/PilotCam.20260813_092117920.jpg","BrowCam","/BrowCam.20260813_092117920.jpg","UserSelect","/UserSelect.20260813_092117920.jpg","","","-3.65","2.77","-3.65","-999.99","6a7d8c8d3a81d30014ed8265"
"2026-08-13T09:21:47.940Z","45.9166918","-130.0250080","ASNAP","","admin","","","","","","","","","","","","","-0.62","2.79","-3.4","-6.1","351.79","1387.11","0.58","SciCam","/SciCam.20260813_092147940.jpg","PilotCam","/PilotCam.20260813_092147940.jpg","BrowCam","/BrowCam.20260813_092147940.jpg","UserSelect","/UserSelect.20260813_092147940.jpg","","","-3.65","2.77","-999.99","-999.99","6a7d8cab3a81d30014ed8269"
"2026-08-13T09:22:17.956Z","45.9166918","-130.0250080","ASNAP","","admin","","","","","","","","","","","","","-0.62","2.79","-3.2","-6.2","351.85","1401.89","0.58","SciCam","/SciCam.20260813_092217956.jpg","PilotCam","/PilotCam.20260813_092217956.jpg","BrowCam","/BrowCam.20260813_092217956.jpg","UserSelect","/UserSelect.20260813_092217956.jpg","","","-3.65","2.76","-3.65","-999.99","6a7d8cc93a81d30014ed826d"
"2026-08-13T09:22:48.003Z","45.9166918","-130.0250080","ASNAP","","admin","","","","","","","","","","","","","-0.62","2.79","-1.7","-5.7","351.64","1416.24","0.58","SciCam","/SciCam.20260813_092248003.jpg","PilotCam","/PilotCam.20260813_092248003.jpg","BrowCam","/BrowCam.20260813_092248003.jpg","UserSelect","/UserSelect.20260813_092248003.jpg","","","-3.65","2.76","-999.99","-999.99","6a7d8ce83a81d30014ed8271"
"2026-08-13T09:23:18.033Z","45.9166918","-130.0250080","ASNAP","","admin","","","","","","","","","","","","","-0.62","2.79","-4.0","-7.3","349.28","1412.92","0.58","SciCam","/SciCam.20260813_092318033.jpg","PilotCam","/PilotCam.20260813_092318033.jpg","BrowCam","/BrowCam.20260813_092318033.jpg","UserSelect","/UserSelect.20260813_092318033.jpg","","","-3.65","2.77","-3.65","-999.99","6a7d8d063a81d30014ed8275"
"2026-08-13T09:23:34.387Z","45.9166918","-130.0250080","Biology Type","","guest","","","Jelly","","","","","","","","","","-0.62","2.79","-3.8","-4.1","349.58","1414.15","0.58","SciCam","/SciCam.20260813_092334387.jpg","PilotCam","/PilotCam.20260813_092334387.jpg","BrowCam","/BrowCam.20260813_092334387.jpg","UserSelect","/UserSelect.20260813_092334387.jpg","","","-3.65","2.80","-999.99","-999.99","6a7d8d163a81d30014ed8279"
"2026-08-13T09:23:48.073Z","45.9166918","-130.0250080","ASNAP","","admin","","","","","","","","","","","","","-0.62","2.79","-3.3","-6.1","353.03","1411.49","0.58","SciCam","/SciCam.20260813_092348073.jpg","PilotCam","/PilotCam.20260813_092348073.jpg","BrowCam","/BrowCam.20260813_092348073.jpg","UserSelect","/UserSelect.20260813_092348073.jpg","","","-3.65","2.73","-3.65","-999.99","6a7d8d243a81d30014ed827d"
"2026-08-13T09:24:18.122Z","45.9166918","-130.0250080","ASNAP","","admin","","","","","","","","","","","","","-0.62","2.79","-3.3","-7.2","352.85","1410.80","0.58","SciCam","/SciCam.20260813_092418122.jpg","PilotCam","/PilotCam.20260813_092418122.jpg","BrowCam","/BrowCam.20260813_092418122.jpg","UserSelect","/UserSelect.20260813_092418122.jpg","","","-3.65","2.79","-999.99","-999.99","6a7d8d423a81d30014ed8281"
"2026-08-13T09:24:48.142Z","45.9166918","-130.0250080","ASNAP","","admin","","","","","","","","","","","","","-0.62","2.79","-3.5","-6.7","352.04","1414.02","0.58","SciCam","/SciCam.20260813_092448142.jpg","PilotCam","/PilotCam.20260813_092448142.jpg","BrowCam","/BrowCam.20260813_092448142.jpg","UserSelect","/UserSelect.20260813_092448142.jpg","","","-3.65","2.74","-999.99","-999.99","6a7d8d603a81d30014ed8285"
"2026-08-13T09:25:18.186Z","45.9166918","-130.0250080","ASNAP","","admin","","","","","","","","","","","","","-0.62","2.79","-3.4","-6.9","351.95","1424.39","0.58","SciCam","/SciCam.20260813_092518186.jpg","PilotCam","/PilotCam.20260813_092518186.jpg","BrowCam","/BrowCam.20260813_092518186.jpg","UserSelect","/UserSelect.20260813_092518186.jpg","","","-3.65","2.79","-999.99","-999.99","6a7d8d7e3a81d30014ed8289"
"2026-08-13T09:25:48.229Z","45.9334600","-130.0136296","ASNAP","","admin","","","","","","","","","","","","","882.14","1866.56","-3.8","-6.8","350.49","1433.71","108.38","SciCam","/SciCam.20260813_092548229.jpg","PilotCam","/PilotCam.20260813_092548229.jpg","BrowCam","/BrowCam.20260813_092548229.jpg","UserSelect","/UserSelect.20260813_092548229.jpg","","","-3.65","2.82","-3.65","-999.99","6a7d8d9c3a81d30014ed828d"
"2026-08-13T09:26:18.277Z","45.9334730","-130.0136216","ASNAP","","admin","","","","","","","","","","","","","882.76","1868.01","-3.3","-6.0","350.54","1444.60","100.01","SciCam","/SciCam.20260813_092618277.jpg","PilotCam","/PilotCam.20260813_092618277.jpg","BrowCam","/BrowCam.20260813_092618277.jpg","UserSelect","/UserSelect.20260813_092618277.jpg","","","-3.65","2.78","-999.99","-999.99","6a7d8dba3a81d30014ed8291"
"2026-08-13T09:26:48.322Z","45.9334638","-130.0136044","ASNAP","","admin","","","","","","","","","","","","","884.09","1866.99","-3.3","-6.7","351.12","1454.09","90.26","SciCam","/SciCam.20260813_092648322.jpg","PilotCam","/PilotCam.20260813_092648322.jpg","BrowCam","/BrowCam.20260813_092648322.jpg","UserSelect","/UserSelect.20260813_092648322.jpg","","","-3.65","2.74","-999.99","-999.99","6a7d8dd83a81d30014ed8295"
"2026-08-13T09:27:18.368Z","45.9334358","-130.0135810","ASNAP","","admin","","","","","","","","","","","","","885.91","1863.87","-3.3","-6.8","351.17","1464.18","80.76","SciCam","/SciCam.20260813_092718368.jpg","PilotCam","/PilotCam.20260813_092718368.jpg","BrowCam","/BrowCam.20260813_092718368.jpg","UserSelect","/UserSelect.20260813_092718368.jpg","","","-3.65","2.74","-3.65","-999.99","6a7d8df63a81d30014ed8299"
"2026-08-13T09:27:48.414Z","45.9334072","-130.0135656","ASNAP","","admin","","","","","","","","","","","","","887.10","1860.69","-3.3","-7.1","351.10","1474.65","69.50","SciCam","/SciCam.20260813_092748414.jpg","PilotCam","/PilotCam.20260813_092748414.jpg","BrowCam","/BrowCam.20260813_092748414.jpg","UserSelect","/UserSelect.20260813_092748414.jpg","","","-3.65","2.71","-3.65","-999.99","6a7d8e143a81d30014ed829d"
"2026-08-13T09:28:18.442Z","45.9334358","-130.0135588","ASNAP","","admin","","","","","","","","","","","","","887.63","1863.87","-3.4","-5.8","350.47","1483.93","59.68","SciCam","/SciCam.20260813_092818442.jpg","PilotCam","/PilotCam.20260813_092818442.jpg","BrowCam","/BrowCam.20260813_092818442.jpg","UserSelect","/UserSelect.20260813_092818442.jpg","","","-3.65","2.73","-3.65","-999.99","6a7d8e323a81d30014ed82a1"
"2026-08-13T09:28:48.487Z","45.9334714","-130.0135636","ASNAP","","admin","","","","","","","","","","","","","887.26","1867.83","-3.6","-6.6","350.75","1492.98","50.69","SciCam","/SciCam.20260813_092848487.jpg","PilotCam","/PilotCam.20260813_092848487.jpg","BrowCam","/BrowCam.20260813_092848487.jpg","UserSelect","/UserSelect.20260813_092848487.jpg","","","-3.65","2.77","-3.65","-999.99","6a7d8e503a81d30014ed82a5"
"2026-08-13T09:29:18.533Z","45.9334699","-130.0135558","ASNAP","","admin","","","","","","","","","","","","","887.86","1867.66","-3.6","-7.1","11.47","1503.53","39.67","SciCam","/SciCam.20260813_092918533.jpg","PilotCam","/PilotCam.20260813_092918533.jpg","BrowCam","/BrowCam.20260813_092918533.jpg","UserSelect","/UserSelect.20260813_092918533.jpg","","","-3.65","2.74","-3.65","-999.99","6a7d8e6e3a81d30014ed82a9"
"2026-08-13T09:29:48.550Z","45.9334372","-130.0135731","ASNAP","","admin","","","","","","","","","","","","","886.52","1864.03","-3.8","-7.1","142.80","1513.03","29.83","SciCam","/SciCam.20260813_092948550.jpg","PilotCam","/PilotCam.20260813_092948550.jpg","BrowCam","/BrowCam.20260813_092948550.jpg","UserSelect","/UserSelect.20260813_092948550.jpg","","","-3.65","2.71","-3.65","-999.99","6a7d8e8c3a81d30014ed82ad"
"2026-08-13T09:30:18.569Z","45.9334644","-130.0135788","ASNAP","","admin","","","","","","","","","","","","","886.08","1867.05","-4.0","-7.2","287.71","1522.60","19.97","SciCam","/SciCam.20260813_093018569.jpg","PilotCam","/PilotCam.20260813_093018569.jpg","BrowCam","/BrowCam.20260813_093018569.jpg","UserSelect","/UserSelect.20260813_093018569.jpg","","","-3.65","2.73","-3.65","-999.99","6a7d8eaa3a81d30014ed82b1"
"2026-08-13T09:30:48.605Z","45.9334624","-130.0135605","ASNAP","","admin","","","","","","","","","","","","","887.50","1866.83","-4.1","-7.5","88.71","1531.16","11.28","SciCam","/SciCam.20260813_093048605.jpg","PilotCam","/PilotCam.20260813_093048605.jpg","BrowCam","/BrowCam.20260813_093048605.jpg","UserSelect","/UserSelect.20260813_093048605.jpg","","","-3.65","2.76","-3.65","-999.99","6a7d8ec83a81d30014ed82b5"
"2026-08-13T09:31:18.651Z","45.9334632","-130.0135683","ASNAP","","admin","","","","","","","","","","","","","886.89","1866.92","-3.6","-7.4","214.68","1532.65","9.82","SciCam","/SciCam.20260813_093118651.jpg","PilotCam","/PilotCam.20260813_093118651.jpg","BrowCam","/BrowCam.20260813_093118651.jpg","UserSelect","/UserSelect.20260813_093118651.jpg","","","-3.65","2.75","-3.65","-999.99","6a7d8ee63a81d30014ed82b9"
"2026-08-13T09:31:48.694Z","45.9334925","-130.0135624","ASNAP","","admin","","","","","","","","","","","","","887.35","1870.17","-3.2","-7.3","65.52","1534.57","7.48","SciCam","/SciCam.20260813_093148694.jpg","PilotCam","/PilotCam.20260813_093148694.jpg","BrowCam","/BrowCam.20260813_093148694.jpg","UserSelect","/UserSelect.20260813_093148694.jpg","","","-3.65","2.74","-3.65","-999.99","6a7d8f043a81d30014ed82bd"
"2026-08-13T09:32:18.721Z","45.9334996","-130.0135701","ASNAP","","admin","","","","","","","","","","","","","886.75","1870.97","-3.7","-7.1","306.74","1530.75","10.90","SciCam","/SciCam.20260813_093218721.jpg","PilotCam","/PilotCam.20260813_093218721.jpg","BrowCam","/BrowCam.20260813_093218721.jpg","UserSelect","/UserSelect.20260813_093218721.jpg","","","-3.65","2.69","-3.65","-999.99","6a7d8f223a81d30014ed82c1"
"2026-08-13T09:32:48.748Z","45.9334979","-130.0135696","ASNAP","","admin","","","","","","","","","","","","","886.79","1870.77","-4.3","-7.1","296.39","1524.67","16.96","SciCam","/SciCam.20260813_093248748.jpg","PilotCam","/PilotCam.20260813_093248748.jpg","BrowCam","/BrowCam.20260813_093248748.jpg","UserSelect","/UserSelect.20260813_093248748.jpg","","","-3.65","2.71","-3.65","-999.99","6a7d8f403a81d30014ed82c5"
"2026-08-13T09:33:18.794Z","45.9335029","-130.0135719","ASNAP","","admin","","","","","","","","","","","","","886.61","1871.33","-3.7","-4.2","294.05","1527.41","14.97","SciCam","/SciCam.20260813_093318794.jpg","PilotCam","/PilotCam.20260813_093318794.jpg","BrowCam","/BrowCam.20260813_093318794.jpg","UserSelect","/UserSelect.20260813_093318794.jpg","","","-3.65","2.75","-3.65","-999.99","6a7d8f5e3a81d30014ed82c9"
"2026-08-13T09:33:48.840Z","45.9335441","-130.0136718","ASNAP","","admin","","","","","","","","","","","","","878.86","1875.91","-3.7","-6.3","294.51","1537.77","4.47","SciCam","/SciCam.20260813_093348840.jpg","PilotCam","/PilotCam.20260813_093348840.jpg","BrowCam","/BrowCam.20260813_093348840.jpg","UserSelect","/UserSelect.20260813_093348840.jpg","","","-3.65","2.74","-3.65","-999.99","6a7d8f7c3a81d30014ed82cd"
"2026-08-13T09:34:18.888Z","45.9335479","-130.0136756","ASNAP","","admin","","","","","","","","","","","","","878.57","1876.33","-4.7","-7.3","295.20","1538.46","3.30","SciCam","/SciCam.20260813_093418888.jpg","PilotCam","/PilotCam.20260813_093418888.jpg","BrowCam","/BrowCam.20260813_093418888.jpg","UserSelect","/UserSelect.20260813_093418888.jpg","","","-3.65","2.73","-3.65","-999.99","6a7d8f9a3a81d30014ed82d1"
"2026-08-13T09:34:48.934Z","45.9335478","-130.0136726","ASNAP","","admin","","","","","","","","","","","","","878.80","1876.32","-3.5","-7.0","294.92","1533.91","7.74","SciCam","/SciCam.20260813_093448934.jpg","PilotCam","/PilotCam.20260813_093448934.jpg","BrowCam","/BrowCam.20260813_093448934.jpg","UserSelect","/UserSelect.20260813_093448934.jpg","","","-3.65","2.75","-3.65","-999.99","6a7d8fb83a81d30014ed82d5"
"2026-08-13T09:35:18.977Z","45.9335478","-130.0136531","ASNAP","","admin","","","","","","","","","","","","","880.31","1876.32","-3.2","-8.1","295.46","1539.00","3.02","SciCam","/SciCam.20260813_093518977.jpg","PilotCam","/PilotCam.20260813_093518977.jpg","BrowCam","/BrowCam.20260813_093518977.jpg","UserSelect","/UserSelect.20260813_093518977.jpg","","","-3.65","2.77","-3.65","-999.99","6a7d8fd63a81d30014ed82d9"
"2026-08-13T09:35:49.021Z","45.9335466","-130.0136409","ASNAP","","admin","","","","","","","","","","","","","881.26","1876.19","-3.5","-7.2","295.13","1534.48","7.10","SciCam","/SciCam.20260813_093549021.jpg","PilotCam","/PilotCam.20260813_093549021.jpg","BrowCam","/BrowCam.20260813_093549021.jpg","UserSelect","/UserSelect.20260813_093549021.jpg","","","-3.65","2.78","-3.65","-999.99","6a7d8ff53a81d30014ed82dd"
"2026-08-13T09:36:19.065Z","45.9338040","-130.0137924","ASNAP","","admin","","","","","","","","","","","","","869.51","1904.80","-3.4","-7.1","294.82","1535.87","6.43","SciCam","/SciCam.20260813_093619065.jpg","PilotCam","/PilotCam.20260813_093619065.jpg","BrowCam","/BrowCam.20260813_093619065.jpg","UserSelect","/UserSelect.20260813_093619065.jpg","","","-3.65","2.77","-3.65","-999.99","6a7d90133a81d30014ed82e1"
"2026-08-13T09:36:49.111Z","45.9338035","-130.0137895","ASNAP","","admin","","","","","","","","","","","","","869.73","1904.74","-3.6","-6.4","295.32","1534.30","7.48","SciCam","/SciCam.20260813_093649111.jpg","PilotCam","/PilotCam.20260813_093649111.jpg","BrowCam","/BrowCam.20260813_093649111.jpg","UserSelect","/UserSelect.20260813_093649111.jpg","","","-3.65","2.74","-3.65","-999.99","6a7d90313a81d30014ed82e5"
"2026-08-13T09:37:19.158Z","45.9338043","-130.0137911","ASNAP","","admin","","","","","","","","","","","","","869.61","1904.83","-3.7","-7.2","294.67","1535.76","6.36","SciCam","/SciCam.20260813_093719158.jpg","PilotCam","/PilotCam.20260813_093719158.jpg","BrowCam","/BrowCam.20260813_093719158.jpg","UserSelect","/UserSelect.20260813_093719158.jpg","","","-3.65","2.78","-3.65","-999.99","6a7d904f3a81d30014ed82e9"
"2026-08-13T09:37:49.202Z","45.9338040","-130.0137931","ASNAP","","admin","","","","","","","","","","","","","869.45","1904.80","-3.1","-7.1","294.91","1539.40","2.51","SciCam","/SciCam.20260813_093749202.jpg","PilotCam","/PilotCam.20260813_093749202.jpg","BrowCam","/BrowCam.20260813_093749202.jpg","UserSelect","/UserSelect.20260813_093749202.jpg","","","-3.65","2.75","-3.65","-999.99","6a7d906d3a81d30014ed82ed"
"2026-08-13T09:37:51.291Z","45.9338037","-130.0137921","FREE_FORM","at the bottom, preparing for a quick survey","guest","","","","","","","","","","","","","869.53","1904.76","-3.4","-8.2","294.99","1539.23","2.54","SciCam","/SciCam.20260813_093751291.jpg","PilotCam","/PilotCam.20260813_093751291.jpg","BrowCam","/BrowCam.20260813_093751291.jpg","UserSelect","/UserSelect.20260813_093751291.jpg","","","-3.65","2.73","-3.65","-999.99","6a7d906f3a81d30014ed82f1"
"2026-08-13T09:38:19.248Z","45.9338038","-130.0137911","ASNAP","","admin","","","","","","","","","","","","","869.61","1904.78","-3.7","-6.8","294.15","1537.17","4.78","SciCam","/SciCam.20260813_093819248.jpg","PilotCam","/PilotCam.20260813_093819248.jpg","BrowCam","/BrowCam.20260813_093819248.jpg","UserSelect","/UserSelect.20260813_093819248.jpg","","","-3.65","2.72","-3.65","-999.99","6a7d908b3a81d30014ed82f5"
"2026-08-13T09:38:49.294Z","45.9338042","-130.0137913","ASNAP","","admin","","","","","","","","","","","","","869.59","1904.82","-4.0","-7.1","295.21","1535.27","6.36","SciCam","/SciCam.20260813_093849294.jpg","PilotCam","/PilotCam.20260813_093849294.jpg","BrowCam","/BrowCam.20260813_093849294.jpg","UserSelect","/UserSelect.20260813_093849294.jpg","","","-3.65","2.71","-3.65","-999.99","6a7d90a93a81d30014ed82f9"
"2026-08-13T09:39:19.339Z","45.9338037","-130.0137908","ASNAP","","admin","","","","","","","","","","","","","869.63","1904.76","-3.0","-6.9","294.77","1536.87","5.47","SciCam","/SciCam.20260813_093919339.jpg","PilotCam","/PilotCam.20260813_093919339.jpg","BrowCam","/BrowCam.20260813_093919339.jpg","UserSelect","/UserSelect.20260813_093919339.jpg","","","-3.65","2.71","-3.65","-999.99","6a7d90c73a81d30014ed82fd"
"2026-08-13T09:39:49.383Z","45.9338027","-130.0137909","ASNAP","","admin","","","","","","","","","","","","","869.62","1904.65","-3.3","-7.3","293.67","1538.99","2.82","SciCam","/SciCam.20260813_093949383.jpg","PilotCam","/PilotCam.20260813_093949383.jpg","BrowCam","/BrowCam.20260813_093949383.jpg","UserSelect","/UserSelect.20260813_093949383.jpg","","","-3.65","2.72","-3.65","-999.99","6a7d90e53a81d30014ed8301"
"2026-08-13T09:40:19.428Z","45.9338050","-130.0137918","ASNAP","","admin","","","","","","","","","","","","","869.55","1904.91","-3.4","-7.9","192.03","1539.42","2.13","SciCam","/SciCam.20260813_094019428.jpg","PilotCam","/PilotCam.20260813_094019428.jpg","BrowCam","/BrowCam.20260813_094019428.jpg","UserSelect","/UserSelect.20260813_094019428.jpg","","","-3.65","2.71","-3.65","-999.99","6a7d91033a81d30014ed8305"
"2026-08-13T09:40:49.462Z","45.9337922","-130.0137885","ASNAP","","admin","","","","","","","","","","","","","869.81","1903.49","-4.1","-7.0","170.12","1539.62","1.80","SciCam","/SciCam.20260813_094049462.jpg","PilotCam","/PilotCam.20260813_094049462.jpg","BrowCam","/BrowCam.20260813_094049462.jpg","UserSelect","/UserSelect.20260813_094049462.jpg","","","-3.65","2.70","-3.65","-999.99","6a7d91213a81d30014ed8309"
"2026-08-13T09:41:19.494Z","45.9337429","-130.0137751","ASNAP","","admin","","","","","","","","","","","","","870.85","1898.01","-3.6","-6.8","172.22","1539.39","2.41","SciCam","/SciCam.20260813_094119494.jpg","PilotCam","/PilotCam.20260813_094119494.jpg","BrowCam","/BrowCam.20260813_094119494.jpg","UserSelect","/UserSelect.20260813_094119494.jpg","","","-3.65","2.73","-3.65","-999.99","6a7d913f3a81d30014ed830d"
"2026-08-13T09:41:40.546Z","45.9337084","-130.0137719","FREE_FORM","instrument in sight","guest","","","","","","","","","","","","","871.10","1894.17","-3.2","-7.8","173.15","1539.59","2.25","SciCam","/SciCam.20260813_094140546.jpg","PilotCam","/PilotCam.20260813_094140546.jpg","BrowCam","/BrowCam.20260813_094140546.jpg","UserSelect","/UserSelect.20260813_094140546.jpg","","","-3.65","2.74","-3.65","-999.99","6a7d91543a81d30014ed8311"
"2026-08-13T09:41:49.539Z","45.9336961","-130.0137792","ASNAP","","admin","","","","","","","","","","","","","870.53","1892.80","-3.2","-7.3","169.53","1539.77","2.08","SciCam","/SciCam.20260813_094149539.jpg","PilotCam","/PilotCam.20260813_094149539.jpg","BrowCam","/BrowCam.20260813_094149539.jpg","UserSelect","/UserSelect.20260813_094149539.jpg","","","-3.65","2.75","-3.65","-999.99","6a7d915d3a81d30014ed8315"
"2026-08-13T09:41:58.158Z","45.9336855","-130.0137835","Geologic Formations","mushroom","guest","","","","","Black smoker","","","","","","","","870.20","1891.63","-3.5","-7.4","160.80","1539.93","2.00","SciCam","/SciCam.20260813_094158158.jpg","PilotCam","/PilotCam.20260813_094158158.jpg","BrowCam","/BrowCam.20260813_094158158.jpg","UserSelect","/UserSelect.20260813_094158158.jpg","","","-3.65","2.70","-3.65","-999.99","6a7d91663a81d30014ed8319"
"2026-08-13T09:42:19.585Z","45.9336504","-130.0137710","ASNAP","","admin","","","","","","","","","","","","","871.17","1887.73","-4.0","-7.5","140.27","1540.48","1.67","SciCam","/SciCam.20260813_094219585.jpg","PilotCam","/PilotCam.20260813_094219585.jpg","BrowCam","/BrowCam.20260813_094219585.jpg","UserSelect","/UserSelect.20260813_094219585.jpg","","","-3.65","2.75","-3.65","-999.99","6a7d917b3a81d30014ed831d"
"2026-08-13T09:42:49.629Z","45.9336532","-130.0137641","ASNAP","","admin","","","","","","","","","","","","","871.70","1888.04","-3.4","-7.1","101.72","1540.28","1.87","SciCam","/SciCam.20260813_094249629.jpg","PilotCam","/PilotCam.20260813_094249629.jpg","BrowCam","/BrowCam.20260813_094249629.jpg","UserSelect","/UserSelect.20260813_094249629.jpg","","","-3.65","2.76","-3.65","-999.99","6a7d91993a81d30014ed8325"
"2026-08-13T09:42:53.070Z","45.9336576","-130.0137654","Geologic Formations","mushroom","guest","","","","","Black smoker","","","","","","","","871.60","1888.53","-3.5","-7.7","100.20","1540.27","1.95","SciCam","/SciCam.20260813_094253070.jpg","PilotCam","/PilotCam.20260813_094253070.jpg","BrowCam","/BrowCam.20260813_094253070.jpg","UserSelect","/UserSelect.20260813_094253070.jpg","","","-3.65","2.75","-3.65","-999.99","6a7d919d3a81d30014ed8329"
"2026-08-13T09:43:19.674Z","45.9336778","-130.0137467","ASNAP","","admin","","","","","","","","","","","","","873.05","1890.77","-3.6","-7.6","117.41","1539.15","3.04","SciCam","/SciCam.20260813_094319674.jpg","PilotCam","/PilotCam.20260813_094319674.jpg","BrowCam","/BrowCam.20260813_094319674.jpg","UserSelect","/UserSelect.20260813_094319674.jpg","","","-3.65","2.78","-3.65","-999.99","6a7d91b73a81d30014ed8331"
"2026-08-13T09:43:49.718Z","45.9337150","-130.0136870","ASNAP","","admin","","","","","","","","","","","","","877.68","1894.91","-3.7","-7.3","170.73","1539.74","2.23","SciCam","/SciCam.20260813_094349718.jpg","PilotCam","/PilotCam.20260813_094349718.jpg","BrowCam","/BrowCam.20260813_094349718.jpg","UserSelect","/UserSelect.20260813_094349718.jpg","","","-3.65","2.76","-3.65","-999.99","6a7d91d53a81d30014ed8335"
"2026-08-13T09:43:50.065Z","45.9337150","-130.0136870","Geologic Formations","mushroom","guest","","","","","Black smoker","","","","","","","","877.68","1894.91","-3.7","-7.3","170.73","1539.74","2.23","SciCam","/SciCam.20260813_094350065.jpg","PilotCam","/PilotCam.20260813_094350065.jpg","BrowCam","/BrowCam.20260813_094350065.jpg","UserSelect","/UserSelect.20260813_094350065.jpg","","","-3.65","2.76","-3.65","-999.99","6a7d91d63a81d30014ed8338"
"2026-08-13T09:44:02.827Z","45.9337165","-130.0136544","Geologic Formations","mushroom","guest","","","","","Black smoker","","","","","","","","880.21","1895.07","-2.9","-7.7","178.17","1539.78","1.75","SciCam","/SciCam.20260813_094402827.jpg","PilotCam","/PilotCam.20260813_094402827.jpg","BrowCam","/BrowCam.20260813_094402827.jpg","UserSelect","/UserSelect.20260813_094402827.jpg","","","-3.65","2.78","-3.65","-999.99","6a7d91e23a81d30014ed833d"
"2026-08-13T09:44:19.761Z","45.9337155","-130.0136236","ASNAP","","admin","","","","","","","","","","","","","882.60","1894.96","-3.4","-7.8","189.17","1539.59","1.54","SciCam","/SciCam.20260813_094419761.jpg","PilotCam","/PilotCam.20260813_094419761.jpg","BrowCam","/BrowCam.20260813_094419761.jpg","UserSelect","/UserSelect.20260813_094419761.jpg","","","-3.65","2.81","-3.65","-999.99","6a7d91f33a81d30014ed8341"
"2026-08-13T09:44:49.808Z","45.9336956","-130.0135959","ASNAP","","admin","","","","","","","","","","","","","884.75","1892.75","-3.2","-7.6","192.99","1538.11","3.20","SciCam","/SciCam.20260813_094449808.jpg","PilotCam","/PilotCam.20260813_094449808.jpg","BrowCam","/BrowCam.20260813_094449808.jpg","UserSelect","/UserSelect.20260813_094449808.jpg","","","-3.65","2.76","-3.65","-999.99","6a7d92113a81d30014ed8345"
"2026-08-13T09:45:19.854Z","45.9336661","-130.0136080","ASNAP","","admin","","","","","","","","","","","","","883.81","1889.47","-4.8","-8.0","210.24","1538.85","2.99","SciCam","/SciCam.20260813_094519854.jpg","PilotCam","/PilotCam.20260813_094519854.jpg","BrowCam","/BrowCam.20260813_094519854.jpg","UserSelect","/UserSelect.20260813_094519854.jpg","","","-3.65","2.75","-3.65","-999.99","6a7d922f3a81d30014ed8349"
"2026-08-13T09:45:25.262Z","45.9336584","-130.0136176","Biology Type","","guest","","","Tubeworm","","","","","","","","","","883.07","1888.61","-3.7","-7.3","207.23","1539.11","2.79","SciCam","/SciCam.20260813_094525262.jpg","PilotCam","/PilotCam.20260813_094525262.jpg","BrowCam","/BrowCam.20260813_094525262.jpg","UserSelect","/UserSelect.20260813_094525262.jpg","","","-3.65","2.75","-3.65","-999.99","6a7d92353a81d30014ed834d"
"2026-08-13T09:45:37.180Z","45.9336549","-130.0136290","Geologic Formations","mushrooms","guest","","","","","Black smoker","","","","","","","","882.18","1888.23","-3.8","-7.3","217.88","1539.31","2.64","SciCam","/SciCam.20260813_094537180.jpg","PilotCam","/PilotCam.20260813_094537180.jpg","BrowCam","/BrowCam.20260813_094537180.jpg","UserSelect","/UserSelect.20260813_094537180.jpg","","","-3.65","2.71","-3.65","-999.99","6a7d92413a81d30014ed8351"
"2026-08-13T09:45:46.107Z","45.9336541","-130.0136287","Biology Type","","guest","","","Tubeworm","","","","","","","","","","882.21","1888.14","-2.7","-7.1","227.07","1539.08","2.71","SciCam","/SciCam.20260813_094546107.jpg","PilotCam","/PilotCam.20260813_094546107.jpg","BrowCam","/BrowCam.20260813_094546107.jpg","UserSelect","/UserSelect.20260813_094546107.jpg","","","-3.65","2.72","-3.65","-999.99","6a7d924a3a81d30014ed8355"
"2026-08-13T09:45:49.900Z","45.9336535","-130.0136265","ASNAP","","admin","","","","","","","","","","","","","882.38","1888.07","-3.4","-7.2","230.08","1539.06","2.71","SciCam","/SciCam.20260813_094549900.jpg","PilotCam","/PilotCam.20260813_094549900.jpg","BrowCam","/BrowCam.20260813_094549900.jpg","UserSelect","/UserSelect.20260813_094549900.jpg","","","-3.65","2.69","-3.65","-999.99","6a7d924d3a81d30014ed8359"
"2026-08-13T09:45:56.000Z","","","SulisCam","","admin","","","","","","sulis_20260813094556.jpg","","","","","","","","","","","","","","","","","","","","","","352.798","356.319","","","","","6a7e04b63a81d30014ed8cc6"
"2026-08-13T09:46:07.336Z","45.9336502","-130.0136109","Biology Type","","guest","","","Tubeworm","","","","","","","","","","883.59","1887.70","-3.6","-7.4","239.80","1538.97","2.87","SciCam","/SciCam.20260813_094607336.jpg","PilotCam","/PilotCam.20260813_094607336.jpg","BrowCam","/BrowCam.20260813_094607336.jpg","UserSelect","/UserSelect.20260813_094607336.jpg","","","-3.65","2.71","-3.65","-999.99","6a7d925f3a81d30014ed835d"
"2026-08-13T09:46:19.939Z","45.9336476","-130.0136085","ASNAP","","admin","","","","","","","","","","","","","883.77","1887.41","-3.0","-7.0","250.59","1539.07","2.92","SciCam","/SciCam.20260813_094619939.jpg","PilotCam","/PilotCam.20260813_094619939.jpg","BrowCam","/BrowCam.20260813_094619939.jpg","UserSelect","/UserSelect.20260813_094619939.jpg","","","-3.65","2.71","-3.65","-999.99","6a7d926b3a81d30014ed8361"
"2026-08-13T09:46:49.981Z","45.9336297","-130.0136100","ASNAP","","admin","","","","","","","","","","","","","883.66","1885.42","-3.1","-7.1","269.45","1539.20","2.89","SciCam","/SciCam.20260813_094649981.jpg","PilotCam","/PilotCam.20260813_094649981.jpg","BrowCam","/BrowCam.20260813_094649981.jpg","UserSelect","/UserSelect.20260813_094649981.jpg","","","-3.65","2.66","-3.65","-999.99","6a7d92893a81d30014ed8365"
"2026-08-13T09:47:03.291Z","45.9336245","-130.0136085","Biology Type","","guest","","","Tubeworm","","","","","","","","","","883.77","1884.85","-3.3","-7.3","285.67","1539.30","2.79","SciCam","/SciCam.20260813_094703291.jpg","PilotCam","/PilotCam.20260813_094703291.jpg","BrowCam","/BrowCam.20260813_094703291.jpg","UserSelect","/UserSelect.20260813_094703291.jpg","","","-3.65","2.69","-3.65","-999.99","6a7d92973a81d30014ed8369"
"2026-08-13T09:47:20.026Z","45.9336103","-130.0136173","ASNAP","","admin","","","","","","","","","","","","","883.09","1883.27","-3.6","-7.0","296.44","1539.32","2.61","SciCam","/SciCam.20260813_094720026.jpg","PilotCam","/PilotCam.20260813_094720026.jpg","BrowCam","/BrowCam.20260813_094720026.jpg","UserSelect","/UserSelect.20260813_094720026.jpg","","","-3.65","2.70","-3.65","-999.99","6a7d92a83a81d30014ed836d"
"2026-08-13T09:47:36.547Z","45.9336004","-130.0136189","HIGHLIGHTS","","guest","","","","","","","4K highlights start","happened 9:46;30","","","","","882.97","1882.17","-3.6","-7.5","312.08","1538.68","2.74","SciCam","/SciCam.20260813_094736547.jpg","PilotCam","/PilotCam.20260813_094736547.jpg","BrowCam","/BrowCam.20260813_094736547.jpg","UserSelect","/UserSelect.20260813_094736547.jpg","","","-3.65","2.69","-3.65","-999.99","6a7d92b83a81d30014ed8371"
"2026-08-13T09:47:50.072Z","45.9335929","-130.0136173","ASNAP","","admin","","","","","","","","","","","","","883.09","1881.34","-2.8","-7.2","318.63","1538.70","2.87","SciCam","/SciCam.20260813_094750072.jpg","PilotCam","/PilotCam.20260813_094750072.jpg","BrowCam","/BrowCam.20260813_094750072.jpg","UserSelect","/UserSelect.20260813_094750072.jpg","","","-3.65","2.73","-3.65","-999.99","6a7d92c63a81d30014ed8375"
"2026-08-13T09:48:20.118Z","45.9335873","-130.0136280","ASNAP","","admin","","","","","","","","","","","","","882.26","1880.71","-2.7","-7.3","336.21","1539.39","2.10","SciCam","/SciCam.20260813_094820118.jpg","PilotCam","/PilotCam.20260813_094820118.jpg","BrowCam","/BrowCam.20260813_094820118.jpg","UserSelect","/UserSelect.20260813_094820118.jpg","","","-3.65","2.85","-3.65","-999.99","6a7d92e43a81d30014ed8379"
"2026-08-13T09:48:50.138Z","45.9335753","-130.0136638","ASNAP","","admin","","","","","","","","","","","","","879.48","1879.38","-2.5","-7.4","347.39","1539.28","2.13","SciCam","/SciCam.20260813_094850138.jpg","PilotCam","/PilotCam.20260813_094850138.jpg","BrowCam","/BrowCam.20260813_094850138.jpg","UserSelect","/UserSelect.20260813_094850138.jpg","","","-3.65","2.76","-3.65","-999.99","6a7d93023a81d30014ed837d"
"2026-08-13T09:49:20.182Z","45.9335813","-130.0136940","ASNAP","","admin","","","","","","","","","","","","","877.14","1880.04","-2.5","-7.4","10.54","1538.82","2.51","SciCam","/SciCam.20260813_094920182.jpg","PilotCam","/PilotCam.20260813_094920182.jpg","BrowCam","/BrowCam.20260813_094920182.jpg","UserSelect","/UserSelect.20260813_094920182.jpg","","","-3.65","2.73","-3.65","-999.99","6a7d93203a81d30014ed8381"
"2026-08-13T09:49:50.228Z","45.9335973","-130.0137191","ASNAP","","admin","","","","","","","","","","","","","875.19","1881.82","-2.9","-7.3","21.15","1538.63","3.25","SciCam","/SciCam.20260813_094950228.jpg","PilotCam","/PilotCam.20260813_094950228.jpg","BrowCam","/BrowCam.20260813_094950228.jpg","UserSelect","/UserSelect.20260813_094950228.jpg","","","-3.65","2.85","-3.65","-999.99","6a7d933e3a81d30014ed8385"
"2026-08-13T09:49:58.881Z","45.9336010","-130.0137189","Biology Type","","guest","","","Fish","","","","","","","","","","875.21","1882.23","-3.0","-7.4","21.28","1538.66","3.20","SciCam","/SciCam.20260813_094958881.jpg","PilotCam","/PilotCam.20260813_094958881.jpg","BrowCam","/BrowCam.20260813_094958881.jpg","UserSelect","/UserSelect.20260813_094958881.jpg","","","-3.65","2.78","-3.65","-999.99","6a7d93463a81d30014ed8389"
"2026-08-13T09:50:08.000Z","","","SulisCam","","admin","","","","","","sulis_20260813095008.jpg","","","","","","","","","","","","","","","","","","","","","","352.690","356.848","","","","","6a7e04b63a81d30014ed8cc8"
"2026-08-13T09:50:19.891Z","45.9336045","-130.0137065","Biology Type","","guest","","","Tubeworm","","","","","","","","","","876.17","1882.62","-3.0","-7.3","22.17","1538.64","3.10","SciCam","/SciCam.20260813_095019891.jpg","PilotCam","/PilotCam.20260813_095019891.jpg","BrowCam","/BrowCam.20260813_095019891.jpg","UserSelect","/UserSelect.20260813_095019891.jpg","","","-3.65","2.73","-3.65","-999.99","6a7d935b3a81d30014ed838d"
"2026-08-13T09:50:20.269Z","45.9336045","-130.0137065","ASNAP","","admin","","","","","","","","","","","","","876.17","1882.62","-3.0","-7.3","22.17","1538.64","3.10","SciCam","/SciCam.20260813_095020269.jpg","PilotCam","/PilotCam.20260813_095020269.jpg","BrowCam","/BrowCam.20260813_095020269.jpg","UserSelect","/UserSelect.20260813_095020269.jpg","","","-3.65","2.73","-3.65","-999.99","6a7d935c3a81d30014ed8390"
"2026-08-13T09:50:30.000Z","","","SulisCam","","admin","","","","","","sulis_20260813095030.jpg","","","","","","","","","","","","","","","","","","","","","","352.527","357.226","","","","","6a7e04b63a81d30014ed8cca"
"2026-08-13T09:50:38.000Z","","","SulisCam","","admin","","","","","","sulis_20260813095038.jpg","","","","","","","","","","","","","","","","","","","","","","352.462","357.098","","","","","6a7e04b63a81d30014ed8ccc"
"2026-08-13T09:50:50.313Z","45.9336048","-130.0137068","ASNAP","","admin","","","","","","","","","","","","","876.15","1882.66","-2.7","-7.6","21.71","1538.65","3.10","SciCam","/SciCam.20260813_095050313.jpg","PilotCam","/PilotCam.20260813_095050313.jpg","BrowCam","/BrowCam.20260813_095050313.jpg","UserSelect","/UserSelect.20260813_095050313.jpg","","","-3.65","2.75","-3.65","-999.99","6a7d937a3a81d30014ed8395"
"2026-08-13T09:50:52.000Z","","","SulisCam","","admin","","","","","","sulis_20260813095052.jpg","","","","","","","","","","","","","","","","","","","","","","352.472","357.124","","","","","6a7e04b73a81d30014ed8cce"
"2026-08-13T09:51:20.358Z","45.9336047","-130.0137070","ASNAP","","admin","","","","","","","","","","","","","876.13","1882.65","-2.9","-7.6","21.76","1538.65","3.10","SciCam","/SciCam.20260813_095120358.jpg","PilotCam","/PilotCam.20260813_095120358.jpg","BrowCam","/BrowCam.20260813_095120358.jpg","UserSelect","/UserSelect.20260813_095120358.jpg","","","-3.65","2.81","-3.65","-999.99","6a7d93983a81d30014ed8399"
"2026-08-13T09:51:22.000Z","","","SulisCam","","admin","","","","","","sulis_20260813095122.jpg","","","","","","","","","","","","","","","","","","","","","","352.487","357.295","","","","","6a7e04b73a81d30014ed8cd0"
"2026-08-13T09:51:50.403Z","45.9336048","-130.0137072","ASNAP","","admin","","","","","","","","","","","","","876.12","1882.66","-2.7","-7.5","21.53","1538.64","3.10","SciCam","/SciCam.20260813_095150403.jpg","PilotCam","/PilotCam.20260813_095150403.jpg","BrowCam","/BrowCam.20260813_095150403.jpg","UserSelect","/UserSelect.20260813_095150403.jpg","","","-3.65","2.72","-3.65","-999.99","6a7d93b63a81d30014ed839d"
"2026-08-13T09:52:00.229Z","45.9336048","-130.0137061","Biology Type","","guest","","","Tubeworm","","","","","","","","","","876.20","1882.66","-2.9","-7.5","21.84","1538.70","2.99","SciCam","/SciCam.20260813_095200229.jpg","PilotCam","/PilotCam.20260813_095200229.jpg","BrowCam","/BrowCam.20260813_095200229.jpg","UserSelect","/UserSelect.20260813_095200229.jpg","","","-3.65","2.75","-3.65","-999.99","6a7d93c03a81d30014ed83a1"
"2026-08-13T09:52:06.000Z","","","SulisCam","","admin","","","","","","sulis_20260813095206.jpg","","","","","","","","","","","","","","","","","","","","","","352.495","357.131","","","","","6a7e04b73a81d30014ed8cd2"
"2026-08-13T09:52:20.000Z","","","SulisCam","","admin","","","","","","sulis_20260813095220.jpg","","","","","","","","","","","","","","","","","","","","","","352.418","357.160","","","","","6a7e04b73a81d30014ed8cd4"
"2026-08-13T09:52:20.436Z","45.9336048","-130.0137074","ASNAP","","admin","","","","","","","","","","","","","876.10","1882.66","-2.8","-7.6","21.56","1538.68","3.07","SciCam","/SciCam.20260813_095220436.jpg","PilotCam","/PilotCam.20260813_095220436.jpg","BrowCam","/BrowCam.20260813_095220436.jpg","UserSelect","/UserSelect.20260813_095220436.jpg","","","-3.65","2.75","-3.65","-999.99","6a7d93d43a81d30014ed83a5"
"2026-08-13T09:52:35.000Z","","","SulisCam","","admin","","","","","","sulis_20260813095235.jpg","","","","","","","","","","","","","","","","","","","","","","352.394","357.106","","","","","6a7e04b73a81d30014ed8cd6"
"2026-08-13T09:52:50.482Z","45.9336050","-130.0137070","ASNAP","","admin","","","","","","","","","","","","","876.13","1882.68","-2.8","-7.5","21.52","1538.67","3.04","SciCam","/SciCam.20260813_095250482.jpg","PilotCam","/PilotCam.20260813_095250482.jpg","BrowCam","/BrowCam.20260813_095250482.jpg","UserSelect","/UserSelect.20260813_095250482.jpg","","","-3.65","2.75","-3.65","-999.99","6a7d93f23a81d30014ed83a9"
"2026-08-13T09:52:51.736Z","45.9336049","-130.0137069","Geologic Formations","","guest","","","","","Black smoker","","","","","","","","876.14","1882.67","-2.8","-7.6","21.49","1538.67","3.07","SciCam","/SciCam.20260813_095251736.jpg","PilotCam","/PilotCam.20260813_095251736.jpg","BrowCam","/BrowCam.20260813_095251736.jpg","UserSelect","/UserSelect.20260813_095251736.jpg","","","-3.65","2.77","-3.65","-999.99","6a7d93f33a81d30014ed83ad"
"2026-08-13T09:53:20.000Z","","","SulisCam","","admin","","","","","","sulis_20260813095320.jpg","","","","","","","","","","","","","","","","","","","","","","352.457","357.023","","","","","6a7e04b73a81d30014ed8cd8"
"2026-08-13T09:53:20.525Z","45.9335986","-130.0137038","ASNAP","","admin","","","","","","","","","","","","","876.38","1881.97","-3.0","-7.5","24.26","1538.63","3.04","SciCam","/SciCam.20260813_095320525.jpg","PilotCam","/PilotCam.20260813_095320525.jpg","BrowCam","/BrowCam.20260813_095320525.jpg","UserSelect","/UserSelect.20260813_095320525.jpg","","","-3.65","2.73","-3.65","-999.99","6a7d94103a81d30014ed83b5"
"2026-08-13T09:53:28.149Z","45.9335964","-130.0137004","Geologic Formations","","guest","","","","","Black smoker","","","","","","","","876.64","1881.72","-2.9","-7.4","24.20","1538.65","2.97","SciCam","/SciCam.20260813_095328149.jpg","PilotCam","/PilotCam.20260813_095328149.jpg","BrowCam","/BrowCam.20260813_095328149.jpg","UserSelect","/UserSelect.20260813_095328149.jpg","","","-3.65","2.73","-3.65","-999.99","6a7d94183a81d30014ed83b9"
"2026-08-13T09:53:46.000Z","","","SulisCam","","admin","","","","","","sulis_20260813095346.jpg","","","","","","","","","","","","","","","","","","","","","","352.420","357.058","","","","","6a7e04b73a81d30014ed8cda"
"2026-08-13T09:53:50.553Z","45.9335978","-130.0137028","ASNAP","","admin","","","","","","","","","","","","","876.46","1881.88","-2.9","-7.6","24.03","1538.64","3.02","SciCam","/SciCam.20260813_095350553.jpg","PilotCam","/PilotCam.20260813_095350553.jpg","BrowCam","/BrowCam.20260813_095350553.jpg","UserSelect","/UserSelect.20260813_095350553.jpg","","","-3.65","2.75","-3.65","-999.99","6a7d942e3a81d30014ed83bd"
"2026-08-13T09:53:59.000Z","","","SulisCam","","admin","","","","","","sulis_20260813095359.jpg","","","","","","","","","","","","","","","","","","","","","","352.437","357.119","","","","","6a7e04b73a81d30014ed8cdc"
"2026-08-13T09:54:20.571Z","45.9335980","-130.0137020","ASNAP","","admin","","","","","","","","","","","","","876.52","1881.90","-2.8","-7.5","24.39","1538.67","2.99","SciCam","/SciCam.20260813_095420571.jpg","PilotCam","/PilotCam.20260813_095420571.jpg","BrowCam","/BrowCam.20260813_095420571.jpg","UserSelect","/UserSelect.20260813_095420571.jpg","","","-3.65","2.75","-3.65","-999.99","6a7d944c3a81d30014ed83c1"
"2026-08-13T09:54:48.030Z","45.9335959","-130.0136877","Biology Type","","guest","","","Tubeworm","","","","","","","","","","877.63","1881.67","-3.5","-7.3","20.47","1538.22","3.20","SciCam","/SciCam.20260813_095448030.jpg","PilotCam","/PilotCam.20260813_095448030.jpg","BrowCam","/BrowCam.20260813_095448030.jpg","UserSelect","/UserSelect.20260813_095448030.jpg","","","-3.65","2.80","-3.65","-999.99","6a7d94683a81d30014ed83c5"
"2026-08-13T09:54:50.614Z","45.9335956","-130.0136840","ASNAP","","admin","","","","","","","","","","","","","877.92","1881.64","-2.6","-7.6","20.58","1538.06","3.38","SciCam","/SciCam.20260813_095450614.jpg","PilotCam","/PilotCam.20260813_095450614.jpg","BrowCam","/BrowCam.20260813_095450614.jpg","UserSelect","/UserSelect.20260813_095450614.jpg","","","-3.65","2.73","-3.65","-999.99","6a7d946a3a81d30014ed83c9"
"2026-08-13T09:55:08.857Z","45.9336038","-130.0136512","Biology Type","","guest","","","Tubeworm","","","","","","","","","","880.46","1882.55","-2.9","-7.1","350.53","1537.81","3.56","SciCam","/SciCam.20260813_095508857.jpg","PilotCam","/PilotCam.20260813_095508857.jpg","BrowCam","/BrowCam.20260813_095508857.jpg","UserSelect","/UserSelect.20260813_095508857.jpg","","","-3.65","2.74","-3.65","-999.99","6a7d947c3a81d30014ed83cd"
"2026-08-13T09:55:20.659Z","45.9336131","-130.0136404","ASNAP","","admin","","","","","","","","","","","","","881.30","1883.58","-3.3","-7.1","336.19","1537.92","3.61","SciCam","/SciCam.20260813_095520659.jpg","PilotCam","/PilotCam.20260813_095520659.jpg","BrowCam","/BrowCam.20260813_095520659.jpg","UserSelect","/UserSelect.20260813_095520659.jpg","","","-3.65","2.75","-3.65","-999.99","6a7d94883a81d30014ed83d1"
"2026-08-13T09:55:31.000Z","45.9336205","-130.0136351","Biology Type","","guest","","","Tubeworm","","","","","","","","","","881.71","1884.40","-4.0","-7.1","317.38","1538.07","3.61","SciCam","/SciCam.20260813_095531000.jpg","PilotCam","/PilotCam.20260813_095531000.jpg","BrowCam","/BrowCam.20260813_095531000.jpg","UserSelect","/UserSelect.20260813_095531000.jpg","","","-3.65","2.76","-3.65","-999.99","6a7d94933a81d30014ed83d5"
"2026-08-13T09:55:36.855Z","45.9336252","-130.0136336","Geologic Formations","mushroom","guest","","","","","Black smoker","","","","","","","","881.83","1884.93","-3.2","-7.3","303.08","1538.18","3.68","SciCam","/SciCam.20260813_095536855.jpg","PilotCam","/PilotCam.20260813_095536855.jpg","BrowCam","/BrowCam.20260813_095536855.jpg","UserSelect","/UserSelect.20260813_095536855.jpg","","","-3.65","2.77","-999.99","-999.99","6a7d94983a81d30014ed83d9"
"2026-08-13T09:55:50.704Z","45.9336333","-130.0136267","ASNAP","","admin","","","","","","","","","","","","","882.36","1885.82","-3.5","-7.2","291.72","1538.48","3.50","SciCam","/SciCam.20260813_095550704.jpg","PilotCam","/PilotCam.20260813_095550704.jpg","BrowCam","/BrowCam.20260813_095550704.jpg","UserSelect","/UserSelect.20260813_095550704.jpg","","","-3.65","2.77","-3.65","-999.99","6a7d94a63a81d30014ed83dd"
"2026-08-13T09:56:20.745Z","45.9336458","-130.0136374","ASNAP","","admin","","","","","","","","","","","","","881.53","1887.21","-4.7","-6.9","261.26","1538.83","3.27","SciCam","/SciCam.20260813_095620745.jpg","PilotCam","/PilotCam.20260813_095620745.jpg","BrowCam","/BrowCam.20260813_095620745.jpg","UserSelect","/UserSelect.20260813_095620745.jpg","","","-3.65","2.75","-3.65","-999.99","6a7d94c43a81d30014ed83e1"
"2026-08-13T09:56:22.000Z","","","SulisCam","","admin","","","","","","sulis_20260813095622.jpg","","","","","","","","","","","","","","","","","","","","","","352.947","357.828","","","","","6a7e04b73a81d30014ed8cde"
"2026-08-13T09:56:25.000Z","","","SulisCam","","admin","","","","","","sulis_20260813095625.jpg","","","","","","","","","","","","","","","","","","","","","","352.759","356.271","","","","","6a7e04b73a81d30014ed8ce0"
"2026-08-13T09:56:35.000Z","","","SulisCam","","admin","","","","","","sulis_20260813095635.jpg","","","","","","","","","","","","","","","","","","","","","","352.977","355.808","","","","","6a7e04b73a81d30014ed8ce2"
"2026-08-13T09:56:50.789Z","45.9336512","-130.0136449","ASNAP","","admin","","","","","","","","","","","","","880.95","1887.82","-3.7","-7.2","252.41","1538.98","2.94","SciCam","/SciCam.20260813_095650789.jpg","PilotCam","/PilotCam.20260813_095650789.jpg","BrowCam","/BrowCam.20260813_095650789.jpg","UserSelect","/UserSelect.20260813_095650789.jpg","","","-3.65","2.75","-3.65","-999.99","6a7d94e23a81d30014ed83e5"
"2026-08-13T09:56:52.000Z","","","SulisCam","","admin","","","","","","sulis_20260813095652.jpg","","","","","","","","","","","","","","","","","","","","","","352.766","356.217","","","","","6a7e04b73a81d30014ed8ce4"
"2026-08-13T09:57:08.000Z","","","SulisCam","","admin","","","","","","sulis_20260813095708.jpg","","","","","","","","","","","","","","","","","","","","","","352.763","356.277","","","","","6a7e04b83a81d30014ed8ce6"
"2026-08-13T09:57:20.833Z","45.9336514","-130.0136426","ASNAP","","admin","","","","","","","","","","","","","881.13","1887.84","-3.8","-7.0","252.02","1538.84","3.15","SciCam","/SciCam.20260813_095720833.jpg","PilotCam","/PilotCam.20260813_095720833.jpg","BrowCam","/BrowCam.20260813_095720833.jpg","UserSelect","/UserSelect.20260813_095720833.jpg","","","-3.65","2.67","-3.65","-999.99","6a7d95003a81d30014ed83e9"
"2026-08-13T09:57:43.000Z","","","SulisCam","","admin","","","","","","sulis_20260813095743.jpg","","","","","","","","","","","","","","","","","","","","","","352.946","356.343","","","","","6a7e04b83a81d30014ed8ce8"
"2026-08-13T09:57:50.878Z","45.9336515","-130.0136431","ASNAP","","admin","","","","","","","","","","","","","881.09","1887.85","-3.7","-7.2","252.42","1538.94","3.04","SciCam","/SciCam.20260813_095750878.jpg","PilotCam","/PilotCam.20260813_095750878.jpg","BrowCam","/BrowCam.20260813_095750878.jpg","UserSelect","/UserSelect.20260813_095750878.jpg","","","-3.65","2.71","-3.65","-999.99","6a7d951e3a81d30014ed83ed"
"2026-08-13T09:58:00.668Z","45.9336510","-130.0136440","HIGHLIGHTS","","guest","","","","","","","4K highlights stop","","","","","","881.02","1887.79","-3.7","-7.2","251.97","1538.86","3.07","SciCam","/SciCam.20260813_095800668.jpg","PilotCam","/PilotCam.20260813_095800668.jpg","BrowCam","/BrowCam.20260813_095800668.jpg","UserSelect","/UserSelect.20260813_095800668.jpg","","","-3.65","2.72","-3.65","-999.99","6a7d95283a81d30014ed83f1"
"2026-08-13T09:58:11.000Z","","","SulisCam","","admin","","","","","","sulis_20260813095811.jpg","","","","","","","","","","","","","","","","","","","","","","352.793","356.308","","","","","6a7e04b83a81d30014ed8cea"
"2026-08-13T09:58:20.926Z","45.9336548","-130.0136471","ASNAP","","admin","","","","","","","","","","","","","880.78","1888.21","-2.7","-7.2","243.56","1538.92","2.84","SciCam","/SciCam.20260813_095820926.jpg","PilotCam","/PilotCam.20260813_095820926.jpg","BrowCam","/BrowCam.20260813_095820926.jpg","UserSelect","/UserSelect.20260813_095820926.jpg","","","-3.65","2.77","-3.65","-999.99","6a7d953c3a81d30014ed83f5"
"2026-08-13T09:58:50.968Z","45.9336659","-130.0136684","ASNAP","","admin","","","","","","","","","","","","","879.13","1889.45","-4.1","-7.4","223.97","1539.10","2.94","SciCam","/SciCam.20260813_095850968.jpg","PilotCam","/PilotCam.20260813_095850968.jpg","BrowCam","/BrowCam.20260813_095850968.jpg","UserSelect","/UserSelect.20260813_095850968.jpg","","","-3.65","2.72","-3.65","-999.99","6a7d955a3a81d30014ed83f9"
"2026-08-13T09:59:20.995Z","45.9336807","-130.0136840","ASNAP","","admin","","","","","","","","","","","","","877.92","1891.09","-4.6","-7.3","224.62","1538.39","3.63","SciCam","/SciCam.20260813_095920995.jpg","PilotCam","/PilotCam.20260813_095920995.jpg","BrowCam","/BrowCam.20260813_095920995.jpg","UserSelect","/UserSelect.20260813_095920995.jpg","","","-3.65","2.78","-3.65","-999.99","6a7d95783a81d30014ed83fd"
"2026-08-13T09:59:51.038Z","45.9336866","-130.0137251","ASNAP","","admin","","","","","","","","","","","","","874.73","1891.75","-4.5","-7.0","228.56","1537.55","4.55","SciCam","/SciCam.20260813_095951038.jpg","PilotCam","/PilotCam.20260813_095951038.jpg","BrowCam","/BrowCam.20260813_095951038.jpg","UserSelect","/UserSelect.20260813_095951038.jpg","","","-3.65","2.74","-3.65","-999.99","6a7d95973a81d30014ed8401"
"2026-08-13T10:00:21.072Z","45.9336842","-130.0137768","ASNAP","","admin","","","","","","","","","","","","","870.72","1891.48","-4.1","-7.1","227.69","1538.73","3.17","SciCam","/SciCam.20260813_100021072.jpg","PilotCam","/PilotCam.20260813_100021072.jpg","BrowCam","/BrowCam.20260813_100021072.jpg","UserSelect","/UserSelect.20260813_100021072.jpg","","","-3.65","2.74","-3.65","-999.99","6a7d95b53a81d30014ed8405"
"2026-08-13T10:00:51.117Z","45.9336872","-130.0138598","ASNAP","","admin","","","","","","","","","","","","","864.28","1891.82","-4.8","-7.1","230.55","1538.36","3.48","SciCam","/SciCam.20260813_100051117.jpg","PilotCam","/PilotCam.20260813_100051117.jpg","BrowCam","/BrowCam.20260813_100051117.jpg","UserSelect","/UserSelect.20260813_100051117.jpg","","","-3.65","2.72","-3.65","-999.99","6a7d95d33a81d30014ed8409"
"2026-08-13T10:01:09.215Z","45.9336749","-130.0139045","Biology Type","","guest","","","Jelly","","","","","","","","","","860.81","1890.45","-3.6","-6.8","228.79","1538.77","2.69","SciCam","/SciCam.20260813_100109215.jpg","PilotCam","/PilotCam.20260813_100109215.jpg","BrowCam","/BrowCam.20260813_100109215.jpg","UserSelect","/UserSelect.20260813_100109215.jpg","","","-3.65","2.76","-3.65","-999.99","6a7d95e53a81d30014ed840d"
"2026-08-13T10:01:21.162Z","45.9336637","-130.0139185","ASNAP","","admin","","","","","","","","","","","","","859.72","1889.20","-4.3","-7.2","213.64","1539.14","2.48","SciCam","/SciCam.20260813_100121162.jpg","PilotCam","/PilotCam.20260813_100121162.jpg","BrowCam","/BrowCam.20260813_100121162.jpg","UserSelect","/UserSelect.20260813_100121162.jpg","","","-3.65","2.74","-3.65","-999.99","6a7d95f13a81d30014ed8411"
"2026-08-13T10:01:51.197Z","45.9336494","-130.0139464","ASNAP","","admin","","","","","","","","","","","","","857.56","1887.61","-4.1","-7.1","199.44","1539.96","1.59","SciCam","/SciCam.20260813_100151197.jpg","PilotCam","/PilotCam.20260813_100151197.jpg","BrowCam","/BrowCam.20260813_100151197.jpg","UserSelect","/UserSelect.20260813_100151197.jpg","","","-3.65","2.77","-3.65","-999.99","6a7d960f3a81d30014ed8415"
"2026-08-13T10:02:21.242Z","45.9336407","-130.0139558","ASNAP","","admin","","","","","","","","","","","","","856.83","1886.65","-4.5","-7.3","191.34","1539.71","1.69","SciCam","/SciCam.20260813_100221242.jpg","PilotCam","/PilotCam.20260813_100221242.jpg","BrowCam","/BrowCam.20260813_100221242.jpg","UserSelect","/UserSelect.20260813_100221242.jpg","","","-3.65","2.83","-3.65","-999.99","6a7d962d3a81d30014ed8419"
"2026-08-13T10:02:42.313Z","45.9336217","-130.0139442","Biology Type","","guest","","","Jelly","","","","","","","","","","857.73","1884.54","-4.4","-7.9","193.46","1538.08","3.61","SciCam","/SciCam.20260813_100242313.jpg","PilotCam","/PilotCam.20260813_100242313.jpg","BrowCam","/BrowCam.20260813_100242313.jpg","UserSelect","/UserSelect.20260813_100242313.jpg","","","-3.65","2.85","-3.65","-999.99","6a7d96423a81d30014ed841d"
"2026-08-13T10:02:51.000Z","","","SulisCam","","admin","","","","","","sulis_20260813100251.jpg","","","","","","","","","","","","","","","","","","","","","","352.788","355.980","","","","","6a7e04b83a81d30014ed8cec"
"2026-08-13T10:02:51.278Z","45.9335956","-130.0139328","ASNAP","","admin","","","","","","","","","","","","","858.61","1881.63","-4.1","-7.2","168.83","1539.06","3.04","SciCam","/SciCam.20260813_100251278.jpg","PilotCam","/PilotCam.20260813_100251278.jpg","BrowCam","/BrowCam.20260813_100251278.jpg","UserSelect","/UserSelect.20260813_100251278.jpg","","","-3.65","2.82","-3.65","-999.99","6a7d964b3a81d30014ed8421"
"2026-08-13T10:03:21.324Z","45.9335452","-130.0138837","ASNAP","","admin","","","","","","","","","","","","","862.42","1876.03","-3.9","-7.5","164.56","1539.84","1.82","SciCam","/SciCam.20260813_100321324.jpg","PilotCam","/PilotCam.20260813_100321324.jpg","BrowCam","/BrowCam.20260813_100321324.jpg","UserSelect","/UserSelect.20260813_100321324.jpg","","","-3.65","2.96","-3.65","-999.99","6a7d96693a81d30014ed8425"
"2026-08-13T10:03:34.473Z","45.9335316","-130.0138571","Geologic Formations","","guest","","","","","Pillow","","","","","","","","864.49","1874.52","-3.2","-7.9","148.63","1540.09","1.75","SciCam","/SciCam.20260813_100334473.jpg","PilotCam","/PilotCam.20260813_100334473.jpg","BrowCam","/BrowCam.20260813_100334473.jpg","UserSelect","/UserSelect.20260813_100334473.jpg","","","-3.65","2.77","-3.65","-999.99","6a7d96763a81d30014ed8429"
"2026-08-13T10:03:51.346Z","45.9335121","-130.0138367","ASNAP","","admin","","","","","","","","","","","","","866.07","1872.35","-3.8","-7.4","142.23","1539.88","2.00","SciCam","/SciCam.20260813_100351346.jpg","PilotCam","/PilotCam.20260813_100351346.jpg","BrowCam","/BrowCam.20260813_100351346.jpg","UserSelect","/UserSelect.20260813_100351346.jpg","","","-3.65","2.78","-3.65","-999.99","6a7d96873a81d30014ed842d"
"2026-08-13T10:04:11.996Z","45.9335059","-130.0138195","FREE_FORM","headed to ctdpfb304","guest","","","","","","","","","","","","","867.40","1871.66","-4.1","-7.4","156.18","1539.37","2.61","SciCam","/SciCam.20260813_100411996.jpg","PilotCam","/PilotCam.20260813_100411996.jpg","BrowCam","/BrowCam.20260813_100411996.jpg","UserSelect","/UserSelect.20260813_100411996.jpg","","","-3.65","2.71","-3.65","-999.99","6a7d969b3a81d30014ed8431"
"2026-08-13T10:04:21.389Z","45.9335087","-130.0138156","ASNAP","","admin","","","","","","","","","","","","","867.71","1871.98","-4.2","-6.9","175.40","1539.04","2.89","SciCam","/SciCam.20260813_100421389.jpg","PilotCam","/PilotCam.20260813_100421389.jpg","BrowCam","/BrowCam.20260813_100421389.jpg","UserSelect","/UserSelect.20260813_100421389.jpg","","","-3.65","2.76","-3.65","-999.99","6a7d96a53a81d30014ed8435"
"2026-08-13T10:04:51.433Z","45.9335320","-130.0138090","ASNAP","","admin","","","","","","","","","","","","","868.22","1874.57","-3.2","-6.7","298.19","1536.69","5.72","SciCam","/SciCam.20260813_100451433.jpg","PilotCam","/PilotCam.20260813_100451433.jpg","BrowCam","/BrowCam.20260813_100451433.jpg","UserSelect","/UserSelect.20260813_100451433.jpg","","","-3.65","2.71","-3.65","-999.99","6a7d96c33a81d30014ed8439"
"2026-08-13T10:05:21.478Z","45.9336073","-130.0138845","ASNAP","","admin","","","","","","","","","","","","","862.36","1882.94","-3.3","-7.3","328.80","1538.91","2.99","SciCam","/SciCam.20260813_100521478.jpg","PilotCam","/PilotCam.20260813_100521478.jpg","BrowCam","/BrowCam.20260813_100521478.jpg","UserSelect","/UserSelect.20260813_100521478.jpg","","","-3.65","3.00","-3.65","-999.99","6a7d96e13a81d30014ed843d"
"2026-08-13T10:05:48.000Z","","","SulisCam","","admin","","","","","","sulis_20260813100548.jpg","","","","","","","","","","","","","","","","","","","","","","352.736","357.693","","","","","6a7e04b83a81d30014ed8cee"
"2026-08-13T10:05:51.500Z","45.9336544","-130.0138867","ASNAP","","admin","","","","","","","","","","","","","862.19","1888.17","-2.7","-7.0","356.75","1538.53","3.43","SciCam","/SciCam.20260813_100551500.jpg","PilotCam","/PilotCam.20260813_100551500.jpg","BrowCam","/BrowCam.20260813_100551500.jpg","UserSelect","/UserSelect.20260813_100551500.jpg","","","-3.65","2.80","-3.65","-999.99","6a7d96ff3a81d30014ed8441"
"2026-08-13T10:06:13.888Z","45.9336611","-130.0138667","HIGHLIGHTS","","guest","","","","","","","4K highlights start","","","","","","863.74","1888.91","-3.2","-7.2","350.26","1538.77","3.38","SciCam","/SciCam.20260813_100613888.jpg","PilotCam","/PilotCam.20260813_100613888.jpg","BrowCam","/BrowCam.20260813_100613888.jpg","UserSelect","/UserSelect.20260813_100613888.jpg","","","-3.65","2.78","-3.65","-999.99","6a7d97153a81d30014ed8445"
"2026-08-13T10:06:17.000Z","","","SulisCam","","admin","","","","","","sulis_20260813100617.jpg","","","","","","","","","","","","","","","","","","","","","","352.866","357.217","","","","","6a7e04b83a81d30014ed8cf0"
"2026-08-13T10:06:21.527Z","45.9336635","-130.0138576","ASNAP","","admin","","","","","","","","","","","","","864.45","1889.18","-3.3","-7.0","339.25","1538.79","3.38","SciCam","/SciCam.20260813_100621527.jpg","PilotCam","/PilotCam.20260813_100621527.jpg","BrowCam","/BrowCam.20260813_100621527.jpg","UserSelect","/UserSelect.20260813_100621527.jpg","","","-3.65","2.77","-3.65","-999.99","6a7d971d3a81d30014ed8449"
"2026-08-13T10:06:33.349Z","45.9336681","-130.0138379","FREE_FORM","surveying ctdpfb304 area","guest","","","","","","","","","","","","","865.98","1889.69","-3.1","-6.8","325.21","1538.79","3.45","SciCam","/SciCam.20260813_100633349.jpg","PilotCam","/PilotCam.20260813_100633349.jpg","BrowCam","/BrowCam.20260813_100633349.jpg","UserSelect","/UserSelect.20260813_100633349.jpg","","","-3.65","2.79","-3.65","-999.99","6a7d97293a81d30014ed844d"
"2026-08-13T10:06:51.545Z","45.9336953","-130.0138272","ASNAP","","admin","","","","","","","","","","","","","866.81","1892.72","-3.7","-6.7","314.39","1538.70","3.07","SciCam","/SciCam.20260813_100651545.jpg","PilotCam","/PilotCam.20260813_100651545.jpg","BrowCam","/BrowCam.20260813_100651545.jpg","UserSelect","/UserSelect.20260813_100651545.jpg","","","-3.65","2.80","-3.65","-999.99","6a7d973b3a81d30014ed8451"
"2026-08-13T10:07:09.000Z","","","SulisCam","","admin","","","","","","sulis_20260813100709.jpg","","","","","","","","","","","","","","","","","","","","","","352.917","356.452","","","","","6a7e04b83a81d30014ed8cf2"
"2026-08-13T10:07:21.591Z","45.9337212","-130.0138064","ASNAP","","admin","","","","","","","","","","","","","868.42","1895.59","-3.6","-7.2","282.09","1538.77","2.97","SciCam","/SciCam.20260813_100721591.jpg","PilotCam","/PilotCam.20260813_100721591.jpg","BrowCam","/BrowCam.20260813_100721591.jpg","UserSelect","/UserSelect.20260813_100721591.jpg","","","-3.65","2.77","-3.65","-999.99","6a7d97593a81d30014ed8455"
"2026-08-13T10:07:31.000Z","","","SulisCam","","admin","","","","","","sulis_20260813100731.jpg","","","","","","","","","","","","","","","","","","","","","","352.849","356.329","","","","","6a7e04b83a81d30014ed8cf4"
"2026-08-13T10:07:51.638Z","45.9337636","-130.0138076","ASNAP","","admin","","","","","","","","","","","","","868.33","1900.31","-4.0","-7.1","253.09","1538.76","3.12","SciCam","/SciCam.20260813_100751638.jpg","PilotCam","/PilotCam.20260813_100751638.jpg","BrowCam","/BrowCam.20260813_100751638.jpg","UserSelect","/UserSelect.20260813_100751638.jpg","","","-3.65","2.72","-3.65","-999.99","6a7d97773a81d30014ed8459"
"2026-08-13T10:08:21.683Z","45.9337930","-130.0138623","ASNAP","","admin","","","","","","","","","","","","","864.08","1903.58","-4.2","-7.3","233.26","1538.80","2.77","SciCam","/SciCam.20260813_100821683.jpg","PilotCam","/PilotCam.20260813_100821683.jpg","BrowCam","/BrowCam.20260813_100821683.jpg","UserSelect","/UserSelect.20260813_100821683.jpg","","","-3.65","2.74","-3.65","-999.99","6a7d97953a81d30014ed845d"
"2026-08-13T10:08:36.000Z","","","SulisCam","","admin","","","","","","sulis_20260813100836.jpg","","","","","","","","","","","","","","","","","","","","","","352.673","355.706","","","","","6a7e04b83a81d30014ed8cf6"
"2026-08-13T10:08:49.583Z","45.9337984","-130.0139304","Biology Type","","guest","","","Unidentified","","","","","","","","","","858.80","1904.18","-4.2","-7.4","210.54","1538.79","2.69","SciCam","/SciCam.20260813_100849583.jpg","PilotCam","/PilotCam.20260813_100849583.jpg","BrowCam","/BrowCam.20260813_100849583.jpg","UserSelect","/UserSelect.20260813_100849583.jpg","","","-3.65","2.67","-3.65","-999.99","6a7d97b13a81d30014ed8461"
"2026-08-13T10:08:51.729Z","45.9337984","-130.0139353","ASNAP","","admin","","","","","","","","","","","","","858.42","1904.18","-4.3","-7.4","209.43","1538.79","2.79","SciCam","/SciCam.20260813_100851729.jpg","PilotCam","/PilotCam.20260813_100851729.jpg","BrowCam","/BrowCam.20260813_100851729.jpg","UserSelect","/UserSelect.20260813_100851729.jpg","","","-3.65","2.76","-3.65","-999.99","6a7d97b33a81d30014ed8465"
"2026-08-13T10:09:09.000Z","","","SulisCam","","admin","","","","","","sulis_20260813100909.jpg","","","","","","","","","","","","","","","","","","","","","","352.440","355.627","","","","","6a7e04b83a81d30014ed8cf8"
"2026-08-13T10:09:17.857Z","45.9337999","-130.0139976","Biology Type","","guest","","","Fish","","","","","","","","","","853.59","1904.34","-4.5","-7.7","182.09","1538.71","3.38","SciCam","/SciCam.20260813_100917857.jpg","PilotCam","/PilotCam.20260813_100917857.jpg","BrowCam","/BrowCam.20260813_100917857.jpg","UserSelect","/UserSelect.20260813_100917857.jpg","","","-3.65","2.74","-3.65","-999.99","6a7d97cd3a81d30014ed8469"
"2026-08-13T10:09:21.773Z","45.9337995","-130.0140046","ASNAP","","admin","","","","","","","","","","","","","853.04","1904.30","-4.4","-7.6","178.73","1538.70","3.50","SciCam","/SciCam.20260813_100921773.jpg","PilotCam","/PilotCam.20260813_100921773.jpg","BrowCam","/BrowCam.20260813_100921773.jpg","UserSelect","/UserSelect.20260813_100921773.jpg","","","-3.65","2.74","-3.65","-999.99","6a7d97d13a81d30014ed846d"
"2026-08-13T10:09:51.810Z","45.9337766","-130.0140577","ASNAP","","admin","","","","","","","","","","","","","848.92","1901.75","-4.1","-7.9","141.57","1538.65","3.04","SciCam","/SciCam.20260813_100951810.jpg","PilotCam","/PilotCam.20260813_100951810.jpg","BrowCam","/BrowCam.20260813_100951810.jpg","UserSelect","/UserSelect.20260813_100951810.jpg","","","-3.65","2.70","-3.65","-999.99","6a7d97ef3a81d30014ed8471"
"2026-08-13T10:09:58.000Z","","","SulisCam","","admin","","","","","","sulis_20260813100958.jpg","","","","","","","","","","","","","","","","","","","","","","351.955","356.018","","","","","6a7e04b83a81d30014ed8cfa"
"2026-08-13T10:10:21.856Z","45.9337305","-130.0140803","ASNAP","","admin","","","","","","","","","","","","","847.17","1896.63","-3.5","-8.0","100.33","1538.66","2.66","SciCam","/SciCam.20260813_101021856.jpg","PilotCam","/PilotCam.20260813_101021856.jpg","BrowCam","/BrowCam.20260813_101021856.jpg","UserSelect","/UserSelect.20260813_101021856.jpg","","","-3.65","2.74","-3.65","-999.99","6a7d980d3a81d30014ed8475"
"2026-08-13T10:10:51.873Z","45.9336952","-130.0140602","ASNAP","","admin","","","","","","","","","","","","","848.73","1892.71","-3.2","-7.8","57.52","1538.68","2.74","SciCam","/SciCam.20260813_101051873.jpg","PilotCam","/PilotCam.20260813_101051873.jpg","BrowCam","/BrowCam.20260813_101051873.jpg","UserSelect","/UserSelect.20260813_101051873.jpg","","","-3.65","2.70","-3.65","-999.99","6a7d982b3a81d30014ed8479"
"2026-08-13T10:10:52.000Z","","","SulisCam","","admin","","","","","","sulis_20260813101052.jpg","","","","","","","","","","","","","","","","","","","","","","352.184","356.806","","","","","6a7e04b83a81d30014ed8cfc"
"2026-08-13T10:11:11.000Z","","","SulisCam","","admin","","","","","","sulis_20260813101111.jpg","","","","","","","","","","","","","","","","","","","","","","352.498","356.925","","","","","6a7e04b83a81d30014ed8cfe"
"2026-08-13T10:11:21.918Z","45.9336713","-130.0140059","ASNAP","","admin","","","","","","","","","","","","","852.94","1890.05","-3.1","-7.5","33.87","1538.78","3.12","SciCam","/SciCam.20260813_101121918.jpg","PilotCam","/PilotCam.20260813_101121918.jpg","BrowCam","/BrowCam.20260813_101121918.jpg","UserSelect","/UserSelect.20260813_101121918.jpg","","","-3.65","2.71","-3.65","-999.99","6a7d98493a81d30014ed847d"
"2026-08-13T10:11:51.942Z","45.9336594","-130.0139429","ASNAP","","admin","","","","","","","","","","","","","857.83","1888.73","-3.2","-7.3","8.21","1538.73","3.10","SciCam","/SciCam.20260813_101151942.jpg","PilotCam","/PilotCam.20260813_101151942.jpg","BrowCam","/BrowCam.20260813_101151942.jpg","UserSelect","/UserSelect.20260813_101151942.jpg","","","-3.65","2.72","-3.65","-999.99","6a7d98673a81d30014ed8481"
"2026-08-13T10:12:05.000Z","","","SulisCam","","admin","","","","","","sulis_20260813101205.jpg","","","","","","","","","","","","","","","","","","","","","","352.907","356.691","","","","","6a7e04b93a81d30014ed8d00"
"2026-08-13T10:12:21.982Z","45.9336673","-130.0138715","ASNAP","","admin","","","","","","","","","","","","","863.37","1889.60","-3.0","-7.0","0.98","1538.88","3.25","SciCam","/SciCam.20260813_101221982.jpg","PilotCam","/PilotCam.20260813_101221982.jpg","BrowCam","/BrowCam.20260813_101221982.jpg","UserSelect","/UserSelect.20260813_101221982.jpg","","","-3.65","2.77","-3.65","-999.99","6a7d98853a81d30014ed8485"
"2026-08-13T10:12:23.808Z","45.9336682","-130.0138707","HIGHLIGHTS","","guest","","","","","","","4K highlights stop","","","","","","863.43","1889.70","-3.2","-7.1","359.64","1538.90","3.22","SciCam","/SciCam.20260813_101223808.jpg","PilotCam","/PilotCam.20260813_101223808.jpg","BrowCam","/BrowCam.20260813_101223808.jpg","UserSelect","/UserSelect.20260813_101223808.jpg","","","-3.65","2.79","-3.65","-999.99","6a7d98873a81d30014ed8489"
"2026-08-13T10:12:52.026Z","45.9337057","-130.0138515","ASNAP","","admin","","","","","","","","","","","","","864.92","1893.87","-3.8","-7.5","355.51","1539.57","2.23","SciCam","/SciCam.20260813_101252026.jpg","PilotCam","/PilotCam.20260813_101252026.jpg","BrowCam","/BrowCam.20260813_101252026.jpg","UserSelect","/UserSelect.20260813_101252026.jpg","","","-3.65","2.73","-3.65","-999.99","6a7d98a43a81d30014ed848d"
"2026-08-13T10:13:03.000Z","","","SulisCam","","admin","","","","","","sulis_20260813101303.jpg","","","","","","","","","","","","","","","","","","","","","","352.670","357.682","","","","","6a7e04b93a81d30014ed8d02"
"2026-08-13T10:13:03.917Z","45.9337138","-130.0138407","FREE_FORM","setting down tripod from jason porch","guest","","","","","","","","","","","","","865.76","1894.77","-1.6","-7.2","345.58","1539.81","1.95","SciCam","/SciCam.20260813_101303917.jpg","PilotCam","/PilotCam.20260813_101303917.jpg","BrowCam","/BrowCam.20260813_101303917.jpg","UserSelect","/UserSelect.20260813_101303917.jpg","","","-3.65","2.75","-3.65","-999.99","6a7d98af3a81d30014ed8491"
"2026-08-13T10:13:19.000Z","","","SulisCam","","admin","","","","","","sulis_20260813101319.jpg","","","","","","","","","","","","","","","","","","","","","","353.035","356.840","","","","","6a7e04b93a81d30014ed8d04"
"2026-08-13T10:13:22.054Z","45.9337177","-130.0138288","ASNAP","","admin","","","","","","","","","","","","","866.68","1895.21","-3.2","-7.2","309.82","1539.66","2.18","SciCam","/SciCam.20260813_101322054.jpg","PilotCam","/PilotCam.20260813_101322054.jpg","BrowCam","/BrowCam.20260813_101322054.jpg","UserSelect","/UserSelect.20260813_101322054.jpg","","","-3.65","2.71","-3.65","-999.99","6a7d98c23a81d30014ed8495"
"2026-08-13T10:13:52.083Z","45.9337296","-130.0138253","ASNAP","","admin","","","","","","","","","","","","","866.95","1896.53","-3.3","-7.3","304.88","1539.42","2.18","SciCam","/SciCam.20260813_101352083.jpg","PilotCam","/PilotCam.20260813_101352083.jpg","BrowCam","/BrowCam.20260813_101352083.jpg","UserSelect","/UserSelect.20260813_101352083.jpg","","","-3.65","2.74","-3.65","-999.99","6a7d98e03a81d30014ed8499"
"2026-08-13T10:14:22.111Z","45.9337331","-130.0138395","ASNAP","","admin","","","","","","","","","","","","","865.85","1896.92","-3.7","-3.5","303.75","1540.10","1.16","SciCam","/SciCam.20260813_101422111.jpg","PilotCam","/PilotCam.20260813_101422111.jpg","BrowCam","/BrowCam.20260813_101422111.jpg","UserSelect","/UserSelect.20260813_101422111.jpg","","","-3.65","2.75","-3.65","-999.99","6a7d98fe3a81d30014ed849d"
"2026-08-13T10:14:52.154Z","45.9337329","-130.0138393","ASNAP","","admin","","","","","","","","","","","","","865.87","1896.90","-3.8","-4.3","303.74","1540.08","1.18","SciCam","/SciCam.20260813_101452154.jpg","PilotCam","/PilotCam.20260813_101452154.jpg","BrowCam","/BrowCam.20260813_101452154.jpg","UserSelect","/UserSelect.20260813_101452154.jpg","","","-3.65","2.70","-3.65","-999.99","6a7d991c3a81d30014ed84a1"
"2026-08-13T10:15:12.810Z","45.9337327","-130.0138389","ROV Actions","shifting position of previous ctdpfb304","guest","","(Port) Manipulator in use","","","","","","","","","","","865.90","1896.87","-3.6","-4.0","302.12","1540.08","1.16","SciCam","/SciCam.20260813_101512810.jpg","PilotCam","/PilotCam.20260813_101512810.jpg","BrowCam","/BrowCam.20260813_101512810.jpg","UserSelect","/UserSelect.20260813_101512810.jpg","","","-3.65","2.75","-3.65","-999.99","6a7d99303a81d30014ed84a5"
"2026-08-13T10:15:22.199Z","45.9337328","-130.0138388","ASNAP","","admin","","","","","","","","","","","","","865.91","1896.88","-3.7","-4.1","302.14","1540.07","1.16","SciCam","/SciCam.20260813_101522199.jpg","PilotCam","/PilotCam.20260813_101522199.jpg","BrowCam","/BrowCam.20260813_101522199.jpg","UserSelect","/UserSelect.20260813_101522199.jpg","","","-3.65","2.68","-3.65","-999.99","6a7d993a3a81d30014ed84a9"
"2026-08-13T10:15:50.000Z","","","SulisCam","","admin","","","","","","sulis_20260813101550.jpg","","","","","","","","","","","","","","","","","","","","","","355.160","356.243","","","","","6a7e04b93a81d30014ed8d06"
"2026-08-13T10:15:52.178Z","45.9337327","-130.0138388","Biology Type","","guest","","","Fish","","","","","","","","","","865.91","1896.87","-3.7","-4.3","302.21","1540.07","1.18","SciCam","/SciCam.20260813_101552178.jpg","PilotCam","/PilotCam.20260813_101552178.jpg","BrowCam","/BrowCam.20260813_101552178.jpg","UserSelect","/UserSelect.20260813_101552178.jpg","","","-3.65","2.72","-3.65","-999.99","6a7d99583a81d30014ed84ad"
"2026-08-13T10:15:52.241Z","45.9337327","-130.0138388","ASNAP","","admin","","","","","","","","","","","","","865.91","1896.87","-3.7","-4.3","302.21","1540.07","1.18","SciCam","/SciCam.20260813_101552241.jpg","PilotCam","/PilotCam.20260813_101552241.jpg","BrowCam","/BrowCam.20260813_101552241.jpg","UserSelect","/UserSelect.20260813_101552241.jpg","","","-3.65","2.72","-3.65","-999.99","6a7d99583a81d30014ed84b0"
"2026-08-13T10:16:22.286Z","45.9337337","-130.0138366","ASNAP","","admin","","","","","","","","","","","","","866.08","1896.98","-3.3","-4.2","303.81","1540.07","1.16","SciCam","/SciCam.20260813_101622286.jpg","PilotCam","/PilotCam.20260813_101622286.jpg","BrowCam","/BrowCam.20260813_101622286.jpg","UserSelect","/UserSelect.20260813_101622286.jpg","","","-3.65","2.72","-3.65","-999.99","6a7d99763a81d30014ed84b5"
"2026-08-13T10:16:44.547Z","45.9337337","-130.0138364","Biology Type","","guest","","","Fish","","","","","","","","","","866.09","1896.98","-3.3","-4.2","303.73","1540.06","1.13","SciCam","/SciCam.20260813_101644547.jpg","PilotCam","/PilotCam.20260813_101644547.jpg","BrowCam","/BrowCam.20260813_101644547.jpg","UserSelect","/UserSelect.20260813_101644547.jpg","","","-3.65","2.80","-3.65","-999.99","6a7d998c3a81d30014ed84b9"
"2026-08-13T10:16:47.000Z","","","SulisCam","","admin","","","","","","sulis_20260813101647.jpg","","","","","","","","","","","","","","","","","","","","","","355.583","356.640","","","","","6a7e04b93a81d30014ed8d08"
"2026-08-13T10:16:52.302Z","45.9337338","-130.0138367","ASNAP","","admin","","","","","","","","","","","","","866.07","1897.00","-3.3","-3.4","303.63","1540.07","1.13","SciCam","/SciCam.20260813_101652302.jpg","PilotCam","/PilotCam.20260813_101652302.jpg","BrowCam","/BrowCam.20260813_101652302.jpg","UserSelect","/UserSelect.20260813_101652302.jpg","","","-3.65","2.84","-3.65","-999.99","6a7d99943a81d30014ed84bd"
"2026-08-13T10:16:55.681Z","45.9337338","-130.0138367","Biology Type","","guest","","","Fish","","","","","","","","","","866.07","1897.00","-3.3","-3.7","303.64","1540.07","1.13","SciCam","/SciCam.20260813_101655681.jpg","PilotCam","/PilotCam.20260813_101655681.jpg","BrowCam","/BrowCam.20260813_101655681.jpg","UserSelect","/UserSelect.20260813_101655681.jpg","","","-3.65","2.79","-3.65","-999.99","6a7d99973a81d30014ed84c1"
"2026-08-13T10:17:22.346Z","45.9337337","-130.0138368","ASNAP","","admin","","","","","","","","","","","","","866.06","1896.98","-3.3","-3.6","303.63","1540.06","1.13","SciCam","/SciCam.20260813_101722346.jpg","PilotCam","/PilotCam.20260813_101722346.jpg","BrowCam","/BrowCam.20260813_101722346.jpg","UserSelect","/UserSelect.20260813_101722346.jpg","","","-3.65","2.81","-3.65","-999.99","6a7d99b23a81d30014ed84c5"
"2026-08-13T10:17:52.390Z","45.9337338","-130.0138371","ASNAP","","admin","","","","","","","","","","","","","866.04","1897.00","-3.3","-3.6","303.63","1540.06","1.13","SciCam","/SciCam.20260813_101752390.jpg","PilotCam","/PilotCam.20260813_101752390.jpg","BrowCam","/BrowCam.20260813_101752390.jpg","UserSelect","/UserSelect.20260813_101752390.jpg","","","-3.65","2.78","-3.65","-999.99","6a7d99d03a81d30014ed84c9"
"2026-08-13T10:18:13.676Z","45.9337338","-130.0138372","ROV Actions","moving new ctdpfb304 to old ctd position","guest","","(Starboard) Manipulator in use","","","","","","","","","","","866.03","1897.00","-3.3","-3.8","303.64","1540.06","1.13","SciCam","/SciCam.20260813_101813676.jpg","PilotCam","/PilotCam.20260813_101813676.jpg","BrowCam","/BrowCam.20260813_101813676.jpg","UserSelect","/UserSelect.20260813_101813676.jpg","","","-3.65","2.82","-3.65","-999.99","6a7d99e53a81d30014ed84cd"
"2026-08-13T10:18:22.434Z","45.9337339","-130.0138375","ASNAP","","admin","","","","","","","","","","","","","866.01","1897.01","-3.3","-4.5","303.66","1540.04","1.16","SciCam","/SciCam.20260813_101822434.jpg","PilotCam","/PilotCam.20260813_101822434.jpg","BrowCam","/BrowCam.20260813_101822434.jpg","UserSelect","/UserSelect.20260813_101822434.jpg","","","-3.65","2.78","-3.65","-999.99","6a7d99ee3a81d30014ed84d1"
"2026-08-13T10:18:52.449Z","45.9337343","-130.0138377","ASNAP","","admin","","","","","","","","","","","","","865.99","1897.05","-3.4","-4.7","303.69","1540.03","1.16","SciCam","/SciCam.20260813_101852449.jpg","PilotCam","/PilotCam.20260813_101852449.jpg","BrowCam","/BrowCam.20260813_101852449.jpg","UserSelect","/UserSelect.20260813_101852449.jpg","","","-3.65","2.81","-3.65","-999.99","6a7d9a0c3a81d30014ed84d5"
"2026-08-13T10:19:22.496Z","45.9337344","-130.0138377","ASNAP","","admin","","","","","","","","","","","","","865.99","1897.06","-3.4","-4.5","303.72","1540.03","1.16","SciCam","/SciCam.20260813_101922496.jpg","PilotCam","/PilotCam.20260813_101922496.jpg","BrowCam","/BrowCam.20260813_101922496.jpg","UserSelect","/UserSelect.20260813_101922496.jpg","","","-3.65","2.78","-3.65","-999.99","6a7d9a2a3a81d30014ed84d9"
"2026-08-13T10:19:32.746Z","45.9337344","-130.0138377","Biology Type","","guest","","","Fish","","","","","","","","","","865.99","1897.06","-3.4","-4.5","303.71","1540.03","1.16","SciCam","/SciCam.20260813_101932746.jpg","PilotCam","/PilotCam.20260813_101932746.jpg","BrowCam","/BrowCam.20260813_101932746.jpg","UserSelect","/UserSelect.20260813_101932746.jpg","","","-3.65","2.81","-3.65","-999.99","6a7d9a343a81d30014ed84dd"
"2026-08-13T10:19:48.779Z","45.9337344","-130.0138377","Biology Type","","guest","","","Fish","","","","","","","","","","865.99","1897.06","-3.3","-3.5","302.91","1540.04","1.13","SciCam","/SciCam.20260813_101948779.jpg","PilotCam","/PilotCam.20260813_101948779.jpg","BrowCam","/BrowCam.20260813_101948779.jpg","UserSelect","/UserSelect.20260813_101948779.jpg","","","-3.65","2.79","-3.65","-999.99","6a7d9a443a81d30014ed84e1"
"2026-08-13T10:19:52.541Z","45.9337345","-130.0138376","ASNAP","","admin","","","","","","","","","","","","","866.00","1897.07","-3.3","-3.4","302.76","1540.04","1.11","SciCam","/SciCam.20260813_101952541.jpg","PilotCam","/PilotCam.20260813_101952541.jpg","BrowCam","/BrowCam.20260813_101952541.jpg","UserSelect","/UserSelect.20260813_101952541.jpg","","","-3.65","2.78","-3.65","-999.99","6a7d9a483a81d30014ed84e5"
"2026-08-13T10:19:59.000Z","","","SulisCam","","admin","","","","","","sulis_20260813101959.jpg","","","","","","","","","","","","","","","","","","","","","","356.592","356.732","","","","","6a7e04b93a81d30014ed8d0a"
"2026-08-13T10:20:22.586Z","45.9337293","-130.0138354","ASNAP","","admin","","","","","","","","","","","","","866.17","1896.50","-0.8","-6.2","301.70","1539.14","2.28","SciCam","/SciCam.20260813_102022586.jpg","PilotCam","/PilotCam.20260813_102022586.jpg","BrowCam","/BrowCam.20260813_102022586.jpg","UserSelect","/UserSelect.20260813_102022586.jpg","","","-3.65","2.80","-3.65","-999.99","6a7d9a663a81d30014ed84e9"
"2026-08-13T10:20:47.000Z","","","SulisCam","","admin","","","","","","sulis_20260813102047.jpg","","","","","","","","","","","","","","","","","","","","","","357.023","356.308","","","","","6a7e04b93a81d30014ed8d0c"
"2026-08-13T10:20:52.606Z","45.9337307","-130.0138393","ASNAP","","admin","","","","","","","","","","","","","865.87","1896.65","-3.7","-3.7","299.87","1540.02","1.16","SciCam","/SciCam.20260813_102052606.jpg","PilotCam","/PilotCam.20260813_102052606.jpg","BrowCam","/BrowCam.20260813_102052606.jpg","UserSelect","/UserSelect.20260813_102052606.jpg","","","-3.65","2.75","-3.65","-999.99","6a7d9a843a81d30014ed84ed"
"2026-08-13T10:21:13.831Z","45.9337305","-130.0138395","ROV Actions","rotating and repositioning new ctdpfb304\n","guest","","(Starboard) Manipulator in use","","","","","","","","","","","865.85","1896.63","-3.7","-3.8","299.88","1540.02","1.16","SciCam","/SciCam.20260813_102113831.jpg","PilotCam","/PilotCam.20260813_102113831.jpg","BrowCam","/BrowCam.20260813_102113831.jpg","UserSelect","/UserSelect.20260813_102113831.jpg","","","-3.65","2.74","-3.65","-999.99","6a7d9a993a81d30014ed84f1"
"2026-08-13T10:21:22.650Z","45.9337304","-130.0138397","ASNAP","","admin","","","","","","","","","","","","","865.84","1896.62","-3.7","-3.8","299.88","1540.01","1.16","SciCam","/SciCam.20260813_102122650.jpg","PilotCam","/PilotCam.20260813_102122650.jpg","BrowCam","/BrowCam.20260813_102122650.jpg","UserSelect","/UserSelect.20260813_102122650.jpg","","","-3.65","2.72","-3.65","-999.99","6a7d9aa23a81d30014ed84f5"
"2026-08-13T10:21:52.695Z","45.9337302","-130.0138400","ASNAP","","admin","","","","","","","","","","","","","865.81","1896.60","-3.8","-5.2","299.95","1539.99","1.29","SciCam","/SciCam.20260813_102152695.jpg","PilotCam","/PilotCam.20260813_102152695.jpg","BrowCam","/BrowCam.20260813_102152695.jpg","UserSelect","/UserSelect.20260813_102152695.jpg","","","-3.65","2.78","-3.65","-999.99","6a7d9ac03a81d30014ed84f9"
"2026-08-13T10:22:22.741Z","45.9337300","-130.0138402","ASNAP","","admin","","","","","","","","","","","","","865.80","1896.57","-3.7","-4.5","299.93","1540.00","1.18","SciCam","/SciCam.20260813_102222741.jpg","PilotCam","/PilotCam.20260813_102222741.jpg","BrowCam","/BrowCam.20260813_102222741.jpg","UserSelect","/UserSelect.20260813_102222741.jpg","","","-3.65","2.76","-3.65","-999.99","6a7d9ade3a81d30014ed84fd"
"2026-08-13T10:22:36.000Z","","","SulisCam","","admin","","","","","","sulis_20260813102236.jpg","","","","","","","","","","","","","","","","","","","","","","355.623","356.240","","","","","6a7e04b93a81d30014ed8d0e"
"2026-08-13T10:22:36.459Z","45.9337298","-130.0138403","ROV Actions","favorable position, now unlatching pins of teh cable\n","guest","","(Starboard) Manipulator in use","","","","","","","","","","","865.79","1896.55","-3.7","-4.3","299.95","1539.99","1.21","SciCam","/SciCam.20260813_102236459.jpg","PilotCam","/PilotCam.20260813_102236459.jpg","BrowCam","/BrowCam.20260813_102236459.jpg","UserSelect","/UserSelect.20260813_102236459.jpg","","","-3.65","2.81","-3.65","-999.99","6a7d9aec3a81d30014ed8501"
"2026-08-13T10:22:52.762Z","45.9337298","-130.0138402","ASNAP","","admin","","","","","","","","","","","","","865.80","1896.55","-3.7","-3.7","299.92","1540.00","1.16","SciCam","/SciCam.20260813_102252762.jpg","PilotCam","/PilotCam.20260813_102252762.jpg","BrowCam","/BrowCam.20260813_102252762.jpg","UserSelect","/UserSelect.20260813_102252762.jpg","","","-3.65","2.81","-3.65","-999.99","6a7d9afc3a81d30014ed8505"
"2026-08-13T10:23:22.810Z","45.9337296","-130.0138402","ASNAP","","admin","","","","","","","","","","","","","865.80","1896.53","-3.7","-3.7","299.92","1540.00","1.16","SciCam","/SciCam.20260813_102322810.jpg","PilotCam","/PilotCam.20260813_102322810.jpg","BrowCam","/BrowCam.20260813_102322810.jpg","UserSelect","/UserSelect.20260813_102322810.jpg","","","-3.65","2.78","-999.99","-999.99","6a7d9b1a3a81d30014ed8509"
"2026-08-13T10:23:23.000Z","","","SulisCam","","admin","","","","","","sulis_20260813102323.jpg","","","","","","","","","","","","","","","","","","","","","","356.322","356.255","","","","","6a7e04b93a81d30014ed8d10"
"2026-08-13T10:23:52.854Z","45.9337295","-130.0138398","ASNAP","","admin","","","","","","","","","","","","","865.83","1896.52","-3.7","-3.2","299.91","1540.00","1.13","SciCam","/SciCam.20260813_102352854.jpg","PilotCam","/PilotCam.20260813_102352854.jpg","BrowCam","/BrowCam.20260813_102352854.jpg","UserSelect","/UserSelect.20260813_102352854.jpg","","","-3.65","2.85","-3.65","-999.99","6a7d9b383a81d30014ed850d"
"2026-08-13T10:24:22.900Z","45.9337293","-130.0138403","ASNAP","","admin","","","","","","","","","","","","","865.79","1896.49","-3.8","-4.7","299.97","1539.97","1.18","SciCam","/SciCam.20260813_102422900.jpg","PilotCam","/PilotCam.20260813_102422900.jpg","BrowCam","/BrowCam.20260813_102422900.jpg","UserSelect","/UserSelect.20260813_102422900.jpg","","","-3.65","2.84","-3.65","-999.99","6a7d9b563a81d30014ed8511"
"2026-08-13T10:24:31.518Z","45.9337293","-130.0138403","FREE_FORM","cable bungees removed","guest","","","","","","","","","","","","","865.79","1896.49","-3.7","-3.3","299.92","1539.99","1.13","SciCam","/SciCam.20260813_102431518.jpg","PilotCam","/PilotCam.20260813_102431518.jpg","BrowCam","/BrowCam.20260813_102431518.jpg","UserSelect","/UserSelect.20260813_102431518.jpg","","","-3.65","2.81","-3.65","-999.99","6a7d9b5f3a81d30014ed8515"
"2026-08-13T10:24:52.947Z","45.9337290","-130.0138402","ASNAP","","admin","","","","","","","","","","","","","865.80","1896.46","-3.8","-4.2","299.97","1539.97","1.18","SciCam","/SciCam.20260813_102452947.jpg","PilotCam","/PilotCam.20260813_102452947.jpg","BrowCam","/BrowCam.20260813_102452947.jpg","UserSelect","/UserSelect.20260813_102452947.jpg","","","-3.65","2.84","-3.65","-999.99","6a7d9b743a81d30014ed8519"
"2026-08-13T10:25:11.798Z","45.9337289","-130.0138403","ROV Actions","securing cable plug\n","guest","","(Starboard) Manipulator in use","","","","","","","","","","","865.79","1896.45","-3.7","-3.6","299.94","1539.98","1.16","SciCam","/SciCam.20260813_102511798.jpg","PilotCam","/PilotCam.20260813_102511798.jpg","BrowCam","/BrowCam.20260813_102511798.jpg","UserSelect","/UserSelect.20260813_102511798.jpg","","","-3.65","2.84","-3.65","-999.99","6a7d9b873a81d30014ed851d"
"2026-08-13T10:25:22.994Z","45.9337288","-130.0138402","ASNAP","","admin","","","","","","","","","","","","","865.80","1896.44","-3.8","-4.1","300.08","1539.97","1.16","SciCam","/SciCam.20260813_102522994.jpg","PilotCam","/PilotCam.20260813_102522994.jpg","BrowCam","/BrowCam.20260813_102522994.jpg","UserSelect","/UserSelect.20260813_102522994.jpg","","","-3.65","2.81","-3.65","-999.99","6a7d9b923a81d30014ed8521"
"2026-08-13T10:25:53.034Z","45.9337288","-130.0138400","ASNAP","","admin","","","","","","","","","","","","","865.81","1896.44","-3.7","-3.3","300.66","1539.98","1.16","SciCam","/SciCam.20260813_102553034.jpg","PilotCam","/PilotCam.20260813_102553034.jpg","BrowCam","/BrowCam.20260813_102553034.jpg","UserSelect","/UserSelect.20260813_102553034.jpg","","","-3.65","2.77","-3.65","-999.99","6a7d9bb13a81d30014ed8525"
"2026-08-13T10:25:59.000Z","","","SulisCam","","admin","","","","","","sulis_20260813102559.jpg","","","","","","","","","","","","","","","","","","","","","","356.602","356.247","","","","","6a7e04b93a81d30014ed8d12"
"2026-08-13T10:26:23.062Z","45.9337287","-130.0138403","ASNAP","","admin","","","","","","","","","","","","","865.79","1896.43","-3.7","-3.3","300.66","1539.97","1.16","SciCam","/SciCam.20260813_102623062.jpg","PilotCam","/PilotCam.20260813_102623062.jpg","BrowCam","/BrowCam.20260813_102623062.jpg","UserSelect","/UserSelect.20260813_102623062.jpg","","","-3.65","2.79","-3.65","-999.99","6a7d9bcf3a81d30014ed8529"
"2026-08-13T10:26:53.086Z","45.9337205","-130.0138393","ASNAP","","admin","","","","","","","","","","","","","865.87","1895.52","-2.6","-5.9","308.35","1538.67","2.71","SciCam","/SciCam.20260813_102653086.jpg","PilotCam","/PilotCam.20260813_102653086.jpg","BrowCam","/BrowCam.20260813_102653086.jpg","UserSelect","/UserSelect.20260813_102653086.jpg","","","-3.65","2.76","-3.65","-999.99","6a7d9bed3a81d30014ed852d"
"2026-08-13T10:27:05.909Z","45.9337191","-130.0138500","FREE_FORM","moving cable to jbox","guest","","","","","","","","","","","","","865.04","1895.36","-2.8","-6.3","322.19","1537.92","3.53","SciCam","/SciCam.20260813_102705909.jpg","PilotCam","/PilotCam.20260813_102705909.jpg","BrowCam","/BrowCam.20260813_102705909.jpg","UserSelect","/UserSelect.20260813_102705909.jpg","","","-3.65","2.77","-999.99","-999.99","6a7d9bf93a81d30014ed8531"
"2026-08-13T10:27:23.130Z","45.9337198","-130.0138767","ASNAP","","admin","","","","","","","","","","","","","862.97","1895.44","-4.8","-6.2","1.20","1538.13","3.25","SciCam","/SciCam.20260813_102723130.jpg","PilotCam","/PilotCam.20260813_102723130.jpg","BrowCam","/BrowCam.20260813_102723130.jpg","UserSelect","/UserSelect.20260813_102723130.jpg","","","-3.65","2.77","-999.99","-999.99","6a7d9c0b3a81d30014ed8535"
"2026-08-13T10:27:53.149Z","45.9337233","-130.0139416","ASNAP","","admin","","","","","","","","","","","","","857.93","1895.83","-3.1","-6.5","26.03","1539.00","2.59","SciCam","/SciCam.20260813_102753149.jpg","PilotCam","/PilotCam.20260813_102753149.jpg","BrowCam","/BrowCam.20260813_102753149.jpg","UserSelect","/UserSelect.20260813_102753149.jpg","","","-3.65","2.75","-999.99","-999.99","6a7d9c293a81d30014ed8539"
"2026-08-13T10:28:23.195Z","45.9337265","-130.0139616","ASNAP","","admin","","","","","","","","","","","","","856.38","1896.18","-3.3","-6.7","48.22","1539.11","2.38","SciCam","/SciCam.20260813_102823195.jpg","PilotCam","/PilotCam.20260813_102823195.jpg","BrowCam","/BrowCam.20260813_102823195.jpg","UserSelect","/UserSelect.20260813_102823195.jpg","","","-3.65","2.74","-3.65","-999.99","6a7d9c473a81d30014ed853d"
"2026-08-13T10:28:39.210Z","45.9337167","-130.0139540","FREE_FORM","making sure cable is alright","guest","","","","","","","","","","","","","856.97","1895.10","-4.5","-6.9","32.91","1539.15","2.31","SciCam","/SciCam.20260813_102839210.jpg","PilotCam","/PilotCam.20260813_102839210.jpg","BrowCam","/BrowCam.20260813_102839210.jpg","UserSelect","/UserSelect.20260813_102839210.jpg","","","-3.65","2.71","-999.99","-999.99","6a7d9c573a81d30014ed8541"
"2026-08-13T10:28:53.241Z","45.9337168","-130.0139415","ASNAP","","admin","","","","","","","","","","","","","857.94","1895.11","-2.2","-6.4","356.75","1539.13","2.03","SciCam","/SciCam.20260813_102853241.jpg","PilotCam","/PilotCam.20260813_102853241.jpg","BrowCam","/BrowCam.20260813_102853241.jpg","UserSelect","/UserSelect.20260813_102853241.jpg","","","-3.65","2.75","-3.65","-999.99","6a7d9c653a81d30014ed8545"
"2026-08-13T10:29:23.270Z","45.9337167","-130.0139117","ASNAP","","admin","","","","","","","","","","","","","860.25","1895.09","-2.5","-6.2","315.98","1538.21","2.99","SciCam","/SciCam.20260813_102923270.jpg","PilotCam","/PilotCam.20260813_102923270.jpg","BrowCam","/BrowCam.20260813_102923270.jpg","UserSelect","/UserSelect.20260813_102923270.jpg","","","-3.65","2.73","-999.99","-999.99","6a7d9c833a81d30014ed8549"
"2026-08-13T10:29:53.316Z","45.9337268","-130.0139272","ASNAP","","admin","","","","","","","","","","","","","859.05","1896.22","-4.3","-6.0","298.60","1539.16","2.03","SciCam","/SciCam.20260813_102953316.jpg","PilotCam","/PilotCam.20260813_102953316.jpg","BrowCam","/BrowCam.20260813_102953316.jpg","UserSelect","/UserSelect.20260813_102953316.jpg","","","-3.65","2.76","-3.65","-999.99","6a7d9ca13a81d30014ed854d"
"2026-08-13T10:30:02.000Z","","","SulisCam","","admin","","","","","","sulis_20260813103002.jpg","","","","","","","","","","","","","","","","","","","","","","353.927","355.697","","","","","6a7e04b93a81d30014ed8d14"
"2026-08-13T10:30:22.894Z","45.9337298","-130.0139363","FREE_FORM","being careful about approach, many wires","guest","","","","","","","","","","","","","858.34","1896.55","-4.6","-5.9","289.27","1539.17","1.98","SciCam","/SciCam.20260813_103022894.jpg","PilotCam","/PilotCam.20260813_103022894.jpg","BrowCam","/BrowCam.20260813_103022894.jpg","UserSelect","/UserSelect.20260813_103022894.jpg","","","-3.65","2.72","-3.65","-999.99","6a7d9cbe3a81d30014ed8551"
"2026-08-13T10:30:23.342Z","45.9337300","-130.0139363","ASNAP","","admin","","","","","","","","","","","","","858.34","1896.57","-3.2","-6.3","289.13","1539.12","2.00","SciCam","/SciCam.20260813_103023342.jpg","PilotCam","/PilotCam.20260813_103023342.jpg","BrowCam","/BrowCam.20260813_103023342.jpg","UserSelect","/UserSelect.20260813_103023342.jpg","","","-3.65","2.72","-3.65","-999.99","6a7d9cbf3a81d30014ed8554"
"2026-08-13T10:30:53.359Z","45.9337340","-130.0139447","ASNAP","","admin","","","","","","","","","","","","","857.69","1897.02","-4.3","-6.2","288.31","1539.65","1.59","SciCam","/SciCam.20260813_103053359.jpg","PilotCam","/PilotCam.20260813_103053359.jpg","BrowCam","/BrowCam.20260813_103053359.jpg","UserSelect","/UserSelect.20260813_103053359.jpg","","","-3.65","2.75","-3.65","-999.99","6a7d9cdd3a81d30014ed8559"
"2026-08-13T10:31:23.406Z","45.9337341","-130.0139408","ASNAP","","admin","","","","","","","","","","","","","857.99","1897.03","-3.8","-5.9","287.31","1539.51","1.69","SciCam","/SciCam.20260813_103123406.jpg","PilotCam","/PilotCam.20260813_103123406.jpg","BrowCam","/BrowCam.20260813_103123406.jpg","UserSelect","/UserSelect.20260813_103123406.jpg","","","-3.65","2.72","-999.99","-999.99","6a7d9cfb3a81d30014ed855d"
"2026-08-13T10:31:45.000Z","","","SulisCam","","admin","","","","","","sulis_20260813103145.jpg","","","","","","","","","","","","","","","","","","","","","","353.970","356.202","","","","","6a7e04b93a81d30014ed8d16"
"2026-08-13T10:31:53.430Z","45.9337354","-130.0139419","ASNAP","","admin","","","","","","","","","","","","","857.91","1897.17","-3.8","-6.1","291.33","1539.61","1.64","SciCam","/SciCam.20260813_103153430.jpg","PilotCam","/PilotCam.20260813_103153430.jpg","BrowCam","/BrowCam.20260813_103153430.jpg","UserSelect","/UserSelect.20260813_103153430.jpg","","","-3.65","2.75","-3.65","-999.99","6a7d9d193a81d30014ed8561"
"2026-08-13T10:32:23.450Z","45.9337342","-130.0139439","ASNAP","","admin","","","","","","","","","","","","","857.75","1897.04","-3.1","-6.6","292.97","1539.51","1.64","SciCam","/SciCam.20260813_103223450.jpg","PilotCam","/PilotCam.20260813_103223450.jpg","BrowCam","/BrowCam.20260813_103223450.jpg","UserSelect","/UserSelect.20260813_103223450.jpg","","","-3.65","2.73","-3.65","-999.99","6a7d9d373a81d30014ed8565"
"2026-08-13T10:32:40.562Z","45.9337350","-130.0139450","ROV Actions","grabbing old plug","guest","","(Port) Manipulator in use","","","","","","","","","","","857.67","1897.13","-2.3","-6.4","293.14","1539.60","1.52","SciCam","/SciCam.20260813_103240562.jpg","PilotCam","/PilotCam.20260813_103240562.jpg","BrowCam","/BrowCam.20260813_103240562.jpg","UserSelect","/UserSelect.20260813_103240562.jpg","","","-3.65","2.75","-999.99","-999.99","6a7d9d483a81d30014ed8569"
"2026-08-13T10:32:53.495Z","45.9337332","-130.0139396","ASNAP","","admin","","","","","","","","","","","","","858.09","1896.93","-2.1","-7.2","293.31","1539.58","1.64","SciCam","/SciCam.20260813_103253495.jpg","PilotCam","/PilotCam.20260813_103253495.jpg","BrowCam","/BrowCam.20260813_103253495.jpg","UserSelect","/UserSelect.20260813_103253495.jpg","","","-3.65","2.73","-999.99","-999.99","6a7d9d553a81d30014ed856d"
"2026-08-13T10:33:16.959Z","45.9337346","-130.0139414","Connection Status","from jbox J10","guest","","","","","","","","","Disconnected","","","","857.95","1897.09","-1.7","-11.0","294.75","1539.71","1.59","SciCam","/SciCam.20260813_103316959.jpg","PilotCam","/PilotCam.20260813_103316959.jpg","BrowCam","/BrowCam.20260813_103316959.jpg","UserSelect","/UserSelect.20260813_103316959.jpg","","","-3.65","2.74","-999.99","-999.99","6a7d9d6c3a81d30014ed8571"
"2026-08-13T10:33:23.511Z","45.9337344","-130.0139432","ASNAP","","admin","","","","","","","","","","","","","857.81","1897.06","-3.2","-7.1","293.53","1539.53","1.64","SciCam","/SciCam.20260813_103323511.jpg","PilotCam","/PilotCam.20260813_103323511.jpg","BrowCam","/BrowCam.20260813_103323511.jpg","UserSelect","/UserSelect.20260813_103323511.jpg","","","-3.65","2.88","-999.99","-999.99","6a7d9d733a81d30014ed8575"
"2026-08-13T10:33:53.555Z","45.9337337","-130.0139403","ASNAP","","admin","","","","","","","","","","","","","858.03","1896.99","-3.7","-6.0","293.32","1539.55","1.59","SciCam","/SciCam.20260813_103353555.jpg","PilotCam","/PilotCam.20260813_103353555.jpg","BrowCam","/BrowCam.20260813_103353555.jpg","UserSelect","/UserSelect.20260813_103353555.jpg","","","-3.65","2.72","-999.99","-999.99","6a7d9d913a81d30014ed8579"
"2026-08-13T10:34:23.603Z","45.9337348","-130.0139451","ASNAP","","admin","","","","","","","","","","","","","857.66","1897.11","-3.4","-6.6","293.27","1539.57","1.59","SciCam","/SciCam.20260813_103423603.jpg","PilotCam","/PilotCam.20260813_103423603.jpg","BrowCam","/BrowCam.20260813_103423603.jpg","UserSelect","/UserSelect.20260813_103423603.jpg","","","-3.65","2.73","-3.65","-999.99","6a7d9daf3a81d30014ed857d"
"2026-08-13T10:34:47.825Z","45.9337344","-130.0139448","FREE_FORM","needs to be plugged in upside down","guest","","","","","","","","","","","","","857.68","1897.06","-3.4","-6.3","292.96","1539.52","1.64","SciCam","/SciCam.20260813_103447825.jpg","PilotCam","/PilotCam.20260813_103447825.jpg","BrowCam","/BrowCam.20260813_103447825.jpg","UserSelect","/UserSelect.20260813_103447825.jpg","","","-3.65","2.77","-3.65","-999.99","6a7d9dc73a81d30014ed8581"
"2026-08-13T10:34:53.645Z","45.9337337","-130.0139406","ASNAP","","admin","","","","","","","","","","","","","858.01","1896.98","-3.4","-6.4","293.31","1539.53","1.62","SciCam","/SciCam.20260813_103453645.jpg","PilotCam","/PilotCam.20260813_103453645.jpg","BrowCam","/BrowCam.20260813_103453645.jpg","UserSelect","/UserSelect.20260813_103453645.jpg","","","-3.65","2.74","-3.65","-999.99","6a7d9dcd3a81d30014ed8585"
"2026-08-13T10:35:03.663Z","45.9337346","-130.0139434","ROV Actions","removing plug end cap","guest","","(Port) Manipulator in use","","","","","","","","","","","857.79","1897.08","-3.7","-7.3","292.51","1539.59","1.62","SciCam","/SciCam.20260813_103503663.jpg","PilotCam","/PilotCam.20260813_103503663.jpg","BrowCam","/BrowCam.20260813_103503663.jpg","UserSelect","/UserSelect.20260813_103503663.jpg","","","-3.65","2.72","-3.65","-999.99","6a7d9dd73a81d30014ed8589"
"2026-08-13T10:35:23.670Z","45.9337342","-130.0139423","ASNAP","","admin","","","","","","","","","","","","","857.88","1897.04","-2.0","-7.2","293.28","1539.60","1.52","SciCam","/SciCam.20260813_103523670.jpg","PilotCam","/PilotCam.20260813_103523670.jpg","BrowCam","/BrowCam.20260813_103523670.jpg","UserSelect","/UserSelect.20260813_103523670.jpg","","","-3.65","2.77","-999.99","-999.99","6a7d9deb3a81d30014ed858d"
"2026-08-13T10:35:26.000Z","","","SulisCam","","admin","","","","","","sulis_20260813103526.jpg","","","","","","","","","","","","","","","","","","","","","","353.121","358.394","","","","","6a7e04ba3a81d30014ed8d18"
"2026-08-13T10:35:53.716Z","45.9337342","-130.0139442","ASNAP","","admin","","","","","","","","","","","","","857.73","1897.04","-0.1","-6.4","293.27","1539.52","1.49","SciCam","/SciCam.20260813_103553716.jpg","PilotCam","/PilotCam.20260813_103553716.jpg","BrowCam","/BrowCam.20260813_103553716.jpg","UserSelect","/UserSelect.20260813_103553716.jpg","","","-3.65","2.75","-999.99","-999.99","6a7d9e093a81d30014ed8591"
"2026-08-13T10:36:01.773Z","45.9337336","-130.0139393","ROV Actions","plug dropped into jason porch","guest","","(Port) Manipulator in use","","","","","","","","","","","858.11","1896.97","-2.0","-7.1","294.07","1539.59","1.49","SciCam","/SciCam.20260813_103601773.jpg","PilotCam","/PilotCam.20260813_103601773.jpg","BrowCam","/BrowCam.20260813_103601773.jpg","UserSelect","/UserSelect.20260813_103601773.jpg","","","-3.65","2.74","-3.65","-999.99","6a7d9e113a81d30014ed8595"
"2026-08-13T10:36:23.762Z","45.9337334","-130.0139393","ASNAP","","admin","","","","","","","","","","","","","858.11","1896.95","-2.0","-7.7","293.60","1539.56","1.59","SciCam","/SciCam.20260813_103623762.jpg","PilotCam","/PilotCam.20260813_103623762.jpg","BrowCam","/BrowCam.20260813_103623762.jpg","UserSelect","/UserSelect.20260813_103623762.jpg","","","-3.65","2.76","-999.99","-999.99","6a7d9e273a81d30014ed8599"
"2026-08-13T10:36:46.500Z","45.9337336","-130.0139397","ROV Actions","grabbing onto jbox frame to steady rov\n","guest","","(Port) Manipulator in use","","","","","","","","","","","858.08","1896.97","-2.4","-8.7","293.37","1539.57","1.57","SciCam","/SciCam.20260813_103646500.jpg","PilotCam","/PilotCam.20260813_103646500.jpg","BrowCam","/BrowCam.20260813_103646500.jpg","UserSelect","/UserSelect.20260813_103646500.jpg","","","-3.65","2.85","-3.65","-999.99","6a7d9e3e3a81d30014ed859d"
"2026-08-13T10:36:53.804Z","45.9337338","-130.0139432","ASNAP","","admin","","","","","","","","","","","","","857.81","1897.00","-3.2","-7.6","291.97","1539.54","1.64","SciCam","/SciCam.20260813_103653804.jpg","PilotCam","/PilotCam.20260813_103653804.jpg","BrowCam","/BrowCam.20260813_103653804.jpg","UserSelect","/UserSelect.20260813_103653804.jpg","","","-3.65","2.75","-3.65","-999.99","6a7d9e453a81d30014ed85a1"
"2026-08-13T10:37:23.844Z","45.9337346","-130.0139438","ASNAP","","admin","","","","","","","","","","","","","857.76","1897.08","-2.7","-5.3","294.13","1539.37","1.77","SciCam","/SciCam.20260813_103723844.jpg","PilotCam","/PilotCam.20260813_103723844.jpg","BrowCam","/BrowCam.20260813_103723844.jpg","UserSelect","/UserSelect.20260813_103723844.jpg","","","-3.65","2.73","-999.99","-999.99","6a7d9e633a81d30014ed85a5"
"2026-08-13T10:37:46.097Z","45.9337332","-130.0139487","Biology Type","","guest","","","Fish","","","","","","","","","","857.38","1896.93","-1.7","-5.7","277.83","1539.47","1.64","SciCam","/SciCam.20260813_103746097.jpg","PilotCam","/PilotCam.20260813_103746097.jpg","BrowCam","/BrowCam.20260813_103746097.jpg","UserSelect","/UserSelect.20260813_103746097.jpg","","","-3.65","2.73","-999.99","-999.99","6a7d9e7a3a81d30014ed85a9"
"2026-08-13T10:37:53.876Z","45.9337327","-130.0139484","ASNAP","","admin","","","","","","","","","","","","","857.40","1896.87","-2.0","-5.8","279.56","1539.46","1.67","SciCam","/SciCam.20260813_103753876.jpg","PilotCam","/PilotCam.20260813_103753876.jpg","BrowCam","/BrowCam.20260813_103753876.jpg","UserSelect","/UserSelect.20260813_103753876.jpg","","","-3.65","2.76","-999.99","-999.99","6a7d9e813a81d30014ed85ad"
"2026-08-13T10:38:23.898Z","45.9337326","-130.0139484","ASNAP","","admin","","","","","","","","","","","","","857.40","1896.86","-1.7","-5.7","278.31","1539.46","1.67","SciCam","/SciCam.20260813_103823898.jpg","PilotCam","/PilotCam.20260813_103823898.jpg","BrowCam","/BrowCam.20260813_103823898.jpg","UserSelect","/UserSelect.20260813_103823898.jpg","","","-3.65","2.75","-999.99","-999.99","6a7d9e9f3a81d30014ed85b1"
"2026-08-13T10:38:38.000Z","","","SulisCam","","admin","","","","","","sulis_20260813103838.jpg","","","","","","","","","","","","","","","","","","","","","","354.365","358.322","","","","","6a7e04ba3a81d30014ed8d1a"
"2026-08-13T10:38:53.914Z","45.9337324","-130.0139482","ASNAP","","admin","","","","","","","","","","","","","857.42","1896.84","-1.9","-5.7","277.97","1539.46","1.64","SciCam","/SciCam.20260813_103853914.jpg","PilotCam","/PilotCam.20260813_103853914.jpg","BrowCam","/BrowCam.20260813_103853914.jpg","UserSelect","/UserSelect.20260813_103853914.jpg","","","-3.65","2.71","-999.99","-999.99","6a7d9ebd3a81d30014ed85b5"
"2026-08-13T10:39:23.959Z","45.9337323","-130.0139482","ASNAP","","admin","","","","","","","","","","","","","857.42","1896.83","-2.0","-5.9","277.87","1539.44","1.67","SciCam","/SciCam.20260813_103923959.jpg","PilotCam","/PilotCam.20260813_103923959.jpg","BrowCam","/BrowCam.20260813_103923959.jpg","UserSelect","/UserSelect.20260813_103923959.jpg","","","-3.65","2.68","-3.65","-999.99","6a7d9edb3a81d30014ed85b9"
"2026-08-13T10:39:54.004Z","45.9337322","-130.0139481","ASNAP","","admin","","","","","","","","","","","","","857.43","1896.82","-1.9","-5.7","277.44","1539.44","1.67","SciCam","/SciCam.20260813_103954004.jpg","PilotCam","/PilotCam.20260813_103954004.jpg","BrowCam","/BrowCam.20260813_103954004.jpg","UserSelect","/UserSelect.20260813_103954004.jpg","","","-3.65","2.73","-3.65","-999.99","6a7d9efa3a81d30014ed85bd"
"2026-08-13T10:39:58.772Z","45.9337322","-130.0139479","FREE_FORM","checking plug connection point ","guest","","","","","","","","","","","","","857.44","1896.82","-2.0","-5.9","277.71","1539.43","1.67","SciCam","/SciCam.20260813_103958772.jpg","PilotCam","/PilotCam.20260813_103958772.jpg","BrowCam","/BrowCam.20260813_103958772.jpg","UserSelect","/UserSelect.20260813_103958772.jpg","","","-3.65","2.75","-999.99","-999.99","6a7d9efe3a81d30014ed85c1"
"2026-08-13T10:40:24.050Z","45.9337322","-130.0139477","ASNAP","","admin","","","","","","","","","","","","","857.46","1896.82","-1.9","-5.5","277.47","1539.44","1.67","SciCam","/SciCam.20260813_104024050.jpg","PilotCam","/PilotCam.20260813_104024050.jpg","BrowCam","/BrowCam.20260813_104024050.jpg","UserSelect","/UserSelect.20260813_104024050.jpg","","","-3.65","2.74","-999.99","-999.99","6a7d9f183a81d30014ed85c5"
"2026-08-13T10:40:34.318Z","45.9337322","-130.0139477","ROV Actions","plugging in plug to jbox\n","guest","","(Starboard) Manipulator in use","","","","","","","","","","","857.46","1896.82","-2.4","-5.4","277.44","1539.45","1.64","SciCam","/SciCam.20260813_104034318.jpg","PilotCam","/PilotCam.20260813_104034318.jpg","BrowCam","/BrowCam.20260813_104034318.jpg","UserSelect","/UserSelect.20260813_104034318.jpg","","","-3.65","2.75","-3.65","-999.99","6a7d9f223a81d30014ed85c9"
"2026-08-13T10:40:54.074Z","45.9337324","-130.0139477","ASNAP","","admin","","","","","","","","","","","","","857.46","1896.84","-2.8","-5.7","277.47","1539.44","1.67","SciCam","/SciCam.20260813_104054074.jpg","PilotCam","/PilotCam.20260813_104054074.jpg","BrowCam","/BrowCam.20260813_104054074.jpg","UserSelect","/UserSelect.20260813_104054074.jpg","","","-3.65","2.72","-999.99","-999.99","6a7d9f363a81d30014ed85cd"
"2026-08-13T10:41:24.120Z","45.9337309","-130.0139466","ASNAP","","admin","","","","","","","","","","","","","857.54","1896.67","-1.7","-6.2","282.46","1539.48","1.59","SciCam","/SciCam.20260813_104124120.jpg","PilotCam","/PilotCam.20260813_104124120.jpg","BrowCam","/BrowCam.20260813_104124120.jpg","UserSelect","/UserSelect.20260813_104124120.jpg","","","-3.65","2.75","-999.99","-999.99","6a7d9f543a81d30014ed85d1"
"2026-08-13T10:41:49.636Z","45.9337325","-130.0139477","FREE_FORM","unsuccessful first attempt","guest","","","","","","","","","","","","","857.46","1896.85","-3.2","-6.0","278.57","1539.42","1.75","SciCam","/SciCam.20260813_104149636.jpg","PilotCam","/PilotCam.20260813_104149636.jpg","BrowCam","/BrowCam.20260813_104149636.jpg","UserSelect","/UserSelect.20260813_104149636.jpg","","","-3.65","2.71","-999.99","-999.99","6a7d9f6d3a81d30014ed85d5"
"2026-08-13T10:41:54.167Z","45.9337321","-130.0139477","ASNAP","","admin","","","","","","","","","","","","","857.46","1896.81","-3.1","-5.7","278.59","1539.43","1.69","SciCam","/SciCam.20260813_104154167.jpg","PilotCam","/PilotCam.20260813_104154167.jpg","BrowCam","/BrowCam.20260813_104154167.jpg","UserSelect","/UserSelect.20260813_104154167.jpg","","","-999.99","2.74","-999.99","-999.99","6a7d9f723a81d30014ed85d9"
"2026-08-13T10:42:24.190Z","45.9337325","-130.0139481","ASNAP","","admin","","","","","","","","","","","","","857.43","1896.85","-3.0","-5.8","277.85","1539.42","1.67","SciCam","/SciCam.20260813_104224190.jpg","PilotCam","/PilotCam.20260813_104224190.jpg","BrowCam","/BrowCam.20260813_104224190.jpg","UserSelect","/UserSelect.20260813_104224190.jpg","","","-3.65","2.76","-999.99","-999.99","6a7d9f903a81d30014ed85dd"
"2026-08-13T10:42:54.212Z","45.9337320","-130.0139477","ASNAP","","admin","","","","","","","","","","","","","857.46","1896.79","-2.7","-6.0","279.28","1539.41","1.67","SciCam","/SciCam.20260813_104254212.jpg","PilotCam","/PilotCam.20260813_104254212.jpg","BrowCam","/BrowCam.20260813_104254212.jpg","UserSelect","/UserSelect.20260813_104254212.jpg","","","-999.99","2.79","-999.99","-999.99","6a7d9fae3a81d30014ed85e1"
"2026-08-13T10:43:24.258Z","45.9337312","-130.0139472","ASNAP","","admin","","","","","","","","","","","","","857.50","1896.71","-2.5","-5.7","281.08","1539.41","1.67","SciCam","/SciCam.20260813_104324258.jpg","PilotCam","/PilotCam.20260813_104324258.jpg","BrowCam","/BrowCam.20260813_104324258.jpg","UserSelect","/UserSelect.20260813_104324258.jpg","","","-3.65","2.79","-3.65","-999.99","6a7d9fcc3a81d30014ed85e5"
"2026-08-13T10:43:41.000Z","","","SulisCam","","admin","","","","","","sulis_20260813104341.jpg","","","","","","","","","","","","","","","","","","","","","","353.947","356.825","","","","","6a7e04ba3a81d30014ed8d1c"
"2026-08-13T10:43:44.188Z","45.9337316","-130.0139474","Connection Status","plug J10","guest","","","","","","","","","Connected","","","","857.48","1896.75","-3.2","-6.0","281.42","1539.40","1.72","SciCam","/SciCam.20260813_104344188.jpg","PilotCam","/PilotCam.20260813_104344188.jpg","BrowCam","/BrowCam.20260813_104344188.jpg","UserSelect","/UserSelect.20260813_104344188.jpg","","","-3.65","2.76","-999.99","-999.99","6a7d9fe03a81d30014ed85e9"
"2026-08-13T10:43:54.276Z","45.9337322","-130.0139481","ASNAP","","admin","","","","","","","","","","","","","857.43","1896.82","-1.1","-5.3","277.07","1539.40","1.59","SciCam","/SciCam.20260813_104354276.jpg","PilotCam","/PilotCam.20260813_104354276.jpg","BrowCam","/BrowCam.20260813_104354276.jpg","UserSelect","/UserSelect.20260813_104354276.jpg","","","-3.65","2.78","-3.65","-999.99","6a7d9fea3a81d30014ed85ed"
"2026-08-13T10:43:57.000Z","","","SulisCam","","admin","","","","","","sulis_20260813104357.jpg","","","","","","","","","","","","","","","","","","","","","","354.867","359.106","","","","","6a7e04ba3a81d30014ed8d1e"
"2026-08-13T10:44:24.324Z","45.9337323","-130.0139478","ASNAP","","admin","","","","","","","","","","","","","857.45","1896.83","-1.2","-5.5","278.40","1539.39","1.62","SciCam","/SciCam.20260813_104424324.jpg","PilotCam","/PilotCam.20260813_104424324.jpg","BrowCam","/BrowCam.20260813_104424324.jpg","UserSelect","/UserSelect.20260813_104424324.jpg","","","-3.65","2.79","-999.99","-999.99","6a7da0083a81d30014ed85f1"
"2026-08-13T10:44:48.597Z","45.9337323","-130.0139477","FREE_FORM","grabbing dropped connector","guest","","","","","","","","","","","","","857.46","1896.83","-1.1","-5.5","278.43","1539.39","1.64","SciCam","/SciCam.20260813_104448597.jpg","PilotCam","/PilotCam.20260813_104448597.jpg","BrowCam","/BrowCam.20260813_104448597.jpg","UserSelect","/UserSelect.20260813_104448597.jpg","","","-3.65","2.76","-999.99","-999.99","6a7da0203a81d30014ed85f5"
"2026-08-13T10:44:54.371Z","45.9337323","-130.0139477","ASNAP","","admin","","","","","","","","","","","","","857.46","1896.83","-1.1","-5.5","278.48","1539.39","1.64","SciCam","/SciCam.20260813_104454371.jpg","PilotCam","/PilotCam.20260813_104454371.jpg","BrowCam","/BrowCam.20260813_104454371.jpg","UserSelect","/UserSelect.20260813_104454371.jpg","","","-3.65","2.84","-3.65","-999.99","6a7da0263a81d30014ed85f9"
"2026-08-13T10:45:12.000Z","","","SulisCam","","admin","","","","","","sulis_20260813104512.jpg","","","","","","","","","","","","","","","","","","","","","","353.272","358.072","","","","","6a7e04ba3a81d30014ed8d20"
"2026-08-13T10:45:24.413Z","45.9337340","-130.0139424","ASNAP","","admin","","","","","","","","","","","","","857.87","1897.02","-2.4","-6.2","293.37","1539.39","1.64","SciCam","/SciCam.20260813_104524413.jpg","PilotCam","/PilotCam.20260813_104524413.jpg","BrowCam","/BrowCam.20260813_104524413.jpg","UserSelect","/UserSelect.20260813_104524413.jpg","","","-3.65","2.76","-999.99","-999.99","6a7da0443a81d30014ed85fd"
"2026-08-13T10:45:54.433Z","45.9337109","-130.0139305","ASNAP","","admin","","","","","","","","","","","","","858.79","1894.45","-3.7","-5.3","294.04","1538.42","2.43","SciCam","/SciCam.20260813_104554433.jpg","PilotCam","/PilotCam.20260813_104554433.jpg","BrowCam","/BrowCam.20260813_104554433.jpg","UserSelect","/UserSelect.20260813_104554433.jpg","","","-3.65","2.75","-3.65","-999.99","6a7da0623a81d30014ed8601"
"2026-08-13T10:46:03.473Z","45.9337083","-130.0139291","FREE_FORM","checking surroundings","guest","","","","","","","","","","","","","858.90","1894.16","-3.4","-6.1","293.47","1538.24","2.69","SciCam","/SciCam.20260813_104603473.jpg","PilotCam","/PilotCam.20260813_104603473.jpg","BrowCam","/BrowCam.20260813_104603473.jpg","UserSelect","/UserSelect.20260813_104603473.jpg","","","-3.65","2.78","-999.99","-999.99","6a7da06b3a81d30014ed8605"
"2026-08-13T10:46:24.478Z","45.9337000","-130.0139465","ASNAP","","admin","","","","","","","","","","","","","857.55","1893.24","-4.7","-5.7","300.93","1538.50","2.64","SciCam","/SciCam.20260813_104624478.jpg","PilotCam","/PilotCam.20260813_104624478.jpg","BrowCam","/BrowCam.20260813_104624478.jpg","UserSelect","/UserSelect.20260813_104624478.jpg","","","-3.65","2.79","-3.65","-999.99","6a7da0803a81d30014ed8609"
"2026-08-13T10:46:54.514Z","45.9337064","-130.0139503","ASNAP","","admin","","","","","","","","","","","","","857.26","1893.95","-4.8","-4.0","315.35","1539.74","1.36","SciCam","/SciCam.20260813_104654514.jpg","PilotCam","/PilotCam.20260813_104654514.jpg","BrowCam","/BrowCam.20260813_104654514.jpg","UserSelect","/UserSelect.20260813_104654514.jpg","","","-3.65","2.76","-999.99","-999.99","6a7da09e3a81d30014ed860d"
"2026-08-13T10:47:24.538Z","45.9337064","-130.0139514","ASNAP","","admin","","","","","","","","","","","","","857.17","1893.95","-6.8","-2.3","313.47","1539.84","1.21","SciCam","/SciCam.20260813_104724538.jpg","PilotCam","/PilotCam.20260813_104724538.jpg","BrowCam","/BrowCam.20260813_104724538.jpg","UserSelect","/UserSelect.20260813_104724538.jpg","","","-3.65","2.77","-999.99","-999.99","6a7da0bc3a81d30014ed8611"
"2026-08-13T10:47:48.000Z","","","SulisCam","","admin","","","","","","sulis_20260813104748.jpg","","","","","","","","","","","","","","","","","","","","","","357.689","353.094","","","","","6a7e04ba3a81d30014ed8d22"
"2026-08-13T10:47:51.540Z","45.9337068","-130.0139513","Biology Type","","guest","","","Seastar","","","","","","","","","","857.18","1894.00","-6.9","-2.2","313.48","1539.84","1.18","SciCam","/SciCam.20260813_104751540.jpg","PilotCam","/PilotCam.20260813_104751540.jpg","BrowCam","/BrowCam.20260813_104751540.jpg","UserSelect","/UserSelect.20260813_104751540.jpg","","","-3.65","2.77","-999.99","-999.99","6a7da0d73a81d30014ed8615"
"2026-08-13T10:47:54.586Z","45.9337068","-130.0139513","ASNAP","","admin","","","","","","","","","","","","","857.18","1894.00","-6.9","-2.2","313.54","1539.84","1.18","SciCam","/SciCam.20260813_104754586.jpg","PilotCam","/PilotCam.20260813_104754586.jpg","BrowCam","/BrowCam.20260813_104754586.jpg","UserSelect","/UserSelect.20260813_104754586.jpg","","","-3.65","2.71","-3.65","-999.99","6a7da0da3a81d30014ed8619"
"2026-08-13T10:48:08.776Z","45.9337068","-130.0139509","ROV Actions","grabbing dropped cable plug","guest","","(Port) Manipulator in use","","","","","","","","","","","857.21","1894.00","-4.0","-3.6","313.45","1539.70","1.29","SciCam","/SciCam.20260813_104808776.jpg","PilotCam","/PilotCam.20260813_104808776.jpg","BrowCam","/BrowCam.20260813_104808776.jpg","UserSelect","/UserSelect.20260813_104808776.jpg","","","-3.65","2.71","-3.65","-999.99","6a7da0e83a81d30014ed861d"
"2026-08-13T10:48:24.633Z","45.9337071","-130.0139510","ASNAP","","admin","","","","","","","","","","","","","857.20","1894.03","-3.7","-3.9","314.12","1539.69","1.29","SciCam","/SciCam.20260813_104824633.jpg","PilotCam","/PilotCam.20260813_104824633.jpg","BrowCam","/BrowCam.20260813_104824633.jpg","UserSelect","/UserSelect.20260813_104824633.jpg","","","-3.65","2.68","-3.65","-999.99","6a7da0f83a81d30014ed8621"
"2026-08-13T10:48:34.000Z","","","SulisCam","","admin","","","","","","sulis_20260813104834.jpg","","","","","","","","","","","","","","","","","","","","","","357.109","356.065","","","","","6a7e04ba3a81d30014ed8d24"
"2026-08-13T10:48:54.678Z","45.9337073","-130.0139512","ASNAP","","admin","","","","","","","","","","","","","857.19","1894.05","-4.3","-3.3","314.76","1539.71","1.26","SciCam","/SciCam.20260813_104854678.jpg","PilotCam","/PilotCam.20260813_104854678.jpg","BrowCam","/BrowCam.20260813_104854678.jpg","UserSelect","/UserSelect.20260813_104854678.jpg","","","-999.99","2.76","-999.99","-999.99","6a7da1163a81d30014ed8625"
"2026-08-13T10:49:24.724Z","45.9337052","-130.0139106","ASNAP","","admin","","","","","","","","","","","","","860.34","1893.82","-0.3","-6.6","315.59","1538.21","2.84","SciCam","/SciCam.20260813_104924724.jpg","PilotCam","/PilotCam.20260813_104924724.jpg","BrowCam","/BrowCam.20260813_104924724.jpg","UserSelect","/UserSelect.20260813_104924724.jpg","","","-999.99","2.73","-999.99","-999.99","6a7da1343a81d30014ed8629"
"2026-08-13T10:49:54.766Z","45.9337027","-130.0138428","ASNAP","","admin","","","","","","","","","","","","","865.60","1893.54","-0.7","-7.2","317.48","1537.67","3.71","SciCam","/SciCam.20260813_104954766.jpg","PilotCam","/PilotCam.20260813_104954766.jpg","BrowCam","/BrowCam.20260813_104954766.jpg","UserSelect","/UserSelect.20260813_104954766.jpg","","","-3.65","2.73","-999.99","-999.99","6a7da1523a81d30014ed862d"
"2026-08-13T10:50:24.791Z","45.9337125","-130.0138648","ASNAP","","admin","","","","","","","","","","","","","863.89","1894.63","-0.4","-6.8","304.90","1538.70","2.66","SciCam","/SciCam.20260813_105024791.jpg","PilotCam","/PilotCam.20260813_105024791.jpg","BrowCam","/BrowCam.20260813_105024791.jpg","UserSelect","/UserSelect.20260813_105024791.jpg","","","-999.99","2.74","-999.99","-999.99","6a7da1703a81d30014ed8631"
"2026-08-13T10:50:54.815Z","45.9337144","-130.0138632","ASNAP","","admin","","","","","","","","","","","","","864.01","1894.84","0.3","-2.5","304.40","1539.63","1.47","SciCam","/SciCam.20260813_105054815.jpg","PilotCam","/PilotCam.20260813_105054815.jpg","BrowCam","/BrowCam.20260813_105054815.jpg","UserSelect","/UserSelect.20260813_105054815.jpg","","","-3.65","2.70","-999.99","-999.99","6a7da18e3a81d30014ed8635"
"2026-08-13T10:51:00.000Z","","","SulisCam","","admin","","","","","","sulis_20260813105100.jpg","","","","","","","","","","","","","","","","","","","","","","357.397","0.286","","","","","6a7e04ba3a81d30014ed8d26"
"2026-08-13T10:51:00.114Z","45.9337145","-130.0138632","ROV Actions","setting down plug near old ctdpfb304","guest","","(Port) Manipulator in use","","","","","","correction: securing grip on plug","","","","","864.01","1894.85","0.3","-2.6","304.40","1539.62","1.47","SciCam","/SciCam.20260813_105100114.jpg","PilotCam","/PilotCam.20260813_105100114.jpg","BrowCam","/BrowCam.20260813_105100114.jpg","UserSelect","/UserSelect.20260813_105100114.jpg","","","-3.65","2.73","-999.99","-999.99","6a7da1943a81d30014ed8639"
"2026-08-13T10:51:24.838Z","45.9337146","-130.0138636","ASNAP","","admin","","","","","","","","","","","","","863.98","1894.86","0.2","-3.2","304.38","1539.61","1.49","SciCam","/SciCam.20260813_105124838.jpg","PilotCam","/PilotCam.20260813_105124838.jpg","BrowCam","/BrowCam.20260813_105124838.jpg","UserSelect","/UserSelect.20260813_105124838.jpg","","","-3.65","2.68","-999.99","-999.99","6a7da1ac3a81d30014ed863d"
"2026-08-13T10:51:54.886Z","45.9337147","-130.0138638","ASNAP","","admin","","","","","","","","","","","","","863.97","1894.87","0.2","-3.3","304.41","1539.61","1.52","SciCam","/SciCam.20260813_105154886.jpg","PilotCam","/PilotCam.20260813_105154886.jpg","BrowCam","/BrowCam.20260813_105154886.jpg","UserSelect","/UserSelect.20260813_105154886.jpg","","","-999.99","2.74","-999.99","-999.99","6a7da1ca3a81d30014ed8641"
"2026-08-13T10:51:57.833Z","45.9337147","-130.0138638","ROV Actions","securing grip on old ctdpfb304","guest","","(Starboard) Manipulator in use","","","","","","","","","","","863.97","1894.87","0.1","-3.7","304.39","1539.60","1.52","SciCam","/SciCam.20260813_105157833.jpg","PilotCam","/PilotCam.20260813_105157833.jpg","BrowCam","/BrowCam.20260813_105157833.jpg","UserSelect","/UserSelect.20260813_105157833.jpg","","","-3.65","2.74","-3.65","-999.99","6a7da1cd3a81d30014ed8645"
"2026-08-13T10:52:24.932Z","45.9337147","-130.0138638","ASNAP","","admin","","","","","","","","","","","","","863.97","1894.87","0.1","-3.3","304.40","1539.60","1.52","SciCam","/SciCam.20260813_105224932.jpg","PilotCam","/PilotCam.20260813_105224932.jpg","BrowCam","/BrowCam.20260813_105224932.jpg","UserSelect","/UserSelect.20260813_105224932.jpg","","","-999.99","2.77","-999.99","-999.99","6a7da1e83a81d30014ed8649"
"2026-08-13T10:52:39.101Z","45.9337146","-130.0138638","FREE_FORM","moving old ctdpfb304 to jason porch","guest","","","","","","","","","","","","","863.97","1894.86","0.1","-3.7","304.68","1539.59","1.54","SciCam","/SciCam.20260813_105239101.jpg","PilotCam","/PilotCam.20260813_105239101.jpg","BrowCam","/BrowCam.20260813_105239101.jpg","UserSelect","/UserSelect.20260813_105239101.jpg","","","-999.99","2.78","-999.99","-999.99","6a7da1f73a81d30014ed864d"
"2026-08-13T10:52:54.980Z","45.9337145","-130.0138639","ASNAP","","admin","","","","","","","","","","","","","863.96","1894.85","0.1","-3.4","304.73","1539.60","1.52","SciCam","/SciCam.20260813_105254980.jpg","PilotCam","/PilotCam.20260813_105254980.jpg","BrowCam","/BrowCam.20260813_105254980.jpg","UserSelect","/UserSelect.20260813_105254980.jpg","","","-3.65","2.74","-3.65","-999.99","6a7da2063a81d30014ed8651"
"2026-08-13T10:53:25.022Z","45.9337024","-130.0138462","ASNAP","","admin","","","","","","","","","","","","","865.33","1893.51","-3.0","-8.8","307.17","1539.11","2.00","SciCam","/SciCam.20260813_105325022.jpg","PilotCam","/PilotCam.20260813_105325022.jpg","BrowCam","/BrowCam.20260813_105325022.jpg","UserSelect","/UserSelect.20260813_105325022.jpg","","","-999.99","2.73","-999.99","-999.99","6a7da2253a81d30014ed8655"
"2026-08-13T10:53:55.068Z","45.9336841","-130.0138091","ASNAP","","admin","","","","","","","","","","","","","868.21","1891.47","-4.3","-8.0","312.06","1538.68","3.07","SciCam","/SciCam.20260813_105355068.jpg","PilotCam","/PilotCam.20260813_105355068.jpg","BrowCam","/BrowCam.20260813_105355068.jpg","UserSelect","/UserSelect.20260813_105355068.jpg","","","-3.65","2.70","-999.99","-999.99","6a7da2433a81d30014ed8659"
"2026-08-13T10:53:59.594Z","45.9336831","-130.0138054","FREE_FORM","moving old ctdpfb304 out of the way, not wanted visible in 4k highlights","guest","","","","","","","","","","","","","868.50","1891.36","-3.2","-8.0","311.26","1538.82","2.82","SciCam","/SciCam.20260813_105359594.jpg","PilotCam","/PilotCam.20260813_105359594.jpg","BrowCam","/BrowCam.20260813_105359594.jpg","UserSelect","/UserSelect.20260813_105359594.jpg","","","-3.65","2.78","-3.65","-999.99","6a7da2473a81d30014ed865d"
"2026-08-13T10:54:25.112Z","45.9336877","-130.0138037","ASNAP","","admin","","","","","","","","","","","","","868.63","1891.87","-3.4","-5.6","309.08","1539.92","1.49","SciCam","/SciCam.20260813_105425112.jpg","PilotCam","/PilotCam.20260813_105425112.jpg","BrowCam","/BrowCam.20260813_105425112.jpg","UserSelect","/UserSelect.20260813_105425112.jpg","","","-999.99","2.80","-999.99","-999.99","6a7da2613a81d30014ed8661"
"2026-08-13T10:54:41.778Z","45.9336877","-130.0138036","ROV Actions","setting down old ctdpfb304","guest","","(Starboard) Manipulator in use","","","","","","","","","","","868.64","1891.87","-2.9","-6.7","309.10","1539.87","1.54","SciCam","/SciCam.20260813_105441778.jpg","PilotCam","/PilotCam.20260813_105441778.jpg","BrowCam","/BrowCam.20260813_105441778.jpg","UserSelect","/UserSelect.20260813_105441778.jpg","","","-3.65","2.80","-999.99","-999.99","6a7da2713a81d30014ed8665"
"2026-08-13T10:54:55.137Z","45.9336880","-130.0138043","ASNAP","","admin","","","","","","","","","","","","","868.58","1891.91","-2.5","-5.8","311.47","1539.87","1.49","SciCam","/SciCam.20260813_105455137.jpg","PilotCam","/PilotCam.20260813_105455137.jpg","BrowCam","/BrowCam.20260813_105455137.jpg","UserSelect","/UserSelect.20260813_105455137.jpg","","","-3.65","2.76","-999.99","-999.99","6a7da27f3a81d30014ed8669"
"2026-08-13T10:55:25.183Z","45.9336880","-130.0138043","ASNAP","","admin","","","","","","","","","","","","","868.58","1891.91","-1.2","-6.4","311.32","1539.81","1.52","SciCam","/SciCam.20260813_105525183.jpg","PilotCam","/PilotCam.20260813_105525183.jpg","BrowCam","/BrowCam.20260813_105525183.jpg","UserSelect","/UserSelect.20260813_105525183.jpg","","","-999.99","2.78","-999.99","-999.99","6a7da29d3a81d30014ed866d"
"2026-08-13T10:55:36.000Z","","","SulisCam","","admin","","","","","","sulis_20260813105536.jpg","","","","","","","","","","","","","","","","","","","","","","353.649","358.701","","","","","6a7e04ba3a81d30014ed8d28"
"2026-08-13T10:55:49.028Z","45.9336880","-130.0138046","ROV Actions","set down cable plug","guest","","(Port) Manipulator in use","","","","","","","","","","","868.56","1891.90","-2.3","-5.7","311.56","1539.86","1.47","SciCam","/SciCam.20260813_105549028.jpg","PilotCam","/PilotCam.20260813_105549028.jpg","BrowCam","/BrowCam.20260813_105549028.jpg","UserSelect","/UserSelect.20260813_105549028.jpg","","","-3.65","2.84","-3.65","-999.99","6a7da2b53a81d30014ed8671"
"2026-08-13T10:55:55.229Z","45.9336880","-130.0138046","ASNAP","","admin","","","","","","","","","","","","","868.56","1891.90","-2.4","-5.1","311.49","1539.88","1.47","SciCam","/SciCam.20260813_105555229.jpg","PilotCam","/PilotCam.20260813_105555229.jpg","BrowCam","/BrowCam.20260813_105555229.jpg","UserSelect","/UserSelect.20260813_105555229.jpg","","","-999.99","2.84","-999.99","-999.99","6a7da2bb3a81d30014ed8675"
"2026-08-13T10:56:25.271Z","45.9336774","-130.0138354","ASNAP","","admin","","","","","","","","","","","","","866.17","1890.73","-1.3","-6.0","316.04","1538.22","3.17","SciCam","/SciCam.20260813_105625271.jpg","PilotCam","/PilotCam.20260813_105625271.jpg","BrowCam","/BrowCam.20260813_105625271.jpg","UserSelect","/UserSelect.20260813_105625271.jpg","","","-999.99","2.80","-999.99","-999.99","6a7da2d93a81d30014ed8679"
"2026-08-13T10:56:30.487Z","45.9336817","-130.0138456","FREE_FORM","going to fly around new ctdpfb304","guest","","","","","","","","","","","","","865.38","1891.20","-2.1","-6.1","315.91","1538.21","3.22","SciCam","/SciCam.20260813_105630487.jpg","PilotCam","/PilotCam.20260813_105630487.jpg","BrowCam","/BrowCam.20260813_105630487.jpg","UserSelect","/UserSelect.20260813_105630487.jpg","","","-3.65","2.80","-999.99","-999.99","6a7da2de3a81d30014ed867d"
"2026-08-13T10:56:38.260Z","45.9336880","-130.0138478","FREE_FORM","will fire niskins after","guest","","","","","","","","","","","","","865.21","1891.91","-1.6","-6.2","312.57","1538.19","3.02","SciCam","/SciCam.20260813_105638260.jpg","PilotCam","/PilotCam.20260813_105638260.jpg","BrowCam","/BrowCam.20260813_105638260.jpg","UserSelect","/UserSelect.20260813_105638260.jpg","","","-999.99","2.83","-999.99","-999.99","6a7da2e63a81d30014ed8681"
"2026-08-13T10:56:52.000Z","","","SulisCam","","admin","","","","","","sulis_20260813105652.jpg","","","","","","","","","","","","","","","","","","","","","","353.522","358.124","","","","","6a7e04ba3a81d30014ed8d2a"
"2026-08-13T10:56:55.293Z","45.9337076","-130.0138341","ASNAP","","admin","","","","","","","","","","","","","866.27","1894.08","-1.5","-6.3","319.30","1537.65","3.56","SciCam","/SciCam.20260813_105655293.jpg","PilotCam","/PilotCam.20260813_105655293.jpg","BrowCam","/BrowCam.20260813_105655293.jpg","UserSelect","/UserSelect.20260813_105655293.jpg","","","-3.65","2.79","-999.99","-999.99","6a7da2f73a81d30014ed8685"
"2026-08-13T10:57:03.724Z","45.9337085","-130.0138282","HIGHLIGHTS","","guest","","","","","","","4K highlights start","","","","","","866.73","1894.18","-1.3","-6.1","324.81","1537.79","3.45","SciCam","/SciCam.20260813_105703724.jpg","PilotCam","/PilotCam.20260813_105703724.jpg","BrowCam","/BrowCam.20260813_105703724.jpg","UserSelect","/UserSelect.20260813_105703724.jpg","","","-3.65","2.82","-3.65","-999.99","6a7da2ff3a81d30014ed8689"
"2026-08-13T10:57:11.000Z","","","SulisCam","","admin","","","","","","sulis_20260813105711.jpg","","","","","","","","","","","","","","","","","","","","","","353.800","358.693","","","","","6a7e04bb3a81d30014ed8d2c"
"2026-08-13T10:57:25.340Z","45.9336949","-130.0138551","ASNAP","","admin","","","","","","","","","","","","","864.64","1892.67","-1.3","-6.0","329.44","1537.64","3.68","SciCam","/SciCam.20260813_105725340.jpg","PilotCam","/PilotCam.20260813_105725340.jpg","BrowCam","/BrowCam.20260813_105725340.jpg","UserSelect","/UserSelect.20260813_105725340.jpg","","","-3.65","2.78","-999.99","-999.99","6a7da3153a81d30014ed868d"
"2026-08-13T10:57:37.000Z","","","SulisCam","","admin","","","","","","sulis_20260813105737.jpg","","","","","","","","","","","","","","","","","","","","","","353.726","359.059","","","","","6a7e04bb3a81d30014ed8d2e"
"2026-08-13T10:57:55.366Z","45.9336788","-130.0139058","ASNAP","","admin","","","","","","","","","","","","","860.71","1890.88","-1.2","-6.5","354.46","1537.69","3.63","SciCam","/SciCam.20260813_105755366.jpg","PilotCam","/PilotCam.20260813_105755366.jpg","BrowCam","/BrowCam.20260813_105755366.jpg","UserSelect","/UserSelect.20260813_105755366.jpg","","","-3.65","2.83","-999.99","-999.99","6a7da3333a81d30014ed8691"
"2026-08-13T10:58:06.000Z","","","SulisCam","","admin","","","","","","sulis_20260813105806.jpg","","","","","","","","","","","","","","","","","","","","","","353.609","358.861","","","","","6a7e04bb3a81d30014ed8d30"
"2026-08-13T10:58:25.396Z","45.9336787","-130.0139847","ASNAP","","admin","","","","","","","","","","","","","854.59","1890.87","-0.9","-6.7","15.94","1537.62","3.45","SciCam","/SciCam.20260813_105825396.jpg","PilotCam","/PilotCam.20260813_105825396.jpg","BrowCam","/BrowCam.20260813_105825396.jpg","UserSelect","/UserSelect.20260813_105825396.jpg","","","-3.65","2.76","-999.99","-999.99","6a7da3513a81d30014ed8695"
"2026-08-13T10:58:55.437Z","45.9336951","-130.0140446","ASNAP","","admin","","","","","","","","","","","","","849.94","1892.69","0.2","-6.6","30.98","1537.55","3.58","SciCam","/SciCam.20260813_105855437.jpg","PilotCam","/PilotCam.20260813_105855437.jpg","BrowCam","/BrowCam.20260813_105855437.jpg","UserSelect","/UserSelect.20260813_105855437.jpg","","","-3.65","2.74","-999.99","-999.99","6a7da36f3a81d30014ed8699"
"2026-08-13T10:59:14.000Z","","","SulisCam","","admin","","","","","","sulis_20260813105914.jpg","","","","","","","","","","","","","","","","","","","","","","353.228","359.221","","","","","6a7e04bb3a81d30014ed8d32"
"2026-08-13T10:59:25.484Z","45.9337370","-130.0140715","ASNAP","","admin","","","","","","","","","","","","","847.85","1897.35","-1.2","-6.9","78.43","1537.56","3.15","SciCam","/SciCam.20260813_105925484.jpg","PilotCam","/PilotCam.20260813_105925484.jpg","BrowCam","/BrowCam.20260813_105925484.jpg","UserSelect","/UserSelect.20260813_105925484.jpg","","","-999.99","2.76","-999.99","-999.99","6a7da38d3a81d30014ed869d"
"2026-08-13T10:59:55.530Z","45.9337702","-130.0140388","ASNAP","","admin","","","","","","","","","","","","","850.39","1901.04","-2.3","-7.0","142.75","1537.57","3.61","SciCam","/SciCam.20260813_105955530.jpg","PilotCam","/PilotCam.20260813_105955530.jpg","BrowCam","/BrowCam.20260813_105955530.jpg","UserSelect","/UserSelect.20260813_105955530.jpg","","","-3.65","2.75","-999.99","-999.99","6a7da3ab3a81d30014ed86a1"
"2026-08-13T11:00:02.000Z","","","SulisCam","","admin","","","","","","sulis_20260813110002.jpg","","","","","","","","","","","","","","","","","","","","","","353.092","357.766","","","","","6a7e04bb3a81d30014ed8d34"
"2026-08-13T11:00:25.000Z","","","SulisCam","","admin","","","","","","sulis_20260813110025.jpg","","","","","","","","","","","","","","","","","","","","","","353.341","357.721","","","","","6a7e04bb3a81d30014ed8d36"
"2026-08-13T11:00:25.575Z","45.9337819","-130.0139928","ASNAP","","admin","","","","","","","","","","","","","853.96","1902.34","-2.3","-6.7","183.71","1537.62","3.81","SciCam","/SciCam.20260813_110025575.jpg","PilotCam","/PilotCam.20260813_110025575.jpg","BrowCam","/BrowCam.20260813_110025575.jpg","UserSelect","/UserSelect.20260813_110025575.jpg","","","-999.99","2.76","-999.99","-999.99","6a7da3c93a81d30014ed86a5"
"2026-08-13T11:00:49.000Z","","","SulisCam","","admin","","","","","","sulis_20260813110049.jpg","","","","","","","","","","","","","","","","","","","","","","353.404","357.600","","","","","6a7e04bb3a81d30014ed8d38"
"2026-08-13T11:00:55.621Z","45.9337751","-130.0139270","ASNAP","","admin","","","","","","","","","","","","","859.06","1901.59","-2.3","-6.5","208.70","1537.38","3.66","SciCam","/SciCam.20260813_110055621.jpg","PilotCam","/PilotCam.20260813_110055621.jpg","BrowCam","/BrowCam.20260813_110055621.jpg","UserSelect","/UserSelect.20260813_110055621.jpg","","","-999.99","2.71","-999.99","-999.99","6a7da3e73a81d30014ed86a9"
"2026-08-13T11:01:17.000Z","","","SulisCam","","admin","","","","","","sulis_20260813110117.jpg","","","","","","","","","","","","","","","","","","","","","","353.361","357.974","","","","","6a7e04bb3a81d30014ed8d3a"
"2026-08-13T11:01:25.000Z","","","SulisCam","","admin","","","","","","sulis_20260813110125.jpg","","","","","","","","","","","","","","","","","","","","","","353.385","357.725","","","","","6a7e04bb3a81d30014ed8d3c"
"2026-08-13T11:01:25.666Z","45.9337701","-130.0138618","ASNAP","","admin","","","","","","","","","","","","","864.12","1901.03","-2.5","-6.5","223.63","1537.50","3.68","SciCam","/SciCam.20260813_110125666.jpg","PilotCam","/PilotCam.20260813_110125666.jpg","BrowCam","/BrowCam.20260813_110125666.jpg","UserSelect","/UserSelect.20260813_110125666.jpg","","","-999.99","2.74","-999.99","-999.99","6a7da4053a81d30014ed86ad"
"2026-08-13T11:01:48.843Z","45.9337707","-130.0138315","HIGHLIGHTS","","guest","","","","","","","4K highlights stop","","","","","","866.47","1901.10","-2.0","-6.3","235.95","1537.53","3.58","SciCam","/SciCam.20260813_110148843.jpg","PilotCam","/PilotCam.20260813_110148843.jpg","BrowCam","/BrowCam.20260813_110148843.jpg","UserSelect","/UserSelect.20260813_110148843.jpg","","","-3.65","2.74","-999.99","-999.99","6a7da41c3a81d30014ed86b1"
"2026-08-13T11:01:55.712Z","45.9337653","-130.0138223","ASNAP","","admin","","","","","","","","","","","","","867.19","1900.50","-2.1","-6.4","224.79","1537.48","3.63","SciCam","/SciCam.20260813_110155712.jpg","PilotCam","/PilotCam.20260813_110155712.jpg","BrowCam","/BrowCam.20260813_110155712.jpg","UserSelect","/UserSelect.20260813_110155712.jpg","","","-999.99","2.74","-999.99","-999.99","6a7da4233a81d30014ed86b5"
"2026-08-13T11:02:25.754Z","45.9337402","-130.0138101","ASNAP","","admin","","","","","","","","","","","","","868.13","1897.71","-2.4","-6.2","214.41","1537.12","4.01","SciCam","/SciCam.20260813_110225754.jpg","PilotCam","/PilotCam.20260813_110225754.jpg","BrowCam","/BrowCam.20260813_110225754.jpg","UserSelect","/UserSelect.20260813_110225754.jpg","","","-999.99","2.83","-999.99","-999.99","6a7da4413a81d30014ed86b9"
"2026-08-13T11:02:55.797Z","45.9337420","-130.0138428","ASNAP","","admin","","","","","","","","","","","","","865.60","1897.91","-2.1","-6.1","233.09","1537.49","3.81","SciCam","/SciCam.20260813_110255797.jpg","PilotCam","/PilotCam.20260813_110255797.jpg","BrowCam","/BrowCam.20260813_110255797.jpg","UserSelect","/UserSelect.20260813_110255797.jpg","","","-999.99","2.72","-999.99","-999.99","6a7da45f3a81d30014ed86bd"
"2026-08-13T11:03:14.640Z","45.9337405","-130.0138456","Name","Justin is logging","guest","","","","","","","","","","","","","865.38","1897.74","-2.2","-6.0","238.65","1538.42","2.87","SciCam","/SciCam.20260813_110314640.jpg","PilotCam","/PilotCam.20260813_110314640.jpg","BrowCam","/BrowCam.20260813_110314640.jpg","UserSelect","/UserSelect.20260813_110314640.jpg","","","-999.99","2.74","-999.99","-999.99","6a7da4723a81d30014ed86c1"
"2026-08-13T11:03:25.825Z","45.9337410","-130.0138438","ASNAP","","admin","","","","","","","","","","","","","865.52","1897.80","-2.9","-5.9","239.99","1539.11","2.08","SciCam","/SciCam.20260813_110325825.jpg","PilotCam","/PilotCam.20260813_110325825.jpg","BrowCam","/BrowCam.20260813_110325825.jpg","UserSelect","/UserSelect.20260813_110325825.jpg","","","-999.99","2.71","-999.99","-999.99","6a7da47d3a81d30014ed86c5"
"2026-08-13T11:03:35.000Z","","","SulisCam","","admin","","","","","","sulis_20260813110335.jpg","","","","","","","","","","","","","","","","","","","","","","356.487","115.224","","","","","6a7e04bb3a81d30014ed8d3e"
"2026-08-13T11:03:55.871Z","45.9337381","-130.0138449","ASNAP","","admin","","","","","","","","","","","","","865.43","1897.47","-0.5","-3.3","239.44","1539.50","1.26","SciCam","/SciCam.20260813_110355871.jpg","PilotCam","/PilotCam.20260813_110355871.jpg","BrowCam","/BrowCam.20260813_110355871.jpg","UserSelect","/UserSelect.20260813_110355871.jpg","","","-999.99","2.77","-999.99","-999.99","6a7da49b3a81d30014ed86c9"
"2026-08-13T11:04:02.262Z","45.9337378","-130.0138448","WATCH_CHANGE","","guest","","","","","","","","","","Chris J in for Chis H (Navigator)","","","865.44","1897.44","0.9","-3.5","237.89","1539.48","1.18","SciCam","/SciCam.20260813_110402262.jpg","PilotCam","/PilotCam.20260813_110402262.jpg","BrowCam","/BrowCam.20260813_110402262.jpg","UserSelect","/UserSelect.20260813_110402262.jpg","","","-999.99","2.76","-999.99","-999.99","6a7da4a23a81d30014ed86cd"
"2026-08-13T11:04:21.000Z","","","SulisCam","","admin","","","","","","sulis_20260813110421.jpg","","","","","","","","","","","","","","","","","","","","","","356.434","0.825","","","","","6a7e04bb3a81d30014ed8d40"
"2026-08-13T11:04:25.917Z","45.9337378","-130.0138452","ASNAP","","admin","","","","","","","","","","","","","865.41","1897.44","1.1","-3.5","237.74","1539.48","1.26","SciCam","/SciCam.20260813_110425917.jpg","PilotCam","/PilotCam.20260813_110425917.jpg","BrowCam","/BrowCam.20260813_110425917.jpg","UserSelect","/UserSelect.20260813_110425917.jpg","","","-999.99","2.76","-999.99","-999.99","6a7da4b93a81d30014ed86d1"
"2026-08-13T11:04:55.933Z","45.9337378","-130.0138451","ASNAP","","admin","","","","","","","","","","","","","865.42","1897.44","1.6","-3.6","237.89","1539.47","1.24","SciCam","/SciCam.20260813_110455933.jpg","PilotCam","/PilotCam.20260813_110455933.jpg","BrowCam","/BrowCam.20260813_110455933.jpg","UserSelect","/UserSelect.20260813_110455933.jpg","","","-999.99","2.76","-999.99","-999.99","6a7da4d73a81d30014ed86d5"
"2026-08-13T11:05:25.973Z","45.9337381","-130.0138446","ASNAP","","admin","","","","","","","","","","","","","865.46","1897.47","1.0","-2.6","240.78","1539.47","1.24","SciCam","/SciCam.20260813_110525973.jpg","PilotCam","/PilotCam.20260813_110525973.jpg","BrowCam","/BrowCam.20260813_110525973.jpg","UserSelect","/UserSelect.20260813_110525973.jpg","","","-3.65","2.77","-999.99","-999.99","6a7da4f53a81d30014ed86d9"
"2026-08-13T11:05:56.013Z","45.9337382","-130.0138443","ASNAP","","admin","","","","","","","","","","","","","865.48","1897.48","4.2","-3.2","241.82","1539.44","1.11","SciCam","/SciCam.20260813_110556013.jpg","PilotCam","/PilotCam.20260813_110556013.jpg","BrowCam","/BrowCam.20260813_110556013.jpg","UserSelect","/UserSelect.20260813_110556013.jpg","","","-3.65","2.80","-999.99","-999.99","6a7da5143a81d30014ed86dd"
"2026-08-13T11:06:26.059Z","45.9337382","-130.0138447","ASNAP","","admin","","","","","","","","","","","","","865.45","1897.49","4.1","-3.1","241.74","1539.44","1.11","SciCam","/SciCam.20260813_110626059.jpg","PilotCam","/PilotCam.20260813_110626059.jpg","BrowCam","/BrowCam.20260813_110626059.jpg","UserSelect","/UserSelect.20260813_110626059.jpg","","","-999.99","2.79","-999.99","-999.99","6a7da5323a81d30014ed86e1"
"2026-08-13T11:06:56.085Z","45.9337387","-130.0138460","ASNAP","","admin","","","","","","","","","","","","","865.35","1897.54","4.1","-3.1","241.64","1539.44","1.11","SciCam","/SciCam.20260813_110656085.jpg","PilotCam","/PilotCam.20260813_110656085.jpg","BrowCam","/BrowCam.20260813_110656085.jpg","UserSelect","/UserSelect.20260813_110656085.jpg","","","-999.99","2.84","-999.99","-999.99","6a7da5503a81d30014ed86e5"
"2026-08-13T11:07:14.353Z","45.9337388","-130.0138465","Sample","","guest","","","Niskin","","","","","","","","Aft niskin","","865.31","1897.55","4.0","-2.9","241.81","1539.43","1.11","SciCam","/SciCam.20260813_110714353.jpg","PilotCam","/PilotCam.20260813_110714353.jpg","BrowCam","/BrowCam.20260813_110714353.jpg","UserSelect","/UserSelect.20260813_110714353.jpg","","","-999.99","2.84","-999.99","-999.99","6a7da5623a81d30014ed86e9"
"2026-08-13T11:07:26.112Z","45.9337389","-130.0138469","ASNAP","","admin","","","","","","","","","","","","","865.28","1897.56","4.1","-3.1","241.86","1539.43","1.11","SciCam","/SciCam.20260813_110726112.jpg","PilotCam","/PilotCam.20260813_110726112.jpg","BrowCam","/BrowCam.20260813_110726112.jpg","UserSelect","/UserSelect.20260813_110726112.jpg","","","-999.99","2.88","-999.99","-999.99","6a7da56e3a81d30014ed86ed"
"2026-08-13T11:07:48.143Z","45.9337391","-130.0138475","Sample","","guest","","","Niskin","","","","","","","","","Foreward niskin","865.23","1897.59","4.3","-3.3","241.92","1539.42","1.11","SciCam","/SciCam.20260813_110748143.jpg","PilotCam","/PilotCam.20260813_110748143.jpg","BrowCam","/BrowCam.20260813_110748143.jpg","UserSelect","/UserSelect.20260813_110748143.jpg","","","-999.99","2.79","-999.99","-999.99","6a7da5843a81d30014ed86f1"
"2026-08-13T11:07:56.153Z","45.9337391","-130.0138478","ASNAP","","admin","","","","","","","","","","","","","865.21","1897.59","4.1","-3.0","241.93","1539.43","1.11","SciCam","/SciCam.20260813_110756153.jpg","PilotCam","/PilotCam.20260813_110756153.jpg","BrowCam","/BrowCam.20260813_110756153.jpg","UserSelect","/UserSelect.20260813_110756153.jpg","","","-999.99","2.81","-999.99","-999.99","6a7da58c3a81d30014ed86f5"
"2026-08-13T11:08:26.176Z","45.9337391","-130.0138480","ASNAP","","admin","","","","","","","","","","","","","865.19","1897.59","2.8","-3.9","241.96","1539.42","1.16","SciCam","/SciCam.20260813_110826176.jpg","PilotCam","/PilotCam.20260813_110826176.jpg","BrowCam","/BrowCam.20260813_110826176.jpg","UserSelect","/UserSelect.20260813_110826176.jpg","","","-999.99","2.82","-999.99","-999.99","6a7da5aa3a81d30014ed86f9"
"2026-08-13T11:08:50.760Z","45.9337392","-130.0138475","ROV Actions","Grabbing bungee off sea floor","guest","","(Port) Manipulator in use","","","","","","","","","","","865.23","1897.60","3.6","-4.7","242.80","1539.40","1.18","SciCam","/SciCam.20260813_110850760.jpg","PilotCam","/PilotCam.20260813_110850760.jpg","BrowCam","/BrowCam.20260813_110850760.jpg","UserSelect","/UserSelect.20260813_110850760.jpg","","","-999.99","2.78","-999.99","-999.99","6a7da5c23a81d30014ed86fd"
"2026-08-13T11:08:56.218Z","45.9337392","-130.0138478","ASNAP","","admin","","","","","","","","","","","","","865.21","1897.60","3.0","-5.3","242.37","1539.40","1.24","SciCam","/SciCam.20260813_110856218.jpg","PilotCam","/PilotCam.20260813_110856218.jpg","BrowCam","/BrowCam.20260813_110856218.jpg","UserSelect","/UserSelect.20260813_110856218.jpg","","","-3.65","2.82","-999.99","-999.99","6a7da5c83a81d30014ed8701"
"2026-08-13T11:09:26.263Z","45.9337390","-130.0138480","ASNAP","","admin","","","","","","","","","","","","","865.19","1897.57","4.2","-3.3","242.55","1539.41","1.11","SciCam","/SciCam.20260813_110926263.jpg","PilotCam","/PilotCam.20260813_110926263.jpg","BrowCam","/BrowCam.20260813_110926263.jpg","UserSelect","/UserSelect.20260813_110926263.jpg","","","-999.99","2.75","-999.99","-999.99","6a7da5e63a81d30014ed8705"
"2026-08-13T11:09:56.306Z","45.9337390","-130.0138482","ASNAP","","admin","","","","","","","","","","","","","865.18","1897.57","2.5","-3.3","241.76","1539.42","1.16","SciCam","/SciCam.20260813_110956306.jpg","PilotCam","/PilotCam.20260813_110956306.jpg","BrowCam","/BrowCam.20260813_110956306.jpg","UserSelect","/UserSelect.20260813_110956306.jpg","","","-999.99","2.83","-999.99","-999.99","6a7da6043a81d30014ed8709"
"2026-08-13T11:10:26.342Z","45.9337389","-130.0138482","ASNAP","","admin","","","","","","","","","","","","","865.18","1897.56","0.7","-3.7","241.64","1539.42","1.21","SciCam","/SciCam.20260813_111026342.jpg","PilotCam","/PilotCam.20260813_111026342.jpg","BrowCam","/BrowCam.20260813_111026342.jpg","UserSelect","/UserSelect.20260813_111026342.jpg","","","-3.65","2.87","-999.99","-999.99","6a7da6223a81d30014ed870d"
"2026-08-13T11:10:56.385Z","45.9337368","-130.0138118","ASNAP","","admin","","","","","","","","","","","","","868.00","1897.33","-2.2","-6.3","223.41","1537.99","2.92","SciCam","/SciCam.20260813_111056385.jpg","PilotCam","/PilotCam.20260813_111056385.jpg","BrowCam","/BrowCam.20260813_111056385.jpg","UserSelect","/UserSelect.20260813_111056385.jpg","","","-999.99","2.82","-999.99","-999.99","6a7da6403a81d30014ed8711"
"2026-08-13T11:11:26.410Z","45.9336995","-130.0137973","ASNAP","","admin","","","","","","","","","","","","","869.13","1893.18","-1.7","-6.3","249.85","1537.30","3.66","SciCam","/SciCam.20260813_111126410.jpg","PilotCam","/PilotCam.20260813_111126410.jpg","BrowCam","/BrowCam.20260813_111126410.jpg","UserSelect","/UserSelect.20260813_111126410.jpg","","","-999.99","2.72","-999.99","-999.99","6a7da65e3a81d30014ed8715"
"2026-08-13T11:11:56.435Z","45.9336822","-130.0138154","ASNAP","","admin","","","","","","","","","","","","","867.72","1891.26","-1.8","-6.5","331.99","1539.48","1.92","SciCam","/SciCam.20260813_111156435.jpg","PilotCam","/PilotCam.20260813_111156435.jpg","BrowCam","/BrowCam.20260813_111156435.jpg","UserSelect","/UserSelect.20260813_111156435.jpg","","","-3.65","2.70","-999.99","-999.99","6a7da67c3a81d30014ed8719"
"2026-08-13T11:12:26.478Z","45.9336815","-130.0138179","ASNAP","","admin","","","","","","","","","","","","","867.53","1891.18","-1.3","-3.9","325.61","1539.73","1.49","SciCam","/SciCam.20260813_111226478.jpg","PilotCam","/PilotCam.20260813_111226478.jpg","BrowCam","/BrowCam.20260813_111226478.jpg","UserSelect","/UserSelect.20260813_111226478.jpg","","","-999.99","2.76","-999.99","-999.99","6a7da69a3a81d30014ed871d"
"2026-08-13T11:12:56.521Z","45.9336814","-130.0138181","ASNAP","","admin","","","","","","","","","","","","","867.51","1891.17","-1.4","-4.0","325.60","1539.72","1.54","SciCam","/SciCam.20260813_111256521.jpg","PilotCam","/PilotCam.20260813_111256521.jpg","BrowCam","/BrowCam.20260813_111256521.jpg","UserSelect","/UserSelect.20260813_111256521.jpg","","","-999.99","2.78","-999.99","-999.99","6a7da6b83a81d30014ed8721"
"2026-08-13T11:13:26.540Z","45.9336815","-130.0138183","ASNAP","","admin","","","","","","","","","","","","","867.50","1891.18","-1.1","-2.7","326.27","1539.73","1.47","SciCam","/SciCam.20260813_111326540.jpg","PilotCam","/PilotCam.20260813_111326540.jpg","BrowCam","/BrowCam.20260813_111326540.jpg","UserSelect","/UserSelect.20260813_111326540.jpg","","","-999.99","2.87","-999.99","-999.99","6a7da6d63a81d30014ed8725"
"2026-08-13T11:13:46.647Z","45.9336816","-130.0138188","ROV Actions","Grabbing weight out of basket","guest","","(Port) Manipulator in use","","","","","","","","","","","867.46","1891.19","-1.2","-2.7","327.64","1539.73","1.44","SciCam","/SciCam.20260813_111346647.jpg","PilotCam","/PilotCam.20260813_111346647.jpg","BrowCam","/BrowCam.20260813_111346647.jpg","UserSelect","/UserSelect.20260813_111346647.jpg","","","-999.99","2.88","-999.99","-999.99","6a7da6ea3a81d30014ed8729"
"2026-08-13T11:13:56.581Z","45.9336817","-130.0138188","ASNAP","","admin","","","","","","","","","","","","","867.46","1891.20","-1.3","-2.8","327.64","1539.73","1.44","SciCam","/SciCam.20260813_111356581.jpg","PilotCam","/PilotCam.20260813_111356581.jpg","BrowCam","/BrowCam.20260813_111356581.jpg","UserSelect","/UserSelect.20260813_111356581.jpg","","","-999.99","2.89","-999.99","-999.99","6a7da6f43a81d30014ed872d"
"2026-08-13T11:14:26.613Z","45.9336816","-130.0138190","ASNAP","","admin","","","","","","","","","","","","","867.44","1891.19","-1.4","-3.4","327.67","1539.71","1.47","SciCam","/SciCam.20260813_111426613.jpg","PilotCam","/PilotCam.20260813_111426613.jpg","BrowCam","/BrowCam.20260813_111426613.jpg","UserSelect","/UserSelect.20260813_111426613.jpg","","","-999.99","2.83","-999.99","-999.99","6a7da7123a81d30014ed8731"
"2026-08-13T11:14:56.657Z","45.9336816","-130.0138190","ASNAP","","admin","","","","","","","","","","","","","867.44","1891.19","-1.5","-3.7","327.66","1539.70","1.49","SciCam","/SciCam.20260813_111456657.jpg","PilotCam","/PilotCam.20260813_111456657.jpg","BrowCam","/BrowCam.20260813_111456657.jpg","UserSelect","/UserSelect.20260813_111456657.jpg","","","-999.99","2.84","-999.99","-999.99","6a7da7303a81d30014ed8735"
"2026-08-13T11:15:04.316Z","45.9336816","-130.0138189","ROV Actions","Grabbing weight from port manip","guest","","(Starboard) Manipulator in use","","","","","","","","","","","867.45","1891.19","-1.5","-3.8","327.66","1539.70","1.49","SciCam","/SciCam.20260813_111504316.jpg","PilotCam","/PilotCam.20260813_111504316.jpg","BrowCam","/BrowCam.20260813_111504316.jpg","UserSelect","/UserSelect.20260813_111504316.jpg","","","-999.99","2.83","-999.99","-999.99","6a7da7383a81d30014ed8739"
"2026-08-13T11:15:26.697Z","45.9336816","-130.0138189","ASNAP","","admin","","","","","","","","","","","","","867.45","1891.19","-1.5","-3.8","327.65","1539.69","1.49","SciCam","/SciCam.20260813_111526697.jpg","PilotCam","/PilotCam.20260813_111526697.jpg","BrowCam","/BrowCam.20260813_111526697.jpg","UserSelect","/UserSelect.20260813_111526697.jpg","","","-999.99","2.88","-999.99","-999.99","6a7da74e3a81d30014ed873d"
"2026-08-13T11:15:37.000Z","","","SulisCam","","admin","","","","","","sulis_20260813111537.jpg","","","","","","","","","","","","","","","","","","","","","","354.471","358.035","","","","","6a7e04bb3a81d30014ed8d42"
"2026-08-13T11:15:56.741Z","45.9336815","-130.0138190","ASNAP","","admin","","","","","","","","","","","","","867.44","1891.18","-1.8","-5.0","327.65","1539.67","1.52","SciCam","/SciCam.20260813_111556741.jpg","PilotCam","/PilotCam.20260813_111556741.jpg","BrowCam","/BrowCam.20260813_111556741.jpg","UserSelect","/UserSelect.20260813_111556741.jpg","","","-999.99","2.86","-999.99","-999.99","6a7da76c3a81d30014ed8741"
"2026-08-13T11:16:26.786Z","45.9336815","-130.0138192","ASNAP","","admin","","","","","","","","","","","","","867.43","1891.18","-1.9","-5.2","327.66","1539.67","1.57","SciCam","/SciCam.20260813_111626786.jpg","PilotCam","/PilotCam.20260813_111626786.jpg","BrowCam","/BrowCam.20260813_111626786.jpg","UserSelect","/UserSelect.20260813_111626786.jpg","","","-999.99","2.81","-999.99","-999.99","6a7da78a3a81d30014ed8745"
"2026-08-13T11:16:56.832Z","45.9336815","-130.0138189","ASNAP","","admin","","","","","","","","","","","","","867.45","1891.18","-1.9","-5.2","327.67","1539.66","1.57","SciCam","/SciCam.20260813_111656832.jpg","PilotCam","/PilotCam.20260813_111656832.jpg","BrowCam","/BrowCam.20260813_111656832.jpg","UserSelect","/UserSelect.20260813_111656832.jpg","","","-999.99","2.78","-999.99","-999.99","6a7da7a83a81d30014ed8749"
"2026-08-13T11:17:24.054Z","45.9336815","-130.0138189","FREE_FORM","Weight placed on cable connected to old ctd","guest","","","","","","","","","","","","","867.45","1891.18","-1.9","-5.4","327.67","1539.65","1.57","SciCam","/SciCam.20260813_111724054.jpg","PilotCam","/PilotCam.20260813_111724054.jpg","BrowCam","/BrowCam.20260813_111724054.jpg","UserSelect","/UserSelect.20260813_111724054.jpg","","","-999.99","2.76","-999.99","-999.99","6a7da7c43a81d30014ed874d"
"2026-08-13T11:17:26.854Z","45.9336815","-130.0138190","ASNAP","","admin","","","","","","","","","","","","","867.44","1891.18","-1.9","-5.4","327.67","1539.65","1.57","SciCam","/SciCam.20260813_111726854.jpg","PilotCam","/PilotCam.20260813_111726854.jpg","BrowCam","/BrowCam.20260813_111726854.jpg","UserSelect","/UserSelect.20260813_111726854.jpg","","","-3.65","2.77","-999.99","-999.99","6a7da7c63a81d30014ed8751"
"2026-08-13T11:17:34.163Z","45.9336815","-130.0138189","ROV Actions","Grabbed connector on cable on old ctd","guest","","(Port) Manipulator in use","","","","","","","","","","","867.45","1891.18","-1.8","-5.0","327.66","1539.65","1.57","SciCam","/SciCam.20260813_111734163.jpg","PilotCam","/PilotCam.20260813_111734163.jpg","BrowCam","/BrowCam.20260813_111734163.jpg","UserSelect","/UserSelect.20260813_111734163.jpg","","","-999.99","2.76","-999.99","-999.99","6a7da7ce3a81d30014ed8755"
"2026-08-13T11:17:56.894Z","45.9336814","-130.0138190","ASNAP","","admin","","","","","","","","","","","","","867.44","1891.17","-1.8","-4.8","327.66","1539.65","1.57","SciCam","/SciCam.20260813_111756894.jpg","PilotCam","/PilotCam.20260813_111756894.jpg","BrowCam","/BrowCam.20260813_111756894.jpg","UserSelect","/UserSelect.20260813_111756894.jpg","","","-999.99","2.81","-999.99","-999.99","6a7da7e43a81d30014ed8759"
"2026-08-13T11:18:26.932Z","45.9336813","-130.0138190","ASNAP","","admin","","","","","","","","","","","","","867.44","1891.16","-1.7","-4.5","327.66","1539.65","1.54","SciCam","/SciCam.20260813_111826932.jpg","PilotCam","/PilotCam.20260813_111826932.jpg","BrowCam","/BrowCam.20260813_111826932.jpg","UserSelect","/UserSelect.20260813_111826932.jpg","","","-999.99","2.79","-999.99","-999.99","6a7da8023a81d30014ed875d"
"2026-08-13T11:18:56.977Z","45.9336811","-130.0138190","ASNAP","","admin","","","","","","","","","","","","","867.44","1891.14","-1.9","-5.3","327.67","1539.64","1.57","SciCam","/SciCam.20260813_111856977.jpg","PilotCam","/PilotCam.20260813_111856977.jpg","BrowCam","/BrowCam.20260813_111856977.jpg","UserSelect","/UserSelect.20260813_111856977.jpg","","","-999.99","2.78","-999.99","-999.99","6a7da8203a81d30014ed8761"
"2026-08-13T11:18:57.678Z","45.9336811","-130.0138190","ROV Actions","Grabbing old CTD","guest","","(Starboard) Manipulator in use","","","","","","","","","","","867.44","1891.14","-1.9","-5.2","327.67","1539.64","1.57","SciCam","/SciCam.20260813_111857678.jpg","PilotCam","/PilotCam.20260813_111857678.jpg","BrowCam","/BrowCam.20260813_111857678.jpg","UserSelect","/UserSelect.20260813_111857678.jpg","","","-999.99","2.80","-999.99","-999.99","6a7da8213a81d30014ed8765"
"2026-08-13T11:19:27.023Z","45.9336810","-130.0138192","ASNAP","","admin","","","","","","","","","","","","","867.43","1891.13","-1.9","-5.4","327.69","1539.63","1.57","SciCam","/SciCam.20260813_111927023.jpg","PilotCam","/PilotCam.20260813_111927023.jpg","BrowCam","/BrowCam.20260813_111927023.jpg","UserSelect","/UserSelect.20260813_111927023.jpg","","","-999.99","2.80","-999.99","-999.99","6a7da83f3a81d30014ed8769"
"2026-08-13T11:19:57.069Z","45.9336808","-130.0138192","ASNAP","","admin","","","","","","","","","","","","","867.43","1891.11","-1.9","-5.4","327.69","1539.63","1.57","SciCam","/SciCam.20260813_111957069.jpg","PilotCam","/PilotCam.20260813_111957069.jpg","BrowCam","/BrowCam.20260813_111957069.jpg","UserSelect","/UserSelect.20260813_111957069.jpg","","","-999.99","2.80","-999.99","-999.99","6a7da85d3a81d30014ed876d"
"2026-08-13T11:20:27.113Z","45.9336808","-130.0138193","ASNAP","","admin","","","","","","","","","","","","","867.42","1891.11","-1.7","-4.6","327.68","1539.63","1.52","SciCam","/SciCam.20260813_112027113.jpg","PilotCam","/PilotCam.20260813_112027113.jpg","BrowCam","/BrowCam.20260813_112027113.jpg","UserSelect","/UserSelect.20260813_112027113.jpg","","","-999.99","2.74","-999.99","-999.99","6a7da87b3a81d30014ed8771"
"2026-08-13T11:20:57.156Z","45.9336808","-130.0138194","ASNAP","","admin","","","","","","","","","","","","","867.41","1891.10","-1.6","-4.1","327.67","1539.63","1.49","SciCam","/SciCam.20260813_112057156.jpg","PilotCam","/PilotCam.20260813_112057156.jpg","BrowCam","/BrowCam.20260813_112057156.jpg","UserSelect","/UserSelect.20260813_112057156.jpg","","","-999.99","2.74","-999.99","-999.99","6a7da8993a81d30014ed8775"
"2026-08-13T11:21:27.176Z","45.9336808","-130.0138194","ASNAP","","admin","","","","","","","","","","","","","867.41","1891.10","-2.0","-5.5","327.69","1539.61","1.57","SciCam","/SciCam.20260813_112127176.jpg","PilotCam","/PilotCam.20260813_112127176.jpg","BrowCam","/BrowCam.20260813_112127176.jpg","UserSelect","/UserSelect.20260813_112127176.jpg","","","-999.99","2.82","-999.99","-999.99","6a7da8b73a81d30014ed8779"
"2026-08-13T11:21:57.217Z","45.9336807","-130.0138195","ASNAP","","admin","","","","","","","","","","","","","867.40","1891.09","-1.7","-4.5","327.67","1539.61","1.54","SciCam","/SciCam.20260813_112157217.jpg","PilotCam","/PilotCam.20260813_112157217.jpg","BrowCam","/BrowCam.20260813_112157217.jpg","UserSelect","/UserSelect.20260813_112157217.jpg","","","-999.99","2.81","-999.99","-999.99","6a7da8d53a81d30014ed877d"
"2026-08-13T11:22:27.262Z","45.9336807","-130.0138195","ASNAP","","admin","","","","","","","","","","","","","867.40","1891.09","-1.7","-4.3","327.66","1539.61","1.52","SciCam","/SciCam.20260813_112227262.jpg","PilotCam","/PilotCam.20260813_112227262.jpg","BrowCam","/BrowCam.20260813_112227262.jpg","UserSelect","/UserSelect.20260813_112227262.jpg","","","-999.99","2.71","-999.99","-999.99","6a7da8f33a81d30014ed8781"
"2026-08-13T11:22:57.280Z","45.9336807","-130.0138198","ASNAP","","admin","","","","","","","","","","","","","867.38","1891.09","-1.6","-4.2","327.66","1539.61","1.49","SciCam","/SciCam.20260813_112257280.jpg","PilotCam","/PilotCam.20260813_112257280.jpg","BrowCam","/BrowCam.20260813_112257280.jpg","UserSelect","/UserSelect.20260813_112257280.jpg","","","-999.99","2.75","-999.99","-999.99","6a7da9113a81d30014ed8785"
"2026-08-13T11:23:27.304Z","45.9336806","-130.0138199","ASNAP","","admin","","","","","","","","","","","","","867.37","1891.08","-1.9","-5.3","327.68","1539.59","1.57","SciCam","/SciCam.20260813_112327304.jpg","PilotCam","/PilotCam.20260813_112327304.jpg","BrowCam","/BrowCam.20260813_112327304.jpg","UserSelect","/UserSelect.20260813_112327304.jpg","","","-999.99","2.72","-999.99","-999.99","6a7da92f3a81d30014ed8789"
"2026-08-13T11:23:57.350Z","45.9336806","-130.0138198","ASNAP","","admin","","","","","","","","","","","","","867.38","1891.08","-1.7","-4.2","327.66","1539.60","1.49","SciCam","/SciCam.20260813_112357350.jpg","PilotCam","/PilotCam.20260813_112357350.jpg","BrowCam","/BrowCam.20260813_112357350.jpg","UserSelect","/UserSelect.20260813_112357350.jpg","","","-999.99","2.70","-999.99","-999.99","6a7da94d3a81d30014ed878d"
"2026-08-13T11:24:27.393Z","45.9336807","-130.0138197","ASNAP","","admin","","","","","","","","","","","","","867.39","1891.09","-1.9","-5.1","327.69","1539.59","1.57","SciCam","/SciCam.20260813_112427393.jpg","PilotCam","/PilotCam.20260813_112427393.jpg","BrowCam","/BrowCam.20260813_112427393.jpg","UserSelect","/UserSelect.20260813_112427393.jpg","","","-999.99","2.68","-999.99","-999.99","6a7da96b3a81d30014ed8791"
"2026-08-13T11:24:45.288Z","45.9336806","-130.0138197","FREE_FORM","Trying to place ctd on the deck of Jason","guest","","","","","","","","","","","","","867.39","1891.08","-1.8","-5.1","327.68","1539.58","1.57","SciCam","/SciCam.20260813_112445288.jpg","PilotCam","/PilotCam.20260813_112445288.jpg","BrowCam","/BrowCam.20260813_112445288.jpg","UserSelect","/UserSelect.20260813_112445288.jpg","","","-999.99","2.79","-999.99","-999.99","6a7da97d3a81d30014ed8795"
"2026-08-13T11:24:57.436Z","45.9336807","-130.0138197","ASNAP","","admin","","","","","","","","","","","","","867.39","1891.09","-1.8","-4.7","327.67","1539.58","1.57","SciCam","/SciCam.20260813_112457436.jpg","PilotCam","/PilotCam.20260813_112457436.jpg","BrowCam","/BrowCam.20260813_112457436.jpg","UserSelect","/UserSelect.20260813_112457436.jpg","","","-999.99","2.75","-999.99","-999.99","6a7da9893a81d30014ed8799"
"2026-08-13T11:25:27.475Z","45.9336807","-130.0138198","ASNAP","","admin","","","","","","","","","","","","","867.38","1891.09","-1.7","-4.5","327.66","1539.57","1.57","SciCam","/SciCam.20260813_112527475.jpg","PilotCam","/PilotCam.20260813_112527475.jpg","BrowCam","/BrowCam.20260813_112527475.jpg","UserSelect","/UserSelect.20260813_112527475.jpg","","","-999.99","2.74","-999.99","-999.99","6a7da9a73a81d30014ed879d"
"2026-08-13T11:25:57.520Z","45.9336808","-130.0138194","ASNAP","","admin","","","","","","","","","","","","","867.41","1891.10","-1.6","-4.1","327.66","1539.57","1.49","SciCam","/SciCam.20260813_112557520.jpg","PilotCam","/PilotCam.20260813_112557520.jpg","BrowCam","/BrowCam.20260813_112557520.jpg","UserSelect","/UserSelect.20260813_112557520.jpg","","","-999.99","2.74","-999.99","-999.99","6a7da9c53a81d30014ed87a1"
"2026-08-13T11:26:27.562Z","45.9336809","-130.0138194","ASNAP","","admin","","","","","","","","","","","","","867.41","1891.12","-1.6","-4.0","327.66","1539.56","1.49","SciCam","/SciCam.20260813_112627562.jpg","PilotCam","/PilotCam.20260813_112627562.jpg","BrowCam","/BrowCam.20260813_112627562.jpg","UserSelect","/UserSelect.20260813_112627562.jpg","","","-999.99","2.77","-999.99","-999.99","6a7da9e33a81d30014ed87a5"
"2026-08-13T11:26:57.605Z","45.9336809","-130.0138195","ASNAP","","admin","","","","","","","","","","","","","867.40","1891.12","-1.7","-4.4","327.66","1539.55","1.52","SciCam","/SciCam.20260813_112657605.jpg","PilotCam","/PilotCam.20260813_112657605.jpg","BrowCam","/BrowCam.20260813_112657605.jpg","UserSelect","/UserSelect.20260813_112657605.jpg","","","-999.99","2.81","-999.99","-999.99","6a7daa013a81d30014ed87a9"
"2026-08-13T11:27:27.651Z","45.9336810","-130.0138197","ASNAP","","admin","","","","","","","","","","","","","867.39","1891.13","-1.7","-4.3","327.66","1539.55","1.52","SciCam","/SciCam.20260813_112727651.jpg","PilotCam","/PilotCam.20260813_112727651.jpg","BrowCam","/BrowCam.20260813_112727651.jpg","UserSelect","/UserSelect.20260813_112727651.jpg","","","-999.99","2.85","-999.99","-999.99","6a7daa1f3a81d30014ed87ad"
"2026-08-13T11:27:57.696Z","45.9336809","-130.0138198","ASNAP","","admin","","","","","","","","","","","","","867.38","1891.12","-1.7","-4.3","327.66","1539.54","1.52","SciCam","/SciCam.20260813_112757696.jpg","PilotCam","/PilotCam.20260813_112757696.jpg","BrowCam","/BrowCam.20260813_112757696.jpg","UserSelect","/UserSelect.20260813_112757696.jpg","","","-999.99","2.81","-999.99","-999.99","6a7daa3d3a81d30014ed87b1"
"2026-08-13T11:28:27.742Z","45.9336794","-130.0138181","ASNAP","","admin","","","","","","","","","","","","","867.51","1890.95","-2.7","-7.6","327.08","1539.33","1.80","SciCam","/SciCam.20260813_112827742.jpg","PilotCam","/PilotCam.20260813_112827742.jpg","BrowCam","/BrowCam.20260813_112827742.jpg","UserSelect","/UserSelect.20260813_112827742.jpg","","","-999.99","2.91","-999.99","-999.99","6a7daa5b3a81d30014ed87b5"
"2026-08-13T11:28:57.785Z","45.9336468","-130.0137896","ASNAP","","admin","","","","","","","","","","","","","869.72","1887.33","-2.9","-6.9","326.40","1535.70","5.42","SciCam","/SciCam.20260813_112857785.jpg","PilotCam","/PilotCam.20260813_112857785.jpg","BrowCam","/BrowCam.20260813_112857785.jpg","UserSelect","/UserSelect.20260813_112857785.jpg","","","-999.99","2.78","-999.99","-999.99","6a7daa793a81d30014ed87b9"
"2026-08-13T11:29:27.825Z","45.9336521","-130.0137931","ASNAP","","admin","","","","","","","","","","","","","869.45","1887.92","-3.0","-7.3","326.40","1536.19","5.01","SciCam","/SciCam.20260813_112927825.jpg","PilotCam","/PilotCam.20260813_112927825.jpg","BrowCam","/BrowCam.20260813_112927825.jpg","UserSelect","/UserSelect.20260813_112927825.jpg","","","-999.99","2.73","-999.99","-999.99","6a7daa973a81d30014ed87bd"
"2026-08-13T11:29:57.869Z","45.9336523","-130.0137929","ASNAP","","admin","","","","","","","","","","","","","869.47","1887.94","-2.9","-7.2","326.81","1536.08","5.06","SciCam","/SciCam.20260813_112957869.jpg","PilotCam","/PilotCam.20260813_112957869.jpg","BrowCam","/BrowCam.20260813_112957869.jpg","UserSelect","/UserSelect.20260813_112957869.jpg","","","-999.99","2.71","-999.99","-999.99","6a7daab53a81d30014ed87c1"
"2026-08-13T11:30:08.768Z","45.9336492","-130.0137864","VEHICLE","","guest","Off bottom","","","","","","","","","","","","869.97","1887.59","-2.8","-7.6","326.75","1535.23","5.47","SciCam","/SciCam.20260813_113008768.jpg","PilotCam","/PilotCam.20260813_113008768.jpg","BrowCam","/BrowCam.20260813_113008768.jpg","UserSelect","/UserSelect.20260813_113008768.jpg","","","-999.99","2.73","-999.99","-999.99","6a7daac03a81d30014ed87c5"
"2026-08-13T11:42:18.830Z","45.9335442","-130.0135432","Biology Type","","guest","","","Jelly","","","","","","","","","","888.84","1875.92","-1.6","-9.3","319.66","1230.08","108.14","SciCam","/SciCam.20260813_114218830.jpg","PilotCam","/PilotCam.20260813_114218830.jpg","BrowCam","/BrowCam.20260813_114218830.jpg","UserSelect","/UserSelect.20260813_114218830.jpg","","","-999.99","3.07","-999.99","-999.99","6a7dad9a3a81d30014ed87c9"
"2026-08-13T11:44:13.288Z","45.9335442","-130.0135432","FREE_FORM","Pausing to check on winch","guest","","","","","","","","","","","","","888.84","1875.92","-2.8","-7.1","339.05","1191.21","108.14","SciCam","/SciCam.20260813_114413288.jpg","PilotCam","/PilotCam.20260813_114413288.jpg","BrowCam","/BrowCam.20260813_114413288.jpg","UserSelect","/UserSelect.20260813_114413288.jpg","","","-999.99","3.17","-999.99","-999.99","6a7dae0d3a81d30014ed87cd"
"2026-08-13T11:45:00.681Z","45.9335442","-130.0135432","FREE_FORM","Continuing accent","guest","","","","","","","","","","","","","888.84","1875.92","-3.1","-7.3","339.66","1187.42","108.14","SciCam","/SciCam.20260813_114500681.jpg","PilotCam","/PilotCam.20260813_114500681.jpg","BrowCam","/BrowCam.20260813_114500681.jpg","UserSelect","/UserSelect.20260813_114500681.jpg","","","-999.99","3.01","-999.99","-999.99","6a7dae3c3a81d30014ed87d1"
"2026-08-13T11:53:16.581Z","45.9335442","-130.0135432","Biology Type","","guest","","","Jelly","","","","","","","","","","888.84","1875.92","-3.4","-8.2","318.70","950.52","108.14","SciCam","/SciCam.20260813_115316581.jpg","PilotCam","/PilotCam.20260813_115316581.jpg","BrowCam","/BrowCam.20260813_115316581.jpg","UserSelect","/UserSelect.20260813_115316581.jpg","","","-999.99","3.74","-999.99","-999.99","6a7db02c3a81d30014ed87d5"
"2026-08-13T12:05:15.596Z","45.9335442","-130.0135432","Biology Type","","guest","","","Unidentified","","","","","","","","","","888.84","1875.92","-2.9","-8.6","293.64","594.04","108.14","SciCam","/SciCam.20260813_120515596.jpg","PilotCam","/PilotCam.20260813_120515596.jpg","BrowCam","/BrowCam.20260813_120515596.jpg","UserSelect","/UserSelect.20260813_120515596.jpg","","","-999.99","4.49","-999.99","-999.99","6a7db2fb3a81d30014ed87d9"
"2026-08-13T12:27:03.681Z","45.9335442","-130.0135432","ROV Actions"," ","guest","","Transponder off","","","","","","","","","","","888.84","1875.92","-3.1","-7.9","260.28","123.83","108.14","SciCam","/SciCam.20260813_122703681.jpg","PilotCam","/PilotCam.20260813_122703681.jpg","BrowCam","/BrowCam.20260813_122703681.jpg","UserSelect","/UserSelect.20260813_122703681.jpg","","","-999.99","8.47","-999.99","-999.99","6a7db8173a81d30014ed87e1"
"2026-08-13T12:32:58.031Z","45.9335442","-130.0135432","ROV Actions"," ","guest","","First Football off","","","","","","","","","","","888.84","1875.92","-2.8","-7.1","260.09","26.63","108.14","SciCam","/SciCam.20260813_123258031.jpg","PilotCam","/PilotCam.20260813_123258031.jpg","BrowCam","/BrowCam.20260813_123258031.jpg","UserSelect","/UserSelect.20260813_123258031.jpg","","","-999.99","14.75","-999.99","-999.99","6a7db97a3a81d30014ed87e5"
"2026-08-13T12:35:31.687Z","45.9335442","-130.0135432","ROV Actions"," ","guest","","Last Football off","","","","","","","","","","","888.84","1875.92","-3.2","-6.1","259.61","2.27","108.14","SciCam","/SciCam.20260813_123531687.jpg","PilotCam","/PilotCam.20260813_123531687.jpg","BrowCam","/BrowCam.20260813_123531687.jpg","UserSelect","/UserSelect.20260813_123531687.jpg","","","-999.99","16.21","-999.99","-999.99","6a7dba133a81d30014ed87e9"