Date/Time (UTC),vehicleRealtimeNavData.latitude (ddeg),vehicleRealtimeNavData.longitude (ddeg),event_value,event_free_text,event_author,event_option.new_watchstander,event_option.location,event_option.dive_#/summary,event_option.milestone,event_option.event_comment,event_option.actions,event_option.nav,event_option.type,event_option.filename,event_option.dummy_plug,event_option.cabled_plug,event_option.sample_name,event_option.sample_description,vehicleRealtimeNavData.local_x (meters),vehicleRealtimeNavData.local_y (meters),vehicleRealtimeNavData.roll (deg),vehicleRealtimeNavData.pitch (deg),vehicleRealtimeNavData.heading (deg),vehicleRealtimeNavData.depth (meters),vehicleRealtimeNavData.altitude (meters),vehicleRealtimeFramegrabberData.camera_name_1,vehicleRealtimeFramegrabberData.filename_1,vehicleRealtimeFramegrabberData.camera_name_2,vehicleRealtimeFramegrabberData.filename_2,vehicleRealtimeFramegrabberData.camera_name_3,vehicleRealtimeFramegrabberData.filename_3,vehicleRealtimeFramegrabberData.camera_name_4,vehicleRealtimeFramegrabberData.filename_4,vehicleReNavData.pitch (deg),vehicleReNavData.roll (deg),vehicleTemperatureProbe.probe1_temperature (degC),vehicleTemperatureProbe.probe2_temperature (degC),vehicleTemperatureProbe.probe3_temperature (degC),vehicleTemperatureProbe.probe4_temperature (degC),id
"2026-08-09T19:04:19.818Z","-20.3199789","-176.1399880","ASNAP","","admin","","","","","","","","","","","","","","1.25","2.34","-1.8","-1.0","77.55","0.53","0.58","SciCam","/SciCam.20260809_190419818.jpg","PilotCam","/PilotCam.20260809_190419818.jpg","BrowCam","/BrowCam.20260809_190419818.jpg","UserSelect","/UserSelect.20260809_190419818.jpg","","","-999.99","17.58","-999.99","-999.99","6a78cf333a81d30014ed1d7d"
"2026-08-09T19:04:37.212Z","-20.3199789","-176.1399880","Name","Jolee Thirtyacre","guest","","","","","","","","","","","","","","1.25","2.34","-1.1","-0.2","77.45","0.52","0.58","SciCam","/SciCam.20260809_190437212.jpg","PilotCam","/PilotCam.20260809_190437212.jpg","BrowCam","/BrowCam.20260809_190437212.jpg","UserSelect","/UserSelect.20260809_190437212.jpg","","","-999.99","17.56","-999.99","-999.99","6a78cf453a81d30014ed1d81"
"2026-08-09T19:04:49.863Z","-20.3199789","-176.1399880","ASNAP","","admin","","","","","","","","","","","","","","1.25","2.34","-1.3","-0.6","77.66","0.53","0.58","SciCam","/SciCam.20260809_190449863.jpg","PilotCam","/PilotCam.20260809_190449863.jpg","BrowCam","/BrowCam.20260809_190449863.jpg","UserSelect","/UserSelect.20260809_190449863.jpg","","","-999.99","17.55","-999.99","-999.99","6a78cf513a81d30014ed1d85"
"2026-08-09T19:04:56.195Z","-20.3199789","-176.1399880","WATCH_CHANGE","","guest","Tom (pilot), Scotty (Nav), Adam (Eng.)","","","","","","","","","","","","","1.25","2.34","-1.6","1.4","76.89","0.52","0.58","SciCam","/SciCam.20260809_190456195.jpg","PilotCam","/PilotCam.20260809_190456195.jpg","BrowCam","/BrowCam.20260809_190456195.jpg","UserSelect","/UserSelect.20260809_190456195.jpg","","","-999.99","17.53","-999.99","-999.99","6a78cf583a81d30014ed1d89"
"2026-08-09T19:05:19.907Z","-20.3199789","-176.1399880","ASNAP","","admin","","","","","","","","","","","","","","1.25","2.34","-1.5","0.5","76.51","0.51","0.58","SciCam","/SciCam.20260809_190519907.jpg","PilotCam","/PilotCam.20260809_190519907.jpg","BrowCam","/BrowCam.20260809_190519907.jpg","UserSelect","/UserSelect.20260809_190519907.jpg","","","-999.99","17.50","-999.99","-999.99","6a78cf6f3a81d30014ed1d8d"
"2026-08-09T19:05:22.103Z","-20.3199789","-176.1399880","Site Interactions","BEP","guest","","Endurance Shelf (80 m)","J2-1775","","","","","","","","","","","1.25","2.34","-0.5","0.2","76.56","0.52","0.58","SciCam","/SciCam.20260809_190522103.jpg","PilotCam","/PilotCam.20260809_190522103.jpg","BrowCam","/BrowCam.20260809_190522103.jpg","UserSelect","/UserSelect.20260809_190522103.jpg","","","-999.99","17.50","-999.99","-999.99","6a78cf723a81d30014ed1d91"
"2026-08-09T19:05:49.953Z","-20.3199789","-176.1399880","ASNAP","","admin","","","","","","","","","","","","","","1.25","2.34","-0.6","-0.1","76.50","0.52","0.58","SciCam","/SciCam.20260809_190549953.jpg","PilotCam","/PilotCam.20260809_190549953.jpg","BrowCam","/BrowCam.20260809_190549953.jpg","UserSelect","/UserSelect.20260809_190549953.jpg","","","-999.99","17.44","-999.99","-999.99","6a78cf8d3a81d30014ed1d95"
"2026-08-09T19:06:19.998Z","-20.3199789","-176.1399880","ASNAP","","admin","","","","","","","","","","","","","","1.25","2.34","-2.0","-0.5","78.64","0.54","0.58","SciCam","/SciCam.20260809_190619998.jpg","PilotCam","/PilotCam.20260809_190619998.jpg","BrowCam","/BrowCam.20260809_190619998.jpg","UserSelect","/UserSelect.20260809_190619998.jpg","","","-999.99","17.42","-999.99","-999.99","6a78cfab3a81d30014ed1d99"
"2026-08-09T19:06:50.043Z","-20.3199789","-176.1399880","ASNAP","","admin","","","","","","","","","","","","","","1.25","2.34","-0.9","0.6","77.06","0.52","0.58","SciCam","/SciCam.20260809_190650043.jpg","PilotCam","/PilotCam.20260809_190650043.jpg","BrowCam","/BrowCam.20260809_190650043.jpg","UserSelect","/UserSelect.20260809_190650043.jpg","","","-999.99","17.39","-999.99","-999.99","6a78cfca3a81d30014ed1da1"
"2026-08-09T19:07:20.085Z","-20.3199789","-176.1399880","ASNAP","","admin","","","","","","","","","","","","","","1.25","2.34","-1.6","1.4","76.67","0.52","0.58","SciCam","/SciCam.20260809_190720085.jpg","PilotCam","/PilotCam.20260809_190720085.jpg","BrowCam","/BrowCam.20260809_190720085.jpg","UserSelect","/UserSelect.20260809_190720085.jpg","","","-999.99","17.39","-999.99","-999.99","6a78cfe83a81d30014ed1da5"
"2026-08-09T19:07:22.883Z","-20.3199789","-176.1399880","VEHICLE","Swinging over to connect to BEP","guest","","","","Jason off deck","LJ01D","","","","","","","","","1.25","2.34","-1.7","-1.3","78.03","0.55","0.58","SciCam","/SciCam.20260809_190722883.jpg","PilotCam","/PilotCam.20260809_190722883.jpg","BrowCam","/BrowCam.20260809_190722883.jpg","UserSelect","/UserSelect.20260809_190722883.jpg","","","-999.99","17.38","-999.99","-999.99","6a78cfea3a81d30014ed1da9"
"2026-08-09T19:07:50.129Z","-20.3199789","-176.1399880","ASNAP","","admin","","","","","","","","","","","","","","1.25","2.34","0.0","0.6","80.25","0.54","0.58","SciCam","/SciCam.20260809_190750129.jpg","PilotCam","/PilotCam.20260809_190750129.jpg","BrowCam","/BrowCam.20260809_190750129.jpg","UserSelect","/UserSelect.20260809_190750129.jpg","","","-999.99","17.36","-999.99","-999.99","6a78d0063a81d30014ed1dad"
"2026-08-09T19:08:20.173Z","-20.3199789","-176.1399880","ASNAP","","admin","","","","","","","","","","","","","","1.25","2.34","-1.7","0.2","79.62","0.53","0.58","SciCam","/SciCam.20260809_190820173.jpg","PilotCam","/PilotCam.20260809_190820173.jpg","BrowCam","/BrowCam.20260809_190820173.jpg","UserSelect","/UserSelect.20260809_190820173.jpg","","","-999.99","17.32","-999.99","-999.99","6a78d0243a81d30014ed1db1"
"2026-08-09T19:08:50.200Z","-20.3199789","-176.1399880","ASNAP","","admin","","","","","","","","","","","","","","1.25","2.34","-1.4","1.1","78.32","0.50","0.58","SciCam","/SciCam.20260809_190850200.jpg","PilotCam","/PilotCam.20260809_190850200.jpg","BrowCam","/BrowCam.20260809_190850200.jpg","UserSelect","/UserSelect.20260809_190850200.jpg","","","-999.99","17.32","-999.99","-999.99","6a78d0423a81d30014ed1db5"
"2026-08-09T19:09:20.244Z","-20.3199789","-176.1399880","ASNAP","","admin","","","","","","","","","","","","","","1.25","2.34","-0.8","2.1","77.79","0.48","0.58","SciCam","/SciCam.20260809_190920244.jpg","PilotCam","/PilotCam.20260809_190920244.jpg","BrowCam","/BrowCam.20260809_190920244.jpg","UserSelect","/UserSelect.20260809_190920244.jpg","","","-999.99","17.31","-999.99","-999.99","6a78d0603a81d30014ed1db9"
"2026-08-09T19:09:50.284Z","-20.3199789","-176.1399880","ASNAP","","admin","","","","","","","","","","","","","","1.25","2.34","-1.1","0.7","79.41","0.50","0.58","SciCam","/SciCam.20260809_190950284.jpg","PilotCam","/PilotCam.20260809_190950284.jpg","BrowCam","/BrowCam.20260809_190950284.jpg","UserSelect","/UserSelect.20260809_190950284.jpg","","","-999.99","17.27","-999.99","-999.99","6a78d07e3a81d30014ed1dbd"
"2026-08-09T19:10:20.305Z","-20.3199789","-176.1399880","ASNAP","","admin","","","","","","","","","","","","","","1.25","2.34","-2.2","0.8","78.84","0.53","0.58","SciCam","/SciCam.20260809_191020305.jpg","PilotCam","/PilotCam.20260809_191020305.jpg","BrowCam","/BrowCam.20260809_191020305.jpg","UserSelect","/UserSelect.20260809_191020305.jpg","","","-999.99","17.25","-999.99","-999.99","6a78d09c3a81d30014ed1dc1"
"2026-08-09T19:10:50.350Z","-20.3199789","-176.1399880","ASNAP","","admin","","","","","","","","","","","","","","1.25","2.34","-1.6","0.1","80.12","0.53","0.58","SciCam","/SciCam.20260809_191050350.jpg","PilotCam","/PilotCam.20260809_191050350.jpg","BrowCam","/BrowCam.20260809_191050350.jpg","UserSelect","/UserSelect.20260809_191050350.jpg","","","-999.99","17.23","-999.99","-999.99","6a78d0ba3a81d30014ed1dc5"
"2026-08-09T19:11:20.369Z","-20.3199789","-176.1399880","ASNAP","","admin","","","","","","","","","","","","","","1.25","2.34","-1.0","0.3","80.94","0.51","0.58","SciCam","/SciCam.20260809_191120369.jpg","PilotCam","/PilotCam.20260809_191120369.jpg","BrowCam","/BrowCam.20260809_191120369.jpg","UserSelect","/UserSelect.20260809_191120369.jpg","","","-999.99","17.21","-999.99","-999.99","6a78d0d83a81d30014ed1dc9"
"2026-08-09T19:11:50.413Z","-20.3199789","-176.1399880","ASNAP","","admin","","","","","","","","","","","","","","1.25","2.34","-2.0","0.4","79.45","0.52","0.58","SciCam","/SciCam.20260809_191150413.jpg","PilotCam","/PilotCam.20260809_191150413.jpg","BrowCam","/BrowCam.20260809_191150413.jpg","UserSelect","/UserSelect.20260809_191150413.jpg","","","-999.99","17.19","-999.99","-999.99","6a78d0f63a81d30014ed1dcd"
"2026-08-09T19:12:20.458Z","-20.3199789","-176.1399880","ASNAP","","admin","","","","","","","","","","","","","","1.25","2.34","-1.5","0.5","79.35","0.53","0.58","SciCam","/SciCam.20260809_191220458.jpg","PilotCam","/PilotCam.20260809_191220458.jpg","BrowCam","/BrowCam.20260809_191220458.jpg","UserSelect","/UserSelect.20260809_191220458.jpg","","","-999.99","17.17","-999.99","-999.99","6a78d1143a81d30014ed1dd1"
"2026-08-09T19:12:46.085Z","-20.3199789","-176.1399880","VEHICLE","Swinging over","guest","","","","","","","","","","","","","","1.25","2.34","-3.8","0.0","92.26","0.57","0.58","SciCam","/SciCam.20260809_191246085.jpg","PilotCam","/PilotCam.20260809_191246085.jpg","BrowCam","/BrowCam.20260809_191246085.jpg","UserSelect","/UserSelect.20260809_191246085.jpg","","","-999.99","17.14","-999.99","-999.99","6a78d12e3a81d30014ed1dd5"
"2026-08-09T19:12:50.503Z","-20.3199789","-176.1399880","ASNAP","","admin","","","","","","","","","","","","","","1.25","2.34","-1.1","0.7","108.58","0.50","0.58","SciCam","/SciCam.20260809_191250503.jpg","PilotCam","/PilotCam.20260809_191250503.jpg","BrowCam","/BrowCam.20260809_191250503.jpg","UserSelect","/UserSelect.20260809_191250503.jpg","","","-999.99","17.15","-999.99","-999.99","6a78d1323a81d30014ed1dd9"
"2026-08-09T19:13:20.545Z","-20.3199789","-176.1399880","ASNAP","","admin","","","","","","","","","","","","","","1.25","2.34","-0.9","-0.3","193.49","0.53","0.58","SciCam","/SciCam.20260809_191320545.jpg","PilotCam","/PilotCam.20260809_191320545.jpg","BrowCam","/BrowCam.20260809_191320545.jpg","UserSelect","/UserSelect.20260809_191320545.jpg","","","-999.99","17.27","-999.99","-999.99","6a78d1503a81d30014ed1ddd"
"2026-08-09T19:13:50.590Z","-20.3199789","-176.1399880","ASNAP","","admin","","","","","","","","","","","","","","1.25","2.34","-1.6","-1.4","192.66","0.55","0.58","SciCam","/SciCam.20260809_191350590.jpg","PilotCam","/PilotCam.20260809_191350590.jpg","BrowCam","/BrowCam.20260809_191350590.jpg","UserSelect","/UserSelect.20260809_191350590.jpg","","","-999.99","17.19","-999.99","-999.99","6a78d16e3a81d30014ed1de1"
"2026-08-09T19:14:20.637Z","-20.3199789","-176.1399880","ASNAP","","admin","","","","","","","","","","","","","","1.25","2.34","-1.4","-1.3","192.47","0.56","0.58","SciCam","/SciCam.20260809_191420637.jpg","PilotCam","/PilotCam.20260809_191420637.jpg","BrowCam","/BrowCam.20260809_191420637.jpg","UserSelect","/UserSelect.20260809_191420637.jpg","","","-999.99","16.97","-999.99","-999.99","6a78d18c3a81d30014ed1de5"
"2026-08-09T19:14:50.683Z","-20.3199789","-176.1399880","ASNAP","","admin","","","","","","","","","","","","","","1.25","2.34","-0.5","-1.7","193.65","0.55","0.58","SciCam","/SciCam.20260809_191450683.jpg","PilotCam","/PilotCam.20260809_191450683.jpg","BrowCam","/BrowCam.20260809_191450683.jpg","UserSelect","/UserSelect.20260809_191450683.jpg","","","-999.99","16.78","-999.99","-999.99","6a78d1aa3a81d30014ed1de9"
"2026-08-09T19:15:20.728Z","-20.3199789","-176.1399880","ASNAP","","admin","","","","","","","","","","","","","","1.25","2.34","-0.1","-1.0","193.61","0.52","0.58","SciCam","/SciCam.20260809_191520728.jpg","PilotCam","/PilotCam.20260809_191520728.jpg","BrowCam","/BrowCam.20260809_191520728.jpg","UserSelect","/UserSelect.20260809_191520728.jpg","","","-999.99","16.60","-999.99","-999.99","6a78d1c83a81d30014ed1ded"
"2026-08-09T19:15:50.758Z","-20.3199789","-176.1399880","ASNAP","","admin","","","","","","","","","","","","","","1.25","2.34","0.3","-1.3","193.57","0.54","0.58","SciCam","/SciCam.20260809_191550758.jpg","PilotCam","/PilotCam.20260809_191550758.jpg","BrowCam","/BrowCam.20260809_191550758.jpg","UserSelect","/UserSelect.20260809_191550758.jpg","","","-999.99","16.47","-999.99","-999.99","6a78d1e63a81d30014ed1df1"
"2026-08-09T19:16:20.803Z","-20.3199789","-176.1399880","ASNAP","","admin","","","","","","","","","","","","","","1.25","2.34","-0.4","-1.6","194.40","0.54","0.58","SciCam","/SciCam.20260809_191620803.jpg","PilotCam","/PilotCam.20260809_191620803.jpg","BrowCam","/BrowCam.20260809_191620803.jpg","UserSelect","/UserSelect.20260809_191620803.jpg","","","-999.99","16.35","-999.99","-999.99","6a78d2043a81d30014ed1df5"
"2026-08-09T19:16:50.848Z","-20.3199789","-176.1399880","ASNAP","","admin","","","","","","","","","","","","","","1.25","2.34","-0.4","-1.1","193.60","0.54","0.58","SciCam","/SciCam.20260809_191650848.jpg","PilotCam","/PilotCam.20260809_191650848.jpg","BrowCam","/BrowCam.20260809_191650848.jpg","UserSelect","/UserSelect.20260809_191650848.jpg","","","-999.99","16.25","-999.99","-999.99","6a78d2223a81d30014ed1df9"
"2026-08-09T19:17:20.893Z","-20.3199789","-176.1399880","ASNAP","","admin","","","","","","","","","","","","","","1.25","2.34","-1.0","-0.5","194.25","0.53","0.58","SciCam","/SciCam.20260809_191720893.jpg","PilotCam","/PilotCam.20260809_191720893.jpg","BrowCam","/BrowCam.20260809_191720893.jpg","UserSelect","/UserSelect.20260809_191720893.jpg","","","-999.99","16.15","-999.99","-999.99","6a78d2403a81d30014ed1dfd"
"2026-08-09T19:17:50.927Z","-20.3199789","-176.1399880","ASNAP","","admin","","","","","","","","","","","","","","1.25","2.34","-1.9","-0.5","194.36","0.55","0.58","SciCam","/SciCam.20260809_191750927.jpg","PilotCam","/PilotCam.20260809_191750927.jpg","BrowCam","/BrowCam.20260809_191750927.jpg","UserSelect","/UserSelect.20260809_191750927.jpg","","","-999.99","16.09","-999.99","-999.99","6a78d25e3a81d30014ed1e01"
"2026-08-09T19:18:20.969Z","-20.3199789","-176.1399880","ASNAP","","admin","","","","","","","","","","","","","","1.25","2.34","-1.0","-1.1","195.05","0.54","0.58","SciCam","/SciCam.20260809_191820969.jpg","PilotCam","/PilotCam.20260809_191820969.jpg","BrowCam","/BrowCam.20260809_191820969.jpg","UserSelect","/UserSelect.20260809_191820969.jpg","","","-999.99","16.03","-999.99","-999.99","6a78d27c3a81d30014ed1e05"
"2026-08-09T19:18:50.990Z","-20.3199789","-176.1399880","ASNAP","","admin","","","","","","","","","","","","","","1.25","2.34","-0.8","-1.0","194.90","0.54","0.58","SciCam","/SciCam.20260809_191850990.jpg","PilotCam","/PilotCam.20260809_191850990.jpg","BrowCam","/BrowCam.20260809_191850990.jpg","UserSelect","/UserSelect.20260809_191850990.jpg","","","-999.99","15.96","-999.99","-999.99","6a78d29a3a81d30014ed1e09"
"2026-08-09T19:19:21.031Z","-20.3199789","-176.1399880","ASNAP","","admin","","","","","","","","","","","","","","1.25","2.34","-1.4","-0.7","194.76","0.54","0.58","SciCam","/SciCam.20260809_191921031.jpg","PilotCam","/PilotCam.20260809_191921031.jpg","BrowCam","/BrowCam.20260809_191921031.jpg","UserSelect","/UserSelect.20260809_191921031.jpg","","","-999.99","15.90","-999.99","-999.99","6a78d2b93a81d30014ed1e0d"
"2026-08-09T19:19:51.076Z","-20.3199789","-176.1399880","ASNAP","","admin","","","","","","","","","","","","","","1.25","2.34","-1.7","-1.0","194.64","0.54","0.58","SciCam","/SciCam.20260809_191951076.jpg","PilotCam","/PilotCam.20260809_191951076.jpg","BrowCam","/BrowCam.20260809_191951076.jpg","UserSelect","/UserSelect.20260809_191951076.jpg","","","-999.99","15.87","-999.99","-999.99","6a78d2d73a81d30014ed1e11"
"2026-08-09T19:20:21.121Z","-20.3199789","-176.1399880","ASNAP","","admin","","","","","","","","","","","","","","1.25","2.34","-1.3","-0.2","194.99","0.53","0.58","SciCam","/SciCam.20260809_192021121.jpg","PilotCam","/PilotCam.20260809_192021121.jpg","BrowCam","/BrowCam.20260809_192021121.jpg","UserSelect","/UserSelect.20260809_192021121.jpg","","","-999.99","15.84","-999.99","-999.99","6a78d2f53a81d30014ed1e15"
"2026-08-09T19:20:51.157Z","-20.3199789","-176.1399880","ASNAP","","admin","","","","","","","","","","","","","","1.25","2.34","-1.5","-1.1","194.83","0.54","0.58","SciCam","/SciCam.20260809_192051157.jpg","PilotCam","/PilotCam.20260809_192051157.jpg","BrowCam","/BrowCam.20260809_192051157.jpg","UserSelect","/UserSelect.20260809_192051157.jpg","","","-999.99","15.80","-999.99","-999.99","6a78d3133a81d30014ed1e19"
"2026-08-09T19:21:21.173Z","-20.3199789","-176.1399880","ASNAP","","admin","","","","","","","","","","","","","","1.25","2.34","-1.4","-0.4","195.02","0.53","0.58","SciCam","/SciCam.20260809_192121173.jpg","PilotCam","/PilotCam.20260809_192121173.jpg","BrowCam","/BrowCam.20260809_192121173.jpg","UserSelect","/UserSelect.20260809_192121173.jpg","","","-999.99","15.79","-999.99","-999.99","6a78d3313a81d30014ed1e1d"
"2026-08-09T19:21:51.219Z","-20.3199789","-176.1399880","ASNAP","","admin","","","","","","","","","","","","","","1.25","2.34","-1.0","-1.0","195.11","0.54","0.58","SciCam","/SciCam.20260809_192151219.jpg","PilotCam","/PilotCam.20260809_192151219.jpg","BrowCam","/BrowCam.20260809_192151219.jpg","UserSelect","/UserSelect.20260809_192151219.jpg","","","-999.99","15.81","-999.99","-999.99","6a78d34f3a81d30014ed1e21"
"2026-08-09T19:22:21.239Z","-20.3199789","-176.1399880","ASNAP","","admin","","","","","","","","","","","","","","1.25","2.34","-0.2","-0.7","195.55","0.52","0.58","SciCam","/SciCam.20260809_192221239.jpg","PilotCam","/PilotCam.20260809_192221239.jpg","BrowCam","/BrowCam.20260809_192221239.jpg","UserSelect","/UserSelect.20260809_192221239.jpg","","","-999.99","15.80","-999.99","-999.99","6a78d36d3a81d30014ed1e25"
"2026-08-09T19:22:51.257Z","-20.3199789","-176.1399880","ASNAP","","admin","","","","","","","","","","","","","","1.25","2.34","-1.1","-1.6","195.91","0.55","0.58","SciCam","/SciCam.20260809_192251257.jpg","PilotCam","/PilotCam.20260809_192251257.jpg","BrowCam","/BrowCam.20260809_192251257.jpg","UserSelect","/UserSelect.20260809_192251257.jpg","","","-999.99","15.78","-999.99","-999.99","6a78d38b3a81d30014ed1e29"
"2026-08-09T19:23:21.274Z","-20.3199789","-176.1399880","ASNAP","","admin","","","","","","","","","","","","","","1.25","2.34","-1.8","-1.0","195.56","0.54","0.58","SciCam","/SciCam.20260809_192321274.jpg","PilotCam","/PilotCam.20260809_192321274.jpg","BrowCam","/BrowCam.20260809_192321274.jpg","UserSelect","/UserSelect.20260809_192321274.jpg","","","-999.99","15.77","-999.99","-999.99","6a78d3a93a81d30014ed1e2d"
"2026-08-09T19:23:51.322Z","-20.3199789","-176.1399880","ASNAP","","admin","","","","","","","","","","","","","","1.25","2.34","-1.5","0.2","195.14","0.53","0.58","SciCam","/SciCam.20260809_192351322.jpg","PilotCam","/PilotCam.20260809_192351322.jpg","BrowCam","/BrowCam.20260809_192351322.jpg","UserSelect","/UserSelect.20260809_192351322.jpg","","","-999.99","15.76","-999.99","-999.99","6a78d3c73a81d30014ed1e31"
"2026-08-09T19:24:21.367Z","-20.3199789","-176.1399880","ASNAP","","admin","","","","","","","","","","","","","","1.25","2.34","-2.2","0.1","195.09","0.53","0.58","SciCam","/SciCam.20260809_192421367.jpg","PilotCam","/PilotCam.20260809_192421367.jpg","BrowCam","/BrowCam.20260809_192421367.jpg","UserSelect","/UserSelect.20260809_192421367.jpg","","","-999.99","15.76","-999.99","-999.99","6a78d3e53a81d30014ed1e35"
"2026-08-09T19:24:51.401Z","-20.3199789","-176.1399880","ASNAP","","admin","","","","","","","","","","","","","","1.25","2.34","-1.5","-0.8","195.83","0.54","0.58","SciCam","/SciCam.20260809_192451401.jpg","PilotCam","/PilotCam.20260809_192451401.jpg","BrowCam","/BrowCam.20260809_192451401.jpg","UserSelect","/UserSelect.20260809_192451401.jpg","","","-999.99","15.80","-999.99","-999.99","6a78d4033a81d30014ed1e39"
"2026-08-09T19:25:21.446Z","-20.3199789","-176.1399880","ASNAP","","admin","","","","","","","","","","","","","","1.25","2.34","0.1","-0.9","196.65","0.51","0.58","SciCam","/SciCam.20260809_192521446.jpg","PilotCam","/PilotCam.20260809_192521446.jpg","BrowCam","/BrowCam.20260809_192521446.jpg","UserSelect","/UserSelect.20260809_192521446.jpg","","","-999.99","15.79","-999.99","-999.99","6a78d4213a81d30014ed1e3d"
"2026-08-09T19:25:51.491Z","-20.3199789","-176.1399880","ASNAP","","admin","","","","","","","","","","","","","","1.25","2.34","-1.0","-1.5","195.56","0.55","0.58","SciCam","/SciCam.20260809_192551491.jpg","PilotCam","/PilotCam.20260809_192551491.jpg","BrowCam","/BrowCam.20260809_192551491.jpg","UserSelect","/UserSelect.20260809_192551491.jpg","","","-999.99","15.75","-999.99","-999.99","6a78d43f3a81d30014ed1e41"
"2026-08-09T19:26:21.536Z","-20.3199789","-176.1399880","ASNAP","","admin","","","","","","","","","","","","","","1.25","2.34","-0.7","-0.4","195.62","0.51","0.58","SciCam","/SciCam.20260809_192621536.jpg","PilotCam","/PilotCam.20260809_192621536.jpg","BrowCam","/BrowCam.20260809_192621536.jpg","UserSelect","/UserSelect.20260809_192621536.jpg","","","-999.99","15.76","-999.99","-999.99","6a78d45d3a81d30014ed1e45"
"2026-08-09T19:26:51.576Z","-20.3199789","-176.1399880","ASNAP","","admin","","","","","","","","","","","","","","1.25","2.34","-1.6","-0.7","196.37","0.54","0.58","SciCam","/SciCam.20260809_192651576.jpg","PilotCam","/PilotCam.20260809_192651576.jpg","BrowCam","/BrowCam.20260809_192651576.jpg","UserSelect","/UserSelect.20260809_192651576.jpg","","","-999.99","15.77","-999.99","-999.99","6a78d47b3a81d30014ed1e49"
"2026-08-09T19:27:21.616Z","-20.3199789","-176.1399880","ASNAP","","admin","","","","","","","","","","","","","","1.25","2.34","-3.9","0.7","160.17","0.53","0.58","SciCam","/SciCam.20260809_192721616.jpg","PilotCam","/PilotCam.20260809_192721616.jpg","BrowCam","/BrowCam.20260809_192721616.jpg","UserSelect","/UserSelect.20260809_192721616.jpg","","","-999.99","15.78","-999.99","-999.99","6a78d4993a81d30014ed1e4d"
"2026-08-09T19:27:39.189Z","-20.3199789","-176.1399880","VEHICLE","Swinging back onto deck to attach to instrument","guest","","","","","","","","","","","","","","1.25","2.34","-4.2","1.9","84.38","0.52","0.58","SciCam","/SciCam.20260809_192739189.jpg","PilotCam","/PilotCam.20260809_192739189.jpg","BrowCam","/BrowCam.20260809_192739189.jpg","UserSelect","/UserSelect.20260809_192739189.jpg","","","-999.99","15.92","-999.99","-999.99","6a78d4ab3a81d30014ed1e51"
"2026-08-09T19:27:51.661Z","-20.3199789","-176.1399880","ASNAP","","admin","","","","","","","","","","","","","","1.25","2.34","-2.0","-0.3","83.39","0.53","0.58","SciCam","/SciCam.20260809_192751661.jpg","PilotCam","/PilotCam.20260809_192751661.jpg","BrowCam","/BrowCam.20260809_192751661.jpg","UserSelect","/UserSelect.20260809_192751661.jpg","","","-999.99","16.06","-999.99","-999.99","6a78d4b73a81d30014ed1e55"
"2026-08-09T19:28:21.707Z","-20.3199789","-176.1399880","ASNAP","","admin","","","","","","","","","","","","","","1.25","2.34","-1.4","-1.1","79.02","0.55","0.58","SciCam","/SciCam.20260809_192821707.jpg","PilotCam","/PilotCam.20260809_192821707.jpg","BrowCam","/BrowCam.20260809_192821707.jpg","UserSelect","/UserSelect.20260809_192821707.jpg","","","-999.99","16.22","-999.99","-999.99","6a78d4d53a81d30014ed1e59"
"2026-08-09T19:28:51.735Z","-20.3199789","-176.1399880","ASNAP","","admin","","","","","","","","","","","","","","1.25","2.34","-1.1","-0.8","77.08","0.54","0.58","SciCam","/SciCam.20260809_192851735.jpg","PilotCam","/PilotCam.20260809_192851735.jpg","BrowCam","/BrowCam.20260809_192851735.jpg","UserSelect","/UserSelect.20260809_192851735.jpg","","","-999.99","16.25","-999.99","-999.99","6a78d4f33a81d30014ed1e61"
"2026-08-09T19:29:21.781Z","-20.3199789","-176.1399880","ASNAP","","admin","","","","","","","","","","","","","","1.25","2.34","-1.6","-0.7","76.26","0.55","0.58","SciCam","/SciCam.20260809_192921781.jpg","PilotCam","/PilotCam.20260809_192921781.jpg","BrowCam","/BrowCam.20260809_192921781.jpg","UserSelect","/UserSelect.20260809_192921781.jpg","","","-999.99","16.25","-999.99","-999.99","6a78d5113a81d30014ed1e65"
"2026-08-09T19:29:22.354Z","-20.3199789","-176.1399880","ROV Actions","LJ01D","guest","","","","","","Latching to","","","","","","","","1.25","2.34","-1.1","-0.9","76.15","0.55","0.58","SciCam","/SciCam.20260809_192922354.jpg","PilotCam","/PilotCam.20260809_192922354.jpg","BrowCam","/BrowCam.20260809_192922354.jpg","UserSelect","/UserSelect.20260809_192922354.jpg","","","-999.99","16.26","-999.99","-999.99","6a78d5123a81d30014ed1e68"
"2026-08-09T19:29:51.687Z","-20.3199789","-176.1399880","VEHICLE","","guest","","","","Jason off deck","","","","","","","","","","1.25","2.34","-1.1","1.4","77.41","0.53","0.58","SciCam","/SciCam.20260809_192951687.jpg","PilotCam","/PilotCam.20260809_192951687.jpg","BrowCam","/BrowCam.20260809_192951687.jpg","UserSelect","/UserSelect.20260809_192951687.jpg","","","-999.99","16.28","-999.99","-999.99","6a78d52f3a81d30014ed1e6d"
"2026-08-09T19:29:51.809Z","-20.3199789","-176.1399880","ASNAP","","admin","","","","","","","","","","","","","","1.25","2.34","-1.1","1.4","77.41","0.53","0.58","SciCam","/SciCam.20260809_192951809.jpg","PilotCam","/PilotCam.20260809_192951809.jpg","BrowCam","/BrowCam.20260809_192951809.jpg","UserSelect","/UserSelect.20260809_192951809.jpg","","","-999.99","16.28","-999.99","-999.99","6a78d52f3a81d30014ed1e70"
"2026-08-09T19:30:21.856Z","-20.3199789","-176.1399880","ASNAP","","admin","","","","","","","","","","","","","","1.25","2.34","-2.0","1.0","142.86","0.50","0.58","SciCam","/SciCam.20260809_193021856.jpg","PilotCam","/PilotCam.20260809_193021856.jpg","BrowCam","/BrowCam.20260809_193021856.jpg","UserSelect","/UserSelect.20260809_193021856.jpg","","","-999.99","16.33","-999.99","-999.99","6a78d54d3a81d30014ed1e75"
"2026-08-09T19:30:51.875Z","-20.3199789","-176.1399880","ASNAP","","admin","","","","","","","","","","","","","","1.25","2.34","0.9","-1.2","196.80","0.53","0.58","SciCam","/SciCam.20260809_193051875.jpg","PilotCam","/PilotCam.20260809_193051875.jpg","BrowCam","/BrowCam.20260809_193051875.jpg","UserSelect","/UserSelect.20260809_193051875.jpg","","","-999.99","16.60","-999.99","-999.99","6a78d56b3a81d30014ed1e79"
"2026-08-09T19:31:21.921Z","-20.3199789","-176.1399880","ASNAP","","admin","","","","","","","","","","","","","","1.25","2.34","-0.8","-0.3","197.15","0.53","0.58","SciCam","/SciCam.20260809_193121921.jpg","PilotCam","/PilotCam.20260809_193121921.jpg","BrowCam","/BrowCam.20260809_193121921.jpg","UserSelect","/UserSelect.20260809_193121921.jpg","","","-999.99","16.55","-999.99","-999.99","6a78d5893a81d30014ed1e7d"
"2026-08-09T19:31:42.583Z","-20.3199789","-176.1399880","VEHICLE","","guest","","","","Jason in water","","","","","","","","","","1.25","2.34","-4.3","4.3","233.17","0.51","0.58","SciCam","/SciCam.20260809_193142583.jpg","PilotCam","/PilotCam.20260809_193142583.jpg","BrowCam","/BrowCam.20260809_193142583.jpg","UserSelect","/UserSelect.20260809_193142583.jpg","","","-999.99","16.50","-999.99","-999.99","6a78d59e3a81d30014ed1e81"
"2026-08-09T19:31:51.966Z","-20.3199789","-176.1399880","ASNAP","","admin","","","","","","","","","","","","","","1.25","2.34","6.1","0.4","270.80","1.59","0.58","SciCam","/SciCam.20260809_193151966.jpg","PilotCam","/PilotCam.20260809_193151966.jpg","BrowCam","/BrowCam.20260809_193151966.jpg","UserSelect","/UserSelect.20260809_193151966.jpg","","","-999.99","15.26","-999.99","-999.99","6a78d5a73a81d30014ed1e85"
"2026-08-09T19:32:22.012Z","-20.3199789","-176.1399880","ASNAP","","admin","","","","","","","","","","","","","","1.25","2.34","-0.5","-1.2","268.73","6.36","0.58","SciCam","/SciCam.20260809_193222012.jpg","PilotCam","/PilotCam.20260809_193222012.jpg","BrowCam","/BrowCam.20260809_193222012.jpg","UserSelect","/UserSelect.20260809_193222012.jpg","","","-999.99","12.62","-999.99","-999.99","6a78d5c63a81d30014ed1e89"
"2026-08-09T19:32:52.059Z","-20.3166247","-365.0360924","ASNAP","","admin","","","","","","","","","","","","","","-19727476.34","373.66","-1.0","0.4","257.29","14.55","69.35","SciCam","/SciCam.20260809_193252059.jpg","PilotCam","/PilotCam.20260809_193252059.jpg","BrowCam","/BrowCam.20260809_193252059.jpg","UserSelect","/UserSelect.20260809_193252059.jpg","","","-999.99","12.06","-999.99","-999.99","6a78d5e43a81d30014ed1e8d"
"2026-08-09T19:33:22.096Z","-20.3166138","-365.0361122","ASNAP","","admin","","","","","","","","","","","","","","-19727478.41","374.86","-2.2","1.5","257.50","22.19","61.06","SciCam","/SciCam.20260809_193322096.jpg","PilotCam","/PilotCam.20260809_193322096.jpg","BrowCam","/BrowCam.20260809_193322096.jpg","UserSelect","/UserSelect.20260809_193322096.jpg","","","-999.99","10.44","-999.99","-999.99","6a78d6023a81d30014ed1e91"
"2026-08-09T19:33:52.113Z","-20.3166387","-365.0360456","ASNAP","","admin","","","","","","","","","","","","","","-19727471.46","372.11","-1.9","0.4","257.77","22.18","61.20","SciCam","/SciCam.20260809_193352113.jpg","PilotCam","/PilotCam.20260809_193352113.jpg","BrowCam","/BrowCam.20260809_193352113.jpg","UserSelect","/UserSelect.20260809_193352113.jpg","","","-999.99","9.50","-999.99","-999.99","6a78d6203a81d30014ed1e95"
"2026-08-09T19:34:22.155Z","-20.3166491","-365.0360663","ASNAP","","admin","","","","","","","","","","","","","","-19727473.62","370.95","-0.7","2.0","260.60","23.54","60.72","SciCam","/SciCam.20260809_193422155.jpg","PilotCam","/PilotCam.20260809_193422155.jpg","BrowCam","/BrowCam.20260809_193422155.jpg","UserSelect","/UserSelect.20260809_193422155.jpg","","","-999.99","9.25","-999.99","-999.99","6a78d63e3a81d30014ed1e99"
"2026-08-09T19:34:52.197Z","-20.3166503","-365.0360748","ASNAP","","admin","","","","","","","","","","","","","","-19727474.50","370.82","-3.4","-0.1","256.09","26.26","58.20","SciCam","/SciCam.20260809_193452197.jpg","PilotCam","/PilotCam.20260809_193452197.jpg","BrowCam","/BrowCam.20260809_193452197.jpg","UserSelect","/UserSelect.20260809_193452197.jpg","","","-999.99","9.11","-999.99","-999.99","6a78d65c3a81d30014ed1e9d"
"2026-08-09T19:35:09.942Z","-20.3166646","-365.0360831","ROV Actions","started 1 minute prior","guest","","","","","","First Football on","","","","","","","","-19727475.37","369.24","-2.6","3.0","253.81","27.47","55.96","SciCam","/SciCam.20260809_193509942.jpg","PilotCam","/PilotCam.20260809_193509942.jpg","BrowCam","/BrowCam.20260809_193509942.jpg","UserSelect","/UserSelect.20260809_193509942.jpg","","","-999.99","9.02","-999.99","-999.99","6a78d66d3a81d30014ed1ea1"
"2026-08-09T19:35:22.240Z","-20.3166717","-365.0360860","ASNAP","","admin","","","","","","","","","","","","","","-19727475.67","368.45","-1.4","2.4","254.33","28.03","54.30","SciCam","/SciCam.20260809_193522240.jpg","PilotCam","/PilotCam.20260809_193522240.jpg","BrowCam","/BrowCam.20260809_193522240.jpg","UserSelect","/UserSelect.20260809_193522240.jpg","","","-999.99","9.03","-999.99","-999.99","6a78d67a3a81d30014ed1ea5"
"2026-08-09T19:35:52.286Z","-20.3166512","-365.0360807","ASNAP","","admin","","","","","","","","","","","","","","-19727475.12","370.72","-1.7","1.7","253.22","30.19","52.26","SciCam","/SciCam.20260809_193552286.jpg","PilotCam","/PilotCam.20260809_193552286.jpg","BrowCam","/BrowCam.20260809_193552286.jpg","UserSelect","/UserSelect.20260809_193552286.jpg","","","-999.99","8.85","-999.99","-999.99","6a78d6983a81d30014ed1ea9"
"2026-08-09T19:36:22.329Z","-20.3166413","-365.0360867","ASNAP","","admin","","","","","","","","","","","","","","-19727475.75","371.82","-2.7","3.1","253.38","32.33","50.83","SciCam","/SciCam.20260809_193622329.jpg","PilotCam","/PilotCam.20260809_193622329.jpg","BrowCam","/BrowCam.20260809_193622329.jpg","UserSelect","/UserSelect.20260809_193622329.jpg","","","-999.99","8.87","-999.99","-999.99","6a78d6b63a81d30014ed1ead"
"2026-08-09T19:36:52.374Z","-20.3166680","-365.0361031","ASNAP","","admin","","","","","","","","","","","","","","-19727477.46","368.86","-1.9","4.0","253.67","34.33","48.69","SciCam","/SciCam.20260809_193652374.jpg","PilotCam","/PilotCam.20260809_193652374.jpg","BrowCam","/BrowCam.20260809_193652374.jpg","UserSelect","/UserSelect.20260809_193652374.jpg","","","-999.99","8.68","-999.99","-999.99","6a78d6d43a81d30014ed1eb1"
"2026-08-09T19:37:22.393Z","-20.3166605","-365.0360986","ASNAP","","admin","","","","","","","","","","","","","","-19727476.99","369.69","-1.4","0.6","250.85","37.01","44.78","SciCam","/SciCam.20260809_193722393.jpg","PilotCam","/PilotCam.20260809_193722393.jpg","BrowCam","/BrowCam.20260809_193722393.jpg","UserSelect","/UserSelect.20260809_193722393.jpg","","","-999.99","8.67","-999.99","-999.99","6a78d6f23a81d30014ed1eb5"
"2026-08-09T19:37:52.437Z","-20.3166353","-365.0361082","ASNAP","","admin","","","","","","","","","","","","","","-19727477.99","372.48","-3.2","3.2","253.21","39.84","43.28","SciCam","/SciCam.20260809_193752437.jpg","PilotCam","/PilotCam.20260809_193752437.jpg","BrowCam","/BrowCam.20260809_193752437.jpg","UserSelect","/UserSelect.20260809_193752437.jpg","","","-999.99","8.56","-999.99","-999.99","6a78d7103a81d30014ed1eb9"
"2026-08-09T19:38:22.459Z","-20.3166524","-365.0361171","ASNAP","","admin","","","","","","","","","","","","","","-19727478.92","370.59","-2.0","2.1","253.01","41.51","40.36","SciCam","/SciCam.20260809_193822459.jpg","PilotCam","/PilotCam.20260809_193822459.jpg","BrowCam","/BrowCam.20260809_193822459.jpg","UserSelect","/UserSelect.20260809_193822459.jpg","","","-999.99","8.44","-999.99","-999.99","6a78d72e3a81d30014ed1ebd"
"2026-08-09T19:38:52.506Z","-20.3166647","-365.0361236","ASNAP","","admin","","","","","","","","","","","","","","-19727479.60","369.23","-1.9","2.9","252.86","45.62","36.76","SciCam","/SciCam.20260809_193852506.jpg","PilotCam","/PilotCam.20260809_193852506.jpg","BrowCam","/BrowCam.20260809_193852506.jpg","UserSelect","/UserSelect.20260809_193852506.jpg","","","-999.99","8.35","-999.99","-999.99","6a78d74c3a81d30014ed1ec1"
"2026-08-09T19:39:22.552Z","-20.3166702","-365.0361233","ASNAP","","admin","","","","","","","","","","","","","","-19727479.57","368.62","-1.8","3.3","254.23","48.27","33.56","SciCam","/SciCam.20260809_193922552.jpg","PilotCam","/PilotCam.20260809_193922552.jpg","BrowCam","/BrowCam.20260809_193922552.jpg","UserSelect","/UserSelect.20260809_193922552.jpg","","","-999.99","8.29","-999.99","-999.99","6a78d76a3a81d30014ed1ec5"
"2026-08-09T19:39:52.571Z","-20.3166621","-365.0361226","ASNAP","","admin","","","","","","","","","","","","","","-19727479.50","369.52","-1.5","2.1","253.63","48.88","32.51","SciCam","/SciCam.20260809_193952571.jpg","PilotCam","/PilotCam.20260809_193952571.jpg","BrowCam","/BrowCam.20260809_193952571.jpg","UserSelect","/UserSelect.20260809_193952571.jpg","","","-999.99","8.27","-999.99","-999.99","6a78d7883a81d30014ed1ecd"
"2026-08-09T19:39:58.711Z","-20.3166615","-365.0361259","ROV Actions","on","guest","","","","","","Last Football on","","","","","","","","-19727479.84","369.58","-1.9","1.0","254.12","49.13","33.29","SciCam","/SciCam.20260809_193958711.jpg","PilotCam","/PilotCam.20260809_193958711.jpg","BrowCam","/BrowCam.20260809_193958711.jpg","UserSelect","/UserSelect.20260809_193958711.jpg","","","-999.99","8.30","-999.99","-999.99","6a78d78e3a81d30014ed1ed1"
"2026-08-09T19:40:22.616Z","-20.3166628","-365.0361349","ASNAP","","admin","","","","","","","","","","","","","","-19727480.78","369.44","-0.8","1.4","254.40","49.86","31.93","SciCam","/SciCam.20260809_194022616.jpg","PilotCam","/PilotCam.20260809_194022616.jpg","BrowCam","/BrowCam.20260809_194022616.jpg","UserSelect","/UserSelect.20260809_194022616.jpg","","","-999.99","8.26","-999.99","-999.99","6a78d7a63a81d30014ed1ed5"
"2026-08-09T19:40:52.661Z","-20.3166375","-365.0361730","ASNAP","","admin","","","","","","","","","","","","","","-19727484.76","372.24","-1.9","1.5","253.81","52.35","30.10","SciCam","/SciCam.20260809_194052661.jpg","PilotCam","/PilotCam.20260809_194052661.jpg","BrowCam","/BrowCam.20260809_194052661.jpg","UserSelect","/UserSelect.20260809_194052661.jpg","","","-999.99","8.28","-999.99","-999.99","6a78d7c43a81d30014ed1ee1"
"2026-08-09T19:41:22.705Z","-20.3166182","-365.0361561","ASNAP","","admin","","","","","","","","","","","","","","-19727483.00","374.38","-2.4","1.2","253.72","61.01","21.43","SciCam","/SciCam.20260809_194122705.jpg","PilotCam","/PilotCam.20260809_194122705.jpg","BrowCam","/BrowCam.20260809_194122705.jpg","UserSelect","/UserSelect.20260809_194122705.jpg","","","-999.99","8.26","-999.99","-999.99","6a78d7e23a81d30014ed1eed"
"2026-08-09T19:41:28.734Z","-20.3166167","-365.0361575","VEHICLE","descending 20 m","guest","","","","Other","","","","","","","","","","-19727483.14","374.54","-2.6","1.8","253.71","63.47","19.53","SciCam","/SciCam.20260809_194128734.jpg","PilotCam","/PilotCam.20260809_194128734.jpg","BrowCam","/BrowCam.20260809_194128734.jpg","UserSelect","/UserSelect.20260809_194128734.jpg","","","-999.99","8.27","-999.99","-999.99","6a78d7e83a81d30014ed1ef1"
"2026-08-09T19:41:52.749Z","-20.3166170","-365.0361551","ASNAP","","admin","","","","","","","","","","","","","","-19727482.89","374.51","-2.2","0.6","254.92","68.10","13.11","SciCam","/SciCam.20260809_194152749.jpg","PilotCam","/PilotCam.20260809_194152749.jpg","BrowCam","/BrowCam.20260809_194152749.jpg","UserSelect","/UserSelect.20260809_194152749.jpg","","","-999.99","8.21","-999.99","-999.99","6a78d8003a81d30014ed1ef5"
"2026-08-09T19:42:05.425Z","-20.3166231","-365.0361564","WATCH_CHANGE","","guest","Hugh for Scotty, Ronnie for Adam","","","","Adam is staying for data checks","","","","","","","","","-19727483.03","373.83","-1.4","-0.0","253.84","67.89","13.89","SciCam","/SciCam.20260809_194205425.jpg","PilotCam","/PilotCam.20260809_194205425.jpg","BrowCam","/BrowCam.20260809_194205425.jpg","UserSelect","/UserSelect.20260809_194205425.jpg","","","-999.99","8.21","-999.99","-999.99","6a78d80d3a81d30014ed1ef9"
"2026-08-09T19:42:22.795Z","-20.3166338","-365.0361597","ASNAP","","admin","","","","","","","","","","","","","","-19727483.37","372.65","-2.6","1.2","253.42","68.43","13.14","SciCam","/SciCam.20260809_194222795.jpg","PilotCam","/PilotCam.20260809_194222795.jpg","BrowCam","/BrowCam.20260809_194222795.jpg","UserSelect","/UserSelect.20260809_194222795.jpg","","","-999.99","8.22","-999.99","-999.99","6a78d81e3a81d30014ed1efd"
"2026-08-09T19:42:52.813Z","-20.3166535","-365.0361637","ASNAP","","admin","","","","","","","","","","","","","","-19727483.79","370.47","-1.3","0.6","253.34","68.34","13.00","SciCam","/SciCam.20260809_194252813.jpg","PilotCam","/PilotCam.20260809_194252813.jpg","BrowCam","/BrowCam.20260809_194252813.jpg","UserSelect","/UserSelect.20260809_194252813.jpg","","","-999.99","8.20","-999.99","-999.99","6a78d83c3a81d30014ed1f01"
"2026-08-09T19:42:53.409Z","-20.3166535","-365.0361635","VEHICLE","All stop at 68m","guest","","","","Other","","","","","","","","","","-19727483.77","370.47","-1.1","0.9","253.32","68.19","13.17","SciCam","/SciCam.20260809_194253409.jpg","PilotCam","/PilotCam.20260809_194253409.jpg","BrowCam","/BrowCam.20260809_194253409.jpg","UserSelect","/UserSelect.20260809_194253409.jpg","","","-999.99","8.20","-999.99","-999.99","6a78d83d3a81d30014ed1f04"
"2026-08-09T19:43:22.859Z","-20.3166407","-365.0361639","ASNAP","","admin","","","","","","","","","","","","","","-19727483.81","371.88","-2.4","0.6","253.00","68.99","12.43","SciCam","/SciCam.20260809_194322859.jpg","PilotCam","/PilotCam.20260809_194322859.jpg","BrowCam","/BrowCam.20260809_194322859.jpg","UserSelect","/UserSelect.20260809_194322859.jpg","","","-999.99","8.17","-999.99","-999.99","6a78d85a3a81d30014ed1f09"
"2026-08-09T19:43:52.905Z","-20.3166608","-365.0361646","ASNAP","","admin","","","","","","","","","","","","","","-19727483.88","369.66","-3.3","0.7","255.61","68.55","12.83","SciCam","/SciCam.20260809_194352905.jpg","PilotCam","/PilotCam.20260809_194352905.jpg","BrowCam","/BrowCam.20260809_194352905.jpg","UserSelect","/UserSelect.20260809_194352905.jpg","","","-999.99","8.18","-999.99","-999.99","6a78d8783a81d30014ed1f0d"
"2026-08-09T19:44:10.590Z","-20.3166794","-365.0361649","NAV","","guest","","","","","","","Ship moving","","","","","","","-19727483.91","367.60","-3.0","1.4","255.15","68.62","13.21","SciCam","/SciCam.20260809_194410590.jpg","PilotCam","/PilotCam.20260809_194410590.jpg","BrowCam","/BrowCam.20260809_194410590.jpg","UserSelect","/UserSelect.20260809_194410590.jpg","","","-999.99","8.18","-999.99","-999.99","6a78d88a3a81d30014ed1f11"
"2026-08-09T19:44:22.949Z","-20.3166889","-365.0361604","ASNAP","","admin","","","","","","","","","","","","","","-19727483.45","366.55","-2.8","2.2","254.64","68.81","12.83","SciCam","/SciCam.20260809_194422949.jpg","PilotCam","/PilotCam.20260809_194422949.jpg","BrowCam","/BrowCam.20260809_194422949.jpg","UserSelect","/UserSelect.20260809_194422949.jpg","","","-999.99","8.20","-999.99","-999.99","6a78d8963a81d30014ed1f15"
"2026-08-09T19:44:52.994Z","-20.3166908","-365.0361282","ASNAP","","admin","","","","","","","","","","","","","","-19727480.08","366.34","-2.0","0.8","253.85","68.36","12.83","SciCam","/SciCam.20260809_194452994.jpg","PilotCam","/PilotCam.20260809_194452994.jpg","BrowCam","/BrowCam.20260809_194452994.jpg","UserSelect","/UserSelect.20260809_194452994.jpg","","","-999.99","8.15","-999.99","-999.99","6a78d8b43a81d30014ed1f19"
"2026-08-09T19:45:23.040Z","-20.3166754","-365.0361046","ASNAP","","admin","","","","","","","","","","","","","","-19727477.62","368.04","-1.7","0.7","254.55","68.60","12.80","SciCam","/SciCam.20260809_194523040.jpg","PilotCam","/PilotCam.20260809_194523040.jpg","BrowCam","/BrowCam.20260809_194523040.jpg","UserSelect","/UserSelect.20260809_194523040.jpg","","","-999.99","8.16","-999.99","-999.99","6a78d8d33a81d30014ed1f1d"
"2026-08-09T19:45:53.085Z","-20.3166686","-365.0360995","ASNAP","","admin","","","","","","","","","","","","","","-19727477.08","368.80","-1.7","1.1","256.50","68.26","12.77","SciCam","/SciCam.20260809_194553085.jpg","PilotCam","/PilotCam.20260809_194553085.jpg","BrowCam","/BrowCam.20260809_194553085.jpg","UserSelect","/UserSelect.20260809_194553085.jpg","","","-999.99","8.15","-999.99","-999.99","6a78d8f13a81d30014ed1f21"
"2026-08-09T19:46:23.127Z","-20.3166306","-365.0360769","ASNAP","","admin","","","","","","","","","","","","","","-19727474.72","373.00","-0.7","0.0","323.59","68.57","12.70","SciCam","/SciCam.20260809_194623127.jpg","PilotCam","/PilotCam.20260809_194623127.jpg","BrowCam","/BrowCam.20260809_194623127.jpg","UserSelect","/UserSelect.20260809_194623127.jpg","","","-999.99","8.18","-999.99","-999.99","6a78d90f3a81d30014ed1f25"
"2026-08-09T19:46:37.860Z","-20.3165842","-365.0360814","VEHICLE","descending to 5m off bottom","guest","","","","","5m down, not from bottom","","","","","","","","","-19727475.19","378.14","-1.3","1.9","322.39","68.35","13.04","SciCam","/SciCam.20260809_194637860.jpg","PilotCam","/PilotCam.20260809_194637860.jpg","BrowCam","/BrowCam.20260809_194637860.jpg","UserSelect","/UserSelect.20260809_194637860.jpg","","","-999.99","8.23","-999.99","-999.99","6a78d91d3a81d30014ed1f29"
"2026-08-09T19:46:53.173Z","-20.3165527","-365.0360856","ASNAP","","admin","","","","","","","","","","","","","","-19727475.63","381.63","-1.6","2.4","322.40","70.21","11.27","SciCam","/SciCam.20260809_194653173.jpg","PilotCam","/PilotCam.20260809_194653173.jpg","BrowCam","/BrowCam.20260809_194653173.jpg","UserSelect","/UserSelect.20260809_194653173.jpg","","","-999.99","8.18","-999.99","-999.99","6a78d92d3a81d30014ed1f2d"
"2026-08-09T19:47:23.218Z","-20.3165632","-365.0360989","ASNAP","","admin","","","","","","","","","","","","","","-19727477.02","380.46","-0.6","2.3","322.89","73.37","8.28","SciCam","/SciCam.20260809_194723218.jpg","PilotCam","/PilotCam.20260809_194723218.jpg","BrowCam","/BrowCam.20260809_194723218.jpg","UserSelect","/UserSelect.20260809_194723218.jpg","","","-999.99","8.18","-999.99","-999.99","6a78d94b3a81d30014ed1f31"
"2026-08-09T19:47:53.262Z","-20.3165895","-365.0360854","ASNAP","","admin","","","","","","","","","","","","","","-19727475.61","377.55","-0.8","1.0","323.13","74.62","6.95","SciCam","/SciCam.20260809_194753262.jpg","PilotCam","/PilotCam.20260809_194753262.jpg","BrowCam","/BrowCam.20260809_194753262.jpg","UserSelect","/UserSelect.20260809_194753262.jpg","","","-999.99","8.14","-999.99","-999.99","6a78d9693a81d30014ed1f35"
"2026-08-09T19:48:23.300Z","-20.3165682","-365.0360895","ASNAP","","admin","","","","","","","","","","","","","","-19727476.04","379.91","-1.3","0.1","322.03","74.17","7.02","SciCam","/SciCam.20260809_194823300.jpg","PilotCam","/PilotCam.20260809_194823300.jpg","BrowCam","/BrowCam.20260809_194823300.jpg","UserSelect","/UserSelect.20260809_194823300.jpg","","","-999.99","8.18","-999.99","-999.99","6a78d9873a81d30014ed1f39"
"2026-08-09T19:48:53.345Z","-20.3165421","-365.0360952","ASNAP","","admin","","","","","","","","","","","","","","-19727476.64","382.80","-1.7","2.6","323.16","73.75","7.26","SciCam","/SciCam.20260809_194853345.jpg","PilotCam","/PilotCam.20260809_194853345.jpg","BrowCam","/BrowCam.20260809_194853345.jpg","UserSelect","/UserSelect.20260809_194853345.jpg","","","-999.99","8.19","-999.99","-999.99","6a78d9a53a81d30014ed1f3d"
"2026-08-09T19:49:14.737Z","-20.3165362","-365.0360979","NAV","7 meters north","guest","","","","","","","Ship moving","","","","","","","-19727476.92","383.45","-1.1","-0.4","322.57","73.80","7.70","SciCam","/SciCam.20260809_194914737.jpg","PilotCam","/PilotCam.20260809_194914737.jpg","BrowCam","/BrowCam.20260809_194914737.jpg","UserSelect","/UserSelect.20260809_194914737.jpg","","","-999.99","8.19","-999.99","-999.99","6a78d9ba3a81d30014ed1f41"
"2026-08-09T19:49:23.364Z","-20.3165362","-365.0361000","ASNAP","","admin","","","","","","","","","","","","","","-19727477.14","383.45","-1.2","1.0","322.72","73.84","7.53","SciCam","/SciCam.20260809_194923364.jpg","PilotCam","/PilotCam.20260809_194923364.jpg","BrowCam","/BrowCam.20260809_194923364.jpg","UserSelect","/UserSelect.20260809_194923364.jpg","","","-999.99","8.17","-999.99","-999.99","6a78d9c33a81d30014ed1f45"
"2026-08-09T19:49:53.409Z","-20.3165386","-365.0361006","ASNAP","","admin","","","","","","","","","","","","","","-19727477.20","383.19","-1.1","2.2","322.94","74.24","7.16","SciCam","/SciCam.20260809_194953409.jpg","PilotCam","/PilotCam.20260809_194953409.jpg","BrowCam","/BrowCam.20260809_194953409.jpg","UserSelect","/UserSelect.20260809_194953409.jpg","","","-999.99","8.16","-999.99","-999.99","6a78d9e13a81d30014ed1f49"
"2026-08-09T19:50:05.785Z","-20.3165431","-365.0360934","Name","Adrian Chang now logging","guest","","","","","","","","","","","","","","-19727476.45","382.69","-1.2","0.2","323.56","74.03","7.36","SciCam","/SciCam.20260809_195005785.jpg","PilotCam","/PilotCam.20260809_195005785.jpg","BrowCam","/BrowCam.20260809_195005785.jpg","UserSelect","/UserSelect.20260809_195005785.jpg","","","-999.99","8.17","-999.99","-999.99","6a78d9ed3a81d30014ed1f4d"
"2026-08-09T19:50:23.454Z","-20.3165393","-365.0360935","ASNAP","","admin","","","","","","","","","","","","","","-19727476.46","383.11","-1.1","2.4","321.30","74.54","6.78","SciCam","/SciCam.20260809_195023454.jpg","PilotCam","/PilotCam.20260809_195023454.jpg","BrowCam","/BrowCam.20260809_195023454.jpg","UserSelect","/UserSelect.20260809_195023454.jpg","","","-999.99","8.20","-999.99","-999.99","6a78d9ff3a81d30014ed1f51"
"2026-08-09T19:50:53.471Z","-20.3164981","-365.0361221","ASNAP","","admin","","","","","","","","","","","","","","-19727479.45","387.67","-0.3","0.2","320.34","74.17","7.74","SciCam","/SciCam.20260809_195053471.jpg","PilotCam","/PilotCam.20260809_195053471.jpg","BrowCam","/BrowCam.20260809_195053471.jpg","UserSelect","/UserSelect.20260809_195053471.jpg","","","-999.99","8.01","-999.99","-999.99","6a78da1d3a81d30014ed1f55"
"2026-08-09T19:51:23.515Z","-20.3165022","-365.0361389","ASNAP","","admin","","","","","","","","","","","","","","-19727481.20","387.22","-0.2","1.3","321.52","75.73","5.59","SciCam","/SciCam.20260809_195123515.jpg","PilotCam","/PilotCam.20260809_195123515.jpg","BrowCam","/BrowCam.20260809_195123515.jpg","UserSelect","/UserSelect.20260809_195123515.jpg","","","-999.99","8.15","-999.99","-999.99","6a78da3b3a81d30014ed1f59"
"2026-08-09T19:51:53.560Z","-20.3165144","-365.0361454","ASNAP","","admin","","","","","","","","","","","","","","-19727481.88","385.87","-1.9","1.0","298.77","77.15","3.50","SciCam","/SciCam.20260809_195153560.jpg","PilotCam","/PilotCam.20260809_195153560.jpg","BrowCam","/BrowCam.20260809_195153560.jpg","UserSelect","/UserSelect.20260809_195153560.jpg","","","-999.99","8.17","-999.99","-999.99","6a78da593a81d30014ed1f5d"
"2026-08-09T19:52:23.596Z","-20.3165543","-365.0361125","ASNAP","","admin","","","","","","","","","","","","","","-19727478.44","381.45","-1.9","0.7","307.80","78.13","3.27","SciCam","/SciCam.20260809_195223596.jpg","PilotCam","/PilotCam.20260809_195223596.jpg","BrowCam","/BrowCam.20260809_195223596.jpg","UserSelect","/UserSelect.20260809_195223596.jpg","","","-999.99","8.20","-999.99","-999.99","6a78da773a81d30014ed1f61"
"2026-08-09T19:52:38.010Z","-20.3165627","-365.0361063","FREE_FORM","Instrument in sight","guest","","","","","","","","","","","","","","-19727477.80","380.52","-0.9","-1.5","308.16","78.00","2.77","SciCam","/SciCam.20260809_195238010.jpg","PilotCam","/PilotCam.20260809_195238010.jpg","BrowCam","/BrowCam.20260809_195238010.jpg","UserSelect","/UserSelect.20260809_195238010.jpg","","","-999.99","8.17","-999.99","-999.99","6a78da863a81d30014ed1f65"
"2026-08-09T19:52:53.640Z","-20.3165584","-365.0361119","ASNAP","","admin","","","","","","","","","","","","","","-19727478.38","380.99","-1.3","-0.3","308.22","77.94","3.22","SciCam","/SciCam.20260809_195253640.jpg","PilotCam","/PilotCam.20260809_195253640.jpg","BrowCam","/BrowCam.20260809_195253640.jpg","UserSelect","/UserSelect.20260809_195253640.jpg","","","-999.99","8.15","-999.99","-999.99","6a78da953a81d30014ed1f69"
"2026-08-09T19:53:23.663Z","-20.3165565","-365.0361168","ASNAP","","admin","","","","","","","","","","","","","","-19727478.89","381.21","-0.9","0.6","315.47","78.22","3.33","SciCam","/SciCam.20260809_195323663.jpg","PilotCam","/PilotCam.20260809_195323663.jpg","BrowCam","/BrowCam.20260809_195323663.jpg","UserSelect","/UserSelect.20260809_195323663.jpg","","","-999.99","8.18","-999.99","-999.99","6a78dab33a81d30014ed1f6d"
"2026-08-09T19:53:53.708Z","-20.3165758","-365.0361444","ASNAP","","admin","","","","","","","","","","","","","","-19727481.77","379.07","0.4","-0.7","5.07","77.93","3.20","SciCam","/SciCam.20260809_195353708.jpg","PilotCam","/PilotCam.20260809_195353708.jpg","BrowCam","/BrowCam.20260809_195353708.jpg","UserSelect","/UserSelect.20260809_195353708.jpg","","","-999.99","8.20","-999.99","-999.99","6a78dad13a81d30014ed1f71"
"2026-08-09T19:54:23.749Z","-20.3165574","-365.0361710","ASNAP","","admin","","","","","","","","","","","","","","-19727484.55","381.11","3.0","-1.0","44.42","77.78","3.66","SciCam","/SciCam.20260809_195423749.jpg","PilotCam","/PilotCam.20260809_195423749.jpg","BrowCam","/BrowCam.20260809_195423749.jpg","UserSelect","/UserSelect.20260809_195423749.jpg","","","-999.99","8.17","-999.99","-999.99","6a78daef3a81d30014ed1f75"
"2026-08-09T19:54:53.795Z","-20.3165482","-365.0361434","ASNAP","","admin","","","","","","","","","","","","","","-19727481.67","382.12","-0.5","-0.8","51.28","77.47","3.30","SciCam","/SciCam.20260809_195453795.jpg","PilotCam","/PilotCam.20260809_195453795.jpg","BrowCam","/BrowCam.20260809_195453795.jpg","UserSelect","/UserSelect.20260809_195453795.jpg","","","-999.99","8.18","-999.99","-999.99","6a78db0d3a81d30014ed1f79"
"2026-08-09T19:55:23.822Z","-20.3165491","-365.0361462","ASNAP","","admin","","","","","","","","","","","","","","-19727481.96","382.02","-0.5","-0.3","51.71","77.42","3.45","SciCam","/SciCam.20260809_195523822.jpg","PilotCam","/PilotCam.20260809_195523822.jpg","BrowCam","/BrowCam.20260809_195523822.jpg","UserSelect","/UserSelect.20260809_195523822.jpg","","","-999.99","8.20","-999.99","-999.99","6a78db2b3a81d30014ed1f7d"
"2026-08-09T19:55:49.613Z","-20.3165480","-365.0361464","ROV Actions","Using the manipulator camera to see package","guest","","","","","","(Starboard) Manipulator in use","","","","","","","","-19727481.98","382.15","-0.9","-0.1","51.57","77.32","3.53","SciCam","/SciCam.20260809_195549613.jpg","PilotCam","/PilotCam.20260809_195549613.jpg","BrowCam","/BrowCam.20260809_195549613.jpg","UserSelect","/UserSelect.20260809_195549613.jpg","","","-999.99","8.18","-999.99","-999.99","6a78db453a81d30014ed1f81"
"2026-08-09T19:55:53.868Z","-20.3165505","-365.0361493","ASNAP","","admin","","","","","","","","","","","","","","-19727482.29","381.87","0.3","-1.6","50.24","77.79","3.40","SciCam","/SciCam.20260809_195553868.jpg","PilotCam","/PilotCam.20260809_195553868.jpg","BrowCam","/BrowCam.20260809_195553868.jpg","UserSelect","/UserSelect.20260809_195553868.jpg","","","-999.99","8.17","-999.99","-999.99","6a78db493a81d30014ed1f85"
"2026-08-09T19:56:23.905Z","-20.3165446","-365.0361431","ASNAP","","admin","","","","","","","","","","","","","","-19727481.64","382.52","-2.0","-0.0","54.93","77.35","3.32","SciCam","/SciCam.20260809_195623905.jpg","PilotCam","/PilotCam.20260809_195623905.jpg","BrowCam","/BrowCam.20260809_195623905.jpg","UserSelect","/UserSelect.20260809_195623905.jpg","","","-999.99","8.13","-999.99","-999.99","6a78db673a81d30014ed1f89"
"2026-08-09T19:56:53.949Z","-20.3165383","-365.0361619","ASNAP","","admin","","","","","","","","","","","","","","-19727483.60","383.22","0.0","-1.5","68.67","77.58","3.63","SciCam","/SciCam.20260809_195653949.jpg","PilotCam","/PilotCam.20260809_195653949.jpg","BrowCam","/BrowCam.20260809_195653949.jpg","UserSelect","/UserSelect.20260809_195653949.jpg","","","-999.99","8.18","-999.99","-999.99","6a78db853a81d30014ed1f8d"
"2026-08-09T19:57:23.994Z","-20.3165145","-365.0361512","ASNAP","","admin","","","","","","","","","","","","","","-19727482.48","385.85","0.1","-1.4","53.99","76.88","3.40","SciCam","/SciCam.20260809_195723994.jpg","PilotCam","/PilotCam.20260809_195723994.jpg","BrowCam","/BrowCam.20260809_195723994.jpg","UserSelect","/UserSelect.20260809_195723994.jpg","","","-999.99","8.19","-999.99","-999.99","6a78dba33a81d30014ed1f91"
"2026-08-09T19:57:54.039Z","-20.3165345","-365.0361769","ASNAP","","admin","","","","","","","","","","","","","","-19727485.17","383.64","0.5","-4.2","80.63","77.16","3.48","SciCam","/SciCam.20260809_195754039.jpg","PilotCam","/PilotCam.20260809_195754039.jpg","BrowCam","/BrowCam.20260809_195754039.jpg","UserSelect","/UserSelect.20260809_195754039.jpg","","","-999.99","8.18","-999.99","-999.99","6a78dbc23a81d30014ed1f95"
"2026-08-09T19:58:24.084Z","-20.3165373","-365.0361625","ASNAP","","admin","","","","","","","","","","","","","","-19727483.66","383.33","0.9","-1.4","43.91","77.28","2.97","SciCam","/SciCam.20260809_195824084.jpg","PilotCam","/PilotCam.20260809_195824084.jpg","BrowCam","/BrowCam.20260809_195824084.jpg","UserSelect","/UserSelect.20260809_195824084.jpg","","","-999.99","8.18","-999.99","-999.99","6a78dbe03a81d30014ed1f99"
"2026-08-09T19:58:36.551Z","-20.3165365","-365.0361569","NAV","West 5 meters","guest","","","","","","","Ship moving","","","","","","","-19727483.08","383.42","-2.7","-0.1","66.49","76.64","3.78","SciCam","/SciCam.20260809_195836551.jpg","PilotCam","/PilotCam.20260809_195836551.jpg","BrowCam","/BrowCam.20260809_195836551.jpg","UserSelect","/UserSelect.20260809_195836551.jpg","","","-999.99","8.13","-999.99","-999.99","6a78dbec3a81d30014ed1f9d"
"2026-08-09T19:58:54.103Z","-20.3165346","-365.0361692","ASNAP","","admin","","","","","","","","","","","","","","-19727484.36","383.63","-0.0","-2.9","81.98","77.48","3.33","SciCam","/SciCam.20260809_195854103.jpg","PilotCam","/PilotCam.20260809_195854103.jpg","BrowCam","/BrowCam.20260809_195854103.jpg","UserSelect","/UserSelect.20260809_195854103.jpg","","","-999.99","8.14","-999.99","-999.99","6a78dbfe3a81d30014ed1fa1"
"2026-08-09T19:59:24.147Z","-20.3165225","-365.0361753","ASNAP","","admin","","","","","","","","","","","","","","-19727485.00","384.97","-0.2","-0.8","46.83","77.35","3.53","SciCam","/SciCam.20260809_195924147.jpg","PilotCam","/PilotCam.20260809_195924147.jpg","BrowCam","/BrowCam.20260809_195924147.jpg","UserSelect","/UserSelect.20260809_195924147.jpg","","","-999.99","8.15","-999.99","-999.99","6a78dc1c3a81d30014ed1fa5"
"2026-08-09T19:59:25.419Z","-20.3165218","-365.0361782","VEHICLE","Heave comp","guest","","","","Other","","","","","","","","","","-19727485.30","385.05","0.6","-0.9","46.42","77.30","3.61","SciCam","/SciCam.20260809_195925419.jpg","PilotCam","/PilotCam.20260809_195925419.jpg","BrowCam","/BrowCam.20260809_195925419.jpg","UserSelect","/UserSelect.20260809_195925419.jpg","","","-999.99","8.16","-999.99","-999.99","6a78dc1d3a81d30014ed1fa9"
"2026-08-09T19:59:54.189Z","-20.3165165","-365.0362162","ASNAP","","admin","","","","","","","","","","","","","","-19727489.27","385.63","1.3","-0.7","44.96","76.68","4.09","SciCam","/SciCam.20260809_195954189.jpg","PilotCam","/PilotCam.20260809_195954189.jpg","BrowCam","/BrowCam.20260809_195954189.jpg","UserSelect","/UserSelect.20260809_195954189.jpg","","","-999.99","8.13","-999.99","-999.99","6a78dc3a3a81d30014ed1fad"
"2026-08-09T20:00:24.234Z","-20.3165479","-365.0361621","ASNAP","","admin","","","","","","","","","","","","","","-19727483.62","382.16","-0.7","-1.0","49.88","77.68","3.33","SciCam","/SciCam.20260809_200024234.jpg","PilotCam","/PilotCam.20260809_200024234.jpg","BrowCam","/BrowCam.20260809_200024234.jpg","UserSelect","/UserSelect.20260809_200024234.jpg","","","-999.99","8.18","-999.99","-999.99","6a78dc583a81d30014ed1fb1"
"2026-08-09T20:00:28.476Z","-20.3165466","-365.0361610","FREE_FORM","Instrument in sight","guest","","","","","","","","","","","","","","-19727483.51","382.30","-1.1","-0.7","56.03","77.75","3.40","SciCam","/SciCam.20260809_200028476.jpg","PilotCam","/PilotCam.20260809_200028476.jpg","BrowCam","/BrowCam.20260809_200028476.jpg","UserSelect","/UserSelect.20260809_200028476.jpg","","","-999.99","8.15","-999.99","-999.99","6a78dc5c3a81d30014ed1fb5"
"2026-08-09T20:00:54.280Z","-20.3165274","-365.0361904","ASNAP","","admin","","","","","","","","","","","","","","-19727486.58","384.43","-0.3","-0.6","65.84","77.40","3.40","SciCam","/SciCam.20260809_200054280.jpg","PilotCam","/PilotCam.20260809_200054280.jpg","BrowCam","/BrowCam.20260809_200054280.jpg","UserSelect","/UserSelect.20260809_200054280.jpg","","","-999.99","8.17","-999.99","-999.99","6a78dc763a81d30014ed1fb9"
"2026-08-09T20:01:24.325Z","-20.3164948","-365.0362244","ASNAP","","admin","","","","","","","","","","","","","","-19727490.13","388.04","0.2","-2.5","91.26","77.00","4.07","SciCam","/SciCam.20260809_200124325.jpg","PilotCam","/PilotCam.20260809_200124325.jpg","BrowCam","/BrowCam.20260809_200124325.jpg","UserSelect","/UserSelect.20260809_200124325.jpg","","","-999.99","8.16","-999.99","-999.99","6a78dc943a81d30014ed1fbd"
"2026-08-09T20:01:54.369Z","-20.3165412","-365.0362143","ASNAP","","admin","","","","","","","","","","","","","","-19727489.07","382.90","-0.9","-2.8","86.88","77.33","3.66","SciCam","/SciCam.20260809_200154369.jpg","PilotCam","/PilotCam.20260809_200154369.jpg","BrowCam","/BrowCam.20260809_200154369.jpg","UserSelect","/UserSelect.20260809_200154369.jpg","","","-999.99","8.24","-999.99","-999.99","6a78dcb23a81d30014ed1fc5"
"2026-08-09T20:02:24.392Z","-20.3165361","-365.0361846","ASNAP","","admin","","","","","","","","","","","","","","-19727485.97","383.46","-0.9","-1.7","92.86","77.70","3.43","SciCam","/SciCam.20260809_200224392.jpg","PilotCam","/PilotCam.20260809_200224392.jpg","BrowCam","/BrowCam.20260809_200224392.jpg","UserSelect","/UserSelect.20260809_200224392.jpg","","","-999.99","8.14","-999.99","-999.99","6a78dcd03a81d30014ed1fc9"
"2026-08-09T20:02:54.437Z","-20.3165098","-365.0361911","ASNAP","","admin","","","","","","","","","","","","","","-19727486.65","386.38","-0.0","-1.2","92.97","77.46","3.53","SciCam","/SciCam.20260809_200254437.jpg","PilotCam","/PilotCam.20260809_200254437.jpg","BrowCam","/BrowCam.20260809_200254437.jpg","UserSelect","/UserSelect.20260809_200254437.jpg","","","-999.99","8.18","-999.99","-999.99","6a78dcee3a81d30014ed1fcd"
"2026-08-09T20:03:24.471Z","-20.3165260","-365.0362019","ASNAP","","admin","","","","","","","","","","","","","","-19727487.78","384.58","0.4","-1.9","82.79","77.46","3.58","SciCam","/SciCam.20260809_200324471.jpg","PilotCam","/PilotCam.20260809_200324471.jpg","BrowCam","/BrowCam.20260809_200324471.jpg","UserSelect","/UserSelect.20260809_200324471.jpg","","","-999.99","8.16","-999.99","-999.99","6a78dd0c3a81d30014ed1fd1"
"2026-08-09T20:03:54.517Z","-20.3165447","-365.0361720","ASNAP","","admin","","","","","","","","","","","","","","-19727484.66","382.51","-0.7","-1.8","56.28","77.74","3.43","SciCam","/SciCam.20260809_200354517.jpg","PilotCam","/PilotCam.20260809_200354517.jpg","BrowCam","/BrowCam.20260809_200354517.jpg","UserSelect","/UserSelect.20260809_200354517.jpg","","","-999.99","8.17","-999.99","-999.99","6a78dd2a3a81d30014ed1fd5"
"2026-08-09T20:04:24.562Z","-20.3165237","-365.0361769","ASNAP","","admin","","","","","","","","","","","","","","-19727485.17","384.84","-0.3","-0.6","57.51","77.56","3.43","SciCam","/SciCam.20260809_200424562.jpg","PilotCam","/PilotCam.20260809_200424562.jpg","BrowCam","/BrowCam.20260809_200424562.jpg","UserSelect","/UserSelect.20260809_200424562.jpg","","","-999.99","8.16","-999.99","-999.99","6a78dd483a81d30014ed1fd9"
"2026-08-09T20:04:25.524Z","-20.3165231","-365.0361777","VEHICLE","descending 1 meter","guest","","","","Other","","","","","","","","","","-19727485.25","384.90","-0.2","-0.4","57.89","77.56","3.48","SciCam","/SciCam.20260809_200425524.jpg","PilotCam","/PilotCam.20260809_200425524.jpg","BrowCam","/BrowCam.20260809_200425524.jpg","UserSelect","/UserSelect.20260809_200425524.jpg","","","-999.99","8.17","-999.99","-999.99","6a78dd493a81d30014ed1fdd"
"2026-08-09T20:04:54.606Z","-20.3165291","-365.0362114","ASNAP","","admin","","","","","","","","","","","","","","-19727488.77","384.24","-0.4","-2.3","80.99","78.36","2.82","SciCam","/SciCam.20260809_200454606.jpg","PilotCam","/PilotCam.20260809_200454606.jpg","BrowCam","/BrowCam.20260809_200454606.jpg","UserSelect","/UserSelect.20260809_200454606.jpg","","","-999.99","8.14","-999.99","-999.99","6a78dd663a81d30014ed1fe1"
"2026-08-09T20:05:24.623Z","-20.3165581","-365.0361843","ASNAP","","admin","","","","","","","","","","","","","","-19727485.94","381.03","-1.3","-1.5","77.16","78.80","2.54","SciCam","/SciCam.20260809_200524623.jpg","PilotCam","/PilotCam.20260809_200524623.jpg","BrowCam","/BrowCam.20260809_200524623.jpg","UserSelect","/UserSelect.20260809_200524623.jpg","","","-999.99","8.16","-999.99","-999.99","6a78dd843a81d30014ed1fe5"
"2026-08-09T20:05:46.557Z","-20.3165268","-365.0361862","VEHICLE","descending 1 meter","guest","","","","Other","","","","","","","","","","-19727486.14","384.49","0.0","-2.2","80.17","78.73","2.66","SciCam","/SciCam.20260809_200546557.jpg","PilotCam","/PilotCam.20260809_200546557.jpg","BrowCam","/BrowCam.20260809_200546557.jpg","UserSelect","/UserSelect.20260809_200546557.jpg","","","-999.99","8.16","-999.99","-999.99","6a78dd9a3a81d30014ed1fe9"
"2026-08-09T20:05:54.666Z","-20.3165220","-365.0361860","ASNAP","","admin","","","","","","","","","","","","","","-19727486.12","385.02","-0.1","-1.0","83.75","78.75","2.66","SciCam","/SciCam.20260809_200554666.jpg","PilotCam","/PilotCam.20260809_200554666.jpg","BrowCam","/BrowCam.20260809_200554666.jpg","UserSelect","/UserSelect.20260809_200554666.jpg","","","-999.99","8.17","-999.99","-999.99","6a78dda23a81d30014ed1fed"
"2026-08-09T20:06:22.950Z","-20.3165257","-365.0361890","VEHICLE","descending 1 meter","guest","","","","Other","","","","","","","","","","-19727486.43","384.62","-0.2","-0.3","87.48","79.13","2.43","SciCam","/SciCam.20260809_200622950.jpg","PilotCam","/PilotCam.20260809_200622950.jpg","BrowCam","/BrowCam.20260809_200622950.jpg","UserSelect","/UserSelect.20260809_200622950.jpg","","","-999.99","8.14","-999.99","-999.99","6a78ddbe3a81d30014ed1ff1"
"2026-08-09T20:06:24.709Z","-20.3165281","-365.0361883","ASNAP","","admin","","","","","","","","","","","","","","-19727486.36","384.35","-1.9","0.2","88.03","79.29","2.33","SciCam","/SciCam.20260809_200624709.jpg","PilotCam","/PilotCam.20260809_200624709.jpg","BrowCam","/BrowCam.20260809_200624709.jpg","UserSelect","/UserSelect.20260809_200624709.jpg","","","-999.99","8.13","-999.99","-999.99","6a78ddc03a81d30014ed1ff5"
"2026-08-09T20:06:52.745Z","-20.3165162","-365.0361796","VEHICLE","descending 1 meter","guest","","","","Other","","","","","","","","","","-19727485.45","385.67","1.0","-0.8","95.06","79.08","2.66","SciCam","/SciCam.20260809_200652745.jpg","PilotCam","/PilotCam.20260809_200652745.jpg","BrowCam","/BrowCam.20260809_200652745.jpg","UserSelect","/UserSelect.20260809_200652745.jpg","","","-999.99","8.17","-999.99","-999.99","6a78dddc3a81d30014ed1ff9"
"2026-08-09T20:06:54.751Z","-20.3165199","-365.0361805","ASNAP","","admin","","","","","","","","","","","","","","-19727485.54","385.26","0.6","-2.0","95.22","79.09","2.41","SciCam","/SciCam.20260809_200654751.jpg","PilotCam","/PilotCam.20260809_200654751.jpg","BrowCam","/BrowCam.20260809_200654751.jpg","UserSelect","/UserSelect.20260809_200654751.jpg","","","-999.99","8.17","-999.99","-999.99","6a78ddde3a81d30014ed1ffd"
"2026-08-09T20:07:24.796Z","-20.3165249","-365.0361765","ASNAP","","admin","","","","","","","","","","","","","","-19727485.13","384.70","-5.5","1.7","108.99","79.51","2.20","SciCam","/SciCam.20260809_200724796.jpg","PilotCam","/PilotCam.20260809_200724796.jpg","BrowCam","/BrowCam.20260809_200724796.jpg","UserSelect","/UserSelect.20260809_200724796.jpg","","","-999.99","8.16","-999.99","-999.99","6a78ddfc3a81d30014ed2001"
"2026-08-09T20:07:54.822Z","-20.3165247","-365.0361765","ASNAP","","admin","","","","","","","","","","","","","","-19727485.13","384.72","-3.9","1.3","108.74","79.42","2.20","SciCam","/SciCam.20260809_200754822.jpg","PilotCam","/PilotCam.20260809_200754822.jpg","BrowCam","/BrowCam.20260809_200754822.jpg","UserSelect","/UserSelect.20260809_200754822.jpg","","","-999.99","8.12","-999.99","-999.99","6a78de1a3a81d30014ed2005"
"2026-08-09T20:08:14.819Z","-20.3164648","-365.0362270","NAV","","guest","","","","","","","Doppler Reset","","","","","","","-19727490.40","391.36","-3.6","-2.2","109.09","79.52","2.38","SciCam","/SciCam.20260809_200814819.jpg","PilotCam","/PilotCam.20260809_200814819.jpg","BrowCam","/BrowCam.20260809_200814819.jpg","UserSelect","/UserSelect.20260809_200814819.jpg","","","-999.99","8.18","-999.99","-999.99","6a78de2e3a81d30014ed200d"
"2026-08-09T20:08:24.849Z","-20.3164647","-365.0362270","ASNAP","","admin","","","","","","","","","","","","","","-19727490.40","391.37","-2.7","-6.2","110.21","78.55","2.87","SciCam","/SciCam.20260809_200824849.jpg","PilotCam","/PilotCam.20260809_200824849.jpg","BrowCam","/BrowCam.20260809_200824849.jpg","UserSelect","/UserSelect.20260809_200824849.jpg","","","-999.99","8.17","-999.99","-999.99","6a78de383a81d30014ed2011"
"2026-08-09T20:08:54.875Z","-20.3164641","-365.0362310","ASNAP","","admin","","","","","","","","","","","","","","-19727490.82","391.43","-1.8","-6.5","110.58","77.79","4.04","SciCam","/SciCam.20260809_200854875.jpg","PilotCam","/PilotCam.20260809_200854875.jpg","BrowCam","/BrowCam.20260809_200854875.jpg","UserSelect","/UserSelect.20260809_200854875.jpg","","","-999.99","8.16","-999.99","-999.99","6a78de563a81d30014ed2015"
"2026-08-09T20:09:24.917Z","-20.3164642","-365.0362275","ASNAP","","admin","","","","","","","","","","","","","","-19727490.45","391.42","-1.8","-6.6","110.68","78.34","3.38","SciCam","/SciCam.20260809_200924917.jpg","PilotCam","/PilotCam.20260809_200924917.jpg","BrowCam","/BrowCam.20260809_200924917.jpg","UserSelect","/UserSelect.20260809_200924917.jpg","","","-999.99","8.16","-999.99","-999.99","6a78de743a81d30014ed2019"
"2026-08-09T20:09:27.366Z","-20.3164640","-365.0362265","ROV Actions","LJ01D - happened before entry","guest","","","","","","Unlatching from","","","","","","","","-19727490.35","391.44","-1.8","-6.5","110.57","78.26","3.38","SciCam","/SciCam.20260809_200927366.jpg","PilotCam","/PilotCam.20260809_200927366.jpg","BrowCam","/BrowCam.20260809_200927366.jpg","UserSelect","/UserSelect.20260809_200927366.jpg","","","-999.99","8.18","-999.99","-999.99","6a78de773a81d30014ed201d"
"2026-08-09T20:09:54.953Z","-20.3164647","-365.0362294","ASNAP","","admin","","","","","","","","","","","","","","-19727490.65","391.37","-1.8","-6.3","110.14","78.09","3.68","SciCam","/SciCam.20260809_200954953.jpg","PilotCam","/PilotCam.20260809_200954953.jpg","BrowCam","/BrowCam.20260809_200954953.jpg","UserSelect","/UserSelect.20260809_200954953.jpg","","","-999.99","8.18","-999.99","-999.99","6a78de923a81d30014ed2021"
"2026-08-09T20:10:24.979Z","-20.3164935","-365.0362643","ASNAP","","admin","","","","","","","","","","","","","","-19727494.30","388.18","-2.0","-6.3","102.14","78.99","3.04","SciCam","/SciCam.20260809_201024979.jpg","PilotCam","/PilotCam.20260809_201024979.jpg","BrowCam","/BrowCam.20260809_201024979.jpg","UserSelect","/UserSelect.20260809_201024979.jpg","","","-999.99","8.16","-999.99","-999.99","6a78deb03a81d30014ed2025"
"2026-08-09T20:10:41.124Z","-20.3165057","-365.0362622","ROV Actions","Surveying area","guest","","","","","","","","","","","","","","-19727494.08","386.83","-1.7","-6.5","101.42","79.14","2.64","SciCam","/SciCam.20260809_201041124.jpg","PilotCam","/PilotCam.20260809_201041124.jpg","BrowCam","/BrowCam.20260809_201041124.jpg","UserSelect","/UserSelect.20260809_201041124.jpg","","","-999.99","8.14","-999.99","-999.99","6a78dec13a81d30014ed2029"
"2026-08-09T20:10:55.013Z","-20.3165004","-365.0362605","ASNAP","","admin","","","","","","","","","","","","","","-19727493.90","387.42","-0.7","-5.6","99.63","79.28","2.54","SciCam","/SciCam.20260809_201055013.jpg","PilotCam","/PilotCam.20260809_201055013.jpg","BrowCam","/BrowCam.20260809_201055013.jpg","UserSelect","/UserSelect.20260809_201055013.jpg","","","-999.99","8.16","-999.99","-999.99","6a78decf3a81d30014ed202d"
"2026-08-09T20:11:25.057Z","-20.3165434","-365.0362326","ASNAP","","admin","","","","","","","","","","","","","","-19727490.98","382.65","-0.5","-6.9","65.22","79.12","2.74","SciCam","/SciCam.20260809_201125057.jpg","PilotCam","/PilotCam.20260809_201125057.jpg","BrowCam","/BrowCam.20260809_201125057.jpg","UserSelect","/UserSelect.20260809_201125057.jpg","","","-999.99","8.15","-999.99","-999.99","6a78deed3a81d30014ed2031"
"2026-08-09T20:11:55.101Z","-20.3166042","-365.0362010","ASNAP","","admin","","","","","","","","","","","","","","-19727487.69","375.92","-0.7","-6.2","36.38","79.12","2.51","SciCam","/SciCam.20260809_201155101.jpg","PilotCam","/PilotCam.20260809_201155101.jpg","BrowCam","/BrowCam.20260809_201155101.jpg","UserSelect","/UserSelect.20260809_201155101.jpg","","","-999.99","8.12","-999.99","-999.99","6a78df0b3a81d30014ed2035"
"2026-08-09T20:12:25.145Z","-20.3166037","-365.0362033","ASNAP","","admin","","","","","","","","","","","","","","-19727487.92","375.98","-0.6","-5.8","246.42","79.07","2.61","SciCam","/SciCam.20260809_201225145.jpg","PilotCam","/PilotCam.20260809_201225145.jpg","BrowCam","/BrowCam.20260809_201225145.jpg","UserSelect","/UserSelect.20260809_201225145.jpg","","","-999.99","8.11","-999.99","-999.99","6a78df293a81d30014ed2039"
"2026-08-09T20:12:55.190Z","-20.3165564","-365.0361766","ASNAP","","admin","","","","","","","","","","","","","","-19727485.14","381.22","-0.0","-5.4","326.19","78.86","2.87","SciCam","/SciCam.20260809_201255190.jpg","PilotCam","/PilotCam.20260809_201255190.jpg","BrowCam","/BrowCam.20260809_201255190.jpg","UserSelect","/UserSelect.20260809_201255190.jpg","","","-999.99","8.09","-999.99","-999.99","6a78df473a81d30014ed203d"
"2026-08-09T20:13:25.236Z","-20.3165403","-365.0362112","ASNAP","","admin","","","","","","","","","","","","","","-19727488.75","383.00","-1.2","-5.3","343.29","76.24","5.52","SciCam","/SciCam.20260809_201325236.jpg","PilotCam","/PilotCam.20260809_201325236.jpg","BrowCam","/BrowCam.20260809_201325236.jpg","UserSelect","/UserSelect.20260809_201325236.jpg","","","-999.99","8.17","-999.99","-999.99","6a78df653a81d30014ed2041"
"2026-08-09T20:13:55.283Z","-20.3165221","-365.0363077","ASNAP","","admin","","","","","","","","","","","","","","-19727498.83","385.01","-1.3","-4.3","13.61","75.86","5.82","SciCam","/SciCam.20260809_201355283.jpg","PilotCam","/PilotCam.20260809_201355283.jpg","BrowCam","/BrowCam.20260809_201355283.jpg","UserSelect","/UserSelect.20260809_201355283.jpg","","","-999.99","8.10","-999.99","-999.99","6a78df833a81d30014ed2045"
"2026-08-09T20:14:25.328Z","-20.3165301","-365.0363577","ASNAP","","admin","","","","","","","","","","","","","","-19727504.05","384.13","-0.3","-6.6","78.54","79.39","2.43","SciCam","/SciCam.20260809_201425328.jpg","PilotCam","/PilotCam.20260809_201425328.jpg","BrowCam","/BrowCam.20260809_201425328.jpg","UserSelect","/UserSelect.20260809_201425328.jpg","","","-999.99","8.15","-999.99","-999.99","6a78dfa13a81d30014ed2049"
"2026-08-09T20:14:55.348Z","-20.3165271","-365.0363009","ASNAP","","admin","","","","","","","","","","","","","","-19727498.12","384.46","-0.5","-5.6","68.08","79.67","2.10","SciCam","/SciCam.20260809_201455348.jpg","PilotCam","/PilotCam.20260809_201455348.jpg","BrowCam","/BrowCam.20260809_201455348.jpg","UserSelect","/UserSelect.20260809_201455348.jpg","","","-999.99","8.14","-999.99","-999.99","6a78dfbf3a81d30014ed204d"
"2026-08-09T20:14:56.122Z","-20.3165269","-365.0362985","Biology Type","flatfish","guest","","","","","","","","","","","","","","-19727497.87","384.48","-0.8","-5.8","68.30","79.69","2.13","SciCam","/SciCam.20260809_201456122.jpg","BrowCam","/BrowCam.20260809_201456122.jpg","UserSelect","/UserSelect.20260809_201456122.jpg","","","","","-999.99","8.16","-999.99","-999.99","6a78dfc03a81d30014ed2051"
"2026-08-09T20:15:22.614Z","-20.3165097","-365.0362493","Biology Type","","guest","","","","","","","","Seastar","","","","","","-19727492.73","386.39","-1.6","-5.9","50.92","79.64","2.18","SciCam","/SciCam.20260809_201522614.jpg","PilotCam","/PilotCam.20260809_201522614.jpg","BrowCam","/BrowCam.20260809_201522614.jpg","UserSelect","/UserSelect.20260809_201522614.jpg","","","-999.99","8.14","-999.99","-999.99","6a78dfda3a81d30014ed2055"
"2026-08-09T20:15:25.381Z","-20.3165071","-365.0362484","ASNAP","","admin","","","","","","","","","","","","","","-19727492.63","386.67","-0.5","-5.5","48.12","79.87","2.05","SciCam","/SciCam.20260809_201525381.jpg","PilotCam","/PilotCam.20260809_201525381.jpg","BrowCam","/BrowCam.20260809_201525381.jpg","UserSelect","/UserSelect.20260809_201525381.jpg","","","-999.99","8.11","-999.99","-999.99","6a78dfdd3a81d30014ed2059"
"2026-08-09T20:15:55.407Z","-20.3165049","-365.0362395","ASNAP","","admin","","","","","","","","","","","","","","-19727491.71","386.92","-0.6","-3.4","45.43","80.65","1.01","SciCam","/SciCam.20260809_201555407.jpg","PilotCam","/PilotCam.20260809_201555407.jpg","BrowCam","/BrowCam.20260809_201555407.jpg","UserSelect","/UserSelect.20260809_201555407.jpg","","","-999.99","8.14","-999.99","-999.99","6a78dffb3a81d30014ed205d"
"2026-08-09T20:16:18.935Z","-20.3165047","-365.0362398","VEHICLE","","guest","","","","On bottom","","","","","","","","","","-19727491.74","386.94","-0.6","-3.9","45.43","80.65","1.01","SciCam","/SciCam.20260809_201618935.jpg","PilotCam","/PilotCam.20260809_201618935.jpg","BrowCam","/BrowCam.20260809_201618935.jpg","UserSelect","/UserSelect.20260809_201618935.jpg","","","-999.99","8.16","-999.99","-999.99","6a78e0123a81d30014ed2065"
"2026-08-09T20:16:25.452Z","-20.3165046","-365.0362399","ASNAP","","admin","","","","","","","","","","","","","","-19727491.75","386.95","-0.6","-3.9","45.43","80.71","1.01","SciCam","/SciCam.20260809_201625452.jpg","PilotCam","/PilotCam.20260809_201625452.jpg","BrowCam","/BrowCam.20260809_201625452.jpg","UserSelect","/UserSelect.20260809_201625452.jpg","","","-999.99","8.15","-999.99","-999.99","6a78e0193a81d30014ed2069"
"2026-08-09T20:16:55.494Z","-20.3165062","-365.0362436","ASNAP","","admin","","","","","","","","","","","","","","-19727492.13","386.77","-1.1","-4.1","49.80","80.68","1.01","SciCam","/SciCam.20260809_201655494.jpg","PilotCam","/PilotCam.20260809_201655494.jpg","BrowCam","/BrowCam.20260809_201655494.jpg","UserSelect","/UserSelect.20260809_201655494.jpg","","","-999.99","8.08","-999.99","-999.99","6a78e0373a81d30014ed206d"
"2026-08-09T20:17:09.000Z","","","SulisCam","","admin","","","","","","","","","sulis_20260809201709.jpg","","","","","","","","","","","","","","","","","","","","355.719","358.820","","","","","6a7ce5f03a81d30014ed79e0"
"2026-08-09T20:17:11.736Z","-20.3165062","-365.0362436","ROV Actions","opening door of instrument","guest","","","","","","(Starboard) Manipulator in use","","","","","","","","-19727492.13","386.77","-1.2","-4.5","49.70","80.64","1.01","SciCam","/SciCam.20260809_201711736.jpg","PilotCam","/PilotCam.20260809_201711736.jpg","BrowCam","/BrowCam.20260809_201711736.jpg","UserSelect","/UserSelect.20260809_201711736.jpg","","","-999.99","8.09","-999.99","-999.99","6a78e0473a81d30014ed2071"
"2026-08-09T20:17:25.538Z","-20.3165060","-365.0362437","ASNAP","","admin","","","","","","","","","","","","","","-19727492.14","386.79","-1.3","-4.4","49.08","80.64","1.01","SciCam","/SciCam.20260809_201725538.jpg","PilotCam","/PilotCam.20260809_201725538.jpg","BrowCam","/BrowCam.20260809_201725538.jpg","UserSelect","/UserSelect.20260809_201725538.jpg","","","-999.99","8.13","-999.99","-999.99","6a78e0553a81d30014ed2075"
"2026-08-09T20:17:53.305Z","-20.3165051","-365.0362430","Biology Type","white anemone ","guest","","","","","","","","Anemone","","","","","","-19727492.07","386.90","-1.0","-4.5","44.27","80.68","1.01","SciCam","/SciCam.20260809_201753305.jpg","PilotCam","/PilotCam.20260809_201753305.jpg","BrowCam","/BrowCam.20260809_201753305.jpg","UserSelect","/UserSelect.20260809_201753305.jpg","","","-999.99","8.13","-999.99","-999.99","6a78e0713a81d30014ed2079"
"2026-08-09T20:17:55.581Z","-20.3165050","-365.0362430","ASNAP","","admin","","","","","","","","","","","","","","-19727492.07","386.91","-1.0","-4.5","44.30","80.69","1.01","SciCam","/SciCam.20260809_201755581.jpg","PilotCam","/PilotCam.20260809_201755581.jpg","BrowCam","/BrowCam.20260809_201755581.jpg","UserSelect","/UserSelect.20260809_201755581.jpg","","","-999.99","8.16","-999.99","-999.99","6a78e0733a81d30014ed207d"
"2026-08-09T20:18:02.000Z","","","SulisCam","","admin","","","","","","","","","sulis_20260809201802.jpg","","","","","","","","","","","","","","","","","","","","355.752","359.037","","","","","6a7ce5f03a81d30014ed79e2"
"2026-08-09T20:18:25.602Z","-20.3165032","-365.0362431","ASNAP","","admin","","","","","","","","","","","","","","-19727492.08","387.11","-0.7","-3.7","37.41","80.69","1.01","SciCam","/SciCam.20260809_201825602.jpg","PilotCam","/PilotCam.20260809_201825602.jpg","BrowCam","/BrowCam.20260809_201825602.jpg","UserSelect","/UserSelect.20260809_201825602.jpg","","","-999.99","8.16","-999.99","-999.99","6a78e0913a81d30014ed2081"
"2026-08-09T20:18:55.647Z","-20.3165051","-365.0362460","ASNAP","","admin","","","","","","","","","","","","","","-19727492.38","386.90","-1.5","-2.3","47.18","80.64","0.95","SciCam","/SciCam.20260809_201855647.jpg","PilotCam","/PilotCam.20260809_201855647.jpg","BrowCam","/BrowCam.20260809_201855647.jpg","UserSelect","/UserSelect.20260809_201855647.jpg","","","-999.99","8.15","-999.99","-999.99","6a78e0af3a81d30014ed2085"
"2026-08-09T20:19:17.000Z","","","SulisCam","","admin","","","","","","","","","sulis_20260809201917.jpg","","","","","","","","","","","","","","","","","","","","358.395","358.450","","","","","6a7ce5f03a81d30014ed79e4"
"2026-08-09T20:19:25.669Z","-20.3165051","-365.0362463","ASNAP","","admin","","","","","","","","","","","","","","-19727492.42","386.90","-1.4","-1.9","46.97","80.69","0.93","SciCam","/SciCam.20260809_201925669.jpg","PilotCam","/PilotCam.20260809_201925669.jpg","BrowCam","/BrowCam.20260809_201925669.jpg","UserSelect","/UserSelect.20260809_201925669.jpg","","","-999.99","8.14","-999.99","-999.99","6a78e0cd3a81d30014ed2089"
"2026-08-09T20:19:31.271Z","-20.3165051","-365.0362465","ROV Actions","let go of door","guest","","","","","","(Starboard) Manipulator in use","","","","","","","","-19727492.44","386.90","-1.4","-1.9","46.99","80.68","0.93","SciCam","/SciCam.20260809_201931271.jpg","PilotCam","/PilotCam.20260809_201931271.jpg","BrowCam","/BrowCam.20260809_201931271.jpg","UserSelect","/UserSelect.20260809_201931271.jpg","","","-999.99","8.15","-999.99","-999.99","6a78e0d33a81d30014ed208d"
"2026-08-09T20:19:36.000Z","","","SulisCam","","admin","","","","","","","","","sulis_20260809201936.jpg","","","","","","","","","","","","","","","","","","","","358.100","358.590","","","","","6a7ce5f03a81d30014ed79e6"
"2026-08-09T20:19:55.693Z","-20.3165047","-365.0362470","ASNAP","","admin","","","","","","","","","","","","","","-19727492.49","386.94","-1.4","-1.9","46.84","80.67","0.93","SciCam","/SciCam.20260809_201955693.jpg","PilotCam","/PilotCam.20260809_201955693.jpg","BrowCam","/BrowCam.20260809_201955693.jpg","UserSelect","/UserSelect.20260809_201955693.jpg","","","-999.99","8.14","-999.99","-999.99","6a78e0eb3a81d30014ed2091"
"2026-08-09T20:19:58.527Z","-20.3165044","-365.0362472","ROV Actions","safety latch locked","guest","","","","","Door not fully locking, could be a seastar preventing the door from fully closing","(Starboard) Manipulator in use","","","","","","","","-19727492.51","386.97","-1.3","-2.1","45.70","80.66","0.93","SciCam","/SciCam.20260809_201958527.jpg","PilotCam","/PilotCam.20260809_201958527.jpg","BrowCam","/BrowCam.20260809_201958527.jpg","UserSelect","/UserSelect.20260809_201958527.jpg","","","-999.99","8.11","-999.99","-999.99","6a78e0ee3a81d30014ed2095"
"2026-08-09T20:20:25.737Z","-20.3165041","-365.0362465","ASNAP","","admin","","","","","","","","","","","","","","-19727492.44","387.01","-1.1","-2.6","42.74","80.68","1.01","SciCam","/SciCam.20260809_202025737.jpg","PilotCam","/PilotCam.20260809_202025737.jpg","BrowCam","/BrowCam.20260809_202025737.jpg","UserSelect","/UserSelect.20260809_202025737.jpg","","","-999.99","8.19","-999.99","-999.99","6a78e1093a81d30014ed2099"
"2026-08-09T20:20:55.762Z","-20.3165034","-365.0362462","ASNAP","","admin","","","","","","","","","","","","","","-19727492.41","387.08","-0.9","-3.2","40.74","80.65","0.98","SciCam","/SciCam.20260809_202055762.jpg","PilotCam","/PilotCam.20260809_202055762.jpg","BrowCam","/BrowCam.20260809_202055762.jpg","UserSelect","/UserSelect.20260809_202055762.jpg","","","-999.99","8.12","-999.99","-999.99","6a78e1273a81d30014ed209d"
"2026-08-09T20:21:25.808Z","-20.3165034","-365.0362464","ASNAP","","admin","","","","","","","","","","","","","","-19727492.43","387.08","-0.9","-3.3","40.74","80.69","0.98","SciCam","/SciCam.20260809_202125808.jpg","PilotCam","/PilotCam.20260809_202125808.jpg","BrowCam","/BrowCam.20260809_202125808.jpg","UserSelect","/UserSelect.20260809_202125808.jpg","","","-999.99","8.12","-999.99","-999.99","6a78e1453a81d30014ed20a1"
"2026-08-09T20:21:55.853Z","-20.3165032","-365.0362461","ASNAP","","admin","","","","","","","","","","","","","","-19727492.39","387.11","-0.9","-3.3","40.76","80.68","1.01","SciCam","/SciCam.20260809_202155853.jpg","PilotCam","/PilotCam.20260809_202155853.jpg","BrowCam","/BrowCam.20260809_202155853.jpg","UserSelect","/UserSelect.20260809_202155853.jpg","","","-999.99","8.17","-999.99","-999.99","6a78e1633a81d30014ed20a5"
"2026-08-09T20:22:25.900Z","-20.3165036","-365.0362467","ASNAP","","admin","","","","","","","","","","","","","","-19727492.46","387.06","-2.0","-0.7","43.11","80.66","0.90","SciCam","/SciCam.20260809_202225900.jpg","PilotCam","/PilotCam.20260809_202225900.jpg","BrowCam","/BrowCam.20260809_202225900.jpg","UserSelect","/UserSelect.20260809_202225900.jpg","","","-999.99","8.13","-999.99","-999.99","6a78e1813a81d30014ed20a9"
"2026-08-09T20:22:46.243Z","-20.3165037","-365.0362472","Biology Type","big fish inside instrument","guest","","","","","","","","","","","","","","-19727492.51","387.05","-1.2","-2.8","44.82","80.71","0.98","SciCam","/SciCam.20260809_202246243.jpg","PilotCam","/PilotCam.20260809_202246243.jpg","BrowCam","/BrowCam.20260809_202246243.jpg","UserSelect","/UserSelect.20260809_202246243.jpg","","","-999.99","8.13","-999.99","-999.99","6a78e1963a81d30014ed20ad"
"2026-08-09T20:22:55.946Z","-20.3165036","-365.0362468","ASNAP","","admin","","","","","","","","","","","","","","-19727492.47","387.06","-1.2","-2.8","44.82","80.66","0.95","SciCam","/SciCam.20260809_202255946.jpg","PilotCam","/PilotCam.20260809_202255946.jpg","BrowCam","/BrowCam.20260809_202255946.jpg","UserSelect","/UserSelect.20260809_202255946.jpg","","","-999.99","8.14","-999.99","-999.99","6a78e19f3a81d30014ed20b1"
"2026-08-09T20:23:07.061Z","-20.3165035","-365.0362470","ROV Actions","Retrying safety latch","guest","","","","","","(Starboard) Manipulator in use","","","","","","","","-19727492.49","387.07","-1.2","-2.9","44.82","80.70","0.98","SciCam","/SciCam.20260809_202307061.jpg","PilotCam","/PilotCam.20260809_202307061.jpg","BrowCam","/BrowCam.20260809_202307061.jpg","UserSelect","/UserSelect.20260809_202307061.jpg","","","-999.99","8.17","-999.99","-999.99","6a78e1ab3a81d30014ed20b5"
"2026-08-09T20:23:25.989Z","-20.3165031","-365.0362464","ASNAP","","admin","","","","","","","","","","","","","","-19727492.43","387.12","-1.0","-3.6","42.20","80.70","1.01","SciCam","/SciCam.20260809_202325989.jpg","PilotCam","/PilotCam.20260809_202325989.jpg","BrowCam","/BrowCam.20260809_202325989.jpg","UserSelect","/UserSelect.20260809_202325989.jpg","","","-999.99","8.15","-999.99","-999.99","6a78e1bd3a81d30014ed20b9"
"2026-08-09T20:23:37.466Z","-20.3165029","-365.0362468","ROV Actions","let go of safety latch (couldnt close)","guest","","","","","","(Starboard) Manipulator in use","","","","","","","","-19727492.47","387.14","-1.0","-3.3","42.37","80.68","0.98","SciCam","/SciCam.20260809_202337466.jpg","PilotCam","/PilotCam.20260809_202337466.jpg","BrowCam","/BrowCam.20260809_202337466.jpg","UserSelect","/UserSelect.20260809_202337466.jpg","","","-999.99","8.16","-999.99","-999.99","6a78e1c93a81d30014ed20bd"
"2026-08-09T20:23:56.034Z","-20.3165028","-365.0362470","ASNAP","","admin","","","","","","","","","","","","","","-19727492.49","387.15","-1.0","-3.3","42.38","80.66","0.98","SciCam","/SciCam.20260809_202356034.jpg","PilotCam","/PilotCam.20260809_202356034.jpg","BrowCam","/BrowCam.20260809_202356034.jpg","UserSelect","/UserSelect.20260809_202356034.jpg","","","-999.99","8.13","-999.99","-999.99","6a78e1dc3a81d30014ed20c1"
"2026-08-09T20:24:26.079Z","-20.3165024","-365.0362476","ASNAP","","admin","","","","","","","","","","","","","","-19727492.55","387.19","-1.0","-3.3","42.39","80.64","1.01","SciCam","/SciCam.20260809_202426079.jpg","PilotCam","/PilotCam.20260809_202426079.jpg","BrowCam","/BrowCam.20260809_202426079.jpg","UserSelect","/UserSelect.20260809_202426079.jpg","","","-999.99","8.15","-999.99","-999.99","6a78e1fa3a81d30014ed20c5"
"2026-08-09T20:24:56.124Z","-20.3165014","-365.0362495","ASNAP","","admin","","","","","","","","","","","","","","-19727492.75","387.31","-1.2","-2.0","53.44","80.59","1.01","SciCam","/SciCam.20260809_202456124.jpg","PilotCam","/PilotCam.20260809_202456124.jpg","BrowCam","/BrowCam.20260809_202456124.jpg","UserSelect","/UserSelect.20260809_202456124.jpg","","","-999.99","8.11","-999.99","-999.99","6a78e2183a81d30014ed20c9"
"2026-08-09T20:25:26.169Z","-20.3165013","-365.0362505","ASNAP","","admin","","","","","","","","","","","","","","-19727492.85","387.32","-1.1","-2.6","53.48","80.64","1.01","SciCam","/SciCam.20260809_202526169.jpg","PilotCam","/PilotCam.20260809_202526169.jpg","BrowCam","/BrowCam.20260809_202526169.jpg","UserSelect","/UserSelect.20260809_202526169.jpg","","","-999.99","8.13","-999.99","-999.99","6a78e2363a81d30014ed20cd"
"2026-08-09T20:25:38.509Z","-20.3165011","-365.0362508","ROV Actions","Opening door of instrument","guest","","","","","First atttempt arm couldnt reach","(Port) Manipulator in use","","","","","","","","-19727492.89","387.34","-1.1","-2.7","53.49","80.60","1.01","SciCam","/SciCam.20260809_202538509.jpg","PilotCam","/PilotCam.20260809_202538509.jpg","BrowCam","/BrowCam.20260809_202538509.jpg","UserSelect","/UserSelect.20260809_202538509.jpg","","","-999.99","8.15","-999.99","-999.99","6a78e2423a81d30014ed20d1"
"2026-08-09T20:25:41.000Z","","","SulisCam","","admin","","","","","","","","","sulis_20260809202541.jpg","","","","","","","","","","","","","","","","","","","","357.277","358.950","","","","","6a7ce5f03a81d30014ed79e8"
"2026-08-09T20:25:56.214Z","-20.3165012","-365.0362508","ASNAP","","admin","","","","","","","","","","","","","","-19727492.89","387.33","-1.0","-2.7","53.48","80.65","1.01","SciCam","/SciCam.20260809_202556214.jpg","PilotCam","/PilotCam.20260809_202556214.jpg","BrowCam","/BrowCam.20260809_202556214.jpg","UserSelect","/UserSelect.20260809_202556214.jpg","","","-999.99","8.17","-999.99","-999.99","6a78e2543a81d30014ed20d5"
"2026-08-09T20:26:26.237Z","-20.3165029","-365.0362484","ASNAP","","admin","","","","","","","","","","","","","","-19727492.64","387.14","-1.3","-2.1","50.23","80.68","0.93","SciCam","/SciCam.20260809_202626237.jpg","PilotCam","/PilotCam.20260809_202626237.jpg","BrowCam","/BrowCam.20260809_202626237.jpg","UserSelect","/UserSelect.20260809_202626237.jpg","","","-999.99","8.16","-999.99","-999.99","6a78e2723a81d30014ed20d9"
"2026-08-09T20:26:56.278Z","-20.3165027","-365.0362485","ASNAP","","admin","","","","","","","","","","","","","","-19727492.65","387.16","-1.2","-2.7","50.25","80.63","0.98","SciCam","/SciCam.20260809_202656278.jpg","PilotCam","/PilotCam.20260809_202656278.jpg","BrowCam","/BrowCam.20260809_202656278.jpg","UserSelect","/UserSelect.20260809_202656278.jpg","","","-999.99","8.17","-999.99","-999.99","6a78e2903a81d30014ed20dd"
"2026-08-09T20:27:15.796Z","-20.3165026","-365.0362487","ROV Actions","opening door to instrument","guest","","","","","","(Port) Manipulator in use","","","","","","","","-19727492.67","387.17","-1.3","-2.8","52.87","80.61","0.98","SciCam","/SciCam.20260809_202715796.jpg","PilotCam","/PilotCam.20260809_202715796.jpg","BrowCam","/BrowCam.20260809_202715796.jpg","UserSelect","/UserSelect.20260809_202715796.jpg","","","-999.99","8.11","-999.99","-999.99","6a78e2a33a81d30014ed20e1"
"2026-08-09T20:27:26.323Z","-20.3165045","-365.0362487","ASNAP","","admin","","","","","","","","","","","","","","-19727492.67","386.96","-1.4","-2.9","63.61","80.72","1.01","SciCam","/SciCam.20260809_202726323.jpg","PilotCam","/PilotCam.20260809_202726323.jpg","BrowCam","/BrowCam.20260809_202726323.jpg","UserSelect","/UserSelect.20260809_202726323.jpg","","","-999.99","8.14","-999.99","-999.99","6a78e2ae3a81d30014ed20e5"
"2026-08-09T20:27:27.000Z","","","SulisCam","","admin","","","","","","","","","sulis_20260809202727.jpg","","","","","","","","","","","","","","","","","","","","357.211","358.547","","","","","6a7ce5f03a81d30014ed79ea"
"2026-08-09T20:27:56.368Z","-20.3164978","-365.0362596","ASNAP","","admin","","","","","","","","","","","","","","-19727493.80","387.70","-2.2","-1.6","78.13","80.70","0.95","SciCam","/SciCam.20260809_202756368.jpg","PilotCam","/PilotCam.20260809_202756368.jpg","BrowCam","/BrowCam.20260809_202756368.jpg","UserSelect","/UserSelect.20260809_202756368.jpg","","","-999.99","8.16","-999.99","-999.99","6a78e2cc3a81d30014ed20e9"
"2026-08-09T20:28:07.440Z","-20.3164979","-365.0362593","ROV Actions","Let go of instrument door","guest","","","","","","(Port) Manipulator in use","","","","","","","","-19727493.77","387.69","-2.4","-2.0","80.11","80.62","1.01","SciCam","/SciCam.20260809_202807440.jpg","PilotCam","/PilotCam.20260809_202807440.jpg","BrowCam","/BrowCam.20260809_202807440.jpg","UserSelect","/UserSelect.20260809_202807440.jpg","","","-999.99","8.08","-999.99","-999.99","6a78e2d73a81d30014ed20ed"
"2026-08-09T20:28:24.000Z","","","SulisCam","","admin","","","","","","","","","sulis_20260809202824.jpg","","","","","","","","","","","","","","","","","","","","357.866","357.587","","","","","6a7ce5f03a81d30014ed79ec"
"2026-08-09T20:28:24.190Z","-20.3164977","-365.0362589","ROV Actions","Pulling safety latch","guest","","","","","","(Port) Manipulator in use","","","","","","","","-19727493.73","387.71","-2.4","-2.1","80.04","80.58","0.98","SciCam","/SciCam.20260809_202824190.jpg","PilotCam","/PilotCam.20260809_202824190.jpg","BrowCam","/BrowCam.20260809_202824190.jpg","UserSelect","/UserSelect.20260809_202824190.jpg","","","-999.99","8.10","-999.99","-999.99","6a78e2e83a81d30014ed20f1"
"2026-08-09T20:28:26.409Z","-20.3164977","-365.0362588","ASNAP","","admin","","","","","","","","","","","","","","-19727493.72","387.71","-2.4","-2.2","80.05","80.63","0.98","SciCam","/SciCam.20260809_202826409.jpg","PilotCam","/PilotCam.20260809_202826409.jpg","BrowCam","/BrowCam.20260809_202826409.jpg","UserSelect","/UserSelect.20260809_202826409.jpg","","","-999.99","8.18","-999.99","-999.99","6a78e2ea3a81d30014ed20f5"
"2026-08-09T20:28:56.454Z","-20.3164980","-365.0362583","ASNAP","","admin","","","","","","","","","","","","","","-19727493.67","387.68","-2.6","-4.2","83.72","80.63","1.03","SciCam","/SciCam.20260809_202856454.jpg","PilotCam","/PilotCam.20260809_202856454.jpg","BrowCam","/BrowCam.20260809_202856454.jpg","UserSelect","/UserSelect.20260809_202856454.jpg","","","-999.99","8.14","-999.99","-999.99","6a78e3083a81d30014ed20f9"
"2026-08-09T20:29:26.470Z","-20.3164980","-365.0362581","ASNAP","","admin","","","","","","","","","","","","","","-19727493.65","387.68","-2.5","-3.8","83.53","80.73","1.01","SciCam","/SciCam.20260809_202926470.jpg","PilotCam","/PilotCam.20260809_202926470.jpg","BrowCam","/BrowCam.20260809_202926470.jpg","UserSelect","/UserSelect.20260809_202926470.jpg","","","-999.99","8.16","-999.99","-999.99","6a78e3263a81d30014ed20fd"
"2026-08-09T20:29:39.097Z","-20.3164983","-365.0362578","ROV Actions","successfully locked safety latch","guest","","","","","","(Port) Manipulator in use","","","","","","","","-19727493.62","387.65","-2.6","-3.8","84.06","80.76","1.03","SciCam","/SciCam.20260809_202939097.jpg","PilotCam","/PilotCam.20260809_202939097.jpg","BrowCam","/BrowCam.20260809_202939097.jpg","UserSelect","/UserSelect.20260809_202939097.jpg","","","-999.99","8.11","-999.99","-999.99","6a78e3333a81d30014ed2101"
"2026-08-09T20:29:56.516Z","-20.3164982","-365.0362576","ASNAP","","admin","","","","","","","","","","","","","","-19727493.60","387.66","-2.4","-3.4","83.26","80.75","0.98","SciCam","/SciCam.20260809_202956516.jpg","PilotCam","/PilotCam.20260809_202956516.jpg","BrowCam","/BrowCam.20260809_202956516.jpg","UserSelect","/UserSelect.20260809_202956516.jpg","","","-999.99","8.15","-999.99","-999.99","6a78e3443a81d30014ed2105"
"2026-08-09T20:30:26.549Z","-20.3165111","-365.0362470","ASNAP","","admin","","","","","","","","","","","","","","-19727492.49","386.23","-2.1","-5.3","55.70","80.17","1.47","SciCam","/SciCam.20260809_203026549.jpg","PilotCam","/PilotCam.20260809_203026549.jpg","BrowCam","/BrowCam.20260809_203026549.jpg","UserSelect","/UserSelect.20260809_203026549.jpg","","","-999.99","8.13","-999.99","-999.99","6a78e3623a81d30014ed2109"
"2026-08-09T20:30:56.593Z","-20.3165079","-365.0362380","ASNAP","","admin","","","","","","","","","","","","","","-19727491.55","386.58","-0.8","-2.9","46.84","80.52","1.01","SciCam","/SciCam.20260809_203056593.jpg","PilotCam","/PilotCam.20260809_203056593.jpg","BrowCam","/BrowCam.20260809_203056593.jpg","UserSelect","/UserSelect.20260809_203056593.jpg","","","-999.99","8.16","-999.99","-999.99","6a78e3803a81d30014ed210d"
"2026-08-09T20:31:13.543Z","-20.3165079","-365.0362381","ROV Actions","closing door","guest","","","","","","(Starboard) Manipulator in use","","","","","","","","-19727491.56","386.59","-0.9","-3.1","47.17","80.53","1.01","SciCam","/SciCam.20260809_203113543.jpg","PilotCam","/PilotCam.20260809_203113543.jpg","BrowCam","/BrowCam.20260809_203113543.jpg","UserSelect","/UserSelect.20260809_203113543.jpg","","","-999.99","8.14","-999.99","-999.99","6a78e3913a81d30014ed2111"
"2026-08-09T20:31:26.626Z","-20.3165079","-365.0362380","ASNAP","","admin","","","","","","","","","","","","","","-19727491.55","386.58","-0.9","-3.2","47.27","80.62","1.01","SciCam","/SciCam.20260809_203126626.jpg","PilotCam","/PilotCam.20260809_203126626.jpg","BrowCam","/BrowCam.20260809_203126626.jpg","UserSelect","/UserSelect.20260809_203126626.jpg","","","-999.99","8.15","-999.99","-999.99","6a78e39e3a81d30014ed2115"
"2026-08-09T20:31:32.278Z","-20.3165079","-365.0362379","Biology Type","was likely blocking instrument door from locking","guest","","","","","","","","Seastar","","","","","","-19727491.54","386.58","-0.9","-3.1","47.30","80.51","1.01","SciCam","/SciCam.20260809_203132278.jpg","PilotCam","/PilotCam.20260809_203132278.jpg","BrowCam","/BrowCam.20260809_203132278.jpg","UserSelect","/UserSelect.20260809_203132278.jpg","","","-999.99","8.15","-999.99","-999.99","6a78e3a43a81d30014ed2119"
"2026-08-09T20:31:56.654Z","-20.3165042","-365.0362352","ASNAP","","admin","","","","","","","","","","","","","","-19727491.26","387.00","-2.0","-6.8","57.00","79.09","2.54","SciCam","/SciCam.20260809_203156654.jpg","PilotCam","/PilotCam.20260809_203156654.jpg","BrowCam","/BrowCam.20260809_203156654.jpg","UserSelect","/UserSelect.20260809_203156654.jpg","","","-999.99","8.16","-999.99","-999.99","6a78e3bc3a81d30014ed211d"
"2026-08-09T20:32:26.698Z","-20.3164687","-365.0361967","ASNAP","","admin","","","","","","","","","","","","","","-19727487.24","390.92","-1.9","-5.9","205.80","78.26","3.56","SciCam","/SciCam.20260809_203226698.jpg","PilotCam","/PilotCam.20260809_203226698.jpg","BrowCam","/BrowCam.20260809_203226698.jpg","UserSelect","/UserSelect.20260809_203226698.jpg","","","-999.99","8.12","-999.99","-999.99","6a78e3da3a81d30014ed2121"
"2026-08-09T20:32:56.743Z","-20.3164532","-365.0361791","ASNAP","","admin","","","","","","","","","","","","","","-19727485.40","392.64","-1.2","-5.4","96.93","78.44","3.33","SciCam","/SciCam.20260809_203256743.jpg","PilotCam","/PilotCam.20260809_203256743.jpg","BrowCam","/BrowCam.20260809_203256743.jpg","UserSelect","/UserSelect.20260809_203256743.jpg","","","-999.99","8.12","-999.99","-999.99","6a78e3f83a81d30014ed2125"
"2026-08-09T20:33:26.784Z","-20.3164688","-365.0361846","ASNAP","","admin","","","","","","","","","","","","","","-19727485.97","390.91","-1.1","-5.4","222.16","79.44","2.54","SciCam","/SciCam.20260809_203326784.jpg","PilotCam","/PilotCam.20260809_203326784.jpg","BrowCam","/BrowCam.20260809_203326784.jpg","UserSelect","/UserSelect.20260809_203326784.jpg","","","-999.99","8.17","-999.99","-999.99","6a78e4163a81d30014ed2129"
"2026-08-09T20:33:31.000Z","","","SulisCam","","admin","","","","","","","","","sulis_20260809203331.jpg","","","","","","","","","","","","","","","","","","","","355.141","236.921","","","","","6a7ce5f03a81d30014ed79ee"
"2026-08-09T20:33:32.000Z","","","SulisCam","","admin","","","","","","","","","sulis_20260809203332.jpg","","","","","","","","","","","","","","","","","","","","355.274","123.239","","","","","6a7ce5f03a81d30014ed79f0"
"2026-08-09T20:33:56.829Z","-20.3164821","-365.0361931","ASNAP","","admin","","","","","","","","","","","","","","-19727486.86","389.44","-0.2","-1.6","224.66","80.67","1.01","SciCam","/SciCam.20260809_203356829.jpg","PilotCam","/PilotCam.20260809_203356829.jpg","BrowCam","/BrowCam.20260809_203356829.jpg","UserSelect","/UserSelect.20260809_203356829.jpg","","","-999.99","8.15","-999.99","-999.99","6a78e4343a81d30014ed212d"
"2026-08-09T20:34:16.501Z","-20.3164822","-365.0361934","ROV Actions","opening door to instrument","guest","","","","","","(Starboard) Manipulator in use","","","","","","","","-19727486.89","389.43","-0.3","-1.8","224.69","80.63","1.01","SciCam","/SciCam.20260809_203416501.jpg","PilotCam","/PilotCam.20260809_203416501.jpg","BrowCam","/BrowCam.20260809_203416501.jpg","UserSelect","/UserSelect.20260809_203416501.jpg","","","-999.99","8.16","-999.99","-999.99","6a78e4483a81d30014ed2131"
"2026-08-09T20:34:26.869Z","-20.3164824","-365.0361932","ASNAP","","admin","","","","","","","","","","","","","","-19727486.87","389.41","-0.3","-1.8","224.69","80.65","1.01","SciCam","/SciCam.20260809_203426869.jpg","PilotCam","/PilotCam.20260809_203426869.jpg","BrowCam","/BrowCam.20260809_203426869.jpg","UserSelect","/UserSelect.20260809_203426869.jpg","","","-999.99","8.14","-999.99","-999.99","6a78e4523a81d30014ed2135"
"2026-08-09T20:34:56.915Z","-20.3164795","-365.0361974","ASNAP","","admin","","","","","","","","","","","","","","-19727487.31","389.73","-3.7","-1.0","205.81","80.64","1.03","SciCam","/SciCam.20260809_203456915.jpg","PilotCam","/PilotCam.20260809_203456915.jpg","BrowCam","/BrowCam.20260809_203456915.jpg","UserSelect","/UserSelect.20260809_203456915.jpg","","","-999.99","8.13","-999.99","-999.99","6a78e4703a81d30014ed2139"
"2026-08-09T20:35:19.000Z","","","SulisCam","","admin","","","","","","","","","sulis_20260809203519.jpg","","","","","","","","","","","","","","","","","","","","358.969","359.960","","","","","6a7ce5f13a81d30014ed79f2"
"2026-08-09T20:35:24.266Z","-20.3164749","-365.0362057","ROV Actions","let go of instrument door successfully opened","guest","","","","","","(Starboard) Manipulator in use","","","","","","","","-19727488.18","390.24","-0.0","-1.0","206.06","80.64","0.98","SciCam","/SciCam.20260809_203524266.jpg","PilotCam","/PilotCam.20260809_203524266.jpg","BrowCam","/BrowCam.20260809_203524266.jpg","UserSelect","/UserSelect.20260809_203524266.jpg","","","-999.99","8.11","-999.99","-999.99","6a78e48c3a81d30014ed213d"
"2026-08-09T20:35:26.960Z","-20.3164750","-365.0362057","ASNAP","","admin","","","","","","","","","","","","","","-19727488.18","390.23","-0.0","-1.0","206.06","80.64","0.95","SciCam","/SciCam.20260809_203526960.jpg","PilotCam","/PilotCam.20260809_203526960.jpg","BrowCam","/BrowCam.20260809_203526960.jpg","UserSelect","/UserSelect.20260809_203526960.jpg","","","-999.99","8.15","-999.99","-999.99","6a78e48e3a81d30014ed2141"
"2026-08-09T20:35:46.447Z","-20.3164731","-365.0362065","Biology Type","","guest","","","","","","","","Anemone","","","","","","-19727488.26","390.44","-1.6","-4.7","212.01","80.58","1.03","SciCam","/SciCam.20260809_203546447.jpg","PilotCam","/PilotCam.20260809_203546447.jpg","BrowCam","/BrowCam.20260809_203546447.jpg","UserSelect","/UserSelect.20260809_203546447.jpg","","","-999.99","8.12","-999.99","-999.99","6a78e4a23a81d30014ed2145"
"2026-08-09T20:35:56.994Z","-20.3164780","-365.0362010","ASNAP","","admin","","","","","","","","","","","","","","-19727487.68","389.89","-1.6","-6.0","218.35","80.54","1.26","SciCam","/SciCam.20260809_203556994.jpg","PilotCam","/PilotCam.20260809_203556994.jpg","BrowCam","/BrowCam.20260809_203556994.jpg","UserSelect","/UserSelect.20260809_203556994.jpg","","","-999.99","8.10","-999.99","-999.99","6a78e4ac3a81d30014ed2149"
"2026-08-09T20:36:17.802Z","-20.3164805","-365.0361987","ROV Actions","locking safety latch","guest","","","","","","(Starboard) Manipulator in use","","","","","","","","-19727487.44","389.62","-0.2","-1.1","223.50","80.58","0.90","SciCam","/SciCam.20260809_203617802.jpg","PilotCam","/PilotCam.20260809_203617802.jpg","BrowCam","/BrowCam.20260809_203617802.jpg","UserSelect","/UserSelect.20260809_203617802.jpg","","","-999.99","8.17","-999.99","-999.99","6a78e4c13a81d30014ed214d"
"2026-08-09T20:36:27.038Z","-20.3164808","-365.0361986","ASNAP","","admin","","","","","","","","","","","","","","-19727487.43","389.58","-0.2","-0.9","222.24","80.63","0.93","SciCam","/SciCam.20260809_203627038.jpg","PilotCam","/PilotCam.20260809_203627038.jpg","BrowCam","/BrowCam.20260809_203627038.jpg","UserSelect","/UserSelect.20260809_203627038.jpg","","","-999.99","8.14","-999.99","-999.99","6a78e4cb3a81d30014ed2151"
"2026-08-09T20:36:36.570Z","-20.3164813","-365.0361986","ROV Actions","let go of safety latch unsuccessful ","guest","","","","","","(Starboard) Manipulator in use","","","","","","","","-19727487.43","389.53","-0.3","-1.2","219.18","80.61","0.90","SciCam","/SciCam.20260809_203636570.jpg","PilotCam","/PilotCam.20260809_203636570.jpg","BrowCam","/BrowCam.20260809_203636570.jpg","UserSelect","/UserSelect.20260809_203636570.jpg","","","-999.99","8.17","-999.99","-999.99","6a78e4d43a81d30014ed2155"
"2026-08-09T20:36:54.377Z","-20.3164810","-365.0361978","ROV Actions","locking safety latch","guest","","","","","","(Starboard) Manipulator in use","","","","","","","","-19727487.35","389.56","-0.3","-1.3","219.03","80.56","0.90","SciCam","/SciCam.20260809_203654377.jpg","PilotCam","/PilotCam.20260809_203654377.jpg","BrowCam","/BrowCam.20260809_203654377.jpg","UserSelect","/UserSelect.20260809_203654377.jpg","","","-999.99","8.16","-999.99","-999.99","6a78e4e63a81d30014ed2159"
"2026-08-09T20:36:57.083Z","-20.3164812","-365.0361983","ASNAP","","admin","","","","","","","","","","","","","","-19727487.40","389.54","-0.2","-1.4","218.41","80.56","0.95","SciCam","/SciCam.20260809_203657083.jpg","PilotCam","/PilotCam.20260809_203657083.jpg","BrowCam","/BrowCam.20260809_203657083.jpg","UserSelect","/UserSelect.20260809_203657083.jpg","","","-999.99","8.17","-999.99","-999.99","6a78e4e93a81d30014ed215d"
"2026-08-09T20:37:20.360Z","-20.3164809","-365.0361982","ROV Actions","let go of safety latch unsuccessful ","guest","","","","","","(Starboard) Manipulator in use","","","","","","","","-19727487.39","389.57","-0.2","-1.6","218.46","80.68","0.98","SciCam","/SciCam.20260809_203720360.jpg","PilotCam","/PilotCam.20260809_203720360.jpg","BrowCam","/BrowCam.20260809_203720360.jpg","UserSelect","/UserSelect.20260809_203720360.jpg","","","-999.99","8.17","-999.99","-999.99","6a78e5003a81d30014ed2161"
"2026-08-09T20:37:27.129Z","-20.3164808","-365.0361981","ASNAP","","admin","","","","","","","","","","","","","","-19727487.38","389.58","-0.2","-1.6","218.47","80.59","0.98","SciCam","/SciCam.20260809_203727129.jpg","PilotCam","/PilotCam.20260809_203727129.jpg","BrowCam","/BrowCam.20260809_203727129.jpg","UserSelect","/UserSelect.20260809_203727129.jpg","","","-999.99","8.14","-999.99","-999.99","6a78e5073a81d30014ed2165"
"2026-08-09T20:37:57.173Z","-20.3164822","-365.0361982","ASNAP","","admin","","","","","","","","","","","","","","-19727487.39","389.43","-0.2","-1.6","218.47","80.63","0.95","SciCam","/SciCam.20260809_203757173.jpg","PilotCam","/PilotCam.20260809_203757173.jpg","BrowCam","/BrowCam.20260809_203757173.jpg","UserSelect","/UserSelect.20260809_203757173.jpg","","","-999.99","8.20","-999.99","-999.99","6a78e5253a81d30014ed2169"
"2026-08-09T20:38:27.215Z","-20.3164826","-365.0361980","ASNAP","","admin","","","","","","","","","","","","","","-19727487.37","389.39","-0.2","-1.6","218.48","80.64","0.95","SciCam","/SciCam.20260809_203827215.jpg","PilotCam","/PilotCam.20260809_203827215.jpg","BrowCam","/BrowCam.20260809_203827215.jpg","UserSelect","/UserSelect.20260809_203827215.jpg","","","-999.99","8.15","-999.99","-999.99","6a78e5433a81d30014ed216d"
"2026-08-09T20:38:57.260Z","-20.3164831","-365.0361978","ASNAP","","admin","","","","","","","","","","","","","","-19727487.35","389.33","-0.2","-1.7","218.47","80.56","1.01","SciCam","/SciCam.20260809_203857260.jpg","PilotCam","/PilotCam.20260809_203857260.jpg","BrowCam","/BrowCam.20260809_203857260.jpg","UserSelect","/UserSelect.20260809_203857260.jpg","","","-999.99","8.16","-999.99","-999.99","6a78e5613a81d30014ed2171"
"2026-08-09T20:39:03.328Z","-20.3164832","-365.0361975","ROV Actions","Opening door to instrument","guest","","","","","","(Port) Manipulator in use","","","","","","","","-19727487.32","389.32","-0.2","-1.7","218.48","80.64","0.95","SciCam","/SciCam.20260809_203903328.jpg","PilotCam","/PilotCam.20260809_203903328.jpg","BrowCam","/BrowCam.20260809_203903328.jpg","UserSelect","/UserSelect.20260809_203903328.jpg","","","-999.99","8.13","-999.99","-999.99","6a78e5673a81d30014ed2175"
"2026-08-09T20:39:25.000Z","","","SulisCam","","admin","","","","","","","","","sulis_20260809203925.jpg","","","","","","","","","","","","","","","","","","","","358.333","359.717","","","","","6a7ce5f13a81d30014ed79f4"
"2026-08-09T20:39:27.277Z","-20.3164826","-365.0361974","ASNAP","","admin","","","","","","","","","","","","","","-19727487.31","389.39","-0.3","-1.7","223.24","80.59","0.95","SciCam","/SciCam.20260809_203927277.jpg","PilotCam","/PilotCam.20260809_203927277.jpg","BrowCam","/BrowCam.20260809_203927277.jpg","UserSelect","/UserSelect.20260809_203927277.jpg","","","-999.99","8.16","-999.99","-999.99","6a78e57f3a81d30014ed2179"
"2026-08-09T20:39:57.322Z","-20.3164887","-365.0361859","ASNAP","","admin","","","","","","","","","","","","","","-19727486.11","388.71","0.3","0.5","236.10","80.63","0.90","SciCam","/SciCam.20260809_203957322.jpg","PilotCam","/PilotCam.20260809_203957322.jpg","BrowCam","/BrowCam.20260809_203957322.jpg","UserSelect","/UserSelect.20260809_203957322.jpg","","","-999.99","8.14","-999.99","-999.99","6a78e59d3a81d30014ed217d"
"2026-08-09T20:40:03.034Z","-20.3164884","-365.0361861","ROV Actions","let go of door successfully opened","guest","","","","","","(Port) Manipulator in use","","","","","","","","-19727486.13","388.74","0.1","-0.1","236.14","80.57","0.90","SciCam","/SciCam.20260809_204003034.jpg","PilotCam","/PilotCam.20260809_204003034.jpg","BrowCam","/BrowCam.20260809_204003034.jpg","UserSelect","/UserSelect.20260809_204003034.jpg","","","-999.99","8.14","-999.99","-999.99","6a78e5a33a81d30014ed2181"
"2026-08-09T20:40:27.367Z","-20.3164884","-365.0361853","ASNAP","","admin","","","","","","","","","","","","","","-19727486.05","388.74","-0.0","-0.4","236.12","80.55","0.95","SciCam","/SciCam.20260809_204027367.jpg","PilotCam","/PilotCam.20260809_204027367.jpg","BrowCam","/BrowCam.20260809_204027367.jpg","UserSelect","/UserSelect.20260809_204027367.jpg","","","-999.99","8.14","-999.99","-999.99","6a78e5bb3a81d30014ed2185"
"2026-08-09T20:40:57.393Z","-20.3164888","-365.0361854","ASNAP","","admin","","","","","","","","","","","","","","-19727486.06","388.70","-0.0","-0.4","236.12","80.50","0.95","SciCam","/SciCam.20260809_204057393.jpg","PilotCam","/PilotCam.20260809_204057393.jpg","BrowCam","/BrowCam.20260809_204057393.jpg","UserSelect","/UserSelect.20260809_204057393.jpg","","","-999.99","8.14","-999.99","-999.99","6a78e5d93a81d30014ed2189"
"2026-08-09T20:41:27.437Z","-20.3164888","-365.0361852","ASNAP","","admin","","","","","","","","","","","","","","-19727486.04","388.70","-0.0","-0.4","236.12","80.63","0.90","SciCam","/SciCam.20260809_204127437.jpg","PilotCam","/PilotCam.20260809_204127437.jpg","BrowCam","/BrowCam.20260809_204127437.jpg","UserSelect","/UserSelect.20260809_204127437.jpg","","","-999.99","8.11","-999.99","-999.99","6a78e5f73a81d30014ed218d"
"2026-08-09T20:41:41.276Z","-20.3164886","-365.0361852","Biology Type","flat fish directly under rov","guest","","","","","","","","","","","","","","-19727486.04","388.72","-0.0","-0.4","236.12","80.63","0.90","SciCam","/SciCam.20260809_204141276.jpg","PilotCam","/PilotCam.20260809_204141276.jpg","BrowCam","/BrowCam.20260809_204141276.jpg","UserSelect","/UserSelect.20260809_204141276.jpg","","","-999.99","8.14","-999.99","-999.99","6a78e6053a81d30014ed2191"
"2026-08-09T20:41:57.477Z","-20.3164886","-365.0361852","ASNAP","","admin","","","","","","","","","","","","","","-19727486.04","388.72","-0.0","-0.4","236.12","80.62","0.90","SciCam","/SciCam.20260809_204157477.jpg","PilotCam","/PilotCam.20260809_204157477.jpg","BrowCam","/BrowCam.20260809_204157477.jpg","UserSelect","/UserSelect.20260809_204157477.jpg","","","-999.99","8.14","-999.99","-999.99","6a78e6153a81d30014ed2195"
"2026-08-09T20:41:58.000Z","","","SulisCam","","admin","","","","","","","","","sulis_20260809204158.jpg","","","","","","","","","","","","","","","","","","","","359.630","359.980","","","","","6a7ce5f13a81d30014ed79f6"
"2026-08-09T20:42:27.521Z","-20.3164526","-365.0361999","ASNAP","","admin","","","","","","","","","","","","","","-19727487.57","392.71","-1.4","-6.0","251.76","80.43","1.34","SciCam","/SciCam.20260809_204227521.jpg","PilotCam","/PilotCam.20260809_204227521.jpg","BrowCam","/BrowCam.20260809_204227521.jpg","UserSelect","/UserSelect.20260809_204227521.jpg","","","-999.99","8.16","-999.99","-999.99","6a78e6333a81d30014ed2199"
"2026-08-09T20:42:35.075Z","-20.3164533","-365.0361994","Biology Type","flatfish","guest","","","","","","","","","","","","","","-19727487.52","392.63","0.5","-1.7","251.35","80.65","1.06","SciCam","/SciCam.20260809_204235075.jpg","PilotCam","/PilotCam.20260809_204235075.jpg","BrowCam","/BrowCam.20260809_204235075.jpg","UserSelect","/UserSelect.20260809_204235075.jpg","","","-999.99","8.27","-999.99","-999.99","6a78e63b3a81d30014ed219d"
"2026-08-09T20:42:51.556Z","-20.3164528","-365.0362032","NAV","west 10 meters","guest","","","","","changed mind","","Ship moving","","","","","","","-19727487.91","392.68","-1.6","-6.0","237.56","80.24","1.47","SciCam","/SciCam.20260809_204251556.jpg","PilotCam","/PilotCam.20260809_204251556.jpg","BrowCam","/BrowCam.20260809_204251556.jpg","UserSelect","/UserSelect.20260809_204251556.jpg","","","-999.99","8.13","-999.99","-999.99","6a78e64b3a81d30014ed21a1"
"2026-08-09T20:42:57.565Z","-20.3164514","-365.0362024","ASNAP","","admin","","","","","","","","","","","","","","-19727487.83","392.84","-1.7","-5.8","245.17","80.10","1.72","SciCam","/SciCam.20260809_204257565.jpg","PilotCam","/PilotCam.20260809_204257565.jpg","BrowCam","/BrowCam.20260809_204257565.jpg","UserSelect","/UserSelect.20260809_204257565.jpg","","","-999.99","8.17","-999.99","-999.99","6a78e6513a81d30014ed21a5"
"2026-08-09T20:43:02.708Z","-20.3164526","-365.0362009","NAV","10 meters east","guest","","","","","","","Ship moving","","","","","","","-19727487.67","392.71","-1.5","-5.8","246.61","80.02","1.75","SciCam","/SciCam.20260809_204302708.jpg","PilotCam","/PilotCam.20260809_204302708.jpg","BrowCam","/BrowCam.20260809_204302708.jpg","UserSelect","/UserSelect.20260809_204302708.jpg","","","-999.99","8.13","-999.99","-999.99","6a78e6563a81d30014ed21a9"
"2026-08-09T20:43:27.610Z","-20.3164514","-365.0362022","ASNAP","","admin","","","","","","","","","","","","","","-19727487.81","392.84","-1.6","-5.4","246.85","80.48","1.36","SciCam","/SciCam.20260809_204327610.jpg","PilotCam","/PilotCam.20260809_204327610.jpg","BrowCam","/BrowCam.20260809_204327610.jpg","UserSelect","/UserSelect.20260809_204327610.jpg","","","-999.99","8.14","-999.99","-999.99","6a78e66f3a81d30014ed21ad"
"2026-08-09T20:43:57.654Z","-20.3164514","-365.0362127","ASNAP","","admin","","","","","","","","","","","","","","-19727488.91","392.84","1.1","-1.9","229.44","80.67","0.90","SciCam","/SciCam.20260809_204357654.jpg","PilotCam","/PilotCam.20260809_204357654.jpg","BrowCam","/BrowCam.20260809_204357654.jpg","UserSelect","/UserSelect.20260809_204357654.jpg","","","-999.99","8.17","-999.99","-999.99","6a78e68d3a81d30014ed21b1"
"2026-08-09T20:44:16.785Z","-20.3164512","-365.0362124","ROV Actions","grabbing onto new instrument frame","guest","","","","","","(Starboard) Manipulator in use","","","","","","","","-19727488.88","392.86","0.4","-1.9","230.74","80.71","0.95","SciCam","/SciCam.20260809_204416785.jpg","PilotCam","/PilotCam.20260809_204416785.jpg","BrowCam","/BrowCam.20260809_204416785.jpg","UserSelect","/UserSelect.20260809_204416785.jpg","","","-999.99","8.11","-999.99","-999.99","6a78e6a03a81d30014ed21b5"
"2026-08-09T20:44:27.699Z","-20.3164516","-365.0362134","ASNAP","","admin","","","","","","","","","","","","","","-19727488.98","392.82","0.4","-2.0","228.75","80.63","0.95","SciCam","/SciCam.20260809_204427699.jpg","PilotCam","/PilotCam.20260809_204427699.jpg","BrowCam","/BrowCam.20260809_204427699.jpg","UserSelect","/UserSelect.20260809_204427699.jpg","","","-999.99","8.15","-999.99","-999.99","6a78e6ab3a81d30014ed21b9"
"2026-08-09T20:44:57.744Z","-20.3164525","-365.0362127","ASNAP","","admin","","","","","","","","","","","","","","-19727488.91","392.72","0.9","-2.1","231.31","80.70","0.90","SciCam","/SciCam.20260809_204457744.jpg","PilotCam","/PilotCam.20260809_204457744.jpg","BrowCam","/BrowCam.20260809_204457744.jpg","UserSelect","/UserSelect.20260809_204457744.jpg","","","-999.99","8.15","-999.99","-999.99","6a78e6c93a81d30014ed21bd"
"2026-08-09T20:45:03.437Z","-20.3164528","-365.0362128","ROV Actions","let go of new instrument frame","guest","","","","","","(Starboard) Manipulator in use","","","","","","","","-19727488.92","392.68","0.9","-2.1","231.01","80.63","0.93","SciCam","/SciCam.20260809_204503437.jpg","PilotCam","/PilotCam.20260809_204503437.jpg","BrowCam","/BrowCam.20260809_204503437.jpg","UserSelect","/UserSelect.20260809_204503437.jpg","","","-999.99","8.12","-999.99","-999.99","6a78e6cf3a81d30014ed21c1"
"2026-08-09T20:45:27.785Z","-20.3164530","-365.0362126","ASNAP","","admin","","","","","","","","","","","","","","-19727488.90","392.66","0.9","-2.1","231.02","80.71","0.93","SciCam","/SciCam.20260809_204527785.jpg","PilotCam","/PilotCam.20260809_204527785.jpg","BrowCam","/BrowCam.20260809_204527785.jpg","UserSelect","/UserSelect.20260809_204527785.jpg","","","-999.99","8.16","-999.99","-999.99","6a78e6e73a81d30014ed21c5"
"2026-08-09T20:45:57.811Z","-20.3164584","-365.0362111","ASNAP","","admin","","","","","","","","","","","","","","-19727488.74","392.06","-0.8","-5.3","252.59","80.61","1.16","SciCam","/SciCam.20260809_204557811.jpg","PilotCam","/PilotCam.20260809_204557811.jpg","BrowCam","/BrowCam.20260809_204557811.jpg","UserSelect","/UserSelect.20260809_204557811.jpg","","","-999.99","8.16","-999.99","-999.99","6a78e7053a81d30014ed21c9"
"2026-08-09T20:46:27.835Z","-20.3164581","-365.0362090","ASNAP","","admin","","","","","","","","","","","","","","-19727488.52","392.10","-1.2","-5.2","251.11","80.58","1.16","SciCam","/SciCam.20260809_204627835.jpg","PilotCam","/PilotCam.20260809_204627835.jpg","BrowCam","/BrowCam.20260809_204627835.jpg","UserSelect","/UserSelect.20260809_204627835.jpg","","","-999.99","8.13","-999.99","-999.99","6a78e7233a81d30014ed21cd"
"2026-08-09T20:46:57.861Z","-20.3164563","-365.0362035","ASNAP","","admin","","","","","","","","","","","","","","-19727487.95","392.30","-2.2","-5.5","259.79","77.93","3.89","SciCam","/SciCam.20260809_204657861.jpg","PilotCam","/PilotCam.20260809_204657861.jpg","BrowCam","/BrowCam.20260809_204657861.jpg","UserSelect","/UserSelect.20260809_204657861.jpg","","","-999.99","8.16","-999.99","-999.99","6a78e7413a81d30014ed21d1"
"2026-08-09T20:47:27.887Z","-20.3164744","-365.0361739","ASNAP","","admin","","","","","","","","","","","","","","-19727484.85","390.29","-0.9","-6.1","274.70","78.09","3.78","SciCam","/SciCam.20260809_204727887.jpg","PilotCam","/PilotCam.20260809_204727887.jpg","BrowCam","/BrowCam.20260809_204727887.jpg","UserSelect","/UserSelect.20260809_204727887.jpg","","","-999.99","8.09","-999.99","-999.99","6a78e75f3a81d30014ed21d5"
"2026-08-09T20:47:57.913Z","-20.3165020","-365.0362339","ASNAP","","admin","","","","","","","","","","","","","","-19727491.12","387.24","-1.4","-5.4","358.67","77.89","3.91","SciCam","/SciCam.20260809_204757913.jpg","PilotCam","/PilotCam.20260809_204757913.jpg","BrowCam","/BrowCam.20260809_204757913.jpg","UserSelect","/UserSelect.20260809_204757913.jpg","","","-999.99","8.12","-999.99","-999.99","6a78e77d3a81d30014ed21d9"
"2026-08-09T20:48:27.938Z","-20.3164779","-365.0362513","ASNAP","","admin","","","","","","","","","","","","","","-19727492.94","389.91","-1.1","-6.3","28.40","79.46","2.38","SciCam","/SciCam.20260809_204827938.jpg","PilotCam","/PilotCam.20260809_204827938.jpg","BrowCam","/BrowCam.20260809_204827938.jpg","UserSelect","/UserSelect.20260809_204827938.jpg","","","-999.99","8.14","-999.99","-999.99","6a78e79b3a81d30014ed21dd"
"2026-08-09T20:48:39.819Z","-20.3164745","-365.0362476","Biology Type","","guest","","","","","","","","Anemone","","","","","","-19727492.55","390.28","0.4","-4.1","35.87","80.55","1.16","SciCam","/SciCam.20260809_204839819.jpg","PilotCam","/PilotCam.20260809_204839819.jpg","BrowCam","/BrowCam.20260809_204839819.jpg","UserSelect","/UserSelect.20260809_204839819.jpg","","","-999.99","8.10","-999.99","-999.99","6a78e7a73a81d30014ed21e1"
"2026-08-09T20:48:57.966Z","-20.3164743","-365.0362500","ASNAP","","admin","","","","","","","","","","","","","","-19727492.80","390.30","1.9","-3.5","44.00","80.55","0.90","SciCam","/SciCam.20260809_204857966.jpg","PilotCam","/PilotCam.20260809_204857966.jpg","BrowCam","/BrowCam.20260809_204857966.jpg","UserSelect","/UserSelect.20260809_204857966.jpg","","","-999.99","8.16","-999.99","-999.99","6a78e7b93a81d30014ed21e5"
"2026-08-09T20:49:22.859Z","-20.3164745","-365.0362506","ROV Actions","scooping cable from under leg of instrument","guest","","","","","","(Starboard) Manipulator in use","","","","","","","","-19727492.87","390.28","1.6","-3.3","44.66","80.50","0.93","SciCam","/SciCam.20260809_204922859.jpg","PilotCam","/PilotCam.20260809_204922859.jpg","BrowCam","/BrowCam.20260809_204922859.jpg","UserSelect","/UserSelect.20260809_204922859.jpg","","","-999.99","8.10","-999.99","-999.99","6a78e7d23a81d30014ed21e9"
"2026-08-09T20:49:28.009Z","-20.3164747","-365.0362510","ASNAP","","admin","","","","","","","","","","","","","","-19727492.91","390.26","1.5","-3.3","45.24","80.53","0.93","SciCam","/SciCam.20260809_204928009.jpg","PilotCam","/PilotCam.20260809_204928009.jpg","BrowCam","/BrowCam.20260809_204928009.jpg","UserSelect","/UserSelect.20260809_204928009.jpg","","","-999.99","8.14","-999.99","-999.99","6a78e7d83a81d30014ed21ed"
"2026-08-09T20:49:58.052Z","-20.3164748","-365.0362521","ASNAP","","admin","","","","","","","","","","","","","","-19727493.02","390.25","1.2","-3.1","47.00","80.50","0.90","SciCam","/SciCam.20260809_204958052.jpg","PilotCam","/PilotCam.20260809_204958052.jpg","BrowCam","/BrowCam.20260809_204958052.jpg","UserSelect","/UserSelect.20260809_204958052.jpg","","","-999.99","8.14","-999.99","-999.99","6a78e7f63a81d30014ed21f1"
"2026-08-09T20:50:27.036Z","-20.3164748","-365.0362529","Biology Type","","guest","","","","","","","","Anemone","","","","","","-19727493.11","390.25","-3.1","-6.4","46.16","80.50","1.01","SciCam","/SciCam.20260809_205027036.jpg","PilotCam","/PilotCam.20260809_205027036.jpg","BrowCam","/BrowCam.20260809_205027036.jpg","UserSelect","/UserSelect.20260809_205027036.jpg","","","-999.99","8.13","-999.99","-999.99","6a78e8133a81d30014ed21f5"
"2026-08-09T20:50:28.094Z","-20.3164748","-365.0362529","ASNAP","","admin","","","","","","","","","","","","","","-19727493.11","390.25","-2.4","-8.1","45.55","80.38","1.13","SciCam","/SciCam.20260809_205028094.jpg","PilotCam","/PilotCam.20260809_205028094.jpg","BrowCam","/BrowCam.20260809_205028094.jpg","UserSelect","/UserSelect.20260809_205028094.jpg","","","-999.99","8.14","-999.99","-999.99","6a78e8143a81d30014ed21f9"
"2026-08-09T20:50:58.141Z","-20.3164898","-365.0362341","ASNAP","","admin","","","","","","","","","","","","","","-19727491.14","388.59","-1.7","-5.9","6.60","78.12","3.78","SciCam","/SciCam.20260809_205058141.jpg","PilotCam","/PilotCam.20260809_205058141.jpg","BrowCam","/BrowCam.20260809_205058141.jpg","UserSelect","/UserSelect.20260809_205058141.jpg","","","-999.99","8.28","-999.99","-999.99","6a78e8323a81d30014ed21fd"
"2026-08-09T20:51:28.160Z","-20.3164521","-365.0362222","ASNAP","","admin","","","","","","","","","","","","","","-19727489.90","392.76","-2.5","-5.4","254.60","78.27","3.48","SciCam","/SciCam.20260809_205128160.jpg","PilotCam","/PilotCam.20260809_205128160.jpg","BrowCam","/BrowCam.20260809_205128160.jpg","UserSelect","/UserSelect.20260809_205128160.jpg","","","-999.99","8.18","-999.99","-999.99","6a78e8503a81d30014ed2201"
"2026-08-09T20:51:58.000Z","","","SulisCam","","admin","","","","","","","","","sulis_20260809205158.jpg","","","","","","","","","","","","","","","","","","","","355.663","358.813","","","","","6a7ce5f13a81d30014ed79f8"
"2026-08-09T20:51:58.205Z","-20.3164505","-365.0362289","ASNAP","","admin","","","","","","","","","","","","","","-19727490.60","392.94","-1.2","-4.3","269.74","80.59","1.13","SciCam","/SciCam.20260809_205158205.jpg","PilotCam","/PilotCam.20260809_205158205.jpg","BrowCam","/BrowCam.20260809_205158205.jpg","UserSelect","/UserSelect.20260809_205158205.jpg","","","-999.99","8.11","-999.99","-999.99","6a78e86e3a81d30014ed2205"
"2026-08-09T20:52:28.250Z","-20.3164561","-365.0362290","ASNAP","","admin","","","","","","","","","","","","","","-19727490.61","392.32","-0.4","-2.9","288.35","80.65","0.98","SciCam","/SciCam.20260809_205228250.jpg","PilotCam","/PilotCam.20260809_205228250.jpg","BrowCam","/BrowCam.20260809_205228250.jpg","UserSelect","/UserSelect.20260809_205228250.jpg","","","-999.99","8.18","-999.99","-999.99","6a78e88c3a81d30014ed2209"
"2026-08-09T20:52:58.295Z","-20.3164556","-365.0362295","ASNAP","","admin","","","","","","","","","","","","","","-19727490.66","392.37","-0.4","-3.0","288.35","80.61","0.98","SciCam","/SciCam.20260809_205258295.jpg","PilotCam","/PilotCam.20260809_205258295.jpg","BrowCam","/BrowCam.20260809_205258295.jpg","UserSelect","/UserSelect.20260809_205258295.jpg","","","-999.99","8.14","-999.99","-999.99","6a78e8aa3a81d30014ed220d"
"2026-08-09T20:53:01.517Z","-20.3164557","-365.0362294","ROV Actions","Grabbing dummy plug","guest","","","","","","(Port) Manipulator in use","","","","","","","","-19727490.65","392.36","-0.4","-3.0","288.35","80.63","0.98","SciCam","/SciCam.20260809_205301517.jpg","PilotCam","/PilotCam.20260809_205301517.jpg","BrowCam","/BrowCam.20260809_205301517.jpg","UserSelect","/UserSelect.20260809_205301517.jpg","","","-999.99","8.14","-999.99","-999.99","6a78e8ad3a81d30014ed2211"
"2026-08-09T20:53:22.322Z","-20.3164556","-365.0362293","Connection Status","from new instrument","guest","","","","","","","","","","Disconnected","","","","-19727490.64","392.38","-0.4","-3.0","288.54","80.62","0.98","SciCam","/SciCam.20260809_205322322.jpg","PilotCam","/PilotCam.20260809_205322322.jpg","BrowCam","/BrowCam.20260809_205322322.jpg","UserSelect","/UserSelect.20260809_205322322.jpg","","","-999.99","8.15","-999.99","-999.99","6a78e8c23a81d30014ed2215"
"2026-08-09T20:53:26.000Z","","","SulisCam","","admin","","","","","","","","","sulis_20260809205326.jpg","","","","","","","","","","","","","","","","","","","","357.040","359.600","","","","","6a7ce5f13a81d30014ed79fa"
"2026-08-09T20:53:28.337Z","-20.3164557","-365.0362294","ASNAP","","admin","","","","","","","","","","","","","","-19727490.65","392.36","-0.4","-3.0","288.54","80.59","0.98","SciCam","/SciCam.20260809_205328337.jpg","PilotCam","/PilotCam.20260809_205328337.jpg","BrowCam","/BrowCam.20260809_205328337.jpg","UserSelect","/UserSelect.20260809_205328337.jpg","","","-999.99","8.14","-999.99","-999.99","6a78e8c83a81d30014ed2219"
"2026-08-09T20:53:58.382Z","-20.3164558","-365.0362300","ASNAP","","admin","","","","","","","","","","","","","","-19727490.71","392.35","-0.4","-3.0","288.47","80.61","0.98","SciCam","/SciCam.20260809_205358382.jpg","PilotCam","/PilotCam.20260809_205358382.jpg","BrowCam","/BrowCam.20260809_205358382.jpg","UserSelect","/UserSelect.20260809_205358382.jpg","","","-999.99","8.15","-999.99","-999.99","6a78e8e63a81d30014ed221d"
"2026-08-09T20:54:28.428Z","-20.3164403","-365.0362236","ASNAP","","admin","","","","","","","","","","","","","","-19727490.04","394.07","-1.7","-5.7","340.18","80.60","1.13","SciCam","/SciCam.20260809_205428428.jpg","PilotCam","/PilotCam.20260809_205428428.jpg","BrowCam","/BrowCam.20260809_205428428.jpg","UserSelect","/UserSelect.20260809_205428428.jpg","","","-999.99","8.24","-999.99","-999.99","6a78e9043a81d30014ed2221"
"2026-08-09T20:54:47.742Z","-20.3164140","-365.0362200","Biology Type","","guest","","","","","","","","Crab","","","","","","-19727489.67","396.98","-2.8","-5.1","76.44","80.21","1.67","SciCam","/SciCam.20260809_205447742.jpg","PilotCam","/PilotCam.20260809_205447742.jpg","BrowCam","/BrowCam.20260809_205447742.jpg","UserSelect","/UserSelect.20260809_205447742.jpg","","","-999.99","8.14","-999.99","-999.99","6a78e9173a81d30014ed2225"
"2026-08-09T20:54:58.472Z","-20.3164223","-365.0362016","ASNAP","","admin","","","","","","","","","","","","","","-19727487.75","396.06","-3.0","-5.4","160.29","80.37","1.47","SciCam","/SciCam.20260809_205458472.jpg","PilotCam","/PilotCam.20260809_205458472.jpg","BrowCam","/BrowCam.20260809_205458472.jpg","UserSelect","/UserSelect.20260809_205458472.jpg","","","-999.99","8.12","-999.99","-999.99","6a78e9223a81d30014ed2229"
"2026-08-09T20:55:22.524Z","-20.3164545","-365.0362012","WATCH_CHANGE","","guest","Trina","","","","","","","","","","","","","-19727487.71","392.50","-3.2","-5.7","208.81","80.48","1.34","SciCam","/SciCam.20260809_205522524.jpg","PilotCam","/PilotCam.20260809_205522524.jpg","BrowCam","/BrowCam.20260809_205522524.jpg","UserSelect","/UserSelect.20260809_205522524.jpg","","","-999.99","8.06","-999.99","-999.99","6a78e93a3a81d30014ed222d"
"2026-08-09T20:55:28.516Z","-20.3164645","-365.0362017","ASNAP","","admin","","","","","","","","","","","","","","-19727487.76","391.39","-1.6","-6.0","208.44","80.31","1.03","SciCam","/SciCam.20260809_205528516.jpg","PilotCam","/PilotCam.20260809_205528516.jpg","BrowCam","/BrowCam.20260809_205528516.jpg","UserSelect","/UserSelect.20260809_205528516.jpg","","","-999.99","8.13","-999.99","-999.99","6a78e9403a81d30014ed2231"
"2026-08-09T20:55:58.533Z","-20.3164631","-365.0361998","ASNAP","","admin","","","","","","","","","","","","","","-19727487.56","391.55","-1.3","-5.3","26.92","80.24","1.49","SciCam","/SciCam.20260809_205558533.jpg","PilotCam","/PilotCam.20260809_205558533.jpg","BrowCam","/BrowCam.20260809_205558533.jpg","UserSelect","/UserSelect.20260809_205558533.jpg","","","-999.99","8.15","-999.99","-999.99","6a78e95e3a81d30014ed2235"
"2026-08-09T20:56:28.577Z","-20.3164698","-365.0362092","ASNAP","","admin","","","","","","","","","","","","","","-19727488.54","390.80","-1.2","-5.3","224.62","80.21","1.52","SciCam","/SciCam.20260809_205628577.jpg","PilotCam","/PilotCam.20260809_205628577.jpg","BrowCam","/BrowCam.20260809_205628577.jpg","UserSelect","/UserSelect.20260809_205628577.jpg","","","-999.99","8.14","-999.99","-999.99","6a78e97c3a81d30014ed2239"
"2026-08-09T20:56:58.623Z","-20.3164864","-365.0362141","ASNAP","","admin","","","","","","","","","","","","","","-19727489.05","388.96","-0.2","-2.4","233.27","80.51","1.01","SciCam","/SciCam.20260809_205658623.jpg","PilotCam","/PilotCam.20260809_205658623.jpg","BrowCam","/BrowCam.20260809_205658623.jpg","UserSelect","/UserSelect.20260809_205658623.jpg","","","-999.99","8.11","-999.99","-999.99","6a78e99a3a81d30014ed223d"
"2026-08-09T20:57:12.783Z","-20.3164864","-365.0362142","ROV Actions","grabbing plug","guest","","","","","","(Port) Manipulator in use","","","","","","","","-19727489.06","388.96","-0.2","-2.6","233.27","80.46","1.01","SciCam","/SciCam.20260809_205712783.jpg","PilotCam","/PilotCam.20260809_205712783.jpg","BrowCam","/BrowCam.20260809_205712783.jpg","UserSelect","/UserSelect.20260809_205712783.jpg","","","-999.99","8.15","-999.99","-999.99","6a78e9a83a81d30014ed2241"
"2026-08-09T20:57:28.665Z","-20.3164864","-365.0362144","ASNAP","","admin","","","","","","","","","","","","","","-19727489.08","388.97","-0.2","-2.7","233.27","80.51","1.01","SciCam","/SciCam.20260809_205728665.jpg","PilotCam","/PilotCam.20260809_205728665.jpg","BrowCam","/BrowCam.20260809_205728665.jpg","UserSelect","/UserSelect.20260809_205728665.jpg","","","-999.99","8.15","-999.99","-999.99","6a78e9b83a81d30014ed2245"
"2026-08-09T20:57:33.634Z","-20.3164864","-365.0362144","Connection Status","from BEP","guest","","","","","having trouble getting plug out","","","","","","Disconnected","","","-19727489.08","388.96","-0.2","-3.0","233.02","80.46","1.01","SciCam","/SciCam.20260809_205733634.jpg","PilotCam","/PilotCam.20260809_205733634.jpg","BrowCam","/BrowCam.20260809_205733634.jpg","UserSelect","/UserSelect.20260809_205733634.jpg","","","-999.99","8.14","-999.99","-999.99","6a78e9bd3a81d30014ed2249"
"2026-08-09T20:57:58.706Z","-20.3164867","-365.0362147","ASNAP","","admin","","","","","","","","","","","","","","-19727489.12","388.93","-0.3","-7.8","233.21","80.57","1.21","SciCam","/SciCam.20260809_205758706.jpg","PilotCam","/PilotCam.20260809_205758706.jpg","BrowCam","/BrowCam.20260809_205758706.jpg","UserSelect","/UserSelect.20260809_205758706.jpg","","","-999.99","8.15","-999.99","-999.99","6a78e9d63a81d30014ed224d"
"2026-08-09T20:58:28.752Z","-20.3164856","-365.0362144","ASNAP","","admin","","","","","","","","","","","","","","-19727489.08","389.05","-1.0","-11.4","238.15","80.52","1.36","SciCam","/SciCam.20260809_205828752.jpg","PilotCam","/PilotCam.20260809_205828752.jpg","BrowCam","/BrowCam.20260809_205828752.jpg","UserSelect","/UserSelect.20260809_205828752.jpg","","","-999.99","8.14","-999.99","-999.99","6a78e9f43a81d30014ed2251"
"2026-08-09T20:58:58.796Z","-20.3164863","-365.0362149","ASNAP","","admin","","","","","","","","","","","","","","-19727489.14","388.98","-0.7","-7.4","237.60","80.50","1.18","SciCam","/SciCam.20260809_205858796.jpg","PilotCam","/PilotCam.20260809_205858796.jpg","BrowCam","/BrowCam.20260809_205858796.jpg","UserSelect","/UserSelect.20260809_205858796.jpg","","","-999.99","8.15","-999.99","-999.99","6a78ea123a81d30014ed2255"
"2026-08-09T20:59:13.224Z","-20.3164866","-365.0362151","Biology Type","","guest","","","","","","","","Anemone","","","","","","-19727489.16","388.94","-0.3","-6.7","233.90","80.51","1.16","SciCam","/SciCam.20260809_205913224.jpg","PilotCam","/PilotCam.20260809_205913224.jpg","BrowCam","/BrowCam.20260809_205913224.jpg","UserSelect","/UserSelect.20260809_205913224.jpg","","","-999.99","8.18","-999.99","-999.99","6a78ea213a81d30014ed2259"
"2026-08-09T20:59:28.841Z","-20.3164870","-365.0362155","ASNAP","","admin","","","","","","","","","","","","","","-19727489.20","388.90","-0.2","-4.9","234.09","80.57","1.08","SciCam","/SciCam.20260809_205928841.jpg","PilotCam","/PilotCam.20260809_205928841.jpg","BrowCam","/BrowCam.20260809_205928841.jpg","UserSelect","/UserSelect.20260809_205928841.jpg","","","-999.99","8.18","-999.99","-999.99","6a78ea303a81d30014ed225d"
"2026-08-09T20:59:36.252Z","-20.3164872","-365.0362155","Biology Type","","guest","","","","","","","","Anemone","","","","","","-19727489.20","388.88","-0.2","-5.1","234.09","80.51","1.08","SciCam","/SciCam.20260809_205936252.jpg","PilotCam","/PilotCam.20260809_205936252.jpg","BrowCam","/BrowCam.20260809_205936252.jpg","UserSelect","/UserSelect.20260809_205936252.jpg","","","-999.99","8.17","-999.99","-999.99","6a78ea383a81d30014ed2261"
"2026-08-09T20:59:45.000Z","","","SulisCam","","admin","","","","","","","","","sulis_20260809205945.jpg","","","","","","","","","","","","","","","","","","","","355.157","359.750","","","","","6a7ce5f13a81d30014ed79fc"
"2026-08-09T20:59:58.868Z","-20.3164873","-365.0362157","ASNAP","","admin","","","","","","","","","","","","","","-19727489.22","388.87","-0.3","-4.8","234.09","80.52","1.08","SciCam","/SciCam.20260809_205958868.jpg","PilotCam","/PilotCam.20260809_205958868.jpg","BrowCam","/BrowCam.20260809_205958868.jpg","UserSelect","/UserSelect.20260809_205958868.jpg","","","-999.99","8.14","-999.99","-999.99","6a78ea4e3a81d30014ed2265"
"2026-08-09T21:00:28.909Z","-20.3164810","-365.0362171","ASNAP","","admin","","","","","","","","","","","","","","-19727489.37","389.56","0.5","-0.8","223.84","80.44","0.90","SciCam","/SciCam.20260809_210028909.jpg","PilotCam","/PilotCam.20260809_210028909.jpg","BrowCam","/BrowCam.20260809_210028909.jpg","UserSelect","/UserSelect.20260809_210028909.jpg","","","-999.99","8.15","-999.99","-999.99","6a78ea6c3a81d30014ed2269"
"2026-08-09T21:00:29.736Z","-20.3164810","-365.0362171","ROV Actions","scraping anemone off of plug","guest","","","","","","(Starboard) Manipulator in use","","","","","","","","-19727489.37","389.56","0.5","-0.8","223.84","80.44","0.90","SciCam","/SciCam.20260809_210029736.jpg","PilotCam","/PilotCam.20260809_210029736.jpg","BrowCam","/BrowCam.20260809_210029736.jpg","UserSelect","/UserSelect.20260809_210029736.jpg","","","-999.99","8.16","-999.99","-999.99","6a78ea6d3a81d30014ed226d"
"2026-08-09T21:00:52.048Z","-20.3164806","-365.0362173","Biology Type","","guest","","","","","","","","Anemone","","","","","","-19727489.39","389.61","0.4","-0.7","223.83","80.57","0.90","SciCam","/SciCam.20260809_210052048.jpg","PilotCam","/PilotCam.20260809_210052048.jpg","BrowCam","/BrowCam.20260809_210052048.jpg","UserSelect","/UserSelect.20260809_210052048.jpg","","","-999.99","8.16","-999.99","-999.99","6a78ea843a81d30014ed2271"
"2026-08-09T21:00:58.953Z","-20.3164804","-365.0362174","ASNAP","","admin","","","","","","","","","","","","","","-19727489.40","389.63","0.4","-0.7","223.85","80.48","0.90","SciCam","/SciCam.20260809_210058953.jpg","PilotCam","/PilotCam.20260809_210058953.jpg","BrowCam","/BrowCam.20260809_210058953.jpg","UserSelect","/UserSelect.20260809_210058953.jpg","","","-999.99","8.13","-999.99","-999.99","6a78ea8a3a81d30014ed2275"
"2026-08-09T21:01:01.986Z","-20.3164804","-365.0362174","Biology Type","","guest","","","","","","","","Anemone","","","","","","-19727489.40","389.63","0.4","-0.7","223.85","80.44","0.90","SciCam","/SciCam.20260809_210101986.jpg","PilotCam","/PilotCam.20260809_210101986.jpg","BrowCam","/BrowCam.20260809_210101986.jpg","UserSelect","/UserSelect.20260809_210101986.jpg","","","-999.99","8.15","-999.99","-999.99","6a78ea8d3a81d30014ed2279"
"2026-08-09T21:01:26.000Z","","","SulisCam","","admin","","","","","","","","","sulis_20260809210126.jpg","","","","","","","","","","","","","","","","","","","","359.293","0.430","","","","","6a7ce5f13a81d30014ed79fe"
"2026-08-09T21:01:28.997Z","-20.3164788","-365.0362173","ASNAP","","admin","","","","","","","","","","","","","","-19727489.39","389.81","0.4","-0.7","223.83","80.55","0.90","SciCam","/SciCam.20260809_210128997.jpg","PilotCam","/PilotCam.20260809_210128997.jpg","BrowCam","/BrowCam.20260809_210128997.jpg","UserSelect","/UserSelect.20260809_210128997.jpg","","","-999.99","8.15","-999.99","-999.99","6a78eaa83a81d30014ed227d"
"2026-08-09T21:01:45.000Z","","","SulisCam","","admin","","","","","","","","","sulis_20260809210145.jpg","","","","","","","","","","","","","","","","","","","","359.267","0.433","","","","","6a7ce5f13a81d30014ed7a00"
"2026-08-09T21:01:59.017Z","-20.3164766","-365.0362177","ASNAP","","admin","","","","","","","","","","","","","","-19727489.43","390.05","1.0","-2.7","219.37","80.50","1.03","SciCam","/SciCam.20260809_210159017.jpg","PilotCam","/PilotCam.20260809_210159017.jpg","BrowCam","/BrowCam.20260809_210159017.jpg","UserSelect","/UserSelect.20260809_210159017.jpg","","","-999.99","8.14","-999.99","-999.99","6a78eac73a81d30014ed2281"
"2026-08-09T21:02:29.061Z","-20.3164603","-365.0362253","ASNAP","","admin","","","","","","","","","","","","","","-19727490.22","391.85","-0.5","-5.3","271.22","80.42","1.26","SciCam","/SciCam.20260809_210229061.jpg","PilotCam","/PilotCam.20260809_210229061.jpg","BrowCam","/BrowCam.20260809_210229061.jpg","UserSelect","/UserSelect.20260809_210229061.jpg","","","-999.99","8.14","-999.99","-999.99","6a78eae53a81d30014ed2285"
"2026-08-09T21:02:59.080Z","-20.3164645","-365.0362288","ASNAP","","admin","","","","","","","","","","","","","","-19727490.59","391.39","-1.4","-4.1","286.52","80.54","1.13","SciCam","/SciCam.20260809_210259080.jpg","PilotCam","/PilotCam.20260809_210259080.jpg","BrowCam","/BrowCam.20260809_210259080.jpg","UserSelect","/UserSelect.20260809_210259080.jpg","","","-999.99","8.14","-999.99","-999.99","6a78eb033a81d30014ed2289"
"2026-08-09T21:03:29.121Z","-20.3164661","-365.0362296","ASNAP","","admin","","","","","","","","","","","","","","-19727490.67","391.21","-2.7","-3.8","289.14","80.67","1.08","SciCam","/SciCam.20260809_210329121.jpg","PilotCam","/PilotCam.20260809_210329121.jpg","BrowCam","/BrowCam.20260809_210329121.jpg","UserSelect","/UserSelect.20260809_210329121.jpg","","","-999.99","8.15","-999.99","-999.99","6a78eb213a81d30014ed228d"
"2026-08-09T21:03:40.659Z","-20.3164662","-365.0362296","ROV Actions","grabbing frame of J box","guest","","","","","","(Starboard) Manipulator in use","","","","","","","","-19727490.67","391.20","-3.0","-4.3","288.76","80.59","1.08","SciCam","/SciCam.20260809_210340659.jpg","PilotCam","/PilotCam.20260809_210340659.jpg","BrowCam","/BrowCam.20260809_210340659.jpg","UserSelect","/UserSelect.20260809_210340659.jpg","","","-999.99","8.14","-999.99","-999.99","6a78eb2c3a81d30014ed2291"
"2026-08-09T21:03:59.140Z","-20.3164662","-365.0362302","ASNAP","","admin","","","","","","","","","","","","","","-19727490.73","391.20","-3.2","-4.4","287.36","80.70","1.06","SciCam","/SciCam.20260809_210359140.jpg","PilotCam","/PilotCam.20260809_210359140.jpg","BrowCam","/BrowCam.20260809_210359140.jpg","UserSelect","/UserSelect.20260809_210359140.jpg","","","-999.99","8.18","-999.99","-999.99","6a78eb3f3a81d30014ed2295"
"2026-08-09T21:04:29.160Z","-20.3164661","-365.0362302","ASNAP","","admin","","","","","","","","","","","","","","-19727490.73","391.21","-3.2","-4.4","287.36","80.65","1.06","SciCam","/SciCam.20260809_210429160.jpg","PilotCam","/PilotCam.20260809_210429160.jpg","BrowCam","/BrowCam.20260809_210429160.jpg","UserSelect","/UserSelect.20260809_210429160.jpg","","","-999.99","8.13","-999.99","-999.99","6a78eb5d3a81d30014ed2299"
"2026-08-09T21:04:36.000Z","","","SulisCam","","admin","","","","","","","","","sulis_20260809210436.jpg","","","","","","","","","","","","","","","","","","","","355.580","356.770","","","","","6a7ce5f13a81d30014ed7a02"
"2026-08-09T21:04:41.000Z","","","SulisCam","","admin","","","","","","","","","sulis_20260809210441.jpg","","","","","","","","","","","","","","","","","","","","355.577","356.770","","","","","6a7ce5f13a81d30014ed7a04"
"2026-08-09T21:04:59.204Z","-20.3164662","-365.0362303","ASNAP","","admin","","","","","","","","","","","","","","-19727490.74","391.20","-3.2","-4.4","287.36","80.63","1.06","SciCam","/SciCam.20260809_210459204.jpg","PilotCam","/PilotCam.20260809_210459204.jpg","BrowCam","/BrowCam.20260809_210459204.jpg","UserSelect","/UserSelect.20260809_210459204.jpg","","","-999.99","8.14","-999.99","-999.99","6a78eb7b3a81d30014ed229d"
"2026-08-09T21:05:19.000Z","","","SulisCam","","admin","","","","","","","","","sulis_20260809210519.jpg","","","","","","","","","","","","","","","","","","","","355.570","356.760","","","","","6a7ce5f13a81d30014ed7a06"
"2026-08-09T21:05:29.237Z","-20.3164662","-365.0362303","ASNAP","","admin","","","","","","","","","","","","","","-19727490.74","391.20","-3.2","-4.4","287.35","80.68","1.06","SciCam","/SciCam.20260809_210529237.jpg","PilotCam","/PilotCam.20260809_210529237.jpg","BrowCam","/BrowCam.20260809_210529237.jpg","UserSelect","/UserSelect.20260809_210529237.jpg","","","-999.99","8.16","-999.99","-999.99","6a78eb993a81d30014ed22a1"
"2026-08-09T21:05:59.277Z","-20.3164662","-365.0362306","ASNAP","","admin","","","","","","","","","","","","","","-19727490.78","391.20","-3.3","-4.4","287.36","80.59","1.06","SciCam","/SciCam.20260809_210559277.jpg","PilotCam","/PilotCam.20260809_210559277.jpg","BrowCam","/BrowCam.20260809_210559277.jpg","UserSelect","/UserSelect.20260809_210559277.jpg","","","-999.99","8.14","-999.99","-999.99","6a78ebb73a81d30014ed22a5"
"2026-08-09T21:05:59.869Z","-20.3164662","-365.0362306","Connection Status","to J box","guest","","","","","having trouble connecting","","","","","","Connected","","","-19727490.78","391.20","-3.3","-4.4","287.36","80.61","1.06","SciCam","/SciCam.20260809_210559869.jpg","PilotCam","/PilotCam.20260809_210559869.jpg","BrowCam","/BrowCam.20260809_210559869.jpg","UserSelect","/UserSelect.20260809_210559869.jpg","","","-999.99","8.15","-999.99","-999.99","6a78ebb73a81d30014ed22a8"
"2026-08-09T21:06:29.321Z","-20.3164662","-365.0362309","ASNAP","","admin","","","","","","","","","","","","","","-19727490.81","391.20","-3.3","-4.4","287.36","80.63","1.06","SciCam","/SciCam.20260809_210629321.jpg","PilotCam","/PilotCam.20260809_210629321.jpg","BrowCam","/BrowCam.20260809_210629321.jpg","UserSelect","/UserSelect.20260809_210629321.jpg","","","-999.99","8.17","-999.99","-999.99","6a78ebd53a81d30014ed22ad"
"2026-08-09T21:06:41.000Z","","","SulisCam","","admin","","","","","","","","","sulis_20260809210641.jpg","","","","","","","","","","","","","","","","","","","","355.550","356.733","","","","","6a7ce5f13a81d30014ed7a08"
"2026-08-09T21:06:59.365Z","-20.3164665","-365.0362310","ASNAP","","admin","","","","","","","","","","","","","","-19727490.82","391.17","-3.3","-4.4","287.35","80.68","1.06","SciCam","/SciCam.20260809_210659365.jpg","PilotCam","/PilotCam.20260809_210659365.jpg","BrowCam","/BrowCam.20260809_210659365.jpg","UserSelect","/UserSelect.20260809_210659365.jpg","","","-999.99","8.15","-999.99","-999.99","6a78ebf33a81d30014ed22b1"
"2026-08-09T21:07:29.409Z","-20.3164667","-365.0362314","ASNAP","","admin","","","","","","","","","","","","","","-19727490.86","391.15","-3.3","-4.4","287.59","80.63","1.06","SciCam","/SciCam.20260809_210729409.jpg","PilotCam","/PilotCam.20260809_210729409.jpg","BrowCam","/BrowCam.20260809_210729409.jpg","UserSelect","/UserSelect.20260809_210729409.jpg","","","-999.99","8.15","-999.99","-999.99","6a78ec113a81d30014ed22b5"
"2026-08-09T21:07:59.445Z","-20.3164668","-365.0362315","ASNAP","","admin","","","","","","","","","","","","","","-19727490.87","391.13","-3.4","-4.5","287.50","80.62","1.06","SciCam","/SciCam.20260809_210759445.jpg","PilotCam","/PilotCam.20260809_210759445.jpg","BrowCam","/BrowCam.20260809_210759445.jpg","UserSelect","/UserSelect.20260809_210759445.jpg","","","-999.99","8.14","-999.99","-999.99","6a78ec2f3a81d30014ed22b9"
"2026-08-09T21:08:29.471Z","-20.3164668","-365.0362316","ASNAP","","admin","","","","","","","","","","","","","","-19727490.88","391.13","-3.4","-4.4","287.47","80.65","1.06","SciCam","/SciCam.20260809_210829471.jpg","PilotCam","/PilotCam.20260809_210829471.jpg","BrowCam","/BrowCam.20260809_210829471.jpg","UserSelect","/UserSelect.20260809_210829471.jpg","","","-999.99","8.13","-999.99","-999.99","6a78ec4d3a81d30014ed22bd"
"2026-08-09T21:08:59.513Z","-20.3164670","-365.0362318","ASNAP","","admin","","","","","","","","","","","","","","-19727490.90","391.11","-3.3","-4.3","287.25","80.64","1.06","SciCam","/SciCam.20260809_210859513.jpg","PilotCam","/PilotCam.20260809_210859513.jpg","BrowCam","/BrowCam.20260809_210859513.jpg","UserSelect","/UserSelect.20260809_210859513.jpg","","","-999.99","8.16","-999.99","-999.99","6a78ec6b3a81d30014ed22c1"
"2026-08-09T21:09:29.556Z","-20.3164671","-365.0362320","ASNAP","","admin","","","","","","","","","","","","","","-19727490.92","391.10","-3.4","-4.4","287.25","80.68","1.06","SciCam","/SciCam.20260809_210929556.jpg","PilotCam","/PilotCam.20260809_210929556.jpg","BrowCam","/BrowCam.20260809_210929556.jpg","UserSelect","/UserSelect.20260809_210929556.jpg","","","-999.99","8.16","-999.99","-999.99","6a78ec893a81d30014ed22c5"
"2026-08-09T21:09:59.602Z","-20.3164672","-365.0362323","ASNAP","","admin","","","","","","","","","","","","","","-19727490.95","391.09","-3.4","-4.4","287.17","80.60","1.06","SciCam","/SciCam.20260809_210959602.jpg","PilotCam","/PilotCam.20260809_210959602.jpg","BrowCam","/BrowCam.20260809_210959602.jpg","UserSelect","/UserSelect.20260809_210959602.jpg","","","-999.99","8.19","-999.99","-999.99","6a78eca73a81d30014ed22c9"
"2026-08-09T21:10:29.627Z","-20.3164673","-365.0362326","ASNAP","","admin","","","","","","","","","","","","","","-19727490.98","391.08","-3.4","-4.4","286.95","80.58","1.06","SciCam","/SciCam.20260809_211029627.jpg","PilotCam","/PilotCam.20260809_211029627.jpg","BrowCam","/BrowCam.20260809_211029627.jpg","UserSelect","/UserSelect.20260809_211029627.jpg","","","-999.99","8.15","-999.99","-999.99","6a78ecc53a81d30014ed22cd"
"2026-08-09T21:10:59.672Z","-20.3164673","-365.0362328","ASNAP","","admin","","","","","","","","","","","","","","-19727491.01","391.08","-3.4","-4.4","287.03","80.61","1.06","SciCam","/SciCam.20260809_211059672.jpg","PilotCam","/PilotCam.20260809_211059672.jpg","BrowCam","/BrowCam.20260809_211059672.jpg","UserSelect","/UserSelect.20260809_211059672.jpg","","","-999.99","8.13","-999.99","-999.99","6a78ece33a81d30014ed22d1"
"2026-08-09T21:11:29.692Z","-20.3164672","-365.0362328","ASNAP","","admin","","","","","","","","","","","","","","-19727491.01","391.09","-3.4","-4.4","286.97","80.66","1.06","SciCam","/SciCam.20260809_211129692.jpg","PilotCam","/PilotCam.20260809_211129692.jpg","BrowCam","/BrowCam.20260809_211129692.jpg","UserSelect","/UserSelect.20260809_211129692.jpg","","","-999.99","8.13","-999.99","-999.99","6a78ed013a81d30014ed22d5"
"2026-08-09T21:11:59.713Z","-20.3164673","-365.0362330","ASNAP","","admin","","","","","","","","","","","","","","-19727491.03","391.08","-3.5","-4.4","287.50","80.59","1.06","SciCam","/SciCam.20260809_211159713.jpg","PilotCam","/PilotCam.20260809_211159713.jpg","BrowCam","/BrowCam.20260809_211159713.jpg","UserSelect","/UserSelect.20260809_211159713.jpg","","","-999.99","8.15","-999.99","-999.99","6a78ed1f3a81d30014ed22d9"
"2026-08-09T21:12:14.930Z","-20.3164673","-365.0362333","WATCH_CHANGE","","guest","James","","","","for trina","","","","","","","","","-19727491.06","391.08","-3.5","-4.4","287.48","80.63","1.06","SciCam","/SciCam.20260809_211214930.jpg","PilotCam","/PilotCam.20260809_211214930.jpg","BrowCam","/BrowCam.20260809_211214930.jpg","UserSelect","/UserSelect.20260809_211214930.jpg","","","-999.99","8.12","-999.99","-999.99","6a78ed2e3a81d30014ed22dd"
"2026-08-09T21:12:29.731Z","-20.3164676","-365.0362332","ASNAP","","admin","","","","","","","","","","","","","","-19727491.05","391.05","-3.4","-4.4","286.12","80.62","1.06","SciCam","/SciCam.20260809_211229731.jpg","PilotCam","/PilotCam.20260809_211229731.jpg","BrowCam","/BrowCam.20260809_211229731.jpg","UserSelect","/UserSelect.20260809_211229731.jpg","","","-999.99","8.11","-999.99","-999.99","6a78ed3d3a81d30014ed22e1"
"2026-08-09T21:12:37.979Z","-20.3164675","-365.0362332","Connection Status","To J box","guest","","","","","New LJ01D","","","","","","Connected","","","-19727491.05","391.06","-3.4","-4.4","286.13","80.69","1.06","SciCam","/SciCam.20260809_211237979.jpg","PilotCam","/PilotCam.20260809_211237979.jpg","BrowCam","/BrowCam.20260809_211237979.jpg","UserSelect","/UserSelect.20260809_211237979.jpg","","","-999.99","8.15","-999.99","-999.99","6a78ed453a81d30014ed22e5"
"2026-08-09T21:12:59.773Z","-20.3164671","-365.0362335","ASNAP","","admin","","","","","","","","","","","","","","-19727491.08","391.10","-3.4","-4.4","286.13","80.65","1.06","SciCam","/SciCam.20260809_211259773.jpg","PilotCam","/PilotCam.20260809_211259773.jpg","BrowCam","/BrowCam.20260809_211259773.jpg","UserSelect","/UserSelect.20260809_211259773.jpg","","","-999.99","8.13","-999.99","-999.99","6a78ed5b3a81d30014ed22e9"
"2026-08-09T21:13:17.000Z","","","SulisCam","","admin","","","","","","","","","sulis_20260809211317.jpg","","","","","","","","","","","","","","","","","","","","355.570","356.600","","","","","6a7ce5f23a81d30014ed7a0a"
"2026-08-09T21:13:29.817Z","-20.3164666","-365.0362339","ASNAP","","admin","","","","","","","","","","","","","","-19727491.12","391.16","-3.4","-4.4","286.09","80.63","1.06","SciCam","/SciCam.20260809_211329817.jpg","PilotCam","/PilotCam.20260809_211329817.jpg","BrowCam","/BrowCam.20260809_211329817.jpg","UserSelect","/UserSelect.20260809_211329817.jpg","","","-999.99","8.16","-999.99","-999.99","6a78ed793a81d30014ed22ed"
"2026-08-09T21:13:59.861Z","-20.3164627","-365.0362306","ASNAP","","admin","","","","","","","","","","","","","","-19727490.78","391.59","0.9","-5.9","276.19","80.32","1.11","SciCam","/SciCam.20260809_211359861.jpg","PilotCam","/PilotCam.20260809_211359861.jpg","BrowCam","/BrowCam.20260809_211359861.jpg","UserSelect","/UserSelect.20260809_211359861.jpg","","","-999.99","8.11","-999.99","-999.99","6a78ed973a81d30014ed22f1"
"2026-08-09T21:14:29.898Z","-20.3164563","-365.0362019","ASNAP","","admin","","","","","","","","","","","","","","-19727487.78","392.30","-0.9","-5.4","206.81","78.41","3.15","SciCam","/SciCam.20260809_211429898.jpg","PilotCam","/PilotCam.20260809_211429898.jpg","BrowCam","/BrowCam.20260809_211429898.jpg","UserSelect","/UserSelect.20260809_211429898.jpg","","","-999.99","8.14","-999.99","-999.99","6a78edb53a81d30014ed22f5"
"2026-08-09T21:14:59.941Z","-20.3165154","-365.0361903","ASNAP","","admin","","","","","","","","","","","","","","-19727486.57","385.76","-1.3","-6.0","244.15","78.94","2.71","SciCam","/SciCam.20260809_211459941.jpg","PilotCam","/PilotCam.20260809_211459941.jpg","BrowCam","/BrowCam.20260809_211459941.jpg","UserSelect","/UserSelect.20260809_211459941.jpg","","","-999.99","8.14","-999.99","-999.99","6a78edd33a81d30014ed22f9"
"2026-08-09T21:15:29.988Z","-20.3165728","-365.0362357","ASNAP","","admin","","","","","","","","","","","","","","-19727491.31","379.40","-0.0","-5.7","302.44","79.12","2.41","SciCam","/SciCam.20260809_211529988.jpg","PilotCam","/PilotCam.20260809_211529988.jpg","BrowCam","/BrowCam.20260809_211529988.jpg","UserSelect","/UserSelect.20260809_211529988.jpg","","","-999.99","8.12","-999.99","-999.99","6a78edf13a81d30014ed22fd"
"2026-08-09T21:16:00.030Z","-20.3165639","-365.0362971","ASNAP","","admin","","","","","","","","","","","","","","-19727497.72","380.39","-1.0","-4.9","51.60","79.99","1.47","SciCam","/SciCam.20260809_211600030.jpg","PilotCam","/PilotCam.20260809_211600030.jpg","BrowCam","/BrowCam.20260809_211600030.jpg","UserSelect","/UserSelect.20260809_211600030.jpg","","","-999.99","8.12","-999.99","-999.99","6a78ee103a81d30014ed2301"
"2026-08-09T21:16:30.074Z","-20.3165576","-365.0362923","ASNAP","","admin","","","","","","","","","","","","","","-19727497.22","381.08","-1.4","-2.1","69.15","80.39","0.95","SciCam","/SciCam.20260809_211630074.jpg","PilotCam","/PilotCam.20260809_211630074.jpg","BrowCam","/BrowCam.20260809_211630074.jpg","UserSelect","/UserSelect.20260809_211630074.jpg","","","-999.99","8.13","-999.99","-999.99","6a78ee2e3a81d30014ed2305"
"2026-08-09T21:16:43.000Z","","","SulisCam","","admin","","","","","","","","","sulis_20260809211643.jpg","","","","","","","","","","","","","","","","","","","","357.687","358.653","","","","","6a7ce5f23a81d30014ed7a0c"
"2026-08-09T21:17:00.117Z","-20.3165575","-365.0362922","ASNAP","","admin","","","","","","","","","","","","","","-19727497.21","381.09","-1.3","-2.8","68.52","80.39","1.01","SciCam","/SciCam.20260809_211700117.jpg","PilotCam","/PilotCam.20260809_211700117.jpg","BrowCam","/BrowCam.20260809_211700117.jpg","UserSelect","/UserSelect.20260809_211700117.jpg","","","-999.99","8.13","-999.99","-999.99","6a78ee4c3a81d30014ed2309"
"2026-08-09T21:17:01.000Z","","","SulisCam","","admin","","","","","","","","","sulis_20260809211701.jpg","","","","","","","","","","","","","","","","","","","","357.233","358.660","","","","","6a7ce5f23a81d30014ed7a0e"
"2026-08-09T21:17:08.000Z","","","SulisCam","","admin","","","","","","","","","sulis_20260809211708.jpg","","","","","","","","","","","","","","","","","","","","356.889","358.707","","","","","6a7ce5f23a81d30014ed7a10"
"2026-08-09T21:17:11.864Z","-20.3165574","-365.0362922","Biology Type","fish on the instrument","guest","","","","","","","","","","","","","","-19727497.21","381.10","-1.3","-3.0","68.37","80.45","1.01","SciCam","/SciCam.20260809_211711864.jpg","PilotCam","/PilotCam.20260809_211711864.jpg","BrowCam","/BrowCam.20260809_211711864.jpg","UserSelect","/UserSelect.20260809_211711864.jpg","","","-999.99","8.11","-999.99","-999.99","6a78ee573a81d30014ed230d"
"2026-08-09T21:17:30.161Z","-20.3165572","-365.0362922","ASNAP","","admin","","","","","","","","","","","","","","-19727497.21","381.13","-1.3","-3.3","68.22","80.42","1.01","SciCam","/SciCam.20260809_211730161.jpg","PilotCam","/PilotCam.20260809_211730161.jpg","BrowCam","/BrowCam.20260809_211730161.jpg","UserSelect","/UserSelect.20260809_211730161.jpg","","","-999.99","8.14","-999.99","-999.99","6a78ee6a3a81d30014ed2311"
"2026-08-09T21:17:31.157Z","-20.3165572","-365.0362922","ROV Actions","grabbing hydrophone","guest","","","","","old hydrophone","(Starboard) Manipulator in use","","","","","","","","-19727497.21","381.13","-1.3","-3.3","68.22","80.41","1.01","SciCam","/SciCam.20260809_211731157.jpg","PilotCam","/PilotCam.20260809_211731157.jpg","BrowCam","/BrowCam.20260809_211731157.jpg","UserSelect","/UserSelect.20260809_211731157.jpg","","","-999.99","8.16","-999.99","-999.99","6a78ee6b3a81d30014ed2315"
"2026-08-09T21:18:00.205Z","-20.3165570","-365.0362923","ASNAP","","admin","","","","","","","","","","","","","","-19727497.22","381.15","-1.3","-3.2","67.82","80.45","1.01","SciCam","/SciCam.20260809_211800205.jpg","PilotCam","/PilotCam.20260809_211800205.jpg","BrowCam","/BrowCam.20260809_211800205.jpg","UserSelect","/UserSelect.20260809_211800205.jpg","","","-999.99","8.18","-999.99","-999.99","6a78ee883a81d30014ed2319"
"2026-08-09T21:18:10.960Z","-20.3165569","-365.0362921","ROV Actions","Grabbing old hydrophone","guest","","","","","","(Port) Manipulator in use","","","","","","","","-19727497.20","381.16","-1.3","-3.2","67.74","80.45","1.01","SciCam","/SciCam.20260809_211810960.jpg","PilotCam","/PilotCam.20260809_211810960.jpg","BrowCam","/BrowCam.20260809_211810960.jpg","UserSelect","/UserSelect.20260809_211810960.jpg","","","-999.99","8.14","-999.99","-999.99","6a78ee923a81d30014ed231d"
"2026-08-09T21:18:26.000Z","","","SulisCam","","admin","","","","","","","","","sulis_20260809211826.jpg","","","","","","","","","","","","","","","","","","","","356.683","358.717","","","","","6a7ce5f23a81d30014ed7a12"
"2026-08-09T21:18:30.237Z","-20.3165569","-365.0362919","ASNAP","","admin","","","","","","","","","","","","","","-19727497.18","381.16","-1.3","-3.6","67.49","80.42","1.01","SciCam","/SciCam.20260809_211830237.jpg","PilotCam","/PilotCam.20260809_211830237.jpg","BrowCam","/BrowCam.20260809_211830237.jpg","UserSelect","/UserSelect.20260809_211830237.jpg","","","-999.99","8.15","-999.99","-999.99","6a78eea63a81d30014ed2321"
"2026-08-09T21:19:00.282Z","-20.3165561","-365.0362928","ASNAP","","admin","","","","","","","","","","","","","","-19727497.27","381.25","-1.9","-8.7","74.32","80.28","1.18","SciCam","/SciCam.20260809_211900282.jpg","PilotCam","/PilotCam.20260809_211900282.jpg","BrowCam","/BrowCam.20260809_211900282.jpg","UserSelect","/UserSelect.20260809_211900282.jpg","","","-999.99","8.15","-999.99","-999.99","6a78eec43a81d30014ed2325"
"2026-08-09T21:19:30.298Z","-20.3165463","-365.0362710","ASNAP","","admin","","","","","","","","","","","","","","-19727495.00","382.33","1.1","-9.3","67.75","79.69","1.87","SciCam","/SciCam.20260809_211930298.jpg","PilotCam","/PilotCam.20260809_211930298.jpg","BrowCam","/BrowCam.20260809_211930298.jpg","UserSelect","/UserSelect.20260809_211930298.jpg","","","-999.99","8.17","-999.99","-999.99","6a78eee23a81d30014ed2329"
"2026-08-09T21:20:00.344Z","-20.3165064","-365.0362157","ASNAP","","admin","","","","","","","","","","","","","","-19727489.22","386.75","-0.6","-9.5","62.77","79.17","1.92","SciCam","/SciCam.20260809_212000344.jpg","PilotCam","/PilotCam.20260809_212000344.jpg","BrowCam","/BrowCam.20260809_212000344.jpg","UserSelect","/UserSelect.20260809_212000344.jpg","","","-999.99","8.16","-999.99","-999.99","6a78ef003a81d30014ed232d"
"2026-08-09T21:20:30.388Z","-20.3164699","-365.0362213","ASNAP","","admin","","","","","","","","","","","","","","-19727489.81","390.79","-2.2","-8.3","78.24","80.04","1.82","SciCam","/SciCam.20260809_212030388.jpg","PilotCam","/PilotCam.20260809_212030388.jpg","BrowCam","/BrowCam.20260809_212030388.jpg","UserSelect","/UserSelect.20260809_212030388.jpg","","","-999.99","8.13","-999.99","-999.99","6a78ef1e3a81d30014ed2331"
"2026-08-09T21:21:00.431Z","-20.3164730","-365.0361987","ASNAP","","admin","","","","","","","","","","","","","","-19727487.44","390.45","-1.0","-10.0","161.00","79.28","2.59","SciCam","/SciCam.20260809_212100431.jpg","PilotCam","/PilotCam.20260809_212100431.jpg","BrowCam","/BrowCam.20260809_212100431.jpg","UserSelect","/UserSelect.20260809_212100431.jpg","","","-999.99","8.14","-999.99","-999.99","6a78ef3c3a81d30014ed2335"
"2026-08-09T21:21:30.476Z","-20.3164981","-365.0361732","ASNAP","","admin","","","","","","","","","","","","","","-19727484.78","387.67","1.7","-11.2","251.95","79.39","2.25","SciCam","/SciCam.20260809_212130476.jpg","PilotCam","/PilotCam.20260809_212130476.jpg","BrowCam","/BrowCam.20260809_212130476.jpg","UserSelect","/UserSelect.20260809_212130476.jpg","","","-999.99","8.14","-999.99","-999.99","6a78ef5a3a81d30014ed2339"
"2026-08-09T21:22:00.511Z","-20.3165123","-365.0361989","ASNAP","","admin","","","","","","","","","","","","","","-19727487.47","386.10","-0.3","-8.5","300.66","79.07","2.64","SciCam","/SciCam.20260809_212200511.jpg","PilotCam","/PilotCam.20260809_212200511.jpg","BrowCam","/BrowCam.20260809_212200511.jpg","UserSelect","/UserSelect.20260809_212200511.jpg","","","-999.99","8.14","-999.99","-999.99","6a78ef783a81d30014ed233d"
"2026-08-09T21:22:17.000Z","","","SulisCam","","admin","","","","","","","","","sulis_20260809212217.jpg","","","","","","","","","","","","","","","","","","","","350.217","236.555","","","","","6a7ce5f23a81d30014ed7a14"
"2026-08-09T21:22:30.529Z","-20.3165213","-365.0362210","ASNAP","","admin","","","","","","","","","","","","","","-19727489.77","385.10","1.8","-9.6","325.02","79.84","1.87","SciCam","/SciCam.20260809_212230529.jpg","PilotCam","/PilotCam.20260809_212230529.jpg","BrowCam","/BrowCam.20260809_212230529.jpg","UserSelect","/UserSelect.20260809_212230529.jpg","","","-999.99","8.11","-999.99","-999.99","6a78ef963a81d30014ed2341"
"2026-08-09T21:23:00.574Z","-20.3165224","-365.0362198","ASNAP","","admin","","","","","","","","","","","","","","-19727489.65","384.98","-2.7","-2.1","321.66","80.44","0.98","SciCam","/SciCam.20260809_212300574.jpg","PilotCam","/PilotCam.20260809_212300574.jpg","BrowCam","/BrowCam.20260809_212300574.jpg","UserSelect","/UserSelect.20260809_212300574.jpg","","","-999.99","8.08","-999.99","-999.99","6a78efb43a81d30014ed2345"
"2026-08-09T21:23:16.416Z","-20.3165221","-365.0362198","ROV Actions","let go of old hydrophone","guest","","","","","","(Port) Manipulator in use","","","","","","","","-19727489.65","385.01","-2.7","-2.8","321.69","80.39","1.03","SciCam","/SciCam.20260809_212316416.jpg","PilotCam","/PilotCam.20260809_212316416.jpg","BrowCam","/BrowCam.20260809_212316416.jpg","UserSelect","/UserSelect.20260809_212316416.jpg","","","-999.99","8.14","-999.99","-999.99","6a78efc43a81d30014ed2349"
"2026-08-09T21:23:30.617Z","-20.3165219","-365.0362199","ASNAP","","admin","","","","","","","","","","","","","","-19727489.66","385.04","-2.7","-2.7","321.68","80.39","1.01","SciCam","/SciCam.20260809_212330617.jpg","PilotCam","/PilotCam.20260809_212330617.jpg","BrowCam","/BrowCam.20260809_212330617.jpg","UserSelect","/UserSelect.20260809_212330617.jpg","","","-999.99","8.11","-999.99","-999.99","6a78efd23a81d30014ed234d"
"2026-08-09T21:24:00.661Z","-20.3165214","-365.0362202","ASNAP","","admin","","","","","","","","","","","","","","-19727489.69","385.09","-2.7","-3.2","321.70","80.45","1.06","SciCam","/SciCam.20260809_212400661.jpg","PilotCam","/PilotCam.20260809_212400661.jpg","BrowCam","/BrowCam.20260809_212400661.jpg","UserSelect","/UserSelect.20260809_212400661.jpg","","","-999.99","8.15","-999.99","-999.99","6a78eff03a81d30014ed2351"
"2026-08-09T21:24:30.676Z","-20.3165212","-365.0362206","ASNAP","","admin","","","","","","","","","","","","","","-19727489.73","385.11","-2.7","-3.6","321.70","80.46","1.08","SciCam","/SciCam.20260809_212430676.jpg","PilotCam","/PilotCam.20260809_212430676.jpg","BrowCam","/BrowCam.20260809_212430676.jpg","UserSelect","/UserSelect.20260809_212430676.jpg","","","-999.99","8.12","-999.99","-999.99","6a78f00e3a81d30014ed2355"
"2026-08-09T21:25:00.720Z","-20.3165212","-365.0362208","ASNAP","","admin","","","","","","","","","","","","","","-19727489.75","385.11","-2.8","-3.7","321.62","80.36","1.08","SciCam","/SciCam.20260809_212500720.jpg","PilotCam","/PilotCam.20260809_212500720.jpg","BrowCam","/BrowCam.20260809_212500720.jpg","UserSelect","/UserSelect.20260809_212500720.jpg","","","-999.99","8.15","-999.99","-999.99","6a78f02c3a81d30014ed2359"
"2026-08-09T21:25:30.740Z","-20.3165210","-365.0362212","ASNAP","","admin","","","","","","","","","","","","","","-19727489.79","385.13","-2.8","-3.8","321.62","80.31","1.08","SciCam","/SciCam.20260809_212530740.jpg","PilotCam","/PilotCam.20260809_212530740.jpg","BrowCam","/BrowCam.20260809_212530740.jpg","UserSelect","/UserSelect.20260809_212530740.jpg","","","-999.99","8.10","-999.99","-999.99","6a78f04a3a81d30014ed235d"
"2026-08-09T21:26:00.781Z","-20.3165189","-365.0362235","ASNAP","","admin","","","","","","","","","","","","","","-19727490.03","385.37","-2.8","-3.3","320.70","80.43","1.01","SciCam","/SciCam.20260809_212600781.jpg","PilotCam","/PilotCam.20260809_212600781.jpg","BrowCam","/BrowCam.20260809_212600781.jpg","UserSelect","/UserSelect.20260809_212600781.jpg","","","-999.99","8.12","-999.99","-999.99","6a78f0683a81d30014ed2361"
"2026-08-09T21:26:30.826Z","-20.3165190","-365.0362238","ASNAP","","admin","","","","","","","","","","","","","","-19727490.07","385.36","-2.8","-3.7","320.69","80.52","1.03","SciCam","/SciCam.20260809_212630826.jpg","PilotCam","/PilotCam.20260809_212630826.jpg","BrowCam","/BrowCam.20260809_212630826.jpg","UserSelect","/UserSelect.20260809_212630826.jpg","","","-999.99","8.15","-999.99","-999.99","6a78f0863a81d30014ed2365"
"2026-08-09T21:27:00.871Z","-20.3165190","-365.0362237","ASNAP","","admin","","","","","","","","","","","","","","-19727490.06","385.36","-2.8","-2.4","321.52","80.44","1.03","SciCam","/SciCam.20260809_212700871.jpg","PilotCam","/PilotCam.20260809_212700871.jpg","BrowCam","/BrowCam.20260809_212700871.jpg","UserSelect","/UserSelect.20260809_212700871.jpg","","","-999.99","8.14","-999.99","-999.99","6a78f0a43a81d30014ed2369"
"2026-08-09T21:27:01.979Z","-20.3165189","-365.0362237","FREE_FORM","hydrophone in recovery position","guest","","","","","","","","","","","","","","-19727490.06","385.37","-2.9","-2.5","321.86","80.45","1.01","SciCam","/SciCam.20260809_212701979.jpg","PilotCam","/PilotCam.20260809_212701979.jpg","BrowCam","/BrowCam.20260809_212701979.jpg","UserSelect","/UserSelect.20260809_212701979.jpg","","","-999.99","8.18","-999.99","-999.99","6a78f0a53a81d30014ed236d"
"2026-08-09T21:27:23.317Z","-20.3165201","-365.0362250","ROV Actions","let go of old hydrophone","guest","","","","","","(Starboard) Manipulator in use","","","","","","","","-19727490.19","385.23","-2.7","-0.1","312.07","80.47","0.90","SciCam","/SciCam.20260809_212723317.jpg","PilotCam","/PilotCam.20260809_212723317.jpg","BrowCam","/BrowCam.20260809_212723317.jpg","UserSelect","/UserSelect.20260809_212723317.jpg","","","-999.99","8.13","-999.99","-999.99","6a78f0bb3a81d30014ed2371"
"2026-08-09T21:27:30.916Z","-20.3165204","-365.0362252","ASNAP","","admin","","","","","","","","","","","","","","-19727490.21","385.20","-3.7","-1.6","312.27","80.38","0.90","SciCam","/SciCam.20260809_212730916.jpg","PilotCam","/PilotCam.20260809_212730916.jpg","BrowCam","/BrowCam.20260809_212730916.jpg","UserSelect","/UserSelect.20260809_212730916.jpg","","","-999.99","8.14","-999.99","-999.99","6a78f0c23a81d30014ed2375"
"2026-08-09T21:28:00.961Z","-20.3165229","-365.0362233","ASNAP","","admin","","","","","","","","","","","","","","-19727490.01","384.93","-3.1","-2.5","314.09","80.48","1.01","SciCam","/SciCam.20260809_212800961.jpg","PilotCam","/PilotCam.20260809_212800961.jpg","BrowCam","/BrowCam.20260809_212800961.jpg","UserSelect","/UserSelect.20260809_212800961.jpg","","","-999.99","8.14","-999.99","-999.99","6a78f0e03a81d30014ed2379"
"2026-08-09T21:28:30.988Z","-20.3165223","-365.0362234","ASNAP","","admin","","","","","","","","","","","","","","-19727490.02","384.99","-2.7","-0.3","315.01","80.40","1.01","SciCam","/SciCam.20260809_212830988.jpg","PilotCam","/PilotCam.20260809_212830988.jpg","BrowCam","/BrowCam.20260809_212830988.jpg","UserSelect","/UserSelect.20260809_212830988.jpg","","","-999.99","8.12","-999.99","-999.99","6a78f0fe3a81d30014ed237d"
"2026-08-09T21:28:38.228Z","-20.3165226","-365.0362236","ROV Actions","attempting to get top half of hydrophone locked in","guest","","","","","","(Starboard) Manipulator in use","","","","","","","","-19727490.05","384.96","-3.2","3.7","313.06","80.42","0.90","SciCam","/SciCam.20260809_212838228.jpg","PilotCam","/PilotCam.20260809_212838228.jpg","BrowCam","/BrowCam.20260809_212838228.jpg","UserSelect","/UserSelect.20260809_212838228.jpg","","","-999.99","8.16","-999.99","-999.99","6a78f1063a81d30014ed2381"
"2026-08-09T21:29:01.029Z","-20.3165185","-365.0362216","ASNAP","","admin","","","","","","","","","","","","","","-19727489.84","385.41","-2.0","-5.1","314.10","80.28","1.08","SciCam","/SciCam.20260809_212901029.jpg","PilotCam","/PilotCam.20260809_212901029.jpg","BrowCam","/BrowCam.20260809_212901029.jpg","UserSelect","/UserSelect.20260809_212901029.jpg","","","-999.99","8.15","-999.99","-999.99","6a78f11d3a81d30014ed2385"
"2026-08-09T21:29:31.074Z","-20.3165169","-365.0362287","ASNAP","","admin","","","","","","","","","","","","","","-19727490.58","385.59","-2.4","-3.0","330.46","80.44","1.03","SciCam","/SciCam.20260809_212931074.jpg","PilotCam","/PilotCam.20260809_212931074.jpg","BrowCam","/BrowCam.20260809_212931074.jpg","UserSelect","/UserSelect.20260809_212931074.jpg","","","-999.99","8.16","-999.99","-999.99","6a78f13b3a81d30014ed2389"
"2026-08-09T21:29:35.195Z","-20.3165170","-365.0362286","ROV Actions","attempting to lock top half of hydrophone","guest","","","","","","(Starboard) Manipulator in use","","","","","","","","-19727490.57","385.58","-2.6","-2.4","330.63","80.39","1.01","SciCam","/SciCam.20260809_212935195.jpg","PilotCam","/PilotCam.20260809_212935195.jpg","BrowCam","/BrowCam.20260809_212935195.jpg","UserSelect","/UserSelect.20260809_212935195.jpg","","","-999.99","8.14","-999.99","-999.99","6a78f13f3a81d30014ed238d"
"2026-08-09T21:30:01.108Z","-20.3165177","-365.0362300","ASNAP","","admin","","","","","","","","","","","","","","-19727490.71","385.50","-3.2","2.4","324.17","80.48","0.90","SciCam","/SciCam.20260809_213001108.jpg","PilotCam","/PilotCam.20260809_213001108.jpg","BrowCam","/BrowCam.20260809_213001108.jpg","UserSelect","/UserSelect.20260809_213001108.jpg","","","-999.99","8.11","-999.99","-999.99","6a78f1593a81d30014ed2391"
"2026-08-09T21:30:21.675Z","-20.3165188","-365.0362297","ROV Actions","stopped pushing, successfully locked top half of hydrophone in ","guest","","","","","","(Starboard) Manipulator in use","","","","","","","","-19727490.68","385.38","-2.4","-2.4","322.53","80.49","0.85","SciCam","/SciCam.20260809_213021675.jpg","PilotCam","/PilotCam.20260809_213021675.jpg","BrowCam","/BrowCam.20260809_213021675.jpg","UserSelect","/UserSelect.20260809_213021675.jpg","","","-999.99","8.17","-999.99","-999.99","6a78f16d3a81d30014ed2395"
"2026-08-09T21:30:31.153Z","-20.3165181","-365.0362299","ASNAP","","admin","","","","","","","","","","","","","","-19727490.70","385.46","-2.4","-2.8","323.81","80.43","1.06","SciCam","/SciCam.20260809_213031153.jpg","PilotCam","/PilotCam.20260809_213031153.jpg","BrowCam","/BrowCam.20260809_213031153.jpg","UserSelect","/UserSelect.20260809_213031153.jpg","","","-999.99","8.15","-999.99","-999.99","6a78f1773a81d30014ed2399"
"2026-08-09T21:30:36.000Z","","","SulisCam","","admin","","","","","","","","","sulis_20260809213036.jpg","","","","","","","","","","","","","","","","","","","","357.244","357.627","","","","","6a7ce5f23a81d30014ed7a16"
"2026-08-09T21:31:01.199Z","-20.3165316","-365.0362240","ASNAP","","admin","","","","","","","","","","","","","","-19727490.09","383.96","-1.0","-5.3","285.62","78.93","2.46","SciCam","/SciCam.20260809_213101199.jpg","PilotCam","/PilotCam.20260809_213101199.jpg","BrowCam","/BrowCam.20260809_213101199.jpg","UserSelect","/UserSelect.20260809_213101199.jpg","","","-999.99","8.14","-999.99","-999.99","6a78f1953a81d30014ed239d"
"2026-08-09T21:31:31.237Z","-20.3165201","-365.0362192","ASNAP","","admin","","","","","","","","","","","","","","-19727489.59","385.24","-1.0","-5.8","5.65","76.46","5.03","SciCam","/SciCam.20260809_213131237.jpg","PilotCam","/PilotCam.20260809_213131237.jpg","BrowCam","/BrowCam.20260809_213131237.jpg","UserSelect","/UserSelect.20260809_213131237.jpg","","","-999.99","8.10","-999.99","-999.99","6a78f1b33a81d30014ed23a1"
"2026-08-09T21:32:01.277Z","-20.3164902","-365.0362276","ASNAP","","admin","","","","","","","","","","","","","","-19727490.46","388.55","-0.6","-6.0","288.91","76.72","4.86","SciCam","/SciCam.20260809_213201277.jpg","PilotCam","/PilotCam.20260809_213201277.jpg","BrowCam","/BrowCam.20260809_213201277.jpg","UserSelect","/UserSelect.20260809_213201277.jpg","","","-999.99","8.12","-999.99","-999.99","6a78f1d13a81d30014ed23a5"
"2026-08-09T21:32:31.321Z","-20.3164591","-365.0362416","ASNAP","","admin","","","","","","","","","","","","","","-19727491.93","391.99","-0.8","-6.0","305.94","75.69","5.92","SciCam","/SciCam.20260809_213231321.jpg","PilotCam","/PilotCam.20260809_213231321.jpg","BrowCam","/BrowCam.20260809_213231321.jpg","UserSelect","/UserSelect.20260809_213231321.jpg","","","-999.99","8.11","-999.99","-999.99","6a78f1ef3a81d30014ed23a9"
"2026-08-09T21:33:01.365Z","-20.3164893","-365.0362902","ASNAP","","admin","","","","","","","","","","","","","","-19727497.00","388.64","-0.8","-5.4","12.86","76.26","5.54","SciCam","/SciCam.20260809_213301365.jpg","PilotCam","/PilotCam.20260809_213301365.jpg","BrowCam","/BrowCam.20260809_213301365.jpg","UserSelect","/UserSelect.20260809_213301365.jpg","","","-999.99","8.14","-999.99","-999.99","6a78f20d3a81d30014ed23ad"
"2026-08-09T21:33:31.409Z","-20.3164612","-365.0363138","ASNAP","","admin","","","","","","","","","","","","","","-19727499.46","391.76","-3.0","-5.8","17.96","80.20","1.57","SciCam","/SciCam.20260809_213331409.jpg","PilotCam","/PilotCam.20260809_213331409.jpg","BrowCam","/BrowCam.20260809_213331409.jpg","UserSelect","/UserSelect.20260809_213331409.jpg","","","-999.99","8.13","-999.99","-999.99","6a78f22b3a81d30014ed23b1"
"2026-08-09T21:33:36.000Z","","","SulisCam","","admin","","","","","","","","","sulis_20260809213336.jpg","","","","","","","","","","","","","","","","","","","","357.148","355.773","","","","","6a7ce5f23a81d30014ed7a18"
"2026-08-09T21:34:01.426Z","-20.3164613","-365.0363143","ASNAP","","admin","","","","","","","","","","","","","","-19727499.52","391.74","-4.3","-2.9","13.52","80.58","1.01","SciCam","/SciCam.20260809_213401426.jpg","PilotCam","/PilotCam.20260809_213401426.jpg","BrowCam","/BrowCam.20260809_213401426.jpg","UserSelect","/UserSelect.20260809_213401426.jpg","","","-999.99","8.11","-999.99","-999.99","6a78f2493a81d30014ed23b5"
"2026-08-09T21:34:13.359Z","-20.3164612","-365.0363142","ROV Actions","grabbing wire of new hydrophone","guest","","","","","","(Starboard) Manipulator in use","","","","","","","","-19727499.51","391.75","-4.4","-2.9","13.52","80.57","1.01","SciCam","/SciCam.20260809_213413359.jpg","PilotCam","/PilotCam.20260809_213413359.jpg","BrowCam","/BrowCam.20260809_213413359.jpg","UserSelect","/UserSelect.20260809_213413359.jpg","","","-999.99","8.10","-999.99","-999.99","6a78f2553a81d30014ed23b9"
"2026-08-09T21:34:31.467Z","-20.3164621","-365.0363158","ASNAP","","admin","","","","","","","","","","","","","","-19727499.67","391.65","-1.3","-4.9","7.96","80.28","1.16","SciCam","/SciCam.20260809_213431467.jpg","PilotCam","/PilotCam.20260809_213431467.jpg","BrowCam","/BrowCam.20260809_213431467.jpg","UserSelect","/UserSelect.20260809_213431467.jpg","","","-999.99","8.10","-999.99","-999.99","6a78f2673a81d30014ed23bd"
"2026-08-09T21:35:01.485Z","-20.3164654","-365.0363120","ASNAP","","admin","","","","","","","","","","","","","","-19727499.28","391.29","-3.7","-3.1","3.78","80.54","1.01","SciCam","/SciCam.20260809_213501485.jpg","PilotCam","/PilotCam.20260809_213501485.jpg","BrowCam","/BrowCam.20260809_213501485.jpg","UserSelect","/UserSelect.20260809_213501485.jpg","","","-999.99","8.16","-999.99","-999.99","6a78f2853a81d30014ed23c1"
"2026-08-09T21:35:12.883Z","-20.3164653","-365.0363120","ROV Actions","let go of hydrophone wire","guest","","","","","","(Starboard) Manipulator in use","","","","","","","","-19727499.28","391.30","-3.7","-3.1","3.78","80.48","1.01","SciCam","/SciCam.20260809_213512883.jpg","PilotCam","/PilotCam.20260809_213512883.jpg","BrowCam","/BrowCam.20260809_213512883.jpg","UserSelect","/UserSelect.20260809_213512883.jpg","","","-999.99","8.16","-999.99","-999.99","6a78f2903a81d30014ed23c5"
"2026-08-09T21:35:31.529Z","-20.3164652","-365.0363120","ASNAP","","admin","","","","","","","","","","","","","","-19727499.28","391.31","-3.7","-3.1","3.78","80.50","1.01","SciCam","/SciCam.20260809_213531529.jpg","PilotCam","/PilotCam.20260809_213531529.jpg","BrowCam","/BrowCam.20260809_213531529.jpg","UserSelect","/UserSelect.20260809_213531529.jpg","","","-999.99","8.13","-999.99","-999.99","6a78f2a33a81d30014ed23c9"
"2026-08-09T21:36:01.574Z","-20.3164649","-365.0363120","ASNAP","","admin","","","","","","","","","","","","","","-19727499.28","391.34","-3.7","-3.1","3.79","80.47","1.01","SciCam","/SciCam.20260809_213601574.jpg","PilotCam","/PilotCam.20260809_213601574.jpg","BrowCam","/BrowCam.20260809_213601574.jpg","UserSelect","/UserSelect.20260809_213601574.jpg","","","-999.99","8.14","-999.99","-999.99","6a78f2c13a81d30014ed23cd"
"2026-08-09T21:36:05.562Z","-20.3164649","-365.0363120","WATCH_CHANGE","for adam (engineer)","guest","Ronnie","","","","","","","","","","","","","-19727499.28","391.34","-3.7","-3.1","3.80","80.46","1.01","SciCam","/SciCam.20260809_213605562.jpg","PilotCam","/PilotCam.20260809_213605562.jpg","BrowCam","/BrowCam.20260809_213605562.jpg","UserSelect","/UserSelect.20260809_213605562.jpg","","","-999.99","8.13","-999.99","-999.99","6a78f2c53a81d30014ed23d1"
"2026-08-09T21:36:31.617Z","-20.3164647","-365.0363119","ASNAP","","admin","","","","","","","","","","","","","","-19727499.27","391.37","-3.7","-3.1","3.80","80.49","1.01","SciCam","/SciCam.20260809_213631617.jpg","PilotCam","/PilotCam.20260809_213631617.jpg","BrowCam","/BrowCam.20260809_213631617.jpg","UserSelect","/UserSelect.20260809_213631617.jpg","","","-999.99","8.14","-999.99","-999.99","6a78f2df3a81d30014ed23d5"
"2026-08-09T21:37:01.662Z","-20.3164645","-365.0363120","ASNAP","","admin","","","","","","","","","","","","","","-19727499.28","391.39","-3.7","-3.1","3.80","80.54","1.01","SciCam","/SciCam.20260809_213701662.jpg","PilotCam","/PilotCam.20260809_213701662.jpg","BrowCam","/BrowCam.20260809_213701662.jpg","UserSelect","/UserSelect.20260809_213701662.jpg","","","-999.99","8.15","-999.99","-999.99","6a78f2fd3a81d30014ed23d9"
"2026-08-09T21:37:31.679Z","-20.3164523","-365.0363274","ASNAP","","admin","","","","","","","","","","","","","","-19727500.89","392.74","-1.3","-5.9","63.37","80.43","1.31","SciCam","/SciCam.20260809_213731679.jpg","PilotCam","/PilotCam.20260809_213731679.jpg","BrowCam","/BrowCam.20260809_213731679.jpg","UserSelect","/UserSelect.20260809_213731679.jpg","","","-999.99","8.17","-999.99","-999.99","6a78f31b3a81d30014ed23dd"
"2026-08-09T21:38:01.724Z","-20.3164253","-365.0363207","ASNAP","","admin","","","","","","","","","","","","","","-19727500.19","395.73","-1.4","-5.5","108.32","80.69","1.29","SciCam","/SciCam.20260809_213801724.jpg","PilotCam","/PilotCam.20260809_213801724.jpg","BrowCam","/BrowCam.20260809_213801724.jpg","UserSelect","/UserSelect.20260809_213801724.jpg","","","-999.99","8.15","-999.99","-999.99","6a78f3393a81d30014ed23e1"
"2026-08-09T21:38:31.757Z","-20.3164236","-365.0363065","ASNAP","","admin","","","","","","","","","","","","","","-19727498.70","395.92","-1.7","-3.7","144.23","80.69","1.08","SciCam","/SciCam.20260809_213831757.jpg","PilotCam","/PilotCam.20260809_213831757.jpg","BrowCam","/BrowCam.20260809_213831757.jpg","UserSelect","/UserSelect.20260809_213831757.jpg","","","-999.99","8.15","-999.99","-999.99","6a78f3573a81d30014ed23e5"
"2026-08-09T21:39:01.787Z","-20.3164229","-365.0363061","ASNAP","","admin","","","","","","","","","","","","","","-19727498.66","396.00","-1.3","-1.8","144.14","80.73","0.90","SciCam","/SciCam.20260809_213901787.jpg","PilotCam","/PilotCam.20260809_213901787.jpg","BrowCam","/BrowCam.20260809_213901787.jpg","UserSelect","/UserSelect.20260809_213901787.jpg","","","-999.99","8.16","-999.99","-999.99","6a78f3753a81d30014ed23e9"
"2026-08-09T21:39:09.000Z","","","SulisCam","","admin","","","","","","","","","sulis_20260809213909.jpg","","","","","","","","","","","","","","","","","","","","358.137","358.720","","","","","6a7ce5f23a81d30014ed7a1a"
"2026-08-09T21:39:21.032Z","-20.3164220","-365.0363058","ROV Actions","lifting release latch on new hydrophone","guest","","","","","","(Starboard) Manipulator in use","","","","","","","","-19727498.63","396.09","-1.3","-1.9","144.14","80.71","0.90","SciCam","/SciCam.20260809_213921032.jpg","PilotCam","/PilotCam.20260809_213921032.jpg","BrowCam","/BrowCam.20260809_213921032.jpg","UserSelect","/UserSelect.20260809_213921032.jpg","","","-999.99","8.15","-999.99","-999.99","6a78f3893a81d30014ed23ed"
"2026-08-09T21:39:31.832Z","-20.3164215","-365.0363057","ASNAP","","admin","","","","","","","","","","","","","","-19727498.62","396.15","-1.2","-1.9","144.31","80.76","0.90","SciCam","/SciCam.20260809_213931832.jpg","PilotCam","/PilotCam.20260809_213931832.jpg","BrowCam","/BrowCam.20260809_213931832.jpg","UserSelect","/UserSelect.20260809_213931832.jpg","","","-999.99","8.15","-999.99","-999.99","6a78f3933a81d30014ed23f1"
"2026-08-09T21:40:01.877Z","-20.3164263","-365.0363190","ASNAP","","admin","","","","","","","","","","","","","","-19727500.01","395.62","-2.4","-5.6","130.50","80.12","1.77","SciCam","/SciCam.20260809_214001877.jpg","PilotCam","/PilotCam.20260809_214001877.jpg","BrowCam","/BrowCam.20260809_214001877.jpg","UserSelect","/UserSelect.20260809_214001877.jpg","","","-999.99","8.11","-999.99","-999.99","6a78f3b13a81d30014ed23f5"
"2026-08-09T21:40:31.921Z","-20.3164343","-365.0363233","ASNAP","","admin","","","","","","","","","","","","","","-19727500.46","394.73","-2.1","0.0","108.64","80.81","1.08","SciCam","/SciCam.20260809_214031921.jpg","PilotCam","/PilotCam.20260809_214031921.jpg","BrowCam","/BrowCam.20260809_214031921.jpg","UserSelect","/UserSelect.20260809_214031921.jpg","","","-999.99","8.15","-999.99","-999.99","6a78f3cf3a81d30014ed23f9"
"2026-08-09T21:41:01.947Z","-20.3164344","-365.0363232","ASNAP","","admin","","","","","","","","","","","","","","-19727500.45","394.72","-2.0","-0.7","108.64","80.80","1.08","SciCam","/SciCam.20260809_214101947.jpg","PilotCam","/PilotCam.20260809_214101947.jpg","BrowCam","/BrowCam.20260809_214101947.jpg","UserSelect","/UserSelect.20260809_214101947.jpg","","","-999.99","8.16","-999.99","-999.99","6a78f3ed3a81d30014ed23fd"
"2026-08-09T21:41:31.965Z","-20.3164343","-365.0363233","ASNAP","","admin","","","","","","","","","","","","","","-19727500.46","394.73","-2.0","-0.8","108.63","80.79","1.08","SciCam","/SciCam.20260809_214131965.jpg","PilotCam","/PilotCam.20260809_214131965.jpg","BrowCam","/BrowCam.20260809_214131965.jpg","UserSelect","/UserSelect.20260809_214131965.jpg","","","-999.99","8.10","-999.99","-999.99","6a78f40b3a81d30014ed2401"
"2026-08-09T21:42:01.985Z","-20.3164344","-365.0363232","ASNAP","","admin","","","","","","","","","","","","","","-19727500.45","394.72","-2.0","-1.1","108.63","80.76","1.08","SciCam","/SciCam.20260809_214201985.jpg","PilotCam","/PilotCam.20260809_214201985.jpg","BrowCam","/BrowCam.20260809_214201985.jpg","UserSelect","/UserSelect.20260809_214201985.jpg","","","-999.99","8.14","-999.99","-999.99","6a78f4293a81d30014ed2405"
"2026-08-09T21:42:32.029Z","-20.3164344","-365.0363231","ASNAP","","admin","","","","","","","","","","","","","","-19727500.44","394.72","-2.0","-3.1","109.02","80.85","1.13","SciCam","/SciCam.20260809_214232029.jpg","PilotCam","/PilotCam.20260809_214232029.jpg","BrowCam","/BrowCam.20260809_214232029.jpg","UserSelect","/UserSelect.20260809_214232029.jpg","","","-999.99","8.14","-999.99","-999.99","6a78f4483a81d30014ed2409"
"2026-08-09T21:42:42.965Z","-20.3164344","-365.0363231","ROV Actions","grabbing new hydrophone","guest","","","","","","(Starboard) Manipulator in use","","","","","","","","-19727500.44","394.72","-2.0","-3.0","109.00","80.75","1.16","SciCam","/SciCam.20260809_214242965.jpg","PilotCam","/PilotCam.20260809_214242965.jpg","BrowCam","/BrowCam.20260809_214242965.jpg","UserSelect","/UserSelect.20260809_214242965.jpg","","","-999.99","8.11","-999.99","-999.99","6a78f4523a81d30014ed240d"
"2026-08-09T21:42:55.425Z","-20.3164343","-365.0363231","ROV Actions","grabbing new hydrophone","guest","","","","","","(Port) Manipulator in use","","","","","","","","-19727500.44","394.73","-2.0","-3.0","109.00","80.79","1.16","SciCam","/SciCam.20260809_214255425.jpg","PilotCam","/PilotCam.20260809_214255425.jpg","BrowCam","/BrowCam.20260809_214255425.jpg","UserSelect","/UserSelect.20260809_214255425.jpg","","","-999.99","8.16","-999.99","-999.99","6a78f45f3a81d30014ed2411"
"2026-08-09T21:43:02.073Z","-20.3164343","-365.0363231","ASNAP","","admin","","","","","","","","","","","","","","-19727500.44","394.73","-2.0","-3.0","109.00","80.71","1.16","SciCam","/SciCam.20260809_214302073.jpg","PilotCam","/PilotCam.20260809_214302073.jpg","BrowCam","/BrowCam.20260809_214302073.jpg","UserSelect","/UserSelect.20260809_214302073.jpg","","","-999.99","8.15","-999.99","-999.99","6a78f4663a81d30014ed2415"
"2026-08-09T21:43:32.118Z","-20.3164334","-365.0363237","ASNAP","","admin","","","","","","","","","","","","","","-19727500.50","394.83","-1.8","-14.2","107.72","80.03","2.43","SciCam","/SciCam.20260809_214332118.jpg","PilotCam","/PilotCam.20260809_214332118.jpg","BrowCam","/BrowCam.20260809_214332118.jpg","UserSelect","/UserSelect.20260809_214332118.jpg","","","-999.99","8.25","-999.99","-999.99","6a78f4843a81d30014ed2419"
"2026-08-09T21:44:02.161Z","-20.3164512","-365.0363355","ASNAP","","admin","","","","","","","","","","","","","","-19727501.73","392.86","-0.8","-14.8","101.65","79.41","2.13","SciCam","/SciCam.20260809_214402161.jpg","PilotCam","/PilotCam.20260809_214402161.jpg","BrowCam","/BrowCam.20260809_214402161.jpg","UserSelect","/UserSelect.20260809_214402161.jpg","","","-999.99","8.14","-999.99","-999.99","6a78f4a23a81d30014ed241d"
"2026-08-09T21:44:10.622Z","-20.3164564","-365.0363335","NAV","South 10 meters","guest","","","","","","","Ship moving","","","","","","","-19727501.52","392.29","-1.9","-15.0","86.51","78.90","2.91","SciCam","/SciCam.20260809_214410622.jpg","PilotCam","/PilotCam.20260809_214410622.jpg","BrowCam","/BrowCam.20260809_214410622.jpg","UserSelect","/UserSelect.20260809_214410622.jpg","","","-999.99","8.23","-999.99","-999.99","6a78f4aa3a81d30014ed2421"
"2026-08-09T21:44:32.206Z","-20.3164654","-365.0363268","ASNAP","","admin","","","","","","","","","","","","","","-19727500.82","391.29","-1.0","-15.0","73.03","79.81","1.69","SciCam","/SciCam.20260809_214432206.jpg","PilotCam","/PilotCam.20260809_214432206.jpg","BrowCam","/BrowCam.20260809_214432206.jpg","UserSelect","/UserSelect.20260809_214432206.jpg","","","-999.99","8.11","-999.99","-999.99","6a78f4c03a81d30014ed2425"
"2026-08-09T21:45:02.250Z","-20.3164696","-365.0363496","ASNAP","","admin","","","","","","","","","","","","","","-19727503.20","390.82","-2.2","-15.0","74.04","78.20","3.86","SciCam","/SciCam.20260809_214502250.jpg","PilotCam","/PilotCam.20260809_214502250.jpg","BrowCam","/BrowCam.20260809_214502250.jpg","UserSelect","/UserSelect.20260809_214502250.jpg","","","-999.99","8.15","-999.99","-999.99","6a78f4de3a81d30014ed2429"
"2026-08-09T21:45:32.293Z","-20.3164800","-365.0363864","ASNAP","","admin","","","","","","","","","","","","","","-19727507.05","389.67","-2.5","-15.0","76.98","78.00","4.07","SciCam","/SciCam.20260809_214532293.jpg","PilotCam","/PilotCam.20260809_214532293.jpg","BrowCam","/BrowCam.20260809_214532293.jpg","UserSelect","/UserSelect.20260809_214532293.jpg","","","-999.99","8.12","-999.99","-999.99","6a78f4fc3a81d30014ed242d"
"2026-08-09T21:46:02.315Z","-20.3164872","-365.0364186","ASNAP","","admin","","","","","","","","","","","","","","-19727510.41","388.88","-1.0","-15.1","77.71","77.97","4.12","SciCam","/SciCam.20260809_214602315.jpg","PilotCam","/PilotCam.20260809_214602315.jpg","BrowCam","/BrowCam.20260809_214602315.jpg","UserSelect","/UserSelect.20260809_214602315.jpg","","","-999.99","8.14","-999.99","-999.99","6a78f51a3a81d30014ed2431"
"2026-08-09T21:46:32.339Z","-20.3165042","-365.0364648","ASNAP","","admin","","","","","","","","","","","","","","-19727515.24","387.00","-2.3","-16.0","74.11","77.82","4.40","SciCam","/SciCam.20260809_214632339.jpg","PilotCam","/PilotCam.20260809_214632339.jpg","BrowCam","/BrowCam.20260809_214632339.jpg","UserSelect","/UserSelect.20260809_214632339.jpg","","","-999.99","8.13","-999.99","-999.99","6a78f5383a81d30014ed2435"
"2026-08-09T21:47:02.380Z","-20.3164928","-365.0364617","ASNAP","","admin","","","","","","","","","","","","","","-19727514.91","388.26","-0.6","-15.6","79.77","78.25","3.66","SciCam","/SciCam.20260809_214702380.jpg","PilotCam","/PilotCam.20260809_214702380.jpg","BrowCam","/BrowCam.20260809_214702380.jpg","UserSelect","/UserSelect.20260809_214702380.jpg","","","-999.99","8.14","-999.99","-999.99","6a78f5563a81d30014ed2439"
"2026-08-09T21:47:06.225Z","-20.3164879","-365.0364674","NAV","stopping ship short of 10 meters","guest","","","","","","","Ship moving","","","","","","","-19727515.51","388.80","-1.1","-15.2","76.86","78.08","3.96","SciCam","/SciCam.20260809_214706225.jpg","PilotCam","/PilotCam.20260809_214706225.jpg","BrowCam","/BrowCam.20260809_214706225.jpg","UserSelect","/UserSelect.20260809_214706225.jpg","","","-999.99","8.13","-999.99","-999.99","6a78f55a3a81d30014ed243d"
"2026-08-09T21:47:32.426Z","-20.3164808","-365.0364599","ASNAP","","admin","","","","","","","","","","","","","","-19727514.72","389.58","-1.3","-10.0","75.65","80.43","1.72","SciCam","/SciCam.20260809_214732426.jpg","PilotCam","/PilotCam.20260809_214732426.jpg","BrowCam","/BrowCam.20260809_214732426.jpg","UserSelect","/UserSelect.20260809_214732426.jpg","","","-999.99","8.09","-999.99","-999.99","6a78f5743a81d30014ed2441"
"2026-08-09T21:48:02.471Z","-20.3164789","-365.0364590","ASNAP","","admin","","","","","","","","","","","","","","-19727514.63","389.80","-1.0","-7.3","75.46","80.51","1.14","SciCam","/SciCam.20260809_214802471.jpg","PilotCam","/PilotCam.20260809_214802471.jpg","BrowCam","/BrowCam.20260809_214802471.jpg","UserSelect","/UserSelect.20260809_214802471.jpg","","","-999.99","8.15","-999.99","-999.99","6a78f5923a81d30014ed2445"
"2026-08-09T21:48:14.850Z","-20.3164787","-365.0364592","ROV Actions","let go of new hydrophone","guest","","","","","","(Port) Manipulator in use","","","","","","","","-19727514.65","389.82","-1.0","-6.7","75.43","80.47","1.11","SciCam","/SciCam.20260809_214814850.jpg","PilotCam","/PilotCam.20260809_214814850.jpg","BrowCam","/BrowCam.20260809_214814850.jpg","UserSelect","/UserSelect.20260809_214814850.jpg","","","-999.99","8.15","-999.99","-999.99","6a78f59e3a81d30014ed2449"
"2026-08-09T21:48:32.513Z","-20.3164785","-365.0364587","ASNAP","","admin","","","","","","","","","","","","","","-19727514.60","389.84","-1.0","-6.6","75.43","80.49","1.16","SciCam","/SciCam.20260809_214832513.jpg","PilotCam","/PilotCam.20260809_214832513.jpg","BrowCam","/BrowCam.20260809_214832513.jpg","UserSelect","/UserSelect.20260809_214832513.jpg","","","-999.99","8.15","-999.99","-999.99","6a78f5b03a81d30014ed244d"
"2026-08-09T21:49:00.269Z","-20.3164785","-365.0364591","ROV Actions","let go of new hydrophone","guest","","","","","","(Starboard) Manipulator in use","","","","","","","","-19727514.64","389.84","-1.2","-3.2","74.95","80.58","1.03","SciCam","/SciCam.20260809_214900269.jpg","PilotCam","/PilotCam.20260809_214900269.jpg","BrowCam","/BrowCam.20260809_214900269.jpg","UserSelect","/UserSelect.20260809_214900269.jpg","","","-999.99","8.11","-999.99","-999.99","6a78f5cc3a81d30014ed2451"
"2026-08-09T21:49:02.559Z","-20.3164784","-365.0364592","ASNAP","","admin","","","","","","","","","","","","","","-19727514.65","389.85","-1.1","-3.8","74.98","80.54","1.01","SciCam","/SciCam.20260809_214902559.jpg","PilotCam","/PilotCam.20260809_214902559.jpg","BrowCam","/BrowCam.20260809_214902559.jpg","UserSelect","/UserSelect.20260809_214902559.jpg","","","-999.99","8.12","-999.99","-999.99","6a78f5ce3a81d30014ed2455"
"2026-08-09T21:49:15.000Z","","","SulisCam","","admin","","","","","","","","","sulis_20260809214915.jpg","","","","","","","","","","","","","","","","","","","","357.190","358.760","","","","","6a7ce5f33a81d30014ed7a1c"
"2026-08-09T21:49:23.000Z","","","SulisCam","","admin","","","","","","","","","sulis_20260809214923.jpg","","","","","","","","","","","","","","","","","","","","357.117","358.773","","","","","6a7ce5f33a81d30014ed7a1e"
"2026-08-09T21:49:32.602Z","-20.3164783","-365.0364593","ASNAP","","admin","","","","","","","","","","","","","","-19727514.66","389.86","-1.2","-2.9","74.97","80.57","1.01","SciCam","/SciCam.20260809_214932602.jpg","PilotCam","/PilotCam.20260809_214932602.jpg","BrowCam","/BrowCam.20260809_214932602.jpg","UserSelect","/UserSelect.20260809_214932602.jpg","","","-999.99","8.15","-999.99","-999.99","6a78f5ec3a81d30014ed2459"
"2026-08-09T21:49:40.744Z","-20.3164780","-365.0364596","FREE_FORM","new hydrophone placed in final position","guest","","","","","","","","","","","","","","-19727514.69","389.90","-0.4","-6.6","74.20","80.38","1.01","SciCam","/SciCam.20260809_214940744.jpg","PilotCam","/PilotCam.20260809_214940744.jpg","BrowCam","/BrowCam.20260809_214940744.jpg","UserSelect","/UserSelect.20260809_214940744.jpg","","","-999.99","8.13","-999.99","-999.99","6a78f5f43a81d30014ed245d"
"2026-08-09T21:50:02.645Z","-20.3164679","-365.0364284","ASNAP","","admin","","","","","","","","","","","","","","-19727511.43","391.01","-1.1","-6.5","75.25","76.80","5.03","SciCam","/SciCam.20260809_215002645.jpg","PilotCam","/PilotCam.20260809_215002645.jpg","BrowCam","/BrowCam.20260809_215002645.jpg","UserSelect","/UserSelect.20260809_215002645.jpg","","","-999.99","8.12","-999.99","-999.99","6a78f60a3a81d30014ed2461"
"2026-08-09T21:50:21.740Z","-20.3164453","-365.0363646","NAV","14 meters east","guest","","","","","","","Ship moving","","","","","","","-19727504.77","393.51","-0.4","-5.8","75.95","78.60","3.30","SciCam","/SciCam.20260809_215021740.jpg","PilotCam","/PilotCam.20260809_215021740.jpg","BrowCam","/BrowCam.20260809_215021740.jpg","UserSelect","/UserSelect.20260809_215021740.jpg","","","-999.99","8.17","-999.99","-999.99","6a78f61d3a81d30014ed2465"
"2026-08-09T21:50:32.666Z","-20.3164445","-365.0363525","ASNAP","","admin","","","","","","","","","","","","","","-19727503.51","393.60","0.8","-6.1","74.06","79.40","2.28","SciCam","/SciCam.20260809_215032666.jpg","PilotCam","/PilotCam.20260809_215032666.jpg","BrowCam","/BrowCam.20260809_215032666.jpg","UserSelect","/UserSelect.20260809_215032666.jpg","","","-999.99","8.10","-999.99","-999.99","6a78f6283a81d30014ed2469"
"2026-08-09T21:50:58.000Z","","","SulisCam","","admin","","","","","","","","","sulis_20260809215058.jpg","","","","","","","","","","","","","","","","","","","","353.954","358.986","","","","","6a7ce5f33a81d30014ed7a20"
"2026-08-09T21:51:02.709Z","-20.3164652","-365.0363223","ASNAP","","admin","","","","","","","","","","","","","","-19727500.35","391.31","-1.0","-5.8","61.78","79.29","2.18","SciCam","/SciCam.20260809_215102709.jpg","PilotCam","/PilotCam.20260809_215102709.jpg","BrowCam","/BrowCam.20260809_215102709.jpg","UserSelect","/UserSelect.20260809_215102709.jpg","","","-999.99","8.16","-999.99","-999.99","6a78f6463a81d30014ed246d"
"2026-08-09T21:51:32.754Z","-20.3165071","-365.0362889","ASNAP","","admin","","","","","","","","","","","","","","-19727496.86","386.67","-1.2","-6.0","47.59","79.35","2.15","SciCam","/SciCam.20260809_215132754.jpg","PilotCam","/PilotCam.20260809_215132754.jpg","BrowCam","/BrowCam.20260809_215132754.jpg","UserSelect","/UserSelect.20260809_215132754.jpg","","","-999.99","8.12","-999.99","-999.99","6a78f6643a81d30014ed2471"
"2026-08-09T21:51:48.000Z","","","SulisCam","","admin","","","","","","","","","sulis_20260809215148.jpg","","","","","","","","","","","","","","","","","","","","353.858","358.629","","","","","6a7ce5f33a81d30014ed7a22"
"2026-08-09T21:52:02.775Z","-20.3165139","-365.0362314","ASNAP","","admin","","","","","","","","","","","","","","-19727490.86","385.92","-1.4","-5.9","343.62","79.48","2.00","SciCam","/SciCam.20260809_215202775.jpg","PilotCam","/PilotCam.20260809_215202775.jpg","BrowCam","/BrowCam.20260809_215202775.jpg","UserSelect","/UserSelect.20260809_215202775.jpg","","","-999.99","8.12","-999.99","-999.99","6a78f6823a81d30014ed2475"
"2026-08-09T21:52:32.818Z","-20.3164527","-365.0362252","ASNAP","","admin","","","","","","","","","","","","","","-19727490.21","392.70","-1.5","-5.7","267.91","79.32","2.25","SciCam","/SciCam.20260809_215232818.jpg","PilotCam","/PilotCam.20260809_215232818.jpg","BrowCam","/BrowCam.20260809_215232818.jpg","UserSelect","/UserSelect.20260809_215232818.jpg","","","-999.99","8.18","-999.99","-999.99","6a78f6a03a81d30014ed2479"
"2026-08-09T21:52:37.000Z","","","SulisCam","","admin","","","","","","","","","sulis_20260809215237.jpg","","","","","","","","","","","","","","","","","","","","354.307","358.764","","","","","6a7ce5f33a81d30014ed7a24"
"2026-08-09T21:52:54.000Z","","","SulisCam","","admin","","","","","","","","","sulis_20260809215254.jpg","","","","","","","","","","","","","","","","","","","","354.565","358.304","","","","","6a7ce5f33a81d30014ed7a26"
"2026-08-09T21:53:02.835Z","-20.3164039","-365.0362718","ASNAP","","admin","","","","","","","","","","","","","","-19727495.08","398.10","-1.7","-6.3","195.85","79.34","2.38","SciCam","/SciCam.20260809_215302835.jpg","PilotCam","/PilotCam.20260809_215302835.jpg","BrowCam","/BrowCam.20260809_215302835.jpg","UserSelect","/UserSelect.20260809_215302835.jpg","","","-999.99","8.13","-999.99","-999.99","6a78f6be3a81d30014ed247d"
"2026-08-09T21:53:16.000Z","","","SulisCam","","admin","","","","","","","","","sulis_20260809215316.jpg","","","","","","","","","","","","","","","","","","","","353.741","358.563","","","","","6a7ce5f33a81d30014ed7a28"
"2026-08-09T21:53:32.877Z","-20.3164057","-365.0363316","ASNAP","","admin","","","","","","","","","","","","","","-19727501.32","397.90","-1.5","-5.8","153.69","79.38","2.25","SciCam","/SciCam.20260809_215332877.jpg","PilotCam","/PilotCam.20260809_215332877.jpg","BrowCam","/BrowCam.20260809_215332877.jpg","UserSelect","/UserSelect.20260809_215332877.jpg","","","-999.99","8.17","-999.99","-999.99","6a78f6dc3a81d30014ed2481"
"2026-08-09T21:54:02.921Z","-20.3164330","-365.0362446","ASNAP","","admin","","","","","","","","","","","","","","-19727492.24","394.88","-1.5","-6.0","184.43","79.40","2.36","SciCam","/SciCam.20260809_215402921.jpg","PilotCam","/PilotCam.20260809_215402921.jpg","BrowCam","/BrowCam.20260809_215402921.jpg","UserSelect","/UserSelect.20260809_215402921.jpg","","","-999.99","8.11","-999.99","-999.99","6a78f6fa3a81d30014ed2485"
"2026-08-09T21:54:32.961Z","-20.3164686","-365.0362421","ASNAP","","admin","","","","","","","","","","","","","","-19727491.98","390.94","-1.3","-5.9","236.28","79.87","1.87","SciCam","/SciCam.20260809_215432961.jpg","PilotCam","/PilotCam.20260809_215432961.jpg","BrowCam","/BrowCam.20260809_215432961.jpg","UserSelect","/UserSelect.20260809_215432961.jpg","","","-999.99","8.14","-999.99","-999.99","6a78f7183a81d30014ed2489"
"2026-08-09T21:54:43.122Z","-20.3164823","-365.0362373","Biology Type","large fish on top of old BEP","guest","","","","","","","","","","","","","","-19727491.48","389.42","-2.5","-6.0","239.44","80.23","1.39","SciCam","/SciCam.20260809_215443122.jpg","PilotCam","/PilotCam.20260809_215443122.jpg","BrowCam","/BrowCam.20260809_215443122.jpg","UserSelect","/UserSelect.20260809_215443122.jpg","","","-999.99","8.14","-999.99","-999.99","6a78f7233a81d30014ed248d"
"2026-08-09T21:54:48.000Z","","","SulisCam","","admin","","","","","","","","","sulis_20260809215448.jpg","","","","","","","","","","","","","","","","","","","","353.840","358.781","","","","","6a7ce5f33a81d30014ed7a2a"
"2026-08-09T21:55:01.097Z","-20.3164789","-365.0362416","Biology Type","large fish","guest","","","","","","","","","","","","","","-19727491.93","389.79","-1.2","-2.8","239.27","80.35","1.03","SciCam","/SciCam.20260809_215501097.jpg","PilotCam","/PilotCam.20260809_215501097.jpg","BrowCam","/BrowCam.20260809_215501097.jpg","UserSelect","/UserSelect.20260809_215501097.jpg","","","-999.99","8.09","-999.99","-999.99","6a78f7353a81d30014ed2491"
"2026-08-09T21:55:03.005Z","-20.3164789","-365.0362416","ASNAP","","admin","","","","","","","","","","","","","","-19727491.93","389.79","-1.2","-2.7","239.27","80.36","1.03","SciCam","/SciCam.20260809_215503005.jpg","PilotCam","/PilotCam.20260809_215503005.jpg","BrowCam","/BrowCam.20260809_215503005.jpg","UserSelect","/UserSelect.20260809_215503005.jpg","","","-999.99","8.14","-999.99","-999.99","6a78f7373a81d30014ed2495"
"2026-08-09T21:55:23.954Z","-20.3164785","-365.0362214","NAV","","guest","","","","","","","Doppler Reset","","","","","","","-19727489.82","389.84","-1.1","-2.2","239.28","80.41","1.01","SciCam","/SciCam.20260809_215523954.jpg","PilotCam","/PilotCam.20260809_215523954.jpg","BrowCam","/BrowCam.20260809_215523954.jpg","UserSelect","/UserSelect.20260809_215523954.jpg","","","-999.99","8.14","-999.99","-999.99","6a78f74b3a81d30014ed2499"
"2026-08-09T21:55:33.049Z","-20.3164785","-365.0362213","ASNAP","","admin","","","","","","","","","","","","","","-19727489.81","389.84","-1.2","-2.6","239.28","80.33","1.03","SciCam","/SciCam.20260809_215533049.jpg","PilotCam","/PilotCam.20260809_215533049.jpg","BrowCam","/BrowCam.20260809_215533049.jpg","UserSelect","/UserSelect.20260809_215533049.jpg","","","-999.99","8.14","-999.99","-999.99","6a78f7553a81d30014ed249d"
"2026-08-09T21:55:36.938Z","-20.3164786","-365.0362213","ROV Actions","Closing old BEP door","guest","","","","","","(Port) Manipulator in use","","","","","","","","-19727489.80","389.83","-1.2","-2.8","239.16","80.33","1.03","SciCam","/SciCam.20260809_215536938.jpg","PilotCam","/PilotCam.20260809_215536938.jpg","BrowCam","/BrowCam.20260809_215536938.jpg","UserSelect","/UserSelect.20260809_215536938.jpg","","","-999.99","8.11","-999.99","-999.99","6a78f7583a81d30014ed24a1"
"2026-08-09T21:56:03.094Z","-20.3164755","-365.0362260","ASNAP","","admin","","","","","","","","","","","","","","-19727490.30","390.17","-1.2","-5.4","238.97","80.11","1.36","SciCam","/SciCam.20260809_215603094.jpg","PilotCam","/PilotCam.20260809_215603094.jpg","BrowCam","/BrowCam.20260809_215603094.jpg","UserSelect","/UserSelect.20260809_215603094.jpg","","","-999.99","8.31","-999.99","-999.99","6a78f7733a81d30014ed24a5"
"2026-08-09T21:56:23.761Z","-20.3164736","-365.0362281","ROV Actions","closing old BEP door","guest","","","","","","(Starboard) Manipulator in use","","","","","","","","-19727490.52","390.38","0.1","-3.3","230.24","80.36","1.01","SciCam","/SciCam.20260809_215623761.jpg","PilotCam","/PilotCam.20260809_215623761.jpg","BrowCam","/BrowCam.20260809_215623761.jpg","UserSelect","/UserSelect.20260809_215623761.jpg","","","-999.99","8.09","-999.99","-999.99","6a78f7873a81d30014ed24a9"
"2026-08-09T21:56:33.134Z","-20.3164736","-365.0362281","ASNAP","","admin","","","","","","","","","","","","","","-19727490.52","390.38","0.1","-3.4","230.61","80.43","1.01","SciCam","/SciCam.20260809_215633134.jpg","PilotCam","/PilotCam.20260809_215633134.jpg","BrowCam","/BrowCam.20260809_215633134.jpg","UserSelect","/UserSelect.20260809_215633134.jpg","","","-999.99","8.12","-999.99","-999.99","6a78f7913a81d30014ed24ad"
"2026-08-09T21:57:03.179Z","-20.3164733","-365.0362277","ASNAP","","admin","","","","","","","","","","","","","","-19727490.47","390.42","-0.0","-3.2","233.87","80.41","1.01","SciCam","/SciCam.20260809_215703179.jpg","PilotCam","/PilotCam.20260809_215703179.jpg","BrowCam","/BrowCam.20260809_215703179.jpg","UserSelect","/UserSelect.20260809_215703179.jpg","","","-999.99","8.09","-999.99","-999.99","6a78f7af3a81d30014ed24b1"
"2026-08-09T21:57:33.212Z","-20.3164734","-365.0362278","ASNAP","","admin","","","","","","","","","","","","","","-19727490.48","390.40","-0.0","-3.1","233.86","80.33","1.01","SciCam","/SciCam.20260809_215733212.jpg","PilotCam","/PilotCam.20260809_215733212.jpg","BrowCam","/BrowCam.20260809_215733212.jpg","UserSelect","/UserSelect.20260809_215733212.jpg","","","-999.99","8.13","-999.99","-999.99","6a78f7cd3a81d30014ed24b5"
"2026-08-09T21:58:03.257Z","-20.3164735","-365.0362281","ASNAP","","admin","","","","","","","","","","","","","","-19727490.52","390.39","-0.0","-3.2","233.85","80.33","1.01","SciCam","/SciCam.20260809_215803257.jpg","PilotCam","/PilotCam.20260809_215803257.jpg","BrowCam","/BrowCam.20260809_215803257.jpg","UserSelect","/UserSelect.20260809_215803257.jpg","","","-999.99","8.15","-999.99","-999.99","6a78f7eb3a81d30014ed24b9"
"2026-08-09T21:58:33.302Z","-20.3164735","-365.0362285","ASNAP","","admin","","","","","","","","","","","","","","-19727490.56","390.39","-0.0","-3.1","233.86","80.46","1.01","SciCam","/SciCam.20260809_215833302.jpg","PilotCam","/PilotCam.20260809_215833302.jpg","BrowCam","/BrowCam.20260809_215833302.jpg","UserSelect","/UserSelect.20260809_215833302.jpg","","","-999.99","8.11","-999.99","-999.99","6a78f8093a81d30014ed24bd"
"2026-08-09T21:59:03.345Z","-20.3164736","-365.0362293","ASNAP","","admin","","","","","","","","","","","","","","-19727490.64","390.38","-0.0","-2.8","233.85","80.45","1.01","SciCam","/SciCam.20260809_215903345.jpg","PilotCam","/PilotCam.20260809_215903345.jpg","BrowCam","/BrowCam.20260809_215903345.jpg","UserSelect","/UserSelect.20260809_215903345.jpg","","","-999.99","8.14","-999.99","-999.99","6a78f8273a81d30014ed24c1"
"2026-08-09T21:59:33.389Z","-20.3164738","-365.0362299","ASNAP","","admin","","","","","","","","","","","","","","-19727490.70","390.36","0.0","-2.7","233.84","80.35","1.01","SciCam","/SciCam.20260809_215933389.jpg","PilotCam","/PilotCam.20260809_215933389.jpg","BrowCam","/BrowCam.20260809_215933389.jpg","UserSelect","/UserSelect.20260809_215933389.jpg","","","-999.99","8.15","-999.99","-999.99","6a78f8453a81d30014ed24c5"
"2026-08-09T22:00:03.430Z","-20.3164739","-365.0362296","ASNAP","","admin","","","","","","","","","","","","","","-19727490.67","390.35","0.0","-2.7","233.85","80.32","1.01","SciCam","/SciCam.20260809_220003430.jpg","PilotCam","/PilotCam.20260809_220003430.jpg","BrowCam","/BrowCam.20260809_220003430.jpg","UserSelect","/UserSelect.20260809_220003430.jpg","","","-999.99","8.11","-999.99","-999.99","6a78f8633a81d30014ed24c9"
"2026-08-09T22:00:11.808Z","-20.3164738","-365.0362297","Sample","","guest","","","","","","","","Niskin","","","","Starboard Aft","By old BEP","-19727490.68","390.36","0.0","-2.6","233.85","80.41","1.01","SciCam","/SciCam.20260809_220011808.jpg","PilotCam","/PilotCam.20260809_220011808.jpg","BrowCam","/BrowCam.20260809_220011808.jpg","UserSelect","/UserSelect.20260809_220011808.jpg","","","-999.99","8.13","-999.99","-999.99","6a78f86b3a81d30014ed24cd"
"2026-08-09T22:00:33.475Z","-20.3164738","-365.0362297","ASNAP","","admin","","","","","","","","","","","","","","-19727490.68","390.36","0.0","-2.5","233.86","80.41","1.01","SciCam","/SciCam.20260809_220033475.jpg","PilotCam","/PilotCam.20260809_220033475.jpg","BrowCam","/BrowCam.20260809_220033475.jpg","UserSelect","/UserSelect.20260809_220033475.jpg","","","-999.99","8.15","-999.99","-999.99","6a78f8813a81d30014ed24d1"
"2026-08-09T22:01:03.517Z","-20.3164738","-365.0362298","ASNAP","","admin","","","","","","","","","","","","","","-19727490.69","390.36","0.1","-2.4","233.86","80.41","1.01","SciCam","/SciCam.20260809_220103517.jpg","PilotCam","/PilotCam.20260809_220103517.jpg","BrowCam","/BrowCam.20260809_220103517.jpg","UserSelect","/UserSelect.20260809_220103517.jpg","","","-999.99","8.13","-999.99","-999.99","6a78f89f3a81d30014ed24d9"
"2026-08-09T22:01:16.816Z","-20.3164739","-365.0362299","Sample","","guest","","","","","","","","Niskin","","","","Starboard Forward","By Old BEP","-19727490.70","390.35","0.1","-2.5","233.86","80.38","1.01","SciCam","/SciCam.20260809_220116816.jpg","PilotCam","/PilotCam.20260809_220116816.jpg","BrowCam","/BrowCam.20260809_220116816.jpg","UserSelect","/UserSelect.20260809_220116816.jpg","","","-999.99","8.11","-999.99","-999.99","6a78f8ac3a81d30014ed24dd"
"2026-08-09T22:01:33.537Z","-20.3164738","-365.0362301","ASNAP","","admin","","","","","","","","","","","","","","-19727490.72","390.36","0.0","-2.5","233.86","80.41","1.01","SciCam","/SciCam.20260809_220133537.jpg","PilotCam","/PilotCam.20260809_220133537.jpg","BrowCam","/BrowCam.20260809_220133537.jpg","UserSelect","/UserSelect.20260809_220133537.jpg","","","-999.99","8.14","-999.99","-999.99","6a78f8bd3a81d30014ed24e1"
"2026-08-09T22:02:03.557Z","-20.3164737","-365.0362309","ASNAP","","admin","","","","","","","","","","","","","","-19727490.81","390.37","0.0","-2.6","233.85","80.35","1.01","SciCam","/SciCam.20260809_220203557.jpg","PilotCam","/PilotCam.20260809_220203557.jpg","BrowCam","/BrowCam.20260809_220203557.jpg","UserSelect","/UserSelect.20260809_220203557.jpg","","","-999.99","8.11","-999.99","-999.99","6a78f8db3a81d30014ed24e5"
"2026-08-09T22:02:33.601Z","-20.3164734","-365.0362316","ASNAP","","admin","","","","","","","","","","","","","","-19727490.88","390.40","0.0","-2.6","233.85","80.41","1.01","SciCam","/SciCam.20260809_220233601.jpg","PilotCam","/PilotCam.20260809_220233601.jpg","BrowCam","/BrowCam.20260809_220233601.jpg","UserSelect","/UserSelect.20260809_220233601.jpg","","","-999.99","8.09","-999.99","-999.99","6a78f8f93a81d30014ed24e9"
"2026-08-09T22:03:03.645Z","-20.3164751","-365.0362237","ASNAP","","admin","","","","","","","","","","","","","","-19727490.06","390.22","-1.3","-5.6","248.48","78.87","2.48","SciCam","/SciCam.20260809_220303645.jpg","PilotCam","/PilotCam.20260809_220303645.jpg","BrowCam","/BrowCam.20260809_220303645.jpg","UserSelect","/UserSelect.20260809_220303645.jpg","","","-999.99","8.16","-999.99","-999.99","6a78f9173a81d30014ed24ed"
"2026-08-09T22:03:33.666Z","-20.3165040","-365.0362196","ASNAP","","admin","","","","","","","","","","","","","","-19727489.63","387.02","-1.6","-5.6","296.91","78.37","3.22","SciCam","/SciCam.20260809_220333666.jpg","PilotCam","/PilotCam.20260809_220333666.jpg","BrowCam","/BrowCam.20260809_220333666.jpg","UserSelect","/UserSelect.20260809_220333666.jpg","","","-999.99","8.11","-999.99","-999.99","6a78f9353a81d30014ed24f1"
"2026-08-09T22:04:03.711Z","-20.3164946","-365.0362378","ASNAP","","admin","","","","","","","","","","","","","","-19727491.53","388.06","-1.8","-5.8","317.04","78.47","2.92","SciCam","/SciCam.20260809_220403711.jpg","PilotCam","/PilotCam.20260809_220403711.jpg","BrowCam","/BrowCam.20260809_220403711.jpg","UserSelect","/UserSelect.20260809_220403711.jpg","","","-999.99","8.14","-999.99","-999.99","6a78f9533a81d30014ed24fd"
"2026-08-09T22:04:33.751Z","-20.3164831","-365.0362501","ASNAP","","admin","","","","","","","","","","","","","","-19727492.81","389.33","-1.5","-5.8","317.02","79.89","1.72","SciCam","/SciCam.20260809_220433751.jpg","PilotCam","/PilotCam.20260809_220433751.jpg","BrowCam","/BrowCam.20260809_220433751.jpg","UserSelect","/UserSelect.20260809_220433751.jpg","","","-999.99","8.14","-999.99","-999.99","6a78f9713a81d30014ed2501"
"2026-08-09T22:05:03.776Z","-20.3164799","-365.0362551","ASNAP","","admin","","","","","","","","","","","","","","-19727493.34","389.68","-3.1","-2.0","317.51","80.17","1.52","SciCam","/SciCam.20260809_220503776.jpg","PilotCam","/PilotCam.20260809_220503776.jpg","BrowCam","/BrowCam.20260809_220503776.jpg","UserSelect","/UserSelect.20260809_220503776.jpg","","","-999.99","8.09","-999.99","-999.99","6a78f98f3a81d30014ed2505"
"2026-08-09T22:05:10.995Z","-20.3164799","-365.0362551","ROV Actions","old BEP","guest","","","","","","Latching to","","","","","","","","-19727493.34","389.68","-3.1","-2.0","317.53","80.10","1.52","SciCam","/SciCam.20260809_220510995.jpg","PilotCam","/PilotCam.20260809_220510995.jpg","BrowCam","/BrowCam.20260809_220510995.jpg","UserSelect","/UserSelect.20260809_220510995.jpg","","","-999.99","8.12","-999.99","-999.99","6a78f9963a81d30014ed250d"
"2026-08-09T22:05:33.820Z","-20.3164800","-365.0362553","ASNAP","","admin","","","","","","","","","","","","","","-19727493.36","389.67","-3.1","-2.0","317.52","80.09","1.52","SciCam","/SciCam.20260809_220533820.jpg","PilotCam","/PilotCam.20260809_220533820.jpg","BrowCam","/BrowCam.20260809_220533820.jpg","UserSelect","/UserSelect.20260809_220533820.jpg","","","-999.99","8.13","-999.99","-999.99","6a78f9ad3a81d30014ed2511"
"2026-08-09T22:06:03.865Z","-20.3164799","-365.0362554","ASNAP","","admin","","","","","","","","","","","","","","-19727493.37","389.69","-3.1","-2.0","317.52","80.08","1.52","SciCam","/SciCam.20260809_220603865.jpg","PilotCam","/PilotCam.20260809_220603865.jpg","BrowCam","/BrowCam.20260809_220603865.jpg","UserSelect","/UserSelect.20260809_220603865.jpg","","","-999.99","8.11","-999.99","-999.99","6a78f9cb3a81d30014ed2515"
"2026-08-09T22:06:25.992Z","-20.3164795","-365.0362555","NAV","West 10 meters","guest","","","","","","","Ship moving","","","","","","","-19727493.38","389.73","-3.1","-2.0","317.53","80.12","1.52","SciCam","/SciCam.20260809_220625992.jpg","PilotCam","/PilotCam.20260809_220625992.jpg","BrowCam","/BrowCam.20260809_220625992.jpg","UserSelect","/UserSelect.20260809_220625992.jpg","","","-999.99","8.13","-999.99","-999.99","6a78f9e13a81d30014ed2519"
"2026-08-09T22:06:33.885Z","-20.3164794","-365.0362555","ASNAP","","admin","","","","","","","","","","","","","","-19727493.38","389.74","-3.1","-2.0","317.54","80.17","1.52","SciCam","/SciCam.20260809_220633885.jpg","PilotCam","/PilotCam.20260809_220633885.jpg","BrowCam","/BrowCam.20260809_220633885.jpg","UserSelect","/UserSelect.20260809_220633885.jpg","","","-999.99","8.17","-999.99","-999.99","6a78f9e93a81d30014ed251d"
"2026-08-09T22:07:03.931Z","-20.3164789","-365.0362555","ASNAP","","admin","","","","","","","","","","","","","","-19727493.38","389.80","-3.1","-2.0","317.51","80.20","1.52","SciCam","/SciCam.20260809_220703931.jpg","PilotCam","/PilotCam.20260809_220703931.jpg","BrowCam","/BrowCam.20260809_220703931.jpg","UserSelect","/UserSelect.20260809_220703931.jpg","","","-999.99","8.15","-999.99","-999.99","6a78fa073a81d30014ed2521"
"2026-08-09T22:07:33.977Z","-20.3164786","-365.0362556","ASNAP","","admin","","","","","","","","","","","","","","-19727493.39","389.83","-3.1","-2.0","317.51","80.04","1.52","SciCam","/SciCam.20260809_220733977.jpg","PilotCam","/PilotCam.20260809_220733977.jpg","BrowCam","/BrowCam.20260809_220733977.jpg","UserSelect","/UserSelect.20260809_220733977.jpg","","","-999.99","8.13","-999.99","-999.99","6a78fa253a81d30014ed2525"
"2026-08-09T22:08:04.020Z","-20.3164780","-365.0362556","ASNAP","","admin","","","","","","","","","","","","","","-19727493.39","389.89","-3.1","-2.0","317.53","80.05","1.52","SciCam","/SciCam.20260809_220804020.jpg","PilotCam","/PilotCam.20260809_220804020.jpg","BrowCam","/BrowCam.20260809_220804020.jpg","UserSelect","/UserSelect.20260809_220804020.jpg","","","-999.99","8.10","-999.99","-999.99","6a78fa443a81d30014ed2529"
"2026-08-09T22:08:34.064Z","-20.3164777","-365.0362558","ASNAP","","admin","","","","","","","","","","","","","","-19727493.41","389.93","-3.1","-2.0","317.52","80.17","1.52","SciCam","/SciCam.20260809_220834064.jpg","PilotCam","/PilotCam.20260809_220834064.jpg","BrowCam","/BrowCam.20260809_220834064.jpg","UserSelect","/UserSelect.20260809_220834064.jpg","","","-999.99","8.13","-999.99","-999.99","6a78fa623a81d30014ed252d"
"2026-08-09T22:09:04.109Z","-20.3164774","-365.0362559","ASNAP","","admin","","","","","","","","","","","","","","-19727493.42","389.96","-3.0","-2.0","317.51","80.15","1.52","SciCam","/SciCam.20260809_220904109.jpg","PilotCam","/PilotCam.20260809_220904109.jpg","BrowCam","/BrowCam.20260809_220904109.jpg","UserSelect","/UserSelect.20260809_220904109.jpg","","","-999.99","8.12","-999.99","-999.99","6a78fa803a81d30014ed2531"
"2026-08-09T22:09:34.154Z","-20.3164769","-365.0362562","ASNAP","","admin","","","","","","","","","","","","","","-19727493.45","390.02","-3.0","-2.0","317.52","80.09","1.52","SciCam","/SciCam.20260809_220934154.jpg","PilotCam","/PilotCam.20260809_220934154.jpg","BrowCam","/BrowCam.20260809_220934154.jpg","UserSelect","/UserSelect.20260809_220934154.jpg","","","-999.99","8.10","-999.99","-999.99","6a78fa9e3a81d30014ed2535"
"2026-08-09T22:10:04.199Z","-20.3164764","-365.0362564","ASNAP","","admin","","","","","","","","","","","","","","-19727493.47","390.07","-3.1","-2.0","317.52","80.06","1.52","SciCam","/SciCam.20260809_221004199.jpg","PilotCam","/PilotCam.20260809_221004199.jpg","BrowCam","/BrowCam.20260809_221004199.jpg","UserSelect","/UserSelect.20260809_221004199.jpg","","","-999.99","8.15","-999.99","-999.99","6a78fabc3a81d30014ed2539"
"2026-08-09T22:10:34.244Z","-20.3164762","-365.0362566","ASNAP","","admin","","","","","","","","","","","","","","-19727493.49","390.09","-3.1","-2.0","317.52","80.12","1.52","SciCam","/SciCam.20260809_221034244.jpg","PilotCam","/PilotCam.20260809_221034244.jpg","BrowCam","/BrowCam.20260809_221034244.jpg","UserSelect","/UserSelect.20260809_221034244.jpg","","","-999.99","8.12","-999.99","-999.99","6a78fada3a81d30014ed253d"
"2026-08-09T22:11:04.289Z","-20.3164759","-365.0362568","ASNAP","","admin","","","","","","","","","","","","","","-19727493.51","390.13","-3.0","-2.0","317.51","80.14","1.52","SciCam","/SciCam.20260809_221104289.jpg","PilotCam","/PilotCam.20260809_221104289.jpg","BrowCam","/BrowCam.20260809_221104289.jpg","UserSelect","/UserSelect.20260809_221104289.jpg","","","-999.99","8.10","-999.99","-999.99","6a78faf83a81d30014ed2541"
"2026-08-09T22:11:34.335Z","-20.3164757","-365.0362570","ASNAP","","admin","","","","","","","","","","","","","","-19727493.53","390.15","-3.1","-2.0","317.50","80.14","1.52","SciCam","/SciCam.20260809_221134335.jpg","PilotCam","/PilotCam.20260809_221134335.jpg","BrowCam","/BrowCam.20260809_221134335.jpg","UserSelect","/UserSelect.20260809_221134335.jpg","","","-999.99","8.10","-999.99","-999.99","6a78fb163a81d30014ed2545"
"2026-08-09T22:12:04.380Z","-20.3164754","-365.0362573","ASNAP","","admin","","","","","","","","","","","","","","-19727493.56","390.18","-3.1","-2.0","317.51","80.14","1.52","SciCam","/SciCam.20260809_221204380.jpg","PilotCam","/PilotCam.20260809_221204380.jpg","BrowCam","/BrowCam.20260809_221204380.jpg","UserSelect","/UserSelect.20260809_221204380.jpg","","","-999.99","8.17","-999.99","-999.99","6a78fb343a81d30014ed2549"
"2026-08-09T22:12:18.366Z","-20.3164753","-365.0362574","WATCH_CHANGE","for ronnie (engineer)","guest","adam","","","","","","","","","","","","","-19727493.57","390.19","-3.1","-2.0","317.51","80.11","1.52","SciCam","/SciCam.20260809_221218366.jpg","PilotCam","/PilotCam.20260809_221218366.jpg","BrowCam","/BrowCam.20260809_221218366.jpg","UserSelect","/UserSelect.20260809_221218366.jpg","","","-999.99","8.14","-999.99","-999.99","6a78fb423a81d30014ed254d"
"2026-08-09T22:12:34.407Z","-20.3164752","-365.0362574","ASNAP","","admin","","","","","","","","","","","","","","-19727493.58","390.20","-3.2","-2.0","317.52","80.10","1.52","SciCam","/SciCam.20260809_221234407.jpg","PilotCam","/PilotCam.20260809_221234407.jpg","BrowCam","/BrowCam.20260809_221234407.jpg","UserSelect","/UserSelect.20260809_221234407.jpg","","","-999.99","8.09","-999.99","-999.99","6a78fb523a81d30014ed2551"
"2026-08-09T22:13:04.452Z","-20.3164754","-365.0362577","ASNAP","","admin","","","","","","","","","","","","","","-19727493.61","390.18","-3.1","-2.0","317.52","80.10","1.52","SciCam","/SciCam.20260809_221304452.jpg","PilotCam","/PilotCam.20260809_221304452.jpg","BrowCam","/BrowCam.20260809_221304452.jpg","UserSelect","/UserSelect.20260809_221304452.jpg","","","-999.99","8.12","-999.99","-999.99","6a78fb703a81d30014ed2555"
"2026-08-09T22:13:34.485Z","-20.3164755","-365.0362579","ASNAP","","admin","","","","","","","","","","","","","","-19727493.63","390.17","-3.1","-2.0","317.51","80.16","1.52","SciCam","/SciCam.20260809_221334485.jpg","PilotCam","/PilotCam.20260809_221334485.jpg","BrowCam","/BrowCam.20260809_221334485.jpg","UserSelect","/UserSelect.20260809_221334485.jpg","","","-999.99","8.15","-999.99","-999.99","6a78fb8e3a81d30014ed2559"
"2026-08-09T22:14:04.529Z","-20.3164757","-365.0362580","ASNAP","","admin","","","","","","","","","","","","","","-19727493.64","390.15","-3.1","-2.0","317.51","80.14","1.52","SciCam","/SciCam.20260809_221404529.jpg","PilotCam","/PilotCam.20260809_221404529.jpg","BrowCam","/BrowCam.20260809_221404529.jpg","UserSelect","/UserSelect.20260809_221404529.jpg","","","-999.99","8.14","-999.99","-999.99","6a78fbac3a81d30014ed255d"
"2026-08-09T22:14:34.573Z","-20.3164757","-365.0362582","ASNAP","","admin","","","","","","","","","","","","","","-19727493.66","390.15","-3.1","-2.0","317.51","80.08","1.52","SciCam","/SciCam.20260809_221434573.jpg","PilotCam","/PilotCam.20260809_221434573.jpg","BrowCam","/BrowCam.20260809_221434573.jpg","UserSelect","/UserSelect.20260809_221434573.jpg","","","-999.99","8.14","-999.99","-999.99","6a78fbca3a81d30014ed2561"
"2026-08-09T22:15:04.617Z","-20.3164754","-365.0362585","ASNAP","","admin","","","","","","","","","","","","","","-19727493.69","390.18","-3.1","-2.0","317.51","80.09","1.52","SciCam","/SciCam.20260809_221504617.jpg","PilotCam","/PilotCam.20260809_221504617.jpg","BrowCam","/BrowCam.20260809_221504617.jpg","UserSelect","/UserSelect.20260809_221504617.jpg","","","-999.99","8.13","-999.99","-999.99","6a78fbe83a81d30014ed2565"
"2026-08-09T22:15:34.640Z","-20.3164752","-365.0362586","ASNAP","","admin","","","","","","","","","","","","","","-19727493.70","390.21","-3.1","-2.0","317.51","80.12","1.52","SciCam","/SciCam.20260809_221534640.jpg","PilotCam","/PilotCam.20260809_221534640.jpg","BrowCam","/BrowCam.20260809_221534640.jpg","UserSelect","/UserSelect.20260809_221534640.jpg","","","-999.99","8.10","-999.99","-999.99","6a78fc063a81d30014ed2569"
"2026-08-09T22:16:04.656Z","-20.3164751","-365.0362588","ASNAP","","admin","","","","","","","","","","","","","","-19727493.72","390.22","-3.0","-2.0","317.51","80.09","1.52","SciCam","/SciCam.20260809_221604656.jpg","PilotCam","/PilotCam.20260809_221604656.jpg","BrowCam","/BrowCam.20260809_221604656.jpg","UserSelect","/UserSelect.20260809_221604656.jpg","","","-999.99","8.15","-999.99","-999.99","6a78fc243a81d30014ed256d"
"2026-08-09T22:16:34.676Z","-20.3164749","-365.0362590","ASNAP","","admin","","","","","","","","","","","","","","-19727493.74","390.24","-3.2","-2.0","317.54","80.00","1.52","SciCam","/SciCam.20260809_221634676.jpg","PilotCam","/PilotCam.20260809_221634676.jpg","BrowCam","/BrowCam.20260809_221634676.jpg","UserSelect","/UserSelect.20260809_221634676.jpg","","","-999.99","8.07","-999.99","-999.99","6a78fc423a81d30014ed2575"
"2026-08-09T22:17:04.717Z","-20.3164747","-365.0362592","ASNAP","","admin","","","","","","","","","","","","","","-19727493.76","390.26","-3.0","-2.0","317.53","80.13","1.52","SciCam","/SciCam.20260809_221704717.jpg","PilotCam","/PilotCam.20260809_221704717.jpg","BrowCam","/BrowCam.20260809_221704717.jpg","UserSelect","/UserSelect.20260809_221704717.jpg","","","-999.99","8.07","-999.99","-999.99","6a78fc603a81d30014ed2579"
"2026-08-09T22:17:09.118Z","-20.3164746","-365.0362592","VEHICLE","","guest","","","","Off bottom","","","","","","","","","","-19727493.76","390.27","-0.9","-0.4","317.68","80.00","1.49","SciCam","/SciCam.20260809_221709118.jpg","PilotCam","/PilotCam.20260809_221709118.jpg","BrowCam","/BrowCam.20260809_221709118.jpg","UserSelect","/UserSelect.20260809_221709118.jpg","","","-999.99","8.14","-999.99","-999.99","6a78fc653a81d30014ed257d"
"2026-08-09T22:19:15.751Z","-20.3165332","-365.0366185","ROV Actions","off","guest","","","","","","First Football off","","","","","","","","-19727531.29","383.78","-4.6","2.0","255.94","49.26","16.89","SciCam","/SciCam.20260809_221915751.jpg","PilotCam","/PilotCam.20260809_221915751.jpg","BrowCam","/BrowCam.20260809_221915751.jpg","UserSelect","/UserSelect.20260809_221915751.jpg","","","-999.99","8.20","-999.99","-999.99","6a78fce33a81d30014ed2581"
"2026-08-09T22:21:20.630Z","-20.3166081","-365.0368175","VEHICLE","HPLC forced","guest","","","","Other","","","","","","","","","","-19727552.07","375.49","-1.8","-0.2","255.17","33.64","25.17","SciCam","/SciCam.20260809_222120630.jpg","PilotCam","/PilotCam.20260809_222120630.jpg","BrowCam","/BrowCam.20260809_222120630.jpg","UserSelect","/UserSelect.20260809_222120630.jpg","","","-999.99","8.40","-999.99","-999.99","6a78fd603a81d30014ed2585"
"2026-08-09T22:22:26.309Z","-20.3166486","-365.0369912","ROV Actions","off","guest","","","","","","Last Football off","","","","","","","","-19727570.21","371.01","-0.8","-2.7","256.17","21.56","31.80","SciCam","/SciCam.20260809_222226309.jpg","PilotCam","/PilotCam.20260809_222226309.jpg","BrowCam","/BrowCam.20260809_222226309.jpg","UserSelect","/UserSelect.20260809_222226309.jpg","","","-999.99","8.93","-999.99","-999.99","6a78fda23a81d30014ed2589"
"2026-08-09T22:24:12.456Z","-20.3167019","-365.0373320","VEHICLE","","guest","","","","Jason out of water","","","","","","","","","","-19727605.80","365.11","0.3","0.8","235.74","0.04","56.84","SciCam","/SciCam.20260809_222412456.jpg","PilotCam","/PilotCam.20260809_222412456.jpg","BrowCam","/BrowCam.20260809_222412456.jpg","UserSelect","/UserSelect.20260809_222412456.jpg","","","-999.99","10.51","-999.99","-999.99","6a78fe0c3a81d30014ed258d"
"2026-08-09T22:27:10.799Z","-20.3167019","-365.0373320","ROV Actions","Unlatching from BEP","guest","","","","","","Unlatching from","","","","","","","","-19727605.80","365.11","-0.5","-1.0","77.85","0.17","56.84","SciCam","/SciCam.20260809_222710799.jpg","PilotCam","/PilotCam.20260809_222710799.jpg","BrowCam","/BrowCam.20260809_222710799.jpg","UserSelect","/UserSelect.20260809_222710799.jpg","","","-999.99","13.12","-999.99","-999.99","6a78febe3a81d30014ed2595"
"2026-08-09T22:27:45.702Z","-20.3167019","-365.0373320","VEHICLE","swinging back over the side to move BEP","guest","","","","","","","","","","","","","","-19727605.80","365.11","-1.9","1.0","113.34","0.19","56.84","SciCam","/SciCam.20260809_222745702.jpg","PilotCam","/PilotCam.20260809_222745702.jpg","BrowCam","/BrowCam.20260809_222745702.jpg","UserSelect","/UserSelect.20260809_222745702.jpg","","","-999.99","13.17","-999.99","-999.99","6a78fee13a81d30014ed2599"
"2026-08-09T22:38:40.916Z","-20.3167019","-365.0373320","VEHICLE","swinging back over the side to land jason","guest","","","","","","","","","","","","","","-19727605.80","365.11","-0.7","0.0","154.98","0.42","56.84","SciCam","/SciCam.20260809_223840916.jpg","PilotCam","/PilotCam.20260809_223840916.jpg","BrowCam","/BrowCam.20260809_223840916.jpg","UserSelect","/UserSelect.20260809_223840916.jpg","","","-999.99","15.77","-999.99","-999.99","6a7901703a81d30014ed259d"
"2026-08-09T22:40:26.692Z","-20.3167019","-365.0373320","VEHICLE","not touching down on deck, just removing niskins","guest","","","","","","","","","","","","","","-19727605.80","365.11","-0.6","-0.7","95.01","0.42","56.84","SciCam","/SciCam.20260809_224026692.jpg","PilotCam","/PilotCam.20260809_224026692.jpg","BrowCam","/BrowCam.20260809_224026692.jpg","UserSelect","/UserSelect.20260809_224026692.jpg","","","-999.99","15.37","-999.99","-999.99","6a7901da3a81d30014ed25a1"