* Sea-Bird SBE 19plus V2 Data File:
* FileName = C:\Cssf\Logs\CTD\RSN 2015\R1849\R1849.hex
* Software Version Seasave V 7.23.1
* Temperature SN = 6316
* Conductivity SN = 6316
* System UpLoad Time = Jul 16 2015 20:00:21
* Real-Time Sample Interval = 0.2500 seconds
* System UTC = Jul 16 2015 20:00:21
*END*
05A6E80A6C5D0804D2523955D30002
05A6EB0A6C5E0804D2523955B50002
05A6EA0A6C5D0804D3523A55AC0004
05A6EA0A6C5D0804D5523955870000
05A6E90A6C5D0804D5523A55770005
05A6E70A6C5D0804D4523A554A0001
05A6E60A6C5D0804D3523A553F0001
05A6E80A6C5D0804D4523B551F0002
05A6EA0A6C5D0804D4523C55050004
05A6E80A6C5B0804D4523C55130007
05A6E10A6C5B0804D5523C55210005
05A6DF0A6C5E0804D5523C55140003
05A6E30A6C5D0804D5523C551E0003
05A6E50A6C5D0804D4523D55400000
05A6E80A6C5D0804D3523D55690003
05A6EE0A6C5D0804D5523C55930001
05A6EF0A6C5D0804D4523C55CB0005
05A6EE0A6C5D0804D3523C55FE0007
05A6F20A6C5E0804D4523B56250003
05A6F90A6C5D0804D4523B563D0004
05A7000A6C5E0804D6523C56430008
05A7050A6C5D0804D5523B564D0000
05A70F0A6C5E0804D2523B56700000
05A7140A6C5D0804D5523B56790008
05A7170A6C5D0804D4523A568A000B
05A71C0A6C5D0804D6523A56810008
05A7200A6C5D0804D4523A56870000
05A7230A6C5D0804D4523A56840005
05A7280A6C5D0804D4523A566D0007
05A72B0A6C5D0804D5523A56690000
05A7310A6C5D0804D3523956520005
05A72D0A6C5D0804D4523956580000
05A72D0A6C5D0804D2523956590000
05A72F0A6C5D0804D4523956450000
05A7300A6C5D0804D4523956350003
05A7330A6C5B0804D6523A562D0000
05A7350A6C5D0804D3523956290003
05A7360A6C5D0804D4523956310008
05A7370A6C5D0804D4523956490008
05A7380A6C5D0804D4523956470000
05A73E0A6C5F0804D4523A56460001
05A7430A6C5E0804D4523A56430008
05A7490A6C5F0804D5523956550000
05A74A0A6C5B0804D45239564E0000
05A7500A6C5D0804D4523956400000
05A7530A6C5D0804D4523956310003
05A75A0A6C5D0804D5523A56240006
05A75D0A6C5D0804D5523A56090002
05A7620A6C5B0804D4523A55FC000A
05A7670A6C5D0804D5523A55D50000
05A7680A6C5B0804D4523A55C00003
05A76A0A6C5D0804D4523A559E0000
05A76F0A6C5D0804D5523A55810003
05A7760A6C5E0804D7523A555C0003
05A7790A6C5D0804D5523A55450005
05A7810A6C5E0804D3523B55430002
05A7880A6C5D0804D5523A55170001
05A78D0A6C5D0804D6523A55440007
05A7910A6C5D0804D5523A554E0006
05A7950A6C5B0804D4523A55310001
05A7A20A6C5B0804D2523A550F0001
05A7A60A6C5B0804D4523A55010001
05A7AA0A6C5D0804D3523A54E70004
05A7B00A6C5D0804D5523954CD0005
05A7B60A6C5D0804D2523954B50001
05A7BF0A6C5E0804D3523954960002
05A7C90A6C5D0804D7523A54800001
05A7D20A6C5D0804D55239545F0000
05A7DA0A6C5D0804D4523954440008
05A7E10A6C5D0804D65239542B0000
05A7EA0A6C5D0804D5523954170003
05A7F00A6C5D0804D4523A540B0000
05A7F90A6C5E0804D5523A54080001
05A7FC0A6C5D0804D55239541B0000
05A8060A6C5D0804D3523A54240003
05A8100A6C5D0804D6523A542B0001
05A8180A6C5D0804D5523B545D0001
05A8230A6C5D0804D5523B547D0002
05A8320A6C5D0804D4523B548F0004
05A8410A6C5D0804D5523C54A90001
05A8520A6C5D0804D5523C54BB0002
05A8600A6C5D0804D6523C54C80000
05A86C0A6C5D0804D4523C54D6000A
05A8770A6C5D0804D4523C54DD0006
05A8850A6C5D0804D4523C54C70000
05A8940A6C5D0804D4523C54BB0002
05A89C0A6C5D0804D4523C54A00000
05A8A50A6C5F0804D4523B54A40001
05A8B00A6C5D0804D5523B54750003
05A8B70A6C5B0804D4523C54590000
05A8C20A6C5B0804D3523B54350001
05A8CE0A6C5E0804D4523A541C000A
05A8D30A6C5F0804D5523B53FC0000
05A8DB0A6C5D0804D5523A53D00001
05A8E50A6C5D0804D4523A53B60008
05A8F00A6C5D0804D4523A53960000
05A8F80A6C5D0804D3523A53850005
05A8FD0A6C5B0804D4523A538E0000
05A9010A6C5D0804D4523B53800005
05A90A0A6C5D0804D3523A53890003
05A9130A6C5D0804D4523A536C0000
05A91C0A6C5D0804D3523A536F0000
05A9240A6C5B0804D45239536B0002
05A92F0A6C5D0804D5523A53730006
05A93F0A6C5D0804D7523A53890006
05A94B0A6C5D0804D6523A53C30001
05A9570A6C5B0804D5523954010003
05A9660A6C5D0804D4523A54240004
05A9780A6C5B0804D4523A54370002
05A98B0A6C5D0804D5523A54470001
05A99B0A6C5D0804D5523A545B0003
05A9A70A6C5B0804D5523A54700005
05A9B40A6C5D0804D5523A54750001
05A9C30A6C5D0804D3523A54730000
05A9CC0A6C5D0804D4523A547D0000
05A9D00A6C5B0804D4523B54680000
05A9DA0A6C5B0804D4523B54510004
05A9E90A6C5D0804D4523B545E0007
05A9F80A6C5D0804D6523C54500004
05AA040A6C5D0804D3523C546B0000
05AA0D0A6C5B0804D6523C54820000
05AA180A6C5B0804D4523C548A0005
05AA240A6C5D0804D5523C548E0000
05AA300A6C5B0804D4523C54A20002
05AA3C0A6C5D0804D3523C54BF0001
05AA490A6C5B0804D5523C54E50004
05AA520A6C5D0804D4523C551A0000
05AA5A0A6C5B0804D4523B55650003
05AA660A6C5B0804D6523C55740006
05AA720A6C5D0804D5523C55900009
05AA7D0A6C5D0804D5523C55A80002
05AA880A6C5B0804D3523B55B80000
05AA940A6C5D0804D6523C55CF0002
05AAA30A6C5D0804D6523C55D60002
05AAB20A6C5B0804D5523C55C50000
05AAC10A6C5B0804D5523C55D50000
05AACE0A6C5B0804D6523C55D00008
05AADB0A6C5D0804D4523C55D70009
05AAE90A6C5D0804D4523C55C50007
05AAF90A6C5B0804D5523C55BD0001
05AB060A6C5E0804D5523C55AE0002
05AB140A6C5B0804D3523C559F0001
05AB1E0A6C5B0804D3523D55930002
05AB2A0A6C5B0804D2523D556C0005
05AB3C0A6C5B0804D3523D556C0002
05AB490A6C5B0804D4523D55640008
05AB550A6C5D0804D4523D55540001
05AB610A6C5D0804D5523D55650003
05AB6E0A6C5D0804D4523D55640000
05AB7B0A6C5D0804D7523D55400003
05AB880A6C5D0804D5523D551E0002
05AB950A6C5D0804D3523D55080001
05ABA40A6C5D0804D3523D54FE0001
05ABAE0A6C5D0804D7523D54F00000
05ABBB0A6C5B0804D5523C54D10001
05ABC80A6C5B0804D4523C54AF0003
05ABD70A6C5B0804D6523D54A60000
05ABE30A6C5B0804D4523D54930000
05ABEF0A6C5B0804D3523D54790000
05ABFD0A6C5D0804D4523C54530003
05AC090A6C5D0804D5523C54320000
05AC1B0A6C5B0804D5523C54190000
05AC2A0A6C5D0804D5523C54010006
05AC380A6C5B0804D2523D53F00001
05AC470A6C5D0804D4523E53DD0003
05AC580A6C5B0804D4523E53C50004
05AC660A6C5B0804D4523D53AB0000
05AC770A6C5B0804D5523D53A30000
05AC850A6C5D0804D7523D537E0006
05AC930A6C5D0804D6523E537A0000
05ACA20A6C5B0804D6523F536C0006
05ACB00A6C5B0804D5523F534E0001
05ACC10A6C5B0804D5523E53300004
05ACCE0A6C5B0804D7523D531B0004
05ACDE0A6C5D0804D4523E52F10002
05ACEB0A6C5B0804D3523E52DD0001
05ACFB0A6C5D0804D3523F52BD0000
05AD0A0A6C5B0804D4523F52A10001
05AD180A6C5E0804D3523E527B0006
05AD260A6C5D0804D4523E526C0005
05AD360A6C5D0804D6523E524E000A
05AD440A6C5D0804D5523D52380002
05AD520A6C5B0804D6523C52130002
05AD5F0A6C5B0804D4523C51F50005
05AD700A6C5B0804D4523C51F10000
05AD810A6C5D0804D4523C51C30008
05AD910A6C5D0804D6523C51B40005
05ADA00A6C5D0804D5523C519F0001
05ADAF0A6C5D0804D5523C518A0003
05ADC10A6C5B0804D5523D51720003
05ADD10A6C5B0804D5523C515B0000
05ADDE0A6C5D0804D4523D51340005
05ADEF0A6C5B0804D5523D51300001
05AE030A6C5B0804D4523D51140000
05AE190A6C5B0804D4523E51170000
05AE2D0A6C5D0804D6523C512E0006
05AE3B0A6C5D0804D5523D514D0001
05AE4A0A6C5B0804D4523C51560000
05AE5F0A6C5B0804D4523D51660002
05AE720A6C5D0804D4523D51700007
05AE820A6C5B0804D6523D518C000B
05AE910A6C5B0804D5523D51A10003
05AEA00A6C5B0804D4523C51B80000
05AEB50A6C5B0804D6523C51C90000
05AEC60A6C5D0804D5523C51DB0000
05AED40A6C5B0804D3523C52020000
05AEE10A6C5B0804D6523C521E0003
05AEF50A6C5D0804D7523B52390003
05AF090A6C5B0804D5523B524B0003
05AF190A6C5B0804D3523B52520002
05AF300A6C5D0804D3523B525C0005
05AF430A6C5B0804D4523C526F0006
05AF520A6C5B0804D3523C52810004
05AF620A6C5D0804D4523C528A0006
05AF710A6C5D0804D7523D52990006
05AF820A6C5D0804D4523D529D0000
05AF960A6C5D0804D2523C52B20001
05AFAC0A6C5B0804D5523C52BB0003
05AFB90A6C5B0804D6523D52F30008
05AFC70A6C5B0804D3523C531E0000
05AFDE0A6C5B0804D4523C534C0004
05AFF60A6C5D0804D6523C53710000
05B0070A6C5D0804D4523B53B50003
05B0190A6C5B0804D5523B53F60006
05B0290A6C5B0804D4523C542A0004
05B03E0A6C5B0804D5523C54500002
05B0510A6C5B0804D4523D54870001
05B0620A6C5B0804D6523D54AE0000
05B0720A6C5B0804D4523C54F40001
05B0830A6C5B0804D7523D5512000C
05B0930A6C5B0804D5523D55520000
05B0A50A6C5B0804D4523D557D0004
05B0B70A6C5B0804D5523E559B0000
05B0C60A6C5B0804D4523E55C60000
05B0D70A6C5D0804D6523E55DE0000
05B0E70A6C5B0804D5523D55F80003
05B0F90A6C5B0804D4523F56040003
05B1080A6C5D0804D6523F56050000
05B11A0A6C5D0804D5523F56090001
05B12A0A6C5B0804D7523F560F0000
05B1390A6C5B0804D6523E560A0004
05B1490A6C5B0804D6523D56000000
05B1590A6C5B0804D3523D55E90003
05B16C0A6C5B0804D4523C55DE0001
05B17C0A6C5B0804D5523D55D20005
05B18A0A6C5B0804D3523C55CA0001
05B19A0A6C590804D4523D55B70000
05B1AB0A6C5B0804D4523D55930005
05B1BE0A6C5B0804D4523D55860003
05B1CE0A6C5B0804D3523D55830001
05B1DD0A6C5B0804D3523D555C0001
05B1EF0A6C5B0804D5523E553E0001
05B1FF0A6C5B0804D4523E55470002
05B2140A6C590804D5523D55370000
05B2200A6C5B0804D3523D55230008
05B2330A6C5B0804D7523D550F0003
05B2430A6C5B0804D6523D54F60000
05B2560A6C5B0804D6523E54E20006
05B2660A6C5B0804D5523E54DA0002
05B2750A6C5B0804D4523E54CA0000
05B2870A6C5B0804D4523D54B30004
05B29B0A6C5B0804D4523E54A50003
05B2AA0A6C5B0804D4523D54930006
05B2B20A6C5B0804D6523D54870003
05B2C70A6C5B0804D7523C547D0000
05B2E10A6C5B0804D5523D54880005
05B2F70A6C5B0804D6523D54A50003
05B3070A6C5B0804D5523D54C00000
05B3160A6C590804D5523C54C10002
05B32C0A6C5B0804D3523C54CF0004
05B3420A6C5B0804D5523C54CF0005
05B3580A6C5B0804D5523D54D8000A
05B3660A6C5B0804D5523B54D90001
05B37A0A6C5B0804D6523B54D00003
05B38C0A6C590804D5523C54C90000
05B39F0A6C5D0804D6523C54B2000A
05B3B50A6C5B0804D5523C54B10001
05B3CC0A6C5B0804D5523C54A80001
05B3DC0A6C5B0804D6523B54B50001
05B3EF0A6C5B0804D3523C54C00006
05B4020A6C5B0804D3523D54C10003
05B41A0A6C5B0804D4523D54CB0000
05B42D0A6C5B0804D4523D54CB0000
05B43D0A6C5B0804D2523D54D00007
05B44F0A6C5D0804D3523E54D90000
05B4690A6C590804D4523E54E00005
05B4810A6C5B0804D4524054EC0004
05B4910A6C5D0804D55240551A0008
05B4A10A6C5B0804D65241555B0002
05B4B50A6C5B0804D6524055770002
05B4C60A6C5B0804D4524055AD0006
05B4D90A6C5B0804D3523F55C70008
05B4EC0A6C590804D4524055EF0004
05B5010A6C5B0804D4524056170000
05B5130A6C5B0804D6524156390004
05B5250A6C5B0804D5524056460000
05B5360A6C5B0804D5524056550001
05B5490A6C5B0804D5523F56580001
05B5580A6C5B0804D55240564C0000
05B56A0A6C5B0804D65240563D0001
05B57F0A6C5B0804D3524056180006
05B5980A6C5B0804D6524056060001
05B5AB0A6C5B0804D6523F56020004
05B5B80A6C5B0804D5523F55F50006
05B5CC0A6C5B0804D7523E55EA0001
05B5DF0A6C5B0804D5523E55D70001
05B5F70A6C5B0804D4523E55D90000
05B6070A6C5B0804D6523F55EB0000
05B6170A6C5B0804D4523E55FD0008
05B62D0A6C590804D5523F56080006
05B6480A6C590804D6523E56310002
05B65E0A6C590804D5523F565E0006
05B66F0A6C5B0804D5523F568C0004
05B6890A6C5B0804D6523E56B20003
05B6A50A6C5B0804D4523E56DA0002
05B6C00A6C5B0804D6523E56F30006
05B6D80A6C5B0804D5523E56FA0002
05B6F00A6C590804D3523D56FD0000
05B7080A6C590804D6523E56E00000
05B71F0A6C590804D6523D56C50005
05B72F0A6C5B0804D5523E56AA0003
05B73E0A6C590804D5523E56890001
05B7560A6C590804D5523E567E0003
05B76D0A6C590804D3523D56870002
05B7890A6C5B0804D3523D569F0004
05B7A00A6C590804D4523C56B30000
05B7AE0A6C590804D4523C56AD0007
05B7C00A6C5B0804D4523C56CC0004
05B7DB0A6C5B0804D6523C56D40000
05B7F80A6C5D0804D4523C56D60000
05B8080A6C590804D4523C56FC0000
05B8170A6C5B0804D6523B57100004
05B8310A6C5B0804D4523B57290000
05B8500A6C590804D4523B57480000
05B86A0A6C5B0804D5523B57790003
05B8840A6C5B0804D5523C57B50000
05B8A60A6C5B0804D5523C57E50004
05B8CC0A6C5B0804D5523D58050004
05B8F30A6C5B0804D5523C58300006
05B9150A6C5B0804D5523C585A0001
05B9350A6C590804D4523D586F0003
05B9520A6C5B0804D5523E58880001
05B96F0A6C5B0804D5523E58990001
05B98C0A6C5B0804D4523D58AB0003
05B9A30A6C5B0804D6523E58AD0002
05B9B30A6C590804D5523D58B20004
05B9C30A6C590804D3523E58B80000
05B9D90A6C590804D4523F58E50000
05B9F40A6C590804D4523F59200004
05BA0C0A6C590804D6524059470003
05BA170A6C590804D5523E59790000
05BA240A6C5B0804D7523F59A60004
05BA320A6C5B0804D6523E59D10001
05BA480A6C5B0804D6523E59FD0006
05BA5A0A6C590804D4523F5A250000
05BA6A0A6C5B0804D4523F5A470005
05BA770A6C590804D4523F5A650006
05BA870A6C5B0804D5523E5A780001
05BA9E0A6C5B0804D4523F5A8E000A
05BAB70A6C5B0804D652405A9F0004
05BACD0A6C590804D6523F5AB80002
05BAE10A6C590804D352405AE10001
05BAF90A6C5B0804D352405AF30002
05BB160A6C590804D752405B0B0000
05BB350A6C5B0804D552415B0A0004
05BB4C0A6C590804D552405B1D0006
05BB630A6C5B0804D652415B170003
05BB760A6C5B0804D552415B0D0004
05BB880A6C5B0804D452425AF50003
05BB9C0A6C590804D652425ADD0003
05BBAF0A6C590804D652435AB70005
05BBBD0A6C570804D652435A960002
05BBD10A6C5D0804D552435A5E0000
05BBE70A6C590804D352445A2D0005
05BBFB0A6C590804D552445A140003
05BC080A6C5B0804D7524259FE0004
05BC110A6C590804D5524359DE0005
05BC210A6C5B0804D5524259B60008
05BC320A6C5B0804D6524159990004
05BC450A6C5B0804D6524159760001
05BC560A6C590804D55241595C0000
05BC620A6C590804D5524259410004
05BC6F0A6C5B0804D4524159210002
05BC7E0A6C590804D5524158FA0000
05BC8D0A6C5B0804D5524058E90008
05BC9B0A6C590804D5524058B60001
05BCAD0A6C590804D4524058980005
05BCBC0A6C590804D6524158680001
05BCCE0A6C5B0804D6524258490002
05BCDF0A6C5B0804D6524158140000
05BCF30A6C590804D4524157FC0003
05BD080A6C5B0804D6524257DE0003
05BD1A0A6C590804D6524157D50005
05BD2A0A6C5B0804D5524157BA0000
05BD3F0A6C590804D6524257AA0000
05BD540A6C590804D5524257920003
05BD6B0A6C590804D55241576C0001
05BD810A6C570804D65241574B0003
05BD920A6C590804D4524057180009
05BDA60A6C5B0804D5524156F70002
05BDB40A6C5B0804D5524056C80003
05BDB90A6C5B0804D65240569B0004
05BDCA0A6C590804D5524056860003
05BDE90A6C5B0804D4523F56940000
05BE040A6C5B0804D4523F56A30006
05BE160A6C590804D6523F56DD0000
05BE220A6C590804D4523F57150000
05BE300A6C590804D5523F57390000
05BE440A6C5B0804D6523F57600000
05BE540A6C590804D55240577E0003
05BE620A6C5B0804D5523F57A70003
05BE730A6C5B0804D6523F57BE0003
05BE8A0A6C590804D6523F57F40009
05BE9C0A6C590804D5524058350001
05BEB10A6C590804D3524158680000
05BECA0A6C590804D4524058930000
05BEE30A6C5B0804D6524058BA0003
05BEFA0A6C5B0804D3524058D30005
05BF0F0A6C590804D3524058DC0006
05BF240A6C5B0804D5524058F20000
05BF380A6C5B0804D2524058FB0000
05BF470A6C590804D3524058F90000
05BF590A6C590804D5524058EC0000
05BF680A6C590804D5524058C90003
05BF770A6C590804D6524158BF0008
05BF830A6C590804D4524158980003
05BF900A6C570804D3524158720001
05BFA00A6C590804D4524158550003
05BFAF0A6C590804D65242582B0000
05BFB90A6C590804D5524158010000
05BFC80A6C590804D4524257E20001
05BFD90A6C590804D5524257D00004
05BFE80A6C5B0804D4524357A00002
05BFF30A6C5B0804D35243579B0005
05C0010A6C5B0804D55243578F0000
05C0100A6C590804D4524357670000
05C0200A6C5B0804D6524457640000
05C02E0A6C590804D55244574E0002
05C0390A6C590804D45244573E0005
05C0470A6C590804D4524457240006
05C0540A6C5B0804D5524457100008
05C0600A6C5B0804D3524456F50001
05C06D0A6C5B0804D5524456DF0003
05C07D0A6C590804D5524456B60000
05C08D0A6C590804D55244569C0000
05C09E0A6C5B0804D55245567E0000
05C0AD0A6C590804D4524456560004
05C0BD0A6C5B0804D45245562D0001
05C0CC0A6C590804D5524556090000
05C0DC0A6C590804D3524555E00002
05C0F00A6C590804D6524555B30006
05C0FF0A6C590804D55245558A0003
05C1110A6C5B0804D3524555600006
05C11D0A6C590804D45245553A0006
05C12A0A6C590804D6524555180002
05C1390A6C590804D5524554FE0000
05C14A0A6C5B0804D4524454DA0006
05C1590A6C5B0804D5524454C80001
05C1660A6C590804D4524454B10000
05C1740A6C590804D4524354990001
05C17F0A6C5B0804D5524354810003
05C1830A6C590804D45243546A0006
05C18F0A6C590804D65243545C0005
05C1A40A6C5B0804D4524254660003
05C1BA0A6C5B0804D45242547B0003
05C1CC0A6C590804D55241548C0004
05C1DB0A6C590804D6524154930002
05C1E50A6C590804D4524154A00003
05C1FA0A6C590804D55241549C0000
05C20E0A6C590804D6524154A8000A
05C2180A6C590804D5524154B20001
05C2250A6C590804D5524154B80000
05C2410A6C590804D3524254D50005
05C25D0A6C570804D3524155010000
05C26D0A6C590804D55241554A0000
05C27A0A6C570804D6524255B70004
05C28C0A6C570804D4524256240005
05C2A30A6C570804D55243567B0002
05C2B80A6C590804D5524356CA0003
05C2CE0A6C5B0804D5524357290000
05C2DE0A6C5B0804D45243575E0005
05C2EE0A6C590804D4524357AE0001
05C2FC0A6C5B0804D4524257E30000
05C30B0A6C570804D45242581A0004
05C3130A6C570804D35242584A0007
05C3210A6C590804D45241585F0001
05C3370A6C590804D5524158630001
05C34F0A6C590804D55241587B0001
05C3610A6C590804D65241588C0001
05C3690A6C590804D5524158A60001
05C3740A6C590804D5524158AB0006
05C3870A6C590804D5524158AE0002
05C3990A6C590804D4524158A60000
05C3A50A6C590804D6524158A10000
05C3B10A6C590804D65241589A0000
05C3C30A6C590804D5524158840005
05C3E00A6C590804D4524158800008
05C3F40A6C570804D5524158910002
05C3FF0A6C590804D5524258AB0000
05C4110A6C590804D5524258B90002
05C42E0A6C590804D5524358CD0003
05C4460A6C590804D3524358F30003
05C4560A6C590804D4524358F90000
05C4630A6C590804D45243591C0000
05C4720A6C590804D3524359220001
05C4860A6C590804D4524259120004
05C4960A6C590804D5524358F20000
05C4970A6C590804D4524258F30008
05C4A20A6C590804D6524158F80000
05C4BC0A6C590804D6524158FC0008
05C4D20A6C590804D5524159030000
05C4E20A6C570804D45241593F0001
05C4EB0A6C590804D5524259990003
05C4F80A6C590804D4524259E20003
05C5030A6C570804D452415A1C0002
05C5160A6C570804D452415A450000
05C5290A6C590804D552415A520005
05C5380A6C590804D552425A530003
05C5440A6C570804D552425A430007
05C55A0A6C590804D552425A290005
05C5740A6C590804D352425A1A0001
05C5860A6C570804D352435A060001
05C59A0A6C590804D4524259EC0003
05C5B40A6C570804D3524259D10006
05C5D00A6C590804D5524259A90005
05C5E30A6C590804D55243598D0001
05C5F70A6C590804D45243596E0006
05C6070A6C570804D652435940000C
05C61D0A6C5B0804D3524359140000
05C62A0A6C590804D4524358E10006
05C6320A6C590804D5524458AB0004
05C6360A6C590804D3524358820000
05C64B0A6C5B0804D4524358860003
05C6680A6C590804D45242589E0005
05C67E0A6C590804D4524258A70000
05C6860A6C590804D6524158C60001
05C6890A6C570804D4524158E30000
05C6930A6C590804D4524158F80001
05C6AA0A6C590804D4524159270002
05C6BB0A6C590804D3524259570001
05C6C60A6C570804D3524259750001
05C6DA0A6C590804D4524259810000
05C6F40A6C590804D5524359860003
05C7070A6C590804D5524359970004
05C7140A6C590804D5524459AB0006
05C7290A6C570804D3524459CD0001
05C7450A6C590804D5524359E70007
05C7610A6C570804D252435A0A0000
05C7730A6C590804D552445A1E0001
05C7880A6C570804D452445A220004
05C79D0A6C590804D352455A270000
05C7B30A6C590804D552465A220000
05C7C70A6C590804D652465A000000
05C7D70A6C590804D3524659E00005
05C7E00A6C590804D5524659C30001
05C7E20A6C570804D4524659AD0008
05C7F10A6C570804D6524659A40003
05C80B0A6C570804D3524559C20003
05C8240A6C590804D2524659DC0006
05C8330A6C590804D3524659F50005
05C83A0A6C590804D3524559F40000
05C8440A6C590804D5524559FE0007
05C8520A6C570804D452455A000004
05C85D0A6C590804D4524659EF0000
05C8690A6C590804D4524559DC0006
05C8740A6C590804D5524559B80000
05C8810A6C590804D5524559990001
05C8930A6C590804D45244596B0002
05C8A70A6C590804D45245593E0000
05C8BE0A6C590804D55245591F0000
05C8D20A6C570804D4524558F80000
05C8EB0A6C590804D5524558D30003
05C9090A6C590804D4524458BE0004
05C9290A6C570804D55245589C0000
05C9480A6C590804D6524558880003
05C9630A6C590804D45244585E0003
05C97B0A6C570804D4524558420008
05C9910A6C570804D35245581B0000
05C9A90A6C590804D5524558000009
05C9BE0A6C590804D3524457DD0007
05C9D20A6C570804D5524457B80002
05C9DE0A6C570804D5524457870001
05C9E20A6C5B0804D5524457760002
05C9F40A6C590804D5524457730003
05CA0C0A6C570804D5524557910000
05CA1E0A6C590804D5524457B00001
05CA230A6C570804D5524457BC0006
05CA2A0A6C590804D3524557D70003
05CA390A6C590804D4524557E50008
05CA4B0A6C560804D35245580A0000
05CA590A6C570804D4524458170005
05CA5F0A6C590804D5524458200000
05CA660A6C570804D65244581B0007
05CA730A6C590804D35244581F0003
05CA810A6C590804D2524558110005
05CA930A6C590804D55245580E0001
05CAA20A6C590804D6524558010005
05CAAA0A6C570804D4524557F20000
05CAB90A6C570804D4524557E20000
05CACC0A6C590804D4524557DA0000
05CADC0A6C570804D3524557CC0000
05CAE70A6C590804D3524557BD0000
05CAF20A6C590804D5524557B00009
05CB030A6C590804D2524457900000
05CB130A6C570804D4524457790005
05CB1F0A6C590804D4524457620000
05CB2F0A6C570804D3524457480003
05CB390A6C570804D4524457300003
05CB460A6C590804D5524457110002
05CB520A6C590804D6524456FB0000
05CB5F0A6C570804D3524456D50000
05CB6A0A6C590804D5524456B20005
05CB760A6C590804D4524456910003
05CB820A6C590804D4524356750001
05CB8F0A6C590804D4524356500006
05CB9C0A6C570804D5524256290006
05CBA70A6C590804D3524256130002
05CBB50A6C570804D5524255EA0000
05CBC40A6C560804D5524255CC0000
05CBCB0A6C570804D4524255B70000
05CBD10A6C570804D3524355900008
05CBE40A6C590804D6524355810006
05CBF90A6C590804D35243557D0001
05CC040A6C570804D4524355870000
05CC020A6C570804D5524355950008
05CC0D0A6C570804D4524355AA0001
05CC1D0A6C570804D3524355B30004
05CC2C0A6C590804D4524455D10000
05CC350A6C590804D4524455E30006
05CC3C0A6C590804D3524455F10008
05CC4C0A6C570804D3524455F00001
05CC610A6C590804D4524555FC0001
05CC700A6C570804D2524456090000
05CC7C0A6C570804D45244561B0003
05CC870A6C590804D4524556300003
05CC9E0A6C570804D5524556350000
05CCB30A6C570804D45245563A0006
05CCC70A6C590804D35246563A0003
05CCD30A6C570804D3524656240001
05CCE30A6C590804D1524656130003
05CCF30A6C570804D4524555ED0006
05CCF50A6C570804D3524655D10006
05CCF70A6C590804D6524655C60007
05CD100A6C570804D3524655D00004
05CD360A6C570804D3524556120003
05CD4A0A6C570804D3524656690006
05CD4D0A6C590804D5524656EC0000
05CD540A6C570804D3524657670007
05CD600A6C570804D3524757CF0000
05CD6F0A6C590804D5524758280005
05CD780A6C570804D3524658790000
05CD820A6C570804D6524558B30002
05CD930A6C590804D5524558CB0003
05CDA60A6C570804D3524458FA0005
05CDB40A6C590804D4524459320000
05CDC00A6C590804D552445954000A
05CDD00A6C590804D4524559630003
05CDE10A6C570804D3524459630003
05CDEF0A6C590804D4524559680003
05CDF80A6C570804D3524559640005
05CDFF0A6C590804D6524559510000
05CE0A0A6C570804D55245593A0004
05CE190A6C570804D4524459180007
05CE290A6C590804D5524458F10000
05CE300A6C570804D4524458F90000
05CE380A6C570804D3524458DE0006
05CE400A6C570804D3524458CF0003
05CE4C0A6C560804D4524458B30005
05CE570A6C590804D45244589E0003
05CE610A6C570804D4524458840004
05CE670A6C570804D4524458660005
05CE750A6C590804D3524458460004
05CE840A6C570804D5524458310006
05CE8D0A6C570804D6524458280000
05CE960A6C570804D5524458170005
05CEA30A6C590804D6524458030005
05CEB50A6C560804D5524457ED0001
05CEC30A6C570804D5524457DD0009
05CECC0A6C570804D6524457CB0003
05CED30A6C570804D55244579B0001
05CEDD0A6C570804D3524457880000
05CEED0A6C570804D6524457710000
05CEFB0A6C590804D55244575C0004
05CF010A6C570804D4524457550005
05CF060A6C570804D55244573E0003
05CF110A6C570804D45244572F0004
05CF220A6C590804D55244571D0000
05CF320A6C570804D45244571E0000
05CF390A6C560804D5524557340005
05CF3A0A6C570804D45245574F0000
05CF420A6C590804D35244575A0003
05CF4C0A6C570804D4524457600006
05CF530A6C570804D3524357640001
05CF5C0A6C570804D3524457650007
05CF6A0A6C570804D55244576A0000
05CF720A6C570804D3524457710003
05CF7B0A6C570804D4524557690003
05CF870A6C570804D5524557570004
05CF970A6C570804D45245573E0009
05CFA30A6C570804D55245572E0000
05CFAA0A6C590804D5524557120007
05CFB50A6C590804D5524556FF0000
05CFC10A6C570804D3524556D00000
05CFCD0A6C570804D3524556B90000
05CFD50A6C590804D5524556920000
05CFD90A6C570804D4524556660008
05CFE30A6C590804D55246564D0001
05CFF70A6C560804D4524556440000
05D00E0A6C570804D3524556440007
05D0160A6C570804D25246565C0000
05D01A0A6C570804D4524656860003
05D0220A6C570804D55245569B0002
05D02E0A6C570804D4524556BE0005
05D0360A6C590804D4524556D20001
05D03E0A6C570804D4524656ED0003
05D04F0A6C570804D5524657150001
05D0610A6C560804D4524657360006
05D06E0A6C590804D45246575F0000
05D07A0A6C570804D55246578B0006
05D08C0A6C570804D4524557A50005
05D0A20A6C570804D4524557C20001
05D0B70A6C570804D5524557D40001
05D0C60A6C570804D4524557D80006
05D0D50A6C570804D4524557E40000
05D0E30A6C570804D4524657E30000
05D0F10A6C560804D4524557DB0000
05D0F60A6C570804D5524657BF0000
05D0FA0A6C570804D4524757C20009
05D1110A6C570804D4524757CF0002
05D1300A6C570804D4524758050006
05D1440A6C590804D35246585D0001
05D14E0A6C570804D4524658C00002
05D1510A6C570804D6524659300000
05D15C0A6C590804D45246597F0000
05D16B0A6C570804D3524659D10003
05D1740A6C560804D452475A2C0000
05D17B0A6C570804D452465A690000
05D18B0A6C590804D452465AB30001
05D19C0A6C570804D452465AEB0000
05D1A40A6C570804D452465B2A0000
05D1AE0A6C560804D752465B640002
05D1C10A6C590804D552465B850001
05D1D30A6C570804D052465B8C0000
05D1E40A6C570804D552455B950006
05D1F40A6C570804D452455BA30003
05D1FF0A6C570804D552465B9D0005
05D20B0A6C570804D452465B970003
05D21A0A6C570804D552465B870000
05D2210A6C570804D452455B690002
05D21F0A6C570804D452455B540000
05D22D0A6C570804D252455B4B0001
05D2480A6C570804D252445B5C0000
05D2590A6C560804D452455B770003
05D25C0A6C570804D452455BB00001
05D25E0A6C570804D752465BEB0003
05D2660A6C590804D352465BFD0002
05D26F0A6C570804D552475C300000
05D2740A6C570804D552465C4D0007
05D2780A6C560804D552465C640003
05D2800A6C570804D152465C6D0001
05D28D0A6C590804D252465C730000
05D2940A6C590804D552475C740000
05D29C0A6C570804D552475C750001
05D2A70A6C570804D352485C6C0004
05D2B80A6C570804D452495C570000
05D2C40A6C570804D352485C470003
05D2C60A6C570804D452495C3F0000
05D2CA0A6C570804D452495C300000
05D2DB0A6C590804D352495C130005
05D2EB0A6C590804D452495C1B0001
05D2F10A6C570804D452495C280003
05D2F30A6C570804D452485C270004
05D2F70A6C570804D352485C2E0004
05D3000A6C570804D452485C280000
05D3070A6C590804D452495C240005
05D30F0A6C570804D452495C120002
05D3120A6C570804D252485C010000
05D3180A6C570804D252485BEE0003
05D3200A6C570804D152475BCE0006
05D3290A6C560804D552475BA50005
05D3330A6C570804D352465B7D0003
05D33C0A6C570804D452475B5A0006
05D3440A6C570804D552465B3A0009
05D3490A6C560804D552465B140000
05D3530A6C570804D452465AEA0000
05D3620A6C590804D352455AB20003
05D36E0A6C560804D652455A8A0001
05D3760A6C590804D552465A650001
05D37F0A6C570804D452465A2F0001
05D3880A6C570804D352465A040002
05D38D0A6C590804D4524659D10003
05D38D0A6C570804D5524559AD0000
05D3960A6C570804D5524659840004
05D3AB0A6C570804D65245597D0005
05D3BF0A6C570804D5524659870001
05D3C60A6C570804D5524659AC0004
05D3C70A6C570804D5524659CB0002
05D3CB0A6C570804D4524659DD0000
05D3D60A6C560804D3524759FC0002
05D3E00A6C570804D452475A120000
05D3E90A6C570804D452475A200001
05D3EF0A6C590804D452465A3A0003
05D4020A6C590804D352465A62000A
05D4100A6C570804D352465A850003
05D4160A6C560804D352465AB70003
05D4230A6C570804D452465AD50000
05D4330A6C560804D452465AE10000
05D4430A6C590804D352465AF10001
05D4560A6C570804D552465AF30009
05D4620A6C570804D352465AFC0000
05D46A0A6C560804D252465AEA0001
05D4710A6C570804D352475ADB0003
05D4720A6C570804D552465AD20000
05D4780A6C570804D552465AC80000
05D48F0A6C570804D652465ACC0000
05D4A90A6C570804D452465B030000
05D4B20A6C560804D452465B4E0000
05D4B00A6C570804D452475BA10000
05D4B70A6C570804D452475BF90005
05D4C10A6C570804D552475C530005
05D4CB0A6C570804D552475C970003
05D4D30A6C570804D552475CD80002
05D4DE0A6C570804D452475D0B0005
05D4EE0A6C570804D452475D5B0005
05D4F90A6C570804D452475D920003
05D5050A6C560804D552465DB90006
05D5130A6C570804D552465DC70003
05D52A0A6C570804D352455DD30000
05D53F0A6C570804D452465DD50006
05D54D0A6C570804D352455DCF0000
05D55A0A6C570804D552455DB70004
05D5610A6C570804D352455D980001
05D5610A6C560804D352455D790000
05D5690A6C570804D352455D4F0003
05D5780A6C570804D452445D380001
05D5830A6C570804D752445D2B0001
05D5880A6C570804D452445D060003
05D5890A6C570804D552445D230001
05D58D0A6C570804D552445D330003
05D5960A6C570804D452445D070003
05D59B0A6C570804D352445D030001
05D59B0A6C570804D352445D070000
05D59D0A6C570804D652445CEF0002
05D5A90A6C590804D452445CF60006
05D5B80A6C570804D452445CFA0002
05D5C10A6C560804D552445D0D0003
05D5CF0A6C570804D452445D260000
05D5E10A6C570804D452445D2E0009
05D5F90A6C570804D352445D400002
05D60D0A6C570804D352435D2E0003
05D61E0A6C570804D352445D300000
05D6290A6C570804D452435D310001
05D62F0A6C570804D652435D2E0006
05D6320A6C570804D352435CFF000A
05D6370A6C570804D152435D030008
05D63E0A6C570804D252435D050006
05D6490A6C570804D252435D080000
05D6440A6C560804D352445D310003
05D6320A6C570804D352445D5F0001
05D62C0A6C570804D252445D8E0004
05D61F0A6C560804D352445DD50001
05D6090A6C570804D352445E280002
05D5F60A6C590804D552445E5C0000
05D5E30A6C590804D652455E9F0002
05D5CB0A6C570804D552455EC80003
05D5B30A6C570804D552455EF50000
05D59D0A6C590804D452455F220003
05D5880A6C570804D352455F320002
05D5780A6C570804D452455F310000
05D5680A6C590804D252455F0C0005
05D5570A6C570804D452455EE50000
05D54D0A6C570804D552455EC90001
05D5430A6C570804D452455EA00000
05D53B0A6C570804D552455E630001
05D5360A6C570804D452455E2D0000
05D52F0A6C570804D452455DF10000
05D52C0A6C570804D452455DB90000
05D5270A6C570804D352465D820006
05D5240A6C570804D552465D3F0002
05D5200A6C590804D252465D090000
05D51E0A6C570804D252465CBC0000
05D5160A6C590804D352465C810001
05D5150A6C570804D252455C410000
05D5180A6C570804D452455BFE0000
05D5130A6C570804D352455BD60008
05D5140A6C570804D352455BA40007
05D5150A6C570804D452455B7C0008
05D5130A6C570804D452455B580005
05D5110A6C560804D352455B2D0001
05D5140A6C570804D452445B0C0002
05D5130A6C570804D452445ADE0000
05D5150A6C570804D452445AB80000
05D5170A6C570804D352445A930006
05D5190A6C570804D452445A670002
05D5200A6C570804D452445A360000
05D5260A6C570804D352455A110002
05D5270A6C570804D5524459E00000
05D5290A6C570804D3524559B60000
05D5330A6C570804D35245598A0000
05D53E0A6C570804D55245596C0000
05D5450A6C570804D5524559360001
05D54B0A6C560804D4524558F40000
05D5530A6C570804D4524458D30006
05D55B0A6C570804D6524458A90006
05D5610A6C560804D5524558760001
05D56B0A6C570804D45245584D0000
05D5700A6C570804D45245581B0004
05D57A0A6C570804D4524457EC0006
05D5810A6C570804D4524457CC0000
05D5850A6C560804D2524457B10006
05D58B0A6C570804D5524457900003
05D5910A6C560804D55244577C0004
05D5960A6C570804D3524357680000
05D59A0A6C570804D4524357570001
05D5A10A6C570804D45243572F0000
05D5AD0A6C570804D5524457210007
05D5BA0A6C560804D3524457000000
05D5C30A6C570804D4524456F60003
05D5CE0A6C570804D3524456EE0000
05D5E10A6C560804D3524456DC0004
05D5F60A6C570804D5524456D00000
05D6040A6C560804D3524356C10001
05D6090A6C560804D4524456A40001
05D6130A6C570804D55244569A000A
05D6270A6C570804D2524456960000
05D6320A6C570804D3524456850000
05D6370A6C570804D4524456910001
05D6400A6C570804D55244568D0001
05D64A0A6C560804D45245568D0000
05D6500A6C570804D45245567A0005
05D6590A6C570804D2524456820003
05D6630A6C560804D4524556700000
05D66D0A6C570804D2524456610000
05D6750A6C560804D3524456450000
05D67C0A6C570804D35245562D0001
05D6870A6C570804D452465611000A
05D6930A6C570804D2524655F10000
05D69D0A6C560804D5524655D10001
05D6A60A6C570804D3524655AF0007
05D6AD0A6C570804D45246558F0000
05D6B90A6C570804D45246555F0006
05D6C20A6C570804D3524655290000
05D6CA0A6C590804D5524655140003
05D6D30A6C570804D3524654E60000
05D6DC0A6C570804D4524554C40003
05D6E70A6C570804D4524554A00008
05D6F40A6C570804D75245549D0004
05D7020A6C570804D4524454A80002
05D7210A6C570804D4524454B60000
05D7500A6C570804D5524455180000
05D7820A6C570804D3524455930002
05D7BA0A6C570804D45244562D0000
05D8000A6C570804D5524456BD0006
05D8480A6C570804D4524457370008
05D8880A6C590804D5524457A00001
05D8C30A6C590804D6524458010000
05D8F80A6C560804D55244582C000A
05D9260A6C570804D4524458600001
05D9530A6C570804D45243586A0004
05D97A0A6C570804D3524358740000
05D9990A6C570804D3524358820000
05D9B50A6C560804D55244587B0006
05D9D00A6C560804D4524458660000
05D9EB0A6C560804D4524458660004
05D9FC0A6C570804D45244587B0000
05DA0A0A6C570804D6524458870004
05DA1B0A6C570804D35244587B0001
05DA2D0A6C560804D5524558710003
05DA3D0A6C570804D4524458670000
05DA480A6C570804D4524458410000
05DA530A6C570804D4524458300000
05DA5F0A6C570804D35245580A0000
05DA650A6C570804D6524557CF0000
05DA6F0A6C570804D3524557A50001
05DA720A6C570804D5524557750006
05DA750A6C570804D55245574A0006
05DA7D0A6C570804D55245570F0000
05DA810A6C570804D5524556E60003
05DA880A6C570804D4524556B20001
05DA8A0A6C560804D35245567F0004
05DA8D0A6C570804D4524456520001
05DA910A6C570804D4524456240000
05DA940A6C560804D3524455F20000
05DA960A6C560804D6524455C60000
05DA970A6C560804D4524355A10004
05DA9F0A6C570804D5524355660001
05DAA00A6C570804D3524355470007
05DA9A0A6C560804D55243554A0000
05DA990A6C570804D4524355410005
05DAA10A6C560804D5524355340000
05DAAB0A6C570804D55243553F0008
05DAAF0A6C570804D5524355500006
05DAB10A6C570804D5524355930000
05DAB60A6C560804D6524255EA0005
05DABF0A6C540804E1524256590002
05DA450ECAC40804FE524257BD0008
05D26F0E528A08050B5243587F0000
05C2370F800E08051952425B080006
05B88312CCA508052152435EA50000
05B326138AE4080528524362BB0000
05B083150D1F08052D524366D70000
05B35D1450E808053152436ACF0000
05B8BF177A4A08053752436E910000
05BE3C176B0108053E524371E20003
05C3EE17953D080545524374BA0000
05C8A8179A440805465243770F0000
05CBEE179A76080547524379230000
05CE20179ADD08054152437AAC0000
05CFA1179B3C08053D52437BD40001
05D08A179B8008053A52437C830000
05D116179B0D08053852437CD80000
05D1C5179A8108053D52437CDD0003
05D289179AA508053C52437CC90004
05D308179D4708053E52447CAA0007
05D3081738E808053B52447C700003
05D2BD0F84AE08053B52437C190000
05D28C0EA0D008053152437BBF0000
05D27F0DF72408052952437B870006
05D27D0E039508052452437BBE0000
05D2740CD12008052252437C4F0006
05D2600C2C5308052352437CEF0002
05D2490C76EB08052352437D590005
05D22C0C82D008052452437D9F000B
05D2080C7A7408052452437DAB0001
05D1E00BDB3208052752437DA20000
05D1B10E963908052E52437D8D0000
05D08D1713DC08053652437D790006
05CE27178DEC08053952427D440005
05CC3617A3D108053D52427CDE0000
05CAC817A46D08053F52427C400000
05C98C17A55508053E52427BB70000
05C85717A61008053F52437B420000
05C75317A67C08053B52437B180004
05C69817A5C708053852437B250003
05C5F317A45E08053452437B290000
05C59817A32408053052437B080005
05C61717A24D08052D52437AB50008
05C6B317A2B008052752437A770003
05C74B17A2A908052A52427AB90005
05C7F917A31608052C52427B4F0003
05C82617A3F908053252427BCF0003
05C7F317A55508053452437C1B0000
05C74C17A5FA08053552437C420000
05C69217A5FA08053552447C710003
05C58A17A60708053552437CA20008
05C4C117A52508053652437CEA0000
05C3FF17A7FC08053752437CA80001
05C35817A9D908053A52437C850000
05C1EC17ABDF08053E52437C3C0002
05BFD717ADA008054252437C030000
05BDBC17AFAD08054152437C1E0002
05BB8A17B14C08053F52437C820005
05B97117B1DD08053852447D340000
05B7EE17B09908053552447D9D0000
05B6FE17AF1608052F52447E4D0000
05B65A17AEE308052B52447EC80000
05B68C17AE8C08052852447EE40000
05B6DD17AE4008052A52447E9F0000
05B77917AD8B08052B52447E340003
05B8B717ACB908052A52437DA20007
05BA4817AC4F08053052437D1D0004
05BBB017ACF608053352437C740000
05BC7D17AD9908053552437BCA0000
05BCCB17ADED08053852437B090002
05BC6917B0D808053C52437A3F0005
05BB0117B37408053F524379910003
05B87317B584080540524379250004
05B5A117B5C408053C5243793F0000
05B3A717B23F08053D524279BC0004
05B2A017B06F08053D52427A4F0000
05B29B17B06B08053D52427AC20000
05B49D17B04708053A52427AF20006
05B66E17AF3308053C52427AED0000
05B80517AD1408053D52417AE50005
05B98517ADB308053B52417AFD0005
05BABA17AF8A08053A52417B310001
05BB1A17AF6508053552417B5C0004
05BB0417AFAE08053052417B6D0002
05BA6017AFD608052952427B530000
05B9BF17AE4F08052452427B550000
05B95D17AD2508052152427B560003
05B9D717AD7C08052152427B610000
05BB4917AC9F08052452417B570004
05BC4017AC2008052F52417B590001
05BCF717ADAF08053652427B710001
05BD6117ADF408053E52427B880000
05BD1B17AF4508054152427BB70008
05BC4917B02D08054152427BD40000
05BB1717B05C08053D52427BE90004
05BA1E17AF2408053B52427C4F0006
05B97017AE8808053752437CBE0000
05B99F17AE0B08053752437D170000
05BA7317ADA408053852437D300002
05BB3D17ADD308053852427D2C0000
05BBC817AEA908053952427D2A0009
05BC0817AE9F08053A52427D170000
05BBE217B09608053D52437CFB0001
05BADD17B14408053D52437CC90000
05B95B17AF1908053B52447C7C0003
05B7F917AE1808053A52437C3E0004
05B88417AEB008053B52437BED0000
05BA1617AEA708053E52437BCC0000
05BAEE17AF0B08053C52437BB60000
05BB5F17AEA208053752437B9A0000
05BB8717AE6608053352447B700000
05BB2F17AE0A08052E52447B160000
05BAF517ADC508052752447ACC0000
05BBAB17ABE108052252437AA20000
05BCA717AA8E08052452437AA80001
05BDC417AB9E08052752447AF90006
05BE6E17AC8408052D52447B820004
05BE9917ACC708053152447C200000
05BE3417ADF408053152437C6C0000
05BD8B17ADBB08053052437C8F0003
05BD1417ABE308052F52427C820001
05BCE317ABF808052C52437C920002
05BD8717AB9108052C52437C940003
05BE3717AB4008052D52437CAF0008
05BEA817AC2008053352437CE70003
05BEDE17AC7108053752437D510001
05BEAE17AD5108053652427DC90006
05BE2317AD7108053A52427D920003
05BD7217AC7008053752427D9E0000
05BCE517ABFB08053852437DCF0000
05BD5317AB9308053A52437E060000
05BE2217AB7208053852437E340000
05BEBA17AC1208053852437E610000
05BF0417AC0008053552437E630000
05BF0017ACDD08053452437E2C0002
05BE9217AC7508052F52437DC10003
05BE1917AB5908052A52447D320003
05BE0517AB5208052A52447CAB0004
05BEA817AA0E08052852447C4A000A
05BF5B17A9EB08052A52437C4B0000
05C01517AAFF08053152437C940000
05C05617AB6008053452437CE90000
05C01B17AC2008053652437CF5000A
05BF8F17AC8608053852427CE30005
05BEC417AC8C08053952427CE80002
05BDCE17AB6808053752427D220000
05BD5017AB1F08053552427D640005
05BE0A17AAE608053352437D790003
05BEEC17AAC508052D52427D680003
05BF7B17AB4B08052D52427D640002
05BFBF17AB3608052C52427D660000
05BFC917AB9708052952427D630001
05BF7217AB7D08052952427D450000
05BF2B17AA4F08052B52417D230000
05BF2117AA5F08052F52427D200000
05BFB517A99C08053352427D2E0000
05C04617A95108053B52427D2C0000
05C0BE17AA4608054152427D0D0003
05C0F217AA6708054452427CDA0004
05C0D217AB1808054752437C8B0001
05C07E17AB3108054752427C330000
05C01417AB1F08054852437C020002
05BF8A17AA3C08054752437C220004
05BF1217AA1308054552437C870005
05BF6917AA0C08054752437CB30006
05BFFF17A9E108054752437CBF0000
05C07017A99C08054D52437CC50000
05C0C617A93308055552437CD50000
05C11017A8F608055F52447D0C0001
05C14517A90B08056952447D2C0008
05C16617A99508057352447D410001
05C16E17A9C208057852447D1D0003
05C17017A9D908057E52447CB80003
05C17217A9BC08058752457C3A0006
05C17617A95808059052447B7E0005
05C17A17A90008059252447AD10001
05C17817A89B08059B52447A270002
05C17517A8660805A5524579A30000
05C18817A8560805B05244793A0000
05C1B217A8A60805BA524478C50000
05C1CD17A8F60805C452447857000A
05C1DD17A91D0805CE524377CC0000
05C1E217A9230805D85244773C0001
05C1E717A9000805DE524476B50001
05C1EF17A8B80805E7524476210000
05C1FF17A8880805F1524375880000
05C1FD17A8650805FC524374EB0000
05C1FC17A8520806035243746B0005
05C1FE17A83C08060D524373E10004
05C20217A8110806185243736D0008
05C20E17A7FF080623524372F10008
05C21D17A82D08062E524372760003
05C22517A84F080639524372010005
05C22D17A86C080646524271700000
05C22D17A884080650524270DE0007
05C22B17A88508065B524270520002
05C22817A88108066752426FCC0002
05C20917A87908067452426F4D0003
05C1B717A87A08067D52426EC70003
05C15917A8BB08068952426E570008
05C10617A92308069352426DE80000
05C0C117A98208069E52436D890000
05C0A017A9A70806A752436D490000
05C09917A94D0806AF52436D380000
05C09817A8CD0806BB52436D510000
05C08617A8B10806C352436D800003
05C07317A8AA0806CC52436DD30000
05C05C17A8E30806D652436E470005
05C03517A9240806DD52436EB00002
05BFEE17A93A0806E752436F340001
05BF9E17A9620806EF52436FAF0000
05BF5217A99C0806FB5243701B0000
05BEF917A9BB0807015243709C0005
05BEA417A9CE08070C524270E90005
05BE5617A9D9080714524271300000
05BDF917A9E808071D524271430000
05BD8F17A9FE080726524271280000
05BD2017AA5C080731524270F60000
05BCA417AAEE08073C524370AC0002
05BC4417AB390807415242706F0008
05BC1317AB3C08074A524270590000
05BC1317AAC1080751524170520007
05BC4C17A96908075B5241705B0008
05BC7817A87A080761524170510001
05BCB717A7770807675241702F0000
05BDFB17A7BB08076852426FF10003
05C01617A83608076952426FA70004
05C17817A84308076A52416F520003
05C22217A84F08076C52426F210002
05C26617A84B08076F52426F130000
05C28B17A85E08076F52426F3B0008
05C2A517A84B08076F52426F690000
05C2B917A82E08077352426F8E0000
05C2A217A8BD08077352426F9B0000
05C23817A98208077552416FAE0000
05C1B817AA1208077752426FB10000
05C11217AB0208077752416FBB0004
05BFE817ABC208077852426FF50000
05BE9017ACB108077A524270740000
05BD3E17AD6408077A524171380000
05BC2817AD9208077C524172490000
05BB5817AD9D08077A5241732C0002
05BAC317AD8E08077A524173CC0000
05BA6917AD7108077A524174570000
05BA3E17ACC008077D5242752D0002
05BA3B17ACD0080779524175B30004
05BAC817A9B508077B524176550006
05BCFA17A3C608077B5241776E0000
05C120179E8908077B524278DF0000
05C5AB179A0A08077D52417A640000
05CA1C17966708077E52417BDF0002
05CE4A17939A08078052417D640001
05D1A117913108078352417EC40000
05D469178F600807845241801E0008
05D6F6178E5F080785524181670004
05D8E3178E0A080788524182930002
05DA0C178E2208078B524183A20005
05DAA1178E2808078A5241847D0000
05DAD3178D9A08078B52418555000A
05DB07178C9208078B524086160000
05DB96178B6B08078F524086A40005
05DC7D178A5008078D524187340004
05DD7A17895C0807905241879C0000
05DE7A17889E080791524088000001
05DF561787E90807915240884D0000
05E01F17873C080791524188A20000
05E0F11786B108078F524188E10001
05E1A017865308078F524189290004
05E22F17860908078E524189590003
05E2A01785BD08078D524289850000
05E2FA17858608078B524289B40000
05E34317855208078A524189CC0006
05E37F17852C080788524189E90000
05E3AD178519080788524289F50000
05E3D517850E08078B52438A050000
05E3F1178503080789524389FB0000
05E4031784FB08078A524389F90003
05E4081784F508078752428A0A0000
05E40A1784E408078452428A0E0001
05E40B1784D808078552428A0F0000
05E40E1784B808078352428A190000
05E41C1784A608078352428A200001
05E42E17849F08078252428A360003
05E4351784A508078152428A430000
05E43C17849408078252428A4B0005
05E44917847008078152428A5A0003
05E45B17844208078252428A5F0000
05E47617840B08078252438A61000A
05E49B1783FE08078052428A5E0000
05E4C81783E208077F52428A620003
05E4F01783C108077E52428A540000
05E5121783B508077E52418A570006
05E52E17839E08077B52418A430000
05E54617838C08077A52428A530000
05E55E17838508077B52428A5A0000
05E57017837508077A52428A5B0001
05E57917836C08077752418A580003
05E58617835B08077752428A680000
05E59317832808077752428A5B0000
05E59E1782F608077652428A5B0000
05E5A717832808077952428A630009
05E5BB17831808077752428A5D0000
05E5CC17830F08077952418A680002
05E5D71782EF08077952418A6C0005
05E5E217830B08077952418A710000
05E5E817831408077952418A7D0004
05E5E817831608077A52418A880001
05E5E517831808077A52418A900003
05E5DD17830008077B52418A8C0000
05E5DA17831408077C52418A910000
05E5D917832408077C52418A820005
05E5D417831F08077D52418A870006
05E5D017831608077D52418A730006
05E5CE17832708077E52418A730000
05E5CF17832408078052418A6B0000
05E5C817833A08077F52428A6C0006
05E5BF17834808077E52418A710000
05E5B117832E08077D52418A6C0004
05E5A017833608077E52418A670000
05E59117832408077C52418A6F0003
05E58717836308077D52418A860002
05E58217836108077D52418A740000
05E58017835F08077E52418A880000
05E58117835608077C52418A7F0000
05E58817834108077C52418A8A0000
05E59717832B08077E52418A840003
05E5AD17831F08077F52418A910000
05E5C317830B08077C52418A8C0000
05E5D81782FE08077D52418A9B0003
05E5EC1782CB08077E52418A930009
05E6011782EB08077C52418A8E0000
05E60C17828708077F52408A8A0005
05E6191782CD08077C52418A940003
05E62C1782C408077F52418A8D0000
05E6361782BE08077E52418A8C0000
05E6411782B208077E52408A8B0003
05E64D1782A408077C52408A990004
05E65517829208077E52418A970003
05E66417828608077C52408A9C0001
05E67517828008077E52418A900007
05E68117827708077C52418A7D0000
05E68F17826308077B52408A7F0000
05E69817826808077A52408A840000
05E6A117827108077A52418A840003
05E6A417826F08077A52408A910000
05E69D17827C08077952408A970002
05E69817827708077952408A8F0000
05E69717826A08077B52408A8C0006
05E69B17826008077852408A94000A
05E6A717825108077852408A990007
05E6B317824208077952408A9D0001
05E6C017820D08077852418AA60000
05E6D81781FF08077652418AB30000
05E6F017820308077852408AAC0006
05E7091781D208077752408AA60002
05E7271781C608077752408AA80003
05E7471781AD08077752408AA00001
05E76917819408077752408A910003
05E78817818008077752408A8C0008
05E7AB17816908077752408A840002
05E7C517815708077752408A7D0009
05E7DE17814908077652408A720003
05E7F117813908077652408A6E0003
05E80017811708077552408A6C0003
05E81717812208077452408A73000A
05E82617812508077452408A6E0002
05E82E178139080772523F8A710004
05E823178157080772523F8A690009
05E80F178171080772523F8A700000
05E7F317818908076D523F8A790006
05E7D717819A08076E523F8A880008
05E7BB1781A908076C523F8A950000
05E79F1781BF08076D523F8A890000
05E7871781D108076F523F8A800009
05E76F1781DA08076E523F8A7D0006
05E7591781E3080770523F8A820000
05E74A1781EA080772523F8A790000
05E73F1781FB080771523F8A8F0000
05E72D17821C080774523F8A930006
05E7141781BF080773523F8AA20000
05E6F817822A080775523F8AA40003
05E6D717826F080777523F8AA90001
05E6B1178295080777523F8AAC0000
05E68A1782B7080777523F8A9D0000
05E65E1782D508077B523F8AA50000
05E6341782BA080779523F8A9E0002
05E6121782F208077B523F8A9D0000
05E5FB17830108077F523F8A940000
05E5E417831208077F52408A8C0001
05E5D217832308078252408A840002
05E5BF17832F08078252408A8E0003
05E5AD178336080784523F8A930005
05E59F17833A080787523F8A8E0000
05E59717834108078952408A960000
05E59117833A08078D52408A960000
05E58D17833608078F52418A8E0003
05E58F17833608078F52408A8E0001
05E59217834108079252418A880000
05E59117835D08079552418A9D0005
05E58417837508079752418A9C0008
05E56C17838F08079652418AA60000
05E55117839F08079652418AA40000
05E5391783AF08079852418AA40000
05E5231783B908079952418AAD0001
05E5111783BE08079A52418AAF0000
05E5061783C008079B52418AA60000
05E5011783C108079C52408AB40006
05E4FA1783C408079C52408AAA000A
05E4F41783C908079D52408AAA0007
05E4ED1783CF08079E523F8AAC0000
05E4EA1783D708079E523F8A9C0000
05E4E51783DB08079E523F8AA10000
05E4DC1783E208079D523E8A980005
05E4D61783E608079D523E8A930003
05E4CF1783E908079E523D8A900000
05E4C81783EC08079F523E8A86000A
05E4C41783F108079E523D8A850000
05E4BE1783F308079E523D8A730003
05E4B81783F508079D523D8A720000
05E4B61783F008079D523D8A840000
05E4B41783EA08079D523D8A850000
05E4B71783F008079B523C8A7D0003
05E4B61783ED080799523C8A8C0003
05E4B71783EC080798523C8A8E0000
05E4B91783ED080797523C8A6D0006
05E4B91783EC080797523C8A610002
05E4BA1783ED080795523C8A620005
05E4BB1783CC080795523C8A5A0004
05E4BA1783F1080792523D8A550008
05E4B91783F0080792523D8A4F0005
05E4B81783ED080791523D8A450006
05E4B71783F008078F523D8A540005
05E4B71783F108078B523D8A400000
05E4B71783EC080787523D8A520006
05E4BA1783EA08078A523D8A660000
05E4B91783E2080787523D8A700000
05E4BD1783CF080788523C8A770004
05E4CA1783AF08078A523D8A5E0006
05E4E117839008078B523C8A550000
05E4FE17836F08078C523C8A590000
05E52217835B08078E523C8A5C0001
05E544178356080792523C8A630000
05E55B178357080793523C8A660008
05E56717835A080798523C8A700000
05E56817835008079C523C8A64000B
05E56E17834808079F523C8A6F0003
05E5751783540807A4523C8A700006
05E57617836C0807A8523C8A7C0000
05E56C1783850807AE523D8A790000
05E55717839F0807B3523D8A700008
05E53F1783B30807B8523D8A780000
05E5231783C80807BC523D8A780000
05E5061783D70807C2523D8A85000B
05E4EE1783E20807C6523D8A8A0000
05E4DC1783E90807C9523D8A9A0003
05E4CE1783EA0807D0523D8A960008
05E4C61783E90807D2523E8A9A0000
05E4C31783EA0807D8523D8AA20000
05E4C11783E50807DC523E8A910001
05E4C11783DB0807E4523E8A9B0002
05E4C71783CC0807EA523D8AA90001
05E4D31783B50807EF523D8AA40002
05E4E717839E0807F0523D8A9D0000
05E4FE1783900807F6523D8A910000
05E5151783850807FD523D8A850001
05E52817837D080800523C8A810000
05E53617837D080806523C8A700001
05E53D17837D08080E523C8A590000
05E54017837D080812523C8A5D0001
05E54117837908081A523C8A610006
05E545178373080820523C8A570000
05E547178372080824523C8A610003
05E54A17837308082B523C8A510004
05E54D178375080831523C8A5B0005
05E54D17836F080837523C8A590003
05E54F17836608083E523C8A600000
05E551178368080846523B8A5A0000
05E55617836608084C523C8A500000
05E558178368080852523B8A5D0007
05E559178363080857523B8A58000A
05E55D17836408085B523B8A530006
05E55F17835F080860523B8A500003
05E563178361080865523B8A5D0000
05E56217835D080868523B8A5D0002
05E56517835B08086D523B8A5D0001
05E56917835A080871523B8A5B0000
05E56B17835B080874523B8A520009
05E56D178361080877523A8A620001
05E56B17836A08087A523A8A710000
05E56517837A08087E523A8A750000
05E55B178388080882523A8A7A0001
05E54E17839A080884523A8A740003
05E53D1783A6080888523A8A640005
05E52C1783B708088B52398A5E0007
05E51B1783BD080890523A8A4E0000
05E50C1783C5080892523A8A4A0000
05E5001783CC080896523A8A430001
05E4F31783D0080898523A8A350000
05E4EB1783D708089852398A2B0000
05E4E61783DA08089B523A8A210007
05E4E31783DB08089D52398A250003
05E4DD1783DA08089C523A8A3B0000
05E4DB1783DB08089E52398A4B0000
05E4DA1783DA08089F52398A610000
05E4DA1783D708089C52398A72000A
05E4DC1783D708089E52398A7D0008
05E4DD1783D708089C523A8A720006
05E4DF1783D008089D52398A7F0008
05E4E01783CF08089C52398A7A0002
05E4E41783CC08089C52398A7D0008
05E4E71783C808089A52398A840000
05E4EA1783BE08089A52398A820006
05E4ED1783C4080899523A8A6E0000
05E4F01783C1080897523A8A680002
05E4F31783C0080897523A8A5D0000
05E4F51783BE080896523A8A670000
05E4F91783BE080895523A8A5B0008
05E4F81783BD080892523A8A610003
05E4F81783BE080890523A8A570005
05E4F91783C008088D523A8A5D0000
05E4F81783C108088A523A8A450000
05E4F61783C408088A523A8A390000
05E4F41783C5080886523A8A290000
05E4F41783C4080882523A8A2A0003
05E4F01783C508087E523A8A300000
05E4F11783BD08087D523A8A410000
05E4F51783B708087B523A8A480000
05E4F71783B9080877523A8A410000
05E4FC1783AF080875523A8A3A0000
05E5001783AE080873523A8A4E0001
05E5041783A5080872523A8A300001
05E50B178397080871523A8A2E0001
05E51417838F08087152398A290007
05E52017838C08086E52388A2A0000
05E52717838808086E52388A220001
05E52F17838408086E52388A170000
05E53517838108086D52388A0E0002
05E53A17837508086D523889F50000
05E54117835D08086F52388A050006
05E55217833608087052378A120007
05E56B17830F08086E52378A190002
05E58F1782FA08086F52378A2C0000
05E5B51782EE08087252378A390000
05E5D11782F208087052378A320000
05E5E01782F908087352378A4A0003
05E5E317830108087352378A5D0000
05E5E11782F908087552378A630001
05E5DD1782E308087552378A6A0002
05E5E61782B508087852378A6F000A
05E5FF17826F08087C52378A7B0000
05E6311781DB08087C52388A7D0000
05E68C17809008088052378A730003
05E745177E5408088152378A6B0000
05E8B9177B1308088552378A530006
05EB1D1776C908088952378A310001
05EE8317720408088E52378A190000
05F2CE176C6A080891523789F20000
05F8071766AE080894523789D10000
05FE0D1761C408089B523789A40003
06040D175D2D0808A1523789850003
0609AA17597F0808A7523789830003
060ED31757FB0808AD523789830003
0612EE1757D70808B3523789950001
06157D1758630808B8523689B50008
06167B1759970808BD523689E60003
061659175AAE0808C452368A1A0000
061574175B0A0808CA52358A450002
06147F17527B0808D452358A790008
06140A1759400808DC52358AAB0005
0614571755DD0808E552358AD80000
0615E41750FC0808ED52358AF70000
061972174BA40808F852358AE40000
061E4417464308090252358AD50000
06243D17425508090B52358AC60009
0629B317404E08091552358AAE0006
062DB4173ECE08092052348A930000
0630A8173D4E08092A52348A8B0003
063328173BA108093652348A920000
06351E1739E408093F52348A970000
0637461738C708094B52348AA70001
06392F17383508095B52348AC40006
063A8517381B08096752348AE90002
063B2B17380508097552348B090005
063B801737EC08098152348B250004
063BB41737D608098E52348B410004
063BD71737D208099952348B560000
063BD01737DD0809A752348B690006
063BC21738020809B152348B730009
063BAD17381F0809BF52348B950007
063B881738180809CD52338BA10001
063B6F17381B0809D952338BA30000
063B5F17383A0809E652338BBA0006
063B4017387A0809F452338BB90000
063B14173909080A0052338BBB0000
063AC417397A080A0C52338BC80000
063A4B17394E080A1752338BD20004
0639F2173886080A2652338BEC0007
063A0017374F080A3452338BE40000
063AA7173595080A3F52338BEB0000
063C03173425080A4C52338BE80000
063DC1173222080A5A52338BDF0000
063FB7172FCA080A6752328BCC0004
0641DA172D17080A7152318BAC0001
06447F172A9A080A8052318B990004
06476C1728E3080A8E52318B8D0003
064A1A1727E4080A9C52318B990000
064C12172714080AAB52318B850002
064DA4172681080AB652318B860000
064EA11725B9080AC552318B740005
064F771724C6080AD252318B850002
0650681723E9080ADF52308B8E0001
06518F172308080AEA52318B990000
06528717222E080AF852318BA80001
0653581721A1080B0552318BBE0000
06541B172172080B1652318BC50004
0654AD172188080B2152318BCC0003
0655281721BA080B2B52318BDD0000
06555617222B080B3852318BEB0000
065527172328080B4652318BF90006
06548517244B080B5252318C1E0007
06538917253E080B5C52318C330002
06525F1725FF080B6952318C470007
06514317267D080B7452318C5E0000
0650591726D4080B8152318C640000
064FA91726FC080B8E52318C750000
064F2F1726D4080B9952318C6E0005
064EF817269E080BA352318C6D0000
064F07172656080BB152318C6D0003
064F321725C4080BBC52308C700000
064F8717246F080BC852308C6B0000
06503D1722B8080BD552308C7B0001
06518F17210C080BE152308C6C0000
065333171FA2080BEF52308C660000
0654CF171E4E080BFC52308C580003
06567A171CCE080C0952308C4E0000
065846171B2D080C1552308C330000
065A28171992080C2352308C220000
065BDB1717DD080C3052308C0E0000
065DD11715F6080C3F52308BFB0000
06602A17135A080C4C52318BF70006
0662B917101A080C5852318BFB0006
0665A9170BB3080C6752318BF70000
0669971705BF080C7652318BEB0000
066F2416FF9D080C8252318BE30004
06759D16FA5B080C8F52318BC40008
067C5516F641080C9C52318BA90000
06823316F2A8080CAA52308B850001
06878B16EFFF080CB752308B5F0000
068CA516EE10080CC652308B510001
0690A216ED08080CD052318B3C000A
06935F16ED5E080CDD52318B410002
0694E216EE02080CEB52318B3A0003
06951516ED90080CF852318B500007
0694E916EB89080D0452318B630001
06959C16E864080D1252308B890006
0697B716E53E080D1E52308B9D0007
069B1216E33C080D2C52308BA10000
069E1416E08C080D3752308BBC0001
06A0AB16DC88080D46522F8BB50001
06A40716D7D9080D5352308BA60009
06A8CC16D342080D60522F8B850000
06AE5716CFE2080D7152308B610000
06B3BA16CD3A080D8252308B4D0007
06B82516CA92080D8E52308B3E0000
06BBE816C7C9080D9D52308B2E0001
06BFAB16C5D2080DAB522F8B180000
06C2B216C45F080DBA522F8AF90001
06C4E916C349080DCA522F8AEA0002
06C6F316C226080DD7522F8AEA0000
06C88C16C0FB080DE6522E8AE1000A
06C9A116C01D080DF6522E8AE60008
06CAE816BF30080E04522F8B010008
06CC2E16BDA1080E11522E8B070002
06CDD016BBC1080E20522E8B0E0005
06CFC416B96B080E2F522E8B170005
06D1D016B6DA080E3E522E8B060000
06D47516B47D080E4A522E8AFE0000
06D77016B28F080E56522E8AF80005
06DA9D16B0CF080E5E522E8AFB0000
06DD1B16AF2A080E64522E8AF50000
06DF1C16AD0A080E6B522D8AF30004
06E11E16AB0A080E71522D8AE70000
06E35016A94A080E73522D8AE70004
06E59A16A7DF080E78522D8AD4000A
06E7CA16A6C7080E7F522D8AD50003
06E9C916A5BB080E89522D8AE00004
06EBCF16A4F3080E8F522E8ADE0008
06EDBD16A417080E97522D8AD70000
06EF3E16A340080EA2522D8AC00005
06F07316A2D4080EA9522C8AB10005
06F14416A2A7080EB0522C8AAC0003
06F1F316A299080EB7522C8AA10000
06F25B16A279080EBF522C8A960000
06F2FC16A223080EC7522C8A9D0008
06F3DA16A1C3080ECE522C8A9A0007
06F4CD16A198080ED6522C8AA40000
06F56316A16F080EDD522C8A9D0001
06F5C016A139080EE2522C8AB50005
06F5F316A122080EE9522C8AB10000
06F61916A114080EF1522B8AD30001
06F65016A14F080EF8522B8AE80000
06F65916A195080F01522B8AF70003
06F64016A190080F08522B8B040000
06F61D16A130080F12522B8B180007
06F61116A0CC080F1C522B8B270000
06F63616A095080F24522B8B250000
06F67416A083080F2F522B8B3C000B
06F69816A06E080F39522B8B450000
06F6C616A015080F45522B8B4A0004
06F713169FEA080F4E522B8B4D0003
06F73C169FCF080F5A522A8B5F0000
06F780169FC5080F64522A8B5C0000
06F7AE169F86080F6F522B8B5D0000
06F7D4169F63080F79522A8B6A0002
06F801169F17080F85522B8B640000
06F85C169EFF080F8E522B8B670008
06F8B6169ED9080F98522B8B650009
06F90E169EAB080FA2522A8B6E0003
06F96A169E97080FAE522A8B740005
06F98E169E6A080FB8522A8B760002
06F9A6169E36080FC4522A8B870003
06FA02169DE1080FCF522A8B640004
06FA83169D69080FD8522A8B880003
06FB1B169D01080FE2522A8B700000
06FBB3169CCD080FEB522A8B5C0003
06FC2D169C6C080FF4522A8B5C0001
06FC92169C3C080FFD522A8B510000
06FCDC169C24081007522A8B5B0000
06FD1B169C0508100B522A8B680004
06FD5D169BE4081015522A8B870007
06FD91169BD408101D52298B8A0008
06FDC1169BB108102252298BA50003
06FDE3169B7708102852298B990000
06FE07169B2E08103052298B9B0000
06FE41169ABE08103552298B8D0004
06FEAA1699F708103952298B940000
06FF4F16991508103E52298B860002
07003116985B08104252298B810000
07013F1697A408104252288B870000
07023616970708104752298B750000
07031C16967408104A52298B640006
0704241695BC08104C52298B630000
07053B16953208104F52298B5E0001
07063216949A08105052298B5C0002
0706F516941808105052298B5A0001
07078216939E08105052298B5C0005
07082916932C08105452298B5A0000
0708CB1692C808105152298B430000
07096316925308105152298B3E0003
0709F11691D708105252288B280003
070A6916913F08105252288B230003
070ACF1690AB08105252288B250000
070B5F16904708104F52288B1B0000
070BEF168FEF08105152288B180000
070C71168F9708104F52288B0F0000
070D05168F2408104B52288AFA0009
070D85168ECC08104C52288AEF0007
070DE1168E8708104C52278AE40000
070E3F168E3908104752278AE90001
070E9D168DC608104352278AD90007
070F00168D3C08104052278AD10000
070F97168CD508104052278ABB0000
071038168C8E08103C52278ABA0003
0710B3168C5F08103A52278ABB0000
071112168C4608103752268AB60005
07113B168C1408103152268ABF0000
071168168BF608103152268ACB0009
0711B0168BF808102B52268ACC0003
0711EA168BF808102652268ACF0000
0711F1168BE108102252268AD30008
0711F2168BCF08102152268AD70000
071201168BB508101E52268AD30008
071210168BA608101752268AD20001
07122C168B9808101552258ACA0000
07123D168B9408101352258ABA0001
07123D168B8A08100E52258AB20001
071238168B7508100B52258A9D0000
071248168B5708100852258A910000
071267168B3B08100752258A870001
071281168B1808100252258A7C0000
07129C168B0808100252258A610000
0712BB168B0B080FFD52258A640000
0712D2168B08080FFB52268A5B0006
0712D4168B04080FF952258A500000
0712DC168AF2080FF752258A570001
0712E5168AD4080FF652258A4C0001
0712F7168AAA080FF552248A4B0001
071315168A96080FF452248A510003
071332168ABF080FF252248A470000
071322168AE8080FF152248A540000
0712F4168B18080FF152248A4E0000
0712C7168B21080FEE52248A460006
07129A168B15080FEE52248A500001
071278168B1D080FEE52248A540000
071266168B5D080FEE52238A6B0001
07123F168BB2080FEF52238A700000
071200168BEA080FEF52238A710003
0711AF168C10080FEF52238A6C0003
071163168C28080FEE52228A700006
071124168C46080FF152228A670000
0710ED168C4E080FF352228A6C0003
0710C3168C55080FF452228A6B0002
0710A8168C5F080FF552228A6E0001
071093168C5F080FF852228A720000
071082168C5C080FF852238A830001
071079168C5F080FFB52228A7D0000
071079168C5F080FF952228A780005
071075168C71080FFD52228A6E0000
071070168C7C080FFD52228A700008
07106B168C7E080FFC52228A6D0004
07105D168C75080FFD52228A730003
071052168C63080FFD52228A880000
071050168C41080FFF52228A8C0000
071062168C08080FFE52228AA20007
071090168BE0080FFE52228AA80002
0710CF168BAE080FFE52228AAD000A
071111168B94080FFF52218ACA0001
071132168B8608100152218AC80000
071155168B7208100252228ACC0006
07116B168B5B08100352218ABF0001
071180168B4208100452218AAA0001
071195168B2A08100552218AA30000
0711B7168AFD08100452208A900000
0711E1168AC908100652208A930004
071215168AA308100352208A9B0002
071243168A8408100652208A9C0000
071277168A8608100552208AA20000
0712A3168A8108100652208A9F0004
0712B6168A7008100852208AA00001
0712B8168A5B08100952208AB30000
0712C5168A45081008521F8AA50005
0712E1168A32081009521F8A9C0001
071306168A19081009521F8A840003
071326168A0C08100A521F8A7C0000
07133D1689ED08100B521F8A680004
0713531689DC08100C521F8A5E0000
0713671689C708100E521F8A630000
0713821689A6081012521F8A660006
07139E168986081014521F8A660000
0713C216895A08101B521F8A770001
0713E816892C08101D521F8A720004
071414168907081021521E8A7D0002
07144D168868081023521E8A860001
07148B1688C6081027521E8A7F0003
0714AB16889F08102E521E8A880000
0714CB168876081032521E8A890005
0714EC168857081039521E8A950000
07151916883F08103F521E8A970002
07153D168820081046521D8A8B0001
07155F16880508104B521D8A850000
0715841687ED081054521D8A820001
0715A11687D808105C521D8A7D0001
0715CB1687C2081064521D8A6C000A
0715F31687AB081069521D8A610002
071612168793081071521D8A480000
07162B16877B081079521D8A420000
07164D16875908107F521D8A280003
071676168736081086521D8A2E0000
07169F16871C08108F521D8A230003
0716C6168711081098521D8A270000
0716F516870D0810A0521C8A300000
07171E1686310810A9521C8A3F0003
0717401687270810AF521B8A4E0006
07174F16872C0810B6521B8A500003
07175316872A0810BC521B8A510000
0717521687220810C4521B8A500000
0717541687220810CB521B8A470000
07176416872E0810CF521B8A330000
07177516874B0810D4521B8A2D0001
0717741687640810DA521B8A1B0000
0717681687670810DF521A8A010000
07175C1687520810E3521B89DF0006
07175F16873A0810E9521A89E10000
07177816871C0810EA521A89DB0008
0717941686FC0810F0521A89D10000
0717BC1686E60810F2521B89DA0000
0717E91686CF0810F6521B89CB0000
07181C1686C90810F9521B89CE0006
0718411686C50810F8521B89D20000
07184F1686C50810FC521B89D80006
0718521686D60810FD521B89D8000C
0718551686E20810FD521C89F00000
07184E1686F90810FE521B8A020000
0718431686FC0810FD521B8A060007
0718351686F8081101521B8A150004
0718301686EE081101521B8A180003
0718371686ED081102521B8A0E0003
0718451686EE081101521A8A070003
0718521686F8081102521B89F60001
071858168703081105521B89E30000
07185216870D081105521B89D30000
07184716871B081102521B89D80000
07183B168723081102521B89D80003
07182F16872C081101521B89EB0000
071824168735081103521B89F00003
07181A1687480810FF521A89FA0001
07180E16875D0810FE521A8A160006
0717FB16877B0810FB521A8A1D0000
0717E51687930810FC521A8A340001
0717CA1687A80810FA521A8A480003
0717AB1687B20810F752198A530001
07178E1687BB0810F552198A530006
0717781687C30810F6521A8A4A0000
07176E1687D00810F1521A8A470000
0717601687DB0810EF52198A3E0000
0717531687DF0810ED52198A450006
07174A1687DB0810E952198A520003
0717491687D40810E752198A520006
07174D1687D10810E752188A4C0000
0717541687D00810E452188A500000
0717571687D10810E452178A5B0001
0717561687DB0810E152188A670004
07174E1687F40810DF52178A6C0001
07173C1688180810DE52178A760004
0717161688490810DC52178A7F0006
0716DE16886C0810DB52178A820000
0716A316887A0810D952168A840001
07166C1688840810D652168A700000
0716411688880810D252168A670000
0716211688840810D252158A5B0002
07160A1688810810CE52158A650000
0715F916887D0810CE52148A6A0005
0715EF16887E0810CA52158A6C0000
0715EB1688050810C752148A5B0001
0715E316887A0810C652148A500000
0715E216886C0810C252158A480008
0715EA1688520810C152158A3B0000
07160116883C0810C352148A360000
0716241688230810C252148A3A0000
07163F16880C0810C252138A460004
07165A1687F40810C152148A5D0004
0716701687E90810C052138A5A0006
07167B1687E60810C252148A550007
07167F1687ED0810C052138A5C0003
07167C1688010810C052138A600001
07166E1688150810BF52138A5E0002
0716591688200810C052148A450003
0716421688270810BF52138A490000
07163416881D0810BE52138A2C0000
07163016880A0810BF52138A200001
0716381687F70810BF52138A270006
07164D1687ED0810C052128A340000
0716621687E60810BD52128A3A0000
0716731687E20810C052118A3F0000
0716801687DB0810BF52128A5C0001
07168A1687D70810BE52118A6E0007
0716921687D80810BF52118A7B0000
07169A1687E20810BF52108A7A0006
07169B1687F10810BF52108A840000
0716911687FA0810C152118A770002
0716841687F40810C052118A860005
07167A1687E20810BE52118A830000
0716791687C90810C052108A6C0003
07168D1687AB0810BF52108A65000A
0716A81687810810BE52108A550001
0716CA1687600810BB52108A560000
0716FE16873C0810BC52108A4E0000
0717311687250810BA52108A540004
07176116870A0810BA52118A650002
0717891686FF0810BB52118A610003
0717AE1687030810B952108A6A0000
0717C61687110810B852108A680001
0717C91687270810B652108A660000
0717BC16873A0810B552108A650000
0717A616874B0810B7520F8A680000
07178B16875D0810B5520F8A5B0000
0717701687670810B6520F8A4C0002
07175B1687680810B6520E8A410000
0717491687630810B4520D8A550003
07173E16875D0810B7520D8A520004
07173F1687440810B5520D8A500000
0717481687270810B4520D8A4D0003
07175B1687060810B6520C8A4B0000
07177D1686DB0810B8520C8A3F0008
0717A51686BB0810BB520B8A330003
0717D91686A80810BE520B8A390001
07180C16869F0810C3520B8A450001
07182C1686A10810C8520B8A400008
0718401686A60810D0520B8A4F0000
0718451686B00810D4520B8A580003
0718411686B70810DD520B8A660005
0718391686BE0810E5520A8A620003
07182E1686BB0810EE520A8A6A0000
0718281686A60810F5520A8A680005
07182D16868F0810FD520A8A660002
07184016867908110752098A620006
07185D16866708111152098A530003
07187816865A08111952098A3E0005
07189416864E08112452098A140003
0718AD16864908112D52098A030002
0718C016864B081136520989FB0000
0718CE16865A08113E520989FB0000
0718D016866F081148520989F80001
0718C616867D081150520889FD0003
0718B416868808115952088A03000A
07189F16869508116152088A120001
07188E16869E08116952088A2B0002
0718831686A608117152088A2E0000
07187F1686A108117852088A320006
07188416869C08118052088A3C0000
07189116869608118652088A400008
0718A116869808118F52088A480001
0718B41686A608119452078A4E0002
0718C01686B008119952078A560007
0718C71686C808119F52078A550000
0718C61686FB0811A552068A660000
0718B61687410811A852068A760006
07188F1687840811AD52068A750007
07185C1687BD0811B052058A700000
0718201687DF0811B652058A740000
0717E91687FA0811B752048A6E0000
0717C01688110811BB52048A7D0001
07179B1688200811BC52048A790000
07177D1688230811BF52048A8B0006
0717661688200811C452038A930000
07175416881C0811C752038A8D0000
0717471688160811C852038A910006
07173F1688190811C752028A8A0007
07173C16881C0811C952028A7E0003
0717351688200811C952028A6C0001
0717301688270811CA52018A7D0006
07172A16882E0811CC52018A750008
0717291688390811C952018A7B0002
07172C16883F0811CA52008A840000
0717331688400811CB52008A930000
07173A1688430811CA52008AAE0004
07173D16883D0811C652008AAA0002
0717411688350811C552008AB50000
0717471688320811C752008ABF0007
07174716882E0811C351FF8AA80005
0717481687840811C252008AB70008
0717471688380811C052008AAC0000
0717461688460811BE52008AAD000A
07174716884F0811BD51FF8AB00000
0717471688570811BC51FF8AAC0007
0717491688520811BB51FF8AA20007
0717491688430811B851FF8AA40005
07174C16882B0811B951FF8A9D0003
0717541688160811B851FF8A990001
07175D16880E0811B451FF8A990000
0717641688190811B451FF8A950000
0717691688200811B251FE8A8F0000
07176B1688240811B251FE8A8D0000
07176E1688180811AE51FE8A920000
07176E16880C0811AC51FE8AA50008
07176C1688030811AB51FD8A990000
07176A1687F40811AA51FD8AA60000
07176B1687EA0811AC51FD8A9D0001
07176D1687DF0811AC51FD8A8B0000
07176F1687D10811B151FD8A870007
0717721687C90811B151FD8A830004
07177A1687C30811B551FD8A8B0000
0717811687BE0811BC51FD8A8A0000
0717851687B90811BF51FD8A8B0005
07178B1687B70811C451FE8A910002
0717901687B90811CB51FD8A8D0000
0717921687BB0811CF51FD8AA50000
0717941687C30811D551FC8A9C000C
0717961687CD0811DC51FC8A8C0000
0717961687D50811E051FC8A8F0005
0717941687D70811E951FC8A7F0006
0717961687D80811EF51FB8A830001
0717991687D40811F551FB8A910000
07179A1687CE0811FC51FB8AA50006
07179C1687CA08120251FA8A9E0009
0717A41687C208120951FA8A950000
0717A91687B908121051F98A8E0000
0717B11687A908121651F98A8A0001
0717BC16879308121C51F88A730005
0717C916878408121F51F88A630000
0717D816877B08122651F78A660006
0717E316877A08122B51F78A6E0000
0717EE16877808122E51F78A660003
0717F416877608123651F78A66000B
0717FD16877B08123951F68A6A0000
07180516878808123D51F68A670006
07180916879708124151F68A6C000A
07180A1687B008124551F58A6B0008
0718081687C708124651F58A670000
0718021687E608124A51F58A540000
0717FF1687F708124C51F58A450007
0717FA1687FE08124F51F58A47000C
0717F41687FC08125051F48A440006
0717EE1687FE08125251F48A4B0006
0717E516880308125451F48A510001
0717E016880C08125351F38A630000
0717DE16881808125451F28A680006
0717DC16882408125451F28A7C0001
0717DE16882E08125551F28A7B0001
0717E416883508125451F18A860002
0717EA16883908125351F18A8B0000
0717EA16884308125651F18A930000
0717EF16884F08125451F18A930000
0717FC16885408125451F08A880000
07180E16885D08125451F08A880003
07182316886508125551F08A750000
07183216886C08125451F08A780002
07183616887608125451F08A770000
07183516888008125451F08A700000
07182B16888C08125351EF8A670000
07181E16889908125451EF8A680003
0718121688A208125251EF8A7C0005
0718061688AA08125051EF8A780006
0717FD1688B008125451EE8A6E0000
0717FD1688B408125251EE8A7C0000
0718091688B008125151ED8A730006
0718201688B408125051ED8A6E0001
0718381688B008125151ED8A6A0008
07184E1688AD08125051ED8A660006
0718561688B008125051EC8A650009
0718531688AA08125051EC8A610000
0718461688A508125051EB8A630008
07183216889F08125051EB8A5C000A
07181F16889908124F51EC8A470002
07180E16889308125051EB8A330000
07180016889908125051EB8A250003
0717F216889708125251EB8A250008
0717E216888E08125251EA8A0A0005
0717D616888508125351EA8A1C0000
0717D116887A08125351EA8A2B0001
0717D016887A08125351EA8A3A0002
0717D416887308125651EA8A3F000A
0717DD16886F08125451EA8A4F0008
0717E516886C08125251EA8A590000
0717EF16886F08125451E98A510001
0717F816887308125251E98A500000
07180116886C08124F51E98A4E0003
07180C16887308125051E98A510008
07181D16886F08124F51E88A500006
07182D16887308124E51E78A5D0000
07183C16887308125051E68A6B0000
07184C16887308125051E78A740005
07185A16887D08124E51E78A850001
07186016887A08124F51E68A8A0004
07186716888008124F51E68A910000
07186C16887E08125051E58A9D0006
07187216887D08125251E58AA10000
07187816887A08125351E58AAB0000
07187E16887A08125551E58ABF0006
07188216887608125651E58ABC0001
07188816887A08125651E58AC40006
07188A16887D08125551E58AC00000
07188A16888108125651E58ABB000C
07188816888408125651E58AAC0000
07188416888808125651E58AB10006
07187F16888E08125851E58AB50000
07187616889008125751E48AA70003
07187216889208125851E38AB2000A
07186A16889708125751E38AB50006
07186416889908125751E48AAE0008
07186216889308125851E38AA90002
07186316889208125851E38A9A0003
07186216888C08125851E38A930000
07186516888B08125851E28A8F0001
07186D16888808125A51E28A8A0001
07187B16888B08125951E28A820000
07188A16889508125751E18A8C0005
0718961688A208125A51E18A950000
0718A616889F08125951E08A930000
0718B016889A08125B51E18A930000
0718B816889908125D51E18A9B0002
0718BC16889A08125A51E08A990001
0718B916889F08125851E08A9C0001
0718B61688AD08125851DF8A9B0002
0718AF1688BB08125851DF8A9A000A
0718A51688C208125751DE8A990007
07189C1688C208125951DE8A8E0003
0718931688BF08125D51DD8A970000
0718901688BE08125E51DD8A870001
0718901688BF08126151DD8A750007
07188F1688BB08126651DD8A6B0003
07188C1688B808126851DD8A540006
07188E1688C208126C51DC8A410005
07188E1688D008127251DC8A490001
07188C1688D408127851DB8A4E0000
0718891688D308127B51DB8A630000
0718871688C908128451DB8A5F0001
0718851688C208128651DB8A730003
0718861688BF08128E51DB8A750000
0718841688C208129451DB8A8C0000
07187D1688C908129A51DC8A940000
0718701688D008129E51DC8AA00008
0718641688D10812A451DB8AA60000
0718591688D30812A951DA8AAA0009
0718511688D10812AD51DA8AAD0006
0718501688D00812B551DB8AD00000
0718571688D00812BA51DA8AC40003
0718681688CD0812BD51D98AB90002
0718771688BE0812C151D98ACD0003
0718871688A20812C251D98ABB0000
0718A116887D0812C551D98AAB0000
0718C31688590812C851D88AAD000D
0718F51688540812CB51D78A9B0000
07191B16884F0812CC51D78A840000
07192B1688350812CC51D68A8A0005
07193C1687F40812D051D68A8C0000
0719601687890812D251D48A850006
0719B91687030812D251D48A880006
071A511686BB0812D251D48A820006
071AF81686AC0812D151D48A790001
071B801686AA0812D651D48A6A0002
071BCE1686A60812D651D38A610000
071BF11686790812D751D38A540000
071C141685FE0812D851D38A440003
071C6016856E0812DA51D28A3E0001
071CEC1684DD0812DA51D28A340008
071DB91684590812D951D28A260003
071EB21683FE0812D851D18A250000
071F881683C90812D651D18A200001
0720111683970812D751D18A1C0001
07208C1683790812D551D18A220002
0720F01683750812D751D08A2E0006
07212916837D0812D851D08A340005
0721411683970812D751CF8A2F0000
07213C1683D00812D551CF8A320000
0721161684270812D951CE8A2D0000
0720C516848B0812D951CF8A210000
0720471684F20812D951CE8A2B0000
071FAD1685430812DB51CD8A2E0004
071F031685820812DC51CD8A320006
071E681685B70812DF51CD8A3B0004
071DEC1685D50812E251CD8A430000
071D8F1685E20812E451CD8A440000
071D501685E60812E751CD8A410005
071D2B1685E60812EC51CD8A520000
071D161685E60812F151CD8A650006
071D0E1685E20812F651CC8A610001
071D0E1685E60812F951CC8A790006
071D0F1685E90812FF51CC8A830007
071D111685E908130651CB8A880002
071D101685ED08130D51CB8A8F0004
071D121685ED08131651CB8A9C0007
071D131685F308131C51CA8A9D0000
071D121685FB08132451CA8AA60001
071D0E1685FA08132C51CA8AA00000
071D0D1685ED08133251CA8A950000
071D0E1685D108133A51CA8A940003
071D2016858F08134451C98A910003
071D5616854108134E51C88A910008
071DB31684E908135451C88A880000
071E1D16848E08136051C88A8C0000
071EA116843808136951C78A790000
071F2F1683DC08137751C78A6E0002
071FBD16838808138151C68A730005
07204A16834F08138E51C68A770008
0720D216832E08139951C58A770004
0721301683030813A551C58A680000
0721761682E20813B251C48A610008
0721B11682BF0813BF51C48A5F0000
0721E316829D0813CC51C38A440004
07221216827A0813DA51C28A4E0000
0722461682430813E751C28A3C0007
07228016820C0813F451C18A430006
0722C31681DB08140051C18A490001
07230D1681BA08140E51C08A340005
07234D16819A08141851C08A3E0000
07238F16818A08142551BF8A2E0000
0723CD16817D08142D51C08A2C0005
0723FF16817208143A51C08A240000
07242A16816F08144151C08A190001
07244E16816408144B51C08A120000
07246B16814908145251C08A0D0003
07248A16810608145B51BF89FA0001
0724C01680C308146151C089ED0002
07250716808108146B51C089DE0000
07256016804B08146F51C089CA0000
0725B916802708147651C089B30000
07261316800608147851BF89980006
07265E167FEE08147E51BF898D0008
0726A4167FD008148251BF89740006
0726E0167FC608148451BF897B0004
07271B167FC208148751BF896F0001
072745167FB808148B51BF89730001
072762167FA308148B51BE89750000
07277B167F9408148B51BD89730000
072796167F8108148D51BC897D0000
0727BC167F7008148D51BC89740000
0727DD167F5108148C51BC897C0000
072805167F0E08148B51BC89860000
072837167EC408148C51BB898F0000
07288A167E7B08148B51BB8996000A
0728E6167E4908148851BB89A10000
07294C167E2508148851BB89980008
0729A1167E1D08148651BC89970003
0729DE167E1C08148751BB89910002
072A05167E1D08148751BA898A0000
072A10167E2708148551BA8984000D
072A0B167E3708148451BA89840000
0729FA167E5308148551B989850005
0729DE167E7708148251B889930006
0729B2167E9408148251B889930002
07297D167EB808148051B889920005
072941167EFE08148251B7899A0000
0728F6167F6508148251B7899C0000
07287E167FC208148351B689A00000
0727E016800E08148451B689AD000A
07274C16805208148551B689B70000
0726BF16809008148551B689C40007
0726411680CA08148451B489DC0008
0725D61680EA08148451B389D40000
07257F1680FA08148651B289E30000
0725411680FF08148751B389E30000
07252016810408148651B289E50003
0725121680FF08148451B189DB0003
07250D1680F308148551B089DA0000
0725151680E208148451AF89D80002
07252C1680D108148451AE89CF0000
0725471680C208148251AF89CD0007
0725621680AB08148351AF89C00000
07257E16806F08148351AE89C20000
0725AC16800608148151AE89C60002
072614167FA208147F51AE89AE0005
0726A7167F5108147E51AD89AD0005
072746167F2408147B51AC899A0005
0727BE167EEA08147C51AB89950000
072826167E8208147751AA89930000
0728AB167E1508147551AB89930000
07294B167DB908147451AA89960000
0729FA167D6308147051AA899C0000
072AAA167D2508146D51AA89950003
072B3B167CEF08146D51AA89950006
072BB4167CC008146851AB89990000
072C16167CA708146951AA89A00007
072C67167C8708146451AA89A20000
072CA5167C7008146251A989A20001
072CD7167C6308146151A889A00009
072CFA167C4E08145D51A889990004
072D17167C4308145B51A789820004
072D2F167C3608145851A7897A0006
072D42167C3408145551A7896E0007
072D50167C4E08145251A889770001
072D51167C8A08145351A8897C0008
072D31167CC908144E51A6897C0004
072CF7167CF308144D51A689900006
072CB0167D0708144B51A6899D0000
072C71167D0C08144851A589A00000
072C46167D0708144551A689B10003
072C26167D0108144151A589B80003
072C1E167CF608144151A589AA0008
072C20167CEC08143E51A589AB0005
072C24167CDE08143B51A589B20009
072C35167CCB08143851A589AE0000
072C4D167CC208143651A489BB0003
072C60167CB608143351A489C70000
072C6D167CAA08143351A489BD0000
072C7E167C9C08143251A489B20009
072C8B167C9908143351A2899C0000
072C99167CA708143251A2898E0001
072C9A167CBF08143351A2898D0000
072C8F167CD208143051A289790006
072C7C167CDE08143151A2897B0003
072C65167CE108142E51A289800000
072C54167CD308143051A1897A0004
072C4C167CB208143051A089830000
072C55167C9208142F51A0897C0000
072C6A167C7908142E519F89860003
072C83167C5C08142E519F897E0002
072C9F167C5108142E519E89870003
072CBB167C4A08142D519E89870003
072CD2167C4408142E519D89790000
072CE7167C4608142F519D89750003
072CF2167C4408142E519C897E0006
072CF5167C4A081430519C896F0000
072CF4167C4E081431519B897B0000
072CF4167C4A081432519A89790002
072CF1167C470814355199897C0000
072CEE167C4D0814375198897F0000
072CE9167C66081438519789750002
072CDA167C830814395197897B0002
072CBB167CA008143C519689780000
072C8C167CB608143B519589770000
072C5C167CC2081440519589760003
072C37167CC4081442519489840003
072C20167CBF081443519489710006
072C1D167CB6081444519489660003
072C26167CAE081445519489630000
072C34167CAB081445519389540000
072C41167CA7081447519389630006
072C51167CA00814495193895A0002
072C5E167C99081449519589500000
072C68167C9908144E519489620008
072C6F167C9D0814505195895D0000
072C72167C9C0814535195896A0005
072C73167C9D081458519589770001
072C74167C9C08145F519489890000
072C73167CA0081465519489890000
072C70167CA408146A519489850000
072C6C167CAE081473519489820000
072C64167CB6081478519389730000
072C5B167CBF0814835193896E0001
072C4F167CCB081489519289630000
072C3E167CD3081493519289600001
072C30167CDD08149A519189610006
072C20167CE40814A5519089590001
072C15167CE80814AD5190894E0000
072C0D167CEC0814B8518E894E0001
072C06167CE80814C2518E895B0004
072C04167CEC0814C9518D89590000
072C06167CEB0814D6518D895E0001
072C07167CF30814DE518C89660003
072C02167CF90814E5518C89730000
072BF9167CFE0814F0518C89710000
072BF2167D0E0814F8518B898C0000
072BE7167D22081500518A898A0001
072BD1167D37081507518989910003
072BB3167D450815145189898C0000
072B94167D5C081519518A89A30001
072B76167D98081520518989910000
072B46167DE2081528518A89980000
072AF2167E2508152D518989A40003
072A7E167E61081535518889AC0000
072A04167E8D081539518889AD0005
07299B167EB308153F518889B00000
072944167ED1081544518789BE0000
0728F9167EEA08154C518689B80001
0728BE167EFC08154E518689B10001
072891167F09081553518689B10003
072870167F04081559518689B10007
07285E167F0908155C518689B20001
072855167F1608155E518689AE0004
07284C167F2B08155F518689AA0001
072838167F48081562518589AA0001
072818167F54081567518489B90000
0727F7167F4108156B518489BC0003
0727E9167F2B081569518489B80000
0727F5167F1608156F518589C70001
072813167F1008156F518589BC0003
072833167F0B081570518489CB0000
07284A167F09081571518389CF0004
07285C167F07081571518389D60004
072862167EFE081574518389CF0001
072866167EF9081576518389C50003
072872167EF1081575518289AD0001
07287E167EEA0815775182899B0000
07288C167EEA0815775182899F0006
072895167EEA081577518189910008
07289C167EED0815795180899C0000
07289B167EF5081577518089960003
072896167EFE081577518089990000
07288D167F00081577517F89900000
072883167F05081577517E89790001
07287E167F07081577517E89710001
07287A167F05081576517D895E0002
07287B167EFC081576517D895A0000
072881167EED081576517D89460004
07288F167EE7081575517C894A0002
07289F167EE0081572517C893E0000
0728B1167ED5081572517C893E0003
0728C3167ECB081573517C89410005
0728D4167EC3081571517B895E0005
0728E1167EC1081571517B89680000
0728F3167EB408156F517A89790001
072905167EA9081570517A89910000
07291C167EA208156D517A89A80006
07292F167E9808156F517989B10000
072943167E8908156F517989B30000
072954167E8708156F517889B10001
072964167E7E081571517889BC0003
072970167E75081574517989BC0003
07297C167E69081577517989B30003
07298E167E5708157A517989BE0006
0729A3167E4508157D517989AE0003
0729BB167E2D081581517889B60004
0729D9167E13081586517789AE0002
0729F9167DF708158C517689AF0003
072A1C167DDD081590517589AB0008
072A4B167DC3081595517589A80002
072A73167DA7081599517689A90006
072A9A167D9308159A517689990002
072AC3167D7F08159F517589A80000
072AED167D6A0815A5517689900004
072B14167D540815A8517589840001
072B39167D3A0815AC517589790002
072B5B167D220815AC5174896E0000
072B7E167D0E0815AF517289610000
072BA6167D010815B3517289600002
072BCA167CF60815B7517289520005
072BE4167CF20815BB517289590003
072BF5167CEC0815BD5172894D0000
072C03167CE80815C0517189500008
072C0C167CE10815C15171894A0000
072C15167CDE0815C35171894C0003
072C1D167CDA0815C5517089510008
072C23167CD70815C5516F89500003
072C2D167CDD0815C5516E89550002
072C31167CE50815C9516E89560003
072C2C167CE80815C6516C895A0000
072C24167CF20815C7516C89460003
072C18167CFE0815C8516C89510005
072C07167D1F0815C8516C89530000
072BED167D450815C7516C89650000
072BC2167D6A0815C7516B895C0001
072B8C167D860815C7516A896D0004
072B53167D970815C8516A89630000
072B26167D980815C7516A896C0001
072B0B167D860815C7516A89680003
072B04167D570815C5516A89750000
072B24167D150815C6516989750000
072B65167CDA0815C55168896A0000
072BBC167CAE0815C7516889750003
072C0C167C8E0815C5516789730002
072C59167C6D0815C5516789740000
072C9D167C550815C6516789860009
072CD7167C390815C7516689730003
072D0A167C2D0815CA516589730004
072D2F167C2C0815CB516489750000
072D45167C380815CF516389570003
072D47167C440815D4516389560000
072D41167C550815D9516389490000
072D30167C580815DE516389440000
072D1F167C5C0815E1516289480000
072D10167C620815EA516289510001
072D04167C630815F0516189370003
072CFE167C620815F55161893D0004
072CF8167C550815FE516189290001
072CFE167C40081606516189170002
072D0C167C3108160F5161890C0004
072D27167C290816135160890F0001
072D3D167C2508161B515F88FF0000
072D4C167C17081622516089090000
072D58167C10081628516089120002
072D65167C09081631516089230006
072D74167BE70816385160892B0008
072D8B167B9A08163F516089250004
072DC9167B21081643515F892D0002
072E34167A97081649515E892C0001
072ECD167A16081652515E893B0007
072F911679B1081659515D893D0002
07305316799408165F515D89350005
0730DE167989081667515D89290000
07312E16799B08166D515C89220000
07314F1679E0081675515C890B0004
073137167A42081679515B88F00005
0730E6167A90081680515B88EB0006
073071167AC8081685515B88E90005
072FFB167AEA08168B515A88E50004
072F9B167AF108168F515A88EA0006
072F59167AEA081695515888E50000
072F3A167AE3081698515888E20002
072F31167ADB08169D515888DD0000
072F37167AC10816A3515788E90000
072F4B167A930816A5515688EB0005
072F79167A410816A9515688FA0004
072FC51679B20816AB515688FF0003
07306A1678B20816AF515688E80005
07314616777E0816B1515688E50000
07327C16768D0816B0515588DB0000
0734051675F20816B3515588C00003
07357416754D0816B3515588AE0000
0736A71674A00816B75155888C0004
0737D81674070816B95155889C0001
0738E516737D0816BC5153886F0006
0739CB1673130816BF5153887A0000
073A9A16727D0816C15153881B0006
073B621671C60816C3515187F8000B
073C471670D30816C5515187D50000
073D79166FF90816CA515087B20000
073ED5166F5E0816CD5150879D0000
074007166ECD0816D05150877D000A
074113166E440816D55150875A0001
0741F9166DC30816D85150872E0005
0742E8166D220816DB514F87070002
0743AF166CAC0816DC514F86E20008
074472166CCE0816DF514E86B20005
07450A166D860816E1514D86860003
0744FB166E550816E6514C86570000
074446166F170816E9514B863F0001
07433B166FB80816EC514C86160000
07421A166FED0816ED514C85F20003
074121166F9F0816F3514B85DB0000
0740B2166F180816F9514B85CE0001
0740D2166E960816FD514B85CD0000
074149166E29081702514C85C70000
0741FF166E03081707514D85BE0004
0742AB166E0408170D514B85C70009
074305166E40081713514A85B80003
074312166E80081717514885AF0006
0742E4166E8908171B514785A40009
0742A8166E52081720514785950003
07429B166DEF0817265148859C0000
0742CA166D6608172C514885960003
074335166CB9081730514885950007
0743F3166C12081735514885920006
0744D8166B7108173B514785820001
0745D8166ADD081744514685830001
0746DB166A4C08174C5146857B0005
0747C1166A0A081756514585750001
07488A1669CF08175C514685610002
07493B1669960817665145855D0008
0749B816697D08176F514485530007
074A1116697D0817795144853F0001
074A48166993081780514385370001
074A491669AF08178A5144850F0003
074A2D1669C6081795514384FF0000
074A001669EC08179E514384DF0000
0749D9166A1A0817A7514384E20004
0749A0166A6C0817B0514284C70001
07494D166ABF0817B9514184D20002
0748DA166AFF0817C1514184C60003
074862166B2A0817CC514184B80006
0747F4166B680817D2514184B60000
074791166B9C0817D9514084C20000
074735166BB90817E1513F84BA0004
0746E5166BB60817EA513F84C60003
0746B6166B9C0817F2513D84CC0000
0746AC166B4A0817F9513E84E10002
0746D2166A7E0817FF513C84F30003
07474C1669AF081804513C84EA0004
0748341668CA081809513C84F50002
0749721667ED081810513D84E70000
074AC8166706081816513B84E10007
074C2616660B08181B513A84CD0003
074D6216652B081822513B84AB0000
074EB116644A081824513B847A0000
07501516637F081828513B845D0002
07515A1662D108182B513B842F0001
07527B16623008182E513A83E50003
0753741661BA081832513A83C60001
075437166144081834513A838A0000
0754E31660DA081836513A83600000
07557E16607C08183A5139832B000A
07560C16601208183B513A83000000
07569C165FC008183C513982D70000
07572E165F8408183D513982B50003
0757A4165F4708183F513882940000
0757FF165F1D081843513782610000
075859165F00081844513882340000
0758A2165EDD0818425138820B0005
0758CE165EA5081843513781EA0000
075903165E64081844513681C10001
075949165E19081845513581950000
075999165DCC081846513481710000
0759ED165D870818455134814E0000
075A4A165D4B081845513481380001
075AA1165D1F0818455134812A000C
075AE9165CEE081845513481170003
075B35165CD50818455133810C0000
075B6E165CB9081845513281010001
075B9D165CA0081847513281020005
075BBC165C80081848513380F80003
075BE6165C6308184C513280EE0003
075C14165C5208184E513280DF0000
075C32165C39081851513180D30002
075C48165C27081857513180C7000A
075C63165C19081859513080C10000
075C8F165C1A08185E513180AD0003
075CA7165C55081861513080A30006
075C91165CEB0818665130809A0000
075C45165DAA081869512F808B0000
075BA8165E5208186F512D80850001
075AD1165EE5081872512D80770002
0759F2165F59081877512C806A0000
075917165F6F08187E512C80650009
07586C165F44081882512B80600004
07581B165F0B081889512B80540000
07581D165ECB08188F512A805E0000
07584C165E750818925129806C0002
07589F165E2E0818985128807B0003
075900165E3808189D512880820000
07594E165EAE0818A0512880830000
075945165F800818A5512880900003
0758CA1660A10818A7512780A60000
0757D71661EC0818AD512780AF0008
07568116633E0818B0512780C50000
0754C916644D0818B3512780D20006
0752F91665600818B8512680E80003
0751391666030818B8512781030000
074FC716661A0818BD5127811B0003
074ECD16661A0818BD5126813F0000
074E4D1666250818BE512681660008
074E0E1665AE0818C15125817A0001
074E1A16649B0818C4512681AD0003
074EC51662E50818C6512581D80005
07501B1660B60818C8512482020006
075214165E570818C9512382380004
07548E165C520818CB512382500003
07571E165B120818CD512282620002
0759DE165A250818CA512182540001
075C171659920818CD5121824C0003
075DB11659190818CC5120822B0003
075EF51658BB0818CE511F81F40000
075FFB16584F0818CD512081B60001
0760B01657C10818CD511F81770003
07614916570C0818CF511E81420001
0761FF1656620818CD511E81190000
0762C81655940818CE511D80D80000
07639C1654C20818CD511D80AD0006
0764971653F80818CB511C80640000
07659C1653340818CD511C802F0003
07669416526F0818CF511C7FDF0001
07677A1651D70818CD511C7FA8000D
07684F1651A10818CD511B7F620006
0768FF1651C40818CD511C7F290006
0769611651F30818CE511B7EFE0004
07697916522F0818CC511A7ED30004
0769621652550818CD511B7EA50000
0769381652730818CD511C7E780003
07690516528F0818CC511B7E4E0003
0768D51652C40818CA511C7E350000
0768A11652FD0818CA511B7E210008
07685C1653270818CB511A7DFC0000
0768141653520818CD511A7DE50003
0767D016535C0818CF511A7DD90003
0767941653A30818D251187DCF0000
0767561654710818D451187DC20000
0766D71655890818DA51187DBB0003
0765FA1656900818DD51177DC50000
0764D816577A0818E651177DBB0003
07638316582B0818EB51177DC20002
07623E1658960818F051177DCE0003
0761461658E10818F751157DE00000
07609416590F0818FE51157DFA0005
07600C16591908190651147E080008
075FB116592408190F51147E1D0001
075F8216593908191451127E2E0003
075F6316595208191D51127E4A0000
075F4C16596F08192551127E6B0002
075F2F16597908192B51117E860000
075F1916597908193151117EAA0000
075F0A16598008193B51117EB80003
075F0216599D08194151127EC40005
075EF316599B08194A51127ED90000
075EE416596B08194C51117ED30001
075EEE16591608195551117EE20004
075F1916587108195B510F7EFA0000
075F8B1657C8081963510F7EEB0000
07603C16574808196751107EF10003
0761041656F008196F510E7EF50000
0761B716568C081972510D7EFF0003
076263165609081977510C7F040000
0763101655AB08197C510C7F090000
0763A0165506081980510C7EE60000
07643C165407081984510C7EEB0005
076524165319081986510C7ED80001
07663816524808198A510B7EB70000
07673516519308198C510B7EA20006
0768521650F308198E510A7E830003
076957165043081992510A7E690000
076A34164F8B08198E510A7E530004
076B07164EC008199151097E3B0006
076BE4164E25081992510A7E190003
076CB8164DA208199351097DFE0006
076D7C164D3C08199451087DDA0000
076E1F164CEF08199451097DAB0003
076EB4164CC008199551097D770003
076F2E164C9908199451087D590003
076F90164C5408199351087D3B0003
076FCC164BD708199251077D0E0001
07700A164B5F08199151067CF10001
077071164B0308199251077CBC0005
0770FB164ACE08199051067CA00003
07716B164AA308199051067C850000
0771C6164A8E08198D51067C6A0000
077216164A9108198C51057C4C0001
077243164ABC08198A51047C350002
07723E164B1408198851047C170000
07720B164B8A08198651027BE70005
0771AE164BFA08198451027BE40003
077134164C6B08197F51017BD00001
0770A8164D0008197E51017BC10000
07700B164D8D08197C51007BB90000
076F63164D9408197B51007BA80000
076EDD164D1108197851007BA50002
076EBD164C8D08197750FF7BB20000
076F07164CA408197450FE7B9E0000
076F4E164D4E08196F50FE7B9D0003
076F37164E5108197050FE7B9B0006
076E9A164F7908196E50FD7B920003
076D9A1650B108196D50FD7BA80002
076C481651D508196A50FB7BAA0000
076ADC16530008196A50FB7BB2000E
0769651653DC08196B50FA7BCE0000
07680416545308196850FB7BE60003
0766D91654B808196950FA7C040001
07660616552D08196C50F97C2F0000
07655E1655BF08196B50F87C3E0005
0764B216566208196B50F97C6B0000
0763FA1656DA08196E50F87C850003
07634316572608196E50F87CBD0006
0762A816576108197050F87CEE0004
0762301657B308197050F87D260006
0761C416580108197250F77D5D0000
07615616585608197550F57D800006
0760EE1658A108197550F47DB50004
0760881658DA08197450F37DE00001
0760221658F208197A50F37E070000
075FE01658EF08197A50F47E360007
075FC41658DD08197E50F47E4A0001
075FBC1658C808197E50F37E770003
075FC31658C008198250F37E990003
075FD31658BB08198350F37EB50000
075FE11658A408198650F37EC70003
075FF616588808198A50F27EDB0000
07600F16586708198F50F17EE60004
07603216580F08199150F07EED0006
07606C1657A108199350F07EFE0005
0760CA16572908199950EF7EFB0000
07614716570508199D50EE7F110001
0761AF16574108199E50EF7F0B0004
0761DE1657A30819A350EF7F1C0000
0761CD1657E80819A850EF7F1C0002
07619016581C0819A950EF7F170005
07614516583A0819B050EF7F120001
07610116585D0819B150ED7EFC0006
0760C41658930819B550ED7EFE0002
0760901658D90819BB50ED7F030001
0760501659200819BF50EC7EF30008
0760051659610819C450EC7F060000
075FB41659A00819C950EC7F1C0006
075F5D1659D60819CD50EB7F1C0003
075F081659EC0819D350EB7F310000
075EC91659DD0819D850EB7F270002
075E9F1659A00819DD50EB7F310000
075EA81659490819E150EB7F340000
075EE11658E00819E850EB7F380001
075F4716586B0819EB50EC7F460000
075FB81657C80819F250EC7F510005
07604016570F0819F850EB7F5A0000
0760FB1656690819FC50EA7F540006
0761C31655C3081A0150E97F540001
07629716554D081A0550E97F520005
07635C165509081A0D50E97F4A0000
0763FA1654F5081A1250E97F340000
0764701654E2081A1650E97F1D0003
0764BF1654BB081A1B50E97F060000
0764FA1654C6081A2250E97EF50003
07651A165506081A2550E97ECF0000
076516165518081A2C50E87EB90001
0764F5165496081A3050E77EAD0003
076507165387081A3850E67E950002
076590165264081A3C50E67E870000
076686165136081A4250E57E7B0007
0767C1164F7D081A4850E47E660000
07695B164DAA081A4E50E57E5E0001
076B3A164C40081A5450E47E3F0000
076D73164B70081A5A50E57E240000
076F58164B46081A5E50E37DF90003
077086164B83081A6550E37DD20000
07710B164C44081A6A50E27D9F0006
0770FA164D35081A7150E27D7E0008
077059164E22081A7750E07D620000
076F4C164ECD081A7C50E07D200003
076E30164F0B081A8150E07CF80003
076D61164EE8081A8850E07CDA0002
076CF1164EAB081A8D50DF7CC70003
076CD7164E69081A9250DF7CB20002
076CF4164DF7081A9750DE7C9D0002
076D3E164D40081A9C50DD7C9B0001
076DBC164C5D081AA150DC7C950003
076E7F164B69081AA850DC7C730003
076F8C164AA7081AAF50DC7C730005
0770B5164A2C081AB350DC7C440003
0771A41649D6081AB750DC7C390000
0772621649BE081ABC50DB7C300008
077306164A03081AC150DA7C1B0001
077343164AAE081AC750D97BFB0003
07731D164BA5081ACA50D97C060003
077286164C9D081AD150D97BE30004
07717F164D65081AD350D87BD70001
077067164DB8081AD650D77BD10003
076F83164DE2081ADB50D67BBF0003
076ED7164DE5081AE050D77BB60000
076E69164DCD081AE050D77BBB0001
076E3B164DA6081AE650D77BC70000
076E3D164D6F081AEB50D77BD10000
076E5B164CD2081AEF50D67BDB0008
076EB1164BE8081AF350D67BE90001
076F5E164AC3081AF550D57BED0001
0770721649E2081AFA50D57BF90001
0771D6164926081AFE50D47BF20007
077339164824081B0150D47BE10003
0774AE1646E0081B0350D47BDE0006
07763C164582081B0450D47BD00000
077806164472081B0650D37BBD0006
0779F4164386081B0C50D37BAA0008
077BC916429C081B1050D47B950000
077D511641DF081B1350D57B740000
077EB216415A081B1850D47B520008
07800E1640EA081B1A50D37B1E0003
07811F16405B081B1C50D27AE50005
0781ED163FA8081B1F50D27AB00001
0782C9163EE0081B2250D17A720007
0783D4163E65081B2650D07A410001
0784DC163E2C081B2650D07A040005
0785CD163E06081B2A50CF79EB0003
078685163E02081B2F50CF79C10000
0786E7163E22081B3150CE79AB0002
0786FB163E5E081B3250CE79860005
0786DB163E99081B3550CD796F0003
07868E163E73081B3950CC795B0000
078641163DC3081B3A50CB793B0004
078677163CF7081B3B50C979210000
078731163C67081B3D50C879070008
07881A163C27081B3E50C878FF0003
078904163C40081B4450C778D60008
078997163CBE081B4850C778D40003
078997163D84081B4850C678BA0000
0788FC163E65081B4950C578A00000
0787D6163F31081B4D50C678940008
078674163FCB081B4E50C578890000
07851816403C081B5150C578810003
0783E4164055081B5450C5786D0005
07830516400F081B5650C578890005
0782AA163FB4081B5950C5785D0004
0782CB163F69081B5E50C478560001
07832E163F0A081B6150C4785A0006
0783A4163E88081B6250C478620002
078439163E0D081B6650C4785C0009
07850A163DFF081B6A50C478780002
0785B7163E33081B6C50C478870000
078604163E1E081B6F50C5788E0001
07860F163D91081B7550C578910005
07863F163CF0081B7650C478890002
0786D2163CBB081B7B50C578960005
078788163CFA081B7D50C5789A0000
0787E4163D8B081B8150C478A00004
0787C4163E36081B8550C4789B0005
078726163EB6081B8B50C378A20000
07864D163F1F081B8D50C278940001
078572163F7E081B9150C278940000
0784AA163FE9081B9550C2789A0000
0783E816404A081B9A50C278950004
07832B16409B081B9F50C2789F0001
0782841640C6081BA250C1789C0000
0781F81640A2081BA750C178A10006
0781AA164016081BAA50C0789B0008
0781C2163F57081BAD50BF78A10007
07824D163EB9081BB250BE78B00004
07833C163E40081BB750BD78A0000B
07844B163DDB081BBD50BD78A20006
078548163D75081BC150BC78AD0006
07861A163D21081BC550BC78B90002
0786CA163CD2081BCA50BC78B40003
078773163C86081BD050BC78BA0001
078808163C40081BD550BC78B60005
07889A163BFD081BD850BB78B80001
07891D163BA8081BDD50BB78A30002
078987163B38081BE250BB789C0001
0789F1163AB3081BE550BA78820003
078A8A163A3B081BEB50BA787C0008
078B481639B9081BF150BA787E0000
078C0A16393B081BF450B978600001
078CD816389D081BFB50B878280001
078DC716382D081BFE50B878460003
078EA61637E6081C0450B778330003
078F591637EC081C0950B678240003
078FC6163802081C0F50B678200006
078FF3163822081C1350B678140001
078FEE163865081C1750B677F30000
078FC31638BC081C1E50B577E50001
078F711638FB081C2250B577E10001
078F03163918081C2950B477C50003
078E9D16391F081C2C50B377B90007
078E561638F1081C3150B377AF0001
078E3F16387F081C3550B177A80006
078E621637EA081C3A50B1779D0000
078EDA163706081C4150B077A40003
078FA71635E9081C4650B077960003
0790F31634CA081C4950B177940007
07928D1633B5081C5050B077880004
0794551632FF081C5450B177830005
0795F216328F081C5950B177740006
07970E1631F8081C5E50B077630004
07981F16314C081C6350AF774B0001
07992B1630B2081C6850AD772B0001
079A39163034081C6E50AD770B0003
079B35162FDD081C7550AD76F00005
079BF7162FA5081C7A50AC76CC0000
079C76162F7E081C8250AC76BB0002
079CDA162F68081C8750AC769F0007
079D23162F5F081C8D50AC76850006
079D4E162F74081C9550AB766A0007
079D63162F9A081C9D50AB765C0001
079D5B162FBA081CA450AA76360002
079D37162FD2081CAA50A8762D0000
079D04162FE4081CB450A8761D0002
079CD2162FE7081CB950A776110003
079CB0162FE4081CC350A676040006
079C9F162FEB081CCB50A675F40008
079C8F163000081CD450A675F30009
079C85163026081CD950A675F20006
079C6B163054081CE250A575EE0005
079C3D163081081CEB50A475ED0003
079BFE1630B9081CF250A475E90000
079BB41630E3081CFB50A475E2000B
079B6A1630FF081D0550A375EF0001
079B27163114081D0C50A375EF0007
079AF116311F081D1650A275EB0000
079AC7163106081D1D50A275EA0001
079AB5163085081D2750A375EE000A
079ADF162F96081D3250A275E80006
079B81162E66081D3C50A275E60003
079CC5162D08081D4550A175DA0003
079E2C162B92081D4D50A175DA0006
079FDC1629E4081D5650A175D30006
07A20B1627D2081D6050A075CD0004
07A4E0162594081D6950A075C10005
07A7B9162317081D74509F75B60000
07AAFE162125081D7C509F75A00003
07AEA8161FE5081D85509E75720002
07B1E1161EB6081D90509E75350002
07B48D161D76081D97509E75050000
07B6D1161C33081DA2509D74D10006
07B8E0161B04081DAC509C74A40001
07BAE11619E4081DB5509B7464000A
07BCEA1618A9081DBF509A742C0000
07BEE9161762081DC8509973F90001
07C08F161626081DD4509973CA0000
07C25016150D081DDC509873960006
07C44616141A081DE75098736C0002
07C61816130C081DF0509773330002
07C81A1611DB081DFA509772F70009
07CA361610A0081E04509772BE0002
07CC32160F84081E105097728D0001
07CE15160EBF081E1B5097725A0000
07CFCD160DEF081E22509572290007
07D16D160D01081E2F509571F70003
07D324160C20081E39509571C00002
07D4D1160B32081E42509571760006
07D65F160A69081E4B509571750000
07D7CD1609F2081E56509571480003
07D8F316097E081E5E509471220006
07D9C716091E081E68509470E90004
07DA761608CB081E73509470BC0001
07DB2316088D081E7E5094708F0001
07DBCE160833081E89509570620007
07DC6D1607BE081E92509470460004
07DD1C16075D081E9C509470230006
07DDB016070A081EA6509370100008
07DE431606C2081EB250936FF00003
07DEC016068E081EBC50926FD20003
07DF3F160665081EC650926FC40007
07DFA9160642081ECF50926FB20001
07E013160634081ED950926F9D0000
07E05D16061C081EE350926F920008
07E07C1605E5081EF150916F810001
07E0A21605B1081EFA50916F730003
07E0D016057A081F0350916F5F0003
07E11C160546081F0E50906F4E0000
07E172160519081F17508F6F410000
07E1C51604D5081F22508E6F220002
07E21A160458081F2D508E6F200004
07E29F1603CF081F37508E6F070007
07E342160352081F40508E6EF40003
07E3F11602EF081F4B508E6EE90000
07E4C116028E081F56508D6ED70000
07E59F16023F081F60508D6ED20006
07E6501601FA081F6C508D6ED10005
07E6D31601AB081F72508C6EC40006
07E730160162081F81508B6EBD0002
07E7AA160121081F88508A6EAD0002
07E83F1600D5081F92508A6E980005
07E8CD16009B081F9D508A6E990005
07E966160059081FA550896E810002
07EA0015FFFC081FB150896E7A0005
07EA8415FF5E081FBA50896E700008
07EB3015FEBC081FC550896E670008
07EBEF15FE2F081FCF50876E490008
07ECC715FDB7081FDA50876E3E0000
07ED9E15FD3F081FE450866E210004
07EE6A15FCC6081FEF50856E160003
07EF3515FC66081FF950846E010002
07EFF815FC1A08200350836DF30000
07F0C015FBB308200D50836DEB0004
07F16E15FB4908201550836DDF0006
07F20B15FADB08201E50836DCB0001
07F2B715FA8808202750826DB70000
07F35515FA2808202F50816DB40008
07F3F515F9D608203950816DA20006
07F48415F98008204050806D9A0003
07F51615F91908204850806D930003
07F5A915F8AF082050507F6D7C0000
07F66315F859082057507F6D700001
07F6F915F81108205E507F6D660007
07F79C15F7D3082067507E6D5D0001
07F84215F78E08206C507D6D4C0003
07F8C615F75B082072507D6D390006
07F93115F73508207B507D6D1E0000
07F97515F708082081507D6D170008
07F9A315F6E3082087507B6D000000
07F9E615F6BD08208F507B6CF00001
07FA3415F686082095507B6CD30008
07FA8615F64C082096507A6CC90004
07FACC15F61108209E50796CB10000
07FB1E15F5DA0820A450786CB10005
07FB7C15F5AB0820A850786CAD000A
07FBD615F5740820AD50776C9F0003
07FC2A15F55C0820B050786C980004
07FC6415F5630820B550766C900003
07FC8215F5580820B950766C940000
07FC9C15F5470820C050766C860000
07FCBE15F53D0820C350756C770005
07FCD715F5170820C450756C6B000E
07FCE615F4F10820C950766C630002
07FD1B15F4D90820CD50756C5E0006
07FD6415F4D60820D050756C620002
07FD9515F4B40820D550746C5B0000
07FDBF15F48B0820D850736C5E0004
07FDDA15F45E0820D950736C520006
07FDFF15F4350820DE50736C4B0001
07FE4515F3FB0820E350736C4F0000
07FE8D15F3D10820E550726C4D0000
07FED715F3970820E750736C3A0005
07FF3B15F3720820E950716C420006
07FF9015F3420820ED50726C390000
07FFD015F31C0820EE50726C2D0009
08000815F2F60820F350726C240007
08003D15F2D10820F650716C220000
08007015F2AB0820F750706C170001
08009A15F2890820FA50706C0D0006
0800D615F26D0820FD506F6C080003
08011615F243082100506E6C100000
08014815F221082102506E6C1E0008
08018115F200082103506E6C0C0005
0801BC15F1DA082108506D6C1D0000
0801F415F1B408210B506D6C130003
08022315F19208210E506C6C170003
08026E15F17A082111506B6C160001
0802AE15F162082114506B6C100000
0802E015F14E082117506A6C080004
08030C15F13C08211A50696C090003
08033615F12F08211D50696BF70000
08035715F11708212250686BFB0000
08037915F10208212350686BF80006
08039315F0EB08212A50676BFE0001
0803BD15F0DD08212E50676BFC0006
0803E715F0CF08213050676BF60001
08040815F0C108213450676BF30004
08042315F0B008213A50676BEC0006
08044315F0A908213C50666BF20001
08046415F09F08214150666BE40000
08047815F09808214650666BF00003
08048A15F09108214B50666BE00004
0804A315F08408214D50666BCC0000
0804BE15F07908215250666BCA0000
0804CE15F06F08215850666BB30000
0804D315F06108215D50656BCE0002
0804E515F05408215E50646BB40002
08050015F03808216350646BB40002
08052215F01908216650646BA50000
08054015EFFE08216B50646BAE0005
08056915EFDA08216E50646B980003
0805A015EFC008217350636B940003
0805D315EFA208217650636B830000
08060915EF8608217A50626B830004
08063615EF6E08217E50626B830004
08066715EF5D08218350616B760002
08068E15EF4908218650606B780003
0806AC15EF3808218950606B6D0003
0806CF15EF2D08218E505F6B6F0003
0806F015EF20082192505E6B7E0000
08070915EF12082194505E6B710004
08071B15EF0408219A505D6B7A0002
08073315EEFD08219F505D6B770000
08074715EEF70821A3505C6B720008
08075A15EEF00821A8505B6B720007
08076415EEE80821AA505B6B760005
08076E15EEE60821B0505A6B670001
08077915EEDB0821B3505A6B680005
08078415EECE0821BB50596B6D0007
08079415EEC30821BD50596B630000
0807AC15EEB90821C150596B5F0001
0807C815EEAF0821C750586B5A0004
0807DC15EEA80821CA50586B5E0000
0807EB15EE9A0821CD50576B5C0006
0807FF15EE970821D050576B4B0000
08081415EE8D0821D650576B4D0001
08082A15EE820821DB50566B3E0004
08083F15EE750821DF50556B360002
08084A15EE6E0821E450556B350004
08085915EE670821E850546B190001
08086E15EE5C0821EA50546B150003
08088315EE4F0821F050546B0E0007
08089215EE410821F650546B110006
0808AC15EE370821F950536B150005
0808CB15EE2D0821FE50536B110005
0808E115EE1F08220250526B0E0001
0808F615EE1508220650516B110001
08090B15EE0408220A50516B130003
08091F15EDF908220E50506B060000
08094015EDE508221250506B060006
08096115EDD408221650506B000000
08099A15EDC308221D504F6AFB0001
0809C815EDB2082221504E6AF20005
0809EF15ED9D082225504D6AE20001
080A1A15ED8F082229504D6AD20001
080A5215ED8008222D504D6AC40000
080A8915ED74082230504C6AC70003
080ABA15ED6A082236504B6AC20000
080AE615ED6A08223A504B6AB80000
080B1715ED6D08223E504A6ABE0003
080B3915ED71082245504A6AAC0004
080B6415ED7808224950496AB30002
080B8915ED7808224D50496AB30003
080BA215ED7B08225050496AA20003
080BB215ED7808225650486A940006
080BC015ED7B08225950486A970000
080BC915ED7808225D50476A8F0000
080BDD15ED7808226250486A8A0003
080BEF15ED7908226650486A830002
080BFA15ED7408226B50476A7D0005
080BFD15ED7108227050476A7C0000
080C0515ED7408227350476A720002
080C0E15ED5908227950476A740000
080C1515ED7408227B50466A6B0006
080C1F15ED7408228150456A600003
080C2415ED6D08228750456A510005
080C2615ED6A08228A50446A420004
080C2815ED6D08229050446A360000
080C2615ED6D08229450436A410001
080C2515ED6D08229850436A300002
080C2515ED6D08229C50426A230000
080C2A15ED660822A150416A1E0000
080C2B15ED630822A450416A210000
080C2C15ED660822AB50406A180003
080C3015ED630822B150406A0D0000
080C3815ED660822B3503F6A090000
080C3815ED6A0822B9503E6A0B0003
080C3615ED740822BE503E6A090001
080C3615ED780822C4503D6A010000
080C3615ED7E0822C7503D69F90001
080C3315ED7B0822CC503C69F80002
080C2815ED7B0822D2503C69EE0000
080C2815ED7B0822D8503C69EF0000
080C2815ED7E0822DC503C69FC0002
080C2715ED7E0822E2503B69F60006
080C2715ED7B0822E7503A69E40000
080C2715ED7D0822EB503A69E50005
080C2A15ED820822F1503A69ED0000
080C2815ED820822F7503969F10008
080C2815ED850822FB503969DE0007
080C2915ED82082300503969E80006
080C2B15ED85082304503969E80000
080C2A15ED82082308503969E70003
080C2C15ED8508230D503869ED0005
080C3015ED85082311503769F10008
080C3215ED85082318503769EE0003
080C3615ED8908231A503769ED0000
080C3A15ED89082323503769E30002
080C3B15ED89082328503669E00003
080C3D15ED8908232C503569ED0000
080C4015ED84082333503569D50003
080C4715ED85082336503569ED0003
080C4C15ED7B08233C503469D80002
080C5515ED7B082340503469CA0001
080C5D15ED74082345503469D30005
080C6B15ED7108234B503369CF0005
080C7915ED7108234F503369B50003
080C8515ED6D082354503269C60008
080C9215ED6D082359503169B80003
080C9D15ED6A08235E503069C10006
080CA515ED66082364503069C50003
080CAD15ED63082369502F69C40005
080CB115ED6308236C502F69C90000
080CB415ED63082373502E69C00005
080CB715ED60082378502E69CB0003
080CBA15ED5C08237C502D69CD0003
080CC215ED59082381502D69CE0000
080CC515ED59082388502C69CB0001
080CCA15ED59082389502C69D00003
080CCA15ED5508238F502C69C40006
080CCF15ED59082394502B69C40006
080CD215ED5908239A502B69B80006
080CD315ED5508239E502A69B70001
080CD515ED590823A3502A69BC0008
080CD915ED550823A9502A69AE0003
080CDD15ED550823AE502A69B90002
080CE215ED520823B2502969B60008
080CED15ED520823B6502969B10003
080CF215ED510823BA502969B1000B
080CFB15ED4F0823C0502869AE0004
080D0015ED4F0823C5502869B70000
080D0815ED4B0823CA502769B90001
080D1115ED4B0823CE502769B90001
080D1F15ED4F0823D5502669BA0001
080D2715ED4B0823D8502669B70004
080D2A15ED4B0823DB502669AA0008
080D2F15ED520823E0502569A70001
080D3615ED4F0823E5502469B20004
080D3815ED4F0823E8502469A00009
080D3D15ED520823EE502369A00001
080D4115ED520823F55023699C0000
080D4615ED550823F8502269A20001
080D4B15ED550823FB502269910003
080D4C15ED55082401502169990003
080D5015ED55082404502269950006
080D5315ED59082409502169A40003
080D5815ED5C08240D5021699F0002
080D5F15ED5C082413502169A20000
080D6615ED60082416502069A00005
080D6815ECC208241B5020699B0007
080D6A15ED6308241F502069960001
080D6D15ED6A082423501F698E0001
080D6F15ED66082428501E69850005
080D6D15ED3D08242D501E697D000B
080D7D15ED60082433501F696B0001
080D8A15ED6B082437501E69600004
080D8D15ED7B08243A501E695A0003
080D8E15ED7808243F501E69530001
080D9B15ED85082444501D694A0003
080DA715ED9308244A501C69430003
080DBD15EDA108244C501B69400003
080DD115EDB2082453501B693D0001
080DE415EDBF082456501A69320008
080DF915EDCA08245A501A69260000
080E0B15EDD408245F5019692B0001
080E1E15EDE20824665019692D0003
080E2F15EDEF0824685018692B0003
080E4815EDFD08246C5017691D0003
080E5D15EE0E0824725017691D0006
080E6F15EE1F0824785016690D0000
080E8615EE2D08247D501669050001
080E9E15EE3E082482501668FF0001
080EB515EE48082485501568F40003
080ECD15EE4F08248A501468CF0004
080EE115EE56082490501468DB0002
080EF415EE5D082495501368D20000
080F0815EE60082499501368B80006
080F1915EE6008249F501268B00005
080F2815EE5D0824A55011689E0004
080F3415EE5D0824A7501168920005
080F4215EE600824AF501068810000
080F4D15EE640824B45010686B0003
080F5715EE640824B8500F68770003
080F5E15EE670824BF500F68620006
080F6515EE6E0824C5500E685F0006
080F6915EE6E0824CB500E68590001
080F6D15EE6E0824CF500E6853000A
080F6F15EE710824D3500D68420000
080F7015EE710824D9500D683B0003
080F7515EE780824DF500C68260000
080F7615EE7B0824E5500C681F0005
080F7615EE7F0824E9500C68220004
080F7B15EE890824EE500B68110000
080F7D15EE900824F2500B68070003
080F7F15EEA10824F9500B68100003
080F7E15EEB90824FD500B68090003
080F7F15EECE082504500968010008
080F7B15EEE608250A500967F90003
080F7C15EEFA082511500967ED0000
080F7615EF09082515500867F20008
080F7615EF1208251B500867E80000
080F7515EF1908251F500867E40001
080F7515EF2A082525500767E10006
080F7315EF3B08252B500767DB0002
080F7315EF5608252F500767DA0008
080F7715EF79082536500667D30000
080F7C15EF9408253C500667CE0004
080F8015EFA9082542500567BF0006
080F8715EFB6082546500567C20004
080F8B15EFC708254D500567B80003
080F8F15EFD5082552500467A80003
080F9415EFE6082556500467AD0003
080F9915EFFE08255B500467A70005
080F9C15F00F0825615003678D0003
080FA415F020082568500367860001
080FA815F03408256F500367830008
080FB215F0460825705002677D0004
080FBB15F05A082579500267790002
080FC715F07208257D5001675C0003
080FD215F0840825815000674D0004
080FDF15F0910825865000673E0002
080FEB15F09F08258B4FFF67320003
080FFB15F0AD0825924FFE67220004
08100915F0BE0825964FFE67150003
08101915F0C808259B4FFE66F40001
08102615F0CF0825A14FFD66F00003
08103515F0D20825A74FFD66DF0007
08104315F0D90825AB4FFC66D20004
08104E15F0D90825B14FFC66C80004
08105A15F0D60825B84FFC66B5000A
08106215F0D60825BA4FFB66B10009
08106815F0D60825C04FFB669C0001
08106815F0D60825C94FFA668B0003
08107015F0D90825CD4FFA66900003
08107915F0D90825D14FFA668E0002
08107F15F0DD0825D84FF966810001
08108A15F0DD0825DB4FF96665000A
08109615F0DD0825E24FF8666E0006
08109B15F0DD0825E64FF8664A0004
0810A015F0DD0825E94FF866760000
08109815F0D90825F14FF766520001
08109315F0DD0825F54FF766490000
08108D15F0E00825FC4FF6663F0003
08108615F0E30826014FF6661A0006
08107F15F0E30826074FF566560000
08107915F0EA08260A4FF566490003
08107315F0EE08260F4FF4665B0007
08106D15F0F10826144FF366330002
08106815F0FA0826194FF2662D0000
08106315F0F808261D4FF266290007
08105E15F0F10826234FF1661F0003
08105C15F0F10826274FF066380000
08105E15F0EE08262E4FEF66220003
08106415F0EA0826324FEF66340003
08106D15F0E70826384FEE66250003
08107C15F0E308263D4FED66300002
08108915F0E30826444FED66250002
08109215F0E008264A4FEC66200001
08109715F0DD08264E4FEC661F0006
08109D15F0E00826524FEB66290003
0810A415F0DD08265A4FEB66270001
0810AF15F0DD08265D4FEA66230001
0810BB15F0DD0826644FEA662B0008
0810C015F0E008266A4FEA660C0000
0810C315F0E008266D4FEA66190001
0810C515F0E10826734FEA660B0000
0810C615F0E00826794FE966120007
0810C615F0E008267E4FE9660B0003
0810C815F0E00826854FE865F20000
0810CD15F0DD0826894FE865F10007
0810D415F0DD08268E4FE865FC0006
0810DC15F0D90826944FE765F30003
0810E715F0D908269A4FE765FE0007
0810EF15F0DD08269F4FE666050002
0810F815F0D90826A64FE566080000
0810FE15F0DD0826A94FE565FE0001
08110315F0DD0826B04FE565FC0003
08110715F0D90826B54FE465F40003
08111015F0D60826BC4FE465E00004
08111D15F0D20826C14FE365DC0006
08113315F0CB0826C54FE365D60001
08115415F0C50826CA4FE265D10009
08117615F0C00826D34FE265C20004
08119815F0BE0826D84FE265C20007
0811B615F0B30826DC4FE265C20005
0811D215F0B30826E24FE165C10001
0811E415F0B30826E74FE065B20000
0811F315F0B00826EE4FE165A80000
0811FF15F0B00826F44FE065A70000
08120A15F0A60826FA4FE0659C0004
08121215F09F0826FE4FDF65970002
08122615F0950827074FDE65840001
08123F15F08A08270C4FDD65790006
08126115F07D08270F4FDD657F0002
08127E15F0720827174FDD656C0001
08129F15F06108271D4FDD657A0000
0812CA15F0540827214FDC656E0002
0812F615F0460827284FDC65740004
08131D15F03F08272E4FDB65740001
08134015F03E0827354FDA65770003
08135915F03C08273A4FDA657A0007
08136615F02E08273F4FDA656F0000
08137E15F0160827454FDA65620006
0813A015F00108274B4FD9655D0000
0813DA15EFEA0827514FD9655D0003
08141C15EFD80827564FD965430003
08145B15EFCB08275C4FD8653D0006
08149215EFCB0827624FD865320005
0814B915EFCE0827674FD865270001
0814CD15EFD208276D4FD865220003
0814D515EFD50827744FD765180001
0814D115EFD808277A4FD6651C0003
0814CD15EFD50827814FD665070001
0814C915EFD20827874FD5650E0000
0814CC15EFCE08278C4FD464FB0000
0814D315EFCB0827904FD364FC0008
0814DF15EFC00827974FD364F40003
0814F415EFAF08279D4FD364F5000C
08150E15EF9E0827A24FD264E70004
08153415EF910827AB4FD164ED0001
08155F15EF830827AF4FD164ED0004
08158615EF750827B44FD064E70004
0815AF15EF640827BA4FD064E30006
0815DC15EF530827C24FCF64DB0004
08160B15EF3E0827C84FCF64E40003
08164115EF200827CD4FCF64E60000
08168B15EEFD0827D34FCF64E50000
0816EA15EEDF0827DA4FCE64E00000
08175215EEC00827DE4FCE64D70000
0817C715EEA10827E44FCD64CF0003
08183415EE860827EB4FCE64C4000A
08189215EE6E0827F34FCE64B60003
0818EA15EE5D0827F94FCD64A70005
08193815EE480828004FCC64A10008
08197B15EE300828084FCC64A30009
0819B515EE2608280B4FCC649C0002
0819DE15EE1C0828114FCB648B000A
081A0015EE110828174FCA647C0000
081A1B15EE0408281D4FC964680003
081A3515EDF90828244FC9645D0002
081A5815EDEC08282B4FC8644A0002
081A7815EDDE0828314FC764370006
081A9215EDD70828374FC764290008
081AAF15EDD408283F4FC664100006
081ACC15EDCA0828444FC6641B0001
081AE215EDC508284A4FC663FF0004
081AF715EDB90828514FC56402000B
081B0B15EDB20828574FC464010002
081B2315EDAB08285E4FC364000004
081B3415EDA70828644FC363F30006
081B4215EDA70828694FC363EA0002
081B5615EDA10828734FC163E70005
081B6915ED960828774FC163E10007
081B7D15ED8F08287C4FC163E40003
081B9615ED850828824FC063D70006
081BB415ED8908288A4FC063CD0005
081BD715ED8208288F4FBE63C90009
081BF115ED820828954FBF63CA000B
081C0915ED7E08289D4FBD63BD0004
081C2315ED800828A44FBD63B70004
081C3B15ED820828AA4FBB63BA0000
081C4D15ED820828AF4FBB63B80004
081C5C15ED820828B64FBA63B40003
081C6A15ED820828BD4FBA63A50001
081C7B15ED820828C44FB963A20002
081C8E15ED820828CC4FB963960000
081CA315ED820828D14FB8638D0006
081CBE15ED7E0828D74FB863960006
081CD215ED7E0828DF4FB763830001
081CDB15ED7E0828E54FB763780001
081CE615ED7E0828EE4FB6637D000C
081CFC15ED890828F84FB563780007
081D1115ED890828FE4FB5636A0006
081D2015ED8F0829064FB46362000A
081D3115ED8F08290D4FB4634E0002
081D4515ED930829164FB4634E0008
081D5915ED8F0829214FB463380001
081D6F15ED930829284FB363240008
081D7F15ED930829314FB363110001
081D8E15ED9A0829394FB2630E0000
081DA315ED9D0829414FB263090007
081DB215ED9D0829484FB262FF0002
081DBC15EDA40829554FB163040002
081DC115EDA408295D4FB162F40001
081DC615EDA70829644FB162F50001
081DCE15EDA708296F4FB062EB0001
081DD815EDB20829774FB062F00000
081DE015EDBA0829834FB062F70003
081DE515EDBF08298A4FAF62E90001
081DE915EDCA0829934FAF62E10008
081DF215EDCD0829A04FAE62E20002
081E0715EDD40829A84FAD62E00004
081E2115EDDB0829B04FAD62D50001
081E3E15EDE80829B94FAC62D30007
081E5815EDEF0829C44FAC62DC0004
081E6715EDEF0829CE4FAB62D50000
081E6915EDF30829D84FAA62D40000
081E6F15EDF60829E44FA962BB0004
081E7915EDF60829EB4FA962AA0002
081E8E15EDF90829F44FA862B00008
081EA815EE00082A014FA862A80008
081EC215EE05082A0A4FA762A20000
081EDE15EE0E082A124FA662920007
081EF215EE11082A1F4FA662990005
081F0515EE18082A294FA6628C0003
081F1015EE1C082A334FA562860004
081F1D15EE23082A3A4FA562770007
081F2F15EE23082A474FA562780006
081F4615EE29082A504FA462670007
081F6015EE2D082A5E4FA4625F0004
081F7E15EE30082A664FA4624D0003
081F9B15EE34082A724FA362420005
081FB715EE3A082A7E4FA4623C0006
081FD115EE41082A854FA462400001
081FED15EE48082A914FA362200003
08200415EE48082A9E4FA3621C0008
08201415EE4A082AA74FA262160004
08202515EE48082AB24FA262090001
08203515EE45082AB94FA262000006
08204C15EE45082AC64FA161F00004
08205C15EE48082ACF4FA161DE0004
08206515EE45082ADA4FA161D10003
08207115EE45082AE54FA061C20009
08208015EE41082AF04F9F61BE0001
08209615EE41082AFA4F9F61AF0008
0820AE15EE3E082B054F9F61B30006
0820C515EE41082B0F4F9E61B00003
0820D215EE45082B184F9D61A10004
0820DF15EE45082B234F9D619D0000
0820E915EE48082B2F4F9C61990008
0820F115EE3F082B384F9B61960008
0820F615EE4F082B424F9B616B0006
0820F715EE4F082B4C4F9A616B0003
0820F915EE52082B584F99617B0005
0820FE15EE56082B614F98614E0001
08210215EE56082B6C4F98615A0005
08210D15EE59082B774F9861420002
08211F15EE5D082B834F97614A0001
08213215EE60082B8C4F97613D0002
08215215EE5D082B974F96613B0000
08216D15EE60082BA24F9561330007
08218215EE64082BAD4F9461390003
08219415EE60082BB74F94612E0008
0821AA15EE60082BC24F9461290007
0821C115EE60082BCD4F93612D0000
0821D415EE5F082BD74F9361230002
0821E215EE64082BE34F92611D0006
0821EE15EE60082BED4F91610F0006
0821F615EE60082BF64F9161080002
08220315EE60082C034F9161060004
08220F15EE60082C0C4F9060F50001
08221615EE5D082C164F8F60FC0003
08222015EE5D082C204F8F60EE0003
08222D15EE59082C2D4F8E60F40005
08223915EE5D082C364F8D60F40004
08224915EE5D082C434F8D60EE0006
08225715EE5D082C4C4F8D60ED0002
08226115EE5D082C554F8C60EF0005
08226915EE5D082C614F8C60EB0003
08227115EE5C082C6C4F8B60DE0000
08227815EE5D082C764F8A60D80005
08227A15EE59082C7F4F8A60D60000
08227F15EE56082C8D4F8A60D30008
08228315EE56082C984F8960D40001
08228715EE59082CA04F8960BE0002
08229B15EE56082CAA4F8860B1000C
0822B715EE56082CB64F8860BD0000
0822D815EE59082CC04F86609D0006
0822F715EE5D082CCB4F8660A90000
08230D15EE6A082CD64F8660A00001
08233015EE86082CE04F8560A40004
08235C15EEA1082CEB4F85609C0009
08238F15EEB6082CF54F8460930005
0823C715EEC7082CFE4F846082000A
08240415EED3082D0A4F83607C0000
08243915EEE6082D144F8360780007
08246815EEFA082D1F4F82605E0004
08249915EF19082D294F8160460001
0824CD15EF34082D344F8160380000
08250B15EF42082D3E4F8160280001
08254215EF4C082D494F80600E0002
08257115EF53082D554F805FFB0002
0825A015EF6E082D5E4F7F5FE10004
0825C715EF8A082D684F7F5FC50002
0825EE15EFA2082D744F7E5FB50003
08261615EFC7082D7E4F7D5FAB0003
08263F15EFF0082D874F7D5F960004
08266215F00C082D944F7C5F7A0004
08268115F024082D9E4F7B5F640000
08269D15F03B082DA84F7A5F4D0000
0826A715F065082DB34F7A5F2A0007
0826A915F09F082DBD4F795F2B0002
0826A915F0EA082DC94F785EFE0001
0826A315F139082DD14F785EED0004
08269915F18F082DDE4F775ECE0000
08268B15F1D3082DE64F775EBD0001
08267E15F214082DF44F775EAA0003
08267115F230082DFE4F765E830001
08266615F25F082E084F765E750006
08265A15F271082E124F755E500006
08264F15F28C082E1E4F755E3E0001
08264515F2B2082E294F755E1B0006
08263915F2DE082E324F755DF5000C
08262715F304082E3D4F755DD40008
08261715F32A082E484F755DB70005
08260515F364082E544F745D9F0003
0825EE15F3A2082E5D4F745D840003
0825D215F3D8082E684F745D730003
0825B515F41A082E714F745D5E0008
08259C15F479082E7B4F745D4C0006
08257815F4CC082E864F735D370007
08255615F517082E944F735D1C0003
08253315F54B082E9D4F725D170003
08251115F57B082EA74F725D24000A
0824F715F5B5082EB34F705D050004
0824E015F5A0082EBE4F705CD00004
0824C715F64F082EC84F705CBE0003
0824AF15F689082ED24F6F5CA20006
08249815F6DF082EDD4F6E5C910005
08248215F76F082EE64F6E5C730008
08246915F803082EF14F6D5C690001
08244F15F889082EFD4F6D5C480003
08243115F8F3082F064F6D5C3C0002
08241615F938082F124F6C5C270002
0823FE15F950082F1B4F6B5C130006
0823EC15F953082F274F6B5C100004
0823DF15F950082F314F6A5BE60005
0823D415F957082F3C4F695BD70004
0823D015F95E082F474F695BB00005
0823CF15F976082F524F685B940005
0823CD15F9AD082F5E4F685B6E0003
0823CC15F9F8082F664F675B520006
0823CA15FA39082F744F675B4E0005
0823C615FA7B082F7F4F675B200006
0823C615FAAB082F874F675B070000
0823C515FACA082F924F665AF70008
0823C515FAD4082F9D4F665ADB0003
0823C115FAE2082FA84F655ACC0004
0823C415FAEC082FB24F645AB6000B
0823C215FAF3082FBE4F645A940007
0823C015FB01082FC84F635A7A0006
0823C015FB12082FD34F635A6D0004
0823C515FB23082FDF4F625A4E0000
0823C715FB38082FE94F615A290002
0823CE15FB42082FF44F615A360009
0823CF15FB53082FFF4F615A200009
0823D315FB5D08300A4F615A090003
0823D615FB680830144F605A050008
0823D815FB6B08301C4F5F59FE0003
0823DD15FB6F0830294F5E59D50004
0823DC15FB790830344F5D59CD0005
0823DD15FB8008303E4F5C59B60003
0823DE15FB8308304A4F5C59AB0000
0823DE15FB830830554F5B59A70003
0823E015FB8708305F4F5B59980001
0823DE15FB8308306A4F5A597C0002
0823DE15FB870830734F59597B0001
0823DE15FB8E0830804F5959780006
0823DF15FB980830884F5859680003
0823E715FBA60830944F5859590006
0823F715FBB00830A04F5759500000
08240D15FBB30830A84F56594C0003
08242115FBB70830B54F5659390008
08243715FBBA0830C14F5659360003
08244815FBBE0830CA4F55591A0003
08245615FBBE0830D54F55591E0005
08246615FBC10830E24F55591F0003
08247915FBC10830EC4F54590B000C
08249115FBC50830F54F5458FD0006
0824AB15FBC10831014F5458F30006
0824C415FBC108310A4F5358F80000
0824DC15FBC10831124F5258E00003
0824F615FBC508311F4F5158D50004
08251415FBC108312C4F5158C90003
08252C15FBC10831344F5058BA0003
08253E15FBC80831414F5058B80001
08255215FBCB08314C4F4F58A40000
08256415FBD20831574F4F589D0006
08257415FBD90831624F4E588A0000
08258415FBE008316B4F4D587D0000
08258D15FBE70831764F4D587B0000
08259315FBF10831814F4C58680003
08259815FC0208318B4F4C586C0005
08259D15FC170831964F4B584E0001
08259D15FC2F0831A44F4A584A0003
08259D15FC440831AC4F4A58380003
08259E15FC580831B84F49583A0003
08259D15FC6A0831C24F4958220006
08259D15FC7B0831CD4F49581F0000
08259D15FC8C0831D84F4958120004
08259C15FC9A0831E44F4957FC0004
08259A15FCAB0831ED4F4857F80007
08259A15FCC30831F84F4857F40004
08259A15FCE50832044F4757E60001
08259C15FD2308320D4F4657D50003
0825A015FD610832184F4657BA0006
0825A715FD9F0832234F4657BF0004
0825B015FDD608322E4F4557A50007
0825BA15FE0608323A4F4557A10001
0825C615FE290832464F45578E0007
0825D515FE4408324C4F4457790008
0825E015FE600832584F4357680003
0825EC15FE7B0832634F42574C0008
0825FD15FE9008326E4F4157320001
08260D15FEA10832794F40572A0007
08262615FEA80832834F4057080006
08264115FEA808328E4F3F56E40003
08266615FE9D0832994F3F56BF0003
08269E15FE820832A24F3E56B00005
0826DB15FE4B0832AC4F3E56860004
08272C15FE060832B64F3D56670006
08279915FDAD0832C24F3D56510003
08281515FD4C0832CB4F3C56390001
08289E15FCE20832D64F3C561C0003
08292D15FC630832E04F3B55F80005
0829CB15FBE30832E74F3B55D70000
082A7215FB750832F24F3A55AD0000
082B1015FB2D0832FC4F3A55990004
082B9915FAFD0833034F3A55750003
082C0815FAD40833104F3A554C0006
082C6415FA960833154F39553F0002
082CBA15FA5108331F4F3955360004
082D0715FA0D0833284F3855110006
082D5815F9CF0833314F3754EC0002
082DAB15F99F08333A4F3654DD0003
082DF115F9720833424F3654CA0000
082E3115F94C08334C4F3554C30006
082E6E15F9310833554F3454B10000
082EA115F91608335E4F3454A5000A
082ED015F9010833674F3354950006
082EF415F8EC08336F4F3254960002
082F1515F8D80833784F3254860006
082F3315F8C70833804F3154810006
082F4E15F8BC0833894F3154800001
082F6A15F8B50833924F30546D0005
082F8015F8B208339A4F2F54790006
082F9615F8B20833A54F2F54680006
082FB015F8AF0833AC4F2E54620005
082FC015F8A10833B44F2E54660004
082FCE15F89A0833BD4F2E54540003
082FE015F8930833C64F2E545F0003
082FF315F8890833CF4F2D54570006
08300715F8820833D94F2D544B0008
08301615F8780833E24F2D543F0002
08302E15F8660833E84F2D54410001
08304C15F84B0833F24F2C54370000
08306D15F81E0833FB4F2C543B0004
08309815F7EE0834044F2C542F0006
0830DF15F7B708340B4F2B541B0003
08314315F78B0834154F2A54200002
08319915F76C08341D4F2A54120008
0831DC15F7500834234F2A54050008
08321C15F73C08342C4F2953F20003
08325415F72E0834344F2953EE0000
08328315F72608343B4F2853E50003
0832AD15F7200834434F2853DC0001
0832CC15F71A08344A4F2753DF0006
0832E115F71A0834514F2753CE0003
0832F215F7160834594F2653C50001
08330015F7130834604F2553A80000
08330A15F7130834674F2553A50006
08331915F71608346E4F2453960003
08332115F71D0834764F2453860004
08332515F72B08347D4F23537C0008
08332C15F7460834844F23535C0006
08332F15F75E08348A4F2253540002
08333215F7730834914F2253400008
08333315F7840834984F2153310001
08332D15F79208349F4F20532F0003
08332C15F7990834A64F2053240003
08332E15F79C0834AC4F1F53160000
08332F15F79C0834B04F1E53080001
08333615F79F0834B84F1E52FB0003
08333A15F79C0834BE4F1D52E80006
08333A15F79C0834C44F1C52DB0001
08334315F7990834CC4F1C52DC0003
08334B15F7990834D14F1B52C50002
08335615F79F0834D64F1B52CA0007
08335A15F7AA0834DB4F1A52BE0008
08335715F7B10834E24F1952B00006
08335415F7B40834E94F19529D0000
08334F15F7B40834ED4F1852A20006
08334C15F7B40834F54F1752A00003
08334B15F7B70834FB4F1752940000
08334A15F7BE0835014F17529C0008
08334715F7BE0835084F1652980001
08334715F7C508350C4F1552870003
08334715F7CC0835124F1552900009
08334415F7D30835194F1352960006
08334315F7CF08351D4F1352830001
08334115F7D60835234F1252890003
08334115F7EE0835284F12528A0002
08333815F8180835304F1152870003
08332A15F83A0835354F10527C0007
08331415F84E08353A4F0F52830006
0832FC15F84B0835404F0F52810005
0832F015F84E0835464F0F5286000D
0832EA15F85208354C4F0E527F0006
0832EA15F85C08354F4F0D52860003
0832E915F8630835564F0D52800007
0832E415F87408355C4F0C527F0000
0832DD15F8890835604F0C527C0003
0832D215F8970835674F0B527C0000
0832C515F8A10835704F0B527C0003
0832B915F8AF0835734F0B52780003
0832AF15F8B90835774F0A527C0008
0832A315F8C308357F4F0A526B0003
08329B15F8CA0835864F0952720002
08329515F8CD08358A4F095275000C
08329315F8D10835924F0952720000
08328E15F8D40835954F08526E0002
08328D15F8D808359B4F0852680006
08328715F8D80835A24F0752610008
08328315F8D10835AA4F0752610000
08328215F8C70835AD4F07525A0002
08328415F8B20835B24F0652500005
08328A15F8900835B94F05524F0005
08329815F8630835C14F0552450003
0832AA15F8430835C74F04524D0004
0832C615F8290835CE4F03524D0004
0832E415F81E0835D44F0352490001
0832F815F8220835DC4F03523E0007
08330315F8330835E04F0252390001
08330515F84E0835EA4F02524A0000
08330215F86D0835F04F0152490002
0832F515F8890835F74F005235000A
0832E215F8930835FE4F0052330003
0832CD15F88C0836054EFF52330003
0832C315F87B08360C4EFE52320001
0832C615F85C0836134EFE521E0006
0832DB15F83A08361B4EFD52210006
0832F915F81E0836204EFD52170001
08331715F8060836274EFC5221000A
08333715F7F50836304EFC521A0002
08336115F7EE0836374EFB52150005
08337F15F7F908363F4EFB521D0001
08339415F8030836454EFB520F0006
0833A215F81408364D4EFA520E0004
0833AA15F8220836554EF952120008
0833B015F82C08365E4EF952120008
0833B115F8360836664EF9520C0000
0833B315F8410836704EF8520D0002
0833B415F8480836774EF7520E0006
0833AF15F85208367F4EF752040003
0833AC15F8600836884EF6520F0002
0833A815F86A0836914EF5521C0001
0833A015F8740836974EF5520D0001
08339615F87E0836A24EF452110005
08338D15F8820836A94EF3520F0008
08338615F8850836B04EF3520A0008
08338615F8970836BC4EF252060006
08337D15F8AF0836C44EF251F90003
08337215F8C50836CD4EF152050003
08336415F8DB0836D54EF052060001
08335915F8EC0836DF4EF051EB0001
08334915F8F70836E94EEF51FE000A
08333E15F8FE0836F24EEF51FE0008
08333915F9010836FC4EEE520B0001
08333815F9040837034EEE51F50003
08333B15F90F08370E4EED51F70003
08333D15F91C0837174EED51FE0003
08334015F9270837204EEC51F10001
08334515F92E08372A4EEC51F70006
08334815F9340837334EEC51F50000
08334B15F93B08373B4EEB51E50000
08334C15F9460837454EEB51D10003
08334F15F94908374C4EEB51E10006
08335015F94C0837584EEA51F60002
08334F15F94C08375E4EEA51E30003
08334E15F94C0837694EE951E20005
08334E15F9570837714EE851D60000
08334C15F96108377A4EE851C40008
08334D15F9720837844EE751DE0001
08334915F97D08378D4EE751C90003
08334F15F9870837974EE651B90006
08335315F98E08379F4EE651B10007
08335515F9950837A74EE551AB0005
08335715F99B0837B14EE451A70000
08335615F9A60837BC4EE451AB0003
08335815F9AD0837C34EE351980003
08335715F9B70837CE4EE3518F0008
08335615F9C10837D64EE351990001
08335A15F9C50837E04EE251770005
08335D15F9C80837E84EE151840006
08336115F9CF0837F14EE151740003
08336515F9CF0837FB4EE051760000
08336715F9D20838044EE051690003
08336915F9D208380E4EDF51660006
08336D15F9D20838164EDF51640007
08337115F9D20838204EDE515F0005
08337415F9D608382A4EDE515A0006
08337915F9D60838334EDE514D0000
08338015F9D808383C4EDD51420003
08338315F9DD0838484EDD51440008
08338715F9E008384F4EDC513A0003
08338F15F9E40838594EDB51380007
08339415F9E00838624EDA512D0001
08339715F9E408386A4ED9511E0001
08339C15F9E70838744ED9511B0006
08339F15F9E408387F4ED851160008
0833A215F9EA08388A4ED8511B0006
0833A315F9EA0838924ED750FE0000
0833A715F9EE08389E4ED75102000A
0833A815F9EE0838A74ED650FE0006
0833A615F9F50838AF4ED550F60000
0833A715F9F50838B94ED550F60008
0833A615F9FF0838C34ED450F70000
0833A415FA0D0838CB4ED450F40006
0833A115FA1B0838D64ED450EC0004
08339E15FA280838E04ED350EB0000
08339915FA400838EB4ED350EC0005
08339215FA6D0838F54ED250EF0004
08338415FAA00839014ED250EA0006
08337115FAC608390A4ED150E80003
08335A15FADB0839154ED150E50003
08334515FAE508391C4ED050D50006
08333415FAEF0839264ECF50DD0007
08332615FAFD0839324ECF50D90001
08331D15FB120839394ECE50CB0000
08331315FB2A0839454ECD50C00003
08330815FB3408394D4ECD50BC0008
0832FB15FB3F0839594ECC50B30008
0832F115FB450839634ECC50BC0002
0832E915FB4C08396B4ECB50A60007
0832E215FB530839754ECA50A60008
0832DB15FB6408397F4ECA50940003
0832D215FB7508398B4ECA50940000
0832C815FB910839944EC950820003
0832BB15FBA908399E4EC950880006
0832AD15FBC50839A84EC850870009
08329E15FBE00839B34EC8507B0008
08328E15FBF80839BC4EC750770003
08328015FC090839C54EC750770003
08327015FC1E0839D14EC750730006
08326115FC3D0839DD4EC650710003
08325215FC5F0839E54EC650790000
08323F15FC820839EE4EC550770002
08322C15FCA10839FB4EC4505E0005
08321815FCB9083A044EC450660004
08320715FCCA083A104EC350560001
0831F515FCDE083A184EC350530000
0831E915FCF3083A244EC2503F0004
0831DB15FD0B083A2C4EC250420000
0831D015FD1C083A384EC150340001
0831C215FD2D083A404EC0502E0002
0831BA15FD3B083A4B4EC0501C0006
0831B315FD4B083A564EBF50070004
0831AA15FD5A083A614EBF50080003
0831A315FD6B083A6D4EBE50010003
08319A15FD7D083A764EBE4FFB0004
08319115FD87083A804EBE50020008
08318915FD8E083A8A4EBD4FF00008
08318315FDA2083A944EBC4FEB0007
08317F15FDBA083A9E4EBC4FDF0006
08317715FDDD083AA74EBC4FE50008
08316F15FDFC083AB24EBB4FDE0001
08316515FE17083AC04EBB4FD70003
08315615FE22083AC94EBA4FD70008
08314F15FE2C083AD24EBA4FCC0002
08314815FE29083ADD4EB94FB50004
08314715FE25083AE54EB84FA20001
08314B15FE25083AF24EB84FA10006
08314E15FE29083AFC4EB84F910007
08315415FE2C083B084EB74F920004
08315E15FE2F083B114EB64F840006
08316A15FE2F083B1B4EB64F730001
08317515FE2F083B284EB54F6E0006
08317F15FE2C083B2F4EB54F540006
08318915FE2C083B3C4EB44F550001
08319015FE2C083B464EB34F4C0000
08319415FE2C083B504EB34F47000C
08319B15FE2F083B5B4EB24F3B000A
0831A215FE2C083B674EB14F300001
0831AA15FE2C083B704EB14F1D0001
0831B015FE29083B794EB14F170000
0831B515FE25083B844EB04F12000A
0831BE15FE2C083B8E4EB04F010000
0831C315FE33083B984EAF4F07000A
0831CA15FE36083BA44EAE4EFC0002
0831D115FE3D083BB14EAD4EEA0000
0831D915FE41083BB94EAC4EF70003
0831E115FE44083BC34EAB4EEE0006
0831E615FE4B083BCE4EAA4EF50006
0831EC15FE52083BD94EAA4EF20008
0831F515FE5C083BE14EA94EE40009
0831FF15FE66083BEC4EA84EF00007
08320A15FE71083BF84EA84EE30001
08321715FE78083C004EA84ED80003
08322215FE78083C094EA74ED50003
08322715FE7B083C184EA64ED90001
08322A15FE7E083C224EA54ED00003
08322C15FE82083C2E4EA44EA90006
08322C15FE82083C354EA44EB80005
08323015FE82083C3F4EA44EAC0008
08323615FE82083C494EA34EB00008
08323E15FE82083C564EA34E9C0005
08324515FE82083C614EA24E980002
08324D15FE7E083C684EA24E850001
08325315FE7B083C754EA24E810005
08325C15FE7B083C7F4EA24E750005
08326115FE7B083C874EA14E720004
08326915FE74083C934EA14E720001
08327115FE71083C9D4EA04E6F0001
08327A15FE71083CA84E9F4E5F0004
08327F15FE6D083CB44E9F4E5E0000
08328515FE6D083CBE4E9F4E530007
08328D15FE6A083CC64E9F4E5B0003
08329615FE6D083CD14E9E4E490003
0832A015FE6A083CDB4E9E4E410006
0832A915FE6A083CE84E9D4E3E0007
0832B015FE66083CF04E9C4E3E0006
0832B815FE66083CFB4E9C4E3F0004
0832BC15FE66083D064E9C4E400009
0832C215FE6A083D104E9B4E330002
0832C815FE6A083D1B4E9A4E3A0006
0832CD15FE6D083D264E984E3A0006
0832CD15FE71083D2E4E984E2A0005
0832CE15FE74083D384E974E280006
0832CF15FE78083D454E964E170004
0832C915FE7B083D4D4E954E0A0001
0832C815FE78083D584E944E140003
0832C815FE7B083D614E944E040009
0832CD15FE74083D6C4E944E080006
0832D915FE6D083D754E934E030006
0832EC15FE66083D814E924E000003
08330115FE60083D8C4E934DE90001
08331B15FE5C083D964E924DF20000
08333615FE55083DA04E924DED0000
08334E15FE4E083DA94E914DE00004
08336415FE4E083DB54E904DD7000A
08337915FE4B083DBF4E904DC90007
08338615FE47083DC84E904DCB0004
08339315FE44083DD14E8F4DD50007
0833A015FE41083DDB4E8F4DC90003
0833AD15FE41083DE74E8F4DC40003
0833BA15FE44083DF34E8F4DC80003
0833C615FE47083DFB4E8F4DBF0001
0833CE15FE52083E084E8E4DC10000
0833D515FE5C083E104E8D4DA70003
0833DF15FE60083E194E8C4DA50005
0833E415FE66083E234E8C4D9D0001
0833E615FE71083E2F4E8A4D900002
0833E715FE7B083E384E8A4D910003
0833E615FE82083E444E894D880003
0833E715FE89083E504E894D780000
0833E715FE90083E5B4E894D6F0008
0833E615FE93083E644E884D670000
0833E315FE9D083E704E884D5B0001
0833E015FEA4083E7A4E884D500003
0833DF15FEB2083E834E884D3C0007
0833DE15FEC0083E904E874D3D0004
0833E315FECA083E994E874D29000A
0833E515FEE9083EA54E874D2B0003
0833E415FF01083EAF4E864D270003
0833DF15FF19083EB94E864D160005
0833DA15FF38083EC44E864D030004
0833D315FF54083ECE4E874CFB0000
0833CC15FF6C083EDA4E874CDC000A
0833C615FF7D083EE44E874CDC0002
0833C415FF8B083EEE4E864CC00000
0833C215FF92083EF94E864CB10004
0833C215FF92083F044E854C980005
0833C415FF95083F114E844C800003
0833C215FFA0083F184E844C6B0000
0833C415FFAA083F244E844C480008
0833CB15FFB4083F2E4E834C2A0005
0833D615FFBE083F394E824C0F0006
0833E415FFC2083F434E814BFA0003
0833F815FFCC083F4B4E804BE10008
08341915FFD3083F554E7F4BC80006
08344115FFD7083F604E7E4BA90001
08346515FFD7083F6A4E7D4B8B0003
08348515FFD3083F734E7C4B730000
0834A515FFD3083F7D4E7B4B570000
0834CA15FFD3083F884E7A4B2F000A
0834F015FFD3083F934E7A4B010001
08351A15FFCC083F9C4E7A4AE90005
08353F15FFC9083FA54E794AB90004
08356315FFC9083FAF4E794A86000F
08357D15FFBE083FB94E784A560000
08359615FFB8083FC54E784A370004
0835AD15FFB4083FCE4E764A000006
0835CB15FFB1083FD74E7549D50002
0835E715FFAD083FE14E75499E0004
08360015FFA3083FEB4E7549740003
08361B15FFA0083FF54E7549430006
08363715FF9C0840004E7549340007
08365115FF950840084E7448F00004
08366D15FF920840104E7348C90006
08368315FF8E08401A4E7448A20003
08369B15FF870840234E7448840008
0836B515FF7D08402F4E7348750003
0836CB15FF7A0840394E7248440000
0836E215FF730840424E7248400006
0836FA15FF6F08404A4E71481F0005
08370F15FF680840554E7147FF0004
08372015FF6208405E4E7047F40003
08373415FF5E0840684E6F47D40007
08374615FF5B0840734E6F47C00003
08375515FF5B08407B4E6F47B50000
08375F15FF5B0840844E6E479C000A
08375F15FF5E0840904E6D47860001
08375B15FF5708409B4E6D477E0005
08375815FF4D0840A34E6C47670007
08375C15FF3F0840AC4E6D47560003
08376B15FF200840B74E6C474F0001
08378815FEFE0840C04E6B47390003
0837B515FEDB0840CB4E6B47300004
0837F615FEBC0840D34E6B471F0003
08383715FEA40840DC4E6B47180000
08386F15FE8C0840E54E6A47190008
0838AA15FE7E0840F24E6A47050004
0838DB15FE740840F94E6947050008
08390315FE660841024E6946F60006
08392615FE5508410C4E6946EA0001
08394815FE410841154E6846E20000
08396B15FE2F08411D4E6846CC0004
08398D15FE1E0841244E6846D00005
0839A615FE1708412D4E6746BE0004
0839C115FE140841334E6746A50005
0839D415FE0D08413C4E6646B60001
0839E215FE0A0841464E6646990000
0839EF15FDFC08414D4E6646930007
083A0315FDEB0841544E6546950001
083A2015FDCC08415C4E64466C0000
083A4815FDAD0841654E6346940006
083A8B15FD9508416C4E6246730003
083AD015FD7D0841744E6246720003
083B1015FD6408417A4E62466D000A
083B5015FD5008417F4E6146670007
083B8315FD420841874E61466D0006
083BAD15FD3108418F4E6046830001
083BD515FD2A0841954E6046760000
083BFD15FD1C08419C4E5F468D0005
083C1B15FD120841A34E5F46920005
083C3315FD0F0841A84E5E468B000C
083C4615FD080841AF4E5D468D0001
083C5515FD080841B64E5D46A00001
083C5D15FD040841BC4E5B46A60003
083C6C15FCFF0841C24E5A468C0001
083C7815FCFD0841C64E5A4691000A
083C7E15FCFA0841CF4E5A46910009
083C8415FCFA0841D64E59466D000B
083C8C15FCF60841DC4E5946730001
083C9315FCF60841E14E5846810006
083C9915FCF30841EA4E57466E000A
083C9C15FCF30841ED4E5646660004
083CA215FCF60841F34E5646690001
083CA315FCF60841FC4E5546650007
083CA615FCF60842004E5546620006
083CAB15FCF60842074E54465A0001
083CAC15FCFA08420E4E54464A0008
083CAE15FCFA0842134E54464A0003
083CB015FCFA08421A4E5446380009
083CB315FCFD08421F4E5346350008
083CB615FCFD0842254E5346210001
083CB215FCFD08422B4E5246200007
083CB615FD010842314E52460C0007
083CBA15FCFD0842364E52460D000A
083CBF15FD0408423D4E514601000C
083CC015FD080842424E5145F70002
083CC115FD080842474E5145EC0000
083CC215FD0F08424E4E5145DC0002
083CC515FD120842544E5145D90000
083CC715FD1908425B4E5045D30006
083CC915FD2008425F4E5045BD0001
083CCF15FD2A0842644E4F45BB0003
083CD215FD310842684E4F45B00003
083CD615FD2A0842724E4E45A30005
083CDC15FD150842754E4D45A30003
083CEF15FCEC08427B4E4D458A0000
083D1415FCC30842814E4D45850005
083D4315FC960842884E4C457A0004
083D7A15FC6308428E4E4C45700001
083DBA15FC3D0842904E4B455C0000
083DFF15FC1E0842984E4A45520004
083E3F15FBFF08429E4E49453C0001
083E7615FBEA0842A34E4945300003
083EA615FBD90842AA4E48452D0003
083ED115FBCF0842B04E4745220008
083EF215FBC80842B64E4645150008
083F0D15FBC50842BB4E45450F0003
083F2115FBC10842C14E45450D0005
083F3415FBC50842C64E44450D0006
083F3D15FBC10842CC4E4345060006
083F4615FBBA0842D24E4344FA0003
083F5015FBB00842D94E4244FA0001
083F6015FB9B0842DE4E4244ED000B
083F7115FB870842E54E4144E00005
083F8D15FB6F0842EB4E4044D20003
083FB015FB570842ED4E4044D90006
083FD115FB420842F54E4044C30006
083FF415FB2A0842FE4E4044BE0006
08401515FB120843034E3F44B70004
08403A15FAEF0843074E3F44B30008
08406715FAD108430D4E3E44A80006
08409315FAB20843134E3E44B20003
0840CA15FA930843194E3E44A00006
0840FD15FA7B0843204E3D44A70007
08412A15FA630843274E3C449B0003
08415615FA4E08432D4E3C44A20004
08417F15FA360843334E3B44A70004
0841AE15FA210843364E3B44AA0006
0841D815FA100843404E3A44AB0007
0841F515F9FC0843444E3B44C20003
08421015F9EA08434D4E3944C0000A
08423315F9DC0843524E3944CF0009
08425315F9CF0843594E3944E00007
08427315F9BE08435E4E3844EB0003
08429B15F9AD0843624E3744F10006
0842B915F99F0843694E3644FF0000
0842D115F9910843724E36450C0006
0842E515F9800843794E3645140006
08430015F97208437F4E3545120004
08431915F9650843854E35451A0006
08433315F95E08438C4E34451E0005
08434E15F9530843944E33451F0005
08436415F94908439B4E33451A0005
08437515F93B0843A24E3245160009
08438815F9340843AB4E3245140005
08439915F92E0843B14E314517000A
0843AB15F9200843B84E3145110000
0843C015F9190843BF4E3145160002
0843D215F90B0843C74E3045100006
0843E415F8FE0843CF4E2F45110006
0843F815F8F70843D64E2E450B0000
08440A15F8EC0843DE4E2E44FC0000
08442615F8E20843E44E2C45070003
08443B15F8D40843ED4E2C44F7000C
08444C15F8CA0843F24E2C45050002
08445D15F8C00843FC4E2B44FA0001
08447215F8B20844054E2B44FF0000
08448A15F8AB08440D4E2A44F40003
0844A015F8A80844154E2A44EF0001
0844B215F8A408441B4E2944EF0000
0844BE15F8A10844214E2844F10008
0844CE15F8A108442A4E2844ED0003
0844E115F8A10844324E2744E40001
0844FE15F8A408443B4E2744DE0003
08452015F8A80844404E2644D50003
08454015F8AB08444A4E2644CB0001
08455E15F8B208444E4E2544CD0000
08457715F8B50844584E2544BC0004
08458F15F8BC0844604E2544B70003
0845A615F8C00844654E2544AF0006
0845BD15F8C508446F4E2444A00006
0845CF15F8C70844774E24448D0008
0845DA15F8C708447D4E2444800003
0845E315F8C30844864E2344750005
0845ED15F8BC08448C4E22446A0000
0845FA15F8B90844944E22444A0004
08460B15F8B208449D4E22445D0004
08461E15F8B50844A54E21443F0001
08462C15F8B20844AE4E20441D0003
08463315F8AF0844B84E2044180002
08463915F8AF0844BC4E2044090005
08464215F8AF0844C64E1F43F80000
08464915F8AF0844CE4E1E43F4000B
08464C15F8B20844D84E1E43E50006
08464F15F8B20844DF4E1D43D40003
08464715F8B50844E94E1D43C30003
08463D15F8B50844F44E1C43AB0006
08463515F8BC0844F94E1C439E0005
08462715F8BC0845044E1C43940006
08461F15F8C008450D4E1B43860000
08461915F8C30845164E1C437A0007
08461515F8BC08451E4E1B435F0005
08461315F8C00845254E1A43630003
08461215F8C308452D4E1B435B0003
08461615F8C30845374E1B434C0006
08461615F8C70845414E1A433F0000
08461C15F8C70845484E1A43390008
08462415F8C70845514E1A433D0000
08462B15F8CA08455A4E1A43240006
08463415F8CA0845614E1943340004
08463A15F8CA08456B4E1943220006
08463915F8CA0845744E18431B0000
08463B15F8C708457D4E18431F0007
08463F15F8CA0845874E17431F0007
08464315F8C708458E4E1743180002
08464715F8C70845984E16430F0004
08464A15F8C50845A04E1543060004
08464E15F8C70845AB4E154302000B
08465315F8C30845B54E1442F30005
08465D15F8C30845BC4E1342EC0009
08466515F8C00845C64E1342F20005
08466915F8C00845CF4E1242F10006
08466A15F8C00845D64E1142F20008
08466F15F8C00845E14E1142E80001
08467315F8C00845E94E1042D1000B
08467815F8BC0845F34E1042D30008
08467D15F8BC0845FA4E0F42C80006
08468015F8B90846054E0F42D10002
08468315F8B508460B4E0E42C70000
08468715F8AF0846174E0E42BF0001
08469015F8AB08461F4E0D42B80004
08469A15F8A80846284E0D42B80001
0846A415F8A40846324E0C42AD0000
0846A915F8A108463C4E0B42B20001
0846AF15F89A0846444E0B42A7000A
0846B815F89A08464F4E0A427F0009
0846C115F8970846574E0942850003
0846CE15F8930846614E0942870004
0846D215F89708466A4E0842760005
0846D215F8970846734E07427C000A
0846D415F89308467A4E07426A0005
0846D715F8900846864E0742710006
0846DC15F89008468F4E0642620008
0846E115F8900846994E0542630000
0846E415F88C08469F4E0542580007
0846E715F8900846AC4E0442510001
0846E915F8900846B74E04424F0005
0846EC15F8900846BF4E03424B0004
0846ED15F8930846C84E03424A0003
0846ED15F8900846D14E0342490006
0846F015F8900846D94E0242420006
0846F315F88F0846E44E01422B0008
0846F815F8970846ED4E0142330000
0846FE15F8930846F64E00422F0000
08470315F8970846FF4E0042330002
08470515F89A0847094DFF42330000
08470A15F89D0847134DFE422B0005
08470D15F8A408471D4DFE42140005
08470C15F8AB0847254DFE42230007
08470B15F8B20847304DFD41FE0006
08470815F8B90847384DFC42010010
08470615F8C30847424DFB41DD0001
08470015F8CA08474E4DFB41D9000A
0846FE15F8D40847564DFA41BD0005
0846F815F8DF08475F4DF941B60001
0846F515F8E90847684DF941AB0006
0846F115F8E90847704DF941950003
0846EB15F8F008477B4DF941870003
0846E915F8F70847824DF841770008
0846E715F8FA08478B4DF841540002
0846E415F8FE0847944DF7412D0000
0846E415F90408479D4DF741220003
0846E815F9080847A84DF641090006
0846EB15F90F0847B04DF540F80006
0846EF15F90F0847B94DF440D30001
0846F215F9120847C44DF440AE0000
0846F515F9120847CD4DF340A20007
0846FD15F9120847D64DF340790006
08470515F9120847E04DF340660004
08470C15F9120847EA4DF340480006
08471015F9120847F14DF2401E0001
08471415F9120847FC4DF13FEF0006
08471815F9120848044DF03FDD0005
08471C15F91608480E4DF03FC20009
08471E15F9160848174DF03FB50004
08471F15F91C0848214DEF3F8C0005
08471F15F91908482C4DEF3F690002
08472215F91C0848344DEE3F570001
08472215F91908483E4DED3F2B0008
08472215F9190848454DED3F220004
08472415F9190848514DED3F0C0000
08472A15F91C0848594DEC3EFA0001
08473115F9190848634DEC3EDE0003
08473A15F91908486B4DEB3ECC0000
08473E15F9190848744DEB3EC9000A
08474315F91908487E4DEA3EB80002
08474615F91C0848894DEA3EA30002
08474915F91C0848924DE93E980004
08474C15F91908489B4DE93E89000A
08474915F91C0848A34DE93E870004
08474C15F91C0848AD4DE73E6E0001
08474F15F9200848BA4DE73E5D0003
08475015F9200848C04DE63E430006
08474F15F9200848CC4DE63E3A000B
08475015F9230848D44DE63E2F000C
08474C15F9230848DE4DE53E25000C
08474B15F9270848E74DE53E1E0008
08474E15F9270848F04DE53E020007
08474B15F9230848F94DE43E060008
08474B15F9230849034DE43DF00002
08474E15F92008490D4DE33DEA0006
08475015F9230849164DE33DEA0007
08475515F92708491E4DE33DE80003
08475515F9270849294DE33DDB0002
08475815F9270849334DE33DCF0000
08475915F92708493D4DE33DD2000C
08475B15F9270849454DE23DC00000
08475A15F92708494F4DE23DC90000
08475D15F92708495A4DE23DBD0003
08476015F9270849644DE13DB00008
08476015F92A08496D4DE13DA50002
08476415F92A0849784DE03DA20006
08476315F92A0849804DE03D9B0008
08476715F92A08498A4DDF3D960007
08476B15F92A0849954DDF3D940001
08476D15F92A08499B4DDD3D900002
08476C15F92E0849A94DDD3D7B000C
08476E15F92E0849B34DDD3D7E0004
08476F15F92E0849BB4DDB3D760006
08476E15F9310849C54DDB3D6C0006
08477215F9310849D04DDA3D610001
08477115F9340849D84DD93D630009
08477115F9310849E34DD93D5A0006
08477315F9340849ED4DD83D520004
08477515F9380849F74DD73D52000C
08477515F934084A024DD63D4F0005
08477615F934084A0B4DD63D4B0001
08477515F931084A144DD53D420006
08477715F934084A1C4DD43D40000B
08477915F934084A254DD43D430000
08477A15F938084A314DD43D390005
08477D15F934084A394DD43D3D0006
08477D15F934084A444DD33D45000A
08477F15F934084A494DD33D3A0003
08478115F934084A544DD23D3E0008
08478215F934084A5E4DD23D350001
08478315F934084A644DD13D30000E
08478415F934084A6E4DD13D3A0006
08478615F938084A7A4DD03D360002
08478515F938084A814DD03D380004
08478415F93B084A8A4DD03D310000
08478615F93B084A904DD03D340007
08478815F93B084A964DCF3D3B0003
08478815F93B084AA04DCF3D380006
08478615F93B084AA54DCF3D3D0002
08478915F93B084AAB4DCE3D320005
08478B15F93B084AB04DCE3D390008
08478B15F93B084AB64DCC3D290001
08478F15F938084ABD4DCD3D28000C
08478E15F938084AC14DCB3D280005
08479115F93B084AC54DCB3D330003
08479215F93B084AC54DCB3D2F0009
08479515F93F084ACB4DCA3D2B0007
08479515F93D084ACD4DCA3D380000
08479515F942084AD14DCA3D23000A
08479615F946084AD34DCA3D420004
08479715F942084AD54DC93D410003
08479915F949084AD74DC83D3E0004
08479915F949084ADA4DC73D4E0000
08479715F949084ADA4DC73D490000
08479715F94C084ADC4DC63D5F0005
08479615F949084ADC4DC63D630008
08479815F94C084ADE4DC63D830001
08479D15F946084ADE4DC73D840005
0847A215F949084ADF4DC63D950002
0847A515F942084ADF4DC63D9F0006
0847AB15F942084AE14DC53DBD0001
0847AE15F93F084AE04DC53DC8000A
0847B415F93F084AE34DC43DD70003
0847BA15F93B084AE24DC33E070001
0847C215F938084AE34DC23E000008
0847C815F938084AE34DC13E200006
0847CC15F938084AE34DC13E3F000C
0847CD15F93B084AE54DC03E530001
0847CC15F93B084AE34DC03E6C0009
0847CC15F93B084AE14DBF3E76000A
0847CA15F938084AE54DBE3E9B0003
0847CB15F934084AE24DBD3EAF0006
0847D215F92E084AE24DBD3EC3000A
0847DB15F92A084AE04DBC3EE40004
0847E215F92A084AE04DBB3EE70006
0847E515F92E084AE24DBB3F040001
0847DE15F92E084AE24DBA3F080000
0847D315F92E084AE44DB93F130007
0847C915F92A084AE54DB93F280000
0847CA15F927084AE84DB93F35000A
0847D415F920084AEB4DB93F480008
0847E215F919084AEB4DB83F4F0001
0847F415F90B084AF24DB83F520000
08480B15F8F7084AF24DB73F5B0005
08482215F8DB084AF64DB63F5F0005
08483F15F8C2084AFA4DB63F690000
08486415F8B2084B014DB53F6A0003
08488315F8AB084B034DB53F7C0009
0848A015F8A8084B054DB53F8B000E
0848B515F8A4084B094DB43FA60001
0848C015F8AB084B0D4DB33FB80003
0848C915F8A8084B0F4DB33FD40000
0848CF15F8A4084B154DB33FFA0002
0848D015F89D084B164DB240170008
0848D315F897084B194DB140270003
0848D615F893084B1E4DB1404D0003
0848DC15F889084B204DB04065000C
0848E715F87E084B234DAF407D0008
0848F215F874084B284DAF409A0003
0848FF15F866084B274DAF40A2000C
08490D15F85C084B2A4DAE40C00005
08491C15F855084B2E4DAE40CE0000
08492915F84B084B304DAD40E40006
08493615F83D084B304DAD40F50005
08494315F83A084B334DAC41090007
08495015F841084B344DAB41140006
08495815F84B084B374DAB412C000C
08495A15F852084B394DAB41390008
08495115F859084B394DAA41460003
08494B15F859084B3B4DA94158000C
08494415F855084B3B4DA941660003
08494415F855084B3B4DA941640003
08494015F855084B3B4DA841790002
08494115F852084B3B4DA9417D0009
08494515F852084B3D4DA8418A0005
08494515F852084B3C4DA8418A0006
08494615F84E084B3B4DA8418B0000
08494815F84E084B394DA841800005
08494915F84B084B374DA7418C0000
08494915F84A084B374DA641900009
08494E15F848084B364DA6419B0007
08494F15F836084B344DA64190000C
08495515F814084B354DA5418C0003
08496515F7EB084B324DA441920006
08498415F7C9084B314DA441980006
0849A815F7B7084B314DA441940002
0849CD15F7BB084B2F4DA441960005
0849E415F7CC084B2D4DA3419C0006
0849EC15F7E1084B2C4DA341940000
0849E615F7EB084B294DA241AA0001
0849DC15F7E1084B284DA1419E0005
0849D315F7C2084B284DA141B60001
0849D715F784084B274DA141BF000C
0849F615F73F084B274DA041C5000A
084A2815F705084B274DA041CA000D
084A6415F6ED084B264D9F41D00009
084AA115F705084B254D9F41D60006
084AC215F732084B264D9E41DC000D
084AC415F765084B234D9E41E30008
084AA915F792084B234D9D41EF0003
084A8215F7B1084B204D9D42040004
084A5715F7CF084B224D9C42190002
084A2A15F7E1084B224D9B42330007
084A0315F7EE084B204D9B424B0006
0849E615F7F5084B214D9A42490008
0849D015F7FF084B204D9A42590001
0849BE15F806084B224D9A425F0000
0849B015F80A084B214D99425D0004
0849A615F803084B214D9942650004
0849A015F803084B214D98425A0001
0849A015F7FF084B1F4D97425E0009
08499F15F7F7084B1E4D9742530005
0849A015F7FC084B1D4D9542490002
0849A515F7FC084B1F4D954244000C
0849A615F803084B1E4D9442350000
0849A415F80A084B204D9442310003
08499E15F80A084B1E4D9342210002
08499A15F811084B1D4D9242280006
08499515F814084B1D4D92421C0001
08499015F818084B214D92421C0003
08498D15F818084B204D9142000006
08498A15F818084B1E4D9142200001
08498815F81B084B1F4D8F42020004
08498515F818084B214D8F42030006
08498515F818084B214D8F41FE0000
08498415F81E084B214D8E420B0008
08498015F822084B224D8E41ED0000
08498015F825084B214D8E41E50005
08497D15F829084B224D8D41E50007
08497A15F82C084B224D8D41E00000
08497715F82C084B224D8C41E00002
08497515F82C084B234D8C41DD000A
08497415F829084B224D8C41CB000A
08497915F825084B204D8B41D10000
08497B15F822084B224D8B41CC0004
08497D15F825084B224D8A41C80008
08497F15F829084B214D8A41C8000B
08498015F825084B214D8941BB0008
08498015F81E084B244D8941BC0000
08498315F81B084B254D8841B80006
08498615F818084B244D8741B70007
08498A15F818084B234D8641C10005
08498E15F811084B264D8641AE0005
08499215F80A084B264D8541AE0008
08499715F80D084B274D8441B40008
08499A15F814084B274D8441B00001
08499C15F81B084B274D8341A80006
08499A15F822084B2B4D8241AE0006
08499515F829084B2B4D8141B10008
08498E15F82C084B2F4D8141BA0005
08498815F830084B2E4D8041BB0007
08498115F836084B304D7F41B60005
08497A15F836084B334D7F41BC0006
08497615F83A084B334D7E41C10003
08497115F83D084B364D7E41C2000E
08496C15F841084B374D7D41D00006
08496915F841084B394D7D41C8000A
08496715F844084B3C4D7C41C60004
08496415F848084B404D7B41C9000A
08496415F844084B414D7B41BF0008
08496015F848084B444D7B41C00000
08495D15F844084B474D7A41C1000A
08495D15F844084B474D7B41B60006
08495D15F844084B464D7A41AE0004
08495B15F848084B494D7A41B70007
08495C15F848084B4D4D7A41B0000A
08495B15F84B084B4A4D7A419D000D
08495A15F84B084B4D4D7941A60000
08495915F84E084B4E4D7941A40003
08495815F84E084B4F4D79419C0005
08495615F84E084B524D7941A10002
08495715F84B084B524D7841940004
08495715F84B084B544D7841980001
08495715F84E084B554D784196000B
08495615F84E084B554D7841940006
08495515F84B084B574D7741850000
08495715F84B084B584D7641880008
08495715F84A084B594D76418C0003
08495815F84B084B5E4D75417B0000
08495815F848084B5D4D75417A0001
08495915F848084B5C4D7441720000
08495C15F848084B5E4D7441780002
08495C15F844084B5E4D7341700001
08495F15F83D084B604D7341740007
08496315F83D084B5F4D724176000C
08496415F83D084B604D7241720005
08496715F83D084B5F4D7141760000
08496915F83A084B5D4D71418A0000
08496C15F836084B5D4D7041740000
08496E15F833084B5B4D6F4185000C
08497115F830084B5B4D6F41910000
08497515F830084B5B4D6E418B000B
08497715F830084B5A4D6E41900009
08497B15F829084B594D6D4199000A
08497E15F82C084B584D6D419F0002
08498015F82C084B524D6C41950000
08498115F829084B524D6C41900004
08498015F82C084B4E4D6B41A80007
08498115F82C084B504D6A419B0005
08498115F829084B4D4D69419D0006
08498215F82C084B4A4D6941A10006
08498315F829084B4A4D6841A70008
08498215F829084B484D6841A00000
08498115F829084B464D6741AE000C
08498215F829084B464D6641A6000B
08498215F825084B444D6641B4000B
08498415F822084B424D6641B40000
08498515F822084B414D6541B90000
08498615F822084B414D6441BA000C
08498815F822084B3E4D6441BB0003
08498715F826084B3E4D6441C30000
08498615F82C084B3D4D6441BC0005
08498215F82C084B3C4D6441C60000
08498315F82C084B3A4D6341CA0000
08497F15F825084B3B4D6341CC0008
08497D15F822084B3A4D6341CC0000
08497F15F81B084B384D6241CE0005
08498415F81B084B374D6241D90004
08498815F814084B364D6141D00008
08498A15F81B084B364D6141E80001
08498E15F81B084B344D6041D90007
08498C15F81B084B344D6041D00005
08498815F81E084B334D5F41D70005
08498815F81E084B354D5E41E60006
08498715F822084B354D5E41CE0002
08498315F825084B324D5E41D70004
08498315F825084B334D5D41D2000C
08498215F825084B324D5D41D70000
08498015F825084B324D5C41DD0007
08497E15F829084B324D5B41CF0003
08497C15F825084B334D5A41DB0008
08497A15F82C084B334D5A41CF000E
08497915F82C084B324D5A41D40003
08497815F829084B324D5941D30000
08497615F82C084B344D5941CA0003
08497515F830084B324D5941D10004
08497215F833084B354D5841D30000
08497015F833084B334D5841DF0006
08496D15F836084B334D5741D70005
08496915F83A084B334D5741D30003
08496615F83A084B364D5641DE0000
08496215F841084B344D5541D70008
08495E15F841084B374D5541CE0004
08495B15F840084B364D5541DB0001
08495B15F83D084B374D5441CC0006
08495915F841084B374D5441DB0007
08495715F841084B384D5441D30004
08495615F841084B3A4D5341D50000
08495715F844084B3A4D5341E00003
08495615F848084B3D4D5341E10000
08495415F844084B3C4D5241D50007
08495215F844084B3F4D5241DC0005
08495215F848084B3F4D5141E10001
08495115F848084B3D4D5141DB0013
08495015F844084B414D5041D5000C
08495115F844084B3F4D4F41D60009
08495415F83D084B424D4F41DE0000
08495715F83A084B444D4F41E0000A
08495B15F830084B454D4F41D70000
08495F15F830084B464D4E41DF0006
08496415F829084B474D4D41D40007
08496D15F822084B494D4D41DD0001
08497415F822084B474D4C41D90000
08497815F81E084B494D4B41E80001
08498115F818084B4A4D4A41E00004
08498815F818084B4D4D4941D60006
08498C15F818084B4C4D4841DB0005
08498E15F818084B4C4D4841E6000A
08498F15F814084B4E4D4741E50000
08499115F814084B4E4D4741E60000
08499415F80D084B4F4D4741EB0006
08499615F80D084B514D4641E20004
08499815F80A084B524D4541E40002
08499B15F806084B4F4D4541E6000E
08499E15F806084B4F4D4441EF0000
0849A015F806084B504D4441E30006
0849A215F803084B4E4D4341E40005
0849A415F7FF084B4F4D4241E40000
0849A715F7F9084B514D4141F40000
0849AC15F7F5084B4F4D4141E90004
0849B115F7F9084B4F4D4141EC0005
0849B115F7F5084B4F4D4141FE0006
0849B715F7F2084B4D4D4141F30003
0849B715F7F2084B4B4D4141E40000
0849B915F7F2084B4A4D404200000C
0849B915F7F5084B494D4042060007
0849BA15F7FC084B4A4D4041FB0000
0849B615F803084B464D40420B0004
0849B015F80D084B474D4041FE0006
0849A715F80D084B454D3F41FD0005
0849A015F80A084B444D3E41FF000C
08499B15F803084B424D3E42040001
08499B15F7FF084B424D3E422A0003
0849A015F806084B3F4D3D41FD0006
0849A015F806084B3C4D3D4217000C
08499F15F80D084B3C4D3C4220000A
08499B15F811084B3B4D3C42240009
08499615F81E084B3A4D3B42240008
08498D15F830084B384D3A421E0004
08498015F833084B364D3A42220000
08497215F833084B354D39422B0000
08496915F822084B364D38421B0003
08496915F814084B354D3842210004
08497315F803084B334D3842210009
08498215F7EE084B344D37421C0008
08499515F7DD084B344D3742260002
0849A915F7CF084B334D3742230000
0849C115F7C9084B344D3742270006
0849D115F7C2084B324D36422D0008
0849DF15F7BE084B334D36422D0000
0849EC15F7C2084B324D36423A000E
0849F415F7C9084B334D354242000A
0849F415F7CF084B324D3542470000
0849F015F7DA084B344D3542490000
0849E715F7DD084B344D34424F000B
0849DF15F7E4084B334D34423F000E
0849D715F7EB084B324D33424E0006
0849CD15F7F2084B334D3242580009
0849C915F7F5084B344D32424E0003
0849C015F7FC084B304D3242530003
0849B715F7FC084B304D3142520000
0849B315F7F5084B324D31424D0000
0849B015F7F2084B334D3142400006
0849B115F7E7084B334D30423E0001
0849B815F7D6084B334D304239000C
0849C215F7C5084B334D304238000B
0849D415F7BB084B324D2F4234000E
0849E715F7B7084B344D2E42380008
0849F515F7C5084B324D2E42270008
0849F815F7CC084B334D2D42250006
0849F215F7D3084B364D2D42260005
0849ED15F7C9084B334D2C42220006
0849E815F7BB084B334D2C42290000
0849F015F7AA084B334D2C42220007
0849FC15F799084B344D2B422B0007
084A0E15F787084B324D2A42280001
084A2015F762084B334D2A422C0000
084A3715F72B084B354D29422D0001
084A5C15F6FE084B364D2842240002
084A9115F6E6084B354D28422A0000
084AC215F6D6084B374D2742320006
084AE515F6C0084B364D2642350006
084AFF15F6AF084B364D2642420006
084B1815F6A2084B364D25424C0006
084B2C15F69B084B384D2542540000
084B4015F697084B384D2442670003
084B4E15F697084B384D244284000B
084B5415F69B084B374D23429B000C
084B5815F6A2084B384D2342A8000C
084B5915F6A8084B394D2242B70003
084B5515F6A2084B394D2242CA0000
084B5215F68D084B394D2142DD0001
084B5815F66E084B354D2142F10003
084B6815F659084B394D214302000B
084B7E15F653084B384D20430F0007
084B9815F664084B3A4D1F431F000E
084BA415F683084B384D1F431F0001
084B9815F690084B3A4D1F43280003
084B8715F686084B3A4D1E432D0006
084B7915F675084B3A4D1E43420002
084B7815F66B084B3A4D1D43410006
084B7F15F675084B3B4D1D43440004
084B8715F690084B3C4D1D43550000
084B8215F6C0084B3C4D1C434E0005
084B6D15F6EA084B3B4D1C43590006
084B4315F716084B3C4D1B435F0000
084B1515F73C084B3C4D1B43680002
084AE515F757084B3B4D1A436C0006
084AB815F775084B3B4D1A436B0003
084A9315F787084B3C4D1A4370000C
084A6F15F79C084B3C4D1943700002
084A5015F7A6084B3B4D194367000A
084A3815F7AD084B3B4D18435A0001
084A2615F7B1084B3B4D1843510001
084A1915F7B4084B3B4D1743480008
084A0E15F7BB084B3C4D17432A0006
084A0615F7BE084B3C4D1643280006
084A0215F7BE084B3C4D1643020003
0849FF15F7C2084B3F4D1542FA0000
0849FE15F7C2084B3E4D1542E50004
0849FB15F7C2084B3D4D1442CA000E
0849F915F7BE084B3E4D1442C10000
0849F615F7C2084B3F4D1442B80006
0849F515F7C5084B3F4D13429F0001
0849F415F7C9084B3F4D13429B0000
0849F215F7C9084B3F4D124289000C
0849F015F7C9084B3E4D1242840004
0849F015F7C9084B414D12426F0003
0849EE15F7CC084B3F4D1242720000
0849EC15F7C9084B3F4D11425F0006
0849EE15F7CC084B3F4D11425F0004
0849ED15F7CC084B404D104250000A
0849ED15F7C9084B3F4D10424C0002
0849ED15F7C9084B404D0F42430004
0849EE15F7CC084B404D0F4244000C
0849EE15F7C9084B3F4D0E4240000C
0849EF15F7C5084B434D0E423E0008
0849F015F7BE084B414D0E422D000C
0849F415F7BE084B414D0D422D0001
0849F915F7BE084B414D0D422F0007
0849FC15F7BB084B414D0C422F000A
0849FD15F7BE084B3F4D0C422E0003
0849FD15F7BE084B434D0B42290007
0849FC15F7C2084B424D0B4222000B
0849FC15F7C5084B3E4D0A422E0003
0849F815F7C5084B414D0A42330007
0849F715F7C5084B414D0A42380004
0849F415F7C9084B404D09423E0009
0849F115F7C9084B414D09423E0003
0849F015F7CC084B434D084241000B
0849F115F7C9084B434D07423A0009
0849EC15F7CC084B3F4D0742350008
0849ED15F7CC084B3F4D06423B0003
0849ED15F7CC084B3F4D064238000C
0849EC15F7C9084B404D0642340001
0849EE15F7C5084B424D0542340001
0849EF15F7C2084B424D0442320006
0849F415F7BE084B424D04421E0001
0849F515F7BB084B414D0342210003
0849F715F7BB084B424D034221000B
0849FA15F7B7084B414D0242270001
0849FD15F7B4084B424D014223000E
0849FE15F7B1084B414D01421E0006
0849FF15F7B4084B424D00421F000C
084A0415F7B1084B434D0042200002
084A0215F7B4084B434CFF42270001
084A0115F7B1084B404CFF42280010
084A0515F7B1084B414CFF42330006
084A0515F7B1084B444CFF42340007
084A0515F7B1084B454CFF42340002
084A0515F7B1084B454CFE423A000A
084A0515F7AF084B454CFE42480006
084A0515F7B1084B454CFE424A000D
084A0715F7AD084B464CFE424B0001
084A0715F7B4084B484CFE423F000C
084A0615F7B1084B484CFE42420004
084A0715F7B1084B4A4CFD4242000A
084A0515F7B4084B484CFD424A0000
084A0515F7B4084B4A4CFD423A0006
084A0315F7B4084B4B4CFD42430008
084A0315F7B7084B4C4CFC423E0002
084A0215F7B4084B4C4CFD423C000A
084A0415F7B1084B4C4CFC423B0003
084A0415F7B1084B4C4CFC42400002
084A0515F7B1084B4B4CFC4241000A
084A0415F7B4084B4C4CFB42410004
084A0415F7B4084B4C4CFB42430006
084A0015F7B7084B4A4CFA42440004
084A0015F7B7084B4E4CFA424B0009
0849FD15F7BB084B4D4CF94248000A
0849FE15F7BE084B4E4CF8424A0005
0849FB15F7C2084B4D4CF8424F0001
0849F715F7C2084B4B4CF742510004
0849F315F7BE084B494CF7424C0006
0849F315F7BE084B494CF642530000
0849F315F7BB084B474CF6424F0008
0849F715F7B7084B474CF642580006
0849F715F7B7084B454CF54259000C
0849FC15F7B7084B444CF4424D0008
0849FC15F7B7084B424CF34250000C
0849FD15F7BB084B414CF342530001
0849FC15F7BB084B3F4CF242510000
0849FA15F7BE084B3F4CF142560009
0849F815F7BE084B3D4CF142550003
0849F615F7BB084B3A4CF042510006
0849F615F7BB084B3B4CEF42490001
0849F715F7BB084B354CEF424F0003
0849F915F7BB084B384CEF424E0002
0849F915F7B7084B344CEF424A000B
0849FB15F7BB084B334CEE42530002
0849FA15F7D3084B324CEE423D0003
0849F215F818084B324CED4247000A
0849D515F8A8084B304CED42470009
08498415F95A084B2E4CED424F0007
0848F115F9E0084B2D4CED424C000A
08483D15FA10084B2E4CEC42470003
0847A515FA02084B2E4CEC42470004
08474115F9D9084B2F4CEC42530006
08471D15F99B084B2D4CEB4247000A
08472915F942084B2D4CEB42450008
08476415F908084B2C4CEB42480004
0847B715F8F7084B2C4CEA42430000
0847FE15F90B084B2D4CEA424C0008
08482615F931084B2D4CE942430003
08482815F95A084B2F4CE9424D0006
08480E15F972084B2D4CE842490008
0847EA15F972084B2D4CE742530005
0847CD15F965084B2C4CE7424E000A
0847C415F94C084B2C4CE6424C000C
0847C715F938084B2D4CE542480008
0847D715F927084B294CE54251000B
0847EC15F919084B2C4CE442480003
08480615F90B084B2C4CE442430003
08481A15F8FE084B2E4CE3424D000B
08482D15F8E2084B2D4CE242450005
08484315F8CA084B2C4CE242510007
08486015F8B9084B2C4CE242430007
08487F15F8A8084B2C4CE142450007
08489915F89A084B304CE142480000
0848B115F885084B304CE0423E0008
0848C815F871084B304CE042440000
0848E215F859084B2E4CE042420002
08490015F848084B324CE0423C0001
08491A15F83D084B344CE042390008
08493315F836084B334CDF42380008
08494715F836084B354CDF42400000
08495015F83A084B364CDE42460005
08495415F836084B364CDE42410005
08495A15F836084B374CDE42420005
08495B15F830084B384CDD42420006
08495D15F825084B374CDD42450006
08496315F81E084B3A4CDC42470003
08496B15F822084B3B4CDB42430006
08497315F825084B3A4CDB42490005
08497415F82C084B3A4CDB42440006
08497315F844084B3A4CDB424C0005
08496915F860084B3D4CDA42430008
08495215F874084B3C4CD942470006
08493415F882084B3B4CD842380006
08491A15F885084B3D4CD842380007
08490615F87B084B3E4CD7423A0000
0848FD15F863084B3E4CD742320007
08490315F841084B3F4CD642440005
08491915F830084B3F4CD642420000
08493815F81B084B3F4CD642420000
08495315F80A084B404CD5423B0003
08496E15F7FF084B404CD542420000
08498715F7F5084B404CD5423E0006
08499915F7EB084B404CD542440000
0849A915F7E7084B424CD542510008
0849B715F7DD084B424CD442450001
0849C415F7DA084B424CD342470000
0849CB15F7DA084B434CD342490007
0849D015F7D6084B454CD34249000E
0849D715F7D6084B444CD242560003
0849DC15F7CF084B454CD242480005
0849E115F7D3084B454CD142510003
0849E415F7CF084B444CD042600006
0849E815F7CC084B484CD0425A0003
0849E815F7CC084B434CCF42560002
0849E815F7CC084B464CCE425E0002
0849EA15F7CF084B454CCE42620003
0849ED15F7CC084B474CCD425F0000
0849EA15F7CF084B464CCC42620009
0849EA15F7CC084B444CCC425A0006
0849E915F7D3084B444CCB425A0004
0849E815F7D6084B424CCB425A000B
0849E415F7D3084B464CCB42500006
0849E015F7CF084B444CCA4251000B
0849E215F7CF084B434CC9424A0003
0849E315F7CF084B444CC9424D0006
0849E415F7CC084B444CC9424D0007
0849E615F7C9084B434CC9424D0008
0849E815F7CC084B434CC942400000
0849E715F7CF084B424CC842490002
0849E715F7C9084B424CC8424B000A
0849E815F7CC084B434CC8424D0006
0849EA15F7C9084B434CC7424B0008
0849EC15F7C9084B424CC7423F0002
0849EA15F7C9084B414CC742460007
0849EB15F7C9084B414CC64243000B
0849ED15F7C5084B3E4CC5423E0003
0849EE15F7C9084B404CC542460008
0849ED15F7CC084B3E4CC442440003
0849EE15F7C9084B3F4CC4424B0005
0849EC15F7C9084B3F4CC4424F0003
0849EB15F7CC084B3C4CC3424C0003
0849EA15F7C9084B3F4CC3424B0004
0849E715F7CC084B3E4CC34253000C
0849E715F7C9084B3D4CC3424C000B
0849E915F7CC084B3C4CC242560000
0849E815F7C9084B3C4CC142530000
0849E615F7BE084B3A4CC1424C0007
0849E815F7B1084B3B4CC0424D0003
0849F115F795084B3A4CC04244000B
084A0015F776084B3A4CC04249000C
084A1815F757084B384CC0424B0006
084A3715F73F084B394CBF42430008
084A5715F727084B394CBF42430003
084A7615F705084B384CBE424B0003
084A9B15F6E3084B394CBE425B0006
084ABD15F6C0084B394CBD42560005
084ADD15F69B084B374CBD42640006
084B0415F671084B384CBD426B000A
084B3115F653084B374CBC427B0007
084B5C15F63E084B394CBB427C0006
084B8615F630084B384CBA429A0004
084BA715F626084B364CBA42AE0003
084BBF15F623084B364CBA42B90006
084BCF15F61C084B364CB942D60003
084BD815F611084B384CB842EB0007
084BE415F60B084B384CB84306000A
084BEA15F600084B394CB843200000
084BF315F5FA084B374CB843300007
084BFB15F5F6084B384CB743420006
084C0615F5F6084B384CB64351000C
084C0B15F5F9084B364CB643650008
084C1015F607084B374CB64389000A
084C0B15F61C084B364CB543980001
084C0015F634084B364CB543A50007
084BEE15F637084B384CB543B30002
084BDD15F637084B364CB543CA0008
084BD115F634084B384CB543D80004
084BCC15F62D084B394CB443E40005
084BCB15F634084B394CB443E50008
084BCB15F634084B3A4CB343EF0005
084BCB15F637084B3A4CB343FA0003
084BC715F63B084B394CB343FD0002
084BC515F63B084B3A4CB34401000C
084BC415F630084B3C4CB343FC0008
084BC515F623084B3A4CB244050005
084BCE15F60B084B394CB244050001
084BDA15F5F3084B3D4CB244050003
084BEE15F5E5084B3E4CB243FD0008
084C0415F5DB084B3E4CB243FA0008
084C1A15F5D4084B414CB144000004
084C2B15F5C9084B404CB143F80006
084C3315F5C3084B414CB043FA0005
084C3F15F5B8084B404CAF4401000A
084C4A15F5AE084B414CAF44090001
084C5715F5A7084B414CAE440C0006
084C6215F5A4084B434CAD440E0002
084C6B15F5A4084B424CAD441F0008
084C7015F5AE084B454CAC442C0000
084C7415F5BC084B444CAB442A0009
084C6E15F5C9084B434CAB443D0000
084C6315F5CD084B424CAA44370002
084C5815F5D4084B434CA944390001
084C4E15F5D0084B424CA944520000
084C4815F5D4084B434CA844590008
084C4315F5D4084B454CA844570000
084C4315F5DB084B424CA744590008
084C4015F5E1084B424CA744630004
084C3B15F5E1084B444CA644670003
084C3515F5E1084B434CA644640005
084C3015F5E1084B404CA64461000A
084C2D15F5E1084B424CA6446C0003
084C2915F5E5084B434CA644730009
084C2A15F5EF084B444CA5446C0006
084C2615F5F9084B444CA4445D0008
084C2115F607084B434CA4446A0008
084C1715F611084B424CA444610004
084C0C15F611084B434CA344690005
084C0015F615084B414CA3445D0006
084BFC15F61E084B424CA2446A0003
084BF515F630084B404CA244630000
084BEC15F648084B434CA2445B0006
084BD915F667084B424CA144660006
084BC215F689084B414CA044550002
084BA615F6AC084B404CA0444E0006
084B8215F6CE084B424C9F44530004
084B5B15F6EA084B414C9E44510006
084B3515F702084B404C9D44350004
084B0F15F71D084B414C9D443F0001
084AEC15F732084B424C9C441F0000
084ACF15F73F084B404C9C44100003
084AB615F74D084B414C9C43FF0003
084AA215F757084B414C9B43FE0001
084A9115F762084B414C9B43E10001
084A8315F768084B3F4C9A43C90003
084A7815F773084B414C9943BA0004
084A6915F77D084B414C99439F0003
084A5F15F784084B404C9843910004
084A5415F78B084B404C984379000A
084A4B15F792084B414C98435E0007
084A4315F799084B3F4C984348000A
084A3A15F79F084B414C98433B0003
084A3115F7A3084B434C9843320000
084A2915F7AA084B424C97432E000C
084A1F15F7AA084B434C97430A0000
084A1C15F7AD084B434C9742FF0007
084A1715F7AD084B414C9742EB0006
084A1615F7AD084B434C9642E10001
084A1415F7AF084B414C9642CB0007
084A1215F7B4084B434C9542BA0008
084A1015F7B4084B444C9542B5000A
084A0D15F7B7084B464C9442B2000B
084A0B15F7B7084B454C94429C0001
084A0A15F7B7084B464C94429B0004
084A0715F7B7084B474C9342930000
084A0515F7BB084B494C9342870006
084A0615F7BB084B494C92427F0003
084A0415F7B8084B494C914278000A
084A0115F7B7084B4A4C914270000A
084A0215F7B6084B4A4C91427C0003
084A0215F7B4084B4A4C9142760008
084A0715F7B4084B4B4C90426B0004
084A0815F7B4084B4C4C8F42630008
084A0915F7B4084B4B4C8F42670005
084A0915F7B7084B4E4C8F42620000
084A0915F7BB084B4B4C8E425A0003
084A0815F7BB084B4C4C8E42630003
084A0715F7BB084B4C4C8E4259000B
084A0815F7BB084B4C4C8D42610001
084A0915F7BE084B4C4C8C42620008
084A0615F7BE084B4D4C8C42630009
084A0315F7BB084B4D4C8B425F0002
084A0315F7BB084B4E4C8B4266000B
084A0215F7BE084B4E4C8B4260000A
084A0015F7BB084B4E4C8A42650007
084A0115F7BB084B504C8A425E0008
084A0115F7BB084B504C8A42580000
084A0115F7BB084B524C8942670003
084A0315F7BE084B514C89425A0004
084A0515F7BB084B504C8942580006
084A0315F7BE084B514C89425C0008
084A0315F7BE084B514C8942550007
084A0115F7BE084B504C89425F0000
084A0015F7BE084B4F4C8842640005
0849FF15F7C2084B504C88425D0009
0849FE15F7BE084B4D4C8742590006
0849FD15F7C5084B4B4C8742560006
0849F915F7C5084B4A4C8742490003
0849FA15F7C9084B484C87424D0008
0849F715F7C5084B484C87424B0006
0849F515F7C9084B474C8642400005
0849F415F7C9084B474C86424B0003
0849F315F7C5084B454C85424D0008
0849F115F7C5084B424C854249000A
0849F115F7C9084B414C84424B0008
0849EF15F7C9084B3E4C84424F0006
0849EE15F7C9084B3E4C8342550004
0849EF15F7CC084B3C4C8242500002
0849EF15F7C9084B3D4C8242520000
0849F015F7C5084B3C4C82424D0006
0849EF15F7CC084B394C8142470007
0849F015F7FC084B384C8142510006
0849E515F882084B394C8042480008
0849AF15F950084B374C7F42520009
08492615FA14084B354C7E424B0006
08485B15FA82084B364C7D42530009
08478D15FAAE084B354C7D42510008
0846EB15FABF084B334C7D42510003
08467C15FACA084B334C7C42530003
08463C15FACA084B344C7C42580002
08461915FAAE084B324C7B424C000C
08460815FA7B084B334C7B42540004
08461215FA51084B324C7B425C000A
08463915FA28084B334C7B42530001
08466F15F9FF084B324C7A42520007
0846A315F9CD084B344C7A4256000A
0846DB15F983084B314C794249000A
08471D15F92A084B334C7942510006
08476B15F8E9084B324C79424B000A
0847D015F8B2084B2F4C7842420002
08483215F88C084B324C7842400007
08488415F86D084B314C7842420008
0848C115F852084B324C78423D000A
0848F815F83D084B344C77423C0004
08491F15F830084B334C7742430005
08494215F822084B314C764242000A
08495F15F814084B324C7642420000
08497215F80D084B334C75424B0003
08498215F803084B334C75423D0008
08499215F7FF084B324C75423C0003
08499E15F7F9084B334C74423D0008
0849A715F7F9084B354C7442410007
0849AC15F7F2084B354C7442380008
0849B315F7EE084B344C7342400008
0849B915F7EB084B364C73423A0006
0849BD15F7EB084B364C7342330008
0849C015F7E7084B374C72423F0003
0849C315F7E7084B394C7242390006
0849C515F7E7084B394C714233000A
0849C815F7E4084B394C7142480007
0849CB15F7E1084B3A4C71423E0005
0849CF15F7DD084B3A4C7142400006
0849D115F7DD084B3B4C70423D0006
0849D715F7DD084B3A4C7042400002
0849D715F7DD084B3C4C6F42440004
0849D815F7E1084B3C4C6E424D0006
0849D815F7DA084B3B4C6E42410001
0849D915F7DA084B3E4C6E42480003
0849DA15F7D7084B3F4C6D424A0008
0849DA15F7D3084B414C6D42400007
0849DD15F7CC084B414C6D423B0008
0849E315F7CC084B3F4C6D423E0004
0849E715F7CC084B414C6D423D0007
0849E715F7CC084B444C6C423E0006
0849E815F7CC084B424C6C42400003
0849E915F7CC084B424C6C42440009
0849E915F7C9084B434C6B42490006
0849EB15F7C9084B434C6A42500006
0849EC15F7C9084B434C6A42410001
0849ED15F7C9084B454C6A424B000A
0849EE15F7C5084B464C69424E0003
0849EF15F7C9084B464C69424C0001
0849F015F7C9084B454C6842510006
0849F015F7C9084B474C674249000C
0849EF15F7C5084B484C6742520006
0849EF15F7C9084B494C67424E000A
0849EE15F7C9084B494C6642560003
0849EE15F7C9084B4A4C6542560003
0849ED15F7CC084B4A4C6542510007
0849EE15F7CC084B4B4C64424C0009
0849E915F7CC084B4D4C6442570006
0849E815F7CF084B4A4C6342550008
0849E715F7D6084B4B4C63424C0008
0849E415F7D6084B4A4C63424D0004
0849E215F7DA084B4A4C6242470003
0849DF15F7DA084B494C6242520008
0849DE15F7DA084B484C624247000C
0849DC15F7D3084B4B4C6242510008
0849DC15F7D3084B494C6142460005
0849DF15F7CF084B484C614253000B
0849E015F7D0084B494C60424C0007
0849E415F7CF084B484C60424D0006
0849E515F7CF084B494C60424B0005
0849E815F7CC084B444C5F42490006
0849E815F7C9084B464C5F424D0003
0849E915F7C9084B464C5F424A000A
0849EC15F7C5084B424C5F424D0009
0849F115F7C5084B444C5F42440006
0849F115F7BE084B434C5E42470006
0849F515F7BE084B404C5E42460006
0849F615F7C2084B444C5E42470006
0849F715F7BE084B434C5D42450006
0849F715F7BE084B3F4C5D424A000A
0849F715F7C2084B414C5C424B0001
0849F815F7C2084B3E4C5C424A0005
0849F715F7C5084B3F4C5B424D0006
0849F415F7C9084B3E4C5B42530000
0849F315F7C9084B404C5A424B0009
0849EE15F7CC084B3E4C5A424F000A
0849ED15F7CC084B404C59424F0003
0849EA15F7CF084B3F4C594249000B
0849E715F7CC084B3D4C58424F0003
0849E915F7CC084B3F4C5742560000
0849E715F7CF084B3E4C574254000A
0849E515F7CC084B404C5742550005
0849E615F7CC084B404C5742550003
0849E815F7C9084B3F4C56425C0005
0849E615F7C9084B3F4C5642510004
0849E815F7C9084B3F4C564253000B
0849EA15F7C9084B404C5642470006
0849EC15F7C5084B404C5542550008
0849EB15F7C9084B404C564255000C
0849EE15F7C8084B404C5542500006
0849ED15F7C5084B424C5542480000
0849EF15F7C9084B404C54424D0003
0849F015F7C5084B404C5342500002
0849ED15F7C9084B404C5442400004
0849ED15F7C5084B3F4C53424D0001
0849EB15F7C9084B404C5242530006
0849EC15F7C9084B3F4C5242540008
0849EC15F7C9084B414C5142470007
0849E915F7CC084B424C5042520006
0849EA15F7C9084B444C50424B000B
0849EC15F7C5084B444C50424D0006
0849EC15F7C9084B464C4E42530007
0849EC15F7C9084B464C4D42600008
0849ED15F7C5084B474C4D42580010
0849ED15F7C5084B494C4C425C000A
0849EE15F7C5084B484C4C42670006
0849EF15F7C5084B474C4B425A0001
0849F015F7C2084B4A4C4B4258000A
0849F015F7C2084B484C4B425E0003
0849F115F7C2084B484C4A425A0005
0849F115F7C5084B4A4C4A42620007
0849F015F7C9084B4A4C49425F0003
0849EF15F7C5084B494C49425D0008
0849EF15F7C9084B484C4942620003
0849EE15F7C5084B4A4C48425D0002
0849ED15F7C9084B4B4C4842580008
0849ED15F7C9084B4B4C4842550001
0849ED15F7C9084B4B4C4842510006
0849EB15F7D3084B4C4C47424B0006
0849E915F7DA084B4C4C4742520003
0849E115F7E2084B504C4642530006
0849D715F7E7084B4F4C46424F0007
0849CF15F7EE084B4D4C464251000B
0849C715F7EB084B4E4C4542580003
0849BF15F7EB084B4E4C4442510000
0849BC15F7E7084B514C44424E0001
0849BD15F7E4084B504C4442500009
0849C215F7DD084B504C4442550004
0849C715F7D6084B544C4342530006
0849CC15F7D3084B524C4242540004
0849D415F7D3084B504C4242570003
0849D715F7CF084B504C4142520005
0849DB15F7CF084B514C41425C0002
0849E115F7D3084B524C4142560004
0849E215F7D3084B534C4142570006
0849E115F7D6084B524C4042500006
0849DE15F7D6084B514C3F4255000A
0849DE15F7DA084B534C3F42550000
0849DB15F7DD084B544C3E42500002
0849D615F7E1084B544C3E424E0003
0849D415F7DD084B534C3E42520004
0849D315F7E1084B564C3E42510007
0849CF15F7E1084B564C3D42550003
0849CF15F7E1084B564C3D42500007
0849CC15F7DD084B554C3D4251000A
0849CC15F7D6084B554C3C424D0003
0849CF15F7D3084B564C3B42420003
0849D515F7CC084B564C3B42500009
0849D815F7C9084B524C3A42560009
0849DF15F7C5084B534C3A4253000A
0849E415F7C2084B544C3A4258000A
0849E915F7BE084B544C3942560001
0849EE15F7BE084B544C3842510004
0849F015F7BB084B544C38425F0008
0849F615F7BB084B534C384260000A
0849F915F7BE084B524C3842660006
0849F915F7BE084B524C3742620002
0849F815F7BE084B534C37426A0008
0849F615F7BE084B524C3642730006
0849F615F7C2084B524C36426A0008
0849F315F7C5084B524C36426A0004
0849F215F7C5084B524C35426B0003
0849F215F7C5084B4F4C35426D0004
0849EF15F7CC084B504C3442750009
0849EC15F7CF084B514C34427C0004
0849EA15F7CF084B514C34427C0007
0849EA15F7CF084B4E4C3342730000
0849E515F7D3084B4F4C3342730004
0849E415F7D3084B504C33426D000C
0849E315F7D6084B4D4C33426F0009
0849E115F7D6084B4C4C33426D0006
0849DF15F7D6084B4D4C3242780008
0849DF15F7DA084B4E4C32426F0003
0849DF15F7DA084B4A4C3142710000
0849DF15F7D6084B4A4C31426B0005
0849DE15F7D6084B4A4C3042680003
0849DA15F7D6084B4A4C3042620003
0849DD15F7D6084B4A4C2F42610004
0849DE15F7D6084B474C2F425A0001
0849DE15F7D3084B494C2F425B0005
0849DF15F7D3084B494C2E425D000B
0849E015F7CC084B484C2E4260000C
0849E415F7CC084B484C2D42590003
0849E715F7C9084B464C2D42560000
0849E915F7C8084B474C2C42570006
0849EB15F7C9084B474C2B42490005
0849EE15F7C5084B484C2A42530005
0849F115F7C2084B484C2A42530006
0849F015F7C2084B474C2A424A0009
0849F315F7B7084B464C29424E0006
0849F515F7B4084B484C29424F0002
0849FA15F7AA084B464C2942450006
084A0115F7A6084B454C2842560006
084A0615F7A3084B484C28424D0003
084A0F15F79F084B4A4C28424F0006
084A1615F79F084B4B4C2842590006
084A1B15F79C084B4B4C2742510006
084A1D15F792084B4B4C27425D0001
084A2115F78E084B4B4C264254000A
084A2915F78E084B4A4C26425C0008
084A2C15F78B084B4A4C26426F0008
084A3015F78B084B4B4C2642620007
084A3315F78B084B4A4C26425A0006
084A3515F78B084B494C26426F0002
084A3615F787084B484C26426B0006
084A3715F787084B494C2642770001
084A3815F781084B474C2542780005
084A3C15F77D084B484C25427C000E
084A3D15F776084B464C2542730005
084A4415F773084B454C244273000A
084A4C15F773084B474C23427E0006
084A4F15F77A084B424C23427E0004
084A5115F77D084B454C2342790004
084A4D15F784084B454C2242800006
084A4915F78F084B454C22427E0001
084A4115F79C084B464C2142810005
084A3915F7A6084B454C21428D0008
084A2C15F7B1084B454C2142870001
084A2015F7B7084B464C20428D0006
084A1215F7BB084B444C1F429C0004
084A0915F7BB084B454C1F42960009
084A0215F7BE084B464C1E42920003
0849FE15F7C2084B454C1E42970005
0849FA15F7C5084B464C1E42970004
0849F715F7C5084B474C1D42A00007
0849F115F7C9084B474C1D429B000A
0849EF15F7CC084B484C1C429A0007
0849EC15F7CC084B494C1B429C0003
0849E915F7CC084B4A4C1B429A0005
0849E615F7CF084B4A4C1B42960004
0849E515F7CC084B4C4C1A42960005
0849E415F7CC084B4A4C1A42980003
0849E515F7CC084B4D4C1A428D0003
0849E615F7CC084B4D4C19428D0006
0849E715F7CC084B4E4C19428B000A
0849E715F7CC084B514C19428C0000
0849E915F7CF084B524C194292000C
0849E915F7C9084B534C18428C0001
0849EA15F7C5084B514C17428A0009
0849ED15F7C2084B534C1742880009
0849ED15F7C2084B534C1742830006
0849F315F7C2084B534C1642830006
0849F615F7C2084B544C1642890009
0849FA15F7B7084B544C16427E0007
0849FD15F7B4084B544C1642790003
0849FE15F7B7084B564C1542810001
084A0015F7B6084B534C1542730004
0849FF15F7BB084B554C14426E0003
084A0015F7BE084B574C1442690006
0849FF15F7C5084B564C1342650006
0849FB15F7CC084B544C1342680008
0849F715F7CF084B544C1242660006
0849F215F7CF084B584C1242650004
0849F015F7D6084B574C1242650007
0849ED15F7D3084B584C12426B0003
0849EB15F7D3084B584C1142670007
0849E715F7D6084B574C11426D0003
0849E515F7D6084B574C10425E0000
0849E415F7DA084B574C10425F0005
0849E315F7DA084B584C1042450006
0849E215F7D6084B584C10424D0000
0849E215F7DA084B564C0F42520001
0849E015F7DA084B574C0E42410007
0849DF15F7DA084B564C0E42430007
0849E015F7DA084B564C0E42470002
0849E015F7DA084B574C0D423C0003
0849DF15F7DA084B574C0D4242000A
0849DF15F7DA084B554C0D423C000C
0849E015F7DA084B574C0D42430003
0849E115F7D6084B544C0C423E0009
0849DF15F7D6084B574C0B42390003
0849E015F7DA084B574C0B42350004
0849E015F7DA084B554C0B42330006
0849DF15F7DA084B534C0A42390005
0849E015F7DA084B554C0A42340008
0849DF15F7DA084B554C0942380006
0849E115F7D6084B544C0942390000
0849DF15F7D6084B534C09422B0009
0849DE15F7DA084B554C0942370008
0849DF15F7DA084B534C084235000A
0849DF15F7DA084B524C0842260006
0849DE15F7DA084B534C07422B0003
0849E015F7DA084B534C0642330003
0849DD15F7DA084B524C06422D0003
0849DE15F7D6084B524C0542290006
0849E015F7D6084B514C05422B0008
0849E115F7D6084B504C0442270001
0849E315F7D6084B504C0442380000
0849E215F7D3084B4F4C04422C0007
0849E315F7D3084B4F4C0342380006
0849E315F7D3084B4D4C0342310008
0849E315F7D3084B4F4C0342310003
0849E615F7CF084B4F4C0242330008
0849E715F7CF084B504C0142340007
0849E815F7CC084B4E4C0142310009
0849EA15F7C9084B504C0142310009
0849EB15F7CC084B4F4C00422F0003
0849EC15F7C9084B504C0042390008
0849ED15F7CC084B504C00423A0005
0849EE15F7C9084B514C0042350008
0849EF15F7CC084B504BFF423F000A
0849EE15F7C9084B4F4BFF42330000
0849ED15F7CC084B524BFF423E0000
0849EB15F7CC084B524BFF423D0008
0849ED15F7C9084B4F4BFF423C0006
0849EB15F7CF084B504BFE42340007
0849EA15F7CF084B504BFE42370001
0849EA15F7CF084B504BFE423E0007
0849EA15F7CC084B524BFD42360003
0849E815F7D0084B524BFD423E0003
0849E815F7CC084B524BFC423A0006
0849E515F7CC084B534BFC423E0003
0849E415F7CF084B514BFC42360001
0849E415F7CF084B564BFB42390005
0849E315F7CC084B544BFA42400007
0849E315F7CC084B534BFA42350004
0849E615F7CC084B554BFA42410000
0849E715F7C9084B574BFA4233000B
0849E815F7CC084B554BF9423A0006
0849E815F7C5084B574BF942360005
0849ED15F7C5084B554BF842400002
0849F015F7C2084B564BF8424C0003
0849F115F7C2084B544BF7424A0004
0849F215F7C2084B544BF742430007
0849F015F7C5084B554BF64253000A
0849F615F7C5084B534BF6424B0009
0849F515F7C9084B524BF6424F0004
0849F415F7C5084B534BF642550006
0849EF15F7C9084B4F4BF642580001
0849EF15F7C9084B504BF6424F0003
0849EF15F7C9084B4F4BF542540008
0849ED15F7CC084B4F4BF5425E0003
0849ED15F7CC084B4B4BF4424D000E
0849EC15F7C9084B4C4BF442530005
0849EA15F7CC084B4B4BF3424A0006
0849EC15F7C9084B4C4BF3424C0004
0849ED15F7CF084B4B4BF342490006
0849EB15F7C9084B494BF242510009
0849EC15F7CC084B494BF242590006
0849EC15F7C9084B484BF242520007
0849EC15F7C9084B464BF2424D0008
0849ED15F7C8084B474BF1424D0005
0849F015F7C9084B464BF142510006
0849F015F7C5084B474BF0424B0008
0849F015F7C5084B454BF042530009
0849F115F7C5084B474BEF42510008
0849F115F7C5084B464BEF42560005
0849F015F7C9084B494BEE42490004
0849F115F7C5084B474BEE42510006
0849EF15F7C5084B484BEE42560004
0849F115F7C5084B474BED424B0005
0849EF15F7C9084B494BEC424D0008
0849F015F7C9084B4A4BEC42540006
0849ED15F7C9084B4A4BEC42490003
0849EF15F7C9084B4C4BEB42550006
0849EC15F7CF084B4C4BEB424F0006
0849EA15F7D3084B494BEB424D0003
0849E815F7DA084B4C4BEA42500004
0849E215F7E1084B4D4BEA42470002
0849D915F7E7084B4E4BE942500009
0849D115F7F2084B4F4BE842520001
0849C715F7F5084B4E4BE842550008
0849C215F7F5084B504BE8424F0003
0849B815F7F2084B4F4BE742510000
0849B615F7EE084B514BE7424D0003
0849B615F7EB084B534BE7424C0006
0849B815F7E7084B524BE742540001
0849BD15F7E4084B544BE642560008
0849C115F7E1084B554BE6424B0005
0849C515F7DD084B554BE642490006
0849CC15F7DA084B554BE5424D000B
0849D215F7DA084B564BE542530006
0849D715F7D6084B554BE5425A0008
0849DB15F7D3084B564BE4424E000C
0849DC15F7CF084B554BE442400001
0849DF15F7CF084B544BE442490007
0849E415F7CC084B564BE44251000B
0849E415F7D3084B544BE442490003
0849E615F7D3084B534BE342430003
0849E515F7D3084B514BE342490008
0849E515F7D3084B514BE242430004
0849E515F7CF084B514BE242480000
0849E515F7CC084B504BE142440001
0849E515F7CC084B504BE14251000C
0849E815F7C5084B4F4BE042520007
0849EB15F7C5084B4D4BE042440000
0849EF15F7C2084B4D4BE042520005
0849EF15F7C5084B4C4BDF424D0009
0849F115F7C5084B4C4BDE424B0005
0849F215F7C2084B4B4BDE424A0009
0849F115F7C2084B4E4BDD42580005
0849F315F7C5084B4B4BDC42520007
0849F315F7C5084B4A4BDC42520003
0849F415F7C5084B4C4BDC42490006
0849F515F7C2084B4D4BDC424C0008
0849F515F7BE084B4C4BDC424E0000
0849F715F7BB084B4A4BDB424B0006
0849FC15F7AD084B4A4BDB4251000A
084A0115F795084B4B4BDB42470000
084A0C15F77A084B4B4BDB424C000B
084A1F15F765084B494BDB42470008
084A3815F754084B494BDA424B0003
084A5015F750084B4C4BDA424B0001
084A6215F754084B4C4BD942520006
084A7015F75C084B4C4BD942590000
084A7615F762084B4C4BD942560004
084A7315F762084B4E4BD9425F0001
084A7015F765084B4F4BD842660005
084A6D15F75E084B4F4BD842680003
084A6E15F75E084B504BD7427D0003
084A6F15F757084B534BD642770003
084A7315F750084B524BD6427E000A
084A7415F746084B554BD642890006
084A7B15F743084B544BD542890005
084A8215F738084B564BD5428B0008
084A8915F732084B564BD442890001
084A9315F72B084B584BD442910005
084A9A15F727084B594BD442920000
084AA215F720084B5A4BD3429A0007
084AA915F716084B5A4BD3428D000A
084AB315F6FE084B5C4BD3429C000B
084AC015F6ED084B5B4BD3429F000A
084AD315F6D8084B5D4BD242A80005
084AEA15F6C7084B5E4BD242B70002
084B0115F6B6084B604BD242B80001
084B1415F6A8084B604BD242BF0006
084B2715F69E084B624BD242C80006
084B3815F697084B634BD242D90008
084B4415F690084B654BD142D80002
084B5015F690084B644BD142EA0003
084B5C15F690084B644BD042F20005
084B6215F694084B644BD042FB0003
084B6415F697084B664BCF430C0003
084B6315F69D084B654BCF431B0005
084B5E15F6A2084B634BCF432B000A
084B5A15F6AC084B624BCF43310001
084B5315F6B3084B604BCE43390006
084B4B15F6B6084B624BCE4348000A
084B4615F6C0084B624BCE434A0002
084B3E15F6C4084B604BCE435B0005
084B3815F6C4084B604BCE4362000A
084B3115F6C7084B5F4BCD43680002
084B2D15F6C7084B5D4BCC43620009
084B2B15F6CB084B5C4BCD43610004
084B2715F6D2084B5D4BCD43620002
084B2215F6D2084B594BCD43620008
084B2015F6CB084B5A4BCD435B0001
084B2015F6C7084B594BCD435C0004
084B2215F6BD084B574BCD43590005
084B2615F6AF084B554BCD43620004
084B2E15F6A8084B544BCC43530007
084B3A15F69E084B534BCC4351000B
084B4415F694084B524BCD435A0003
084B4E15F690084B524BCB43530006
084B5815F690084B534BCB43510002
084B6015F694084B4F4BCB435B0008
084B6315F697084B4F4BCA43550006
084B6215F6A2084B4E4BCA43570001
084B5E15F6A8084B4D4BCA43560004
084B5715F6B6084B4C4BC943620007
084B4E15F6BD084B4C4BC843590004
084B4215F6C4084B4C4BC843500004
084B3815F6CB084B4B4BC7435B0008
084B2E15F6D2084B4B4BC7434A0003
084B2815F6D2084B4A4BC6435A0009
084B2115F6D5084B4B4BC543600004
084B1A15F6D8084B4A4BC54359000A
084B1915F6D8084B4A4BC443540007
084B1715F6DC084B4B4BC34357000A
084B1115F6DF084B4C4BC343510008
084B1015F6D8084B4A4BC3435F0008
084B0F15F6D2084B4B4BC243460008
084B1315F6CE084B4C4BC2434A0003
084B1615F6C4084B4B4BC2434A0006
084B1D15F6BA084B4B4BC1434A0008
084B2415F6A8084B4D4BC14340000E
084B3115F697084B4A4BC143400005
084B4015F686084B4C4BC1433F000B
084B5315F678084B4C4BC143400009
084B6415F66B084B4C4BC0433E0003
084B7715F65D084B4C4BC043420005
084B8A15F653084B4D4BC043380003
084B9815F648084B4A4BBF433E0006
084BA715F63E084B4F4BBF43450004
084BB415F634084B4D4BBF43420008
084BC215F634084B4F4BBF434D000C
084BCB15F630084B4E4BBE43490008
084BD315F62D084B4F4BBE43620002
084BD415F630084B504BBD436B0007
084BD715F630084B514BBD436C0003
084BD815F63E084B514BBC43800007
084BD515F656084B514BBB43890004
084BCA15F678084B534BBB43A00003
084BB415F694084B544BBA43980006
084B9515F6AF084B544BBA43A50004
084B7515F6C4084B574BB943B60007
084B5515F6D5084B584BB943B40008
084B3B15F6E3084B564BB943B60007
084B2615F6F0084B574BB843BC0006
084B1315F6FE084B594BB843AF0009
084B0215F716084B594BB743B50003
084AED15F732084B5B4BB6439E0004
084AD515F74A084B5C4BB6439C0006
084ABB15F75E084B5A4BB643A10001
084A9E15F773084B5D4BB6438D0005
084A8215F77A084B5C4BB643910003
084A6A15F787084B5F4BB6437A0008
084A5915F78E084B634BB6436B0006
084A4B15F792084B604BB6436A0006
084A3F15F78E084B634BB643550007
084A3915F787084B654BB643510009
084A3915F776084B644BB5433E0008
084A4115F765084B654BB5432C0008
084A4F15F757084B664BB442FE000C
084A6115F754084B654BB4430A0003
084A6D15F75E084B684BB442F40009
084A7215F76C084B684BB442E60007
084A6F15F779084B6A4BB442E10007
084A6615F784084B6A4BB442D70006
084A5C15F78E084B694BB442C6000A
084A5115F795084B694BB342CC0003
084A4515F795084B6B4BB342C60002
084A3B15F799084B6A4BB342C6000C
084A3515F78E084B694BB242BD0007
084A3215F781084B694BB242BD0001
084A3515F768084B694BB142BE0002
084A4415F750084B674BB042AA0005
084A5C15F73F084B654BB042A60006
084A7115F732084B664BAF429C0000
084A8615F727084B654BB042A00006
084A9815F720084B614BAF429F0005
084AA815F71A084B604BAF42960005
084AB515F713084B5E4BAF429E0006
084ABE15F70C084B5D4BAE42960006
084AC515F702084B5C4BAE42A8000A
084AD015F6FB084B5C4BAD42AD0004
084AD915F6F7084B5C4BAD42B00005
084ADF15F6F4084B5A4BAD42BF0003
084AE615F6F4084B5C4BAC42BF0007
084AEB15F6F4084B5C4BAC42BB0009
084AF115F6F4084B584BAD42CE0005
084AF215F6F4084B584BAC42DB0008
084AF015F6F4084B594BAC42DF0005
084AF115F6FB084B564BAB42F00003
084AF015F6FB084B584BAB42F20000
084AEE15F6F7084B564BAA42FB0005
084AED15F6F4084B584BAA43010006
084AEE15F6F0084B574BA943080006
084AEE15F6ED084B584BA84307000A
084AF015F6F0084B584BA843090003
084AF315F6F0084B564BA843000008
084AF415F6F4084B5A4BA843010008
084AF315F6F0084B594BA742F8000A
084AF215F6F0084B5A4BA643070004
084AF115F6F0084B5A4BA64309000A
084AF415F6F0084B5B4BA543050006
084AF515F6F0084B5B4BA442F60006
084AF515F6F7084B594BA443030007
084AF315F702084B584BA442FF0003
084AED15F70F084B594BA343070009
084AE415F716084B584BA342FF0003
084ADA15F71A084B584BA342FA0006
084AD015F724084B564BA343010008
084AC515F732084B564BA343030005
084ABE15F73C084B554BA342FD0001
084AB015F743084B524BA242F90008
084AA215F74D084B544BA243020006
084A9515F754084B534BA142FB0008
084A8B15F75B084B514BA143040008
084A8315F765084B504BA042FD000B
084A7715F768084B534BA043010000
084A6D15F768084B514B9F4302000C
084A6715F765084B534B9F42F00006
084A6515F765084B504B9E42EB000C
084A6415F76C084B504B9F42DC0005
084A6315F773084B514B9E42E30003
084A5D15F77D084B524B9E42DF0003
084A5A15F780084B534B9E42D6000A
084A5115F787084B534B9D42DA0006
084A4A15F78B084B514B9C42C90003
084A4115F78E084B524B9C42CD0005
084A3D15F78B084B544B9C42C4000B
084A3915F781084B544B9C42BE0004
084A3915F76F084B534B9C42C30007
084A4115F75E084B574B9B42B7000A
084A5015F746084B554B9B42B40007
084A6415F732084B554B9B42B70008
084A7A15F727084B554B9B42A5000A
084A9115F716084B564B9B42A60005
084AA615F70C084B584B9B42A00005
084AB815F705084B574B9A42A60004
084AC715F705084B564B9942A30004
084AD315F705084B564B9942A90008
084AD715F70C084B584B9842AC0005
084ADA15F713084B574B9842AE0006
084AD515F716084B564B9742B80001
084AD215F713084B574B9742C50001
084ACF15F70C084B574B9742D40005
084AD215F713084B564B9642CC000A
084AD115F720084B554B9642D60006
084ACD15F72B084B574B9642E10006
084AC315F732084B594B9642EC0005
084AB615F73C084B594B9642EB0006
084AAC15F746084B574B9642F50003
084AA215F750084B5A4B9542F30004
084A9515F75B084B5A4B9542FD000A
084A8915F765084B594B9542F00005
084A7C15F76A084B5A4B9542E5000A
084A6F15F773084B594B9542F40006
084A6515F776084B594B9642F70006
084A5E15F773084B5B4B9542E8000A
084A5815F776084B594B9542EE000B
084A5615F76F084B5A4B9542E80004
084A5615F765084B5B4B9542E50003
084A5915F768084B5A4B9542D90008
084A5F15F765084B5E4B9442D40006
084A6115F768084B5B4B9442C90007
084A6215F765084B5E4B9442CC0003
084A6215F75B084B5E4B9342C60005
084A6415F757084B5E4B9342B00006
084A6C15F754084B5E4B9342B20008
084A6F15F754084B614B9242B00005
084A7615F754084B604B9242AB0006
084A7B15F75B084B5F4B9242A5000A
084A7A15F75E084B5E4B9142A80002
084A7815F762084B5E4B9042B00005
084A7115F762084B5E4B9042B20002
084A6E15F75B084B5F4B9042AE0007
084A6F15F757084B614B8F42A50001
084A7015F754084B614B8F42B0000A
084A7115F757084B614B8E42B40008
084A7315F75B084B614B8E42B60001
084A7015F762084B624B8E42AE0002
084A6D15F765084B634B8D42B60006
084A6715F768084B5F4B8D42B8000C
084A6315F765084B624B8C42B00005
084A6115F765084B614B8C42AF0001
084A6015F767084B604B8B42BD0003
084A6015F76C084B614B8B42AE0003
084A5C15F76F084B604B8A42B00007
084A5A15F76C084B604B8A42B40001
084A5815F768084B5E4B8942A90007
084A5815F765084B5E4B8942B00002
084A5915F762084B5D4B8942A1000A
084A5D15F75E084B5D4B8842A80006
084A6215F75B084B5A4B8842A70004
084A6515F757084B5B4B8742A3000A
084A6915F757084B5B4B87429E0000
084A6C15F754084B594B86429B0008
084A6F15F750084B584B8642A0000A
084A7215F74D084B584B8542AB0007
084A7515F74D084B554B8542A90007
084A7615F750084B544B8542AF000C
084A7915F754084B554B8542B00007
084A7A15F754084B554B8442B70005
084A7815F754084B544B8442B20003
084A7615F754084B524B8442BF0003
084A7715F754084B534B8442BD0007
084A7615F754084B524B8442B60006
084A7515F750084B524B8342C50007
084A7615F74A084B524B8342C70009
084A7915F743084B534B8342BF0008
084A7D15F73C084B524B8342BF0009
084A8515F73C084B544B8242C10004
084A8915F73C084B524B8242BB0005
084A8D15F73C084B514B8242CA0003
084A8E15F73F084B534B8242C10006
084A9015F73C084B524B8242CA0007
084A8E15F73C084B534B8142B9000C
084A8D15F73C084B534B8042C3000A
084A9015F73C084B524B8042C3000A
084A9015F73F084B534B7F42C50002
084A8E15F746084B524B7F42C30002
084A8C15F74A084B524B7E42BD0005
084A8615F74D084B544B7E42C3000A
084A8115F74D084B524B7E42BF0008
084A7F15F750084B574B7E42BA0005
084A7A15F754084B544B7D42B90003
084A7815F754084B554B7D42C30006
084A7415F750084B544B7D42B60005
084A7415F74D084B564B7C42B60006
084A7615F73F084B574B7B42B80003
084A7A15F738084B594B7B42B50003
084A8315F735084B564B7A42AE0006
084A8B15F735084B594B7A42B40008
084A9115F738084B574B7A42AD0005
084A9215F738084B584B7A42B40008
084A9315F738084B574B7A42AF0002
084A9015F73F084B584B7942B60006
084A8F15F73F084B5B4B7842CC0003
084A8C15F743084B5A4B7842BF0005
084A8915F74A084B594B7842BA0007
084A8615F754084B5A4B7742CB0008
084A7E15F757084B594B7742C60008
084A7A15F75E084B5A4B7742D20003
084A7315F765084B5C4B7742CC0000
084A6A15F76F084B5B4B7742D30004
084A6115F776084B5B4B7742D20005
084A5715F77D084B5A4B7742DB0008
084A4B15F77A084B5A4B7642D80005
084A4615F773084B5A4B7642CC0008
084A4315F76F084B584B7642CA000A
084A4715F762084B584B7542C70006
084A4E15F762084B574B7542C3000C
084A5715F75B084B574B7542C40001
084A5C15F75B084B554B7442C90008
084A6315F75B084B544B7542C30007
084A6715F757084B554B7442C10006
084A6915F754084B554B7442B70005
084A6A15F750084B564B7342A7000C
084A6E15F74D084B554B7342A60008
084A7115F750084B564B7342A80001
084A7315F755084B564B7242A00006
084A7015F75E084B574B72429C0002
084A6D15F762084B584B7242AC0006
084A6815F75E084B564B7242AA000A
084A6715F75B084B554B7242B10003
084A6315F75B084B584B7242B20006
084A6415F75E084B574B7242B30004
084A6515F75B084B594B7242B20006
084A6315F765084B574B7142B40008
084A6415F762084B574B7242A30006
084A6315F768084B584B7242B20006
084A6015F76C084B5A4B7142AE0008
084A5C15F76F084B5A4B7042B60004
084A5615F77A084B574B7042AC0007
084A4F15F781084B564B7042B50008
084A4815F784084B594B7042AE0008
084A4115F78B084B584B7042AA0008
084A3915F78E084B584B6F42AF0006
084A3315F795084B574B6E42AC000A
084A2D15F79C084B584B6E42B30009
084A2715F7A3084B5A4B6E42A50006
084A1D15F7B1084B574B6D42B00004
084A1315F7BB084B5A4B6D429F0003
084A0615F7C2084B574B6C42A50006
0849FE15F7C9084B5C4B6B429B0006
0849F415F7C9084B594B6B42A20001
0849ED15F7C5084B5B4B6A429A000B
0849E915F7C2084B594B69429F000A
0849EA15F7C2084B5C4B6942960003
0849EB15F7C5084B5A4B6842910007
0849EA15F7C5084B5A4B68428D0003
0849EC15F7C5084B5B4B6842890006
0849E815F7C5084B5C4B6842800001
0849E715F7C9084B594B6742830006
0849E515F7C5084B5B4B6742810001
0849E515F7C9084B574B67427C0004
0849E415F7C9084B574B66427A0006
0849E215F7CC084B564B6642790003
0849DF15F7C9084B564B66426D0006
0849DF15F7CC084B564B664266000D
0849DE15F7C9084B544B67426C0004
0849DE15F7C5084B544B66426B0006
0849E115F7C5084B534B6642760008
0849E515F7BE084B544B6642650008
0849E915F7BB084B564B6642670003
0849EA15F7B7084B544B664267000B
0849ED15F7B4084B544B6542690006
0849F015F7BB084B534B64426D0006
0849F015F7BB084B574B6442680006
0849F115F7BB084B554B64426B0008
0849ED15F7BE084B554B63425F0006
0849EF15F7BE084B564B62425E0003
0849EE15F7C2084B554B62426A0005
0849EC15F7C5084B544B6142630004
0849EA15F7CC084B564B6142620008
0849E515F7CC084B554B6142760003
0849E215F7D3084B564B60426D0008
0849DC15F7D6084B554B60426D000A
0849D615F7DA084B564B5F42690004
0849D315F7DD084B574B5E42650007
0849CE15F7E1084B594B5E42700005
0849CA15F7E1084B574B5E42700004
0849C615F7E9084B574B5E42740003
0849C215F7EE084B584B5D42690009
0849BD15F7F5084B584B5D42650003
0849B815F7F9084B584B5D42660006
0849B215F7FC084B564B5D42600008
0849AE15F7F9084B594B5D42620006
0849AB15F7FC084B594B5D42670008
0849A915F7F9084B594B5D42560004
0849A915F7FC084B5B4B5C424F0009
0849A815F7FC084B5B4B5C42560001
0849A915F7FF084B5B4B5B42530008
0849A615F7FF084B5D4B5C42500003
0849A415F7FC084B5E4B5B424E0002
0849A315F7FC084B5E4B5C424B0005
0849A515F7F9084B5E4B5B424B0007
0849A815F7F9084B5D4B5C424A000B
0849A915F7F9084B5E4B5B42470003
0849A915F7F9084B604B5A424A0004
0849A815F7FC084B604B5A424D0003
0849A815F7F9084B604B5A424C0005
0849A715F7F9084B5F4B5A42430006
0849A715F7F9084B634B59423C0006
0849A715F7FC084B624B59423C0007
0849A715F7FC084B624B58423F0005
0849A515F7FF084B634B5842410003
0849A415F803084B654B5842490007
0849A115F806084B644B58423E0008
08499F15F80D084B644B56423A0009
08499915F814084B664B56423E0008
08499615F814084B664B5542380007
08499115F81B084B654B54423C0004
08498D15F822084B664B5442410005
08498615F829084B674B5442400001
08498015F835084B684B53423F0006
08497715F83D084B6A4B53422F0003
08496C15F848084B694B52422D0002
08496115F855084B694B5242290008
08495215F863084B6A4B51422A0000
08494615F874084B694B5042140005
08493715F87E084B6B4B5142260008
08492615F885084B6A4B5142130006
08491A15F882084B6B4B504208000C
08490F15F874084B6A4B51420A0008
08490F15F860084B6A4B514204000C
08491A15F844084B6A4B5142040003
08492A15F82C084B6A4B5141FF000A
08494115F818084B6C4B5141FB0004
08495815F803084B6D4B5041F20002
08497215F7EE084B6C4B5041DD0003
08498E15F7E4084B6C4B5041E20005
0849A315F7DA084B6D4B5141D50005
0849B415F7D3084B6D4B5141DD0005
0849C115F7CC084B6C4B5141E2000B
0849CF15F7C5084B6F4B5141E00008
0849DA15F7C2084B704B5141E80007
0849E415F7BB084B6E4B5041F90004
0849EC15F7B4084B6F4B4F41F80008
0849F315F7B1084B6E4B4F42030007
0849F615F7B7084B6E4B4E42150009
0849F815F7BB084B6E4B4D42050006
0849F615F7B7084B6C4B4D421C0003
0849F515F7B4084B6B4B4D42270006
0849F415F7B1084B6F4B4D42250009
0849F715F7B4084B6D4B4C42350007
0849FB15F7B4084B694B4C42410003
0849FB15F7B6084B6A4B4B4242000B
0849FA15F7B4084B674B4B424B0006
0849FA15F7B7084B674B4A42480000
0849F915F7B7084B664B4942560003
0849FA15F7B7084B664B4A42580008
0849F815F7B4084B614B49425C0009
0849F815F7B4084B634B49425C0000
0849F915F7B4084B604B4942620007
0849F915F7B4084B5E4B4942690006
0849F915F7B7084B5D4B4842760008
0849FA15F7B4084B5D4B48426F0007
0849F715F7B4084B5A4B48426A0003
0849F715F7B4084B5A4B48426B0008
0849F915F7B7084B5A4B4742720005
0849F715F7BB084B584B4742730006
0849F515F7BE084B5A4B4642720003
0849F315F7BB084B574B47426D000A
0849F315F7B7084B594B4742640007
0849F315F7B1084B594B4642680008
0849F815F7AD084B594B4542760001
0849FB15F7A6084B594B4442700006
084A0015F79C084B574B44427A0008
084A0715F795084B584B434270000C
084A1015F78E084B584B43426D0008
084A1B15F77D084B594B4342850001
084A2615F773084B584B4342750005
084A3315F76F084B574B43427C0003
084A3F15F76C084B574B4342780005
084A4815F768084B5A4B4242820009
084A4C15F768084B584B4242800006
084A4F15F768084B584B42428A0000
084A5315F76A084B584B414281000A
084A5415F773084B594B4042880005
084A5115F77A084B594B3F42870002
084A4D15F781084B5A4B3F42990000
084A4715F78B084B594B3F42920005
084A3C15F795084B5A4B3F42920006
084A3315F79F084B5A4B3F42960007
084A2715F7AA084B5C4B3F429E0001
084A1915F7BB084B5D4B3E429D0008
084A0C15F7C9084B5D4B3E429D0008
0849FC15F7DD084B5C4B3D42A40003
0849EB15F7EE084B5C4B3C42A00004
0849D715F806084B5E4B3C42900009
0849C015F818084B5C4B3B429F0006
0849AA15F825084B5E4B3B42A2000B
08499415F830084B5E4B3B42980008
08498415F83A084B5F4B3C4290000A
08497415F848084B604B3B42920009
08496615F855084B5F4B3C428D0006
08495715F860084B604B3C42810002
08494915F866084B634B3C426A000B
08493C15F86D084B624B3B426F0007
08493315F874084B644B3B42670008
08492915F87B084B624B3A4253000C
08492115F885084B614B3A423F0006
08491715F893084B654B3942380000
08490D15F8A8084B654B3A422D0003
0848FD15F8B5084B654B3A42170008
0848EE15F8C3084B664B39420A0000
0848DD15F8CA084B654B3942040008
0848CD15F8D1084B674B3941F40006
0848C015F8D8084B664B3841E40001
0848B415F8DB084B684B3741DD0006
0848AA15F8DF084B6A4B3741CC0006
0848A415F8D8084B694B3541C80008
0848A215F8D4084B6C4B3541BD0005
0848A615F8CD084B6C4B3541B00001
0848A915F8C3084B6B4B3441A10009
0848B015F8B9084B6D4B34419B0006
0848B915F8B2084B6D4B3341920006
0848C215F8AF084B6D4B324187000A
0848C815F8AB084B6C4B31418D0007
0848D015F8AF084B6D4B3041880007
0848D415F8AF084B6D4B2F417D0009
0848D415F8B2084B6D4B2F41760008
0848D215F8B9084B6E4B2E4169000A
0848CF15F8B9084B704B2E416A0006
0848CD15F8C0084B704B2E41690002
0848C715F8BC084B704B2D41600008
0848C715F8B9084B704B2C41680005
0848C615F8B9084B704B2C416E0004
0848C615F8B9084B714B2C41680007
0848C615F8BC084B714B2B416E0008
0848C815F8BC084B724B2B41690000
0848C615F8B9084B734B2B4161000A
0848C915F8B2084B724B2B416C000A
0848CA15F8B2084B714B2B416C000A
0848CD15F8B2084B754B2D41670002
0848CF15F8AF084B724B2E41670006
0848D115F8AB084B754B2D416E0008
0848D615F8A4084B734B2D4170000E
0848D815F8A4084B744B2D41720005
0848DC15F8A8084B764B2D41720006
0848E015F8A4084B754B2D41750006
0848E015F8A1084B754B2D41770002
0848E115F8A1084B774B2D41700003
0848E315F89D084B784B2D4183000A
0848E415F8A1084B774B2D417B0000
0848E715F8A1084B774B2D417E0000
0848E715F8A1084B774B2C41820007
0848E715F8A1084B774B2C417D0002
0848E915F8A1084B784B2C41810006
0848E615F8A4084B764B2B417F0007
0848E215F8A8084B784B2941830001
0848E115F8AB084B784B2841870002
0848E015F8AB084B764B284186000A
0848DE15F8AF084B764B2841850009
0848DC15F8B2084B784B27417F0007
0848D815F8B2084B754B2641860007
0848D415F8B5084B754B2641880008
0848D015F8B9084B754B25418E0005
0848CF15F8B5084B734B2541890006
0848CF15F8B2084B734B24418E0007
0848CE15F8AB084B724B23418A0004
0848D215F8A8084B6F4B2241910008
0848D415F8A4084B6E4B2241850008
0848D815F8A4084B6C4B21418C000C
0848DA15F8A4084B6C4B1F4183000B
0848DC15F8A1084B684B1F4188000B
0848DE15F8A1084B684B1F4182000A
0848DF15F8A4084B694B1E41840006
0848DF15F8A1084B674B1E41860003
0848DF15F8A4084B644B1C418E0008
0848DD15F8AF084B634B1E41910002
0848D915F8B9084B634B1E418A0004
0848D315F8C7084B614B1F41920004
0848C915F8D4084B614B1F418C0009
0848BB15F8E5084B624B1E41890006
0848A915F8EC084B624B1E418A0009
08489915F8F3084B5F4B1D418D0009
08488D15F8F3084B604B1E41970006
08488415F8F3084B5E4B1D419D0002
08487E15F8F0084B5F4B1E4198000A
08487C15F8F0084B5F4B1F418F0006
08487D15F8E9084B5D4B1E41910003
08487F15F8E6084B5F4B1E418F0006
08488315F8E2084B604B1E41850005
08488715F8DF084B5F4B1F41940003
08488C15F8E2084B5C4B1F418A0005
08489015F8E2084B5F4B1E4185000B
08489415F8DF084B5F4B1D417F0003
08489215F8DF084B5B4B1C418B0007
08489315F8E2084B5E4B1C417B0002
08489215F8DF084B5C4B1C417B0008
08489315F8E2084B5D4B1C41720004
08489415F8E2084B5C4B1C41720006
08489115F8E2084B5B4B1C41780007
08489415F8E2084B5B4B1C416B0009
08489615F8DB084B5C4B1C41730006
08489515F8DB084B5B4B1B41690008
08489715F8D4084B5D4B1B41700002
08489B15F8D4084B5A4B1A416A0003
0848A015F8CD084B5C4B1941690002
0848A615F8CD084B5C4B18416D0008
0848AA15F8D1084B5B4B18416C0008
0848AA15F8CD084B5E4B1741720003
0848AB15F8D4084B5D4B1741730004
0848A915F8D4084B5D4B174160000D
0848A815F8D4084B5D4B17416A0008
0848A515F8DB084B5D4B1741720006
0848A115F8DB084B5E4B16416C0008
0848A015F8DF084B5F4B164172000A
08489E15F8DF084B5D4B1641730005
08489D15F8DF084B5D4B154172000A
08489B15F8DF084B604B14416F0006
08489915F8E2084B604B1441710003
08489915F8E5084B5F4B144167000B
08489715F8E9084B624B14416C0005
08489515F8EC084B614B134169000A
08489015F8EC084B624B1441690000
08488D15F8F0084B624B13416F0002
08488915F8F1084B644B12416C0007
08488915F8F0084B644B1141690005
08488615F8F0084B654B114158000A
08488615F8F0084B634B1041540004
08488615F8EC084B644B1041570003
08488615F8E9084B644B1041570005
08488A15F8E5084B634B1041530005
08488A15F8E5084B634B0F414A0004
08488C15F8E5084B634B0E41410008
08488F15F8E9084B634B0F413A0005
08488E15F8F0084B634B0F41400006
08488D15F8F3084B644B0F41450004
08488A15F8F7084B644B1041380008
08488515F8F7084B654B1041380006
08488115F8FA084B634B104138000A
08488015F8FE084B634B10413F0008
08487B15F8FA084B634B10413F0007
08487915F8FE084B644B1041460006
08487715F8FE084B644B1041390007
08487715F8FA084B634B1041440003
08487815F8FA084B644B0F41380008
08487715F8FE084B674B0F41410006
08487815F8FE084B674B0E41360006
08487715F8FE084B664B0F41410006
08487715F8FE084B684B0F413A0000
08487715F8FA084B674B0E41430003
08487815F8F7084B664B0D41320002
08487915F8FA084B684B0D41390002
08487815F8FA084B684B0C41370007
08487A15F8FA084B684B0B413E0005
08487B15F8FA084B684B0B41330003
08487815F8FA084B684B09413A0005
08487915F8FE084B684B0A413D0008
08487715F8FE084B674B0941340008
08487715F8FE084B684B08412F0008
08487515F901084B684B0741340003
08487515F904084B694B0841250005
08487515F906084B694B0741300006
08487015F904084B6B4B0841230003
08487015F908084B684B074130000A
08486F15F904084B6A4B06412F0007
08486E15F908084B6A4B06412B0002
08486E15F908084B6A4B0641340003
08486D15F908084B674B05412F0009
08486D15F904084B684B0541380005
08486C15F904084B684B054133000B
08486D15F901084B6A4B0541340008
08486F15F8FE084B6A4B054131000A
08487015F8FA084B674B0541360002
08487415F8FA084B6A4B054138000A
08487515F8FA084B684B06413A0009
08487715F8FE084B674B0541330008
08487515F8FE084B684B05413B0002
08487415F901084B644B0641340006
08487515F901084B684B0441340006
08487215F901084B674B044146000A
08487415F8FE084B644B0441380000
08487215F8FA084B644B0341430002
08487415F8FA084B644B0441390001
08487715F8F7084B634B044130000A
08487715F8F7084B644B0441350003
08487915F8F3084B624B04412E0002
08487A15F8F3084B614B03412C000C
08487D15F8F7084B614B0341390003
08487C15F8F3084B614B024134000B
08487E15F8F0084B614B0241300008
08487C15F8EC084B5F4B01412C000A
08487E15F8F0084B614B01413E0003
08488015F8EC084B614B00412D0006
08488315F8F0084B614B0041380008
08488215F8F0084B604B00413A0006
08488215F8F3084B604AFF4141000B
08488115F8F0084B5F4B0041460006
08487F15F8F0084B5F4B0041430006
08487E15F8F1084B604AFE41420007
08487E15F8F0084B614AFE41410000
08487C15F8F3084B614AFE41430003
08487B15F8F0084B634AFE41470006
08487F15F8F0084B624AFD41410005
08487F15F8E9084B634AFD414E0006
08488015F8E9084B634AFC414E0009
08488115F8E9084B644AFC4157000A
08488215F8E5084B664AFC414E0004
08488315F8E2084B664AFC41530008
08488315F8E5084B694AFC41480001
08488615F8DB084B674AFB414E0008
08488A15F8DB084B664AFA415F0007
08488E15F8D8084B664AFA41480008
08489215F8D4084B664AFA41500006
08489315F8D1084B674AF941550008
08489515F8D1084B674AF94154000A
08489815F8D1084B654AF8415F0000
08489A15F8D1084B664AF8415B0006
08489915F8D1084B684AF8415D000E
08489C15F8D4084B674AF841640009
08489A15F8D1084B654AF841680009
08489D15F8D1084B664AF7415F000A
08489C15F8D1084B644AF741600008
08489E15F8D1084B664AF841720005
08489B15F8D1084B644AF7416C0004
08489C15F8D4084B644AF641690008
08489B15F8D8084B624AF7416F0006
08489B15F8D8084B624AF741680003
08489915F8DB084B624AF741770009
08489715F8DF084B614AF641770006
08489415F8E2084B634AF64177000B
08489215F8DF084B5F4AF6417E0005
08488E15F8E2084B604AF641710003
08488B15F8DF084B604AF6417B0006
08488B15F8E2084B614AF541810008
08488915F8DF084B624AF541780008
08488915F8E6084B634AF4417B0008
08488B15F8E2084B604AF541760005
08488B15F8E2084B614AF541670002
08488A15F8E2084B624AF4416C0003
08488B15F8E5084B624AF341650008
08488A15F8E2084B624AF3416E000E
08488B15F8E5084B654AF2415A0006
08488A15F8E5084B634AF34161000A
08488915F8E2084B664AF241670008
08488615F8E2084B644AF1416C0005
08488515F8E5084B654AF141710007
08488615F8E2084B654AF141620008
08488715F8E2084B664AF141690008
08488815F8E2084B674AF0416A0006
08488915F8E5084B674AF14163000A
08488815F8E2084B674AF1415D0004
08488A15F8E5084B654AF141720007
08488815F8E5084B654AF141630005
08488615F8E9084B644AF0416E0008
08488515F8EC084B644AF041650008
08488415F8F0084B634AF1416D0005
08488015F8EC084B654AF0416C0006
08487F15F8EC084B644AF0416A0006
08487F15F8EC084B614AF04176000A
08487E15F8EC084B624AF041740005
08487E15F8EC084B614AF0416C0008
08487D15F8EC084B604AEF4176000E
08487E15F8EC084B604AEF416A0004
08487C15F8EC084B5F4AEE41730006
08487E15F8EC084B5E4AEE41700005
08487E15F8F0084B5E4AED416B0007
08487C15F8EC084B5B4AED41780006
08487E15F8F0084B5A4AEB416B0003
08487C15F8EC084B5C4AEB41690004
08487C15F8EC084B5D4AEA4167000C
08487B15F8EC084B5D4AEA417A000A
08487C15F8ED084B5C4AE9416C0005
08487C15F8EC084B5F4AE9416E0008
08487E15F8E9084B5F4AE841660007
08487C15F8E9084B5D4AE741670004
08487E15F8EC084B5F4AE641630008
08487D15F8EC084B5F4AE641650008
08487D15F8E9084B5E4AE641630005
08487F15F8E9084B604AE641570006
08487F15F8EC084B5F4AE74162000C
08487E15F8E9084B5F4AE7415A0004
08487F15F8EC084B5F4AE64159000D
08487E15F8EC084B624AE641530002
08487E15F8EC084B634AE641570006
08487E15F8EC084B614AE6414E0008
08487C15F8F0084B624AE641560008
08487C15F8F0084B634AE641600008
08487B15F8F0084B624AE5415F0003
08487A15F8F0084B624AE541600005
08487A15F8F0084B614AE541600006
08487A15F8EC084B624AE5415F0008
08487A15F8EC084B614AE541590003
08487C15F8E9084B5F4AE4415A0007
08487C15F8E9084B614AE4415A0003
08487E15F8E9084B604AE3415F0008
08487D15F8E9084B5E4AE241610006
08488015F8E5084B5E4AE241630002
08487E15F8E5084B5E4AE241630005
08488015F8E5084B5C4AE241630007
08488315F8E5084B5C4AE141640006
08488215F8E5084B594AE241660007
08488615F8E5084B5A4AE1416C0003
08488515F8E5084B584AE04165000A
08488315F8E5084B5A4AE141630004
08488315F8E9084B574AE14161000A
08488015F8EC084B594AE1415B0007
08488215F8EC084B584AE241610006
08487F15F8EC084B594AE241600006
08487F15F8F1084B5A4AE241630006
08487C15F8F0084B584AE241650006
08487C15F8F3084B594AE241620007
08487B15F8F0084B584AE24157000C
08487B15F8F0084B594AE241640007
08487B15F8F0084B5A4AE241590006
08487B15F8EC084B584AE1415C0004
08487B15F8EC084B584AE1415F0007
08487D15F8E9084B584AE0415C0004
08487D15F8E9084B5B4AE14160000A
08487E15F8E9084B594AE0415F0005
08488015F8E9084B594AE0414F0008
08487F15F8EC084B5C4ADF41620000
08487F15F8EC084B5D4AE041570008
08487C15F8EC084B5E4ADF41610008
08487C15F8EC084B5C4ADF41640003
08487915F8EC084B5E4ADF41540001
08487A15F8F0084B5E4ADE4161000E
08487A15F8EC084B604ADE41600003
08487A15F8F0084B5F4ADE415B0009
08487A15F8F0084B604ADD41670008
08487B15F8F0084B604ADD41660000
08487815F8F0084B624ADD41560008
08487915F8F3084B614ADC41620000
08487915F8F7084B624ADD41560007
08487815F8F7084B624ADC415F0003
08487515F8F3084B644ADD41610007
08487315F8F7084B664ADD41630002
08487415F8F7084B654ADC41630008
08487215F8F7084B654ADB41560005
08487315F8F3084B664ADB415D0006
08487215F8F3084B644ADA41510004
08487615F8F0084B674ADA415A0008
08487615F8F7084B674ADA41570002
08487615F8F7084B684ADA41560006
08487415F8F7084B664ADA41540003
08487515F8F3084B684AD9414E0006
08487415F8F4084B644AD94159000A
08487415F8F3084B674AD941580004
08487615F8F3084B644AD841670009
08487515F8F3084B674AD741540009
08487415F8F3084B664AD841590008
08487515F8F3084B644AD7415C000C
08487715F8F3084B624AD7415F0008
08487515F8F0084B614AD6416B0008
08487615F8F3084B614AD6415C0005
08487515F8F3084B614AD5415D0005
08487615F8F3084B604AD641540006
08487715F8F3084B5D4AD4415C000D
08487615F8F3084B5E4AD441500005
08487615F8F3084B5C4AD341590004
08487515F8F3084B5D4AD4415A000C
08487515F8F3084B5E4AD3415A0008
08487315F8F3084B5F4AD341530000
08487515F8F3084B5F4AD341500003
08487515F8F0084B624AD341490008
08487515F8F0084B604AD3414D0003
08487615F8F0084B604AD2414F0005
08487715F8F0084B614AD241430009
08487615F8F0084B614AD241430004
08487815F8EC084B604AD241420008
08487915F8EC084B634AD141420003
08487A15F8EC084B614AD141410004
08487B15F8F0084B644AD041380008
08487B15F8F0084B634AD14141000A
08487B15F8F0084B664AD14141000A
08487D15F8F0084B664AD141520006
08487B15F8EC084B664AD041410008
08487C15F8EC084B654AD141400007
08487B15F8E9084B654AD041540006
08487C15F8E9084B654AD041510001
08487E15F8E9084B674ACF415F0004
08487F15F8EC084B674ACF41510006
08487F15F8E9084B674ACF415A0006
08487F15F8E9084B674ACE41520005
08488115F8E5084B694ACE41610006
08487D15F8E9084B684ACE41590007
08487E15F8E5084B694ACE4158000A
08487F15F8E5084B694ACE41540006
08488115F8E2084B694ACE4158000B
08488215F8E2084B6C4ACE41580008
08488315F8E5084B6D4ACE415D0006
08488415F8E2084B694ACD41630006
08488615F8E2084B6D4ACD416C0006
08488415F8E2084B6A4ACC416B0006
08488515F8E2084B694ACC41690002
08488415F8E2084B6A4ACB41650006
08488315F8E2084B694ACB416C0008
08488415F8E9084B694ACB41710007
08488215F8E5084B684ACB41790006
08488215F8E9084B674ACB41730008
08488115F8E5084B674ACA417D0007
08487F15F8E2084B664AC9417E0002
08488115F8D8084B654AC841720002
08488515F8D4084B654AC841700003
08488B15F8D4084B644AC9417A0007
08489115F8D4084B654AC84172000A
08489415F8D8084B654AC7416E0003
08489515F8D8084B654AC7416D0004
08489515F8D8084B634AC74172000C
08489515F8DB084B644AC641740008
08489515F8DB084B644AC74170000A
08489215F8DB084B664AC741760008
08489115F8DB084B654AC641760004
08488F15F8DB084B654AC641740006
08488F15F8DF084B644AC641760006
08488F15F8DB084B654AC5416F0007
08488E15F8DF084B664AC5416C0006
08488F15F8DB084B654AC441740008
08488E15F8DB084B664AC5416D0003
08488C15F8DB084B664AC4416F0007
08488E15F8D8084B684AC441750003
08489015F8D4084B664AC4416B0003
08489215F8D4084B674AC341740007
08489315F8D4084B684AC34171000D
08489615F8D4084B684AC2416C0006
08489915F8D4084B674AC341670009
08489915F8D8084B694AC2415F0003
08489915F8D4084B684AC2415F0004
08489615F8D4084B694AC241580005
08489815F8D4084B6B4AC1415F0003
08489815F8D4084B6A4AC1415D000A
08489A15F8D8084B6A4AC141720000
08489815F8D8084B6D4AC141700003
08489915F8D8084B6C4AC141690006
08489815F8D4084B6C4AC041660006
08489815F8D4084B6C4AC0417F0006
08489915F8D4084B6B4ABF41780004
08489915F8D8084B6A4ABF41800008
08489A15F8D4084B694ABF4179000A
08489915F8DB084B684ABF4183000A
08489715F8DB084B684ABF417B0004
08489615F8DB084B674ABE4178000B
08489415F8DB084B674ABE41810004
08489215F8DB084B674ABE41850003
08489315F8D8084B644ABE41830000
08489315F8D1084B624ABD41810004
08489615F8D1084B624ABC418A000A
08489815F8C7084B624ABC418A0010
08489E15F8C0084B644ABD418E0004
0848A315F8B9084B5F4ABC41850003
0848AA15F8B2084B5F4ABC41840004
0848B015F8AB084B614ABC41850005
0848B715F8A4084B5C4ABB417F0002
0848BF15F89D084B5D4ABB41820006
0848CA15F89D084B5C4ABA41840008
0848D015F89A084B5C4ABA418B0008
0848D215F89A084B5A4AB941970003
0848D715F89D084B5B4AB941970004
0848D615F8A8084B584AB841A00006
0848D415F8AF084B5B4AB841950003
0848D015F8B5084B594AB841900005
0848CB15F8B5084B5A4AB84197000A
0848C315F8B5084B584AB941A50007
0848BF15F8B9084B594AB9419D0006
0848BC15F8BC084B594AB8419B0008
0848B915F8C0084B5A4AB841A80006
0848B515F8C3084B594AB8419F0004
0848B115F8C7084B584AB841A00001
0848AB15F8CD084B594AB841A00006
0848A815F8D1084B5A4AB841AB0006
0848A415F8D4084B5B4AB841AC0008
08489D15F8D8084B594AB841A6000C
08489915F8D8084B5D4AB841B00003
08489615F8DB084B5B4AB8419F0006
08489415F8DF084B5B4AB841A30006
08489015F8E2084B5E4AB741A30007
08488C15F8E2084B5E4AB741A30004
08488815F8E5084B5C4AB641A30006
08488515F8E5084B5E4AB6419D000A
08488415F8E5084B5F4AB641A00006
08488115F8E5084B5D4AB64197000D
08488115F8E5084B604AB641940009
08488115F8E9084B604AB5419B0005
08488215F8E5084B634AB4418E0008
08488215F8E5084B624AB44196000A
08488215F8E9084B634AB541830008
08488215F8E5084B614AB441890009
08488115F8E5084B644AB441870006
08487F15F8E9084B664AB44181000A
08488115F8E5084B664AB44178000A
08488215F8E9084B664AB341780006
08488115F8E9084B664AB341740005
08487F15F8E9084B674AB341710003
08487F15F8E9084B664AB341720008
08487D15F8EC084B684AB341780009
08487C15F8E9084B6A4AB241710006
08487D15F8E9084B684AB241760005
08487E15F8F0084B674AB1416E0009
08487D15F8F0084B684AB041710006
08487A15F8F3084B6A4AAF41740008
08487515F8F3084B6B4AAF41720006
08487515F8F3084B6C4AAE41770008
08487515F8F3084B6C4AAD41670007
08487415F8F7084B6A4AAD416B0003
08487515F8F3084B6B4AAD41660003
08487315F8F0084B6C4AAC416D0004
08487515F8F0084B6B4AAC4167000C
08487715F8F0084B694AAC41670008
08487615F8F0084B694AAB41650007
08487815F8F0084B674AAB415F000A
08487615F8EC084B674AAA415D0007
08487715F8EC084B674AAA415D0006
08487615F8F0084B664AAA41610003
08487815F8F3084B644AAA415B0008
08487715F8F3084B664AAA41580006
08487515F8F3084B644AAB41620007
08487215F8F3084B604AAA41620008
08487015F8F7084B614AAB415F000A
08487015F8F3084B624AAA415E0005
08486F15F8F3084B5F4AAA41580007
08487015F8F3084B5D4AAA4159000B
08486E15F8F7084B5F4AAA415C0004
08486D15F8F7084B5E4AA941600006
08486E15F8F7084B5F4AA941690007
08486F15F8F7084B5E4AA84166000A
08486A15F8F7084B5D4AA9415D0003
08486C15F8FA084B5F4AA9415D0008
08486A15F8FA084B5F4AA941640006
08486A15F8FA084B5F4AA941560006
08486815F8F8084B5F4AA941530008
08486815F8FA084B5E4AA8415C0000
08486815F8F7084B5E4AA7415F0007
08486815F8FA084B5D4AA841630006
08486A15F8F3084B5F4AA741600008
08486915F8F3084B5F4AA841650001
08486B15F8F7084B5C4AA741650008
08486B15F8FA084B5F4AA741660009
08486A15F904084B5E4AA7416B0005
08486515F908084B5E4AA8415D0006
08486015F904084B5F4AA741600006
08485D15F8FE084B5F4AA741630006
08485E15F8FA084B5F4AA641670000
08485F15F8F7084B5E4AA641630003
08486415F8F0084B5E4AA541690002
08486B15F8E2084B5F4AA4415A000C
08487515F8D8084B614AA44158000A
08487F15F8CD084B604AA54161000B
08488A15F8CA084B604AA54165000A
08489415F8CA084B624AA441630008
08489B15F8C7084B644AA44157000A
08489E15F8C7084B664AA441670008
08489E15F8CD084B664AA341650008
0848A215F8CA084B654AA34174000A
08489F15F8CD084B664AA2417B000D
08489F15F8D4084B674AA141870003
08489B15F8D4084B694AA241820008
08489815F8DB084B674AA2417C0004
08489515F8DB084B654AA2418C0000
08489215F8DB084B684AA141890003
08489015F8DB084B664AA141960004
08488E15F8DB084B684AA241880009
08488E15F8DB084B684AA141900007
08488D15F8D8084B684AA141810008
08488D15F8DB084B674AA041860005
08488C15F8DB084B674AA041790001
08488C15F8DB084B674AA04178000A
08488D15F8D8084B694A9F41710007
08488D15F8D8084B684A9F41700005
08489015F8D1084B674AA041740007
08489215F8CD084B684A9F41790001
08489415F8CA084B684A9F417B000A
08489715F8CA084B694A9F41740005
08489D15F8CD084B684A9F41740007
08489D15F8D1084B6B4A9E41770004
08489F15F8D1084B6B4A9E41780009
08489E15F8D4084B694A9E417F0009
08489E15F8D1084B6A4A9E41880005
08489B15F8D4084B6B4A9D41860006
08489B15F8D4084B694A9D4188000A
08489B15F8D4084B6B4A9D41880006
08489815F8D4084B6A4A9D41870003
08489815F8D4084B694A9D418A0005
08489715F8D4084B684A9D41920003
08489615F8D1084B674A9C418C0009
08489615F8D1084B674A9C41920001
08489915F8CD084B654A9C41870003
08489A15F8CD084B644A9B4198000B
08489B15F8CA084B634A9B418B0006
08489C15F8C7084B624A9B41870000
08489E15F8C7084B604A9B4195000C
0848A215F8C3084B624A9B4188000E
0848A515F8C0084B604A9B418F0002
0848A915F8C3084B624A9B41900007
0848A915F8C7084B5F4A9B418B0003
0848A915F8C7084B614A9A418E000F
0848A815F8CA084B624A9A41900000
0848A615F8CA084B614A9A4197000B
0848A615F8CA084B604A9A41970003
0848A315F8CA084B5F4A9A41990006
0848A415F8C7084B614A9941970009
0848A515F8C3084B5F4A9941960008
0848A215F8C7084B5F4A99418E0001
0848A415F8C3084B604A9941930004
0848A515F8C3084B624A9841940005
0848A615F8C0084B614A984197000A
0848A715F8C0084B614A9841A1000A
0848AA15F8C0084B624A9741A50008
0848A915F8B9084B634A9741950005
0848AC15F8BC084B614A9641A00008
0848AE15F8B5084B634A964199000A
0848B115F8B9084B634A95419B0008
0848B215F8B9084B644A9441A10001
0848B415F8BC084B664A94419D0006
0848B315F8BC084B664A93419F0007
0848B215F8BC084B644A9341AA0006
0848B015F8BC084B644A9441A10002
0848B115F8B9084B674A9341A30004
0848B215F8B9084B664A93419E0007
0848B215F8BC084B664A9341A3000B
0848B115F8C0084B664A9241990006
0848AE15F8BC084B6A4A92419D0001
0848AD15F8BE084B694A92419E000A
0848B115F8BC084B684A92419C000B
0848B115F8BC084B684A9241A20006
0848B015F8BC084B694A9241A80003
0848AE15F8C0084B694A9241AD000A
0848AE15F8C3084B694A92419D0004
0848AC15F8C3084B6B4A92419D0000
0848AA15F8C0084B6C4A9241A60005
0848A915F8C3084B6B4A92419D0001
0848A915F8BC084B6B4A9141A10006
0848AB15F8BC084B6C4A90419D0007
0848AD15F8B9084B6C4A9041A30008
0848AE15F8B5084B6F4A8F41A20003
0848B115F8B5084B6F4A8F41980002
0848B215F8B2084B6D4A8F41990008
0848B715F8B5084B6E4A8E41950004
0848B715F8B9084B6E4A8E419F0006
0848B615F8B9084B6E4A8D419D0005
0848B715F8C0084B704A8D419D0008
0848B315F8C3084B6F4A8D41A80000
0848AF15F8C7084B6D4A8C419D0000
0848A915F8CD084B6D4A8C41A3000A
0848A615F8D1084B6F4A8C41A60008
0848A115F8CD084B6F4A8C41AC000C
08489E15F8CD084B704A8C41A50000
08489D15F8D1084B6F4A8B419D0003
08489D15F8CD084B6E4A8B41A50009
08489D15F8CD084B6E4A8C419F0009
08489B15F8C3084B6E4A8C419A0003
08489F15F8C0084B714A8B41990009
0848A515F8B2084B6F4A8B418E0003
0848AC15F8A8084B6E4A8B419B000B
0848B415F8A8084B6B4A8B41970006
0848BE15F8A8084B6B4A8B41A1000C
0848C315F8AB084B6B4A8A419D000A
0848C515F8B0084B6A4A89419C0008
0848C615F8B2084B6A4A8941A40003
0848C315F8B2084B694A8A41A60005
0848BE15F8B2084B684A8941AB0009
0848BD15F8B2084B684A8941A10003
0848BB15F8B2084B694A8941A90006
0848BB15F8B2084B674A8941AD000A
0848BA15F8B2084B654A8941A80007
0848BA15F8B2084B654A8841B20008
0848B915F8AF084B644A8741A80004
0848BA15F8A8084B644A8841B20003
0848C015F8A1084B674A8841AE0005
0848C815F89D084B654A8641BA0001
0848CE15F89D084B644A8641B20006
0848CE15F8A4084B654A8541BB0006
0848CF15F8A8084B674A8641BD0007
0848CC15F8A8084B654A8741BB000F
0848CB15F8AB084B644A8641BC000C
0848C815F8A8084B664A8541B90001
0848C615F8A8084B664A8541B70006
0848C615F8A8084B664A8541B40008
0848C815F8AB084B654A8541B40002
0848C615F8AB084B664A8441BB0009
0848C615F8AF084B664A8441BF0009
0848C215F8B2084B674A8441C60002
0848C115F8B2084B644A8441BD0003
0848BE15F8B9084B664A8341BF0009
0848BC15F8BC084B674A8341B30004
0848B615F8C3084B674A8441BB0003
0848B115F8C7084B674A8441BD000B
0848AE15F8C7084B664A8441B90008
0848AA15F8CA084B684A8341BD000C
0848A415F8CD084B684A8241C9000A
0848A115F8CD084B684A8241B60008
0848A015F8CD084B6A4A8341BF000A
08489E15F8CD084B6C4A8341C40004
0848A115F8CD084B6B4A8341BE0006
0848A015F8CD084B6D4A8341BD0007
08489D15F8D1084B6D4A8341BE0004
08489B15F8D4084B6E4A8241B2000C
08489A15F8D4084B6C4A8241B70007
08489815F8D8084B6F4A8241AA0002
08489615F8D8084B6D4A8241A40002
08489515F8DB084B6F4A8241A8000B
08489315F8DB084B6F4A8141A10006
08489015F8DB084B6F4A82419B0004
08488F15F8DB084B714A8241980004
08488E15F8D8084B734A8241920006
08488C15F8D8084B734A81418F0008
08488C15F8D1084B714A81418A0009
08488F15F8CD084B734A8041910003
08489415F8C7084B724A7F418C000C
08489915F8C7084B734A7F41900008
08489E15F8C7084B744A7F418B000B
0848A115F8C7084B744A7E418A0008
0848A315F8C3084B744A7E418E0005
0848A415F8C0084B734A7E418B0006
0848A515F8B9084B754A7E41940005
0848AA15F8B2084B734A7D419F000A
0848B015F8A4084B764A7D41A00004
0848B615F8A1084B764A7D419E0007
0848C015F89A084B764A7C41A90008
0848C915F89D084B754A7B419E0008
0848CD15F8A8084B754A7B41A10006
0848CE15F8AF084B764A7B41A50000
0848CC15F8AF084B774A7A41A70005
0848C815F8B2084B754A7941A50008
0848C415F8AF084B754A7A41A60007
0848C315F8A8084B774A7941B00006
0848C315F8A4084B774A7941B40007
0848C615F8A1084B754A7841BB0007
0848C715F8A1084B764A7841B10007
0848CD15F8A1084B774A7841B60007
0848CE15F8A4084B734A7841BB0009
0848CD15F8AB084B764A7841BE0008
0848CB15F8B2084B764A7841BB0002
0848C515F8B2084B734A7841CD0006
0848C015F8B9084B724A7841C10009
0848BC15F8B5084B734A7741BF000A
0848BC15F8B9084B714A7741C30004
0848B715F8BC084B734A7741C90005
0848B515F8C0084B704A7741D50005
0848B315F8BC084B714A7741D00006
0848B115F8C0084B734A7741CE0008
0848AE15F8C0084B714A7641C70003
0848AD15F8C3084B734A7641C90009
0848AD15F8C3084B754A7641C50002
0848AB15F8C7084B774A7641D50006
0848A715F8C7084B764A7641C8000B
0848A615F8C7084B7B4A7541CE0003
0848A615F8C3084B7A4A7541BF000B
0848A415F8C7084B7E4A7441BC0006
0848A415F8C7084B824A7441BB0009
0848A615F8C7084B834A7341B10008
0848A515F8C7084B874A7341AC0003
0848A415F8C7084B884A7341AB0007
0848A415F8CA084B8D4A7341AB000B
0848A415F8CA084B924A7241AE0008
0848A215F8C7084B924A7241A90008
0848A315F8C7084B994A7241AF0007
0848A315F8C7084B994A7241AA0007
0848A615F8C3084B9D4A7241A30002
0848A815F8C0084B9F4A7141A60003
0848AC15F8B9084BA54A7141A5000C
0848AF15F8AF084BA64A7041A90006
0848B715F8AB084BA94A7041A50009
0848BE15F8AB084BAD4A7041AE000C
0848C315F8AB084BB04A7041A40005
0848C715F8AC084BB34A7041AE0000
0848CA15F8AF084BB64A6F41AE0002
0848C815F8AF084BB64A6F41BB0003
0848C815F8AB084BB74A6F41B9000D
0848C815F8A1084BBD4A6F41BD0008
0848CA15F897084BBE4A6E41BE0007
0848D415F885084BC04A6F41BF0006
0848DE15F871084BC24A6E41D00009
0848F015F852084BC54A6F41BF0008
08490815F836084BC74A6F41C70008
08492415F818084BCB4A6F41CD0009
08494115F7F9084BCB4A6F41CD0008
08496315F7DD084BCF4A6F41C60003
08498615F7C5084BD24A6E41D4000A
0849A715F7AD084BD24A6E41D30003
0849C915F79F084BD44A6E41E60009
0849E215F795084BD64A6D41DD0004
0849F815F792084BD74A6D41ED0001
084A0A15F78E084BD84A6C41F80007
084A1715F78E084BD94A6D42030006
084A1F15F78E084BDF4A6C42000008
084A2315F78E084BE14A6C421B0008
084A2515F792084BDF4A6B4233000A
084A2415F795084BE14A6A424A000C
084A2315F799084BE34A6942500008
084A2315F79C084BE64A69425D0006
084A2315F799084BE54A68426A0006
084A2015F799084BEA4A684277000A
084A2215F792084BE94A684284000A
084A2215F78B084BEB4A6842920007
084A2615F781084BEC4A684289000A
084A3115F773084BED4A6742950005
084A3D15F760084BEF4A67429C0007
084A4D15F754084BEF4A6742940008
084A6215F743084BF04A67429D0008
084A7215F738084BF14A6742A3000A
084A8115F72E084BF34A6742A7000C
084A9215F724084BF44A6642A80006
084AA215F71D084BF64A6642A80008
084AAC15F713084BF44A6642A90007
084AB915F70C084BF74A6642AB0006
084AC515F708084BF64A6642C10008
084AC915F705084BF84A6542BC0002
084AD315F702084BF54A6542C50003
084AD915F702084BF74A6442CF0008
084ADE15F6FE084BF74A6442D20003
084AE515F6F7084BFA4A6442CD0008
084AE815F6F4084BFB4A6342DF0001
084AEC15F6E6084BFD4A6342D6000B
084AF215F6D8084BFE4A6242DF0007
084AFD15F6C4084BFF4A6242DB000C
084B0B15F6B3084BFF4A6242EF0008
084B1F15F6A2084C004A6142EE0006
084B2F15F697084C014A6142F70005
084B4115F689084C014A6142F60005
084B5115F67F084C004A6143000006
084B5F15F675084C014A61430F0008
084B6B15F66E084C034A604315000B
084B7B15F667084C034A6043170005
084B8115F664084C044A6043230006
084B8915F65F084C054A6043290006
084B8F15F65D084C074A6043290005
084B9315F659084C054A60433E000B
084B9915F659084C044A6043510009
084B9F15F656084C064A604359000C
084BA215F656084C074A60436D0003
084BA515F656084C094A5F43670008
084BA815F653084C0A4A5F4379000C
084BAB15F653084C084A5F4386000B
084BAA15F653084C094A5F438C000A
084BAC15F653084C084A5F43910008
084BAB15F64F084C074A5F439E000C
084BAD15F64F084C084A5E43A00008
084BAE15F653084C0A4A5E43AB000A
084BAF15F64F084C094A5E43BC0005
084BB015F64F084C094A5E43B30004
084BB315F64F084C094A5D43C20004
084BB415F64C084C0A4A5D43BA0009
084BB215F64C084C084A5D43BA000B
084BB415F64C084C0B4A5D43B80006
084BB615F64C084C0B4A5D43C30007
084BB815F64C084C0B4A5D43C80004
084BB715F648084C0A4A5D43C20007
084BBB15F64C084C094A5D43CA0007
084BBB15F648084C0C4A5D43CB000B
084BBB15F648084C0C4A5C43D20006
084BBC15F64C084C0B4A5C43D80005
084BBC15F64A084C0B4A5B43D6000A
084BBA15F648084C0B4A5B43E10009
084BBA15F64C084C0C4A5B43DE0003
084BB915F64F084C0B4A5B43E70001
084BB915F64F084C0D4A5B43D40005
084BBA15F64C084C0D4A5B43D30003
084BB915F64C084C0E4A5B43E10009
084BB715F64F084C0C4A5B43D20008
084BB715F64C084C0B4A5A43DA0003
084BB715F64F084C0D4A5A43E50001
084BB615F64F084C0E4A5A43D40003
084BB815F64C084C0E4A5A43DA0006
084BB815F64C084C0D4A5943D60004
084BB615F64C084C0C4A5943E50001
084BB715F648084C0D4A5943E00004
084BBA15F64C084C0F4A5943D80003
084BBC15F64C084C0E4A5943CC0008
084BBB15F64F084C0E4A5843D90003
084BB915F64F084C0D4A5843D70006
084BB715F64F084C0D4A5843DC000E
084BB715F653084C0E4A5743DE0005
084BB315F653084C0E4A5743D90003
084BB315F656084C0D4A5743D90002
084BB115F653084C0D4A5743DA0004
084BB215F653084C0D4A5643E00003
084BB015F653084C0C4A5643D50005
084BB115F654084C0D4A5543DD000A
084BB115F653084C0C4A5543D80003
084BB215F64C084C0D4A5543CE0003
084BB315F64F084C0C4A5543D2000E
084BB715F64F084C0C4A5443DA0006
084BB615F653084C0C4A5443CE0006
084BB415F64F084C0C4A5343D10006
084BB515F64F084C0B4A5343C30004
084BB715F64C084C0C4A5343C30003
084BB815F648084C0D4A5343C50003
084BB815F645084C0C4A5243C70002
084BBC15F645084C0B4A5243CB0009
084BC015F645084C0A4A5243C90008
084BC015F648084C0B4A5143CC0005
084BC115F64C084C0B4A5143C90007
084BC115F648084C094A5043CB0008
084BC015F648084C094A5043D70003
084BBF15F648084C094A5043CF0005
084BC115F648084C0A4A4F43D10003
084BC015F648084C094A4F43D40009
084BC015F648084C0A4A4F43D1000E
084BC115F648084C0A4A4F43D20003
084BBF15F645084C084A4F43CF0008
084BC215F645084C094A4F43D20003
084BC415F645084C084A5043C90008
084BC415F641084C094A5043D10008
084BC415F645084C084A5043CB000A
084BC515F63F084C094A4F43DA0004
084BC615F63E084C094A5043D40005
084BC615F63B084C0B4A5043D90006
084BC615F63B084C084A5043DC0008
084BC915F63B084C0B4A5043CD0008
084BCC15F63B084C094A5043CF000E
084BCD15F63E084C0B4A4F43E0000B
084BCD15F63B084C0A4A4F43D30008
084BCD15F63E084C0B4A4F43D90003
084BCE15F63B084C0C4A4E43D30004
084BCF15F63B084C0C4A4F43E10004
084BCE15F63E084C0D4A4F43DB0006
084BCD15F641084C0E4A4E43D70004
084BCB15F641084C0D4A4D43E20004
084BC915F641084C0E4A4D43E20002
084BCA15F645084C0F4A4C43E10007
084BC815F641084C0F4A4C43DF0008
084BC815F641084C0F4A4C43DB0008
084BC915F63E084C114A4B43D10009
084BC915F637084C104A4B43D00005
084BCC15F634084C114A4B43C70004
084BCF15F637084C124A4B43CF000B
084BD315F634084C134A4B43D20003
084BD515F634084C134A4B43D00000
084BD515F634084C154A4B43D60008
084BD615F637084C144A4B43D40000
084BD715F634084C144A4A43DE0008
084BD515F630084C174A4943D20004
084BD915F630084C134A4A43E90008
084BD815F62D084C144A4A43E70009
084BD915F62D084C144A4A43F0000C
084BDF15F626084C154A4A43ED0004
084BE015F626084C134A4943FA0008
084BE415F623084C154A4944020005
084BE615F623084C164A4943F40009
084BE815F623084C154A4843F90009
084BE915F61F084C134A484401000C
084BEE15F61F084C134A4843F60003
084BEF15F61F084C144A4743FF0006
084BF315F61C084C154A4743F60000
084BF415F61C084C124A4743F00007
084BF415F61C084C144A4743EE000A
084BF415F61C084C144A4643F60006
084BF715F61C084C124A4743E70003
084BF715F618084C144A4643FF0006
084BF615F618084C134A4643F00008
084BFA15F615084C124A4543F20007
084BF915F611084C114A4543F80006
084BFE15F60B084C124A4543EE000D
084C0015F60B084C134A4543FD0008
084C0315F60B084C114A4543F20007
084C0515F604084C124A4544010005
084C0615F607084C104A4544000007
084C0A15F605084C114A4543F80007
084C0E15F607084C124A4443F8000A
084C0D15F607084C104A4444100007
084C0E15F60B084C134A4444040003
084C0F15F60B084C104A4444070005
084C0C15F60E084C114A4344110002
084C0815F611084C134A434413000D
084C0715F611084C134A43441B0007
084C0515F615084C104A434421000A
084C0215F618084C144A4344120007
084BFF15F618084C144A4244180002
084BFD15F618084C144A4244180008
084BFC15F618084C144A41441B000C
084BF815F615084C134A41440E0008
084BFA15F615084C164A41441A0008
084BF915F618084C154A4144210001
084BF915F618084C164A41441F000A
084BFA15F615084C174A41441D0009
084BFB15F615084C174A414416000D
084BFD15F611084C194A4044270006
084BFE15F611084C194A40441B000A
084BFF15F60E084C1A4A4044210000
084C0215F60E084C194A3F441F0002
084C0315F611084C1C4A3F4421000D
084C0415F611084C1B4A3F441C0007
084C0215F60E084C1C4A3F44250008
084C0415F610084C1D4A3F44160008
084C0415F60B084C1D4A40441F0005
084C0415F604084C1E4A4044100003
084C0715F5FD084C1F4A40440F0003
084C0D15F5FD084C204A40440C0004
084C1315F5FD084C204A3F4409000B
084C1615F600084C204A3F441B0002
084C1415F607084C1F4A3F44120009
084C1315F60B084C1F4A3E44100009
084C1115F607084C214A3E44270005
084C0F15F607084C224A3E441B0000
084C0E15F607084C214A3E442C000A
084C0C15F604084C234A3D441D0005
084C0E15F607084C234A3C441E000E
084C0E15F607084C234A3C4426000B
084C0D15F607084C214A3B4425000B
084C0C15F604084C254A3B44360000
084C0E15F5FD084C244A3A443D0007
084C1315F5F6084C234A3A441C0000
084C1615F5EF084C264A39441F0007
084C1E15F5EC084C244A38442A0008
084C2615F5E8084C264A3944370003
084C2C15F5E5084C244A3844360008
084C3015F5E5084C234A384418000B
084C3415F5E1084C244A3744270001
084C3615F5E1084C234A3744140008
084C3815F5DD084C254A3744480000
084C3A15F5DE084C254A3744360009
084C3C15F5DE084C284A3844300007
084C3E15F5DB084C264A3844350003
084C4215F5D7084C264A3844420006
084C4815F5D4084C274A3744320006
084C4915F5D4084C284A37444C000C
084C4D15F5D4084C2A4A37443F0000
084C4F15F5D0084C2D4A374456000A
084C5115F5D0084C2A4A37443C0007
084C4F15F5CD084C2D4A3744590006
084C5015F5CD084C2A4A3644540002
084C5115F5CD084C2D4A3644520004
084C5115F5CD084C304A3644570000
084C5115F5CD084C324A3644570008
084C5615F5C9084C314A3644470006
084C5815F5C6084C314A3644430004
084C5815F5C6084C304A3644510008
084C5B15F5C6084C344A3544460006
084C5D15F5C6084C344A3544520006
084C5F15F5C3084C364A354454000A
084C6115F5C3084C364A35444F0006
084C6015F5C3084C364A3544560005
084C6015F5C3084C364A344450000A
084C6015F5C3084C364A34444C0001
084C6015F5C4084C374A344454000D
084C6215F5C3084C3A4A3344500008
084C6415F5C3084C3B4A33444C000A
084C6515F5C3084C3C4A3344680001
084C6715F5BF084C3F4A3344680002
084C6515F5B8084C3E4A324469000A
084C6815F5B5084C3E4A324464000A
084C6B15F5AE084C3E4A3244610009
084C7215F5A7084C404A32445B0003
084C7915F5A4084C424A3244680004
084C7F15F59D084C424A32446A0006
084C8315F59D084C434A32446A0003
084C8915F59D084C454A3244750009
084C8D15F599084C444A3244750005
084C8F15F599084C454A32446E0008
084C9315F596084C464A314477000C
084C9415F593084C484A31447B000B
084C9815F58C084C484A3144790008
084C9B15F585084C484A3144820005
084C9F15F581084C474A3144820006
084CA515F577084C494A3044820006
084CAB15F56D084C4A4A304488000C
084CB715F563084C4A4A2F44990001
084CC315F555084C4D4A2F44990008
084CCE15F54B084C4D4A2F44970009
084CDB15F53B084C4D4A2F4497000E
084CE715F52F084C504A2E44A00002
084CF915F521084C4E4A2E44A6000D
084D0B15F517084C504A2E44B30009
084D1815F509084C514A2E44AB0008
084D2515F4F8084C4F4A2D44B50008
084D3615F4EB084C514A2D44C80005
084D4815F4D9084C534A2D44DA000A
084D5D15F4CC084C524A2E44D7000A
084D6F15F4BB084C534A2D44E0000C
084D8115F4A6084C544A2E44E70000
084D9515F495084C554A2E4502000B
084DAC15F484084C544A2E450F0004
084DC315F476084C564A2E45180004
084DD515F46C084C594A2E452D000E
084DE515F45E084C584A2D45450006
084DF515F450084C594A2D45480007
084E0515F446084C594A2E454B0005
084E1315F443084C5C4A2D4559000A
084E1F15F438084C5B4A2D45780008
084E2A15F438084C5E4A2C45810005
084E3415F438084C5E4A2C45980003
084E3915F435084C5D4A2C45A10009
084E3D15F437084C614A2C45A60009
084E3D15F42E084C604A2B45C50005
084E3F15F42E084C604A2B45D40003
084E4315F42B084C614A2B45D60008
084E4715F42E084C624A2A45DD0008
084E4815F42E084C664A2A45F60008
084E4815F431084C644A2945F90001
084E4915F42B084C674A294615000A
084E4915F424084C694A294619000A
084E4C15F419084C6A4A29461F0004
084E5515F408084C694A2946210000
084E5C15F3F4084C694A284626000A
084E6C15F3DC084C6B4A2846220006
084E8015F3C7084C6C4A28462D0002
084E9A15F3B6084C6D4A2846300006
084EB415F3A2084C6F4A27463C0001
084ECF15F397084C6D4A27464B0006
084EE315F38D084C6C4A274653000D
084EF015F386084C6E4A27465E000B
084EFE15F37F084C6F4A2746680008
084F0B15F378084C6F4A27467A0006
084F1515F374084C734A2646720009
084F1F15F372084C724A26469A000C
084F2515F367084C734A2646920003
084F2C15F364084C724A2546A8000C
084F3215F35A084C754A2546B40006
084F3A15F34F084C754A2546BF0005
084F4215F345084C754A2546D20003
084F5015F33B084C754A2546DE000A
084F5F15F32D084C764A2546E40005
084F6A15F326084C754A2446EF0006
084F7715F323084C774A2546F50004
084F8215F31F084C774A24470C0006
084F8A15F31C084C794A2447120003
084F9015F31C084C784A2447150004
084F9515F31F084C794A24471A0006
084F9915F31C084C7A4A24472A0003
084F9D15F31C084C7A4A24473B0006
084FA015F318084C7D4A2447460006
084FA015F31C084C7B4A2447490005
084FA215F31C084C7B4A2447600008
084FA215F31A084C7D4A2447730002
084FA115F318084C7E4A234771000C
084FA015F315084C804A2347730001
084FA315F312084C804A2347820002
084FA615F312084C7F4A23478B0008
084FA815F312084C814A22479D000B
084FA915F30E084C834A2247960006
084FAA15F30E084C854A2247B20008
084FAC15F312084C844A2247AF0003
084FAE15F312084C874A2247C0000A
084FAB15F31C084C874A2247BC0008
084FA915F31F084C874A2247C60007
084FA715F326084C884A2147C90001
084FA415F32A084C894A2147CF0008
084F9F15F32A084C8C4A2147C4000B
084F9B15F32A084C8C4A2147CB0007
084F9515F334084C8A4A2047CE0000
084F9215F337084C8B4A2047C90005
084F8D15F337084C8C4A2047CC0009
084F8815F33B084C8C4A1F47CA0005
084F8915F33B084C8F4A1F47BE0007
084F8615F33B084C8E4A1F47B80007
084F8515F33B084C8F4A1F47CD0006
084F8315F33E084C914A1E47C40009
084F8315F33E084C934A1E47D30008
084F8115F345084C944A1E47C6000D
084F7E15F34F084C944A1E47D10008
084F7915F35D084C964A1D47C90006
084F7215F367084C974A1D47D40004
084F6715F36B084C974A1D47D40008
084F6015F372084C994A1D47D1000A
084F5A15F375084C984A1D47C0000A
084F5415F378084C9A4A1C47C00007
084F5015F37F084C9A4A1D47C10003
084F4A15F37C084C984A1C47B60006
084F4415F386084C9B4A1D47B9000A
084F4315F38D084C9C4A1D47BF0006
084F3B15F394084C9D4A1C47C30003
084F3515F39B084C9F4A1C47B60007
084F2F15F39E084CA04A1B47AD0009
084F2915F3A5084CA04A1C47B10008
084F2315F3A7084CA14A1B47A30003
084F2115F3A8084CA14A1B47A90006
084F1C15F3AC084CA24A1A47930007
084F1A15F3AC084CA34A1B4798000A
084F1915F3AF084CA44A1A47960004
084F1615F3B3084CA44A1A479E0007
084F1215F3B6084CA64A1947910005
084F0E15F3BD084CA64A1947970007
084F0B15F3BD084CA84A1847970007
084F0715F3C4084CA84A1847940006
084F0315F3C7084CA84A1847960009
084EFE15F3CE084CA94A18478C0001
084EF915F3D1084CAA4A1847910005
084EF415F3D1084CAB4A1747800004
084EF115F3D5084CAD4A18477A0009
084EF015F3D8084CAB4A1747890006
084EEB15F3DC084CAA4A1747730006
084EEA15F3DF084CAC4A1647720006
084EE615F3DF084CAC4A1647730008
084EE115F3E3084CAD4A15476D0006
084EDF15F3E3084CAB4A16476A0005
084EDD15F3E6084CAF4A1647650001
084EDB15F3E4084CAD4A1647730007
084EDA15F3E3084CB04A154762000D
084ED815F3E6084CAF4A15475C0006
084ED715F3E3084CB04A14475D0007
084ED715F3E3084CB04A14475C0004
084ED815F3E3084CB04A1447550006
084ED715F3E3084CB14A1447570008
084ED815F3E3084CB04A1347550004
084EDC15F3E3084CAF4A134746000A
084EDD15F3E3084CAF4A1347590009
084EDB15F3E6084CAE4A12474A000A
084ED815F3E9084CAC4A1247450003
084ED515F3F0084CAE4A12474F0006
084ED215F405084CAD4A1247560004
084ECC15F424084CAE4A1247520008
084EBC15F44D084CAB4A12474E000A
084EA415F473084CAD4A114746000C
084E8215F48E084CAB4A114748000A
084E6315F4A9084CAD4A11475B000A
084E4515F4BB084CAB4A11473C000A
084E2715F4C5084CAD4A104742000C
084E1015F4CF084CAC4A1047360007
084E0015F4D3084CAA4A1047340005
084DF415F4D6084CAB4A104725000B
084DEA15F4D9084CA84A114700000A
084DE215F4DD084CAA4A1146FC000B
084DDE15F4E7084CAC4A1146F2000A
084DD615F4EE084CAA4A1146DB0007
084DCF15F4EB084CA94A1146D20008
084DC915F4E0084CA84A1146C10006
084DC915F4CC084CA84A1146BB0001
084DD115F4BB084CA94A1146B6000A
084DE015F4AD084CA74A1146A30007
084DED15F4A6084CA84A11468A0008
084DFB15F49C084CA74A1146690006
084E0515F498084CA84A1246740007
084E1015F495084CA44A1246770009
084E1815F48E084CA44A1146760008
084E1B15F487084CA34A1146690005
084E2315F47D084C9F4A1146780006
084E2A15F46F084C9E4A1146680004
084E3215F46C084C9C4A10466F0007
084E3915F468084C984A1046730006
084E4215F45E084C984A1046720008
084E4E15F458084C964A1046760006
084E5415F450084C914A0F46820003
084E5A15F44D084C924A0F467D0005
084E6115F443084C8D4A0F46850006
084E6715F43C084C8E4A0E46760006
084E6C15F43C084C8A4A0E46940001
084E7515F446084C884A0E469C0006
084E7715F45E084C894A0E46960005
084E7015F473084C854A0D46900006
084E6215F476084C854A0C46A3000A
084E5115F46C084C844A0C46AD000C
084E4915F461084C824A0C46C30008
084E4B15F454084C814A0C46B6000B
084E4E15F449084C7D4A0C46C3000A
084E5A15F443084C7B4A0C46B80008
084E6315F43F084C7C4A0C46BA0003
084E6B15F43C084C7A4A0B46C60001
084E7015F435084C784A0B46BE0005
084E7415F42E084C774A0B46BF0008
084E7B15F42B084C774A0B46C60006
084E8015F424084C754A0A46B90006
084E8415F419084C744A0A46B90005
084E8B15F40F084C714A0946C70008
084E9115F401084C704A0946CA0006
084E9C15F3F0084C6F4A0946CC0000
084EA915F3DF084C6D4A0946CE0003
084EB915F3D1084C6E4A0946D40001
084EC815F3C0084C694A0946DB0004
084ED715F3AC084C694A0846DF0008
084EE415F3A8084C684A0846E10005
084EF215F3A2084C644A0846E50005
084F0015F397084C644A0846EA0002
084F0D15F38A084C624A0846E50007
084F1C15F37C084C624A0846EF0005
084F2615F36E084C5F4A0946F7000A
084F3215F35D084C5E4A0846F30004
084F4215F34C084C5D4A084710000E
084F4E15F33B084C5C4A0847170005
084F6215F32A084C584A0847150002
084F7415F31F084C564A0847300007
084F8515F312084C544A08472E0003
084F9415F307084C514A08473F0002
084FA115F300084C4E4A08474B000A
084FAB15F2FA084C4D4A08474E0009
084FB115F2F6084C4D4A07475E0002
084FB615F2F3084C4C4A0747600008
084FBE15F2F3084C474A07476B0009
084FC215F2F3084C464A06477A0003
084FC415F2F3084C444A0647780002
084FC415F2FA084C424A064797000A
084FC415F2FA084C3F4A054797000A
084FBE15F300084C3E4A05479F0006
084FBC15F307084C3D4A0547A90004
084FB615F30E084C3C4A0447B20004
084FAF15F318084C394A0447A5000A
084FA615F323084C374A0447AB0005
084F9A15F32D084C364A0447B00008
084F9015F334084C324A0447A90006
084F8415F33B084C334A0447B80005
084F7C15F342084C304A0347B30003
084F7115F345084C2F4A0347B4000B
084F6715F348084C2F4A0347B10009
084F6015F34D084C2C4A0247B10008
084F5C15F34C084C2B4A0247A70005
084F5815F34F084C294A0247B7000A
084F5515F356084C274A0247A7000B
084F5215F360084C254A02479F0007
084F4B15F372084C264A0247930009
084F4015F386084C254A0147930004
084F3015F39B084C234A0147910009
084F1915F3A8084C234A0147960003
084F0415F3AC084C224A00477C0002
084EF215F3AC084C214A0047860007
084EE815F3AF084C2049FF4787000D
084EE015F3BA084C1E49FF47840009
084ED915F3C7084C1E49FF47790003
084ECD15F3D5084C1E49FF477C0007
084EBE15F3DF084C1C49FE476B0006
084EAE15F3ED084C1C49FE4764000D
084E9D15F3FB084C1B49FE47590005
084E8A15F41D084C1B49FD47560003
084E7115F438084C1849FD47420006
084E5015F45B084C1949FD47490001
084E2E15F476084C1749FD473E0002
084E0915F48E084C1549FD474A0006
084DE815F498084C1749FD474D0009
084DD015F4A3084C1449FD474F0004
084DBD15F4A9084C1249FD473F0006
084DB115F4BE084C1049FD474F0009
084DA215F4D6084C1149FC47470005
084D9315F4F1084C0F49FC47420008
084D7C15F50D084C0C49FC473D0004
084D5F15F521084C0C49FC47390008
084D3F15F533084C0C49FC47270008
084D2515F540084C0A49FC47060009
084D1215F54E084C0849FC46F90008
084D0015F554084C0749FC46E0000D
084CF315F55F084C0749FC46C50004
084CE815F563084C0349FC468E0005
084CDE15F566084C0249FC468D0008
084CD315F569084C0049FC466B000A
084CCA15F574084C0049FC4643000C
084CC515F577084BFF49FC462D0006
084CBC15F57B084BFD49FC46140007
084CB815F581084BFA49FC45EC0004
084CB215F581084BFA49FC45D30005
084CAE15F585084BF949FC45BC000B
084CA915F588084BF949FC45A10009
084CA515F58C084BF849FC458F0011
084CA115F58C084BF849FC45760008
084C9C15F58F084BF949FB4578000C
084C9A15F58F084BF849FB45520005
084C9615F58F084BF649FB4548000A
084C9415F58F084BF949FB453B0004
084C9315F58F084BF849FA45340006
084C9515F58F084BF949FA45280006
084C9615F58F084BF849FA45160008
084C9615F58F084BF849F9450F0006
084C9515F58F084BFC49F8450F0003
084C9515F58C084BFA49F8450D0006
084C9515F58C084BFA49F844F60002
084C9415F58A084BFB49F744EC0009
084C9515F58F084BFC49F744F1000A
084C9415F58F084BFC49F744D90007
084C9415F593084BFA49F744DB0005
084C9215F599084BFA49F744D70007
084C9115F59D084BFB49F644DC0001
084C8D15F5A0084BFB49F644D80006
084C8815F5A0084BF949F644D00009
084C8415F5A4084BFB49F644D3000B
084C8215F5A4084BF849F544D20006
084C7C15F5AB084BF849F544D30009
084C7915F5AE084BF749F544D20002
084C7415F5B5084BF649F644D10006
084C6F15F5BC084BF649F544B40003
084C6815F5CD084BF749F444BF000E
084C6015F5D4084BF649F544C80009
084C5415F5DB084BF449F544C7000E
084C4A15F5E1084BF549F544BD0003
084C3E15F5EC084BF149F444B10006
084C3515F5EF084BF349F444B1000A
084C2C15F5F6084BF049F444A30003
084C2515F5FD084BF049F444A40008
084C1D15F600084BF149F344A7000A
084C1515F604084BF049F344A10000
084C0E15F607084BF149F344A0000E
084C0B15F609084BEF49F344970008
084C0715F60B084BEF49F2448F0003
084C0615F607084BEF49F244840004
084C0215F611084BED49F244720004
084BFE15F615084BEC49F244760007
084BFA15F61F084BEA49F34463000A
084BF215F626084BEC49F244570007
084BEA15F62D084BEB49F2445D0007
084BE015F637084BEB49F2445C000B
084BD815F63B084BEB49F244550006
084BD015F641084BEB49F2443A0004
084BC815F648084BEA49F144340003
084BC115F64C084BEB49F244340006
084BBA15F653084BEB49F2443D000C
084BB515F656084BEC49F2443C0006
084BAE15F659084BEE49F144220007
084BA815F65D084BEE49F144230008
084BA015F65D084BF049F1440C0008
084BA015F65D084BF149F144100008
084B9D15F65D084BF249F144140006
084B9D15F660084BF449F1440C0003
084B9C15F664084BF349F1440A0006
084B9915F664084BF449F143F60009
084B9815F667084BF649F143F40001
084B9615F667084BF549F143E70008
084B9215F66B084BF649F143F30008
084B9015F66E084BF749F143D70006
084B8B15F671084BF849F043D80008
084B8915F675084BF949EF43DB0006
084B8515F67C084BF949EF43D8000C
084B8115F67C084BFA49EE43D60006
084B7C15F67F084BFA49EE43D2000A
084B7915F67F084BFB49ED43CA0006
084B7615F67F084BFB49ED43C40003
084B7415F67F084BFB49ED43C6000B
084B7315F678084BFE49ED43BE0006
084B7715F675084BFD49EC43C3000C
084B7915F66E084BFD49EC43BC0006
084B7D15F664084BFD49EB43C00009
084B8515F65D084BFF49EB43B7000A
084B8F15F656084C0149EA43B70007
084B9915F64C084C0049EA43AF0008
084BA415F648084C0149EA43B8000A
084BAC15F645084C0249EA43A80007
084BB315F63E084C0249EA43AD0003
084BBA15F63B084C0349EA43AC000C
084BBF15F637084C0449EA43AD000C
084BC415F634084C0449EA43B5000B
084BC615F630084C0549EA43C00007
084BCB15F634084C0749EA43BE0001
084BCF15F630084C0649E943C6000A
084BD315F630084C0849E943CD000C
084BD315F630084C0B49E943C70008
084BD215F634084C0B49E943D40007
084BD315F637084C0B49E943D0000B
084BD115F634084C0C49E943D6000B
084BD215F63B084C0E49E943E10005
084BD115F637084C0F49E943DF0004
084BCC15F63E084C0F49E843ED0000
084BCB15F63B084C1249E843EA000A
084BCA15F63E084C1349E843E80006
084BCA15F63E084C1449E843FA0003
084BC915F63E084C1449E743F60002
084BC815F63B084C1549E743FB0004
084BC815F63B084C1349E743F70003
084BC915F63B084C1749E743F00003
084BCB15F637084C1849E743ED0000
084BC915F63B084C1A49E743F9000A
084BCB15F63B084C1849E743ED0003
084BC915F63E084C1A49E743E70009
084BCB15F637084C1949E643F10003
084BCC15F634084C1B49E643F20006
084BCD15F629084C1A49E743ED0007
084BD215F623084C1D49E643FA0006
084BD815F615084C1B49E743FA0005
084BE315F607084C1D49E643F90003
084BF015F600084C1D49E643FD0006
084BFD15F5F9084C1F49E643F20008
084C0715F5F6084C2049E643E50008
084C0F15F5F3084C2349E543F30002
084C1715F5EF084C2349E543F3000C
084C1D15F5E8084C2349E444020003
084C2315F5E1084C2549E443F60008
084C2815F5DB084C2849E443F80006
084C3315F5D0084C2949E444010008
084C3C15F5CD084C2949E4440F0009
084C4315F5C9084C2B49E444060007
084C4915F5C3084C2A49E4441F0005
084C5115F5C3084C2D49E344140004
084C5515F5BF084C2F49E34421000A
084C5A15F5BC084C2E49E3443A0006
084C5C15F5BC084C2F49E34437000B
084C6015F5B8084C2F49E3443B0007
084C6115F5B5084C3049E344360006
084C6515F5B5084C3149E244440001
084C6815F5B1084C3249E24457000E
084C6B15F5AE084C3249E2444E0006
084C6E15F5AB084C3449E244550008
084C7415F5A4084C3249E2445E0003
084C7715F59D084C3249E144720005
084C7E15F596084C3349E144750001
084C8415F593084C3249E044750008
084C8D15F58F084C3149E044730009
084C9215F58F084C3249E044750004
084C9515F58C084C3449E044860004
084C9815F58A084C3349E0447D0005
084C9C15F588084C3249DF44830008
084C9E15F585084C3449DF4497000F
084CA015F585084C3549DF449C0006
084CA315F581084C3449DF448E0008
084CA415F57E084C3349DF44A60007
084CA915F57E084C3349DF449C000A
084CAD15F57E084C3449DF44AD0006
084CAF15F57B084C3549DF44AF000A
084CB215F577084C3249DF44AF0008
084CB215F57B084C3449DE44AF000B
084CB515F57B084C3249DE44C40006
084CB215F57E084C3149DE44C10008
084CB215F57E084C3249DE44BC0008
084CB015F57B084C3349DD44C80009
084CB115F57B084C3249DD44D30007
084CB115F57B084C3149DE44C60004
084CB215F57B084C3049DE44D00003
084CB315F577084C3149DD44D4000B
084CB315F577084C3049DD44D30007
084CB515F574084C3049DD44CB0009
084CB615F574084C3149DC44DC0006
084CB815F574084C2E49DB44D8000B
084CBA15F574084C2E49DC44CF0005
084CBA15F574084C2F49DC44DF000A
084CBB15F571084C2F49DC44DE000A
084CBA15F574084C2D49DC44E80007
084CBB15F574084C2D49DC44E80001
084CB915F57B084C2D49DC44E90006
084CB815F57B084C2E49DB44E70005
084CB515F57B084C2E49DB44DC0003
084CB715F57B084C2A49DB44ED0006
084CB415F577084C2B49DA44EA0008
084CB315F57B084C2B49DA44EA0006
084CB315F577084C2A49D944E90008
084CB315F57B084C2B49D944E90008
084CB515F57B084C2949D944ED0007
084CB415F57B084C2849D844E90009
084CB515F57B084C2949D844F60008
084CB415F57B084C2649D844E70008
084CB615F577084C2749D744FB0007
084CB515F577084C2649D744F10006
084CB515F57B084C2349D744FA0006
084CB615F57B084C2549D644EF0006
084CB415F57B084C2449D644F20006
084CB115F57E084C2449D644F00000
084CB115F57E084C2449D644EF0005
084CAE15F581084C2349D644EB0008
084CAD15F57E084C2249D644EE000D
084CAB15F57F084C2249D644F30007
084CAC15F581084C2149D544DF0008
084CAC15F585084C2149D544E40005
084CAA15F581084C2149D544E20001
084CAA15F581084C2349D544D80007
084CAC15F581084C2049D544DC0006
084CAA15F581084C1F49D544E10006
084CA915F57E084C1F49D544D10008
084CAA15F581084C1D49D544D3000A
084CAA15F581084C1E49D544E80007
084CA915F585084C1B49D444D30008
084CAA15F585084C1D49D444E20003
084CA615F588084C1C49D444E40009
084CA315F58C084C1A49D444E20009
084CA115F58F084C1849D344E2000D
084C9F15F58F084C1749D244E9000A
084C9D15F593084C1849D244E4000D
084C9A15F593084C1749D244ED0006
084C9915F596084C1549D244EB0008
084C9615F596084C1549D244E10008
084C9215F596084C1549D244EA0009
084C9315F593084C1249D144E4000B
084C8F15F593084C1149D144E40007
084C9215F593084C1049D044E50006
084C9115F596084C0E49D044DF0006
084C9015F599084C0D49D044D80006
084C9115F599084C0C49D044DE000C
084C9015F599084C0B49D044DE0003
084C8D15F59D084C0949D044D80007
084C8D15F59D084C0A49D044D10002
084C8B15F59D084C0849D044DC0005
084C8915F5A0084C0849D144DA0008
084C8615F5A0084C0749D044D20006
084C8415F5A0084C0749CF44D90008
084C8515F5A0084C0649CF44E30005
084C8215F5A4084C0649CF44DA0006
084C8315F5A4084C0749CF44CF0006
084C8015F5A4084C0649CF44D50003
084C8015F5A7084C0549CF44D6000E
084C7E15F5A7084C0549CF44D9000B
084C8015F5A7084C0449CF44D10003
084C7D15F5AB084C0349CE44DC0008
084C7B15F5A7084C0449CE44CD0004
084C7915F5AE084C0249CE44C50006
084C7515F5B1084C0149CE44BC0008
084C7415F5AE084C0149CD44B80008
084C7315F5B1084C0149CD44B50004
084C6F15F5B5084C0049CD44AD0008
084C6F15F5B5084C0249CD44A90004
084C6B15F5B8084C0049CD44AA0007
084C6915F5B9084C0049CD44AA0006
084C6615F5B8084C0149CD44A70009
084C6515F5BC084C0149CD44A1000A
084C6315F5BF084C0149CC44A00004
084C6015F5BC084C0249CD44AB000B
084C5E15F5BF084C0249CC449E0008
084C5E15F5BF084C0249CC449E0009
084C5D15F5BF084C0449CC4494000C
084C5C15F5BF084C0249CB449C000A
084C5B15F5C6084C0249CB44950003
084C5915F5C9084C0149CB449A000A
084C5715F5CD084C0449CB448E0004
084C5415F5D0084C0149CB44940004
084C4F15F5D4084C0349CB449E0003
084C4B15F5D7084C0149CB448F0001
084C4415F5D7084C0149CB4492000A
084C4115F5DB084C0149CB448C0004
084C3D15F5DB084C0049CA447D0003
084C3915F5DE084BFE49CA44850008
084C3815F5DB084BFD49CA447F0004
084C3515F5DE084BFD49CA447A0008
084C3715F5DE084BFE49CA44880006
084C3715F5DE084BFF49CA44790006
084C3515F5E5084BFD49C944820004
084C3315F5E5084BFB49CA446E0007
084C3215F5E1084BFD49C9446A0008
084C3015F5E5084BFD49C9447B0001
084C2F15F5E1084BFC49C944670006
084C2F15F5E5084BFD49C8446A0007
084C3115F5E5084BFE49C8446A000C
084C3115F5E1084C0049C8446A0007
084C3015F5DE084BFE49C744700009
084C3115F5DE084BFE49C7446D0008
084C3315F5DE084BFF49C744600000
084C3315F5DE084C0149C74471000A
084C3515F5DE084C0149C64464000C
084C3615F5DE084C0249C6446A0006
084C3515F5E1084C0249C644620008
084C3515F5E1084C0249C5445A0006
084C3315F5E5084C0049C54457000A
084C3115F5E5084C0249C54460000D
084C2F15F5E1084C0349C544590003
084C2D15F5E5084C0249C5444E0005
084C2F15F5E1084C0449C5443D0006
084C3115F5DE084C0249C5443D0008
084C3115F5DE084C0349C44459000A
084C3215F5DB084C0349C44432000B
084C3315F5DB084C0649C544340006
084C3615F5D4084C0449C444570005
084C3A15F5CD084C0549C4442F0006
084C3E15F5C6084C0449C444360006
084C4515F5BD084C0449C3443A0005
084C4E15F5B5084C0449C3445A0006
084C5915F5AE084C0349C344370005
084C6215F5A7084C0449C344460003
084C6B15F5A4084C0449C344550005
084C7115F5A0084C0449C34459000C
084C7A15F599084C0649C2444E0005
084C8115F599084C0649C2445A0003
084C8515F593084C0449C2445D0008
084C8C15F593084C0549C244620007
084C8C15F593084C0449C2446A0005
084C8F15F593084C0749C244700006
084C8F15F58F084C0349C244780007
084C9315F58C084C0749C244890004
084C9415F588084C0549C1448A0007
084C9815F585084C0449C14493000A
084C9D15F585084C0549C044970003
084CA015F581084C0549C0449F000A
084CA515F581084C0249C0449A0009
084CA615F57E084C0549BF44A60006
084CA915F57E084C0149BF44A8000B
084CAA15F581084C0049BF44AD0009
084CA715F57E084C0049BF44BB000A
084CA615F57B084BFF49BF44B90003
084CA815F577084BFD49BF44BE0000
084CAD15F575084BFF49BF44BF0008
084CB015F570084BFC49BE44C50007
084CB415F56D084BFC49BE44CF0004
084CB815F569084BFD49BE44CB0010
084CBB15F566084BFA49BE44D5000B
084CBA15F563084BF849BD44CB000A
084CC015F55C084BF849BE44D10004
084CC615F55C084BF649BE44CF0001
084CCB15F555084BF549BE44D60000
084CD115F551084BF549BD44D90009
084CD715F551084BF449BD44E0000B
084CD915F555084BF249BD44E20007
084CD915F555084BF149BD44DB000A
084CD715F55C084BEE49BC44DC0006
084CD715F55F084BEE49BC44E70008
084CD115F566084BEE49BC44EF0006
084CCC15F56D084BEC49BC44EC000A
084CC615F570084BEA49BC44E9000C
084CC215F574084BEC49BB44EB0008
084CBE15F57B084BEB49BB44E70007
084CB815F57B084BEB49BB44E50008
084CB415F57E084BE949BB44EC000C
084CAC15F581084BE949BB44F90006
084CA915F585084BE849BB44F80008
084CA815F587084BE749BB4500000D
084CA315F58F084BE349BC44F70001
084C9E15F596084BE349BC44F80006
084C9715F59D084BE449BC45050001
084C9215F5A0084BE249BC44E70003
084C8815F5A0084BDF49BB44EC0002
084C8215F5A7084BDF49BB44DC0006
084C7D15F5A7084BDF49BB44D60005
084C7815F5AB084BDD49BB44D40002
084C7515F5A7084BDC49BA44DB0002
084C7415F5AB084BDA49BA44D80007
084C7115F5AB084BD949BA44DB0001
084C6F15F5AB084BD949B944DD0006
084C6F15F5AB084BD749B944D10008
084C6F15F5A4084BD749B844CD000B
084C6F15F5A0084BD849B844BE000A
084C7415F599084BD649B744D60006
084C7715F593084BD249B744C40008
084C7D15F593084BD349B744C40009
084C8515F58F084BD349B744B50003
084C8815F58C084BCE49B744B80007
084C8D15F588084BCE49B744BB0005
084C8F15F588084BCF49B644BC000A
084C9415F588084BCC49B644CA0008
084C9415F588084BC949B544C70009
084C9615F587084BC949B644B90008
084C9615F588084BC949B644C10001
084C9815F588084BC549B644BE0008
084C9715F588084BC349B644BC0008
084C9815F588084BC249B644BE0003
084C9515F588084BBF49B644D20006
084C9515F588084BBD49B544C10005
084C9615F588084BBC49B644C60003
084C9715F58C084BBA49B544D60007
084C9615F58F084BB649B544D1000A
084C9315F58F084BB649B544CB0009
084C9115F593084BB449B544DA0009
084C8E15F599084BB349B444BC0007
084C8A15F59D084BB049B444CF0006
084C8715F59D084BAD49B444CE0009
084C8315F5A0084BAD49B444C10000
084C8015F5A0084BA949B444C60002
084C7E15F5A4084BA749B444C90008
084C7815F5A4084BA549B444CA0010
084C7615F5A4084BA649B444D30006
084C7415F5A7084BA149B444C80008
084C7315F5AB084BA249B444C20002
084C7115F5AE084BA049B444B3000A
084C6E15F5AE084B9E49B344B9000A
084C6C15F5AE084B9C49B344AD0008
084C6C15F5AE084B9C49B344BE0008
084C6815F5B1084B9A49B344B00007
084C6515F5B5084B9A49B344A90003
084C6215F5B8084B9C49B244AB0004
084C5D15F5BF084B9649B244A50009
084C5915F5C6084B9649B244B6000A
084C5415F5CD084B9549B244A90001
084C4915F5D0084B9549B144A2000A
084C3E15F5D7084B9649B144B10005
084C3715F5DE084B9549B144A8000A
084C3215F5DE084B9349B044AA0009
084C2C15F5DB084B9449B044A60008
084C2A15F5D7084B9249AF44B50007
084C2715F5D4084B9049AF44B00008
084C2A15F5D0084B8F49AF44B80008
084C2C15F5D0084B8F49AF44A0000E
084C3115F5D0084B9049AF44A6000A
084C3415F5D7084B8F49AE44AE0008
084C3315F5E1084B8C49AE44B4000C
084C3015F5EC084B8C49AE44A8000A
084C2715F5F9084B8C49AE44A00006
084C1D15F600084B8C49AE44A80006
084C1315F60B084B8B49AE44AA0007
084C0A15F60B084B8A49AD44A40005
084BFF15F60E084B8949AD449E0008
084BFA15F613084B8749AD44930008
084BF315F618084B8849AD44920008
084BEF15F623084B8749AD447B0004
084BE715F630084B8749AD44840008
084BDA15F645084B8549AD446F0006
084BCE15F659084B8349AD4471000A
084BBB15F66E084B8449AC44660001
084BA715F67F084B8349AD44610009
084B8E15F694084B8049AD445D000B
084B7615F6A5084B8149AD444D000D
084B6115F6B6084B7F49AD442D0003
084B4C15F6C7084B7D49AD444A0000
084B3615F6D5084B7B49AD443B0006
084B2415F6E3084B7A49AD44160005
084B1115F6ED084B7949AD44170008
084AFE15F6FB084B7749AD440F0007
084AED15F708084B7749AD43F30008
084AE015F713084B7649AC43E7000A
084AD315F71A084B7349AC43CF0009
084AC415F727084B7349AC43C1000B
084AB515F72B084B7149AC43B1000A
084AAA15F72E084B6F49AC4393000E
084AA015F732084B7049AB438D0008
084A9915F732084B6F49AB437A0007
084A9415F732084B6E49AB437C000C
084A8F15F735084B6C49AA436D000A
084A8D15F738084B6A49AA435D0003
084A8C15F73C084B6C49A943540006
084A8C15F73C084B6949A943400008
084A8915F743084B6849AA43470003
084A8615F73F084B6749A94333000B
084A8315F743084B6549AA43310006
084A8215F73F084B6349A9432F0006
084A7F15F73F084B6249A9432C0003
084A7E15F73F084B6149A943230003
084A8015F73C084B5F49A9431D0006
084A8115F738084B6049A943170007
084A8315F735084B5E49A943180005
084A8415F735084B5F49A943160007
084A8715F735084B5D49A943170007
084A8915F738084B5E49A843090002
084A8A15F738084B5E49A9430C0004
084A8815F73F084B5D49A943100009
084A8315F74A084B5B49A942FB0009
084A7E15F74D084B5C49A9430D000A
084A7815F750084B5D49A943030008
084A7215F754084B5C49A84306000C
084A6F15F754084B5D49A843000006
084A6A15F754084B5C49A842F90006
084A6515F754084B5C49A842F10001
084A6515F750084B5A49A842EA0004
084A6815F750084B5949A842EA000A
084A6A15F74D084B5A49A84301000A
084A6A15F750084B5949A842F20003
084A6B15F754084B5849A842EA0007
084A6A15F757084B5A49A842F30003
084A6815F75E084B5849A842F90004
084A6415F75B084B5849A742EE0007
084A6215F75C084B5949A742FD0003
084A6015F757084B5849A642F0000A
084A5E15F75E084B5949A642EB0006
084A5E15F762084B5749A642F00003
084A5C15F768084B5949A642ED0004
084A5715F76F084B5749A542E80006
084A5015F77D084B5849A542EA0009
084A4615F781084B5649A442E80006
084A3C15F787084B5749A442E80007
084A3115F787084B5549A442E80006
084A2A15F78B084B5549A342F70006
084A2515F787084B5349A342F1000A
084A1F15F784084B5449A342E70002
084A1F15F784084B5449A242EE0003
084A2015F781084B5349A242E80008
084A2315F77D084B5149A242E00004
084A2515F77D084B5249A242E10001
084A2615F77A084B5049A242D90000
084A2815F776084B5049A242D20007
084A2A15F776084B4E49A242D60001
084A2B15F773084B4D49A242CB0011
084A2D15F773084B4B49A242C10006
084A2D15F773084B4D49A342CF000E
084A2F15F776084B4D49A342D4000B
084A2F15F773084B4B49A342D3000A
084A2F15F773084B4A49A342D50004
084A2F15F773084B4949A342D90006
084A3115F773084B4849A342E6000B
084A3015F773084B4949A342DF0000
084A2D15F776084B4849A442D30003
084A2F15F773084B4649A342EB000A
084A2F15F772084B4449A342DB0003
084A2F15F773084B4449A342D60008
084A3115F773084B4349A342E4000A
084A3215F776084B4249A242F5000C
084A3215F773084B4049A242E50008
084A3215F773084B4149A242E6000A
084A2E15F776084B4149A242E70001
084A2D15F77A084B4149A242E6000C
084A2B15F781084B3F49A142E70009
084A2915F787084B3C49A142EC0001
084A2115F78E084B3D49A042EC0008
084A1A15F795084B3C49A042FB0008
084A1115F799084B3E49A042F50008
084A0A15F799084B3B499F42E5000C
084A0415F799084B3A499F42E80005
084A0215F79C084B38499F42ED0001
0849FD15F79C084B3949A042FB0008
0849FC15F79F084B38499F42F30009
0849FB15F7A3084B36499F42EE0006
0849F915F7A6084B36499E42ED0007
0849F415F7A6084B34499E42F70007
0849F315F7AA084B33499E42F10008
0849EE15F7AA084B34499E42EF0000
0849EB15F7AA084B33499E42E50005
0849E815F7AA084B33499E42E2000A
0849E615F7AA084B32499E42F7000C
0849E615F7A6084B30499E42F70008
0849E615F7A3084B30499E42F10003
0849EA15F79C084B2F499E42F90005
0849EE15F799084B2E499E42F7000C
0849F515F792084B2E499D42FF000A
0849FB15F78E084B2C499D42FC0001
084A0015F78B084B2D499D42FB0009
084A0515F78B084B2B499D42FF0003
084A0C15F784084B2C499C43050008
084A1215F784084B2B499C43060008
084A1515F784084B28499C430C000C
084A1715F784084B2B499C43040003
084A1915F78B084B29499C42FA000A
084A1815F78B084B28499C4303000C
084A1515F78E084B29499C42F90007
084A1315F792084B28499C43010005
084A0F15F792084B28499B42FA0006
084A0C15F795084B28499B42FD000B
084A0A15F795084B26499B42FF0008
084A0915F799084B25499B4300000C
084A0715F795084B25499B42F60008
084A0815F795084B26499B42ED0008
084A0415F799084B23499B42F90002
084A0515F795084B22499B4301000C
084A0615F795084B20499B42FB0003
084A0615F795084B24499B42F00006
084A0915F792084B20499B42F00001
084A0A15F78B084B21499B42E30006
084A0A15F787084B1E499B42E10009
084A0B15F787084B1D499A42E80004
084A0E15F78B084B1E499A42DA0005
084A0E15F78B084B1C499942DB000B
084A0E15F78E084B1B499942D8000B
084A0E15F795084B1B499942D9000C
084A0B15F799084B1B499842E10009
084A0515F79D084B1A499842D9000A
084A0015F7A3084B1A499742DF000A
0849FB15F7A6084B19499842E50007
0849F415F7AA084B17499742DD0006
0849EE15F7AD084B18499742DF0006
0849E915F7B1084B17499742D90003
0849E515F7B4084B15499742D40000
0849E015F7B7084B16499642D20004
0849DC15F7BB084B16499642E30007
0849D915F7BB084B13499542DF0006
0849D215F7BB084B12499642DE0003
0849CF15F7C2084B10499642D4000A
0849CE15F7C2084B10499642E10009
0849CB15F7C5084B11499642EE0004
0849C815F7C5084B11499642E30008
0849C815F7C5084B11499642DA0009
0849C615F7C2084B0F499542DD0006
0849C415F7C2084B0E499542DD0006
0849C515F7C2084B10499542D40008
0849C615F7C2084B0F499442E30008
0849C715F7C2084B11499442DC0007
0849C615F7C2084B0F499442DD000C
0849C715F7BE084B13499442DF0005
0849C715F7BE084B11499442D2000A
0849C815F7BE084B12499442D10008
0849C815F7C2084B10499442BF0007
0849CA15F7CC084B13499442C50004
0849C515F7E1084B13499442CB0007
0849BB15F7F2084B12499342C00006
0849A815F803084B14499342C60006
08499415F80A084B14499342CA0004
08498115F80A084B14499342C30007
08497515F803084B14499342C70008
08496F15F7F7084B16499242C90009
08497215F7E7084B16499342CC0009
08497A15F7C9084B17499342BE0005
08498F15F7A6084B17499242C30005
0849AA15F787084B16499242D00006
0849CF15F76C084B18499242C20007
0849F315F75B084B18499242BF000A
084A1315F74D084B19499242BD0005
084A2B15F743084B1A499142C20007
084A4415F73F084B18499142CE0007
084A5515F743084B1B499042E10009
084A5F15F74A084B19499042EA0006
084A6215F750084B19499042EA0008
084A5D15F75B084B1B499042EA0008
084A5415F762084B1B499042E90007
084A4C15F762084B1B499043010001
084A4515F75B084B1A499043180003
084A4215F74A084B1C498F431A0003
084A4815F724084B1C498F4332000A
084A5915F6F4084B1D498F4330000D
084A7615F6C4084B1C498F432A0006
084AA415F6AF084B1B498F432E000B
084AD115F6AF084B1D498F432C0004
084AF315F6C0084B19498E43370006
084B0515F6D8084B1A498F433A0005
084B0015F6F4084B1A498F434C0001
084AEC15F70C084B1C498F43490007
084AD215F71A084B1E498F4355000D
084ABD15F727084B1C498F43610009
084AA915F734084B1B498E43770009
084A9715F73F084B1B498F438D000C
084A8715F73F084B1B498F43860008
084A7815F73F084B1A498E437D0003
084A7115F743084B1B498E437E000C
084A6C15F743084B1C498E438A0006
084A6915F74D084B1B498E4386000A
084A6315F757084B1D498E43910008
084A5A15F75B084B1B498E437F0005
084A5115F762084B19498E43800008
084A4A15F765084B1B498E437A0003
084A4315F762084B19498E43780007
084A3F15F76C084B1A498D436F0008
084A3D15F773084B1A498D43620001
084A3515F77D084B1A498D43660004
084A2D15F787084B1A498D435A0005
084A2215F78B084B19498D43500008
084A1915F792084B19498E434C000A
084A0F15F7A3084B18498D434C000B
084A0315F7BE084B17498E43490005
0849F215F7E4084B15498E43420008
0849D515F7FF084B15498E433F0009
0849B115F80D084B15498D43420007
08499415F814084B14498D43440006
08497E15F818084B15498C433A0003
08496D15F814084B12498C4324000C
08496715F803084B12498C43250005
08496615F7D6084B10498B43180003
08497415F792084B10498B430E0005
08499E15F743084B12498B43120002
0849DD15F705084B0F498B42FD0006
084A2215F6DA084B0F498B42FD0007
084A6815F6B6084B0D498B4303000A
084A9F15F69E084B0C498A42ED0005
084AD815F690084B0D498A42F60008
084B0B15F678084B09498A42FF000B
084B2C15F664084B0A498A42FF000A
084B4715F64F084B07498943070009
084B6115F641084B07498A4321000A
084B7515F634084B05498943280006
084B8715F629084B0549894332000F
084B9815F61F084B0349894340000B
084BAC15F61F084B024989435B0006
084BBB15F623084AFE4989436F0008
084BBE15F62D084AFF4989438C0009
084BC015F641084AFC498943980009
084BBA15F660084AFD498843AB0005
084BA415F678084AFC498843B1000A
084B8815F68D084AFB498843C0000A
084B6C15F6A8084AFB498843D30006
084B4B15F6CE084AF9498843E00008
084B2215F6ED084AF7498743EC0002
084AFD15F713084AF6498743EB000A
084AD015F746084AF3498743FD0005
084A9A15F773084AF4498744050006
084A6315F784084AF3498743F60008
084A3715F78E084AF5498744090004
084A1715F7A3084AF64987440A0008
0849FA15F7C5084AF449874418000C
0849DB15F7EE084AF64986440F0005
0849B115F80A084AF349874412000A
08498B15F81B084AF5498644250000
08496A15F836084AF5498644260007
08494A15F866084AF54986441F0005
08492215F89A084AF74986441B0008
0848ED15F8B9084AF6498644160009
0848B515F8B9084AF7498644090006
08489115F8A8084AFB49864416000B
08488715F897084AF8498643FC000A
08489115F882084AFB498643F40010
0848A315F874084AFA498543E30008
0848BA15F855084AFC498543D20006
0848D515F836084AFC498543BE0006
0848F315F836084AFC498543A00004
08491015F84E084AFD4985439A0008
08491915F874084AFF49854385000C
08490B15F889084B0049844375000B
0848F015F885084B034984435F0008
0848DF15F866084B0349844354000B
0848E215F85C084B05498443400009
0848F115F871084B09498443280008
0848F715F89D084B08498343200009
0848E615F8C7084B0B4983430A0005
0848C415F8DB084B0D498342FC0006
08489E15F8DB084B0F498242F10006
08488315F8CA084B0F498242D2000E
08487815F8AB084B13498242D40005
08487E15F889084B14498242C30005
08489615F86D084B14498242B40001
0848B915F852084B154982428D0006
0848DD15F848084B1749824287000B
0848F915F844084B1A498142740002
08490C15F84A084B1B498142650008
08491A15F863084B1E498142560008
08491815F889084B21498142540008
08490815F8B2084B234981424E0006
0848E915F8CD084B24498142520008
0848C315F8E5084B28498142570000
0848A015F8FA084B27498142400007
08488015F908084B294980424E0001
08486515F916084B2A498042530007
08484E15F91C084B30498042400006
08483F15F927084B32498042480008
08483215F927084B314980423C000C
08482B15F923084B36497F422C0010
08482715F916084B38497F42200008
08482A15F908084B3B497F42100005
08483215F8FE084B3E4980420B000A
08483D15F8FA084B40497F41EF0007
08484615F8FA084B44497F41DE0006
08484B15F8FE084B49497F41D50008
08484E15F904084B4B497E41C20007
08484D15F901084B4E497E41B2000B
08484B15F901084B53497D41B20000
08484B15F8FA084B58497E41B90006
08484D15F8F3084B5A497E41B3000A
08485315F8E9084B5D497E41AC0008
08485C15F8E2084B5E497F41AE0009
08486415F8D8084B63497E41B50004
08486F15F8C7084B64497F41AE000A
08487B15F8B2084B67497F41B4000E
08488915F897084B6B497F41AE000A
08489E15F87B084B6D497F41B10005
0848B515F860084B6F497F41BA0008
0848D815F848084B73497F41AF0008
0848FA15F830084B72498041AA0007
08491715F818084B75497F41BE000E
08493615F7FF084B78497F41B50002
08495315F7ED084B7D498041C60007
08496E15F7DD084B80498041D30007
08498715F7D3084B84498041E20007
08499D15F7C5084B85497F41E80009
0849B015F7BE084B88497F41FE0004
0849C015F7BB084B8A497E41EB0008
0849CE15F7BB084B8E497E421D0007
0849D615F7BE084B90497E42190003
0849DA15F7BE084B90497D42260001
0849DD15F7BE084B92497D42360003
0849E115F7BE084B94497C42410003
0849E415F7BE084B97497C42530006
0849E615F7BB084B9B497C42520000
0849E915F7BE084B9C497C42590009
0849E815F7BB084B9E497C42670007
0849EB15F7BB084BA0497B42710001
0849EC15F7BB084BA3497B427C0006
0849EE15F7B7084BA6497B4272000A
0849F015F7B1084BA6497A42820008
0849F415F7AA084BA9497A4280000A
0849F815F795084BAA497A427E0006
084A0615F787084BAD497A42820005
084A1415F776084BAE497A4289000C
084A2115F76C084BB1497942820008
084A3415F762084BB3497A428B0006
084A4315F75E084BB0497A42880008
084A5215F757084BB4497942790006
084A5D15F750084BB649794281000B
084A6615F74D084BB94979429D0005
084A7015F74A084BBA497942910004
084A7815F743084BBB4979429E0008
084A7D15F73F084BBD497942A30002
084A8415F735084BBF4979429E0008
084A8A15F72E084BC3497942A90003
084A9315F724084BC3497942B1000A
084A9B15F71A084BC5497942B40006
084AA615F70F084BC4497942B30009
084AB315F708084BC7497942C60006
084ABB15F705084BC9497942CA000D
084AC515F6FB084BCA497842D60007
084ACC15F6F4084BCD497742D50001
084AD715F6EA084BCB497742D10002
084AE015F6E6084BCD497742D10011
084AEA15F6DF084BCF497742E30009
084AF115F6D8084BD1497642E00004
084AFE15F6CE084BD2497642FA0007
084B0715F6C7084BD1497642F80008
084B0C15F6BD084BD5497642F70008
084B1815F6AF084BD4497643070009
084B2315F6A5084BD5497643100008
084B3015F697084BDA4976430A0006
084B3E15F68D084BDC497643110007
084B4C15F686084BDD497543160009
084B5715F67F084BDF4975431F0007
084B6415F671084BE04976432D0006
084B6E15F66B084BE04976432E0001
084B7915F660084BE149764335000A
084B8515F659084BE34976433D0007
084B9115F653084BE449764347000B
084B9C15F64D084BE3497543520005
084BA315F645084BE3497543530003
084BAA15F63B084BE7497543630006
084BB615F634084BE6497543790007
084BBF15F629084BE9497443730000
084BCA15F623084BE8497443890009
084BD415F61C084BE94974438F0006
084BDE15F618084BEB4974439E0003
084BE715F60E084BED4974439A0007
084BF015F600084BEE497443AC0009
084BFA15F5F6084BEF497443B8000B
084C0915F5EC084BF0497443BC0007
084C1515F5E8084BF1497443C40007
084C2015F5EC084BF1497443D40009
084C2515F5E5084BF4497443CF000A
084C2715F5D4084BF2497443D80006
084C2F15F5BC084BF3497443E70006
084C3F15F5B1084BF3497343F40005
084C4F15F5B5084BF4497344000009
084C5915F5AB084BF34973440E0008
084C5E15F596084BF349734410000A
084C6615F57E084BF34972441D0009
084C7915F56D084BF34972441C0006
084C8F15F563084BF1497244380003
084CA115F558084BF2497144310003
084CB215F54B084BF14971443C0001
084CC115F542084BF249714445000D
084CD215F539084BF1497044590006
084CE115F52F084BEE4970446B0008
084CED15F52C084BEF4970447D0006
084CF615F51E084BEE497044910003
084D0015F517084BED497044A0000F
084D0A15F510084BED497044A80007
084D1515F506084BED497044C30006
084D2015F4FF084BEA497044CA0006
084D2B15F4FC084BE9497044DC000A
084D3215F4FC084BE9497044E4000A
084D3715F506084BE8497044E90006
084D3715F50D084BE7496F44FE000C
084D3415F514084BE9496F45140004
084D2D15F514084BE6497045160003
084D2715F510084BE7496F451E0008
084D2515F510084BE8496F4518000A
084D2315F50D084BE74970452E0001
084D2415F50D084BE4497045290006
084D2515F50D084BE3497045310007
084D2615F517084BE449704535000A
084D2415F51E084BE3497045410004
084D1C15F51E084BE4496F453B0008
084D1515F51E084BE4496F4540000C
084D0F15F517084BE3496F4542000A
084D1015F517084BE2496F45450011
084D1415F50D084BE0496F454A0008
084D1A15F509084BE1496F454B0009
084D2015F50D084BDE496F45420009
084D2215F528084BE0496F45540009
084D1B15F555084BE2496F454D0004
084D0215F58C084BE0496E454F0006
084CDB15F5B5084BE1496E45560000
084CA515F5D4084BDF496D455B0008
084C7215F5E8084BDF496D455F0009
084C4515F5F6084BDF496D455A0009
084C1E15F607084BE0496C45610001
084BFF15F61F084BDF496C45700008
084BE515F63B084BDF496C4579000C
084BC715F648084BE0496C4574000B
084BAD15F648084BE1496C45730006
084B9B15F645084BDE496B4577000B
084B8F15F64C084BE1496B457B0007
084B8715F659084BE2496B4570000A
084B7F15F65D084BE1496B457F0004
084B7715F664084BE0496A45710005
084B6C15F664084BE2496A457B0006
084B6615F664084BE44969457D000B
084B6415F653084BE2496A45760006
084B6A15F63B084BE3496A4571000B
084B7515F623084BE34969456E0006
084B9015F60B084BE349694572000A
084BAF15F5F6084BE1496945700005
084BCC15F5FD084BE34969455E0007
084BE115F626084BE14969455F0001
084BDF15F653084BE249684561000B
084BC315F67C084BE249684563000C
084B9815F6A8084BE14968456B0007
084B6815F6DC084BE1496845630006
084B3115F702084BE1496745650002
084AF615F6EA084BE04967456B0006
084ACD15F6A8084BE04968455F0004
084AD315F653084BE14967456E0003
084B0515F611084BE1496745610006
084B5015F5E1084BE1496645540008
084B9B15F5C9084BDF4966454F0007
084BE115F5B8084BE1496645460003
084C0F15F5B8084BE1496645420008
084C3015F5C9084BDD4966453D0005
084C4115F5F9084BDF4965453C0007
084C3815F660084BDD4965453A0000
084C0B15F6D8084BDF496645280009
084BB015F732084BDF4966452F000C
084B3915F762084BDC4965452A000D
084AC915F76C084BDE4965451B000A
084A7215F754084BDC4965451F0002
084A4615F73C084BDF4965450B000A
084A4315F720084BDC4965450A000C
084A5215F6F7084BDA49654501000A
084A6F15F6BD084BDB496544FA000A
084A9C15F683084BDC496544E70003
084AD815F645084BDB496444E90007
084B1D15F618084BDA496444D60007
084B6215F60B084BDC496444D10006
084B9815F60B084BDB496344C8000C
084BC015F60B084BDC496444C20006
084BD315F60E084BDB496344C70006
084BDD15F611084BD9496344BC000E
084BE015F615084BDB496344CC0009
084BDF15F623084BDA496344C90008
084BDA15F641084BD9496344D5000A
084BC915F664084BD8496344D8000A
084BAD15F675084BDA496344E20003
084B8E15F67C084BD9496344DD0008
084B7715F67C084BD8496244DD000E
084B6A15F678084BD7496244E70003
084B6515F67C084BD7496244E20006
084B6215F683084BD8496344E60008
084B5F15F67F084BD8496344E0000A
084B5B15F67C084BD7496244E2000C
084B5C15F67F084BD6496244D30007
084B5F15F67F084BD5496344C80008
084B6215F683084BD8496344C40007
084B6115F68E084BD5496244B50009
084B5F15F6A5084BD5496244B4000A
084B5215F6BD084BD7496244A2000C
084B3D15F6CE084BD44962449A0005
084B2415F6E3084BD4496244870008
084B0B15F6F7084BD4496244790008
084AEF15F716084BD24961447A000B
084AD115F72B084BD54961446B0003
084AB015F72E084BD4496144620000
084A9C15F724084BD44961445C0004
084A9315F720084BD4496144530010
084A8F15F724084BD5496144300006
084A9015F720084BD4496044410002
084A9215F70F084BD3496044390008
084A9A15F6FB084BD4496044260006
084AAA15F6E6084BD249604428000A
084ABF15F6D2084BD34960441B0004
084AD615F6CB084BD3496044040008
084AEE15F6D5084BD249604405000A
084AF915F6EA084BD3496043F90003
084AF815F702084BD2496043F40007
084AE515F716084BD0496043E70004
084ACE15F71D084BD2495F43EF0003
084AB815F708084BD0495F43E0000C
084AAE15F702084BD2495E43DC000A
084AB115F70F084BD2495E43EA0006
084AB215F72B084BD1495E43DE000A
084AA515F743084BD1495E43D6000B
084A9015F746084BD1495E43D6000C
084A7B15F743084BD0495D43D90007
084A7115F72E084BCE495D43CB000B
084A7515F713084BCF495D43CE0008
084A8615F6F4084BCF495C43C00008
084A9E15F6DC084BCF495C43D20005
084ABF15F6C4084BD0495C43D60004
084AE015F6BA084BCF495B43CC000C
084B0015F6BD084BCC495B43C2000A
084B0E15F6C4084BCD495B43CA0007
084B1315F6D5084BCE495B43D8000C
084B1015F6DC084BCB495B43C00007
084B0315F6EA084BCB495C43C20008
084AF315F702084BCA495B43C00001
084AE315F713084BC8495C43B70006
084ACD15F716084BC8495B43C90003
084ABC15F70F084BC7495B43B80006
084AB015F70C084BC9495B43BE0000
084AAE15F705084BC9495B43C30002
084AB115F6F7084BC8495B43C00006
084ABA15F6E6084BCA495B43B5000C
084AC915F6D2084BC8495B43BD000C
084ADA15F6BD084BC9495B43B6000A
084AF115F6B3084BC8495B43B20006
084B0715F6AC084BC9495B43B90007
084B1915F6AF084BC7495B43AD0006
084B2415F6B6084BC7495A43B30006
084B2915F6C4084BC7495A43AB0006
084B2615F6CB084BC5495943A80008
084B1B15F6DA084BC6495943BC0008
084B0D15F6E6084BC4495943B50007
084AFB15F6E6084BC5495943B40000
084AF215F6E6084BC2495943AF000A
084AEB15F6ED084BC1495943BC0006
084AE615F6F7084BC0495843C0000A
084ADD15F6FB084BC0495943BE0006
084AD315F6F0084BBF495843C00000
084AD115F6E3084BC0495843C30003
084ADC15F6D5084BC1495843BF0009
084AEB15F6CE084BBD495843C7000C
084AF715F6C7084BBF495843C20003
084B0115F6C4084BBE495843C7000C
084B0A15F6C4084BBC495843BB0000
084B1015F6CE084BBC495943C30006
084B1015F6F0084BBC495943C8000B
084B0215F74D084BBB495943BF0003
084AD315F7B4084BBB495843B50009
084A7515F830084BBB495843AB0006
0849F915F893084BBB495743BA000C
08497815F8C0084BBA495743B70006
0848FC15F8CA084BBA495643B8000C
0848AA15F8B5084BB7495643AA0009
08488615F87B084BB6495643A8000B
08488B15F844084BB8495643AF000A
0848B815F80D084BB6495643A2000C
0848F415F7DD084BB6495543A00009
08493915F7C9084BB5495543A7000C
08497115F7BE084BB5495543AC0003
08499B15F7B7084BB5495543A20008
0849B715F7B1084BB64954438E0001
0849C715F7B3084BB44954439C000B
0849D315F7C2084BB4495343910009
0849D215F7DD084BB3495443950006
0849C715F806084BB3495443820008
0849A815F80D084BB44954437A0005
08498A15F80D084BB2495443850006
08497615F80D084BB14954437D0004
08496B15F80D084BB24954437E0008
08496415F803084BB04954437A0008
08496615F7F2084BB1495443750002
08497115F7DA084BB1495443740005
08498415F7B7084BAE495443810003
0849A115F799084BAF495443790007
0849C415F77D084BB1495443770003
0849EA15F768084BB2495443710003
084A1115F750084BB2495343740006
084A3215F743084BB3495443700003
084A4D15F735084BB1495443650006
084A6315F72E084BB049534366000B
084A7A15F71D084BB049544366000E
084A8D15F713084BB149544368000E
084A9C15F708084BB3495443670005
084AAD15F702084BB1495343600008
084AB915F702084BB1495343680005
084AC215F705084BB1495243590007
084AC715F70C084BB3495243600006
084AC615F713084BB24952435D0003
084AC015F71A084BB0495243560009
084AB815F71D084BB0495243500004
084AB015F724084BB1495243540006
084AA815F71B084BB349524352000B
084AA515F71A084BB1495143590006
084AA715F716084BB34951434F0009
084AAC15F713084BB3495143590000
084AAE15F70F084BB049504353000A
084AB115F70C084BB14950435A0006
084AB315F705084BB1495043530007
084ABA15F705084BB3495043530008
084ABE15F702084BB3494F4356000A
084AC215F6FB084BAF494F43550003
084AC815F6F7084BB1494F434E000B
084ACF15F6F0084BB0494F434B0010
084AD615F6EA084BB2494E4347000B
084ADE15F6EA084BB2494F43480007
084AE715F6ED084BB1494E43430005
084AE715F6F7084BB1494E4348000A
084AE215F716084BB3494E434A0008
084AD215F746084BB2494E43500008
084AB015F75B084BAE494E434D0009
084A8915F75B084BAF494E43590002
084A6A15F75E084BB0494E4353000C
084A5915F757084BB0494E435C0006
084A5515F750084BAD494E43620008
084A5515F746084BAF494E43620008
084A5C15F738084BAF494E43610000
084A6615F72B084BAF494E436D0009
084A7315F71D084BAF494E435C0003
084A8315F716084BAF494E43620009
084A9115F713084BAE494E43610007
084A9E15F709084BB0494D4364000C
084AAB15F702084BAE494D435A000D
084AB515F6F7084BAC494D43610008
084AC215F6F0084BAC494D43640002
084ACF15F6EA084BAD494D4365000A
084ADC15F6E3084BAB494C4369000D
084AE415F6DF084BAC494D43640005
084AEB15F6DC084BAB494D43620003
084AF115F6DF084BAC494D4358000A
084AF415F6E3084BAB494D43550008
084AF315F6E3084BA9494C435A0008
084AF015F6E6084BA8494C434F000C
084AEF15F6E3084BA7494C434D0003
084AEE15F6E6084BA9494C434C0008
084AEF15F6DF084BA7494C43570009
084AED15F6DF084BA8494C435F000A
084AF015F6DC084BA8494C43630000
084AF515F6DC084BA7494C435B0008
084AF815F6DC084BA8494C43590003
084AF915F6DF084BA8494C43680008
084AFB15F6DF084BA6494B436F0000
084AFA15F6E6084BA8494B436B0009
084AF715F6EA084BA8494B43660008
084AF115F6F4084BA7494A43620002
084AEA15F6FB084BA5494A43630004
084AE215F705084BA6494A43630009
084AD415F70C084BA5494A435F000D
084ACB15F70F084BA6494A43600001
084AC415F713084BA6494A43610003
084ABB15F714084BA4494A435B0008
084AB715F716084BA6494943550002
084AB215F71A084BA5494943550006
084AB215F72E084BA7494A43520009
084AA915F735084BA6494943530006
084A9E15F732084BA849494355000A
084A9315F727084BA8494943520009
084A9215F71D084BA8494943460006
084A9815F713084BA749494356000A
084AA415F70F084BA6494943400006
084AAB15F70C084BA8494943480008
084AB115F70C084BA9494943460005
084AB615F70F084BA8494843420008
084AB715F708084BA7494843400006
084ABA15F705084BA7494943410008
084ABE15F705084BA64949433E000A
084AC315F702084BA5494943410008
084AC815F702084BA7494943350008
084AC715F702084BA54949432D0007
084AC615F702084BA7494843390002
084AC915F702084BA74948433B000B
084ACB15F6FE084BA749484332000A
084ACE15F6FE084BA64947432C0005
084ACE15F702084BA7494743240003
084ACF15F705084BA6494743270004
084ACA15F705084BA6494743240005
084AC815F702084BA74947431A0002
084ACC15F702084BA54947432E0003
084ACA15F6FE084BA549474319000B
084ACD15F6FB084BA54947431E0008
084ACF15F6FE084BA4494643210008
084AD115F6FB084BA64946431D0007
084AD315F6F4084BA5494643300006
084AD615F6F4084BA54946431A0008
084AD815F6F7084BA7494643240002
084AD915F708084BA54946431E000C
084AD315F72B084BA54946431B0005
084ABF15F74A084BA5494643310005
084A9E15F757084BA349464325000A
084A7E15F754084BA34946432C0004
084A6F15F750084BA44946431F0000
084A6815F750084BA549454333000A
084A6615F757084BA3494543300006
084A6215F754084BA24945432A0003
084A6115F754084BA24945432D0006
084A5F15F74A084BA44944431A000A
084A6315F743084BA1494443170005
084A6815F73F084BA249444313000A
084A6F15F73F084BA1494443180006
084A7015F73F084B9F4943431D0004
084A7415F738084B9F4943431C0004
084A7815F72E084B9D494343100004
084A8115F738084B9D4943431D0008
084A8515F757084B9D4943431A0004
084A7E15F76C084B9A494343080006
084A6C15F765084B9A4942431D0004
084A5815F75B084B984942430A0005
084A5015F74D084B964942430C0009
084A5515F73F084B94494243100007
084A5F15F738084B91494243170002
084A6A15F735084B91494243070003
084A7715F738084B92494243060007
084A7D15F738084B8F494243080007
084A8015F738084B8F4942430A000A
084A8015F735084B8E49424313000C
084A8115F735084B8D494243190008
084A8315F738084B8C494143190006
084A8015F73C084B8C4941431B0002
084A8115F73C084B8C494143130005
084A7E15F73C084B8A4941431D0008
084A7F15F738084B894941431D0010
084A8015F73C084B8A49404325000C
084A8115F743084B8A494043200008
084A7E15F750084B884940431F0006
084A7715F75E084B86493F4326000A
084A6A15F773084B87493F4320000D
084A5615F79F084B85493F43240009
084A3515F7D3084B84493F43270008
084A0B15F80A084B83493F431D0005
0849D915F844084B81493E4313000A
0849A115F87B084B83493E4311000C
08495C15F8B5084B81493E430B000C
08491315F8F3084B82493E430A0007
0848BD15F934084B81493E43080002
08486E15F96F084B82493F43040009
08481D15F98A084B81493F43020009
0847D015F968084B83493E42FD0011
0847A915F92E084B7F493F42F80008
0847B015F8E9084B81493F42F9000B
0847E015F8AF084B81493F42ED0009
08482615F876084B7F493F42F30008
08487015F852084B80493F42E80001
0848BA15F83D084B7E493F42F2000C
0848F215F83A084B7E493F42F10006
08491715F848084B7F493F42E30008
08492815F871084B7F494042E80008
08492015F8A8084B7F494042E20007
0848F415F8DF084B80493F42EA0008
0848BD15F923084B80493F42D90001
08487E15F953084B80493F42E30003
08483915F957084B7F493F42D6000C
08480315F946084B80493E42DA0007
0847E915F920084B7E493F42C80008
0847EB15F8E9084B81493F42D60007
08480615F8B2084B80493F42D30006
08483A15F882084B80493F42C5000C
08487415F85C084B81493F42D40006
0848B015F83A084B81493F42C80002
0848E415F822084B81493F42BE0008
08491115F80A084B82493F42BA000D
08493B15F7F5084B82493F42BA0005
08496315F7EB084B83493E42B90005
08498015F7E4084B83493E42B40004
08499015F7DD084B83493E42C30003
08499E15F7E1084B83493E42BB0003
0849A615F7E1084B84493E42C40004
0849AE15F7E1084B84493E42C7000B
0849AF15F7DA084B85493E42BF0002
0849B315F7D3084B84493E42BC0009
0849B815F7CC084B88493D42C50005
0849C215F7C5084B85493D42C1000A
0849CA15F7BB084B82493C42CA0012
0849D415F7B1084B85493C42B90009
0849E115F7A6084B88493C42BA0000
0849ED15F7A1084B86493B42C9000F
0849F815F79C084B86493B42BF0008
0849FE15F795084B88493B42C10003
084A0915F792084B88493B42AE0008
084A0D15F78E084B8B493B42CC0004
084A1415F78B084B89493B42B60002
084A1815F787084B8A493A42B4000A
084A1E15F784084B8C493942BC0006
084A2215F781084B8A493942BF0012
084A2615F781084B8B493942BD000A
084A2B15F784084B8C493942CE0000
084A2B15F784084B8D493942CB0008
084A2C15F787084B8E493942CF0005
084A2815F787084B8D493942CE0006
084A2715F787084B8F493942D2000E
084A2515F787084B90493942E60006
084A2515F78B084B92493942DD0007
084A2415F78B084B92493942DE000A
084A2515F78E084B91493942D9000A
084A2215F78B084B94493942DB000B
084A2215F78B084B96493842DC0007
084A2215F787084B95493842E30008
084A2415F781084B96493942EF0006
084A2915F77D084B93493942D90007
084A2E15F776084B94493942D60006
084A3315F773084B93493842D60000
084A3A15F76F084B92493942EE0001
084A3F15F768084B92493942F00009
084A4415F768084B90493942D9000C
084A4815F765084B92493842E8000E
084A4C15F75E084B93493842DF0001
084A5115F75C084B91493942E00008
084A5515F75E084B93493842DA0011
084A5715F75E084B91493942D80007
084A5815F75E084B91493842D80000
084A5A15F757084B92493842E10003
084A5F15F754084B90493842DF0008
084A6115F74D084B92493842E1000A
084A6615F746084B91493842DE0007
084A6C15F746084B91493742E30006
084A7315F74A084B91493742EA0001
084A7415F757084B90493742EA0005
084A6E15F792084B90493742E80008
084A5815F80D084B8F493742F10003
084A2015F8AB084B8D493742F10009
0849A515F92A084B8D493742F20001
08490015F953084B8F493842FB0008
08487515F92E084B8C493842FF0006
08482315F8DB084B8C493743010009
08481815F897084B8B493843080008
08484115F852084B8D49384302000B
08488715F822084B8D49384306000C
0848D415F7F2084B8B493843100004
08491B15F7D3084B89493843050006
08495A15F7BE084B8949374304000B
08498E15F7B1084B89493843090006
0849BA15F79F084B894938430E0004
0849D815F799084B8B493842FD000B
0849EF15F795084B8A493742FB0008
084A0515F78E084B8D493742F50003
084A1015F78E084B8C493642F2000C
084A1815F79F084B8B493642FB0003
084A1715F7C5084B8B493642F20002
084A0115F818084B8B493542EE0005
0849CF15F84B084B8C493542F6000E
08498915F871084B8C493542F30006
08494915F8C3084B8D493542F3000C
08490215F90F084B8B493542EE0005
0848AB15F938084B89493542F50001
08485315F946084B8C493442F20008
08481215F931084B8C493542EF000E
0847F815F901084B8B493542F0000C
0847FF15F8BC084B8D493542EC0003
08482815F87E084B8C493442D40003
08486815F852084B8E493442DD000E
0848B515F82C084B8E493542DD0003
0848FD15F80A084B8F493442DB0006
08493815F7F2084B8E493442D3000C
08496615F7E1084B8E493442DC0008
08498C15F7CF084B8F493442E50006
0849A815F7CF084B90493442D90006
0849BD15F7C9084B90493442D00006
0849C815F7C5084B92493342D40006
0849CD15F7BE084B93493342D40006
0849D415F7B4084B90493342CA0002
0849D915F7AD084B92493342D90003
0849E315F7A6084B90493242D00009
0849ED15F79F084B92493242D0000C
0849F715F799084B91493242D0000C
084A0115F792084B90493242D7000B
084A0915F78B084B91493242D50004
084A1315F77D084B92493242D10006
084A1D15F776084B92493242D20004
084A2B15F76C084B92493242D0000C
084A3515F765084B93493142D3000A
084A3D15F75C084B91493042DB0006
084A4815F754084B94493142D4000C
084A5215F754084B93493042E10006
084A5815F74D084B93493042E10008
084A6015F743084B94493042E8000B
084A6815F743084B93493042E30009
084A6F15F73C084B93492F42E90006
084A7715F738084B97492F42F3000B
084A7F15F735084B96492F42F70008
084A8315F732084B94492F42FE000A
084A8715F732084B94492F42FD0008
084A8915F732084B96492F42F70007
084A8E15F72E084B94492F43010006
084A8E15F72B084B95492F430A0004
084A9215F727084B94492F430A0004
084A9615F727084B94492F4315000A
084A9815F724084B95492F43050003
084A9C15F720084B93492F430E0001
084AA115F71D084B94492E4322000B
084AA515F71D084B95492F431C0000
084AAA15F716084B95492F432A0000
084AAC15F716084B96492F431E0008
084AAF15F713084B94492F43280000
084AB215F70C084B93492F432A0004
084AB615F708084B96492E431F0005
084ABB15F705084B92492E43220007
084ABE15F705084B93492E432B0008
084AC115F705084B92492D43280003
084AC415F702084B90492D43220005
084AC615F705084B91492D431A0004
084AC415F709084B90492D43170003
084AC515F708084B91492D431F000A
084AC015F70C084B90492D43230006
084AC015F70C084B91492D432A0003
084ABC15F70F084B90492D43240003
084ABA15F70F084B8F492D4332000D
084ABA15F716084B8F492D4323000E
084AB715F716084B8D492D432E0004
084AB215F71D084B8B492D432E0003
084AAF15F727084B8D492D43330000
084AA815F72B084B8A492E4337000D
084AA015F735084B8A492E43350007
084A9B15F73F084B8B492E4333000B
084A9115F754084B87492E432D0007
084A7F15F768084B86492E43280003
084A6915F781084B85492E43280008
084A4E15F787084B83492E43240009
084A3A15F787084B84492E43310000
084A2B15F781084B82492E43240009
084A2715F77A084B82492E43130001
084A2615F776084B81492E431D0009
084A2C15F776084B81492D432C000C
084A3015F773084B80492D4322000B
084A3515F776084B81492D4319000D
084A3615F77A084B82492D43190000
084A3915F77D084B7F492D431B0006
084A3615F781084B7F492D430C0003
084A3615F784084B80492D43080008
084A2F15F78E084B81492D430C000A
084A2A15F799084B81492D43070003
084A1F15F79D084B82492D430C0005
084A1515F79F084B80492D43090001
084A0E15F79F084B83492C42FC0008
084A0615F7A6084B84492C4302000C
084A0315F7B7084B84492C43020006
0849FB15F7E4084B85492C42FA0005
0849E715F830084B87492B42EE000E
0849B315F86D084B8A492B42F00004
08496E15F897084B8B492B42F5000A
08492415F897084B8D492B42D90008
0848EF15F882084B8D492A42D40007
0848DB15F860084B8E492A42DB0009
0848E015F841084B91492A42D70005
0848F915F825084B93492A42CD000A
08491815F814084B94492942D20006
08493D15F803084B98492942D5000C
08495F15F7F5084B99492942D20009
08497815F7EB084B9C492942BE0007
08498F15F7E4084B9E492942C90002
0849A015F7DA084BA0492942C50003
0849AD15F7D3084BA3492942BE000F
0849B615F7D3084BA5492842CA0003
0849BE15F7C9084BA6492942C3000B
0849C515F7C9084BA7492942CE0008
0849CB15F7C5084BAA492942C3000C
0849D315F7C2084BAC492942CC0000
0849D815F7C2084BAC492842B90008
0849DD15F7BB084BB0492842BC0001
0849E215F7AD084BAF492842C00002
0849EA15F79C084BB4492842BA0006
0849F315F78E084BB3492842BF0003
084A0515F781084BB5492842C10003
084A1615F772084BB4492842C70008
084A2515F765084BB7492742BD0005
084A3215F757084BB5492842B70007
084A4315F74D084BB7492842C0000E
084A5415F73F084BB7492842C70006
084A6415F738084BB9492842C30006
084A7315F72E084BBA492842BE0001
084A8215F724084BBD492842C8000B
084A9015F71D084BBE492842CA0007
084A9915F716084BBE492842D80008
084AA515F70F084BBF492842E60004
084AAE15F708084BC0492842E4000A
084AB615F702084BBF492742D9000C
084AC115F6FB084BC2492742D70007
084ACC15F6F7084BC1492642E6000A
084AD215F6ED084BC1492642DC0006
084AD815F6E6084BC1492642E8000C
084AE115F6EA084BC3492642FB0005
084AE615F6EA084BC3492642FF000C
084AE815F6ED084BC4492643060001
084AE615F6F0084BC6492543120008
084AE415F6F0084BC34925430C0008
084AE015F6F4084BC749254315000A
084ADE15F6F4084BC6492543190012
084ADC15F6F7084BC74924431E0006
084ADA15F6F4084BC74924431A0005
084AD915F6F4084BC84924432A0009
084ADC15F6ED084BC8492443280009
084ADE15F6E8084BCA4924432C0003
084AE215F6E4084BCA49244335000C
084AE715F6EA084BC94924433C0008
084AEC15F6F0084BC949234341000A
084AEB15F6F4084BCB492343490006
084AE515F6FB084BCD492343460008
084AE015F6FE084BCD4923434B0008
084AD615F6FE084BD04923434B0007
084AD115F6FE084BCF492343470006
084ACE15F6FE084BD04923434C0007
084ACA15F705084BD24923434C000D
084AC815F71D084BD34923434C000A
084ABD15F732084BD34923434F0004
084AA815F738084BD5492343550007
084A9515F732084BD6492343530005
084A8B15F724084BD6492243590013
084A8915F713084BD649234357000E
084A9715F705084BD84923435D0006
084AAB15F6FB084BD84923435E000A
084AB715F6F7084BD8492343620006
084AC615F6F4084BDA4923435A0008
084ACE15F6F4084BDB4923435C0000
084AD415F6F0084BDB4922435C000C
084AD815F6EA084BDC492243590000
084ADC15F6DC084BDC492343670001
084AE415F6CB084BDD49234359000A
084AF315F6C4084BDF4922435D0006
084B0115F6B6084BE04922434F0003
084B1415F6AC084BE049224357000F
084B2415F6A0084BE2492243590003
084B3415F694084BE04922435D0001
084B4315F686084BE049224361000E
084B4E15F675084BE2492143620002
084B5A15F65D084BE0492143760006
084B6C15F653084BE1492143750008
084B7E15F645084BE2492143730001
084B9015F63E084BE3492043780007
084BA115F645084BE349214383000C
084BA915F648084BE3492143890006
084BAB15F653084BE4492143910008
084BA615F65D084BE24921438F0008
084B9F15F667084BE3492143AF0006
084B9715F66E084BE2492143B60003
084B8B15F678084BE2492043B2000A
084B8315F683084BE4492043C5000A
084B7815F690084BE3492043C70006
084B6C15F697084BE3492043CC000C
084B5F15F6A5084BE4492043DA0001
084B5115F6B6084BE2492043DF0008
084B4115F6D2084BE2492043D6000E
084B2B15F6ED084BE2492043E50000
084B0E15F702084BE0492043DE0006
084AF015F6FE084BE1492043EA0008
084ADC15F6ED084BE1491F43D8000B
084AD415F6DC084BE1491E43DC000B
084AD915F6C7084BE2491E43DE000C
084AE615F6B6084BDF491E43D60010
084AFA15F6B2084BE2491E43D40005
084B0A15F6BA084BE1491D43D60006
084B1715F6C4084BE1491D43CF000E
084B1215F6D2084BE3491D43CB000A
084B0C15F6C7084BE0491D43D4000E
084B0515F6B3084BE3491D43D20008
084B0715F6A5084BE1491D43D4000B
084B1615F69E084BE4491D43D20005
084B2615F694084BDF491C43D90004
084B2F15F69B084BE2491C43D9000A
084B3915F6A2084BE1491C43DE000A
084B3B15F6AF084BDF491C43D7000A
084B3115F6C0084BE3491C43D6000C
084B2315F6C4084BE1491D43E30000
084B1215F6AF084BE1491D43E10006
084B0C15F69E084BE1491D43EE000E
084B1615F686084BE1491D43F0000A
084B2B15F678084BE2491D43FA000C
084B4415F66B084BE2491D43FD000A
084B5915F659084BE1491D4405000C
084B6915F641084BE1491D440C0005
084B7E15F629084BE1491D4413000A
084B9C15F623084BE1491C44100000
084BB615F61C084BE2491C44250006
084BC815F615084BE2491C441B000B
084BD515F60B084BE2491C441E0001
084BDC15F600084BE1491C441D0009
084BE815F5FE084BDE491C443D000B
084BF315F5F9084BDD491C44360003
084BFF15F600084BE0491C4434000C
084C0015F60E084BDF491C44350008
084BFF15F61C084BDD491B4435000C
084BF215F62D084BDE491B44440004
084BE115F634084BDD491B4441000C
084BD215F63E084BDC491B444F0008
084BC615F641084BDB491B44590006
084BBC15F648084BDB491C44550006
084BB615F648084BDB491C445D0000
084BAE15F648084BDB491C44550008
084BAB15F64C084BDA491C44640001
084BA715F64C084BD8491C44680006
084BA515F64F084BD9491B44680005
084BA715F64C084BD6491B445D000E
084BA715F64F084BD7491B4464000D
084BA315F667084BD8491B445F000E
084B9B15F683084BD5491B4459000B
084B8315F6A8084BD4491B44590005
084B6215F6BA084BD5491B44540006
084B3C15F6C7084BD2491A4448000E
084B1E15F6CB084BD4491A44360008
084B0815F6CB084BD5491A44490008
084AFD15F6BD084BD2491944380006
084AF915F6A8084BD349184432000B
084B0415F68D084BD14918443E0000
084B1715F675084BD3491744360005
084B3215F683084BCF491744360007
084B4715F6B6084BCF49174441000C
084B3E15F702084BCF49174443000C
084B1015F75B084BD04917444A0008
084AC015F79F084BD04916444A000A
084A6315F7B7084BCE4916444B0008
084A1715F7AD084BCF491644610008
0849E715F781084BCE4916446A0010
0849E015F746084BCF4916445F0000
084A0115F71D084BCF49164467000E
084A3615F705084BCF49164467000D
084A6615F6FE084BCF491644690010
084A8D15F6F0084BD2491644670008
084AA815F6DF084BD0491644760010
084AC015F6CB084BD04916446D0000
084ADB15F6AF084BD2491744690008
084AF815F69E084BD14917446E000A
084B1315F694084BD44917446C0003
084B2D15F690084BD4491744610000
084B3915F697084BD34917445D000E
084B4215F697084BD54916445D000D
084B4315F697084BD6491644560002
084B4415F690084BD3491644530003
084B4715F689084BD54916444A000A
084B4C15F683084BD649164454000A
084B5415F67F084BD7491544570003
084B5E15F67C084BD6491644590006
084B6315F675084BDA4916443F0009
084B6815F671084BD9491644500001
084B6F15F66E084BD84916443D0001
084B7315F667084BDA491644340006
084B7915F660084BDB4916443C0007
084B8115F659084BDD491544410006
084B8915F64C084BDE491544360008
084B9615F63E084BE04915443D0006
084BA215F637084BE0491544310002
084BB015F634084BE0491544250008
084BBB15F630084BE2491644180009
084BC315F629084BE249154425000B
084BCA15F61F084BE349154419000A
084BD015F611084BE4491544270008
084BDA15F604084BE34915441B000A
084BE615F5F6084BE5491544290001
084BF715F5E5084BE649154429000E
084C0715F5DB084BE74915441B000B
084C1615F5CD084BE74915441D0003
084C2715F5BC084BEA49154421000C
084C3B15F5A7084BE94915441D0010
084C4C15F596084BEA491544410002
084C5E15F588084BED4914443D0003
084C7315F581084BEE49144441000C
084C8415F581084BED4914443B000E
084C9015F58C084BEF491444500000
084C9115F591084BF04913445D000C
084C8E15F59D084BF14914446B000A
084C8415F5AB084BF349144477000A
084C7B15F5B8084BF349144488000C
084C7015F5C6084BF5491444930009
084C6115F5D7084BF5491344AB000A
084C5315F5E1084BF5491344AE0001
084C4315F5E8084BF7491244B70002
084C3615F5E8084BF8491244BE0006
084C2C15F5E8084BFA491144BF000E
084C2515F5E5084BFA491144C60005
084C2615F5D7084BFD491144BE0005
084C2715F5D0084BFF491144C80003
084C2E15F5C3084C03491144BF0006
084C3915F5BC084C03491144B50008
084C4315F5B1084C07491044AE0007
084C4F15F5A7084C08491144A80010
084C5C15F5A0084C09491044A8000C
084C6915F599084C0D4910449A000C
084C7315F58F084C0E4910449A0001
084C7F15F588084C11491144A20000
084C8B15F57E084C12491044A3000C
084C9615F574084C14491144AA0008
084CA315F566084C17491144B60006
084CAD15F558084C1A491044B0000A
084CB815F551084C18491144B40007
084CC415F53D084C1A491144BC0006
084CD515F52F084C1A491144C80006
084CE715F51E084C1C491144CB0004
084CFB15F50D084C1E491144CD0004
084D1015F4FC084C1E491044DB000A
084D2515F4EE084C20491044DC000C
084D3A15F4E7084C20491044EB0009
084D4815F4CC084C20491044EF000A
084D5515F4C1084C1E491044F70009
084D6C15F49C084C20490F45090001
084D8B15F476084C21490F45170015
084DAE15F45B084C20490F4529000B
084DCF15F438084C20490F45370009
084DF515F41D084C21490E45420011
084E1915F401084C21490F4561000C
084E3E15F3ED084C23490E456C0010
084E6115F3DC084C22490E45770000
084E7F15F3CE084C21490E45840008
084E9815F3BD084C24490E459F0009
084EAC15F3AC084C22490E45C3000C
084EBC15F394084C23490E45CC0003
084ED215F386084C20490E45EF0006
084EEA15F375084C23490E46040003
084EFE15F36B084C22490E4620000A
084F1315F367084C22490E463F0001
084F2415F364084C22490D464F000F
084F2D15F35D084C22490D46610004
084F3215F35A084C20490D46840009
084F3715F34F084C1F490D4677000C
084F3F15F34C084C21490D46AC0007
084F4515F345084C1F490D46BD0001
084F4C15F33E084C1F490D46D2000B
084F5115F337084C1D490D46E2000D
084F5915F330084C1C490C46FA0003
084F6515F330084C1D490C47010007
084F6C15F337084C1C490C47190004
084F6B15F342084C1B490B471D000C
084F6915F34C084C1B490B47250007
084F5F15F356084C1B490B473E0006
084F5315F360084C1C490B47390008
084F4815F367084C1D490A47460006
084F3C15F372084C1D490A47530008
084F3215F374084C1C490A474D0012
084F2A15F37C084C1B490A47500009
084F2215F37F084C1B490A4763000C
084F1715F38A084C1B490A47600008
084F1015F38D084C1A490A4762000A
084F0815F397084C1B49094762000A
084EFE15F39E084C1B490947600005
084EF515F3AC084C1A4909475E000E
084EE915F3BA084C18490A47540004
084EDC15F3CB084C19490A474A000C
084ECD15F3D8084C1749094751000D
084EBB15F3E9084C16490947510003
084EA515F3F7084C18490947450000
084E9515F405084C154909473B000A
084E8515F416084C114909473F000A
084E7215F424084C124909473C0002
084E6115F435084C10490947370003
084E4C15F443084C0F490847280005
084E3B15F450084C0D4909471E0004
084E2A15F45E084C0E490847100009
084E1915F468084C0C490947010003
084E0B15F46D084C08490846F50003
084DFB15F476084C06490846F80007
084DF015F47D084C06490846E40009
084DE415F484084C02490846D3000C
084DDC15F487084C00490846CC0005
084DD615F48B084C00490746B5000A
084DD015F48E084BFC490746AF0003
084DCA15F495084BF94907468E000B
084DC515F495084BF94906466D0008
084DBC15F498084BF5490746920003
084DB915F498084BF3490746810005
084DB615F498084BF049074668000A
084DB515F49C084BEC4907465E000F
084DB415F49F084BE94906464F0006
084DB115F49F084BE74907464B0001
084DAF15F4A6084BE5490746330005
084DAA15F4A9084BE349064633000C
084DA715F4A9084BDF49064626000B
084DA515F4A9084BDF4906462A000E
084DA215F4A6084BDB4905461A0003
084DA015F4A9084BD74905460D0008
084D9F15F4A6084BD54905460E0006
084DA015F4A6084BD2490645F90009
084DA215F4A3084BCF490545F20008
084DA215F49C084BCE490545F30000
084DA315F49C084BCB490545EE0009
084DA815F498084BC8490545E30009
084DAB15F491084BC6490545EC0005
084DAF15F48E084BC1490545E00006
084DB815F484084BC0490545DA000A
084DBE15F47D084BBC490545D9000D
084DC515F479084BBB490545C7000A
084DCC15F476084BB9490545D30007
084DD015F473084BB6490545C90006
084DD315F473084BB2490545C80003
084DD615F46F084BB0490545C8000D
084DDB15F46C084BAB490545CD0007
084DDF15F46C084BAB490545C80004
084DDE15F46C084BA5490445D4000C
084DDE15F46C084BA2490545D90008
084DDF15F46C084BA0490445E70008
084DE015F46C084B9E490445E80001
084DDF15F46C084B9A490445F90007
084DE015F46F084B96490445F60006
084DDE15F476084B93490345FA0002
084DDA15F478084B8F490346020000
084DD815F47D084B8D490345FE000E
084DD315F480084B8C4902460C000A
084DCD15F484084B884902460E000E
084DCA15F484084B844902461A000C
084DC615F487084B80490246150001
084DC415F484084B7F490146190006
084DC115F487084B7B49024619000E
084DBE15F491084B784902461E000A
084DBA15F4A3084B744901461D0008
084DB115F4B0084B724901461E000A
084DA415F4BE084B6F490146250008
084D9315F4CF084B6A490146240004
084D8315F4E4084B664901461E000D
084D7015F506084B6649014612000E
084D5815F533084B624901461C0008
084D3515F55F084B5E490146220009
084D0E15F581084B5E490146150006
084CDF15F5A0084B5C490146130008
084CB115F5B8084B5B490146080000
084C8515F5C6084B58490145F5000A
084C6415F5C9084B58490145EE000B
084C5015F5C9084B57490145E5000C
084C4215F5D0084B54490045C20003
084C3B15F5D2084B55490045AC000D
084C3715F5DE084B544900459C000C
084C2D15F5EF084B5549004584000B
084C2215F604084B56490045630002
084C1215F61C084B544900454D0000
084BFC15F637084B5548FF453C0009
084BE315F648084B5248FF452B0004
084BCB15F653084B5248FF45140003
084BB515F667084B4F48FF45090005
084BA215F67F084B5048FF44EF0001
084B8D15F689084B4F48FF44DE0008
084B7315F67F084B4F48FF44BE000E
084B6215F667084B4C48FF44B2000E
084B6315F645084B4D48FF449F000A
084B7515F645084B4C48FF4481000E
084B8915F66B084B4D48FF446E0007
084B8C15F6BD084B4B4900446D0004
084B6915F716084B4A49004452000E
084B2415F757084B4B4900444E000E
084AD015F795084B4C490044550006
084A7B15F7C9084B49490044380004
084A2F15F7EB084B4A490044390001
0849F515F806084B4D490044250003
0849C815F825084B4A490044140005
08499F15F848084B4A48FF44070010
08497415F86D084B4B48FF43F40001
08494F15F88C084B4B48FF43E00006
08492715F8A8084B4C48FF43BC0001
0848FB15F8B2084B4D48FF43AD0008
0848D615F8C2084B4D48FF438D0007
0848BC15F8D4084B5048FE4378000F
0848A715F8DF084B4F48FE4358000C
08489215F8E9084B5048FE43380006
08488215F8E9084B5248FE4319000C
08487A15F8E5084B5248FE43030006
08487415F8DF084B5148FE42D80000
08487315F8DF084B5648FD42C5000A
08487515F8E5084B5748FD42B20006
08487415F8E5084B5648FD428F000A
08487415F8E9084B5748FD427A0010
08487115F8EC084B5948FC42620007
08487015F8F0084B5948FC424E000C
08486E15F8F0084B5948FC423C000C
08486915F8F7084B5A48FC422B0005
08486715F8FE084B5D48FC4217000C
08486215F901084B5D48FC42050010
08485E15F904084B5E48FC4204000A
08485915F908084B6048FB41EF000B
08485315F90F084B5F48FB41EC0004
08484D15F912084B6248FB41DF0009
08484515F919084B6448FB41DB0005
08483F15F91C084B6348FB41D50008
08483B15F91C084B6548FB41D0000F
08483515F920084B6648FB41C30013
08483115F927084B6648FB41C00012
08482A15F927084B6948FB41BF0006
08482715F92A084B6948FB41BD000E
08482115F92E084B6B48FB41B70001
08481F15F934084B6B48FB41AB0003
08481C15F93B084B6C48FB41A10001
08481715F93F084B6E48FB41A7000F
08481215F942084B6F48FB4197000D
08480B15F946084B6F48FB4191000F
08480715F949084B7248FA418F0002
08480315F94C084B7248FA418E0001
08480115F950084B7548FA41830005
0847FB15F952084B7648FA418E0007
0847F715F953084B7748FA41900005
0847F415F95A084B7948FA417D0006
0847EF15F95A084B7C48FA417D0002
0847EC15F95A084B7E48FA417D0006
0847E915F95E084B7C48F941740003
0847E915F95E084B7F48F941720006
0847E815F961084B8148F941760004
0847E315F961084B8448F8416F0006
0847E515F965084B8548F84169000E
0847E215F968084B8848F8415F0000
0847E015F965084B8848F841500003
0847DF15F968084B8B48F84157000F
0847DD15F968084B8B48F841510007
0847DD15F968084B8D48F8415C000F
0847DA15F96B084B8D48F8415A0008
0847DC15F968084B8F48F841490003
0847DA15F96B084B8F48F741440006
0847D915F96F084B9048F8414E0003
0847D715F96B084B9148F741520001
0847D715F96F084B9448F84149000E
0847D715F96B084B9448F841500008
0847D715F968084B9548F841450003
0847D515F961084B9748F84145000D
0847D815F953084B9748F841450004
0847E215F942084B9848F741470000
0847EF15F931084B9A48F7413B0004
0847FE15F920084B9D48F74147000A
08481115F912084B9E48F74138000A
08482415F904084B9F48F741320003
08483315F8FA084BA048F7412A0002
08484615F8F0084BA048F741340009
08485615F8E5084BA048F741270006
08486515F8D8084BA148F74138000C
08487515F8D4084BA248F741410003
08487D15F8CA084BA148F7413E000D
08488A15F8C7084BA248F641450004
08489315F8C0084BA348F6415A000A
08489C15F8B7084BA448F641560008
0848A415F8B9084BA348F641640000
0848AE15F8B2084BA748F641690006
0848B415F8AB084BA748F641790001
0848B815F8A8084BA448F641830000
0848BD15F8A4084BA548F64186000B
0848C115F8A1084BA548F6418C0008
0848C615F8A1084BA648F6419D0001
0848CA15F89D084BA548F6419C0006
0848CA15F89D084BA648F641A6000C
0848CC15F89D084BA548F641AC0008
0848CE15F897084BA648F641B80008
0848D415F897084BA648F541B70007
0848D615F89A084BA548F541BC0008
0848D815F893084BA448F541C70008
0848DA15F897084BA548F541C50006
0848DC15F893084BA548F541D3000C
0848DF15F890084BA548F541DF000C
0848E415F88C084BA448F541D50006
0848E515F889084BA548F541E00008
0848E815F88C084BA348F541EA0003
0848E915F890084BA348F541E9000A
0848EA15F893084BA248F541E20008
0848E715F897084BA148F541EA0006
0848E215F8A1084BA148F541ED000E
0848DC15F8A4084BA348F441EF000A
0848D715F8AB084BA448F441F70003
0848D015F8AF084BA448F441F5000D
0848CA15F8B2084BA348F341E4000A
0848C315F8B2084BA448F3420D0008
0848C015F8B5084BA448F242020002
0848BC15F8B2084BA448F241ED0007
0848BA15F8B5084BA348F241E8000C
0848B915F8B5084BA648F241F10006
0848B815F8AF084BA548F241F40008
0848B915F8AB084BA548F241EF0008
0848BA15F89E084BA648F141FF0008
0848BF15F890084BA648F141F00006
0848CA15F885084BA548F141F50008
0848D815F87B084BA748F141E60009
0848E815F874084BA848F241F70009
0848F415F874084BA748F242000009
08490015F878084BA548F241F00004
08490315F87B084BA648F241EB0006
08490215F87E084BA448F241E90006
08490015F87E084BA448F241F50001
0848FE15F885084BA448F241EB0009
0848F915F885084BA548F241E50003
0848F515F889084BA348F242000000
0848F115F889084BA348F241E4000A
0848EE15F889084BA348F2420F0008
0848ED15F889084BA248F24200000A
0848EA15F889084BA348F142060004
0848EB15F885084BA148F14206000E
0848EE15F882084BA548F14204000C
0848EE15F882084BA248F142040006
0848F115F87E084BA248F042000008
0848F515F87B084BA148F042020009
0848FA15F87B084BA348F041FF0010
0848FD15F87B084BA048F04208000A
0848FD15F87B084BA148F04215000E
0848FD15F878084BA148F042040000
0848FE15F874084BA148F042250009
08490115F874084BA248F0421B000D
08490415F871084BA248F042070008
08490715F871084BA248F142050009
08490A15F878084BA148F042010007
08490815F87B084BA548F0420C000C
08490615F87B084BA448F142070005
08490115F87E084BA648F142050005
0848FE15F881084BA448F142240006
0848F915F889084BA748F1420D0003
0848F415F889084BA848F142060010
0848F015F88C084BA848F1421C0003
0848EC15F893084BA948F242140008
0848E915F897084BA748F242100005
0848E515F89A084BA848F242100008
0848DF15F89D084BA948F242260006
0848DB15F89D084BA848F242200000
0848D815F8A1084BAA48F242060003
0848D315F8A8084BA948F24202000D
0848D015F8A8084BA748F24204000B
0848CA15F8AB084BA748F2421B0008
0848C615F8AB084BA848F242190006
0848C515F8A8084BA748F24204000C
0848C315F8A8084BA948F24202000A
0848C415F8A8084BA548F241FC0007
0848C415F8A4084BA648F342040006
0848C515F8A4084BA548F242040005
0848C815F8A1084BA448F141EC0009
0848C915F89D084BA548F142000007
0848CC15F89D084BA448F141E60006
0848CF15F8A1084BA348F141FE0000
0848CE15F8A1084BA348F04200000A
0848D015F8A8084BA348F042020007
0848CA15F8AF084BA448EF41DE0006
0848C815F8AF084BA148EF41EF0002
0848C215F8B2084BA248EE420F0005
0848BE15F8B5084BA148EE42040001
0848B915F8B9084BA048EE41F00002
0848B615F8BC084BA048EE41EF0007
0848B215F8C3084B9E48EE41E80007
0848B015F8D8084BA148ED41E80008
0848A615F8F0084BA048ED41EC0006
08489115F916084BA048ED41EB0006
08487515F93F084B9F48EE41E40008
08485615F961084BA148ED41EA000C
08482915F976084B9E48ED41E60009
0847FA15F97D084BA148ED41EF000E
0847D615F976084BA148ED41EA0004
0847C615F96B084B9F48ED41E90001
0847C315F95A084BA148EE41EB000E
0847C815F946084BA248ED41EB0005
0847D915F938084BA448EE41EB000A
0847E915F934084BA448EE41E80009
0847F815F92E084BA448EF41E80009
08480515F92A084BA548EF41E2000B
08481115F927084BA648EF41E60008
08481915F923084BA648EF41E0000F
08482115F923084BA748EE41DF0008
08482615F923084BA748EE41D50009
08482915F920084BA848EE41D20006
08482915F923084BA848ED41CE0008
08482B15F91C084BA948EE41D6000A
08482D15F920084BAA48EE41CF0010
08482F15F920084BAB48EE41D30008
08483315F91C084BAC48ED41CA0000
08483115F920084BAC48EC41CB0004
08483415F91C084BAA48ED41D00003
08483815F91C084BAB48ED41BB0006
08483615F91C084BAD48EC41BD000E
08483715F91C084BAC48EC41B9000C
08483715F919084BAD48EB41C3000A
08483815F919084BAF48EB41B30003
08483915F916084BAC48EB41B7000B
08483F15F916084BAA48EB41B10002
08483E15F916084BAA48EB41AE000A
08484015F916084BAB48EB41B40009
08484115F912084BA948EC41B3000A
08484415F90F084BAB48EC41A80002
08484615F90B084BAB48EC41AE0006
08484915F904084BA948EC41A80003
08484E15F8FE084BA948EC41B00008
08485415F8F7084BA748EC41B3000A
08485F15F8F1084BA948EB41AA0009
08486315F8EC084BA748EB41B80006
08486A15F8E5084BA748EB41B10003
08487115F8E2084BA848EC41AA0005
08487615F8DF084BA848EB41AA0008
08487B15F8DB084BA648EB41A60008
08487F15F8D8084BA548EB41B00000
08488415F8D8084BA648EB41A20004
08488715F8DB084BA748EC419B0007
08488915F8DB084BA648EB41A20005
08488615F8DF084BA648EB41A90006
08488815F8E2084BA848EA41A40000
08488515F8E9084BA448EA41A70008
08488215F8F0084BA548EA41B0000C
08487D15F8F0084BA648EA41B6000A
08487815F8F0084BA648EB41B20000
08487115F8F3084BA648EB41BF000B
08487015F8F7084BA648EB41C20003
08486B15F8F7084BA848EB41C10003
08486915F8FA084BA748EA41C00009
08486915F8FA084BA748EB41C00006
08486615F8FA084BA748EA41BD0006
08486715F8FE084BA548EB41B00005
08486415F8FE084BA448EB41BD0006
08486115F8FE084BA448EA41A60003
08486015F901084BA448EB41B2000C
08485D15F904084BA548EB41AC0008
08485B15F904084BA548EC41AC0006
08485615F904084BA348EB41A40003
08485315F908084BA448EB41AD0003
08485415F901084BA548EB41A50007
08485515F904084BA448EB41A30005
08485515F908084BA448EB41A80004
08485615F904084BA548EA419F0000
08485715F904084BA648EA419C0005
08485615F904084BA348EA41A60005
08485815F904084BA348EA41AB0001
08485915F906084BA248EA419D0006
08485A15F908084BA248EA419B0001
08485715F90B084BA348E941970005
08485515F90B084BA048E941960009
08485115F90F084BA148E9419C000A
08484E15F90F084B9D48E841910006
08484A15F916084B9E48E841990006
08484615F919084B9D48E841930005
08484415F91C084B9D48E841970006
08483F15F91C084B9E48E7419D0000
08483E15F920084B9C48E741920008
08483A15F923084B9948E7419D0009
08483415F927084B9A48E74196000D
08483315F927084B9948E741990004
08483115F927084B9848E741970008
08482E15F92A084B9748E741940003
08482C15F92A084B9748E741940009
08482B15F92E084B9548E741960007
08482D15F92A084B9548E741970003
08482B15F92E084B9448E6418C0008
08482815F92A084B9348E6418E0009
08482715F92A084B9248E64187000C
08482715F92E084B9048E6418F0003
08482715F931084B8F48E54186000A
08482315F934084B8F48E54181000A
08482015F938084B8C48E54181000A
08481C15F93B084B8D48E54179000B
08481815F93F084B8B48E641770009
08481415F946084B8A48E5416A0001
08480E15F949084B8848E54168000D
08480715F94C084B8748E4416E0000
08480215F950084B8648E4416E000A
0847FC15F950084B8448E441720007
0847F915F950084B8248E4416D000A
0847F415F950084B8348E341730008
0847F415F950084B8248E3416A0006
0847F215F950084B8248E341720005
0847F315F953084B8148E341760002
0847F215F950084B8048E341750012
0847F015F94F084B8248E341760003
0847F015F950084B8148E34173000C
0847F315F950084B8148E341740006
0847F515F950084B8048E341780007
0847F415F94C084B8148E34176000C
0847F615F94C084B8148E3417A0008
0847F815F94C084B8048E3417D0000
0847F815F949084B8148E2417D0008
0847F915F949084B8248E2417D0008
0847FD15F94C084B8348E2417F0007
0847FD15F949084B8248E241760001
0847FC15F94C084B8548E24183000D
0847FC15F94C084B8648E341810002
0847FB15F949084B8748E3417E0006
0847FC15F949084B8948E241890008
0847FC15F946084B8948E2418D0004
0847FD15F942084B8A48E341830008
0847FF15F942084B8C48E341900003
0847FF15F942084B8D48E3418E0013
08480215F946084B9248E34189000C
08480115F946084B9148E2418C000A
08480015F949084B9548E2418C000D
0847FF15F94C084B9648E2418B0009
0847FD15F94C084B9A48E3418A0007
0847F915F94C084B9A48E241940002
0847F815F94C084B9C48E241860003
0847F615F949084BA248E241870004
0847FA15F946084BA348E34187000E
0847FB15F93F084BA448E241850006
0847FE15F93F084BA748E341920008
08480215F93F084BAB48E3418C000E
08480615F938084BAE48E3418E0009
08480815F93B084BB048E341820008
08480815F938084BB348E3418F0005
08480B15F938084BB448E2418E0007
08480A15F938084BB948E1419E0000
08480B15F938084BBD48E14196000A
08480E15F938084BC048E141970003
08480E15F938084BC348E1419F0008
08480D15F93D084BC348E1419F0007
08480C15F93F084BC848E141A0000C
08480C15F93F084BCA48E141AF000E
08480915F93F084BCE48E141B0000B
08480A15F93B084BD248E141AF0000
08480C15F934084BD348E141B50008
08480D15F931084BD648E141B3000A
08481215F931084BD948E041AE0003
08481715F92A084BDD48E041BF0009
08481A15F92E084BE048E041BF0004
08482015F92A084BE148E041BE0004
08482215F92A084BE448E041C10003
08482415F927084BE748E041CA0010
08482415F92A084BEA48E041C8000A
08482515F92A084BEC48E141BB0008
08482615F927084BEF48E041C80001
08482815F920084BF348E041CA0006
08482A15F916084BF648E041CB000B
08483215F90F084BF648DF41CC000C
08483D15F90B084BFA48DF41D5000C
08484515F904084BFB48DF41CC0002
08484C15F901084BFE48DF41D20006
08485015F8F3084C0148DF41D3000C
08485715F8DF084C0448DF41D70005
08486915F8C7084C0748DE41D40000
08488215F8AF084C0648DE41CC000D
08489F15F89A084C0A48DE41D30007
0848B815F882084C0B48DF41D20009
0848D115F86D084C0D48DE41D1000B
0848EE15F855084C1148DE41D9000C
08490C15F83D084C1048DE41D7000D
08492C15F829084C1148DE41D70008
08494815F80D084C1248DE41E20003
08496315F7F5084C1448DE41E6000C
08498015F7E4084C1548DE41E60003
08499F15F7CC084C1648DE41FE0001
0849B615F7BA084C1548DE42030008
0849D015F7B1084C1648DE4207000A
0849E515F7A3084C1648DE42230003
0849F815F799084C1848DE420F000D
084A0B15F792084C1748DE4214000B
084A1815F787084C1748DE42240006
084A2515F77D084C1848DD4230000A
084A3015F773084C1848DD42450009
084A3D15F76C084C1748DD424C0008
084A4B15F75E084C1A48DE4258000D
084A5715F757084C1A48DE425E0008
084A5F15F750084C1848DE426D0003
084A6F15F743084C1B48DE426F000C
084A7915F738084C1A48DE42860002
084A8315F732084C1A48DD42860010
084A8D15F72B084C1848DD4295000C
084A9715F720084C1948DD42A50000
084A9F15F716084C1A48DC42A70006
084AA915F708084C1948DD42B2000B
084AB615F702084C1A48DD42BF0006
084AC915F6F7084C1A48DD42C8000C
084AD515F6F0084C1B48DD42CE000E
084ADF15F6EA084C1C48DE42D2000A
084AEA15F6E6084C1B48DD42DB0007
084AF015F6DF084C1948DD42DD0011
084AF815F6DC084C1A48DD42E60003
084AFC15F6DC084C1C48DC42E6000C
084AFE15F6DC084C1A48DC42F50002
084B0115F6DC084C1C48DC42FE000B
084B0315F6D6084C1948DC43020008
084B0515F6D5084C1848DC43070007
084B0815F6D5084C1948DC430E0001
084B0915F6D8084C1848DC43150000
084B0915F6DC084C1748DC4324000D
084B0A15F6D2084C1648DB431E000C
084B0A15F6CE084C1348DC432E0006
084B0E15F6C4084C1348DC433D000E
084B1615F6BD084C1548DB4342000D
084B1E15F6BD084C1248DA434F0005
084B2315F6BA084C0F48DA4346000C
084B2815F6BA084C1048D94352000C
084B2B15F6BA084C0F48D94347000C
084B2C15F6BA084C1048DA43520005
084B3215F6BA084C1048DA43520004
084B3015F6C0084C0F48DA43560001
084B2D15F6C0084C0D48DA43510006
084B2B15F6C0084C0C48D943530003
084B2815F6C4084C0B48D94351000B
084B2715F6C7084C0B48D843640009
084B2415F6CB084C0748D84366000B
084B1E15F6D2084C0848D8436C0001
084B1715F6D5084C0648D843630012
084B1415F6D8084C0548D843660003
084B0B15F6DC084C0348D843650008
084B0615F6E3084C0148D843710006
084AFF15F6E6084C0148D8437A000A
084AF915F6E6084BFF48D8436D0006
084AF515F6E8084BFD48D843680006
084AF115F6E6084BFC48D943740007
084AEF15F6E3084BFB48D8436C0007
084AEF15F6E3084BF948D843610008
084AF015F6DF084BF648D84364000A
084AF215F6E3084BF748D9436A0005
084AF415F6DF084BF448D943660008
084AF715F6DC084BF148D943680004
084AF615F6D8084BF248DA43670003
084AFA15F6D5084BEF48DA4368000A
084AFC15F6D8084BEF48DA43700001
084AFB15F6DC084BEB48DA435F0009
084AFE15F6DC084BE948DA435B000D
084AFE15F6DF084BE848DA43620002
084AFD15F6E3084BE548DA435C0000
084AFA15F6EA084BE448D943600003
084AF615F6F0084BE248D943590002
084AF015F6F4084BE048D9435D0008
084AEA15F6F4084BDD48DA436B0001
084AE615F6F7084BDD48D94367000E
084ADF15F6F7084BDA48D94364000B
084ADF15F6F7084BD848D843670006
084ADE15F6F7084BD748D843690006
084ADE15F6F7084BD248D843620005
084ADD15F6F7084BCF48D843620003
084ADC15F6FB084BCC48D8435C0009
084ADB15F702084BCA48D743620009
084AD615F702084BC748D74351000E
084AD515F702084BC648D74359000C
084AD015F705084BC348D743520011
084ACC15F708084BC448D6434A0004
084ACA15F708084BC048D7434F0006
084AC715F70C084BBE48D643490003
084AC515F70C084BBA48D643480003
084AC315F70F084BBA48D643500006
084ABF15F70F084BB848D6434D0009
084ABE15F713084BB648D64348000E
084ABC15F716084BB348D643420003
084ABA15F71A084BB148D643450007
084AB615F71D084BB348D74342000A
084AB415F720084BB048D643400006
084AAC15F724084BAE48D643440012
084AAB15F720084BAA48D64342000C
084AA715F727084BAA48D6433E000C
084AA215F727084BAB48D643400006
084AA015F72B084BA948D743430003
084A9B15F72E084BA648D74341000D
084A9815F72E084BA848D743370004
084A9515F72E084BA548D7432E0004
084A9315F72E084BA448D7432C000A
084A9415F72E084BA348D64331000A
084A9315F732084BA248D6432A0005
084A9315F735084BA048D6432E000D
084A9115F738084B9E48D64328000A
084A8D15F743084B9F48D543280005
084A8815F754084B9E48D4431F000B
084A7E15F762084B9D48D443310003
084A7215F76F084B9C48D4432A000B
084A6115F77D084B9C48D443180009
084A4F15F787084B9A48D54318000B
084A4115F78E084B9A48D4430A0003
084A3215F799084B9B48D44322000B
084A2615F7AD084B9948D443110008
084A1615F7C9084B9A48D343000008
084A0115F7E1084B9748D443060005
0849E715F7F9084B9848D442F9000B
0849CA15F80D084B9548D442F2000A
0849B115F81E084B9648D442F30007
08499815F830084B9648D442DF000E
08497D15F848084B9348D442E40017
08496615F863084B9348D442D00000
08494B15F878084B9448D542D20009
08492D15F889084B9348D542CC0008
08491415F8A1084B9448D442C1000A
0848FB15F8AF084B9048D442B80004
0848E315F8C3084B9248D442AA000C
0848CD15F8CD084B9148D4429A000B
0848B615F8D8084B9148D4427E000E
0848A515F8E5084B8F48D44283000A
08489215F8F3084B8D48D442650000
08488615F8FE084B8C48D342520005
08487515F908084B8B48D34240000B
08486615F912084B8B48D34232000B
08485815F916084B8A48D3422C0008
08484E15F91C084B8948D342250004
08484515F923084B8748D2422C0009
08483B15F923084B8848D3420B0004
08483515F927084B8648D241FE0006
08483015F92A084B8448D241DE0002
08482C15F92E084B8348D241D90008
08482B15F92E084B8348D241C8000E
08482415F931084B8148D141B90009
08482415F934084B8248D141B20001
08482015F935084B8148D141B10003
08481D15F938084B7E48D141B1000C
08481815F93F084B7F48D241AA0000
08481515F93F084B7B48D241A2000A
08481015F946084B7848D141A1000A
08480B15F946084B7A48D2418C0003
08480715F94C084B7948D1418F000A
08480015F950084B7648D1418A0003
0847FD15F950084B7548D1417A0010
0847FB15F953084B7548D1417F000E
0847F615F957084B7448D1417B0006
0847F015F957084B7248D141760000
0847F015F957084B7448D141740006
0847EF15F957084B7248D1417B0007
0847EB15F957084B7048D241700006
0847E915F957084B7048D141640001
0847E815F957084B7148D1415A0003
0847E915F953084B7048D0415D0010
0847E915F953084B6F48D041610006
0847E715F950084B6F48D041540004
0847E915F950084B6E48D041560002
0847EC15F950084B6D48D0415D000B
0847ED15F94C084B6E48D141590004
0847ED15F94C084B6D48D141660002
0847F015F949084B6E48D14159000C
0847F115F94C084B6D48D141650002
0847F115F950084B6E48D1415F0000
0847F015F94C084B6C48D0415D0003
0847F215F94C084B6E48D041650011
0847F215F950084B6C48D04169000D
0847F315F950084B6E48CF415E0005
0847F115F94C084B6D48D041670000
0847F115F94C084B6E48D041670004
0847F115F94C084B6F48D04167000F
0847F315F94C084B6D48D0416C000E
0847F015F950084B6F48CF4166000F
0847F215F94C084B6F48CF41720003
0847F015F950084B7148CF41660003
0847F015F94C084B7248CE41680003
0847F115F94B084B7348CE41680002
0847F415F949084B7548CE41670003
0847F315F94C084B7548CE4176000A
0847F315F94C084B7548CE41700006
0847F315F94C084B7648CE41690005
0847F315F94C084B7648CE41610006
0847F215F94C084B7548CE4168000C
0847F215F94C084B7748CE4161000A
0847F215F94C084B7648CE416F0008
0847F315F94C084B7548CE41630008
0847EE15F94C084B7548CD41670010
0847ED15F94C084B7648CE416B0000
0847F015F949084B7548CE41630012
0847F115F949084B7548CE416C0008
0847F215F946084B7448CE4164000C
0847F315F946084B7248CE41720007
0847F015F946084B7248CD416C000F
0847F215F942084B7148CD416F0002
0847F515F942084B7248CD416B000A
0847F615F946084B7348CC41690001
0847F515F946084B7048CD416F0005
0847F615F946084B7148CC416D000B
0847F615F949084B6E48CC416E0006
0847F515F949084B6D48CC416C0009
0847F215F94C084B6C48CC41730008
0847F115F94C084B6C48CC4178000E
0847EF15F949084B6948CC416E0000
0847EF15F949084B6748CC41850006
0847EF15F949084B6748CC41860006
0847F215F946084B6748CC417D0002
0847F015F946084B6348CB41890002
0847F115F949084B6448CB41720003
0847F115F946084B6148CB41870006
0847F115F942084B6348CB4184000F
0847F115F942084B6048CC41850002
0847F115F942084B5F48CB4187000C
0847F515F946084B5C48CB418A000C
0847F315F93F084B5B48CB41800000
0847F415F940084B5A48CB41890009
0847F515F942084B5348CB417A000A
0847F615F93F084B5248CB41870005
0847F515F942084B4E48CB4185000E
0847F715F942084B4C48CA41880006
0847F615F942084B4A48CB41860000
0847F515F942084B4548CB41860001
0847F415F946084B4348CB4181000E
0847F315F946084B4248CB41870001
0847F215F946084B3D48CB41810006
0847F315F946084B3B48CB41890001
0847F115F946084B3A48CB4186000B
0847F115F946084B3748CB418E0011
0847F015F946084B3448CB41910006
0847EF15F949084B3148CB41970006
0847EF15F946084B2F48CB4186000A
0847EE15F946084B2D48CA418B0008
0847EF15F946084B2A48CA41990004
0847ED15F946084B2848CA419E0000
0847EB15F946084B2448CA4194000E
0847EE15F949084B2048CA4197000B
0847EB15F94C084B2048CA418D0008
0847E915F950084B1D48CA4187000E
0847E315F953084B1A48CA418A0009
0847E115F953084B1748C94189000A
0847DF15F957084B1448C9418C0001
0847DA15F957084B1148C941920007
0847D915F95A084B0F48C9418E0009
0847D815F95A084B0B48C941930006
0847D415F95A084B0948C9418C0004
0847D115F95E084B0748C9418C0008
0847CF15F961084B0448C9418C0009
0847CF15F965084B0248C8418B0006
0847CA15F96B084AFF48C8418C0005
0847C515F96F084AF948C841830001
0847BD15F96F084AF648C8417D0007
0847BB15F972084AF348C841820000
0847B615F979084AF148C74184000E
0847B015F979084AEC48C7417E000B
0847AF15F97A084AEA48C7417D000A
0847A815F979084AE648C7416F000E
0847A615F972084AE548C6416C0010
0847A115F965084ADF48C641780003
0847A015F953084ADD48C64168000B
0847A415F93B084ADA48C641650008
0847A715F92A084AD648C541670002
0847AE15F91C084AD448C5415F0008
0847B515F916084ACF48C541560000
0847BB15F912084ACC48C5415A000A
0847C015F90F084AC848C6414E0012
0847C315F912084AC248C541490006
0847C415F912084AC148C541300006
0847C515F912084ABB48C541320004
0847C515F912084AB948C541270003
0847C615F916084AB448C5411B0001
0847C415F919084AB248C541160010
0847C415F919084AAE48C641020000
0847C215F920084AAC48C640F1000A
0847BD15F920084AA848C640F0000A
0847B615F927084AA548C540DE0008
0847B115F920084AA148C540CF000D
0847AB15F912084A9E48C640C5000E
0847A915F901084A9A48C640C20006
0847B015F8F7084A9848C540B7000E
0847B315F8F0084A9548C540B3000E
0847BC15F8E9084A9048C540A80006
0847C415F8E2084A8E48C540A00008
0847CA15F8DB084A8A48C440AE0008
0847CF15F8DF084A8748C540930003
0847D115F8DF084A8448C540900008
0847D515F8DB084A8148C4408E0010
0847D615F8DB084A7E48C4407F0004
0847D515F8D8084A7B48C4408B0008
0847D715F8D4084A7748C54079000A
0847D915F8D4084A7448C44075000A
0847DA15F8D1084A7148C540640001
0847DD15F8CD084A6D48C440650004
0847DC15F8D0084A6948C4404E0001
0847DF15F8CD084A6748C3405F000C
0847DE15F8CD084A6348C4404A000C
0847E015F8CD084A6048C44049000E
0847E115F8CA084A5C48C440450006
0847E215F8C3084A5948C540360005
0847E415F8B9084A5548C540340007
0847E615F8B2084A5148C440360005
0847E915F8AB084A4C48C440320008
0847ED15F8A1084A4948C440340005
0847EE15F89D084A4648C440250010
0847F115F893084A4148C3402E000B
0847F615F893084A3D48C3402F000D
0847FB15F890084A3A48C340160001
0847FC15F889084A3948C3401E0001
0847FE15F885084A3448C340100006
0847FF15F885084A3048C23FFE0006
08480015F885084A2C48C3400E000A
08480015F885084A2948C23FF3000A
0847FD15F889084A2648C23FF8000E
0847FB15F88C084A2348C23FD9000B
0847FB15F890084A2048C23FEC0009
0847FB15F893084A1E48C13FEA000C
0847F915F893084A1A48C13FE0000A
0847F515F890084A1648C13FDA0004
0847F415F890084A1348C13FD40005
0847F215F88C084A0E48C13FD3000A
0847F115F890084A0C48C13FCC0008
0847F015F890084A0748C13FC8000D
0847EE15F897084A0348C03FCC000D
0847EA15F8A4084A0148C03FD00001
0847E315F8B20849FE48C03FC70001
0847D315F8CD0849F848C03FC6000F
0847C015F8E90849F748BF3FD6000A
0847A615F8FE0849F548C03FD2000A
08478A15F9060849F148C03FCF000C
08476F15F90F0849EB48BF3FD00004
08475815F9120849EA48BF3FDB0004
08474615F90F0849E648BF3FE4000B
08473C15F9080849E448BF3FCD000F
08473A15F9010849E048BF3FCF0010
08473C15F8FA0849DB48BF3FD6000E
08474415F8F00849DB48BF3FC9000D
08474E15F8E90849D648C03FCA0005
08475515F8DF0849D248C03FC90009
08476015F8D40849D048C03FD1000C
08476C15F8C70849CB48C03FC80002
08477615F8C00849CA48C03FCB0005
08478215F8B50849C548C03FBE000C
08479015F8AF0849C248C03FC70000
08479A15F8A80849C048C03FD40013
0847A415F8A40849B948C03FC4000D
0847AB15F8A40849B648C03FB1000C
0847AF15F8A10849B648BF3FC00008
0847B315F8A40849B048BF3FC20008
0847B515F8AB0849AC48BF3FB00000
0847B015F8B90849A848BF3FB3000D
0847A815F8BC0849A548BF3FB20008
0847A115F8C30849A148BF3FA3000C
08479515F8C708499B48BF3FA7000C
08478F15F8CA08499848BF3FA5000A
08478715F8CD08499548BF3F9A0006
08478215F8D108498F48BF3F8E0008
08477915F8D408498E48BF3F920009
08477415F8DB08498848BE3F9C0000
08477015F8DF08498548BE3F950007
08476715F8E208498248BE3F8A0008
08475F15F8E908497F48BE3F8D000C
08475815F8F008497B48BF3F800005
08475215F8F708497748BF3F7F0000
08474815F8F708497248BF3F7A0006
08474115F90308496F48BF3F7B0005
08473915F90808496A48BF3F740005
08472F15F90B08496648BF3F710010
08472515F91208496148BE3F690008
08471E15F91608495E48BE3F5E000C
08471715F91C08495948BE3F63000A
08470D15F92308495748BE3F640005
08470515F92A08495148BE3F4F0006
0846FC15F93108494D48BE3F680008
0846F615F92E08494848BE3F580000
0846EF15F92A08494448BF3F600000
0846ED15F92308494048BE3F52000E
0846EA15F92708493C48BE3F51000A
0846EC15F92008493848BE3F59000C
0846F115F92308493448BE3F550008
0846F115F92308493148BD3F570001
0846F315F92308492C48BD3F4F0006
0846F315F92708492948BD3F550003
0846F115F92708492548BD3F4C0009
0846EE15F92708492148BD3F4F0001
0846ED15F92708491F48BD3F3B0001
0846EC15F92708491A48BC3F4A0003
0846EB15F92A08491748BC3F47000C
0846EA15F92A08491348BC3F44000F
0846E615F92A08491148BC3F48000B
0846E615F92A08490D48BC3F460001
0846E615F92A08490A48BD3F420009
0846E515F92A08490348BD3F48000B
0846E415F92A08490048BC3F460008
0846E315F92A0848FB48BC3F490007
0846E415F92A0848F848BC3F3C0003
0846E715F9270848F648BC3F3C0006
0846E615F92A0848F048BC3F420008
0846E615F9270848EC48BC3F400000
0846E615F92A0848E948BC3F40000C
0846E815F9270848E648BC3F3A0006
0846E615F92A0848E548BD3F420009
0846E415F92A0848DF48BD3F410006
0846E415F92A0848DD48BC3F520002
0846E215F92E0848DA48BC3F490010
0846DF15F92A0848DA48BB3F450001
0846DE15F92E0848D348BB3F480001
0846DD15F9310848D348BB3F4C0007
0846DB15F9310848CD48BB3F4A0008
0846D815F9340848CB48BB3F430008
0846D915F93B0848CA48BB3F460009
0846D515F9420848C548BB3F3D000A
0846D015F9490848C448BC3F3C000B
0846C615F9500848C148BC3F37000E
0846BE15F9500848BF48BC3F420007
0846B615F9570848BC48BC3F40000B
0846B215F9570848B948BB3F39000B
0846AE15F95A0848B848BB3F330011
0846A815F95A0848B248BB3F400001
0846A615F9570848B048BB3F350001
0846A515F9530848AD48BB3F240005
0846A515F9530848AC48BA3F24000C
0846A815F9530848A748BA3F2A000C
0846A815F95A0848A448BA3F260006
0846A915F9650848A348BA3F2E000F
0846A115F96F08489F48BA3F290008
08469915F97608489E48BA3F240000
08468F15F98008489C48BA3F26000C
08468415F98308489848BA3F23000D
08467715F98308489848BA3F240003
08466F15F98008489348BA3F1E0009
08466B15F97908488F48BA3F170006
08466E15F96F08488D48BA3F11000B
08467515F96508488948BA3F190002
08467E15F96108488548BA3F110008
08468A15F95A08488448BA3F050006
08469215F95E08488048BB3F060010
08469615F96108487D48BB3F0A0004
08469715F95E08487A48BB3F0F000E
08469815F95A08487848BB3EFD000B
08469915F95A08487548BB3EF70010
08469A15F95708487048BB3F00000B
08469A15F95D08486B48BB3EF40008
08469915F96108486A48BB3F03000D
08469815F96508486848BB3F07000A
08469315F96808486448BA3EFC0009
08468E15F96B08486248BA3F080008
08468915F96B08485F48BA3EFE0001
08468415F96F08485D48BA3F08000C
08467F15F96B08485B48B93EFC0006
08468115F96808485748B93F080000
08468015F96108485248B93F050000
08468315F95A08485148B83F0D0004
08468715F95708484D48B83F0F0001
08468D15F95008484948B83F060009
08469515F95008484948B83F17000E
08469B15F95008484548B83F12000E
08469F15F94C08484348B83F100002
0846A415F94C08484148B83F090001
0846A515F94C08483D48B73F0A0009
0846A915F94C08483A48B73F12000A
0846AA15F95008483948B73F17000B
0846A815F95308483748B63F090004
0846A615F95008483748B63F0F0005
0846A415F95708483548B73F080006
0846A415F95708483148B73F190004
0846A115F95708482E48B73F080008
0846A115F95708482E48B73F06000A
08469E15F95708482B48B83F100006
08469E15F95308482848B83EFC0006
08469D15F95308482848B73F040004
08469E15F95008482748B73EFD0008
08469D15F95008482548B73EF70001
0846A215F94C08482448B73EF9000C
0846A415F94908482148B73EFF000C
0846A715F94C08481E48B73EEC0000
0846A915F94908481D48B73EEA0008
0846A915F94C08481C48B63EF20008
0846AB15F94608481A48B73EF40007
0846AB15F94908481848B73EEA000E
0846AD15F94208481848B73EEF0005
0846AF15F94408481548B73EEE0007
0846AF15F94208481448B63ED90007
0846B015F94208481448B63EE40007
0846B115F94208481148B63ED8000C
0846B215F94208480E48B63EE40008
0846B415F93F08480C48B63EE10008
0846B315F93F08480C48B53ED30004
0846B415F93F08480A48B53ED7000D
0846B615F93F08480748B53ED8000E
0846B415F94208480448B53ED00000
0846B615F93F08480448B53EDB0001
0846B715F94208480348B53ECE0007
0846B615F94208480248B53ED40001
0846B415F94208480248B43EE2000C
0846B315F94608480148B43ECF0000
0846B215F9420847FC48B43EDF000C
0846B415F9460847FD48B33EDE000B
0846B415F9460847FA48B33EE10008
0846B315F9460847FA48B33EDA0002
0846B315F9460847F948B33EDB0001
0846B115F9460847F848B33ED20002
0846B115F9490847F748B33ED20002
0846B015F9460847F548B43ED70008
0846B015F9460847F248B43EC90009
0846B015F9460847F248B43EBC0012
0846B115F9420847F248B43EBF000A
0846B115F9460847F248B43EB70001
0846AF15F9460847ED48B33EB70002
0846B015F9460847EE48B33EB40001
0846B115F9460847EB48B43EA80006
0846B115F9420847EC48B33E9F0007
0846B015F9420847EC48B33EAA0005
0846B315F9420847EA48B43EA90000
0846B215F9420847E848B43EB00008
0846B215F9420847E848B43EA9000C
0846B315F9420847E648B43EA9000B
0846B115F93F0847E248B33EA3000E
0846B015F9420847E448B33EA1000E
0846B015F9420847E248B33EA50008
0846B015F9440847E148B33E9C0001
0846B015F9420847E048B33EA70008
0846B015F9460847DE48B33EA0000A
0846B015F9460847DB48B43EA70005
0846AF15F9460847DA48B43E9F0005
0846AD15F9460847D848B43EA90006
0846AD15F9460847D548B43EAC000A
0846AF15F9460847D548B43E9E0006
0846AF15F9460847D248B43EA10008
0846AE15F9420847D148B43EAE0001
0846AE15F9490847CF48B43EA00008
0846AE15F9420847CE48B43EA70000
0846AE15F9460847CC48B43EA9000A
0846AE15F9460847CC48B43EB40008
0846AF15F9460847C748B43EA00002
0846AE15F9490847C748B43EA10009
0846AD15F9460847C448B43EA90004
0846AB15F9490847C348B33E9C0001
0846AA15F9490847BF48B33E930008
0846A815F9490847BF48B33EA0000C
0846A715F9490847BB48B33E960005
0846A515F94C0847BA48B33EA90008
0846A515F9500847B948B33EA20000
0846A415F9650847B848B43E970007
08469C15F99F0847B448B33E9C000C
08468315F9F10847B448B33E9F0003
08464D15FA440847B048B33E9D000D
0845FB15FA930847B148B33EA4000C
08459215FAC60847AD48B33E92000A
08452715FAE90847AB48B33E940003
0844CE15FAFA0847AB48B33E8D0000
08449915FAFA0847A748B33E8F000A
08447D15FAEF0847A648B23E890007
08447715FAD70847A448B33E8D0000
08447C15FAB20847A348B33E760000
08449315FA850847A048B33E860003
0844B415FA5508479F48B23E8D0006
0844DF15FA2C08479C48B23E8D0008
08451415FA0D08479B48B23E900006
08454C15F9F508479848B23E8F0008
08457F15F9DD08479648B23E82000B
0845AF15F9C808479348B23E940007
0845CE15F9B408479348B13E8F0008
0845EA15F9A208479048B13EA00001
08460315F99508478D48B23E98000A
08461C15F98A08478D48B23E8F0007
08463015F98308478A48B13E930005
08464115F97908478748B13E950002
08464C15F97608478648B23E930003
08465A15F97208478548B23E9D0006
08466115F96B08478148B13E8C000A
08466A15F96808478148B13E90000E
08466E15F96508477F48B23E9B0001
08467715F96108477C48B23E9B0008
08467915F96108477948B23E920009
08468015F95E08477748B23E9B000E
08468215F95A08477348B23E9C000A
08468415F95A08477348B23E9A0008
08468415F95708476F48B23E930002
08468915F95708476D48B23E940008
08468B15F95708476948B23E8F0004
08468D15F95308476848B23E8B0003
08469015F95308476348B23E95000E
08469215F95308475F48B23E96000F
08469315F95008476048B23E80000C
08469215F95008475C48B13E8A0009
08469315F94C08475C48B13E8A0008
08469515F94C08475748B13E88000B
08469415F94C08475548B13E8B000D
08469615F94C08475348B13E980004
08469715F94C08474F48B13E92000B
08469815F94C08474E48B03E9A000A
08469615F94908474C48B03E8E000C
08469715F94908474848B03E8A000A
08469615F94C08474448B03E980006
08469615F94908474148B03E980004
08469515F94C08473F48B03E8F0003
08469515F94908473C48B13E92000D
08469515F94908473A48B13E8F0008
08469615F94908473748B13E91000C
08469515F94908473348B03E9C0008
08469715F94708473248B03E9C0008
08469615F94908473048B03EA2000C
08469315F94908472C48B03EAB000A
08469315F94908472948B13EAC000B
08469315F94908472548B13EA80003
08469315F94608472248B13EB20005
08469415F94608471F48B03EA30008
08469415F94908471D48B03EB00007
08469515F94608471848B03EB20004
08469415F94608471648B03EB30005
08469315F94608471448B03EB20003
08469515F94908471048AF3EAF000C
08469215F94608470F48AF3EB00007
08469215F94908470A48AE3EB70009
08469215F94608470748AE3EB50008
08469215F94608470448AE3EBC000B
08469215F94608470148AE3EBE0008
08469015F9460846FE48AF3EBC0003
08469115F9460846FB48AE3EBC000B
08469015F9420846F948AE3EBD0003
08469015F9460846F448AE3EC2000B
08469015F9460846F148AD3ECC0006
08469315F9420846EE48AD3EC80000
08469215F9460846EB48AD3EC10006
08469115F9420846E748AD3EC3000A
08469215F9420846E548AD3EBF000A
08469115F9460846E348AD3EC70000
08469115F9420846E148AD3EC80003
08469315F93F0846DF48AD3ED00009
08469215F9460846DA48AD3ECC000E
08469115F9460846D748AD3ED20000
08468E15F9490846D448AD3ED20008
08468D15F94C0846D148AD3EDF0001
08468915F94C0846CE48AD3ECD000E
08468515F94C0846CD48AD3ED70004
08468215F9500846C948AD3EC2000D
08468315F95A0846C548AC3EC90006
08467D15F9830846C148AD3ECA0003
08466C15F9B70846BE48AD3EC80004
08464815F9E60846BC48AD3EC30003
08461515F9F50846BB48AD3EC7000C
0845E415F9E40846B548AC3ED20008
0845C515F9CC0846B448AC3ECC000D
0845BF15F9C50846B248AD3ECD000C
0845CA15F9C80846AF48AC3ED50006
0845D115F9CC0846AB48AD3ED40009
0845D315F9C80846A848AD3ECA0008
0845D315F9BE0846A548AD3ED00006
0845D815F9B00846A348AD3EDB000C
0845DF15F9AD0846A148AD3EDC0008
0845E915F9B008469B48AD3EDB0001
0845EE15F9A908469A48AD3ED80001
0845F315F9A208469848AD3ED60000
0845F715F98E08469448AD3ED90007
0845FF15F97D08468F48AD3EF00006
08460F15F96808468C48AD3EDF0000
08462215F95E08468B48AD3EED000C
08463715F95308468648AD3EF70007
08464615F94908468248AD3EF40010
08465415F94208467F48AD3F010008
08465F15F93B08467D48AC3EFC0009
08466C15F93808467C48AC3F15000C
08467215F93808467648AC3F1D000F
08467615F93B08467348AC3F1B000A
08467915F94208467148AB3F220006
08467515F94C08467048AA3F220008
08466D15F95E08466948AB3F2A0004
08465F15F96508466748AA3F310000
08464B15F96808466548AA3F44000C
08463B15F96508466148AA3F41000C
08463015F96808465D48AA3F4D0004
08462E15F96508465B48A93F5B0000
08462C15F96808465748AA3F620008
08462C15F96808465548A93F670006
08462815F96F08465048A93F720004
08462315F96B08464E48A93F770008
08461E15F96B08464A48A93F86000D
08461E15F95A08464948A93F930006
08461F15F94C08464548A93F940008
08462A15F94208464148A93F94000A
08463A15F93908463D48A93FA00002
08464815F92E08463B48AA3FA7000C
08465215F92708463848A93FAD0008
08465915F92708463548A93FAD0002
08466015F92008463348A93FC00001
08466815F92008463048AA3FBE0007
08466D15F91C08462E48AA3FC60007
08466F15F91908462B48AA3FBA0001
08467315F91208462648AA3FCF000A
08467B15F91208462448AB3FD20007
08467E15F90F08462348AB3FCE0002
08468115F90B08461F48AB3FCF0001
08468415F90B08461B48AB3FD60006
08468915F90808461748AB3FDA0007
08468715F90808461648AB3FDE0000
08468915F90808461448AB3FDA0004
08468A15F90808460F48AB3FEF0006
08468C15F90408460C48AB3FE0000F
08468C15F90408460A48AC3FF80008
08468E15F90408460648AC3FF0000E
08468C15F90108460448AC3FF5000A
08468C15F90108460248AB3FD40005
08468F15F9010845FE48AB3FF20008
08468F15F9010845FC48AB3FFE0007
08468F15F9010845F948AB3FFB0001
08468E15F9010845F748AB400B0007
08468C15F8FE0845F448AA40070001
08468D15F9010845F048AA40180008
08468D15F9040845EE48A94012000E
08468915F9040845E848A9401D0006
08468915F9080845E848A9401F0006
08468815F9040845E548A8401E0003
08468515F9040845E048A840210008
08468515F9040845DF48A840220003
08468415F9040845DA48A8401B000B
08468315F9120845D848A8402B0009
08468215F9200845D448A8401D0008
08467715F92E0845D048A84026000A
08466615F93D0845CE48A840270007
08465415F9420845CC48A8402C000A
08464215F9380845C848A8402E0002
08463B15F92A0845C748A7402A000A
08463B15F91C0845C448A74030000B
08464415F9200845BD48A740340006
08464B15F93B0845BC48A7403D0003
08464615F9530845B948A740350006
08463415F95A0845B848A740390008
08461D15F9490845B448A7403B0003
08460F15F9310845AF48A7404E000C
08461215F9200845AB48A740440004
08462215F9120845A848A7404C0006
08463415F9040845A648A6405A0008
08464615F8FA0845A148A640610003
08465515F8F308459F48A640690009
08466215F8EC08459A48A5406C0008
08467015F8E508459848A5406A0005
08467815F8E508459648A540740000
08468015F8E508459248A540800006
08468415F8E208458F48A540750003
08468615F8DF08458C48A5407B0001
08468915F8DF08458648A540820004
08468915F8DB08458448A5407C0002
08468A15F8DF08458148A540840004
08468D15F8DB08457E48A5409E0002
08468E15F8D808457B48A64095000D
08468D15F8D808457848A5409D000C
08468D15F8D808457248A640A8000E
08468F15F8D808456F48A640AD000C
08469015F8D808456C48A640AA0009
08469015F8D808456948A740AF000B
08468F15F8D408456548A740AE0006
08469215F8D408456148A640B50009
08469415F8D808455C48A640C40001
08469115F8D408455B48A740C30006
08469015F8D708455648A640D3000C
08468E15F8D808455348A640D60004
08468B15F8D808455048A640E2000D
08468B15F8D808454C48A640DA0008
08468915F8D808454948A640E90000
08468715F8D408454548A640EB000A
08468815F8D408454348A640EE000A
08468715F8D408453F48A640EF000A
08468815F8D108453D48A640F40007
08468815F8D508453A48A540FD000B
08468515F8D408453648A540F40001
08468615F8D408453348A540F80010
08468415F8D408453248A541030001
08468415F8D408452E48A54109000A
08468315F8D408452948A54106000D
08468515F8D808452648A5410A0007
08468115F8D808452748A5410A0007
08467F15F8DB08452448A541130006
08467D15F8D808452148A5411E0007
08467C15F8DB08451F48A541120006
08467815F8D808451A48A5411C0003
08467815F8D808451848A541240000
08467815F8D808451748A441250000
08467515F8D808451348A441300008
08467515F8DB08451248A441330009
08467515F8DB08450F48A44129000D
08467415F8D808450E48A4412B0008
08467415F8DB08450B48A441340007
08467215F8DB08450748A4412B000F
08467315F8D808450548A441380002
08467215F8D808450548A3413B0006
08467215F8DB0844FF48A4413D0002
08467115F8D80844FF48A4413D0005
08467015F8D40844FC48A4413B0007
08467115F8D80844F948A441450000
08467015F8D80844F848A441450000
08467115F8D40844F848A441520000
08467415F8DB0844F448A4414F0009
08467115F8E20844F148A4414A0000
08466B15F8F00844F148A441490002
08466315F8F30844EE48A44149000C
08465615F8F00844EE48A44152000A
08464F15F8EC0844EB48A54155000E
08464F15F8EC0844EB48A4415A0008
08464E15F8EC0844E948A44163000A
08465015F8EC0844E948A541630008
08465115F8EC0844E648A5415F0003
08464E15F8EC0844E648A541690005
08464E15F8F00844E448A54169000A
08464D15F8F70844E148A5416D0002
08464915F8FE0844E348A541730004
08464215F8FE0844E248A5416E0000
08463C15F8FE0844E048A541670003
08463615F9040844DC48A541700006
08463115F9080844DE48A44171000A
08462D15F9190844DC48A541780002
08462315F92A0844DA48A54179000B
08461615F93F0844D848A44172000F
08460415F9610844DA48A441810008
0845E815F9800844D748A4417F0009
0845C815F9A20844D648A4418A0007
08459B15F9CF0844D548A441900006
08456D15F9F80844D348A4418A0008
08453C15FA170844D348A341860007
08450D15FA1E0844D148A3418E0007
0844E115FA060844D248A3418D000A
0844C915F9E70844CF48A341930001
0844D015F9C80844D048A341920003
0844E515F9B00844D048A3418E000E
08450315F9980844CE48A2418A0006
08452215F9830844CD48A341970008
08454415F97D0844CE48A24196000C
08455D15F97D0844CA48A241920005
08456C15F9720844C848A34194000C
08457415F95E0844C848A3419C000A
08458215F9400844C448A241A60006
08459715F92A0844C448A24196000A
0845B415F9160844C148A241A7000E
0845D115F9080844C348A241A60003
0845E715F8FE0844C048A141AE0005
0845FB15F8F30844BE48A1419B000A
08460B15F8E90844BC48A241A30008
08461715F8E50844BA48A141A30000
08462215F8E50844B848A141A80008
08462A15F8DF0844B648A141B60003
08463115F8DF0844B348A141BE0005
08463315F8E20844B248A141B70005
08463515F8EC0844B048A141B50000
08463315F8FA0844AC48A141BC000E
08462C15F9080844AB48A141C30003
08462015F9160844A948A141BA0003
08460F15F9270844A548A141C4000D
0845FB15F92E0844A248A141CB0009
0845EE15F92A0844A048A141D9000C
0845E315F92708449F48A041CD000A
0845DD15F92008449D48A141D9000A
0845DE15F92308449948A141D80009
0845DF15F92A08449648A041E60003
0845DF15F92E08449548A141E00007
0845DA15F92E08449048A141E4000C
0845D615F92A08448C48A141E7000A
0845D315F92308448A48A141E80008
0845D515F91908448A48A141E10000
0845DC15F90F08448748A141EA000A
0845E515F90408448348A141E40009
0845F315F8FE08448048A141E50006
0845FD15F8FA08447E48A141E60007
08460515F8FA08447B48A141F70009
08460B15F8FA08447748A141DE0003
08460F15F8FA08447448A141E3000A
08460C15F8FA08447348A241EA000E
08460B15F8FE08446C48A141E70004
08460B15F8FC08446A48A141EF0008
08460B15F8F708446848A141E80000
08460B15F8F308446548A141F30008
08460C15F8F008446148A041E50006
08461015F8F008445E48A041FC0002
08461215F8E908445F48A041F8000A
08461815F8E508445948A041E60003
08461D15F8E208445748A042080005
08462315F8DF084453489F42030000
08462715F8DB08444F489F4206000E
08462D15F8D408444E489F42070006
08463015F8D1084448489F41EB0003
08463315F8D1084445489E41E6000D
08463515F8CD084443489E42070004
08463915F8CD084440489E42080008
08463915F8CA08443D489E42070000
08463D15F8CA084439489E42040007
08463F15F8C7084437489D42040006
08463D15F8C7084434489E4200000B
08463E15F8C3084431489E42170003
08463E15F8C308442D489E42080000
08463E15F8C708442B489E42080008
08463F15F8C708442A489E42060006
08463D15F8CA084427489E42020001
08463B15F8C7084425489E42020006
08463C15F8C7084421489E42200001
08463D15F8CA08441F489E42220006
08463E15F8C708441D489E4224000D
08463D15F8C7084419489E4206000A
08463E15F8C708441A489E42130008
08463F15F8C7084416489E42110006
08463E15F8C7084412489D4225000F
08463F15F8C308440F489D42160008
08463E15F8C708440D489D4215000E
08463E15F8C708440B489E4211000A
08463E15F8C7084407489D421A0008
08463E15F8C9084406489D421E000C
08463B15F8CA084403489D422C0006
08463815F8CA084401489E421D0008
08463315F8CA0843FF489D422A0012
08462F15F8CA0843FD489D42290009
08462E15F8CA0843FB489E42190010
08462A15F8D10843F8489D4224000A
08462815F8D80843F4489D421B0010
08462015F8E50843F3489D42260008
08461315F9040843F1489E4224000B
0845FC15F9200843ED489E42290006
0845DE15F9380843EB489E42290001
0845BA15F93F0843E9489E422F0010
08459C15F92E0843E5489E42330010
08458F15F9120843E5489E4226000A
08459815F8FE0843E2489E423B0008
0845AB15F8EC0843DD489E42360001
0845BE15F8DB0843DC489E424A000B
0845D515F8D40843D8489E4249000D
0845EA15F8CA0843D6489E42500004
0845F715F8C30843D5489E42530003
08460515F8BC0843D0489D42550008
08460B15F8B90843CE489E42690009
08461215F8B50843CC489E42680006
08461615F8B20843CB489D426B000A
08461915F8AF0843C9489D42740006
08461B15F8AF0843C6489D42730009
08461F15F8AF0843C2489D4271000A
08461E15F8AB0843C2489D4279000E
08462115F8A80843BF489D4272000C
08462215F8A10843BC489D4281000E
08462515F89D0843BA489D4285000F
08462515F8970843B7489D42790003
08462515F8930843B6489D4282000A
08462815F88C0843B6489C42830008
08462915F8850843B3489C42830009
08462A15F87D0843B2489C42880003
08462C15F8740843AF489C42950002
08462C15F86A0843AD489C42920002
08463015F8630843AA489C42900008
08463315F8600843A7489C4294000C
08463515F8590843A6489C42980002
08463615F8590843A6489B429E0000
08463515F8550843A5489B42A0000A
08463515F8550843A3489B42A50003
08463515F8520843A0489B42B10008
08463515F85908439D489B42BE0003
08463515F85508439D489B42B40004
08463215F85508439A489B42C7000E
08463015F855084398489B42C60008
08463015F852084399489C42D20001
08463015F84E084395489C42E30008
08463415F84E084394489C42E50004
08463515F84B084394489C42F4000F
08463615F848084391489C42F7000F
08463715F841084391489C42F4000E
08463715F83608438D489B42FB000A
08463615F83008438D489B42FF000F
08463115F82208438A489B42F9000E
08462C15F818084389489B42FD0003
08462615F811084389489B42F90008
08461D15F80D084385489B43030003
08461315F80A084383489B42FA0002
08460A15F80A084382489A43090006
08460115F806084382489A43160007
0845F715F803084380489A43310003
0845ED15F80308437E489943340006
0845E715F80308437F489A433B0005
0845E115F80308437D4899434B0008
0845DC15F80308437D48994355000F
0845D715F80208437B48994366000B
0845D215F80608437B489943770010
0845CF15F8060843784899438D0003
0845CC15F80A0843784899438F0010
0845C815F80A084376489843A1000C
0845C415F80D084375489943A20008
0845C015F80D084373489943A90003
0845BC15F811084372489943BD0009
0845B815F811084370489843C90009
0845B315F818084370489843CC000E
0845AC15F81B08436F489743D6000A
0845A415F81E08436E489843E5000D
08459C15F82208436D489743E60005
08459615F82508436B489743F70008
08458F15F82908436B489743EB0000
08458515F82C08436A489744040002
08457D15F830084368489744080009
08457615F83308436648974416000A
08457115F836084365489744270000
08456D15F8330843674897443A0006
08456915F83A084364489744360007
08456415F8360843664896443B0012
08456115F83A0843644896443E0009
08455F15F83A08436348964451000E
08455C15F83A0843614896444F0000
08455915F83A08435F489744580008
08455915F84108435E48974468000B
08455615F84408435E489644750006
08455115F84808435E489644750009
08454A15F84B08435B4896448E0003
08454715F84E08435A4896449A0006
08454315F85208435A4896449B000A
08453F15F85C084359489644A20001
08453915F867084357489544B10010
08452F15F874084355489544AF0006
08452315F87B084355489544B1000C
08451615F885084353489544B70001
08450915F890084350489544BA000A
0844FB15F89308434F489544BF000E
0844F215F89D08434C489444BE0006
0844E915F89D08434D489444BE000E
0844E015F8A108434A489444B9000B
0844DA15F8A4084348489444CF0006
0844D515F8AB084346489344D00008
0844CE15F8B5084343489344D40005
0844C415F8C0084340489444D90006
0844BA15F8C708433F489444E7000A
0844A715F8CA08433D489344E90006
08449215F8D408433A489344E4000A
08448415F8DB084338489444FB0006
08447515F8DF0843374893450B0007
08446415F8E5084335489345100006
08445315F8EC084332489345140006
08444315F8F3084330489345200000
08443215F8F308432D489345290007
08442515F8F308432A4893452F000B
08441915F8F3084328489345370003
08441515F8F3084325489345410008
08441215F8F70843224893454A0009
08440F15F8F30843204894454E0002
08440C15F8F708431E4894455A0008
08440715F8FA08431B48944567000C
0843FF15F8F708431748944569000A
0843F615F8FA084316489445760007
0843EE15F8FA0843154894457F000D
0843E515F8FA0843104894458C0011
0843DE15F8FA08430D48944590000B
0843DB15F8FE08430C4894458A000E
0843D515F8FE0843094894459B000A
0843CF15F8FF084304489545A50010
0843CC15F9010843034895459A000E
0843C715F901084300489445A70003
0843C315F8FE0842FE489445AF000A
0843BF15F8FE0842FC489445B70006
0843BC15F8FE0842F7489445B90006
0843B815F9010842F3489445B50008
0843B315F8FA0842F2489445AE0006
0843AF15F9010842ED489345B10006
0843AE15F9010842EC489445B90008
0843AB15F8FE0842E8489445B2000E
0843AA15F9010842E5489445B80006
0843A615F9010842E3489445B50006
0843A115F9080842DE489545B5000C
08439D15F90B0842DC489545B2000E
08439615F90B0842D9489545AF000E
08438F15F90F0842DA489445AD000E
08438915F90F0842D6489445AA0002
08438315F9120842D3489445AD000A
08438015F9120842D0489545AE000B
08437E15F9120842CF489445B2000E
08437A15F9160842CD489545BF000D
08437A15F9160842C8489445BB0002
08437815F9190842C8489445BF0004
08437615F9190842C6489445C40006
08437515F9190842C2489445C50004
08437315F9190842C3489445CA000A
08437115F91C0842C0489445C50008
08437015F9200842BB489345C9000A
08436915F9230842BA489345C30008
08436315F9270842B7489345C70005
08435C15F9270842B3489245C50010
08435715F92A0842B1489345C80003
08435315F9270842B0489245D00001
08435015F9270842AC489345D10003
08434D15F9270842AA489245D20000
08435015F9270842A5489245D3000F
08434F15F9230842A3489245D00008
08434E15F9230842A1489245D00006
08435015F92A0842A0489245C90003
08434915F92A08429A489245C8000A
08434215F92E084298489245CF000C
08433415F92E084295489245C8000A
08432915F931084291489245C80005
08431C15F92E084290489245C70006
08431315F93408428E489245D10008
08430715F93808428C489245C6000B
0842FA15F938084287489245CE000A
0842EE15F938084282489245D3000D
0842E215F93F084283489245BD000A
0842D515F94C08427E489145D10002
0842C415F95708427B489145C10003
0842AE15F95A084279489145CF000C
08429915F95E084277489145CF0006
08428815F968084274489145C00006
08427715F97D084270489145C40004
08426515F987084270489145C4000C
08425115F98E08426B489145CB000E
08423C15F991084268489145C60001
08422C15F991084266489145CE0008
08422415F991084264489145CC000C
08421D15F98E084260489145E00006
08421D15F98E08425F489045D5000C
08421815F98A08425B489145EA000A
08421715F98E084257489145E90006
08421315F98E084254489145EE000D
08421315F98A084252489145F8000A
08421115F98E084251489145F5000C
08421015F98A08424E4891460B0002
08420E15F98E08424A489146100009
08420C15F98E0842484891461C0006
08420B15F98A084247489146220010
08420A15F98E084242489146330000
08420715F99108423F489046310005
08420315F99508423F4891463B0004
0841FE15F99508423A489046480009
0841FC15F99808423748904649000F
0841F815F99E0842344890464F000E
0841F415F9A2084231489046560006
0841ED15F9A608422F4890465F0005
0841E815F9A908422B488F46620002
0841E215F9AD084229488F46710004
0841DC15F9B3084222488F466A0008
0841D615F9BE084221488F468D0006
0841CD15F9CC08421F488F46760003
0841C615F9DD08421B488F46980004
0841BA15F9EE08421B488F46750008
0841AA15F9FF084216488F46900004
08419615FA0D084214488F46950008
08418215FA1E084214488F46AD000C
08416C15FA2F084210488F46A90007
08415715FA3908420C488F46A3000D
08414315FA40084209488F46B40006
08413315FA44084209488F46AF0006
08412615FA44084207489046AC0006
08411D15FA4B084203488F46B20008
08411615FA4E084204489046B10004
08410D15FA51084200489046C1000D
08410815FA550841FC489046BE0001
08410115FA550841FC489046CA0001
0840FA15FA5C0841FA488F46C80006
0840F615FA5F0841F6488F46D40000
0840EF15FA5F0841F7488F46D50008
0840E915FA660841F5488F46E10003
0840E215FA700841F2488E46ED0010
0840DD15FA740841F2488E46E2000D
0840D215FA7B0841F0488D46E3000B
0840C715FA850841EE488D46EE0003
0840BE15FA880841EC488D46F5000B
0840B815FA8C0841EB488D46F50008
0840B215FA8F0841E7488D46FA0005
0840A915FA960841E7488D46F90006
0840A115FAA00841E5488C470C0003
08409815FAA40841E3488C47020005
08409115FAAB0841E2488C470C000A
08408715FAB20841E1488C47050006
08407F15FAB50841DE488D4711000A
08407615FAB90841DD488D470C000A
08407015FAB50841DC488C47140006
08406C15FAB90841DB488D47130005
08406815FAB90841D9488C47150004
08406415FABC0841D7488D471D0003
08406215FABF0841D7488D471E000E
08405F15FABF0841D4488D47230007
08405F15FAC30841D4488D472A000C
08405A15FAC60841D3488D472C0008
08405615FAC60841D1488D472E0006
08405515FACD0841CF488C4734000A
08405215FAD40841CE488C472A0010
08404A15FADB0841CE488C47270009
08404715FAE90841CE488C472E0012
08403D15FB260841CE488C47240007
08402415FBB70841CC488B47230008
083FDF15FC6D0841CA488B47300006
083F6015FD080841C8488B47260005
083EB915FD380841C8488B47380000
083DFE15FD080841C7488B47340009
083D9115FCBF0841C5488B473D0003
083D7E15FC820841C5488B47420004
083DA115FC5C0841C4488B473C0006
083DD915FC400841C5488B474C0005
083E0E15FC330841C4488B474A000F
083E3815FC1E0841C3488C47470006
083E5E15FC090841C3488C4748000A
083E7E15FBF50841C3488C4748000B
083E9B15FBE30841C2488C474C0006
083EB515FBD90841C1488D47490000
083ECF15FBCF0841BF488D47500008
083EE315FBC80841C2488D474D0011
083EF215FBC50841BF488E474D0008
083EFE15FBC10841BF488D47540008
083F0815FBC10841C0488D475B0006
083F0E15FBB70841C0488D47580004
083F1415FBB70841BF488C47620003
083F1C15FBBA0841BE488C47680008
083F2015FBBE0841BC488C47630000
083F2115FBC10841BB488C47600008
083F1E15FBC10841BB488C47700008
083F1D15FBC50841BC488C4767000E
083F1915FBCB0841BB488B47590006
083F1515FBD60841BB488B4764000A
083F0B15FBDD0841BA488B47540006
083F0015FBE00841BA488B47640004
083EF515FBE00841B9488B475E0005
083EF015FBDD0841BB488A47680008
083EEA15FBD90841B9488A47620003
083EEA15FBD60841B8488A4768000E
083EEE15FBD20841B8488A476D0008
083EF315FBC80841BA488B476C0009
083EF915FBBA0841BA488B4775000E
083F0515FBAC0841B9488B4777000A
083F1315FB9F0841B6488B4773000B
083F2415FB910841B7488B47750007
083F3415FB870841B5488A47710009
083F4215FB800841B648894779000A
083F5015FB790841B44889476D0006
083F5C15FB6F0841B2488A47690004
083F6515FB6F0841B2488A47740006
083F6D15FB680841B3488A47640008
083F7615FB640841B3488A4775000A
083F7D15FB610841B3488A47750008
083F8415FB5D0841B3488A4775000A
083F8715FB5A0841B3488A47640004
083F8C15FB570841B3488A47620007
083F9015FB540841B3488A47680009
083F9415FB530841B2488A47610002
083F9915FB530841B0488A47680006
083F9915FB530841B1488947770007
083F9B15FB500841B0488A476D0008
083F9E15FB4C0841B0488A47660005
083FA315FB4C0841B1488B4764000A
083FA415FB500841B1488B476C0000
083FA515FB530841B1488A476E0008
083FA515FB570841B248894756000B
083FA115FB570841AF488947660008
083FA015FB570841B04889475F0008
083F9F15FB530841AF48894764000B
083FA015FB530841B04889475C000C
083FA015FB500841B1488847600004
083FA215FB4C0841B348884763000C
083FA415FB490841B24888475B0008
083FA715FB450841B34888475E0002
083FAC15FB420841B24888475D0008
083FAF15FB420841B2488847570008
083FB015FB420841B2488747590004
083FB215FB490841B148874764000A
083FB315FB490841B1488747630003
083FB115FB530841AF488747690004
083FAC15FB5D0841B148874769000C
083FA415FB6B0841AE4887475B000A
083F9915FB750841AB488747660004
083F8A15FB750841AB488747650009
083F8015FB790841AC488747640006
083F7915FB790841AB48874763000A
083F7315FB790841AA488747670006
083F7115FB750841A9488747710003
083F7015FB790841A7488747660001
083F7015FB790841A4488747730007
083F6D15FB790841A44887476F000C
083F6F15FB790841A34888476C0001
083F6E15FB750841A34888476B0008
083F6F15FB720841A1488847650008
083F7315FB6F08419F488847710008
083F7615FB6F08419E488847690000
083F7715FB6B08419C4889475F0005
083F7B15FB6B08419B48894761000C
083F7F15FB6B084196488947650000
083F8115FB6B084196488847750007
083F8015FB68084194488947600002
083F8315FB6B0841934888476E000B
083F8215FB7C0841914889475D000B
083F7D15FBB308418E488947620007
083F6315FBF508418B488947640008
083F2E15FC1A08418B4889476F0008
083EEE15FC1408418848894768000D
083EC315FBFC084185488A47650003
083EB615FBF808418448894771000B
083EB915FBFF08418148894772000C
083EBB15FC0908417E488947770008
083EB515FC0608417D48894767000A
083EB215FBF80841794889476F000A
083EB615FBE30841784889477F0009
083EC315FBC808417648894775000A
083ED715FBAE08417348894773000D
083EF415FB98084172488947730003
083F1215FB8A08416F488947710000
083F2C15FB7C08416C488847720011
083F4415FB720841684888476F0003
083F5915FB68084164488847740003
083F6815FB640841624888476F0005
083F7315FB5D08415F4887476C0008
083F8015FB5A08415D48874773000C
083F8915FB5A08415C488747620002
083F8F15FB5A084158488747710009
083F9215FB5A08415848874768000A
083F9115FB570841564887476D0006
083F9215FB5708415348874767000F
083F9315FB5708415248874760000C
083F9315FB5708414F488747530004
083F9315FB5708414E4887475B000A
083F9215FB57084148488647590008
083F9315FB5A084146488647520007
083F9015FB680841464886474C0006
083F8A15FB79084142488647520010
083F7E15FB8708413F4886474F000E
083F6E15FB94084140488647530009
083F5C15FBA208413C4886474E0006
083F4615FBB008413B488647570000
083F3115FBBA08413A4885474F0006
083F1F15FBC5084138488547530008
083F1015FBCB0841364885475F0006
083F0215FBD90841344885475C000C
083EF715FBE3084135488547620003
083EEB15FBF1084132488547630004
083ED715FBF80841324885475C0005
083EC615FC0908412F48854760000B
083EB415FC1708412C488647660007
083EA515FC3308412A4885476A000A
083E9115FC4E08412748864764000C
083E7515FC6A084127488647700006
083E5615FC7B0841274886477A0006
083E3915FC880841254886477B0012
083E1D15FCB90841234886477C000A
083DFC15FD190841234886476E0002
083DB715FD83084120488647850004
083D5215FDE008412048864782000E
083CD815FE0A08411D48864781000F
083C6A15FE1408411C488647840008
083C2015FE060841194886477F0006
083BF915FE030841174886477B0004
083BEB15FE100841174886477C0004
083BE415FE2C0841144887477C0003
083BD415FE2F0841114887477F000B
083BC215FE0608411048874775000E
083BC515FDC808410E4887477A000C
083BE715FD8A08410A4887477C000C
083C2415FD57084109488747730009
083C6915FD310841054887477B0008
083CA515FD12084104488747860009
083CDA15FCFA08410348884786000E
083D0415FCE2084101488747850006
083D2F15FCCD0840FE48884785000A
083D5415FCBF0840FB488847830009
083D7315FCAB0840FA48884786000C
083D8F15FC9D0840F7488847830005
083DA415FC8F0840F3488847880007
083DBB15FC880840F4488847890005
083DCD15FC8C0840EF488747890006
083DD715FC9D0840EC4887478E0006
083DD415FCB90840E94886478F000A
083DC415FCCA0840E7488747940009
083DB015FCD10840E5488647960009
083D9C15FCDB0840E1488647960004
083D8D15FCE20840DF4885479E000E
083D7F15FCE50840DD488547A00008
083D7415FCD80840D94885479C0008
083D7215FCCC0840D3488547A50008
083D7615FCBC0840D1488447A10008
083D8315FCB20840CF488447A5000A
083D8D15FCB20840CD488447A5000A
083D9915FCB50840C94883479E0004
083D9F15FCBC0840C64883479F0006
083DA015FCBC0840C34884479F0003
083D9C15FCBF0840BF4884479B0006
083D9815FCC30840BE4884479C0005
083D9415FCC30840BA488447A0000B
083D9215FCCA0840B84883479A000C
083D8E15FCCA0840B34884479B000A
083D8915FCCD0840AF488447A3000A
083D8915FCD10840AE4884479F000A
083D8615FCD40840AC4884479C000A
083D8115FCDB0840A7488447980008
083D7A15FCDB0840A348844797000A
083D7715FCDE0840A24884479C0008
083D7215FCE208409F488447A10002
083D6F15FCE9084099488447AB0009
083D6915FCEC084097488447AB0008
083D6315FCF0084095488347A90000
083D5C15FCF6084092488347AD000A
083D5515FCFA084090488247A50009
083D4E15FCF608408A488247B50001
083D4A15FCF6084087488347B40007
083D4815FCFA084086488347AA0001
083D4415FD01084081488347AC0005
083D4015FD0408407F488347AD0008
083D3915FD0408407C488247AB0008
083D3415FD08084079488347AF0001
083D2E15FD08084073488247B40010
083D2C15FD0B084071488247B50006
083D2B15FD0808406C488247BE0001
083D2915FD0808406D488247B2000B
083D2715FD08084068488147B80008
083D2615FD0B084067488247B40009
083D2815FD08084060488247B90005
083D2515FD0B08405E488247BA0008
083D2115FD0F08405A488247BD000C
083D1C15FD12084057488247C00009
083D1615FD19084053488147C7000C
083D0F15FD38084052488147B7000A
083CFD15FD6B08404D488047BF0004
083CDC15FDBA084049488147BF0005
083CA415FE03084047488147C0000E
083C4E15FE25084045488147B6000C
083C0415FE2C084040488147B60006
083BD415FE2908403C488247C6000C
083BB615FE2208403A488247C40009
083BA715FE14084037488247C80007
083BA215FE06084034488247BC0009
083BAD15FDF8084033488247BD0000
083BBA15FDEE08402C488247C60006
083BCB15FDE708402A488247C7000C
083BD915FDE7084027488147C70006
083BDF15FDEE084023488147C50009
083BE115FDFF084021488147C4000C
083BD815FE1708401F488147BD0006
083BC515FE3308401B488247C0000C
083BAC15FE36084018488147BE000A
083B9415FE33084013488147D20007
083B8515FE29084011488147C30008
083B8115FE1E08400E488047BC0007
083B8615FE0A08400A488147C60005
083B9315FDF8084007488047C7000C
083BA315FDEB084001488047C5000C
083BB315FDD9083FFE488047C0000A
083BC615FDCF083FFC488047BF000A
083BD515FDC8083FF9488047B60007
083BE415FDC5083FF6488147BC0010
083BEE15FDC1083FF2488247B40007
083BF415FDC1083FEE488247AA0006
083BF815FDC1083FEC488247AD0000
083BF715FDBE083FE8488347A8000A
083BFB15FDBE083FE5488247AC0004
083BFE15FDBA083FE1488247AF000B
083C0015FDBA083FE0488247AA0009
083C0015FDC1083FDB488247B80008
083BFF15FDCC083FD6488247B10006
083BFC15FDCF083FD5488247B9000A
083BF515FDD3083FD1488247B50009
083BEE15FDCC083FCC488347AB0005
083BEA15FDCC083FC9488347B7000C
083BE815FDC8083FC4488347BA000C
083BED15FDC5083FC2488347B60008
083BEE15FDC5083FBD488247B40006
083BEF15FDCC083FB9488247B20003
083BEE15FDD3083FB6488247AE0008
083BE415FDD3083FB4488247AB0006
083BE115FDD9083FB0488147AE0007
083BDA15FDD3083FAC488147A70005
083BD515FDCF083FAA488047A70006
083BD415FDCC083FA5488047B00008
083BD315FDCF083FA3488047A7000E
083BD415FDCF083F9D488147AB0003
083BCF15FDCC083F99488147A70004
083BCF15FDCC083F97488147AC000B
083BCD15FDC8083F92488047B10005
083BCE15FDC5083F8F488047AD0006
083BCD15FDC8083F8A488047B60006
083BCD15FDCC083F89488047BA0000
083BCC15FDCC083F84488047B50010
083BC815FDC8083F80488047B60006
083BC815FDCC083F7D488047AE000B
083BC715FDC8083F79488047BA0006
083BC615FDCC083F76488047B20008
083BC415FDCF083F70488047B00005
083BC215FDCF083F70488147B0000A
083BC115FDD6083F6A488147A90006
083BBD15FDD4083F66488147AF0003
083BBA15FDD9083F62488147A50004
083BB815FDD6083F60488147AF0006
083BB515FDD6083F5B488047B90001
083BB415FDDD083F57488047AC0003
083BB215FDDD083F55488047AB0005
083BB015FDE0083F4F488047A00001
083BAD15FDEB083F4E488047A10006
083BA815FDF1083F4B488147AC000C
083BA015FDF1083F46488147A90005
083B9615FDF5083F43488147AE0008
083B8E15FDF5083F3E488147A3000F
083B8A15FDF5083F39488147A8000C
083B8715FDF5083F36488147A3000E
083B8515FDEE083F34488047A50007
083B8615FDEE083F2F4881479A000C
083B8515FDF1083F2E488047A4000C
083B8215FDF1083F294880479E0001
083B8115FDEB083F27487F479F0003
083B8015FDE7083F22488047AA000A
083B8015FDE4083F1E488047A20001
083B7E15FDDD083F1A4880479A0008
083B8115FDDD083F18488047A00003
083B8315FDD9083F14487F47A90006
083B8415FDD9083F12487F47A70001
083B8315FDD9083F0F487F47A00007
083B8015FDDD083F0B487F47AB000B
083B7B15FDE4083F09487E47A6000B
083B7715FDE4083F05487F47980009
083B7015FDE7083EFF487E4795000A
083B6B15FDEE083EFD487E47980001
083B6415FDF5083EFB487E47930008
083B5B15FDF8083EF8487F47910007
083B5115FE03083EF9487F479E0007
083B4815FE1B083EF5487F4798000A
083B3515FE2C083EF4487F479A0002
083B2115FE47083EF3487E479C000A
083B0515FE63083EF3487E479A0008
083AE515FE7B083EF1487E47A30006
083AC215FE82083EF4487E4798000A
083AA715FE82083EF4487E47970005
083A9315FE7E083EF7487D47940008
083A8915FE78083EF7487D478D0009
083A8915FE78083EFA487D4789000A
083A8815FE75083EFD487D478C000A
083A8C15FE73083EFE487D478B0006
083A8E15FE6A083F02487D47840003
083A9115FE63083F03487C47860007
083A9315FE66083F06487C47820005
083A9615FE66083F07487D47800008
083A9515FE6D083F09487C476F000D
083A8B15FE78083F0A487D47710004
083A7F15FE82083F0E487D477B0006
083A6E15FE8C083F0D487D47710004
083A5C15FE90083F10487E476F0008
083A4B15FE97083F0F487D47750003
083A3815FE9A083F10487E47770003
083A2715FE9A083F0E487E477B0007
083A1915FEA1083F0F487E4784000A
083A0E15FEA8083F0F487E4784000E
083A0215FEAB083F10487E478D000C
0839F915FEB9083F12487E47900009
0839EF15FEC7083F13487F478D0005
0839E615FED1083F15487F47970003
0839DA15FED8083F17487F479E0005
0839CD15FEDF083F1A487F47970005
0839C415FEDB083F1D487F479C0004
0839C215FED5083F1E487E4793000A
0839C015FECE083F1F487F47980008
0839C715FECA083F21487F47900003
0839D015FEC3083F23487E478F0001
0839DB15FEC0083F23487E47910008
0839E915FEB9083F26487E478D0008
0839F215FEB6083F24487E479A0002
0839FD15FEB6083F29487E47930006
083A0415FEB6083F26487E47920003
083A0D15FEB2083F28487E47A0000B
083A1115FEB2083F28487E479C0004
083A1615FEAF083F28487E479E0008
083A1A15FEAF083F29487D479C000A
083A1C15FEB2083F29487D47A40008
083A1D15FEAF083F2C487D47A50006
083A1E15FEA4083F2A487D47A90008
083A2015FE9D083F2B487D47A30005
083A2815FE93083F2B487D47A8000A
083A3115FE89083F2D487D47A2000A
083A3F15FE85083F2C487D47A50005
083A4C15FE7E083F2A487D47AE0009
083A5815FE7B083F2B487D47A9000A
083A5F15FE7B083F2A487D47A30006
083A6315FE78083F2B487C47970003
083A6A15FE78083F29487C47930006
083A7015FE78083F2A487C47A00006
083A7315FE74083F28487C479D000A
083A7515FE74083F27487C47960006
083A7715FE7B083F28487C47980008
083A7515FE82083F28487C479B0003
083A6D15FE93083F24487C479B000B
083A6115FE9D083F26487C47980008
083A5215FEA8083F22487C47920009
083A4615FEA8083F21487C47980008
083A3815FEAB083F21487C479B0005
083A3115FEAB083F1D487C47950005
083A2E15FEA8083F1D487B479C0005
083A2D15FEA4083F1B487B47990008
083A2E15FEA4083F1B487B479B0007
083A3315FEA1083F1A487B47A20003
083A3615FE9D083F18487B47980007
083A3815FEA1083F18487B47970001
083A3C15FE9D083F15487B47960006
083A3B15FEA1083F14487B4798000C
083A3A15FEAB083F13487B479B000C
083A3415FEBC083F11487B47A30008
083A2B15FED1083F10487B47A50003
083A1515FEE9083F0D487B47A80003
0839FA15FEF7083F0B487B47A70005
0839E015FF05083F0B487A47A70008
0839C615FF12083F08487A47A90006
0839B015FF19083F08487A47AC0004
0839A315FF1D083F06487A47A9000B
08399915FF1D083F04487B47AB0005
08399215FF19083F05487B47B10003
08399015FF16083F02487A47A70007
08398F15FF12083EFF487A47A7000E
08399015FF12083EFF487B47AA0006
08399115FF12083EFF487B47AC000A
08399415FF12083EFC487B47AC0007
08399515FF0F083EFB487B47B00000
08399815FF0C083EF9487B47A5000A
08399A15FF0C083EF6487B47A0000A
08399B15FF05083EF7487B47A20004
08399D15FEFE083EF2487C479F000B
0839A115FEF7083EF1487C47A2000B
0839A515FEE9083EEF487D4793000B
0839B015FEDF083EEC487C47980004
0839BB15FED5083EEC487D47970009
0839C815FECA083EE9487D47970005
0839D815FEC7083EE7487D479D0008
0839E115FEC3083EE4487D47930005
0839E815FEC3083EE2487E47980000
0839EB15FEC7083EE2487D479C0008
0839EB15FECE083EDE487D4798000A
0839E615FED5083EDC487D478C000A
0839DD15FED5083EDB487C47960008
0839D415FEDB083EDB487C478F0008
0839CC15FEFE083ED9487D47910012
0839BA15FF49083ED7487C478B000B
08398A15FFAA083ED5487C47920008
08394315FFEB083ED3487C47910009
0838E015FFEB083ED0487B47960004
08389015FFCC083ED0487A47880003
08387115FF9C083ECE487A47860003
08387D15FF76083ECE487A47890004
08389E15FF54083ECA487A4786000C
0838CA15FF35083EC8487947890008
0838F715FF20083EC7487847840008
08392015FF0F083EC44878478C000C
08393D15FEFE083EC5487847820003
08395815FEED083EC1487947830006
08397115FEE2083EC24879477D0006
08398415FED8083EBE487947840003
08399615FED1083EBF4878477B0006
0839A315FEC3083EBE487847820006
0839AC15FEBC083EBB487847820005
0839B815FEB6083EBA48794784000A
0839BF15FEB2083EB64879478B0006
0839C615FEAB083EB648794784000A
0839CA15FEA8083EB3487947830006
0839D015FEA1083EB2487A47830004
0839D615FE9A083EB0487B47870007
0839D915FE97083EAC487B47890000
0839DE15FE90083EA9487B477E0003
0839E215FE85083EA6487B47800007
0839E615FE7B083EA6487B47790007
0839EB15FE71083EA0487A477F000B
0839EF15FE66083E9E487A47760006
0839F615FE60083E9C487A47730007
0839F915FE55083E98487A47740003
0839FE15FE4E083E98487A477A0003
083A0515FE4B083E95487A4774000A
083A0C15FE44083E9248794764000B
083A0E15FE41083E8F48794766000C
083A1115FE3A083E8C487947590008
083A1215FE36083E8A48794746000C
083A1715FE36083E864879474E0005
083A1815FE36083E824879473E0008
083A1C15FE3A083E7F4879473D000A
083A1D15FE3D083E7B4879473B0008
083A1B15FE41083E78487947360006
083A1815FE48083E76487947270004
083A1515FE52083E724879472F0005
083A0E15FE59083E6F48794733000B
083A0715FE5C083E6C48784732000A
083A0215FE63083E69487947210003
0839FC15FE66083E64487947290007
0839F615FE6A083E62487947150009
0839F115FE6A083E61487947150008
0839EC15FE66083E5D48794713000C
0839EB15FE66083E5A4879471A0004
0839EA15FE5C083E59487847110009
0839ED15FE59083E554878470D0007
0839F215FE4E083E524878470C0006
0839F815FE4B083E4F487847040004
0839FF15FE47083E4B487846FD0003
083A0315FE44083E494878470A000D
083A0715FE44083E44487846F80006
083A0C15FE44083E43487946FD0006
083A0E15FE41083E40487847040003
083A0F15FE41083E3B487946FA000A
083A0F15FE3D083E36487946FC0005
083A1115FE2F083E37487946FF0005
083A1615FE1E083E31487946FE0002
083A1E15FE0A083E2D487947010008
083A2315FDFC083E2B487947020004
083A2B15FDEE083E29487946FD0008
083A3215FDE4083E26487946FD0008
083A3A15FDE0083E23487846F0000C
083A4015FDE0083E1F487846F10008
083A4415FDDD083E1D487846EF0006
083A4815FDD9083E19487746E4000C
083A4B15FDD6083E15487746DD000C
083A4D15FDD3083E10487746D9000A
083A5115FDCF083E0F487646D80006
083A5315FDCC083E0E487746DB000A
083A5615FDC8083E09487646C50003
083A5915FDC8083E09487646B4000A
083A5915FDCC083E05487646BF000A
083A5715FDE0083E05487646A7000F
083A4E15FE1E083DFF487746A4000C
083A3215FE6A083DFF487746AA0008
0839F515FE8C083DFA487746900008
0839B115FE8C083DF84877468E0003
08397815FE7B083DF648774699000C
08395615FE66083DF3487746850005
08394F15FE55083DEE487746750006
08394F15FE52083DEB487746910007
08395015FE5C083DEB48784689000A
08394A15FE74083DE9487846740003
08393715FE90083DE54879466F000A
08391A15FE9A083DE3487846760000
0838F115FE90083DE04878466C0003
0838CF15FE89083DDD48784663000A
0838BB15FE82083DD9487846670009
0838B315FE78083DD74877465A0001
0838B015FE71083DD3487746440008
0838AF15FE71083DD14877463B000C
0838B115FE6D083DCF48764635000A
0838B115FE71083DCB4876462B000B
0838AD15FE78083DCA487646280008
0838A715FE85083DC6487646100003
08389C15FE9D083DC34876460D000B
08388B15FEBC083DC14876460A000A
08386C15FEE9083DBF48754601000A
08383E15FF16083DBC487545FB0006
08380C15FF3C083DB9487545EE0003
0837D715FF5E083DB8487545EF0006
0837A315FF76083DB6487545E0000E
08376E15FF7A083DB1487545EF000B
08374515FF7A083DB1487545DD0009
08372F15FF76083DAD487545D90002
08372315FF73083DA9487545DE0007
08372015FF65083DA6487545D80003
08372015FF57083DA6487545D30006
08372515FF4D083DA2487645CD000A
08372E15FF43083DA2487645C60004
08373A15FF38083D9E487545C8000C
08374315FF31083D9B487545CA0003
08374B15FF2B083D9A487545B9000A
08375215FF24083D99487645CB000D
08375615FF31083D96487645D50008
08375415FF3F083D96487645D50007
08374715FF43083D94487545CE0009
08373415FF46083D93487545D30005
08372615FF46083D93487545D50008
08371D15FF43083D93487645D5000D
08371915FF3F083D92487645DE0008
08371615FF3C083D91487545E2000A
08371615FF35083D92487645E00002
08371815FF2B083D91487645E4000A
08372015FF24083D91487545E70007
08372A15FF1D083D90487545EC0008
08373415FF19083D93487545EA0006
08373B15FF19083D91487545E80007
08373F15FF24083D8F487545EB0007
08373D15FF31083D8F487445EC0004
08373215FF3C083D8F487445ED0009
08372315FF4D083D8F487445F50006
08370F15FF6F083D8F487445FD000A
0836F115FFA3083D90487445FE0006
0836BD15FFBE083D90487445FA000C
08367E15FFBE083D8D487445FB0008
08365315FFAD083D8E48744600000A
08363B15FF95083D8D487346080006
08363815FF84083D8C487346020008
08364015FF76083D8D487346140006
08364F15FF6C083D8C4873460D0006
08365E15FF62083D8C487446110004
08366C15FF5B083D8A4874461A0000
08367715FF54083D8A4873461B000A
08368115FF4D083D8B48734617000A
08368A15FF49083D8B487346110006
08369615FF43083D8B48744613000D
0836A115FF3C083D8B487446150003
0836AF15FF38083D8B487446170005
0836BD15FF35083D89487346220008
0836C615FF38083D8A4874461E0007
0836CE15FF3C083D8C487446230008
0836CD15FF3F083D8B487446180003
0836C615FF43083D8C487446250003
0836C215FF46083D8B4874461A0007
0836BA15FF4D083D8C487446290006
0836B215FF49083D8B4874461F0003
0836AA15FF4D083D8C487446260006
0836A215FF50083D8D4875462B0008
08369F15FF49083D8C48754623000C
08369C15FF49083D8C4875462F0006
0836A215FF46083D8D4875462C0009
0836A815FF46083D8B487546320006
0836AD15FF49083D8E4874462D0006
0836AF15FF54083D8E4874462E0004
0836A915FF5E083D8E487446390006
08369915FF68083D8C487446340002
08368215FF73083D90487446350003
08366D15FF7D083D90487446300003
08365515FF8B083D9048744633000B
08363B15FF95083D924874463F0007
08362015FF9C083D92487446400009
08360815FFA3083D92487346360008
0835F515FFAA083D94487346410003
0835E415FFB1083D944873463B0009
0835D715FFB1083D9448734649000B
0835CD15FFB4083D94487346440007
0835C515FFB4083D95487246420005
0835C015FFB4083D97487246470007
0835BF15FFB4083D96487246430009
0835BD15FFB4083D964872464C000A
0835BE15FFBB083D97487246490000
0835B915FFBE083D99487246500008
0835B415FFBE083D99487246470008
0835B115FFBE083D9A4872464F0008
0835AB15FFC2083D9A487246460007
0835AA15FFBE083D9A4872464D000A
0835AA15FFC2083D9B487246530007
0835A815FFC2083D9A487246570008
0835A915FFC5083D9C487246540005
0835A815FFC9083D9D4871464D0002
0835A715FFC9083D9E4871464B0006
0835A415FFC9083D9F48724656000A
0835A015FFC9083DA2487246470009
08359F15FFC9083DA148724658000A
0835A215FFC9083DA448714656000C
0835A415FFCC083DA2487246590005
0835A115FFCC083DA348714656000A
0835A115FFC9083DA74871465F000D
08359E15FFCC083DA848714659000A
08359C15FFCC083DA7487046610006
08359D15FFCC083DA9487046650008
08359E15FFC9083DA848704670000A
08359F15FFC9083DAA487046650008
0835A115FFC9083DA94870466B0008
0835A415FFC9083DAA487046600005
0835A415FFCC083DAA4870465E0000
0835A215FFD0083DAB486F46670003
0835A115FFD0083DAB486F4667000E
0835A015FFD3083DAD486F465A0001
08359B15FFD3083DAE4870465D0005
08359715FFD7083DAC486F4663000A
08359415FFD7083DAC486F4669000A
08359115FFD7083DAC486F466D0002
08358F15FFDA083DAE48704660000A
08358B15FFDA083DAD486F46670007
08358B15FFDA083DAE487046660008
08358715FFE1083DAC4870465E0008
08358415FFE1083DAD48704665000C
08358215FFE1083DAE486F46640007
08357D15FFE4083DAC486F466C0007
08357B15FFE1083DAD486F46670009
08357915FFE4083DAD486F466E0003
08357815FFE1083DAD486F4674000A
08357915FFE1083DAB486F4678000B
08357B15FFE1083DAD486F46740010
08357D15FFDD083DAD486F467B0003
08357E15FFDD083DAA486F46760007
08358115FFDA083DAB486F466F0006
08358415FFD7083DAA486F467C000B
08358A15FFD7083DAB486F4687000E
08358E15FFD3083DAB486F466D0003
08359215FFD0083DAC486E46710009
08359815FFD0083DAC486E467A0007
08359C15FFD0083DAC486E467A0009
0835A115FFCC083DAA486D466F0004
0835A415FFC9083DA7486E467A000A
0835A815FFC9083DA8486E46760007
0835AD15FFC9083DA6486E4678000A
0835B015FFC5083DA6486E466F000A
0835B215FFC5083DA6486E46740008
0835B115FFC5083DA5486E46720006
0835B715FFC5083DA3486E467A0006
0835B915FFC5083DA2486E46700005
0835BA15FFC5083DA3486E46720002
0835BC15FFC5083D9F486E46670009
0835BC15FFC5083DA1486E466D0002
0835BD15FFC5083DA1486E46690004
0835BB15FFC5083DA1486E4660000C
0835BA15FFC9083DA1486E4667000C
0835B715FFC9083D9F486F465B0008
0835B515FFC9083DA0486F46590006
0835B315FFCC083D9D486F4658000A
0835B015FFCC083D9F486E46600006
0835AD15FFCC083D9D486E46610009
0835AD15FFCC083D9D486E46660006
0835AB15FFCC083D9D486E46590001
0835AB15FFCC083D98486D4663000A
0835AC15FFC9083D9A486E46600006
0835AC15FFC9083D97486D465D0003
0835AD15FFCC083D97486E4663000A
0835AE15FFC9083D95486D46610006
0835AF15FFC9083D94486D46660004
0835B015FFC9083D95486D46670000
0835B215FFC9083D95486E466F0006
0835AE15FFC5083D94486E4667000A
0835AF15FFC9083D93486E46690004
0835AF15FFC9083D93486E466B0002
0835AE15FFC9083D93486D46690006
0835B015FFC5083D93486D46640003
0835B315FFC5083D95486D46610008
0835B815FFC2083D93486E466B000B
0835BD15FFC2083D93486D46600006
0835BF15FFBE083D95486E46690000
0835C315FFBE083D95486D466B0001
0835C515FFC2083D94486E46740008
0835C515FFBE083D94486E46650008
0835C615FFBE083D93486E466F0008
0835C515FFBE083D92486E4671000E
0835C415FFBE083D95486E4672000A
0835C115FFC2083D97486D4671000C
0835BF15FFC5083D95486E46800006
0835BD15FFC2083D97486D46720008
0835BB15FFC5083D96486D4674000C
0835B915FFC2083D98486D46720007
0835B615FFC5083D99486E466B0004
0835B315FFC5083D9C486E46640006
0835B215FFC9083D9B486E466B0007
0835B015FFC9083D9F486E46640005
0835B115FFC9083DA0486E4676000C
0835AF15FFC5083D9D486E46700008
0835AD15FFC5083DA0486E466C000A
0835AF15FFC5083DA0486E466B0006
0835AF15FFC5083DA4486E466F000A
0835AF15FFC9083DA5486E46700006
0835AF15FFC9083DA5486E46710008
0835AE15FFC9083DA7486E467A000A
0835AB15FFC9083DA9486E4674000B
0835AB15FFC5083DAD486E466B0000
0835AC15FFC2083DAD486E467F0004
0835B015FFC2083DAF486D467D0006
0835B615FFB8083DAF486E467E0002
0835BE15FFB1083DB2486D46840004
0835C315FFAD083DAF486D46750009
0835C915FFAA083DB0486E46710000
0835CD15FFA6083DB3486E466B000A
0835D315FFA3083DB5486D46730007
0835D915FFA3083DB2486D4667000C
0835DA15FFA3083DB1486E46650003
0835DF15FFA3083DB3486D46670009
0835DE15FF9C083DB2486D46680008
0835E115FF99083DB3486D46670006
0835E715FF92083DB1486D4678000C
0835ED15FF8E083DB2486D46750011
0835F415FF8E083DB1486D4676000C
0835F915FF8B083DAD486D466F0003
0835F815FF8B083DAC486D46780003
0835FC15FF8B083DAB486D4684000B
08360115FF8B083DA8486C46760003
0835FF15FF87083DA7486D46610003
08360015FF87083DA6486C46700008
0835FF15FF87083DA5486C46760004
08360015FF84083DA4486C4677000C
08360115FF87083DA2486C467A0003
08360315FF8B083DA3486C46760007
08360115FF8E083DA2486C46730006
0835FF15FF8E083DA3486C467E0006
0835FA15FF95083DA0486C46800003
0835F315FF92083DA0486C466D000A
0835F215FF95083DA1486C466C0007
0835EE15FF99083DA0486B466B000A
0835EB15FFA0083DA0486B466B0008
0835E615FFA6083DA1486C46610012
0835DF15FFAD083D9F486B466E0007
0835D815FFB1083DA0486B4669000E
0835D215FFB4083DA1486B46740009
0835CD15FFB4083DA1486B46650006
0835C915FFC2083DA0486B466A0006
0835C315FFDD083DA3486B46720009
0835B615FFF2083DA2486B46710005
08359E160000083DA3486B466B000C
083586160007083DA4486B46750002
08356F16000A083DA3486B46670008
083562160003083DA3486B466E0009
08355C160000083DA1486A46760005
08355C15FFF9083DA0486A466E000C
08356115FFFC083DA0486A4680000C
083561160003083D9D486A46780008
083561160003083D9F486A46780001
08355E160003083D9D486A46690009
08355F160003083D9D486A46790010
08355A160000083D9B486A466B0006
08355815FFFC083D9B486A46770003
08355415FFF9083D99486A466B000A
08355315FFF2083D97486B46670007
08355315FFEF083D97486A466F0003
08355715FFEB083D94486A466D000D
08355E15FFE4083D94486A46660009
08356215FFE4083D95486A466E0006
08356715FFE1083D93486A466B0006
08356D15FFDD083D91486B466C0008
08357115FFDD083D92486B466D000B
08357615FFE1083D91486B466B0007
08357715FFE4083D91486B466A0007
08357315FFEB083D91486A46700007
08356A15FFEB083D91486B4660000B
08356215FFF2083D94486B466E0009
08355D160000083D93486B4665000E
083557160029083D92486B46630000
08354716006B083D93486A46630007
08351C1600BA083D94486A46630008
0834D81600FF083D92486A46670008
083482160117083D93486A46650003
08343616010C083D94486A465E0006
08340A1600FB083D93486A46600005
0833F91600EA083D94486A46650007
0833FA1600DC083D944869465E0003
0834051600CB083D94486A465B0008
0834121600CB083D97486A465B000A
08341E1600BA083D94486A465A0002
08342B16009B083D93486A46620003
08343E160078083D95486A46690001
083462160052083D96486A465D0006
08349216003A083D96486A46620008
0834C7160022083D97486A465C000D
0834EF160007083D98486B4667000B
08351215FFF6083D98486B465C0008
08353615FFE1083D99486B46640009
08355615FFD3083D97486B46640012
08357115FFC9083D9A486C46650004
08358D15FFC5083D99486C4677000B
0835A415FFC5083D99486C46680006
0835B115FFC2083D99486C46720006
0835B915FFC5083D99486D4676000C
0835BB15FFC2083D96486C46760005
0835BB15FFC2083D99486C466E0007
0835BD15FFC2083D9A486D467A000F
0835BC15FFBE083D9A486D46720002
0835BC15FFBB083D9A486D46860004
0835BD15FFB8083D9B486D4678000E
0835C015FFB4083D9D486E467E000F
0835C715FFB1083D9C486D46720005
0835CD15FFAA083D9F486D466F0000
0835D715FFA3083D9F486D46670005
0835E015FFA0083DA0486C46630002
0835E615FFA0083DA1486C46600007
0835EC15FFA0083DA2486C4655000A
0835EF15FF9C083DA3486C465C0003
0835F315FF9C083DA3486D464E0006
0835F615FFA0083DA6486C46500003
0835F715FFA3083DA5486C464F0007
0835F915FFAD083DA6486C4655000A
0835F515FFB8083DA8486B4645000E
0835ED15FFB4083DA8486B46530004
0835E515FFB1083DA8486B464B0003
0835E415FFAA083DAC486B464F0008
0835E915FFA6083DAC486B46540009
0835EC15FFA3083DAD486B4655000F
0835EF15FFA0083DAF486B46550008
0835F615FF9C083DAE486C465E0009
0835F915FF9C083DAE486C46560003
0835FF15FF99083DAE486C466D0008
08360215FF99083DB1486C465F000B
08360715FF99083DAF486C4663000B
08360815FF95083DAE486C46670003
08360815FF95083DAE486B465A000D
08360915FF95083DAD486B465E0005
08360A15FF95083DAD486C46580006
08360A15FF99083DAC486C465C0008
08360815FF92083DAB486C4661000A
08360E15FF99083DAB486C465A0002
08360C15FF92083DAB486C465A0009
08360E15FF95083DAA486B465F0006
08360B15FF95083DA8486A46630006
08360A15FF95083DA7486B46550006
08360B15FF92083DA9486A4660000B
08360A15FF95083DA7486A465C0002
08360C15FF92083DA7486A4658000C
08360C15FF92083DA8486A465A000A
08360D15FF92083DA7486B46640003
08360D15FF92083DA6486A4668000E
08360E15FF92083DA3486B465E0002
08360D15FF8E083DA4486B465D0007
08360F15FF92083DA0486A465E0008
08361015FF92083DA1486A465F0007
08361115FF92083D9F486A46580006
08361115FF95083D9C486A465F000C
08360F15FF9C083D9A486A4655000D
08360A15FFA0083D99486A46620006
08360615FFA3083D99486A4657000A
08360015FFA3083D99486A4662000E
0835F915FFA3083D99486A46600008
0835F715FFA0083D98486A465A000A
0835F815FFA0083D96486A465C0001
0835F715FFA0083D95486A46520006
0835F615FF9C083D95486A46600000
0835FB15FF9C083D92486A46510006
0835FC15FF99083D94486A465E0006
0835FD15FF99083D94486A465F000E
0835FF15FF99083D94486A465B000A
0835FF15FF95083D92486A465C0001
08360115FF95083D95486A46580003
08360415FF99083D94486A464F0009
08360515FF92083D95486A4655000C
08360415FF95083D95486A46560004
08360615FF95083D94486B46510004
08360915FF95083D94486B465B000C
08360815FF95083D95486B46580007
08360615FF95083D95486B4655000B
08360615FF95083D97486B464F0008
08360415FF99083D96486B4656000E
08360415FF95083D9A486A465A000C
08360415FF99083D9B486A465E0008
08360415FF99083D9F486A465C000D
08360415FF99083D9B486B4661000A
08360215FF99083D9E486B46600008
08360015FF99083DA1486B465F0005
08360115FF9C083D9F486B46640007
08360015FF99083D9F486B465E0009
0835FF15FF99083D9E486B466A0003
08360015FF99083D9D486B4657000A
08360015FF99083D9E486B4667000B
08360015FF99083D9E486B46630008
0835FE15FF99083D9E486B46630003
0835FF15FF99083D9C486B4658000A
0835FD15FF9C083D9B486A4667000A
0835FD15FF9C083D9B486B46590007
0835FA15FF9C083D9C486B46590002
0835FA15FF9C083D9B486A466C0008
0835F815FF9C083D9B486A46660010
0835F815FF99083D9A486A46620008
0835F815FF9C083D9A486A4666000F
0835F715FF9C083D9B48694664000C
0835F815FF9C083D984869466B0003
0835F815FF99083D9948684671000A
0835FB15FF9C083D9A4868465E0003
0835FB15FF99083D98486846620004
0835FB15FF99083D9A4868465D0009
0835FF15FF99083D9B4868465A0002
0835FE15FF99083D9A4868464B000B
0835FF15FF99083D9B48684655000E
0835FF15FF99083D9C48684652000A
08360015FF99083D9B4868464E000B
0835FF15FF95083D9C48684646000A
08360015FF99083D9C4868464B0003
08360315FF95083D9D4868464D000B
08360215FF99083D9D4868464F0009
08360415FF9C083D9B4868464B0009
08360015FF9C083D9C4868464F000F
0835FA15FF9C083D9E4869464F0010
0835F715FF9C083D9D4869464D000D
0835F715FFA0083D9F486A4654000B
0835F515FFA0083DA148694651000A
0835F715FF99083DA3486A464E0003
0835FB15FF99083DA1486946470009
0835F815FF99083DA34869464E0005
0835FA15FF95083DA548694644000B
0835FC15FF99083DA34868463A0006
08360015FF95083DA44868463B000C
08360215FF95083DA6486846380003
08360415FF95083DA6486846390001
08360515FF92083DA64868463B0005
08360815FF92083DA6486846410004
08360A15FF8E083DA748684642000C
08360B15FF8B083DA748684645000A
08360E15FF8B083DA8486746420009
08361215FF8B083DA74867464A000E
08361415FF8E083DA9486746470006
08361415FF92083DA548684647000D
08361115FF92083DA7486746440008
08360F15FF8E083DA6486846470003
08360E15FF8E083DA44868463E0003
08360D15FF8E083DA5486846480007
08361015FF8B083DA248694640000C
08361115FF8B083DA2486946500001
08361115FF8B083DA248684649000A
08361315FF8B083DA2486846560008
08361615FF8B083D9F48694651000A
08361315FF8B083D9E486846580008
08361315FF8E083D9D48694647000A
08361215FF8E083D9B486946580003
08361215FF8E083D994869465C000C
08360F15FF92083D9A486946600003
08360C15FF92083D9A4868465E0009
08360B15FF95083D97486846580000
08360615FF95083D98486846570006
08360515FF99083D98486846540008
08360315FFA6083D954868465A0008
0835FD15FFBE083D94486846560008
0835EE15FFE8083D93486746570002
0835D2160015083D944868465B0009
0835A8160045083D934868465C0003
083575160045083D944868465C000B
08353C160086083D954868465E0000
083506160090083D9348684664000A
0834DC160097083D94486846610008
0834C116009B083D96486846530007
0834B0160097083D954869465C000E
0834AB16009E083D944869465F0003
0834A41600A9083D954869464F000B
08349B1600A2083D95486A4658000C
08349416009E083D94486A465D0004
08349516009E083D95486A465B0008
08349C1600A2083D95486A465B000E
08349E1600A9083D96486A465B0009
08349B1600C1083D97486A46560006
0834901600D5083D984869465C0008
08347C1600D5083D974869465C0006
08346C1600AC083D98486946610008
08346B16007C083D984869465C0000
08348916004C083D97486946600005
0834B4160029083D964869465A0004
0834E516000E083D994869465A0008
08351415FFF6083D9A4869465E0001
08353C15FFE4083D9B486946560008
08355815FFD3083D9B48684658000C
08357615FFC5083D9A48684656000A
08358D15FFBE083D9B486846510007
0835A015FFB8083D9B486846550005
0835B315FFAD083D9B486846560006
0835C015FFAD083D9A486846510001
0835C815FFAA083D9C4868464C0006
0835CE15FFA6083D9D486846490003
0835D415FFAA083D9E48684651000B
0835D415FFAD083D9F486746470004
0835D215FFAD083D9F486746490005
0835C915FFB8083DA14867465B000C
0835C115FFBB083DA3486746500006
0835BC15FFB8083DA24867464F000A
0835B615FFB8083DA4486646580000
0835B215FFBB083DA54866465C0008
0835AE15FFBE083DA648664663000B
0835AA15FFBE083DA74867465C0002
0835A715FFBB083DA84866465F0002
0835A515FFB8083DA9486646600006
0835A815FFB4083DA748664657000C
0835AF15FFB4083DA9486646580007
0835B215FFB4083DA8486646580008
0835B515FFB1083DA9486646580007
0835B915FFB1083DA84866465A000A
0835BB15FFB4083DA7486746600004
0835B915FFB1083DA8486746650008
0835BA15FFAD083DA64867465E0008
0835BB15FFAA083DA7486746600008
0835C015FFA3083DA64868465E000D
0835C815FFA3083DA3486746630008
0835D415FFA3083DA44867465E0009
0835DA15FFA3083DA348684661000A
0835DE15FFA3083DA34867465E0003
0835DF15FFA0083DA24867466D000B
0835DF15FFA0083DA24867466F0005
0835DE15FFA0083D9F486746780003
0835E115FFA0083D9D4867466D000C
0835E115FFA0083D9D48674663000A
0835E415FF9C083D9E4867465C000C
0835E315FF9C083D9E4867465E0009
0835E615FF95083D9E4867465D000A
0835EB15FF95083D9D486746560008
0835EF15FF92083D9D48664652000A
0835F215FF95083D9A48664657000A
0835F615FF92083D9A4866465D0006
0835F715FF92083D9D4865465A0007
0835F915FF8E083D9B4865464D0003
0835FD15FF8B083D9B4865464B0005
0835FF15FF8B083D9B486546540004
08360415FF87083D9A4866465E000D
08360A15FF87083D9B48654658000B
08361015FF84083D9B48654658000E
08361315FF84083D9B486546590007
08361415FF84083D9D486646590007
08361715FF84083D9F4866465C0003
08361715FF87083D9C486646620004
08361815FF87083D9F48664658000A
08361615FF87083D9D486646560006
08361415FF8B083D9B4866465E0009
08361115FF8B083D9E4866465A0009
08361215FF8B083D9D486646590004
08361115FF8B083D9F4866465F0009
08360F15FF8B083D9F48674660000C
08360E15FF8B083D9F486746560000
08360E15FF8B083D9F4866465B0007
08360C15FF8B083DA0486646530009
08360F15FF8B083DA1486646540004
08360D15FF8E083DA14866464F000E
08360E15FF8B083DA348664649000B
08360F15FF8E083DA4486646420007
08360F15FF8E083DA448664654000A
08361015FF8E083DA64866464C000C
08360F15FF8B083DA5486646460009
08361015FF8E083DA748674647000A
08360F15FF8E083DA648674649000A
08360C15FF8E083DA748664649000A
08361015FF8B083DA8486746440007
08360E15FF8E083DA9486746450006
08360C15FF8E083DAB4866463F0009
08360C15FF8E083DAB486646410006
08360815FF92083DAD486746440009
08360615FF92083DAD486746440000
08360415FF95083DAD4867463D0008
08360415FF95083DAF48674640000A
08360215FF95083DAD4868463F0006
08360115FF95083DAF48684640000C
0835FF15FF92083DAF4868463A0006
0835FF15FF95083DB1486846490006
08360215FF95083DB24868464A0005
0835FF15FF92083DB348684656000F
08360115FF5E083DB2486846550004
08360215FF92083DB54868464B0005
08360315FF8E083DB54868464B0007
08360A15FF8B083DB44868464B0008
08360F15FF87083DB548684648000A
08361315FF87083DB64869464A0007
08361515FF87083DB64868464B0008
08361815FF87083DB548684650000D
08361B15FF87083DB6486846530004
08361E15FF84083DB9486846580006
08361D15FF84083DB6486846490009
08361F15FF84083DB64868465E0010
08362015FF84083DB64867465C0006
08362115FF84083DB34867466C0009
08362015FF81083DB2486746670000
08362115FF81083DB2486746650008
08362115FF81083DB24867465F000C
08362215FF7D083DB04867465B0006
08362415FF81083DAE48674667000E
08362515FF84083DAC4867465A0008
08362615FF87083DAA486746580002
08362415FF8B083DAC486646690006
08361F15FF8B083DA84867466A0006
08361A15FF8E083DA54866465F0007
08361615FF92083DA44866465F0006
08361015FF92083DA2486646640009
08360C15FF92083DA24866465E0005
08360B15FF92083D9F4866465D0007
08360815FF92083D9F48654657000D
08360715FF95083D9D4865465A0008
08360415FF95083D9A48654654000A
08360515FF95083D98486546530000
08360315FF92083D96486446470008
08360415FF92083D97486446520006
08360315FF92083D98486346510000
08360115FF8E083D96486446490006
08360515FF8E083D964864464F0008
08360715FF8E083D944864464B000C
08360B15FF8B083D934864464F0003
08360C15FF8B083D93486446550009
08360F15FF95083D924864464B0006
08361015FFB8083D92486346530006
0835FF15FFEB083D934863464E0006
0835DA16001B083D904863465A000C
0835A516004F083D94486346560009
08356E160086083D93486346660006
08352A1600B3083D91486346660006
0834EB1600CB083D9348644660000A
0834B01600C8083D9248634662000A
08348C1600C1083D8F486446670009
08347D1600B3083D91486446690005
08347B1600A9083D9048634667000A
08348516009E083D93486346690008
083490160094083D954863466C0008
0834A116008A083D94486346650007
0834AF16007C083D954864465B0000
0834BD160071083D944864465D0009
0834CD160067083D9548644658000A
0834DA16005D083D954864465C0007
0834E6160052083D96486546580003
0834F5160048083D984865465A0009
08350416003E083D99486546510003
08351416002D083D9A4866465A0006
08351F16001F083D9C4865465C0007
08352E16000E083D9C486646690008
08353E160000083D9D48664658000E
08355215FFF6083D9E486746610003
08356715FFEB083D9F486746530007
08357A15FFE8083DA0486646530006
08358815FFE4083DA04866465E0006
08359215FFE8083DA4486546520000
08359615FFEB083DA4486546570009
08359815FFEF083DA4486546550007
08359615FFEF083DA74866464D0005
08359515FFF6083DA6486646520008
08358D15FFF9083DA84866464D0003
08358A15FFFC083DAA4865465C000A
08358615FFF6083DAB486546580009
08358215FFF2083DAC48654658000D
08358215FFE4083DAE486546580007
08358A15FFDA083DAE48654658000C
08359715FFC9083DAF486546620007
0835A615FFBB083DB048654655000C
0835B515FFB4083DB24865464D0003
0835C715FFAD083DB34866464D0004
0835D815FFA6083DB248654650000B
0835E315FFA0083DB44866465A0007
0835ED15FFA0083DB44866464F0008
0835F415FF99083DB34865465B000C
0835F915FF99083DB44865464D0005
0835FB15FF99083DB3486446560005
08360015FF92083DB44864464B0008
08360515FF92083DB5486446420006
08360715FF92083DB44864463E0006
08360A15FF8E083DB4486346420009
08360A15FF8E083DB1486346440007
08360F15FF8B083DAF4863464B0008
08361415FF87083DAF486346470009
08361815FF87083DAE486346490007
08361D15FF87083DAB4863464B0008
08361F15FF87083DAB4862464F000C
08362215FF84083DAA4862464E0008
08362315FF84083DA948624651000C
08362315FF84083DAA4861464B0001
08362615FF84083DA9486246530005
08362715FF81083DA8486346540008
08362615FF7D083DA5486346450006
08362815FF7D083DA6486346430008
08362415FF7D083DA7486246470008
08362615FF7D083DA7486346440001
08362415FF7D083DA6486346440006
08362415FF81083DA5486446430007
08362715FF7D083DA5486446440009
08362715FF7D083DA64865464D000A
08362715FF81083DA5486446400006
08362815FF7D083DA54864464A0007
08362815FF7D083DA5486546490006
08362A15FF7D083DA54865465C000A
08362B15FF7D083DA44865465A0005
08362A15FF7D083DA44866465D000A
08362715FF84083DA3486646680008
08362315FF8B083DA4486646590007
08362015FF8B083DA4486646670009
08361B15FF8B083DA34866465D0009
08361815FF87083DA24866465E000B
08361715FF84083DA3486646630006
08361915FF84083DA348654668000A
08361B15FF84083DA24864465E0005
08361F15FF84083DA24864465E000E
08362015FF81083DA14864466B0003
08362115FF7D083DA348644663000D
08362215FF7D083DA44863466A0009
08362315FF7D083DA34864466D0003
08362515FF7A083DA14864466C0006
08362515FF7D083DA348644665000A
08362815FF7D083DA448634678000B
08362A15FF7D083DA34863466A0006
08362915FF81083DA1486346740008
08362715FF84083DA54863466D0005
08362515FF84083DA64864466A000B
08362115FF87083DA64864465E0006
08361F15FF87083DA548634672000A
08361A15FF87083DA44864465A000C
08361B15FF87083DA64864465C0007
08361A15FF84083DA5486446590003
08361E15FF81083DA64864465E0007
08362215FF7D083DA74864465C0008
08362315FF76083DA9486446580003
08362615FF76083DA7486446520000
08362515FF6F083DA5486346510009
08362715FF6F083DA5486346560008
08362815FF6C083DA348634657000C
08362915FF6F083DA3486346530004
08362D15FF6C083DA4486246590003
08362C15FF6C083DA1486246530005
08362E15FF6F083DA04862465F0009
08362C15FF6F083DA0486246600002
08362F15FF73083D9F486146630008
08362D15FF73083D9C486246640002
08362C15FF73083D9D486146780005
08362E15FF76083D9B4862466B0007
08362E15FF73083D9A48624666000C
08362B15FF6F083D9C4862466A0007
08362A15FF6C083D9A4862466F0007
08362915FF65083D99486246660006
08362915FF62083D98486246670004
08362B15FF5E083D994862466D0006
08362E15FF5E083D96486146670009
08362C15FF5E083D9648614660000A
08362C15FF5E083D9648614665000A
08362D15FF5B083D9748624669000C
08362B15FF5B083D994862466D000A
08362B15FF57083D96486246600003
08362D15FF57083D97486246600003
08362C15FF5E083D964861465A0006
08362C15FF7A083D984861465B0008
08362415FF99083D98486046550008
08360C15FFB1083D984861465F0009
0835EC15FFB4083D97486046670006
0835D015FFB1083D98486046670008
0835BE15FFAA083D994860466C0006
0835BB15FF9C083D9A48604674000B
0835C215FF95083D9948604676000B
0835CC15FF9C083D9A486046760003
0835D215FFB8083D984860467D000A
0835CA15FFD0083D9A4860467B0004
0835B615FFD7083D9D486046750004
08359E15FFE4083D9D485F46830008
08358B15FFF2083D9E486046780006
08357B15FFF6083D9D48604678000C
08356A15FFEF083D9E4860466F0008
08356315FFDD083D9D4860467A0005
08356415FFCC083DA148604674000E
08357015FFBE083DA048604679000E
08358015FFB1083D9F48614678000C
08359215FFA6083DA2486046740007
0835A115FF9C083DA148614678000C
0835B015FF92083DA34861466B000C
0835BD15FF8E083DA3486146720003
0835C815FF87083DA4486146690009
0835D015FF87083DA44861466C0008
0835D515FF87083DA4486146670010
0835D815FF87083DA64861466A0002
0835DA15FF84083DA7486146690008
0835DA15FF84083DA84861466F000B
0835D915FF84083DA94861466A0008
0835D915FF84083DA64861466F0008
0835DA15FF81083DA9486146760006
0835DC15FF81083DA948614683000D
0835DF15FF81083DAD48604679000F
0835DE15FF81083DAB486046830001
0835DE15FF81083DAC48604677000B
0835E215FF7D083DAC486046920006
0835E115FF7A083DAC485F46750008
0835E415FF7D083DAE485F46910007
0835E615FF76083DAF485F46740006
0835E915FF76083DB0485F467A0005
0835EA15FF76083DB0485F46960006
0835EE15FF76083DB2485E46810006
0835EF15FF76083DB1485E46930008
0835F115FF7A083DB3485E46990006
0835F215FF76083DB5485F4690000A
0835F315FF76083DB3485F4692000B
0835F115FF7A083DB3485F46980009
0835F015FF7A083DB2485F468B0007
0835ED15FF7D083DB148604677000B
0835EC15FF7A083DB048604673000C
0835EA15FF7A083DB04860468D0008
0835EA15FF7A083DAF486046860007
0835E915FF76083DAF4860468C0006
0835EA15FF73083DAF48604679000E
0835EB15FF73083DAE48614699000B
0835EE15FF6C083DAE486046730005
0835F515FF68083DAF4861467B0001
0835FD15FF62083DAC486146760008
08360215FF62083DAD486146940005
08360C15FF5B083DAD486146940008
08361815FF5B083DAE48614685000B
08362215FF5B083DAC486146930003
08362915FF62083DAB4860467E000A
08363015FF62083DAC48604685000A
08363515FF65083DAC485F4681000A
08363915FF65083DAC485F46940008
08363B15FF65083DAB485F467F0008
08363E15FF62083DAC485F4682000B
08363D15FF5E083DA9485F46810008
08363B15FF5B083DAA485F46850007
08363615FF5E083DA9485F46740008
08363215FF5E083DAA485F467D0007
08362F15FF5B083DA9485F466C0007
08362C15FF5B083DAA485F468D0001
08362915FF5E083DA9485F46850004
08362715FF5E083DA8485F4675000A
08362315FF65083DA8485F469A0008
08362315FF68083DA7485F46760008
08361D15FF6C083DA8485F4679000C
08361715FF6F083DA8486046920001
08360F15FF76083DA7485F46980008
08360A15FF73083DA7485F468D0008
08360515FF76083DA94860467C0008
08360215FF73083DA5485F46920007
08360115FF73083DA7485F469A0007
08360015FF76083DA7485F46850005
08360015FF73083DA74860467B0008
0835FF15FF76083DA9486046810004
0835FD15FF7A083DA6485F467B0008
0835FC15FF7D083DA6485F467D0009
0835F815FF81083DA6485F4674000A
0835F315FF84083DA7485F466B0005
0835F015FF84083DA8485F46820009
0835E915FF84083DA6485F4678000C
0835E815FF84083DA4485F4683000F
0835ED15FF84083DA5485F4674000B
0835F215FF87083DA5485F466D0006
0835F415FF87083DA6485F46780008
0835F615FF84083DA4485F46770009
0835F215FF84083DA7485F46700005
0835F715FF81083DA6485F467A0009
0835FA15FF7D083DA6485F4674000A
08360615FF7A083DA5485E466E000A
08361115FF76083DA7485F46630001
08361B15FF6F083DA6485F46650006
08362415FF6C083DA5485F46680008
08363015FF68083DA54860466C000A
08363C15FF65083DA5485F466E0006
08364615FF62083DA5485F46680004
08364C15FF62083DA44860466A0008
08365415FF65083DA7486046780007
08365715FF62083DA4486046720007
08365415FF65083DA64860466F0003
08365015FF65083DA64860466B0007
08364A15FF68083DA6485F46670008
08364315FF68083DA3485F466B0004
08363D15FF6C083DA5485F466D000A
08363715FF6C083DA5485F46670009
08363315FF68083DA6486046720003
08363215FF68083DA5485F466B000B
08363315FF65083DA5485F466E000A
08363215FF65083DA4485F46770004
08363815FF62083DA6485F46770010
08363E15FF62083DA5485F46780006
08364115FF5E083DA6485F467A0008
08364815FF62083DA7485E46730008
08364A15FF5E083DA6485E46780007
08364F15FF5E083DA5485E46670007
08364D15FF62083DA6485E46680003
08364F15FF62083DA5485E46600006
08364F15FF62083DA2485E46660007
08364E15FF62083DA1485E4665000A
08364A15FF62083DA3485E466C000A
08364815FF62083DA1485E46750003
08364515FF62083D9F485E466B0008
08364515FF5E083D9D485E466A0006
08364615FF5E083D9D485E466C000C
08364715FF5E083D9B485E4674000B
08364815FF5E083D9B485E4676000A
08364715FF5B083D99485E46710008
08364915FF5B083D98485D46790000
08364C15FF5B083D9A485E46730004
08364D15FF5E083D99485E46640008
08364E15FF5B083D97485E466D0005
08365115FF5E083D98485E465E0008
08365315FF5E083D98485D46610007
08365015FF5E083D98485D46690008
08364D15FF5E083D98485D46660007
08364D15FF5E083D98485D46670005
08364A15FF62083D99485D46580007
08364815FF62083D9A485D46590000
08364815FF62083D9A485D46670003
08364815FF62083D99485C46560006
08364815FF62083D9B485C464F000A
08364B15FF62083D9B485D46510009
08364C15FF5E083D9B485D46570008
08364E15FF5E083D9C485D465C000A
08365415FF5B083D9B485D465B0009
08365615FF5B083D9B485D465F0006
08365615FF5B083D9C485D46530007
08365715FF5E083D9C485D4657000F
08365715FF62083D9B485D46510007
08365715FF62083D9D485D465D000E
08365615FF65083D9B485D4657000A
08365115FF68083D9E485D4655000B
08364C15FF68083D9E485D46610006
08364515FF6C083D9E485E4654000A
08364115FF6C083DA2485E46540009
08363815FF6F083DA1485F464B0008
08363015FF73083D9F485E4659000C
08362A15FF73083D9F485F46630006
08362615FF76083DA2485E4656000C
08362415FF76083DA0485E465A0008
08362215FF7A083D9F485E465A000A
08361E15FF7A083DA0485E4657000A
08361B15FF7A083DA3485E46520006
08361915FF7A083DA0485E4640000E
08361A15FF7D083DA1485E46460008
08361A15FF7D083DA3485E464D0004
08361A15FF7D083DA3485E46470008
08361A15FF7D083DA4485E46470007
08361815FF7A083DA5485E46400003
08361A15FF7D083DA2485D46470006
08361C15FF81083DA5485D4645000A
08361C15FF81083DA4485D46420006
08361915FF81083DA4485D4640000A
08361715FF84083DA5485D4649000B
08361415FF87083DA6485D46430007
08360F15FF87083DA6485D4641000A
08360D15FF87083DA6485D46470008
08360915FF87083DA7485D46490008
08360A15FF84083DA5485D4644000B
08360B15FF81083DA8485D4649000D
08360D15FF81083DA8485D464B000A
08360E15FF81083DA6485D464A0008
08361015FF81083DA5485E464E000C
08361515FF7D083DA6485E46400006
08361815FF7D083DA8485D4638000C
08361E15FF7D083DA7485D4642000B
08362115FF7D083DA7485D464A0008
08362415FF7A083DA8485D46470008
08362415FF7D083DA5485D464A000F
08362615FF7A083DA7485D4653000D
08362B15FF76083DA6485D46520009
08362815FF73083DA7485E46550002
08362B15FF6F083DA7485E465C0007
08362E15FF6F083DA7485E46590005
08363115FF6F083DA8485E465A000C
08363215FF73083DA7485D465C0008
08363115FF76083DA6485D465F000C
08363215FF76083DA6485D46590000
08363115FF76083DA6485D46580009
08362F15FF7A083DA5485D4660000D
08362E15FF7A083DA6485D465F000A
08362E15FF7D083DA5485D46570008
08362B15FF7D083DA5485D46560002
08362915FF7D083DA5485D46620007
08362915FF7D083DA5485C46670003
08362C15FF76083DA7485D46650007
08362B15FF73083DA6485D46630009
08363015FF6F083DA5485C466B0006
08363315FF6C083DA5485C46610008
08363515FF68083DA5485C466C0005
08363615FF62083DA3485C4665000C
08363815FF5E083DA3485C46640008
08363E15FF5B083DA3485C46760005
08363F15FF57083DA1485C46620009
08364215FF54083DA3485C46690009
08364515FF54083DA3485C46650001
08364615FF54083DA3485C46590006
08364815FF50083DA3485C46580006
08364715FF54083DA4485C46620008
08364715FF50083DA1485C466C0002
08364715FF50083DA2485C46630008
08364615FF54083DA1485C46660008
08364515FF50083DA2485C4653000A
08364515FF50083DA2485B46630008
08364315FF50083DA2485C46630008
08364415FF54083DA0485C46540008
08364715FF54083D9E485C465C000B
08364515FF57083D9F485C46580007
08364215FF57083DA0485C4654000A
08364715FF54083D9E485C4659000C
08364615FF54083D9E485C464A0004
08364515FF54083D9E485C465B0008
08364715FF5B083D9D485C465A0004
08364515FF5B083D9B485C465D0007
08364515FF5B083D9D485D465A0003
08364315FF5E083D9B485C4660000C
08364415FF5E083D9C485D46600008
08364415FF5E083D9B485D466D0008
08364415FF5E083D99485D46690008
08364815FF57083D9D485D466C0006
08364B15FF54083D99485C4669000C
08364C15FF54083D99485C466E0008
08364F15FF54083D9B485C46670008
08365115FF54083D98485C466D0008
08365515FF50083D97485B46650007
08365615FF54083D98485B466E0001
08365A15FF50083D97485B46670008
08365B15FF50083D98485B46560007
08365915FF50083D98485B46590005
08365B15FF50083D97485B46580006
08365B15FF50083D97485B46600001
08365A15FF50083D97485B465D000C
08365A15FF50083D97485B4648000A
08365B15FF4D083D98485B46540003
08365E15FF4D083D95485B46490008
08366015FF49083D97485B46560006
08366215FF49083D97485B464E000A
08366315FF46083D96485B46560006
08366215FF46083D96485B464D0008
08365F15FF49083D98485B46510004
08365E15FF49083D98485C46510003
08365815FF49083D96485C464D0005
08365715FF49083D95485D465A0008
08365515FF54083D97485D46580007
08364F15FF57083D97485D46550001
08364C15FF54083D98485C465A0002
08364615FF57083D99485C465D0008
08364315FF5B083D99485C465A0008
08364115FF57083D98485D465B0008
08363F15FF57083D98485D465D000A
08364015FF5B083D9A485D4662000A
08363F15FF5B083D9A485C466B000C
08363E15FF5B083D98485C466B0009
08363E15FF5B083D98485C4667000C
08363D15FF5B083D99485D4666000A
08363C15FF62083D9B485C46670001
08363A15FF62083D9A485C4663000C
08363615FF65083D9A485C46720007
08363515FF68083D9A485C46650005
08362F15FF68083D9B485C466B000A
08362D15FF68083D9B485C46670003
08362915FF6C083D9C485C46740009
08362715FF6C083D9D485C46740004
08362415FF6F083D9D485C466D0002
08362415FF6F083D9C485C46660007
08362315FF6C083D9D485C46680004
08362415FF6C083D9E485C466F0004
08362415FF68083D9C485D46690003
08362515FF68083D9E485C466A0008
08362415FF65083D9F485C466E0008
08362615FF68083D9D485C466B0001
08362915FF6C083D9E485C46690009
08362815FF73083D9D485C466A000D
08362315FF73083D9E485C46640005
08362015FF76083D9F485C46600009
08361B15FF7D083D9E485C4668000A
08361715FF7D083DA0485D46640009
08361115FF84083D9F485D4666000B
08360C15FF8B083D9F485D466A0007
08360415FF8E083D9F485D4665000A
0835FB15FF8E083DA0485C465C0007
0835F115FF92083D9F485D46670009
0835EC15FF8E083D9D485D4664000B
0835E715FF8B083D9E485D4667000C
0835E815FF8B083D9E485D466C0009
0835EA15FF8E083D9F485D46630007
0835EC15FF8E083D9E485D466F0002
0835EB15FF95083D9D485E4672000B
0835E715FF99083D9E485E466D0008
0835E315FF95083DA0485F466F0009
0835E215FF92083D9F485F46770003
0835E115FF8E083DA0485F466F0006
0835E515FF8B083D9F485F4674000E
0835EA15FF8B083D9F485F466B0008
0835EA15FF8B083DA0485F46720008
0835EA15FF8B083D9F485F46670005
0835E915FF8B083D9F485F4668000A
0835E915FF8B083DA1485F46690008
0835E915FF8B083DA0485F46610006
0835EA15FF87083DA1485F466F000C
0835EE15FF87083D9F485E466D0008
0835F115FF87083DA2485F4673000A
0835F215FF8E083DA1485F466B0006
0835F015FF92083D9F485E466D0008
0835EE15FF92083D9F485D466E000A
0835E915FF92083D9D485D466D0009
0835E315FF95083D9E485D46680008
0835E315FF95083D9F485D4676000C
0835E215FF95083D9F485E4673000C
0835E015FF99083D9D485E46780000
0835DF15FF99083D9D485E467A0009
0835DC15FF99083D9D485E466E000A
0835DB15FF9C083D9D485E466B000D
0835D715FF99083D9D485E4669000C
0835D715FF9C083D9B485E46660001
0835D615FF9C083D9B485F46710008
0835D515FF99083D9A485F46650007
0835D615FF99083D9A485F4665000E
0835D415FF92083D9A485E46670009
0835D915FF92083D9A485E466D000C
0835DF15FF8B083D98485E46630005
0835E815FF84083D9A485D46670005
0835F215FF81083D9A485E46600008
0835FD15FF7A083D98485E46660006
08360815FF7A083D98485D465C0005
08361015FF76083D98485D46610005
08361A15FF76083D99485C465E000C
08361F15FF76083D98485B4662000B
08362315FF73083D99485C46690009
08362415FF73083D97485B46580005
08362715FF73083D98485B46620003
08362915FF73083D9A485A46610009
08362B15FF73083D99485A466B000A
08362A15FF73083D99485A46600006
08362915FF76083D98485B465C0007
08362515FF76083D99485B46600007
08362415FF76083D99485C4667000C
08362015FF76083D99485C4663000A
08361E15FF7A083D98485B465D0004
08361A15FF7D083D98485B465E000C
08361515FF84083D9A485B465C000C
08360F15FF87083D99485B46590006
08360615FF87083D98485B4663000E
08360015FF8B083D99485B465D0007
0835FA15FF8B083D97485C465C0006
0835F415FF92083D98485C465E0001
0835EF15FF95083D99485C46600003
0835E815FF95083D97485C4669000A
0835DE15FF99083D9A485D4668000A
0835D715FFA0083D98485D4660000B
0835CF15FFA0083D98485D46610008
0835C915FFA0083D99485D465F000A
0835C315FFA3083D99485C465E0008
0835BE15FFA6083D99485C465F0004
0835B915FFA6083D9A485D46560003
0835B415FFAD083D9A485D46590005
0835B015FFB1083D9B485D46530007
0835AA15FFB8083D9A485D4656000C
0835A615FFB8083D9A485D46560009
08359E15FFB8083D9B485D46560002
08359915FFBE083D9C485D465A0006
08359215FFBE083D9B485D465E000D
08358D15FFC2083D9B485C46660005
08358815FFC2083D9C485D46600009
08358315FFC5083D9B485D465C0012
08358215FFC5083D9C485D4667000A
08357E15FFC9083D9E485C465F0004
08357E15FFC9083D9D485C466D0003
08357915FFCC083D9D485C46650007
08357915FFCC083D9C485D4672000E
08357315FFD3083D9C485D46640001
08356E15FFD3083D9C485D46780006
08356515FFD3083D9C485D4669000A
08356115FFD7083D9E485C46780007
08355D15FFD3083D9C485D4676000A
08355B15FFD3083D9D485D467B0009
08355A15FFD3083D9E485D4678000C
08355A15FFD3083D9D485D466E0007
08355A15FFD7083D9B485D46780009
08355915FFD3083D9B485C46730006
08355815FFD3083D9C485C466E000C
08355715FFD3083D9D485C4680000A
08355915FFD0083D9D485D467A000B
08355715FFCC083D9B485C4689000B
08355B15FFCC083D9C485C468D000B
08355F15FFCC083D9C485C46940009
08356115FFC9083D9D485C46900006
08356015FFCC083D9E485C46900009
08356115FFCC083D9A485C467D0009
08356015FFCC083D9D485C46920009
08355F15FFCC083D9D485C46970006
08355C15FFC9083D9C485B46930004
08355915FFC9083D9C485B46A3000B
08355915FFC9083D9C485C46920008
08355815FFC2083D9B485C46960001
08355815FFC5083D9C485C46AA0008
08355A15FFC5083D9C485C46960005
08355515FFC9083D9A485B46990006
08354E15FFCC083D9B485B46930003
08354215FFCC083D9A485B468F000C
08353815FFD3083D9A485A46960003
08352E15FFD0083D9D485A46A50003
08352415FFC9083D9B485A46A70006
08351715FFBB083D9A485A468B000C
08350715FFB8083D9A485A46930007
0834F515FFC2083D9B485A46A10008
0834EC15FFC5083D9A485A46AE0008
0834E915FFCC083D9A485A46890007
0834EF15FFCC083D9B485A46B40006
0834F715FFD0083D99485A46AC000C
0834FE15FFD0083D9A485946B50000
08350215FFD3083D9A485A46C5000E
08350315FFD0083D9B485A46C9000A
08350315FFD0083D9A485A46D80001
08350715FFD0083D9D485A46DE0009
08350B15FFD0083D9D485B46DD0007
08351115FFD3083D9C485B46E00001
08351615FFD3083D9F485B46F4000A
08351A15FFD3083DA0485B46F00005
08351B15FFD7083DA1485B46E1000B
08351E15FFDA083DA0485B46E7000E
08352015FFD7083DA0485B46DF0000
08352115FFD7083DA0485B46D50006
08352115FFD3083DA1485B46DF0005
08352115FFCC083DA1485B46D40008
08351E15FFCC083DA1485C46D6000A
08351815FFD0083DA0485C46D5000D
08351515FFCC083DA1485C46D20009
08351215FFD0083D9F485B46CB000A
08350E15FFDA083DA0485B46CE0003
08350915FFD7083DA2485B46BC000B
08350215FFDD083DA0485B46CE000A
0834F915FFDD083D9F485C46D50003
0834F315FFE4083DA0485C46D20005
0834EE15FFE8083DA1485B46DF0007
0834E815FFE8083DA0485B46D00003
0834E415FFE8083DA0485B46DC0006
0834DC15FFE8083DA0485B46D80001
0834D415FFE8083DA1485C46D90009
0834CF15FFEB083DA2485B46DB0006
0834C915FFEF083DA0485B46E10006
0834C815FFEF083D9F485B46E90006
0834C615FFEF083DA2485B46DF0009
0834C315FFEB083DA0485A46DD0007
0834BD15FFEB083DA2485B46E1000B
0834BA15FFE8083D9F485B46E90007
0834B715FFE8083DA0485B46EE0007
0834B415FFE4083D9F485B46F4000B
0834B215FFE4083DA1485A46EA0005
0834AD15FFE8083DA0485A46F60004
0834AB15FFE8083DA0485A46F20009
0834A715FFEB083D9F485A47050008
0834A415FFEB083DA0485A47050003
0834A015FFEB083DA0485A4701000E
08349D15FFF2083D9F485A4714000A
08349A15FFF2083D9E485A47060003
08349915FFEF083D9F485A47110009
08349715FFE8083D9F485A471D0006
08349415FFDD083D9F485A471D0002
08349015FFC5083D9D485A472B000C
08348515FFAD083D9F485A472D0009
08347215FF99083D9D485A471C000F
08345A15FF8B083D9E485A472B000D
08344515FF84083D9D485A471B0008
08343015FF81083D9D485B47290009
08342115FF81083D9D485B472F0006
08341615FF8B083D9D485B473A0007
08341315FF92083D9D485C47450000
08341415FF9C083D9E485C47530008
08341815FFA3083D9C485C476F0006
08341F15FFAA083D9D485C477C0005
08342615FFAD083D9E485C478E000A
08342C15FFAD083D9C485C47AC0008
08343215FFAD083DA0485D47BC0006
08343515FFA6083D9E485C47C3000C
08343115FFAA083D9D485C47DC000A
08343315FFAD083D9D485C47F40008
08343415FFB4083D9E485C47F80007
08343815FFBB083D9D485C4800000C
08343F15FFC5083D9C485C48120005
08344715FFD0083D9B485C480E0001
08345115FFDA083D9B485C481D000D
08345F15FFE4083D9A485C480D0005
08346C15FFEB083D9B485B481D000A
08347715FFEF083D9B485B48150006
08347F15FFEB083D9B485B481B0007
08348515FFEB083D9C485B481E0007
08348415FFE4083D9D485B4809000A
08348415FFE4083D9A485A48010007
08348215FFE4083D99485A48050009
08348115FFE8083D9B485B47F80008
08348015FFE8083D99485B47EA0008
08347E15FFE8083D9A485B47E3000C
08348015FFEB083D99485B47C70006
08348315FFEB083D9A485B47CE0003
08348815FFF2083D98485B47C00005
08348D15FFF2083D97485B47BF0006
08349415FFF2083D98485A47B10003
08349915FFF6083D96485A47A5000C
08349D15FFF6083D97485B4799000A
0834A815FFF6083D97485B47930003
0834B015FFF6083D97485A4782000C
0834BB15FFF6083D99485A477F000B
0834C515FFF6083D9A485A477C000A
0834CC15FFF6083D98485A476F0009
0834D315FFEF083D98485A47590008
0834DC15FFEA083D97485947560008
0834E415FFE5083D97485A47440008
0834EF15FFDD083D9748594744000C
0834F915FFD3083D964859473C0001
08350415FFCC083D97485A47350006
08351415FFC5083D95485947290003
08352515FFBE083D97485A471D000E
08353215FFBB083D96485A4725000A
08353D15FFB4083D96485A471D0001
08354A15FFAD083D98485B47140003
08355915FFA6083D93485A47070007
08356715FFA3083D97485A46FF000C
08357715FFA0083D95485A46F6000E
08358615FF9C083D95485A46F50003
08359115FF99083D95485B46F20004
08359815FFA0083D97485A46E20008
08359D15FFA0083D95485A46DC000A
08359C15FFAA083D95485A46D80007
08358F15FFB1083D95485B46DD0008
08357C15FFC2083D96485B46DA000E
08356115FFCC083D96485A46CB0008
08354115FFD3083D96485A46D2000B
08352115FFD7083D96485A46C6000B
08350515FFD7083D96485A46C40006
0834EC15FFDD083D99485A46C1000A
0834D815FFE1083D9A485946C30006
0834C915FFDD083D9C485946C2000A
0834B915FFE1083DA0485A46C10003
0834AD15FFD7083DA2485946C70009
08349F15FFCC083DA6485A46D20009
08349115FFC9083DA9485946E10006
08348215FFC5083DAB485A46E3000C
08347415FFCC083DAF485A46E80008
08346B15FFCC083DB3485A46FD000A
08346415FFC9083DB9485A470D000B
08345D15FFC2083DBC48594717000A
08345515FFBE083DC24859471B0006
08344A15FFBB083DC7485A47390009
08344215FFB8083DCD485A473E000C
08343815FFBB083DD3485A47570004
08343215FFBE083DD94859475C000A
08342B15FFBB083DDE485947690002
08342615FFB8083DE4485947880008
08341C15FFB1083DE84859478F0010
08341315FFAD083DEF48594796000D
08340715FFAD083DF4485947A5000E
0833FC15FFAD083DF7485947AF0009
0833F515FFAD083DFB485947B2000A
0833EF15FFB4083E00485947BF0000
0833EC15FFB8083E04485947DC0007
0833EB15FFC5083E09485947E70012
0833EF15FFD0083E0B485947FA0003
0833F915FFDA083E0F485947FE0006
08340115FFE8083E14485948040009
08340C15FFEF083E17485948130008
08341A15FFF6083E1A485948180005
083425160000083E1B485948140004
08342E160003083E1E485A481A0007
08343916000E083E1F48594821000B
083448160011083E214859481D0008
083457160018083E23485A48200008
083467160018083E20485A481B0004
08347516001B083E24485A48140008
08347E160015083E24485A4810000A
08348A160015083E25485A48010006
08349416000E083E24485A47EE0003
0834A3160000083E24485A47EF0000
0834B815FFF2083E22485A47E70003
0834CD15FFE8083E21485A47CE0005
0834E615FFDA083E20485A47C30006
08350315FFD0083E22485A47AB0009
08352315FFC5083E21485A478E0008
08353F15FFBE083E1D485A4784000B
08355D15FFB8083E1F485947700009
08357615FFB1083E1E485A475D0006
08358B15FFAA083E1C485A47520008
08359E15FFAA083E1A485A47430008
0835B215FFAA083E18485B472F0003
0835BA15FFAA083E19485B471C0006
0835BE15FFA6083E17485B47130009
0835BC15FFAA083E16485B47000006
0835B415FFAD083E17485A46F6000C
0835AA15FFB1083E14485A46F3000B
0835A015FFB4083E11485A46E50002
08359B15FFC9083E10485A46CF000A
08358D160000083E10485B46D20004
08356F160052083E0E485A46C90008
08352F1600AC083E0A485A46C50008
0834CD1600E0083E0A485A46C30005
0834621600EA083E0A485A46C20004
0834161600DC083E09485946C70002
0833E81600C4083E07485946C80004
0833DE1600A5083E04485946B10001
0833EE160083083E02485846B8000D
083412160064083E03485846C1000C
083441160048083DFF485846C70004
08346F160030083DFE485846CB0009
08349516001B083DFB485946D40006
0834B616000A083DFB485A46D00008
0834CA15FFFC083DFA485A46C70007
0834D215FFF6083DF6485B46DC0008
0834D115FFEB083DF7485B46D50003
0834D215FFE1083DF5485C46CD0008
0834DB15FFDA083DF7485C46D60006
0834EB15FFD7083DF5485D46CC000A
0834FF15FFD0083DF4485D46C80000
08351115FFD3083DF3485E46BB0008
08351F15FFD3083DF3485D46CA0009
08352815FFD3083DF2485D46CE000A
08352915FFD0083DF2485D46CE0005
08352D15FFC9083DF1485D46CD0006
08353515FFC5083DF2485D46CA0009
08353D15FFC5083DF1485C46D30007
08354715FFC2083DF1485C46D80005
08354E15FFC5083DF1485B46D20007
08355515FFC5083DF0485B46D0000B
08355515FFCC083DF0485B46D1000B
08355115FFD3083DEE485B46CB0008
08354515FFDD083DEF485A46CE000E
08353215FFE4083DED485A46D40008
08351E15FFE8083DEE485946C90004
08350715FFEF083DEE485946C50004
0834F215FFFC083DED485946CC000D
0834D7160030083DF0485946C0000A
0834AA160094083DF0485946D00010
08345E1600FF083DF0485A46D5000E
0833F6160151083DF1485A46CA000C
08337E160181083DF3485A46CE000C
0833091601A7083DF7485B46D00006
0832A61601C3083DF9485B46D2000C
0832591601CD083DFF485B46E50009
0832221601D4083E01485A46F00009
0831FA1601C3083E04485A46F5000C
0831E51601A7083E08485A4700000A
0831E0160174083E0C485A47190008
0831EF16013D083E11485A471A0008
083204160109083E15485A47250005
08321C1600ED083E1B485A47390001
0832351600F1083E20485A47470006
08324416010C083E27485947470005
08323D16012F083E2A4859475C0002
08322116012F083E2C485947650001
08320216010C083E344859477E0006
0831FB1600D2083E39485A478E0008
0832111600A2083E3C485A47990006
08323A160078083E45485947AE0009
08326E160052083E48485947B9000C
08329F16003A083E4E485947CA000C
0832C6160026083E54485847E20004
0832E4160018083E57485947F00001
0832FB160015083E5C485947FE0002
083314160015083E5F4858481B000B
083332160015083E634858481B000B
083351160012083E68485948290008
083372160015083E6B485948360007
08338E160015083E6F485948450006
0833AB160011083E73485A4849000C
0833C1160011083E76485A4857000C
0833D1160011083E7C485A484A000E
0833DF160015083E7E485A4852000A
0833EB160015083E7E485A48540007
0833F9160018083E83485A48550009
08340616001B083E86485A483D000B
083416160015083E86485B48410008
08342A16000E083E8A485C482A0007
083445160007083E89485B48330001
08346D15FFFC083E8B485B481E0009
08349715FFF9083E8D485B48180008
0834C815FFF2083E8B485C48070008
0834EF15FFE8083E8E485C47F50008
08350A15FFDD083E8F485C47E30009
08351E15FFD3083E8E485B47D80008
08353815FFCC083E91485B47B80006
08355515FFC2083E8D485B47A80006
08356D15FFB8083E8E485B479A0003
08358515FFAD083E8C485A478A0007
08359F15FFA6083E8B485B47770005
0835B315FFA3083E89485B475A0007
0835C615FFA0083E88485B47510001
0835D215FF9C083E88485A4746000E
0835DD15FF99083E85485947370007
0835E515FF95083E85485A472C0006
0835EE15FF92083E83485A4721000A
0835F615FF92083E8048594719000B
0835FD15FF8E083E804859470D0002
08360415FF87083E7E485946FC000A
08360A15FF8B083E7B485846F70006
08361115FF87083E7A485846E80005
08361315FF87083E77485846E50006
08361715FF84083E76485846E1000B
08361915FF84083E73485746DB000D
08361B15FF84083E6F485846E00008
08361F15FF81083E6E485846D0000A
08362215FF81083E6B485846CE000D
08362415FF81083E6C485846CC000A
08362615FF81083E6A485946C00008
08362515FF81083E67485946B4000E
08362115FF84083E64485846B30002
08361E15FF81083E62485846B4000A
08361B15FF81083E614858469C0007
08361615FF81083E5E48594688000E
08361315FF84083E5B485846A5000B
08361215FF81083E5B48584691000C
08361215FF81083E5948584697000B
08361515FF7D083E59485846900008
08361815FF7A083E57485846930007
08361E15FF7A083E54485846960008
08361F15FF76083E53485846930007
08362115FF76083E544857468F0006
08362615FF73083E5248574698000C
08362615FF73083E524857468D000A
08362815FF73083E53485746A60007
08362A15FF6F083E52485746940005
08362B15FF6C083E5148564691000B
08362C15FF68083E50485646960008
08363015FF68083E53485646940008
08363415FF6C083E52485546950008
08363415FF6C083E4F485646910008
08363215FF6C083E4F485746920008
08363115FF6F083E504857468B000B
08362F15FF6F083E4E485746890005
08362D15FF6F083E4E4857468B0006
08362915FF6F083E4C485746920007
08362315FF6F083E4D485846920006
08361C15FF76083E4D4857468B0007
08361715FF76083E4C48574678000B
08361315FF73083E4B4857467D0008
08361015FF76083E4B48574683000C
08360C15FF7A083E49485746700010
08360A15FF7A083E4A485746750008
08360815FF7A083E47485746740003
08360515FF7A083E48485746780008
08360115FF7A083E48485746830005
08360115FF81083E48485746820010
0835FD15FF7D083E454856467C0005
0835F815FF7D083E46485646930006
0835F415FF81083E474856467E000A
0835F115FF84083E46485646900003
0835EF15FF84083E4548564675000C
0835EB15FF87083E454856467B0008
0835E915FF8B083E464856467E000A
0835E515FF8E083E45485646780008
0835DF15FF92083E44485646720005
0835D715FF95083E44485646750008
0835D015FF95083E444856466B0008
0835CD15FF99083E4248564674000E
0835C715FFA3083E43485646700007
0835C015FFAD083E434856466B0007
0835B215FFB8083E43485646720009
0835A215FFC5083E454856466F0009
08358E15FFD3083E44485646870007
08357B15FFDA083E4448554675000E
08356615FFDA083E43485546780008
08355415FFDD083E41485546820003
08354B15FFDD083E44485546760008
08354115FFE1083E4148554697000E
08353015FFE1083E454855467F0008
08351A15FFD3083E46485446710006
0834FC15FFD0083E454855468B000A
0834D615FFCC083E46485546930008
0834B115FFCC083E46485546910011
08349315FFD0083E4848554696000C
08348015FFD7083E484855468E0006
08347115FFDD083E49485546A7000C
08346A15FFE4083E48485546B8000A
08346515FFEF083E48485546BF000A
08346B15FFF6083E49485646D0000A
08347415FFFC083E4A485646E10010
08347F15FFF9083E4A485646F30008
08348515FFF9083E4B485746FF000C
08348615FFF2083E4D48564713000A
08347C15FFEF083E4B4856471C0006
08346915FFF2083E4D48554729000E
08345B15FFF6083E4F4856472E0008
08345C160000083E4F4856473F0008
08346B160000083E50485647450000
083481160000083E52485647410005
08349A160003083E534856474A0009
0834B6160003083E544856474D000E
0834C9160000083E534856474E000E
0834D815FFFC083E564856474C000A
0834E815FFF9083E554856474C000A
0834F315FFF9083E56485647440009
08350015FFF2083E574856474B0008
08350A15FFEF083E5A485647400008
08351615FFE8083E594856473B0006
08351D15FFE4083E5948564730000D
08352115FFE8083E5B485647210001
08352115FFEB083E5C4857471D0005
08351815FFEB083E5B485747140006
08350C15FFEB083E5D48574704000B
0834F515FFE8083E5E485747010008
0834E115FFE8083E5C485747060002
0834CA15FFE4083E5D485646FB0007
0834B415FFE4083E5D485646F70003
08349B15FFE8083E5D485646EF0008
08348B15FFEB083E5D485646F2000A
08347E15FFEB083E5B485646E80011
08346C15FFE4083E5D485646E90003
08345915FFE1083E5C485646E80008
08343F15FFE1083E5D485646F0000C
08342915FFE1083E5F485646F60002
08341615FFE4083E5B485547020004
08340D15FFEB083E5E4855470E0004
08340D15FFF2083E5C485547150008
08341515FFF9083E5D48544724000C
083423160000083E5E485447350002
083435160007083E5E485547470008
08344F160007083E5D485547530001
08346416000A083E5F4854476B0006
083470160007083E5E48544777000B
083476160000083E5E485447770008
08347215FFF9083E5E485447710006
08346215FFF9083E614853477B0006
08345415FFF9083E5E485347760006
083445160003083E5F485347710007
08343216000E083E5E48534770000A
08342516000A083E60485347770008
083419160003083E5F485347730008
08340E15FFFC083E5E4854477A000B
08340415FFF6083E5E48534778000B
0833F915FFEF083E5E48544771000D
0833F215FFEB083E604853476F0001
0833E815FFE8083E5E48534778000A
0833DE15FFE8083E5E485347780008
0833D515FFE8083E5D48534772000C
0833CF15FFEB083E5C485347810005
0833CA15FFE8083E5D4854478B0008
0833CA15FFE8083E5A485447940006
0833C815FFE8083E5A485547A70008
0833C615FFE1083E5B485547A5000A
0833C615FFE1083E5A485547AD0009
0833C415FFE4083E5B485547BA0006
0833C715FFE1083E5B485547BA0002
0833CB15FFE1083E5B485547D10006
0833D715FFE1083E5A485547D00009
0833E715FFE1083E5C485547E90008
0833F915FFE1083E5B485547F10007
08340C15FFDA083E5A485547F80009
08341D15FFD7083E5A485547F70002
08342B15FFD7083E5C48554801000C
08343415FFD7083E5B48554803000A
08343315FFD3083E5B485547FF0006
08342D15FFD0083E5B485447FA0006
08342515FFCC083E5A485448060005
08341B15FFC9083E5A485448010001
08340C15FFC2083E5A485347FA0008
0833F915FFBE083E5A485347FE0004
0833E815FFBB083E5B485348050008
0833D815FFBE083E5B485347FF000B
0833CC15FFBE083E5C485347FB0003
0833CD15FFC2083E5A485247FF0007
0833D415FFBE083E5C485348090008
0833D815FFBE083E5B485348090006
0833D615FFBE083E5C4853481B0007
0833CF15FFBE083E5C4853481B000A
0833C915FFC5083E5B485248250008
0833C815FFCC083E594853482B0008
0833CB15FFCC083E5B4853482F000E
0833D315FFCC083E5A485348390008
0833D815FFD0083E59485348460005
0833DD15FFCC083E5B4853483B000A
0833E015FFCC083E5A4854483F000C
0833DE15FFC9083E5948544846000A
0833D915FFCC083E59485448360006
0833D015FFC9083E5948554838000A
0833CC15FFC9083E574855482B0004
0833C615FFC9083E58485548350007
0833C115FFC9083E564856482E0007
0833BD15FFC5083E54485648320004
0833B515FFC5083E53485648450008
0833A915FFC5083E53485648460003
08339915FFC2083E534856484A000A
08338415FFC2083E524856484E0004
08337115FFC5083E51485748580005
08336015FFC5083E50485748540006
08335315FFCC083E4E4856485F000A
08334A15FFCC083E4F485648640008
08334815FFD0083E50485648660006
08334715FFD3083E4E4856486E0008
08334615FFD3083E504856487A000C
08334915FFD7083E4E48564879000B
08334C15FFD7083E4F48564880000E
08334B15FFD7083E50485548900010
08335015FFD7083E4D4854489B0008
08335215FFDA083E4E4854489E0004
08335415FFDA083E4E485448A5000C
08335B15FFDA083E52485548A30004
08336015FFDD083E4E485548AA000F
08336815FFDD083E50485548B00006
08336B15FFDD083E4F485448B90008
08337015FFDA083E51485448C10006
08337115FFDD083E4D485448B9000A
08337015FFDA083E4E485448BE0006
08336F15FFDA083E50485548B80006
08336C15FFD7083E4F485448BB0004
08336815FFDA083E4E485548AA0000
08336815FFDA083E50485448AF0006
08336715FFDA083E4D485448A00006
08336315FFDD083E4E485448A70008
08335C15FFDA083E4E485548A20008
08335415FFDD083E4E485548A60006
08334915FFDD083E4E485548AB0003
08333C15FFDD083E4F485548B3000C
08332F15FFDD083E4F485548BE0007
08332315FFDD083E4E485548BC0005
08331B15FFDA083E4E485548BE0008
08331415FFDD083E50485548BE0003
08331115FFDD083E50485548D40005
08330F15FFE1083E51485548CF0000
08330D15FFE1083E50485548D5000A
08330C15FFE1083E51485548D5000B
08330C15FFE1083E4F485548D80009
08330915FFE4083E50485548CF0006
08330715FFE4083E50485548D5000E
08330715FFE8083E4F485548D40007
08330915FFE8083E4F485548DD0003
08330F15FFEB083E51485448D80008
08331615FFEB083E52485448D80006
08331B15FFEB083E53485448EC0008
08331F15FFEB083E52485448E90008
08332315FFEB083E51485348ED0010
08332715FFEF083E52485348F50002
08332915FFEF083E54485348F10004
08332A15FFF2083E55485348F10007
08333215FFEF083E55485348ED0008
08333715FFF2083E55485348F50006
08333715FFF6083E54485348F50000
08333F15FFF9083E54485348E90008
08334215FFF9083E55485348EE000A
08334715FFFC083E55485448EB000A
08334A15FFF9083E55485348E5000B
08335015FFFC083E54485348EC0007
08335315FFF9083E54485348ED0009
08335915FFF9083E55485348ED0005
08335E15FFF9083E55485348E0000E
08335F15FFF9083E55485348DF0003
08336115FFF9083E55485348E0000A
08336115FFF9083E56485448DA0003
08336015FFF9083E55485448C80006
08336415FFF6083E52485448D00007
08336015FFF6083E55485448C9000C
08336115FFF6083E53485448CB000A
08336315FFF6083E56485548C00005
08336015FFF2083E52485448C00003
08335F15FFF2083E56485348BC0004
08335E15FFF2083E58485348BB0009
08335F15FFF6083E56485348B60005
08336015FFF2083E56485348A7000F
08336115FFEF083E58485348AF000E
08336215FFEF083E594853489C0006
08336315FFEF083E59485348A00002
08336115FFEF083E5948534899000A
08336215FFEB083E58485348A6000B
08336315FFEB083E57485348AA0008
08336215FFEB083E59485348A70008
08336315FFEB083E59485348A4000A
08336315FFEB083E57485348A20006
08336515FFEB083E59485348A00008
08336415FFE8083E584853489E0001
08336415FFE8083E58485348A00003
08336315FFEB083E59485348A6000A
08336015FFF6083E59485348A70009
08335D160007083E59485348A7000C
083354160015083E59485348A60007
083345160011083E5A485448AC000A
083336160011083E59485348B10007
083330160011083E59485448AA0007
08332D16000E083E5A485448A9000B
083330160007083E58485348AF0004
083336160003083E57485348B00003
08333C160000083E57485248AC0008
083345160000083E55485348BC0006
08334C15FFFC083E54485348A8000B
083358160000083E56485348B50002
08335F160003083E54485348B7000A
083364160000083E53485348BA0007
083363160000083E53485348BA0006
08335F15FFFC083E54485348B70006
08335B15FFF9083E53485348AC0009
08335515FFF9083E51485348B40001
08334815FFF6083E53485248B30006
08333815FFF2083E52485348AC000E
08332615FFEF083E53485348A80008
08331115FFF2083E52485348A20005
0832FF15FFF6083E53485348AA0008
0832F415FFF2083E54485448A60007
0832E915FFF6083E55485448AD0008
0832E215FFF6083E56485448A50006
0832DF15FFF6083E54485448B00008
0832DF15FFF9083E53485448AE0002
0832E115FFF9083E53485448BE000C
0832E315FFF6083E54485448CC0006
0832E815FFF6083E54485448C4000C
0832EB15FFF9083E54485448DF0008
0832ED15FFF6083E56485548DA0008
0832ED15FFF9083E53485548E90009
0832EC15FFF9083E55485548F00005
0832E815FFF9083E53485548F3000F
0832E315FFF9083E55485548F8000A
0832E015FFFC083E544855491B000A
0832D9160000083E56485549210008
0832D2160003083E55485649030006
0832CF160000083E554856491B0008
0832CB160000083E57485549190009
0832CB160000083E574856490D0008
0832C8160000083E584856491A0008
0832C915FFFC083E57485549210004
0832CB160000083E574856491A0004
0832CC15FFF9083E574856490D0001
0832CE15FFFC083E564855491D0003
0832D015FFFC083E58485549050006
0832D115FFFC083E584855491B0008
0832D115FFFC083E58485549140008
0832D115FFFC083E56485549040008
0832D215FFF9083E56485549090000
0832D515FFFC083E574855490E000C
0832D615FFF9083E594855490B000C
0832DA15FFF9083E564855491E0006
0832E015FFF6083E58485448F6000C
0832E915FFF6083E584855491D000A
0832F415FFF6083E56485448EF000A
08330015FFF6083E58485449050005
08330C15FFF2083E574854491A0004
08331315FFF2083E57485449140007
08331915FFF2083E56485449160006
08331D15FFEF083E554854490D000A
08331D15FFEF083E55485449070008
08331F15FFEB083E5748544902000E
08332015FFEF083E55485448FE000A
08332415FFEF083E55485448F50009
08332615FFEB083E55485448F3000E
08332615FFEB083E53485448F50009
08332415FFEB083E54485448FA0000
08332115FFEB083E54485448F70000
08332215FFEF083E55485448EE0010
08332415FFEF083E54485448FC0008
08332815FFEF083E54485448FD000A
08332D15FFEF083E54485549030006
08332D15FFEF083E55485448FA0008
08332615FFEF083E53485448EE0008
08331A15FFEF083E51485448FA0006
08331115FFEF083E54485448FA0001
08330815FFF2083E53485448FB0011
08330515FFEF083E50485448FA0006
08330415FFF2083E51485449020008
08330615FFF2083E50485348F50010
08330415FFF6083E50485348F80006
08330115FFF6083E504854490B0006
0832FE15FFF6083E51485449040003
0832FB15FFF6083E514854490F0006
0832F715FFF9083E53485449190005
0832F415FFF6083E504854490D0009
0832F315FFF6083E51485449160008
0832F515FFFC083E534854490F0008
0832F815FFFC083E53485549120006
0832FD15FFFC083E52485549220007
08330415FFFC083E51485549140004
08330915FFFC083E5148554927000E
08330D15FFFC083E50485549180003
08330E160000083E4F48554934000C
08330D160007083E514855492A0006
08330C16000A083E52485649270005
08330B16000E083E5148564925000C
083307160007083E50485649370004
083305160007083E4E485649120009
083307160003083E51485649140007
083309160000083E504857490E0006
083309160000083E4E485749040001
083309160000083E5048574902000A
08330B15FFFC083E52485748FE0008
08330B15FFFC083E51485648FC0005
08330F15FFFC083E4D485749040001
08331115FFFC083E4D485749070001
08331515FFF9083E5148574901000A
08331015FFF9083E4F485649050006
08330915FFF6083E4F485648F6000C
0832FE15FFF6083E4D485648FB000A
0832F715FFF9083E4E485548F3000D
0832F015FFF6083E4C485548F40008
0832EA15FFF9083E4D485548EF0006
0832E615FFF9083E4E485548FC0000
0832E315FFF9083E4B485448FA0002
0832E015FFF9083E4E485448FE0004
0832E015FFF9083E4C485348FD000C
0832DB15FFF9083E4F485349170005
0832DB15FFF6083E4E4853491C0009
0832D915FFFC083E4E4853493D0003
0832DA15FFFC083E4F485349380006
0832DA15FFF9083E5048534930000B
0832D715FFFC083E514853493C0004
0832D615FFFC083E5148544931000A
0832D715FFFC083E4F4854493A000A
0832D615FFFC083E514854493A0008
0832D415FFFC083E5248554940000E
0832D615FFFC083E50485449490005
0832D515FFFC083E5148544951000D
0832D4160000083E524854494E0003
0832D515FFFC083E53485549490005
0832D5160000083E54485549490006
0832D815FFFC083E53485649440008
0832D9160000083E554856494B0006
0832D9160000083E5648564954000C
0832D615FFFC083E5648564952000C
0832D715FFFC083E5648564944000D
0832D815FFFC083E57485649410003
0832DD160003083E564856493F000F
0832E6160003083E57485549410009
0832F3160003083E594855494B0009
083304160003083E56485549470005
083313160003083E5A4854494B0008
083323160003083E594855494A000D
083334160003083E5A4855494E000C
083340160007083E574855493B0008
08334B160003083E574855494C0008
083352160007083E5648554938000A
083359160003083E5948554936000C
083360160003083E574854493A0008
083365160003083E564854491E000E
08336A160003083E544854491D0000
08336B160003083E544854491D0007
08336E160000083E534854490D000C
08336D15FFFC083E5248544902000A
08336615FFF9083E52485548FF0008
08335B15FFF6083E51485448E90009
08335015FFF9083E4E485448ED0003
08334915FFF9083E4D485448E40003
08334815FFFC083E4D485448C80000
08334B15FFF9083E4B485448D30009
08334A15FFF9083E4A485448C90001
08334715FFF6083E4C485448CF000A
08333B15FFF9083E47485448C30003
08332B15FFF6083E47485448C00006
08331E15FFF6083E46485448C90009
08331015FFF6083E44485448C10009
08330615FFF6083E45485448BE0007
0832FD15FFF6083E43485448C60007
0832F615FFF9083E41485448CA0006
0832EF15FFF9083E3F485448CE0007
0832EB15FFFC083E3E485448D40007
0832E7160000083E3D485548DD0002
0832E5160003083E3A485548EC0007
0832E3160007083E39485548EF0006
0832DE16000A083E37485548FD000C
0832DC16000E083E34485549030002
0832D8160011083E32485548F6000E
0832D4160011083E30485549160008
0832D1160012083E2E48544914000A
0832CF16000E083E2D485449180009
0832CE160011083E2A485449160007
0832CA160011083E2A485449160006
0832CA160011083E28485449210007
0832C9160011083E274854493A0008
0832C9160011083E24485449170009
0832C8160018083E21485449180006
0832C6160029083E1F485448FA0009
0832BC160048083E1E48544901000C
0832A816005D083E1C485448F8000A
08328A160067083E19485448FC0009
08326F160060083E17485448F00008
083265160052083E18485448E2000D
08326516004C083E13485448EB0009
08326D16004C083E13485448EF0004
08327316004C083E11485548F00009
08327416004F083E0F485548E9000C
08327716004C083E0C485548E40006
083275160048083E0D485548F00006
083275160048083E09485448ED0009
083277160048083E08485448ED0008
08327A160048083E04485548E70007
08327A160048083E04485648E40003
08327A160048083E02485548DB000C
08327A160048083E04485548DF000C
08327B160048083E02485548E60003
08327B16004C083E01485448ED000C
08327B160048083E00485448E7000D
08327A160045083DFE485448F5000A
083279160041083DFD485449010007
08327D16003E083DFD48544901000B
083283160037083DFB485348FE0009
083286160034083DFA485348F70009
08328E160030083DF848534909000A
083293160030083DFA485348FA0007
08329716002D083DF7485348F3000B
08329B160030083DF5485348FB0009
08329A160034083DF5485348FC000C
08329B160030083DF64852490C000B
08329C16002D083DF6485248FE000E
08329B160030083DF3485248FD000A
08329A16002D083DF5485248F3000D
08329C160034083DF4485348F30000
08329C16004F083DF3485348E70003
08329416008A083DF3485248E80000
0832751600C1083DF5485248DF0009
083241160102083DF1485348DE0006
0831FA160139083DF2485348DA000B
0831AD160151083DF3485348D70007
083168160151083DF2485448D60005
08314116015F083DF3485448C90008
083128160188083DF1485448C60009
08310D160188083DEE485448CC000C
0830F3160158083DF0485448C60004
0830F3160128083DF1485448BC0009
0831111600F1083DEE485448C5000B
08314A1600C8083DED485448B90006
0831821600A9083DEE485448C0000A
0831B816008D083DEC485448B3000B
0831E816007C083DEB485448AF0001
08321016006E083DEC485448AE000C
08322C160060083DEA485548A50006
083248160056083DE9485448A00008
08325E16004C083DEA485448A00008
08326F160048083DE6485348A20008
08327B160041083DE74853489D000E
08328416003E083DE5485348950005
08328B16003A083DE4485348970007
08329116003A083DE34853489E000C
083299160037083DE1485348A30005
08329B160037083DE04853489F0007
08329C160030083DDF48534897000A
08329F160030083DDC485448A00006
0832A0160029083DD9485348B0000D
0832A4160026083DD7485348A80006
0832A9160026083DD6485348B0000A
0832AE16001F083DD3485348A80008
0832B516001B083DD1485348BF0008
0832BB16001B083DC9485448B9000B
0832BF160018083DCA485348AF0008
0832C216001B083DC5485348BE0003
0832C3160018083DC6485448B70007
0832C316001B083DC4485448C0000B
0832C116001B083DC1485348BA0008
0832BF16001B083DBE485348BC0003
0832BE16001F083DB9485348C10004
0832BE160022083DB9485348C30002
0832B9160029083DB6485348C4000C
0832B816003E083DB4485248CF000E
0832B0160052083DB1485348CA000E
08329D160067083DB0485348C90006
083286160075083DAD485348CF0007
083271160078083DA9485348C60004
08325E160078083DA4485348CD0005
083252160078083DA2485248D10003
08324B160078083D9E485248C60006
08324816006E083D99485348C6000C
08324C160067083D93485348C6000D
083254160059083D92485348CC0008
08325F16004C083D8D485248C9000F
08326C160045083D87485248C00008
083279160041083D84485248BC0004
08328616003E083D81485248BE000C
08328B16003E083D7B485248BF0008
083290160041083D79485248C20004
083293160041083D77485348C40007
083290160041083D71485348C90005
08328F160041083D6B485348C60008
08328F160037083D6B485348BB0008
083293160037083D67485348C9000A
083296160034083D61485248C40006
08329C160030083D5E485348C80008
0832A0160034083D5C485248C90008
0832A0160037083D59485248C6000B
0832A0160037083D54485248C30004
08329E160041083D50485248BF0001
083298160041083D4C485248C5000A
083293160045083D4B485348C00005
08328D160045083D47485348BA000A
08328816004C083D44485348B70008
083286160048083D3E485348B60005
083285160048083D3E485348AA000C
083281160048083D3B485248AA0008
083280160045083D37485248AC000B
083283160045083D36485348AB000A
08328216003E083D33485348AC0003
08328916003E083D2F485448B10006
08328B16003E083D2B485448B20006
08328E160037083D29485448AF000A
083292160037083D27485448B9000A
083294160037083D24485448BD000B
083297160034083D22485448AE0001
08329A160030083D20485448B1000B
08329D160030083D1F485448AF000D
0832A016002D083D1E485448A7000A
0832A516002D083D1A4854489E0007
0832A5160037083D18485448A20006
0832A4160041083D16485448920006
08329A160052083D13485448940005
08328B160067083D1048544893000E
08327716006B083D104854488E0008
08326316006B083D0D485248840007
083256160060083D0A4852487B0007
083255160056083D08485248810007
083258160048083D064852487B000C
08326216003A083D054852486F0006
083270160034083D01485248720007
08327F16002D083CFE485248790004
08328B160026083CFB4852486D0006
083294160022083CF948524864000C
08329D160018083CF5485248640006
0832A516001B083CF3485248670008
0832A9160018083CF148514855000A
0832AC160015083CED48524853000B
0832B3160011083CE84851484F000C
0832B316000E083CE54852484C0009
0832B616000E083CE4485148530001
0832B916000E083CE048514840000A
0832BC16000A083CDC485148490008
0832BD16000A083CDA485148410006
0832BF16000A083CD84851483F000A
0832BE16000A083CD348524840000B
0832C0160007083CD0485148440008
0832C316000A083CCD48514847000B
0832C1160007083CCD4852484D0009
0832C016000A083CC94852484A0008
0832BF16000E083CC54852483B000B
0832BB16000E083CC448524847000E
0832BB160011083CC1485248510009
0832B7160011083CBB4852484E0008
0832B5160011083CB848524856000C
0832B0160011083CB6485248520005
0832B116000E083CB3485348520009
0832B2160011083CAF48544864000C
0832AF160011083CAD48534861000B
0832AF16000E083CAA4853486D0007
0832AF160011083CA64853486B000A
0832B016000E083CA24852486F0008
0832AF16000E083CA14852488A000A
0832AE16000E083C9B4852488D0007
0832B116000E083C9C485248950008
0832B116000A083C99485248950009
0832B216000A083C9448524895000B
0832B1160007083C9348524895000C
0832AF16000A083C8E4852489B0000
0832B1160007083C8B4852489F0008
0832B3160003083C87485248AD0005
0832B4160000083C86485248A9000B
0832B3160000083C81485248A20007
0832B5160000083C7D485148AE000A
0832B5160003083C7B485248A60003
0832B4160000083C774852489E0008
0832B5160000083C73485248A10008
0832B6160000083C71485348A40007
0832B6160000083C6C485448A60003
0832B4160000083C68485448A00007
0832B515FFFC083C674855488C000A
0832B315FFFC083C634854488B0008
0832B3160000083C5E4854488E000E
0832B3160000083C5C48544885000B
0832B1160007083C584854488A0005
0832AF160007083C574855487D0008
0832AC16000A083C544855487D0006
0832AA160018083C514854488C0005
0832A1160030083C4C4853488F0006
08328F160056083C48485348880002
08326F16007C083C4848534887000C
08324D1600A2083C404853488A000D
08321B1600BA083C3F4853488B0009
0831EC1600BD083C3C4853488A0008
0831CF1600B3083C374852487F000A
0831BD1600AC083C374851488A0008
0831BE1600A2083C33485148840003
0831C416009E083C30485248920006
0831CA160094083C2B4852488C0006
0831D516008D083C2948514890000C
0831DE160086083C244851488D0006
0831E9160083083C234850488D0007
0831F016008A083C2148504880000A
0831F3160090083C1E4851487D0003
0831F11600A2083C1C485248800008
0831E51600BD083C1A4853487D0004
0831D11600D2083C16485248770009
0831B61600E3083C144853487F0009
08319C1600E0083C13485348860004
0831891600D5083C11485348810009
0831851600C1083C0C485348820005
08318B1600B3083C0E48534880000A
08319C1600A2083C0C4853487E0006
0831AD160090083C0948534880000C
0831C416007C083C07485348860007
0831DB160071083C084853487F000A
0831F216006B083C064853488A0004
083204160060083C04485448800003
083212160059083C03485448840002
08321B16005D083C014853487B0008
083225160059083C0048534879000A
083228160059083BFD485348780007
08322C160059083BFF4853486D000C
08322C160064083BFA4853486E0008
083229160083083BFB48534868000E
0832171600AC083BFA4853486A0009
0831F41600E0083BF748524870000C
0831C516010C083BF4485348690008
08318D16012B083BF248534866000E
083155160128083BEE48534868000A
08312F1600FF083BEE48524871000B
08312D1600CB083BEC485248660006
08314B1600A5083BEA48524868000B
083173160083083BE5485248670005
0831A3160060083BE34852486F000E
0831D616004C083BE2485248620008
08320316003A083BE14851486C0003
083228160030083BDF485148730007
083240160022083BDB4852486E000C
08325716001B083BDE48514869000B
083269160018083BDB485148680008
083273160026083BD64852486C0007
083276160030083BD54852486E0008
083270160045083BD0485248680003
08326016006B083BD0485148770006
083247160094083BCC4851486A000A
08321E1600BD083BCA4852486C0008
0831E81600D5083BC848524862000D
0831BC1600D2083BC74852486C0009
08319D1600BA083BC2485248680008
0831961600A2083BBF4852486E000A
0831A316008D083BBE4852486D0003
0831BB16007C083BBA48514872000A
0831D716006E083BB74851486A000A
0831F016006B083BB54851487A000A
08320316006B083BB44851486E0000
08320E16006E083BB1485148780008
083211160075083BAC4851487B0002
08321016007C083BA94851487E000A
08320916007C083BA74851488B0006
083203160078083BA3485148930009
083201160071083BA0485248890008
08320016006B083B9C485248890008
083207160060083B9A485148910002
08320E16005D083B9948514897000C
083219160050083B93485148990008
08322116004C083B914852488C000C
08322B16004C083B8D48514893000C
08323316004F083B89485248950009
083235160056083B87485148890008
083233160060083B87485248950007
08322C160067083B8348514895000F
08322316006E083B82485148A40008
08321A160071083B7F485148A5000A
08321116006E083B7B4851489D000A
08320D160067083B7A485148A4000F
08320C160059083B79485148A30009
083210160052083B764851489B0000
083217160048083B73485148A80009
083222160041083B73485248B60001
08322F16003A083B70485248AD0003
083237160034083B6B485248AA0006
08323E160030083B68485248B30006
08324016002D083B66485248B6000B
083244160029083B62485148BE0005
083246160022083B60485148B70004
08324716001B083B5E485148C10005
083249160011083B5D485248BE0008
08324816000E083B58485248BF0008
08324716000A083B56485248B70008
08324116000A083B54485248AD000B
08323C16000A083B52485348AD0008
08323716000A083B50485248A20006
08322E16000A083B4C485248900001
08322316000E083B4B485248860006
08321516000E083B49485248830004
08320C160015083B444853486E000A
083201160015083B44485248660008
0831FA160015083B3F485348660008
0831F2160015083B3B485348590009
0831EC160018083B38485348550008
0831E6160018083B3548534844000A
0831DE16001B083B324853483D0009
0831DA16001B083B30485248390008
0831D516001F083B2C4852482D000A
0831CF16001F083B2948524823000D
0831CE16001F083B274851481F0006
0831C9160022083B234851481D0009
0831C4160022083B2148514818000C
0831C1160026083B1F485048150004
0831BE160029083B1C485048100006
0831B9160029083B1B4850480E0005
0831B616002D083B19485048130003
0831B4160030083B13485048080008
0831B0160034083B12485048030007
0831AB160034083B10485048060008
0831A6160037083B0E48504800000B
0831A2160037083B0D485047FA0008
08319F160034083B0A485147F80006
08319D160030083B07485147FD0008
08319F160030083B04485147F20009
08319F160030083B02485147E9000A
08319E16002D083B01485247E2000D
08319C16002D083AFE485247E90004
08319B160030083AFE485247E4000B
083195160030083AFC485247E70008
08318F160037083AF9485247E80008
08318916003A083AF8485247EF0007
08317F160041083AF4485247EA0003
083171160048083AF5485247F5000C
08316416004F083AF2485147F70009
083156160056083AF2485147FD000A
08314616005D083AEE485248090004
08313A160060083AEC48514803000C
08312C160064083AE94851480A0007
08311F160064083AE8485048030001
083115160067083AE6485048090006
08310D160064083AE44850480B0008
08310416006B083AE048504804000D
0830FD160067083ADD4850480B000C
0830F616006B083ADC485048120007
0830F3160067083AD7485048170001
0830EF160067083AD74850480D0008
0830EF16006B083AD5485048150009
0830EC16006E083AD1485048200008
0830EA16006B083ACF48504818000A
0830E916006B083AD04850481C0006
0830E916006E083ACB48504820000A
0830E716006B083AC848504828000A
0830E416006E083AC848504834000B
0830E516006B083AC44850482D0008
0830E516006B083AC04850482B0008
0830E516006B083ABF4850483D000B
0830E416006B083ABF484F48400008
0830E416006B083AB9484F483E000A
0830E216006B083AB7484F484A0009
0830E216006B083AB6484F483C0009
0830E316006B083AB2484F48490006
0830E116006B083AAE484E48390007
0830E1160067083AAC484E48450007
0830E116006B083AA7484E48450008
0830E1160067083AA5484E48490003
0830DF160064083AA2484E48430008
0830DD160067083AA0484D484A0008
0830D9160067083A9C484D48480005
0830D6160067083A98484D48480009
0830D216006B083A97484E48430003
0830CC160067083A92484E484B0008
0830C916006B083A8E484E48490006
0830C816006B083A8A484E48520004
0830C2160071083A88484E484A0003
0830BE160075083A83484E4847000A
0830B8160078083A81484E484B0006
0830B316007C083A7C484F4845000A
0830AC16007F083A7A484F4842000A
0830A8160083083A76484F4846000A
0830A4160086083A70484F48480007
08309F160086083A71484F48340008
08309916008A083A6C484F48470006
08309416008A083A66484F4845000A
08309116008D083A62484F484D0006
08308E16008A083A5E485048500008
08308E16008D083A5B484F484A0006
08308C16008D083A58484F484A0009
08308916008D083A5448504852000A
083087160090083A50485048520005
083083160094083A4D485048580007
08307F160097083A494850484C000B
08307F16009E083A44485048590008
08307C1600A2083A434850485E0002
0830741600A9083A3C485048530008
08306D1600AC083A39485148650008
0830691600AC083A364850485B0008
0830641600AC083A314850486A0008
08305E1600AC083A30485048660008
08305C1600A9083A2B4850486E0006
08305C1600A5083A2948504863000A
08305C1600A5083A27484F486C0008
08305D1600A2083A244850486A0007
08305D1600A2083A204850486D000A
08305F16009E083A1D484F4868000E
08306016009E083A19484F487A0009
08306016009E083A16484F487B0003
0830601600A2083A14484F487C000C
0830621600A2083A11484E4879000C
08306016009E083A0C484F48840008
08306116009E083A0A484F487A000C
08306416009B083A06484E487A0002
08306316009E083A04484E48750009
08306516009B083A00484F4886000A
08306416009E0839FF484F48830008
08306516009E0839FD484F48840008
0830641600A20839F8484F4887000B
0830621600A50839F6485048850009
08305C1600B60839F4484F48840007
08304F1600CE0839F1485048810007
0830411600ED0839F0484F48840008
08302316011E0839ED484F48840005
082FF81601470839EC484F4887000A
082FC21601690839EB484F4882000A
082F8A1601740839E6484F48880007
082F611601740839E4484F488A000D
082F461601740839E0484F4888000C
082F3A1601740839E0484F48860003
082F361601770839DD48504888000A
082F3416017E0839DA484F48820001
082F351601810839D8484F48840002
082F2E16018F0839D8484E48880008
082F221601A40839D8484E4882000B
082F111601BC0839D4484E48890009
082EF41601C30839D3484E48820010
082EDB1601BF0839D1484E4886000A
082EC81601BF0839CD484E488B0008
082EBF1601BC0839CB484E488A0009
082EBA1601BC0839CB484F488D0008
082EB81601BC0839CA484E48850008
082EB91601BC0839C5484F488F0001
082EB91601C30839C4484F48A0000C
082EBB1601BF0839C3484F48AD000B
082EB91601BF0839C2484F48B90007
082EBC1601C30839C0484E48CF000A
082EBB1601C30839BC484F48D30008
082EB91601C60839BC484E48E9000A
082EB71601C30839BA484E48F10008
082EB91601BF0839BB484E49140009
082EB91601C30839B8484E491E0006
082EBA1601CA0839B5484E49160007
082EB71601CD0839B4484E49160010
082EB31601CD0839B2484E492B0008
082EAD1601C30839AE484D4936000B
082EAC1601BC0839AF484E493F0007
082EAE1601AB0839AB484E49450004
082EAF1601A00839AA484E49490008
082EB616018F0839A8484E495E0003
082EBD16018F0839A5484E49560008
082EC216018C0839A3484E495F0008
082EC816018F0839A1484E496D0005
082ECA16018C08399F484E496A0006
082ECA16018508399E484E497A0005
082ECE16018108399C484F49700003
082ED1160181083999484F4978000F
082ED216017B083997484F4979000A
082ED5160177083995484F49820006
082ED5160174083994484F497E0003
082ED816017408398F484F497F000A
082EDB16017408399048504983000B
082EDF16016D08398D484F498A0008
082EDF16016908398A484F49830006
082EE2160166083989484F498E0009
082EE716015C083985484E49830009
082EEB160158083983484E497B0003
082EF0160151083981484E4974000B
082EF616014E08397D484F497D0008
082EFB16014A08397B484F49790008
082EFF160147083978484F4976000B
082F03160140083975484F497D0007
082F0916013D083974484F49740003
082F0D16013D083971485049760000
082F1216013908396E484F497F0006
082F1316013608396C484F4976000A
082F13160139083969484F4975000A
082F1716013D083964484F496A0006
082F18160140083965484F496E0006
082F17160147083961484F49760008
082F1316014A08395F484F4976000E
082F0E16014E08395C484F49720002
082F0816014E083958484E49780009
082F0516014E083955484E49830007
082F0216014E083951484E497D0006
082F0316014E083950484E497F0009
082F0016014A08394E484E497D0009
082EFF16014708394A484E49810003
082F02160143083948484E497E000E
082F0416013D083945484E4979000C
082F0516013D083942484F4980000A
082F0816013908393F484F4977000A
082F0A16013608393B484E497B0003
082F0C160136083938484E4979000B
082F0E160132083935484E49810008
082F11160136083931484E49820005
082F1316012F08392F484E49860008
082F1616012B08392B484F497B0005
082F1716012F083927484F49790005
082F1816012B083925485049710000
082F1B16012B083923485049790002
082F1A16012B08391D485049750003
082F1B16012B083918485049720009
082F1A1601280839164850497A0006
082F1B160124083914484F49780008
082F1C160124083910484F49720010
082F1F16013608390D484F49790009
082F1A16014E083909484F4979000A
082F0B1601620839064850497F000C
082EF6160169083903485049810007
082EE31601690838FF4850498A0002
082ED316015F0838FB485049850008
082ECD1601580838F94850497E0008
082ECF1601580838F8484F49810004
082ED41601580838F4484F4981000A
082ED61601620838F0484F4981000B
082ED316015F0838EC484F497F000B
082ECD16015F0838E9484E49810009
082ECE16015C0838E8484F49810004
082ECC1601580838E1484F498B000B
082ECD1601580838E1484F497D000E
082ECE1601580838DD484F497B000A
082ECE1601550838DA484F49740007
082ECE16014E0838D8484F49760003
082ECE16014A0838D6484F497F0005
082ED51601400838D1484E497C000D
082EDA1601320838CF484E49770006
082EE21601280838CA484E4972000D
082EEE1601210838C9484F4970000B
082EF716011A0838C8484F49750006
082F001601130838C5484E49710008
082F0A1601100838C2484E49740001
082F131601100838BF484D496D0008
082F1916010B0838BE484E49730003
082F1D1601050838BB484E496D000B
082F201601020838B8484D4974000C
082F221600FB0838B5484D496C000A
082F271600FB0838B1484E49650002
082F2A1600FB0838AB484E496E000A
082F2D1600F40838A8484E49630007
082F2E1600E30838A4484E4958000F
082F311600CB0838A2484F49510007
082F391600B308389D484F49510009
082F4416009B08389A484E494E0012
082F5016008D083896484E494D000A
082F5C16007F083894484E49530003
082F6A16007C083891484F49530008
082F7416007508388C484F4950000D
082F7916006E08388A484F4950000B
082F7E160060083885484F49630008
082F8616005D083884484F495F000E
082F89160056083881484F496F0007
082F8B16004108387D484F496E0010
082F8D16002D08387B484F496F0004
082F9616001B083877484F49810001
082FA516000E083875484F49960003
082FB4160000083871484F498C000C
082FC115FFF608386F484F499C0009
082FCB15FFEF08386A484E49A4000C
082FD415FFEB083867484E49AC0003
082FDB15FFEB083865484E49A9000A
082FE015FFE1083863484E49BB000A
082FE515FFD7083860484E49BE0007
082FE615FFD008385A484E49CA000E
082FEA15FFC5083859484E49D60003
082FED15FFC2083856484E49DF000F
082FF115FFBB083854484F49ED0009
082FF315FFB4083851484E49F70005
082FF615FFA308384E484E4A07000D
082FFC15FF9508384B484E4A0D000B
08300715FF87083847484E4A110008
08301415FF73083844484E4A1B000C
08302415FF5B083844484D4A1C0003
08303715FF46083841484D4A2D0006
08304D15FF3108383F484E4A31000A
08306015FF2008383C484E4A34000C
08307115FF0C08383A484E4A450003
08308015FEF7083836484E4A530006
08308B15FECE083835484E4A5E0003
0830A015FEA4083834484F4A6D0007
0830C015FE7808383048504A850005
0830EC15FE5908382F48504A870004
08311715FE4408382E48504A870006
08313615FE3608382B48504A9D0008
08314B15FE2F08382C48514AAD000C
08315B15FE2208382748514ABD0009
08316615FE1708382748524AD90007
08317315FE0608382548524AE70006
08317F15FDF108382448524AF20004
08318915FDBE08382348524B090008
08319F15FD6F08382348524B130003
0831BF15FD0F08382048514B24000A
0831EE15FCAE08381D48514B320000
08322615FC7708381E48514B400008
08325815FC4008381D48504B510002
08328815FC1A08381A48504B610007
0832AC15FBFC08381848504B7B0004
0832C315FBE308381848504B8F000A
0832D915FBD2083817484F4BB10007
0832EB15FBBE083817484F4BD3000C
0832FC15FBAC083816484F4BE9000C
08330315FB9F083814484E4C070008
08330B15FB8E083814484E4C390009
08331415FB87083811484F4C5B0008
08331A15FB7C083812484F4C760001
08332515FB6F08380D484F4CA90005
08332E15FB6808380D48504CC50008
08333415FB5D08380B484F4CEB000C
08333A15FB5A08380D48504D0F0002
08333C15FB5308380B48504D300006
08334015FB4C08380848504D500006
08333F15FB4208380548504D610008
08334115FB3408380548504D7D000C
08334515FB2A08380448504D93000A
08334B15FB1C08380348504DAB0002
08334815FB1508380248504DBE0004
08334B15FB0E08380148514DCE0006
08334E15FB040837FF48514DE5000A
08335215FB0408380048504DE80006
08335515FAFA0837FE48504DFF0007
08335815FAFA0837FD48504E130004
08335915FAFA0837FA48504E250006
08335A15FAF30837FA48504E360009
08335A15FAF60837F848504E460004
08335C15FAFA0837F8484F4E590004
08335D15FAFA0837F7484F4E670008
08335E15FAFA0837F2484F4E70000A
08335C15FAF60837F3484F4E7E000A
08335B15FAF60837EF484F4E8F0008
08335C15FAF60837EF484F4E9A0001
08335C15FAF60837F0484F4E98000A
08335B15FAF30837EE484F4E94000A
08335C15FAEF0837EB484F4EBB0008
08335C15FAEF0837ED484F4EA20007
08335B15FAEF0837E948504EAD0008
08335915FAF30837E948504EB40008
08335515FAF30837E848514EB2000D
08335215FAF60837E948504EDC0006
08334F15FAFA0837E848514EB00009
08334D15FAFA0837E648514EBF0005
08334715FAFA0837E548514ED0000A
08334415FAFD0837E448514ED80007
08334115FAFD0837E248514EB6000C
08333F15FAFD0837DF48514EC80006
08333C15FAFD0837DF48514EB1000B
08333B15FB010837DF48504EBE000C
08333615FAFD0837DD48504EC90003
08333115FB010837DC48504ED90009
08333115FB010837D948504ED40004
08332F15FB010837D948504ED50006
08332C15FB040837D848504EDD0008
08332B15FB010837D648514ED00006
08332B15FB010837D548504ED90007
08332C15FAFD0837D448514ECA000B
08332D15FB010837D448504ECA000D
08332C15FAFD0837D448504EC3000C
08332D15FAFD0837D048504ED7000A
08332E15FB010837D148504EDF0006
08332D15FB010837CF484F4ED8000D
08332B15FB010837CF48504EDA0006
08332B15FB010837CC48504EDC000A
08332815FAFD0837CD48504EE10006
08332815FB040837CF48504EE7000A
08332415FB040837CB48504EE60003
08331F15FB080837CC48504EF00007
08331B15FB0B0837CA48504EF3000A
08331715FB0B0837C948504EF50008
08331115FAF60837C7484F4EF40008
08331015FB080837C7484F4EF5000A
08330F15FB080837C8484F4EF50006
08330A15FB040837C7484F4EFB0006
08330A15FB040837C5484F4F040006
08330615FB040837C548504EFB0003
08330115FB010837C648504F0A0005
0832FB15FB010837C648504F060005
0832F915FB010837C548504F010009
0832F715FB010837C448514F02000A
0832F315FB040837C248514F040008
0832EF15FB040837C148524EF90006
0832EE15FB040837C148524EFE000A
0832EF15FB080837C048524F06000C
0832EE15FB040837C148514F0C0008
0832EB15FB040837BE48514F080009
0832EE15FB080837BC48514F0C000C
0832EB15FB010837BC48524F040008
0832E815FB010837BB48524F080001
0832E915FB010837B848514F000007
0832E815FB010837B748514EFF000C
0832E415FAFD0837B448514EFF0002
0832E215FAFA0837B548504F030009
0832E015FAF60837B348504F030002
0832DB15FAFA0837B248504F060003
0832D915FAF60837B248504F0A000B
0832D515FAF60837AF484F4F06000C
0832D415FAF30837AE484F4F0C000B
0832D415FAF30837AA484F4F19000A
0832D215FAEE0837AC484F4F160008
0832D315FAEC0837AC484F4F1B0007
0832D115FAEC0837AB484F4F21000A
0832CF15FAEC0837AA484F4F250005
0832CE15FAE90837A8484F4F220006
0832CD15FAE50837A8484E4F22000A
0832C915FAE20837A5484E4F2A0003
0832C815FADE0837A2484F4F280004
0832C615FADE0837A2484F4F350008
0832C515FADE0837A148504F2E000B
0832C515FADE08379D48504F3B0005
0832C315FADE08379C48504F350007
0832C415FADE08379A484F4F2B000A
0832C315FADB083797484F4F2F000C
0832C315FADB083795484F4F340006
0832C315FADB083792484F4F2F0009
0832C215FADB08379348504F340009
0832C215FAD7083793484F4F360008
0832C115FAD408378E484F4F39000C
0832C115FAD408378D484E4F300006
0832C115FAD108378B484E4F36000C
0832C015FAD108378B484F4F3F0005
0832BF15FACD083788484E4F420008
0832C315FACD083784484E4F440006
0832C415FAD1083783484E4F45000A
0832C215FACD083782484D4F390005
0832C015FACD08377D484D4F460008
0832C115FAD108377C484D4F4A0008
0832C015FAD408377B484E4F490008
0832BF15FAD4083779484E4F500006
0832BE15FAD4083775484E4F480003
0832BD15FAD1083772484E4F4D0005
0832BB15FAD108376E484E4F490008
0832BA15FAD108376F484F4F570004
0832B915FACD08376E484F4F5A0009
0832B715FACD083767484F4F550004
0832B715FACA083767484F4F4F0003
0832B915FACA083765484F4F610009
0832B915FACA083766484F4F650007
0832BC15FACA083761484F4F680004
0832BC15FACA083760484F4F5F000A
0832BB15FACA08375D48504F62000C
0832B915FAD108375C48504F670003
0832B915FAD408375A48504F570009
0832B815FADE08375848504F5B0001
0832B415FADE08375448504F570007
0832AD15FADE08375248504F5C0008
0832AC15FAE208374F484F4F61000B
0832A915FAE508374E484F4F560008
0832A515FAE908374B48504F5A0006
0832A215FAEC08374848504F5C0006
08329D15FAEF083747484F4F5E0006
08329915FAF6083747484F4F5C0008
08329215FB0408374348504F5B0009
08328715FB2008374348504F5C000A
08327415FB4508373F48504F55000E
08325615FB7508373C48504F570005
08322915FB9408373D48504F5B0012
0831F615FB9F08373B48504F5C0007
0831CD15FBAC08373848504F680003
0831AE15FBC508373548504F6B0001
08319215FBE008373548504F61000E
08317715FC0608373248514F600002
08314E15FC1A08372F48514F690001
08312615FC1E08372E48514F6E000C
08310A15FC1708372C48504F6A0001
0830FF15FC1408372B48504F6F000A
0830FE15FC1008372A48504F7E000A
08310015FC1008372A484F4F7A0004
08310515FC0D083727484F4F7E0008
08310915FC02083725484E4F7E0009
08310C15FBF5083726484E4F800006
08311315FBE3083720484F4F800009
08312215FBD2083723484E4F890009
08313615FBBA083721484F4F880005
08314E15FB9B08371E484F4F7A0005
08316C15FB8A08371B484F4F770000
08318915FB9808371A484E4F74000A
08319C15FBD2083717484E4F740006
08318C15FBEA083716484E4F75000C
08316615FBD6083714484E4F77000A
08314C15FBA6083713484F4F720000
08315115FB7208370E484F4F7C0008
08316F15FB4908370D484F4F71000C
08319915FB2608370B484F4F740009
0831C315FB08083709484F4F6B0004
0831F015FAF6083708484F4F680006
08321215FAE508370548504F6D0008
08322C15FAE2083704484F4F74000A
08324115FADB083704484F4F750001
08324E15FAD7083701484F4F7A000A
08325415FADB0836FE484F4F7A000B
08325715FADB0836FC484F4F7E000A
08325915FADB0836F848504F840006
08325715FAE20836F548504F83000F
08325315FAEC0836F348504F8C0003
08324C15FAF30836F148504F870008
08324215FAFA0836EE48504F890009
08323515FB010836EA48504F88000D
08322A15FB040836E948504F8B0009
08322115FB0B0836E648504F8D000B
08321515FB0E0836E348504F940007
08320C15FB0E0836E248504F8C000D
08320515FB150836DD48504F8B0006
08320015FB190836DC48504F8D000C
0831F715FB1C0836D748504F8C0004
0831F415FB200836D648504F92000A
0831EE15FB230836D548504F93000A
0831EB15FB330836D148504F910005
0831E315FB490836CF48504F8F0009
0831D415FB5D0836CD48504F92000A
0831BA15FB6F0836C748504F910006
0831A315FB750836C848504F930005
08319115FB750836C4484F4F94000A
08318515FB720836C0484F4F92000C
08318115FB6B0836BD484E4F8E0008
08318115FB640836BB484F4F82000A
08317F15FB640836B8484F4F8D0009
08318315FB640836B7484F4F86000A
08318415FB5D0836B2484F4F840006
08318315FB5D0836B3484F4F800009
08318415FB610836AF48504F830008
08318415FB640836AC48504F81000C
08318015FB6B0836A848504F800006
08317A15FB720836A748504F700008
08317115FB790836A348504F6E0001
08316715FB940836A048504F6E000A
08315715FBB708369B48504F69000B
08313B15FBD208369848514F6E0006
08311815FBDD08369548514F630008
0830F415FBDD08369248514F610008
0830DE15FBD608369348514F630007
0830D615FBCB08368D48514F68000C
0830D815FBBE08368B48514F690006
0830E115FBB308368748514F68000E
0830F015FBA608368248514F5F0011
0830FE15FB9F08368048514F61000A
08310D15FB9808367C48504F65000A
08311915FB9408367948504F660009
08312015FB8E08367548504F5F0007
08312815FB8708367348504F63000A
08312F15FB8008367048504F620009
08313315FB7C08366B48514F670008
08313515FB7908366848514F660008
08313815FB7508366348504F6A0007
08313A15FB7208366148504F690004
08313C15FB6F08365B48514F660006
08313F15FB6F08365848514F680008
08314215FB6B08365548504F640008
08314315FB6F08365148514F690006
08314315FB6B08364C48514F710006
08314515FB6B08364748514F670008
08314615FB6B08364548514F660002
08314715FB6808364348504F5D0005
08314415FB6808363E48504F620005
08314515FB6408363D484F4F640009
08314415FB64083635484F4F60000C
08314615FB61083630484F4F5E0003
08314715FB6108362E484E4F67000A
08314515FB6108362C484E4F610008
08314615FB5D083629484D4F630008
08314615FB61083625484E4F56000B
08314815FB5D083621484D4F620007
08314715FB6108361E484D4F620008
08314615FB6108361D484D4F640008
08314515FB6108361D484C4F5E000A
08314215FB62083617484C4F590004
08314215FB61083614484C4F5D000E
08314315FB64083612484C4F5C0006
08314415FB61083610484C4F5A0006
08314215FB5D08360D484D4F5E0006
08314115FB5A08360A484D4F5C0009
08314115FB5A083608484D4F5B0005
08314015FB5A083606484D4F570006
08314015FB5A083604484C4F5C000A
08314015FB57083603484C4F630003
08314015FB570835FF484D4F640008
08314015FB570835FF484D4F620002
08313D15FB530835FE484D4F530006
08313E15FB530835FC484E4F550008
08313C15FB500835FB484E4F630003
08313915FB500835FC484E4F5E0004
08313615FB490835F5484F4F660008
08313215FB450835F5484E4F5F0006
08312E15FB420835F2484E4F60000D
08312B15FB420835F4484F4F650009
08312A15FB3F0835F2484F4F5F0004
08312815FB380835F248504F62000D
08312615FB310835EE48504F600009
08312515FB2A0835EE48504F550008
08312315FB230835EB48514F69000A
08312315FB1C0835E948514F620004
08312315FB190835E948514F750008
08312215FB150835E848504F7A0008
08312215FB120835E748504F770008
08312215FB120835E548504F880000
08312315FB120835E648504F900003
08312315FB120835E648504F91000C
08312215FB0E0835E448514F8C0003
08312015FB0E0835E148514F990008
08312115FB080835E148514F9A0009
08312015FB040835E148514F930008
08311D15FAFD0835DF48504F960004
08311C15FAFA0835E048504F9B000C
08311C15FAF30835DC484F4FA20008
08311B15FAEF0835DB48504FA00006
08311915FAE90835DD48504FA30005
08311815FAE90835DB48514FAD000C
08311815FAE20835DA48514FA80007
08311615FAE20835D648514FB00006
08311415FAE20835D848514FB20007
08311315FAE20835D848514FBC0008
08311315FADE0835D848514FBB000A
08311315FADE0835D748504FBD0003
08311315FADE0835D648504FC50008
08311515FADE0835D5484F4FC50002
08311215FADE0835D4484F4FBA0003
08311215FAD70835D2484F4FD2000C
08311115FAD70835D348504FD40006
08311115FAD10835D248504FDD0007
08310D15FAD70835D148504FE00006
08310A15FADB0835CD484F4FE30007
08310415FADB0835CE484F4FEE0008
08310015FADB0835CC484F4FEB0000
0830FA15FAD70835CB484F4FE60005
0830F915FAD70835CB484E4FE30006
0830F815FAD40835C7484F4FED000A
0830F715FAD10835CB484E4FE00009
0830F915FACA0835C7484E4FE9000A
0830F815FACA0835C6484E4FE8000A
0830F915FACA0835C4484F4FE70006
0830F715FACD0835C1484F4FE00003
0830F415FACD0835C248504FE50007
0830F015FAD10835BF484F4FF4000C
0830EA15FAD40835BE484F4FF4000C
0830E415FAD40835C0484F4FEB0008
0830DD15FAD70835BB484F4FF3000B
0830D515FADB0835B9484F4FF00007
0830CE15FADE0835B748504FEE0008
0830CB15FAE50835B548504FFB0008
0830C515FAE90835B448504FF2000A
0830C215FAE90835B248504FF9000C
0830BF15FAEC0835B0484F4FFD0006
0830BD15FAEF0835AF484F4FFF0009
0830BD15FAF30835AE484F50080008
0830BC15FAF60835AD484F5005000A
0830BD15FAF30835A948505001000B
0830BC15FAF60835A9484F50080003
0830BD15FAF60835A8484F50060002
0830BB15FAFA0835A3484F50030008
0830BB15FAF60835A1484E50050008
0830B815FAF608359F484F4FFD0005
0830B715FAFA08359D484F50010006
0830B515FAFD08359B484E4FF20008
0830B515FAFD083599484D4FFB0008
0830B215FAFA083599484D4FFA0009
0830B115FAF6083595484D4FF20006
0830B015FAF6083593484D4FEC0009
0830B115FAF3083591484D4FE70001
0830B215FAF308358E484D4FF4000F
0830B615FAF308358A484D4FF60007
0830B915FAEF08358A484D4FF00005
0830BA15FAEC08358A484C4FF60006
0830B915FAEC083586484C50050008
0830BB15FAE9083587484C50010008
0830BB15FAE5083582484D50000008
0830BC15FAE5083580484D5006000C
0830BE15FAE508357D484D50110008
0830BD15FAE908357B484D500E000B
0830BD15FAE9083578484E50130004
0830BB15FAE9083578484E500F0002
0830B915FAEB083574484F50170008
0830B815FAEC083574484F5017000A
0830B515FAEF0835704850501B0007
0830B215FAF608356C485050140005
0830AC15FB0408356C48505017000A
0830A315FB150835694851501D0002
08309515FB260835654851501F0000
08308115FB2D083564485250140008
08306F15FB2D0835604852501F0005
08306115FB2008355F48515010000B
08305E15FB1208355E4851500C0009
08305C15FB0108355A485150110000
08306015FAF3083557485150120000
08306815FAE20835544851501A0007
08306F15FAD40835504850500B0005
08307615FACA08354F48505019000D
08307C15FABF08354E484F50130008
08308315FAAB08354C484F50160006
08308B15FA9608354A484F5010000A
08309515FA82083544484F50160004
0830A315FA70083545484E50130009
0830AD15FA6A083540484E50160009
0830B415FA6308353E484E50120009
0830B715FA5508353B484D50150009
0830B715FA40083539484E5028000A
0830B115FA25083537484D5024000C
0830AF15FA02083531484E502C000A
0830B115F9EE083530484E50320003
0830B215F9DD08352E484F5030000C
0830B615F9D208352A484E50300006
0830B515F9D2083527484F5032000A
0830B415F9D6083524484F503F000B
0830AD15F9D9083522484F505C0003
0830A615F9EA08351F484F50590004
08309415F9FF08351B484F50680009
08308115FA14083519484F506E0007
08306415FA170835154850507D0003
08304715FA1E083512485050800006
08303115FA2808350F48505083000F
08302215FA3308350F4850508C000A
08300F15FA36083509484F509E0006
082FFF15FA3D083505484F50A60000
082FF215FA3D083503484F50B30007
082FE815FA36083500484E50AA0006
082FE015FA330834FD484E50B90008
082FDE15FA2F0834F6484F50BE000A
082FDE15FA2F0834F5484E50BE000A
082FDE15FA320834F2484E50C40007
082FDE15FA330834EF484E50C60009
082FD915FA330834EA484E50D1000C
082FD415FA330834E6484E50CB0011
082FD015FA2F0834E2484E50C90005
082FCE15FA2C0834DF484D50C60007
082FCB15FA280834DC484D50C3000D
082FC915FA210834D9484D50C70008
082FC715FA170834D5484D50CF0006
082FCC15FA0D0834D2484D50C3000C
082FD215FA090834CE484D50CF000B
082FD915FA0D0834CA484E50DC0006
082FDA15FA140834C7484E50C20006
082FD315FA0D0834C3484D50D50008
082FCD15FA060834BF484D50C90006
082FCB15F9FC0834BB484E50D6000B
082FCE15F9FF0834BA484E50D90004
082FCF15F9FF0834B4484D50DF0006
082FCB15F9FC0834B0484E50E80008
082FC615F9EE0834AE484D50E20005
082FC415F9D90834A9484E50DC0006
082FCC15F9C80834A3484E50E60006
082FD815F9BE0834A0484E50E40008
082FE315F9AD08349D484E50EF0006
082FEE15F9A6083498484E50F3000A
082FF815F99B083494484E50FE000B
082FFF15F99508348D484E5100000A
08300515F99108348C484D51030008
08300915F98E083488484D50FD0009
08300B15F98A083484484D5105000C
08300A15F98A08347F484D51030006
08300715F98708347C484D510C0003
08300615F98A083479484D510F0009
08300115F987083476484E51180006
082FFE15F987083474484E511F0005
082FFC15F987083470484F5127000B
082FFA15F98708346B484F512C0009
082FF815F98A083468484F512B000C
082FF315F98E083464484E513B0006
082FEF15F98E083460484E5138000A
082FE815F99108345E484E514C000A
082FDF15F995083459484E51490008
082FDA15F997083455484E5147000E
082FD115F998083453484E514B0010
082FC815F998083450484E514C0006
082FC515F99508344C484D51590005
082FC315F98E083448484E5158000A
082FBD15F98A083445484D51580008
082FBD15F987083444484D5154000A
082FBB15F97D08343F484D51560006
082FB615F96B08343C484D514C0009
082FB415F957083437484C514D0008
082FB415F946083434484C51500009
082FB815F934083431484C5150000C
082FBC15F92308342E484C5154000B
082FC015F91C08342B484B5158000A
082FC415F912083429484C5165000E
082FC715F908083426484C516B0004
082FCC15F904083422484C51720005
082FCC15F90F083421484D517B0007
082FC915F92008341C484D518D0007
082FC315F934083418484D517C000B
082FB615F957083414484C518A000A
082F9B15F980083413484D51920009
082F7415F9B708340F484C51AA0008
082F3515F9EA08340D484D51A20008
082EF115FA3308340A484D51B50004
082EA015FA74083408484D51BE0006
082E4315FA85083407484D51C10006
082DF315FA58083403484D51DE0006
082DC815FA02083401484D51DA0006
082DD715F9BE0833FD484D51D90007
082E0B15F9950833FA484D51D7000C
082E4515F98E0833F6484D51FC0007
082E7015F9980833F6484C51F9000A
082E8215F98E0833F3484C52000007
082E8615F98A0833F0484C52090007
082E8715F9720833ED484C52110007
082E8F15F95E0833E9484C52250008
082EA015F94C0833E9484B522B0006
082EB315F93B0833E6484B522D0009
082EC215F92E0833E2484B523F0001
082ED215F9200833E1484B52400003
082EE015F9160833DB484B524B0003
082EEC15F90B0833D8484B52530008
082EF915F9040833D9484B52540004
082F0415F9040833D4484B525E0000
082F0B15F9010833D1484B5262000C
082F1015F9040833D0484B52690008
082F1015F9190833CD484B52740006
082F0915F93B0833CB484B52830008
082EF115F9610833C7484B52890008
082ECD15F9830833C5484B5290000C
082EA515F9AD0833C3484B528E000A
082E7415F9CF0833C1484C52990007
082E3D15F9EA0833BF484C5296000A
082E0915F9F10833BD484C52AA000A
082DE215F9F80833BA484C52A00006
082DC815F9FF0833B8484C52B50006
082DB615FA060833B5484C52AA0006
082DA815FA0D0833B3484C52BB000C
082D9915FA140833B0484D52CE0005
082D8C15FA280833AE484D52CF0008
082D7B15FA400833AF484D52D20007
082D6315FA580833AB484D52CF0002
082D4915FA5F0833A8484C52D6000A
082D2B15FA660833A8484D52DB0009
082D1A15FA660833A5484D52D3000B
082D1015FA660833A3484E52DF000E
082D0715FA660833A2484D52D90005
082D0215FA5F08339F484D52D70003
082D0115FA5C08339B484D52DF0009
082D0215FA5508339B484D52DE0006
082D0615FA4E08339A484E52DD0006
082D0C15FA4B083397484E52F20007
082D1015FA47083395484E52ED0005
082D1615FA44083393484E53020008
082D1915FA4008338F484E53080006
082D1915FA3D08338D484E530A000E
082D1A15FA4008338C484E530A000A
082D1C15FA40083389484D531B0003
082D1E15FA44083388484E53170004
082D1F15FA44083384484E531D0009
082D1D15FA44083381484D53220007
082D1C15FA4008337F484C531E0007
082D1A15FA4108337F484D53220003
082D1C15FA4008337D484D53300006
082D1B15FA44083379484D53330008
082D1815FA44083375484C532A000A
082D1815FA47083375484D53350003
082D1415FA4E083370484D53330008
082D0F15FA5C08336F484D5335000A
082D0415FA8208336D484D53370008
082CEF15FAB2083369484D5333000D
082CC815FADB083366484D53260008
082C9415FAFD083364484D532C0007
082C5F15FB15083363484D5335000C
082C2E15FB2A083360484D53320008
082C0615FB3408335D484D53370005
082BE715FB3808335B484E533D000A
082BD515FB3B083358484E53420008
082BC915FB42083357484D53470009
082BC115FB50083353484D534E0003
082BB815FB57083350484D53500006
082BAC15FB5D08334D484D534F000A
082BA415FB6108334D484C53510007
082B9A15FB6808334C484C535A0009
082B9315FB64083348484C535B0006
082B8E15FB5A083345484C5353000E
082B8F15FB4C083345484C534F000C
082B9415FB45083342484D534D0005
082B9B15FB3B08333F484C53440008
082BA615FB3108333B484C53400006
082BB315FB2308333A484C53390007
082BBE15FB1C083337484C534C000C
082BCB15FB15083333484B53510001
082BD215FB12083330484C53520004
082BDB15FB1508332D484C5358000A
082BDF15FB1508332D484C53550002
082BDF15FB15083327484C534B0005
082BDC15FB19083326484C53510007
082BD915FB20083323484C53520009
082BD315FB2A08331E484C5353000B
082BCB15FB2A08331C484B53610006
082BC215FB2A08331A484B536B000E
082BBD15FB2A083318484C536E000B
082BBA15FB31083314484B53770006
082BB915FB3F083313484C53730008
082BAE15FB50083310484C53890003
082B9F15FB6B08330C484C538B0006
082B8415FB8E083309484C538B000A
082B6415FBA2083304484C5386000A
082B4015FBB0083302484C53930009
082B2015FBC10832FF484B53960006
082B0715FBCF0832FE484B538B000A
082AF415FBC50832FB484B539E000C
082AE715FBAC0832F8484B539A000A
082AE615FB9B0832F4484C539E0007
082AF615FB8E0832F3484B53A70007
082B0915FB7F0832EF484B53A30004
082B1D15FB750832EF484B539B0008
082B3015FB6B0832ED484B53960000
082B3F15FB6B0832EA484B539B000B
082B4B15FB6B0832E6484B538E0006
082B5215FB750832E1484B5395000C
082B5115FB8E0832DF484B53980006
082B4815FBB70832DB484B53A30007
082B2715FBE00832DB484B53A40003
082AFB15FC0D0832D5484B53A2000C
082ACC15FC330832D2484B53A00006
082A9115FC470832CF484B53AE0004
082A6215FC3D0832CD484B53AE0006
082A4715FC330832CB484B53B80008
082A3B15FC2F0832CB484B53BA000B
082A3C15FC2F0832C3484C53B60002
082A3C15FC2F0832C0484C53B40008
082A3B15FC400832BD484C53BD000C
082A3915FC5F0832BA484C53CD000A
082A2315FC850832B7484B53C00006
082A0115FCA40832B5484B53C80005
0829DC15FCA70832B1484B53D10008
0829BD15FC8F0832B0484C53D6000B
0829B015FC740832AD484C53D30006
0829B815FC580832A9484C53DA0006
0829D415FC3D0832A9484C53DA0008
0829F815FC280832A3484C53E40009
082A1715FC170832A1484C53E60006
082A3315FC0D08329C484C53E30009
082A4515FC0608329A484C53E70008
082A5915FC09083296484C53E80008
082A6215FC09083294484B53E40008
082A6715FBFF083291484B53EA0003
082A6D15FBF808328F484B53E20008
082A7615FBF108328E484B53E40009
082A7E15FBEA08328A484B53E5000B
082A8915FBE7083289484C53DF000E
082A9315FBE3083283484C53DA000A
082A9715FBE7083281484C53E10007
082A9A15FBEE08327D484B53E40003
082A9A15FBF808327B484B53DD0005
082A9115FBFC083275484B53DA0007
082A8715FC06083275484C53EB000A
082A7C15FC09083270484C53E30003
082A6E15FC1408326E484B53E5000E
082A5E15FC1A08326A484B53E00002
082A5315FC21083268484B53E70001
082A4715FC25083265484B53ED000C
082A3B15FC2C083261484B53E3000A
082A3415FC3308325E484B53F1000B
082A2B15FC3D08325B484B53E70006
082A2115FC40083257484B53ED0003
082A1715FC4B083254484A53E9000A
082A0C15FC55083251484A53E10008
082A0015FC5C08324E484B53DA000A
0829F615FC6308324A484A53E9000E
0829EB15FC6A083248484A53E90004
0829E215FC70083245484A53F40003
0829D815FC7B083242484A53F1000A
0829CE15FC8508323D484A53F7000A
0829C115FC8F083239484A53F10001
0829B215FC93083237484A53FE0007
0829A715FC8F083234484A53F60001
08299E15FC8C08322F484A5401000A
08299815FC8F08322A484A5405000A
08299615FC8C083226484A54080006
08299515FC8C083222484A53FE000D
08299615FC8F08321E484B540B0003
08299315FC9608321A484C540C000E
08299015FCA1083215484B540F000E
08298715FCAE083213484B540C0005
08297B15FCBC08320E484B541D000B
08296B15FCBF083207484B541C0006
08295B15FCBF083206484C54170006
08294E15FCC3083201484C541D0000
08294915FCBF0831FE484C54300008
08294315FCCA0831F9484C542B000C
08294015FCD80831F4484C5430000C
08293715FCEC0831F1484D5428000E
08292615FD010831EC484D542A0009
08291115FD120831E8484D5435000B
0828F915FD200831E7484C54390004
0828E215FD310831E2484C54360009
0828CC15FD420831DE484B54320001
0828B615FD490831DA484B54300009
0828A215FD4C0831D8484B542A000C
08289615FD4C0831D3484B542E0006
08288C15FD530831D0484B5426000A
08288515FD530831CB484B541D0005
08287D15FD530831C8484B542C0004
08287B15FD5A0831C4484B542E0008
08287915FD5A0831BF484B542C0000
08287615FD5E0831BC484B54310007
08287015FD5A0831B9484B54300004
08286D15FD5A0831B2484B54390006
08286F15FD5A0831B1484A5442000A
08286E15FD5E0831AC484B54410004
08286F15FD610831A7484B544D0007
08286C15FD640831A5484B5446000A
08286915FD6B0831A2484C544A0003
08286715FD6808319F484C544E000D
08286215FD68083197484B544A0003
08285E15FD64083196484B54610005
08285F15FD61083191484B54570006
08286115FD5E08318D484A5462000E
08286415FD6408318B484A54640005
08286315FD6B083186484A54630008
08285E15FD72083183484A5457000D
08285915FD7208317E484A54690005
08285315FD7608317D484A545B0006
08284C15FD7908317948495465000A
08284A15FD7D083178484A54590002
08284615FD7D083175484A5465000A
08284315FD83083172484A5462000B
08284015FD8A083171484A54570004
08283715FD9808316E4849545D0003
08282E15FDA608316A484A5463000B
08281F15FDB7083168484A5459000C
08280E15FDBE083165484A545C000A
0827FC15FDC5083162484B54550003
0827EA15FDC5083160484B544D0007
0827DF15FDC808315D484B545B0004
0827D915FDC808315A484B54540003
0827D515FDC8083158484B545A0003
0827D515FDC5083153484B54540009
0827D515FDC8083150484B54580009
0827D315FDC808314B484B5455000E
0827D615FDC5083146484B5453000B
0827D615FDC1083146484B54570002
0827D615FDBE08313F484C545F0009
0827D715FDBE08313E484C545D000C
0827D815FDBE08313C484C545D0006
0827DD15FDC5083135484C54570007
0827DB15FDD6083131484C54680002
0827D415FDF508312F484C545D000A
0827BE15FE1708312B484C54570000
08279915FE3A083127484C54630007
08277015FE5C083123484C5466000B
08274215FE74083120484C54650004
08271415FE8908311C484C546A0009
0826EC15FE97083119484C54660000
0826D015FEA4083113484C5463000A
0826B915FEAB083110484C5464000A
0826A915FEAF08310E484C546A000C
08269E15FEBC083108484C54640008
08269315FECA083104484C546D0006
08268715FED5083101484D5473000C
08267715FEDB0830FE484D546F0001
08266B15FEDB0830F9484D54790003
08266215FECA0830F5484D547D000A
08266415FEB60830F3484D54690003
08266D15FEA10830F0484D54790009
08267D15FE8C0830EB484D547A000A
08269415FE7E0830EB484E54750009
0826AC15FE6D0830EA484E54770003
0826C315FE600830E6484E5475000A
0826D715FE520830E3484E5474000B
0826EB15FE470830E0484E54730008
0826FA15FE3D0830DC484F54710001
08270815FE3A0830DA484F5473000C
08271415FE330830D6484F54740008
08271F15FE2C0830D3484E5471000A
08272615FE290830D2484E546A0000
08272C15FE2C0830CD484E54700008
08273115FE2C0830CB484E54630008
08273515FE2F0830CA484E54760003
08273715FE2C0830C6484F545F0004
08273715FE330830C4484F54610006
08273415FE550830C1484F546E000A
08272415FE8C0830C0484F54680009
0826FB15FEB60830BD484E54650009
0826C615FEC70830BC484E545F0006
08269415FED50830B8484E54560005
08267315FEED0830B9484D5468000B
08265615FF050830B4484D546A0005
08263715FF190830B4484D546A000A
08261115FF240830B0484D5468000C
0825F415FF160830AE484C546A0005
0825E515FEF00830AA484C54660004
0825EE15FECE0830A9484C545B0008
08260415FEB20830A9484C545B0006
08262615FEA80830A5484C545E000E
08264415FE9A0830A4484B545D0003
08265D15FE970830A4484B545F0008
08266E15FE900830A2484B545E000D
08267D15FE8C08309F484C545E0004
08268515FE890830A1484C5473000A
08268B15FE8908309E484C546C0007
08268E15FE8908309D484C54720007
08268D15FE8C08309D484C5474000B
08268C15FE8C08309C484D5483000A
08268A15FE9008309E484D54790004
08268715FE9A08309B484D546E0006
08268315FEA808309E484C547A000A
08267A15FEB908309D484D546C0003
08266515FECE08309E484D5475000B
08265015FEC008309E484D54770000
08263C15FED808309E484D547C0009
08262A15FED808309E484D5479000E
08261E15FED108309E484D54800004
08261B15FEC008309E484D547E0008
08261D15FEB20830A1484D54790002
08262515FEA40830A1484E5473000A
08263215FE9A0830A3484E5472000F
08264215FE8C0830A3484D547B0004
08264B15FE860830A3484E547E000C
08265815FE7E0830A5484E5471000A
08265F15FE7B0830A5484E54790008
08266515FE780830A8484E54790008
08266C15FE740830A9484E5486000C
08266E15FE740830AA484D547A0006
08267215FE710830AC484D5486000A
08267515FE710830AD484D548C0001
08267815FE710830B0484D548A0005
08267915FE710830B1484D54850008
08267B15FE6D0830B4484D54930003
08267B15FE6D0830B4484D5495000A
08267D15FE6D0830B6484D54AB0005
08267D15FE6D0830B6484D549C0006
08267F15FE6D0830B8484C54A10005
08268015FE6D0830BA484D549C0001
08268115FE6D0830BB484C54970004
08268215FE6A0830BC484C549A0009
08268415FE6D0830BE484D54960004
08268715FE6A0830BF484D5495000F
08268515FE6A0830C2484D548C0007
08268715FE6A0830C4484D548B000A
08268715FE6A0830C6484D548D0009
08268415FE6A0830C6484D5496000A
08268215FE6A0830C6484D54A20003
08268315FE6A0830C8484D54A10009
08268215FE660830C9484D549D0008
08268415FE6A0830CA484D54A4000A
08268615FE660830CB484D54A80008
08268715FE660830CD484D54A60007
08268815FE630830CC484E54A9000A
08268C15FE660830CE484E54A00003
08268E15FE630830CE484E54A40003
08269215FE630830CF484E54A6000D
08269415FE600830D1484E54A10006
08269715FE600830D1484E54A70005
08269915FE600830D3484F54AD0008
08269C15FE600830D1484F54AC0004
08269F15FE5C0830D3484F54A7000B
08269E15FE600830D3484F54AA0008
08269F15FE5C0830D4484F54AE0009
08269F15FE5C0830D5484E54AF000A
0826A015FE5C0830D8484F54AA0003
0826A415FE590830D6484E54AB000E
0826A615FE590830D7484E54B10006
0826AA15FE590830D6484E54A60005
0826AC15FE590830D9484E549D000C
0826AC15FE5C0830D9484E54A00008
0826AC15FE5C0830D9484D54960006
0826A815FE5C0830D9484D54A0000D
0826A715FE5C0830D9484D54A40007
0826A715FE600830DA484C54A10007
0826A515FE600830D8484C54A4000C
0826A115FE600830DA484C54AF0009
08269F15FE630830DA484B54AD0008
08269F15FE600830D8484B54A80009
08269D15FE630830D8484B54A20006
08269B15FE660830D7484C54A3000C
08269A15FE630830D7484B54A4000A
08269A15FE630830D8484B54A00008
08269A15FE630830D6484B549E0006
08269A15FE5C0830D8484B549A000C
08269D15FE5C0830D3484B54A10007
0826A215FE5C0830D2484B549F000A
0826A615FE590830D3484C54950005
0826AA15FE520830D2484B54990004
0826AC15FE550830D1484B54A70005
0826B015FE550830D0484B54A50006
0826B015FE550830D0484C54990008
0826B215FE550830CD484C54970005
0826B515FE550830CC484C54970004
0826B415FE550830CB484C54A00008
0826B415FE590830CB484C54970006
0826B115FE5C0830CB484C54840008
0826AD15FE820830CB484C548C000A
08269E15FED80830CB484C54820006
08266F15FF3F0830C8484C54820009
08261B15FF8E0830C6484C54840008
0825B715FFC50830C9484C54850007
08255515FFDA0830C5484C5484000A
08250615FFDA0830C5484C5486000B
0824D715FFD00830C2484C548D000B
0824C315FFC50830C4484C547A0001
0824C515FFBB0830C3484D54890007
0824CB15FFBB0830C2484C548D0009
0824D515FFBE0830C1484C548A0008
0824D915FFCC0830C0484C5490000B
0824DB15FFEB0830C0484C54930005
0824CD15FFFC0830BE484C54930000
0824B515FFF60830BE484C548F0008
0824A115FFE40830BF484C54940008
08249F15FFD70830BC484C54990009
0824AA15FFCC0830BA484C54940003
0824B315FFBE0830BC484C549E0006
0824C115FFBB0830BA484C54930008
0824CF15FFC90830B9484D549E0006
0824D215FFE40830B8484D54970008
0824C81600000830B9484D5493000C
0824AE16000E0830B8484C54930003
0824921600290830B6484C54960009
08247A16004C0830B6484D5488000B
08245B1600670830B5484D54910008
0824341600780830B5484D54930008
0824111600860830B1484D548F0002
0823F716008D0830B3484D54980001
0823DC1600830830B1484E549E0007
0823CD1600590830AF484D54A6000B
0823D516001B0830AF484E54A70005
0823FD15FFDA0830AE484E54A70006
08243C15FF950830AC484E54AF000A
08248715FF5B0830AB484D54AC0009
0824D615FF2E0830AB484D54B30009
08252715FF0C0830A8484D54B80008
08256615FEED0830A8484D54AF000A
08259D15FED80830A4484E54BC000A
0825C815FEC70830A4484E54B70004
0825EB15FEB90830A2484D54C0000C
08260515FEAF0830A0484E54BC0006
08261815FEA408309F484E54B50003
08262615FE9D08309D484E54B10008
08263215FE9A08309A484E54AA0009
08263A15FE90083098484D54B10008
08264115FE90083097484D54B00008
08264815FE89083094484D54B40008
08264F15FE85083092484D54BE0005
08265415FE82083092484D54B50009
08265715FE82083090484E54B30008
08265915FE8208308E484E54B5000A
08265915FE7E08308C484E54BD0007
08265915FE7E083088484E54B20008
08265D15FE82083085484E54B10007
08265E15FE82083082484E54B4000B
08265E15FE85083081484E54B5000C
08265E15FE9A08307F484D54B40008
08265215FECE08307C484D54AF0008
08263915FEF708307A484D54BA0008
08260F15FF2B083078484D54C30006
0825DC15FF50083073484D54B90008
0825A015FF65083072484E54BC0008
08257015FF6C08306C484E54B20006
08255215FF7608306B484E54BC0009
08254115FF7A083069484E54C00005
08253215FF6F083064484E54AD0000
08253215FF5B083064484E54B20008
08253D15FF46083061484E54AB000D
08255115FF3808305F484F54A60008
08256915FF2708305A484E54920000
08258115FF1D083059484E54930008
08259415FF12083056484E548D0009
0825A215FF08083052484E5481000A
0825B015FEFA083053484E54820008
0825BB15FEF708304D484E548C0008
0825C215FEF308304A484E548C0004
0825C615FEFE08304B484E5488000A
0825C915FF05083045484D54850006
0825C115FF08083044484D548D0008
0825BB15FF0C083042484D54960007
0825B515FF0C08303E484D54980006
0825B015FF0C08303D484D549B0001
0825AD15FF0508303B484D54A7000A
0825B015FEFA083037484C549C0006
0825B015FEED083034484C54AC000D
0825BD15FEDF083033484D54AC0006
0825C715FED508302F484C54AD0007
0825D515FECA08302D484D54A80003
0825E115FEBC083028484D54AA000B
0825EE15FEB2083028484D54A6000E
0825FB15FEA8083024484D54A50005
08260315FE9D083021484D54AB0005
08260E15FE9708301E484E549E0008
08261915FE9708301D484D54A90000
08261F15FEA108301B484D549D0008
08262215FEB6083016484D54A8000A
08261715FED8083014484E54A90008
08260015FEF508300F484E54B10005
0825DF15FF0808300F484E54AF000A
0825BC15FF1608300B484E54B30008
08259F15FF31083007484E54B9000E
08258215FF49083005484D54C0000A
08255D15FF5E083002484D54BE0008
08253415FF7A082FFF484E54C40009
08250C15FFA0082FFB484E54CD0006
0824E515FFB1082FF8484E54CD000B
0824B915FFAA082FF5484F54D30002
08249B15FF95082FF1484F54DD0009
08248E15FF7A082FEC484F54CF000C
08249815FF62082FEE484F54D1000A
0824AF15FF57082FEA484F54D6000C
0824C415FF46082FE8484E54D20008
0824D915FF2E082FE4484E54DA0004
0824F315FF20082FE2484D54DF000A
08250F15FF20082FDF484E54E00006
08252015FF38082FDC484E54DF000A
08252115FF5E082FD8484E54DA0005
08250315FF87082FD6484E54E0000A
0824D315FFBB082FD2484D54E70005
08249315FFE8082FD1484D54DF0008
08245015FFF6082FCB484D54DF0002
08241515FFE1082FC9484D54DA0003
0823F615FFB1082FC5484C54E50003
0823FB15FF76082FC4484C54DC0009
08241C15FF4D082FC1484C54DE0008
08244A15FF31082FBD484D54E30001
08247715FF24082FBA484D54ED0007
08249D15FF31082FB6484E54EF0006
0824A715FF46082FB3484E54F40009
0824A115FF57082FB1484E54F7000C
08248B15FF68082FAB484E54FC0008
08246F15FF76082FA9484D55030009
08244F15FF84082FA6484E550C0009
08243015FF95082FA4484F5509000E
08241015FF95082FA0484F550D0006
0823EE15FF73082F9A484E55120008
0823D915FF38082F96484E551C0005
0823D815FF01082F93484E55330007
0823E115FECE082F91484F552F0007
0823F115FE9A082F8C484F552A0008
08240315FE6A082F89484F5529000F
08241115FE36082F85484F5537000B
08242615FDFF082F83484F5552000A
08244315FDCC082F7F484E55510004
08246915FDA2082F7D484E5543000B
08248A15FD80082F7A484E55470006
0824A615FD57082F75484E5564000A
0824C315FD2A082F73484D5570000B
0824E715FCF6082F6D484D557F000E
08250A15FCBF082F6B484D5597000C
08253115FC93082F65484D55A40004
08255A15FC6D082F64484D55B6000A
08257E15FC51082F5F484E55BC0003
0825A215FC44082F5E484D55C00006
0825BE15FC36082F5A484D55D1000D
0825D415FC2C082F57484D55DF000A
0825E415FC1E082F53484D55EC000E
0825F115FC14082F4F484D56060006
0825FA15FBF1082F4B484D560F000B
08260815FBD6082F49484D56200004
08261B15FBBE082F45484D56290006
08262A15FBAC082F42484D563E000A
08263915FB9F082F3E484D5647000A
08264A15FB8E082F39484D564F0004
08265515FB80082F35484D56600004
08266415FB72082F31484D56690004
08266E15FB61082F2E484D567A0006
08267315FB53082F2B484D567D000E
08267815FB45082F26484D567E0008
08267615FB3B082F25484C56880004
08267A15FB34082F22484D5691000A
08267A15FB2D082F1C484C5691000D
08267A15FB2D082F18484C569B0009
08267615FB2D082F17484C569F0008
08266D15FB26082F13484C56B50006
08266415FB26082F0F484C56C00008
08265A15FB38082F0E484C56C30006
08264C15FB45082F0A484D56C80000
08263815FB45082F08484E56D20008
08261E15FB3B082F05484E56D90009
08260E15FB34082F00484E56D4000A
08260615FB34082EFD484E56D4000A
08260115FB38082EFA484E56E4000A
0825FA15FB31082EF7484E56EC000B
0825F215FB23082EF6484E56F60002
0825F015FB23082EF0484E56F80004
0825F115FB3B082EEB484E57020008
0825E715FB68082EEB484E56FF000C
0825C715FB94082EE7484E570C0003
08258F15FB91082EE2484F57130006
08255515FB62082EDF484E57180007
08253A15FB19082EDC484E571E000D
08254E15FAC3082EDA484D57390009
08258815FA7E082ED6484D5742000B
0825C915FA6A082ED2484C5736000A
0825FF15FA5C082ECD484C574B0005
08261815FA39082ECD484C574B0002
08262715FA02082EC9484C57480000
08263815F9E4082EC5484C57630008
08264D15F9D2082EC2484D5758000C
08265F15F9C1082EBF484D5766000F
08267015F9B0082EBC484E57690001
08267C15F99B082EB9484E57690001
08268615F998082EB5484E576C000B
08268C15F9A2082EB1484E5776000A
08268A15F9A6082EAD484D57820009
08268215F998082EA9484D5775000D
08267A15F9B0082EA6484D57730004
08267015F9BA082EA4484D577B0008
08265E15F9C8082EA0484E577B0008
08264A15F9E4082E9D484E5785000D
08262D15FA02082E96484E57870002
08260815FA21082E95484F579E0008
0825D915FA33082E92484F57A10006
0825AF15FA39082E8C484F57B20008
08259015FA40082E87484E57AD0009
08257615FA44082E86484E57AF0003
08255F15FA40082E81484D57C2000C
08255115FA44082E7C484D57C10007
08254915FA47082E78484D57CF000A
08254215FA44082E74484E57E20007
08253C15FA3D082E73484D57E50008
08253D15FA36082E6E484E57F2000A
08254115FA36082E6A484E58090007
08254415FA36082E66484F580B0007
08254515FA2F082E61484E581A0008
08254915FA25082E5E484F581D0005
08254B15FA17082E5B484F581F000C
08255315FA0D082E59484E581F000A
08255E15FA02082E56484E581F0009
08256B15F9F8082E50484E58290008
08257C15F9E7082E4D484E58300003
08258D15F9E0082E4A484E5837000C
0825A015F9D6082E47484E583D000C
0825B115F9D1082E43484F583E0006
0825BC15F9CC082E41484F5856000A
0825C515F9C5082E40484F5860000A
0825CE15F9C1082E3B484F585F000A
0825D615F9BA082E3A484F586A0007
0825DA15F9B7082E36484F58630007
0825E115F9B3082E34484F58670006
0825E315F9AD082E32484F58640001
0825E715F9A6082E2E484F58680007
0825E915F99F082E2D484F5871000C
0825F115F998082E2A484F58650007
0825F715F991082E27484F58640008
0825FA15F98E082E24484F58660005
0825FE15F98A082E21484F586A000C
08260215F98A082E23484F58750006
08260315F98A082E1D484F5873000C
08260315F98A082E1C484F58640007
08260315F98E082E1B484F58690008
0825FE15F98A082E1A48505868000B
0825FD15F98A082E17484F58660007
0825FB15F98E082E16484F58670008
0825FB15F995082E14484F58700009
0825F715F998082E13485058680008
0825F215F99F082E13485058770002
0825EA15F9A2082E10484F5876000A
0825E215F9A6082E0D48505871000A
0825DC15F9A9082E0A4850586E0008
0825D715F9B7082E0B4850586C0007
0825CE15F9C5082E0B4851585D0006
0825C415F9D9082E084851586F000C
0825B215FA09082E0748515867000A
08259315FA55082E074851586A0006
08256315FA93082E04485058770001
08251E15FAA4082E0448515873000A
0824E015FAA7082E014850587B0007
0824AF15FAAB082E014851588A0008
08248E15FAA4082DFD4851587C0003
08247D15FAA4082DFD48505885000A
08247715FAB2082DFB485058870008
08246F15FABF082DFB485058840005
08246315FAB5082DFA4850588A000C
08245C15FAA0082DF7484F5884000D
08246015FA88082DF6484F5884000C
08246C15FA73082DF5484F587A0009
08247D15FA63082DF3484E5878000A
08248A15FA55082DF2484E58740006
08249215FA47082DF1484E586A0001
08249915FA40082DEC484D587B0005
08249F15FA39082DEC484E58610006
0824A015FA2F082DEB484D58660008
0824A515FA2C082DEB484D5862000A
0824A815FA28082DE8484D5864000A
0824AB15FA28082DE6484D58750009
0824AC15FA28082DE5484D58730001
0824AC15FA25082DE4484D58860004
0824AE15FA2F082DE4484C58840004
0824AC15FA44082DE2484D58800000
0824A715FA6D082DDF484D588F0001
08249315FA96082DDF484D58930006
08247215FABC082DDD484D58A90008
08244715FAD4082DDD484C58B1000A
08241915FAE2082DDA484C58A20008
0823F115FAF6082DDA484C58B4000A
0823D515FAFD082DD9484C58B00009
0823C315FAFA082DD8484C58B8000A
0823BC15FAF3082DD5484C58C20006
0823BD15FAE2082DD5484D58C80008
0823C815FADB082DD6484D58C3000A
0823D515FAD7082DD4484D58D10005
0823E315FAD7082DD1484C58D10007
0823EB15FAD4082DD2484C58C40001
0823EE15FADB082DD1484C58C90004
0823EA15FADB082DCF484C58C40006
0823E515FADB082DD0484C58C40001
0823DF15FAD7082DD0484C58BE0006
0823DB15FAD4082DCF484C58BC0008
0823DF15FACD082DCC484C58BC0007
0823E315FACD082DCE484C58BE0009
0823E515FACA082DCA484C58CB000C
0823E615FACA082DCC484C58BF0008
0823E915FACD082DCC484C58CB0007
0823E315FADE082DCB484C58C6000E
0823D915FAFA082DCA484C58CD0007
0823C415FB08082DC9484C58CC0009
0823A915FB19082DC9484D58C00006
08239115FB34082DC7484D58C90006
08237615FB53082DC9484D58C50006
08235215FB68082DC8484D58BE000A
08232915FB6B082DC9484E58C20007
08230C15FB5A082DC6484D58C1000C
08230215FB38082DC6484D58BA0009
08230D15FB19082DC7484E58CD0008
08232815FB04082DC5484D58CD0004
08234615FB1A082DC8484D58C70007
08235915FB5A082DC6484D58D90004
08234815FBA6082DC6484D58CF0008
08231615FBD6082DC5484D58CF0005
0822CF15FBE7082DC4484D58D80007
08229315FBE0082DC3484D58DA0000
08226C15FBCF082DC5484D58D80008
08225E15FBBA082DC5484D58F70008
08226215FBA2082DC5484D58D30004
08227215FB8E082DC5484C58EB000C
08228915FB68082DC4484D58D00006
0822A915FB38082DC2484C58F20012
0822D115FB12082DC2484D58D20003
0822FF15FAE9082DC0484D58CF0008
08232E15FACA082DC3484D58FF000E
08235D15FAB2082DC3484D58FB000A
08238515FAA0082DC0484D58FE0005
0823AD15FA8F082DC1484E58F70005
0823CD15FA82082DBE484D58FB0006
0823E515FA77082DBD484D58E5000A
0823FB15FA70082DBE484D58F6000D
08240B15FA66082DBC484D58F50008
08241215FA66082DB9484D58F90005
08241C15FA5F082DBC484D58FA0007
08242415FA5C082DBA484D58FD0007
08242915FA58082DBA484D58FA000C
08242D15FA58082DB6484C59230008
08243315FA5C082DB7484C58F60005
08243515FA5C082DB8484C58F5000A
08243715FA6A082DB5484C59000006
08243215FA8F082DB3484C58F90006
08241F15FAC3082DB2484C58F70004
0823F915FB04082DAE484C59010008
0823C115FB34082DAE484C58F80009
08238315FB4C082DAE484C58EC000A
08234C15FB5D082DAD484D58F80004
08231F15FB6F082DAA484C58D80004
08230115FB8A082DAA484C58FB0005
0822E615FBA2082DA9484D58FB0009
0822CC15FBB7082DA5484C591B000E
0822AA15FBBA082DA5484D58FE0006
08229015FBB7082DA2484D5900000C
08228115FBB0082DA1484D58F80009
08227E15FBA2082D9F484D58F50008
08228215FB9B082D9D484D58F40008
08228915FB8A082D9D484D590F0009
08229515FB80082D9C484D59040007
0822A115FB72082D9A484D59230008
0822AF15FB68082D99484D59090004
0822BE15FB61082D96484D5910000A
0822C815FB57082D95484C591C0009
0822D415FB50082D94484C58F50009
0822E015FB3B082D92484C58F8000A
0822ED15FB26082D8F484C58FA0007
0822FE15FB0F082D8B484C58FC000C
08231615FAF3082D8A484B58DA000D
08233015FAE5082D88484C58F90004
08234A15FACD082D88484C58D50006
08235F15FAC3082D85484C58CF0006
08237215FAB9082D84484B58DA0007
08238915FAAE082D82484B59010004
08239B15FAA4082D80484B58F0000C
0823AB15FAA4082D7F484C58F20006
0823B715FA9D082D7B484C591A000B
0823C115FA9D082D7C484C58F4000C
0823C815FA96082D7A484C58F2000B
0823CC15FA93082D76484C58F7000D
0823D215FA8F082D75484C59250002
0823D815FA88082D73484C58F4000A
0823E115FA85082D72484C59250010
0823E715FA7E082D70484C590C0005
0823EB15FA7E082D6D484C58FD000F
0823EF15FA82082D6C484B58FE000D
0823F115FA85082D6A484B59100005
0823F015FA88082D67484C59160003
0823ED15FA8F082D66484C591A0008
0823E715FA93082D65484C591C0005
0823E315FA96082D61484C590E0009
0823DE15FABF082D5E484C59140008
0823CE15FAFD082D5D484C59070006
0823A815FB45082D5A484C59080004
08236A15FB6B082D59484C58FF0007
08232215FB7C082D55484C590B0007
0822EF15FB8E082D53484C58F6000A
0822C515FB98082D53484C59050009
08229815FB91082D50484C591D000C
08228115FB75082D4E484C590B000A
08227E15FB49082D4B484D591A0007
08228C15FB1C082D45484D5918000B
0822A815FAE9082D45484D59210002
0822D515FAB9082D42484E591C0008
08230815FA96082D3F484E59160009
08233315FA7B082D3E484E591F000A
08235915FA66082D3C484F59160005
08237915FA5C082D36484F590C000B
08239215FA5C082D33484E5928000A
0823A515FA63082D31484E5928000A
0823B415FA6A082D2D484E59320008
0823BE15FA74082D2A484D5930000A
0823BF15FA7E082D29484E5929000C
0823B715FA7B082D23484E592B0009
0823AA15FA7B082D22484E59250007
0823A115FA85082D1E484F5914000E
08239615FA96082D1C484E5927000A
08238015FA98082D18484E591D0008
08236D15FAAE082D15484D591B0005
08235515FAD7082D11484D59100008
08233315FAFD082D0F484D59150008
08230115FB04082D0B484C5915000B
0822D815FAF3082D08484C59210006
0822C015FAD1082D05484C590D0006
0822C015FAB2082D03484C59170007
0822D215FA9A082CFE484C59220008
0822F115FA85082CFB484C59220006
08230B15FA70082CF7484C59270006
08232415FA66082CF3484C5930000C
08233815FA6A082CF0484C59340006
08234215FA77082CED484C5936000B
08233F15FA82082CE9484C59350006
08233915FA82082CE5484C59350003
08232F15FA85082CE1484C592E0005
08232A15FA88082CDD484C59320003
08232415FA8C082CDC484D593B0008
08232015FA8F082CD6484D59420006
08231715FA96082CD2484D59370008
08230E15FA9D082CD0484D593D0008
08230715FAA0082CCC484D593D0009
0822FE15FAA4082CC8484D593A000A
0822F715FA9A082CC6484D59350009
0822F315FA96082CBF484C593A0006
0822F215FA88082CBD484D59390009
0822F815FA7B082CB8484D593C0008
08230215FA70082CB5484C59310008
08230B15FA6D082CB2484D5932000C
08231215FA6A082CAF484D59380008
08231515FA6A082CAB484D5937000E
08231615FA5F082CA8484C59470008
08231915FA51082CA4484D59420003
08231D15FA44082CA0484C59470008
08232515FA3D082C9B484C5959000E
08232D15FA2F082C99484C59560007
08233715FA28082C94484C5969000C
08234215FA21082C92484D596D0005
08234E15FA28082C8E484D596F0008
08235215FA36082C88484E596A000A
08234A15FA44082C85484E59770009
08233715FA44082C82484E5963000A
08232315FA33082C7F484E596F000C
08231B15FA21082C7B484D5966000C
08231C15FA17082C78484D5970000D
08232315FA10082C70484D596E0006
08232515FA0B082C6E484D5967000A
08232215FA06082C6B484D5976000A
08231A15FA09082C68484D597C0006
08230C15FA09082C63484D59850006
08230015FA0D082C61484D59800006
0822F515FA0D082C5B484D598A0006
0822EB15FA10082C5A484D598D000A
0822E115FA0D082C56484D599E000A
0822DB15FA09082C52484C59AA0006
0822D415F9FF082C4D484D599F0006
0822CE15F9E4082C4A484C59A50007
0822CC15F9C5082C48484C59B5000C
0822CF15F99F082C43484C59B80009
0822D015F987082C3D484D59B80004
0822D515F976082C3B484D59C30008
0822D815F972082C34484D59BE0005
0822D015F97D082C30484D59B5000A
0822BF15F983082C2F484D59BD0010
0822A715F979082C2B484D59B60006
08229215F957082C26484C59B0000C
08227F15F942082C22484C59B2000C
08227915F938082C1F484C59C80005
08227115F92E082C19484B59D20008
08226715F927082C17484B59DF0001
08225915F92E082C13484B59E40006
08224115F920082C0E484B59EB0006
08222415F908082C0B484B59FE0007
08221015F8F0082C07484B5A07000E
08221015F8E5082C04484B5A180007
08221515F8D8082C03484B5A200001
08221215F8C3082BFE484B5A2A0008
08220815F8AF082BFC484B5A290008
08220015F882082BF9484B5A3A0008
08220615F83A082BF3484B5A3A0002
08222115F7EB082BF1484B5A400009
08224A15F7B4082BEF484B5A4C0009
08227C15F78E082BE9484C5A530006
0822A915F773082BE6484C5A5A000A
0822C915F760082BE3484C5A610005
0822DE15F74A082BDF484D5A6E0006
0822F015F73C082BDD484D5A740004
08230415F732082BD8484D5A7B000D
08231915F724082BD5484D5A940005
08233215F713082BD2484D5A9A0005
08234D15F6FE082BD0484D5AA50008
08236815F6EA082BCA484D5AB70006
08238615F6D2082BC6484D5AC40005
08239E15F6D2082BC3484D5AC8000A
0823A715F6EA082BC1484D5AC70008
08239E15F6FE082BC0484D5ACF0008
08238215F708082BBB484D5ACE0006
08236115F713082BB8484D5AD90006
08234215F713082BB5484D5ADD0003
08232A15F70C082BB0484D5AE70006
08231915F6FE082BAE484D5AEE0008
08231215F6ED082BA9484C5AF10009
08231315F6D8082BA8484C5AF8000C
08231C15F6C4082BA5484C5AF20008
08232C15F6A8082BA3484D5AF7000D
08234415F686082B9E484C5AF70000
08236015F664082B9D484C5B060008
08237915F63E082B9B484C5B07000A
08239515F618082B94484C5B0E0009
0823B015F600082B92484C5B190008
0823C915F5FD082B90484C5B14000B
0823DA15F600082B8B484C5B1F0003
0823DA15F605082B89484C5B1B0006
0823C815F5FD082B85484C5B1E000A
0823AF15F5E1082B82484C5B25000E
08239E15F5BF082B7F484C5B280006
08239E15F5A7082B7E484C5B220004
0823A615F5A0082B78484C5B1E000C
0823A815F58F082B75484C5B190003
0823A115F57B082B74484D5B28000A
08239915F563082B71484C5B350001
08239715F540082B6B484C5B400004
08239E15F517082B69484C5B330003
0823AC15F4DD082B64484C5B4A0007
0823C115F4A9082B63484C5B4D000A
0823D815F47D082B62484D5B4C0007
0823F015F443082B5D484C5B580006
08241215F3E9082B5B484D5B670006
08244315F390082B59484C5B72000A
08247E15F33B082B54484C5B8B000C
0824C015F300082B52484C5B860008
08250515F2DE082B52484C5B9C0003
08253F15F2D4082B4C484D5BA50006
08256715F2DB082B48484D5BAD0006
08258015F2D1082B45484D5BBA0002
08258F15F2B5082B41484D5BBD000A
08259C15F293082B41484D5BC70009
0825B315F26A082B3E484D5BC8000C
0825D115F23D082B3B484E5BDC0001
0825F215F21B082B38484E5BD40006
08260F15F1FC082B34484D5BE1000A
08262815F1DD082B31484D5BF7000B
08264015F1BF082B2E484D5BF1000A
08265115F1A7082B2E484D5BF90009
08266415F18B082B29484D5C070008
08267815F170082B27484D5C07000B
08268715F14E082B26484D5C12000C
08269D15F124082B23484D5C15000B
0826B415F102082B1F484C5C21000D
0826C615F0F1082B1C484B5C19000B
0826D715F0D9082B19484C5C280006
0826E515F0AD082B19484C5C280009
0826F215F079082B15484C5C350009
0826FC15F03B082B17484B5C37000A
08270715F008082B14484B5C370006
08271215EFED082B14484B5C3B000A
08272015EFD2082B12484C5C44000A
08272B15EFBD082B10484C5C440003
08273315EFAC082B0D484C5C550009
08273D15EF97082B0F484C5C650003
08274815EF91082B0D484C5C740008
08274E15EF8D082B0A484C5C820008
08275315EF8A082B0A484D5C900008
08275415EF7C082B06484D5CA40006
08275015EF72082B04484D5CA20008
08274515EF6B082B03484D5CB1000B
08273515EF6E082B01484E5CBA0009
08272715EF7F082AFF484D5CBB000A
08271715EF9C082AFF484D5CC20007
08270215EFD5082AFF484E5CDA0006
0826DB15F00F082AFA484E5CDC0003
0826A615F02E082AF9484E5CFE0003
08267115F035082AF6484E5D06000A
08264915F02E082AF6484E5D030005
08263915F027082AF1484E5D1A0005
08263B15F013082AF2484E5D0E0007
08264A15EFF7082AED484F5D270006
08265615EFD2082AEE484F5D30000B
08265815EFB6082AEA484F5D3D000A
08264D15EFA5082AE8484F5D3A0001
08263515EF75082AE6484F5D440006
08260D15EF34082AE4484F5D4A0005
0825DD15EEE9082AE4484F5D4A000C
08259F15EEE6082AE248505D590006
08255115EF10082AE048505D560008
0824FC15EF38082AE048505D590005
08249715EF56082ADE48505D6A000A
08242D15EF79082ADC48505D7E0003
0823CE15EF97082ADC48505D960006
08237815EF97082ADB48505DAD000B
08233315EF83082AD948505DBB000E
0822FD15EF64082AD648505DD90002
0822D515EF49082AD748505DE80008
0822BC15EF2D082AD348505E050006
0822B315EF04082AD1484F5E1A0003
0822B415EED1082AD2484F5E3A0006
0822C215EE97082ACE484F5E580004
0822D815EE64082ACB484F5E64000A
0822F215EE3A082AC8484F5E810003
08230815EE22082AC6484F5E960011
08231B15EE0B082AC4484F5EAD000A
08232C15EDEF082AC1484E5EC30002
08233715EDE8082AC0484F5ED00008
08234015EDDE082ABD484E5EDA0005
08234815EDDB082AB9484E5EFA0006
08234D15EDD4082AB8484E5EFE0006
08235115EDCD082AB4484E5F14000C
08235515EDCD082AB1484E5F32000B
08235715EDD0082AAF484E5F3F0007
08235A15EDCD082AAC484E5F600006
08235F15EDCA082AA9484E5F640004
08236015EDC3082AA5484E5F74000A
08236115EDC3082AA4484E5F71000B
08235E15EDBC082AA1484E5F7B000C
08235C15EDBD082A9D484E5F89000C
08235A15EDB9082A9A484E5F8D000A
08235915EDB9082A97484E5F940008
08235915EDB9082A94484F5F98000C
08235815EDB5082A90484F5FA90003
08235815EDB5082A8C484F5FA90003
08235715EDB2082A89484F5FB3000A
08235415EDB2082A88484F5FB80009
08235215EDB5082A82484F5FB30008
08235215EDB2082A7D484F5FBD0004
08235115EDB2082A7C484F5FB90001
08235015EDB5082A79484F5FC1000C
08234F15EDB2082A75484F5FC70006
08234E15EDB5082A73484F5FCF0006
08235015EDC1082A6F484F5FC90006
08234E15EDCD082A6B484F5FD5000B
08234D15EDCA082A66484F5FD90008
08234D15EDCA082A6348505FE70004
08234B15EDCA082A6048505FE00002
08234915EDCA082A5D484F5FEA000D
08234915EDD0082A5A484F5FE10006
08234615EDD7082A57484F5FE00007
08234315EDDB082A55484F5FE3000C
08234415EDDE082A4F484F5FE30005
08234315EDE5082A4C48505FE10006
08234415EDE8082A4948505FD40003
08234415EDE8082A4748505FD80002
08234615EDF6082A4348515FD60003
08234915EE02082A3E48515FD0000D
08234C15EE0E082A3D48505FDA0007
08235015EE11082A3C48505FD3000D
08235015EE0B082A3948505FD20006
08235215EDFD082A3348515FCE000B
08235015EDF3082A3148515FC7000A
08234E15EDE8082A2D48515FCD0008
08234D15EDE2082A2A48515FD0000B
08234915EDDE082A2748525FCE0008
08234815EDDB082A2348515FD6000A
08234415EDD7082A2048515FCE000D
08234115EDD7082A1D48515FD30006
08233F15EDB5082A1A48505FCF000C
08233E15EDDB082A1948505FD20006
08233A15EDDA082A1548505FD4000C
08233815EDDE082A0F48505FD7000B
08233415EDE2082A0F484F5FDD000B
08233215EDDE082A0A48505FDD0008
08232F15EDDE082A08484F5FD8000B
08232815EDDB082A0648505FDA0009
08232415EDD7082A04484F5FE40006
08231D15EDD4082A00484F5FE50005
08231A15EDD40829FD484F5FEA0005
08231615EDD70829FC484F5FEC0009
08231515EDD70829F5484F5FF20008
08231515EDDB0829F3484F5FF3000A
08231415EDDB0829F1484F5FE70005
08231615EDDB0829ED484F5FE50004
08231615EDDE0829E8484F5FE50008
08231415EDE50829E5484F5FEF0004
08231115EDE50829E2484F5FE70001
08230D15EDEC0829DE484F5FF0000F
08230715EDF30829DA48505FDD0008
0822FE15EDFD0829D748505FEC0004
0822F615EE040829D5485060000002
0822EE15EE040829D448505FF80005
0822E715EE0B0829D048505FF10006
0822E115EE0B0829D048505FFB000C
0822DE15EE0B0829CE48506007000A
0822DA15EE0E0829CB485060010009
0822D515EE110829C9485060050008
0822D415EE180829C74850600A0006
0822C815EE1F0829C8485060050008
0822B815EE220829C848506012000B
0822A215EE1C0829C448516009000A
08229115EE150829C54850600F0009
08228315EE0E0829C34850600C000A
08227D15EE040829C048505FF40009
08227B15EDF30829C0485060000008
08227D15EDE20829BE484F5FF90009
08227E15EDD70829BB484F600A0008
08227915EDCA0829B9484F60010008
08227215EDBC0829B7484F60180009
08226A15EDB90829B6484E60130002
08225E15EDB20829B2484E60190001
08225715EDAE0829B0484E6017000C
08225115EDAE0829AD484E601C0002
08225015EDAB0829AC484E60240008
08225115EDA70829A9484E6022000B
08225515EDA70829A9484E602C0002
08225615EDA40829A7484E60240002
08225915EDA10829A5484F60330002
08225915EDA10829A2484F6046000A
08225415ED9A0829A1484F60490008
08224D15ED9A0829A0484F60460006
08224215ED930829A0484F6053000C
08223415ED8C08299C484F60570009
08222515ED8C08299B484F605B0008
08221515ED8C082995484F60640008
08220A15ED8C082994484F606F0006
08220015ED8C082993484F60680008
0821F415ED8B08298E484F607A0009
0821EE15ED8C08298C484F60750009
0821E615ED8C08298B484F607C0006
0821E215ED8F082988484F607C000E
0821E215ED93082984484F60830005
0821E415ED93082981484F608D0008
0821E715ED9A082981484F60910008
0821F015ED9A08297C484F6099000D
0821F815ED9D08297A484E609D000C
0821FE15EDA1082976484E609B000A
08220315ED9D082975484F60A1000F
08220A15EDA4082973484F609D0008
08220915EDA708296F484F609A000B
08220915EDB508296F484F609A0006
08220615EDBD08296C484F608F000C
08220015EDBC08296C484F60970009
0821F515EDB208296A484F60950003
0821EA15EDAB082967484F609A0006
0821E015EDA708296448506092000C
0821DB15EDAE082965484F609E000C
0821D415EDB5082961484F60980008
0821D315EDB9082962484F609F0003
0821D115EDBC082960484F60950009
0821CE15EDBF082960484F60A20005
0821CE15EDC308295D484F60A6000C
0821CE15EDBF08295D484F60A40007
0821CF15EDBF08295E485060A5000C
0821CF15EDB508295C485060AD0006
0821CB15EDAF08295A485060A10006
0821C615EDA70829594850609A0008
0821BF15EDA10829584850609E0009
0821B315ED9D082957485160A4000A
0821AB15ED960829584851609A0005
08219F15ED93082955485160850001
08219815ED8F08295448516090000B
08219215ED8C08295348516096000E
08218E15ED8C082951485160900007
08218B15ED89082950485260950006
08218815ED8508294E4852609E0008
08218715ED8508294C485360A10008
08218715ED8208294B485260AB000A
08218715ED8508294B485260A9000A
08218515ED84082949485260A60000
08218715ED82082946485260AD0003
08218615ED85082945485260A10008
08218615ED85082942485260B00008
08218615ED82082940485360AF0004
08218515ED8208293E485260BA0005
08218515ED8208293C485260C7000A
08218315ED8208293C485260BD000A
08218115ED7E082938485260B7000A
08218115ED82082938485360C50009
08217F15ED7E082936485260C40007
08217C15ED7E082936485260CD0003
08217915ED7E082935485260D20007
08217615ED7E082933485260D10005
08217515ED7D082930485160D90009
08217515ED7E082930485260E30005
08217515ED7B08292D485260E00008
08217015ED7E08292C485260F20008
08217015ED8508292A485260E1000A
08216B15ED96082929485260EB0004
08216615EDA7082929485260E5000A
08215615EDB5082929485260F0000A
08214315EDBF082929485260E70006
08213115EDC3082926485160EF0004
08212315EDD7082926485060F60008
08211915EDF3082926485160EC0009
08210615EE1C082924485060F70008
0820EC15EE41082926485060E80008
0820CD15EE5C082924485160EB000A
0820AB15EE71082924485160EC000A
08208C15EE7F082923485160ED000B
08207115EE89082922485160ED000D
08205915EE93082925485060E5000D
08204315EE9A082924484F60E20003
08203215EE97082923484F60E2000B
08202515EE86082922485060D8000A
08202015EE6408291F484F60D8000A
08202D15EE41082922484F60CF0005
08204615EE23082920484F60D0000A
08206615EE0008291F485060CF0004
08208B15EDE8082920485060C90008
0820AE15EDD708291E485060D1000A
0820CE15EDC308291D485060D60008
0820E915EDBA08291C485060D7000B
08210215EDB208291E484F60D30006
08211315EDAE08291C485060DB0008
08212015EDA408291B485060E20008
08212D15EDA408291C485060DF0003
08213815ED9D08291A485060D6000C
08213E15ED96082919485060DA0007
08214515ED9608291A485060DD0008
08214715ED93082917485060D80003
08214815ED8F082917485160CD000A
08214B15ED8F082916485160CD0009
08214F15ED8C082916485160DB0005
08215215ED8C082915485160E00009
08215115ED89082913485160DF0000
08215015ED87082910485160E80008
08214F15ED8908290F485160F00008
08215215ED8508290D485160F00000
08215215ED8508290B485260F90007
08215115ED85082909485161040006
08215015ED82082905485160F90008
08215215ED82082902485160F10006
08215415ED82082900485260EA0001
08215315ED7E0828FC485260EB0002
08215315ED820828FB485260E40005
08215215ED7E0828F7485360E80008
08215115ED7E0828F5485360EC0008
08215315ED820828F1485360E8000B
08215315ED7D0828F0485260F20008
08215215ED7B0828ED485260E70008
08215115ED7B0828E9485260EA000A
08215115ED780828E7485260ED0009
08214F15ED780828E7485260F90007
08214B15ED780828E5485260FC0007
08214515ED7B0828E0485260F40009
08214015ED850828DE485260FD0008
08213B15ED9A0828DE485360F6000B
08212C15EDBC0828DA485361030009
08211915EDE20828DA485361030006
0820F615EE110828D94853610B0006
0820CA15EE340828D84852610B000A
0820A815EE4F0828D6485261100008
08208815EE630828D7485261070007
08207315EE750828D6485261100006
08206215EE7F0828D348536114000C
08205215EE7B0828D3485361170002
08204815EE750828D6485361180006
08204315EE6A0828D4485461080009
08204715EE5D0828D5485461030002
08204E15EE450828D2485460FC0006
08205A15EE260828D4485460F50007
08206B15EE0B0828D3485460F60008
08208115EDF30828D5485460E90005
08209515EDE50828D6485360DF000A
0820A615EDD40828D6485360E00007
0820B615EDCD0828D6485260DE0006
0820C415EDC60828D7485260E20008
0820CE15EDC50828D7485360E20008
0820D815EDBC0828D7485260DE0009
0820DB15EDB90828D9485260E20006
0820E115EDB20828D9485260E50008
0820E715EDAE0828DB485260EB0005
0820EB15EDA70828DD485260E40005
0820F315EDA40828DC485260E90003
0820FB15ED9D0828DC485160E50002
08210015ED9D0828DF485160DC0008
08210515ED9A0828DF485160E20006
08210B15ED9A0828E1485160E40008
08211115ED960828E0485260D70008
08211215ED960828E2485260E50007
08211515ED8F0828E4485360E30003
08211515ED8F0828E4485360EB000A
08211615ED890828E6485360E6000F
08211715ED850828E5485460E90008
08211615ED820828E6485360F20006
08211415ED7E0828E8485460F00005
08211315ED7E0828E8485460F60008
08211015ED7B0828E7485360F90006
08211015ED7B0828E9485360F90001
08211015ED780828EA485360F60001
08211115ED780828EA485260F80009
08210F15ED780828EB485360F80004
08210D15ED710828EE485360FD0008
08210C15ED710828EC485360FC0001
08210915ED710828EE485360F60008
08210815ED720828ED485360F60001
08210615ED710828EE485260FD000A
08210515ED740828EE485260F8000D
08210315ED740828EE485160FC0008
08210415ED740828EF485160FC000B
08210615ED780828F1485260FF0008
08210915ED780828F1485260FB0008
08210A15ED7B0828F14851610F000C
08210F15ED780828F34852610A0009
08211015ED780828F44853610F0003
08211115ED780828F2485261100009
08211415ED7B0828F3485261190003
08211715ED7E0828F2485161140000
08211815ED7E0828F34852611E0006
08211F15ED840828F448516122000C
08212315ED7E0828F6485261210006
08212715ED7E0828F14852612D000A
08212915ED7E0828F44852612C000C
08212715ED7E0828F44852612C0001
08212615ED7E0828F24852612C000A
08212315ED7E0828F2485261260005
08212515ED7B0828F24852612C0008
08212315ED7B0828F14852611D0009
08212215ED7E0828EF485261200006
08212115ED7B0828EE48516122000C
08211F15ED7B0828F04851612A0009
08212115ED7B0828EF485261260004
08211F15ED7B0828ED4853611D0006
08211F15ED7D0828ED485361290008
08211E15ED7B0828EC4853611A0003
08212115ED7B0828EC48546123000C
08212015ED7B0828EA48546118000D
08212015ED7B0828EA4855611A000C
08211F15ED7B0828EB485461190007
08211D15ED7B0828E9485561140006
08211A15ED780828E9485461120001
08211B15ED780828E84855611A0006
08211815ED780828EB48556111000E
08211815ED780828EA485461160005
08211915ED7B0828EB4854611F000A
08211815ED780828E84855611A000A
08211915ED780828E94855611E0006
08211715ED750828E9485461220006
08211715ED780828EB485461250008
08211615ED740828E94854611A0007
08211415ED740828EB485461230006
08211315ED740828EA485361240008
08211115ED780828EA485361230001
08211015ED740828EA4853611D000A
08211015ED780828E9485461200008
08210D15ED780828EB485461160007
08210C15ED780828EC4854611A0009
08210C15ED740828EC48536123000C
08210D15ED740828EC485361200006
08210B15ED740828EE485361240003
08210B15ED790828EE485361250009
08210B15ED780828ED4853611B0008
08210B15ED780828EE48536122000C
08210D15ED780828EE4853612C000A
08210B15ED7B0828F148526123000D
08210D15ED7B0828F04853611D0007
08210D15ED780828F2485361290008
08210C15ED780828F2485461200008
08210D15ED780828F44853612C0009
08210E15ED7B0828F4485361340006
08210D15ED7B0828F64853612C0008
08210E15ED7B0828F848526130000B
08211015ED7B0828F7485361410004
08210F15ED7E0828F5485361260003
08211015ED7D0828F8485361270006
08211115ED7E0828F5485361300001
08211115ED7E0828F84853612D0005
08211415ED7E0828F7485361260001
08211515ED7E0828F6485361290006
08211815ED820828F748536130000E
08211615ED7E0828F94853612C000A
08211B15ED820828F74852612C0009
08211D15ED820828F84852612C0008
08212015ED820828F6485261290008
08212415ED820828F4485361360007
08212615ED850828F54852612A0003
08212915ED820828F64852612E0006
08212C15ED820828F6485361340008
08212C15ED800828F4485261270008
08212C15ED820828F24853612E0008
08212D15ED820828F44853611D000C
08213015ED820828F24853611C0003
08213115ED850828F3485361230008
08213415ED930828F1485261250008
08213315EDBC0828F24853611F000A
08212215EDE80828EF485361250006
08210015EE110828F0485361170009
0820CB15EE260828F148536112000A
08209815EE300828F24854610E0003
08207515EE260828F148546110000B
08206315EE230828EF485461050008
08205E15EE260828EE4854610C0005
08205F15EE2D0828F0485561090008
08205B15EE3E0828ED4854610F0007
08205115EE4F0828EE485561160005
08204115EE600828ED485461140000
08202B15EE710828ED485461230008
08201515EE8D0828ED48556124000C
081FFC15EEAF0828EC4855612A0009
081FDD15EED80828EC485561210009
081FAF15EEFD0828EC485561330003
081F7B15EF1C0828EB4855612E000B
081F4915EF340828EB4856612A000A
081F2015EF450828E84856612C0008
081EFE15EF4C0828E8485561300005
081EE715EF490828EA485561230001
081ED815EF3E0828E94855611D000E
081ED515EF2D0828EA485461100002
081EDD15EF220828E9485461180008
081EEA15EF120828E848546110000A
081EFA15EEFA0828E7485561090000
081F1015EEDF0828E7485561040008
081F2D15EEC00828E7485460FD0005
081F4F15EE9A0828E8485560F30006
081F7715EE6A0828E9485560EB000D
081FA315EE450828E8485560E4000B
081FD415EE290828E7485560EF0006
08200215EE150828EA485460EB0000
08202B15EDFD0828E8485460EC0008
08205115EDEC0828E9485460EA000C
08207115EDDB0828E8485560EA0006
08208815EDD00828E9485560ED0004
0820A015EDC80828E9485560F20006
0820B415EDBC0828EB485660F70005
0820C415EDB50828EB4855610B0008
0820D015EDAB0828E9485560FC0006
0820DC15EDA40828EC485561080008
0820E515EDA40828ED48566107000C
0820EE15ED9D0828ED48566102000A
0820F715ED9D0828EE485561000009
0820FB15ED9A0828F048556103000A
0820FE15ED9A0828EF485560FD0009
08210215ED930828EE485560FD000C
08210715ED930828EF485460FA0008
08210B15ED8F0828EF485460F70008
08210B15ED8F0828EF485460F80007
08210F15ED920828EF485360F30003
08211115ED960828F2485360ED000A
08211015ED960828F2485360F20007
08210E15ED9A0828F1485360F20009
08210B15ED9D0828F1485360F30007
08210715ED9D0828F2485360F20006
08210515ED960828F4485360F50006
08210815ED930828F4485360F80006
08210A15ED930828F248536105000A
08210F15ED8F0828F3485361050008
08211215ED8C0828F548546109000C
08211715ED8C0828F248546112000A
08211B15ED8C0828F54854611D0004
08211D15ED890828F34854611A0003
08211E15ED870828F4485461170005
08211F15ED890828F448556111000A
08211D15ED890828F3485561180006
08211D15ED850828F3485461210006
08211E15ED850828F34855611E000A
08211E15ED890828F348546112000C
08212215ED890828F348546128000A
08212415ED890828F14854611B0005
08212615ED890828F248546118000B
08212715ED850828F24854610D000C
08212A15ED850828F04854610B0009
08212815ED850828F0485461010003
08212615ED820828F14854610C0008
08212715ED850828F24854610C000A
08212615ED840828EF485461050004
08212615ED820828F048546114000E
08212915ED820828F148546114000A
08212815ED820828F24854610D0008
08212A15ED820828F2485361150007
08212815ED820828F1485361120002
08212A15ED820828F3485361090008
08212615ED820828F3485461070008
08212615ED850828F2485461070008
08212215ED820828F048546108000C
08212115ED850828F2485461050008
08212315ED820828F148546109000B
08212215ED850828F04854610C000A
08212015ED820828F148536106000C
08212115ED840828F2485361160004
08211F15ED7E0828F14853610B0005
08211D15ED820828F2485361050006
08211B15ED7E0828F0485361050006
08211B15ED820828F1485261020006
08211B15ED820828F0485360FF0005
08211A15ED7E0828F1485360FE0007
08211D15ED820828F0485360F8000A
08211A15ED7B0828EE48536101000D
08211815ED820828ED485361010006
08211A15ED7B0828EE4853610E0002
08211815ED7E0828EB485361090006
08211A15ED7E0828EC48526101000A
08211915ED850828EB4852610B0008
08211715ED870828EC485261060008
08211615ED8C0828EB485361100006
08211215ED930828E94853610E0004
08210F15ED9A0828E9485461180002
08210715EDA10828E948536118000A
08210015EDA70828E84854611D0006
0820FA15EDA40828E8485461230006
0820F915ED9A0828E7485461260005
0820F815ED960828E7485361190006
0820FD15ED930828E5485361300007
08210015ED930828E648536129000A
08210315ED930828E74853612E0003
08210515ED8C0828E6485361230006
08210515ED8C0828E64853611D0008
08210415ED8F0828E6485361180004
0820FF15EDA70828E74854610B000A
0820F415EDE20828E6485461030005
0820D115EE300828E748546102000A
08209415EE710828E8485360FF000D
08204315EEA50828E7485360FC0008
081FEC15EECE0828EA4853610B0003
081FA515EEE60828E9485360FF0004
081F6D15EEF00828EB485361050003
081F4515EEE20828EB4853610E0008
081F3415EED40828E9485461070003
081F3715EECE0828EC4854610D0006
081F4415EEC70828EC485461100004
081F5215EEB90828ED48546105000A
081F6115EEAF0828ED4854610C0005
081F7315EE9D0828EF4854610D0008
081F8715EE860828EF4854610F0005
081F9E15EE6E0828EE4854611C000A
081FB815EE640828F14854611F000A
081FCD15EE5D0828F148546117000A
081FDD15EE560828F1485561240005
081FEC15EE560828F2485561290007
081FF315EE4C0828F24855611E000B
081FFD15EE450828F34855611F000E
08200415EE3A0828F4485561210004
08201015EE2D0828F44855611C0006
08201B15EE1C0828F4485561150008
08202C15EE070828F54855611B0008
08204115EDF60828F24854611B000A
08205F15EDE10828F6485461190003
08207C15EDD40828F6485561180006
08209615EDC60828F44855611A000C
0820AC15EDB90828F54855611B0006
0820BD15EDB20828F6485561140006
0820CD15EDAB0828F7485561250009
0820D915EDA70828F54855611D000E
0820E315EDA40828F4485561210001
0820F215ED9D0828F44855611D000A
0820F915ED9D0828F34854611A0008
08210315ED9A0828F4485461140006
08210915ED960828F3485461180003
08210A15ED960828F448546114000A
08210F15ED930828F44854611A0008
08211315ED920828F348556117000A
08211615ED930828F4485561170007
08211815ED960828F2485561210007
08211A15ED930828F2485461160008
08211C15ED930828F148546113000B
08212115ED930828F0485460FA0009
08212315ED930828EF485460FB0009
08212415ED930828EF48546101000C
08212915ED8F0828EE4853610A000A
08212A15ED8F0828EC4853610A000D
08212C15ED8F0828EC4853610C0003
08212E15ED930828EC485461120008
08212C15EDAE0828EB485461120007
08212215EDFD0828E8485461150006
0820F715EE340828E94854611A000B
0820B515EE370828E9485461140003
08207C15EE1C0828E948546118000A
08206915EDF90828E74853611D000A
08207815EDE20828E5485361120008
08208F15EDCD0828E54853610E0008
0820A815EDBF0828E6485461120004
0820C015EDC60828E4485461150003
0820CA15EDEC0828E3485461110009
0820C115EE290828E4485461100006
08209C15EE710828E3485461150008
08205915EEA80828E14854611C000E
08200915EED40828E1485461200008
081FC015EEF30828E1485461290009
081F8015EF010828E1485461270009
081F5015EF010828E1485461310006
081F3115EF080828DE485461320003
081F1D15EF1C0828DF485361330009
081F0915EF2A0828DF4853613D0007
081EF615EF3E0828DF48536148000A
081EE215EF5D0828DF48546145000C
081EC915EF7C0828E14853614C000A
081EA815EF940828DF4853613F0008
081E8515EF8D0828E0485261400005
081E6D15EF750828E1485261470003
081E6515EF560828E048536138000A
081E7315EF310828E248526140000F
081E9615EF150828E2485361380001
081EBA15EF080828E5485361410013
081EDD15EEFA0828E048526145000A
081EFA15EEF30828E14852613F000A
081F0C15EEF30828E34852613C0005
081F1A15EEF30828E3485261360007
081F2315EEF70828E5485261430007
081F2415EEFA0828E7485261470005
081F2315EEFA0828E648526148000A
081F2315EEF00828E84852614A0008
081F2515EEE20828E6485261540000
081F2D15EED40828E9485261430008
081F3B15EEC00828E84853614B0008
081F4C15EEAF0828EA4853614E0007
081F6015EE9A0828EA485361400009
081F7815EE7F0828EB4853613C0004
081F9315EE670828E948526148000C
081FB315EE4C0828EB485261430009
081FD615EE380828EA4852614D0007
081FF415EE290828EB485361410006
08201315EE180828EA4853613A0008
08202F15EE070828EC485361310006
08204415EDF30828EB4853613D000B
08205F15EDE50828EB48526133000B
08207C15EDD70828EC4853612A000A
08209A15EDCD0828EB48536127000D
0820B515EDC60828EA485361270008
0820C615EDBF0828EE48536132000E
0820D815EDBC0828EF4853612C0006
0820E715EDB50828ED4853611E000B
0820F515EDAE0828ED485361190009
0820FC15EDAE0828EE485361160004
08210315EDAB0828EE4853610A000D
08210A15EDA70828F1485361010007
08210D15EDA70828F0485360FF0005
08211315EDA10828F2485361040005
08211915EDA40828F1485360FF000C
08211D15EDA10828F2485361030003
08212015EDA10828F3485360FA0005
08212115EDA10828F4485361000004
08212415ED9D0828F2485360FE000B
08212615ED9D0828F3485360FE0009
08212715ED9D0828F6485361030007
08212815ED9A0828F34853610B0006
08212915ED9D0828F6485361050003
08212B15ED9D0828F44853610D0008
08212C15ED9D0828F4485461030004
08213015ED9A0828F34854610D0007
08213015ED9A0828F5485461090008
08213315ED9A0828F44854610D000A
08213415ED960828F54854610B0003
08213215ED960828F4485460FC000C
08213515ED960828F3485560FF0003
08213415ED930828F2485561060003
08213415ED930828F148556103000E
08213415ED930828F3485561070006
08213415ED930828F24854610C000C
08213315ED930828F248546103000C
08213415ED930828EE485561090008
08213715ED930828EF4854610E000C
08213515ED920828EF485461040003
08213615ED8F0828ED48546103000B
08213615ED8F0828EB485461030009
08213615ED8F0828EB485460FC0009
08213615ED8F0828EB485460FF0009
08213615ED8F0828E9485461000008
08213515ED8C0828E9485460FE000E
08213515ED8C0828E8485461070004
08213715ED8C0828E7485460FD0003
08213615ED890828E5485460FA000D
08213615ED890828E5485461070006
08213715ED890828E5485461030005
08213415ED8C0828E6485461100009
08213415ED8C0828E5485461050008
08213415ED8B0828E4485461100009
08213215ED890828E6485561000008
08213315ED850828E548556111000B
08213015ED850828E548556112000A
08213115ED890828E5485561150008
08213015ED890828E5485561140009
08212F15ED8C0828E44854611D0008
08213115ED8F0828E448546121000A
08213015ED9A0828E34854611B0009
08212815EDA10828E048546118000C
08212115EDA70828E148556112000B
08211715EDAB0828E0485561090008
08210F15EDAB0828E04855610A0003
08210B15EDAB0828DD4855610A000E
08210715EDA80828DC4855610F0008
08210715EDA40828DB4855610B0008
08210A15EDA10828DB485561070008
08210915ED9A0828DB485561140007
08210E15ED9A0828DC4855610E0003
08211115ED960828D9485561120000
08211315ED930828DA485560FF000C
08211715ED8F0828D9485560FA000E
08211C15ED8C0828D8485660FC000A
08212115ED8C0828D9485661030007
08212115ED8C0828DA485661000008
08212515ED890828DC4856610E0005
08212615ED890828DB4856610C0005
08212815ED890828DA4855610B000C
08212715ED840828DB485561090009
08212A15ED890828DB485561110006
08212A15ED890828DE48546105000A
08212C15ED890828DF485461150008
08212C15ED850828DF4854610B000C
08212B15ED890828E04854610E0008
08212B15ED8C0828E24855610C000A
08212915ED8C0828E34854610E0006
08212715ED8C0828E4485461040007
08212515ED8C0828E4485461130008
08212215ED8C0828E7485461000008
08212215ED8C0828E7485460F6000A
08212215ED8C0828E8485360FE0007
08212315ED8C0828E9485460FE000A
08212515ED8B0828EB485461010004
08212215ED890828EB485461080008
08212215ED8C0828EC485460FF0001
08212315ED8C0828EF485461050012
08212415ED890828EE485561030008
08212715ED890828ED48556100000A
08212815ED890828EC48566101000E
08212915ED890828EE485661030001
08212A15ED890828EE4855610A0009
08212815ED890828EE485660FF0008
08212A15ED890828F0485660FC0004
08212D15ED890828F04856610B0003
08212F15ED890828EF4855610E0003
08213015ED890828EF485661090001
08213215ED8B0828F0485660FC000A
08213615ED890828F1485661050005
08213615ED890828F2485661040008
08213515ED890828F148576104000C
08213515ED890828F04856610A0002
08213615ED8C0828F148566103000B
08213615ED8C0828F04856610E0004
08213615ED890828EE4856610A0008
08213615ED890828EE485661050004
08213615ED890828ED485661130008
08213615ED850828EC485661130007
08213715ED890828EB4856610A0006
08213715ED890828EB4856610D000A
08213815ED850828EB48576112000D
08213915ED870828EA485661140002
08213715ED850828E94856610D0009
08213615ED890828EB4856610C0006
08213615ED890828EB4856610E000A
08213515ED850828E74856610B000D
08213315ED890828E6485761130006
08213615ED890828E94857611A0005
08213715ED850828E948576110000E
08213715ED850828E74857611A000F
08213715ED890828E7485761170008
08213615ED8C0828E748576124000B
08213515ED960828E64857611F0007
08213215EDA70828E648586120000E
08212715EDDB0828E5485861210003
08210A15EE050828E748586127000E
0820E315EE290828E548586128000E
0820B815EE3A0828E74859611F0003
08208915EE340828E7485961230008
08206D15EE1C0828E54859611F0003
08206515EDF90828E34859611F0004
08207415EDE80828E648596112000A
08209015EDE20828E74858610B000F
0820A815EE070828E6485861190006
0820AB15EE4C0828E64858611B000A
08208B15EE750828E5485861120007
08205415EE7F0828E848586116000A
08202815EE750828E7485861100004
08200F15EE5D0828E7485861210005
08200C15EE450828E94857612F000E
08201C15EE290828E8485761220009
08203915EE110828EA485761340009
08205815EDF60828EB48576127000C
08207B15EDE50828E948576134000C
08209A15EDD40828EA48576126000C
0820B915EDC60828EB4857612A0006
0820D215EDBC0828EE485661260008
0820E415EDB20828F0485661230005
0820F215EDAE0828F2485761290006
0820FE15EDA70828F2485761270009
08210915EDA70828F34857611D0006
08210F15EDA40828F6485661210008
08211615EDA10828FA48566120000E
08211B15EDA10828FA4856611C000B
08211F15ED9D0828FA485661210006
08212115ED9D0828FF4857612C000B
08212515ED9A082902485761300002
08212915ED9A08290148576125000C
08212815ED9A0829044856612A0004
08212915ED9A082904485661290004
08212D15ED96082907485761260009
08212E15ED96082909485761290004
08212D15ED96082909485761190008
08212D15ED9608290E485761260008
08212E15ED9608290F4857611A0008
08213015ED9308290F4857611C0000
08213215ED8F0829134858611F0003
08213315ED8F0829134858611D0000
08213015ED8F082916485961180006
08213315ED8F0829194859611F0001
08213315ED8F08291B485A61210001
08213415ED8F08291E485961060008
08213415ED8F082920485961080009
08213415ED8F082921485961070009
08213415ED8C082924485960F90001
08213315ED8C082926485A60F90007
08213515ED8F082928485A60F80004
08213415ED8F082928485A60FD0009
08213315ED9308292B485A610A0006
08213215ED9308292D485A6108000C
08213315ED9308292F485A61090007
08213315ED9308292E485A6103000A
08213315ED96082932485A6107000B
08213415ED93082932485A61140000
08213515ED96082935485961160009
08213715ED9608293848596112000A
08213515ED9A082938485961270009
08213715ED9A0829394859611F000E
08213C15ED9A08293B4859611F0009
08213B15ED9A08293C4859611E0008
08213D15ED9A08293F485961160002
08214015ED9A08293E485861130007
08214215ED9A08294048586114000A
08214415ED9D082941485861180003
08214215ED9A0829414858610E000C
08214415ED9D08294148586109000A
08214515ED990829444858610B0006
08214415ED9D082944485861060003
08214515ED9D08294748586101000B
08214815ED9D082947485860FB0006
08214715ED9A082948485860F70006
08214815ED9A08294A485860F4000C
08214415ED9A08294B485860EF0009
08214615ED9D08294D485860E4000C
08214715ED9D08294E485860F20004
08214715ED9D082951485860F00006
08214815ED9D08294F485960EB0007
08214915ED9D082951485860EC000A
08214715ED9D082950485860F10006
08214815ED9D082954485760E50003
08214915ED9D082954485860E5000C
08214C15EDA1082955485860EC000A
08214B15ED9D082955485760E90003
08214A15ED9D082957485760E80008
08214D15EDA1082958485660F50007
08214E15ED9D082959485761010005
08215015ED9D08295C48576105000C
08215015EDA108295A48576108000A
08215215ED9D08295C485760FE0006
08215015EDA108295D4857610E0008
08215015ED9D08295E4857610F0008
08215115ED9D08295D48566115000E
08215115EDA108295F4856611A0010
08215215EDA108295F4856611A0008
08215215ED9D0829624857611D0008
08215315EDA108295F4857611F0001
08215315EDA108295F48586123000D
08215615EDA1082960485861210006
08215415EDA108295E4858611F0006
08215515EDA108295F48586122000A
08215615EDA108295E4858611E0005
08215515EDA1082960485861220006
08215715EDA10829604858611D0009
08215715EDA10829604857611B0009
08215915EDA1082961485861130008
08215A15ED9D08295F485861070006
08215B15EDA108295D48586110000C
08215C15EDA108295C4859610B0008
08215D15EDA108295A48596103000D
08215B15EDA108295C485961030000
08215C15EDA108295B48586107000C
08215D15ED9D08295A485861050006
08215D15EDA10829594858610E0007
08215C15EDA40829594857610D000A
08215D15ED9D082958485761030007
08215E15EDA108295748586105000A
08215E15EDA1082957485861090007
08215C15EDA1082955485860FF0008
08215C15ED9D08295148586102000C
08215D15EDA108295148586104000C
08215C15EDA108294F485861040004
08215B15ED9D08294D485860FC0008
08215915ED9D08294B485860FB0008
08215815ED9D082947485760FB0002
08215815ED9D082947485760FA0006
08215715ED9D08294548586102000A
08215A15ED9D082943485860F00008
08215915ED9D082941485860EE0007
08215815ED9A08293E485760E5000E
08215815ED9A082940485860E9000C
08215715ED9A08293D485860E30007
08215815ED9A08293B485860F0000B
08215915ED9A08293A485860F2000A
08215815ED9A082939485860F7000C
08215915ED9A082939485860F2000E
08215815ED9A082937485860F50008
08215815ED9D082937485960ED000C
08215515EDAE082938485960E00003
08214F15EDC6082937485960EF0000
08214215EDDB082938485860E30005
08212B15EDE5082938485960F2000A
08211115EDEF08293B485960F90005
0820FE15EE0708293A485A60FC0007
0820E915EE3408293A485A6106000D
0820C715EE6708293C485A6108000C
08209815EE9708293D485A61020003
08205E15EEC308293E485A610B0009
08202315EEDF08293F485B61030008
081FED15EEEC082940485B6101000A
081FC615EEF0082943485C61080008
081FAA15EEF0082944485C61020003
081F9B15EEEF082946485B610D0005
081F9615EEE2082947485B61100003
081F9915EED1082949485B610D0009
081FA615EEB608294B485B610C000A
081FBB15EE9708294C485B6110000D
081FDC15EE7B08294B485B610D000B
08200015EE5D08294E485A610C000B
08202415EE3E08294F485A60FF0007
08204A15EE2908294D485A6106000C
08206D15EE1508294F485A61050005
08208E15EE00082950485A60FC0006
0820AB15EDF3082951485A60FF0004
0820C515EDE2082952485960FB0008
0820DC15EDDE082952485960F80007
0820EE15EDCF082953485960F20008
0820FE15EDCA082950485960F20005
08210C15EDC6082952485960FE0006
08211615EDBF082952485860F40006
08212115EDBC082951485960F80004
08212915EDB9082953485960FD000A
08212F15EDB5082951485960F60008
08213415EDB2082952485961000001
08213B15EDAE082951485960F90008
08213F15EDAE082952485961010007
08214315EDAE082950485960FC0004
08214415EDAB082951485860EB000A
08214815EDAB08294F485860F6000A
08214A15EDAB08294F485860F60003
08214B15EDA808294D485960ED000A
08214E15EDA708294D485960F10008
08215015EDA408294A485960F00008
08215215EDA708294B485860F30008
08215215EDA408294A485860F2000A
08215215EDA7082949485860F40008
08215315EDA1082947485760F10008
08215515EDA4082946485760F5000B
08215415EDA1082948485860F2000A
08215515EDA1082946485860EF0005
08215815EDA4082946485860E30000
08215715EDA1082946485860ED0004
08215915EDA4082946485860F2000C
08215A15EDA4082946485860F90001
08215A15EDA4082947485860F4000B
08215B15EDA4082946485860F9000A
08215C15EDA4082948485760FA000C
08215D15EDA1082947485860F90008
08215C15EDA4082948485860F9000D
08215E15EDA4082948485861000004
08216115EDA408294A485960F40004
08216115EDA4082948485960F9000A
08216215EDA408294A485960F8000A
08216215EDA408294A485960F00010
08216315EDA7082948485860F80003
08216415EDAE08294A485960FA0005
08216115EDB2082948485960FA0008
08215A15EDB5082947485960F80006
08215415EDB3082947485960FF0008
08215215EDB508294A485960FC0008
08214F15EDB5082949485961010007
08214E15EDB50829494859610F0008
08215015EDB2082947485A610A000B
08215015EDB2082948485A610B0008
08214E15EDAE082948485A6103000B
08214C15EDAE082947485A6101000A
08214F15EDAB082947485B60FA0000
08215015EDA7082949485B60F20006
08215215EDA708294A485B60E20006
08215415EDAB082948485B60E70008
08215615EDAB08294B485B60DB0006
08215515EDAE08294B485B60CA0008
08215615EDB308294D485A60CB0008
08215415EDB208294C485A60C80014
08215215EDB208294E485A60CA0006
08215215EDB208294F485A60CF000B
08215015EDB208294F485A60D60009
08214E15EDB2082952485A60DD0006
08214D15EDB2082952485A60E50006
08214E15EDAE082953485A60E90008
08214F15EDB2082953485A60FC0005
08214F15EDAE082951485A60FD0008
08215015EDAE082950485A61050008
08215315EDAB082951485A60FA0008
08215415EDAE08294F485A60FA0004
08215A15EDA708294C485A60F90008
08215D15EDAB08294B485A60FC0007
08215F15EDA708294B485960F3000A
08216015EDA7082948485A60F70008
08216415EDA4082946485B60F4000A
08216715EDA4082946485B60FF000A
08216815EDA4082946485B60F40009
08216815EDA4082944485B60F40008
08216815EDA4082945485C60F20008
08216B15EDA4082945485C60F00004
08216D15EDA4082947485B60E10009
08216E15EDA1082945485B60E00002
08216E15EDA4082947485B60E60009
08216F15EDA7082945485B60E50006
08216F15EDA1082943485B60F70008
08217015EDA1082944485B60E90003
08216F15EDA1082944485B60F30006
08216F15EDA4082944485B60F40008
08216E15EDA7082942485A60F20006
08216F15EDA4082944485B60EE0009
08216F15EDAB082944485A60F20003
08216B15EDB2082946485B60FC000A
08216515EDCA082945485A60F90008
08215815EDE5082943485A60FA0007
08214115EDEF082943485A61030006
08212915EDEC082943485A60FC0008
08211915EDDE082942485960FA0008
08211815EDD4082945485960F60008
08212015EDC6082947485960F70008
08212B15EDC5082946485A60FD0002
08213715EDB908294648596103000C
08214115EDB9082948485A61020009
08214B15EDB508294A485A61050006
08215315EDB508294B485A60FA000C
08215515EDB508294B485A60F80004
08215515EDBC08294D485A60F60003
08215315EDC608294D485A61010006
08214F15EDCD08294D485960F90009
08214615EDD708294F485A60FC000C
08213C15EDDB08294E485A61010003
08213315EDD7082950485A61010008
08212F15EDD0082950485B60FD000E
08212E15EDC608294F485B61070003
08213315EDC508294F485C60FD0008
08213A15EDBF082951485C60F40008
08213E15EDB9082950485B6104000C
08214515EDB5082950485B60FC0001
08214B15EDAE082950485B60FC000B
08215015EDAE082950485B61050007
08215515EDAB082950485B60FF0007
08215815EDAB082950485B61070007
08215C15EDAB082951485B6106000B
08215E15EDA7082953485A61030004
08216315EDAB082952485B610E000C
08216515EDA7082952485B61010007
08216615EDAB082952485A6108000A
08216815EDA4082954485A61000003
08216815EDA8082952485A60FD0009
08216915EDA4082952485960F60009
08216815EDA4082952485A60F30006
08216715EDA4082951485A60ED0009
08216815EDA4082952485A60EE0003
08216715EDA4082951485A60F30004
08216815EDA4082950485B60EA0006
08216915EDA708294F485A60ED0006
08216A15EDA4082950485A60EB0009
08216915EDA408294F485A60F80008
08216915EDA4082950485A60F20007
08216815EDA408294F485B60F6000C
08216815EDA408294E485B60FF0005
08216715EDA408294C485A60FF000B
08216915EDA408294D485B61020001
08216715EDA108294B485B60FB000E
08216715EDA108294C485B61070004
08216815EDA408294C485C60FF000A
08216715EDA708294D485B60F70009
08216515EDA408294A485B60F70007
08216615EDA408294B485B60FA0006
08216615EDA4082949485B60F60009
08216715EDA408294A485B60FC0009
08216715EDA4082948485C60EF0006
08216815EDA4082948485C60F3000B
08216815EDA4082949485C60E50000
08216915EDAB082947485C60E8000D
08216715EDCD082947485C60DF000A
08215715EE09082946485B60E2000F
08213315EE5D082944485B60E7000B
0820EE15EEA8082947485B60EC0005
08209715EEE6082944485B60FB0006
08204215EF04082945485B60F00005
081FF515EEF3082944485B60F80009
081FCC15EEC3082946485B60FC0009
081FCB15EE89082945485B61090003
081FE815EE59082944485B60FF0008
08202015EE37082946485B610B0008
08205815EE18082946485B61010001
08209015EE04082946485A6112000E
0820BB15EDF6082946485A610B0006
0820DB15EDF6082947485A610E000B
0820EE15EE00082947485A610D0008
0820F515EE17082948485A610E0009
0820EB15EE3A082949485B6113000A
0820D315EE52082949485B6116000A
0820B415EE5D08294B485B61130004
08209815EE56082947485B61120008
08208815EE4C08294A485B610A0005
08208215EE4108294C485B610F000A
08208915EE3408294C485B60F9000B
08209315EE2608294D485B60F00005
0820A415EE1C08294C485B60FB0003
0820B515EE0B08294E485B60F2000A
0820C415EDFD08294F485B60F60004
0820D315EDF3082950485B60FC000C
0820E615EDEC082951485C60F5000D
0820F715EDE5082951485C60F00006
08210315EDDE082950485C60E90006
08211015EDD4082951485C60E80008
08211B15EDCD082952485C60EB0005
08212615EDC6082953485C60E50005
08213015EDC3082952485C60E90007
08213A15EDBF082954485D60E7000C
08213D15EDBC082953485D60EE0006
08214415EDB5082954485D60F40006
08214815EDB5082953485C60FD0007
08214E15EDB5082953485D60FA0005
08215215EDB2082952485D60FC0008
08215415EDB2082953485D60FF000F
08215915EDB2082953485C60FE0006
08215A15EDB2082954485D60FC0006
08215E15EDB3082954485C610B000A
08216115EDB2082955485C610A000A
08216315EDB2082955485D60FA0009
08216415EDB2082957485D610B000A
08216715EDAE082956485D60F6000A
08216915EDAE082957485D60F0000B
08216915EDB2082956485D60E6000C
08216C15EDAB082957485D60E30008
08216C15EDA7082956485D60DC0005
08216B15EDAB082954485D60DB0006
08216B15EDA7082956485D60D60009
08216A15EDAB082956485D60DA000C
08216B15EDA7082956485D60CB0009
08216D15EDAB082956485D60E30007
08217015EDAB082956485D60DC0008
08217115EDAE082956485D60D40006
08217515EDAE082956485C60D90006
08217815EDAE082954485D60D2000A
08217D15EDB2082959485D60E00000
08218215EDB5082959485C60F00000
08218815EDBC08295A485C60EB0007
08219215EDBC082959485B60EC0007
08219F15EDBF08295A485B60DF0008
0821AC15EDBF08295B485B60DE0008
0821B815EDC308295B485B60DE000A
0821C115EDC308295B485B60D30004
0821CC15EDBF08295D485B60D20009
0821D115EDBC08295B485B60D50004
0821D815EDBD08295C485B60CE000A
0821DD15EDBC08295B485B60C80003
0821E215EDB908295B485B60CC0007
0821E615EDB908295C485B60BF0001
0821EA15EDB908295A485B60AE000A
0821EC15EDB908295A485A60AA0003
0821F015EDBC08295A485A60BA0008
0821F215EDBC082957485B60B30000
0821F515EDBF082958485B60BD000B
0821FD15EDBC082958485C60B30006
08220215EDBF082958485B60B50008
08220915EDBC082955485C60B2000B
08220D15EDC3082956485C60A4000A
08221515EDBF082954485C60AB000A
08221C15EDC1082952485C60B10004
08222115EDBF082952485C60B4000C
08222715EDC3082952485C60AF0005
08222C15EDBF08294F485C60AB000C
08222E15EDBF082950485C60AC0008
08223315EDBC082951485C60AB0007
08223615EDBC082953485D60B2000B
08223915EDB908294F485D60B60006
08223915EDBC08294E485E60AF0006
08223815EDBC08294D485D60A90001
08223615EDBC08294E485E60B30008
08223815EDB9082950485D60AF000A
08223715EDB9082950485D60A80008
08223815EDB908294C485D60AF0008
08223815EDB608294E485D60AC000C
08223815EDB908294E485C60A60009
08223915EDB908294C485B609E0005
08223715EDB508294D485C609B000B
08223415EDB508294C485C6093000A
08223115EDB208294B485B6095000A
08223215EDB208294C485C6097000A
08222F15EDB208294C485B608A000B
08222D15EDB2082949485C60930005
08222C15EDAE08294C485B60910010
08222C15EDAB08294A485B6095000B
08222A15EDAB08294D485B6099000B
08222615EDAB08294A485B60930003
08222615EDAE082947485B6095000D
08222315EDAF082947485B60A0000B
08222215EDAB082948485B6097000E
08222015EDAB082948485B6095000C
08221F15EDAE082946485C60950003
08221B15EDB2082946485D609F0007
08221615EDB5082945485D609C0001
08221215EDB5082947485D60960008
08220C15EDB5082946485D609E0008
08220915EDB5082946485C60A70009
08220715EDB5082946485C60B8000C
08220715EDB5082945485C60B10008
08220715EDB2082946485D60B50003
08220B15EDB2082946485C60A60001
08220D15EDAE082944485C60A6000A
08220F15EDAF082948485C60AB0008
08221215EDAE082946485D60B30006
08221315EDAE082948485D60AB000B
08221415EDAE082946485D60A90005
08221215EDAE082948485C60AD0003
08221115EDB2082948485C60A90007
08221115EDB2082948485C60AA0000
08220E15EDB5082948485B60A70006
08220915EDB2082947485B60A10007
08220515EDB5082947485C60980006
08220315EDB5082949485C609E0008
08220315EDB508294A485C60910008
08220415EDB208294B485C608F0008
08220315EDB2082948485C6088000D
08220515EDB308294A485C608B0003
08220815EDB208294A485C60920006
08220915EDB208294C485C60930003
08220B15EDB508294A485C6089000E
08220F15EDB508294C485D609D0005
08221015EDB208294C485C6095000A
08221415EDB508294E485C60A1000C
08221815EDB908294F485C60A70006
08221E15EDB508294C485C60B30009
08222115EDB908294E485D60B30008
08222815EDB908294E485D60AF000C
08222B15EDB9082950485D60A90008
08223215EDB908294F485C60B20003
08223615EDB508294E485C609C0003
08223915EDBA082950485C60960005
08224015EDB908294F485C60970008
08224615EDB9082950485C60A5000A
08224915EDB9082950485D609C0008
08224C15EDB5082953485C609B0009
08225115EDB5082952485C60A50008
08225115EDB5082950485C609E000C
08225215EDB2082954485C609E0003
08225315EDB2082954485C6093000A
08225715EDB2082952485C608B000B
08225C15EDB2082953485C60820009
08226115EDAE082955485C608A0003
08226615EDAE082955485C60860002
08226B15EDAB082955485C60830008
08226E15EDAF082954485C607A000B
08227015EDAE082954485D60840007
08227315EDAB082953485C60850006
08227815EDAE082956485C6087000C
08227B15EDAE082956485C6089000C
08227D15EDAE082957485B60950006
08227E15EDAE082955485C608D0004
08228115EDAE082956485D60820003
08228215EDB2082954485D608D0009
08228515EDAE082954485D608D000A
08228715EDB2082954485D60970008
08228915EDB2082953485D60820006
08228815EDAE082953485D60970005
08228A15EDAE082953485D6091000B
08228C15EDAF082952485C60960008
08228D15EDAE082952485C608D000E
08228D15EDAE082952485C608A0000
08228E15EDAE082950485C60780008
08229115EDAB082950485C60700007
08229015EDAB082951485D6071000D
08229115EDAE08294F485D60680009
08229015EDAB08294D485D606A0008
08229315EDAB08294D485C6064000E
08229315EDAB08294A485B606A0008
08229315EDAB08294C485C606A0005
08229415EDAB08294B485C60680008
08229315EDAB082949485C606A0009
08229215EDAB082948485C60700007
08229315EDAB08294B485C606D0008
08229415EDAB082949485C6060000A
08229415EDAB082949485C606A0010
08229415EDAB082948485C6073000C
08229615EDAB082949485C60720003
08229615EDAB082949485C60760009
08229315EDAB08294A485C607A0008
08229415EDA7082948485D60730003
08229215EDAB082949485C60750005
08229315EDAB082949485D607C0003
08229215EDAB08294A485D6079000A
08229115EDAB082949485D607D000C
08228F15EDAB082947485D60800002
08228D15EDAB082949485D6081000A
08228A15EDAB082948485D607F0003
08228915EDAB082947485C607E0006
08228715EDAB082947485D6072000B
08228515EDAB082949485C60800005
08228415EDAB082947485D60750005
08228215EDAB082946485D607A000B
08228115EDAB082947485D60860008
08228215EDAB082948485D607A0003
08228415EDAB082947485D60820008
08228415EDAB082947485D6081000A
08228315EDA7082946485D60860004
08228415EDAB082946485D607B0000
08228715EDAB082946485D60890009
08228815EDAB082947485D6081000A
08228815EDAB082946485D607E0008
08228915EDA8082948485D60810006
08228915EDA7082946485D60800006
08228A15EDAB082946485D60800006
08228A15EDAB082946485D60820006
08228B15EDAB082946485D607F0006
08228A15EDAB082944485D607E0000
08228915EDA7082945485D6088000C
08228A15EDAB082945485D607F0008
08228A15EDAB082945485D60890005
08228915EDA7082945485D6086000A
08228915EDAB082946485C60880008
08228A15EDA7082945485C608E0006
08228815EDAB082946485C6087000C
08228915EDAB082948485C6084000B
08228A15EDAB08294A485C607D0001
08228D15EDA7082948485C607E0006
08228D15EDAB082949485C60790008
08229015EDAB08294A485C6071000A
08229015EDAB08294A485C60770002
08229315EDA708294A485C60780005
08229215EDA708294B485C60700009
08229115EDAB082948485D60810006
08229015EDA7082948485D607E000B
08229215EDAB082948485C60800006
08229115EDA7082945485D60820008
08229015EDA7082944485D607E000B
08229115EDA7082942485E6077000A
08228F15EDA4082942485E6073000A
08228E15EDA808293F485E607D000B
08229015EDA708293E485E60730006
08229115EDA408293D485D60730006
08229215EDA708293C485D607D0004
08229415EDA408293D485D607F0006
08229715EDA408293C485C608C0006
08229815EDA708293E485C607C0008
08229A15EDA408293C485C60800001
08229C15EDA708293E485C607C000B
08229C15EDA708293D485C60760003
08229C15EDA408293D485C60790006
08229D15EDA408293F485C60770008
08229E15EDA408293B485C60710006
0822A015EDA408293E485C6079000E
0822A115EDA808293F485B60720004
08229D15EDA7082940485C6071000B
08229B15EDA708293F485C60680007
08229A15EDA708293E485C60680009
08229C15EDA708293F485C605E0004
08229915EDA7082942485D6066000B
08229715EDA708293F485D60660002
08229615EDA7082941485D606F0006
08229415EDA7082940485D60720009
08229515EDA7082945485D60660006
08229315EDA7082945485D6067000B
08229415EDA7082946485D606F0007
08229515EDA7082946485D605E000A
08229615EDA708294A485D605C000E
08229915EDA408294A485D60680003
08229A15EDA708294B485D6065000A
08229A15EDA708294A485D60600006
08229B15EDA708294A485D606C0003
08229B15EDAB08294B485D606B0008
08229B15EDA708294C485D60680003
08229C15EDA708294A485D60730003
08229C15EDA708294A485D606D0008
08229E15EDA708294B485D60790008
08229B15EDA708294A485D60790006
08229C15EDA708294B485D60770003
08229D15EDA7082949485D60760007
08229D15EDA708294A485D6086000C
08229D15EDA708294C485D606C000E
08229D15EDA408294B485C607A0003
08229E15EDA708294C485D607C0008
08229E15EDA708294C485D607B0007
08229F15EDA708294E485D60820006
0822A015EDA7082950485D607B0008
0822A115EDA708294F485D6097000B
0822A315EDA7082950485D6084000A
0822A515EDA7082951485D6082000B
0822A615EDA7082951485D60770006
0822A515EDA7082954485E607A000B
0822A715EDA7082953485E60770007
0822A615EDA4082951485E60720006
0822A715EDA7082951485E60710008
0822A615EDA708294F485E606B000B
0822A515EDA8082952485E60690007
0822A315EDA7082952485E606F000A
0822A315EDA7082951485F6073000A
0822A415EDA4082950485E60770001
0822A215EDA7082952485F60790005
0822A315EDA4082951485E607E000A
0822A415EDA408294E485E607C000B
0822A215EDA4082951485E60800007
0822A215EDA7082951485E6080000E
0822A215EDA7082950485E6080000B
0822A415EDA408294F485F60810006
0822A415EDA408294C485E608F0004
0822A615EDA708294D485E608A0008
0822A615EDA708294B485E60950009
0822A515EDA408294C485E60930007
0822A815EDA708294C485E60970009
0822AA15EDA7082948485E6092000B
0822A915EDA7082948485E608B0009
0822A615EDA7082948485D60830008
0822A915EDA4082948485D60760008
0822A915EDA4082946485D606C000E
0822AA15EDA7082947485D606D0005
0822AA15EDA4082946485C606B0007
0822AB15EDA7082944485D60640008
0822AC15EDA7082945485D60620004
0822AC15EDA4082946485D605C0008
0822AA15EDA4082944485D6057000B
0822A915EDA7082947485C6064000A
0822A915EDA4082947485D6062000A
0822A815EDA7082947485C60660003
0822A915EDA4082947485B60600006
0822A815EDA7082947485C607B0003
0822A715EDA7082947485C607E0006
0822A715EDA7082949485C60760007
0822A715EDA408294A485C606F0003
0822A715EDA7082946485C60770004
0822A615EDA7082949485C607E0006
0822A615EDA7082949485D60790005
0822A915EDAB08294B485D60780004
0822A515EDAB08294A485D60770008
0822A315EDAB08294B485C607E0009
0822A115EDAB08294B485D6073000A
0822A015EDA808294C485D607C000A
08229F15EDA708294D485D607B0004
0822A215EDAB08294D485E60750000
0822A315EDA708294E485E60680008
0822A215EDA708294E485E60670008
0822A315EDAB08294E485E60600007
0822A615EDAB082951485E605E0005
0822A515EDAB08294F485E60580001
0822A515EDAB08294E485E60510008
0822A715EDA708294D485E6054000E
0822A815EDA7082950485E605A0008
0822A515EDAB08294E485E605E000E
0822A815EDA408294E485E605F0006
0822A915EDA708294F485E606F0010
0822A815EDA808294D485E606B0006
0822A815EDA708294F485D607E0004
0822A815EDA708294C485D60770006
0822A915EDA708294E485C6081000C
0822AB15EDA708294E485C607B0007
0822AB15EDA708294C485C6072000A
0822AB15EDA708294E485C60850006
0822AD15EDA408294C485D608F0008
0822AF15EDA708294D485D60850009
0822AF15EDA708294C485D6082000B
0822B215EDA708294C485D6080000E
0822B515EDAB08294A485D60700008
0822B815EDA708294B485D60790000
0822BC15EDAB08294A485D6075000C
0822BF15EDAB08294B485E60770008
0822C115EDAB08294C485D606A0009
0822C215EDA408294A485D60740006
0822BF15EDA708294A485D60740009
0822BE15EDA7082948485D60740008
0822BB15EDA4082946485D60780005
0822B915EDA4082948485D6071000C
0822B415EDA7082949485E60750007
0822B615EDA4082948485D60730006
0822B515EDA4082949485D60770008
0822B515EDA4082949485D60720006
0822B215EDA7082948485E606D0007
0822B215EDA4082948485D606C000A
0822B115EDA4082949485D605C0008
0822B115EDA4082948485D605C0000
0822B015EDA708294A485E6068000C
0822B015EDA4082947485D60620009
0822AF15EDA4082949485D606D000A
0822AE15EDA4082947485E6062000A
0822AE15EDA4082948485E60650008
0822AD15EDA7082946485E60600003
0822AD15EDA4082946485F605A000B
0822AD15EDA4082947485E605A0008
0822AC15EDA7082947485E605C0007
0822AD15EDA4082945485E60660005
0822AB15EDA4082946485E60660006
0822AB15EDA7082944485F606A0006
0822AB15EDA7082946485E60700007
0822AA15EDA8082946485E60680009
0822AA15EDA7082947485E60690007
0822AB15EDA7082946485E606B0000
0822AA15EDA7082948485E6079000E
0822A915EDA4082947485F6074000C
0822AB15EDA4082947485E60730007
0822AD15EDA7082945485E607B0006
0822AD15EDA4082946485F60780004
0822AE15EDA4082945485F60790005
0822AE15EDA7082945485F60760008
0822AE15EDA7082943485F60890008
0822AC15EDA4082945486060800007
0822AC15EDA108294548606086000A
0822AD15EDA70829444860608B0009
0822AE15EDA4082944486060860011
0822AB15EDA7082944486060820007
0822AD15EDA408294548606080000E
0822AF15EDA70829434860607C0004
0822AC15EDA7082943486160760007
0822AF15EDA40829434861607C000A
0822AD15EDA7082944486160710007
0822AE15EDA40829444861606A0002
0822AE15EDA708294548626068000C
0822AF15EDA40829464861606D000C
0822AE15EDA40829474861606F0009
0822AD15EDA70829464861607A0006
0822AE15EDA70829474861607C000B
0822AF15EDA408294A486060790006
0822AE15EDA808294A486060820007
0822AC15EDA408294B4860607D0006
0822AD15EDA7082949486060730007
0822AB15EDA408294B48606076000B
0822AD15EDA408294C486160770006
0822AB15EDA408294B486060790008
0822AB15EDA708294C486060770008
0822AC15EDA408294C486060740005
0822AD15EDA408294C4860607E0004
0822AC15EDA708294D486060790003
0822AC15EDA408294D485F607A0005
0822AB15EDA408294E48606075000B
0822AE15EDA7082950486060790006
0822AD15EDA7082950485F607E0007
0822AE15EDA4082952486060810004
0822AE15EDA4082951486060860001
0822B015EDAB082951486060840007
0822B115EDA70829544860608B0004
0822B315EDAB082955486060870008
0822B615EDAB082955485F608C0008
0822B515EDAB0829534860608D000A
0822B815EDAB082955485F60910005
0822B915EDA7082955485F60860009
0822BA15EDAB0829534860608F0006
0822BB15EDAB082954486060830004
0822BC15EDA708295548606080000A
0822B915EDA70829564860607C000D
0822BB15EDAB0829554860607C0003
0822BC15EDA80829544860607C0005
0822BD15EDAB082955486160730000
0822BD15EDA70829554861607F0008
0822BC15EDA7082955486160770003
0822BF15EDAB08295448616079000C
0822C215EDAB082956486160750008
0822C315EDAB0829544862607C0001
0822C515EDAB0829554862607D000C
0822C715EDAB0829564862607F0001
0822C915EDAB082955486360850007
0822CC15EDAB0829564863607D0009
0822CC15EDAB0829564863607E0010
0822CE15EDAB08295648636082000E
0822CF15EDAB0829554863606F0007
0822CE15EDAB082956486360730008
0822D015EDAB0829544862606A000E
0822D015EDA7082955486260690008
0822D015EDA708295448626060000A
0822D115EDAB082955486260610007
0822D015EDA70829544862606A0008
0822D015EDAB0829514862607B0005
0822D115EDA7082952486260690003
0822CF15EDA70829534862606C0007
0822D015EDAB08295148626076000A
0822D115EDA7082952486160680006
0822D115EDA708295348616071000A
0822D415EDA70829524860607C0007
0822D515EDA7082952486060700008
0822D415EDAB0829524860607C0010
0822D315EDAE082952486060720005
0822D215EDAB082951485F6074000B
0822D015EDAB082951486060600001
0822D115EDAB082951486060700008
0822D215EDAB082951486060660004
0822D215EDAB082950486060680006
0822D115EDAB08294F48606068000A
0822D115EDAB08294E4860606B000E
0822CF15EDA708294C4860606A000C
0822D115EDA708294D485F605B0008
0822D115EDAB08294D485F60680005
0822D015EDAB08294C48606068000A
0822D315EDA708294A4860606B0004
0822D415EDA808294C4860606C0009
0822D115EDAE08294A4861606A0008
0822D015EDAE082946486160750003
0822CE15EDB20829444861606D0009
0822CB15EDB2082944486260630004
0822C715EDB208294348626064000E
0822C515EDAE0829414863605D0005
0822C715EDAB08293F486360550003
0822C615EDAB08293C4863605B0000
0822C915EDAB08293A486360510006
0822C915EDAB08293848636058000C
0822CB15EDAB08293848626053000E
0822CC15EDA7082937486360600008
0822CC15EDA70829384863605D0009
0822CE15EDAB082935486360550008
0822D015EDAB082936486360600002
0822D015EDAB082937486360620008
0822CF15EDAB0829384863605E0006
0822CD15EDB2082939486360610008
0822CD15EDAE082938486260640001
0822CA15EDAE08293B4862605D0001
0822CA15EDAE08293C4862605C0005
0822C915EDAE08293C486260660000
0822C915EDAB08293F4861606E0009
0822C715EDAE082940486160750008
0822C515EDAE0829434861606B0009
0822C415EDAB08294248616072000B
0822C015EDB20829434861606A0007
0822BD15EDB5082944486260750009
0822B815EDB3082944486260680003
0822B415EDB50829464862606C000B
0822AF15EDB9082947486160660006
0822AC15EDB50829484861606B0006
0822AB15EDB5082949486160770008
0822AA15EDB508294B4860607F0006
0822AC15EDB208294E4861607A000E
0822AE15EDB208294D486160780004
0822B115EDAE0829504860607E000A
0822B315EDAE082951486060770006
0822B515EDAB08295148606079000F
0822B615EDAB082951486060770006
0822B815EDAE082953486060750004
0822B915EDA70829534860607A000A
0822BC15EDA80829554860607E0006
0822BB15EDA7082956486060760006
0822BD15EDAB0829544860607C0005
0822BE15EDAB082954486060850003
0822BF15EDA7082953486060850002
0822C015EDA70829534860608B000A
0822C115EDAB082951486060820006
0822C315EDAB08294F48616083000A
0822C415EDAB08295048606076000F
0822C515EDAB08294E486060740006
0822C715EDA708294E486060660007
0822C815EDAB08294A486060680002
0822CB15EDAB08294C486060620006
0822CC15EDAB08294848616068000C
0822CE15EDA80829454861605F0004
0822D115EDA4082943486160670006
0822D115EDA708294048616065000E
0822D115EDA708293D4861605E0003
0822D615EDA708293D4861605B0006
0822D915EDAB08293B486160570004
0822DA15EDA4082939486260520007
0822DC15EDA7082938486260550001
0822DC15EDA40829364862605B0006
0822E115EDA408293448616054000B
0822E315EDA40829354862604E000B
0822E515EDA70829314863604E0005
0822E415EDA4082932486260530004
0822E315EDA4082930486360500006
0822E115EDA1082930486360530008
0822DD15EDA708292E48636051000A
0822DA15EDAB08292E4863604A000A
0822D715EDAB08292E4863603D000B
0822D215EDB208292D486360420003
0822CC15EDB508292F4863603C0006
0822C615EDBF08292F4863603A000A
0822BC15EDD408292F486360460009
0822AD15EDF308292F486360450007
08229715EE0E082933486360510004
08227815EE30082931486360510008
08225215EE59082932486360510006
08222915EE860829354863604E0005
0821F815EEC008293448636050000C
0821BC15EF050829364863604D0006
08216C15EF68082936486360540003
08210F15EFBA0829374863605D0006
0820A015EFFE08293A4863606B0006
08203215F02B08293A486260680002
081FD515F04908293C486360780005
081F8D15F05408293C48636080000A
081F6015F04D08293B48636083000C
081F4815F03108293D486360890006
081F4615EFFE08293E4863608B0004
081F5C15EFB608293E4862608F0009
081F9115EF6B08293D4863609A000A
081FDE15EF2708293F4862608F0007
08203715EEEC08293E486260910007
08209015EEB908293E4862608B0006
0820E315EE9008293E4862607B0008
08212A15EE7508293F4862607E0009
08216515EE52082940486260770007
08219B15EE3708293D4862606F0006
0821CA15EE1F08293E48626073000F
0821F215EE0B08294048636061000B
08221015EE000829404863606A0006
08222B15EDF3082940486360650009
08224015EDE80829434863606B0007
08225215EDE2082941486360660006
08226115EDDB082943486260750008
08226E15EDD4082944486260790005
08227A15EDD008294348626074000A
08228415EDD0082946486360770006
08228A15EDCA0829464863607F000A
08229115EDCC082949486360730003
08229215EDC30829494863606F000C
08229715EDC30829494862606A000A
08229C15EDC308294A48636060000B
08229F15EDBF08294A486260600008
0822A015EDBC08294C4862605E000A
0822A315EDBC08294D48636055000C
0822A415EDBC08294F4862605E0005
0822A715EDBC08294F486260620005
0822A815EDBC0829514862605B000A
0822A815EDBC08295248626063000A
0822AA15EDB908295148626064000A
0822AC15EDB9082953486360640008
0822AF15EDB90829544863606D000A
0822AF15EDB6082956486260680007
0822B015EDBC082957486360730007
0822B315EDB90829594863606D000D
0822B215EDB9082959486360730006
0822B215EDB908295A4864606D0001
0822B215EDBC08295B4864606D000A
0822B415EDBC08295D4864606C000C
0822B415EDBF08295D4864606A0008
0822B515EDBF08295F48646071000D
0822B615EDC308295F486460700008
0822B515EDBF0829604864607F000A
0822B615EDC6082962486460760001
0822B815EDC6082963486460790006
0822B715EDC30829634864606E000E
0822BA15EDC6082963486460760004
0822BA15EDC6082965486360710006
0822BC15EDA4082966486460730003
0822BE15EDC3082965486360750006
0822BE15EDC3082966486360740005
0822BF15EDC3082966486360730003
0822C215EDBF0829684863606A0005
0822C315EDC30829664863606A000B
0822C815EDBD082967486460650004
0822CD15EDBC082967486360680006
0822D215EDB908296748636068000C
0822D815EDB908296648636069000A
0822DA15EDB5082966486460660002
0822DF15EDB5082966486460660004
0822E315EDB5082963486460660006
0822E515EDB508296348646064000C
0822E715EDB5082964486460640009
0822EA15EDB508296248646062000A
0822EA15EDB2082963486460650008
0822EC15EDB2082961486360680005
0822EF15EDAE08295F486360660003
0822F115EDB208295F486360600006
0822F015EDAF08295C4863605D0005
0822F015EDAE08295A486360650005
0822F215EDAE08295A486160600005
0822F415EDAE08295B486260590006
0822F315EDAE082958486160530003
0822F415EDAE082959486160660003
0822F315EDAE0829584861605B000A
0822F415EDAB082956486160660008
0822F415EDAB082958486260700004
0822F415EDAB082954486260640006
0822F615EDAB0829554862606A0006
0822F715EDA70829554862605E0007
0822F715EDA7082954486260600009
0822F815EDAB0829534863605C000C
0822F715EDAB0829534863605B0007
0822F515EDAE08295448646058000A
0822F215EDB90829514863605B0008
0822EE15EDC30829524863605B0006
0822E415EDD4082950486460600003
0822D315EDDE08295148646062000B
0822C315EDE808295248646062000A
0822B015EDF308295148646070000A
0822A215EE040829514864606A000B
08229615EE0E082950486460630009
08228315EE1F0829514864606F0009
08227015EE2D08295348646075000F
08225D15EE370829554864607B0008
08224B15EE3A08295348646069000C
08223C15EE3F082955486460730009
08223115EE41082953486460700008
08222B15EE4108295548646071000C
08222715EE3E0829564863606F0009
08222515EE3A0829544863606D0008
08222715EE340829564864606C0005
08222A15EE300829574864606B0008
08223015EE290829554864605F0007
08223615EE26082956486360620009
08223D15EE2308295B486460680001
08224415EE1F08295A486360630006
08224915EE1808295A48646065000C
08224F15EE1508295B4864606B000A
08225615EE1108295C486360600006
08225C15EE1108295C486360570004
08226015EE0D08295C4864604F0003
08226415EE0B08295E4864605C0005
08226815EE0708295F48646044000D
08226B15EE04082960486460530006
08227215EDFD082961486460540009
08227915EDF6082960486460520001
08227F15EDEF08296448646045000C
08228B15EDE508296148646053000C
08229615EDDE082964486460420003
0822A215EDD7082963486460440009
0822AD15EDD40829644864603F0002
0822B615EDD0082966486460460006
0822BE15EDCD0829674864603D0006
0822C515EDCD082967486460430004
0822C915EDC8082968486460500010
0822CC15EDC608296A486460510006
0822CF15EDC608296A4864604D0008
0822D315EDC608296D486460570009
0822D415EDC608296C4864605D0009
0822D815EDC308296E4865605D0008
0822DB15EDBF08296E486560640008
0822DC15EDC308296E48666063000C
0822DF15EDBF082971486660600004
0822E315EDBC082971486660660002
0822E615EDBC08297248666061000C
0822E715EDB9082971486660600006
0822E815EDB90829724866605C0005
0822E915EDB90829704867605E000D
0822EA15EDBA0829724867606F0006
0822EB15EDB90829714866606B0008
0822ED15EDB50829724867606C0000
0822EB15EDB5082970486760640003
0822EC15EDB50829704867606A0009
0822ED15EDCA08296F486660690007
0822E615EE0408296D486660660007
0822C715EE5208296D486560590008
08228D15EE6A08296C486560610000
08224615EE5608296C4864606F0003
08222715EE3408296C48646067000E
08222915EE1508296A4864605F000E
08224115EE000829694865605F000C
08226215EDEF0829684865606A0009
08227F15EDDE082968486560620002
08229915EDD70829684864606D0006
0822AE15EDD4082966486460660006
0822BF15EDCD08296448646070000A
0822C915EDCD0829654864606D0005
0822D015EDD7082964486460740009
0822CD15EDFD0829644864606F000A
0822B815EE2D08296248646068000A
08229515EE5608296248646070000B
08226515EE6A082961486560730008
08223715EE6E08295E486560740000
08221715EE5908295F4865606D0005
08220E15EE4C08295E486560680005
08221415EE3E08295E486560660004
08222015EE3008295D4865606A0006
08222E15EE2208295E48646060000B
08223F15EE0E08295F48636067000C
08225415EE0008295B48636065000A
08226915EDF608295A486360620003
08227C15EDF308295C486360620006
08228B15EDEF08295C486360600004
08229115EDF608295D486360610006
08229215EDF908295A486460590008
08228F15EDFD08295B4864604D0001
08228B15EE0008295B486460530009
08228815EE0008295B486360480001
08228615EDFD08295A4864604E0008
08228B15EDF908295A486460490006
08229215EDFD0829584865604A0002
08229815EE05082959486560470004
08229B15EE1508295748656055000D
0822A715EE1508295748656050000B
0822C615EE1C0829584865604A0001
0822F015EE29082957486660460003
08231015EE3E082957486760410005
08231D15EE520829564867603B000C
08231215EE60082959486760410006
08230215EE6E082959486760430008
0822EF15EE710829574866604B0008
0822E215EE7508295848666044000B
0822DB15EE7B082956486760340006
0822D815EE82082956486760410006
0822DC15EE9A082957486760310008
0822DE15EEC00829564866602F0005
0822D115EEF308295748666019000A
0822B315EF1C082956486760170006
08228C15EF310829564866601F000A
08226715EF31082958486760220008
08224D15EF200829574867601D000A
08224515EF0B0829574866601D000D
08224515EEF30829574866601B000A
08224A15EEDF082956486560140006
08225315EEC308295648666024000B
08225E15EEB208295648656011000B
08227015EE9A082956486660100006
08228315EE860829554865600C000A
08229915EE710829564865600B0003
0822AE15EE6008295448655FFD0004
0822C215EE5208295548655FE70009
0822D515EE4308295248655FF70003
0822E915EE3A08295248655FED0006
0822FF15EE3008295348645FEA0006
08232215EE2908295048645FE2000A
08234015EE2308294F48645FF00008
08235215EE1F08294D48655FEA0000
08235D15EE1508294A48655FF2000A
08235C15EE0E08294A48655FDF0001
08235315EE0408294848665FE60009
08234715EE0008294248655FF40007
08233915EE0008294248665FEE0008
08232E15EDFD08293F48665FFC0003
08232115EDFD08293B48665FF6000A
08231515EDFD082938486560060008
08230C15EDFB08293548646010000C
08230215EDF908293248646008000E
0822F815EDF90829304865600A0005
0822F415EDF608292B4865600F0006
0822EC15EDF308292748656018000C
0822E615EDF3082924486560130008
0822E015EDEF08291F4864601B000C
0822DB15EDEF08291A48646019000A
0822D715EDEC0829174864601B0001
0822D515EDEC082913486460230007
0822D315EDE508290F486460280006
0822D215EDE508290A486460360006
0822D215EDDE0829054864602F000A
0822D415EDDB082903486360380006
0822D615EDDA0829004863603D0008
0822D915EDDE0828FC486360380007
0822D815EDE50828FA486460390003
0822D815EDE80828F74864603F0008
0822D315EDF90828F34864603B0008
0822C915EE150828F0486360390004
0822B615EE4C0828EE486360350000
08229515EE970828EA4863603C000A
08225B15EED80828EA4864603F0003
08221215EF0F0828E74863603E000E
0821C315EF310828E5486360370007
08217B15EF450828E34863603E0007
08214215EF500828DF4863603E0006
08212315EF560828E0486360350003
08210D15EF530828DE4864603B000A
08210415EF460828DC486460450006
08210315EF380828DA48646046000A
08210E15EF200828D84865603B000A
08212415EF0F0828D74865603A000B
08213B15EF080828D5486460330006
08214C15EF0F0828D44864602A000C
08215615EF150828D14865602E0003
08215615EF2A0828CF4865602E0007
08214715EF340828CF48656021000A
08213215EF2A0828CE48656021000B
08212115EF1C0828CF4865602A0008
08211E15EF120828CE48656021000C
08212615EF0B0828CD4865602C0009
08213315EF080828CF4865602B0008
08213A15EF040828CD486460230007
08213F15EF010828CF486460140008
08213D15EF010828D1486460170003
08213515EEF70828D24864601C0008
08212E15EEDF0828D44864601D0006
08212F15EEE20828D6486460220008
08212E15EF150828D6486460280007
08211715EF5D0828DA486460310003
0820E215EFA90828DB486460470009
08209015EFEA0828DC486460420008
08203215F0130828DF4864604B0008
081FDF15F02E0828E1486460550007
081F9915F03F0828E24864605F0007
081F6A15F0310828E34864606A000A
081F5015F0080828E64864606A0003
081F5215EFD80828EB486460680006
081F7115EFAC0828EA486460640006
081F9F15EF8A0828EB48646063000C
081FCD15EF6B0828F14864605C0006
081FF815EF420828F04864606E0000
08202215EF0F0828F24864605B0007
08205115EED40828F348646059000A
08209015EEA10828F648646068000A
0820D115EE6E0828F748646062000A
08211115EE480828F8486460690005
08214A15EE300828F94863606C0008
08217D15EE1C0828FA486360710009
0821A415EE0E0828FB4864606D0002
0821C815EDFD0828FC48646072000A
0821E715EDEF0828FF4864607E0008
08220515EDE80828FF486460750006
08221D15EDE50829014864607D0003
08223315EDE508290248646086000C
08224715EDE2082901486560800008
08225715EDDE082903486560800007
08226A15EDDB0829044865607B0006
08227715EDD70829034866608C0003
08228115EDCD08290348656083000C
08228815EDC60828FF486560800008
08228D15EDBF0828FF48656095000A
08229215EDBC0828FF48656082000C
08229415EDB90828FD486560870003
08229615EDB50828FD486560870007
08229615EDB50828FA486560850004
08229915EDB50828F9486560880005
08229C15EDB20828F7486460890006
08229E15EDAF0828F64864608C0008
0822A015EDAE0828F14864608E0000
0822A215EDAB0828F0486360830005
0822A315EDAB0828EF4863607D0005
0822A215EDA70828EB486360930002
0822A515EDA70828E9486260910004
0822A215EDA40828E44862608D0006
0822A315EDA40828E348626093000E
0822A515EDA40828DE486260900008
0822A515EDA40828DC4861609B0003
0822A515EDA10828DA486160960008
0822A315EDA10828D64861609C000A
0822A515EDA10828D54861609B000B
0822A415EDA10828D148616097000C
0822A515ED9D0828CF48616097000A
0822A715EDA10828CD48616090000A
0822A515EDA10828CA486260880008
0822A515EDA10828CA4862608A000D
0822A115EDA70828C84862608D0004
08229C15EDAE0828C54862608F0004
08229715EDBF0828C3486360830003
08228A15EDE50828C0486360840008
08227015EE0E0828C0486360870006
08224B15EE3E0828C048636089000E
08221415EE6A0828BE486360850010
0821D615EE8D0828BD4864607F000E
08219A15EEA80828BB486460780005
08216815EEB90828B9486460850011
08213E15EEB90828BA4864608D0005
08212615EEB90828B74864608E0003
08211915EEB90828B7486460920008
08211015EEB90828B74863608C0008
08210C15EEB60828B6486360810007
08210A15EEB20828B4486360950008
08210B15EEAF0828B34863608F0007
08210D15EEA10828B24863608D0003
08211015EE890828AF4863609A0008
08211E15EE6E0828AF486360870007
08213415EE480828AF48626095000A
08214C15EE2D0828AC486360900006
08216315EE1C0828AA486360900008
08217715EE0E0828AA486360950006
08218515EE000828A94862608D000A
08218B15EDF30828A948636088000C
08219115EDE80828A748636085000B
08219715EDD70828A64863608D0006
08219A15EDCD0828A54864607E000A
08219B15EDC30828A648646081000A
08219D15EDAB0828A3486460840005
08219D15EDAB0828A34864608B000B
08219D15EDA40828A3486560850009
0821A015ED9D0828A1486560920006
08219F15ED9D0828A34864609A0007
08219F15EDA40828A0486460A70008
08219A15EDAB0828A2486460A80008
08219015EDB20828A1486460AD000A
08218615EDCA0828A0486460B20008
08217815EDF00828A1486460C10008
08215A15EE110828A0486560C2000E
08212F15EE1108289F486460C0000A
08210E15EE070828A0486460CF000A
0820FE15EE0008289E486460D0000C
0820F815EDFD0828A0486360D3000D
0820FB15EDFD08289F486360D7000A
0820FF15EE070828A0486460DB000A
0820FE15EE1508289F486460CD000B
0820F815EE1F08289F486360D10004
0820EA15EE3008289E486460D1000A
0820DA15EE3A08289F486460D6000C
0820C515EE3708289D486460DC000A
0820B815EE2308289D486460E00005
0820BA15EE0508289C486460ED0003
0820CA15EDEC08289C486460DE000C
0820E315EDD408289D486460ED0008
0820FF15EDC608289D486360F10001
08211B15EDB5082899486360E3000B
08212F15EDAE08289A486360E30006
08214215EDA4082898486360EC000A
08214E15EDA1082899486360F30000
08215A15ED9A082895486360F0000B
08216215ED96082894486460FE000B
08216715ED93082893486360FA000B
08216D15ED8F082892486461020006
08217215ED8F08288F486460FA000A
08217515ED8F08288D48636103000A
08217815ED8B08288A486460F80009
08217B15ED8C082887486360EE0008
08217D15ED8C082883486360F0000A
08217D15ED8C082880486460ED000A
08218015ED8908287E486360F50006
08218315ED8508287A486360F00008
08218415ED85082879486460E40008
08218515ED85082873486360F10001
08218415ED8208286F486460EC0006
08218615ED8208286B486360FA000B
08218615ED82082867486360F50008
08218715ED82082867486360F20009
08218515ED7E082863486361010008
08218515ED8208285F486360F70005
08218415ED7D08285F486361010009
08218215ED7B08285A486460EE0007
08218315ED7E082858486360ED000C
08218015ED78082853486460E90003
08217E15ED7B082850486460DF000A
08217D15ED7B08284F486460D10008
08217D15ED7808284C486460D30003
08217B15ED74082848486460D40004
08217915ED7E082844486460D30004
08217615ED7E08283F486460CF0002
08217415ED8208283C486360DE000A
08217115ED89082838486460E00003
08216D15ED89082834486360E10001
08216A15ED8F082830486360EC000E
08216615ED9608282D486460F40010
08215F15ED9A082828486360ED0006
08215B15EDA1082824486360F7000D
08215415EDA4082822486360F3000A
08214D15EDA408281A486360FB000A
08214715EDA7082818486261000008
08214115EDA4082811486361070008
08213F15EDA1082810486360FF0008
08214015EDA108280B48636103000A
08214115EDA1082807486361010007
08214215ED9D082803486361040008
08214315ED9A082800486460FD000A
08214715ED9A0827F9486360FA0008
08214915ED930827F7486460FC000E
08214C15ED8F0827F4486461010009
08214F15ED8C0827F1486461020006
08215215ED890827EA48646102000A
08215415ED820827E7486461030008
08215715ED7E0827E2486460FD0008
08215615ED7B0827DD48646106000A
08215615ED740827DA486461040003
08215715ED780827D64864610A0005
08215915ED740827D04863610B0008
08215715ED740827CC486361110003
08215615ED780827C54864610F0008
08215515ED740827C2486361100007
08215315ED740827BB486361100009
08215215ED740827B84863611F0007
08215115ED720827B3486461190009
08214E15ED6D0827AB4864611D0008
08214E15ED710827A7486461060008
08214B15ED710827A3486461100006
08214915ED6D08279B48646105000B
08214515ED7108279B486460FB000E
08214115ED6D082795486460FB0005
08213C15ED6A08278D486460FF0008
08213715ED6D082788486460FB0009
08213215ED71082784486460FE000A
08212C15ED7108278048646101000C
08212815ED7808277B486560F50007
08212615ED7B08277548656101000A
08212015ED7E082770486561020008
08211B15ED8008276A48656101000D
08211615ED82082766486561030000
08211015ED7B08275F48646107000C
08210E15ED7B08275C4864610B000A
08210915ED7B08275648646102000C
08210215ED8208274E486461100003
0820F915ED8C08274A486461120008
0820F015ED9A0827444864610C0003
0820E215EDB208273F4864610F0008
0820CE15EDC308273A48636114000E
0820B415EDD70827334863611F0008
08209615EDEC08272F486361250001
08207415EDF608272C48636122000C
08205B15EE0E082726486361250008
08203815EE260827214862611F0007
08201015EE3A08271C4862612C0006
081FEA15EE4508271948636129000B
081FC715EE410827134863612F0001
081FB215EE3408270D486461360008
081FA715EE1508270A486461390003
081FAF15EDEF082705486461420007
081FC215EDCD082701486461480001
081FDF15EDB20826FB4864614E0006
081FF815ED9A0826F748646141000E
08200A15ED850826F14864613D0006
08201815ED710826EC486461470008
08201D15ED600826E7486461390001
08201F15ED4F0826E3486561450004
08201F15ED3C0826DF4864613F0001
08201C15ED2C0826D848656141000F
08201715ED1B0826D448646151000D
08201115ED0E0826CE4864614C0009
08200815ED000826CB486461550008
081FFE15ECEF0826C74863616D000C
081FF115ECE50826BF486461500003
081FE215ECDA0826BC4863614C0006
081FD515ECD00826B6486361490006
081FC415ECCD0826B24863617A0005
081FBB15ECC60826AD486361790006
081FB015ECC20826A9486361690006
081FA615ECBF0826A64864618C0002
081F9C15ECBF0826A1486361A90008
081F9015ECC108269A486461AA000C
081F8615ECC6082694486461BD000B
081F7B15ECC9082692486461C00002
081F7115ECC608268D486461C40007
081F6815ECC6082689486461D4000E
081F5F15ECC2082683486461DC0000
081F5215ECBF08267E486461DA000A
081F4315ECB508267B486461E4000A
081F3215ECAE082676486461F10011
081F1B15ECAA082671486461F8000A
081F0015ECA008266C486462050008
081EE015ECA408266648656208000A
081EC315ECA70826634865620D0006
081EA815ECA808265E4865621A0003
081E9115ECA008265A4864621A0003
081E7A15EC99082655486462290006
081E5E15EC8F082652486462340004
081E3E15EC8C08264C4864624C0000
081E2615EC85082649486462470009
081E1415EC81082644486462500004
081E0615EC7E08263E48656259000F
081DFC15EC8108263B486562630008
081DF615EC81082634486562640003
081DEE15EC7E0826314865626D000D
081DE515EC7B08262B48656263000C
081DDA15EC7B08262748656274000A
081DD415EC7D082623486562760004
081DD015EC7E08262148656281000A
081DCB15EC7B08261B4864628D0006
081DC515EC7E082615486562900005
081DC315EC7B082613486562920006
081DC015EC7E08260E48666299000A
081DBF15EC8108260B486662940006
081DBF15EC850826074866629D0008
081DC315EC850826034866629F0005
081DCA15EC88082600486762A80010
081DCE15EC8C0825FA486762B5000A
081DD815EC930825F7486862B40000
081DE615EC990825F4486762BF0008
081DF615ECA00825ED486762C1000F
081E0B15ECA80825EA486762CA0003
081E1E15ECAE0825E6486762D70003
081E3315ECAE0825E2486762D80012
081E4415ECAA0825E0486862DC000B
081E4D15ECB10825DC486862D70001
081E5915ECB50825DA486862E60006
081E6915ECB80825D5486762D30011
081E7B15ECBF0825D1486762D70008
081E9015ECC90825CF486762DC0008
081EA715ECD30825CD486762DA0009
081EC015ECDE0825C8486762DD0008
081ED515ECEB0825C7486662CA0008
081EEC15ECF20825C1486562C60003
081F0E15ECFF0825BF486562C70007
081F3015ED030825BD486562B90007
081F5115ED0A0825B9486562B1000E
081F7615ED0E0825B7486562A80000
081F9815ED0E0825B4486562A60009
081FB115ED110825B2486562A20009
081FCA15ED110825AE486562930009
081FDF15ED0E0825AC48646290000C
081FED15ED070825A948646285000A
081FF715ED000825A7486462730006
081FF515ECF20825A648656265000A
081FEC15ECE50825A5486462540007
081FDD15ECE10825A14865625B0006
081FCA15ECDA08259F486562490000
081FB515ECDB08259D48666245000E
081FA015ECDE08259D486662420005
081F9115ECD308259D486662330004
081F7D15ECCD08259B486662340006
081F6615ECBC08259B48666223000A
081F4415ECA0082598486662200006
081F1015EC880825984867621C0002
081ED415EC81082598486762250003
081E9715EC7E082599486762260009
081E6415EC7E082599486762230007
081E3A15EC8108259B4867621F0009
081E1615EC8808259A48676229000E
081DFA15EC9308259D486762300003
081DE615EC9308259F4867623C0003
081DD915EC990825A0486762450009
081DD315EC9D08259D4867625A0003
081DD115EC9D08259D48676269000D
081DD015EC9D08259A486762660006
081DD515EC9D0825954866627A0008
081DDA15EC9908258C4867627E0011
081DE115EC99082584486662910003
081DE315EC93082577486662970004
081DE115EC8F0825664866629E000B
081DDF15EC8C08255B486662AE0006
081DDF15EC8508254B486662B20005
081DDA15EC8508253F486662BB0001
081DD815EC84082536486562C10009
081DD815EC81082530486662C60006
081DD515EC7E082529486662C8000C
081DD415EC81082523486662C9000A
081DD915EC81082520486662C30007
081DDD15EC8108251B486762C20003
081DE115EC7E082516486762C3000E
081DE515EC77082516486762C8000D
081DE015EC7E082513486762D30009
081DD715EC81082511486762DB0009
081DCD15EC88082511486762D60005
081DC515EC8F082511486762D70003
081DBB15ECA4082510486762D4000A
081DAC15ECB3082512486862D90005
081D9515ECBC082513486862D40009
081D8415ECBC082516486762CA000E
081D7C15ECBC082519486862D30008
081D7A15ECBC08251A486862D50002
081D7E15ECB8082519486862CD000A
081D8515ECBC082519486862D00005
081D8B15ECBC082512486862D0000C
081D8D15ECB808250E486762DB000C
081D9015ECB5082507486762DD0009
081D9615ECB10824FE486762E40008
081D9B15ECB10824F5486762E40002
081DA715ECAE0824EF486762EA0007
081DB415ECAE0824E8486762E60009
081DC715ECAF0824E4486762E10008
081DD815ECB10824E1486762D1000B
081DF015ECB10824E0486762D30007
081E0515ECB50824DC486762C6000B
081E1915ECAE0824D9486762C20006
081E2715ECAA0824D9486762BD000C
081E2B15ECA40824D4486862B6000C
081E2715EC9D0824D3486762BB0003
081E2215EC990824CF486762B4000A
081E1D15EC990824CC486762AB000F
081E1E15EC9D0824C9486762A30004
081E2115ECA00824C4486862A70006
081E2915ECA70824C148686294000C
081E3415ECAF0824C0486862AB0007
081E3C15ECB80824BE486762A40009
081E4015ECC60824BD486862B2000B
081E3B15ECD00824BA486862B40008
081E3215ECD00824BB486862B8000B
081E2715ECD30824BA486862AC0007
081E2415ECD30824B9486862B60008
081E2715ECD30824B6486862A50006
081E2D15ECD00824B54868629F0002
081E3415ECC90824B0486762AB000B
081E3815ECC90824AB486762A30009
081E3B15ECC60824A7486762A50006
081E3F15ECC60824A1486762A20008
081E3F15ECC108249D486762A50008
081E3F15ECBF0824964867629D0006
081E3815ECBC082493486762A0000B
081E2F15ECB8082491486762990007
081E1E15ECB808248E486862A1000B
081E0415ECB108248E486862AB0008
081DE515ECB1082490486862A3000E
081DC315ECAA082490486862AF0002
081DA315ECB1082493486862A50004
081D8815ECAE082495486862AB0003
081D7215ECA70824974868629B0003
081D6015ECAA082497486862A3000C
081D5515ECAE082499486862940008
081D5415ECB50824994868629B0005
081D5415ECC508249B486862A3000F
081D5515ECC908249D4868629F0008
081D5215ECCD08249E486862AB0003
081D5315ECD308249F486862A70005
081D5115ECD70824A1486862B2000E
081D4F15ECDA0824A1486862B40009
081D5415ECD70824A3486862B80003
081D5815ECD30824A7486762CA0001
081D5F15ECD00824A6486762D70006
081D6A15ECC90824AA486762CE0009
081D7915ECC60824AB486762D6000A
081D8F15ECC20824AC486862DF000A
081D9F15ECBF0824B2486762E1000D
081DB215ECBC0824B5486762E20006
081DBE15ECB30824B7486862E2000A
081DC915ECB80824BA486862DA0008
081DCF15ECB50824BD486762E80000
081DD215ECB50824BF486762E60007
081DD515ECB50824C0486762DC0008
081DD415ECB50824C3486762D7000B
081DD615ECB50824C2486862D80007
081DD715ECB10824C2486862DD0009
081DD715ECB10824C2486862D0000A
081DD715ECAE0824C0486862E1000C
081DD815ECAE0824BE486862D50001
081DD715ECAE0824BF486862CA000A
081DD615ECAE0824BD486862D5000A
081DD215ECAC0824BC486862CC000A
081DCE15ECAA0824BB486862C5000C
081DC715ECAA0824BB486862CB0008
081DC415ECAA0824B9486762D60003
081DC015ECA70824BA486862C10008
081DBD15ECA70824BA486862C60003
081DB915ECAA0824BB486862CB0009
081DB715ECAA0824B9486862C50006
081DB615ECAA0824BA486962C60007
081DB515ECAE0824BB486862C30007
081DB315ECAE0824BB486862B9000C
081DB315ECB80824BC486862B70007
081DAD15ECBF0824C0486862BB0006
081DA815ECC50824C0486862B70001
081DA115ECC90824C4486862B0000C
081D9A15ECC90824C7486762A5000B
081D9615ECC90824CB4867629B0008
081D9515ECC60824CF4868629B000A
081D9815ECC20824D24868628C000A
081D9F15ECC60824D948696295000B
081DA915ECC20824DE486862A5000D
081DB615ECC60824E4486862B50004
081DC315ECC60824E7486862AE0004
081DD215ECC20824EF486862BA0008
081DDE15ECBF0824F5486862C60009
081DE615ECC20824FA486862B7000A
081DEA15ECBF0824FD486862CA0006
081DEB15ECBE0824FF486862C50008
081DE915ECBC082506486862CD000E
081DEB15ECBC082505486862C4000C
081DEA15ECBF082507486962CE000F
081DE815ECBF082505486962C50000
081DE815ECBC082503486A62CA0009
081DE715ECBC0824FE486A62C30006
081DE715ECBC0824F7486962C3000A
081DE715ECB80824EE486962AB0008
081DE515ECB80824E5486A62B80006
081DE715ECB50824E0486962AC0003
081DE915ECB80824DC4869629C0005
081DEA15ECB50824D74869629E0004
081DEC15ECB30824D4486A6297000B
081DED15ECB10824D4486B62A10008
081DEA15ECB50824D3486A62A50005
081DEC15ECB10824D2486A62A30004
081DEA15ECB80824D3486A6295000C
081DE815ECBC0824D2486A629E0006
081DF015ECBF0824D4486962980004
081DF715ECC20824D3486962A30005
081E0115ECC90824D3486862910003
081E0715ECD00824D4486762A10006
081E0415ECDE0824D7486862A40009
081DF615ECE80824D6486762A10006
081DE715ECF60824D84867629D0005
081DD915ECFF0824D9486762AA0007
081DCA15ED0E0824D7486762AE0006
081DBD15ED140824DC486762C90009
081DAF15ED1B0824DD486762C5000C
081DA115ED180824DF486662BA000C
081D9815ED140824E1486762D3000D
081D9315ED0A0824E5486762C3000B
081D9015ED030824E8486762C5000A
081D9015ECFC0824ED486762C8000A
081D9215ECEF0824F4486762C5000C
081D9315ECE80824F9486762B90009
081D9215ECE10824FB486862B9000C
081D9315ECDA0824FF486862B90006
081D9415ECD7082503486862BC0009
081D9415ECD7082508486862B40006
081D9415ECD708250B486762BF0003
081D9215ECD708250D486862C6000B
081D9015ECDA08250D486862C4000A
081D8D15ECDE08250F486862BE0003
081D8615ECDE082510486862CE0009
081D8015ECDA08250E486862CC0002
081D7F15ECDA08250C486862D30010
081D7F15ECDA08250B486862CF0000
081D8315ECDA08250A486862D20006
081D8815ECD7082504486862C40006
081D8E15ECD3082500486862BB0003
081D9215ECD30824FD486862BA0008
081D9515ECD30824F5486862BB0008
081D9615ECD00824F2486862BB0003
081D9415ECD00824EE486862C5000E
081D9315ECD00824E5486962C3000A
081D9315ECD30824E0486962BE0010
081D9B15ECD00824D9486962B8000C
081DA415ECD30824D3486962BF000E
081DAF15ECD00824CD486962C60007
081DBD15ECD30824C7486962CF0003
081DCB15ECD00824BF486962D2000E
081DD815ECCD0824B9486962CD0009
081DDF15ECCD0824B3486962CE0003
081DE115ECD00824AD486862CD0003
081DDF15ECDE0824A5486862D6000A
081DDC15ECEB08249D486862D00009
081DCF15ECF6082495486862CA0007
081DC615ECEF08248E486862CC0008
081DC615ECEF082489486862CF0009
081DCF15ECEF082485486962D10008
081DD715ECEF082481486862CF0009
081DDA15ECF2082479486962C5000D
081DDE15ECF2082475486962D50009
081DE215ECF2082473486862CE000D
081DE815ECEF08246D486962D3000A
081DEE15ECEB082469486962CF0005
081DF315ECF2082464486962D60002
081DF215ECF9082460486A62D70005
081DE615ECFF08245B486A62D70008
081DD815ED07082454486A62D9000C
081DC915ED0A08244F486A62D40009
081DBD15ED0A08244A486A62D5000A
081DB315ED07082446486A62C80008
081DB115ED00082441486A62C00006
081DB315ECF908243B486A62BB0006
081DB615ECEF082434486A62B9000A
081DBB15ECE808242E486A62B1000D
081DBC15ECE1082429486A62B50005
081DBC15ECDE082422486B62BB0002
081DB915ECD008241F486B62BF0005
081DB315ECC608241A486B62BD0006
081D9F15ECC1082416486B62BA0008
081D8C15ECBF08240F486A62C40007
081D7C15ECBF08240A486A62C10002
081D7315ECBF082405486A62C2000B
081D6F15ECB8082401486A62CE0008
081D5C15ECB10823FB486B62CC000B
081D3A15ECA70823F5486B62D50002
081D0115ECA40823F2486B62D3000D
081CC015EC9D0823EA486B62CF0006
081C7E15EC960823E3486B62D60009
081C3C15EC960823DF486A62E50003
081BFB15EC960823DA486B62D9000A
081BBE15EC990823D3486A62ED000A
081B8C15EC9D0823CF486A62F10002
081B6715ECA10823C9486A63080009
081B5015ECA40823C2486A630A0009
081B4415ECA70823BC486A63150009
081B3F15ECA70823B5486A63320003
081B3715ECA70823B348696340000E
081B2915ECA70823AC486963430008
081B1B15ECA40823A648686353000B
081B0C15ECAA08239E4868635C0008
081AFD15ECA708239A48676369000D
081AF115ECAE082395486763610003
081ADA15ECB108238F4867636B0003
081ABD15ECB80823894867637C0008
081A9E15ECC208238348676380000A
081A7815ECC908237E486763870006
081A5315ECD0082378486763970000
081A3715ECD3082371486763950006
081A2A15ECD708236E486763960002
081A1A15ECE10823674866639C000C
081A0615ECE8082361486663A20002
0819EC15ECF608235E486663B10008
0819CA15ECFC08235B486763AE0008
0819A115ED07082355486763BF0001
08197C15ED11082350486863D00006
08195515ED1808234B486863E7000C
08192F15ED22082347486863DF0008
0818FF15ED30082341486863E00003
0818C715ED3A08233E486863DE0007
08188A15ED43082338486863F4000A
08184A15ED4B082337486963F0000A
08180D15ED52082332486963F20008
0817D215ED5908232C48696402000A
0817A515ED60082329486864060009
08178115ED6A0823254868641D0006
08176515ED7408231F486864240009
08175115ED8208231C4868642E0004
08174415ED890823194868643D000A
08173515ED8F08231448686446000B
08171E15ED9A0823104868645A0000
08170715ED9D08230E486864660006
0816F315EDAB08230A486964720003
0816D615EDAF0823064869647A0008
0816B015EDBC0823024868647D0000
08167A15EDC608230048686479000C
08163A15EDD00822FA486864870008
0815F015EDDB0822F7486964820008
08159C15EDE80822F2486A648B0005
08154F15EDF60822F0486A648E0008
0814FC15EE0B0822EE486A64900007
0814AC15EE1C0822E9486A64A80006
08146215EE290822E5486A64BA0005
08142015EE370822E6486A64BF0007
0813EA15EE450822E1486A64D60005
0813BC15EE520822DE486A64EB000D
08139215EE5D0822D9486A64F90006
08136615EE670822D6486A65040007
08134315EE710822D3486A651A0002
08132115EE780822D3486A6527000A
08130315EE7B0822CD486A652A000C
0812EC15EE820822CC4869653B000C
0812D815EE890822CA486A654F0006
0812C415EE900822C7486965590006
0812B015EE9A0822C2486A655F0008
0812A015EEA50822C0486A65660004
08128A15EEAF0822BD486A6575000A
08127115EEB60822BB486B65750009
08125615EEC30822B8486B657B0003
08123915EECE0822B4486B65860006
08121A15EEDB0822B2486B65A00004
0811FE15EEDF0822AF486B659F0008
0811E115EEDB0822AC486B65A70009
0811C915EECF0822A9486C65AF0008
0811B015EEB90822A6486C65B9000A
08119915EE9A0822A4486C65CC000B
08118015EE6E0822A3486C65D40005
08116915EE3408229D486C65DC000A
08115715EDF908229C486C65EE000A
08114715EDC608229B486B65F2000A
08113915EDA4082298486B65FE0009
08113715ED85082295486B66050009
08113115ED6A082294486B66110009
08112B15ED52082292486A661A0006
08112715ED44082290486A6623000A
08111E15ED3A08228D486A66230008
08111415ED33082289486A66280007
08110815ED31082288486A66560007
0810FF15ED2C082285486A6672000B
0810F815ED300822834869668A000C
0810F815ED290822814869668C0009
0810F715ED1B08227D4869669C0005
0810F615ED1108227B486966AE0004
0810F215ED07082279486966BE000B
0810E415ECF6082276486966CE0006
0810D815ECDE082272486A66D10006
0810C415ECC9082271486966E50006
0810A615ECB808226C486A66EB0006
08108315ECAE082269486966F10008
08106415ECA7082265486A67070003
08104D15EC9A082261486A6719000C
08103615EC8C08225F486B67280006
08101D15EC8508225E486A673B000A
08100A15EC7E08225A486A674B000D
080FFC15EC7B082255486B67620006
080FF215EC81082252486B6779000A
080FEB15EC88082250486B678F0007
080FE415EC8C08224E486B67A40003
080FE315EC8808224A486B67A70006
080FE015EC85082247486B67C3000A
080FD515EC85082244486B67D30003
080FCC15EC7E082242486C67D9000B
080FC215EC7708223E486C67F0000A
080FB115EC7708223D486C67F6000C
080FA215EC7208223A486C67F40006
080F8C15EC70082236486C67F90008
080F7B15EC70082235486C67FB0009
080F6F15EC6D082231486C68110006
080F6A15EC6D08222E486B68170005
080F6515EC69082229486B682C000A
080F6215EC63082227486C6837000C
080F6215EC66082225486C683E0006
080F6115EC63082221486C68400004
080F5F15EC5F08221D486B68460004
080F6015EC5C08221B486B68510008
080F5B15EC58082218486B68540008
080F5515EC5C082216486A68600004
080F5215EC5D082212486A68660009
080F5015EC5C082210486A686F0007
080F5015EC5C08220C486A68710005
080F4D15EC5808220B486968800002
080F4E15EC5C08220A4869687C0007
080F4E15EC5F082207486A68800006
080F4D15EC63082202486A68800006
080F4915EC5F082200486A6882000A
080F4415EC5C0821FD486A68820005
080F3D15EC5C0821FC486A68740007
080F3515EC5C0821F8486A68670006
080F2F15EC660821F8486B6869000A
080F2D15EC6D0821F1486B68680008
080F3115EC760821F1486B6862000E
080F3B15EC810821EB486B685E0009
080F4E15EC810821E9486B6867000C
080F5B15EC7B0821E9486B685B000E
080F6215EC740821E7486A686A0008
080F6015EC690821E4486A68640007
080F5815EC660821DF486B6863000A
080F4C15EC630821DE486A685B0001
080F4415EC630821D9486A685A0009
080F3F15EC630821D7486B68540006
080F3B15EC5F0821D5486A684D0008
080F3515EC630821D1486A68510001
080F3215EC5F0821CD486A6844000A
080F2F15EC600821CC486A684F0002
080F2E15EC5F0821C6486A6854000C
080F2C15EC630821C6486A68570007
080F2615EC690821C1486A685E0006
080F1F15EC6D0821C1486A68620005
080F1915EC690821BC486A686B000C
080F1515EC690821BA486A6871000A
080F1415EC660821BA486A687B0008
080F0B15EC630821B4486B688B0005
080F0415EC630821B1486B688E0007
080EFA15EC580821AC486B68950009
080EE915EC520821AB486B68A90008
080EDA15EC4B0821A7486A68A00006
080ECA15EC470821A3486B68A20009
080EBC15EC440821A0486B68B00003
080EAD15EC4008219D486B68A50008
080E9A15EC40082199486A68B40008
080E8815EC3D082196486A68A50008
080E7C15EC40082193486968B1000A
080E7215EC47082190486A68B80005
080E6B15EC4B08218B486A68C50009
080E6A15EC4B082188486968CD000A
080E6815EC4E082183486968DA0009
080E6915EC52082180486968E80003
080E6D15EC4E08217D486968E40009
080E7015EC5208217A486968EA0009
080E7515EC4E082177486968F40009
080E7915EC55082173486868F8000A
080E7C15EC5808216E486969090010
080E8115EC5508216D4869690F0000
080E8215EC58082169486969030010
080E8315EC55082168486969060008
080E8715EC52082164486969150008
080E8C15EC52082163486A691C0008
080E9415EC4E082161486A69240008
080E9C15EC5208215E486969180006
080EA415EC5808215D48696911000C
080EAA15EC5C08215A486A690B000C
080EB215EC5F082158486A690C0008
080EB915EC5D082156486A69140007
080EBE15EC5C082155486A69100006
080EC215EC58082152486A69120008
080EC615EC5808214F486A69140003
080EC815EC5508214E4869690C0003
080ECA15EC5508214C486969100007
080ECB15EC5508214A4869690C0008
080EC915EC58082148486968FE000E
080EC715EC55082144486969010004
080EC515EC55082141486968FF0004
080EC615EC58082141486968ED0002
080EC515EC5F08213C486968F00006
080EC615EC6308213D486868F9000A
080EC615EC64082139486968E50006
080EC615EC69082139486968F8000C
080EC615EC69082135486968F30004
080EC515EC69082133486868F60008
080EC215EC5F0821314868690B0008
080EBA15EC5C082130486969060006
080EAA15EC5508212E48696910000A
080E9A15EC4E08212B4869690A000F
080E8915EC4E08212A486968ED000A
080E7415EC5208212648696904000A
080E5C15EC5508212448696907000B
080E4715EC55082120486969070005
080E3A15EC5508212048696914000B
080E3215EC5D08211C4869690F0006
080E2C15EC630821194869691B0007
080E2A15EC6608211548696918000B
080E2C15EC7408211348686926000C
080E3215EC810821104869691F0006
080E3E15EC8C08210D4868692B0007
080E4A15EC8F082108486969270009
080E5915EC9608210648686938000A
080E6915EC9D082103486869320006
080E7915ECA0082101486869390006
080E8415ECA00820FC486869400002
080E8F15ECA40820FA486869360006
080E9715ECAE0820F7486969440008
080E9F15ECBC0820F248696945000C
080EAB15ECC90820EE486969340005
080EBB15ECDA0820EB48696937000A
080ED115ECE80820E64869692C0008
080EE815ECEF0820E3486969250009
080EFA15ECEB0820E0486969200006
080F0515ECEB0820DD4869692C000E
080F0715ECE80820DA48696925000D
080F0615ECE50820D5486A69230004
080F0815ECE50820D3486A691F0008
080F0C15ECE50820CF486A69040008
080F1315ECE50820CB486A68EF0006
080F1915ECE10820C9486A68E5000C
080F1D15ECE10820C6486A68DA000A
080F2015ECDE0820C2486A68D4000A
080F2015ECDE0820BC486968C80007
080F2415ECDA0820BA486968C0000E
080F2315ECD70820B8486968B80008
080F2015ECD70820B4486968B60005
080F2015ECD70820B0486968A4000D
080F2015ECD00820AB486968AD0005
080F1E15ECD00820A6486968AB000C
080F2015ECD00820A3486A68980007
080F2515ECCD08209E486A68A50004
080F2815ECCD08209D486968A70006
080F2D15ECCD082098486968A10003
080F3215ECC9082095486968910009
080F3315ECCD08209348696896000C
080F3615ECCC08208E4869688F0004
080F3715ECD008208B4869688F000A
080F3D15ECD70820884869688F0008
080F4515ECD7082085486968820009
080F4F15ECE10820824869688E000C
080F6315ECE5082080486968880006
080F7715ECEB08207C486968890001
080F8C15ECEF08207948686889000A
080F9F15ECF6082075486968850007
080FB115ECF608207348696887000E
080FC115ECF9082071486868860009
080FCD15ECF608206E4868687F0007
080FD415ECF208206C4868688B000A
080FD615ECF008206948696880000A
080FD715ECEF0820664868687D000C
080FD515ECEF0820674868687E0008
080FD715ECEB08206448696875000C
080FD815ECEB08205F4868686B0003
080FD815ECE808205F486968690004
080FDA15ECE808205C4868686B000A
080FDB15ECE808205B48696868000F
080FDB15ECE8082058486968620002
080FDA15ECEB08205648686866000A
080FD215ECEB0820534868685D0003
080FCA15ECEF08204E48686857000A
080FBD15ECEB08204E48696851000C
080FAC15ECEF08204A4869684A000C
080F9D15ECF0082046486968540006
080F8B15ECF6082043486968490009
080F7D15ECF608204048696847000A
080F6A15ECFC0820404869684D0006
080F5415ED0008203B486A68580007
080F3B15ED07082038486968560009
080F2615ED070820364869685C0003
080F1215ED07082032486968630003
080F0715ED0A082032486968670008
080EFF15ED0A08202C486968680005
080EF815ED0708202A4869685B0006
080EF715ED030820274869685C0009
080EF415ED03082024486A6863000D
080EEF15ED060820204869685D000A
080EE915ED0A08201E486968620003
080EE015ED1108201C486A6868000B
080EDC15ED1F082016486A6869000B
080ED415ED29082015486A686D0008
080EC915ED33082011486968780005
080EBC15ED4108200D486968720008
080EAE15ED4808200A486968780008
080EA215ED480820094869687C000D
080E9415ED440820064869688B0007
080E8A15ED41082001486968910007
080E8515ED4108200048696895000C
080E8315ED3D081FFF486968A60004
080E8415ED41081FFB486A68A00003
080E8C15ED3C081FFA486968A90005
080E9315ED3A081FF8486968A60004
080E9515ED3A081FF54869689C0005
080E9815ED3A081FF2486968A20009
080E9F15ED3D081FF048696893000E
080EA315ED3D081FF04869689E0006
080EAC15ED3A081FED486968910003
080EB415ED3D081FEB486A68930007
080EBC15ED3A081FE9486A68980006
080EC315ED33081FE6486A68920008
080ECB15ED30081FE5486A6895000A
080ED015ED30081FE2486A688F0009
080ED715ED29081FE2486B6889000A
080EDB15ED26081FE0486A688F0004
080EDD15ED1F081FDE486A68870008
080EDD15ED1F081FDF486A688D000C
080EDC15ED1B081FDD486A687B0008
080EDA15ED14081FDD486A68780006
080ED515ED0E081FDA486A6875000F
080ECE15ED07081FDC48696874000A
080EBD15ED03081FDB486968780008
080EA915ED03081FDA48696871000A
080E9415ED07081FD94869687A000A
080E7D15ED07081FD84869687E0008
080E6B15ED03081FD4486968820008
080E6515ED03081FD4486968860006
080E6715ED00081FD54869688B0003
080E6A15ECFF081FD3486968810007
080E7015ECFC081FD148686894000B
080E7A15ECF9081FD4486968940008
080E8915ECF6081FD44868689B000C
080E9D15ECF2081FD44868689E0003
080EB115ECF2081FD3486968A90008
080EC615ECEF081FD3486968A90007
080ED715ECEB081FD4486968A50009
080EE315ECEB081FD5486A68B30009
080EF015ECE8081FD7486A68B60009
080EF815ECE5081FD5486A68A70008
080EFD15ECE1081FD5486A68AD000B
080F0015ECE1081FD4486A68B4000A
080F0115ECDE081FD2486968A90006
080F0115ECDE081FD1486A68AB000A
080F0315ECDE081FCF486A68A3000F
080F0215ECDA081FCE486968A20008
080F0515ECDA081FCC486A68AA0003
080F0B15ECD7081FCA486968A2000B
080F0F15ECD7081FC84869689F0005
080F1015ECD7081FC5486A689A0007
080F1115ECDE081FC6486A688D000A
080F0B15ECDE081FC4486A687A000A
080EFD15ECDE081FC1486A6883000B
080EF015ECDA081FC0486968770006
080EE615ECDA081FC04869687B0008
080EE315ECDA081FBE4868687B0007
080EE515ECD7081FBD48696880000B
080EE815ECD7081FBC48686886000C
080EEE15ECD7081FB7486868890006
080EF015ECD7081FB448686884000B
080EF715ECDA081FB44868689C0008
080EF615ECDA081FB2486968A4000E
080EF415ECDE081FB0486968A70006
080EF015ECDE081FAF486968AD0009
080EE715ECDE081FAB486968B30006
080EE215ECE5081FA9486968B40004
080EDE15ECE5081FA8486968B60003
080EDB15ECE5081FAA486968BC000A
080EDE15ECE5081FA5486968BD0005
080EDE15ECE5081FA1486968B80007
080EE115ECE5081FA2486A68C5000A
080EE315ECE5081F9E486A68C30009
080EE515ECE5081F9E486A68BD0003
080EEB15ECE1081F9B486A68C60006
080EEF15ECE5081F99486B68C00008
080EF815ECE1081F98486A68CB0008
080F0115ECDE081F96486B68C8000A
080F0815ECDA081F94486A68C90003
080F0F15ECDE081F93486A68C6000E
080F0F15ECD3081F90486A68C9000C
080F0C15ECD7081F8D486A68C30008
080F0315ECD3081F8A486A68BF0004
080EFC15ECDA081F88486B68BC0008
080EF015ECE5081F86486A68BB0006
080EDD15ECF6081F84486B68AF0008
080EBD15ED0E081F82486A68AD0008
080E8B15ED26081F7F486A68A70006
080E5015ED41081F7E486A68AC0006
080E0615ED63081F7B486968AA0004
080DB115ED89081F78486968A90000
080D4815EDA4081F77486968AB0003
080CE915EDCA081F75486A68BA0006
080C9D15EDE2081F73486A68C00006
080C6415EDF6081F72486A68BC0005
080C3815EE00081F6F486968C40004
080C1615EE04081F6F486968C5000C
080C0315EE07081F6E486968CD0007
080BF915EE09081F69486968DC000C
080BF415EE0B081F68486968E10003
080BF215EE0B081F68486968E4000B
080BF115EE15081F64486968F5000C
080BE915EE2D081F61486A68F40007
080BD415EE4C081F60486A68F4000A
080BAE15EE67081F60486A69030004
080B7115EE7B081F5D486A69100008
080B3815EE8D081F5B486B69220005
080B0615EE9A081F59486B691E0004
080AE415EE97081F58486B6925000C
080ACA15EE93081F54486A692A0007
080ABD15EE8D081F54486A692F0008
080AB715EE90081F55486A69360008
080AB215EE90081F4F486B693D000A
080AAC15EE92081F51486B694C0003
080AA915EE93081F50486A6942000E
080AA815EEB2081F4F486A694E000A
080A9515EEE6081F4D486A69570009
080A6115EF23081F4D486A69540005
0809FE15EF56081F4C486969650000
08099115EF86081F49486A696E0001
08092015EFB6081F4A4869696D0008
0808B015EFF7081F49486A697D0000
08084515F046081F47486969850004
0807C315F095081F46486969790008
08071E15F0F1081F45486A698C0005
08067E15F143081F44486A699A000B
0805D815F18F081F43486B69A00000
08053515F1D0081F43486B69B10001
08049A15F211081F42486B69BD000F
08040215F249081F3F486B69C60003
08038315F274081F3E486B69D5000A
08031715F2AB081F3C486B69E40005
0802B115F2DE081F39486B69F00005
08024B15F30E081F38486B69FD000C
0801F015F32D081F36486B6A050006
0801A415F342081F35486B6A1D0003
08015F15F348081F33486C6A200008
08013515F34C081F31486C6A370002
08012915F33B081F2D486C6A450008
08013015F32D081F2E486C6A450009
08014A15F318081F29486C6A5A0007
08017115F2F3081F2C486B6A610004
0801A615F2C6081F29486B6A700008
0801F015F2AB081F24486C6A79000A
08024415F296081F23486C6A880001
08028D15F296081F20486C6A7F000C
0802B915F28F081F1D486B6A8A0009
0802D415F289081F1B486C6A910003
0802E415F27B081F15486C6A850003
0802F915F26D081F14486C6A8E000C
08030F15F271081F13486C6A88000F
08032415F282081F0F486C6A780009
08032715F29D081F0C486C6A6F0009
08030E15F2B9081F09486C6A750005
0802E715F2CD081F06486C6A690009
0802BA15F2E5081F02486D6A5D000E
08029215F2FA081EFF486C6A540005
08026A15F304081EFC486D6A580008
08024715F318081EF6486C6A520006
08022515F330081EF5486C6A4E0006
0801FA15F34C081EF1486C6A5A0004
0801C915F367081EEF486C6A580009
08018B15F386081EF0486C6A5A0007
08014215F3A2081EE9486C6A580006
0800FF15F3B6081EE3486D6A5D0002
0800C215F3C0081EE1486C6A580008
08009115F3C7081EDD486C6A56000B
08006C15F3C4081EDB486C6A5F0006
08005815F3B3081ED8486C6A4E0005
08005815F3A3081ED3486C6A4B0009
08006C15F38C081ECE486B6A5D000D
08009015F378081ECD486B6A5B0001
0800BE15F35D081EC6486C6A61000A
0800EF15F34F081EC5486C6A6A0006
08011D15F342081EC2486C6A650006
08014715F337081EBD486C6A76000A
08016615F334081EBB486B6A720000
08017A15F342081EB7486C6A7F000D
08017B15F356081EB3486C6A8E0008
08016615F36B081EB1486C6A94000D
08014015F386081EAD486B6A9F0004
08011215F3A8081EA8486B6A970005
0800D915F3D5081EA6486B6AAC000F
08008F15F3F7081EA2486C6AA80009
08004415F41D081E9E486C6AB90007
07FFEA15F438081E9B486C6ABF0008
07FF9215F450081E97486C6AC1000A
07FF4F15F45E081E94486C6AC60006
07FF2315F46C081E91486C6ACE0004
07FEFE15F479081E8E486D6ACB0007
07FEDE15F483081E8B486C6AD10003
07FEC015F491081E87486C6AD70000
07FEAA15F49C081E86486D6AD4000A
07FE9615F4A3081E84486C6ADA0003
07FE8115F4B0081E80486D6AE6000A
07FE7015F4CF081E7C486E6AE60012
07FE5215F4F8081E7A486E6AF10008
07FE2015F51E081E77486E6AF7000A
07FDDB15F54E081E76486E6AF40008
07FD8615F588081E72486E6AF4000E
07FD2515F5C6081E6F486E6B12000B
07FCB115F604081E6C486E6B110003
07FC3415F630081E6B486E6B1F000E
07FBBF15F645081E65486E6B140006
07FB6515F653081E63486E6B260007
07FB2715F659081E61486E6B2D0008
07FB0715F66B081E5E486E6B380008
07FAEB15F67F081E5B486E6B3B0011
07FACA15F68D081E57486F6B3E000E
07FAAD15F69B081E56486E6B4F0006
07FA9415F6B6081E55486E6B4D0003
07FA7115F6D8081E52486D6B60000A
07FA4215F6F4081E51486D6B690006
07FA0B15F702081E4D486D6B680004
07F9D815F70C081E4B486D6B750008
07F9B115F726081E4B486D6B740003
07F98B15F73C081E46486D6B720006
07F96115F74D081E42486D6B780008
07F93A15F74D081E43486D6B71000C
07F92115F746081E41486D6B76000C
07F91B15F74D081E3E486D6B710003
07F91B15F765081E3D486D6B690005
07F91415F76F081E3C486D6B690006
07F90415F75E081E39486D6B6E000D
07F8FE15F71D081E35486D6B720006
07F93315F6C0081E35486D6B6E0009
07F9B515F664081E34486E6B6A0004
07FA6615F623081E2E486E6B6C0008
07FB1615F60E081E2C486D6B6C0007
07FB9A15F60B081E2B486D6B6D0009
07FBEA15F615081E28486D6B6F000E
07FC0715F62D081E23486E6B690006
07FBF915F667081E22486E6B6E0008
07FBB915F6DF081E21486E6B77000B
07FB3415F792081E1E486F6B75000A
07FA3E15F86A081E1D486F6B760008
07F8D515F987081E1B486E6B7E0008
07F70F15FA63081E18486E6B7C0003
07F51B15FB31081E17486E6B9C0005
07F33415FBE0081E13486E6B9F000C
07F18C15FC77081E11486E6B8D0005
07F01615FCF3081E11486E6BB70006
07EEBB15FD50081E10486E6BB40001
07EDB215FDA9081E0C486D6BE30006
07ECE115FDFC081E0D486E6BEA0006
07EC2115FE47081E0B486D6C0B000E
07EB8415FE8C081E0C486E6C28000B
07EAED15FEB9081E09486E6C460008
07EA6C15FEDF081E07486E6C71000A
07EA1215FF0F081E09486E6C97000C
07E9C115FF31081E0A486D6CA20006
07E97615FF50081E0B486D6CCA0009
07E93815FF73081E08486E6CDF0001
07E90315FF92081E09486E6D010005
07E8D515FFB1081E09486E6D07000D
07E89715FFD7081E0A486E6D0E000E
07E85C15FFF9081E0A486E6D310004
07E825160018081E08486E6D350005
07E7E7160029081E09486D6D4E000D
07E7AD160030081E09486E6D5A000C
07E797160029081E08486E6D6F000D
07E79016001B081E05486E6D7D0008
07E793160011081E05486E6D7B0007
07E7A616000E081E02486E6D8E000C
07E7C116000A081E01486E6D950008
07E7D716000A081DFF486D6DA10008
07E7E416000A081DFC486D6DB6000C
07E7EA15FFEB081DF9486D6DA80006
07E7F815FF87081DF4486D6DAD0005
07E84B15FEE6081DF0486D6DB20006
07E90115FE44081DEB486D6DC00007
07EA1315FDC5081DE8486D6DBE0001
07EB5515FD80081DE3486D6DC10004
07EC7115FD76081DE1486D6DC20009
07ED1315FD91081DDC486E6DBC0006
07ED4E15FDB7081DD8486E6DB9000A
07ED3015FDE0081DD5486E6DBB0006
07ECF415FE0D081DCF486E6DA5000E
07ECA315FE36081DCA486E6DA60008
07EC4515FE59081DC4486E6D9C0006
07EBEC15FE90081DC0486D6D860007
07EB8915FEE2081DBB486D6D8E0006
07EB1D15FF50081DB4486E6D800006
07EA6D15FFC9081DAE486E6D79000A
07E998160034081DAA486E6D820003
07E8D3160090081DA5486E6D8A0009
07E8021600F8081D9D486E6D880005
07E73B160151081D96486E6D8C000F
07E67916019A081D93486E6D930004
07E5D91601E5081D8E486E6DA2000A
07E539160227081D89486E6D9A000B
07E49E16025E081D86486E6DB2000A
07E42016028B081D7F486E6DBA0008
07E3B31602AD081D7C486F6DCF0004
07E35E1602D3081D78486F6DD1000B
07E3141602E1081D7548706DCF0008
07E2E41602EB081D7248706DDC0006
07E2C11602EF081D6C48716DEB0006
07E2AC1602F9081D6848716DE80009
07E2A2160300081D6348716DFA0005
07E298160307081D5F48716DF80009
07E290160307081D5C48716E0B0003
07E28D16030A081D5748716E180006
07E290160311081D5248726E210006
07E28D16031B081D4C48716E34000C
07E28616031B081D4A48716E390005
07E282160314081D4548716E3C0004
07E27E160318081D3F48716E4E000B
07E27A16031B081D3B48716E50000B
07E278160322081D3648716E580007
07E27A160330081D3248716E540009
07E27616033E081D2D48706E5F0006
07E267160352081D2848716E5F0000
07E243160367081D2348716E630000
07E221160383081D1F48716E5F0004
07E1FD160391081D1B48716E580007
07E1D516039E081D1748716E5D0008
07E1AE1603B0081D1348716E4C000A
07E18C1603C1081D0E48716E56000A
07E16C1603CF081D0B48716E560009
07E14E1603DC081D0748726E5D000C
07E1341603F1081D0348726E630008
07E11B160406081CFE48726E680006
07E10416041A081CFA48726E600008
07E0DB160428081CF648726E73000A
07E0B3160433081CF348726E780007
07E090160444081CF048726E7F0003
07E076160452081CEC48726E7F0008
07E058160458081CE948716E830009
07E03E16045F081CE848716E940003
07E03316046D081CE548716E930000
07E02916047E081CE348706E8C000A
07E013160496081CDE48706E94000B
07DFF71604A4081CDE48716E950000
07DFD81604AB081CDA48706E85000A
07DFBE1604A4081CD648706E9F0006
07DFB016048C081CD548706EB50005
07DFBC160471081CD148706E98000C
07DFDB160452081CD148706E9A000C
07E00D160428081CCD48706EAB0008
07E04F1603FB081CCB48706EA10000
07E09F1603C8081CC948706E9F0008
07E0F61603A9081CC548706E9B000C
07E14D160394081CC3486F6EA30008
07E195160386081CBF486F6E9F000A
07E1C516037C081CBC486F6EA50008
07E1E7160367081CB948706EA50000
07E20516033E081CBB48706E9E0006
07E23216030A081CB748706E9D000F
07E2771602DA081CB948706E8F0008
07E2CD1602BE081CB648706E880009
07E3221602C5081CB6486F6E74000A
07E35C1602E4081CBA486F6E6D0006
07E36016030E081CB7486F6E630005
07E33816032B081CB9486F6E570004
07E2FD160341081CB6486F6E5B000B
07E2B9160348081CB9486E6E5B000B
07E28B160345081CB7486F6E530006
07E274160337081CB6486E6E610001
07E27716032D081CB5486F6E540007
07E289160345081CB348706E580008
07E28C160386081CB3486F6E610000
07E2621603CF081CB048706E660006
07E209160409081CAE486F6E610008
07E195160440081CAA48706E6D0002
07E11A160471081CA948706E76000C
07E0A51604AB081CA548706E850003
07E0421604F7081CA748716E7D0009
07DFC3160554081CA348716E8A0006
07DF2A1605A7081C9F48716E9A0009
07DE8C1605EF081CA048716E860003
07DDF0160623081C9C48716E9B000B
07DD6316062A081C9D48716EB70000
07DD02160619081C9B48716EBB000A
07DCE71605DE081C9A48726ECD0008
07DD08160588081C9948726ECC000A
07DD6A16053F081C9748716ECF000A
07DDF91604FE081C9748716EC60006
07DE8B1604DB081C9148716EC70006
07DF101604CA081C9248716EC40003
07DF661604D5081C8D48716EBF0006
07DF92160508081C8748706EC00008
07DF89160551081C8348706EC7000C
07DF3F16058F081C8048706EBA000A
07DED5160599081C7848716EC6000F
07DE6D16057D081C7248716EBC0008
07DE41160551081C6F48716EAE0008
07DE5916052B081C6848716EAC0007
07DE98160513081C6348726EB20007
07DEDE16050C081C6048726EAA0004
07DF13160508081C5C48716EB20008
07DF311604FE081C5848716EB90003
07DF441604F0081C5648716EA20006
07DF571604D8081C5548716E9E0009
07DF741604C0081C5148716E9C0009
07DF9D1604B9081C4F48716EA10006
07DFC31604B9081C5148726E9D0008
07DFDC1604C1081C4D48726EBF0007
07DFE31604B6081C4B48726EB0000A
07DFE91604A1081C4B48726EA80006
07DFF9160489081C4A48726EB7000D
07E01B160471081C4948726E99000C
07E04A16045F081C4648726EA30007
07E07516044E081C4348726E82000B
07E09F160440081C4048726E980008
07E0C4160433081C3C48726E870007
07E0E116042F081C3848726E8C0008
07E0FA160425081C3248726E870007
07E11216041B081C2F48726E8B000E
07E127160410081C2948726E8E0009
07E138160409081C2348726E940002
07E149160410081C1E48726E99000F
07E15116042F081C1D48726E7F0006
07E14416048C081C1948726E950008
07E106160562081C1648726E920004
07E03D160687081C1548726EA00006
07DEDC1607AC081C1248726EA30010
07DCFC1608A5081C0F48736EA1000B
07DAFD160952081C0F48736EAC000B
07D941160997081C1048736EB50008
07D7F9160985081C0E48736EC30005
07D74C160955081C0D48746ECC0008
07D739160936081C0D48746EE2000C
07D77316091A081C0B48746EFA0001
07D7C2160939081C0D48746EFF0005
07D7FA160A02081C0948746F0F000A
07D7C5160BC6081C0B48746F17000D
07D688160DFA081C0A48746F1E0005
07D433161012081C0B48746F370004
07D1041611DF081C0B48746F4D000C
07CDA916134E081C0A48746F670008
07CA8C16149B081C0B48746F790008
07C7CE16156B081C0D48746F8D0009
07C5B11615BA081C0B48746FB2000C
07C44516159F081C0D48746FDB000A
07C389161567081C0D48746FF90005
07C36E16155D081C0D487570130008
07C39C16154C081C0E48747021000B
07C3D1161552081C0F487370330005
07C3F416156E081C0F4873704C000C
07C3F31615B0081C104873705E0006
07C3CB16163E081C0E487470700003
07C36A161701081C0D487470880008
07C29B161808081C0F4874709F0005
07C180161979081C0D487470BC000A
07BFEC161AFA081C0D487470D3000A
07BDD6161C1E081C0F487470F20005
07BBAC161D3F081C0F487370FA0005
07B9B4161E21081C0F487371180003
07B7FB161ECF081C0E4873712D000C
07B68B161F48081C1048737151000A
07B563161F9C081C11487371680004
07B4A6161F91081C15487371880002
07B437161F0C081C13487371AD0003
07B43E161E5C081C17487471B10006
07B4C2161DAA081C13487471E70003
07B59F161CD6081C14487472040005
07B6B5161BD8081C124874721A0008
07B803161AD7081C11487572370008
07B993161A03081C0E487572410006
07BB1516198A081C0A4875723F0003
07BC58161967081C064874724E0005
07BD39161983081C00487472500006
07BDA01619B7081C0048757253000A
07BDB01619F2081BFC487472540008
07BD82161A4C081BFB48747245000D
07BD21161AC6081BF8487372440008
07BC92161B46081BF8487372450008
07BBE0161BDF081BF6487272330008
07BB05161C6E081BF74873722B0000
07BA26161D00081BF8487372220010
07B939161D8F081BF9487372250008
07B866161DF3081BFB48737218000D
07B783161E1A081BFD4873721F000C
07B6DB161DF7081BFF48727221000A
07B6A5161DA0081C0148727227000B
07B6D6161D34081C02487472350009
07B753161CBE081C03487472380008
07B7FE161C67081C00487472570004
07B8B0161C2F081BFD487472580008
07B94B161BF4081BFC487572590008
07B9C6161BA4081BF74875725D0005
07BA36161B39081BF048757256000E
07BAB7161AC2081BE6487672520008
07BB4F161A45081BDC4876725B0003
07BC081619E8081BD2487672510009
07BCC61619B3081BC9487672420008
07BD6116199F081BC1487672440004
07BDD11619AD081BBA4876723D0008
07BE0B161A00081BB348757240000C
07BDF4161AD8081BB04876723B0009
07BD58161BF4081BAA487572380002
07BC40161CF6081BA74875723A0006
07BAC6161DE2081BA2487572300007
07B93E161EA8081B9E48757232000A
07B7BD161F64081B9D48757232000D
07B64B161FE8081B9B487572320004
07B4F616205F081B974875723F0008
07B3F51620D9081B9448757237000E
07B345162130081B8E4875723C0003
07B2B0162161081B8D4875723F000A
07B239162183081B89487572480003
07B1D316218E081B87487572540004
07B19116217C081B80487572670008
07B173162179081B8048757263000A
07B175162198081B7A487572780006
07B1791621C1081B75487572920009
07B168162227081B74487672AE0008
07B1261622E7081B70487672B7000E
07B08E1623D4081B6B487672CC0004
07AF811624E7081B69487672E60002
07AE37162613081B66487672FB0014
07ACB2162715081B62487673020005
07AB1F1627FE081B5E4875731E0004
07A9941628A0081B584875733E0008
07A84716290C081B5348767352000B
07A72C162978081B4F487573600008
07A63A1629D0081B464875736D0003
07A56C162A43081B41487573870007
07A4B0162ADA081B3A487473A5000D
07A3EE162B65081B31487573C50009
07A32C162BD8081B2D487573E70008
07A25B162C3E081B27487574010007
07A19A162CA3081B21487574280007
07A0F6162D08081B1B4875744C0006
07A04E162D59081B174875745D000B
079FC4162DA9081B134874747C0006
079F43162DF6081B1048747493000A
079EBD162E40081B0F487474B20008
079E54162E86081B09487474C4000E
079DD9162EC1081B07487574CD000F
079D6C162EFD081B02487574E5000A
079D11162F27081AFD487474EE0007
079CCE162F51081AF84874750C0006
079C9A162F7B081AF44874751D0001
079C70162FB3081AED48747531000A
079C36162FF4081AE7487475420008
079BDF163042081AE148747555000C
079B7616306C081ADC4874755B000B
079B2816307E081AD4487475650003
079AEA163096081ACE487475770004
079AA91630BF081AC848757582000C
079A741630F8081AC34875758E0004
079A3B163142081ABE48757590000A
0799E11631A0081ABE4875759F000C
07996C163209081ABA487575AA0006
0798DA163278081ABA487475B30006
0798261632EA081AB4487475B30006
07977A163330081AB3487575BF0008
0796C9163368081AB2487575D5000E
07963C1633B1081AB1487575E30003
0795C01633E0081AAE487575EF0007
07955E163417081AAF487575EA000B
07950116343E081AAC487575E70008
0794A6163461081AAB487575F40005
079469163484081AAA487475EA0004
0794331634AC081AA7487575E50008
0793FC1634DB081AA6487575F0000E
0793C216352C081AA4487475FA000A
07936116357D081AA3487576000005
0792DB1635B8081A9F4875760C0009
0792661635F0081A9C487576090008
0791F616363A081A9A487576280009
079185163679081A974875763A0009
0791091636B5081A92487576430007
0790911636DF081A8E48767663000A
07902C1636F8081A88487676770007
078FD416370D081A864876767E000B
078F91163725081A8248767690000C
078F65163745081A81487676920003
078F3B163773081A7E487776B10008
078EFE16379D081A7D487676AE0008
078EB71637C7081A7C487676B9000A
078E7F1637EA081A7A487676BD0003
078E45163802081A77487676C30007
078E07163821081A73487676C60008
078DD016383E081A6F487676C6000A
078DA0163861081A6B487676C10006
078D7016387D081A6A487676B50008
078D42163896081A62487676AC0006
078D1F1638A4081A60487676B80008
078CFA1638B5081A5A487676CC0006
078CDF1638CB081A59487576D50009
078CC61638E7081A54487576E4000A
078C9B163901081A53487576F70009
078C70163918081A4F487576FF0006
078C4716392D081A5148757711000A
078C25163930081A4D4876770B0003
078C0D163937081A4F48757716000A
078BF916393B081A4D487577220007
078BE8163942081A4D487677200008
078BDB16393E081A4D487677210008
078BDD16393E081A4C48767723000D
078BE1163941081A4C48767722000B
078BE1163942081A4D4876772A0009
078BDD163945081A4F487677310005
078BD9163953081A4B487677480009
078BCA163962081A4C487677450009
078BB8163962081A4A487677450004
078BAF163953081A4B487677560005
078BB2163949081A4B487677580008
078BC116393E081A4C4876775A0007
078BD316393D081A4A4876775C000A
078BE3163942081A4C4876775B0008
078BEC163945081A4E48767761000A
078BED16394C081A504876775A000C
078BEF163951081A52487677670008
078BED163950081A5348767768000C
078BE716393E081A564875776D0007
078BE91638F8081A57487677740005
078C1C16387A081A574876777B0005
078C95163803081A5C487677700005
078D3C1637BC081A5B4876776F0006
078DEE1637A4081A5D487677730009
078E771637A7081A5E487677610009
078EBE16379F081A60487677600006
078EDE16377D081A5D487577540006
078EFC163737081A5F48757749000A
078F381636D8081A5F48767742000E
078FA816367D081A614876773E000B
07902B16360A081A604876772E000A
0790C8163599081A63487677370008
07917616355D081A614876771F0003
07921816354F081A63487677240006
079291163572081A644876771C0001
0792BA1635B4081A664876771E0006
0792971635FB081A67487676FF000F
079246163637081A6A4876770E0010
0791E516365D081A6C48767707000A
079180163683081A6E487676F8000B
0791291636A7081A73487676F90001
0790E01636D1081A75487676F50005
0790941636E3081A77487776E90006
0790521636C3081A7B487876E4000B
07903A163686081A7E487876D70009
07905C16363A081A80487876E1000C
0790AE163609081A80487776E20006
0791131635C6081A83487776D70008
07917E16355D081A85487776D90000
07920A1634EE081A85487776DB0001
0792B21634C3081A85487776DC000B
0793521634F7081A87487776E0000A
07939616356F081A84487876E50007
0793601635D5081A84487876DB000A
0792E01635F8081A84487876DE0004
0792601635DF081A82487876DB0009
07921A1635CA081A83487876CC0008
0792091635E2081A83487876D6000A
0791FF1635FD081A86487876CE0002
0791E6163606081A87487876C60009
0791CC1635FF081A8A487876C4000A
0791C61635E6081A8C487876BF0009
0791D41635CA081A90487776B6000C
0791F71635B4081A94487876C00006
0792241635A0081A97487876BA0004
07924E163592081A9A487876BD0000
079270163584081A9D487876CA000D
07928C163564081AA2487876C20009
0792B1163545081AA3487876BF0002
0792DB16353A081AA5487876BB0008
07930316354C081AA4487876BF0009
07931116355A081AA7487876C20003
07930916355D081AA8487876C4000C
0792FD163542081AA7487876B50008
0793031634E2081AA7487876B10003
07934116346F081AA6487876A7000A
0793C9163417081AA6487876A50003
0794751633EA081AA5487976950007
079511163414081AA348797692000B
07956016346F081AA148797692000A
0795471634AE081AA048797686000C
0794F31634BF081A9D487976850000
07949B1634B6081A9B487A76890010
07946A1634A0081A9A487A7688000B
079466163499081A97487A76830008
079475163499081A94487A767F0009
07948116348B081A91487A76780008
07948D163458081A8D487A76740009
0794B4163430081A86487A767E0000
0794F316342C081A83487A76710009
07952716341B081A7E487A76610009
07954A1633EA081A76487A76670003
0795771633CC081A6F487A766C000D
0795AF1633F8081A66487A765F0006
0795CB163445081A5D487A766E000F
07959D1634A0081A53487976680000
079534163510081A4B487A76740007
07949616359F081A41487A766D0008
0793CF163633081A3A487976710006
0792EF1636BC081A334879767D000B
0791F11636F8081A2A4879767D0008
079111163714081A254879767D0006
07907C16373A081A1B487976910003
07901D16375A081A1748797696000C
078FD6163776081A13487976A00006
078F9A16378B081A0B487976960007
078F6B1637BA081A09487976B0000A
078F301637F1081A07487976B00006
078EF016381E081A03487A76B10003
078EAA163849081A01487A76AD0008
078E5F1638680819FC487A76AC0003
078E1A16387F0819F7487A76C10004
078DE31638990819F7487A76B30003
078DB31638AE0819F1487A76B7000C
078D881638B50819ED487B76B00006
078D611638B40819E5487B76C00007
078D4E1638C40819E1487B76C80006
078D441638E30819DC487B76D6000E
078D261639030819D7487B76EB0009
078CF21639110819CF487B76EF0006
078CC41639150819CC487B77010006
078CA41639140819C8487B77160006
078C881639140819C5487C771E0006
078C771639290819C2487B77310007
078C561639410819C0487B773E0006
078C091639620819C0487B772D000A
078BB81639730819BE487B77450007
078B6D1639850819C1487A77420005
078B1916398F0819C2487B77480008
078AC81639910819C2487B77540008
078A9316399A0819C2487A774E0006
078A7616399D0819C1487A775D0006
078A641639A40819C2487A77580002
078A511639AC0819C3487B77700008
078A3B1639B90819C3487A77620006
078A241639C00819C2487A775F0001
078A0B1639C40819BF487A77690003
0789F01639C40819BF487A775B000C
0789DD1639C00819BD487A77590003
0789CD1639B90819B9487A77540006
0789BF1639B90819B7487B7752000C
0789B01639B20819B1487B774E0007
0789A11639AC0819AD487B775A0005
0789931639AB0819A6487B7759000F
0789881639A80819A2487B775C000B
07897F1639B208199C487B774E000A
0789711639B9081996487B775A0005
0789641639CB081995487B775A0005
07895A1639CE081990487B77540009
0789531639D508198C487B77510008
07894D1639D208198A487B774F000A
0789491639CD081986487B774D0008
0789461639C7081983487B774B0008
0789461639BD081984487B774D000C
0789461639B2081981487B77430005
07894A1639A8081981487C773F0008
0789521639A4081981487B773A0006
07895B16399D08197D487B7742000C
07896316399D081979487B77330005
07896B16399608197D487B77380005
07897216399108197E487C77390003
07897516399608197E487C77350003
07897216399A08197F487C77380000
07896D1639A108197F487C77370006
07895B1639A5081982487D77300003
0789471639A8081985487D772B0007
07893A1639A4081987487D7727000A
07892C1639A108198A487D7729000A
0789211639A408198C487D77290005
0789171639A5081991487D77220007
0789151639A4081994487D772B0008
0789101639A8081997487D7729000A
07890D1639AB081999487D77310008
07890A1639AF0819A1487D77330007
0789071639AF0819A2487D773A0008
0789071639B60819A4487D7744000D
0789091639B60819A5487D77430008
0789061639B60819A8487D77460002
0789031639B60819A9487D7748000A
0789031639B60819A8487D77440006
0789061639B90819A6487D773B000A
0789071639B90819A3487E774B0006
0789041639B608199E487E77400008
0788FD1639B90819A0487D77330006
0788F21639B908199B487E772C000A
0788EA1639B908199B487E772C000C
0788E31639B9081999487E771F0009
0788DD1639C0081998487F7717000E
0788D51639C4081995487F77180000
0788D21639C7081996488077190006
0788D01639CE0819964880771B000E
0788CF1639D10819974880772B0006
0788D01639D908199C4880770D0005
0788D41639E008199F48807714000C
0788D81639E00819A348807714000A
0788DF1639DB0819A64880770F000B
0788E31639D50819AA488077100002
0788EA1639D20819B048807702000B
0788F31639CB0819B34881770C0009
0788FA1639C70819B84881770B000A
0789001639C40819BC48807704000F
0789081639C40819C1488076FE0003
07890B1639C40819C448807706000A
07890A1639C00819C448807708000B
07890C1639C30819C848807707000B
07890A1639C00819C94880770F000C
0789041639C40819CD487F77130006
0788FE1639C40819CB487F770E0004
0788F81639C70819CE488077150001
0788F11639C40819D04880770A0007
0788EA1639CB0819D34880770C0006
0788E51639D50819D74880770F0007
0788E01639E70819DC4880770D0006
0788DF1639FF0819E3488076FF0009
0788E2163A150819E7488077040007
0788E4163A260819F0488077000004
0788E8163A380819F6488076FB0006
0788EB163A460819FD488176FD0000
0788EE163A4D081A06488076FE0007
0788F0163A4D081A0E48807702000E
0788F4163A4D081A14488177020008
0788FA163A46081A1B488176F80005
078901163A3F081A23488177070008
07890C163A38081A28488176FE0007
07891B163A3B081A324881770B0008
078924163A46081A394882771A0004
07892D163A50081A4148827722000E
07892E163A57081A4A488277340006
07892D163A66081A524882773A0005
07892F163A77081A5948827736000A
07892D163A8F081A60488277430008
078929163AAC081A68488277520001
078924163AC4081A6F4882774B0007
078927163AD9081A774882774D0001
07892B163AE0081A7D4882774C000E
07893A163AE3081A85488277490000
078952163AE0081A894882774F0006
078970163AE0081A8E488377610006
07898E163AD2081A944883775D000A
0789AC163ABE081A9A4883775C000C
0789D8163AA5081AA0488377580007
078A09163A89081AA74883775B000C
078A3E163A74081AAA4883775B0008
078A76163A56081AB14883775A0001
078AB1163A34081AB64883775A0008
078AF5163A15081ABB488377610002
078B3A1639FC081ABF4883775F000C
078B781639EB081AC54883775D0009
078BA51639DE081ACB488477570000
078BCB1639CE081ACC488377530003
078BEB1639C7081AD048847754000A
078C061639C0081AD1488477520003
078C1A1639B6081AD548847756000B
078C2E1639AB081AD44884775B000A
078C3F163996081AD54884775E000A
078C5B163973081AD2488377540005
078C87163949081AD34883775D0010
078CCE163915081AD248837754000A
078D261638E3081AD2488377620004
078D8D1638A0081AD34883775D0009
078DFF163853081AD44883775A0008
078E841637F9081AD54883775A0003
078F1916379D081AD7488377530004
078FBD163748081ADB48837749000C
079067163710081ADE488377450008
0790FA1636F1081AE04884773E0008
0791631636D3081AE4488377370010
0791AB1636B8081AE54884771B0008
0791E0163699081AE848837713000A
07921616367D081AEA4883770E0006
079246163665081AEE4884770C000E
07926C16364F081AF0488476F50003
079291163637081AF2488476F90006
0792B2163629081AF5488476EF000B
0792CD163625081AF7488476EF000A
0792E116362F081AFA488476ED0000
0792E5163645081AFC488576DE0001
0792D816364F081B01488576CA0006
0792BC163653081B02488576D10009
0792A0163641081B05488576C60008
07929616360A081B03488576C4000A
0792B11635CA081B03488576CC0005
0792F1163595081B03488576C2000A
07934716355A081AFE488576C00008
0793AA163517081AFE488676B50009
07941E1634E4081AFC488676B60008
0794861634BF081AF9488676C40005
0794D51634A0081AF6488676C3000A
07951E16347D081AF5488676C5000C
079563163466081AF3488676C10007
07959D163453081AF5488776BF0003
0795C6163441081AF4488876AC0005
0795EC163429081AF3488776AB0003
07960C163414081AF14888769A0007
07962A1633FE081AF2488876860005
07964C1633EA081AF24888767F0003
07966E1633D8081AF1488876700006
07968D1633C3081AF14888766C0006
0796A51633B8081AEF4889766A0008
0796BF1633B1081AED4889766C000A
0796D21633B1081AF04889766C000C
0796E21633B8081AEF488976580005
0796E21633BF081AF048897646000C
0796D81633C6081AEF48897643000A
0796CB1633CF081AF04889763F0006
0796BE1633D8081AEE488976400003
0796B11633DB081AF04889764C0008
0796A01633DF081AF1488976420008
0796961633DF081AF2488A76460001
0796901633D9081AF2488A76470008
07968E1633D1081AF5488A764C0000
07968E1633CA081AF6488B76580006
0796991633C3081AF6488B765D0005
0796A61633BC081AF6488B766C0006
0796B01633B8081AF8488A76650008
0796BC1633B5081AFA488A7658000B
0796C11633B8081AF9488A7659000A
0796C31633BF081AFA488A765B0012
0796C31633C6081AF9488B76550006
0796BD1633C9081AFA488B7660000A
0796B41633CA081AFB488B76610006
0796AC1633D4081AFA488B766D0004
0796A41633DB081AF9488B7666000C
0796981633DF081AF9488B7668000A
07968E1633E7081AF6488B7663000A
0796831633EA081AF9488A765D000B
0796791633ED081AF6488B7658000A
0796731633EA081AF3488B76580000
0796711633E2081AF1488B764E0009
07966E1633D6081AEE488B76590007
0796751633D4081AEA488C765C0006
07967B1633CA081AE8488C7655000A
0796861633C3081AE6488C766B0006
0796971633B8081AE2488D765E0004
0796A71633B5081ADE488D76530008
0796B11633AE081ADB488D7650000A
0796B91633A7081AD6488D76470003
0796C41633A3081AD2488D764C0006
0796CC1633A0081ACD488D763F0006
0796D416339D081AC8488E76460008
0796D9163399081AC4488E763E0003
0796DC163399081ABF488E762D0008
0796DF163399081AB9488E762C0005
0796E2163399081AB3488E76300007
0796E216339D081AB1488E76270008
0796E116339C081AAC488E7624000A
0796DF1633A0081AA9488E7631000B
0796DE1633A0081AA7488E76280002
0796DA1633A3081AA5488E762F0009
0796D61633AB081AA2488E7633000B
0796CD1633B1081AA1488E76300000
0796C41633BC081A9E488E7635000E
0796B81633BF081A9B488E7630000E
0796A91633C6081A99488F76330001
07969E1633CC081A97488F763A0006
0796901633D4081A95488E7626000D
0796851633D8081A93488F76210003
0796791633ED081A8E488F7625000E
0796691633FF081A8C488F762B0008
07965316340F081A8A488F76270003
07963A163429081A86488F76390004
07961B163448081A84488F763D000A
0795EE163480081A82488F76410005
0795B01634C6081A80488F7651000A
07955E16350D081A7F488F76500006
0794F516354C081A7E488F76570009
07948716358B081A7A488E76650008
07941C1635BC081A7A488E766F0006
0793B31635E6081A79488E76730003
07935C163606081A7A488F76840007
079313163625081A76488F768E0000
0792D316363E081A75489076970003
0792A1163653081A76489076A6000D
079277163668081A76489176B40005
079254163679081A74489176B50004
079238163687081A76489276C00008
07921D163692081A72489176C7000C
0792051636A3081A70489276D00003
0791ED1636B5081A6D489276D90004
0791D01636C7081A69489276D90009
0791B71636D8081A66489276DD000A
07919A1636DF081A60489276DD0006
07917F1636EA081A5A489376E5000C
0791661636F4081A53489376E5000B
07914F1636FF081A4E489376ED0010
079140163702081A48489376F10001
079133163706081A43489376FC000A
07912516370C081A40489377050007
07911A163714081A3D489376F60006
079110163717081A3A489377080008
07910516371E081A37489376FC0008
0790F9163722081A35489376FF0002
0790F2163726081A34489377050000
0790E9163729081A2F489376FB0006
0790E5163730081A2F489376FE000A
0790E0163737081A2D489376FC000E
0790D516373A081A2C489376F90006
0790CA163741081A29489376FF0008
0790C016374C081A26489376FE000E
0790B416374F081A26489376F40005
0790A8163756081A25489376F10002
079098163766081A22489476F5000D
07908A16377A081A23489476FA0008
079071163792081A21489476FB000A
07904E1637AB081A22489476F90003
0790251637CA081A23489476F30008
078FF31637ED081A22489476FE000B
078FB416380D081A25489376FC0002
078F69163822081A284893770B0010
078F29163837081A294893770D0008
078EFA163846081A2C489377100009
078ECF163857081A2F4893771A0005
078EAE163861081A324893771A0011
078E9016386C081A31489477210008
078E71163875081A354894771C000A
078E5C16387D081A344894771A000B
078E4D163884081A35489477150009
078E3E16388B081A3848947720000C
078E30163896081A3A489477220009
078E231638A4081A3A489477210004
078E151638AB081A3E4894772C0005
078E081638AE081A3F48947721000A
078DFA1638B2081A42489477220005
078DEE1638B1081A43489577240007
078DE61638AE081A46489677300010
078DE61638AB081A4648957728000B
078DE91638A4081A4848957719000A
078DF216389D081A4A489577160009
078DFE163890081A4A489677080004
078E13163876081A4A4895770F000C
078E3116385A081A4A489577110003
078E60163837081A4A489577130003
078E9816381B081A4C489577210009
078ED21637FC081A4948967715000F
078F0F1637EA081A4C489677270002
078F471637DF081A4C48967726000A
078F761637D1081A4F4896772E000C
078F981637D1081A4E489677290003
078FB11637CA081A4F48977723000A
078FBE1637C7081A4E4896770F0003
078FC71637C7081A504897770A000B
078FCC1637C3081A5248977708000A
078FD11637BD081A51489776F5000C
078FD81637B9081A54489776F8000A
078FE11637B5081A53489776F60007
078FEE1637A7081A51489776FB0008
078FFB16379F081A5148977707000A
07900E163792081A52489777060006
079020163784081A534898770F0005
079036163772081A51489776FF0006
07904E163756081A5048977709000A
07906F163741081A524898770F000A
07909316372C081A50489877090008
0790B9163714081A4F489877060006
0790E21636FB081A4E4898770F0004
0791091636E4081A4E48987709000B
0791301636CA081A4C489877020003
07915A1636B5081A49489876FC0000
0791821636AE081A49489976FC000A
0791A316369C081A49489976FC0005
0791C1163690081A47489977010004
0791DA163684081A47489976F60009
0791F0163676081A44489A7700000E
079204163679081A41489976F80005
079215163672081A3F489976FB0007
07921F16366F081A41489A76F20000
07922516366F081A3F489A76EF0007
07922C163668081A3D489976E4000C
079230163668081A3C489976EB0004
079235163665081A39489A76E70006
079236163661081A3A489A76E60006
07923B163661081A36489A76E10007
079240163661081A36489A76F70006
07924316366B081A33489A76EB0000
07923B16367F081A31489A76EA0006
07922D16369C081A32489A76ED000A
0792131636AE081A2F489B7701000A
0791ED1636C3081A2C489B76F1000A
0791C61636CA081A2B489B76F30007
0791A61636D3081A2A489B76F20006
07918B1636DF081A28489B76EF000A
079177163641081A27489B76F5000C
0791641636F8081A24489B76F50005
0791521636FB081A22489B7706000A
07913F163702081A24489B76F50001
079132163706081A24489B76FD0010
079129163706081A24489B76EA0007
07912316370D081A25489B76EE0009
07911F163712081A27489B76E1000C
07911916371B081A25489B76D70003
079112163722081A24489B76D50008
079109163729081A26489B76E1000C
0790FC163730081A25489B76D10007
0790F2163737081A24489B76DB000B
0790E616373E081A29489B76E40006
0790D9163741081A29489B76E8000A
0790CE163748081A28489B76E80000
0790C316374B081A28489C76EA0006
0790BB16374C081A2A489C76E70009
0790B616374F081A2D489C76E20007
0790B116374F081A2C489C76E30000
0790AF163756081A2E489C76E2000B
0790AA163759081A2F489D76EA0001
0790A516375D081A30489E76F00003
07909E16376B081A32489E76F90000
079095163772081A34489E76FE0003
07908516377A081A30489E770D0000
079076163781081A34489F76FC0007
079067163788081A34489F7713000A
07905A16378F081A35489F770B000D
07904D163792081A38489F77200006
079046163795081A3748A0771E0008
07903E163799081A3848A07720000B
07903A16379D081A3948A0771C0008
0790341637A0081A3B48A077110000
0790331637A0081A3C48A17712000A
07902F1637A2081A3B48A17710000A
07902B1637A0081A3C48A176FF000B
07902A163799081A3B48A17704000B
07902C163799081A3948A076F6000B
079032163795081A3A48A076FC000C
07903B16378F081A3748A176F10009
07904516378B081A3648A176E7000E
079056163784081A3748A176EA0007
079062163781081A3748A176F40009
07906B163777081A3848A176F70007
079076163776081A3448A17704000C
07907D163772081A3548A077160008
079085163772081A3648A17713000A
07908816376F081A3748A17712000A
07908F16376D081A3948A177060008
07909716376B081A3748A077170000
07909D163768081A3648A0771F0005
0790A416375A081A3748A17727000A
0790AD163748081A3748A177240007
0790BF163733081A3648A277200007
0790D716371E081A3648A277100008
0790F51636FF081A3448A2770F0010
07911B1636D5081A3548A377020001
07914B1636B1081A3548A376FF000C
0791871636A0081A3348A377030008
0791BE163699081A3148A37707000C
0791E7163699081A2F48A4770A0009
0791F91636A0081A2D48A377020008
0791FE163697081A2E48A376F9000B
0791FE16367D081A2C48A47704000C
07920D163664081A2B48A477030005
07922916364C081A2E48A476FB000B
079252163632081A3148A576F70006
07927B16360D081A3148A476F10004
0792A91635E2081A3148A576F10012
0792E51635BF081A3348A476DF0005
0793271635B0081A3548A476DE0008
07935E1635B8081A3648A576D2000E
07937A1635CD081A3748A476CC0000
07937C1635E2081A3848A576CA0001
07936416360D081A3848A576C60003
07933A163637081A3948A576C00010
07930216366F081A3648A576C40008
0792BB1636A0081A3448A576CC0003
0792641636C3081A3348A576CA0007
0792111636E3081A2E48A676C5000C
0791C61636F4081A2948A676CC0000
079190163706081A2448A676D2000A
0791641636C7081A2448A576DA000A
079144163717081A1E48A576DE0006
07913016371B081A1848A676EF0008
079120163716081A1748A776FC000C
07911B163710081A1648A777090004
07911D1636F8081A1448A777160008
0791301636D8081A1348A777220008
0791541636BC081A1348A7771C0003
0791841636A1081A1248A7771B000C
0791B416368E081A1348A877160005
0791E016367D081A1248A777000006
07920916367D081A1248A876EB000B
079222163689081A1048A876E90005
0792291636A7081A0E48A876E20005
0792151636C7081A0D48A876E20001
0791F01636E3081A0C48A976E00007
0791C31636F8081A0F48AA76E10004
07919616370F081A1248AA76E9000A
079165163729081A1248A976E10000
079138163737081A1648A976E6000D
079113163741081A1848AA76EA000A
0790EF16374F081A1C48AA76E80000
0790D116375C081A2248AA76EC000B
0790BC163764081A2648AA76E80008
0790AD16376B081A2E48AA76EA000B
0790A016376F081A3148AA76E80005
079095163773081A3848AB76DE000E
079089163776081A3E48AB76E30009
079083163772081A4548AB76EA0001
07907F163772081A4948AA76EB0008
07907E163772081A4E48AA76E9000A
07907E163770081A5348AA76E60006
079081163776081A5948AA76EA0005
07908216377A081A5848AA76EB0004
07907F163784081A5948AB76E20005
079078163784081A5B48AB76DD0003
07906E16378B081A5D48AA76E10008
07906316378B081A5A48AA76EC0007
07905A163792081A5A48AB76E80006
079054163796081A5948AB76ED0000
07904C16379B081A5748AC76FC0001
079042163796081A5948AC77040001
079040163781081A5748AC7704000C
079049163764081A5848AC77150006
079065163741081A5948AC7715000A
079097163719081A5A48AD76FD0006
0790D01636F1081A5948AD76F50007
0791101636CA081A5B48AD76E4000B
0791591636A0081A5A48AD76EE0008
0791A0163689081A5848AD76EF0004
0791DB163676081A5748AD76EF0006
07920F163661081A5948AD76E40006
07923916364F081A5648AD76FD000C
079260163641081A5448AD76F40006
07927F163639081A5248AD76ED0005
07929916363E081A4F48AD76EA0008
0792A516364F081A4F48AC76E2000A
0792A1163668081A4E48AC76D70003
07928D16367D081A4C48AC76D20013
07926A163690081A4948AD76DA000A
079246163699081A4A48AD76D6000A
0792261636A3081A4848AD76D30000
07920B1636AA081A4748AC76D90002
0791F91636AA081A4A48AD76DD000A
0791EA1636B1081A4948AD76D70006
0791E01636B1081A4B48AE76D00003
0791D71636B8081A4D48AE76DC000C
0791D41636B8081A4E48AF76DC0008
0791D11636A7081A4D48AF76EF0009
0791D616368E081A4E48B076E2000A
0791EB163680081A5148AF76E8000C
079209163689081A5048AF76EA0009
07921B16369B081A5148AF76E80008
0792181636B1081A5148B076E80008
0792031636C7081A5148B076EF000B
0791E51636D8081A5148B176EE0001
0791C21636EA081A4F48B176F1000C
0791A31636F1081A4E48B276FA000C
0791871636FB081A4A48B277010000
0791711636FF081A4448B176EE0009
079160163702081A3D48B276FB0006
079156163702081A3348B276F70007
07914E1636FB081A2D48B276FF0006
07914E1636F1081A2448B27706000A
0791531636DF081A1C48B27710000C
0791631636CE081A1448B377200006
07917B1636BC081A0E48B377180003
07919A1636AB081A0948B377180001
0791B716369C081A0648B377130005
0791D9163684081A0148B4770B000F
0791FA16366F0819FE48B377010005
07921D16365A0819FB48B276F50004
07924416364D0819FB48B276F4000A
07925F16363E0819F748B276E0000B
07927C1636450819F348B376D20008
07928B1636560819F148B376C5000A
0792861636720819EE48B376BD0009
07926E1636950819EF48B276BB0008
0792441636B80819EE48B2769E0000
0792151636DF0819EC48B276A10009
0791D81636FB0819EC48B276B00006
0791971637190819EB48B276A60008
0791561637290819EC48B276AD000B
07912916373E0819EE48B276B70002
07910116374C0819F348B376BA0011
0790E21637560819F348B376C50001
0790C716375F0819F748B376D0000C
0790B116376B0819F848B376D1000A
07909F16377A0819FA48B376DC0008
0790881637840819F948B376E80002
0790731637980819F448B376F5000C
0790581637AE0819F148B376F20011
0790331637C00819EE48B476F10006
0790081637D50819EA48B4770A0008
078FDE1637DF0819E848B477150006
078FB71637E80819E648B577140006
078F981637F10819E548B5771B000C
078F7F1637FF0819E648B577290008
078F691638100819E548B57725000B
078F4D1638250819E948B57714000C
078F2916383E0819EB48B5771B0009
078EFD1638500819EA48B5770C0001
078ED41638610819ED48B576FB000A
078EAB16386C0819ED48B67704000A
078E891638710819F048B676F90000
078E771638760819F048B676ED0004
078E6B16387A0819F348B776FA0000
078E641638840819F248B776FE000C
078E5A1638890819F648B776F30003
078E521638920819F648B776F70008
078E4A16389D0819FA48B777040007
078E3A1638A70819FF48B777060009
078E291638AB081A0248B777060001
078E191638AE081A0848B77717000B
078E101638AE081A0E48B8771D0008
078E0F1638A7081A1548B977290001
078E0F1638A4081A1948B97735000E
078E1716389D081A2348B9773F000E
078E25163892081A2B48B9773C0001
078E36163881081A3248B9773C0006
078E5316386C081A3848B97741000C
078E7716385A081A3F48B97741000A
078EA0163846081A4248B9773E0008
078ECD16383E081A4648B9773F0002
078EF5163830081A4948BA7744000B
078F1316382D081A4948BA7747000D
078F2B163828081A4A48BA773A000C
078F3C163822081A4748BA77490006
078F4716381B081A4748BA77500001
078F54163810081A4748BB7749000C
078F61163802081A4648BB77520006
078F761637F2081A4848BA7754000E
078F941637DF081A4748BA775C000A
078FB31637C3081A4948BA77600006
078FD61637A7081A4748BA77590008
079003163788081A4848BA77520009
079035163759081A4848BA774F000C
079074163717081A4948BA77370003
0790CA1636D5081A4A48BA77390006
07913016368E081A4A48BA77250004
07919C163654081A4A48BA771A000A
079205163625081A4948BA77170004
079267163614081A4948BA770F0007
0792B1163610081A4648BB77130006
0792E4163610081A4748BB770B0008
0792FE16360A081A4948BB77090004
079308163606081A4748BB76F80005
07930D163602081A4948BB76F10006
0793131635F4081A4A48BB76F3000B
07931D1635E2081A4C48BB76ED0000
07932C1635CE081A4B48BC76F5000B
0793431635C3081A4D48BC76E60005
07935C1635B5081A4E48BC76CF000F
0793711635AE081A4F48BC76C50007
0793831635A6081A4E48BC76BB0006
0793911635A7081A5148BD76B00000
07939C1635B5081A5148BD76AF000B
07939C1635DF081A5248BD769F000C
07937E163610081A5148BD76A10006
07933C16363D081A5148BD76B00007
0792E616365A081A5248BD76AB000B
07929A163680081A5348BE76B30004
0792591636A3081A5348BD76B8000C
0792141636C7081A5248BD76B60000
0791D11636E7081A5348BD76AF0007
079195163702081A5548BD76B20006
07915B16371E081A5448BD76AF000B
079126163730081A5448BD76B00004
0790F9163741081A5648BD76B00007
0790D716374C081A5548BD76AA0004
0790B9163756081A5748BD76AC0004
07909D163764081A5648BD76BB0001
07908316376B081A5848BE76B10003
079072163770081A5948BD76AD0003
079065163776081A5B48BE76C2000E
07905916377A081A5948BE76C80003
079052163784081A5948BE76D90009
07904B163788081A5848BE76EA0000
07903F163791081A5648BF76EC0008
079034163796081A5648BF7702000C
07902A16379D081A5348BF7700000C
0790221637A0081A5348BF77040001
0790181637A5081A5248BF7713000E
0790111637A7081A4F48C077130008
0790091637AB081A5148C0770E000C
0790051637A7081A5148C077190005
0790021637A7081A5048C0771F0006
07900316379F081A5048C077130009
079004163788081A5148C17724000C
079015163776081A5048C177180004
07902D16376B081A5148C07713000B
079044163772081A5248C077160005
079051163787081A5248C07717000A
07904C1637A7081A5148C1770E0012
07902B1637C3081A5348C077220007
078FFC1637E3081A5548C077190002
078FCA1637FC081A5348C0772B000C
078F97163810081A5348C0772D0008
078F60163822081A5448C077310006
078F33163830081A5448C0772F0008
078F1216383B081A5448C077270003
078EF816383C081A5448C1772B0006
078EE616383B081A5548C177170002
078EE2163837081A5648C27723000A
078EE6163834081A5448C277240005
078EF016383F081A5448C2772F0011
078EF4163845081A5248C27720000A
078EEF163853081A5348C2771B0005
078EDF163853081A5248C377270006
078ECF163850081A5048C2771F000A
078EC5163849081A4F48C277290008
078EC616383E081A4F48C377220009
078ED116381E081A5048C377200006
078EEA1637ED081A4F48C37726000A
078F231637AC081A5048C477180003
078F73163768081A4E48C37713000A
078FDA163729081A4F48C377110005
0790571636F4081A5248C3770B0008
0790C71636D1081A5348C376FD0001
07912B1636B8081A5248C377040001
07917716369C081A5448C37703000A
0791AF163672081A5448C3770A0013
0791E0163656081A5548C377020003
07921416364F081A5448C37709000D
07923F16364D081A5448C477020006
079257163653081A5448C476FE000E
07925E16366B081A5748C476F60006
07924B163699081A5548C477020001
07921E1636C6081A5748C476FD000D
0791D91636EA081A5648C476FC000B
07918B1636FB081A5648C477020007
07914F1636F1081A5748C476FF0009
07912D1636B8081A5948C476FA000F
079143163654081A5A48C576F90006
07919A1635F8081A5D48C576F9000C
0792261635AA081A5C48C576EA0003
0792C6163564081A6048C576D50004
07935E163530081A6248C576C60008
0793D8163506081A6448C676CB0006
07943E1634E6081A6548C676CF000C
07948E1634CA081A6548C576D00000
0794C61634B8081A6948C676D1000C
0794F51634A3081A6848C676D6000A
07951916349B081A6B48C776C6000A
079535163492081A6948C776BE0004
07954E16348B081A6C48C776B80003
07955D16347D081A6948C776AF0006
07956C163473081A6748C876A00001
07957A16346B081A6948C87690000C
079587163464081A6848C87689000D
079596163456081A6748C87686000A
0795A516344F081A6848C876880006
0795B4163447081A6A48C876950003
0795C1163441081A6B48C8768F0009
0795CC16343A081A6B48C8768A0008
0795D716342C081A6B48C87680000D
0795E316341E081A6D48C876860001
0795F6163415081A6D48C876830007
079609163409081A6E48C87681000E
07961B1633FF081A6E48C87679000E
07962D1633F4081A6F48C876790005
07963F1633EA081A6E48C8767B0007
0796521633E0081A6F48C97670000C
07965E1633D8081A6D48C976650007
07966D1633D4081A6C48C9766A0003
07967A1633CD081A6C48C9766B0003
0796851633CD081A6A48C9766A0012
0796881633CF081A6B48C976740008
0796891633D8081A6A48C97675000B
0796841633DB081A6B48CA7664000D
0796811633D8081A6948CA766C0009
07967B1633D1081A6948CB76710003
07967D1633CC081A6948CB767D0008
0796821633C3081A6848CB7676000A
07968C1633B8081A6A48CB767C000B
0796991633B1081A6948CB7683000C
0796A61633AE081A6948CB768A000B
0796AF1633A7081A6A48CB7681000E
0796BA1633A0081A6748CB76830003
0796C416339C081A6948CB76860008
0796CC163395081A6A48CB768B0004
0796D0163392081A6A48CC76860007
0796DA163390081A6A48CC767D000F
0796E116338B081A6848CC767F000C
0796E616338E081A6748CD7679000B
0796E8163392081A6748CD767F0006
0796E9163399081A6448CD767F000A
0796E616339D081A6448CD767F0008
0796DC1633A3081A6448CD76770007
0796D21633AA081A6448CD767D000D
0796C81633AE081A6348CD767A000B
0796BF1633AE081A6248CD767F000C
0796B71633AE081A6348CD76860006
0796B31633B1081A6248CD7684000B
0796AF1633AA081A6248CD76880003
0796B01633AA081A6348CD768F0006
0796B51633A3081A6348CE7690000B
0796BB1633A1081A6448CE7684000D
0796BF16339C081A6148CD76810007
0796C6163399081A6148CE767E0005
0796CC163399081A6148CD766E0000
0796D2163399081A6148CD767B0005
0796D416339D081A6148CD767D000B
0796D216339C081A6148CE767B0009
0796CF1633A0081A6048CE76740006
0796CB1633A3081A6148CE767A0004
0796C71633A3081A5E48CE76740006
0796C41633A7081A5F48CE76790000
0796C11633AA081A6048CF76820003
0796BC1633AA081A5F48CF76750008
0796B81633B1081A6048CE767F000E
0796B21633AA081A6048CF76850006
0796B01633AE081A6248CE767E000E
0796AF1633AE081A6448CE768A0006
0796AD1633AE081A6548CF76800005
0796AD1633AA081A6548CF76710003
0796B01633A7081A6548CF76700009
0796B21633A3081A6748CF76750008
0796B21633A7081A6748CF76750003
0796B91633A7081A6748D07674000B
0796B81633AA081A6748D0766C0008
0796B81633AB081A6848D0766E0012
0796B51633AA081A6948D0766D0009
0796B51633A7081A6848D0766E0003
0796B51633A7081A6748D07669000A
0796B71633A7081A6B48D176720000
0796B71633A4081A6A48D1766C0003
0796BA1633A3081A6B48D17673000C
0796BC1633A3081A6B48D2766E000A
0796BF1633A0081A6C48D2766D0001
0796C116339C081A6C48D2766B0006
0796C6163397081A6C48D2766B0004
0796CE16338E081A6C48D376740003
0796D3163380081A6B48D376750003
0796E216336F081A6C48D376770007
0796F2163364081A6C48D3767B000C
079707163350081A6D48D3767D000F
07971B163345081A6C48D376870001
07973316333E081A6E48D4767C0005
079746163337081A6C48D4766F0006
079755163333081A6A48D476690006
079761163332081A6E48D476740001
07976B16332C081A7048D476770006
07976D16332C081A6E48D476850000
07976F163330081A7048D3767D0008
07976E163330081A7248D476760008
07976D16332C081A7148D3767D000C
07976D163322081A7448D37670000A
07977316331E081A7448D4766C0006
07977B163310081A7548D4765D0006
07978A163302081A7548D476610008
07979C1632FA081A7848D4765B000A
0797AE1632F1081A7948D376420007
0797BE1632E6081A7748D376350011
0797CD1632DF081A7948D4762E000A
0797DB1632D5081A7948D476180009
0797EB1632CE081A7848D576130009
0797F91632C7081A7A48D5761C0006
0798071632C0081A7948D576240001
0798111632BC081A7A48D5762F0008
07981B1632AB081A7948D576360007
07982A16329C081A7A48D676390008
07983B163284081A7848D6763A000A
079858163264081A7848D67648000A
07987F163233081A7948D676430009
0798B41631FB081A7A48D676410005
0798FC1631B9081A7C48D776490009
079956163176081A7B48D77634000F
0799B7163129081A7A48D776300006
079A221630DC081A7B48D776290000
079A8F163096081A7D48D776230005
079AFC16305B081A7C48D7760D0006
079B6C163022081A7A48D875FB0008
079BCE162FF5081A7C48D875E5000C
079C1E162FCF081A7A48D875D9000A
079C5D162FAF081A7948D875E2000A
079C93162F93081A7C48D975DE0006
079CC2162F7F081A7B48D975E30000
079CE8162F69081A7A48DA75EF0005
079D09162F58081A7B48D975ED000E
079D29162F3F081A7948DA75E8000D
079D47162F2A081A7A48DA75ED0006
079D63162F14081A7948DA75E00003
079D7C162F04081A7A48DA75E90001
079D9A162EFD081A7648DB75D9000C
079DB2162EF9081A7848DB75DC0008
079DC4162EE4081A7748DB75D8000E
079DDE162EC1081A7648DB75D6000A
079E07162E99081A7648DB75CD000C
079E3E162E74081A7648DB75D3000A
079E7B162E5C081A7548DB75D5000F
079EB3162E43081A7548DB75CB0007
079EE6162E32081A7448DB75CF0009
079F0E162E2F081A7648DB75BF000C
079F28162E2B081A7648DB75B8000B
079F3D162E27081A7248DB75B70009
079F4B162E2B081A7348DB75AD0006
079F4E162E2E081A7148DB75AB0009
079F4B162E2E081A7548DB75A80001
079F46162E35081A7248DB75AA0003
079F42162E35081A7148DB759E0008
079F40162E40081A7248DB75970009
079F35162E4A081A7348DB759C000C
079F25162E5C081A7148DB7590000B
079F12162E6E081A7248DC7587000A
079EF8162E78081A7248DC7574000C
079EDE162E7F081A7248DC7577000C
079ECA162E82081A7448DC757B0006
079EBC162E7B081A7448DC75750001
079EB7162E7B081A7248DC7573000D
079EBB162E74081A7248DD75730005
079EC1162E6A081A7348DD7584000B
079ECB162E5F081A7148DD75760002
079ED6162E55081A7348DD7589000A
079EE4162E43081A7648DD758C0007
079EF7162E32081A7348DE758D0013
079F0D162E20081A7248DE757D0006
079F23162E20081A7048DE7583000C
079F36162E1D081A6F48DF7587000A
079F3F162E1D081A6F48DF75850007
079F40162E0F081A6F48DF7579000B
079F47162DFD081A6E48DF757D000C
079F56162DE8081A6E48DF756D000C
079F69162DD0081A6B48DF75710000
079F83162DAD081A6B48DF7568000A
079FA5162D91081A6D48DF75570006
079FCD162D60081A6C48DF75650008
07A001162D2B081A6B48DF755E000A
07A047162CF3081A6B48E0755E0006
07A090162CC9081A6C48E0756B0009
07A0D7162CA3081A6A48E07563000F
07A11B162C83081A6C48E075690008
07A156162C77081A6A48E0756C0006
07A17E162C72081A6B48E075610001
07A19F162C7C081A6B48E075540006
07A1AA162C91081A6B48E0754C0008
07A1A1162CB1081A6B48E075390003
07A189162CE2081A6A48E0752C0009
07A15D162D0D081A6A48E07525000A
07A120162D36081A6A48E075180008
07A0E0162D5C081A6B48E07501000C
07A0A2162D8D081A6A48E0750C0003
07A05B162DBE081A6A48E17505000A
07A013162DFA081A6B48E1750A000A
079FC2162E42081A6B48E17513000C
079F63162E82081A6C48E2751D000A
079EFC162EC8081A6848E2751A0009
079E97162F0E081A6948E2752B000C
079E2A162F4A081A6948E2752C0006
079DC1162F89081A6848E275300008
079D5D162FBD081A6748E27532000B
079D09162FF5081A6848E2753B0009
079CB716301F081A6748E2754A0006
079C6A163046081A6748E27556000B
079C1D163065081A6548E2755F0006
079BDA163081081A6548E3756E0003
079BA4163096081A6548E3756A000A
079B781630A1081A6748E3757B000A
079B521630B2081A6748E3757B0005
079B381630B9081A6848E3758F0006
079B271630C9081A6648E375A60009
079B151630D2081A6648E375AB0008
079B021630DC081A6848E375B7000A
079AF21630E7081A6848E475A9000D
079AE41630EE081A6748E475B1000B
079ADA1630FB081A6A48E575AA000A
079ACB1630FF081A6848E575AE0007
079ABF163106081A6848E575B50005
079AB216310D081A6648E675CB0001
079AA5163111081A6848E675C60006
079A9D163109081A6848E775D80004
079A9D163106081A6848E775D8000E
079AA01630FC081A6748E775E0000E
079AA91630EE081A6C48E775D80008
079ABA1630E0081A6A48E775DB0003
079ACF1630CD081A6848E875D8000A
079AE61630B9081A6848E875D20009
079B011630A1081A6A48E975CE000D
079B1D163085081A6B48E975C20008
079B40163065081A6B48E975BF0008
079B6916304D081A6A48E975AB0006
079B99163040081A6D48E975B20003
079BC2163031081A6C48E975B30008
079BDB163026081A6D48E975AE0008
079BF2163011081A6E48E975B10008
079C08162FF5081A6E48E975BF0003
079C2B162FD9081A6D48E875BC000C
079C51162FC1081A7048E875BE0010
079C76162FAF081A6F48E875C20003
079C9B162F9E081A7148E975CB000A
079CBC162F8C081A7048E975BD0001
079CD9162F7C081A7248E975C60008
079CF7162F69081A7148E975C10007
079D15162F58081A7348E875BB000B
079D30162F46081A7548E875BD0009
079D48162F38081A7248E875B9000A
079D5E162F23081A7348E875CD0005
079D75162F14081A7548E875BD000B
079D8D162F00081A7548E875BD0012
079DA6162EEF081A7448E875BE000A
079DC0162EDA081A7848E875BC0001
079DDC162ECC081A7748E975B30008
079DF5162EBE081A7548E875BA0008
079E0A162EAC081A7448E975BA0007
079E23162EA5081A7548E975C3000A
079E37162E9B081A7548E975BB0006
079E4B162E94081A7648E975B80003
079E5C162E82081A7548E975AD0008
079E70162E71081A7448E975A90007
079E87162E5F081A7348EA75B10003
079E9F162E4A081A7348EA75A40003
079EBF162E35081A7148EA7599000A
079EDF162E1D081A7248EB75950000
079F02162DF9081A7048EB758F000E
079F2B162DD3081A6E48EB759B0001
079F58162DA6081A6D48EB758E0006
079F8E162D7F081A7048EB75910006
079FCA162D59081A6C48EC75820003
07A009162D44081A6D48ED7584000C
07A03E162D31081A6B48EC75800008
07A066162D32081A6B48ED75790006
07A080162D32081A6A48ED756F0004
07A08B162D36081A6948EE7563000A
07A08F162D39081A6A48EE7571000F
07A090162D45081A6948EE755F0004
07A088162D55081A6948ED75530007
07A07A162D6A081A6948EE754E0008
07A064162D83081A6848EE753F0007
07A048162DA2081A6948EE75430004
07A025162DBE081A6848EF753A0003
079FFB162DD8081A6648EF75420006
079FCE162DEF081A6848EF7544000B
079F9F162E01081A6848EF7540000B
079F73162E12081A6748EF75480009
079F49162E20081A6748EF7541000C
079F24162E2F081A6748F0753D000E
079F04162E3C081A6848F07543000C
079EE7162E47081A6748F0753D000A
079ECA162E55081A6648F07546000E
079EB3162E5F081A6A48F07544000A
079EA2162E71081A6948F0754E000C
079E8D162E8C081A6948F0754E0006
079E70162EA9081A6948F0755A0008
079E50162EC8081A6848F0755D0006
079E29162EDD081A6A48F075680001
079E06162EEF081A6A48F075680007
079DE6162EFA081A6B48EF7575000B
079DCB162F00081A6948EF757E0008
079DB9162F0E081A6B48F0757E0008
079DA5162F19081A6848F07572000E
079D97162F2E081A6A48F07580000B
079D83162F3F081A6948F0757F0001
079D6E162F50081A6948F07583000A
079D55162F58081A6948F0758B0006
079D40162F54081A6A48F0758B0010
079D36162F54081A6748F175900008
079D31162F58081A6948F1759C0005
079D31162F5E081A6A48F275A70007
079D2B162F66081A6948F375B7000A
079D23162F69081A6B48F375B7000A
079D1B162F69081A6A48F375BA000E
079D17162F62081A6A48F375BA000A
079D18162F5B081A6948F375BE0006
079D1C162F54081A6B48F375AB0008
079D20162F51081A6B48F375BE0010
079D27162F54081A6A48F375B90006
079D2C162F58081A6A48F475BE0008
079D2C162F62081A6848F575BD0009
079D24162F6B081A6848F575BC0002
079D1B162F77081A6848F475C00004
079D0F162F89081A6848F575CE0004
079D04162F93081A6848F575D60000
079CF2162FA8081A6848F475D10002
079CDD162FB4081A6848F475C80008
079CCB162FBD081A6848F475D20001
079CBA162FC1081A6948F475C70008
079CAC162FBD081A6748F475C1000A
079CA6162FBD081A6848F475B6000C
079CA5162FB6081A6848F475B80002
079CA5162FB1081A6948F475B40003
079CA8162FAC081A6848F575BE0003
079CAD162FA5081A6848F575BA0006
079CB5162F9A081A6848F575BF0008
079CBE162F90081A6948F575C70003
079CCB162F86081A6848F575BD0003
079CD7162F7E081A6948F675C2000C
079CE3162F74081A6A48F575B0000C
079CEE162F69081A6948F575AE000B
079CFE162F5F081A6A48F675AC0000
079D0D162F54081A6948F7759F000C
079D1D162F43081A6948F7759F000A
079D30162F2E081A6948F775A50004
079D49162F23081A6B48F675B80004
079D5F162F1C081A6A48F675AD000C
079D72162F15081A6D48F675B70003
079D80162F0A081A6D48F675A5000A
079D8F162F00081A6B48F675A2000A
079D9D162EEF081A6E48F675A40008
079DB1162EDD081A6E48F6759C0008
079DCB162EC5081A7048F6759E0006
079DE7162EA6081A6E48F7758E0003
079E0C162E7F081A6E48F7758C000C
079E36162E58081A7048F775880006
079E6F162E2E081A7048F775910008
079EA9162E04081A6E48F7758D0008
079EE8162DE1081A7148F775940004
079F28162DD1081A6F48F87591000C
079F60162DD3081A7148F875A00004
079F7D162DEC081A7148F875A60006
079F7E162E01081A7048F875A4000C
079F6E162E0B081A7248F975A60000
079F57162E17081A7248F9759B0000
079F41162E2B081A7348F975A10008
079F28162E47081A7348F975A00009
079F09162E63081A7648F975950001
079EE4162E78081A7348F975A40010
079EB9162E86081A7448F875A5000B
079E92162E8F081A7448F975A50007
079E72162E94081A7348F975AD0000
079E5A162E94081A7448F975A60007
079E49162E97081A7148F975920008
079E3E162E9B081A7148F975930001
079E35162E9C081A7148FA75860006
079E2D162E9E081A7348FA7577000C
079E2A162EA2081A6F48F9755D0007
079E25162EB0081A6F48FA756E000A
079E1A162EBE081A6F48FA7577000B
079E0C162ECC081A6F48FA75730005
079DF9162ED8081A6D48FA75850000
079DE7162EEB081A6E48FA757B000E
079DD6162EFD081A6D48FB757A0008
079DBE162F0B081A6D48FB757C000A
079DA6162F1C081A6F48FB75800009
079D8C162F32081A6F48FB75820007
079D76162F3F081A7048FC758F0004
079D5C162F51081A6F48FC7593000A
079D46162F62081A7048FC75940006
079D2F162F7B081A6F48FC75A00009
079D13162F90081A6F48FC75A20001
079CF5162FA4081A6F48FD75B1000E
079CDC162FBA081A6E48FD75A60006
079CBF162FCB081A7048FD75A80002
079CA6162FDD081A7048FE75AC0000
079C89162FF2081A6D48FE75A30004
079C6B163004081A6F48FE7599000D
079C4F163015081A6F48FF759B000C
079C3816301C081A6E48FF75A40003
079C2216301C081A6F48FF75AD0005
079C1616301F081A6E48FF75AE000A
079C10163022081A7048FF75AA0007
079C0C163026081A6F48FF75AD0004
079C0716302A081A7048FF75B50002
079C01163034081A6F48FF75B80008
079BFB16303F081A6F48FF75B60009
079BED16304A081A71490075CB0005
079BDF16305B081A7048FF75BE0006
079BCE163069081A7048FF75D90001
079BB816307A081A6F48FF75D30012
079BA1163085081A7148FE75D80000
079B8B16308F081A7048FE75E60007
079B7916309A081A6F48FF75E50008
079B671630A8081A6F48FF75E30003
079B521630B2081A7248FF75E90012
079B421630C7081A7148FF75E90014
079B261630DC081A71490075EB000B
079B0C1630F1081A71490075FA0011
079AE91630FF081A6F490075E7000C
079ACD163106081A71490075EB0008
079AB516310D081A6F490075E70010
079AA2163118081A70490075F3000C
079A95163119081A71490075E10001
079A8916311F081A71490175E20007
079A84163126081A6E490175E20000
079A7D16312D081A6E490175DE0000
079A77163134081A6D490175ED000D
079A6A163148081A6D490175F40006
079A56163153081A6C490175F00006
079A4116315A081A6B490175F20008
079A2C163161081A68490175FA0008
079A1E163168081A684901760B0006
079A1416316C081A69490175FE000C
079A0E16316D081A67490276110000
079A0A16316C081A6649027602000B
079A0616316C081A684902760D0008
079A00163165081A67490276120004
079A03163168081A66490276270001
079A08163166081A664902761F0009
079A09163165081A66490176160003
079A0F163165081A65490276160003
079A13163168081A674902761C0007
079A15163165081A65490376180006
079A13163169081A65490376090004
079A0F16316F081A654904760B0006
079A0E163176081A6549037605000E
079A0716317A081A64490376090008
0799FE163181081A66490375F8000E
0799F816318B081A65490375F60005
0799EA163192081A64490375E70009
0799DA163199081A64490375E80006
0799CE1631A4081A62490475E50000
0799BF1631AB081A61490475DC000A
0799B51631AF081A63490475D1000D
0799AB1631BC081A63490575E50003
0799A01631C3081A63490575E20006
0799911631CE081A63490575E20000
0799801631CE081A62490475E80005
0799751631CD081A65490575FE000B
07996F1631CE081A65490575F20001
07996E1631CA081A65490576000003
0799701631CE081A66490576010000
0799731631CE081A65490676100000
0799731631CE081A674906760D0008
0799731631D1081A66490676140001
0799741631DC081A6649067611000C
07996B1631E6081A69490676130008
07995C1631F4081A68490676050005
07994C1631FF081A67490676040008
079939163202081A68490675FE0003
0799291631FF081A6A4906760F0006
0799221631FF081A6B490676150002
0799211631F8081A69490676110008
0799261631ED081A69490676130006
07992E1631E1081A6749057620000E
07993C1631DC081A6849067615000A
07994A1631DF081A6A4905761E0008
0799541631E3081A6B49067623000F
0799571631EA081A6A490676120001
0799531631EB081A6A49067625000C
07994C1631ED081A6C490676230006
0799461631F1081A6C490776160008
0799401631F4081A6C4907761D000F
07993D1631F8081A6B4908761C0009
0799371631FC081A6B490876190007
079932163202081A6A490976280010
07992B16320D081A6B490976250004
079922163214081A6A49097632000A
07991616321B081A69490A762E000B
079912163224081A6B490A762E0010
07990516322C081A6A490A76310004
0798F5163230081A68490B762E0009
0798E6163237081A69490B76220004
0798DA163241081A6B490B761E0002
0798CF163245081A67490B76340006
0798C3163248081A6A490B76350006
0798B916324C081A6A490C7632000C
0798B316324C081A69490C763A0008
0798AD16324F081A6A490C764C0006
0798AB16324C081A69490B76500005
0798AC163248081A6B490B76500008
0798B1163245081A6B490B765E000A
0798B4163245081A67490B76650008
0798B6163241081A69490B76580004
0798BA163242081A68490B765F0008
0798BD16323E081A69490A7656000F
0798C016323E081A68490B76540009
0798C316323E081A67490A765C0003
0798C5163241081A67490A76550005
0798C4163248081A66490A764D0002
0798C016324F081A65490A7649000E
0798BA16324F081A66490B76490005
0798B1163253081A66490A7645000F
0798AD16324F081A65490A76420008
0798AB16324C081A64490A76390001
0798AC16324C081A64490A7634000B
0798AF163248081A62490B76360010
0798B3163245081A63490B7630000F
0798B9163248081A63490B7636000B
0798BC163245081A64490B7630000C
0798C0163242081A63490B762B000B
0798C0163241081A63490B762E0005
0798C6163245081A63490B76250003
0798C816324C081A63490B7621000C
0798C616325A081A63490B7630000E
0798BC163263081A61490B762B0009
0798AC163268081A61490B763D0004
07989F16326B081A62490C763A0000
07989116326B081A61490C7631000B
07988C16326B081A61490C762B0001
079887163278081A5F490C76300006
07988216327D081A61490C76110000
079878163284081A63490C761B0003
07986816328B081A63490C761E0008
07985D163292081A64490C7612000A
079853163292081A63490C760F0001
07984C163292081A64490D7614000A
07984A16328F081A64490D761E0003
07984816328F081A66490D7625000C
07984B16328B081A67490E76170002
079850163288081A68490E76250001
07985416327D081A69490E76140003
07985B163276081A68490F7612000B
07986616326B081A6A490E76090008
079873163261081A6A490F76020006
079884163256081A6A490F76100006
07989616324C081A6B491076000008
0798A8163241081A6C491076140009
0798B8163233081A6E4911760B000A
0798C916322C081A6D491176210004
0798DB163221081A6F491176230008
0798EC16321B081A6E4911761F0005
0798F8163217081A6C491276120011
07990416321B081A6D491275FF000D
07990716321B081A6F491275FE000A
07990916321A081A6F491176000000
07990A16321B081A70491275FC0006
07990B163214081A6E491275FD000A
079910163202081A6E491175FA0008
07991C1631F1081A6E491275FC0001
07992F1631DE081A6D491176050000
07994D1631C7081A6E491175EF000F
07996F1631B5081A6C491175FF0006
07998E1631A4081A6C49117612000D
0799AF163199081A6B4911760C0003
0799CC163195081A694911761C0001
0799E0163199081A684912761F0006
0799EB1631A0081A6749127614000B
0799E71631A4081A6649127608000E
0799DF1631A7081A684912760F0007
0799D71631A4081A66491376160004
0799D416319F081A65491376160007
0799D416319D081A63491376180003
0799D7163196081A6549137613000A
0799DC16318F081A654913760B0009
0799E5163188081A6449137600000A
0799F116317D081A6349147602000C
0799FD16317D081A63491476020004
079A0816317A081A634914760B0006
079A0E163184081A63491475FE000C
079A0B163188081A60491475FA000F
079A03163191081A62491576020003
0799F816319D081A62491475F20006
0799E81631A7081A63491575F9000C
0799D71631BC081A61491575ED0008
0799BE1631D5081A62491575EF0008
0799A21631E8081A5F491475E90006
07997D163202081A5F491475E70004
079957163214081A5F491475E20008
079936163222081A5E491475E0000C
079915163225081A60491575DD0003
0798FB16321A081A5E491575E20006
0798F4163206081A5E491575D6000D
0799021631FB081A5F491575D80010
0799161631F8081A60491575D30001
0799271631FB081A5F491575D10011
0799311631FC081A5F491575D9000A
0799341631F4081A60491575DB0006
0799371631ED081A60491575E00001
07993C1631E6081A61491575F50006
0799481631D8081A60491675EF0006
0799581631C3081A60491675F10001
07996E1631B2081A5E491675F60001
07998A1631A4081A60491675F4000C
0799A4163192081A60491675FC0003
0799C0163176081A64491675FA0008
0799DF163157081A62491675F80007
079A00163131081A62491675FC000B
079A32163106081A63491676010008
079A701630E7081A64491675FA0003
079AA81630CB081A65491675F60009
079ADB1630BD081A65491675F80010
079B051630C3081A65491775FF0003
079B191630D2081A66491776020011
079B191630E0081A6549177603000D
079B0D1630F1081A66491876010000
079AFA1630FC081A67491876030000
079AE5163105081A67491875FA000A
079ACD16310D081A66491875F8000C
079ABE16310D081A67491975F50003
079AB3163106081A68491975E9000E
079AAF1630F8081A68491975ED000C
079AB51630E7081A68491975DD0009
079AC81630D5081A69491975E5000A
079ADC1630BD081A69491975DE0006
079AFB1630AF081A69491975C2000A
079B181630B9081A6B491975BF0007
079B271630C3081A6B491A75AF0007
079B291630C7081A6C491A75B1000E
079B251630CB081A6D491A75AB0001
079B1C1630C0081A6A491A75B90008
079B1E1630B6081A6C491A75BC000E
079B261630AB081A6C491A75C3000D
079B3316309A081A6C491A75C40006
079B45163093081A6C491A75CC0006
079B57163093081A6C491A75D1000A
079B6616309A081A6A491B75DE0006
079B6B1630A1081A6A491B75D2000A
079B671630B2081A69491B75E7000A
079B5A1630C0081A6A491B75E40008
079B461630C7081A66491B75DE000A
079B351630CB081A68491C75E20003
079B2A1630D5081A66491C75D4000A
079B1C1630DD081A66491C75DA0003
079B0F1630E7081A65491B75D10004
079B011630F1081A64491B75D8000B
079AEF1630FC081A64491C75E50008
079AE116310D081A61491C75E00004
079ACE16311D081A60491D75EB0004
079AB8163130081A5F491C75E9000C
079A9C163145081A5E491C75E6000A
079A8016315E081A5E491C75DD0000
079A5F16317A081A5E491C75E4000A
079A3816319D081A5C491C75E00001
079A0C1631B9081A5B491C75DE0008
0799DA1631DF081A5C491C75D6000B
0799A21631FF081A5C491C75DD0001
07996816321B081A5B491C75DE0008
079934163237081A5B491D75E9000A
07990316324F081A5A491C75EF0001
0798D5163264081A5B491C75F10007
0798AD16327A081A5C491D75F50001
07988A16328B081A5B491C76020003
0798671632A4081A5A491C75EF0005
0798431632C1081A5A491C75FE0001
0798231632DC081A5B491C75F4000A
0797FC1632F4081A5B491D760F000A
0797D1163310081A5B491D7614000A
0797AA163325081A5C491C76140009
079785163339081A5B491C762B0006
07975C16334C081A5C491C76300012
079737163361081A5A491C762D0005
079715163372081A5A491C76320008
0796FA163380081A5B491C76370005
0796E016338D081A5A491C763F0001
0796CD163395081A5B491C76540006
0796B91633A3081A5B491C76550006
0796A71633AA081A5A491C7648000A
0796961633B5081A5A491D76520002
0796861633C2081A5B491D765D0006
0796701633D1081A59491D7666000B
0796621633EA081A5A491D76670006
079649163402081A5A491D766F000C
079626163410081A5B491D767B0007
07960816341F081A5B491D767C000A
0795EF163429081A5A491D76820007
0795D7163433081A5D491D767D0003
0795C6163437081A5D491E76830004
0795BA16343A081A5C491E76830003
0795B1163441081A5D491D768B0008
0795A8163448081A5E491E768A000A
0795A5163448081A5E491E7686000E
07959D16344F081A5E491E768F000D
079595163458081A5F491E767D0003
07958D16345D081A5D491F76840004
079585163464081A60491F76880008
07957C16346B081A61491F76920004
07957416346B081A61491F768D000A
07956C163470081A614920768F0007
07956716346B081A63492076850006
07956416346B081A61492076850009
07956316346B081A604920767B0005
07956516346F081A6149207661000C
079565163470081A614920766B0010
07956616346F081A62492076670009
07956716346F081A6049217672000A
07956716346B081A624921766C0008
07956616346B081A5F4921767B000D
07956816346C081A60492176700000
07956716346B081A60492176770006
07956C163468081A5F492176790005
07956D16346B081A5E4921766E000C
07956F16346F081A604921765C000C
07956D163473081A5F4921765D0000
07956D163472081A5E4921765D0003
07956B163472081A5C4921764E0005
07956916346F081A5D49217649000B
07956A16346F081A5E4921764E0008
07956F163470081A5C492176590004
07956E16346F081A594921766F0003
07956B16346B081A5A492176670001
07956D16346B081A5A4921766E0001
07956E163468081A5A4921766F0003
079573163466081A5A4921766C000A
079578163464081A5A492176670002
07957C163464081A5B492176660008
07957D163464081A584921765F0000
07957D163469081A584922765A0015
07957B16346B081A5849217654000E
07957A16346B081A584922765F000B
07957716346F081A56492276650006
079575163472081A544922766C0008
07956E16347D081A55492276650009
079563163484081A52492376650001
07955716348E081A534923765B0006
07954F163492081A514923764F0005
079545163499081A504923764F0005
0795371634A2081A4F4923764D0003
07952D1634A3081A4F4923764A0006
0795211634AA081A4F492376430006
0795191634AA081A4E492476490007
0795141634AE081A4F4923764E0003
07950E1634AF081A4F4923765E0007
07950B1634B1081A4E492376660000
0795051634B5081A50492376670006
0795001634B8081A5149247661000C
0794FA1634BC081A51492476740004
0794F81634BC081A4F4924766A000B
0794F81634BF081A51492476790004
0794F51634B8081A5049247670000B
0794F51634B5081A514924766F0000
0794F91634AE081A51492476790006
0795011634A8081A52492476790008
0795081634A7081A50492476720000
0795121634A0081A50492476780008
0795171634A3081A52492476740001
07951D1634A0081A5249247669000E
07951D1634A5081A52492576740006
0795211634A0081A55492576730002
0795231634A3081A54492576790009
0795231634A3081A57492676830008
0795201634A5081A56492676890003
07951F1634AA081A5849267681000A
07951A1634AA081A5949267696000E
0795161634AA081A5A49267690000D
0795161634AA081A5849267692000C
0795151634A8081A59492676970008
0795151634A7081A594926769F0008
0795191634A7081A5A492776A80005
07951A1634A3081A574927769F000B
07951E1634AA081A5A492676A10006
07951C1634AC081A584927769B000A
0795191634AE081A584927769D0000
0795121634B5081A59492776970008
07950C1634B8081A57492776960001
0795071634BF081A56492676940009
0794FE1634C3081A59492676920002
0794F81634C6081A5849277696000A
0794F11634CD081A58492676900001
0794EE1634D1081A59492676970006
0794E61634D1081A59492676970001
0794DF1634D4081A5949267697000C
0794DA1634D4081A58492776A50009
0794D71634D4081A5A492776A10000
0794D51634DB081A594927769F0002
0794D11634DF081A59492776A30006
0794CF1634E1081A5A4927769A0008
0794CA1634E2081A5A492776A50013
0794C61634E2081A59492776930004
0794C41634DF081A59492876910003
0794C31634DE081A5C492876A4000C
0794C21634E2081A5B4928769B0007
0794C31634E2081A5A4928769C0000
0794C21634E2081A5D492876B5000B
0794C01634E2081A5D492876B10001
0794C01634E4081A5D492976B3000B
0794BF1634E6081A5D492976AF0008
0794C21634E6081A5C492976B70008
0794BD1634E2081A5E492976B9000C
0794BF1634E6081A5F492976B40005
0794BE1634E4081A5D492A76B50008
0794BD1634E6081A5E492A76B20006
0794BE1634E6081A5E492A76AB000A
0794BD1634E6081A5E492A76A4000E
0794BD1634E2081A5E492A769E0007
0794C01634E1081A5E492A768F0003
0794BE1634E2081A60492B768F0000
0794C21634E2081A5D492B768C000D
0794BF1634E2081A5D492B768F0006
0794C31634DF081A5D492A769A0007
0794C41634E1081A5F492A7699000A
0794C41634DF081A5E492A7697000F
0794C61634DB081A5F492A769A0008
0794C91634D4081A5E492A769F000A
0794CF1634CA081A5F492A7695000A
0794D91634C3081A5D492A76950008
0794E51634B8081A5C492A769F0006
0794F31634B1081A5C492A76A20003
0795001634AE081A5C492A769A0004
07950C1634A8081A5B492A7694000D
0795151634A0081A5B492A769F0002
07951F16349C081A58492A76A2000C
07952A163492081A59492A769F000C
07953416348B081A55492A76B3000A
07953D16348A081A55492A76B3000C
07954516348B081A56492B76AC000E
07954B16348B081A54492B76B00003
07954B16348B081A53492B76BE0000
07954E163484081A51492B76B30006
07955316347D081A50492B76B0000B
07955A163476081A51492C76BF0003
079562163456081A51492C76BA0008
07956B163468081A4F492C76B70004
07957916345A081A4F492C76B60003
07958716344B081A50492C76990003
07959A16343E081A50492D769D000C
0795B1163437081A4F492D769B0000
0795C3163437081A4F492D768A000A
0795CE163430081A4D492D76830004
0795D6163429081A4C492D76880008
0795DA163425081A4C492E768C0006
0795E3163422081A4D492E768F0000
0795EC163422081A4D492E768C0000
0795EE163437081A4F492E76880000
0795E616344B081A4D492E768A0011
0795D1163456081A4E492E76810009
0795B9163453081A51492E768A0006
0795AB16343A081A50492F767F000D
0795AE163425081A51492F768E000C
0795C416340F081A55492F76870006
0795E116340D081A56492F76950001
0795FC16340D081A58492F7693000E
07960C163409081A58492F76A70008
07961316340D081A5B492F76960003
079615163412081A5D492F7683000C
079614163414081A5F492F767D0008
07961016341B081A60492F767D0008
07960916341E081A61492F76700009
07960116342C081A64492F76720002
0795F2163433081A64492F76750006
0795E216343E081A63492F7679000A
0795D6163445081A6249307683000E
0795CA163448081A63493076730008
0795BD163444081A614930766B0000
0795B916343E081A63493176700008
0795B916343A081A64493176630008
0795C1163437081A63493176680003
0795C816343A081A62493176620003
0795CC163447081A6249317654000D
0795C5163456081A62493176570000
0795B4163468081A614932765D0009
07959D163472081A6249327672000F
07958916347D081A61493276630007
07957316348A081A5F493376700006
079562163492081A5E493276790000
079552163499081A5E493376830006
0795431634A3081A5E4933767B0002
0795371634A7081A5D493376870008
07952B1634AF081A5A49337686000A
0795201634B8081A5A493376840006
0795151634BC081A574933767D0006
0795091634BF081A594933767E000A
0794FC1634C3081A55493376800008
0794F41634C6081A544934767E0008
0794EE1634CA081A53493376830000
0794EA1634CD081A52493376830008
0794E41634D4081A524933768A000D
0794DD1634D4081A53493376910004
0794D71634DA081A5349337683000D
0794D01634DB081A504933768C0005
0794CD1634DF081A4C4933768C000E
0794C71634E6081A4D49337693000A
0794C41634E2081A4D49337687000B
0794BE1634E8081A4C493376840003
0794BB1634E9081A4E493376830007
0794B51634F0081A4E4933767F0000
0794B11634F0081A4E493476720008
0794AA1634F5081A4E493476740007
0794A81634F7081A4C4934767C000E
0794A51634FB081A51493376770000
0794A41634FB081A51493476720006
07949D1634FE081A5249347677000C
07949B163502081A52493476800000
079498163502081A52493576870006
079495163506081A54493476900002
07948D163509081A554935768C000A
07948A163509081A5849357683000C
079487163510081A594935767E0005
079481163510081A5C4935767B0007
07947E163510081A5E493576760003
07947A163510081A63493676740008
07947C163510081A6549367671000D
07947C163510081A6649357677000A
07947D163514081A6A493576820008
07947F163514081A6D4935767F0000
07947D163517081A6E493676870008
07947916351E081A73493676720004
079474163524081A764936767E000F
07946B163537081A78493676730006
07945E163545081A7D493676840006
07944B163564081A7F4937768C0002
07942D163581081A844937768A000A
0794041635A7081A874937767A0009
0793D21635CA081A8C493776870008
0793981635F4081A9349387695000A
07935C16361B081A95493876980002
07931716362F081A99493776950006
0792DA163622081A9D4937769D0006
0792BD1635FF081AA0493876B30008
0792CA1635DF081AA4493776AD0006
0792F41635BF081AAA493776B6000A
0793231635A6081AAD493776B50005
07935416358E081AB1493876AB0008
079384163579081AB54938769E000A
0793B116356B081AB8493876AE0006
0793D516355D081ABA493876AC0002
0793F1163559081ABF493876AB000D
079406163553081AC2493876B30003
07941416354F081AC1493876B5000B
07941D163545081AC6493876B50002
07942C163537081AC6493776B50006
07943D163521081AC8493876B20000
0794541634FE081ACB493876A70008
0794771634E9081ACB493876A1000C
0794A31634D8081ACD49387692000A
0794C41634D0081AD14939769D0001
0794DD1634BF081ACF4939769C0005
0794F61634AE081AD34939769D0006
079511163492081AD6493976A4000E
07952F163484081AD5493976A5000C
07954D163466081AD54939769C0000
07957016344C081AD84939768A000A
079598163433081AD9493976890007
0795BE16341B081AD94939767F000C
0795EA163402081ADA493A76770007
0796121633ED081AD8493A76740009
07963B1633D8081AD5493A767B000C
07965E1633C6081AD6493B767D0010
07967B1633B5081AD3493A766B0008
0796981633AA081AD1493B767A0004
0796B216339D081AD0493B76710001
0796C9163392081ACD493B766A0008
0796DB163387081ACC493C765B0001
0796EA163380081AC8493C765D0005
0796F8163376081AC7493D76560000
079705163364081AC4493D76580005
07971616334F081AC4493D764E0002
07972D163333081AC0493D7654000C
07974F163317081ABD493D76510009
0797721632FF081ABE493D76590003
0797981632E9081ABB493D765B0005
0797BF1632CA081AB9493E7652000C
0797E61632B5081AB8493E764E0006
07980C1632A0081AB7493E764C0003
07983316328F081AB6493E764B0006
07985E16328C081AB4493E76510010
07987B163299081AB1493E764C0008
0798811632B2081AAF493E76470000
0798711632CE081AAF493E76440005
07984D1632F1081AAB493E764C0005
07982116330A081AAB493E764E000A
0797F5163322081AA9493E764A000A
0797C5163337081AA8493E76520008
07979916334C081AA7493E764C0003
079775163353081AA9493E764D000A
07975816335E081AA4493E76500006
079743163368081AA5493E76400000
07973316336B081AA5493E76360002
079725163376081AA0493E763A000F
079718163379081AA1493E76370006
07970C16337C081AA2493E763E0007
079703163380081A9E493E7644000A
0796FD163387081A9E493E76450009
0796F716338B081A9D493E76580007
0796EF16338E081A9A493E76500001
0796E7163393081A99493E76580008
0796E0163395081A98493E765D0006
0796DB16339C081A96493E766E0003
0796D41633A3081A97493E76750008
0796CC1633B1081A95493E766F0006
0796C01633C2081A94493F7673000B
0796A91633D4081A93493F76720007
07968F1633E2081A93493F76790008
0796771633ED081A93493F76670009
0796601633AE081A93493F7676000C
07964916340B081A92493F766C000C
07963616341B081A91493F767D0000
07961D16342C081A90494076740000
07960016343E081A914940766E000A
0795EA16344F081A91494076640006
0795CF16345F081A91494176580010
0795B116346F081A8D49407661000A
079594163480081A8D494076600008
079576163492081A8F494176560007
07955A1634A3081A904941766B0007
07953D1634B6081A90494176750006
0795231634C6081A8E494176750003
0795081634D1081A8D4942767A0004
0794F21634DF081A8D4942768A0008
0794E01634E4081A8E494276860001
0794D11634E9081A8D494376900007
0794C41634F4081A8E4943768A0010
0794BA1634F7081A8E49437684000A
0794AD1634FB081A8E49437681000D
0794A4163502081A8E4943768A0009
07949C163502081A8F4943768E0006
079497163502081A8F494376930006
0794941634F7081A91494476950006
07949A1634E9081A934944768E0007
0794A81634E4081A96494576950003
0794B61634DB081A96494476930002
0794C51634DB081A99494576900000
0794CE1634E2081A9C49447691000A
0794D21634E6081A9D49447697000F
0794CE1634EE081AA14944769B000A
0794C71634F4081AA3494476A2000C
0794BE1634F7081AA6494476930009
0794B71634F4081AA9494576A40003
0794B11634FB081AAC494476A00007
0794AD1634FC081AAA4944769D0007
0794AB1634FB081AAE494476A6000D
0794A81634FE081AB0494476AA000C
0794AA1634FE081AB0494476B20001
0794AA1634FB081AB1494476BD0011
0794A91634FF081AB1494476BC0004
0794A8163502081AB1494476C00001
0794A6163502081AB2494476C20008
0794A4163502081AB1494476CE0006
0794A41634FF081AB2494476C8000A
0794A21634FE081AB4494576D30006
0794A61634F7081AB4494476C20002
0794AC1634F0081AB5494476C30002
0794B51634E9081AB5494476B8000A
0794BF1634E4081AB7494476B4000A
0794CA1634DB081AB7494476B30006
0794D41634CA081ABD494576AC0006
0794E51634BF081ABC494576AC0006
0794F61634B8081ABC494576AC0004
0795061634B2081ABB494576A2000A
0795171634A0081ABB494576A80002
079526163492081ABE494476A40004
07953A16347D081ABE494576970008
079553163468081ABD49457692000E
07956C16345C081ABB494576950006
07958816344F081ABE494576900006
0795A0163445081ABB494576920009
0795B8163437081ABB49467694000C
0795CA16342C081AB94946769D000C
0795DF16341C081ABA4946768A0001
0795F3163414081ABA4946768C0009
079607163410081AB9494676870006
079617163409081AB74946768F000A
0796211633FF081AB7494676880006
07962D1633F4081AB5494676850009
07963A1633ED081AB64946766F0001
0796471633E2081AB54947767A0005
0796541633DB081AB44947767B0006
0796611633DB081AB54947768A000C
07966B1633D9081AB24947768A0003
0796711633DF081AB74947768A0005
0796741633E2081AB5494776970008
07966E1633EA081AB34947768A0004
0796671633F4081AB4494776800006
07965B1633FE081AB649477679000F
07964C163406081AB549477678000A
07963F163409081AB449477677000C
07963416340D081AB54948766A0004
079629163412081AB64948765B0005
079622163417081AB6494876650000
07961C163417081AB849487658000D
07961B163414081AB84948765E000D
079615163410081ABA494876610007
079619163408081ABA494876650000
079621163402081ABA494876610008
0796291633FF081ABC494876530009
07962F1633FB081AC0494976570000
0796361633F4081AC1494976560006
07963F1633ED081AC3494976540004
0796481633E6081AC34949764D0005
0796531633DF081AC6494976550008
07965A1633DB081AC849497658000D
0796661633DB081ACA4949765F0005
07966D1633DD081ACA494976700008
0796701633E2081ACB494A76730006
07966B1633EA081ACB494A766E0000
0796671633ED081ACB4949766A0001
0796611633ED081AC9494976700007
07965A1633F1081ACA494976720006
0796561633F1081AC6494976740005
0796511633F8081ACA494976730008
07964B1633F4081AC7494A76870006
0796491633ED081AC4494A767B0003
07964A1633E7081AC4494A768C000B
07964E1633DF081AC3494A768E0005
0796581633D4081AC2494A768A000B
0796651633C3081AC4494A768D0004
07967B1633AA081AC3494A76960006
079694163393081AC2494A768C000A
0796B2163379081AC1494B7694000C
0796D4163368081AC4494B76940007
0796FA163356081AC1494B768C000A
07971D163348081AC4494B768F000E
07973A163340081AC1494B76860012
07975216333A081AC1494C767D0003
07976316333A081AC1494C767F0001
07976A16333A081AC0494C766E000E
07976E163348081ABF494C766A000D
07976816335E081ABF494C765F0004
079756163379081ABE494C764A000A
079739163392081ABC494C76560000
07970F1633AA081ABD494D7647000C
0796E71633BC081ABC494D76460001
0796BF1633C2081ABD494D764A000A
0796A51633C6081ABC494E7654000B
0796951633C3081ABB494E764D0008
07968F1633C6081ABD494E7650000C
07968C1633C6081ABC494E7666000A
0796881633C9081ABB494F7662000C
0796861633C6081ABB495076550006
0796881633CA081ABB495076560004
0796851633CD081AB7494F76490005
0796841633CD081AB8494F763F000A
07967F1633D3081AB9494F764E000A
0796791633D8081ABA494F764E000A
0796721633DB081AB5494F76520003
07966D1633E2081AB6494F765B0008
0796671633E6081AB7494F7660000A
0796611633ED081AB6494E76590006
0796561633FB081AB7494F76710003
079648163409081AB8494E7665000A
079638163414081AB6494E76650006
079623163423081AB8494E76670005
07960F16342C081AB8494E765E0006
0795FD163437081AB9494E765F0005
0795EB163437081ABA494E7665000E
0795DE163430081ABC494E7673000A
0795D8163433081ABE494E766E0010
0795D9163430081ABF494F76760006
0795DB163429081AC2494F7670000C
0795E216341B081AC2494F76750009
0795EF163410081AC5494F766E0008
0795FD16340B081AC7494F76660011
07960F163402081AC9494F76720000
0796201633FF081ACA495076650003
07962E1633F8081ACC495076740008
0796371633F8081ACB495076770005
07963D1633F7081ACD495076710009
07963F1633FF081ACF49507668000D
07963E1633FF081AD04950766C0001
07963A1633FF081AD2495076690009
0796381633FF081AD4495076600008
0796381633F7081AD74950765B0004
07963B1633F8081AD7495076580008
07963D1633FF081AD8495076550008
07963C163402081ADB495076600005
079638163402081ADF49517667000A
079632163405081AE0495176540003
079630163402081ADF495076580003
0796311633FB081AE549517652000E
0796331633F8081AE3495176540003
0796391633EA081AE44951764F0008
0796441633E3081AE54951764C0003
0796521633DF081AE8495176430008
07965E1633DB081AE74951764E0006
07966A1633D8081AE8495176500001
0796721633D4081AE9495276560008
0796781633D3081AE94952765F0007
07967D1633CA081AEA49527665000A
0796811633C6081AE949527660000A
07968A1633BC081AEA495276650003
0796951633AE081AEA4952766E0005
0796A61633A1081AE949527662000C
0796B5163392081AEB49527668000A
0796C9163384081AED495276670002
0796E2163372081AEA4952766C0002
0796FA163361081AEC495276700007
07971516334D081AEB4953766D0006
07972F16333E081AEB495276740001
07974D163330081AE9495276790003
079765163325081AEC4953766C0004
07977E163314081AEA495376560003
079793163307081AE949537667000A
0797A71632F8081AE74953766A000C
0797BE1632EA081AE7495376610009
0797D81632DF081AE749537663000C
0797EB1632D8081AE649557665000C
0797FD1632CE081AE6495576670006
07980C1632C3081AE449557662000C
07981A1632B9081AE34955765C0008
0798281632B2081AE24955765B0008
0798371632A4081AE04955765A0006
079847163292081ADE4955765A0003
07985E16328B081ADF4955765D0002
07986D16328B081ADE4956764F000D
07987C16328B081ADD49567652000F
07988016328F081ADC49567649000A
079880163296081ADA495676320000
07987C1632A0081ADA49567623000D
0798721632AB081ADB495676180003
0798651632B5081ADC495676110008
0798541632C3081ADB4956761E0003
0798421632CB081ADA495576120003
0798291632D1081ADB49557605000D
0798181632DC081ADB495675FA0007
07980D1632DC081ADB495676120004
0797FF1632E6081ADB49567600000F
0797F51632E9081ADB495676040008
0797EB1632F1081ADB495675FC0004
0797E1163302081ADB495676030003
0797D216330D081ADA49567611000A
0797BE16331E081AD9495676120006
0797AA16332C081AD74956760A000A
079799163333081AD6495676090001
07978316333E081AD7495676190008
07977116334C081AD4495676210009
079762163356081AD4495676210002
07974E163368081AD2495776290000
079735163379081AD4495776300001
07971B16338B081AD24957763D0005
079703163395081AD0495876490007
0796EE1633A3081ACF4957764C0000
0796D61633B5081ACF495876560003
0796BE1633C3081AD14958765B0003
0796A61633D4081AD1495976650006
07968C1633E2081AD0495876730003
0796721633F4081AD1495976670003
079659163401081AD24958766E0008
079640163410081AD14959766E0002
07962616341E081AD14959765F0007
07960F163429081AD24959765D0008
0795F7163437081AD34959765F0006
0795E116343D081AD34959765D0006
0795D016344C081AD049597658000B
0795C1163453081AD249597651000B
0795B516345A081AD14959764E0005
0795A6163461081AD149587656000B
07959C163469081AD1495976580009
079592163472081AD04959765C0007
07958B163479081AD04959765C0003
079581163484081ACF4959765F0006
07957916348E081ACF495976580007
07956916349E081ACC495A76530000
0795541634AA081ACB495B76540006
0795411634AE081ACE495B76560008
07952D1634B1081ACD495B76580003
0795211634B9081ACB495B7664000A
07951A1634BC081ACE495B7660000A
0795121634BC081ACB495C765F0006
07950D1634BC081ACC495B766A0008
07950C1634C6081ACA495C7675000A
0795081634CA081ACA495C76880004
0795011634D8081ACB495C76810006
0794F51634E2081AC9495C768C0010
0794E21634E9081AC9495C76830004
0794D81634F0081AC8495C76810008
0794CB1634F2081AC6495C76820001
0794C21634F0081AC6495C76840008
0794BB1634F4081AC8495C7686000A
0794B91634F4081AC8495C768B0008
0794B51634F4081AC7495B768F000E
0794B61634F2081AC7495C769B000A
0794B81634F0081AC6495C769D0000
0794BB1634F0081AC8495B768E0004
0794BB1634F0081AC9495B76950001
0794BB1634F0081AC6495B76A90008
0794BC1634EE081AC8495C76950007
0794BD1634F0081AC7495B769F0002
0794BF1634ED081AC8495C76B00003
0794C01634E9081AC8495C76AA000B
0794C11634F0081AC5495C76B7000C
0794C41634EB081AC4495B76BB0005
0794C41634ED081AC4495C76B1000D
0794C31634ED081AC6495C76B3000C
0794C61634E6081AC5495B76AF0003
0794C71634DE081AC6495B76B6000E
0794CD1634CD081AC5495C76A10003
0794DC1634BF081AC5495C76A20000
0794ED1634AE081AC5495C76A30001
0795081634A3081AC3495C76A20004
07951E163494081AC5495D76B20007
07953416348E081AC6495D76A90007
079547163480081AC8495D76B30006
079559163479081AC7495D76C30008
07956916346F081AC5495D76AE0009
079579163466081AC5495D76B60002
079588163453081AC9495E76BD0002
07959D163445081ACA495E76B80003
0795B316343A081AC8495E76BA0004
0795C816342C081ACA495F76B40001
0795DC163423081ACB495F76B2000C
0795EF163417081ACA495F76AE0005
0795FF16340D081ACF495F76B30008
0796121633FB081AD1495F76AE0010
0796281633EA081AD0495F76960008
0796441633D9081AD2495F76900009
07965C1633D4081AD2495F76930003
0796711633CD081AD5495F768C0006
07967F1633D4081AD4495F76880005
0796841633CA081AD6495F7692000C
0796851633AE081AD5495F7690000A
079699163387081AD6495F76910009
0796BF163364081AD4495F7686000D
0796EE16334F081AD5495F768C0008
07971A163345081AD7495F7678000A
07973D16333C081AD5495F76760009
079757163330081AD5495F7674000A
079769163325081AD5496076650000
07977A16331E081AD5496076680004
07978E163317081AD44960766D0005
07979C163318081AD64960766C0005
0797A1163322081AD6496076740006
07979F16333A081AD2496076710008
07978D16335A081AD3496076650007
07976F16336F081AD34960765E0003
07974A16337F081AD3496176520008
07972716338B081AD3496176450001
079708163399081AD34960763A000E
0796ED1633A7081AD5496176400001
0796D91633B5081AD1496176340006
0796C31633BF081AD14961764C000C
0796AF1633CA081ACF496176430003
07969A1633D1081ACE49617647000E
0796891633DB081ACE496176570003
07967B1633DF081ACC49617659000C
07966F1633E3081ACD496176610007
0796671633E6081ACC496176660000
0796601633F1081ACE4961765F0000
0796571633F4081ACE49617675000A
07964D1633FF081ACD4962767F0008
079644163401081ACD496276790006
07963B163402081ACD496176720009
079636163406081ACD496276700009
079631163410081ACD4963766B0000
07962816341C081ACC4963766C000C
07961B16342C081ACC4964766A0006
079609163433081ACD496476720006
0795F9163433081ACB496476710005
0795EB163433081AC949647672000A
0795E6163430081ACA4964766E0010
0795E716342C081AC7496476610010
0795ED163425081AC64965766D0000
0795F2163429081AC54965766C0006
0795F7163429081AC4496576700007
0795FB163433081AC34965767B0011
0795F4163445081AC34965767E000A
0795E716345D081AC0496576880003
0795CD163479081AC0496576890001
0795AB163492081ABF4965768E0004
0795871634AC081ABC496576980006
0795591634C3081ABC496676950001
07952B1634D8081ABB496576B0000C
0795091634E6081ABA496576B30008
0794E41634ED081ABA496576B30000
0794C91634EE081ABA496576B3000C
0794BD1634ED081ABB4966769A0010
0794BB1634ED081ABE4966769C0005
0794BD1634E9081ABC496676970000
0794BE1634F0081ABE496676890005
0794BF1634EE081ABE49667690000A
0794BE1634ED081AC04966768C000A
0794BF1634E9081AC14966768B000B
0794C31634E2081AC44966767F0006
0794CC1634D8081AC64966767E0005
0794D61634C6081AC94967766C0008
0794E61634B5081ACB4966766F0002
0794FB163495081ACE496576790006
07951D163480081AD1496576740004
07954416346C081AD24965767A0007
079569163468081AD5496576840007
079584163468081AD449667680000A
079590163468081AD64966768C000A
07959A163461081AD84966768C0008
07959E163462081AD94966768C0002
0795A1163464081ADA496676760006
0795A4163464081ADB496676740008
0795A516346F081ADB4966766E0003
07959F16347D081ADB4967765F000D
079591163491081ADD49667663000A
07957B1634A7081ADE49677656000C
0795611634BC081ADD496776580001
07953E1634D8081ADD4967764E000A
0795181634F4081ADE4967764E000A
0794F3163509081ADE496876510006
0794C816351B081ADE49677662000C
0794A016352C081ADD4967766D0008
07947E16353E081ADD4967766E0009
07946416354C081ADB4967766E0003
07944E163556081ADA4967766A0006
079435163561081AD8496776730004
079421163568081AD149687676000A
07941316356F081ACE49677672000E
079403163576081AC94967766C0006
0793F8163574081AC4496776670006
0793F1163576081AC0496776700008
0793ED163576081ABC4967766B000A
0793EC163576081AB74967766C0005
0793EB163571081AB449677674000A
0793EB163572081AB0496776770008
0793EE163572081AAE4967767C0000
0793ED163572081AAB4967767C0001
0793EE16356F081AAA496776700004
0793F016356D081AA64967767F0006
0793F416356B081AA3496776800006
0793F816356F081AA2496776880008
0793F816356F081A9E496776810008
0793F8163572081A9C496776880008
0793F6163574081A9B4967769D0004
0793F3163576081A99496776A4000A
0793EE163576081A96496776B20006
0793EB163572081A924967769B0006
0793EB163572081A8E496676A0000A
0793EC16356D081A8D496776A4000A
0793F016356B081A89496776910007
0793F416356F081A874967768C0006
0793F616356F081A84496776A50006
0793F816356B081A824967769B000A
0793FA16356A081A7D496776A10009
0793FA16356B081A7D496776B60003
0793FA16356B081A78496776B5000B
0793F916356B081A74496776B90005
0793F816356A081A71496776BD0004
0793F716356F081A6D496876B80009
0793F616356F081A6B496876AE0001
0793F5163568081A68496876AB0006
0793F8163564081A65496876A80008
0793FB163563081A604968769D000C
0793FF163561081A5E496976AA0007
07940416355A081A5A496976AE0003
079409163553081A56496976A80006
07941216354F081A53496976AC000A
07941916354C081A4E496976A30009
07941E163548081A4D496976AE0006
079424163548081A49496976B60000
079427163548081A45496A76AD000C
07942A163548081A42496A76AC0003
07942C163545081A3F496A76B60008
07942D16354C081A3C496A76B70008
07942B163553081A3A496976AD0000
079423163564081A39496A76B4000C
079417163577081A35496A76BB0008
07940116358B081A32496A76B20009
0793E41635A3081A2F496A76AE000A
0793C01635B8081A2C496A76AE0009
07939D1635CA081A28496A76A1000A
07937A1635E2081A29496A76A50001
0793551635FB081A22496A76B00008
07932E163617081A1E496976AE0005
0792FF163641081A1B496A76C20008
0792C616366B081A1B496A76C70003
079286163690081A15496A76D30002
07923A1636B1081A13496A76D30005
0791F51636CE081A11496A76E4000C
0791B71636DC081A0F496B76E80006
0791841636E6081A0D496B76E30006
07915E1636E0081A0A496B76EA0002
0791481636D5081A09496B76EC000E
0791451636DC081A08496B76FE0008
07914E163709081A04496C76FE0008
07913F163748081A04496C76FE000A
079107163784081A02496C771D0009
0790AE1637AE0819FF496C771A0009
0790421637D80819FD496D77250012
078FE61638020819FB496D77230009
078F931638250819FA496C771C0008
078F491638420819F6496C77230008
078F071638570819F5496C77170008
078ECF1638650819F3496C77240008
078EA21638750819F1496C77260006
078E7F16389D0819ED496B771E0005
078E511638CE0819EB496C77260007
078E0F1638F80819E6496C77240009
078DC71639260819E7496C77280006
078D7C1639470819E4496B77360007
078D3A1639570819E2496B773D0008
078CFE16396C0819DF496B773D000B
078CD61639850819DF496B773E0008
078CA71639A80819DD496B77420004
078C771639C70819DD496B77500006
078C3F1639EB0819D8496B7748000A
078C03163A030819D5496C7749000E
078BCB163A1F0819D2496C77510009
078B9F163A3C0819CF496D775E0008
078B6D163A4D0819CD496D7771000E
078B38163A620819CB496E7776000E
078B09163A700819C7496E777A0008
078AE9163A7B0819C3496E77840006
078AC9163A820819C0496E77910008
078AB0163A7E0819C1496E77990008
078AA5163A740819BD496E779E0009
078AA3163A600819BB496F779E0005
078AB1163A460819B6496F77A60003
078AD1163A2A0819B5496F77A20009
078AFD163A030819B0496F77A50007
078B341639CB0819B0496F77B00002
078B7D16398E0819AE496F77B90008
078BD91639620819AA496F77C50000
078C3B1639570819A9496F77B00008
078C8B1639690819A6496F77B70006
078CAE16397D0819A4497077B10009
078CAA1639850819A3497077B80007
078C9016398508199F497077B40005
078C7D16397E08199C497077B8000A
078C7116397A08199A497077B80001
078C7216397D081996497077B7000D
078C70163985081996497077AF000A
078C6D16398C081990497077A90001
078C6116399308198C497077AB000C
078C4F1639A508198A497077A00002
078C371639C7081987497077A10006
078C141639E4081983497177A50005
078BDD1639F9081982497077A40008
078B9F163A0A08197C497177AB000E
078B6B163A17081978497177AF000B
078B43163A260819764971779C0008
078B1C163A34081973497077AD0002
078AF3163A42081970497077A40005
078ACC163A4908196D4970779F0003
078AA2163A5708196C497077A30012
078A7E163A5B081967497177A90001
078A5D163A62081966497177AF0006
078A3F163A6B081963497177B1000D
078A23163A6D081960497177AE000A
078A02163A7408195D497177B00004
0789E2163A7708195A497177B10008
0789CA163A77081958497177A00003
0789B4163A780819554971779A0000
0789A3163A7B08195249717796000C
078996163A7B08194E4971778C0008
078990163A7408194A497177960007
07898A163A710819484971778F0006
078983163A6D08194449727790000A
07897D163A69081942497177900008
078977163A6608193D497177920001
07896F163A6208193B497277900008
078965163A560819374972779D0009
07895B163A490819344972779A0006
078952163A3B0819324972779A0006
078945163A2D08192C4972779A0001
078936163A2108192A497277A30009
078921163A15081927497277A1000B
078910163A0E081924497277A30001
078900163A0A08191F497277A4000C
0788F2163A0608191C497277A60008
0788EA163A00081918497277A10008
0788E51639FC08191449737796000A
0788E41639F9081911497377920008
0788E41639F908190D49737799000A
0788E71639F50819054973778A0006
0788EB1639F5081904497377920004
0788EE1639F20819004973779F000C
0788EF1639EE0818FB497377A10003
0788F21639EF0818F74973779A0010
0788F41639E70818F6497377930008
0788F41639E40818F0497377990007
0788F31639E00818ED4973779A000E
0788F41639E00818E9497377940009
0788F21639D40818E34973778B0009
0788F01639CE0818E149737792000D
0788EF1639C00818DE497377960006
0788EC1639B20818DA4973778C0001
0788EC1639A20818D7497377880006
0788ED16398F0818D44973777F000A
0788EF16397A0818D0497377870006
0788F41639620818CD4973777B0006
0788FB1639470818C849727777000A
0789031639340818C64973777A0006
07890E1639220818C1497377780007
07891B1639180818BE497377780008
07892716390A0818B949737776000B
0789301638FE0818B44973775F0007
0789341638EE0818B04973775B0006
07893A1638E30818AC497377520003
07893D1638D20818A8497377520006
0789411638C50818A4497477470008
0789481638B50818A14973773D0003
07894F1638A708189C4974773E0008
07895816388F08189B4974772F0007
07895F163876081897497477310009
07896716385308189449757733000C
07896E16382608188F4975772A0008
07897E1637F408188D4975772D0008
07898B16379908188949757729000A
0789991637770818864975771E0006
0789A616374C0818804975771A0008
0789B416372C0818804976771E0007
0789BE16371B08187C497677170006
0789C716371008187849767701000C
0789CE16370F081875497776F10001
0789D216371008186F497776E00005
0789D616371008186F497776E30006
0789DA16370908186A497776D50009
0789DA16368E081863497776C20006
0789D41636FB081861497776B80008
0789D01636F808185D497776B30001
0789CB1636F1081858497776AE0005
0789C71636EA081853497776A0000B
0789C21636E70818504977769B0007
0789BC1636E308184B497776850003
0789B81636DF08184A4977766E000A
0789B51636DF081845497776680007
0789B11636DF0818434977765A0003
0789AD1636E4081840497776500004
0789A41636EA08183A4977763A0006
0789981636F1081837497876440005
0789861636FB081832497876390006
0789731637020818314978763B0009
07895C16373408182C49787640000B
078933163792081829497876410009
0788E61637FF0818264978763E000A
07887216384C081821497876490003
0787EF16389608181E497876490005
0787771638DC08181A49787652000F
07870E163911081817497876660000
0786B3163937081813497776600008
07866916396908180F49777672000D
07862B16399E08180C4977767C0008
0785E31639E00818084977768A0008
07859B163A38081803497776900006
078546163AA5081802497776A5000C
0784DD163B1C081800497776A1000E
07845E163B9E0817FC497776B20000
0783C4163C160817FC497776B50008
07832F163C710817F6497776AE000D
0782A5163CDD0817F7497876B90008
078226163D330817F0497876C0000B
0781A3163D720817F0497876B5000A
07813B163D9C0817EE497976D50003
0780ED163DC60817E6497976EA0007
0780B0163DEC0817E749797700000A
078081163E100817E4497A771A000D
078061163E330817E0497A772C000C
07803A163E530817DE497B773E000C
078016163E570817D8497B774A0000
078001163E290817D8497B77490010
078018163DC60817D5497B774E000C
078081163D600817D5497B77530006
07811F163D190817D1497B77580008
0781CE163CF70817CC497B77610009
078262163CE20817CA497B7769000A
0782CD163CD70817C8497C77770008
078316163CE00817C3497B77790006
078338163CEC0817C3497C77810003
07833C163D0F0817C1497B77930008
078326163D330817BF497C779D000E
0782FC163D520817BC497B779D0003
0782C5163D750817BA497C77AD0004
078290163D840817B7497B77BD000A
078261163D750817B3497B77C20006
07824B163D5C0817B2497B77CC0007
07824D163D480817B1497C77CC0005
078263163D410817AE497C77D00002
078277163D2F0817AD497B77D00003
078288163D1C0817AB497B77CF0001
0782A2163D050817AA497B77D6000E
0782CE163CF00817A9497B77D5000A
078301163CE20817A6497B77D30006
078338163CE50817A5497C77D9000A
078363163CE70817A4497C77E10007
07837A163CF70817A1497C77E50005
078381163D280817A2497C77DD0009
07836B163D9508179E497D77E60001
078324163E3608179F497D77E80004
078298163EF508179E497D77E80010
0781CC163F7B08179E497D77F00006
0780EC163FEF08179B497E77EE000A
07800B16407308179B497E77F40007
077F4416410908179A497E780F000A
077E861641B9081799497E7817000B
077DCA16422D08179A497F78340004
077D1516426A081797497E783A0010
077C891642A8081796497F783A0003
077C221642C8081798497F7858000A
077BD21642DA081797497F78940006
077B8E164301081795497F789C0005
077B53164351081794497F78A60008
077B111643E9081795497F78AE0008
077AA11644F2081792497F78CF000E
0779E3164639081791497E78E40004
0778CD16479E081791497F78FB0005
07776416490D08178E497F79230009
0775D1164A4308178A497F793D000A
077409164B38081789497E79650006
077274164C16081788497F79880001
077126164D03081786497E79AA0001
076FD1164DC9081785497E79D10006
076EAB164E6C081784497F7A000008
076DCA164F2F081783497F7A410008
076CE8165073081783497F7A6E000E
076BC91651FE081784497E7AAF0000
076A51165320081784497F7AEC0006
0768C61653F8081785497F7B240002
07676C16546A081783497F7B5B0009
0766651654DB081783497F7BA50003
0765AD16552E081783497F7BD20006
07650516556908178349807C050006
07648116558D081781497F7C32000A
0764281655E108177E497F7C740003
0763D016566508177D49807CB40006
0763711656FE08177D49807CF50006
0762EC16574B08177849807D2F0005
07626E16578108177549807D64000E
0761F21657B608177349807DA4000C
07618A1657EA08177149817DD60007
07613D16582808176F49817DED0008
0760FB16588408177049817E160008
0760A91658D608176D49817E390008
07604E16592F08176C49817E5F0011
075FE616599E08176A49817E770006
075F6C165A0408176849817EA20003
075EF9165A6E08176749817EB4000F
075E7F165AD508176849817ED20003
075DF0165B4408176549827EEF0007
075D5E165B9C08176749827F0C0007
075CD2165BF508176649827F210006
075C52165C2E08176449827F2E000A
075BEA165C5908176749827F4F0006
075B9D165C7208176449827F6C0005
075B6C165C6B08176549827F890003
075B4A165C4E08176349827F9D000A
075B46165C4A08176349827FAA000A
075B52165C4B08176149827FBD000A
075B5C165C4A08176249827FE40005
075B61165C4E08176149827FE00010
075B60165C6008176249827FE20002
075B5C165C7D08176049837FF90009
075B4C165C990817624983801B000A
075B3A165CB50817654983803A000A
075B18165CC40817654983804D0006
075AF5165CD20817654983805A0006
075AE0165CE30817684983806C000A
075AD7165CF30817684984806F000C
075ABB165D00081769498480630009
075AA3165D0108176A498480730005
075A90165D1208176D4984806F000C
075A86165D1508176E4984806B0009
075A80165D1F08177049848069000C
075A7F165D2708177149848071000A
075A7C165D270817724984807A000A
075A77165D2D0817724985808F000A
075A6A165D23081774498580A50001
075A65165D00081775498580AB000C
075A77165CAC081776498580B40000
075AA1165C19081777498580BC000C
075B05165BA0081779498580BF0008
075B99165B3908177A498580AD0001
075C2E165ABC08177B498580AB0008
075CC4165A4008177E498580A70007
075D62165A0B081781498580AB0000
075DEB165A200817854985809E000A
075E3B165A690817874985809D0006
075E43165AC408178949858096000A
075E0F165B0408178C4985808A0003
075DBC165B1208178E498580770001
075D79165B0B081790498580670007
075D59165AFC0817924985805B0008
075D4B165AD50817924985804B0003
075D54165AA0081792498580310006
075D79165A690817924985801C0006
075DB2165A4E081791498680190008
075DEC165A4008178F49867FF20000
075E15165A4008178F4986802E0000
075E30165A4408178E49867FE10007
075E39165A4B08178E49867FE9000C
075E3D165A5508178D49867FE60003
075E3D165A6408178E49867FE00008
075E33165A7908178C49877FEC000C
075E22165A9208178E49877FEA0007
075E0E165AB508178F49877FEA0004
075DF5165ADC08179049887FA50009
075DCE165AF408179549887FF90006
075DAE165B0708179649897FDF0006
075D91165B1C08179849887FDD0008
075D72165B3108179949887FF00007
075D5A165B3C08179A49887FF30002
075D45165B4808179A49887FF50006
075D33165B4B08179B49887FE50004
075D2B165B3C08179949887FE20008
075D29165B2A08179A498980200006
075D35165B2408179A498980000009
075D41165B3908179A4989800A0006
075D47165B4F08179A498980240006
075D36165B6708179B4989802F0008
075D1E165B72081799498980240006
075D07165B85081799498880200005
075CEF165B9C08179C4988802F0008
075CD6165BB208179D49888036000A
075CBF165BC608179B498880350008
075CA2165BDC08179D498980370007
075C8C165BEE08179F498980400007
075C70165BFC08179E498A804C0007
075C59165C0008179E498A80570003
075C48165BFC0817A14989805A0005
075C41165BF50817A1498A80670003
075C48165BF90817A1498980660008
075C4A165BFC08179D498A805E0003
075C4D165BF908179C498A805A0007
075C4B165BF208179B498A804F0008
075C50165BEB081797498A8045000A
075C56165BEE081796498A804D0007
075C5E165BF2081794498A804B0003
075C5F165BFC081792498A805C000C
075C5B165C0708178E498A80610001
075C56165C1008178D498A805E000A
075C49165C19081788498A80670006
075C3E165C20081786498A805C0004
075C34165C28081783498A804E000A
075C2D165C1C081780498A80380008
075C2C165C0B08177C498A80410007
075C32165BEB08177E498B80390009
075C49165BBC081777498B8051000B
075C6F165B95081773498B80480009
075C9E165B78081771498B80490007
075CD1165B7508176D498B80590007
075CF4165B82081767498A805A0001
075D01165B8B081763498A80550008
075CFF165B8E08175D498A80570006
075CF8165B96081755498A80520006
075CF1165B9908174E498A804D0007
075CEA165B9C081748498A80420002
075CE4165BA7081743498A804C0006
075CDB165BC308173C498A80480003
075CC8165BDC081734498A80390005
075CAD165BF808172D498A80370008
075C8B165C07081727498A8040000A
075C6E165C1C081721498A80490007
075C51165C2F08171C498A804A0005
075C38165C3C081713498A80600006
075C1E165C5408170D498A80680009
075C04165C5C08170A498B80710007
075BEB165C60081704498B8075000C
075BDF165C650816FD498B807C0007
075BD6165C800816F6498B808D000D
075BC7165CA70816F3498B808B0001
075BAA165CDF0816EC498C80930009
075B75165D230816E5498C809D0009
075B2D165D660816E0498C80A40005
075AD3165DA70816D9498B809A0007
075A79165DD90816D3498B8096000A
075A25165E090816CF498B80850000
0759DD165E2E0816C9498B80850009
07599D165E4E0816C4498B807E000B
075962165E790816BD498B80850003
075928165E920816B7498B80820009
0758F3165EAE0816B3498B80900003
0758C8165EC30816AB498B809D0009
0758A3165ED90816A6498B80BA0008
075881165EF30816A0498B80BE0007
07585F165F1608169A498B80CB000F
075837165F39081693498B80BE000A
075811165F5808168F498C80D2000B
0757E1165F76081687498C80D80001
0757B4165EF6081681498C80FD0008
075784165FDD08167A498C81010006
075746166019081674498C81080000
0756F716604C08166D498D810E0003
0756AC166072081667498D81130003
07566D16608F08165F498E810E0002
0756331660B208165A498E811E000A
0755FD1660D3081650498E81270009
0755CB1660F608164B498E81460008
07559F16611F081647498E81630003
075577166141081642498E81720008
07555016615508163D498F817E0008
075525166161081636498F819A000C
07550016617A081631498F81A20000
0754E41661A008162A498F81B00004
0754BB1661BE081621498F81BC000F
07548F1661D708161C499081D60001
0754671661F1081615499081F20006
07544516620808160F499181F9000B
07542216621D0816094991820B0005
0753FF166230081601499182070003
0753E01662530815FC4991821C0001
0753C01662790815F949918221000B
07539616629B0815F24991822B000B
0753691662B60815EA4991823D000B
07533E1662CC0815E5499182320004
0753151662DB0815E24991822C0008
0752F21662F60815DA499282360005
0752CE1663100815D54991824A0006
0752A91663260815D0499182550008
07528A16633E0815CC4991825B0008
0752681663700815C7499182700001
07523C1663A00815C1499182810003
0752021663D10815BC4991829F0006
0751BE1663F10815B8499182A50009
07517E1664060815B2499182C0000C
07514716640D0815AD499182C60009
07511F16641E0815A8499182CC000A
0750FF16643F0815A5499082EC000C
0750E31664710815A0499082F40006
0750A71664A208159C499082F60003
07505F1664E0081599499083130002
07500F166520081595499183130009
074FC3166579081591499083270008
074F5B1665CF08158D499083290006
074ED9166618081589499083200008
074E53166656081588499183310008
074DE316667A0815854991832D0006
074D8516669608158449918334000C
074D401666BA0815824991832F0005
074D001666E0081582499183340006
074CC31667170815824991833F0005
074C82166746081580499183520006
074C3D166782081582499183690008
074BF21667CD081582499283880003
074B8D1668340815824992839B000A
074B0F16688E081581499283CB000A
074A7D1668E5081582499383DB0009
0749EE16693608157D499283F30006
07496916698B0815814993840F0006
0748E81669C608157F4993841E0006
0748671669DD081580499384350008
0748061669D008157F4992845C0004
0747D4166976081580499384790008
0747E81668B5081580499384940003
0748651667AD081580499384A40003
07495F1666C8081583499384AB0005
074A9E16661B081584499384B40005
074BD41665A0081588499384B60005
074CE816654908158C499384B60007
074DC816651508158F499384B00003
074E6A16650E081591499384B20008
074ECF166512081593499384890003
074F02166515081597499284760007
074F1716651C08159B499384540001
074F1D16652308159E4993842D000B
074F151665190815A249938424000D
074F0C1664C10815A54993840B0008
074F2E16643F0815A8499383FF0003
074F8816639B0815A8499383DB0002
0750211662EC0815AA499383CE0000
0750EF1662770815AC499383BC0004
0751CA1662A20815AC499483AA0008
07525A16638D0815AD499483A50001
0752281664FC0815B249948399000A
0751101666700815B14994838A0006
074F601667970815B149948380000D
074DA216686B0815B2499583780002
074BFC1669040815B04995836C0008
074A921669320815B0499583780009
0749A216691C0815AE4995836F0006
07492416692E0815A849968380000A
0748EA1669990815A7499683870003
0748AE166A660815A44996839D0009
074829166B6A0815A0499683B9000B
07472E166C6B08159F499683E20007
0745DE166D6E08159D499784320000
074478166E39081599499784380006
07431A166EEF0815974997846A0004
0741C3166F86081593499884960003
0740A216701108158F499784C9000C
073FB216706708158C499784FF0006
073EF416705108158949978531000E
073E81166FED0815864998856F0008
073E65166F90081582499885970009
073E9E166F77081580499985C50006
073EF0166FB8081579499885F00004
073F0B16702C081577499886160009
073ED61670AF081573499886300006
073E6016710D08156D499886630008
073DD61671690815694998867D0006
073D4F1671D5081566499886B10004
073CC2167232081560499886C80004
073C3216726B08155A499886E5000B
073BC2167295081556499886F80006
073B661672AB081552499887130008
073B221672AA08154D49998738000A
073B0B16728808154A499987440007
073B1916725B081545499987530001
073B43167232081542499A87540006
073B8516720708153E499A8766000B
073BC91671E408153C499A876F0008
073C0E1671CA081537499A876E000B
073C431671C5081535499A87670007
073C6F1671CA081530499A87520010
073C7F1671DD08152D499A875A0007
073C7E1671DC081529499A87500008
073C741671E7081524499A875A0003
073C6B16720708151F499A87640000
073C4D16723D08151C499A876B0003
073C1D16727D08151A499A87620006
073BDD1672F0081517499A876E0005
073B7F167384081512499A87710008
073AF716743608150E499A8772000B
073A411674D608150A499A877A000A
073976167578081507499A87870002
0738A916761B081503499A87830003
0737D51676AD0814FF499A87920010
0736EF1677180814FB499A87AC0006
0736361677470814F6499B87BE0003
0735AF16775C0814F3499B87CE000A
07355D16775D0814EF499B87D10004
0735351677520814E9499B87E00000
0735331677520814E7499B87F9000A
0735411677590814E2499B87EC0007
07354A16775C0814DF499B87F40006
07354D1677520814D8499B8806000A
07354A16773A0814D4499B88130008
07354C16772B0814CF499B881E0008
07355D1677290814CC499B88270007
07357216772E0814C8499B883C0006
07357C16772C0814C5499B883C0007
0735801677200814BF499A8827000A
0735851677180814BC499A8873000E
07358F1677150814B7499B886F0003
07359F16771F0814B5499B88750006
0735AB1677440814B0499B88B80008
0735A11677680814AC499B88700000
07358316778C0814A8499B88710003
07355D1677A50814A2499C88A00008
07353D1677C308149E499C88A10006
07351B16780D08149A499C88A80005
0734D6167860081494499B88910009
0734661678CB08148F499C88850001
0733F916793B081488499C88AC0008
07338516799F081483499C88A7000A
073300167A0B08147D499C889F0005
073275167A68081478499C88AE0008
0731E3167AC1081474499C88CB0009
07314F167B1108146F499C88D40006
0730BE167B5108146D499C88E10006
07304B167B80081469499B88E20008
072FEF167BAD081466499C88F40006
072FA3167BDE081466499C88F50005
072F54167C14081466499C88FB0001
072F03167C4A081460499B890A0008
072EC0167C8108145D499C891B0008
072E7A167CB908145D499C892A000A
072E27167CF908145B499C89310008
072DC9167D2908145A499B89520008
072D6F167D4B081457499B89600007
072D37167D50081458499C897E000B
072D14167D4D081453499C89910008
072CFC167D3E081454499C89A70008
072CF7167D42081455499C89BA0001
072D03167D60081453499D89C3000A
072CFD167D91081452499D89D90009
072CE2167DB6081453499D89F40007
072CA9167DD5081452499D89F70008
072C6D167DDB081454499D89F10006
072C48167DC7081454499E89F10009
072C3D167DA8081455499E89FC0008
072C4D167D91081458499E89EC0009
072C68167D82081458499E89ED0005
072C8B167D7B081455499E89DB0002
072CA4167D7F081455499F89C10001
072CB4167D78081453499F89AB0008
072CBE167D6A081454499F899D0008
072CCD167D5B081452499F89A4000B
072CE1167D48081452499F89AA0007
072CF7167D3B08145449A089B50009
072D0A167D3308145649A089AD0006
072D1C167D3408145749A0898D0005
072D27167D2208145749A089880007
072D31167CF608145B49A089750003
072D4E167C9D08146049A089740002
072D91167C3408146249A089780008
072DFD167BCF08146449A089680009
072E7F167B3908146949A089640007
072F1E167A8708146849A08964000A
072FDF167A0E08146A49A0894C0006
0730AF1679E908146C49A1893F0000
07314F167A0408147249A189360006
07319B167A0F08147149A18930000E
0731B31679F908147049A189330006
0731BF1679D808147149A289240006
0731D31679E008147349A2891F000B
0731E4167A4608147549A289100006
0731BE167AE608147649A289000008
073136167B9D08147749A288EF0007
073064167C6608147749A388DC0005
072F68167D1E08147949A388DE0008
072E5B167DAB08147B49A388CF0005
072D53167E0808147F49A388DC0005
072C7B167E4C08148349A488F60004
072BC5167E7B08148549A389080002
072B3A167E7C08148749A389200004
072AEC167E7708148D49A3892E0001
072AC8167E6108148F49A3893A000C
072AD3167E4508149249A3893E0008
072AF8167E2708149249A389480008
072B24167E1A08149549A389440005
072B52167E3108149749A389420008
072B66167E6208149A49A489490001
072B50167EB608149B49A489590005
072B0C167F0B08149C49A4895B0003
072AAD167F4A08149C49A4896C0006
072A42167F770814A149A489820007
0729E3167F990814A449A4898C0009
072991167FA90814A749A4899F0008
072954167FB80814AA49A589A7000F
072937167FBF0814AD49A589B4000A
072933167FC20814B149A689A50009
07293F167FC20814B249A689B10008
072951167FC20814B549A689C5000A
072960167FC60814B449A689CE000C
072972167FD00814B449A689D40007
072984167FCD0814B649A689CB0002
07298E167FC50814B149A689C90004
07299E167FBF0814AE49A689BC0006
0729AE167FB80814AA49A689BE000D
0729C0167FBB0814A749A589C30001
0729CD167FBB0814A049A589B8000B
0729D3167FC608149D49A589BE0007
0729D1167FC508149649A689C90008
0729CB167FCA08149349A589D0000C
0729C9167FC908149249A589E90003
0729C8167FC208149049A489ED000A
0729CB167FB408149049A48A050006
0729D5167F9E08148F49A58A030006
0729E7167F8808148E49A58A0E0005
072A09167F6508148E49A58A0F0006
072A32167F4008149049A58A040003
072A63167F2008149149A58A020007
072A95167F0908149249A58A000006
072AC3167EFC08149449A589F60008
072AE5167F0208149749A589E90009
072AF6167F0E08149649A589E50001
072AF7167EF808149749A589DE0003
072AFA167ECA08149949A589DC000D
072B0F167E9F08149A49A589DC0007
072B34167E7B08149949A589DF0009
072B62167E6B08149949A689E50008
072B8A167E6C08149749A689FF0008
072BA2167E7508149949A689F30001
072BAB167E8208149549A689F4000A
072BA4167E8D08149349A689F40006
072B98167E9008149249A689F4000E
072B8C167E8D08148E49A689F8000B
072B84167E9008148F49A689F40009
072B7A167E8708148D49A689F50005
072B75167E6208148B49A689F40003
072B7B167E3108148A49A689FA0004
072B9E167E0408148D49A689EC0009
072BD3167DDB08148B49A689F00000
072C0D167DAE08148C49A689EF0008
072C47167D9008148C49A789DF0005
072C7E167D7F08148A49A789C40009
072CB2167D6E08148A49A789B30003
072CD7167D6208148A49A789A70004
072CF8167D4F08148949A789910003
072D17167D3708148849A78981000C
072D34167D2208148849A7897F0005
072D53167D1A08148549A889870005
072D6D167D1808148549A889750002
072D80167D1A08148349A8897C0004
072D89167D1F08148249A8897B000A
072D8C167D1E08148149A989770003
072D8B167D1B08147E49A989860006
072D8F167D1008147C49A9898D000C
072D9A167D0008147949A989930006
072DA8167CEC08147849A9898E000C
072DC0167CCD08147549A889A7000D
072DDE167CA708147449A989A0000E
072E03167C9208147249A989A60009
072E2B167C8308147049A989B10007
072E51167C7C08146F49A989AB0008
072E71167C7708146C49A989A30003
072E86167C6A08146D49A9899A0008
072E97167C5C08146D49A989930006
072EA4167C5808146B49A9899F0008
072EB3167C6D08146B49A989A30005
072EB5167C8008146A49A989A2000C
072E9E167C9608146C49AA89A4000A
072E81167CB208146A49A989B10006
072E59167CC608146949A989B10007
072E35167CD608146A49A9899A0008
072E0E167CDA08146749A9898F0007
072DF5167CDD08146849A989830010
072DE9167CE508146749A9897E0001
072DE1167CEF08146649A9898D0001
072DD4167CF608146249A9897D0001
072DCA167CF308146249A989860004
072DC3167CF908145F49A9897C000A
072DBF167CFE08145E49AA896D0006
072DBB167D0E08145949AA89620005
072DB2167D3008145649AA89530007
072D9F167D5208145249AA895B0008
072D7D167D7B08145149AA89580004
072D52167DB908144D49AA89670007
072D17167DFD08144B49AA896F0007
072CCE167E3108144A49AA8980000B
072C7B167E5708144849AB898B0003
072C35167E6F08144949AB898F0003
072BF7167E7E08144949AB898B0006
072BCC167E8708144649AB8995000E
072BAE167E8608144649AC89980007
072B9E167E7508144649AC89950009
072BA0167E6208144449AC899E0008
072BB1167E5308144249AC89AD000A
072BC8167E5008143D49AC89AD0000
072BDA167E4C08143C49AC89AF0006
072BE7167E4C08143849AC89BA0003
072BED167E5008143449AC89C70003
072BEB167E5708143149AC89C5000A
072BE6167E5D08142E49AB89CC000E
072BE0167E5E08142A49AC89D4000C
072BD7167E5308142949AC89E50004
072BD4167E4108142349AC89FA0009
072BDD167E2D08142049AC89EB000C
072BF1167E1308141E49AD89EA0006
072C0E167DFD08141A49AC89E80001
072C2B167DEF08141949AC89E30009
072C45167DE508141849AC89DE0006
072C5B167DD908141649AD89CB0009
072C6F167DD408141549AD89B80008
072C7E167DCB08141349AD89AE0008
072C8D167DC308141049AD89AE000A
072C99167DC308141049AD89A20007
072CA2167DC708140D49AE89AB0008
072CA4167DD208140A49AE89AE0009
072C9D167DE708140749AE89C00008
072C8B167E1508140649AE89B60005
072C64167E4508140349AE89B30006
072C22167E7508140049AE89B20009
072BD6167E980813FE49AE89B80008
072B92167EA50813FB49AE89C20001
072B58167EB10813F949AE89CF000A
072B35167EC40813F749AF89D20006
072B1A167ED80813F449AF89E40005
072AFD167EE30813F049AF89F9000A
072AE3167EE30813F149AF89FB0000
072ACC167EDC0813EF49AF89F80001
072AC6167ED10813ED49AF8A0D0006
072ACB167ECB0813EB49AF8A020008
072AD5167ED80813E849AF89F20003
072AD5167EF80813E649AF89EE0007
072AC4167F160813E649AF89E30001
072AA2167F320813E449AF89D50006
072A7A167F530813E149AF89C6000B
072A4C167F7D0813E249AF89BF0007
072A16167F9E0813DD49AF89B40006
0729E1167FC20813DC49AF89A40001
0729AA167FE60813D949AF89A30003
07297516800A0813D849B089A10006
07293D16802B0813D449B0899E0001
0729061680480813D149B189A1000C
0728DC16805A0813CE49B189BA0007
0728BE1680590813CC49B089BB0004
0728AA1680520813CB49B189D10007
07289F1680520813C949B189E1000A
07289D1680520813C749B189E8000A
07289F1680330813C549B289F80004
0728B4167FF50813C149B289FA0008
0728E7167FA00813C149B28A090002
072941167F5E0813C249B28A030006
0729A0167F2E0813C149B28A160004
0729FE167F200813BD49B28A130008
072A4C167F580813C049B28A070006
072A58167FB80813BC49B38A15000B
072A1E1680110813B949B28A0A0008
0729B61680440813B849B28A050004
0729541680630813B649B18A120006
0729001680900813B249B18A120003
0728B71680CA0813B249B28A140002
07287616810E0813AF49B18A100008
07282F1681530813AD49B28A1D000B
0727D61681B00813AB49B28A2C0006
0727701682430813A949B28A33000F
0726EB1682E20813A949B28A25000A
0726311683890813A949B28A2B0006
0725511684180813A549B28A390005
0724751684990813A749B28A420008
0723AA1684F90813A549B38A4C000A
0722F31685430813A449B38A510007
07225B16857F0813A349B38A4E0008
0721E71685B30813A449B38A4A0006
0721821685D808139F49B38A4A000A
0721391685F808139F49B48A420000
07210616861D08139F49B48A3E0003
0720D916864308139C49B58A32000F
0720AB16866508139B49B58A2C000A
07207916867908139749B48A24000A
07205316868B08139749B58A280002
07203116869E08139449B48A48000A
0720171686B008139349B58A4A0006
071FF81686BE08139049B58A5C0008
071FDF1686C508138C49B58A5E0004
071FCF1686CC08138A49B58A650009
071FC21686D308138649B68A64000A
071FB81686D708138349B68A680003
071FAE1686DD08137E49B68A590001
071FA71686E408137A49B68A620006
071FA41686ED08137449B78A5D0008
071F991686F508137149B78A630005
071F8F1686FB08136B49B78A6B0001
071F8516870608136849B78A790006
071F7716870D08135F49B78A7F0007
071F6A16871B08135C49B78A900006
071F5D16872308135749B78A940000
071F4E16872908135349B88A820005
071F4116872E08134E49B78A7D0009
071F3616872C08134C49B78A760004
071F2F16872A08134849B88A68000A
071F3016872508134449B78A5F0003
071F3816872308134049B88A61000B
071F3E16871B08134049B88A50000E
071F4516871508133849B78A5D0001
071F4F16871108133549B78A670005
071F5916870D08133249B78A700003
071F5F1686FF08132D49B78A7E0003
071F6A1686F208132749B78A880004
071F7C1686F408132349B78A840006
071F881686FF08132149B78A6A0007
071F8416871808131E49B78A870002
071F7516873008131B49B88A7B0005
071F5816874408131A49B88A700006
071F3916874F08131649B88A660006
071F1A16876008131549B88A660003
071EFF16876008131149B88A61000E
071EEA16876008130E49B98A670001
071EE116876008130B49B98A860006
071EDC16876808130949B98A8C000A
071ED716876A08130749B98A9B0008
071ECE16876F08130549B98AA3000A
071EC616877408130549BA8AAB0002
071EBE16876F08130149B98ABB0006
071EBB16876308130149BA8AB60006
071EC516875208130049BA8ABD0006
071ED51687350812FD49BA8AC0000A
071EEE16872C0812FC49BA8ACF0002
071F0B1687270812FC49BB8AD90006
071F2116871E0812F949BB8AD10006
071F2F16871C0812F949BB8ACF0008
071F371687220812F749BB8AD30003
071F3916871F0812F849BC8AE40009
071F391687250812F549BC8AEA000B
071F3A1687150812F549BB8AED0007
071F411687030812F549BB8AF10006
071F521686ED0812F349BB8ADF0004
071F691686DD0812F249BB8ACA000C
071F851686CC0812F249BB8AC40005
071FA01686C20812F549BB8AB90004
071FB91686BA0812F549BB8AAD0005
071FC91686BB0812F449BB8AAA0003
071FD71686B70812F549BC8AB70006
071FDE1686B70812F449BC8AB50008
071FE21686C20812F249BB8AB70003
071FDE1686C20812F449BB8ABC0003
071FDA1686BE0812F349BB8AC60001
071FD71686B70812ED49BB8ACB0004
071FDA1686B00812F149BC8AC80005
071FE21686B30812F149BC8AB20005
071FEA1686BE0812F049BD8AC8000A
071FE81686DB0812F249BD8ABB0003
071FD71686FC0812F249BD8AB90002
071FB11687270812F349BD8AA20001
071F831687410812F149BD8AAD0001
071F5116874B0812F249BD8AAA0001
071F2D16874B0812F249BD8AAC000D
071F1316874E0812F249BD8AA80006
071F081687520812F349BD8AA2000B
071F001687560812EE49BD8A9B0007
071EFA16873D0812EE49BE8AAF0006
071EFD16870D0812EE49BE8AAF0005
071F1A1686D00812EA49BE8AC40008
071F5216868E0812EB49BE8AB90012
071FA21686550812E849BE8AC00001
071FF91686270812E749BE8ACF0006
0720501685E90812E349BE8AD0000A
0720A21685B20812E449BE8AC9000B
0720FA1685790812E149BE8AD20008
07214D1685360812DE49BE8ACD000B
0721A11684CC0812DC49BE8ACB0006
07220C1684500812D949BE8AC00008
0722961683D00812D749BF8A9B0009
07232F1683450812D649BF8A870008
0723DD1682DE0812D549BF8A7F0002
0724911682660812D349BF8A7B0009
0725441681DB0812D049C08A6C0003
0725FB1681610812CC49C08A5E000C
0726B81680FC0812CA49C08A520008
0727691680AB0812CA49C08A5B0006
07280B1680730812C549C08A510005
0728841680740812C149C18A34000C
0728CD1680A90812C149C18A2A0006
0728DF16810E0812BB49C18A100006
0728A516819A0812B449C189F0000C
07282416822B0812B249C189D90008
07276D16829A0812AF49C189CD0006
0726B71682D00812AA49C189C70005
0726181683020812A749C189CF0008
0725A01683480812A049C189C50006
07253816839A08129F49C289CB0003
0724D11683D808129C49C289C30008
07246116840D08129749C289CB0008
0723FA16842E08129549C289DB000A
0723B016845208129049C189E3000D
07237416846F08128B49C289F3000C
07233F16848E08128749C28A060008
0723101684A508128449C18A11000B
0722EA1684B408128149C28A1C000D
0722C91684B308127C49C28A2C0008
0722B016849908127749C18A44000C
0722B116847908127449C18A4A0007
0722CF16845E08127149C28A4A000D
0722F516844008126C49C28A43000C
07231E16842708126B49C28A3B0005
07234A16841408126749C28A360004
07236D16840C08126149C28A430009
07238A16840D08125E49C28A420004
07239A16841308125E49C38A3B0004
0723A016841108125949C38A380000
0723A116840108125749C38A3E0001
0723A41683F008125349C38A4C0005
0723AF1683DF08125149C48A4C0003
0723C21683D308124D49C58A3A0007
0723D61683CE08124C49C58A3D0001
0723E51683C908124749C58A410009
0723ED1683CA08124649C58A370006
0723F11683C508124149C68A390008
0723F21683B908123D49C68A4A0003
0723F61683AC08123949C78A4B0002
0724011683AC08123749C78A4B0008
07240C1683AF08123549C78A4D0005
07240E1683A808123249C78A36000E
07240E16838F08122F49C78A2E0006
07241D16837808122B49C78A2B0009
07243416835C08122749C78A32000A
07245316833708122649C88A3D0009
07247A16830A08122149C88A480008
0724AD1682E608121E49C78A500005
0724E91682D008121E49C78A590003
07251C1682D408121849C78A500009
0725381682F908121749C78A450009
07252E16832E08121649C88A3B0004
0724FC16835D08121249C88A25000A
0724B316838108121149C88A110005
07246916839408120D49C88A08000C
07242716839308120B49C88A090006
0723FF16839008120A49C98A010003
0723F016838F08120549C989F0000E
0723F016839008120249C989F30003
0723EF16839608120249C989F40006
0723F11683A10811FE49C989F4000A
0723E71683A80811FB49CA89F60004
0723DA1683B20811FB49CA89E90003
0723CC1683BE0811F749CB89E70008
0723BA1683D80811F749CB89E60002
07239E1683F40811F549CB89F4000B
07237916840C0811F349CB8A060008
07234E16841F0811EF49CB8A210003
0723231684240811ED49CB8A250003
0723051684180811EC49CB8A230006
0722FA1684080811EC49CA8A430006
0723011683E90811E949CA8A4C0006
07231E1683C70811E849CA8A420001
0723491683AF0811E849CA8A4C0007
07237D1683A50811E449CB8A560004
0723A91683B70811E349CB8A6E0003
0723BC1683D50811E149CC8A740002
0723AB1683FB0811E049CC8A740005
0723821684200811DC49CB8A7B0005
07234616843F0811DA49CB8A7B0009
07230A1684600811DB49CB8A79000F
0722CF16848B0811D949CC8A630005
07228B1684B30811D649CC8A6E0001
0722461684CC0811D849CC8A6B0003
07220C1684E50811D549CC8A6C0000
0721DE1684F90811D549CC8A710003
0721B61685110811D249CD8A5B0004
07218A16852C0811D349CD8A57000C
07215D16853C0811D049CE8A570002
0721391685480811CF49CE8A540005
07211C16854E0811CE49CE8A560009
0721061685590811CE49CE8A5C0007
0720FB1685590811CD49CE8A4E0006
0720F51685590811CC49CE8A430008
0720F816855C0811CA49CF8A490002
0720F91685630811C949CE8A4B0006
0720F81685670811CA49CE8A4A0006
0720FA1685630811C949CF8A570009
0721011685550811C749CF8A4C0003
0721101685480811C749D08A590007
0721261685400811C749D08A5F0002
07213F16853D0811C849D08A7A0009
07215416853C0811C749D18A850008
0721641685330811C749D18A80000A
07217616852C0811C449D18A840007
07218916852A0811C349D08A8D0006
0721981685290811C549D08AA40008
0721A416851F0811C249D08AAC0004
0721AE1685180811C049D08AA30006
0721B716850D0811C049D18ABC0010
0721BF1685110811BE49D08ABE0006
0721C21685260811BF49D18ABA000A
0721B416855C0811BC49D18AB50003
07218416858F0811BE49D18AAF0006
07213E1685B90811BC49D18AB80006
0720F41685E60811BC49D18AB50006
0720AC1686050811BB49D18AD00006
07207016861F0811BA49D18ACF000A
0720411686500811B949D18ADE0008
0720121686880811B849D18AD1000C
071FD11686BB0811B849D18AE70007
071F851686DB0811B649D28ADE0007
071F411686FC0811B649D28ADE0000
071F051687230811B449D28ADF0000
071ECF16873A0811B349D28ADB0006
071E9F1687520811B349D28AD30002
071E7516875D0811B049D38AD40006
071E501687520811B149D38AD50008
071E3C1687390811B049D48AB40005
071E4316871B0811AE49D58AAA0005
071E5A1687060811AB49D58AA00009
071E7E1686F20811A949D58A9B000B
071EA01686E90811A649D68A9E0007
071EB91686F90811A549D68A990006
071EC21687110811A449D68AAB0008
071EB516872508119F49D68AAC0009
071E9A16876008119D49D78AB0000E
071E611687F008119B49D78AC60008
071DF71688A908119A49D78AC00006
071D4616896708119549D78AC00003
071C4C168A0408119449D78AC20008
071B27168A7708118F49D78AB70007
071A19168AD708118D49D78AC20003
071935168B1D08118B49D88ABB0006
07185D168B5008118849D88AB9000C
0717BF168B7108118349D88AC50006
07175B168B8308118249D78AC80000
0716F5168B8308117E49D88AC90008
0716A7168B7C08117C49D88AC90006
071677168B7408117A49D88AC70000
07165A168B6B08117849D88ADD0002
07164F168B6208117549D88AE90006
07163F168B5A08117149D88AF30006
071636168B5608116E49D88B13000A
071631168B4908116B49D98B1B0002
071630168B3708116849D98B2D0005
07162E168B1A08116449DA8B380009
071638168AF608116249D98B3C0004
071648168AD508115B49D98B450008
071663168AB508115C49D98B400005
071681168A9808115949D98B550008
0716A2168A7E08115349D98B4D0008
0716C6168A6908115049D88B400009
0716E9168A5808115049D88B480007
07170E168A4D08114B49D98B30000A
071738168A3D08114A49D98B270006
071763168A2B08114549D98B320006
07178E168A0408114249D88B2F0008
0717B51689CB08113F49D98B2F000D
0717D216899E08113A49D98B1A000C
0717EF16898208113849D98B140009
07180316896808113449D98B0C0008
07180E16895D08113149D98AEF000A
07181316896808112D49D98AEB0006
07180E16898608112B49D98AED0006
0717FD16898C08112749DA8AE00000
0717EB16897C08112149DA8AD30008
0717DC16895908111E49DA8AD50000
0717D416894108111B49DA8ADA0009
0717D416882708111A49DA8ADE0004
0717D616891908111649DA8AEC0008
0717D81688F908111249DA8AEB000C
0717DB1688E308110E49DB8AFB0008
0717DE1688D308110C49DB8AE3000B
0717E11688C908110849DC8ACF0006
0717DF1688C908110449DC8AD50006
0717D41688C608110049DC8AB70006
0717C51688C90810FD49DC8AAE000A
0717B91688C90810F949DC8A9B0003
0717A81688CC0810F549DC8A8B0003
07179C1688C90810F049DC8A8C0006
0717941688D00810EC49DC8A820006
0717931688D30810E949DD8A850005
0717931688D80810E249DD8A88000B
0717931688DD0810DF49DD8A8B0001
07178C1688EA0810DA49DE8A8E000B
07177C1688EB0810D549DE8AAE0006
07176E1688F10810D249DE8AB7000A
07175D1688F50810CE49DE8ACA0003
0717481688F80810CB49DE8ACF0006
07172E1689000810C749DE8AC7000A
0717121689030810C649DE8ACF000A
0716F616890D0810C149DE8AC80007
0716DB1689120810C249DE8AD20003
0716BF1689140810BE49DE8ACB0007
0716A816891B0810BC49DF8AC2000C
07169616891C0810B949DF8AC80006
07168C16891B0810B949DF8AAF0008
0716861689190810B749DF8AAB0007
0716871689180810B249DF8AB20000
07168D1689120810AE49DF8AB70003
0716931689110810AB49DF8AC50008
07169D16890E0810AC49E08ACF0006
0716A71689070810A649E08AD90007
0716B016890E0810A449E08AE90006
0716B816890D0810A349DF8AD70002
0716B716891508109F49DF8ADE0003
0716B516891808109C49E08ADE0001
0716AD16891808109949E08AD90008
0716A116891C08109549E08AE40006
07169016892208109449E08AF20000
07168316892708109249E08AF00009
07167A16892C08108E49E18AE60003
07167016892B08108C49E18AEE000A
07166916892908108649E18AEF0009
07166716892708108549E28AF8000B
07166716892608108249E18AF8000A
07166A16892708108049E28AFA000A
07166916892608107F49E28AFB0008
07166516892708107F49E38B030009
07166016892608107749E38B070004
07165816892B08107749E48AFD0003
07165616892908107249E48AFD0006
07165216892908107249E48AF0000A
07165316892708106E49E58AF10003
07165616892C08106B49E48AE60003
07165816892B08106B49E58AD60001
07165716892C08106849E58AE60006
07165316892F08106549E58ADD0003
07164C16893008106149E68AE60007
07164616893608105E49E68AE00003
07164116893708105F49E68ADE0007
07163B16893908105A49E68AD7000A
07163616893708105949E68ACE0006
07163616893608105649E68AC80002
07163116893A08105449E68AD80006
07162B16893A08105049E68AE80004
07162816893908104F49E68AF7000A
07162716893708104D49E68B090008
07162116893608104B49E78AF80001
07161916893708104949E78AFF000A
07161516893908104649E88B070004
07161216893708104549E88B070003
07160D16893608104149E88B000006
07160616893708103F49E88AF40003
0715FF16893608103D49E88AE80008
0715FB16893708103C49E88AE10009
0715F416893908103B49E88AFA0002
0715EB16893708103649E88AEF0008
0715DF16893908103449E88AEE0008
0715D316893A08103149E88AF40006
0715C716893E08103149E78ADC0007
0715BC16894108102D49E88AEF0006
0715B216893E08102D49E88ACD0002
0715AC16893D08102949E88ACD0006
0715A716893E08102649E98AC00005
0715A716893908102249E88ACB0006
0715A816893E08102049E88AD00008
0715A916893D08101E49E88AD20008
0715AB16893A08101B49E98AE00003
0715AD16893D08101B49EA8AE40002
0715AD16894108101749EA8ADD0009
0715AF16894408101449EA8ADB0002
0715AE16894108101049EA8AD30006
0715AF16894508101149EA8ADC0006
0715B116894108100D49EA8AE00007
0715B016893E08100C49EB8AEB0006
0715AA16893908100A49EB8AE40008
0715A916893A08100949EC8AEE0009
0715A416893208100749EC8AE60002
0715A116893008100349EC8AE20007
07159C16892F08100449EB8AEF0007
07159B16892908100249EC8AE20004
07159B16892B08100249EC8AE50004
07159C16892608100049EB8ADE0005
07159D16892B080FFD49EC8ADA0008
07159E168929080FFC49EC8AD40006
0715A016892B080FFA49EC8ADC0006
0715A516892C080FF849EC8AD50000
0715A8168930080FF749EC8ADF000A
0715AA168932080FF549EC8AEB000A
0715AA168933080FF449ED8AFC000A
0715AB168939080FF249ED8AF50005
0715AB168937080FF149ED8B010008
0715AD168936080FF149ED8AF90005
0715AE168937080FF049ED8AF00008
0715AD168936080FEC49EE8AF90007
0715AD168933080FEB49EE8AF10006
0715AE168932080FE949EE8AEC0006
0715B1168933080FE849EF8AF00005
0715B3168932080FE549EE8AFE0008
0715B5168933080FE449EE8AE90006
0715B7168933080FE449EF8AD30001
0715BD168936080FE149EF8AD20004
0715C4168933080FDF49EE8AC30005
0715CB168936080FDB49EE8AA60008
0715D0168937080FDB49EE8A95000B
0715D71688C9080FD949EE8A950008
0715DE168937080FD849EE8A8A0006
0715E4168936080FD649EE8A800006
0715E8168937080FD449EE8A870006
0715EB16892F080FD349EF8A8D0006
0715EC168933080FD249EF8A900004
0715EA16892F080FD049EF8A9D000A
0715E716892C080FCD49EF8AA5000B
0715E516892B080FCD49EF8AAF0005
0715E2168929080FCB49F08AAE0009
0715DC168926080FCA49EF8AAF0003
0715D8168924080FC849EF8AAD0006
0715CF168922080FC749EF8ABC0006
0715C6168924080FC349F08AB50006
0715C016891F080FC049F08AB90004
0715BF168924080FC049F08AA40005
0715C1168922080FBE49F08A9C0004
0715C3168920080FBB49F08AA60004
0715C616891F080FBA49F18AA20008
0715C9168919080FB949F18AAA0008
0715C9168914080FB649F18ABE0006
0715C3168915080FB549F18ABE0003
0715C0168914080FB349F28ABE0006
0715BB168914080FB249F28ABB0004
0715B8168912080FB149F18AAF0003
0715B3168911080FB249F18AAC0006
0715B3168912080FAE49F28AB80005
0715AF168911080FAC49F28AB80000
0715AD168912080FAA49F38AC50006
0715AC168911080FAC49F38ADC0001
0715AB168919080FA649F48AE2000E
0715A516892C080FA849F48AFB0008
07159A16893D080FA649F58AE70004
07158616894F080FA449F58AE90006
07156C168965080FA149F68ADE0008
07154E16897F080FA249F68AD00008
07152E168990080FA149F68ADA0007
0715101689A2080FA049F68ACF0005
0714F41689AF080F9F49F68AD6000A
0714DD1689BB080FA049F78AD30004
0714CA1689C4080F9E49F78ADF0009
0714B01689C6080F9E49F78AE2000B
0714A01689C7080F9E49F78AEB0008
0714951689C6080F9F49F88AD90005
07148F1689C7080FA049F88ADC0006
07148C1689CD080FA349F88ADA0006
0714881689D2080FA349F88AC60006
0714821689D8080FA549F88AAC000B
07147C1689DC080FA849F78AAA0006
0714751689E3080FA849F78A970008
07146E1689EE080FAB49F78A9F0006
0714651689F7080FAD49F88A8E0008
07145A1689FC080FB249F88A950003
071450168A05080FB049F88AA00002
071444168A0B080FB349F88A910008
07143E168A0F080FB549F88A970005
071436168A12080FB949F98AAB0006
071431168A16080FB949F98AC60006
07142E168A1D080FBA49F98AB70003
071426168A24080FBB49F98AAA0006
07141E168A28080FBE49F98AAC0006
071416168A2B080FBE49F98AA4000A
071410168A2E080FC049F98AA30008
07140C168A2F080FC249F98AAD0006
071406168A2E080FC149FA8AB20006
071406168A33080FC349FA8ACF0001
071403168A32080FC349FA8AC80006
071403168A2F080FC549FA8ACA000C
071403168A2E080FC449FA8AD50000
071404168A28080FC749FA8AE10007
071407168A28080FC849FA8AD8000B
07140D168A21080FC949FA8AD00008
071410168A1D080FC949FA8AC40000
071415168A19080FCB49FA8AB50005
07141A168A16080FCB49FB8AC9000B
071420168A09080FD049FB8ABC0008
0714271689FC080FCF49FB8ABF0006
0714361689E6080FD049FB8AD0000C
0714481689D5080FD149FB8AC20006
07145F1689C0080FD149FB8ACC000C
07147C1689B1080FD349FB8ACB000A
0714951689A1080FD249FB8ADC0003
0714AD168997080FD349FB8AD70005
0714C1168994080FD449FC8ACF0001
0714D016898C080FD549FC8ABE0008
0714D9168989080FD549FC8AC20004
0714E3168985080FD549FC8AD10008
0714EB168982080FD649FC8AC60006
0714F616897C080FD649FC8ACA0008
0714FD168977080FD549FC8ACA000A
071506168975080FD549FC8AB70009
07150D16896C080FD449FD8ABF0004
07151716896A080FD849FE8ACB0009
071521168968080FD749FE8AC8000A
07152A168963080FD949FE8AC30007
071535168961080FD949FE8AC30000
07153E168960080FD849FF8AC30006
07154816895D080FD949FF8AA50007
07155016895D080FD849FF8AA60002
07155616895A080FDB4A008AA00006
07155B168956080FD94A008A890001
07155F168956080FDA4A018A990006
071568168956080FDB4A018A820004
07156D168952080FDA4A028A7F0009
071575168953080FDD4A028A7B0003
07157A16894F080FDB4A028A75000B
07157B16894F080FDC4A028A820007
071579168952080FDC4A028A840008
071576168956080FDA4A038A9B0008
071573168959080FDF4A038A9E0003
07157116895D080FDE4A038AAA0009
07156E168960080FDF4A048AB00003
07156D168965080FDF4A048AB40000
07156A16896E080FDD4A058AB00006
071564168975080FDE4A048AB7000B
07155C168982080FE04A058AD70005
071550168990080FDC4A048AD7000D
071543168997080FDF4A048ADA0003
0715331689A5080FDD4A058ADC0007
0715221689B1080FDE4A048AD50001
0715121689BD080FDE4A058AD80001
0715021689BF080FE04A058AF10006
0714F51689C0080FDE4A058AED0005
0714F11689BF080FDE4A058AFB0007
0714ED1689B6080FDF4A058AFE0001
0714EE1689B4080FDD4A058AEB000C
0714F41689AF080FDE4A058ADC0008
0714FB1689A5080FDD4A058AF2000C
07150416899E080FDF4A058ADB000B
07150C1689A1080FE04A058AD1000A
0715111689AD080FDF4A058AD50009
0715121689B6080FDD4A058AE30006
0715071689BB080FDE4A058AE30005
0714FC1689B6080FDC4A058AF20002
0714F11689B1080FDF4A068AF30000
0714EE1689A8080FDD4A068AF80008
0714EE16899B080FDC4A068AFA0001
0714F4168989080FDC4A068AF40006
0714FC16897A080FDD4A068AEE0007
07150C168971080FDC4A068AE20006
071519168965080FDD4A068AD1000A
071524168960080FDA4A078AD70003
07152C168959080FD94A078ACB000D
071536168956080FD84A078AC20007
07153E168956080FD74A068ACD0005
07154216894F080FD64A078AC40003
07154616894F080FD44A068AC2000A
071549168948080FD34A078AC90000
07154B168948080FD64A088ACE0007
07154E168948080FD24A088AD00007
071550168948080FD14A078ACF0004
071552168944080FD14A078ABE0008
071552168948080FD04A078AC9000C
071553168948080FD04A088ACD0005
071555168948080FCF4A088AC70007
071555168945080FCF4A088ACF0006
071554168944080FD04A088AC70008
071556168941080FD14A098AC40003
071556168941080FCF4A098AB00009
07155A16893E080FD14A098AA40002
07155A16893D080FD14A0A8AA10003
071559168941080FD24A0A8A9B0004
071559168941080FD14A0B8AAD0005
07155B16893E080FCE4A0B8AA40003
07155B16893D080FD14A0B8AB00008
07155C16893E080FCE4A0C8ACB0008
07155E168941080FCE4A0D8ACB0005
07156116893E080FCC4A0D8ADA000C
071560168941080FCC4A0E8ACF0008
071562168944080FCD4A0F8AC2000E
071561168948080FCA4A0E8ABB000B
071561168948080FCC4A0E8AA40006
07155F168945080FCA4A0E8AB10009
07155C16894B080FCC4A0E8AB00006
07155A168948080FC94A0E8AAB000B
07155C168948080FCA4A0E8A9F0007
07155B168948080FCB4A0E8A990005
07155B168948080FCA4A0D8A8C0003
07155A168948080FC94A0D8A860007
07155B168944080FC94A0D8A88000A
07155B168948080FC94A0D8A910008
07155A168945080FC84A0D8A950000
071559168948080FC84A0D8A9C0006
071559168948080FC64A0D8A8F000A
071557168948080FC64A0D8A860005
07155516894F080FC64A0D8A760006
07155116894F080FC54A0D8A770005
07154F16894F080FC54A0E8A70000A
07154B16894F080FC64A0F8A7B0003
07154816894B080FC34A0F8A7F000E
07154916894B080FC54A0F8A820009
07154916894B080FC34A0F8A910008
071549168948080FC24A0E8AAA0006
07154C16894B080FC24A0F8AAC0008
07154F16894F080FC14A0F8ABF000A
07154E16894F080FC34A0F8AC80001
07154C168952080FC04A108ACB0005
07154B16894F080FC04A108AD90003
07154A168899080FBD4A108AD60008
071548168956080FBD4A108AD30009
071548168952080FBD4A108AE30009
071548168953080FBD4A108ADC0007
071547168959080FBC4A108ADC0008
071546168956080FBA4A108AD9000B
07154516895D080FBB4A108AD90009
071542168961080FBB4A108AC1000A
07153D168967080FBB4A108ABC0008
07153A168968080FB94A108AC60008
07153716896A080FBA4A118AC50006
07153516896A080FBA4A118AB50006
07153416896C080FBC4A128AB10007
071533168967080FBC4A128ABB0008
07153316896C080FBB4A128AA70008
071533168967080FBA4A128AB60004
071530168968080FBB4A128ACF0004
071533168963080FBB4A138ACF0000
071531168968080FBD4A128AD70007
071532168967080FBE4A128AE00008
071533168968080FBD4A138AD90002
071536168963080FC04A138ADB0001
071536168968080FBE4A138ACE0006
071539168967080FC04A138AC50006
071539168963080FC14A138ACB0006
07153A168965080FC14A138AC20003
071539168963080FC04A148AA50006
071539168965080FC14A148AA80007
071538168967080FC14A148A930007
071539168965080FC34A138A8F0007
071537168967080FC34A148A91000B
071538168965080FC64A148A95000A
071538168967080FC44A148AA30006
071538168965080FC54A148AA80003
071539168967080FC54A158AB4000B
071539168968080FC74A158AC50006
07153916896A080FC74A158ACE0006
071539168968080FC84A158AC80005
07153816896A080FCA4A158AE40004
07153816896A080FC94A168AD90003
071538168968080FCB4A168AE20004
071538168967080FCA4A178ADD0005
071538168968080FC94A178AEC0008
071539168967080FCC4A188AF30003
07153B16896C080FCA4A178B000006
07153D16896A080FCC4A188B090006
07153F168968080FCB4A198B01000A
07153E16896E080FCB4A198AF00008
07154016896C080FCC4A1A8AF0000A
07153F16896E080FCD4A1A8AF10000
07153E16896C080FCC4A1A8AF80006
07153E16896A080FCC4A1A8AF50005
07153D16896E080FCE4A198B09000B
07153D16896C080FCE4A1A8B060008
07153A1688B4080FCC4A1A8B000006
07153816896C080FCC4A1A8B11000E
071538168967080FCE4A1A8B0F0003
071539168968080FCE4A1A8B0B0003
071539168967080FCF4A1A8B0D0005
071538168968080FCF4A1A8B140006
07153816896A080FD04A1A8B0F0006
07153816896C080FD04A1A8AF90004
07153516896E080FCE4A198AF70006
071532168970080FD04A198AFA0007
07153116896E080FD24A198AE80004
07153116896A080FD04A198AE40005
07152D16896C080FD24A198AE9000C
07152E16896A080FD14A198AE60008
07152F168973080FD14A1A8ADA0002
07152D168975080FD24A198AE90006
07152A168970080FD04A1A8AE00001
071528168975080FD04A1A8ADA0008
071528168970080FCE4A1A8AD40000
071528168971080FCF4A1A8AB40005
071529168970080FCE4A1A8AA80004
071526168971080FCE4A1B8A990003
071527168973080FCD4A1C8A85000A
071526168975080FCF4A1C8A8D000A
071525168978080FD04A1C8A980008
071523168977080FCF4A1D8AA10006
071524168978080FCE4A1D8AA20006
07152116897A080FD04A1E8A950008
07151F168978080FCF4A1E8A9D0005
071520168973080FD14A1E8A9E0006
071521168975080FD04A1E8AA20003
071520168973080FD04A1E8A930000
071521168971080FD14A1E8A960003
071522168977080FD44A1F8A900004
071522168978080FD24A1F8A920011
071522168977080FD44A1F8A840002
071520168975080FD34A1F8A8C0000
071520168978080FD54A1F8A790008
07152016897A080FD34A1F8A910003
071521168978080FD44A1F8A880008
071520168977080FD64A1F8AA20008
071524168975080FD74A1E8AA70005
071525168977080FD84A1F8AB60008
071527168975080FD64A1F8AB0000B
071529168973080FD74A1F8AA80004
07152B168975080FDA4A1F8A9E0008
07152C168973080FD74A208AA10003
07152E168971080FD74A208A9D0004
07152E168973080FDA4A1F8AA8000A
07152F168971080FDA4A1F8AB10004
071530168970080FDA4A1F8AAD0006
071530168971080FDC4A1F8AC40007
071531168971080FDC4A1F8AB90004
071531168973080FDD4A208ABF0004
07153016896E080FDE4A208AAA0008
0715301688D8080FE04A218AC70008
071532168971080FDE4A218AB20006
071533168977080FDF4A218ABF0008
071532168978080FDD4A218AD20000
071532168973080FDD4A228AC00000
071531168978080FDF4A228AD0000A
07153216897A080FDC4A228AD70004
07152F168978080FDB4A228ACD0006
071530168977080FDB4A238AB80005
071530168978080FDA4A238AC60007
071530168978080FDC4A248AB40008
071530168977080FDA4A248AA9000A
07152F16897C080FDA4A238AAB0008
07152F16897A080FD94A248AB50009
07152B16897C080FD74A248AC10007
07152B16897E080FD74A248AC60008
07152916897F080FD64A248ACB0007
07152716897E080FD44A248ACB000A
07152716897F080FD64A248AD80008
071526168982080FD54A258AD90006
071526168982080FD54A258AE50005
071524168982080FD44A248AF00009
071521168986080FD24A258AF30006
071521168986080FD24A248AE60006
071520168989080FD44A248AE00006
07151D16898D080FD24A258ACC0008
07151B168990080FCF4A248AC40005
071518168997080FCF4A258AD5000A
07151216899B080FCF4A258AB7000A
0715101689A5080FCD4A258AC80006
0715081689AD080FCC4A268ACB0007
0715021689B3080FCA4A268ACA0007
0714FB1689B4080FCA4A268AD10008
0714F61689B9080FCC4A268ABB0003
0714F11689BB080FCB4A268AB90006
0714ED1689B9080FCA4A278AAF000A
0714EB1689BD080FCB4A278AB80001
0714E81689BF080FCB4A288AC6000A
0714E61689BD080FCB4A288AB7000A
0714E61689BB080FCD4A288AC00003
0714E61689BD080FCC4A288AB80009
0714E41689BB080FCC4A298AD10009
0714E31689B9080FCD4A2A8AD00006
0714E61689B8080FCC4A2A8ADA0005
0714E71689B6080FCA4A2A8AE40001
0714E51689B8080FCC4A2A8AE00004
0714E71689B6080FCD4A2A8AE10008
0714EA1689B4080FCA4A2B8AE20004
0714EB1689B3080FCA4A2B8AE80007
0714ED1689AF080FCA4A2A8AE80004
0714EE1689B1080FCB4A2A8AF10007
0714EE1689AF080FC94A2A8AF30005
0714EF1689A9080FCB4A2B8AF00003
0714F21689A8080FCB4A2B8AFE0009
0714F61689A6080FC84A2B8B020004
0714F61689A5080FCA4A2B8B010008
0714FA1689A2080FC94A2B8B050004
0714FB1689A1080FCA4A2B8B0F0006
0714FE16899E080FCC4A2B8B020003
0714FE1689A1080FCA4A2B8B040005
0714FF16899E080FCA4A2B8AF60008
07150216899B080FC84A2C8ADE0003
07150216899B080FCA4A2B8ACD0006
071503168997080FCA4A2C8AC80003
071503168997080FCB4A2D8AC7000E
071506168994080FCB4A2D8ACF0001
071506168994080FC84A2D8ACF0001
071509168990080FCA4A2D8AC90008
07150716898D080FC84A2D8AD30004
07150A16898C080FC94A2D8ADA0004
07150916898D080FC74A2E8AD70009
07150916898C080FC74A2E8AE10004
07150B168989080FC64A2E8AE20006
07150916898C080FC74A2E8AE60008
07150A16898D080FC54A2D8AE20005
07150716898D080FC54A2E8AFD0001
071506168990080FC64A2E8AF50006
071505168990080FC84A2E8AEE000A
071504168990080FC64A2F8AE40005
071504168990080FC74A2F8AEE0009
071503168997080FC44A2E8AEE0006
0714FF16899B080FC44A2F8AFF0008
0714FD1689A2080FC54A2F8AFC000D
0714FA16899E080FC44A2F8AF00004
0714F51689A2080FC34A2F8AE60001
0714F11689A5080FC14A2F8AE50001
0714EF1689A6080FC24A2F8ADF0009
0714ED1689A5080FC24A2F8AC80003
0714EC1689A8080FC14A2F8AD70003
0714EA1689AD080FBF4A308AD50005
0714E61689AC080FC04A318AD1000C
0714E51689A6080FBE4A318ADD000A
0714E61689A5080FBF4A308AE40005
0714E716899E080FBF4A308AD90006
0714EC16899E080FC04A308ACD0001
0714EC16899E080FC14A308AD10001
0714ED1689A1080FC14A318ABE0005
0714EC1689A2080FC24A318ABE0009
0714EE1689A5080FC14A318AD10003
0714EC1689A2080FC14A318ACB0008
0714EC1689A5080FC34A318AC80008
0714EB1689A1080FC24A318AC40002
0714EC1689A2080FC44A318AB90006
0714F016899E080FC44A318AC1000A
0714F016899B080FC34A328AD60008
0714F316899E080FC54A328AD20003
0714F4168924080FC44A328ACF0005
0714F616899B080FC64A328ACF000D
0714F616899B080FC64A338ACE0002
0714FA16899B080FC74A338ACA0008
0714FA16899B080FC64A338AD30009
0714FC168997080FC84A338ABA0004
0714FE168994080FC84A338AC20005
071500168994080FCC4A348AB90004
071503168994080FCB4A348AB30006
071503168997080FCC4A348A9D0005
071502168997080FCD4A348AA60007
071505168994080FCE4A348A990007
071505168997080FCE4A348A820005
071505168994080FCF4A358A7B0003
071504168997080FD04A348A820001
071507168994080FD04A358A990003
071509168997080FD14A358A99000E
071508168994080FD04A348AA40004
071509168994080FD14A348AA6000A
071508168994080FD54A348AB9000C
071507168997080FD34A348AC80008
071507168997080FD44A348ADA000A
071504168997080FD34A358AE6000A
071503168994080FD54A358AE20002
071503168997080FD64A358AEB000A
07150616899B080FD64A358AF40006
0715021688D1080FD54A358AE50006
071503168997080FD74A368AE30009
07150216899B080FD94A368ADC0003
07150416899B080FDB4A368AE40008
07150316899B080FDD4A378AD30006
07150216899E080FDD4A378ACB0005
07150416899B080FDE4A378AC80002
07150416899B080FDE4A388AC00007
07150616899E080FE04A388AB70001
07150416899E080FE14A388AB90003
07150416899E080FE04A398AB70006
07150516899E080FE14A398AB8000A
07150216899E080FE24A398AA90005
07150116899E080FE24A3A8AB00001
0715001689A1080FE44A3A8AB30003
0714FD1689A2080FE34A3A8ABE0005
0714FD1689A1080FE54A3A8ABF0003
0714FC1689A2080FE74A3A8AC80008
0714FC1689A1080FE44A3A8ADD0004
0714FA1689A2080FE44A3B8AE3000A
0714F916899E080FE64A3B8ADA0008
0714F91689A2080FE64A3B8AE10004
0714F71689A1080FE74A3B8ADE0009
0714F81689A1080FE74A3C8ADE0009
0714FB16899E080FE84A3C8AD70008
0714FA16899E080FE94A3C8AC60006
0714FB16899E080FE94A3C8AD00008
0714FC1689A1080FE54A3B8ACB0004
0714FD16899B080FE54A3C8AD5000B
0714FF16899B080FE64A3D8AD70006
0714FF16899E080FE14A3C8ACB0000
0714FF16899E080FE04A3D8ADA0005
0714FE16899E080FDF4A3D8AEC0008
0714FC1689A1080FDE4A3E8ADC0000
0714FB1689A6080FDD4A3E8AE2000C
0714FA1689AC080FDB4A3E8AE70007
0714F41689AF080FD94A3E8AE00009
0714F11689B1080FD84A3E8AE00009
0714EC1689AF080FD64A3E8AEC0005
0714E81689B1080FD64A3E8AE60004
0714E71689AF080FD54A3E8AF30009
0714E61689B1080FD24A3E8B010000
0714E31689B6080FD44A3F8AF90007
0714E11689B1080FD44A408B080002
0714E11689B6080FD44A408B060007
0714DF1689B4080FD14A408B000006
0714DE1689B3080FD24A408AF9000A
0714DD1689AD080FD24A408B000007
0714DD1689B3080FD04A408AF10006
0714DB1689AF080FD04A418AE90004
0714DE1689B4080FD04A418AE00005
0714DD1689B3080FCE4A418AE10006
0714DE1689B1080FCC4A418AE40007
0714DC1689B3080FCC4A418AEE0000
0714DC1689B4080FCB4A418AE40008
0714DF1689B6080FCD4A418ADF0008
0714E01689B4080FCA4A418AD50005
0714DE1689B6080FCB4A418ACA0008
0714E01689B8080FCD4A418AC80008
0714E21689B6080FCE4A408AC5000A
0714E21689B4080FCC4A418AC40006
0714E31689B6080FCA4A418ACC0006
0714E21689AF080FCB4A418ABF0005
0714E41689AD080FCC4A428AC30009
0714E31689AF080FCD4A428AB70008
0714E41689AD080FCD4A428AB90006
0714E31689AC080FD04A428ACE0007
0714E51689A9080FCE4A438AC80002
0714E61689AC080FCE4A438AC50000
0714E51689A9080FCE4A448AC20006
0714E51689A8080FCE4A448ACF000C
0714E81689A9080FCD4A458AC50008
0714E81689A8080FCF4A468AD00008
0714E71689A2080FCF4A468AD7000A
0714E71689A5080FCD4A478AD40005
0714EA1689A1080FCC4A478ADE0008
0714EB1689A2080FCF4A488AE10007
0714EC1689A1080FD04A488AF70004
0714EA1689A2080FCF4A478AEB0007
0714E91689A5080FCF4A478AE90009
0714EA1689A6080FD24A478ADC0008
0714EC1689A5080FCF4A478AD60006
0714EA1689A9080FCE4A478ADE0009
0714E91689AC080FD04A478ADA0008
0714EA1689AD080FCE4A488AD70000
0714EA1689AF080FD24A488ADA000E
0714EA1689AD080FD14A488ADC0004
0714EB1689AF080FD04A488ADE0006
0714EE1689AF080FD24A488AE4000C
0714EC1689B1080FD04A488ADE0006
0714ED1689B3080FD44A488AD60004
0714EC1689B4080FD14A498AE10006
0714EB1689B3080FD24A498ADE000A
0714E61689B4080FD34A488ACA0008
0714E81689B6080FD24A498AD30008
0714E61689B4080FD14A498AC40008
0714E21689B3080FD24A498AC40009
0714E4168941080FD04A4A8ACD0004
0714E51689B6080FD34A4A8AD10000
0714E41689B4080FD14A4A8AEC0001
0714E51689B3080FD14A4A8AE70006
0714E41689B6080FD24A4B8AE4000A
0714E31689B4080FD34A4B8AE7000A
0714E41689B3080FD44A4B8AD50009
0714E21689B4080FD54A4B8AC80008
0714E41689B3080FD34A4B8AC90004
0714E41689B4080FD54A4A8AD30006
0714E31689B6080FD64A4A8AD20008
0714E21689B4080FD64A4B8ACB0002
0714E01689B6080FD54A4B8ACF000A
0714E01689B4080FD74A4B8AD90008
0714E11689B6080FD94A4B8AD3000D
0714E11689B8080FD94A4C8ACC0008
0714E01689B3080FD94A4B8ACB000D
0714E01689B3080FD84A4B8AD0000A
0714E11689B4080FD74A4C8ACD0003
0714E21689B6080FD94A4C8ACC0008
0714E11689B4080FD94A4C8AC50004
0714E01689B6080FD94A4D8ACF0007
0714E01689BB080FDA4A4D8ACB000A
0714DD1689C0080FDB4A4E8AD50005
0714D71689CA080FDE4A4E8AC40002
0714D01689D2080FDB4A4F8ADB0008
0714CC1689D8080FDD4A4F8ACA0004
0714C31689DC080FDD4A4F8AC80002
0714BE1689DC080FDD4A4F8ABD0006
0714B91689DF080FDE4A508ABD0001
0714B31689DF080FDD4A508ACB0007
0714B11689E3080FDF4A508ACD0005
0714AF1689E3080FDF4A518AD70006
0714AE1689E3080FDD4A518ACE0006
0714AC1689E6080FDD4A518ADA0006
0714AA1689EA080FDC4A518AED0006
0714A91689EA080FDD4A518ADF0009
0714A41689EE080FDE4A518AD70001
0714A31689ED080FDD4A518ABE0001
0714A21689EE080FDE4A518ABE000A
0714A01689F4080FDD4A518ABA0001
07149D1689F5080FDD4A518AB50008
07149A1689F4080FDC4A528AB50008
07149A1689F4080FDA4A538AA50008
0714981689F2080FD94A538AAE000C
0714981689ED080FD84A538AA70000
0714991689EA080FD74A538AB30008
07149B1689EA080FD64A548ACD0005
07149E1689E7080FD74A548AC8000A
0714A31689E6080FD44A558AD30005
0714A31689E7080FD44A558AD40008
0714A51689E3080FD14A558AE90004
0714AB1689DF080FCF4A568ADE0007
0714AB1689DF080FCD4A568ADE0005
0714AE1689E3080FCB4A568ADE0008
0714AE1689E3080FCB4A558AEE0008
0714AD1689E3080FCB4A568AEB0003
0714AC1689E3080FC84A568AF20007
0714AE1689DF080FC74A568AF10004
0714AE1689DF080FC94A568AED000A
0714AD1689DF080FC64A568AE90006
0714AF1689DC080FC64A568AD80006
0714B01689DC080FC44A568AE8000B
0714AF1689DF080FC54A558AE20007
0714B01689DC080FC54A558AEB0006
0714B01689DC080FC44A548AF60001
0714B01689DC080FC44A548AE9000C
0714B01689DC080FC44A558ADE0008
0714B11689D8080FC34A558ADB0007
0714B01689DC080FC24A558ACD000C
0714B21689D8080FC34A558AAA0002
0714B11689D8080FC34A568ABC0005
0714B21689D8080FC34A568AA60001
0714B41689D8080FC14A568AA7000F
0714B71689D8080FC34A568AA00009
0714B81689D5080FC34A568A900006
0714BA1689D8080FC34A568A960003
0714B91689D8080FC34A568AA60007
0714BE1689D8080FC34A568AB90003
0714BE1689D8080FC34A578AB0000F
0714C01689D5080FC34A598AB0000A
0714BD1689D8080FC64A598AA00005
0714C01689D5080FC44A598A8C0006
0714BE1689D1080FC34A598A820004
0714C11689D5080FC34A598A6F0009
0714C01689D1080FC44A588A7F000C
0714BF1689CE080FC64A598A9B0008
0714C21689D1080FC64A598A9C0008
0714C41689D2080FC84A598A9E0006
0714C31689D1080FC84A598AAC000A
0714C21689CE080FC84A5A8AB2000C
0714C31689CD080FC74A5A8ACF0006
0714C61689CB080FC84A5A8AD90008
0714C71689CA080FC94A5B8ADD0006
0714C91689C7080FC94A5A8AEC0009
0714CA1689C7080FCA4A5A8B000006
0714CB1689C6080FCB4A598AFA000B
0714CC1689C7080FCC4A598B010008
0714CE1689C6080FCB4A5A8AEB0005
0714CF1689CB080FCE4A5A8AE5000D
0714CF1689CD080FD04A5A8ADE0006
0714D01689CB080FCF4A5B8AD4000B
0714CD1689CA080FCF4A5B8AE00007
0714CE1689CB080FD14A5B8AE40009
0714CF1689CD080FCF4A5C8ADA0005
0714CE1689CB080FD14A5C8AF20006
0714CF1689CE080FD04A5C8AF50006
0714CE1689CD080FD34A5C8AFD0006
0714CD1689CB080FD34A5D8B090007
0714C91689CD080FD24A5D8B030008
0714CA1689D2080FD44A5E8AF60006
0714C91689D1080FD54A5E8AEB0009
0714C51689D5080FD64A5F8ADF0004
0714C51689D5080FD74A5E8AC60006
0714C01689D8080FD74A5E8AC50008
0714BF1689D8080FD94A5E8AA10008
0714BF1689D5080FDA4A5E8AAF0008
0714BF1689D5080FDA4A5E8AA20004
0714BF1689D8080FDA4A5E8AA10000
0714C11689D8080FDC4A5E8A960008
0714C11689D8080FDC4A5D8A9F0001
0714BE1689D8080FDC4A5D8AA8000B
0714BE1689DC080FDC4A5D8AB0000E
0714BE1689D8080FDE4A5D8AA60004
0714BB1689DF080FDF4A5D8AB2000A
0714BA1689DC080FDC4A5E8AB70001
0714B91689DF080FE14A5E8AA80008
0714B61689E3080FE04A5E8AB50005
0714B51689E3080FE14A5D8AB60001
0714B41689E3080FE04A5E8ABB0008
0714B31689E3080FE24A5E8AAF0006
0714B21689DF080FE24A5E8AC40005
0714B21689DC080FE24A5E8AC5000A
0714B21689DC080FDF4A5E8ADE0006
0714B41689D8080FE14A5E8ACA0008
0714B61689DC080FDE4A5E8AC00004
0714B61689DC080FE04A5E8AC50002
0714B81689D8080FDE4A5F8AB10003
0714B81689D5080FDD4A618AB70007
0714B71689D8080FDC4A618ACD0006
0714BA1689D5080FDB4A618ABF0005
0714BA1689D5080FD94A618ACD0003
0714BC1689D5080FDA4A618AC80006
0714BD1689D5080FDC4A628ADA0008
0714BD1689D5080FD74A638ADC0004
0714BE1689D5080FD94A638AD00000
0714BF1689D1080FD74A648ACF0007
0714BF1689D8080FD84A658AD50003
0714BD1689D5080FD74A658AE40003
0714BB1689D8080FD64A658AE60006
0714BC1689D5080FD64A668AE40006
0714BC1689D8080FD44A668AEE0005
0714BB1689D5080FD44A668AF20003
0714BB1689D5080FD44A668AED0008
0714BB1689D8080FD34A668AED0000
0714BC1689D5080FD54A658AFB0006
0714BD1689D5080FD44A658AFC0003
0714BE1689D5080FD34A658AFC0003
0714BE1689D5080FD24A668AEF0002
0714BD1689D5080FD14A658AD20005
0714BE1689D5080FD04A668AC70007
0714BE1689D8080FCE4A668AC80004
0714BE1689D5080FCE4A668ACF0006
0714BD1689D5080FCC4A658ACA0005
0714BE1689D8080FCC4A668AD10003
0714BE1689D5080FCB4A678ACE0008
0714BE1689D8080FCB4A678AD70003
0714BC1689D5080FCA4A678ACD0008
0714BD1689D5080FC74A678AC60005
0714BB1689D8080FC54A678ACD0000
0714BD1689D5080FC64A678AD90002
0714BD1689D2080FC74A678AD80008
0714BD1689D5080FC54A688ADB0006
0714BF1689D2080FC44A688ADF0004
0714BE1689D5080FC34A698AF30006
0714BC1689D5080FC14A6A8AF10003
0714BC1689D1080FC04A698AEB0005
0714BE1689D5080FC04A698AE10002
0714BD1689D1080FC04A6B8AE40005
0714BC1689D2080FBC4A6B8ADD0000
0714BC1689D5080FBD4A6B8AEB000B
0714BA1689D2080FBB4A6B8ADF000C
0714BB1689D5080FBF4A6B8AD50004
0714BC1689D8080FBC4A6A8ACF0005
0714B91689D5080FBD4A6B8AD10009
0714BA1689D5080FBA4A6B8AC60008
0714B71689D5080FBC4A6B8AB70007
0714B81689D5080FBA4A6C8AD90008
0714B71689D2080FB94A6B8AC40004
0714B81689D1080FB94A6A8AD50005
0714BA1689D2080FB94A6B8AD30007
0714BB1689D1080FBA4A6B8ADD0006
0714BA1689D2080FB64A6A8AE70008
0714BA1689D1080FB74A6B8AE40007
0714BA1689D2080FB54A6B8AF10007
0714BB1689D1080FB64A6B8AEE0009
0714BA1689D5080FB54A6B8B030003
0714B91689D5080FB64A6B8B040008
0714B91689D5080FB64A6C8AFE0006
0714B81689D5080FB74A6C8B040008
0714B51689D5080FB54A6C8AFC0008
0714B31689D8080FB94A6C8AFE0005
0714B41689D8080FB94A6D8AF80006
0714B21689D8080FB94A6D8B020004
0714B11689D8080FB84A6D8AFF0006
0714AE1689DF080FB64A6D8AF90008
0714AC1689DC080FB74A6C8AEB0004
0714AA1689DF080FB34A6D8AFB0006
0714A81689DC080FB24A6D8AF8000A
0714A61689DF080FB34A6D8AF10008
0714A71689D8080FB14A6E8AE5000A
0714A81689D8080FAF4A6D8AD90006
0714A81689DC080FB04A6E8ACC0001
0714A81689DC080FB14A6D8AD00003
0714AA1689D8080FB14A6D8AC80009
0714A91689D8080FAF4A6E8AC60005
0714AA1689D8080FAF4A6D8AD80008
0714AA1689D5080FB14A6E8AD60005
0714AC1689D8080FB24A6E8AE3000B
0714AD1689D1080FB24A6F8AD40000
0714AC1689D5080FB44A708AD10006
0714AC1689D8080FB44A718AD60002
0714AD1689D8080FB24A718ADA0001
0714AB1689DC080FB54A718AD50004
0714A91689DF080FB24A728ADC0003
0714A71689DC080FB14A718AC30004
0714A41689DF080FB44A718AC20003
0714A31689E3080FB34A728ABB000A
0714A21689E6080FB34A728AC20008
07149F1689E3080FB44A738ABE0008
0714A01689E3080FB34A738ACF000B
07149F1689E7080FB44A738AD7000C
0714A01689DF080FB34A748AE30003
0714A11689DF080FB64A738AE70003
0714A21689DF080FB64A738AE50008
0714A41689DC080FB84A738ADA0003
0714A61689DF080FBC4A738ACF000C
0714A51689DC080FB94A728ACF0006
0714A71689DF080FBD4A728ADE0006
0714A61689DF080FBD4A728AD6000A
0714A91689DC080FBC4A728AD30001
0714A81689DC080FBE4A728ACA0003
0714AA1689DF080FC04A738ACA0005
0714AB1689DC080FBF4A738AD40008
0714AC1689DC080FBE4A738ADB0006
0714AA1689DC080FBF4A738AE10003
0714AB1689D8080FBF4A748AF50008
0714AC1689DC080FBE4A748AEE0009
0714AC1689D8080FBE4A758AED0006
0714AC1689DC080FBD4A758AFA000B
0714AD1689D8080FBC4A748AEA000C
0714AE1689D8080FBB4A758ADC0002
0714B41689D8080FBC4A768AD40007
0714B41689D5080FBE4A778ABA0006
0714B61689D2080FBA4A778AAB0008
0714B61689D5080FBC4A778A9D0006
0714B81689D2080FBA4A788AA1000A
0714B91689D1080FBA4A788AA00008
0714B91689CE080FB94A788A990001
0714BA1689D2080FBA4A788AA4000A
0714B91689D1080FB94A788AA1000C
0714BA1689D2080FB84A788AAE0007
0714B81689CD080FB64A788AA60008
0714B81689CE080FBA4A788AA90004
0714BA1689CD080FB54A798AAA0001
0714BA1689CB080FB44A798AC50007
0714BA1689C6080FB54A798ABD0006
0714BC1689CB080FB14A798AC20005
0714BB1689CA080FB34A798AB20008
0714BB1689CB080FB34A798AB00003
0714BC1689CD080FB24A798AB70006
0714B91689CE080FB14A798ABD0008
0714B91689CE080FB34A798AC0000A
0714B61689D1080FB24A798AC00009
0714B41689D5080FB14A798AD20008
0714B01689D8080FB24A7A8ABF0008
0714AF1689D8080FB34A798ACD000A
0714AD1689D8080FB24A798AC60006
0714AC1689DC080FB14A798AD20006
0714AB1689D8080FB34A798AC60006
0714AA1689DC080FB44A798AC60003
0714AA1689DC080FB34A798AC10008
0714A91689DF080FB44A798AD40003
0714A91689DC080FB64A798AD70006
0714A91689DC080FB54A798AD60007
0714AA1689D8080FB84A7A8ACE000B
0714AB1689DF080FB74A7A8AD10006
0714A91689D8080FB74A7B8AD50003
0714A91689DC080FB74A7C8ADA0003
0714AB1689DC080FB84A7C8AE30005
0714A81689D8080FB64A7D8AF2000D
0714AA1689DC080FB84A7D8AE80006
0714A81689D8080FB84A7D8AF80007
0714A81689DC080FB94A7D8B0A0007
0714A91689D8080FBA4A7D8B090007
0714AA1689D8080FBC4A7D8B050008
0714AB1689D8080FBD4A7D8B110000
0714AB1689D5080FBC4A7E8B14000A
0714AD1689DC080FBE4A7E8B0B0006
0714AC1689DC080FBF4A7E8B000008
0714AC1689D8080FC04A7E8B110000
0714AB1689DC080FC24A7E8AFD0004
0714AC1689D8080FC14A7E8AEB0002
0714AB1689DC080FC34A7E8AD70009
0714AE1689D8080FC24A7D8AC20008
0714AD1689DC080FC24A7D8AB50003
0714AC1689D8080FBF4A7E8AA4000E
0714AF1689D8080FC34A7E8AA40007
0714AC1689D8080FC24A7F8AC00001
0714AE1689D8080FC04A7F8ABE0002
0714AE1689D8080FBF4A808ABB0001
0714AE1689D8080FC14A808AB70008
0714AD1689D8080FC04A818ABE0005
0714AC1689D8080FBD4A818AC20003
0714AE1689DC080FBD4A818AC8000B
0714AF1689DC080FBD4A828ACC0006
0714AF1689D5080FBE4A828ACF0007
0714B01689D8080FBF4A828ACA0000
0714B01689D8080FBF4A828AC50002
0714AE1689D8080FBF4A828AB20005
0714AE1689D8080FBF4A838AC50003
0714AE1689D5080FBF4A838ABF0005
0714AD1689D8080FBE4A838AC00009
0714AB1689D8080FC04A838AC40003
0714AB1689DC080FC14A838AAB0006
0714A91689DC080FBF4A828ABB0005
0714A81689DC080FC04A828ACB0008
0714A71689DC080FC14A838ABA0000
0714A71689D8080FBF4A828ABE0008
0714A81689D8080FC04A828AAC0007
0714A81689D8080FC04A838AB60004
0714A91689D8080FBF4A828ABD0006
0714A71689D5080FC04A828AD40004
0714A91689D8080FC24A828ACF0002
0714AB16893A080FC24A828AE50007
0714AB1689D8080FC04A838AEB000B
0714AB1689DC080FC14A838AFB0005
0714AB1689D5080FC14A848AFA0006
0714AD1689DC080FC14A848AF5000A
0714AA1689CB080FBE4A848AEE000B
0714AA1689D8080FC04A858AF10006
0714A91689DC080FC24A848AF40007
0714AA1689DC080FC24A858AF6000A
0714A81689DF080FC04A858AEC0006
0714A71689DC080FBE4A858AF30006
0714A51689E3080FBE4A848AE90009
0714A31689DF080FBD4A858AED0004
0714A31689DF080FBC4A848AEA0001
0714A21689DF080FBB4A858ADD0002
07149F1689E3080FBA4A858AE2000A
0714A01689DF080FB84A868AD40006
0714A11689DF080FB74A868AD30006
0714A11689E3080FB84A868AD50003
0714A21689E3080FB74A858AD9000C
0714A11689E3080FB74A858ADB0003
0714A11689E3080FB64A868ACB0006
0714A21689E3080FB54A868AC40007
0714A01689E7080FB54A868ACD0006
07149E1689E6080FB44A868ABB0008
07149C1689E7080FB44A868ABF0003
07149B1689E6080FB24A878AC00007
07149A1689EA080FB04A878ABE0008
0714981689EA080FAF4A878AB80001
0714991689EA080FB24A888AAF0005
0714981689EA080FAF4A888AAE0007
0714971689EA080FB04A888AAB0004
0714971689EA080FAE4A888AB10005
0714961689EA080FAE4A878AAB0006
0714971689EA080FAE4A878ABB0001
0714951689EA080FAE4A878ABF000A
0714921689EA080FAD4A888AC4000A
0714951689ED080FAE4A888AC30003
0714951689EA080FAE4A888AC7000A
0714941689EA080FAD4A898ADE0007
0714941689EA080FAC4A888AE40003
0714941689ED080FAB4A898AE70006
0714931689EA080FAA4A898AE50008
0714931689EA080FAC4A898AF50006
0714931689ED080FAB4A898AF20009
0714921689EA080FA94A8A8AF80007
0714921689ED080FAA4A8A8AEE0001
0714911689EA080FA64A8A8AEB0008
0714901689ED080FA64A8B8AE10008
0714901689EA080FA64A8C8AEB0009
07148F1689ED080FA84A8C8AEF0008
0714901689EE080FAA4A8C8AF70008
07148F1689F1080FA84A8B8AF80003
07148E1689F2080FAB4A8B8AEF0006
07148E1689F4080FAB4A8C8AF4000A
07148B1689F4080FAE4A8C8AE90005
07148A1689F5080FAD4A8D8AEB0002
0714871689F4080FAC4A8C8AE20006
0714871689F5080FAD4A8D8ADC000C
0714871689F4080FAD4A8D8AE30006
0714891689F2080FAF4A8D8ADA0006
0714891689F1080FAF4A8D8AD50007
07148C1689F2080FAF4A8F8ACD0008
07148B1689F1080FB04A8F8ACB0009
07148F1689F2080FB24A8E8ADE000A
07148E1689F1080FB24A8E8AD60006
07148F1689F1080FB24A8E8AE40009
0714901689EE080FB34A8E8AEE0003
0714911689ED080FB54A8F8AED0003
0714921689EE080FB54A8E8AE20004
0714941689ED080FB54A8F8AD50008
0714921689EE080FB54A8F8AD10008
0714931689ED080FB54A8F8AC50008
071494168944080FB64A8F8AC00000
0714941689ED080FB94A8E8AAB0009
0714941689EA080FB94A8D8AA7000B
0714951689EA080FB84A8E8A980006
0714961689EA080FBA4A8D8A9D0005
0714961689ED080FBB4A8C8A990006
0714971689ED080FBC4A8D8A9A000F
0714971689EE080FBC4A8E8AB00003
0714971689ED080FBE4A8E8AAC0004
0714961689EA080FBE4A8E8AC3000C
0714961689ED080FBF4A8E8ABB000A
0714961689EE080FC04A8E8ACB0004
0714961689ED080FC04A8E8ACC0006
0714961689EE080FC34A8D8ADC000E
0714981689ED080FC34A8D8AD10004
0714951689EE080FC24A8E8AEE0002
0714951689ED080FC24A8D8AE6000B
0714971689EE080FC44A8E8AF80003
0714971689ED080FC34A8F8B000008
0714941689F1080FC44A8F8AF90008
0714941689EE080FC54A908B000006
0714971689ED080FC54A908AF50004
0714961689EE080FC74A908AF30006
0714951689ED080FC94A8F8AE00005
0714951689F2080FC74A908AD70004
0714931689F4080FCA4A918ACB0005
0714931689F2080FC94A918ABB0003
0714901689F4080FC94A918ABB0004
07148F1689F5080FC94A928AA60007
07148E1689F4080FCD4A928AB30002
07148F1689F5080FCB4A938AB10007
07148D1689F1080FCC4A928AB30006
07148F1689F1080FCD4A938AAF000B
0714911689F2080FCF4A948AB90008
0714901689F1080FD24A938ABE000E
07148F1689F2080FD14A948ACA000A
0714901689F1080FCF4A938AD70007
07148E1689F5080FD24A938AE50008
07148C1689F7080FD24A948ADF0003
07148C1689F5080FD34A948AD90002
07148B1689F7080FD44A948AE20007
07148A1689F9080FD34A948AD80008
07148B1689FB080FD14A938ABE0000
07148A1689F9080FD14A948AC50004
0714881689FB080FD14A948AAE0008
0714871689FB080FD24A948AB40008
0714871689F9080FD04A938AB50003
0714871689FB080FCF4A948AD80006
0714881689FC080FCC4A948ACB0003
0714891689FB080FCE4A948ADB0001
0714881689FC080FCD4A948AE00007
07148A1689FB080FCE4A938AE00003
07148A1689F9080FCE4A948AE40002
07148A1689F7080FCE4A958AED0007
07148C1689FC080FCF4A968AED000A
07148B1689FB080FCE4A958AF30006
07148C1689F9080FCE4A958AEC0005
07148C1689F7080FCD4A968AF20003
07148B1689FB080FCB4A968AFB0007
07148C1689F9080FC94A958AF70009
07148D1689FB080FC94A958B070003
07148C1689F5080FC74A968B000006
07148B1689F7080FC44A968AF10007
07148C16892B080FC44A968ADB0008
07148C1689F7080FC24A968ACC0001
07148D1689F5080FC14A978AB90001
07148C1689F7080FC04A978AD00006
07148D1689F9080FBE4A978ACF0003
07148C1689F4080FBD4A978AC80006
07148C1689F5080FBD4A968ADA0001
07148C1689F7080FBA4A968ADC0006
07148D1689F7080FB94A978AF50003
07148E1689F9080FB94A978AFF0005
07148B1689F4080FBA4A968B050008
07148C1689F9080FB74A988B090008
07148C1689F7080FB74A988B1A0008
07148A1689F5080FB54A988B060003
0714881689F7080FB54A988AFF000C
0714891689F2080FB64A998AF1000B
0714891689F7080FB54A998AF30003
0714871689F9080FB64A998AE40008
0714861689F7080FB44A998ADC0003
0714881689F7080FB54A9A8AD80006
0714871689F9080FB24A9A8AD40003
0714851689FB080FB24A9A8AD70003
0714851689FC080FB24A9A8AE4000A
0714851689FB080FB44A9B8AEA0006
0714861689F9080FB54A9B8AE0000A
0714851689FB080FB34A9B8AD10005
0714821689F9080FB34A9C8ABE0004
0714821689FB080FB04A9B8ACB0006
0714831689FC080FB34A9C8ACB0008
0714821689FB080FB04A9D8ACB000A
0714821689FC080FAE4A9C8AD70006
0714801689F7080FB14A9D8AD3000A
0714821689FB080FB24A9D8AD9000C
0714831689F9080FAD4A9D8ADB000A
0714821689FB080FAE4A9D8AE50000
0714831689F5080FAF4A9D8AE50008
0714841689F7080FAE4A9E8AF20007
0714831689F9080FAF4A9E8AEC000C
071482168A02080FAE4A9E8AE70008
071481168A04080FAC4A9D8AF60004
07147E168A09080FAC4A9D8AF2000B
07147A168A0E080FAB4A9E8AF6000C
071474168A13080FAB4A9F8AF10003
07146E168A16080FAA4A9F8AFA0002
07146C168A1A080FA84A9F8AFA0007
071466168A1D080FA84A9F8B050003
071463168A1D080FA84A9F8AE4000A
071461168A1D080FAA4A9E8AE40006
07145D168A21080FA94A9F8ADB0001
07145C168A21080FA84A9E8AD3000A
07145B168A21080FA74A9F8ADB0008
071458168A21080FA74A9F8AD50008
071458168A21080FA64A9F8AD10003
071456168A21080FA64A9E8AD7000C
071458168A1D080FA64A9E8AD10003
071456168A1D080FA74A9F8ABF0008
071459168A1D080FA64A9F8ABC0009
071459168A1D080FA54A9F8ABE0003
07145B168A1A080FA44A9E8ABC0009
071459168A19080FA54A9E8AA40002
07145A168A16080FA44A9E8AA60001
07145D168A16080FA54A9E8A9D0006
071460168A13080FA54A9F8AA8000D
071460168A16080FA44A9F8A990006
071461168A13080FA34AA08AA60005
071462168A12080FA64AA08AA20001
071462168A13080FA54AA08AAA0005
071464168A12080FA94AA08AB10006
071465168A13080FA94A9F8ACB000C
071466168A12080FAC4AA08ACF0009
071467168A13080FAC4AA18AE30003
071468168A0C080FAE4AA18AE30005
071469168A0B080FB04AA18AE20007
071469168A0C080FB04AA18AEA0008
07146B168A0B080FB14AA28ADE0008
07146D168A0C080FB24AA38AE60006
07146E168A0B080FB24AA38AE90004
07146E168A0C080FB44AA28AED0008
07146F168A0B080FB44AA18AE30008
071470168A0C080FB34AA28AD10005
071470168A07080FB34AA28ACC000B
071470168A09080FB34AA28ABD0005
071472168A05080FB54AA28AC70001
071473168A04080FB84AA28AD3000A
071476168A02080FB74AA38AE00004
071478168A04080FB84AA38AD30003
07147B1689FE080FB94AA38ACD0003
07147D168A00080FB84AA38AC50004
07147F1689FB080FBA4AA28AC00007
07147F168A00080FB84AA18AAF0003
0714821689FB080FB84AA18AAC0006
0714831689FC080FB64AA18AA20002
0714811689FE080FB64AA28AAA0001
071481168A00080FB64AA28AB10001
071484168A02080FB74AA38ABC0007
0714821689FE080FB74AA38AC00006
0714821688F8080FB64AA38AC40009
07147E1689FE080FB84AA48ACD0004
07147A168A04080FB74AA48ACF0002
07147B168A05080FB84AA48ADC0007
071477168A07080FB84AA48ACF0006
071476168A05080FB84AA58AD30006
071474168A0B080FB94AA58ACB0008
071472168A09080FB74AA68AC60006
07146E168A0B080FB54AA68AC80004
07146D168A0C080FB84AA88AB50007
07146D168A12080FB64AA88ABE000C
071469168A1A080FB54AA78AC00006
071467168A21080FB64AA78AD00002
071462168A21080FB44AA78ACD0004
07145D168A24080FB34AA78ACB0008
071459168A28080FB24AA88ABE0004
071456168A28080FAF4AA88ACD000B
071452168A2B080FB14AA78AC60000
071450168A2B080FB04AA78AC70004
07144E168A2B080FAF4AA78AD30006
07144F168A2E080FAF4AA88ADB0003
07144E168A2B080FB14AA78ADE0004
07144C168A28080FAF4AA88ADA000A
07144D168A28080FB14AA78AE0000E
07144E168A21080FB04AA88AE20005
071451168A21080FAF4AA88AD6000C
071452168A21080FB14AA98AD60002
071452168A1D080FB14AA98AD2000C
071456168A1D080FB04AA98AD50003
071457168A1D080FB14AA98ACE0008
071458168A21080FB44AA98ACB0005
07145A168A1D080FB34AA98ACE000A
07145B168A19080FB54AA98AC80005
07145C168A1A080FB64AA98ABE0003
07145A168A19080FB34AAA8ABB0003
07145B168A1A080FB44AAB8ACD0001
07145C168A1D080FB34AAA8AD30006
07145C168A1D080FB44AAB8ACD0000
07145F168A1D080FB44AAA8AC00003
07145D168A1D080FB34AAB8AD70003
07145C168A1D080FB44AAA8ACD000D
07145A168A1D080FB44AA98ACF0006
07145C168A1A080FB34AA98AD00008
07145D168A16080FB34AAA8AE30006
07145F168A16080FB44AAB8AF3000C
071461168A16080FB64AAC8AEB0005
071464168A13080FB84AAD8AF10005
071465168A12080FB74AAD8AEE0008
071465168A13080FB94AAC8AFB0001
071469168A16080FBB4AAD8AF8000A
071467168A16080FBC4AAC8B0F0006
071467168A16080FB94AAC8B0C000C
071468168A16080FBB4AAD8B0C000A
071468168A16080FBC4AAD8AFD0002
071466168A16080FBC4AAD8B000002
071468168A16080FBA4AAD8AF30006
071468168A16080FBA4AAD8AEB0010
071467168A16080FBA4AAF8AE50006
071467168A16080FBD4AAF8ACE0003
071467168A1A080FBC4AAF8AC40006
071467168A1D080FBA4AAE8AC00006
071464168A1D080FBE4AAD8AC10007
071463168A21080FBA4AAD8AC00001
071460168A21080FBA4AAD8AD50007
07145F168A24080FBB4AAD8AD30004
07145C168A24080FB94AAE8AE2000A
07145B168A28080FBC4AAE8AF20001
07145B168A2B080FB94AB08AF5000A
071459168A2B080FB94AB08AF30000
071457168A2F080FBC4AB08B0B0008
071456168A2B080FB84AB08AF40008
071452168A2F080FB74AB08AF80007
071452168A2E080FB74AB18AF40008
071451168A33080FB94AB08AF10000
07144E168A35080FB64AB08AF20008
07144A168A39080FB84AB08AF1000C
071449168A3D080FB74AB08AFE000A
071446168A3C080FB64AB18AFA0005
071443168A3D080FB74AB38AF7000A
071442168A3C080FB74AB28AEC0008
07143F168A3D080FB84AB38AFC0000
07143D168A39080FB94AB28AF30007
07143F168A3A080FB84AB38B010006
07143D168A35080FB84AB28AFE0009
071440168A36080FB74AB28AFC0007
07143D168A39080FB94AB38AF70000
07143F168A36080FB94AB38AFD0002
07143E16899E080FB84AB48AF80006
07143F168A35080FB74AB38AF70007
071440168A36080FB64AB38AF00003
071441168A39080FB94AB48AF00003
07143F168A3A080FB64AB48AFC0000
071440168A3C080FB84AB48AFF000D
071441168A3A080FB84AB48B0B0005
071441168A39080FBA4AB48B00000A
071441168A36080FBA4AB58B100007
071440168A39080FB94AB68B0B0003
07143F168A3A080FB84AB68AFE0004
071440168A39080FB64AB68AF2000A
07143F168A39080FB64AB68AE00001
071440168A3A080FB64AB78AD30006
071441168A39080FB34AB68ABE0009
07143F168A3A080FB74AB68AB30002
071441168A39080FB54AB58AC80002
071441168A3A080FB44AB58AC00000
071443168A39080FB44AB68AC20002
071442168A3A080FB54AB68ACC0006
071443168A39080FB44AB78ACE000A
071443168A3A080FB54AB78AC30000
071442168A3C080FB44AB68AC4000B
071440168A3A080FB64AB68ABC0007
071441168A3C080FB44AB68AAD0006
07143E168A3C080FB34AB68AB90003
07143D168A41080FB44AB78ABE0008
07143D168A43080FB24AB68ABA0006
07143C168A45080FB44AB68AC60009
071439168A47080FB04AB78ACD0006
071434168A4C080FB24AB78AD00008
071431168A4A080FB34AB78AE00005
071431168A4C080FAF4AB78ADA0008
07142F168A4D080FB24AB88AD90003
07142C168A4C080FAF4AB88ADE0007
07142A168A4D080FAF4AB88AE6000B
071428168A4C080FAE4AB88AE60005
07142A168A4D080FAF4AB88AEC0006
071426168A4D080FAD4AB88AFF0003
071428168A4F080FAE4AB88B0D0008
071428168A4D080FAC4AB88B13000A
071426168A4F080FAC4AB88B160005
071426168A4D080FAD4AB88B110003
071425168A53080FAD4AB98B0C0003
07142316895D080FAC4AB88B050005
071424168A4C080FAD4AB88B080007
071423168A4D080FAD4AB98B080003
071425168A4F080FAB4AB98B04000A
071424168A51080FAC4AB98AF80003
071424168A51080FAC4ABA8B0F0003
071423168A4F080FAD4ABA8AFF000A
071425168A4D080FAC4ABA8B120000
071425168A4C080FAD4ABA8B0D0003
071425168A4A080FAE4ABA8B080009
071427168A4C080FAC4ABA8B1A0003
071427168A47080FAA4ABA8B160003
071428168A48080FAB4ABA8B150002
071429168A4A080FAB4AB98AFF0004
07142B168A45080FAA4AB98B01000C
07142D168A43080FAA4AB98ADF000A
07142C168A45080FAB4ABA8AD8000B
07142F168A43080FAA4AB98AE00003
07142F168A43080FA84AB98ADD0007
071430168A41080FA84AB98AE4000A
07142F168A40080FAB4AB98AE60000
071430168A41080FA94ABA8AE10006
071430168A40080FAB4ABA8ADB0006
071431168A41080FAC4ABB8ACE0001
071432168A40080FAC4ABB8AD00008
071431168A41080FAD4ABC8AC8000B
071432168A43080FAC4ABD8ACE0001
071432168A45080FAB4ABE8AD10003
071430168A40080FAE4ABF8AD3000C
071430168A41080FAD4ABE8ADE0008
07142E168A43080FAE4ABE8AEB0005
07142E168A4A080FAE4ABE8AED0004
07142C168A48080FAD4ABE8AF7000E
071429168A47080FAF4ABF8AF30004
071427168A4C080FAD4AC08AE20006
071426168A4D080FAE4AC18AD30009
071425168A4C080FAB4AC08ACE000A
071424168A4D080FAC4AC08AC40007
071422168A4C080FAB4AC08AB60008
071422168A4D080FAD4AC08AB40007
071422168A4C080FAC4AC08AB7000C
071421168A4A080FAD4AC08ACB0002
071423168A4A080FAE4ABF8AE20005
071421168A4C080FAE4ABF8AE60009
071423168A4A080FAE4ABF8AFA0001
071422168A4C080FB24ABF8AF70006
071421168A4A080FB14AC18AE10006
071420168A4F080FB04AC18AE3000A
071420168A51080FB24AC18ADE000A
07141D168A4C080FB14AC28AD30001
07141D168A4D080FB24AC38AD3000C
07141D168A4F080FB24AC28ACC0005
07141C168A4D080FB54AC28AD30004
07141D168A4C080FB34AC28ACB0005
07141B168A51080FB34AC28ACE000C
07141D168A4D080FB14AC28AE20004
07141E168A4C080FB14AC28AED0005
07141B168A51080FB14AC18B090000
07141D168A4C080FB14AC28B160009
07141D168A4D080FB24AC28B150003
07141C168A4C080FB24AC38B010001
07141F168A4A080FB24AC38AF00005
071422168A4C080FB34AC38AE80004
07141F168A4A080FB24AC38AE30008
071420168A4C080FB44AC38AF00004
071420168A4A080FB54AC38AF30000
071422168A4F080FB44AC38AED0001
07141E168A4A080FB54AC38AE10000
07141E168A4D080FB44AC48ADA0003
07141E168A4C080FB54AC48ADE0000
07141E168A4A080FB44AC58ADA0003
07141F168A48080FB34AC58ADC0004
071421168A4A080FB44AC48AE60003
071420168A45080FB84AC58AEB0000
071421168A4A080FBA4AC68AF70008
071422168A48080FBB4AC68AFA0006
071424168A43080FBE4AC68B070003
071426168A48080FC04AC68B14000A
071425168A43080FC04AC68B040008
071427168A47080FC44AC78B0C0007
071425168A48080FC64AC68B010008
071427168A4A080FCB4AC78B000007
071425168A4C080FCF4AC78B020008
071425168A4D080FD04AC88B060006
071421168A4C080FD54AC78B060007
07141F168A51080FDA4AC78B040006
071421168A4F080FDB4AC68B040009
071421168A51080FDE4AC78AF30001
071422168A53080FE34AC88ADE0008
07141F168A51080FE64AC88AD4000A
071420168A4F080FE84AC88AD10004
071421168A51080FEB4AC78AD30001
071421168A51080FEF4AC78ADA0004
071421168A53080FF24AC88AE60005
071422168A51080FF54AC98AF60008
071421168A53080FF94AC98AEF0005
071423168A51080FFB4ACA8AF80000
071423168A4F0810004AC98B00000A
071426168A510810024AC98B100003
071428168A4C0810044AC98B0B0002
07142B168A4A0810054AC98B030006
071430168A480810084ACA8AF50008
071435168A400810094AC98AE60008
07143F168A2F08100B4ACA8AEF0005
07144B168A2408100F4ACA8AE50007
07145B168A160810104ACB8AEB0007
07146D168A120810114ACB8AF90001
071480168A0C0810124ACB8AFD000B
07148C168A070810154ACC8B020003
071499168A020810174ACB8AFD0008
07149F1689FC0810174ACC8AF00005
0714A81689F40810184ACC8ADE0004
0714B11689F20810184ACC8AD9000A
0714B91689EA08101B4ACD8AD90007
0714BE1689E308101C4ACD8AD80005
0714C51689DC08101B4ACD8AD60003
0714CE1689CE08101C4ACD8ACC0004
0714D51689CA08101F4ACD8AC50006
0714E11689C408101F4ACE8AC00003
0714EA1689C60810204ACD8AB50001
0714F21689C00810214ACD8AAE0002
0714F41689C30810214ACD8AAC0006
0714F71689C70810224ACD8AB4000A
0714F61689CA0810224ACD8AB10005
0714F61689CB0810224ACC8AB90001
0714F31689CD0810224ACD8AC00003
0714F11689D20810244ACE8ABE0003
0714EB1689D50810244ACE8ACB0006
0714EA1688B40810234ACE8AD4000E
0714E71689D80810224ACE8AD50008
0714E51689DC0810224ACE8ADB0008
0714E51689DF0810234ACF8ADB0003
0714E21689DF0810244ACF8ADA0005
0714E01689E30810234ACF8AE50005
0714DF1689E70810214ACE8ADD0006
0714DB1689EA0810234ACF8AF30005
0714D81689EE0810224ACF8AF0000B
0714D51689F40810224ACF8AF10000
0714CE1689F90810224ACF8B0F0008
0714C71689FB0810214AD08B11000A
0714C01689FC0810224AD08B150006
0714BB1689FE0810234ACF8B1C0000
0714B81689FE0810214AD08B110006
0714B4168A040810224ACF8B0D0004
0714B1168A090810214ACF8AFA000A
0714AE168A070810224ACF8AF70007
0714AB168A090810214ACF8AE9000B
0714A9168A0B0810214ACF8AE1000C
0714A4168A0F0810234ACF8AD70007
0714A2168A120810214AD08AC80005
07149F168A160810204AD08AD60009
07149B168A160810224AD08ADB0006
071499168A130810204AD08ACD0004
071496168A1608101E4AD18AE0000B
071496168A1608101F4AD28AE00001
071494168A1608101E4AD28AEA0005
071493168A160810204AD28AEF000C
071494168A0F0810214AD28AE00003
071498168A0E0810204AD18AE40001
07149B168A0C0810204AD18ADF0003
07149F168A070810214AD18ADF000A
0714A1168A090810224AD18AE40006
0714A6168A0B0810234AD28AE60006
0714A4168A0F0810224AD28ADF0002
0714A1168A120810214AD28AE20001
07149C168A160810234AD18AD70005
071495168A1A0810234AD28ADB0004
07148E168A190810214AD28AE60009
07148A168A160810224AD28AE60006
071486168A0E08101F4AD28AE40008
071489168A0508101F4AD28ADC0005
0714941689F908101E4AD28ADE0000
0714A21689F408101C4AD28AD10003
0714B31689EE08101C4AD28AC7000A
0714BF1689EA08101C4AD38ACF0003
0714CB1689E708101D4AD48AD60005
0714D41689DF08101C4AD58AD70006
0714DD1689DF08101D4AD78ADE0006
0714E71689DC08101C4AD68AD30006
0714EF1689D508101D4AD68ADB000C
0714F71689D108101D4AD58AD90005
0715021689CB08101D4AD58AF40006
07150C1689CA08101A4AD48AEB0008
0715111689C70810194AD48AE70008
0715161689C60810194AD58AF5000A
07151B1689C40810184AD58AF90006
07151F1689C30810174AD58AF60008
0715201689BD0810174AD48B070003
0715241689B40810124AD48B070009
0715261689AC0810124AD48B150007
0715291689A60810114AD48B0E000C
07152D1689A108100F4AD48B0D0007
0715341689A508100B4AD48B110004
0715341689A608100A4AD48B070000
0715341689A80810084AD48AFF0002
0715331689A90810074AD48AF70007
0715341689B30810074AD68ADE0008
0715311689B80810064AD68ADC0005
0715301689B60810064AD68AC60008
0715311689B40810064AD68ACA0009
0715311689B30810054AD68ACF0004
0715331689B10810034AD68ACF0008
0715341689B30810014AD78ABE0004
0715351689B40810004AD88AD50004
0715371689AF080FFD4AD78ADC0009
0715391689AF080FFC4AD88AE2000A
0715371689A9080FFA4AD88AEF0005
0715371689A8080FF94AD78AEF0009
0715351689A2080FFB4AD78AF00004
0715351689A1080FF84AD68AE8000A
0715351689A2080FF64AD68AF80006
0715331689A1080FF44AD68AEE0006
0715301689A6080FF24AD68AF80009
07152F1689A5080FF24AD78B0B0004
07152E1689A2080FEE4AD78B0F0005
07152D1689A5080FED4AD78B140009
07152C1689A2080FEA4AD88B190004
07152B1689A5080FE94AD88B16000C
07152D1689A5080FEA4AD88B200008
07152C1689A2080FEB4AD88B210006
07152B1689A1080FE84AD88B230001
07152B1689A6080FEB4AD88B200008
07152C1689A8080FEB4AD88B290004
07152A1689A6080FEA4AD88B2A0000
07152A1689A8080FEC4AD88B2F0004
0715281689AD080FEC4AD98B1E0003
0715261689AF080FEB4AD98AF80000
0715221689B1080FEA4ADA8AED0006
0715201689B3080FE94ADA8ACD000A
07151D1689B1080FE84AD98ABB0004
07151D1689B3080FE94AD98AAF0004
07151A1689B1080FEB4ADB8AB3000E
07151D1689B3080FE94ADA8AB50009
07151B1689AF080FE94ADC8AC20003
07151E1689B1080FE94ADB8AB9000A
07151C1689B3080FE84ADC8AC70006
07151D1689B1080FEA4ADC8ACE0003
07151C1689B3080FE84ADD8AE50007
07151E1689B1080FE84ADD8AF80006
07151C1689B3080FE64ADD8AF60001
07151B1689B1080FE84ADD8B140006
07151C1689B3080FE74ADE8B250003
07151C1689B1080FE74ADE8B15000A
07151C1689B6080FE94ADE8B1C0009
07151E1689B4080FE84ADE8B07000A
07151D1689B3080FE84ADE8AF80003
07151E1689B6080FEA4ADE8AFE0009
07151C1689B1080FEA4ADE8AFC0007
07151D1689B6080FE94ADF8AFA0004
07151D1689B4080FE94ADE8B000004
07151D1689B3080FE94ADE8B040006
07151D1689B4080FEB4ADE8B06000B
07151A1689B9080FED4ADF8B070009
0715191689B4080FED4ADF8B120006
07151A1689B9080FEB4AE08B170006
07151A1689B8080FEC4AE08B14000A
0715191689B6080FED4AE18B140003
07151D1689B8080FEF4AE08B040005
07151C1689B6080FEE4AE08B000008
07151C1689B6080FEE4AE08AFA0006
07151B1689B8080FEF4ADF8B090002
07151F1689B3080FED4ADF8B000000
07151F1689B8080FF04AE08B090004
07151F1689B9080FF14ADF8AF50003
07151F1689BB080FEF4ADF8AF50006
07151F1689BD080FEE4AE08AF10008
07151B1689BF080FF04AE18AEC0006
0715161689C4080FF04AE08AE20008
0715151689C6080FEF4AE08ADB0007
0715111689C7080FF14ADF8ACF0008
07150B1689CA080FF04ADF8AC60002
0715071689CB080FEE4AE08AB9000A
0715061689CE080FEE4AE08ABD0009
0715081689CD080FED4AE08ABE0007
0715081689CE080FEE4AE18AA80009
0715061689CE080FEB4AE28AC80003
07150A1689CD080FEA4AE28ACC0005
0715091689CA080FEB4AE38AC80008
07150A1689CB080FEC4AE38ADD0009
0715091689C6080FEA4AE48AE30006
0715081689CB080FE94AE48AE00008
07150B1689CA080FE94AE38AE30009
07150A1689C7080FE94AE28AE60004
07150A1689CA080FE94AE38AE50006
07150A1689CB080FEB4AE38AE6000A
0715091689C7080FEB4AE48AEC0006
0715081689CA080FEB4AE48AED0008
0715071689CB080FEB4AE38AE40003
0715071689C6080FEE4AE48AE6000A
0715071689C7080FEE4AE58ADA0000
0715071689C6080FEE4AE48AE20006
0715071689C4080FEB4AE48AE60003
07150A1689BF080FEB4AE48AE10008
07150D1689BD080FE94AE48AD70003
0715101689BB080FE94AE38ADE0003
0715111689BD080FE84AE48AD50008
0715111689BB080FE74AE58AD80004
0715141689B9080FE74AE58ADA0003
0715161689BD080FE94AE58ADC0006
0715161689BF080FE74AE68AE4000A
0715171689BD080FE84AE68AEE0006
0715171689BB080FE74AE58AF30006
0715161689C0080FE64AE68AF70005
0715161689BB080FE84AE68AEF0003
0715181689B9080FE94AE68AE7000B
07151A1689BF080FEB4AE78AE0000A
07151C1689B9080FE94AE78ADA0002
07151C1689BB080FEA4AE88ADA0003
07151E1689B9080FEA4AE88ADE0005
0715211689B8080FE94AE88AD30006
0715231689B9080FE94AE88ACD0008
0715251689B9080FE94AE88AD30003
0715261689BB080FE74AE78AD70009
0715281689BD080FEA4AE88AE30000
0715271689BB080FE84AE88AEE000C
0715261689BD080FE84AE98AF7000A
0715241689BF080FE74AE98AE40006
0715221689BD080FE54AE98AE00003
0715241689BF080FE64AE98AD50007
0715231689C0080FE74AEA8AD90008
0715211689BF080FE74AE98AD70003
0715221689C0080FE54AE98AD70004
0715241689BF080FE64AE88AC60006
0715251689C0080FE74AE88AB90008
0715261689C0080FE64AE78ABD0009
0715271689BF080FE64AE88ABB0001
0715281689BD080FE64AE88AC7000E
0715281689BB080FE74AE78ACD0004
07152A1689B9080FE94AE88ACB000C
07152B1689B1080FE94AE88ACF0005
07152D1689B3080FE84AE78AE00006
07152E1689AD080FE84AE68AE30004
0715301689AF080FE84AE68AE40006
07152F1689B1080FE84AE68AED000D
07152D1689AF080FE74AE68AED0005
0715301689B1080FE54AE68AE20007
07152E1689B3080FE64AE68AEB0004
07152B1689B3080FE84AE58AE6000A
07152C1689B1080FE94AE68AEC0001
0715291689B3080FE84AE78AED0005
0715291689B1080FEB4AE78AF50006
0715291689B3080FEA4AE78AEF000A
0715251689B8080FEB4AE68AFC0005
0715241689B6080FEA4AE68AEC0009
0715231689B4080FEC4AE78AF40007
0715231689B6080FEB4AE78AE90004
0715201689B8080FEC4AE78ADB0008
07151C1689B9080FEF4AE88AD50002
07151A1689B8080FEF4AE98AD00007
0715171689BD080FEE4AE98ACF0008
0715151689B9080FF14AEA8AC00003
0715141689B8080FF14AE98AC00002
0715101689BD080FF24AE98AD20000
0715111689BB080FF54AEA8AD8000B
0715111689B9080FF34AEA8AD5000B
0715101689B8080FF24AEA8ADC000E
0715101689B9080FF24AEA8AEA0006
0715101689B8080FF34AEA8AEF0001
0715111689B9080FF74AEB8AEA0008
0715111689BB080FF64AEB8AEB000A
0715121689B9080FF64AEB8AF00006
0715131689B8080FF84AEB8AFC0003
0715131689B9080FF84AEB8AF10006
0715111689BD080FFA4AEB8AEF0003
07150F1689BB080FFA4AEB8ADD0008
07150C1689C0080FF94AEC8ACE0006
0715081689C3080FFB4AEB8AD00005
0715031689C7080FFC4AED8ABE0003
0714FC1689C3080FFC4AED8ABA0007
0714F71689C4080FFC4AED8AD40009
0714F31689C6080FFC4AEE8AC70003
0714F01689C7080FFA4AEF8ACE0007
0714EE1689CA080FFE4AEF8AD20002
0714E81689CE080FFD4AEF8AC80006
0714E71689CD080FFC4AF08AD50004
0714E51689D2080FFC4AF18AD70006
0714E11689D2080FFB4AF18ADC0008
0714E51689CD080FF94AF18AEC0006
0714E61689CE080FFA4AF28AEF0006
0714EC1689CA080FF84AF28AE90007
0714F01689C7080FFA4AF28AEB0000
0714F71689C6080FF84AF18ADA0007
0714FD1689BD080FFA4AF18AD80007
0715051689B8080FF94AF18ADC0007
07150C1689B6080FFB4AF28ADA0005
0715141689B4080FFC4AF28AE00001
07151B1689B9080FFD4AF18AD70002
07151D1689BB080FFC4AF18ACD0006
07151D1689B90810004AF28ACE0009
07151D1689C00810004AF18ACB0002
07151A1689BF0810044AF18ACD0004
0715161689C40810054AF18ADC0001
0715151689CA08100B4AF18AE10001
0715121689C708100D4AF28AF30008
0715111689C60810104AF18AF50009
0715101689C70810164AF18AEF0006
0715101689C608101A4AF28AE40008
0715101689C708101E4AF28AE10001
0715121689CA0810254AF38ACC0005
0715121689C708102A4AF38AC40003
0715111689CA08102E4AF38ABC0006
0715121689C70810364AF38AAC0003
0715121689C708103B4AF38AB10004
0715131689CA0810404AF38AAE000A
0715121689CB0810484AF38AB70008
0715111689CA08104B4AF38ACE0007
0715141689CB0810544AF28AC60003
0715131689CD08105A4AF38AD5000B
0715161689CB0810604AF38AD90007
0715161689CA0810694AF38ADE0005
0715171689C708106F4AF48AD90008
0715171689C60810764AF58AD4000C
0715181689C708107D4AF58AD10003
07151E1689C60810834AF58AC90005
0715201689C40810874AF48ACF0002
0715231689C408108D4AF48AD60002
0715221689CA0810944AF48AD50007
0715261689D20810994AF48ADE0007
0715271689D508109D4AF58AE00002
0715251689DC0810A14AF58AEA0001
0715231689DC0810A64AF68AD70008
0715231689E30810AA4AF78ACD0008
0715251689770810AE4AF78AD00001
0715261689EA0810B34AF78AD00007
0715281689F20810B44AF78AD10000
07152A1689FB0810B94AF78ADC000B
07152D1689FC0810BD4AF78AD60006
071531168A020810BE4AF68ACB0004
07152F168A050810C24AF78ACC0003
07152E1689700810C54AF78AD50003
07152E168A090810C74AF88AD90001
07152C168A070810CA4AF88AEA0005
07152C168A090810CC4AF88AE70004
07152B168A070810CF4AF88AED0004
07152A168A090810D24AF88AE90009
071529168A070810D74AF88AE20005
071526168A090810D74AF88ADC0009
071525168A070810D94AF78AD50008
071524168A090810DD4AF88AD70007
071521168A0B0810DD4AF98AD80000
071523168A050810E04AF88AD30004
0715231689FE0810E14AF88ACB0004
07152D1689F50810E44AF98AC00004
0715391689EA0810E54AF88ABE0002
0715521689D80810E94AF88ABB0007
0715711689E30810EA4AF98AC00003
071598168A000810EB4AF88AA40008
0715B5168A280810EC4AF98AC60005
0715C4168A480810ED4AFA8AD10001
0715C4168A5F0810F14AFA8AE40003
0715BE168A740810F04AF98AE90008
0715B6168A8B0810F34AFA8AF30006
0715AC168AAA0810F64AF98AF60003
07159F168ABF0810F44AF98AFA000B
07158E168AC90810F54AF98B090006
071586168AC70810F74AF88B0B0001
07157F168ABC0810F74AF88B160009
07157C168AAA0810F74AF88B0F0005
07157D168A9D0810F74AF88B070004
071580168A890810F84AF88B020006
071584168A8B0810F84AF88AFE0003
071583168AA30810F84AF78B0C0005
07157D168AB80810F84AF78B040009
071574168ACA0810F74AF68B020001
071568168AD40810F74AF78B070003
07155D168AEC0810F74AF78B000008
071556168B0B0810F84AF78B00000C
071554168B1F0810F74AF78AFC0000
071559168B2C0810F54AF88AFD0004
07156D168B310810F64AF88B07000A
071589168B300810F54AF88B030006
0715AE168B230810F84AF88B090007
0715D0168B1A0810F94AF98B120009
0715F4168B120810F44AFA8B18000A
07161A168B0B0810F54AFA8B1F0009
071637168B070810F34AFB8B0C0007
071649168B070810F44AFB8B1D0008
071652168B080810F44AFC8B070001
071659168B0B0810F44AFD8B10000C
07165D168B0B0810F24AFD8B06000A
071661168B0B0810F54AFD8B030005
071664168B080810F24AFD8AF50008
07165F168B040810F44AFD8AF1000C
07165B168B010810F24AFC8AED0007
071653168AF60810F24AFC8AE40006
07164E168AEB0810F14AFC8ADD0004
071646168AE10810F34AFC8ADD0006
07163C168AD40810F24AFC8ADD0009
071626168ACA0810F64AFC8AEB0008
07160D168ABC0810F74AFC8AEF000A
0715F3168AB10810F84AFC8AFE000A
0715DE168AA00810FA4AFC8B080007
0715CD168A860810FA4AFC8B050008
0715C4168A700811004AFB8AFD0006
0715BF168A5A0811004AFB8B02000A
0715BC168A4A0811034AFB8AF30006
0715B9168A450811094AFC8AF3000B
0715BA168A4D08110B4AFB8AF40000
0715BD168A4F08110D4AFB8AF30006
0715C5168A5B0811114AFB8AF8000C
0715CA168A690811144AFB8B050008
0715C8168A770811154AFB8B0B0008
0715C1168A7E08111A4AFC8B130006
0715BE168A9108111D4AFD8B160003
0715B7168ABC08111D4AFE8B160006
0715AD168AEE0811234AFD8B110008
071597168B120811264AFD8B040003
07157C168B1D08112A4AFD8AFA0007
07155B168B1F08112C4AFD8AF50004
071541168B1D08112F4AFE8AE60005
07152C168B180811324AFE8AEB0005
07151B168B150811344AFE8AF0000C
07150F168B080811374AFE8AEA0002
07150C168AF908113C4AFF8AD80001
07150F168AEE08113C4AFF8ACA0005
071520168ADB0811414B008ACC0001
07153F168ABF0811414B018ABB0001
071571168AA70811454B008AB90004
0715B7168A940811464B018ABE0007
071606168A7E08114B4B008AC70006
071651168A7008114C4B008ACD0007
07168C168A660811514AFF8AD7000A
0716B4168A5E0811534B018ACF000A
0716D8168A5B0811574B008AD30007
0716EC168A5B08115A4B018AC90005
0716EB168A6208115D4B018AD10006
0716D9168A6C0811604B018AD8000B
0716C0168A770811624B018ADD000C
0716A8168A7A0811654B018AE40008
071691168A820811654B008AE40000
07167E168A8808116A4B018ACB0003
071670168A8908116D4B008ACF0008
071665168A8B08116F4B018ADE000D
071660168A8D0811754B018ADC0002
071662168A8B0811744B008ADD0003
07165F168A8B0811764B018AED000A
071662168A8908117A4B028AF4000A
071663168A8108117E4B038B040007
071671168A7008117F4B038AF50008
071693168A5B0811814B038AF6000A
0716C9168A480811854B038AFA000E
07170A168A400811894B038AFA0004
071746168A3608118D4B038AEF0006
071770168A320811904B038AEB0009
071787168A2F0811934B038AEF0004
071791168A350811994B048AF20008
071792168A330811994B048AFC000A
07178B16898908119A4B058AF50001
07177F168A2B08119E4B048B050007
07176F168A2B0811A14B048B000006
07175F168A2B0811A24B048B140007
07174D168A2B0811A34B058B1E0006
071741168A2B0811A64B048B180000
07172F168A2B0811A74B048B1C0007
07171F168A2E0811A84B038B270008
071710168A2B0811AA4B038B07000A
071705168A2E0811AD4B038AF20001
0716FF168A2F0811AD4B048AD70007
0716F5168A280811B24B048ACF0003
0716EB168A1D0811B44B038AC8000A
0716E1168A190811B94B048ACC000B
0716D6168A160811B94B058AD60001
0716CD168A160811BC4B058AE10009
0716C2168A160811C04B068AF10003
0716BC168A190811C04B058AF40003
0716BC168A210811C34B058AFC0008
0716C0168A280811C64B058AFC0008
0716C7168A280811CB4B058AF40007
0716D1168A280811CE4B058AEE0007
0716DA168A240811CD4B048AF50004
0716E5168A280811D24B058AF50007
0716EB168A240811D34B058AFD0009
0716F1168A240811D74B058B090006
0716F5168A280811D94B048AF50004
0716F6168A280811DB4B058AFB0000
0716F4168A2F0811E04B068AFD0003
0716F1168A3C0811E34B068AFE000C
0716EF168A3D0811E54B058B0D0002
0716EA168A4A0811E84B058B090005
0716E4168A4F0811EC4B058B1C0008
0716E1168A580811EF4B068B0F0005
0716DB168A5E0811F44B068B180008
0716D4168A660811F44B078B0C0000
0716D0168A690811F94B078B0C0002
0716CB168A690811FB4B078B100006
0716C4168A6C0812004B088B0B0005
0716BF168A700812034B088B070007
0716B9168A6C0812054B088B090006
0716B2168A6908120A4B088B0C0006
0716AF168A6C08120E4B098B0B0008
0716AB168A6C08120F4B088B120006
0716A6168A6C0812124B088B160007
0716A5168A690812144B098B230007
0716A3168A620812174B098B230006
0716A1168A650812194B098B20000C
0716A4168A6208121D4B088B240000
0716A5168A660812224B088B1D0009
0716A9168A650812254B088B270009
0716B0168A690812264B088B27000C
0716B4168A6908122A4B088B210007
0716B9168A700812304B088B200006
0716BD168A700812314B078B28000C
0716C1168A770812374B088B240008
0716C6168A7408123A4B098B0C0001
0716CC168A7308123E4B098AFF0010
0716D01689900812404B0A8ADF0006
0716D5168A6C0812434B0B8ACF0002
0716DA168A700812444B0A8ABB000D
0716DC168A6C0812474B0A8ABE0005
0716DE168A7308124D4B0A8AB30003
0716E5168A7008124F4B0B8AB70003
0716E8168A700812534B0B8AB50002
0716EC168A740812544B0A8AC40006
0716F0168A700812574B0B8AD1000A
0716F1168A740812584B0B8AC30005
0716F2168A7308125F4B0B8ACD0007
0716F3168A700812624B0B8AC80006
0716F5168A730812654B0C8AD70003
0716F5168A740812674B0C8ADA000C
0716F4168A7308126A4B0C8AD30009
0716F3168A7408126D4B0C8ADB0006
0716F4168A770812714B0B8AE00008
0716F6168A7A0812754B0C8AE30009
0716FB168A7B08127A4B0D8AE30005
071700168A7A08127C4B0D8AD5000C
071704168A7708127F4B0C8AD50006
07170B1689FB0812864B0C8AD10007
071710168A7E0812894B0B8ADD0008
071717168A8408128B4B0C8AED000A
071720168A8D08128E4B0B8AED0007
071723168A920812924B0C8AF2000A
071726168A980812964B0C8AF30004
07172B168A990812994B0D8AFA000E
071731168A9D08129A4B0D8B060003
071735168AA30812A14B0D8B0F0000
07173D168AA70812A54B0C8B0F0000
071742168AA30812A64B0C8B1E0001
071744168AA70812AA4B0D8B200003
071746168AA30812AE4B0D8B2F0006
071747168AA00812B14B0D8B140001
071749168A9F0812B44B0E8B120003
07174B168A9D0812B74B0E8B0E0006
07174D168A9B0812BD4B0E8B0D0005
07174D168A960812BE4B0F8B0F0002
07174F168A8D0812C24B0E8B0F0001
07174F168A8B0812C74B0E8B200005
071759168A840812CA4B0E8B1E000A
07176A168A890812CE4B0E8B320006
071780168A810812D14B0E8B330007
071791168A7B0812D54B0E8B32000B
07179E168A7A0812D74B0E8B340005
0717AB168A770812DC4B0E8B35000A
0717B9168A7A0812DF4B0F8B2C0008
0717C7168A770812E24B0F8B1A0000
0717D9168A770812E54B0E8B070009
0717EB168A7B0812EA4B0F8AFD0006
0717FA168A770812EC4B0F8B090006
071807168A7A0812F24B0F8B0B0004
07180C168A770812F64B108B1A0003
071808168A7A0812FB4B118B1E0006
071802168A770812FD4B128B250007
0717F8168A770813034B138B170006
0717EA168A740813074B138B270007
0717E0168A7708130A4B128B25000B
0717DE168A740813104B128B2A0001
0717F2168A730813154B128B3C0005
071819168A700813194B138B2E0008
071843168A7008131D4B148B430007
071865168A6C0813214B148B450009
07187D168A660813254B148B460005
071883168A5F0813294B138B3D0007
07187F168A5A08132C4B128B2F000A
071872168A580813334B138B2F000B
07186C168A530813314B148B350001
071883168A4D0813364B148B430008
0718B1168A3D0813394B148B3D0003
0718EF168A2E08133F4B148B310005
07193D168A1D08133F4B138B35000A
071993168A0C0813444B138B36000B
0719EB168A000813484B148B3F000B
071A341689F708134A4B158B370009
071A681689F10813504B148B2F0009
071A901689DF0813514B148B270002
071AB31689CB0813554B158B2C0000
071ADC1689B40813594B148B200000
071B0E16899708135B4B148B110004
071B4516897308135F4B158B260002
071B801689520813614B158B2B0005
071BC116892B0813634B158B240008
071C0716890A0813674B158B1E0008
071C4E1688F80813684B148B280008
071C8D1688DA08136D4B158B180000
071CCB1688A908136D4B148B2F0004
071D0516885B0813704B158B2B0004
071D4D1688060813744B168B210006
071DB61687D50813764B158B2A0004
071E211687C00813784B158B180008
071E721687B708137A4B158B1E0009
071EA716879E08137D4B168B100003
071ECA16877A08137E4B158B0B0002
071EE816874F0813814B158B0D0008
071F1716871C0813854B158AF90002
071F571686D30813864B158AF50002
071FA31686840813894B158AEF000A
071FF916863508138B4B148AE10004
0720521685DE08138F4B148AE40008
0720C016857F08138F4B148AE60003
0721351685260813914B148ACF0006
0721AB1684E40813934B148ABB0009
07221216849A0813954B148AA20006
0722731684350813964B148A8C0004
0722D51683D00813994B148A8B0008
07234B16835D08139D4B158A7C0003
0723D316830608139D4B148A730001
07246B1682BF0813A14B148A6C0009
0724EE1682810813A54B148A6D0005
07255E1682510813A84B148A730005
0725BC1682310813A94B158A770001
0726091682090813AD4B168A730008
07264F1681DB0813AE4B168A670005
0726931681B30813B24B178A640006
0726DF1681880813B74B178A62000A
07272D1681560813BB4B178A540008
07276C16813B0813C04B178A580004
0727A116812E0813C54B178A550004
0727D716811C0813C74B168A540008
0727FC1681060813CB4B168A50000A
07281B1680F60813D14B168A560005
07283C1680E20813D74B168A58000C
0728571680D40813DA4B188A590007
0728731680C60813DE4B188A5E0006
0728891680C60813E14B188A530005
07289C1680DF0813E54B188A550000
07289B1680FD0813ED4B198A5B0007
07288216811C0813F04B188A5B0003
07285816812A0813F64B178A5D0003
07282E1681270813FA4B168A5B0006
07280E1681190813FE4B168A580001
0728071680FC0814044B168A470001
0728181680DE0814084B168A4E0006
07283B1680CD08140E4B188A620008
0728671680C30814154B178A5B0002
07288C1680BE08141A4B178A610003
0728A51680AB08141F4B178A5C000B
0728B91680A20814244B178A660007
0728CD16809308142A4B178A620006
0728ED1680810814314B178A710004
07290A1680710814364B188A690005
07292616806408143B4B188A690006
07294216806308143E4B188A6C0007
07295916805A0814444B188A630006
07296716805C08144B4B198A660007
07296A16805D08144D4B198A600003
07296E1680630814554B198A580000
07296F16806C08145B4B1A8A5F0003
0729681680710814604B1A8A550003
07295D16807A0814644B1A8A680008
07294E1680820814694B1C8A660003
07294016808508146D4B1D8A6E0001
0729331680820814714B1D8A650006
07292E1680850814784B1D8A660005
07292916809308147D4B1D8A630002
07292216809A0814814B1D8A540005
0729161680A10814874B1C8A510006
07290B1680A50814894B1D8A660007
0728FF1680AB08148F4B1C8A5E0008
0728F81680A90814914B1C8A6D0008
0728F21680AB0814974B1C8A6C0007
0728F01680A908149D4B1D8A730009
0728F21680AE0814A14B1D8A660001
0728F01680BE0814A44B1D8A610004
0728E61680CD0814AB4B1E8A60000B
0728D41680DF0814B04B1D8A5D0007
0728BE1680EC0814B34B1D8A620006
0728A31680F80814B94B1C8A630004
07288E1680FD0814BE4B1D8A560003
07287B1680FC0814C64B1E8A6A0003
0728711680F30814CC4B1E8A6C0008
0728741680E20814D14B1D8A6A0003
07287D1680D80814D84B1E8A6C000B
07288C1680CD0814DD4B1D8A630001
0728A41680B50814E14B1E8A580003
0728BC16809A0814E64B1E8A550006
0728DC16807E0814EE4B1F8A400006
0729011680520814F14B1F8A340009
07292F16800D0814F64B1E8A300007
07297A167FAD0814FB4B1F8A2B0005
0729D5167F4A0815004B1F8A2A000A
072A44167F040815054B1F8A240008
072ABB167EE60815084B1F8A330005
072B19167EF208150E4B208A210002
072B47167EFB0815144B1F8A270000
072B4E167F0E0815194B1F8A300005
072B41167F3C08151D4B208A250008
072B24167F680815234B218A2A0006
072AF1167F730815294B208A290009
072AC5167F5A08152B4B218A1E0007
072AB7167F350815334B218A1F0006
072AC7167F070815374B208A150003
072AFA167EE008153B4B218A070005
072B3A167EB808153F4B2289EE0007
072B79167E640815454B2289EB0009
072BC5167DD908154A4B2289D00008
072C35167D2C08154E4B2289C20009
072CD9167C6E0815544B2189B10008
072DA7167BBE0815584B2189AC000A
072E7C167B4008155C4B2189B10000
072F5F167AF108155F4B2189B70006
073027167AB40815644B2289AC0001
0730A4167A6F0815674B2189AB000A
073103167A1608156B4B2289A80002
0731641679B108156F4B2389910004
0731CC16793E0815724B2289850005
07324C1678D20815754B2389670006
0732D716787408157B4B2489590006
07334F1678100815804B2389520008
0733D31677AE0815844B2289440006
07346A16773D0815884B2289420006
0735021676BB08158A4B2289320009
07359816763E0815904B2389210006
0736401675C20815954B238910000A
0736EC1675380815984B2388F00004
0737A01674BE08159A4B2388E30006
07384816745D0815A04B2488E70006
0738EA1674030815A54B2488E10007
0739851673A60815A94B2388BE0006
073A201673500815AB4B2388BF0000
073AB91673090815B14B2488900007
073B2A1672C10815B34B248887000C
073B8C16727D0815B84B24886B0003
073BF416723C0815BB4B2588690000
073C5D16720D0815BE4B25882A0007
073CB31671E60815C14B25883E0006
073CEE1671CC0815C64B2788110003
073D231671A60815CA4B2787EA0006
073D601671860815CC4B2787CE0006
073D9B16716C0815D04B2687B50003
073DCF16715B0815D54B2687B2000A
073DFD16714A0815D94B2687920003
073E211671250815DB4B26877F0006
073E3F1671030815DF4B278761000D
073E691670F60815E54B2887550008
073E8E1670E40815E94B27874D0008
073EAA1670CF0815EB4B27874A000A
073EC21670B20815F04B26873E0007
073EE51670A00815F34B26873C0008
073F0C1670840815F84B2587450007
073F2816706D0815FB4B24873C0002
073F4416704B0816014B2587450006
073F6B1670280816064B2487380003
073F9C16701108160B4B258731000A
073FCD166FFF08160F4B2587280008
073FE9166FEB0816134B268722000A
07400F166FCD0816174B2687240006
074038166F9608161A4B27871C0003
07406F166F5708161F4B2787070002
0740BF166F1F0816244B2687080003
074118166EF30816284B2686FD0001
074163166ED00816294B2786EA0003
0741A2166EBD0816324B2886E90006
0741C8166EBA0816344B2886D10008
0741E2166EBC0816394B2986B10005
0741F1166EBA0816404B2A86940008
0741F6166EB10816424B2A86760004
0741FA166EB30816454B2986630003
0741F9166EC308164A4B2A86570002
0741EF166EE10816504B2A86550006
0741D9166F170816524B2A8651000A
0741A7166F4E0816574B2A86590000
074167166F7F08165C4B2A86580008
074116166FAE08165F4B2A86570007
0740C8166FE30816654B2A865A0004
0740781670030816694B2B86690009
07403116700A08166D4B2A86760002
073FFC166FE60816724B2A86720005
073FED166FA30816774B2A866E000D
07400D166F4908167D4B29866D0007
07405E166EE508167E4B2A866C000A
0740D8166E840816844B2A866C0007
074168166E2D0816874B2A8668000E
0741FC166DE308168D4B2B86630003
074286166DAB0816914B2A866E0008
0742F8166D710816944B2B86720003
07435D166D420816984B2B866C0005
0743BA166D1508169C4B2C86780004
074411166CFA0816A14B2C8670000C
074456166CF00816A54B2B86640003
074483166CF70816A84B2C865F000A
07449D166CFD0816AC4B2C865B000A
07449F166D140816B14B2C86470009
07448E166D300816B54B2C86440005
074472166D4C0816B84B2D863A0006
07444A166D690816C04B2D863D0003
07441C166D7F0816C34B2D862F0003
0743F1166D8A0816C54B2E862B0001
0743CC166D8A0816CB4B2D86320005
0743B9166D7B0816CF4B2E86220003
0743B4166D620816D34B2E86150006
0743BF166D480816D74B2D86100003
0743D9166D300816DB4B2D860B0003
074400166D190816DF4B2C86080008
074429166CFA0816E44B2D86010001
07444E166CBA0816E94B2D85FA0000
074485166C4C0816ED4B2D86070003
0744F2166BE40816EF4B2D85F20004
074586166B8E0816F54B2D85FA0001
07461B166B3F0816F94B2D85F0000A
0746AB166AE70816FB4B2C85DE000A
074732166A940817024B2C85D70004
0747BC166A5A0817054B2B85C00008
074837166A3D0817084B2C85A3000B
074889166A2508170D4B2D85880008
0748C8166A100817114B2D855E000A
0748F1166A0F0817164B2D8548000A
07490C166A060817194B2D852E0005
07491D1669DD08171F4B2D85260006
0749351669810817214B2E850D0001
07496A16690B0817254B2E85060006
0749CE1668910817294B2E84FA0003
074A5616682D08172E4B2E84ED000A
074B011667C90817324B2F84CA000A
074BA71667900817384B3084C30006
074C3316676C08173A4B3084BA0006
074C8D16673008173F4B30849E0003
074CD81666E40817424B31849E0006
074D3216669E0817484B3184880004
074D9416666808174B4B31847E0008
074DF516663D0817504B318454000A
074E4E1666080817564B3084350003
074E981665AE0817574B3084080001
074EEB16653C08175E4B3083E20006
074F521664C00817604B3183D10006
074FE11664620817684B3283BD0007
07508416643108176B4B3183A70008
07510116641E08176D4B3183940006
07515816641C0817724B32838C000A
07518916641F0817764B3283810002
07519B16641E08177B4B318380000A
07519F1664060817804B31836F0000
0751B41663EE0817844B318368000A
0751CE1663DB08178B4B3183590003
0751E81663D408178E4B31834D0001
0751F51663D00817924B31833D000B
0751FD1663D10817974B31833B0006
0752051663DB08179A4B3183280008
0752051663EB0817A04B31830C0009
0751F81664110817A34B3283070000
0751DE1664390817A94B3282F60005
0751B31664550817AC4B3282E40007
07517F1664580817AF4B3382DC0007
0751581664460817B34B3382D30009
07514616642D0817BA4B3382C20006
07514C1664100817BE4B3282BF0001
0751621663F10817C24B3382B10003
0751871663E60817C74B33829F0004
0751A71663E40817CF4B3482960005
0751BE1663E20817D14B3482A20000
0751C61663E10817D64B3582A00000
0751CC1663DB0817D84B36829D0007
0751D11663DF0817DF4B36829F0003
0751D21663DD0817E44B3782A30006
0751D21663D10817E84B3682AC0006
0751D41663C20817ED4B3582A10002
0751DE1663B40817F24B3582A50000
0751ED1663A20817F64B34829B0008
07520416638F0817FB4B34828C0000
07521D1663860818004B34828A0008
07523016638D0818054B34828C0008
07523A1663A00818064B3482A10001
0752371663B408180D4B3582B1000A
07522B1663C90818104B3582A70004
0752101663E60818154B3482AB0002
0751F01663FF08181A4B33829D0008
0751CF16641708181E4B3382A90001
0751AB1664180818234B33829F0003
07518A1663F50818274B33829C0007
0751861663900818294B33828C0008
0751B016630508182F4B348289000C
0752161662570818334B35829F0003
0752B81661CF0818384B3582A4000C
07538016615F08183D4B36829D0005
0754411661010818404B3782910003
0754E81660B30818444B37828D0009
07557C16604908184A4B3682790001
075600165FE408184A4B368267000A
07567B165F920818524B36824D0009
0756F3165F290818564B3682430006
075770165EC40818594B37823C0008
0757EA165E8708185C4B3782250008
07585E165E5A0818604B3782090003
0758C3165E320818634B3781FE0009
075908165E2B0818694B3881E30005
075936165E2708186D4B3881C70008
075954165E150818704B3981A60003
075966165DFB0818744B3881900003
07597C165DCB0818784B37816C0003
07599C165DAB08187C4B3781530008
0759C7165D850818814B36813B0000
0759E9165D230818844B3681290007
075A20165C720818884B36811A0007
075A90165BA008188E4B37811B0006
075B51165AEB08188E4B36810E000D
075C3A165A220818944B3780FA0003
075D2A1659720818984B3780F30003
075E211658D208189B4B3880D80003
075EFB1658160818A04B3780B6000A
075FD41657560818A14B37809A000A
0760B71656A80818A44B36807E0009
0761911656250818A94B358062000C
0762571655BB0818AB4B3580480009
0763121655570818AF4B35801E000B
0763AE1655020818B34B3680190000
0764301654DB0818B54B367FE70002
0764951654C20818B94B377FB40006
0764DC1654C60818BD4B387FA40008
0765091654F40818BE4B387F7A0006
07650E1655300818C24B387F520003
0764ED1655530818C44B397F320007
0764BA1655490818C84B387F0B0006
0764911654ED0818CC4B397EEB000A
07649A1654340818CF4B387ED30007
0764ED1653550818D24B397EC0000A
07658B1652880818D14B397EB70006
07665C1651B60818D74B3A7E97000C
0767541650F00818D94B3A7E900008
0768671650360818DC4B397E7A0006
076951164FB50818DF4B3A7E410003
076A17164F320818E24B3A7E310007
076AB7164E8A0818E44B3A7E0A0004
076B58164D980818E84B3A7DD80006
076C35164C330818E94B397DB70008
076D55164ACD0818EE4B3A7D8B0007
076EC516495B0818F14B3A7D620007
0770A51648440818F54B3B7D470003
0772391647850818F84B3A7D240002
07739E1646CC0818FB4B3A7CF10008
0774C616464B0818FF4B3A7CC70008
0775B41645FA0819004B3B7C960009
07767E1645D30819024B3C7C5E0000
07770A1646480819064B3C7C1B0007
07773716470A0819084B3D7BED0009
0776EA1647B708190B4B3E7BA90004
07764916484B08190E4B3E7B870000
0775901649370819124B3E7B490003
0774C3164A590819154B3E7B25000C
0773C9164B2C08191A4B3F7B02000B
0772A4164B380819194B3F7AE50004
0771A9164A5608191C4B3F7AE80003
07715C16491B0819214B3F7AE1000B
0771F016480B0819264B3F7AD30007
07731D1647490819274B3F7AD90000
0774591646C308192A4B407AE20005
07756316467808192D4B407ADD0006
0776491646720819304B3F7ADE0006
0776C01646B10819334B3F7AEB0008
0776ED1646AA0819344B3F7ADE0003
0777051646340819364B3F7ACF0005
0777431645A90819394B3E7ACC0006
0777AB1644F508193D4B3E7ACF0004
07782316444508193F4B3F7AB30002
0778CF1643950819434B3F7A9D0002
0779B31642E80819454B3E7A8F0007
077AB716425408194A4B3E7A6A0006
077BB21641E608194A4B3F7A4F0003
077C8816417F08194C4B3E7A2A0002
077D4516411708194F4B3E7A160004
077DD51640C20819534B3F7A04000A
077E5E1640620819564B3F79E70003
077EF316400B08195A4B3E79C90002
077F84163FAF08195B4B3F79A40007
077FFC163F7408195F4B3E7990000A
078067163F500819654B3F796F0008
0780D9163F4F0819654B3E794E0001
07812E163F620819694B3F7939000A
078159163F8C08196B4B40791F0008
07815F163FA50819704B3E78FC0003
078148163FA60819734B3E78D00005
07812D163F970819754B3F78C80006
078129163F9308197C4B3F78B10008
078133163F9E08197D4B3F78A30003
078137163FBA0819844B40789F0004
078121163FDA0819874B4078980001
0780FF163FDD08198B4B40789A0004
0780E5163FDA08198E4B3F7895000A
0780CF163FDC0819934B4078A50006
0780BF163FE408199A4B40789D0009
0780AF163FF608199E4B4078920006
0780971640040819A24B40789E0005
07808316400E0819A84B3F789E000A
0780791640120819AB4B4078980008
0780731640190819B24B3F78A50003
07806F16402B0819B74B4078AE0003
0780691640440819BF4B4078B60003
07805B1640630819C44B4078B30006
07804716407F0819CD4B4078AB000A
07802F1640830819D24B4178C10000
0780191640690819DA4B4078BA0007
07801616402E0819E14B4178C70005
078039163FE80819E94B4178C50001
078085163F990819F04B4178C20008
0780EB163F5F0819F54B4178C90005
07815D163F340819FE4B4178C3000A
0781CA163F23081A074B4178BE0002
078226163F0A081A0E4B4278C70007
078264163EDA081A164B4278CA000A
0782AA163E99081A1E4B4378C50006
0782FF163E65081A254B4378AD0007
07837B163E3A081A2E4B4378AC000A
0783FE163E39081A334B4378970006
078454163E6C081A3D4B44788D0004
078464163EB2081A424B4478840003
078426163ED5081A4B4B437873000B
0783CA163EBF081A524B43788D0005
07838F163E9D081A594B43787E0008
07838E163E81081A634B43785F0003
0783AD163E7D081A674B4478350001
0783D0163E7C081A6F4B4478340002
0783E1163E76081A784B44786F0006
0783E7163E61081A7D4B4578220004
0783F2163E33081A844B4478210000
078419163E03081A8C4B4578630008
078460163DF4081A914B44785D0007
0784AA163E06081A994B457864000B
0784D8163E22081A9F4B457862000B
0784DC163E43081AA54B4478640002
0784C9163E5A081AAF4B43785C0001
0784AF163E76081AB64B4478550003
078491163E88081ABD4B44788E0005
078474163EA1081AC24B4378720006
078462163EF1081ACA4B4478680003
078436163F62081AD44B437864000C
0783DA163FB7081ADA4B43785A0007
078369163FD5081AE14B4378570005
078308163FBA081AE74B4478810003
0782E2163F74081AF04B4478650006
07830A163F1C081AF74B4578770004
078374163EC9081AFB4B45787C0007
07840D163E7D081B054B45785B0003
0784A6163E3A081B0D4B4578810003
078530163DFF081B154B4578770008
0785B2163DC4081B1B4B4578970004
078638163D8E081B224B4678660000
0786AA163D72081B294B4678800008
0786FF163D60081B334B46788C0009
07873C163D4E081B394B47788B000B
07877C163D33081B3F4B467882000A
0787B2163D01081B474B4778530001
0787E8163CD4081B514B47786A0009
078823163CAD081B5A4B4778320008
078865163C93081B5F4B4678510007
0788B0163C83081B6A4B4678270008
0788E9163C75081B714B457835000A
078910163C5C081B784B4578280001
078930163C35081B824B44782C0001
078961163C0B081B894B44782C0005
078993163BEF081B924B457827000A
0789BB163BDA081B9C4B4678290005
0789F0163BC3081BA44B4678150009
078A1E163B97081BAC4B4678100007
078A4D163B5B081BB84B467806000A
078A88163B0B081BBE4B4577FD0006
078AE9163AA7081BC74B4677F30006
078B6D163A57081BCF4B4677E8000A
078BFD163A0A081BD94B4777E10006
078C851639C4081BE14B4777D60007
078D04163996081BE84B4877CA0005
078D7516399B081BF14B4877B20000
078DB9163A23081BFA4B4877B90005
078D9F163B31081C024B4977AF0002
078CE4163C78081C0A4B4977C80004
078B79163DC7081C114B4977C40004
07899F163EDC081C1A4B4977C80006
07878B163FAF081C254B4877D60006
07859F164012081C2C4B4877D7000A
07841416402C081C334B4977EA0006
07832516400B081C3C4B4977F00009
0782CC163FDD081C474B4977F60003
0782CE163F82081C4D4B497811000A
078312163EC2081C554B4978170006
0783B0163DE2081C604B4978330008
0784B6163D25081C684B49783A0006
0785DE163C75081C704B49785D0006
078718163BAF081C774B4A785A0003
078857163AC4081C7E4B49788B0006
0789A71639CB081C884B49785A0006
078B151638D2081C8F4B4A78700008
078CA11637D1081C984B4978510007
078E3416369A081C9E4B4978600003
078FDC1634E9081CA64B4A7848000B
0791DE1632C0081CAE4B4A783D0008
07948816303F081CB54B4A78110008
0797BF162DC5081CBC4B4A77F30008
079B48162B5F081CC24B4A77D80005
079EE116293D081CC74B4A779E0001
07A2A1162751081CD14B4977720004
07A63D1624F2081CD34B4A77340006
07A9F11622F8081CD84B4976F20000
07AD5C16219C081CDA4B4A76AB0007
07B07C1620C7081CE14B49765C0006
07B2F3162005081CE34B4976270008
07B4B3161F29081CE84B4975DA0008
07B601161E1A081CEE4B4A7599000C
07B760161D76081CF14B4975500003
07B8CA161D5E081CF64B4A75100003
07B9C5161D6C081CFB4B4A74DA0005
07BA2E161D76081D014B4A74A00003
07BA3D161D6C081D044B4A746B0003
07BA31161D6F081D0D4B4974400008
07BA26161DCE081D124B4874060005
07B9FD161E43081D174B4973E9000D
07B977161EC1081D1E4B4A73C50001
07B8C4161F0D081D224B4A73A80006
07B811161F26081D284B4A73940003
07B77F161F29081D304B49736E0009
07B727161F5A081D354B49736F0008
07B6E7161FCD081D3D4B4973600000
07B67D162096081D414B4A734D0007
07B5C616214C081D474B4973500006
07B4D21621B1081D4D4B4973580003
07B3DB1621BF081D534B4973510003
07B32716214C081D584B49733D0001
07B2F2162074081D604B48733A0002
07B36B161F48081D624B4973490002
07B4A1161DE2081D674B4973330006
07B65B161C4E081D6D4B4A73470004
07B884161B04081D714B4A733E0003
07BACE1619FC081D764B4A73310005
07BCE816193A081D794B4A73240003
07BE8516185F081D804B49731C0007
07BFEC1617A7081D844B4A73110002
07C1891616E1081D874B4972F50003
07C310161615081D8A4B4972E4000A
07C47716154F081D904B4872C60009
07C5D11614B6081D924B4872A10006
07C70916142E081D984B4872770002
07C80E1613A5081D9F4B47725B0001
07C8FF16134A081DA34B4872350000
07C9CE16130C081DAA4B4872200000
07CA7B1612DF081DAF4B4872120006
07CADD1612BC081DB44B4771EF0006
07CB31161288081DB94B4771CF000A
07CB7C16123C081DBB4B4771A90006
07CBD41611AB081DC24B46717D0003
07CC4E1610EC081DC54B4671800005
07CD0616102A081DC74B477172000B
07CE0E160F8F081DCB4B48714E000E
07CF2A160F08081DCC4B4871460006
07D019160E8B081DCD4B4971320006
07D0F4160DFA081DCE4B48710A000A
07D1E0160D5A081DCF4B4971060003
07D2DD160CAA081DCD4B4A70E90006
07D3E9160C01081DCE4B4970DC0002
07D4C6160B46081DCF4B4970C70006
07D5B9160AC7081DD14B4A70AB0003
07D6C1160A74081DD34B4970910006
07D79C160A2B081DD44B4A706C0009
07D86B1609FE081DD74B4B7064000A
07D9131609FE081DDA4B4B70310003
07D9601609D8081DDC4B4B70060001
07D98B160963081DDE4B4B6FEA0000
07D9D71608DC081DE44B4A6FC70009
07DA6C160855081DE84B4A6FB60009
07DB341607D9081DEC4B4A6F950006
07DBFD16075D081DF04B4A6F8C000B
07DCEA1606E8081DF54B4A6F700003
07DDB91606C2081DFA4B4A6F670000
07DE7A1606C9081DFF4B4B6F740006
07DEE51606C2081E034B4A6F560006
07DEEA160687081E064B4B6F610003
07DEF41605FA081E0A4B4B6F600007
07DF3A160543081E0C4B4C6F510007
07DFD1160444081E104B4C6F530006
07E0D4160359081E114B4B6F430001
07E2401602A6081E114B4B6F36000A
07E3C1160208081E114B4C6F250007
07E51F16014E081E134B4C6F1C0007
07E68D1600A2081E154B4B6EFC000A
07E7E716002D081E154B4B6F010006
07E8F115FFDA081E164B4C6EE70005
07E9DA15FF7A081E1A4B4C6EDC0005
07EA9C15FF3C081E184B4C6EC80009
07EB1E15FEF7081E1A4B4C6EB8000A
07EBC015FEB2081E1B4B4C6E9D000D
07EC5415FE85081E1E4B4C6E8C000A
07ECBE15FE52081E214B4C6E6C0004
07ED1D15FE0A081E214B4B6E520003
07ED6515FDB7081E224B4B6E42000A
07EDC015FD49081E254B4B6E2F0009
07EE6815FCEC081E274B4B6E0B0001
07EF0B15FC82081E274B4C6DF50005
07EFB115FC4B081E294B4C6DE00006
07F03915FC21081E294B4D6DE10008
07F08B15FBF8081E284B4D6DC70006
07F0E915FBE0081E2C4B4E6DBE0006
07F13715FBC5081E2D4B4E6DB60008
07F15B15FB98081E2F4B4E6DA60008
07F18415FB75081E2F4B4F6DAD0006
07F1B615FB5A081E2F4B4E6DB5000A
07F1EB15FB4C081E334B4E6DB80000
07F21E15FB26081E344B4E6DB10003
07F25115FB12081E374B4F6DB00004
07F27815FAFD081E374B4F6DA40003
07F28F15FADB081E3A4B4F6DA00007
07F2B415FAC3081E3E4B4F6DA20003
07F2EB15FAB5081E414B4F6D9E0001
07F31915FAA0081E434B4F6D830003
07F34015FA85081E444B4E6D800001
07F35F15FA70081E484B4E6D78000A
07F37D15FA66081E494B4E6D710004
07F3A615FA4E081E4E4B4D6D640008
07F3C215FA39081E504B4D6D510007
07F3E415FA28081E514B4D6D470004
07F40315FA1B081E554B4D6D500006
07F41415FA09081E574B4D6D4A0006
07F42815F9F5081E594B4D6D4C0007
07F44315F9DD081E5E4B4D6D4A0006
07F46015F9B7081E5F4B4D6D4D0008
07F48B15F98A081E634B4D6D530003
07F4BE15F95E081E654B4D6D5B0008
07F50215F934081E694B4E6D5A0007
07F55315F90F081E6D4B4E6D5D0002
07F5AA15F8F0081E6F4B4E6D4C0003
07F5EF15F8CA081E714B4E6D560007
07F62415F8A4081E744B4F6D550006
07F65515F888081E754B4F6D48000A
07F69915F866081E7A4B4F6D4C0006
07F6E315F83A081E7F4B506D4E0000
07F72115F81E081E814B4F6D4C0000
07F75D15F7F9081E824B4F6D460006
07F78915F7E1081E874B4F6D410008
07F7A015F7BE081E874B4E6D3D0004
07F7BE15F7A6081E8A4B4F6D4A000A
07F7F715F78B081E8D4B4F6D3D000B
07F82715F776081E8C4B4E6D2F0001
07F84A15F75E081E8D4B4E6D2E0008
07F86F15F743081E894B4F6D29000C
07F88F15F72E081E874B4F6D100010
07F8B215F71D081E854B4F6D090005
07F8D915F70C081E814B4F6D010005
07F8F815F6FE081E7D4B4F6D010001
07F91315F6F4081E794B506CF40005
07F92915F6E3081E754B506CD80009
07F93915F6D2081E704B506CD70009
07F95815F6C0081E694B516CC70003
07F97D15F6A8081E664B516CC90002
07F99D15F68D081E604B516CB70007
07F9C115F66E081E5E4B526CB80001
07F9EC15F64C081E584B516CBE0008
07FA2015F62D081E544B516CB50007
07FA5215F61F081E524B526CBE0004
07FA8215F61C081E4F4B526CC10006
07FAA215F61C081E4C4B516CBA0005
07FAAC15F61F081E4D4B526CBC0005
07FAAA15F61E081E474B516CBE0005
07FAAA15F623081E454B506CB40007
07FAA415F623081E444B506CB6000A
07FAA015F61F081E424B506CAD0003
07FA9F15F623081E3F4B4F6CB10008
07FA9515F629081E3F4B4F6CB30000
07FA8815F62D081E3C4B4F6CB40008
07FA7C15F62D081E3A4B4F6CAD0008
07FA7615F630081E374B4F6CB00008
07FA7015F630081E364B4F6CB00006
07FA6815F63B081E364B506CB2000A
07FA6015F641081E324B506CB3000B
07FA5115F641081E324B506CB4000A
07FA4A15F641081E2E4B506CB40006
07FA4115F63B081E2E4B516CA60007
07FA3A15F641081E2C4B506CAD0006
07FA3315F63E081E2D4B516C9E000B
07FA2F15F63E081E2A4B516C960007
07FA2815F645081E2A4B516C950001
07FA1E15F645081E274B516C8E000F
07FA1515F656081E274B516C930007
07FA0615F660081E274B516C810009
07F9F715F66E081E254B516C860004
07F9DD15F67F081E244B506C860007
07F9C015F694081E274B516C8E0003
07F9A215F6A5081E254B506C870000
07F98115F6BD081E244B506C840007
07F95B15F6D6081E254B506C91000A
07F92D15F6F0081E254B506C80000A
07F8FC15F70F081E234B506C8F0004
07F8C815F72E081E214B4F6C9A0003
07F89215F750081E234B506C910001
07F85715F776081E254B4F6C940004
07F81A15F795081E254B506C900005
07F7D715F7B1081E264B4F6C960006
07F79C15F7C2081E264B506C92000A
07F76915F7D6081E274B516C9F0003
07F73F15F7E7081E284B506CAD0004
07F71A15F7F5081E2C4B506CB80001
07F6FD15F803081E2E4B516CC2000A
07F6E215F80D081E2D4B516CCF0001
07F6C515F818081E334B516CE10000
07F6B215F822081E354B516CE10006
07F6A015F829081E384B516CE40001
07F68F15F833081E3A4B516CC90006
07F68015F83A081E3C4B516CDE0005
07F66E15F844081E404B516CE50003
07F65E15F848081E424B516CE70001
07F65415F84B081E464B526CF2000A
07F64815F84E081E474B516CF4000A
07F64115F84E081E494B526CF70008
07F63815F852081E494B526CF40004
07F63815F84E081E4E4B516CF80006
07F63515F84E081E504B516CF50005
07F63415F84B081E504B526CEE0002
07F63415F848081E534B526CE00003
07F63715F841081E554B526CE60005
07F63F15F836081E564B526CE30006
07F64715F829081E554B526CD50008
07F65815F80D081E574B526CE2000D
07F67615F7E4081E584B526CDF0000
07F6A615F7B7081E5C4B536CE1000A
07F6E415F787081E5B4B546CE70004
07F72A15F75B081E5C4B546CE00007
07F77915F72E081E5D4B536CE30005
07F7CC15F705081E5D4B546CEE0001
07F81A15F6DF081E5F4B536CDF0006
07F86515F6BD081E5F4B536CE30001
07F8B115F69B081E604B546CDC000A
07F8F215F67C081E614B536CE10003
07F93015F660081E5F4B536CD90001
07F96D15F641081E604B536CD8000A
07F99F15F629081E5D4B526CC30007
07F9D215F60E081E5A4B536CC30001
07F9FE15F5F6081E584B536CD00008
07FA2A15F5E1081E574B536CD40006
07FA5C15F5D0081E524B526CD40005
07FA8315F5C3081E4F4B526CC00008
07FAA115F5B8081E494B526CB80007
07FAB815F5A7081E484B526CC50001
07FACE15F5A0081E474B526CB40007
07FAE015F596081E454B526CB80009
07FAF115F58F081E424B526CAA0008
07FB0215F585081E404B526CA70007
07FB1115F57E081E3C4B526CB10003
07FB2315F577081E3E4B526CA20006
07FB3015F56D081E3E4B526C9A0004
07FB3A15F569081E3D4B516C98000A
07FB4615F569081E3C4B516C93000A
07FB4B15F55F081E3C4B506C8F0006
07FB4E15F55C081E3C4B506C86000A
07FB5115F558081E3B4B506C7E0009
07FB5C15F558081E3B4B516C7E0006
07FB6115F551081E3A4B516C6F0007
07FB6815F551081E3B4B506C6A0003
07FB6E15F551081E3B4B506C6B0006
07FB7215F551081E3A4B506C70000A
07FB6F15F55C081E3C4B516C6D0000
07FB6815F569081E3C4B516C730003
07FB5A15F57B081E3F4B516C7A0008
07FB4315F58F081E3D4B516C7F0003
07FB2215F5A4081E3F4B506C7E0000
07FAFF15F5B5081E3F4B516C890008
07FAD915F5BF081E3E4B526C7E0009
07FAB915F5CD081E424B536C770009
07FAA115F5D7081E434B546C800003
07FA8715F5E5081E454B536C740004
07FA6E15F5F3081E494B536C7C0008
07FA5815F5FD081E4A4B536C850003
07FA3F15F607081E4A4B536C93000C
07FA2B15F611081E4B4B536C880000
07FA1515F61E081E4C4B546C910004
07F9FF15F62D081E514B536C800008
07F9EC15F634081E544B526C950008
07F9DA15F63E081E544B526C8E000C
07F9C915F641081E554B526C8F0006
07F9BC15F641081E574B526C880005
07F9B415F641081E594B526C8B0009
07F9AF15F63E081E584B526C880004
07F9B015F637081E5B4B516C910007
07F9B315F630081E5B4B506C8A0006
07F9BB15F626081E5C4B506C9E0006
07F9CD15F61C081E5B4B506C9F0005
07F9DC15F60E081E5D4B516C9A0001
07F9EE15F5FD081E5D4B516C9E0001
07FA0115F5EF081E5B4B516C980009
07FA1815F5E5081E5C4B516C980000
07FA3015F5D0081E5A4B516C9E0008
07FA4E15F5BC081E5B4B516CA3000C
07FA6F15F5A7081E584B516CA10000
07FA9315F596081E594B526CA00003
07FAB815F588081E5B4B526CA10007
07FAD715F57E081E584B526C910009
07FAF215F574081E5B4B526C7E0008
07FB0A15F566081E584B516C750006
07FB2015F52C081E574B516C770009
07FB3615F551081E594B526C5B0002
07FB4915F544081E574B526C570000
07FB5915F539081E574B536C590000
07FB6C15F536081E544B526C510002
07FB8015F52F081E544B536C55000B
07FB8D15F525081E504B536C5D0003
07FB9D15F51B081E4D4B536C5C000A
07FBA615F51B081E4B4B536C650004
07FBB215F517081E4A4B536C760006
07FBBD15F514081E464B526C760006
07FBC015F514081E414B526C770006
07FBC215F50D081E424B526C6A0006
07FBC215F514081E404B526C730008
07FBC315F510081E404B526C6B0004
07FBC215F50D081E3D4B526C660006
07FBC315F506081E3E4B526C5A0001
07FBC915F503081E3D4B536C5C0008
07FBCB15F4FF081E3C4B526C5E0003
07FBD215F4FC081E3D4B526C5E0006
07FBDA15F4FC081E3C4B536C500003
07FBE015F4F8081E3F4B536C560006
07FBE415F4F8081E3D4B536C530006
07FBE715F4F8081E3E4B536C4D0007
07FBE915F4F8081E3C4B536C4D0007
07FBE915F501081E3F4B546C3A0003
07FBE315F509081E3F4B546C4E0005
07FBD915F514081E3F4B556C430005
07FBCB15F525081E414B556C4F0003
07FBB915F536081E404B556C4B0008
07FB9D15F544081E414B556C4D0006
07FB7C15F555081E414B556C500005
07FB5A15F569081E414B566C420008
07FB3915F574081E414B556C3B000E
07FB1D15F581081E424B566C480006
07FB0315F58C081E434B566C340007
07FAEF15F593081E404B566C310006
07FADA15F596081E404B566C400006
07FAC815F59D081E404B556C480006
07FABB15F5A0081E3E4B556C460005
07FAB515F5A0081E3E4B546C4B000C
07FAAD15F5A4081E3E4B546C420005
07FAA815F5A4081E3D4B536C4A0005
07FAA715F5A4081E3D4B536C440008
07FAA315F593081E3B4B536C4F0008
07FAA315F5A4081E3A4B526C4E0008
07FAA215F5A4081E3A4B526C590005
07FAA415F5A7081E3D4B526C630004
07FAA215F5A4081E3C4B516C610007
07FAA415F5A7081E3D4B516C640008
07FAA315F5A7081E3B4B516C6E0008
07FAA315F5AB081E3E4B506C640007
07FA9F15F5AB081E3D4B4F6C6A0008
07FA9E15F5AB081E3C4B4E6C6F0005
07FA9C15F5AB081E3E4B506C6D000A
07FA9E15F5AE081E3D4B4F6C6D0003
07FA9B15F5AE081E3D4B4F6C780006
07FA9915F5B1081E3C4B506C6B0006
07FA9615F5B5081E3B4B506C720005
07FA9015F5B8081E3A4B516C700008
07FA8C15F5BF081E3B4B506C7C0004
07FA8415F5C6081E3C4B516C750009
07FA7C15F5C3081E3C4B516C7A0008
07FA7515F5C6081E3B4B506C730009
07FA7115F5C6081E3C4B506C7E0006
07FA7215F5C3081E3E4B506C71000C
07FA7515F5BC081E3F4B516C800005
07FA7A15F5B8081E404B516C7C0005
07FA7E15F5B5081E404B526C790005
07FA8315F5B5081E424B526C770001
07FA8A15F5B1081E424B516C7A0009
07FA8F15F5B5081E434B516C7A000B
07FA9415F5BC081E3F4B526C7A0000
07FA8C15F5C6081E424B516C6D0003
07FA8015F5D4081E404B526C7A0008
07FA6C15F5E1081E3E4B516C7A0007
07FA5715F5EF081E3C4B526C7E000A
07FA4015F600081E3C4B526C840006
07FA2515F615081E3A4B526C880006
07FA0D15F623081E374B526C8D0003
07F9EF15F634081E334B526C850009
07F9D115F641081E334B526C8D0004
07F9B315F656081E314B526C910000
07F99515F667081E2E4B526C8E000B
07F97115F67C081E2B4B526C9A0006
07F94F15F689081E2A4B526C9A000A
07F93015F697081E294B526CA50008
07F91315F69E081E284B526C950008
07F8FB15F6AC081E254B516C9F0008
07F8E815F6BD081E264B526CA10008
07F8D415F6C7081E244B516CA50009
07F8C215F6CB081E224B526CA7000A
07F8B415F6C4081E234B526CA60006
07F8B315F6BD081E214B526CAA0005
07F8B715F6BA081E1F4B536CA90005
07F8BF15F6BA081E204B536CAA000E
07F8C415F6C0081E224B526C9A0006
07F8C315F6CB081E214B546CA5000B
07F8BD15F6D8081E1F4B536C990006
07F8AB15F6E6081E1D4B536C9F0007
07F89615F6EA081E204B536C9C0007
07F88115F6EA081E204B536CAC0009
07F87515F6E1081E204B536C9F0004
07F87615F6D5081E214B536CA90001
07F87F15F6C7081E204B546CA80006
07F88E15F6B6081E244B536CA5000A
07F8A615F6A5081E224B536CAE0007
07F8C315F694081E244B526CAE0003
07F8DF15F678081E244B526CAC0009
07F90115F653081E234B516CA50005
07F93015F630081E244B516CAA000A
07F96915F611081E264B516CAC0008
07F9A715F60E081E264B516C940000
07F9DC15F618081E284B506C91000A
07F9F415F61C081E294B506C8F0006
07F9F415F618081E2B4B506C860007
07F9F315F60B081E2C4B506C6F0004
07F9FB15F5F9081E2C4B506C6B000B
07FA0B15F5E8081E2D4B516C710008
07FA2515F5D7081E304B516C680008
07FA4315F5C9081E334B516C550003
07FA6115F5BF081E354B516C6E0005
07FA7915F5C6081E374B526C6C0006
07FA8515F5DE081E374B526C680004
07FA7C15F5F6081E394B526C550009
07FA6315F604081E384B536C5D0002
07FA4515F60B081E384B536C590004
07FA2715F60B081E3B4B536C5D0006
07FA1515F60B081E3D4B536C690007
07FA1015F609081E3D4B536C5D0008
07FA0E15F615081E3E4B546C660002
07FA0815F618081E3F4B546C6B000B
07FA0015F618081E3F4B536C680007
07F9F915F611081E404B536C5E0003
07F9F915F604081E414B536C63000A
07FA0315F5F9081E414B536C560004
07FA1315F5F6081E434B526C660003
07FA2915F5F3081E434B526C620000
07FA3315F5F9081E434B516C6F0008
07FA3615F5F6081E454B526C780000
07FA3615F5E5081E454B526C7A0006
07FA4015F5D0081E434B526C76000D
07FA5415F5BF081E454B526C7C000C
07FA7015F5AB081E454B526C7A0008
07FA8D15F5A7081E474B516C77000C
07FAA815F5A4081E464B516C710003
07FAB915F59D081E474B506C71000C
07FAC515F596081E484B506C640009
07FAD215F58F081E474B506C620008
07FADB15F58C081E494B506C600001
07FAE615F588081E484B4F6C5F0008
07FAF115F581081E4A4B4E6C5C0004
07FAF815F585081E474B4E6C5C0007
07FAFE15F58F081E474B4E6C540005
07FAFA15F595081E484B4E6C5B0001
07FAF215F596081E484B4E6C5E0004
07FAE915F599081E464B4E6C570006
07FAE215F599081E464B4D6C4F0002
07FADD15F596081E454B4D6C570008
07FADD15F58F081E444B4D6C5B0007
07FAE015F585081E454B4D6C660006
07FAEA15F577081E444B4D6C5C0003
07FAF815F56D081E434B4D6C660006
07FB0F15F55C081E434B4D6C6B000C
07FB2615F555081E434B4D6C5E0006
07FB3B15F54E081E454B4D6C640007
07FB4B15F54B081E434B4D6C69000A
07FB5715F54B081E424B4D6C620007
07FB6015F547081E3E4B4D6C660004
07FB6515F547081E404B4D6C620008
07FB6615F547081E3F4B4D6C600001
07FB6315F555081E414B4D6C5C000D
07FB5F15F55C081E3C4B4C6C600003
07FB5615F55F081E3B4B4B6C660006
07FB4815F566081E3B4B4B6C66000A
07FB3B15F56D081E394B4B6C5A000B
07FB2E15F570081E394B4A6C570003
07FB2815F570081E374B4A6C530009
07FB1F15F570081E334B4A6C570008
07FB1E15F571081E324B4A6C570006
07FB1D15F56D081E324B4A6C4D0003
07FB1D15F56D081E324B4A6C4E0001
07FB2115F56D081E304B4A6C4C0001
07FB2315F570081E2E4B4A6C4D0012
07FB2215F570081E2D4B4A6C570003
07FB2315F570081E2D4B496C610003
07FB2215F570081E2B4B496C590008
07FB2015F570081E2D4B496C690001
07FB2115F570081E2B4B496C6D0001
07FB1F15F570081E2C4B496C6D0005
07FB1F15F570081E284B496C740008
07FB2015F569081E284B496C7C0008
07FB2415F566081E264B4A6C670009
07FB2815F566081E264B4A6C720003
07FB2B15F56D081E254B4A6C6F0008
07FB2D15F577081E234B4A6C660001
07FB2615F57E081E234B4B6C710003
07FB1A15F58F081E1F4B4A6C690007
07FB0D15F596081E1F4B4B6C6F000C
07FAFC15F59D081E1E4B4B6C720008
07FAF015F5A0081E1D4B4B6C7E0007
07FAE815F5A0081E1D4B4B6C6A0005
07FAE015F599081E1B4B4B6C69000C
07FADF15F58C081E1C4B4C6C620004
07FAE515F57C081E1B4B4C6C660008
07FAF415F56D081E1B4B4C6C57000C
07FB0815F563081E1B4B4C6C5B000A
07FB1F15F55C081E1C4B4C6C5F0003
07FB3015F55F081E1B4B4B6C5D0003
07FB3915F566081E1C4B4B6C550005
07FB3D15F570081E1C4B4A6C540008
07FB3615F581081E1B4B4B6C4C0001
07FB2415F599081E1B4B496C4E0006
07FB0715F5B5081E1C4B4A6C570005
07FAE015F5C6081E1D4B4A6C680005
07FAB115F5D4081E1D4B496C640008
07FA8915F5D7081E1D4B496C610005
07FA7115F5E8081E1E4B496C680001
07FA5A15F604081E204B4A6C65000A
07FA3D15F618081E234B496C72000B
07FA1A15F637081E214B4A6C66000A
07F9F015F656081E224B496C7C0006
07F9C515F675081E264B496C800005
07F98B15F690081E254B4A6C7E0005
07F95015F6A8081E274B4A6C850006
07F91E15F6B6081E274B4A6C8B0005
07F8F115F6BA081E284B4A6C7C0007
07F8D915F6AF081E284B4A6C7E0000
07F8D015F6A5081E2B4B4A6C890008
07F8D915F697081E2D4B496C8C0006
07F8F415F699081E2E4B496C930003
07F90A15F6AC081E304B496C800001
07F90C15F6C4081E314B4A6C9A000A
07F8F515F6CB081E324B4A6C91000E
07F8D915F6B6081E344B4B6C9A0008
07F8CF15F690081E344B4B6CAF0008
07F8E715F667081E394B4A6CA50006
07F91E15F634081E3A4B4A6CAB0005
07F96515F600081E3C4B4A6C9D000A
07F9B815F5DB081E3D4B4A6C960000
07FA1315F5C3081E3F4B4B6C970009
07FA6215F5B1081E414B4A6C9C0009
07FA9915F59D081E444B4A6C950006
07FAC215F593081E444B4B6C8A0000
07FAE015F593081E454B4A6C8B0008
07FAF315F59D081E464B4B6C910008
07FAF715F5AB081E484B4A6C8E0006
07FAF015F5C9081E4A4B4A6C8E0008
07FAD615F600081E4B4B496C8C0008
07FA9F15F626081E474B496C910008
07FA5315F634081E484B486C8B0008
07FA0E15F623081E494B476CA0000A
07F9EB15F60E081E494B486C9D0001
07F9EB15F60B081E484B476C9C0005
07F9FA15F615081E464B476CA10006
07FA0515F62D081E474B476C970006
07F9F615F648081E464B476C7E0004
07F9D915F65D081E454B476C860009
07F9B315F66B081E434B476C7C0007
07F98E15F671081E444B476C770007
07F97115F671081E424B476C6A0007
07F96115F66E081E434B486C690006
07F95F15F675081E404B486C6D0006
07F95C15F67F081E3E4B486C710006
07F95415F689081E404B486C7A0006
07F94A15F694081E3F4B486C78000C
07F93C15F69E081E3F4B496C5C0006
07F92815F6A2081E3E4B4A6C6B0006
07F91A15F6AC081E3B4B4A6C620006
07F90E15F6B3081E394B496C6F0009
07F90415F6B3081E3A4B496C600001
07F8FD15F6AF081E394B486C600006
07F8FA15F6AF081E394B476C600008
07F8FA15F6AC081E394B476C5A0005
07F8FE15F6A8081E394B466C510007
07F90415F6A2081E394B466C590006
07F90A15F697081E3A4B476C580005
07F91915F689081E384B456C600009
07F92A15F67F081E3A4B446C600007
07F93C15F678081E384B446C6B0007
07F95115F66B081E394B436C690006
07F96315F660081E374B436C640007
07F97715F658081E384B426C6C0006
07F98D15F64F081E384B416C5E0009
07F9A215F64F081E394B406C6F0007
07F9B015F64F081E3A4B416C5C0003
07F9B615F64E081E384B426C5E0007
07F9B815F64C081E3A4B436C570008
07F9BB15F64A081E394B446C5B0003
07F9BC15F64C081E394B446C580008
07F9BD15F64F081E3B4B446C660006
07F9BA15F653081E394B436C720007
07F9B715F64F081E3A4B436C790009
07F9B515F653081E3A4B436C6E0003
07F9B215F653081E3C4B446C71000A
07F9B115F64F081E3B4B446C720005
07F9B315F64F081E3B4B446C770004
07F9B315F64F081E3C4B446C6F0006
07F9B315F64C081E3C4B446C6B0008
07F9B715F64F081E3D4B446C770006
07F9B515F64F081E3E4B446C800008
07F9B715F64F081E3C4B446C860004
07F9B315F64F081E3D4B436C7E0003
07F9B215F64F081E3E4B436C82000D
07F9B115F64C081E3E4B426C910007
07F9B415F64C081E3F4B426C820001
07F9B715F64F081E3E4B436C830005
07F9B715F653081E404B436C800006
07F9B615F656081E3E4B436C8C0005
07F9B315F65C081E3E4B436C840003
07F9AA15F66E081E3E4B436C890005
07F99D15F67C081E3B4B436C8A0004
07F98615F690081E3F4B426C960008
07F96715F6A2081E3D4B436C830006
07F94815F6BA081E3C4B436C92000A
07F91F15F6BA081E3C4B436C7D0004
07F8FF15F6A5081E3C4B436C8D0003
07F8F815F690081E3C4B436C870006
07F90915F686081E3C4B436C800005
07F92415F67F081E3A4B426C73000A
07F93D15F675081E3B4B426C820005
07F95215F664081E3C4B426C880006
07F96B15F653081E3B4B416C7E0005
07F98615F641081E3C4B406C6F0003
07F9A415F62D081E3C4B3F6C7A0007
07F9BE15F61C081E384B3F6C7A0001
07F9DE15F60E081E394B3F6C750002
07F9FB15F5FD081E374B3F6C7C000A
07FA1815F5EF081E384B3F6C7B0006
07FA3115F5E1081E354B3E6C730006
07FA4B15F5D4081E354B3F6C7D0008
07FA6215F5BF081E364B3E6C810008
07FA8015F5B5081E374B3E6C890004
07FA9D15F5B5081E374B3E6C7E000C
07FAAF15F5B5081E364B3D6C950002
07FABB15F5BD081E354B3D6C7A0006
07FABD15F5C3081E374B3E6C8D000A
07FAB915F5D0081E354B3D6C820004
07FAAD15F5E8081E364B3D6C8D0003
07FA9B15F5F6081E374B3D6C7E0008
07FA8015F5FD081E384B3C6C8B0005
07FA6715F600081E374B3C6C740006
07FA5315F5FD081E384B3B6C6A0004
07FA4815F5F9081E394B3B6C71000A
07FA4615F5F9081E374B3A6C680006
07FA4415F5EF081E384B3A6C5F0005
07FA4915F5E5081E394B3A6C5E0006
07FA5315F5E1081E3A4B3A6C580003
07FA6015F5DB081E3A4B3A6C590000
07FA6A15F5D7081E3A4B3A6C670000
07FA7315F5D7081E3D4B3A6C600006
07FA7B15F5D4081E3C4B3A6C650004
07FA8115F5D4081E3F4B3A6C5C0000
07FA8415F5D7081E404B3A6C600008
07FA8215F5DE081E414B3B6C680002
07FA7915F5E1081E404B3B6C5B0007
07FA7415F5E5081E424B3C6C570005
07FA6D15F5E5081E414B3C6C510001
07FA6A15F5E1081E424B3D6C520008
07FA6515F5EC081E414B3D6C4C0004
07FA6115F5EF081E414B3D6C420008
07FA5915F5F7081E444B3D6C49000A
07FA5015F5FD081E414B3D6C440006
07FA4515F600081E414B3E6C560004
07FA3D15F604081E434B3E6C4E0005
07FA3815F60E081E434B3D6C53000A
07FA3115F61C081E434B3E6C560003
07FA2515F634081E444B3E6C5A000A
07FA0A15F641081E434B3E6C530005
07F9E515F63E081E444B3E6C640005
07F9CB15F629081E454B3D6C600005
07F9C915F60B081E464B3D6C600006
07F9E415F5E8081E454B3D6C640009
07FA1315F5C9081E464B3D6C570006
07FA4C15F5AB081E464B3D6C550004
07FA8615F599081E474B3D6C67000B
07FABB15F588081E464B3D6C580008
07FAE215F57B081E464B3D6C60000A
07FB0315F56D081E494B3C6C620008
07FB1E15F569081E454B3C6C5C0001
07FB3315F56D081E474B3C6C500005
07FB3D15F574081E474B3C6C4B0003
07FB3E15F574081E4B4B3B6C530008
07FB3915F574081E494B3A6C5C0001
07FB3615F570081E4C4B3A6C560003
07FB3215F56D081E4B4B3A6C59000A
07FB3515F56A081E4B4B3A6C510003
07FB3815F569081E4C4B396C4D0001
07FB3C15F569081E4D4B3A6C550003
07FB3C15F569081E4E4B396C46000B
07FB3D15F56D081E4D4B396C4E0004
07FB3F15F56D081E4B4B396C510008
07FB3F15F56D081E4B4B396C4D0003
07FB3D15F56D081E4A4B396C49000C
07FB3B15F56D081E4A4B396C3B0006
07FB3915F570081E4A4B396C420006
07FB3415F570081E4A4B396C450006
07FB2F15F574081E484B396C410008
07FB2C15F574081E4A4B386C3C0007
07FB2515F574081E484B386C370006
07FB2615F570081E484B386C400006
07FB2815F570081E494B386C3A0002
07FB2A15F56D081E484B386C420004
07FB2D15F56D081E464B386C3C0008
07FB3015F570081E454B376C3D0008
07FB3115F56D081E444B366C41000A
07FB3315F570081E474B366C460008
07FB3015F574081E464B356C400007
07FB2F15F577081E474B366C470006
07FB2D15F57E081E464B356C440008
07FB2915F585081E454B356C4E0008
07FB2115F58A081E464B366C530006
07FB1A15F577081E474B346C480001
07FB1015F593081E454B346C610009
07FB0C15F58C081E464B346C5C0002
07FB0A15F58C081E464B346C550004
07FB0B15F58C081E474B356C59000A
07FB0F15F588081E484B346C4A0007
07FB1115F588081E474B346C570006
07FB1215F588081E494B356C530007
07FB1215F593081E4C4B356C4F0003
07FB1015F59D081E4A4B356C660004
07FB0715F5A4081E4B4B356C650001
07FAFD15F5AB081E4A4B356C620001
07FAF415F5AE081E4C4B346C620002
07FAEC15F5B1081E4C4B356C670005
07FAE515F5AE081E4D4B346C670002
07FADE15F5AE081E4C4B336C720008
07FADB15F5B1081E4E4B336C720003
07FAD915F5B1081E4C4B346C6A0008
07FAD715F5AE081E4D4B346C660005
07FADB15F5A7081E4E4B346C5E0009
07FAE315F5A0081E4F4B346C57000B
07FAEB15F599081E4E4B336C640008
07FAF315F599081E4F4B326C530007
07FAFD15F599081E4D4B326C5E0008
07FAFF15F599081E4E4B326C560008
07FB0315F599081E4F4B326C5D0005
07FB0415F596081E504B326C590007
07FB0115F596081E4F4B326C580002
07FB0015F596081E514B316C620006
07FAFE15F596081E524B316C4D0007
07FAFA15F593081E534B316C4D0004
07FAF615F58C081E534B316C4F0008
07FAFA15F57B081E544B326C480002
07FB0415F56D081E554B316C590000
07FB1815F55F081E554B316C4D0006
07FB2F15F54E081E564B316C5C0008
07FB4D15F547081E554B316C5E0006
07FB6715F547081E544B316C680000
07FB7715F54B081E544B316C690006
07FB7D15F54B081E574B306C6A0002
07FB7D15F54B081E534B316C630006
07FB7815F54E081E534B316C63000A
07FB7515F54E081E544B316C6B0001
07FB7215F54B081E524B316C680006
07FB7315F540081E534B326C590004
07FB7A15F539081E514B316C5E0008
07FB8515F52F081E524B316C480004
07FB9215F52C081E514B326C4A0001
07FB9B15F52C081E514B316C460009
07FBA415F52C081E514B316C390006
07FBA715F533081E4F4B316C3A0008
07FBA315F52C081E514B316C40000A
07FBA215F521081E4F4B316C2B0006
07FBA315F51E081E4E4B316C420006
07FBAD15F24B081E4E4B316C350000
07FBB515F540081E504B326C370008
07FBB115F566081E4E4B326C3B000D
07FB9D15F593081E4D4B326C340008
07FB7815F5C3081E4B4B316C33000A
07FB4815F5EF081E4E4B316C390002
07FB0E15F618081E4E4B316C3B0001
07FAD015F637081E4B4B316C3C0005
07FA9D15F656081E4C4B306C450009
07FA7215F671081E4B4B306C4F0003
07FA4915F68D081E494B306C480007
07FA1C15F6B6081E4B4B2F6C550006
07F9DE15F6CB081E4A4B2F6C620006
07F99C15F6D2081E484B2E6C590003
07F96115F6C7081E494B2E6C4A0000
07F93D15F6B3081E464B2D6C540003
07F93115F69E081E454B2D6C510002
07F93815F697081E454B2D6C470009
07F94115F697081E464B2C6C4B000A
07F94715F6A2081E484B2C6C3E0003
07F93A15F6C1081E454B2C6C36000A
07F92115F708081E464B2B6C42000F
07F8E715F75B081E454B2C6C4C0005
07F88D15F7B4081E444B2B6C3C000C
07F81715F7F5081E454B2B6C52000C
07F79C15F836081E454B2B6C51000A
07F72715F860081E454B2A6C660006
07F6CF15F871081E434B2A6C72000A
07F69515F85C081E454B296C7A0002
07F67815F84B081E444B296C8B0005
07F67B15F844081E444B286C7C000B
07F68815F848081E454B296C830006
07F68815F852081E414B286C840000
07F67D15F85C081E434B276C770006
07F66D15F859081E424B256C6E0001
07F66215F859081E454B256C7B000A
07F66115F866081E444B246C750007
07F65E15F882081E434B246C84000A
07F65315F88C081E424B236C7D000A
07F64615F86A081E454B236C890004
07F64915F83A081E464B246C770005
07F66615F81B081E464B246C80000C
07F69615F81B081E444B256C740006
07F6BF15F818081E444B256C710008
07F6DB15F7DA081E434B266C6B0006
07F70515F792081E454B266C79000B
07F74B15F75B081E444B276C7E0006
07F79F15F72E081E474B266C7A0008
07F7EC15F71A081E444B276C800006
07F82815F70F081E474B286C700006
07F84A15F708081E474B286C840008
07F85A15F6F7081E494B286C8D0006
07F86115F6F3081E4B4B286C890008
07F86C15F6DF081E4B4B286C800001
07F87B15F6C4081E4B4B286C840002
07F89615F69E081E4A4B296C800006
07F8C115F689081E4C4B286C840003
07F8F315F68D081E4B4B276C890001
07F91315F69B081E4C4B266C860001
07F91F15F6AF081E4D4B266C7E0006
07F91215F6BD081E4C4B266C770001
07F8F415F6C0081E4F4B266C710008
07F8DA15F6BD081E4E4B266C7F0006
07F8CB15F6B6081E4E4B266C7B0005
07F8CA15F6B3081E514B256C750008
07F8D115F6AF081E504B256C820004
07F8DB15F6B6081E4E4B256C700001
07F8DB15F6CB081E524B266C760007
07F8D115F6DC081E534B266C660002
07F8BA15F6EA081E534B266C4F0005
07F89F15F6F0081E524B266C590004
07F88915F6ED081E564B256C630006
07F87715F6E6081E574B256C5B0002
07F87315F6DF081E574B256C610006
07F87915F6D8081E584B246C65000D
07F88615F6D2081E564B246C720005
07F89315F6CE081E584B236C66000A
07F8A215F6C7081E5A4B226C780003
07F8AE15F6C4081E584B226C710006
07F8B715F6BD081E5A4B216C6A0005
07F8C015F6BA081E5C4B216C6F000B
07F8CA15F6B6081E5C4B216C6E0003
07F8D515F6AF081E5E4B216C730005
07F8DD15F6B3081E5F4B206C81000B
07F8E115F6BD081E5F4B1F6C7A000A
07F8DD15F6C4081E5F4B1F6C73000A
07F8D215F6C7081E5F4B1F6C6F0005
07F8C915F6CB081E5F4B206C6C0008
07F8BE15F6CE081E614B206C5F000E
07F8B915F6D2081E624B216C650009
07F8AF15F6CB081E624B216C700008
07F8A715F6CE081E644B206C690006
07F8A115F6D5081E644B216C63000A
07F8A215F6DC081E654B216C68000C
07F89E15F6DF081E654B226C690006
07F89615F6DC081E644B226C640007
07F89115F6C0081E644B216C600004
07F89815F683081E634B206C59000A
07F8C415F64F081E674B206C5C0004
07F91415F641081E664B206C6B0008
07F96015F629081E674B206C570006
07F99A15F5E5081E674B206C520004
07F9DF15F5A4081E694B1F6C5C000C
07FA3D15F569081E684B1F6C600008
07FAA415F558081E684B1E6C4C000A
07FAFF15F566081E684B1E6C5C0008
07FB3415F581081E684B1E6C520001
07FB3B15F5A7081E694B1E6C530008
07FB1715F5DE081E684B1D6C560005
07FAD615F61C081E694B1D6C5F0006
07FA7715F656081E684B1C6C56000A
07FA0915F689081E684B1B6C6B000C
07F99B15F6AF081E694B1D6C5E0004
07F93B15F6CE081E684B1D6C620008
07F8EA15F6DF081E654B1E6C6F000A
07F8AB15F6D2081E674B1D6C64000D
07F88915F6DC081E664B1D6C770007
07F87C15F6DF081E674B1D6C750003
07F87C15F6EA081E674B1E6C770006
07F87415F6EA081E674B1D6C6A000A
07F86E15F6EA081E684B1D6C6D0007
07F86A15F6E6081E664B1D6C6B0004
07F86B15F6DF081E674B1D6C75000A
07F87115F6DF081E634B1E6C770006
07F87815F6D8081E644B1D6C8B0006
07F88215F6E6081E634B1C6C920008
07F88315F6ED081E634B1C6C880006
07F87915F6DC081E614B1C6C7E0005
07F87715F6AC081E614B1B6C820002
07F89315F678081E604B1B6C790000
07F8D415F64C081E5D4B1B6C800008
07F92815F61C081E5E4B1B6C7C0004
07F97E15F5E5081E5D4B1B6C74000A
07F9D615F5AE081E594B1C6C740005
07FA3815F57F081E5A4B1B6C730007
07FA9B15F54B081E594B1B6C820006
07FAF815F509081E574B1C6C700008
07FB5A15F4CC081E584B1B6C7A0003
07FBC415F48E081E564B1A6C75000D
07FC3915F461081E544B1A6C6E0009
07FCAC15F438081E554B1A6C660003
07FD0315F40F081E544B1B6C5F0000
07FD5315F3E9081E554B1B6C5B0007
07FD9E15F3C4081E574B1C6C4F0006
07FDE415F3A8081E564B1B6C4A0006
07FE2415F3B3081E564B1B6C4D0000
07FE4A15F40F081E564B1B6C3C0008
07FE2D15F4BB081E564B1A6C380002
07FDA215F588081E554B1A6C260004
07FCA215F664081E554B1A6C190003
07FB4715F724081E574B196C1F0000
07F9DC15F7D3081E544B196C220002
07F86A15F84E081E574B186C220007
07F72915F8B2081E574B176C300004
07F62515F8DF081E544B176C3B0006
07F55B15F8EC081E544B176C3B0008
07F4E115F8E5081E554B176C440007
07F4AC15F8C3081E544B166C47000A
07F4B715F87B081E574B166C580008
07F4F515F803081E554B166C590003
07F57115F78B081E544B156C680008
07F62915F734081E554B156C6D0003
07F6F815F6DF081E544B146C770009
07F7B515F689081E534B136C7F0001
07F86415F637081E534B146C8B0007
07F90615F5F9081E554B156C860004
07F99915F5C6081E534B146C910001
07FA1115F588081E544B156C8A000C
07FA7F15F525081E564B166C9A000C
07FB0515F4D3081E554B156C960006
07FB9F15F4A3081E554B166C880004
07FC2015F498081E554B166C910004
07FC7F15F498081E584B166C820008
07FCB015F498081E584B156C7D0006
07FCC215F491081E594B156C730000
07FCC715F48B081E594B146C620008
07FCCE15F47D081E564B156C570004
07FCDA15F473081E564B166C5B000A
07FCEA15F46C081E574B166C580008
07FCF315F479081E574B166C520007
07FCF615F498081E574B156C440008
07FCDF15F4BB081E554B146C4A0007
07FCB815F4D6081E574B146C440005
07FC8215F4E7081E564B126C330004
07FC4E15F4E4081E564B126C330003
07FC2C15F4F1081E564B136C230005
07FC1515F4F5081E574B136C1F0009
07FC0315F4FF081E554B136C26000A
07FBF715F506081E544B126C180006
07FBE815F514081E554B126C220007
07FBD515F539081E534B126C1F000A
07FBB815F570081E554B136C1F0008
07FB8315F5B1081E574B126C350006
07FB3315F5E5081E574B126C340003
07FAD315F61F081E574B126C360007
07FA6B15F659081E554B116C450005
07FA0215F68D081E584B116C510008
07F99615F6CE081E564B116C520006
07F92415F71A081E564B116C510008
07F8A815F75E081E584B126C570009
07F82215F7A3081E584B126C640008
07F7A815F7DA081E564B106C6E0009
07F73315F80D081E594B106C65000A
07F6CB15F830081E564B0F6C650006
07F66515F84B081E564B0F6C670006
07F61315F859081E564B0F6C770006
07F5E115F859081E574B0F6C700007
07F5C415F855081E584B0F6C7B0007
07F5BA15F84E081E564B0F6C960003
07F5BC15F84B081E584B0E6C990002
07F5C715F841081E574B0E6CA30008
07F5D715F833081E584B0E6CA5000B
07F5EC15F81E081E584B0E6CA60003
07F60415F809081E574B0F6CA8000E
07F62C15F7EE081E564B0F6C9C0004
07F65A15F7DA081E594B0E6CA90008
07F68615F7C9081E594B0E6CA60008
07F6B015F7C2081E5A4B0F6CB40001
07F6D115F7C2081E594B0F6CAD000B
07F6E915F7C5081E594B106CAB0008
07F6F015F7D6081E594B106CA70008
07F6E915F7E7081E5B4B106CAE0008
07F6D515F7FF081E5A4B0F6CB2000A
07F6B115F81B081E594B0E6CA80004
07F68915F836081E5A4B0E6CB90001
07F65615F84B081E5A4B0E6CA60005
07F62315F85C081E5C4B0E6CBA0005
07F5FA15F86A081E594B0D6CAD0006
07F5D415F87B081E584B0E6CBA0002
07F5AF15F889081E564B0C6CBC000C
07F59315F893081E544B0C6CCB0008
07F57E15F89D081E544B0D6CC30006
07F56E15F8A4081E544B0C6CCD0006
07F55C15F8AB081E554B0C6CD00004
07F54D15F8AF081E564B0C6CD80004
07F53F15F8B5081E554B0B6CD90004
07F53615F8B5081E514B0B6CD4000C
07F52E15F8BC081E4F4B0A6CD40006
07F52B15F8BC081E524B0B6CDA000C
07F52415F8C3081E534B0B6CD00004
07F52015F8C3081E514B0C6CE20006
07F51A15F8C7081E4F4B0C6CE90006
07F51515F8C7081E504B0C6CEB0008
07F51415F8C7081E4F4B0D6CEC0004
07F51615F8C3081E4F4B0C6CE90008
07F51715F8C0081E504B0C6CF00000
07F51B15F8B5081E4F4B0C6CE30006
07F52315F8B0081E4D4B0B6CE20004
07F52D15F8A4081E4C4B0B6CDC0003
07F53C15F89D081E4D4B0A6CE50004
07F54E15F88C081E4B4B0B6CD90001
07F56315F878081E4D4B0B6CDF0006
07F57D15F860081E4D4B0B6CE20006
07F59F15F841081E4B4B0B6CD80001
07F5CF15F825081E494B0B6CD30008
07F60315F814081E494B0A6CDB0005
07F63215F806081E494B0A6CD60006
07F65C15F7F5081E4A4B096CCF0008
07F68115F7E4081E484B096CDA0009
07F6A015F7D3081E484B086CDD0008
07F6BE15F7C5081E474B086CDA0006
07F6E015F7BB081E464B076CDC0005
07F6FB15F7AD081E484B076CEE0000
07F71315F7A3081E484B076CDB0006
07F72815F79F081E474B066CE70002
07F73B15F795081E494B076CDE0008
07F74815F792081E484B066CF2000A
07F75715F784081E484B056CE50006
07F76615F773081E4B4B056CDA0003
07F77A15F750081E484B056CE70005
07F79C15F732081E494B056CD20001
07F7CC15F716081E494B056CE50008
07F7FA15F70F081E484B046CD8000A
07F82215F70F081E4B4B046CCD0003
07F84515F70F081E494B036CCB0009
07F85615F70F081E4A4B036CC70008
07F85B15F70F081E4A4B036CBA0008
07F85C15F6FE081E494B046CBE0003
07F86215F6DE081E4C4B046CB3000A
07F87915F6C4081E4C4B056CB50007
07F8A215F6B6081E4C4B056CAB0006
07F8CE15F6BD081E4A4B046CAD0009
07F8E615F6D5081E4A4B056CAA0004
07F8E415F6DF081E4A4B056CA70006
07F8D015F6D8081E4D4B046CA50006
07F8BE15F6BD081E4F4B046CAC0009
07F8C715F6A2081E4E4B046CA5000A
07F8E315F697081E4E4B056CAB0005
07F90915F697081E4E4B056CA2000A
07F91F15F6A8081E514B056CAD0003
07F92315F6C7081E514B056CA90005
07F90D15F6E6081E504B056CB00009
07F8E015F70C081E514B066CAD0005
07F8A815F720081E524B056CA4000A
07F87515F727081E524B046CA20003
07F84715F732081E544B046CAD000A
07F82615F735081E514B046CAC0006
07F81115F73C081E554B046C9C0001
07F80215F73C081E544B046C970003
07F7FA15F743081E554B046C8F0006
07F7F215F746081E564B056C8F0006
07F7EC15F74A081E574B046C860000
07F7E615F74D081E564B046C7E0008
07F7E115F757081E584B036C800008
07F7D815F768081E584B036C7C0008
07F7C615F76C081E584B026C870005
07F7B315F76C081E594B016C92000B
07F7A515F758081E5A4B016C920004
07F7A815F743081E5C4B016C9B0008
07F7C015F72B081E5F4B006C8F0001
07F7E515F716081E604B016C9C000A
07F80F15F70C081E5F4B016C900003
07F83015F705081E5F4B016C8F0006
07F84A15F708081E604B016C860003
07F85915F716081E614B016C910008
07F85815F724081E644AFF6C8B0004
07F84D15F738081E674AFE6C8B000C
07F83415F74D081E674AFF6C860006
07F81015F762081E674AFF6C7A0004
07F7EB15F773081E674AFF6C960008
07F7C515F776081E684AFF6C890009
07F7A715F76F081E694AFF6C8E000F
07F79615F765081E6C4B006C8B0006
07F79715F75B081E6D4B006C8E0001
07F7A615F74A081E6D4AFF6C800004
07F7BC15F738081E6D4AFF6C7D000B
07F7DA15F720081E6E4AFF6C82000A
07F7FC15F708081E704AFE6C7D0006
07F82415F6F4081E704AFD6C8B0004
07F85015F6DF081E714AFD6C830005
07F87B15F6D2081E724AFE6C780008
07F89D15F6C4081E734AFE6C710007
07F8BD15F6AF081E744AFF6C730006
07F8DC15F69B081E754AFE6C720008
07F8FE15F68D081E774AFE6C770009
07F92115F67F081E764AFE6C67000C
07F93F15F683081E754AFD6C750004
07F95115F690081E754AFD6C730008
07F95415F69B081E764AFC6C640003
07F94915F6A5081E7A4AFD6C800003
07F93615F6AC081E764AFD6C80000B
07F92515F6B6081E774AFD6C7B000C
07F91215F6B6081E784AFD6C700007
07F90715F6AF081E764AFD6C70000A
07F90515F6A2081E794AFD6C7C0005
07F90A15F697081E764AFD6C810005
07F91815F686081E774AFC6C7C0001
07F92C15F671081E754AFB6C6E0008
07F94715F65D081E7A4AFB6C780007
07F96C15F641081E764AFA6C770005
07F99115F630081E754AFB6C700008
07F9BB15F629081E754AFB6C770004
07F9E115F629081E744AFB6C770008
07F9FA15F634081E754AFB6C7D0005
07FA0315F63B081E734AFA6C750007
07F9FD15F648081E704AF96C760006
07F9F015F656081E724AF96C6F000C
07F9DA15F660081E704AF96C710003
07F9BD15F66E081E6C4AF86C6D000A
07F9A215F67F081E6E4AF86C6A0007
07F98715F690081E6A4AF86C680008
07F96815F697081E674AF86C60000A
07F94F15F69E081E694AF86C4F0004
07F93D15F6A0081E684AF86C41000E
07F93115F69E081E674AF96C440007
07F92A15F69E081E654AF96C3B0001
07F92415F69E081E644AF86C3B0000
07F92515F694081E614AF86C430004
07F92815F678081E614AF96C420006
07F93915F648081E604AF96C4A0008
07F96415F604081E5F4AF96C5E0001
07F9B115F5BC081E5F4AFA6C5C0006
07FA1A15F57B081E604AFB6C600006
07FA9015F54E081E5E4AFB6C670006
07FB0115F528081E5F4AFB6C6B0006
07FB6415F509081E5D4AFB6C550005
07FBB715F4EB081E5B4AFB6C5C0007
07FBF515F4D3081E5C4AFB6C5A0004
07FC2B15F4C5081E5C4AFC6C570009
07FC5315F4B4081E5C4AFC6C60000A
07FC7615F4A3081E5A4AFB6C650003
07FC9215F480081E594AFA6C630004
07FCB615F454081E5A4AFA6C680004
07FCED15F435081E584AFA6C5E0008
07FD2C15F416081E5A4AF96C60000A
07FD6C15F3FB081E5A4AF86C530000
07FDA315F3E9081E5A4AF96C440009
07FDCA15F3EB081E5C4AF96C3B0003
07FDE415F408081E5C4AF86C350008
07FDE515F42B081E574AF86C30000A
07FDC315F446081E5C4AF86C2A0003
07FD9115F45B081E5A4AF76C2C0008
07FD5E15F45B081E5F4AF76C1E0008
07FD3515F454081E5B4AF66C1E0006
07FD2515F45B081E5C4AF56C1F0003
07FD1F15F465081E5D4AF46C110000
07FD1515F461081E5E4AF46C0A0001
07FD0815F457081E5E4AF46C0E000A
07FD0815F443081E5E4AF36C040007
07FD1D15F42B081E5F4AF46C0B0007
07FD3D15F413081E614AF46C1C000E
07FD6115F3F4081E5F4AF46C0D0006
07FD8D15F3D1081E614AF36C1A0007
07FDC815F39E081E614AF26C1F0007
07FE1315F367081E634AF26C250006
07FE6B15F337081E654AF26C140004
07FEC815F30B081E674AF16C220010
07FF2215F2E5081E644AF26C1F0009
07FF7815F2C3081E664AF26C180000
07FFC615F2A7081E684AF26C1A0008
08000115F28C081E694AF26C180006
08002D15F277081E6A4AF26C2B0006
08005C15F263081E6B4AF26C1F0005
08008D15F266081E6A4AF26C0E000A
0800AB15F274081E6C4AF26C190004
0800AC15F296081E6D4AF26C0E0008
08008F15F2B9081E6F4AF26C020003
08005F15F2E5081E704AF06BFC0008
08001C15F30B081E714AF06BFA0007
07FFCD15F330081E704AF16BE40008
07FF7E15F360081E6F4AF16BE50009
07FF2E15F38D081E6F4AF16BEE0005
07FED515F3BA081E734AF26BE20004
07FE8115F3C0081E734AF16BE20006
07FE4315F3AF081E744AF16BD90003
07FE2615F390081E754AF16BCC0006
07FE3015F378081E764AF16BE80003
07FE5415F36B081E774AF16BC6000C
07FE8215F360081E764AF16BD6000A
07FEA615F369081E754AF16BD30006
07FEB615F38D081E784AF16BDB0008
07FEAD15F3BD081E784AF06BDC0006
07FE8015F3F0081E7A4AF06BE40006
07FE3315F419081E794AF16BF00004
07FDE015F446081E784AF16BE30003
07FD8D15F46C081E7A4AF06BEE000A
07FD3D15F498081E7A4AEF6BF30006
07FCE915F4C5081E794AEF6BFB0006
07FC9415F4EB081E7A4AEE6C050008
07FC4B15F509081E784AEE6C100005
07FC0715F521081E7A4AEE6C110003
07FBCA15F52C081E794AED6C0D0006
07FB9C15F52F081E794AEE6C0E000A
07FB8315F52F081E7A4AED6C100000
07FB7415F52C081E794AEE6C1C0006
07FB7015F528081E794AED6C0C0004
07FB7615F528081E784AED6C1D000A
07FB7E15F525081E794AED6C110007
07FB8415F528081E784AED6C2D0007
07FB8915F525081E784AEC6C1D0006
07FB8B15F528081E794AED6C27000A
07FB8C15F525081E784AED6C240001
07FB9015F522081E774AED6C210006
07FB9315F51B081E764AEC6C2A0009
07FB9B15F50D081E754AED6C24000E
07FBA715F50D081E764AEC6C2A0003
07FBB515F510081E754AED6C270006
07FBBE15F517081E744AED6C2E0007
07FBBF15F51B081E734AED6C3C0003
07FBB715F51E081E734AEE6C370004
07FBB215F51E081E724AEE6C3D0008
07FBAC15F525081E734AEE6C400006
07FBA415F525081E734AED6C3E0003
07FB9D15F51B081E734AEC6C440008
07FBA015F51E081E704AEC6C500008
07FBA515F528081E6F4AEC6C57000A
07FBA615F52F081E704AEC6C4D0007
07FBA115F547081E704AEC6C520002
07FB9515F577081E6F4AEB6C4B0006
07FB7C15F5B1081E6D4AEB6C380005
07FB4D15F5D7081E6E4AEB6C350008
07FB1015F5E8081E6D4AEB6C350005
07FAD715F5EF081E6C4AEB6C390009
07FAB215F5E8081E6C4AEB6C310004
07FA9F15F5E5081E6B4AEB6C330003
07FA9815F5E5081E6A4AEA6C310003
07FA9715F5E8081E6A4AE96C3D0003
07FA9615F601081E674AE96C350006
07FA8C15F63B081E684AE96C390008
07FA6B15F656081E664AEA6C3B0006
07FA3D15F660081E674AE96C450008
07FA1115F667081E654AE96C46000D
07F9F115F678081E654AE86C4C0004
07F9DA15F697081E634AE76C4E0006
07F9BD15F6BA081E644AE86C400007
07F99915F6D5081E654AE86C4C0008
07F97015F6EA081E634AE76C4B0005
07F94715F6ED081E624AE76C450000
07F92B15F6DF081E624AE76C480007
07F92315F6C7081E634AE66C400005
07F93215F6AF081E634AE66C450003
07F94C15F694081E604AE56C51000A
07F97015F671081E634AE66C4A0003
07F99E15F648081E634AE66C4F0003
07F9D415F618081E634AE66C510006
07FA1215F5E8081E614AE66C590007
07FA5615F5C3081E624AE66C60000C
07FA9A15F5AB081E634AE76C580007
07FAD515F593081E634AE76C570008
07FB0715F57B081E614AE66C560004
07FB3215F563081E634AE66C4D0003
07FB5815F551081E624AE66C4F0005
07FB7B15F544081E644AE66C580003
07FB9915F534081E664AE56C40000C
07FBB315F528081E674AE66C49000B
07FBCA15F514081E664AE56C410001
07FBE515F506081E694AE56C3E000C
07FBFE15F4FF081E684AE46C380006
07FC1015F4FC081E684AE46C390001
07FC1A15F4F5081E694AE46C320001
07FC2115F4E7081E684AE46C2E0003
07FC2A15F4D9081E6C4AE46C2D0005
07FC3D15F4C5081E6C4AE46C260005
07FC5315F4BB081E6B4AE36C280005
07FC6A15F4B0081E6C4AE46C220000
07FC8115F4A9081E6E4AE46C190006
07FC9415F4A6081E6E4AE36C280004
07FCA215F4AD081E6D4AE46C230009
07FCA715F4B7081E704AE36C200005
07FC9F15F4BE081E704AE46C2C0004
07FC9015F4C1081E714AE46C1F000A
07FC8115F4CF081E714AE46C250006
07FC6D15F4D9081E6F4AE46C310003
07FC5A15F4E0081E724AE46C2B000C
07FC4415F4DD081E734AE46C2A0006
07FC3715F4DD081E744AE36C3A0006
07FC3515F4CF081E744AE26C2D0001
07FC3A15F4C8081E764AE26C350005
07FC4515F4C1081E754AE26C370008
07FC5515F4C1081E764AE16C330005
07FC5D15F4C1081E764AE06C3E0007
07FC6315F4C8081E774AE16C3C0003
07FC5E15F4D6081E774AE16C460001
07FC5415F4DD081E764AE16C410003
07FC4715F4E7081E784AE16C40000C
07FC3615F4EB081E764AE06C460004
07FC2515F4EB081E784ADF6C2B0005
07FC1815F4EB081E784AE06C24000C
07FC1015F4E7081E794ADF6C2A0006
07FC0F15F4E4081E794ADF6C210007
07FC1415F4DD081E784ADF6C2C0003
07FC1B15F4D9081E784ADF6C2C0006
07FC2415F4D9081E794ADF6C280000
07FC2B15F4D9081E774ADF6C250005
07FC3015F4D9081E794ADF6C24000C
07FC3215F4D3081E794ADF6C1A000C
07FC3515F4CC081E774AE06C100000
07FC3C15F4C5081E794ADF6C1D0008
07FC4815F4C1081E784ADE6C1F0008
07FC5215F4C0081E784ADE6C150003
07FC5915F4BE081E764ADD6C220008
07FC5F15F4C1081E784ADD6C250004
07FC6215F4C5081E764ADD6C170001
07FC6215F4CC081E774ADD6C090001
07FC5D15F4CF081E784ADD6C100006
07FC5515F4D9081E764ADD6C060008
07FC4A15F4D9081E764ADD6C090006
07FC3F15F4E7081E744ADC6C070003
07FC3215F4EE081E754ADC6C110008
07FC2015F4FF081E734ADC6C09000A
07FC0C15F509081E754ADC6C040009
07FBF715F51E081E744ADC6C01000E
07FBDA15F53D081E734ADC6C010006
07FBB615F558081E734ADC6BF90009
07FB8915F577081E714ADC6BFF0002
07FB5715F599081E714ADC6BFE0008
07FB1E15F5CD081E714ADC6C100005
07FADA15F611081E714ADC6C230008
07FA8015F659081E704ADC6C190006
07FA1115F690081E6C4ADC6C20000C
07F9A115F6B3081E714ADB6C2C0004
07F93A15F6BA081E704ADA6C3D0008
07F8EF15F6BD081E6C4ADA6C440000
07F8C515F6C1081E6B4ADA6C540005
07F8B115F6D8081E6D4ADB6C530009
07F89E15F6F4081E6C4ADB6C5D000E
07F88015F713081E6C4ADB6C670008
07F85715F724081E6C4ADB6C680002
07F82D15F735081E6A4ADB6C600006
07F80D15F746081E6A4ADB6C6A000A
07F7E615F757081E6A4ADB6C710006
07F7C715F75E081E694ADB6C790008
07F7AB15F757081E6B4ADC6C7C000B
07F79C15F74D081E684ADC6C830003
07F7A115F735081E6C4ADB6C810007
07F7B515F716081E694ADC6C8D0007
07F7DB15F6F4081E684ADC6C8B0008
07F81415F6CE081E694ADD6C7F0003
07F85115F6BD081E6A4ADD6C8A0008
07F88D15F6B3081E674ADD6C830007
07F8BE15F6AC081E6B4ADC6C8B0001
07F8DB15F6AC081E6A4ADC6C8C0002
07F8EB15F6A8081E684ADC6C890003
07F8F215F6A5081E6B4ADB6C89000A
07F8F915F69E081E684ADB6C930006
07F90015F69B081E674ADB6C990000
07F90915F690081E674ADB6C9D0005
07F91915F68D081E674ADB6C96000A
07F92415F68D081E684ADA6CA20008
07F93115F697081E694ADA6C9D0005
07F93615F6A8081E684ADA6C9F000A
07F93615F6C4081E684ADA6CA00008
07F92815F6DE081E694AD96CA90006
07F91115F6F0081E684AD96C9E0002
07F8F815F6F4081E674AD96C9A0007
07F8E315F6F7081E664AD86CA50009
07F8D815F6F7081E694AD86CA20002
07F8D115F6F7081E674AD86CA60003
07F8D215F6F4081E684AD86C9E0003
07F8D415F6F7081E674AD76CA40008
07F8D615F6F4081E674AD76CA00005
07F8D815F6F7081E684AD76C8D0003
07F8DC15F6FE081E684AD76C8D0008
07F8DC15F71A081E684AD66C8E0008
07F8D515F73F081E684AD66C910006
07F8B915F74D081E674AD56C8F0007
07F8A015F74D081E684AD56C8D0007
07F88D15F746081E694AD56CA00003
07F88815F73C081E674AD56C9A0008
07F88C15F72B081E684AD56C8E0006
07F89815F716081E6A4AD56C8D0009
07F8A815F6FE081E6A4AD46C990006
07F8BE15F6EA081E6B4AD46C910003
07F8DC15F6DC081E6B4AD36C8E0008
07F8F515F6CE081E6D4AD46C880002
07F90B15F6C4081E6C4AD46C870006
07F91D15F6BA081E6C4AD46C860005
07F92C15F6B3081E6E4AD46C82000B
07F93815F6AC081E6D4AD36C860008
07F94015F6B3081E6F4AD36C7C000A
07F93D15F6C4081E6E4AD46C770002
07F93015F6C8081E6F4AD46C780008
07F91B15F6CB081E704AD46C620009
07F90515F6C4081E6F4AD36C6D0004
07F8FB15F6B3081E704AD36C6A000C
07F90015F6A5081E724AD36C610008
07F90E15F694081E724AD36C60000A
07F92515F683081E734AD36C660007
07F94015F67C081E744AD36C5F000C
07F95E15F675081E744AD36C600006
07F97015F675081E754AD36C570008
07F97D15F671081E724AD36C660008
07F98115F66B081E724AD26C640008
07F98715F65D081E724AD26C610009
07F99215F645081E714AD26C660007
07F9A615F634081E724AD16C590004
07F9C215F629081E714AD06C590006
07F9DB15F62D081E6E4AD06C620008
07F9F015F630081E6C4AD06C5B0009
07F9F115F63B081E6C4AD06C590000
07F9EA15F63B081E6B4AD06C510006
07F9E115F641081E674AD06C510003
07F9D515F645081E684AD16C4F000A
07F9C915F64C081E664AD06C4F0004
07F9C115F659081E654AD06C440004
07F9B115F678081E634AD06C4D0007
07F99615F69B081E624ACF6C4E0007
07F96C15F6CB081E644AD06C50000A
07F93115F71F081E604AD06C68000B
07F8D815F78B081E5F4AD06C700009
07F84615F7FF081E604AD06C690005
07F78C15F863081E5F4AD06C59000A
07F6C215F8AB081E5F4AD16C6A0006
07F60B15F8CD081E5F4AD06C630006
07F57E15F8D1081E5E4AD06C630003
07F52415F8CD081E5E4AD06C7C0004
07F4FE15F8CA081E5E4ACF6C830001
07F4F315F8C7081E5C4ACF6C930007
07F4F915F8D4081E5B4ACE6C99000A
07F4FD15F8FA081E5B4ACD6CA90000
07F4E815F92A081E594ACE6CAA0001
07F4B715F950081E584ACE6CB30015
07F47115F94C081E584ACE6CBE0008
07F43F15F91C081E574ACD6CC30004
07F44515F8D8081E564ACD6CC9000B
07F48615F8A8081E564ACD6CD20005
07F4E415F89D081E584ACD6CD90005
07F52E15F8B2081E554ACD6CE10003
07F54F15F8C3081E544ACD6CE70002
07F54F15F8C7081E574ACD6CEB0008
07F54515F8C7081E564ACD6CF70004
07F53B15F8CD081E554ACD6CEB0007
07F53415F8C3081E574ACC6CF50009
07F53315F8B2081E5A4ACB6CE50002
07F53B15F89A081E574ACC6CE20009
07F55215F885081E574ACC6CE90008
07F57815F878081E574ACC6CE30008
07F59D15F871081E594ACB6CE10009
07F5BD15F878081E5D4ACB6CE10008
07F5CF15F890081E5B4ACB6CE40006
07F5C715F8B2081E5C4ACA6CDA000A
07F5AB15F8CA081E5C4AC96CD50007
07F57A15F8D8081E5F4AC96CCD0002
07F55015F8E6081E5F4AC96CCE000A
07F52C15F8EC081E604AC96CCE000A
07F50F15F8FA081E5F4AC86CC60001
07F4F915F90B081E604AC76CCD0004
07F4E315F916081E614AC86CC10006
07F4CF15F919081E634AC76CC70005
07F4BE15F919081E624AC76CBA0002
07F4B715F90F081E654AC76CC50007
07F4BB15F90B081E654AC76CC60009
07F4C315F912081E664AC76CC3000A
07F4C915F916081E654AC76CC90004
07F4C815F919081E694AC76CC80000
07F4C515F912081E6A4AC86CCD0009
07F4BE15F90F081E6A4AC86CCF0008
07F4C115F90B081E6B4AC96CD70002
07F4C315F908081E6C4AC96CD80001
07F4C715F90F081E6B4AC86CE20003
07F4C915F91C081E6D4AC86CCF0007
07F4C215F92E081E6F4AC96CDE0009
07F4AF15F93B081E704AC96CDB0006
07F49515F93F081E704AC96CDA0003
07F48215F942081E724AC96CD60009
07F47415F95A081E734ACA6CDC000A
07F46215F980081E724ACA6CE90002
07F43E15F9A6081E734ACA6CE10004
07F40E15F9C5081E754AC96CE10008
07F3D015F9E4081E754AC96CDA0008
07F39015FA02081E744AC96CE30006
07F35315FA14081E764AC86CED0006
07F31F15FA1B081E764AC86CE50001
07F2F615FA17081E754AC76CEE0003
07F2E215FA09081E794AC76CEA000E
07F2E215F9F8081E794AC76CF10006
07F2F515F9F1081E784AC76CE70005
07F30C15F9EE081E7A4AC66CF10008
07F31E15F9F1081E784AC66CE20007
07F32B15F9F5081E794AC56CE70006
07F32C15F9F1081E7B4AC46CE5000A
07F32D15F9EE081E7B4AC46CF50009
07F32E15F9E7081E794AC46CF10007
07F33715F9DC081E794AC46CEA0008
07F34415F9CF081E784AC46CE70001
07F35715F9C1081E794AC46CEB0005
07F37015F9AD081E794AC36CEB0007
07F38A15F99B081E7A4AC46CEE0006
07F3AB15F980081E7A4AC36CE60003
07F3CF15F968081E7A4AC46CEC0005
07F3F815F953081E7A4AC46CDD0001
07F42815F93F081E784AC36CE10008
07F45315F934081E784AC26CDE0003
07F47815F927081E784AC36CF0000C
07F49915F916081E764AC36CE50008
07F4B515F904081E774AC36CEE0009
07F4D315F8F0081E794AC36CE80006
07F4F615F8DB081E764AC36CEA0009
07F51515F8C3081E754AC36CEB0001
07F53B15F8A4081E754AC26CE00006
07F56715F87B081E754AC26CDD0006
07F5A815F859081E754AC26CD80006
07F5EB15F841081E744AC26CCB000D
07F62A15F833081E744AC16CCC0004
07F65A15F81B081E734AC16CCC0010
07F67E15F7FC081E744AC16CCF0006
07F6AB15F7DD081E724AC06CC00003
07F6E115F773081E734AC16CC50004
07F71315F7B1081E714AC16CC80004
07F74115F7A6081E704AC06CBE0000
07F76B15F79C081E724AC06CBE000A
07F78715F795081E6D4AC06CB10009
07F79815F78E081E6F4AC06CB80006
07F7A615F784081E6C4AC06CB40004
07F7B315F781081E6D4AC06CB10008
07F7BF15F77D081E6D4AC06CA70007
07F7C615F77A081E6C4ABF6CA80007
07F7CD15F76F081E6D4ABE6C950006
07F7D715F760081E6B4ABF6C8F0009
07F7E315F754081E6A4ABF6C870006
07F7F515F754081E694ABF6C7C000B
07F80315F754081E684ABE6C7C0008
07F80615F74A081E674ABF6C7C0006
07F80C15F73C081E664ABE6C7E0009
07F81815F732081E644ABE6C900008
07F82B15F727081E654ABE6C8D000C
07F83E15F71A081E664ABE6C860007
07F85415F708081E654ABD6C890003
07F86C15F6F4081E644ABE6C8C0006
07F88C15F6DC081E634ABD6C870009
07F8B315F6C7081E634ABD6C850006
07F8DD15F6B6081E614ABC6C8B0008
07F90115F6B3081E604ABD6C800002
07F91815F6AF081E5F4ABD6C8B000A
07F92515F6A5081E5F4ABC6C88000C
07F93015F6A2081E5F4ABB6C80000E
07F93615F6B3081E5E4ABB6C820007
07F93515F6D5081E5F4ABB6C7A0006
07F91815F6FB081E5E4ABA6C820004
07F8EC15F720081E5A4ABA6C860002
07F8AD15F72E081E5A4ABA6C850004
07F87015F71D081E5B4ABA6C780004
07F84F15F708081E5A4ABA6C800002
07F85215F6F4081E594ABA6C7F0006
07F86F15F6E3081E584ABA6C870004
07F88915F6D2081E5A4ABA6C820007
07F8A815F6BD081E5A4AB96C7C0006
07F8CC15F6A2081E594AB96C820007
07F8F415F689081E594AB96C8B000E
07F92115F66B081E564AB96C8A0006
07F95515F645081E584AB96C820003
07F99615F626081E564AB96C87000C
07F9CF15F607081E584AB96C890005
07FA0915F5EF081E554AB86C7D000A
07FA3B15F5DE081E594AB96C83000A
07FA6715F5C9081E574AB96C8B0006
07FA8A15F5B8081E574AB96C860004
07FAAC15F5A7081E574AB86C830008
07FACE15F59D081E574AB96C7A0009
07FAE915F58C081E584AB86C710006
07FB0215F581081E574AB86C6E0006
07FB1C15F569081E574AB86C640006
07FB3915F55C081E574AB86C600008
07FB5515F555081E574AB86C510001
07FB6C15F551081E594AB86C590003
07FB7F15F547081E5A4AB76C59000A
07FB8D15F539081E5A4AB76C4F0007
07FB9C15F525081E5B4AB76C530004
07FBB415F510081E5C4AB76C530007
07FBCD15F509081E5E4AB66C510003
07FBE915F506081E5E4AB66C460004
07FBFE15F51A081E5F4AB66C470006
07FC0415F54B081E5E4AB56C4B0008
07FBE315F585081E614AB56C42000A
07FBA115F5BC081E624AB36C4E000A
07FB4215F5E8081E624AB36C5B0004
07FAE415F615081E644AB36C4B0007
07FA8E15F63E081E674AB36C590005
07FA3815F660081E674AB36C51000C
07F9E815F66B081E664AB36C5E0006
07F9AA15F664081E674AB36C4D0006
07F98B15F653081E694AB36C480003
07F98C15F63E081E6B4AB46C460006
07F9A015F629081E6A4AB46C41000A
07F9BF15F61C081E6D4AB36C310005
07F9E115F607081E6C4AB36C2C0005
07FA0715F5F6081E6D4AB36C270007
07FA2C15F5E5081E6F4AB36C220008
07FA5115F5E1081E6F4AB36C270008
07FA6E15F5E5081E704AB36C220008
07FA7D15F5F6081E714AB46C240008
07FA7815F611081E714AB36C1D0008
07FA6215F630081E724AB36C1D0007
07FA3A15F64F081E724AB36C130007
07FA0915F66E081E754AB36BFF0007
07F9CF15F67C081E754AB36C0C0005
07F99915F683081E754AB26C0F0004
07F97215F683081E774AB26C1B0006
07F96015F683081E774AB26C190006
07F95915F67F081E794AB26C150007
07F95915F67F081E7A4AB26C25000C
07F95D15F67F081E7A4AB26C2B000A
07F96115F68D081E794AB26C340004
07F95D15F6A2081E7C4AB16C3E0006
07F94C15F6B6081E7C4AB16C41000A
07F93115F6C7081E7D4AB16C420006
07F90E15F6D8081E7E4AB06C560000
07F8EE15F6DC081E7F4AB16C4C0006
07F8D315F6D8081E7D4AB16C570005
07F8C415F6D2081E7C4AB06C4D0008
07F8C215F6D5081E7E4AB06C510001
07F8C215F6D5081E7C4AAF6C54000F
07F8C615F6D8081E7D4AAF6C570004
07F8C515F6DF081E7B4AAF6C5E0008
07F8C215F6ED081E7D4AAF6C69000C
07F8B715F6FB081E7B4AAF6C610007
07F8A415F705081E7B4AAF6C650006
07F89015F70C081E7D4AAF6C730003
07F87E15F70C081E7D4AAF6C6F0001
07F87315F702081E7B4AAF6C6E0006
07F87215F6F7081E7C4AAF6C770009
07F87815F6E6081E7D4AAE6C7E000A
07F88815F6CE081E7D4AAE6C7E0005
07F8A915F6B3081E7C4AAF6C81000E
07F8CF15F69E081E7A4AAE6C720003
07F8FA15F690081E7A4AAE6C840009
07F92415F687081E784AAE6C890006
07F94215F683081E7A4AAF6C920008
07F95715F67F081E794AAE6C7F0008
07F96315F67F081E774AAE6C80000B
07F96B15F683081E764AAE6C7B0002
07F96E15F68D081E744AAD6C750003
07F96715F69B081E744AAD6C7A0003
07F95815F69E081E734AAC6C6F0004
07F94815F6A2081E734AAC6C690008
07F93A15F69E081E724AAC6C5D0007
07F93415F69E081E724AAC6C640009
07F93015F69B081E724AAB6C64000F
07F92E15F694081E704AAC6C610008
07F93315F689081E6F4AAA6C710003
07F93F15F678081E704AAB6C680006
07F95615F66B081E6D4AAA6C730008
07F96F15F65D081E6F4AAA6C6C0008
07F98A15F64C081E6F4AA96C6D0003
07F9A615F63B081E714AA96C740008
07F9C215F634081E6E4AA96C6F0001
07F9DF15F634081E6B4AA96C650008
07F9F115F641081E6D4AA96C730002
07F9F415F65D081E6B4AA96C69000A
07F9E415F678081E6A4AA96C670004
07F9C115F694081E6A4AA86C620005
07F99015F6AC081E694AA96C68000B
07F95E15F6B6081E674AA96C630006
07F93515F6CC081E664AA96C6F0000
07F91215F6E3081E654AA96C6F0004
07F8EE15F705081E644AA96C6D0006
07F8BF15F72B081E614AA86C6F000B
07F88715F757081E614AA86C670006
07F84515F77A081E604AA86C700009
07F7FD15F79C081E5E4AA86C69000A
07F7BA15F7BE081E5C4AA96C6A0001
07F77615F7EB081E5D4AA96C710009
07F72D15F814081E5F4AA86C670005
07F6E015F833081E5C4AA86C5E0008
07F69C15F84B081E5B4AA86C6B000A
07F65F15F866081E594AA76C6D0008
07F62615F885081E594AA86C680002
07F5F415F8AB081E5B4AA76C7D0005
07F5BF15F8CD081E5A4AA76C840008
07F58315F8F3081E594AA66C8D0009
07F54215F91C081E594AA66C810006
07F50315F94C081E594AA76C9A0004
07F4B915F972081E584AA76C920005
07F46815F980081E584AA76C9E0006
07F42115F976081E584AA66CAD0008
07F3FA15F95A081E594AA66CA60005
07F3FE15F949081E584AA66CBC0004
07F41C15F946081E594AA66CC70008
07F43D15F94C081E584AA76CBB0006
07F45015F950081E594AA76CC80000
07F45515F95E081E5A4AA76CC20008
07F44F15F968081E5A4AA86CD6000A
07F44315F96F081E5B4AA76CC50006
07F43415F96B081E5E4AA76CD30007
07F42A15F96F081E5C4AA76CDA0004
07F42615F972081E5D4AA66CDA0008
07F42315F976081E5B4AA66CD00001
07F42115F97D081E5C4AA66CEC0003
07F41B15F981081E5E4AA56CE40007
07F41215F983081E604AA56CE50005
07F40C15F983081E5F4AA56CF00007
07F40415F991081E5F4AA56CEB0006
07F3FC15F995081E604AA46CE5000A
07F3EF15F9A2081E614AA46CE00008
07F3E415F9A6081E604AA46CE70004
07F3D515F9A9081E614AA56CF20002
07F3C615F9AD081E634AA46CEE0003
07F3BF15F9B3081E634AA46CF90005
07F3B915F9C1081E634AA36CEF0006
07F3AD15F9CF081E664AA36CF40007
07F39D15F9D9081E654AA46CEE0008
07F38815F9DD081E654AA46CF3000A
07F37515F9E7081E664AA46D010003
07F36215F9EE081E684AA46CF70009
07F35215F9F5081E694AA46CF8000A
07F34415F9F8081E694AA46CEB000C
07F33A15F9F1081E6B4AA36CE80003
07F33415F9EA081E694AA36CE3000B
07F33815F9D9081E6B4AA36CD80004
07F34815F9C5081E6A4AA36CD00006
07F36115F9B3081E6D4AA36CD00006
07F38315F9A2081E6C4AA26CD60008
07F3A915F998081E6E4AA26CD90006
07F3C815F98A081E6F4AA26CE30005
07F3E415F983081E704AA26CD80005
07F3F815F983081E724AA26CE70000
07F40815F983081E704AA16CF80005
07F41115F980081E704AA26CF40007
07F41715F980081E734AA16CF80007
07F41415F980081E734AA16CFD000B
07F41615F97D081E754AA16CEA0005
07F41915F972081E744AA16CE90002
07F42015F96B081E764AA16CEA0008
07F42C15F95E081E754AA16CEE0003
07F43D15F950081E774AA16CE50008
07F45315F93F081E774AA16CE20003
07F46C15F92E081E784AA06CDF0005
07F48A15F90F081E764AA06CE30003
07F4AD15F8FA081E764AA06CDD0006
07F4D715F8E2081E774A9F6CD40004
07F50515F8CD081E774A9F6CD60009
07F52D15F8BC081E774A9F6CDF0006
07F54E15F8AF081E774A9F6CD90002
07F56D15F8A4081E764A9E6CD50005
07F58715F8A1081E784A9E6CD40009
07F59D15F893081E754A9D6CC90001
07F5AC15F88C081E754A9D6CCB000A
07F5BA15F87E081E764A9D6CCB0003
07F5CD15F87B081E754A9D6CC70008
07F5DE15F874081E754A9C6CCE000A
07F5ED15F878081E754A9C6CD10009
07F5F315F878081E734A9C6CD10007
07F5F615F87B081E734A9C6CDC0006
07F5F015F87E081E714A9C6CDE0003
07F5E915F885081E744A9B6CD30005
07F5DF15F890081E724A9C6CD40006
07F5D515F89A081E714A9C6CDF0008
07F5C415F8A4081E714A9B6CD10009
07F5B315F8AB081E6E4A9B6CC50001
07F5A115F8AB081E6F4A9B6CC60006
07F59715F8AB081E6F4A9B6CBF0008
07F58F15F8B2081E6E4A9B6CD30008
07F58915F8AF081E6D4A9B6CCF0008
07F58715F8B5081E6D4A9B6CCE0004
07F58415F8BC081E6A4A9B6CC30005
07F58115F8BC081E6C4A9B6CD80007
07F57A15F8C3081E6C4A9A6CCC000A
07F57615F8C7081E6D4A9A6CC9000E
07F57015F8CD081E6E4A9A6CC60004
07F56815F8DB081E6B4A9A6CC30003
07F55E15F8EC081E6C4A9A6CC70006
07F54D15F8F7081E694A9A6CCB0009
07F53815F8FA081E6A4A996CD10003
07F52A15F8F7081E684A9A6CC90008
07F52515F8F1081E6A4A9A6CCA0001
07F52315F8EC081E6A4A9A6CD9000B
07F52715F8DB081E684A9B6CDB0005
07F52F15F8CD081E6A4A9B6CE10007
07F54115F8B5081E694A9A6CE80008
07F55B15F897081E694A9A6CE60003
07F58015F878081E684A9B6CE10006
07F5AC15F859081E694A9A6CE9000A
07F5E115F83D081E674A9B6CE1000C
07F61815F836081E694A9A6CE90003
07F64215F82C081E684A9A6CE1000D
07F66015F822081E684A9A6CE20010
07F67515F80A081E654A996CE50006
07F68A15F7E4081E654A996CF40008
07F6B315F7B7081E664A986CDF0008
07F6EA15F792081E644A986CCE0008
07F72D15F77D081E674A976CC10007
07F76D15F773081E644A976CBC0007
07F79515F765081E654A966CBC0005
07F7B615F750081E654A966CAF0008
07F7D715F743081E644A966CB10007
07F7F715F768081E634A966CAF0006
07F7FE15F7EE081E634A956CB90004
07F7B215F8AB081E634A956CB40006
07F6EA15F976081E654A956CB90006
07F5C515FA39081E644A956CBC0006
07F46F15FACA081E644A956CB90005
07F32715FB0E081E644A956CC50004
07F21615FB2D081E654A956CCA0008
07F14F15FB45081E634A966CCF000A
07F0E215FB57081E634A966CCB0005
07F0A815FB6B081E644A966CD20006
07F08015FB79081E634A966CE70008
07F06915FB7C081E644A966CE30003
07F05B15FB75081E634A966CEB0000
07F05815FB68081E624A966CE9000A
07F06415FB64081E624A966CEC0005
07F07315FB72081E624A966CE50008
07F07D15FB8A081E624A966CED0003
07F07615FBA6081E624A966CF90001
07F05D15FBB5081E614A966CFD0003
07F03815FBD2081E614A966CFA000B
07F00D15FBEA081E614A966D0C0000
07EFE315FBFC081E614A966D120004
07EFBC15FC10081E614A966D1B0008
07EF9015FC21081E644A956D1B0003
07EF6E15FC2F081E614A956D240006
07EF5215FC33081E604A956D24000C
07EF3E15FC36081E614A956D300008
07EF3215FC3D081E614A956D360008
07EF2915FC40081E634A956D370006
07EF2115FC44081E614A956D3C0005
07EF1715FC4B081E614A956D4A0003
07EF1115FC51081E624A946D500001
07EF0815FC51081E634A946D540001
07EF0315FC4E081E674A946D590004
07EF0415FC55081E644A946D5D000C
07EF0215FC51081E674A946D5E0003
07EEFF15FC55081E664A946D5F000C
07EF0015FC55081E674A946D66000A
07EEFD15FC55081E674A946D660000
07EEFE15FC55081E674A946D6E0005
07EEFF15FC55081E664A946D710008
07EF0015FC51081E654A946D700006
07EF0415FC51081E684A936D730003
07EF0615FC4E081E684A946D740007
07EF0715FC51081E674A936D7B0006
07EF0B15FC4E081E674A936D750006
07EF0B15FC4E081E694A936D720006
07EF0E15FC4E081E694A936D700006
07EF0F15FC4B081E6B4A936D680003
07EF1515FC44081E6B4A936D6C0002
07EF1815FC40081E6D4A936D630009
07EF1E15FC39081E6B4A926D640005
07EF2515FC2F081E6D4A926D570008
07EF2D15FC25081E6D4A916D4A000A
07EF3E15FC14081E6E4A916D460003
07EF5215FC06081E6C4A916D3B0005
07EF6D15FBF5081E6E4A916D39000A
07EF8A15FBE0081E6D4A916D3D0000
07EFAA15FBCF081E6E4A916D3F0001
07EFCB15FBB7081E6F4A906D3D0000
07EFF115FBA6081E6E4A906D3F0006
07F01615FB91081E704A906D3D0007
07F03B15FB7C081E714A906D3C0006
07F05E15FB64081E714A906D390004
07F08315FB50081E724A906D2E000A
07F0A615FB34081E704A8F6D2C0005
07F0D015FB19081E714A8F6D2A0006
07F0FB15FB01081E724A8F6D25000B
07F12715FAEF081E704A906D23000B
07F14F15FAE2081E704A8F6D24000B
07F17415FAD1081E714A8F6D230004
07F19415FAC6081E704A8F6D300009
07F1AE15FABF081E724A8F6D2C0005
07F1C415FAB5081E714A8F6D1E0007
07F1D315FAAE081E724A8F6D1D0006
07F1E615FAAB081E724A8F6D1B0007
07F1F015FAA4081E734A906D110005
07F1FB15FAA0081E734A8F6D0E0006
07F20415FA9A081E724A906D140006
07F20B15FA9A081E6F4A8F6D130006
07F21315FA90081E704A8F6D110008
07F21C15FA85081E704A906D160008
07F22815FA77081E6F4A906D160003
07F23815FA74081E6F4A906D140002
07F24915FA70081E6F4A906D180008
07F25715FA6A081E704A906D100008
07F26215FA63081E6E4A906D160007
07F26C15FA51081E6D4A8F6D12000B
07F27B15FA36081E6E4A8F6D120001
07F29815FA0D081E6D4A8F6D190002
07F2C915F9D6081E6B4A8F6D170003
07F30B15F9B0081E6D4A8F6D0C0005
07F35515F987081E6C4A8F6D010006
07F3A715F965081E6C4A8F6D010008
07F3F015F949081E6B4A8E6CF20003
07F43215F93B081E6D4A8E6CEE0006
07F46515F934081E6B4A8E6CF20006
07F48315F931081E6C4A8E6CF00006
07F49515F938081E6D4A8E6CF00008
07F49715F942081E6C4A8E6CDF0005
07F49315F953081E6C4A8D6CEE0007
07F48215F979081E6E4A8E6CD80006
07F46215F9A2081E6D4A8D6CE70003
07F42B15F9CF081E6B4A8E6CE30008
07F3EB15F9F8081E6B4A8D6CE70004
07F3A115FA21081E6B4A8D6CEC0005
07F34D15FA40081E6A4A8D6CFD0004
07F30715FA58081E694A8C6CF60006
07F2CB15FA6A081E694A8C6CF2000A
07F29D15FA74081E6B4A8B6D080008
07F27B15FA77081E694A8B6D030006
07F26615FA70081E684A8B6D060008
07F25D15FA5C081E694A8A6D0C0006
07F26315FA47081E694A8B6D090002
07F27915FA33081E684A8A6D0B0003
07F29915FA1E081E664A8A6D0E0008
07F2BD15FA09081E674A8A6D0E0001
07F2E315F9F8081E664A8A6D0C000A
07F30615F9EE081E664A896D1B0008
07F32315F9E4081E644A896D1F0006
07F33D15F9E0081E664A8A6D1A000E
07F35215F9E0081E654A896D25000A
07F35E15F9F1081E664A8A6D1F0006
07F35715FA07081E624A896D2C0007
07F34315FA25081E624A896D270005
07F32215FA36081E614A896D18000D
07F2F915FA47081E624A896D140001
07F2D015FA51081E624A896D250001
07F2AE15FA55081E604A896D230005
07F29915FA58081E614A896D2F0004
07F28815FA5C081E624A886D230009
07F27F15FA5F081E614A886D260008
07F27715FA5F081E634A886D260005
07F27015FA6A081E604A876D250006
07F26B15FA74081E614A876D210002
07F25E15FA85081E604A876D15000B
07F24D15FA93081E624A866D1A000A
07F23815FAA0081E614A866D110009
07F22015FAAB081E604A866D0E0003
07F20915FAB9081E614A866D080008
07F1F315FAC3081E624A866D040005
07F1DB15FACA081E634A856CFF0009
07F1C815FAD1081E654A866CFA0006
07F1B715FADB081E644A856D010006
07F1A915FAE5081E634A866D010006
07F19915FAEF081E654A856D0C0009
07F18715FAF3081E634A856D180006
07F17B15FAF6081E654A856D05000C
07F17015FAFD081E644A856D140003
07F16815FB01081E654A856D13000C
07F16015FB0E081E654A856D140000
07F15415FB15081E664A856D1A0008
07F14515FB23081E644A846D1C0008
07F13315FB31081E664A846D210009
07F12015FB38081E654A846D230003
07F10F15FB42081E654A846D270005
07F0FE15FB45081E634A846D320006
07F0F415FB42081E664A846D37000E
07F0EA15FB45081E654A846D39000C
07F0E715FB3F081E634A846D370004
07F0E715FB38081E654A836D390006
07F0ED15FB31081E654A836D330009
07F0F815FB2D081E634A836D3A0005
07F10215FB2D081E664A836D230001
07F10915FB2D081E654A836D250003
07F10B15FB2A081E654A836D250008
07F11015FB1C081E634A846D240009
07F11715FB15081E654A846D280008
07F12415FB0E081E674A846D160007
07F13215FB04081E654A846D28000A
07F14015FB01081E654A836D230002
07F14D15FAF6081E634A836D1F0000
07F15A15FAF3081E634A836D2C0008
07F16515FAEF081E624A836D2E0007
07F16F15FAEC081E634A836D2A0000
07F17615FAE9081E624A836D290005
07F17A15FAE4081E614A826D210003
07F18115FAE2081E604A826D230000
07F18915FADB081E624A826D2A0008
07F18F15FAD7081E614A826D320002
07F19515FAD7081E624A826D250003
07F19E15FAD1081E614A816D2C0006
07F1A515FACD081E614A816D230001
07F1AD15FACA081E5E4A816D240008
07F1B315FAC6081E624A806D260006
07F1BB15FABF081E604A816D2A0004
07F1C115FAB2081E624A816D2D0005
07F1CE15FAAB081E5F4A816D270002
07F1DD15FAA4081E624A806D2A000A
07F1F015FA9A081E634A816D170006
07F20115FA96081E614A806D100002
07F21015FA93081E624A806D1B0000
07F21C15FA8C081E614A806D0B0007
07F22915FA82081E634A806D0B0003
07F23815FA7B081E634A806D05000B
07F24415FA77081E634A806D0C0006
07F24F15FA74081E634A7F6D100008
07F25A15FA74081E654A7F6D080007
07F26015FA7B081E654A7F6D170001
07F26015FA7E081E674A7E6D100006
07F25D15FA7E081E684A7E6D100002
07F25915FA7E081E674A7E6D270003
07F25A15FA74081E684A7E6D210006
07F25F15FA70081E6A4A7F6D260001
07F26B15FA63081E684A7F6D2A0008
07F27A15FA55081E6A4A7F6D290008
07F28C15FA44081E6B4A7F6D100006
07F2A515FA36081E6C4A7F6D1B000C
07F2BE15FA39081E6D4A806D150003
07F2D015FA3D081E6F4A7F6D0C000B
07F2DD15FA47081E6F4A7F6D160008
07F2DB15FA5F081E6F4A7F6D0C000D
07F2C715FA70081E6F4A7F6D10000B
07F2AB15FA85081E704A7F6D090004
07F28715FA96081E724A7F6D100004
07F26215FAAB081E704A806D090005
07F23C15FABC081E724A806D060006
07F21815FACD081E734A7F6D100005
07F1F415FAD7081E754A7E6D0E0004
07F1D315FAD1081E734A7E6D0A0007
07F1C315FAB9081E744A7D6D02000A
07F1CD15FA96081E744A7D6D0C0003
07F1EC15FA66081E744A7D6D130008
07F22615FA1E081E764A7C6D180008
07F27E15F9CA081E764A7B6D0D0003
07F2F315F980081E744A7B6D140004
07F37415F95A081E754A7C6D150008
07F3E815F946081E734A7C6D150008
07F44715F942081E754A7B6D140007
07F48115F93F081E734A7B6D140002
07F4A015F949081E744A7B6D0F0005
07F4AA15F949081E724A7B6CFC0001
07F4A415F94C081E714A7B6CFE0006
07F49915F950081E734A7B6D010005
07F48B15F950081E724A7B6CF2000A
07F48315F94C081E704A7B6CED0008
07F47E15F949081E6F4A7B6CE60005
07F47F15F934081E714A7B6CE90008
07F48B15F919081E714A7B6CE40003
07F4A915F8F0081E704A7B6CE30006
07F4D915F8D1081E714A7B6CE5000D
07F51315F8BC081E714A7B6CE2000C
07F54E15F8AB081E704A7A6CDC0006
07F57C15F8AF081E6F4A7A6CDC0008
07F59515F8C0081E714A7B6CCF0006
07F59A15F8D4081E704A7B6CD60008
07F58615F8E9081E6F4A7B6CCA0004
07F56515F8FA081E6F4A7B6CD20004
07F53C15F90B081E6F4A7A6CC90008
07F51915F920081E6E4A7A6CC40003
07F4F715F942081E6D4A7A6CD00002
07F4CD15F957081E6F4A796CC60008
07F4A015F968081E6D4A796CCF0002
07F47815F96F081E6E4A796CC70007
07F45615F972081E6D4A796CCB000A
07F44415F96F081E6D4A796CCF0006
07F43915F96F081E6B4A796CCB0005
07F43615F96B081E6D4A786CCD0008
07F43A15F976081E6D4A786CC5000A
07F43915F98A081E6B4A786CC30007
07F42B15F99B081E6A4A786CC90008
07F41615F9A5081E6A4A786CBE0006
07F3FA15F9B0081E694A776CCC0005
07F3E315F9BA081E694A776CC4000A
07F3D115F9CC081E684A776CCE0004
07F3BC15F9F1081E694A776CD40003
07F39B15FA10081E674A766CD40008
07F36C15FA28081E684A766CD50006
07F33415FA39081E694A776CD60008
07F30015FA51081E664A766CDC000D
07F2D715FA5C081E684A766CE50006
07F2B315FA63081E674A766CEE0006
07F29815FA66081E684A766CF70007
07F28915FA6A081E684A766CF70004
07F28015FA70081E684A766CF80006
07F27A15FA7B081E674A766CFA0008
07F27415FA8C081E684A756CEF0003
07F26615FA9A081E694A756CED000A
07F25115FAAB081E684A756CF80001
07F23A15FAB2081E694A756CF40008
07F22615FAB5081E694A756CF10006
07F21515FAAE081E694A756CF80005
07F21115FAA7081E6B4A756CFD0005
07F21A15FA9D081E6B4A756CFF0008
07F22715FA93081E6A4A756D030006
07F23615FA88081E6A4A756D0C0006
07F24A15FA82081E684A746D0B000A
07F25E15FA7B081E6B4A756D020006
07F27115FA7E081E6B4A746CFD000A
07F27E15FA82081E6C4A746CFA000A
07F28015FA88081E6E4A736CF10007
07F27B15FA8F081E6C4A736CF20004
07F27015FA93081E6F4A736CF10005
07F26615FA93081E6F4A736CF00007
07F25D15FA93081E6D4A726CEF0009
07F25A15FA8F081E6E4A726CED000A
07F25815FA85081E704A726CED0004
07F25C15FA85081E6F4A716CF8000B
07F26415FA88081E6E4A716CF30009
07F26B15FA9A081E714A716CEC0005
07F26315FAA7081E714A716CEB0008
07F25115FAB2081E714A706CE90003
07F23A15FAAE081E6F4A716CE20006
07F22B15FAA7081E6E4A716CDE0006
07F22815FA9A081E6E4A726CE30003
07F23015FA96081E6C4A726CF40006
07F23C15FA9D081E6A4A716CFA0009
07F24315FAA7081E6B4A716CFA0001
07F23E15FAB5081E684A716CF8000A
07F23015FACA081E684A726D120009
07F21A15FAEC081E664A716D1B0003
07F1F415FB01081E644A716D0B0008
07F1C415FB0E081E5F4A716D0E000A
07F19B15FB1C081E614A716D150007
07F17C15FB31081E5F4A726D0B0007
07F15915FB45081E5B4A726D0E0000
07F13415FB5D081E5B4A726D080008
07F10D15FB72081E5B4A726D120005
07F0E215FB87081E584A716D12000A
07F0BB15FB94081E574A716D0E0003
07F08F15FBA2081E584A716D160006
07F06E15FBAC081E574A716D14000B
07F05515FBBA081E564A716D30000A
07F04015FBC1081E554A716D2E0006
07F02D15FBC8081E554A716D3C0005
07F01C15FBCF081E544A716D410007
07F00F15FBD6081E534A716D44000A
07F00815FBD6081E544A716D47000B
07F00215FBD2081E564A726D4E0003
07EFFF15FBCF081E534A716D50000B
07EFFF15FBC8081E574A716D520009
07F00D15FBC1081E574A716D510002
07F01A15FBBA081E564A716D510000
07F02915FBB7081E574A706D480006
07F03615FBB7081E564A706D4E000D
07F04115FBBA081E584A706D50000D
07F04815FBBA081E584A6F6D550001
07F04D15FBBE081E5A4A6E6D4D0002
07F05115FBC5081E5C4A6F6D400004
07F05515FBC8081E5B4A6F6D3E0000
07F05515FBD2081E5E4A6F6D440005
07F04D15FBEE081E604A6E6D440009
07F03815FC17081E5F4A6E6D4C0006
07F00E15FC33081E624A6D6D48000A
07EFD515FC40081E634A6D6D4A000A
07EFA215FC36081E634A6D6D400005
07EF8315FC2C081E654A6C6D3C0007
07EF7E15FC2F081E664A6C6D470008
07EF8515FC36081E694A6C6D3C0001
07EF8715FC3D081E6A4A6C6D4A0003
07EF8115FC44081E6D4A6B6D43000B
07EF7615FC47081E6F4A6C6D4F0004
07EF6C15FC4B081E6F4A6B6D44000C
07EF6115FC4E081E714A6C6D3B0006
07EF5C15FBC5081E714A6B6D390009
07EF5815FC3D081E734A6B6D340008
07EF5D15FC1A081E754A6B6D3D0006
07EF7715FBF1081E774A6C6D270006
07EFA515FBCF081E7A4A6C6D2E0008
07EFE115FBAC081E7B4A6D6D2D0003
07F01F15FB9F081E7C4A6C6D330006
07F05715FB98081E7E4A6D6D260009
07F08015FB8E081E804A6C6D180008
07F09C15FB79081E814A6C6D120004
07F0B815FB53081E834A6C6D210002
07F0E215FB2A081E834A6C6D350003
07F11315FAFA081E844A6C6D2D000A
07F15915FACA081E864A6C6D3A0004
07F1A915FA9A081E864A6D6D390006
07F1FE15FA6A081E874A6D6D370008
07F25315FA3D081E884A6C6D430008
07F2A515FA1B081E884A6C6D3F0003
07F2F315F9FC081E8A4A6C6D3A0008
07F33815F9E4081E8A4A6B6D2F0006
07F37315F9C5081E894A6B6D390001
07F3AC15F99F081E8D4A6A6D2D000C
07F3E715F979081E8E4A6B6D2C000A
07F42615F95E081E8F4A6B6D160008
07F46115F946081E8D4A6A6D270002
07F49615F92E081E8D4A6A6D27000A
07F4CA15F91C081E8E4A6A6D16000D
07F4F115F91C081E8D4A6A6D070009
07F50815F920081E8C4A6A6CFD0008
07F50B15F923081E8C4A6A6CE9000B
07F50715F920081E8C4A696CE30003
07F4FE15F920081E8B4A696CE5000A
07F4FA15F919081E894A696CDC0009
07F4F815F916081E874A696CD20006
07F4F715F919081E844A696CC0000A
07F4F615F920081E854A696CCF0005
07F4F415F923081E854A696CCB0005
07F4EC15F92E081E814A696CC80003
07F4E115F934081E814A686CC00009
07F4D415F942081E804A686CC00008
07F4C415F949081E7F4A686CC80006
07F4B515F953081E7E4A686CC60003
07F4A515F95E081E7C4A676CC70001
07F49415F96B081E7C4A676CCA0009
07F48315F976081E7B4A676CC8000D
07F46E15F980081E794A666CD60001
07F45B15F98A081E7A4A666CE6000A
07F44715F998081E774A676CE30008
07F43715F99F081E764A666CE5000B
07F42C15F9A6081E764A666CD90007
07F42315F9A6081E754A666CE20009
07F41F15F9A6081E744A666CDC0003
07F42115F99F081E714A666CDF0006
07F42615F98E081E714A666CE0000B
07F43415F979081E704A676CE40000
07F44815F96B081E6D4A666CE30006
07F45D15F968081E6E4A676CDC000D
07F47315F965081E6C4A666CE40006
07F47F15F95A081E6B4A666CD6000A
07F48C15F950081E6A4A666CCE0000
07F49715F950081E6C4A666CD00006
07F4A215F95E081E6B4A666CCE0007
07F4A015F96B081E6B4A666CC40009
07F48D15F97D081E664A666CB60001
07F47115F998081E684A666CC30005
07F44C15F9B0081E684A666CBE0002
07F41B15F9C1081E674A666CB80008
07F3F215F9CF081E674A666CBB0007
07F3D015F9E0081E674A656CC30002
07F3B015F9EA081E674A656CBB0007
07F39215F9F1081E674A656CC00000
07F37C15F9E4081E684A656CC90008
07F37015F9E0081E674A656CC50006
07F37715F9EA081E684A656CD50005
07F37315FA21081E674A656CDC0008
07F35715FA4E081E684A646CE50002
07F32015FA63081E674A646CE20004
07F2E315FA69081E694A646CEE0000
07F2B115FA6D081E674A646CE90009
07F29615FA6D081E694A646CF3000D
07F28715FA7E081E674A636CFD000C
07F27A15FA9A081E684A646CFF0005
07F26215FAB2081E684A646CF80008
07F24115FAC3081E684A636D070008
07F21915FACD081E6A4A646D190007
07F1FA15FAD4081E6A4A646D160007
07F1E115FAD4081E6B4A646D190006
07F1D015FAD4081E6D4A646D14000A
07F1C815FAD4081E6F4A636D0E000A
07F1C615FAD1081E6D4A636D0C000A
07F1C715FAD1081E6E4A636D05000C
07F1CB15FAD1081E6F4A646D070004
07F1CE15FAD1081E704A636D0C0004
07F1D115FACA081E704A636D0C0008
07F1D215FAD4081E714A636D0B0006
07F1D315FAD1081E724A636D100006
07F1D315FAD1081E734A636D0E0005
07F1D215FAE5081E724A636D07000D
07F1C815FB0E081E724A626D060006
07F1A915FB49081E734A636D0E0008
07F16615FB72081E734A626D100008
07F11215FB83081E744A626D080009
07F0CD15FB80081E744A626D080006
07F0A215FB7C081E754A626D090008
07F09315FB83081E754A616D070003
07F09115FB9B081E774A616D050005
07F08315FBBA081E764A616CFC000E
07F06415FBD2081E784A606CFA0006
07F03615FBD6081E784A616CFE0000
07F01015FBD6081E7A4A616CF20007
07EFFB15FBE3081E7A4A606D000008
07EFF115FBF1081E7A4A606D090009
07EFE015FBF5081E794A5F6D040001
07EFCE15FBE3081E7A4A5F6D09000D
07EFCD15FBBA081E7A4A5F6D170003
07EFE615FB8A081E794A5E6D160003
07F01A15FB5D081E7B4A5E6D10000A
07F06115FB2A081E794A5E6D19000A
07F0BD15FAF6081E7C4A5E6D1E0009
07F11815FAD1081E7B4A5D6D18000B
07F17015FABF081E7D4A5E6D1A0004
07F1B515FABF081E7B4A5E6D210001
07F1DF15FAB9081E7A4A5E6D2B0007
07F1F515FAAE081E7A4A5D6D200008
07F20315FAA4081E7B4A5D6D21000C
07F21415FA9D081E7B4A5D6D210008
07F22215FA9D081E794A5D6D1E000A
07F22D15FA9D081E794A5D6D19000B
07F22F15FA9A081E794A5D6D270001
07F23115FA88081E794A5C6D240009
07F23915FA6C081E7A4A5D6D300007
07F25615FA44081E794A5C6D230007
07F28215FA1E081E7A4A5C6D2C0008
07F2B915F9E4081E794A5C6D2D000A
07F30115F99F081E7B4A5C6D250001
07F36215F94C081E7A4A5C6D2A0008
07F3D715F8FA081E794A5C6D2E000B
07F46315F8C0081E7A4A5B6D10000A
07F4FD15F889081E784A5B6D1C0008
07F57515F829081E774A5B6D090007
07F5FB15F7AD081E764A5B6D0A000C
07F69815F724081E754A5B6D0C0009
07F75915F6B3081E754A5B6D050004
07F83D15F667081E744A5A6CFD0009
07F90F15F645081E744A5A6CF80008
07F9A115F641081E734A5A6CE60006
07F9EC15F634081E714A5A6CDF0007
07FA1315F611081E714A5A6CD9000C
07FA2F15F618081E6E4A5A6CCA0004
07FA4A15F648081E6C4A596CC2000C
07FA3E15F686081E684A596CB10009
07FA0415F6BA081E684A5A6CAD0004
07F9A915F6EA081E654A596CA50006
07F94715F71D081E644A596C8E000C
07F8E715F73F081E644A596C860008
07F89015F75B081E654A596C7E0006
07F84515F76F081E614A596C710007
07F80915F784081E614A596C600003
07F7D615F79C081E634A596C6C0003
07F7A515F7B4081E614A596C630008
07F77A15F7BE081E614A596C78000A
07F75215F7CC081E5E4A596C750004
07F73215F7CC081E624A596C7E0007
07F71F15F7C5081E5D4A586C770008
07F71715F7CF081E5E4A586C86000A
07F71715F7DA081E5E4A586C810000
07F70F15F7E7081E5F4A586C8C0006
07F6FF15F7F9081E5E4A586C880008
07F6EB15F80D081E5D4A576C980006
07F6CE15F822081E5E4A576CA3000A
07F6AD15F836081E5D4A586CA50009
07F68915F848081E5C4A576CAC0009
07F66515F86D081E5B4A576CB4000A
07F63815F897081E5C4A576CB4000B
07F5FD15F8C3081E5D4A576CBA0009
07F5BA15F8E5081E5C4A566CC20003
07F56D15F901081E5C4A566CB80004
07F52A15F908081E5C4A566CBE0005
07F4FA15F904081E5B4A566CC20008
07F4E415F916081E5B4A566CBF0008
07F4D615F934081E5D4A566CBD0002
07F4BC15F95A081E5E4A566CAF0001
07F48A15F976081E5E4A566CB60003
07F45415F980081E604A566CB9000A
07F42515F987081E614A566CBA0008
07F40715F98A081E5E4A566CB80008
07F3F915F991081E604A566CBA0001
07F3F015F9A6081E614A566CB40008
07F3DE15F9C1081E604A566CB60009
07F3C515F9E0081E644A556CC10001
07F39D15F9FF081E624A556CC20006
07F36D15FA09081E634A566CC90008
07F33C15FA0D081E654A556CC5000C
07F31D15FA0D081E634A556CD30000
07F30B15FA0D081E654A556CD10001
07F30715FA10081E654A556CD20008
07F30415FA14081E654A556CD20005
07F2FF15FA28081E684A546CC50006
07F2F215FA44081E664A556CC70006
07F2D615FA5A081E684A556CC50006
07F2A915FA55081E674A556CCF000C
07F28C15FA40081E694A546CD20003
07F28E15FA40081E694A546CD80008
07F29C15FA5F081E694A546CE00007
07F29915FA93081E6A4A536CE20007
07F27515FAC3081E6B4A546CE9000A
07F23115FAE2081E694A536CEA0008
07F1E415FAF6081E6C4A536CF30006
07F1A215FAFA081E6C4A536CF10005
07F17A15FAFD081E6C4A536CFF0009
07F16015FB08081E6E4A536CF40003
07F14F15FB12081E6E4A536CFC0003
07F14315FB12081E6E4A536CFE000A
07F13715FAEF081E6D4A526D030004
07F14215FAB2081E714A526D070007
07F17315FA6A081E704A526D050008
07F1DA15FA40081E724A526D07000A
07F24C15FA2F081E714A526D070007
07F29C15FA3D081E734A526D000006
07F2C215FA58081E714A526CFE0008
07F2C615FA6D081E744A526D090006
07F2AA15FA7B081E724A516D120003
07F28615FA7E081E724A516D150007
07F26715FA55081E734A516D1B0005
07F26615FA0D081E724A516D180009
07F29C15F9D2081E724A526D1E0003
07F2F915F991081E724A516D130007
07F36815F93B081E704A516D0E000B
07F3DE15F8BC081E6F4A516D0C0001
07F47F15F830081E6F4A516D120003
07F54515F7B7081E704A516D170001
07F61E15F765081E6F4A516D160000
07F6FE15F70F081E6C4A516D0D0008
07F7C015F694081E6E4A516D03000E
07F86615F63B081E6F4A506CF40005
07F91715F60B081E6E4A516CF6000E
07F9BF15F5F6081E6E4A516CEE0008
07FA3815F5DB081E6D4A516CE20012
07FA8215F5B8081E6C4A516CDC0008
07FABB15F58A081E6A4A516CC7000A
07FAF315F555081E6B4A506CBE0006
07FB3615F525081E6C4A506CB00008
07FB7F15F4F1081E694A506CB50007
07FBD915F4CF081E684A506CA0000B
07FC3015F4C5081E694A4F6C9A0003
07FC7015F4D3081E684A4F6C80000A
07FC8915F4DD081E684A4F6C7A0003
07FC8215F4E7081E6A4A506C7C0005
07FC7215F4E4081E694A4F6C6D0007
07FC6615F4CC081E674A506C780006
07FC6615F4BE081E6A4A506C5F0008
07FC7615F4C5081E674A4F6C600008
07FC7F15F4DD081E684A4F6C520006
07FC7515F4F5081E684A4F6C600008
07FC5915F4F8081E694A4F6C4D0003
07FC3C15F4F1081E684A4E6C3E0005
07FC2C15F4EE081E6B4A4F6C370006
07FC2815F4E7081E684A4F6C360001
07FC2C15F4EB081E684A4E6C2E0008
07FC2E15F4F1081E6A4A4F6C340008
07FC2E15F503081E6A4A4F6C3C0003
07FC2315F51B081E694A4F6C360003
07FC0A15F534081E6A4A4E6C3C0006
07FBE915F547081E694A4D6C4D0008
07FBBC15F558081E694A4D6C460007
07FB9615F558081E6C4A4C6C470005
07FB7B15F551081E6B4A4C6C4D000A
07FB6D15F54B081E6D4A4C6C460009
07FB6D15F544081E6C4A4C6C460008
07FB7715F540081E6D4A4C6C3D000F
07FB8215F544081E6D4A4C6C410006
07FB8715F54E081E6E4A4B6C420003
07FB8115F55C081E6D4A4B6C42000A
07FB7515F56D081E704A4B6C400009
07FB6015F577081E6F4A4B6C310008
07FB4815F581081E6F4A4A6C320000
07FB3115F58C081E714A4A6C2F0003
07FB1A15F59D081E724A4A6C2E0007
07FB0715F5BC081E724A4A6C3B0008
07FAE815F5DE081E734A4A6C400008
07FABB15F604081E724A4A6C4C000E
07FA8415F629081E754A4A6C370004
07FA4515F656081E734A496C480009
07FA0215F697081E754A496C470009
07F9AD15F6CB081E754A4A6C480006
07F94A15F708081E754A4A6C460009
07F8EE15F73F081E754A4A6C4D0006
07F88A15F76A081E754A4A6C5C0005
07F82515F799081E764A4A6C610006
07F7BF15F7C9081E794A4A6C6A000A
07F75B15F7EB081E744A4A6C620008
07F70315F80A081E774A4A6C740006
07F6C115F830081E774A496C700006
07F68715F874081E774A496C7C0007
07F63615F8D8081E794A496C770008
07F5BE15F93B081E774A496C7A0004
07F52815F998081E794A496C830009
07F48915F9EA081E774A496C860007
07F3E315FA21081E774A496C9C0002
07F34815FA4E081E774A496C9E000D
07F2C815FA66081E774A496CB30009
07F27015FA7B081E774A486CB80001
07F23115FA85081E754A486CC70006
07F20C15FA8C081E754A486CCB0006
07F1FB15FA8C081E744A486CCB0005
07F1F715FA8F081E734A486CCF0006
07F1F615FA93081E764A486CD40009
07F1F415FA96081E754A486CDE0008
07F1F215FA96081E754A486CE10010
07F1F115FA96081E754A486CEA0003
07F1F315FA96081E734A476CF2000B
07F1F315FA96081E744A476CF90003
07F1F615FA9A081E724A476CF70005
07F1F515FA9D081E724A476D000004
07F1F215FA93081E724A476D040007
07F1F515FA88081E6E4A476D000006
07F1FF15FA6A081E6C4A476D040003
07F21D15FA40081E6E4A476D050008
07F24F15FA21081E6E4A476D070005
07F28D15F9FF081E694A476D090009
07F2CC15F9F1081E684A476D15000A
07F30515F9FC081E674A476D0B0006
07F32115FA1B081E644A476D110008
07F31B15FA36081E624A476D1A0001
07F30015FA51081E634A476D150007
07F2D615FA63081E5F4A476D180008
07F2A915FA70081E5F4A476D250008
07F27E15FA82081E5D4A476D1C0004
07F25715FAA4081E5C4A476D110006
07F22A15FACD081E5B4A466D0F000A
07F1F815FAF6081E5B4A466D0C0009
07F1BB15FB21081E594A466D010004
07F16E15FB3F081E5A4A456D070006
07F11C15FB57081E5A4A456D04000E
07F0D915FB68081E594A456D140003
07F0A715FB72081E574A456D060009
07F08215FB83081E594A456D1C0008
07F06315FB98081E564A456D27000C
07F04815FBAC081E564A456D2E0003
07F02915FBBE081E574A446D320005
07F00A15FBD2081E564A446D3E0007
07EFEC15FBE7081E564A446D240003
07EFCF15FBF8081E544A436D250006
07EFB215FC06081E554A436D26000C
07EF9615FC14081E554A436D250005
07EF7C15FC17081E554A436D260000
07EF6815FC21081E554A436D30000E
07EF5715FC28081E574A426D3B0009
07EF4A15FC2C081E564A426D410003
07EF3F15FC2F081E544A426D3C0004
07EF3815FC33081E574A426D450008
07EF3515FC2F081E554A436D3A0007
07EF3415FC2F081E574A426D3D0007
07EF3615FC33081E584A426D3A0003
07EF3515FC36081E574A426D3B0009
07EF3315FC40081E594A426D3C000A
07EF3215FC44081E5B4A426D3F0002
07EF2B15FC4E081E5C4A436D330007
07EF2215FC58081E5F4A436D310007
07EF1915FC5C081E5E4A436D340005
07EF1215FC5F081E604A436D36000A
07EF0915FC5F081E614A436D2B0006
07EF0615FC5C081E614A436D250009
07EF0615FC58081E624A426D2D0003
07EF0B15FC55081E654A436D390002
07EF1715FC51081E664A436D420008
07EF2115FC4B081E664A426D470009
07EF2C15FC47081E684A416D4C0008
07EF3615FC44081E674A416D540008
07EF3F15FC44081E6A4A416D470006
07EF4315FC44081E694A416D530007
07EF4515FC40081E6B4A406D4D000D
07EF4315FC40081E6B4A416D5B0002
07EF4015FC39081E6C4A406D4C0006
07EF4115FC39081E704A406D550000
07EF4215FC33081E6E4A406D520009
07EF4615FC28081E6F4A406D560004
07EF5015FC1A081E6F4A3F6D4C0007
07EF5D15FC09081E6F4A3F6D420008
07EF6E15FBEA081E6F4A3F6D3D000D
07EF9115FBCF081E6F4A3F6D3C000B
07EFBF15FBAC081E6F4A3F6D30000C
07EFF315FB8E081E6F4A3F6D2A0008
07F02B15FB7C081E704A3F6D330001
07F06115FB7C081E714A3F6D2C0008
07F08415FB9F081E704A3F6D36000B
07F08615FBBA081E6F4A3F6D300006
07F06C15FBDD081E704A3F6D2C0004
07F03E15FBF8081E6F4A3E6D300005
07F00715FC10081E6E4A3E6D2C0008
07EFD115FC1E081E6D4A3E6D300005
07EFA015FC2C081E6D4A3E6D42000D
07EF7D15FC33081E6E4A3E6D3B0008
07EF6115FC40081E6F4A3E6D3B000A
07EF4C15FC44081E6C4A3F6D3B0006
07EF3E15FC4B081E6D4A3F6D400001
07EF2F15FC51081E6D4A3F6D3D0006
07EF2115FC4D081E6C4A3F6D4E000A
07EF1A15FC51081E6D4A3F6D510004
07EF1415FC51081E6C4A3F6D520003
07EF1415FC51081E6C4A3F6D590005
07EF1415FC51081E6E4A3F6D4C000B
07EF1515FC51081E6E4A3F6D5D0004
07EF1215FC55081E6D4A3F6D610003
07EF1115FC58081E6E4A3F6D660005
07EF1015FC58081E6D4A3E6D6C000C
07EF0D15FC58081E6C4A3E6D64000A
07EF0B15FC5C081E6D4A3E6D6A0006
07EF0915FC5C081E6E4A3F6D660006
07EF0715FC58081E6C4A3F6D680001
07EF0815FC58081E6C4A3F6D630010
07EF0C15FC4E081E6E4A3F6D650008
07EF1315FC4B081E6C4A3E6D620006
07EF1F15FC40081E6E4A3E6D60000B
07EF2A15FC3D081E6D4A3E6D700004
07EF3415FC39081E6B4A3D6D68000C
07EF3F15FC36081E6D4A3E6D6A0006
07EF4615FC39081E6B4A3E6D6C0001
07EF4C15FC39081E6C4A3E6D6B000E
07EF4A15FC36081E6E4A3D6D6C0006
07EF4B15FC36081E6D4A3D6D5B0002
07EF4B15FC2F081E6E4A3D6D650004
07EF5015FC2F081E6E4A3D6D6A0006
07EF5615FC28081E6D4A3D6D640006
07EF5C15FC25081E6E4A3C6D6E0002
07EF6115FC25081E704A3C6D64000A
07EF6A15FC1E081E6E4A3C6D540006
07EF7115FC1E081E714A3C6D560001
07EF7715FC1E081E6E4A3D6D470009
07EF7C15FC1E081E704A3D6D43000A
07EF7F15FC17081E714A3D6D370003
07EF8315FC17081E704A3D6D2F000C
07EF8815FC10081E724A3D6D2A0003
07EF8B15FC06081E744A3D6D25000B
07EF9615FBF5081E6F4A3D6D250009
07EFAA15FBDD081E704A3C6D320006
07EFC915FBBE081E704A3D6D370006
07EFEF15FBA9081E714A3C6D360006
07F01B15FB9F081E734A3C6D41000A
07F04315FB94081E724A3C6D480003
07F05E15FB8E081E734A3C6D41000B
07F07415FB83081E734A3C6D520004
07F08315FB79081E734A3C6D460003
07F09415FB72081E744A3B6D430003
07F0A315FB68081E744A3B6D4D0007
07F0B615FB5A081E764A3B6D570001
07F0C915FB53081E744A3B6D450007
07F0D815FB50081E754A3B6D520008
07F0E515FB4C081E774A3B6D4D0005
07F0F115FB49081E774A3B6D430008
07F0F915FB49081E784A3B6D360004
07F10015FB49081E774A3B6D330006
07F10415FB4C081E774A3A6D390008
07F10215FB50081E774A3A6D270003
07F0FD15FB5A081E774A3A6D270006
07F0F315FB64081E784A3A6D27000A
07F0E315FB6F081E794A3A6D300004
07F0D515FB72081E794A3A6D2E000B
07F0C715FB72081E774A3A6D2E0001
07F0BB15FB75081E764A3A6D300001
07F0B415FB72081E774A3A6D34000C
07F0B215FB74081E784A396D3D0006
07F0B315FB6F081E784A3A6D350006
07F0B515FB72081E774A3A6D3A0009
07F0B515FB72081E774A396D46000C
07F0B515FB72081E774A396D440008
07F0B515FB72081E784A396D48000A
07F0B615FB72081E784A396D3C0006
07F0B715FB75081E784A396D3B0003
07F0B415FB80081E774A396D33000D
07F0AE15FB80081E784A396D390008
07F0A815FB87081E774A396D300002
07F0A015FB8E081E754A396D390007
07F09515FB94081E764A396D32000B
07F08815FB9B081E774A396D390008
07F07815FBA6081E754A396D400001
07F06715FBB3081E754A396D410000
07F05215FBBE081E764A396D2A0006
07F03D15FBCB081E764A386D320003
07F02615FBD6081E754A386D350008
07F00F15FBE0081E744A386D2A0003
07EFF815FBEE081E784A386D3A0008
07EFDF15FBF5081E744A386D320009
07EFCD15FC02081E734A386D3B0004
07EFBE15FC09081E724A386D3E0008
07EFAC15FC14081E744A386D3F000B
07EF9A15FC1A081E724A386D520007
07EF8A15FC25081E724A376D460008
07EF7815FC2C081E714A376D510008
07EF6C15FC2F081E724A376D4C0004
07EF5F15FC36081E704A376D51000A
07EF5815FC3D081E704A386D450005
07EF4D15FC47081E714A386D430007
07EF3F15FC4E081E714A376D390009
07EF3015FC55081E704A386D3B0006
07EF2215FC58081E6F4A376D3B000D
07EF1815FC5F081E6F4A386D3D0007
07EF0D15FC63081E6D4A376D4C0003
07EF0515FC66081E6D4A376D4A0008
07EF0015FC63081E6E4A376D510008
07EEFB15FC63081E6C4A376D5D0006
07EEFB15FC5F081E6D4A376D6E0007
07EEFE15FC58081E6D4A376D670001
07EF0515FC55081E6A4A376D760006
07EF0F15FC4B081E694A386D5F000B
07EF1E15FC40081E6A4A376D61000A
07EF2B15FC39081E6A4A376D58000C
07EF3D15FC33081E694A366D510003
07EF4A15FC36081E6A4A366D4B0007
07EF5215FC3D081E6A4A366D520000
07EF5115FC4B081E6B4A356D5B0008
07EF4715FC58081E694A356D5F000C
07EF3815FC63081E6A4A356D5F0008
07EF2015FC70081E694A356D540003
07EF0C15FC7B081E6B4A346D56000A
07EEF515FC85081E694A346D57000A
07EEE115FC8F081E694A346D5B000A
07EECE15FC96081E6A4A346D590008
07EEBD15FC9A081E694A346D5D0008
07EEAF15FCA1081E6B4A336D610001
07EEA415FC9D081E6A4A336D640005
07EE9F15FC9D081E6A4A336D6E0000
07EE9C15FC9A081E6B4A326D610004
07EEA215FC9A081E6B4A336D6A0009
07EEA915FC9A081E6C4A336D680009
07EEB115FC9A081E6D4A326D6E0008
07EEB315FC9D081E6D4A336D680006
07EEB515FC9A081E6C4A336D6C0008
07EEB715FC93081E6D4A336D5F0009
07EEBC15FC88081E6E4A326D6C0006
07EEC615FC7C081E6E4A326D60000B
07EED815FC70081E714A326D590001
07EEEE15FC6A081E6F4A326D600006
07EF0215FC5F081E724A326D650009
07EF1215FC5C081E724A326D590008
07EF1E15FC55081E724A326D640002
07EF2715FC4E081E734A326D61000C
07EF3215FC44081E744A316D630008
07EF4015FC39081E754A326D6C0009
07EF4F15FC2F081E744A316D660003
07EF5E15FC21081E754A316D680003
07EF7315FC14081E764A316D64000D
07EF8915FC10081E784A316D550007
07EF9D15FC0D081E794A306D520003
07EFAC15FC0D081E7A4A316D47000A
07EFB415FC10081E784A316D3A0003
07EFB715FC14081E794A316D39000C
07EFB215FC1E081E784A316D330008
07EFA515FC25081E7B4A316D1F0006
07EF9A15FC28081E794A306D280007
07EF8F15FC25081E7A4A306D260005
07EF8715FC21081E7A4A306D270006
07EF8515FC1E081E7B4A306D360001
07EF8915FC1A081E7B4A306D360007
07EF8C15FC1A081E7A4A2F6D3D000C
07EF9215FC14081E7C4A2F6D3C000C
07EF9915FC14081E7D4A2F6D3D0007
07EF9E15FC0D081E7A4A2F6D420007
07EFA315FC09081E7D4A2F6D3D000A
07EFAB15FC06081E7D4A2F6D460006
07EFB215FBFC081E7D4A2F6D49000A
07EFBC15FBF1081E7C4A2E6D430006
07EFC915FBDD081E7C4A2E6D440008
07EFDD15FBBA081E7C4A2D6D3A0006
07F00115FB91081E7F4A2D6D330007
07F03B15FB6B081E7C4A2D6D270006
07F08515FB50081E7D4A2D6D260008
07F0CA15FB3F081E7E4A2D6D2E0002
07F0FE15FB34081E7E4A2D6D2D0003
07F12115FB31081E7E4A2D6D320000
07F13615FB38081E7F4A2D6D300003
07F13E15FB45081E7E4A2C6D2E0008
07F13515FB5D081E7D4A2C6D390008
07F11C15FB75081E7D4A2B6D2C000B
07F0F815FB91081E7D4A2B6D350008
07F0CD15FBAC081E7E4A2B6D3A0007
07F09C15FBC5081E7E4A2B6D390009
07F06B15FBD9081E7C4A2B6D440002
07F03D15FBEA081E7F4A2C6D3E0008
07F01415FBF8081E7C4A2C6D460006
07EFF315FBFF081E7D4A2C6D400006
07EFD515FC09081E7D4A2C6D3B0008
07EFBF15FC09081E7A4A2C6D380006
07EFB315FC0D081E7B4A2C6D470006
07EFAC15FC02081E7B4A2B6D36000A
07EFAA15FC02081E7D4A2C6D370007
07EFAE15FBF8081E7C4A2B6D4C0006
07EFB715FBF5081E7A4A2C6D410009
07EFC415FBF8081E7A4A2B6D4A0004
07EFCF15FBFF081E784A2C6D4C0005
07EFCE15FC06081E7A4A2C6D4A0010
07EFC415FC09081E7A4A2C6D4A0001
07EFBB15FBFF081E784A2B6D4E0004
07EFBA15FBF5081E794A2B6D550009
07EFC015FBEE081E794A2B6D610003
07EFCB15FBF1081E784A2B6D5E0005
07EFD615FBF5081E774A2B6D63000C
07EFD415FBF6081E774A2B6D5D0009
07EFD115FBF8081E774A2B6D670005
07EFCF15FBF8081E774A2B6D630006
07EFD015FBF1081E764A2B6D570000
07EFD215FBEA081E764A2B6D5B0008
07EFD915FBE3081E754A2A6D57000B
07EFE615FBE3081E754A2A6D4A0003
07EFF015FBE7081E754A2A6D4B0003
07EFF315FBEE081E764A2A6D4A0006
07EFEF15FBF8081E724A296D42000A
07EFE315FC06081E734A2A6D470008
07EFCF15FC17081E734A2A6D4B000C
07EFB515FC21081E724A2A6D570008
07EF9D15FC28081E714A2A6D500009
07EF8915FC2F081E724A2A6D5E0006
07EF7915FC33081E714A2A6D630007
07EF6C15FC2F081E724A2A6D6D0004
07EF6615FC28081E704A2A6D58000C
07EF6715FC21081E704A2A6D630006
07EF7015FC1A081E744A2A6D50000B
07EF7E15FC1A081E734A2A6D510003
07EF8915FC21081E724A2B6D570008
07EF8915FC2C081E714A2B6D520003
07EF8115FC2C081E714A2A6D4E0000
07EF7815FC36081E724A2B6D530008
07EF6F15FC39081E724A2B6D4F000B
07EF6515FC40081E724A2B6D500006
07EF5C15FC40081E744A2B6D5C0008
07EF5315FC40081E714A2B6D610006
07EF4D15FC3D081E744A2B6D610008
07EF5115FC33081E744A2B6D730007
07EF5615FC2C081E744A2B6D6B0006
07EF5F15FC2C081E754A2B6D640003
07EF6915FC2C081E754A2A6D5F000D
07EF7015FC2F081E744A2A6D590004
07EF7215FC36081E734A2B6D620003
07EF7015FC3D081E744A2A6D650000
07EF6815FC4B081E734A2A6D620009
07EF5815FC55081E744A2A6D6A000A
07EF4415FC63081E764A2A6D70000B
07EF2E15FC6A081E744A296D6B0006
07EF1B15FC70081E754A296D660008
07EF0B15FC7B081E764A296D66000A
07EEFD15FC82081E754A296D5F0008
07EEF015FC88081E794A296D4E0003
07EEE115FC8F081E784A286D550008
07EED015FC9A081E784A286D490004
07EEC015FCA4081E774A286D500003
07EEAF15FCAB081E784A276D4E000C
07EEA115FCB5081E794A276D550003
07EE9215FCB9081E774A276D570003
07EE8715FCBC081E774A276D64000A
07EE7C15FCC6081E784A276D630007
07EE7015FCCD081E774A276D630006
07EE6315FCD8081E774A276D540005
07EE5515FCDE081E774A276D520002
07EE4515FCEC081E784A276D4A000A
07EE3415FCF3081E784A276D4C0002
07EE2315FCFD081E784A276D4E0000
07EE1115FD0B081E784A276D4C0008
07EDFF15FD0F081E764A276D4F0005
07EDED15FD15081E784A276D5D0005
07EDE115FD1C081E754A276D55000A
07EDD215FD23081E764A276D5C000A
07EDC615FD23081E784A276D4C0007
07EDBC15FD27081E764A276D4C0004
07EDB815FD23081E774A276D590004
07EDB515FD23081E764A276D59000C
07EDB615FD27081E764A266D5F0004
07EDB415FD27081E764A266D6E0006
07EDB115FD31081E754A266D680008
07EDAA15FD38081E774A256D5F0003
07EDA315FD3C081E754A256D690006
07ED9815FD3B081E754A256D640007
07ED9115FD3F081E764A256D600009
07ED8B15FD42081E734A256D5D000A
07ED8815FD42081E734A246D5E0006
07ED8815FD46081E744A246D530008
07ED8215FD4C081E744A256D440008
07ED7F15FD50081E734A246D480003
07ED7C15FD57081E744A246D44000A
07ED7215FD5A081E734A246D500006
07ED6A15FD5E081E754A246D5B0008
07ED6215FD61081E734A246D530005
07ED5A15FD64081E714A236D640009
07ED5315FD6C081E724A236D6E0006
07ED4C15FD72081E734A246D6C0009
07ED4215FD76081E704A246D740003
07ED3615FD7D081E704A236D800006
07ED2A15FD83081E6F4A236D7D0005
07ED2115FD87081E704A236D7B0009
07ED1715FD8E081E714A236D7D0000
07ED0A15FD91081E6F4A236D810003
07ED0215FD98081E6E4A226D7B0006
07ECF715FD9F081E6E4A226D840004
07ECED15FDA6081E6F4A226D820006
07ECE515FDA9081E6E4A226D880005
07ECDD15FDB0081E6F4A236D850005
07ECD615FDAD081E714A236D840008
07ECD115FDB0081E704A236D950008
07ECCF15FDB0081E714A236D920005
07ECCB15FDB4081E704A226D8C0007
07ECC615FDB7081E6F4A226D930004
07ECC215FDBE081E6F4A226D990005
07ECBB15FDBE081E704A236DA40002
07ECB515FDC1081E6F4A236D900005
07ECAE15FDC5081E6F4A236DA2000A
07ECA515FDC8081E6E4A236D9E0006
07EC9C15FDCC081E6D4A236DA00002
07EC9515FDCF081E704A236D9D0003
07EC8D15FDD6081E714A236D9B0004
07EC8515FDD3081E6F4A246DA10008
07EC7C15FDD6081E6E4A246D880003
07EC7515FDD9081E6E4A246D900006
07EC7315FDD9081E6E4A236D82000A
07EC6C15FDE0081E6D4A246D8A0007
07EC6715FDE0081E6C4A236D8F000B
07EC6515FDE7081E6A4A246D910002
07EC5F15FDE7081E6B4A246DA40001
07EC5A15FDE7081E6A4A246D9A0003
07EC5315FDE7081E6B4A246DA20006
07EC5015FDEB081E684A246D950009
07EC4915FDF1081E684A246D9D0006
07EC4615FDF1081E6A4A236DA20009
07EC3F15FDF5081E694A236DA30006
07EC3915FDFC081E684A236DAA0007
07EC3315FDFF081E684A226DAA0010
07EC2D15FDFF081E684A226D8D000E
07EC2815FE06081E674A216D95000B
07EC2015FE0A081E664A216D960008
07EC1C15FE0D081E644A216D870005
07EC1415FE17081E644A216D8B0005
07EC0D15FE1E081E634A216D8B0009
07EC0015FE22081E624A216D8C0006
07EBF615FE29081E614A216D8C0006
07EBEE15FE2C081E624A206D8A0008
07EBE815FE2C081E614A206D950005
07EBE015FE33081E5F4A206D950000
07EBD815FE36081E604A206D8E0009
07EBD315FE3D081E5D4A206D980006
07EBCA15FE41081E5B4A206D9E0008
07EBC615FE47081E594A206DAF0008
07EBBD15FE47081E584A206DA40008
07EBB415FE4B081E524A1F6DA2000C
07EBAF15FE52081E504A1F6DA20007
07EBA915FE59081E4D4A1F6DA4000C
07EB9F15FE60081E4B4A1F6DA50008
07EB9515FE66081E474A1E6DA80003
07EB8D15FE6A081E434A1E6DA20001
07EB8315FE71081E414A1F6DB80006
07EB7A15FE71081E3E4A1E6DB00008
07EB7215FE71081E394A1E6DB40002
07EB6F15FE71081E354A1E6DAB0006
07EB6B15FE74081E324A1E6DAA000A
07EB6815FE78081E2E4A1E6DAE0006
07EB6615FE7B081E2C4A1E6DB3000C
07EB6015FE82081E264A1E6DA40006
07EB5A15FE82081E234A1E6DAD000A
07EB5215FE89081E1D4A1E6DB7000B
07EB4A15FE8C081E1B4A1E6DBE0006
07EB4115FE93081E174A1E6DB60006
07EB3815FE9A081E124A1F6DBE0004
07EB2D15FEA8081E0D4A1E6DCE000A
07EB2115FEB2081E084A1F6DCA0005
07EB0C15FEC7081E034A1E6DC40006
07EAF315FED5081E004A1F6DC7000A
07EAD415FEE2081DFF4A1F6DCB000C
07EAB615FEED081DF94A1F6DCB0001
07EA9A15FEF3081DF54A1F6DCB0009
07EA8615FEF3081DEF4A1E6DCE0009
07EA7515FEF3081DEE4A1E6DD70001
07EA6E15FEF3081DE74A1E6DDD0009
07EA6D15FEF3081DE64A1D6DDE0008
07EA7015FEF7081DDE4A1D6DD80002
07EA6D15FF01081DDB4A1D6DDA0006
07EA6915FF0F081DD74A1D6DE30003
07EA5C15FF24081DD14A1D6DD00007
07EA4715FF50081DCD4A1D6DDA0006
07EA1815FF8E081DCA4A1C6DD90009
07E9CE15FFD0081DC54A1C6DEF0006
07E96916000A081DC14A1C6DF80007
07E8F716003A081DBB4A1B6DF4000A
07E88F160059081DB74A1B6DF80006
07E83116006E081DB34A1B6DFA000B
07E7E6160083081DAF4A1A6DF5000B
07E7B1160097081DAC4A1A6DFB0005
07E78A1600B3081DA54A1A6DFC0000
07E7641600D2081DA14A1A6DED0009
07E7351600F1081D9A4A1A6DE90006
07E6FD160109081D984A1A6DED0007
07E6C9160124081D934A196DF80002
07E698160143081D8C4A196DF60008
07E668160155081D874A1A6E060008
07E635160169081D834A1A6E0F000B
07E60A160177081D7D4A1A6E2B0003
07E5E216018F081D784A1A6E2B000C
07E5C01601A7081D724A196E230006
07E59B1601CD081D6F4A196E2B0003
07E56B1601F3081D694A1A6E300001
07E531160223081D664A1A6E3F0006
07E4EC16024D081D604A1A6E38000A
07E499160273081D5A4A1A6E3A0008
07E444160292081D564A1A6E3A0007
07E3FE1602B1081D514A1A6E400005
07E3C11602C5081D4C4A1A6E3F0002
07E38A1602D3081D464A1A6E4E0009
07E3631602D6081D414A1A6E560001
07E3441602D6081D3D4A196E58000C
07E3321602DD081D374A196E5C0002
07E3271602E8081D334A196E680009
07E31B1602F2081D304A196E72000A
07E3101602F9081D294A186E7D0007
07E3031602FC081D254A186E860004
07E2FA160303081D1F4A186E8C0007
07E2F016030E081D1C4A186E830008
07E2E3160322081D154A176E850001
07E2D1160330081D104A176E850003
07E2B9160341081D0C4A186E7B0003
07E29D160359081D094A186E760001
07E27C160375081D034A176E810008
07E255160391081D004A186E7F0008
07E2271603A9081CFB4A186E820009
07E1F51603C1081CF84A186E8E000A
07E1CE1603D9081CF24A186E940008
07E1A11603EA081CEE4A186E9F0006
07E1751603FF081CEC4A186EAE0004
07E150160417081CE54A186E990003
07E126160433081CE24A196EAD0005
07E0F7160452081CDF4A186EAE0004
07E0C816046D081CDB4A196EB50006
07E09916047E081CD94A196EBB000B
07E069160493081CD24A1A6EAE000C
07E03E16049D081CCE4A196E9F000C
07E0241604A8081CCD4A196EB70009
07E00A1604AF081CC64A196EB90001
07DFEF1604B9081CC14A196EC4000B
07DFE11604C7081CBE4A196EC1000A
07DFD01604DB081CB84A196EC90007
07DFBB1604ED081CB74A186EC50008
07DF9C160501081CB44A196ECA0006
07DF7916050F081CAE4A186EBD0004
07DF56160520081CA94A186EC30006
07DF3B160532081CA54A186ECE000D
07DF1E16053F081CA34A186EC60009
07DEFD16054A081C9E4A186ECE0005
07DEE416054D081C9A4A176ECA0009
07DED016054A081C954A176ED90007
07DEC916053F081C914A176ED5000A
07DEC9160524081C8E4A176EEC0008
07DEDB1604FA081C894A166EE3000A
07DF061604C3081C864A176EEA0001
07DF4F160485081C834A176EE10008
07DFAD16044B081C7F4A166EE10004
07E01B16041A081C784A166ED10007
07E08C1603FF081C764A166ED7000E
07E0E71603FF081C734A166EC20007
07E12016041A081C6C4A166EC8000B
07E131160447081C6A4A166ECA0008
07E11416046D081C664A166ECE0004
07E0D4160485081C604A166ECE0006
07E09316047E081C5D4A166ED1000A
07E061160458081C584A166ECC000A
07E05C160425081C544A156ECC0003
07E08B1603F4081C4E4A156EC80006
07E0D11603E0081C4B4A156EC70006
07E11F1603EA081C464A156EBB0009
07E151160410081C434A156EC80003
07E151160436081C3F4A146EC80006
07E127160452081C3A4A146EDB0006
07E0EC160455081C374A146ED10007
07E0B9160436081C334A146ECE0001
07E0AF160406081C2F4A136ECA0008
07E0CE1603D2081C2C4A146EC90006
07E112160391081C264A146EC80007
07E170160345081C224A146EC40006
07E1E31602F9081C1F4A136EBB0006
07E26A1602B4081C1B4A136EC00003
07E2FC160276081C164A136EC1000E
07E387160246081C114A136EBF0005
07E3FD16021C081C0E4A136EAA0005
07E46216020B081C0D4A136EA40007
07E4B0160204081C094A136EB3000A
07E4DF160208081C064A136E9D0006
07E4F016020F081C014A126E980002
07E4ED160219081BFE4A136E830006
07E4E0160227081BFA4A136E880004
07E4CA160246081BF64A136E810006
07E4A6160268081BF24A136E7F0006
07E47216028B081BEC4A126E850001
07E4341602A6081BEB4A126E830004
07E3F61602C2081BE74A116E8A0005
07E3BB1602E4081BE44A126E850008
07E37E160307081BE24A126E8F0005
07E33D160322081BDF4A126E8A0004
07E2FE16033E081BDC4A116E8E0003
07E2C2160356081BD94A116E840005
07E28A16036E081BD44A116E8D0007
07E25F160383081BD14A116E920008
07E237160383081BCF4A106E8F0006
07E212160397081BC94A116E860008
07E1FB16039E081BC94A106E8F0005
07E1E71603B0081BC44A0F6E9E0008
07E1D51603C1081BC04A0F6E8D0007
07E1BB1603CF081BBD4A0F6E940008
07E19D1603DC081BB94A0F6E9D0009
07E1821603F1081BB64A0F6EA3000B
07E163160402081BB24A0F6E9B0006
07E14116041A081BAE4A0F6E9A0004
07E11D16042F081BA94A0E6E9A0008
07E0F5160440081BA54A0E6EB60003
07E0CF160455081BA24A0E6E9B0004
07E0AB16046A081B9E4A0E6EBB0005
07E08816047E081B9A4A0E6EB20007
07E061160493081B954A0E6EAE0003
07E03B1604A4081B924A0E6EB60005
07E0131604AF081B8D4A0E6EAA000C
07DFF31604B2081B894A0E6EB5000C
07DFDC1604B2081B854A0E6EB80006
07DFCF1604AB081B824A0F6EB40006
07DFCF1604AB081B804A0E6EB2000D
07DFD41604C7081B7C4A0E6EA80007
07DFCE160508081B764A0E6EB70006
07DF9816055B081B714A0F6EB2000B
07DF2F160592081B6D4A0F6EC20006
07DEB61605C6081B694A0F6EC20007
07DE451605FA081B664A0F6EC20007
07DDDF160626081B5F4A0F6EC6000A
07DD85160649081B5D4A0F6EC90003
07DD26160665081B594A0E6EC30008
07DCDD160665081B564A0F6ECE0001
07DCB5160650081B524A0F6ED70009
07DCA7160634081B4C4A0E6EDB0007
07DCB9160619081B464A0E6EE30008
07DCE5160604081B454A0E6EEC0004
07DD1E1605F6081B424A0E6EFB0006
07DD4B1605F3081B3D4A0D6EF10005
07DD6E1605FA081B3B4A0D6EEC0008
07DD7A1605FD081B364A0D6EF7000B
07DD7C160604081B334A0E6EF50006
07DD7816060E081B2E4A0D6EEC000A
07DD6D16061C081B2C4A0D6F060006
07DD5C16062A081B2A4A0D6F04000B
07DD46160650081B274A0D6F110000
07DD2316069F081B234A0D6F170008
07DCDE160753081B1F4A0D6F12000C
07DC3C16089B081B1B4A0C6F1A0006
07DB03160A28081B184A0B6F200001
07D938160B8F081B154A0B6F2C0005
07D70E160CC3081B114A0B6F400007
07D4BE160DE9081B0F4A0B6F560003
07D271160FAF081B0C4A0B6F660002
07D02716119D081B094A0B6F800007
07CD7016133D081B054A0A6F9C0006
07CAC2161455081B024A0A6FC1000B
07C844161503081B004A0A6FE40005
07C5F8161556081AFE4A0A70090010
07C474161567081AFA4A0A70220006
07C3BF161545081AF94A097046000B
07C38A161530081AF54A0970530002
07C38816153E081AF34A09705B000E
07C39716154F081AEE4A09708B0008
07C39E161567081AEC4A097096000E
07C394161586081AE94A0970B80008
07C38A1615BB081AE74A0970D60005
07C36A1615E8081AE44A0970EA0008
07C33C16163B081AE14A0970FC0009
07C2F4161720081ADE4A0971150006
07C24F16188C081ADC4A0971210006
07C116161A2D081ADA4A0971230009
07BF4E161BDF081AD94A09712B0000
07BCF2161D46081AD94A09714A0008
07BA56161E66081AD64A09716E000A
07B822161F3A081AD34A0971860004
07B650161FFD081AD44A0971B00007
07B4BE16209A081AD44A0971B40003
07B38716212C081AD04A0A71D30009
07B268162117081AD14A0971FF0009
07B1B41620BD081ACF4A0A72180004
07B1A116207E081ACC4A0A723B000C
07B1DE162054081ACA4A0A72560002
07B225162040081ACA4A0A726E0008
07B26216203C081AC94A0A7290000A
07B29216202E081AC84A0A72A90002
07B2B2162016081AC84A0A72B80008
07B2D0161FDE081AC74A0A72D70008
07B302161FA6081AC74A0A72ED0009
07B34A161F87081AC74A0972F20005
07B398161F8B081AC94A09730A0003
07B3C6161FA4081AC74A097311000B
07B3D6161FD7081AC74A09731A000C
07B3C0162027081AC94A097327000A
07B37E16207E081AC84A09732B000C
07B3191620D5081AC84A09731C000A
07B2B3162129081AC84A0873200000
07B23616217C081AC94A087333000A
07B1B7162204081AC84A08732D0003
07B120162295081ACA4A0873380009
07B06416230A081AC94A0773450001
07AF9616234C081ACA4A07735A0003
07AEE5162387081ACA4A07735E0003
07AE671623D7081ACB4A067369000A
07ADF1162447081ACA4A06737B000A
07AD6E1624D2081AC94A06737C0005
07ACBD162597081ACA4A0673910006
07ABEF16266A081ACA4A06739B0007
07AAFF162731081ACC4A0673A50004
07A9D81627A4081ACB4A0673C40008
07A8E41627C7081AC94A0573C10000
07A8171627EA081ACA4A0573D20008
07A79D162858081AC94A0673F3000A
07A7411628CD081AC64A0673EE0008
07A6C616292F081AC54A05740A0003
07A636162963081AC34A06741C0006
07A59716298A081AC24A06743C0007
07A52C1629AD081AC04A06744C0008
07A4F81629A6081ABE4A0674660006
07A4D91629A1081ABC4A0774690008
07A4D71629BB081ABC4A0774780001
07A4D11629EB081ABA4A07748C0001
07A4BA162A23081AB74A0674960008
07A481162A85081AB44A0674A40000
07A428162AF8081AB34A0674B20003
07A3AF162B73081AB24A0574C6000B
07A30E162BE3081AB04A0574D1000D
07A267162C30081AAC4A0674D20008
07A1D1162C45081AAC4A0674EE0004
07A159162C30081AAA4A0675050003
07A116162C06081AAA4A0675090008
07A11A162BCE081AA84A0574F9000B
07A148162B96081AA74A05750A0004
07A197162B53081AA34A05750E000A
07A1FA162B11081AA04A0575090002
07A26D162AE4081A9F4A05750C0008
07A2D8162AC3081A9D4A057508000D
07A334162AA1081A9D4A05750C000A
07A375162AB3081A9B4A05750B0002
07A39F162AB6081A9A4A0575140000
07A3B3162AB6081A974A05751B000A
07A3B9162ACB081A954A05751F0006
07A3A7162AE4081A944A0575190006
07A391162B06081A934A0575140007
07A36D162B34081A904A0575180003
07A33F162B81081A8D4A0475190008
07A2FD162C0D081A8E4A04751A0006
07A292162CA3081A8D4A0575140007
07A1EC162D77081A8B4A0475190006
07A106162E3C081A8D4A04751C0000
079FE8162EC8081A894A0475200003
079EC5162F58081A864A0475280008
079DC2162FBA081A864A0475320006
079CF0163018081A874A04753A0007
079C4216307C081A854A04754A0005
079B9D1630D9081A844A04754F000A
079B02163129081A834A0475620007
079A7916316F081A834A0475770005
0799E51631AB081A804A0375840006
07995F1631E8081A7D4A0375940002
07990C163225081A7C4A03759A0006
0798B3163256081A7B4A0375A70006
079868163284081A794A0375AE000E
0798221632AE081A784A0275C40003
0797E61632DF081A764A0275CB0008
0797A1163310081A754A0275E20004
07975F163333081A724A0275E40002
079718163356081A714A0275F6000E
0796DC163387081A6F4A01760B0008
0796A71633B5081A6E4A0176090007
07966E1633E6081A6F4A0176160007
07962B163422081A6C4A017618000A
0795E016345D081A694A017625000C
07958E163492081A674A0176300004
0795341634C3081A674A017641000C
0794E41634F4081A644A0176500006
0794A1163522081A634A0176560008
07945716354C081A604A01766D0006
079409163580081A5D4A00766E000C
0793B51635AD081A5A4A0076760001
07936D1635D1081A584A0076660005
0793301635F8081A564A017673000C
0792F716361B081A524A0076740009
0792C0163639081A504A0076790007
07929316364C081A4F4A0076900006
07926D16366F081A494A0076A6000A
079244163684081A4549FF76B10008
07921D1636A7081A4349FF76A6000C
0791F11636B5081A4149FF76B00006
0791C91636CA081A3D49FF76B40003
0791A71636EA081A3B49FF76A3000C
0791821636FF081A3649FF76B00006
07916016371E081A3349FF76AA0006
079141163730081A3149FF76AE0008
079126163748081A3049FF76B80007
079101163761081A2D49FF76B00006
0790D616377A081A2A49FF76C40006
0790B116378E081A2749FE76C80006
07908E1637A4081A2549FF76D70006
0790661637BC081A2449FF76DE000A
0790451637CE081A1F49FF76EC0003
0790231637E3081A1B49FF76EF0005
07900E1637F9081A1649FF76F00006
078FF116381B081A1049FF76EF0008
078FC4163834081A0749FF76FF0008
078F9E163845081A0049FF76FE0000
078F821638610819F949FE77000002
078F5B16387A0819F449FF7706000B
078F2B1638920819EE49FF77130008
078EFC1638AB0819E949FF771E000B
078ED51638CE0819E349FF7723000A
078EAD1638E60819DF49FF77240009
078E721638FC0819DC49FE77310001
078E3A1639110819D949FE77310005
078E1A1639260819D649FE772B0008
078DFD1639440819D349FE77360005
078DD716395B0819CF49FE773C0009
078DB616396C0819CD49FE774B0008
078D961639810819C949FD775A0007
078D701639960819C749FC77620005
078D4C1639AF0819C249FD776A0007
078D2C1639CB0819BE49FD77810007
078CFE1639E40819BC49FD7783000D
078CC3163A030819B849FD77790000
078C84163A210819B549FD777D0000
078C50163A460819B149FD77810008
078C09163A700819AB49FD77790006
078BB8163A9A0819A749FD7789000C
078B55163AB60819A249FD77970007
078B01163AD608199D49FD779D000A
078ABF163AE808199B49FD77A30003
078A8B163AF208199949FC77AA0003
078A64163B0008199749FD77A7000E
078A44163B1908199449FD77B40006
078A2A163B2E08199249FD77BA0009
078A03163B3C08198E49FD77B1000B
0789CF163B4608198F49FD77BB0005
07899E163B4E08198D49FD77C30004
078978163B5408198D49FD77C40009
078960163B6308198A49FD77C80000
07894A163B6608198A49FD77CC0005
078934163B6A08198849FC77DA0008
07891F163B7008198749FC77E50008
078911163B7108198849FC77E5000A
0788FC163B7408198349FD77F0000A
0788E7163B7808198349FD77F30008
0788D4163B7308198049FD77F60004
0788C6163B7108198049FD77F00006
0788B3163B7408197F49FD77F0000A
0788A2163B7808197F49FD77F50008
078897163B7A08197D49FC77EF0004
07888B163B7B08197D49FC77F90006
07887D163B7808197C49FC77F90000
078874163B7108197E49FC78010005
07886A163B6C08197D49FB77FB0002
078861163B6A08197E49FB77F80006
07885F163B6308197F49FB77FD000A
07885A163B5B08197E49FB77FF0008
078855163B5808197F49FB77FB0009
07884E163B5508197E49FB78010005
078849163B4D08198049FB77FD0006
078848163B4A08198049FB780E0008
078846163B4A08198049FB77FD0009
07883D163B4708197F49FB77FB0007
078837163B4608198149FB77E80000
078833163B4308198149FB77F60002
07882F163B4308198049FB77EA0001
07882C163B4408198049FB77E10007
078826163B4308198049FB77F2000A
078823163B3F08198149FB77F9000A
07881E163B3C08197F49FB77F50006
07881B163B3C08197F49FB78020006
07881B163B3A08198049FA77F30003
078817163B3508197E49FA77EA0004
078815163B3808197E49FA77D80009
078811163B3508197D49FA77CE0006
078815163B3008197C49FA77BF0007
078813163B3108197B49FA77BD000A
078810163B3508197C49FA77C1000B
07880B163B3808197749FA77B70006
078809163B3708197949FA77C9000E
078808163B3808197849F977D8000A
078805163B3F08197549FA77D60006
0787FF163B4308197349FA77DD0009
0787FD163B4308196F49FA77CA000A
0787F9163B4408196E49FA77BF0009
0787F6163B4308196749FA77BD0008
0787F3163B4308196349FA77C80006
0787EF163B4308196149FA77BD0008
0787EF163B4708195D49FA77C30003
0787EB163B4608195749FA77C10008
0787E6163B4608195249F977C70006
0787E6163B4608194C49F977C5000A
0787E7163B4708194649F977CA000B
0787E6163B4308193F49F977CD000A
0787E1163B3F08193B49F977D00006
0787E1163B3C08193449F977CC0006
0787E0163B3808192E49F977D00007
0787E0163B3308192649F877CA0007
0787DF163B3508192349F877C60007
0787DD163B3108191E49F877CC0005
0787DC163B2E08191849F877CA0003
0787DC163B2D08191149F977C10007
0787D8163B2A08190B49F977C40007
0787D4163B2308190549F977C5000A
0787CE163B1C0818FF49F877BB0009
0787CB163B150818FE49F877A3000A
0787C5163B0B0818F649F8779D0007
0787BC163AF60818F249F8779F0001
0787BA163AD90818EF49F9779C0003
0787BB163ABD0818EA49F877A20006
0787BD163AA00818E549F877B40009
0787C5163A820818E449F977BB0008
0787CF163A570818DE49F877B20003
0787D9163A2A0818DB49F977B20004
0787E31639FF0818D749F977A60006
0787DE1639E70818D249F977A50001
0787CE1639CE0818D249F977960004
0787B71639B90818CD49F977920003
07879C1639980818CA49F87786000A
07877F16397E0818C549F877980001
0787601639690818C049F977900003
0787441639620818BF49F877890008
07872C1639620818BD49F97793000C
0787131639660818B949F977820002
0786F616396C0818B849F977760007
0786D81639700818B649F977770008
0786BD16397A0818B449F977670007
0786A51639800818B449F977540008
07868B1639810818B049F9774F0008
0786791639880818AE49F87743000D
07866316398F0818AD49F8773B0007
07864E1639960818AC49F877330008
0786401639A50818AD49F8773D0003
07862D1639C70818AD49F977370003
07860F163A030818AC49F9773A0006
0785E0163A4D0818AD49F9772B0009
0785A1163AA00818AB49F977230008
07854E163AF20818AB49F977260006
0784F0163B3F0818AE49F877230005
078486163B740818AE49F877210008
078424163BB30818AD49F8771D0006
0783D3163BEF0818AE49F877270008
07838A163C240818AF49F877240002
07833E163C600818B249F877290002
0782EE163C980818B349F877350004
0782AA163CD60818B449F977340008
07826B163D130818B449F877380009
078226163D410818B649F977410009
0781DD163D670818B849F8775B000A
07819E163D870818BA49F877550003
07816B163DA00818B949F9775F0004
078140163DB80818BC49F977740008
07811F163DCA0818BD49F977810006
0780F6163DD80818BE49F9778E000E
0780DA163DDB0818C049F977A10006
0780CC163DE60818C049F877A60004
0780BF163DF10818C149F877BB0003
0780B0163E030818C249F977C10007
0780A2163E1B0818C349F877CE0008
078090163E2C0818C249F977D50004
078079163E3A0818C549F877D90005
078066163E430818C649F877EA0005
078057163E530818C749F977EE000A
07804A163E610818C649F977FC0005
07803B163E730818C849F877FD000B
07802A163E7C0818C649F8780E0005
07801F163E840818C649F7781B0007
078015163E8B0818C849F7781D0009
07800A163E8F0818C849F77831000D
078000163E970818C949F77828000D
077FFA163E960818C849F778330007
077FF8163E960818C849F778280003
077FF3163E8F0818C749F7782D000A
077FF0163E890818C749F778280008
077FF3163E810818C749F678300003
077FF8163E730818C949F67848000A
078001163E650818C749F6782F000C
07800E163E500818C649F6784F0009
07801F163E430818C749F578350003
078033163E300818C649F6782F0006
078046163E220818C549F678520007
07805A163E170818C749F678310008
078069163E110818C749F678440009
078073163E100818C749F678610005
07807F163E0D0818C749F6784F0009
078086163E090818C549F678480002
07808D163E0D0818C449F678490003
07808F163E100818C249F6783C0006
07808E163E170818C249F6783A0004
078089163E250818C149F678310007
078084163E320818C149F77826000C
078078163E3E0818C249F6781D0005
07806B163E490818BF49F678270003
07805C163E500818BF49F67822000A
07804D163E540818C049F6781F0003
078045163E610818BF49F678220003
07803E163E680818BE49F578310008
078036163E6F0818BD49F578330008
07802A163E750818BD49F578460008
078022163E7D0818BB49F678270003
078019163E840818BE49F678240005
078011163E880818BD49F5781D0004
07800A163E890818BC49F5780B000A
078008163E8B0818BC49F578060008
078005163E880818BF49F477F70003
078003163E880818BC49F477FD000C
078001163E830818BC49F477F00009
078002163E840818BE49F478010008
078005163E880818BC49F477F50008
078005163E8B0818C049F378000003
078001163E930818BC49F377F90008
077FF7163E990818BB49F3780A000D
077FF0163E9D0818BC49F378130005
077FED163EA00818BA49F378170003
077FE7163EA10818B949F378370007
077FE2163E990818B849F378260003
077FE5163E920818B849F378320006
077FEA163E840818B649F378480009
077FF9163E750818B649F3784C0006
078006163E6C0818B549F378640006
078014163E6C0818B449F37863000A
07801F163E6C0818B149F378440004
078028163E6B0818B449F3783C0003
07802C163E6F0818B249F378490005
07802F163E6C0818AF49F3784B0003
078031163E6C0818AD49F378480007
078036163E730818A949F3786D0007
078037163E720818A449F378240002
078036163E6C0818A149F3786B0006
07803A163E5E0818A049F378690008
078044163E5008189A49F378460008
078051163E4D08189849F37863000C
07805E163E4908189149F37869000D
078064163E5308188D49F3782C0008
078066163E5E08188849F378370003
07805E163E7208188249F378220008
07804F163E9208187E49F378280000
078039163EB208187C49F3786B000C
078017163ED208187649F3784C0006
077FF2163EF108187149F378660006
077FCC163F0308186D49F3782E0003
077FA1163F1508186849F2783E0002
077F81163F1808186349F2783A000A
077F69163F1308185F49F2785C0007
077F5D163F1508185B49F278340003
077F53163F1808185749F278680009
077F4C163F2608185249F278560009
077F42163F3E08184D49F2785C000E
077F2E163F6908184B49F278620008
077F12163FAC08184649F278660008
077EE516400408184249F278980003
077EA416407308183E49F27853000A
077E4B16410908183A49F278550006
077DD616418408183649F278980007
077D4F16421B08183349F278940005
077CBB1642CF08183049F278950007
077C1D16439408182C49F378AB0006
077B6916444808182A49F278AB0009
077A9816450708182749F278A90006
0779B71645C508182349F378C30008
0778D916467908182149F378C80008
07780316473008182049F378D10006
0777291647E308181E49F378EE0005
07766116489C08181C49F279050005
07759616495E08181949F2792F000A
0774B41649F308181749F3793E0003
0773D3164A8D08181449F37976000A
077327164B2308181349F3799C0003
077268164BBB08181149F479C3000A
0771A0164C7608180F49F479E90005
0770D6164D5108180E49F47A1E0004
076FEE164E4508180D49F37A4C0009
076ED8164F2C08180C49F37A780003
076DA216501808180949F47AA00007
076C7B16510D08180A49F47AE10007
076B4A1651DE08180A49F47B070007
076A2916529C08180949F47B2F0003
07692616536B08180849F37B520006
07683C16545C08180549F37B860003
07672B16555A08180449F47BBC0002
07660116561708180749F37BF4000B
0764CB1656D308180549F37C240009
0763D116577A08180649F37C57000C
0762F71657F608180449F37CA10008
07621716585D08180649F27CCD0001
0761501658B908180449F27CFF000B
0760C61658F908180549F37D350009
07605916594D08180249F37D680000
075FFA1659AE08180249F37D910003
075F9A165A2708180349F27DC00008
075F16165A9F08180049F27DEC0008
075E7F165B1908180349F27E2B000A
075DE6165B8008180249F27E63000A
075D44165BDA08180449F27E880008
075CB0165C2708180449F27EB70003
075C2A165C6708180449F27EE8000B
075BC1165C9808180649F27F110006
075B78165CC308180A49F27F360008
075B40165CEE08180849F27F5E0000
075B07165D1808180849F27F81000A
075AD6165D3C08180B49F27FAA0006
075A9B165D4F08180D49F37FE80009
075A6B165D7208180D49F27FE40008
075A48165D9208180D49F27FF90003
075A22165DB808180F49F280070007
075A01165DE408180F49F2802F000B
0759D8165E0008181149F38044000A
0759A8165E1608181249F3805A0006
075979165E2E08181449F280750008
075953165E4908181549F280800008
075931165E5D08181549F2809B000E
07591E165E7208181849F2809E0004
075904165E7C08181949F280BF0004
0758E2165E8708181949F280C90005
0758D1165E9208181749F380CA000A
0758C9165E9708181449F280CD0006
0758BF165E8B08181049F280CB0007
0758B4165E7208181049F280DF0008
0758C1165E5E08180B49F280DD000A
0758E1165E4408180649F280D60009
075906165E3808180549F280E30007
075923165E2708180049F280DE0003
075937165E1D0817FB49F280F2000A
07594B165E130817F749F280E60003
07595E165E070817F249F280FE0005
075972165DFC0817EE49F280FB0005
075985165DE70817E849F280FF0008
075994165DBC0817E349F281100004
0759B0165D720817DE49F1811B000A
0759E5165D180817D949F1811B0005
075A3A165CE30817D449F18118000A
075A94165CD80817CE49F181120005
075ADA165CDC0817C749F1810B000A
075B01165CD90817C449F281030003
075B12165CCE0817BD49F280FB0004
075B1D165CB90817B949F280F6000B
075B34165C870817B349F280E90006
075B55165C240817B049F180DF0006
075B93165BD70817A949F180E40008
075BE5165B9F0817A649F180D90006
075C3B165B4F08179F49F180E0000A
075C91165AFC08179949F180D60008
075CEE165AAD08179349F180C90009
075D4F165A6E08178E49F180B60006
075DA7165A3508178B49F180A10006
075DFA165A0708178349F180820003
075E461659E008177D49F18073000E
075E891659C408177949F18051000A
075EBF1659B208177349F1804F000C
075EE91659BD08176E49F180440007
075EFF1659D908176949F180330002
075EFD165A0408176549F180180008
075EE7165A2B08175F49F1800A0006
075EC1165A4708175B49F18012000A
075E97165A8808175549F280140006
075E62165ACE08174F49F27FEB0001
075E1C165B0B08174B49F180240007
075DCD165B3E08174749F27FE50009
075D82165B7C08174349F27FE8000A
075D38165BCC08173F49F27FE90005
075CE5165C1508173949F27FE80008
075C95165C5C08173449F2802C0006
075C3E165C9B08173049F280150009
075BD8165CD508172C49F280180005
075B78165D0008172A49F180280007
075B28165D1F08172649F180310003
075AE4165D3508172149F080320008
075AB6165D4408171E49F0803C0003
075A95165D4B08171A49F18047000A
075A7C165D4708171949F1805B0008
075A71165D3A08171449F1806D0006
075A74165D4408171049F280760008
075A77165D6408171249F2808F0005
075A66165D8108170D49F280A7000B
075A44165DAE08170B49F280B00006
075A20165DD208170849F280C5000A
0759F7165DF808170549F280CA0006
0759C7165E3508170549F280D60006
07598C165E8708170349F280E10003
07593A165EDE08170149F280F90004
0758DB165F2708170049F280FB0008
075870165F6D08170049F281080006
075807165F990816FD49F2810C0001
0757B6165FCB0816FD49F2810E0000
07576B165FF80816FC49F1812E0003
07572F16601D0816F949F181330004
0756F91660390816FA49F18145000A
0756BC16605A0816F949F0814B0008
07568F16607D0816F949F081490004
07566D1660940816F949F0814E0008
0756421660AB0816F949F081550004
0756151660EF0816F949F081510002
0755E916615C0816F749F081590004
07558F1661DA0816F749F0816C0005
07550D1662570816F949F0817F0008
0754761662C50816F949F0818C0007
0753CC16632D0816F949F181930007
07532E1663850816FC49F181A60005
0752941663D40816FC49F181C20006
0751FC16642A0816FC49F281DE0009
0751681664910816FA49F281ED0008
0750D61664F10816FC49F28209000A
0750401665450816FE49F2822C0008
074FC21665A708170049F282480003
074F371665E80816FF49F1826C0006
074EB916663308170349F282900006
074E4316667308170349F282A20008
074DCF1666A008170649F182AC000B
074D711666C508170949F182C20004
074D2C1666E808170B49F182D70004
074CF016670C08170C49F282F20006
074CBE16672908171049F283160008
074C9016673F08171149F183210007
074C6216675B08171249F1834B000C
074C3816677008171449F1834F0006
074C1616678708171649F18372000A
074BF816679708171749F18380000A
074BD71667A908171949F1839D0006
074BBE1667B408171B49F1839B0004
074BA81667B708171C49F183C30006
074B931667BA08171B49F183D30002
074B8E1667C208171C49F183DB0007
074B8F1667C108171C49F183E10009
074B881667C208171849F284060006
074B851667C408171549F284060002
074B8B1667C208171249F384040003
074B8C1667C208170F49F384080007
074B911667BA08170E49F2842D0006
074B931667B008170A49F284020009
074B991667A508170649F283FE0009
074B9E16679E08170649F283FD0008
074BAC1667900816FF49F283FB0001
074BBD1667870816FC49F384090006
074BD116677E0816FB49F3840A000A
074BE116676F0816F549F3842D000C
074BF11667620816F149F384270006
074C0216675B0816ED49F3841B000A
074C1616674D0816E949F3841C0009
074C2B1667450816E449F384020008
074C3A16673C0816E049F384240006
074C4C1667370816DB49F384130008
074C5B16673B0816D749F384240006
074C6316673F0816D249F3842C000A
074C641667450816CD49F38425000C
074C5B16674D0816C749F384220007
074C511667570816C349F3841E0007
074C451667620816C049F3840A0005
074C371667760816B849F2840A0007
074C2E1667900816B449F28414000A
074C171667B00816AB49F284200009
074BF01667C20816A549F284110002
074BCF1667D40816A349F284100008
074BAF1667E608169E49F1841E0005
074B941667FB08169749F184270002
074B7A16681608169249F1842C0009
074B5D16684308168D49F284360006
074B3616686E08168649F284370003
074AFD1668A408168149F28440000A
074AB01668D208167E49F284460006
074A651668FA08167749F2843E0004
074A2716691D08167149F2844B0007
0749DE16694108166D49F2845A0009
07499F16696408166649F284570002
07495F16698F08166149F2846B0006
07491C1669BB08165B49F3846B000A
0748D11669F608165549F284740007
074888166A4308165049F384800003
07482B166A9708164849F284850008
0747BB166AD808164349F3847E0008
074740166B1008163F49F3847E0005
0746CF166B4D08163749F3847F0009
074664166B8008163049F2848A000C
074606166BBC08162A49F284A40001
0745BD166BFB08162449F284BD000C
07456A166C3208161C49F284D60001
074518166C6408161649F384F20008
0744C9166C8A08161149F385140008
07447E166CB308160A49F28516000C
074436166CD808160349F385300004
0743F4166CFE0815FB49F285460008
0743B9166D1C0815F749F385450004
074386166D3B0815EF49F2855B0003
074355166D570815E949F2857E0004
074326166D780815E249F385840006
0742EF166DAD0815DC49F3859E0007
0742B0166DF30815D449F385AB0006
074261166E2B0815CD49F385C20004
07420F166E5C0815C849F285D80004
0741C4166EA10815C149F385F4000D
07416C166EEC0815B949F386160003
074103166F300815B149F386240008
074098166F7B0815A949F386270003
074027166FD30815A349F386510006
073FB616702E08159B49F386690003
073F4916708508159249F386780008
073ECA1670CB08158D49F486890009
073E5A16711A08158549F486A00007
073DED16717E08157C49F486AE0003
073D6D1671F108157949F486BF0003
073CE716724E08157049F386D10003
073C5D16729508156949F386E50003
073BEA1672D308156149F386F50006
073B8416730908155A49F3870B0005
073B3116734E08155449F3870F0006
073ADF16738308155049F387230008
073A921673C308154849F387360008
073A391673F508153F49F3874E000B
0739D916742708153849F3876E0009
07399116744308153249F387800003
07394D16745D08152B49F487A5000C
07392616748108152249F387AD0003
0739001674B708151C49F387C10002
0738CC1674E708151249F487CA0008
07389116752208150B49F487E60003
07385916756208150449F387F70007
07382016758E0814FF49F488070008
0737D01675C20814F949F488170006
07377D1675EF0814F649F48826000A
07373516761A0814F049F388230006
0736F61676470814EB49F3884F0000
0736BF16766C0814EB49F3885C0002
07368B1676990814E549F38855000B
0736501676EE0814E249F388740006
07360A16774E0814E249F38870000A
0735AA1677960814DC49F38862000A
07354D1677BC0814DC49F288720008
0735071677E20814D749F288A7000A
0734C016780A0814D249F2888D0007
07347316784D0814D149F288B2000A
07342D1678B50814CF49F288AB0007
0733E416791E0814CA49F388A1000A
07339816798D0814C849F388A50003
0733241679D50814C449F388B40010
0732A1167A120814BF49F388CB0007
073235167A200814BA49F388DB0005
0731E7167A000814B849F388F20009
0731C31679DC0814B349F38901000E
0731CE1679AA0814AC49F38901000A
0731F81679600814A949F2890D0003
0732351679250814A549F28921000D
0732831679040814A049F28927000A
0732C61678F308149B49F389240001
0732F91678E908149449F3892B0001
07331A1678CF08148E49F289370004
0733351678B508148849F289380006
0733501678A008148349F289390002
07337416783E08147F49F289320004
07338D1678AB08147849F289390006
0733951678C008147349F38924000B
0733871678D608146F49F389150003
0733781678EC08146849F389160004
07336416790508146449F389170009
07334C16792108145D49F38919000C
07332D16795608145B49F3891B000B
07330516799808145449F389170006
0732CF1679CA08144E49F3891E0008
0732881679D108144B49F389280008
07324A1679C708144549F389230008
0732291679A608144149F48933000E
07322116797808143D49F489350007
07323816794508143749F48942000A
07326416793408143449F4894E0003
07329516796208142F49F48964000C
0732A51679D508142C49F389680001
07326E167A5A08142849F3895E0008
0731EA167AE008142649F389600006
07314B167B7908142249F38940000C
073091167BF108141D49F289400003
072FB9167C5508141A49F389510006
072F00167CB508141849F289500008
072E5C167D1E08141649F38962000A
072DBC167D7B08141549F389680003
072D42167DCB08141249F389750005
072CC2167E1208141249F289820008
072C31167E6C08141149F2898C0008
072BB7167ED508141049F289A00009
072B46167F2B08141049F289A10007
072ACB167F7008141149F289B00009
072A58167F9E08141149F289B1000C
0729ED167FD008141449F389BA0008
072999167FF808141449F289B4000A
07295016802908141549F389AC0001
07291916804B08141549F389B40006
0728D916807108141849F389B10006
07289D16809708141849F389B80008
0728651680CA08141A49F389BD0008
0728341680F808141B49F389C5000B
07280016811208141A49F389BC0006
0727D616812708141A49F389BD0004
0727AD16812A08141949F489BA0006
07278D16811508141C49F489C10008
0727851680E508141E49F489CB0009
0727A01680C608141F49F489D40006
0727CB1680B908142049F489D70003
0727F41680A508142049F489D5000A
07281316809008142049F489CC0008
07283516807A08142149F489C90001
07285816805C08142149F489CD0008
07287F16802008142349F489DE0003
0728B3167FC908142349F489DA0008
072901167F8208142149F489DF000A
072966167F4608142449F489F60005
0729C4167F1908142449F589F20008
072A1B167ECE08142449F489FF0007
072A7A167E7B08142449F48A050006
072AE0167E4208142549F58A0E0008
072B43167E2F08142549F58A090005
072B97167E3F08142849F58A090008
072BBE167E6908142949F68A0F000B
072BBE167EA208142A49F68A06000C
072B96167ED108142D49F689FA0004
072B58167F0208142A49F689EA000A
072B11167F3208142D49F689D50005
072AD0167F7308142849F789D70009
072A89167FB008142949F689CE0008
072A37167FF508142649F689BC0008
0729DD16803208142449F689B80003
07298116805208142249F689B9000A
07293316805D08142049F789C40003
07290116806308141B49F689C60006
0728E316807308141849F689C20009
0728D316809308141649F689CD0005
0728B91680C908141049F689D60005
07288B1680F308140E49F689E90008
07285316810E08140A49F589F80009
07281A16810E08140549F68A0F000A
0727F71680FC08140549F68A160003
0727F31680DE08140249F68A200004
0728021680D00813FB49F68A2A000D
07281B1680BC0813F949F68A280004
0728361680A20813F949F68A2E0007
0728571680710813F149F68A250003
0728891680480813F149F68A150007
0728C11680220813EB49F68A0A0009
0728FE167FFC0813E749F68A0F0006
07293A167FE40813E749F689F90003
07296F167FDC0813E149F689F30008
072997167FE80813DC49F689F60005
0729AB1680000813D949F689FD0006
0729A51680290813D649F689FD000A
0729901680560813D549F68A110002
0729611680740813D049F68A090008
07292F16807E0813CE49F68A050006
0729051680820813CB49F689F80006
0728EE16807A0813CA49F689FC0003
0728E11680780813C849F68A000009
0728D916807A0813C549F689FA000A
0728D81680900813C349F689F30006
0728CF1680DB0813C049F689FF0007
0728A716813E0813BE49F68A050004
0728561681930813BC49F689F40001
0727E91681C80813B949F68A03000A
07277A1681E20813B849F68A0A0007
0727291681F40813B449F68A16000A
0726F01682110813B149F68A150001
0726BF16822F0813AF49F78A1D0006
0726911682520813AD49F78A1B0004
07266216827A0813AC49F78A1F0009
0726351682930813A949F78A1B0003
07260B16829C0813A749F78A230008
0725F016829D0813A749F78A1A0007
0725DA16828B0813A349F78A240004
0725D21682840813A349F78A300008
0725DB1682A70813A149F78A480003
0725D41682D70813A049F78A5B0003
0725B316831808139D49F78A660006
07257716834308139B49F78A6B000C
07253016834B08139B49F78A63000E
0724F716834708139949F78A530008
0724DD16833E08139649F78A410003
0724D516833808139349F78A3A0008
0724D916833308138F49F78A390005
0724DF16832E08138E49F78A400006
0724E216833708138949F78A430002
0724DF16835C08138649F78A500006
0724CC16838208138149F78A4E0004
0724A71683A808137F49F88A540005
0724731683C708137849F88A3F0007
0724421683DB08137749F78A580008
0724181683DC08137049F88A570006
0723FD1683D008136E49F88A59000B
0723F61683C008136949F88A630009
0723FE1683BD08136549F88A680002
07240D1683C108136049F88A610008
0724121683D508135E49F88A4A0008
07240E1683FF08135849F88A3F0006
0723FB16845008135549F88A2D0006
0723CC1684C108135049F88A3F000F
07237316854808134B49F88A25000A
0722ED1685B708134549F78A310006
07224A16860808134149F78A320007
0721B316865208133D49F88A3D0006
07213616868408133A49F78A3A0008
0720CF1686A508133649F78A590007
0720831686C508133249F88A6B0001
07204C1686E608132D49F78A790003
07201916871108132B49F78AA40002
071FE016873508132649F88AA20008
071FAE16874F08132049F78ABF0008
071F8A16876808131C49F88AC60003
071F5C16877F08131749F88AD90006
071F3416879708131349F88ADC0003
071F121687B908130E49F98ADC0006
071EEC1687DB08130949F98AEF0006
071EC11687FF08130349F88AF3000A
071E9B1688200812FD49F98B020008
071E6F1688400812F849F88B000003
071E3C16885B0812F249F88B140004
071E0C1688810812F049F88B170006
071DD61688A60812EA49F88B250006
071DA21688C20812E649F88B32000A
071D6E1688DA0812E049F88B270006
071D461688E30812DE49F88B2E0003
071D221688F20812D749F88B2D0009
071D0916890A0812D349F88B310003
071CF116891F0812CE49F88B2B0003
071CD11689390812CA49F88B1F0004
071CAC16894B0812C749F88B1A0005
071C8D16895D0812BF49F88B20000A
071C6D1689680812BA49F88B1E0006
071C5A1689670812B749F98B28000B
071C3816894B0812B249F88B28000C
071C221689140812AD49F88B440003
071C241688E30812A949F88B580004
071C311688C20812A549F98B570008
071C411688B40812A049F88B6A0007
071C4A16889F08129C49F98B71000C
071C4C16888808129849F98B7A0001
071C4616887D08129649FA8B700007
071C4016887608129149FA8B6E0004
071C3916887608128D49FA8B680009
071C3016886808128A49FA8B790006
071C2616885208128649FA8B6B0003
071C2016884308128349FB8B7C0005
071C2316883908128049FB8B8A000A
071C1D16882B08127B49FB8B84000A
071C1516881808127949FB8B710008
071C1116880C08127449FB8B5D0003
071C0C16880A08127149FB8B3A0006
071C0816880F08126F49FC8B23000A
071C0116881108126E49FB8AFD0007
071BF616881908126B49FC8AF50003
071BE716881808126A49FB8AEB0007
071BD716881908126749FB8AF1000C
071BCE16881808126549FB8AF00005
071BC916881D08126249FB8AF20009
071BC716882308125E49FA8AEF0004
071BC516882B08125C49FB8AEB0004
071BB616883F08125B49FB8AF6000A
071BA016884F08125549FB8AF20003
071B8F16886208125349FB8AF90008
071B7716887A08124F49FB8AED0009
071B5616888B08124C49FB8AE50009
071B361688A508124949FB8AF1000A
071B1A1688BB08124649FB8AF80008
071AFF1688C908124149FB8B0C0008
071AE51688DA08123D49FB8B160003
071AC71688DF08123849FB8B29000A
071AB31688E808123349FC8B180004
071AA31688EE08122F49FC8B1F0003
071A9A1688F908122B49FC8B2A000E
071A8E16890A08122749FD8B2A000A
071A7A16891908122349FD8B3B0009
071A6116892608121E49FD8B300001
071A4816892B08121B49FD8B450008
071A3116893008121549FD8B4B000D
071A1F16893208121349FE8B500003
071A1016893308120D49FE8B630006
071A0216893208120B49FE8B65000A
0719F516892908120749FE8B630006
0719F016892408120249FE8B610007
0719EA16891408120149FE8B590006
0719E51689030811FA49FE8B4B0009
0719E41688EF0811F949FE8B38000A
0719E91688DB0811F549FE8B400001
0719EE1688CC0811F149FE8B410006
0719F21688BE0811EC49FE8B4B0000
0719F51688B00811E949FE8B3A0006
0719FB16889C0811E649FE8B340007
0719FC1688880811E149FE8B38000A
0719FF1688800811DF49FE8B250004
0719FF16886F0811DA49FE8B2B0008
071A0216885E0811D949FE8B1E0004
071A0416884B0811D549FE8B16000D
0719FF1688380811D149FE8B0B0002
0719FB16882B0811CF49FE8AEF0004
0719F91688190811CE49FF8AF90004
0719F01688060811CA49FE8AE20000
0719E51687FA0811C749FE8AD30006
0719D41687FC0811C649FF8AD0000C
0719C21688050811C349FE8AD30006
0719A01688160811C049FF8AC90009
07197E16875D0811BE49FF8AC40008
07195416884D0811BD49FE8AD80008
07192116887A0811BA49FE8AD30008
0718EB1688A30811B949FE8AD60008
0718AD1688D10811B849FE8AC80008
0718671688EF0811B449FE8ACA000A
0718231688F80811B249FE8AC40009
0717EC1688FC0811AF49FF8AAF0005
0717C31689000811AE49FF8AA90003
0717A61689000811AE49FF8AA50003
07178F1689030811AA49FF8AAF0003
07177A16890A0811A74A008AA90007
0717651689120811A74A008AB7000A
07174E16891B0811A74A008AB50003
07173B1689220811A64A008ABC0000
0717301689270811A44A018AC40003
07171E16892C0811A44A018AC30006
07170E1689360811A24A018AC50008
07170116893E0811A34A028ACE0003
0716F016894B0811A34A018ADD000C
0716E416895608119F4A028AE90004
0716D31689650811A04A028AF2000A
0716BE16897F08119E4A028AED0006
0716AC16899E08119B4A018AF50007
0716911689C008119B4A018B020004
0716711689DF0811984A018AF60009
0716511689F40811994A018B090007
071630168A020811964A018B020007
07161B168A0E0811964A018B080007
071608168A1A0811974A028B0C0006
0715F8168A1D0811954A028B160009
0715EF168A1D0811964A028B1D0005
0715E7168A160811954A028B230006
0715E3168A0F0811944A028B160006
0715E2168A0B0811924A028B0B0003
0715E71689FE0811924A028B200000
0715F21689EE0811944A028B21000B
0716061689D20811924A028B2E0007
0716271689BB0811924A028B290004
0716501689A50811934A028B280006
07167B1689900811934A028B230004
07169F1689850811944A038B0A000C
0716C016897F0811944A038B080001
0716D81689820811944A038B040001
0716E51689900811954A038B050006
0716E51689A90811924A028B0B0000
0716D71689D50811934A028B100005
0716B6168A120811964A038B140003
07168A168A5F0811944A038B090003
071641168A9B0811934A038B180002
0715EE168AC60811964A038B0D000A
07159F168ADC0811934A048B1C0007
071566168AE50811964A048B250004
071540168AF60811964A048B250007
071523168B080811954A058B2A0001
07150C168B120811964A058B360007
0714F4168B1A0811964A058B30000E
0714E5168B2A0811954A058B2B0009
0714D6168B420811954A058B290007
0714C4168B4C0811934A068B29000C
0714AE168B5B0811924A068B300002
07149E168B640811904A078B350008
07148F168B6908118D4A088B380003
071481168B6B08118E4A078B480009
071476168B6F08118A4A078B4B000B
071473168B6D0811884A078B410007
071475168B680811814A078B380001
071478168B5E0811804A078B2D0008
071481168B4908117C4A088B1B0006
07148E168B330811774A078B1C0008
0714A5168B260811724A078B1B0008
0714BA168B1A08116E4A078B1C0006
0714CE168B150811674A078B1B0003
0714DC168B210811644A078B160001
0714E1168B3408115E4A078B1A000C
0714D7168B420811584A078B110004
0714C9168B490811524A078B070005
0714BC168B5A08114F4A078B0F000C
0714A9168B6D0811474A078B030002
071497168B830811434A078AF3000A
07147F168BA00811404A078B010007
071463168BAC0811394A068B0A0006
071446168BB90811334A078B130004
07142C168BCB0811304A078B230005
071415168BE408112B4A078B080001
0713FD168BF10811244A078B0B0006
0713E6168BFC0811224A078B1A0008
0713D4168C0808111D4A078B160006
0713C4168C060811194A078B260009
0713BD168BFE0811134A078B36000A
0713BB168BF108110D4A078B2D0000
0713C5168BEB08110B4A078B1A0002
0713D5168BE40811064A078B17000A
0713E1168BE40811034A078B0C000C
0713EA168BEA0810FF4A088B0B0008
0713EB168BF60810FB4A088B05000E
0713E5168BF50810F64A098B050008
0713D6168BEA0810F44A098B08000B
0713CA168BD90810F04A088B050006
0713BE168BCF0810EC4A098B0A0005
0713BB168BC70810E84A098B050006
0713B8168BBE0810E34A098AFD0004
0713B8168BB20810E14A098AEF000A
0713B8168BA60810DF4A0A8AFC000A
0713BB168B980810DA4A0A8AFD0006
0713C3168B940810D84A0A8B000004
0713CB168B860810D54A0A8B160004
0713D5168AC60810D34A098B14000A
0713E6168B750810D04A0A8B16000C
0713F3168B280810CE4A0A8B27000B
071404168B830810CE4A0A8B2F000B
07140E168B860810CA4A0A8B230006
071418168B830810C94A0A8B2F000A
071421168B660810CA4A0A8B320006
071429168B070810C84A0A8B200008
071435168B620810C54A098B130009
071446168B530810C54A0A8B1C0001
07145B168B490810C44A098B270008
07146F168B370810C44A0A8B290006
071481168B230810C44A0B8B19000A
071490168B130810C44A0B8B200007
071498168B040810C34A0B8B2D0007
071498168AF60810C44A0B8B320003
071498168AEF0810C44A0B8B1D0006
07149E168AE70810C44A0B8B150007
0714A4168AE50810C64A0B8B070006
0714AA168AE70810C74A0B8AFC0007
0714AB168AEF0810CA4A0B8AF80007
07149F168AF60810CD4A0B8AFA000C
07148D168AFD0810CD4A0B8AFA0003
07146A168B040810CF4A0B8AFD0008
07144A168B0B0810D24A0B8B010001
07142B168B180810D44A0B8B0B0008
07140E168B210810D64A0B8B0C0005
0713E8168B260810D94A0B8B0D0006
0713C1168B300810DB4A0B8B24000C
0713A3168B370810DE4A0B8B2D0001
071388168B420810E14A0A8B30000A
07136F168B490810E44A0B8B3A000A
071357168B450810E54A0B8B420009
07134C168B420810E64A0C8B290005
07134D168B2D0810E64A0C8B2E000A
071364168B0F0810EB4A0C8B290005
071399168AEC0810ED4A0C8B2D0005
0713E4168ACE0810EE4A0D8B34000A
07142E168AB10810F24A0D8B2F0006
071478168A9F0810F04A0D8B1A000B
0714BB168A920810F44A0E8B090007
0714F3168A940810F64A0E8AFE0009
071515168AA00810F84A0F8AF30008
071522168ABF0810F64A0E8AED0006
071516168ADE0810FA4A0F8AE10009
0714FA168AF20810F84A0E8ADB0003
0714DA168AF90810FA4A0F8AE6000C
0714BF168AFD0810FC4A108AF50007
0714AB168AFD0810FD4A108AF40009
0714A0168AF90810FF4A108AF70004
071496168B010810FF4A108AF60005
071488168B000810FF4A108AFC0009
07147F168B040811004A108AFC000B
071472168B040811034A108AF90004
071460168AF90811034A108AFA0003
071451168B150811044A118B050008
071435168B160811044A118AFF0004
07141B168B180811054A118B0E000B
071401168B180811064A118B180003
0713EA168B160811064A118B0E0008
0713D1168B1C0811074A118B130007
0713C0168B1A0811094A118B110008
0713B4168B1C0811084A108B010009
0713AE168B1A0811094A108AEE000A
0713AA168B1808110B4A0F8AE40008
0713AA168B1308110A4A0F8AF8000C
0713AF168B0B0811094A0F8AF3000A
0713B3168B040811094A0F8AF70004
0713B9168B0408110C4A0F8AF5000A
0713BC168AF908110C4A0F8AF10008
0713C0168AF908110B4A108AF30007
0713C6168AF308110D4A108AFE0006
0713CA168AEB08110E4A108AF9000A
0713CB168AEC08110D4A108B010008
0713C9168AEE08110E4A118B0B0009
0713C8168AEC08110F4A118B080008
0713C2168AEE08110D4A118AF90001
0713BC168AF308110E4A128B110008
0713B6168AF208110E4A128B060008
0713B3168AEF08110D4A128B070008
0713B3168AF308110E4A138AE90008
0713B6168AF208110F4A138AFA000B
0713BC168AF308110E4A138AF1000A
0713C3168AEE08110C4A138AE40008
0713C7168AEC08110C4A138AE70003
0713C71689F208110A4A138ACF0004
0713C8168AE80811084A138ADF0002
0713C8168AEB0811084A148AE6000C
0713CA168AE80811044A138ACF0004
0713CD168AEE0811014A138ACF0009
0713D2168AF60811004A138ACB0004
0713D5168AF60810FE4A138AE40005
0713D6168AF90810F94A138AE40001
0713D7168AFD0810F74A138AE50004
0713D4168AFD0810F34A138AE20006
0713D0168AF60810F14A148AD7000B
0713CC168AF60810EC4A138AD20009
0713CA168AF60810EA4A148AD50002
0713C9168AF20810E54A148AC40009
0713C7168AEF0810E04A158AC20007
0713C8168AF20810DE4A158ABA0006
0713CA168AF30810D84A158AC10003
0713CD168AF60810D64A158AAC0003
0713D0168B010810D24A158A990004
0713D0168B040810CF4A158A930005
0713CD168B160810C94A168A8F0005
0713C8168B230810C84A158A97000A
0713C2168B370810C34A158A970008
0713BA168B420810BF4A158A970006
0713B1168B4C0810BB4A168A950006
0713A8168B5A0810B64A158A97000D
0713A0168B620810B24A168A89000B
07139A168B610810AE4A168A9D0004
071396168B620810AC4A168AB10003
071394168B560810A64A168ACF000C
071394168B500810A34A168ADA0003
07139B168B4208109F4A168ACE0006
0713A1168B3B08109A4A178AD50001
0713A5168B370810944A178AD50006
0713AE168B310810934A178AD1000A
0713AD168B3708108E4A188ACD0005
0713AD168B3B0810884A188ADE0006
0713A2168B420810854A188AEF0007
071399168B490810814A188AEC000A
07138C168B4C08107F4A188AE40007
07137F168B5608107A4A188ACF0009
071373168B610810764A188AD50001
071362168B690810734A188AD80000
071351168B720810714A188ADD0008
071340168B7808106E4A188AD50002
071330168B7C08106D4A188AE7000A
071326168B7F08106A4A188AD40003
07131C168B8A0810674A188ADE000C
071311168B910810634A188AE10004
071302168B9B0810634A188ADA0007
0712F1168BA30810614A188ADB0005
0712DF168BAC08105B4A188ACB0005
0712CF168BB708105B4A188AC80007
0712BF168BC008105A4A188AC40001
0712B1168BCB08105A4A188AC20006
0712A3168BD60810574A198AD1000A
071294168BE70810524A198ADC000C
071280168BEB0810544A1A8AE60006
07126E168BF50810524A1A8AFA0009
07125F168BFE0810524A1A8B070009
071254168C0908104D4A1A8B0A0006
071246168C1008104F4A1A8B1C0006
07123E168C1708104E4A1A8B230006
071233168C1E08104B4A1A8B200005
07122B168C2508104C4A1B8B270004
071226168C2C0810494A1B8B1C0004
07121E168C300810484A1A8B2D0003
071211168C360810474A1B8B300004
071201168C370810454A1B8B320008
0711F5168C3A0810464A1B8B3C0004
0711E9168C370810434A1B8B420008
0711DE168C330810434A1B8B4D0008
0711DE168C280810404A1B8B54000E
0711E4168C1E0810404A1B8B4F0006
0711F3168C140810404A1B8B5F0008
071200168C1308103F4A1B8B660006
07120E168C1408103E4A1B8B5A0006
071215168C1708103D4A1B8B650008
071214168C1B08103D4A1B8B6E0008
071212168C2208103E4A1B8B6E0007
071208168C2F08103B4A1B8B6A000A
0711F9168C4608103D4A1B8B4F0006
0711E2168C5F08103B4A1C8B590006
0711C4168C7E0810384A1B8B3F0006
0711A3168C920810374A1B8B3F0003
07117A168CA10810374A1B8B3C000A
071157168CAB0810344A1B8B470000
07113A168CB90810314A1C8B41000E
071125168CC408102E4A1C8B4C0006
071110168CCA08102B4A1C8B4B0008
071101168CCF0810294A1D8B3E000B
0710F4168CD10810254A1C8B3E0004
0710E9168CD30810224A1C8B490000
0710E2168CDB08101E4A1C8B350008
0710DC168CE208101E4A1D8B3F0006
0710D4168CE508101A4A1D8B490008
0710CF168CE60810164A1D8B500012
0710CA168CEC0810124A1D8B490007
0710C3168CF00810114A1D8B530006
0710BF168CF008100D4A1D8B550005
0710B9168CF408100A4A1D8B5C0002
0710B7168CF30810074A1D8B54000C
0710B3168CF70810034A1E8B59000A
0710AF168CF40810014A1D8B4F0002
0710B0168CF3080FFD4A1D8B5A0007
0710AE168CF7080FF84A1D8B4C0008
0710AD168CFB080FF74A1D8B540007
0710AB168CFE080FF44A1D8B500006
0710A9168CFE080FEE4A1E8B520004
0710A6168CFE080FEA4A1F8B5C0003
0710A4168CFE080FE94A1E8B4F0007
0710A1168D01080FE34A1F8B4B0006
0710A2168CFB080FE34A1F8B45000A
0710A2168CFE080FDF4A1F8B3A0008
0710A2168CFE080FD94A1F8B260004
0710A5168CFE080FD64A1F8B230005
0710A5168D05080FD64A1F8B190008
0710A3168D0D080FD24A208B20000A
07109F168D16080FCE4A218B260007
071096168D18080FCC4A218B3D0010
071090168D24080FC84A228B360008
071088168D2D080FC54A228B350005
071080168D35080FC14A228B430005
071077168D3F080FBE4A238B390004
07106B168D47080FBB4A238B410009
071061168D4A080FB74A238B3C0006
07105B168D51080FB34A248B3A0008
071056168D57080FB04A248B4C0008
07104F168D59080FAE4A248B540008
071049168D62080FAC4A258B600009
071042168D67080FA74A258B550008
07103E168D69080FA44A268B3A0006
071036168D69080FA24A268B31000A
071033168D6E080F9F4A268B1A0005
07102D168D73080F9C4A278B120007
07102B168D7D080F9A4A278AFD000B
071027168D88080F984A278AFB0005
07101E168D8B080F944A278AFA0006
071017168D99080F924A278AF70006
07100D168DA5080F904A278B050004
071004168DAE080F904A278AFF0005
070FFA168DB8080F8C4A288AF30003
070FEB168DC2080F8A4A288AFD0007
070FDC168DC9080F894A288AFB0003
070FD3168DD7080F864A288AF80006
070FCA168DDE080F834A278B020008
070FBB168DE9080F804A288B13000C
070FAF168DF6080F814A288B160005
070FA4168E06080F7D4A278B1A0006
070F95168E15080F7B4A278B130006
070F82168E20080F7B4A278B080007
070F71168E2A080F7B4A278B060007
070F62168E30080F784A278B000005
070F53168E3D080F774A278AFA0007
070F45168E45080F774A278AF30008
070F39168E4B080F764A278AE50009
070F30168E50080F744A278ADF0004
070F25168E52080F744A278ADB0006
070F1D168E61080F754A268ADE000A
070F11168E72080F744A268AEF0003
070F08168E7E080F724A268AF10009
070EFD168E83080F734A278B050004
070EEF168E97080F6F4A278B060006
070EDC168EA2080F704A278B1C000A
070ECE168EAD080F6F4A288B2C0007
070EC1168EBE080F6A4A288B340004
070EB1168EC6080F664A278B3E0008
070EA7168ECC080F644A288B450002
070E9B168ED2080F614A278B480003
070E92168ED5080F5B4A288B5C000B
070E8B168ED6080F564A298B55000A
070E84168ED8080F554A298B660006
070E80168EE7080F4F4A298B620006
070E7A168EF9080F4A4A298B6A0009
070E6B168F0D080F454A2A8B6C0008
070E59168F1D080F414A2B8B740000
070E48168F30080F3B4A2A8B6E0008
070E35168F41080F374A2A8B7C0009
070E22168F50080F314A2A8B6E000F
070E0F168F59080F2E4A2A8B640008
070E02168F65080F284A298B5D0006
070DF2168F74080F224A298B410008
070DE1168F7F080F1D4A2B8B3B0007
070DD0168F8D080F194A2A8B3C0008
070DC2168F9C080F134A2B8B3A000A
070DB1168FA8080F104A2B8B420006
070DA3168FAF080F0B4A2A8B440003
070D91168FBC080F054A2B8B360009
070D85168FC7080EFF4A2B8B360003
070D76168FD5080EFB4A2A8B2D0006
070D67168FD8080EF54A2B8B290009
070D5B168FE0080EF14A2B8B3C0004
070D53168FEA080EEF4A2C8B410000
070D49168FF7080EEA4A2B8B470003
070D3D16900C080EE74A2C8B4D0006
070D2F169021080EE24A2D8B5B0006
070D1B169034080EDF4A2E8B5A0008
070D07169043080EDE4A2E8B5D000A
070CF4169054080ED94A2D8B650004
070CDB169062080ED84A2E8B65000C
070CC5169063080ED44A2E8B6E0005
070CB6169069080ED04A2E8B700007
070CAE169077080ECF4A2E8B6D0009
070CA4169092080EC94A2E8B650001
070C941690C6080EC74A2E8B640008
070C741690FE080EC44A2F8B56000C
070C4616912E080EC24A2F8B670004
070C0D169159080EC14A308B610006
070BD1169181080EBF4A2F8B730008
070B9616919C080EBE4A2F8B75000A
070B651691B0080EBC4A2F8B6B0007
070B441691C2080EBA4A2E8B590009
070B251691CD080EB94A2E8B4B0009
070B0A1691CC080EB94A2E8B3D0003
070AF81691C2080EB74A2E8B470007
070AF11691B4080EB84A2E8B50000C
070AF7169192080EB74A2F8B560008
070B07169176080EB64A2F8B6D0008
070B23169165080EB84A308B690006
070B3F169159080EB74A308B720006
070B5916913F080EB74A308B790000
070B7316911F080EB54A318B760009
070B911690FD080EB64A318B870002
070BB51690DB080EB64A318B740001
070BDA1690BA080EB64A318B69000C
070C0116909D080EB64A328B730001
070C2916908A080EB74A328B720005
070C4C16907A080EB64A328B6F0003
070C65169075080EB84A328B760007
070C7B169081080EBB4A338B74000A
070C8416908F080EB94A338B730006
070C7E169095080EBD4A338B650006
070C7216908F080EBD4A338B610008
070C6B169083080EBF4A348B5B0001
070C6D169085080EC04A338B5D000A
070C72169092080EC44A338B720007
070C7016909D080EC34A338B780000
070C681690A7080EC74A338B750008
070C5D1690BF080EC84A338B7B0003
070C4D1690E5080EC94A338B6F000A
070C3216911B080ECA4A338B5F0008
070C0A169146080ECB4A348B4E0008
070BD5169160080ECC4A348B3A0006
070BA4169173080ECF4A358B3F0008
070B7B169160080ECF4A358B3C0009
070B6316912E080ED04A358B3C0003
070B6C1690F3080ED04A358B460006
070B8F1690C8080ED34A358B44000A
070BC51690B5080ED44A358B47000A
070BF31690DA080ED64A358B4D0008
070C0A16912E080ED64A358B590007
070BEC16917D080ED74A368B540008
070BA81691BB080ED84A358B5B0000
070B5A1691F9080EDA4A358B5E0005
070B0816922B080EDB4A368B610009
070ABE169250080EDB4A368B69000A
070A76169265080EDD4A368B740005
070A4016925D080EDF4A378B880001
070A21169239080EE04A368B8C0005
070A1F16920E080EE14A368B840008
070A3B1691EF080EE24A368B770006
070A601691D4080EE14A378B570008
070A8B1691C9080EE24A378B510008
070AAD1691C9080EE44A378B4B0004
070AC41691DA080EE24A378B430004
070AC8169215080EE44A378B5B0009
070AAF169283080EE34A388B690006
070A6D1692F2080EE34A388B6E0008
070A0B169330080EE44A388B6C0007
07099C16933E080EE64A388B740006
07094316934D080EE64A388B8E0008
07090A169383080EE74A388B7E0005
0708DE1693C1080EE54A388BA20007
0708A41693E7080EE74A388B9F0009
0708621693E3080EE74A388B9B0006
0708331693CF080EE84A398B9A0005
0708201693C1080EE84A398BA60007
0708281693A7080EE64A398BAD0006
07083E169378080EE74A398BA70001
07085E169350080EE44A398BC00005
07088C169329080EE54A398BB00004
0708BD169300080EE64A3A8BB80008
0708EF1692DD080EE64A398BB40004
0709241692DA080EE54A398BB50008
07094E16930F080EE54A3A8BB50005
070951169367080EE54A3A8BB10008
0709171693BA080EE64A3A8BB8000A
0708BD169402080EE74A3A8BB50007
070862169444080EE64A3B8BC50004
070806169476080EE84A3C8BC70008
0707B416949A080EE84A3C8BC20003
0707721694B4080EE84A3C8BC60004
07073D1694CE080EE84A3C8BC8000A
0707131694E3080EE74A3C8BDB0007
0706F11694F1080EE84A3C8BE20003
0706D61694FF080EE64A3C8BEE0005
0706C216950E080EE74A3C8BF80009
0706B0169513080EE64A3C8BF40007
0706A2169516080EE84A3C8BED0002
070691169521080EE84A3C8BEF0007
07068A169525080EE64A3B8BE40008
070682169528080EE74A3B8BE40006
07067E16952B080EE84A3B8BDF0002
07067A16952F080EE74A3B8BD30003
07067816952F080EE84A3A8BE60006
07067316952F080EE74A3A8BCC0001
07066F169533080EE94A3A8BE60005
070670169532080EE74A398BE40008
07067216952F080EE54A398BE40006
07067416952F080EE54A3A8BEE0007
07067516952F080EE44A3A8BEE0006
07067616952F080EE54A3A8BF90005
07067716952B080EE54A3A8BF7000A
070679169528080EE44A3A8BF60009
07067E169528080EE54A3A8BFE0008
070680169528080EE34A3A8BEA0001
070684169525080EE34A3B8BEF0008
070688169521080EE44A3B8BEF0008
07068C16951D080EE74A3B8BE4000A
07069016951E080EE54A3B8BCB0001
070694169519080EE64A3C8BCA0006
07069C169513080EE74A3C8BBE0006
0706A016950B080EE74A3C8BB40006
0706A8169509080EE84A3C8BB00007
0706B11694FF080EE74A3C8BB20008
0706BA1694F9080EE94A3C8BAA0004
0706C31694EA080EEA4A3D8B9D0006
0706CE1694DC080EEA4A3D8B990006
0706DD1694CB080EEB4A3D8B9F000A
0706EF1694B9080EEC4A3C8B99000C
0707041694A2080EEC4A3D8B9B0008
07071F169482080EEA4A3D8B9D0006
07073B169460080EE84A3D8BA10006
07075D169441080EE84A3E8B9D000C
07078A169423080EE84A3E8B9F0006
0707B5169402080EE54A3E8B9E0008
0707DF1693E0080EE64A3E8BAA0006
07080B1693C8080EE34A3E8BA40009
0708311693A9080EDF4A3E8BB20009
070858169392080EDB4A3F8BA20009
070880169378080ED54A408BA10003
0708A5169366080ECF4A418B900006
0708C7169356080ECA4A418B8C0008
0708E5169345080EC44A418B8E000B
0708FC169337080EBE4A418B98000B
070912169329080EB74A428B7F0006
07092716931E080EB04A428B9C000D
070938169314080EAC4A428B860006
07094716930A080EA64A428BA00008
070954169301080EA14A428BAC0008
0709631692FC080E9C4A438BB90005
07096F1692F2080E984A438BC80008
0709791692EB080E944A438BCC0006
0709821692E7080E8E4A438BD20006
07098B1692E0080E894A438BDA000A
0709931692DD080E854A438BE70008
0709991692D9080E834A428BF00006
07099D1692DD080E7F4A428BE10001
07099F1692DD080E7B4A438BF00005
07099F1692E7080E794A438BD70007
0709991692EB080E734A438BD50001
0709931692F5080E6F4A438BE70001
070988169303080E6C4A448BE90006
07097B16930F080E664A448BE20006
07096F16931F080E654A448BDF0000
07095C16932C080E604A448BDA0008
070948169345080E5C4A448BD40006
07093016935B080E544A448BD30006
07091316936E080E4D4A438BD30004
0708F8169378080E444A448BC90006
0708DE16937C080E3B4A448BD00002
0708CC16937F080E344A458BC80006
0708BE169383080E2E4A458BDD000A
0708B4169386080E274A458BE10004
0708AC16938A080E234A458BE30003
0708A61693A5080E1F4A458BF00003
07089A1693C1080E1D4A468BE20006
07087E1693E5080E1A4A458BE70000
070859169409080E184A458BDF0007
07082F16942A080E154A468BDF0002
07080416944B080E134A478BCD000A
0707D9169467080E0C4A478BCB0007
0707A816947D080E074A478BC20005
07077F16949A080E014A488BC60005
0707591694AC080DFC4A488BCE0008
07073C1694B9080DF94A488BD0000B
0707211694C2080DF34A488BC1000B
07070D1694CB080DEB4A488BD0000C
0707001694C7080DE74A498BC3000B
0706F71694C6080DE04A488BBF0009
0706F21694CE080DDC4A498BB20003
0706EE1694D4080DD44A498BBC0007
0706EA1694D9080DD14A498BAA000A
0706E51694E3080DCC4A498BBB0008
0706DB1694F1080DC94A4A8BC40005
0706CC1694FB080DC84A498BC9000D
0706BC1694FC080DC64A498BC80006
0706B21694F8080DC04A4A8BBF000B
0706AC1694F1080DC04A4A8BD10006
0706AD1694F1080DBB4A4A8BC40009
0706B01694F1080DBD4A4A8BC10003
0706B21694EE080DB74A4B8BD40006
0706B41694F4080DB84A4B8BD0000E
0706B31694FC080DB34A4B8BD00002
0706AE169502080DAF4A4B8BD20006
0706A816950B080DAC4A4B8BDB0002
0706A0169517080DA94A4B8BE30003
07069416952F080DA74A4B8BD00003
070681169548080DA34A4C8BE80004
07066116955C080D9D4A4C8BF30002
070643169574080D974A4C8BEE0007
07062616957B080D914A4D8BF60003
07060B169585080D8B4A4D8BFB0003
0705FA16958D080D874A4C8BFD0008
0705EB169596080D814A4D8BEC0001
0705DD16959F080D7D4A4C8BE20008
0705D11695AF080D794A4D8BDE0008
0705C51695BC080D774A4D8BEC0006
0705B21695D5080D734A4D8BDB000D
07059F1695E6080D704A4D8BDD0005
0705841695FA080D6D4A4E8BE20006
070569169608080D6A4A4E8BDB0010
07054E169617080D664A4D8BD30002
07053C169621080D644A4E8BD90008
07052916962E080D614A4E8BC80009
070518169638080D5C4A4E8BD70006
070505169640080D594A4E8BDE0002
0704F516963F080D534A4E8BE10008
0704EC169640080D4F4A4E8BE5000C
0704EA169639080D484A4F8BF00005
0704EB169631080D424A4E8BE30008
0704F316962B080D3E4A4F8BD90000
0704FC169634080D384A4E8BDF0005
0704FB169635080D364A4E8BD90009
0704F9169631080D314A4E8BE20006
0704F9169621080D2A4A4E8BE2000A
0704FE16960C080D264A4E8BEB0003
07050E1695EF080D224A4E8BE60004
0705271695C7080D1E4A4E8BF30008
07054C1695A3080D1C4A4E8BF10008
07057B16957B080D174A4E8BF20003
0705AE16955C080D134A4D8BF3000C
0705E1169545080D104A4E8BFB0007
07060C169536080D0A4A4E8BED0005
07063216952B080D064A4E8BED0005
07064A16952B080D034A4E8BEC000A
07065716952B080CFE4A4F8BDE000E
07065E16952F080CFB4A4E8BED0007
07065F16953D080CF64A4F8BEA0002
070657169553080CF24A508BE50008
07064616956A080CEE4A508BFC0001
07062A16957F080CEB4A508BFB000B
07060D169593080CE54A518BF70008
0705F11695AF080CE24A508BF20001
0705D11695D2080CDF4A518BFD0007
0705A9169602080CDB4A518BFE0006
07057C16964A080CD84A518BE60002
0705391696AB080CD54A518BE60007
0704DA16971D080CD04A518BD30004
070468169789080CCC4A528BCF0003
0703EE1697DE080CCA4A538BD10008
07036916981A080CC64A528BDE0006
0702EE16983F080CC14A538BEC0009
07029B169851080CBE4A548BF40008
07025E16985B080CBA4A548C00000F
070233169851080CB74A538C020003
070223169825080CB44A538BFB0003
0702301697EC080CB14A548C140006
07025B1697B8080CAE4A548C150008
07029716978C080CAB4A548C0F000A
0702D4169762080CA74A548C1C0008
07030E169732080CA54A558C220004
07034C1696FA080CA04A558C0D000A
07038E1696C5080C9C4A558C0B0009
0703D316969D080C9A4A568C060007
070416169685080C984A568C02000A
07045016967D080C944A568C0A0001
070473169681080C944A568C090008
070484169684080C934A558C150005
07048716967E080C8E4A558C110006
07048C169670080C8C4A568C1E000A
070495169663080C8A4A578C1E000B
0704A216965B080C884A568C1C0004
0704AF169660080C854A578C1D0003
0704B5169674080C824A578C260003
0704B116968B080C7F4A588C240009
07049A1696AB080C7C4A588C270006
07047E1696D4080C7B4A578C2C0005
07045A1696FF080C794A578C220008
07042A16972B080C764A578C290003
0703EF169761080C734A568C2C0005
0703B316978C080C714A568C440008
0703741697C6080C704A568C310007
070332169805080C6C4A578C290001
0702E816983F080C6B4A588C1C0006
0702A0169867080C6A4A588C370007
07025516988B080C684A578C430009
0702121698B1080C654A578C4B0008
0701D61698DF080C674A588C520008
07019D16990B080C654A588C5C0009
07016516994F080C624A598C550008
0701211699C3080C614A598C4F0007
0700BA169A50080C604A598C500009
070036169AF5080C5E4A5A8C470004
06FF87169B81080C5C4A5A8C530005
06FEB9169BEC080C5A4A5B8C500008
06FDFC169C46080C5A4A5B8C500007
06FD5A169C81080C5B4A5B8C5E0007
06FCD4169CAC080C594A5B8C690005
06FC79169CCA080C534A5B8C780006
06FC3A169CD4080C544A5B8C71000B
06FC17169CCD080C534A5B8C6E000A
06FC06169CC0080C524A5B8C670007
06FC03169CB0080C534A5A8C6C0004
06FC11169CA0080C514A5B8C710006
06FC23169CA0080C524A5A8C710004
06FC30169CAC080C514A5A8C710009
06FC34169CC0080C4F4A5A8C650008
06FC2D169CC9080C4C4A5B8C770007
06FC22169CD1080C4B4A5B8C630006
06FC17169CE2080C4C4A5B8C4C0000
06FC09169D1D080C4B4A5B8C410003
06FBE2169DE9080C484A5C8C330008
06FB75169F51080C434A5B8C320002
06FA9216A0B0080C444A5C8C230008
06F91C16A1EC080C414A5C8C220008
06F75A16A2B4080C3E4A5C8C1B0008
06F5DB16A37B080C3D4A5D8C280009
06F4A016A444080C394A5C8C2B0006
06F36E16A511080C344A5D8C3A0005
06F23A16A5B4080C334A5D8C440008
06F12816A631080C354A5E8C51000A
06F06616A68C080C2F4A5E8C600006
06EFB416A6CA080C2C4A5E8C6C0004
06EF2116A6FE080C2C4A5E8C650001
06EEA816A729080C294A5E8C780005
06EE3B16A75C080C244A5E8C780006
06EDCE16A78F080C224A5E8C75000C
06ED7116A7C8080C214A5E8C7E0003
06ED2216A7FF080C1B4A5F8C77000B
06ECDF16A83B080C194A5F8C760000
06EC9A16A86B080C154A5E8C710003
06EC5316A895080C104A5F8C690005
06EC1C16A8A4080C0E4A5F8C59000A
06EBEC16A89C080C084A5F8C5C0006
06EBD316A88A080C054A5F8C550002
06EBCC16A87C080BFF4A5F8C560008
06EBD116A864080BFD4A608C470006
06EBE416A84F080BF84A608C3F0003
06EBFA16A83E080BF54A608C3B000C
06EC0E16A837080BF14A608C2F0006
06EC1216A83E080BEC4A5F8C280003
06EC0716A85B080BE84A608C220003
06EBDD16A883080BE44A608C22000D
06EBA716A8AD080BE24A608C2F0003
06EB5716A8C9080BDA4A5F8C390005
06EAFF16A8C9080BD84A608C3F0009
06EAB616A8C6080BD34A608C420003
06EA8B16A8BE080BCF4A608C40000B
06EA6F16A8C6080BCA4A618C4B000A
06EA5F16A8D7080BC34A628C410008
06EA4716A8DF080BC14A628C4D0007
06EA2616A8F3080BBA4A628C3E0008
06EA0016A90B080BB74A618C4C0008
06E9D516A91D080BB04A618C4A0004
06E9A916A920080BAC4A618C420000
06E98716A923080BA44A628C420009
06E97416A92F080BA04A628C2D0003
06E96616A93C080B9A4A628C23000B
06E95516A951080B984A638C1B0004
06E94016A971080B8E4A638C170006
06E91916A99A080B8C4A648C1E0005
06E8E016A9C3080B884A658C1E0007
06E8A116A9F1080B824A658C2D0001
06E86316AA25080B7D4A668C2D000A
06E81C16A9FB080B784A668C1C000B
06E7D116AA8A080B724A658C240009
06E78716AABA080B6F4A658C110008
06E74616AAEF080B694A668C060004
06E70016AB15080B634A678BFB0005
06E6B816AB2A080B5C4A688C030002
06E67B16AB46080B554A688C060001
06E64816AB7B080B4E4A688C020002
06E61916ABC6080B484A698C060007
06E5DE16AC24080B434A698C08000C
06E58716AC86080B3D4A688C150006
06E51A16ACD2080B394A688C200006
06E4AA16ACF9080B304A688C290000
06E44516ACFB080B2C4A688C2E0001
06E40E16AD07080B274A688C2B0006
06E3F916AD2D080B224A688C370006
06E3E516AD65080B1E4A688C280006
06E3BB16AD8B080B1A4A688C2D0006
06E38416ADAA080B184A698C270006
06E34E16ADCC080B134A688C1E0005
06E32316ADE6080B0F4A698C1A0003
06E2F816ADF7080B084A698C120000
06E2CF16AE06080B054A698C140007
06E2AE16AE08080B014A6A8C1D0006
06E29B16AE0C080AFC4A6B8C22000E
06E29716AE0A080AF84A6C8C180003
06E29916AE0C080AF14A6C8C170006
06E29B16AE0F080AEB4A6C8C1D0002
06E29916AE15080AE54A6C8C150008
06E29416AE16080AE14A6C8C0D0003
06E28F16AE28080ADC4A6D8C060006
06E28416AE4B080AD94A6D8C150005
06E27216AE74080AD54A6D8C040003
06E25016AEAC080AD14A6E8C080002
06E21D16AEE4080ACE4A6E8BF7000A
06E1E116AF0E080AC74A6E8BEA0008
06E1A216AF3B080AC14A6E8BE20002
06E16416AF68080ABF4A6F8BE80005
06E12616AF9C080ABB4A6F8BE30008
06E0E916AFDF080AB44A6E8C000003
06E0A316B017080AB14A6E8C0A0008
06E05C16B041080AAC4A6E8C200008
06E01A16B05C080AA84A6E8C2A0008
06DFD916B078080AA24A6F8C2B0001
06DFAC16B0AF080A9E4A6F8C240006
06DF7E16B0F6080A994A6F8C2B000B
06DF4616B138080A934A6F8C2B0000
06DEF816B154080A914A6F8C2E0005
06DEAB16B141080A8D4A6E8C260003
06DE8116B123080A854A6E8C0B0001
06DE7C16B115080A814A6E8BF30000
06DE8B16B128080A7C4A6E8BD5000B
06DE9616B17A080A784A6F8BC80008
06DE7F16B214080A754A6D8BCE0001
06DE2816B2A5080A734A6D8BD40005
06DD8616B305080A6A4A6D8BE6000A
06DCC716B355080A684A6D8BDE0008
06DC4216B384080A654A6D8BED0008
06DBE016B39E080A604A6D8BEE0006
06DB9716B3BD080A5B4A6D8BF1000A
06DB5C16B3DD080A564A6E8BFB000C
06DB3616B3EE080A504A6F8C070003
06DB1616B3F2080A4B4A6E8C0D0006
06DB0816B403080A444A6E8C130008
06DAF616B43B080A3D4A6F8C21000B
06DACE16B496080A394A6F8C1F0008
06DA8516B4FB080A354A6F8C280001
06DA1E16B559080A2F4A708C390006
06D9A216B5CF080A274A708C280005
06D91B16B658080A234A708C2D0006
06D88E16B6E4080A1D4A718C1A0009
06D7EA16B745080A1A4A718C190005
06D74616B781080A134A728C0F0007
06D6BF16B79A080A0D4A738C0F0005
06D66216B79D080A044A738C040001
06D62E16B79D080A014A738C000003
06D61716B7AF0809FB4A738C020003
06D60816B7F10809F84A738C030003
06D5E916B84D0809F34A738BF30006
06D5A416B8DC0809ED4A748BE50007
06D52F16B9A30809E94A748BDF000A
06D46816BA670809E24A758BE20004
06D38D16BAAB0809DE4A768BE00006
06D2D116BA550809D84A758BE70001
06D27C16B9C90809D44A758BF00006
06D2A916B9600809CD4A758BD80003
06D31816B8F80809CB4A758BCC000A
06D3A316B89D0809C54A758BD50004
06D42D16B8530809C04A758BD10001
06D4AD16B8370809BC4A758BE90008
06D51016B8450809B64A758BF30003
06D54516B8730809B04A768BF40008
06D53B16B8E60809AB4A758BF90009
06D4ED16B9380809A74A768BF90005
06D46816B9060809A14A768C040008
06D41D16B8990809994A768C110001
06D43816B8070809944A778C0C000C
06D4A716B7430809924A768C0E0009
06D56016B6780809894A768C150005
06D64C16B5F70809854A778C170008
06D73B16B60D08097F4A778C060005
06D7D416B72008097C4A788BF90004
06D7A716B9590809784A788C080004
06D63F16BBA10809744A788C040001
06D3BC16BD7A08096E4A778C230002
06D10F16BF220809684A778C3E0006
06CE4716C1060809634A788C580003
06CBC716C31308095E4A788C850002
06C91F16C4B20809574A788C9A000B
06C65116C61F0809554A788CB40003
06C3EA16C7320809514A788CC90006
06C20D16C7F308094C4A788CDF0004
06C07B16C8550809464A788CE60007
06BF4916C88308093F4A798CF90003
06BE9816C8200809394A788CFD0006
06BE4916C7350809354A798D090006
06BE9E16C62808092F4A798CFD0003
06BF8D16C5150809294A798CEA000A
06C0E416C41F0809244A798CDE0003
06C26216C35E08091C4A798CCF0006
06C3C816C2CE0809174A798CC20007
06C4F116C2870809144A798CBD000E
06C5D716C28808090D4A798CA9000C
06C66716C2A00809094A7A8C9D0004
06C6A116C2D80809044A7A8C980005
06C69616C3260808FE4A7A8CA60009
06C65516C3960808F74A7B8C980007
06C5EC16C40A0808F14A7A8C96000B
06C56116C4960808EA4A7A8C940004
06C4C016C5AE0808E34A7B8C890008
06C3E816C7E10808E04A7B8C8E0006
06C26416CAFC0808D84A7A8CA10009
06BFD216CC9F0808D24A7A8CAC0005
06BC8B16CF660808CC4A798CB70001
06B96216D0A30808C54A7A8CD40006
06B69316D1570808BD4A7A8CE80006
06B45116D18C0808B84A7A8D0C0003
06B30316D1700808B04A7B8D010003
06B28016D11B0808AA4A7B8D27000D
06B28116D0DA0808A44A7B8D0D0003
06B2BF16D0DC08089F4A7B8D060008
06B30216D0C00808994A7B8D0E0006
06B33416D08E0808934A7B8D0A0003
06B36416D05D08088C4A7C8D030007
06B3A616D04F0808874A7C8D130006
06B3D716D0B10808854A7D8D0E0006
06B3D616D1DD08087E4A7E8D090006
06B36416D3C808087C4A7E8D0A0009
06B22916D5330808744A7F8D190001
06B05316D64308086C4A808D23000B
06AE8816D7140808684A808D4D0003
06AD1A16D7990808604A818D370008
06ABEA16D89808085B4A818D510007
06AACA16DA360808564A818D570008
06A96816DC5E08084E4A818D5A0000
06A77C16E01708084A4A808D59000A
06A4A116E4970808454A808D5A0008
06A05D16E89D0808404A818D6C0003
069BB616EB4108083B4A828D77000A
06976016ECBC08083A4A828D8E0008
06941716EC680808374A828D9F0006
06925416EC250808364A818DA40009
0691BC16CC190808354A818DA10008
06910216F0860808314A818D7D0004
068F7516F4BB08082F4A818D670005
068C9F16F9440808304A818D720001
06888E16FE7408082F4A818D7C0008
06839917046B0808314A818D950002
067DFC170B5D0808344A818DB60008
06775117110F0808304A818DD40002
066FC817157B0808314A828DEC0001
06688617194608082F4A838E0C0006
066260171BF208082F4A848E230008
065DDE171DBD08082E4A848E370002
065A7B17206608082D4A848E390002
06577F1725B508082C4A858E2C0006
06545F172D0C08082A4A858E32000D
064F9E17360308082A4A858E320006
064777173DCE08082B4A848E450006
063DD717438208082C4A848E500005
06344817474708082C4A848E540008
062D70174A6B08082A4A848E450001
06289F174D130808294A848E290003
062442174E270808254A848DFC0004
062124174EEA0808234A848DC40006
061EF6174F3E0808204A848D8F0005
061DC1174F0B08081B4A848D420001
061D51174EAF0808184A848D0C0009
061D65174DAE0808164A848CD40002
061DD8174BB10808134A848C98000E
061F0717491608080F4A838C56000E
06210517465C08080B4A838C220001
0623A91743F80808054A828BD00005
06268B1742110808024A838BAA0007
0629531740810807FE4A848B7F0008
062BC4173F4E0807F84A848B540003
062DD7173E040807F54A858B43000B
062F99173C600807F14A868B3D0006
063155173A970807EB4A868B1E0005
0633311739090807E64A878B0F0007
06351417381F0807E34A878B18000A
0636CC1737E90807DD4A888B16000A
06380517380D0807D74A888B12000C
0638B11739090807D24A888B1A0008
0638B1173AB80807CD4A888B330008
0637E1173C180807CB4A888B480009
063679173D300807C74A898B56000A
063501173E720807C34A888B6E0004
06336D173F1B0807C14A898B8E0000
06324C173E4E0807BD4A8A8BA60005
0631D31739F60807BE4A8A8BB40007
0633171732F60807B84A898BBC0004
063717172C3C0807B64A898BB40003
063D4917278A0807B24A898B9C0008
0643D41724550807AF4A898B4E000A
0649571721AF0807AB4A898B0D0007
064E13171FD10807A84A888AE40002
065211171F0A0807A04A888AD30006
0654B2171F7E08079E4A888AE10004
0655E11720CB08079A4A888AFA0007
0655DD1721F80807974A888B2B0008
0655131722D10807944A898B6C0006
0653F01723E30807934A8A8BB50003
0652B71724F10807944A898BF30003
0651851726290807924A898C1A0005
06504A1727A708078E4A898C370006
064EC217284608078D4A8A8C530007
064D6817275708078C4A8B8C700008
064CD41725B50807894A8B8C860008
064D431724970807864A8B8C8E0005
064E541723C40807854A8B8C8D0005
064F731722440807834A8C8C7B0008
0650B71720570807834A8E8C69000B
065263171E8F0807804A8F8C540002
065466171DA70807814A8F8C4D0005
065651171E640807824A908C400006
06575D17220E0807814A908C3E0003
0656B21727180807814A908C4C0007
0653A8172C0608077F4A908C730009
064EB0172F6F08077F4A908CA1000A
0649721731190807804A918CD60004
06455217322E0807824A918CF70009
0642711732D00807814A918D06000D
06409A1733290807824A918D120008
063F731733470807824A918CFD0003
063EDF1733470807814A918CF20001
063EBE1733140807824A918CD9000C
063EB71732B40807834A918CC60008
063ED61732060807844A928CB5000B
063F401732390807814A928C8B0005
063FA51735E90807814A918C6E0003
063EEA173B300807834A908C69000A
063BC61740450807824A918C740006
0637281744F90807834A918C7E0003
0631FA17494D0807854A918C980002
062C61174DB50807854A928CA70005
0626DB1751FD0807844A918CBD0005
06218E1756710807854A918CC80006
061C5F1759EA0807864A918CDC000A
061813175CAD0807864A928CF30006
06142C175EE50807884A948CF7000C
06107B17608A0807894A938CF50006
060D6B1762C908078C4A928CE10006
060B1D17656808078A4A928CD90008
06088217676F08078D4A928CBF0007
0606251768F808078E4A928CA00005
0603F8176AA108078E4A938C6B000A
0601A7176BFD08078E4A928C4D0008
05FFCE176CE708078E4A928C2E0002
05FEAC176D9C08078F4A928C0C000B
05FD9F176E2608078E4A928BF20008
05FCA3176E5F08078E4A928BCD0001
05FBDC176E7C0807914A928BAE000A
05FB54176E7B08078D4A938B930006
05FB06176E9A0807904A938B6E0001
05FAF2176EB808078F4A938B580007
05FAE7176ED40807904A928B360003
05FABB176F820807904A928B0F0008
05FA841770970807924A938AFA0003
05F9F51771890807934A938AED0008
05F8F717729E0807934A938AD80009
05F7E41773BC0807954A948ABF0008
05F6AB1774AF0807954A938A960006
05F5881775D40807974A948A750009
05F4701776970807974A958A740001
05F35F1776FE0807964A958A620008
05F27D1777880807974A968A5A0007
05F1CC1778290807974A968A570006
05F1321778E00807954A978A50000A
05F07F1779740807934A978A580005
05EFE71779E50807944A978A4E0004
05EF74177A580807934A978A57000A
05EEF2177A890807934A988A6A0003
05EE76177AB10807964A998A700005
05EE1A177AAB0807984A998A810005
05EDF6177A9C0807984A998A870005
05EDEA177A8508079A4A9A8A7F000A
05EDE6177A710807994A998A63000E
05EDE6177A6F0807994A9A8A480009
05EDFE177A7F0807994A9A8A1D0009
05EE0F177AA308079E4A9B8A230006
05EDFC177AEE08079B4A9B8A0D000A
05EDD8177B5A08079D4A9C89F20005
05EDAA177BCF08079E4A9B89DC0006
05ED31177C4908079E4A9B89CF000A
05ECAF177CA80807A04A9C89DC0001
05EC3F177D080807A34A9B89F60001
05EBBE177D770807A14A9C8A020004
05EB4C177DA80807A34A9B8A100000
05EAEC177DB00807A54A9C8A1F0008
05EAB4177D9E0807A54A9D8A1D0004
05EA9C177DBF0807A94A9D8A200004
05EA8E177E140807AC4A9D8A29000D
05EA5B177E540807AD4A9D8A360006
05EA22177E300807AE4A9D8A4A0006
05EA06177DD10807B04A9E8A4E0006
05EA27177D5E0807B14A9E8A630006
05EA7E177D430807B14A9E8A660005
05EAD6177D5A0807B24A9E8A5D0005
05EB06177D040807B34A9F8A61000A
05EB3B177C6F0807B44AA08A480008
05EB98177C2F0807B34A9F8A2C0003
05EBFF177C3A0807B14A9F8A160005
05EC42177C810807B24A9E89FF0003
05EC50177D300807B24A9F89F60005
05EC0E177DCE0807B34AA089EC0006
05EB8E177E6A0807B54A9F89FF0004
05EAEB177F220807B74AA08A1D0007
05EA34177FD60807B74AA08A1E0007
05E96A1780760807B74AA08A2A0001
05E8A01780D70807B74AA08A3A000A
05E7FD1781170807B84A9F8A430008
05E7891781300807B64AA08A490002
05E72D1781350807B64AA08A41000C
05E6FC1781420807B74A9F8A4B0006
05E6F11781440807B74A9F8A4E000B
05E6F31781540807B74A9F8A57000A
05E6F61781440807B64AA08A5F0005
05E6EF1781130807B34AA18A67000A
05E6FF17809F0807B44AA38A610007
05E73E177FD90807B04AA28A5B000B
05E7BB177EFD0807AF4AA38A5D0005
05E871177E540807AF4AA38A440002
05E942177E0A0807AE4AA48A2D0002
05E9F3177E170807AF4AA48A230004
05EA58177E630807AF4AA58A1F0007
05EA70177EB80807AE4AA68A320008
05EA4B177EE60807AC4AA58A390006
05EA12177E7B0807AA4AA58A4B0006
05EA08177D3C0807AA4AA68A400008
05EA7E177BE40807A54AA78A42000A
05EB81177A7E0807A64AA68A250003
05ECE017789B0807A34AA78A070006
05EE781776170807A44AA789EB0003
05F09517733A0807A34AA789D30008
05F34117709F0807A24AA789CC0006
05F63A176DEA0807A04AA689BE0000
05F95C176B2D0807A24AA789B30003
05FC991768C80807A44AA889B60006
05FF821765C20807A44AA889C70008
06026A17622A0807A64AA789C40007
060620175F2C0807A54AA789B80009
0609F6175CB70807A74AA789AE0009
060D3A175A9C0807A84AA789C20008
06100D17594D0807A64AA889C40000
0612721759B30807A74AA789E80003
0613E117596D0807AA4AA88A0B0008
0614971757980807A84AA98A32000C
06156C17545A0807AA4AA88A610006
0617431751250807AA4AA88A85000A
061A1E174F610807A94AA88A9E0006
061D07174F9E0807AA4AA98AB70003
061EE91750C50807AA4AAA8ACD0004
061F6917524D0807AC4AAA8AE20009
061EC21753B80807AA4AAA8AF90001
061D7A17554A0807A64AAA8B0E000A
061BDE1756860807AA4AAA8B2B0009
061A2517578D0807A94AA98B410008
0618931758370807AA4AA98B630009
0617501757CD0807AB4AAB8B790008
06169417553B0807AD4AAB8B9D000B
0617241752350807AC4AAC8BA30003
061932174ED40807AB4AAC8BA3000B
061C2D1749B40807AE4AAC8B840007
0620201743E60807B04AAC8B560005
06257D17406B0807AF4AAD8B2D0003
062AF717405D0807AF4AAD8B080007
062EEF17432B0807AE4AAD8AFD0009
062FF41746EC0807AC4AAC8B060003
062E391749EB0807AD4AAC8B1E0005
062B38174B9F0807AA4AAC8B47000A
062823174CB00807AB4AAC8B7A0002
0625B1174E920807AB4AAC8B980003
0623B21751850807A94AAC8BAE000B
06214D1755130807AA4AAD8BCA000B
061E141758540807AA4AAC8BFA0004
061A5C175B100807AC4AAD8C1E0007
0616B2175D050807AC4AAD8C4B0002
0613A5175E520807AD4AAD8C610008
061128175F1A0807AF4AAE8C760001
060F41175FA20807AC4AAE8C810005
060DED175FD90807AD4AAF8C790004
060D1B175FCF0807AF4AAF8C680005
060CC1175F970807AF4AAF8C530005
060CA9175F330807AF4AB08C350005
060CD4175EA30807AD4AB18C150008
060D3E175D820807AE4AB28BE80008
060E05175B810807AD4AB28BC90009
060F8F17595A0807AA4AB28BA60006
06116F1757820807AA4AB38B8E000A
06135E1755C80807AB4AB38B680006
0615541754100807A94AB48B560001
06175A1752C10807AA4AB48B490006
06196E1751540807AA4AB48B470004
061B29174F600807AB4AB48B450008
061D07174D610807AB4AB48B2F0004
061F15174BD40807AD4AB58B200002
06210E174AD60807AD4AB58B0B0006
0622D3174B090807AA4AB58AFC0009
0623D0174C400807AD4AB58AF50006
0623D8174D260807AC4AB58AFC0001
062340174D560807AE4AB58B0E0006
06229D174D560807AD4AB58B290005
062231174D9C0807AE4AB68B550008
0621E5174E450807AE4AB68B650007
06216B174F2C0807AD4AB58B750003
0620A717501F0807AF4AB68B890009
061FC017510B0807AC4AB78B870008
061ECA1751C30807AA4AB78B960002
061DD11752430807AA4AB88BA90001
061CF71752650807AA4AB78BC00004
061C6117522E0807A84AB78BC00006
061C201751D60807A74AB78BBE000A
061C281751970807A74AB68BB40005
061C651751930807A44AB78B960008
061CA01751C10807A64AB78B800007
061CA61751FA0807A54AB78B900003
061C8C1752440807A64AB88B760006
061C5A1753390807A64AB88B720008
061BE41755460807A64AB78B690003
061AB71757E20807A74AB88B71000A
0618CB175A4F0807A44AB88B6E0004
061654175C0D0807A44AB78B9B0006
0613C1175CC60807A24AB68BBB0004
0611B5175CA60807A24AB68BCF0009
061097175C0D0807A14AB68BD90009
061063175B580807A24AB78BD50006
0610BC175AB80807A24AB88BC70007
061151175A250807A04AB88BBB0008
0612011759AC08079F4AB88BB20006
0612B117598D0807A04AB78BB10008
061334175A0408079E4AB88B8A0008
061357175AA30807A04AB88B780007
061315175B260807A14AB98B610009
06129F175B8F0807A04AB98B57000B
061219175BBD0807A54ABA8B520002
0611A4175BF30807A64ABA8B680003
06114D175C500807A64ABB8B690002
0610F8175CA30807A64ABB8B940004
06109D175CB30807A74ABC8BA7000A
061052175C960807A84ABD8BA1000C
061039175C860807A94ABD8BAB0003
06103D175C8B0807AA4ABE8BB00006
061044175C800807AB4ABE8BAF0009
06104E175C600807AA4ABE8B9D0008
061060175C480807AC4ABF8B810005
06107C175C4A0807AA4ABF8B8B0009
061090175C750807AB4ABF8B6A0006
06108F175CA50807AE4ABF8B53000D
061078175CB40807AF4ABF8B4D0007
06105A175C870807B34ABE8B570004
061055175C530807B74ABE8B550006
06106F175C400807B84ABF8B460005
06108F175C500807BC4ABF8B3B0007
0610A0175C8E0807BC4ABF8B290004
06108E175CD80807BD4ABF8B230001
061057175D100807C04ABF8B270005
061014175D480807BF4ABE8B430008
060FD0175D7B0807BD4ABF8B530008
060F91175DA70807BF4ABE8B530004
060F5B175DBD0807BD4ABE8B4E0002
060F2D175DA00807BE4ABF8B480003
060F19175D690807BC4AC08B2E0006
060F2A175D3E0807BB4AC08B260005
060F53175D1B0807BD4AC18B21000C
060F81175D0C0807BD4AC28B270008
060FA4175D140807BD4AC28B290005
060FB6175D170807BC4AC28B2F000B
060FBB175D0C0807BE4AC28B320003
060FC0175CFA0807BE4AC28B3E0007
060FC9175CD80807BF4AC28B530003
060FDE175CAD0807BF4AC38B670006
061003175C870807C14AC48B6D0007
06102E175C710807C14AC48B6F000A
061052175C750807C14AC48B830006
061069175CA80807C04AC58B890002
061064175CEF0807C04AC58B840003
06103C175D100807BD4AC48B740003
06100B175CC20807BC4AC48B6A0003
060FFE175C120807BC4AC58B49000C
06103F175B460807B94AC58B4D000B
0610D2175AA70807BB4AC58B3E0004
061190175A640807BA4AC58B2D000C
06123C175A820807BA4AC58B20000A
061295175AD70807BA4AC58B1A0006
061298175B220807BA4AC68B0A000B
061262175B5C0807B94AC68B12000C
06121F175B9E0807B94AC68B0B0008
0611D0175BEB0807B94AC78B020006
061180175C410807B94AC78B020006
06111F175C960807B74AC78B08000A
0610C3175CC60807B74AC78B000007
061073175CA50807B64AC88AFA0006
061049175C590807B34AC98B030003
061058175C020807B44AC98AFF0002
061091175BB10807B44AC88B0C0004
0610E4175B770807B34AC98B1D000A
061137175B580807B34AC98B30000A
061178175B460807B44AC98B3E0008
0611A3175B3B0807B34ACA8B540006
0611C6175B2F0807B34ACA8B660005
0611E2175B280807B54ACA8B690005
0611F4175B220807B74ACA8B6E000A
0611FF175B1D0807B94ACB8B72000A
061207175AFC0807BB4ACB8B7F0000
061213175AB50807BA4ACB8B760007
06123D175A8D0807B94ACB8B6E0008
06126B175AA30807B94ACC8B4B000A
061281175ACC0807B94ACC8B480006
061279175AE90807B94ACC8B42000A
061260175B020807B84ACD8B3E000C
061243175B0A0807B74ACD8B47000A
06122C175AF10807B64ACE8B5F0004
061226175ABF0807B54ACE8B610006
061239175A890807B54AD08B65000C
061266175A4E0807B54AD08B670003
06129B175A2B0807B64AD18B5B0005
0612D1175A000807B84AD08B470001
0613041759D40807B64AD18B3C0008
0613361759AC0807B84AD18B3F0004
06136B17598E0807B94AD28B550005
06139A1759740807B94AD28B570004
0613BF1759620807B94AD38B5D0008
0613D91759530807BB4AD38B5E0006
0613F417593F0807BB4AD38B630007
06140A1759180807BC4AD38B630001
0614251758E00807BB4AD28B670009
06144C17589A0807B94AD28B65000D
0614841758720807B94AD28B630000
0614C117585F0807BB4AD28B590007
0614F31758330807BA4AD28B520003
0615201757B60807BA4AD28B4C0003
0615681756DC0807BC4AD28B4D0007
0615FA17559A0807BD4AD48B490003
0616F11753BC0807BD4AD38B4B0003
0618721751840807BE4AD38B4C0005
061A75174F960807BE4AD38B580005
061C8D174D9F0807C04AD48B540001
061EAA174C190807BF4AD48B550007
0620BE174AD20807C04AD48B390003
0622A81749A30807C14AD58B200006
06245B17485B0807C04AD58B20000A
0625FC17470D0807C14AD68B270008
0627871746300807C14AD68B2C0003
0628D11745A90807C34AD78B240002
0629DA1745A90807C44AD98B260004
062A761746510807C64AD88B230008
062A811746ED0807C34AD98B190006
062A151746A20807C64ADA8B270008
0629C21745720807C74ADA8B200006
062A0717438C0807C54ADB8B260005
062B301740CB0807C34ADB8B110007
062D25173D430807C34ADB8B160001
062FD91739D20807C14ADB8B100006
06332F1737650807C14ADC8B030003
0636A017367F0807BF4ADD8B090006
0639581736C10807BD4ADD8AFE0005
063AD21737650807BE4ADD8B0D0006
063B381737EC0807BE4ADD8B340001
063B071738600807BD4ADE8B53000A
063AAF1739090807BC4ADE8B730005
063A2B173A050807BD4ADE8B9A0006
063965173B9A0807C14ADF8BB70001
063834173E510807C04ADF8BE40007
06364317411A0807BE4ADF8C080007
0633911742560807BD4ADF8C2B0006
0631221741900807BF4ADF8C570004
062FEF173FB80807BB4AE08C6C0005
063025173E470807BC4AE18C570004
063137173DF20807BC4AE18C4F0008
063243173ECE0807BA4AE18C420008
0632B317403F0807B54AE18C40000A
06323B17419B0807B34AE38C420001
06312917429F0807B14AE48C600006
062FE617436D0807AE4AE48C7E0004
062EBE17443B0807AA4AE48C830000
062DA61744DF0807A84AE48C8C0005
062CB317452C0807A24AE48C8D0002
062BF717457D0807A14AE48C780002
062B5D1745F10807A04AE48C690009
062ADB17465C08079C4AE58C550007
062A571746D208079D4AE58C53000D
0629D217477008079B4AE58C49000C
0629411748480807964AE48C490001
0628901749930807924AE58C570007
062785174B9508078E4AE48C530008
0625FD174DD10807894AE58C4D0003
0623F0174FA60807854AE58C560008
0621B31750F80807814AE58C5E0000
061FAC17520408077C4AE48C6B0000
061E021752F80807774AE48C640003
061C951753CA0807734AE58C610004
061B5817546408076E4AE58C530008
061A5F1754C108076E4AE68C510006
0619A71754FC0807674AE68C440004
0619201755770807654AE68C3C0007
0618B617562E0807624AE68C350005
06182B17571308075D4AE68C14000A
06175F17584C08075B4AE68C110007
061657175A7708075A4AE78C120001
0614C9175CC60807594AE78C130002
0612C1175EB00807544AE88C260003
06107D17603A0807504AE88C170002
060E5E17616208074D4AE88C2D0004
060C9817620E08074A4AE88C200003
060B1817624F0807494AE98C1A0003
060A1D1762550807414AE98C0C0007
0609A11762700807434AEA8BFC0007
06096D1762D808073F4AEB8BDD0008
06093517635B08073D4AEB8BC20001
0608D51763AB08073B4AEB8B9B0005
0608691763740807374AEC8B900006
0608331763090807324AEC8B720003
06084A1763100807304AED8B6E0006
06087C1763BE08072C4AEF8B6F0006
06085C1764520807284AF08B610005
0607DE1765590807274AEF8B610008
0607271765FE0807244AEF8B6A0006
06065117669008071F4AEF8B6C000C
06058A17678B08071C4AEF8B7D0000
0604B31768F80807194AF08B720003
0603A7176A290807144AF18B7D0008
06024F176AC108070E4AF18B740008
060122176AE20807094AF28B680006
06005F176A960807044AF28B5A0008
0600141769FC0807034AF18B3F000A
0600451769660806FE4AF28B23000A
0600C21769290806F94AF28B0F0003
0601451769430806F44AF38AF80000
0601921769820806F04AF28B0D0002
0601981769640806ED4AF28B000003
06019B17690A0806E84AF28B000006
0601C31769070806E54AF28AFA000A
0601ED1769B90806E24AF38AF70001
0601C7176B5D0806DD4AF48AF60003
0600EA176D2D0806DA4AF48AF90003
05FF71176EED0806DA4AF58B0D0005
05FDD31770370806D54AF58B270003
05FC1F1770B30806D34AF58B340006
05FABB1770C80806D04AF58B310006
05F9E31771460806CD4AF58B350008
05F95C17726C0806CC4AF78B380008
05F8951773620806C84AF78B310002
05F79B1773EF0806C64AF78B270008
05F6AE1774900806C54AF88B390004
05F5E617759E0806BF4AF98B360005
05F5121776A90806BE4AF88B2E0009
05F4121777970806BB4AF88B2E0001
05F3071778550806B74AF88B180008
05F2191778E60806B34AF98AEF0002
05F1471779750806B34AF98AE20006
05F081177A460806AE4AF98ACC0008
05EFBD177B1E0806B14AF98ABE000A
05EEE3177BF60806B24AF88ABB0002
05EDED177C900806AF4AF98AB3000A
05ED17177CCF0806B04AF98AB00005
05EC83177CB20806B24AFA8A990006
05EC29177C630806B14AFA8AA10008
05EC1B177C120806AE4AFB8AAF0003
05EC48177BDD0806AB4AFB8A9D0004
05EC87177BAE0806AA4AFB8A8B0008
05ECCA177B620806A94AFC8A810004
05ED15177B390806A84AFD8A650002
05ED5C177B620806A54AFE8A4B0006
05ED7D177BDD0806A64AFF8A340004
05ED6A177C9B0806A54AFF8A350007
05ED0C177D500806A54AFF8A4A000A
05EC70177DE00806A54B008A590006
05EBBD177E910806A44B018A6C0003
05EB0F177F2D0806A54B028A7F0008
05EA55177F920806A64B038A9F0003
05E9C5177FCE0806A34B028AAE0003
05E95A177FEF0806A34B038AB3000A
05E8FC177FFB0806A14B038AAE0009
05E8B817800B0806A24B028AAE0003
05E8901780280806A04B028AAC0009
05E8741780410806A04B038A9D0006
05E8561780600806A04B028A920006
05E8321780810806A24B028A8B000C
05E8141780980806A14B028A900001
05E7F01780880806A24B038A840001
05E7E01780670806A54B038A7B0005
05E7EA1780480806A14B048A8A0006
05E80117802F0806A24B048A8E0007
05E81E1780280806A54B058A850005
05E8331780370806A24B048A760003
05E8381780760806A34B048A850002
05E8281780D40806A24B058A880006
05E7F717813E0806A04B058A880005
05E7A51781A208069F4B068A9D0000
05E73E1781F80806A34B068A990003
05E6D41782420806A34B078AAA0008
05E66C1782830806A34B078AAF0006
05E6111782AF0806A54B088AAD0001
05E5C41782CE0806A54B088AAA0009
05E58A1782E30806A64B088AA20006
05E5661782EE0806A64B088AA70006
05E5571782F60806A64B098AAE0008
05E5451783120806A74B098AA80008
05E53617832E0806A74B0A8A96000B
05E5231783440806A74B0A8A860005
05E50C1783500806A64B0B8A8A0006
05E4FB1783610806A54B0B8A7D000A
05E4E91783730806A74B0B8A7B0005
05E4D91783810806A74B0B8A8C0006
05E4C517839E0806A54B0B8A980007
05E4B71783AE0806A44B0C8A940005
05E4A61783B30806A34B0C8A990006
05E4911783B10806A34B0C8AA30008
05E4891783A80806A24B0C8A970008
05E48617839F0806A44B0D8A830009
05E48717839E0806A54B0D8A660004
05E48E1783AA0806A64B0E8A590001
05E4901783BE0806A64B0E8A4C0003
05E4871783CC0806A44B0E8A430007
05E4791783D00806A34B0E8A3F0007
05E46E1783D70806A44B0F8A3B0006
05E4641783E20806A24B0F8A4A0003
05E45A1783ED0806A14B108A4E0006
05E44F1783FE08069B4B108A3C0008
05E44017840B0806984B118A2A0009
05E4301784140806964B118A100005
05E42217841A0806954B1289FF0006
05E4181784250806934B1289F90009
05E40E1784290806924B1389EF0005
05E40217843708068D4B1489EB0004
05E3FA17843C08068A4B158A04000A
05E3F51784490806884B158A0C000B
05E3ED17844F0806854B158A1A0005
05E3E71784580806824B158A340000
05E3DE17846108067B4B158A2A0001
05E3D91784660806724B168A250003
05E3D117846508066D4B168A2E0008
05E3C91784660806694B168A290000
05E3C61784620806634B168A2F0001
05E3C717845A08065F4B178A290003
05E3CF17845B08065A4B188A23000C
05E3D417845A0806554B188A23000B
05E3D417845F0806514B198A160007
05E3D317846508064B4B198A100006
05E3CF17846908064A4B198A070008
05E3C917846D0806454B1989FF0007
05E3C417847408063F4B1A8A04000A
05E3C317847808063A4B1A8A050008
05E3BC1784820806384B1B8A060009
05E3B117848B0806334B1B8A160007
05E3AD17849108062D4B1C8A300001
05E3A61784920806274B1D8A340005
05E3A41784980806204B1D8A340001
05E39F17848E0806184B1D8A3E0008
05E39C1784860806134B1E8A4D0003
05E39E17847F08060B4B1E8A5F0008
05E3A61784780806054B1F8A5F0005
05E3B11784740806014B1F8A4D000E
05E3BA17847B0805FF4B1F8A430004
05E3BA1784830805FA4B218A3B0005
05E3B51784910805FA4B218A350006
05E3AE17849D0805FA4B228A1D0003
05E3A317849F0805F94B238A0D0008
05E39C1784A90805FB4B238A030005
05E3941784AA0806004B2489F00002
05E38D1784B10806004B2489E30008
05E3891784AC0806044B2589E10008
05E3831784AA0806074B2489DC0008
05E3841784A108060C4B2589D50008
05E38B1784940806114B2689CD0000
05E39317848B0806184B2789DA0004
05E39E17848608061C4B2789E20003
05E3A817847C0806214B2789E30001
05E3B117847108062A4B2889F80001
05E3BE17846D0806374B2889F20000
05E3C71784690806434B278A070006
05E3CE1784700806524B288A260003
05E3D217847108065C4B288A38000A
05E3D417847408066C4B288A4A0005
05E3D217847B08067D4B288A4F0004
05E3D017848308068A4B288A560006
05E3CB1784860806974B298A530008
05E3C517848B0806A54B298A4A0008
05E3C217848D0806B44B2A8A450003
05E3BE17848E0806BE4B2A8A470006
05E3BA17848D0806CA4B2A8A520003
05E3BC17847F0806D64B2A8A590001
05E3C31784660806E04B2A8A75000C
05E3D217843C0806E44B2B8A7C0004
05E3EE1784170806E94B2A8A74000A
05E4171784070806E94B2B8A6B0005
05E43B1784090806E74B2C8A630005
05E44E17841E0806E14B2C8A5F0002
05E44F1784340806D94B2C8A6A000C
05E4431784420806D44B2D8A770008
05E4321784520806C84B2E8A630003
05E41E1784620806C24B2F8A57000A
05E4091784740806BA4B2F8A370003
05E3F717847B0806B24B308A280009
05E3E61784830806AC4B308A050009
05E3DA1784820806A84B3089F70003
05E3D117847F0806A24B3189F80008
05E3CF17847F08069C4B328A010005
05E3CD17847F0806984B3289FA0010
05E3CB1784860806954B338A1A0004
05E3C817848B08068F4B348A250004
05E3C517849108068B4B348A3A0005
05E3C41784920806864B348A580008
05E3BD1784940806824B348A5B000A
05E3B917848B0806804B358A670007
05E3B91784820806784B358A6B000E
05E3BB17847C0806744B358A710001
05E3C017847408066F4B358A750009
05E3C917846D0806694B358A7C0002
05E3D21784660806624B368A7F000B
05E3DB17846108065E4B368A800006
05E3E317845F0806564B378A8F0009
05E3E91784690806504B378A870003
05E3EB17846D0806494B378A900008
05E3E617846D0806424B388A8C000C
05E3E017847108063F4B388A8A0008
05E3DC17847408063A4B388A990006
05E3D91784740806364B398A980003
05E3D61784740806334B398A960004
05E3D617846508062F4B3A8A900006
05E3D717845408062C4B3A8A800006
05E3E117843C0806214B3B8A810008
05E3F517841E08061C4B3C8A6E0008
05E40F17840B0806184B3C8A5F000A
05E42B1783FE08060F4B3D8A6A0004
05E43F1783FC0806084B3E8A630004
05E44F1784020806004B3E8A760006
05E4531784130805F84B3E8A730006
05E44E1784220805EE4B3E8A75000A
05E4431784340805E74B3E8A790003
05E4321784420805DE4B3E8A610003
05E41F1784520805D84B3F8A520008
05E40C17845F0805D14B3F8A3E0006
05E3FB17846D0805CA4B408A470006
05E3E91784780805C34B408A490001
05E3DA1784780805BA4B418A5D0008
05E3D01784660805B44B418A6B000A
05E3D21784430805AA4B418A800001
05E3E017841B0805A64B418A880000
05E4011783ED08059F4B418A7D0004
05E4291783C90805984B418A780006
05E4561783AE08058F4B418A730002
05E47B1783960805864B428A760006
05E49E17838408057B4B438A720006
05E4BA17837A0805764B438A7D0008
05E4CE17837508056D4B438A7C0009
05E4DC17837A0805664B448A840005
05E4E317838108055E4B448A750008
05E4E017838C0805544B458A640007
05E4D917838C08054C4B468A540008
05E4CE1783500805474B468A4A0005
05E4E11782A70805444B468A340006
05E52A17819A0805424B468A20000B
05E5C217809D0805444B468A050004
05E69A177FEC0805444B4789DA000A
05E797177F800805444B4789B40005
05E874177F2908053F4B4789A90003
05E91A177EEE08053B4B4889B60008
05E993177EC10805364B4889C00003
05E9EB177E9F0805314B4889E00007
05EA28177E7D08052F4B4989F90003
05EA61177E6D0805304B498A050009
05EA8C177E6B0805314B4A8A200007
05EAA0177EAA0805374B4A8A320006
05EA92177F2608053D4B4A8A410006
05EA4E177FAB0805424B498A390008
05E9E217800D0805494B4A8A370004
05E96C17805D08054F4B4B8A340008
05E8F71780AE0805504B4B8A270007
05E88E1780F70805534B4C8A250000
05E8311781350805524B4C8A2E0004
05E7D917816208054F4B4D8A2D000E
05E79117818408054C4B4D8A4A0008
05E75B1781970805484B4E8A6B0002
05E7301781A90805464B4E8A880004
05E7121781B40805484B4F8A930008
05E6FA1781C308054F4B4F8A850005
05E6E81781BF0805524B508A73000A
05E6DD1781960805554B508A72000A
05E6E917812C0805564B518A7D0006
05E71C1780AB0805574B518A910003
05E77917801D0805594B528A9F000A
05E7FD177F7808055B4B518AA00003
05E89E177E940805584B518AA60003
05E95B177D990805584B528A950007
05EA35177CCC0805564B538A980003
05EB24177C0A0805554B538A890003
05EC1C177B4E0805544B538A870002
05ED13177AAB08055A4B538A910001
05EDF2177A2A08055D4B538A8A0002
05EEB11779A20805604B538A870004
05EF521779440805644B548A840008
05EFE117793B0805644B548A880003
05F04F1779960805664B548A7D0004
05F067177A150805644B548A8F0000
05F027177A670805674B558AA20007
05EFBE177AE70805664B558AB30003
05EF4C177BC60805654B568AC20005
05EEA6177CDE0805674B578AC70006
05EDBE177DA50805674B588ADD000C
05ECB9177E0D08056C4B588AE40001
05EBD1177E1C08056F4B588AF80006
05EB44177E220805754B598AED0004
05EB01177E5408057D4B5A8AE90002
05EAD4177EB10805824B5A8AE00006
05EA97177F650805854B5A8AE90008
05EA2B17804F08058B4B5B8AEF0007
05E97217813D08058D4B5B8AEF0007
05E88F1781ED08058F4B5C8AE90009
05E7A717826008058A4B5D8AF10000
05E6E01782B20805794B5D8AEA0004
05E6481782EB08056B4B5E8AD00004
05E5D917831908055F4B5E8AE20000
05E58717834C0805534B5F8AC3000C
05E54217837308054D4B5F8AA5000C
05E5101783840805484B5F8A930009
05E4E817837D0805454B5F8A8D0004
05E4D91783630805424B5F8A930000
05E4DC17834408053C4B608A930004
05E4ED17832B0805334B608A9B0008
05E5041783320805284B608A9C000A
05E51317835B0805244B618A980003
05E50B1783960805244B618AA20006
05E4EA1783DE08052A4B628AAA0000
05E4B117841E0805304B628ABC000A
05E4731784580805374B638AAF000C
05E43217847C08053C4B638AAB000A
05E3FE1784910805404B648A990006
05E3D91784A50805434B648A9C000A
05E3B91784AD0805474B658AA20003
05E39F1784BF08054A4B658AAC0006
05E38A1784D108054B4B668AC2000A
05E3721784E808054D4B678AC00006
05E35D17850008054C4B678AC80007
05E34A17850E0805494B688AC1000A
05E33317851908054A4B688ABD0008
05E3231785200805414B698AAF0003
05E31C17852708053A4B698AAC0003
05E3141785330805344B6A8AA20008
05E30617853908052D4B6A8AA40005
05E2FB1785420805204B6A8AA50007
05E2ED17854B0805144B6A8AA90009
05E2E617854A0805084B6C8AA60006
05E2DE17854E0804FC4B6C8AC00008
05E2D81785550804F34B6D8ABE000A
05E2D31785550804FC4B6D8AAE000A
05E2D017855C0804FB4B6D8AA20002
05E2CD1785600804F44B6D8A820002
05E2CA1785640804EC4B6D8A73000A
05E2C317856B0804E34B6E8A550001
05E2BD1785760804DF4B6F8A5B0001
05E2B61785820804DE4B6F8A590004
05E2AD17858B0804E04B708A730002
05E2A11785910804E04B708A950008
05E29A1785960804DF4B708AA10000
05E2961785980804E04B718AC10000
05E2901785960804DF4B728AC30003
05E28F1785A40804E14B728AD20002
05E2881785BD0804DE4B738AD30000
05E2781785D80804DF4B738AD70003
05E2611785E40804E04B738AC50006
05E24D1785E70804E04B738AB50004
05E23E1785E40804DE4B748A8D0008
05E2331785E30804E04B758A6A0005
05E22A1785DD0804DF4B758A3D0003
05E2271785D40804DF4B758A140003
05E2271785BA0804E04B7689D90007
05E22A1785BA0804DF4B768982000A
05E2351785B60804E04B7788F00006
05E2471785AB0804DF4B7788160006
05E2521785A00804DF4B78872F000C
05E25D17858F0804DE4B78863C000A
05E26417857E0804DD4B7885530000
05E2691785760804DD4B7884670005
05E26C1785770804DF4B7883750000
05E2721785670804E04B798282000A
05E2821785550804E14B7981840008
05E28C1785520804DF4B7A809B0000
05E2971785600804DF4B7A7FAD0001
05E29E17856E0804DE4B7A7EC20001
05E2A01785600804DF4B7B7DF90003
05E2961785390804DC4B7C7D280004
05E2951785370804DF4B7C7C8B0003
05E2AE17853C0804DF4B7C7C320003
05E2CB17853B0804DE4B7C7C0E000A
05E2DA1785320804DE4B7C7C210002
05E2E31785240804DE4B7D7C270000
05E2E817851C0804DC4B7D7C560007
05E2F317850E0804DF4B7D7C940003
05E2FD1785000804DD4B7E7CFD000C
05E3021785060804DE4B7E7D500006
05E3061785110804DF4B7E7D6E0002
05E3051785150804DE4B7F7D6E0008
05E30417850A0804DE4B7F7D800000
05E3021785020804DD4B7F7D9C000C
05E2FB1784F50804DE4B807DD60001
05E2F41784EA0804DE4B807DED0000
05E2F71784E40804DF4B807E0D000A
05E3091784DC0804DE4B817DF40008
05E31A1784D20804DF4B817DC30003
05E3241784C60804DF4B817DA00006
05E32C1784C70804E04B827D870007
05E3331784CD0804E04B827D6B0003
05E3341784D50804DD4B837D290000
05E32A1784CA0804DE4B847CFB0004
05E3241784B80804DF4B847CC40000
05E31A1784AD0804DD4B847C8D0002
